tag,arm,step,cum_modes,cum_reactions,reactions_added,reward,source_hub,smiles
rxnflow_clpp,best_candidate,1,1,3,3,-10.5,N=C(N)NCCCC(NCc1ccc(C(F)(F)F)cc1F)C1=NC(C(=O)O)Cc2ccc([N+](=O)[O-])cc21,CC(NC(=O)C1Cc2ccc([N+](=O)[O-])cc2C(C(CCCNC(=N)N)NCc2ccc(C(F)(F)F)cc2F)=N1)c1ccccc1
rxnflow_clpp,best_candidate,2,2,6,3,-10.4,Nc1nc(N(C(=O)NCCc2c[nH]c3ccc(O)cc23)C(C(=O)O)c2ccccc2)nc2[nH]cnc12,Nc1nc(N(C(=O)NCCc2c[nH]c3ccc(O)cc23)C(c2ccccc2)c2nc3cc(F)c(F)cc3o2)nc2[nH]cnc12
rxnflow_clpp,best_candidate,3,3,9,3,-10.3,N=C(N)NCCCC(CN1Cc2ccccc2CC1C(=O)O)Nc1ccc(C(F)(F)F)cc1C=O,N=C(N)NCCCC(CN1Cc2ccccc2CC1c1nc2ccc(C(F)(F)F)cc2[nH]1)Nc1ccc(C(F)(F)F)cc1C=O
rxnflow_clpp,best_candidate,4,4,12,3,-10.2,Nc1nc(N(C(=O)Nc2cccc(C(F)(F)F)c2)c2ccccc2C(=O)O)nc2[nH]cnc12,Nc1nc(N(C(=O)Nc2cccc(C(F)(F)F)c2)c2ccccc2C2=NCCc3ccc(S(N)(=O)=O)cc32)nc2[nH]cnc12
rxnflow_clpp,best_candidate,5,5,15,3,-10.2,CC(NC(=O)NCCCNC(Cc1ccc(O)cc1)C(=O)O)c1ccccc1,CC(NC(=O)NCCCNC(Cc1ccc(O)cc1)c1nc2ccc(C(F)(F)F)cc2[nH]1)c1ccccc1
rxnflow_clpp,best_candidate,6,6,18,3,-10.2,O=C(O)C(CO)N(Cc1ccc(C(F)(F)F)cc1)C(=O)Nc1cccc(C(F)(F)F)c1,O=C(Nc1cccc(C(F)(F)F)c1)N(Cc1ccc(C(F)(F)F)cc1)C(CO)c1nc2ccccc2o1
rxnflow_clpp,best_candidate,7,7,21,3,-10.1,Nc1ccc(F)nc1N(C(=O)Nc1ccc(C(F)(F)F)cc1)C(CC1CCCCC1)C(=O)O,Nc1ccc(F)nc1N(C(=O)Nc1ccc(C(F)(F)F)cc1)C(CC1CCCCC1)c1nc2ccc(C(F)(F)F)cc2[nH]1
rxnflow_clpp,best_candidate,8,8,24,3,-10.1,Nc1nc(NC(C(=O)NC(C(=O)O)c2ccccc2)c2ccccc2)cs1,CC(NC(=O)Nc1nc(NC(C(=O)NC(C(=O)O)c2ccccc2)c2ccccc2)cs1)c1ccccc1
rxnflow_clpp,best_candidate,9,9,27,3,-10.1,NC(=O)CCC(Nc1nc(NC(=O)NCc2ccc(C(F)(F)F)cc2)c2nc[nH]c2n1)C(=O)O,NC(=O)CCC(Nc1nc(NC(=O)NCc2ccc(C(F)(F)F)cc2)c2nc[nH]c2n1)c1nc2cc(F)ccc2o1
rxnflow_clpp,best_candidate,10,10,30,3,-10.0,Nc1nc(N(C(=O)NCCc2c[nH]c3ccccc23)C(Cc2cccs2)C(=O)O)nc2[nH]cnc12,Nc1nc(N(C(=O)NCCc2c[nH]c3ccccc23)C(Cc2cccs2)c2nc3ccc(C(F)(F)F)cc3[nH]2)nc2[nH]cnc12
rxnflow_clpp,best_candidate,11,11,33,3,-10.0,Nc1nc(NC(C(=O)NC(Cc2c[nH]c3ccccc23)C(=O)O)c2ccccc2)nc2[nH]cnc12,O=C(O)C(Cc1c[nH]c2ccccc12)NC(=O)C(Nc1nc(NC(=O)N2CCC(O)CC2)c2nc[nH]c2n1)c1ccccc1
rxnflow_clpp,best_candidate,12,12,36,3,-10.0,Nc1nc(N(C(=O)NCc2c[nH]c3ccccc23)C(C(=O)O)c2ccccc2)nc2[nH]cnc12,Nc1nc(N(C(=O)NCc2c[nH]c3ccccc23)C(c2ccccc2)c2nc3ccc(Br)cc3[nH]2)nc2[nH]cnc12
rxnflow_clpp,best_candidate,13,13,39,3,-9.9,O=C(O)C(Cc1c[nH]c2ccccc12)N(C(=O)NCCc1ccccc1)c1nnnn1C1CC1,O=C(NCCc1ccccc1)N(c1nnnn1C1CC1)C(Cc1c[nH]c2ccccc12)c1nc2ccc(C(F)(F)F)cc2[nH]1
rxnflow_clpp,best_candidate,14,14,42,3,-9.9,Nc1cc(CNc2c(O)cccc2CN2Cc3ccccc3CC2C(=O)O)ccc1O,Nc1cc(CNc2c(O)cccc2CN2Cc3ccccc3CC2c2nc3cc(F)ccc3o2)ccc1O
rxnflow_clpp,best_candidate,15,15,45,3,-9.9,O=C(O)CCC(Nc1nc(F)ccc1NC(=O)Nc1ccnc2ccccc12)C(=O)O,O=C(Nc1ccc(F)nc1NC(CCc1nc2cccc(Br)c2[nH]1)C(=O)O)Nc1ccnc2ccccc12
rxnflow_clpp,best_candidate,16,16,48,3,-9.9,Nc1ccc(CNC2(C3=NC(C(=O)O)Cc4ccc(O)cc43)CCC2)cc1N,Nc1ccc(CNC2(C3=NC(c4nc5cc(F)ccc5o4)Cc4ccc(O)cc43)CCC2)cc1N
rxnflow_clpp,best_candidate,17,17,51,3,-9.9,Nc1nc(Nc2c(O)cccc2C2=NC(C(=O)O)Cc3ccccc32)nc2[nH]cnc12,Nc1nc(N(C(=O)Nc2cccc(C(F)(F)F)c2)c2c(O)cccc2C2=NC(C(=O)O)Cc3ccccc32)nc2[nH]cnc12
rxnflow_clpp,best_candidate,18,18,54,3,-9.9,NC(CS)CN(C(=O)Nc1cccc(C(F)(F)F)c1)c1c(O)cccc1C(=O)O,NC(CS)CN(C(=O)Nc1cccc(C(F)(F)F)c1)c1c(O)cccc1-c1nc2ccc(C(F)(F)F)cc2[nH]1
rxnflow_clpp,best_candidate,19,19,57,3,-9.8,NC(CC1CCCCC1)CN(C(=O)Nc1cccc(C(F)(F)F)c1)C1(C(=O)O)CCC1,NC(CC1CCCCC1)CN(C(=O)Nc1cccc(C(F)(F)F)c1)C1(c2nc3cc(F)ccc3o2)CCC1
rxnflow_clpp,best_candidate,20,20,60,3,-9.8,Nc1ccc(F)nc1N(C(=O)Nc1ccccc1C(=O)O)C1(C(=O)O)CCC1,CC(NC(=O)Nc1ccc(F)nc1N(C(=O)Nc1ccccc1C(=O)O)C1(C(=O)O)CCC1)c1ccccc1
rxnflow_clpp,best_candidate,21,21,63,3,-9.8,NC(=O)CCC(NCC(N)Cc1ccc(O)cc1)C1=NC(C(=O)O)Cc2ccc([N+](=O)[O-])cc21,NC(=O)CCC(NCC(N)Cc1ccc(O)cc1)C1=NC(C2=NCCc3c2[nH]c2ccccc32)Cc2ccc([N+](=O)[O-])cc21
rxnflow_clpp,best_candidate,22,22,66,3,-9.7,Nc1nc(NC(Cc2c[nH]c3ccccc23)C(=O)N2CC(=O)C2)nc2[nH]cnc12,Nc1nc(N(C(=O)NCc2ccccc2)C(Cc2c[nH]c3ccccc23)C(=O)N2CC(=O)C2)nc2[nH]cnc12
rxnflow_clpp,best_candidate,23,23,69,3,-9.7,Nc1nc(Nc2ccccc2C(=O)N2CCCC(C(=O)O)C2)nc2[nH]cnc12,Nc1nc(Nc2ccccc2C(=O)N2CCCC(C(=O)NCc3ccc(C(F)(F)F)cc3)C2)nc2[nH]cnc12
rxnflow_clpp,best_candidate,24,24,72,3,-9.7,NC(CO)CNC(Cc1c[nH]c2ccccc12)C1=NC(C(=O)O)Cc2ccccc21,NC(CO)CNC(Cc1c[nH]c2ccccc12)C1=NC(c2nc3cc(F)ccc3o2)Cc2ccccc21
rxnflow_clpp,best_candidate,25,25,75,3,-9.7,NC(=O)CC(NCC(N)Cc1ccc(O)cc1)C1=NC(C(=O)O)Cc2ccccc21,NC(=O)CC(NCC(N)Cc1ccc(O)cc1)C1=NC(c2nc3ccc(C(=O)O)cc3o2)Cc2ccccc21
rxnflow_clpp,best_candidate,26,26,78,3,-9.7,Nc1cccc(NC2(C3=NC(C(=O)O)Cc4ccccc43)CCC2)c1C(=O)O,Nc1cccc(NC2(C3=NC(C(=O)NCCc4c[nH]c5ccccc45)Cc4ccccc43)CCC2)c1C(=O)O
rxnflow_clpp,best_candidate,27,27,81,3,-9.7,N=C(N)NCCCC(N)CN(C(=O)Nc1cccc(C(F)(F)F)c1)C(Cc1c[nH]c2ccccc12)C(=O)O,N=C(N)NCCCC(N)CN(C(=O)Nc1cccc(C(F)(F)F)c1)C(Cc1c[nH]c2ccccc12)c1nc2ccc(Br)cc2[nH]1
rxnflow_clpp,best_candidate,28,28,84,3,-9.7,O=C(O)C(Cc1ccccc1)Nc1nc(Nc2ccc3ccccc3n2)c2nc[nH]c2n1,O=C(O)C1Cc2ccccc2C(C(Cc2ccccc2)Nc2nc(Nc3ccc4ccccc4n3)c3nc[nH]c3n2)=N1
rxnflow_clpp,best_candidate,29,29,87,3,-9.7,CC(O)C(N)CNC(Cc1c[nH]c2ccccc12)C1=NC(C(=O)O)Cc2ccccc21,CC(O)C(N)CNC(Cc1c[nH]c2ccccc12)C1=NC(c2nc3ccc(C(F)(F)F)cc3[nH]2)Cc2ccccc21
rxnflow_clpp,best_candidate,30,30,90,3,-9.7,N=C(N)NCCCC(C(=O)O)N(C(=O)Nc1cccc(C(F)(F)F)c1)c1nc(N)c2nc[nH]c2n1,N=C(N)NCCCC(c1nc2cc(F)ccc2o1)N(C(=O)Nc1cccc(C(F)(F)F)c1)c1nc(N)c2nc[nH]c2n1
rxnflow_clpp,best_candidate,31,31,93,3,-9.7,NC(CCCN(C(=O)NCCc1ccccc1)c1ccc([N+](=O)[O-])c2ncccc12)C(=O)O,NC(CCCN(C(=O)NCCc1ccccc1)c1ccc([N+](=O)[O-])c2ncccc12)c1nc2cc(F)ccc2o1
rxnflow_clpp,best_candidate,32,32,96,3,-9.6,CCC(C)C(C(=O)O)N(C(=O)Nc1ccc(C(F)(F)F)cc1)c1nc(N)c2nc[nH]c2n1,CCC(C)C(c1nc2cc(F)c(F)cc2o1)N(C(=O)Nc1ccc(C(F)(F)F)cc1)c1nc(N)c2nc[nH]c2n1
rxnflow_clpp,best_candidate,33,33,99,3,-9.6,Nc1cc(C(F)(F)F)ccc1NC(=O)N(Cc1cccc(O)c1N)C(Cc1c[nH]c2ccccc12)C(=O)O,Nc1cc(C(F)(F)F)ccc1NC(=O)N(Cc1cccc(O)c1N)C(Cc1c[nH]c2ccccc12)c1nc2ccc(C(F)(F)F)cc2[nH]1
rxnflow_clpp,best_candidate,34,34,102,3,-9.6,NC(Cc1c[nH]c2ccccc12)C(=O)Nc1nc(NC2(C(=O)O)CCC2)cs1,NC(Cc1c[nH]c2ccccc12)C(=O)Nc1nc(N(Cc2ccc(C(F)(F)F)cn2)C2(C(=O)O)CCC2)cs1
rxnflow_clpp,best_candidate,35,35,105,3,-9.6,CC(C)C(C(=O)O)N(C(=O)NCc1c[nH]c2ccccc12)c1nc(N)c2nc[nH]c2n1,CC(C)C(C(=O)O)N(C(=O)NCc1c[nH]c2ccccc12)c1nc(Nc2ccc3ccccc3n2)c2nc[nH]c2n1
rxnflow_clpp,best_candidate,36,36,108,3,-9.6,CCC(N)CNC(Cc1c[nH]c2ccccc12)C(=O)NCc1ccc(C(F)(F)F)cc1,CCC(N)CN(C(=O)Nc1cccc(C(F)(F)F)c1)C(Cc1c[nH]c2ccccc12)C(=O)NCc1ccc(C(F)(F)F)cc1
rxnflow_clpp,best_candidate,37,37,111,3,-9.6,COC(=O)c1cccc(CN(C(=O)NCCc2ccc(O)cc2)C2(C(=O)O)CCC2)c1,COC(=O)c1cccc(CN(C(=O)NCCc2ccc(O)cc2)C2(c3nc4cc(F)c(F)cc4o3)CCC2)c1
rxnflow_clpp,best_candidate,38,38,114,3,-9.6,O=C(O)C(CCCNC(C(=O)O)c1ccccc1)Nc1ccc2ccccc2n1,O=C(O)C(NCCCC(C(=O)O)N(c1ccc2ccccc2n1)c1ncc2[nH]ccc2n1)c1ccccc1
rxnflow_clpp,best_candidate,39,39,117,3,-9.6,N=C(N)NCCCC(NCc1ccc(O)c(N)c1)C(=O)N1Cc2ccccc2CC1C(=O)O,N=C(N)NCCCC(NCc1ccc(O)c(N)c1)C(=O)N1Cc2ccccc2CC1c1nc2ccc(C(F)(F)F)cc2[nH]1
rxnflow_clpp,best_candidate,40,40,120,3,-9.5,O=C(O)C(CCNC(Cc1c[nH]c2ccccc12)C(=O)O)NCc1ccc(F)c(C(F)(F)F)c1,O=C(O)C(CCNC(Cc1c[nH]c2ccccc12)c1nc2cc(F)c(F)cc2o1)NCc1ccc(F)c(C(F)(F)F)c1
rxnflow_clpp,best_candidate,41,41,123,3,-9.5,N=C(N)NCCCC(C(=O)O)N(c1ccc2ccccc2n1)c1nc(N)c2nc[nH]c2n1,N=C(N)NCCCC(C1=NC(C(=O)O)Cc2c1[nH]c1ccccc21)N(c1ccc2ccccc2n1)c1nc(N)c2nc[nH]c2n1
rxnflow_clpp,best_candidate,42,42,126,3,-9.5,CSCCC(NCC(Cc1ccc(O)cc1)NC(=O)c1ccc(F)c(C(F)(F)F)c1)C(=O)O,CSCCC(NCC(Cc1ccc(O)cc1)NC(=O)c1ccc(F)c(C(F)(F)F)c1)c1nc2cc(F)c(F)cc2o1
rxnflow_clpp,best_candidate,43,43,129,3,-9.5,N=C(N)NCCCC(C(=O)O)N(Cc1cccc(F)c1F)CC(N)Cc1c[nH]c2ccccc12,N=C(N)NCCCC(c1nc2cc(F)ccc2o1)N(Cc1cccc(F)c1F)CC(N)Cc1c[nH]c2ccccc12
rxnflow_clpp,best_candidate,44,44,132,3,-9.5,Nc1nc(NC(Cc2ccccc2)C(=O)NC(Cc2c[nH]c3ccccc23)C(=O)O)nc2[nH]cnc12,Nc1nc(NC(Cc2ccccc2)C(=O)NC(Cc2c[nH]c3ccccc23)c2nc3cc(Br)ccc3o2)nc2[nH]cnc12
rxnflow_clpp,best_candidate,45,45,135,3,-9.5,CC(O)C(C(=O)O)N(C(=O)NC(Cc1ccc(O)cc1)C(=O)O)c1nc(N)c2nc[nH]c2n1,CC(O)C(c1nc2ccc(C(F)(F)F)cc2[nH]1)N(C(=O)NC(Cc1ccc(O)cc1)C(=O)O)c1nc(N)c2nc[nH]c2n1
rxnflow_clpp,best_candidate,46,46,138,3,-9.5,Nc1ccc(CN(C(=O)Nc2ccc(C(F)(F)F)cc2)C(CCC(=O)O)C(=O)O)cc1O,Nc1ccc(CN(C(=O)Nc2ccc(C(F)(F)F)cc2)C(CCC(=O)O)c2nc3ccc(C(F)(F)F)cc3[nH]2)cc1O
rxnflow_clpp,best_candidate,47,47,141,3,-9.5,CCC(C)C(NCc1cccc(O)c1Nc1ccc(C(F)(F)F)cn1)C(=O)O,CCC(C)C(C(=O)O)N(Cc1cccc(O)c1Nc1ccc(C(F)(F)F)cn1)C(=O)Nc1ccc(C(F)(F)F)cc1
rxnflow_clpp,best_candidate,48,48,144,3,-9.5,N=C(N)NCCCC(N)CNC(Cc1c[nH]c2ccccc12)C(=O)Nc1cccnc1Br,N=C(N)NCCCC(CNC(Cc1c[nH]c2ccccc12)C(=O)Nc1cccnc1Br)Nc1ccc(C(F)(F)F)cn1
rxnflow_clpp,best_candidate,49,49,147,3,-9.5,Nc1c(F)cccc1CN(C(=O)Nc1ccc(C(F)(F)F)cc1)C(Cc1ccc(O)cc1)C(=O)O,Nc1c(F)cccc1CN(C(=O)Nc1ccc(C(F)(F)F)cc1)C(Cc1ccc(O)cc1)c1nc2ccc(C(=O)O)cc2o1
rxnflow_clpp,best_candidate,50,50,150,3,-9.5,Nc1nc(NC(Cc2ccccc2)C(=O)N2Cc3ccccc3CC2C(=O)O)nc2[nH]cnc12,O=C(O)C1Cc2ccccc2CN1C(=O)C(Cc1ccccc1)Nc1nc(NCc2c[nH]c3ccc(F)cc23)c2nc[nH]c2n1
rxnflow_clpp,best_candidate,51,51,153,3,-9.5,Nc1nc(NC(c2ccccc2)c2nc3ccc(C(=O)O)cc3o2)nc2[nH]cnc12,Nc1nc(N(C(=O)NCc2ccccc2O)C(c2ccccc2)c2nc3ccc(C(=O)O)cc3o2)nc2[nH]cnc12
rxnflow_clpp,best_candidate,52,52,156,3,-9.5,NC(CO)CN(C(=O)Nc1cccc(C(F)(F)F)c1)C(Cc1ccc(O)cc1)C(=O)O,NC(CO)CN(C(=O)Nc1cccc(C(F)(F)F)c1)C(Cc1ccc(O)cc1)c1nc2cc(F)c(F)cc2o1
rxnflow_clpp,best_candidate,53,53,159,3,-9.5,CC(O)C(Nc1nc(F)ccc1N)C1=NC(C(=O)O)Cc2ccccc21,CC(O)C(Nc1nc(F)ccc1N)C1=NC(C(=O)NCCc2c[nH]c3ccccc23)Cc2ccccc21
rxnflow_clpp,best_candidate,54,54,162,3,-9.5,N=C(N)NCCCC(N)CNC(Cc1c[nH]c2ccccc12)CN1Cc2ccccc2CC1C(=O)O,N=C(N)NCCCC(N)CNC(Cc1c[nH]c2ccccc12)CN1Cc2ccccc2CC1C(=O)NCc1ccc(C(F)(F)F)cc1
rxnflow_clpp,best_candidate,55,55,165,3,-9.5,NC(CNC(C1=NC(C(=O)O)Cc2ccccc21)c1ccccc1)c1ccccc1,NC(CNC(C1=NC(C(=O)NCCc2ccccc2)Cc2ccccc21)c1ccccc1)c1ccccc1
rxnflow_clpp,best_candidate,56,56,168,3,-9.5,Nc1cc(CNC(CC2CCCCC2)C(=O)O)ccc1NCC(N)c1ccccc1,Nc1cc(CNC(CC2CCCCC2)C(=O)NCc2c[nH]c3ccccc23)ccc1NCC(N)c1ccccc1
rxnflow_clpp,best_candidate,57,57,171,3,-9.5,Nc1nc(NC(C(=O)Nc2cc(C(=O)O)ccc2O)c2ccccc2)nc2[nH]cnc12,Nc1nc(NC(C(=O)Nc2cc(C(=O)NCCc3ccccc3)ccc2O)c2ccccc2)nc2[nH]cnc12
rxnflow_clpp,best_candidate,58,58,174,3,-9.4,Cc1cc(N(C(=O)Nc2cc(F)c(F)cc2O)C(Cc2c[nH]c3ccccc23)C(=O)O)cnc1N,Cc1cc(N(C(=O)Nc2cc(F)c(F)cc2O)C(Cc2c[nH]c3ccccc23)C(=O)O)cnc1NCc1ccccc1Br
rxnflow_clpp,best_candidate,59,59,177,3,-9.4,N=C(N)NCCCC(NCc1ccc(O)c(N)c1)C1=NC(C(=O)O)Cc2ccccc21,CC(NCC1Cc2ccccc2C(C(CCCNC(=N)N)NCc2ccc(O)c(N)c2)=N1)c1ccccc1
rxnflow_clpp,best_candidate,60,60,180,3,-9.4,Nc1c(O)cccc1CNC(CCCNCc1ccc(C(F)(F)F)cc1)C(=O)O,Nc1c(O)cccc1CNC(CCCNCc1ccc(C(F)(F)F)cc1)c1nc2cc(F)c(F)cc2o1
rxnflow_clpp,best_candidate,61,61,183,3,-9.4,NC(=O)CC(Nc1ccc(C(=O)NC(C(=O)O)c2ccccc2)cc1)C(=O)O,NC(=O)CC(Nc1ccc(C(=O)NC(C(=O)O)c2ccccc2)cc1)c1nc2cc(F)ccc2o1
rxnflow_clpp,best_candidate,62,62,186,3,-9.4,Nc1nc(N(C(=O)NCc2cccc(O)c2)C(Cc2ccccc2)C(=O)O)nc2[nH]cnc12,CC(NCC(Cc1ccccc1)N(C(=O)NCc1cccc(O)c1)c1nc(N)c2nc[nH]c2n1)c1ccccc1
rxnflow_clpp,best_candidate,63,63,189,3,-9.4,O=C(O)C(Cc1c[nH]c2ccccc12)N(C(=O)NCCc1ccccc1)c1ncc2[nH]ccc2n1,O=C(Nc1cc(F)c(F)cc1O)C(Cc1c[nH]c2ccccc12)N(C(=O)NCCc1ccccc1)c1ncc2[nH]ccc2n1
rxnflow_clpp,best_candidate,64,64,192,3,-9.4,Cc1cc(NC(CCCNC(=N)N)C2=NC(C(=O)O)Cc3ccc(O)cc32)cnc1F,Cc1cc(NC(CCCNC(=N)N)C2=NC(C(=O)NCCc3ccccc3)Cc3ccc(O)cc32)cnc1F
rxnflow_clpp,best_candidate,65,65,195,3,-9.4,O=Cc1cncc(NC(Cc2ccccc2)C2=NC(C(=O)O)Cc3ccc(O)cc32)c1,O=Cc1cncc(NC(Cc2ccccc2)C2=NC(C(=O)NCc3ccc(O)cc3)Cc3ccc(O)cc32)c1
rxnflow_clpp,best_candidate,66,66,198,3,-9.4,O=C(O)C(CCCNC1(C(=O)O)CCC1)NCc1ccc(C(F)(F)F)c(F)c1,O=C(O)C1(NCCCC(NCc2ccc(C(F)(F)F)c(F)c2)c2nc3ccc(C(F)(F)F)cc3[nH]2)CCC1
rxnflow_clpp,best_candidate,67,67,201,3,-9.4,NC(CO)CN(CC1Cc2ccccc2CN1)C(C(=O)O)c1ccccc1,NC(CO)CN(CC1Cc2ccccc2CN1)C(C(=O)NCc1ccc(C(F)(F)F)cc1)c1ccccc1
rxnflow_clpp,best_candidate,68,68,204,3,-9.4,CCC(C)C(N)CNC(Cc1c[nH]c2ccccc12)CN1CCCC1C(=O)O,CCC(C)C(N)CNC(Cc1c[nH]c2ccccc12)CN1CCCC1C(=O)NC(C)c1ccccc1
rxnflow_clpp,best_candidate,69,69,207,3,-9.4,CC(O)C(CNc1ccc(C(=O)O)cc1O)NC(=O)Nc1ccc(C(F)(F)F)cc1,CC(O)C(CN(C(=O)Nc1cccc(C(F)(F)F)c1)c1ccc(C(=O)O)cc1O)NC(=O)Nc1ccc(C(F)(F)F)cc1
rxnflow_clpp,best_candidate,70,70,210,3,-9.4,Nc1ccc(CNC2(c3nc4c(C(=O)O)cccc4o3)CCC2)cc1O,NC(c1ccccc1)c1nc2ccc(CNC3(c4nc5c(C(=O)O)cccc5o4)CCC3)cc2o1
rxnflow_clpp,best_candidate,71,71,213,3,-9.4,Nc1nc(NC(Cc2ccccc2)C2=NC(C(=O)O)Cc3ccc(O)cc32)cs1,Nc1nc(NC(Cc2ccccc2)C2=NC(c3nc4ccc(C(F)(F)F)cc4[nH]3)Cc3ccc(O)cc32)cs1
rxnflow_clpp,best_candidate,72,72,216,3,-9.4,NC(=O)CC(CNC(Cc1c[nH]c2ccccc12)C(=O)O)NCc1ccc(F)c(C(F)(F)F)c1,NC(=O)CC(CNC(Cc1c[nH]c2ccccc12)C(=O)Nc1cccc2cc[nH]c12)NCc1ccc(F)c(C(F)(F)F)c1
rxnflow_clpp,best_candidate,73,73,219,3,-9.4,O=C(O)C1Cc2c([nH]c3ccccc23)C(C(Cc2cccs2)Nc2ccc([N+](=O)[O-])c3ccccc23)=N1,O=C(NCCc1ccccc1)C1Cc2c([nH]c3ccccc23)C(C(Cc2cccs2)Nc2ccc([N+](=O)[O-])c3ccccc23)=N1
rxnflow_clpp,best_candidate,74,74,222,3,-9.4,Nc1nc(N(C(=O)NCCc2c[nH]c3ccccc23)c2c(F)cccc2C(=O)O)nc2[nH]cnc12,CC(NC(=O)c1cccc(F)c1N(C(=O)NCCc1c[nH]c2ccccc12)c1nc(N)c2nc[nH]c2n1)c1ccccc1
rxnflow_clpp,best_candidate,75,75,224,2,-9.4,Nc1c(F)cccc1CNc1ccccc1C(=O)O,Nc1c(F)cccc1CNc1ccccc1C(=O)NCc1ccc(C(F)(F)F)cc1
rxnflow_clpp,best_candidate,76,76,227,3,-9.4,CCC(C)C(Nc1nc(Nc2cncc(C(F)(F)F)c2)c2nc[nH]c2n1)C(=O)O,CCC(C)C(Nc1nc(Nc2cncc(C(F)(F)F)c2)c2nc[nH]c2n1)C(=O)NCc1ccc(C(F)(F)F)cc1
rxnflow_clpp,best_candidate,77,77,230,3,-9.4,CCC(N)CNc1ccc(C(=O)OCC2CCC(F)(F)CC2)cc1N,CCC(N)CN(C(=O)NCc1c[nH]c2ccccc12)c1ccc(C(=O)OCC2CCC(F)(F)CC2)cc1N
rxnflow_clpp,best_candidate,78,78,233,3,-9.3,Nc1nc(N(C(=O)NCCc2c[nH]c3ccccc23)C(C(=O)O)c2ccccc2)nc2[nH]cnc12,Nc1nc(N(C(=O)NCCc2c[nH]c3ccccc23)C(C2=NC(C(=O)O)Cc3ccc([N+](=O)[O-])cc32)c2ccccc2)nc2[nH]cnc12
rxnflow_clpp,best_candidate,79,79,236,3,-9.3,N=C(N)NCCCC(NCc1ccc(C(F)(F)F)cc1)C(=O)NCc1ccc(C(F)(F)F)cc1,N=C(N)NCCCC(C(=O)NCc1ccc(C(F)(F)F)cc1)N(Cc1ccc(C(F)(F)F)cc1)CC1CCCN1
rxnflow_clpp,best_candidate,80,80,239,3,-9.3,Nc1c(O)cccc1CNC(CNC(Cc1ccccc1)C(=O)O)Cc1c[nH]c2ccccc12,Nc1c(O)cccc1CNC(CNC(Cc1ccccc1)c1nc2cc(F)c(F)cc2o1)Cc1c[nH]c2ccccc12
rxnflow_clpp,best_candidate,81,81,242,3,-9.3,CCC(C(=O)O)N(Cc1cccc(F)c1N)C(=O)c1ccc(C(F)(F)F)cn1,CCC(c1nc2ccc(C(F)(F)F)cc2[nH]1)N(Cc1cccc(F)c1N)C(=O)c1ccc(C(F)(F)F)cn1
rxnflow_clpp,best_candidate,82,82,245,3,-9.3,CCC(C)C(N)CN(C(=O)c1ccc(C(F)(F)F)cn1)C(Cc1c[nH]c2ccccc12)C(=O)O,CCC(C)C(N)CN(C(=O)c1ccc(C(F)(F)F)cn1)C(Cc1c[nH]c2ccccc12)c1nc2ccc(C(F)(F)F)cc2[nH]1
rxnflow_clpp,best_candidate,83,83,248,3,-9.3,Nc1nc(N(C(=O)NCc2ccc(C(F)(F)F)cc2)c2c(F)cccc2C(=O)O)nc2[nH]cnc12,O=C(O)c1cccc(F)c1N(C(=O)NCc1ccc(C(F)(F)F)cc1)c1nc(NCc2ccccn2)c2nc[nH]c2n1
rxnflow_clpp,best_candidate,84,84,251,3,-9.3,NC(=O)CCC(N)CN(C(=O)Nc1ccc(C(F)(F)F)cc1)C(Cc1ccc(O)cc1)C(=O)O,NC(=O)CCC(N)CN(C(=O)Nc1ccc(C(F)(F)F)cc1)C(Cc1ccc(O)cc1)C(=O)NCc1ccc(C(F)(F)F)cc1
rxnflow_clpp,best_candidate,85,85,254,3,-9.3,Nc1nc(NC2(C3=NC(C(=O)O)Cc4ccccc43)CCC2)nc2[nH]cnc12,Nc1nc(NC2(C3=NC(c4nc5ccccc5o4)Cc4ccccc43)CCC2)nc2[nH]cnc12
rxnflow_clpp,best_candidate,86,86,257,3,-9.3,N=C(N)NCCCC(C(=O)O)N(C(=O)c1ncccc1C(F)(F)F)c1ccc(C(F)(F)F)cn1,N=C(N)NCCCC(c1nc2cc(F)c(F)cc2o1)N(C(=O)c1ncccc1C(F)(F)F)c1ccc(C(F)(F)F)cn1
rxnflow_clpp,best_candidate,87,87,260,3,-9.3,CCC(C)C(NCC1(NC(=O)NC(C)c2ccccc2)CCC1)C(=O)O,CCC(C)C(NCC1(NC(=O)NC(C)c2ccccc2)CCC1)c1nc2ccc(C(=O)O)cc2o1
rxnflow_clpp,best_candidate,88,88,263,3,-9.3,N=C(N)NCCCC(NCc1cccc(C=O)c1)C(=O)NC(Cc1cccs1)C(=O)O,N=C(N)NCCCC(NCc1cccc(C=O)c1)C(=O)NC(Cc1cccs1)c1nc2cc(F)c(F)cc2o1
rxnflow_clpp,best_candidate,89,89,266,3,-9.3,O=C(O)c1cccc(F)c1Nc1nc(Nc2ccc([N+](=O)[O-])c3ccccc23)c2nc[nH]c2n1,O=[N+]([O-])c1ccc(Nc2nc(Nc3c(F)cccc3-c3nc4ccc(C(F)(F)F)cc4[nH]3)nc3[nH]cnc23)c2ccccc12
rxnflow_clpp,best_candidate,90,90,269,3,-9.3,O=C(Nc1ccccc1F)NC(CO)CNC(Cc1c[nH]c2ccccc12)C(=O)O,O=C(Nc1ccccc1F)NC(CO)CNC(Cc1c[nH]c2ccccc12)c1nc2cc(F)ccc2o1
rxnflow_clpp,best_candidate,91,91,272,3,-9.3,Nc1ccc(F)nc1NC(Cc1ccc(O)cc1)C1=NC(C(=O)O)Cc2ccc(O)cc21,Nc1ccc(F)nc1NC(Cc1ccc(O)cc1)C1=NC(C(=O)OCC2CCC(F)(F)CC2)Cc2ccc(O)cc21
rxnflow_clpp,best_candidate,92,92,275,3,-9.3,CCC(NCC1(Nc2ccc(C(F)(F)F)cn2)CCC1)C(=O)O,CCC(C(=O)O)N(CC1(Nc2ccc(C(F)(F)F)cn2)CCC1)C(=O)Nc1ccc(C(F)(F)F)cc1
rxnflow_clpp,best_candidate,93,93,278,3,-9.3,O=C(O)C(Cc1c[nH]c2ccccc12)N(Cc1ccncc1F)C(=O)NCc1cccc(O)c1,O=C(O)c1ccc2nc(C(Cc3c[nH]c4ccccc34)N(Cc3ccncc3F)C(=O)NCc3cccc(O)c3)oc2c1
rxnflow_clpp,best_candidate,94,94,281,3,-9.2,N=C(N)NCCCC(Nc1ncc2[nH]ccc2n1)C1=NC(C(=O)O)Cc2ccc(O)cc21,N=C(N)NCCCC(Nc1ncc2[nH]ccc2n1)C1=NC(c2nc3ccccc3o2)Cc2ccc(O)cc21
rxnflow_clpp,best_candidate,95,95,284,3,-9.2,Nc1cc(C(F)(F)F)ccc1NC(=O)N(c1nc(N)c2nc[nH]c2n1)C(Cc1cccs1)C(=O)O,Nc1cc(C(F)(F)F)ccc1NC(=O)N(c1nc(N)c2nc[nH]c2n1)C(Cc1cccs1)c1nc2cc(C(=O)O)ccc2o1
rxnflow_clpp,best_candidate,96,96,287,3,-9.2,NC(Cc1c[nH]cn1)CN(C(=O)NC1CCCCC1)c1cc(C(=O)O)ccc1O,CC(NC(=O)c1ccc(O)c(N(CC(N)Cc2c[nH]cn2)C(=O)NC2CCCCC2)c1)c1ccccc1
rxnflow_clpp,best_candidate,97,97,290,3,-9.2,Nc1nc(NC(CCC(=O)O)C2=NC(C(=O)O)Cc3ccccc32)nc2[nH]cnc12,Nc1nc(NC(CCc2nc3ccccc3o2)C2=NC(C(=O)O)Cc3ccccc32)nc2[nH]cnc12
rxnflow_clpp,best_candidate,98,98,293,3,-9.2,N=C(N)NCCCC(NCc1ccc(CNc2ccc(C(=O)O)cc2N)cc1)C(=O)O,N=C(N)NCCCC(NCc1ccc(CNc2ccc(C(=O)O)cc2N)cc1)c1nc2cc(F)c(F)cc2o1
rxnflow_clpp,best_candidate,99,99,296,3,-9.2,NC(CNc1c(F)cccc1C1=NC(C(=O)O)Cc2ccc(O)cc21)Cc1ccc(O)cc1,NC(Cc1ccc(O)cc1)CN(Cc1c[nH]c2cc(Br)ccc12)c1c(F)cccc1C1=NC(C(=O)O)Cc2ccc(O)cc21
rxnflow_clpp,best_candidate,100,100,299,3,-9.2,CC(NC(=O)N(c1nc(N)c2nc[nH]c2n1)C(C(=O)O)c1ccccc1)c1ccccc1,CC(NC(=O)N(c1nc(Nc2nc(N)c3nc[nH]c3n2)c2nc[nH]c2n1)C(C(=O)O)c1ccccc1)c1ccccc1
rxnflow_clpp,best_candidate,101,101,302,3,-9.2,Cc1cc(Nc2nc(NC(C(=O)O)c3ccccc3)nc3[nH]cnc23)cnc1F,Cc1cc(N(C(=O)Nc2ccc(Br)cc2N)c2nc(NC(C(=O)O)c3ccccc3)nc3[nH]cnc23)cnc1F
rxnflow_clpp,best_candidate,102,102,305,3,-9.2,NC(CCCNC(Cc1c[nH]c2ccccc12)C(=O)O)c1nc2ccccc2o1,NC(CCCNC(Cc1c[nH]c2ccccc12)c1nc2ccc(C(F)(F)F)cc2[nH]1)c1nc2ccccc2o1
rxnflow_clpp,best_candidate,103,103,308,3,-9.2,Nc1ccc(CNc2c(F)cccc2C(=O)NC(Cc2ccc(O)cc2)C(=O)O)cc1O,Nc1ccc(CNc2c(F)cccc2C(=O)NC(Cc2ccc(O)cc2)c2nc3ccc(C(F)(F)F)cc3[nH]2)cc1O
rxnflow_clpp,best_candidate,104,104,311,3,-9.2,Nc1ccc(Nc2nc(NC(C(=O)O)c3ccccc3)nc3[nH]cnc23)cc1O,Nc1ccc(N(c2ccc(S(=O)(=O)F)cn2)c2nc(NC(C(=O)O)c3ccccc3)nc3[nH]cnc23)cc1O
rxnflow_clpp,best_candidate,105,105,314,3,-9.2,NC(Cc1c[nH]cn1)CN(C(=O)Nc1ccc(C(F)(F)F)cc1)c1c(O)cccc1C(=O)O,Nc1cc(C(F)(F)F)ccc1NC(=O)c1cccc(O)c1N(CC(N)Cc1c[nH]cn1)C(=O)Nc1ccc(C(F)(F)F)cc1
rxnflow_clpp,best_candidate,106,106,317,3,-9.2,CCC(C)C(CNc1ccc(C(=O)O)cc1O)Nc1ccc2ccccc2n1,CCC(C)C(CNc1ccc(C(=O)O)cc1O)N(C(=O)Nc1cccc(C(F)(F)F)c1)c1ccc2ccccc2n1
rxnflow_clpp,best_candidate,107,107,320,3,-9.2,Nc1nc(NC(CCC(=O)NCc2ccc(C(F)(F)F)cc2)C(=O)O)nc2[nH]cnc12,Nc1nc(N(CC2Cc3ccccc3CN2)C(CCC(=O)NCc2ccc(C(F)(F)F)cc2)C(=O)O)nc2[nH]cnc12
rxnflow_clpp,best_candidate,108,108,323,3,-9.2,N=C(N)NCCCC(NCC(N)CC1CCCCC1)C1=NC(C(=O)O)Cc2ccc([N+](=O)[O-])cc21,N=C(N)NCCCC(NCC(N)CC1CCCCC1)C1=NC(c2nc3ccc(C(F)(F)F)cc3[nH]2)Cc2ccc([N+](=O)[O-])cc21
rxnflow_clpp,best_candidate,109,109,326,3,-9.2,N=C(N)NCCCC(C(=O)O)N(Cc1ccc(C(F)(F)F)c(F)c1)CC(N)Cc1ccc(O)cc1,N=C(N)NCCCC(c1nc2ccc(C(F)(F)F)cc2[nH]1)N(Cc1ccc(C(F)(F)F)c(F)c1)CC(N)Cc1ccc(O)cc1
rxnflow_clpp,best_candidate,110,110,329,3,-9.2,NC(CNC(CCC(=O)O)C1=NC(C(=O)O)Cc2ccc(O)cc21)CC1CCCCC1,NC(CNC(CCc1nc2cc(F)c(F)cc2o1)C1=NC(C(=O)O)Cc2ccc(O)cc21)CC1CCCCC1
rxnflow_clpp,best_candidate,111,111,332,3,-9.2,NC(CNC(CCC(=O)NCCc1c[nH]c2ccccc12)C(=O)O)Cc1ccc(O)cc1,NC(CNC(CCC(=O)NCCc1c[nH]c2ccccc12)C1=NCCc2ccccc21)Cc1ccc(O)cc1
rxnflow_clpp,best_candidate,112,112,335,3,-9.2,CCC(C)C(N)CNC(Cc1ccccc1)C1=NC(C(=O)O)Cc2c1[nH]c1ccccc21,CCC(C)C(N)CNC(Cc1ccccc1)C1=NC(c2nc3cc(Br)ccc3o2)Cc2c1[nH]c1ccccc21
rxnflow_clpp,best_candidate,113,113,338,3,-9.2,NC(CCCNC(Cc1c[nH]c2ccccc12)C(=O)NCc1ccccc1O)C(=O)O,NC(CCCNC(Cc1c[nH]c2ccccc12)C(=O)NCc1ccccc1O)c1nc2ccc(C(F)(F)F)cc2[nH]1
rxnflow_clpp,best_candidate,114,114,341,3,-9.2,Nc1cc(CNC(CNC(C(=O)O)c2ccccc2)Cc2c[nH]c3ccccc23)ccc1O,Nc1cc(CNC(CNC(c2ccccc2)c2nc3cc(F)ccc3o2)Cc2c[nH]c3ccccc23)ccc1O
rxnflow_clpp,best_candidate,115,115,344,3,-9.2,Nc1cccnc1NC(Cc1ccc(O)cc1)c1nc2c(C(=O)O)cccc2o1,Nc1cccnc1NC(Cc1ccc(O)cc1)c1nc2c(-c3nc4cc(F)c(F)cc4o3)cccc2o1
rxnflow_clpp,best_candidate,116,116,347,3,-9.2,NC(Cc1c[nH]cn1)CN(CC1Cc2ccccc2CN1)C(Cc1c[nH]c2ccccc12)C(=O)O,NC(Cc1c[nH]cn1)CN(CC1Cc2ccccc2CN1)C(Cc1c[nH]c2ccccc12)c1nc2ccc(C(F)(F)F)cc2[nH]1
rxnflow_clpp,best_candidate,117,117,350,3,-9.2,O=C(O)C(CCCNC(C(=O)O)c1ccccc1)Nc1ccc([N+](=O)[O-])c2ncccc12,O=C(O)C(NCCCC(Nc1ccc([N+](=O)[O-])c2ncccc12)c1nc2ccc(C(F)(F)F)cc2[nH]1)c1ccccc1
rxnflow_clpp,best_candidate,118,118,353,3,-9.2,NC(=O)CC(NCCCC(N)CNCCc1c[nH]c2ccc(O)cc12)C(=O)O,NC(=O)CC(NCCCC(N)CNCCc1c[nH]c2ccc(O)cc12)c1nc2ccc(C(F)(F)F)cc2[nH]1
rxnflow_clpp,best_candidate,119,119,356,3,-9.1,NC(=O)CC(N)CNC(Cc1c[nH]c2ccccc12)C(=O)NC(C(=O)O)c1ccccc1,NC(=O)CC(N)CN(Cc1cc(C(F)(F)F)ccc1Br)C(Cc1c[nH]c2ccccc12)C(=O)NC(C(=O)O)c1ccccc1
rxnflow_clpp,best_candidate,120,120,359,3,-9.1,NC(CCNC(Cc1ccc(O)cc1)C(=O)NCCc1ccc(O)cc1)C(=O)O,NC(CCNC(Cc1ccc(O)cc1)C(=O)NCCc1ccc(O)cc1)c1nc2cc(F)ccc2o1
rxnflow_clpp,best_candidate,121,121,362,3,-9.1,CC(NC(=O)NC(CCCNC(=N)N)CNC1(C(=O)O)CCC1)c1ccccc1,CC(NC(=O)NC(CCCNC(=N)N)CNC1(c2nc3ccccc3o2)CCC1)c1ccccc1
rxnflow_clpp,best_candidate,122,122,365,3,-9.1,CCC(C)C(NCc1ccnc(F)c1)C(=O)NC(Cc1c[nH]c2ccccc12)C(=O)O,CCC(C)C(NCc1ccnc(F)c1)C(=O)NC(Cc1c[nH]c2ccccc12)c1nc2cc(F)ccc2o1
rxnflow_clpp,best_candidate,123,123,368,3,-9.1,NC(=O)CCC(N)c1nc2ccc(C3=NC(C(=O)O)Cc4c3[nH]c3ccccc43)cc2o1,NC(=O)CCC(N)c1nc2ccc(C3=NC(C(=O)NCCc4ccccc4)Cc4c3[nH]c3ccccc43)cc2o1
rxnflow_clpp,best_candidate,124,124,371,3,-9.1,Nc1nc(NC(CCC(=O)N2CCCC(C(=O)O)C2)C(=O)O)nc2[nH]cnc12,Nc1nc(NC(CCC(=O)N2CCCC(C(=O)O)C2)c2nc3ccc(C(F)(F)F)cc3[nH]2)nc2[nH]cnc12
rxnflow_clpp,best_candidate,125,125,373,2,-9.1,Nc1cccnc1NC(Cc1c[nH]c2ccccc12)C(=O)O,O=C(O)C(Cc1c[nH]c2ccccc12)Nc1ncccc1Nc1ccc2ccccc2n1
rxnflow_clpp,best_candidate,126,126,376,3,-9.1,CCC(C)C(C(=O)O)N(C(=O)NCCc1c[nH]c2ccccc12)c1ncc2[nH]ccc2n1,CCC(C)C(c1nc2cc(F)ccc2o1)N(C(=O)NCCc1c[nH]c2ccccc12)c1ncc2[nH]ccc2n1
rxnflow_clpp,best_candidate,127,127,379,3,-9.1,Nc1ccc(F)nc1NC(C(=O)NC(CC1CCCCC1)C(=O)O)c1ccccc1,Nc1ccc(F)nc1NC(C(=O)NC(CC1CCCCC1)c1nc2ccc(C(=O)O)cc2o1)c1ccccc1
rxnflow_clpp,best_candidate,128,128,382,3,-9.1,CC(O)C(NCC(Cc1c[nH]cn1)Nc1ccc2ccccc2n1)C(=O)O,CC(O)C(NCC(Cc1c[nH]cn1)Nc1ccc2ccccc2n1)c1nc2cc(F)c(F)cc2o1
rxnflow_clpp,best_candidate,129,129,385,3,-9.1,O=C(Nc1ccc(Br)cc1)Nc1c(O)cccc1CNC(C(=O)O)c1ccccc1,O=C(Nc1ccc(Br)cc1)Nc1c(O)cccc1CNC(c1ccccc1)c1nc2cc(Br)ccc2o1
rxnflow_clpp,best_candidate,130,130,388,3,-9.1,Nc1nc(Nc2c(F)cccc2C(=O)NC(Cc2ccccc2)C(=O)O)nc2[nH]cnc12,Nc1nc(Nc2c(F)cccc2C(=O)NC(Cc2ccccc2)C(=O)OCC2CCC(F)(F)CC2)nc2[nH]cnc12
rxnflow_clpp,best_candidate,131,131,391,3,-9.1,O=Cc1cccc(C(=O)Nc2nc(NC(Cc3ccccc3)C(=O)O)nc3[nH]cnc23)c1,O=Cc1cccc(C(=O)Nc2nc(NC(Cc3ccccc3)C(=O)OCC3CCC(F)(F)CC3)nc3[nH]cnc23)c1
rxnflow_clpp,best_candidate,132,132,394,3,-9.1,Nc1nc(N(C(=O)Nc2c(O)cccc2C(=O)O)C(Cc2c[nH]c3ccccc23)C(=O)O)cs1,O=C(O)c1cccc(O)c1NC(=O)N(c1csc(NCc2ccncc2)n1)C(Cc1c[nH]c2ccccc12)C(=O)O
rxnflow_clpp,best_candidate,133,133,397,3,-9.1,NC(Cc1ccccc1)CN(C(=O)Nc1cc(F)ccc1O)C(Cc1c[nH]c2ccccc12)C(=O)O,NC(Cc1ccccc1)CN(C(=O)Nc1cc(F)ccc1O)C(Cc1c[nH]c2ccccc12)c1nc2cc(Br)ccc2o1
rxnflow_clpp,best_candidate,134,134,400,3,-9.1,Cc1cc(NC(Cc2ccccc2)C(=O)NC(Cc2ccccc2)C(=O)O)cnc1N,Cc1cc(NC(Cc2ccccc2)C(=O)NC(Cc2ccccc2)C(=O)O)cnc1Nc1nc2ccccc2[nH]1
rxnflow_clpp,best_candidate,135,135,403,3,-9.1,COc1ccc(CNC(=O)c2c(N)cccc2NC(CC(N)=O)C(=O)O)cc1,COc1ccc(CNC(=O)c2c(N)cccc2NC(CC(N)=O)C(=O)Nc2ccc(C(F)(F)F)cc2N)cc1
rxnflow_clpp,best_candidate,136,136,406,3,-9.1,NC(CCCN(c1ccc(S(=O)(=O)F)cn1)C(Cc1ccc(O)cc1)C(=O)O)C(=O)O,NC(CCCN(c1ccc(S(=O)(=O)F)cn1)C(Cc1ccc(O)cc1)C(=O)O)c1nc2ccc(C(F)(F)F)cc2[nH]1
rxnflow_clpp,best_candidate,137,137,409,3,-9.1,NCCCNC(Cc1c[nH]c2ccccc12)c1nc2cc(C(=O)O)ccc2o1,CC(NC(=O)c1ccc2oc(C(Cc3c[nH]c4ccccc34)NCCCN)nc2c1)c1ccccc1
rxnflow_clpp,best_candidate,138,138,412,3,-9.1,NC(=O)CC(CNC(Cc1c[nH]c2ccccc12)C(=O)O)Nc1cc(C(F)(F)F)ccc1C=O,NC(=O)CC(CNC(Cc1c[nH]c2ccccc12)C(=O)NC1CCCCC1)Nc1cc(C(F)(F)F)ccc1C=O
rxnflow_clpp,best_candidate,139,139,415,3,-9.1,Nc1ccccc1CNC(CCC(=O)O)c1nc2cc(C(=O)O)ccc2o1,Nc1ccccc1CNC(CCc1nc2cc(F)ccc2o1)c1nc2cc(C(=O)O)ccc2o1
rxnflow_clpp,best_candidate,140,140,418,3,-9.1,O=C(O)C(CC1CCCCC1)NC(=O)C(Cc1c[nH]cn1)NCc1ccc(C(F)(F)F)cc1F,O=C(NC(CC1CCCCC1)C(=O)NCCc1ccc(O)cc1)C(Cc1c[nH]cn1)NCc1ccc(C(F)(F)F)cc1F
rxnflow_clpp,best_candidate,141,141,421,3,-9.1,NC(CCCNC(Cc1c[nH]c2ccccc12)C(=O)O)c1nc2ccc(C(=O)O)cc2o1,NC(CCCNC(Cc1c[nH]c2ccccc12)C1=NC(C(=O)O)Cc2ccc(O)cc21)c1nc2ccc(C(=O)O)cc2o1
rxnflow_clpp,best_candidate,142,142,424,3,-9.1,NC(=O)CCC(CNC(Cc1c[nH]c2ccccc12)C(=O)O)NC(=O)C(N)Cc1c[nH]c2ccccc12,NC(=O)CCC(CNC(Cc1c[nH]c2ccccc12)c1nc2ccccc2o1)NC(=O)C(N)Cc1c[nH]c2ccccc12
rxnflow_clpp,best_candidate,143,143,427,3,-9.1,Nc1nc(NC(Cc2ccccc2)C(=O)NC(C(=O)O)c2ccccc2)nc2[nH]cnc12,O=C(NC(C(=O)O)c1ccccc1)C(Cc1ccccc1)Nc1nc(NC(=O)N2CCCCC2)c2nc[nH]c2n1
rxnflow_clpp,best_candidate,144,144,430,3,-9.1,Cc1ccnc(NC(Cc2ccc([N+](=O)[O-])cc2)C2=NC(C(=O)O)Cc3ccccc32)c1N,Cc1ccnc(NC(Cc2ccc([N+](=O)[O-])cc2)C2=NC(CN3CCC(=O)CC3)Cc3ccccc32)c1N
rxnflow_clpp,best_candidate,145,145,433,3,-9.1,Nc1nc(NC(CCC(=O)NC(C(=O)O)c2ccccc2)C(=O)O)nc2[nH]cnc12,O=C(CCC(Nc1nc(Nc2ccc3ccccc3n2)c2nc[nH]c2n1)C(=O)O)NC(C(=O)O)c1ccccc1
rxnflow_clpp,best_candidate,146,146,436,3,-9.1,CC(O)C(N)CN(C(=O)Nc1ccccc1)C(Cc1c[nH]c2ccccc12)C(=O)O,CC(O)C(N)CN(C(=O)Nc1ccccc1)C(Cc1c[nH]c2ccccc12)c1nc2cc(F)c(F)cc2o1
rxnflow_clpp,best_candidate,147,147,439,3,-9.1,O=C(O)C(CC1CCCCC1)NCC(CO)NCc1ccc(F)c(C(F)(F)F)c1,OCC(CNC(CC1CCCCC1)c1nc2ccc(C(F)(F)F)cc2[nH]1)NCc1ccc(F)c(C(F)(F)F)c1
rxnflow_clpp,best_candidate,148,148,442,3,-9.1,CCC(C)C(NCC(N)Cc1ccc(O)cc1)C1=NC(C(=O)O)Cc2ccc(O)cc21,CCC(C)C(NCC(N)Cc1ccc(O)cc1)C1=NC(c2nc3ccccc3o2)Cc2ccc(O)cc21
rxnflow_clpp,best_candidate,149,149,445,3,-9.1,CC(NC(=O)C1(NCC(N)Cc2ccccc2)CCC1)c1ccccc1,CC(NC(=O)C1(NCC(Cc2ccccc2)NC(=O)N2CCCC(O)C2)CCC1)c1ccccc1
rxnflow_clpp,best_candidate,150,150,448,3,-9.1,COC(=O)c1cccc(CNCCCCC(N)C2=NC(C(=O)O)Cc3ccccc32)c1,COC(=O)c1cccc(CNCCCCC(N)C2=NC(c3nc4ccc(C#N)cc4[nH]3)Cc3ccccc32)c1
rxnflow_clpp,best_candidate,151,151,451,3,-9.1,Cc1ccc(COC(=O)C(Cc2c[nH]c3ccccc23)NCCCC(N)C(=O)O)cc1F,Cc1ccc(COC(=O)C(N)CCCNC(Cc2c[nH]c3ccccc23)C(=O)OCc2ccc(C)c(F)c2)cc1F
rxnflow_clpp,best_candidate,152,152,454,3,-9.1,NC(=O)CCC(N)CN(C(=O)C(N)Cc1c[nH]c2ccccc12)c1cc(C(=O)O)ccc1O,NC(=O)CCC(N)CN(C(=O)C(N)Cc1c[nH]c2ccccc12)c1cc(-c2nc3ccccc3o2)ccc1O
rxnflow_clpp,best_candidate,153,153,457,3,-9.1,NC(CNC1(C(=O)NC(Cc2c[nH]c3ccccc23)C(=O)O)CCC1)c1ccccc1,NC(CNC1(C(=O)NC(Cc2c[nH]c3ccccc23)C(=O)Nc2ccccc2C(=O)O)CCC1)c1ccccc1
rxnflow_clpp,best_candidate,154,154,460,3,-9.1,CCC(Nc1nc(Nc2ccc(C(F)(F)F)cn2)c2nc[nH]c2n1)C(=O)O,CCC(Nc1nc(Nc2ccc(C(F)(F)F)cn2)c2nc[nH]c2n1)c1nc2c(C(=O)O)cccc2o1
rxnflow_clpp,best_candidate,155,155,463,3,-9.1,O=C(O)CC(NCc1ccc(Nc2ccc(C(F)(F)F)cn2)c(O)c1)C(=O)O,O=C(O)C(Cc1nc2cc(F)ccc2o1)NCc1ccc(Nc2ccc(C(F)(F)F)cn2)c(O)c1
rxnflow_clpp,best_candidate,156,156,466,3,-9.1,Nc1nc(NC(CS)C2=NC(C(=O)O)Cc3ccccc32)nc2[nH]cnc12,Nc1nc(NC(CS)C2=NC(c3nc4ccc(C(F)(F)F)cc4[nH]3)Cc3ccccc32)nc2[nH]cnc12
rxnflow_clpp,best_candidate,157,157,469,3,-9.0,Cc1cc(NC(Cc2ccc(O)cc2)C(=O)NC(CCC(=O)O)C(=O)O)cnc1N,Cc1cc(NC(Cc2ccc(O)cc2)C(=O)NC(CCC(=O)O)c2nc3ccc(C(F)(F)F)cc3[nH]2)cnc1N
rxnflow_clpp,best_candidate,158,158,472,3,-9.0,NC(Cc1c[nH]cn1)CN(C(=O)Nc1cccc(C(F)(F)F)c1)C(C(=O)O)c1ccccc1,NC(Cc1c[nH]cn1)CN(C(=O)Nc1cccc(C(F)(F)F)c1)C(c1ccccc1)c1nc2ccc(C(F)(F)F)cc2[nH]1
rxnflow_clpp,best_candidate,159,159,475,3,-9.0,NC(CCCN(c1ccc2ccccc2n1)C(Cc1c[nH]c2ccccc12)C(=O)O)C(=O)O,O=C(O)C(CCCN(c1ccc2ccccc2n1)C(Cc1c[nH]c2ccccc12)C(=O)O)NCc1ccc(C(F)(F)F)cc1
rxnflow_clpp,best_candidate,160,160,478,3,-9.0,O=C(O)C1Cc2ccccc2C(CCC(Nc2ncc3[nH]ccc3n2)C(=O)O)=N1,O=C(O)C(CCC1=NC(c2nc3cc(F)ccc3o2)Cc2ccccc21)Nc1ncc2[nH]ccc2n1
rxnflow_clpp,best_candidate,161,161,481,3,-9.0,N=C(N)NCCCC(NCc1ccccc1Nc1ccccn1)C(=O)O,N=C(N)NCCCC(C(=O)O)N(Cc1ccccc1Nc1ccccn1)C(=O)Nc1ccc(C(F)(F)F)cc1
rxnflow_clpp,best_candidate,162,162,484,3,-9.0,O=C(O)C1(NCc2cccc(O)c2NCc2ccc(F)c(C(F)(F)F)c2)CCC1,O=C(Nc1ccccc1)N(Cc1cccc(O)c1NCc1ccc(F)c(C(F)(F)F)c1)C1(C(=O)O)CCC1
rxnflow_clpp,best_candidate,163,163,487,3,-9.0,CC(C)C(NCCC(N)C(=O)NC(C(=O)O)c1ccccc1)C(=O)O,CC(C)C(NCCC(N)C(=O)NC(C(=O)O)c1ccccc1)c1nc2ccc(Br)cc2o1
rxnflow_clpp,best_candidate,164,164,490,3,-9.0,Nc1nc(N(C(=O)NCc2ccccc2)C(Cc2ccc([N+](=O)[O-])cc2)C(=O)O)cs1,Nc1nc(N(C(=O)NCc2ccccc2)C(Cc2ccc([N+](=O)[O-])cc2)c2nc3cc(F)ccc3o2)cs1
rxnflow_clpp,best_candidate,165,165,493,3,-9.0,NC(=O)CC(CNC(CCC(=O)O)C(=O)O)Nc1ccc2ccccc2n1,CC(NC(=O)CCC(NCC(CC(N)=O)Nc1ccc2ccccc2n1)C(=O)O)c1ccccc1
rxnflow_clpp,best_candidate,166,166,496,3,-9.0,NC(CCNC(Cc1ccccc1)C(=O)Nc1ccccc1C(=O)O)C(=O)O,CC(NCc1ccccc1NC(=O)C(Cc1ccccc1)NCCC(N)C(=O)O)c1ccccc1
rxnflow_clpp,best_candidate,167,167,499,3,-9.0,N=C(N)NCCCC(C(=O)O)N(CC1Cc2ccccc2CN1)c1ncc2[nH]ccc2n1,N=C(N)NCCCC(CNC(Cc1c[nH]c2ccccc12)C(=O)O)N(CC1Cc2ccccc2CN1)c1ncc2[nH]ccc2n1
rxnflow_clpp,best_candidate,168,168,502,3,-9.0,CCC(C)C(N)CNC(Cc1c[nH]c2ccccc12)C(=O)Nc1cc(C(=O)O)ccc1O,CCC(C)C(N)CNC(Cc1c[nH]c2ccccc12)C(=O)Nc1cc(CNC(C)c2ccccc2)ccc1O
rxnflow_clpp,best_candidate,169,169,505,3,-9.0,Nc1nc(N(C(=O)NCc2ccccc2)C(C(=O)O)c2ccccc2)nc2[nH]cnc12,O=C(O)C(c1ccccc1)N(C(=O)NCc1ccccc1)c1nc(NC(=O)N2CCCCC2)c2nc[nH]c2n1
rxnflow_clpp,best_candidate,170,170,508,3,-9.0,NC(=O)CCC(N)CN(Cc1cc(C(F)(F)F)ccn1)C(Cc1c[nH]c2ccccc12)C(=O)O,NC(=O)CCC(N)CN(Cc1cc(C(F)(F)F)ccn1)C(Cc1c[nH]c2ccccc12)c1nc2cc(F)c(F)cc2o1
rxnflow_clpp,best_candidate,171,171,511,3,-9.0,N=C(N)NCCCC(N)CNC(Cc1c[nH]c2ccccc12)C1=NCCc2ccccc21,N=C(N)NCCCC(N)CN(CC(N)c1ccccc1)C(Cc1c[nH]c2ccccc12)C1=NCCc2ccccc21
rxnflow_clpp,best_candidate,172,172,514,3,-9.0,Nc1nc(N(C(=O)NC(Cc2ccc(O)cc2)C(=O)O)C(Cc2cccs2)C(=O)O)nc2[nH]cnc12,CC(NC(=O)C(Cc1ccc(O)cc1)NC(=O)N(c1nc(N)c2nc[nH]c2n1)C(Cc1cccs1)C(=O)O)c1ccccc1
rxnflow_clpp,best_candidate,173,173,517,3,-9.0,O=C(NCCc1ccccc1)C(CO)NCc1ccc(C(F)(F)F)cc1F,O=C(NCCc1ccccc1)C(CO)N(Cc1ccc(C(F)(F)F)cc1F)C(=O)Nc1cccc(C(F)(F)F)c1
rxnflow_clpp,best_candidate,174,174,520,3,-9.0,N=C(N)NCCCC(NCC(Cc1ccccc1)Nc1ccc2ccccc2n1)C(=O)O,N=C(N)NCCCC(C(=O)O)N(CC(Cc1ccccc1)Nc1ccc2ccccc2n1)C(=O)Nc1cccc(C(F)(F)F)c1
rxnflow_clpp,best_candidate,175,175,523,3,-9.0,NC(CN(C(=O)NCc1ccccc1O)C(C(=O)O)c1ccccc1)c1ccccc1,NC(CN(C(=O)NCc1ccccc1O)C(C1=NC(C(=O)O)Cc2c1[nH]c1ccccc21)c1ccccc1)c1ccccc1
rxnflow_clpp,best_candidate,176,176,526,3,-9.0,N=C(N)NCCCC(NCC(N)c1ccccc1)C(=O)Nc1cc(C(=O)O)ccc1O,N=C(N)NCCCC(NCC(N)c1ccccc1)C(=O)Nc1cc(C(=O)NC(C(=O)O)c2ccccc2)ccc1O
rxnflow_clpp,best_candidate,177,177,529,3,-9.0,CC(NC(=O)C(Cc1ccccc1)NCC(N)Cc1ccc(O)cc1)C(=O)O,CC(NC(=O)C(Cc1ccccc1)NCC(N)Cc1ccc(O)cc1)c1nc2ccc(Br)cc2o1
rxnflow_clpp,best_candidate,178,178,532,3,-9.0,O=C(O)CCC(NCc1ccc(O)c(Nc2ccc3ccccc3n2)c1)C(=O)O,O=C(O)C(CCc1nc2ccccc2o1)NCc1ccc(O)c(Nc2ccc3ccccc3n2)c1
rxnflow_clpp,best_candidate,179,179,535,3,-9.0,CC(NC(=O)C(CC(N)=O)NCC(N)Cc1ccccc1)c1ccccc1,CC(NC(=O)C(CC(N)=O)NCC(Cc1ccccc1)NS(=O)(=O)c1cccc(Br)n1)c1ccccc1
rxnflow_clpp,best_candidate,180,180,538,3,-9.0,CCC(C)C(CNC(Cc1ccccc1)C(=O)O)NC(=O)c1ccc(F)c(C(F)(F)F)c1,CCC(C)C(CN(Cc1c[nH]c2ccc(F)cc12)C(Cc1ccccc1)C(=O)O)NC(=O)c1ccc(F)c(C(F)(F)F)c1
rxnflow_clpp,best_candidate,181,181,541,3,-9.0,CCC(CNC(Cc1c[nH]c2ccccc12)C(=O)O)Nc1ccc([N+](=O)[O-])c2ncccc12,CCC(CNC(Cc1c[nH]c2ccccc12)C(=O)O)N(c1nc2ccccc2[nH]1)c1ccc([N+](=O)[O-])c2ncccc12
rxnflow_clpp,best_candidate,182,182,544,3,-9.0,NC(CNC(CCC(=O)O)C1=NC(C(=O)O)Cc2ccccc21)c1ccccc1,CC(NC(=O)CCC(NCC(N)c1ccccc1)C1=NC(C(=O)O)Cc2ccccc21)c1ccccc1
rxnflow_clpp,best_candidate,183,183,547,3,-9.0,CC(NC(=O)C(CCC(N)=O)NCC(C)(C)N)c1ccccc1,CC(NC(=O)C(CCC(N)=O)N(CC(C)(C)N)C(=O)Nc1ccc(C(F)(F)F)cc1)c1ccccc1
rxnflow_clpp,best_candidate,184,184,550,3,-9.0,NC(=O)CCC(C(=O)O)N(Cc1ccc(O)c(N)c1)C(=O)NCc1ccccc1,NC(=O)CCC(c1nc2cc(F)c(F)cc2o1)N(Cc1ccc(O)c(N)c1)C(=O)NCc1ccccc1
rxnflow_clpp,best_candidate,185,185,553,3,-9.0,COC(=O)c1ccc(CNC(CO)C2=NC(C(=O)O)Cc3ccc([N+](=O)[O-])cc32)cc1,COC(=O)c1ccc(CNC(CO)C2=NC(C(=O)NCc3ccc(C(F)(F)F)cc3)Cc3ccc([N+](=O)[O-])cc32)cc1
rxnflow_clpp,best_candidate,186,186,556,3,-9.0,Nc1nc(Nc2c(F)cccc2CNC(Cc2c[nH]c3ccccc23)C(=O)O)nc2[nH]cnc12,Nc1nc(Nc2c(F)cccc2CNC(Cc2c[nH]c3ccccc23)C2=NC(C(=O)O)Cc3ccc(O)cc32)nc2[nH]cnc12
rxnflow_clpp,best_candidate,187,187,559,3,-9.0,Cn1nnnc1NC(Cc1c[nH]c2ccccc12)C1=NC(C(=O)O)Cc2ccc(O)cc21,CCc1ccccc1COC(=O)C1Cc2ccc(O)cc2C(C(Cc2c[nH]c3ccccc23)Nc2nnnn2C)=N1
rxnflow_clpp,best_candidate,188,188,562,3,-9.0,NC(=O)CC(CNC(Cc1c[nH]c2ccccc12)C(=O)O)Nc1ccc(C(F)(F)F)cn1,CC(NC(=O)C(Cc1c[nH]c2ccccc12)NCC(CC(N)=O)Nc1ccc(C(F)(F)F)cn1)c1ccccc1
rxnflow_clpp,best_candidate,189,189,565,3,-9.0,N=C(N)NCCCC(NCC1(NC(=O)C(N)Cc2ccc(O)cc2)CCC1)C(=O)O,N=C(N)NCCCC(NCC1(NC(=O)C(N)Cc2ccc(O)cc2)CCC1)c1nc2ccc(C(F)(F)F)cc2[nH]1
rxnflow_clpp,best_candidate,190,190,568,3,-9.0,O=C(O)C(CCCNC(C(=O)O)c1ccccc1)NCc1ccc(C(F)(F)F)c(F)c1,O=C(O)C(NCCCC(NCc1ccc(C(F)(F)F)c(F)c1)c1nc2cc(F)c(F)cc2o1)c1ccccc1
rxnflow_clpp,best_candidate,191,191,571,3,-9.0,CC(C)CC(N)CNC(Cc1ccccc1)C(=O)NC(Cc1c[nH]c2ccccc12)C(=O)O,CC(C)CC(N)CNC(Cc1ccccc1)C(=O)NC(Cc1c[nH]c2ccccc12)c1nc2ccc(C(F)(F)F)cc2[nH]1
rxnflow_clpp,best_candidate,192,192,574,3,-9.0,Nc1nc(N(CC(N)Cc2c[nH]c3ccccc23)c2c(F)cccc2C(=O)O)nc2[nH]cnc12,Nc1nc(N(CC(N)Cc2c[nH]c3ccccc23)c2c(F)cccc2-c2nc3cc(C(=O)O)ccc3o2)nc2[nH]cnc12
rxnflow_clpp,best_candidate,193,193,577,3,-9.0,CC(C)CC(C(=O)O)N(C(=O)NC(C)c1ccccc1)c1nc(F)ccc1N,CC(C)CC(c1nc2cc(F)ccc2o1)N(C(=O)NC(C)c1ccccc1)c1nc(F)ccc1N
rxnflow_clpp,best_candidate,194,194,580,3,-9.0,Nc1c(O)cccc1CNC(Cc1c[nH]cn1)C1=NC(C(=O)O)Cc2ccc(O)cc21,Nc1c(O)cccc1CNC(Cc1c[nH]cn1)C1=NC(C(=O)NCc2ccccc2)Cc2ccc(O)cc21
rxnflow_clpp,best_candidate,195,195,583,3,-9.0,NC(=O)CCC(N)CN(C(=O)Nc1ccc(C(F)(F)F)cc1)c1cc(C(=O)O)ccc1O,NC(=O)CCC(N)CN(C(=O)Nc1ccc(C(F)(F)F)cc1)c1cc(-c2nc3ccc(C(F)(F)F)cc3[nH]2)ccc1O
rxnflow_clpp,best_candidate,196,196,586,3,-9.0,CC(NC(=O)Nc1cc(CNC(CCC(N)=O)C(=O)O)ccc1O)c1ccccc1,CC(NC(=O)Nc1cc(CNC(CCC(N)=O)CNCc2ccccc2)ccc1O)c1ccccc1
rxnflow_clpp,best_candidate,197,197,589,3,-9.0,Nc1nc(N(C(=O)NC(Cc2c[nH]c3ccccc23)C(=O)O)C(Cc2ccc(O)cc2)C(=O)O)cs1,Nc1nc(N(C(=O)NC(Cc2c[nH]c3ccccc23)c2nc3cc(F)ccc3o2)C(Cc2ccc(O)cc2)C(=O)O)cs1
rxnflow_clpp,best_candidate,198,198,592,3,-9.0,Nc1nc(N(C(=O)NCc2cccc(O)c2)c2c(F)cccc2C(=O)O)nc2[nH]cnc12,Nc1nc(N(C(=O)NCc2cccc(O)c2)c2c(F)cccc2C(=O)NCCc2ccccc2)nc2[nH]cnc12
rxnflow_clpp,best_candidate,199,199,595,3,-9.0,Nc1nc(Nc2ccccc2CNC(Cc2ccc(O)cc2)C(=O)O)nc2[nH]cnc12,Nc1nc(Nc2ccccc2CNC(Cc2ccc(O)cc2)c2nc3ccc(Br)cc3o2)nc2[nH]cnc12
rxnflow_clpp,best_candidate,200,200,598,3,-9.0,Nc1nc(NC(Cc2cccs2)CN2Cc3ccccc3CC2C(=O)O)nc2[nH]cnc12,Nc1nc(NC(Cc2cccs2)CN2Cc3ccccc3CC2CNCc2ccc(C(F)(F)F)cc2)nc2[nH]cnc12
rxnflow_clpp,best_candidate,201,201,601,3,-9.0,CCC(C)C(NCC(N)c1ccccc1)C(=O)NC(C(=O)O)c1ccccc1,CCC(C)C(NCC(NC(=O)N1CCCCC1)c1ccccc1)C(=O)NC(C(=O)O)c1ccccc1
rxnflow_clpp,best_candidate,202,202,604,3,-9.0,Nc1cccnc1N(c1ncc2[nH]ccc2n1)C(CO)C(=O)O,Nc1cccnc1N(c1ncc2[nH]ccc2n1)C(CO)c1nc2ccc(C(F)(F)F)cc2[nH]1
rxnflow_clpp,best_candidate,203,203,607,3,-9.0,N=C(N)NCCCC(C(=O)O)N(CC(N)Cc1ccc(O)cc1)C(=O)Nc1cccc(C(F)(F)F)c1,N=C(N)NCCCC(c1nc2ccc(C(=O)O)cc2o1)N(CC(N)Cc1ccc(O)cc1)C(=O)Nc1cccc(C(F)(F)F)c1
rxnflow_clpp,best_candidate,204,204,610,3,-9.0,NC(Cc1c[nH]c2ccccc12)C(=O)NC(CCCNC(C(=O)O)c1ccccc1)C(=O)O,NC(Cc1c[nH]c2ccccc12)C(=O)NC(CCCNC(C(=O)O)c1ccccc1)c1nc2cc(F)c(F)cc2o1
rxnflow_clpp,best_candidate,205,205,613,3,-9.0,O=C(Nc1nc(NC(Cc2c[nH]cn2)C(=O)O)nc2[nH]cnc12)c1ccc(F)c(F)c1F,O=C(Nc1nc(N(CC2Cc3ccccc3CN2)C(Cc2c[nH]cn2)C(=O)O)nc2[nH]cnc12)c1ccc(F)c(F)c1F
rxnflow_clpp,best_candidate,206,206,616,3,-9.0,Nc1nc(NC2(C(=O)N3CCC(C(=O)O)CC3)CCC2)nc2[nH]cnc12,Nc1nc(NC2(C(=O)N3CCC(C(=O)NCc4ccccc4)CC3)CCC2)nc2[nH]cnc12
rxnflow_clpp,best_candidate,207,207,619,3,-8.9,Nc1cc(CNCCCC(N)C(=O)N2CCCCC2)ccc1O,NC(CCCNCc1ccc(O)c(Nc2ccc3ccccc3n2)c1)C(=O)N1CCCCC1
rxnflow_clpp,best_candidate,208,208,622,3,-8.9,NC(=O)CCC(NCc1ccc(F)c(C(F)(F)F)c1)C(=O)NCc1ccccc1O,NC(=O)CCC(C(=O)NCc1ccccc1O)N(Cc1ccc(F)c(C(F)(F)F)c1)C(=O)Nc1ccc(C(F)(F)F)cc1
rxnflow_clpp,best_candidate,209,209,625,3,-8.9,NC(CCCNC(Cc1c[nH]c2ccccc12)C(=O)NCc1ccc(C(F)(F)F)cc1)C(=O)O,CC(NC(=O)C(N)CCCNC(Cc1c[nH]c2ccccc12)C(=O)NCc1ccc(C(F)(F)F)cc1)c1ccccc1
rxnflow_clpp,best_candidate,210,210,628,3,-8.9,N=C(N)NCCCC(NCc1cccc(O)c1N)C(=O)NCc1ccc(C(F)(F)F)cc1,N=C(N)NCCCC(C(=O)NCc1ccc(C(F)(F)F)cc1)N(Cc1cccc(O)c1N)C(=O)Nc1cccc(C(F)(F)F)c1
rxnflow_clpp,best_candidate,211,211,630,2,-8.9,COc1ccc(C(F)(F)F)cc1CNC(Cc1ccc(O)cc1)C(=O)O,COc1ccc(C(F)(F)F)cc1CNC(Cc1ccc(O)cc1)c1nc2cc(F)ccc2o1
rxnflow_clpp,best_candidate,212,212,633,3,-8.9,Cc1cc(N(C(=O)NCCc2ccc(O)cc2)C(Cc2ccccc2)C(=O)O)cnc1N,Cc1cc(N(C(=O)NCCc2ccc(O)cc2)C(Cc2ccccc2)c2nc3cc(F)ccc3o2)cnc1N
rxnflow_clpp,best_candidate,213,213,636,3,-8.9,CCC(C)C(NCc1c[nH]c2ccc(F)cc12)C(=O)NC(Cc1c[nH]c2ccccc12)C(=O)O,CCC(C)C(NCc1c[nH]c2ccc(F)cc12)C(=O)NC(Cc1c[nH]c2ccccc12)C1=NC(C(=O)O)Cc2ccccc21
rxnflow_clpp,best_candidate,214,214,639,3,-8.9,Cc1cc(Br)cnc1N(CC(N)CCC(N)=O)C(Cc1c[nH]c2ccccc12)C(=O)O,Cc1cc(Br)cnc1N(CC(N)CCC(N)=O)C(Cc1c[nH]c2ccccc12)C(=O)NC(C)c1ccccc1
rxnflow_clpp,best_candidate,215,215,642,3,-8.9,CC(C)C(C(=O)O)N(CC(N)Cc1c[nH]cn1)C(=O)NCc1c[nH]c2ccccc12,CC(C)C(C(=O)O)N(CC(Cc1c[nH]cn1)NC(=O)Nc1cccc(C(F)(F)F)c1)C(=O)NCc1c[nH]c2ccccc12
rxnflow_clpp,best_candidate,216,216,645,3,-8.9,N=C(N)NCCCC(C(=O)O)N(C(=O)Nc1cccc2cc[nH]c12)c1nc(F)ccc1N,CC(NC(=O)C(CCCNC(=N)N)N(C(=O)Nc1cccc2cc[nH]c12)c1nc(F)ccc1N)c1ccccc1
rxnflow_clpp,best_candidate,217,217,648,3,-8.9,CCC(C)C(NCCCC(N)C(=O)NC(Cc1c[nH]c2ccccc12)C(=O)O)C(=O)O,CCC(C)C(NCCCC(NC(=O)NC(C)c1ccccc1)C(=O)NC(Cc1c[nH]c2ccccc12)C(=O)O)C(=O)O
rxnflow_clpp,best_candidate,218,218,651,3,-8.9,N=C(N)NCCCC(NCc1ccc(N)c(O)c1)C(=O)Oc1ccc(CC(N)C(=O)O)cc1,N=C(N)NCCCC(NCc1ccc(N)c(O)c1)C(=O)Oc1ccc(CC(N)C(=O)OCC2CCC(F)(F)CC2)cc1
rxnflow_clpp,best_candidate,219,219,654,3,-8.9,NC(CCCN(C(=O)N1CCC(S(=O)(=O)F)CC1)c1cc(C(=O)O)ccc1O)C(=O)O,NC(CCCN(C(=O)N1CCC(S(=O)(=O)F)CC1)c1cc(C(=O)NCCc2ccccc2)ccc1O)C(=O)O
rxnflow_clpp,best_candidate,220,220,657,3,-8.9,NC(=O)CCC(CNC(Cc1ccccc1)C(=O)O)Nc1ccc2ccccc2n1,COc1ccc2oc(C(Cc3ccccc3)NCC(CCC(N)=O)Nc3ccc4ccccc4n3)nc2c1
rxnflow_clpp,best_candidate,221,221,660,3,-8.9,NC(CCCNc1c(F)cccc1C(=O)O)c1nc2cc(C(=O)O)ccc2o1,NC(CCCNc1c(F)cccc1C(=O)OCC1CCC(F)(F)CC1)c1nc2cc(C(=O)O)ccc2o1
rxnflow_clpp,best_candidate,222,222,663,3,-8.9,Nc1nc(N(C(=O)NC(Cc2c[nH]c3ccccc23)C(=O)O)c2ccccc2C(=O)O)nc2[nH]cnc12,Nc1nc(N(C(=O)NC(Cc2c[nH]c3ccccc23)c2nc3ccc(C(F)(F)F)cc3[nH]2)c2ccccc2C(=O)O)nc2[nH]cnc12
rxnflow_clpp,best_candidate,223,223,666,3,-8.9,CC(C)CC(Nc1ccc2c(C=O)c[nH]c2c1)C(=O)NC(Cc1c[nH]c2ccccc12)C(=O)O,CC(C)CC(Nc1ccc2c(C=O)c[nH]c2c1)C(=O)NC(CNc1ccccc1O)Cc1c[nH]c2ccccc12
rxnflow_clpp,best_candidate,224,224,669,3,-8.9,Nc1nc(N(CC(N)c2ccccc2)C(C(=O)O)c2ccccc2)nc2[nH]cnc12,Nc1nc(N(CC(N)c2ccccc2)C(C2=NC(C(=O)O)Cc3ccccc32)c2ccccc2)nc2[nH]cnc12
rxnflow_clpp,best_candidate,225,225,672,3,-8.9,N=C(N)NCCCC(CNC(Cc1c[nH]c2ccccc12)C(=O)O)NCc1c[nH]c2ccc(F)cc12,N=C(N)NCCCC(CNC(Cc1c[nH]c2ccccc12)C1=NCCc2c(Br)cccc21)NCc1c[nH]c2ccc(F)cc12
rxnflow_clpp,best_candidate,226,226,675,3,-8.9,O=Cc1cccnc1Nc1nc(NC(C(=O)O)c2ccccc2)nc2[nH]cnc12,O=Cc1cccnc1N(C(=O)NCc1c[nH]c2ccccc12)c1nc(NC(C(=O)O)c2ccccc2)nc2[nH]cnc12
rxnflow_clpp,best_candidate,227,227,678,3,-8.9,N#Cc1cccc(COC(=O)C(Cc2ccc(O)cc2)NCCCC(N)C(=O)O)c1,N#Cc1cccc(COC(=O)C(Cc2ccc(O)cc2)NCCCC(N)c2nc3cc(F)c(F)cc3o2)c1
rxnflow_clpp,best_candidate,228,228,681,3,-8.9,Nc1nc(N(C(=O)Nc2ccc(C(F)(F)F)cc2)C(CS)C(=O)O)nc2[nH]cnc12,Nc1nc(N(C(=O)Nc2ccc(C(F)(F)F)cc2)C(CS)C(=O)OCc2cc(=O)[nH]c3ccccc23)nc2[nH]cnc12
rxnflow_clpp,best_candidate,229,229,684,3,-8.9,Nc1ccc(F)nc1NC(CCC(=O)NCc1ccc(C(F)(F)F)cc1)C(=O)O,Nc1ccc(F)nc1N(Cc1ccc(C(F)(F)F)cc1)C(CCC(=O)NCc1ccc(C(F)(F)F)cc1)C(=O)O
rxnflow_clpp,best_candidate,230,230,687,3,-8.9,NC(CCN(C(=O)Nc1ccc(C(F)(F)F)cc1)C(Cc1c[nH]c2ccccc12)C(=O)O)C(=O)O,NC(CCN(C(=O)Nc1ccc(C(F)(F)F)cc1)C(Cc1c[nH]c2ccccc12)C(=O)O)c1nc2cc(F)ccc2o1
rxnflow_clpp,best_candidate,231,231,690,3,-8.9,NC(CNC(CO)C1=NC(C(=O)O)Cc2ccc(O)cc21)Cc1ccccc1,NC(CNC(CO)C1=NC(C2=NCCc3ccccc32)Cc2ccc(O)cc21)Cc1ccccc1
rxnflow_clpp,best_candidate,232,232,693,3,-8.9,CCC(C)C(N)CNC(Cc1ccc([N+](=O)[O-])cc1)C1=NC(C(=O)O)Cc2ccc([N+](=O)[O-])cc21,CCC(C)C(N)CNC(Cc1ccc([N+](=O)[O-])cc1)C1=NC(C(=O)NC(C(=O)O)c2ccccc2)Cc2ccc([N+](=O)[O-])cc21
rxnflow_clpp,best_candidate,233,233,696,3,-8.9,N=C(N)NCCCC(CNC(Cc1c[nH]c2ccccc12)C(=O)O)Nc1ccc2ccccc2n1,N=C(N)NCCCC(CNC(Cc1c[nH]c2ccccc12)C(=O)O)N(CC1CCNCC1)c1ccc2ccccc2n1
rxnflow_clpp,best_candidate,234,234,699,3,-8.9,NC(=O)CC(NCCCC(N)C(=O)NC(C(=O)O)c1ccccc1)C(=O)O,NC(=O)CC(NCCCC(N)C(=O)NC(C(=O)O)c1ccccc1)c1nc2cc(Br)ccc2o1
rxnflow_clpp,best_candidate,235,235,702,3,-8.9,CC(C)(N)CNc1c(F)cccc1C(=O)NC(Cc1ccccc1)C(=O)O,CC(C)(CNc1c(F)cccc1C(=O)NC(Cc1ccccc1)C(=O)O)NC(=O)N1CCNCC1
rxnflow_clpp,best_candidate,236,236,705,3,-8.9,CC(O)C(NCc1cccc(O)c1Nc1ccc2ccccc2n1)C(=O)O,CC(O)C(NCc1cccc(O)c1Nc1ccc2ccccc2n1)C(=O)NCCc1c[nH]c2ccccc12
rxnflow_clpp,best_candidate,237,237,708,3,-8.9,O=C(NC(CCNC(C(=O)O)c1ccccc1)C(=O)O)c1cncc(F)c1,O=C(NC(CCNC(C(=O)O)c1ccccc1)c1nc2ccc(C(F)(F)F)cc2[nH]1)c1cncc(F)c1
rxnflow_clpp,best_candidate,238,238,709,1,-8.9,Nc1nc(NC(Cc2ccccc2)C(=O)NC(C(=O)O)c2ccccc2)nc2[nH]cnc12,Nc1nc(N(c2cccnc2F)C(Cc2ccccc2)C(=O)NC(C(=O)O)c2ccccc2)nc2[nH]cnc12
rxnflow_clpp,best_candidate,239,239,712,3,-8.9,Nc1nc(N(C(=O)NCc2c[nH]c3ccccc23)C(Cc2cccs2)C(=O)O)nc2[nH]cnc12,O=C(O)C(Cc1cccs1)N(C(=O)NCc1c[nH]c2ccccc12)c1nc(NS(=O)(=O)c2cccc(F)c2)c2nc[nH]c2n1
rxnflow_clpp,best_candidate,240,240,715,3,-8.9,CCC(C)C(NCC(N)c1ccccc1)C1=NC(C(=O)O)Cc2ccccc21,CCC(C)C(NCC(N)c1ccccc1)C1=NC(CNC(C)c2ccccc2)Cc2ccccc21
rxnflow_clpp,best_candidate,241,241,718,3,-8.9,Nc1nc(NC(Cc2ccc(O)cc2)C2=NC(C(=O)O)Cc3ccccc32)cs1,CCc1ccccc1COC(=O)C1Cc2ccccc2C(C(Cc2ccc(O)cc2)Nc2csc(N)n2)=N1
rxnflow_clpp,best_candidate,242,242,721,3,-8.9,NC(Cc1ccccc1)C(=O)Nc1ccncc1CNC(Cc1ccccc1)C(=O)O,CC(NC(=O)C(Cc1ccccc1)NCc1cnccc1NC(=O)C(N)Cc1ccccc1)c1ccccc1
rxnflow_clpp,best_candidate,243,243,724,3,-8.9,Nc1nc(NC(CNc2cc(C(=O)O)ccc2O)Cc2cccs2)nc2[nH]cnc12,Nc1ccccc1OC(=O)c1ccc(O)c(NCC(Cc2cccs2)Nc2nc(N)c3nc[nH]c3n2)c1
rxnflow_clpp,best_candidate,244,244,727,3,-8.9,CCC(C)C(Nc1nc(N)c2nc[nH]c2n1)C(=O)NCc1ccc(C(F)(F)F)cc1,CCC(C)C(C(=O)NCc1ccc(C(F)(F)F)cc1)N(C(=O)Nc1cccc(C(F)(F)F)c1)c1nc(N)c2nc[nH]c2n1
rxnflow_clpp,best_candidate,245,245,730,3,-8.9,NC(=O)CC(NCCCC(NC(=O)c1ccc(F)c(F)c1F)C(=O)O)C(=O)O,NC(=O)CC(NCCCC(NC(=O)c1ccc(F)c(F)c1F)C(=O)O)c1nc2ccccc2o1
rxnflow_clpp,best_candidate,246,246,733,3,-8.9,Nc1cccc(NC(Cc2cccs2)C(=O)NCc2ccc(C(F)(F)F)cc2)c1C(=O)O,Nc1cccc(NC(Cc2cccs2)C(=O)NCc2ccc(C(F)(F)F)cc2)c1C1=NCCc2ccccc21
rxnflow_clpp,best_candidate,247,247,736,3,-8.9,Nc1ccc(F)nc1NCCCC(N)C(=O)NCc1ccccc1,Nc1ccc(F)nc1N(CCCC(N)C(=O)NCc1ccccc1)C(=O)Nc1cc(F)c(F)cc1O
rxnflow_clpp,best_candidate,248,248,739,3,-8.9,CC(C)CC(CNCCc1c[nH]c2ccc(O)cc12)Nc1nc(N)c2nc[nH]c2n1,CC(C)CC(CNCCc1c[nH]c2ccc(O)cc12)N(C(=O)Nc1ccc(C(F)(F)F)cc1)c1nc(N)c2nc[nH]c2n1
rxnflow_clpp,best_candidate,249,249,742,3,-8.9,NC(=O)CC(NCc1ccc(Nc2ccc(C(F)(F)F)cn2)c(O)c1)C(=O)O,NC(=O)CC(NCc1ccc(Nc2ccc(C(F)(F)F)cn2)c(O)c1)c1nc2ccc(C(=O)O)cc2[nH]1
rxnflow_clpp,best_candidate,250,250,745,3,-8.9,Nc1c(O)cccc1CNC(CC(=O)O)C1=NC(C(=O)O)Cc2ccc(O)cc21,Nc1c(O)cccc1CNC(Cc1nc2ccc(C(F)(F)F)cc2[nH]1)C1=NC(C(=O)O)Cc2ccc(O)cc21
rxnflow_clpp,best_candidate,251,251,748,3,-8.9,CC(C)C(N)CNC(CCC(N)=O)c1nc2cc(F)c(F)cc2o1,CC(C)C(CNC(CCC(N)=O)c1nc2cc(F)c(F)cc2o1)NCc1c[nH]c2ccc(F)cc12
rxnflow_clpp,best_candidate,252,252,751,3,-8.9,CCC(N)CNC(Cc1c[nH]c2ccccc12)C1=NC(C(=O)O)Cc2ccc([N+](=O)[O-])cc21,CCC(N)CNC(Cc1c[nH]c2ccccc12)C1=NC(C(=O)OCC(=O)c2ccccc2)Cc2ccc([N+](=O)[O-])cc21
rxnflow_clpp,best_candidate,253,253,754,3,-8.9,O=C(NC(CCNC(Cc1ccc(O)cc1)C(=O)O)C(=O)O)c1ccc(F)cc1,O=C(NC(CCNC(Cc1ccc(O)cc1)C(=O)O)C1=NC(C(=O)O)Cc2ccccc21)c1ccc(F)cc1
rxnflow_clpp,best_candidate,254,254,757,3,-8.9,O=C(Nc1ccccc1C(=O)O)NC(CCCNC(C(=O)O)c1ccccc1)C(=O)O,O=C(Nc1ccccc1C(=O)Nc1cc(C(=O)O)ccc1O)NC(CCCNC(C(=O)O)c1ccccc1)C(=O)O
rxnflow_clpp,best_candidate,255,255,760,3,-8.9,O=C1CCCN(C(=O)Nc2nc(NC(Cc3cccs3)C(=O)O)nc3[nH]cnc23)C1,O=C1CCCN(C(=O)Nc2nc(NC(Cc3cccs3)c3nc4cc(F)c(F)cc4o3)nc3[nH]cnc23)C1
rxnflow_clpp,best_candidate,256,256,763,3,-8.9,O=C(O)c1ccc(O)c(NCC(CO)Nc2ccc3ccccc3n2)c1,CC(NCc1ccc(O)c(NCC(CO)Nc2ccc3ccccc3n2)c1)c1ccccc1
rxnflow_clpp,best_candidate,257,257,766,3,-8.9,Nc1ccc(C(=O)O)cc1N(C(=O)Nc1ccc(C(F)(F)F)cc1)C(Cc1c[nH]cn1)C(=O)O,Nc1ccc(C(=O)NCCc2ccc(O)cc2)cc1N(C(=O)Nc1ccc(C(F)(F)F)cc1)C(Cc1c[nH]cn1)C(=O)O
rxnflow_clpp,best_candidate,258,258,769,3,-8.9,Nc1cc(N(C(=O)Nc2ccc(C(F)(F)F)cc2)C(CCC(=O)O)C(=O)O)n[nH]1,Nc1cc(N(C(=O)Nc2ccc(C(F)(F)F)cc2)C(CCC(=O)O)c2nc3cc(F)c(F)cc3o2)n[nH]1
rxnflow_clpp,best_candidate,259,259,772,3,-8.9,CCC(C)C(NCC(N)Cc1ccc(O)cc1)C1=NC(C(=O)O)Cc2ccccc21,CCC(C)C(C1=NC(C(=O)O)Cc2ccccc21)N(CC(N)Cc1ccc(O)cc1)C(=O)NCc1ccc(C(F)(F)F)cc1
rxnflow_clpp,best_candidate,260,260,775,3,-8.9,NC(=O)CC(CNC(Cc1ccccc1)C(=O)O)NC(=O)C(N)Cc1c[nH]c2ccccc12,NC(=O)CC(CN(C(=O)Nc1ccc(C(F)(F)F)cc1)C(Cc1ccccc1)C(=O)O)NC(=O)C(N)Cc1c[nH]c2ccccc12
rxnflow_clpp,best_candidate,261,261,778,3,-8.9,NC(=O)CCC(CNC(Cc1ccc(O)cc1)C(=O)O)NCc1ccc(F)c(C(F)(F)F)c1,NC(=O)CCC(CNC(Cc1ccc(O)cc1)c1nc2cc(F)c(F)cc2o1)NCc1ccc(F)c(C(F)(F)F)c1
rxnflow_clpp,best_candidate,262,262,781,3,-8.9,Nc1cccnc1NC(CCNC(Cc1ccc(O)cc1)C(=O)O)C(=O)O,Nc1cccnc1N(C(=O)Nc1cccc(C(F)(F)F)c1)C(CCNC(Cc1ccc(O)cc1)C(=O)O)C(=O)O
rxnflow_clpp,best_candidate,263,263,784,3,-8.9,NC(=O)CCC(CNc1cc(C(=O)O)ccc1O)Nc1ccc2ccccc2n1,NC(=O)CCC(CNc1cc(-c2nc3ccccc3o2)ccc1O)Nc1ccc2ccccc2n1
rxnflow_clpp,best_candidate,264,264,785,1,-8.9,Nc1nc(N(C(=O)NCc2ccc(C(F)(F)F)cc2)c2c(F)cccc2C(=O)O)nc2[nH]cnc12,CN1CCCC(COC(=O)c2cccc(F)c2N(C(=O)NCc2ccc(C(F)(F)F)cc2)c2nc(N)c3nc[nH]c3n2)C1
rxnflow_clpp,best_candidate,265,265,788,3,-8.9,NC(=O)CCC(N)CNC(C1=NC(C(=O)O)Cc2ccccc21)c1ccccc1,NC(=O)CCC(N)CNC(C1=NC(C(=O)OCC2CCC(F)(F)CC2)Cc2ccccc21)c1ccccc1
rxnflow_clpp,best_candidate,266,266,791,3,-8.9,Nc1cccnc1NC(CCCNC(C(=O)O)c1ccccc1)C(=O)O,Nc1cccnc1NC(CCCNC(C(=O)O)c1ccccc1)C1=NC(C(=O)O)Cc2c1[nH]c1ccccc21
rxnflow_clpp,best_candidate,267,267,794,3,-8.9,CCC(N)CN(C(=O)NCCc1ccccc1)C(Cc1ccc([N+](=O)[O-])cc1)C(=O)O,CCC(N)CN(C(=O)NCCc1ccccc1)C(Cc1ccc([N+](=O)[O-])cc1)c1nc2ccc(C(F)(F)F)cc2[nH]1
rxnflow_clpp,best_candidate,268,268,797,3,-8.9,CCC(C)C(CNC(CC(C)C)C(=O)O)NC(=O)c1ccccc1N,CCC(C)C(CNC(CC(C)C)c1nc2cc(F)ccc2o1)NC(=O)c1ccccc1N
rxnflow_clpp,best_candidate,269,269,800,3,-8.9,CC(C)CC(CNC(C)(C)C(=O)O)Nc1ccc2ccccc2n1,CC(C)CC(CNC(C)(C)c1nc2ccc(C(F)(F)F)cc2[nH]1)Nc1ccc2ccccc2n1
rxnflow_clpp,best_candidate,270,270,803,3,-8.9,Nc1ccc(CN(c2ccc3ccccc3n2)C(CCC(=O)O)C(=O)O)cc1O,N#Cc1ccc2nc(C(CCC(=O)O)N(Cc3ccc(N)c(O)c3)c3ccc4ccccc4n3)[nH]c2c1
rxnflow_clpp,best_candidate,271,271,806,3,-8.9,Nc1cc(C(=O)O)ccc1N(C(=O)NCc1c[nH]c2ccccc12)c1nc(N)c2nc[nH]c2n1,Nc1cc(C(=O)OCC(=O)c2ccc(O)cc2)ccc1N(C(=O)NCc1c[nH]c2ccccc12)c1nc(N)c2nc[nH]c2n1
rxnflow_clpp,best_candidate,272,272,809,3,-8.9,CC(O)C(CNC(Cc1ccccc1)C(=O)O)Nc1ccc([N+](=O)[O-])c2ncccc12,CC(O)C(CNC(Cc1ccccc1)C(=O)O)N(C(=O)Nc1cccc(C(F)(F)F)c1)c1ccc([N+](=O)[O-])c2ncccc12
rxnflow_clpp,best_candidate,273,273,812,3,-8.9,NCCCN(C(=O)Nc1cccc(C(F)(F)F)c1)C(CC(N)=O)C(=O)O,NCCCN(C(=O)Nc1cccc(C(F)(F)F)c1)C(CC(N)=O)C1=NC(C(=O)O)Cc2c1[nH]c1ccccc21
rxnflow_clpp,best_candidate,274,274,815,3,-8.9,CC(C)C(NCC(N)c1ccccc1)C1=NC(C(=O)O)Cc2ccc(O)cc21,CC(C)C(NCC(N)c1ccccc1)C1=NC(C2=NC(C(=O)O)Cc3c2[nH]c2ccccc32)Cc2ccc(O)cc21
rxnflow_clpp,best_candidate,275,275,818,3,-8.9,O=C(O)C(Cc1c[nH]c2ccccc12)NC(=O)C(NCc1ccnc(F)c1)c1ccccc1,O=C(O)c1ccc(NC(=O)C(Cc2c[nH]c3ccccc23)NC(=O)C(NCc2ccnc(F)c2)c2ccccc2)c(O)c1
rxnflow_clpp,best_candidate,276,276,821,3,-8.9,CC(O)C(CNc1c(F)cccc1C(=O)O)Nc1ccc2ccccc2n1,CC(O)C(CNc1c(F)cccc1-c1nc2ccccc2o1)Nc1ccc2ccccc2n1
rxnflow_clpp,best_candidate,277,277,824,3,-8.9,Nc1cccnc1NC(CNC(Cc1ccc(O)cc1)C(=O)O)c1ccccc1,Nc1cccnc1NC(CNC(Cc1ccc(O)cc1)C(=O)NCc1ccccc1)c1ccccc1
rxnflow_clpp,best_candidate,278,278,827,3,-8.9,CC(O)C(Nc1nc(F)ccc1Nc1ccc(C(F)(F)F)cn1)C(=O)O,CC(OCC1CCC(F)(F)CC1)C(Nc1nc(F)ccc1Nc1ccc(C(F)(F)F)cn1)C(=O)O
rxnflow_clpp,best_candidate,279,279,830,3,-8.9,Nc1ccc(CNC(Cc2ccc(O)cc2)C2=NC(C(=O)O)Cc3ccccc32)cc1N,Nc1ccc(CNC(Cc2ccc(O)cc2)C2=NC(c3nc4cc(Br)ccc4o3)Cc3ccccc32)cc1N
rxnflow_clpp,best_candidate,280,280,833,3,-8.9,Nc1cc(CN(CCCCC(N)C(=O)O)C(=O)c2cccc(F)n2)ccc1O,CC(NC(=O)C(N)CCCCN(Cc1ccc(O)c(N)c1)C(=O)c1cccc(F)n1)c1ccccc1
rxnflow_clpp,best_candidate,281,281,836,3,-8.9,CCC(NCC(N)CO)C(=O)NCc1ccc(C(F)(F)F)cc1,CCC(C(=O)NCc1ccc(C(F)(F)F)cc1)N(CC(N)CO)C(=O)Nc1ccc(C(F)(F)F)cc1N
rxnflow_clpp,best_candidate,282,282,839,3,-8.9,CC(C)(N)CNC(CCC(=O)NC(C(=O)O)c1ccccc1)C(=O)O,CC(C)(N)CNC(CCC(=O)NC(C(=O)O)c1ccccc1)c1nc2cc(F)c(F)cc2o1
rxnflow_clpp,best_candidate,283,283,842,3,-8.9,O=C(O)C(CCCNC1(C(=O)O)CCC1)Nc1ccc2ccccc2n1,O=C(O)C1(NCCCC(Nc2ccc3ccccc3n2)c2nc3cc(F)ccc3o2)CCC1
rxnflow_clpp,best_candidate,284,284,845,3,-8.9,Nc1cccnc1NCCC(=O)NC1(C(=O)O)CCC1,Nc1cccnc1NCCC(=O)NC1(C(=O)NCc2ccc(C(F)(F)F)cc2)CCC1
rxnflow_clpp,best_candidate,285,285,848,3,-8.9,CCC(C)C(NCc1cccc(F)c1N)C1=NC(C(=O)O)Cc2ccc(O)cc21,CCC(C)C(NCc1cccc(F)c1N)C1=NC(C(=O)NC(C)c2ccccc2)Cc2ccc(O)cc21
rxnflow_clpp,best_candidate,286,286,851,3,-8.9,NC(=O)CCC(C(=O)O)N(c1ccc(C(F)(F)F)cn1)c1nc(N)c2nc[nH]c2n1,NC(=O)CCC(c1nc2ccc(C(=O)O)cc2[nH]1)N(c1ccc(C(F)(F)F)cn1)c1nc(N)c2nc[nH]c2n1
rxnflow_clpp,best_candidate,287,287,854,3,-8.8,NC(Cc1ccc([N+](=O)[O-])cc1)CN(C(=O)Nc1cccc(C(F)(F)F)c1)C(C(=O)O)c1ccccc1,NC(Cc1ccc([N+](=O)[O-])cc1)CN(C(=O)Nc1cccc(C(F)(F)F)c1)C(c1ccccc1)c1nc2cc(F)ccc2o1
rxnflow_clpp,best_candidate,288,288,857,3,-8.8,CCC(C)C(C(=O)O)N(CC(N)c1ccccc1)CC(N)c1ccccc1,CCC(C)C(c1nc2ccc(C(F)(F)F)cc2[nH]1)N(CC(N)c1ccccc1)CC(N)c1ccccc1
rxnflow_clpp,best_candidate,289,289,860,3,-8.8,CC(NC(=O)C(Cc1ccc([N+](=O)[O-])cc1)NCC(N)CCC(N)=O)c1ccccc1,CC(NC(=O)C(Cc1ccc([N+](=O)[O-])cc1)NCC(CCC(N)=O)NC(=O)N1CCC(O)CC1)c1ccccc1
rxnflow_clpp,best_candidate,290,290,863,3,-8.8,CC(C)CC(NCc1ccc(N)c(N)c1)C(=O)Nc1cc(C(=O)O)ccc1O,CC(C)CC(NCc1ccc(N)c(N)c1)C(=O)Nc1cc(-c2nc3ccc(C(F)(F)F)cc3[nH]2)ccc1O
rxnflow_clpp,best_candidate,291,291,866,3,-8.8,COC(=O)c1cccc(CNC(CCCNC(=N)N)C(=O)N2CCCC(C(=O)O)C2)c1,COC(=O)c1cccc(CNC(CCCNC(=N)N)C(=O)N2CCCC(c3nc4cc(F)ccc4o3)C2)c1
rxnflow_clpp,best_candidate,292,292,869,3,-8.8,N=C(N)NCCCC(Nc1cccc(NCc2cccnc2F)c1N)C(=O)O,N=C(N)NCCCC(Nc1cccc(NCc2cccnc2F)c1N)c1nc2cc(F)ccc2o1
rxnflow_clpp,best_candidate,293,293,872,3,-8.8,Nc1nc(N(C(=O)NCc2c[nH]c3ccccc23)C(CC2CCCCC2)C(=O)O)cs1,O=C(O)C(CC1CCCCC1)N(C(=O)NCc1c[nH]c2ccccc12)c1csc(Nc2ccc3ccccc3n2)n1
rxnflow_clpp,best_candidate,294,294,875,3,-8.8,N=C(N)NCCCC(Nc1nc(Nc2cccnc2F)c2nc[nH]c2n1)C(=O)O,N=C(N)NCCCC(Nc1nc(Nc2cccnc2F)c2nc[nH]c2n1)C1=NCCc2c(Br)cccc21
rxnflow_clpp,best_candidate,295,295,878,3,-8.8,CC(NCC(Cc1c[nH]c2ccccc12)NCC(N)CCCNC(=N)N)c1ccccc1,CC(NCC(Cc1c[nH]c2ccccc12)NCC(CCCNC(=N)N)Nc1ccc2ccccc2n1)c1ccccc1
rxnflow_clpp,best_candidate,296,296,881,3,-8.8,Nc1ccc(CN(CC(N)Cc2ccc(O)cc2)C(C(=O)O)c2ccccc2)cc1O,Nc1ccc(CN(CC(N)Cc2ccc(O)cc2)C(c2ccccc2)c2nc3cc(Br)ccc3o2)cc1O
rxnflow_clpp,best_candidate,297,297,884,3,-8.8,NC(CCNC(Cc1c[nH]c2ccccc12)C(=O)O)C1=NC(C(=O)O)Cc2ccccc21,CC(NC(=O)C(Cc1c[nH]c2ccccc12)NCCC(N)C1=NC(C(=O)O)Cc2ccccc21)c1ccccc1
rxnflow_clpp,best_candidate,298,298,887,3,-8.8,NC(=O)CC(CNC(CC(N)=O)C(=O)O)NC(=O)c1ccc(F)c(F)c1F,NC(=O)CC(CNC(CC(N)=O)c1nc2ccc(C(F)(F)F)cc2[nH]1)NC(=O)c1ccc(F)c(F)c1F
rxnflow_clpp,best_candidate,299,299,890,3,-8.8,N=C(N)NCCCC(NCc1cccc(O)c1N)C(=O)NC(C(=O)O)c1ccccc1,N=C(N)NCCCC(NCc1cccc(O)c1N)C(=O)NC(C(=O)NCc1ccc(C(F)(F)F)cc1)c1ccccc1
rxnflow_clpp,best_candidate,300,300,893,3,-8.8,Nc1ccc(F)nc1N(C(=O)NCCc1ccc(O)cc1)C(Cc1ccccc1)C(=O)O,Nc1ccc(F)nc1N(C(=O)NCCc1ccc(O)cc1)C(Cc1ccccc1)c1nc2ccc(Br)cc2[nH]1
rxnflow_clpp,hub_batching,1,1,3,3,-10.6,O=C(O)c1ccccc1Nc1nc(F)ccc1Nc1cc(Br)ccn1,Fc1ccc(Nc2cc(Br)ccn2)c(Nc2ccccc2-c2nc3ccc(C(F)(F)F)cc3[nH]2)n1
rxnflow_clpp,hub_batching,2,2,4,1,-9.9,O=C(O)c1ccccc1Nc1nc(F)ccc1Nc1cc(Br)ccn1,O=C(Nc1cc(F)c(F)cc1O)c1ccccc1Nc1nc(F)ccc1Nc1cc(Br)ccn1
rxnflow_clpp,hub_batching,3,3,5,1,-9.9,O=C(O)c1ccccc1Nc1nc(F)ccc1Nc1cc(Br)ccn1,O=C(O)c1ccccc1Nc1nc(F)ccc1Nc1cc(-c2cccc(F)c2F)ccn1
rxnflow_clpp,hub_batching,4,4,6,1,-9.7,O=C(O)c1ccccc1Nc1nc(F)ccc1Nc1cc(Br)ccn1,CC(NCc1ccccc1Nc1nc(F)ccc1Nc1cc(Br)ccn1)c1ccccc1
rxnflow_clpp,hub_batching,5,5,7,1,-9.6,O=C(O)c1ccccc1Nc1nc(F)ccc1Nc1cc(Br)ccn1,CC(Nc1ccc(Nc2cc(Br)ccn2)c(Nc2ccccc2C(=O)O)n1)c1ccccc1
rxnflow_clpp,hub_batching,6,6,8,1,-9.2,O=C(O)c1ccccc1Nc1nc(F)ccc1Nc1cc(Br)ccn1,O=C(O)c1ccccc1N(C(=O)NCCc1ccccc1)c1nc(F)ccc1Nc1cc(Br)ccn1
rxnflow_clpp,hub_batching,7,7,9,1,-9.1,O=C(O)c1ccccc1Nc1nc(F)ccc1Nc1cc(Br)ccn1,Fc1ccc2oc(-c3ccccc3Nc3nc(F)ccc3Nc3cc(Br)ccn3)nc2c1
rxnflow_clpp,hub_batching,8,8,10,1,-9.0,O=C(O)c1ccccc1Nc1nc(F)ccc1Nc1cc(Br)ccn1,O=C(O)c1ccccc1Nc1nc(F)ccc1Nc1cc(NCCc2c[nH]c3ccc(O)cc23)ccn1
rxnflow_clpp,hub_batching,9,9,11,1,-8.7,O=C(O)c1ccccc1Nc1nc(F)ccc1Nc1cc(Br)ccn1,NC(Cc1ccc(O)cc1)CN(c1ccccc1C(=O)O)c1nc(F)ccc1Nc1cc(Br)ccn1
rxnflow_clpp,hub_batching,10,10,12,1,-8.6,O=C(O)c1ccccc1Nc1nc(F)ccc1Nc1cc(Br)ccn1,O=C(O)c1ccccc1N(c1ccc(C(F)(F)F)cn1)c1nc(F)ccc1Nc1cc(Br)ccn1
rxnflow_clpp,hub_batching,11,11,13,1,-8.4,O=C(O)c1ccccc1Nc1nc(F)ccc1Nc1cc(Br)ccn1,O=C(O)C1Cc2c([nH]c3ccccc23)C(c2ccccc2Nc2nc(F)ccc2Nc2cc(Br)ccn2)=N1
rxnflow_clpp,hub_batching,12,12,14,1,-8.3,O=C(O)c1ccccc1Nc1nc(F)ccc1Nc1cc(Br)ccn1,N#Cc1cccc(C(=O)COC(=O)c2ccccc2Nc2nc(F)ccc2Nc2cc(Br)ccn2)c1
rxnflow_clpp,hub_batching,13,13,15,1,-8.2,O=C(O)c1ccccc1Nc1nc(F)ccc1Nc1cc(Br)ccn1,O=C(O)c1ccccc1Nc1nc(N2CCCC(C(=O)O)C2)ccc1Nc1cc(Br)ccn1
rxnflow_clpp,hub_batching,14,14,18,3,-9.3,O=C(O)c1cccc(F)c1Nc1nc(Nc2ccc([N+](=O)[O-])c3ccccc23)c2nc[nH]c2n1,O=C(O)c1cccc(F)c1N(C(=O)NCCc1c[nH]c2ccccc12)c1nc(Nc2ccc([N+](=O)[O-])c3ccccc23)c2nc[nH]c2n1
rxnflow_clpp,hub_batching,15,15,19,1,-9.0,O=C(O)c1cccc(F)c1Nc1nc(Nc2ccc([N+](=O)[O-])c3ccccc23)c2nc[nH]c2n1,O=C(NCc1ccc(C(F)(F)F)cc1)c1cccc(F)c1Nc1nc(Nc2ccc([N+](=O)[O-])c3ccccc23)c2nc[nH]c2n1
rxnflow_clpp,hub_batching,16,16,20,1,-9.0,O=C(O)c1cccc(F)c1Nc1nc(Nc2ccc([N+](=O)[O-])c3ccccc23)c2nc[nH]c2n1,O=C(Cn1cnc2c(Nc3ccc([N+](=O)[O-])c4ccccc34)nc(Nc3c(F)cccc3C(=O)O)nc21)c1ccc(F)cc1F
rxnflow_clpp,hub_batching,17,17,21,1,-8.0,O=C(O)c1cccc(F)c1Nc1nc(Nc2ccc([N+](=O)[O-])c3ccccc23)c2nc[nH]c2n1,O=C(O)C1Cc2c([nH]c3ccccc23)C(c2cccc(F)c2Nc2nc(Nc3ccc([N+](=O)[O-])c4ccccc34)c3nc[nH]c3n2)=N1
rxnflow_clpp,hub_batching,18,18,24,3,-10.7,Cc1cc(N(c2ccc(C(F)(F)F)cn2)C2(C(=O)O)CCC2)cnc1N,Cc1cc(N(c2ccc(C(F)(F)F)cn2)C2(C(=O)O)CCC2)cnc1NCc1ccc(C(F)(F)F)c(F)c1
rxnflow_clpp,hub_batching,19,19,25,1,-10.0,Cc1cc(N(c2ccc(C(F)(F)F)cn2)C2(C(=O)O)CCC2)cnc1N,Cc1ccc(S(=O)(=O)F)cc1NC(=O)C1(N(c2cnc(N)c(C)c2)c2ccc(C(F)(F)F)cn2)CCC1
rxnflow_clpp,hub_batching,20,20,26,1,-9.8,Cc1cc(N(c2ccc(C(F)(F)F)cn2)C2(C(=O)O)CCC2)cnc1N,Cc1cc(N(c2ccc(C(F)(F)F)cn2)C2(C3=NC(C(=O)O)Cc4c3[nH]c3ccccc43)CCC2)cnc1N
rxnflow_clpp,hub_batching,21,21,27,1,-9.8,Cc1cc(N(c2ccc(C(F)(F)F)cn2)C2(C(=O)O)CCC2)cnc1N,Cc1cc(N(c2ccc(C(F)(F)F)cn2)C2(c3nc4ccc(C(F)(F)F)cc4[nH]3)CCC2)cnc1N
rxnflow_clpp,hub_batching,22,22,28,1,-9.4,Cc1cc(N(c2ccc(C(F)(F)F)cn2)C2(C(=O)O)CCC2)cnc1N,Cc1cc(N(c2ccc(C(F)(F)F)cn2)C2(C(=O)O)CCC2)cnc1NCC(N)Cc1c[nH]c2ccccc12
rxnflow_clpp,hub_batching,23,23,29,1,-9.3,Cc1cc(N(c2ccc(C(F)(F)F)cn2)C2(C(=O)O)CCC2)cnc1N,Cc1cc(N(c2ccc(C(F)(F)F)cn2)C2(C(=O)NCCc3c[nH]c4ccc(O)cc34)CCC2)cnc1N
rxnflow_clpp,hub_batching,24,24,30,1,-9.3,Cc1cc(N(c2ccc(C(F)(F)F)cn2)C2(C(=O)O)CCC2)cnc1N,Cc1cc(N(c2ccc(C(F)(F)F)cn2)C2(CNCc3c[nH]c4ccccc34)CCC2)cnc1N
rxnflow_clpp,hub_batching,25,25,31,1,-9.3,Cc1cc(N(c2ccc(C(F)(F)F)cn2)C2(C(=O)O)CCC2)cnc1N,Cc1cc(N(c2ccc(C(F)(F)F)cn2)C2(c3nc4cc(C(=O)O)ccc4o3)CCC2)cnc1N
rxnflow_clpp,hub_batching,26,26,32,1,-9.2,Cc1cc(N(c2ccc(C(F)(F)F)cn2)C2(C(=O)O)CCC2)cnc1N,Cc1cc(N(c2ccc(C(F)(F)F)cn2)C2(CNC(Cc3ccc(O)cc3)C(=O)O)CCC2)cnc1N
rxnflow_clpp,hub_batching,27,27,33,1,-9.0,Cc1cc(N(c2ccc(C(F)(F)F)cn2)C2(C(=O)O)CCC2)cnc1N,Cc1cc(N(c2ccc(C(F)(F)F)cn2)C2(C(=O)OCC(=O)c3ccc(F)cc3F)CCC2)cnc1N
rxnflow_clpp,hub_batching,28,28,34,1,-8.9,Cc1cc(N(c2ccc(C(F)(F)F)cn2)C2(C(=O)O)CCC2)cnc1N,Cc1cc(N(c2ccc(C(F)(F)F)cn2)C2(CN3Cc4ccccc4CC3C(=O)O)CCC2)cnc1N
rxnflow_clpp,hub_batching,29,29,35,1,-8.7,Cc1cc(N(c2ccc(C(F)(F)F)cn2)C2(C(=O)O)CCC2)cnc1N,Cc1cc(N(c2ccc(C(F)(F)F)cn2)C2(CNc3ccccc3-n3cccc3)CCC2)cnc1N
rxnflow_clpp,hub_batching,30,30,36,1,-8.5,Cc1cc(N(c2ccc(C(F)(F)F)cn2)C2(C(=O)O)CCC2)cnc1N,Cc1cc(N(c2ccc(C(F)(F)F)cn2)C2(C(=O)Oc3c(Br)c(C(F)(F)F)nc4ccccc34)CCC2)cnc1N
rxnflow_clpp,hub_batching,31,31,37,1,-8.5,Cc1cc(N(c2ccc(C(F)(F)F)cn2)C2(C(=O)O)CCC2)cnc1N,Cc1cc(N(c2ccc(C(F)(F)F)cn2)C2(C3=NCCc4ccccc43)CCC2)cnc1N
rxnflow_clpp,hub_batching,32,32,38,1,-8.3,Cc1cc(N(c2ccc(C(F)(F)F)cn2)C2(C(=O)O)CCC2)cnc1N,Cc1cc(N(c2ccc(C(F)(F)F)cn2)C2(C(=O)O)CCC2)cnc1Nc1nc(N)c2nc[nH]c2n1
rxnflow_clpp,hub_batching,33,33,39,1,-8.3,Cc1cc(N(c2ccc(C(F)(F)F)cn2)C2(C(=O)O)CCC2)cnc1N,Cc1cc(N(c2ccc(C(F)(F)F)cn2)C2(C(=O)O)CCC2)cnc1NC(=O)NCCc1ccccc1Br
rxnflow_clpp,hub_batching,34,34,42,3,-10.9,Nc1nc(N(C(=O)Nc2cccc(C(F)(F)F)c2)c2ccccc2C(=O)O)nc2[nH]cnc12,O=C(O)c1ccccc1N(C(=O)Nc1cccc(C(F)(F)F)c1)c1nc(NC(=O)c2cccc(F)c2F)c2nc[nH]c2n1
rxnflow_clpp,hub_batching,35,35,43,1,-10.5,Nc1nc(N(C(=O)Nc2cccc(C(F)(F)F)c2)c2ccccc2C(=O)O)nc2[nH]cnc12,Nc1nc(N(C(=O)Nc2cccc(C(F)(F)F)c2)c2ccccc2C(=O)Nc2cccc3cc[nH]c23)nc2[nH]cnc12
rxnflow_clpp,hub_batching,36,36,44,1,-10.4,Nc1nc(N(C(=O)Nc2cccc(C(F)(F)F)c2)c2ccccc2C(=O)O)nc2[nH]cnc12,Nc1nc(N(C(=O)Nc2cccc(C(F)(F)F)c2)c2ccccc2CN2Cc3ccccc3CC2C(=O)O)nc2[nH]cnc12
rxnflow_clpp,hub_batching,37,37,45,1,-10.1,Nc1nc(N(C(=O)Nc2cccc(C(F)(F)F)c2)c2ccccc2C(=O)O)nc2[nH]cnc12,Nc1nc(N(C(=O)Nc2cccc(C(F)(F)F)c2)c2ccccc2C(=O)O)nc2c1ncn2Cc1cccc(F)c1
rxnflow_clpp,hub_batching,38,38,46,1,-9.9,Nc1nc(N(C(=O)Nc2cccc(C(F)(F)F)c2)c2ccccc2C(=O)O)nc2[nH]cnc12,Nc1nc(N(C(=O)Nc2cccc(C(F)(F)F)c2)c2ccccc2C2=NCCc3c2[nH]c2ccc(O)cc32)nc2[nH]cnc12
rxnflow_clpp,hub_batching,39,39,49,3,-9.9,CCC(C)C(NCC(N)c1ccccc1)C1=NC(C(=O)O)Cc2ccccc21,CCC(C)C(NCC(N)c1ccccc1)C1=NC(C(=O)NC(C)c2ccccc2)Cc2ccccc21
rxnflow_clpp,hub_batching,40,40,50,1,-9.2,CCC(C)C(NCC(N)c1ccccc1)C1=NC(C(=O)O)Cc2ccccc21,CCC(C)C(NCC(N)c1ccccc1)C1=NC(c2nc3cccc(Br)c3[nH]2)Cc2ccccc21
rxnflow_clpp,hub_batching,41,41,51,1,-8.9,CCC(C)C(NCC(N)c1ccccc1)C1=NC(C(=O)O)Cc2ccccc21,CCC(C)C(NCC(NC(=O)Nc1ccccc1)c1ccccc1)C1=NC(C(=O)O)Cc2ccccc21
rxnflow_clpp,hub_batching,42,42,52,1,-8.8,CCC(C)C(NCC(N)c1ccccc1)C1=NC(C(=O)O)Cc2ccccc21,CCC(C)C(C1=NC(C(=O)O)Cc2ccccc21)N1CC(N)c2ccccc2C1c1ccc(C(F)(F)F)cc1
rxnflow_clpp,hub_batching,43,43,53,1,-8.7,CCC(C)C(NCC(N)c1ccccc1)C1=NC(C(=O)O)Cc2ccccc21,CCC(C)C(C1=NC(C(=O)O)Cc2ccccc21)N(CC(N)c1ccccc1)C(=O)NCc1ccc(O)cc1
rxnflow_clpp,hub_batching,44,44,54,1,-8.7,CCC(C)C(NCC(N)c1ccccc1)C1=NC(C(=O)O)Cc2ccccc21,CCC(C)C(NCC(N)c1ccccc1)C1=NC(CNc2c(C)ccnc2Br)Cc2ccccc21
rxnflow_clpp,hub_batching,45,45,55,1,-8.5,CCC(C)C(NCC(N)c1ccccc1)C1=NC(C(=O)O)Cc2ccccc21,CCC(C)C(C1=NC(C(=O)O)Cc2ccccc21)N(CC(N)c1ccccc1)c1ccc2ccccc2n1
rxnflow_clpp,hub_batching,46,46,56,1,-8.3,CCC(C)C(NCC(N)c1ccccc1)C1=NC(C(=O)O)Cc2ccccc21,CCC(C)C(C1=NC(C(=O)O)Cc2ccccc21)N(Cc1c[nH]c2ccc(Br)cc12)CC(N)c1ccccc1
rxnflow_clpp,hub_batching,47,47,58,2,-10.2,Nc1cccnc1NC(Cc1c[nH]c2ccccc12)C(=O)O,Nc1cccnc1NC(Cc1c[nH]c2ccccc12)C(=O)NCc1ccc(C(F)(F)F)cc1
rxnflow_clpp,hub_batching,48,48,59,1,-10.2,Nc1cccnc1NC(Cc1c[nH]c2ccccc12)C(=O)O,O=C(Nc1cccnc1NC(Cc1c[nH]c2ccccc12)C(=O)O)NC(C(=O)O)c1ccccc1
rxnflow_clpp,hub_batching,49,49,60,1,-9.3,Nc1cccnc1NC(Cc1c[nH]c2ccccc12)C(=O)O,Nc1cccnc1NC(CNc1cc(Br)ccc1O)Cc1c[nH]c2ccccc12
rxnflow_clpp,hub_batching,50,50,61,1,-9.3,Nc1cccnc1NC(Cc1c[nH]c2ccccc12)C(=O)O,Nc1cccnc1NC(Cc1c[nH]c2ccccc12)C1=NC(C(=O)O)Cc2c1[nH]c1ccccc21
rxnflow_clpp,hub_batching,51,51,62,1,-9.3,Nc1cccnc1NC(Cc1c[nH]c2ccccc12)C(=O)O,O=C(O)C(Cc1c[nH]c2ccccc12)n1c(-c2cc(C(F)(F)F)ccc2Br)nc2cccnc21
rxnflow_clpp,hub_batching,52,52,63,1,-9.1,Nc1cccnc1NC(Cc1c[nH]c2ccccc12)C(=O)O,Nc1cccnc1NC(Cc1c[nH]c2ccccc12)c1nc2ccc(C(F)(F)F)cc2[nH]1
rxnflow_clpp,hub_batching,53,53,64,1,-9.0,Nc1cccnc1NC(Cc1c[nH]c2ccccc12)C(=O)O,Nc1cccnc1NC(Cc1c[nH]c2ccccc12)C(=O)OCC(=O)c1ccc(F)cc1F
rxnflow_clpp,hub_batching,54,54,65,1,-8.9,Nc1cccnc1NC(Cc1c[nH]c2ccccc12)C(=O)O,Nc1cccnc1N(C(=O)Nc1cccc(C(F)(F)F)c1)C(Cc1c[nH]c2ccccc12)C(=O)O
rxnflow_clpp,hub_batching,55,55,66,1,-8.8,Nc1cccnc1NC(Cc1c[nH]c2ccccc12)C(=O)O,Nc1cccnc1N(CC(N)Cc1c[nH]c2ccccc12)C(Cc1c[nH]c2ccccc12)C(=O)O
rxnflow_clpp,hub_batching,56,56,67,1,-8.7,Nc1cccnc1NC(Cc1c[nH]c2ccccc12)C(=O)O,Nc1cccnc1NC(Cc1cn(CC(=O)c2ccc3c(c2)NC(=O)C3)c2ccccc12)C(=O)O
rxnflow_clpp,hub_batching,57,57,68,1,-8.6,Nc1cccnc1NC(Cc1c[nH]c2ccccc12)C(=O)O,Nc1cccnc1NC(Cc1c[nH]c2ccccc12)CN1CCCC1C(F)(F)F
rxnflow_clpp,hub_batching,58,58,69,1,-8.6,Nc1cccnc1NC(Cc1c[nH]c2ccccc12)C(=O)O,Nc1cccnc1N1C(C(=O)O)Cc2c([nH]c3ccccc23)C1c1c[nH]c2ccccc12
rxnflow_clpp,hub_batching,59,59,70,1,-8.6,Nc1cccnc1NC(Cc1c[nH]c2ccccc12)C(=O)O,NC(Cc1ccc(O)cc1)c1nc2cccnc2n1C(Cc1c[nH]c2ccccc12)C(=O)O
rxnflow_clpp,hub_batching,60,60,71,1,-8.4,Nc1cccnc1NC(Cc1c[nH]c2ccccc12)C(=O)O,Nc1cccnc1NC(Cc1c[nH]c2ccccc12)c1nc2cc(Br)ccc2o1
rxnflow_clpp,hub_batching,61,61,72,1,-8.4,Nc1cccnc1NC(Cc1c[nH]c2ccccc12)C(=O)O,O=C(O)C(Cc1c[nH]c2ccccc12)n1c(C2Cc3ccccc3CN2)nc2cccnc21
rxnflow_clpp,hub_batching,62,62,73,1,-8.3,Nc1cccnc1NC(Cc1c[nH]c2ccccc12)C(=O)O,COc1ccc(C(F)(F)F)cc1CNc1cccnc1NC(Cc1c[nH]c2ccccc12)C(=O)O
rxnflow_clpp,hub_batching,63,63,74,1,-8.0,Nc1cccnc1NC(Cc1c[nH]c2ccccc12)C(=O)O,Nc1cccnc1NC(Cc1cn(Cc2ccc([N+](=O)[O-])c(F)c2)c2ccccc12)C(=O)O
rxnflow_clpp,hub_batching,64,64,77,3,-9.2,O=C(O)CCC(Nc1nc(F)ccc1NC(=O)Nc1ccnc2ccccc12)C(=O)O,O=C(Nc1ccc(F)nc1NC(CCc1nc2ccc(C(F)(F)F)cc2[nH]1)C(=O)O)Nc1ccnc2ccccc12
rxnflow_clpp,hub_batching,65,65,78,1,-8.7,O=C(O)CCC(Nc1nc(F)ccc1NC(=O)Nc1ccnc2ccccc12)C(=O)O,O=C(O)CCC(C(=O)O)N(C(=O)NCc1ccc(C(F)(F)F)cc1)c1nc(F)ccc1NC(=O)Nc1ccnc2ccccc12
rxnflow_clpp,hub_batching,66,66,79,1,-8.3,O=C(O)CCC(Nc1nc(F)ccc1NC(=O)Nc1ccnc2ccccc12)C(=O)O,CC(Nc1ccc(NC(=O)Nc2ccnc3ccccc23)c(NC(CCC(=O)O)C(=O)O)n1)c1ccccc1
rxnflow_clpp,hub_batching,67,67,82,3,-9.5,CCC(C)C(N)CNC(Cc1c[nH]c2ccccc12)CN1CCCC1C(=O)O,CCC(C)C(N)CNC(Cc1c[nH]c2ccccc12)CN1CCCC1C(=O)NCc1ccc(C(F)(F)F)cc1
rxnflow_clpp,hub_batching,68,68,83,1,-8.7,CCC(C)C(N)CNC(Cc1c[nH]c2ccccc12)CN1CCCC1C(=O)O,CCC(C)C(N)CN1C(CN2CCCC2C(=O)O)Cc2c([nH]c3ccccc23)C1c1ccc(C(F)(F)F)cc1
rxnflow_clpp,hub_batching,69,69,84,1,-8.5,CCC(C)C(N)CNC(Cc1c[nH]c2ccccc12)CN1CCCC1C(=O)O,CCC(C)C(CNC(Cc1c[nH]c2ccccc12)CN1CCCC1C(=O)O)Nc1nc2ccccc2[nH]1
rxnflow_clpp,hub_batching,70,70,85,1,-8.5,CCC(C)C(N)CNC(Cc1c[nH]c2ccccc12)CN1CCCC1C(=O)O,CCC(C)C(N)CN(Cc1c[nH]c2ccc(F)cc12)C(Cc1c[nH]c2ccccc12)CN1CCCC1C(=O)O
rxnflow_clpp,hub_batching,71,71,86,1,-8.5,CCC(C)C(N)CNC(Cc1c[nH]c2ccccc12)CN1CCCC1C(=O)O,CCC(C)C(N)CNC(Cc1c[nH]c2ccccc12)CN1CCCC1c1nc2ccc(Br)cc2o1
rxnflow_clpp,hub_batching,72,72,89,3,-9.7,NC(CCCNC(Cc1c[nH]c2ccccc12)C(=O)O)c1nc2ccccc2o1,NC(CCCN1C(C(=O)O)Cc2c([nH]c3ccccc23)C1c1ccc(C(=O)O)cc1)c1nc2ccccc2o1
rxnflow_clpp,hub_batching,73,73,90,1,-9.5,NC(CCCNC(Cc1c[nH]c2ccccc12)C(=O)O)c1nc2ccccc2o1,NC(CCCN(c1ccc(C(F)(F)F)cn1)C(Cc1c[nH]c2ccccc12)C(=O)O)c1nc2ccccc2o1
rxnflow_clpp,hub_batching,74,74,91,1,-9.5,NC(CCCNC(Cc1c[nH]c2ccccc12)C(=O)O)c1nc2ccccc2o1,NC(CCCNC(Cc1c[nH]c2ccccc12)C(=O)Nc1ccccn1)c1nc2ccccc2o1
rxnflow_clpp,hub_batching,75,75,92,1,-9.4,NC(CCCNC(Cc1c[nH]c2ccccc12)C(=O)O)c1nc2ccccc2o1,O=C(O)C(Cc1c[nH]c2ccccc12)NCCCC(NCc1nc2ccccc2[nH]1)c1nc2ccccc2o1
rxnflow_clpp,hub_batching,76,76,93,1,-9.3,NC(CCCNC(Cc1c[nH]c2ccccc12)C(=O)O)c1nc2ccccc2o1,NC(CCCNC(Cc1c[nH]c2ccccc12)C1=NCCc2c1[nH]c1ccccc21)c1nc2ccccc2o1
rxnflow_clpp,hub_batching,77,77,94,1,-8.8,NC(CCCNC(Cc1c[nH]c2ccccc12)C(=O)O)c1nc2ccccc2o1,NC(CCCNC(CNc1cccc2cc[nH]c12)Cc1c[nH]c2ccccc12)c1nc2ccccc2o1
rxnflow_clpp,hub_batching,78,78,95,1,-8.5,NC(CCCNC(Cc1c[nH]c2ccccc12)C(=O)O)c1nc2ccccc2o1,NC(CCCNC(Cc1cn(CC2CCCCC2)c2ccccc12)C(=O)O)c1nc2ccccc2o1
rxnflow_clpp,hub_batching,79,79,98,3,-9.3,CC(O)C(Nc1nc(F)ccc1N)C1=NC(C(=O)O)Cc2ccccc21,CC(O)C(Nc1nc(F)ccc1N)C1=NC(C(=O)NCCc2c[nH]c3ccccc23)Cc2ccccc21
rxnflow_clpp,hub_batching,80,80,99,1,-9.3,CC(O)C(Nc1nc(F)ccc1N)C1=NC(C(=O)O)Cc2ccccc21,CC(O)C1C2=NC(C(=O)O)Cc3cccc(c32)C(c2ccc(C(F)(F)F)cc2)N1c1nc(F)ccc1N
rxnflow_clpp,hub_batching,81,81,100,1,-9.1,CC(O)C(Nc1nc(F)ccc1N)C1=NC(C(=O)O)Cc2ccccc21,CC(NC(=O)Nc1ccc(F)nc1NC(C1=NC(C(=O)O)Cc2ccccc21)C(C)O)c1ccccc1
rxnflow_clpp,hub_batching,82,82,101,1,-9.0,CC(O)C(Nc1nc(F)ccc1N)C1=NC(C(=O)O)Cc2ccccc21,CC(O)C(C1=NC(C(=O)O)Cc2ccccc21)N(C(=O)Nc1cccc(C(F)(F)F)c1)c1nc(F)ccc1N
rxnflow_clpp,hub_batching,83,83,102,1,-9.0,CC(O)C(Nc1nc(F)ccc1N)C1=NC(C(=O)O)Cc2ccccc21,CC(O)C(Nc1nc(F)ccc1N)C1=NC(C2=NC(C(=O)O)Cc3c2[nH]c2ccccc32)Cc2ccccc21
rxnflow_clpp,hub_batching,84,84,103,1,-8.9,CC(O)C(Nc1nc(F)ccc1N)C1=NC(C(=O)O)Cc2ccccc21,CC(OC(=O)c1ccc(F)c(C(F)(F)F)c1)C(Nc1nc(F)ccc1N)C1=NC(C(=O)O)Cc2ccccc21
rxnflow_clpp,hub_batching,85,85,104,1,-8.9,CC(O)C(Nc1nc(F)ccc1N)C1=NC(C(=O)O)Cc2ccccc21,CC(O)C(Nc1nc(F)ccc1N)C1=NC(c2nc3cc(C#N)ccc3o2)Cc2ccccc21
rxnflow_clpp,hub_batching,86,86,105,1,-8.8,CC(O)C(Nc1nc(F)ccc1N)C1=NC(C(=O)O)Cc2ccccc21,CC(O)C(C1=NC(C(=O)O)Cc2ccccc21)n1c(-c2ccc(C(F)(F)F)cc2)nc2ccc(F)nc21
rxnflow_clpp,hub_batching,87,87,106,1,-8.7,CC(O)C(Nc1nc(F)ccc1N)C1=NC(C(=O)O)Cc2ccccc21,CC(O)C(Nc1nc(F)ccc1N)C1=NC(CNc2cc(F)c(F)cc2O)Cc2ccccc21
rxnflow_clpp,hub_batching,88,88,107,1,-8.4,CC(O)C(Nc1nc(F)ccc1N)C1=NC(C(=O)O)Cc2ccccc21,CC(O)C(Nc1nc(NC(C(=O)O)c2ccccc2)ccc1N)C1=NC(C(=O)O)Cc2ccccc21
rxnflow_clpp,hub_batching,89,89,108,1,-8.2,CC(O)C(Nc1nc(F)ccc1N)C1=NC(C(=O)O)Cc2ccccc21,CC(O)C(C1=NC(C(=O)O)Cc2ccccc21)N(CC(N)Cc1ccccc1)c1nc(F)ccc1N
rxnflow_clpp,hub_batching,90,90,109,1,-8.1,CC(O)C(Nc1nc(F)ccc1N)C1=NC(C(=O)O)Cc2ccccc21,CC(O)C(Nc1nc(F)ccc1N)C1=NC(C(=O)N2CCCC(C(=O)O)C2)Cc2ccccc21
rxnflow_clpp,hub_batching,91,91,110,1,-8.0,CC(O)C(Nc1nc(F)ccc1N)C1=NC(C(=O)O)Cc2ccccc21,CC(O)C(C1=NC(C(=O)O)Cc2ccccc21)n1c(C(N)Cc2c[nH]c3ccccc23)nc2ccc(F)nc21
rxnflow_clpp,hub_batching,92,92,113,3,-9.8,CCC(NCC(N)Cc1ccccc1)c1nc2c(C(=O)O)cccc2o1,CCC(NCC(N)Cc1ccccc1)c1nc2c(-c3nc4ccc(C(F)(F)F)cc4[nH]3)cccc2o1
rxnflow_clpp,hub_batching,93,93,114,1,-9.5,CCC(NCC(N)Cc1ccccc1)c1nc2c(C(=O)O)cccc2o1,CCC(c1nc2c(C(=O)O)cccc2o1)N(CC(N)Cc1ccccc1)C(=O)NCc1ccc(C(F)(F)F)cc1
rxnflow_clpp,hub_batching,94,94,115,1,-9.4,CCC(NCC(N)Cc1ccccc1)c1nc2c(C(=O)O)cccc2o1,CCC(NCC1Cc2ccccc2C(c2ccc(C(F)(F)F)cc2)N1)c1nc2c(C(=O)O)cccc2o1
rxnflow_clpp,hub_batching,95,95,116,1,-9.2,CCC(NCC(N)Cc1ccccc1)c1nc2c(C(=O)O)cccc2o1,CCC(NCC(N)Cc1ccccc1)c1nc2c(C(=O)Nc3ccccn3)cccc2o1
rxnflow_clpp,hub_batching,96,96,117,1,-9.2,CCC(NCC(N)Cc1ccccc1)c1nc2c(C(=O)O)cccc2o1,CCC(NCC(Cc1ccccc1)NC(=O)NC(Cc1c[nH]c2ccccc12)C(=O)O)c1nc2c(C(=O)O)cccc2o1
rxnflow_clpp,hub_batching,97,97,118,1,-9.0,CCC(NCC(N)Cc1ccccc1)c1nc2c(C(=O)O)cccc2o1,CCC(NCC(N)Cc1ccccc1)c1nc2c(CNc3cccc4cc[nH]c34)cccc2o1
rxnflow_clpp,hub_batching,98,98,119,1,-9.0,CCC(NCC(N)Cc1ccccc1)c1nc2c(C(=O)O)cccc2o1,CCC(NCC(N)Cc1ccccc1)c1nc2c(C3=NC(C(=O)O)Cc4ccccc43)cccc2o1
rxnflow_clpp,hub_batching,99,99,120,1,-9.0,CCC(NCC(N)Cc1ccccc1)c1nc2c(C(=O)O)cccc2o1,CCC(NCC1Cc2ccccc2C(c2ccc(F)cc2)=N1)c1nc2c(C(=O)O)cccc2o1
rxnflow_clpp,hub_batching,100,100,121,1,-8.6,CCC(NCC(N)Cc1ccccc1)c1nc2c(C(=O)O)cccc2o1,CCC(c1nc2c(C(=O)O)cccc2o1)N(CC(N)Cc1ccccc1)c1ccc2[nH]cc(C=O)c2c1
rxnflow_clpp,hub_batching,101,101,122,1,-8.5,CCC(NCC(N)Cc1ccccc1)c1nc2c(C(=O)O)cccc2o1,CCC(c1nc2c(C(=O)O)cccc2o1)N(CC(N)Cc1ccccc1)C(CCl)c1ccc2c(c1)NC(=O)C2
rxnflow_clpp,hub_batching,102,102,123,1,-8.5,CCC(NCC(N)Cc1ccccc1)c1nc2c(C(=O)O)cccc2o1,CCC(NCC(Cc1ccccc1)NC(=O)N1Cc2ccccc2CC1C(=O)O)c1nc2c(C(=O)O)cccc2o1
rxnflow_clpp,hub_batching,103,103,124,1,-8.4,CCC(NCC(N)Cc1ccccc1)c1nc2c(C(=O)O)cccc2o1,CCC(c1nc2c(C(=O)O)cccc2o1)N(CC(N)Cc1ccccc1)CC1Cc2ccccc2CN1
rxnflow_clpp,hub_batching,104,104,125,1,-8.2,CCC(NCC(N)Cc1ccccc1)c1nc2c(C(=O)O)cccc2o1,CCC(NCC(Cc1ccccc1)NCc1cc(C(F)(F)F)ccc1Br)c1nc2c(C(=O)O)cccc2o1
rxnflow_clpp,hub_batching,105,105,126,1,-8.2,CCC(NCC(N)Cc1ccccc1)c1nc2c(C(=O)O)cccc2o1,CCC(NCC(N)Cc1ccccc1)c1nc2c(CN3CCCC3C(F)(F)F)cccc2o1
rxnflow_clpp,hub_batching,106,106,127,1,-8.1,CCC(NCC(N)Cc1ccccc1)c1nc2c(C(=O)O)cccc2o1,CCC(NCC(Cc1ccccc1)Nc1nc(N)c2nc[nH]c2n1)c1nc2c(C(=O)O)cccc2o1
rxnflow_clpp,hub_batching,107,107,128,1,-8.1,CCC(NCC(N)Cc1ccccc1)c1nc2c(C(=O)O)cccc2o1,CCC(c1nc2c(C(=O)O)cccc2o1)N(CC(N)Cc1ccccc1)S(=O)(=O)c1cccc(Br)c1
rxnflow_clpp,hub_batching,108,108,129,1,-8.0,CCC(NCC(N)Cc1ccccc1)c1nc2c(C(=O)O)cccc2o1,CCC(NCC(N)Cc1ccccc1)c1nc2c(C(=O)OCC(=O)c3ccc4c(c3)NC(=O)C4)cccc2o1
rxnflow_clpp,hub_batching,109,109,132,3,-8.7,NC(=O)CC(N)CNC(CC(N)=O)C1=NC(C(=O)O)Cc2ccccc21,NC(=O)CC(N)CNC(CC(N)=O)C1=NC(c2nc3ccc(C(F)(F)F)cc3[nH]2)Cc2ccccc21
rxnflow_clpp,hub_batching,110,110,133,1,-8.5,NC(=O)CC(N)CNC(CC(N)=O)C1=NC(C(=O)O)Cc2ccccc21,NC(=O)CC(CNC(CC(N)=O)C1=NC(C(=O)O)Cc2ccccc21)NC(=O)c1ccc(F)c(F)c1F
rxnflow_clpp,hub_batching,111,111,134,1,-8.3,NC(=O)CC(N)CNC(CC(N)=O)C1=NC(C(=O)O)Cc2ccccc21,NC(=O)CC(N)CNC(CC(N)=O)C1=NC(C(=O)NCc2ccc(C(F)(F)F)cc2)Cc2ccccc21
rxnflow_clpp,hub_batching,112,112,135,1,-8.2,NC(=O)CC(N)CNC(CC(N)=O)C1=NC(C(=O)O)Cc2ccccc21,NC(=O)CC(N)CN(C(=O)NCCc1c[nH]c2ccccc12)C(CC(N)=O)C1=NC(C(=O)O)Cc2ccccc21
rxnflow_clpp,hub_batching,113,113,138,3,-9.6,CCC(C)C(N)CNC(Cc1ccc([N+](=O)[O-])cc1)C1=NC(C(=O)O)Cc2ccc([N+](=O)[O-])cc21,CCC(C)C(N)CNC(Cc1ccc([N+](=O)[O-])cc1)C1=NC(CNC(C)c2ccccc2)Cc2ccc([N+](=O)[O-])cc21
rxnflow_clpp,hub_batching,114,114,139,1,-9.3,CCC(C)C(N)CNC(Cc1ccc([N+](=O)[O-])cc1)C1=NC(C(=O)O)Cc2ccc([N+](=O)[O-])cc21,CCC(C)C(CNC(Cc1ccc([N+](=O)[O-])cc1)C1=NC(C(=O)O)Cc2ccc([N+](=O)[O-])cc21)NC(=O)Nc1ccc(C(F)(F)F)cc1
rxnflow_clpp,hub_batching,115,115,140,1,-9.0,CCC(C)C(N)CNC(Cc1ccc([N+](=O)[O-])cc1)C1=NC(C(=O)O)Cc2ccc([N+](=O)[O-])cc21,CCC(C)C(N)CNC(Cc1ccc([N+](=O)[O-])cc1)C1=NC(C(=O)NCCc2c[nH]c3ccc(O)cc23)Cc2ccc([N+](=O)[O-])cc21
rxnflow_clpp,hub_batching,116,116,141,1,-8.7,CCC(C)C(N)CNC(Cc1ccc([N+](=O)[O-])cc1)C1=NC(C(=O)O)Cc2ccc([N+](=O)[O-])cc21,CCC(C)C(N)CN1C(C2=NC(C(=O)O)Cc3ccc([N+](=O)[O-])cc32)Cc2ccc([N+](=O)[O-])cc2C1c1ccnc(F)c1
rxnflow_clpp,hub_batching,117,117,142,1,-8.4,CCC(C)C(N)CNC(Cc1ccc([N+](=O)[O-])cc1)C1=NC(C(=O)O)Cc2ccc([N+](=O)[O-])cc21,CCC(C)C(N)CN(C(=O)NCc1ccc(O)cc1)C(Cc1ccc([N+](=O)[O-])cc1)C1=NC(C(=O)O)Cc2ccc([N+](=O)[O-])cc21
rxnflow_clpp,hub_batching,118,118,145,3,-10.0,Nc1nc(Nc2c(F)cccc2C(=O)NC(Cc2ccc(O)cc2)C(=O)O)nc2[nH]cnc12,Nc1nc(Nc2c(F)cccc2C(=O)NC(Cc2ccc(OC(=O)c3ccc(F)cc3)cc2)C(=O)O)nc2[nH]cnc12
rxnflow_clpp,hub_batching,119,119,146,1,-9.8,Nc1nc(Nc2c(F)cccc2C(=O)NC(Cc2ccc(O)cc2)C(=O)O)nc2[nH]cnc12,Nc1nc(N(c2ccc3c(C=O)c[nH]c3c2)c2c(F)cccc2C(=O)NC(Cc2ccc(O)cc2)C(=O)O)nc2[nH]cnc12
rxnflow_clpp,hub_batching,120,120,147,1,-9.7,Nc1nc(Nc2c(F)cccc2C(=O)NC(Cc2ccc(O)cc2)C(=O)O)nc2[nH]cnc12,Nc1nc(Nc2c(F)cccc2C(=O)NC(Cc2ccc(O)cc2)c2nc3ccc(C(F)(F)F)cc3[nH]2)nc2[nH]cnc12
rxnflow_clpp,hub_batching,121,121,148,1,-9.5,Nc1nc(Nc2c(F)cccc2C(=O)NC(Cc2ccc(O)cc2)C(=O)O)nc2[nH]cnc12,O=C(Nc1nc(Nc2c(F)cccc2C(=O)NC(Cc2ccc(O)cc2)C(=O)O)nc2[nH]cnc12)c1cccc(F)c1F
rxnflow_clpp,hub_batching,122,122,149,1,-9.2,Nc1nc(Nc2c(F)cccc2C(=O)NC(Cc2ccc(O)cc2)C(=O)O)nc2[nH]cnc12,Nc1nc(Nc2c(F)cccc2C(=O)N2C(C(=O)O)Cc3ccc(O)cc3C2c2ccc(C(F)(F)F)cc2)nc2[nH]cnc12
rxnflow_clpp,hub_batching,123,123,150,1,-9.2,Nc1nc(Nc2c(F)cccc2C(=O)NC(Cc2ccc(O)cc2)C(=O)O)nc2[nH]cnc12,Nc1nc(Nc2c(F)cccc2C(=O)NC(Cc2ccc(O)cc2)C(=O)O)nc2c1ncn2CC(=O)c1ccc2c(c1)NC(=O)C2
rxnflow_clpp,hub_batching,124,124,151,1,-8.5,Nc1nc(Nc2c(F)cccc2C(=O)NC(Cc2ccc(O)cc2)C(=O)O)nc2[nH]cnc12,Nc1nc(N(c2c(F)cccc2C(=O)NC(Cc2ccc(O)cc2)C(=O)O)C(CCl)c2ccc3c(c2)NC(=O)C3)nc2[nH]cnc12
rxnflow_clpp,hub_batching,125,125,152,1,-8.1,Nc1nc(Nc2c(F)cccc2C(=O)NC(Cc2ccc(O)cc2)C(=O)O)nc2[nH]cnc12,Nc1nc(N(C(=O)NCCN2CCOCC2)c2c(F)cccc2C(=O)NC(Cc2ccc(O)cc2)C(=O)O)nc2[nH]cnc12
rxnflow_clpp,hub_batching,126,126,155,3,-9.6,NC(CNCCCNC(C(=O)O)c1ccccc1)Cc1ccccc1,O=C(O)C(NCCCNCC1Cc2ccccc2C(c2ccc(C(F)(F)F)cc2)N1)c1ccccc1
rxnflow_clpp,hub_batching,127,127,156,1,-9.5,NC(CNCCCNC(C(=O)O)c1ccccc1)Cc1ccccc1,O=C(O)C(NCCCNCC1Cc2ccccc2C(c2ccc(C(F)(F)F)cn2)=N1)c1ccccc1
rxnflow_clpp,hub_batching,128,128,157,1,-8.9,NC(CNCCCNC(C(=O)O)c1ccccc1)Cc1ccccc1,NC(Cc1ccccc1)CN(CCCNC(C(=O)O)c1ccccc1)c1c(C(F)(F)F)nc2ccccc2c1O
rxnflow_clpp,hub_batching,129,129,158,1,-8.9,NC(CNCCCNC(C(=O)O)c1ccccc1)Cc1ccccc1,Nc1cc(C(F)(F)F)ccc1NC(=O)N(CCCNC(C(=O)O)c1ccccc1)CC(N)Cc1ccccc1
rxnflow_clpp,hub_batching,130,130,159,1,-8.8,NC(CNCCCNC(C(=O)O)c1ccccc1)Cc1ccccc1,O=C(NCc1c[nH]c2ccccc12)NC(CNCCCNC(C(=O)O)c1ccccc1)Cc1ccccc1
rxnflow_clpp,hub_batching,131,131,160,1,-8.7,NC(CNCCCNC(C(=O)O)c1ccccc1)Cc1ccccc1,O=Cc1c[nH]c2cc(NC(CNCCCNC(C(=O)O)c3ccccc3)Cc3ccccc3)ccc12
rxnflow_clpp,hub_batching,132,132,161,1,-8.7,NC(CNCCCNC(C(=O)O)c1ccccc1)Cc1ccccc1,NC(CNCCCNC(CNCc1c[nH]c2ccccc12)c1ccccc1)Cc1ccccc1
rxnflow_clpp,hub_batching,133,133,162,1,-8.6,NC(CNCCCNC(C(=O)O)c1ccccc1)Cc1ccccc1,NC(Cc1ccccc1)CN(CCCNC(C(=O)O)c1ccccc1)C(=O)C1Cc2ccccc2CN1
rxnflow_clpp,hub_batching,134,134,163,1,-8.5,NC(CNCCCNC(C(=O)O)c1ccccc1)Cc1ccccc1,O=C(Nc1cccc(C(F)(F)F)c1)NC(CNCCCNC(C(=O)O)c1ccccc1)Cc1ccccc1
rxnflow_clpp,hub_batching,135,135,164,1,-8.4,NC(CNCCCNC(C(=O)O)c1ccccc1)Cc1ccccc1,NC(Cc1ccccc1)CN(CCCNC(C(=O)O)c1ccccc1)c1ncc2[nH]ccc2n1
rxnflow_clpp,hub_batching,136,136,165,1,-8.4,NC(CNCCCNC(C(=O)O)c1ccccc1)Cc1ccccc1,CC(=O)c1ccc(S(=O)(=O)NC(CNCCCNC(C(=O)O)c2ccccc2)Cc2ccccc2)cc1
rxnflow_clpp,hub_batching,137,137,166,1,-8.4,NC(CNCCCNC(C(=O)O)c1ccccc1)Cc1ccccc1,NC(Cc1ccccc1)CN(CCCNC(C(=O)O)c1ccccc1)Cc1cccnc1F
rxnflow_clpp,hub_batching,138,138,167,1,-8.4,NC(CNCCCNC(C(=O)O)c1ccccc1)Cc1ccccc1,NC(CNCCCNC(CNc1cccc2cc[nH]c12)c1ccccc1)Cc1ccccc1
rxnflow_clpp,hub_batching,139,139,168,1,-8.4,NC(CNCCCNC(C(=O)O)c1ccccc1)Cc1ccccc1,NC(CNCCCNC(c1ccccc1)c1nc2c(C(=O)O)cccc2o1)Cc1ccccc1
rxnflow_clpp,hub_batching,140,140,169,1,-8.3,NC(CNCCCNC(C(=O)O)c1ccccc1)Cc1ccccc1,O=C(O)C(NCCCNCC(Cc1ccccc1)NCc1nc2ccccc2[nH]1)c1ccccc1
rxnflow_clpp,hub_batching,141,141,170,1,-8.3,NC(CNCCCNC(C(=O)O)c1ccccc1)Cc1ccccc1,CC(NC(=O)C(NCCCNCC(N)Cc1ccccc1)c1ccccc1)c1ccccc1
rxnflow_clpp,hub_batching,142,142,171,1,-8.3,NC(CNCCCNC(C(=O)O)c1ccccc1)Cc1ccccc1,NC(Cc1ccccc1)CN(CCCNC(C(=O)O)c1ccccc1)C(=O)NC(Cc1c[nH]c2ccccc12)C(=O)O
rxnflow_clpp,hub_batching,143,143,172,1,-8.2,NC(CNCCCNC(C(=O)O)c1ccccc1)Cc1ccccc1,N=C(N)NCCCC(N)C(=O)NC(CNCCCNC(C(=O)O)c1ccccc1)Cc1ccccc1
rxnflow_clpp,hub_batching,144,144,173,1,-8.2,NC(CNCCCNC(C(=O)O)c1ccccc1)Cc1ccccc1,Cc1ccnc(NC(CNCCCNC(C(=O)O)c2ccccc2)Cc2ccccc2)c1N
rxnflow_clpp,hub_batching,145,145,174,1,-8.2,NC(CNCCCNC(C(=O)O)c1ccccc1)Cc1ccccc1,NC(Cc1ccccc1)CN(CCCNC(C(=O)O)c1ccccc1)c1ccc2[nH]cc(C=O)c2c1
rxnflow_clpp,hub_batching,146,146,175,1,-8.2,NC(CNCCCNC(C(=O)O)c1ccccc1)Cc1ccccc1,NC(CNCCCNC(CN1CCCC(=O)C1)c1ccccc1)Cc1ccccc1
rxnflow_clpp,hub_batching,147,147,176,1,-8.1,NC(CNCCCNC(C(=O)O)c1ccccc1)Cc1ccccc1,NC(Cc1ccccc1)CN(CCCNC(C(=O)O)c1ccccc1)C(CCl)c1ccc2c(c1)NC(=O)C2
rxnflow_clpp,hub_batching,148,148,177,1,-8.0,NC(CNCCCNC(C(=O)O)c1ccccc1)Cc1ccccc1,NC(CNCCCNC(C1=NCCc2ccc(O)cc21)c1ccccc1)Cc1ccccc1
rxnflow_clpp,hub_batching,149,149,180,3,-9.8,O=C(O)C(CC1CCCCC1)NC(=O)C(Cc1c[nH]cn1)NCc1ccc(C(F)(F)F)cc1F,O=C(NC(CC1CCCCC1)C(=O)NCc1ccc(C(F)(F)F)cc1)C(Cc1c[nH]cn1)NCc1ccc(C(F)(F)F)cc1F
rxnflow_clpp,hub_batching,150,150,181,1,-9.3,O=C(O)C(CC1CCCCC1)NC(=O)C(Cc1c[nH]cn1)NCc1ccc(C(F)(F)F)cc1F,O=C(O)C(CC1CCCCC1)NC(=O)C(Cc1c[nH]cn1)N(Cc1ccc(C(F)(F)F)cc1F)Cc1ccccc1Br
rxnflow_clpp,hub_batching,151,151,182,1,-9.0,O=C(O)C(CC1CCCCC1)NC(=O)C(Cc1c[nH]cn1)NCc1ccc(C(F)(F)F)cc1F,O=C(O)C(CC1CCCCC1)NC(=O)C(Cc1cn(CC2CCC(F)(F)CC2)cn1)NCc1ccc(C(F)(F)F)cc1F
rxnflow_clpp,hub_batching,152,152,185,3,-10.1,NC(CNC(Cc1ccc([N+](=O)[O-])cc1)C1=NC(C(=O)O)Cc2ccc(O)cc21)CC1CCCCC1,NC(CC1CCCCC1)CN1C(C2=NC(C(=O)O)Cc3ccc(O)cc32)Cc2ccc([N+](=O)[O-])cc2C1c1c[nH]c2cc(Br)ccc12
rxnflow_clpp,hub_batching,153,153,186,1,-9.7,NC(CNC(Cc1ccc([N+](=O)[O-])cc1)C1=NC(C(=O)O)Cc2ccc(O)cc21)CC1CCCCC1,NC(CNC(Cc1ccc([N+](=O)[O-])cc1)C1=NC(C(=O)Nc2ccccc2O)Cc2ccc(O)cc21)CC1CCCCC1
rxnflow_clpp,hub_batching,154,154,187,1,-9.1,NC(CNC(Cc1ccc([N+](=O)[O-])cc1)C1=NC(C(=O)O)Cc2ccc(O)cc21)CC1CCCCC1,Nc1cccc(Br)c1C(=O)N(CC(N)CC1CCCCC1)C(Cc1ccc([N+](=O)[O-])cc1)C1=NC(C(=O)O)Cc2ccc(O)cc21
rxnflow_clpp,hub_batching,155,155,188,1,-8.8,NC(CNC(Cc1ccc([N+](=O)[O-])cc1)C1=NC(C(=O)O)Cc2ccc(O)cc21)CC1CCCCC1,O=C(NC(CNC(Cc1ccc([N+](=O)[O-])cc1)C1=NC(C(=O)O)Cc2ccc(O)cc21)CC1CCCCC1)c1cccc(N=C=S)c1
rxnflow_clpp,hub_batching,156,156,189,1,-8.3,NC(CNC(Cc1ccc([N+](=O)[O-])cc1)C1=NC(C(=O)O)Cc2ccc(O)cc21)CC1CCCCC1,NC(CNC(Cc1ccc([N+](=O)[O-])cc1)C1=NC(C(=O)O)Cc2ccc(OC(=O)c3ccc(C(F)(F)F)cn3)cc21)CC1CCCCC1
rxnflow_clpp,hub_batching,157,157,192,3,-8.7,N=C(N)NCCCC(NCC(N)Cc1c[nH]cn1)C1=NC(C(=O)O)Cc2ccccc21,N=C(N)NCCCC1C2=NC(C(=O)O)Cc3cccc(c32)C(c2ccc(C(F)(F)F)c(F)c2)N1CC(N)Cc1c[nH]cn1
rxnflow_clpp,hub_batching,158,158,193,1,-8.6,N=C(N)NCCCC(NCC(N)Cc1c[nH]cn1)C1=NC(C(=O)O)Cc2ccccc21,N=C(N)NCCCC(C1=NC(C(=O)O)Cc2ccccc21)N(Cc1c[nH]c2ccccc12)CC(N)Cc1c[nH]cn1
rxnflow_clpp,hub_batching,159,159,194,1,-8.6,N=C(N)NCCCC(NCC(N)Cc1c[nH]cn1)C1=NC(C(=O)O)Cc2ccccc21,N=C(N)NCCCC(NCC(Cc1c[nH]cn1)NC(=O)c1ccc(F)c(C(F)(F)F)c1)C1=NC(C(=O)O)Cc2ccccc21
rxnflow_clpp,hub_batching,160,160,195,1,-8.5,N=C(N)NCCCC(NCC(N)Cc1c[nH]cn1)C1=NC(C(=O)O)Cc2ccccc21,N=C(N)NCCCC(NCC(N)Cc1c[nH]cn1)C1=NC(c2nc3cc(F)c(F)cc3o2)Cc2ccccc21
rxnflow_clpp,hub_batching,161,161,196,1,-8.3,N=C(N)NCCCC(NCC(N)Cc1c[nH]cn1)C1=NC(C(=O)O)Cc2ccccc21,N=C(N)NCCCC(NCC(N)Cc1c[nH]cn1)C1=NC(C(=O)NCCc2c[nH]c3ccc(O)cc23)Cc2ccccc21
rxnflow_clpp,hub_batching,162,162,197,1,-8.1,N=C(N)NCCCC(NCC(N)Cc1c[nH]cn1)C1=NC(C(=O)O)Cc2ccccc21,N=C(N)NCCCC(NCC(N)Cc1cn(CC2CCC(F)(F)CC2)cn1)C1=NC(C(=O)O)Cc2ccccc21
rxnflow_clpp,hub_batching,163,163,200,3,-11.6,CC(NC(=O)C1(NCC(N)Cc2ccccc2)CCC1)c1ccccc1,CC(NC(=O)C1(NCC2Cc3ccccc3C(c3cccc(F)c3F)=N2)CCC1)c1ccccc1
rxnflow_clpp,hub_batching,164,164,201,1,-10.7,CC(NC(=O)C1(NCC(N)Cc2ccccc2)CCC1)c1ccccc1,CC(NC(=O)C1(NCC2Cc3ccccc3C(c3cncc(Br)c3)N2)CCC1)c1ccccc1
rxnflow_clpp,hub_batching,165,165,202,1,-10.2,CC(NC(=O)C1(NCC(N)Cc2ccccc2)CCC1)c1ccccc1,CC(NC(=O)C1(NCC(Cc2ccccc2)NC(=O)Nc2ccc(F)nc2Br)CCC1)c1ccccc1
rxnflow_clpp,hub_batching,166,166,203,1,-10.2,CC(NC(=O)C1(NCC(N)Cc2ccccc2)CCC1)c1ccccc1,CC(NC(=O)C1(NCC(Cc2ccccc2)NCC2Cc3ccccc3CN2)CCC1)c1ccccc1
rxnflow_clpp,hub_batching,167,167,204,1,-10.0,CC(NC(=O)C1(NCC(N)Cc2ccccc2)CCC1)c1ccccc1,Cc1ccc(S(=O)(=O)NC(CNC2(C(=O)NC(C)c3ccccc3)CCC2)Cc2ccccc2)cc1N
rxnflow_clpp,hub_batching,168,168,205,1,-9.8,CC(NC(=O)C1(NCC(N)Cc2ccccc2)CCC1)c1ccccc1,CC(NC(=O)C1(N(Cc2c[nH]c3ccc(C#N)cc23)CC(N)Cc2ccccc2)CCC1)c1ccccc1
rxnflow_clpp,hub_batching,169,169,206,1,-9.7,CC(NC(=O)C1(NCC(N)Cc2ccccc2)CCC1)c1ccccc1,CC(NC(=O)C1(NCC(Cc2ccccc2)Nc2ncc3[nH]ccc3n2)CCC1)c1ccccc1
rxnflow_clpp,hub_batching,170,170,207,1,-9.6,CC(NC(=O)C1(NCC(N)Cc2ccccc2)CCC1)c1ccccc1,CC(NC(=O)C1(NCC(Cc2ccccc2)NC(CCl)c2ccc3c(c2)NC(=O)C3)CCC1)c1ccccc1
rxnflow_clpp,hub_batching,171,171,208,1,-9.5,CC(NC(=O)C1(NCC(N)Cc2ccccc2)CCC1)c1ccccc1,Cc1cc(Br)cnc1N(CC(N)Cc1ccccc1)C1(C(=O)NC(C)c2ccccc2)CCC1
rxnflow_clpp,hub_batching,172,172,209,1,-9.5,CC(NC(=O)C1(NCC(N)Cc2ccccc2)CCC1)c1ccccc1,CC(NC(=O)C1(NCC(Cc2ccccc2)NCc2c[nH]c3ccc(F)cc23)CCC1)c1ccccc1
rxnflow_clpp,hub_batching,173,173,210,1,-9.5,CC(NC(=O)C1(NCC(N)Cc2ccccc2)CCC1)c1ccccc1,CC(NC(=O)C1(N(CC(N)Cc2ccccc2)C(=O)Nc2cccc3ccccc23)CCC1)c1ccccc1
rxnflow_clpp,hub_batching,174,174,211,1,-9.4,CC(NC(=O)C1(NCC(N)Cc2ccccc2)CCC1)c1ccccc1,CC(NC(=O)C1(N(CC(N)Cc2ccccc2)CC(N)CC2CCCCC2)CCC1)c1ccccc1
rxnflow_clpp,hub_batching,175,175,212,1,-9.3,CC(NC(=O)C1(NCC(N)Cc2ccccc2)CCC1)c1ccccc1,CC(NC(=O)C1(N(CC(N)Cc2ccccc2)C(=O)N2Cc3ccccc3CC2C(=O)O)CCC1)c1ccccc1
rxnflow_clpp,hub_batching,176,176,213,1,-9.2,CC(NC(=O)C1(NCC(N)Cc2ccccc2)CCC1)c1ccccc1,CC(NC(=O)C1(N(CC(N)Cc2ccccc2)C(=O)c2ccc(C(F)(F)F)cn2)CCC1)c1ccccc1
rxnflow_clpp,hub_batching,177,177,214,1,-9.0,CC(NC(=O)C1(NCC(N)Cc2ccccc2)CCC1)c1ccccc1,CC(NC(=O)C1(NCC(Cc2ccccc2)Nc2cc(CBr)ccc2[N+](=O)[O-])CCC1)c1ccccc1
rxnflow_clpp,hub_batching,178,178,215,1,-8.9,CC(NC(=O)C1(NCC(N)Cc2ccccc2)CCC1)c1ccccc1,CC(NC(=O)C1(N(CC(N)Cc2ccccc2)c2ccc([N+](=O)[O-])c3ncccc23)CCC1)c1ccccc1
rxnflow_clpp,hub_batching,179,179,216,1,-8.8,CC(NC(=O)C1(NCC(N)Cc2ccccc2)CCC1)c1ccccc1,CC(NC(=O)C1(N(CC(N)Cc2ccccc2)S(=O)(=O)c2ccncc2)CCC1)c1ccccc1
rxnflow_clpp,hub_batching,180,180,217,1,-8.7,CC(NC(=O)C1(NCC(N)Cc2ccccc2)CCC1)c1ccccc1,CC(NC(=O)C1(NCC2Cc3ccccc3C(C(N)Cc3c[nH]c4ccccc34)=N2)CCC1)c1ccccc1
rxnflow_clpp,hub_batching,181,181,218,1,-8.6,CC(NC(=O)C1(NCC(N)Cc2ccccc2)CCC1)c1ccccc1,CC(NC(=O)C1(N(CC(N)Cc2ccccc2)c2c(C(F)(F)F)nc3ccccc3c2O)CCC1)c1ccccc1
rxnflow_clpp,hub_batching,182,182,219,1,-8.2,CC(NC(=O)C1(NCC(N)Cc2ccccc2)CCC1)c1ccccc1,CC(NC(=O)C1(N(CC(N)Cc2ccccc2)C(CCl)c2ccc(F)cc2F)CCC1)c1ccccc1
rxnflow_clpp,hub_batching,183,183,220,1,-8.2,CC(NC(=O)C1(NCC(N)Cc2ccccc2)CCC1)c1ccccc1,CC(NC(=O)C1(N(CC(N)Cc2ccccc2)C(=O)C(N)Cc2c[nH]c3ccccc23)CCC1)c1ccccc1
rxnflow_clpp,hub_batching,184,184,223,3,-9.9,Nc1nc(N(C(=O)NCCc2ccc(O)cc2)C(Cc2cccs2)C(=O)O)nc2[nH]cnc12,Nc1nc(N(C(=O)NCCc2ccc(O)cc2)C(Cc2cccs2)c2nc3ccc(C(F)(F)F)cc3[nH]2)nc2[nH]cnc12
rxnflow_clpp,hub_batching,185,185,224,1,-9.7,Nc1nc(N(C(=O)NCCc2ccc(O)cc2)C(Cc2cccs2)C(=O)O)nc2[nH]cnc12,O=C(Nc1nc(N(C(=O)NCCc2ccc(O)cc2)C(Cc2cccs2)C(=O)O)nc2[nH]cnc12)c1ccc(F)cc1
rxnflow_clpp,hub_batching,186,186,225,1,-9.7,Nc1nc(N(C(=O)NCCc2ccc(O)cc2)C(Cc2cccs2)C(=O)O)nc2[nH]cnc12,Nc1nc(N(C(=O)NCCc2ccc(O)cc2)C(CNCCc2c[nH]c3ccccc23)Cc2cccs2)nc2[nH]cnc12
rxnflow_clpp,hub_batching,187,187,226,1,-8.6,Nc1nc(N(C(=O)NCCc2ccc(O)cc2)C(Cc2cccs2)C(=O)O)nc2[nH]cnc12,Nc1nc(N(C(=O)NCCc2ccc(O)cc2)C(Cc2cccs2)C(=O)O)nc2c1ncn2Cc1ccc([N+](=O)[O-])c(F)c1
rxnflow_clpp,hub_batching,188,188,227,1,-8.5,Nc1nc(N(C(=O)NCCc2ccc(O)cc2)C(Cc2cccs2)C(=O)O)nc2[nH]cnc12,Nc1nc(N(C(=O)NCCc2ccc(O)cc2)C(Cc2cccs2)C(=O)Nc2cccc3cc[nH]c23)nc2[nH]cnc12
rxnflow_clpp,hub_batching,189,189,228,1,-8.0,Nc1nc(N(C(=O)NCCc2ccc(O)cc2)C(Cc2cccs2)C(=O)O)nc2[nH]cnc12,Nc1nc(N(C(=O)N2CCc3ccc(O)cc3C2c2nc3ccccc3[nH]2)C(Cc2cccs2)C(=O)O)nc2[nH]cnc12
rxnflow_clpp,hub_batching,190,190,231,3,-9.4,CCC(C)C(N)CNC(Cc1ccccc1)C1=NC(C(=O)O)Cc2ccccc21,CCC(C)C(CNC(Cc1ccccc1)C1=NC(C(=O)O)Cc2ccccc21)NC(=O)NC(C)c1ccccc1
rxnflow_clpp,hub_batching,191,191,232,1,-9.3,CCC(C)C(N)CNC(Cc1ccccc1)C1=NC(C(=O)O)Cc2ccccc21,CCC(C)C(N)CNC(Cc1ccccc1)C1=NC(C(=O)OCc2cccc(C#N)c2)Cc2ccccc21
rxnflow_clpp,hub_batching,192,192,233,1,-9.1,CCC(C)C(N)CNC(Cc1ccccc1)C1=NC(C(=O)O)Cc2ccccc21,CCC(C)C(N)CNC(Cc1ccccc1)C1=NC(C2=NCCc3c2[nH]c2ccccc32)Cc2ccccc21
rxnflow_clpp,hub_batching,193,193,234,1,-8.6,CCC(C)C(N)CNC(Cc1ccccc1)C1=NC(C(=O)O)Cc2ccccc21,CCC(C)C(N)CN(C(=O)Nc1cccc(C(F)(F)F)c1)C(Cc1ccccc1)C1=NC(C(=O)O)Cc2ccccc21
rxnflow_clpp,hub_batching,194,194,235,1,-8.5,CCC(C)C(N)CNC(Cc1ccccc1)C1=NC(C(=O)O)Cc2ccccc21,CCC(C)C(N)CNC(Cc1ccccc1)C1=NC(CNCc2ccc(OC)cc2)Cc2ccccc21
rxnflow_clpp,hub_batching,195,195,236,1,-8.4,CCC(C)C(N)CNC(Cc1ccccc1)C1=NC(C(=O)O)Cc2ccccc21,CCC(C)C(N)CNC(Cc1ccccc1)C1=NC(c2nc3cc(F)c(F)cc3o2)Cc2ccccc21
rxnflow_clpp,hub_batching,196,196,237,1,-8.3,CCC(C)C(N)CNC(Cc1ccccc1)C1=NC(C(=O)O)Cc2ccccc21,CCC(C)C(N)CN1C(C2=NC(C(=O)O)Cc3ccccc32)Cc2ccccc2C1c1ccncc1F
rxnflow_clpp,hub_batching,197,197,240,3,-10.3,Nc1nc(NC(CCC(=O)NCc2ccc(C(F)(F)F)cc2)C(=O)O)nc2[nH]cnc12,Nc1nc(N(c2nc3ccccc3[nH]2)C(CCC(=O)NCc2ccc(C(F)(F)F)cc2)C(=O)O)nc2[nH]cnc12
rxnflow_clpp,hub_batching,198,198,241,1,-10.1,Nc1nc(NC(CCC(=O)NCc2ccc(C(F)(F)F)cc2)C(=O)O)nc2[nH]cnc12,Nc1nc(NC(CCC(=O)NCc2ccc(C(F)(F)F)cc2)C(=O)Nc2cccc3cc[nH]c23)nc2[nH]cnc12
rxnflow_clpp,hub_batching,199,199,242,1,-10.1,Nc1nc(NC(CCC(=O)NCc2ccc(C(F)(F)F)cc2)C(=O)O)nc2[nH]cnc12,Nc1nc(NC(CCC(=O)NCc2ccc(C(F)(F)F)cc2)C2=NC(C(=O)O)Cc3c2[nH]c2ccccc32)nc2[nH]cnc12
rxnflow_clpp,hub_batching,200,200,243,1,-9.7,Nc1nc(NC(CCC(=O)NCc2ccc(C(F)(F)F)cc2)C(=O)O)nc2[nH]cnc12,Nc1nc(NC(CCC(=O)NCc2ccc(C(F)(F)F)cc2)c2nc3cc(F)c(F)cc3o2)nc2[nH]cnc12
rxnflow_clpp,hub_batching,201,201,244,1,-9.6,Nc1nc(NC(CCC(=O)NCc2ccc(C(F)(F)F)cc2)C(=O)O)nc2[nH]cnc12,O=C(CCC(Nc1nc(NC(=O)Nc2ccccc2F)c2nc[nH]c2n1)C(=O)O)NCc1ccc(C(F)(F)F)cc1
rxnflow_clpp,hub_batching,202,202,245,1,-9.3,Nc1nc(NC(CCC(=O)NCc2ccc(C(F)(F)F)cc2)C(=O)O)nc2[nH]cnc12,Cc1cccc(Cn2cnc3c(N)nc(NC(CCC(=O)NCc4ccc(C(F)(F)F)cc4)C(=O)O)nc32)c1C
rxnflow_clpp,hub_batching,203,203,246,1,-9.0,Nc1nc(NC(CCC(=O)NCc2ccc(C(F)(F)F)cc2)C(=O)O)nc2[nH]cnc12,Nc1nc(NC(CCC(=O)NCc2ccc(C(F)(F)F)cc2)CNCCc2c[nH]c3ccc(O)cc23)nc2[nH]cnc12
rxnflow_clpp,hub_batching,204,204,247,1,-8.9,Nc1nc(NC(CCC(=O)NCc2ccc(C(F)(F)F)cc2)C(=O)O)nc2[nH]cnc12,Nc1nc(N(C(CCC(=O)NCc2ccc(C(F)(F)F)cc2)C(=O)O)C(CCl)c2ccc3c(c2)NC(=O)C3)nc2[nH]cnc12
rxnflow_clpp,hub_batching,205,205,248,1,-8.5,Nc1nc(NC(CCC(=O)NCc2ccc(C(F)(F)F)cc2)C(=O)O)nc2[nH]cnc12,N#Cc1ccc2[nH]cc(CN(c3nc(N)c4nc[nH]c4n3)C(CCC(=O)NCc3ccc(C(F)(F)F)cc3)C(=O)O)c2c1
rxnflow_clpp,hub_batching,206,206,251,3,-8.7,CCC(C)C(N)CNC(Cc1ccc(O)cc1)C1=NC(C(=O)O)Cc2ccccc21,CCC(C)C(N)CNC(Cc1ccc(O)cc1)C1=NC(CN2Cc3ccccc3CC2C(=O)O)Cc2ccccc21
rxnflow_clpp,hub_batching,207,207,252,1,-8.5,CCC(C)C(N)CNC(Cc1ccc(O)cc1)C1=NC(C(=O)O)Cc2ccccc21,CCC(C)C(CNC(Cc1ccc(O)cc1)C1=NC(C(=O)O)Cc2ccccc21)NCc1ccc(C(F)(F)F)cc1F
rxnflow_clpp,hub_batching,208,208,253,1,-8.5,CCC(C)C(N)CNC(Cc1ccc(O)cc1)C1=NC(C(=O)O)Cc2ccccc21,CCC(C)C(N)CNC(Cc1ccc(OC(=O)c2ccc(C=O)cc2)cc1)C1=NC(C(=O)O)Cc2ccccc21
rxnflow_clpp,hub_batching,209,209,254,1,-8.2,CCC(C)C(N)CNC(Cc1ccc(O)cc1)C1=NC(C(=O)O)Cc2ccccc21,CCC(C)C(N)CNC(Cc1ccc(O)cc1)C1=NC(C(=O)Nc2cccc3cc[nH]c23)Cc2ccccc21
rxnflow_clpp,hub_batching,210,210,255,1,-8.2,CCC(C)C(N)CNC(Cc1ccc(O)cc1)C1=NC(C(=O)O)Cc2ccccc21,CCC(C)C(N)CNC(Cc1ccc(O)cc1)C1=NC(c2nc3ccc(C(=O)O)cc3[nH]2)Cc2ccccc21
rxnflow_clpp,hub_batching,211,211,258,3,-9.4,N=C(N)NCCCC(NCc1ccc(O)c(N)c1)C(=O)N1Cc2ccccc2CC1C(=O)O,N=C(N)NCCCC(C(=O)N1Cc2ccccc2CC1C(=O)O)N(Cc1ccc(O)c(N)c1)C(=O)NCc1ccc(O)cc1
rxnflow_clpp,hub_batching,212,212,259,1,-9.3,N=C(N)NCCCC(NCc1ccc(O)c(N)c1)C(=O)N1Cc2ccccc2CC1C(=O)O,N=C(N)NCCCC(NCc1ccc(O)c(N)c1)C(=O)N1Cc2ccccc2CC1C(=O)OCc1ccc(F)c([N+](=O)[O-])c1
rxnflow_clpp,hub_batching,213,213,260,1,-9.0,N=C(N)NCCCC(NCc1ccc(O)c(N)c1)C(=O)N1Cc2ccccc2CC1C(=O)O,N=C(N)NCCCC(NCc1ccc(O)c(Nc2ccccn2)c1)C(=O)N1Cc2ccccc2CC1C(=O)O
rxnflow_clpp,hub_batching,214,214,261,1,-8.7,N=C(N)NCCCC(NCc1ccc(O)c(N)c1)C(=O)N1Cc2ccccc2CC1C(=O)O,N=C(N)NCCCC(NCc1ccc(O)c(N)c1)C(=O)N1Cc2ccccc2CC1CNC(Cc1c[nH]c2ccccc12)C(=O)O
rxnflow_clpp,hub_batching,215,215,262,1,-8.7,N=C(N)NCCCC(NCc1ccc(O)c(N)c1)C(=O)N1Cc2ccccc2CC1C(=O)O,N=C(N)NCCCC(NCc1ccc(O)c(N)c1)C(=O)N1Cc2ccccc2CC1c1nc2ccc(Br)cc2o1
rxnflow_clpp,hub_batching,216,216,265,3,-9.4,NC(CS)CNC(Cc1c[nH]c2ccccc12)C1=NC(C(=O)O)Cc2ccccc21,NC(CS)CN1C(C2=NC(C(=O)O)Cc3ccccc32)Cc2c([nH]c3ccccc23)C1c1ccc(C(F)(F)F)cc1
rxnflow_clpp,hub_batching,217,217,266,1,-9.3,NC(CS)CNC(Cc1c[nH]c2ccccc12)C1=NC(C(=O)O)Cc2ccccc21,Nc1ccccc1C(=O)NC(CS)CNC(Cc1c[nH]c2ccccc12)C1=NC(C(=O)O)Cc2ccccc21
rxnflow_clpp,hub_batching,218,218,267,1,-9.3,NC(CS)CNC(Cc1c[nH]c2ccccc12)C1=NC(C(=O)O)Cc2ccccc21,NC(CS)CNC(Cc1c[nH]c2ccccc12)C1=NC(CNCCc2c[nH]c3ccccc23)Cc2ccccc21
rxnflow_clpp,hub_batching,219,219,268,1,-8.6,NC(CS)CNC(Cc1c[nH]c2ccccc12)C1=NC(C(=O)O)Cc2ccccc21,NC(CS)CN1C(Cc2c[nH]c3ccccc23)C2=NC(C(=O)O)Cc3cccc(c32)C1c1c[nH]c2ccccc12
rxnflow_clpp,hub_batching,220,220,269,1,-8.5,NC(CS)CNC(Cc1c[nH]c2ccccc12)C1=NC(C(=O)O)Cc2ccccc21,NC(CS)CN(Cc1ccc(C(F)(F)F)cc1F)C(Cc1c[nH]c2ccccc12)C1=NC(C(=O)O)Cc2ccccc21
rxnflow_clpp,hub_batching,221,221,270,1,-8.1,NC(CS)CNC(Cc1c[nH]c2ccccc12)C1=NC(C(=O)O)Cc2ccccc21,N#Cc1cccc(Cn2cc(CC(NCC(N)CS)C3=NC(C(=O)O)Cc4ccccc43)c3ccccc32)c1
rxnflow_clpp,hub_batching,222,222,273,3,-10.2,Nc1nc(NC(CN2Cc3ccccc3CC2C(=O)O)c2ccccc2)cs1,O=C(O)C1Cc2ccccc2CN1CC(Nc1csc(NCc2c[nH]c3ccc(F)cc23)n1)c1ccccc1
rxnflow_clpp,hub_batching,223,223,274,1,-9.4,Nc1nc(NC(CN2Cc3ccccc3CC2C(=O)O)c2ccccc2)cs1,Nc1nc(NC(CN2Cc3ccccc3CC2C(=O)NCc2ccc(C(F)(F)F)cc2)c2ccccc2)cs1
rxnflow_clpp,hub_batching,224,224,275,1,-9.4,Nc1nc(NC(CN2Cc3ccccc3CC2C(=O)O)c2ccccc2)cs1,COc1ccc(CNC(=O)N(c2csc(N)n2)C(CN2Cc3ccccc3CC2C(=O)O)c2ccccc2)cc1
rxnflow_clpp,hub_batching,225,225,276,1,-9.1,Nc1nc(NC(CN2Cc3ccccc3CC2C(=O)O)c2ccccc2)cs1,Nc1nc(N(Cc2c[nH]c3ccccc23)C(CN2Cc3ccccc3CC2C(=O)O)c2ccccc2)cs1
rxnflow_clpp,hub_batching,226,226,277,1,-9.1,Nc1nc(NC(CN2Cc3ccccc3CC2C(=O)O)c2ccccc2)cs1,CC(NCC1Cc2ccccc2CN1CC(Nc1csc(N)n1)c1ccccc1)c1ccccc1
rxnflow_clpp,hub_batching,227,227,278,1,-9.0,Nc1nc(NC(CN2Cc3ccccc3CC2C(=O)O)c2ccccc2)cs1,Nc1nc(NC(CN2Cc3ccccc3CC2C2=NC(C(=O)O)Cc3c2[nH]c2ccccc32)c2ccccc2)cs1
rxnflow_clpp,hub_batching,228,228,279,1,-8.9,Nc1nc(NC(CN2Cc3ccccc3CC2C(=O)O)c2ccccc2)cs1,O=C(O)C1Cc2ccccc2CN1CC(Nc1csc(Nc2cnc3cccnn23)n1)c1ccccc1
rxnflow_clpp,hub_batching,229,229,280,1,-8.8,Nc1nc(NC(CN2Cc3ccccc3CC2C(=O)O)c2ccccc2)cs1,Nc1nc(N(c2cncc(C(F)(F)F)c2)C(CN2Cc3ccccc3CC2C(=O)O)c2ccccc2)cs1
rxnflow_clpp,hub_batching,230,230,281,1,-8.2,Nc1nc(NC(CN2Cc3ccccc3CC2C(=O)O)c2ccccc2)cs1,Nc1nc(N(C(CCl)c2ccc3c(c2)NC(=O)C3)C(CN2Cc3ccccc3CC2C(=O)O)c2ccccc2)cs1
rxnflow_clpp,hub_batching,231,231,282,1,-8.2,Nc1nc(NC(CN2Cc3ccccc3CC2C(=O)O)c2ccccc2)cs1,Nc1nc(NC(CN2Cc3ccccc3CC2C(=O)OCC(=O)c2ccc3c(c2)NC(=O)C3)c2ccccc2)cs1
rxnflow_clpp,hub_batching,232,232,285,3,-9.8,NC(CNC(C1=NC(C(=O)O)Cc2ccccc21)c1ccccc1)c1ccccc1,Nc1cc(F)ccc1OC(=O)C1Cc2ccccc2C(C(NCC(N)c2ccccc2)c2ccccc2)=N1
rxnflow_clpp,hub_batching,233,233,286,1,-9.7,NC(CNC(C1=NC(C(=O)O)Cc2ccccc21)c1ccccc1)c1ccccc1,NC(CNC(C1=NC(CNCc2c[nH]c3ccccc23)Cc2ccccc21)c1ccccc1)c1ccccc1
rxnflow_clpp,hub_batching,234,234,287,1,-9.5,NC(CNC(C1=NC(C(=O)O)Cc2ccccc21)c1ccccc1)c1ccccc1,NC(CNC(C1=NC(C2=NCCc3ccccc32)Cc2ccccc21)c1ccccc1)c1ccccc1
rxnflow_clpp,hub_batching,235,235,288,1,-9.2,NC(CNC(C1=NC(C(=O)O)Cc2ccccc21)c1ccccc1)c1ccccc1,O=C(NC(CNC(C1=NC(C(=O)O)Cc2ccccc21)c1ccccc1)c1ccccc1)c1ccc(F)c(C(F)(F)F)c1
rxnflow_clpp,hub_batching,236,236,289,1,-9.2,NC(CNC(C1=NC(C(=O)O)Cc2ccccc21)c1ccccc1)c1ccccc1,NC(CNC(C1=NC(CN2CCCC(=O)C2)Cc2ccccc21)c1ccccc1)c1ccccc1
rxnflow_clpp,hub_batching,237,237,290,1,-9.1,NC(CNC(C1=NC(C(=O)O)Cc2ccccc21)c1ccccc1)c1ccccc1,O=C(NCCc1c[nH]c2ccc(O)cc12)NC(CNC(C1=NC(C(=O)O)Cc2ccccc21)c1ccccc1)c1ccccc1
rxnflow_clpp,hub_batching,238,238,291,1,-9.1,NC(CNC(C1=NC(C(=O)O)Cc2ccccc21)c1ccccc1)c1ccccc1,NC(CN(CC1Cc2ccccc2CN1)C(C1=NC(C(=O)O)Cc2ccccc21)c1ccccc1)c1ccccc1
rxnflow_clpp,hub_batching,239,239,292,1,-9.0,NC(CNC(C1=NC(C(=O)O)Cc2ccccc21)c1ccccc1)c1ccccc1,NC(CN(c1ncc2[nH]ccc2n1)C(C1=NC(C(=O)O)Cc2ccccc21)c1ccccc1)c1ccccc1
rxnflow_clpp,hub_batching,240,240,293,1,-9.0,NC(CNC(C1=NC(C(=O)O)Cc2ccccc21)c1ccccc1)c1ccccc1,COc1ccc(C(F)(F)F)cc1C1c2cccc3c2C(=NC(C(=O)O)C3)C(c2ccccc2)N1CC(N)c1ccccc1
rxnflow_clpp,hub_batching,241,241,294,1,-8.9,NC(CNC(C1=NC(C(=O)O)Cc2ccccc21)c1ccccc1)c1ccccc1,NC(CN(C(=O)NC(Cc1c[nH]c2ccccc12)C(=O)O)C(C1=NC(C(=O)O)Cc2ccccc21)c1ccccc1)c1ccccc1
rxnflow_clpp,hub_batching,242,242,295,1,-8.8,NC(CNC(C1=NC(C(=O)O)Cc2ccccc21)c1ccccc1)c1ccccc1,NC(CNC(C1=NC(C(=O)Nc2ccnc3ccccc23)Cc2ccccc21)c1ccccc1)c1ccccc1
rxnflow_clpp,hub_batching,243,243,296,1,-8.6,NC(CNC(C1=NC(C(=O)O)Cc2ccccc21)c1ccccc1)c1ccccc1,O=C(O)C1Cc2ccccc2C(C(NCC(Nc2ccc3ccccc3n2)c2ccccc2)c2ccccc2)=N1
rxnflow_clpp,hub_batching,244,244,297,1,-8.5,NC(CNC(C1=NC(C(=O)O)Cc2ccccc21)c1ccccc1)c1ccccc1,NC(CN(C(=O)c1cc(C(F)(F)F)ccn1)C(C1=NC(C(=O)O)Cc2ccccc21)c1ccccc1)c1ccccc1
rxnflow_clpp,hub_batching,245,245,298,1,-8.2,NC(CNC(C1=NC(C(=O)O)Cc2ccccc21)c1ccccc1)c1ccccc1,CC(c1ccc(S(=O)(=O)F)cc1)N(CC(N)c1ccccc1)C(C1=NC(C(=O)O)Cc2ccccc21)c1ccccc1
rxnflow_clpp,hub_batching,246,246,301,3,-8.4,CC(O)C(NCC(N)CCCNC(=N)N)C1=NC(C(=O)O)Cc2ccccc21,CC(O)C(C1=NC(C(=O)O)Cc2ccccc21)N(CC(N)CCCNC(=N)N)C(=O)NCCc1ccccc1
rxnflow_clpp,hub_batching,247,247,302,1,-8.2,CC(O)C(NCC(N)CCCNC(=N)N)C1=NC(C(=O)O)Cc2ccccc21,CC(O)C(NCC(CCCNC(=N)N)NCc1ccccc1C(F)(F)F)C1=NC(C(=O)O)Cc2ccccc21
rxnflow_clpp,hub_batching,248,248,303,1,-8.1,CC(O)C(NCC(N)CCCNC(=N)N)C1=NC(C(=O)O)Cc2ccccc21,CC(O)C(NCC(N)CCCNC(=N)N)C1=NC(C(=O)NCc2ccccc2O)Cc2ccccc21
rxnflow_clpp,hub_batching,249,249,304,1,-8.1,CC(O)C(NCC(N)CCCNC(=N)N)C1=NC(C(=O)O)Cc2ccccc21,CC(OC(=O)c1cccc(F)c1F)C(NCC(N)CCCNC(=N)N)C1=NC(C(=O)O)Cc2ccccc21
rxnflow_clpp,hub_batching,250,250,307,3,-10.0,Nc1nc(NC2(C3=NC(C(=O)O)Cc4ccccc43)CCC2)nc2[nH]cnc12,Nc1nc(N(C(=O)Nc2cccc(C(F)(F)F)c2)C2(C3=NC(C(=O)O)Cc4ccccc43)CCC2)nc2[nH]cnc12
rxnflow_clpp,hub_batching,251,251,308,1,-9.9,Nc1nc(NC2(C3=NC(C(=O)O)Cc4ccccc43)CCC2)nc2[nH]cnc12,CC(NC(=O)C1Cc2ccccc2C(C2(Nc3nc(N)c4nc[nH]c4n3)CCC2)=N1)c1ccccc1
rxnflow_clpp,hub_batching,252,252,309,1,-9.7,Nc1nc(NC2(C3=NC(C(=O)O)Cc4ccccc43)CCC2)nc2[nH]cnc12,Nc1nc(NC2(C3=NC(c4nc5ccc(C(F)(F)F)cc5[nH]4)Cc4ccccc43)CCC2)nc2[nH]cnc12
rxnflow_clpp,hub_batching,253,253,310,1,-9.6,Nc1nc(NC2(C3=NC(C(=O)O)Cc4ccccc43)CCC2)nc2[nH]cnc12,O=C(O)C1Cc2ccccc2C(C2(Nc3nc(Nc4ccc5ccccc5n4)c4nc[nH]c4n3)CCC2)=N1
rxnflow_clpp,hub_batching,254,254,311,1,-9.6,Nc1nc(NC2(C3=NC(C(=O)O)Cc4ccccc43)CCC2)nc2[nH]cnc12,Nc1nc(N2C(c3ccc(C(F)(F)F)cc3F)c3cccc4c3C(=NC(C(=O)O)C4)C23CCC3)nc2[nH]cnc12
rxnflow_clpp,hub_batching,255,255,312,1,-9.3,Nc1nc(NC2(C3=NC(C(=O)O)Cc4ccccc43)CCC2)nc2[nH]cnc12,Nc1nc(NC2(C3=NC(CNCCc4c[nH]c5ccccc45)Cc4ccccc43)CCC2)nc2[nH]cnc12
rxnflow_clpp,hub_batching,256,256,313,1,-8.8,Nc1nc(NC2(C3=NC(C(=O)O)Cc4ccccc43)CCC2)nc2[nH]cnc12,Nc1nc(NC2(C3=NC(C(=O)O)Cc4ccccc43)CCC2)nc2c1ncn2Cc1ccccc1
rxnflow_clpp,hub_batching,257,257,314,1,-8.5,Nc1nc(NC2(C3=NC(C(=O)O)Cc4ccccc43)CCC2)nc2[nH]cnc12,N#Cc1ccc2[nH]cc(CN(c3nc(N)c4nc[nH]c4n3)C3(C4=NC(C(=O)O)Cc5ccccc54)CCC3)c2c1
rxnflow_clpp,hub_batching,258,258,317,3,-9.6,NC(Cc1cccs1)CN(Cc1c[nH]c2ccc(F)cc12)C(Cc1ccccc1)C(=O)O,NC(Cc1cccs1)CN(Cc1c[nH]c2ccc(F)cc12)C(Cc1ccccc1)C(=O)NCCc1ccc(O)cc1
rxnflow_clpp,hub_batching,259,259,318,1,-9.3,NC(Cc1cccs1)CN(Cc1c[nH]c2ccc(F)cc12)C(Cc1ccccc1)C(=O)O,O=C(O)C(Cc1ccccc1)N(Cc1c[nH]c2ccc(F)cc12)CC(Cc1cccs1)Nc1ccc2ccccc2n1
rxnflow_clpp,hub_batching,260,260,319,1,-8.9,NC(Cc1cccs1)CN(Cc1c[nH]c2ccc(F)cc12)C(Cc1ccccc1)C(=O)O,NC(Cc1cccs1)CN(Cc1c[nH]c2ccc(F)cc12)C(Cc1ccccc1)c1nc2ccc(C(F)(F)F)cc2[nH]1
rxnflow_clpp,hub_batching,261,261,320,1,-8.9,NC(Cc1cccs1)CN(Cc1c[nH]c2ccc(F)cc12)C(Cc1ccccc1)C(=O)O,NC(Cc1cccs1)CN(Cc1cn(CC(=O)c2ccc(F)cc2F)c2ccc(F)cc12)C(Cc1ccccc1)C(=O)O
rxnflow_clpp,hub_batching,262,262,323,3,-11.1,CC(NC(=O)NCCCNC(Cc1ccc(O)cc1)C(=O)O)c1ccccc1,CC(NC(=O)NCCCN1C(C(=O)O)Cc2ccc(O)cc2C1c1ccc(C(F)(F)F)cc1)c1ccccc1
rxnflow_clpp,hub_batching,263,263,324,1,-9.8,CC(NC(=O)NCCCNC(Cc1ccc(O)cc1)C(=O)O)c1ccccc1,CC(NC(=O)NCCCNC(Cc1ccc(O)cc1)c1nc2cc(F)ccc2o1)c1ccccc1
rxnflow_clpp,hub_batching,264,264,325,1,-9.6,CC(NC(=O)NCCCNC(Cc1ccc(O)cc1)C(=O)O)c1ccccc1,CC(NC(=O)NCCCNC(Cc1ccc(O)cc1)C1=NCCc2c1[nH]c1ccccc21)c1ccccc1
rxnflow_clpp,hub_batching,265,265,326,1,-9.4,CC(NC(=O)NCCCNC(Cc1ccc(O)cc1)C(=O)O)c1ccccc1,CC(NC(=O)NCCCN(c1ncc2[nH]ccc2n1)C(Cc1ccc(O)cc1)C(=O)O)c1ccccc1
rxnflow_clpp,hub_batching,266,266,327,1,-9.4,CC(NC(=O)NCCCNC(Cc1ccc(O)cc1)C(=O)O)c1ccccc1,CC(NC(=O)NCCCN(Cc1ccc(C(F)(F)F)cc1)C(Cc1ccc(O)cc1)C(=O)O)c1ccccc1
rxnflow_clpp,hub_batching,267,267,328,1,-9.4,CC(NC(=O)NCCCNC(Cc1ccc(O)cc1)C(=O)O)c1ccccc1,CC(NC(=O)NCCCNC(Cc1ccc(O)cc1)C(=O)Nc1cccnc1Br)c1ccccc1
rxnflow_clpp,hub_batching,268,268,329,1,-9.4,CC(NC(=O)NCCCNC(Cc1ccc(O)cc1)C(=O)O)c1ccccc1,CC(NC(=O)NCCCNC(Cc1ccc(O)cc1)CN1Cc2ccccc2CC1C(=O)O)c1ccccc1
rxnflow_clpp,hub_batching,269,269,330,1,-9.0,CC(NC(=O)NCCCNC(Cc1ccc(O)cc1)C(=O)O)c1ccccc1,CC(NC(=O)NCCCNC(Cc1ccc(O)cc1)C(=O)OCc1ccc(C#N)cc1F)c1ccccc1
rxnflow_clpp,hub_batching,270,270,331,1,-8.9,CC(NC(=O)NCCCNC(Cc1ccc(O)cc1)C(=O)O)c1ccccc1,CC(NC(=O)NCCCN(c1ccc([N+](=O)[O-])c2ncccc12)C(Cc1ccc(O)cc1)C(=O)O)c1ccccc1
rxnflow_clpp,hub_batching,271,271,332,1,-8.9,CC(NC(=O)NCCCNC(Cc1ccc(O)cc1)C(=O)O)c1ccccc1,CC(NC(=O)NCCCN(C(=O)NCc1c[nH]c2ccccc12)C(Cc1ccc(O)cc1)C(=O)O)c1ccccc1
rxnflow_clpp,hub_batching,272,272,333,1,-8.8,CC(NC(=O)NCCCNC(Cc1ccc(O)cc1)C(=O)O)c1ccccc1,CC(NC(=O)NCCCNC(Cc1ccc(O)cc1)C(=O)N1CCCC1C(F)(F)F)c1ccccc1
rxnflow_clpp,hub_batching,273,273,334,1,-8.7,CC(NC(=O)NCCCNC(Cc1ccc(O)cc1)C(=O)O)c1ccccc1,CC(NC(=O)NCCCNC(CNc1ccc(C(F)(F)F)cc1N)Cc1ccc(O)cc1)c1ccccc1
rxnflow_clpp,hub_batching,274,274,335,1,-8.4,CC(NC(=O)NCCCNC(Cc1ccc(O)cc1)C(=O)O)c1ccccc1,CC(N)C(=O)Oc1ccc(CC(NCCCNC(=O)NC(C)c2ccccc2)C(=O)O)cc1
rxnflow_clpp,hub_batching,275,275,336,1,-8.3,CC(NC(=O)NCCCNC(Cc1ccc(O)cc1)C(=O)O)c1ccccc1,CC(NC(=O)NCCCN(C(Cc1ccc(O)cc1)C(=O)O)C(CCl)c1ccc2c(c1)NC(=O)C2)c1ccccc1
rxnflow_clpp,hub_batching,276,276,337,1,-8.1,CC(NC(=O)NCCCNC(Cc1ccc(O)cc1)C(=O)O)c1ccccc1,CC(NC(=O)NCCCNC(Cc1ccc(O)cc1)C1=NC(C(=O)O)Cc2ccc([N+](=O)[O-])cc21)c1ccccc1
rxnflow_clpp,hub_batching,277,277,338,1,-8.0,CC(NC(=O)NCCCNC(Cc1ccc(O)cc1)C(=O)O)c1ccccc1,CC(NC(=O)NCCCN(C(Cc1ccc(O)cc1)C(=O)O)S(=O)(=O)c1cccc2ccccc12)c1ccccc1
rxnflow_clpp,hub_batching,278,278,341,3,-9.1,NCCN(c1nc(N)c2nc[nH]c2n1)C(C(=O)O)c1ccccc1,NCCN(c1nc(N)c2nc[nH]c2n1)C(c1ccccc1)c1nc2ccc(C(F)(F)F)cc2[nH]1
rxnflow_clpp,hub_batching,279,279,342,1,-8.9,NCCN(c1nc(N)c2nc[nH]c2n1)C(C(=O)O)c1ccccc1,CC(NC(=O)NCCN(c1nc(N)c2nc[nH]c2n1)C(C(=O)O)c1ccccc1)c1ccccc1
rxnflow_clpp,hub_batching,280,280,343,1,-8.8,NCCN(c1nc(N)c2nc[nH]c2n1)C(C(=O)O)c1ccccc1,NCCN(c1nc(N)c2ncn(Cc3ccccc3)c2n1)C(C(=O)O)c1ccccc1
rxnflow_clpp,hub_batching,281,281,344,1,-8.7,NCCN(c1nc(N)c2nc[nH]c2n1)C(C(=O)O)c1ccccc1,Cc1ccc(S(=O)(=O)F)cc1NC(=O)C(c1ccccc1)N(CCN)c1nc(N)c2nc[nH]c2n1
rxnflow_clpp,hub_batching,282,282,345,1,-8.6,NCCN(c1nc(N)c2nc[nH]c2n1)C(C(=O)O)c1ccccc1,NCCN(c1nc(N)c2nc[nH]c2n1)C(CNCCc1c[nH]c2ccccc12)c1ccccc1
rxnflow_clpp,hub_batching,283,283,346,1,-8.4,NCCN(c1nc(N)c2nc[nH]c2n1)C(C(=O)O)c1ccccc1,NCCN(c1nc(N)c2nc[nH]c2n1)C(C(=O)NCCc1c[nH]c2ccc(O)cc12)c1ccccc1
rxnflow_clpp,hub_batching,284,284,347,1,-8.0,NCCN(c1nc(N)c2nc[nH]c2n1)C(C(=O)O)c1ccccc1,NCCN(c1nc(N)c2nc[nH]c2n1)C(C(=O)OCC(=O)c1ccc(Cl)c(Cl)c1)c1ccccc1
rxnflow_clpp,hub_batching,285,285,350,3,-9.7,NC(CO)CN(CC1Cc2ccccc2CN1)C(C(=O)O)c1ccccc1,CC(NC(=O)NC(CO)CN(CC1Cc2ccccc2CN1)C(C(=O)O)c1ccccc1)c1ccccc1
rxnflow_clpp,hub_batching,286,286,351,1,-9.2,NC(CO)CN(CC1Cc2ccccc2CN1)C(C(=O)O)c1ccccc1,Cc1ccc(COCC(N)CN(CC2Cc3ccccc3CN2)C(C(=O)O)c2ccccc2)cc1F
rxnflow_clpp,hub_batching,287,287,352,1,-9.1,NC(CO)CN(CC1Cc2ccccc2CN1)C(C(=O)O)c1ccccc1,NC(CO)CN(CC1Cc2ccccc2CN1)C(C(=O)NCc1cccc(O)c1)c1ccccc1
rxnflow_clpp,hub_batching,288,288,353,1,-8.6,NC(CO)CN(CC1Cc2ccccc2CN1)C(C(=O)O)c1ccccc1,NC(CO)CN(CC1Cc2ccccc2CN1)C(CNCCc1ccc(O)cc1)c1ccccc1
rxnflow_clpp,hub_batching,289,289,354,1,-8.4,NC(CO)CN(CC1Cc2ccccc2CN1)C(C(=O)O)c1ccccc1,NC(CO)CN(CC1Cc2ccccc2CN1Cc1ccc(C(F)(F)F)cc1)C(C(=O)O)c1ccccc1
rxnflow_clpp,hub_batching,290,290,355,1,-8.2,NC(CO)CN(CC1Cc2ccccc2CN1)C(C(=O)O)c1ccccc1,NC(CO)CN(CC1Cc2ccccc2CN1)C(c1ccccc1)c1nc2cc(C(=O)O)ccc2o1
rxnflow_clpp,hub_batching,291,291,356,1,-8.1,NC(CO)CN(CC1Cc2ccccc2CN1)C(C(=O)O)c1ccccc1,NC(CO)CN(CC1Cc2ccccc2CN1c1ccc(S(=O)(=O)F)cn1)C(C(=O)O)c1ccccc1
rxnflow_clpp,hub_batching,292,292,357,1,-8.1,NC(CO)CN(CC1Cc2ccccc2CN1)C(C(=O)O)c1ccccc1,NC(CO)CN(CC1Cc2ccccc2CN1C(CCl)c1ccc2c(c1)NC(=O)C2)C(C(=O)O)c1ccccc1
rxnflow_clpp,hub_batching,293,293,358,1,-8.1,NC(CO)CN(CC1Cc2ccccc2CN1)C(C(=O)O)c1ccccc1,NC(CO)CN(CC1Cc2ccccc2CN1)C(C1=NCCc2c1[nH]c1ccccc21)c1ccccc1
rxnflow_clpp,hub_batching,294,294,359,1,-8.0,NC(CO)CN(CC1Cc2ccccc2CN1)C(C(=O)O)c1ccccc1,NC(CO)CN(CC1Cc2ccccc2CN1C(=O)Nc1cc(F)ccc1O)C(C(=O)O)c1ccccc1
rxnflow_clpp,hub_batching,295,295,362,3,-10.5,Nc1nc(N(CC(N)c2ccccc2)c2c(F)cccc2C(=O)O)nc2[nH]cnc12,Nc1nc(N(CC(N)c2ccccc2)c2c(F)cccc2C(=O)OCC(=O)c2ccc(Br)cc2)nc2[nH]cnc12
rxnflow_clpp,hub_batching,296,296,363,1,-9.8,Nc1nc(N(CC(N)c2ccccc2)c2c(F)cccc2C(=O)O)nc2[nH]cnc12,CC(NC(=O)Nc1nc(N(CC(N)c2ccccc2)c2c(F)cccc2C(=O)O)nc2[nH]cnc12)c1ccccc1
rxnflow_clpp,hub_batching,297,297,364,1,-9.4,Nc1nc(N(CC(N)c2ccccc2)c2c(F)cccc2C(=O)O)nc2[nH]cnc12,Nc1nc(N(CC(N)c2ccccc2)c2c(F)cccc2C(=O)O)nc2c1ncn2CC(=O)c1ccc(F)cc1F
rxnflow_clpp,hub_batching,298,298,365,1,-9.3,Nc1nc(N(CC(N)c2ccccc2)c2c(F)cccc2C(=O)O)nc2[nH]cnc12,Nc1nc(N(CC(N)c2ccccc2)c2c(F)cccc2CNCc2cccc(O)c2)nc2[nH]cnc12
rxnflow_clpp,hub_batching,299,299,366,1,-8.9,Nc1nc(N(CC(N)c2ccccc2)c2c(F)cccc2C(=O)O)nc2[nH]cnc12,Nc1nc(N(CC(N)c2ccccc2)c2c(F)cccc2C2=NC(C(=O)O)Cc3c2[nH]c2ccccc32)nc2[nH]cnc12
rxnflow_clpp,hub_batching,300,300,367,1,-8.4,Nc1nc(N(CC(N)c2ccccc2)c2c(F)cccc2C(=O)O)nc2[nH]cnc12,Nc1nc(N(CC(N)c2ccccc2)c2c(F)cccc2-c2nc3cc(F)ccc3o2)nc2[nH]cnc12
rxnflow_clpp,greedy_oracle,1,1,2,2,-10.3,Nc1c(F)cccc1CNc1ccccc1C(=O)O,Nc1c(F)cccc1CNc1ccccc1-c1nc2ccc(C(F)(F)F)cc2[nH]1
rxnflow_clpp,greedy_oracle,2,2,3,1,-9.3,Nc1c(F)cccc1CNc1ccccc1C(=O)O,Nc1c(F)cccc1CNc1ccccc1CNC(Cc1c[nH]c2ccccc12)C(=O)O
rxnflow_clpp,greedy_oracle,3,3,4,1,-9.3,Nc1c(F)cccc1CNc1ccccc1C(=O)O,Nc1c(F)cccc1CNc1ccccc1C1=NCCc2c1[nH]c1ccccc21
rxnflow_clpp,greedy_oracle,4,4,5,1,-9.3,Nc1c(F)cccc1CNc1ccccc1C(=O)O,Nc1c(F)cccc1CNc1ccccc1-c1nc2ccc(C(=O)O)cc2o1
rxnflow_clpp,greedy_oracle,5,5,6,1,-9.2,Nc1c(F)cccc1CNc1ccccc1C(=O)O,CC(NCc1ccccc1NCc1cccc(F)c1N)c1ccccc1
rxnflow_clpp,greedy_oracle,6,6,7,1,-9.1,Nc1c(F)cccc1CNc1ccccc1C(=O)O,COc1ccc(CNC(=O)c2ccccc2NCc2cccc(F)c2N)cc1
rxnflow_clpp,greedy_oracle,7,7,8,1,-9.1,Nc1c(F)cccc1CNc1ccccc1C(=O)O,O=C(NCCc1c[nH]c2ccc(O)cc12)Nc1c(F)cccc1CNc1ccccc1C(=O)O
rxnflow_clpp,greedy_oracle,8,8,9,1,-9.0,Nc1c(F)cccc1CNc1ccccc1C(=O)O,CC(Nc1c(F)cccc1CNc1ccccc1C(=O)O)c1ccc(S(=O)(=O)F)cc1
rxnflow_clpp,greedy_oracle,9,9,10,1,-9.0,Nc1c(F)cccc1CNc1ccccc1C(=O)O,Cc1ccc(COC(=O)c2ccccc2NCc2cccc(F)c2N)cc1F
rxnflow_clpp,greedy_oracle,10,10,11,1,-8.9,Nc1c(F)cccc1CNc1ccccc1C(=O)O,O=C(O)c1ccccc1NCc1cccc(F)c1Nc1ccc(C(F)(F)F)cn1
rxnflow_clpp,greedy_oracle,11,11,12,1,-8.9,Nc1c(F)cccc1CNc1ccccc1C(=O)O,O=C(Nc1c(F)cccc1CNc1ccccc1C(=O)O)c1ccc(F)c(C(F)(F)F)c1
rxnflow_clpp,greedy_oracle,12,12,13,1,-8.9,Nc1c(F)cccc1CNc1ccccc1C(=O)O,Nc1c(F)cccc1CNc1ccccc1C(=O)N1CCC(C(=O)O)CC1
rxnflow_clpp,greedy_oracle,13,13,14,1,-8.9,Nc1c(F)cccc1CNc1ccccc1C(=O)O,Nc1c(F)cccc1CN(C(=O)NCCc1c[nH]c2ccccc12)c1ccccc1C(=O)O
rxnflow_clpp,greedy_oracle,14,14,15,1,-8.9,Nc1c(F)cccc1CNc1ccccc1C(=O)O,Nc1c(F)cccc1CNc1ccccc1C(=O)Oc1c(Br)c(C(F)(F)F)nc2ccccc12
rxnflow_clpp,greedy_oracle,15,15,16,1,-8.9,Nc1c(F)cccc1CNc1ccccc1C(=O)O,Nc1c(F)cccc1CNc1ccccc1CNc1nc(F)nc2[nH]cnc12
rxnflow_clpp,greedy_oracle,16,16,17,1,-8.8,Nc1c(F)cccc1CNc1ccccc1C(=O)O,NCCc1c[nH]c2ccc(OC(=O)c3ccccc3NCc3cccc(F)c3N)cc12
rxnflow_clpp,greedy_oracle,17,17,18,1,-8.8,Nc1c(F)cccc1CNc1ccccc1C(=O)O,Nc1c(F)cccc1CNc1ccccc1CN1Cc2ccccc2CC1C(=O)O
rxnflow_clpp,greedy_oracle,18,18,19,1,-8.7,Nc1c(F)cccc1CNc1ccccc1C(=O)O,CC(NC(=O)N(Cc1cccc(F)c1N)c1ccccc1C(=O)O)c1ccccc1
rxnflow_clpp,greedy_oracle,19,19,20,1,-8.7,Nc1c(F)cccc1CNc1ccccc1C(=O)O,O=C(Nc1c(F)cccc1CNc1ccccc1C(=O)O)Nc1ccnc2ccccc12
rxnflow_clpp,greedy_oracle,20,20,21,1,-8.6,Nc1c(F)cccc1CNc1ccccc1C(=O)O,Cc1cc(Br)cnc1NC(=O)c1ccccc1NCc1cccc(F)c1N
rxnflow_clpp,greedy_oracle,21,21,22,1,-8.5,Nc1c(F)cccc1CNc1ccccc1C(=O)O,O=C1Cc2ccc(C(CCl)Nc3c(F)cccc3CNc3ccccc3C(=O)O)cc2N1
rxnflow_clpp,greedy_oracle,22,22,23,1,-8.5,Nc1c(F)cccc1CNc1ccccc1C(=O)O,O=C(O)c1ccccc1NCc1cccc(F)c1NCC1Cc2ccccc2CN1
rxnflow_clpp,greedy_oracle,23,23,24,1,-8.5,Nc1c(F)cccc1CNc1ccccc1C(=O)O,Nc1cc(C(F)(F)F)ccc1NCc1ccccc1NCc1cccc(F)c1N
rxnflow_clpp,greedy_oracle,24,24,25,1,-8.3,Nc1c(F)cccc1CNc1ccccc1C(=O)O,O=C(O)c1ccccc1NCc1cccc(F)c1Nc1cc(CBr)ccc1[N+](=O)[O-]
rxnflow_clpp,greedy_oracle,25,25,26,1,-8.3,Nc1c(F)cccc1CNc1ccccc1C(=O)O,O=Cc1cccc(CNc2c(F)cccc2CNc2ccccc2C(=O)O)c1
rxnflow_clpp,greedy_oracle,26,26,27,1,-8.3,Nc1c(F)cccc1CNc1ccccc1C(=O)O,Nc1c(F)cccc1CNc1ccccc1C(=O)OCC(=O)c1ccc2c(c1)NC(=O)C2
rxnflow_clpp,greedy_oracle,27,27,28,1,-8.2,Nc1c(F)cccc1CNc1ccccc1C(=O)O,O=Cc1c[nH]c2cc(Nc3c(F)cccc3CNc3ccccc3C(=O)O)ccc12
rxnflow_clpp,greedy_oracle,28,28,29,1,-8.2,Nc1c(F)cccc1CNc1ccccc1C(=O)O,O=C(O)c1ccccc1NCc1cccc(F)c1NC(=O)N1CCCC(C(=O)O)C1
rxnflow_clpp,greedy_oracle,29,29,30,1,-8.2,Nc1c(F)cccc1CNc1ccccc1C(=O)O,Nc1c(F)cccc1CNc1ccccc1CNCCc1c[nH]c2ccc(O)cc12
rxnflow_clpp,greedy_oracle,30,30,31,1,-8.2,Nc1c(F)cccc1CNc1ccccc1C(=O)O,Nc1c(F)cccc1CNc1ccccc1CNC1CCCCC1O
rxnflow_clpp,greedy_oracle,31,31,32,1,-8.1,Nc1c(F)cccc1CNc1ccccc1C(=O)O,NC(CNc1c(F)cccc1CNc1ccccc1C(=O)O)CC1CCCCC1
rxnflow_clpp,greedy_oracle,32,32,33,1,-8.1,Nc1c(F)cccc1CNc1ccccc1C(=O)O,Nc1c(F)cccc1CNc1ccccc1C1=NC(C(=O)O)Cc2ccc(O)cc21
rxnflow_clpp,greedy_oracle,33,33,34,1,-8.0,Nc1c(F)cccc1CNc1ccccc1C(=O)O,Nc1c(F)cccc1CN(Cc1ccc(C(F)(F)F)cc1)c1ccccc1C(=O)O
rxnflow_clpp,greedy_oracle,34,34,35,1,-8.0,Nc1c(F)cccc1CNc1ccccc1C(=O)O,COc1cccc(CNCc2ccccc2NCc2cccc(F)c2N)c1
rxnflow_clpp,greedy_oracle,35,35,36,1,-8.0,Nc1c(F)cccc1CNc1ccccc1C(=O)O,Nc1c(F)cccc1CNc1ccccc1CNCCN1CCOCC1
rxnflow_clpp,greedy_oracle,36,36,37,1,-8.0,Nc1c(F)cccc1CNc1ccccc1C(=O)O,Nc1c(F)cccc1CNc1ccccc1C1=NCCc2ccc(S(N)(=O)=O)cc21
rxnflow_clpp,greedy_oracle,37,37,39,2,-10.3,Nc1nc(NC(C(=O)O)c2ccccc2)nc2[nH]cnc12,CC(NC(=O)Nc1nc(NC(C(=O)O)c2ccccc2)nc2[nH]cnc12)c1ccccc1
rxnflow_clpp,greedy_oracle,38,38,40,1,-10.1,Nc1nc(NC(C(=O)O)c2ccccc2)nc2[nH]cnc12,Nc1nc(NC(C(=O)O)c2ccccc2)nc2c1ncn2CC(=O)c1ccc2c(c1)NC(=O)C2
rxnflow_clpp,greedy_oracle,39,39,41,1,-9.9,Nc1nc(NC(C(=O)O)c2ccccc2)nc2[nH]cnc12,O=C(O)C(Nc1nc(NCc2c[nH]c3cc(Br)ccc23)c2nc[nH]c2n1)c1ccccc1
rxnflow_clpp,greedy_oracle,40,40,42,1,-9.6,Nc1nc(NC(C(=O)O)c2ccccc2)nc2[nH]cnc12,Nc1nc(NC(C(=O)NCc2ccc(C(F)(F)F)cc2)c2ccccc2)nc2[nH]cnc12
rxnflow_clpp,greedy_oracle,41,41,43,1,-9.5,Nc1nc(NC(C(=O)O)c2ccccc2)nc2[nH]cnc12,O=C(O)C(Nc1nc(Nc2ccc([N+](=O)[O-])c3ncccc23)c2nc[nH]c2n1)c1ccccc1
rxnflow_clpp,greedy_oracle,42,42,44,1,-9.5,Nc1nc(NC(C(=O)O)c2ccccc2)nc2[nH]cnc12,Nc1nc(NC(C(=O)O)c2ccccc2)nc2c1ncn2CC1CCC(F)(F)CC1
rxnflow_clpp,greedy_oracle,43,43,45,1,-9.3,Nc1nc(NC(C(=O)O)c2ccccc2)nc2[nH]cnc12,O=C1Cc2ccc(C(CCl)Nc3nc(NC(C(=O)O)c4ccccc4)nc4[nH]cnc34)cc2N1
rxnflow_clpp,greedy_oracle,44,44,46,1,-9.3,Nc1nc(NC(C(=O)O)c2ccccc2)nc2[nH]cnc12,O=Cc1c[nH]c2cc(Nc3nc(NC(C(=O)O)c4ccccc4)nc4[nH]cnc34)ccc12
rxnflow_clpp,greedy_oracle,45,45,47,1,-9.2,Nc1nc(NC(C(=O)O)c2ccccc2)nc2[nH]cnc12,Nc1nc(NC(C(=O)O)c2ccccc2)nc2c1ncn2Cc1cc(=O)[nH]c2ccccc12
rxnflow_clpp,greedy_oracle,46,46,48,1,-9.1,Nc1nc(NC(C(=O)O)c2ccccc2)nc2[nH]cnc12,O=C(O)C(Nc1nc(Nc2c(C(F)(F)F)nc3ccccc3c2O)c2nc[nH]c2n1)c1ccccc1
rxnflow_clpp,greedy_oracle,47,47,49,1,-9.1,Nc1nc(NC(C(=O)O)c2ccccc2)nc2[nH]cnc12,O=C(O)C(Nc1nc(NCC2Cc3ccccc3CN2)c2nc[nH]c2n1)c1ccccc1
rxnflow_clpp,greedy_oracle,48,48,50,1,-9.0,Nc1nc(NC(C(=O)O)c2ccccc2)nc2[nH]cnc12,O=C(O)C(Nc1nc(Nc2ncc3[nH]ccc3n2)c2nc[nH]c2n1)c1ccccc1
rxnflow_clpp,greedy_oracle,49,49,51,1,-8.9,Nc1nc(NC(C(=O)O)c2ccccc2)nc2[nH]cnc12,Nc1nc(N(C(=O)Nc2cccc(C(F)(F)F)c2)C(C(=O)O)c2ccccc2)nc2[nH]cnc12
rxnflow_clpp,greedy_oracle,50,50,52,1,-8.9,Nc1nc(NC(C(=O)O)c2ccccc2)nc2[nH]cnc12,Nc1nc(NC(CNC(Cc2c[nH]c3ccccc23)C(=O)O)c2ccccc2)nc2[nH]cnc12
rxnflow_clpp,greedy_oracle,51,51,53,1,-8.9,Nc1nc(NC(C(=O)O)c2ccccc2)nc2[nH]cnc12,Nc1nc(NC(C(=O)OCC(=O)c2ccc(Br)cc2)c2ccccc2)nc2[nH]cnc12
rxnflow_clpp,greedy_oracle,52,52,54,1,-8.8,Nc1nc(NC(C(=O)O)c2ccccc2)nc2[nH]cnc12,Nc1nc(NC(c2ccccc2)c2nc3ccc(C(F)(F)F)cc3[nH]2)nc2[nH]cnc12
rxnflow_clpp,greedy_oracle,53,53,55,1,-8.7,Nc1nc(NC(C(=O)O)c2ccccc2)nc2[nH]cnc12,Nc1nc(N(C(=O)NCCc2c[nH]c3ccccc23)C(C(=O)O)c2ccccc2)nc2[nH]cnc12
rxnflow_clpp,greedy_oracle,54,54,56,1,-8.7,Nc1nc(NC(C(=O)O)c2ccccc2)nc2[nH]cnc12,Nc1nc(NC(CN2Cc3ccccc3CC2C(=O)O)c2ccccc2)nc2[nH]cnc12
rxnflow_clpp,greedy_oracle,55,55,57,1,-8.6,Nc1nc(NC(C(=O)O)c2ccccc2)nc2[nH]cnc12,Nc1nc(NC(CNc2nc(F)nc3[nH]cnc23)c2ccccc2)nc2[nH]cnc12
rxnflow_clpp,greedy_oracle,56,56,58,1,-8.6,Nc1nc(NC(C(=O)O)c2ccccc2)nc2[nH]cnc12,Nc1nc(NC(C2=NCCc3c2[nH]c2ccccc32)c2ccccc2)nc2[nH]cnc12
rxnflow_clpp,greedy_oracle,57,57,59,1,-8.5,Nc1nc(NC(C(=O)O)c2ccccc2)nc2[nH]cnc12,O=C(O)C(Nc1nc(NS(=O)(=O)c2cccc3ccccc23)c2nc[nH]c2n1)c1ccccc1
rxnflow_clpp,greedy_oracle,58,58,60,1,-8.5,Nc1nc(NC(C(=O)O)c2ccccc2)nc2[nH]cnc12,Nc1nc(N(CC(N)Cc2ccc(O)cc2)C(C(=O)O)c2ccccc2)nc2[nH]cnc12
rxnflow_clpp,greedy_oracle,59,59,61,1,-8.5,Nc1nc(NC(C(=O)O)c2ccccc2)nc2[nH]cnc12,Nc1nc(NC(c2ccccc2)c2nc3cc(F)c(F)cc3o2)nc2[nH]cnc12
rxnflow_clpp,greedy_oracle,60,60,62,1,-8.4,Nc1nc(NC(C(=O)O)c2ccccc2)nc2[nH]cnc12,NC(CNc1nc(NC(C(=O)O)c2ccccc2)nc2[nH]cnc12)Cc1ccc([N+](=O)[O-])cc1
rxnflow_clpp,greedy_oracle,61,61,63,1,-8.3,Nc1nc(NC(C(=O)O)c2ccccc2)nc2[nH]cnc12,Nc1nc(N(C(=O)C(N)CC2CCCCC2)C(C(=O)O)c2ccccc2)nc2[nH]cnc12
rxnflow_clpp,greedy_oracle,62,62,64,1,-8.2,Nc1nc(NC(C(=O)O)c2ccccc2)nc2[nH]cnc12,Nc1nc(N(c2ccc3ccccc3n2)C(C(=O)O)c2ccccc2)nc2[nH]cnc12
rxnflow_clpp,greedy_oracle,63,63,65,1,-8.2,Nc1nc(NC(C(=O)O)c2ccccc2)nc2[nH]cnc12,CC(=O)c1ccc(S(=O)(=O)N(c2nc(N)c3nc[nH]c3n2)C(C(=O)O)c2ccccc2)cc1
rxnflow_clpp,greedy_oracle,64,64,66,1,-8.1,Nc1nc(NC(C(=O)O)c2ccccc2)nc2[nH]cnc12,Nc1nc(N(Cc2c[nH]c3ccc(F)cc23)C(C(=O)O)c2ccccc2)nc2[nH]cnc12
rxnflow_clpp,greedy_oracle,65,65,67,1,-8.0,Nc1nc(NC(C(=O)O)c2ccccc2)nc2[nH]cnc12,NCCc1c[nH]c2ccc(OC(=O)C(Nc3nc(N)c4nc[nH]c4n3)c3ccccc3)cc12
rxnflow_clpp,greedy_oracle,66,66,69,2,-10.2,Nc1cccnc1NC(Cc1c[nH]c2ccccc12)C(=O)O,Nc1cccnc1NC(Cc1c[nH]c2ccccc12)C(=O)NCc1ccc(C(F)(F)F)cc1
rxnflow_clpp,greedy_oracle,67,67,70,1,-10.2,Nc1cccnc1NC(Cc1c[nH]c2ccccc12)C(=O)O,O=C(Nc1cccnc1NC(Cc1c[nH]c2ccccc12)C(=O)O)NC(C(=O)O)c1ccccc1
rxnflow_clpp,greedy_oracle,68,68,71,1,-9.3,Nc1cccnc1NC(Cc1c[nH]c2ccccc12)C(=O)O,Nc1cccnc1NC(CNc1cc(Br)ccc1O)Cc1c[nH]c2ccccc12
rxnflow_clpp,greedy_oracle,69,69,72,1,-9.3,Nc1cccnc1NC(Cc1c[nH]c2ccccc12)C(=O)O,Nc1cccnc1NC(Cc1c[nH]c2ccccc12)C1=NC(C(=O)O)Cc2c1[nH]c1ccccc21
rxnflow_clpp,greedy_oracle,70,70,73,1,-9.3,Nc1cccnc1NC(Cc1c[nH]c2ccccc12)C(=O)O,O=C(O)C(Cc1c[nH]c2ccccc12)n1c(-c2cc(C(F)(F)F)ccc2Br)nc2cccnc21
rxnflow_clpp,greedy_oracle,71,71,74,1,-9.1,Nc1cccnc1NC(Cc1c[nH]c2ccccc12)C(=O)O,Nc1cccnc1NC(Cc1c[nH]c2ccccc12)c1nc2ccc(C(F)(F)F)cc2[nH]1
rxnflow_clpp,greedy_oracle,72,72,75,1,-9.0,Nc1cccnc1NC(Cc1c[nH]c2ccccc12)C(=O)O,Nc1cccnc1NC(Cc1c[nH]c2ccccc12)C(=O)OCC(=O)c1ccc(F)cc1F
rxnflow_clpp,greedy_oracle,73,73,76,1,-8.9,Nc1cccnc1NC(Cc1c[nH]c2ccccc12)C(=O)O,Nc1cccnc1N(C(=O)Nc1cccc(C(F)(F)F)c1)C(Cc1c[nH]c2ccccc12)C(=O)O
rxnflow_clpp,greedy_oracle,74,74,77,1,-8.8,Nc1cccnc1NC(Cc1c[nH]c2ccccc12)C(=O)O,Nc1cccnc1N(CC(N)Cc1c[nH]c2ccccc12)C(Cc1c[nH]c2ccccc12)C(=O)O
rxnflow_clpp,greedy_oracle,75,75,78,1,-8.7,Nc1cccnc1NC(Cc1c[nH]c2ccccc12)C(=O)O,Nc1cccnc1NC(Cc1cn(CC(=O)c2ccc3c(c2)NC(=O)C3)c2ccccc12)C(=O)O
rxnflow_clpp,greedy_oracle,76,76,79,1,-8.6,Nc1cccnc1NC(Cc1c[nH]c2ccccc12)C(=O)O,Nc1cccnc1NC(Cc1c[nH]c2ccccc12)CN1CCCC1C(F)(F)F
rxnflow_clpp,greedy_oracle,77,77,80,1,-8.6,Nc1cccnc1NC(Cc1c[nH]c2ccccc12)C(=O)O,Nc1cccnc1N1C(C(=O)O)Cc2c([nH]c3ccccc23)C1c1c[nH]c2ccccc12
rxnflow_clpp,greedy_oracle,78,78,81,1,-8.6,Nc1cccnc1NC(Cc1c[nH]c2ccccc12)C(=O)O,NC(Cc1ccc(O)cc1)c1nc2cccnc2n1C(Cc1c[nH]c2ccccc12)C(=O)O
rxnflow_clpp,greedy_oracle,79,79,82,1,-8.4,Nc1cccnc1NC(Cc1c[nH]c2ccccc12)C(=O)O,Nc1cccnc1NC(Cc1c[nH]c2ccccc12)c1nc2cc(Br)ccc2o1
rxnflow_clpp,greedy_oracle,80,80,83,1,-8.4,Nc1cccnc1NC(Cc1c[nH]c2ccccc12)C(=O)O,O=C(O)C(Cc1c[nH]c2ccccc12)n1c(C2Cc3ccccc3CN2)nc2cccnc21
rxnflow_clpp,greedy_oracle,81,81,84,1,-8.3,Nc1cccnc1NC(Cc1c[nH]c2ccccc12)C(=O)O,COc1ccc(C(F)(F)F)cc1CNc1cccnc1NC(Cc1c[nH]c2ccccc12)C(=O)O
rxnflow_clpp,greedy_oracle,82,82,85,1,-8.0,Nc1cccnc1NC(Cc1c[nH]c2ccccc12)C(=O)O,Nc1cccnc1NC(Cc1cn(Cc2ccc([N+](=O)[O-])c(F)c2)c2ccccc12)C(=O)O
rxnflow_clpp,greedy_oracle,83,83,88,3,-9.4,CCC(C)C(NCC(N)c1ccccc1)C(=O)NC(C(=O)O)c1ccccc1,CCC(C)C(NCC(NC(=O)N1Cc2ccccc2CC1C(=O)O)c1ccccc1)C(=O)NC(C(=O)O)c1ccccc1
rxnflow_clpp,greedy_oracle,84,84,89,1,-9.2,CCC(C)C(NCC(N)c1ccccc1)C(=O)NC(C(=O)O)c1ccccc1,CCC(C)C(NCC(Nc1ccc(C(F)(F)F)cn1)c1ccccc1)C(=O)NC(C(=O)O)c1ccccc1
rxnflow_clpp,greedy_oracle,85,85,90,1,-9.2,CCC(C)C(NCC(N)c1ccccc1)C(=O)NC(C(=O)O)c1ccccc1,CCC(C)C(NCC(N)c1ccccc1)C(=O)NC(C(=O)Oc1ccc(F)cc1N)c1ccccc1
rxnflow_clpp,greedy_oracle,86,86,91,1,-9.2,CCC(C)C(NCC(N)c1ccccc1)C(=O)NC(C(=O)O)c1ccccc1,CCC(C)C(NCC(NCc1cccc(F)c1F)c1ccccc1)C(=O)NC(C(=O)O)c1ccccc1
rxnflow_clpp,greedy_oracle,87,87,92,1,-9.1,CCC(C)C(NCC(N)c1ccccc1)C(=O)NC(C(=O)O)c1ccccc1,CCC(C)C(NCC(NC(=O)Nc1cc(F)ccc1O)c1ccccc1)C(=O)NC(C(=O)O)c1ccccc1
rxnflow_clpp,greedy_oracle,88,88,93,1,-9.1,CCC(C)C(NCC(N)c1ccccc1)C(=O)NC(C(=O)O)c1ccccc1,CCC(C)C(C(=O)NC(C(=O)O)c1ccccc1)N(CC(N)c1ccccc1)C(=O)NCCc1c[nH]c2ccccc12
rxnflow_clpp,greedy_oracle,89,89,94,1,-9.0,CCC(C)C(NCC(N)c1ccccc1)C(=O)NC(C(=O)O)c1ccccc1,CCC(C)C(NCC(N)c1ccccc1)C(=O)NC(C(=O)NCc1ccc(C(F)(F)F)cc1)c1ccccc1
rxnflow_clpp,greedy_oracle,90,90,95,1,-9.0,CCC(C)C(NCC(N)c1ccccc1)C(=O)NC(C(=O)O)c1ccccc1,CCC(C)C(NCC(N)c1ccccc1)C(=O)NC(C1=NCCc2c1[nH]c1ccccc21)c1ccccc1
rxnflow_clpp,greedy_oracle,91,91,96,1,-8.9,CCC(C)C(NCC(N)c1ccccc1)C(=O)NC(C(=O)O)c1ccccc1,CCC(C)C(NCC(N)c1ccccc1)C(=O)NC(C1=NC(C(=O)O)Cc2ccccc21)c1ccccc1
rxnflow_clpp,greedy_oracle,92,92,97,1,-8.8,CCC(C)C(NCC(N)c1ccccc1)C(=O)NC(C(=O)O)c1ccccc1,CCC(C)C(C(=O)NC(C(=O)O)c1ccccc1)N(CC(N)c1ccccc1)c1ccc2[nH]cc(C=O)c2c1
rxnflow_clpp,greedy_oracle,93,93,98,1,-8.7,CCC(C)C(NCC(N)c1ccccc1)C(=O)NC(C(=O)O)c1ccccc1,CCC(C)C(C(=O)NC(C(=O)O)c1ccccc1)N(CC(N)c1ccccc1)c1nc(F)ccc1N
rxnflow_clpp,greedy_oracle,94,94,99,1,-8.6,CCC(C)C(NCC(N)c1ccccc1)C(=O)NC(C(=O)O)c1ccccc1,CCC(C)C(NCC(N)c1ccccc1)C(=O)NC(CNC(C)c1ccccc1)c1ccccc1
rxnflow_clpp,greedy_oracle,95,95,100,1,-8.6,CCC(C)C(NCC(N)c1ccccc1)C(=O)NC(C(=O)O)c1ccccc1,CCC(C)C(C(=O)NC(C(=O)O)c1ccccc1)N(Cc1ccc(S(=O)(=O)F)cc1)CC(N)c1ccccc1
rxnflow_clpp,greedy_oracle,96,96,101,1,-8.6,CCC(C)C(NCC(N)c1ccccc1)C(=O)NC(C(=O)O)c1ccccc1,CCC(C)C(C(=O)NC(C(=O)O)c1ccccc1)N1CC(N)c2ccccc2C1c1cc(C(F)(F)F)ccc1OC
rxnflow_clpp,greedy_oracle,97,97,102,1,-8.6,CCC(C)C(NCC(N)c1ccccc1)C(=O)NC(C(=O)O)c1ccccc1,CCC(C)C(NCC(N)c1ccccc1)C(=O)NC(c1ccccc1)c1nc2c(C(=O)O)cccc2o1
rxnflow_clpp,greedy_oracle,98,98,103,1,-8.5,CCC(C)C(NCC(N)c1ccccc1)C(=O)NC(C(=O)O)c1ccccc1,CCC(C)C(C(=O)NC(C(=O)O)c1ccccc1)N(CC(N)c1ccccc1)C1CCNC1
rxnflow_clpp,greedy_oracle,99,99,104,1,-8.5,CCC(C)C(NCC(N)c1ccccc1)C(=O)NC(C(=O)O)c1ccccc1,CCC(C)C(C(=O)NC(C(=O)O)c1ccccc1)N(CC(N)c1ccccc1)C(=O)Nc1cc(Br)ccc1O
rxnflow_clpp,greedy_oracle,100,100,105,1,-8.4,CCC(C)C(NCC(N)c1ccccc1)C(=O)NC(C(=O)O)c1ccccc1,CCC(C)C(C(=O)NC(C(=O)O)c1ccccc1)N(CC(N)c1ccccc1)c1ccc([N+](=O)[O-])c2ncccc12
rxnflow_clpp,greedy_oracle,101,101,106,1,-8.3,CCC(C)C(NCC(N)c1ccccc1)C(=O)NC(C(=O)O)c1ccccc1,CCC(C)C(NCC(N)c1ccccc1)C(=O)NC(C(=O)NC(Cc1c[nH]c2ccccc12)C(=O)O)c1ccccc1
rxnflow_clpp,greedy_oracle,102,102,107,1,-8.3,CCC(C)C(NCC(N)c1ccccc1)C(=O)NC(C(=O)O)c1ccccc1,CCC(C)C(NCC(N)c1ccccc1)C(=O)NC(C(=O)N1CCCC(O)C1)c1ccccc1
rxnflow_clpp,greedy_oracle,103,103,108,1,-8.2,CCC(C)C(NCC(N)c1ccccc1)C(=O)NC(C(=O)O)c1ccccc1,CCC(C)C(NCC(NS(=O)(=O)c1cccc2ccccc12)c1ccccc1)C(=O)NC(C(=O)O)c1ccccc1
rxnflow_clpp,greedy_oracle,104,104,109,1,-8.0,CCC(C)C(NCC(N)c1ccccc1)C(=O)NC(C(=O)O)c1ccccc1,CCC(C)C(C(=O)NC(C(=O)O)c1ccccc1)N(CC(N)c1ccccc1)S(=O)(=O)C1CCOCC1
rxnflow_clpp,greedy_oracle,105,105,110,1,-8.0,CCC(C)C(NCC(N)c1ccccc1)C(=O)NC(C(=O)O)c1ccccc1,CCC(C)C(C(=O)NC(C(=O)O)c1ccccc1)N(CC(N)c1ccccc1)C(C)c1cccc(OC)c1
rxnflow_clpp,greedy_oracle,106,106,111,1,-8.0,CCC(C)C(NCC(N)c1ccccc1)C(=O)NC(C(=O)O)c1ccccc1,CCC(C)C(C(=O)NC(C(=O)O)c1ccccc1)N(CC(N)c1ccccc1)C(=O)C1Cc2ccccc2CN1
rxnflow_clpp,greedy_oracle,107,107,114,3,-9.6,NC(CNCCCNC(C(=O)O)c1ccccc1)Cc1ccccc1,O=C(O)C(NCCCNCC1Cc2ccccc2C(c2ccc(C(F)(F)F)cc2)N1)c1ccccc1
rxnflow_clpp,greedy_oracle,108,108,115,1,-9.5,NC(CNCCCNC(C(=O)O)c1ccccc1)Cc1ccccc1,O=C(O)C(NCCCNCC1Cc2ccccc2C(c2ccc(C(F)(F)F)cn2)=N1)c1ccccc1
rxnflow_clpp,greedy_oracle,109,109,116,1,-8.9,NC(CNCCCNC(C(=O)O)c1ccccc1)Cc1ccccc1,NC(Cc1ccccc1)CN(CCCNC(C(=O)O)c1ccccc1)c1c(C(F)(F)F)nc2ccccc2c1O
rxnflow_clpp,greedy_oracle,110,110,117,1,-8.9,NC(CNCCCNC(C(=O)O)c1ccccc1)Cc1ccccc1,Nc1cc(C(F)(F)F)ccc1NC(=O)N(CCCNC(C(=O)O)c1ccccc1)CC(N)Cc1ccccc1
rxnflow_clpp,greedy_oracle,111,111,118,1,-8.8,NC(CNCCCNC(C(=O)O)c1ccccc1)Cc1ccccc1,O=C(NCc1c[nH]c2ccccc12)NC(CNCCCNC(C(=O)O)c1ccccc1)Cc1ccccc1
rxnflow_clpp,greedy_oracle,112,112,119,1,-8.7,NC(CNCCCNC(C(=O)O)c1ccccc1)Cc1ccccc1,O=Cc1c[nH]c2cc(NC(CNCCCNC(C(=O)O)c3ccccc3)Cc3ccccc3)ccc12
rxnflow_clpp,greedy_oracle,113,113,120,1,-8.7,NC(CNCCCNC(C(=O)O)c1ccccc1)Cc1ccccc1,NC(CNCCCNC(CNCc1c[nH]c2ccccc12)c1ccccc1)Cc1ccccc1
rxnflow_clpp,greedy_oracle,114,114,121,1,-8.6,NC(CNCCCNC(C(=O)O)c1ccccc1)Cc1ccccc1,NC(Cc1ccccc1)CN(CCCNC(C(=O)O)c1ccccc1)C(=O)C1Cc2ccccc2CN1
rxnflow_clpp,greedy_oracle,115,115,122,1,-8.5,NC(CNCCCNC(C(=O)O)c1ccccc1)Cc1ccccc1,O=C(Nc1cccc(C(F)(F)F)c1)NC(CNCCCNC(C(=O)O)c1ccccc1)Cc1ccccc1
rxnflow_clpp,greedy_oracle,116,116,123,1,-8.4,NC(CNCCCNC(C(=O)O)c1ccccc1)Cc1ccccc1,NC(Cc1ccccc1)CN(CCCNC(C(=O)O)c1ccccc1)c1ncc2[nH]ccc2n1
rxnflow_clpp,greedy_oracle,117,117,124,1,-8.4,NC(CNCCCNC(C(=O)O)c1ccccc1)Cc1ccccc1,CC(=O)c1ccc(S(=O)(=O)NC(CNCCCNC(C(=O)O)c2ccccc2)Cc2ccccc2)cc1
rxnflow_clpp,greedy_oracle,118,118,125,1,-8.4,NC(CNCCCNC(C(=O)O)c1ccccc1)Cc1ccccc1,NC(Cc1ccccc1)CN(CCCNC(C(=O)O)c1ccccc1)Cc1cccnc1F
rxnflow_clpp,greedy_oracle,119,119,126,1,-8.4,NC(CNCCCNC(C(=O)O)c1ccccc1)Cc1ccccc1,NC(CNCCCNC(CNc1cccc2cc[nH]c12)c1ccccc1)Cc1ccccc1
rxnflow_clpp,greedy_oracle,120,120,127,1,-8.4,NC(CNCCCNC(C(=O)O)c1ccccc1)Cc1ccccc1,NC(CNCCCNC(c1ccccc1)c1nc2c(C(=O)O)cccc2o1)Cc1ccccc1
rxnflow_clpp,greedy_oracle,121,121,128,1,-8.3,NC(CNCCCNC(C(=O)O)c1ccccc1)Cc1ccccc1,O=C(O)C(NCCCNCC(Cc1ccccc1)NCc1nc2ccccc2[nH]1)c1ccccc1
rxnflow_clpp,greedy_oracle,122,122,129,1,-8.3,NC(CNCCCNC(C(=O)O)c1ccccc1)Cc1ccccc1,CC(NC(=O)C(NCCCNCC(N)Cc1ccccc1)c1ccccc1)c1ccccc1
rxnflow_clpp,greedy_oracle,123,123,130,1,-8.3,NC(CNCCCNC(C(=O)O)c1ccccc1)Cc1ccccc1,NC(Cc1ccccc1)CN(CCCNC(C(=O)O)c1ccccc1)C(=O)NC(Cc1c[nH]c2ccccc12)C(=O)O
rxnflow_clpp,greedy_oracle,124,124,131,1,-8.2,NC(CNCCCNC(C(=O)O)c1ccccc1)Cc1ccccc1,N=C(N)NCCCC(N)C(=O)NC(CNCCCNC(C(=O)O)c1ccccc1)Cc1ccccc1
rxnflow_clpp,greedy_oracle,125,125,132,1,-8.2,NC(CNCCCNC(C(=O)O)c1ccccc1)Cc1ccccc1,Cc1ccnc(NC(CNCCCNC(C(=O)O)c2ccccc2)Cc2ccccc2)c1N
rxnflow_clpp,greedy_oracle,126,126,133,1,-8.2,NC(CNCCCNC(C(=O)O)c1ccccc1)Cc1ccccc1,NC(Cc1ccccc1)CN(CCCNC(C(=O)O)c1ccccc1)c1ccc2[nH]cc(C=O)c2c1
rxnflow_clpp,greedy_oracle,127,127,134,1,-8.2,NC(CNCCCNC(C(=O)O)c1ccccc1)Cc1ccccc1,NC(CNCCCNC(CN1CCCC(=O)C1)c1ccccc1)Cc1ccccc1
rxnflow_clpp,greedy_oracle,128,128,135,1,-8.1,NC(CNCCCNC(C(=O)O)c1ccccc1)Cc1ccccc1,NC(Cc1ccccc1)CN(CCCNC(C(=O)O)c1ccccc1)C(CCl)c1ccc2c(c1)NC(=O)C2
rxnflow_clpp,greedy_oracle,129,129,136,1,-8.0,NC(CNCCCNC(C(=O)O)c1ccccc1)Cc1ccccc1,NC(CNCCCNC(C1=NCCc2ccc(O)cc21)c1ccccc1)Cc1ccccc1
rxnflow_clpp,greedy_oracle,130,130,139,3,-9.5,Nc1nc(NC(C(=O)NC(C(=O)O)c2ccccc2)c2ccccc2)cs1,Nc1nc(N(C(=O)Nc2cccc(C(F)(F)F)c2)C(C(=O)NC(C(=O)O)c2ccccc2)c2ccccc2)cs1
rxnflow_clpp,greedy_oracle,131,131,140,1,-9.5,Nc1nc(NC(C(=O)NC(C(=O)O)c2ccccc2)c2ccccc2)cs1,O=C(NCc1ccccc1)Nc1nc(NC(C(=O)NC(C(=O)O)c2ccccc2)c2ccccc2)cs1
rxnflow_clpp,greedy_oracle,132,132,141,1,-9.2,Nc1nc(NC(C(=O)NC(C(=O)O)c2ccccc2)c2ccccc2)cs1,CC(NC(=O)C(NC(=O)C(Nc1csc(N)n1)c1ccccc1)c1ccccc1)c1ccccc1
rxnflow_clpp,greedy_oracle,133,133,142,1,-9.1,Nc1nc(NC(C(=O)NC(C(=O)O)c2ccccc2)c2ccccc2)cs1,O=C(O)C(NC(=O)C(Nc1csc(NCc2nc3ccccc3[nH]2)n1)c1ccccc1)c1ccccc1
rxnflow_clpp,greedy_oracle,134,134,143,1,-9.0,Nc1nc(NC(C(=O)NC(C(=O)O)c2ccccc2)c2ccccc2)cs1,Nc1nc(N(c2ccc(C(=O)O)c(F)c2F)C(C(=O)NC(C(=O)O)c2ccccc2)c2ccccc2)cs1
rxnflow_clpp,greedy_oracle,135,135,144,1,-9.0,Nc1nc(NC(C(=O)NC(C(=O)O)c2ccccc2)c2ccccc2)cs1,Nc1nc(N(c2ccc3c(C=O)c[nH]c3c2)C(C(=O)NC(C(=O)O)c2ccccc2)c2ccccc2)cs1
rxnflow_clpp,greedy_oracle,136,136,145,1,-9.0,Nc1nc(NC(C(=O)NC(C(=O)O)c2ccccc2)c2ccccc2)cs1,Nc1nc(NC(C(=O)NC(CN2Cc3ccccc3CC2C(=O)O)c2ccccc2)c2ccccc2)cs1
rxnflow_clpp,greedy_oracle,137,137,146,1,-8.9,Nc1nc(NC(C(=O)NC(C(=O)O)c2ccccc2)c2ccccc2)cs1,Nc1nc(NC(C(=O)NC(c2ccccc2)c2nc3ccc(C(F)(F)F)cc3[nH]2)c2ccccc2)cs1
rxnflow_clpp,greedy_oracle,138,138,147,1,-8.8,Nc1nc(NC(C(=O)NC(C(=O)O)c2ccccc2)c2ccccc2)cs1,Nc1nc(N(Cc2ccc(F)c(F)c2F)C(C(=O)NC(C(=O)O)c2ccccc2)c2ccccc2)cs1
rxnflow_clpp,greedy_oracle,139,139,148,1,-8.8,Nc1nc(NC(C(=O)NC(C(=O)O)c2ccccc2)c2ccccc2)cs1,Nc1nc(NC2C(=O)N(C(C(=O)O)c3ccccc3)C(c3ccc(C(F)(F)F)c(F)c3)c3ccccc32)cs1
rxnflow_clpp,greedy_oracle,140,140,149,1,-8.6,Nc1nc(NC(C(=O)NC(C(=O)O)c2ccccc2)c2ccccc2)cs1,O=C(O)C(NC(=O)C(Nc1csc(Nc2cncc(C(F)(F)F)c2)n1)c1ccccc1)c1ccccc1
rxnflow_clpp,greedy_oracle,141,141,150,1,-8.6,Nc1nc(NC(C(=O)NC(C(=O)O)c2ccccc2)c2ccccc2)cs1,Nc1nc(N(C(=O)NCCc2c[nH]c3ccc(O)cc23)C(C(=O)NC(C(=O)O)c2ccccc2)c2ccccc2)cs1
rxnflow_clpp,greedy_oracle,142,142,151,1,-8.5,Nc1nc(NC(C(=O)NC(C(=O)O)c2ccccc2)c2ccccc2)cs1,Cc1ccc(S(=O)(=O)Nc2nc(NC(C(=O)NC(C(=O)O)c3ccccc3)c3ccccc3)cs2)cc1N
rxnflow_clpp,greedy_oracle,143,143,152,1,-8.5,Nc1nc(NC(C(=O)NC(C(=O)O)c2ccccc2)c2ccccc2)cs1,COc1ccccc1CCNCC(NC(=O)C(Nc1csc(N)n1)c1ccccc1)c1ccccc1
rxnflow_clpp,greedy_oracle,144,144,153,1,-8.4,Nc1nc(NC(C(=O)NC(C(=O)O)c2ccccc2)c2ccccc2)cs1,Nc1nc(Nc2nc(NC(C(=O)NC(C(=O)O)c3ccccc3)c3ccccc3)cs2)nc2[nH]cnc12
rxnflow_clpp,greedy_oracle,145,145,154,1,-8.4,Nc1nc(NC(C(=O)NC(C(=O)O)c2ccccc2)c2ccccc2)cs1,Nc1nc(NC(C(=O)NC(c2ccccc2)c2nc3cc(F)c(F)cc3o2)c2ccccc2)cs1
rxnflow_clpp,greedy_oracle,146,146,155,1,-8.3,Nc1nc(NC(C(=O)NC(C(=O)O)c2ccccc2)c2ccccc2)cs1,Nc1nc(NC(C(=O)NC(C2=NC(C(=O)O)Cc3c2[nH]c2ccccc32)c2ccccc2)c2ccccc2)cs1
rxnflow_clpp,greedy_oracle,147,147,156,1,-8.1,Nc1nc(NC(C(=O)NC(C(=O)O)c2ccccc2)c2ccccc2)cs1,Nc1nc(N(C(=O)C2CCCNC2)C(C(=O)NC(C(=O)O)c2ccccc2)c2ccccc2)cs1
rxnflow_clpp,greedy_oracle,148,148,157,1,-8.1,Nc1nc(NC(C(=O)NC(C(=O)O)c2ccccc2)c2ccccc2)cs1,Nc1nc(NC(C(=O)NC(CNc2ccnc3ccccc23)c2ccccc2)c2ccccc2)cs1
rxnflow_clpp,greedy_oracle,149,149,158,1,-8.1,Nc1nc(NC(C(=O)NC(C(=O)O)c2ccccc2)c2ccccc2)cs1,Nc1nc(NC(C(=O)NC(C(=O)OCC(=O)c2ccc(Cl)c(Cl)c2)c2ccccc2)c2ccccc2)cs1
rxnflow_clpp,greedy_oracle,150,150,159,1,-8.0,Nc1nc(NC(C(=O)NC(C(=O)O)c2ccccc2)c2ccccc2)cs1,Nc1nc(N(C(C(=O)NC(C(=O)O)c2ccccc2)c2ccccc2)S(=O)(=O)C2CCOCC2)cs1
rxnflow_clpp,greedy_oracle,151,151,160,1,-8.0,Nc1nc(NC(C(=O)NC(C(=O)O)c2ccccc2)c2ccccc2)cs1,COc1cccc(C(C)Nc2nc(NC(C(=O)NC(C(=O)O)c3ccccc3)c3ccccc3)cs2)c1
rxnflow_clpp,greedy_oracle,152,152,162,2,-9.9,CCC(C)C(Nc1nnnn1Cc1ccccc1)C(=O)O,CCC(C)C(Nc1nnnn1Cc1ccccc1)c1nc2ccc(C(F)(F)F)cc2[nH]1
rxnflow_clpp,greedy_oracle,153,153,163,1,-9.2,CCC(C)C(Nc1nnnn1Cc1ccccc1)C(=O)O,CCC(C)C(Nc1nnnn1Cc1ccccc1)C(=O)Nc1cc(F)c(F)cc1O
rxnflow_clpp,greedy_oracle,154,154,164,1,-9.1,CCC(C)C(Nc1nnnn1Cc1ccccc1)C(=O)O,CCC(C)C(Nc1nnnn1Cc1ccccc1)C(=O)OCc1cc(=O)[nH]c2ccccc12
rxnflow_clpp,greedy_oracle,155,155,165,1,-9.0,CCC(C)C(Nc1nnnn1Cc1ccccc1)C(=O)O,CCC(C)C(Nc1nnnn1Cc1ccccc1)c1nc2cc(F)ccc2o1
rxnflow_clpp,greedy_oracle,156,156,166,1,-8.8,CCC(C)C(Nc1nnnn1Cc1ccccc1)C(=O)O,CCC(C)C(C(=O)O)N(C(=O)NC(C)c1ccccc1)c1nnnn1Cc1ccccc1
rxnflow_clpp,greedy_oracle,157,157,167,1,-8.8,CCC(C)C(Nc1nnnn1Cc1ccccc1)C(=O)O,CCC(C)C(Nc1nnnn1Cc1ccccc1)C1=NCCc2c1[nH]c1ccc(O)cc21
rxnflow_clpp,greedy_oracle,158,158,168,1,-8.5,CCC(C)C(Nc1nnnn1Cc1ccccc1)C(=O)O,CCC(C)C(Nc1nnnn1Cc1ccccc1)C(=O)Oc1c(Br)c(C(F)(F)F)nc2ccccc12
rxnflow_clpp,greedy_oracle,159,159,169,1,-8.4,CCC(C)C(Nc1nnnn1Cc1ccccc1)C(=O)O,CCC(C)C(CNC(C)c1ccccc1)Nc1nnnn1Cc1ccccc1
rxnflow_clpp,greedy_oracle,160,160,170,1,-8.3,CCC(C)C(Nc1nnnn1Cc1ccccc1)C(=O)O,CCC(C)C(CN1CCCC1C(F)(F)F)Nc1nnnn1Cc1ccccc1
rxnflow_clpp,greedy_oracle,161,161,171,1,-8.2,CCC(C)C(Nc1nnnn1Cc1ccccc1)C(=O)O,CCC(C)C(Nc1nnnn1Cc1ccccc1)C1=NC(C(=O)O)Cc2ccc([N+](=O)[O-])cc21
rxnflow_clpp,greedy_oracle,162,162,172,1,-8.1,CCC(C)C(Nc1nnnn1Cc1ccccc1)C(=O)O,CCC(C)C(C(=O)O)N(CC(N)Cc1ccc(O)cc1)c1nnnn1Cc1ccccc1
rxnflow_clpp,greedy_oracle,163,163,174,2,-9.6,Nc1nc(NC(Cc2cccs2)C(=O)O)nc2[nH]cnc12,CC(NC(=O)C(Cc1cccs1)Nc1nc(N)c2nc[nH]c2n1)c1ccccc1
rxnflow_clpp,greedy_oracle,164,164,175,1,-8.8,Nc1nc(NC(Cc2cccs2)C(=O)O)nc2[nH]cnc12,O=C(NCc1ccc(O)cc1)Nc1nc(NC(Cc2cccs2)C(=O)O)nc2[nH]cnc12
rxnflow_clpp,greedy_oracle,165,165,176,1,-8.7,Nc1nc(NC(Cc2cccs2)C(=O)O)nc2[nH]cnc12,O=C(O)C(Cc1cccs1)Nc1nc(NCc2c[nH]c3ccc(F)cc23)c2nc[nH]c2n1
rxnflow_clpp,greedy_oracle,166,166,177,1,-8.7,Nc1nc(NC(Cc2cccs2)C(=O)O)nc2[nH]cnc12,Nc1nc(NC(Cc2cccs2)C(=O)O)nc2c1ncn2CC(=O)c1ccc(O)cc1
rxnflow_clpp,greedy_oracle,167,167,178,1,-8.3,Nc1nc(NC(Cc2cccs2)C(=O)O)nc2[nH]cnc12,O=C(CCl)c1ccc(Nc2nc(NC(Cc3cccs3)C(=O)O)nc3[nH]cnc23)cc1F
rxnflow_clpp,greedy_oracle,168,168,179,1,-8.3,Nc1nc(NC(Cc2cccs2)C(=O)O)nc2[nH]cnc12,Nc1nc(N(C(=O)NCCc2ccccc2Br)C(Cc2cccs2)C(=O)O)nc2[nH]cnc12
rxnflow_clpp,greedy_oracle,169,169,180,1,-8.3,Nc1nc(NC(Cc2cccs2)C(=O)O)nc2[nH]cnc12,Nc1nc(NC(Cc2cccs2)CN2CCCC2C(F)(F)F)nc2[nH]cnc12
rxnflow_clpp,greedy_oracle,170,170,181,1,-8.3,Nc1nc(NC(Cc2cccs2)C(=O)O)nc2[nH]cnc12,Nc1nc(NC(Cc2cccs2)C2=NC(C(=O)O)Cc3c2[nH]c2ccccc32)nc2[nH]cnc12
rxnflow_clpp,greedy_oracle,171,171,182,1,-8.2,Nc1nc(NC(Cc2cccs2)C(=O)O)nc2[nH]cnc12,CC(C)(C)c1ccc(C(CCl)N(c2nc(N)c3nc[nH]c3n2)C(Cc2cccs2)C(=O)O)cc1
rxnflow_clpp,greedy_oracle,172,172,183,1,-8.2,Nc1nc(NC(Cc2cccs2)C(=O)O)nc2[nH]cnc12,Nc1nc(NC(CNCCc2c[nH]c3ccccc23)Cc2cccs2)nc2[nH]cnc12
rxnflow_clpp,greedy_oracle,173,173,184,1,-8.0,Nc1nc(NC(Cc2cccs2)C(=O)O)nc2[nH]cnc12,Nc1nc(NC(Cc2cccs2)c2nc3ccc(C(=O)O)cc3[nH]2)nc2[nH]cnc12
rxnflow_clpp,greedy_oracle,174,174,187,3,-11.6,CC(NC(=O)C1(NCC(N)Cc2ccccc2)CCC1)c1ccccc1,CC(NC(=O)C1(NCC2Cc3ccccc3C(c3cccc(F)c3F)=N2)CCC1)c1ccccc1
rxnflow_clpp,greedy_oracle,175,175,188,1,-10.7,CC(NC(=O)C1(NCC(N)Cc2ccccc2)CCC1)c1ccccc1,CC(NC(=O)C1(NCC2Cc3ccccc3C(c3cncc(Br)c3)N2)CCC1)c1ccccc1
rxnflow_clpp,greedy_oracle,176,176,189,1,-10.2,CC(NC(=O)C1(NCC(N)Cc2ccccc2)CCC1)c1ccccc1,CC(NC(=O)C1(NCC(Cc2ccccc2)NC(=O)Nc2ccc(F)nc2Br)CCC1)c1ccccc1
rxnflow_clpp,greedy_oracle,177,177,190,1,-10.2,CC(NC(=O)C1(NCC(N)Cc2ccccc2)CCC1)c1ccccc1,CC(NC(=O)C1(NCC(Cc2ccccc2)NCC2Cc3ccccc3CN2)CCC1)c1ccccc1
rxnflow_clpp,greedy_oracle,178,178,191,1,-10.0,CC(NC(=O)C1(NCC(N)Cc2ccccc2)CCC1)c1ccccc1,Cc1ccc(S(=O)(=O)NC(CNC2(C(=O)NC(C)c3ccccc3)CCC2)Cc2ccccc2)cc1N
rxnflow_clpp,greedy_oracle,179,179,192,1,-9.8,CC(NC(=O)C1(NCC(N)Cc2ccccc2)CCC1)c1ccccc1,CC(NC(=O)C1(N(Cc2c[nH]c3ccc(C#N)cc23)CC(N)Cc2ccccc2)CCC1)c1ccccc1
rxnflow_clpp,greedy_oracle,180,180,193,1,-9.7,CC(NC(=O)C1(NCC(N)Cc2ccccc2)CCC1)c1ccccc1,CC(NC(=O)C1(NCC(Cc2ccccc2)Nc2ncc3[nH]ccc3n2)CCC1)c1ccccc1
rxnflow_clpp,greedy_oracle,181,181,194,1,-9.6,CC(NC(=O)C1(NCC(N)Cc2ccccc2)CCC1)c1ccccc1,CC(NC(=O)C1(NCC(Cc2ccccc2)NC(CCl)c2ccc3c(c2)NC(=O)C3)CCC1)c1ccccc1
rxnflow_clpp,greedy_oracle,182,182,195,1,-9.5,CC(NC(=O)C1(NCC(N)Cc2ccccc2)CCC1)c1ccccc1,Cc1cc(Br)cnc1N(CC(N)Cc1ccccc1)C1(C(=O)NC(C)c2ccccc2)CCC1
rxnflow_clpp,greedy_oracle,183,183,196,1,-9.5,CC(NC(=O)C1(NCC(N)Cc2ccccc2)CCC1)c1ccccc1,CC(NC(=O)C1(NCC(Cc2ccccc2)NCc2c[nH]c3ccc(F)cc23)CCC1)c1ccccc1
rxnflow_clpp,greedy_oracle,184,184,197,1,-9.5,CC(NC(=O)C1(NCC(N)Cc2ccccc2)CCC1)c1ccccc1,CC(NC(=O)C1(N(CC(N)Cc2ccccc2)C(=O)Nc2cccc3ccccc23)CCC1)c1ccccc1
rxnflow_clpp,greedy_oracle,185,185,198,1,-9.4,CC(NC(=O)C1(NCC(N)Cc2ccccc2)CCC1)c1ccccc1,CC(NC(=O)C1(N(CC(N)Cc2ccccc2)CC(N)CC2CCCCC2)CCC1)c1ccccc1
rxnflow_clpp,greedy_oracle,186,186,199,1,-9.3,CC(NC(=O)C1(NCC(N)Cc2ccccc2)CCC1)c1ccccc1,CC(NC(=O)C1(N(CC(N)Cc2ccccc2)C(=O)N2Cc3ccccc3CC2C(=O)O)CCC1)c1ccccc1
rxnflow_clpp,greedy_oracle,187,187,200,1,-9.2,CC(NC(=O)C1(NCC(N)Cc2ccccc2)CCC1)c1ccccc1,CC(NC(=O)C1(N(CC(N)Cc2ccccc2)C(=O)c2ccc(C(F)(F)F)cn2)CCC1)c1ccccc1
rxnflow_clpp,greedy_oracle,188,188,201,1,-9.0,CC(NC(=O)C1(NCC(N)Cc2ccccc2)CCC1)c1ccccc1,CC(NC(=O)C1(NCC(Cc2ccccc2)Nc2cc(CBr)ccc2[N+](=O)[O-])CCC1)c1ccccc1
rxnflow_clpp,greedy_oracle,189,189,202,1,-8.9,CC(NC(=O)C1(NCC(N)Cc2ccccc2)CCC1)c1ccccc1,CC(NC(=O)C1(N(CC(N)Cc2ccccc2)c2ccc([N+](=O)[O-])c3ncccc23)CCC1)c1ccccc1
rxnflow_clpp,greedy_oracle,190,190,203,1,-8.8,CC(NC(=O)C1(NCC(N)Cc2ccccc2)CCC1)c1ccccc1,CC(NC(=O)C1(N(CC(N)Cc2ccccc2)S(=O)(=O)c2ccncc2)CCC1)c1ccccc1
rxnflow_clpp,greedy_oracle,191,191,204,1,-8.7,CC(NC(=O)C1(NCC(N)Cc2ccccc2)CCC1)c1ccccc1,CC(NC(=O)C1(NCC2Cc3ccccc3C(C(N)Cc3c[nH]c4ccccc34)=N2)CCC1)c1ccccc1
rxnflow_clpp,greedy_oracle,192,192,205,1,-8.6,CC(NC(=O)C1(NCC(N)Cc2ccccc2)CCC1)c1ccccc1,CC(NC(=O)C1(N(CC(N)Cc2ccccc2)c2c(C(F)(F)F)nc3ccccc3c2O)CCC1)c1ccccc1
rxnflow_clpp,greedy_oracle,193,193,206,1,-8.2,CC(NC(=O)C1(NCC(N)Cc2ccccc2)CCC1)c1ccccc1,CC(NC(=O)C1(N(CC(N)Cc2ccccc2)C(CCl)c2ccc(F)cc2F)CCC1)c1ccccc1
rxnflow_clpp,greedy_oracle,194,194,207,1,-8.2,CC(NC(=O)C1(NCC(N)Cc2ccccc2)CCC1)c1ccccc1,CC(NC(=O)C1(N(CC(N)Cc2ccccc2)C(=O)C(N)Cc2c[nH]c3ccccc23)CCC1)c1ccccc1
rxnflow_clpp,greedy_oracle,195,195,210,3,-9.5,CC(C)(N)CN(CCC(=O)O)C(=O)Nc1ccc(C(F)(F)F)cc1,CC(C)(N)CN(CCC1=NC(C(=O)O)Cc2c1[nH]c1ccccc21)C(=O)Nc1ccc(C(F)(F)F)cc1
rxnflow_clpp,greedy_oracle,196,196,211,1,-9.3,CC(C)(N)CN(CCC(=O)O)C(=O)Nc1ccc(C(F)(F)F)cc1,CC(C)(CN(CCC(=O)O)C(=O)Nc1ccc(C(F)(F)F)cc1)NC(=O)NC1CCCCC1
rxnflow_clpp,greedy_oracle,197,197,212,1,-9.1,CC(C)(N)CN(CCC(=O)O)C(=O)Nc1ccc(C(F)(F)F)cc1,CC(C)(CN(CCC(=O)O)C(=O)Nc1ccc(C(F)(F)F)cc1)NCc1ccc(C(F)(F)F)c(F)c1
rxnflow_clpp,greedy_oracle,198,198,213,1,-9.1,CC(C)(N)CN(CCC(=O)O)C(=O)Nc1ccc(C(F)(F)F)cc1,CC(NC(=O)CCN(CC(C)(C)N)C(=O)Nc1ccc(C(F)(F)F)cc1)c1ccccc1
rxnflow_clpp,greedy_oracle,199,199,214,1,-8.9,CC(C)(N)CN(CCC(=O)O)C(=O)Nc1ccc(C(F)(F)F)cc1,Cc1ccc(COC(=O)CCN(CC(C)(C)N)C(=O)Nc2ccc(C(F)(F)F)cc2)cc1F
rxnflow_clpp,greedy_oracle,200,200,215,1,-8.8,CC(C)(N)CN(CCC(=O)O)C(=O)Nc1ccc(C(F)(F)F)cc1,CC(C)(N)CN(CCCN1CCCC1C(F)(F)F)C(=O)Nc1ccc(C(F)(F)F)cc1
rxnflow_clpp,greedy_oracle,201,201,216,1,-8.8,CC(C)(N)CN(CCC(=O)O)C(=O)Nc1ccc(C(F)(F)F)cc1,CC(C)(N)CN(CCc1nc2ccccc2o1)C(=O)Nc1ccc(C(F)(F)F)cc1
rxnflow_clpp,greedy_oracle,202,202,217,1,-8.7,CC(C)(N)CN(CCC(=O)O)C(=O)Nc1ccc(C(F)(F)F)cc1,CC(C)(CN(CCC(=O)O)C(=O)Nc1ccc(C(F)(F)F)cc1)Nc1c(C(F)(F)F)nc2ccccc2c1O
rxnflow_clpp,greedy_oracle,203,203,218,1,-8.7,CC(C)(N)CN(CCC(=O)O)C(=O)Nc1ccc(C(F)(F)F)cc1,CC(C)(CN(CCC(=O)O)C(=O)Nc1ccc(C(F)(F)F)cc1)NCC(N)Cc1c[nH]c2ccccc12
rxnflow_clpp,greedy_oracle,204,204,219,1,-8.7,CC(C)(N)CN(CCC(=O)O)C(=O)Nc1ccc(C(F)(F)F)cc1,CC(C)(CN(CCC(=O)O)C(=O)Nc1ccc(C(F)(F)F)cc1)NCC1Cc2ccccc2CN1
rxnflow_clpp,greedy_oracle,205,205,220,1,-8.7,CC(C)(N)CN(CCC(=O)O)C(=O)Nc1ccc(C(F)(F)F)cc1,CC(C)(N)CN(CCc1nc2ccc(Br)cc2[nH]1)C(=O)Nc1ccc(C(F)(F)F)cc1
rxnflow_clpp,greedy_oracle,206,206,221,1,-8.6,CC(C)(N)CN(CCC(=O)O)C(=O)Nc1ccc(C(F)(F)F)cc1,CC(C)(N)CN(CCC(=O)NCCc1c[nH]c2ccc(O)cc12)C(=O)Nc1ccc(C(F)(F)F)cc1
rxnflow_clpp,greedy_oracle,207,207,222,1,-8.5,CC(C)(N)CN(CCC(=O)O)C(=O)Nc1ccc(C(F)(F)F)cc1,CC(C)(CN(CCC(=O)O)C(=O)Nc1ccc(C(F)(F)F)cc1)NC(=O)C(N)Cc1ccc([N+](=O)[O-])cc1
rxnflow_clpp,greedy_oracle,208,208,223,1,-8.5,CC(C)(N)CN(CCC(=O)O)C(=O)Nc1ccc(C(F)(F)F)cc1,CC(C)(N)CN(CCCNCc1ccccc1O)C(=O)Nc1ccc(C(F)(F)F)cc1
rxnflow_clpp,greedy_oracle,209,209,224,1,-8.3,CC(C)(N)CN(CCC(=O)O)C(=O)Nc1ccc(C(F)(F)F)cc1,CC(C)(N)CN(CCCNc1ccc(C#N)cc1N)C(=O)Nc1ccc(C(F)(F)F)cc1
rxnflow_clpp,greedy_oracle,210,210,225,1,-8.2,CC(C)(N)CN(CCC(=O)O)C(=O)Nc1ccc(C(F)(F)F)cc1,CC(C)(CN(CCC(=O)O)C(=O)Nc1ccc(C(F)(F)F)cc1)NC(CBr)c1ccc(O)cc1
rxnflow_clpp,greedy_oracle,211,211,226,1,-8.2,CC(C)(N)CN(CCC(=O)O)C(=O)Nc1ccc(C(F)(F)F)cc1,CC(C)(N)CN(CCC(=O)Nc1nc(F)nc2[nH]cnc12)C(=O)Nc1ccc(C(F)(F)F)cc1
rxnflow_clpp,greedy_oracle,212,212,227,1,-8.2,CC(C)(N)CN(CCC(=O)O)C(=O)Nc1ccc(C(F)(F)F)cc1,CC(C)(CN(CCC(=O)O)C(=O)Nc1ccc(C(F)(F)F)cc1)Nc1cc(N)cc(C#N)c1
rxnflow_clpp,greedy_oracle,213,213,228,1,-8.1,CC(C)(N)CN(CCC(=O)O)C(=O)Nc1ccc(C(F)(F)F)cc1,CC(C)(CN(CCC(=O)O)C(=O)Nc1ccc(C(F)(F)F)cc1)Nc1ncc2[nH]ccc2n1
rxnflow_clpp,greedy_oracle,214,214,229,1,-8.1,CC(C)(N)CN(CCC(=O)O)C(=O)Nc1ccc(C(F)(F)F)cc1,CC(C)(N)CN(CCC(=O)N1Cc2ccccc2CC1C(=O)O)C(=O)Nc1ccc(C(F)(F)F)cc1
rxnflow_clpp,greedy_oracle,215,215,232,3,-9.7,Cc1cc(NC(Cc2ccccc2)C(=O)NC(Cc2ccccc2)C(=O)O)cnc1N,Cc1cc(NC(Cc2ccccc2)C(=O)NC(Cc2ccccc2)C(=O)NCc2ccc(C(F)(F)F)cc2)cnc1N
rxnflow_clpp,greedy_oracle,216,216,233,1,-9.6,Cc1cc(NC(Cc2ccccc2)C(=O)NC(Cc2ccccc2)C(=O)O)cnc1N,Cc1cc(N(C(=O)Nc2cc(Br)n[nH]2)C(Cc2ccccc2)C(=O)NC(Cc2ccccc2)C(=O)O)cnc1N
rxnflow_clpp,greedy_oracle,217,217,234,1,-9.5,Cc1cc(NC(Cc2ccccc2)C(=O)NC(Cc2ccccc2)C(=O)O)cnc1N,Cc1cc(N2C(C(=O)NC(Cc3ccccc3)C(=O)O)Cc3ccccc3C2c2cccnc2F)cnc1N
rxnflow_clpp,greedy_oracle,218,218,235,1,-9.4,Cc1cc(NC(Cc2ccccc2)C(=O)NC(Cc2ccccc2)C(=O)O)cnc1N,Cc1cc(NC(Cc2ccccc2)C(=O)NC(Cc2ccccc2)C(=O)O)cnc1Nc1ncc2[nH]ccc2n1
rxnflow_clpp,greedy_oracle,219,219,236,1,-9.2,Cc1cc(NC(Cc2ccccc2)C(=O)NC(Cc2ccccc2)C(=O)O)cnc1N,COc1cc(C(F)(F)F)ccc1CN(c1cnc(N)c(C)c1)C(Cc1ccccc1)C(=O)NC(Cc1ccccc1)C(=O)O
rxnflow_clpp,greedy_oracle,220,220,237,1,-9.2,Cc1cc(NC(Cc2ccccc2)C(=O)NC(Cc2ccccc2)C(=O)O)cnc1N,Cc1cc(NC(Cc2ccccc2)C(=O)NC(Cc2ccccc2)C(=O)O)cnc1NC(CCl)c1ccc(F)cc1F
rxnflow_clpp,greedy_oracle,221,221,238,1,-9.2,Cc1cc(NC(Cc2ccccc2)C(=O)NC(Cc2ccccc2)C(=O)O)cnc1N,Cc1cc(NC(Cc2ccccc2)C(=O)NC(Cc2ccccc2)CN2CCC(=O)C2)cnc1N
rxnflow_clpp,greedy_oracle,222,222,239,1,-9.2,Cc1cc(NC(Cc2ccccc2)C(=O)NC(Cc2ccccc2)C(=O)O)cnc1N,Cc1cc(NC(Cc2ccccc2)C(=O)NC(Cc2ccccc2)c2nc3cc(F)c(F)cc3o2)cnc1N
rxnflow_clpp,greedy_oracle,223,223,240,1,-9.1,Cc1cc(NC(Cc2ccccc2)C(=O)NC(Cc2ccccc2)C(=O)O)cnc1N,Cc1cc(N(c2ncc3[nH]ccc3n2)C(Cc2ccccc2)C(=O)NC(Cc2ccccc2)C(=O)O)cnc1N
rxnflow_clpp,greedy_oracle,224,224,241,1,-9.1,Cc1cc(NC(Cc2ccccc2)C(=O)NC(Cc2ccccc2)C(=O)O)cnc1N,Cc1cc(NC(Cc2ccccc2)C(=O)NC(Cc2ccccc2)C(=O)O)cnc1NC(=O)C1Cc2ccccc2CN1
rxnflow_clpp,greedy_oracle,225,225,242,1,-8.8,Cc1cc(NC(Cc2ccccc2)C(=O)NC(Cc2ccccc2)C(=O)O)cnc1N,CC(=O)c1ccc(S(=O)(=O)N(c2cnc(N)c(C)c2)C(Cc2ccccc2)C(=O)NC(Cc2ccccc2)C(=O)O)cc1
rxnflow_clpp,greedy_oracle,226,226,243,1,-8.7,Cc1cc(NC(Cc2ccccc2)C(=O)NC(Cc2ccccc2)C(=O)O)cnc1N,Cc1cc(NC(Cc2ccccc2)C(=O)NC(Cc2ccccc2)C2=NC(C(=O)O)Cc3ccc(O)cc32)cnc1N
rxnflow_clpp,greedy_oracle,227,227,244,1,-8.7,Cc1cc(NC(Cc2ccccc2)C(=O)NC(Cc2ccccc2)C(=O)O)cnc1N,Cc1cc(NC(Cc2ccccc2)C(=O)NC(Cc2ccccc2)C(=O)OCC(=O)c2ccc3c(c2)NC(=O)C3)cnc1N
rxnflow_clpp,greedy_oracle,228,228,245,1,-8.4,Cc1cc(NC(Cc2ccccc2)C(=O)NC(Cc2ccccc2)C(=O)O)cnc1N,Cc1cc(N(c2ccc([N+](=O)[O-])c3ncccc23)C(Cc2ccccc2)C(=O)NC(Cc2ccccc2)C(=O)O)cnc1N
rxnflow_clpp,greedy_oracle,229,229,246,1,-8.4,Cc1cc(NC(Cc2ccccc2)C(=O)NC(Cc2ccccc2)C(=O)O)cnc1N,Cc1cc(N(C2CCNCC2)C(Cc2ccccc2)C(=O)NC(Cc2ccccc2)C(=O)O)cnc1N
rxnflow_clpp,greedy_oracle,230,230,247,1,-8.4,Cc1cc(NC(Cc2ccccc2)C(=O)NC(Cc2ccccc2)C(=O)O)cnc1N,Cc1cc(NC(Cc2ccccc2)C(=O)NC(Cc2ccccc2)C(=O)O)cnc1NC(=O)NCc1c[nH]c2ccccc12
rxnflow_clpp,greedy_oracle,231,231,248,1,-8.4,Cc1cc(NC(Cc2ccccc2)C(=O)NC(Cc2ccccc2)C(=O)O)cnc1N,Cc1cc(NC(Cc2ccccc2)C(=O)NC(CNCCc2c[nH]c3ccc(O)cc23)Cc2ccccc2)cnc1N
rxnflow_clpp,greedy_oracle,232,232,249,1,-8.3,Cc1cc(NC(Cc2ccccc2)C(=O)NC(Cc2ccccc2)C(=O)O)cnc1N,Cc1cc(N(C(Cc2ccccc2)C(=O)NC(Cc2ccccc2)C(=O)O)C(CCl)c2ccc3c(c2)NC(=O)C3)cnc1N
rxnflow_clpp,greedy_oracle,233,233,250,1,-8.1,Cc1cc(NC(Cc2ccccc2)C(=O)NC(Cc2ccccc2)C(=O)O)cnc1N,Cc1cc(NC(Cc2ccccc2)C(=O)NC(Cc2ccccc2)C(=O)OCc2ccc(C#N)cc2F)cnc1N
rxnflow_clpp,greedy_oracle,234,234,253,3,-9.2,NC(=O)CCC(CNC(Cc1ccccc1)C(=O)O)NCc1ccccc1,NC(=O)CCC(CN1C(C(=O)O)Cc2ccccc2C1c1ccc(C(F)(F)F)cc1)NCc1ccccc1
rxnflow_clpp,greedy_oracle,235,235,254,1,-8.8,NC(=O)CCC(CNC(Cc1ccccc1)C(=O)O)NCc1ccccc1,NC(=O)CCC(CNC(Cc1ccccc1)C(=O)O)N(Cc1ccccc1)c1ccc(C(F)(F)F)cn1
rxnflow_clpp,greedy_oracle,236,236,255,1,-8.7,NC(=O)CCC(CNC(Cc1ccccc1)C(=O)O)NCc1ccccc1,NC(=O)CCC(CNC(Cc1ccccc1)C(=O)NC(Cc1c[nH]c2ccccc12)C(=O)O)NCc1ccccc1
rxnflow_clpp,greedy_oracle,237,237,256,1,-8.7,NC(=O)CCC(CNC(Cc1ccccc1)C(=O)O)NCc1ccccc1,NC(=O)CCC(CNC(Cc1ccccc1)C(=O)O)N(Cc1ccccc1)C(=O)Nc1cc(Br)ccc1O
rxnflow_clpp,greedy_oracle,238,238,257,1,-8.7,NC(=O)CCC(CNC(Cc1ccccc1)C(=O)O)NCc1ccccc1,NC(=O)CCC(CNC(Cc1ccccc1)C(=O)O)N(Cc1ccccc1)CC1Cc2ccccc2CN1
rxnflow_clpp,greedy_oracle,239,239,258,1,-8.7,NC(=O)CCC(CNC(Cc1ccccc1)C(=O)O)NCc1ccccc1,NC(=O)CCC(CNC(Cc1ccccc1)C1=NCCc2c1[nH]c1ccccc21)NCc1ccccc1
rxnflow_clpp,greedy_oracle,240,240,259,1,-8.6,NC(=O)CCC(CNC(Cc1ccccc1)C(=O)O)NCc1ccccc1,NC(=O)CCC(CNC(Cc1ccccc1)C1=NC(C(=O)O)Cc2ccc(O)cc21)NCc1ccccc1
rxnflow_clpp,greedy_oracle,241,241,260,1,-8.5,NC(=O)CCC(CNC(Cc1ccccc1)C(=O)O)NCc1ccccc1,NC(=O)CCC(CNC(Cc1ccccc1)c1nc2ccc(C(F)(F)F)cc2[nH]1)NCc1ccccc1
rxnflow_clpp,greedy_oracle,242,242,261,1,-8.4,NC(=O)CCC(CNC(Cc1ccccc1)C(=O)O)NCc1ccccc1,NC(=O)CCC(CNC(Cc1ccccc1)C(=O)O)N(Cc1ccccc1)Cc1c[nH]c2ccc(Br)cc12
rxnflow_clpp,greedy_oracle,243,243,262,1,-8.4,NC(=O)CCC(CNC(Cc1ccccc1)C(=O)O)NCc1ccccc1,N#Cc1cc(Br)cc(NC(=O)C(Cc2ccccc2)NCC(CCC(N)=O)NCc2ccccc2)c1
rxnflow_clpp,greedy_oracle,244,244,263,1,-8.4,NC(=O)CCC(CNC(Cc1ccccc1)C(=O)O)NCc1ccccc1,NC(=O)CCC(CNC(CNc1ccc(Br)cc1N)Cc1ccccc1)NCc1ccccc1
rxnflow_clpp,greedy_oracle,245,245,264,1,-8.2,NC(=O)CCC(CNC(Cc1ccccc1)C(=O)O)NCc1ccccc1,NC(=O)CCC(CNC(Cc1ccccc1)C(=O)O)N(Cc1ccccc1)C(=O)c1cccc(F)c1F
rxnflow_clpp,greedy_oracle,246,246,265,1,-8.2,NC(=O)CCC(CNC(Cc1ccccc1)C(=O)O)NCc1ccccc1,NC(=O)CCC(CNC(Cc1ccccc1)c1nc2cc(Br)ccc2o1)NCc1ccccc1
rxnflow_clpp,greedy_oracle,247,247,266,1,-8.1,NC(=O)CCC(CNC(Cc1ccccc1)C(=O)O)NCc1ccccc1,NC(=O)CCC(CNC(Cc1ccccc1)C(=O)O)N(Cc1ccccc1)C(CCl)c1ccc2c(c1)NC(=O)C2
rxnflow_clpp,greedy_oracle,248,248,267,1,-8.1,NC(=O)CCC(CNC(Cc1ccccc1)C(=O)O)NCc1ccccc1,NC(=O)CCC(CNC(Cc1ccccc1)C(=O)Oc1ccc(C(=O)CBr)cc1)NCc1ccccc1
rxnflow_clpp,greedy_oracle,249,249,268,1,-8.0,NC(=O)CCC(CNC(Cc1ccccc1)C(=O)O)NCc1ccccc1,NC(=O)CCC(CNC(Cc1ccccc1)C(=O)Nc1nc(F)nc2[nH]cnc12)NCc1ccccc1
rxnflow_clpp,greedy_oracle,250,250,269,1,-8.0,NC(=O)CCC(CNC(Cc1ccccc1)C(=O)O)NCc1ccccc1,NC(=O)CCC(CNC(Cc1ccccc1)C(=O)N1CCNCC1)NCc1ccccc1
rxnflow_clpp,greedy_oracle,251,251,270,1,-8.0,NC(=O)CCC(CNC(Cc1ccccc1)C(=O)O)NCc1ccccc1,NC(=O)CCC(CNC(Cc1ccccc1)CN1Cc2ccccc2CC1C(=O)O)NCc1ccccc1
rxnflow_clpp,greedy_oracle,252,252,273,3,-8.9,CC(C)C(NCCC(N)C(=O)NC(C(=O)O)c1ccccc1)C(=O)O,CC(C)C(NCCC(NC(=O)C(N)Cc1c[nH]c2ccccc12)C(=O)NC(C(=O)O)c1ccccc1)C(=O)O
rxnflow_clpp,greedy_oracle,253,253,274,1,-8.8,CC(C)C(NCCC(N)C(=O)NC(C(=O)O)c1ccccc1)C(=O)O,CC(C)C(NCCC(NC(=O)Nc1cc(F)c(F)cc1O)C(=O)NC(C(=O)O)c1ccccc1)C(=O)O
rxnflow_clpp,greedy_oracle,254,254,275,1,-8.7,CC(C)C(NCCC(N)C(=O)NC(C(=O)O)c1ccccc1)C(=O)O,CC(C)C(NCCC(N)C(=O)NC(C(=O)O)c1ccccc1)C1=NC(C(=O)O)Cc2c1[nH]c1ccccc21
rxnflow_clpp,greedy_oracle,255,255,276,1,-8.7,CC(C)C(NCCC(N)C(=O)NC(C(=O)O)c1ccccc1)C(=O)O,CC(C)C(NCCC(N)C(=O)NC(C(=O)O)c1ccccc1)c1nc2ccc(C(=O)O)cc2[nH]1
rxnflow_clpp,greedy_oracle,256,256,277,1,-8.6,CC(C)C(NCCC(N)C(=O)NC(C(=O)O)c1ccccc1)C(=O)O,CC(C)C(C(=O)O)N(CCC(N)C(=O)NC(C(=O)O)c1ccccc1)Cc1ccc(C(F)(F)F)cc1
rxnflow_clpp,greedy_oracle,257,257,278,1,-8.6,CC(C)C(NCCC(N)C(=O)NC(C(=O)O)c1ccccc1)C(=O)O,CC(C)C(NCCC(N)C(=O)NC(C(=O)O)c1ccccc1)c1nc2cc(C#N)ccc2o1
rxnflow_clpp,greedy_oracle,258,258,279,1,-8.4,CC(C)C(NCCC(N)C(=O)NC(C(=O)O)c1ccccc1)C(=O)O,CC(C)C(NCCC(Nc1ccc2ccccc2n1)C(=O)NC(C(=O)O)c1ccccc1)C(=O)O
rxnflow_clpp,greedy_oracle,259,259,280,1,-8.4,CC(C)C(NCCC(N)C(=O)NC(C(=O)O)c1ccccc1)C(=O)O,CC(C)C(NCCC(Nc1ccc2[nH]cc(C=O)c2c1)C(=O)NC(C(=O)O)c1ccccc1)C(=O)O
rxnflow_clpp,greedy_oracle,260,260,281,1,-8.3,CC(C)C(NCCC(N)C(=O)NC(C(=O)O)c1ccccc1)C(=O)O,Cc1ccc(S(=O)(=O)N(CCC(N)C(=O)NC(C(=O)O)c2ccccc2)C(C(=O)O)C(C)C)cc1N
rxnflow_clpp,greedy_oracle,261,261,282,1,-8.3,CC(C)C(NCCC(N)C(=O)NC(C(=O)O)c1ccccc1)C(=O)O,CC(C)C(C(=O)O)N(CCC(N)C(=O)NC(C(=O)O)c1ccccc1)C(CCl)c1ccc(Br)cc1
rxnflow_clpp,greedy_oracle,262,262,283,1,-8.3,CC(C)C(NCCC(N)C(=O)NC(C(=O)O)c1ccccc1)C(=O)O,CC(C)C(NCCC(N)C(=O)NC(C(=O)Nc1ccc(C(F)(F)F)cc1N)c1ccccc1)C(=O)O
rxnflow_clpp,greedy_oracle,263,263,284,1,-8.3,CC(C)C(NCCC(N)C(=O)NC(C(=O)O)c1ccccc1)C(=O)O,CC(C)C(C(=O)O)N(CCC(N)C(=O)NC(C(=O)O)c1ccccc1)C(=O)c1ccc(C=O)cc1
rxnflow_clpp,greedy_oracle,264,264,285,1,-8.2,CC(C)C(NCCC(N)C(=O)NC(C(=O)O)c1ccccc1)C(=O)O,CC(C)C(NCCC(Nc1nnnn1-c1cc(C(F)(F)F)cc(C(F)(F)F)c1)C(=O)NC(C(=O)O)c1ccccc1)C(=O)O
rxnflow_clpp,greedy_oracle,265,265,286,1,-8.1,CC(C)C(NCCC(N)C(=O)NC(C(=O)O)c1ccccc1)C(=O)O,CC(C)C(NCCC(Nc1ccc([N+](=O)[O-])c2ccccc12)C(=O)NC(C(=O)O)c1ccccc1)C(=O)O
rxnflow_clpp,greedy_oracle,266,266,287,1,-8.1,CC(C)C(NCCC(N)C(=O)NC(C(=O)O)c1ccccc1)C(=O)O,CC(C)C(C(=O)O)N(CCC(N)C(=O)NC(C(=O)O)c1ccccc1)C(=O)Nc1ccccc1-n1cccc1
rxnflow_clpp,greedy_oracle,267,267,288,1,-8.1,CC(C)C(NCCC(N)C(=O)NC(C(=O)O)c1ccccc1)C(=O)O,CC(C)C(NCCC(N)C(=O)NC(C(=O)O)c1ccccc1)C1=NCCc2ccccc21
rxnflow_clpp,greedy_oracle,268,268,289,1,-8.0,CC(C)C(NCCC(N)C(=O)NC(C(=O)O)c1ccccc1)C(=O)O,CC(C)C(C(=O)O)N(CCC(N)C(=O)NC(C(=O)O)c1ccccc1)c1ccc(CBr)cc1[N+](=O)[O-]
rxnflow_clpp,greedy_oracle,269,269,290,1,-8.0,CC(C)C(NCCC(N)C(=O)NC(C(=O)O)c1ccccc1)C(=O)O,COc1cc(C(F)(F)F)ccc1CNC(CCNC(C(=O)O)C(C)C)C(=O)NC(C(=O)O)c1ccccc1
rxnflow_clpp,greedy_oracle,270,270,293,3,-9.3,Nc1ccc(F)nc1NC(CS)CNC(C(=O)O)c1ccccc1,O=C(O)C(NCC(CS)n1c(-c2ccc(C(F)(F)F)cc2)nc2ccc(F)nc21)c1ccccc1
rxnflow_clpp,greedy_oracle,271,271,294,1,-9.2,Nc1ccc(F)nc1NC(CS)CNC(C(=O)O)c1ccccc1,O=C(O)C(NCC(CS)n1c(C2Cc3ccccc3CN2)nc2ccc(F)nc21)c1ccccc1
rxnflow_clpp,greedy_oracle,272,272,295,1,-9.0,Nc1ccc(F)nc1NC(CS)CNC(C(=O)O)c1ccccc1,Nc1ccc(F)nc1N(Cc1c[nH]c2ccc(F)cc12)C(CS)CNC(C(=O)O)c1ccccc1
rxnflow_clpp,greedy_oracle,273,273,296,1,-9.0,Nc1ccc(F)nc1NC(CS)CNC(C(=O)O)c1ccccc1,Nc1ccc(C(=O)Nc2ccc(F)nc2NC(CS)CNC(C(=O)O)c2ccccc2)cc1Br
rxnflow_clpp,greedy_oracle,274,274,297,1,-9.0,Nc1ccc(F)nc1NC(CS)CNC(C(=O)O)c1ccccc1,Nc1ccc(F)nc1N(c1ccc2c(C=O)c[nH]c2c1)C(CS)CNC(C(=O)O)c1ccccc1
rxnflow_clpp,greedy_oracle,275,275,298,1,-9.0,Nc1ccc(F)nc1NC(CS)CNC(C(=O)O)c1ccccc1,Nc1ccc(F)nc1N(C(=O)NCc1ccc(C(F)(F)F)cc1)C(CS)CNC(C(=O)O)c1ccccc1
rxnflow_clpp,greedy_oracle,276,276,299,1,-8.7,Nc1ccc(F)nc1NC(CS)CNC(C(=O)O)c1ccccc1,Nc1ccc(Nc2ccccn2)nc1NC(CS)CNC(C(=O)O)c1ccccc1
rxnflow_clpp,greedy_oracle,277,277,300,1,-8.7,Nc1ccc(F)nc1NC(CS)CNC(C(=O)O)c1ccccc1,O=C(O)C(NCC(CS)Nc1nc(F)ccc1NCc1c[nH]c2ccc(F)cc12)c1ccccc1
rxnflow_clpp,greedy_oracle,278,278,301,1,-8.4,Nc1ccc(F)nc1NC(CS)CNC(C(=O)O)c1ccccc1,O=C(O)C(NCC(CS)Nc1nc(F)ccc1Nc1nc2ccccc2[nH]1)c1ccccc1
rxnflow_clpp,greedy_oracle,279,279,302,1,-8.3,Nc1ccc(F)nc1NC(CS)CNC(C(=O)O)c1ccccc1,Nc1ccc(N2Cc3ccccc3CC2C(=O)O)nc1NC(CS)CNC(C(=O)O)c1ccccc1
rxnflow_clpp,greedy_oracle,280,280,303,1,-8.3,Nc1ccc(F)nc1NC(CS)CNC(C(=O)O)c1ccccc1,Nc1ccc(F)nc1N(C(=O)C1Cc2ccccc2CN1)C(CS)CNC(C(=O)O)c1ccccc1
rxnflow_clpp,greedy_oracle,281,281,304,1,-8.3,Nc1ccc(F)nc1NC(CS)CNC(C(=O)O)c1ccccc1,NC(Cc1c[nH]c2ccccc12)c1nc2ccc(F)nc2n1C(CS)CNC(C(=O)O)c1ccccc1
rxnflow_clpp,greedy_oracle,282,282,305,1,-8.2,Nc1ccc(F)nc1NC(CS)CNC(C(=O)O)c1ccccc1,Nc1ccc(F)nc1NC(CS)CNC(C(=O)NCc1ccc(C(F)(F)F)cc1)c1ccccc1
rxnflow_clpp,greedy_oracle,283,283,306,1,-8.1,Nc1ccc(F)nc1NC(CS)CNC(C(=O)O)c1ccccc1,Nc1ccc(F)nc1N(c1ccc2ccccc2n1)C(CS)CNC(C(=O)O)c1ccccc1
rxnflow_clpp,greedy_oracle,284,284,307,1,-8.1,Nc1ccc(F)nc1NC(CS)CNC(C(=O)O)c1ccccc1,O=C(O)C(NCC(CS)Nc1nc(F)ccc1NS(=O)(=O)c1cccc2ccccc12)c1ccccc1
rxnflow_clpp,greedy_oracle,285,285,308,1,-8.1,Nc1ccc(F)nc1NC(CS)CNC(C(=O)O)c1ccccc1,Nc1ccc(F)nc1N(C(CS)CNC(C(=O)O)c1ccccc1)S(=O)(=O)c1ccc(Br)cc1
rxnflow_clpp,greedy_oracle,286,286,309,1,-8.0,Nc1ccc(F)nc1NC(CS)CNC(C(=O)O)c1ccccc1,CC(NCC(NCC(CS)Nc1nc(F)ccc1N)c1ccccc1)c1ccccc1
rxnflow_clpp,greedy_oracle,287,287,310,1,-8.0,Nc1ccc(F)nc1NC(CS)CNC(C(=O)O)c1ccccc1,Nc1ccc(F)nc1NC(CS)CNC(C1=NC(C(=O)O)Cc2c1[nH]c1ccccc21)c1ccccc1
rxnflow_clpp,greedy_oracle,288,288,313,3,-9.8,CCC(NCC(N)Cc1ccccc1)c1nc2c(C(=O)O)cccc2o1,CCC(NCC(N)Cc1ccccc1)c1nc2c(-c3nc4ccc(C(F)(F)F)cc4[nH]3)cccc2o1
rxnflow_clpp,greedy_oracle,289,289,314,1,-9.5,CCC(NCC(N)Cc1ccccc1)c1nc2c(C(=O)O)cccc2o1,CCC(c1nc2c(C(=O)O)cccc2o1)N(CC(N)Cc1ccccc1)C(=O)NCc1ccc(C(F)(F)F)cc1
rxnflow_clpp,greedy_oracle,290,290,315,1,-9.4,CCC(NCC(N)Cc1ccccc1)c1nc2c(C(=O)O)cccc2o1,CCC(NCC1Cc2ccccc2C(c2ccc(C(F)(F)F)cc2)N1)c1nc2c(C(=O)O)cccc2o1
rxnflow_clpp,greedy_oracle,291,291,316,1,-9.2,CCC(NCC(N)Cc1ccccc1)c1nc2c(C(=O)O)cccc2o1,CCC(NCC(N)Cc1ccccc1)c1nc2c(C(=O)Nc3ccccn3)cccc2o1
rxnflow_clpp,greedy_oracle,292,292,317,1,-9.2,CCC(NCC(N)Cc1ccccc1)c1nc2c(C(=O)O)cccc2o1,CCC(NCC(Cc1ccccc1)NC(=O)NC(Cc1c[nH]c2ccccc12)C(=O)O)c1nc2c(C(=O)O)cccc2o1
rxnflow_clpp,greedy_oracle,293,293,318,1,-9.0,CCC(NCC(N)Cc1ccccc1)c1nc2c(C(=O)O)cccc2o1,CCC(NCC(N)Cc1ccccc1)c1nc2c(CNc3cccc4cc[nH]c34)cccc2o1
rxnflow_clpp,greedy_oracle,294,294,319,1,-9.0,CCC(NCC(N)Cc1ccccc1)c1nc2c(C(=O)O)cccc2o1,CCC(NCC(N)Cc1ccccc1)c1nc2c(C3=NC(C(=O)O)Cc4ccccc43)cccc2o1
rxnflow_clpp,greedy_oracle,295,295,320,1,-9.0,CCC(NCC(N)Cc1ccccc1)c1nc2c(C(=O)O)cccc2o1,CCC(NCC1Cc2ccccc2C(c2ccc(F)cc2)=N1)c1nc2c(C(=O)O)cccc2o1
rxnflow_clpp,greedy_oracle,296,296,321,1,-8.6,CCC(NCC(N)Cc1ccccc1)c1nc2c(C(=O)O)cccc2o1,CCC(c1nc2c(C(=O)O)cccc2o1)N(CC(N)Cc1ccccc1)c1ccc2[nH]cc(C=O)c2c1
rxnflow_clpp,greedy_oracle,297,297,322,1,-8.5,CCC(NCC(N)Cc1ccccc1)c1nc2c(C(=O)O)cccc2o1,CCC(c1nc2c(C(=O)O)cccc2o1)N(CC(N)Cc1ccccc1)C(CCl)c1ccc2c(c1)NC(=O)C2
rxnflow_clpp,greedy_oracle,298,298,323,1,-8.5,CCC(NCC(N)Cc1ccccc1)c1nc2c(C(=O)O)cccc2o1,CCC(NCC(Cc1ccccc1)NC(=O)N1Cc2ccccc2CC1C(=O)O)c1nc2c(C(=O)O)cccc2o1
rxnflow_clpp,greedy_oracle,299,299,324,1,-8.4,CCC(NCC(N)Cc1ccccc1)c1nc2c(C(=O)O)cccc2o1,CCC(c1nc2c(C(=O)O)cccc2o1)N(CC(N)Cc1ccccc1)CC1Cc2ccccc2CN1
rxnflow_clpp,greedy_oracle,300,300,325,1,-8.2,CCC(NCC(N)Cc1ccccc1)c1nc2c(C(=O)O)cccc2o1,CCC(NCC(Cc1ccccc1)NCc1cc(C(F)(F)F)ccc1Br)c1nc2c(C(=O)O)cccc2o1
rxnflow_clpp,greedy_oracle_static,1,1,3,3,-10.6,O=C(O)c1ccccc1Nc1nc(F)ccc1Nc1cc(Br)ccn1,Fc1ccc(Nc2cc(Br)ccn2)c(Nc2ccccc2-c2nc3ccc(C(F)(F)F)cc3[nH]2)n1
rxnflow_clpp,greedy_oracle_static,2,2,4,1,-9.9,O=C(O)c1ccccc1Nc1nc(F)ccc1Nc1cc(Br)ccn1,O=C(Nc1cc(F)c(F)cc1O)c1ccccc1Nc1nc(F)ccc1Nc1cc(Br)ccn1
rxnflow_clpp,greedy_oracle_static,3,3,5,1,-9.9,O=C(O)c1ccccc1Nc1nc(F)ccc1Nc1cc(Br)ccn1,O=C(O)c1ccccc1Nc1nc(F)ccc1Nc1cc(-c2cccc(F)c2F)ccn1
rxnflow_clpp,greedy_oracle_static,4,4,6,1,-9.7,O=C(O)c1ccccc1Nc1nc(F)ccc1Nc1cc(Br)ccn1,CC(NCc1ccccc1Nc1nc(F)ccc1Nc1cc(Br)ccn1)c1ccccc1
rxnflow_clpp,greedy_oracle_static,5,5,7,1,-9.6,O=C(O)c1ccccc1Nc1nc(F)ccc1Nc1cc(Br)ccn1,CC(Nc1ccc(Nc2cc(Br)ccn2)c(Nc2ccccc2C(=O)O)n1)c1ccccc1
rxnflow_clpp,greedy_oracle_static,6,6,8,1,-9.2,O=C(O)c1ccccc1Nc1nc(F)ccc1Nc1cc(Br)ccn1,O=C(O)c1ccccc1N(C(=O)NCCc1ccccc1)c1nc(F)ccc1Nc1cc(Br)ccn1
rxnflow_clpp,greedy_oracle_static,7,7,9,1,-9.1,O=C(O)c1ccccc1Nc1nc(F)ccc1Nc1cc(Br)ccn1,Fc1ccc2oc(-c3ccccc3Nc3nc(F)ccc3Nc3cc(Br)ccn3)nc2c1
rxnflow_clpp,greedy_oracle_static,8,8,10,1,-9.0,O=C(O)c1ccccc1Nc1nc(F)ccc1Nc1cc(Br)ccn1,O=C(O)c1ccccc1Nc1nc(F)ccc1Nc1cc(NCCc2c[nH]c3ccc(O)cc23)ccn1
rxnflow_clpp,greedy_oracle_static,9,9,11,1,-8.7,O=C(O)c1ccccc1Nc1nc(F)ccc1Nc1cc(Br)ccn1,NC(Cc1ccc(O)cc1)CN(c1ccccc1C(=O)O)c1nc(F)ccc1Nc1cc(Br)ccn1
rxnflow_clpp,greedy_oracle_static,10,10,12,1,-8.6,O=C(O)c1ccccc1Nc1nc(F)ccc1Nc1cc(Br)ccn1,O=C(O)c1ccccc1N(c1ccc(C(F)(F)F)cn1)c1nc(F)ccc1Nc1cc(Br)ccn1
rxnflow_clpp,greedy_oracle_static,11,11,13,1,-8.4,O=C(O)c1ccccc1Nc1nc(F)ccc1Nc1cc(Br)ccn1,O=C(O)C1Cc2c([nH]c3ccccc23)C(c2ccccc2Nc2nc(F)ccc2Nc2cc(Br)ccn2)=N1
rxnflow_clpp,greedy_oracle_static,12,12,14,1,-8.3,O=C(O)c1ccccc1Nc1nc(F)ccc1Nc1cc(Br)ccn1,N#Cc1cccc(C(=O)COC(=O)c2ccccc2Nc2nc(F)ccc2Nc2cc(Br)ccn2)c1
rxnflow_clpp,greedy_oracle_static,13,13,15,1,-8.2,O=C(O)c1ccccc1Nc1nc(F)ccc1Nc1cc(Br)ccn1,O=C(O)c1ccccc1Nc1nc(N2CCCC(C(=O)O)C2)ccc1Nc1cc(Br)ccn1
rxnflow_clpp,greedy_oracle_static,14,14,18,3,-9.3,O=C(O)c1cccc(F)c1Nc1nc(Nc2ccc([N+](=O)[O-])c3ccccc23)c2nc[nH]c2n1,O=C(O)c1cccc(F)c1N(C(=O)NCCc1c[nH]c2ccccc12)c1nc(Nc2ccc([N+](=O)[O-])c3ccccc23)c2nc[nH]c2n1
rxnflow_clpp,greedy_oracle_static,15,15,19,1,-9.0,O=C(O)c1cccc(F)c1Nc1nc(Nc2ccc([N+](=O)[O-])c3ccccc23)c2nc[nH]c2n1,O=C(NCc1ccc(C(F)(F)F)cc1)c1cccc(F)c1Nc1nc(Nc2ccc([N+](=O)[O-])c3ccccc23)c2nc[nH]c2n1
rxnflow_clpp,greedy_oracle_static,16,16,20,1,-9.0,O=C(O)c1cccc(F)c1Nc1nc(Nc2ccc([N+](=O)[O-])c3ccccc23)c2nc[nH]c2n1,O=C(Cn1cnc2c(Nc3ccc([N+](=O)[O-])c4ccccc34)nc(Nc3c(F)cccc3C(=O)O)nc21)c1ccc(F)cc1F
rxnflow_clpp,greedy_oracle_static,17,17,21,1,-8.0,O=C(O)c1cccc(F)c1Nc1nc(Nc2ccc([N+](=O)[O-])c3ccccc23)c2nc[nH]c2n1,O=C(O)C1Cc2c([nH]c3ccccc23)C(c2cccc(F)c2Nc2nc(Nc3ccc([N+](=O)[O-])c4ccccc34)c3nc[nH]c3n2)=N1
rxnflow_clpp,greedy_oracle_static,18,18,24,3,-10.7,Cc1cc(N(c2ccc(C(F)(F)F)cn2)C2(C(=O)O)CCC2)cnc1N,Cc1cc(N(c2ccc(C(F)(F)F)cn2)C2(C(=O)O)CCC2)cnc1NCc1ccc(C(F)(F)F)c(F)c1
rxnflow_clpp,greedy_oracle_static,19,19,25,1,-10.0,Cc1cc(N(c2ccc(C(F)(F)F)cn2)C2(C(=O)O)CCC2)cnc1N,Cc1ccc(S(=O)(=O)F)cc1NC(=O)C1(N(c2cnc(N)c(C)c2)c2ccc(C(F)(F)F)cn2)CCC1
rxnflow_clpp,greedy_oracle_static,20,20,26,1,-9.8,Cc1cc(N(c2ccc(C(F)(F)F)cn2)C2(C(=O)O)CCC2)cnc1N,Cc1cc(N(c2ccc(C(F)(F)F)cn2)C2(C3=NC(C(=O)O)Cc4c3[nH]c3ccccc43)CCC2)cnc1N
rxnflow_clpp,greedy_oracle_static,21,21,27,1,-9.8,Cc1cc(N(c2ccc(C(F)(F)F)cn2)C2(C(=O)O)CCC2)cnc1N,Cc1cc(N(c2ccc(C(F)(F)F)cn2)C2(c3nc4ccc(C(F)(F)F)cc4[nH]3)CCC2)cnc1N
rxnflow_clpp,greedy_oracle_static,22,22,28,1,-9.4,Cc1cc(N(c2ccc(C(F)(F)F)cn2)C2(C(=O)O)CCC2)cnc1N,Cc1cc(N(c2ccc(C(F)(F)F)cn2)C2(C(=O)O)CCC2)cnc1NCC(N)Cc1c[nH]c2ccccc12
rxnflow_clpp,greedy_oracle_static,23,23,29,1,-9.3,Cc1cc(N(c2ccc(C(F)(F)F)cn2)C2(C(=O)O)CCC2)cnc1N,Cc1cc(N(c2ccc(C(F)(F)F)cn2)C2(C(=O)NCCc3c[nH]c4ccc(O)cc34)CCC2)cnc1N
rxnflow_clpp,greedy_oracle_static,24,24,30,1,-9.3,Cc1cc(N(c2ccc(C(F)(F)F)cn2)C2(C(=O)O)CCC2)cnc1N,Cc1cc(N(c2ccc(C(F)(F)F)cn2)C2(CNCc3c[nH]c4ccccc34)CCC2)cnc1N
rxnflow_clpp,greedy_oracle_static,25,25,31,1,-9.3,Cc1cc(N(c2ccc(C(F)(F)F)cn2)C2(C(=O)O)CCC2)cnc1N,Cc1cc(N(c2ccc(C(F)(F)F)cn2)C2(c3nc4cc(C(=O)O)ccc4o3)CCC2)cnc1N
rxnflow_clpp,greedy_oracle_static,26,26,32,1,-9.2,Cc1cc(N(c2ccc(C(F)(F)F)cn2)C2(C(=O)O)CCC2)cnc1N,Cc1cc(N(c2ccc(C(F)(F)F)cn2)C2(CNC(Cc3ccc(O)cc3)C(=O)O)CCC2)cnc1N
rxnflow_clpp,greedy_oracle_static,27,27,33,1,-9.0,Cc1cc(N(c2ccc(C(F)(F)F)cn2)C2(C(=O)O)CCC2)cnc1N,Cc1cc(N(c2ccc(C(F)(F)F)cn2)C2(C(=O)OCC(=O)c3ccc(F)cc3F)CCC2)cnc1N
rxnflow_clpp,greedy_oracle_static,28,28,34,1,-8.9,Cc1cc(N(c2ccc(C(F)(F)F)cn2)C2(C(=O)O)CCC2)cnc1N,Cc1cc(N(c2ccc(C(F)(F)F)cn2)C2(CN3Cc4ccccc4CC3C(=O)O)CCC2)cnc1N
rxnflow_clpp,greedy_oracle_static,29,29,35,1,-8.7,Cc1cc(N(c2ccc(C(F)(F)F)cn2)C2(C(=O)O)CCC2)cnc1N,Cc1cc(N(c2ccc(C(F)(F)F)cn2)C2(CNc3ccccc3-n3cccc3)CCC2)cnc1N
rxnflow_clpp,greedy_oracle_static,30,30,36,1,-8.5,Cc1cc(N(c2ccc(C(F)(F)F)cn2)C2(C(=O)O)CCC2)cnc1N,Cc1cc(N(c2ccc(C(F)(F)F)cn2)C2(C(=O)Oc3c(Br)c(C(F)(F)F)nc4ccccc34)CCC2)cnc1N
rxnflow_clpp,greedy_oracle_static,31,31,37,1,-8.5,Cc1cc(N(c2ccc(C(F)(F)F)cn2)C2(C(=O)O)CCC2)cnc1N,Cc1cc(N(c2ccc(C(F)(F)F)cn2)C2(C3=NCCc4ccccc43)CCC2)cnc1N
rxnflow_clpp,greedy_oracle_static,32,32,38,1,-8.3,Cc1cc(N(c2ccc(C(F)(F)F)cn2)C2(C(=O)O)CCC2)cnc1N,Cc1cc(N(c2ccc(C(F)(F)F)cn2)C2(C(=O)O)CCC2)cnc1Nc1nc(N)c2nc[nH]c2n1
rxnflow_clpp,greedy_oracle_static,33,33,39,1,-8.3,Cc1cc(N(c2ccc(C(F)(F)F)cn2)C2(C(=O)O)CCC2)cnc1N,Cc1cc(N(c2ccc(C(F)(F)F)cn2)C2(C(=O)O)CCC2)cnc1NC(=O)NCCc1ccccc1Br
rxnflow_clpp,greedy_oracle_static,34,34,42,3,-10.9,Nc1nc(N(C(=O)Nc2cccc(C(F)(F)F)c2)c2ccccc2C(=O)O)nc2[nH]cnc12,O=C(O)c1ccccc1N(C(=O)Nc1cccc(C(F)(F)F)c1)c1nc(NC(=O)c2cccc(F)c2F)c2nc[nH]c2n1
rxnflow_clpp,greedy_oracle_static,35,35,43,1,-10.5,Nc1nc(N(C(=O)Nc2cccc(C(F)(F)F)c2)c2ccccc2C(=O)O)nc2[nH]cnc12,Nc1nc(N(C(=O)Nc2cccc(C(F)(F)F)c2)c2ccccc2C(=O)Nc2cccc3cc[nH]c23)nc2[nH]cnc12
rxnflow_clpp,greedy_oracle_static,36,36,44,1,-10.4,Nc1nc(N(C(=O)Nc2cccc(C(F)(F)F)c2)c2ccccc2C(=O)O)nc2[nH]cnc12,Nc1nc(N(C(=O)Nc2cccc(C(F)(F)F)c2)c2ccccc2CN2Cc3ccccc3CC2C(=O)O)nc2[nH]cnc12
rxnflow_clpp,greedy_oracle_static,37,37,45,1,-10.1,Nc1nc(N(C(=O)Nc2cccc(C(F)(F)F)c2)c2ccccc2C(=O)O)nc2[nH]cnc12,Nc1nc(N(C(=O)Nc2cccc(C(F)(F)F)c2)c2ccccc2C(=O)O)nc2c1ncn2Cc1cccc(F)c1
rxnflow_clpp,greedy_oracle_static,38,38,46,1,-9.9,Nc1nc(N(C(=O)Nc2cccc(C(F)(F)F)c2)c2ccccc2C(=O)O)nc2[nH]cnc12,Nc1nc(N(C(=O)Nc2cccc(C(F)(F)F)c2)c2ccccc2C2=NCCc3c2[nH]c2ccc(O)cc32)nc2[nH]cnc12
rxnflow_clpp,greedy_oracle_static,39,39,49,3,-9.9,CCC(C)C(NCC(N)c1ccccc1)C1=NC(C(=O)O)Cc2ccccc21,CCC(C)C(NCC(N)c1ccccc1)C1=NC(C(=O)NC(C)c2ccccc2)Cc2ccccc21
rxnflow_clpp,greedy_oracle_static,40,40,50,1,-9.2,CCC(C)C(NCC(N)c1ccccc1)C1=NC(C(=O)O)Cc2ccccc21,CCC(C)C(NCC(N)c1ccccc1)C1=NC(c2nc3cccc(Br)c3[nH]2)Cc2ccccc21
rxnflow_clpp,greedy_oracle_static,41,41,51,1,-8.9,CCC(C)C(NCC(N)c1ccccc1)C1=NC(C(=O)O)Cc2ccccc21,CCC(C)C(NCC(NC(=O)Nc1ccccc1)c1ccccc1)C1=NC(C(=O)O)Cc2ccccc21
rxnflow_clpp,greedy_oracle_static,42,42,52,1,-8.8,CCC(C)C(NCC(N)c1ccccc1)C1=NC(C(=O)O)Cc2ccccc21,CCC(C)C(C1=NC(C(=O)O)Cc2ccccc21)N1CC(N)c2ccccc2C1c1ccc(C(F)(F)F)cc1
rxnflow_clpp,greedy_oracle_static,43,43,53,1,-8.7,CCC(C)C(NCC(N)c1ccccc1)C1=NC(C(=O)O)Cc2ccccc21,CCC(C)C(C1=NC(C(=O)O)Cc2ccccc21)N(CC(N)c1ccccc1)C(=O)NCc1ccc(O)cc1
rxnflow_clpp,greedy_oracle_static,44,44,54,1,-8.7,CCC(C)C(NCC(N)c1ccccc1)C1=NC(C(=O)O)Cc2ccccc21,CCC(C)C(NCC(N)c1ccccc1)C1=NC(CNc2c(C)ccnc2Br)Cc2ccccc21
rxnflow_clpp,greedy_oracle_static,45,45,55,1,-8.5,CCC(C)C(NCC(N)c1ccccc1)C1=NC(C(=O)O)Cc2ccccc21,CCC(C)C(C1=NC(C(=O)O)Cc2ccccc21)N(CC(N)c1ccccc1)c1ccc2ccccc2n1
rxnflow_clpp,greedy_oracle_static,46,46,56,1,-8.3,CCC(C)C(NCC(N)c1ccccc1)C1=NC(C(=O)O)Cc2ccccc21,CCC(C)C(C1=NC(C(=O)O)Cc2ccccc21)N(Cc1c[nH]c2ccc(Br)cc12)CC(N)c1ccccc1
rxnflow_clpp,greedy_oracle_static,47,47,58,2,-10.2,Nc1cccnc1NC(Cc1c[nH]c2ccccc12)C(=O)O,Nc1cccnc1NC(Cc1c[nH]c2ccccc12)C(=O)NCc1ccc(C(F)(F)F)cc1
rxnflow_clpp,greedy_oracle_static,48,48,59,1,-10.2,Nc1cccnc1NC(Cc1c[nH]c2ccccc12)C(=O)O,O=C(Nc1cccnc1NC(Cc1c[nH]c2ccccc12)C(=O)O)NC(C(=O)O)c1ccccc1
rxnflow_clpp,greedy_oracle_static,49,49,60,1,-9.3,Nc1cccnc1NC(Cc1c[nH]c2ccccc12)C(=O)O,Nc1cccnc1NC(CNc1cc(Br)ccc1O)Cc1c[nH]c2ccccc12
rxnflow_clpp,greedy_oracle_static,50,50,61,1,-9.3,Nc1cccnc1NC(Cc1c[nH]c2ccccc12)C(=O)O,Nc1cccnc1NC(Cc1c[nH]c2ccccc12)C1=NC(C(=O)O)Cc2c1[nH]c1ccccc21
rxnflow_clpp,greedy_oracle_static,51,51,62,1,-9.3,Nc1cccnc1NC(Cc1c[nH]c2ccccc12)C(=O)O,O=C(O)C(Cc1c[nH]c2ccccc12)n1c(-c2cc(C(F)(F)F)ccc2Br)nc2cccnc21
rxnflow_clpp,greedy_oracle_static,52,52,63,1,-9.1,Nc1cccnc1NC(Cc1c[nH]c2ccccc12)C(=O)O,Nc1cccnc1NC(Cc1c[nH]c2ccccc12)c1nc2ccc(C(F)(F)F)cc2[nH]1
rxnflow_clpp,greedy_oracle_static,53,53,64,1,-9.0,Nc1cccnc1NC(Cc1c[nH]c2ccccc12)C(=O)O,Nc1cccnc1NC(Cc1c[nH]c2ccccc12)C(=O)OCC(=O)c1ccc(F)cc1F
rxnflow_clpp,greedy_oracle_static,54,54,65,1,-8.9,Nc1cccnc1NC(Cc1c[nH]c2ccccc12)C(=O)O,Nc1cccnc1N(C(=O)Nc1cccc(C(F)(F)F)c1)C(Cc1c[nH]c2ccccc12)C(=O)O
rxnflow_clpp,greedy_oracle_static,55,55,66,1,-8.8,Nc1cccnc1NC(Cc1c[nH]c2ccccc12)C(=O)O,Nc1cccnc1N(CC(N)Cc1c[nH]c2ccccc12)C(Cc1c[nH]c2ccccc12)C(=O)O
rxnflow_clpp,greedy_oracle_static,56,56,67,1,-8.7,Nc1cccnc1NC(Cc1c[nH]c2ccccc12)C(=O)O,Nc1cccnc1NC(Cc1cn(CC(=O)c2ccc3c(c2)NC(=O)C3)c2ccccc12)C(=O)O
rxnflow_clpp,greedy_oracle_static,57,57,68,1,-8.6,Nc1cccnc1NC(Cc1c[nH]c2ccccc12)C(=O)O,Nc1cccnc1NC(Cc1c[nH]c2ccccc12)CN1CCCC1C(F)(F)F
rxnflow_clpp,greedy_oracle_static,58,58,69,1,-8.6,Nc1cccnc1NC(Cc1c[nH]c2ccccc12)C(=O)O,Nc1cccnc1N1C(C(=O)O)Cc2c([nH]c3ccccc23)C1c1c[nH]c2ccccc12
rxnflow_clpp,greedy_oracle_static,59,59,70,1,-8.6,Nc1cccnc1NC(Cc1c[nH]c2ccccc12)C(=O)O,NC(Cc1ccc(O)cc1)c1nc2cccnc2n1C(Cc1c[nH]c2ccccc12)C(=O)O
rxnflow_clpp,greedy_oracle_static,60,60,71,1,-8.4,Nc1cccnc1NC(Cc1c[nH]c2ccccc12)C(=O)O,Nc1cccnc1NC(Cc1c[nH]c2ccccc12)c1nc2cc(Br)ccc2o1
rxnflow_clpp,greedy_oracle_static,61,61,72,1,-8.4,Nc1cccnc1NC(Cc1c[nH]c2ccccc12)C(=O)O,O=C(O)C(Cc1c[nH]c2ccccc12)n1c(C2Cc3ccccc3CN2)nc2cccnc21
rxnflow_clpp,greedy_oracle_static,62,62,73,1,-8.3,Nc1cccnc1NC(Cc1c[nH]c2ccccc12)C(=O)O,COc1ccc(C(F)(F)F)cc1CNc1cccnc1NC(Cc1c[nH]c2ccccc12)C(=O)O
rxnflow_clpp,greedy_oracle_static,63,63,74,1,-8.0,Nc1cccnc1NC(Cc1c[nH]c2ccccc12)C(=O)O,Nc1cccnc1NC(Cc1cn(Cc2ccc([N+](=O)[O-])c(F)c2)c2ccccc12)C(=O)O
rxnflow_clpp,greedy_oracle_static,64,64,77,3,-9.2,O=C(O)CCC(Nc1nc(F)ccc1NC(=O)Nc1ccnc2ccccc12)C(=O)O,O=C(Nc1ccc(F)nc1NC(CCc1nc2ccc(C(F)(F)F)cc2[nH]1)C(=O)O)Nc1ccnc2ccccc12
rxnflow_clpp,greedy_oracle_static,65,65,78,1,-8.7,O=C(O)CCC(Nc1nc(F)ccc1NC(=O)Nc1ccnc2ccccc12)C(=O)O,O=C(O)CCC(C(=O)O)N(C(=O)NCc1ccc(C(F)(F)F)cc1)c1nc(F)ccc1NC(=O)Nc1ccnc2ccccc12
rxnflow_clpp,greedy_oracle_static,66,66,79,1,-8.3,O=C(O)CCC(Nc1nc(F)ccc1NC(=O)Nc1ccnc2ccccc12)C(=O)O,CC(Nc1ccc(NC(=O)Nc2ccnc3ccccc23)c(NC(CCC(=O)O)C(=O)O)n1)c1ccccc1
rxnflow_clpp,greedy_oracle_static,67,67,82,3,-9.5,CCC(C)C(N)CNC(Cc1c[nH]c2ccccc12)CN1CCCC1C(=O)O,CCC(C)C(N)CNC(Cc1c[nH]c2ccccc12)CN1CCCC1C(=O)NCc1ccc(C(F)(F)F)cc1
rxnflow_clpp,greedy_oracle_static,68,68,83,1,-8.7,CCC(C)C(N)CNC(Cc1c[nH]c2ccccc12)CN1CCCC1C(=O)O,CCC(C)C(N)CN1C(CN2CCCC2C(=O)O)Cc2c([nH]c3ccccc23)C1c1ccc(C(F)(F)F)cc1
rxnflow_clpp,greedy_oracle_static,69,69,84,1,-8.5,CCC(C)C(N)CNC(Cc1c[nH]c2ccccc12)CN1CCCC1C(=O)O,CCC(C)C(CNC(Cc1c[nH]c2ccccc12)CN1CCCC1C(=O)O)Nc1nc2ccccc2[nH]1
rxnflow_clpp,greedy_oracle_static,70,70,85,1,-8.5,CCC(C)C(N)CNC(Cc1c[nH]c2ccccc12)CN1CCCC1C(=O)O,CCC(C)C(N)CN(Cc1c[nH]c2ccc(F)cc12)C(Cc1c[nH]c2ccccc12)CN1CCCC1C(=O)O
rxnflow_clpp,greedy_oracle_static,71,71,86,1,-8.5,CCC(C)C(N)CNC(Cc1c[nH]c2ccccc12)CN1CCCC1C(=O)O,CCC(C)C(N)CNC(Cc1c[nH]c2ccccc12)CN1CCCC1c1nc2ccc(Br)cc2o1
rxnflow_clpp,greedy_oracle_static,72,72,89,3,-9.7,NC(CCCNC(Cc1c[nH]c2ccccc12)C(=O)O)c1nc2ccccc2o1,NC(CCCN1C(C(=O)O)Cc2c([nH]c3ccccc23)C1c1ccc(C(=O)O)cc1)c1nc2ccccc2o1
rxnflow_clpp,greedy_oracle_static,73,73,90,1,-9.5,NC(CCCNC(Cc1c[nH]c2ccccc12)C(=O)O)c1nc2ccccc2o1,NC(CCCN(c1ccc(C(F)(F)F)cn1)C(Cc1c[nH]c2ccccc12)C(=O)O)c1nc2ccccc2o1
rxnflow_clpp,greedy_oracle_static,74,74,91,1,-9.5,NC(CCCNC(Cc1c[nH]c2ccccc12)C(=O)O)c1nc2ccccc2o1,NC(CCCNC(Cc1c[nH]c2ccccc12)C(=O)Nc1ccccn1)c1nc2ccccc2o1
rxnflow_clpp,greedy_oracle_static,75,75,92,1,-9.4,NC(CCCNC(Cc1c[nH]c2ccccc12)C(=O)O)c1nc2ccccc2o1,O=C(O)C(Cc1c[nH]c2ccccc12)NCCCC(NCc1nc2ccccc2[nH]1)c1nc2ccccc2o1
rxnflow_clpp,greedy_oracle_static,76,76,93,1,-9.3,NC(CCCNC(Cc1c[nH]c2ccccc12)C(=O)O)c1nc2ccccc2o1,NC(CCCNC(Cc1c[nH]c2ccccc12)C1=NCCc2c1[nH]c1ccccc21)c1nc2ccccc2o1
rxnflow_clpp,greedy_oracle_static,77,77,94,1,-8.8,NC(CCCNC(Cc1c[nH]c2ccccc12)C(=O)O)c1nc2ccccc2o1,NC(CCCNC(CNc1cccc2cc[nH]c12)Cc1c[nH]c2ccccc12)c1nc2ccccc2o1
rxnflow_clpp,greedy_oracle_static,78,78,95,1,-8.5,NC(CCCNC(Cc1c[nH]c2ccccc12)C(=O)O)c1nc2ccccc2o1,NC(CCCNC(Cc1cn(CC2CCCCC2)c2ccccc12)C(=O)O)c1nc2ccccc2o1
rxnflow_clpp,greedy_oracle_static,79,79,98,3,-9.3,CC(O)C(Nc1nc(F)ccc1N)C1=NC(C(=O)O)Cc2ccccc21,CC(O)C(Nc1nc(F)ccc1N)C1=NC(C(=O)NCCc2c[nH]c3ccccc23)Cc2ccccc21
rxnflow_clpp,greedy_oracle_static,80,80,99,1,-9.3,CC(O)C(Nc1nc(F)ccc1N)C1=NC(C(=O)O)Cc2ccccc21,CC(O)C1C2=NC(C(=O)O)Cc3cccc(c32)C(c2ccc(C(F)(F)F)cc2)N1c1nc(F)ccc1N
rxnflow_clpp,greedy_oracle_static,81,81,100,1,-9.1,CC(O)C(Nc1nc(F)ccc1N)C1=NC(C(=O)O)Cc2ccccc21,CC(NC(=O)Nc1ccc(F)nc1NC(C1=NC(C(=O)O)Cc2ccccc21)C(C)O)c1ccccc1
rxnflow_clpp,greedy_oracle_static,82,82,101,1,-9.0,CC(O)C(Nc1nc(F)ccc1N)C1=NC(C(=O)O)Cc2ccccc21,CC(O)C(C1=NC(C(=O)O)Cc2ccccc21)N(C(=O)Nc1cccc(C(F)(F)F)c1)c1nc(F)ccc1N
rxnflow_clpp,greedy_oracle_static,83,83,102,1,-9.0,CC(O)C(Nc1nc(F)ccc1N)C1=NC(C(=O)O)Cc2ccccc21,CC(O)C(Nc1nc(F)ccc1N)C1=NC(C2=NC(C(=O)O)Cc3c2[nH]c2ccccc32)Cc2ccccc21
rxnflow_clpp,greedy_oracle_static,84,84,103,1,-8.9,CC(O)C(Nc1nc(F)ccc1N)C1=NC(C(=O)O)Cc2ccccc21,CC(OC(=O)c1ccc(F)c(C(F)(F)F)c1)C(Nc1nc(F)ccc1N)C1=NC(C(=O)O)Cc2ccccc21
rxnflow_clpp,greedy_oracle_static,85,85,104,1,-8.9,CC(O)C(Nc1nc(F)ccc1N)C1=NC(C(=O)O)Cc2ccccc21,CC(O)C(Nc1nc(F)ccc1N)C1=NC(c2nc3cc(C#N)ccc3o2)Cc2ccccc21
rxnflow_clpp,greedy_oracle_static,86,86,105,1,-8.8,CC(O)C(Nc1nc(F)ccc1N)C1=NC(C(=O)O)Cc2ccccc21,CC(O)C(C1=NC(C(=O)O)Cc2ccccc21)n1c(-c2ccc(C(F)(F)F)cc2)nc2ccc(F)nc21
rxnflow_clpp,greedy_oracle_static,87,87,106,1,-8.7,CC(O)C(Nc1nc(F)ccc1N)C1=NC(C(=O)O)Cc2ccccc21,CC(O)C(Nc1nc(F)ccc1N)C1=NC(CNc2cc(F)c(F)cc2O)Cc2ccccc21
rxnflow_clpp,greedy_oracle_static,88,88,107,1,-8.4,CC(O)C(Nc1nc(F)ccc1N)C1=NC(C(=O)O)Cc2ccccc21,CC(O)C(Nc1nc(NC(C(=O)O)c2ccccc2)ccc1N)C1=NC(C(=O)O)Cc2ccccc21
rxnflow_clpp,greedy_oracle_static,89,89,108,1,-8.2,CC(O)C(Nc1nc(F)ccc1N)C1=NC(C(=O)O)Cc2ccccc21,CC(O)C(C1=NC(C(=O)O)Cc2ccccc21)N(CC(N)Cc1ccccc1)c1nc(F)ccc1N
rxnflow_clpp,greedy_oracle_static,90,90,109,1,-8.1,CC(O)C(Nc1nc(F)ccc1N)C1=NC(C(=O)O)Cc2ccccc21,CC(O)C(Nc1nc(F)ccc1N)C1=NC(C(=O)N2CCCC(C(=O)O)C2)Cc2ccccc21
rxnflow_clpp,greedy_oracle_static,91,91,110,1,-8.0,CC(O)C(Nc1nc(F)ccc1N)C1=NC(C(=O)O)Cc2ccccc21,CC(O)C(C1=NC(C(=O)O)Cc2ccccc21)n1c(C(N)Cc2c[nH]c3ccccc23)nc2ccc(F)nc21
rxnflow_clpp,greedy_oracle_static,92,92,113,3,-9.8,CCC(NCC(N)Cc1ccccc1)c1nc2c(C(=O)O)cccc2o1,CCC(NCC(N)Cc1ccccc1)c1nc2c(-c3nc4ccc(C(F)(F)F)cc4[nH]3)cccc2o1
rxnflow_clpp,greedy_oracle_static,93,93,114,1,-9.5,CCC(NCC(N)Cc1ccccc1)c1nc2c(C(=O)O)cccc2o1,CCC(c1nc2c(C(=O)O)cccc2o1)N(CC(N)Cc1ccccc1)C(=O)NCc1ccc(C(F)(F)F)cc1
rxnflow_clpp,greedy_oracle_static,94,94,115,1,-9.4,CCC(NCC(N)Cc1ccccc1)c1nc2c(C(=O)O)cccc2o1,CCC(NCC1Cc2ccccc2C(c2ccc(C(F)(F)F)cc2)N1)c1nc2c(C(=O)O)cccc2o1
rxnflow_clpp,greedy_oracle_static,95,95,116,1,-9.2,CCC(NCC(N)Cc1ccccc1)c1nc2c(C(=O)O)cccc2o1,CCC(NCC(N)Cc1ccccc1)c1nc2c(C(=O)Nc3ccccn3)cccc2o1
rxnflow_clpp,greedy_oracle_static,96,96,117,1,-9.2,CCC(NCC(N)Cc1ccccc1)c1nc2c(C(=O)O)cccc2o1,CCC(NCC(Cc1ccccc1)NC(=O)NC(Cc1c[nH]c2ccccc12)C(=O)O)c1nc2c(C(=O)O)cccc2o1
rxnflow_clpp,greedy_oracle_static,97,97,118,1,-9.0,CCC(NCC(N)Cc1ccccc1)c1nc2c(C(=O)O)cccc2o1,CCC(NCC(N)Cc1ccccc1)c1nc2c(CNc3cccc4cc[nH]c34)cccc2o1
rxnflow_clpp,greedy_oracle_static,98,98,119,1,-9.0,CCC(NCC(N)Cc1ccccc1)c1nc2c(C(=O)O)cccc2o1,CCC(NCC(N)Cc1ccccc1)c1nc2c(C3=NC(C(=O)O)Cc4ccccc43)cccc2o1
rxnflow_clpp,greedy_oracle_static,99,99,120,1,-9.0,CCC(NCC(N)Cc1ccccc1)c1nc2c(C(=O)O)cccc2o1,CCC(NCC1Cc2ccccc2C(c2ccc(F)cc2)=N1)c1nc2c(C(=O)O)cccc2o1
rxnflow_clpp,greedy_oracle_static,100,100,121,1,-8.6,CCC(NCC(N)Cc1ccccc1)c1nc2c(C(=O)O)cccc2o1,CCC(c1nc2c(C(=O)O)cccc2o1)N(CC(N)Cc1ccccc1)c1ccc2[nH]cc(C=O)c2c1
rxnflow_clpp,greedy_oracle_static,101,101,122,1,-8.5,CCC(NCC(N)Cc1ccccc1)c1nc2c(C(=O)O)cccc2o1,CCC(c1nc2c(C(=O)O)cccc2o1)N(CC(N)Cc1ccccc1)C(CCl)c1ccc2c(c1)NC(=O)C2
rxnflow_clpp,greedy_oracle_static,102,102,123,1,-8.5,CCC(NCC(N)Cc1ccccc1)c1nc2c(C(=O)O)cccc2o1,CCC(NCC(Cc1ccccc1)NC(=O)N1Cc2ccccc2CC1C(=O)O)c1nc2c(C(=O)O)cccc2o1
rxnflow_clpp,greedy_oracle_static,103,103,124,1,-8.4,CCC(NCC(N)Cc1ccccc1)c1nc2c(C(=O)O)cccc2o1,CCC(c1nc2c(C(=O)O)cccc2o1)N(CC(N)Cc1ccccc1)CC1Cc2ccccc2CN1
rxnflow_clpp,greedy_oracle_static,104,104,125,1,-8.2,CCC(NCC(N)Cc1ccccc1)c1nc2c(C(=O)O)cccc2o1,CCC(NCC(Cc1ccccc1)NCc1cc(C(F)(F)F)ccc1Br)c1nc2c(C(=O)O)cccc2o1
rxnflow_clpp,greedy_oracle_static,105,105,126,1,-8.2,CCC(NCC(N)Cc1ccccc1)c1nc2c(C(=O)O)cccc2o1,CCC(NCC(N)Cc1ccccc1)c1nc2c(CN3CCCC3C(F)(F)F)cccc2o1
rxnflow_clpp,greedy_oracle_static,106,106,127,1,-8.1,CCC(NCC(N)Cc1ccccc1)c1nc2c(C(=O)O)cccc2o1,CCC(NCC(Cc1ccccc1)Nc1nc(N)c2nc[nH]c2n1)c1nc2c(C(=O)O)cccc2o1
rxnflow_clpp,greedy_oracle_static,107,107,128,1,-8.1,CCC(NCC(N)Cc1ccccc1)c1nc2c(C(=O)O)cccc2o1,CCC(c1nc2c(C(=O)O)cccc2o1)N(CC(N)Cc1ccccc1)S(=O)(=O)c1cccc(Br)c1
rxnflow_clpp,greedy_oracle_static,108,108,129,1,-8.0,CCC(NCC(N)Cc1ccccc1)c1nc2c(C(=O)O)cccc2o1,CCC(NCC(N)Cc1ccccc1)c1nc2c(C(=O)OCC(=O)c3ccc4c(c3)NC(=O)C4)cccc2o1
rxnflow_clpp,greedy_oracle_static,109,109,132,3,-8.7,NC(=O)CC(N)CNC(CC(N)=O)C1=NC(C(=O)O)Cc2ccccc21,NC(=O)CC(N)CNC(CC(N)=O)C1=NC(c2nc3ccc(C(F)(F)F)cc3[nH]2)Cc2ccccc21
rxnflow_clpp,greedy_oracle_static,110,110,133,1,-8.5,NC(=O)CC(N)CNC(CC(N)=O)C1=NC(C(=O)O)Cc2ccccc21,NC(=O)CC(CNC(CC(N)=O)C1=NC(C(=O)O)Cc2ccccc21)NC(=O)c1ccc(F)c(F)c1F
rxnflow_clpp,greedy_oracle_static,111,111,134,1,-8.3,NC(=O)CC(N)CNC(CC(N)=O)C1=NC(C(=O)O)Cc2ccccc21,NC(=O)CC(N)CNC(CC(N)=O)C1=NC(C(=O)NCc2ccc(C(F)(F)F)cc2)Cc2ccccc21
rxnflow_clpp,greedy_oracle_static,112,112,135,1,-8.2,NC(=O)CC(N)CNC(CC(N)=O)C1=NC(C(=O)O)Cc2ccccc21,NC(=O)CC(N)CN(C(=O)NCCc1c[nH]c2ccccc12)C(CC(N)=O)C1=NC(C(=O)O)Cc2ccccc21
rxnflow_clpp,greedy_oracle_static,113,113,138,3,-9.6,CCC(C)C(N)CNC(Cc1ccc([N+](=O)[O-])cc1)C1=NC(C(=O)O)Cc2ccc([N+](=O)[O-])cc21,CCC(C)C(N)CNC(Cc1ccc([N+](=O)[O-])cc1)C1=NC(CNC(C)c2ccccc2)Cc2ccc([N+](=O)[O-])cc21
rxnflow_clpp,greedy_oracle_static,114,114,139,1,-9.3,CCC(C)C(N)CNC(Cc1ccc([N+](=O)[O-])cc1)C1=NC(C(=O)O)Cc2ccc([N+](=O)[O-])cc21,CCC(C)C(CNC(Cc1ccc([N+](=O)[O-])cc1)C1=NC(C(=O)O)Cc2ccc([N+](=O)[O-])cc21)NC(=O)Nc1ccc(C(F)(F)F)cc1
rxnflow_clpp,greedy_oracle_static,115,115,140,1,-9.0,CCC(C)C(N)CNC(Cc1ccc([N+](=O)[O-])cc1)C1=NC(C(=O)O)Cc2ccc([N+](=O)[O-])cc21,CCC(C)C(N)CNC(Cc1ccc([N+](=O)[O-])cc1)C1=NC(C(=O)NCCc2c[nH]c3ccc(O)cc23)Cc2ccc([N+](=O)[O-])cc21
rxnflow_clpp,greedy_oracle_static,116,116,141,1,-8.7,CCC(C)C(N)CNC(Cc1ccc([N+](=O)[O-])cc1)C1=NC(C(=O)O)Cc2ccc([N+](=O)[O-])cc21,CCC(C)C(N)CN1C(C2=NC(C(=O)O)Cc3ccc([N+](=O)[O-])cc32)Cc2ccc([N+](=O)[O-])cc2C1c1ccnc(F)c1
rxnflow_clpp,greedy_oracle_static,117,117,142,1,-8.4,CCC(C)C(N)CNC(Cc1ccc([N+](=O)[O-])cc1)C1=NC(C(=O)O)Cc2ccc([N+](=O)[O-])cc21,CCC(C)C(N)CN(C(=O)NCc1ccc(O)cc1)C(Cc1ccc([N+](=O)[O-])cc1)C1=NC(C(=O)O)Cc2ccc([N+](=O)[O-])cc21
rxnflow_clpp,greedy_oracle_static,118,118,145,3,-10.0,Nc1nc(Nc2c(F)cccc2C(=O)NC(Cc2ccc(O)cc2)C(=O)O)nc2[nH]cnc12,Nc1nc(Nc2c(F)cccc2C(=O)NC(Cc2ccc(OC(=O)c3ccc(F)cc3)cc2)C(=O)O)nc2[nH]cnc12
rxnflow_clpp,greedy_oracle_static,119,119,146,1,-9.8,Nc1nc(Nc2c(F)cccc2C(=O)NC(Cc2ccc(O)cc2)C(=O)O)nc2[nH]cnc12,Nc1nc(N(c2ccc3c(C=O)c[nH]c3c2)c2c(F)cccc2C(=O)NC(Cc2ccc(O)cc2)C(=O)O)nc2[nH]cnc12
rxnflow_clpp,greedy_oracle_static,120,120,147,1,-9.7,Nc1nc(Nc2c(F)cccc2C(=O)NC(Cc2ccc(O)cc2)C(=O)O)nc2[nH]cnc12,Nc1nc(Nc2c(F)cccc2C(=O)NC(Cc2ccc(O)cc2)c2nc3ccc(C(F)(F)F)cc3[nH]2)nc2[nH]cnc12
rxnflow_clpp,greedy_oracle_static,121,121,148,1,-9.5,Nc1nc(Nc2c(F)cccc2C(=O)NC(Cc2ccc(O)cc2)C(=O)O)nc2[nH]cnc12,O=C(Nc1nc(Nc2c(F)cccc2C(=O)NC(Cc2ccc(O)cc2)C(=O)O)nc2[nH]cnc12)c1cccc(F)c1F
rxnflow_clpp,greedy_oracle_static,122,122,149,1,-9.2,Nc1nc(Nc2c(F)cccc2C(=O)NC(Cc2ccc(O)cc2)C(=O)O)nc2[nH]cnc12,Nc1nc(Nc2c(F)cccc2C(=O)N2C(C(=O)O)Cc3ccc(O)cc3C2c2ccc(C(F)(F)F)cc2)nc2[nH]cnc12
rxnflow_clpp,greedy_oracle_static,123,123,150,1,-9.2,Nc1nc(Nc2c(F)cccc2C(=O)NC(Cc2ccc(O)cc2)C(=O)O)nc2[nH]cnc12,Nc1nc(Nc2c(F)cccc2C(=O)NC(Cc2ccc(O)cc2)C(=O)O)nc2c1ncn2CC(=O)c1ccc2c(c1)NC(=O)C2
rxnflow_clpp,greedy_oracle_static,124,124,151,1,-8.5,Nc1nc(Nc2c(F)cccc2C(=O)NC(Cc2ccc(O)cc2)C(=O)O)nc2[nH]cnc12,Nc1nc(N(c2c(F)cccc2C(=O)NC(Cc2ccc(O)cc2)C(=O)O)C(CCl)c2ccc3c(c2)NC(=O)C3)nc2[nH]cnc12
rxnflow_clpp,greedy_oracle_static,125,125,152,1,-8.1,Nc1nc(Nc2c(F)cccc2C(=O)NC(Cc2ccc(O)cc2)C(=O)O)nc2[nH]cnc12,Nc1nc(N(C(=O)NCCN2CCOCC2)c2c(F)cccc2C(=O)NC(Cc2ccc(O)cc2)C(=O)O)nc2[nH]cnc12
rxnflow_clpp,greedy_oracle_static,126,126,155,3,-9.6,NC(CNCCCNC(C(=O)O)c1ccccc1)Cc1ccccc1,O=C(O)C(NCCCNCC1Cc2ccccc2C(c2ccc(C(F)(F)F)cc2)N1)c1ccccc1
rxnflow_clpp,greedy_oracle_static,127,127,156,1,-9.5,NC(CNCCCNC(C(=O)O)c1ccccc1)Cc1ccccc1,O=C(O)C(NCCCNCC1Cc2ccccc2C(c2ccc(C(F)(F)F)cn2)=N1)c1ccccc1
rxnflow_clpp,greedy_oracle_static,128,128,157,1,-8.9,NC(CNCCCNC(C(=O)O)c1ccccc1)Cc1ccccc1,NC(Cc1ccccc1)CN(CCCNC(C(=O)O)c1ccccc1)c1c(C(F)(F)F)nc2ccccc2c1O
rxnflow_clpp,greedy_oracle_static,129,129,158,1,-8.9,NC(CNCCCNC(C(=O)O)c1ccccc1)Cc1ccccc1,Nc1cc(C(F)(F)F)ccc1NC(=O)N(CCCNC(C(=O)O)c1ccccc1)CC(N)Cc1ccccc1
rxnflow_clpp,greedy_oracle_static,130,130,159,1,-8.8,NC(CNCCCNC(C(=O)O)c1ccccc1)Cc1ccccc1,O=C(NCc1c[nH]c2ccccc12)NC(CNCCCNC(C(=O)O)c1ccccc1)Cc1ccccc1
rxnflow_clpp,greedy_oracle_static,131,131,160,1,-8.7,NC(CNCCCNC(C(=O)O)c1ccccc1)Cc1ccccc1,O=Cc1c[nH]c2cc(NC(CNCCCNC(C(=O)O)c3ccccc3)Cc3ccccc3)ccc12
rxnflow_clpp,greedy_oracle_static,132,132,161,1,-8.7,NC(CNCCCNC(C(=O)O)c1ccccc1)Cc1ccccc1,NC(CNCCCNC(CNCc1c[nH]c2ccccc12)c1ccccc1)Cc1ccccc1
rxnflow_clpp,greedy_oracle_static,133,133,162,1,-8.6,NC(CNCCCNC(C(=O)O)c1ccccc1)Cc1ccccc1,NC(Cc1ccccc1)CN(CCCNC(C(=O)O)c1ccccc1)C(=O)C1Cc2ccccc2CN1
rxnflow_clpp,greedy_oracle_static,134,134,163,1,-8.5,NC(CNCCCNC(C(=O)O)c1ccccc1)Cc1ccccc1,O=C(Nc1cccc(C(F)(F)F)c1)NC(CNCCCNC(C(=O)O)c1ccccc1)Cc1ccccc1
rxnflow_clpp,greedy_oracle_static,135,135,164,1,-8.4,NC(CNCCCNC(C(=O)O)c1ccccc1)Cc1ccccc1,NC(Cc1ccccc1)CN(CCCNC(C(=O)O)c1ccccc1)c1ncc2[nH]ccc2n1
rxnflow_clpp,greedy_oracle_static,136,136,165,1,-8.4,NC(CNCCCNC(C(=O)O)c1ccccc1)Cc1ccccc1,CC(=O)c1ccc(S(=O)(=O)NC(CNCCCNC(C(=O)O)c2ccccc2)Cc2ccccc2)cc1
rxnflow_clpp,greedy_oracle_static,137,137,166,1,-8.4,NC(CNCCCNC(C(=O)O)c1ccccc1)Cc1ccccc1,NC(Cc1ccccc1)CN(CCCNC(C(=O)O)c1ccccc1)Cc1cccnc1F
rxnflow_clpp,greedy_oracle_static,138,138,167,1,-8.4,NC(CNCCCNC(C(=O)O)c1ccccc1)Cc1ccccc1,NC(CNCCCNC(CNc1cccc2cc[nH]c12)c1ccccc1)Cc1ccccc1
rxnflow_clpp,greedy_oracle_static,139,139,168,1,-8.4,NC(CNCCCNC(C(=O)O)c1ccccc1)Cc1ccccc1,NC(CNCCCNC(c1ccccc1)c1nc2c(C(=O)O)cccc2o1)Cc1ccccc1
rxnflow_clpp,greedy_oracle_static,140,140,169,1,-8.3,NC(CNCCCNC(C(=O)O)c1ccccc1)Cc1ccccc1,O=C(O)C(NCCCNCC(Cc1ccccc1)NCc1nc2ccccc2[nH]1)c1ccccc1
rxnflow_clpp,greedy_oracle_static,141,141,170,1,-8.3,NC(CNCCCNC(C(=O)O)c1ccccc1)Cc1ccccc1,CC(NC(=O)C(NCCCNCC(N)Cc1ccccc1)c1ccccc1)c1ccccc1
rxnflow_clpp,greedy_oracle_static,142,142,171,1,-8.3,NC(CNCCCNC(C(=O)O)c1ccccc1)Cc1ccccc1,NC(Cc1ccccc1)CN(CCCNC(C(=O)O)c1ccccc1)C(=O)NC(Cc1c[nH]c2ccccc12)C(=O)O
rxnflow_clpp,greedy_oracle_static,143,143,172,1,-8.2,NC(CNCCCNC(C(=O)O)c1ccccc1)Cc1ccccc1,N=C(N)NCCCC(N)C(=O)NC(CNCCCNC(C(=O)O)c1ccccc1)Cc1ccccc1
rxnflow_clpp,greedy_oracle_static,144,144,173,1,-8.2,NC(CNCCCNC(C(=O)O)c1ccccc1)Cc1ccccc1,Cc1ccnc(NC(CNCCCNC(C(=O)O)c2ccccc2)Cc2ccccc2)c1N
rxnflow_clpp,greedy_oracle_static,145,145,174,1,-8.2,NC(CNCCCNC(C(=O)O)c1ccccc1)Cc1ccccc1,NC(Cc1ccccc1)CN(CCCNC(C(=O)O)c1ccccc1)c1ccc2[nH]cc(C=O)c2c1
rxnflow_clpp,greedy_oracle_static,146,146,175,1,-8.2,NC(CNCCCNC(C(=O)O)c1ccccc1)Cc1ccccc1,NC(CNCCCNC(CN1CCCC(=O)C1)c1ccccc1)Cc1ccccc1
rxnflow_clpp,greedy_oracle_static,147,147,176,1,-8.1,NC(CNCCCNC(C(=O)O)c1ccccc1)Cc1ccccc1,NC(Cc1ccccc1)CN(CCCNC(C(=O)O)c1ccccc1)C(CCl)c1ccc2c(c1)NC(=O)C2
rxnflow_clpp,greedy_oracle_static,148,148,177,1,-8.0,NC(CNCCCNC(C(=O)O)c1ccccc1)Cc1ccccc1,NC(CNCCCNC(C1=NCCc2ccc(O)cc21)c1ccccc1)Cc1ccccc1
rxnflow_clpp,greedy_oracle_static,149,149,180,3,-9.8,O=C(O)C(CC1CCCCC1)NC(=O)C(Cc1c[nH]cn1)NCc1ccc(C(F)(F)F)cc1F,O=C(NC(CC1CCCCC1)C(=O)NCc1ccc(C(F)(F)F)cc1)C(Cc1c[nH]cn1)NCc1ccc(C(F)(F)F)cc1F
rxnflow_clpp,greedy_oracle_static,150,150,181,1,-9.3,O=C(O)C(CC1CCCCC1)NC(=O)C(Cc1c[nH]cn1)NCc1ccc(C(F)(F)F)cc1F,O=C(O)C(CC1CCCCC1)NC(=O)C(Cc1c[nH]cn1)N(Cc1ccc(C(F)(F)F)cc1F)Cc1ccccc1Br
rxnflow_clpp,greedy_oracle_static,151,151,182,1,-9.0,O=C(O)C(CC1CCCCC1)NC(=O)C(Cc1c[nH]cn1)NCc1ccc(C(F)(F)F)cc1F,O=C(O)C(CC1CCCCC1)NC(=O)C(Cc1cn(CC2CCC(F)(F)CC2)cn1)NCc1ccc(C(F)(F)F)cc1F
rxnflow_clpp,greedy_oracle_static,152,152,185,3,-10.1,NC(CNC(Cc1ccc([N+](=O)[O-])cc1)C1=NC(C(=O)O)Cc2ccc(O)cc21)CC1CCCCC1,NC(CC1CCCCC1)CN1C(C2=NC(C(=O)O)Cc3ccc(O)cc32)Cc2ccc([N+](=O)[O-])cc2C1c1c[nH]c2cc(Br)ccc12
rxnflow_clpp,greedy_oracle_static,153,153,186,1,-9.7,NC(CNC(Cc1ccc([N+](=O)[O-])cc1)C1=NC(C(=O)O)Cc2ccc(O)cc21)CC1CCCCC1,NC(CNC(Cc1ccc([N+](=O)[O-])cc1)C1=NC(C(=O)Nc2ccccc2O)Cc2ccc(O)cc21)CC1CCCCC1
rxnflow_clpp,greedy_oracle_static,154,154,187,1,-9.1,NC(CNC(Cc1ccc([N+](=O)[O-])cc1)C1=NC(C(=O)O)Cc2ccc(O)cc21)CC1CCCCC1,Nc1cccc(Br)c1C(=O)N(CC(N)CC1CCCCC1)C(Cc1ccc([N+](=O)[O-])cc1)C1=NC(C(=O)O)Cc2ccc(O)cc21
rxnflow_clpp,greedy_oracle_static,155,155,188,1,-8.8,NC(CNC(Cc1ccc([N+](=O)[O-])cc1)C1=NC(C(=O)O)Cc2ccc(O)cc21)CC1CCCCC1,O=C(NC(CNC(Cc1ccc([N+](=O)[O-])cc1)C1=NC(C(=O)O)Cc2ccc(O)cc21)CC1CCCCC1)c1cccc(N=C=S)c1
rxnflow_clpp,greedy_oracle_static,156,156,189,1,-8.3,NC(CNC(Cc1ccc([N+](=O)[O-])cc1)C1=NC(C(=O)O)Cc2ccc(O)cc21)CC1CCCCC1,NC(CNC(Cc1ccc([N+](=O)[O-])cc1)C1=NC(C(=O)O)Cc2ccc(OC(=O)c3ccc(C(F)(F)F)cn3)cc21)CC1CCCCC1
rxnflow_clpp,greedy_oracle_static,157,157,192,3,-8.7,N=C(N)NCCCC(NCC(N)Cc1c[nH]cn1)C1=NC(C(=O)O)Cc2ccccc21,N=C(N)NCCCC1C2=NC(C(=O)O)Cc3cccc(c32)C(c2ccc(C(F)(F)F)c(F)c2)N1CC(N)Cc1c[nH]cn1
rxnflow_clpp,greedy_oracle_static,158,158,193,1,-8.6,N=C(N)NCCCC(NCC(N)Cc1c[nH]cn1)C1=NC(C(=O)O)Cc2ccccc21,N=C(N)NCCCC(C1=NC(C(=O)O)Cc2ccccc21)N(Cc1c[nH]c2ccccc12)CC(N)Cc1c[nH]cn1
rxnflow_clpp,greedy_oracle_static,159,159,194,1,-8.6,N=C(N)NCCCC(NCC(N)Cc1c[nH]cn1)C1=NC(C(=O)O)Cc2ccccc21,N=C(N)NCCCC(NCC(Cc1c[nH]cn1)NC(=O)c1ccc(F)c(C(F)(F)F)c1)C1=NC(C(=O)O)Cc2ccccc21
rxnflow_clpp,greedy_oracle_static,160,160,195,1,-8.5,N=C(N)NCCCC(NCC(N)Cc1c[nH]cn1)C1=NC(C(=O)O)Cc2ccccc21,N=C(N)NCCCC(NCC(N)Cc1c[nH]cn1)C1=NC(c2nc3cc(F)c(F)cc3o2)Cc2ccccc21
rxnflow_clpp,greedy_oracle_static,161,161,196,1,-8.3,N=C(N)NCCCC(NCC(N)Cc1c[nH]cn1)C1=NC(C(=O)O)Cc2ccccc21,N=C(N)NCCCC(NCC(N)Cc1c[nH]cn1)C1=NC(C(=O)NCCc2c[nH]c3ccc(O)cc23)Cc2ccccc21
rxnflow_clpp,greedy_oracle_static,162,162,197,1,-8.1,N=C(N)NCCCC(NCC(N)Cc1c[nH]cn1)C1=NC(C(=O)O)Cc2ccccc21,N=C(N)NCCCC(NCC(N)Cc1cn(CC2CCC(F)(F)CC2)cn1)C1=NC(C(=O)O)Cc2ccccc21
rxnflow_clpp,greedy_oracle_static,163,163,200,3,-11.6,CC(NC(=O)C1(NCC(N)Cc2ccccc2)CCC1)c1ccccc1,CC(NC(=O)C1(NCC2Cc3ccccc3C(c3cccc(F)c3F)=N2)CCC1)c1ccccc1
rxnflow_clpp,greedy_oracle_static,164,164,201,1,-10.7,CC(NC(=O)C1(NCC(N)Cc2ccccc2)CCC1)c1ccccc1,CC(NC(=O)C1(NCC2Cc3ccccc3C(c3cncc(Br)c3)N2)CCC1)c1ccccc1
rxnflow_clpp,greedy_oracle_static,165,165,202,1,-10.2,CC(NC(=O)C1(NCC(N)Cc2ccccc2)CCC1)c1ccccc1,CC(NC(=O)C1(NCC(Cc2ccccc2)NC(=O)Nc2ccc(F)nc2Br)CCC1)c1ccccc1
rxnflow_clpp,greedy_oracle_static,166,166,203,1,-10.2,CC(NC(=O)C1(NCC(N)Cc2ccccc2)CCC1)c1ccccc1,CC(NC(=O)C1(NCC(Cc2ccccc2)NCC2Cc3ccccc3CN2)CCC1)c1ccccc1
rxnflow_clpp,greedy_oracle_static,167,167,204,1,-10.0,CC(NC(=O)C1(NCC(N)Cc2ccccc2)CCC1)c1ccccc1,Cc1ccc(S(=O)(=O)NC(CNC2(C(=O)NC(C)c3ccccc3)CCC2)Cc2ccccc2)cc1N
rxnflow_clpp,greedy_oracle_static,168,168,205,1,-9.8,CC(NC(=O)C1(NCC(N)Cc2ccccc2)CCC1)c1ccccc1,CC(NC(=O)C1(N(Cc2c[nH]c3ccc(C#N)cc23)CC(N)Cc2ccccc2)CCC1)c1ccccc1
rxnflow_clpp,greedy_oracle_static,169,169,206,1,-9.7,CC(NC(=O)C1(NCC(N)Cc2ccccc2)CCC1)c1ccccc1,CC(NC(=O)C1(NCC(Cc2ccccc2)Nc2ncc3[nH]ccc3n2)CCC1)c1ccccc1
rxnflow_clpp,greedy_oracle_static,170,170,207,1,-9.6,CC(NC(=O)C1(NCC(N)Cc2ccccc2)CCC1)c1ccccc1,CC(NC(=O)C1(NCC(Cc2ccccc2)NC(CCl)c2ccc3c(c2)NC(=O)C3)CCC1)c1ccccc1
rxnflow_clpp,greedy_oracle_static,171,171,208,1,-9.5,CC(NC(=O)C1(NCC(N)Cc2ccccc2)CCC1)c1ccccc1,Cc1cc(Br)cnc1N(CC(N)Cc1ccccc1)C1(C(=O)NC(C)c2ccccc2)CCC1
rxnflow_clpp,greedy_oracle_static,172,172,209,1,-9.5,CC(NC(=O)C1(NCC(N)Cc2ccccc2)CCC1)c1ccccc1,CC(NC(=O)C1(NCC(Cc2ccccc2)NCc2c[nH]c3ccc(F)cc23)CCC1)c1ccccc1
rxnflow_clpp,greedy_oracle_static,173,173,210,1,-9.5,CC(NC(=O)C1(NCC(N)Cc2ccccc2)CCC1)c1ccccc1,CC(NC(=O)C1(N(CC(N)Cc2ccccc2)C(=O)Nc2cccc3ccccc23)CCC1)c1ccccc1
rxnflow_clpp,greedy_oracle_static,174,174,211,1,-9.4,CC(NC(=O)C1(NCC(N)Cc2ccccc2)CCC1)c1ccccc1,CC(NC(=O)C1(N(CC(N)Cc2ccccc2)CC(N)CC2CCCCC2)CCC1)c1ccccc1
rxnflow_clpp,greedy_oracle_static,175,175,212,1,-9.3,CC(NC(=O)C1(NCC(N)Cc2ccccc2)CCC1)c1ccccc1,CC(NC(=O)C1(N(CC(N)Cc2ccccc2)C(=O)N2Cc3ccccc3CC2C(=O)O)CCC1)c1ccccc1
rxnflow_clpp,greedy_oracle_static,176,176,213,1,-9.2,CC(NC(=O)C1(NCC(N)Cc2ccccc2)CCC1)c1ccccc1,CC(NC(=O)C1(N(CC(N)Cc2ccccc2)C(=O)c2ccc(C(F)(F)F)cn2)CCC1)c1ccccc1
rxnflow_clpp,greedy_oracle_static,177,177,214,1,-9.0,CC(NC(=O)C1(NCC(N)Cc2ccccc2)CCC1)c1ccccc1,CC(NC(=O)C1(NCC(Cc2ccccc2)Nc2cc(CBr)ccc2[N+](=O)[O-])CCC1)c1ccccc1
rxnflow_clpp,greedy_oracle_static,178,178,215,1,-8.9,CC(NC(=O)C1(NCC(N)Cc2ccccc2)CCC1)c1ccccc1,CC(NC(=O)C1(N(CC(N)Cc2ccccc2)c2ccc([N+](=O)[O-])c3ncccc23)CCC1)c1ccccc1
rxnflow_clpp,greedy_oracle_static,179,179,216,1,-8.8,CC(NC(=O)C1(NCC(N)Cc2ccccc2)CCC1)c1ccccc1,CC(NC(=O)C1(N(CC(N)Cc2ccccc2)S(=O)(=O)c2ccncc2)CCC1)c1ccccc1
rxnflow_clpp,greedy_oracle_static,180,180,217,1,-8.7,CC(NC(=O)C1(NCC(N)Cc2ccccc2)CCC1)c1ccccc1,CC(NC(=O)C1(NCC2Cc3ccccc3C(C(N)Cc3c[nH]c4ccccc34)=N2)CCC1)c1ccccc1
rxnflow_clpp,greedy_oracle_static,181,181,218,1,-8.6,CC(NC(=O)C1(NCC(N)Cc2ccccc2)CCC1)c1ccccc1,CC(NC(=O)C1(N(CC(N)Cc2ccccc2)c2c(C(F)(F)F)nc3ccccc3c2O)CCC1)c1ccccc1
rxnflow_clpp,greedy_oracle_static,182,182,219,1,-8.2,CC(NC(=O)C1(NCC(N)Cc2ccccc2)CCC1)c1ccccc1,CC(NC(=O)C1(N(CC(N)Cc2ccccc2)C(CCl)c2ccc(F)cc2F)CCC1)c1ccccc1
rxnflow_clpp,greedy_oracle_static,183,183,220,1,-8.2,CC(NC(=O)C1(NCC(N)Cc2ccccc2)CCC1)c1ccccc1,CC(NC(=O)C1(N(CC(N)Cc2ccccc2)C(=O)C(N)Cc2c[nH]c3ccccc23)CCC1)c1ccccc1
rxnflow_clpp,greedy_oracle_static,184,184,223,3,-9.9,Nc1nc(N(C(=O)NCCc2ccc(O)cc2)C(Cc2cccs2)C(=O)O)nc2[nH]cnc12,Nc1nc(N(C(=O)NCCc2ccc(O)cc2)C(Cc2cccs2)c2nc3ccc(C(F)(F)F)cc3[nH]2)nc2[nH]cnc12
rxnflow_clpp,greedy_oracle_static,185,185,224,1,-9.7,Nc1nc(N(C(=O)NCCc2ccc(O)cc2)C(Cc2cccs2)C(=O)O)nc2[nH]cnc12,O=C(Nc1nc(N(C(=O)NCCc2ccc(O)cc2)C(Cc2cccs2)C(=O)O)nc2[nH]cnc12)c1ccc(F)cc1
rxnflow_clpp,greedy_oracle_static,186,186,225,1,-9.7,Nc1nc(N(C(=O)NCCc2ccc(O)cc2)C(Cc2cccs2)C(=O)O)nc2[nH]cnc12,Nc1nc(N(C(=O)NCCc2ccc(O)cc2)C(CNCCc2c[nH]c3ccccc23)Cc2cccs2)nc2[nH]cnc12
rxnflow_clpp,greedy_oracle_static,187,187,226,1,-8.6,Nc1nc(N(C(=O)NCCc2ccc(O)cc2)C(Cc2cccs2)C(=O)O)nc2[nH]cnc12,Nc1nc(N(C(=O)NCCc2ccc(O)cc2)C(Cc2cccs2)C(=O)O)nc2c1ncn2Cc1ccc([N+](=O)[O-])c(F)c1
rxnflow_clpp,greedy_oracle_static,188,188,227,1,-8.5,Nc1nc(N(C(=O)NCCc2ccc(O)cc2)C(Cc2cccs2)C(=O)O)nc2[nH]cnc12,Nc1nc(N(C(=O)NCCc2ccc(O)cc2)C(Cc2cccs2)C(=O)Nc2cccc3cc[nH]c23)nc2[nH]cnc12
rxnflow_clpp,greedy_oracle_static,189,189,228,1,-8.0,Nc1nc(N(C(=O)NCCc2ccc(O)cc2)C(Cc2cccs2)C(=O)O)nc2[nH]cnc12,Nc1nc(N(C(=O)N2CCc3ccc(O)cc3C2c2nc3ccccc3[nH]2)C(Cc2cccs2)C(=O)O)nc2[nH]cnc12
rxnflow_clpp,greedy_oracle_static,190,190,231,3,-9.4,CCC(C)C(N)CNC(Cc1ccccc1)C1=NC(C(=O)O)Cc2ccccc21,CCC(C)C(CNC(Cc1ccccc1)C1=NC(C(=O)O)Cc2ccccc21)NC(=O)NC(C)c1ccccc1
rxnflow_clpp,greedy_oracle_static,191,191,232,1,-9.3,CCC(C)C(N)CNC(Cc1ccccc1)C1=NC(C(=O)O)Cc2ccccc21,CCC(C)C(N)CNC(Cc1ccccc1)C1=NC(C(=O)OCc2cccc(C#N)c2)Cc2ccccc21
rxnflow_clpp,greedy_oracle_static,192,192,233,1,-9.1,CCC(C)C(N)CNC(Cc1ccccc1)C1=NC(C(=O)O)Cc2ccccc21,CCC(C)C(N)CNC(Cc1ccccc1)C1=NC(C2=NCCc3c2[nH]c2ccccc32)Cc2ccccc21
rxnflow_clpp,greedy_oracle_static,193,193,234,1,-8.6,CCC(C)C(N)CNC(Cc1ccccc1)C1=NC(C(=O)O)Cc2ccccc21,CCC(C)C(N)CN(C(=O)Nc1cccc(C(F)(F)F)c1)C(Cc1ccccc1)C1=NC(C(=O)O)Cc2ccccc21
rxnflow_clpp,greedy_oracle_static,194,194,235,1,-8.5,CCC(C)C(N)CNC(Cc1ccccc1)C1=NC(C(=O)O)Cc2ccccc21,CCC(C)C(N)CNC(Cc1ccccc1)C1=NC(CNCc2ccc(OC)cc2)Cc2ccccc21
rxnflow_clpp,greedy_oracle_static,195,195,236,1,-8.4,CCC(C)C(N)CNC(Cc1ccccc1)C1=NC(C(=O)O)Cc2ccccc21,CCC(C)C(N)CNC(Cc1ccccc1)C1=NC(c2nc3cc(F)c(F)cc3o2)Cc2ccccc21
rxnflow_clpp,greedy_oracle_static,196,196,237,1,-8.3,CCC(C)C(N)CNC(Cc1ccccc1)C1=NC(C(=O)O)Cc2ccccc21,CCC(C)C(N)CN1C(C2=NC(C(=O)O)Cc3ccccc32)Cc2ccccc2C1c1ccncc1F
rxnflow_clpp,greedy_oracle_static,197,197,240,3,-10.3,Nc1nc(NC(CCC(=O)NCc2ccc(C(F)(F)F)cc2)C(=O)O)nc2[nH]cnc12,Nc1nc(N(c2nc3ccccc3[nH]2)C(CCC(=O)NCc2ccc(C(F)(F)F)cc2)C(=O)O)nc2[nH]cnc12
rxnflow_clpp,greedy_oracle_static,198,198,241,1,-10.1,Nc1nc(NC(CCC(=O)NCc2ccc(C(F)(F)F)cc2)C(=O)O)nc2[nH]cnc12,Nc1nc(NC(CCC(=O)NCc2ccc(C(F)(F)F)cc2)C(=O)Nc2cccc3cc[nH]c23)nc2[nH]cnc12
rxnflow_clpp,greedy_oracle_static,199,199,242,1,-10.1,Nc1nc(NC(CCC(=O)NCc2ccc(C(F)(F)F)cc2)C(=O)O)nc2[nH]cnc12,Nc1nc(NC(CCC(=O)NCc2ccc(C(F)(F)F)cc2)C2=NC(C(=O)O)Cc3c2[nH]c2ccccc32)nc2[nH]cnc12
rxnflow_clpp,greedy_oracle_static,200,200,243,1,-9.7,Nc1nc(NC(CCC(=O)NCc2ccc(C(F)(F)F)cc2)C(=O)O)nc2[nH]cnc12,Nc1nc(NC(CCC(=O)NCc2ccc(C(F)(F)F)cc2)c2nc3cc(F)c(F)cc3o2)nc2[nH]cnc12
rxnflow_clpp,greedy_oracle_static,201,201,244,1,-9.6,Nc1nc(NC(CCC(=O)NCc2ccc(C(F)(F)F)cc2)C(=O)O)nc2[nH]cnc12,O=C(CCC(Nc1nc(NC(=O)Nc2ccccc2F)c2nc[nH]c2n1)C(=O)O)NCc1ccc(C(F)(F)F)cc1
rxnflow_clpp,greedy_oracle_static,202,202,245,1,-9.3,Nc1nc(NC(CCC(=O)NCc2ccc(C(F)(F)F)cc2)C(=O)O)nc2[nH]cnc12,Cc1cccc(Cn2cnc3c(N)nc(NC(CCC(=O)NCc4ccc(C(F)(F)F)cc4)C(=O)O)nc32)c1C
rxnflow_clpp,greedy_oracle_static,203,203,246,1,-9.0,Nc1nc(NC(CCC(=O)NCc2ccc(C(F)(F)F)cc2)C(=O)O)nc2[nH]cnc12,Nc1nc(NC(CCC(=O)NCc2ccc(C(F)(F)F)cc2)CNCCc2c[nH]c3ccc(O)cc23)nc2[nH]cnc12
rxnflow_clpp,greedy_oracle_static,204,204,247,1,-8.9,Nc1nc(NC(CCC(=O)NCc2ccc(C(F)(F)F)cc2)C(=O)O)nc2[nH]cnc12,Nc1nc(N(C(CCC(=O)NCc2ccc(C(F)(F)F)cc2)C(=O)O)C(CCl)c2ccc3c(c2)NC(=O)C3)nc2[nH]cnc12
rxnflow_clpp,greedy_oracle_static,205,205,248,1,-8.5,Nc1nc(NC(CCC(=O)NCc2ccc(C(F)(F)F)cc2)C(=O)O)nc2[nH]cnc12,N#Cc1ccc2[nH]cc(CN(c3nc(N)c4nc[nH]c4n3)C(CCC(=O)NCc3ccc(C(F)(F)F)cc3)C(=O)O)c2c1
rxnflow_clpp,greedy_oracle_static,206,206,251,3,-8.7,CCC(C)C(N)CNC(Cc1ccc(O)cc1)C1=NC(C(=O)O)Cc2ccccc21,CCC(C)C(N)CNC(Cc1ccc(O)cc1)C1=NC(CN2Cc3ccccc3CC2C(=O)O)Cc2ccccc21
rxnflow_clpp,greedy_oracle_static,207,207,252,1,-8.5,CCC(C)C(N)CNC(Cc1ccc(O)cc1)C1=NC(C(=O)O)Cc2ccccc21,CCC(C)C(CNC(Cc1ccc(O)cc1)C1=NC(C(=O)O)Cc2ccccc21)NCc1ccc(C(F)(F)F)cc1F
rxnflow_clpp,greedy_oracle_static,208,208,253,1,-8.5,CCC(C)C(N)CNC(Cc1ccc(O)cc1)C1=NC(C(=O)O)Cc2ccccc21,CCC(C)C(N)CNC(Cc1ccc(OC(=O)c2ccc(C=O)cc2)cc1)C1=NC(C(=O)O)Cc2ccccc21
rxnflow_clpp,greedy_oracle_static,209,209,254,1,-8.2,CCC(C)C(N)CNC(Cc1ccc(O)cc1)C1=NC(C(=O)O)Cc2ccccc21,CCC(C)C(N)CNC(Cc1ccc(O)cc1)C1=NC(C(=O)Nc2cccc3cc[nH]c23)Cc2ccccc21
rxnflow_clpp,greedy_oracle_static,210,210,255,1,-8.2,CCC(C)C(N)CNC(Cc1ccc(O)cc1)C1=NC(C(=O)O)Cc2ccccc21,CCC(C)C(N)CNC(Cc1ccc(O)cc1)C1=NC(c2nc3ccc(C(=O)O)cc3[nH]2)Cc2ccccc21
rxnflow_clpp,greedy_oracle_static,211,211,258,3,-9.4,N=C(N)NCCCC(NCc1ccc(O)c(N)c1)C(=O)N1Cc2ccccc2CC1C(=O)O,N=C(N)NCCCC(C(=O)N1Cc2ccccc2CC1C(=O)O)N(Cc1ccc(O)c(N)c1)C(=O)NCc1ccc(O)cc1
rxnflow_clpp,greedy_oracle_static,212,212,259,1,-9.3,N=C(N)NCCCC(NCc1ccc(O)c(N)c1)C(=O)N1Cc2ccccc2CC1C(=O)O,N=C(N)NCCCC(NCc1ccc(O)c(N)c1)C(=O)N1Cc2ccccc2CC1C(=O)OCc1ccc(F)c([N+](=O)[O-])c1
rxnflow_clpp,greedy_oracle_static,213,213,260,1,-9.0,N=C(N)NCCCC(NCc1ccc(O)c(N)c1)C(=O)N1Cc2ccccc2CC1C(=O)O,N=C(N)NCCCC(NCc1ccc(O)c(Nc2ccccn2)c1)C(=O)N1Cc2ccccc2CC1C(=O)O
rxnflow_clpp,greedy_oracle_static,214,214,261,1,-8.7,N=C(N)NCCCC(NCc1ccc(O)c(N)c1)C(=O)N1Cc2ccccc2CC1C(=O)O,N=C(N)NCCCC(NCc1ccc(O)c(N)c1)C(=O)N1Cc2ccccc2CC1CNC(Cc1c[nH]c2ccccc12)C(=O)O
rxnflow_clpp,greedy_oracle_static,215,215,262,1,-8.7,N=C(N)NCCCC(NCc1ccc(O)c(N)c1)C(=O)N1Cc2ccccc2CC1C(=O)O,N=C(N)NCCCC(NCc1ccc(O)c(N)c1)C(=O)N1Cc2ccccc2CC1c1nc2ccc(Br)cc2o1
rxnflow_clpp,greedy_oracle_static,216,216,265,3,-9.4,NC(CS)CNC(Cc1c[nH]c2ccccc12)C1=NC(C(=O)O)Cc2ccccc21,NC(CS)CN1C(C2=NC(C(=O)O)Cc3ccccc32)Cc2c([nH]c3ccccc23)C1c1ccc(C(F)(F)F)cc1
rxnflow_clpp,greedy_oracle_static,217,217,266,1,-9.3,NC(CS)CNC(Cc1c[nH]c2ccccc12)C1=NC(C(=O)O)Cc2ccccc21,Nc1ccccc1C(=O)NC(CS)CNC(Cc1c[nH]c2ccccc12)C1=NC(C(=O)O)Cc2ccccc21
rxnflow_clpp,greedy_oracle_static,218,218,267,1,-9.3,NC(CS)CNC(Cc1c[nH]c2ccccc12)C1=NC(C(=O)O)Cc2ccccc21,NC(CS)CNC(Cc1c[nH]c2ccccc12)C1=NC(CNCCc2c[nH]c3ccccc23)Cc2ccccc21
rxnflow_clpp,greedy_oracle_static,219,219,268,1,-8.6,NC(CS)CNC(Cc1c[nH]c2ccccc12)C1=NC(C(=O)O)Cc2ccccc21,NC(CS)CN1C(Cc2c[nH]c3ccccc23)C2=NC(C(=O)O)Cc3cccc(c32)C1c1c[nH]c2ccccc12
rxnflow_clpp,greedy_oracle_static,220,220,269,1,-8.5,NC(CS)CNC(Cc1c[nH]c2ccccc12)C1=NC(C(=O)O)Cc2ccccc21,NC(CS)CN(Cc1ccc(C(F)(F)F)cc1F)C(Cc1c[nH]c2ccccc12)C1=NC(C(=O)O)Cc2ccccc21
rxnflow_clpp,greedy_oracle_static,221,221,270,1,-8.1,NC(CS)CNC(Cc1c[nH]c2ccccc12)C1=NC(C(=O)O)Cc2ccccc21,N#Cc1cccc(Cn2cc(CC(NCC(N)CS)C3=NC(C(=O)O)Cc4ccccc43)c3ccccc32)c1
rxnflow_clpp,greedy_oracle_static,222,222,273,3,-10.2,Nc1nc(NC(CN2Cc3ccccc3CC2C(=O)O)c2ccccc2)cs1,O=C(O)C1Cc2ccccc2CN1CC(Nc1csc(NCc2c[nH]c3ccc(F)cc23)n1)c1ccccc1
rxnflow_clpp,greedy_oracle_static,223,223,274,1,-9.4,Nc1nc(NC(CN2Cc3ccccc3CC2C(=O)O)c2ccccc2)cs1,Nc1nc(NC(CN2Cc3ccccc3CC2C(=O)NCc2ccc(C(F)(F)F)cc2)c2ccccc2)cs1
rxnflow_clpp,greedy_oracle_static,224,224,275,1,-9.4,Nc1nc(NC(CN2Cc3ccccc3CC2C(=O)O)c2ccccc2)cs1,COc1ccc(CNC(=O)N(c2csc(N)n2)C(CN2Cc3ccccc3CC2C(=O)O)c2ccccc2)cc1
rxnflow_clpp,greedy_oracle_static,225,225,276,1,-9.1,Nc1nc(NC(CN2Cc3ccccc3CC2C(=O)O)c2ccccc2)cs1,Nc1nc(N(Cc2c[nH]c3ccccc23)C(CN2Cc3ccccc3CC2C(=O)O)c2ccccc2)cs1
rxnflow_clpp,greedy_oracle_static,226,226,277,1,-9.1,Nc1nc(NC(CN2Cc3ccccc3CC2C(=O)O)c2ccccc2)cs1,CC(NCC1Cc2ccccc2CN1CC(Nc1csc(N)n1)c1ccccc1)c1ccccc1
rxnflow_clpp,greedy_oracle_static,227,227,278,1,-9.0,Nc1nc(NC(CN2Cc3ccccc3CC2C(=O)O)c2ccccc2)cs1,Nc1nc(NC(CN2Cc3ccccc3CC2C2=NC(C(=O)O)Cc3c2[nH]c2ccccc32)c2ccccc2)cs1
rxnflow_clpp,greedy_oracle_static,228,228,279,1,-8.9,Nc1nc(NC(CN2Cc3ccccc3CC2C(=O)O)c2ccccc2)cs1,O=C(O)C1Cc2ccccc2CN1CC(Nc1csc(Nc2cnc3cccnn23)n1)c1ccccc1
rxnflow_clpp,greedy_oracle_static,229,229,280,1,-8.8,Nc1nc(NC(CN2Cc3ccccc3CC2C(=O)O)c2ccccc2)cs1,Nc1nc(N(c2cncc(C(F)(F)F)c2)C(CN2Cc3ccccc3CC2C(=O)O)c2ccccc2)cs1
rxnflow_clpp,greedy_oracle_static,230,230,281,1,-8.2,Nc1nc(NC(CN2Cc3ccccc3CC2C(=O)O)c2ccccc2)cs1,Nc1nc(N(C(CCl)c2ccc3c(c2)NC(=O)C3)C(CN2Cc3ccccc3CC2C(=O)O)c2ccccc2)cs1
rxnflow_clpp,greedy_oracle_static,231,231,282,1,-8.2,Nc1nc(NC(CN2Cc3ccccc3CC2C(=O)O)c2ccccc2)cs1,Nc1nc(NC(CN2Cc3ccccc3CC2C(=O)OCC(=O)c2ccc3c(c2)NC(=O)C3)c2ccccc2)cs1
rxnflow_clpp,greedy_oracle_static,232,232,285,3,-9.8,NC(CNC(C1=NC(C(=O)O)Cc2ccccc21)c1ccccc1)c1ccccc1,Nc1cc(F)ccc1OC(=O)C1Cc2ccccc2C(C(NCC(N)c2ccccc2)c2ccccc2)=N1
rxnflow_clpp,greedy_oracle_static,233,233,286,1,-9.7,NC(CNC(C1=NC(C(=O)O)Cc2ccccc21)c1ccccc1)c1ccccc1,NC(CNC(C1=NC(CNCc2c[nH]c3ccccc23)Cc2ccccc21)c1ccccc1)c1ccccc1
rxnflow_clpp,greedy_oracle_static,234,234,287,1,-9.5,NC(CNC(C1=NC(C(=O)O)Cc2ccccc21)c1ccccc1)c1ccccc1,NC(CNC(C1=NC(C2=NCCc3ccccc32)Cc2ccccc21)c1ccccc1)c1ccccc1
rxnflow_clpp,greedy_oracle_static,235,235,288,1,-9.2,NC(CNC(C1=NC(C(=O)O)Cc2ccccc21)c1ccccc1)c1ccccc1,O=C(NC(CNC(C1=NC(C(=O)O)Cc2ccccc21)c1ccccc1)c1ccccc1)c1ccc(F)c(C(F)(F)F)c1
rxnflow_clpp,greedy_oracle_static,236,236,289,1,-9.2,NC(CNC(C1=NC(C(=O)O)Cc2ccccc21)c1ccccc1)c1ccccc1,NC(CNC(C1=NC(CN2CCCC(=O)C2)Cc2ccccc21)c1ccccc1)c1ccccc1
rxnflow_clpp,greedy_oracle_static,237,237,290,1,-9.1,NC(CNC(C1=NC(C(=O)O)Cc2ccccc21)c1ccccc1)c1ccccc1,O=C(NCCc1c[nH]c2ccc(O)cc12)NC(CNC(C1=NC(C(=O)O)Cc2ccccc21)c1ccccc1)c1ccccc1
rxnflow_clpp,greedy_oracle_static,238,238,291,1,-9.1,NC(CNC(C1=NC(C(=O)O)Cc2ccccc21)c1ccccc1)c1ccccc1,NC(CN(CC1Cc2ccccc2CN1)C(C1=NC(C(=O)O)Cc2ccccc21)c1ccccc1)c1ccccc1
rxnflow_clpp,greedy_oracle_static,239,239,292,1,-9.0,NC(CNC(C1=NC(C(=O)O)Cc2ccccc21)c1ccccc1)c1ccccc1,NC(CN(c1ncc2[nH]ccc2n1)C(C1=NC(C(=O)O)Cc2ccccc21)c1ccccc1)c1ccccc1
rxnflow_clpp,greedy_oracle_static,240,240,293,1,-9.0,NC(CNC(C1=NC(C(=O)O)Cc2ccccc21)c1ccccc1)c1ccccc1,COc1ccc(C(F)(F)F)cc1C1c2cccc3c2C(=NC(C(=O)O)C3)C(c2ccccc2)N1CC(N)c1ccccc1
rxnflow_clpp,greedy_oracle_static,241,241,294,1,-8.9,NC(CNC(C1=NC(C(=O)O)Cc2ccccc21)c1ccccc1)c1ccccc1,NC(CN(C(=O)NC(Cc1c[nH]c2ccccc12)C(=O)O)C(C1=NC(C(=O)O)Cc2ccccc21)c1ccccc1)c1ccccc1
rxnflow_clpp,greedy_oracle_static,242,242,295,1,-8.8,NC(CNC(C1=NC(C(=O)O)Cc2ccccc21)c1ccccc1)c1ccccc1,NC(CNC(C1=NC(C(=O)Nc2ccnc3ccccc23)Cc2ccccc21)c1ccccc1)c1ccccc1
rxnflow_clpp,greedy_oracle_static,243,243,296,1,-8.6,NC(CNC(C1=NC(C(=O)O)Cc2ccccc21)c1ccccc1)c1ccccc1,O=C(O)C1Cc2ccccc2C(C(NCC(Nc2ccc3ccccc3n2)c2ccccc2)c2ccccc2)=N1
rxnflow_clpp,greedy_oracle_static,244,244,297,1,-8.5,NC(CNC(C1=NC(C(=O)O)Cc2ccccc21)c1ccccc1)c1ccccc1,NC(CN(C(=O)c1cc(C(F)(F)F)ccn1)C(C1=NC(C(=O)O)Cc2ccccc21)c1ccccc1)c1ccccc1
rxnflow_clpp,greedy_oracle_static,245,245,298,1,-8.2,NC(CNC(C1=NC(C(=O)O)Cc2ccccc21)c1ccccc1)c1ccccc1,CC(c1ccc(S(=O)(=O)F)cc1)N(CC(N)c1ccccc1)C(C1=NC(C(=O)O)Cc2ccccc21)c1ccccc1
rxnflow_clpp,greedy_oracle_static,246,246,301,3,-8.4,CC(O)C(NCC(N)CCCNC(=N)N)C1=NC(C(=O)O)Cc2ccccc21,CC(O)C(C1=NC(C(=O)O)Cc2ccccc21)N(CC(N)CCCNC(=N)N)C(=O)NCCc1ccccc1
rxnflow_clpp,greedy_oracle_static,247,247,302,1,-8.2,CC(O)C(NCC(N)CCCNC(=N)N)C1=NC(C(=O)O)Cc2ccccc21,CC(O)C(NCC(CCCNC(=N)N)NCc1ccccc1C(F)(F)F)C1=NC(C(=O)O)Cc2ccccc21
rxnflow_clpp,greedy_oracle_static,248,248,303,1,-8.1,CC(O)C(NCC(N)CCCNC(=N)N)C1=NC(C(=O)O)Cc2ccccc21,CC(O)C(NCC(N)CCCNC(=N)N)C1=NC(C(=O)NCc2ccccc2O)Cc2ccccc21
rxnflow_clpp,greedy_oracle_static,249,249,304,1,-8.1,CC(O)C(NCC(N)CCCNC(=N)N)C1=NC(C(=O)O)Cc2ccccc21,CC(OC(=O)c1cccc(F)c1F)C(NCC(N)CCCNC(=N)N)C1=NC(C(=O)O)Cc2ccccc21
rxnflow_clpp,greedy_oracle_static,250,250,307,3,-10.0,Nc1nc(NC2(C3=NC(C(=O)O)Cc4ccccc43)CCC2)nc2[nH]cnc12,Nc1nc(N(C(=O)Nc2cccc(C(F)(F)F)c2)C2(C3=NC(C(=O)O)Cc4ccccc43)CCC2)nc2[nH]cnc12
rxnflow_clpp,greedy_oracle_static,251,251,308,1,-9.9,Nc1nc(NC2(C3=NC(C(=O)O)Cc4ccccc43)CCC2)nc2[nH]cnc12,CC(NC(=O)C1Cc2ccccc2C(C2(Nc3nc(N)c4nc[nH]c4n3)CCC2)=N1)c1ccccc1
rxnflow_clpp,greedy_oracle_static,252,252,309,1,-9.7,Nc1nc(NC2(C3=NC(C(=O)O)Cc4ccccc43)CCC2)nc2[nH]cnc12,Nc1nc(NC2(C3=NC(c4nc5ccc(C(F)(F)F)cc5[nH]4)Cc4ccccc43)CCC2)nc2[nH]cnc12
rxnflow_clpp,greedy_oracle_static,253,253,310,1,-9.6,Nc1nc(NC2(C3=NC(C(=O)O)Cc4ccccc43)CCC2)nc2[nH]cnc12,O=C(O)C1Cc2ccccc2C(C2(Nc3nc(Nc4ccc5ccccc5n4)c4nc[nH]c4n3)CCC2)=N1
rxnflow_clpp,greedy_oracle_static,254,254,311,1,-9.6,Nc1nc(NC2(C3=NC(C(=O)O)Cc4ccccc43)CCC2)nc2[nH]cnc12,Nc1nc(N2C(c3ccc(C(F)(F)F)cc3F)c3cccc4c3C(=NC(C(=O)O)C4)C23CCC3)nc2[nH]cnc12
rxnflow_clpp,greedy_oracle_static,255,255,312,1,-9.3,Nc1nc(NC2(C3=NC(C(=O)O)Cc4ccccc43)CCC2)nc2[nH]cnc12,Nc1nc(NC2(C3=NC(CNCCc4c[nH]c5ccccc45)Cc4ccccc43)CCC2)nc2[nH]cnc12
rxnflow_clpp,greedy_oracle_static,256,256,313,1,-8.8,Nc1nc(NC2(C3=NC(C(=O)O)Cc4ccccc43)CCC2)nc2[nH]cnc12,Nc1nc(NC2(C3=NC(C(=O)O)Cc4ccccc43)CCC2)nc2c1ncn2Cc1ccccc1
rxnflow_clpp,greedy_oracle_static,257,257,314,1,-8.5,Nc1nc(NC2(C3=NC(C(=O)O)Cc4ccccc43)CCC2)nc2[nH]cnc12,N#Cc1ccc2[nH]cc(CN(c3nc(N)c4nc[nH]c4n3)C3(C4=NC(C(=O)O)Cc5ccccc54)CCC3)c2c1
rxnflow_clpp,greedy_oracle_static,258,258,317,3,-9.6,NC(Cc1cccs1)CN(Cc1c[nH]c2ccc(F)cc12)C(Cc1ccccc1)C(=O)O,NC(Cc1cccs1)CN(Cc1c[nH]c2ccc(F)cc12)C(Cc1ccccc1)C(=O)NCCc1ccc(O)cc1
rxnflow_clpp,greedy_oracle_static,259,259,318,1,-9.3,NC(Cc1cccs1)CN(Cc1c[nH]c2ccc(F)cc12)C(Cc1ccccc1)C(=O)O,O=C(O)C(Cc1ccccc1)N(Cc1c[nH]c2ccc(F)cc12)CC(Cc1cccs1)Nc1ccc2ccccc2n1
rxnflow_clpp,greedy_oracle_static,260,260,319,1,-8.9,NC(Cc1cccs1)CN(Cc1c[nH]c2ccc(F)cc12)C(Cc1ccccc1)C(=O)O,NC(Cc1cccs1)CN(Cc1c[nH]c2ccc(F)cc12)C(Cc1ccccc1)c1nc2ccc(C(F)(F)F)cc2[nH]1
rxnflow_clpp,greedy_oracle_static,261,261,320,1,-8.9,NC(Cc1cccs1)CN(Cc1c[nH]c2ccc(F)cc12)C(Cc1ccccc1)C(=O)O,NC(Cc1cccs1)CN(Cc1cn(CC(=O)c2ccc(F)cc2F)c2ccc(F)cc12)C(Cc1ccccc1)C(=O)O
rxnflow_clpp,greedy_oracle_static,262,262,323,3,-11.1,CC(NC(=O)NCCCNC(Cc1ccc(O)cc1)C(=O)O)c1ccccc1,CC(NC(=O)NCCCN1C(C(=O)O)Cc2ccc(O)cc2C1c1ccc(C(F)(F)F)cc1)c1ccccc1
rxnflow_clpp,greedy_oracle_static,263,263,324,1,-9.8,CC(NC(=O)NCCCNC(Cc1ccc(O)cc1)C(=O)O)c1ccccc1,CC(NC(=O)NCCCNC(Cc1ccc(O)cc1)c1nc2cc(F)ccc2o1)c1ccccc1
rxnflow_clpp,greedy_oracle_static,264,264,325,1,-9.6,CC(NC(=O)NCCCNC(Cc1ccc(O)cc1)C(=O)O)c1ccccc1,CC(NC(=O)NCCCNC(Cc1ccc(O)cc1)C1=NCCc2c1[nH]c1ccccc21)c1ccccc1
rxnflow_clpp,greedy_oracle_static,265,265,326,1,-9.4,CC(NC(=O)NCCCNC(Cc1ccc(O)cc1)C(=O)O)c1ccccc1,CC(NC(=O)NCCCN(c1ncc2[nH]ccc2n1)C(Cc1ccc(O)cc1)C(=O)O)c1ccccc1
rxnflow_clpp,greedy_oracle_static,266,266,327,1,-9.4,CC(NC(=O)NCCCNC(Cc1ccc(O)cc1)C(=O)O)c1ccccc1,CC(NC(=O)NCCCN(Cc1ccc(C(F)(F)F)cc1)C(Cc1ccc(O)cc1)C(=O)O)c1ccccc1
rxnflow_clpp,greedy_oracle_static,267,267,328,1,-9.4,CC(NC(=O)NCCCNC(Cc1ccc(O)cc1)C(=O)O)c1ccccc1,CC(NC(=O)NCCCNC(Cc1ccc(O)cc1)C(=O)Nc1cccnc1Br)c1ccccc1
rxnflow_clpp,greedy_oracle_static,268,268,329,1,-9.4,CC(NC(=O)NCCCNC(Cc1ccc(O)cc1)C(=O)O)c1ccccc1,CC(NC(=O)NCCCNC(Cc1ccc(O)cc1)CN1Cc2ccccc2CC1C(=O)O)c1ccccc1
rxnflow_clpp,greedy_oracle_static,269,269,330,1,-9.0,CC(NC(=O)NCCCNC(Cc1ccc(O)cc1)C(=O)O)c1ccccc1,CC(NC(=O)NCCCNC(Cc1ccc(O)cc1)C(=O)OCc1ccc(C#N)cc1F)c1ccccc1
rxnflow_clpp,greedy_oracle_static,270,270,331,1,-8.9,CC(NC(=O)NCCCNC(Cc1ccc(O)cc1)C(=O)O)c1ccccc1,CC(NC(=O)NCCCN(c1ccc([N+](=O)[O-])c2ncccc12)C(Cc1ccc(O)cc1)C(=O)O)c1ccccc1
rxnflow_clpp,greedy_oracle_static,271,271,332,1,-8.9,CC(NC(=O)NCCCNC(Cc1ccc(O)cc1)C(=O)O)c1ccccc1,CC(NC(=O)NCCCN(C(=O)NCc1c[nH]c2ccccc12)C(Cc1ccc(O)cc1)C(=O)O)c1ccccc1
rxnflow_clpp,greedy_oracle_static,272,272,333,1,-8.8,CC(NC(=O)NCCCNC(Cc1ccc(O)cc1)C(=O)O)c1ccccc1,CC(NC(=O)NCCCNC(Cc1ccc(O)cc1)C(=O)N1CCCC1C(F)(F)F)c1ccccc1
rxnflow_clpp,greedy_oracle_static,273,273,334,1,-8.7,CC(NC(=O)NCCCNC(Cc1ccc(O)cc1)C(=O)O)c1ccccc1,CC(NC(=O)NCCCNC(CNc1ccc(C(F)(F)F)cc1N)Cc1ccc(O)cc1)c1ccccc1
rxnflow_clpp,greedy_oracle_static,274,274,335,1,-8.4,CC(NC(=O)NCCCNC(Cc1ccc(O)cc1)C(=O)O)c1ccccc1,CC(N)C(=O)Oc1ccc(CC(NCCCNC(=O)NC(C)c2ccccc2)C(=O)O)cc1
rxnflow_clpp,greedy_oracle_static,275,275,336,1,-8.3,CC(NC(=O)NCCCNC(Cc1ccc(O)cc1)C(=O)O)c1ccccc1,CC(NC(=O)NCCCN(C(Cc1ccc(O)cc1)C(=O)O)C(CCl)c1ccc2c(c1)NC(=O)C2)c1ccccc1
rxnflow_clpp,greedy_oracle_static,276,276,337,1,-8.1,CC(NC(=O)NCCCNC(Cc1ccc(O)cc1)C(=O)O)c1ccccc1,CC(NC(=O)NCCCNC(Cc1ccc(O)cc1)C1=NC(C(=O)O)Cc2ccc([N+](=O)[O-])cc21)c1ccccc1
rxnflow_clpp,greedy_oracle_static,277,277,338,1,-8.0,CC(NC(=O)NCCCNC(Cc1ccc(O)cc1)C(=O)O)c1ccccc1,CC(NC(=O)NCCCN(C(Cc1ccc(O)cc1)C(=O)O)S(=O)(=O)c1cccc2ccccc12)c1ccccc1
rxnflow_clpp,greedy_oracle_static,278,278,341,3,-9.1,NCCN(c1nc(N)c2nc[nH]c2n1)C(C(=O)O)c1ccccc1,NCCN(c1nc(N)c2nc[nH]c2n1)C(c1ccccc1)c1nc2ccc(C(F)(F)F)cc2[nH]1
rxnflow_clpp,greedy_oracle_static,279,279,342,1,-8.9,NCCN(c1nc(N)c2nc[nH]c2n1)C(C(=O)O)c1ccccc1,CC(NC(=O)NCCN(c1nc(N)c2nc[nH]c2n1)C(C(=O)O)c1ccccc1)c1ccccc1
rxnflow_clpp,greedy_oracle_static,280,280,343,1,-8.8,NCCN(c1nc(N)c2nc[nH]c2n1)C(C(=O)O)c1ccccc1,NCCN(c1nc(N)c2ncn(Cc3ccccc3)c2n1)C(C(=O)O)c1ccccc1
rxnflow_clpp,greedy_oracle_static,281,281,344,1,-8.7,NCCN(c1nc(N)c2nc[nH]c2n1)C(C(=O)O)c1ccccc1,Cc1ccc(S(=O)(=O)F)cc1NC(=O)C(c1ccccc1)N(CCN)c1nc(N)c2nc[nH]c2n1
rxnflow_clpp,greedy_oracle_static,282,282,345,1,-8.6,NCCN(c1nc(N)c2nc[nH]c2n1)C(C(=O)O)c1ccccc1,NCCN(c1nc(N)c2nc[nH]c2n1)C(CNCCc1c[nH]c2ccccc12)c1ccccc1
rxnflow_clpp,greedy_oracle_static,283,283,346,1,-8.4,NCCN(c1nc(N)c2nc[nH]c2n1)C(C(=O)O)c1ccccc1,NCCN(c1nc(N)c2nc[nH]c2n1)C(C(=O)NCCc1c[nH]c2ccc(O)cc12)c1ccccc1
rxnflow_clpp,greedy_oracle_static,284,284,347,1,-8.0,NCCN(c1nc(N)c2nc[nH]c2n1)C(C(=O)O)c1ccccc1,NCCN(c1nc(N)c2nc[nH]c2n1)C(C(=O)OCC(=O)c1ccc(Cl)c(Cl)c1)c1ccccc1
rxnflow_clpp,greedy_oracle_static,285,285,350,3,-9.7,NC(CO)CN(CC1Cc2ccccc2CN1)C(C(=O)O)c1ccccc1,CC(NC(=O)NC(CO)CN(CC1Cc2ccccc2CN1)C(C(=O)O)c1ccccc1)c1ccccc1
rxnflow_clpp,greedy_oracle_static,286,286,351,1,-9.2,NC(CO)CN(CC1Cc2ccccc2CN1)C(C(=O)O)c1ccccc1,Cc1ccc(COCC(N)CN(CC2Cc3ccccc3CN2)C(C(=O)O)c2ccccc2)cc1F
rxnflow_clpp,greedy_oracle_static,287,287,352,1,-9.1,NC(CO)CN(CC1Cc2ccccc2CN1)C(C(=O)O)c1ccccc1,NC(CO)CN(CC1Cc2ccccc2CN1)C(C(=O)NCc1cccc(O)c1)c1ccccc1
rxnflow_clpp,greedy_oracle_static,288,288,353,1,-8.6,NC(CO)CN(CC1Cc2ccccc2CN1)C(C(=O)O)c1ccccc1,NC(CO)CN(CC1Cc2ccccc2CN1)C(CNCCc1ccc(O)cc1)c1ccccc1
rxnflow_clpp,greedy_oracle_static,289,289,354,1,-8.4,NC(CO)CN(CC1Cc2ccccc2CN1)C(C(=O)O)c1ccccc1,NC(CO)CN(CC1Cc2ccccc2CN1Cc1ccc(C(F)(F)F)cc1)C(C(=O)O)c1ccccc1
rxnflow_clpp,greedy_oracle_static,290,290,355,1,-8.2,NC(CO)CN(CC1Cc2ccccc2CN1)C(C(=O)O)c1ccccc1,NC(CO)CN(CC1Cc2ccccc2CN1)C(c1ccccc1)c1nc2cc(C(=O)O)ccc2o1
rxnflow_clpp,greedy_oracle_static,291,291,356,1,-8.1,NC(CO)CN(CC1Cc2ccccc2CN1)C(C(=O)O)c1ccccc1,NC(CO)CN(CC1Cc2ccccc2CN1c1ccc(S(=O)(=O)F)cn1)C(C(=O)O)c1ccccc1
rxnflow_clpp,greedy_oracle_static,292,292,357,1,-8.1,NC(CO)CN(CC1Cc2ccccc2CN1)C(C(=O)O)c1ccccc1,NC(CO)CN(CC1Cc2ccccc2CN1C(CCl)c1ccc2c(c1)NC(=O)C2)C(C(=O)O)c1ccccc1
rxnflow_clpp,greedy_oracle_static,293,293,358,1,-8.1,NC(CO)CN(CC1Cc2ccccc2CN1)C(C(=O)O)c1ccccc1,NC(CO)CN(CC1Cc2ccccc2CN1)C(C1=NCCc2c1[nH]c1ccccc21)c1ccccc1
rxnflow_clpp,greedy_oracle_static,294,294,359,1,-8.0,NC(CO)CN(CC1Cc2ccccc2CN1)C(C(=O)O)c1ccccc1,NC(CO)CN(CC1Cc2ccccc2CN1C(=O)Nc1cc(F)ccc1O)C(C(=O)O)c1ccccc1
rxnflow_clpp,greedy_oracle_static,295,295,362,3,-10.5,Nc1nc(N(CC(N)c2ccccc2)c2c(F)cccc2C(=O)O)nc2[nH]cnc12,Nc1nc(N(CC(N)c2ccccc2)c2c(F)cccc2C(=O)OCC(=O)c2ccc(Br)cc2)nc2[nH]cnc12
rxnflow_clpp,greedy_oracle_static,296,296,363,1,-9.8,Nc1nc(N(CC(N)c2ccccc2)c2c(F)cccc2C(=O)O)nc2[nH]cnc12,CC(NC(=O)Nc1nc(N(CC(N)c2ccccc2)c2c(F)cccc2C(=O)O)nc2[nH]cnc12)c1ccccc1
rxnflow_clpp,greedy_oracle_static,297,297,364,1,-9.4,Nc1nc(N(CC(N)c2ccccc2)c2c(F)cccc2C(=O)O)nc2[nH]cnc12,Nc1nc(N(CC(N)c2ccccc2)c2c(F)cccc2C(=O)O)nc2c1ncn2CC(=O)c1ccc(F)cc1F
rxnflow_clpp,greedy_oracle_static,298,298,365,1,-9.3,Nc1nc(N(CC(N)c2ccccc2)c2c(F)cccc2C(=O)O)nc2[nH]cnc12,Nc1nc(N(CC(N)c2ccccc2)c2c(F)cccc2CNCc2cccc(O)c2)nc2[nH]cnc12
rxnflow_clpp,greedy_oracle_static,299,299,366,1,-8.9,Nc1nc(N(CC(N)c2ccccc2)c2c(F)cccc2C(=O)O)nc2[nH]cnc12,Nc1nc(N(CC(N)c2ccccc2)c2c(F)cccc2C2=NC(C(=O)O)Cc3c2[nH]c2ccccc32)nc2[nH]cnc12
rxnflow_clpp,greedy_oracle_static,300,300,367,1,-8.4,Nc1nc(N(CC(N)c2ccccc2)c2c(F)cccc2C(=O)O)nc2[nH]cnc12,Nc1nc(N(CC(N)c2ccccc2)c2c(F)cccc2-c2nc3cc(F)ccc3o2)nc2[nH]cnc12
