tag,arm,step,cum_modes,cum_reactions,reactions_added,reward,source_hub,smiles
rxnflow_6td3,best_candidate,1,1,3,3,-6.29884,NC(Cc1ccc(O)cc1)C(=O)NC1(C2=NC(C(=O)O)Cc3ccccc32)CCC1,NC(Cc1ccc(O)cc1)C(=O)NC1(C2=NC(C3=NCCc4c3[nH]c3ccc(O)cc43)Cc3ccccc32)CCC1
rxnflow_6td3,best_candidate,2,2,6,3,-6.1197099999999995,Cc1cc(Nc2c(O)cccc2C(=O)NC(C(=O)O)C(C)O)cnc1N,Cc1cc(Nc2c(O)cccc2C(=O)NC(c2nc3cc(C(=O)O)ccc3o2)C(C)O)cnc1N
rxnflow_6td3,best_candidate,3,3,9,3,-5.744039999999999,NC1(C2=NC(c3nc4ccc(C(=O)O)cc4[nH]3)Cc3ccc([N+](=O)[O-])cc32)CCC1,NC1(C2=NC(c3nc4ccc(C(=O)Oc5ncccc5C(=O)O)cc4[nH]3)Cc3ccc([N+](=O)[O-])cc32)CCC1
rxnflow_6td3,best_candidate,4,4,12,3,-5.63378,Nc1cc(CNC2(C3=NC(C(=O)O)Cc4c3[nH]c3ccccc43)CCC2)ccc1O,Nc1cc(CNC2(C3=NC(C4=NC(C(=O)O)Cc5c4[nH]c4ccccc54)Cc4c3[nH]c3ccccc43)CCC2)ccc1O
rxnflow_6td3,best_candidate,5,5,15,3,-5.62261,Nc1c(F)cccc1C(=O)NC1(C(=O)NC(Cc2ccccc2)C(=O)O)CCC1,Nc1c(F)cccc1C(=O)NC1(C(=O)NC(Cc2ccccc2)C2=NCCc3c2[nH]c2ccc(O)cc32)CCC1
rxnflow_6td3,best_candidate,6,6,18,3,-5.533800000000001,COc1ccccc1CNc1cc(C(=O)N2CC(C(=O)O)C2)ccc1N,COc1ccccc1CNc1cc(C(=O)N2CC(C(=O)N3CCNCC3)C2)ccc1N
rxnflow_6td3,best_candidate,7,7,21,3,-5.378639999999999,Nc1cc(C(=O)Oc2cccc(C(=O)O)c2N)ccc1NCc1ccncc1,Nc1c(OC(=O)c2ccc(NCc3ccncc3)c(NC(=O)N3Cc4ccccc4CC3C(=O)O)c2)cccc1C(=O)O
rxnflow_6td3,best_candidate,8,8,24,3,-5.36363,CC(O)C(NCc1ccc(N)c(Nc2cc(F)ccc2O)c1)C(=O)O,CC(O)C(NCc1ccc(N)c(Nc2cc(F)ccc2O)c1)c1nc2ccc(C(=O)O)cc2[nH]1
rxnflow_6td3,best_candidate,9,9,27,3,-5.36274,NC(=O)CCC(CNC(C(=O)O)c1ccccc1)NC(=O)c1ccc(N)c(N)c1,NC(=O)CCC(CNC(C(=O)N1CCNCC1)c1ccccc1)NC(=O)c1ccc(N)c(N)c1
rxnflow_6td3,best_candidate,10,10,29,2,-5.28644,O=C(O)c1ccccc1NCC1CCNCC1,FC(F)(F)c1ccc2nc(-c3ccccc3NCC3CCNCC3)[nH]c2c1
rxnflow_6td3,best_candidate,11,11,32,3,-5.281769999999999,Nc1ccc(C(=O)NC(C(=O)Nc2cc(C(=O)O)ccc2O)c2ccccc2)cc1N,Nc1ccc(C(=O)NC(C(=O)Nc2cc(C3=NC(C(=O)O)Cc4c3[nH]c3ccccc43)ccc2O)c2ccccc2)cc1N
rxnflow_6td3,best_candidate,12,12,35,3,-5.27758,Nc1ccccc1CNC(Cc1ccccc1)C(=O)Nc1ccccc1C(=O)O,O=C(O)c1ccccc1NC(=O)C(Cc1ccccc1)NCc1ccccc1NS(=O)(=O)c1ccncc1
rxnflow_6td3,best_candidate,13,13,38,3,-5.26941,Nc1ccc(CNc2cccc(Nc3c(F)cccc3C(=O)O)c2O)cc1O,Nc1ccc(CNc2cccc(Nc3c(F)cccc3C3=NC(C(=O)O)Cc4c3[nH]c3ccccc43)c2O)cc1O
rxnflow_6td3,best_candidate,14,14,41,3,-5.269279999999999,Nc1cc(CNc2ccc(C(=O)O)cc2O)ccc1Nc1ccc(C(F)(F)F)cn1,Nc1cc(CNc2ccc(C(=O)N3Cc4ccccc4CC3C(=O)O)cc2O)ccc1Nc1ccc(C(F)(F)F)cn1
rxnflow_6td3,best_candidate,15,15,44,3,-5.241459999999999,Nc1cc(C(=O)OCc2ccc([N+](=O)[O-])c(F)c2)ccc1NCc1c[nH]c2ccc(F)cc12,O=C(Nc1cc(C(=O)OCc2ccc([N+](=O)[O-])c(F)c2)ccc1NCc1c[nH]c2ccc(F)cc12)NC(Cc1ccc([N+](=O)[O-])cc1)C(=O)O
rxnflow_6td3,best_candidate,16,16,47,3,-5.22674,Cc1cc(N(C(=O)Nc2ccc(C(=O)O)cc2N)c2ccncc2C=O)cnc1N,Cc1cc(N(C(=O)Nc2ccc(C(=O)O)cc2Nc2nc3ccccc3[nH]2)c2ccncc2C=O)cnc1N
rxnflow_6td3,best_candidate,17,17,50,3,-5.197509999999999,CCC(C)C(NCC(N)Cc1ccc(O)cc1)c1nc2ccc(C(=O)O)cc2[nH]1,CCC(C)C(NCC(Cc1ccc(O)cc1)Nc1ncc(Br)cc1C)c1nc2ccc(C(=O)O)cc2[nH]1
rxnflow_6td3,best_candidate,18,18,53,3,-5.18557,Nc1cc(C(F)(F)F)ccc1NC(=O)NC1(c2nc3ccc(C(=O)O)cc3o2)CCC1,NCc1cccc(OC(=O)c2ccc3nc(C4(NC(=O)Nc5ccc(C(F)(F)F)cc5N)CCC4)oc3c2)c1
rxnflow_6td3,best_candidate,19,19,56,3,-5.1508899999999995,Nc1ccc(CNc2c(F)cccc2C(=O)O)cc1NC1(C(=O)O)CCC1,Nc1ccc(CNc2c(F)cccc2-c2nc3ccc(C(F)(F)F)cc3[nH]2)cc1NC1(C(=O)O)CCC1
rxnflow_6td3,best_candidate,20,20,59,3,-5.141069999999999,NC(CNc1cc(C(=O)NC(CS)C(=O)O)ccc1O)Cc1c[nH]c2ccccc12,NC(CNc1cc(C(=O)NC(CS)C2=NC(C(=O)O)Cc3ccc(O)cc32)ccc1O)Cc1c[nH]c2ccccc12
rxnflow_6td3,best_candidate,21,21,62,3,-5.14053,Nc1cc(C(=O)O)ccc1NCc1ccc(Nc2cncc(C=O)c2)c(N)c1,Nc1cc(CNc2ccc(C(=O)O)cc2Nc2nc3ccccc3[nH]2)ccc1Nc1cncc(C=O)c1
rxnflow_6td3,best_candidate,22,22,65,3,-5.13048,Nc1c(F)cccc1C(=O)NCCc1nc2c(C(=O)O)cccc2o1,Nc1cc(C(=O)O)ccc1NCc1cccc2oc(CCNC(=O)c3cccc(F)c3N)nc12
rxnflow_6td3,best_candidate,23,23,68,3,-5.12905,NC(Cc1ccc(O)cc1)C(=O)NC(Cc1ccc([N+](=O)[O-])cc1)c1nc2ccc(C(=O)O)cc2o1,O=C(O)c1ccc2nc(C(Cc3ccc([N+](=O)[O-])cc3)NC(=O)C(Cc3ccc(O)cc3)NC(=O)N3CCCC(C(=O)O)C3)oc2c1
rxnflow_6td3,best_candidate,24,24,69,1,-5.12552,Nc1c(F)cccc1C(=O)NC1(C(=O)NC(Cc2ccccc2)C(=O)O)CCC1,Nc1c(F)cccc1C(=O)NC1(C(=O)NC(Cc2ccccc2)C(=O)OCc2ccc([N+](=O)[O-])c(F)c2)CCC1
rxnflow_6td3,best_candidate,25,25,72,3,-5.124969999999999,Nc1cc(C(=O)O)ccc1NC(=O)N(c1cc(F)ccc1O)c1nc(F)ccc1N,Nc1ccc(F)nc1N(C(=O)Nc1ccc(C(=O)O)cc1Nc1nc2ccccc2[nH]1)c1cc(F)ccc1O
rxnflow_6td3,best_candidate,26,26,75,3,-5.12119,NC(=O)CC(N)CNc1cccc(Nc2ccccc2C(=O)O)c1O,COc1ccc2nc(-c3ccccc3Nc3cccc(NCC(N)CC(N)=O)c3O)[nH]c2c1
rxnflow_6td3,best_candidate,27,27,78,3,-5.102920000000001,CCC(NC(=O)C(CC(C)C)NC(=O)c1cccc(O)c1N)C(=O)O,CCC(NC(=O)C(CC(C)C)NC(=O)c1cccc(O)c1Nc1cnc(N)c(C)c1)C(=O)O
rxnflow_6td3,best_candidate,28,28,81,3,-5.0891399999999996,Nc1cc(-c2nc3cc(F)c(F)cc3o2)ccc1NC(=O)C(N)Cc1ccccc1,NC(Cc1ccccc1)C(=O)Nc1ccc(-c2nc3cc(F)c(F)cc3o2)cc1NC(=O)NC(C(=O)O)c1ccccc1
rxnflow_6td3,best_candidate,29,29,84,3,-5.088620000000001,NC(Cc1ccc(OC(=O)c2ccc3nc(C4(N)CCC4)oc3c2)cc1)C(=O)O,NC(Cc1ccc(OC(=O)c2ccc3nc(C4(N)CCC4)oc3c2)cc1)C1=NC(C(=O)O)Cc2c1[nH]c1ccccc21
rxnflow_6td3,best_candidate,30,30,87,3,-5.057530000000001,Nc1ccc(C(=O)N2CCCC(O)C2)cc1NCCc1ccccc1,Nc1ccc(C(=O)N2CCCC(OCc3cccc(F)c3)C2)cc1NCCc1ccccc1
rxnflow_6td3,best_candidate,31,31,90,3,-5.0545100000000005,Nc1cc(NC(CNC(Cc2ccc(O)cc2)C(=O)O)Cc2ccc(O)cc2)n[nH]1,Nc1cc(NC(CNC(Cc2ccc(O)cc2)c2nc3ccc(C(=O)O)cc3[nH]2)Cc2ccc(O)cc2)n[nH]1
rxnflow_6td3,best_candidate,32,32,93,3,-5.05351,Nc1ccc(C(=O)Oc2ccc(C(=O)O)cc2N)cc1Nc1ccncc1C=O,Nc1cc(C(=O)O)ccc1OC(=O)c1ccc(N)c(N(c2ncc3[nH]ccc3n2)c2ccncc2C=O)c1
rxnflow_6td3,best_candidate,33,33,96,3,-5.04603,NC(CS)C1=NC(C2=NC(C(=O)O)Cc3ccccc32)Cc2ccccc21,O=C(O)C1Cc2ccccc2C(C2Cc3ccccc3C(C(CS)Nc3ccc([N+](=O)[O-])c4ccccc34)=N2)=N1
rxnflow_6td3,best_candidate,34,34,99,3,-5.03767,Nc1ccc(CNC(CO)C(=O)O)cc1NC1(C(=O)O)CCC1,Nc1ccc(CNC(CO)C2=NC(C(=O)O)Cc3c2[nH]c2ccccc32)cc1NC1(C(=O)O)CCC1
rxnflow_6td3,best_candidate,35,35,102,3,-5.034979999999999,Nc1cc(C(=O)NCc2c[nH]c3ccccc23)ccc1NCc1ccccc1,Nc1cc(C(F)(F)F)ccc1NC(=O)Nc1cc(C(=O)NCc2c[nH]c3ccccc23)ccc1NCc1ccccc1
rxnflow_6td3,best_candidate,36,36,105,3,-5.02889,Nc1cc(C(=O)Oc2ccc(C(=O)CCl)cc2O)ccc1Nc1cc(C=O)ccn1,Nc1cc(C(F)(F)F)ccc1NC(=O)Nc1cc(C(=O)Oc2ccc(C(=O)CCl)cc2O)ccc1Nc1cc(C=O)ccn1
rxnflow_6td3,best_candidate,37,37,108,3,-5.0105,Cc1cc(NC(Cc2c[nH]cn2)C(=O)Nc2ccc(C(F)(F)F)cc2N)cnc1N,Cc1cnc(Nc2cc(C(F)(F)F)ccc2NC(=O)C(Cc2c[nH]cn2)Nc2cnc(N)c(C)c2)cc1I
rxnflow_6td3,best_candidate,38,38,111,3,-5.00482,NC(CNc1cc(C(=O)O)ccc1NC(=O)N1CC(=O)C1)c1ccccc1,NC(CNc1cc(-c2nc3ccc(C(=O)O)cc3o2)ccc1NC(=O)N1CC(=O)C1)c1ccccc1
rxnflow_6td3,best_candidate,39,39,114,3,-4.995439999999999,Nc1ccc(C(=O)NC2(CNc3c(F)cccc3C(=O)O)CCC2)cc1N,Nc1ccc(C(=O)NC2(CNc3c(F)cccc3C3=NC(C(=O)O)Cc4c3[nH]c3ccccc43)CCC2)cc1N
rxnflow_6td3,best_candidate,40,40,117,3,-4.986440000000001,CC(C)CNc1cc(CNc2cc(C(=O)O)ccc2O)ccc1N,CC(C)CNc1cc(CNc2cc(C(=O)OC3CCCCC3N)ccc2O)ccc1N
rxnflow_6td3,best_candidate,41,41,120,3,-4.980200000000001,CC(C)CC(NCC(N)Cc1ccccc1)C(=O)NC(C(=O)O)c1ccccc1,CC(C)CC(NCC(N)Cc1ccccc1)C(=O)NC(C1=NC(C(=O)O)Cc2c1[nH]c1ccccc21)c1ccccc1
rxnflow_6td3,best_candidate,42,42,123,3,-4.97899,Nc1ccc(CNC(C(=O)O)c2ccccc2)cc1Nc1cc(F)ccc1O,Nc1ccc(CNC(C2=NC(C(=O)O)Cc3c2[nH]c2ccccc32)c2ccccc2)cc1Nc1cc(F)ccc1O
rxnflow_6td3,best_candidate,43,43,126,3,-4.978899999999999,Nc1ccc(C(=O)NC2(C3=NC(C(=O)O)Cc4ccccc43)CCC2)cc1N,Nc1ccc(C(=O)NC2(C3=NC(CNC(C(=O)O)c4ccccc4)Cc4ccccc43)CCC2)cc1N
rxnflow_6td3,best_candidate,44,44,129,3,-4.977989999999999,Nc1cc(CNc2cc(C(=O)O)ccc2O)ccc1Nc1nccc(C=O)c1F,Nc1cc(CNc2cc(C(=O)Nc3ccccc3C(=O)O)ccc2O)ccc1Nc1nccc(C=O)c1F
rxnflow_6td3,best_candidate,45,45,132,3,-4.97337,NC(Cc1c[nH]cn1)C(=O)NC(CNc1c(F)cccc1C(=O)O)c1ccccc1,NC(Cc1c[nH]cn1)C(=O)NC(CNc1c(F)cccc1C(=O)OCC(=O)c1ccccc1)c1ccccc1
rxnflow_6td3,best_candidate,46,46,135,3,-4.97235,Nc1cc(C(=O)NC(Cc2c[nH]c3ccccc23)C(=O)O)ccc1Nc1ccc(C(=O)O)c(F)c1F,O=C(Nc1cc(F)ccc1O)Nc1cc(C(=O)NC(Cc2c[nH]c3ccccc23)C(=O)O)ccc1Nc1ccc(C(=O)O)c(F)c1F
rxnflow_6td3,best_candidate,47,47,138,3,-4.96881,Nc1cc(C(=O)Oc2cccc(C(=O)O)c2N)ccc1Nc1ccccn1,Nc1cc(C(=O)Oc2cccc(C(=O)NCc3ccc(C(F)(F)F)cc3)c2N)ccc1Nc1ccccn1
rxnflow_6td3,best_candidate,48,48,141,3,-4.9665300000000006,Nc1cc(C(=O)O)ccc1NCc1ccc(N)c(Nc2cc(F)ccc2O)c1,Nc1ccc(CNc2ccc(C(=O)O)cc2NCc2cccc(O)c2N)cc1Nc1cc(F)ccc1O
rxnflow_6td3,best_candidate,49,49,144,3,-4.958710000000001,NC1(C(=O)Nc2ccc(C(=O)O)cc2NC(=O)Nc2ccc(C(F)(F)F)cc2)CCC1,Nc1cc(C(=O)O)ccc1NCc1ccc(NC(=O)C2(N)CCC2)c(NC(=O)Nc2ccc(C(F)(F)F)cc2)c1
rxnflow_6td3,best_candidate,50,50,147,3,-4.9417599999999995,NC(=O)CC(NC(=O)c1ccc(O)c(N)c1)C(=O)Nc1cc(C(=O)O)ccc1O,NC(=O)CC(NC(=O)c1ccc(O)c(N)c1)C(=O)Nc1cc(-c2nc3ccc(C(=O)O)cc3[nH]2)ccc1O
rxnflow_6td3,best_candidate,51,51,150,3,-4.936119999999999,NC(=O)CC(CNC(C(=O)O)c1ccccc1)NC(=O)c1ccc(O)c(N)c1,NC(=O)CC(CNC(C(=O)O)c1ccccc1)NC(=O)c1ccc(O)c(Nc2nc3ccccc3[nH]2)c1
rxnflow_6td3,best_candidate,52,52,153,3,-4.92183,Nc1cc(C(=O)Nc2c(F)cccc2C(=O)O)ccc1Nc1ccc([N+](=O)[O-])c2ncccc12,Nc1cc(C(=O)Nc2c(F)cccc2CNc2cccc(Br)c2C(=O)O)ccc1Nc1ccc([N+](=O)[O-])c2ncccc12
rxnflow_6td3,best_candidate,53,53,156,3,-4.919289999999998,O=Cc1c[nH]c2ccc(Nc3ccc(C(=O)O)cc3Nc3nc4ccccc4[nH]3)cc12,O=Cc1c[nH]c2ccc(Nc3ccc(C4=NC(C(=O)O)Cc5c4[nH]c4ccccc54)cc3Nc3nc4ccccc4[nH]3)cc12
rxnflow_6td3,best_candidate,54,54,159,3,-4.905759999999999,Nc1cc(C(=O)NC(Cc2c[nH]c3ccccc23)C(=O)O)ccc1Nc1ccc2[nH]cc(C=O)c2c1,Nc1cc(C(=O)NC(Cc2c[nH]c3ccccc23)C(=O)O)ccc1Nc1ccc2[nH]cc(CNC(CO)C(=O)O)c2c1
rxnflow_6td3,best_candidate,55,55,162,3,-4.904730000000001,O=C(Nc1cc(F)c(F)cc1O)Nc1cc(C(=O)O)ccc1NC(=O)N1CCCCC1,O=C(Nc1cc(F)c(F)cc1O)Nc1cc(CN2CC(O)CC2C(=O)O)ccc1NC(=O)N1CCCCC1
rxnflow_6td3,best_candidate,56,56,165,3,-4.89144,NC(Cc1cccs1)C(=O)Nc1c(O)cccc1C1=NC(C(=O)O)Cc2ccccc21,NC(Cc1cccs1)C(=O)Nc1c(O)cccc1C1=NC(C(=O)OCc2cccc(F)c2)Cc2ccccc21
rxnflow_6td3,best_candidate,57,57,168,3,-4.87926,Nc1cc(C(=O)O)ccc1NCc1ccc(O)c(NC(=O)C2(N)CCC2)c1,NC(CO)C(=O)Nc1cc(C(=O)O)ccc1NCc1ccc(O)c(NC(=O)C2(N)CCC2)c1
rxnflow_6td3,best_candidate,58,58,171,3,-4.8786000000000005,CC(C)CC(NC(=O)c1ccc(N)c(Nc2cc(F)ccc2O)c1)C(=O)O,CC(C)CC(NC(=O)c1ccc(N)c(Nc2cc(F)ccc2O)c1)C(=O)NC(Cc1ccc([N+](=O)[O-])cc1)C(=O)O
rxnflow_6td3,best_candidate,59,59,174,3,-4.875919999999999,NC(Cc1ccc(O)cc1)C(=O)Nc1ccc(C(=O)O)cc1NC(=O)c1ccc(F)c(F)c1F,NC(Cc1ccc(O)cc1)C(=O)Nc1ccc(C(=O)OCC(=O)c2ccc(O)cc2)cc1NC(=O)c1ccc(F)c(F)c1F
rxnflow_6td3,best_candidate,60,60,177,3,-4.87209,NC(Cc1ccc([N+](=O)[O-])cc1)C(=O)Nc1cc(C2=NC(C(=O)O)Cc3ccc(O)cc32)ccc1O,NC(Cc1ccc([N+](=O)[O-])cc1)C(=O)Nc1cc(C2=NC(C(=O)NC(CC3CCCCC3)C(=O)O)Cc3ccc(O)cc32)ccc1O
rxnflow_6td3,best_candidate,61,61,180,3,-4.871459999999999,O=Cc1c[nH]c2ccc(NC(Cc3c[nH]c4ccccc34)C(=O)N3CCCC(C(=O)O)C3)cc12,O=Cc1c[nH]c2ccc(NC(Cc3c[nH]c4ccccc34)C(=O)N3CCCC(C4=NC(C(=O)O)Cc5ccccc54)C3)cc12
rxnflow_6td3,best_candidate,62,62,183,3,-4.869809999999999,Nc1cc(CNc2cccc(NC3(C(=O)O)CCC3)c2O)ccc1O,O=C(O)C1(Nc2cccc(NCc3ccc(O)c(Nc4nc5ccccc5[nH]4)c3)c2O)CCC1
rxnflow_6td3,best_candidate,63,63,186,3,-4.865850000000001,Nc1ccc(C(=O)NC2(c3nc4cc(C(=O)O)ccc4o3)CCC2)cc1N,Nc1ccc(C(=O)NC2(c3nc4cc(-c5nc6c(C(=O)O)cccc6o5)ccc4o3)CCC2)cc1N
rxnflow_6td3,best_candidate,64,64,189,3,-4.860899999999999,Nc1cccc(NC(Cc2ccccc2)C(=O)NC(Cc2c[nH]c3ccccc23)C(=O)O)c1N,Nc1cccc(NC(Cc2ccccc2)C(=O)NC(Cc2c[nH]c3ccccc23)c2nc3cc(C(=O)O)ccc3o2)c1N
rxnflow_6td3,best_candidate,65,65,192,3,-4.85285,Nc1cc(C(=O)NC(CC(=O)Oc2ccccc2N)C(=O)O)ccc1O,Nc1cc(C(=O)NC(CC(=O)Oc2ccccc2N)C(=O)NCCc2c[nH]c3ccccc23)ccc1O
rxnflow_6td3,best_candidate,66,66,195,3,-4.851699999999999,CCC(C)C(CNC(C(=O)O)c1ccccc1)NC(=O)C(N)Cc1ccccc1,CCC(C)C(CNC(C(=O)O)c1ccccc1)NC(=O)C(Cc1ccccc1)NCc1ccc(N)c(N)c1
rxnflow_6td3,best_candidate,67,67,198,3,-4.84818,NC1(c2nc3c(C4=NC(C(=O)O)Cc5ccc([N+](=O)[O-])cc54)cccc3o2)CCC1,NC1(c2nc3c(C4=NC(CN5CCC(S(=O)(=O)F)CC5)Cc5ccc([N+](=O)[O-])cc54)cccc3o2)CCC1
rxnflow_6td3,best_candidate,68,68,201,3,-4.84752,Nc1c(O)cccc1CNc1ccc(F)nc1Nc1c(O)cccc1C(=O)O,O=C(O)c1cccc(O)c1Nc1nc(F)ccc1NCc1cccc(O)c1NC(=O)N1Cc2ccccc2CC1C(=O)O
rxnflow_6td3,best_candidate,69,69,204,3,-4.8368400000000005,CC(Nc1cc(-c2nc3ccc(C(=O)O)cc3[nH]2)ccc1N)c1ccccc1,CC(Nc1cc(-c2nc3ccc(C(=O)O)cc3[nH]2)ccc1NC(=O)Nc1ccc(Br)cc1O)c1ccccc1
rxnflow_6td3,best_candidate,70,70,207,3,-4.8353,NC(CS)C(=O)NCCCCC(N)c1nc2cc(C(=O)O)ccc2o1,NC(CS)C(=O)NCCCCC(N)c1nc2cc(-c3nc4c(C(=O)O)cccc4o3)ccc2o1
rxnflow_6td3,best_candidate,71,71,210,3,-4.83112,NC(CC(=O)Nc1ccccc1C(=O)NC(C(=O)O)c1ccccc1)C(=O)O,NC(CC(=O)Nc1ccccc1C(=O)NC(C(=O)NCc1ccccc1O)c1ccccc1)C(=O)O
rxnflow_6td3,best_candidate,72,72,213,3,-4.8291,Nc1cc(C(F)(F)F)ccc1Nc1cccc(N)c1C1=NC(C(=O)O)Cc2c1[nH]c1ccccc21,Nc1cccc(Nc2ccc(C(F)(F)F)cc2NC(=O)Nc2cccc(Br)c2C(=O)O)c1C1=NC(C(=O)O)Cc2c1[nH]c1ccccc21
rxnflow_6td3,best_candidate,73,73,216,3,-4.826199999999999,Nc1ccc(Nc2ccc(CNC(Cc3c[nH]c4ccccc34)C(=O)O)cc2N)cc1,Nc1ccc(Nc2ccc(CNC(Cc3c[nH]c4ccccc34)C(=O)OCCO)cc2N)cc1
rxnflow_6td3,best_candidate,74,74,219,3,-4.82187,CC(C)C(NCc1cccc(F)c1N)C(=O)Nc1ccc(C(=O)O)cc1N,CC(C)C(NCc1cccc(F)c1Nc1nc2ccccc2[nH]1)C(=O)Nc1ccc(C(=O)O)cc1N
rxnflow_6td3,best_candidate,75,75,222,3,-4.80868,NC(Cc1ccccc1)C(=O)Nc1cc(C(=O)O)ccc1NC(=O)N1CCCC(=O)C1,O=C1CCCN(C(=O)Nc2ccc(C(=O)O)cc2NC(=O)C(Cc2ccccc2)NCc2cccc(C(=O)O)c2)C1
rxnflow_6td3,best_candidate,76,76,225,3,-4.800509999999999,Nc1ccc(F)nc1NC(CNC(Cc1ccccc1)C(=O)O)Cc1c[nH]cn1,Nc1ccc(F)nc1NC(CNC(Cc1ccccc1)c1nc2ccc(C(=O)O)cc2[nH]1)Cc1c[nH]cn1
rxnflow_6td3,best_candidate,77,77,228,3,-4.800059999999999,Nc1cc(Nc2ccccc2C2=NC(C(=O)O)Cc3ccc(O)cc32)n[nH]1,Nc1cc(Nc2ccccc2C2=NC(C3=NC(C(=O)O)Cc4c3[nH]c3ccccc43)Cc3ccc(O)cc32)n[nH]1
rxnflow_6td3,best_candidate,78,78,231,3,-4.799310000000001,NC(CCC1=NCCc2ccc(S(N)(=O)=O)cc21)c1nc2ccc(C(=O)O)cc2o1,Cc1ccc(COC(=O)c2ccc3nc(C(N)CCC4=NCCc5ccc(S(N)(=O)=O)cc54)oc3c2)cc1F
rxnflow_6td3,best_candidate,79,79,234,3,-4.797699999999999,Nc1ccc(NC2(C(=O)NC(Cc3c[nH]c4ccccc34)C(=O)O)CCC2)cc1,O=C(O)C(Cc1c[nH]c2ccccc12)NC(=O)C1(Nc2ccc(Nc3nc4ccccc4[nH]3)cc2)CCC1
rxnflow_6td3,best_candidate,80,80,237,3,-4.7764299999999995,Nc1cc(CNc2ccccc2C(=O)O)ccc1NCc1ccncc1,Nc1cc(CNc2ccccc2C(=O)OCc2csc(Cl)n2)ccc1NCc1ccncc1
rxnflow_6td3,best_candidate,81,81,240,3,-4.772709999999999,NC(Cc1ccccc1)C(=O)Nc1c(F)cccc1CNc1ccccc1C(=O)O,COc1ccc(O)c(NC(=O)c2ccccc2NCc2cccc(F)c2NC(=O)C(N)Cc2ccccc2)c1
rxnflow_6td3,best_candidate,82,82,243,3,-4.7698,NC(C(=O)NC(Cc1ccc(O)cc1)c1nc2ccc(C(=O)O)cc2[nH]1)c1ccccc1,O=C(NC(Cc1ccccc1)C(=O)O)NC(C(=O)NC(Cc1ccc(O)cc1)c1nc2ccc(C(=O)O)cc2[nH]1)c1ccccc1
rxnflow_6td3,best_candidate,83,83,246,3,-4.76861,NCCc1c[nH]c2ccc(OC(=O)c3ccc(Nc4ccc(N)cc4)c(N)c3)cc12,Nc1ccc(Nc2ccc(C(=O)Oc3ccc4[nH]cc(CCNC(=O)N5CCC(S(=O)(=O)F)CC5)c4c3)cc2N)cc1
rxnflow_6td3,best_candidate,84,84,249,3,-4.763920000000001,NC1(C(=O)NC(CNC(C(=O)O)c2ccccc2)Cc2ccccc2)CCC1,O=C(O)C(NCC(Cc1ccccc1)NC(=O)C1(NC(=O)N2CCNCC2)CCC1)c1ccccc1
rxnflow_6td3,best_candidate,85,85,252,3,-4.76118,Nc1ccc(F)nc1NC(CNC(C(=O)O)c1ccccc1)Cc1c[nH]cn1,Nc1ccc(F)nc1NC(CNC(C1=NC(C(=O)O)Cc2c1[nH]c1ccccc21)c1ccccc1)Cc1c[nH]cn1
rxnflow_6td3,best_candidate,86,86,255,3,-4.757070000000001,Nc1cccc(Nc2cc(F)ccc2O)c1C1=NC(C(=O)O)Cc2ccccc21,O=Cc1cncc(Nc2cccc(Nc3cc(F)ccc3O)c2C2=NC(C(=O)O)Cc3ccccc32)c1
rxnflow_6td3,best_candidate,87,87,258,3,-4.75225,Nc1cc(C(=O)NC(C(=O)O)c2ccccc2)ccc1NC(=O)N1CCNCC1,CC(C)(C)c1ccc(C(=O)COC(=O)C(NC(=O)c2ccc(NC(=O)N3CCNCC3)c(N)c2)c2ccccc2)cc1
rxnflow_6td3,best_candidate,88,88,261,3,-4.73586,Nc1cc(C(F)(F)F)ccc1NC(=O)C(NC(=O)CC(N)C(=O)O)c1ccccc1,Nc1c(O)cccc1CNc1cc(C(F)(F)F)ccc1NC(=O)C(NC(=O)CC(N)C(=O)O)c1ccccc1
rxnflow_6td3,best_candidate,89,89,264,3,-4.73431,Nc1cc(C(=O)Oc2cccc(C(=O)O)c2N)ccc1NC(=O)N1CCC(=O)C1,NC(=O)CC(NC(=O)c1cccc(OC(=O)c2ccc(NC(=O)N3CCC(=O)C3)c(N)c2)c1N)C(=O)O
rxnflow_6td3,best_candidate,90,90,267,3,-4.733530000000001,Nc1cc(CNc2ccccc2C(=O)O)ccc1Nc1cccc(C=O)c1,Nc1cc(CNc2ccccc2C(=O)OCC(=O)c2ccc(F)cc2)ccc1Nc1cccc(C=O)c1
rxnflow_6td3,best_candidate,91,91,270,3,-4.731369999999999,NC(CC1CCCCC1)C(=O)Nc1cc(C(=O)NC(Cc2c[nH]c3ccccc23)C(=O)O)ccc1O,O=C(Nc1cc(Br)ccc1O)NC(CC1CCCCC1)C(=O)Nc1cc(C(=O)NC(Cc2c[nH]c3ccccc23)C(=O)O)ccc1O
rxnflow_6td3,best_candidate,92,92,273,3,-4.718309999999999,CCC(Nc1cccc(NCC(N)Cc2c[nH]c3ccccc23)c1N)C(=O)O,CCC(Nc1cccc(NCC(N)Cc2c[nH]c3ccccc23)c1N)C1=NCCc2c1[nH]c1ccccc21
rxnflow_6td3,best_candidate,93,93,276,3,-4.71177,O=C(Nc1cc(F)ccc1O)NC(CNC(CC1CCCCC1)C(=O)O)Cc1cccs1,O=C(Nc1cc(F)ccc1O)NC(CNC(CC1CCCCC1)C(=O)OCC(=O)c1ccc(O)c(O)c1)Cc1cccs1
rxnflow_6td3,best_candidate,94,94,279,3,-4.70939,Nc1c(F)cccc1CNC(CNc1cc(C(=O)O)ccc1O)Cc1ccccc1,Nc1ccc(CNc2c(F)cccc2CNC(CNc2cc(C(=O)O)ccc2O)Cc2ccccc2)cc1N
rxnflow_6td3,best_candidate,95,95,282,3,-4.70794,CC(C)CC(N)C(=O)NC(C(=O)NC(Cc1c[nH]c2ccccc12)C(=O)O)C(C)C,CC(C)CC(N)C(=O)NC(C(=O)NC(Cc1c[nH]c2ccccc12)C1=NCCc2c1[nH]c1ccccc21)C(C)C
rxnflow_6td3,best_candidate,96,96,285,3,-4.70223,CC(C)C(NC(=O)c1ccc(N)c(N)c1)C1=NC(C(=O)O)Cc2ccc(O)cc21,CC(C)C(NC(=O)c1ccc(N)c(N)c1)C1=NC(C2=NC(C(=O)O)Cc3ccccc32)Cc2ccc(O)cc21
rxnflow_6td3,best_candidate,97,97,288,3,-4.698759999999999,Nc1ccc(NC2(C3=NC(C(=O)O)Cc4ccc([N+](=O)[O-])cc43)CCC2)cc1O,CC(NC(=O)C1Cc2ccc([N+](=O)[O-])cc2C(C2(Nc3ccc(N)c(O)c3)CCC2)=N1)c1ccccc1
rxnflow_6td3,best_candidate,98,98,291,3,-4.696700000000001,Nc1cc(CNc2cccc(Br)c2C(=O)O)ccc1NC(=O)N1CCCCC1,Cc1ccnc(Br)c1NC(=O)Nc1cc(CNc2cccc(Br)c2C(=O)O)ccc1NC(=O)N1CCCCC1
rxnflow_6td3,best_candidate,99,99,294,3,-4.69538,Cc1cc(NC(CS)C(=O)O)cnc1NC(=O)c1cccc(O)c1N,Cc1cc(NC(CS)C(=O)O)cnc1NC(=O)c1cccc(O)c1Nc1nc2ccccc2[nH]1
rxnflow_6td3,best_candidate,100,100,297,3,-4.69089,Nc1cccc(NCc2ccc(O)cc2)c1-c1nc2c(C(=O)O)cccc2o1,Nc1cccc(NCc2ccc(O)cc2)c1-c1nc2c(CNc3nc(F)nc4[nH]cnc34)cccc2o1
rxnflow_6td3,best_candidate,101,101,300,3,-4.689220000000001,CC(C)CC(CNc1c(O)cccc1C(=O)O)NCC(N)Cc1ccccc1,CC(C)CC(CNc1c(O)cccc1C1=NCCc2c1[nH]c1ccccc21)NCC(N)Cc1ccccc1
rxnflow_6td3,best_candidate,102,102,303,3,-4.688219999999999,CC(C)CC(Nc1nc(F)ccc1N)C1=NC(C(=O)O)Cc2ccc([N+](=O)[O-])cc21,CC(C)CC(Nc1nc(F)ccc1N)C1=NC(C(=O)N2CCCC2C(=O)O)Cc2ccc([N+](=O)[O-])cc21
rxnflow_6td3,best_candidate,103,103,306,3,-4.686489999999999,CC(C)CC(NCc1ccc(O)c(N)c1)C(=O)NC(CC1CCCCC1)C(=O)O,CC(C)CC(NCc1ccc(O)c(N)c1)C(=O)NC(CC1CCCCC1)c1nc2ccc(C(=O)O)cc2[nH]1
rxnflow_6td3,best_candidate,104,104,309,3,-4.681690000000001,NC(Cc1ccc([N+](=O)[O-])cc1)C(=O)NC1(C(=O)Nc2cccc(Br)c2C(=O)O)CCC1,Cc1cccc(COC(=O)c2c(Br)cccc2NC(=O)C2(NC(=O)C(N)Cc3ccc([N+](=O)[O-])cc3)CCC2)c1C
rxnflow_6td3,best_candidate,105,105,312,3,-4.675619999999999,CC(C)CC(NC(=O)C(Cc1ccccc1)NC(=O)NC(C(=O)O)c1ccccc1)C(=O)O,CC(C)CC(NC(=O)C(Cc1ccccc1)NC(=O)NC(C(=O)O)c1ccccc1)C1=NCCc2c1[nH]c1ccc(O)cc21
rxnflow_6td3,best_candidate,106,106,315,3,-4.659579999999999,Nc1cc(C2=NCCc3c2[nH]c2ccc(O)cc32)ccc1Nc1cncc(C=O)c1,O=Cc1cncc(Nc2ccc(C3=NCCc4c3[nH]c3ccc(O)cc43)cc2NC(=O)NC(Cc2ccc(O)cc2)C(=O)O)c1
rxnflow_6td3,best_candidate,107,107,318,3,-4.654910000000001,CC(C)CC(NCC(NCc1cccc(O)c1N)C(C)C)C(=O)O,CC(C)CC(NCC(NCc1cccc(O)c1Nc1nc2ccccc2[nH]1)C(C)C)C(=O)O
rxnflow_6td3,best_candidate,108,108,321,3,-4.653100000000001,Nc1cc(C(=O)NC(C(=O)O)c2ccccc2)ccc1NC(=O)N1CCC(=O)C1,Nc1cc(C(=O)NC(C(=O)Oc2cc(Br)ccc2N)c2ccccc2)ccc1NC(=O)N1CCC(=O)C1
rxnflow_6td3,best_candidate,109,109,324,3,-4.65024,N#Cc1cc(N)cc(Nc2c(F)cccc2CNc2ccc(C(=O)O)cc2N)c1,N#Cc1cc(N)cc(Nc2c(F)cccc2CNc2ccc(-c3nc4cccc(Br)c4[nH]3)cc2N)c1
rxnflow_6td3,best_candidate,110,110,325,1,-4.64646,C#CCO,C#CCOCc1ccccc1C(=O)O
rxnflow_6td3,best_candidate,111,111,328,3,-4.6434999999999995,NCc1cccc(OC(=O)CCC(NC(=O)c2ccc(O)c(N)c2)C(=O)O)c1,Nc1cc(C(=O)NC(CCC(=O)Oc2cccc(CNc3nc4ccccc4[nH]3)c2)C(=O)O)ccc1O
rxnflow_6td3,best_candidate,112,112,331,3,-4.63925,Nc1c(O)cccc1CNc1cc(C(=O)O)ccc1Nc1nccc(C=O)c1F,Nc1c(O)cccc1CNc1cc(C(=O)NC(Cc2c[nH]c3ccccc23)C(=O)O)ccc1Nc1nccc(C=O)c1F
rxnflow_6td3,best_candidate,113,113,334,3,-4.63879,Cc1cc(NC(CC(N)=O)C(=O)O)cnc1NC(=O)C(N)C(C)C,Cc1cc(NC(CNCc2ccccc2)CC(N)=O)cnc1NC(=O)C(N)C(C)C
rxnflow_6td3,best_candidate,114,114,337,3,-4.63791,Cc1cc(NC(CC(=O)O)C(=O)O)cnc1NCc1ccc(O)c(N)c1,Cc1cc(NC(CC(=O)NCc2c[nH]c3ccccc23)C(=O)O)cnc1NCc1ccc(O)c(N)c1
rxnflow_6td3,best_candidate,115,115,340,3,-4.6361099999999995,Nc1cc(CNc2ccc(C(=O)O)cc2N)ccc1NCc1ccncc1,Nc1cc(C(=O)O)ccc1NCc1ccc(NCc2ccncc2)c(NC(=O)NC(C(=O)O)c2ccccc2)c1
rxnflow_6td3,best_candidate,116,116,343,3,-4.630989999999999,CC(C)C(NC(=O)c1ccc(O)c(N)c1)C(=O)NC(Cc1ccc(O)cc1)C(=O)O,CC(C)C(NC(=O)c1ccc(O)c(Nc2ccc(C(=O)CCl)cc2)c1)C(=O)NC(Cc1ccc(O)cc1)C(=O)O
rxnflow_6td3,best_candidate,117,117,346,3,-4.627019999999999,Nc1ccc(C(=O)Nc2ccc(CNc3cc(C(=O)O)ccc3O)cc2N)cc1O,CC(C)(C)c1ccc(C(=O)COC(=O)c2ccc(O)c(NCc3ccc(NC(=O)c4ccc(N)c(O)c4)c(N)c3)c2)cc1
rxnflow_6td3,best_candidate,118,118,349,3,-4.6197,Nc1cc(C(=O)NC2(C3=NC(C(=O)O)Cc4ccc(O)cc43)CCC2)ccc1O,O=C(NC1(C2=NC(C(=O)O)Cc3ccc(O)cc32)CCC1)c1ccc(O)c(NCc2ccc(F)cc2)c1
rxnflow_6td3,best_candidate,119,119,352,3,-4.611599999999999,NC(=O)CC(N)CNc1cccc(Nc2ccccc2C(=O)O)c1N,NC(=O)CC(CNc1cccc(Nc2ccccc2C(=O)O)c1N)NC(=O)Nc1ccc(C(F)(F)F)cc1N
rxnflow_6td3,best_candidate,120,120,355,3,-4.608999999999999,Nc1cccc(NC(CO)c2nc3cc(C(=O)O)ccc3o2)c1C(=O)O,Nc1cccc(NC(CO)c2nc3cc(C(=O)Nc4cc(C(=O)O)ccc4O)ccc3o2)c1C(=O)O
rxnflow_6td3,best_candidate,121,121,358,3,-4.604400000000001,NC(CO)C(=O)NC1(C(=O)NC(C(=O)O)c2ccccc2)CCC1,Cc1ncc(NC(CO)C(=O)NC2(C(=O)NC(C(=O)O)c3ccccc3)CCC2)[nH]1
rxnflow_6td3,best_candidate,122,122,361,3,-4.59896,O=C1CCN(C(=O)Nc2ccc(C(=O)O)cc2NC(=O)NCCc2c[nH]c3ccc(O)cc23)C1,O=C1CCN(C(=O)Nc2ccc(CNCc3ccc(C(F)(F)F)cc3)cc2NC(=O)NCCc2c[nH]c3ccc(O)cc23)C1
rxnflow_6td3,best_candidate,123,123,364,3,-4.595389999999999,Cc1ccc(S(=O)(=O)F)cc1NC(=O)C1(NC(=O)C(N)Cc2c[nH]c3ccccc23)CCC1,Cc1ccc(S(=O)(=O)F)cc1NC(=O)C1(NC(=O)C(Cc2c[nH]c3ccccc23)Nc2nc3ccccc3[nH]2)CCC1
rxnflow_6td3,best_candidate,124,124,367,3,-4.59139,O=C(Nc1ccccc1C(=O)O)NC(Cc1ccccc1)C1=NC(C(=O)O)Cc2ccc(O)cc21,NS(=O)(=O)c1ccc(CCNCc2ccccc2NC(=O)NC(Cc2ccccc2)C2=NC(C(=O)O)Cc3ccc(O)cc32)cc1
rxnflow_6td3,best_candidate,125,125,370,3,-4.58939,Cc1cc(Nc2nc(NC(Cc3ccccc3)C(=O)O)nc3[nH]cnc23)cnc1N,Cc1cc(Nc2nc(NC(Cc3ccccc3)C(=O)O)nc3[nH]cnc23)cnc1Nc1cc(Br)ccn1
rxnflow_6td3,best_candidate,126,126,373,3,-4.5839099999999995,Nc1cc(C2=NC(C(=O)O)Cc3ccc(O)cc32)ccc1NCc1c[nH]c2ccc(F)cc12,O=C(NCc1cccc(O)c1)Nc1cc(C2=NC(C(=O)O)Cc3ccc(O)cc32)ccc1NCc1c[nH]c2ccc(F)cc12
rxnflow_6td3,best_candidate,127,127,376,3,-4.58248,N=C(N)NCCCC(NC(=O)C1(N)CCC1)C(=O)NC(Cc1c[nH]c2ccccc12)C(=O)O,N=C(N)NCCCC(NC(=O)C1(NC(=O)N2CCCC(O)C2)CCC1)C(=O)NC(Cc1c[nH]c2ccccc12)C(=O)O
rxnflow_6td3,best_candidate,128,128,379,3,-4.58231,CC(C)(C)c1ccc(C(=O)COC(=O)c2cccc3oc(C4(N)CCC4)nc23)cc1,CC(C)(NC(=O)NC1(c2nc3c(C(=O)OCC(=O)c4ccc(C(C)(C)C)cc4)cccc3o2)CCC1)C(=O)O
rxnflow_6td3,best_candidate,129,129,382,3,-4.575060000000001,NC(CNC(CNc1cc(C(=O)O)ccc1O)Cc1c[nH]cn1)c1ccccc1,O=C(NC(CNC(CNc1cc(C(=O)O)ccc1O)Cc1c[nH]cn1)c1ccccc1)NC(C(=O)O)c1ccccc1
rxnflow_6td3,best_candidate,130,130,385,3,-4.572159999999999,NC(Cc1c[nH]cn1)C(=O)Nc1ccc(F)nc1Nc1ccccc1C(=O)O,NC(Cc1c[nH]cn1)C(=O)Nc1ccc(F)nc1Nc1ccccc1C(=O)N1Cc2ccccc2CC1C(=O)O
rxnflow_6td3,best_candidate,131,131,388,3,-4.56642,CCC(N)C(=O)Nc1cc(C(=O)O)ccc1Nc1ccccn1,CCC(NC(=O)C(C)N)C(=O)Nc1cc(C(=O)O)ccc1Nc1ccccn1
rxnflow_6td3,best_candidate,132,132,391,3,-4.56621,Nc1cc(C(=O)O)ccc1NCc1ccc(Nc2cc(C=O)ccn2)c(N)c1,Nc1cc(C(=O)Oc2ccc(CC(N)C(=O)O)cc2)ccc1NCc1ccc(Nc2cc(C=O)ccn2)c(N)c1
rxnflow_6td3,best_candidate,133,133,394,3,-4.5611299999999995,CC(C)CC(CNC(C(=O)O)c1ccccc1)NC(=O)NC(C(=O)O)c1ccccc1,COC(=O)c1cccc(CN(CC(CC(C)C)NC(=O)NC(C(=O)O)c2ccccc2)C(C(=O)O)c2ccccc2)c1
rxnflow_6td3,best_candidate,134,134,397,3,-4.5602,CCC(C)C(NC(=O)C(NC(=O)C(N)Cc1ccc(O)cc1)c1ccccc1)C(=O)O,CCC(C)C(NC(=O)C(NC(=O)C(N)Cc1ccc(O)cc1)c1ccccc1)c1nc2ccc(C#N)cc2[nH]1
rxnflow_6td3,best_candidate,135,135,400,3,-4.557080000000001,CC(C)CC(NC(=O)Nc1cc(C(=O)O)ccc1Nc1cncc(C=O)c1)C(=O)O,CC(C)CC(NC(=O)Nc1cc(C(=O)O)ccc1Nc1cncc(CNc2ccc(Br)cc2N)c1)C(=O)O
rxnflow_6td3,best_candidate,136,136,403,3,-4.555570000000001,Nc1ccc(F)nc1Nc1ccc(C(=O)O)cc1NCC(N)Cc1ccc(O)cc1,Nc1ccc(F)nc1Nc1ccc(C2=NC(C(=O)O)Cc3c2[nH]c2ccccc32)cc1NCC(N)Cc1ccc(O)cc1
rxnflow_6td3,best_candidate,137,137,406,3,-4.55537,CCC(C)C(CNC(CC1CCCCC1)C(=O)O)Nc1ccc(N)c(O)c1,CCC(C)C(CNC(CC1CCCCC1)c1nc2ccc(C(=O)O)cc2o1)Nc1ccc(N)c(O)c1
rxnflow_6td3,best_candidate,138,138,409,3,-4.552490000000001,Nc1cc(C(F)(F)F)ccc1NC(=O)C(Cc1ccc([N+](=O)[O-])cc1)NCC1(N)CCC1,Nc1cccnc1Nc1cc(C(F)(F)F)ccc1NC(=O)C(Cc1ccc([N+](=O)[O-])cc1)NCC1(N)CCC1
rxnflow_6td3,best_candidate,139,139,412,3,-4.55224,Nc1ccc(C(=O)O)cc1OC(=O)C(Cc1c[nH]c2ccccc12)NC(=O)C(N)Cc1ccc([N+](=O)[O-])cc1,Nc1ccc(C2=NC(C(=O)O)Cc3ccccc32)cc1OC(=O)C(Cc1c[nH]c2ccccc12)NC(=O)C(N)Cc1ccc([N+](=O)[O-])cc1
rxnflow_6td3,best_candidate,140,140,415,3,-4.5488100000000005,NC(=O)CC(N)C(=O)NC(CNC(C(=O)O)c1ccccc1)Cc1ccccc1,NC(=O)CC(N)C(=O)NC(CNC(c1ccccc1)c1nc2ccc(C(=O)O)cc2o1)Cc1ccccc1
rxnflow_6td3,best_candidate,141,141,418,3,-4.548629999999999,CC(C)(C)c1ccc(C(=O)COC(=O)C(NC(=O)C2(N)CCC2)c2ccccc2)cc1,CC(C)(C)c1ccc(C(=O)COC(=O)C(NC(=O)C2(NC(=O)NC(Cc3c[nH]cn3)C(=O)O)CCC2)c2ccccc2)cc1
rxnflow_6td3,best_candidate,142,142,421,3,-4.54804,CCC(C)C(N)C(=O)Nc1c(F)cccc1C(=O)OCc1ccc(C(=O)O)cc1,CCC(C)C(N)C(=O)Nc1c(F)cccc1C(=O)OCc1ccc(C(=O)Oc2ccc(C(=O)CCl)cc2O)cc1
rxnflow_6td3,best_candidate,143,143,424,3,-4.547420000000001,Nc1cc(C(=O)Nc2cc(C(=O)O)ccc2O)ccc1NC(=O)N1CCC(=O)C1,O=C1CCN(C(=O)Nc2ccc(C(=O)Nc3cc(C(=O)O)ccc3O)cc2Nc2nc3ccccc3[nH]2)C1
rxnflow_6td3,best_candidate,144,144,427,3,-4.545459999999999,CC(O)CNC(=O)NC(CCC(=O)NC(CO)C(=O)O)C(=O)O,CC(O)CNC(=O)NC(CCC(=O)NC(CO)C(=O)O)C1=NC(C(=O)O)Cc2ccccc21
rxnflow_6td3,best_candidate,145,145,430,3,-4.54233,NC(Cc1c[nH]cn1)C(=O)NC(CCC(=O)NC(Cc1ccc(O)cc1)C(=O)O)C(=O)O,O=C(CCC(NC(=O)C(Cc1c[nH]cn1)NC(=O)C1Cc2ccccc2CN1)C(=O)O)NC(Cc1ccc(O)cc1)C(=O)O
rxnflow_6td3,best_candidate,146,146,433,3,-4.5379700000000005,Nc1ccc(C(=O)NC(CNC(Cc2ccccc2)C(=O)O)CC2CCCCC2)cc1N,Nc1ccc(C(=O)NC(CNC(Cc2ccccc2)C2=NC(C(=O)O)Cc3ccc([N+](=O)[O-])cc32)CC2CCCCC2)cc1N
rxnflow_6td3,best_candidate,147,147,436,3,-4.536849999999999,CC(C)CC(NC(=O)c1ccc(NC(=O)CCC(N)C(=O)O)c(O)c1)C(=O)O,CC(C)CC(NC(=O)c1ccc(NC(=O)CCC(N)C(=O)NCCc2c[nH]c3ccccc23)c(O)c1)C(=O)O
rxnflow_6td3,best_candidate,148,148,439,3,-4.536269999999999,N#Cc1cc(NC(=O)NC(C(=O)O)c2ccccc2)cc(Nc2ccccc2C(=O)O)c1,COc1ccccc1CCNC(=O)C(NC(=O)Nc1cc(C#N)cc(Nc2ccccc2C(=O)O)c1)c1ccccc1
rxnflow_6td3,best_candidate,149,149,442,3,-4.5311,Nc1cc(C(=O)NC2(C(=O)Nc3cccc(Br)c3N)CCC2)ccc1O,CC(O)C(N)CNc1cc(C(=O)NC2(C(=O)Nc3cccc(Br)c3N)CCC2)ccc1O
rxnflow_6td3,best_candidate,150,150,445,3,-4.53108,Nc1cc(C(=O)O)ccc1NCc1cnccc1NCC(N)Cc1ccccc1,NC(CNc1ccncc1CNc1ccc(C(=O)O)cc1Nc1nc2ccccc2[nH]1)Cc1ccccc1
rxnflow_6td3,best_candidate,151,151,448,3,-4.52864,NC(CNc1cc(C(=O)O)ccc1NCc1c[nH]c2ccc(F)cc12)Cc1c[nH]c2ccccc12,N#Cc1ccc2nc(-c3ccc(NCc4c[nH]c5ccc(F)cc45)c(NCC(N)Cc4c[nH]c5ccccc45)c3)[nH]c2c1
rxnflow_6td3,best_candidate,152,152,451,3,-4.528499999999999,Nc1cc(CNc2c(F)cccc2C(=O)O)ccc1NCc1ncccc1C(F)(F)F,Nc1cc(C(F)(F)F)ccc1NCc1cccc(F)c1NCc1ccc(NCc2ncccc2C(F)(F)F)c(N)c1
rxnflow_6td3,best_candidate,153,153,454,3,-4.52453,NC(CNc1ccc(C(=O)O)cc1NCCc1ccccc1)c1ccccc1,NC(CNc1ccc(C2=NCCc3c2[nH]c2ccccc32)cc1NCCc1ccccc1)c1ccccc1
rxnflow_6td3,best_candidate,154,154,457,3,-4.523229999999999,N#Cc1cc(N)cc(Nc2ccc(C(=O)OCC(N)C(=O)O)cc2N)c1,N#Cc1cc(N)cc(Nc2ccc(C(=O)OCC(N)c3nc4ccc(C(=O)O)cc4[nH]3)cc2N)c1
rxnflow_6td3,best_candidate,155,155,460,3,-4.51895,Nc1cc(-c2nc3ccc(C(=O)O)cc3[nH]2)ccc1NC(=O)C(N)Cc1c[nH]cn1,COc1ccc(C(F)(F)F)cc1CNc1cc(-c2nc3ccc(C(=O)O)cc3[nH]2)ccc1NC(=O)C(N)Cc1c[nH]cn1
rxnflow_6td3,best_candidate,156,156,463,3,-4.515639999999999,Nc1cc(C(=O)Nc2c(F)cccc2C(=O)O)ccc1NCc1c[nH]c2ccc(F)cc12,O=C(Nc1c(F)cccc1C(=O)O)c1ccc(NCc2c[nH]c3ccc(F)cc23)c(Nc2nc3ccccc3[nH]2)c1
rxnflow_6td3,best_candidate,157,157,466,3,-4.51521,CCC(NC(=O)C(N)Cc1ccccc1)C1=NC(C(=O)O)Cc2ccc(O)cc21,CCC(NC(=O)C(N)Cc1ccccc1)C1=NC(C(=O)Nc2ccccc2-n2cccc2)Cc2ccc(O)cc21
rxnflow_6td3,best_candidate,158,158,469,3,-4.514010000000001,CCC(NC(=O)c1ccc(O)c(N)c1)C(=O)NC1(C(=O)O)CCC1,CCC(NC(=O)c1ccc(O)c(N)c1)C(=O)NC1(C(=O)Nc2ccc(C#N)cc2N)CCC1
rxnflow_6td3,best_candidate,159,159,472,3,-4.511489999999999,NC(CC(=O)NC1(C(=O)NC(Cc2c[nH]c3ccccc23)C(=O)O)CCC1)C(=O)O,NC(CC(=O)NC1(C(=O)NC(Cc2c[nH]c3ccccc23)C(=O)O)CCC1)C1=NC(C(=O)O)Cc2ccccc21
rxnflow_6td3,best_candidate,160,160,475,3,-4.510070000000001,Nc1cc(C(F)(F)F)ccc1NCc1ccc(NC(=O)N2CC(=O)C2)c(N)c1,Nc1cc(CNc2ccc(C(F)(F)F)cc2NC(=O)N2Cc3ccccc3CC2C(=O)O)ccc1NC(=O)N1CC(=O)C1
rxnflow_6td3,best_candidate,161,161,478,3,-4.50237,CCC(C)C(N)C(=O)NC(C1=NC(C(=O)O)Cc2ccccc21)C(C)CC,CCC(C)C(NS(=O)(=O)c1ccc(C(=O)O)cc1)C(=O)NC(C1=NC(C(=O)O)Cc2ccccc21)C(C)CC
rxnflow_6td3,best_candidate,162,162,481,3,-4.50236,Nc1cc(C2=NC(C(=O)O)Cc3ccccc32)ccc1NCc1cccnc1,O=C(Nc1cc(C2=NC(C(=O)O)Cc3ccccc32)ccc1NCc1cccnc1)NC(Cc1c[nH]c2ccccc12)C(=O)O
rxnflow_6td3,best_candidate,163,163,484,3,-4.501099999999999,NC1(C(=O)NC(c2ccccc2)c2nc3cc(C(=O)O)ccc3o2)CCC1,N#Cc1ccc(COC(=O)c2ccc3oc(C(NC(=O)C4(N)CCC4)c4ccccc4)nc3c2)c(F)c1
rxnflow_6td3,best_candidate,164,164,487,3,-4.500090000000001,NC(CC(=O)NC(Cc1ccccc1)C(=O)NC(CC1CCCCC1)C(=O)O)C(=O)O,O=C(CC(Nc1nc2ccccc2[nH]1)C(=O)O)NC(Cc1ccccc1)C(=O)NC(CC1CCCCC1)C(=O)O
rxnflow_6td3,best_candidate,165,165,490,3,-4.49368,CCC(C)C(NC(=O)C(N)CC1CCCCC1)c1nc2ccc(C(=O)O)cc2o1,CCC(C)C(NC(=O)C(CC1CCCCC1)NC(=O)Nc1ccc(Br)cc1)c1nc2ccc(C(=O)O)cc2o1
rxnflow_6td3,best_candidate,166,166,493,3,-4.4927399999999995,NC(CCNc1ccccc1CNc1ccc(C(=O)O)cc1O)C(=O)O,O=Cc1cnccc1NC(=O)NC(CCNc1ccccc1CNc1ccc(C(=O)O)cc1O)C(=O)O
rxnflow_6td3,best_candidate,167,167,496,3,-4.492389999999999,NC(=O)CC(NCC(N)CO)c1nc2cc(C(=O)O)ccc2o1,NC(=O)CC(NCC(N)CO)c1nc2cc(C3=NCCc4ccc(S(N)(=O)=O)cc43)ccc2o1
rxnflow_6td3,best_candidate,168,168,499,3,-4.4922699999999995,CC(C)C(Nc1ccc(O)c(N)c1)C(=O)NC(CO)C(=O)O,CC(C)C(Nc1ccc(O)c(N)c1)C(=O)NC(CO)c1nc2ccc(Br)cc2[nH]1
rxnflow_6td3,best_candidate,169,169,502,3,-4.490749999999999,Nc1cc(CNc2ccccc2C(=O)O)ccc1NC(=O)C1(N)CCC1,Nc1cc(CNc2ccccc2C(=O)OCC(=O)c2ccc3c(c2)NC(=O)C3)ccc1NC(=O)C1(N)CCC1
rxnflow_6td3,best_candidate,170,170,505,3,-4.486500000000001,Nc1cc(CNCCC(=O)O)ccc1NC(=O)c1ccc(F)cc1,Nc1cc(CNCCC2=NC(C(=O)O)Cc3c2[nH]c2ccccc32)ccc1NC(=O)c1ccc(F)cc1
rxnflow_6td3,best_candidate,171,171,508,3,-4.486260000000001,Nc1cc(CNC(CC2CCCCC2)C(=O)O)ccc1NC(=O)N1CCCCC1,O=C(Nc1cc(CNC(CC2CCCCC2)C(=O)O)ccc1NC(=O)N1CCCCC1)Nc1ccccc1C(=O)O
rxnflow_6td3,best_candidate,172,172,511,3,-4.4839,NC(CNc1cc(C(=O)O)ccc1Nc1nccc(C=O)c1F)Cc1c[nH]c2ccccc12,NC(CNc1cc(C2=NC(C(=O)O)Cc3ccc(O)cc32)ccc1Nc1nccc(C=O)c1F)Cc1c[nH]c2ccccc12
rxnflow_6td3,best_candidate,173,173,514,3,-4.476940000000001,CC(O)C(NC(=O)CC(NC(=O)Nc1ccc(Cl)c(Cl)c1)C(=O)O)C(=O)O,CC(O)C(NC(=O)CC(CNc1cc(C(=O)O)ccc1O)NC(=O)Nc1ccc(Cl)c(Cl)c1)C(=O)O
rxnflow_6td3,best_candidate,174,174,517,3,-4.465380000000001,Nc1cc(CNc2cc(C(=O)O)ccc2O)ccc1NC(=O)N1CCNCC1,CC(O)C(NCc1ccc(O)c(NCc2ccc(NC(=O)N3CCNCC3)c(N)c2)c1)C(=O)O
rxnflow_6td3,best_candidate,175,175,520,3,-4.462870000000001,CCC(C)C(N)C(=O)NCCCCC(N)C(=O)Nc1c(F)cccc1C(=O)O,CCC(C)C(N)C(=O)NCCCCC(N)C(=O)Nc1c(F)cccc1CNCc1cccc(OC)c1
rxnflow_6td3,best_candidate,176,176,523,3,-4.4609,CCC(NC(=O)C1(NCc2cccc(F)c2N)CCC1)C(=O)O,CCC(NC(=O)C1(NCc2cccc(F)c2NCC(N)Cc2ccc(O)cc2)CCC1)C(=O)O
rxnflow_6td3,best_candidate,177,177,526,3,-4.46066,CC(C)C(CNC(Cc1c[nH]c2ccccc12)C(=O)O)NC(=O)C(N)CCC(N)=O,CC(C)C(CNC(Cc1c[nH]c2ccccc12)C1=NC(C(=O)O)Cc2c1[nH]c1ccccc21)NC(=O)C(N)CCC(N)=O
rxnflow_6td3,best_candidate,178,178,529,3,-4.456519999999999,N#Cc1ccc2nc(C(CC3CCCCC3)NC(=O)C(N)Cc3ccccc3)[nH]c2c1,N#Cc1ccc2nc(C(CC3CCCCC3)NC(=O)C(Cc3ccccc3)NC(=O)N3CCCC(O)C3)[nH]c2c1
rxnflow_6td3,best_candidate,179,179,532,3,-4.456449999999999,Nc1cc(CNc2cc(C(=O)O)ccc2NCc2cccnc2)ccc1O,Nc1cc(CNc2cc(-c3nc4cc(C(=O)O)ccc4o3)ccc2NCc2cccnc2)ccc1O
rxnflow_6td3,best_candidate,180,180,535,3,-4.45436,CC(O)C(NC(=O)C(N)CCC(=O)NC(CC(N)=O)C(=O)O)C(=O)O,CC(NC(=O)C(CC(N)=O)NC(=O)CCC(N)C(=O)NC(C(=O)O)C(C)O)C(=O)O
rxnflow_6td3,best_candidate,181,181,538,3,-4.45019,NC(Cc1c[nH]cn1)C(=O)NC(CC(=O)O)C1=NC(C(=O)O)Cc2ccccc21,NC(Cc1c[nH]cn1)C(=O)NC(CC1=NCCc2c1[nH]c1ccccc21)C1=NC(C(=O)O)Cc2ccccc21
rxnflow_6td3,best_candidate,182,182,541,3,-4.44764,CCC(C)C(Nc1cccc(N)c1O)C(=O)NC(Cc1c[nH]c2ccccc12)C(=O)O,CCC(C)C(Nc1cccc(NC(=O)Nc2cccc3cc[nH]c23)c1O)C(=O)NC(Cc1c[nH]c2ccccc12)C(=O)O
rxnflow_6td3,best_candidate,183,183,544,3,-4.445320000000001,CC(C)C(NC(=O)C(N)Cc1c[nH]c2ccccc12)C(=O)NCCC(=O)O,CC(C)C(NC(=O)C(N)Cc1c[nH]c2ccccc12)C(=O)NCCc1nc2ccc(C(=O)O)cc2[nH]1
rxnflow_6td3,best_candidate,184,184,547,3,-4.43561,NC(CNC1(c2nc3ccc(C(=O)O)cc3o2)CCC1)Cc1ccc(O)cc1,CC(C)(C)c1ccc(C(=O)COC(=O)c2ccc3nc(C4(NCC(N)Cc5ccc(O)cc5)CCC4)oc3c2)cc1
rxnflow_6td3,best_candidate,185,185,550,3,-4.432980000000001,Nc1cc(C2=NC(C(=O)O)Cc3ccc(O)cc32)ccc1Nc1c(F)cccc1C(=O)O,Nc1cc(C2=NC(CNc3ccc(C(=O)O)cc3O)Cc3ccc(O)cc32)ccc1Nc1c(F)cccc1C(=O)O
rxnflow_6td3,best_candidate,186,186,553,3,-4.42986,Cc1cc(N(C(=O)NC(Cc2c[nH]c3ccccc23)C(=O)O)c2cc(F)c(F)cc2O)cnc1N,Cc1cc(N(C(=O)NC(Cc2c[nH]c3ccccc23)C(=O)O)c2cc(F)c(F)cc2O)cnc1NC(=O)Nc1cccc(Br)c1O
rxnflow_6td3,best_candidate,187,187,556,3,-4.42683,Nc1cc(CNC(Cc2ccccc2)C(=O)O)ccc1NC(=O)N1CCC(O)CC1,O=C(Nc1ccc(C(=O)O)cc1O)Nc1cc(CNC(Cc2ccccc2)C(=O)O)ccc1NC(=O)N1CCC(O)CC1
rxnflow_6td3,best_candidate,188,188,559,3,-4.4248,Nc1cc(C(=O)NC(Cc2c[nH]c3ccccc23)C(=O)O)ccc1NC(=O)Nc1ccccc1F,Nc1ccc(CNc2cc(C(=O)NC(Cc3c[nH]c4ccccc34)C(=O)O)ccc2NC(=O)Nc2ccccc2F)cc1N
rxnflow_6td3,best_candidate,189,189,562,3,-4.423229999999999,NC(CCCNC(Cc1ccc(O)cc1)C(=O)O)C1=NC(C(=O)O)Cc2ccccc21,O=C(O)C1CCCN(C(=O)NC(CCCNC(Cc2ccc(O)cc2)C(=O)O)C2=NC(C(=O)O)Cc3ccccc32)C1
rxnflow_6td3,best_candidate,190,190,565,3,-4.422409999999999,NC(CNC(CCC(=O)O)c1nc2c(C(=O)O)cccc2o1)c1ccccc1,NC(CNC(CCC1=NCCc2ccc(O)cc21)c1nc2c(C(=O)O)cccc2o1)c1ccccc1
rxnflow_6td3,best_candidate,191,191,568,3,-4.4219599999999994,NC(CCC(=O)NC(CC(=O)O)C(=O)O)c1nc2ccc(C(=O)O)cc2o1,NC(Cc1ccc(OC(=O)CC(NC(=O)CCC(N)c2nc3ccc(C(=O)O)cc3o2)C(=O)O)cc1)C(=O)O
rxnflow_6td3,best_candidate,192,192,571,3,-4.4187199999999995,NC(CCCCNc1ccnc(F)c1)c1nc2c(C(=O)O)cccc2o1,Cc1cccc(COC(=O)c2cccc3oc(C(N)CCCCNc4ccnc(F)c4)nc23)c1C
rxnflow_6td3,best_candidate,193,193,574,3,-4.41825,N#Cc1cc(N)cc(NC2(c3nc4ccc(C(=O)O)cc4o3)CCC2)c1,Cc1cccc(COC(=O)c2ccc3nc(C4(Nc5cc(N)cc(C#N)c5)CCC4)oc3c2)c1C
rxnflow_6td3,best_candidate,194,194,577,3,-4.41622,Nc1ccc(Nc2ccc(C(=O)Oc3ccc(CC(N)C(=O)O)cc3)cc2N)cc1,Nc1cc(C(=O)Oc2ccc(CC(N)C(=O)O)cc2)ccc1Nc1ccc(NC(=O)C(N)Cc2ccccc2)cc1
rxnflow_6td3,best_candidate,195,195,580,3,-4.413049999999999,NC1(CNC(Cc2c[nH]cn2)C(=O)NC(Cc2ccc([N+](=O)[O-])cc2)C(=O)O)CCC1,O=C(O)C(Cc1ccc([N+](=O)[O-])cc1)NC(=O)C(Cc1c[nH]cn1)NCC1(Nc2nc3ccccc3[nH]2)CCC1
rxnflow_6td3,best_candidate,196,196,583,3,-4.4049700000000005,Cc1c[nH]c(Nc2ccc(C(=O)O)cc2NC(=O)CN)n1,Cc1c[nH]c(Nc2ccc(C(=O)O)cc2NC(=O)CNC(=O)N2Cc3ccccc3CC2C(=O)O)n1
rxnflow_6td3,best_candidate,197,197,586,3,-4.404720000000001,Nc1cc(CNc2c(F)cccc2C(=O)O)ccc1NC(=O)N1CCCCC1,N#Cc1ccccc1COC(=O)c1cccc(F)c1NCc1ccc(NC(=O)N2CCCCC2)c(N)c1
rxnflow_6td3,best_candidate,198,198,589,3,-4.4013599999999995,Nc1cc(C(=O)Oc2cc(C(=O)O)ccc2N)ccc1NC(=O)N1CCC(=O)CC1,Nc1cc(C(=O)Oc2cc(C(=O)Oc3ccc(CC(N)C(=O)O)cc3)ccc2N)ccc1NC(=O)N1CCC(=O)CC1
rxnflow_6td3,best_candidate,199,199,592,3,-4.40118,Cc1cc(NC(CO)C(=O)O)cnc1NCc1ccccc1,Cc1cc(NC(CO)CNCCc2ccc(S(N)(=O)=O)cc2)cnc1NCc1ccccc1
rxnflow_6td3,best_candidate,200,200,595,3,-4.39983,Nc1n[nH]cc1NC1(CNC(Cc2ccccc2)C(=O)O)CCC1,O=C(Nc1n[nH]cc1NC1(CNC(Cc2ccccc2)C(=O)O)CCC1)NC(C(=O)O)c1ccccc1
rxnflow_6td3,best_candidate,201,201,598,3,-4.398680000000001,CC(C)CC(N)CNC(CO)c1nc2ccc(C(=O)O)cc2o1,CC(C)CC(CNC(CO)c1nc2ccc(C(=O)O)cc2o1)NCC(N)CC1CCCCC1
rxnflow_6td3,best_candidate,202,202,601,3,-4.393259999999999,Nc1cc(C2=NC(C(=O)O)Cc3ccc(O)cc32)ccc1NC(=O)C(N)Cc1ccccc1,NC(Cc1ccccc1)C(=O)Nc1ccc(C2=NC(C(=O)O)Cc3ccc(O)cc32)cc1NCc1cccc(C(=O)O)c1
rxnflow_6td3,best_candidate,203,203,604,3,-4.387840000000001,NC(CNc1n[nH]cc1Nc1cc(F)ccc1O)Cc1ccc(O)cc1,CSCCC(NC(=O)NC(CNc1n[nH]cc1Nc1cc(F)ccc1O)Cc1ccc(O)cc1)C(=O)O
rxnflow_6td3,best_candidate,204,204,607,3,-4.3863,NCCCC(Nc1nnnn1Cc1cccc(F)c1)c1nc2ccc(C(=O)O)cc2[nH]1,O=C(O)c1ccc2nc(C(CCCNC(=O)c3ccncc3)Nc3nnnn3Cc3cccc(F)c3)[nH]c2c1
rxnflow_6td3,best_candidate,205,205,610,3,-4.384810000000001,O=C(O)c1ccc(NCC2CNC2)c(Nc2cc(F)c(F)cc2O)c1,O=C(NC(Cc1ccccc1)C(=O)O)c1ccc(NCC2CNC2)c(Nc2cc(F)c(F)cc2O)c1
rxnflow_6td3,best_candidate,206,206,613,3,-4.3808300000000004,CCC(NC(=O)c1ccc(O)c(N)c1)c1nc2cc(C(=O)O)ccc2o1,CCC(NC(=O)c1ccc(O)c(Nc2nc3ccccc3[nH]2)c1)c1nc2cc(C(=O)O)ccc2o1
rxnflow_6td3,best_candidate,207,207,616,3,-4.375630000000001,NC(=O)CC(CNC(Cc1c[nH]c2ccccc12)C(=O)O)NC(=O)NC(CC(N)=O)C(=O)O,NC(=O)CC(CNC(Cc1c[nH]c2ccccc12)C1=NCCc2c1[nH]c1ccc(O)cc21)NC(=O)NC(CC(N)=O)C(=O)O
rxnflow_6td3,best_candidate,208,208,619,3,-4.3749,NC1(C(=O)Nc2ccc(C3=NC(C(=O)O)Cc4ccccc43)cc2O)CCC1,Nc1cc(C(=O)O)ccc1NC(=O)NC1(C(=O)Nc2ccc(C3=NC(C(=O)O)Cc4ccccc43)cc2O)CCC1
rxnflow_6td3,best_candidate,209,209,622,3,-4.371079999999999,Nc1c(F)cccc1CNc1cc(C(=O)O)ccc1NC(=O)C(N)c1ccccc1,Nc1cc(C(=O)O)ccc1OC(=O)c1ccc(NC(=O)C(N)c2ccccc2)c(NCc2cccc(F)c2N)c1
rxnflow_6td3,best_candidate,210,210,625,3,-4.3685599999999996,CC(C)CC(NC(=O)C(N)CC1CCCCC1)c1nc2ccc(C(F)(F)F)cc2[nH]1,CC(C)CC(NC(=O)C(CC1CCCCC1)NC(=O)NC(Cc1ccc(O)cc1)C(=O)O)c1nc2ccc(C(F)(F)F)cc2[nH]1
rxnflow_6td3,best_candidate,211,211,628,3,-4.362990000000001,NC(Cc1ccc(O)cc1)C(=O)Nc1c(F)cccc1C(=O)NC(CO)C(=O)O,O=C(NC(CO)C(=O)O)c1cccc(F)c1NC(=O)C(Cc1ccc(O)cc1)NCC1CCCNC1
rxnflow_6td3,best_candidate,212,212,631,3,-4.361619999999999,NC(Cc1ccc(O)cc1)C(=O)NC1(C(=O)NC(Cc2c[nH]c3ccccc23)C(=O)O)CCC1,N#Cc1cccc(COC(=O)C(Cc2c[nH]c3ccccc23)NC(=O)C2(NC(=O)C(N)Cc3ccc(O)cc3)CCC2)c1
rxnflow_6td3,best_candidate,213,213,634,3,-4.36111,NC(Cc1ccc(O)cc1)C(=O)Nc1cc(C(=O)O)ccc1NCc1ccncc1,COc1ccc2nc(-c3ccc(NCc4ccncc4)c(NC(=O)C(N)Cc4ccc(O)cc4)c3)[nH]c2c1
rxnflow_6td3,best_candidate,214,214,637,3,-4.36054,NC(Cc1ccccc1)C(=O)Nc1cc(C(=O)O)ccc1NC(=O)N1CCC(=O)CC1,NC(Cc1ccccc1)C(=O)Nc1cc(C(=O)NC(Cc2c[nH]c3ccccc23)C(=O)O)ccc1NC(=O)N1CCC(=O)CC1
rxnflow_6td3,best_candidate,215,215,640,3,-4.35918,NC(Cc1ccccc1)C(=O)NC(Cc1ccccc1)C(=O)N1CCCC1C(=O)O,NC(Cc1ccccc1)C(=O)NC(Cc1ccccc1)C(=O)N1CCCC1C1=NC(C(=O)O)Cc2ccc([N+](=O)[O-])cc21
rxnflow_6td3,best_candidate,216,216,643,3,-4.359000000000001,Nc1ccc(CNC2(C(=O)OCC(=O)c3ccc4c(c3)NC(=O)C4)CCC2)cc1N,Nc1cc(CNC2(C(=O)OCC(=O)c3ccc4c(c3)NC(=O)C4)CCC2)ccc1Nc1nc2ccccc2[nH]1
rxnflow_6td3,best_candidate,217,217,646,3,-4.3560799999999995,CC(O)C(Nc1nc(F)ccc1NC(=O)C(N)Cc1c[nH]c2ccccc12)C(=O)O,CC(O)C(CNC(C(=O)O)c1ccccc1)Nc1nc(F)ccc1NC(=O)C(N)Cc1c[nH]c2ccccc12
rxnflow_6td3,best_candidate,218,218,649,3,-4.3558,NC(=O)CCC(N)C(=O)NC(CCC(=O)Nc1c(F)cccc1C(=O)O)C(=O)O,Cc1cc(NC(CCC(N)=O)C(=O)NC(CCC(=O)Nc2c(F)cccc2C(=O)O)C(=O)O)cnc1N
rxnflow_6td3,best_candidate,219,219,652,3,-4.354669999999999,Nc1ccc(CNc2cc(C(=O)O)ccc2NCc2c[nH]c3ccc(F)cc23)cc1O,Nc1ccc(CNc2cc(C3=NC(C(=O)O)Cc4c3[nH]c3ccccc43)ccc2NCc2c[nH]c3ccc(F)cc23)cc1O
rxnflow_6td3,best_candidate,220,220,655,3,-4.3540399999999995,NC1(CNC(Cc2c[nH]c3ccccc23)C(=O)Nc2nc(F)nc3[nH]cnc23)CCC1,O=C1CCN(C(=O)NC2(CNC(Cc3c[nH]c4ccccc34)C(=O)Nc3nc(F)nc4[nH]cnc34)CCC2)C1
rxnflow_6td3,best_candidate,221,221,658,3,-4.35306,CCC(C)C(NC(=O)C(N)CCCCN)C(=O)Nc1cccc(Br)c1C(=O)O,CCC(C)C(NC(=O)C(N)CCCCN)C(=O)Nc1cccc(Br)c1C1=NCCc2c1[nH]c1ccc(O)cc21
rxnflow_6td3,best_candidate,222,222,661,3,-4.35267,Nc1c(OC(=O)C(N)CCCNC(=O)C(N)CO)cccc1C(=O)O,Cc1ccc(S(=O)(=O)F)cc1NCc1cccc(OC(=O)C(N)CCCNC(=O)C(N)CO)c1N
rxnflow_6td3,best_candidate,223,223,664,3,-4.35213,NC(Cc1ccc(O)cc1)C(=O)NC(C1=NC(C(=O)O)Cc2ccc([N+](=O)[O-])cc21)c1ccccc1,NC(Cc1ccc(O)cc1)C(=O)NC(C1=NC(C2=NC(C(=O)O)Cc3c2[nH]c2ccccc32)Cc2ccc([N+](=O)[O-])cc21)c1ccccc1
rxnflow_6td3,best_candidate,224,224,667,3,-4.349539999999999,Nc1cc(C(=O)NC(C(=O)O)c2ccccc2)ccc1NC(=O)N1CCCC(=O)C1,Nc1cc(C(=O)NC(CNCc2c[nH]c3ccccc23)c2ccccc2)ccc1NC(=O)N1CCCC(=O)C1
rxnflow_6td3,best_candidate,225,225,670,3,-4.34505,CSCCC(N)C(=O)NC(CCC(=O)O)C1=NC(C(=O)O)Cc2ccccc21,CSCCC(N)C(=O)NC(CCC(=O)OCc1ccc([N+](=O)[O-])c(F)c1)C1=NC(C(=O)O)Cc2ccccc21
rxnflow_6td3,best_candidate,226,226,671,1,-4.344379999999999,Nc1c(O)cccc1CNc1cc(C(=O)O)ccc1Nc1nccc(C=O)c1F,Nc1c(O)cccc1CNc1cc(C2=NC(C(=O)O)Cc3c2[nH]c2ccccc32)ccc1Nc1nccc(C=O)c1F
rxnflow_6td3,best_candidate,227,227,674,3,-4.3413699999999995,NC(CCCCNCc1c[nH]c2ccc(F)cc12)C1=NCCc2ccccc21,Nc1cc(C(=O)O)ccc1NC(=O)N(CCCCC(N)C1=NCCc2ccccc21)Cc1c[nH]c2ccc(F)cc12
rxnflow_6td3,best_candidate,228,228,677,3,-4.339980000000001,Nc1cc(C(=O)OC2CCCNC2)ccc1Nc1ccc(C(=O)O)cc1C(F)(F)F,O=C(O)c1ccc(Nc2ccc(C(=O)OC3CCCNC3)cc2Nc2nc3ccccc3[nH]2)c(C(F)(F)F)c1
rxnflow_6td3,best_candidate,229,229,680,3,-4.3397499999999996,Cc1c[nH]c(Nc2ccc(C(=O)O)cc2NC(=O)C(N)Cc2c[nH]c3ccccc23)n1,Cc1c[nH]c(Nc2ccc(C(=O)O)cc2NC(=O)C(Cc2c[nH]c3ccccc23)NC(=O)NC(CC(=O)O)C(=O)O)n1
rxnflow_6td3,best_candidate,230,230,683,3,-4.3329699999999995,Nc1c(O)cccc1CNc1n[nH]cc1NC(CO)C(=O)O,O=C(NCCc1c[nH]c2ccccc12)Nc1c(O)cccc1CNc1n[nH]cc1NC(CO)C(=O)O
rxnflow_6td3,best_candidate,231,231,686,3,-4.332330000000001,Nc1ccccc1C(=O)NC(CS)C(=O)Nc1cccc(Br)c1O,O=C(NCCc1c[nH]c2ccccc12)Nc1ccccc1C(=O)NC(CS)C(=O)Nc1cccc(Br)c1O
rxnflow_6td3,best_candidate,232,232,689,3,-4.33211,N#Cc1ccc2[nH]cc(CNc3ccc(C4=NC(C(=O)O)Cc5ccc(O)cc54)cc3N)c2c1,N#Cc1ccc2[nH]cc(CNc3ccc(C4=NC(C(=O)OCc5ccc([N+](=O)[O-])c(F)c5)Cc5ccc(O)cc54)cc3N)c2c1
rxnflow_6td3,best_candidate,233,233,692,3,-4.33148,NC(Cc1ccccc1)C(=O)NC1(CNC(Cc2ccccc2)C(=O)O)CCC1,NC(Cc1ccccc1)C(=O)NC1(CNC(Cc2ccccc2)C2=NCCc3ccc(S(N)(=O)=O)cc32)CCC1
rxnflow_6td3,best_candidate,234,234,695,3,-4.32961,Nc1cc(C(=O)NC(Cc2ccc(O)cc2)C(=O)O)ccc1NC(=O)N1CCCC1CO,N#Cc1ccc2oc(C(Cc3ccc(O)cc3)NC(=O)c3ccc(NC(=O)N4CCCC4CO)c(N)c3)nc2c1
rxnflow_6td3,best_candidate,235,235,698,3,-4.31958,NC(CCC(=O)NC(CNc1nc(F)nc2[nH]cnc12)Cc1ccc(O)cc1)C(=O)O,NC(CCC(=O)NC(CNc1nc(F)nc2[nH]cnc12)Cc1ccc(O)cc1)C1=NC(C(=O)O)Cc2c1[nH]c1ccccc21
rxnflow_6td3,best_candidate,236,236,701,3,-4.3195500000000004,NC(Cc1c[nH]cn1)C(=O)Nc1cc(C(=O)O)ccc1Nc1cccc(C(=O)O)n1,NC(Cc1c[nH]cn1)C(=O)Nc1cc(C2=NC(C(=O)O)Cc3ccccc32)ccc1Nc1cccc(C(=O)O)n1
rxnflow_6td3,best_candidate,237,237,704,3,-4.3183300000000004,Nc1cc(C(=O)O)ccc1NC(=O)NC(Cc1c[nH]cn1)C(=O)NC(Cc1c[nH]c2ccccc12)C(=O)O,O=C(Nc1ccc(C(=O)O)cc1Nc1nc2ccccc2[nH]1)NC(Cc1c[nH]cn1)C(=O)NC(Cc1c[nH]c2ccccc12)C(=O)O
rxnflow_6td3,best_candidate,238,238,707,3,-4.317939999999999,NC(Cc1c[nH]cn1)C(=O)NC1(C(=O)NC(Cc2c[nH]c3ccccc23)C(=O)O)CCC1,O=C(Nc1cccc(Br)c1C(=O)O)NC(Cc1c[nH]cn1)C(=O)NC1(C(=O)NC(Cc2c[nH]c3ccccc23)C(=O)O)CCC1
rxnflow_6td3,best_candidate,239,239,710,3,-4.31745,NC(CNC1(C(=O)NC(C(=O)O)c2ccccc2)CCC1)Cc1c[nH]c2ccccc12,N#Cc1ccc(COC(=O)C(NC(=O)C2(NCC(N)Cc3c[nH]c4ccccc34)CCC2)c2ccccc2)c(F)c1
rxnflow_6td3,best_candidate,240,240,713,3,-4.31742,CC(C)C(NC(=O)C(N)Cc1c[nH]cn1)C(=O)Nc1c(F)cccc1C(=O)O,CC(C)C(NC(=O)C(Cc1c[nH]cn1)NC(=O)Nc1ccc(C(F)(F)F)cc1N)C(=O)Nc1c(F)cccc1C(=O)O
rxnflow_6td3,best_candidate,241,241,716,3,-4.317119999999999,Nc1cc(-c2nc3ccc(C(=O)O)cc3[nH]2)ccc1NC(=O)C1(N)CCC1,Nc1cc(C(=O)O)ccc1NC(=O)Nc1cc(-c2nc3ccc(C(=O)O)cc3[nH]2)ccc1NC(=O)C1(N)CCC1
rxnflow_6td3,best_candidate,242,242,719,3,-4.315360000000001,Nc1ccc(C(=O)OCc2ccccc2C(=O)O)cc1NC1(C(=O)O)CCC1,Nc1ccc(C(=O)OCc2ccccc2C(=O)OCc2cccc(F)c2)cc1NC1(C(=O)O)CCC1
rxnflow_6td3,best_candidate,243,243,722,3,-4.315,NC(Cc1ccccc1)C(=O)NC(CC1CCCCC1)C(=O)N1Cc2ccccc2CC1C(=O)O,NC(Cc1ccccc1)C(=O)NC(CC1CCCCC1)C(=O)N1Cc2ccccc2CC1CNCCc1ccc(O)cc1
rxnflow_6td3,best_candidate,244,244,725,3,-4.31415,CCC(NC(=O)C(N)Cc1ccc([N+](=O)[O-])cc1)C(=O)NC(Cc1c[nH]c2ccccc12)C(=O)O,CCC(NC(=O)C(N)Cc1ccc([N+](=O)[O-])cc1)C(=O)NC(Cc1c[nH]c2ccccc12)C(=O)Nc1cccc(Br)c1N
rxnflow_6td3,best_candidate,245,245,728,3,-4.312360000000001,N#Cc1cc(NCC(N)Cc2ccc([N+](=O)[O-])cc2)cc(NC(Cc2c[nH]cn2)C(=O)O)c1,N#Cc1cc(NCC(Cc2ccc([N+](=O)[O-])cc2)Nc2ccc(O)c(N)c2)cc(NC(Cc2c[nH]cn2)C(=O)O)c1
rxnflow_6td3,best_candidate,246,246,731,3,-4.309710000000001,NC(CCCCNCc1c[nH]c2ccc(F)cc12)CNc1c(F)cccc1C(=O)O,NS(=O)(=O)c1ccc(CCNC(=O)NC(CCCCNCc2c[nH]c3ccc(F)cc23)CNc2c(F)cccc2C(=O)O)cc1
rxnflow_6td3,best_candidate,247,247,734,3,-4.308409999999999,Nc1cc(C(=O)Nc2c(F)cccc2C(=O)O)ccc1NC(=O)N1CC(=O)C1,Nc1cc(C(=O)Nc2c(F)cccc2C(=O)Nc2cc(Br)ccc2O)ccc1NC(=O)N1CC(=O)C1
rxnflow_6td3,best_candidate,248,248,737,3,-4.301099999999999,CCC(N)C(=O)Nc1ccc(C(=O)N2CCCC2C(=O)O)cc1N,CCC(N)C(=O)Nc1ccc(C(=O)N2CCCC2C(=O)OCc2cccc(F)c2)cc1N
rxnflow_6td3,best_candidate,249,249,740,3,-4.300579999999999,NC(CCCNC(=O)Nc1cccc(C(F)(F)F)c1)C1=NC(C(=O)O)Cc2ccc(O)cc21,O=C(NCCCC(NC(=O)NCCc1ccncc1)C1=NC(C(=O)O)Cc2ccc(O)cc21)Nc1cccc(C(F)(F)F)c1
rxnflow_6td3,best_candidate,250,250,743,3,-4.29908,NCCCCC(Nc1nnnn1CC1CCCCC1)c1nc2ccc(C(F)(F)F)cc2[nH]1,NCCCCC(c1nc2ccc(C(F)(F)F)cc2[nH]1)N(C(=O)NC(C(=O)O)c1ccccc1)c1nnnn1CC1CCCCC1
rxnflow_6td3,best_candidate,251,251,746,3,-4.29522,O=C(Nc1cc(F)c(F)cc1O)NC1(C(=O)Nc2ccc(C(=O)O)cc2O)CCC1,CC(C)(C)c1ccc(C(=O)COC(=O)c2ccc(NC(=O)C3(NC(=O)Nc4cc(F)c(F)cc4O)CCC3)c(O)c2)cc1
rxnflow_6td3,best_candidate,252,252,749,3,-4.294779999999999,N=C(N)NCCCC(N)C(=O)Nc1cc(C(=O)O)ccc1NCc1cccnc1,N=C(N)NCCCC(N)C(=O)Nc1cc(CNc2cccc3cc[nH]c23)ccc1NCc1cccnc1
rxnflow_6td3,best_candidate,253,253,752,3,-4.29455,CC(C)CC(NCC(N)Cc1c[nH]c2ccccc12)C(=O)NC(Cc1ccc(O)cc1)C(=O)O,CC(C)CC(NCC(Cc1c[nH]c2ccccc12)NCC(N)Cc1ccc(O)cc1)C(=O)NC(Cc1ccc(O)cc1)C(=O)O
rxnflow_6td3,best_candidate,254,254,755,3,-4.29384,NC(=O)CC(NC(=O)C(CO)NC(=O)C(N)Cc1ccccc1)C(=O)O,NC(=O)CC(CNC(CCC(=O)O)C(=O)O)NC(=O)C(CO)NC(=O)C(N)Cc1ccccc1
rxnflow_6td3,best_candidate,255,255,758,3,-4.29294,NC(Cc1c[nH]cn1)C(=O)NC(CC1CCCCC1)C(=O)Nc1c(F)cccc1C(=O)O,NC(Cc1c[nH]cn1)C(=O)NC(CC1CCCCC1)C(=O)Nc1c(F)cccc1C1=NC(C(=O)O)Cc2c1[nH]c1ccccc21
rxnflow_6td3,best_candidate,256,256,761,3,-4.29258,Nc1cc(CNc2cc(C(=O)O)ccc2O)ccc1NC(=O)N1CCCCC1,Nc1cc(CNc2cc(C(=O)OCc3ccc(C(=O)O)cc3)ccc2O)ccc1NC(=O)N1CCCCC1
rxnflow_6td3,best_candidate,257,257,764,3,-4.2924999999999995,Nc1cccc(Nc2ccncc2C=O)c1C1=NC(C(=O)O)Cc2ccccc21,Nc1cccc(Nc2ccncc2C=O)c1C1=NC(C(=O)N2CCCC2C(=O)O)Cc2ccccc21
rxnflow_6td3,best_candidate,258,258,767,3,-4.288209999999999,NC1(C(=O)NC(CCC(=O)O)c2nc3c(C(=O)O)cccc3o2)CCC1,NC1(C(=O)NC(CCC2=NC(C(=O)O)Cc3ccccc32)c2nc3c(C(=O)O)cccc3o2)CCC1
rxnflow_6td3,best_candidate,259,259,770,3,-4.287449999999999,CC(O)C(NC(=O)C1(N)CCC1)C(=O)NC(Cc1ccc(O)cc1)C(=O)O,CC(O)C(NC(=O)C1(NC(=O)Nc2ccc(Br)cc2O)CCC1)C(=O)NC(Cc1ccc(O)cc1)C(=O)O
rxnflow_6td3,best_candidate,260,260,773,3,-4.28041,NC(=O)CCC(N)C1=NC(c2nc3cc(C(=O)O)ccc3o2)Cc2ccc([N+](=O)[O-])cc21,CC(C)(C)c1ccc(C(=O)COC(=O)c2ccc3oc(C4Cc5ccc([N+](=O)[O-])cc5C(C(N)CCC(N)=O)=N4)nc3c2)cc1
rxnflow_6td3,best_candidate,261,261,776,3,-4.27889,NC(Cc1cn(CC(=O)c2ccc(F)cc2F)cn1)c1nc2ccc(C(=O)O)cc2[nH]1,NC(Cc1cn(CC(=O)c2ccc(F)cc2F)cn1)c1nc2ccc(-c3nc4cc(C(=O)O)ccc4o3)cc2[nH]1
rxnflow_6td3,best_candidate,262,262,779,3,-4.27814,NC(CO)C(=O)NC1(C(=O)NC(Cc2ccc(O)cc2)C(=O)O)CCC1,Cc1ccnc(Br)c1NC(=O)NC(CO)C(=O)NC1(C(=O)NC(Cc2ccc(O)cc2)C(=O)O)CCC1
rxnflow_6td3,best_candidate,263,263,782,3,-4.276599999999999,Nc1cccc(Nc2ccc(C(=O)O)cc2Nc2ccncc2C=O)c1O,Nc1cccc(Nc2ccc(C(=O)O)cc2Nc2ccncc2CNc2cccc(Br)c2C(=O)O)c1O
rxnflow_6td3,best_candidate,264,264,785,3,-4.275410000000001,Nc1ccc(F)nc1NC1(C(=O)NCCCCC(N)C(=O)O)CCC1,Nc1ccc(F)nc1NC1(C(=O)NCCCCC(N)C(=O)OCC(=O)c2ccccc2)CCC1
rxnflow_6td3,best_candidate,265,265,788,3,-4.272069999999999,Nc1cc(Nc2ccc(C(=O)NC(Cc3ccccc3)C(=O)O)cc2O)n[nH]1,O=C(NC(Cc1ccccc1)C(=O)O)c1ccc(Nc2cc(Nc3nc4ccccc4[nH]3)[nH]n2)c(O)c1
rxnflow_6td3,best_candidate,266,266,791,3,-4.271439999999999,NC(=O)CC(N)C(=O)Nc1c(O)cccc1-c1nc2c(C(=O)O)cccc2o1,NC(=O)CC(NC(=O)Nc1cccc(Br)c1O)C(=O)Nc1c(O)cccc1-c1nc2c(C(=O)O)cccc2o1
rxnflow_6td3,best_candidate,267,267,794,3,-4.27115,Nc1c(O)cccc1C(=O)NC(Cc1ccc(O)cc1)C(=O)OCc1ccc(C(=O)O)cc1,NC(CNc1c(O)cccc1C(=O)NC(Cc1ccc(O)cc1)C(=O)OCc1ccc(C(=O)O)cc1)Cc1ccccc1
rxnflow_6td3,best_candidate,268,268,797,3,-4.26943,Nc1ccc(C(=O)NCCCCC(N)C(=O)NC(Cc2ccccc2)C(=O)O)cc1O,NC(CCCCNC(=O)c1ccc(NC(=O)Nc2cccc(Br)c2O)c(O)c1)C(=O)NC(Cc1ccccc1)C(=O)O
rxnflow_6td3,best_candidate,269,269,800,3,-4.268070000000001,NC(Cc1c[nH]cn1)C(=O)NC1(C(=O)NC(Cc2ccc(O)cc2)C(=O)O)CCC1,NC(Cc1c[nH]cn1)C(=O)NC1(C(=O)NC(Cc2ccc(O)cc2)C2=NC(C(=O)O)Cc3c2[nH]c2ccccc32)CCC1
rxnflow_6td3,best_candidate,270,270,803,3,-4.265829999999999,Cc1cc(NC(CCC(=O)O)C(=O)O)cnc1NC(=O)NC(C)c1ccccc1,Cc1cc(NC(CCC(=O)NCc2c[nH]c3ccccc23)C(=O)O)cnc1NC(=O)NC(C)c1ccccc1
rxnflow_6td3,best_candidate,271,271,806,3,-4.265280000000001,O=C(O)C(Cc1c[nH]c2ccccc12)NC(=O)N(Cc1ccc(F)c(C(F)(F)F)c1)C(Cc1ccccc1)C(=O)O,O=C(O)C(Cc1ccccc1)N(Cc1ccc(F)c(C(F)(F)F)c1)C(=O)N1C(C(=O)O)Cc2c([nH]c3ccccc23)C1c1cc(C(F)(F)F)ccc1Br
rxnflow_6td3,best_candidate,272,272,809,3,-4.262100000000001,N#Cc1cc(NC(=O)NCC(=O)O)cc(NC(Cc2ccccc2)C(=O)O)c1,N#Cc1cc(NC(=O)NCC2=NC(C(=O)O)Cc3ccc(O)cc32)cc(NC(Cc2ccccc2)C(=O)O)c1
rxnflow_6td3,best_candidate,273,273,812,3,-4.2620700000000005,CC(C)CC(N)C(=O)Nc1cc(Nc2cc(C(=O)O)ccc2O)ccc1O,CC(C)CC(N)C(=O)Nc1cc(Nc2cc(C(=O)NC(Cc3ccc([N+](=O)[O-])cc3)C(=O)O)ccc2O)ccc1O
rxnflow_6td3,best_candidate,274,274,815,3,-4.26171,Nc1cccc(Br)c1CNc1cccc(NC2(C(=O)O)CCC2)c1N,Nc1cccc(Br)c1CNc1cccc(NC2(C(=O)OCC(=O)c3ccc(F)cc3F)CCC2)c1N
rxnflow_6td3,best_candidate,275,275,818,3,-4.26075,NC1(C(=O)NC(CC(=O)NCCc2ccc(S(N)(=O)=O)cc2)C(=O)O)CCC1,NS(=O)(=O)c1ccc(CCNC(=O)CC(NC(=O)C2(NC(=O)Nc3cccc(Br)c3C(=O)O)CCC2)C(=O)O)cc1
rxnflow_6td3,best_candidate,276,276,821,3,-4.25876,Nc1ccncc1CNc1ccc(C(=O)Nc2ccccc2C(=O)O)cc1N,Nc1cc(C(=O)Nc2ccccc2C(=O)O)ccc1NCc1cnccc1NCc1ccc(F)cc1
rxnflow_6td3,best_candidate,277,277,824,3,-4.258519999999999,NC(Cc1ccc(O)cc1)C(=O)NC1(C(=O)NC(Cc2c[nH]cn2)C(=O)O)CCC1,NC(CCCNC(=O)NC(Cc1ccc(O)cc1)C(=O)NC1(C(=O)NC(Cc2c[nH]cn2)C(=O)O)CCC1)C(=O)O
rxnflow_6td3,best_candidate,278,278,827,3,-4.25777,CCC(CNc1c(F)cccc1C(=O)O)NC(=O)C1(N)CCC1,CCC(CNc1c(F)cccc1C(=O)O)NC(=O)C1(NC(=O)C(N)C(C)C)CCC1
rxnflow_6td3,best_candidate,279,279,830,3,-4.2573300000000005,NC(Cc1c[nH]cn1)C(=O)NC(Cc1ccc([N+](=O)[O-])cc1)C(=O)Nc1ccc(C(=O)O)cc1Br,O=C(O)c1ccc(NC(=O)C(Cc2ccc([N+](=O)[O-])cc2)NC(=O)C(Cc2c[nH]cn2)Nc2nc3ccccc3[nH]2)c(Br)c1
rxnflow_6td3,best_candidate,280,280,833,3,-4.25714,CC(C)(C)c1ccc(C(=O)COC(=O)C2(Nc3cccc(N)c3C(=O)O)CCC2)cc1,CC(C)(C)c1ccc(C(=O)COC(=O)C2(Nc3cccc(N)c3C(=O)OCC(=O)c3ccc(O)c(O)c3)CCC2)cc1
rxnflow_6td3,best_candidate,281,281,836,3,-4.25711,NC(CCC(=O)NC(CNc1cc(C(=O)O)ccc1O)c1ccccc1)C(=O)O,NC(CCC(=O)NC(CNc1cc(C(=O)O)ccc1O)c1ccccc1)C1=NC(C(=O)O)Cc2ccccc21
rxnflow_6td3,best_candidate,282,282,839,3,-4.256780000000001,CC(C)C(NC(=O)C(N)Cc1c[nH]cn1)C1=NC(C(=O)O)Cc2ccc([N+](=O)[O-])cc21,CC(C)C(NC(=O)C(N)Cc1c[nH]cn1)C1=NC(CNc2ccnc3ccccc23)Cc2ccc([N+](=O)[O-])cc21
rxnflow_6td3,best_candidate,283,283,842,3,-4.25629,Nc1ccc(Nc2ccc(C(=O)NC(CC3CCCCC3)C(=O)O)cc2N)cc1N,Nc1ccc(Nc2ccc(C(=O)NC(CC3CCCCC3)c3nc4ccc(C(=O)O)cc4[nH]3)cc2N)cc1N
rxnflow_6td3,best_candidate,284,284,845,3,-4.25625,Nc1cccc(Nc2ccc(C(=O)O)cc2NCC(N)Cc2ccc(O)cc2)c1C(=O)O,NC(CNc1cc(C(=O)O)ccc1Nc1cccc(NCC(N)Cc2ccccc2)c1C(=O)O)Cc1ccc(O)cc1
rxnflow_6td3,best_candidate,285,285,848,3,-4.2516099999999994,NC(CCC(=O)NC(CNC(Cc1ccccc1)C(=O)O)Cc1c[nH]cn1)C(=O)O,O=C(CCC(NC(=O)N1CCCC1C(F)(F)F)C(=O)O)NC(CNC(Cc1ccccc1)C(=O)O)Cc1c[nH]cn1
rxnflow_6td3,best_candidate,286,286,851,3,-4.24883,CC(C)C(NC(=O)c1ccc(N)c(N)c1)C(=O)NC(CC(=O)O)C(=O)O,CC(C)C(NC(=O)c1ccc(N)c(N)c1)C(=O)NC(CC(=O)O)C1=NCCc2ccc(S(N)(=O)=O)cc21
rxnflow_6td3,best_candidate,287,287,854,3,-4.246759999999999,Nc1cc(CN2Cc3ccccc3CC2C(=O)O)ccc1NS(=O)(=O)c1ccncc1,NC(CNc1cc(CN2Cc3ccccc3CC2C(=O)O)ccc1NS(=O)(=O)c1ccncc1)Cc1ccc(O)cc1
rxnflow_6td3,best_candidate,288,288,857,3,-4.244979999999999,Nc1ccccc1C(=O)NC(CC1CCCCC1)C(=O)N1CCCC(C(=O)O)C1,O=C(NC(CC1CCCCC1)C(=O)N1CCCC(C(=O)O)C1)c1ccccc1Nc1nc2ccccc2[nH]1
rxnflow_6td3,best_candidate,289,289,860,3,-4.243990000000001,NC(CCCNC(=O)Nc1ccccc1F)CNc1ccccc1C(=O)O,NC(CCCNC(=O)Nc1ccccc1F)CNc1ccccc1C1=NC(C(=O)O)Cc2c1[nH]c1ccccc21
rxnflow_6td3,best_candidate,290,290,863,3,-4.243729999999999,CC(O)C(N)CNc1n[nH]cc1NC1(C(=O)O)CCC1,CC(O)C(CNc1n[nH]cc1NC1(C(=O)O)CCC1)NC(=O)C(N)CC1CCCCC1
rxnflow_6td3,best_candidate,291,291,866,3,-4.24131,Nc1cccc(NC2(c3nc4c(C(=O)O)cccc4o3)CCC2)c1O,Nc1cccc(NC2(c3nc4c(C5=NCCc6ccccc65)cccc4o3)CCC2)c1O
rxnflow_6td3,best_candidate,292,292,869,3,-4.2381400000000005,NC(CNC(CC(=O)O)C1=NC(C(=O)O)Cc2ccc([N+](=O)[O-])cc21)Cc1ccc(O)cc1,Cc1ccc(S(=O)(=O)F)cc1NCCC(NCC(N)Cc1ccc(O)cc1)C1=NC(C(=O)O)Cc2ccc([N+](=O)[O-])cc21
rxnflow_6td3,best_candidate,293,293,872,3,-4.229430000000001,NC(=O)CC(N)C(=O)Nc1cc(C(=O)Oc2cc(C(=O)O)ccc2N)ccc1O,NC(=O)CC(Nc1nc2ccccc2[nH]1)C(=O)Nc1cc(C(=O)Oc2cc(C(=O)O)ccc2N)ccc1O
rxnflow_6td3,best_candidate,294,294,875,3,-4.22775,Cc1cc(Nc2cc(CNc3cccc(Br)c3C(=O)O)ccc2O)cnc1N,Cc1cc(Nc2cc(CNc3cccc(Br)c3C(=O)O)ccc2O)cnc1NC(=O)NC(Cc1ccccc1)C(=O)O
rxnflow_6td3,best_candidate,295,295,878,3,-4.22703,Nc1cc(C(=O)O)ccc1NCCCNC(=O)c1cccc(O)c1N,Nc1c(O)cccc1C(=O)NCCCNc1ccc(C(=O)O)cc1NC(=O)NC(C(=O)O)c1ccccc1
rxnflow_6td3,best_candidate,296,296,881,3,-4.22692,Cc1cc(NC(CCNc2c(F)cccc2C(=O)O)C(=O)O)cnc1N,Cc1cc(NC(CCNc2c(F)cccc2C(=O)O)C(=O)O)cnc1NC(=O)Nc1ccc(C#N)cc1N
rxnflow_6td3,best_candidate,297,297,884,3,-4.22659,CCC(NC(=O)C(N)Cc1ccccc1)C(=O)NC(C(=O)O)C(C)O,CCC(NC(=O)C(N)Cc1ccccc1)C(=O)NC(C(=O)NC(Cc1ccccc1)C(=O)O)C(C)O
rxnflow_6td3,best_candidate,298,298,887,3,-4.224619999999999,N#Cc1cc(N)cc(Nc2c(F)cccc2CNc2cc(C(=O)O)ccc2O)c1,N#Cc1cc(N)cc(Nc2c(F)cccc2CNc2cc(C(=O)OCc3ccccn3)ccc2O)c1
rxnflow_6td3,best_candidate,299,299,890,3,-4.22365,CC(C)CC(N)C(=O)NCCC(=O)NC(Cc1ccccc1)C(=O)O,CC(C)CC(NC(=O)Nc1cc(C#N)ccc1O)C(=O)NCCC(=O)NC(Cc1ccccc1)C(=O)O
rxnflow_6td3,best_candidate,300,300,893,3,-4.22103,COc1ccc(Nc2ccc(CNC(CCC(N)=O)C(=O)O)cc2N)cn1,COc1ccc(Nc2ccc(CNC(CCC(N)=O)C3=NCCc4c3[nH]c3ccc(O)cc43)cc2N)cn1
rxnflow_6td3,hub_batching,1,1,3,3,-5.071759999999999,NC(Cc1c[nH]cn1)C(=O)NC(CNc1c(F)cccc1C(=O)O)c1ccccc1,NC(Cc1c[nH]cn1)C(=O)NC(CNc1c(F)cccc1C(=O)Nc1ccccn1)c1ccccc1
rxnflow_6td3,hub_batching,2,2,4,1,-4.6941,NC(Cc1c[nH]cn1)C(=O)NC(CNc1c(F)cccc1C(=O)O)c1ccccc1,Cc1cc(N(CC(NC(=O)C(N)Cc2c[nH]cn2)c2ccccc2)c2c(F)cccc2C(=O)O)cnc1N
rxnflow_6td3,hub_batching,3,3,5,1,-4.655750000000001,NC(Cc1c[nH]cn1)C(=O)NC(CNc1c(F)cccc1C(=O)O)c1ccccc1,NC(Cc1c[nH]cn1)C(=O)NC(CNc1c(F)cccc1C1=NC(C(=O)O)Cc2c1[nH]c1ccccc21)c1ccccc1
rxnflow_6td3,hub_batching,4,4,6,1,-4.5634999999999994,NC(Cc1c[nH]cn1)C(=O)NC(CNc1c(F)cccc1C(=O)O)c1ccccc1,O=Cc1c[nH]c2ccc(NC(Cc3c[nH]cn3)C(=O)NC(CNc3c(F)cccc3C(=O)O)c3ccccc3)cc12
rxnflow_6td3,hub_batching,5,5,7,1,-3.1965499999999993,NC(Cc1c[nH]cn1)C(=O)NC(CNc1c(F)cccc1C(=O)O)c1ccccc1,NC(Cc1c[nH]cn1)C(=O)NC1CN(c2c(F)cccc2C(=O)O)C(c2ccc(C(F)(F)F)c(F)c2)c2ccccc21
rxnflow_6td3,hub_batching,6,6,8,1,-3.19503,NC(Cc1c[nH]cn1)C(=O)NC(CNc1c(F)cccc1C(=O)O)c1ccccc1,NC(Cc1cn(CC2CC2)cn1)C(=O)NC(CNc1c(F)cccc1C(=O)O)c1ccccc1
rxnflow_6td3,hub_batching,7,7,9,1,-2.276869999999999,NC(Cc1c[nH]cn1)C(=O)NC(CNc1c(F)cccc1C(=O)O)c1ccccc1,NC(Cc1c[nH]cn1)C(=O)NC(CNc1c(F)cccc1CNCCc1c[nH]c2ccccc12)c1ccccc1
rxnflow_6td3,hub_batching,8,8,10,1,-2.21094,NC(Cc1c[nH]cn1)C(=O)NC(CNc1c(F)cccc1C(=O)O)c1ccccc1,N#Cc1ccc2oc(-c3cccc(F)c3NCC(NC(=O)C(N)Cc3c[nH]cn3)c3ccccc3)nc2c1
rxnflow_6td3,hub_batching,9,9,11,1,-2.0626299999999995,NC(Cc1c[nH]cn1)C(=O)NC(CNc1c(F)cccc1C(=O)O)c1ccccc1,NC(Cc1c[nH]cn1)C(=O)NC(CN(C(=O)NCCc1c[nH]c2ccc(O)cc12)c1c(F)cccc1C(=O)O)c1ccccc1
rxnflow_6td3,hub_batching,10,10,14,3,-6.22369,NC(CC(=O)Nc1ccccc1C(=O)NC(C(=O)O)c1ccccc1)C(=O)O,NC(CC(=O)Nc1ccccc1C(=O)NC(C(=O)Oc1c(Br)c(C(F)(F)F)nc2ccccc12)c1ccccc1)C(=O)O
rxnflow_6td3,hub_batching,11,11,15,1,-5.82353,NC(CC(=O)Nc1ccccc1C(=O)NC(C(=O)O)c1ccccc1)C(=O)O,NC(CC(=O)Nc1ccccc1C(=O)NC(C(=O)N1CCC(=O)CC1)c1ccccc1)C(=O)O
rxnflow_6td3,hub_batching,12,12,16,1,-5.51352,NC(CC(=O)Nc1ccccc1C(=O)NC(C(=O)O)c1ccccc1)C(=O)O,NC(CC(=O)Nc1ccccc1C(=O)NC(C(=O)NCc1c[nH]c2ccccc12)c1ccccc1)C(=O)O
rxnflow_6td3,hub_batching,13,13,17,1,-5.0202100000000005,NC(CC(=O)Nc1ccccc1C(=O)NC(C(=O)O)c1ccccc1)C(=O)O,CC(O)CNCC(NC(=O)c1ccccc1NC(=O)CC(N)C(=O)O)c1ccccc1
rxnflow_6td3,hub_batching,14,14,18,1,-4.53099,NC(CC(=O)Nc1ccccc1C(=O)NC(C(=O)O)c1ccccc1)C(=O)O,NC(CC1CCCCC1)C(=O)NC(CC(=O)Nc1ccccc1C(=O)NC(C(=O)O)c1ccccc1)C(=O)O
rxnflow_6td3,hub_batching,15,15,19,1,-4.01643,NC(CC(=O)Nc1ccccc1C(=O)NC(C(=O)O)c1ccccc1)C(=O)O,NC(CC(=O)Nc1ccccc1C(=O)NC(C(=O)O)c1ccccc1)C1=NC(C(=O)O)Cc2ccc([N+](=O)[O-])cc21
rxnflow_6td3,hub_batching,16,16,20,1,-3.9447599999999996,NC(CC(=O)Nc1ccccc1C(=O)NC(C(=O)O)c1ccccc1)C(=O)O,N#Cc1ccc(NC(CC(=O)Nc2ccccc2C(=O)NC(C(=O)O)c2ccccc2)C(=O)O)c(C(F)(F)F)c1
rxnflow_6td3,hub_batching,17,17,21,1,-3.6045299999999996,NC(CC(=O)Nc1ccccc1C(=O)NC(C(=O)O)c1ccccc1)C(=O)O,O=C(CC(Nc1nnnn1-c1c(Cl)cccc1Cl)C(=O)O)Nc1ccccc1C(=O)NC(C(=O)O)c1ccccc1
rxnflow_6td3,hub_batching,18,18,22,1,-3.599029999999999,NC(CC(=O)Nc1ccccc1C(=O)NC(C(=O)O)c1ccccc1)C(=O)O,COc1cccc(C(C)NC(CC(=O)Nc2ccccc2C(=O)NC(C(=O)O)c2ccccc2)C(=O)O)c1
rxnflow_6td3,hub_batching,19,19,23,1,-3.51659,NC(CC(=O)Nc1ccccc1C(=O)NC(C(=O)O)c1ccccc1)C(=O)O,O=C(CC(NCc1ccncc1F)C(=O)O)Nc1ccccc1C(=O)NC(C(=O)O)c1ccccc1
rxnflow_6td3,hub_batching,20,20,24,1,-3.4442699999999995,NC(CC(=O)Nc1ccccc1C(=O)NC(C(=O)O)c1ccccc1)C(=O)O,N#Cc1cc(Br)cc(NC(=O)C(NC(=O)c2ccccc2NC(=O)CC(N)C(=O)O)c2ccccc2)c1
rxnflow_6td3,hub_batching,21,21,25,1,-3.36695,NC(CC(=O)Nc1ccccc1C(=O)NC(C(=O)O)c1ccccc1)C(=O)O,O=C(CC(NC(=O)Nc1nc(F)nc2[nH]cnc12)C(=O)O)Nc1ccccc1C(=O)NC(C(=O)O)c1ccccc1
rxnflow_6td3,hub_batching,22,22,26,1,-2.8713799999999994,NC(CC(=O)Nc1ccccc1C(=O)NC(C(=O)O)c1ccccc1)C(=O)O,O=C(CC(NS(=O)(=O)c1cccc(Br)n1)C(=O)O)Nc1ccccc1C(=O)NC(C(=O)O)c1ccccc1
rxnflow_6td3,hub_batching,23,23,27,1,-2.6958,NC(CC(=O)Nc1ccccc1C(=O)NC(C(=O)O)c1ccccc1)C(=O)O,NC(CC(=O)Nc1ccccc1C(=O)NC(C(=O)O)c1ccccc1)c1nc2c(C(=O)O)cccc2o1
rxnflow_6td3,hub_batching,24,24,28,1,-2.5148,NC(CC(=O)Nc1ccccc1C(=O)NC(C(=O)O)c1ccccc1)C(=O)O,Cc1ccc(COC(=O)C(NC(=O)c2ccccc2NC(=O)CC(N)C(=O)O)c2ccccc2)cc1F
rxnflow_6td3,hub_batching,25,25,29,1,-2.4151100000000003,NC(CC(=O)Nc1ccccc1C(=O)NC(C(=O)O)c1ccccc1)C(=O)O,O=C1Cc2ccc(C(CCl)NC(CC(=O)Nc3ccccc3C(=O)NC(C(=O)O)c3ccccc3)C(=O)O)cc2N1
rxnflow_6td3,hub_batching,26,26,30,1,-2.1999499999999994,NC(CC(=O)Nc1ccccc1C(=O)NC(C(=O)O)c1ccccc1)C(=O)O,O=C(CC(NC(=O)NCCc1c[nH]c2ccc(O)cc12)C(=O)O)Nc1ccccc1C(=O)NC(C(=O)O)c1ccccc1
rxnflow_6td3,hub_batching,27,27,31,1,-2.1663999999999994,NC(CC(=O)Nc1ccccc1C(=O)NC(C(=O)O)c1ccccc1)C(=O)O,NC(CC(=O)Nc1ccccc1C(=O)NC(C(=O)O)c1ccccc1)C1=NCCc2c1[nH]c1ccccc21
rxnflow_6td3,hub_batching,28,28,32,1,-2.099520000000001,NC(CC(=O)Nc1ccccc1C(=O)NC(C(=O)O)c1ccccc1)C(=O)O,O=C(CC(NC(=O)c1cccc(N=C=S)c1)C(=O)O)Nc1ccccc1C(=O)NC(C(=O)O)c1ccccc1
rxnflow_6td3,hub_batching,29,29,33,1,-2.07245,NC(CC(=O)Nc1ccccc1C(=O)NC(C(=O)O)c1ccccc1)C(=O)O,O=Cc1c[nH]c2cc(NC(CC(=O)Nc3ccccc3C(=O)NC(C(=O)O)c3ccccc3)C(=O)O)ccc12
rxnflow_6td3,hub_batching,30,30,36,3,-5.10489,Nc1cc(C(=O)NC(C(=O)O)c2ccccc2)ccc1NC(=O)N1CCCC(=O)C1,Nc1cc(C(=O)NC(C(=O)Oc2cc(F)c(F)cc2N)c2ccccc2)ccc1NC(=O)N1CCCC(=O)C1
rxnflow_6td3,hub_batching,31,31,37,1,-4.73718,Nc1cc(C(=O)NC(C(=O)O)c2ccccc2)ccc1NC(=O)N1CCCC(=O)C1,Nc1cc(C(=O)NC(CNc2ccnc3ccccc23)c2ccccc2)ccc1NC(=O)N1CCCC(=O)C1
rxnflow_6td3,hub_batching,32,32,38,1,-4.55456,Nc1cc(C(=O)NC(C(=O)O)c2ccccc2)ccc1NC(=O)N1CCCC(=O)C1,O=C1CCCN(C(=O)Nc2ccc(C(=O)NC(C(=O)O)c3ccccc3)cc2NCc2ccccc2CCl)C1
rxnflow_6td3,hub_batching,33,33,39,1,-4.42561,Nc1cc(C(=O)NC(C(=O)O)c2ccccc2)ccc1NC(=O)N1CCCC(=O)C1,Nc1cc(C(=O)NC(C2=NC(C(=O)O)Cc3c2[nH]c2ccccc32)c2ccccc2)ccc1NC(=O)N1CCCC(=O)C1
rxnflow_6td3,hub_batching,34,34,40,1,-4.124689999999999,Nc1cc(C(=O)NC(C(=O)O)c2ccccc2)ccc1NC(=O)N1CCCC(=O)C1,O=C1CCCN(C(=O)n2c(-c3c[nH]c4ccccc34)nc3cc(C(=O)NC(C(=O)O)c4ccccc4)ccc32)C1
rxnflow_6td3,hub_batching,35,35,41,1,-3.6522000000000006,Nc1cc(C(=O)NC(C(=O)O)c2ccccc2)ccc1NC(=O)N1CCCC(=O)C1,Nc1cc(C(=O)NC(C(=O)O)c2ccccc2)ccc1NC(=O)N1CCCC(N2CCNCC2)C1
rxnflow_6td3,hub_batching,36,36,42,1,-3.4462599999999997,Nc1cc(C(=O)NC(C(=O)O)c2ccccc2)ccc1NC(=O)N1CCCC(=O)C1,Nc1cc(C(=O)NC(C(=O)NCCc2c[nH]c3ccc(O)cc23)c2ccccc2)ccc1NC(=O)N1CCCC(=O)C1
rxnflow_6td3,hub_batching,37,37,43,1,-2.940570000000001,Nc1cc(C(=O)NC(C(=O)O)c2ccccc2)ccc1NC(=O)N1CCCC(=O)C1,Nc1cc(C(=O)NC(c2ccccc2)c2nc3c(C(=O)O)cccc3o2)ccc1NC(=O)N1CCCC(=O)C1
rxnflow_6td3,hub_batching,38,38,46,3,-4.435530000000001,CSCCC(N)C(=O)NC(CCC(=O)O)C1=NC(C(=O)O)Cc2ccccc21,CSCCC(N)C(=O)NC(CCCNc1ccncc1C=O)C1=NC(C(=O)O)Cc2ccccc21
rxnflow_6td3,hub_batching,39,39,47,1,-3.92894,CSCCC(N)C(=O)NC(CCC(=O)O)C1=NC(C(=O)O)Cc2ccccc21,CSCCC(NC(=O)Nc1ccc(C(F)(F)F)cc1)C(=O)NC(CCC(=O)O)C1=NC(C(=O)O)Cc2ccccc21
rxnflow_6td3,hub_batching,40,40,48,1,-3.85392,CSCCC(N)C(=O)NC(CCC(=O)O)C1=NC(C(=O)O)Cc2ccccc21,CSCCC(N)C(=O)N1C(CCC(=O)O)C2=NC(C(=O)O)Cc3cccc(c32)C1c1ccnc(F)c1
rxnflow_6td3,hub_batching,41,41,49,1,-2.8265800000000008,CSCCC(N)C(=O)NC(CCC(=O)O)C1=NC(C(=O)O)Cc2ccccc21,CSCCC(N)C(=O)NC(CCC(=O)OCC(=O)c1ccc2c(c1)NC(=O)C2)C1=NC(C(=O)O)Cc2ccccc21
rxnflow_6td3,hub_batching,42,42,50,1,-2.6634700000000002,CSCCC(N)C(=O)NC(CCC(=O)O)C1=NC(C(=O)O)Cc2ccccc21,CSCCC(N)C(=O)NC(CCC1=NCCc2ccc(S(N)(=O)=O)cc21)C1=NC(C(=O)O)Cc2ccccc21
rxnflow_6td3,hub_batching,43,43,51,1,-2.4161799999999998,CSCCC(N)C(=O)NC(CCC(=O)O)C1=NC(C(=O)O)Cc2ccccc21,CSCCC(N)C(=O)NC(CCC(=O)NCc1c[nH]c2ccccc12)C1=NC(C(=O)O)Cc2ccccc21
rxnflow_6td3,hub_batching,44,44,54,3,-4.59573,Nc1ccccc1OC(=O)CCC(NC(=O)C(N)Cc1c[nH]c2ccccc12)C(=O)O,Nc1ccccc1OC(=O)CCC(NC(=O)C(Cc1c[nH]c2ccccc12)Nc1nnnn1-c1c(Cl)cccc1Cl)C(=O)O
rxnflow_6td3,hub_batching,45,45,55,1,-4.41093,Nc1ccccc1OC(=O)CCC(NC(=O)C(N)Cc1c[nH]c2ccccc12)C(=O)O,Nc1ccccc1OC(=O)CCC(NC(=O)C(N)Cc1c[nH]c2ccccc12)C(=O)NC(Cc1ccc(O)cc1)C(=O)O
rxnflow_6td3,hub_batching,46,46,56,1,-4.3954699999999995,Nc1ccccc1OC(=O)CCC(NC(=O)C(N)Cc1c[nH]c2ccccc12)C(=O)O,Nc1ccccc1OC(=O)CCC(NC(=O)C1Cc2c([nH]c3ccccc23)C(c2c[nH]c3ccc(Br)cc23)N1)C(=O)O
rxnflow_6td3,hub_batching,47,47,57,1,-4.28926,Nc1ccccc1OC(=O)CCC(NC(=O)C(N)Cc1c[nH]c2ccccc12)C(=O)O,NC(Cc1c[nH]c2ccccc12)C(=O)NC(CCC(=O)Oc1ccccc1NC(=O)N1Cc2ccccc2CC1C(=O)O)C(=O)O
rxnflow_6td3,hub_batching,48,48,58,1,-3.96166,Nc1ccccc1OC(=O)CCC(NC(=O)C(N)Cc1c[nH]c2ccccc12)C(=O)O,Nc1ccccc1OC(=O)CCC(NC(=O)C1Cc2c([nH]c3ccccc23)C(c2ccncc2)=N1)C(=O)O
rxnflow_6td3,hub_batching,49,49,59,1,-3.6151800000000005,Nc1ccccc1OC(=O)CCC(NC(=O)C(N)Cc1c[nH]c2ccccc12)C(=O)O,Nc1ccccc1OC(=O)CCC(NC(=O)C(N)Cc1cn(CC(=O)O)c2ccccc12)C(=O)O
rxnflow_6td3,hub_batching,50,50,60,1,-3.05858,Nc1ccccc1OC(=O)CCC(NC(=O)C(N)Cc1c[nH]c2ccccc12)C(=O)O,Nc1ccccc1OC(=O)CCC(NC(=O)C(N)Cc1c[nH]c2ccccc12)C1=NCCc2ccc(S(N)(=O)=O)cc21
rxnflow_6td3,hub_batching,51,51,61,1,-2.8298700000000006,Nc1ccccc1OC(=O)CCC(NC(=O)C(N)Cc1c[nH]c2ccccc12)C(=O)O,Nc1ccccc1OC(=O)CCC(C(=O)O)N1C(=O)C(Cc2c[nH]c3ccccc23)NC1=Nc1ccc(Cl)cc1Cl
rxnflow_6td3,hub_batching,52,52,64,3,-5.703860000000001,O=Cc1c[nH]c2ccc(Nc3ccc(C(=O)O)cc3Nc3nc4ccccc4[nH]3)cc12,O=C(O)c1ccc(Nc2ccc3[nH]cc(-c4nc5cccc(Br)c5[nH]4)c3c2)c(Nc2nc3ccccc3[nH]2)c1
rxnflow_6td3,hub_batching,53,53,65,1,-5.632420000000001,O=Cc1c[nH]c2ccc(Nc3ccc(C(=O)O)cc3Nc3nc4ccccc4[nH]3)cc12,COc1cccc2c1CCNC2c1c[nH]c2ccc(Nc3ccc(C(=O)O)cc3Nc3nc4ccccc4[nH]3)cc12
rxnflow_6td3,hub_batching,54,54,66,1,-4.9920100000000005,O=Cc1c[nH]c2ccc(Nc3ccc(C(=O)O)cc3Nc3nc4ccccc4[nH]3)cc12,O=Cc1c[nH]c2ccc(Nc3ccc(CNc4ccccc4S)cc3Nc3nc4ccccc4[nH]3)cc12
rxnflow_6td3,hub_batching,55,55,67,1,-4.90701,O=Cc1c[nH]c2ccc(Nc3ccc(C(=O)O)cc3Nc3nc4ccccc4[nH]3)cc12,O=C(O)c1ccc(Nc2ccc3[nH]cc(CNC(Cc4c[nH]cn4)C(=O)O)c3c2)c(Nc2nc3ccccc3[nH]2)c1
rxnflow_6td3,hub_batching,56,56,68,1,-4.896629999999999,O=Cc1c[nH]c2ccc(Nc3ccc(C(=O)O)cc3Nc3nc4ccccc4[nH]3)cc12,COc1cccc(C(C)N(c2ccc3[nH]cc(C=O)c3c2)c2ccc(C(=O)O)cc2Nc2nc3ccccc3[nH]2)c1
rxnflow_6td3,hub_batching,57,57,69,1,-4.7680299999999995,O=Cc1c[nH]c2ccc(Nc3ccc(C(=O)O)cc3Nc3nc4ccccc4[nH]3)cc12,O=Cc1c[nH]c2ccc(Nc3ccc(C4=NC(C(=O)O)Cc5ccc(O)cc54)cc3Nc3nc4ccccc4[nH]3)cc12
rxnflow_6td3,hub_batching,58,58,70,1,-3.423919999999999,O=Cc1c[nH]c2ccc(Nc3ccc(C(=O)O)cc3Nc3nc4ccccc4[nH]3)cc12,CCn1cc(C=O)c2cc(Nc3ccc(C(=O)O)cc3Nc3nc4ccccc4[nH]3)ccc21
rxnflow_6td3,hub_batching,59,59,71,1,-3.1274999999999995,O=Cc1c[nH]c2ccc(Nc3ccc(C(=O)O)cc3Nc3nc4ccccc4[nH]3)cc12,O=Cc1c[nH]c2ccc(Nc3ccc(C(=O)Nc4nc(F)nc5[nH]cnc45)cc3Nc3nc4ccccc4[nH]3)cc12
rxnflow_6td3,hub_batching,60,60,72,1,-2.409089999999999,O=Cc1c[nH]c2ccc(Nc3ccc(C(=O)O)cc3Nc3nc4ccccc4[nH]3)cc12,NS(=O)(=O)c1ccc(CCNC(=O)N(c2ccc3[nH]cc(C=O)c3c2)c2ccc(C(=O)O)cc2Nc2nc3ccccc3[nH]2)cc1
rxnflow_6td3,hub_batching,61,61,75,3,-4.938810000000001,NCCCCC(CNc1c(F)cccc1C(=O)O)Nc1nnnn1-c1ccccc1C(F)(F)F,NCCCCC(CNc1c(F)cccc1C(=O)O)N(C(=O)Nc1ccc(Cl)c(Cl)c1)c1nnnn1-c1ccccc1C(F)(F)F
rxnflow_6td3,hub_batching,62,62,76,1,-4.90062,NCCCCC(CNc1c(F)cccc1C(=O)O)Nc1nnnn1-c1ccccc1C(F)(F)F,NCCCCC(CNc1c(F)cccc1C(=O)Nc1c(O)cccc1C(=O)O)Nc1nnnn1-c1ccccc1C(F)(F)F
rxnflow_6td3,hub_batching,63,63,77,1,-3.0115100000000004,NCCCCC(CNc1c(F)cccc1C(=O)O)Nc1nnnn1-c1ccccc1C(F)(F)F,NCCCCC(CNc1c(F)cccc1CNCCc1c[nH]c2ccccc12)Nc1nnnn1-c1ccccc1C(F)(F)F
rxnflow_6td3,hub_batching,64,64,78,1,-2.1315500000000007,NCCCCC(CNc1c(F)cccc1C(=O)O)Nc1nnnn1-c1ccccc1C(F)(F)F,NCCCCC(CNc1c(F)cccc1C1=NCCc2c1[nH]c1ccc(O)cc21)Nc1nnnn1-c1ccccc1C(F)(F)F
rxnflow_6td3,hub_batching,65,65,79,1,-2.0899400000000004,NCCCCC(CNc1c(F)cccc1C(=O)O)Nc1nnnn1-c1ccccc1C(F)(F)F,NCCCCC(CNc1c(F)cccc1C(=O)O)N(c1ccc([N+](=O)[O-])c2ncccc12)c1nnnn1-c1ccccc1C(F)(F)F
rxnflow_6td3,hub_batching,66,66,82,3,-6.048100000000001,NC(Cc1ccccc1)C(=O)NC1(c2nc3ccc(C(=O)O)cc3[nH]2)CCC1,O=C(O)c1ccc2nc(C3(NC(=O)C4Cc5ccccc5C(c5c[nH]c6ccc(F)cc56)N4)CCC3)[nH]c2c1
rxnflow_6td3,hub_batching,67,67,83,1,-5.726160000000001,NC(Cc1ccccc1)C(=O)NC1(c2nc3ccc(C(=O)O)cc3[nH]2)CCC1,COc1ncc(NC(Cc2ccccc2)C(=O)NC2(c3nc4ccc(C(=O)O)cc4[nH]3)CCC2)cc1C
rxnflow_6td3,hub_batching,68,68,84,1,-5.03886,NC(Cc1ccccc1)C(=O)NC1(c2nc3ccc(C(=O)O)cc3[nH]2)CCC1,O=C(O)c1ccc2nc(C3(NC(=O)C4Cc5ccccc5C(C5CCCNC5)=N4)CCC3)[nH]c2c1
rxnflow_6td3,hub_batching,69,69,85,1,-4.94156,NC(Cc1ccccc1)C(=O)NC1(c2nc3ccc(C(=O)O)cc3[nH]2)CCC1,NC(Cc1ccccc1)C(=O)NC1(c2nc3ccc(C(=O)NCCC(=O)O)cc3[nH]2)CCC1
rxnflow_6td3,hub_batching,70,70,86,1,-3.9348899999999993,NC(Cc1ccccc1)C(=O)NC1(c2nc3ccc(C(=O)O)cc3[nH]2)CCC1,NC(Cc1ccccc1)C(=O)NC1(c2nc3ccc(C4=NC(C(=O)O)Cc5ccc(O)cc54)cc3[nH]2)CCC1
rxnflow_6td3,hub_batching,71,71,87,1,-3.5340500000000006,NC(Cc1ccccc1)C(=O)NC1(c2nc3ccc(C(=O)O)cc3[nH]2)CCC1,O=C(NCCc1c[nH]c2ccccc12)NC(Cc1ccccc1)C(=O)NC1(c2nc3ccc(C(=O)O)cc3[nH]2)CCC1
rxnflow_6td3,hub_batching,72,72,88,1,-2.7514600000000007,NC(Cc1ccccc1)C(=O)NC1(c2nc3ccc(C(=O)O)cc3[nH]2)CCC1,NC(Cc1ccccc1)C(=O)NC1(c2nc3ccc(C(=O)O)cc3n2CC(=O)C(=O)O)CCC1
rxnflow_6td3,hub_batching,73,73,89,1,-2.2921700000000005,NC(Cc1ccccc1)C(=O)NC1(c2nc3ccc(C(=O)O)cc3[nH]2)CCC1,NC(Cc1ccccc1)C(=O)NC1(c2nc3ccc(CNc4nc(F)nc5[nH]cnc45)cc3[nH]2)CCC1
rxnflow_6td3,hub_batching,74,74,92,3,-4.63975,CC(C)C(NCC(N)CC1CCCCC1)C1=NC(C(=O)O)Cc2ccccc21,CC(C)C(NCC(N)CC1CCCCC1)C1=NC(C(=O)NC(C(=O)O)c2ccccc2)Cc2ccccc21
rxnflow_6td3,hub_batching,75,75,93,1,-4.540139999999999,CC(C)C(NCC(N)CC1CCCCC1)C1=NC(C(=O)O)Cc2ccccc21,CC(C)C(NCC(CC1CCCCC1)NCc1ccc(F)cc1)C1=NC(C(=O)O)Cc2ccccc21
rxnflow_6td3,hub_batching,76,76,94,1,-4.040519999999999,CC(C)C(NCC(N)CC1CCCCC1)C1=NC(C(=O)O)Cc2ccccc21,CC(C)C(C1=NC(C(=O)O)Cc2ccccc21)N(CC(N)CC1CCCCC1)C(=O)Nc1ccc(C(F)(F)F)cc1N
rxnflow_6td3,hub_batching,77,77,95,1,-3.6044100000000006,CC(C)C(NCC(N)CC1CCCCC1)C1=NC(C(=O)O)Cc2ccccc21,CC(C)C1C2=NC(C(=O)O)Cc3cccc(c32)C(c2c[nH]c3ccc(C#N)cc23)N1CC(N)CC1CCCCC1
rxnflow_6td3,hub_batching,78,78,96,1,-3.3909700000000003,CC(C)C(NCC(N)CC1CCCCC1)C1=NC(C(=O)O)Cc2ccccc21,CC(C)C(NCC(N)CC1CCCCC1)C1=NC(C2=NCCc3ccc(S(N)(=O)=O)cc32)Cc2ccccc21
rxnflow_6td3,hub_batching,79,79,97,1,-3.2308399999999997,CC(C)C(NCC(N)CC1CCCCC1)C1=NC(C(=O)O)Cc2ccccc21,CC(C)C(NCC(N)CC1CCCCC1)C1=NC(CNCCc2c[nH]c3ccc(O)cc23)Cc2ccccc21
rxnflow_6td3,hub_batching,80,80,98,1,-3.073920000000001,CC(C)C(NCC(N)CC1CCCCC1)C1=NC(C(=O)O)Cc2ccccc21,CC(C)C(NCC(N)CC1CCCCC1)C1=NC(CN2CCC(S(=O)(=O)F)CC2)Cc2ccccc21
rxnflow_6td3,hub_batching,81,81,99,1,-2.810789999999999,CC(C)C(NCC(N)CC1CCCCC1)C1=NC(C(=O)O)Cc2ccccc21,CC(C)C(C1=NC(C(=O)O)Cc2ccccc21)N(Cc1c[nH]c2ccc(Br)cc12)CC(N)CC1CCCCC1
rxnflow_6td3,hub_batching,82,82,100,1,-2.29082,CC(C)C(NCC(N)CC1CCCCC1)C1=NC(C(=O)O)Cc2ccccc21,CC(C)C(NCC(N)CC1CCCCC1)C1=NC(C(=O)OCC(=O)c2ccc3c(c2)NC(=O)C3)Cc2ccccc21
rxnflow_6td3,hub_batching,83,83,101,1,-2.23621,CC(C)C(NCC(N)CC1CCCCC1)C1=NC(C(=O)O)Cc2ccccc21,CC(C)C(C1=NC(C(=O)O)Cc2ccccc21)N(CC(N)CC1CCCCC1)c1ccc([N+](=O)[O-])c2ccccc12
rxnflow_6td3,hub_batching,84,84,102,1,-2.1095900000000007,CC(C)C(NCC(N)CC1CCCCC1)C1=NC(C(=O)O)Cc2ccccc21,CC(C)C(NCC(N)CC1CCCCC1)C1=NC(c2nc3ccc(C#N)cc3[nH]2)Cc2ccccc21
rxnflow_6td3,hub_batching,85,85,105,3,-4.4148000000000005,CC(NC(=O)NCCCC(NCC(N)C(C)C)C(=O)O)c1ccccc1,CC(NC(=O)NCCCC(CNc1cccc(Br)c1N)NCC(N)C(C)C)c1ccccc1
rxnflow_6td3,hub_batching,86,86,106,1,-4.11951,CC(NC(=O)NCCCC(NCC(N)C(C)C)C(=O)O)c1ccccc1,CC(NC(=O)NCCCC(C(=O)O)N(CC(N)C(C)C)c1cc(C(=O)O)ccc1N)c1ccccc1
rxnflow_6td3,hub_batching,87,87,107,1,-4.048080000000001,CC(NC(=O)NCCCC(NCC(N)C(C)C)C(=O)O)c1ccccc1,CC(NC(=O)NCCCC(NCC(Nc1ccc(C(F)(F)F)cn1)C(C)C)C(=O)O)c1ccccc1
rxnflow_6td3,hub_batching,88,88,108,1,-3.8626400000000007,CC(NC(=O)NCCCC(NCC(N)C(C)C)C(=O)O)c1ccccc1,CC(NC(=O)NCCCC(C(=O)O)N(CC(N)C(C)C)C(=O)NC1CCCCC1)c1ccccc1
rxnflow_6td3,hub_batching,89,89,109,1,-3.5099100000000005,CC(NC(=O)NCCCC(NCC(N)C(C)C)C(=O)O)c1ccccc1,CC(NC(=O)NCCCC(NCC(N)C(C)C)C(=O)NC(Cc1ccccc1)C(=O)O)c1ccccc1
rxnflow_6td3,hub_batching,90,90,110,1,-3.3170200000000003,CC(NC(=O)NCCCC(NCC(N)C(C)C)C(=O)O)c1ccccc1,CC(NC(=O)NCCCC(C(=O)O)N(CC(N)C(C)C)C(CBr)c1cccs1)c1ccccc1
rxnflow_6td3,hub_batching,91,91,111,1,-3.01081,CC(NC(=O)NCCCC(NCC(N)C(C)C)C(=O)O)c1ccccc1,CC(NC(=O)NCCCC(NCC(NC(=O)Nc1ccc(C#N)cc1N)C(C)C)C(=O)O)c1ccccc1
rxnflow_6td3,hub_batching,92,92,112,1,-2.7085599999999994,CC(NC(=O)NCCCC(NCC(N)C(C)C)C(=O)O)c1ccccc1,CC(NC(=O)NCCCC(NCC(N)C(C)C)C1=NCCc2c(Br)cccc21)c1ccccc1
rxnflow_6td3,hub_batching,93,93,113,1,-2.6701999999999995,CC(NC(=O)NCCCC(NCC(N)C(C)C)C(=O)O)c1ccccc1,CC(NC(=O)NCCCC(C(=O)O)N(CC(N)C(C)C)S(=O)(=O)c1cccc(Br)n1)c1ccccc1
rxnflow_6td3,hub_batching,94,94,114,1,-2.6320699999999997,CC(NC(=O)NCCCC(NCC(N)C(C)C)C(=O)O)c1ccccc1,CC(NC(=O)NCCCC(C(=O)O)N(CC(N)Cc1c[nH]cn1)CC(N)C(C)C)c1ccccc1
rxnflow_6td3,hub_batching,95,95,115,1,-2.6231599999999995,CC(NC(=O)NCCCC(NCC(N)C(C)C)C(=O)O)c1ccccc1,CC(NC(=O)NCCCC(NCC(N)C(C)C)c1nc2ccc(C#N)cc2[nH]1)c1ccccc1
rxnflow_6td3,hub_batching,96,96,116,1,-2.5001599999999993,CC(NC(=O)NCCCC(NCC(N)C(C)C)C(=O)O)c1ccccc1,CC(NC(=O)NCCCC(NCC(N)C(C)C)c1nc2cc(Br)ccc2o1)c1ccccc1
rxnflow_6td3,hub_batching,97,97,117,1,-2.4381900000000005,CC(NC(=O)NCCCC(NCC(N)C(C)C)C(=O)O)c1ccccc1,CC(NC(=O)NCCCC(NCC(NC(=O)N1CCCC(C(=O)O)C1)C(C)C)C(=O)O)c1ccccc1
rxnflow_6td3,hub_batching,98,98,118,1,-2.3449299999999997,CC(NC(=O)NCCCC(NCC(N)C(C)C)C(=O)O)c1ccccc1,CC(NC(=O)NCCCC(NCC(NCC1Cc2ccccc2CN1)C(C)C)C(=O)O)c1ccccc1
rxnflow_6td3,hub_batching,99,99,119,1,-2.305459999999999,CC(NC(=O)NCCCC(NCC(N)C(C)C)C(=O)O)c1ccccc1,CC(NC(=O)NCCCC(NCC(NCC(N)Cc1c[nH]c2ccccc12)C(C)C)C(=O)O)c1ccccc1
rxnflow_6td3,hub_batching,100,100,120,1,-2.230690000000001,CC(NC(=O)NCCCC(NCC(N)C(C)C)C(=O)O)c1ccccc1,CC(NC(=O)NCCCC(NCC(N)C(C)C)C(=O)OCc1cc(=O)[nH]c2ccccc12)c1ccccc1
rxnflow_6td3,hub_batching,101,101,121,1,-2.213070000000001,CC(NC(=O)NCCCC(NCC(N)C(C)C)C(=O)O)c1ccccc1,CC(NC(=O)NCCCC(CNCCc1c[nH]c2ccc(O)cc12)NCC(N)C(C)C)c1ccccc1
rxnflow_6td3,hub_batching,102,102,122,1,-2.19266,CC(NC(=O)NCCCC(NCC(N)C(C)C)C(=O)O)c1ccccc1,CC(NC(=O)NCCCC(NCC(N)C(C)C)C1=NC(C(=O)O)Cc2c1[nH]c1ccccc21)c1ccccc1
rxnflow_6td3,hub_batching,103,103,123,1,-2.102900000000001,CC(NC(=O)NCCCC(NCC(N)C(C)C)C(=O)O)c1ccccc1,CC(NC(=O)NCCCC(NCC(NC(CCl)c1ccc2c(c1)NC(=O)C2)C(C)C)C(=O)O)c1ccccc1
rxnflow_6td3,hub_batching,104,104,124,1,-2.00833,CC(NC(=O)NCCCC(NCC(N)C(C)C)C(=O)O)c1ccccc1,CC(NC(=O)NCCCC(NCC(NCc1cccc(N=C=S)c1)C(C)C)C(=O)O)c1ccccc1
rxnflow_6td3,hub_batching,105,105,125,1,-2.0003200000000003,CC(NC(=O)NCCCC(NCC(N)C(C)C)C(=O)O)c1ccccc1,CC(NC(=O)NCCCC(CN1CCCC1C(F)(F)F)NCC(N)C(C)C)c1ccccc1
rxnflow_6td3,hub_batching,106,106,128,3,-5.016710000000001,Nc1cc(-c2nc3ccc(C(=O)O)cc3[nH]2)ccc1NC(=O)N1CCC(=O)C1,CC(=O)c1ccc(S(=O)(=O)Nc2cc(-c3nc4ccc(C(=O)O)cc4[nH]3)ccc2NC(=O)N2CCC(=O)C2)cc1
rxnflow_6td3,hub_batching,107,107,129,1,-4.90368,Nc1cc(-c2nc3ccc(C(=O)O)cc3[nH]2)ccc1NC(=O)N1CCC(=O)C1,O=C1CCN(C(=O)n2c(-c3c[nH]c4cc(Br)ccc34)nc3cc(-c4nc5ccc(C(=O)O)cc5[nH]4)ccc32)C1
rxnflow_6td3,hub_batching,108,108,130,1,-4.68412,Nc1cc(-c2nc3ccc(C(=O)O)cc3[nH]2)ccc1NC(=O)N1CCC(=O)C1,Nc1cc(-c2nc3ccc(C(=O)NCc4ccccc4)cc3[nH]2)ccc1NC(=O)N1CCC(=O)C1
rxnflow_6td3,hub_batching,109,109,131,1,-4.3634699999999995,Nc1cc(-c2nc3ccc(C(=O)O)cc3[nH]2)ccc1NC(=O)N1CCC(=O)C1,Nc1cc(-c2nc3ccc(C(=O)O)cc3[nH]2)ccc1NC(=O)N1CCC(Nc2ccccc2-n2cccc2)C1
rxnflow_6td3,hub_batching,110,110,132,1,-3.9577,Nc1cc(-c2nc3ccc(C(=O)O)cc3[nH]2)ccc1NC(=O)N1CCC(=O)C1,Nc1cc(-c2nc3ccc(CNCCc4c[nH]c5ccc(O)cc45)cc3[nH]2)ccc1NC(=O)N1CCC(=O)C1
rxnflow_6td3,hub_batching,111,111,133,1,-3.3205799999999996,Nc1cc(-c2nc3ccc(C(=O)O)cc3[nH]2)ccc1NC(=O)N1CCC(=O)C1,Nc1cc(-c2nc3ccc(C(=O)O)cc3n2CCO)ccc1NC(=O)N1CCC(=O)C1
rxnflow_6td3,hub_batching,112,112,134,1,-2.00025,Nc1cc(-c2nc3ccc(C(=O)O)cc3[nH]2)ccc1NC(=O)N1CCC(=O)C1,COc1ccc2oc(-c3ccc4nc(-c5ccc(NC(=O)N6CCC(=O)C6)c(N)c5)[nH]c4c3)nc2c1
rxnflow_6td3,hub_batching,113,113,137,3,-5.60008,Nc1cc(CNc2cc(C(=O)O)ccc2O)ccc1NC(=O)N1CCCCC1,Nc1cc(CNc2cc(CNc3cc(Br)ccc3O)ccc2O)ccc1NC(=O)N1CCCCC1
rxnflow_6td3,hub_batching,114,114,138,1,-5.30337,Nc1cc(CNc2cc(C(=O)O)ccc2O)ccc1NC(=O)N1CCCCC1,N#Cc1ccc(O)c(NC(=O)Nc2cc(CNc3cc(C(=O)O)ccc3O)ccc2NC(=O)N2CCCCC2)c1
rxnflow_6td3,hub_batching,115,115,139,1,-4.6595,Nc1cc(CNc2cc(C(=O)O)ccc2O)ccc1NC(=O)N1CCCCC1,Nc1cc(CN(C(=O)NC(Cc2ccccc2)C(=O)O)c2cc(C(=O)O)ccc2O)ccc1NC(=O)N1CCCCC1
rxnflow_6td3,hub_batching,116,116,140,1,-4.56764,Nc1cc(CNc2cc(C(=O)O)ccc2O)ccc1NC(=O)N1CCCCC1,Nc1cc(CNc2cc(C(=O)O)ccc2OC(=O)C(N)Cc2ccc(O)cc2)ccc1NC(=O)N1CCCCC1
rxnflow_6td3,hub_batching,117,117,141,1,-4.15111,Nc1cc(CNc2cc(C(=O)O)ccc2O)ccc1NC(=O)N1CCCCC1,Nc1cc(CNc2cc(C(=O)Nc3nc(F)nc4[nH]cnc34)ccc2O)ccc1NC(=O)N1CCCCC1
rxnflow_6td3,hub_batching,118,118,142,1,-3.8184699999999996,Nc1cc(CNc2cc(C(=O)O)ccc2O)ccc1NC(=O)N1CCCCC1,NC(Cc1ccc([N+](=O)[O-])cc1)c1nc2cc(CNc3cc(C(=O)O)ccc3O)ccc2n1C(=O)N1CCCCC1
rxnflow_6td3,hub_batching,119,119,143,1,-3.6729900000000004,Nc1cc(CNc2cc(C(=O)O)ccc2O)ccc1NC(=O)N1CCCCC1,COc1ccc2oc(-c3ccc(O)c(NCc4ccc(NC(=O)N5CCCCC5)c(N)c4)c3)nc2c1
rxnflow_6td3,hub_batching,120,120,144,1,-3.6680599999999988,Nc1cc(CNc2cc(C(=O)O)ccc2O)ccc1NC(=O)N1CCCCC1,N#Cc1ccc(CN(Cc2ccc(NC(=O)N3CCCCC3)c(N)c2)c2cc(C(=O)O)ccc2O)cn1
rxnflow_6td3,hub_batching,121,121,145,1,-3.6419499999999996,Nc1cc(CNc2cc(C(=O)O)ccc2O)ccc1NC(=O)N1CCCCC1,N#Cc1ccc(COC(=O)c2ccc(O)c(NCc3ccc(NC(=O)N4CCCCC4)c(N)c3)c2)c(F)c1
rxnflow_6td3,hub_batching,122,122,146,1,-3.5866300000000004,Nc1cc(CNc2cc(C(=O)O)ccc2O)ccc1NC(=O)N1CCCCC1,Nc1cc(CNc2cc(C3=NCCc4c3[nH]c3ccccc43)ccc2O)ccc1NC(=O)N1CCCCC1
rxnflow_6td3,hub_batching,123,123,147,1,-3.3305099999999994,Nc1cc(CNc2cc(C(=O)O)ccc2O)ccc1NC(=O)N1CCCCC1,O=C(O)c1ccc(O)c(NCc2ccc(NC(=O)N3CCCCC3)c(Nc3ccc([N+](=O)[O-])c4ncccc34)c2)c1
rxnflow_6td3,hub_batching,124,124,148,1,-3.2811499999999985,Nc1cc(CNc2cc(C(=O)O)ccc2O)ccc1NC(=O)N1CCCCC1,O=C(O)c1ccc(O)c(NCc2ccc3c(c2)nc(-c2c[nH]c4cc(Br)ccc24)n3C(=O)N2CCCCC2)c1
rxnflow_6td3,hub_batching,125,125,149,1,-3.2619500000000006,Nc1cc(CNc2cc(C(=O)O)ccc2O)ccc1NC(=O)N1CCCCC1,Nc1cc(CN(c2ccc3[nH]cc(C=O)c3c2)c2cc(C(=O)O)ccc2O)ccc1NC(=O)N1CCCCC1
rxnflow_6td3,hub_batching,126,126,150,1,-3.00145,Nc1cc(CNc2cc(C(=O)O)ccc2O)ccc1NC(=O)N1CCCCC1,Nc1cc(CN(c2cc(C(=O)O)ccc2O)C(CCl)c2ccc3c(c2)NC(=O)C3)ccc1NC(=O)N1CCCCC1
rxnflow_6td3,hub_batching,127,127,151,1,-2.36548,Nc1cc(CNc2cc(C(=O)O)ccc2O)ccc1NC(=O)N1CCCCC1,Nc1cc(CNc2cc(C(=O)N3Cc4ccccc4CC3C(=O)O)ccc2O)ccc1NC(=O)N1CCCCC1
rxnflow_6td3,hub_batching,128,128,152,1,-2.1367700000000003,Nc1cc(CNc2cc(C(=O)O)ccc2O)ccc1NC(=O)N1CCCCC1,Nc1cc(CNc2cc(C3=NC(C(=O)O)Cc4ccc([N+](=O)[O-])cc43)ccc2O)ccc1NC(=O)N1CCCCC1
rxnflow_6td3,hub_batching,129,129,155,3,-4.033950000000001,NCCCCNC(=O)C(Cc1c[nH]c2ccccc12)NC(=O)C(N)Cc1c[nH]cn1,NC(Cc1c[nH]cn1)C(=O)NC(Cc1c[nH]c2ccccc12)C(=O)NCCCCNC(=O)c1ncccc1C(F)(F)F
rxnflow_6td3,hub_batching,130,130,156,1,-3.8236399999999993,NCCCCNC(=O)C(Cc1c[nH]c2ccccc12)NC(=O)C(N)Cc1c[nH]cn1,NCCCCNC(=O)C(Cc1c[nH]c2ccccc12)NC(=O)C(Cc1c[nH]cn1)Nc1nnnn1-c1ccc(F)cc1
rxnflow_6td3,hub_batching,131,131,157,1,-3.433959999999999,NCCCCNC(=O)C(Cc1c[nH]c2ccccc12)NC(=O)C(N)Cc1c[nH]cn1,CN1CCCC(Cn2cc(CC(NC(=O)C(N)Cc3c[nH]cn3)C(=O)NCCCCN)c3ccccc32)C1
rxnflow_6td3,hub_batching,132,132,158,1,-2.681069999999999,NCCCCNC(=O)C(Cc1c[nH]c2ccccc12)NC(=O)C(N)Cc1c[nH]cn1,NCCCCNC(=O)C(Cc1c[nH]c2ccccc12)N1C(=O)C(Cc2c[nH]cn2)NC1=Nc1ccccc1C(F)(F)F
rxnflow_6td3,hub_batching,133,133,161,3,-5.32527,CC(C)C(CNc1ccccc1C(=O)O)NC(=O)c1cccc(O)c1N,CC(C)C(CNc1ccccc1C1=NCCc2c1[nH]c1ccccc21)NC(=O)c1cccc(O)c1N
rxnflow_6td3,hub_batching,134,134,162,1,-5.2429499999999996,CC(C)C(CNc1ccccc1C(=O)O)NC(=O)c1cccc(O)c1N,CC(C)C(CN(c1ccc(N)c(Br)n1)c1ccccc1C(=O)O)NC(=O)c1cccc(O)c1N
rxnflow_6td3,hub_batching,135,135,163,1,-5.023829999999999,CC(C)C(CNc1ccccc1C(=O)O)NC(=O)c1cccc(O)c1N,CC(C)C(CN(C(=O)Nc1ccc(Cl)c(Cl)c1)c1ccccc1C(=O)O)NC(=O)c1cccc(O)c1N
rxnflow_6td3,hub_batching,136,136,164,1,-4.950209999999999,CC(C)C(CNc1ccccc1C(=O)O)NC(=O)c1cccc(O)c1N,CC(O)c1nc2c(C(=O)NC(CNc3ccccc3C(=O)O)C(C)C)cccc2o1
rxnflow_6td3,hub_batching,137,137,165,1,-4.94942,CC(C)C(CNc1ccccc1C(=O)O)NC(=O)c1cccc(O)c1N,CC(C)C(CNc1ccccc1CNCCO)NC(=O)c1cccc(O)c1N
rxnflow_6td3,hub_batching,138,138,166,1,-4.9147,CC(C)C(CNc1ccccc1C(=O)O)NC(=O)c1cccc(O)c1N,CC(C)C(CNc1ccccc1C(=O)O)NC(=O)c1cccc(O)c1NC(=O)N1CCCC(O)C1
rxnflow_6td3,hub_batching,139,139,167,1,-4.3900999999999994,CC(C)C(CNc1ccccc1C(=O)O)NC(=O)c1cccc(O)c1N,CC(C)C(CNc1ccccc1C(=O)O)NC(=O)c1cccc(OC(=O)c2ccc(C(F)(F)F)cn2)c1N
rxnflow_6td3,hub_batching,140,140,168,1,-4.336250000000001,CC(C)C(CNc1ccccc1C(=O)O)NC(=O)c1cccc(O)c1N,CC(C)C(CNc1ccccc1C(=O)O)NC(=O)c1cccc(O)c1Nc1ccc(N=C=O)cc1
rxnflow_6td3,hub_batching,141,141,169,1,-3.9314299999999998,CC(C)C(CNc1ccccc1C(=O)O)NC(=O)c1cccc(O)c1N,CC(C)C(CN(CC(N)CC1CCCCC1)c1ccccc1C(=O)O)NC(=O)c1cccc(O)c1N
rxnflow_6td3,hub_batching,142,142,170,1,-3.7714999999999987,CC(C)C(CNc1ccccc1C(=O)O)NC(=O)c1cccc(O)c1N,Cc1ccnc(Br)c1NC(=O)c1ccccc1NCC(NC(=O)c1cccc(O)c1N)C(C)C
rxnflow_6td3,hub_batching,143,143,171,1,-3.7352999999999996,CC(C)C(CNc1ccccc1C(=O)O)NC(=O)c1cccc(O)c1N,CC(C)C(CNc1ccccc1C(=O)OCc1cccc(C#N)c1)NC(=O)c1cccc(O)c1N
rxnflow_6td3,hub_batching,144,144,172,1,-3.4212300000000004,CC(C)C(CNc1ccccc1C(=O)O)NC(=O)c1cccc(O)c1N,Cc1ccc(S(=O)(=O)N(CC(NC(=O)c2cccc(O)c2N)C(C)C)c2ccccc2C(=O)O)cc1N
rxnflow_6td3,hub_batching,145,145,173,1,-3.07271,CC(C)C(CNc1ccccc1C(=O)O)NC(=O)c1cccc(O)c1N,CC(C)C(CNc1ccccc1-c1nc2cccc(Br)c2[nH]1)NC(=O)c1cccc(O)c1N
rxnflow_6td3,hub_batching,146,146,174,1,-2.8662600000000005,CC(C)C(CNc1ccccc1C(=O)O)NC(=O)c1cccc(O)c1N,CC(C)C(CNc1ccccc1C(=O)O)NC(=O)c1cccc(O)c1NCc1c[nH]c2ccc(F)cc12
rxnflow_6td3,hub_batching,147,147,175,1,-2.7034800000000008,CC(C)C(CNc1ccccc1C(=O)O)NC(=O)c1cccc(O)c1N,CC(C)C(CNc1ccccc1C(=O)N1CCCC(C(=O)O)C1)NC(=O)c1cccc(O)c1N
rxnflow_6td3,hub_batching,148,148,176,1,-2.5671099999999996,CC(C)C(CNc1ccccc1C(=O)O)NC(=O)c1cccc(O)c1N,CC(C)C(CNc1ccccc1C(=O)O)NC(=O)c1cccc(O)c1NC(CCl)c1ccc2c(c1)NC(=O)C2
rxnflow_6td3,hub_batching,149,149,177,1,-2.5300700000000003,CC(C)C(CNc1ccccc1C(=O)O)NC(=O)c1cccc(O)c1N,CC(C)C(CNc1ccccc1C1=NC(C(=O)O)Cc2ccc([N+](=O)[O-])cc21)NC(=O)c1cccc(O)c1N
rxnflow_6td3,hub_batching,150,150,178,1,-2.2439,CC(C)C(CNc1ccccc1C(=O)O)NC(=O)c1cccc(O)c1N,CC(C)C(CNc1ccccc1C(=O)O)NC(=O)c1cccc(O)c1NC(=O)Nc1nc(F)nc2[nH]cnc12
rxnflow_6td3,hub_batching,151,151,179,1,-2.0160300000000007,CC(C)C(CNc1ccccc1C(=O)O)NC(=O)c1cccc(O)c1N,CC(C)C(CNc1ccccc1C(=O)NC(Cc1c[nH]c2ccccc12)C(=O)O)NC(=O)c1cccc(O)c1N
rxnflow_6td3,hub_batching,152,152,182,3,-4.0181,N=C(N)NCCCC(N)CNC1(C(=O)Nc2ccc(C(=O)O)cc2N)CCC1,N=C(N)NCCCC(N)CN(C(=O)Nc1cccc2ccccc12)C1(C(=O)Nc2ccc(C(=O)O)cc2N)CCC1
rxnflow_6td3,hub_batching,153,153,183,1,-3.929890000000001,N=C(N)NCCCC(N)CNC1(C(=O)Nc2ccc(C(=O)O)cc2N)CCC1,N=C(N)NCCCC(CNC1(C(=O)Nc2ccc(C(=O)O)cc2N)CCC1)Nc1cncc(F)c1
rxnflow_6td3,hub_batching,154,154,184,1,-3.6992299999999996,N=C(N)NCCCC(N)CNC1(C(=O)Nc2ccc(C(=O)O)cc2N)CCC1,N=C(N)NCCCC(N)CN(c1ncc2[nH]ccc2n1)C1(C(=O)Nc2ccc(C(=O)O)cc2N)CCC1
rxnflow_6td3,hub_batching,155,155,185,1,-3.6891499999999997,N=C(N)NCCCC(N)CNC1(C(=O)Nc2ccc(C(=O)O)cc2N)CCC1,N=C(N)NCCCC(CNC1(C(=O)Nc2ccc(C(=O)O)cc2N)CCC1)NC(=O)NC(Cc1c[nH]c2ccccc12)C(=O)O
rxnflow_6td3,hub_batching,156,156,186,1,-3.59119,N=C(N)NCCCC(N)CNC1(C(=O)Nc2ccc(C(=O)O)cc2N)CCC1,COc1cccc2c1CCN=C2c1ccc(NC(=O)C2(NCC(N)CCCNC(=N)N)CCC2)c(N)c1
rxnflow_6td3,hub_batching,157,157,187,1,-3.1996400000000005,N=C(N)NCCCC(N)CNC1(C(=O)Nc2ccc(C(=O)O)cc2N)CCC1,N=C(N)NCCCC(N)CN(Cc1cc(C(F)(F)F)ccc1Br)C1(C(=O)Nc2ccc(C(=O)O)cc2N)CCC1
rxnflow_6td3,hub_batching,158,158,188,1,-3.18827,N=C(N)NCCCC(N)CNC1(C(=O)Nc2ccc(C(=O)O)cc2N)CCC1,N=C(N)NCCCC(N)CNC1(C(=O)Nc2ccc(CNC(CS)C(=O)O)cc2N)CCC1
rxnflow_6td3,hub_batching,159,159,189,1,-2.84046,N=C(N)NCCCC(N)CNC1(C(=O)Nc2ccc(C(=O)O)cc2N)CCC1,N=C(N)NCCCC(N)CNC1(C(=O)n2c(C(N)CCCCN)nc3cc(C(=O)O)ccc32)CCC1
rxnflow_6td3,hub_batching,160,160,192,3,-4.68014,CCC(C)C(CNc1cccc(Br)c1C(=O)O)NC(=O)C(N)CCCNC(=N)N,CCC(C)C(CNc1cccc(S)c1C(=O)O)NC(=O)C(N)CCCNC(=N)N
rxnflow_6td3,hub_batching,161,161,193,1,-4.41539,CCC(C)C(CNc1cccc(Br)c1C(=O)O)NC(=O)C(N)CCCNC(=N)N,CCC(C)C(CNc1cccc(Br)c1C(=O)O)NC(=O)C(CCCNC(=N)N)NC(=O)Nc1c(C)ccnc1Br
rxnflow_6td3,hub_batching,162,162,194,1,-3.8790699999999996,CCC(C)C(CNc1cccc(Br)c1C(=O)O)NC(=O)C(N)CCCNC(=N)N,CCC(C)C(CN(c1cccc(Br)c1C(=O)O)S(=O)(=O)c1ccc(C)c(N)c1)NC(=O)C(N)CCCNC(=N)N
rxnflow_6td3,hub_batching,163,163,195,1,-3.71374,CCC(C)C(CNc1cccc(Br)c1C(=O)O)NC(=O)C(N)CCCNC(=N)N,CCC(C)C(CNc1cccc(Br)c1C1=NCCc2c(Br)cccc21)NC(=O)C(N)CCCNC(=N)N
rxnflow_6td3,hub_batching,164,164,196,1,-3.33432,CCC(C)C(CNc1cccc(Br)c1C(=O)O)NC(=O)C(N)CCCNC(=N)N,CCC(C)C(CN(C(=O)C(N)Cc1c[nH]c2ccccc12)c1cccc(Br)c1C(=O)O)NC(=O)C(N)CCCNC(=N)N
rxnflow_6td3,hub_batching,165,165,197,1,-3.2843999999999998,CCC(C)C(CNc1cccc(Br)c1C(=O)O)NC(=O)C(N)CCCNC(=N)N,CCC(C)C(CNc1cccc(Br)c1CNCc1cccc(OC)c1)NC(=O)C(N)CCCNC(=N)N
rxnflow_6td3,hub_batching,166,166,198,1,-2.05804,CCC(C)C(CNc1cccc(Br)c1C(=O)O)NC(=O)C(N)CCCNC(=N)N,CCC(C)C(CN(c1cccc(Br)c1C(=O)O)c1ccc([N+](=O)[O-])c2ncccc12)NC(=O)C(N)CCCNC(=N)N
rxnflow_6td3,hub_batching,167,167,201,3,-5.1291,NC(CNc1cc(C(=O)NC(CS)C(=O)O)ccc1O)Cc1c[nH]c2ccccc12,C=CC1NC(CNc2cc(C(=O)NC(CS)C(=O)O)ccc2O)Cc2c1[nH]c1ccccc21
rxnflow_6td3,hub_batching,168,168,202,1,-4.934159999999999,NC(CNc1cc(C(=O)NC(CS)C(=O)O)ccc1O)Cc1c[nH]c2ccccc12,NC(CNc1cc(C(=O)NC(CS)C(=O)NC23CC(C2)C3)ccc1O)Cc1c[nH]c2ccccc12
rxnflow_6td3,hub_batching,169,169,203,1,-4.73179,NC(CNc1cc(C(=O)NC(CS)C(=O)O)ccc1O)Cc1c[nH]c2ccccc12,NC(Cc1c[nH]c2ccccc12)CN(C(=O)C(N)c1ccccc1)c1cc(C(=O)NC(CS)C(=O)O)ccc1O
rxnflow_6td3,hub_batching,170,170,204,1,-4.36573,NC(CNc1cc(C(=O)NC(CS)C(=O)O)ccc1O)Cc1c[nH]c2ccccc12,NC(CNc1cc(C(=O)NC(CS)C(=O)O)ccc1O)Cc1cn(CC(=O)c2ccc(Cl)c(Cl)c2)c2ccccc12
rxnflow_6td3,hub_batching,171,171,205,1,-4.0571,NC(CNc1cc(C(=O)NC(CS)C(=O)O)ccc1O)Cc1c[nH]c2ccccc12,O=C(NC(CS)C(=O)O)c1ccc(O)c(NCC(Cc2c[nH]c3ccccc23)NC(=O)N2Cc3ccccc3CC2C(=O)O)c1
rxnflow_6td3,hub_batching,172,172,206,1,-3.4688499999999998,NC(CNc1cc(C(=O)NC(CS)C(=O)O)ccc1O)Cc1c[nH]c2ccccc12,O=C(NC(CS)C(=O)O)c1ccc(O)c(NCC2Cc3c([nH]c4ccccc34)C(c3ccc(F)c(C(F)(F)F)c3)=N2)c1
rxnflow_6td3,hub_batching,173,173,207,1,-3.42232,NC(CNc1cc(C(=O)NC(CS)C(=O)O)ccc1O)Cc1c[nH]c2ccccc12,Nc1ccc(C(=O)Oc2ccc(C(=O)NC(CS)C(=O)O)cc2NCC(N)Cc2c[nH]c3ccccc23)cc1Br
rxnflow_6td3,hub_batching,174,174,210,3,-5.1492700000000005,CCC(NC(=O)C(CC(C)C)NC(=O)c1cccc(O)c1N)C(=O)O,CCC(NC(=O)C(CC(C)C)NC(=O)c1cccc(O)c1N)C(=O)Nc1cccc(Br)c1N
rxnflow_6td3,hub_batching,175,175,211,1,-4.99985,CCC(NC(=O)C(CC(C)C)NC(=O)c1cccc(O)c1N)C(=O)O,CCC(NC(=O)C(CC(C)C)NC(=O)c1cccc(O)c1NC(=O)N1CCCC1C(F)(F)F)C(=O)O
rxnflow_6td3,hub_batching,176,176,212,1,-4.86885,CCC(NC(=O)C(CC(C)C)NC(=O)c1cccc(O)c1N)C(=O)O,CCC(NC(=O)C(CC(C)C)NC(=O)c1cccc2oc(-c3ccccc3C=O)nc12)C(=O)O
rxnflow_6td3,hub_batching,177,177,213,1,-4.51865,CCC(NC(=O)C(CC(C)C)NC(=O)c1cccc(O)c1N)C(=O)O,CCC(NC(=O)C(CC(C)C)NC(=O)c1cccc(OC(=O)c2ccc(F)c(C(F)(F)F)c2)c1N)C(=O)O
rxnflow_6td3,hub_batching,178,178,214,1,-4.51288,CCC(NC(=O)C(CC(C)C)NC(=O)c1cccc(O)c1N)C(=O)O,CCC(NC(=O)C(CC(C)C)NC(=O)c1cccc(O)c1NCc1ccccc1C(F)(F)F)C(=O)O
rxnflow_6td3,hub_batching,179,179,215,1,-4.4665799999999996,CCC(NC(=O)C(CC(C)C)NC(=O)c1cccc(O)c1N)C(=O)O,CCC(NC(=O)C(CC(C)C)NC(=O)c1cccc(O)c1N)c1nc2cc(F)ccc2o1
rxnflow_6td3,hub_batching,180,180,216,1,-4.43738,CCC(NC(=O)C(CC(C)C)NC(=O)c1cccc(O)c1N)C(=O)O,CCC(CN1CCC1C(=O)O)NC(=O)C(CC(C)C)NC(=O)c1cccc(O)c1N
rxnflow_6td3,hub_batching,181,181,217,1,-4.405999999999999,CCC(NC(=O)C(CC(C)C)NC(=O)c1cccc(O)c1N)C(=O)O,CCC(NC(=O)C(CC(C)C)NC(=O)c1cccc(O)c1N)c1nc2ccc(OC)cc2[nH]1
rxnflow_6td3,hub_batching,182,182,218,1,-4.3352900000000005,CCC(NC(=O)C(CC(C)C)NC(=O)c1cccc(O)c1N)C(=O)O,CCC(NC(=O)C(CC(C)C)NC(=O)c1cccc(O)c1NC(=O)NC(Cc1c[nH]c2ccccc12)C(=O)O)C(=O)O
rxnflow_6td3,hub_batching,183,183,219,1,-3.8010899999999994,CCC(NC(=O)C(CC(C)C)NC(=O)c1cccc(O)c1N)C(=O)O,CCC(NC(=O)C(CC(C)C)NC(=O)c1cccc(O)c1N)C1=NCCc2ccc(S(N)(=O)=O)cc21
rxnflow_6td3,hub_batching,184,184,220,1,-3.177320000000001,CCC(NC(=O)C(CC(C)C)NC(=O)c1cccc(O)c1N)C(=O)O,CCC(NC(=O)C(CC(C)C)NC(=O)c1cccc(O)c1N)C(=O)OCc1ccc([N+](=O)[O-])c(F)c1
rxnflow_6td3,hub_batching,185,185,221,1,-3.0343999999999998,CCC(NC(=O)C(CC(C)C)NC(=O)c1cccc(O)c1N)C(=O)O,CCC(CNc1nc(F)nc2[nH]cnc12)NC(=O)C(CC(C)C)NC(=O)c1cccc(O)c1N
rxnflow_6td3,hub_batching,186,186,222,1,-2.8180000000000005,CCC(NC(=O)C(CC(C)C)NC(=O)c1cccc(O)c1N)C(=O)O,CCC(NC(=O)C(CC(C)C)NC(=O)c1cccc(O)c1NC(CCl)c1ccc(Br)cc1)C(=O)O
rxnflow_6td3,hub_batching,187,187,223,1,-2.5385400000000002,CCC(NC(=O)C(CC(C)C)NC(=O)c1cccc(O)c1N)C(=O)O,CCC(NC(=O)C(CC(C)C)NC(=O)c1cccc(O)c1NS(=O)(=O)c1cccc2ccccc12)C(=O)O
rxnflow_6td3,hub_batching,188,188,224,1,-2.44768,CCC(NC(=O)C(CC(C)C)NC(=O)c1cccc(O)c1N)C(=O)O,CCC(NC(=O)C(CC(C)C)NC(=O)c1cccc(O)c1N)C1=NC(C(=O)O)Cc2c1[nH]c1ccccc21
rxnflow_6td3,hub_batching,189,189,225,1,-2.0214999999999996,CCC(NC(=O)C(CC(C)C)NC(=O)c1cccc(O)c1N)C(=O)O,CCC(NC(=O)C(CC(C)C)NC(=O)c1cccc(O)c1N)C(=O)NCCc1c[nH]c2ccc(O)cc12
rxnflow_6td3,hub_batching,190,190,228,3,-4.782870000000001,O=C(Nc1ccc(C(=O)O)cc1Br)NC(CC1CCCCC1)C(=O)NC(Cc1c[nH]c2ccccc12)C(=O)O,O=C(Nc1ccc(C(=O)O)cc1Br)NC(CC1CCCCC1)C(=O)NC(Cc1cn(Cc2cccnc2)c2ccccc12)C(=O)O
rxnflow_6td3,hub_batching,191,191,229,1,-4.766109999999999,O=C(Nc1ccc(C(=O)O)cc1Br)NC(CC1CCCCC1)C(=O)NC(Cc1c[nH]c2ccccc12)C(=O)O,O=C(Nc1ccc(C(=O)O)cc1Br)NC(CC1CCCCC1)C(=O)N1C(C(=O)O)Cc2c([nH]c3ccccc23)C1c1ccnc(Br)c1
rxnflow_6td3,hub_batching,192,192,230,1,-4.6092699999999995,O=C(Nc1ccc(C(=O)O)cc1Br)NC(CC1CCCCC1)C(=O)NC(Cc1c[nH]c2ccccc12)C(=O)O,O=C(Nc1ccc(C(=O)O)cc1-c1cccc(F)c1F)NC(CC1CCCCC1)C(=O)NC(Cc1c[nH]c2ccccc12)C(=O)O
rxnflow_6td3,hub_batching,193,193,231,1,-2.9791599999999994,O=C(Nc1ccc(C(=O)O)cc1Br)NC(CC1CCCCC1)C(=O)NC(Cc1c[nH]c2ccccc12)C(=O)O,O=C(Nc1ccc(C2=NC(C(=O)O)Cc3ccc([N+](=O)[O-])cc32)cc1Br)NC(CC1CCCCC1)C(=O)NC(Cc1c[nH]c2ccccc12)C(=O)O
rxnflow_6td3,hub_batching,194,194,234,3,-5.26844,Nc1ccccc1C(=O)NC(CS)C(=O)Nc1cccc(Br)c1O,O=C(NC(CS)C(=O)Nc1cccc(Br)c1O)c1ccccc1NC(=O)N1CCCC(O)C1
rxnflow_6td3,hub_batching,195,195,235,1,-4.8089900000000005,Nc1ccccc1C(=O)NC(CS)C(=O)Nc1cccc(Br)c1O,CC(Nc1cccc(NC(=O)C(CS)NC(=O)c2ccccc2N)c1O)c1ccccc1
rxnflow_6td3,hub_batching,196,196,236,1,-4.66666,Nc1ccccc1C(=O)NC(CS)C(=O)Nc1cccc(Br)c1O,O=C(O)c1ccc(S(=O)(=O)Nc2ccccc2C(=O)NC(CS)C(=O)Nc2cccc(Br)c2O)cc1
rxnflow_6td3,hub_batching,197,197,237,1,-4.51607,Nc1ccccc1C(=O)NC(CS)C(=O)Nc1cccc(Br)c1O,NC(CNc1ccccc1C(=O)NC(CS)C(=O)Nc1cccc(Br)c1O)Cc1c[nH]c2ccccc12
rxnflow_6td3,hub_batching,198,198,238,1,-4.51086,Nc1ccccc1C(=O)NC(CS)C(=O)Nc1cccc(Br)c1O,Nc1ccccc1C(=O)NC(CS)C(=O)Nc1cccc(-c2ccc3[nH]ccc3c2)c1O
rxnflow_6td3,hub_batching,199,199,239,1,-4.31017,Nc1ccccc1C(=O)NC(CS)C(=O)Nc1cccc(Br)c1O,Nc1ccccc1C(=O)NC(CS)C(=O)Nc1cccc(Br)c1OC(=O)C(N)Cc1ccccc1
rxnflow_6td3,hub_batching,200,200,240,1,-4.22731,Nc1ccccc1C(=O)NC(CS)C(=O)Nc1cccc(Br)c1O,COc1ccccc1CCNC(=O)Nc1ccccc1C(=O)NC(CS)C(=O)Nc1cccc(Br)c1O
rxnflow_6td3,hub_batching,201,201,241,1,-3.8111200000000007,Nc1ccccc1C(=O)NC(CS)C(=O)Nc1cccc(Br)c1O,Nc1ccccc1C(=O)NC(CS)C(=O)Nc1cccc(N2CC(O)CC2C(=O)O)c1O
rxnflow_6td3,hub_batching,202,202,242,1,-3.649260000000001,Nc1ccccc1C(=O)NC(CS)C(=O)Nc1cccc(Br)c1O,O=C(NC(CS)C(=O)Nc1cccc(Br)c1O)c1ccccc1NCC1Cc2ccccc2CN1
rxnflow_6td3,hub_batching,203,203,243,1,-3.09971,Nc1ccccc1C(=O)NC(CS)C(=O)Nc1cccc(Br)c1O,N#Cc1cccc(C(CBr)Nc2ccccc2C(=O)NC(CS)C(=O)Nc2cccc(Br)c2O)c1
rxnflow_6td3,hub_batching,204,204,244,1,-2.47842,Nc1ccccc1C(=O)NC(CS)C(=O)Nc1cccc(Br)c1O,O=Cc1c[nH]c2cc(Nc3ccccc3C(=O)NC(CS)C(=O)Nc3cccc(Br)c3O)ccc12
rxnflow_6td3,hub_batching,205,205,245,1,-2.3474200000000005,Nc1ccccc1C(=O)NC(CS)C(=O)Nc1cccc(Br)c1O,Nc1ccccc1C(=O)NC(CS)C(=O)Nc1cccc(Nc2nc(F)nc3[nH]cnc23)c1O
rxnflow_6td3,hub_batching,206,206,246,1,-2.33516,Nc1ccccc1C(=O)NC(CS)C(=O)Nc1cccc(Br)c1O,Nc1ccccc1C(=O)NC(CS)C(=O)Nc1cccc(NCCc2c[nH]c3ccc(O)cc23)c1O
rxnflow_6td3,hub_batching,207,207,249,3,-4.702780000000001,CC(C)CC(N)CNC(CO)c1nc2ccc(C(=O)O)cc2o1,CC(C)CC(N)CNC(CO)c1nc2ccc(CNC(CC(=O)O)C(=O)O)cc2o1
rxnflow_6td3,hub_batching,208,208,250,1,-4.69326,CC(C)CC(N)CNC(CO)c1nc2ccc(C(=O)O)cc2o1,COc1ccc(O)c(NC(=O)c2ccc3nc(C(CO)NCC(N)CC(C)C)oc3c2)c1
rxnflow_6td3,hub_batching,209,209,251,1,-4.552139999999999,CC(C)CC(N)CNC(CO)c1nc2ccc(C(=O)O)cc2o1,CC(C)CC(N)CN(C(=O)Nc1ccccc1)C(CO)c1nc2ccc(C(=O)O)cc2o1
rxnflow_6td3,hub_batching,210,210,252,1,-4.50363,CC(C)CC(N)CNC(CO)c1nc2ccc(C(=O)O)cc2o1,CC(C)CC(CNC(CO)c1nc2ccc(C(=O)O)cc2o1)NCC(N)Cc1ccccc1
rxnflow_6td3,hub_batching,211,211,253,1,-4.25975,CC(C)CC(N)CNC(CO)c1nc2ccc(C(=O)O)cc2o1,CC(C)CC(N)CNC(CO)c1nc2ccc(C(=O)N3CCN(CCN)CC3)cc2o1
rxnflow_6td3,hub_batching,212,212,254,1,-4.0226299999999995,CC(C)CC(N)CNC(CO)c1nc2ccc(C(=O)O)cc2o1,CC(C)CC(CNC(CO)c1nc2ccc(C(=O)O)cc2o1)NC(CCl)c1ccc2c(c1)NC(=O)C2
rxnflow_6td3,hub_batching,213,213,255,1,-3.8687700000000005,CC(C)CC(N)CNC(CO)c1nc2ccc(C(=O)O)cc2o1,CC(C)CC(N)CNC(CO)c1nc2ccc(C(=O)NC(Cc3c[nH]c4ccccc34)C(=O)O)cc2o1
rxnflow_6td3,hub_batching,214,214,256,1,-3.6275299999999993,CC(C)CC(N)CNC(CO)c1nc2ccc(C(=O)O)cc2o1,CC(C)CC(N)CNC(COCc1csc(Cl)n1)c1nc2ccc(C(=O)O)cc2o1
rxnflow_6td3,hub_batching,215,215,257,1,-3.31037,CC(C)CC(N)CNC(CO)c1nc2ccc(C(=O)O)cc2o1,CC(C)CC(N)CN(c1ccc2c(C=O)c[nH]c2c1)C(CO)c1nc2ccc(C(=O)O)cc2o1
rxnflow_6td3,hub_batching,216,216,258,1,-3.26532,CC(C)CC(N)CNC(CO)c1nc2ccc(C(=O)O)cc2o1,CC(C)CC(CNC(CO)c1nc2ccc(C(=O)O)cc2o1)NC(=O)Nc1cc(Br)cc(C#N)c1
rxnflow_6td3,hub_batching,217,217,259,1,-3.0353000000000003,CC(C)CC(N)CNC(CO)c1nc2ccc(C(=O)O)cc2o1,CC(C)CC(N)CNC(CO)c1nc2ccc(-c3nc4ccc(Br)cc4o3)cc2o1
rxnflow_6td3,hub_batching,218,218,260,1,-2.924950000000001,CC(C)CC(N)CNC(CO)c1nc2ccc(C(=O)O)cc2o1,CC(C)CC(N)CNC(CO)c1nc2ccc(C3=NCCc4c3[nH]c3ccc(O)cc43)cc2o1
rxnflow_6td3,hub_batching,219,219,261,1,-2.8897000000000004,CC(C)CC(N)CNC(CO)c1nc2ccc(C(=O)O)cc2o1,CC(C)CC(N)CN(CC(N)Cc1c[nH]c2ccccc12)C(CO)c1nc2ccc(C(=O)O)cc2o1
rxnflow_6td3,hub_batching,220,220,262,1,-2.7891499999999994,CC(C)CC(N)CNC(CO)c1nc2ccc(C(=O)O)cc2o1,CC(C)CC(CNC(CO)c1nc2ccc(C(=O)O)cc2o1)NC(=O)NCCc1c[nH]c2ccc(O)cc12
rxnflow_6td3,hub_batching,221,221,263,1,-2.697239999999999,CC(C)CC(N)CNC(CO)c1nc2ccc(C(=O)O)cc2o1,CC(C)CC(N)CN(c1ccc([N+](=O)[O-])c2ncccc12)C(CO)c1nc2ccc(C(=O)O)cc2o1
rxnflow_6td3,hub_batching,222,222,264,1,-2.5493700000000006,CC(C)CC(N)CNC(CO)c1nc2ccc(C(=O)O)cc2o1,CC(C)CC(CNC(CO)c1nc2ccc(C(=O)O)cc2o1)Nc1ccc2c(C=O)c[nH]c2c1
rxnflow_6td3,hub_batching,223,223,265,1,-2.4968500000000002,CC(C)CC(N)CNC(CO)c1nc2ccc(C(=O)O)cc2o1,CC(C)CC(N)CNC(CO)c1nc2ccc(-c3nc4ccc(C(=O)O)cc4[nH]3)cc2o1
rxnflow_6td3,hub_batching,224,224,266,1,-2.4725199999999994,CC(C)CC(N)CNC(CO)c1nc2ccc(C(=O)O)cc2o1,CC(C)CC(N)CN(CC1Cc2ccccc2CN1)C(CO)c1nc2ccc(C(=O)O)cc2o1
rxnflow_6td3,hub_batching,225,225,267,1,-2.32435,CC(C)CC(N)CNC(CO)c1nc2ccc(C(=O)O)cc2o1,CC(C)CC(N)CN(C(CO)c1nc2ccc(C(=O)O)cc2o1)S(=O)(=O)c1ccc(F)nc1
rxnflow_6td3,hub_batching,226,226,268,1,-2.182909999999999,CC(C)CC(N)CNC(CO)c1nc2ccc(C(=O)O)cc2o1,CC(C)CC(N)CNC(CO)c1nc2ccc(C(=O)Oc3ccc(C#N)cc3N)cc2o1
rxnflow_6td3,hub_batching,227,227,269,1,-2.06037,CC(C)CC(N)CNC(CO)c1nc2ccc(C(=O)O)cc2o1,CC(C)CC(N)CNC(CO)c1nc2ccc(C3=NC(C(=O)O)Cc4ccc([N+](=O)[O-])cc43)cc2o1
rxnflow_6td3,hub_batching,228,228,272,3,-4.69789,NC(CNc1cc(C(=O)O)ccc1NC(=O)C(N)CC1CCCCC1)Cc1ccccc1,Cc1cnc(F)cc1NC(CNc1cc(C(=O)O)ccc1NC(=O)C(N)CC1CCCCC1)Cc1ccccc1
rxnflow_6td3,hub_batching,229,229,273,1,-4.65226,NC(CNc1cc(C(=O)O)ccc1NC(=O)C(N)CC1CCCCC1)Cc1ccccc1,NC(CNc1cc(C(=O)Nc2cc(Br)ccc2O)ccc1NC(=O)C(N)CC1CCCCC1)Cc1ccccc1
rxnflow_6td3,hub_batching,230,230,274,1,-4.58143,NC(CNc1cc(C(=O)O)ccc1NC(=O)C(N)CC1CCCCC1)Cc1ccccc1,NC(CC1CCCCC1)C(=O)Nc1ccc(C(=O)O)cc1NCC1Cc2ccccc2C(C=O)=N1
rxnflow_6td3,hub_batching,231,231,275,1,-4.4661,NC(CNc1cc(C(=O)O)ccc1NC(=O)C(N)CC1CCCCC1)Cc1ccccc1,NC(CC1CCCCC1)C(=O)Nc1ccc(C(=O)O)cc1NCC1Cc2ccccc2C(c2nc3ccccc3[nH]2)N1
rxnflow_6td3,hub_batching,232,232,276,1,-4.454319999999999,NC(CNc1cc(C(=O)O)ccc1NC(=O)C(N)CC1CCCCC1)Cc1ccccc1,NC(CNc1cc(CNc2nc(F)nc3[nH]cnc23)ccc1NC(=O)C(N)CC1CCCCC1)Cc1ccccc1
rxnflow_6td3,hub_batching,233,233,277,1,-4.434550000000001,NC(CNc1cc(C(=O)O)ccc1NC(=O)C(N)CC1CCCCC1)Cc1ccccc1,NC(CNc1cc(-c2nc3cc(F)c(F)cc3o2)ccc1NC(=O)C(N)CC1CCCCC1)Cc1ccccc1
rxnflow_6td3,hub_batching,234,234,278,1,-4.367509999999999,NC(CNc1cc(C(=O)O)ccc1NC(=O)C(N)CC1CCCCC1)Cc1ccccc1,NC(Cc1ccccc1)CN(c1cccc(C=O)c1)c1cc(C(=O)O)ccc1NC(=O)C(N)CC1CCCCC1
rxnflow_6td3,hub_batching,235,235,279,1,-3.78683,NC(CNc1cc(C(=O)O)ccc1NC(=O)C(N)CC1CCCCC1)Cc1ccccc1,NC(CNc1cc(C(=O)O)ccc1NC(=O)C(CC1CCCCC1)Nc1nnnn1-c1ccccc1F)Cc1ccccc1
rxnflow_6td3,hub_batching,236,236,280,1,-2.205429999999999,NC(CNc1cc(C(=O)O)ccc1NC(=O)C(N)CC1CCCCC1)Cc1ccccc1,NC(Cc1ccccc1)CN(C(=O)NCCc1c[nH]c2ccccc12)c1cc(C(=O)O)ccc1NC(=O)C(N)CC1CCCCC1
rxnflow_6td3,hub_batching,237,237,281,1,-2.0528200000000005,NC(CNc1cc(C(=O)O)ccc1NC(=O)C(N)CC1CCCCC1)Cc1ccccc1,NC(CNc1cc(CN2Cc3ccccc3CC2C(=O)O)ccc1NC(=O)C(N)CC1CCCCC1)Cc1ccccc1
rxnflow_6td3,hub_batching,238,238,284,3,-5.40427,Nc1ccccc1C(=O)Nc1cc(C(=O)O)ccc1NC(=O)Nc1ccccc1F,Nc1cc(C(F)(F)F)ccc1NC(=O)Nc1ccccc1C(=O)Nc1cc(C(=O)O)ccc1NC(=O)Nc1ccccc1F
rxnflow_6td3,hub_batching,239,239,285,1,-4.61374,Nc1ccccc1C(=O)Nc1cc(C(=O)O)ccc1NC(=O)Nc1ccccc1F,Nc1ccccc1C(=O)Nc1cc(C(=O)Nc2nc(F)nc3[nH]cnc23)ccc1NC(=O)Nc1ccccc1F
rxnflow_6td3,hub_batching,240,240,286,1,-4.554780000000001,Nc1ccccc1C(=O)Nc1cc(C(=O)O)ccc1NC(=O)Nc1ccccc1F,O=C(Nc1ccccc1F)Nc1ccc(C(=O)O)cc1NC(=O)c1ccccc1NCc1nc2ccccc2[nH]1
rxnflow_6td3,hub_batching,241,241,287,1,-4.46724,Nc1ccccc1C(=O)Nc1cc(C(=O)O)ccc1NC(=O)Nc1ccccc1F,Nc1ccccc1C(=O)Nc1cc(CNc2cc(F)ccc2O)ccc1NC(=O)Nc1ccccc1F
rxnflow_6td3,hub_batching,242,242,288,1,-4.35239,Nc1ccccc1C(=O)Nc1cc(C(=O)O)ccc1NC(=O)Nc1ccccc1F,Nc1ccccc1C(=O)Nc1cc(C2=NCCc3c2[nH]c2ccc(O)cc32)ccc1NC(=O)Nc1ccccc1F
rxnflow_6td3,hub_batching,243,243,289,1,-4.331179999999999,Nc1ccccc1C(=O)Nc1cc(C(=O)O)ccc1NC(=O)Nc1ccccc1F,Nc1ccccc1C(=O)Nc1cc(C(=O)NC(Cc2c[nH]c3ccccc23)C(=O)O)ccc1NC(=O)Nc1ccccc1F
rxnflow_6td3,hub_batching,244,244,290,1,-4.30299,Nc1ccccc1C(=O)Nc1cc(C(=O)O)ccc1NC(=O)Nc1ccccc1F,Nc1ccccc1C(=O)Nc1cc(C(=O)OCc2ccc([N+](=O)[O-])c(F)c2)ccc1NC(=O)Nc1ccccc1F
rxnflow_6td3,hub_batching,245,245,291,1,-4.261119999999999,Nc1ccccc1C(=O)Nc1cc(C(=O)O)ccc1NC(=O)Nc1ccccc1F,Nc1ccccc1C(=O)Nc1cc(C(=O)N2CCCC2CO)ccc1NC(=O)Nc1ccccc1F
rxnflow_6td3,hub_batching,246,246,292,1,-3.3764900000000004,Nc1ccccc1C(=O)Nc1cc(C(=O)O)ccc1NC(=O)Nc1ccccc1F,Nc1ccccc1C(=O)Nc1cc(C(=O)Oc2c(Br)c(C(F)(F)F)nc3ccccc23)ccc1NC(=O)Nc1ccccc1F
rxnflow_6td3,hub_batching,247,247,293,1,-3.02393,Nc1ccccc1C(=O)Nc1cc(C(=O)O)ccc1NC(=O)Nc1ccccc1F,Nc1ccccc1C(=O)Nc1cc(-c2nc3cccc(Br)c3[nH]2)ccc1NC(=O)Nc1ccccc1F
rxnflow_6td3,hub_batching,248,248,294,1,-2.9249899999999993,Nc1ccccc1C(=O)Nc1cc(C(=O)O)ccc1NC(=O)Nc1ccccc1F,O=C(Nc1ccccc1F)Nc1ccc(C(=O)O)cc1NC(=O)c1ccccc1Nc1ccc([N+](=O)[O-])c2ncccc12
rxnflow_6td3,hub_batching,249,249,295,1,-2.9191699999999994,Nc1ccccc1C(=O)Nc1cc(C(=O)O)ccc1NC(=O)Nc1ccccc1F,O=Cc1c[nH]c2cc(Nc3ccccc3C(=O)Nc3cc(C(=O)O)ccc3NC(=O)Nc3ccccc3F)ccc12
rxnflow_6td3,hub_batching,250,250,296,1,-2.511330000000001,Nc1ccccc1C(=O)Nc1cc(C(=O)O)ccc1NC(=O)Nc1ccccc1F,Nc1ccccc1C(=O)Nc1cc(C2=NC(C(=O)O)Cc3ccccc32)ccc1NC(=O)Nc1ccccc1F
rxnflow_6td3,hub_batching,251,251,299,3,-5.8227199999999995,Nc1cc(CNC(Cc2ccccc2)C(=O)O)ccc1NCc1c[nH]c2ccc(F)cc12,Nc1cc(CN2C(C(=O)O)Cc3ccccc3C2c2cccc(C(=O)O)c2)ccc1NCc1c[nH]c2ccc(F)cc12
rxnflow_6td3,hub_batching,252,252,300,1,-5.06825,Nc1cc(CNC(Cc2ccccc2)C(=O)O)ccc1NCc1c[nH]c2ccc(F)cc12,Nc1cc(CNC(Cc2ccccc2)C(=O)Oc2c(N)cccc2Br)ccc1NCc1c[nH]c2ccc(F)cc12
rxnflow_6td3,hub_batching,253,253,301,1,-4.67964,Nc1cc(CNC(Cc2ccccc2)C(=O)O)ccc1NCc1c[nH]c2ccc(F)cc12,CC(NC(=O)N(Cc1ccc(NCc2c[nH]c3ccc(F)cc23)c(N)c1)C(Cc1ccccc1)C(=O)O)c1ccccc1
rxnflow_6td3,hub_batching,254,254,302,1,-4.617229999999999,Nc1cc(CNC(Cc2ccccc2)C(=O)O)ccc1NCc1c[nH]c2ccc(F)cc12,O=C(O)C(Cc1ccccc1)NCc1ccc(NCc2c[nH]c3ccc(F)cc23)c(NCC2Cc3ccccc3CN2)c1
rxnflow_6td3,hub_batching,255,255,303,1,-4.51624,Nc1cc(CNC(Cc2ccccc2)C(=O)O)ccc1NCc1c[nH]c2ccc(F)cc12,Cc1cccc(Cn2cc(CNc3ccc(CNC(Cc4ccccc4)C(=O)O)cc3N)c3cc(F)ccc32)c1C
rxnflow_6td3,hub_batching,256,256,304,1,-4.21228,Nc1cc(CNC(Cc2ccccc2)C(=O)O)ccc1NCc1c[nH]c2ccc(F)cc12,NC(Cc1ccccc1)c1nc2cc(CNC(Cc3ccccc3)C(=O)O)ccc2n1Cc1c[nH]c2ccc(F)cc12
rxnflow_6td3,hub_batching,257,257,305,1,-4.004840000000001,Nc1cc(CNC(Cc2ccccc2)C(=O)O)ccc1NCc1c[nH]c2ccc(F)cc12,Nc1cc(CNC(Cc2ccccc2)C2=NCCc3c2[nH]c2ccc(O)cc32)ccc1NCc1c[nH]c2ccc(F)cc12
rxnflow_6td3,hub_batching,258,258,306,1,-3.95388,Nc1cc(CNC(Cc2ccccc2)C(=O)O)ccc1NCc1c[nH]c2ccc(F)cc12,N#Cc1ccc2oc(C(Cc3ccccc3)NCc3ccc(NCc4c[nH]c5ccc(F)cc45)c(N)c3)nc2c1
rxnflow_6td3,hub_batching,259,259,307,1,-2.4061400000000006,Nc1cc(CNC(Cc2ccccc2)C(=O)O)ccc1NCc1c[nH]c2ccc(F)cc12,Nc1cc(CNC(CNc2ccnc3ccccc23)Cc2ccccc2)ccc1NCc1c[nH]c2ccc(F)cc12
rxnflow_6td3,hub_batching,260,260,310,3,-4.49672,NC(CC(=O)NC(CCC(=O)NC(Cc1ccc([N+](=O)[O-])cc1)C(=O)O)C(=O)O)C(=O)O,O=C(CC(NC(=O)c1cncs1)C(=O)O)NC(CCC(=O)NC(Cc1ccc([N+](=O)[O-])cc1)C(=O)O)C(=O)O
rxnflow_6td3,hub_batching,261,261,311,1,-3.9859300000000006,NC(CC(=O)NC(CCC(=O)NC(Cc1ccc([N+](=O)[O-])cc1)C(=O)O)C(=O)O)C(=O)O,Nc1cc(F)c(F)cc1OC(=O)C(Cc1ccc([N+](=O)[O-])cc1)NC(=O)CCC(NC(=O)CC(N)C(=O)O)C(=O)O
rxnflow_6td3,hub_batching,262,262,312,1,-3.7434700000000003,NC(CC(=O)NC(CCC(=O)NC(Cc1ccc([N+](=O)[O-])cc1)C(=O)O)C(=O)O)C(=O)O,NC(CC(=O)NC(CCC(=O)NC(CNCc1ccccc1O)Cc1ccc([N+](=O)[O-])cc1)C(=O)O)C(=O)O
rxnflow_6td3,hub_batching,263,263,313,1,-3.592600000000001,NC(CC(=O)NC(CCC(=O)NC(Cc1ccc([N+](=O)[O-])cc1)C(=O)O)C(=O)O)C(=O)O,NC(CC(=O)NC(CCC(=O)NC(Cc1ccc([N+](=O)[O-])cc1)C(=O)N1CCCC1CO)C(=O)O)C(=O)O
rxnflow_6td3,hub_batching,264,264,314,1,-3.5016299999999996,NC(CC(=O)NC(CCC(=O)NC(Cc1ccc([N+](=O)[O-])cc1)C(=O)O)C(=O)O)C(=O)O,NC(CC(=O)NC(CCC(=O)NC(Cc1ccc([N+](=O)[O-])cc1)C(=O)NCc1c[nH]c2ccccc12)C(=O)O)C(=O)O
rxnflow_6td3,hub_batching,265,265,315,1,-3.3966499999999993,NC(CC(=O)NC(CCC(=O)NC(Cc1ccc([N+](=O)[O-])cc1)C(=O)O)C(=O)O)C(=O)O,NC(CC(=O)NC(CCC(=O)NC(Cc1ccc([N+](=O)[O-])cc1)C(=O)O)C(=O)O)C1=NCCc2c1[nH]c1ccc(O)cc21
rxnflow_6td3,hub_batching,266,266,316,1,-3.35966,NC(CC(=O)NC(CCC(=O)NC(Cc1ccc([N+](=O)[O-])cc1)C(=O)O)C(=O)O)C(=O)O,NC(CC(=O)NC(CCC(=O)NC(Cc1ccc([N+](=O)[O-])cc1)C(=O)O)C(=O)O)C1=NC(C(=O)O)Cc2ccccc21
rxnflow_6td3,hub_batching,267,267,317,1,-3.248290000000001,NC(CC(=O)NC(CCC(=O)NC(Cc1ccc([N+](=O)[O-])cc1)C(=O)O)C(=O)O)C(=O)O,NC(CC(=O)NC(CCC(=O)NC(Cc1ccc([N+](=O)[O-])cc1)C(=O)O)C(=O)O)c1nc2ccc(C(=O)O)cc2[nH]1
rxnflow_6td3,hub_batching,268,268,318,1,-3.2347099999999998,NC(CC(=O)NC(CCC(=O)NC(Cc1ccc([N+](=O)[O-])cc1)C(=O)O)C(=O)O)C(=O)O,O=C(CC(NS(=O)(=O)c1cccc2ccccc12)C(=O)O)NC(CCC(=O)NC(Cc1ccc([N+](=O)[O-])cc1)C(=O)O)C(=O)O
rxnflow_6td3,hub_batching,269,269,319,1,-3.183909999999999,NC(CC(=O)NC(CCC(=O)NC(Cc1ccc([N+](=O)[O-])cc1)C(=O)O)C(=O)O)C(=O)O,O=C(CC(Nc1nnnn1C1CCCCC1)C(=O)O)NC(CCC(=O)NC(Cc1ccc([N+](=O)[O-])cc1)C(=O)O)C(=O)O
rxnflow_6td3,hub_batching,270,270,320,1,-3.0669299999999993,NC(CC(=O)NC(CCC(=O)NC(Cc1ccc([N+](=O)[O-])cc1)C(=O)O)C(=O)O)C(=O)O,NC(CC(=O)NC(CCC(=O)N1C(C(=O)O)Cc2ccc([N+](=O)[O-])cc2C1c1ccccc1)C(=O)O)C(=O)O
rxnflow_6td3,hub_batching,271,271,321,1,-2.7391799999999993,NC(CC(=O)NC(CCC(=O)NC(Cc1ccc([N+](=O)[O-])cc1)C(=O)O)C(=O)O)C(=O)O,O=Cc1c[nH]c2ccc(NC(CC(=O)NC(CCC(=O)NC(Cc3ccc([N+](=O)[O-])cc3)C(=O)O)C(=O)O)C(=O)O)cc12
rxnflow_6td3,hub_batching,272,272,322,1,-2.4792099999999992,NC(CC(=O)NC(CCC(=O)NC(Cc1ccc([N+](=O)[O-])cc1)C(=O)O)C(=O)O)C(=O)O,COc1ccc(C(F)(F)F)cc1CNC(CC(=O)NC(CCC(=O)NC(Cc1ccc([N+](=O)[O-])cc1)C(=O)O)C(=O)O)C(=O)O
rxnflow_6td3,hub_batching,273,273,323,1,-2.0201100000000007,NC(CC(=O)NC(CCC(=O)NC(Cc1ccc([N+](=O)[O-])cc1)C(=O)O)C(=O)O)C(=O)O,O=C(CC(NCC1Cc2ccccc2CN1)C(=O)O)NC(CCC(=O)NC(Cc1ccc([N+](=O)[O-])cc1)C(=O)O)C(=O)O
rxnflow_6td3,hub_batching,274,274,326,3,-4.873079999999999,NC(CNC(CS)C(=O)Nc1ccc(C(=O)O)cc1O)Cc1c[nH]c2ccccc12,NC(Cc1c[nH]c2ccccc12)CN(C(=O)Nc1cc(C(=O)O)ccc1O)C(CS)C(=O)Nc1ccc(C(=O)O)cc1O
rxnflow_6td3,hub_batching,275,275,327,1,-4.64112,NC(CNC(CS)C(=O)Nc1ccc(C(=O)O)cc1O)Cc1c[nH]c2ccccc12,NC(CNC(CNC(CS)C(=O)Nc1ccc(C(=O)O)cc1O)Cc1c[nH]c2ccccc12)Cc1ccc(O)cc1
rxnflow_6td3,hub_batching,276,276,328,1,-4.06699,NC(CNC(CS)C(=O)Nc1ccc(C(=O)O)cc1O)Cc1c[nH]c2ccccc12,NC(CNC(CS)C(=O)Nc1ccc(C(=O)O)cc1OC(=O)C1CC(O)CN1)Cc1c[nH]c2ccccc12
rxnflow_6td3,hub_batching,277,277,329,1,-3.7611499999999998,NC(CNC(CS)C(=O)Nc1ccc(C(=O)O)cc1O)Cc1c[nH]c2ccccc12,O=C(O)c1ccc(NC(=O)C(CS)NCC2Cc3c([nH]c4ccccc34)C(c3ccncc3F)N2)c(O)c1
rxnflow_6td3,hub_batching,278,278,330,1,-3.7501299999999995,NC(CNC(CS)C(=O)Nc1ccc(C(=O)O)cc1O)Cc1c[nH]c2ccccc12,CC(C)CC(N)C1=NC(CNC(CS)C(=O)Nc2ccc(C(=O)O)cc2O)Cc2c1[nH]c1ccccc21
rxnflow_6td3,hub_batching,279,279,331,1,-3.6921799999999996,NC(CNC(CS)C(=O)Nc1ccc(C(=O)O)cc1O)Cc1c[nH]c2ccccc12,NC(CNC(CS)C(=O)Nc1ccc(C(=O)O)cc1O)Cc1cn(CC(=O)c2cccs2)c2ccccc12
rxnflow_6td3,hub_batching,280,280,332,1,-3.038050000000001,NC(CNC(CS)C(=O)Nc1ccc(C(=O)O)cc1O)Cc1c[nH]c2ccccc12,COc1ccc2oc(-c3ccc(NC(=O)C(CS)NCC(N)Cc4c[nH]c5ccccc45)c(O)c3)nc2c1
rxnflow_6td3,hub_batching,281,281,333,1,-2.83289,NC(CNC(CS)C(=O)Nc1ccc(C(=O)O)cc1O)Cc1c[nH]c2ccccc12,NC(CNC(CS)C(=O)Nc1ccc(CNCCCCC(N)C(=O)O)cc1O)Cc1c[nH]c2ccccc12
rxnflow_6td3,hub_batching,282,282,334,1,-2.795399999999999,NC(CNC(CS)C(=O)Nc1ccc(C(=O)O)cc1O)Cc1c[nH]c2ccccc12,NC(CNC(CS)C(=O)Nc1ccc(C(=O)Oc2c(Br)c(C(F)(F)F)nc3ccccc23)cc1O)Cc1c[nH]c2ccccc12
rxnflow_6td3,hub_batching,283,283,337,3,-4.15636,NC(CNC(Cc1ccc([N+](=O)[O-])cc1)C1=NC(C(=O)O)Cc2ccc(O)cc21)CC1CCCCC1,Nc1cccnc1N(CC(N)CC1CCCCC1)C(Cc1ccc([N+](=O)[O-])cc1)C1=NC(C(=O)O)Cc2ccc(O)cc21
rxnflow_6td3,hub_batching,284,284,338,1,-4.156359999999999,NC(CNC(Cc1ccc([N+](=O)[O-])cc1)C1=NC(C(=O)O)Cc2ccc(O)cc21)CC1CCCCC1,NC(CNC(Cc1ccc([N+](=O)[O-])cc1)C1=NC(C(=O)OCc2cc(=O)[nH]c3ccccc23)Cc2ccc(O)cc21)CC1CCCCC1
rxnflow_6td3,hub_batching,285,285,339,1,-4.150130000000001,NC(CNC(Cc1ccc([N+](=O)[O-])cc1)C1=NC(C(=O)O)Cc2ccc(O)cc21)CC1CCCCC1,O=C1CCCN(C(=O)NC(CNC(Cc2ccc([N+](=O)[O-])cc2)C2=NC(C(=O)O)Cc3ccc(O)cc32)CC2CCCCC2)C1
rxnflow_6td3,hub_batching,286,286,340,1,-3.9243799999999993,NC(CNC(Cc1ccc([N+](=O)[O-])cc1)C1=NC(C(=O)O)Cc2ccc(O)cc21)CC1CCCCC1,NC(CC1CCCCC1)CN1C(C2=NC(C(=O)O)Cc3ccc(O)cc32)Cc2ccc([N+](=O)[O-])cc2C1C(=O)O
rxnflow_6td3,hub_batching,287,287,341,1,-3.5498200000000004,NC(CNC(Cc1ccc([N+](=O)[O-])cc1)C1=NC(C(=O)O)Cc2ccc(O)cc21)CC1CCCCC1,N#Cc1ccc2oc(C3Cc4ccc(O)cc4C(C(Cc4ccc([N+](=O)[O-])cc4)NCC(N)CC4CCCCC4)=N3)nc2c1
rxnflow_6td3,hub_batching,288,288,342,1,-3.4205499999999995,NC(CNC(Cc1ccc([N+](=O)[O-])cc1)C1=NC(C(=O)O)Cc2ccc(O)cc21)CC1CCCCC1,NC(CNC(Cc1ccc([N+](=O)[O-])cc1)C1=NC(C(=O)O)Cc2ccc(OC(=O)c3cccc(F)n3)cc21)CC1CCCCC1
rxnflow_6td3,hub_batching,289,289,345,3,-4.74321,NC(CCCCNCc1c[nH]c2ccc(F)cc12)CNc1c(F)cccc1C(=O)O,NC(CCCCN(Cc1c[nH]c2ccc(F)cc12)C(=O)N1CCC(O)C1)CNc1c(F)cccc1C(=O)O
rxnflow_6td3,hub_batching,290,290,346,1,-4.1789,NC(CCCCNCc1c[nH]c2ccc(F)cc12)CNc1c(F)cccc1C(=O)O,NC(CCCCNCc1cn(Cc2cccc(F)c2)c2ccc(F)cc12)CNc1c(F)cccc1C(=O)O
rxnflow_6td3,hub_batching,291,291,347,1,-4.1456100000000005,NC(CCCCNCc1c[nH]c2ccc(F)cc12)CNc1c(F)cccc1C(=O)O,O=C(NC(CCCCNCc1c[nH]c2ccc(F)cc12)CNc1c(F)cccc1C(=O)O)c1cc(C(F)(F)F)ccn1
rxnflow_6td3,hub_batching,292,292,348,1,-3.9783999999999997,NC(CCCCNCc1c[nH]c2ccc(F)cc12)CNc1c(F)cccc1C(=O)O,Cc1cc(Br)cnc1NC(=O)c1cccc(F)c1NCC(N)CCCCNCc1c[nH]c2ccc(F)cc12
rxnflow_6td3,hub_batching,293,293,349,1,-3.545419999999999,NC(CCCCNCc1c[nH]c2ccc(F)cc12)CNc1c(F)cccc1C(=O)O,Nc1cc(C(F)(F)F)ccc1NCc1cccc(F)c1NCC(N)CCCCNCc1c[nH]c2ccc(F)cc12
rxnflow_6td3,hub_batching,294,294,350,1,-3.5057600000000004,NC(CCCCNCc1c[nH]c2ccc(F)cc12)CNc1c(F)cccc1C(=O)O,NC(CCCCNCc1c[nH]c2ccc(F)cc12)CNc1c(F)cccc1C1=NC(C(=O)O)Cc2c1[nH]c1ccccc21
rxnflow_6td3,hub_batching,295,295,351,1,-2.0999999999999996,NC(CCCCNCc1c[nH]c2ccc(F)cc12)CNc1c(F)cccc1C(=O)O,COc1ccc2oc(-c3cccc(F)c3NCC(N)CCCCNCc3c[nH]c4ccc(F)cc34)nc2c1
rxnflow_6td3,hub_batching,296,296,354,3,-4.513040000000001,CC(C)CC(Nc1cccc(N)c1C(=O)NC(Cc1ccccc1)C(=O)O)C(=O)O,CC(C)CC(Nc1cccc(NC(=O)N2CCC(=O)CC2)c1C(=O)NC(Cc1ccccc1)C(=O)O)C(=O)O
rxnflow_6td3,hub_batching,297,297,355,1,-4.358650000000001,CC(C)CC(Nc1cccc(N)c1C(=O)NC(Cc1ccccc1)C(=O)O)C(=O)O,CC(C)CC(Nc1cccc(NCc2nc3ccccc3[nH]2)c1C(=O)NC(Cc1ccccc1)C(=O)O)C(=O)O
rxnflow_6td3,hub_batching,298,298,356,1,-4.25031,CC(C)CC(Nc1cccc(N)c1C(=O)NC(Cc1ccccc1)C(=O)O)C(=O)O,CC(C)CC(Nc1cccc(Nc2cnc3cccnn23)c1C(=O)NC(Cc1ccccc1)C(=O)O)C(=O)O
rxnflow_6td3,hub_batching,299,299,357,1,-4.235519999999999,CC(C)CC(Nc1cccc(N)c1C(=O)NC(Cc1ccccc1)C(=O)O)C(=O)O,CC(C)CC(Nc1cccc(Nc2ccc3[nH]cc(C=O)c3c2)c1C(=O)NC(Cc1ccccc1)C(=O)O)C(=O)O
rxnflow_6td3,hub_batching,300,300,358,1,-4.101459999999999,CC(C)CC(Nc1cccc(N)c1C(=O)NC(Cc1ccccc1)C(=O)O)C(=O)O,CC(C)CC(Nc1cccc(N)c1C(=O)NC(Cc1ccccc1)C(=O)OCc1ccc(F)c([N+](=O)[O-])c1)C(=O)O
rxnflow_6td3,greedy_oracle,1,1,3,3,-5.053999999999999,NC(Cc1ccccc1)C(=O)NC1(CNC(Cc2ccccc2)C(=O)O)CCC1,NC(Cc1ccccc1)C(=O)NC1(CNC(Cc2ccccc2)C2=NCCc3ccccc32)CCC1
rxnflow_6td3,greedy_oracle,2,2,4,1,-4.732170000000001,NC(Cc1ccccc1)C(=O)NC1(CNC(Cc2ccccc2)C(=O)O)CCC1,NC(Cc1ccccc1)C(=O)NC1(CNC(Cc2ccccc2)C(=O)N2CCCC(O)C2)CCC1
rxnflow_6td3,greedy_oracle,3,3,5,1,-4.36362,NC(Cc1ccccc1)C(=O)NC1(CNC(Cc2ccccc2)C(=O)O)CCC1,O=C(O)C(Cc1ccccc1)NCC1(NC(=O)C(Cc2ccccc2)Nc2nnnn2-c2cc(C(F)(F)F)cc(C(F)(F)F)c2)CCC1
rxnflow_6td3,greedy_oracle,4,4,6,1,-4.3473500000000005,NC(Cc1ccccc1)C(=O)NC1(CNC(Cc2ccccc2)C(=O)O)CCC1,NC(C1=NC(C(=O)NC2(CNC(Cc3ccccc3)C(=O)O)CCC2)Cc2ccccc21)c1ccccc1
rxnflow_6td3,greedy_oracle,5,5,7,1,-4.310969999999999,NC(Cc1ccccc1)C(=O)NC1(CNC(Cc2ccccc2)C(=O)O)CCC1,Cc1ccc(S(=O)(=O)F)cc1NCC(Cc1ccccc1)NCC1(NC(=O)C(N)Cc2ccccc2)CCC1
rxnflow_6td3,greedy_oracle,6,6,8,1,-4.23262,NC(Cc1ccccc1)C(=O)NC1(CNC(Cc2ccccc2)C(=O)O)CCC1,NC(Cc1ccccc1)C(=O)NC1(CN(C(Cc2ccccc2)C(=O)O)C(CCl)c2ccc(Cl)c(Cl)c2)CCC1
rxnflow_6td3,greedy_oracle,7,7,9,1,-4.1795599999999995,NC(Cc1ccccc1)C(=O)NC1(CNC(Cc2ccccc2)C(=O)O)CCC1,CC(NC(=O)NC(Cc1ccccc1)C(=O)NC1(CNC(Cc2ccccc2)C(=O)O)CCC1)c1ccccc1
rxnflow_6td3,greedy_oracle,8,8,10,1,-4.14851,NC(Cc1ccccc1)C(=O)NC1(CNC(Cc2ccccc2)C(=O)O)CCC1,NC(Cc1ccccc1)C(=O)NC1(CN(c2c(C(=O)O)ccc(F)c2F)C(Cc2ccccc2)C(=O)O)CCC1
rxnflow_6td3,greedy_oracle,9,9,11,1,-4.10575,NC(Cc1ccccc1)C(=O)NC1(CNC(Cc2ccccc2)C(=O)O)CCC1,Nc1cc(Br)ccc1NC(=O)C(Cc1ccccc1)NCC1(NC(=O)C(N)Cc2ccccc2)CCC1
rxnflow_6td3,greedy_oracle,10,10,12,1,-4.09131,NC(Cc1ccccc1)C(=O)NC1(CNC(Cc2ccccc2)C(=O)O)CCC1,O=C(O)C(Cc1ccccc1)NCC1(NC(=O)C2Cc3ccccc3C(c3ccccc3)N2)CCC1
rxnflow_6td3,greedy_oracle,11,11,13,1,-4.085629999999999,NC(Cc1ccccc1)C(=O)NC1(CNC(Cc2ccccc2)C(=O)O)CCC1,NC(Cc1ccccc1)C(=O)NC1(CN(C(=O)Nc2cccc3ccccc23)C(Cc2ccccc2)C(=O)O)CCC1
rxnflow_6td3,greedy_oracle,12,12,14,1,-3.6633199999999997,NC(Cc1ccccc1)C(=O)NC1(CNC(Cc2ccccc2)C(=O)O)CCC1,NC(CNC(Cc1ccccc1)C(=O)NC1(CNC(Cc2ccccc2)C(=O)O)CCC1)Cc1ccc([N+](=O)[O-])cc1
rxnflow_6td3,greedy_oracle,13,13,15,1,-3.56623,NC(Cc1ccccc1)C(=O)NC1(CNC(Cc2ccccc2)C(=O)O)CCC1,NC(Cc1ccccc1)C(=O)NC1(CNC(Cc2ccccc2)C(=O)Oc2c(Br)c(C(F)(F)F)nc3ccccc23)CCC1
rxnflow_6td3,greedy_oracle,14,14,16,1,-3.5361600000000006,NC(Cc1ccccc1)C(=O)NC1(CNC(Cc2ccccc2)C(=O)O)CCC1,NC(Cc1ccc([N+](=O)[O-])cc1)CN(CC1(NC(=O)C(N)Cc2ccccc2)CCC1)C(Cc1ccccc1)C(=O)O
rxnflow_6td3,greedy_oracle,15,15,17,1,-3.4620499999999996,NC(Cc1ccccc1)C(=O)NC1(CNC(Cc2ccccc2)C(=O)O)CCC1,COc1ccnc(NC(Cc2ccccc2)C(=O)NC2(CNC(Cc3ccccc3)C(=O)O)CCC2)n1
rxnflow_6td3,greedy_oracle,16,16,18,1,-3.429479999999999,NC(Cc1ccccc1)C(=O)NC1(CNC(Cc2ccccc2)C(=O)O)CCC1,NC(Cc1ccccc1)C(=O)NC1(CN(c2ccc([N+](=O)[O-])c3ccccc23)C(Cc2ccccc2)C(=O)O)CCC1
rxnflow_6td3,greedy_oracle,17,17,19,1,-3.39049,NC(Cc1ccccc1)C(=O)NC1(CNC(Cc2ccccc2)C(=O)O)CCC1,NC(Cc1ccccc1)C(=O)NC1(CNC(CNCCN2CCOCC2)Cc2ccccc2)CCC1
rxnflow_6td3,greedy_oracle,18,18,20,1,-3.272780000000001,NC(Cc1ccccc1)C(=O)NC1(CNC(Cc2ccccc2)C(=O)O)CCC1,NC(Cc1ccccc1)C(=O)NC1(CN(C(=O)C(N)Cc2c[nH]c3ccccc23)C(Cc2ccccc2)C(=O)O)CCC1
rxnflow_6td3,greedy_oracle,19,19,21,1,-3.1808500000000004,NC(Cc1ccccc1)C(=O)NC1(CNC(Cc2ccccc2)C(=O)O)CCC1,N#Cc1ccc(NC(Cc2ccccc2)C(=O)NC2(CNC(Cc3ccccc3)C(=O)O)CCC2)cc1CBr
rxnflow_6td3,greedy_oracle,20,20,22,1,-3.1635899999999992,NC(Cc1ccccc1)C(=O)NC1(CNC(Cc2ccccc2)C(=O)O)CCC1,O=C(O)C(Cc1ccccc1)NCC1(NC(=O)C(Cc2ccccc2)NCc2c[nH]c3cc(Br)ccc23)CCC1
rxnflow_6td3,greedy_oracle,21,21,23,1,-3.15979,NC(Cc1ccccc1)C(=O)NC1(CNC(Cc2ccccc2)C(=O)O)CCC1,N#Cc1ccc(C(=O)COC(=O)C(Cc2ccccc2)NCC2(NC(=O)C(N)Cc3ccccc3)CCC2)cc1
rxnflow_6td3,greedy_oracle,22,22,24,1,-3.1059,NC(Cc1ccccc1)C(=O)NC1(CNC(Cc2ccccc2)C(=O)O)CCC1,NC(Cc1ccccc1)C(=O)NC1(CN(Cc2nc3ccccc3[nH]2)C(Cc2ccccc2)C(=O)O)CCC1
rxnflow_6td3,greedy_oracle,23,23,25,1,-2.8415300000000006,NC(Cc1ccccc1)C(=O)NC1(CNC(Cc2ccccc2)C(=O)O)CCC1,NC(Cc1ccccc1)C(=O)NC1(CNC(Cc2ccccc2)c2nc3ccc(C(=O)O)cc3o2)CCC1
rxnflow_6td3,greedy_oracle,24,24,26,1,-2.8379699999999994,NC(Cc1ccccc1)C(=O)NC1(CNC(Cc2ccccc2)C(=O)O)CCC1,Nc1nc(N(CC2(NC(=O)C(N)Cc3ccccc3)CCC2)C(Cc2ccccc2)C(=O)O)nc2[nH]cnc12
rxnflow_6td3,greedy_oracle,25,25,27,1,-2.71042,NC(Cc1ccccc1)C(=O)NC1(CNC(Cc2ccccc2)C(=O)O)CCC1,O=C(O)C(Cc1ccccc1)NCC1(NC(=O)C(Cc2ccccc2)NS(=O)(=O)c2cccc(Br)c2)CCC1
rxnflow_6td3,greedy_oracle,26,26,28,1,-2.637450000000001,NC(Cc1ccccc1)C(=O)NC1(CNC(Cc2ccccc2)C(=O)O)CCC1,NC(Cc1ccccc1)C(=O)NC1(CNC(Cc2ccccc2)C2=NC(C(=O)O)Cc3c2[nH]c2ccccc32)CCC1
rxnflow_6td3,greedy_oracle,27,27,29,1,-2.3711900000000004,NC(Cc1ccccc1)C(=O)NC1(CNC(Cc2ccccc2)C(=O)O)CCC1,NC(Cc1ccccc1)C(=O)NC1(CNC(Cc2ccccc2)CN2Cc3ccccc3CC2C(=O)O)CCC1
rxnflow_6td3,greedy_oracle,28,28,30,1,-2.3025399999999996,NC(Cc1ccccc1)C(=O)NC1(CNC(Cc2ccccc2)C(=O)O)CCC1,N#Cc1ccc2nc(C(Cc3ccccc3)NCC3(NC(=O)C(N)Cc4ccccc4)CCC3)[nH]c2c1
rxnflow_6td3,greedy_oracle,29,29,31,1,-2.2755800000000006,NC(Cc1ccccc1)C(=O)NC1(CNC(Cc2ccccc2)C(=O)O)CCC1,NC(Cc1ccccc1)C(=O)NC1(CN(C(=O)N2Cc3ccccc3CC2C(=O)O)C(Cc2ccccc2)C(=O)O)CCC1
rxnflow_6td3,greedy_oracle,30,30,32,1,-2.2394299999999996,NC(Cc1ccccc1)C(=O)NC1(CNC(Cc2ccccc2)C(=O)O)CCC1,NC(Cc1ccccc1)C(=O)NC1(CN(c2ccc3[nH]cc(C=O)c3c2)C(Cc2ccccc2)C(=O)O)CCC1
rxnflow_6td3,greedy_oracle,31,31,33,1,-2.1250099999999996,NC(Cc1ccccc1)C(=O)NC1(CNC(Cc2ccccc2)C(=O)O)CCC1,O=C(O)C(Cc1ccccc1)NCC1(NC(=O)C(Cc2ccccc2)NCC2Cc3ccccc3CN2)CCC1
rxnflow_6td3,greedy_oracle,32,32,34,1,-2.012030000000001,NC(Cc1ccccc1)C(=O)NC1(CNC(Cc2ccccc2)C(=O)O)CCC1,O=C(O)C(Cc1ccccc1)NCC1(NC(=O)C(Cc2ccccc2)NCc2ncccc2C(F)(F)F)CCC1
rxnflow_6td3,greedy_oracle,33,33,37,3,-4.8685,Nc1cc(CNc2ccc(C(=O)O)cc2N)ccc1NCc1ccncc1,Nc1cc(CNc2ccc(C(=O)OCC(=O)c3ccc(F)cc3F)cc2N)ccc1NCc1ccncc1
rxnflow_6td3,greedy_oracle,34,34,38,1,-4.85689,Nc1cc(CNc2ccc(C(=O)O)cc2N)ccc1NCc1ccncc1,Nc1cc(CN(C(=O)NCCc2ccccc2Br)c2ccc(C(=O)O)cc2N)ccc1NCc1ccncc1
rxnflow_6td3,greedy_oracle,35,35,39,1,-4.76024,Nc1cc(CNc2ccc(C(=O)O)cc2N)ccc1NCc1ccncc1,N#Cc1cc(Br)cc(NCc2ccc(NCc3ccc(NCc4ccncc4)c(N)c3)c(N)c2)c1
rxnflow_6td3,greedy_oracle,36,36,40,1,-4.74937,Nc1cc(CNc2ccc(C(=O)O)cc2N)ccc1NCc1ccncc1,Nc1cc(C(=O)O)ccc1NCc1ccc(NCc2ccncc2)c(NC(=O)NC(Cc2ccc(O)cc2)C(=O)O)c1
rxnflow_6td3,greedy_oracle,37,37,41,1,-4.575880000000001,Nc1cc(CNc2ccc(C(=O)O)cc2N)ccc1NCc1ccncc1,Nc1cc(CNc2ccc(C(=O)N3Cc4ccccc4CC3C(=O)O)cc2N)ccc1NCc1ccncc1
rxnflow_6td3,greedy_oracle,38,38,42,1,-4.567400000000001,Nc1cc(CNc2ccc(C(=O)O)cc2N)ccc1NCc1ccncc1,Nc1cc(CNCc2c[nH]c3ccccc23)ccc1NCc1ccc(NCc2ccncc2)c(N)c1
rxnflow_6td3,greedy_oracle,39,39,43,1,-4.55384,Nc1cc(CNc2ccc(C(=O)O)cc2N)ccc1NCc1ccncc1,Nc1cc(CNc2ccc(CNC(C(=O)O)c3ccccc3)cc2N)ccc1NCc1ccncc1
rxnflow_6td3,greedy_oracle,40,40,44,1,-4.215669999999999,Nc1cc(CNc2ccc(C(=O)O)cc2N)ccc1NCc1ccncc1,Nc1cc(CNc2ccc(CN3CCC(=O)C3)cc2N)ccc1NCc1ccncc1
rxnflow_6td3,greedy_oracle,41,41,45,1,-4.13374,Nc1cc(CNc2ccc(C(=O)O)cc2N)ccc1NCc1ccncc1,NCCc1c[nH]c2ccc(OC(=O)c3ccc(NCc4ccc(NCc5ccncc5)c(N)c4)c(N)c3)cc12
rxnflow_6td3,greedy_oracle,42,42,46,1,-4.116569999999999,Nc1cc(CNc2ccc(C(=O)O)cc2N)ccc1NCc1ccncc1,Nc1cc(CNc2ccc(CNc3cc(F)c(F)cc3O)cc2N)ccc1NCc1ccncc1
rxnflow_6td3,greedy_oracle,43,43,47,1,-4.044579999999999,Nc1cc(CNc2ccc(C(=O)O)cc2N)ccc1NCc1ccncc1,Nc1cc(Cn2c(C(N)Cc3ccccc3)nc3cc(C(=O)O)ccc32)ccc1NCc1ccncc1
rxnflow_6td3,greedy_oracle,44,44,48,1,-4.0152,Nc1cc(CNc2ccc(C(=O)O)cc2N)ccc1NCc1ccncc1,Nc1cc(CNc2ccc(C3=NCCc4c3[nH]c3ccc(O)cc43)cc2N)ccc1NCc1ccncc1
rxnflow_6td3,greedy_oracle,45,45,49,1,-3.910730000000001,Nc1cc(CNc2ccc(C(=O)O)cc2N)ccc1NCc1ccncc1,Nc1cc(C(=O)O)ccc1NCc1ccc(NCc2ccncc2)c(NCC(N)Cc2c[nH]c3ccccc23)c1
rxnflow_6td3,greedy_oracle,46,46,50,1,-3.8545000000000007,Nc1cc(CNc2ccc(C(=O)O)cc2N)ccc1NCc1ccncc1,Nc1cc(CNc2ccc(C(=O)NCCc3ccc(S(N)(=O)=O)cc3)cc2N)ccc1NCc1ccncc1
rxnflow_6td3,greedy_oracle,47,47,51,1,-3.82514,Nc1cc(CNc2ccc(C(=O)O)cc2N)ccc1NCc1ccncc1,Nc1cc(CNc2ccc(C3=NC(C(=O)O)Cc4ccc(O)cc43)cc2N)ccc1NCc1ccncc1
rxnflow_6td3,greedy_oracle,48,48,52,1,-3.72232,Nc1cc(CNc2ccc(C(=O)O)cc2N)ccc1NCc1ccncc1,COc1ccc2nc(-c3ccc(NCc4ccc(NCc5ccncc5)c(N)c4)c(N)c3)[nH]c2c1
rxnflow_6td3,greedy_oracle,49,49,53,1,-3.72213,Nc1cc(CNc2ccc(C(=O)O)cc2N)ccc1NCc1ccncc1,Nc1cc(C(=O)O)ccc1NCc1ccc(NCc2ccncc2)c(Nc2nc(N)c3nc[nH]c3n2)c1
rxnflow_6td3,greedy_oracle,50,50,54,1,-3.6198299999999994,Nc1cc(CNc2ccc(C(=O)O)cc2N)ccc1NCc1ccncc1,Nc1cc(CNc2ccc(C(=O)NC(Cc3c[nH]cn3)C(=O)O)cc2N)ccc1NCc1ccncc1
rxnflow_6td3,greedy_oracle,51,51,55,1,-3.5205199999999994,Nc1cc(CNc2ccc(C(=O)O)cc2N)ccc1NCc1ccncc1,Nc1cc(CNc2ccc(CNc3nc(F)nc4[nH]cnc34)cc2N)ccc1NCc1ccncc1
rxnflow_6td3,greedy_oracle,52,52,56,1,-3.4992799999999997,Nc1cc(CNc2ccc(C(=O)O)cc2N)ccc1NCc1ccncc1,Nc1cc(CNc2ccc(C(=O)OC3CNC(C(=O)O)C3)cc2N)ccc1NCc1ccncc1
rxnflow_6td3,greedy_oracle,53,53,57,1,-3.3930500000000006,Nc1cc(CNc2ccc(C(=O)O)cc2N)ccc1NCc1ccncc1,Nc1cc(C(=O)O)ccc1NCc1ccc(NCc2ccncc2)c(NC(CCl)c2ccc3c(c2)NC(=O)C3)c1
rxnflow_6td3,greedy_oracle,54,54,58,1,-3.3180700000000005,Nc1cc(CNc2ccc(C(=O)O)cc2N)ccc1NCc1ccncc1,Nc1cc(CNc2ccc(C(=O)Nc3ccccc3-n3cccc3)cc2N)ccc1NCc1ccncc1
rxnflow_6td3,greedy_oracle,55,55,59,1,-3.18701,Nc1cc(CNc2ccc(C(=O)O)cc2N)ccc1NCc1ccncc1,N#Cc1ccc(N(Cc2ccc(NCc3ccncc3)c(N)c2)c2ccc(C(=O)O)cc2N)nc1
rxnflow_6td3,greedy_oracle,56,56,60,1,-3.0239900000000004,Nc1cc(CNc2ccc(C(=O)O)cc2N)ccc1NCc1ccncc1,Nc1cc(CNc2ccc(-c3nc4c(C(=O)O)cccc4o3)cc2N)ccc1NCc1ccncc1
rxnflow_6td3,greedy_oracle,57,57,61,1,-2.85482,Nc1cc(CNc2ccc(C(=O)O)cc2N)ccc1NCc1ccncc1,Nc1cc(CN(c2ccc(C(=O)O)cc2N)C(CCl)c2ccc(F)cc2F)ccc1NCc1ccncc1
rxnflow_6td3,greedy_oracle,58,58,62,1,-2.663639999999999,Nc1cc(CNc2ccc(C(=O)O)cc2N)ccc1NCc1ccncc1,Nc1cc(CN(CC2Cc3ccccc3CN2)c2ccc(C(=O)O)cc2N)ccc1NCc1ccncc1
rxnflow_6td3,greedy_oracle,59,59,63,1,-2.66258,Nc1cc(CNc2ccc(C(=O)O)cc2N)ccc1NCc1ccncc1,Nc1cc(CN(Cc2c[nH]c3ccc(Br)cc23)c2ccc(C(=O)O)cc2N)ccc1NCc1ccncc1
rxnflow_6td3,greedy_oracle,60,60,64,1,-2.61217,Nc1cc(CNc2ccc(C(=O)O)cc2N)ccc1NCc1ccncc1,Nc1cc(CNc2ccc(C(=O)Oc3c(Br)c(C(F)(F)F)nc4ccccc34)cc2N)ccc1NCc1ccncc1
rxnflow_6td3,greedy_oracle,61,61,65,1,-2.5904799999999994,Nc1cc(CNc2ccc(C(=O)O)cc2N)ccc1NCc1ccncc1,Nc1cc(C(=O)O)ccc1NCc1ccc(NCc2ccncc2)c(NCc2cc(C(F)(F)F)ccc2Br)c1
rxnflow_6td3,greedy_oracle,62,62,66,1,-2.4071700000000007,Nc1cc(CNc2ccc(C(=O)O)cc2N)ccc1NCc1ccncc1,Nc1cc(CN(C(=O)N2CCCC(CO)C2)c2ccc(C(=O)O)cc2N)ccc1NCc1ccncc1
rxnflow_6td3,greedy_oracle,63,63,67,1,-2.301639999999999,Nc1cc(CNc2ccc(C(=O)O)cc2N)ccc1NCc1ccncc1,Nc1cc(Cn2c(-c3c[nH]c4ccc(F)cc34)nc3cc(C(=O)O)ccc32)ccc1NCc1ccncc1
rxnflow_6td3,greedy_oracle,64,64,70,3,-4.644939999999999,CC(O)C(NC(=O)C(N)CCC(=O)NC(CC(N)=O)C(=O)O)C(=O)O,CC(O)C(NC(=O)C(N)CCC(=O)NC(CC(N)=O)C(=O)O)c1nc2cc(C#N)ccc2o1
rxnflow_6td3,greedy_oracle,65,65,71,1,-4.306039999999999,CC(O)C(NC(=O)C(N)CCC(=O)NC(CC(N)=O)C(=O)O)C(=O)O,CC(O)C(NC(=O)C(CCC(=O)NC(CC(N)=O)C(=O)O)NCC(N)Cc1c[nH]c2ccccc12)C(=O)O
rxnflow_6td3,greedy_oracle,66,66,72,1,-3.9924500000000003,CC(O)C(NC(=O)C(N)CCC(=O)NC(CC(N)=O)C(=O)O)C(=O)O,CC(O)C(NC(=O)C(N)CCC(=O)NC(CNc1ccccn1)CC(N)=O)C(=O)O
rxnflow_6td3,greedy_oracle,67,67,73,1,-3.9752899999999993,CC(O)C(NC(=O)C(N)CCC(=O)NC(CC(N)=O)C(=O)O)C(=O)O,CC(OC(=O)C1Cc2ccccc2CN1)C(NC(=O)C(N)CCC(=O)NC(CC(N)=O)C(=O)O)C(=O)O
rxnflow_6td3,greedy_oracle,68,68,74,1,-3.890599999999999,CC(O)C(NC(=O)C(N)CCC(=O)NC(CC(N)=O)C(=O)O)C(=O)O,CC(O)C(NC(=O)C(CCC(=O)NC(CC(N)=O)C(=O)O)NC(=O)c1ccc(O)c(N)c1)C(=O)O
rxnflow_6td3,greedy_oracle,69,69,75,1,-3.7486200000000007,CC(O)C(NC(=O)C(N)CCC(=O)NC(CC(N)=O)C(=O)O)C(=O)O,CC(O)C(C(=O)O)N1C(=O)C(CCC(=O)NC(CC(N)=O)C(=O)O)NC1=Nc1ccc(F)cc1
rxnflow_6td3,greedy_oracle,70,70,76,1,-3.6699599999999997,CC(O)C(NC(=O)C(N)CCC(=O)NC(CC(N)=O)C(=O)O)C(=O)O,CC(OCc1ccc(F)c([N+](=O)[O-])c1)C(NC(=O)C(N)CCC(=O)NC(CC(N)=O)C(=O)O)C(=O)O
rxnflow_6td3,greedy_oracle,71,71,77,1,-3.60246,CC(O)C(NC(=O)C(N)CCC(=O)NC(CC(N)=O)C(=O)O)C(=O)O,C#CCNC(=O)C(CC(N)=O)NC(=O)CCC(N)C(=O)NC(C(=O)O)C(C)O
rxnflow_6td3,greedy_oracle,72,72,78,1,-3.592950000000001,CC(O)C(NC(=O)C(N)CCC(=O)NC(CC(N)=O)C(=O)O)C(=O)O,CC(O)C(NC(=O)C(N)CCC(=O)NC(CC(N)=O)C(=O)O)c1nc2ccc(C(F)(F)F)cc2[nH]1
rxnflow_6td3,greedy_oracle,73,73,79,1,-3.559,CC(O)C(NC(=O)C(N)CCC(=O)NC(CC(N)=O)C(=O)O)C(=O)O,CC(O)C(NC(=O)C(CCC(=O)NC(CC(N)=O)C(=O)O)NC(=O)N1CC(O)CC1C(=O)O)C(=O)O
rxnflow_6td3,greedy_oracle,74,74,80,1,-3.4246300000000005,CC(O)C(NC(=O)C(N)CCC(=O)NC(CC(N)=O)C(=O)O)C(=O)O,COC(=O)c1ccccc1CNC(CCC(=O)NC(CC(N)=O)C(=O)O)C(=O)NC(C(=O)O)C(C)O
rxnflow_6td3,greedy_oracle,75,75,81,1,-3.229750000000001,CC(O)C(NC(=O)C(N)CCC(=O)NC(CC(N)=O)C(=O)O)C(=O)O,CC(O)C(NC(=O)C(CCC(=O)NC(CC(N)=O)C(=O)O)NC(=O)Nc1cc(Br)cc(C#N)c1)C(=O)O
rxnflow_6td3,greedy_oracle,76,76,82,1,-3.0167200000000003,CC(O)C(NC(=O)C(N)CCC(=O)NC(CC(N)=O)C(=O)O)C(=O)O,CC(O)C(NC(=O)C(CCC(=O)NC(CC(N)=O)C(=O)O)Nc1nnnn1-c1c(Cl)cccc1Cl)C(=O)O
rxnflow_6td3,greedy_oracle,77,77,83,1,-3.00511,CC(O)C(NC(=O)C(N)CCC(=O)NC(CC(N)=O)C(=O)O)C(=O)O,Cc1nc(NC(CCC(=O)NC(CC(N)=O)C(=O)O)C(=O)NC(C(=O)O)C(C)O)sc1C(=O)O
rxnflow_6td3,greedy_oracle,78,78,84,1,-2.9542400000000004,CC(O)C(NC(=O)C(N)CCC(=O)NC(CC(N)=O)C(=O)O)C(=O)O,CC(O)C(NC(=O)C(CCC(=O)NC(CC(N)=O)C(=O)O)NS(=O)(=O)c1cccc(Br)c1)C(=O)O
rxnflow_6td3,greedy_oracle,79,79,85,1,-2.8401700000000005,CC(O)C(NC(=O)C(N)CCC(=O)NC(CC(N)=O)C(=O)O)C(=O)O,CC(O)C(NC(=O)C(N)CCC(=O)NC(CC(N)=O)CN1CC(=O)C1)C(=O)O
rxnflow_6td3,greedy_oracle,80,80,86,1,-2.8229999999999995,CC(O)C(NC(=O)C(N)CCC(=O)NC(CC(N)=O)C(=O)O)C(=O)O,CC(O)C(NC(=O)C(CCC(=O)NC(CC(N)=O)C(=O)O)Nc1c(C(F)(F)F)nc2ccccc2c1O)C(=O)O
rxnflow_6td3,greedy_oracle,81,81,87,1,-2.66901,CC(O)C(NC(=O)C(N)CCC(=O)NC(CC(N)=O)C(=O)O)C(=O)O,CC(O)C(NC(=O)C(CCC(=O)NC(CC(N)=O)C(=O)O)NC(=O)NCCCCC(N)C(=O)O)C(=O)O
rxnflow_6td3,greedy_oracle,82,82,88,1,-2.6491799999999994,CC(O)C(NC(=O)C(N)CCC(=O)NC(CC(N)=O)C(=O)O)C(=O)O,CC(O)C(NC(=O)C(N)CCC(=O)NC(CC(N)=O)C(=O)O)C1=NCCc2ccc(S(N)(=O)=O)cc21
rxnflow_6td3,greedy_oracle,83,83,89,1,-2.5758400000000004,CC(O)C(NC(=O)C(N)CCC(=O)NC(CC(N)=O)C(=O)O)C(=O)O,CC(O)C(NC(=O)C(N)CCC(=O)NC(CC(N)=O)C(=O)Oc1ccc(C(=O)CBr)cc1)C(=O)O
rxnflow_6td3,greedy_oracle,84,84,90,1,-2.56243,CC(O)C(NC(=O)C(N)CCC(=O)NC(CC(N)=O)C(=O)O)C(=O)O,COc1cccc(C(C)NC(CCC(=O)NC(CC(N)=O)C(=O)O)C(=O)NC(C(=O)O)C(C)O)c1
rxnflow_6td3,greedy_oracle,85,85,91,1,-2.53219,CC(O)C(NC(=O)C(N)CCC(=O)NC(CC(N)=O)C(=O)O)C(=O)O,CC(O)C(NC(=O)C(CCC(=O)NC(CC(N)=O)C(=O)O)Nc1ccc2c(C=O)c[nH]c2c1)C(=O)O
rxnflow_6td3,greedy_oracle,86,86,92,1,-2.50573,CC(O)C(NC(=O)C(N)CCC(=O)NC(CC(N)=O)C(=O)O)C(=O)O,CC(O)C(NC(=O)C(CCC(=O)NC(CC(N)=O)C(=O)O)NCC1CCNCC1)C(=O)O
rxnflow_6td3,greedy_oracle,87,87,93,1,-2.42087,CC(O)C(NC(=O)C(N)CCC(=O)NC(CC(N)=O)C(=O)O)C(=O)O,CC(O)C(NC(=O)C(N)CCC(=O)NC(CC(N)=O)C(=O)O)C1=NC(C(=O)O)Cc2c1[nH]c1ccccc21
rxnflow_6td3,greedy_oracle,88,88,94,1,-2.1544600000000003,CC(O)C(NC(=O)C(N)CCC(=O)NC(CC(N)=O)C(=O)O)C(=O)O,CC(O)C(NC(=O)C(CCC(=O)NC(CC(N)=O)C(=O)O)NC(=O)Nc1nc(F)nc2[nH]cnc12)C(=O)O
rxnflow_6td3,greedy_oracle,89,89,95,1,-2.1378500000000003,CC(O)C(NC(=O)C(N)CCC(=O)NC(CC(N)=O)C(=O)O)C(=O)O,CC(OC(=O)C(N)Cc1c[nH]cn1)C(NC(=O)C(N)CCC(=O)NC(CC(N)=O)C(=O)O)C(=O)O
rxnflow_6td3,greedy_oracle,90,90,96,1,-2.09492,CC(O)C(NC(=O)C(N)CCC(=O)NC(CC(N)=O)C(=O)O)C(=O)O,CC(OCC(=O)c1cccc(C#N)c1)C(NC(=O)C(N)CCC(=O)NC(CC(N)=O)C(=O)O)C(=O)O
rxnflow_6td3,greedy_oracle,91,91,97,1,-2.0906199999999995,CC(O)C(NC(=O)C(N)CCC(=O)NC(CC(N)=O)C(=O)O)C(=O)O,CC(O)C(NC(=O)C(CCC(=O)NC(CC(N)=O)C(=O)O)Nc1cnc2cccnn12)C(=O)O
rxnflow_6td3,greedy_oracle,92,92,98,1,-2.04589,CC(O)C(NC(=O)C(N)CCC(=O)NC(CC(N)=O)C(=O)O)C(=O)O,CC(O)C(NC(=O)C(CCC(=O)NC(CC(N)=O)C(=O)O)NC(CCl)c1ccc2c(c1)NC(=O)C2)C(=O)O
rxnflow_6td3,greedy_oracle,93,93,101,3,-4.97584,CC(C)C(CNC(CC(=O)O)C(=O)O)NC(=O)c1ccc(O)c(N)c1,CC(C)C(CN(c1ncc2[nH]ccc2n1)C(CC(=O)O)C(=O)O)NC(=O)c1ccc(O)c(N)c1
rxnflow_6td3,greedy_oracle,94,94,102,1,-4.77375,CC(C)C(CNC(CC(=O)O)C(=O)O)NC(=O)c1ccc(O)c(N)c1,CC(C)C(CN(C(=O)Nc1ccccc1F)C(CC(=O)O)C(=O)O)NC(=O)c1ccc(O)c(N)c1
rxnflow_6td3,greedy_oracle,95,95,103,1,-4.77261,CC(C)C(CNC(CC(=O)O)C(=O)O)NC(=O)c1ccc(O)c(N)c1,CC(C)C(CNC(CC(=O)O)C1=NC(C(=O)O)Cc2ccc(O)cc21)NC(=O)c1ccc(O)c(N)c1
rxnflow_6td3,greedy_oracle,96,96,104,1,-4.4610899999999996,CC(C)C(CNC(CC(=O)O)C(=O)O)NC(=O)c1ccc(O)c(N)c1,CC(C)C(CNC(CC(=O)O)C(=O)O)NC(=O)c1ccc(O)c(Nc2ccc(C#N)cc2)c1
rxnflow_6td3,greedy_oracle,97,97,105,1,-4.258369999999999,CC(C)C(CNC(CC(=O)O)C(=O)O)NC(=O)c1ccc(O)c(N)c1,CC(C)C(CNC(CC(=O)OCc1cc(F)ccc1C#N)C(=O)O)NC(=O)c1ccc(O)c(N)c1
rxnflow_6td3,greedy_oracle,98,98,106,1,-4.24691,CC(C)C(CNC(CC(=O)O)C(=O)O)NC(=O)c1ccc(O)c(N)c1,CC(C)C(CN(CC1CCCN1)C(CC(=O)O)C(=O)O)NC(=O)c1ccc(O)c(N)c1
rxnflow_6td3,greedy_oracle,99,99,107,1,-4.16739,CC(C)C(CNC(CC(=O)O)C(=O)O)NC(=O)c1ccc(O)c(N)c1,CC(C)C(CNC(CC(=O)NCCc1ccc(S(N)(=O)=O)cc1)C(=O)O)NC(=O)c1ccc(O)c(N)c1
rxnflow_6td3,greedy_oracle,100,100,108,1,-3.92127,CC(C)C(CNC(CC(=O)O)C(=O)O)NC(=O)c1ccc(O)c(N)c1,CC(C)C(CNC(CCNCCCCC(N)C(=O)O)C(=O)O)NC(=O)c1ccc(O)c(N)c1
rxnflow_6td3,greedy_oracle,101,101,109,1,-3.88921,CC(C)C(CNC(CC(=O)O)C(=O)O)NC(=O)c1ccc(O)c(N)c1,CCC(N)c1nc2cc(C(=O)NC(CNC(CC(=O)O)C(=O)O)C(C)C)ccc2o1
rxnflow_6td3,greedy_oracle,102,102,110,1,-3.846490000000001,CC(C)C(CNC(CC(=O)O)C(=O)O)NC(=O)c1ccc(O)c(N)c1,CC(C)C(CNC(CC(=O)O)C(=O)O)NC(=O)c1ccc(O)c(NC(=O)c2ncccc2C(F)(F)F)c1
rxnflow_6td3,greedy_oracle,103,103,111,1,-3.8116700000000012,CC(C)C(CNC(CC(=O)O)C(=O)O)NC(=O)c1ccc(O)c(N)c1,CC(C)C(CNC(CC(=O)N1Cc2ccccc2CC1C(=O)O)C(=O)O)NC(=O)c1ccc(O)c(N)c1
rxnflow_6td3,greedy_oracle,104,104,112,1,-3.562900000000001,CC(C)C(CNC(CC(=O)O)C(=O)O)NC(=O)c1ccc(O)c(N)c1,CC(C)C(CNC(CC(=O)O)C(=O)O)NC(=O)c1ccc(O)c(NC(=O)C2Cc3ccccc3CN2)c1
rxnflow_6td3,greedy_oracle,105,105,113,1,-3.54163,CC(C)C(CNC(CC(=O)O)C(=O)O)NC(=O)c1ccc(O)c(N)c1,CC(C)C(CNC(CC(=O)O)C(=O)O)NC(=O)c1ccc(O)c(NCC(N)CCCNC(=N)N)c1
rxnflow_6td3,greedy_oracle,106,106,114,1,-3.5066800000000002,CC(C)C(CNC(CC(=O)O)C(=O)O)NC(=O)c1ccc(O)c(N)c1,CC(C)C(CNC(CC(=O)O)C(=O)O)NC(=O)c1ccc(O)c(NC(=O)NCc2c[nH]c3ccccc23)c1
rxnflow_6td3,greedy_oracle,107,107,115,1,-3.3832000000000004,CC(C)C(CNC(CC(=O)O)C(=O)O)NC(=O)c1ccc(O)c(N)c1,CC(C)C(CNC(CC(=O)O)C(=O)O)NC(=O)c1ccc(OC(=O)C(N)Cc2cccs2)c(N)c1
rxnflow_6td3,greedy_oracle,108,108,116,1,-3.11637,CC(C)C(CNC(CC(=O)O)C(=O)O)NC(=O)c1ccc(O)c(N)c1,COc1ccc2nc(C(CC(=O)O)NCC(NC(=O)c3ccc(O)c(N)c3)C(C)C)[nH]c2c1
rxnflow_6td3,greedy_oracle,109,109,117,1,-3.066019999999999,CC(C)C(CNC(CC(=O)O)C(=O)O)NC(=O)c1ccc(O)c(N)c1,CC(C)C(CNC(CC(=O)O)c1nc2cc(C#N)ccc2o1)NC(=O)c1ccc(O)c(N)c1
rxnflow_6td3,greedy_oracle,110,110,118,1,-3.0501699999999996,CC(C)C(CNC(CC(=O)O)C(=O)O)NC(=O)c1ccc(O)c(N)c1,CC(C)C(CNC(CC(=O)O)C(=O)O)NC(=O)c1ccc(O)c(NC(=O)N2CCCC(CO)C2)c1
rxnflow_6td3,greedy_oracle,111,111,119,1,-3.02839,CC(C)C(CNC(CC(=O)O)C(=O)O)NC(=O)c1ccc(O)c(N)c1,CC(C)C(CNC(CC(=O)O)C(=O)O)NC(=O)c1ccc(O)c(NS(=O)(=O)c2cccc3ccccc23)c1
rxnflow_6td3,greedy_oracle,112,112,120,1,-2.92122,CC(C)C(CNC(CC(=O)O)C(=O)O)NC(=O)c1ccc(O)c(N)c1,CC(C)C(CNC(CC(=O)O)C1=NCCc2c1[nH]c1ccccc21)NC(=O)c1ccc(O)c(N)c1
rxnflow_6td3,greedy_oracle,113,113,121,1,-2.8992999999999993,CC(C)C(CNC(CC(=O)O)C(=O)O)NC(=O)c1ccc(O)c(N)c1,CC(C)C(CNC(CCN1CCCC1C(F)(F)F)C(=O)O)NC(=O)c1ccc(O)c(N)c1
rxnflow_6td3,greedy_oracle,114,114,122,1,-2.80105,CC(C)C(CNC(CC(=O)O)C(=O)O)NC(=O)c1ccc(O)c(N)c1,CC(C)C(CN(c1cc(F)ccc1C(=O)CCl)C(CC(=O)O)C(=O)O)NC(=O)c1ccc(O)c(N)c1
rxnflow_6td3,greedy_oracle,115,115,123,1,-2.788989999999999,CC(C)C(CNC(CC(=O)O)C(=O)O)NC(=O)c1ccc(O)c(N)c1,COc1ccc(C(F)(F)F)cc1CNc1cc(C(=O)NC(CNC(CC(=O)O)C(=O)O)C(C)C)ccc1O
rxnflow_6td3,greedy_oracle,116,116,124,1,-2.4391999999999996,CC(C)C(CNC(CC(=O)O)C(=O)O)NC(=O)c1ccc(O)c(N)c1,CC(C)C(CN(CC(N)Cc1c[nH]c2ccccc12)C(CC(=O)O)C(=O)O)NC(=O)c1ccc(O)c(N)c1
rxnflow_6td3,greedy_oracle,117,117,125,1,-2.2364299999999995,CC(C)C(CNC(CC(=O)O)C(=O)O)NC(=O)c1ccc(O)c(N)c1,CC(C)C(CNC(CC(=O)Nc1cccc2cc[nH]c12)C(=O)O)NC(=O)c1ccc(O)c(N)c1
rxnflow_6td3,greedy_oracle,118,118,126,1,-2.11538,CC(C)C(CNC(CC(=O)O)C(=O)O)NC(=O)c1ccc(O)c(N)c1,CC(C)C(CNC(CC(=O)OCC(=O)c1ccc2c(c1)NC(=O)C2)C(=O)O)NC(=O)c1ccc(O)c(N)c1
rxnflow_6td3,greedy_oracle,119,119,129,3,-4.643400000000001,CC(C)C(NCc1ccccc1N)C(=O)NC(CO)C(=O)O,CC(C)C(NCc1ccccc1NC(=O)NCCc1c[nH]c2ccccc12)C(=O)NC(CO)C(=O)O
rxnflow_6td3,greedy_oracle,120,120,130,1,-4.50828,CC(C)C(NCc1ccccc1N)C(=O)NC(CO)C(=O)O,CC(C)C(NCc1ccccc1N)C(=O)NC(CO)CNC(C(=O)O)c1ccccc1
rxnflow_6td3,greedy_oracle,121,121,131,1,-4.399150000000001,CC(C)C(NCc1ccccc1N)C(=O)NC(CO)C(=O)O,CC(C)C(NCc1ccccc1NCC(=O)CBr)C(=O)NC(CO)C(=O)O
rxnflow_6td3,greedy_oracle,122,122,132,1,-4.35044,CC(C)C(NCc1ccccc1N)C(=O)NC(CO)C(=O)O,CC(C)C(NCc1ccccc1N)C(=O)NC(CO)C(=O)NCc1ccccc1O
rxnflow_6td3,greedy_oracle,123,123,133,1,-4.10051,CC(C)C(NCc1ccccc1N)C(=O)NC(CO)C(=O)O,CC(C)C(NCc1ccccc1N)C(=O)NC(COC(=O)c1cccnc1Br)C(=O)O
rxnflow_6td3,greedy_oracle,124,124,134,1,-4.08631,CC(C)C(NCc1ccccc1N)C(=O)NC(CO)C(=O)O,COc1cccc2c1CCN=C2C(CO)NC(=O)C(NCc1ccccc1N)C(C)C
rxnflow_6td3,greedy_oracle,125,125,135,1,-3.8260699999999996,CC(C)C(NCc1ccccc1N)C(=O)NC(CO)C(=O)O,CC(C)C(C(=O)NC(CO)C(=O)O)N(Cc1ccccc1N)C(=O)Nc1cccc2ccccc12
rxnflow_6td3,greedy_oracle,126,126,136,1,-3.58617,CC(C)C(NCc1ccccc1N)C(=O)NC(CO)C(=O)O,Cc1ccc(S(=O)(=O)F)cc1NC(=O)Nc1ccccc1CNC(C(=O)NC(CO)C(=O)O)C(C)C
rxnflow_6td3,greedy_oracle,127,127,137,1,-3.46328,CC(C)C(NCc1ccccc1N)C(=O)NC(CO)C(=O)O,CC(C)C(NCc1ccccc1Nc1c(C(F)(F)F)nc2ccccc2c1O)C(=O)NC(CO)C(=O)O
rxnflow_6td3,greedy_oracle,128,128,138,1,-3.3540199999999993,CC(C)C(NCc1ccccc1N)C(=O)NC(CO)C(=O)O,CC(C)C(NCc1ccccc1N)C(=O)NC(CO)C(=O)Oc1cncc(Br)c1
rxnflow_6td3,greedy_oracle,129,129,139,1,-3.2965600000000004,CC(C)C(NCc1ccccc1N)C(=O)NC(CO)C(=O)O,CC(C)C(NCc1ccccc1N)C(=O)NC(CO)C1=NC(C(=O)O)Cc2ccc([N+](=O)[O-])cc21
rxnflow_6td3,greedy_oracle,130,130,140,1,-3.2370899999999994,CC(C)C(NCc1ccccc1N)C(=O)NC(CO)C(=O)O,CC(C)C(NCc1ccccc1N)C(=O)NC(COC(=O)C(N)Cc1c[nH]c2ccccc12)C(=O)O
rxnflow_6td3,greedy_oracle,131,131,141,1,-3.15918,CC(C)C(NCc1ccccc1N)C(=O)NC(CO)C(=O)O,CC(C)C(NCc1ccccc1N)C(=O)NC(COCC(=O)c1cccc(C#N)c1)C(=O)O
rxnflow_6td3,greedy_oracle,132,132,142,1,-3.1413199999999994,CC(C)C(NCc1ccccc1N)C(=O)NC(CO)C(=O)O,CC(C)C(NCc1ccccc1NC(=O)C(N)CCCNC(=N)N)C(=O)NC(CO)C(=O)O
rxnflow_6td3,greedy_oracle,133,133,143,1,-3.0046999999999997,CC(C)C(NCc1ccccc1N)C(=O)NC(CO)C(=O)O,CC(C)C(NCc1ccccc1Nc1cncc(C#N)c1)C(=O)NC(CO)C(=O)O
rxnflow_6td3,greedy_oracle,134,134,144,1,-2.8530699999999998,CC(C)C(NCc1ccccc1N)C(=O)NC(CO)C(=O)O,CC(C)C(NCc1ccccc1N)C(=O)NC(CO)c1nc2cc(C(=O)O)ccc2o1
rxnflow_6td3,greedy_oracle,135,135,145,1,-2.82988,CC(C)C(NCc1ccccc1N)C(=O)NC(CO)C(=O)O,CC(C)C(C(=O)NC(CO)C(=O)O)N(Cc1ccccc1N)c1ccc2c(C=O)c[nH]c2c1
rxnflow_6td3,greedy_oracle,136,136,146,1,-2.73067,CC(C)C(NCc1ccccc1N)C(=O)NC(CO)C(=O)O,CC(C)C(NCc1ccccc1NC(CCl)c1ccc(F)cc1F)C(=O)NC(CO)C(=O)O
rxnflow_6td3,greedy_oracle,137,137,147,1,-2.6935399999999996,CC(C)C(NCc1ccccc1N)C(=O)NC(CO)C(=O)O,CC(C)C(NCc1ccccc1N)C(=O)NC(CO)CN1Cc2ccccc2CC1C(=O)O
rxnflow_6td3,greedy_oracle,138,138,148,1,-2.554430000000001,CC(C)C(NCc1ccccc1N)C(=O)NC(CO)C(=O)O,CC(C)C(C(=O)NC(CO)C(=O)O)N(Cc1ccccc1N)C(=O)C(N)CCCN
rxnflow_6td3,greedy_oracle,139,139,149,1,-2.36238,CC(C)C(NCc1ccccc1N)C(=O)NC(CO)C(=O)O,CC(C)C(NCc1ccccc1NC(=O)N1Cc2ccccc2CC1C(=O)O)C(=O)NC(CO)C(=O)O
rxnflow_6td3,greedy_oracle,140,140,150,1,-2.3524499999999993,CC(C)C(NCc1ccccc1N)C(=O)NC(CO)C(=O)O,CC(C)C(NCc1ccccc1N)C(=O)NC(CO)CNCCc1c[nH]c2ccc(O)cc12
rxnflow_6td3,greedy_oracle,141,141,151,1,-2.350669999999999,CC(C)C(NCc1ccccc1N)C(=O)NC(CO)C(=O)O,CC(C)C(NCc1ccccc1N)C(=O)NC(COC(=O)C1Cc2ccccc2CN1)C(=O)O
rxnflow_6td3,greedy_oracle,142,142,152,1,-2.0702000000000007,CC(C)C(NCc1ccccc1N)C(=O)NC(CO)C(=O)O,CC(C)C(NCc1ccccc1N)C(=O)NC(CO)C(=O)N1CCCC(C(=O)O)C1
rxnflow_6td3,greedy_oracle,143,143,153,1,-2.0527299999999995,CC(C)C(NCc1ccccc1N)C(=O)NC(CO)C(=O)O,CC(C)C(NCc1ccccc1N)C(=O)NC(CO)c1nc2ccc(Br)cc2[nH]1
rxnflow_6td3,greedy_oracle,144,144,156,3,-4.761239999999999,N#Cc1cc(N)cc(NC(CO)C(=O)NCCC(=O)O)c1,N#Cc1cc(N)cc(NC(CO)C(=O)NCCCN2CCC(=O)C2)c1
rxnflow_6td3,greedy_oracle,145,145,157,1,-4.377140000000001,N#Cc1cc(N)cc(NC(CO)C(=O)NCCC(=O)O)c1,CN1CCCC(Cn2nnc(-c3cc(N)cc(NC(CO)C(=O)NCCC(=O)O)c3)n2)C1
rxnflow_6td3,greedy_oracle,146,146,158,1,-4.21081,N#Cc1cc(N)cc(NC(CO)C(=O)NCCC(=O)O)c1,Nc1cc(NC(CO)C(=O)NCCC(=O)O)cc(-c2nnnn2Cc2cscn2)c1
rxnflow_6td3,greedy_oracle,147,147,159,1,-4.05297,N#Cc1cc(N)cc(NC(CO)C(=O)NCCC(=O)O)c1,N#Cc1cc(N)cc(NC(CO)C(=O)NCCc2nc3cc(C(=O)O)ccc3o2)c1
rxnflow_6td3,greedy_oracle,148,148,160,1,-3.98773,N#Cc1cc(N)cc(NC(CO)C(=O)NCCC(=O)O)c1,N#Cc1cc(N)cc(NC(CO)C(=O)NCCCNCc2c[nH]c3ccccc23)c1
rxnflow_6td3,greedy_oracle,149,149,161,1,-3.9301399999999997,N#Cc1cc(N)cc(NC(CO)C(=O)NCCC(=O)O)c1,Cc1sc(Cl)nc1C(=O)Nc1cc(C#N)cc(NC(CO)C(=O)NCCC(=O)O)c1
rxnflow_6td3,greedy_oracle,150,150,162,1,-3.9139500000000003,N#Cc1cc(N)cc(NC(CO)C(=O)NCCC(=O)O)c1,N#Cc1cc(N)cc(NC(CO)C(=O)NCCCNc2cccc(Br)c2C(=O)O)c1
rxnflow_6td3,greedy_oracle,151,151,163,1,-3.90772,N#Cc1cc(N)cc(NC(CO)C(=O)NCCC(=O)O)c1,CC(OC(=O)CCNC(=O)C(CO)Nc1cc(N)cc(C#N)c1)C(N)C(=O)O
rxnflow_6td3,greedy_oracle,152,152,164,1,-3.80285,N#Cc1cc(N)cc(NC(CO)C(=O)NCCC(=O)O)c1,COc1cccc(C(C)Nc2cc(C#N)cc(NC(CO)C(=O)NCCC(=O)O)c2)c1
rxnflow_6td3,greedy_oracle,153,153,165,1,-3.61261,N#Cc1cc(N)cc(NC(CO)C(=O)NCCC(=O)O)c1,N#Cc1cc(NC(=O)Nc2ccc(C(=O)O)cc2N)cc(NC(CO)C(=O)NCCC(=O)O)c1
rxnflow_6td3,greedy_oracle,154,154,166,1,-3.4167899999999998,N#Cc1cc(N)cc(NC(CO)C(=O)NCCC(=O)O)c1,N#Cc1cc(N)cc(N(C(=O)NCCN2CCNCC2)C(CO)C(=O)NCCC(=O)O)c1
rxnflow_6td3,greedy_oracle,155,155,167,1,-3.36545,N#Cc1cc(N)cc(NC(CO)C(=O)NCCC(=O)O)c1,N#Cc1cc(NC(=O)N2Cc3ccccc3CC2C(=O)O)cc(NC(CO)C(=O)NCCC(=O)O)c1
rxnflow_6td3,greedy_oracle,156,156,168,1,-3.3565799999999992,N#Cc1cc(N)cc(NC(CO)C(=O)NCCC(=O)O)c1,N#Cc1cc(N)cc(NC(COC(=O)c2cscn2)C(=O)NCCC(=O)O)c1
rxnflow_6td3,greedy_oracle,157,157,169,1,-3.283479999999999,N#Cc1cc(N)cc(NC(CO)C(=O)NCCC(=O)O)c1,N#Cc1cc(N)cc(N(C(=O)NC(Cc2c[nH]c3ccccc23)C(=O)O)C(CO)C(=O)NCCC(=O)O)c1
rxnflow_6td3,greedy_oracle,158,158,170,1,-3.1017899999999994,N#Cc1cc(N)cc(NC(CO)C(=O)NCCC(=O)O)c1,N#Cc1cc(NCC(N)CCCNC(=N)N)cc(NC(CO)C(=O)NCCC(=O)O)c1
rxnflow_6td3,greedy_oracle,159,159,171,1,-3.0440199999999997,N#Cc1cc(N)cc(NC(CO)C(=O)NCCC(=O)O)c1,N#Cc1cc(Nc2ccc(C#N)c(CBr)c2)cc(NC(CO)C(=O)NCCC(=O)O)c1
rxnflow_6td3,greedy_oracle,160,160,172,1,-2.8253900000000005,N#Cc1cc(N)cc(NC(CO)C(=O)NCCC(=O)O)c1,COc1ccc(C(F)(F)F)cc1CNc1cc(C#N)cc(NC(CO)C(=O)NCCC(=O)O)c1
rxnflow_6td3,greedy_oracle,161,161,173,1,-2.7766800000000007,N#Cc1cc(N)cc(NC(CO)C(=O)NCCC(=O)O)c1,N#Cc1cc(N)cc(NC(CO)C(=O)NCCC2=NC(C(=O)O)Cc3ccc([N+](=O)[O-])cc32)c1
rxnflow_6td3,greedy_oracle,162,162,174,1,-2.6841799999999996,N#Cc1cc(N)cc(NC(CO)C(=O)NCCC(=O)O)c1,N#Cc1cc(N)cc(NC(CO)C(=O)NCCC2=NCCc3c2[nH]c2ccc(O)cc32)c1
rxnflow_6td3,greedy_oracle,163,163,175,1,-2.6070100000000007,N#Cc1cc(N)cc(NC(CO)C(=O)NCCC(=O)O)c1,N#Cc1cc(Nc2ccc([N+](=O)[O-])c3ncccc23)cc(NC(CO)C(=O)NCCC(=O)O)c1
rxnflow_6td3,greedy_oracle,164,164,176,1,-2.5831299999999997,N#Cc1cc(N)cc(NC(CO)C(=O)NCCC(=O)O)c1,N#Cc1cc(N)cc(NC(COCc2ccc([N+](=O)[O-])c(F)c2)C(=O)NCCC(=O)O)c1
rxnflow_6td3,greedy_oracle,165,165,177,1,-2.5271599999999994,N#Cc1cc(N)cc(NC(CO)C(=O)NCCC(=O)O)c1,N#Cc1cc(N)cc(NC(CO)C(=O)NCCC(=O)Nc2ccncc2C=O)c1
rxnflow_6td3,greedy_oracle,166,166,178,1,-2.2708500000000003,N#Cc1cc(N)cc(NC(CO)C(=O)NCCC(=O)O)c1,N#Cc1cc(NC(CO)C(=O)NCCC(=O)O)cc(NS(=O)(=O)c2cccc3ccccc23)c1
rxnflow_6td3,greedy_oracle,167,167,179,1,-2.259219999999999,N#Cc1cc(N)cc(NC(CO)C(=O)NCCC(=O)O)c1,N#Cc1cc(N)cc(NC(CO)C(=O)NCCc2nc3ccc(Br)cc3[nH]2)c1
rxnflow_6td3,greedy_oracle,168,168,180,1,-2.205799999999999,N#Cc1cc(N)cc(NC(CO)C(=O)NCCC(=O)O)c1,N#Cc1cc(N)cc(NC(COC(=O)C2Cc3ccccc3CN2)C(=O)NCCC(=O)O)c1
rxnflow_6td3,greedy_oracle,169,169,183,3,-4.8415300000000006,NC(=O)CC(NCCCC(NC(=O)C(N)Cc1ccccc1)C(=O)O)C(=O)O,NC(=O)CC(NCCCC(NC(=O)C(Cc1ccccc1)NC(=O)c1ccc(O)c(N)c1)C(=O)O)C(=O)O
rxnflow_6td3,greedy_oracle,170,170,184,1,-4.621379999999999,NC(=O)CC(NCCCC(NC(=O)C(N)Cc1ccccc1)C(=O)O)C(=O)O,NC(=O)CC(NCCCC(NC(=O)C(N)Cc1ccccc1)C(=O)O)c1nc2cc(F)ccc2o1
rxnflow_6td3,greedy_oracle,171,171,185,1,-4.6182099999999995,NC(=O)CC(NCCCC(NC(=O)C(N)Cc1ccccc1)C(=O)O)C(=O)O,NC(=O)CC(NCCCC(NC(=O)C1Cc2ccccc2C(c2ccncc2)N1)C(=O)O)C(=O)O
rxnflow_6td3,greedy_oracle,172,172,186,1,-4.173109999999999,NC(=O)CC(NCCCC(NC(=O)C(N)Cc1ccccc1)C(=O)O)C(=O)O,NC(=O)CC(NCCCC(NC(=O)C(N)Cc1ccccc1)C(=O)O)C1=NCCc2c1[nH]c1ccccc21
rxnflow_6td3,greedy_oracle,173,173,187,1,-4.104690000000001,NC(=O)CC(NCCCC(NC(=O)C(N)Cc1ccccc1)C(=O)O)C(=O)O,NC(=O)CC(NCCCC(NC(=O)C(N)Cc1ccccc1)C(=O)Oc1ccc(F)cc1N)C(=O)O
rxnflow_6td3,greedy_oracle,174,174,188,1,-4.086150000000001,NC(=O)CC(NCCCC(NC(=O)C(N)Cc1ccccc1)C(=O)O)C(=O)O,NC(=O)CC(C(=O)O)N(CCCC(NC(=O)C(N)Cc1ccccc1)C(=O)O)C(=O)NCc1cccc(O)c1
rxnflow_6td3,greedy_oracle,175,175,189,1,-3.683560000000001,NC(=O)CC(NCCCC(NC(=O)C(N)Cc1ccccc1)C(=O)O)C(=O)O,NC(=O)CC(NCCCC(CNc1c(O)cccc1C(=O)O)NC(=O)C(N)Cc1ccccc1)C(=O)O
rxnflow_6td3,greedy_oracle,176,176,190,1,-3.675350000000001,NC(=O)CC(NCCCC(NC(=O)C(N)Cc1ccccc1)C(=O)O)C(=O)O,NC(=O)CC(NCCCC(NC(=O)C(Cc1ccccc1)Nc1ccc2c(C=O)c[nH]c2c1)C(=O)O)C(=O)O
rxnflow_6td3,greedy_oracle,177,177,191,1,-3.56276,NC(=O)CC(NCCCC(NC(=O)C(N)Cc1ccccc1)C(=O)O)C(=O)O,NC(=O)CC(NCCCC(NC(=O)C1Cc2ccccc2C(c2ccc(CCl)cc2)=N1)C(=O)O)C(=O)O
rxnflow_6td3,greedy_oracle,178,178,192,1,-3.39836,NC(=O)CC(NCCCC(NC(=O)C(N)Cc1ccccc1)C(=O)O)C(=O)O,CCC(C)C(N)CN(CCCC(NC(=O)C(N)Cc1ccccc1)C(=O)O)C(CC(N)=O)C(=O)O
rxnflow_6td3,greedy_oracle,179,179,193,1,-3.0437399999999997,NC(=O)CC(NCCCC(NC(=O)C(N)Cc1ccccc1)C(=O)O)C(=O)O,NC(=O)CC(NCCCC(NC(=O)C(N)Cc1ccccc1)C(=O)O)C1=NC(C(=O)O)Cc2ccc([N+](=O)[O-])cc21
rxnflow_6td3,greedy_oracle,180,180,194,1,-3.0111600000000003,NC(=O)CC(NCCCC(NC(=O)C(N)Cc1ccccc1)C(=O)O)C(=O)O,COc1ccc(C(F)(F)F)cc1CNC(Cc1ccccc1)C(=O)NC(CCCNC(CC(N)=O)C(=O)O)C(=O)O
rxnflow_6td3,greedy_oracle,181,181,195,1,-3.0042800000000005,NC(=O)CC(NCCCC(NC(=O)C(N)Cc1ccccc1)C(=O)O)C(=O)O,NC(=O)CC(NCCCC(NC(=O)C(N)Cc1ccccc1)C(=O)N1Cc2ccccc2CC1C(=O)O)C(=O)O
rxnflow_6td3,greedy_oracle,182,182,196,1,-2.9376100000000003,NC(=O)CC(NCCCC(NC(=O)C(N)Cc1ccccc1)C(=O)O)C(=O)O,N#Cc1cc(Br)cc(NC(=O)C(CCCNC(CC(N)=O)C(=O)O)NC(=O)C(N)Cc2ccccc2)c1
rxnflow_6td3,greedy_oracle,183,183,197,1,-2.721989999999999,NC(=O)CC(NCCCC(NC(=O)C(N)Cc1ccccc1)C(=O)O)C(=O)O,NC(=O)CC(NCCCC(NC(=O)C(Cc1ccccc1)Nc1ccc([N+](=O)[O-])c2ncccc12)C(=O)O)C(=O)O
rxnflow_6td3,greedy_oracle,184,184,198,1,-2.6664699999999995,NC(=O)CC(NCCCC(NC(=O)C(N)Cc1ccccc1)C(=O)O)C(=O)O,NC(=O)CC(NCCCC(NC(=O)C(Cc1ccccc1)Nc1nnnn1-c1c(Cl)cccc1Cl)C(=O)O)C(=O)O
rxnflow_6td3,greedy_oracle,185,185,199,1,-2.58924,NC(=O)CC(NCCCC(NC(=O)C(N)Cc1ccccc1)C(=O)O)C(=O)O,NC(=O)CC(NCCCC(NC(=O)C(Cc1ccccc1)Nc1nc(N)c2nc[nH]c2n1)C(=O)O)C(=O)O
rxnflow_6td3,greedy_oracle,186,186,200,1,-2.5597200000000004,NC(=O)CC(NCCCC(NC(=O)C(N)Cc1ccccc1)C(=O)O)C(=O)O,NC(=O)CC(NCCCC(NC(=O)C(Cc1ccccc1)NC(CCl)c1ccc2c(c1)NC(=O)C2)C(=O)O)C(=O)O
rxnflow_6td3,greedy_oracle,187,187,201,1,-2.4827400000000006,NC(=O)CC(NCCCC(NC(=O)C(N)Cc1ccccc1)C(=O)O)C(=O)O,N#Cc1ccc(N(CCCC(NC(=O)C(N)Cc2ccccc2)C(=O)O)C(CC(N)=O)C(=O)O)nc1
rxnflow_6td3,greedy_oracle,188,188,202,1,-2.25952,NC(=O)CC(NCCCC(NC(=O)C(N)Cc1ccccc1)C(=O)O)C(=O)O,NC(=O)CC(NCCCC(NC(=O)C(N)Cc1ccccc1)C(=O)NC(Cc1c[nH]c2ccccc12)C(=O)O)C(=O)O
rxnflow_6td3,greedy_oracle,189,189,203,1,-2.2452300000000003,NC(=O)CC(NCCCC(NC(=O)C(N)Cc1ccccc1)C(=O)O)C(=O)O,NC(=O)CC(NCCCC(NC(=O)C(Cc1ccccc1)NCC1CCCNC1)C(=O)O)C(=O)O
rxnflow_6td3,greedy_oracle,190,190,204,1,-2.20563,NC(=O)CC(NCCCC(NC(=O)C(N)Cc1ccccc1)C(=O)O)C(=O)O,NC(=O)CC(NCCCC(C(=O)O)N1C(=O)C(Cc2ccccc2)NC1=Nc1ccc(OC(F)(F)F)cc1)C(=O)O
rxnflow_6td3,greedy_oracle,191,191,205,1,-2.08786,NC(=O)CC(NCCCC(NC(=O)C(N)Cc1ccccc1)C(=O)O)C(=O)O,NC(=O)CC(NCCCC(CN1CCC(S(=O)(=O)F)CC1)NC(=O)C(N)Cc1ccccc1)C(=O)O
rxnflow_6td3,greedy_oracle,192,192,206,1,-2.0507299999999997,NC(=O)CC(NCCCC(NC(=O)C(N)Cc1ccccc1)C(=O)O)C(=O)O,NC(=O)CC(NCCCC(NC(=O)C(Cc1ccccc1)NS(=O)(=O)c1cccc2ccccc12)C(=O)O)C(=O)O
rxnflow_6td3,greedy_oracle,193,193,209,3,-4.4148000000000005,CC(NC(=O)NCCCC(NCC(N)C(C)C)C(=O)O)c1ccccc1,CC(NC(=O)NCCCC(CNc1cccc(Br)c1N)NCC(N)C(C)C)c1ccccc1
rxnflow_6td3,greedy_oracle,194,194,210,1,-4.11951,CC(NC(=O)NCCCC(NCC(N)C(C)C)C(=O)O)c1ccccc1,CC(NC(=O)NCCCC(C(=O)O)N(CC(N)C(C)C)c1cc(C(=O)O)ccc1N)c1ccccc1
rxnflow_6td3,greedy_oracle,195,195,211,1,-4.048080000000001,CC(NC(=O)NCCCC(NCC(N)C(C)C)C(=O)O)c1ccccc1,CC(NC(=O)NCCCC(NCC(Nc1ccc(C(F)(F)F)cn1)C(C)C)C(=O)O)c1ccccc1
rxnflow_6td3,greedy_oracle,196,196,212,1,-3.8626400000000007,CC(NC(=O)NCCCC(NCC(N)C(C)C)C(=O)O)c1ccccc1,CC(NC(=O)NCCCC(C(=O)O)N(CC(N)C(C)C)C(=O)NC1CCCCC1)c1ccccc1
rxnflow_6td3,greedy_oracle,197,197,213,1,-3.5099100000000005,CC(NC(=O)NCCCC(NCC(N)C(C)C)C(=O)O)c1ccccc1,CC(NC(=O)NCCCC(NCC(N)C(C)C)C(=O)NC(Cc1ccccc1)C(=O)O)c1ccccc1
rxnflow_6td3,greedy_oracle,198,198,214,1,-3.3170200000000003,CC(NC(=O)NCCCC(NCC(N)C(C)C)C(=O)O)c1ccccc1,CC(NC(=O)NCCCC(C(=O)O)N(CC(N)C(C)C)C(CBr)c1cccs1)c1ccccc1
rxnflow_6td3,greedy_oracle,199,199,215,1,-3.01081,CC(NC(=O)NCCCC(NCC(N)C(C)C)C(=O)O)c1ccccc1,CC(NC(=O)NCCCC(NCC(NC(=O)Nc1ccc(C#N)cc1N)C(C)C)C(=O)O)c1ccccc1
rxnflow_6td3,greedy_oracle,200,200,216,1,-2.7085599999999994,CC(NC(=O)NCCCC(NCC(N)C(C)C)C(=O)O)c1ccccc1,CC(NC(=O)NCCCC(NCC(N)C(C)C)C1=NCCc2c(Br)cccc21)c1ccccc1
rxnflow_6td3,greedy_oracle,201,201,217,1,-2.6701999999999995,CC(NC(=O)NCCCC(NCC(N)C(C)C)C(=O)O)c1ccccc1,CC(NC(=O)NCCCC(C(=O)O)N(CC(N)C(C)C)S(=O)(=O)c1cccc(Br)n1)c1ccccc1
rxnflow_6td3,greedy_oracle,202,202,218,1,-2.6320699999999997,CC(NC(=O)NCCCC(NCC(N)C(C)C)C(=O)O)c1ccccc1,CC(NC(=O)NCCCC(C(=O)O)N(CC(N)Cc1c[nH]cn1)CC(N)C(C)C)c1ccccc1
rxnflow_6td3,greedy_oracle,203,203,219,1,-2.6231599999999995,CC(NC(=O)NCCCC(NCC(N)C(C)C)C(=O)O)c1ccccc1,CC(NC(=O)NCCCC(NCC(N)C(C)C)c1nc2ccc(C#N)cc2[nH]1)c1ccccc1
rxnflow_6td3,greedy_oracle,204,204,220,1,-2.5001599999999993,CC(NC(=O)NCCCC(NCC(N)C(C)C)C(=O)O)c1ccccc1,CC(NC(=O)NCCCC(NCC(N)C(C)C)c1nc2cc(Br)ccc2o1)c1ccccc1
rxnflow_6td3,greedy_oracle,205,205,221,1,-2.4381900000000005,CC(NC(=O)NCCCC(NCC(N)C(C)C)C(=O)O)c1ccccc1,CC(NC(=O)NCCCC(NCC(NC(=O)N1CCCC(C(=O)O)C1)C(C)C)C(=O)O)c1ccccc1
rxnflow_6td3,greedy_oracle,206,206,222,1,-2.3449299999999997,CC(NC(=O)NCCCC(NCC(N)C(C)C)C(=O)O)c1ccccc1,CC(NC(=O)NCCCC(NCC(NCC1Cc2ccccc2CN1)C(C)C)C(=O)O)c1ccccc1
rxnflow_6td3,greedy_oracle,207,207,223,1,-2.305459999999999,CC(NC(=O)NCCCC(NCC(N)C(C)C)C(=O)O)c1ccccc1,CC(NC(=O)NCCCC(NCC(NCC(N)Cc1c[nH]c2ccccc12)C(C)C)C(=O)O)c1ccccc1
rxnflow_6td3,greedy_oracle,208,208,224,1,-2.230690000000001,CC(NC(=O)NCCCC(NCC(N)C(C)C)C(=O)O)c1ccccc1,CC(NC(=O)NCCCC(NCC(N)C(C)C)C(=O)OCc1cc(=O)[nH]c2ccccc12)c1ccccc1
rxnflow_6td3,greedy_oracle,209,209,225,1,-2.213070000000001,CC(NC(=O)NCCCC(NCC(N)C(C)C)C(=O)O)c1ccccc1,CC(NC(=O)NCCCC(CNCCc1c[nH]c2ccc(O)cc12)NCC(N)C(C)C)c1ccccc1
rxnflow_6td3,greedy_oracle,210,210,226,1,-2.19266,CC(NC(=O)NCCCC(NCC(N)C(C)C)C(=O)O)c1ccccc1,CC(NC(=O)NCCCC(NCC(N)C(C)C)C1=NC(C(=O)O)Cc2c1[nH]c1ccccc21)c1ccccc1
rxnflow_6td3,greedy_oracle,211,211,227,1,-2.102900000000001,CC(NC(=O)NCCCC(NCC(N)C(C)C)C(=O)O)c1ccccc1,CC(NC(=O)NCCCC(NCC(NC(CCl)c1ccc2c(c1)NC(=O)C2)C(C)C)C(=O)O)c1ccccc1
rxnflow_6td3,greedy_oracle,212,212,228,1,-2.00833,CC(NC(=O)NCCCC(NCC(N)C(C)C)C(=O)O)c1ccccc1,CC(NC(=O)NCCCC(NCC(NCc1cccc(N=C=S)c1)C(C)C)C(=O)O)c1ccccc1
rxnflow_6td3,greedy_oracle,213,213,229,1,-2.0003200000000003,CC(NC(=O)NCCCC(NCC(N)C(C)C)C(=O)O)c1ccccc1,CC(NC(=O)NCCCC(CN1CCCC1C(F)(F)F)NCC(N)C(C)C)c1ccccc1
rxnflow_6td3,greedy_oracle,214,214,232,3,-4.702780000000001,CC(C)CC(N)CNC(CO)c1nc2ccc(C(=O)O)cc2o1,CC(C)CC(N)CNC(CO)c1nc2ccc(CNC(CC(=O)O)C(=O)O)cc2o1
rxnflow_6td3,greedy_oracle,215,215,233,1,-4.69326,CC(C)CC(N)CNC(CO)c1nc2ccc(C(=O)O)cc2o1,COc1ccc(O)c(NC(=O)c2ccc3nc(C(CO)NCC(N)CC(C)C)oc3c2)c1
rxnflow_6td3,greedy_oracle,216,216,234,1,-4.552139999999999,CC(C)CC(N)CNC(CO)c1nc2ccc(C(=O)O)cc2o1,CC(C)CC(N)CN(C(=O)Nc1ccccc1)C(CO)c1nc2ccc(C(=O)O)cc2o1
rxnflow_6td3,greedy_oracle,217,217,235,1,-4.50363,CC(C)CC(N)CNC(CO)c1nc2ccc(C(=O)O)cc2o1,CC(C)CC(CNC(CO)c1nc2ccc(C(=O)O)cc2o1)NCC(N)Cc1ccccc1
rxnflow_6td3,greedy_oracle,218,218,236,1,-4.25975,CC(C)CC(N)CNC(CO)c1nc2ccc(C(=O)O)cc2o1,CC(C)CC(N)CNC(CO)c1nc2ccc(C(=O)N3CCN(CCN)CC3)cc2o1
rxnflow_6td3,greedy_oracle,219,219,237,1,-4.0226299999999995,CC(C)CC(N)CNC(CO)c1nc2ccc(C(=O)O)cc2o1,CC(C)CC(CNC(CO)c1nc2ccc(C(=O)O)cc2o1)NC(CCl)c1ccc2c(c1)NC(=O)C2
rxnflow_6td3,greedy_oracle,220,220,238,1,-3.8687700000000005,CC(C)CC(N)CNC(CO)c1nc2ccc(C(=O)O)cc2o1,CC(C)CC(N)CNC(CO)c1nc2ccc(C(=O)NC(Cc3c[nH]c4ccccc34)C(=O)O)cc2o1
rxnflow_6td3,greedy_oracle,221,221,239,1,-3.6275299999999993,CC(C)CC(N)CNC(CO)c1nc2ccc(C(=O)O)cc2o1,CC(C)CC(N)CNC(COCc1csc(Cl)n1)c1nc2ccc(C(=O)O)cc2o1
rxnflow_6td3,greedy_oracle,222,222,240,1,-3.31037,CC(C)CC(N)CNC(CO)c1nc2ccc(C(=O)O)cc2o1,CC(C)CC(N)CN(c1ccc2c(C=O)c[nH]c2c1)C(CO)c1nc2ccc(C(=O)O)cc2o1
rxnflow_6td3,greedy_oracle,223,223,241,1,-3.26532,CC(C)CC(N)CNC(CO)c1nc2ccc(C(=O)O)cc2o1,CC(C)CC(CNC(CO)c1nc2ccc(C(=O)O)cc2o1)NC(=O)Nc1cc(Br)cc(C#N)c1
rxnflow_6td3,greedy_oracle,224,224,242,1,-3.0353000000000003,CC(C)CC(N)CNC(CO)c1nc2ccc(C(=O)O)cc2o1,CC(C)CC(N)CNC(CO)c1nc2ccc(-c3nc4ccc(Br)cc4o3)cc2o1
rxnflow_6td3,greedy_oracle,225,225,243,1,-2.924950000000001,CC(C)CC(N)CNC(CO)c1nc2ccc(C(=O)O)cc2o1,CC(C)CC(N)CNC(CO)c1nc2ccc(C3=NCCc4c3[nH]c3ccc(O)cc43)cc2o1
rxnflow_6td3,greedy_oracle,226,226,244,1,-2.8897000000000004,CC(C)CC(N)CNC(CO)c1nc2ccc(C(=O)O)cc2o1,CC(C)CC(N)CN(CC(N)Cc1c[nH]c2ccccc12)C(CO)c1nc2ccc(C(=O)O)cc2o1
rxnflow_6td3,greedy_oracle,227,227,245,1,-2.7891499999999994,CC(C)CC(N)CNC(CO)c1nc2ccc(C(=O)O)cc2o1,CC(C)CC(CNC(CO)c1nc2ccc(C(=O)O)cc2o1)NC(=O)NCCc1c[nH]c2ccc(O)cc12
rxnflow_6td3,greedy_oracle,228,228,246,1,-2.697239999999999,CC(C)CC(N)CNC(CO)c1nc2ccc(C(=O)O)cc2o1,CC(C)CC(N)CN(c1ccc([N+](=O)[O-])c2ncccc12)C(CO)c1nc2ccc(C(=O)O)cc2o1
rxnflow_6td3,greedy_oracle,229,229,247,1,-2.5493700000000006,CC(C)CC(N)CNC(CO)c1nc2ccc(C(=O)O)cc2o1,CC(C)CC(CNC(CO)c1nc2ccc(C(=O)O)cc2o1)Nc1ccc2c(C=O)c[nH]c2c1
rxnflow_6td3,greedy_oracle,230,230,248,1,-2.4968500000000002,CC(C)CC(N)CNC(CO)c1nc2ccc(C(=O)O)cc2o1,CC(C)CC(N)CNC(CO)c1nc2ccc(-c3nc4ccc(C(=O)O)cc4[nH]3)cc2o1
rxnflow_6td3,greedy_oracle,231,231,249,1,-2.4725199999999994,CC(C)CC(N)CNC(CO)c1nc2ccc(C(=O)O)cc2o1,CC(C)CC(N)CN(CC1Cc2ccccc2CN1)C(CO)c1nc2ccc(C(=O)O)cc2o1
rxnflow_6td3,greedy_oracle,232,232,250,1,-2.32435,CC(C)CC(N)CNC(CO)c1nc2ccc(C(=O)O)cc2o1,CC(C)CC(N)CN(C(CO)c1nc2ccc(C(=O)O)cc2o1)S(=O)(=O)c1ccc(F)nc1
rxnflow_6td3,greedy_oracle,233,233,251,1,-2.182909999999999,CC(C)CC(N)CNC(CO)c1nc2ccc(C(=O)O)cc2o1,CC(C)CC(N)CNC(CO)c1nc2ccc(C(=O)Oc3ccc(C#N)cc3N)cc2o1
rxnflow_6td3,greedy_oracle,234,234,252,1,-2.06037,CC(C)CC(N)CNC(CO)c1nc2ccc(C(=O)O)cc2o1,CC(C)CC(N)CNC(CO)c1nc2ccc(C3=NC(C(=O)O)Cc4ccc([N+](=O)[O-])cc43)cc2o1
rxnflow_6td3,greedy_oracle,235,235,255,3,-5.244750000000001,Nc1cccc(Nc2ccc(C(=O)O)cc2NCC(N)CO)c1O,Nc1ccc(Nc2cccc(Nc3ccc(C(=O)O)cc3NCC(N)CO)c2O)cc1N
rxnflow_6td3,greedy_oracle,236,236,256,1,-4.82594,Nc1cccc(Nc2ccc(C(=O)O)cc2NCC(N)CO)c1O,NC(CO)CNc1cc(C(=O)O)ccc1Nc1cccc2nc(C3Cc4ccccc4CN3)oc12
rxnflow_6td3,greedy_oracle,237,237,257,1,-4.77791,Nc1cccc(Nc2ccc(C(=O)O)cc2NCC(N)CO)c1O,N=C(N)NCCCC(N)c1nc2cccc(Nc3ccc(C(=O)O)cc3NCC(N)CO)c2o1
rxnflow_6td3,greedy_oracle,238,238,258,1,-4.3004299999999995,Nc1cccc(Nc2ccc(C(=O)O)cc2NCC(N)CO)c1O,COc1ccc(C(F)(F)F)cc1-c1nc2cccc(Nc3ccc(C(=O)O)cc3NCC(N)CO)c2o1
rxnflow_6td3,greedy_oracle,239,239,259,1,-4.187550000000001,Nc1cccc(Nc2ccc(C(=O)O)cc2NCC(N)CO)c1O,NCCC(=O)OCC(N)CNc1cc(C(=O)O)ccc1Nc1cccc(N)c1O
rxnflow_6td3,greedy_oracle,240,240,260,1,-4.14091,Nc1cccc(Nc2ccc(C(=O)O)cc2NCC(N)CO)c1O,NC(CO)CNc1cc(C(=O)O)ccc1Nc1cccc(NC(=O)NC(Cc2c[nH]c3ccccc23)C(=O)O)c1O
rxnflow_6td3,greedy_oracle,241,241,261,1,-3.6339699999999997,Nc1cccc(Nc2ccc(C(=O)O)cc2NCC(N)CO)c1O,Nc1cccc(N(C(=O)NC(C(=O)O)c2ccccc2)c2ccc(C(=O)O)cc2NCC(N)CO)c1O
rxnflow_6td3,greedy_oracle,242,242,262,1,-3.3812500000000005,Nc1cccc(Nc2ccc(C(=O)O)cc2NCC(N)CO)c1O,Nc1cccc(Nc2ccc(C3=NCCc4c3[nH]c3ccccc43)cc2NCC(N)CO)c1O
rxnflow_6td3,greedy_oracle,243,243,263,1,-3.32453,Nc1cccc(Nc2ccc(C(=O)O)cc2NCC(N)CO)c1O,Nc1cccc(N(c2ccc(C(=O)O)cc2NCC(N)CO)c2c(C(=O)O)ccc(F)c2F)c1O
rxnflow_6td3,greedy_oracle,244,244,264,1,-3.3126799999999994,Nc1cccc(Nc2ccc(C(=O)O)cc2NCC(N)CO)c1O,Nc1cccc(Nc2ccc(C(=O)NC(CCC(=O)O)C(=O)O)cc2NCC(N)CO)c1O
rxnflow_6td3,greedy_oracle,245,245,265,1,-2.7967899999999997,Nc1cccc(Nc2ccc(C(=O)O)cc2NCC(N)CO)c1O,COc1cccc(CNCc2ccc(Nc3cccc(N)c3O)c(NCC(N)CO)c2)c1
rxnflow_6td3,greedy_oracle,246,246,266,1,-2.78888,Nc1cccc(Nc2ccc(C(=O)O)cc2NCC(N)CO)c1O,NC(CO)CNc1cc(C(=O)O)ccc1Nc1cccc(NC(CCl)c2ccc3c(c2)NC(=O)C3)c1O
rxnflow_6td3,greedy_oracle,247,247,267,1,-2.610829999999999,Nc1cccc(Nc2ccc(C(=O)O)cc2NCC(N)CO)c1O,Nc1cccc(Nc2ccc(C(=O)OCc3ccc([N+](=O)[O-])c(F)c3)cc2NCC(N)CO)c1O
rxnflow_6td3,greedy_oracle,248,248,268,1,-2.59244,Nc1cccc(Nc2ccc(C(=O)O)cc2NCC(N)CO)c1O,Nc1cccc(Nc2ccc(C(=O)N3Cc4ccccc4CC3C(=O)O)cc2NCC(N)CO)c1O
rxnflow_6td3,greedy_oracle,249,249,269,1,-2.54899,Nc1cccc(Nc2ccc(C(=O)O)cc2NCC(N)CO)c1O,Nc1cccc(Nc2ccc(-c3nc4ccc(Br)cc4o3)cc2NCC(N)CO)c1O
rxnflow_6td3,greedy_oracle,250,250,270,1,-2.47021,Nc1cccc(Nc2ccc(C(=O)O)cc2NCC(N)CO)c1O,N#Cc1ccc2nc(-c3ccc(Nc4cccc(N)c4O)c(NCC(N)CO)c3)[nH]c2c1
rxnflow_6td3,greedy_oracle,251,251,271,1,-2.4295899999999993,Nc1cccc(Nc2ccc(C(=O)O)cc2NCC(N)CO)c1O,Nc1cccc(Nc2ccc(CNc3nc(F)nc4[nH]cnc34)cc2NCC(N)CO)c1O
rxnflow_6td3,greedy_oracle,252,252,272,1,-2.4197799999999994,Nc1cccc(Nc2ccc(C(=O)O)cc2NCC(N)CO)c1O,Nc1cccc(Nc2ccc(C3=NC(C(=O)O)Cc4ccc([N+](=O)[O-])cc43)cc2NCC(N)CO)c1O
rxnflow_6td3,greedy_oracle,253,253,273,1,-2.36681,Nc1cccc(Nc2ccc(C(=O)O)cc2NCC(N)CO)c1O,Nc1cccc(N(c2ccc(C(=O)O)cc2NCC(N)CO)C(CCl)c2ccc(F)cc2F)c1O
rxnflow_6td3,greedy_oracle,254,254,274,1,-2.1454199999999997,Nc1cccc(Nc2ccc(C(=O)O)cc2NCC(N)CO)c1O,Nc1cccc(N(Cc2c[nH]c3ccc(Br)cc23)c2ccc(C(=O)O)cc2NCC(N)CO)c1O
rxnflow_6td3,greedy_oracle,255,255,275,1,-2.070830000000001,Nc1cccc(Nc2ccc(C(=O)O)cc2NCC(N)CO)c1O,Nc1cccc(Nc2ccc(C(=O)Oc3c(Br)c(C(F)(F)F)nc4ccccc34)cc2NCC(N)CO)c1O
rxnflow_6td3,greedy_oracle,256,256,278,3,-5.213349999999999,Nc1cc(NC(CNC(Cc2ccc(O)cc2)C(=O)O)Cc2ccc(O)cc2)n[nH]1,Nc1cc(N(C(=O)Nc2ccccc2C(=O)O)C(CNC(Cc2ccc(O)cc2)C(=O)O)Cc2ccc(O)cc2)n[nH]1
rxnflow_6td3,greedy_oracle,257,257,279,1,-4.62602,Nc1cc(NC(CNC(Cc2ccc(O)cc2)C(=O)O)Cc2ccc(O)cc2)n[nH]1,Nc1cc(NC(CNC(Cc2ccc(O)cc2)C2=NCCc3c2[nH]c2ccc(O)cc32)Cc2ccc(O)cc2)n[nH]1
rxnflow_6td3,greedy_oracle,258,258,280,1,-4.60259,Nc1cc(NC(CNC(Cc2ccc(O)cc2)C(=O)O)Cc2ccc(O)cc2)n[nH]1,Nc1cc(NC(CNC(Cc2ccc(O)cc2)C(=O)NC(Cc2ccc(O)cc2)C(=O)O)Cc2ccc(O)cc2)n[nH]1
rxnflow_6td3,greedy_oracle,259,259,281,1,-4.541550000000001,Nc1cc(NC(CNC(Cc2ccc(O)cc2)C(=O)O)Cc2ccc(O)cc2)n[nH]1,N#Cc1ccc2[nH]cc(CNc3cc(NC(CNC(Cc4ccc(O)cc4)C(=O)O)Cc4ccc(O)cc4)n[nH]3)c2c1
rxnflow_6td3,greedy_oracle,260,260,282,1,-4.48601,Nc1cc(NC(CNC(Cc2ccc(O)cc2)C(=O)O)Cc2ccc(O)cc2)n[nH]1,COc1ccc2oc(C(Cc3ccc(O)cc3)NCC(Cc3ccc(O)cc3)Nc3cc(N)[nH]n3)nc2c1
rxnflow_6td3,greedy_oracle,261,261,283,1,-4.334280000000001,Nc1cc(NC(CNC(Cc2ccc(O)cc2)C(=O)O)Cc2ccc(O)cc2)n[nH]1,CC(C)(C)c1ccc(C(CCl)Nc2cc(NC(CNC(Cc3ccc(O)cc3)C(=O)O)Cc3ccc(O)cc3)n[nH]2)cc1
rxnflow_6td3,greedy_oracle,262,262,284,1,-4.2034899999999995,Nc1cc(NC(CNC(Cc2ccc(O)cc2)C(=O)O)Cc2ccc(O)cc2)n[nH]1,Nc1cc(NC(Cc2ccc(O)cc2)CN2C(C(=O)O)Cc3ccc(O)cc3C2c2nc3ccccc3[nH]2)n[nH]1
rxnflow_6td3,greedy_oracle,263,263,285,1,-4.16244,Nc1cc(NC(CNC(Cc2ccc(O)cc2)C(=O)O)Cc2ccc(O)cc2)n[nH]1,Nc1cc(N(C(CNC(Cc2ccc(O)cc2)C(=O)O)Cc2ccc(O)cc2)S(=O)(=O)c2ccc(F)nc2)n[nH]1
rxnflow_6td3,greedy_oracle,264,264,286,1,-4.083709999999999,Nc1cc(NC(CNC(Cc2ccc(O)cc2)C(=O)O)Cc2ccc(O)cc2)n[nH]1,COc1cccc(CNCC(Cc2ccc(O)cc2)NCC(Cc2ccc(O)cc2)Nc2cc(N)[nH]n2)c1
rxnflow_6td3,greedy_oracle,265,265,287,1,-3.99216,Nc1cc(NC(CNC(Cc2ccc(O)cc2)C(=O)O)Cc2ccc(O)cc2)n[nH]1,NCCc1c[nH]c2ccc(OC(=O)C(Cc3ccc(O)cc3)NCC(Cc3ccc(O)cc3)Nc3cc(N)[nH]n3)cc12
rxnflow_6td3,greedy_oracle,266,266,288,1,-3.9455599999999995,Nc1cc(NC(CNC(Cc2ccc(O)cc2)C(=O)O)Cc2ccc(O)cc2)n[nH]1,Nc1cc(N(C(CNC(Cc2ccc(O)cc2)C(=O)O)Cc2ccc(O)cc2)C(CCl)c2ccc3c(c2)NC(=O)C3)n[nH]1
rxnflow_6td3,greedy_oracle,267,267,289,1,-3.56689,Nc1cc(NC(CNC(Cc2ccc(O)cc2)C(=O)O)Cc2ccc(O)cc2)n[nH]1,O=C(Nc1cc(NC(CNC(Cc2ccc(O)cc2)C(=O)O)Cc2ccc(O)cc2)n[nH]1)Nc1ccccc1-n1cccc1
rxnflow_6td3,greedy_oracle,268,268,290,1,-3.136639999999999,Nc1cc(NC(CNC(Cc2ccc(O)cc2)C(=O)O)Cc2ccc(O)cc2)n[nH]1,Nc1cc(NC(CNC(Cc2ccc(O)cc2)C2=NC(C(=O)O)Cc3ccc([N+](=O)[O-])cc32)Cc2ccc(O)cc2)n[nH]1
rxnflow_6td3,greedy_oracle,269,269,291,1,-2.99428,Nc1cc(NC(CNC(Cc2ccc(O)cc2)C(=O)O)Cc2ccc(O)cc2)n[nH]1,Nc1cc(N(CCCC(N)C(=O)O)C(CNC(Cc2ccc(O)cc2)C(=O)O)Cc2ccc(O)cc2)n[nH]1
rxnflow_6td3,greedy_oracle,270,270,292,1,-2.99033,Nc1cc(NC(CNC(Cc2ccc(O)cc2)C(=O)O)Cc2ccc(O)cc2)n[nH]1,Nc1cc(N(c2cc(C(F)(F)F)ccc2C=O)C(CNC(Cc2ccc(O)cc2)C(=O)O)Cc2ccc(O)cc2)n[nH]1
rxnflow_6td3,greedy_oracle,271,271,293,1,-2.9875499999999997,Nc1cc(NC(CNC(Cc2ccc(O)cc2)C(=O)O)Cc2ccc(O)cc2)n[nH]1,Nc1cc(NC(CNC(Cc2ccc(O)cc2)C(=O)Oc2c(Br)c(C(F)(F)F)nc3ccccc23)Cc2ccc(O)cc2)n[nH]1
rxnflow_6td3,greedy_oracle,272,272,294,1,-2.9487000000000005,Nc1cc(NC(CNC(Cc2ccc(O)cc2)C(=O)O)Cc2ccc(O)cc2)n[nH]1,Nc1nc(Nc2cc(NC(CNC(Cc3ccc(O)cc3)C(=O)O)Cc3ccc(O)cc3)n[nH]2)nc2[nH]cnc12
rxnflow_6td3,greedy_oracle,273,273,295,1,-2.321670000000001,Nc1cc(NC(CNC(Cc2ccc(O)cc2)C(=O)O)Cc2ccc(O)cc2)n[nH]1,Nc1cc(NC(CNC(Cc2ccc(O)cc2)c2nc3ccc(C(F)(F)F)cc3[nH]2)Cc2ccc(O)cc2)n[nH]1
rxnflow_6td3,greedy_oracle,274,274,296,1,-2.25465,Nc1cc(NC(CNC(Cc2ccc(O)cc2)C(=O)O)Cc2ccc(O)cc2)n[nH]1,Nc1cc(NC(CNC(Cc2ccc(O)cc2)CN2CCC(S(=O)(=O)F)CC2)Cc2ccc(O)cc2)n[nH]1
rxnflow_6td3,greedy_oracle,275,275,297,1,-2.2215300000000004,Nc1cc(NC(CNC(Cc2ccc(O)cc2)C(=O)O)Cc2ccc(O)cc2)n[nH]1,Nc1cc(NC(CNC(Cc2ccc(O)cc2)C(=O)OCC(=O)c2ccc3c(c2)NC(=O)C3)Cc2ccc(O)cc2)n[nH]1
rxnflow_6td3,greedy_oracle,276,276,298,1,-2.17,Nc1cc(NC(CNC(Cc2ccc(O)cc2)C(=O)O)Cc2ccc(O)cc2)n[nH]1,O=C(O)C(Cc1ccc(O)cc1)NCC(Cc1ccc(O)cc1)Nc1cc(NCC2Cc3ccccc3CN2)[nH]n1
rxnflow_6td3,greedy_oracle,277,277,301,3,-5.03999,Nc1ccc(CNc2cc(C(=O)O)ccc2NCc2ccccc2)cc1N,Nc1ccc(CNc2cc(C(=O)N3CCC(O)CC3)ccc2NCc2ccccc2)cc1N
rxnflow_6td3,greedy_oracle,278,278,302,1,-4.949130000000001,Nc1ccc(CNc2cc(C(=O)O)ccc2NCc2ccccc2)cc1N,Nc1ccc(CNc2cc(CN3CCNCC3)ccc2NCc2ccccc2)cc1N
rxnflow_6td3,greedy_oracle,279,279,303,1,-4.898920000000001,Nc1ccc(CNc2cc(C(=O)O)ccc2NCc2ccccc2)cc1N,Nc1ccc(CNc2cc(C(=O)Nc3cccc4cc[nH]c34)ccc2NCc2ccccc2)cc1N
rxnflow_6td3,greedy_oracle,280,280,304,1,-4.872729999999999,Nc1ccc(CNc2cc(C(=O)O)ccc2NCc2ccccc2)cc1N,Nc1ccc(CNc2cc(-c3nc4cccc(Br)c4[nH]3)ccc2NCc2ccccc2)cc1N
rxnflow_6td3,greedy_oracle,281,281,305,1,-4.79537,Nc1ccc(CNc2cc(C(=O)O)ccc2NCc2ccccc2)cc1N,Nc1ccc(CNc2cc(-c3nc4cc(Br)ccc4o3)ccc2NCc2ccccc2)cc1N
rxnflow_6td3,greedy_oracle,282,282,306,1,-4.79516,Nc1ccc(CNc2cc(C(=O)O)ccc2NCc2ccccc2)cc1N,O=C(O)c1ccc(NCc2ccccc2)c(NCc2ccc3nc(-c4cccc(F)c4F)[nH]c3c2)c1
rxnflow_6td3,greedy_oracle,283,283,307,1,-4.67998,Nc1ccc(CNc2cc(C(=O)O)ccc2NCc2ccccc2)cc1N,Nc1cc(CNc2cc(C(=O)O)ccc2NCc2ccccc2)ccc1NC(=O)N1CCCC(C(=O)O)C1
rxnflow_6td3,greedy_oracle,284,284,308,1,-4.53666,Nc1ccc(CNc2cc(C(=O)O)ccc2NCc2ccccc2)cc1N,Nc1ccc(CNc2cc(C3=NC(C(=O)O)Cc4ccccc43)ccc2NCc2ccccc2)cc1N
rxnflow_6td3,greedy_oracle,285,285,309,1,-4.49593,Nc1ccc(CNc2cc(C(=O)O)ccc2NCc2ccccc2)cc1N,Nc1ccc(CN(C(=O)NCCc2ccccc2)c2cc(C(=O)O)ccc2NCc2ccccc2)cc1N
rxnflow_6td3,greedy_oracle,286,286,310,1,-4.31221,Nc1ccc(CNc2cc(C(=O)O)ccc2NCc2ccccc2)cc1N,Nc1ccc(CNc2cc(CNc3c(O)cccc3C(=O)O)ccc2NCc2ccccc2)cc1N
rxnflow_6td3,greedy_oracle,287,287,311,1,-4.27968,Nc1ccc(CNc2cc(C(=O)O)ccc2NCc2ccccc2)cc1N,Nc1cc(CNc2cc(C(=O)O)ccc2NCc2ccccc2)ccc1Nc1ccc(S(=O)(=O)F)cc1
rxnflow_6td3,greedy_oracle,288,288,312,1,-4.220910000000001,Nc1ccc(CNc2cc(C(=O)O)ccc2NCc2ccccc2)cc1N,Nc1cc(CNc2cc(C(=O)O)ccc2NCc2ccccc2)ccc1NC(=O)NCc1c[nH]c2ccccc12
rxnflow_6td3,greedy_oracle,289,289,313,1,-4.1630199999999995,Nc1ccc(CNc2cc(C(=O)O)ccc2NCc2ccccc2)cc1N,Nc1ccc(CNc2cc(C3=NCCc4c3[nH]c3ccccc43)ccc2NCc2ccccc2)cc1N
rxnflow_6td3,greedy_oracle,290,290,314,1,-4.14318,Nc1ccc(CNc2cc(C(=O)O)ccc2NCc2ccccc2)cc1N,Nc1ccc(CNc2cc(C(=O)OCC(=O)c3ccc(Cl)c(Cl)c3)ccc2NCc2ccccc2)cc1N
rxnflow_6td3,greedy_oracle,291,291,315,1,-4.058379999999999,Nc1ccc(CNc2cc(C(=O)O)ccc2NCc2ccccc2)cc1N,N#Cc1ccc(N(Cc2ccc(N)c(N)c2)c2cc(C(=O)O)ccc2NCc2ccccc2)c(C(F)(F)F)c1
rxnflow_6td3,greedy_oracle,292,292,316,1,-3.4817800000000005,Nc1ccc(CNc2cc(C(=O)O)ccc2NCc2ccccc2)cc1N,Nc1ccc(CNc2cc(C(=O)NC(Cc3cccs3)C(=O)O)ccc2NCc2ccccc2)cc1N
rxnflow_6td3,greedy_oracle,293,293,317,1,-3.1758100000000002,Nc1ccc(CNc2cc(C(=O)O)ccc2NCc2ccccc2)cc1N,Nc1ccc(CN(CC(N)Cc2c[nH]c3ccccc23)c2cc(C(=O)O)ccc2NCc2ccccc2)cc1N
rxnflow_6td3,greedy_oracle,294,294,318,1,-2.605730000000001,Nc1ccc(CNc2cc(C(=O)O)ccc2NCc2ccccc2)cc1N,Nc1ccc(CNc2cc(CNCCc3c[nH]c4ccc(O)cc34)ccc2NCc2ccccc2)cc1N
rxnflow_6td3,greedy_oracle,295,295,319,1,-2.5301599999999995,Nc1ccc(CNc2cc(C(=O)O)ccc2NCc2ccccc2)cc1N,Nc1ccc(CNc2cc(CNC(Cc3c[nH]cn3)C(=O)O)ccc2NCc2ccccc2)cc1N
rxnflow_6td3,greedy_oracle,296,296,320,1,-2.4657799999999996,Nc1ccc(CNc2cc(C(=O)O)ccc2NCc2ccccc2)cc1N,COc1ccccc1CCNC(=O)c1ccc(NCc2ccccc2)c(NCc2ccc(N)c(N)c2)c1
rxnflow_6td3,greedy_oracle,297,297,321,1,-2.171500000000001,Nc1ccc(CNc2cc(C(=O)O)ccc2NCc2ccccc2)cc1N,N#Cc1cccc(C(CBr)Nc2ccc(CNc3cc(C(=O)O)ccc3NCc3ccccc3)cc2N)c1
rxnflow_6td3,greedy_oracle,298,298,324,3,-4.19773,Cc1cc(NC(CCNC(CCC(=O)O)C(=O)O)C(=O)O)cnc1N,Cc1cc(NC(CCNC(CCC(=O)N2CCC(O)CC2)C(=O)O)C(=O)O)cnc1N
rxnflow_6td3,greedy_oracle,299,299,325,1,-3.96242,Cc1cc(NC(CCNC(CCC(=O)O)C(=O)O)C(=O)O)cnc1N,Cc1cc(N(Cc2cncc(Br)c2)C(CCNC(CCC(=O)O)C(=O)O)C(=O)O)cnc1N
rxnflow_6td3,greedy_oracle,300,300,326,1,-3.8844499999999997,Cc1cc(NC(CCNC(CCC(=O)O)C(=O)O)C(=O)O)cnc1N,Cc1cc(NC(CCNC(CCC(=O)O)C(=O)O)C(=O)O)cnc1NCc1cccnc1Br
rxnflow_6td3,greedy_oracle_static,1,1,3,3,-5.071759999999999,NC(Cc1c[nH]cn1)C(=O)NC(CNc1c(F)cccc1C(=O)O)c1ccccc1,NC(Cc1c[nH]cn1)C(=O)NC(CNc1c(F)cccc1C(=O)Nc1ccccn1)c1ccccc1
rxnflow_6td3,greedy_oracle_static,2,2,4,1,-4.6941,NC(Cc1c[nH]cn1)C(=O)NC(CNc1c(F)cccc1C(=O)O)c1ccccc1,Cc1cc(N(CC(NC(=O)C(N)Cc2c[nH]cn2)c2ccccc2)c2c(F)cccc2C(=O)O)cnc1N
rxnflow_6td3,greedy_oracle_static,3,3,5,1,-4.655750000000001,NC(Cc1c[nH]cn1)C(=O)NC(CNc1c(F)cccc1C(=O)O)c1ccccc1,NC(Cc1c[nH]cn1)C(=O)NC(CNc1c(F)cccc1C1=NC(C(=O)O)Cc2c1[nH]c1ccccc21)c1ccccc1
rxnflow_6td3,greedy_oracle_static,4,4,6,1,-4.5634999999999994,NC(Cc1c[nH]cn1)C(=O)NC(CNc1c(F)cccc1C(=O)O)c1ccccc1,O=Cc1c[nH]c2ccc(NC(Cc3c[nH]cn3)C(=O)NC(CNc3c(F)cccc3C(=O)O)c3ccccc3)cc12
rxnflow_6td3,greedy_oracle_static,5,5,7,1,-3.1965499999999993,NC(Cc1c[nH]cn1)C(=O)NC(CNc1c(F)cccc1C(=O)O)c1ccccc1,NC(Cc1c[nH]cn1)C(=O)NC1CN(c2c(F)cccc2C(=O)O)C(c2ccc(C(F)(F)F)c(F)c2)c2ccccc21
rxnflow_6td3,greedy_oracle_static,6,6,8,1,-3.19503,NC(Cc1c[nH]cn1)C(=O)NC(CNc1c(F)cccc1C(=O)O)c1ccccc1,NC(Cc1cn(CC2CC2)cn1)C(=O)NC(CNc1c(F)cccc1C(=O)O)c1ccccc1
rxnflow_6td3,greedy_oracle_static,7,7,9,1,-2.276869999999999,NC(Cc1c[nH]cn1)C(=O)NC(CNc1c(F)cccc1C(=O)O)c1ccccc1,NC(Cc1c[nH]cn1)C(=O)NC(CNc1c(F)cccc1CNCCc1c[nH]c2ccccc12)c1ccccc1
rxnflow_6td3,greedy_oracle_static,8,8,10,1,-2.21094,NC(Cc1c[nH]cn1)C(=O)NC(CNc1c(F)cccc1C(=O)O)c1ccccc1,N#Cc1ccc2oc(-c3cccc(F)c3NCC(NC(=O)C(N)Cc3c[nH]cn3)c3ccccc3)nc2c1
rxnflow_6td3,greedy_oracle_static,9,9,11,1,-2.0626299999999995,NC(Cc1c[nH]cn1)C(=O)NC(CNc1c(F)cccc1C(=O)O)c1ccccc1,NC(Cc1c[nH]cn1)C(=O)NC(CN(C(=O)NCCc1c[nH]c2ccc(O)cc12)c1c(F)cccc1C(=O)O)c1ccccc1
rxnflow_6td3,greedy_oracle_static,10,10,14,3,-6.22369,NC(CC(=O)Nc1ccccc1C(=O)NC(C(=O)O)c1ccccc1)C(=O)O,NC(CC(=O)Nc1ccccc1C(=O)NC(C(=O)Oc1c(Br)c(C(F)(F)F)nc2ccccc12)c1ccccc1)C(=O)O
rxnflow_6td3,greedy_oracle_static,11,11,15,1,-5.82353,NC(CC(=O)Nc1ccccc1C(=O)NC(C(=O)O)c1ccccc1)C(=O)O,NC(CC(=O)Nc1ccccc1C(=O)NC(C(=O)N1CCC(=O)CC1)c1ccccc1)C(=O)O
rxnflow_6td3,greedy_oracle_static,12,12,16,1,-5.51352,NC(CC(=O)Nc1ccccc1C(=O)NC(C(=O)O)c1ccccc1)C(=O)O,NC(CC(=O)Nc1ccccc1C(=O)NC(C(=O)NCc1c[nH]c2ccccc12)c1ccccc1)C(=O)O
rxnflow_6td3,greedy_oracle_static,13,13,17,1,-5.0202100000000005,NC(CC(=O)Nc1ccccc1C(=O)NC(C(=O)O)c1ccccc1)C(=O)O,CC(O)CNCC(NC(=O)c1ccccc1NC(=O)CC(N)C(=O)O)c1ccccc1
rxnflow_6td3,greedy_oracle_static,14,14,18,1,-4.53099,NC(CC(=O)Nc1ccccc1C(=O)NC(C(=O)O)c1ccccc1)C(=O)O,NC(CC1CCCCC1)C(=O)NC(CC(=O)Nc1ccccc1C(=O)NC(C(=O)O)c1ccccc1)C(=O)O
rxnflow_6td3,greedy_oracle_static,15,15,19,1,-4.01643,NC(CC(=O)Nc1ccccc1C(=O)NC(C(=O)O)c1ccccc1)C(=O)O,NC(CC(=O)Nc1ccccc1C(=O)NC(C(=O)O)c1ccccc1)C1=NC(C(=O)O)Cc2ccc([N+](=O)[O-])cc21
rxnflow_6td3,greedy_oracle_static,16,16,20,1,-3.9447599999999996,NC(CC(=O)Nc1ccccc1C(=O)NC(C(=O)O)c1ccccc1)C(=O)O,N#Cc1ccc(NC(CC(=O)Nc2ccccc2C(=O)NC(C(=O)O)c2ccccc2)C(=O)O)c(C(F)(F)F)c1
rxnflow_6td3,greedy_oracle_static,17,17,21,1,-3.6045299999999996,NC(CC(=O)Nc1ccccc1C(=O)NC(C(=O)O)c1ccccc1)C(=O)O,O=C(CC(Nc1nnnn1-c1c(Cl)cccc1Cl)C(=O)O)Nc1ccccc1C(=O)NC(C(=O)O)c1ccccc1
rxnflow_6td3,greedy_oracle_static,18,18,22,1,-3.599029999999999,NC(CC(=O)Nc1ccccc1C(=O)NC(C(=O)O)c1ccccc1)C(=O)O,COc1cccc(C(C)NC(CC(=O)Nc2ccccc2C(=O)NC(C(=O)O)c2ccccc2)C(=O)O)c1
rxnflow_6td3,greedy_oracle_static,19,19,23,1,-3.51659,NC(CC(=O)Nc1ccccc1C(=O)NC(C(=O)O)c1ccccc1)C(=O)O,O=C(CC(NCc1ccncc1F)C(=O)O)Nc1ccccc1C(=O)NC(C(=O)O)c1ccccc1
rxnflow_6td3,greedy_oracle_static,20,20,24,1,-3.4442699999999995,NC(CC(=O)Nc1ccccc1C(=O)NC(C(=O)O)c1ccccc1)C(=O)O,N#Cc1cc(Br)cc(NC(=O)C(NC(=O)c2ccccc2NC(=O)CC(N)C(=O)O)c2ccccc2)c1
rxnflow_6td3,greedy_oracle_static,21,21,25,1,-3.36695,NC(CC(=O)Nc1ccccc1C(=O)NC(C(=O)O)c1ccccc1)C(=O)O,O=C(CC(NC(=O)Nc1nc(F)nc2[nH]cnc12)C(=O)O)Nc1ccccc1C(=O)NC(C(=O)O)c1ccccc1
rxnflow_6td3,greedy_oracle_static,22,22,26,1,-2.8713799999999994,NC(CC(=O)Nc1ccccc1C(=O)NC(C(=O)O)c1ccccc1)C(=O)O,O=C(CC(NS(=O)(=O)c1cccc(Br)n1)C(=O)O)Nc1ccccc1C(=O)NC(C(=O)O)c1ccccc1
rxnflow_6td3,greedy_oracle_static,23,23,27,1,-2.6958,NC(CC(=O)Nc1ccccc1C(=O)NC(C(=O)O)c1ccccc1)C(=O)O,NC(CC(=O)Nc1ccccc1C(=O)NC(C(=O)O)c1ccccc1)c1nc2c(C(=O)O)cccc2o1
rxnflow_6td3,greedy_oracle_static,24,24,28,1,-2.5148,NC(CC(=O)Nc1ccccc1C(=O)NC(C(=O)O)c1ccccc1)C(=O)O,Cc1ccc(COC(=O)C(NC(=O)c2ccccc2NC(=O)CC(N)C(=O)O)c2ccccc2)cc1F
rxnflow_6td3,greedy_oracle_static,25,25,29,1,-2.4151100000000003,NC(CC(=O)Nc1ccccc1C(=O)NC(C(=O)O)c1ccccc1)C(=O)O,O=C1Cc2ccc(C(CCl)NC(CC(=O)Nc3ccccc3C(=O)NC(C(=O)O)c3ccccc3)C(=O)O)cc2N1
rxnflow_6td3,greedy_oracle_static,26,26,30,1,-2.1999499999999994,NC(CC(=O)Nc1ccccc1C(=O)NC(C(=O)O)c1ccccc1)C(=O)O,O=C(CC(NC(=O)NCCc1c[nH]c2ccc(O)cc12)C(=O)O)Nc1ccccc1C(=O)NC(C(=O)O)c1ccccc1
rxnflow_6td3,greedy_oracle_static,27,27,31,1,-2.1663999999999994,NC(CC(=O)Nc1ccccc1C(=O)NC(C(=O)O)c1ccccc1)C(=O)O,NC(CC(=O)Nc1ccccc1C(=O)NC(C(=O)O)c1ccccc1)C1=NCCc2c1[nH]c1ccccc21
rxnflow_6td3,greedy_oracle_static,28,28,32,1,-2.099520000000001,NC(CC(=O)Nc1ccccc1C(=O)NC(C(=O)O)c1ccccc1)C(=O)O,O=C(CC(NC(=O)c1cccc(N=C=S)c1)C(=O)O)Nc1ccccc1C(=O)NC(C(=O)O)c1ccccc1
rxnflow_6td3,greedy_oracle_static,29,29,33,1,-2.07245,NC(CC(=O)Nc1ccccc1C(=O)NC(C(=O)O)c1ccccc1)C(=O)O,O=Cc1c[nH]c2cc(NC(CC(=O)Nc3ccccc3C(=O)NC(C(=O)O)c3ccccc3)C(=O)O)ccc12
rxnflow_6td3,greedy_oracle_static,30,30,36,3,-5.10489,Nc1cc(C(=O)NC(C(=O)O)c2ccccc2)ccc1NC(=O)N1CCCC(=O)C1,Nc1cc(C(=O)NC(C(=O)Oc2cc(F)c(F)cc2N)c2ccccc2)ccc1NC(=O)N1CCCC(=O)C1
rxnflow_6td3,greedy_oracle_static,31,31,37,1,-4.73718,Nc1cc(C(=O)NC(C(=O)O)c2ccccc2)ccc1NC(=O)N1CCCC(=O)C1,Nc1cc(C(=O)NC(CNc2ccnc3ccccc23)c2ccccc2)ccc1NC(=O)N1CCCC(=O)C1
rxnflow_6td3,greedy_oracle_static,32,32,38,1,-4.55456,Nc1cc(C(=O)NC(C(=O)O)c2ccccc2)ccc1NC(=O)N1CCCC(=O)C1,O=C1CCCN(C(=O)Nc2ccc(C(=O)NC(C(=O)O)c3ccccc3)cc2NCc2ccccc2CCl)C1
rxnflow_6td3,greedy_oracle_static,33,33,39,1,-4.42561,Nc1cc(C(=O)NC(C(=O)O)c2ccccc2)ccc1NC(=O)N1CCCC(=O)C1,Nc1cc(C(=O)NC(C2=NC(C(=O)O)Cc3c2[nH]c2ccccc32)c2ccccc2)ccc1NC(=O)N1CCCC(=O)C1
rxnflow_6td3,greedy_oracle_static,34,34,40,1,-4.124689999999999,Nc1cc(C(=O)NC(C(=O)O)c2ccccc2)ccc1NC(=O)N1CCCC(=O)C1,O=C1CCCN(C(=O)n2c(-c3c[nH]c4ccccc34)nc3cc(C(=O)NC(C(=O)O)c4ccccc4)ccc32)C1
rxnflow_6td3,greedy_oracle_static,35,35,41,1,-3.6522000000000006,Nc1cc(C(=O)NC(C(=O)O)c2ccccc2)ccc1NC(=O)N1CCCC(=O)C1,Nc1cc(C(=O)NC(C(=O)O)c2ccccc2)ccc1NC(=O)N1CCCC(N2CCNCC2)C1
rxnflow_6td3,greedy_oracle_static,36,36,42,1,-3.4462599999999997,Nc1cc(C(=O)NC(C(=O)O)c2ccccc2)ccc1NC(=O)N1CCCC(=O)C1,Nc1cc(C(=O)NC(C(=O)NCCc2c[nH]c3ccc(O)cc23)c2ccccc2)ccc1NC(=O)N1CCCC(=O)C1
rxnflow_6td3,greedy_oracle_static,37,37,43,1,-2.940570000000001,Nc1cc(C(=O)NC(C(=O)O)c2ccccc2)ccc1NC(=O)N1CCCC(=O)C1,Nc1cc(C(=O)NC(c2ccccc2)c2nc3c(C(=O)O)cccc3o2)ccc1NC(=O)N1CCCC(=O)C1
rxnflow_6td3,greedy_oracle_static,38,38,46,3,-4.435530000000001,CSCCC(N)C(=O)NC(CCC(=O)O)C1=NC(C(=O)O)Cc2ccccc21,CSCCC(N)C(=O)NC(CCCNc1ccncc1C=O)C1=NC(C(=O)O)Cc2ccccc21
rxnflow_6td3,greedy_oracle_static,39,39,47,1,-3.92894,CSCCC(N)C(=O)NC(CCC(=O)O)C1=NC(C(=O)O)Cc2ccccc21,CSCCC(NC(=O)Nc1ccc(C(F)(F)F)cc1)C(=O)NC(CCC(=O)O)C1=NC(C(=O)O)Cc2ccccc21
rxnflow_6td3,greedy_oracle_static,40,40,48,1,-3.85392,CSCCC(N)C(=O)NC(CCC(=O)O)C1=NC(C(=O)O)Cc2ccccc21,CSCCC(N)C(=O)N1C(CCC(=O)O)C2=NC(C(=O)O)Cc3cccc(c32)C1c1ccnc(F)c1
rxnflow_6td3,greedy_oracle_static,41,41,49,1,-2.8265800000000008,CSCCC(N)C(=O)NC(CCC(=O)O)C1=NC(C(=O)O)Cc2ccccc21,CSCCC(N)C(=O)NC(CCC(=O)OCC(=O)c1ccc2c(c1)NC(=O)C2)C1=NC(C(=O)O)Cc2ccccc21
rxnflow_6td3,greedy_oracle_static,42,42,50,1,-2.6634700000000002,CSCCC(N)C(=O)NC(CCC(=O)O)C1=NC(C(=O)O)Cc2ccccc21,CSCCC(N)C(=O)NC(CCC1=NCCc2ccc(S(N)(=O)=O)cc21)C1=NC(C(=O)O)Cc2ccccc21
rxnflow_6td3,greedy_oracle_static,43,43,51,1,-2.4161799999999998,CSCCC(N)C(=O)NC(CCC(=O)O)C1=NC(C(=O)O)Cc2ccccc21,CSCCC(N)C(=O)NC(CCC(=O)NCc1c[nH]c2ccccc12)C1=NC(C(=O)O)Cc2ccccc21
rxnflow_6td3,greedy_oracle_static,44,44,54,3,-4.59573,Nc1ccccc1OC(=O)CCC(NC(=O)C(N)Cc1c[nH]c2ccccc12)C(=O)O,Nc1ccccc1OC(=O)CCC(NC(=O)C(Cc1c[nH]c2ccccc12)Nc1nnnn1-c1c(Cl)cccc1Cl)C(=O)O
rxnflow_6td3,greedy_oracle_static,45,45,55,1,-4.41093,Nc1ccccc1OC(=O)CCC(NC(=O)C(N)Cc1c[nH]c2ccccc12)C(=O)O,Nc1ccccc1OC(=O)CCC(NC(=O)C(N)Cc1c[nH]c2ccccc12)C(=O)NC(Cc1ccc(O)cc1)C(=O)O
rxnflow_6td3,greedy_oracle_static,46,46,56,1,-4.3954699999999995,Nc1ccccc1OC(=O)CCC(NC(=O)C(N)Cc1c[nH]c2ccccc12)C(=O)O,Nc1ccccc1OC(=O)CCC(NC(=O)C1Cc2c([nH]c3ccccc23)C(c2c[nH]c3ccc(Br)cc23)N1)C(=O)O
rxnflow_6td3,greedy_oracle_static,47,47,57,1,-4.28926,Nc1ccccc1OC(=O)CCC(NC(=O)C(N)Cc1c[nH]c2ccccc12)C(=O)O,NC(Cc1c[nH]c2ccccc12)C(=O)NC(CCC(=O)Oc1ccccc1NC(=O)N1Cc2ccccc2CC1C(=O)O)C(=O)O
rxnflow_6td3,greedy_oracle_static,48,48,58,1,-3.96166,Nc1ccccc1OC(=O)CCC(NC(=O)C(N)Cc1c[nH]c2ccccc12)C(=O)O,Nc1ccccc1OC(=O)CCC(NC(=O)C1Cc2c([nH]c3ccccc23)C(c2ccncc2)=N1)C(=O)O
rxnflow_6td3,greedy_oracle_static,49,49,59,1,-3.6151800000000005,Nc1ccccc1OC(=O)CCC(NC(=O)C(N)Cc1c[nH]c2ccccc12)C(=O)O,Nc1ccccc1OC(=O)CCC(NC(=O)C(N)Cc1cn(CC(=O)O)c2ccccc12)C(=O)O
rxnflow_6td3,greedy_oracle_static,50,50,60,1,-3.05858,Nc1ccccc1OC(=O)CCC(NC(=O)C(N)Cc1c[nH]c2ccccc12)C(=O)O,Nc1ccccc1OC(=O)CCC(NC(=O)C(N)Cc1c[nH]c2ccccc12)C1=NCCc2ccc(S(N)(=O)=O)cc21
rxnflow_6td3,greedy_oracle_static,51,51,61,1,-2.8298700000000006,Nc1ccccc1OC(=O)CCC(NC(=O)C(N)Cc1c[nH]c2ccccc12)C(=O)O,Nc1ccccc1OC(=O)CCC(C(=O)O)N1C(=O)C(Cc2c[nH]c3ccccc23)NC1=Nc1ccc(Cl)cc1Cl
rxnflow_6td3,greedy_oracle_static,52,52,64,3,-5.703860000000001,O=Cc1c[nH]c2ccc(Nc3ccc(C(=O)O)cc3Nc3nc4ccccc4[nH]3)cc12,O=C(O)c1ccc(Nc2ccc3[nH]cc(-c4nc5cccc(Br)c5[nH]4)c3c2)c(Nc2nc3ccccc3[nH]2)c1
rxnflow_6td3,greedy_oracle_static,53,53,65,1,-5.632420000000001,O=Cc1c[nH]c2ccc(Nc3ccc(C(=O)O)cc3Nc3nc4ccccc4[nH]3)cc12,COc1cccc2c1CCNC2c1c[nH]c2ccc(Nc3ccc(C(=O)O)cc3Nc3nc4ccccc4[nH]3)cc12
rxnflow_6td3,greedy_oracle_static,54,54,66,1,-4.9920100000000005,O=Cc1c[nH]c2ccc(Nc3ccc(C(=O)O)cc3Nc3nc4ccccc4[nH]3)cc12,O=Cc1c[nH]c2ccc(Nc3ccc(CNc4ccccc4S)cc3Nc3nc4ccccc4[nH]3)cc12
rxnflow_6td3,greedy_oracle_static,55,55,67,1,-4.90701,O=Cc1c[nH]c2ccc(Nc3ccc(C(=O)O)cc3Nc3nc4ccccc4[nH]3)cc12,O=C(O)c1ccc(Nc2ccc3[nH]cc(CNC(Cc4c[nH]cn4)C(=O)O)c3c2)c(Nc2nc3ccccc3[nH]2)c1
rxnflow_6td3,greedy_oracle_static,56,56,68,1,-4.896629999999999,O=Cc1c[nH]c2ccc(Nc3ccc(C(=O)O)cc3Nc3nc4ccccc4[nH]3)cc12,COc1cccc(C(C)N(c2ccc3[nH]cc(C=O)c3c2)c2ccc(C(=O)O)cc2Nc2nc3ccccc3[nH]2)c1
rxnflow_6td3,greedy_oracle_static,57,57,69,1,-4.7680299999999995,O=Cc1c[nH]c2ccc(Nc3ccc(C(=O)O)cc3Nc3nc4ccccc4[nH]3)cc12,O=Cc1c[nH]c2ccc(Nc3ccc(C4=NC(C(=O)O)Cc5ccc(O)cc54)cc3Nc3nc4ccccc4[nH]3)cc12
rxnflow_6td3,greedy_oracle_static,58,58,70,1,-3.423919999999999,O=Cc1c[nH]c2ccc(Nc3ccc(C(=O)O)cc3Nc3nc4ccccc4[nH]3)cc12,CCn1cc(C=O)c2cc(Nc3ccc(C(=O)O)cc3Nc3nc4ccccc4[nH]3)ccc21
rxnflow_6td3,greedy_oracle_static,59,59,71,1,-3.1274999999999995,O=Cc1c[nH]c2ccc(Nc3ccc(C(=O)O)cc3Nc3nc4ccccc4[nH]3)cc12,O=Cc1c[nH]c2ccc(Nc3ccc(C(=O)Nc4nc(F)nc5[nH]cnc45)cc3Nc3nc4ccccc4[nH]3)cc12
rxnflow_6td3,greedy_oracle_static,60,60,72,1,-2.409089999999999,O=Cc1c[nH]c2ccc(Nc3ccc(C(=O)O)cc3Nc3nc4ccccc4[nH]3)cc12,NS(=O)(=O)c1ccc(CCNC(=O)N(c2ccc3[nH]cc(C=O)c3c2)c2ccc(C(=O)O)cc2Nc2nc3ccccc3[nH]2)cc1
rxnflow_6td3,greedy_oracle_static,61,61,75,3,-4.938810000000001,NCCCCC(CNc1c(F)cccc1C(=O)O)Nc1nnnn1-c1ccccc1C(F)(F)F,NCCCCC(CNc1c(F)cccc1C(=O)O)N(C(=O)Nc1ccc(Cl)c(Cl)c1)c1nnnn1-c1ccccc1C(F)(F)F
rxnflow_6td3,greedy_oracle_static,62,62,76,1,-4.90062,NCCCCC(CNc1c(F)cccc1C(=O)O)Nc1nnnn1-c1ccccc1C(F)(F)F,NCCCCC(CNc1c(F)cccc1C(=O)Nc1c(O)cccc1C(=O)O)Nc1nnnn1-c1ccccc1C(F)(F)F
rxnflow_6td3,greedy_oracle_static,63,63,77,1,-3.0115100000000004,NCCCCC(CNc1c(F)cccc1C(=O)O)Nc1nnnn1-c1ccccc1C(F)(F)F,NCCCCC(CNc1c(F)cccc1CNCCc1c[nH]c2ccccc12)Nc1nnnn1-c1ccccc1C(F)(F)F
rxnflow_6td3,greedy_oracle_static,64,64,78,1,-2.1315500000000007,NCCCCC(CNc1c(F)cccc1C(=O)O)Nc1nnnn1-c1ccccc1C(F)(F)F,NCCCCC(CNc1c(F)cccc1C1=NCCc2c1[nH]c1ccc(O)cc21)Nc1nnnn1-c1ccccc1C(F)(F)F
rxnflow_6td3,greedy_oracle_static,65,65,79,1,-2.0899400000000004,NCCCCC(CNc1c(F)cccc1C(=O)O)Nc1nnnn1-c1ccccc1C(F)(F)F,NCCCCC(CNc1c(F)cccc1C(=O)O)N(c1ccc([N+](=O)[O-])c2ncccc12)c1nnnn1-c1ccccc1C(F)(F)F
rxnflow_6td3,greedy_oracle_static,66,66,82,3,-6.048100000000001,NC(Cc1ccccc1)C(=O)NC1(c2nc3ccc(C(=O)O)cc3[nH]2)CCC1,O=C(O)c1ccc2nc(C3(NC(=O)C4Cc5ccccc5C(c5c[nH]c6ccc(F)cc56)N4)CCC3)[nH]c2c1
rxnflow_6td3,greedy_oracle_static,67,67,83,1,-5.726160000000001,NC(Cc1ccccc1)C(=O)NC1(c2nc3ccc(C(=O)O)cc3[nH]2)CCC1,COc1ncc(NC(Cc2ccccc2)C(=O)NC2(c3nc4ccc(C(=O)O)cc4[nH]3)CCC2)cc1C
rxnflow_6td3,greedy_oracle_static,68,68,84,1,-5.03886,NC(Cc1ccccc1)C(=O)NC1(c2nc3ccc(C(=O)O)cc3[nH]2)CCC1,O=C(O)c1ccc2nc(C3(NC(=O)C4Cc5ccccc5C(C5CCCNC5)=N4)CCC3)[nH]c2c1
rxnflow_6td3,greedy_oracle_static,69,69,85,1,-4.94156,NC(Cc1ccccc1)C(=O)NC1(c2nc3ccc(C(=O)O)cc3[nH]2)CCC1,NC(Cc1ccccc1)C(=O)NC1(c2nc3ccc(C(=O)NCCC(=O)O)cc3[nH]2)CCC1
rxnflow_6td3,greedy_oracle_static,70,70,86,1,-3.9348899999999993,NC(Cc1ccccc1)C(=O)NC1(c2nc3ccc(C(=O)O)cc3[nH]2)CCC1,NC(Cc1ccccc1)C(=O)NC1(c2nc3ccc(C4=NC(C(=O)O)Cc5ccc(O)cc54)cc3[nH]2)CCC1
rxnflow_6td3,greedy_oracle_static,71,71,87,1,-3.5340500000000006,NC(Cc1ccccc1)C(=O)NC1(c2nc3ccc(C(=O)O)cc3[nH]2)CCC1,O=C(NCCc1c[nH]c2ccccc12)NC(Cc1ccccc1)C(=O)NC1(c2nc3ccc(C(=O)O)cc3[nH]2)CCC1
rxnflow_6td3,greedy_oracle_static,72,72,88,1,-2.7514600000000007,NC(Cc1ccccc1)C(=O)NC1(c2nc3ccc(C(=O)O)cc3[nH]2)CCC1,NC(Cc1ccccc1)C(=O)NC1(c2nc3ccc(C(=O)O)cc3n2CC(=O)C(=O)O)CCC1
rxnflow_6td3,greedy_oracle_static,73,73,89,1,-2.2921700000000005,NC(Cc1ccccc1)C(=O)NC1(c2nc3ccc(C(=O)O)cc3[nH]2)CCC1,NC(Cc1ccccc1)C(=O)NC1(c2nc3ccc(CNc4nc(F)nc5[nH]cnc45)cc3[nH]2)CCC1
rxnflow_6td3,greedy_oracle_static,74,74,92,3,-4.63975,CC(C)C(NCC(N)CC1CCCCC1)C1=NC(C(=O)O)Cc2ccccc21,CC(C)C(NCC(N)CC1CCCCC1)C1=NC(C(=O)NC(C(=O)O)c2ccccc2)Cc2ccccc21
rxnflow_6td3,greedy_oracle_static,75,75,93,1,-4.540139999999999,CC(C)C(NCC(N)CC1CCCCC1)C1=NC(C(=O)O)Cc2ccccc21,CC(C)C(NCC(CC1CCCCC1)NCc1ccc(F)cc1)C1=NC(C(=O)O)Cc2ccccc21
rxnflow_6td3,greedy_oracle_static,76,76,94,1,-4.040519999999999,CC(C)C(NCC(N)CC1CCCCC1)C1=NC(C(=O)O)Cc2ccccc21,CC(C)C(C1=NC(C(=O)O)Cc2ccccc21)N(CC(N)CC1CCCCC1)C(=O)Nc1ccc(C(F)(F)F)cc1N
rxnflow_6td3,greedy_oracle_static,77,77,95,1,-3.6044100000000006,CC(C)C(NCC(N)CC1CCCCC1)C1=NC(C(=O)O)Cc2ccccc21,CC(C)C1C2=NC(C(=O)O)Cc3cccc(c32)C(c2c[nH]c3ccc(C#N)cc23)N1CC(N)CC1CCCCC1
rxnflow_6td3,greedy_oracle_static,78,78,96,1,-3.3909700000000003,CC(C)C(NCC(N)CC1CCCCC1)C1=NC(C(=O)O)Cc2ccccc21,CC(C)C(NCC(N)CC1CCCCC1)C1=NC(C2=NCCc3ccc(S(N)(=O)=O)cc32)Cc2ccccc21
rxnflow_6td3,greedy_oracle_static,79,79,97,1,-3.2308399999999997,CC(C)C(NCC(N)CC1CCCCC1)C1=NC(C(=O)O)Cc2ccccc21,CC(C)C(NCC(N)CC1CCCCC1)C1=NC(CNCCc2c[nH]c3ccc(O)cc23)Cc2ccccc21
rxnflow_6td3,greedy_oracle_static,80,80,98,1,-3.073920000000001,CC(C)C(NCC(N)CC1CCCCC1)C1=NC(C(=O)O)Cc2ccccc21,CC(C)C(NCC(N)CC1CCCCC1)C1=NC(CN2CCC(S(=O)(=O)F)CC2)Cc2ccccc21
rxnflow_6td3,greedy_oracle_static,81,81,99,1,-2.810789999999999,CC(C)C(NCC(N)CC1CCCCC1)C1=NC(C(=O)O)Cc2ccccc21,CC(C)C(C1=NC(C(=O)O)Cc2ccccc21)N(Cc1c[nH]c2ccc(Br)cc12)CC(N)CC1CCCCC1
rxnflow_6td3,greedy_oracle_static,82,82,100,1,-2.29082,CC(C)C(NCC(N)CC1CCCCC1)C1=NC(C(=O)O)Cc2ccccc21,CC(C)C(NCC(N)CC1CCCCC1)C1=NC(C(=O)OCC(=O)c2ccc3c(c2)NC(=O)C3)Cc2ccccc21
rxnflow_6td3,greedy_oracle_static,83,83,101,1,-2.23621,CC(C)C(NCC(N)CC1CCCCC1)C1=NC(C(=O)O)Cc2ccccc21,CC(C)C(C1=NC(C(=O)O)Cc2ccccc21)N(CC(N)CC1CCCCC1)c1ccc([N+](=O)[O-])c2ccccc12
rxnflow_6td3,greedy_oracle_static,84,84,102,1,-2.1095900000000007,CC(C)C(NCC(N)CC1CCCCC1)C1=NC(C(=O)O)Cc2ccccc21,CC(C)C(NCC(N)CC1CCCCC1)C1=NC(c2nc3ccc(C#N)cc3[nH]2)Cc2ccccc21
rxnflow_6td3,greedy_oracle_static,85,85,105,3,-4.4148000000000005,CC(NC(=O)NCCCC(NCC(N)C(C)C)C(=O)O)c1ccccc1,CC(NC(=O)NCCCC(CNc1cccc(Br)c1N)NCC(N)C(C)C)c1ccccc1
rxnflow_6td3,greedy_oracle_static,86,86,106,1,-4.11951,CC(NC(=O)NCCCC(NCC(N)C(C)C)C(=O)O)c1ccccc1,CC(NC(=O)NCCCC(C(=O)O)N(CC(N)C(C)C)c1cc(C(=O)O)ccc1N)c1ccccc1
rxnflow_6td3,greedy_oracle_static,87,87,107,1,-4.048080000000001,CC(NC(=O)NCCCC(NCC(N)C(C)C)C(=O)O)c1ccccc1,CC(NC(=O)NCCCC(NCC(Nc1ccc(C(F)(F)F)cn1)C(C)C)C(=O)O)c1ccccc1
rxnflow_6td3,greedy_oracle_static,88,88,108,1,-3.8626400000000007,CC(NC(=O)NCCCC(NCC(N)C(C)C)C(=O)O)c1ccccc1,CC(NC(=O)NCCCC(C(=O)O)N(CC(N)C(C)C)C(=O)NC1CCCCC1)c1ccccc1
rxnflow_6td3,greedy_oracle_static,89,89,109,1,-3.5099100000000005,CC(NC(=O)NCCCC(NCC(N)C(C)C)C(=O)O)c1ccccc1,CC(NC(=O)NCCCC(NCC(N)C(C)C)C(=O)NC(Cc1ccccc1)C(=O)O)c1ccccc1
rxnflow_6td3,greedy_oracle_static,90,90,110,1,-3.3170200000000003,CC(NC(=O)NCCCC(NCC(N)C(C)C)C(=O)O)c1ccccc1,CC(NC(=O)NCCCC(C(=O)O)N(CC(N)C(C)C)C(CBr)c1cccs1)c1ccccc1
rxnflow_6td3,greedy_oracle_static,91,91,111,1,-3.01081,CC(NC(=O)NCCCC(NCC(N)C(C)C)C(=O)O)c1ccccc1,CC(NC(=O)NCCCC(NCC(NC(=O)Nc1ccc(C#N)cc1N)C(C)C)C(=O)O)c1ccccc1
rxnflow_6td3,greedy_oracle_static,92,92,112,1,-2.7085599999999994,CC(NC(=O)NCCCC(NCC(N)C(C)C)C(=O)O)c1ccccc1,CC(NC(=O)NCCCC(NCC(N)C(C)C)C1=NCCc2c(Br)cccc21)c1ccccc1
rxnflow_6td3,greedy_oracle_static,93,93,113,1,-2.6701999999999995,CC(NC(=O)NCCCC(NCC(N)C(C)C)C(=O)O)c1ccccc1,CC(NC(=O)NCCCC(C(=O)O)N(CC(N)C(C)C)S(=O)(=O)c1cccc(Br)n1)c1ccccc1
rxnflow_6td3,greedy_oracle_static,94,94,114,1,-2.6320699999999997,CC(NC(=O)NCCCC(NCC(N)C(C)C)C(=O)O)c1ccccc1,CC(NC(=O)NCCCC(C(=O)O)N(CC(N)Cc1c[nH]cn1)CC(N)C(C)C)c1ccccc1
rxnflow_6td3,greedy_oracle_static,95,95,115,1,-2.6231599999999995,CC(NC(=O)NCCCC(NCC(N)C(C)C)C(=O)O)c1ccccc1,CC(NC(=O)NCCCC(NCC(N)C(C)C)c1nc2ccc(C#N)cc2[nH]1)c1ccccc1
rxnflow_6td3,greedy_oracle_static,96,96,116,1,-2.5001599999999993,CC(NC(=O)NCCCC(NCC(N)C(C)C)C(=O)O)c1ccccc1,CC(NC(=O)NCCCC(NCC(N)C(C)C)c1nc2cc(Br)ccc2o1)c1ccccc1
rxnflow_6td3,greedy_oracle_static,97,97,117,1,-2.4381900000000005,CC(NC(=O)NCCCC(NCC(N)C(C)C)C(=O)O)c1ccccc1,CC(NC(=O)NCCCC(NCC(NC(=O)N1CCCC(C(=O)O)C1)C(C)C)C(=O)O)c1ccccc1
rxnflow_6td3,greedy_oracle_static,98,98,118,1,-2.3449299999999997,CC(NC(=O)NCCCC(NCC(N)C(C)C)C(=O)O)c1ccccc1,CC(NC(=O)NCCCC(NCC(NCC1Cc2ccccc2CN1)C(C)C)C(=O)O)c1ccccc1
rxnflow_6td3,greedy_oracle_static,99,99,119,1,-2.305459999999999,CC(NC(=O)NCCCC(NCC(N)C(C)C)C(=O)O)c1ccccc1,CC(NC(=O)NCCCC(NCC(NCC(N)Cc1c[nH]c2ccccc12)C(C)C)C(=O)O)c1ccccc1
rxnflow_6td3,greedy_oracle_static,100,100,120,1,-2.230690000000001,CC(NC(=O)NCCCC(NCC(N)C(C)C)C(=O)O)c1ccccc1,CC(NC(=O)NCCCC(NCC(N)C(C)C)C(=O)OCc1cc(=O)[nH]c2ccccc12)c1ccccc1
rxnflow_6td3,greedy_oracle_static,101,101,121,1,-2.213070000000001,CC(NC(=O)NCCCC(NCC(N)C(C)C)C(=O)O)c1ccccc1,CC(NC(=O)NCCCC(CNCCc1c[nH]c2ccc(O)cc12)NCC(N)C(C)C)c1ccccc1
rxnflow_6td3,greedy_oracle_static,102,102,122,1,-2.19266,CC(NC(=O)NCCCC(NCC(N)C(C)C)C(=O)O)c1ccccc1,CC(NC(=O)NCCCC(NCC(N)C(C)C)C1=NC(C(=O)O)Cc2c1[nH]c1ccccc21)c1ccccc1
rxnflow_6td3,greedy_oracle_static,103,103,123,1,-2.102900000000001,CC(NC(=O)NCCCC(NCC(N)C(C)C)C(=O)O)c1ccccc1,CC(NC(=O)NCCCC(NCC(NC(CCl)c1ccc2c(c1)NC(=O)C2)C(C)C)C(=O)O)c1ccccc1
rxnflow_6td3,greedy_oracle_static,104,104,124,1,-2.00833,CC(NC(=O)NCCCC(NCC(N)C(C)C)C(=O)O)c1ccccc1,CC(NC(=O)NCCCC(NCC(NCc1cccc(N=C=S)c1)C(C)C)C(=O)O)c1ccccc1
rxnflow_6td3,greedy_oracle_static,105,105,125,1,-2.0003200000000003,CC(NC(=O)NCCCC(NCC(N)C(C)C)C(=O)O)c1ccccc1,CC(NC(=O)NCCCC(CN1CCCC1C(F)(F)F)NCC(N)C(C)C)c1ccccc1
rxnflow_6td3,greedy_oracle_static,106,106,128,3,-5.016710000000001,Nc1cc(-c2nc3ccc(C(=O)O)cc3[nH]2)ccc1NC(=O)N1CCC(=O)C1,CC(=O)c1ccc(S(=O)(=O)Nc2cc(-c3nc4ccc(C(=O)O)cc4[nH]3)ccc2NC(=O)N2CCC(=O)C2)cc1
rxnflow_6td3,greedy_oracle_static,107,107,129,1,-4.90368,Nc1cc(-c2nc3ccc(C(=O)O)cc3[nH]2)ccc1NC(=O)N1CCC(=O)C1,O=C1CCN(C(=O)n2c(-c3c[nH]c4cc(Br)ccc34)nc3cc(-c4nc5ccc(C(=O)O)cc5[nH]4)ccc32)C1
rxnflow_6td3,greedy_oracle_static,108,108,130,1,-4.68412,Nc1cc(-c2nc3ccc(C(=O)O)cc3[nH]2)ccc1NC(=O)N1CCC(=O)C1,Nc1cc(-c2nc3ccc(C(=O)NCc4ccccc4)cc3[nH]2)ccc1NC(=O)N1CCC(=O)C1
rxnflow_6td3,greedy_oracle_static,109,109,131,1,-4.3634699999999995,Nc1cc(-c2nc3ccc(C(=O)O)cc3[nH]2)ccc1NC(=O)N1CCC(=O)C1,Nc1cc(-c2nc3ccc(C(=O)O)cc3[nH]2)ccc1NC(=O)N1CCC(Nc2ccccc2-n2cccc2)C1
rxnflow_6td3,greedy_oracle_static,110,110,132,1,-3.9577,Nc1cc(-c2nc3ccc(C(=O)O)cc3[nH]2)ccc1NC(=O)N1CCC(=O)C1,Nc1cc(-c2nc3ccc(CNCCc4c[nH]c5ccc(O)cc45)cc3[nH]2)ccc1NC(=O)N1CCC(=O)C1
rxnflow_6td3,greedy_oracle_static,111,111,133,1,-3.3205799999999996,Nc1cc(-c2nc3ccc(C(=O)O)cc3[nH]2)ccc1NC(=O)N1CCC(=O)C1,Nc1cc(-c2nc3ccc(C(=O)O)cc3n2CCO)ccc1NC(=O)N1CCC(=O)C1
rxnflow_6td3,greedy_oracle_static,112,112,134,1,-2.00025,Nc1cc(-c2nc3ccc(C(=O)O)cc3[nH]2)ccc1NC(=O)N1CCC(=O)C1,COc1ccc2oc(-c3ccc4nc(-c5ccc(NC(=O)N6CCC(=O)C6)c(N)c5)[nH]c4c3)nc2c1
rxnflow_6td3,greedy_oracle_static,113,113,137,3,-5.60008,Nc1cc(CNc2cc(C(=O)O)ccc2O)ccc1NC(=O)N1CCCCC1,Nc1cc(CNc2cc(CNc3cc(Br)ccc3O)ccc2O)ccc1NC(=O)N1CCCCC1
rxnflow_6td3,greedy_oracle_static,114,114,138,1,-5.30337,Nc1cc(CNc2cc(C(=O)O)ccc2O)ccc1NC(=O)N1CCCCC1,N#Cc1ccc(O)c(NC(=O)Nc2cc(CNc3cc(C(=O)O)ccc3O)ccc2NC(=O)N2CCCCC2)c1
rxnflow_6td3,greedy_oracle_static,115,115,139,1,-4.6595,Nc1cc(CNc2cc(C(=O)O)ccc2O)ccc1NC(=O)N1CCCCC1,Nc1cc(CN(C(=O)NC(Cc2ccccc2)C(=O)O)c2cc(C(=O)O)ccc2O)ccc1NC(=O)N1CCCCC1
rxnflow_6td3,greedy_oracle_static,116,116,140,1,-4.56764,Nc1cc(CNc2cc(C(=O)O)ccc2O)ccc1NC(=O)N1CCCCC1,Nc1cc(CNc2cc(C(=O)O)ccc2OC(=O)C(N)Cc2ccc(O)cc2)ccc1NC(=O)N1CCCCC1
rxnflow_6td3,greedy_oracle_static,117,117,141,1,-4.15111,Nc1cc(CNc2cc(C(=O)O)ccc2O)ccc1NC(=O)N1CCCCC1,Nc1cc(CNc2cc(C(=O)Nc3nc(F)nc4[nH]cnc34)ccc2O)ccc1NC(=O)N1CCCCC1
rxnflow_6td3,greedy_oracle_static,118,118,142,1,-3.8184699999999996,Nc1cc(CNc2cc(C(=O)O)ccc2O)ccc1NC(=O)N1CCCCC1,NC(Cc1ccc([N+](=O)[O-])cc1)c1nc2cc(CNc3cc(C(=O)O)ccc3O)ccc2n1C(=O)N1CCCCC1
rxnflow_6td3,greedy_oracle_static,119,119,143,1,-3.6729900000000004,Nc1cc(CNc2cc(C(=O)O)ccc2O)ccc1NC(=O)N1CCCCC1,COc1ccc2oc(-c3ccc(O)c(NCc4ccc(NC(=O)N5CCCCC5)c(N)c4)c3)nc2c1
rxnflow_6td3,greedy_oracle_static,120,120,144,1,-3.6680599999999988,Nc1cc(CNc2cc(C(=O)O)ccc2O)ccc1NC(=O)N1CCCCC1,N#Cc1ccc(CN(Cc2ccc(NC(=O)N3CCCCC3)c(N)c2)c2cc(C(=O)O)ccc2O)cn1
rxnflow_6td3,greedy_oracle_static,121,121,145,1,-3.6419499999999996,Nc1cc(CNc2cc(C(=O)O)ccc2O)ccc1NC(=O)N1CCCCC1,N#Cc1ccc(COC(=O)c2ccc(O)c(NCc3ccc(NC(=O)N4CCCCC4)c(N)c3)c2)c(F)c1
rxnflow_6td3,greedy_oracle_static,122,122,146,1,-3.5866300000000004,Nc1cc(CNc2cc(C(=O)O)ccc2O)ccc1NC(=O)N1CCCCC1,Nc1cc(CNc2cc(C3=NCCc4c3[nH]c3ccccc43)ccc2O)ccc1NC(=O)N1CCCCC1
rxnflow_6td3,greedy_oracle_static,123,123,147,1,-3.3305099999999994,Nc1cc(CNc2cc(C(=O)O)ccc2O)ccc1NC(=O)N1CCCCC1,O=C(O)c1ccc(O)c(NCc2ccc(NC(=O)N3CCCCC3)c(Nc3ccc([N+](=O)[O-])c4ncccc34)c2)c1
rxnflow_6td3,greedy_oracle_static,124,124,148,1,-3.2811499999999985,Nc1cc(CNc2cc(C(=O)O)ccc2O)ccc1NC(=O)N1CCCCC1,O=C(O)c1ccc(O)c(NCc2ccc3c(c2)nc(-c2c[nH]c4cc(Br)ccc24)n3C(=O)N2CCCCC2)c1
rxnflow_6td3,greedy_oracle_static,125,125,149,1,-3.2619500000000006,Nc1cc(CNc2cc(C(=O)O)ccc2O)ccc1NC(=O)N1CCCCC1,Nc1cc(CN(c2ccc3[nH]cc(C=O)c3c2)c2cc(C(=O)O)ccc2O)ccc1NC(=O)N1CCCCC1
rxnflow_6td3,greedy_oracle_static,126,126,150,1,-3.00145,Nc1cc(CNc2cc(C(=O)O)ccc2O)ccc1NC(=O)N1CCCCC1,Nc1cc(CN(c2cc(C(=O)O)ccc2O)C(CCl)c2ccc3c(c2)NC(=O)C3)ccc1NC(=O)N1CCCCC1
rxnflow_6td3,greedy_oracle_static,127,127,151,1,-2.36548,Nc1cc(CNc2cc(C(=O)O)ccc2O)ccc1NC(=O)N1CCCCC1,Nc1cc(CNc2cc(C(=O)N3Cc4ccccc4CC3C(=O)O)ccc2O)ccc1NC(=O)N1CCCCC1
rxnflow_6td3,greedy_oracle_static,128,128,152,1,-2.1367700000000003,Nc1cc(CNc2cc(C(=O)O)ccc2O)ccc1NC(=O)N1CCCCC1,Nc1cc(CNc2cc(C3=NC(C(=O)O)Cc4ccc([N+](=O)[O-])cc43)ccc2O)ccc1NC(=O)N1CCCCC1
rxnflow_6td3,greedy_oracle_static,129,129,155,3,-4.033950000000001,NCCCCNC(=O)C(Cc1c[nH]c2ccccc12)NC(=O)C(N)Cc1c[nH]cn1,NC(Cc1c[nH]cn1)C(=O)NC(Cc1c[nH]c2ccccc12)C(=O)NCCCCNC(=O)c1ncccc1C(F)(F)F
rxnflow_6td3,greedy_oracle_static,130,130,156,1,-3.8236399999999993,NCCCCNC(=O)C(Cc1c[nH]c2ccccc12)NC(=O)C(N)Cc1c[nH]cn1,NCCCCNC(=O)C(Cc1c[nH]c2ccccc12)NC(=O)C(Cc1c[nH]cn1)Nc1nnnn1-c1ccc(F)cc1
rxnflow_6td3,greedy_oracle_static,131,131,157,1,-3.433959999999999,NCCCCNC(=O)C(Cc1c[nH]c2ccccc12)NC(=O)C(N)Cc1c[nH]cn1,CN1CCCC(Cn2cc(CC(NC(=O)C(N)Cc3c[nH]cn3)C(=O)NCCCCN)c3ccccc32)C1
rxnflow_6td3,greedy_oracle_static,132,132,158,1,-2.681069999999999,NCCCCNC(=O)C(Cc1c[nH]c2ccccc12)NC(=O)C(N)Cc1c[nH]cn1,NCCCCNC(=O)C(Cc1c[nH]c2ccccc12)N1C(=O)C(Cc2c[nH]cn2)NC1=Nc1ccccc1C(F)(F)F
rxnflow_6td3,greedy_oracle_static,133,133,161,3,-5.32527,CC(C)C(CNc1ccccc1C(=O)O)NC(=O)c1cccc(O)c1N,CC(C)C(CNc1ccccc1C1=NCCc2c1[nH]c1ccccc21)NC(=O)c1cccc(O)c1N
rxnflow_6td3,greedy_oracle_static,134,134,162,1,-5.2429499999999996,CC(C)C(CNc1ccccc1C(=O)O)NC(=O)c1cccc(O)c1N,CC(C)C(CN(c1ccc(N)c(Br)n1)c1ccccc1C(=O)O)NC(=O)c1cccc(O)c1N
rxnflow_6td3,greedy_oracle_static,135,135,163,1,-5.023829999999999,CC(C)C(CNc1ccccc1C(=O)O)NC(=O)c1cccc(O)c1N,CC(C)C(CN(C(=O)Nc1ccc(Cl)c(Cl)c1)c1ccccc1C(=O)O)NC(=O)c1cccc(O)c1N
rxnflow_6td3,greedy_oracle_static,136,136,164,1,-4.950209999999999,CC(C)C(CNc1ccccc1C(=O)O)NC(=O)c1cccc(O)c1N,CC(O)c1nc2c(C(=O)NC(CNc3ccccc3C(=O)O)C(C)C)cccc2o1
rxnflow_6td3,greedy_oracle_static,137,137,165,1,-4.94942,CC(C)C(CNc1ccccc1C(=O)O)NC(=O)c1cccc(O)c1N,CC(C)C(CNc1ccccc1CNCCO)NC(=O)c1cccc(O)c1N
rxnflow_6td3,greedy_oracle_static,138,138,166,1,-4.9147,CC(C)C(CNc1ccccc1C(=O)O)NC(=O)c1cccc(O)c1N,CC(C)C(CNc1ccccc1C(=O)O)NC(=O)c1cccc(O)c1NC(=O)N1CCCC(O)C1
rxnflow_6td3,greedy_oracle_static,139,139,167,1,-4.3900999999999994,CC(C)C(CNc1ccccc1C(=O)O)NC(=O)c1cccc(O)c1N,CC(C)C(CNc1ccccc1C(=O)O)NC(=O)c1cccc(OC(=O)c2ccc(C(F)(F)F)cn2)c1N
rxnflow_6td3,greedy_oracle_static,140,140,168,1,-4.336250000000001,CC(C)C(CNc1ccccc1C(=O)O)NC(=O)c1cccc(O)c1N,CC(C)C(CNc1ccccc1C(=O)O)NC(=O)c1cccc(O)c1Nc1ccc(N=C=O)cc1
rxnflow_6td3,greedy_oracle_static,141,141,169,1,-3.9314299999999998,CC(C)C(CNc1ccccc1C(=O)O)NC(=O)c1cccc(O)c1N,CC(C)C(CN(CC(N)CC1CCCCC1)c1ccccc1C(=O)O)NC(=O)c1cccc(O)c1N
rxnflow_6td3,greedy_oracle_static,142,142,170,1,-3.7714999999999987,CC(C)C(CNc1ccccc1C(=O)O)NC(=O)c1cccc(O)c1N,Cc1ccnc(Br)c1NC(=O)c1ccccc1NCC(NC(=O)c1cccc(O)c1N)C(C)C
rxnflow_6td3,greedy_oracle_static,143,143,171,1,-3.7352999999999996,CC(C)C(CNc1ccccc1C(=O)O)NC(=O)c1cccc(O)c1N,CC(C)C(CNc1ccccc1C(=O)OCc1cccc(C#N)c1)NC(=O)c1cccc(O)c1N
rxnflow_6td3,greedy_oracle_static,144,144,172,1,-3.4212300000000004,CC(C)C(CNc1ccccc1C(=O)O)NC(=O)c1cccc(O)c1N,Cc1ccc(S(=O)(=O)N(CC(NC(=O)c2cccc(O)c2N)C(C)C)c2ccccc2C(=O)O)cc1N
rxnflow_6td3,greedy_oracle_static,145,145,173,1,-3.07271,CC(C)C(CNc1ccccc1C(=O)O)NC(=O)c1cccc(O)c1N,CC(C)C(CNc1ccccc1-c1nc2cccc(Br)c2[nH]1)NC(=O)c1cccc(O)c1N
rxnflow_6td3,greedy_oracle_static,146,146,174,1,-2.8662600000000005,CC(C)C(CNc1ccccc1C(=O)O)NC(=O)c1cccc(O)c1N,CC(C)C(CNc1ccccc1C(=O)O)NC(=O)c1cccc(O)c1NCc1c[nH]c2ccc(F)cc12
rxnflow_6td3,greedy_oracle_static,147,147,175,1,-2.7034800000000008,CC(C)C(CNc1ccccc1C(=O)O)NC(=O)c1cccc(O)c1N,CC(C)C(CNc1ccccc1C(=O)N1CCCC(C(=O)O)C1)NC(=O)c1cccc(O)c1N
rxnflow_6td3,greedy_oracle_static,148,148,176,1,-2.5671099999999996,CC(C)C(CNc1ccccc1C(=O)O)NC(=O)c1cccc(O)c1N,CC(C)C(CNc1ccccc1C(=O)O)NC(=O)c1cccc(O)c1NC(CCl)c1ccc2c(c1)NC(=O)C2
rxnflow_6td3,greedy_oracle_static,149,149,177,1,-2.5300700000000003,CC(C)C(CNc1ccccc1C(=O)O)NC(=O)c1cccc(O)c1N,CC(C)C(CNc1ccccc1C1=NC(C(=O)O)Cc2ccc([N+](=O)[O-])cc21)NC(=O)c1cccc(O)c1N
rxnflow_6td3,greedy_oracle_static,150,150,178,1,-2.2439,CC(C)C(CNc1ccccc1C(=O)O)NC(=O)c1cccc(O)c1N,CC(C)C(CNc1ccccc1C(=O)O)NC(=O)c1cccc(O)c1NC(=O)Nc1nc(F)nc2[nH]cnc12
rxnflow_6td3,greedy_oracle_static,151,151,179,1,-2.0160300000000007,CC(C)C(CNc1ccccc1C(=O)O)NC(=O)c1cccc(O)c1N,CC(C)C(CNc1ccccc1C(=O)NC(Cc1c[nH]c2ccccc12)C(=O)O)NC(=O)c1cccc(O)c1N
rxnflow_6td3,greedy_oracle_static,152,152,182,3,-4.0181,N=C(N)NCCCC(N)CNC1(C(=O)Nc2ccc(C(=O)O)cc2N)CCC1,N=C(N)NCCCC(N)CN(C(=O)Nc1cccc2ccccc12)C1(C(=O)Nc2ccc(C(=O)O)cc2N)CCC1
rxnflow_6td3,greedy_oracle_static,153,153,183,1,-3.929890000000001,N=C(N)NCCCC(N)CNC1(C(=O)Nc2ccc(C(=O)O)cc2N)CCC1,N=C(N)NCCCC(CNC1(C(=O)Nc2ccc(C(=O)O)cc2N)CCC1)Nc1cncc(F)c1
rxnflow_6td3,greedy_oracle_static,154,154,184,1,-3.6992299999999996,N=C(N)NCCCC(N)CNC1(C(=O)Nc2ccc(C(=O)O)cc2N)CCC1,N=C(N)NCCCC(N)CN(c1ncc2[nH]ccc2n1)C1(C(=O)Nc2ccc(C(=O)O)cc2N)CCC1
rxnflow_6td3,greedy_oracle_static,155,155,185,1,-3.6891499999999997,N=C(N)NCCCC(N)CNC1(C(=O)Nc2ccc(C(=O)O)cc2N)CCC1,N=C(N)NCCCC(CNC1(C(=O)Nc2ccc(C(=O)O)cc2N)CCC1)NC(=O)NC(Cc1c[nH]c2ccccc12)C(=O)O
rxnflow_6td3,greedy_oracle_static,156,156,186,1,-3.59119,N=C(N)NCCCC(N)CNC1(C(=O)Nc2ccc(C(=O)O)cc2N)CCC1,COc1cccc2c1CCN=C2c1ccc(NC(=O)C2(NCC(N)CCCNC(=N)N)CCC2)c(N)c1
rxnflow_6td3,greedy_oracle_static,157,157,187,1,-3.1996400000000005,N=C(N)NCCCC(N)CNC1(C(=O)Nc2ccc(C(=O)O)cc2N)CCC1,N=C(N)NCCCC(N)CN(Cc1cc(C(F)(F)F)ccc1Br)C1(C(=O)Nc2ccc(C(=O)O)cc2N)CCC1
rxnflow_6td3,greedy_oracle_static,158,158,188,1,-3.18827,N=C(N)NCCCC(N)CNC1(C(=O)Nc2ccc(C(=O)O)cc2N)CCC1,N=C(N)NCCCC(N)CNC1(C(=O)Nc2ccc(CNC(CS)C(=O)O)cc2N)CCC1
rxnflow_6td3,greedy_oracle_static,159,159,189,1,-2.84046,N=C(N)NCCCC(N)CNC1(C(=O)Nc2ccc(C(=O)O)cc2N)CCC1,N=C(N)NCCCC(N)CNC1(C(=O)n2c(C(N)CCCCN)nc3cc(C(=O)O)ccc32)CCC1
rxnflow_6td3,greedy_oracle_static,160,160,192,3,-4.68014,CCC(C)C(CNc1cccc(Br)c1C(=O)O)NC(=O)C(N)CCCNC(=N)N,CCC(C)C(CNc1cccc(S)c1C(=O)O)NC(=O)C(N)CCCNC(=N)N
rxnflow_6td3,greedy_oracle_static,161,161,193,1,-4.41539,CCC(C)C(CNc1cccc(Br)c1C(=O)O)NC(=O)C(N)CCCNC(=N)N,CCC(C)C(CNc1cccc(Br)c1C(=O)O)NC(=O)C(CCCNC(=N)N)NC(=O)Nc1c(C)ccnc1Br
rxnflow_6td3,greedy_oracle_static,162,162,194,1,-3.8790699999999996,CCC(C)C(CNc1cccc(Br)c1C(=O)O)NC(=O)C(N)CCCNC(=N)N,CCC(C)C(CN(c1cccc(Br)c1C(=O)O)S(=O)(=O)c1ccc(C)c(N)c1)NC(=O)C(N)CCCNC(=N)N
rxnflow_6td3,greedy_oracle_static,163,163,195,1,-3.71374,CCC(C)C(CNc1cccc(Br)c1C(=O)O)NC(=O)C(N)CCCNC(=N)N,CCC(C)C(CNc1cccc(Br)c1C1=NCCc2c(Br)cccc21)NC(=O)C(N)CCCNC(=N)N
rxnflow_6td3,greedy_oracle_static,164,164,196,1,-3.33432,CCC(C)C(CNc1cccc(Br)c1C(=O)O)NC(=O)C(N)CCCNC(=N)N,CCC(C)C(CN(C(=O)C(N)Cc1c[nH]c2ccccc12)c1cccc(Br)c1C(=O)O)NC(=O)C(N)CCCNC(=N)N
rxnflow_6td3,greedy_oracle_static,165,165,197,1,-3.2843999999999998,CCC(C)C(CNc1cccc(Br)c1C(=O)O)NC(=O)C(N)CCCNC(=N)N,CCC(C)C(CNc1cccc(Br)c1CNCc1cccc(OC)c1)NC(=O)C(N)CCCNC(=N)N
rxnflow_6td3,greedy_oracle_static,166,166,198,1,-2.05804,CCC(C)C(CNc1cccc(Br)c1C(=O)O)NC(=O)C(N)CCCNC(=N)N,CCC(C)C(CN(c1cccc(Br)c1C(=O)O)c1ccc([N+](=O)[O-])c2ncccc12)NC(=O)C(N)CCCNC(=N)N
rxnflow_6td3,greedy_oracle_static,167,167,201,3,-5.1291,NC(CNc1cc(C(=O)NC(CS)C(=O)O)ccc1O)Cc1c[nH]c2ccccc12,C=CC1NC(CNc2cc(C(=O)NC(CS)C(=O)O)ccc2O)Cc2c1[nH]c1ccccc21
rxnflow_6td3,greedy_oracle_static,168,168,202,1,-4.934159999999999,NC(CNc1cc(C(=O)NC(CS)C(=O)O)ccc1O)Cc1c[nH]c2ccccc12,NC(CNc1cc(C(=O)NC(CS)C(=O)NC23CC(C2)C3)ccc1O)Cc1c[nH]c2ccccc12
rxnflow_6td3,greedy_oracle_static,169,169,203,1,-4.73179,NC(CNc1cc(C(=O)NC(CS)C(=O)O)ccc1O)Cc1c[nH]c2ccccc12,NC(Cc1c[nH]c2ccccc12)CN(C(=O)C(N)c1ccccc1)c1cc(C(=O)NC(CS)C(=O)O)ccc1O
rxnflow_6td3,greedy_oracle_static,170,170,204,1,-4.36573,NC(CNc1cc(C(=O)NC(CS)C(=O)O)ccc1O)Cc1c[nH]c2ccccc12,NC(CNc1cc(C(=O)NC(CS)C(=O)O)ccc1O)Cc1cn(CC(=O)c2ccc(Cl)c(Cl)c2)c2ccccc12
rxnflow_6td3,greedy_oracle_static,171,171,205,1,-4.0571,NC(CNc1cc(C(=O)NC(CS)C(=O)O)ccc1O)Cc1c[nH]c2ccccc12,O=C(NC(CS)C(=O)O)c1ccc(O)c(NCC(Cc2c[nH]c3ccccc23)NC(=O)N2Cc3ccccc3CC2C(=O)O)c1
rxnflow_6td3,greedy_oracle_static,172,172,206,1,-3.4688499999999998,NC(CNc1cc(C(=O)NC(CS)C(=O)O)ccc1O)Cc1c[nH]c2ccccc12,O=C(NC(CS)C(=O)O)c1ccc(O)c(NCC2Cc3c([nH]c4ccccc34)C(c3ccc(F)c(C(F)(F)F)c3)=N2)c1
rxnflow_6td3,greedy_oracle_static,173,173,207,1,-3.42232,NC(CNc1cc(C(=O)NC(CS)C(=O)O)ccc1O)Cc1c[nH]c2ccccc12,Nc1ccc(C(=O)Oc2ccc(C(=O)NC(CS)C(=O)O)cc2NCC(N)Cc2c[nH]c3ccccc23)cc1Br
rxnflow_6td3,greedy_oracle_static,174,174,210,3,-5.1492700000000005,CCC(NC(=O)C(CC(C)C)NC(=O)c1cccc(O)c1N)C(=O)O,CCC(NC(=O)C(CC(C)C)NC(=O)c1cccc(O)c1N)C(=O)Nc1cccc(Br)c1N
rxnflow_6td3,greedy_oracle_static,175,175,211,1,-4.99985,CCC(NC(=O)C(CC(C)C)NC(=O)c1cccc(O)c1N)C(=O)O,CCC(NC(=O)C(CC(C)C)NC(=O)c1cccc(O)c1NC(=O)N1CCCC1C(F)(F)F)C(=O)O
rxnflow_6td3,greedy_oracle_static,176,176,212,1,-4.86885,CCC(NC(=O)C(CC(C)C)NC(=O)c1cccc(O)c1N)C(=O)O,CCC(NC(=O)C(CC(C)C)NC(=O)c1cccc2oc(-c3ccccc3C=O)nc12)C(=O)O
rxnflow_6td3,greedy_oracle_static,177,177,213,1,-4.51865,CCC(NC(=O)C(CC(C)C)NC(=O)c1cccc(O)c1N)C(=O)O,CCC(NC(=O)C(CC(C)C)NC(=O)c1cccc(OC(=O)c2ccc(F)c(C(F)(F)F)c2)c1N)C(=O)O
rxnflow_6td3,greedy_oracle_static,178,178,214,1,-4.51288,CCC(NC(=O)C(CC(C)C)NC(=O)c1cccc(O)c1N)C(=O)O,CCC(NC(=O)C(CC(C)C)NC(=O)c1cccc(O)c1NCc1ccccc1C(F)(F)F)C(=O)O
rxnflow_6td3,greedy_oracle_static,179,179,215,1,-4.4665799999999996,CCC(NC(=O)C(CC(C)C)NC(=O)c1cccc(O)c1N)C(=O)O,CCC(NC(=O)C(CC(C)C)NC(=O)c1cccc(O)c1N)c1nc2cc(F)ccc2o1
rxnflow_6td3,greedy_oracle_static,180,180,216,1,-4.43738,CCC(NC(=O)C(CC(C)C)NC(=O)c1cccc(O)c1N)C(=O)O,CCC(CN1CCC1C(=O)O)NC(=O)C(CC(C)C)NC(=O)c1cccc(O)c1N
rxnflow_6td3,greedy_oracle_static,181,181,217,1,-4.405999999999999,CCC(NC(=O)C(CC(C)C)NC(=O)c1cccc(O)c1N)C(=O)O,CCC(NC(=O)C(CC(C)C)NC(=O)c1cccc(O)c1N)c1nc2ccc(OC)cc2[nH]1
rxnflow_6td3,greedy_oracle_static,182,182,218,1,-4.3352900000000005,CCC(NC(=O)C(CC(C)C)NC(=O)c1cccc(O)c1N)C(=O)O,CCC(NC(=O)C(CC(C)C)NC(=O)c1cccc(O)c1NC(=O)NC(Cc1c[nH]c2ccccc12)C(=O)O)C(=O)O
rxnflow_6td3,greedy_oracle_static,183,183,219,1,-3.8010899999999994,CCC(NC(=O)C(CC(C)C)NC(=O)c1cccc(O)c1N)C(=O)O,CCC(NC(=O)C(CC(C)C)NC(=O)c1cccc(O)c1N)C1=NCCc2ccc(S(N)(=O)=O)cc21
rxnflow_6td3,greedy_oracle_static,184,184,220,1,-3.177320000000001,CCC(NC(=O)C(CC(C)C)NC(=O)c1cccc(O)c1N)C(=O)O,CCC(NC(=O)C(CC(C)C)NC(=O)c1cccc(O)c1N)C(=O)OCc1ccc([N+](=O)[O-])c(F)c1
rxnflow_6td3,greedy_oracle_static,185,185,221,1,-3.0343999999999998,CCC(NC(=O)C(CC(C)C)NC(=O)c1cccc(O)c1N)C(=O)O,CCC(CNc1nc(F)nc2[nH]cnc12)NC(=O)C(CC(C)C)NC(=O)c1cccc(O)c1N
rxnflow_6td3,greedy_oracle_static,186,186,222,1,-2.8180000000000005,CCC(NC(=O)C(CC(C)C)NC(=O)c1cccc(O)c1N)C(=O)O,CCC(NC(=O)C(CC(C)C)NC(=O)c1cccc(O)c1NC(CCl)c1ccc(Br)cc1)C(=O)O
rxnflow_6td3,greedy_oracle_static,187,187,223,1,-2.5385400000000002,CCC(NC(=O)C(CC(C)C)NC(=O)c1cccc(O)c1N)C(=O)O,CCC(NC(=O)C(CC(C)C)NC(=O)c1cccc(O)c1NS(=O)(=O)c1cccc2ccccc12)C(=O)O
rxnflow_6td3,greedy_oracle_static,188,188,224,1,-2.44768,CCC(NC(=O)C(CC(C)C)NC(=O)c1cccc(O)c1N)C(=O)O,CCC(NC(=O)C(CC(C)C)NC(=O)c1cccc(O)c1N)C1=NC(C(=O)O)Cc2c1[nH]c1ccccc21
rxnflow_6td3,greedy_oracle_static,189,189,225,1,-2.0214999999999996,CCC(NC(=O)C(CC(C)C)NC(=O)c1cccc(O)c1N)C(=O)O,CCC(NC(=O)C(CC(C)C)NC(=O)c1cccc(O)c1N)C(=O)NCCc1c[nH]c2ccc(O)cc12
rxnflow_6td3,greedy_oracle_static,190,190,228,3,-4.782870000000001,O=C(Nc1ccc(C(=O)O)cc1Br)NC(CC1CCCCC1)C(=O)NC(Cc1c[nH]c2ccccc12)C(=O)O,O=C(Nc1ccc(C(=O)O)cc1Br)NC(CC1CCCCC1)C(=O)NC(Cc1cn(Cc2cccnc2)c2ccccc12)C(=O)O
rxnflow_6td3,greedy_oracle_static,191,191,229,1,-4.766109999999999,O=C(Nc1ccc(C(=O)O)cc1Br)NC(CC1CCCCC1)C(=O)NC(Cc1c[nH]c2ccccc12)C(=O)O,O=C(Nc1ccc(C(=O)O)cc1Br)NC(CC1CCCCC1)C(=O)N1C(C(=O)O)Cc2c([nH]c3ccccc23)C1c1ccnc(Br)c1
rxnflow_6td3,greedy_oracle_static,192,192,230,1,-4.6092699999999995,O=C(Nc1ccc(C(=O)O)cc1Br)NC(CC1CCCCC1)C(=O)NC(Cc1c[nH]c2ccccc12)C(=O)O,O=C(Nc1ccc(C(=O)O)cc1-c1cccc(F)c1F)NC(CC1CCCCC1)C(=O)NC(Cc1c[nH]c2ccccc12)C(=O)O
rxnflow_6td3,greedy_oracle_static,193,193,231,1,-2.9791599999999994,O=C(Nc1ccc(C(=O)O)cc1Br)NC(CC1CCCCC1)C(=O)NC(Cc1c[nH]c2ccccc12)C(=O)O,O=C(Nc1ccc(C2=NC(C(=O)O)Cc3ccc([N+](=O)[O-])cc32)cc1Br)NC(CC1CCCCC1)C(=O)NC(Cc1c[nH]c2ccccc12)C(=O)O
rxnflow_6td3,greedy_oracle_static,194,194,234,3,-5.26844,Nc1ccccc1C(=O)NC(CS)C(=O)Nc1cccc(Br)c1O,O=C(NC(CS)C(=O)Nc1cccc(Br)c1O)c1ccccc1NC(=O)N1CCCC(O)C1
rxnflow_6td3,greedy_oracle_static,195,195,235,1,-4.8089900000000005,Nc1ccccc1C(=O)NC(CS)C(=O)Nc1cccc(Br)c1O,CC(Nc1cccc(NC(=O)C(CS)NC(=O)c2ccccc2N)c1O)c1ccccc1
rxnflow_6td3,greedy_oracle_static,196,196,236,1,-4.66666,Nc1ccccc1C(=O)NC(CS)C(=O)Nc1cccc(Br)c1O,O=C(O)c1ccc(S(=O)(=O)Nc2ccccc2C(=O)NC(CS)C(=O)Nc2cccc(Br)c2O)cc1
rxnflow_6td3,greedy_oracle_static,197,197,237,1,-4.51607,Nc1ccccc1C(=O)NC(CS)C(=O)Nc1cccc(Br)c1O,NC(CNc1ccccc1C(=O)NC(CS)C(=O)Nc1cccc(Br)c1O)Cc1c[nH]c2ccccc12
rxnflow_6td3,greedy_oracle_static,198,198,238,1,-4.51086,Nc1ccccc1C(=O)NC(CS)C(=O)Nc1cccc(Br)c1O,Nc1ccccc1C(=O)NC(CS)C(=O)Nc1cccc(-c2ccc3[nH]ccc3c2)c1O
rxnflow_6td3,greedy_oracle_static,199,199,239,1,-4.31017,Nc1ccccc1C(=O)NC(CS)C(=O)Nc1cccc(Br)c1O,Nc1ccccc1C(=O)NC(CS)C(=O)Nc1cccc(Br)c1OC(=O)C(N)Cc1ccccc1
rxnflow_6td3,greedy_oracle_static,200,200,240,1,-4.22731,Nc1ccccc1C(=O)NC(CS)C(=O)Nc1cccc(Br)c1O,COc1ccccc1CCNC(=O)Nc1ccccc1C(=O)NC(CS)C(=O)Nc1cccc(Br)c1O
rxnflow_6td3,greedy_oracle_static,201,201,241,1,-3.8111200000000007,Nc1ccccc1C(=O)NC(CS)C(=O)Nc1cccc(Br)c1O,Nc1ccccc1C(=O)NC(CS)C(=O)Nc1cccc(N2CC(O)CC2C(=O)O)c1O
rxnflow_6td3,greedy_oracle_static,202,202,242,1,-3.649260000000001,Nc1ccccc1C(=O)NC(CS)C(=O)Nc1cccc(Br)c1O,O=C(NC(CS)C(=O)Nc1cccc(Br)c1O)c1ccccc1NCC1Cc2ccccc2CN1
rxnflow_6td3,greedy_oracle_static,203,203,243,1,-3.09971,Nc1ccccc1C(=O)NC(CS)C(=O)Nc1cccc(Br)c1O,N#Cc1cccc(C(CBr)Nc2ccccc2C(=O)NC(CS)C(=O)Nc2cccc(Br)c2O)c1
rxnflow_6td3,greedy_oracle_static,204,204,244,1,-2.47842,Nc1ccccc1C(=O)NC(CS)C(=O)Nc1cccc(Br)c1O,O=Cc1c[nH]c2cc(Nc3ccccc3C(=O)NC(CS)C(=O)Nc3cccc(Br)c3O)ccc12
rxnflow_6td3,greedy_oracle_static,205,205,245,1,-2.3474200000000005,Nc1ccccc1C(=O)NC(CS)C(=O)Nc1cccc(Br)c1O,Nc1ccccc1C(=O)NC(CS)C(=O)Nc1cccc(Nc2nc(F)nc3[nH]cnc23)c1O
rxnflow_6td3,greedy_oracle_static,206,206,246,1,-2.33516,Nc1ccccc1C(=O)NC(CS)C(=O)Nc1cccc(Br)c1O,Nc1ccccc1C(=O)NC(CS)C(=O)Nc1cccc(NCCc2c[nH]c3ccc(O)cc23)c1O
rxnflow_6td3,greedy_oracle_static,207,207,249,3,-4.702780000000001,CC(C)CC(N)CNC(CO)c1nc2ccc(C(=O)O)cc2o1,CC(C)CC(N)CNC(CO)c1nc2ccc(CNC(CC(=O)O)C(=O)O)cc2o1
rxnflow_6td3,greedy_oracle_static,208,208,250,1,-4.69326,CC(C)CC(N)CNC(CO)c1nc2ccc(C(=O)O)cc2o1,COc1ccc(O)c(NC(=O)c2ccc3nc(C(CO)NCC(N)CC(C)C)oc3c2)c1
rxnflow_6td3,greedy_oracle_static,209,209,251,1,-4.552139999999999,CC(C)CC(N)CNC(CO)c1nc2ccc(C(=O)O)cc2o1,CC(C)CC(N)CN(C(=O)Nc1ccccc1)C(CO)c1nc2ccc(C(=O)O)cc2o1
rxnflow_6td3,greedy_oracle_static,210,210,252,1,-4.50363,CC(C)CC(N)CNC(CO)c1nc2ccc(C(=O)O)cc2o1,CC(C)CC(CNC(CO)c1nc2ccc(C(=O)O)cc2o1)NCC(N)Cc1ccccc1
rxnflow_6td3,greedy_oracle_static,211,211,253,1,-4.25975,CC(C)CC(N)CNC(CO)c1nc2ccc(C(=O)O)cc2o1,CC(C)CC(N)CNC(CO)c1nc2ccc(C(=O)N3CCN(CCN)CC3)cc2o1
rxnflow_6td3,greedy_oracle_static,212,212,254,1,-4.0226299999999995,CC(C)CC(N)CNC(CO)c1nc2ccc(C(=O)O)cc2o1,CC(C)CC(CNC(CO)c1nc2ccc(C(=O)O)cc2o1)NC(CCl)c1ccc2c(c1)NC(=O)C2
rxnflow_6td3,greedy_oracle_static,213,213,255,1,-3.8687700000000005,CC(C)CC(N)CNC(CO)c1nc2ccc(C(=O)O)cc2o1,CC(C)CC(N)CNC(CO)c1nc2ccc(C(=O)NC(Cc3c[nH]c4ccccc34)C(=O)O)cc2o1
rxnflow_6td3,greedy_oracle_static,214,214,256,1,-3.6275299999999993,CC(C)CC(N)CNC(CO)c1nc2ccc(C(=O)O)cc2o1,CC(C)CC(N)CNC(COCc1csc(Cl)n1)c1nc2ccc(C(=O)O)cc2o1
rxnflow_6td3,greedy_oracle_static,215,215,257,1,-3.31037,CC(C)CC(N)CNC(CO)c1nc2ccc(C(=O)O)cc2o1,CC(C)CC(N)CN(c1ccc2c(C=O)c[nH]c2c1)C(CO)c1nc2ccc(C(=O)O)cc2o1
rxnflow_6td3,greedy_oracle_static,216,216,258,1,-3.26532,CC(C)CC(N)CNC(CO)c1nc2ccc(C(=O)O)cc2o1,CC(C)CC(CNC(CO)c1nc2ccc(C(=O)O)cc2o1)NC(=O)Nc1cc(Br)cc(C#N)c1
rxnflow_6td3,greedy_oracle_static,217,217,259,1,-3.0353000000000003,CC(C)CC(N)CNC(CO)c1nc2ccc(C(=O)O)cc2o1,CC(C)CC(N)CNC(CO)c1nc2ccc(-c3nc4ccc(Br)cc4o3)cc2o1
rxnflow_6td3,greedy_oracle_static,218,218,260,1,-2.924950000000001,CC(C)CC(N)CNC(CO)c1nc2ccc(C(=O)O)cc2o1,CC(C)CC(N)CNC(CO)c1nc2ccc(C3=NCCc4c3[nH]c3ccc(O)cc43)cc2o1
rxnflow_6td3,greedy_oracle_static,219,219,261,1,-2.8897000000000004,CC(C)CC(N)CNC(CO)c1nc2ccc(C(=O)O)cc2o1,CC(C)CC(N)CN(CC(N)Cc1c[nH]c2ccccc12)C(CO)c1nc2ccc(C(=O)O)cc2o1
rxnflow_6td3,greedy_oracle_static,220,220,262,1,-2.7891499999999994,CC(C)CC(N)CNC(CO)c1nc2ccc(C(=O)O)cc2o1,CC(C)CC(CNC(CO)c1nc2ccc(C(=O)O)cc2o1)NC(=O)NCCc1c[nH]c2ccc(O)cc12
rxnflow_6td3,greedy_oracle_static,221,221,263,1,-2.697239999999999,CC(C)CC(N)CNC(CO)c1nc2ccc(C(=O)O)cc2o1,CC(C)CC(N)CN(c1ccc([N+](=O)[O-])c2ncccc12)C(CO)c1nc2ccc(C(=O)O)cc2o1
rxnflow_6td3,greedy_oracle_static,222,222,264,1,-2.5493700000000006,CC(C)CC(N)CNC(CO)c1nc2ccc(C(=O)O)cc2o1,CC(C)CC(CNC(CO)c1nc2ccc(C(=O)O)cc2o1)Nc1ccc2c(C=O)c[nH]c2c1
rxnflow_6td3,greedy_oracle_static,223,223,265,1,-2.4968500000000002,CC(C)CC(N)CNC(CO)c1nc2ccc(C(=O)O)cc2o1,CC(C)CC(N)CNC(CO)c1nc2ccc(-c3nc4ccc(C(=O)O)cc4[nH]3)cc2o1
rxnflow_6td3,greedy_oracle_static,224,224,266,1,-2.4725199999999994,CC(C)CC(N)CNC(CO)c1nc2ccc(C(=O)O)cc2o1,CC(C)CC(N)CN(CC1Cc2ccccc2CN1)C(CO)c1nc2ccc(C(=O)O)cc2o1
rxnflow_6td3,greedy_oracle_static,225,225,267,1,-2.32435,CC(C)CC(N)CNC(CO)c1nc2ccc(C(=O)O)cc2o1,CC(C)CC(N)CN(C(CO)c1nc2ccc(C(=O)O)cc2o1)S(=O)(=O)c1ccc(F)nc1
rxnflow_6td3,greedy_oracle_static,226,226,268,1,-2.182909999999999,CC(C)CC(N)CNC(CO)c1nc2ccc(C(=O)O)cc2o1,CC(C)CC(N)CNC(CO)c1nc2ccc(C(=O)Oc3ccc(C#N)cc3N)cc2o1
rxnflow_6td3,greedy_oracle_static,227,227,269,1,-2.06037,CC(C)CC(N)CNC(CO)c1nc2ccc(C(=O)O)cc2o1,CC(C)CC(N)CNC(CO)c1nc2ccc(C3=NC(C(=O)O)Cc4ccc([N+](=O)[O-])cc43)cc2o1
rxnflow_6td3,greedy_oracle_static,228,228,272,3,-4.69789,NC(CNc1cc(C(=O)O)ccc1NC(=O)C(N)CC1CCCCC1)Cc1ccccc1,Cc1cnc(F)cc1NC(CNc1cc(C(=O)O)ccc1NC(=O)C(N)CC1CCCCC1)Cc1ccccc1
rxnflow_6td3,greedy_oracle_static,229,229,273,1,-4.65226,NC(CNc1cc(C(=O)O)ccc1NC(=O)C(N)CC1CCCCC1)Cc1ccccc1,NC(CNc1cc(C(=O)Nc2cc(Br)ccc2O)ccc1NC(=O)C(N)CC1CCCCC1)Cc1ccccc1
rxnflow_6td3,greedy_oracle_static,230,230,274,1,-4.58143,NC(CNc1cc(C(=O)O)ccc1NC(=O)C(N)CC1CCCCC1)Cc1ccccc1,NC(CC1CCCCC1)C(=O)Nc1ccc(C(=O)O)cc1NCC1Cc2ccccc2C(C=O)=N1
rxnflow_6td3,greedy_oracle_static,231,231,275,1,-4.4661,NC(CNc1cc(C(=O)O)ccc1NC(=O)C(N)CC1CCCCC1)Cc1ccccc1,NC(CC1CCCCC1)C(=O)Nc1ccc(C(=O)O)cc1NCC1Cc2ccccc2C(c2nc3ccccc3[nH]2)N1
rxnflow_6td3,greedy_oracle_static,232,232,276,1,-4.454319999999999,NC(CNc1cc(C(=O)O)ccc1NC(=O)C(N)CC1CCCCC1)Cc1ccccc1,NC(CNc1cc(CNc2nc(F)nc3[nH]cnc23)ccc1NC(=O)C(N)CC1CCCCC1)Cc1ccccc1
rxnflow_6td3,greedy_oracle_static,233,233,277,1,-4.434550000000001,NC(CNc1cc(C(=O)O)ccc1NC(=O)C(N)CC1CCCCC1)Cc1ccccc1,NC(CNc1cc(-c2nc3cc(F)c(F)cc3o2)ccc1NC(=O)C(N)CC1CCCCC1)Cc1ccccc1
rxnflow_6td3,greedy_oracle_static,234,234,278,1,-4.367509999999999,NC(CNc1cc(C(=O)O)ccc1NC(=O)C(N)CC1CCCCC1)Cc1ccccc1,NC(Cc1ccccc1)CN(c1cccc(C=O)c1)c1cc(C(=O)O)ccc1NC(=O)C(N)CC1CCCCC1
rxnflow_6td3,greedy_oracle_static,235,235,279,1,-3.78683,NC(CNc1cc(C(=O)O)ccc1NC(=O)C(N)CC1CCCCC1)Cc1ccccc1,NC(CNc1cc(C(=O)O)ccc1NC(=O)C(CC1CCCCC1)Nc1nnnn1-c1ccccc1F)Cc1ccccc1
rxnflow_6td3,greedy_oracle_static,236,236,280,1,-2.205429999999999,NC(CNc1cc(C(=O)O)ccc1NC(=O)C(N)CC1CCCCC1)Cc1ccccc1,NC(Cc1ccccc1)CN(C(=O)NCCc1c[nH]c2ccccc12)c1cc(C(=O)O)ccc1NC(=O)C(N)CC1CCCCC1
rxnflow_6td3,greedy_oracle_static,237,237,281,1,-2.0528200000000005,NC(CNc1cc(C(=O)O)ccc1NC(=O)C(N)CC1CCCCC1)Cc1ccccc1,NC(CNc1cc(CN2Cc3ccccc3CC2C(=O)O)ccc1NC(=O)C(N)CC1CCCCC1)Cc1ccccc1
rxnflow_6td3,greedy_oracle_static,238,238,284,3,-5.40427,Nc1ccccc1C(=O)Nc1cc(C(=O)O)ccc1NC(=O)Nc1ccccc1F,Nc1cc(C(F)(F)F)ccc1NC(=O)Nc1ccccc1C(=O)Nc1cc(C(=O)O)ccc1NC(=O)Nc1ccccc1F
rxnflow_6td3,greedy_oracle_static,239,239,285,1,-4.61374,Nc1ccccc1C(=O)Nc1cc(C(=O)O)ccc1NC(=O)Nc1ccccc1F,Nc1ccccc1C(=O)Nc1cc(C(=O)Nc2nc(F)nc3[nH]cnc23)ccc1NC(=O)Nc1ccccc1F
rxnflow_6td3,greedy_oracle_static,240,240,286,1,-4.554780000000001,Nc1ccccc1C(=O)Nc1cc(C(=O)O)ccc1NC(=O)Nc1ccccc1F,O=C(Nc1ccccc1F)Nc1ccc(C(=O)O)cc1NC(=O)c1ccccc1NCc1nc2ccccc2[nH]1
rxnflow_6td3,greedy_oracle_static,241,241,287,1,-4.46724,Nc1ccccc1C(=O)Nc1cc(C(=O)O)ccc1NC(=O)Nc1ccccc1F,Nc1ccccc1C(=O)Nc1cc(CNc2cc(F)ccc2O)ccc1NC(=O)Nc1ccccc1F
rxnflow_6td3,greedy_oracle_static,242,242,288,1,-4.35239,Nc1ccccc1C(=O)Nc1cc(C(=O)O)ccc1NC(=O)Nc1ccccc1F,Nc1ccccc1C(=O)Nc1cc(C2=NCCc3c2[nH]c2ccc(O)cc32)ccc1NC(=O)Nc1ccccc1F
rxnflow_6td3,greedy_oracle_static,243,243,289,1,-4.331179999999999,Nc1ccccc1C(=O)Nc1cc(C(=O)O)ccc1NC(=O)Nc1ccccc1F,Nc1ccccc1C(=O)Nc1cc(C(=O)NC(Cc2c[nH]c3ccccc23)C(=O)O)ccc1NC(=O)Nc1ccccc1F
rxnflow_6td3,greedy_oracle_static,244,244,290,1,-4.30299,Nc1ccccc1C(=O)Nc1cc(C(=O)O)ccc1NC(=O)Nc1ccccc1F,Nc1ccccc1C(=O)Nc1cc(C(=O)OCc2ccc([N+](=O)[O-])c(F)c2)ccc1NC(=O)Nc1ccccc1F
rxnflow_6td3,greedy_oracle_static,245,245,291,1,-4.261119999999999,Nc1ccccc1C(=O)Nc1cc(C(=O)O)ccc1NC(=O)Nc1ccccc1F,Nc1ccccc1C(=O)Nc1cc(C(=O)N2CCCC2CO)ccc1NC(=O)Nc1ccccc1F
rxnflow_6td3,greedy_oracle_static,246,246,292,1,-3.3764900000000004,Nc1ccccc1C(=O)Nc1cc(C(=O)O)ccc1NC(=O)Nc1ccccc1F,Nc1ccccc1C(=O)Nc1cc(C(=O)Oc2c(Br)c(C(F)(F)F)nc3ccccc23)ccc1NC(=O)Nc1ccccc1F
rxnflow_6td3,greedy_oracle_static,247,247,293,1,-3.02393,Nc1ccccc1C(=O)Nc1cc(C(=O)O)ccc1NC(=O)Nc1ccccc1F,Nc1ccccc1C(=O)Nc1cc(-c2nc3cccc(Br)c3[nH]2)ccc1NC(=O)Nc1ccccc1F
rxnflow_6td3,greedy_oracle_static,248,248,294,1,-2.9249899999999993,Nc1ccccc1C(=O)Nc1cc(C(=O)O)ccc1NC(=O)Nc1ccccc1F,O=C(Nc1ccccc1F)Nc1ccc(C(=O)O)cc1NC(=O)c1ccccc1Nc1ccc([N+](=O)[O-])c2ncccc12
rxnflow_6td3,greedy_oracle_static,249,249,295,1,-2.9191699999999994,Nc1ccccc1C(=O)Nc1cc(C(=O)O)ccc1NC(=O)Nc1ccccc1F,O=Cc1c[nH]c2cc(Nc3ccccc3C(=O)Nc3cc(C(=O)O)ccc3NC(=O)Nc3ccccc3F)ccc12
rxnflow_6td3,greedy_oracle_static,250,250,296,1,-2.511330000000001,Nc1ccccc1C(=O)Nc1cc(C(=O)O)ccc1NC(=O)Nc1ccccc1F,Nc1ccccc1C(=O)Nc1cc(C2=NC(C(=O)O)Cc3ccccc32)ccc1NC(=O)Nc1ccccc1F
rxnflow_6td3,greedy_oracle_static,251,251,299,3,-5.8227199999999995,Nc1cc(CNC(Cc2ccccc2)C(=O)O)ccc1NCc1c[nH]c2ccc(F)cc12,Nc1cc(CN2C(C(=O)O)Cc3ccccc3C2c2cccc(C(=O)O)c2)ccc1NCc1c[nH]c2ccc(F)cc12
rxnflow_6td3,greedy_oracle_static,252,252,300,1,-5.06825,Nc1cc(CNC(Cc2ccccc2)C(=O)O)ccc1NCc1c[nH]c2ccc(F)cc12,Nc1cc(CNC(Cc2ccccc2)C(=O)Oc2c(N)cccc2Br)ccc1NCc1c[nH]c2ccc(F)cc12
rxnflow_6td3,greedy_oracle_static,253,253,301,1,-4.67964,Nc1cc(CNC(Cc2ccccc2)C(=O)O)ccc1NCc1c[nH]c2ccc(F)cc12,CC(NC(=O)N(Cc1ccc(NCc2c[nH]c3ccc(F)cc23)c(N)c1)C(Cc1ccccc1)C(=O)O)c1ccccc1
rxnflow_6td3,greedy_oracle_static,254,254,302,1,-4.617229999999999,Nc1cc(CNC(Cc2ccccc2)C(=O)O)ccc1NCc1c[nH]c2ccc(F)cc12,O=C(O)C(Cc1ccccc1)NCc1ccc(NCc2c[nH]c3ccc(F)cc23)c(NCC2Cc3ccccc3CN2)c1
rxnflow_6td3,greedy_oracle_static,255,255,303,1,-4.51624,Nc1cc(CNC(Cc2ccccc2)C(=O)O)ccc1NCc1c[nH]c2ccc(F)cc12,Cc1cccc(Cn2cc(CNc3ccc(CNC(Cc4ccccc4)C(=O)O)cc3N)c3cc(F)ccc32)c1C
rxnflow_6td3,greedy_oracle_static,256,256,304,1,-4.21228,Nc1cc(CNC(Cc2ccccc2)C(=O)O)ccc1NCc1c[nH]c2ccc(F)cc12,NC(Cc1ccccc1)c1nc2cc(CNC(Cc3ccccc3)C(=O)O)ccc2n1Cc1c[nH]c2ccc(F)cc12
rxnflow_6td3,greedy_oracle_static,257,257,305,1,-4.004840000000001,Nc1cc(CNC(Cc2ccccc2)C(=O)O)ccc1NCc1c[nH]c2ccc(F)cc12,Nc1cc(CNC(Cc2ccccc2)C2=NCCc3c2[nH]c2ccc(O)cc32)ccc1NCc1c[nH]c2ccc(F)cc12
rxnflow_6td3,greedy_oracle_static,258,258,306,1,-3.95388,Nc1cc(CNC(Cc2ccccc2)C(=O)O)ccc1NCc1c[nH]c2ccc(F)cc12,N#Cc1ccc2oc(C(Cc3ccccc3)NCc3ccc(NCc4c[nH]c5ccc(F)cc45)c(N)c3)nc2c1
rxnflow_6td3,greedy_oracle_static,259,259,307,1,-2.4061400000000006,Nc1cc(CNC(Cc2ccccc2)C(=O)O)ccc1NCc1c[nH]c2ccc(F)cc12,Nc1cc(CNC(CNc2ccnc3ccccc23)Cc2ccccc2)ccc1NCc1c[nH]c2ccc(F)cc12
rxnflow_6td3,greedy_oracle_static,260,260,310,3,-4.49672,NC(CC(=O)NC(CCC(=O)NC(Cc1ccc([N+](=O)[O-])cc1)C(=O)O)C(=O)O)C(=O)O,O=C(CC(NC(=O)c1cncs1)C(=O)O)NC(CCC(=O)NC(Cc1ccc([N+](=O)[O-])cc1)C(=O)O)C(=O)O
rxnflow_6td3,greedy_oracle_static,261,261,311,1,-3.9859300000000006,NC(CC(=O)NC(CCC(=O)NC(Cc1ccc([N+](=O)[O-])cc1)C(=O)O)C(=O)O)C(=O)O,Nc1cc(F)c(F)cc1OC(=O)C(Cc1ccc([N+](=O)[O-])cc1)NC(=O)CCC(NC(=O)CC(N)C(=O)O)C(=O)O
rxnflow_6td3,greedy_oracle_static,262,262,312,1,-3.7434700000000003,NC(CC(=O)NC(CCC(=O)NC(Cc1ccc([N+](=O)[O-])cc1)C(=O)O)C(=O)O)C(=O)O,NC(CC(=O)NC(CCC(=O)NC(CNCc1ccccc1O)Cc1ccc([N+](=O)[O-])cc1)C(=O)O)C(=O)O
rxnflow_6td3,greedy_oracle_static,263,263,313,1,-3.592600000000001,NC(CC(=O)NC(CCC(=O)NC(Cc1ccc([N+](=O)[O-])cc1)C(=O)O)C(=O)O)C(=O)O,NC(CC(=O)NC(CCC(=O)NC(Cc1ccc([N+](=O)[O-])cc1)C(=O)N1CCCC1CO)C(=O)O)C(=O)O
rxnflow_6td3,greedy_oracle_static,264,264,314,1,-3.5016299999999996,NC(CC(=O)NC(CCC(=O)NC(Cc1ccc([N+](=O)[O-])cc1)C(=O)O)C(=O)O)C(=O)O,NC(CC(=O)NC(CCC(=O)NC(Cc1ccc([N+](=O)[O-])cc1)C(=O)NCc1c[nH]c2ccccc12)C(=O)O)C(=O)O
rxnflow_6td3,greedy_oracle_static,265,265,315,1,-3.3966499999999993,NC(CC(=O)NC(CCC(=O)NC(Cc1ccc([N+](=O)[O-])cc1)C(=O)O)C(=O)O)C(=O)O,NC(CC(=O)NC(CCC(=O)NC(Cc1ccc([N+](=O)[O-])cc1)C(=O)O)C(=O)O)C1=NCCc2c1[nH]c1ccc(O)cc21
rxnflow_6td3,greedy_oracle_static,266,266,316,1,-3.35966,NC(CC(=O)NC(CCC(=O)NC(Cc1ccc([N+](=O)[O-])cc1)C(=O)O)C(=O)O)C(=O)O,NC(CC(=O)NC(CCC(=O)NC(Cc1ccc([N+](=O)[O-])cc1)C(=O)O)C(=O)O)C1=NC(C(=O)O)Cc2ccccc21
rxnflow_6td3,greedy_oracle_static,267,267,317,1,-3.248290000000001,NC(CC(=O)NC(CCC(=O)NC(Cc1ccc([N+](=O)[O-])cc1)C(=O)O)C(=O)O)C(=O)O,NC(CC(=O)NC(CCC(=O)NC(Cc1ccc([N+](=O)[O-])cc1)C(=O)O)C(=O)O)c1nc2ccc(C(=O)O)cc2[nH]1
rxnflow_6td3,greedy_oracle_static,268,268,318,1,-3.2347099999999998,NC(CC(=O)NC(CCC(=O)NC(Cc1ccc([N+](=O)[O-])cc1)C(=O)O)C(=O)O)C(=O)O,O=C(CC(NS(=O)(=O)c1cccc2ccccc12)C(=O)O)NC(CCC(=O)NC(Cc1ccc([N+](=O)[O-])cc1)C(=O)O)C(=O)O
rxnflow_6td3,greedy_oracle_static,269,269,319,1,-3.183909999999999,NC(CC(=O)NC(CCC(=O)NC(Cc1ccc([N+](=O)[O-])cc1)C(=O)O)C(=O)O)C(=O)O,O=C(CC(Nc1nnnn1C1CCCCC1)C(=O)O)NC(CCC(=O)NC(Cc1ccc([N+](=O)[O-])cc1)C(=O)O)C(=O)O
rxnflow_6td3,greedy_oracle_static,270,270,320,1,-3.0669299999999993,NC(CC(=O)NC(CCC(=O)NC(Cc1ccc([N+](=O)[O-])cc1)C(=O)O)C(=O)O)C(=O)O,NC(CC(=O)NC(CCC(=O)N1C(C(=O)O)Cc2ccc([N+](=O)[O-])cc2C1c1ccccc1)C(=O)O)C(=O)O
rxnflow_6td3,greedy_oracle_static,271,271,321,1,-2.7391799999999993,NC(CC(=O)NC(CCC(=O)NC(Cc1ccc([N+](=O)[O-])cc1)C(=O)O)C(=O)O)C(=O)O,O=Cc1c[nH]c2ccc(NC(CC(=O)NC(CCC(=O)NC(Cc3ccc([N+](=O)[O-])cc3)C(=O)O)C(=O)O)C(=O)O)cc12
rxnflow_6td3,greedy_oracle_static,272,272,322,1,-2.4792099999999992,NC(CC(=O)NC(CCC(=O)NC(Cc1ccc([N+](=O)[O-])cc1)C(=O)O)C(=O)O)C(=O)O,COc1ccc(C(F)(F)F)cc1CNC(CC(=O)NC(CCC(=O)NC(Cc1ccc([N+](=O)[O-])cc1)C(=O)O)C(=O)O)C(=O)O
rxnflow_6td3,greedy_oracle_static,273,273,323,1,-2.0201100000000007,NC(CC(=O)NC(CCC(=O)NC(Cc1ccc([N+](=O)[O-])cc1)C(=O)O)C(=O)O)C(=O)O,O=C(CC(NCC1Cc2ccccc2CN1)C(=O)O)NC(CCC(=O)NC(Cc1ccc([N+](=O)[O-])cc1)C(=O)O)C(=O)O
rxnflow_6td3,greedy_oracle_static,274,274,326,3,-4.873079999999999,NC(CNC(CS)C(=O)Nc1ccc(C(=O)O)cc1O)Cc1c[nH]c2ccccc12,NC(Cc1c[nH]c2ccccc12)CN(C(=O)Nc1cc(C(=O)O)ccc1O)C(CS)C(=O)Nc1ccc(C(=O)O)cc1O
rxnflow_6td3,greedy_oracle_static,275,275,327,1,-4.64112,NC(CNC(CS)C(=O)Nc1ccc(C(=O)O)cc1O)Cc1c[nH]c2ccccc12,NC(CNC(CNC(CS)C(=O)Nc1ccc(C(=O)O)cc1O)Cc1c[nH]c2ccccc12)Cc1ccc(O)cc1
rxnflow_6td3,greedy_oracle_static,276,276,328,1,-4.06699,NC(CNC(CS)C(=O)Nc1ccc(C(=O)O)cc1O)Cc1c[nH]c2ccccc12,NC(CNC(CS)C(=O)Nc1ccc(C(=O)O)cc1OC(=O)C1CC(O)CN1)Cc1c[nH]c2ccccc12
rxnflow_6td3,greedy_oracle_static,277,277,329,1,-3.7611499999999998,NC(CNC(CS)C(=O)Nc1ccc(C(=O)O)cc1O)Cc1c[nH]c2ccccc12,O=C(O)c1ccc(NC(=O)C(CS)NCC2Cc3c([nH]c4ccccc34)C(c3ccncc3F)N2)c(O)c1
rxnflow_6td3,greedy_oracle_static,278,278,330,1,-3.7501299999999995,NC(CNC(CS)C(=O)Nc1ccc(C(=O)O)cc1O)Cc1c[nH]c2ccccc12,CC(C)CC(N)C1=NC(CNC(CS)C(=O)Nc2ccc(C(=O)O)cc2O)Cc2c1[nH]c1ccccc21
rxnflow_6td3,greedy_oracle_static,279,279,331,1,-3.6921799999999996,NC(CNC(CS)C(=O)Nc1ccc(C(=O)O)cc1O)Cc1c[nH]c2ccccc12,NC(CNC(CS)C(=O)Nc1ccc(C(=O)O)cc1O)Cc1cn(CC(=O)c2cccs2)c2ccccc12
rxnflow_6td3,greedy_oracle_static,280,280,332,1,-3.038050000000001,NC(CNC(CS)C(=O)Nc1ccc(C(=O)O)cc1O)Cc1c[nH]c2ccccc12,COc1ccc2oc(-c3ccc(NC(=O)C(CS)NCC(N)Cc4c[nH]c5ccccc45)c(O)c3)nc2c1
rxnflow_6td3,greedy_oracle_static,281,281,333,1,-2.83289,NC(CNC(CS)C(=O)Nc1ccc(C(=O)O)cc1O)Cc1c[nH]c2ccccc12,NC(CNC(CS)C(=O)Nc1ccc(CNCCCCC(N)C(=O)O)cc1O)Cc1c[nH]c2ccccc12
rxnflow_6td3,greedy_oracle_static,282,282,334,1,-2.795399999999999,NC(CNC(CS)C(=O)Nc1ccc(C(=O)O)cc1O)Cc1c[nH]c2ccccc12,NC(CNC(CS)C(=O)Nc1ccc(C(=O)Oc2c(Br)c(C(F)(F)F)nc3ccccc23)cc1O)Cc1c[nH]c2ccccc12
rxnflow_6td3,greedy_oracle_static,283,283,337,3,-4.15636,NC(CNC(Cc1ccc([N+](=O)[O-])cc1)C1=NC(C(=O)O)Cc2ccc(O)cc21)CC1CCCCC1,Nc1cccnc1N(CC(N)CC1CCCCC1)C(Cc1ccc([N+](=O)[O-])cc1)C1=NC(C(=O)O)Cc2ccc(O)cc21
rxnflow_6td3,greedy_oracle_static,284,284,338,1,-4.156359999999999,NC(CNC(Cc1ccc([N+](=O)[O-])cc1)C1=NC(C(=O)O)Cc2ccc(O)cc21)CC1CCCCC1,NC(CNC(Cc1ccc([N+](=O)[O-])cc1)C1=NC(C(=O)OCc2cc(=O)[nH]c3ccccc23)Cc2ccc(O)cc21)CC1CCCCC1
rxnflow_6td3,greedy_oracle_static,285,285,339,1,-4.150130000000001,NC(CNC(Cc1ccc([N+](=O)[O-])cc1)C1=NC(C(=O)O)Cc2ccc(O)cc21)CC1CCCCC1,O=C1CCCN(C(=O)NC(CNC(Cc2ccc([N+](=O)[O-])cc2)C2=NC(C(=O)O)Cc3ccc(O)cc32)CC2CCCCC2)C1
rxnflow_6td3,greedy_oracle_static,286,286,340,1,-3.9243799999999993,NC(CNC(Cc1ccc([N+](=O)[O-])cc1)C1=NC(C(=O)O)Cc2ccc(O)cc21)CC1CCCCC1,NC(CC1CCCCC1)CN1C(C2=NC(C(=O)O)Cc3ccc(O)cc32)Cc2ccc([N+](=O)[O-])cc2C1C(=O)O
rxnflow_6td3,greedy_oracle_static,287,287,341,1,-3.5498200000000004,NC(CNC(Cc1ccc([N+](=O)[O-])cc1)C1=NC(C(=O)O)Cc2ccc(O)cc21)CC1CCCCC1,N#Cc1ccc2oc(C3Cc4ccc(O)cc4C(C(Cc4ccc([N+](=O)[O-])cc4)NCC(N)CC4CCCCC4)=N3)nc2c1
rxnflow_6td3,greedy_oracle_static,288,288,342,1,-3.4205499999999995,NC(CNC(Cc1ccc([N+](=O)[O-])cc1)C1=NC(C(=O)O)Cc2ccc(O)cc21)CC1CCCCC1,NC(CNC(Cc1ccc([N+](=O)[O-])cc1)C1=NC(C(=O)O)Cc2ccc(OC(=O)c3cccc(F)n3)cc21)CC1CCCCC1
rxnflow_6td3,greedy_oracle_static,289,289,345,3,-4.74321,NC(CCCCNCc1c[nH]c2ccc(F)cc12)CNc1c(F)cccc1C(=O)O,NC(CCCCN(Cc1c[nH]c2ccc(F)cc12)C(=O)N1CCC(O)C1)CNc1c(F)cccc1C(=O)O
rxnflow_6td3,greedy_oracle_static,290,290,346,1,-4.1789,NC(CCCCNCc1c[nH]c2ccc(F)cc12)CNc1c(F)cccc1C(=O)O,NC(CCCCNCc1cn(Cc2cccc(F)c2)c2ccc(F)cc12)CNc1c(F)cccc1C(=O)O
rxnflow_6td3,greedy_oracle_static,291,291,347,1,-4.1456100000000005,NC(CCCCNCc1c[nH]c2ccc(F)cc12)CNc1c(F)cccc1C(=O)O,O=C(NC(CCCCNCc1c[nH]c2ccc(F)cc12)CNc1c(F)cccc1C(=O)O)c1cc(C(F)(F)F)ccn1
rxnflow_6td3,greedy_oracle_static,292,292,348,1,-3.9783999999999997,NC(CCCCNCc1c[nH]c2ccc(F)cc12)CNc1c(F)cccc1C(=O)O,Cc1cc(Br)cnc1NC(=O)c1cccc(F)c1NCC(N)CCCCNCc1c[nH]c2ccc(F)cc12
rxnflow_6td3,greedy_oracle_static,293,293,349,1,-3.545419999999999,NC(CCCCNCc1c[nH]c2ccc(F)cc12)CNc1c(F)cccc1C(=O)O,Nc1cc(C(F)(F)F)ccc1NCc1cccc(F)c1NCC(N)CCCCNCc1c[nH]c2ccc(F)cc12
rxnflow_6td3,greedy_oracle_static,294,294,350,1,-3.5057600000000004,NC(CCCCNCc1c[nH]c2ccc(F)cc12)CNc1c(F)cccc1C(=O)O,NC(CCCCNCc1c[nH]c2ccc(F)cc12)CNc1c(F)cccc1C1=NC(C(=O)O)Cc2c1[nH]c1ccccc21
rxnflow_6td3,greedy_oracle_static,295,295,351,1,-2.0999999999999996,NC(CCCCNCc1c[nH]c2ccc(F)cc12)CNc1c(F)cccc1C(=O)O,COc1ccc2oc(-c3cccc(F)c3NCC(N)CCCCNCc3c[nH]c4ccc(F)cc34)nc2c1
rxnflow_6td3,greedy_oracle_static,296,296,354,3,-4.513040000000001,CC(C)CC(Nc1cccc(N)c1C(=O)NC(Cc1ccccc1)C(=O)O)C(=O)O,CC(C)CC(Nc1cccc(NC(=O)N2CCC(=O)CC2)c1C(=O)NC(Cc1ccccc1)C(=O)O)C(=O)O
rxnflow_6td3,greedy_oracle_static,297,297,355,1,-4.358650000000001,CC(C)CC(Nc1cccc(N)c1C(=O)NC(Cc1ccccc1)C(=O)O)C(=O)O,CC(C)CC(Nc1cccc(NCc2nc3ccccc3[nH]2)c1C(=O)NC(Cc1ccccc1)C(=O)O)C(=O)O
rxnflow_6td3,greedy_oracle_static,298,298,356,1,-4.25031,CC(C)CC(Nc1cccc(N)c1C(=O)NC(Cc1ccccc1)C(=O)O)C(=O)O,CC(C)CC(Nc1cccc(Nc2cnc3cccnn23)c1C(=O)NC(Cc1ccccc1)C(=O)O)C(=O)O
rxnflow_6td3,greedy_oracle_static,299,299,357,1,-4.235519999999999,CC(C)CC(Nc1cccc(N)c1C(=O)NC(Cc1ccccc1)C(=O)O)C(=O)O,CC(C)CC(Nc1cccc(Nc2ccc3[nH]cc(C=O)c3c2)c1C(=O)NC(Cc1ccccc1)C(=O)O)C(=O)O
rxnflow_6td3,greedy_oracle_static,300,300,358,1,-4.101459999999999,CC(C)CC(Nc1cccc(N)c1C(=O)NC(Cc1ccccc1)C(=O)O)C(=O)O,CC(C)CC(Nc1cccc(N)c1C(=O)NC(Cc1ccccc1)C(=O)OCc1ccc(F)c([N+](=O)[O-])c1)C(=O)O
