tag,arm,step,cum_modes,cum_reactions,reactions_added,reward,source_hub,smiles
scent_clpp,best_candidate,1,1,4,4,-14.399999618530273,O=Cc1cccc(-c2ccc(F)cc2)c1,Fc1ccc(-c2cccc(C3c4[nH]c5ccccc5c4CC(c4nc5ccc(C(F)(F)F)cc5[nH]4)N3Cc3ccc(F)c(F)c3F)c2)cc1
scent_clpp,best_candidate,2,2,8,4,-14.399999618530273,Fc1cccc(-c2cccc(C3NC(c4nc5cc(C(F)(F)F)ccc5[nH]4)Cc4c3[nH]c3ccccc43)c2)c1F,Fc1cccc(-c2cccc(C3c4[nH]c5ccccc5c4CC(c4nc5cc(C(F)(F)F)ccc5[nH]4)N3C3CCNC3)c2)c1F
scent_clpp,best_candidate,3,3,11,3,-14.300000190734863,Nc1ccc(C(F)(F)F)cc1N,Cc1cc(-c2cccc(C3NC(c4nc5cc(C(F)(F)F)ccc5[nH]4)Cc4c3[nH]c3ccccc43)c2)ccc1F
scent_clpp,best_candidate,4,4,15,4,-14.300000190734863,Cc1cc(-c2cc(C3NC(c4nc5cc(C(F)(F)F)ccc5[nH]4)Cc4c3[nH]c3ccccc43)ccn2)ccc1F,Cc1cc(-c2cc(C3c4[nH]c5ccccc5c4CC(c4nc5cc(C(F)(F)F)ccc5[nH]4)N3C(=O)c3ccc(F)c(C(F)(F)F)c3)ccn2)ccc1F
scent_clpp,best_candidate,5,5,19,4,-14.199999809265137,CC(Nc1ccc2[nH]cc(C=O)c2c1)c1ccccc1,CC(Nc1ccc2[nH]cc(C3c4[nH]c5ccccc5c4CC(c4nc5ccc(C(F)(F)F)cc5[nH]4)N3C3CCNCC3)c2c1)c1ccccc1
scent_clpp,best_candidate,6,6,23,4,-14.199999809265137,Cc1cc(-c2cccc(C=O)c2)ccc1F,Cc1cc(-c2cccc(C3c4[nH]c5ccccc5c4CC(c4nc5cc(F)c(F)cc5o4)N3Cc3c[nH]c4ccc(F)cc34)c2)ccc1F
scent_clpp,best_candidate,7,7,26,3,-14.100000381469727,Nc1ccc(C(F)(F)F)cc1N,Cc1cc(-c2ccc(F)c(C3=NC(c4nc5ccc(C(F)(F)F)cc5[nH]4)Cc4c3[nH]c3ccccc43)c2)cnc1F
scent_clpp,best_candidate,8,8,30,4,-14.100000381469727,Brc1ccc2nc(C(Cc3c[nH]c4ccccc34)NCc3c[nH]c4ccc(Br)cc34)[nH]c2c1,Clc1cccc(-c2cccc(C3c4[nH]c5ccccc5c4CC(c4nc5ccc(Br)cc5[nH]4)N3Cc3c[nH]c4ccc(Br)cc34)c2)c1
scent_clpp,best_candidate,9,9,34,4,-14.100000381469727,FC(F)(F)c1ccc2[nH]c(C(Cc3c[nH]c4ccccc34)NCc3nc4ccccc4[nH]3)nc2c1,Fc1cccc(-c2ccc3c(C4c5[nH]c6ccccc6c5CC(c5nc6cc(C(F)(F)F)ccc6[nH]5)N4Cc4nc5ccccc5[nH]4)c[nH]c3c2)c1
scent_clpp,best_candidate,10,10,38,4,-14.100000381469727,,Cc1cc(-c2cccc(F)c2F)cnc1N1C(c2nc3ccc(C(F)(F)F)cc3[nH]2)Cc2c([nH]c3ccccc23)C1c1c[nH]c2ccc(Br)cc12
scent_clpp,best_candidate,11,11,42,4,-13.800000190734863,FC(F)(F)c1ccc2nc(C(Cc3c[nH]c4ccccc34)NC3CCC3)[nH]c2c1,Cc1cc(C)cc(-c2cncc(C3c4[nH]c5ccccc5c4CC(c4nc5ccc(C(F)(F)F)cc5[nH]4)N3C3CCC3)c2)c1
scent_clpp,best_candidate,12,12,46,4,-13.800000190734863,Cc1cc(C)cc(-c2cccc(C=O)c2)c1,Cc1cc(C)cc(-c2cccc(C3c4[nH]c5ccccc5c4CC(c4nc5cc(F)ccc5o4)N3C3CNC3)c2)c1
scent_clpp,best_candidate,13,13,50,4,-13.800000190734863,,Cc1cc(-c2ccc3c(C4c5[nH]c6ccccc6c5CC(c5nc6ccc(C(F)(F)F)cc6[nH]5)N4C(=O)C4Cc5ccccc5CN4)c[nH]c3c2)ccc1F
scent_clpp,best_candidate,14,14,54,4,-13.699999809265137,O=C(O)C1Cc2c([nH]c3ccccc23)C(c2c[nH]c3cc(-c4cccc(F)c4F)ccc23)N1Cc1nc2ccccc2[nH]1,Fc1ccc2oc(C3Cc4c([nH]c5ccccc45)C(c4c[nH]c5cc(-c6cccc(F)c6F)ccc45)N3Cc3nc4ccccc4[nH]3)nc2c1
scent_clpp,best_candidate,15,15,58,4,-13.699999809265137,FC(F)(F)c1ccc2[nH]c(C(Cc3c[nH]c4ccccc34)NCc3c[nH]c4ccccc34)nc2c1,CC(Nc1cccc(C2c3[nH]c4ccccc4c3CC(c3nc4cc(C(F)(F)F)ccc4[nH]3)N2Cc2c[nH]c3ccccc23)c1)c1ccccc1
scent_clpp,best_candidate,16,16,62,4,-13.699999809265137,,Cc1cc(-c2ccc(N3CCCC(O)C3)c(C3=NC(c4nc5cc(C(F)(F)F)ccc5[nH]4)Cc4c3[nH]c3ccccc43)c2)cnc1N
scent_clpp,best_candidate,17,17,66,4,-13.699999809265137,Nc1ccc(Cl)cc1O,CC(Nc1cccc(C2NC(c3nc4ccc(Cl)cc4o3)Cc3c2[nH]c2ccccc32)c1)c1ccccc1
scent_clpp,best_candidate,18,18,69,3,-13.600000381469727,Nc1ccc(Br)cc1N,Fc1cccc(-c2cccc(C3NC(c4nc5ccc(Br)cc5[nH]4)Cc4c3[nH]c3ccccc43)c2)c1F
scent_clpp,best_candidate,19,19,72,3,-13.600000381469727,Nc1ccc(C(F)(F)F)cc1N,Oc1cc(F)c(F)cc1Nc1ccc2c(C3NC(c4nc5ccc(C(F)(F)F)cc5[nH]4)Cc4c3[nH]c3ccccc43)c[nH]c2c1
scent_clpp,best_candidate,20,20,75,3,-13.600000381469727,OB(O)c1cccc(C2=NC(c3nc4cc(F)ccc4o3)Cc3c2[nH]c2ccccc32)c1,Cc1cc(-c2cccc(C3=NC(c4nc5cc(F)ccc5o4)Cc4c3[nH]c3ccccc43)c2)cnc1F
scent_clpp,best_candidate,21,21,78,3,-13.5,Nc1ccc(C(F)(F)F)cc1N,O=Cc1cccc(-c2cccc(C3=NC(c4nc5cc(C(F)(F)F)ccc5[nH]4)Cc4c3[nH]c3ccccc43)c2)c1
scent_clpp,best_candidate,22,22,82,4,-13.5,Fc1cc2nc(C(Cc3c[nH]c4ccccc34)NC3CCNC3)oc2cc1F,Cc1cc(-c2cc(C3c4[nH]c5ccccc5c4CC(c4nc5cc(F)c(F)cc5o4)N3C3CCNC3)ccn2)ccc1F
scent_clpp,best_candidate,23,23,85,3,-13.399999618530273,O=C(C1Cc2ccccc2CN1)N1C(c2nc3cc(F)c(F)cc3o2)Cc2c([nH]c3ccccc23)C1c1c[nH]c2ccc(Br)cc12,CC(Nc1ccc2[nH]cc(C3c4[nH]c5ccccc5c4CC(c4nc5cc(F)c(F)cc5o4)N3C(=O)C3Cc4ccccc4CN3)c2c1)c1ccccc1
scent_clpp,best_candidate,24,24,88,3,-13.399999618530273,CC(Nc1cccc(C2=NC(C(=O)O)Cc3c2[nH]c2ccccc32)n1)c1ccccc1,CC(Nc1cccc(C2=NC(c3nc4ccc(C(F)(F)F)cc4[nH]3)Cc3c2[nH]c2ccccc32)n1)c1ccccc1
scent_clpp,best_candidate,25,25,91,3,-13.399999618530273,Nc1ccc(C(F)(F)F)cc1N,Cc1cc(-c2cccc(C3NC(c4nc5ccc(C(F)(F)F)cc5[nH]4)Cc4ccccc43)c2)ccc1F
scent_clpp,best_candidate,26,26,95,4,-13.399999618530273,O=C(NC(Cc1c[nH]c2ccccc12)c1nc2cc(F)ccc2o1)C1Cc2ccccc2CN1,Cc1cc(-c2cccc(C3c4[nH]c5ccccc5c4CC(c4nc5cc(F)ccc5o4)N3C(=O)C3Cc4ccccc4CN3)c2)ccc1F
scent_clpp,best_candidate,27,27,98,3,-13.399999618530273,O=Cc1nc2ccccc2[nH]1,Fc1cccc(-c2ccc3[nH]cc(C4c5[nH]c6ccccc6c5CCN4Cc4nc5ccccc5[nH]4)c3c2)c1F
scent_clpp,best_candidate,28,28,102,4,-13.300000190734863,NC(Cc1c[nH]c2ccccc12)C1=NC(c2nc3cc(F)ccc3o2)Cc2c1[nH]c1ccccc21,Fc1ccc2oc(C3Cc4c([nH]c5ccccc45)C(C4Cc5c([nH]c6ccccc56)C(c5c[nH]c6ccc(-c7cccc(F)c7F)cc56)N4)=N3)nc2c1
scent_clpp,best_candidate,29,29,105,3,-13.300000190734863,Nc1ccc(C(F)(F)F)cc1N,CC(=O)c1cccc(-c2cncc(C3NC(c4nc5ccc(C(F)(F)F)cc5[nH]4)Cc4c3[nH]c3ccccc43)c2)c1
scent_clpp,best_candidate,30,30,109,4,-13.300000190734863,O=C(O)C1Cc2c([nH]c3ccccc23)C(c2c[nH]c3cc(Nc4cc(F)c(F)cc4O)ccc23)N1C1CCC1,Oc1cc(F)c(F)cc1Nc1ccc2c(C3c4[nH]c5ccccc5c4CC(c4nc5cc(F)ccc5o4)N3C3CCC3)c[nH]c2c1
scent_clpp,best_candidate,31,31,113,4,-13.300000190734863,O=C1CCN(c2ccc(-c3cccnc3F)cc2C2=NC(C(=O)O)Cc3c2[nH]c2ccccc32)C1,O=C1CCN(c2ccc(-c3cccnc3F)cc2C2=NC(c3nc4cc(F)ccc4o3)Cc3c2[nH]c2ccccc32)C1
scent_clpp,best_candidate,32,32,117,4,-13.300000190734863,NC(Cc1c[nH]c2ccccc12)c1nc2cc(Cl)ccc2[nH]1,Fc1ccc(-c2cccnc2F)cc1C1=NC(c2nc3cc(Cl)ccc3[nH]2)Cc2c1[nH]c1ccccc21
scent_clpp,best_candidate,33,33,120,3,-13.300000190734863,NC(Cc1c[nH]c2ccccc12)C1=NCCc2c1[nH]c1ccccc21,Cc1cc(-c2ccc3[nH]cc(C4NC(C5=NCCc6c5[nH]c5ccccc65)Cc5c4[nH]c4ccccc54)c3c2)ccc1F
scent_clpp,best_candidate,34,34,123,3,-13.199999809265137,Cc1cc(B(O)O)ccc1F,Cc1cc(-c2csc(C3NC(c4nc5ccc(C(F)(F)F)cc5[nH]4)Cc4c3[nH]c3ccccc43)n2)ccc1F
scent_clpp,best_candidate,35,35,127,4,-13.199999809265137,Cc1cc(-c2cncc(C3c4[nH]c5ccccc5c4CC(C(=O)O)N3C3CCC3)c2)ccc1F,Cc1cc(-c2cncc(C3c4[nH]c5ccccc5c4CC(c4nc5cc(Br)ccc5o4)N3C3CCC3)c2)ccc1F
scent_clpp,best_candidate,36,36,131,4,-13.199999809265137,Nc1ccc(-c2ccc(N3CCCC(=O)C3)c(C(=O)O)c2)cc1O,Nc1ccc(-c2ccc(N3CCCC(=O)C3)c(C3=NC(c4nc5ccc(C(F)(F)F)cc5[nH]4)Cc4c3[nH]c3ccccc43)c2)cc1O
scent_clpp,best_candidate,37,37,135,4,-13.199999809265137,O=C(O)C1Cc2c([nH]c3ccccc23)C(C2Cc3c([nH]c4ccccc34)C(c3ccnc(Br)c3)N2C2CCNCC2)=N1,Fc1ccc2oc(C3Cc4c([nH]c5ccccc45)C(C4Cc5c([nH]c6ccccc56)C(c5ccnc(Br)c5)N4C4CCNCC4)=N3)nc2c1
scent_clpp,best_candidate,38,38,139,4,-13.199999809265137,Fc1cccc(-c2cccc(C3NC(c4nc5cc(Br)ccc5o4)Cc4c3[nH]c3ccccc43)c2)c1F,Fc1cccc(-c2cccc(C3c4[nH]c5ccccc5c4CC(c4nc5cc(Br)ccc5o4)N3CC3Cc4ccccc4CN3)c2)c1F
scent_clpp,best_candidate,39,39,143,4,-13.199999809265137,,Cc1cc(C)cc(-c2cccc(C3c4[nH]c5ccccc5c4CC(c4nc5cc(C(F)(F)F)ccc5[nH]4)N3C(=O)N3CC(=O)C3)c2)c1
scent_clpp,best_candidate,40,40,147,4,-13.100000381469727,,Cc1cc(-c2cccc(C3c4[nH]c5ccccc5c4CC(c4nc5cc(C(F)(F)F)ccc5[nH]4)N3c3cccnc3F)c2)cnc1F
scent_clpp,best_candidate,41,41,151,4,-13.100000381469727,Cc1cc(-c2ccc(N3CCCC3C(F)(F)F)c(C(=O)O)c2)cnc1F,Cc1cc(-c2ccc(N3CCCC3C(F)(F)F)c(C3=NC(c4nc5ccc(Br)cc5o4)Cc4c3[nH]c3ccccc43)c2)cnc1F
scent_clpp,best_candidate,42,42,155,4,-13.100000381469727,FC(F)(F)c1ccc2[nH]c(C3Cc4c([nH]c5ccccc45)C(c4cncc(Br)c4)N3Cc3ncc[nH]3)nc2c1,Cc1cc(-c2cncc(C3c4[nH]c5ccccc5c4CC(c4nc5cc(C(F)(F)F)ccc5[nH]4)N3Cc3ncc[nH]3)c2)ccc1F
scent_clpp,best_candidate,43,43,158,3,-13.100000381469727,O=Cc1cccc(-c2cccc(C3=NC(c4nc5ccc(Br)cc5o4)Cc4c3[nH]c3ccccc43)c2)c1,Brc1ccc2nc(C3Cc4c([nH]c5ccccc45)C(c4cccc(-c5cccc(-c6cnco6)c5)c4)=N3)oc2c1
scent_clpp,best_candidate,44,44,162,4,-13.100000381469727,O=C(O)C1Cc2c([nH]c3ccccc23)C(C2Cc3c([nH]c4ccccc34)C(c3cccc(-c4cccc(Cl)c4)c3)N2)=N1,Clc1cccc(-c2cccc(C3NC(C4=NC(c5nc6cc(Br)ccc6[nH]5)Cc5c4[nH]c4ccccc54)Cc4c3[nH]c3ccccc43)c2)c1
scent_clpp,best_candidate,45,45,166,4,-13.0,Fc1cccc(Cn2c3c(c4ccccc42)CC(c2nc4ccc(C(F)(F)F)cc4[nH]2)NC3c2cccc(Br)c2)c1,Cc1cc(C)cc(-c2cccc(C3NC(c4nc5ccc(C(F)(F)F)cc5[nH]4)Cc4c3n(Cc3cccc(F)c3)c3ccccc43)c2)c1
scent_clpp,best_candidate,46,46,169,3,-12.899999618530273,CC(=O)c1cccc(-c2cccc(C3NC(C(=O)O)Cc4c3[nH]c3ccccc43)c2)c1,CC(=O)c1cccc(-c2cccc(C3NC(c4nc5cc(F)c(F)cc5o4)Cc4c3[nH]c3ccccc43)c2)c1
scent_clpp,best_candidate,47,47,173,4,-12.899999618530273,CC(Nc1cccc(C2c3[nH]c4ccccc4c3CC(C(=O)O)N2Cc2ccc(F)c(F)c2F)c1)c1ccccc1,CC(Nc1cccc(C2c3[nH]c4ccccc4c3CC(c3nc4cc(F)ccc4o3)N2Cc2ccc(F)c(F)c2F)c1)c1ccccc1
scent_clpp,best_candidate,48,48,176,3,-12.899999618530273,N#Cc1cc(B(O)O)ccc1F,N#Cc1cc(-c2cncc(C3NC(c4nc5cc(F)ccc5o4)Cc4c3[nH]c3ccccc43)c2)ccc1F
scent_clpp,best_candidate,49,49,180,4,-12.899999618530273,Nc1cc(Cl)ccc1O,Fc1cccc(-c2ccc3[nH]cc(C4NC(c5nc6cc(Cl)ccc6o5)Cc5c4[nH]c4ccccc54)c3c2)c1
scent_clpp,best_candidate,50,50,184,4,-12.800000190734863,Fc1cccc(-c2cncc(C3NC(c4nc5ccccc5o4)Cc4c3[nH]c3ccccc43)c2)c1,Fc1cccc(-c2cncc(C3c4[nH]c5ccccc5c4CC(c4nc5ccccc5o4)N3c3ncc4[nH]ccc4n3)c2)c1
scent_clpp,best_candidate,51,51,187,3,-12.800000190734863,CC(Nc1cccc(C2NC(C(=O)O)Cc3ccccc32)c1)c1ccccc1,CC(Nc1cccc(C2NC(c3nc4cc(C(F)(F)F)ccc4[nH]3)Cc3ccccc32)c1)c1ccccc1
scent_clpp,best_candidate,52,52,188,1,-12.800000190734863,Cc1cc(-c2cc(C3NC(C(=O)O)Cc4c3[nH]c3ccccc43)ccn2)ccc1F,Cc1cc(-c2cc(C3NC(c4nc5cc(Br)ccc5o4)Cc4c3[nH]c3ccccc43)ccn2)ccc1F
scent_clpp,best_candidate,53,53,192,4,-12.800000190734863,FC(F)(F)c1ccc2[nH]c(C(Cc3c[nH]c4ccccc34)NC3CCC3)nc2c1,Fc1ccc(-c2csc(C3c4[nH]c5ccccc5c4CC(c4nc5cc(C(F)(F)F)ccc5[nH]4)N3C3CCC3)n2)cc1
scent_clpp,best_candidate,54,54,196,4,-12.800000190734863,O=C(O)C1Cc2c([nH]c3ccccc23)C(c2cc(-c3ccnc(F)c3)ccc2N2CCNCC2)=N1,Fc1cc(-c2ccc(N3CCNCC3)c(C3=NC(c4nc5cc(F)c(F)cc5o4)Cc4c3[nH]c3ccccc43)c2)ccn1
scent_clpp,best_candidate,55,55,200,4,-12.800000190734863,OC1CNC(CNC(Cc2c[nH]c3ccccc23)c2nc3cc(C(F)(F)F)ccc3[nH]2)C1,OC1CNC(CN2C(c3nc4cc(C(F)(F)F)ccc4[nH]3)Cc3c([nH]c4ccccc34)C2c2ccnc(-c3cccc(F)c3F)c2)C1
scent_clpp,best_candidate,56,56,204,4,-12.699999809265137,O=Cc1nc(-c2ccccc2F)cs1,Fc1ccccc1-c1csc(C2c3[nH]c4ccccc4c3CC(c3nc4ccc(C(F)(F)F)cc4[nH]3)N2Cc2cncc(Br)c2)n1
scent_clpp,best_candidate,57,57,208,4,-12.699999809265137,Cc1cc(-c2cccc(C3c4[nH]c5ccccc5c4CC(C(=O)O)N3c3nc4ccccc4[nH]3)c2)cnc1F,Cc1cc(-c2cccc(C3c4[nH]c5ccccc5c4CC(c4nc5cc(F)c(F)cc5o4)N3c3nc4ccccc4[nH]3)c2)cnc1F
scent_clpp,best_candidate,58,58,212,4,-12.699999809265137,O=Cc1cccc(-c2cccc(C=O)c2)c1,O=Cc1cccc(-c2cccc(C3c4[nH]c5ccccc5c4CC(c4nc5cc(C(F)(F)F)ccc5[nH]4)N3Cc3cccc(F)n3)c2)c1
scent_clpp,best_candidate,59,59,216,4,-12.699999809265137,,O=Cc1cccc(-c2cc(C3=NC(c4nc5cc(Cl)ccc5o4)Cc4c3[nH]c3ccccc43)ccc2F)c1
scent_clpp,best_candidate,60,60,219,3,-12.699999809265137,FC(F)(F)c1ccc2nc(C(Cc3c[nH]c4ccccc34)Nc3ccc4ccccc4n3)[nH]c2c1,Fc1cccc(-c2cccc(CN(c3ccc4ccccc4n3)C(Cc3c[nH]c4ccccc34)c3nc4ccc(C(F)(F)F)cc4[nH]3)c2)c1F
scent_clpp,best_candidate,61,61,223,4,-12.600000381469727,CC(=O)c1cccc(-c2cncc(C=O)c2)c1,CC(=O)c1cccc(-c2cncc(C3c4[nH]c5ccccc5c4CC(c4nc5cc(F)ccc5o4)N3Cc3ccc(C(F)(F)F)cc3)c2)c1
scent_clpp,best_candidate,62,62,226,3,-12.600000381469727,CC(N)c1ccccc1,CC(Nc1ccc2c(C3NC(c4nc5cc(F)ccc5o4)Cc4c3[nH]c3ccccc43)c[nH]c2c1)c1ccccc1
scent_clpp,best_candidate,63,63,229,3,-12.600000381469727,Cc1cc(-c2ccc(F)c(C(=O)O)c2)cnc1N,Cc1cc(-c2ccc(F)c(C3=NC(c4nc5ccccc5o4)Cc4c3[nH]c3ccccc43)c2)cnc1N
scent_clpp,best_candidate,64,64,232,3,-12.600000381469727,O=C(O)C1Cc2c([nH]c3ccccc23)C(c2cncc(-c3cccc(Cl)c3)c2)N1,Fc1cc(-n2c(C3Cc4c([nH]c5ccccc45)C(c4cncc(-c5cccc(Cl)c5)c4)N3)nc3cc(C(F)(F)F)ccc32)ccn1
scent_clpp,best_candidate,65,65,236,4,-12.600000381469727,O=C(O)C1Cc2c([nH]c3ccccc23)C(c2ccc(F)c(C(F)(F)F)c2)N1Cc1cccc(-c2cccc(F)c2F)c1,Fc1cc2nc(C3Cc4c([nH]c5ccccc45)C(c4ccc(F)c(C(F)(F)F)c4)N3Cc3cccc(-c4cccc(F)c4F)c3)oc2cc1F
scent_clpp,best_candidate,66,66,240,4,-12.600000381469727,,O=Cc1cccc(-c2ccc(N3CCCC(O)C3)c(C3=NC(c4nc5cc(Br)ccc5o4)Cc4c3[nH]c3ccccc43)c2)c1
scent_clpp,best_candidate,67,67,242,2,-12.600000381469727,NC(Cc1c[nH]c2ccccc12)C(=O)Nc1cc(F)ccc1O,Cc1cc(-c2cccc(C3NC(C(=O)Nc4cc(F)ccc4O)Cc4c3[nH]c3ccccc43)c2)ccc1F
scent_clpp,best_candidate,68,68,245,3,-12.5,Cc1cc(B(O)O)ccc1F,Cc1cc(-c2ccc3[nH]cc(C4c5[nH]c6ccccc6c5CCN4C(=O)C4Cc5ccccc5CN4)c3c2)ccc1F
scent_clpp,best_candidate,69,69,248,3,-12.5,CC(Nc1csc(C2NC(C(=O)O)Cc3c2[nH]c2ccccc32)n1)c1ccccc1,CC(Nc1csc(C2NC(c3nc4cc(F)c(F)cc4o3)Cc3c2[nH]c2ccccc32)n1)c1ccccc1
scent_clpp,best_candidate,70,70,251,3,-12.5,Fc1cccc(-c2cccc(CNCCc3c[nH]c4ccccc34)c2)c1,Fc1cccc(-c2cccc(CN3CCc4c([nH]c5ccccc45)C3c3nc4ccccc4[nH]3)c2)c1
scent_clpp,best_candidate,71,71,254,3,-12.5,Brc1ccc2[nH]c(C(Cc3c[nH]c4ccccc34)Nc3ccc4ccccc4n3)nc2c1,Fc1cccc(-c2cccc(C3c4[nH]c5ccccc5c4CC(c4nc5cc(Br)ccc5[nH]4)N3c3ccc4ccccc4n3)c2)c1
scent_clpp,best_candidate,72,72,258,4,-12.5,Cc1cc(-c2ccc3c(C4c5[nH]c6ccccc6c5CC(C(=O)O)N4C(=O)c4cccc(O)c4N)c[nH]c3c2)ccc1F,Cc1cc(-c2ccc3c(C4c5[nH]c6ccccc6c5CC(c5nc6cc(F)c(F)cc6o5)N4C(=O)c4cccc(O)c4N)c[nH]c3c2)ccc1F
scent_clpp,best_candidate,73,73,262,4,-12.5,,CC(=O)c1cccc(-c2cc(C3c4[nH]c5ccccc5c4CC(c4nc5ccc(C(F)(F)F)cc5[nH]4)N3CC3Cc4ccccc4CN3)ccn2)c1
scent_clpp,best_candidate,74,74,265,3,-12.399999618530273,Nc1cc(C(F)(F)F)ccc1Nc1ccnc(F)c1,Nc1cc(-c2ccc(F)c(C3=NC(c4nc5cc(C(F)(F)F)ccc5n4-c4ccnc(F)c4)Cc4c3[nH]c3ccccc43)c2)ccc1O
scent_clpp,best_candidate,75,75,268,3,-12.399999618530273,O=Cc1c[nH]c2cc(-c3cccc(F)c3F)ccc12,Fc1cccc(-c2ccc3c(C4NC(c5nc6ccccc6o5)Cc5c4[nH]c4ccccc54)c[nH]c3c2)c1F
scent_clpp,best_candidate,76,76,272,4,-12.399999618530273,FC(F)(F)c1ccc2nc(C3Cc4ccccc4C(c4c[nH]c5ccc(Br)cc45)N3Cc3c[nH]c4ccccc34)[nH]c2c1,Fc1cccc(-c2ccc3[nH]cc(C4c5ccccc5CC(c5nc6ccc(C(F)(F)F)cc6[nH]5)N4Cc4c[nH]c5ccccc45)c3c2)c1
scent_clpp,best_candidate,77,77,276,4,-12.399999618530273,Fc1ccccc1-c1ccc2c(C3NC(c4nc5cc(Br)ccc5o4)Cc4c3[nH]c3ccccc43)c[nH]c2c1,Fc1ccccc1-c1ccc2c(C3c4[nH]c5ccccc5c4CC(c4nc5cc(Br)ccc5o4)N3C3CCNC3)c[nH]c2c1
scent_clpp,best_candidate,78,78,280,4,-12.399999618530273,Nc1cc(C(F)(F)F)ccc1Nc1cccnc1F,Fc1cccc(-c2cc(C3NC(c4nc5cc(C(F)(F)F)ccc5n4-c4cccnc4F)Cc4c3[nH]c3ccccc43)ccn2)c1F
scent_clpp,best_candidate,79,79,284,4,-12.399999618530273,O=Cc1ccnc(-c2cccc(Cl)c2)c1,Clc1cccc(-c2cc(C3NC(c4nc5cc(Cl)ccc5[nH]4)Cc4c3[nH]c3ccccc43)ccn2)c1
scent_clpp,best_candidate,80,80,286,2,-12.399999618530273,Fc1cccc(-c2cc(C3NC(c4nc5ccc(Br)cc5[nH]4)Cc4c3[nH]c3ccccc43)ccn2)c1F,O=C(C1Cc2ccccc2CN1)N1C(c2nc3ccc(Br)cc3[nH]2)Cc2c([nH]c3ccccc23)C1c1ccnc(-c2cccc(F)c2F)c1
scent_clpp,best_candidate,81,81,290,4,-12.300000190734863,NC(Cc1c[nH]c2ccccc12)C1=NC(C2=NC(c3nc4cc(F)ccc4o3)Cc3c2[nH]c2ccccc32)Cc2c1[nH]c1ccccc21,Fc1ccc2oc(C3Cc4c([nH]c5ccccc45)C(C4Cc5c([nH]c6ccccc56)C(C5Cc6c([nH]c7ccccc67)C(c6ccc(F)c(F)c6F)=N5)=N4)=N3)nc2c1
scent_clpp,best_candidate,82,82,293,3,-12.300000190734863,NCc1ccccc1,FC(F)(F)c1ccc2[nH]c(C3Cc4c([nH]c5ccccc45)C(c4c[nH]c5ccc(NCc6ccccc6)cc45)N3)nc2c1
scent_clpp,best_candidate,83,83,297,4,-12.300000190734863,FC(F)(F)c1ccc2nc(C(Cc3c[nH]c4ccccc34)Nc3ncc4[nH]ccc4n3)[nH]c2c1,Fc1ccccc1-c1cncc(C2c3[nH]c4ccccc4c3CC(c3nc4ccc(C(F)(F)F)cc4[nH]3)N2c2ncc3[nH]ccc3n2)c1
scent_clpp,best_candidate,84,84,298,1,-12.300000190734863,O=C(O)C1Cc2c([nH]c3ccccc23)C(c2ccnc(-c3cccc(F)c3F)c2)N1,O=C(O)C1Cc2c([nH]c3ccccc23)C(c2ccnc(-c3cccc(F)c3F)c2)N1Cc1cccc(-c2cccc(F)c2F)c1
scent_clpp,best_candidate,85,85,301,3,-12.300000190734863,,Cc1cc(-c2cccc(C3c4[nH]c5ccccc5c4CC(C4=NC(C(=O)O)Cc5c4[nH]c4ccccc54)N3C3CCOCC3)c2)ccc1F
scent_clpp,best_candidate,86,86,304,3,-12.199999809265137,Cc1cc(-c2cccc(C3c4cc(O)ccc4CC(C(=O)O)N3Cc3cncc(F)c3)c2)ccc1F,Cc1cc(-c2cccc(C3c4cc(O)ccc4CC(c4nc5ccc(C(F)(F)F)cc5[nH]4)N3Cc3cncc(F)c3)c2)ccc1F
scent_clpp,best_candidate,87,87,308,4,-12.199999809265137,NC(Cc1c[nH]c2ccccc12)c1nc2ccc(-c3cccnc3F)cc2[nH]1,Fc1ncccc1-c1ccc2nc(C3Cc4c([nH]c5ccccc45)C(c4cccc(-c5ccc(C(F)(F)F)cn5)c4)=N3)[nH]c2c1
scent_clpp,best_candidate,88,88,311,3,-12.199999809265137,FC(F)(F)c1ccc2[nH]c(C3Cc4ccccc4CN3)nc2c1,Oc1cc(F)cc(-c2cccc(CN3Cc4ccccc4CC3c3nc4cc(C(F)(F)F)ccc4[nH]3)c2)c1
scent_clpp,best_candidate,89,89,313,2,-12.199999809265137,FC(F)(F)c1ccc2[nH]c(C3Cc4c([nH]c5ccccc45)C(C4Cc5c([nH]c6ccccc56)C(c5cccc(Br)c5)N4)=N3)nc2c1,Fc1ccc(CN2C(C3=NC(c4nc5cc(C(F)(F)F)ccc5[nH]4)Cc4c3[nH]c3ccccc43)Cc3c([nH]c4ccccc34)C2c2cccc(Br)c2)cc1
scent_clpp,best_candidate,90,90,315,2,-12.199999809265137,Nc1c(F)cccc1CN1C(c2nc3cc(F)ccc3o2)Cc2c([nH]c3ccccc23)C1c1cncc(Br)c1,Nc1c(F)cccc1CN1C(c2nc3cc(F)ccc3o2)Cc2c([nH]c3ccccc23)C1c1cncc(NC2CCCCC2)c1
scent_clpp,best_candidate,91,91,319,4,-12.199999809265137,O=Cc1nc(-c2cccc(F)c2F)cs1,Fc1cccc(-c2csc(C3c4[nH]c5ccccc5c4CC(c4nc5ccc(Br)cc5o4)N3Cc3c[nH]c4ccccc34)n2)c1F
scent_clpp,best_candidate,92,92,323,4,-12.199999809265137,O=S(=O)(c1cccc2ccccc12)N1C(c2nc3cc(C(F)(F)F)ccc3[nH]2)Cc2c([nH]c3ccccc23)C1c1ccnc(Br)c1,O=S(=O)(c1cccc2ccccc12)N1C(c2nc3cc(C(F)(F)F)ccc3[nH]2)Cc2c([nH]c3ccccc23)C1c1ccnc(-c2cccc(F)c2)c1
scent_clpp,best_candidate,93,93,327,4,-12.199999809265137,Fc1cccc(-c2ccc3[nH]cc(C4NC(c5nc6cc(F)ccc6o5)Cc5c4[nH]c4ccccc54)c3c2)c1,Fc1cccc(-c2ccc3[nH]cc(C4c5[nH]c6ccccc6c5CC(c5nc6cc(F)ccc6o5)N4c4ccc5ccccc5n4)c3c2)c1
scent_clpp,best_candidate,94,94,331,4,-12.199999809265137,Cc1cc(-c2cncc(C3NC(C(=O)O)Cc4c3[nH]c3ccccc43)c2)ccc1F,Cc1cc(-c2cncc(C3NC(C4=NC(c5nc6cc(F)c(F)cc6o5)Cc5c4[nH]c4ccccc54)Cc4c3[nH]c3ccccc43)c2)ccc1F
scent_clpp,best_candidate,95,95,334,3,-12.199999809265137,O=CC1=NC(C2=NC(C(=O)O)Cc3c2[nH]c2ccccc32)Cc2c1[nH]c1ccccc21,O=CC1=NC(C2=NC(c3nc4ccc(C(F)(F)F)cc4[nH]3)Cc3c2[nH]c2ccccc32)Cc2c1[nH]c1ccccc21
scent_clpp,best_candidate,96,96,338,4,-12.199999809265137,Cc1cc(C)cc(-c2cccc(C3c4ccccc4CC(C(=O)O)N3C3CNC3)c2)c1,Cc1cc(C)cc(-c2cccc(C3c4ccccc4CC(c4nc5cc(C(F)(F)F)ccc5[nH]4)N3C3CNC3)c2)c1
scent_clpp,best_candidate,97,97,341,3,-12.100000381469727,Brc1ccc2nc(C3Cc4c([nH]c5ccccc45)C(c4c[nH]c5ccccc45)N3Cc3c[nH]c4ccccc34)[nH]c2c1,Fc1cccc(-c2ccc3nc(C4Cc5c([nH]c6ccccc56)C(c5c[nH]c6ccccc56)N4Cc4c[nH]c5ccccc45)[nH]c3c2)c1F
scent_clpp,best_candidate,98,98,345,4,-12.100000381469727,,Cc1cc(-c2csc(C3c4[nH]c5ccccc5c4CC(c4nc5ccccc5o4)N3CC3Cc4ccccc4CN3)n2)ccc1F
scent_clpp,best_candidate,99,99,349,4,-12.100000381469727,FC(F)(F)c1ccc2[nH]c(C(Cc3c[nH]c4ccccc34)NCc3cncc(-c4ccc5[nH]ccc5c4)c3)nc2c1,FC(F)(F)c1ccc2[nH]c(C3Cc4c([nH]c5ccccc45)C(c4c[nH]c5ccc(Br)cc45)N3Cc3cncc(-c4ccc5[nH]ccc5c4)c3)nc2c1
scent_clpp,best_candidate,100,100,353,4,-12.100000381469727,Oc1ccc2c(c1)C(c1cccc(-c3ccccc3F)c1)NC(c1nc3cc(Br)ccc3o1)C2,Cc1cc(-c2ccc3oc(C4Cc5ccc(O)cc5C(c5cccc(-c6ccccc6F)c5)N4)nc3c2)ccc1F
scent_clpp,best_candidate,101,101,357,4,-12.100000381469727,NC(Cc1c[nH]c2ccccc12)c1nc2ccc(Cl)cc2[nH]1,Nc1ccc(-c2cc(C3=NC(c4nc5ccc(Cl)cc5[nH]4)Cc4c3[nH]c3ccccc43)ccc2F)cc1O
scent_clpp,best_candidate,102,102,361,4,-12.100000381469727,,Fc1cccc(-c2cccc(C3c4[nH]c5ccccc5c4CC(C4=NCCc5c4[nH]c4ccccc54)N3Cc3cccc(F)n3)c2)c1
scent_clpp,best_candidate,103,103,365,4,-12.100000381469727,Brc1ccc2oc(C3Cc4c([nH]c5ccccc45)C(c4nc5ccccc5[nH]4)N3C3CCNC3)nc2c1,CC(Nc1ccc2oc(C3Cc4c([nH]c5ccccc45)C(c4nc5ccccc5[nH]4)N3C3CCNC3)nc2c1)c1ccccc1
scent_clpp,best_candidate,104,104,368,3,-12.100000381469727,CC(=O)c1cccc(-c2cncc(CNC(Cc3c[nH]c4ccccc34)C3=NCCc4c3[nH]c3ccccc43)c2)c1,CC(=O)c1cccc(-c2cncc(CN3C(C4=NCCc5c4[nH]c4ccccc54)Cc4c([nH]c5ccccc45)C3c3nc4ccccc4[nH]3)c2)c1
scent_clpp,best_candidate,105,105,369,1,-12.100000381469727,CC(N)c1ccccc1,CC(NC(=O)C1Cc2c([nH]c3ccccc23)C(c2ccnc(-c3cccc(F)c3F)c2)N1)c1ccccc1
scent_clpp,best_candidate,106,106,373,4,-12.0,Cc1cc(-c2cc(C3NC(c4nc5cc(F)ccc5o4)Cc4c3[nH]c3ccccc43)ccn2)ccc1F,Cc1cc(-c2cc(C3NC(c4nc5cc(F)ccc5o4)Cc4c3n(Cc3cccc(F)c3)c3ccccc43)ccn2)ccc1F
scent_clpp,best_candidate,107,107,375,2,-12.0,NC(Cc1c[nH]c2ccccc12)c1nc2ccc(Cl)cc2[nH]1,CC(Nc1ccc2[nH]cc(C3NC(c4nc5ccc(Cl)cc5[nH]4)Cc4c3[nH]c3ccccc43)c2c1)c1ccccc1
scent_clpp,best_candidate,108,108,379,4,-12.0,CC(=O)c1cccc(-c2cc(C3NC(c4nc5ccc(C(F)(F)F)cc5[nH]4)Cc4c3[nH]c3ccccc43)ccn2)c1,CC(Nc1cc(Br)ccc1O)c1cccc(-c2cc(C3NC(c4nc5ccc(C(F)(F)F)cc5[nH]4)Cc4c3[nH]c3ccccc43)ccn2)c1
scent_clpp,best_candidate,109,109,382,3,-12.0,O=Cc1c[nH]c2ccc(-c3cccc(F)c3F)cc12,O=C(O)C1Cc2c([nH]c3ccccc23)C(c2c[nH]c3ccc(-c4cccc(F)c4F)cc23)N1CC1Cc2ccccc2CN1
scent_clpp,best_candidate,110,110,385,3,-12.0,Cc1cc(C)cc(-c2cncc(C3c4[nH]c5ccccc5c4CC(C(=O)O)N3Cc3c[nH]c4cc(Br)ccc34)c2)c1,Cc1cc(C)cc(-c2cncc(C3c4[nH]c5ccccc5c4CC(c4nc5cc(Br)ccc5[nH]4)N3Cc3c[nH]c4cc(Br)ccc34)c2)c1
scent_clpp,best_candidate,111,111,388,3,-12.0,Fc1cc2nc(C3Cc4c([nH]c5ccccc45)C(C(Cc4c[nH]c5ccccc45)NCc4ccc(F)c(F)c4F)=N3)oc2cc1F,Fc1cc2nc(C3Cc4c([nH]c5ccccc45)C(C4Cc5c([nH]c6ccccc56)C(c5cccc(Br)c5)N4Cc4ccc(F)c(F)c4F)=N3)oc2cc1F
scent_clpp,best_candidate,112,112,392,4,-12.0,Cc1cc(-c2ccnc(Nc3ncc(-c4cc(O)cc(F)c4)cc3C)c2)ccc1F,Cc1cc(-c2ccnc(N(C(=O)N3CCC(=O)CC3)c3ncc(-c4cc(O)cc(F)c4)cc3C)c2)ccc1F
scent_clpp,best_candidate,113,113,396,4,-12.0,NC(Cc1ccccc1)C1=NC(c2nc3ccc(C(F)(F)F)cc3[nH]2)Cc2c1[nH]c1ccccc21,FC(F)(F)c1ccc2nc(C3Cc4c([nH]c5ccccc45)C(C4Cc5ccccc5C(c5c[nH]c6cc(-c7cccc(Cl)c7)ccc56)N4)=N3)[nH]c2c1
scent_clpp,best_candidate,114,114,400,4,-12.0,O=Cc1ccnc(-c2ccc(F)cc2)c1,Fc1ccc(-c2cc(C3c4[nH]c5ccccc5c4CC(c4nc5ccc(Br)cc5[nH]4)N3C3CNC3)ccn2)cc1
scent_clpp,best_candidate,115,115,404,4,-12.0,O=C(O)C1Cc2c([nH]c3ccccc23)C(c2ccnc(-c3ccccc3F)c2F)N1C1CNC1,Fc1ccccc1-c1nccc(C2c3[nH]c4ccccc4c3CC(c3nc4ccc(C(F)(F)F)cc4[nH]3)N2C2CNC2)c1F
scent_clpp,best_candidate,116,116,408,4,-12.0,Oc1ccc2c(c1)C(c1nc(-c3cccc(F)c3F)cs1)NC(c1nc3ccc(C(F)(F)F)cc3[nH]1)C2,Oc1ccc2c(c1)C(c1nc(-c3cccc(F)c3F)cs1)N(c1ncc3[nH]ccc3n1)C(c1nc3ccc(C(F)(F)F)cc3[nH]1)C2
scent_clpp,best_candidate,117,117,412,4,-12.0,Cc1cc(-c2ccc(O)c(Nc3ncc(-c4cccc(F)c4)cc3C)c2)ccc1F,Cc1cc(-c2ccc(O)c(N(c3ncc(-c4cccc(F)c4)cc3C)C3CCCNC3)c2)ccc1F
scent_clpp,best_candidate,118,118,416,4,-11.899999618530273,Brc1cccc2nc(C3Cc4c([nH]c5ccccc45)C(c4nc5ccccc5[nH]4)N3Cc3c[nH]c4ccccc34)oc12,Clc1cccc(-c2cccc3nc(C4Cc5c([nH]c6ccccc56)C(c5nc6ccccc6[nH]5)N4Cc4c[nH]c5ccccc45)oc23)c1
scent_clpp,best_candidate,119,119,420,4,-11.899999618530273,CC(NC(=O)N1C(C2=NC(C(=O)O)Cc3c2[nH]c2ccccc32)Cc2c([nH]c3ccccc23)C1c1c[nH]c2ccccc12)c1ccccc1,CC(NC(=O)N1C(C2=NC(c3nc4cc(F)c(F)cc4o3)Cc3c2[nH]c2ccccc32)Cc2c([nH]c3ccccc23)C1c1c[nH]c2ccccc12)c1ccccc1
scent_clpp,best_candidate,120,120,423,3,-11.899999618530273,FC(F)(F)c1ccc2[nH]c(C(Cc3ccccc3)NCc3nc4ccccc4[nH]3)nc2c1,Cc1cc(-c2cc(C3c4ccccc4CC(c4nc5cc(C(F)(F)F)ccc5[nH]4)N3Cc3nc4ccccc4[nH]3)ccn2)ccc1F
scent_clpp,best_candidate,121,121,427,4,-11.899999618530273,Fc1cc2nc(C3Cc4c([nH]c5ccccc45)C(c4cncc(Br)c4)N3CC3CCCN3)oc2cc1F,Oc1cc(F)cc(-c2cncc(C3c4[nH]c5ccccc5c4CC(c4nc5cc(F)c(F)cc5o4)N3CC3CCCN3)c2)c1
scent_clpp,best_candidate,122,122,431,4,-11.899999618530273,O=Cc1cccc(-c2ccc3oc(C4Cc5c([nH]c6ccccc56)C(c5c[nH]c6ccc(Br)cc56)N4)nc3c2)c1,O=Cc1cccc(-c2ccc3oc(C4Cc5c([nH]c6ccccc56)C(c5c[nH]c6ccc(Br)cc56)N4Cc4ccc(C(F)(F)F)cc4)nc3c2)c1
scent_clpp,best_candidate,123,123,433,2,-11.899999618530273,O=Cc1c[nH]c2cc(-c3cccc(F)c3F)ccc12,Fc1cccc(-c2ccc3c(C4c5[nH]c6ccccc6c5CCN4c4ccc5ccccc5n4)c[nH]c3c2)c1F
scent_clpp,best_candidate,124,124,437,4,-11.899999618530273,O=C(O)C1Cc2c([nH]c3ccccc23)C(c2cccnc2Nc2ccc(-c3cccc(F)c3)cc2)N1,Fc1cccc(-c2ccc(Nc3ncccc3C3NC(c4nc5cc(F)c(F)cc5o4)Cc4c3[nH]c3ccccc43)cc2)c1
scent_clpp,best_candidate,125,125,440,3,-11.899999618530273,Fc1ccc2oc(C3Cc4c([nH]c5ccccc45)C(C4Cc5ccccc5CN4)=N3)nc2c1,Fc1ccc2oc(C3Cc4c([nH]c5ccccc45)C(C4Cc5ccccc5CN4Cc4c[nH]c5ccccc45)=N3)nc2c1
scent_clpp,best_candidate,126,126,443,3,-11.899999618530273,O=C(O)C1Cc2c([nH]c3ccccc23)C(c2ccnc(Br)c2)N1C(=O)C1Cc2ccccc2CN1,O=C(O)C1Cc2c([nH]c3ccccc23)C(c2ccnc(-c3cccc(F)c3)c2)N1C(=O)C1Cc2ccccc2CN1
scent_clpp,best_candidate,127,127,447,4,-11.800000190734863,,FC(F)(F)c1ccc2[nH]c(C3Cc4c([nH]c5ccccc45)C(c4cncc(Br)c4)N3Cc3cccc(NC4CCCCC4)c3)nc2c1
scent_clpp,best_candidate,128,128,451,4,-11.800000190734863,Fc1ccc(-c2cccc(C3NC(c4nc5cc(F)c(F)cc5o4)Cc4c3[nH]c3ccccc43)c2)cc1,Cc1sc(Cl)nc1C(=O)N1C(c2nc3cc(F)c(F)cc3o2)Cc2c([nH]c3ccccc23)C1c1cccc(-c2ccc(F)cc2)c1
scent_clpp,best_candidate,129,129,455,4,-11.800000190734863,Oc1ccc2c(c1)C(c1c[nH]c3cc(Br)ccc13)NC(CN1Cc3ccccc3CC1c1nc3cc(C(F)(F)F)ccc3[nH]1)C2,Cc1cc(-c2ccc3c(C4NC(CN5Cc6ccccc6CC5c5nc6cc(C(F)(F)F)ccc6[nH]5)Cc5ccc(O)cc54)c[nH]c3c2)ccc1F
scent_clpp,best_candidate,130,130,459,4,-11.800000190734863,O=C(O)C1Cc2c([nH]c3ccccc23)C(c2nc(-c3ccc(F)cc3)cs2)N1Cc1cccnc1F,Fc1ccc(-c2csc(C3c4[nH]c5ccccc5c4CC(c4nc5cc(F)ccc5o4)N3Cc3cccnc3F)n2)cc1
scent_clpp,best_candidate,131,131,462,3,-11.800000190734863,Fc1ccc(-c2cccc(CNC(Cc3ccccc3)c3nc4cc(C(F)(F)F)ccc4[nH]3)c2)cc1,Fc1ccc(-c2cccc(CN3C(c4nc5cc(C(F)(F)F)ccc5[nH]4)Cc4ccccc4C3c3c[nH]c4ccc(Br)cc34)c2)cc1
scent_clpp,best_candidate,132,132,465,3,-11.800000190734863,Brc1cncc(C2c3[nH]c4ccccc4c3CCN2CC2Cc3ccccc3CN2)c1,Fc1cccc(-c2cncc(C3c4[nH]c5ccccc5c4CCN3CC3Cc4ccccc4CN3)c2)c1F
scent_clpp,best_candidate,133,133,469,4,-11.800000190734863,CC(Nc1cc(C=O)ccn1)c1ccccc1,CC(Nc1cc(C2c3[nH]c4ccccc4c3CC(c3nc4ccc(C(F)(F)F)cc4[nH]3)N2C(=O)c2ccc(F)cc2)ccn1)c1ccccc1
scent_clpp,best_candidate,134,134,473,4,-11.699999809265137,O=C(O)C1Cc2c([nH]c3ccccc23)C(c2ccnc(Nc3ccc(Cl)cc3)c2)N1,Clc1ccc(Nc2cc(C3NC(c4nc5ccccc5o4)Cc4c3[nH]c3ccccc43)ccn2)cc1
scent_clpp,best_candidate,135,135,476,3,-11.699999809265137,Cc1cc(-c2cccc(C=O)c2)ccc1F,Cc1cc(-c2cccc(CN3C(C(=O)O)Cc4c([nH]c5ccccc45)C3c3cccc(-c4cccc(Cl)c4)c3)c2)ccc1F
scent_clpp,best_candidate,136,136,479,3,-11.699999809265137,O=Cc1c[nH]c2ccc(-c3cccc(F)c3F)cc12,Fc1cccc(-c2ccc3[nH]cc(C4c5[nH]c6ccccc6c5CC(c5nc6ccccc6o5)N4c4cccnc4F)c3c2)c1F
scent_clpp,best_candidate,137,137,483,4,-11.699999809265137,Cc1cc(-c2ccc3[nH]c(C4Cc5c([nH]c6ccccc56)C(c5cccc(Br)c5)N4)nc3c2)ccc1F,Cc1cc(-c2ccc3[nH]c(C4Cc5c([nH]c6ccccc56)C(c5cccc(Br)c5)N4CC4Cc5ccccc5CN4)nc3c2)ccc1F
scent_clpp,best_candidate,138,138,486,3,-11.699999809265137,Nc1ccc(C(F)(F)F)cc1N,Fc1cccc(-c2ccc3c(C4NC(c5nc6cc(C(F)(F)F)ccc6[nH]5)Cc5ccccc54)c[nH]c3c2)c1
scent_clpp,best_candidate,139,139,489,3,-11.600000381469727,O=Cc1cccc(-c2cccc(Cl)c2)c1,FC(F)(F)c1ccc(CN2CCc3c([nH]c4ccccc34)C2c2cccc(-c3cccc(Cl)c3)c2)cc1
scent_clpp,best_candidate,140,140,492,3,-11.600000381469727,CC(NC(Cc1c[nH]c2ccccc12)c1nc2cc(C(F)(F)F)ccc2[nH]1)c1cccc(-c2ccnc(F)c2)c1,CC(c1cccc(-c2ccnc(F)c2)c1)N1C(c2nc3cc(C(F)(F)F)ccc3[nH]2)Cc2c([nH]c3ccccc23)C1c1ccnc(F)c1
scent_clpp,best_candidate,141,141,496,4,-11.600000381469727,OC1CNC(CNC(Cc2c[nH]c3ccccc23)c2nc3cc(F)ccc3o2)C1,OC1CNC(CN2C(c3nc4cc(F)ccc4o3)Cc3c([nH]c4ccccc34)C2c2ccnc(-c3cccc(F)c3)c2)C1
scent_clpp,best_candidate,142,142,500,4,-11.600000381469727,Nc1cc(-c2cccc(F)c2F)ccc1N(c1ccc2ccccc2n1)C1CCNC1,Nc1cc(-c2cccc(F)c2F)ccc1N(c1ccc2ccccc2n1)C1CCN(Cc2ccc(F)cc2)C1
scent_clpp,best_candidate,143,143,502,2,-11.600000381469727,Fc1cccc(-c2cccc(C3NC(c4nc5cc(Br)ccc5[nH]4)Cc4c3[nH]c3ccccc43)c2)c1F,Fc1cccc(-c2cccc(C3c4[nH]c5ccccc5c4CC(c4nc5cc(Br)ccc5[nH]4)N3Cc3cccnc3F)c2)c1F
scent_clpp,best_candidate,144,144,506,4,-11.600000381469727,Brc1ccc2oc(C3Cc4c([nH]c5ccccc45)C(c4nc(Br)cs4)N3C3CNC3)nc2c1,Brc1ccc2oc(C3Cc4c([nH]c5ccccc45)C(c4nc(-c5ccc6[nH]ccc6c5)cs4)N3C3CNC3)nc2c1
scent_clpp,best_candidate,145,145,508,2,-11.600000381469727,O=C(NCCc1c[nH]c2ccccc12)C1Cc2c([nH]c3ccccc23)C(c2cccc(-c3cccc(F)c3)c2)N1,O=C(C1Cc2c([nH]c3ccccc23)C(c2cccc(-c3cccc(F)c3)c2)N1)N1CCc2c([nH]c3ccccc23)C1c1c[nH]c2ccc(F)cc12
scent_clpp,best_candidate,146,146,511,3,-11.600000381469727,NC(Cc1ccccc1)C1=NC(c2nc3cc(Br)ccc3o2)Cc2c1[nH]c1ccccc21,NC(Cc1ccccc1)C1=NC(c2nc3cc(-c4cccc(F)c4)ccc3o2)Cc2c1[nH]c1ccccc21
scent_clpp,best_candidate,147,147,514,3,-11.600000381469727,O=C(O)C1Cc2ccccc2C(c2cncc(-c3cccc(F)c3F)c2)N1,Fc1cc(-n2c(C3Cc4ccccc4C(c4cncc(-c5cccc(F)c5F)c4)N3)nc3cc(C(F)(F)F)ccc32)ccn1
scent_clpp,best_candidate,148,148,518,4,-11.600000381469727,OB(O)c1ccc(N2CCCCC2)c(C2=NC(C3=NCCc4ccc(O)cc43)Cc3c2[nH]c2ccccc32)c1,Cc1cc(-c2ccc(N3CCCCC3)c(C3=NC(C4=NCCc5ccc(O)cc54)Cc4c3[nH]c3ccccc43)c2)cnc1F
scent_clpp,best_candidate,149,149,522,4,-11.5,Fc1cccc(-c2cc(C3NC(c4nc5cc(C(F)(F)F)ccc5[nH]4)Cc4ccccc43)ccn2)c1F,Fc1cccc(-c2cc(C3c4ccccc4CC(c4nc5cc(C(F)(F)F)ccc5[nH]4)N3C3CCNCC3)ccn2)c1F
scent_clpp,best_candidate,150,150,526,4,-11.5,O=Cc1cccc(-c2cccc(-c3cccc(F)c3F)c2)c1,O=C(O)C1Cc2c([nH]c3ccccc23)C(c2cccc(-c3cccc(-c4cccc(F)c4F)c3)c2)N1
scent_clpp,best_candidate,151,151,530,4,-11.5,O=Cc1cccc(-c2nccc(C3NC(c4nc5cc(Br)ccc5o4)Cc4c3[nH]c3ccccc43)c2F)c1,Fc1cc2nc(-c3cccc(-c4nccc(C5NC(c6nc7cc(Br)ccc7o6)Cc6c5[nH]c5ccccc65)c4F)c3)oc2cc1F
scent_clpp,best_candidate,152,152,534,4,-11.5,O=C(O)c1cc(-c2ccnc(F)c2)ccc1N1CCCC1c1nc2cc(C(F)(F)F)ccc2[nH]1,Fc1cc(-c2ccc(N3CCCC3c3nc4cc(C(F)(F)F)ccc4[nH]3)c(-c3nc4ccc(C(F)(F)F)cc4[nH]3)c2)ccn1
scent_clpp,best_candidate,153,153,537,3,-11.5,O=Cc1c[nH]c2ccccc12,CC(Nc1ccc2[nH]cc(C3c4[nH]c5ccccc5c4CC(C(=O)O)N3Cc3c[nH]c4ccccc34)c2c1)c1ccccc1
scent_clpp,best_candidate,154,154,541,4,-11.5,Brc1ccc2nc(C3Cc4c([nH]c5ccccc45)C(C4Cc5c([nH]c6ccccc56)C(c5c[nH]c6ccc(Br)cc56)N4)=N3)oc2c1,Brc1ccc2nc(C3Cc4c([nH]c5ccccc45)C(C4Cc5c([nH]c6ccccc56)C(c5c[nH]c6ccc(Br)cc56)N4C4CNC4)=N3)oc2c1
scent_clpp,best_candidate,155,155,544,3,-11.5,O=C(O)C1Cc2c([nH]c3ccccc23)C(c2cccc(-c3ccc(F)cc3)c2)N1CC1CNC1,Fc1ccc(-c2cccc(C3c4[nH]c5ccccc5c4CC(c4nc5ccccc5o4)N3CC3CNC3)c2)cc1
scent_clpp,best_candidate,156,156,548,4,-11.5,Cc1cc(-c2ccc(NCc3c[nH]c4cc(-c5cccc(Cl)c5)ccc34)cc2)ccc1F,Cc1cc(-c2ccc(N(Cc3c[nH]c4cc(-c5cccc(Cl)c5)ccc34)Cc3c[nH]c4ccc(F)cc34)cc2)ccc1F
scent_clpp,best_candidate,157,157,552,4,-11.5,FC(F)(F)c1ccc2[nH]c(C3Cc4c([nH]c5ccccc45)C(c4c[nH]c5ccc(Br)cc45)N3C3CCCNC3)nc2c1,Oc1cc(F)c(F)cc1Nc1ccc2[nH]cc(C3c4[nH]c5ccccc5c4CC(c4nc5cc(C(F)(F)F)ccc5[nH]4)N3C3CCCNC3)c2c1
scent_clpp,best_candidate,158,158,555,3,-11.5,FC(F)(F)c1ccc2nc(C(Cc3c[nH]c4ccccc34)NCc3nc(-c4cccc(Cl)c4)cs3)[nH]c2c1,Fc1ccc2[nH]cc(C3c4[nH]c5ccccc5c4CC(c4nc5ccc(C(F)(F)F)cc5[nH]4)N3Cc3nc(-c4cccc(Cl)c4)cs3)c2c1
scent_clpp,best_candidate,159,159,558,3,-11.399999618530273,Fc1cccc(-c2ccc3[nH]c(C4Cc5ccccc5CN4)nc3c2)c1,O=C(C1Cc2ccccc2CN1)N1Cc2ccccc2CC1c1nc2cc(-c3cccc(F)c3)ccc2[nH]1
scent_clpp,best_candidate,160,160,561,3,-11.399999618530273,O=C(O)C1Cc2c([nH]c3ccccc23)C(c2ccccc2-c2nc3ccc(C(F)(F)F)cc3[nH]2)N1,Fc1cc2nc(C3Cc4c([nH]c5ccccc45)C(c4ccccc4-c4nc5ccc(C(F)(F)F)cc5[nH]4)N3)oc2cc1F
scent_clpp,best_candidate,161,161,565,4,-11.399999618530273,Cc1cc(-c2cccc(Cn3c(C4Cc5ccccc5CN4)nc4cc(Br)ccc43)c2)ccc1F,Cc1cc(-c2cccc(Cn3c(C4Cc5ccccc5CN4)nc4cc(Nc5cc(F)c(F)cc5O)ccc43)c2)ccc1F
scent_clpp,best_candidate,162,162,569,4,-11.399999618530273,,O=C(C1CCCN1)N1C(c2nc3ccc(C(F)(F)F)cc3[nH]2)Cc2c([nH]c3ccccc23)C1c1cccc(NC2CCCCC2)c1
scent_clpp,best_candidate,163,163,572,3,-11.399999618530273,O=C(O)C1Cc2ccc(O)cc2C(c2c[nH]c3cc(-c4ccccc4F)ccc23)N1,Oc1ccc2c(c1)C(c1c[nH]c3cc(-c4ccccc4F)ccc13)NC(c1nc3ccc(C(F)(F)F)cc3[nH]1)C2
scent_clpp,best_candidate,164,164,576,4,-11.399999618530273,Fc1ccc2oc(C3Cc4c([nH]c5ccccc45)C(c4c[nH]c5ccc(Br)cc45)N3C3CCNC3)nc2c1,O=C(C1Cc2ccccc2CN1)N1CCC(N2C(c3nc4cc(F)ccc4o3)Cc3c([nH]c4ccccc34)C2c2c[nH]c3ccc(Br)cc23)C1
scent_clpp,best_candidate,165,165,579,3,-11.399999618530273,Fc1ccc2oc(C3Cc4ccccc4CN3Cc3c[nH]c4ccc(Br)cc34)nc2c1,Fc1cccc(-c2ccc3[nH]cc(CN4Cc5ccccc5CC4c4nc5cc(F)ccc5o4)c3c2)c1
scent_clpp,best_candidate,166,166,582,3,-11.399999618530273,O=C(O)C1Cc2c([nH]c3ccccc23)C(C(Cc2c[nH]c3ccccc23)Nc2ccc(C(F)(F)F)cn2)=N1,O=C(O)C1Cc2c([nH]c3ccccc23)C(C2Cc3c([nH]c4ccccc34)C(c3c[nH]c4cc(-c5cccc(F)c5)ccc34)N2c2ccc(C(F)(F)F)cn2)=N1
scent_clpp,best_candidate,167,167,585,3,-11.399999618530273,O=Cc1c[nH]c2ccccc12,O=C(O)C1Cc2c([nH]c3ccccc23)C(c2cncc(-c3ccc(F)cc3)c2)N1Cc1c[nH]c2ccccc12
scent_clpp,best_candidate,168,168,589,4,-11.399999618530273,O=C(O)C1Cc2c([nH]c3ccccc23)C(c2cc(B(O)O)ccc2N2CC(O)CC2c2nc3cc(C(F)(F)F)ccc3[nH]2)=N1,Cc1cc(-c2ccc(N3CC(O)CC3c3nc4cc(C(F)(F)F)ccc4[nH]3)c(C3=NC(C(=O)O)Cc4c3[nH]c3ccccc43)c2)cnc1F
scent_clpp,best_candidate,169,169,591,2,-11.399999618530273,c1ccc2[nH]c(CNCCc3c[nH]c4ccccc34)nc2c1,Cc1cc(-c2cncc(C3c4[nH]c5ccccc5c4CCN3Cc3nc4ccccc4[nH]3)c2)ccc1F
scent_clpp,best_candidate,170,170,593,2,-11.399999618530273,O=Cc1c[nH]c2cc(N3Cc4ccccc4CC3C(=O)O)ccc12,O=Cc1c[nH]c2cc(N3Cc4ccccc4CC3c3nc4ccc(C(F)(F)F)cc4[nH]3)ccc12
scent_clpp,best_candidate,171,171,595,2,-11.300000190734863,FC(F)(F)c1ccc2nc(C3Cc4c([nH]c5ccccc45)C(c4c[nH]c5cc(-c6cccc(Cl)c6)ccc45)N3)[nH]c2c1,FC(F)(F)c1ccc2nc(C3Cc4c([nH]c5ccccc45)C(c4c[nH]c5cc(-c6cccc(Cl)c6)ccc45)N3c3ccc4ccccc4n3)[nH]c2c1
scent_clpp,best_candidate,172,172,599,4,-11.300000190734863,OB(O)c1cccc(C2c3[nH]c4ccccc4c3CC(c3nc4ccccc4o3)N2C2CCOCC2)c1,FC(F)(F)c1cncc(-c2cccc(C3c4[nH]c5ccccc5c4CC(c4nc5ccccc5o4)N3C3CCOCC3)c2)c1
scent_clpp,best_candidate,173,173,602,3,-11.300000190734863,O=[N+]([O-])c1ccc(NC(Cc2c[nH]c3ccccc23)c2nc3cc(C(F)(F)F)ccc3[nH]2)c2ccccc12,O=[N+]([O-])c1ccc(N2C(c3nc4cc(C(F)(F)F)ccc4[nH]3)Cc3c([nH]c4ccccc34)C2c2c[nH]c3ccc(F)cc23)c2ccccc12
scent_clpp,best_candidate,174,174,606,4,-11.300000190734863,OB(O)c1cccc(C2c3[nH]c4ccccc4c3CC(c3nc4cc(Br)ccc4o3)N2Cc2nc3ccccc3[nH]2)c1,Fc1cc(-c2cccc(C3c4[nH]c5ccccc5c4CC(c4nc5cc(Br)ccc5o4)N3Cc3nc4ccccc4[nH]3)c2)ccn1
scent_clpp,best_candidate,175,175,610,4,-11.300000190734863,O=C(O)C(Cc1c[nH]c2ccccc12)NC1CN(c2cc(-c3cccc(F)c3F)ccn2)C1,Fc1cccc(-c2ccnc(N3CC(NC(Cc4c[nH]c5ccccc45)c4nc5cc(C(F)(F)F)ccc5[nH]4)C3)c2)c1F
scent_clpp,best_candidate,176,176,613,3,-11.300000190734863,Brc1cccc2[nH]c(C3Cc4ccccc4CN3c3ncc4[nH]ccc4n3)nc12,Fc1cccc(-c2cccc3[nH]c(C4Cc5ccccc5CN4c4ncc5[nH]ccc5n4)nc23)c1F
scent_clpp,best_candidate,177,177,617,4,-11.300000190734863,O=C(O)C1Cc2c([nH]c3ccccc23)C(C2Cc3c([nH]c4ccccc34)C(c3cccc(Br)c3)N2c2cccnc2F)=N1,Fc1ncccc1N1C(C2=NC(c3nc4ccc(Br)cc4[nH]3)Cc3c2[nH]c2ccccc32)Cc2c([nH]c3ccccc23)C1c1cccc(Br)c1
scent_clpp,best_candidate,178,178,621,4,-11.300000190734863,CC(NCc1cccc(-c2ccc(N3CC(=O)C3)c(C(=O)O)c2)c1)c1ccccc1,CC(NCc1cccc(-c2ccc(N3CC(=O)C3)c(-c3nc4ccc(C(F)(F)F)cc4[nH]3)c2)c1)c1ccccc1
scent_clpp,best_candidate,179,179,625,4,-11.300000190734863,O=C(C1Cc2ccccc2CN1)N1C(c2nc3cc(C(F)(F)F)ccc3[nH]2)Cc2c([nH]c3ccccc23)C1c1cccc(Br)c1,O=C(C1Cc2ccccc2CN1Cc1ccc(F)c(F)c1F)N1C(c2nc3cc(C(F)(F)F)ccc3[nH]2)Cc2c([nH]c3ccccc23)C1c1cccc(Br)c1
scent_clpp,best_candidate,180,180,629,4,-11.199999809265137,Cc1cc(-c2cccc(F)c2F)cnc1-n1c(C(N)Cc2c[nH]c3ccccc23)nc2ccc(C(F)(F)F)cc21,Cc1cc(-c2cccc(F)c2F)cnc1-n1c(C2Cc3c([nH]c4ccccc34)C(c3ccc(C(F)(F)F)cn3)=N2)nc2ccc(C(F)(F)F)cc21
scent_clpp,best_candidate,181,181,633,4,-11.199999809265137,O=C(O)c1cc(-c2ccnc(F)c2)ccc1N1Cc2ccccc2CC1c1nc2ccc(C(F)(F)F)cc2[nH]1,Fc1ccc2oc(-c3cc(-c4ccnc(F)c4)ccc3N3Cc4ccccc4CC3c3nc4ccc(C(F)(F)F)cc4[nH]3)nc2c1
scent_clpp,best_candidate,182,182,637,4,-11.199999809265137,O=C(O)C1Cc2c([nH]c3ccccc23)C(C2Cc3c([nH]c4ccccc34)C(c3cccc(Br)c3)N2CC2CCCNC2)=N1,CC(Nc1cccc(C2c3[nH]c4ccccc4c3CC(C3=NC(C(=O)O)Cc4c3[nH]c3ccccc43)N2CC2CCCNC2)c1)c1ccccc1
scent_clpp,best_candidate,183,183,640,3,-11.199999809265137,Brc1cc(C2c3[nH]c4ccccc4c3CCN2c2ccc3ccccc3n2)ccn1,Clc1cccc(-c2cc(C3c4[nH]c5ccccc5c4CCN3c3ccc4ccccc4n3)ccn2)c1
scent_clpp,best_candidate,184,184,644,4,-11.199999809265137,Cc1cc(-c2cc(CN3C(C(=O)O)Cc4c([nH]c5ccccc45)C3c3cccc(Br)c3)ccn2)ccc1F,Cc1cc(-c2cc(CN3C(c4nc5ccc(Br)cc5o4)Cc4c([nH]c5ccccc45)C3c3cccc(Br)c3)ccn2)ccc1F
scent_clpp,best_candidate,185,185,647,3,-11.199999809265137,O=S(=O)(Cc1ccccc1)N1C(c2nc3ccc(Br)cc3o2)Cc2c([nH]c3ccccc23)C1c1c[nH]c2ccc(F)cc12,O=S(=O)(Cc1ccccc1)N1C(c2nc3ccc(-c4cccc(F)c4F)cc3o2)Cc2c([nH]c3ccccc23)C1c1c[nH]c2ccc(F)cc12
scent_clpp,best_candidate,186,186,651,4,-11.199999809265137,O=C(O)C(Cc1c[nH]c2ccccc12)Nc1ccc(-c2ccnc(F)c2)cc1-c1nc2ccc(C(F)(F)F)cc2[nH]1,O=C(O)C1Cc2c([nH]c3ccccc23)C(c2c[nH]c3ccccc23)N1c1ccc(-c2ccnc(F)c2)cc1-c1nc2ccc(C(F)(F)F)cc2[nH]1
scent_clpp,best_candidate,187,187,654,3,-11.199999809265137,FC(F)(F)c1ccc2nc(C3Cc4c([nH]c5ccccc45)C(CNCc4c[nH]c5cc(Br)ccc45)=N3)[nH]c2c1,Fc1cccc(-c2ccc3c(CNCC4=NC(c5nc6ccc(C(F)(F)F)cc6[nH]5)Cc5c4[nH]c4ccccc54)c[nH]c3c2)c1F
scent_clpp,best_candidate,188,188,658,4,-11.199999809265137,,Fc1ncccc1C1c2[nH]c3ccccc3c2CC(c2nc3cc(C(F)(F)F)ccc3[nH]2)N1C1CCN(Cc2nc3ccccc3[nH]2)C1
scent_clpp,best_candidate,189,189,660,2,-11.199999809265137,CC(Nc1ccc2[nH]cc(C3c4[nH]c5ccccc5c4CC(C(=O)O)N3Cc3nc4ccccc4[nH]3)c2c1)c1ccccc1,CC(Nc1ccc2[nH]cc(C3c4[nH]c5ccccc5c4CC(c4nc5ccc(Br)cc5o4)N3Cc3nc4ccccc4[nH]3)c2c1)c1ccccc1
scent_clpp,best_candidate,190,190,664,4,-11.199999809265137,Fc1cc2nc(C3Cc4c([nH]c5ccccc45)C(c4cccnc4NCc4ccccc4)N3)oc2cc1F,Fc1cc2nc(C3Cc4c([nH]c5ccccc45)C(c4cccnc4NCc4ccccc4)N3Cc3cccc(Br)c3)oc2cc1F
scent_clpp,best_candidate,191,191,666,2,-11.199999809265137,NC(Cc1c[nH]c2ccccc12)C1=NCCc2ccc(O)cc21,Cc1cc(-c2cncc(C3NC(Cc4c[nH]c5ccccc45)C4=NCCc5ccc(O)c3c54)c2)ccc1F
scent_clpp,best_candidate,192,192,668,2,-11.100000381469727,Fc1cc2nc(C3Cc4c([nH]c5ccccc45)C(c4nc5ccccc5[nH]4)N3)oc2cc1F,Fc1cc2nc(C3Cc4c([nH]c5ccccc45)C(c4nc5ccccc5[nH]4)N3Cc3ccc(C(F)(F)F)cc3F)oc2cc1F
scent_clpp,best_candidate,193,193,671,3,-11.100000381469727,CC(=O)c1cccc(-c2cccc3nc(C(N)Cc4c[nH]c5ccccc45)[nH]c23)c1,CC(=O)c1cccc(-c2cccc3nc(C4Cc5c([nH]c6ccccc56)C(c5c[nH]c6ccc(Br)cc56)N4)[nH]c23)c1
scent_clpp,best_candidate,194,194,675,4,-11.100000381469727,Fc1ccc2oc(C3Cc4c([nH]c5ccccc45)C(c4ccc(C(F)(F)F)cc4)N3C3CNC3)nc2c1,Fc1ccc2oc(C3Cc4c([nH]c5ccccc45)C(c4ccc(C(F)(F)F)cc4)N3C3CN(Cc4c[nH]c5ccc(F)cc45)C3)nc2c1
scent_clpp,best_candidate,195,195,679,4,-11.100000381469727,FC(F)(F)c1ccc2nc(C(Cc3c[nH]c4ccccc34)N(Cc3cccc(Br)c3)Cc3nc4ccccc4[nH]3)[nH]c2c1,Fc1cccc(-c2cccc(CN(Cc3nc4ccccc4[nH]3)C(Cc3c[nH]c4ccccc34)c3nc4ccc(C(F)(F)F)cc4[nH]3)c2)c1
scent_clpp,best_candidate,196,196,681,2,-11.100000381469727,,Cc1cc(-c2ccc(F)c(CN3C(c4nc5ccc(C(F)(F)F)cc5[nH]4)Cc4c([nH]c5ccccc45)C3c3c[nH]c4cc(Br)ccc34)c2)cnc1F
scent_clpp,best_candidate,197,197,684,3,-11.100000381469727,O=C(NC(Cc1c[nH]c2ccccc12)C1=NC(c2nc3ccc(C(F)(F)F)cc3[nH]2)Cc2c1[nH]c1ccccc21)c1cccnc1F,O=C(c1cccnc1F)N1C(C2=NC(c3nc4ccc(C(F)(F)F)cc4[nH]3)Cc3c2[nH]c2ccccc32)Cc2c([nH]c3ccccc23)C1c1c[nH]c2ccc(F)cc12
scent_clpp,best_candidate,198,198,688,4,-11.100000381469727,O=C(c1ccc(F)cc1)n1c(-c2ccc(F)c(-c3ccnc(F)c3)c2)nc2cc(C(F)(F)F)ccc21,CC(Nc1ccc(C(=O)n2c(-c3ccc(F)c(-c4ccnc(F)c4)c3)nc3cc(C(F)(F)F)ccc32)cc1)c1ccccc1
scent_clpp,best_candidate,199,199,692,4,-11.100000381469727,Cc1cc(-c2cccc(C(C)N3C(C(=O)O)Cc4c([nH]c5ccccc45)C3c3ccc(C(F)(F)F)cc3)c2)cnc1F,Cc1cc(-c2cccc(C(C)N3C(c4nc5cc(F)ccc5o4)Cc4c([nH]c5ccccc45)C3c3ccc(C(F)(F)F)cc3)c2)cnc1F
scent_clpp,best_candidate,200,200,696,4,-11.100000381469727,CC(NC(=O)C(N)Cc1c[nH]c2ccccc12)c1ccccc1,Cc1cc(-c2ccc(N3CCC(=O)CC3)c(C3=NC(C(=O)NC(C)c4ccccc4)Cc4c3[nH]c3ccccc43)c2)cnc1F
scent_clpp,best_candidate,201,201,700,4,-11.100000381469727,CC(NC(=O)C1Cc2c([nH]c3ccccc23)C(c2ccnc(-c3ccc4[nH]ccc4c3)c2)N1)c1ccccc1,CC(NC(=O)C1Cc2c([nH]c3ccccc23)C(c2ccnc(-c3ccc4[nH]ccc4c3)c2)N1Cc1c[nH]c2ccc(F)cc12)c1ccccc1
scent_clpp,best_candidate,202,202,702,2,-11.100000381469727,CC(Nc1ccc2[nH]cc(C3NC(C(=O)O)Cc4c3n(Cc3ccccc3F)c3ccccc43)c2c1)c1ccccc1,CC(Nc1ccc2[nH]cc(C3NC(c4nc5ccc(C(F)(F)F)cc5[nH]4)Cc4c3n(Cc3ccccc3F)c3ccccc43)c2c1)c1ccccc1
scent_clpp,best_candidate,203,203,706,4,-11.100000381469727,Oc1cc(F)cc(-c2cccc(C3NC(c4nc5cc(C(F)(F)F)ccc5[nH]4)Cc4ccccc43)c2)c1,Oc1cc(F)cc(-c2cccc(C3c4ccccc4CC(c4nc5cc(C(F)(F)F)ccc5[nH]4)N3Cc3c[nH]c4cc(Br)ccc34)c2)c1
scent_clpp,best_candidate,204,204,710,4,-11.0,Nc1cc(-c2ccc(N3CCCC3C(=O)O)c(C3=NC(C(=O)O)Cc4c3[nH]c3ccccc43)c2)ccc1O,Nc1cc(-c2ccc(N3CCCC3c3nc4ccc(C(F)(F)F)cc4[nH]3)c(C3=NC(C(=O)O)Cc4c3[nH]c3ccccc43)c2)ccc1O
scent_clpp,best_candidate,205,205,714,4,-11.0,Cc1cc(C)cc(-c2cncc(C3NC(C(=O)Nc4nc(F)nc5[nH]cnc45)Cc4c3[nH]c3ccccc43)c2)c1,Cc1cc(C)cc(-c2cncc(C3c4[nH]c5ccccc5c4CC(C(=O)Nc4nc(F)nc5[nH]cnc45)N3C3CNC3)c2)c1
scent_clpp,best_candidate,206,206,718,4,-11.0,O=C(Cn1c2c(c3ccccc31)CC(C(=O)O)NC2c1cccc(-c2ccc(F)cc2)c1)c1ccccc1,O=C(Cn1c2c(c3ccccc31)CC(c1nc3cc(F)c(F)cc3o1)NC2c1cccc(-c2ccc(F)cc2)c1)c1ccccc1
scent_clpp,best_candidate,207,207,721,3,-11.0,O=C(O)C(Cc1c[nH]c2ccccc12)Nc1cc(-c2cccc(F)c2F)ccn1,Cc1cc(-c2ccc3[nH]cc(C4c5[nH]c6ccccc6c5CC(C(=O)O)N4c4cc(-c5cccc(F)c5F)ccn4)c3c2)ccc1F
scent_clpp,best_candidate,208,208,724,3,-11.0,c1ccc2c(c1)CNC(C1=NC(CNCc3c[nH]c4ccccc34)Cc3c1[nH]c1ccccc31)C2,O=C(C1Cc2ccccc2CN1)N(Cc1c[nH]c2ccccc12)CC1Cc2c([nH]c3ccccc23)C(C2Cc3ccccc3CN2)=N1
scent_clpp,best_candidate,209,209,726,2,-11.0,Cc1cc(-c2ccc3[nH]cc(C4NC(C(=O)O)Cc5ccccc54)c3c2)ccc1F,Cc1cc(-c2ccc3[nH]cc(C4NC(c5nc6cc(F)c(F)cc6o5)Cc5ccccc54)c3c2)ccc1F
scent_clpp,best_candidate,210,210,729,3,-11.0,CC(NC(=O)C(Cc1c[nH]c2ccccc12)NCc1ccc(F)c(F)c1F)c1ccccc1,CC(NC(=O)C1Cc2c([nH]c3ccccc23)C(c2ccc(C(F)(F)F)cc2)N1Cc1ccc(F)c(F)c1F)c1ccccc1
scent_clpp,best_candidate,211,211,732,3,-11.0,Nc1ccc(C(F)(F)F)cc1N,Nc1ccc(C(F)(F)F)cc1NC(=O)C1Cc2c([nH]c3ccccc23)C(c2cncc(-c3cccc(F)c3F)c2)N1
scent_clpp,best_candidate,212,212,734,2,-11.0,CC(NC(=O)C1Cc2ccccc2CN1)c1ccccc1,Cc1cc(-c2cccc(CN3Cc4ccccc4CC3C(=O)NC(C)c3ccccc3)c2)ccc1F
scent_clpp,best_candidate,213,213,738,4,-11.0,Fc1ccccc1-c1cccc(C2NC(c3nc4ccc(Br)cc4o3)Cc3c2[nH]c2ccccc32)c1,Fc1ccccc1-c1cccc(C2c3[nH]c4ccccc4c3CC(c3nc4ccc(Br)cc4o3)N2C2CCC2)c1
scent_clpp,best_candidate,214,214,742,4,-11.0,FC(F)(F)c1ccc2nc(C3Cc4c([nH]c5ccccc45)C(c4nc5ccccc5[nH]4)N3C3CCNCC3)[nH]c2c1,FC(F)(F)c1ccc2nc(C3Cc4c([nH]c5ccccc45)C(c4nc5ccccc5[nH]4)N3C3CCN(Cc4cccc(Br)c4)CC3)[nH]c2c1
scent_clpp,best_candidate,215,215,746,4,-11.0,FC(F)(F)c1ccc(C2NC(c3nc4ccc(C(F)(F)F)cc4[nH]3)Cc3c2[nH]c2ccccc32)cc1,O=C(NC(Cc1c[nH]c2ccccc12)CN1C(c2nc3ccc(C(F)(F)F)cc3[nH]2)Cc2c([nH]c3ccccc23)C1c1ccc(C(F)(F)F)cc1)c1ccc(F)cc1
scent_clpp,best_candidate,216,216,750,4,-10.899999618530273,Cc1cc(-c2ccc(N3Cc4ccccc4CC3C(=O)O)c(-c3nc4cc(C(F)(F)F)ccc4[nH]3)c2)cnc1F,Cc1cc(-c2ccc(N3Cc4ccccc4CC3c3nc4cc(F)c(F)cc4o3)c(-c3nc4cc(C(F)(F)F)ccc4[nH]3)c2)cnc1F
scent_clpp,best_candidate,217,217,754,4,-10.899999618530273,Cc1cc(C)cc(-c2ccc3[nH]cc(C=O)c3c2)c1,Cc1cc(C)cc(-c2ccc3[nH]cc(C4c5[nH]c6ccccc6c5CC(c5nc6cc(F)c(F)cc6o5)N4C4CCC4)c3c2)c1
scent_clpp,best_candidate,218,218,758,4,-10.899999618530273,CC(Nc1cccc(CN(C2CCC2)C(Cc2c[nH]c3ccccc23)C(=O)O)c1)c1ccccc1,CC(Nc1cccc(CN(C2CCC2)C(Cc2c[nH]c3ccccc23)c2nc3cc(F)ccc3o2)c1)c1ccccc1
scent_clpp,best_candidate,219,219,762,4,-10.899999618530273,O=C(O)C1Cc2c([nH]c3ccccc23)C(c2ccnc(-c3cccc(Cl)c3)c2)N1Cc1ccc(C(F)(F)F)cn1,Fc1cc2nc(C3Cc4c([nH]c5ccccc45)C(c4ccnc(-c5cccc(Cl)c5)c4)N3Cc3ccc(C(F)(F)F)cn3)oc2cc1F
scent_clpp,best_candidate,220,220,764,2,-10.899999618530273,Cc1cc(-c2cccc(C3NCCc4c3[nH]c3ccccc43)c2)cnc1F,Cc1cc(-c2cccc(C3c4[nH]c5ccccc5c4CCN3C3CCNCC3)c2)cnc1F
scent_clpp,best_candidate,221,221,767,3,-10.899999618530273,Fc1ccc(-c2ccc3[nH]cc(C4NCCc5c4[nH]c4ccccc54)c3c2)cc1,Fc1ccc(-c2ccc3[nH]cc(C4c5[nH]c6ccccc6c5CCN4c4ncc5[nH]ccc5n4)c3c2)cc1
scent_clpp,best_candidate,222,222,770,3,-10.899999618530273,Cc1cc(-c2cccc(CNc3ccc(-c4cc(O)cc(F)c4)cc3N)c2)ccc1F,Cc1cc(-c2cccc(CN(c3ncc4[nH]ccc4n3)c3ccc(-c4cc(O)cc(F)c4)cc3N)c2)ccc1F
scent_clpp,best_candidate,223,223,772,2,-10.899999618530273,Clc1ccc2[nH]c(C3Cc4c([nH]c5ccccc45)C(c4cccc(Br)c4)N3)nc2c1,Clc1ccc2[nH]c(C3Cc4c([nH]c5ccccc45)C(c4cccc(Br)c4)N3C3CNC3)nc2c1
scent_clpp,best_candidate,224,224,775,3,-10.899999618530273,Fc1ncccc1C1NC(c2nc3ccc(Cl)cc3o2)Cc2c1[nH]c1ccccc21,Fc1ncccc1C1c2[nH]c3ccccc3c2CC(c2nc3ccc(Cl)cc3o2)N1Cc1c[nH]c2ccc(Br)cc12
scent_clpp,best_candidate,225,225,779,4,-10.899999618530273,O=C(O)C(Cc1c[nH]c2ccccc12)N(Cc1c[nH]c2ccccc12)Cc1c[nH]c2cc(-c3cccc(F)c3)ccc12,Fc1cccc(-c2ccc3c(CN(Cc4c[nH]c5ccccc45)C(Cc4c[nH]c5ccccc45)c4nc5cc(F)c(F)cc5o4)c[nH]c3c2)c1
scent_clpp,best_candidate,226,226,783,4,-10.899999618530273,O=C(O)C1Cc2c([nH]c3ccccc23)C(c2c[nH]c3cc(-c4ccccc4Cl)ccc23)N1C1CCC1,Clc1ccccc1-c1ccc2c(C3c4[nH]c5ccccc5c4CC(c4nc5cc(Br)ccc5[nH]4)N3C3CCC3)c[nH]c2c1
scent_clpp,best_candidate,227,227,786,3,-10.800000190734863,CC(NC(=O)C(Cc1c[nH]c2ccccc12)NC(=O)c1ccc(F)cc1)c1ccccc1,Cc1cc(-c2cncc(C3c4[nH]c5ccccc5c4CC(C(=O)NC(C)c4ccccc4)N3C(=O)c3ccc(F)cc3)c2)ccc1F
scent_clpp,best_candidate,228,228,789,3,-10.800000190734863,Cc1cc(-c2cccc(CNc3c(F)cccc3C(=O)O)c2)ccc1F,Cc1cc(-c2cccc(CNc3c(F)cccc3-c3nc4ccc(C(F)(F)F)cc4[nH]3)c2)ccc1F
scent_clpp,best_candidate,229,229,793,4,-10.800000190734863,FC(F)(F)c1ccc2nc(-c3ccccc3C3NC(C4=NCCc5c4[nH]c4ccccc54)Cc4c3[nH]c3ccccc43)[nH]c2c1,Fc1ccc(CN2C(C3=NCCc4c3[nH]c3ccccc43)Cc3c([nH]c4ccccc34)C2c2ccccc2-c2nc3ccc(C(F)(F)F)cc3[nH]2)cc1
scent_clpp,best_candidate,230,230,796,3,-10.800000190734863,O=C(O)C1Cc2c([nH]c3ccccc23)C(c2cncc(-c3cccc(F)c3F)c2)N1Cc1c[nH]c2ccc(Br)cc12,Fc1cccc(-c2cncc(C3c4[nH]c5ccccc5c4CC(C4=NCCc5c4[nH]c4ccccc54)N3Cc3c[nH]c4ccc(Br)cc34)c2)c1F
scent_clpp,best_candidate,231,231,799,3,-10.800000190734863,Fc1cccc(-c2ccc3[nH]cc(-c4nc5ccc(Br)cc5o4)c3c2)c1F,Fc1ccc(-c2ccc3nc(-c4c[nH]c5ccc(-c6cccc(F)c6F)cc45)oc3c2)cc1
scent_clpp,best_candidate,232,232,803,4,-10.800000190734863,CC(Nc1cncc(C2NC(c3nc4ccc(C(F)(F)F)cc4[nH]3)Cc3c2[nH]c2ccccc32)c1)c1ccccc1,CC(Nc1cncc(C2c3[nH]c4ccccc4c3CC(c3nc4ccc(C(F)(F)F)cc4[nH]3)N2Cc2nc3ccccc3[nH]2)c1)c1ccccc1
scent_clpp,best_candidate,233,233,807,4,-10.800000190734863,Clc1cccc(-c2ccc3[nH]cc(C4c5[nH]c6ccccc6c5CCN4CC4Cc5ccccc5CN4)c3c2)c1,Clc1cccc(-c2ccc3[nH]cc(C4c5[nH]c6ccccc6c5CCN4CC4Cc5ccccc5CN4C4CCNCC4)c3c2)c1
scent_clpp,best_candidate,234,234,811,4,-10.800000190734863,Fc1ccc2oc(C3Cc4c([nH]c5ccccc45)C(c4c[nH]c5ccc(F)cc45)N3CC3Cc4ccccc4CN3)nc2c1,O=C(c1ccc(F)cc1)N1Cc2ccccc2CC1CN1C(c2nc3cc(F)ccc3o2)Cc2c([nH]c3ccccc23)C1c1c[nH]c2ccc(F)cc12
scent_clpp,best_candidate,235,235,815,4,-10.800000190734863,FC(F)(F)c1ccc2[nH]c(C3Cc4c([nH]c5ccccc45)C(c4nc(Br)cs4)N3CC3Cc4ccccc4CN3)nc2c1,CC(Nc1csc(C2c3[nH]c4ccccc4c3CC(c3nc4cc(C(F)(F)F)ccc4[nH]3)N2CC2Cc3ccccc3CN2)n1)c1ccccc1
scent_clpp,best_candidate,236,236,819,4,-10.800000190734863,CC(Nc1ccc2[nH]c(C3Cc4ccccc4CN3CC3Cc4ccccc4CN3)nc2c1)c1ccccc1,CC(Nc1ccc2[nH]c(C3Cc4ccccc4CN3CC3Cc4ccccc4CN3C(=O)c3ccc(F)c(F)c3F)nc2c1)c1ccccc1
scent_clpp,best_candidate,237,237,823,4,-10.800000190734863,Cc1cc(-c2cnc(NC(Cc3ccccc3)c3nc4ccc(C(F)(F)F)cc4[nH]3)c(C)c2)ccc1F,Cc1cc(-c2cnc(N3C(c4nc5ccc(C(F)(F)F)cc5[nH]4)Cc4ccccc4C3c3c[nH]c4ccc(F)cc34)c(C)c2)ccc1F
scent_clpp,best_candidate,238,238,827,4,-10.800000190734863,Fc1cc2nc(C(Cc3c[nH]c4ccccc34)NCc3cccnc3F)oc2cc1F,Oc1ccc(F)cc1Nc1ccc2c(C3c4[nH]c5ccccc5c4CC(c4nc5cc(F)c(F)cc5o4)N3Cc3cccnc3F)c[nH]c2c1
scent_clpp,best_candidate,239,239,830,3,-10.800000190734863,,Fc1ccc(-c2cc(-c3cnco3)ccn2)cc1C1=NC(c2nc3cc(C(F)(F)F)ccc3[nH]2)Cc2c1[nH]c1ccccc21
scent_clpp,best_candidate,240,240,833,3,-10.800000190734863,CC(=O)c1cccc(-c2csc(C3NC(c4nc5cc(F)c(F)cc5o4)Cc4c3[nH]c3ccccc43)n2)c1,CC(=O)c1cccc(-c2csc(C3c4[nH]c5ccccc5c4CC(c4nc5cc(F)c(F)cc5o4)N3c3ncc4[nH]ccc4n3)n2)c1
scent_clpp,best_candidate,241,241,836,3,-10.800000190734863,Fc1ccccc1-c1cc(C2NCCc3c2[nH]c2ccccc32)ccn1,Fc1ccc2[nH]cc(CN3CCc4c([nH]c5ccccc45)C3c3ccnc(-c4ccccc4F)c3)c2c1
scent_clpp,best_candidate,242,242,840,4,-10.800000190734863,O=C(O)C1Cc2c([nH]c3ccccc23)C(c2cccc(Br)c2)N1C1CN(Cc2nc3ccccc3[nH]2)C1,O=C(O)C1Cc2c([nH]c3ccccc23)C(c2cccc(-c3ccc4[nH]ccc4c3)c2)N1C1CN(Cc2nc3ccccc3[nH]2)C1
scent_clpp,best_candidate,243,243,843,3,-10.699999809265137,Fc1ccc2[nH]cc(CNC(Cc3c[nH]c4ccccc34)c3nc4cc(C(F)(F)F)ccc4n3-c3ccnc(F)c3)c2c1,Fc1ccc2[nH]cc(CN3C(c4nc5cc(C(F)(F)F)ccc5n4-c4ccnc(F)c4)Cc4c([nH]c5ccccc45)C3c3cccc(Br)c3)c2c1
scent_clpp,best_candidate,244,244,845,2,-10.699999809265137,NC(Cc1c[nH]c2ccccc12)c1nc2ccc(C(F)(F)F)cc2[nH]1,O=C(O)c1cc(-c2ccnc(F)c2)ccc1N1CCCC1C1=NC(c2nc3ccc(C(F)(F)F)cc3[nH]2)Cc2c1[nH]c1ccccc21
scent_clpp,best_candidate,245,245,849,4,-10.699999809265137,CC(NC(=O)C1Cc2c([nH]c3ccccc23)C(C2Cc3c([nH]c4ccccc34)C(c3cccc(B(O)O)c3)N2)=N1)c1ccccc1,Cc1cc(-c2cccc(C3NC(C4=NC(C(=O)NC(C)c5ccccc5)Cc5c4[nH]c4ccccc54)Cc4c3[nH]c3ccccc43)c2)cnc1F
scent_clpp,best_candidate,246,246,852,3,-10.699999809265137,Cc1cc(-c2ccc(N3CCCC(=O)C3)c(C(=O)O)c2)cnc1F,Cc1cc(-c2ccc(N3CCCC(=O)C3)c(C3=NCCc4c3[nH]c3ccccc43)c2)cnc1F
scent_clpp,best_candidate,247,247,854,2,-10.699999809265137,O=Cc1c[nH]c2ccc(Nc3c(F)cccc3C(=O)O)cc12,O=Cc1c[nH]c2ccc(Nc3c(F)cccc3C3=NC(c4nc5cc(F)ccc5o4)Cc4c3[nH]c3ccccc43)cc12
scent_clpp,best_candidate,248,248,857,3,-10.699999809265137,Clc1cccc(-c2ccc3c(C4c5[nH]c6ccccc6c5CCN4C4CCNC4)c[nH]c3c2)c1,Clc1cccc(-c2ccc3c(C4c5[nH]c6ccccc6c5CCN4C4CCN(C5CCNCC5)C4)c[nH]c3c2)c1
scent_clpp,best_candidate,249,249,861,4,-10.699999809265137,Nc1ccc(NC(Cc2c[nH]c3ccccc23)c2nc3ccc(C(F)(F)F)cc3[nH]2)cc1N,Nc1ccc(N2C(c3nc4ccc(C(F)(F)F)cc4[nH]3)Cc3c([nH]c4ccccc34)C2c2cccc(-c3cc(O)cc(F)c3)c2)cc1N
scent_clpp,best_candidate,250,250,864,3,-10.699999809265137,Cc1cc(-c2cccc(CNC(Cc3c[nH]c4ccccc34)c3nc4ccccc4o3)c2)ccc1F,Cc1cc(-c2cccc(CN(C3CCNC3)C(Cc3c[nH]c4ccccc34)c3nc4ccccc4o3)c2)ccc1F
scent_clpp,best_candidate,251,251,867,3,-10.699999809265137,O=CC1=NC(c2nc3ccc(Cl)cc3[nH]2)Cc2c1[nH]c1ccccc21,Clc1ccc2nc(C3Cc4c([nH]c5ccccc45)C(C4NCCc5c4[nH]c4ccccc54)=N3)[nH]c2c1
scent_clpp,best_candidate,252,252,871,4,-10.699999809265137,O=C(O)C(Cc1c[nH]c2ccccc12)NC(=O)C1Cc2c([nH]c3ccccc23)C(c2c[nH]c3ccc(-c4cccc(F)c4F)cc23)N1,O=C(NC(Cc1c[nH]c2ccccc12)c1nc2ccc(C(F)(F)F)cc2[nH]1)C1Cc2c([nH]c3ccccc23)C(c2c[nH]c3ccc(-c4cccc(F)c4F)cc23)N1
scent_clpp,best_candidate,253,253,873,2,-10.699999809265137,CC(=O)c1cccc(-c2ccc3[nH]cc(C=O)c3c2)c1,CC(=O)c1cccc(-c2ccc3[nH]cc(-c4nc5cc(F)ccc5o4)c3c2)c1
scent_clpp,best_candidate,254,254,877,4,-10.699999809265137,NC(Cc1c[nH]c2ccccc12)C1=NC(c2nc3cc(Br)ccc3[nH]2)Cc2c1[nH]c1ccccc21,Fc1cncc(-c2ccc(F)c(C3=NC(C4=NC(c5nc6cc(Br)ccc6[nH]5)Cc5c4[nH]c4ccccc54)Cc4c3[nH]c3ccccc43)c2)c1
scent_clpp,best_candidate,255,255,880,3,-10.699999809265137,Fc1cc(CNC(Cc2ccccc2)C2=NC(c3nc4ccc(C(F)(F)F)cc4[nH]3)Cc3c2[nH]c2ccccc32)ccc1C(F)(F)F,Fc1cc(CN2C(C3=NC(c4nc5ccc(C(F)(F)F)cc5[nH]4)Cc4c3[nH]c3ccccc43)Cc3ccccc3C2c2c[nH]c3ccc(Br)cc23)ccc1C(F)(F)F
scent_clpp,best_candidate,256,256,882,2,-10.699999809265137,c1ccc2c(CCNCC(Cc3c[nH]c4ccccc34)NCc3c[nH]c4ccccc34)c[nH]c2c1,Clc1cccc(-c2cccc(C3c4[nH]c5ccccc5c4CC(CNCCc4c[nH]c5ccccc45)N3Cc3c[nH]c4ccccc34)c2)c1
scent_clpp,best_candidate,257,257,886,4,-10.600000381469727,FC(F)(F)c1ccc2[nH]c(C3Cc4c([nH]c5ccccc45)C(c4nc5ccccc5[nH]4)N3CC3Cc4ccccc4CN3)nc2c1,FC(F)(F)c1ccc2[nH]c(C3Cc4c([nH]c5ccccc45)C(c4nc5ccccc5[nH]4)N3CC3Cc4ccccc4CN3C3CCNCC3)nc2c1
scent_clpp,best_candidate,258,258,890,4,-10.600000381469727,CC(Nc1cc(-c2cccc(F)c2F)ccn1)C1=NC(C(=O)O)Cc2c1[nH]c1ccccc21,CC(Nc1cc(-c2cccc(F)c2F)ccn1)C1=NC(c2nc3cc(F)ccc3o2)Cc2c1[nH]c1ccccc21
scent_clpp,best_candidate,259,259,893,3,-10.600000381469727,O=C(O)C1Cc2c([nH]c3ccccc23)C(c2cccc(NCCc3c[nH]c4ccccc34)n2)=N1,CC(Nc1cccc(C2c3[nH]c4ccccc4c3CCN2c2cccc(C3=NC(C(=O)O)Cc4c3[nH]c3ccccc43)n2)c1)c1ccccc1
scent_clpp,best_candidate,260,260,895,2,-10.600000381469727,Cc1cc(C)cc(-c2cc(C3NC(C(=O)NC(C)c4ccccc4)Cc4c3[nH]c3ccccc43)ccn2)c1,Cc1cc(C)cc(-c2cc(C3c4[nH]c5ccccc5c4CC(C(=O)NC(C)c4ccccc4)N3C3CNC3)ccn2)c1
scent_clpp,best_candidate,261,261,898,3,-10.600000381469727,Fc1ccc(-c2cccc(CNc3c(F)cccc3-c3nc4cc(F)ccc4o3)c2)cc1,Fc1ccc(-c2cccc(CN(c3c(F)cccc3-c3nc4cc(F)ccc4o3)C3CCNC3)c2)cc1
scent_clpp,best_candidate,262,262,900,2,-10.600000381469727,CC(O)C(Nc1ccc2ccccc2n1)C(=O)O,CC(O)C(Nc1ccc2ccccc2n1)C1=NC(c2nc3ccc(C(F)(F)F)cc3[nH]2)Cc2c1[nH]c1ccccc21
scent_clpp,best_candidate,263,263,904,4,-10.600000381469727,Cc1cc(-c2cc(O)cc(F)c2)cnc1N(c1ccc2ccccc2n1)C1CCNC1,Cc1cc(-c2cc(O)cc(F)c2)cnc1N(c1ccc2ccccc2n1)C1CCN(C2CCC2)C1
scent_clpp,best_candidate,264,264,908,4,-10.600000381469727,O=C(O)C1Cc2c([nH]c3ccccc23)C(C2Cc3c([nH]c4ccccc34)C(c3cccc(Br)c3)N2Cc2cccc(Br)c2)=N1,O=C(O)C1Cc2c([nH]c3ccccc23)C(C2Cc3c([nH]c4ccccc34)C(c3cccc(-c4cccc(F)c4F)c3)N2Cc2cccc(Br)c2)=N1
scent_clpp,best_candidate,265,265,912,4,-10.5,Fc1cccc(-c2ccc3c(C4c5[nH]c6ccccc6c5CCN4CC4Cc5ccccc5CN4)c[nH]c3c2)c1F,Fc1cnccc1CN1Cc2ccccc2CC1CN1CCc2c([nH]c3ccccc23)C1c1c[nH]c2cc(-c3cccc(F)c3F)ccc12
scent_clpp,best_candidate,266,266,914,2,-10.5,O=C(O)C(Cc1c[nH]c2ccccc12)NCc1c[nH]c2cc(-c3ccccc3F)ccc12,Cc1cc(-c2cc(C3c4[nH]c5ccccc5c4CC(C(=O)O)N3Cc3c[nH]c4cc(-c5ccccc5F)ccc34)ccn2)ccc1F
scent_clpp,best_candidate,267,267,918,4,-10.5,FC(F)(F)c1ccc2[nH]c(C(Cc3c[nH]c4ccccc34)N(Cc3nc(Br)cs3)Cc3c[nH]c4cc(Br)ccc34)nc2c1,Fc1cccc(-c2ccc3c(CN(Cc4nc(Br)cs4)C(Cc4c[nH]c5ccccc45)c4nc5cc(C(F)(F)F)ccc5[nH]4)c[nH]c3c2)c1
scent_clpp,best_candidate,268,268,922,4,-10.5,Nc1ccc(C(F)(F)F)cc1NCc1cccc(-c2ccc(F)cc2)c1,Nc1ccc(-c2ccc(F)c(-c3nc4ccc(C(F)(F)F)cc4n3Cc3cccc(-c4ccc(F)cc4)c3)c2)cc1
scent_clpp,best_candidate,269,269,926,4,-10.5,Cc1cc(-c2ccc(O)c(Nc3ccc4[nH]cc(-c5nc6cc(F)c(F)cc6o5)c4c3)c2)ccc1F,Cc1cc(-c2ccc(O)c(N(Cc3c[nH]c4ccc(F)cc34)c3ccc4[nH]cc(-c5nc6cc(F)c(F)cc6o5)c4c3)c2)ccc1F
scent_clpp,best_candidate,270,270,928,2,-10.5,Cc1cc(C)cc(-c2cccc(C3c4[nH]c5ccccc5c4CC(C(=O)O)N3Cc3c[nH]c4ccc(Br)cc34)c2)c1,Cc1cc(C)cc(-c2cccc(C3c4[nH]c5ccccc5c4CC(C(=O)O)N3Cc3c[nH]c4ccc(-c5cccc(F)c5F)cc34)c2)c1
scent_clpp,best_candidate,271,271,932,4,-10.5,,Cc1cc(N2C(c3nc4cc(-c5cccc(Cl)c5)ccc4o3)Cc3c([nH]c4ccccc34)C2c2cccc(Br)c2)cnc1F
scent_clpp,best_candidate,272,272,936,4,-10.5,NC(Cc1c[nH]c2ccccc12)C(=O)N1CCc2c([nH]c3ccccc23)C1c1nc2ccccc2[nH]1,O=C(C1Cc2c([nH]c3ccccc23)C(c2cccc(Nc3ccc(Br)cc3O)c2)N1)N1CCc2c([nH]c3ccccc23)C1c1nc2ccccc2[nH]1
scent_clpp,best_candidate,273,273,940,4,-10.5,Fc1ccc2oc(C3Cc4ccccc4C(c4cccc(-c5cccc(F)c5F)c4)N3)nc2c1,Fc1ccc2oc(C3Cc4ccccc4C(c4cccc(-c5cccc(F)c5F)c4)N3C3CCCNC3)nc2c1
scent_clpp,best_candidate,274,274,944,4,-10.5,Cc1cc(-c2cc(CN3C(C(=O)O)Cc4ccccc4C3c3c[nH]c4cc(Br)ccc34)ccn2)ccc1F,Cc1cc(-c2cc(CN3C(C(=O)O)Cc4ccccc4C3c3c[nH]c4cc(-c5cccc(F)c5)ccc34)ccn2)ccc1F
scent_clpp,best_candidate,275,275,948,4,-10.5,Cc1cc(C)cc(-c2ccc(Nc3cc(-c4cccc(F)c4F)ccn3)cc2)c1,Cc1cc(C)cc(-c2ccc(N(c3cc(-c4cccc(F)c4F)ccn3)C3CCNC3)cc2)c1
scent_clpp,best_candidate,276,276,952,4,-10.399999618530273,NC(Cc1c[nH]c2ccccc12)C1=NC(c2nc3cc(F)c(F)cc3o2)Cc2c1n(Cc1cccc(F)c1)c1ccccc21,Fc1cccc(Cn2c3c(c4ccccc42)CC(c2nc4cc(F)c(F)cc4o2)N=C3C2Cc3c([nH]c4ccccc34)C(c3c[nH]c4cc(Br)ccc34)N2)c1
scent_clpp,best_candidate,277,277,956,4,-10.399999618530273,Clc1cccc(-c2cccc3nc(C4Cc5ccccc5CN4Cc4c[nH]c5ccccc45)oc23)c1,Brc1cccc(-c2cccc3nc(C4Cc5ccccc5CN4Cc4c[nH]c5ccccc45)oc23)c1
scent_clpp,best_candidate,278,278,959,3,-10.399999618530273,Oc1cc(-c2cccc(F)c2F)ccc1NCc1c[nH]c2cc(-c3cccc(F)c3F)ccc12,Oc1cc(-c2cccc(F)c2F)ccc1N(Cc1c[nH]c2cc(-c3cccc(F)c3F)ccc12)Cc1c[nH]c2ccc(F)cc12
scent_clpp,best_candidate,279,279,962,3,-10.399999618530273,O=C(c1ccc(F)cc1)N1C(c2nc3cc(F)ccc3o2)Cc2c([nH]c3ccccc23)C1c1nc(Br)cs1,CC(Nc1csc(C2c3[nH]c4ccccc4c3CC(c3nc4cc(F)ccc4o3)N2C(=O)c2ccc(F)cc2)n1)c1ccccc1
scent_clpp,best_candidate,280,280,964,2,-10.399999618530273,O=C(O)C1Cc2c([nH]c3ccccc23)C(c2cccc(Br)c2)N1c1cccnc1Nc1cccc2cc[nH]c12,Fc1cc2nc(C3Cc4c([nH]c5ccccc45)C(c4cccc(Br)c4)N3c3cccnc3Nc3cccc4cc[nH]c34)oc2cc1F
scent_clpp,best_candidate,281,281,966,2,-10.399999618530273,Brc1ccc2[nH]cc(-c3nc4ccccc4o3)c2c1,Cc1cc(-c2ccc3[nH]cc(-c4nc5ccccc5o4)c3c2)ccc1F
scent_clpp,best_candidate,282,282,969,3,-10.399999618530273,O=C(O)C1Cc2c([nH]c3ccccc23)C(C(Cc2c[nH]c3ccccc23)N(c2ncc3[nH]ccc3n2)C2CCC2)=N1,FC(F)(F)c1ccc2[nH]c(C3Cc4c([nH]c5ccccc45)C(C(Cc4c[nH]c5ccccc45)N(c4ncc5[nH]ccc5n4)C4CCC4)=N3)nc2c1
scent_clpp,best_candidate,283,283,972,3,-10.399999618530273,Cc1cc(-c2cccc(CNC(C)c3ccccc3)c2)ccc1F,Cc1cc(-c2cccc(CN(Cc3cccc(-c4ccc(F)c(C)c4)c3)C(C)c3ccccc3)c2)ccc1F
scent_clpp,best_candidate,284,284,974,2,-10.399999618530273,CC(=O)c1cccc(-c2ccnc(F)c2)c1,CC(c1cccc(-c2ccnc(F)c2)c1)N1C(C(=O)O)Cc2c([nH]c3ccccc23)C1c1cccc(-c2cccc(F)c2)c1
scent_clpp,best_candidate,285,285,977,3,-10.399999618530273,CC(Nc1ccc2[nH]cc(C=O)c2c1)c1ccccc1,CC(Nc1ccc2[nH]cc(C3c4ccccc4CC(c4nc5cc(C(F)(F)F)ccc5[nH]4)N3c3nc(N)c4nc[nH]c4n3)c2c1)c1ccccc1
scent_clpp,best_candidate,286,286,980,3,-10.399999618530273,Cc1cc(-c2cccc(F)c2F)cnc1NC(C)C(=O)O,Cc1cc(-c2cccc(F)c2F)cnc1NC(C)C1=NC(c2nc3cc(C(F)(F)F)ccc3[nH]2)Cc2c1[nH]c1ccccc21
scent_clpp,best_candidate,287,287,983,3,-10.399999618530273,Cc1cc(C)cc(-c2ccc3[nH]cc(CNC(C)c4ccccc4)c3c2)c1,Cc1cc(C)cc(-c2ccc3[nH]cc(CN(c4ncc5[nH]ccc5n4)C(C)c4ccccc4)c3c2)c1
scent_clpp,best_candidate,288,288,986,3,-10.399999618530273,Oc1cc(-c2ccc(F)cc2)ccc1NCc1cccc(-c2cccc(F)c2F)c1,Oc1cc(-c2ccc(F)cc2)ccc1N(Cc1cccc(-c2cccc(F)c2F)c1)C1CNC1
scent_clpp,best_candidate,289,289,990,4,-10.399999618530273,Fc1ccc(-c2cncc(C(F)(F)F)c2)cc1C1=NC(c2nc3cccc(Br)c3[nH]2)Cc2c1[nH]c1ccccc21,Fc1ccc(-c2cncc(C(F)(F)F)c2)cc1C1=NC(c2nc3cccc(-c4cccc(F)c4F)c3[nH]2)Cc2c1[nH]c1ccccc21
scent_clpp,best_candidate,290,290,994,4,-10.399999618530273,Cc1cc(-c2cc(C3c4[nH]c5ccccc5c4CCN3Cc3cccc(Br)c3)ccn2)ccc1F,Cc1cc(-c2cc(C3c4[nH]c5ccccc5c4CCN3Cc3cccc(-c4cc(O)cc(F)c4)c3)ccn2)ccc1F
scent_clpp,best_candidate,291,291,998,4,-10.399999618530273,Fc1ccc(-c2cncc(C3NC(c4nc5c(Br)cccc5[nH]4)Cc4c3[nH]c3ccccc43)c2)cc1,Fc1ccc(-c2cncc(C3NC(c4nc5c(Cl)cccc5[nH]4)Cc4c3[nH]c3ccccc43)c2)cc1
scent_clpp,best_candidate,292,292,1002,4,-10.399999618530273,Oc1cccc(-c2ccc3nc(C4Cc5ccccc5CN4)n(C4CCNC4)c3c2)c1,Oc1cccc(-c2ccc3nc(C4Cc5ccccc5CN4)n(C4CCN(C5CCNCC5)C4)c3c2)c1
scent_clpp,best_candidate,293,293,1005,3,-10.399999618530273,Nc1cc(Cl)ccc1O,Fc1cccc(-c2cccc(CNC(Cc3c[nH]c4ccccc34)c3nc4cc(Cl)ccc4o3)c2)c1
scent_clpp,best_candidate,294,294,1009,4,-10.399999618530273,Oc1cc(-c2cccc(F)c2F)ccc1Nc1cccc(-c2nc3cc(F)c(F)cc3o2)c1,Oc1cc(-c2cccc(F)c2F)ccc1N(Cc1cccnc1F)c1cccc(-c2nc3cc(F)c(F)cc3o2)c1
scent_clpp,best_candidate,295,295,1012,3,-10.399999618530273,Clc1ccc2nc(C3Cc4c([nH]c5ccccc45)C(c4ccccc4)N3)[nH]c2c1,Fc1cc(CN2C(c3nc4ccc(Cl)cc4[nH]3)Cc3c([nH]c4ccccc34)C2c2ccccc2)ccc1C(F)(F)F
scent_clpp,best_candidate,296,296,1014,2,-10.399999618530273,O=C(O)c1ccc(N2C(c3nc4ccc(C(F)(F)F)cc4[nH]3)Cc3c([nH]c4ccccc34)C2c2ccc(C(F)(F)F)cc2)c(F)c1F,Fc1ccc2oc(-c3ccc(N4C(c5nc6ccc(C(F)(F)F)cc6[nH]5)Cc5c([nH]c6ccccc56)C4c4ccc(C(F)(F)F)cc4)c(F)c3F)nc2c1
scent_clpp,best_candidate,297,297,1017,3,-10.399999618530273,Cc1sc(N2Cc3ccccc3CC2c2nc3cc(C(F)(F)F)ccc3[nH]2)nc1C(=O)O,Cc1sc(N2Cc3ccccc3CC2c2nc3cc(C(F)(F)F)ccc3[nH]2)nc1-c1nc2ccc(C(F)(F)F)cc2[nH]1
scent_clpp,best_candidate,298,298,1018,1,-10.399999618530273,CC(Nc1ccc2[nH]cc(C=O)c2c1)c1ccccc1,CC(c1ccccc1)N(Cc1c[nH]c2ccc(-c3cccc(F)c3F)cc12)c1ccc2[nH]cc(C=O)c2c1
scent_clpp,best_candidate,299,299,1022,4,-10.300000190734863,O=Cc1nc(-c2cccc(Cl)c2)cs1,O=C(O)C1Cc2c([nH]c3ccccc23)C(c2c[nH]c3cc(-c4cccc(F)c4)ccc23)N1Cc1nc(-c2cccc(Cl)c2)cs1
scent_clpp,best_candidate,300,300,1026,4,-10.300000190734863,O=C(O)Cn1nnc(-c2cccc(-c3c[nH]cn3)c2)n1,FC(F)(F)c1ccc2nc(Cn3nnc(-c4cccc(-c5c[nH]cn5)c4)n3)[nH]c2c1
scent_clpp,hub_batching,1,1,23,3,-12.300000190734863,FC(F)(F)c1ccc2[nH]c(C(Cc3c[nH]c4ccccc34)NCc3nc4ccccc4[nH]3)nc2c1,Fc1cc(C2c3[nH]c4ccccc4c3CC(c3nc4cc(C(F)(F)F)ccc4[nH]3)N2Cc2nc3ccccc3[nH]2)ccc1C(F)(F)F
scent_clpp,hub_batching,2,2,24,1,-11.100000381469727,FC(F)(F)c1ccc2[nH]c(C(Cc3c[nH]c4ccccc34)NCc3nc4ccccc4[nH]3)nc2c1,Nc1cc(-c2cccc(C(=O)N(Cc3nc4ccccc4[nH]3)C(Cc3c[nH]c4ccccc34)c3nc4cc(C(F)(F)F)ccc4[nH]3)c2)ccc1O
scent_clpp,hub_batching,3,3,25,1,-10.800000190734863,FC(F)(F)c1ccc2[nH]c(C(Cc3c[nH]c4ccccc34)NCc3nc4ccccc4[nH]3)nc2c1,O=C(O)c1ccc(Cn2cc(CC(NCc3nc4ccccc4[nH]3)c3nc4cc(C(F)(F)F)ccc4[nH]3)c3ccccc32)cc1
scent_clpp,hub_batching,4,4,26,1,-10.399999618530273,FC(F)(F)c1ccc2[nH]c(C(Cc3c[nH]c4ccccc34)NCc3nc4ccccc4[nH]3)nc2c1,Cc1ccc(Cn2c(C(Cc3c[nH]c4ccccc34)NCc3nc4ccccc4[nH]3)nc3cc(C(F)(F)F)ccc32)cc1F
scent_clpp,hub_batching,5,5,27,1,-10.199999809265137,FC(F)(F)c1ccc2[nH]c(C(Cc3c[nH]c4ccccc34)NCc3nc4ccccc4[nH]3)nc2c1,O=Cc1c[nH]c2ccc(Nc3cc(N(Cc4nc5ccccc5[nH]4)C(Cc4c[nH]c5ccccc45)c4nc5cc(C(F)(F)F)ccc5[nH]4)n[nH]3)cc12
scent_clpp,hub_batching,6,6,28,1,-10.0,FC(F)(F)c1ccc2[nH]c(C(Cc3c[nH]c4ccccc34)NCc3nc4ccccc4[nH]3)nc2c1,O=C(O)C1Cc2c([nH]c3ccccc23)C(c2ccnc(Br)c2)N1C(=O)N(Cc1nc2ccccc2[nH]1)C(Cc1c[nH]c2ccccc12)c1nc2cc(C(F)(F)F)ccc2[nH]1
scent_clpp,hub_batching,7,7,29,1,-10.0,FC(F)(F)c1ccc2[nH]c(C(Cc3c[nH]c4ccccc34)NCc3nc4ccccc4[nH]3)nc2c1,FC(F)(F)c1ccc2[nH]c(C(Cc3c[nH]c4ccccc34)N(Cc3nc4ccccc4[nH]3)CC3Cc4ccccc4CN3)nc2c1
scent_clpp,hub_batching,8,8,30,1,-9.899999618530273,FC(F)(F)c1ccc2[nH]c(C(Cc3c[nH]c4ccccc34)NCc3nc4ccccc4[nH]3)nc2c1,O=C(Cn1c(CNC(Cc2c[nH]c3ccccc23)c2nc3cc(C(F)(F)F)ccc3[nH]2)nc2ccccc21)c1ccc(Br)cc1
scent_clpp,hub_batching,9,9,34,4,-14.0,Clc1ccc2[nH]c(C3Cc4c([nH]c5ccccc45)C(c4cccc(Br)c4)N3)nc2c1,Fc1cccc(-c2cccc(C3NC(c4nc5cc(Cl)ccc5[nH]4)Cc4c3[nH]c3ccccc43)c2)c1F
scent_clpp,hub_batching,10,10,35,1,-11.0,Clc1ccc2[nH]c(C3Cc4c([nH]c5ccccc45)C(c4cccc(Br)c4)N3)nc2c1,Clc1ccc2[nH]c(C3Cc4c([nH]c5ccccc45)C(c4cccc(Br)c4)N3CC3Cc4ccccc4CN3)nc2c1
scent_clpp,hub_batching,11,11,36,1,-10.600000381469727,Clc1ccc2[nH]c(C3Cc4c([nH]c5ccccc45)C(c4cccc(Br)c4)N3)nc2c1,COc1ccc(Cn2c(C3Cc4c([nH]c5ccccc45)C(c4cccc(Br)c4)N3)nc3cc(Cl)ccc32)cc1
scent_clpp,hub_batching,12,12,37,1,-9.800000190734863,Clc1ccc2[nH]c(C3Cc4c([nH]c5ccccc45)C(c4cccc(Br)c4)N3)nc2c1,Clc1ccc2[nH]c(C3Cc4c(n(CC5CCCC5)c5ccccc45)C(c4cccc(Br)c4)N3)nc2c1
scent_clpp,hub_batching,13,13,38,1,-9.300000190734863,Clc1ccc2[nH]c(C3Cc4c([nH]c5ccccc45)C(c4cccc(Br)c4)N3)nc2c1,Nc1ccc(C(F)(F)F)cc1NC(=O)N1C(c2nc3cc(Cl)ccc3[nH]2)Cc2c([nH]c3ccccc23)C1c1cccc(Br)c1
scent_clpp,hub_batching,14,14,40,2,-10.899999618530273,NC(Cc1c[nH]c2ccccc12)c1nc2cc(Br)ccc2o1,NC(Cc1c[nH]c2ccccc12)c1nc2cc(NC(Cc3c[nH]c4ccccc34)c3nc4cc(Br)ccc4o3)ccc2[nH]1
scent_clpp,hub_batching,15,15,41,1,-10.800000190734863,NC(Cc1c[nH]c2ccccc12)c1nc2cc(Br)ccc2o1,O=C(NCc1ccc(C(F)(F)F)cc1)NC(Cc1c[nH]c2ccccc12)c1nc2cc(Br)ccc2o1
scent_clpp,hub_batching,16,16,42,1,-10.699999809265137,NC(Cc1c[nH]c2ccccc12)c1nc2cc(Br)ccc2o1,NC(Cc1c[nH]c2ccccc12)c1nc2cc(NCc3ccc(C(F)(F)F)cc3)ccc2o1
scent_clpp,hub_batching,17,17,43,1,-10.600000381469727,NC(Cc1c[nH]c2ccccc12)c1nc2cc(Br)ccc2o1,NC(Cc1c[nH]c2ccccc12)c1nc2cc(-c3ccc4[nH]ccc4c3)ccc2o1
scent_clpp,hub_batching,18,18,44,1,-10.0,NC(Cc1c[nH]c2ccccc12)c1nc2cc(Br)ccc2o1,CC(Nc1ccc2c(CNC(Cc3c[nH]c4ccccc34)c3nc4cc(Br)ccc4o3)c[nH]c2c1)c1ccccc1
scent_clpp,hub_batching,19,19,45,1,-9.899999618530273,NC(Cc1c[nH]c2ccccc12)c1nc2cc(Br)ccc2o1,O=C(NC(Cc1c[nH]c2ccccc12)c1nc2cc(Br)ccc2o1)C1Cc2c([nH]c3ccccc23)C(c2nc(Br)cs2)N1
scent_clpp,hub_batching,20,20,46,1,-9.800000190734863,NC(Cc1c[nH]c2ccccc12)c1nc2cc(Br)ccc2o1,NC(Cc1c[nH]c2ccccc12)c1nc2cc(N(c3ccc4c(C=O)c[nH]c4c3)c3cc(F)c(F)cc3O)ccc2o1
scent_clpp,hub_batching,21,21,47,1,-9.0,NC(Cc1c[nH]c2ccccc12)c1nc2cc(Br)ccc2o1,O=C1Cc2ccc(C(CCl)NC(Cc3c[nH]c4ccccc34)c3nc4cc(Br)ccc4o3)cc2N1
scent_clpp,hub_batching,22,22,48,1,-9.0,NC(Cc1c[nH]c2ccccc12)c1nc2cc(Br)ccc2o1,NC(Cc1c[nH]c2ccccc12)c1nc2cc(N3C(C(=O)O)Cc4c([nH]c5ccccc45)C3c3ccnc(Br)c3)ccc2o1
scent_clpp,hub_batching,23,23,49,1,-8.800000190734863,NC(Cc1c[nH]c2ccccc12)c1nc2cc(Br)ccc2o1,NC(Cc1c[nH]c2ccccc12)c1nc2cc(N(CCc3c[nH]c4ccccc34)Cc3nc4ccccc4[nH]3)ccc2o1
scent_clpp,hub_batching,24,24,50,1,-8.5,NC(Cc1c[nH]c2ccccc12)c1nc2cc(Br)ccc2o1,NC(Cc1c[nH]c2ccccc12)c1nc2cc(N3CCCC(C(=O)O)C3)ccc2o1
scent_clpp,hub_batching,25,25,51,1,-8.0,NC(Cc1c[nH]c2ccccc12)c1nc2cc(Br)ccc2o1,CC(c1ccccc1)N(c1cccc(C=O)c1)c1ccc2oc(C(N)Cc3c[nH]c4ccccc34)nc2c1
scent_clpp,hub_batching,26,26,54,3,-13.5,NC(Cc1c[nH]c2ccccc12)c1nc2cc(Cl)ccc2o1,Clc1ccc2oc(C3Cc4c([nH]c5ccccc45)C(C4Cc5c([nH]c6ccccc56)C(c5ccnc(Br)c5)N4)=N3)nc2c1
scent_clpp,hub_batching,27,27,55,1,-13.300000190734863,NC(Cc1c[nH]c2ccccc12)c1nc2cc(Cl)ccc2o1,CC(Nc1ccc2c(C3NC(c4nc5cc(Cl)ccc5o4)Cc4c3[nH]c3ccccc43)c[nH]c2c1)c1ccccc1
scent_clpp,hub_batching,28,28,56,1,-13.199999809265137,NC(Cc1c[nH]c2ccccc12)c1nc2cc(Cl)ccc2o1,Nc1cc(-c2cccc(C3=NC(c4nc5cc(Cl)ccc5o4)Cc4c3[nH]c3ccccc43)c2)ccc1O
scent_clpp,hub_batching,29,29,57,1,-12.100000381469727,NC(Cc1c[nH]c2ccccc12)c1nc2cc(Cl)ccc2o1,CC(Nc1cccc(C2=NC(c3nc4cc(Cl)ccc4o3)Cc3c2[nH]c2ccccc32)n1)c1ccccc1
scent_clpp,hub_batching,30,30,58,1,-11.100000381469727,NC(Cc1c[nH]c2ccccc12)c1nc2cc(Cl)ccc2o1,Nc1ccc(-c2cccc(C(=O)NC(Cc3c[nH]c4ccccc34)c3nc4cc(Cl)ccc4o3)c2)cc1
scent_clpp,hub_batching,31,31,59,1,-10.5,NC(Cc1c[nH]c2ccccc12)c1nc2cc(Cl)ccc2o1,NC(Cc1cn(CC(=O)c2ccc(F)cc2F)c2ccccc12)c1nc2cc(Cl)ccc2o1
scent_clpp,hub_batching,32,32,60,1,-10.399999618530273,NC(Cc1c[nH]c2ccccc12)c1nc2cc(Cl)ccc2o1,Clc1ccc2oc(C(Cc3c[nH]c4ccccc34)NCC3Cc4c([nH]c5ccccc45)C(c4ccnc(Br)c4)N3)nc2c1
scent_clpp,hub_batching,33,33,61,1,-10.399999618530273,NC(Cc1c[nH]c2ccccc12)c1nc2cc(Cl)ccc2o1,COC(=O)c1cccc(C2NC(c3nc4cc(Cl)ccc4o3)Cc3c2[nH]c2ccccc32)c1
scent_clpp,hub_batching,34,34,62,1,-10.399999618530273,NC(Cc1c[nH]c2ccccc12)c1nc2cc(Cl)ccc2o1,NC(Cc1c[nH]c2ccccc12)C1=NC(c2nc3cc(Cl)ccc3o2)Cc2c1[nH]c1ccccc21
scent_clpp,hub_batching,35,35,63,1,-9.800000190734863,NC(Cc1c[nH]c2ccccc12)c1nc2cc(Cl)ccc2o1,Clc1ccc2oc(C(Cc3c[nH]c4ccccc34)Nc3ccc4ccccc4n3)nc2c1
scent_clpp,hub_batching,36,36,64,1,-9.800000190734863,NC(Cc1c[nH]c2ccccc12)c1nc2cc(Cl)ccc2o1,Clc1ccc2oc(C(Cc3c[nH]c4ccccc34)NCC(Cc3c[nH]c4ccccc34)NCC3Cc4ccccc4CN3)nc2c1
scent_clpp,hub_batching,37,37,65,1,-9.5,NC(Cc1c[nH]c2ccccc12)c1nc2cc(Cl)ccc2o1,O=C(NCCc1c[nH]c2ccccc12)C1Cc2ccccc2CN1C(=O)NC(Cc1c[nH]c2ccccc12)c1nc2cc(Cl)ccc2o1
scent_clpp,hub_batching,38,38,66,1,-9.199999809265137,NC(Cc1c[nH]c2ccccc12)c1nc2cc(Cl)ccc2o1,O=C(O)C1Cc2c([nH]c3ccccc23)C(c2c[nH]c3ccc(Br)cc23)N1C(=O)NC(Cc1c[nH]c2ccccc12)c1nc2cc(Cl)ccc2o1
scent_clpp,hub_batching,39,39,67,1,-9.199999809265137,NC(Cc1c[nH]c2ccccc12)c1nc2cc(Cl)ccc2o1,CC(c1ccccc1)N(C(=O)NC(Cc1c[nH]c2ccccc12)c1nc2cc(Cl)ccc2o1)c1ccc2c(C=O)c[nH]c2c1
scent_clpp,hub_batching,40,40,70,3,-13.699999809265137,Cc1cc(-c2ccc(N3CCC(=O)CC3)c(C(=O)O)c2)cnc1F,Cc1cc(-c2ccc(N3CCC(=O)CC3)c(C3=NC(c4nc5ccc(C(F)(F)F)cc5[nH]4)Cc4c3[nH]c3ccccc43)c2)cnc1F
scent_clpp,hub_batching,41,41,71,1,-11.399999618530273,Cc1cc(-c2ccc(N3CCC(=O)CC3)c(C(=O)O)c2)cnc1F,Cc1cc(-c2ccc(N3CCC(=O)CC3)c(C(=O)NC(Cc3c[nH]c4ccccc34)c3nc4cc(C(F)(F)F)ccc4[nH]3)c2)cnc1F
scent_clpp,hub_batching,42,42,72,1,-11.300000190734863,Cc1cc(-c2ccc(N3CCC(=O)CC3)c(C(=O)O)c2)cnc1F,Cc1cc(-c2ccc(N3CCC(=O)CC3)c(C(=O)NCc3ccc(C(F)(F)F)cc3)c2)cnc1F
scent_clpp,hub_batching,43,43,73,1,-11.199999809265137,Cc1cc(-c2ccc(N3CCC(=O)CC3)c(C(=O)O)c2)cnc1F,Cc1cc(-c2ccc(N3CCC(=O)CC3)c(C3=NCCc4c3[nH]c3ccc(O)cc43)c2)cnc1F
scent_clpp,hub_batching,44,44,74,1,-11.100000381469727,Cc1cc(-c2ccc(N3CCC(=O)CC3)c(C(=O)O)c2)cnc1F,Cc1cc(-c2ccc(N3CCC(=O)CC3)c(C(=O)N(CC3Cc4ccccc4CN3)C(Cc3c[nH]c4ccccc34)C(=O)O)c2)cnc1F
scent_clpp,hub_batching,45,45,75,1,-10.800000190734863,Cc1cc(-c2ccc(N3CCC(=O)CC3)c(C(=O)O)c2)cnc1F,Cc1cc(-c2ccc(N3CCC(=O)CC3)c(CN3Cc4ccccc4CC3C(=O)NCCc3c[nH]c4ccccc34)c2)cnc1F
scent_clpp,hub_batching,46,46,76,1,-10.699999809265137,Cc1cc(-c2ccc(N3CCC(=O)CC3)c(C(=O)O)c2)cnc1F,Cc1cc(-c2ccc(N3CCC(=O)CC3)c(C(=O)OCc3cc(=O)[nH]c4ccccc34)c2)cnc1F
scent_clpp,hub_batching,47,47,77,1,-10.600000381469727,Cc1cc(-c2ccc(N3CCC(=O)CC3)c(C(=O)O)c2)cnc1F,Cc1cc(-c2ccc(N3CCC(=O)CC3)c(C(=O)N3C(C(=O)O)Cc4c([nH]c5ccccc45)C3c3c[nH]c4ccc(Br)cc34)c2)cnc1F
scent_clpp,hub_batching,48,48,78,1,-10.600000381469727,Cc1cc(-c2ccc(N3CCC(=O)CC3)c(C(=O)O)c2)cnc1F,Cc1cc(-c2ccc(N3CCC(=O)CC3)c(CNc3cc(C(F)(F)F)ccc3N)c2)cnc1F
scent_clpp,hub_batching,49,49,79,1,-10.5,Cc1cc(-c2ccc(N3CCC(=O)CC3)c(C(=O)O)c2)cnc1F,Cc1cc(-c2ccc(N3CCC(NC(C)c4ccccc4)CC3)c(C(=O)O)c2)cnc1F
scent_clpp,hub_batching,50,50,80,1,-10.399999618530273,Cc1cc(-c2ccc(N3CCC(=O)CC3)c(C(=O)O)c2)cnc1F,Cc1cc(-c2ccc(N3CCC(=O)CC3)c(C(=O)Oc3cc(F)c(F)cc3Nc3ccc4c(C=O)c[nH]c4c3)c2)cnc1F
scent_clpp,hub_batching,51,51,81,1,-10.199999809265137,Cc1cc(-c2ccc(N3CCC(=O)CC3)c(C(=O)O)c2)cnc1F,Cc1cc(-c2ccc(N3CCC(=O)CC3)c(C(=O)N3Cc4ccccc4CC3C(=O)O)c2)cnc1F
scent_clpp,hub_batching,52,52,82,1,-10.100000381469727,Cc1cc(-c2ccc(N3CCC(=O)CC3)c(C(=O)O)c2)cnc1F,Cc1cc(-c2ccc(N3CCC(=O)CC3)c(CNC(Cc3c[nH]c4ccccc34)c3nc4ccc(Br)cc4o3)c2)cnc1F
scent_clpp,hub_batching,53,53,83,1,-9.899999618530273,Cc1cc(-c2ccc(N3CCC(=O)CC3)c(C(=O)O)c2)cnc1F,Cc1cc(-c2ccc(N3CCC(=O)CC3)c(C(=O)Oc3c(Br)c(C(F)(F)F)nc4ccccc34)c2)cnc1F
scent_clpp,hub_batching,54,54,84,1,-9.899999618530273,Cc1cc(-c2ccc(N3CCC(=O)CC3)c(C(=O)O)c2)cnc1F,Cc1cc(-c2ccc(N3CCC(=O)CC3)c(-c3nc4cc(-c5cccc(C(=O)O)c5)ccc4o3)c2)cnc1F
scent_clpp,hub_batching,55,55,85,1,-9.899999618530273,Cc1cc(-c2ccc(N3CCC(=O)CC3)c(C(=O)O)c2)cnc1F,Cc1cc(-c2ccc(N3CCC(=O)CC3)c(-c3nc4cc(C(F)(F)F)ccc4[nH]3)c2)cnc1F
scent_clpp,hub_batching,56,56,86,1,-9.800000190734863,Cc1cc(-c2ccc(N3CCC(=O)CC3)c(C(=O)O)c2)cnc1F,Cc1cc(-c2ccc(N3CCC(=O)CC3)c(CN(c3ccc4c(C=O)c[nH]c4c3)c3cc(F)c(F)cc3O)c2)cnc1F
scent_clpp,hub_batching,57,57,87,1,-9.699999809265137,Cc1cc(-c2ccc(N3CCC(=O)CC3)c(C(=O)O)c2)cnc1F,Cc1cc(-c2ccc(N3CCC(=O)CC3)c(C3=NC(C(=O)O)Cc4ccccc43)c2)cnc1F
scent_clpp,hub_batching,58,58,88,1,-9.699999809265137,Cc1cc(-c2ccc(N3CCC(=O)CC3)c(C(=O)O)c2)cnc1F,Cc1cc(-c2ccc(N3CCC(=O)CC3)c(C(=O)OCC(=O)c3ccc4c(c3)NC(=O)C4)c2)cnc1F
scent_clpp,hub_batching,59,59,89,1,-9.399999618530273,Cc1cc(-c2ccc(N3CCC(=O)CC3)c(C(=O)O)c2)cnc1F,Cc1cc(-c2ccc(N3CCC(=O)CC3)c(C(=O)N(c3cccc(C(=O)O)n3)C(C)c3ccccc3)c2)cnc1F
scent_clpp,hub_batching,60,60,90,1,-9.399999618530273,Cc1cc(-c2ccc(N3CCC(=O)CC3)c(C(=O)O)c2)cnc1F,Cc1cc(-c2ccc(N3CCC(=O)CC3)c(CN3C(C(=O)O)Cc4c([nH]c5ccccc45)C3c3nc(Br)cs3)c2)cnc1F
scent_clpp,hub_batching,61,61,91,1,-9.199999809265137,Cc1cc(-c2ccc(N3CCC(=O)CC3)c(C(=O)O)c2)cnc1F,Cc1cc(-c2ccc(N3CCC(=O)CC3)c(C(=O)N(c3ccc4[nH]cc(C=O)c4c3)c3cc(Br)n[nH]3)c2)cnc1F
scent_clpp,hub_batching,62,62,92,1,-9.199999809265137,Cc1cc(-c2ccc(N3CCC(=O)CC3)c(C(=O)O)c2)cnc1F,Cc1cc(-c2ccc(N3CCC(=O)CC3)c(C(=O)OC3CCCCC3N)c2)cnc1F
scent_clpp,hub_batching,63,63,93,1,-9.100000381469727,Cc1cc(-c2ccc(N3CCC(=O)CC3)c(C(=O)O)c2)cnc1F,Cc1cc(-c2ccc(N3CCC(=O)CC3)c(CNCCc3c[nH]c4ccc(O)cc34)c2)cnc1F
scent_clpp,hub_batching,64,64,94,1,-9.0,Cc1cc(-c2ccc(N3CCC(=O)CC3)c(C(=O)O)c2)cnc1F,Cc1cc(-c2ccc(N3CCC(=O)CC3)c(CN3CCCC(O)C3)c2)cnc1F
scent_clpp,hub_batching,65,65,95,1,-8.399999618530273,Cc1cc(-c2ccc(N3CCC(=O)CC3)c(C(=O)O)c2)cnc1F,Cc1cc(-c2ccc(N3CCC(=O)CC3)c(CN(c3cccc(C=O)c3)C(C)c3ccccc3)c2)cnc1F
scent_clpp,hub_batching,66,66,97,2,-10.600000381469727,NC(Cc1c[nH]c2ccccc12)c1nc2cc(Br)ccc2[nH]1,O=C(NCCc1c[nH]c2ccccc12)NC(Cc1c[nH]c2ccccc12)c1nc2cc(Br)ccc2[nH]1
scent_clpp,hub_batching,67,67,98,1,-10.5,NC(Cc1c[nH]c2ccccc12)c1nc2cc(Br)ccc2[nH]1,O=C(O)C1Cc2c([nH]c3ccccc23)C(c2ccnc(NC(Cc3c[nH]c4ccccc34)c3nc4cc(Br)ccc4[nH]3)c2)N1
scent_clpp,hub_batching,68,68,99,1,-10.399999618530273,NC(Cc1c[nH]c2ccccc12)c1nc2cc(Br)ccc2[nH]1,NC(Cc1c[nH]c2ccccc12)c1nc2cc(-c3cc(O)cc(F)c3)ccc2[nH]1
scent_clpp,hub_batching,69,69,100,1,-9.800000190734863,NC(Cc1c[nH]c2ccccc12)c1nc2cc(Br)ccc2[nH]1,COc1ccc(CNc2ccc3[nH]c(C(N)Cc4c[nH]c5ccccc45)nc3c2)cc1
scent_clpp,hub_batching,70,70,101,1,-9.300000190734863,NC(Cc1c[nH]c2ccccc12)c1nc2cc(Br)ccc2[nH]1,O=Cc1c[nH]c2ccc(Nc3cc(NC(Cc4c[nH]c5ccccc45)c4nc5cc(Br)ccc5[nH]4)n[nH]3)cc12
scent_clpp,hub_batching,71,71,102,1,-9.300000190734863,NC(Cc1c[nH]c2ccccc12)c1nc2cc(Br)ccc2[nH]1,CC(c1ccccc1)N(c1ccc2[nH]c(C(N)Cc3c[nH]c4ccccc34)nc2c1)c1ccc2c(C=O)c[nH]c2c1
scent_clpp,hub_batching,72,72,103,1,-9.100000381469727,NC(Cc1c[nH]c2ccccc12)c1nc2cc(Br)ccc2[nH]1,NC(Cc1c[nH]c2ccccc12)c1nc2cc(N3CCCC3C(F)(F)F)ccc2[nH]1
scent_clpp,hub_batching,73,73,104,1,-8.699999809265137,NC(Cc1c[nH]c2ccccc12)c1nc2cc(Br)ccc2[nH]1,NC(Cc1c[nH]c2ccccc12)c1nc2cc(N(CC3Cc4ccccc4CN3)C(Cc3c[nH]c4ccccc34)C(=O)O)ccc2[nH]1
scent_clpp,hub_batching,74,74,105,1,-8.300000190734863,NC(Cc1c[nH]c2ccccc12)c1nc2cc(Br)ccc2[nH]1,CC(Nc1cccc(CNC(Cc2c[nH]c3ccccc23)c2nc3cc(Br)ccc3[nH]2)c1)c1ccccc1
scent_clpp,hub_batching,75,75,107,2,-13.0,Cc1cc(-c2cncc(C=O)c2)ccc1F,Cc1cc(-c2cncc(C3NC(c4nc5cc(C(F)(F)F)ccc5[nH]4)Cc4c3[nH]c3ccccc43)c2)ccc1F
scent_clpp,hub_batching,76,76,108,1,-11.399999618530273,Cc1cc(-c2cncc(C=O)c2)ccc1F,Cc1cc(-c2cncc(C3c4[nH]c5ccccc5c4CCN3Cc3nc4ccccc4[nH]3)c2)ccc1F
scent_clpp,hub_batching,77,77,109,1,-11.0,Cc1cc(-c2cncc(C=O)c2)ccc1F,Cc1cc(-c2cncc(CNC(Cc3c[nH]c4ccccc34)c3nc4ccc(C(F)(F)F)cc4[nH]3)c2)ccc1F
scent_clpp,hub_batching,78,78,110,1,-10.800000190734863,Cc1cc(-c2cncc(C=O)c2)ccc1F,Cc1cc(-c2cncc(CN(CCc3c[nH]c4ccccc34)Cc3nc4ccccc4[nH]3)c2)ccc1F
scent_clpp,hub_batching,79,79,111,1,-10.600000381469727,Cc1cc(-c2cncc(C=O)c2)ccc1F,Cc1cc(-c2cncc(CN(CC3Cc4ccccc4CN3)C(Cc3c[nH]c4ccccc34)C(=O)O)c2)ccc1F
scent_clpp,hub_batching,80,80,112,1,-10.600000381469727,Cc1cc(-c2cncc(C=O)c2)ccc1F,Cc1cc(-c2cncc(C3c4[nH]c5ccccc5c4CC(C(=O)O)N3CC3Cc4ccccc4CN3)c2)ccc1F
scent_clpp,hub_batching,81,81,113,1,-10.5,Cc1cc(-c2cncc(C=O)c2)ccc1F,Cc1cc(-c2cncc(CN3Cc4ccccc4CC3C(=O)O)c2)ccc1F
scent_clpp,hub_batching,82,82,114,1,-10.100000381469727,Cc1cc(-c2cncc(C=O)c2)ccc1F,Cc1cc(-c2cncc(CNC(C)c3ccccc3)c2)ccc1F
scent_clpp,hub_batching,83,83,115,1,-10.100000381469727,Cc1cc(-c2cncc(C=O)c2)ccc1F,Cc1cc(-c2cncc(CN3C(C(=O)O)Cc4c([nH]c5ccccc45)C3c3c[nH]c4ccc(Br)cc34)c2)ccc1F
scent_clpp,hub_batching,84,84,116,1,-10.0,Cc1cc(-c2cncc(C=O)c2)ccc1F,Cc1cc(-c2cncc(CNc3cc(C(F)(F)F)ccc3N)c2)ccc1F
scent_clpp,hub_batching,85,85,117,1,-9.800000190734863,Cc1cc(-c2cncc(C=O)c2)ccc1F,Cc1cc(-c2cncc(-c3nc4cc(F)c(F)cc4o3)c2)ccc1F
scent_clpp,hub_batching,86,86,118,1,-9.699999809265137,Cc1cc(-c2cncc(C=O)c2)ccc1F,Cc1cc(-c2cncc(C3NCCc4c3[nH]c3ccc(O)cc43)c2)ccc1F
scent_clpp,hub_batching,87,87,119,1,-9.699999809265137,Cc1cc(-c2cncc(C=O)c2)ccc1F,Cc1cc(-c2cncc(C3NC(C(=O)O)Cc4ccccc43)c2)ccc1F
scent_clpp,hub_batching,88,88,120,1,-9.699999809265137,Cc1cc(-c2cncc(C=O)c2)ccc1F,Cc1cc(-c2cncc(-c3nc4ccc(C(F)(F)F)cc4[nH]3)c2)ccc1F
scent_clpp,hub_batching,89,89,121,1,-9.600000381469727,Cc1cc(-c2cncc(C=O)c2)ccc1F,Cc1cc(-c2cncc(CNc3ccc(-c4cccc(C(=O)O)c4)cc3)c2)ccc1F
scent_clpp,hub_batching,90,90,122,1,-9.5,Cc1cc(-c2cncc(C=O)c2)ccc1F,Cc1cc(-c2cncc(C3Nc4ccccc4-n4cccc43)c2)ccc1F
scent_clpp,hub_batching,91,91,123,1,-9.399999618530273,Cc1cc(-c2cncc(C=O)c2)ccc1F,Cc1cc(-c2cncc(-c3nc4ccccc4s3)c2)ccc1F
scent_clpp,hub_batching,92,92,124,1,-9.300000190734863,Cc1cc(-c2cncc(C=O)c2)ccc1F,Cc1cc(-c2cncc(CN(c3ccc4c(C=O)c[nH]c4c3)C(C)c3ccccc3)c2)ccc1F
scent_clpp,hub_batching,93,93,125,1,-9.300000190734863,Cc1cc(-c2cncc(C=O)c2)ccc1F,Cc1cc(-c2cncc(-c3nc4c(Br)cccc4[nH]3)c2)ccc1F
scent_clpp,hub_batching,94,94,126,1,-9.199999809265137,Cc1cc(-c2cncc(C=O)c2)ccc1F,Cc1cc(-c2cncc(CNc3ncc(Br)cc3C)c2)ccc1F
scent_clpp,hub_batching,95,95,127,1,-9.100000381469727,Cc1cc(-c2cncc(C=O)c2)ccc1F,Cc1cc(-c2cncc(CNCCc3ccc(O)cc3)c2)ccc1F
scent_clpp,hub_batching,96,96,128,1,-9.100000381469727,Cc1cc(-c2cncc(C=O)c2)ccc1F,Cc1cc(-c2cncc(CN(c3ccc4[nH]cc(C=O)c4c3)c3cc(Br)n[nH]3)c2)ccc1F
scent_clpp,hub_batching,97,97,129,1,-9.0,Cc1cc(-c2cncc(C=O)c2)ccc1F,Cc1cc(-c2cncc(CN3CCCC3C(F)(F)F)c2)ccc1F
scent_clpp,hub_batching,98,98,130,1,-8.899999618530273,Cc1cc(-c2cncc(C=O)c2)ccc1F,Cc1cc(-c2cncc(C3NCCc4ccc(S(N)(=O)=O)cc43)c2)ccc1F
scent_clpp,hub_batching,99,99,131,1,-8.600000381469727,Cc1cc(-c2cncc(C=O)c2)ccc1F,Cc1cc(-c2cncc(CNc3cccc4cc[nH]c34)c2)ccc1F
scent_clpp,hub_batching,100,100,132,1,-8.5,Cc1cc(-c2cncc(C=O)c2)ccc1F,Cc1cc(-c2cncc(CNC3CCCCC3O)c2)ccc1F
scent_clpp,hub_batching,101,101,136,4,-12.699999809265137,CC(Nc1ccc2[nH]cc(C3c4[nH]c5ccccc5c4CC(C(=O)O)N3C3CCC3)c2c1)c1ccccc1,CC(Nc1ccc2[nH]cc(C3c4[nH]c5ccccc5c4CC(C(=O)Nc4ccc(Br)cc4)N3C3CCC3)c2c1)c1ccccc1
scent_clpp,hub_batching,102,102,137,1,-11.199999809265137,CC(Nc1ccc2[nH]cc(C3c4[nH]c5ccccc5c4CC(C(=O)O)N3C3CCC3)c2c1)c1ccccc1,CC(Nc1ccc2c(c1)c(C1c3[nH]c4ccccc4c3CC(C(=O)O)N1C1CCC1)cn2Cc1csc(Cl)n1)c1ccccc1
scent_clpp,hub_batching,103,103,138,1,-9.800000190734863,CC(Nc1ccc2[nH]cc(C3c4[nH]c5ccccc5c4CC(C(=O)O)N3C3CCC3)c2c1)c1ccccc1,CC(c1ccccc1)N(C(=O)NCCc1c[nH]c2ccccc12)c1ccc2[nH]cc(C3c4[nH]c5ccccc5c4CC(C(=O)O)N3C3CCC3)c2c1
scent_clpp,hub_batching,104,104,139,1,-9.5,CC(Nc1ccc2[nH]cc(C3c4[nH]c5ccccc5c4CC(C(=O)O)N3C3CCC3)c2c1)c1ccccc1,CC(Nc1ccc2[nH]cc(C3c4c(c5ccccc5n4CC4CCC(F)(F)CC4)CC(C(=O)O)N3C3CCC3)c2c1)c1ccccc1
scent_clpp,hub_batching,105,105,142,3,-11.699999809265137,FC(F)(F)c1ccc2nc(C(Cc3c[nH]c4ccccc34)Nc3ccc4ccccc4n3)[nH]c2c1,O=C(C1Cc2ccccc2CN1)N(c1ccc2ccccc2n1)C(Cc1c[nH]c2ccccc12)c1nc2ccc(C(F)(F)F)cc2[nH]1
scent_clpp,hub_batching,106,106,143,1,-11.5,FC(F)(F)c1ccc2nc(C(Cc3c[nH]c4ccccc34)Nc3ccc4ccccc4n3)[nH]c2c1,FC(F)(F)c1ccc2nc(C3Cc4c([nH]c5ccccc45)C(c4c[nH]c5ccc(Br)cc45)N3c3ccc4ccccc4n3)[nH]c2c1
scent_clpp,hub_batching,107,107,144,1,-11.100000381469727,FC(F)(F)c1ccc2nc(C(Cc3c[nH]c4ccccc34)Nc3ccc4ccccc4n3)[nH]c2c1,CC(Nc1cccc(CN(c2ccc3ccccc3n2)C(Cc2c[nH]c3ccccc23)c2nc3ccc(C(F)(F)F)cc3[nH]2)n1)c1ccccc1
scent_clpp,hub_batching,108,108,145,1,-10.899999618530273,FC(F)(F)c1ccc2nc(C(Cc3c[nH]c4ccccc34)Nc3ccc4ccccc4n3)[nH]c2c1,FC1(F)CCC(Cn2cc(CC(Nc3ccc4ccccc4n3)c3nc4ccc(C(F)(F)F)cc4[nH]3)c3ccccc32)CC1
scent_clpp,hub_batching,109,109,146,1,-10.300000190734863,FC(F)(F)c1ccc2nc(C(Cc3c[nH]c4ccccc34)Nc3ccc4ccccc4n3)[nH]c2c1,CC(C)(C)c1ccc(C(=O)Cn2c(C(Cc3c[nH]c4ccccc34)Nc3ccc4ccccc4n3)nc3ccc(C(F)(F)F)cc32)cc1
scent_clpp,hub_batching,110,110,147,1,-10.0,FC(F)(F)c1ccc2nc(C(Cc3c[nH]c4ccccc34)Nc3ccc4ccccc4n3)[nH]c2c1,O=[N+]([O-])c1ccc(N(c2ccc3ccccc3n2)C(Cc2c[nH]c3ccccc23)c2nc3ccc(C(F)(F)F)cc3[nH]2)c2cccnc12
scent_clpp,hub_batching,111,111,148,1,-9.699999809265137,FC(F)(F)c1ccc2nc(C(Cc3c[nH]c4ccccc34)Nc3ccc4ccccc4n3)[nH]c2c1,FC(F)(F)c1ccc2nc(C(Cc3c[nH]c4ccccc34)N(CC3Cc4c([nH]c5ccccc45)C(c4ccnc(Br)c4)N3)c3ccc4ccccc4n3)[nH]c2c1
scent_clpp,hub_batching,112,112,150,2,-11.899999618530273,Cc1cc(-c2csc(C=O)n2)ccc1F,Cc1cc(-c2csc(C3c4[nH]c5ccccc5c4CCN3C(=O)C3Cc4ccccc4CN3)n2)ccc1F
scent_clpp,hub_batching,113,113,151,1,-11.699999809265137,Cc1cc(-c2csc(C=O)n2)ccc1F,Cc1cc(-c2csc(C3NC(c4nc5ccc(Br)cc5[nH]4)Cc4c3[nH]c3ccccc43)n2)ccc1F
scent_clpp,hub_batching,114,114,152,1,-10.100000381469727,Cc1cc(-c2csc(C=O)n2)ccc1F,Cc1cc(-c2csc(CN(c3ccc4c(C=O)c[nH]c4c3)c3cc(F)c(F)cc3O)n2)ccc1F
scent_clpp,hub_batching,115,115,153,1,-9.899999618530273,Cc1cc(-c2csc(C=O)n2)ccc1F,Cc1cc(-c2csc(CNC(Cc3c[nH]c4ccccc34)c3nc4cc(Cl)ccc4[nH]3)n2)ccc1F
scent_clpp,hub_batching,116,116,154,1,-9.699999809265137,Cc1cc(-c2csc(C=O)n2)ccc1F,Cc1cc(-c2csc(CNCc3ccc(C(F)(F)F)cc3)n2)ccc1F
scent_clpp,hub_batching,117,117,155,1,-9.5,Cc1cc(-c2csc(C=O)n2)ccc1F,Cc1cc(-c2csc(C3NCCc4ccccc43)n2)ccc1F
scent_clpp,hub_batching,118,118,156,1,-9.399999618530273,Cc1cc(-c2csc(C=O)n2)ccc1F,Cc1cc(-c2csc(CNc3cc(-c4cccc(C(=O)O)c4)ccc3O)n2)ccc1F
scent_clpp,hub_batching,119,119,157,1,-9.399999618530273,Cc1cc(-c2csc(C=O)n2)ccc1F,Cc1cc(-c2csc(CN(c3ccc4[nH]cc(C=O)c4c3)C(C)c3ccccc3)n2)ccc1F
scent_clpp,hub_batching,120,120,158,1,-9.199999809265137,Cc1cc(-c2csc(C=O)n2)ccc1F,Cc1cc(-c2csc(CNC(Cc3ccc(O)cc3)C(=O)O)n2)ccc1F
scent_clpp,hub_batching,121,121,159,1,-9.100000381469727,Cc1cc(-c2csc(C=O)n2)ccc1F,Cc1cc(-c2csc(-c3nc4cc(F)c(F)cc4o3)n2)ccc1F
scent_clpp,hub_batching,122,122,160,1,-8.899999618530273,Cc1cc(-c2csc(C=O)n2)ccc1F,Cc1cc(-c2csc(CNc3ccc(Br)cc3N)n2)ccc1F
scent_clpp,hub_batching,123,123,161,1,-8.899999618530273,Cc1cc(-c2csc(C=O)n2)ccc1F,Cc1cc(-c2csc(-c3nc4ccccc4s3)n2)ccc1F
scent_clpp,hub_batching,124,124,162,1,-8.699999809265137,Cc1cc(-c2csc(C=O)n2)ccc1F,Cc1cc(-c2csc(C3NC(C(=O)O)Cc4ccc(O)cc43)n2)ccc1F
scent_clpp,hub_batching,125,125,163,1,-8.5,Cc1cc(-c2csc(C=O)n2)ccc1F,Cc1cc(-c2csc(CNCCc3c[nH]c4ccc(O)cc34)n2)ccc1F
scent_clpp,hub_batching,126,126,164,1,-8.5,Cc1cc(-c2csc(C=O)n2)ccc1F,Cc1cc(-c2csc(CNc3nc(F)nc4[nH]cnc34)n2)ccc1F
scent_clpp,hub_batching,127,127,165,1,-8.5,Cc1cc(-c2csc(C=O)n2)ccc1F,Cc1cc(-c2csc(CN3C(C(=O)O)Cc4c([nH]c5ccccc45)C3c3ccnc(Br)c3)n2)ccc1F
scent_clpp,hub_batching,128,128,166,1,-8.5,Cc1cc(-c2csc(C=O)n2)ccc1F,Cc1cc(-c2csc(-c3nc4cc(Br)ccc4[nH]3)n2)ccc1F
scent_clpp,hub_batching,129,129,167,1,-8.399999618530273,Cc1cc(-c2csc(C=O)n2)ccc1F,Cc1cc(-c2csc(CN3CCC(C(=O)O)CC3)n2)ccc1F
scent_clpp,hub_batching,130,130,168,1,-8.300000190734863,Cc1cc(-c2csc(C=O)n2)ccc1F,Cc1cc(-c2csc(CNC3CCCCC3O)n2)ccc1F
scent_clpp,hub_batching,131,131,169,1,-8.199999809265137,Cc1cc(-c2csc(C=O)n2)ccc1F,Cc1cc(-c2csc(CN3Cc4ccccc4CC3CNC(Cc3c[nH]c4ccccc34)C(=O)O)n2)ccc1F
scent_clpp,hub_batching,132,132,172,3,-14.100000381469727,Fc1ccc(-c2cccc(C3NC(c4nc5cc(C(F)(F)F)ccc5[nH]4)Cc4c3[nH]c3ccccc43)c2)cc1,Fc1ccc(-c2cccc(C3c4[nH]c5ccccc5c4CC(c4nc5cc(C(F)(F)F)ccc5[nH]4)N3C3CCOCC3)c2)cc1
scent_clpp,hub_batching,133,133,173,1,-12.699999809265137,Fc1ccc(-c2cccc(C3NC(c4nc5cc(C(F)(F)F)ccc5[nH]4)Cc4c3[nH]c3ccccc43)c2)cc1,O=C1Cc2ccc(C(=O)Cn3c4c(c5ccccc53)CC(c3nc5cc(C(F)(F)F)ccc5[nH]3)NC4c3cccc(-c4ccc(F)cc4)c3)cc2N1
scent_clpp,hub_batching,134,134,174,1,-12.100000381469727,Fc1ccc(-c2cccc(C3NC(c4nc5cc(C(F)(F)F)ccc5[nH]4)Cc4c3[nH]c3ccccc43)c2)cc1,Fc1ccc(-c2cccc(C3NC(c4nc5cc(C(F)(F)F)ccc5n4Cc4ccccn4)Cc4c3[nH]c3ccccc43)c2)cc1
scent_clpp,hub_batching,135,135,178,4,-13.899999618530273,CC(Nc1ccc2[nH]cc(C3NC(c4nc5ccc(C(F)(F)F)cc5[nH]4)Cc4c3[nH]c3ccccc43)c2c1)c1ccccc1,CC(Nc1ccc2[nH]cc(C3c4[nH]c5ccccc5c4CC(c4nc5ccc(C(F)(F)F)cc5[nH]4)N3C3CCCNC3)c2c1)c1ccccc1
scent_clpp,hub_batching,136,136,179,1,-12.199999809265137,CC(Nc1ccc2[nH]cc(C3NC(c4nc5ccc(C(F)(F)F)cc5[nH]4)Cc4c3[nH]c3ccccc43)c2c1)c1ccccc1,C=CCn1c2c(c3ccccc31)CC(c1nc3ccc(C(F)(F)F)cc3[nH]1)NC2c1c[nH]c2ccc(NC(C)c3ccccc3)cc12
scent_clpp,hub_batching,137,137,180,1,-12.199999809265137,CC(Nc1ccc2[nH]cc(C3NC(c4nc5ccc(C(F)(F)F)cc5[nH]4)Cc4c3[nH]c3ccccc43)c2c1)c1ccccc1,CC(Nc1ccc2c(c1)c(C1NC(c3nc4ccc(C(F)(F)F)cc4[nH]3)Cc3c1[nH]c1ccccc31)cn2Cc1ccc(C#N)cc1F)c1ccccc1
scent_clpp,hub_batching,138,138,181,1,-10.600000381469727,CC(Nc1ccc2[nH]cc(C3NC(c4nc5ccc(C(F)(F)F)cc5[nH]4)Cc4c3[nH]c3ccccc43)c2c1)c1ccccc1,Cc1c[nH]c(N(c2ccc3[nH]cc(C4NC(c5nc6ccc(C(F)(F)F)cc6[nH]5)Cc5c4[nH]c4ccccc54)c3c2)C(C)c2ccccc2)n1
scent_clpp,hub_batching,139,139,182,1,-9.899999618530273,CC(Nc1ccc2[nH]cc(C3NC(c4nc5ccc(C(F)(F)F)cc5[nH]4)Cc4c3[nH]c3ccccc43)c2c1)c1ccccc1,CC(Nc1ccc2[nH]cc(C3NC(c4nc5ccc(C(F)(F)F)cc5n4CC4CCCCC4)Cc4c3[nH]c3ccccc43)c2c1)c1ccccc1
scent_clpp,hub_batching,140,140,185,3,-13.199999809265137,O=C(O)C1Cc2c([nH]c3ccccc23)C(c2cccc(-c3ccnc(F)c3)c2)=N1,Fc1cc(-c2cccc(C3=NC(c4nc5cc(C(F)(F)F)ccc5[nH]4)Cc4c3[nH]c3ccccc43)c2)ccn1
scent_clpp,hub_batching,141,141,186,1,-12.600000381469727,O=C(O)C1Cc2c([nH]c3ccccc23)C(c2cccc(-c3ccnc(F)c3)c2)=N1,O=C(Nc1cc(F)ccc1O)C1Cc2c([nH]c3ccccc23)C(c2cccc(-c3ccnc(F)c3)c2)=N1
scent_clpp,hub_batching,142,142,187,1,-11.100000381469727,O=C(O)C1Cc2c([nH]c3ccccc23)C(c2cccc(-c3ccnc(F)c3)c2)=N1,COc1ccc(O)c(Nc2cc(-c3cccc(C4=NC(C(=O)O)Cc5c4[nH]c4ccccc54)c3)ccn2)c1
scent_clpp,hub_batching,143,143,188,1,-11.100000381469727,O=C(O)C1Cc2c([nH]c3ccccc23)C(c2cccc(-c3ccnc(F)c3)c2)=N1,Fc1cc(-c2cccc(C3=NC(CNc4n[nH]cc4Br)Cc4c3[nH]c3ccccc43)c2)ccn1
scent_clpp,hub_batching,144,144,189,1,-10.899999618530273,O=C(O)C1Cc2c([nH]c3ccccc23)C(c2cccc(-c3ccnc(F)c3)c2)=N1,O=C(O)C1Cc2ccc(O)cc2C(C2Cc3c([nH]c4ccccc34)C(c3cccc(-c4ccnc(F)c4)c3)=N2)=N1
scent_clpp,hub_batching,145,145,190,1,-10.800000190734863,O=C(O)C1Cc2c([nH]c3ccccc23)C(c2cccc(-c3ccnc(F)c3)c2)=N1,O=C(O)C1Cc2c([nH]c3ccccc23)C(c2nc(Br)cs2)N1C(=O)C1Cc2c([nH]c3ccccc23)C(c2cccc(-c3ccnc(F)c3)c2)=N1
scent_clpp,hub_batching,146,146,191,1,-10.800000190734863,O=C(O)C1Cc2c([nH]c3ccccc23)C(c2cccc(-c3ccnc(F)c3)c2)=N1,O=C(C1Cc2c([nH]c3ccccc23)C(c2cccc(-c3ccnc(F)c3)c2)=N1)N(CCc1c[nH]c2ccccc12)Cc1nc2ccccc2[nH]1
scent_clpp,hub_batching,147,147,192,1,-10.199999809265137,O=C(O)C1Cc2c([nH]c3ccccc23)C(c2cccc(-c3ccnc(F)c3)c2)=N1,O=C(NC(Cc1c[nH]c2ccccc12)c1nc2ccc(Br)cc2o1)C1Cc2c([nH]c3ccccc23)C(c2cccc(-c3ccnc(F)c3)c2)=N1
scent_clpp,hub_batching,148,148,193,1,-10.100000381469727,O=C(O)C1Cc2c([nH]c3ccccc23)C(c2cccc(-c3ccnc(F)c3)c2)=N1,CC(c1ccccc1)N(C(=O)C1Cc2c([nH]c3ccccc23)C(c2cccc(-c3ccnc(F)c3)c2)=N1)c1ccc2c(C=O)c[nH]c2c1
scent_clpp,hub_batching,149,149,194,1,-9.600000381469727,O=C(O)C1Cc2c([nH]c3ccccc23)C(c2cccc(-c3ccnc(F)c3)c2)=N1,O=C1Cc2ccc(C(=O)COC(=O)C3Cc4c([nH]c5ccccc45)C(c4cccc(-c5ccnc(F)c5)c4)=N3)cc2N1
scent_clpp,hub_batching,150,150,195,1,-9.5,O=C(O)C1Cc2c([nH]c3ccccc23)C(c2cccc(-c3ccnc(F)c3)c2)=N1,O=C(O)C1Cc2c(n(Cc3cc(=O)[nH]c4ccccc34)c3ccccc23)C(c2cccc(-c3ccnc(F)c3)c2)=N1
scent_clpp,hub_batching,151,151,196,1,-9.399999618530273,O=C(O)C1Cc2c([nH]c3ccccc23)C(c2cccc(-c3ccnc(F)c3)c2)=N1,O=C(NCCc1c[nH]c2ccccc12)C1Cc2ccccc2CN1CC1Cc2c([nH]c3ccccc23)C(c2cccc(-c3ccnc(F)c3)c2)=N1
scent_clpp,hub_batching,152,152,197,1,-10.699999809265137,O=Cc1c[nH]c2ccccc12,Brc1ccc2[nH]c(C3Cc4c([nH]c5ccccc45)C(c4c[nH]c5ccccc45)N3)nc2c1
scent_clpp,hub_batching,153,153,198,1,-9.0,O=Cc1c[nH]c2ccccc12,Brc1ccc2nc(C(Cc3c[nH]c4ccccc34)NCc3c[nH]c4ccccc34)[nH]c2c1
scent_clpp,hub_batching,154,154,199,1,-9.0,O=Cc1c[nH]c2ccccc12,O=C(O)c1cccc(-c2ccc(NCc3c[nH]c4ccccc34)cc2)c1
scent_clpp,hub_batching,155,155,200,1,-8.800000190734863,O=Cc1c[nH]c2ccccc12,O=C(O)c1cccc(-c2ccc3oc(-c4c[nH]c5ccccc45)nc3c2)c1
scent_clpp,hub_batching,156,156,201,1,-8.699999809265137,O=Cc1c[nH]c2ccccc12,Nc1ccc(C(F)(F)F)cc1NCc1c[nH]c2ccccc12
scent_clpp,hub_batching,157,157,202,1,-8.600000381469727,O=Cc1c[nH]c2ccccc12,CC(NCc1c[nH]c2ccccc12)c1ccccc1
scent_clpp,hub_batching,158,158,203,1,-8.399999618530273,O=Cc1c[nH]c2ccccc12,O=C(O)C(Cc1ccc(O)cc1)NCc1c[nH]c2ccccc12
scent_clpp,hub_batching,159,159,204,1,-8.399999618530273,O=Cc1c[nH]c2ccccc12,c1ccc2c(C3NCCc4c3[nH]c3ccccc43)c[nH]c2c1
scent_clpp,hub_batching,160,160,205,1,-8.399999618530273,O=Cc1c[nH]c2ccccc12,FC(F)(F)c1ccc2nc(-c3c[nH]c4ccccc34)[nH]c2c1
scent_clpp,hub_batching,161,161,206,1,-8.300000190734863,O=Cc1c[nH]c2ccccc12,Oc1ccc2[nH]cc(CCNCc3c[nH]c4ccccc34)c2c1
scent_clpp,hub_batching,162,162,207,1,-8.300000190734863,O=Cc1c[nH]c2ccccc12,O=C(O)C1Cc2ccccc2CN1Cc1c[nH]c2ccccc12
scent_clpp,hub_batching,163,163,208,1,-8.199999809265137,O=Cc1c[nH]c2ccccc12,FC(F)(F)c1ccc(CNCc2c[nH]c3ccccc23)cc1
scent_clpp,hub_batching,164,164,209,1,-8.0,O=Cc1c[nH]c2ccccc12,c1cc(NCc2c[nH]c3ccccc23)c2[nH]ccc2c1
scent_clpp,hub_batching,165,165,210,1,-8.0,O=Cc1c[nH]c2ccccc12,c1ccc2c(c1)NC(c1c[nH]c3ccccc13)c1cccn1-2
scent_clpp,hub_batching,166,166,211,1,-8.0,O=Cc1c[nH]c2ccccc12,Brc1ccc2[nH]c(-c3c[nH]c4ccccc34)nc2c1
scent_clpp,hub_batching,167,167,212,1,-8.0,O=Cc1c[nH]c2ccccc12,CC(C)(C)c1ccc(C(=O)Cn2cc(C=O)c3ccccc32)cc1
scent_clpp,hub_batching,168,168,216,4,-14.199999809265137,Fc1cccc(-c2cccc(C3NC(c4nc5cc(Br)ccc5o4)Cc4c3[nH]c3ccccc43)c2)c1F,Fc1cccc(-c2cccc(C3c4[nH]c5ccccc5c4CC(c4nc5cc(Br)ccc5o4)N3C3CCNC3)c2)c1F
scent_clpp,hub_batching,169,169,217,1,-11.600000381469727,Fc1cccc(-c2cccc(C3NC(c4nc5cc(Br)ccc5o4)Cc4c3[nH]c3ccccc43)c2)c1F,Fc1cccc(-c2cccc(C3NC(c4nc5cc(Br)ccc5o4)Cc4c3n(CC3CCCCC3)c3ccccc43)c2)c1F
scent_clpp,hub_batching,170,170,218,1,-10.5,Fc1cccc(-c2cccc(C3NC(c4nc5cc(Br)ccc5o4)Cc4c3[nH]c3ccccc43)c2)c1F,O=C(O)C1CCCN1c1ccc2oc(C3Cc4c([nH]c5ccccc45)C(c4cccc(-c5cccc(F)c5F)c4)N3)nc2c1
scent_clpp,hub_batching,171,171,220,2,-11.199999809265137,OB(O)c1cccc(C2=NC(c3nc4ccc(C(F)(F)F)cc4[nH]3)Cc3c2[nH]c2ccccc32)c1,FC(F)(F)c1ccc2nc(C3Cc4c([nH]c5ccccc45)C(c4cccc(-c5cnc6cccnn56)c4)=N3)[nH]c2c1
scent_clpp,hub_batching,172,172,224,4,-12.800000190734863,NC(Cc1c[nH]c2ccccc12)C1=NC(C2=NC(c3nc4cc(F)ccc4o3)Cc3c2[nH]c2ccccc32)Cc2c1[nH]c1ccccc21,O=C1CCN(C(=O)NC(Cc2c[nH]c3ccccc23)C2=NC(C3=NC(c4nc5cc(F)ccc5o4)Cc4c3[nH]c3ccccc43)Cc3c2[nH]c2ccccc32)CC1
scent_clpp,hub_batching,173,173,225,1,-12.600000381469727,NC(Cc1c[nH]c2ccccc12)C1=NC(C2=NC(c3nc4cc(F)ccc4o3)Cc3c2[nH]c2ccccc32)Cc2c1[nH]c1ccccc21,Fc1ccc2oc(C3Cc4c([nH]c5ccccc45)C(C4Cc5c([nH]c6ccccc56)C(C5Cc6c([nH]c7ccccc67)C(c6cscn6)=N5)=N4)=N3)nc2c1
scent_clpp,hub_batching,174,174,226,1,-9.800000190734863,NC(Cc1c[nH]c2ccccc12)C1=NC(C2=NC(c3nc4cc(F)ccc4o3)Cc3c2[nH]c2ccccc32)Cc2c1[nH]c1ccccc21,NC(Cc1cn(Cc2ccc([N+](=O)[O-])c(F)c2)c2ccccc12)C1=NC(C2=NC(c3nc4cc(F)ccc4o3)Cc3c2[nH]c2ccccc32)Cc2c1[nH]c1ccccc21
scent_clpp,hub_batching,175,175,227,1,-9.100000381469727,NC(Cc1c[nH]c2ccccc12)C1=NC(C2=NC(c3nc4cc(F)ccc4o3)Cc3c2[nH]c2ccccc32)Cc2c1[nH]c1ccccc21,N#Cc1ccc2[nH]cc(C3NC(C4=NC(C5=NC(c6nc7cc(F)ccc7o6)Cc6c5[nH]c5ccccc65)Cc5c4[nH]c4ccccc54)Cc4c3[nH]c3ccccc43)c2c1
scent_clpp,hub_batching,176,176,228,1,-8.5,NC(Cc1c[nH]c2ccccc12)C1=NC(C2=NC(c3nc4cc(F)ccc4o3)Cc3c2[nH]c2ccccc32)Cc2c1[nH]c1ccccc21,NC(Cc1c[nH]c2ccccc12)C1=NC(C2=NC(c3nc4cc(F)ccc4o3)Cc3c2n(CC(=O)c2ccc4c(c2)NC(=O)C4)c2ccccc32)Cc2c1[nH]c1ccccc21
scent_clpp,hub_batching,177,177,231,3,-12.699999809265137,Nc1ccc(-c2ccc(N3CCC(=O)C3)c(C(=O)O)c2)cc1,Nc1ccc(-c2ccc(N3CCC(=O)C3)c(C3=NC(c4nc5cc(Br)ccc5[nH]4)Cc4c3[nH]c3ccccc43)c2)cc1
scent_clpp,hub_batching,178,178,232,1,-10.899999618530273,Nc1ccc(-c2ccc(N3CCC(=O)C3)c(C(=O)O)c2)cc1,Nc1ccc(-c2ccc(N3CCC(=O)C3)c(C(=O)NC(Cc3c[nH]c4ccccc34)c3nc4ccc(Br)cc4[nH]3)c2)cc1
scent_clpp,hub_batching,179,179,233,1,-10.600000381469727,Nc1ccc(-c2ccc(N3CCC(=O)C3)c(C(=O)O)c2)cc1,Nc1ccc(-c2ccc(N3CCC(=O)C3)c(C(=O)Nc3cc(-c4cccc(C(=O)O)c4)ccc3O)c2)cc1
scent_clpp,hub_batching,180,180,234,1,-10.300000190734863,Nc1ccc(-c2ccc(N3CCC(=O)C3)c(C(=O)O)c2)cc1,Nc1ccc(-c2ccc(N3CCC(=O)C3)c(CN(CCc3c[nH]c4ccccc34)Cc3nc4ccccc4[nH]3)c2)cc1
scent_clpp,hub_batching,181,181,235,1,-10.199999809265137,Nc1ccc(-c2ccc(N3CCC(=O)C3)c(C(=O)O)c2)cc1,Nc1ccc(-c2ccc(N3CCC(=O)C3)c(CNCc3ccc(C(F)(F)F)cc3)c2)cc1
scent_clpp,hub_batching,182,182,236,1,-10.100000381469727,Nc1ccc(-c2ccc(N3CCC(=O)C3)c(C(=O)O)c2)cc1,Nc1ccc(-c2ccc(N3CCC(=O)C3)c(C(=O)N3Cc4ccccc4CC3C(=O)NCCc3c[nH]c4ccccc34)c2)cc1
scent_clpp,hub_batching,183,183,237,1,-9.899999618530273,Nc1ccc(-c2ccc(N3CCC(=O)C3)c(C(=O)O)c2)cc1,Nc1ccc(-c2ccc(N3CCC(=O)C3)c(C(=O)N(c3ccc4c(C=O)c[nH]c4c3)c3cc(F)c(F)cc3O)c2)cc1
scent_clpp,hub_batching,184,184,238,1,-9.800000190734863,Nc1ccc(-c2ccc(N3CCC(=O)C3)c(C(=O)O)c2)cc1,Nc1ccc(-c2ccc(N3CCC(=O)C3)c(C(=O)NCCc3c[nH]c4ccc(O)cc34)c2)cc1
scent_clpp,hub_batching,185,185,239,1,-9.699999809265137,Nc1ccc(-c2ccc(N3CCC(=O)C3)c(C(=O)O)c2)cc1,Nc1ccc(-c2ccc(N3CCC(=O)C3)c(C3=NCCc4ccccc43)c2)cc1
scent_clpp,hub_batching,186,186,240,1,-9.600000381469727,Nc1ccc(-c2ccc(N3CCC(=O)C3)c(C(=O)O)c2)cc1,Nc1ccc(-c2ccc(N3CCC(=O)C3)c(-c3nc4ccc(C(F)(F)F)cc4[nH]3)c2)cc1
scent_clpp,hub_batching,187,187,241,1,-9.5,Nc1ccc(-c2ccc(N3CCC(=O)C3)c(C(=O)O)c2)cc1,COc1ccc(CNC(=O)c2cc(-c3ccc(N)cc3)ccc2N2CCC(=O)C2)cc1
scent_clpp,hub_batching,188,188,242,1,-9.5,Nc1ccc(-c2ccc(N3CCC(=O)C3)c(C(=O)O)c2)cc1,N#Cc1ccc(COC(=O)c2cc(-c3ccc(N)cc3)ccc2N2CCC(=O)C2)c(F)c1
scent_clpp,hub_batching,189,189,243,1,-9.399999618530273,Nc1ccc(-c2ccc(N3CCC(=O)C3)c(C(=O)O)c2)cc1,CC(c1ccccc1)N(C(=O)c1cc(-c2ccc(N)cc2)ccc1N1CCC(=O)C1)c1ccc2[nH]cc(C=O)c2c1
scent_clpp,hub_batching,190,190,244,1,-9.399999618530273,Nc1ccc(-c2ccc(N3CCC(=O)C3)c(C(=O)O)c2)cc1,Nc1ccc(-c2ccc(N3CCC(=O)C3)c(CNc3ccnc4ccccc34)c2)cc1
scent_clpp,hub_batching,191,191,245,1,-9.300000190734863,Nc1ccc(-c2ccc(N3CCC(=O)C3)c(C(=O)O)c2)cc1,Nc1ccc(-c2ccc(N3CCC(=O)C3)c(CN3Cc4ccccc4CC3C(=O)O)c2)cc1
scent_clpp,hub_batching,192,192,246,1,-9.199999809265137,Nc1ccc(-c2ccc(N3CCC(=O)C3)c(C(=O)O)c2)cc1,Nc1ccc(-c2ccc(N3CCC(=O)C3)c(CNC(Cc3c[nH]c4ccccc34)C(=O)O)c2)cc1
scent_clpp,hub_batching,193,193,247,1,-9.199999809265137,Nc1ccc(-c2ccc(N3CCC(=O)C3)c(C(=O)O)c2)cc1,Nc1ccc(-c2ccc(N3CCC(=O)C3)c(CNc3ccc(-c4cccc(C(=O)O)c4)cc3)c2)cc1
scent_clpp,hub_batching,194,194,248,1,-9.199999809265137,Nc1ccc(-c2ccc(N3CCC(=O)C3)c(C(=O)O)c2)cc1,Nc1ccc(-c2ccc(N3CCC(=O)C3)c(CN3C(C(=O)O)Cc4c([nH]c5ccccc45)C3c3ccnc(Br)c3)c2)cc1
scent_clpp,hub_batching,195,195,249,1,-9.100000381469727,Nc1ccc(-c2ccc(N3CCC(=O)C3)c(C(=O)O)c2)cc1,O=C1CCN(c2ccc(-c3ccc(NCc4ccc(F)c(C(F)(F)F)c4)cc3)cc2C(=O)O)C1
scent_clpp,hub_batching,196,196,250,1,-9.100000381469727,Nc1ccc(-c2ccc(N3CCC(=O)C3)c(C(=O)O)c2)cc1,Nc1ccc(-c2ccc(N3CCC(=O)C3)c(C(=O)Nc3nc(F)nc4[nH]cnc34)c2)cc1
scent_clpp,hub_batching,197,197,251,1,-9.100000381469727,Nc1ccc(-c2ccc(N3CCC(=O)C3)c(C(=O)O)c2)cc1,Nc1ccc(-c2ccc(N3CCC(=O)C3)c(C(=O)Oc3ccc(C(=O)O)cc3N)c2)cc1
scent_clpp,hub_batching,198,198,252,1,-9.0,Nc1ccc(-c2ccc(N3CCC(=O)C3)c(C(=O)O)c2)cc1,Nc1ccc(-c2ccc(N3CCC(=O)C3)c(C3=NC(C(=O)O)Cc4ccc(O)cc43)c2)cc1
scent_clpp,hub_batching,199,199,253,1,-9.0,Nc1ccc(-c2ccc(N3CCC(=O)C3)c(C(=O)O)c2)cc1,Nc1ccc(-c2ccc(N3CCC(=O)C3)c(-c3nc4ccc(C(=O)O)cc4o3)c2)cc1
scent_clpp,hub_batching,200,200,254,1,-8.800000190734863,Nc1ccc(-c2ccc(N3CCC(=O)C3)c(C(=O)O)c2)cc1,Nc1ccc(-c2ccc(N3CCC(=O)C3)c(C(=O)N3CCCC3C(F)(F)F)c2)cc1
scent_clpp,hub_batching,201,201,255,1,-8.600000381469727,Nc1ccc(-c2ccc(N3CCC(=O)C3)c(C(=O)O)c2)cc1,Nc1ccc(-c2ccc(N3CCC(=O)C3)c(C(=O)NC(Cc3cccs3)C(=O)O)c2)cc1
scent_clpp,hub_batching,202,202,256,1,-8.600000381469727,Nc1ccc(-c2ccc(N3CCC(=O)C3)c(C(=O)O)c2)cc1,Cc1cnc(F)cc1Nc1ccc(-c2ccc(N3CCC(=O)C3)c(C(=O)O)c2)cc1
scent_clpp,hub_batching,203,203,257,1,-8.600000381469727,Nc1ccc(-c2ccc(N3CCC(=O)C3)c(C(=O)O)c2)cc1,Nc1ccc(-c2ccc(N3CCC(=O)C3)c(CN(c3ccc4[nH]cc(C=O)c4c3)c3cc(Br)n[nH]3)c2)cc1
scent_clpp,hub_batching,204,204,258,1,-8.5,Nc1ccc(-c2ccc(N3CCC(=O)C3)c(C(=O)O)c2)cc1,N#Cc1cc(Br)cc(NC(=O)c2cc(-c3ccc(N)cc3)ccc2N2CCC(=O)C2)c1
scent_clpp,hub_batching,205,205,259,1,-8.399999618530273,Nc1ccc(-c2ccc(N3CCC(=O)C3)c(C(=O)O)c2)cc1,CC(c1ccccc1)N(Cc1cc(-c2ccc(N)cc2)ccc1N1CCC(=O)C1)c1cccc(C(=O)O)n1
scent_clpp,hub_batching,206,206,260,1,-8.300000190734863,Nc1ccc(-c2ccc(N3CCC(=O)C3)c(C(=O)O)c2)cc1,Nc1ccc(-c2ccc(N3CCC(Nc4ccnc5ccccc45)C3)c(C(=O)O)c2)cc1
scent_clpp,hub_batching,207,207,261,1,-8.300000190734863,Nc1ccc(-c2ccc(N3CCC(=O)C3)c(C(=O)O)c2)cc1,Nc1ccc(-c2ccc(N3CCC(N4Cc5ccccc5CC4C(=O)O)C3)c(C(=O)O)c2)cc1
scent_clpp,hub_batching,208,208,262,1,-8.100000381469727,Nc1ccc(-c2ccc(N3CCC(=O)C3)c(C(=O)O)c2)cc1,COc1cccc(C(C)Nc2ccc(-c3ccc(N4CCC(=O)C4)c(C(=O)O)c3)cc2)c1
scent_clpp,hub_batching,209,209,263,1,-8.100000381469727,Nc1ccc(-c2ccc(N3CCC(=O)C3)c(C(=O)O)c2)cc1,NC(Cc1ccccc1)C(=O)Nc1ccc(-c2ccc(N3CCC(=O)C3)c(C(=O)O)c2)cc1
scent_clpp,hub_batching,210,210,264,1,-8.0,Nc1ccc(-c2ccc(N3CCC(=O)C3)c(C(=O)O)c2)cc1,O=C1CCN(c2ccc(-c3ccc(NS(=O)(=O)c4cccc(Br)c4)cc3)cc2C(=O)O)C1
scent_clpp,hub_batching,211,211,267,3,-11.0,FC(F)(F)c1ccc2nc(C(Cc3c[nH]c4ccccc34)Nc3ccccn3)[nH]c2c1,O=Cc1c[nH]c2cc(N(c3ccccn3)C(Cc3c[nH]c4ccccc34)c3nc4ccc(C(F)(F)F)cc4[nH]3)ccc12
scent_clpp,hub_batching,212,212,268,1,-10.899999618530273,FC(F)(F)c1ccc2nc(C(Cc3c[nH]c4ccccc34)Nc3ccccn3)[nH]c2c1,Fc1cc(C2c3[nH]c4ccccc4c3CC(c3nc4ccc(C(F)(F)F)cc4[nH]3)N2c2ccccn2)ccc1C(F)(F)F
scent_clpp,hub_batching,213,213,269,1,-10.399999618530273,FC(F)(F)c1ccc2nc(C(Cc3c[nH]c4ccccc34)Nc3ccccn3)[nH]c2c1,O=C(Cn1cc(CC(Nc2ccccn2)c2nc3ccc(C(F)(F)F)cc3[nH]2)c2ccccc21)c1ccc(O)cc1
scent_clpp,hub_batching,214,214,270,1,-10.199999809265137,FC(F)(F)c1ccc2nc(C(Cc3c[nH]c4ccccc34)Nc3ccccn3)[nH]c2c1,Oc1cc(F)c(F)cc1Nc1ccc2c(CN(c3ccccn3)C(Cc3c[nH]c4ccccc34)c3nc4ccc(C(F)(F)F)cc4[nH]3)c[nH]c2c1
scent_clpp,hub_batching,215,215,271,1,-9.899999618530273,FC(F)(F)c1ccc2nc(C(Cc3c[nH]c4ccccc34)Nc3ccccn3)[nH]c2c1,O=C(Nc1cccc2cc[nH]c12)N(c1ccccn1)C(Cc1c[nH]c2ccccc12)c1nc2ccc(C(F)(F)F)cc2[nH]1
scent_clpp,hub_batching,216,216,272,1,-9.699999809265137,FC(F)(F)c1ccc2nc(C(Cc3c[nH]c4ccccc34)Nc3ccccn3)[nH]c2c1,O=C(C1Cc2c([nH]c3ccccc23)C(c2nc(Br)cs2)N1)N(c1ccccn1)C(Cc1c[nH]c2ccccc12)c1nc2ccc(C(F)(F)F)cc2[nH]1
scent_clpp,hub_batching,217,217,273,1,-8.899999618530273,FC(F)(F)c1ccc2nc(C(Cc3c[nH]c4ccccc34)Nc3ccccn3)[nH]c2c1,O=c1cc(Cn2c(C(Cc3c[nH]c4ccccc34)Nc3ccccn3)nc3ccc(C(F)(F)F)cc32)c2ccccc2[nH]1
scent_clpp,hub_batching,218,218,277,4,-12.600000381469727,Cc1cc(C)cc(-c2cncc(C3NC(c4nc5cc(Br)ccc5o4)Cc4c3[nH]c3ccccc43)c2)c1,Cc1cc(C)cc(-c2cncc(C3c4[nH]c5ccccc5c4CC(c4nc5cc(Br)ccc5o4)N3Cc3ccc(C(F)(F)F)cc3)c2)c1
scent_clpp,hub_batching,219,219,278,1,-12.100000381469727,Cc1cc(C)cc(-c2cncc(C3NC(c4nc5cc(Br)ccc5o4)Cc4c3[nH]c3ccccc43)c2)c1,Cc1cc(C)cc(-c2cncc(C3NC(c4nc5cc(O)ccc5o4)Cc4c3[nH]c3ccccc43)c2)c1
scent_clpp,hub_batching,220,220,279,1,-12.0,Cc1cc(C)cc(-c2cncc(C3NC(c4nc5cc(Br)ccc5o4)Cc4c3[nH]c3ccccc43)c2)c1,Cc1cc(C)cc(-c2cncc(C3NC(c4nc5cc(Br)ccc5o4)Cc4c3n(Cc3ccc(C)c(F)c3)c3ccccc43)c2)c1
scent_clpp,hub_batching,221,221,282,3,-13.399999618530273,Fc1cccc(-c2ccc3c(C4NC(c5nc6ccc(C(F)(F)F)cc6[nH]5)Cc5c4[nH]c4ccccc54)c[nH]c3c2)c1F,O=C(C1Cc2ccccc2CN1)N1C(c2nc3ccc(C(F)(F)F)cc3[nH]2)Cc2c([nH]c3ccccc23)C1c1c[nH]c2cc(-c3cccc(F)c3F)ccc12
scent_clpp,hub_batching,222,222,283,1,-13.100000381469727,Fc1cccc(-c2ccc3c(C4NC(c5nc6ccc(C(F)(F)F)cc6[nH]5)Cc5c4[nH]c4ccccc54)c[nH]c3c2)c1F,Fc1cccc(-c2ccc3c(C4NC(c5nc6ccc(C(F)(F)F)cc6[nH]5)Cc5c4n(Cc4ccccn4)c4ccccc54)c[nH]c3c2)c1F
scent_clpp,hub_batching,223,223,284,1,-11.699999809265137,Fc1cccc(-c2ccc3c(C4NC(c5nc6ccc(C(F)(F)F)cc6[nH]5)Cc5c4[nH]c4ccccc54)c[nH]c3c2)c1F,Cc1ccc(Cn2cc(C3NC(c4nc5ccc(C(F)(F)F)cc5[nH]4)Cc4c3[nH]c3ccccc43)c3ccc(-c4cccc(F)c4F)cc32)cc1F
scent_clpp,hub_batching,224,224,285,1,-10.800000190734863,Fc1cccc(-c2ccc3c(C4NC(c5nc6ccc(C(F)(F)F)cc6[nH]5)Cc5c4[nH]c4ccccc54)c[nH]c3c2)c1F,CCn1c(C2Cc3c([nH]c4ccccc34)C(c3c[nH]c4cc(-c5cccc(F)c5F)ccc34)N2)nc2ccc(C(F)(F)F)cc21
scent_clpp,hub_batching,225,225,289,4,-13.5,Cc1cc(-c2cccc(C3NC(c4nc5ccccc5o4)Cc4c3[nH]c3ccccc43)c2)ccc1F,Cc1cc(-c2cccc(C3c4[nH]c5ccccc5c4CC(c4nc5ccccc5o4)N3CC3CCCN3)c2)ccc1F
scent_clpp,hub_batching,226,226,290,1,-12.0,Cc1cc(-c2cccc(C3NC(c4nc5ccccc5o4)Cc4c3[nH]c3ccccc43)c2)ccc1F,Cc1cc(-c2cccc(C3NC(c4nc5ccccc5o4)Cc4c3n(Cc3cccc(C)c3C)c3ccccc43)c2)ccc1F
scent_clpp,hub_batching,227,227,293,3,-13.800000190734863,Cc1cc(-c2cncc(C3NC(c4nc5ccc(C(F)(F)F)cc5[nH]4)Cc4c3[nH]c3ccccc43)c2)ccc1F,Cc1cc(-c2cncc(C3c4[nH]c5ccccc5c4CC(c4nc5ccc(C(F)(F)F)cc5[nH]4)N3Cc3cccc(Br)c3)c2)ccc1F
scent_clpp,hub_batching,228,228,294,1,-12.600000381469727,Cc1cc(-c2cncc(C3NC(c4nc5ccc(C(F)(F)F)cc5[nH]4)Cc4c3[nH]c3ccccc43)c2)ccc1F,Cc1cc(-c2cncc(C3NC(c4nc5ccc(C(F)(F)F)cc5[nH]4)Cc4c3n(Cc3cccc(F)c3)c3ccccc43)c2)ccc1F
scent_clpp,hub_batching,229,229,298,4,-13.199999809265137,Cc1cc(C)cc(-c2cncc(C3NC(c4nc5cc(C(F)(F)F)ccc5[nH]4)Cc4c3[nH]c3ccccc43)c2)c1,Cc1cc(C)cc(-c2cncc(C3c4[nH]c5ccccc5c4CC(c4nc5cc(C(F)(F)F)ccc5[nH]4)N3C(=O)N3CCNCC3)c2)c1
scent_clpp,hub_batching,230,230,299,1,-12.300000190734863,Cc1cc(C)cc(-c2cncc(C3NC(c4nc5cc(C(F)(F)F)ccc5[nH]4)Cc4c3[nH]c3ccccc43)c2)c1,Cc1cc(C)cc(-c2cncc(C3NC(c4nc5cc(C(F)(F)F)ccc5[nH]4)Cc4c3n(Cc3cscn3)c3ccccc43)c2)c1
scent_clpp,hub_batching,231,231,300,1,-10.800000190734863,Cc1cc(C)cc(-c2cncc(C3NC(c4nc5cc(C(F)(F)F)ccc5[nH]4)Cc4c3[nH]c3ccccc43)c2)c1,Cc1cc(C)cc(-c2cncc(C3NC(c4nc5cc(C(F)(F)F)ccc5n4Cc4ccc([N+](=O)[O-])c(F)c4)Cc4c3[nH]c3ccccc43)c2)c1
scent_clpp,hub_batching,232,232,304,4,-13.199999809265137,Cc1cc(-c2cncc(C3NC(c4nc5cc(F)c(F)cc5o4)Cc4c3[nH]c3ccccc43)c2)ccc1F,Cc1cc(-c2cncc(C3c4[nH]c5ccccc5c4CC(c4nc5cc(F)c(F)cc5o4)N3c3cnc(F)c(C)c3)c2)ccc1F
scent_clpp,hub_batching,233,233,305,1,-11.699999809265137,Cc1cc(-c2cncc(C3NC(c4nc5cc(F)c(F)cc5o4)Cc4c3[nH]c3ccccc43)c2)ccc1F,Cc1cc(-c2cncc(C3NC(c4nc5cc(F)c(F)cc5o4)Cc4c3n(CC3CCC(F)(F)CC3)c3ccccc43)c2)ccc1F
scent_clpp,hub_batching,234,234,308,3,-13.600000381469727,Fc1cccc(-c2cc(C3NC(c4nc5cc(C(F)(F)F)ccc5[nH]4)Cc4c3[nH]c3ccccc43)ccn2)c1F,O=S(=O)(c1cnc(Cl)s1)N1C(c2nc3cc(C(F)(F)F)ccc3[nH]2)Cc2c([nH]c3ccccc23)C1c1ccnc(-c2cccc(F)c2F)c1
scent_clpp,hub_batching,235,235,309,1,-11.800000190734863,Fc1cccc(-c2cc(C3NC(c4nc5cc(C(F)(F)F)ccc5[nH]4)Cc4c3[nH]c3ccccc43)ccn2)c1F,Fc1cccc(-c2cc(C3NC(c4nc5cc(C(F)(F)F)ccc5[nH]4)Cc4c3n(Cc3ccccc3)c3ccccc43)ccn2)c1F
scent_clpp,hub_batching,236,236,310,1,-11.699999809265137,Fc1cccc(-c2cc(C3NC(c4nc5cc(C(F)(F)F)ccc5[nH]4)Cc4c3[nH]c3ccccc43)ccn2)c1F,Fc1cccc(-c2cc(C3NC(c4nc5cc(C(F)(F)F)ccc5n4CC4CCCC4)Cc4c3[nH]c3ccccc43)ccn2)c1F
scent_clpp,hub_batching,237,237,312,2,-12.800000190734863,OB(O)c1ccc(F)c(C2=NC(c3nc4ccc(C(F)(F)F)cc4[nH]3)Cc3c2[nH]c2ccccc32)c1,Nc1cccc(-c2ccc(F)c(C3=NC(c4nc5ccc(C(F)(F)F)cc5[nH]4)Cc4c3[nH]c3ccccc43)c2)c1O
scent_clpp,hub_batching,238,238,313,1,-11.300000190734863,NC(Cc1c[nH]c2ccccc12)c1nc2cc(C(F)(F)F)ccc2[nH]1,O=C(Nc1cc(-c2cccc(C(=O)O)c2)ccc1O)NC(Cc1c[nH]c2ccccc12)c1nc2cc(C(F)(F)F)ccc2[nH]1
scent_clpp,hub_batching,239,239,314,1,-11.199999809265137,NC(Cc1c[nH]c2ccccc12)c1nc2cc(C(F)(F)F)ccc2[nH]1,NC(Cc1c[nH]c2ccccc12)c1nc2ccc(NC(Cc3c[nH]c4ccccc34)c3nc4cc(C(F)(F)F)ccc4[nH]3)cc2[nH]1
scent_clpp,hub_batching,240,240,315,1,-10.399999618530273,NC(Cc1c[nH]c2ccccc12)c1nc2cc(C(F)(F)F)ccc2[nH]1,O=Cc1c[nH]c2cc(N(C(=O)NC(Cc3c[nH]c4ccccc34)c3nc4cc(C(F)(F)F)ccc4[nH]3)c3cc(F)c(F)cc3O)ccc12
scent_clpp,hub_batching,241,241,316,1,-9.600000381469727,NC(Cc1c[nH]c2ccccc12)c1nc2cc(C(F)(F)F)ccc2[nH]1,Fc1cccc(-c2cc(CNC(Cc3c[nH]c4ccccc34)c3nc4cc(C(F)(F)F)ccc4[nH]3)ccn2)c1F
scent_clpp,hub_batching,242,242,317,1,-9.399999618530273,NC(Cc1c[nH]c2ccccc12)c1nc2cc(C(F)(F)F)ccc2[nH]1,O=C(NC(Cc1c[nH]c2ccccc12)c1nc2cc(C(F)(F)F)ccc2[nH]1)C1Cc2c([nH]c3ccccc23)C(c2cccc(-c3cccc(F)c3F)c2)N1
scent_clpp,hub_batching,243,243,318,1,-8.5,NC(Cc1c[nH]c2ccccc12)c1nc2cc(C(F)(F)F)ccc2[nH]1,O=C(O)C(Cc1c[nH]c2ccccc12)NCC1Cc2ccccc2CN1C(=O)NC(Cc1c[nH]c2ccccc12)c1nc2cc(C(F)(F)F)ccc2[nH]1
scent_clpp,hub_batching,244,244,319,1,-8.300000190734863,NC(Cc1c[nH]c2ccccc12)c1nc2cc(C(F)(F)F)ccc2[nH]1,N#Cc1cccc(C(CBr)NC(Cc2c[nH]c3ccccc23)c2nc3cc(C(F)(F)F)ccc3[nH]2)c1
scent_clpp,hub_batching,245,245,320,1,-8.100000381469727,NC(Cc1c[nH]c2ccccc12)c1nc2cc(C(F)(F)F)ccc2[nH]1,Nc1ccc(-c2ccc(N3CCC(NC(Cc4c[nH]c5ccccc45)c4nc5cc(C(F)(F)F)ccc5[nH]4)C3)c(C(=O)O)c2)cc1
scent_clpp,hub_batching,246,246,322,2,-10.899999618530273,NC(Cc1c[nH]c2ccccc12)c1nc2ccc(C(F)(F)F)cc2[nH]1,CC(NC(=O)NC(Cc1c[nH]c2ccccc12)c1nc2ccc(C(F)(F)F)cc2[nH]1)c1ccccc1
scent_clpp,hub_batching,247,247,323,1,-9.0,NC(Cc1c[nH]c2ccccc12)c1nc2ccc(C(F)(F)F)cc2[nH]1,O=C(O)C1Cc2c([nH]c3ccccc23)C(c2cncc(Br)c2)N1C(=O)NC(Cc1c[nH]c2ccccc12)c1nc2ccc(C(F)(F)F)cc2[nH]1
scent_clpp,hub_batching,248,248,327,4,-13.0,O=C(O)C1Cc2c([nH]c3ccccc23)C(c2c[nH]c3cc(-c4cccc(F)c4F)ccc23)N1Cc1nc2ccccc2[nH]1,Fc1cc2nc(C3Cc4c([nH]c5ccccc45)C(c4c[nH]c5cc(-c6cccc(F)c6F)ccc45)N3Cc3nc4ccccc4[nH]3)oc2cc1F
scent_clpp,hub_batching,249,249,328,1,-11.0,O=C(O)C1Cc2c([nH]c3ccccc23)C(c2c[nH]c3cc(-c4cccc(F)c4F)ccc23)N1Cc1nc2ccccc2[nH]1,O=C(O)C1Cc2c(n(CC3CCCC3)c3ccccc23)C(c2c[nH]c3cc(-c4cccc(F)c4F)ccc23)N1Cc1nc2ccccc2[nH]1
scent_clpp,hub_batching,250,250,329,1,-11.0,O=C(O)C1Cc2c([nH]c3ccccc23)C(c2c[nH]c3cc(-c4cccc(F)c4F)ccc23)N1Cc1nc2ccccc2[nH]1,O=C(O)c1ccccc1Cn1cc(C2c3[nH]c4ccccc4c3CC(C(=O)O)N2Cc2nc3ccccc3[nH]2)c2ccc(-c3cccc(F)c3F)cc21
scent_clpp,hub_batching,251,251,330,1,-10.300000190734863,O=C(O)C1Cc2c([nH]c3ccccc23)C(c2c[nH]c3cc(-c4cccc(F)c4F)ccc23)N1Cc1nc2ccccc2[nH]1,Cc1ccc(Cn2c(CN3C(C(=O)O)Cc4c([nH]c5ccccc45)C3c3c[nH]c4cc(-c5cccc(F)c5F)ccc34)nc3ccccc32)cc1F
scent_clpp,hub_batching,252,252,332,2,-12.0,O=Cc1cccc(-c2ccc(F)cc2)c1,Fc1ccc(-c2cccc(C3NC(c4nc5ccccc5o4)Cc4c3[nH]c3ccccc43)c2)cc1
scent_clpp,hub_batching,253,253,333,1,-10.699999809265137,O=Cc1cccc(-c2ccc(F)cc2)c1,O=C(O)c1cccc(-c2ccc(O)c(NCc3cccc(-c4ccc(F)cc4)c3)c2)c1
scent_clpp,hub_batching,254,254,334,1,-10.300000190734863,O=Cc1cccc(-c2ccc(F)cc2)c1,O=C(O)C1Cc2c([nH]c3ccccc23)C(c2cncc(Br)c2)N1Cc1cccc(-c2ccc(F)cc2)c1
scent_clpp,hub_batching,255,255,335,1,-10.300000190734863,O=Cc1cccc(-c2ccc(F)cc2)c1,Fc1ccc(-c2cccc(-c3nc4ccc(C(F)(F)F)cc4[nH]3)c2)cc1
scent_clpp,hub_batching,256,256,336,1,-10.199999809265137,O=Cc1cccc(-c2ccc(F)cc2)c1,Fc1ccc(-c2cccc(CNCc3ccc(C(F)(F)F)cc3)c2)cc1
scent_clpp,hub_batching,257,257,337,1,-10.199999809265137,O=Cc1cccc(-c2ccc(F)cc2)c1,Fc1ccc(-c2cccc(CNC(Cc3c[nH]c4ccccc34)c3nc4ccccc4o3)c2)cc1
scent_clpp,hub_batching,258,258,338,1,-10.0,O=Cc1cccc(-c2ccc(F)cc2)c1,Oc1ccc2[nH]cc(CCNCc3cccc(-c4ccc(F)cc4)c3)c2c1
scent_clpp,hub_batching,259,259,339,1,-9.600000381469727,O=Cc1cccc(-c2ccc(F)cc2)c1,O=C(O)C(Cc1ccc(O)cc1)NCc1cccc(-c2ccc(F)cc2)c1
scent_clpp,hub_batching,260,260,340,1,-9.5,O=Cc1cccc(-c2ccc(F)cc2)c1,CC(NCc1cccc(-c2ccc(F)cc2)c1)c1ccccc1
scent_clpp,hub_batching,261,261,341,1,-9.5,O=Cc1cccc(-c2ccc(F)cc2)c1,Cc1ccc(S(=O)(=O)F)cc1NCc1cccc(-c2ccc(F)cc2)c1
scent_clpp,hub_batching,262,262,342,1,-9.399999618530273,O=Cc1cccc(-c2ccc(F)cc2)c1,O=C(O)C1Cc2ccccc2CN1Cc1cccc(-c2ccc(F)cc2)c1
scent_clpp,hub_batching,263,263,343,1,-9.399999618530273,O=Cc1cccc(-c2ccc(F)cc2)c1,Fc1ccc(-c2cccc(C3NCCc4c3[nH]c3ccccc43)c2)cc1
scent_clpp,hub_batching,264,264,344,1,-9.399999618530273,O=Cc1cccc(-c2ccc(F)cc2)c1,O=C(O)c1ccc2nc(-c3cccc(-c4ccc(F)cc4)c3)oc2c1
scent_clpp,hub_batching,265,265,345,1,-9.199999809265137,O=Cc1cccc(-c2ccc(F)cc2)c1,Fc1ccc(-c2cccc(CNc3ccnc4ccccc34)c2)cc1
scent_clpp,hub_batching,266,266,346,1,-9.199999809265137,O=Cc1cccc(-c2ccc(F)cc2)c1,O=C(O)C1Cc2ccccc2C(c2cccc(-c3ccc(F)cc3)c2)N1
scent_clpp,hub_batching,267,267,347,1,-9.199999809265137,O=Cc1cccc(-c2ccc(F)cc2)c1,Fc1ccc(-c2cccc(-c3nc4cccc(Br)c4[nH]3)c2)cc1
scent_clpp,hub_batching,268,268,348,1,-9.100000381469727,O=Cc1cccc(-c2ccc(F)cc2)c1,COc1ccccc1CCNCc1cccc(-c2ccc(F)cc2)c1
scent_clpp,hub_batching,269,269,349,1,-9.100000381469727,O=Cc1cccc(-c2ccc(F)cc2)c1,Fc1ccc(-c2cccc(C3NCCc4c(Br)cccc43)c2)cc1
scent_clpp,hub_batching,270,270,350,1,-9.100000381469727,O=Cc1cccc(-c2ccc(F)cc2)c1,O=C(O)c1ccc2[nH]c(-c3cccc(-c4ccc(F)cc4)c3)nc2c1
scent_clpp,hub_batching,271,271,351,1,-9.100000381469727,O=Cc1cccc(-c2ccc(F)cc2)c1,Fc1ccc(-c2cccc(-c3nc4cccc(Br)c4o3)c2)cc1
scent_clpp,hub_batching,272,272,352,1,-9.0,O=Cc1cccc(-c2ccc(F)cc2)c1,Fc1ccc(-c2cccc(CNc3ccc(Br)cc3)c2)cc1
scent_clpp,hub_batching,273,273,353,1,-8.899999618530273,O=Cc1cccc(-c2ccc(F)cc2)c1,N#Cc1ccc(NCc2cccc(-c3ccc(F)cc3)c2)c(N)c1
scent_clpp,hub_batching,274,274,354,1,-8.899999618530273,O=Cc1cccc(-c2ccc(F)cc2)c1,Fc1ccc(-c2cccc(CNc3cccc4cc[nH]c34)c2)cc1
scent_clpp,hub_batching,275,275,355,1,-8.899999618530273,O=Cc1cccc(-c2ccc(F)cc2)c1,O=C(O)C1CCCN(Cc2cccc(-c3ccc(F)cc3)c2)C1
scent_clpp,hub_batching,276,276,356,1,-8.800000190734863,O=Cc1cccc(-c2ccc(F)cc2)c1,OC1CCCCC1NCc1cccc(-c2ccc(F)cc2)c1
scent_clpp,hub_batching,277,277,357,1,-8.800000190734863,O=Cc1cccc(-c2ccc(F)cc2)c1,Fc1ccc(-c2cccc(CNc3nc(F)nc4[nH]cnc34)c2)cc1
scent_clpp,hub_batching,278,278,358,1,-8.800000190734863,O=Cc1cccc(-c2ccc(F)cc2)c1,Fc1ccc(-c2cccc(CN3CCCC3C(F)(F)F)c2)cc1
scent_clpp,hub_batching,279,279,359,1,-8.800000190734863,O=Cc1cccc(-c2ccc(F)cc2)c1,Fc1ccc(-c2cccc(-c3nc4ccccc4s3)c2)cc1
scent_clpp,hub_batching,280,280,360,1,-8.699999809265137,O=Cc1cccc(-c2ccc(F)cc2)c1,Fc1ccc(-c2cccc(CNc3ccccc3-n3cccc3)c2)cc1
scent_clpp,hub_batching,281,281,361,1,-8.600000381469727,O=Cc1cccc(-c2ccc(F)cc2)c1,COc1ccc2oc(-c3cccc(-c4ccc(F)cc4)c3)nc2c1
scent_clpp,hub_batching,282,282,362,1,-8.399999618530273,O=Cc1cccc(-c2ccc(F)cc2)c1,Fc1ccc(-c2cccc(CNC34CC(C3)C4)c2)cc1
scent_clpp,hub_batching,283,283,363,1,-8.399999618530273,O=Cc1cccc(-c2ccc(F)cc2)c1,CC(c1ccccc1)N(Cc1cccc(-c2ccc(F)cc2)c1)c1cccc(C(=O)O)n1
scent_clpp,hub_batching,284,284,364,1,-8.199999809265137,O=Cc1cccc(-c2ccc(F)cc2)c1,O=C(O)c1cccc(F)c1NCc1cccc(-c2ccc(F)cc2)c1
scent_clpp,hub_batching,285,285,365,1,-8.100000381469727,O=Cc1cccc(-c2ccc(F)cc2)c1,Fc1ccc(-c2cccc(CNCCN3CCNCC3)c2)cc1
scent_clpp,hub_batching,286,286,369,4,-13.899999618530273,Cc1cc(-c2cc(C3NC(c4nc5ccc(C(F)(F)F)cc5[nH]4)Cc4c3[nH]c3ccccc43)ccn2)ccc1F,Cc1cc(-c2cc(C3c4[nH]c5ccccc5c4CC(c4nc5ccc(C(F)(F)F)cc5[nH]4)N3C3CCC3)ccn2)ccc1F
scent_clpp,hub_batching,287,287,370,1,-10.699999809265137,Cc1cc(-c2cc(C3NC(c4nc5ccc(C(F)(F)F)cc5[nH]4)Cc4c3[nH]c3ccccc43)ccn2)ccc1F,Cc1cc(-c2cc(C3NC(c4nc5ccc(C(F)(F)F)cc5n4Cc4cc(=O)[nH]c5ccccc45)Cc4c3[nH]c3ccccc43)ccn2)ccc1F
scent_clpp,hub_batching,288,288,374,4,-13.300000190734863,Fc1cccc(-c2cccc(C3NC(c4nc5cc(F)ccc5o4)Cc4c3[nH]c3ccccc43)c2)c1,O=C(Nc1cccc(C(F)(F)F)c1)N1C(c2nc3cc(F)ccc3o2)Cc2c([nH]c3ccccc23)C1c1cccc(-c2cccc(F)c2)c1
scent_clpp,hub_batching,289,289,375,1,-11.100000381469727,Fc1cccc(-c2cccc(C3NC(c4nc5cc(F)ccc5o4)Cc4c3[nH]c3ccccc43)c2)c1,O=C(Cn1c2c(c3ccccc31)CC(c1nc3cc(F)ccc3o1)NC2c1cccc(-c2cccc(F)c2)c1)c1ccc(O)cc1
scent_clpp,hub_batching,290,290,376,1,-10.399999618530273,Fc1cccc(-c2cccc(C3NC(c4nc5cc(F)ccc5o4)Cc4c3[nH]c3ccccc43)c2)c1,O=C1Cc2ccc(C(CCl)N3C(c4nc5cc(F)ccc5o4)Cc4c([nH]c5ccccc45)C3c3cccc(-c4cccc(F)c4)c3)cc2N1
scent_clpp,hub_batching,291,291,378,2,-12.0,O=Cc1cccc(-c2cccc(F)c2F)c1,O=C(NCCc1c[nH]c2ccccc12)C1Cc2ccccc2CN1Cc1cccc(-c2cccc(F)c2F)c1
scent_clpp,hub_batching,292,292,379,1,-10.600000381469727,O=Cc1cccc(-c2cccc(F)c2F)c1,O=Cc1c[nH]c2cc(N(Cc3cccc(-c4cccc(F)c4F)c3)c3cc(F)c(F)cc3O)ccc12
scent_clpp,hub_batching,293,293,380,1,-10.300000190734863,O=Cc1cccc(-c2cccc(F)c2F)c1,O=C(O)c1cccc(-c2ccc(NCc3cccc(-c4cccc(F)c4F)c3)cc2)c1
scent_clpp,hub_batching,294,294,381,1,-10.100000381469727,O=Cc1cccc(-c2cccc(F)c2F)c1,Nc1ccc(C(F)(F)F)cc1NCc1cccc(-c2cccc(F)c2F)c1
scent_clpp,hub_batching,295,295,382,1,-10.100000381469727,O=Cc1cccc(-c2cccc(F)c2F)c1,Fc1cccc(-c2cccc(-c3nc4cc(C(F)(F)F)ccc4[nH]3)c2)c1F
scent_clpp,hub_batching,296,296,383,1,-10.0,O=Cc1cccc(-c2cccc(F)c2F)c1,O=C(O)C(Cc1c[nH]c2ccccc12)NCc1cccc(-c2cccc(F)c2F)c1
scent_clpp,hub_batching,297,297,384,1,-9.899999618530273,O=Cc1cccc(-c2cccc(F)c2F)c1,O=C(O)C1Cc2c([nH]c3ccccc23)C(c2nc(Br)cs2)N1Cc1cccc(-c2cccc(F)c2F)c1
scent_clpp,hub_batching,298,298,385,1,-9.699999809265137,O=Cc1cccc(-c2cccc(F)c2F)c1,Fc1cccc(-c2cccc(CNCCc3ccccc3)c2)c1F
scent_clpp,hub_batching,299,299,386,1,-9.699999809265137,O=Cc1cccc(-c2cccc(F)c2F)c1,Fc1cc2nc(-c3cccc(-c4cccc(F)c4F)c3)oc2cc1F
scent_clpp,hub_batching,300,300,387,1,-9.600000381469727,O=Cc1cccc(-c2cccc(F)c2F)c1,Fc1cccc(-c2cccc(C3Nc4ccccc4-n4cccc43)c2)c1F
scent_clpp,greedy_oracle,1,1,21,1,-11.600000381469727,CC(N)c1ccccc1,CC(NC(=O)C1Cc2c([nH]c3ccccc23)C(c2c[nH]c3ccc(Br)cc23)N1)c1ccccc1
scent_clpp,greedy_oracle,2,2,22,1,-10.699999809265137,CC(N)c1ccccc1,CC(NC(=O)NC(Cc1c[nH]c2ccccc12)c1nc2ccc(C(F)(F)F)cc2[nH]1)c1ccccc1
scent_clpp,greedy_oracle,3,3,23,1,-10.600000381469727,CC(N)c1ccccc1,CC(NC(=O)c1cccc(-c2ccc(O)c(N)c2)c1)c1ccccc1
scent_clpp,greedy_oracle,4,4,24,1,-10.5,CC(N)c1ccccc1,CC(Nc1cc(C2NC(C(=O)O)Cc3c2[nH]c2ccccc32)ccn1)c1ccccc1
scent_clpp,greedy_oracle,5,5,25,1,-10.5,CC(N)c1ccccc1,CC(Nc1ccc2nc(C(N)Cc3c[nH]c4ccccc34)oc2c1)c1ccccc1
scent_clpp,greedy_oracle,6,6,26,1,-10.100000381469727,CC(N)c1ccccc1,CC(NC(=O)N(CCc1c[nH]c2ccccc12)Cc1nc2ccccc2[nH]1)c1ccccc1
scent_clpp,greedy_oracle,7,7,27,1,-10.0,CC(N)c1ccccc1,CC(NC(=O)Nc1cc(-c2cccc(C(=O)O)c2)ccc1O)c1ccccc1
scent_clpp,greedy_oracle,8,8,28,1,-9.899999618530273,CC(N)c1ccccc1,CC(NCc1c[nH]c2ccc(Nc3cc(Br)n[nH]3)cc12)c1ccccc1
scent_clpp,greedy_oracle,9,9,29,1,-9.800000190734863,CC(N)c1ccccc1,CC(NCc1c[nH]c2cc(NC(C)c3ccccc3)ccc12)c1ccccc1
scent_clpp,greedy_oracle,10,10,30,1,-9.800000190734863,CC(N)c1ccccc1,CC(NC(=O)c1cccc(NC(C)c2ccccc2)n1)c1ccccc1
scent_clpp,greedy_oracle,11,11,31,1,-9.699999809265137,CC(N)c1ccccc1,CC(NC(=O)N(c1ccc2c(C=O)c[nH]c2c1)C(C)c1ccccc1)c1ccccc1
scent_clpp,greedy_oracle,12,12,32,1,-9.5,CC(N)c1ccccc1,CC(NC(=O)N1Cc2ccccc2CC1C(=O)NCCc1c[nH]c2ccccc12)c1ccccc1
scent_clpp,greedy_oracle,13,13,33,1,-9.199999809265137,CC(N)c1ccccc1,CC(NCc1cccc(NC(C)c2ccccc2)c1)c1ccccc1
scent_clpp,greedy_oracle,14,14,34,1,-9.100000381469727,CC(N)c1ccccc1,CC(NC(=O)C(Cc1c[nH]c2ccccc12)NCC1Cc2ccccc2CN1)c1ccccc1
scent_clpp,greedy_oracle,15,15,35,1,-9.0,CC(N)c1ccccc1,CC(NC(=O)NCc1ccc(C(F)(F)F)cc1)c1ccccc1
scent_clpp,greedy_oracle,16,16,36,1,-8.899999618530273,CC(N)c1ccccc1,CC(NC(=O)c1ccc(F)c(C(F)(F)F)c1)c1ccccc1
scent_clpp,greedy_oracle,17,17,37,1,-8.800000190734863,CC(N)c1ccccc1,CC(NC(=O)c1cc(C(F)(F)F)ccn1)c1ccccc1
scent_clpp,greedy_oracle,18,18,38,1,-8.800000190734863,CC(N)c1ccccc1,CC(NC(=O)Nc1cccc2ccccc12)c1ccccc1
scent_clpp,greedy_oracle,19,19,39,1,-8.699999809265137,CC(N)c1ccccc1,CC(NS(=O)(=O)c1cccc2ccccc12)c1ccccc1
scent_clpp,greedy_oracle,20,20,40,1,-8.699999809265137,CC(N)c1ccccc1,CC(NCc1ccc(F)c(C(F)(F)F)c1)c1ccccc1
scent_clpp,greedy_oracle,21,21,41,1,-8.699999809265137,CC(N)c1ccccc1,CC(NC(=O)c1ccc(F)c(F)c1F)c1ccccc1
scent_clpp,greedy_oracle,22,22,42,1,-8.699999809265137,CC(N)c1ccccc1,CC(Nc1cc(Nc2ccc3[nH]cc(C=O)c3c2)[nH]n1)c1ccccc1
scent_clpp,greedy_oracle,23,23,43,1,-8.699999809265137,CC(N)c1ccccc1,CC(NC(=O)NCCc1c[nH]c2ccc(O)cc12)c1ccccc1
scent_clpp,greedy_oracle,24,24,44,1,-8.699999809265137,CC(N)c1ccccc1,CC(NC(=O)NC(Cc1ccc([N+](=O)[O-])cc1)C(=O)O)c1ccccc1
scent_clpp,greedy_oracle,25,25,45,1,-8.699999809265137,CC(N)c1ccccc1,CC(NC(=O)Nc1ccccc1-n1cccc1)c1ccccc1
scent_clpp,greedy_oracle,26,26,46,1,-8.699999809265137,CC(N)c1ccccc1,CC(NC(=O)Nc1nc(F)nc2[nH]cnc12)c1ccccc1
scent_clpp,greedy_oracle,27,27,47,1,-8.699999809265137,CC(N)c1ccccc1,CC(NC(=O)N1C(C(=O)O)Cc2c([nH]c3ccccc23)C1c1nc(Br)cs1)c1ccccc1
scent_clpp,greedy_oracle,28,28,48,1,-8.600000381469727,CC(N)c1ccccc1,CC(NC(=O)NC(C)c1ccccc1)c1ccccc1
scent_clpp,greedy_oracle,29,29,49,1,-8.600000381469727,CC(N)c1ccccc1,CC(NC(=O)Nc1cccc(C(F)(F)F)c1)c1ccccc1
scent_clpp,greedy_oracle,30,30,50,1,-8.5,CC(N)c1ccccc1,CC(NCc1cc(C(F)(F)F)ccc1Br)c1ccccc1
scent_clpp,greedy_oracle,31,31,51,1,-8.5,CC(N)c1ccccc1,CC(NC(CCl)c1ccc2c(c1)NC(=O)C2)c1ccccc1
scent_clpp,greedy_oracle,32,32,52,1,-8.5,CC(N)c1ccccc1,CC(NC(=O)c1cccc(O)c1N)c1ccccc1
scent_clpp,greedy_oracle,33,33,53,1,-8.5,CC(N)c1ccccc1,CC(NC(=O)NCCc1ccc(S(N)(=O)=O)cc1)c1ccccc1
scent_clpp,greedy_oracle,34,34,54,1,-8.5,CC(N)c1ccccc1,CC(NC(=O)Nc1ccc(F)nc1Br)c1ccccc1
scent_clpp,greedy_oracle,35,35,55,1,-8.5,CC(N)c1ccccc1,CC(NC(=O)Nc1cccc(Br)c1O)c1ccccc1
scent_clpp,greedy_oracle,36,36,56,1,-8.399999618530273,CC(N)c1ccccc1,CC(NCc1nc2ccccc2[nH]1)c1ccccc1
scent_clpp,greedy_oracle,37,37,57,1,-8.399999618530273,CC(N)c1ccccc1,CC(NC(=O)c1c(N)cccc1Br)c1ccccc1
scent_clpp,greedy_oracle,38,38,58,1,-8.300000190734863,CC(N)c1ccccc1,CC(Nc1ccc2ccccc2n1)c1ccccc1
scent_clpp,greedy_oracle,39,39,59,1,-8.300000190734863,CC(N)c1ccccc1,CC(NC(=O)C(N)Cc1ccccc1)c1ccccc1
scent_clpp,greedy_oracle,40,40,60,1,-8.300000190734863,CC(N)c1ccccc1,Cc1cc(Br)cnc1NC(=O)NC(C)c1ccccc1
scent_clpp,greedy_oracle,41,41,61,1,-8.300000190734863,CC(N)c1ccccc1,CC(NC(=O)Nc1c(F)cccc1C(=O)O)c1ccccc1
scent_clpp,greedy_oracle,42,42,62,1,-8.300000190734863,CC(N)c1ccccc1,CC(NC(=O)N(c1ccc2[nH]cc(C=O)c2c1)c1cc(Br)n[nH]1)c1ccccc1
scent_clpp,greedy_oracle,43,43,63,1,-8.199999809265137,CC(N)c1ccccc1,CC(NCc1ccnc(Br)c1F)c1ccccc1
scent_clpp,greedy_oracle,44,44,64,1,-8.199999809265137,CC(N)c1ccccc1,CC(NC(C)c1ccc(S(=O)(=O)F)cc1)c1ccccc1
scent_clpp,greedy_oracle,45,45,65,1,-8.199999809265137,CC(N)c1ccccc1,CC(NC(=O)C1Cc2ccccc2CN1)c1ccccc1
scent_clpp,greedy_oracle,46,46,66,1,-8.199999809265137,CC(N)c1ccccc1,CC(NC(=O)c1ccc(CCl)cc1)c1ccccc1
scent_clpp,greedy_oracle,47,47,67,1,-8.199999809265137,CC(N)c1ccccc1,CC(NC(=O)c1cccc(N=C=S)c1)c1ccccc1
scent_clpp,greedy_oracle,48,48,68,1,-8.199999809265137,CC(N)c1ccccc1,CC(Nc1cccc(S(=O)(=O)F)n1)c1ccccc1
scent_clpp,greedy_oracle,49,49,69,1,-8.199999809265137,CC(N)c1ccccc1,Cc1ccc(S(=O)(=O)F)cc1NC(=O)NC(C)c1ccccc1
scent_clpp,greedy_oracle,50,50,70,1,-8.199999809265137,CC(N)c1ccccc1,CC(NC(=O)NCc1c[nH]c2ccccc12)c1ccccc1
scent_clpp,greedy_oracle,51,51,71,1,-8.199999809265137,CC(N)c1ccccc1,CC(NC(=O)Nc1cc(C(=O)O)ccc1N)c1ccccc1
scent_clpp,greedy_oracle,52,52,72,1,-8.199999809265137,CC(N)c1ccccc1,CC(NC(=O)N(c1cccc(C(=O)O)n1)C(C)c1ccccc1)c1ccccc1
scent_clpp,greedy_oracle,53,53,73,1,-8.100000381469727,CC(N)c1ccccc1,CC(NCc1ccccc1C(F)(F)F)c1ccccc1
scent_clpp,greedy_oracle,54,54,74,1,-8.100000381469727,CC(N)c1ccccc1,CC(Nc1cccc(S(=O)(=O)F)c1)c1ccccc1
scent_clpp,greedy_oracle,55,55,75,1,-8.100000381469727,CC(N)c1ccccc1,CC(NC(=O)Nc1cc(Br)cc(C#N)c1)c1ccccc1
scent_clpp,greedy_oracle,56,56,76,1,-8.0,CC(N)c1ccccc1,CC(Nc1ccc(C(F)(F)F)cn1)c1ccccc1
scent_clpp,greedy_oracle,57,57,77,1,-8.0,CC(N)c1ccccc1,CC(Nc1nc2ccccc2[nH]1)c1ccccc1
scent_clpp,greedy_oracle,58,58,78,1,-8.0,CC(N)c1ccccc1,CC(NCc1ccc(C(=O)O)cc1)c1ccccc1
scent_clpp,greedy_oracle,59,59,79,1,-8.0,CC(N)c1ccccc1,CC(NC(=O)c1ncccc1C(F)(F)F)c1ccccc1
scent_clpp,greedy_oracle,60,60,80,1,-8.0,CC(N)c1ccccc1,CC(NC(=O)N1CCCC(C(=O)O)C1)c1ccccc1
scent_clpp,greedy_oracle,61,61,81,1,-10.5,Nc1ccc(C(F)(F)F)cc1N,Nc1ccc(C(F)(F)F)cc1NC(=O)C1Cc2c([nH]c3ccccc23)C(c2ccnc(Br)c2)N1
scent_clpp,greedy_oracle,62,62,82,1,-10.0,Nc1ccc(C(F)(F)F)cc1N,Nc1cc(-c2cccc(C(=O)Nc3cc(C(F)(F)F)ccc3N)c2)ccc1O
scent_clpp,greedy_oracle,63,63,83,1,-9.399999618530273,Nc1ccc(C(F)(F)F)cc1N,Nc1ccc(C(F)(F)F)cc1NC(=O)C(N)Cc1c[nH]c2ccccc12
scent_clpp,greedy_oracle,64,64,84,1,-8.899999618530273,Nc1ccc(C(F)(F)F)cc1N,Nc1ccc(C(F)(F)F)cc1NCc1c[nH]c2ccc(Br)cc12
scent_clpp,greedy_oracle,65,65,85,1,-8.899999618530273,Nc1ccc(C(F)(F)F)cc1N,Nc1ccc(C(F)(F)F)cc1NCc1ccc(C(F)(F)F)c(F)c1
scent_clpp,greedy_oracle,66,66,86,1,-8.899999618530273,Nc1ccc(C(F)(F)F)cc1N,Nc1ccc(C(F)(F)F)cc1NC(=O)c1ccc(F)c(C(F)(F)F)c1
scent_clpp,greedy_oracle,67,67,87,1,-8.800000190734863,Nc1ccc(C(F)(F)F)cc1N,Nc1ccc(C(F)(F)F)cc1NC(=O)c1cc(C(F)(F)F)ccn1
scent_clpp,greedy_oracle,68,68,88,1,-8.699999809265137,Nc1ccc(C(F)(F)F)cc1N,Nc1ccc(C(F)(F)F)cc1NS(=O)(=O)c1cccc2ccccc12
scent_clpp,greedy_oracle,69,69,89,1,-8.699999809265137,Nc1ccc(C(F)(F)F)cc1N,Nc1ccc(C(F)(F)F)cc1NCc1nc2ccccc2[nH]1
scent_clpp,greedy_oracle,70,70,90,1,-8.699999809265137,Nc1ccc(C(F)(F)F)cc1N,Nc1ccc(C(F)(F)F)cc1NC(=O)C1Cc2ccccc2CN1
scent_clpp,greedy_oracle,71,71,91,1,-8.600000381469727,Nc1ccc(C(F)(F)F)cc1N,COc1ccc(C(F)(F)F)cc1CNc1cc(C(F)(F)F)ccc1N
scent_clpp,greedy_oracle,72,72,92,1,-8.600000381469727,Nc1ccc(C(F)(F)F)cc1N,Nc1cc(C(F)(F)F)ccc1NCc1c[nH]c2cc(Nc3cc(F)c(F)cc3O)ccc12
scent_clpp,greedy_oracle,73,73,93,1,-8.600000381469727,Nc1ccc(C(F)(F)F)cc1N,Nc1ccc(C(F)(F)F)cc1NC(CCl)c1ccc2c(c1)NC(=O)C2
scent_clpp,greedy_oracle,74,74,94,1,-8.600000381469727,Nc1ccc(C(F)(F)F)cc1N,Nc1ccc(C(F)(F)F)cc1NC(=O)Nc1cccc(C(F)(F)F)c1
scent_clpp,greedy_oracle,75,75,95,1,-8.5,Nc1ccc(C(F)(F)F)cc1N,Nc1cc(C(F)(F)F)ccc1NCc1cc(C(F)(F)F)ccc1Br
scent_clpp,greedy_oracle,76,76,96,1,-8.5,Nc1ccc(C(F)(F)F)cc1N,CC(Nc1cc(C(F)(F)F)ccc1N)c1ccc(S(=O)(=O)F)cc1
scent_clpp,greedy_oracle,77,77,97,1,-8.399999618530273,Nc1ccc(C(F)(F)F)cc1N,Nc1ccc(C(F)(F)F)cc1Nc1ccc([N+](=O)[O-])c2ccccc12
scent_clpp,greedy_oracle,78,78,98,1,-8.399999618530273,Nc1ccc(C(F)(F)F)cc1N,Nc1ccc(C(F)(F)F)cc1Nc1ccc2ccccc2n1
scent_clpp,greedy_oracle,79,79,99,1,-8.399999618530273,Nc1ccc(C(F)(F)F)cc1N,Nc1cc(C(F)(F)F)ccc1NCc1ccc(F)c(C(F)(F)F)c1
scent_clpp,greedy_oracle,80,80,100,1,-8.399999618530273,Nc1ccc(C(F)(F)F)cc1N,Nc1ccc(C(F)(F)F)cc1NC(CCl)c1ccc(F)cc1F
scent_clpp,greedy_oracle,81,81,101,1,-8.399999618530273,Nc1ccc(C(F)(F)F)cc1N,Nc1ccc(C(F)(F)F)cc1Nc1ccc2[nH]cc(C=O)c2c1
scent_clpp,greedy_oracle,82,82,102,1,-8.399999618530273,Nc1ccc(C(F)(F)F)cc1N,Nc1cc(C(F)(F)F)ccc1Nc1c(C(F)(F)F)nc2ccccc2c1O
scent_clpp,greedy_oracle,83,83,103,1,-8.300000190734863,Nc1ccc(C(F)(F)F)cc1N,CC(=O)c1ccc(S(=O)(=O)Nc2cc(C(F)(F)F)ccc2N)cc1
scent_clpp,greedy_oracle,84,84,104,1,-8.300000190734863,Nc1ccc(C(F)(F)F)cc1N,Nc1cc(C(F)(F)F)ccc1NCc1c[nH]c2ccc(F)cc12
scent_clpp,greedy_oracle,85,85,105,1,-8.300000190734863,Nc1ccc(C(F)(F)F)cc1N,Nc1ccc(C(F)(F)F)cc1NC(=O)c1ccccc1C=O
scent_clpp,greedy_oracle,86,86,106,1,-8.199999809265137,Nc1ccc(C(F)(F)F)cc1N,Nc1cc(C(F)(F)F)ccc1Nc1ccc(C(=O)O)cc1C(F)(F)F
scent_clpp,greedy_oracle,87,87,107,1,-8.199999809265137,Nc1ccc(C(F)(F)F)cc1N,Nc1ccc(C(F)(F)F)cc1NS(=O)(=O)Cc1ccccc1
scent_clpp,greedy_oracle,88,88,108,1,-8.199999809265137,Nc1ccc(C(F)(F)F)cc1N,Nc1ccc(C(F)(F)F)cc1NC(CBr)c1ccc(O)cc1
scent_clpp,greedy_oracle,89,89,109,1,-8.199999809265137,Nc1ccc(C(F)(F)F)cc1N,Nc1ccc(C(F)(F)F)cc1NC(=O)C(N)CC1CCCCC1
scent_clpp,greedy_oracle,90,90,110,1,-8.199999809265137,Nc1ccc(C(F)(F)F)cc1N,Nc1cc(C(F)(F)F)ccc1NC(=O)Nc1ccc(C(F)(F)F)cc1
scent_clpp,greedy_oracle,91,91,111,1,-8.199999809265137,Nc1ccc(C(F)(F)F)cc1N,Nc1ccc(Nc2ccc(C(F)(F)F)cc2N)cc1
scent_clpp,greedy_oracle,92,92,112,1,-8.199999809265137,Nc1ccc(C(F)(F)F)cc1N,Nc1cc(C(F)(F)F)ccc1Nc1ccc2c(C=O)c[nH]c2c1
scent_clpp,greedy_oracle,93,93,113,1,-8.100000381469727,Nc1ccc(C(F)(F)F)cc1N,Nc1cc(C(F)(F)F)ccc1Nc1ccc(C(=O)CCl)c(F)c1
scent_clpp,greedy_oracle,94,94,114,1,-8.100000381469727,Nc1ccc(C(F)(F)F)cc1N,Nc1cc(C(F)(F)F)ccc1Nc1ccc(C(F)(F)F)cn1
scent_clpp,greedy_oracle,95,95,115,1,-8.100000381469727,Nc1ccc(C(F)(F)F)cc1N,Nc1cc(C(F)(F)F)ccc1Nc1nc2ccccc2[nH]1
scent_clpp,greedy_oracle,96,96,116,1,-8.100000381469727,Nc1ccc(C(F)(F)F)cc1N,Cc1cc(Nc2ccc(C(F)(F)F)cc2N)cnc1N
scent_clpp,greedy_oracle,97,97,117,1,-8.100000381469727,Nc1ccc(C(F)(F)F)cc1N,Nc1cc(C(F)(F)F)ccc1Nc1ccc(C(F)(F)F)cc1C=O
scent_clpp,greedy_oracle,98,98,118,1,-8.0,Nc1ccc(C(F)(F)F)cc1N,Nc1cc(C(F)(F)F)ccc1NC(=O)C(N)Cc1ccc([N+](=O)[O-])cc1
scent_clpp,greedy_oracle,99,99,119,1,-8.0,Nc1ccc(C(F)(F)F)cc1N,Nc1cc(C(F)(F)F)ccc1NC(=O)Nc1cccc2ccccc12
scent_clpp,greedy_oracle,100,100,120,1,-8.0,Nc1ccc(C(F)(F)F)cc1N,Nc1ccc(C(F)(F)F)cc1Nc1cnc2cccnn12
scent_clpp,greedy_oracle,101,101,121,1,-8.0,Nc1ccc(C(F)(F)F)cc1N,Nc1cc(Nc2cc(C(F)(F)F)ccc2N)ccc1O
scent_clpp,greedy_oracle,102,102,122,1,-11.199999809265137,O=Cc1ccc(C(F)(F)F)cc1,FC(F)(F)c1ccc(C2NC(c3nc4ccc(Br)cc4[nH]3)Cc3c2[nH]c2ccccc32)cc1
scent_clpp,greedy_oracle,103,103,123,1,-10.800000190734863,O=Cc1ccc(C(F)(F)F)cc1,O=C(NCCc1c[nH]c2ccccc12)C1Cc2ccccc2CN1Cc1ccc(C(F)(F)F)cc1
scent_clpp,greedy_oracle,104,104,124,1,-10.0,O=Cc1ccc(C(F)(F)F)cc1,FC(F)(F)c1ccc(CNC(Cc2c[nH]c3ccccc23)c2nc3cc(C(F)(F)F)ccc3[nH]2)cc1
scent_clpp,greedy_oracle,105,105,125,1,-10.0,O=Cc1ccc(C(F)(F)F)cc1,O=C(O)C1Cc2c([nH]c3ccccc23)C(c2ccc(C(F)(F)F)cc2)N1CC1Cc2ccccc2CN1
scent_clpp,greedy_oracle,106,106,126,1,-9.5,O=Cc1ccc(C(F)(F)F)cc1,O=C(O)c1cccc(-c2ccc(O)c(NCc3ccc(C(F)(F)F)cc3)c2)c1
scent_clpp,greedy_oracle,107,107,127,1,-9.5,O=Cc1ccc(C(F)(F)F)cc1,FC(F)(F)c1ccc(C2c3[nH]c4ccccc4c3CCN2Cc2nc3ccccc3[nH]2)cc1
scent_clpp,greedy_oracle,108,108,128,1,-9.399999618530273,O=Cc1ccc(C(F)(F)F)cc1,Oc1ccc2[nH]c3c(c2c1)CCNC3c1ccc(C(F)(F)F)cc1
scent_clpp,greedy_oracle,109,109,129,1,-9.199999809265137,O=Cc1ccc(C(F)(F)F)cc1,O=C(C1Cc2ccccc2CN1)N1CCc2c([nH]c3ccccc23)C1c1ccc(C(F)(F)F)cc1
scent_clpp,greedy_oracle,110,110,130,1,-9.100000381469727,O=Cc1ccc(C(F)(F)F)cc1,O=Cc1c[nH]c2cc(N(Cc3ccc(C(F)(F)F)cc3)c3cc(F)c(F)cc3O)ccc12
scent_clpp,greedy_oracle,111,111,131,1,-9.100000381469727,O=Cc1ccc(C(F)(F)F)cc1,O=C(O)C(Cc1c[nH]c2ccccc12)N(Cc1ccc(C(F)(F)F)cc1)CC1Cc2ccccc2CN1
scent_clpp,greedy_oracle,112,112,132,1,-9.100000381469727,O=Cc1ccc(C(F)(F)F)cc1,O=C(O)C1Cc2c([nH]c3ccccc23)C(c2ccc(C(F)(F)F)cc2)N1
scent_clpp,greedy_oracle,113,113,133,1,-9.0,O=Cc1ccc(C(F)(F)F)cc1,FC(F)(F)c1ccc(CNCc2ccc(C(F)(F)F)cc2)cc1
scent_clpp,greedy_oracle,114,114,134,1,-8.899999618530273,O=Cc1ccc(C(F)(F)F)cc1,O=C(O)C1Cc2c([nH]c3ccccc23)C(c2nc(Br)cs2)N1Cc1ccc(C(F)(F)F)cc1
scent_clpp,greedy_oracle,115,115,135,1,-8.800000190734863,O=Cc1ccc(C(F)(F)F)cc1,FC(F)(F)c1ccc(CNCCc2c[nH]c3ccccc23)cc1
scent_clpp,greedy_oracle,116,116,136,1,-8.600000381469727,O=Cc1ccc(C(F)(F)F)cc1,FC(F)(F)c1ccc(CNc2ccnc3ccccc23)cc1
scent_clpp,greedy_oracle,117,117,137,1,-8.600000381469727,O=Cc1ccc(C(F)(F)F)cc1,FC(F)(F)c1ccc(C2NCCc3c(Br)cccc32)cc1
scent_clpp,greedy_oracle,118,118,138,1,-8.5,O=Cc1ccc(C(F)(F)F)cc1,CC(c1ccccc1)N(Cc1ccc(C(F)(F)F)cc1)c1cccc(C(=O)O)n1
scent_clpp,greedy_oracle,119,119,139,1,-8.300000190734863,O=Cc1ccc(C(F)(F)F)cc1,NS(=O)(=O)c1ccc(CCNCc2ccc(C(F)(F)F)cc2)cc1
scent_clpp,greedy_oracle,120,120,140,1,-8.300000190734863,O=Cc1ccc(C(F)(F)F)cc1,O=C(O)C(Cc1ccccc1)NCc1ccc(C(F)(F)F)cc1
scent_clpp,greedy_oracle,121,121,141,1,-8.300000190734863,O=Cc1ccc(C(F)(F)F)cc1,Oc1cc(F)c(F)cc1NCc1ccc(C(F)(F)F)cc1
scent_clpp,greedy_oracle,122,122,142,1,-8.300000190734863,O=Cc1ccc(C(F)(F)F)cc1,O=C(O)C1Cc2ccc(O)cc2C(c2ccc(C(F)(F)F)cc2)N1
scent_clpp,greedy_oracle,123,123,143,1,-8.300000190734863,O=Cc1ccc(C(F)(F)F)cc1,FC(F)(F)c1ccc(C2Nc3ccccc3-n3cccc32)cc1
scent_clpp,greedy_oracle,124,124,144,1,-8.199999809265137,O=Cc1ccc(C(F)(F)F)cc1,Nc1cc(Br)ccc1NCc1ccc(C(F)(F)F)cc1
scent_clpp,greedy_oracle,125,125,145,1,-8.199999809265137,O=Cc1ccc(C(F)(F)F)cc1,Oc1c(Br)cccc1NCc1ccc(C(F)(F)F)cc1
scent_clpp,greedy_oracle,126,126,146,1,-8.199999809265137,O=Cc1ccc(C(F)(F)F)cc1,FC(F)(F)c1ccc(CNc2cccc3cc[nH]c23)cc1
scent_clpp,greedy_oracle,127,127,147,1,-8.199999809265137,O=Cc1ccc(C(F)(F)F)cc1,FC(F)(F)c1ccc(CNc2ccccc2-n2cccc2)cc1
scent_clpp,greedy_oracle,128,128,148,1,-8.199999809265137,O=Cc1ccc(C(F)(F)F)cc1,Fc1nc(NCc2ccc(C(F)(F)F)cc2)c2nc[nH]c2n1
scent_clpp,greedy_oracle,129,129,149,1,-8.199999809265137,O=Cc1ccc(C(F)(F)F)cc1,FC(F)(F)c1ccc(CN(CCc2c[nH]c3ccccc23)Cc2nc3ccccc3[nH]2)cc1
scent_clpp,greedy_oracle,130,130,150,1,-8.199999809265137,O=Cc1ccc(C(F)(F)F)cc1,O=Cc1c[nH]c2ccc(N(Cc3ccc(C(F)(F)F)cc3)c3cc(Br)n[nH]3)cc12
scent_clpp,greedy_oracle,131,131,151,1,-8.199999809265137,O=Cc1ccc(C(F)(F)F)cc1,FC(F)(F)c1ccc(C2NCCc3ccccc32)cc1
scent_clpp,greedy_oracle,132,132,152,1,-8.100000381469727,O=Cc1ccc(C(F)(F)F)cc1,FC(F)(F)c1ccc(CNC23CC(C2)C3)cc1
scent_clpp,greedy_oracle,133,133,153,1,-8.100000381469727,O=Cc1ccc(C(F)(F)F)cc1,O=C(O)c1cccc(O)c1NCc1ccc(C(F)(F)F)cc1
scent_clpp,greedy_oracle,134,134,154,1,-8.100000381469727,O=Cc1ccc(C(F)(F)F)cc1,FC(F)(F)c1ccc(CNc2ccc(Br)cc2)cc1
scent_clpp,greedy_oracle,135,135,155,1,-8.100000381469727,O=Cc1ccc(C(F)(F)F)cc1,O=C(O)C1CCN1Cc1ccc(C(F)(F)F)cc1
scent_clpp,greedy_oracle,136,136,156,1,-8.0,O=Cc1ccc(C(F)(F)F)cc1,Cc1ccc(S(=O)(=O)F)cc1NCc1ccc(C(F)(F)F)cc1
scent_clpp,greedy_oracle,137,137,157,1,-8.0,O=Cc1ccc(C(F)(F)F)cc1,FC(F)(F)c1ccc(CNC2CCC2)cc1
scent_clpp,greedy_oracle,138,138,158,1,-8.0,O=Cc1ccc(C(F)(F)F)cc1,FC(F)(F)c1ccc(CNCCc2ccccc2Br)cc1
scent_clpp,greedy_oracle,139,139,159,1,-8.0,O=Cc1ccc(C(F)(F)F)cc1,FC(F)(F)c1ccc(-c2nc3ccc(C(F)(F)F)cc3[nH]2)cc1
scent_clpp,greedy_oracle,140,140,160,1,-10.399999618530273,NC(Cc1c[nH]c2ccccc12)C(=O)O,NC(Cc1c[nH]c2ccccc12)C(=O)Nc1ccc(-c2cccc(C(=O)O)c2)cc1
scent_clpp,greedy_oracle,141,141,161,1,-10.100000381469727,NC(Cc1c[nH]c2ccccc12)C(=O)O,NC(Cc1c[nH]c2ccccc12)C(=O)N1C(C(=O)O)Cc2c([nH]c3ccccc23)C1c1c[nH]c2ccc(Br)cc12
scent_clpp,greedy_oracle,142,142,162,1,-9.600000381469727,NC(Cc1c[nH]c2ccccc12)C(=O)O,O=C(O)C(Cc1c[nH]c2ccccc12)NCc1c[nH]c2cc(Nc3cc(F)c(F)cc3O)ccc12
scent_clpp,greedy_oracle,143,143,163,1,-9.5,NC(Cc1c[nH]c2ccccc12)C(=O)O,NC(Cc1c[nH]c2ccccc12)C(=O)NC(Cc1c[nH]c2ccccc12)c1nc2ccc(Br)cc2[nH]1
scent_clpp,greedy_oracle,144,144,164,1,-9.5,NC(Cc1c[nH]c2ccccc12)C(=O)O,O=C(O)C(Cc1c[nH]c2ccccc12)Nc1ccc2[nH]cc(C3NC(C(=O)O)Cc4c3[nH]c3ccccc43)c2c1
scent_clpp,greedy_oracle,145,145,165,1,-9.5,NC(Cc1c[nH]c2ccccc12)C(=O)O,O=C(NCc1ccc(C(F)(F)F)cc1)NC(Cc1c[nH]c2ccccc12)C(=O)O
scent_clpp,greedy_oracle,146,146,166,1,-9.399999618530273,NC(Cc1c[nH]c2ccccc12)C(=O)O,Nc1ccc(-c2cccc(C(=O)NC(Cc3c[nH]c4ccccc34)C(=O)O)c2)cc1
scent_clpp,greedy_oracle,147,147,167,1,-8.899999618530273,NC(Cc1c[nH]c2ccccc12)C(=O)O,NC(Cc1c[nH]c2ccccc12)C(=O)NCCc1c[nH]c2ccccc12
scent_clpp,greedy_oracle,148,148,168,1,-8.899999618530273,NC(Cc1c[nH]c2ccccc12)C(=O)O,NC(C(=O)NC(Cc1c[nH]c2ccccc12)C(=O)O)c1ccccc1
scent_clpp,greedy_oracle,149,149,169,1,-8.699999809265137,NC(Cc1c[nH]c2ccccc12)C(=O)O,O=C(O)C(Cc1c[nH]c2ccccc12)Nc1ccc2ccccc2n1
scent_clpp,greedy_oracle,150,150,170,1,-8.600000381469727,NC(Cc1c[nH]c2ccccc12)C(=O)O,O=C(Nc1ccnc2ccccc12)NC(Cc1c[nH]c2ccccc12)C(=O)O
scent_clpp,greedy_oracle,151,151,171,1,-8.399999618530273,NC(Cc1c[nH]c2ccccc12)C(=O)O,NC(Cc1c[nH]c2ccccc12)C(=O)N1Cc2ccccc2CC1C(=O)O
scent_clpp,greedy_oracle,152,152,172,1,-8.399999618530273,NC(Cc1c[nH]c2ccccc12)C(=O)O,NC(Cc1c[nH]c2ccccc12)c1nc2ccc(NC(Cc3c[nH]c4ccccc34)C(=O)O)cc2[nH]1
scent_clpp,greedy_oracle,153,153,173,1,-8.300000190734863,NC(Cc1c[nH]c2ccccc12)C(=O)O,O=C(O)C(Cc1c[nH]c2ccccc12)NCc1ccccc1C(F)(F)F
scent_clpp,greedy_oracle,154,154,174,1,-8.300000190734863,NC(Cc1c[nH]c2ccccc12)C(=O)O,NC(Cc1c[nH]c2ccccc12)C(=O)NC(CC1CCCCC1)C(=O)O
scent_clpp,greedy_oracle,155,155,175,1,-8.199999809265137,NC(Cc1c[nH]c2ccccc12)C(=O)O,CC(Nc1cccc(CNC(Cc2c[nH]c3ccccc23)C(=O)O)c1)c1ccccc1
scent_clpp,greedy_oracle,156,156,176,1,-8.199999809265137,NC(Cc1c[nH]c2ccccc12)C(=O)O,O=C(O)C(Cc1c[nH]c2ccccc12)NC(CCl)c1ccc(F)cc1
scent_clpp,greedy_oracle,157,157,177,1,-8.199999809265137,NC(Cc1c[nH]c2ccccc12)C(=O)O,O=C(O)C(Cc1c[nH]c2ccccc12)Nc1cncc(C(F)(F)F)c1
scent_clpp,greedy_oracle,158,158,178,1,-8.100000381469727,NC(Cc1c[nH]c2ccccc12)C(=O)O,O=C(O)C(Cc1c[nH]c2ccccc12)NS(=O)(=O)c1cccc(Br)c1
scent_clpp,greedy_oracle,159,159,179,1,-8.100000381469727,NC(Cc1c[nH]c2ccccc12)C(=O)O,NC(Cc1c[nH]c2ccccc12)C(=O)N(c1ccc2c(C=O)c[nH]c2c1)c1cc(F)c(F)cc1O
scent_clpp,greedy_oracle,160,160,180,1,-8.0,NC(Cc1c[nH]c2ccccc12)C(=O)O,O=C(O)C(Cc1c[nH]c2ccccc12)Nc1ncc2[nH]ccc2n1
scent_clpp,greedy_oracle,161,161,181,1,-8.0,NC(Cc1c[nH]c2ccccc12)C(=O)O,CC(c1ccccc1)N(C(=O)C(N)Cc1c[nH]c2ccccc12)c1cccc(C(=O)O)n1
scent_clpp,greedy_oracle,162,162,182,1,-9.600000381469727,Nc1cc(F)ccc1O,NC(Cc1c[nH]c2ccccc12)c1nc2cc(Nc3cc(F)ccc3O)ccc2[nH]1
scent_clpp,greedy_oracle,163,163,183,1,-9.600000381469727,Nc1cc(F)ccc1O,O=C(O)C(Cc1c[nH]c2ccccc12)NCC1Cc2ccccc2CN1C(=O)Nc1cc(F)ccc1O
scent_clpp,greedy_oracle,164,164,184,1,-9.300000190734863,Nc1cc(F)ccc1O,O=C(Nc1cc(F)ccc1O)NC(Cc1c[nH]c2ccccc12)c1nc2ccc(Br)cc2o1
scent_clpp,greedy_oracle,165,165,185,1,-9.199999809265137,Nc1cc(F)ccc1O,O=Cc1c[nH]c2cc(N(C(=O)Nc3cc(F)ccc3O)c3cc(F)c(F)cc3O)ccc12
scent_clpp,greedy_oracle,166,166,186,1,-8.699999809265137,Nc1cc(F)ccc1O,O=C(Nc1cc(F)ccc1O)C1Cc2c([nH]c3ccccc23)C(c2nc(Br)cs2)N1
scent_clpp,greedy_oracle,167,167,187,1,-8.699999809265137,Nc1cc(F)ccc1O,O=C(NCCc1c[nH]c2ccccc12)Nc1cc(F)ccc1O
scent_clpp,greedy_oracle,168,168,188,1,-8.5,Nc1cc(F)ccc1O,O=C(NCc1ccc(C(F)(F)F)cc1)Nc1cc(F)ccc1O
scent_clpp,greedy_oracle,169,169,189,1,-8.399999618530273,Nc1cc(F)ccc1O,Nc1ccc(-c2cccc(C(=O)Nc3cc(F)ccc3O)c2)cc1
scent_clpp,greedy_oracle,170,170,190,1,-8.300000190734863,Nc1cc(F)ccc1O,Oc1ccc(F)cc1NCc1ccc(C(F)(F)F)cc1F
scent_clpp,greedy_oracle,171,171,191,1,-8.300000190734863,Nc1cc(F)ccc1O,O=C(Nc1cc(F)ccc1O)Nc1cccc2ccccc12
scent_clpp,greedy_oracle,172,172,192,1,-8.199999809265137,Nc1cc(F)ccc1O,O=C(O)C1Cc2c([nH]c3ccccc23)C(c2ccnc(Br)c2)N1C(=O)Nc1cc(F)ccc1O
scent_clpp,greedy_oracle,173,173,193,1,-8.100000381469727,Nc1cc(F)ccc1O,NS(=O)(=O)c1ccc(CCNC(=O)Nc2cc(F)ccc2O)cc1
scent_clpp,greedy_oracle,174,174,194,1,-8.0,Nc1cc(F)ccc1O,Oc1ccc(F)cc1Nc1ccc2ccccc2n1
scent_clpp,greedy_oracle,175,175,195,1,-8.0,Nc1cc(F)ccc1O,Oc1ccc(F)cc1NCc1ccc(C(F)(F)F)c(F)c1
scent_clpp,greedy_oracle,176,176,196,1,-8.0,Nc1cc(F)ccc1O,Oc1ccc(F)cc1Nc1cncc(C(F)(F)F)c1
scent_clpp,greedy_oracle,177,177,197,1,-8.0,Nc1cc(F)ccc1O,O=C(Nc1cc(F)ccc1O)NC(Cc1ccc(O)cc1)C(=O)O
scent_clpp,greedy_oracle,178,178,198,1,-11.100000381469727,O=Cc1c[nH]c2ccccc12,FC(F)(F)c1ccc2[nH]c(C3Cc4c([nH]c5ccccc45)C(c4c[nH]c5ccccc45)N3)nc2c1
scent_clpp,greedy_oracle,179,179,199,1,-9.399999618530273,O=Cc1c[nH]c2ccccc12,Brc1ccc2nc(C3Cc4c([nH]c5ccccc45)C(c4c[nH]c5ccccc45)N3)oc2c1
scent_clpp,greedy_oracle,180,180,200,1,-8.800000190734863,O=Cc1c[nH]c2ccccc12,O=C(O)c1cccc(-c2ccc3oc(-c4c[nH]c5ccccc45)nc3c2)c1
scent_clpp,greedy_oracle,181,181,201,1,-8.399999618530273,O=Cc1c[nH]c2ccccc12,O=C(O)C(Cc1ccc(O)cc1)NCc1c[nH]c2ccccc12
scent_clpp,greedy_oracle,182,182,202,1,-8.399999618530273,O=Cc1c[nH]c2ccccc12,c1ccc2c(C3NCCc4c3[nH]c3ccccc43)c[nH]c2c1
scent_clpp,greedy_oracle,183,183,203,1,-8.399999618530273,O=Cc1c[nH]c2ccccc12,FC(F)(F)c1ccc2nc(-c3c[nH]c4ccccc34)[nH]c2c1
scent_clpp,greedy_oracle,184,184,204,1,-8.300000190734863,O=Cc1c[nH]c2ccccc12,Oc1ccc2[nH]cc(CCNCc3c[nH]c4ccccc34)c2c1
scent_clpp,greedy_oracle,185,185,205,1,-8.199999809265137,O=Cc1c[nH]c2ccccc12,O=C(O)C1Cc2c([nH]c3ccccc23)C(c2ccnc(Br)c2)N1Cc1c[nH]c2ccccc12
scent_clpp,greedy_oracle,186,186,206,1,-8.0,O=Cc1c[nH]c2ccccc12,c1ccc(CNCc2c[nH]c3ccccc23)cc1
scent_clpp,greedy_oracle,187,187,207,1,-8.0,O=Cc1c[nH]c2ccccc12,c1cc(NCc2c[nH]c3ccccc23)c2[nH]ccc2c1
scent_clpp,greedy_oracle,188,188,208,1,-8.0,O=Cc1c[nH]c2ccccc12,c1ccc2c(c1)NC(c1c[nH]c3ccccc13)c1cccn1-2
scent_clpp,greedy_oracle,189,189,209,1,-8.0,O=Cc1c[nH]c2ccccc12,Brc1ccc2[nH]c(-c3c[nH]c4ccccc34)nc2c1
scent_clpp,greedy_oracle,190,190,210,1,-8.0,O=Cc1c[nH]c2ccccc12,CC(C)(C)c1ccc(C(=O)Cn2cc(C=O)c3ccccc32)cc1
scent_clpp,greedy_oracle,191,191,211,1,-10.5,Cc1cc(B(O)O)ccc1F,Cc1cc(-c2ccc3[nH]cc(C4NC(C(=O)O)Cc5c4[nH]c4ccccc54)c3c2)ccc1F
scent_clpp,greedy_oracle,192,192,212,1,-8.800000190734863,Cc1cc(B(O)O)ccc1F,Cc1cc(-c2cccc(C=O)c2)ccc1F
scent_clpp,greedy_oracle,193,193,213,1,-8.800000190734863,Cc1cc(B(O)O)ccc1F,Cc1cc(-c2cncc(C(F)(F)F)c2)ccc1F
scent_clpp,greedy_oracle,194,194,214,1,-8.600000381469727,Cc1cc(B(O)O)ccc1F,Cc1cc(-c2cccc(S(=O)(=O)F)c2)ccc1F
scent_clpp,greedy_oracle,195,195,215,1,-8.600000381469727,Cc1cc(B(O)O)ccc1F,Cc1cc(-c2cc(Nc3ccc4[nH]cc(C=O)c4c3)[nH]n2)ccc1F
scent_clpp,greedy_oracle,196,196,216,1,-8.5,Cc1cc(B(O)O)ccc1F,Cc1cc(-c2cccnc2F)ccc1F
scent_clpp,greedy_oracle,197,197,217,1,-8.399999618530273,Cc1cc(B(O)O)ccc1F,Cc1cc(-c2ccc3[nH]cc(C=O)c3c2)ccc1F
scent_clpp,greedy_oracle,198,198,218,1,-8.300000190734863,Cc1cc(B(O)O)ccc1F,Cc1cc(-c2nc(F)ccc2N)ccc1F
scent_clpp,greedy_oracle,199,199,219,1,-8.100000381469727,Cc1cc(B(O)O)ccc1F,Cc1cc(-c2cc(C(=O)O)ccc2N)ccc1F
scent_clpp,greedy_oracle,200,200,220,1,-8.100000381469727,Cc1cc(B(O)O)ccc1F,Cc1cc(-c2cccc(S(=O)(=O)F)n2)ccc1F
scent_clpp,greedy_oracle,201,201,221,1,-8.0,Cc1cc(B(O)O)ccc1F,Cc1cc(-c2cc(C=O)ccn2)ccc1F
scent_clpp,greedy_oracle,202,202,222,1,-8.0,Cc1cc(B(O)O)ccc1F,Cc1cc(-c2ccnc(F)c2)ccc1F
scent_clpp,greedy_oracle,203,203,223,1,-8.899999618530273,Nc1cc(Br)ccc1O,Nc1cc(Nc2cc(-c3cccc(C(=O)O)c3)ccc2O)ccc1O
scent_clpp,greedy_oracle,204,204,224,1,-8.699999809265137,Nc1cc(Br)ccc1O,Nc1cc(N(c2ccc3c(C=O)c[nH]c3c2)c2cc(F)c(F)cc2O)ccc1O
scent_clpp,greedy_oracle,205,205,225,1,-8.5,Nc1cc(Br)ccc1O,NC(Cc1ccccc1)C(=O)Nc1cc(Br)ccc1O
scent_clpp,greedy_oracle,206,206,226,1,-8.5,Nc1cc(Br)ccc1O,O=C(NCCc1c[nH]c2ccc(O)cc12)Nc1cc(Br)ccc1O
scent_clpp,greedy_oracle,207,207,227,1,-8.399999618530273,Nc1cc(Br)ccc1O,Nc1cc(N(CCc2c[nH]c3ccccc23)Cc2nc3ccccc3[nH]2)ccc1O
scent_clpp,greedy_oracle,208,208,228,1,-8.300000190734863,Nc1cc(Br)ccc1O,O=C(O)C1Cc2c([nH]c3ccccc23)C(c2nc(Nc3cc(Br)ccc3O)cs2)N1
scent_clpp,greedy_oracle,209,209,229,1,-8.300000190734863,Nc1cc(Br)ccc1O,Nc1cc(NC(Cc2c[nH]c3ccccc23)c2nc3cc(Br)ccc3[nH]2)ccc1O
scent_clpp,greedy_oracle,210,210,230,1,-8.100000381469727,Nc1cc(Br)ccc1O,Nc1cc(-c2cc(C(=O)O)ccc2F)ccc1O
scent_clpp,greedy_oracle,211,211,231,1,-8.100000381469727,Nc1cc(Br)ccc1O,CC(c1ccccc1)N(c1ccc(O)c(N)c1)c1ccc2c(C=O)c[nH]c2c1
scent_clpp,greedy_oracle,212,212,232,1,-8.0,Nc1cc(Br)ccc1O,O=C(Nc1ccc(C(F)(F)F)cc1)Nc1cc(Br)ccc1O
scent_clpp,greedy_oracle,213,213,233,1,-8.0,Nc1cc(Br)ccc1O,O=C(NCc1c[nH]c2ccccc12)Nc1cc(Br)ccc1O
scent_clpp,greedy_oracle,214,214,234,1,-8.600000381469727,Cc1ccccc1B(O)O,Cc1ccccc1-c1cncc(C(F)(F)F)c1
scent_clpp,greedy_oracle,215,215,235,1,-8.300000190734863,Cc1ccccc1B(O)O,Cc1ccccc1-c1cccc(C=O)c1
scent_clpp,greedy_oracle,216,216,236,1,-8.300000190734863,Cc1ccccc1B(O)O,Cc1ccccc1-c1ccc(N=C=O)cc1
scent_clpp,greedy_oracle,217,217,237,1,-8.0,Cc1ccccc1B(O)O,Cc1ccccc1-c1cccc(S(=O)(=O)F)c1
scent_clpp,greedy_oracle,218,218,238,1,-8.399999618530273,Nc1ccc(Br)cc1,Nc1ccc(Nc2ccc(-c3cccc(C(=O)O)c3)cc2)cc1
scent_clpp,greedy_oracle,219,219,239,1,-8.199999809265137,Nc1ccc(Br)cc1,O=S(=O)(Nc1ccc(Br)cc1)c1cccc2ccccc12
scent_clpp,greedy_oracle,220,220,240,1,-8.0,Nc1ccc(Br)cc1,FC(F)(F)c1ccccc1CNc1ccc(Br)cc1
scent_clpp,greedy_oracle,221,221,241,1,-8.0,Nc1ccc(Br)cc1,O=C(Nc1ccc(Br)cc1)c1ccc(F)c(F)c1F
scent_clpp,greedy_oracle,222,222,242,1,-9.0,OB(O)c1cccc(Cl)c1,O=C(O)C1Cc2c([nH]c3ccccc23)C(c2nc(-c3cccc(Cl)c3)cs2)N1
scent_clpp,greedy_oracle,223,223,243,1,-8.100000381469727,OB(O)c1cccc(Cl)c1,Cc1cc(-c2cccc(Cl)c2)cnc1F
scent_clpp,greedy_oracle,224,224,244,1,-8.100000381469727,OB(O)c1cccc(Cl)c1,Fc1cc(-c2cccc(Cl)c2)ccn1
scent_clpp,greedy_oracle,225,225,245,1,-8.300000190734863,Nc1ccc(Br)cc1N,CC(C)(C)c1ccc(C(CCl)Nc2ccc(Br)cc2N)cc1
scent_clpp,greedy_oracle,226,226,246,1,-8.100000381469727,Nc1ccc(Br)cc1N,Nc1ccc(Br)cc1NC(=O)C(N)Cc1ccc(O)cc1
scent_clpp,greedy_oracle,227,227,247,1,-8.0,Nc1ccc(Br)cc1N,Nc1ccc(-c2cccc(C=O)c2)cc1N
scent_clpp,greedy_oracle,228,228,248,1,-9.199999809265137,NC(Cc1c[nH]c2ccccc12)c1nc2cc(C(F)(F)F)ccc2[nH]1,O=C(NC(Cc1c[nH]c2ccccc12)c1nc2cc(C(F)(F)F)ccc2[nH]1)C1Cc2c([nH]c3ccccc23)C(c2nc(Br)cs2)N1
scent_clpp,greedy_oracle,229,229,249,1,-9.100000381469727,NC(Cc1c[nH]c2ccccc12)c1nc2cc(C(F)(F)F)ccc2[nH]1,CC(c1ccccc1)N(C(=O)NC(Cc1c[nH]c2ccccc12)c1nc2cc(C(F)(F)F)ccc2[nH]1)c1ccc2c(C=O)c[nH]c2c1
scent_clpp,greedy_oracle,230,230,250,1,-8.0,Nc1ccc(Br)cc1O,O=C(NCCc1ccccc1)Nc1ccc(Br)cc1O
scent_clpp,greedy_oracle,231,231,252,2,-10.800000190734863,O=C(O)c1cccc(-c2ccnc(F)c2)c1,O=C(NCc1ccc(C(F)(F)F)cc1)c1cccc(-c2ccnc(F)c2)c1
scent_clpp,greedy_oracle,232,232,253,1,-10.5,O=C(O)c1cccc(-c2ccnc(F)c2)c1,O=C(NCCc1c[nH]c2ccc(O)cc12)c1cccc(-c2ccnc(F)c2)c1
scent_clpp,greedy_oracle,233,233,254,1,-10.5,O=C(O)c1cccc(-c2ccnc(F)c2)c1,O=C(O)C1Cc2c([nH]c3ccccc23)C(c2c[nH]c3ccc(Br)cc23)N1Cc1cccc(-c2ccnc(F)c2)c1
scent_clpp,greedy_oracle,234,234,255,1,-10.199999809265137,O=C(O)c1cccc(-c2ccnc(F)c2)c1,O=C(O)c1cccc(-c2ccnc(N3Cc4ccccc4CC3C(=O)NCCc3c[nH]c4ccccc34)c2)c1
scent_clpp,greedy_oracle,235,235,256,1,-10.199999809265137,O=C(O)c1cccc(-c2ccnc(F)c2)c1,O=C(O)C(Cc1c[nH]c2ccccc12)N(CC1Cc2ccccc2CN1)C(=O)c1cccc(-c2ccnc(F)c2)c1
scent_clpp,greedy_oracle,236,236,257,1,-10.100000381469727,O=C(O)c1cccc(-c2ccnc(F)c2)c1,O=C(Nc1ccnc2ccccc12)c1cccc(-c2ccnc(F)c2)c1
scent_clpp,greedy_oracle,237,237,258,1,-10.100000381469727,O=C(O)c1cccc(-c2ccnc(F)c2)c1,O=Cc1c[nH]c2cc(N(C(=O)c3cccc(-c4ccnc(F)c4)c3)c3cc(F)c(F)cc3O)ccc12
scent_clpp,greedy_oracle,238,238,259,1,-10.100000381469727,O=C(O)c1cccc(-c2ccnc(F)c2)c1,Fc1cc(-c2cccc(CNC(Cc3c[nH]c4ccccc34)c3nc4ccc(Br)cc4o3)c2)ccn1
scent_clpp,greedy_oracle,239,239,260,1,-10.0,O=C(O)c1cccc(-c2ccnc(F)c2)c1,Nc1cc(C(F)(F)F)ccc1Nc1cc(-c2cccc(C(=O)O)c2)ccn1
scent_clpp,greedy_oracle,240,240,261,1,-9.600000381469727,O=C(O)c1cccc(-c2ccnc(F)c2)c1,O=C(O)c1cccc(-c2ccnc(N3C(C(=O)O)Cc4c([nH]c5ccccc45)C3c3nc(Br)cs3)c2)c1
scent_clpp,greedy_oracle,241,241,262,1,-9.600000381469727,O=C(O)c1cccc(-c2ccnc(F)c2)c1,O=C(NC(C(=O)O)c1ccccc1)c1cccc(-c2ccnc(F)c2)c1
scent_clpp,greedy_oracle,242,242,263,1,-9.600000381469727,O=C(O)c1cccc(-c2ccnc(F)c2)c1,CC(NCc1cccc(-c2ccnc(F)c2)c1)c1ccccc1
scent_clpp,greedy_oracle,243,243,264,1,-9.600000381469727,O=C(O)c1cccc(-c2ccnc(F)c2)c1,Nc1ccc(C(F)(F)F)cc1NCc1cccc(-c2ccnc(F)c2)c1
scent_clpp,greedy_oracle,244,244,265,1,-9.600000381469727,O=C(O)c1cccc(-c2ccnc(F)c2)c1,Fc1cc(-c2cccc(CN3CCCC3C(F)(F)F)c2)ccn1
scent_clpp,greedy_oracle,245,245,266,1,-9.5,O=C(O)c1cccc(-c2ccnc(F)c2)c1,O=C(O)c1cccc(-c2ccnc(NCc3c[nH]c4ccccc34)c2)c1
scent_clpp,greedy_oracle,246,246,267,1,-9.5,O=C(O)c1cccc(-c2ccnc(F)c2)c1,O=C(CCl)c1ccc(OC(=O)c2cccc(-c3ccnc(F)c3)c2)c(O)c1
scent_clpp,greedy_oracle,247,247,268,1,-9.5,O=C(O)c1cccc(-c2ccnc(F)c2)c1,Cc1ccc(S(=O)(=O)F)cc1NCc1cccc(-c2ccnc(F)c2)c1
scent_clpp,greedy_oracle,248,248,269,1,-9.399999618530273,O=C(O)c1cccc(-c2ccnc(F)c2)c1,O=C(c1cccc(-c2ccnc(F)c2)c1)N(CCc1c[nH]c2ccccc12)Cc1nc2ccccc2[nH]1
scent_clpp,greedy_oracle,249,249,270,1,-9.399999618530273,O=C(O)c1cccc(-c2ccnc(F)c2)c1,NCCc1c[nH]c2ccc(OC(=O)c3cccc(-c4ccnc(F)c4)c3)cc12
scent_clpp,greedy_oracle,250,250,271,1,-9.399999618530273,O=C(O)c1cccc(-c2ccnc(F)c2)c1,O=C(Oc1c(Br)c(C(F)(F)F)nc2ccccc12)c1cccc(-c2ccnc(F)c2)c1
scent_clpp,greedy_oracle,251,251,272,1,-9.399999618530273,O=C(O)c1cccc(-c2ccnc(F)c2)c1,O=Cc1c[nH]c2cc(Nc3cc(F)c(F)cc3OC(=O)c3cccc(-c4ccnc(F)c4)c3)ccc12
scent_clpp,greedy_oracle,252,252,273,1,-9.399999618530273,O=C(O)c1cccc(-c2ccnc(F)c2)c1,O=C(O)C1Cc2ccccc2CN1Cc1cccc(-c2ccnc(F)c2)c1
scent_clpp,greedy_oracle,253,253,274,1,-9.399999618530273,O=C(O)c1cccc(-c2ccnc(F)c2)c1,CC(c1ccccc1)N(Cc1cccc(-c2ccnc(F)c2)c1)c1ccc2c(C=O)c[nH]c2c1
scent_clpp,greedy_oracle,254,254,275,1,-9.300000190734863,O=C(O)c1cccc(-c2ccnc(F)c2)c1,CC(Nc1cc(-c2cccc(C(=O)O)c2)ccn1)c1ccccc1
scent_clpp,greedy_oracle,255,255,276,1,-9.199999809265137,O=C(O)c1cccc(-c2ccnc(F)c2)c1,O=C(O)c1cccc(-c2ccnc(Nc3nc(F)nc4[nH]cnc34)c2)c1
scent_clpp,greedy_oracle,256,256,277,1,-9.199999809265137,O=C(O)c1cccc(-c2ccnc(F)c2)c1,O=C(c1cccc(-c2ccnc(F)c2)c1)N1CCCC1C(F)(F)F
scent_clpp,greedy_oracle,257,257,278,1,-9.199999809265137,O=C(O)c1cccc(-c2ccnc(F)c2)c1,Fc1cc(-c2cccc(CNCCc3c[nH]c4ccccc34)c2)ccn1
scent_clpp,greedy_oracle,258,258,279,1,-9.199999809265137,O=C(O)c1cccc(-c2ccnc(F)c2)c1,O=C(O)c1ccc(O)c(NCc2cccc(-c3ccnc(F)c3)c2)c1
scent_clpp,greedy_oracle,259,259,280,1,-9.199999809265137,O=C(O)c1cccc(-c2ccnc(F)c2)c1,Fc1cc(-c2cccc(CNc3cccc4cc[nH]c34)c2)ccn1
scent_clpp,greedy_oracle,260,260,281,1,-9.100000381469727,O=C(O)c1cccc(-c2ccnc(F)c2)c1,N#Cc1cc(Br)cc(Nc2cc(-c3cccc(C(=O)O)c3)ccn2)c1
scent_clpp,greedy_oracle,261,261,282,1,-9.100000381469727,O=C(O)c1cccc(-c2ccnc(F)c2)c1,Cc1cc(Br)cnc1NC(=O)c1cccc(-c2ccnc(F)c2)c1
scent_clpp,greedy_oracle,262,262,283,1,-9.100000381469727,O=C(O)c1cccc(-c2ccnc(F)c2)c1,O=C(NC1CCCCC1O)c1cccc(-c2ccnc(F)c2)c1
scent_clpp,greedy_oracle,263,263,284,1,-9.0,O=C(O)c1cccc(-c2ccnc(F)c2)c1,CC(c1ccccc1)N(c1cccc(C=O)c1)c1cc(-c2cccc(C(=O)O)c2)ccn1
scent_clpp,greedy_oracle,264,264,285,1,-9.0,O=C(O)c1cccc(-c2ccnc(F)c2)c1,O=Cc1c[nH]c2ccc(N(c3cc(-c4cccc(C(=O)O)c4)ccn3)c3cc(Br)n[nH]3)cc12
scent_clpp,greedy_oracle,265,265,286,1,-9.0,O=C(O)c1cccc(-c2ccnc(F)c2)c1,O=C(O)c1cccc(-c2ccnc(NCCc3ccccc3Br)c2)c1
scent_clpp,greedy_oracle,266,266,287,1,-9.0,O=C(O)c1cccc(-c2ccnc(F)c2)c1,O=C(O)c1cccc(-c2ccnc(Nc3c(F)cccc3C(=O)O)c2)c1
scent_clpp,greedy_oracle,267,267,288,1,-9.0,O=C(O)c1cccc(-c2ccnc(F)c2)c1,Oc1ccc(CNCc2cccc(-c3ccnc(F)c3)c2)cc1
scent_clpp,greedy_oracle,268,268,289,1,-9.0,O=C(O)c1cccc(-c2ccnc(F)c2)c1,O=C(O)C1CCCN(Cc2cccc(-c3ccnc(F)c3)c2)C1
scent_clpp,greedy_oracle,269,269,290,1,-8.899999618530273,O=C(O)c1cccc(-c2ccnc(F)c2)c1,O=C(O)c1cccc(-c2ccnc(N3CCCC(C(=O)O)C3)c2)c1
scent_clpp,greedy_oracle,270,270,291,1,-8.899999618530273,O=C(O)c1cccc(-c2ccnc(F)c2)c1,O=C(O)c1cccc(-c2ccnc(NC3CCCCC3)c2)c1
scent_clpp,greedy_oracle,271,271,292,1,-8.899999618530273,O=C(O)c1cccc(-c2ccnc(F)c2)c1,O=C(Oc1ccc(Br)cn1)c1cccc(-c2ccnc(F)c2)c1
scent_clpp,greedy_oracle,272,272,293,1,-8.899999618530273,O=C(O)c1cccc(-c2ccnc(F)c2)c1,Fc1cc(-c2cccc(CNc3ccc(Br)cc3)c2)ccn1
scent_clpp,greedy_oracle,273,273,294,1,-8.899999618530273,O=C(O)c1cccc(-c2ccnc(F)c2)c1,Fc1cc(-c2cccc(CNc3nc(F)nc4[nH]cnc34)c2)ccn1
scent_clpp,greedy_oracle,274,274,295,1,-8.800000190734863,O=C(O)c1cccc(-c2ccnc(F)c2)c1,Fc1cc(-c2cccc(CNC3CCCCC3)c2)ccn1
scent_clpp,greedy_oracle,275,275,296,1,-8.699999809265137,O=C(O)c1cccc(-c2ccnc(F)c2)c1,O=C(O)c1cccc(-c2ccc(NC(=O)c3cccc(-c4ccnc(F)c4)c3)cc2)c1
scent_clpp,greedy_oracle,276,276,297,1,-8.5,O=C(O)c1cccc(-c2ccnc(F)c2)c1,O=C(O)c1cccc(-c2ccnc(NC(Cc3ccc([N+](=O)[O-])cc3)C(=O)O)c2)c1
scent_clpp,greedy_oracle,277,277,298,1,-8.5,O=C(O)c1cccc(-c2ccnc(F)c2)c1,O=C(OC1CN2CCC1CC2)c1cccc(-c2ccnc(F)c2)c1
scent_clpp,greedy_oracle,278,278,299,1,-8.399999618530273,O=C(O)c1cccc(-c2ccnc(F)c2)c1,COc1cccc(CNc2cc(-c3cccc(C(=O)O)c3)ccn2)c1
scent_clpp,greedy_oracle,279,279,300,1,-8.199999809265137,O=C(O)c1cccc(-c2ccnc(F)c2)c1,NCCN1CCN(C(=O)c2cccc(-c3ccnc(F)c3)c2)CC1
scent_clpp,greedy_oracle,280,280,301,1,-8.100000381469727,O=C(O)c1cccc(-c2ccnc(F)c2)c1,NC(CCCCNC(=O)c1cccc(-c2ccnc(F)c2)c1)C(=O)O
scent_clpp,greedy_oracle,281,281,302,1,-8.100000381469727,O=C(O)c1cccc(-c2ccnc(F)c2)c1,O=C(OCC1CCCN1)c1cccc(-c2ccnc(F)c2)c1
scent_clpp,greedy_oracle,282,282,303,1,-8.100000381469727,O=C(O)c1cccc(-c2ccnc(F)c2)c1,O=C(O)C(Cc1ccc([N+](=O)[O-])cc1)NCc1cccc(-c2ccnc(F)c2)c1
scent_clpp,greedy_oracle,283,283,304,1,-8.0,O=C(O)c1cccc(-c2ccnc(F)c2)c1,CC(OC(=O)c1cccc(-c2ccnc(F)c2)c1)C(N)C(=O)O
scent_clpp,greedy_oracle,284,284,306,2,-10.699999809265137,CC(=O)c1cccc(-c2cccc(C=O)c2)c1,CC(=O)c1cccc(-c2cccc(CNCc3ccc(C(F)(F)F)cc3)c2)c1
scent_clpp,greedy_oracle,285,285,307,1,-10.300000190734863,CC(=O)c1cccc(-c2cccc(C=O)c2)c1,CC(=O)c1cccc(-c2cccc(C3NCCc4c3[nH]c3ccccc43)c2)c1
scent_clpp,greedy_oracle,286,286,308,1,-10.100000381469727,CC(=O)c1cccc(-c2cccc(C=O)c2)c1,CC(c1cccc(-c2cccc(C=O)c2)c1)N1C(C(=O)O)Cc2c([nH]c3ccccc23)C1c1ccnc(Br)c1
scent_clpp,greedy_oracle,287,287,309,1,-10.100000381469727,CC(=O)c1cccc(-c2cccc(C=O)c2)c1,CC(=O)c1cccc(-c2cccc(-c3nc4ccc(C(F)(F)F)cc4[nH]3)c2)c1
scent_clpp,greedy_oracle,288,288,310,1,-10.0,CC(=O)c1cccc(-c2cccc(C=O)c2)c1,CC(=O)c1cccc(-c2cccc(CNc3ccnc4ccccc34)c2)c1
scent_clpp,greedy_oracle,289,289,311,1,-10.0,CC(=O)c1cccc(-c2cccc(C=O)c2)c1,CC(=O)c1cccc(-c2cccc(C3NCCc4ccccc43)c2)c1
scent_clpp,greedy_oracle,290,290,312,1,-9.899999618530273,CC(=O)c1cccc(-c2cccc(C=O)c2)c1,CC(NCc1c[nH]c2ccccc12)c1cccc(-c2cccc(C=O)c2)c1
scent_clpp,greedy_oracle,291,291,313,1,-9.899999618530273,CC(=O)c1cccc(-c2cccc(C=O)c2)c1,CC(Nc1ccc(C(F)(F)F)cc1N)c1cccc(-c2cccc(C=O)c2)c1
scent_clpp,greedy_oracle,292,292,314,1,-9.899999618530273,CC(=O)c1cccc(-c2cccc(C=O)c2)c1,CC(=O)c1cccc(-c2cccc(C3Nc4ccccc4-n4cccc43)c2)c1
scent_clpp,greedy_oracle,293,293,315,1,-9.899999618530273,CC(=O)c1cccc(-c2cccc(C=O)c2)c1,CC(=O)c1cccc(-c2cccc(-c3nc4c(Br)cccc4[nH]3)c2)c1
scent_clpp,greedy_oracle,294,294,316,1,-9.800000190734863,CC(=O)c1cccc(-c2cccc(C=O)c2)c1,CC(=O)c1cccc(-c2cccc(CNc3cc(F)c(F)cc3O)c2)c1
scent_clpp,greedy_oracle,295,295,317,1,-9.800000190734863,CC(=O)c1cccc(-c2cccc(C=O)c2)c1,CC(c1cccc(-c2cccc(C=O)c2)c1)N(CC1Cc2ccccc2CN1)C(Cc1c[nH]c2ccccc12)C(=O)O
scent_clpp,greedy_oracle,296,296,318,1,-9.800000190734863,CC(=O)c1cccc(-c2cccc(C=O)c2)c1,CC(=O)c1cccc(-c2cccc(-c3nc4cc(F)c(F)cc4o3)c2)c1
scent_clpp,greedy_oracle,297,297,319,1,-9.699999809265137,CC(=O)c1cccc(-c2cccc(C=O)c2)c1,CC(Nc1cc(-c2cccc(C(=O)O)c2)ccc1O)c1cccc(-c2cccc(C=O)c2)c1
scent_clpp,greedy_oracle,298,298,320,1,-9.600000381469727,CC(=O)c1cccc(-c2cccc(C=O)c2)c1,CC(Nc1ccnc2ccccc12)c1cccc(-c2cccc(C=O)c2)c1
scent_clpp,greedy_oracle,299,299,321,1,-9.5,CC(=O)c1cccc(-c2cccc(C=O)c2)c1,CC(=O)c1cccc(-c2cccc(CN3CCC(=O)CC3)c2)c1
scent_clpp,greedy_oracle,300,300,322,1,-9.5,CC(=O)c1cccc(-c2cccc(C=O)c2)c1,CC(Nc1cccc2cc[nH]c12)c1cccc(-c2cccc(C=O)c2)c1
scent_clpp,greedy_oracle_static,1,1,23,3,-12.300000190734863,FC(F)(F)c1ccc2[nH]c(C(Cc3c[nH]c4ccccc34)NCc3nc4ccccc4[nH]3)nc2c1,Fc1cc(C2c3[nH]c4ccccc4c3CC(c3nc4cc(C(F)(F)F)ccc4[nH]3)N2Cc2nc3ccccc3[nH]2)ccc1C(F)(F)F
scent_clpp,greedy_oracle_static,2,2,24,1,-11.100000381469727,FC(F)(F)c1ccc2[nH]c(C(Cc3c[nH]c4ccccc34)NCc3nc4ccccc4[nH]3)nc2c1,Nc1cc(-c2cccc(C(=O)N(Cc3nc4ccccc4[nH]3)C(Cc3c[nH]c4ccccc34)c3nc4cc(C(F)(F)F)ccc4[nH]3)c2)ccc1O
scent_clpp,greedy_oracle_static,3,3,25,1,-10.800000190734863,FC(F)(F)c1ccc2[nH]c(C(Cc3c[nH]c4ccccc34)NCc3nc4ccccc4[nH]3)nc2c1,O=C(O)c1ccc(Cn2cc(CC(NCc3nc4ccccc4[nH]3)c3nc4cc(C(F)(F)F)ccc4[nH]3)c3ccccc32)cc1
scent_clpp,greedy_oracle_static,4,4,26,1,-10.399999618530273,FC(F)(F)c1ccc2[nH]c(C(Cc3c[nH]c4ccccc34)NCc3nc4ccccc4[nH]3)nc2c1,Cc1ccc(Cn2c(C(Cc3c[nH]c4ccccc34)NCc3nc4ccccc4[nH]3)nc3cc(C(F)(F)F)ccc32)cc1F
scent_clpp,greedy_oracle_static,5,5,27,1,-10.199999809265137,FC(F)(F)c1ccc2[nH]c(C(Cc3c[nH]c4ccccc34)NCc3nc4ccccc4[nH]3)nc2c1,O=Cc1c[nH]c2ccc(Nc3cc(N(Cc4nc5ccccc5[nH]4)C(Cc4c[nH]c5ccccc45)c4nc5cc(C(F)(F)F)ccc5[nH]4)n[nH]3)cc12
scent_clpp,greedy_oracle_static,6,6,28,1,-10.0,FC(F)(F)c1ccc2[nH]c(C(Cc3c[nH]c4ccccc34)NCc3nc4ccccc4[nH]3)nc2c1,O=C(O)C1Cc2c([nH]c3ccccc23)C(c2ccnc(Br)c2)N1C(=O)N(Cc1nc2ccccc2[nH]1)C(Cc1c[nH]c2ccccc12)c1nc2cc(C(F)(F)F)ccc2[nH]1
scent_clpp,greedy_oracle_static,7,7,29,1,-10.0,FC(F)(F)c1ccc2[nH]c(C(Cc3c[nH]c4ccccc34)NCc3nc4ccccc4[nH]3)nc2c1,FC(F)(F)c1ccc2[nH]c(C(Cc3c[nH]c4ccccc34)N(Cc3nc4ccccc4[nH]3)CC3Cc4ccccc4CN3)nc2c1
scent_clpp,greedy_oracle_static,8,8,30,1,-9.899999618530273,FC(F)(F)c1ccc2[nH]c(C(Cc3c[nH]c4ccccc34)NCc3nc4ccccc4[nH]3)nc2c1,O=C(Cn1c(CNC(Cc2c[nH]c3ccccc23)c2nc3cc(C(F)(F)F)ccc3[nH]2)nc2ccccc21)c1ccc(Br)cc1
scent_clpp,greedy_oracle_static,9,9,34,4,-14.0,Clc1ccc2[nH]c(C3Cc4c([nH]c5ccccc45)C(c4cccc(Br)c4)N3)nc2c1,Fc1cccc(-c2cccc(C3NC(c4nc5cc(Cl)ccc5[nH]4)Cc4c3[nH]c3ccccc43)c2)c1F
scent_clpp,greedy_oracle_static,10,10,35,1,-11.0,Clc1ccc2[nH]c(C3Cc4c([nH]c5ccccc45)C(c4cccc(Br)c4)N3)nc2c1,Clc1ccc2[nH]c(C3Cc4c([nH]c5ccccc45)C(c4cccc(Br)c4)N3CC3Cc4ccccc4CN3)nc2c1
scent_clpp,greedy_oracle_static,11,11,36,1,-10.600000381469727,Clc1ccc2[nH]c(C3Cc4c([nH]c5ccccc45)C(c4cccc(Br)c4)N3)nc2c1,COc1ccc(Cn2c(C3Cc4c([nH]c5ccccc45)C(c4cccc(Br)c4)N3)nc3cc(Cl)ccc32)cc1
scent_clpp,greedy_oracle_static,12,12,37,1,-9.800000190734863,Clc1ccc2[nH]c(C3Cc4c([nH]c5ccccc45)C(c4cccc(Br)c4)N3)nc2c1,Clc1ccc2[nH]c(C3Cc4c(n(CC5CCCC5)c5ccccc45)C(c4cccc(Br)c4)N3)nc2c1
scent_clpp,greedy_oracle_static,13,13,38,1,-9.300000190734863,Clc1ccc2[nH]c(C3Cc4c([nH]c5ccccc45)C(c4cccc(Br)c4)N3)nc2c1,Nc1ccc(C(F)(F)F)cc1NC(=O)N1C(c2nc3cc(Cl)ccc3[nH]2)Cc2c([nH]c3ccccc23)C1c1cccc(Br)c1
scent_clpp,greedy_oracle_static,14,14,40,2,-10.899999618530273,NC(Cc1c[nH]c2ccccc12)c1nc2cc(Br)ccc2o1,NC(Cc1c[nH]c2ccccc12)c1nc2cc(NC(Cc3c[nH]c4ccccc34)c3nc4cc(Br)ccc4o3)ccc2[nH]1
scent_clpp,greedy_oracle_static,15,15,41,1,-10.800000190734863,NC(Cc1c[nH]c2ccccc12)c1nc2cc(Br)ccc2o1,O=C(NCc1ccc(C(F)(F)F)cc1)NC(Cc1c[nH]c2ccccc12)c1nc2cc(Br)ccc2o1
scent_clpp,greedy_oracle_static,16,16,42,1,-10.699999809265137,NC(Cc1c[nH]c2ccccc12)c1nc2cc(Br)ccc2o1,NC(Cc1c[nH]c2ccccc12)c1nc2cc(NCc3ccc(C(F)(F)F)cc3)ccc2o1
scent_clpp,greedy_oracle_static,17,17,43,1,-10.600000381469727,NC(Cc1c[nH]c2ccccc12)c1nc2cc(Br)ccc2o1,NC(Cc1c[nH]c2ccccc12)c1nc2cc(-c3ccc4[nH]ccc4c3)ccc2o1
scent_clpp,greedy_oracle_static,18,18,44,1,-10.0,NC(Cc1c[nH]c2ccccc12)c1nc2cc(Br)ccc2o1,CC(Nc1ccc2c(CNC(Cc3c[nH]c4ccccc34)c3nc4cc(Br)ccc4o3)c[nH]c2c1)c1ccccc1
scent_clpp,greedy_oracle_static,19,19,45,1,-9.899999618530273,NC(Cc1c[nH]c2ccccc12)c1nc2cc(Br)ccc2o1,O=C(NC(Cc1c[nH]c2ccccc12)c1nc2cc(Br)ccc2o1)C1Cc2c([nH]c3ccccc23)C(c2nc(Br)cs2)N1
scent_clpp,greedy_oracle_static,20,20,46,1,-9.800000190734863,NC(Cc1c[nH]c2ccccc12)c1nc2cc(Br)ccc2o1,NC(Cc1c[nH]c2ccccc12)c1nc2cc(N(c3ccc4c(C=O)c[nH]c4c3)c3cc(F)c(F)cc3O)ccc2o1
scent_clpp,greedy_oracle_static,21,21,47,1,-9.0,NC(Cc1c[nH]c2ccccc12)c1nc2cc(Br)ccc2o1,O=C1Cc2ccc(C(CCl)NC(Cc3c[nH]c4ccccc34)c3nc4cc(Br)ccc4o3)cc2N1
scent_clpp,greedy_oracle_static,22,22,48,1,-9.0,NC(Cc1c[nH]c2ccccc12)c1nc2cc(Br)ccc2o1,NC(Cc1c[nH]c2ccccc12)c1nc2cc(N3C(C(=O)O)Cc4c([nH]c5ccccc45)C3c3ccnc(Br)c3)ccc2o1
scent_clpp,greedy_oracle_static,23,23,49,1,-8.800000190734863,NC(Cc1c[nH]c2ccccc12)c1nc2cc(Br)ccc2o1,NC(Cc1c[nH]c2ccccc12)c1nc2cc(N(CCc3c[nH]c4ccccc34)Cc3nc4ccccc4[nH]3)ccc2o1
scent_clpp,greedy_oracle_static,24,24,50,1,-8.5,NC(Cc1c[nH]c2ccccc12)c1nc2cc(Br)ccc2o1,NC(Cc1c[nH]c2ccccc12)c1nc2cc(N3CCCC(C(=O)O)C3)ccc2o1
scent_clpp,greedy_oracle_static,25,25,51,1,-8.0,NC(Cc1c[nH]c2ccccc12)c1nc2cc(Br)ccc2o1,CC(c1ccccc1)N(c1cccc(C=O)c1)c1ccc2oc(C(N)Cc3c[nH]c4ccccc34)nc2c1
scent_clpp,greedy_oracle_static,26,26,54,3,-13.5,NC(Cc1c[nH]c2ccccc12)c1nc2cc(Cl)ccc2o1,Clc1ccc2oc(C3Cc4c([nH]c5ccccc45)C(C4Cc5c([nH]c6ccccc56)C(c5ccnc(Br)c5)N4)=N3)nc2c1
scent_clpp,greedy_oracle_static,27,27,55,1,-13.300000190734863,NC(Cc1c[nH]c2ccccc12)c1nc2cc(Cl)ccc2o1,CC(Nc1ccc2c(C3NC(c4nc5cc(Cl)ccc5o4)Cc4c3[nH]c3ccccc43)c[nH]c2c1)c1ccccc1
scent_clpp,greedy_oracle_static,28,28,56,1,-13.199999809265137,NC(Cc1c[nH]c2ccccc12)c1nc2cc(Cl)ccc2o1,Nc1cc(-c2cccc(C3=NC(c4nc5cc(Cl)ccc5o4)Cc4c3[nH]c3ccccc43)c2)ccc1O
scent_clpp,greedy_oracle_static,29,29,57,1,-12.100000381469727,NC(Cc1c[nH]c2ccccc12)c1nc2cc(Cl)ccc2o1,CC(Nc1cccc(C2=NC(c3nc4cc(Cl)ccc4o3)Cc3c2[nH]c2ccccc32)n1)c1ccccc1
scent_clpp,greedy_oracle_static,30,30,58,1,-11.100000381469727,NC(Cc1c[nH]c2ccccc12)c1nc2cc(Cl)ccc2o1,Nc1ccc(-c2cccc(C(=O)NC(Cc3c[nH]c4ccccc34)c3nc4cc(Cl)ccc4o3)c2)cc1
scent_clpp,greedy_oracle_static,31,31,59,1,-10.5,NC(Cc1c[nH]c2ccccc12)c1nc2cc(Cl)ccc2o1,NC(Cc1cn(CC(=O)c2ccc(F)cc2F)c2ccccc12)c1nc2cc(Cl)ccc2o1
scent_clpp,greedy_oracle_static,32,32,60,1,-10.399999618530273,NC(Cc1c[nH]c2ccccc12)c1nc2cc(Cl)ccc2o1,Clc1ccc2oc(C(Cc3c[nH]c4ccccc34)NCC3Cc4c([nH]c5ccccc45)C(c4ccnc(Br)c4)N3)nc2c1
scent_clpp,greedy_oracle_static,33,33,61,1,-10.399999618530273,NC(Cc1c[nH]c2ccccc12)c1nc2cc(Cl)ccc2o1,COC(=O)c1cccc(C2NC(c3nc4cc(Cl)ccc4o3)Cc3c2[nH]c2ccccc32)c1
scent_clpp,greedy_oracle_static,34,34,62,1,-10.399999618530273,NC(Cc1c[nH]c2ccccc12)c1nc2cc(Cl)ccc2o1,NC(Cc1c[nH]c2ccccc12)C1=NC(c2nc3cc(Cl)ccc3o2)Cc2c1[nH]c1ccccc21
scent_clpp,greedy_oracle_static,35,35,63,1,-9.800000190734863,NC(Cc1c[nH]c2ccccc12)c1nc2cc(Cl)ccc2o1,Clc1ccc2oc(C(Cc3c[nH]c4ccccc34)Nc3ccc4ccccc4n3)nc2c1
scent_clpp,greedy_oracle_static,36,36,64,1,-9.800000190734863,NC(Cc1c[nH]c2ccccc12)c1nc2cc(Cl)ccc2o1,Clc1ccc2oc(C(Cc3c[nH]c4ccccc34)NCC(Cc3c[nH]c4ccccc34)NCC3Cc4ccccc4CN3)nc2c1
scent_clpp,greedy_oracle_static,37,37,65,1,-9.5,NC(Cc1c[nH]c2ccccc12)c1nc2cc(Cl)ccc2o1,O=C(NCCc1c[nH]c2ccccc12)C1Cc2ccccc2CN1C(=O)NC(Cc1c[nH]c2ccccc12)c1nc2cc(Cl)ccc2o1
scent_clpp,greedy_oracle_static,38,38,66,1,-9.199999809265137,NC(Cc1c[nH]c2ccccc12)c1nc2cc(Cl)ccc2o1,O=C(O)C1Cc2c([nH]c3ccccc23)C(c2c[nH]c3ccc(Br)cc23)N1C(=O)NC(Cc1c[nH]c2ccccc12)c1nc2cc(Cl)ccc2o1
scent_clpp,greedy_oracle_static,39,39,67,1,-9.199999809265137,NC(Cc1c[nH]c2ccccc12)c1nc2cc(Cl)ccc2o1,CC(c1ccccc1)N(C(=O)NC(Cc1c[nH]c2ccccc12)c1nc2cc(Cl)ccc2o1)c1ccc2c(C=O)c[nH]c2c1
scent_clpp,greedy_oracle_static,40,40,70,3,-13.699999809265137,Cc1cc(-c2ccc(N3CCC(=O)CC3)c(C(=O)O)c2)cnc1F,Cc1cc(-c2ccc(N3CCC(=O)CC3)c(C3=NC(c4nc5ccc(C(F)(F)F)cc5[nH]4)Cc4c3[nH]c3ccccc43)c2)cnc1F
scent_clpp,greedy_oracle_static,41,41,71,1,-11.399999618530273,Cc1cc(-c2ccc(N3CCC(=O)CC3)c(C(=O)O)c2)cnc1F,Cc1cc(-c2ccc(N3CCC(=O)CC3)c(C(=O)NC(Cc3c[nH]c4ccccc34)c3nc4cc(C(F)(F)F)ccc4[nH]3)c2)cnc1F
scent_clpp,greedy_oracle_static,42,42,72,1,-11.300000190734863,Cc1cc(-c2ccc(N3CCC(=O)CC3)c(C(=O)O)c2)cnc1F,Cc1cc(-c2ccc(N3CCC(=O)CC3)c(C(=O)NCc3ccc(C(F)(F)F)cc3)c2)cnc1F
scent_clpp,greedy_oracle_static,43,43,73,1,-11.199999809265137,Cc1cc(-c2ccc(N3CCC(=O)CC3)c(C(=O)O)c2)cnc1F,Cc1cc(-c2ccc(N3CCC(=O)CC3)c(C3=NCCc4c3[nH]c3ccc(O)cc43)c2)cnc1F
scent_clpp,greedy_oracle_static,44,44,74,1,-11.100000381469727,Cc1cc(-c2ccc(N3CCC(=O)CC3)c(C(=O)O)c2)cnc1F,Cc1cc(-c2ccc(N3CCC(=O)CC3)c(C(=O)N(CC3Cc4ccccc4CN3)C(Cc3c[nH]c4ccccc34)C(=O)O)c2)cnc1F
scent_clpp,greedy_oracle_static,45,45,75,1,-10.800000190734863,Cc1cc(-c2ccc(N3CCC(=O)CC3)c(C(=O)O)c2)cnc1F,Cc1cc(-c2ccc(N3CCC(=O)CC3)c(CN3Cc4ccccc4CC3C(=O)NCCc3c[nH]c4ccccc34)c2)cnc1F
scent_clpp,greedy_oracle_static,46,46,76,1,-10.699999809265137,Cc1cc(-c2ccc(N3CCC(=O)CC3)c(C(=O)O)c2)cnc1F,Cc1cc(-c2ccc(N3CCC(=O)CC3)c(C(=O)OCc3cc(=O)[nH]c4ccccc34)c2)cnc1F
scent_clpp,greedy_oracle_static,47,47,77,1,-10.600000381469727,Cc1cc(-c2ccc(N3CCC(=O)CC3)c(C(=O)O)c2)cnc1F,Cc1cc(-c2ccc(N3CCC(=O)CC3)c(C(=O)N3C(C(=O)O)Cc4c([nH]c5ccccc45)C3c3c[nH]c4ccc(Br)cc34)c2)cnc1F
scent_clpp,greedy_oracle_static,48,48,78,1,-10.600000381469727,Cc1cc(-c2ccc(N3CCC(=O)CC3)c(C(=O)O)c2)cnc1F,Cc1cc(-c2ccc(N3CCC(=O)CC3)c(CNc3cc(C(F)(F)F)ccc3N)c2)cnc1F
scent_clpp,greedy_oracle_static,49,49,79,1,-10.5,Cc1cc(-c2ccc(N3CCC(=O)CC3)c(C(=O)O)c2)cnc1F,Cc1cc(-c2ccc(N3CCC(NC(C)c4ccccc4)CC3)c(C(=O)O)c2)cnc1F
scent_clpp,greedy_oracle_static,50,50,80,1,-10.399999618530273,Cc1cc(-c2ccc(N3CCC(=O)CC3)c(C(=O)O)c2)cnc1F,Cc1cc(-c2ccc(N3CCC(=O)CC3)c(C(=O)Oc3cc(F)c(F)cc3Nc3ccc4c(C=O)c[nH]c4c3)c2)cnc1F
scent_clpp,greedy_oracle_static,51,51,81,1,-10.199999809265137,Cc1cc(-c2ccc(N3CCC(=O)CC3)c(C(=O)O)c2)cnc1F,Cc1cc(-c2ccc(N3CCC(=O)CC3)c(C(=O)N3Cc4ccccc4CC3C(=O)O)c2)cnc1F
scent_clpp,greedy_oracle_static,52,52,82,1,-10.100000381469727,Cc1cc(-c2ccc(N3CCC(=O)CC3)c(C(=O)O)c2)cnc1F,Cc1cc(-c2ccc(N3CCC(=O)CC3)c(CNC(Cc3c[nH]c4ccccc34)c3nc4ccc(Br)cc4o3)c2)cnc1F
scent_clpp,greedy_oracle_static,53,53,83,1,-9.899999618530273,Cc1cc(-c2ccc(N3CCC(=O)CC3)c(C(=O)O)c2)cnc1F,Cc1cc(-c2ccc(N3CCC(=O)CC3)c(C(=O)Oc3c(Br)c(C(F)(F)F)nc4ccccc34)c2)cnc1F
scent_clpp,greedy_oracle_static,54,54,84,1,-9.899999618530273,Cc1cc(-c2ccc(N3CCC(=O)CC3)c(C(=O)O)c2)cnc1F,Cc1cc(-c2ccc(N3CCC(=O)CC3)c(-c3nc4cc(-c5cccc(C(=O)O)c5)ccc4o3)c2)cnc1F
scent_clpp,greedy_oracle_static,55,55,85,1,-9.899999618530273,Cc1cc(-c2ccc(N3CCC(=O)CC3)c(C(=O)O)c2)cnc1F,Cc1cc(-c2ccc(N3CCC(=O)CC3)c(-c3nc4cc(C(F)(F)F)ccc4[nH]3)c2)cnc1F
scent_clpp,greedy_oracle_static,56,56,86,1,-9.800000190734863,Cc1cc(-c2ccc(N3CCC(=O)CC3)c(C(=O)O)c2)cnc1F,Cc1cc(-c2ccc(N3CCC(=O)CC3)c(CN(c3ccc4c(C=O)c[nH]c4c3)c3cc(F)c(F)cc3O)c2)cnc1F
scent_clpp,greedy_oracle_static,57,57,87,1,-9.699999809265137,Cc1cc(-c2ccc(N3CCC(=O)CC3)c(C(=O)O)c2)cnc1F,Cc1cc(-c2ccc(N3CCC(=O)CC3)c(C3=NC(C(=O)O)Cc4ccccc43)c2)cnc1F
scent_clpp,greedy_oracle_static,58,58,88,1,-9.699999809265137,Cc1cc(-c2ccc(N3CCC(=O)CC3)c(C(=O)O)c2)cnc1F,Cc1cc(-c2ccc(N3CCC(=O)CC3)c(C(=O)OCC(=O)c3ccc4c(c3)NC(=O)C4)c2)cnc1F
scent_clpp,greedy_oracle_static,59,59,89,1,-9.399999618530273,Cc1cc(-c2ccc(N3CCC(=O)CC3)c(C(=O)O)c2)cnc1F,Cc1cc(-c2ccc(N3CCC(=O)CC3)c(C(=O)N(c3cccc(C(=O)O)n3)C(C)c3ccccc3)c2)cnc1F
scent_clpp,greedy_oracle_static,60,60,90,1,-9.399999618530273,Cc1cc(-c2ccc(N3CCC(=O)CC3)c(C(=O)O)c2)cnc1F,Cc1cc(-c2ccc(N3CCC(=O)CC3)c(CN3C(C(=O)O)Cc4c([nH]c5ccccc45)C3c3nc(Br)cs3)c2)cnc1F
scent_clpp,greedy_oracle_static,61,61,91,1,-9.199999809265137,Cc1cc(-c2ccc(N3CCC(=O)CC3)c(C(=O)O)c2)cnc1F,Cc1cc(-c2ccc(N3CCC(=O)CC3)c(C(=O)N(c3ccc4[nH]cc(C=O)c4c3)c3cc(Br)n[nH]3)c2)cnc1F
scent_clpp,greedy_oracle_static,62,62,92,1,-9.199999809265137,Cc1cc(-c2ccc(N3CCC(=O)CC3)c(C(=O)O)c2)cnc1F,Cc1cc(-c2ccc(N3CCC(=O)CC3)c(C(=O)OC3CCCCC3N)c2)cnc1F
scent_clpp,greedy_oracle_static,63,63,93,1,-9.100000381469727,Cc1cc(-c2ccc(N3CCC(=O)CC3)c(C(=O)O)c2)cnc1F,Cc1cc(-c2ccc(N3CCC(=O)CC3)c(CNCCc3c[nH]c4ccc(O)cc34)c2)cnc1F
scent_clpp,greedy_oracle_static,64,64,94,1,-9.0,Cc1cc(-c2ccc(N3CCC(=O)CC3)c(C(=O)O)c2)cnc1F,Cc1cc(-c2ccc(N3CCC(=O)CC3)c(CN3CCCC(O)C3)c2)cnc1F
scent_clpp,greedy_oracle_static,65,65,95,1,-8.399999618530273,Cc1cc(-c2ccc(N3CCC(=O)CC3)c(C(=O)O)c2)cnc1F,Cc1cc(-c2ccc(N3CCC(=O)CC3)c(CN(c3cccc(C=O)c3)C(C)c3ccccc3)c2)cnc1F
scent_clpp,greedy_oracle_static,66,66,97,2,-10.600000381469727,NC(Cc1c[nH]c2ccccc12)c1nc2cc(Br)ccc2[nH]1,O=C(NCCc1c[nH]c2ccccc12)NC(Cc1c[nH]c2ccccc12)c1nc2cc(Br)ccc2[nH]1
scent_clpp,greedy_oracle_static,67,67,98,1,-10.5,NC(Cc1c[nH]c2ccccc12)c1nc2cc(Br)ccc2[nH]1,O=C(O)C1Cc2c([nH]c3ccccc23)C(c2ccnc(NC(Cc3c[nH]c4ccccc34)c3nc4cc(Br)ccc4[nH]3)c2)N1
scent_clpp,greedy_oracle_static,68,68,99,1,-10.399999618530273,NC(Cc1c[nH]c2ccccc12)c1nc2cc(Br)ccc2[nH]1,NC(Cc1c[nH]c2ccccc12)c1nc2cc(-c3cc(O)cc(F)c3)ccc2[nH]1
scent_clpp,greedy_oracle_static,69,69,100,1,-9.800000190734863,NC(Cc1c[nH]c2ccccc12)c1nc2cc(Br)ccc2[nH]1,COc1ccc(CNc2ccc3[nH]c(C(N)Cc4c[nH]c5ccccc45)nc3c2)cc1
scent_clpp,greedy_oracle_static,70,70,101,1,-9.300000190734863,NC(Cc1c[nH]c2ccccc12)c1nc2cc(Br)ccc2[nH]1,O=Cc1c[nH]c2ccc(Nc3cc(NC(Cc4c[nH]c5ccccc45)c4nc5cc(Br)ccc5[nH]4)n[nH]3)cc12
scent_clpp,greedy_oracle_static,71,71,102,1,-9.300000190734863,NC(Cc1c[nH]c2ccccc12)c1nc2cc(Br)ccc2[nH]1,CC(c1ccccc1)N(c1ccc2[nH]c(C(N)Cc3c[nH]c4ccccc34)nc2c1)c1ccc2c(C=O)c[nH]c2c1
scent_clpp,greedy_oracle_static,72,72,103,1,-9.100000381469727,NC(Cc1c[nH]c2ccccc12)c1nc2cc(Br)ccc2[nH]1,NC(Cc1c[nH]c2ccccc12)c1nc2cc(N3CCCC3C(F)(F)F)ccc2[nH]1
scent_clpp,greedy_oracle_static,73,73,104,1,-8.699999809265137,NC(Cc1c[nH]c2ccccc12)c1nc2cc(Br)ccc2[nH]1,NC(Cc1c[nH]c2ccccc12)c1nc2cc(N(CC3Cc4ccccc4CN3)C(Cc3c[nH]c4ccccc34)C(=O)O)ccc2[nH]1
scent_clpp,greedy_oracle_static,74,74,105,1,-8.300000190734863,NC(Cc1c[nH]c2ccccc12)c1nc2cc(Br)ccc2[nH]1,CC(Nc1cccc(CNC(Cc2c[nH]c3ccccc23)c2nc3cc(Br)ccc3[nH]2)c1)c1ccccc1
scent_clpp,greedy_oracle_static,75,75,107,2,-13.0,Cc1cc(-c2cncc(C=O)c2)ccc1F,Cc1cc(-c2cncc(C3NC(c4nc5cc(C(F)(F)F)ccc5[nH]4)Cc4c3[nH]c3ccccc43)c2)ccc1F
scent_clpp,greedy_oracle_static,76,76,108,1,-11.399999618530273,Cc1cc(-c2cncc(C=O)c2)ccc1F,Cc1cc(-c2cncc(C3c4[nH]c5ccccc5c4CCN3Cc3nc4ccccc4[nH]3)c2)ccc1F
scent_clpp,greedy_oracle_static,77,77,109,1,-11.0,Cc1cc(-c2cncc(C=O)c2)ccc1F,Cc1cc(-c2cncc(CNC(Cc3c[nH]c4ccccc34)c3nc4ccc(C(F)(F)F)cc4[nH]3)c2)ccc1F
scent_clpp,greedy_oracle_static,78,78,110,1,-10.800000190734863,Cc1cc(-c2cncc(C=O)c2)ccc1F,Cc1cc(-c2cncc(CN(CCc3c[nH]c4ccccc34)Cc3nc4ccccc4[nH]3)c2)ccc1F
scent_clpp,greedy_oracle_static,79,79,111,1,-10.600000381469727,Cc1cc(-c2cncc(C=O)c2)ccc1F,Cc1cc(-c2cncc(CN(CC3Cc4ccccc4CN3)C(Cc3c[nH]c4ccccc34)C(=O)O)c2)ccc1F
scent_clpp,greedy_oracle_static,80,80,112,1,-10.600000381469727,Cc1cc(-c2cncc(C=O)c2)ccc1F,Cc1cc(-c2cncc(C3c4[nH]c5ccccc5c4CC(C(=O)O)N3CC3Cc4ccccc4CN3)c2)ccc1F
scent_clpp,greedy_oracle_static,81,81,113,1,-10.5,Cc1cc(-c2cncc(C=O)c2)ccc1F,Cc1cc(-c2cncc(CN3Cc4ccccc4CC3C(=O)O)c2)ccc1F
scent_clpp,greedy_oracle_static,82,82,114,1,-10.100000381469727,Cc1cc(-c2cncc(C=O)c2)ccc1F,Cc1cc(-c2cncc(CNC(C)c3ccccc3)c2)ccc1F
scent_clpp,greedy_oracle_static,83,83,115,1,-10.100000381469727,Cc1cc(-c2cncc(C=O)c2)ccc1F,Cc1cc(-c2cncc(CN3C(C(=O)O)Cc4c([nH]c5ccccc45)C3c3c[nH]c4ccc(Br)cc34)c2)ccc1F
scent_clpp,greedy_oracle_static,84,84,116,1,-10.0,Cc1cc(-c2cncc(C=O)c2)ccc1F,Cc1cc(-c2cncc(CNc3cc(C(F)(F)F)ccc3N)c2)ccc1F
scent_clpp,greedy_oracle_static,85,85,117,1,-9.800000190734863,Cc1cc(-c2cncc(C=O)c2)ccc1F,Cc1cc(-c2cncc(-c3nc4cc(F)c(F)cc4o3)c2)ccc1F
scent_clpp,greedy_oracle_static,86,86,118,1,-9.699999809265137,Cc1cc(-c2cncc(C=O)c2)ccc1F,Cc1cc(-c2cncc(C3NCCc4c3[nH]c3ccc(O)cc43)c2)ccc1F
scent_clpp,greedy_oracle_static,87,87,119,1,-9.699999809265137,Cc1cc(-c2cncc(C=O)c2)ccc1F,Cc1cc(-c2cncc(C3NC(C(=O)O)Cc4ccccc43)c2)ccc1F
scent_clpp,greedy_oracle_static,88,88,120,1,-9.699999809265137,Cc1cc(-c2cncc(C=O)c2)ccc1F,Cc1cc(-c2cncc(-c3nc4ccc(C(F)(F)F)cc4[nH]3)c2)ccc1F
scent_clpp,greedy_oracle_static,89,89,121,1,-9.600000381469727,Cc1cc(-c2cncc(C=O)c2)ccc1F,Cc1cc(-c2cncc(CNc3ccc(-c4cccc(C(=O)O)c4)cc3)c2)ccc1F
scent_clpp,greedy_oracle_static,90,90,122,1,-9.5,Cc1cc(-c2cncc(C=O)c2)ccc1F,Cc1cc(-c2cncc(C3Nc4ccccc4-n4cccc43)c2)ccc1F
scent_clpp,greedy_oracle_static,91,91,123,1,-9.399999618530273,Cc1cc(-c2cncc(C=O)c2)ccc1F,Cc1cc(-c2cncc(-c3nc4ccccc4s3)c2)ccc1F
scent_clpp,greedy_oracle_static,92,92,124,1,-9.300000190734863,Cc1cc(-c2cncc(C=O)c2)ccc1F,Cc1cc(-c2cncc(CN(c3ccc4c(C=O)c[nH]c4c3)C(C)c3ccccc3)c2)ccc1F
scent_clpp,greedy_oracle_static,93,93,125,1,-9.300000190734863,Cc1cc(-c2cncc(C=O)c2)ccc1F,Cc1cc(-c2cncc(-c3nc4c(Br)cccc4[nH]3)c2)ccc1F
scent_clpp,greedy_oracle_static,94,94,126,1,-9.199999809265137,Cc1cc(-c2cncc(C=O)c2)ccc1F,Cc1cc(-c2cncc(CNc3ncc(Br)cc3C)c2)ccc1F
scent_clpp,greedy_oracle_static,95,95,127,1,-9.100000381469727,Cc1cc(-c2cncc(C=O)c2)ccc1F,Cc1cc(-c2cncc(CNCCc3ccc(O)cc3)c2)ccc1F
scent_clpp,greedy_oracle_static,96,96,128,1,-9.100000381469727,Cc1cc(-c2cncc(C=O)c2)ccc1F,Cc1cc(-c2cncc(CN(c3ccc4[nH]cc(C=O)c4c3)c3cc(Br)n[nH]3)c2)ccc1F
scent_clpp,greedy_oracle_static,97,97,129,1,-9.0,Cc1cc(-c2cncc(C=O)c2)ccc1F,Cc1cc(-c2cncc(CN3CCCC3C(F)(F)F)c2)ccc1F
scent_clpp,greedy_oracle_static,98,98,130,1,-8.899999618530273,Cc1cc(-c2cncc(C=O)c2)ccc1F,Cc1cc(-c2cncc(C3NCCc4ccc(S(N)(=O)=O)cc43)c2)ccc1F
scent_clpp,greedy_oracle_static,99,99,131,1,-8.600000381469727,Cc1cc(-c2cncc(C=O)c2)ccc1F,Cc1cc(-c2cncc(CNc3cccc4cc[nH]c34)c2)ccc1F
scent_clpp,greedy_oracle_static,100,100,132,1,-8.5,Cc1cc(-c2cncc(C=O)c2)ccc1F,Cc1cc(-c2cncc(CNC3CCCCC3O)c2)ccc1F
scent_clpp,greedy_oracle_static,101,101,136,4,-12.699999809265137,CC(Nc1ccc2[nH]cc(C3c4[nH]c5ccccc5c4CC(C(=O)O)N3C3CCC3)c2c1)c1ccccc1,CC(Nc1ccc2[nH]cc(C3c4[nH]c5ccccc5c4CC(C(=O)Nc4ccc(Br)cc4)N3C3CCC3)c2c1)c1ccccc1
scent_clpp,greedy_oracle_static,102,102,137,1,-11.199999809265137,CC(Nc1ccc2[nH]cc(C3c4[nH]c5ccccc5c4CC(C(=O)O)N3C3CCC3)c2c1)c1ccccc1,CC(Nc1ccc2c(c1)c(C1c3[nH]c4ccccc4c3CC(C(=O)O)N1C1CCC1)cn2Cc1csc(Cl)n1)c1ccccc1
scent_clpp,greedy_oracle_static,103,103,138,1,-9.800000190734863,CC(Nc1ccc2[nH]cc(C3c4[nH]c5ccccc5c4CC(C(=O)O)N3C3CCC3)c2c1)c1ccccc1,CC(c1ccccc1)N(C(=O)NCCc1c[nH]c2ccccc12)c1ccc2[nH]cc(C3c4[nH]c5ccccc5c4CC(C(=O)O)N3C3CCC3)c2c1
scent_clpp,greedy_oracle_static,104,104,139,1,-9.5,CC(Nc1ccc2[nH]cc(C3c4[nH]c5ccccc5c4CC(C(=O)O)N3C3CCC3)c2c1)c1ccccc1,CC(Nc1ccc2[nH]cc(C3c4c(c5ccccc5n4CC4CCC(F)(F)CC4)CC(C(=O)O)N3C3CCC3)c2c1)c1ccccc1
scent_clpp,greedy_oracle_static,105,105,142,3,-11.699999809265137,FC(F)(F)c1ccc2nc(C(Cc3c[nH]c4ccccc34)Nc3ccc4ccccc4n3)[nH]c2c1,O=C(C1Cc2ccccc2CN1)N(c1ccc2ccccc2n1)C(Cc1c[nH]c2ccccc12)c1nc2ccc(C(F)(F)F)cc2[nH]1
scent_clpp,greedy_oracle_static,106,106,143,1,-11.5,FC(F)(F)c1ccc2nc(C(Cc3c[nH]c4ccccc34)Nc3ccc4ccccc4n3)[nH]c2c1,FC(F)(F)c1ccc2nc(C3Cc4c([nH]c5ccccc45)C(c4c[nH]c5ccc(Br)cc45)N3c3ccc4ccccc4n3)[nH]c2c1
scent_clpp,greedy_oracle_static,107,107,144,1,-11.100000381469727,FC(F)(F)c1ccc2nc(C(Cc3c[nH]c4ccccc34)Nc3ccc4ccccc4n3)[nH]c2c1,CC(Nc1cccc(CN(c2ccc3ccccc3n2)C(Cc2c[nH]c3ccccc23)c2nc3ccc(C(F)(F)F)cc3[nH]2)n1)c1ccccc1
scent_clpp,greedy_oracle_static,108,108,145,1,-10.899999618530273,FC(F)(F)c1ccc2nc(C(Cc3c[nH]c4ccccc34)Nc3ccc4ccccc4n3)[nH]c2c1,FC1(F)CCC(Cn2cc(CC(Nc3ccc4ccccc4n3)c3nc4ccc(C(F)(F)F)cc4[nH]3)c3ccccc32)CC1
scent_clpp,greedy_oracle_static,109,109,146,1,-10.300000190734863,FC(F)(F)c1ccc2nc(C(Cc3c[nH]c4ccccc34)Nc3ccc4ccccc4n3)[nH]c2c1,CC(C)(C)c1ccc(C(=O)Cn2c(C(Cc3c[nH]c4ccccc34)Nc3ccc4ccccc4n3)nc3ccc(C(F)(F)F)cc32)cc1
scent_clpp,greedy_oracle_static,110,110,147,1,-10.0,FC(F)(F)c1ccc2nc(C(Cc3c[nH]c4ccccc34)Nc3ccc4ccccc4n3)[nH]c2c1,O=[N+]([O-])c1ccc(N(c2ccc3ccccc3n2)C(Cc2c[nH]c3ccccc23)c2nc3ccc(C(F)(F)F)cc3[nH]2)c2cccnc12
scent_clpp,greedy_oracle_static,111,111,148,1,-9.699999809265137,FC(F)(F)c1ccc2nc(C(Cc3c[nH]c4ccccc34)Nc3ccc4ccccc4n3)[nH]c2c1,FC(F)(F)c1ccc2nc(C(Cc3c[nH]c4ccccc34)N(CC3Cc4c([nH]c5ccccc45)C(c4ccnc(Br)c4)N3)c3ccc4ccccc4n3)[nH]c2c1
scent_clpp,greedy_oracle_static,112,112,150,2,-11.899999618530273,Cc1cc(-c2csc(C=O)n2)ccc1F,Cc1cc(-c2csc(C3c4[nH]c5ccccc5c4CCN3C(=O)C3Cc4ccccc4CN3)n2)ccc1F
scent_clpp,greedy_oracle_static,113,113,151,1,-11.699999809265137,Cc1cc(-c2csc(C=O)n2)ccc1F,Cc1cc(-c2csc(C3NC(c4nc5ccc(Br)cc5[nH]4)Cc4c3[nH]c3ccccc43)n2)ccc1F
scent_clpp,greedy_oracle_static,114,114,152,1,-10.100000381469727,Cc1cc(-c2csc(C=O)n2)ccc1F,Cc1cc(-c2csc(CN(c3ccc4c(C=O)c[nH]c4c3)c3cc(F)c(F)cc3O)n2)ccc1F
scent_clpp,greedy_oracle_static,115,115,153,1,-9.899999618530273,Cc1cc(-c2csc(C=O)n2)ccc1F,Cc1cc(-c2csc(CNC(Cc3c[nH]c4ccccc34)c3nc4cc(Cl)ccc4[nH]3)n2)ccc1F
scent_clpp,greedy_oracle_static,116,116,154,1,-9.699999809265137,Cc1cc(-c2csc(C=O)n2)ccc1F,Cc1cc(-c2csc(CNCc3ccc(C(F)(F)F)cc3)n2)ccc1F
scent_clpp,greedy_oracle_static,117,117,155,1,-9.5,Cc1cc(-c2csc(C=O)n2)ccc1F,Cc1cc(-c2csc(C3NCCc4ccccc43)n2)ccc1F
scent_clpp,greedy_oracle_static,118,118,156,1,-9.399999618530273,Cc1cc(-c2csc(C=O)n2)ccc1F,Cc1cc(-c2csc(CNc3cc(-c4cccc(C(=O)O)c4)ccc3O)n2)ccc1F
scent_clpp,greedy_oracle_static,119,119,157,1,-9.399999618530273,Cc1cc(-c2csc(C=O)n2)ccc1F,Cc1cc(-c2csc(CN(c3ccc4[nH]cc(C=O)c4c3)C(C)c3ccccc3)n2)ccc1F
scent_clpp,greedy_oracle_static,120,120,158,1,-9.199999809265137,Cc1cc(-c2csc(C=O)n2)ccc1F,Cc1cc(-c2csc(CNC(Cc3ccc(O)cc3)C(=O)O)n2)ccc1F
scent_clpp,greedy_oracle_static,121,121,159,1,-9.100000381469727,Cc1cc(-c2csc(C=O)n2)ccc1F,Cc1cc(-c2csc(-c3nc4cc(F)c(F)cc4o3)n2)ccc1F
scent_clpp,greedy_oracle_static,122,122,160,1,-8.899999618530273,Cc1cc(-c2csc(C=O)n2)ccc1F,Cc1cc(-c2csc(CNc3ccc(Br)cc3N)n2)ccc1F
scent_clpp,greedy_oracle_static,123,123,161,1,-8.899999618530273,Cc1cc(-c2csc(C=O)n2)ccc1F,Cc1cc(-c2csc(-c3nc4ccccc4s3)n2)ccc1F
scent_clpp,greedy_oracle_static,124,124,162,1,-8.699999809265137,Cc1cc(-c2csc(C=O)n2)ccc1F,Cc1cc(-c2csc(C3NC(C(=O)O)Cc4ccc(O)cc43)n2)ccc1F
scent_clpp,greedy_oracle_static,125,125,163,1,-8.5,Cc1cc(-c2csc(C=O)n2)ccc1F,Cc1cc(-c2csc(CNCCc3c[nH]c4ccc(O)cc34)n2)ccc1F
scent_clpp,greedy_oracle_static,126,126,164,1,-8.5,Cc1cc(-c2csc(C=O)n2)ccc1F,Cc1cc(-c2csc(CNc3nc(F)nc4[nH]cnc34)n2)ccc1F
scent_clpp,greedy_oracle_static,127,127,165,1,-8.5,Cc1cc(-c2csc(C=O)n2)ccc1F,Cc1cc(-c2csc(CN3C(C(=O)O)Cc4c([nH]c5ccccc45)C3c3ccnc(Br)c3)n2)ccc1F
scent_clpp,greedy_oracle_static,128,128,166,1,-8.5,Cc1cc(-c2csc(C=O)n2)ccc1F,Cc1cc(-c2csc(-c3nc4cc(Br)ccc4[nH]3)n2)ccc1F
scent_clpp,greedy_oracle_static,129,129,167,1,-8.399999618530273,Cc1cc(-c2csc(C=O)n2)ccc1F,Cc1cc(-c2csc(CN3CCC(C(=O)O)CC3)n2)ccc1F
scent_clpp,greedy_oracle_static,130,130,168,1,-8.300000190734863,Cc1cc(-c2csc(C=O)n2)ccc1F,Cc1cc(-c2csc(CNC3CCCCC3O)n2)ccc1F
scent_clpp,greedy_oracle_static,131,131,169,1,-8.199999809265137,Cc1cc(-c2csc(C=O)n2)ccc1F,Cc1cc(-c2csc(CN3Cc4ccccc4CC3CNC(Cc3c[nH]c4ccccc34)C(=O)O)n2)ccc1F
scent_clpp,greedy_oracle_static,132,132,172,3,-14.100000381469727,Fc1ccc(-c2cccc(C3NC(c4nc5cc(C(F)(F)F)ccc5[nH]4)Cc4c3[nH]c3ccccc43)c2)cc1,Fc1ccc(-c2cccc(C3c4[nH]c5ccccc5c4CC(c4nc5cc(C(F)(F)F)ccc5[nH]4)N3C3CCOCC3)c2)cc1
scent_clpp,greedy_oracle_static,133,133,173,1,-12.699999809265137,Fc1ccc(-c2cccc(C3NC(c4nc5cc(C(F)(F)F)ccc5[nH]4)Cc4c3[nH]c3ccccc43)c2)cc1,O=C1Cc2ccc(C(=O)Cn3c4c(c5ccccc53)CC(c3nc5cc(C(F)(F)F)ccc5[nH]3)NC4c3cccc(-c4ccc(F)cc4)c3)cc2N1
scent_clpp,greedy_oracle_static,134,134,174,1,-12.100000381469727,Fc1ccc(-c2cccc(C3NC(c4nc5cc(C(F)(F)F)ccc5[nH]4)Cc4c3[nH]c3ccccc43)c2)cc1,Fc1ccc(-c2cccc(C3NC(c4nc5cc(C(F)(F)F)ccc5n4Cc4ccccn4)Cc4c3[nH]c3ccccc43)c2)cc1
scent_clpp,greedy_oracle_static,135,135,178,4,-13.899999618530273,CC(Nc1ccc2[nH]cc(C3NC(c4nc5ccc(C(F)(F)F)cc5[nH]4)Cc4c3[nH]c3ccccc43)c2c1)c1ccccc1,CC(Nc1ccc2[nH]cc(C3c4[nH]c5ccccc5c4CC(c4nc5ccc(C(F)(F)F)cc5[nH]4)N3C3CCCNC3)c2c1)c1ccccc1
scent_clpp,greedy_oracle_static,136,136,179,1,-12.199999809265137,CC(Nc1ccc2[nH]cc(C3NC(c4nc5ccc(C(F)(F)F)cc5[nH]4)Cc4c3[nH]c3ccccc43)c2c1)c1ccccc1,C=CCn1c2c(c3ccccc31)CC(c1nc3ccc(C(F)(F)F)cc3[nH]1)NC2c1c[nH]c2ccc(NC(C)c3ccccc3)cc12
scent_clpp,greedy_oracle_static,137,137,180,1,-12.199999809265137,CC(Nc1ccc2[nH]cc(C3NC(c4nc5ccc(C(F)(F)F)cc5[nH]4)Cc4c3[nH]c3ccccc43)c2c1)c1ccccc1,CC(Nc1ccc2c(c1)c(C1NC(c3nc4ccc(C(F)(F)F)cc4[nH]3)Cc3c1[nH]c1ccccc31)cn2Cc1ccc(C#N)cc1F)c1ccccc1
scent_clpp,greedy_oracle_static,138,138,181,1,-10.600000381469727,CC(Nc1ccc2[nH]cc(C3NC(c4nc5ccc(C(F)(F)F)cc5[nH]4)Cc4c3[nH]c3ccccc43)c2c1)c1ccccc1,Cc1c[nH]c(N(c2ccc3[nH]cc(C4NC(c5nc6ccc(C(F)(F)F)cc6[nH]5)Cc5c4[nH]c4ccccc54)c3c2)C(C)c2ccccc2)n1
scent_clpp,greedy_oracle_static,139,139,182,1,-9.899999618530273,CC(Nc1ccc2[nH]cc(C3NC(c4nc5ccc(C(F)(F)F)cc5[nH]4)Cc4c3[nH]c3ccccc43)c2c1)c1ccccc1,CC(Nc1ccc2[nH]cc(C3NC(c4nc5ccc(C(F)(F)F)cc5n4CC4CCCCC4)Cc4c3[nH]c3ccccc43)c2c1)c1ccccc1
scent_clpp,greedy_oracle_static,140,140,185,3,-13.199999809265137,O=C(O)C1Cc2c([nH]c3ccccc23)C(c2cccc(-c3ccnc(F)c3)c2)=N1,Fc1cc(-c2cccc(C3=NC(c4nc5cc(C(F)(F)F)ccc5[nH]4)Cc4c3[nH]c3ccccc43)c2)ccn1
scent_clpp,greedy_oracle_static,141,141,186,1,-12.600000381469727,O=C(O)C1Cc2c([nH]c3ccccc23)C(c2cccc(-c3ccnc(F)c3)c2)=N1,O=C(Nc1cc(F)ccc1O)C1Cc2c([nH]c3ccccc23)C(c2cccc(-c3ccnc(F)c3)c2)=N1
scent_clpp,greedy_oracle_static,142,142,187,1,-11.100000381469727,O=C(O)C1Cc2c([nH]c3ccccc23)C(c2cccc(-c3ccnc(F)c3)c2)=N1,COc1ccc(O)c(Nc2cc(-c3cccc(C4=NC(C(=O)O)Cc5c4[nH]c4ccccc54)c3)ccn2)c1
scent_clpp,greedy_oracle_static,143,143,188,1,-11.100000381469727,O=C(O)C1Cc2c([nH]c3ccccc23)C(c2cccc(-c3ccnc(F)c3)c2)=N1,Fc1cc(-c2cccc(C3=NC(CNc4n[nH]cc4Br)Cc4c3[nH]c3ccccc43)c2)ccn1
scent_clpp,greedy_oracle_static,144,144,189,1,-10.899999618530273,O=C(O)C1Cc2c([nH]c3ccccc23)C(c2cccc(-c3ccnc(F)c3)c2)=N1,O=C(O)C1Cc2ccc(O)cc2C(C2Cc3c([nH]c4ccccc34)C(c3cccc(-c4ccnc(F)c4)c3)=N2)=N1
scent_clpp,greedy_oracle_static,145,145,190,1,-10.800000190734863,O=C(O)C1Cc2c([nH]c3ccccc23)C(c2cccc(-c3ccnc(F)c3)c2)=N1,O=C(O)C1Cc2c([nH]c3ccccc23)C(c2nc(Br)cs2)N1C(=O)C1Cc2c([nH]c3ccccc23)C(c2cccc(-c3ccnc(F)c3)c2)=N1
scent_clpp,greedy_oracle_static,146,146,191,1,-10.800000190734863,O=C(O)C1Cc2c([nH]c3ccccc23)C(c2cccc(-c3ccnc(F)c3)c2)=N1,O=C(C1Cc2c([nH]c3ccccc23)C(c2cccc(-c3ccnc(F)c3)c2)=N1)N(CCc1c[nH]c2ccccc12)Cc1nc2ccccc2[nH]1
scent_clpp,greedy_oracle_static,147,147,192,1,-10.199999809265137,O=C(O)C1Cc2c([nH]c3ccccc23)C(c2cccc(-c3ccnc(F)c3)c2)=N1,O=C(NC(Cc1c[nH]c2ccccc12)c1nc2ccc(Br)cc2o1)C1Cc2c([nH]c3ccccc23)C(c2cccc(-c3ccnc(F)c3)c2)=N1
scent_clpp,greedy_oracle_static,148,148,193,1,-10.100000381469727,O=C(O)C1Cc2c([nH]c3ccccc23)C(c2cccc(-c3ccnc(F)c3)c2)=N1,CC(c1ccccc1)N(C(=O)C1Cc2c([nH]c3ccccc23)C(c2cccc(-c3ccnc(F)c3)c2)=N1)c1ccc2c(C=O)c[nH]c2c1
scent_clpp,greedy_oracle_static,149,149,194,1,-9.600000381469727,O=C(O)C1Cc2c([nH]c3ccccc23)C(c2cccc(-c3ccnc(F)c3)c2)=N1,O=C1Cc2ccc(C(=O)COC(=O)C3Cc4c([nH]c5ccccc45)C(c4cccc(-c5ccnc(F)c5)c4)=N3)cc2N1
scent_clpp,greedy_oracle_static,150,150,195,1,-9.5,O=C(O)C1Cc2c([nH]c3ccccc23)C(c2cccc(-c3ccnc(F)c3)c2)=N1,O=C(O)C1Cc2c(n(Cc3cc(=O)[nH]c4ccccc34)c3ccccc23)C(c2cccc(-c3ccnc(F)c3)c2)=N1
scent_clpp,greedy_oracle_static,151,151,196,1,-9.399999618530273,O=C(O)C1Cc2c([nH]c3ccccc23)C(c2cccc(-c3ccnc(F)c3)c2)=N1,O=C(NCCc1c[nH]c2ccccc12)C1Cc2ccccc2CN1CC1Cc2c([nH]c3ccccc23)C(c2cccc(-c3ccnc(F)c3)c2)=N1
scent_clpp,greedy_oracle_static,152,152,197,1,-10.699999809265137,O=Cc1c[nH]c2ccccc12,Brc1ccc2[nH]c(C3Cc4c([nH]c5ccccc45)C(c4c[nH]c5ccccc45)N3)nc2c1
scent_clpp,greedy_oracle_static,153,153,198,1,-9.0,O=Cc1c[nH]c2ccccc12,Brc1ccc2nc(C(Cc3c[nH]c4ccccc34)NCc3c[nH]c4ccccc34)[nH]c2c1
scent_clpp,greedy_oracle_static,154,154,199,1,-9.0,O=Cc1c[nH]c2ccccc12,O=C(O)c1cccc(-c2ccc(NCc3c[nH]c4ccccc34)cc2)c1
scent_clpp,greedy_oracle_static,155,155,200,1,-8.800000190734863,O=Cc1c[nH]c2ccccc12,O=C(O)c1cccc(-c2ccc3oc(-c4c[nH]c5ccccc45)nc3c2)c1
scent_clpp,greedy_oracle_static,156,156,201,1,-8.699999809265137,O=Cc1c[nH]c2ccccc12,Nc1ccc(C(F)(F)F)cc1NCc1c[nH]c2ccccc12
scent_clpp,greedy_oracle_static,157,157,202,1,-8.600000381469727,O=Cc1c[nH]c2ccccc12,CC(NCc1c[nH]c2ccccc12)c1ccccc1
scent_clpp,greedy_oracle_static,158,158,203,1,-8.399999618530273,O=Cc1c[nH]c2ccccc12,O=C(O)C(Cc1ccc(O)cc1)NCc1c[nH]c2ccccc12
scent_clpp,greedy_oracle_static,159,159,204,1,-8.399999618530273,O=Cc1c[nH]c2ccccc12,c1ccc2c(C3NCCc4c3[nH]c3ccccc43)c[nH]c2c1
scent_clpp,greedy_oracle_static,160,160,205,1,-8.399999618530273,O=Cc1c[nH]c2ccccc12,FC(F)(F)c1ccc2nc(-c3c[nH]c4ccccc34)[nH]c2c1
scent_clpp,greedy_oracle_static,161,161,206,1,-8.300000190734863,O=Cc1c[nH]c2ccccc12,Oc1ccc2[nH]cc(CCNCc3c[nH]c4ccccc34)c2c1
scent_clpp,greedy_oracle_static,162,162,207,1,-8.300000190734863,O=Cc1c[nH]c2ccccc12,O=C(O)C1Cc2ccccc2CN1Cc1c[nH]c2ccccc12
scent_clpp,greedy_oracle_static,163,163,208,1,-8.199999809265137,O=Cc1c[nH]c2ccccc12,FC(F)(F)c1ccc(CNCc2c[nH]c3ccccc23)cc1
scent_clpp,greedy_oracle_static,164,164,209,1,-8.0,O=Cc1c[nH]c2ccccc12,c1cc(NCc2c[nH]c3ccccc23)c2[nH]ccc2c1
scent_clpp,greedy_oracle_static,165,165,210,1,-8.0,O=Cc1c[nH]c2ccccc12,c1ccc2c(c1)NC(c1c[nH]c3ccccc13)c1cccn1-2
scent_clpp,greedy_oracle_static,166,166,211,1,-8.0,O=Cc1c[nH]c2ccccc12,Brc1ccc2[nH]c(-c3c[nH]c4ccccc34)nc2c1
scent_clpp,greedy_oracle_static,167,167,212,1,-8.0,O=Cc1c[nH]c2ccccc12,CC(C)(C)c1ccc(C(=O)Cn2cc(C=O)c3ccccc32)cc1
scent_clpp,greedy_oracle_static,168,168,216,4,-14.199999809265137,Fc1cccc(-c2cccc(C3NC(c4nc5cc(Br)ccc5o4)Cc4c3[nH]c3ccccc43)c2)c1F,Fc1cccc(-c2cccc(C3c4[nH]c5ccccc5c4CC(c4nc5cc(Br)ccc5o4)N3C3CCNC3)c2)c1F
scent_clpp,greedy_oracle_static,169,169,217,1,-11.600000381469727,Fc1cccc(-c2cccc(C3NC(c4nc5cc(Br)ccc5o4)Cc4c3[nH]c3ccccc43)c2)c1F,Fc1cccc(-c2cccc(C3NC(c4nc5cc(Br)ccc5o4)Cc4c3n(CC3CCCCC3)c3ccccc43)c2)c1F
scent_clpp,greedy_oracle_static,170,170,218,1,-10.5,Fc1cccc(-c2cccc(C3NC(c4nc5cc(Br)ccc5o4)Cc4c3[nH]c3ccccc43)c2)c1F,O=C(O)C1CCCN1c1ccc2oc(C3Cc4c([nH]c5ccccc45)C(c4cccc(-c5cccc(F)c5F)c4)N3)nc2c1
scent_clpp,greedy_oracle_static,171,171,220,2,-11.199999809265137,OB(O)c1cccc(C2=NC(c3nc4ccc(C(F)(F)F)cc4[nH]3)Cc3c2[nH]c2ccccc32)c1,FC(F)(F)c1ccc2nc(C3Cc4c([nH]c5ccccc45)C(c4cccc(-c5cnc6cccnn56)c4)=N3)[nH]c2c1
scent_clpp,greedy_oracle_static,172,172,224,4,-12.800000190734863,NC(Cc1c[nH]c2ccccc12)C1=NC(C2=NC(c3nc4cc(F)ccc4o3)Cc3c2[nH]c2ccccc32)Cc2c1[nH]c1ccccc21,O=C1CCN(C(=O)NC(Cc2c[nH]c3ccccc23)C2=NC(C3=NC(c4nc5cc(F)ccc5o4)Cc4c3[nH]c3ccccc43)Cc3c2[nH]c2ccccc32)CC1
scent_clpp,greedy_oracle_static,173,173,225,1,-12.600000381469727,NC(Cc1c[nH]c2ccccc12)C1=NC(C2=NC(c3nc4cc(F)ccc4o3)Cc3c2[nH]c2ccccc32)Cc2c1[nH]c1ccccc21,Fc1ccc2oc(C3Cc4c([nH]c5ccccc45)C(C4Cc5c([nH]c6ccccc56)C(C5Cc6c([nH]c7ccccc67)C(c6cscn6)=N5)=N4)=N3)nc2c1
scent_clpp,greedy_oracle_static,174,174,226,1,-9.800000190734863,NC(Cc1c[nH]c2ccccc12)C1=NC(C2=NC(c3nc4cc(F)ccc4o3)Cc3c2[nH]c2ccccc32)Cc2c1[nH]c1ccccc21,NC(Cc1cn(Cc2ccc([N+](=O)[O-])c(F)c2)c2ccccc12)C1=NC(C2=NC(c3nc4cc(F)ccc4o3)Cc3c2[nH]c2ccccc32)Cc2c1[nH]c1ccccc21
scent_clpp,greedy_oracle_static,175,175,227,1,-9.100000381469727,NC(Cc1c[nH]c2ccccc12)C1=NC(C2=NC(c3nc4cc(F)ccc4o3)Cc3c2[nH]c2ccccc32)Cc2c1[nH]c1ccccc21,N#Cc1ccc2[nH]cc(C3NC(C4=NC(C5=NC(c6nc7cc(F)ccc7o6)Cc6c5[nH]c5ccccc65)Cc5c4[nH]c4ccccc54)Cc4c3[nH]c3ccccc43)c2c1
scent_clpp,greedy_oracle_static,176,176,228,1,-8.5,NC(Cc1c[nH]c2ccccc12)C1=NC(C2=NC(c3nc4cc(F)ccc4o3)Cc3c2[nH]c2ccccc32)Cc2c1[nH]c1ccccc21,NC(Cc1c[nH]c2ccccc12)C1=NC(C2=NC(c3nc4cc(F)ccc4o3)Cc3c2n(CC(=O)c2ccc4c(c2)NC(=O)C4)c2ccccc32)Cc2c1[nH]c1ccccc21
scent_clpp,greedy_oracle_static,177,177,231,3,-12.699999809265137,Nc1ccc(-c2ccc(N3CCC(=O)C3)c(C(=O)O)c2)cc1,Nc1ccc(-c2ccc(N3CCC(=O)C3)c(C3=NC(c4nc5cc(Br)ccc5[nH]4)Cc4c3[nH]c3ccccc43)c2)cc1
scent_clpp,greedy_oracle_static,178,178,232,1,-10.899999618530273,Nc1ccc(-c2ccc(N3CCC(=O)C3)c(C(=O)O)c2)cc1,Nc1ccc(-c2ccc(N3CCC(=O)C3)c(C(=O)NC(Cc3c[nH]c4ccccc34)c3nc4ccc(Br)cc4[nH]3)c2)cc1
scent_clpp,greedy_oracle_static,179,179,233,1,-10.600000381469727,Nc1ccc(-c2ccc(N3CCC(=O)C3)c(C(=O)O)c2)cc1,Nc1ccc(-c2ccc(N3CCC(=O)C3)c(C(=O)Nc3cc(-c4cccc(C(=O)O)c4)ccc3O)c2)cc1
scent_clpp,greedy_oracle_static,180,180,234,1,-10.300000190734863,Nc1ccc(-c2ccc(N3CCC(=O)C3)c(C(=O)O)c2)cc1,Nc1ccc(-c2ccc(N3CCC(=O)C3)c(CN(CCc3c[nH]c4ccccc34)Cc3nc4ccccc4[nH]3)c2)cc1
scent_clpp,greedy_oracle_static,181,181,235,1,-10.199999809265137,Nc1ccc(-c2ccc(N3CCC(=O)C3)c(C(=O)O)c2)cc1,Nc1ccc(-c2ccc(N3CCC(=O)C3)c(CNCc3ccc(C(F)(F)F)cc3)c2)cc1
scent_clpp,greedy_oracle_static,182,182,236,1,-10.100000381469727,Nc1ccc(-c2ccc(N3CCC(=O)C3)c(C(=O)O)c2)cc1,Nc1ccc(-c2ccc(N3CCC(=O)C3)c(C(=O)N3Cc4ccccc4CC3C(=O)NCCc3c[nH]c4ccccc34)c2)cc1
scent_clpp,greedy_oracle_static,183,183,237,1,-9.899999618530273,Nc1ccc(-c2ccc(N3CCC(=O)C3)c(C(=O)O)c2)cc1,Nc1ccc(-c2ccc(N3CCC(=O)C3)c(C(=O)N(c3ccc4c(C=O)c[nH]c4c3)c3cc(F)c(F)cc3O)c2)cc1
scent_clpp,greedy_oracle_static,184,184,238,1,-9.800000190734863,Nc1ccc(-c2ccc(N3CCC(=O)C3)c(C(=O)O)c2)cc1,Nc1ccc(-c2ccc(N3CCC(=O)C3)c(C(=O)NCCc3c[nH]c4ccc(O)cc34)c2)cc1
scent_clpp,greedy_oracle_static,185,185,239,1,-9.699999809265137,Nc1ccc(-c2ccc(N3CCC(=O)C3)c(C(=O)O)c2)cc1,Nc1ccc(-c2ccc(N3CCC(=O)C3)c(C3=NCCc4ccccc43)c2)cc1
scent_clpp,greedy_oracle_static,186,186,240,1,-9.600000381469727,Nc1ccc(-c2ccc(N3CCC(=O)C3)c(C(=O)O)c2)cc1,Nc1ccc(-c2ccc(N3CCC(=O)C3)c(-c3nc4ccc(C(F)(F)F)cc4[nH]3)c2)cc1
scent_clpp,greedy_oracle_static,187,187,241,1,-9.5,Nc1ccc(-c2ccc(N3CCC(=O)C3)c(C(=O)O)c2)cc1,COc1ccc(CNC(=O)c2cc(-c3ccc(N)cc3)ccc2N2CCC(=O)C2)cc1
scent_clpp,greedy_oracle_static,188,188,242,1,-9.5,Nc1ccc(-c2ccc(N3CCC(=O)C3)c(C(=O)O)c2)cc1,N#Cc1ccc(COC(=O)c2cc(-c3ccc(N)cc3)ccc2N2CCC(=O)C2)c(F)c1
scent_clpp,greedy_oracle_static,189,189,243,1,-9.399999618530273,Nc1ccc(-c2ccc(N3CCC(=O)C3)c(C(=O)O)c2)cc1,CC(c1ccccc1)N(C(=O)c1cc(-c2ccc(N)cc2)ccc1N1CCC(=O)C1)c1ccc2[nH]cc(C=O)c2c1
scent_clpp,greedy_oracle_static,190,190,244,1,-9.399999618530273,Nc1ccc(-c2ccc(N3CCC(=O)C3)c(C(=O)O)c2)cc1,Nc1ccc(-c2ccc(N3CCC(=O)C3)c(CNc3ccnc4ccccc34)c2)cc1
scent_clpp,greedy_oracle_static,191,191,245,1,-9.300000190734863,Nc1ccc(-c2ccc(N3CCC(=O)C3)c(C(=O)O)c2)cc1,Nc1ccc(-c2ccc(N3CCC(=O)C3)c(CN3Cc4ccccc4CC3C(=O)O)c2)cc1
scent_clpp,greedy_oracle_static,192,192,246,1,-9.199999809265137,Nc1ccc(-c2ccc(N3CCC(=O)C3)c(C(=O)O)c2)cc1,Nc1ccc(-c2ccc(N3CCC(=O)C3)c(CNC(Cc3c[nH]c4ccccc34)C(=O)O)c2)cc1
scent_clpp,greedy_oracle_static,193,193,247,1,-9.199999809265137,Nc1ccc(-c2ccc(N3CCC(=O)C3)c(C(=O)O)c2)cc1,Nc1ccc(-c2ccc(N3CCC(=O)C3)c(CNc3ccc(-c4cccc(C(=O)O)c4)cc3)c2)cc1
scent_clpp,greedy_oracle_static,194,194,248,1,-9.199999809265137,Nc1ccc(-c2ccc(N3CCC(=O)C3)c(C(=O)O)c2)cc1,Nc1ccc(-c2ccc(N3CCC(=O)C3)c(CN3C(C(=O)O)Cc4c([nH]c5ccccc45)C3c3ccnc(Br)c3)c2)cc1
scent_clpp,greedy_oracle_static,195,195,249,1,-9.100000381469727,Nc1ccc(-c2ccc(N3CCC(=O)C3)c(C(=O)O)c2)cc1,O=C1CCN(c2ccc(-c3ccc(NCc4ccc(F)c(C(F)(F)F)c4)cc3)cc2C(=O)O)C1
scent_clpp,greedy_oracle_static,196,196,250,1,-9.100000381469727,Nc1ccc(-c2ccc(N3CCC(=O)C3)c(C(=O)O)c2)cc1,Nc1ccc(-c2ccc(N3CCC(=O)C3)c(C(=O)Nc3nc(F)nc4[nH]cnc34)c2)cc1
scent_clpp,greedy_oracle_static,197,197,251,1,-9.100000381469727,Nc1ccc(-c2ccc(N3CCC(=O)C3)c(C(=O)O)c2)cc1,Nc1ccc(-c2ccc(N3CCC(=O)C3)c(C(=O)Oc3ccc(C(=O)O)cc3N)c2)cc1
scent_clpp,greedy_oracle_static,198,198,252,1,-9.0,Nc1ccc(-c2ccc(N3CCC(=O)C3)c(C(=O)O)c2)cc1,Nc1ccc(-c2ccc(N3CCC(=O)C3)c(C3=NC(C(=O)O)Cc4ccc(O)cc43)c2)cc1
scent_clpp,greedy_oracle_static,199,199,253,1,-9.0,Nc1ccc(-c2ccc(N3CCC(=O)C3)c(C(=O)O)c2)cc1,Nc1ccc(-c2ccc(N3CCC(=O)C3)c(-c3nc4ccc(C(=O)O)cc4o3)c2)cc1
scent_clpp,greedy_oracle_static,200,200,254,1,-8.800000190734863,Nc1ccc(-c2ccc(N3CCC(=O)C3)c(C(=O)O)c2)cc1,Nc1ccc(-c2ccc(N3CCC(=O)C3)c(C(=O)N3CCCC3C(F)(F)F)c2)cc1
scent_clpp,greedy_oracle_static,201,201,255,1,-8.600000381469727,Nc1ccc(-c2ccc(N3CCC(=O)C3)c(C(=O)O)c2)cc1,Nc1ccc(-c2ccc(N3CCC(=O)C3)c(C(=O)NC(Cc3cccs3)C(=O)O)c2)cc1
scent_clpp,greedy_oracle_static,202,202,256,1,-8.600000381469727,Nc1ccc(-c2ccc(N3CCC(=O)C3)c(C(=O)O)c2)cc1,Cc1cnc(F)cc1Nc1ccc(-c2ccc(N3CCC(=O)C3)c(C(=O)O)c2)cc1
scent_clpp,greedy_oracle_static,203,203,257,1,-8.600000381469727,Nc1ccc(-c2ccc(N3CCC(=O)C3)c(C(=O)O)c2)cc1,Nc1ccc(-c2ccc(N3CCC(=O)C3)c(CN(c3ccc4[nH]cc(C=O)c4c3)c3cc(Br)n[nH]3)c2)cc1
scent_clpp,greedy_oracle_static,204,204,258,1,-8.5,Nc1ccc(-c2ccc(N3CCC(=O)C3)c(C(=O)O)c2)cc1,N#Cc1cc(Br)cc(NC(=O)c2cc(-c3ccc(N)cc3)ccc2N2CCC(=O)C2)c1
scent_clpp,greedy_oracle_static,205,205,259,1,-8.399999618530273,Nc1ccc(-c2ccc(N3CCC(=O)C3)c(C(=O)O)c2)cc1,CC(c1ccccc1)N(Cc1cc(-c2ccc(N)cc2)ccc1N1CCC(=O)C1)c1cccc(C(=O)O)n1
scent_clpp,greedy_oracle_static,206,206,260,1,-8.300000190734863,Nc1ccc(-c2ccc(N3CCC(=O)C3)c(C(=O)O)c2)cc1,Nc1ccc(-c2ccc(N3CCC(Nc4ccnc5ccccc45)C3)c(C(=O)O)c2)cc1
scent_clpp,greedy_oracle_static,207,207,261,1,-8.300000190734863,Nc1ccc(-c2ccc(N3CCC(=O)C3)c(C(=O)O)c2)cc1,Nc1ccc(-c2ccc(N3CCC(N4Cc5ccccc5CC4C(=O)O)C3)c(C(=O)O)c2)cc1
scent_clpp,greedy_oracle_static,208,208,262,1,-8.100000381469727,Nc1ccc(-c2ccc(N3CCC(=O)C3)c(C(=O)O)c2)cc1,COc1cccc(C(C)Nc2ccc(-c3ccc(N4CCC(=O)C4)c(C(=O)O)c3)cc2)c1
scent_clpp,greedy_oracle_static,209,209,263,1,-8.100000381469727,Nc1ccc(-c2ccc(N3CCC(=O)C3)c(C(=O)O)c2)cc1,NC(Cc1ccccc1)C(=O)Nc1ccc(-c2ccc(N3CCC(=O)C3)c(C(=O)O)c2)cc1
scent_clpp,greedy_oracle_static,210,210,264,1,-8.0,Nc1ccc(-c2ccc(N3CCC(=O)C3)c(C(=O)O)c2)cc1,O=C1CCN(c2ccc(-c3ccc(NS(=O)(=O)c4cccc(Br)c4)cc3)cc2C(=O)O)C1
scent_clpp,greedy_oracle_static,211,211,267,3,-11.0,FC(F)(F)c1ccc2nc(C(Cc3c[nH]c4ccccc34)Nc3ccccn3)[nH]c2c1,O=Cc1c[nH]c2cc(N(c3ccccn3)C(Cc3c[nH]c4ccccc34)c3nc4ccc(C(F)(F)F)cc4[nH]3)ccc12
scent_clpp,greedy_oracle_static,212,212,268,1,-10.899999618530273,FC(F)(F)c1ccc2nc(C(Cc3c[nH]c4ccccc34)Nc3ccccn3)[nH]c2c1,Fc1cc(C2c3[nH]c4ccccc4c3CC(c3nc4ccc(C(F)(F)F)cc4[nH]3)N2c2ccccn2)ccc1C(F)(F)F
scent_clpp,greedy_oracle_static,213,213,269,1,-10.399999618530273,FC(F)(F)c1ccc2nc(C(Cc3c[nH]c4ccccc34)Nc3ccccn3)[nH]c2c1,O=C(Cn1cc(CC(Nc2ccccn2)c2nc3ccc(C(F)(F)F)cc3[nH]2)c2ccccc21)c1ccc(O)cc1
scent_clpp,greedy_oracle_static,214,214,270,1,-10.199999809265137,FC(F)(F)c1ccc2nc(C(Cc3c[nH]c4ccccc34)Nc3ccccn3)[nH]c2c1,Oc1cc(F)c(F)cc1Nc1ccc2c(CN(c3ccccn3)C(Cc3c[nH]c4ccccc34)c3nc4ccc(C(F)(F)F)cc4[nH]3)c[nH]c2c1
scent_clpp,greedy_oracle_static,215,215,271,1,-9.899999618530273,FC(F)(F)c1ccc2nc(C(Cc3c[nH]c4ccccc34)Nc3ccccn3)[nH]c2c1,O=C(Nc1cccc2cc[nH]c12)N(c1ccccn1)C(Cc1c[nH]c2ccccc12)c1nc2ccc(C(F)(F)F)cc2[nH]1
scent_clpp,greedy_oracle_static,216,216,272,1,-9.699999809265137,FC(F)(F)c1ccc2nc(C(Cc3c[nH]c4ccccc34)Nc3ccccn3)[nH]c2c1,O=C(C1Cc2c([nH]c3ccccc23)C(c2nc(Br)cs2)N1)N(c1ccccn1)C(Cc1c[nH]c2ccccc12)c1nc2ccc(C(F)(F)F)cc2[nH]1
scent_clpp,greedy_oracle_static,217,217,273,1,-8.899999618530273,FC(F)(F)c1ccc2nc(C(Cc3c[nH]c4ccccc34)Nc3ccccn3)[nH]c2c1,O=c1cc(Cn2c(C(Cc3c[nH]c4ccccc34)Nc3ccccn3)nc3ccc(C(F)(F)F)cc32)c2ccccc2[nH]1
scent_clpp,greedy_oracle_static,218,218,277,4,-12.600000381469727,Cc1cc(C)cc(-c2cncc(C3NC(c4nc5cc(Br)ccc5o4)Cc4c3[nH]c3ccccc43)c2)c1,Cc1cc(C)cc(-c2cncc(C3c4[nH]c5ccccc5c4CC(c4nc5cc(Br)ccc5o4)N3Cc3ccc(C(F)(F)F)cc3)c2)c1
scent_clpp,greedy_oracle_static,219,219,278,1,-12.100000381469727,Cc1cc(C)cc(-c2cncc(C3NC(c4nc5cc(Br)ccc5o4)Cc4c3[nH]c3ccccc43)c2)c1,Cc1cc(C)cc(-c2cncc(C3NC(c4nc5cc(O)ccc5o4)Cc4c3[nH]c3ccccc43)c2)c1
scent_clpp,greedy_oracle_static,220,220,279,1,-12.0,Cc1cc(C)cc(-c2cncc(C3NC(c4nc5cc(Br)ccc5o4)Cc4c3[nH]c3ccccc43)c2)c1,Cc1cc(C)cc(-c2cncc(C3NC(c4nc5cc(Br)ccc5o4)Cc4c3n(Cc3ccc(C)c(F)c3)c3ccccc43)c2)c1
scent_clpp,greedy_oracle_static,221,221,282,3,-13.399999618530273,Fc1cccc(-c2ccc3c(C4NC(c5nc6ccc(C(F)(F)F)cc6[nH]5)Cc5c4[nH]c4ccccc54)c[nH]c3c2)c1F,O=C(C1Cc2ccccc2CN1)N1C(c2nc3ccc(C(F)(F)F)cc3[nH]2)Cc2c([nH]c3ccccc23)C1c1c[nH]c2cc(-c3cccc(F)c3F)ccc12
scent_clpp,greedy_oracle_static,222,222,283,1,-13.100000381469727,Fc1cccc(-c2ccc3c(C4NC(c5nc6ccc(C(F)(F)F)cc6[nH]5)Cc5c4[nH]c4ccccc54)c[nH]c3c2)c1F,Fc1cccc(-c2ccc3c(C4NC(c5nc6ccc(C(F)(F)F)cc6[nH]5)Cc5c4n(Cc4ccccn4)c4ccccc54)c[nH]c3c2)c1F
scent_clpp,greedy_oracle_static,223,223,284,1,-11.699999809265137,Fc1cccc(-c2ccc3c(C4NC(c5nc6ccc(C(F)(F)F)cc6[nH]5)Cc5c4[nH]c4ccccc54)c[nH]c3c2)c1F,Cc1ccc(Cn2cc(C3NC(c4nc5ccc(C(F)(F)F)cc5[nH]4)Cc4c3[nH]c3ccccc43)c3ccc(-c4cccc(F)c4F)cc32)cc1F
scent_clpp,greedy_oracle_static,224,224,285,1,-10.800000190734863,Fc1cccc(-c2ccc3c(C4NC(c5nc6ccc(C(F)(F)F)cc6[nH]5)Cc5c4[nH]c4ccccc54)c[nH]c3c2)c1F,CCn1c(C2Cc3c([nH]c4ccccc34)C(c3c[nH]c4cc(-c5cccc(F)c5F)ccc34)N2)nc2ccc(C(F)(F)F)cc21
scent_clpp,greedy_oracle_static,225,225,289,4,-13.5,Cc1cc(-c2cccc(C3NC(c4nc5ccccc5o4)Cc4c3[nH]c3ccccc43)c2)ccc1F,Cc1cc(-c2cccc(C3c4[nH]c5ccccc5c4CC(c4nc5ccccc5o4)N3CC3CCCN3)c2)ccc1F
scent_clpp,greedy_oracle_static,226,226,290,1,-12.0,Cc1cc(-c2cccc(C3NC(c4nc5ccccc5o4)Cc4c3[nH]c3ccccc43)c2)ccc1F,Cc1cc(-c2cccc(C3NC(c4nc5ccccc5o4)Cc4c3n(Cc3cccc(C)c3C)c3ccccc43)c2)ccc1F
scent_clpp,greedy_oracle_static,227,227,293,3,-13.800000190734863,Cc1cc(-c2cncc(C3NC(c4nc5ccc(C(F)(F)F)cc5[nH]4)Cc4c3[nH]c3ccccc43)c2)ccc1F,Cc1cc(-c2cncc(C3c4[nH]c5ccccc5c4CC(c4nc5ccc(C(F)(F)F)cc5[nH]4)N3Cc3cccc(Br)c3)c2)ccc1F
scent_clpp,greedy_oracle_static,228,228,294,1,-12.600000381469727,Cc1cc(-c2cncc(C3NC(c4nc5ccc(C(F)(F)F)cc5[nH]4)Cc4c3[nH]c3ccccc43)c2)ccc1F,Cc1cc(-c2cncc(C3NC(c4nc5ccc(C(F)(F)F)cc5[nH]4)Cc4c3n(Cc3cccc(F)c3)c3ccccc43)c2)ccc1F
scent_clpp,greedy_oracle_static,229,229,298,4,-13.199999809265137,Cc1cc(C)cc(-c2cncc(C3NC(c4nc5cc(C(F)(F)F)ccc5[nH]4)Cc4c3[nH]c3ccccc43)c2)c1,Cc1cc(C)cc(-c2cncc(C3c4[nH]c5ccccc5c4CC(c4nc5cc(C(F)(F)F)ccc5[nH]4)N3C(=O)N3CCNCC3)c2)c1
scent_clpp,greedy_oracle_static,230,230,299,1,-12.300000190734863,Cc1cc(C)cc(-c2cncc(C3NC(c4nc5cc(C(F)(F)F)ccc5[nH]4)Cc4c3[nH]c3ccccc43)c2)c1,Cc1cc(C)cc(-c2cncc(C3NC(c4nc5cc(C(F)(F)F)ccc5[nH]4)Cc4c3n(Cc3cscn3)c3ccccc43)c2)c1
scent_clpp,greedy_oracle_static,231,231,300,1,-10.800000190734863,Cc1cc(C)cc(-c2cncc(C3NC(c4nc5cc(C(F)(F)F)ccc5[nH]4)Cc4c3[nH]c3ccccc43)c2)c1,Cc1cc(C)cc(-c2cncc(C3NC(c4nc5cc(C(F)(F)F)ccc5n4Cc4ccc([N+](=O)[O-])c(F)c4)Cc4c3[nH]c3ccccc43)c2)c1
scent_clpp,greedy_oracle_static,232,232,304,4,-13.199999809265137,Cc1cc(-c2cncc(C3NC(c4nc5cc(F)c(F)cc5o4)Cc4c3[nH]c3ccccc43)c2)ccc1F,Cc1cc(-c2cncc(C3c4[nH]c5ccccc5c4CC(c4nc5cc(F)c(F)cc5o4)N3c3cnc(F)c(C)c3)c2)ccc1F
scent_clpp,greedy_oracle_static,233,233,305,1,-11.699999809265137,Cc1cc(-c2cncc(C3NC(c4nc5cc(F)c(F)cc5o4)Cc4c3[nH]c3ccccc43)c2)ccc1F,Cc1cc(-c2cncc(C3NC(c4nc5cc(F)c(F)cc5o4)Cc4c3n(CC3CCC(F)(F)CC3)c3ccccc43)c2)ccc1F
scent_clpp,greedy_oracle_static,234,234,308,3,-13.600000381469727,Fc1cccc(-c2cc(C3NC(c4nc5cc(C(F)(F)F)ccc5[nH]4)Cc4c3[nH]c3ccccc43)ccn2)c1F,O=S(=O)(c1cnc(Cl)s1)N1C(c2nc3cc(C(F)(F)F)ccc3[nH]2)Cc2c([nH]c3ccccc23)C1c1ccnc(-c2cccc(F)c2F)c1
scent_clpp,greedy_oracle_static,235,235,309,1,-11.800000190734863,Fc1cccc(-c2cc(C3NC(c4nc5cc(C(F)(F)F)ccc5[nH]4)Cc4c3[nH]c3ccccc43)ccn2)c1F,Fc1cccc(-c2cc(C3NC(c4nc5cc(C(F)(F)F)ccc5[nH]4)Cc4c3n(Cc3ccccc3)c3ccccc43)ccn2)c1F
scent_clpp,greedy_oracle_static,236,236,310,1,-11.699999809265137,Fc1cccc(-c2cc(C3NC(c4nc5cc(C(F)(F)F)ccc5[nH]4)Cc4c3[nH]c3ccccc43)ccn2)c1F,Fc1cccc(-c2cc(C3NC(c4nc5cc(C(F)(F)F)ccc5n4CC4CCCC4)Cc4c3[nH]c3ccccc43)ccn2)c1F
scent_clpp,greedy_oracle_static,237,237,312,2,-12.800000190734863,OB(O)c1ccc(F)c(C2=NC(c3nc4ccc(C(F)(F)F)cc4[nH]3)Cc3c2[nH]c2ccccc32)c1,Nc1cccc(-c2ccc(F)c(C3=NC(c4nc5ccc(C(F)(F)F)cc5[nH]4)Cc4c3[nH]c3ccccc43)c2)c1O
scent_clpp,greedy_oracle_static,238,238,313,1,-11.300000190734863,NC(Cc1c[nH]c2ccccc12)c1nc2cc(C(F)(F)F)ccc2[nH]1,O=C(Nc1cc(-c2cccc(C(=O)O)c2)ccc1O)NC(Cc1c[nH]c2ccccc12)c1nc2cc(C(F)(F)F)ccc2[nH]1
scent_clpp,greedy_oracle_static,239,239,314,1,-11.199999809265137,NC(Cc1c[nH]c2ccccc12)c1nc2cc(C(F)(F)F)ccc2[nH]1,NC(Cc1c[nH]c2ccccc12)c1nc2ccc(NC(Cc3c[nH]c4ccccc34)c3nc4cc(C(F)(F)F)ccc4[nH]3)cc2[nH]1
scent_clpp,greedy_oracle_static,240,240,315,1,-10.399999618530273,NC(Cc1c[nH]c2ccccc12)c1nc2cc(C(F)(F)F)ccc2[nH]1,O=Cc1c[nH]c2cc(N(C(=O)NC(Cc3c[nH]c4ccccc34)c3nc4cc(C(F)(F)F)ccc4[nH]3)c3cc(F)c(F)cc3O)ccc12
scent_clpp,greedy_oracle_static,241,241,316,1,-9.600000381469727,NC(Cc1c[nH]c2ccccc12)c1nc2cc(C(F)(F)F)ccc2[nH]1,Fc1cccc(-c2cc(CNC(Cc3c[nH]c4ccccc34)c3nc4cc(C(F)(F)F)ccc4[nH]3)ccn2)c1F
scent_clpp,greedy_oracle_static,242,242,317,1,-9.399999618530273,NC(Cc1c[nH]c2ccccc12)c1nc2cc(C(F)(F)F)ccc2[nH]1,O=C(NC(Cc1c[nH]c2ccccc12)c1nc2cc(C(F)(F)F)ccc2[nH]1)C1Cc2c([nH]c3ccccc23)C(c2cccc(-c3cccc(F)c3F)c2)N1
scent_clpp,greedy_oracle_static,243,243,318,1,-8.5,NC(Cc1c[nH]c2ccccc12)c1nc2cc(C(F)(F)F)ccc2[nH]1,O=C(O)C(Cc1c[nH]c2ccccc12)NCC1Cc2ccccc2CN1C(=O)NC(Cc1c[nH]c2ccccc12)c1nc2cc(C(F)(F)F)ccc2[nH]1
scent_clpp,greedy_oracle_static,244,244,319,1,-8.300000190734863,NC(Cc1c[nH]c2ccccc12)c1nc2cc(C(F)(F)F)ccc2[nH]1,N#Cc1cccc(C(CBr)NC(Cc2c[nH]c3ccccc23)c2nc3cc(C(F)(F)F)ccc3[nH]2)c1
scent_clpp,greedy_oracle_static,245,245,320,1,-8.100000381469727,NC(Cc1c[nH]c2ccccc12)c1nc2cc(C(F)(F)F)ccc2[nH]1,Nc1ccc(-c2ccc(N3CCC(NC(Cc4c[nH]c5ccccc45)c4nc5cc(C(F)(F)F)ccc5[nH]4)C3)c(C(=O)O)c2)cc1
scent_clpp,greedy_oracle_static,246,246,322,2,-10.899999618530273,NC(Cc1c[nH]c2ccccc12)c1nc2ccc(C(F)(F)F)cc2[nH]1,CC(NC(=O)NC(Cc1c[nH]c2ccccc12)c1nc2ccc(C(F)(F)F)cc2[nH]1)c1ccccc1
scent_clpp,greedy_oracle_static,247,247,323,1,-9.0,NC(Cc1c[nH]c2ccccc12)c1nc2ccc(C(F)(F)F)cc2[nH]1,O=C(O)C1Cc2c([nH]c3ccccc23)C(c2cncc(Br)c2)N1C(=O)NC(Cc1c[nH]c2ccccc12)c1nc2ccc(C(F)(F)F)cc2[nH]1
scent_clpp,greedy_oracle_static,248,248,327,4,-13.0,O=C(O)C1Cc2c([nH]c3ccccc23)C(c2c[nH]c3cc(-c4cccc(F)c4F)ccc23)N1Cc1nc2ccccc2[nH]1,Fc1cc2nc(C3Cc4c([nH]c5ccccc45)C(c4c[nH]c5cc(-c6cccc(F)c6F)ccc45)N3Cc3nc4ccccc4[nH]3)oc2cc1F
scent_clpp,greedy_oracle_static,249,249,328,1,-11.0,O=C(O)C1Cc2c([nH]c3ccccc23)C(c2c[nH]c3cc(-c4cccc(F)c4F)ccc23)N1Cc1nc2ccccc2[nH]1,O=C(O)C1Cc2c(n(CC3CCCC3)c3ccccc23)C(c2c[nH]c3cc(-c4cccc(F)c4F)ccc23)N1Cc1nc2ccccc2[nH]1
scent_clpp,greedy_oracle_static,250,250,329,1,-11.0,O=C(O)C1Cc2c([nH]c3ccccc23)C(c2c[nH]c3cc(-c4cccc(F)c4F)ccc23)N1Cc1nc2ccccc2[nH]1,O=C(O)c1ccccc1Cn1cc(C2c3[nH]c4ccccc4c3CC(C(=O)O)N2Cc2nc3ccccc3[nH]2)c2ccc(-c3cccc(F)c3F)cc21
scent_clpp,greedy_oracle_static,251,251,330,1,-10.300000190734863,O=C(O)C1Cc2c([nH]c3ccccc23)C(c2c[nH]c3cc(-c4cccc(F)c4F)ccc23)N1Cc1nc2ccccc2[nH]1,Cc1ccc(Cn2c(CN3C(C(=O)O)Cc4c([nH]c5ccccc45)C3c3c[nH]c4cc(-c5cccc(F)c5F)ccc34)nc3ccccc32)cc1F
scent_clpp,greedy_oracle_static,252,252,332,2,-12.0,O=Cc1cccc(-c2ccc(F)cc2)c1,Fc1ccc(-c2cccc(C3NC(c4nc5ccccc5o4)Cc4c3[nH]c3ccccc43)c2)cc1
scent_clpp,greedy_oracle_static,253,253,333,1,-10.699999809265137,O=Cc1cccc(-c2ccc(F)cc2)c1,O=C(O)c1cccc(-c2ccc(O)c(NCc3cccc(-c4ccc(F)cc4)c3)c2)c1
scent_clpp,greedy_oracle_static,254,254,334,1,-10.300000190734863,O=Cc1cccc(-c2ccc(F)cc2)c1,O=C(O)C1Cc2c([nH]c3ccccc23)C(c2cncc(Br)c2)N1Cc1cccc(-c2ccc(F)cc2)c1
scent_clpp,greedy_oracle_static,255,255,335,1,-10.300000190734863,O=Cc1cccc(-c2ccc(F)cc2)c1,Fc1ccc(-c2cccc(-c3nc4ccc(C(F)(F)F)cc4[nH]3)c2)cc1
scent_clpp,greedy_oracle_static,256,256,336,1,-10.199999809265137,O=Cc1cccc(-c2ccc(F)cc2)c1,Fc1ccc(-c2cccc(CNCc3ccc(C(F)(F)F)cc3)c2)cc1
scent_clpp,greedy_oracle_static,257,257,337,1,-10.199999809265137,O=Cc1cccc(-c2ccc(F)cc2)c1,Fc1ccc(-c2cccc(CNC(Cc3c[nH]c4ccccc34)c3nc4ccccc4o3)c2)cc1
scent_clpp,greedy_oracle_static,258,258,338,1,-10.0,O=Cc1cccc(-c2ccc(F)cc2)c1,Oc1ccc2[nH]cc(CCNCc3cccc(-c4ccc(F)cc4)c3)c2c1
scent_clpp,greedy_oracle_static,259,259,339,1,-9.600000381469727,O=Cc1cccc(-c2ccc(F)cc2)c1,O=C(O)C(Cc1ccc(O)cc1)NCc1cccc(-c2ccc(F)cc2)c1
scent_clpp,greedy_oracle_static,260,260,340,1,-9.5,O=Cc1cccc(-c2ccc(F)cc2)c1,CC(NCc1cccc(-c2ccc(F)cc2)c1)c1ccccc1
scent_clpp,greedy_oracle_static,261,261,341,1,-9.5,O=Cc1cccc(-c2ccc(F)cc2)c1,Cc1ccc(S(=O)(=O)F)cc1NCc1cccc(-c2ccc(F)cc2)c1
scent_clpp,greedy_oracle_static,262,262,342,1,-9.399999618530273,O=Cc1cccc(-c2ccc(F)cc2)c1,O=C(O)C1Cc2ccccc2CN1Cc1cccc(-c2ccc(F)cc2)c1
scent_clpp,greedy_oracle_static,263,263,343,1,-9.399999618530273,O=Cc1cccc(-c2ccc(F)cc2)c1,Fc1ccc(-c2cccc(C3NCCc4c3[nH]c3ccccc43)c2)cc1
scent_clpp,greedy_oracle_static,264,264,344,1,-9.399999618530273,O=Cc1cccc(-c2ccc(F)cc2)c1,O=C(O)c1ccc2nc(-c3cccc(-c4ccc(F)cc4)c3)oc2c1
scent_clpp,greedy_oracle_static,265,265,345,1,-9.199999809265137,O=Cc1cccc(-c2ccc(F)cc2)c1,Fc1ccc(-c2cccc(CNc3ccnc4ccccc34)c2)cc1
scent_clpp,greedy_oracle_static,266,266,346,1,-9.199999809265137,O=Cc1cccc(-c2ccc(F)cc2)c1,O=C(O)C1Cc2ccccc2C(c2cccc(-c3ccc(F)cc3)c2)N1
scent_clpp,greedy_oracle_static,267,267,347,1,-9.199999809265137,O=Cc1cccc(-c2ccc(F)cc2)c1,Fc1ccc(-c2cccc(-c3nc4cccc(Br)c4[nH]3)c2)cc1
scent_clpp,greedy_oracle_static,268,268,348,1,-9.100000381469727,O=Cc1cccc(-c2ccc(F)cc2)c1,COc1ccccc1CCNCc1cccc(-c2ccc(F)cc2)c1
scent_clpp,greedy_oracle_static,269,269,349,1,-9.100000381469727,O=Cc1cccc(-c2ccc(F)cc2)c1,Fc1ccc(-c2cccc(C3NCCc4c(Br)cccc43)c2)cc1
scent_clpp,greedy_oracle_static,270,270,350,1,-9.100000381469727,O=Cc1cccc(-c2ccc(F)cc2)c1,O=C(O)c1ccc2[nH]c(-c3cccc(-c4ccc(F)cc4)c3)nc2c1
scent_clpp,greedy_oracle_static,271,271,351,1,-9.100000381469727,O=Cc1cccc(-c2ccc(F)cc2)c1,Fc1ccc(-c2cccc(-c3nc4cccc(Br)c4o3)c2)cc1
scent_clpp,greedy_oracle_static,272,272,352,1,-9.0,O=Cc1cccc(-c2ccc(F)cc2)c1,Fc1ccc(-c2cccc(CNc3ccc(Br)cc3)c2)cc1
scent_clpp,greedy_oracle_static,273,273,353,1,-8.899999618530273,O=Cc1cccc(-c2ccc(F)cc2)c1,N#Cc1ccc(NCc2cccc(-c3ccc(F)cc3)c2)c(N)c1
scent_clpp,greedy_oracle_static,274,274,354,1,-8.899999618530273,O=Cc1cccc(-c2ccc(F)cc2)c1,Fc1ccc(-c2cccc(CNc3cccc4cc[nH]c34)c2)cc1
scent_clpp,greedy_oracle_static,275,275,355,1,-8.899999618530273,O=Cc1cccc(-c2ccc(F)cc2)c1,O=C(O)C1CCCN(Cc2cccc(-c3ccc(F)cc3)c2)C1
scent_clpp,greedy_oracle_static,276,276,356,1,-8.800000190734863,O=Cc1cccc(-c2ccc(F)cc2)c1,OC1CCCCC1NCc1cccc(-c2ccc(F)cc2)c1
scent_clpp,greedy_oracle_static,277,277,357,1,-8.800000190734863,O=Cc1cccc(-c2ccc(F)cc2)c1,Fc1ccc(-c2cccc(CNc3nc(F)nc4[nH]cnc34)c2)cc1
scent_clpp,greedy_oracle_static,278,278,358,1,-8.800000190734863,O=Cc1cccc(-c2ccc(F)cc2)c1,Fc1ccc(-c2cccc(CN3CCCC3C(F)(F)F)c2)cc1
scent_clpp,greedy_oracle_static,279,279,359,1,-8.800000190734863,O=Cc1cccc(-c2ccc(F)cc2)c1,Fc1ccc(-c2cccc(-c3nc4ccccc4s3)c2)cc1
scent_clpp,greedy_oracle_static,280,280,360,1,-8.699999809265137,O=Cc1cccc(-c2ccc(F)cc2)c1,Fc1ccc(-c2cccc(CNc3ccccc3-n3cccc3)c2)cc1
scent_clpp,greedy_oracle_static,281,281,361,1,-8.600000381469727,O=Cc1cccc(-c2ccc(F)cc2)c1,COc1ccc2oc(-c3cccc(-c4ccc(F)cc4)c3)nc2c1
scent_clpp,greedy_oracle_static,282,282,362,1,-8.399999618530273,O=Cc1cccc(-c2ccc(F)cc2)c1,Fc1ccc(-c2cccc(CNC34CC(C3)C4)c2)cc1
scent_clpp,greedy_oracle_static,283,283,363,1,-8.399999618530273,O=Cc1cccc(-c2ccc(F)cc2)c1,CC(c1ccccc1)N(Cc1cccc(-c2ccc(F)cc2)c1)c1cccc(C(=O)O)n1
scent_clpp,greedy_oracle_static,284,284,364,1,-8.199999809265137,O=Cc1cccc(-c2ccc(F)cc2)c1,O=C(O)c1cccc(F)c1NCc1cccc(-c2ccc(F)cc2)c1
scent_clpp,greedy_oracle_static,285,285,365,1,-8.100000381469727,O=Cc1cccc(-c2ccc(F)cc2)c1,Fc1ccc(-c2cccc(CNCCN3CCNCC3)c2)cc1
scent_clpp,greedy_oracle_static,286,286,369,4,-13.899999618530273,Cc1cc(-c2cc(C3NC(c4nc5ccc(C(F)(F)F)cc5[nH]4)Cc4c3[nH]c3ccccc43)ccn2)ccc1F,Cc1cc(-c2cc(C3c4[nH]c5ccccc5c4CC(c4nc5ccc(C(F)(F)F)cc5[nH]4)N3C3CCC3)ccn2)ccc1F
scent_clpp,greedy_oracle_static,287,287,370,1,-10.699999809265137,Cc1cc(-c2cc(C3NC(c4nc5ccc(C(F)(F)F)cc5[nH]4)Cc4c3[nH]c3ccccc43)ccn2)ccc1F,Cc1cc(-c2cc(C3NC(c4nc5ccc(C(F)(F)F)cc5n4Cc4cc(=O)[nH]c5ccccc45)Cc4c3[nH]c3ccccc43)ccn2)ccc1F
scent_clpp,greedy_oracle_static,288,288,374,4,-13.300000190734863,Fc1cccc(-c2cccc(C3NC(c4nc5cc(F)ccc5o4)Cc4c3[nH]c3ccccc43)c2)c1,O=C(Nc1cccc(C(F)(F)F)c1)N1C(c2nc3cc(F)ccc3o2)Cc2c([nH]c3ccccc23)C1c1cccc(-c2cccc(F)c2)c1
scent_clpp,greedy_oracle_static,289,289,375,1,-11.100000381469727,Fc1cccc(-c2cccc(C3NC(c4nc5cc(F)ccc5o4)Cc4c3[nH]c3ccccc43)c2)c1,O=C(Cn1c2c(c3ccccc31)CC(c1nc3cc(F)ccc3o1)NC2c1cccc(-c2cccc(F)c2)c1)c1ccc(O)cc1
scent_clpp,greedy_oracle_static,290,290,376,1,-10.399999618530273,Fc1cccc(-c2cccc(C3NC(c4nc5cc(F)ccc5o4)Cc4c3[nH]c3ccccc43)c2)c1,O=C1Cc2ccc(C(CCl)N3C(c4nc5cc(F)ccc5o4)Cc4c([nH]c5ccccc45)C3c3cccc(-c4cccc(F)c4)c3)cc2N1
scent_clpp,greedy_oracle_static,291,291,378,2,-12.0,O=Cc1cccc(-c2cccc(F)c2F)c1,O=C(NCCc1c[nH]c2ccccc12)C1Cc2ccccc2CN1Cc1cccc(-c2cccc(F)c2F)c1
scent_clpp,greedy_oracle_static,292,292,379,1,-10.600000381469727,O=Cc1cccc(-c2cccc(F)c2F)c1,O=Cc1c[nH]c2cc(N(Cc3cccc(-c4cccc(F)c4F)c3)c3cc(F)c(F)cc3O)ccc12
scent_clpp,greedy_oracle_static,293,293,380,1,-10.300000190734863,O=Cc1cccc(-c2cccc(F)c2F)c1,O=C(O)c1cccc(-c2ccc(NCc3cccc(-c4cccc(F)c4F)c3)cc2)c1
scent_clpp,greedy_oracle_static,294,294,381,1,-10.100000381469727,O=Cc1cccc(-c2cccc(F)c2F)c1,Nc1ccc(C(F)(F)F)cc1NCc1cccc(-c2cccc(F)c2F)c1
scent_clpp,greedy_oracle_static,295,295,382,1,-10.100000381469727,O=Cc1cccc(-c2cccc(F)c2F)c1,Fc1cccc(-c2cccc(-c3nc4cc(C(F)(F)F)ccc4[nH]3)c2)c1F
scent_clpp,greedy_oracle_static,296,296,383,1,-10.0,O=Cc1cccc(-c2cccc(F)c2F)c1,O=C(O)C(Cc1c[nH]c2ccccc12)NCc1cccc(-c2cccc(F)c2F)c1
scent_clpp,greedy_oracle_static,297,297,384,1,-9.899999618530273,O=Cc1cccc(-c2cccc(F)c2F)c1,O=C(O)C1Cc2c([nH]c3ccccc23)C(c2nc(Br)cs2)N1Cc1cccc(-c2cccc(F)c2F)c1
scent_clpp,greedy_oracle_static,298,298,385,1,-9.699999809265137,O=Cc1cccc(-c2cccc(F)c2F)c1,Fc1cccc(-c2cccc(CNCCc3ccccc3)c2)c1F
scent_clpp,greedy_oracle_static,299,299,386,1,-9.699999809265137,O=Cc1cccc(-c2cccc(F)c2F)c1,Fc1cc2nc(-c3cccc(-c4cccc(F)c4F)c3)oc2cc1F
scent_clpp,greedy_oracle_static,300,300,387,1,-9.600000381469727,O=Cc1cccc(-c2cccc(F)c2F)c1,Fc1cccc(-c2cccc(C3Nc4ccccc4-n4cccc43)c2)c1F
