tag,arm,step,cum_modes,cum_reactions,reactions_added,reward,source_hub,smiles
fraggfn_clpp,best_candidate,1,1,5,5,-13.9,Fc1cc(-c2cc(-c3cccc4ccccc34)c3ccccc3c2)cc(-c2c[nH]c3ccccc23)c1,Fc1cc(-c2cc(-c3cc(C4CCCCC4)cc4ccccc34)c3ccccc3c2)cc(-c2c[nH]c3ccccc23)c1
fraggfn_clpp,best_candidate,2,2,10,5,-13.9,C1=CC(c2cccc(-c3cc(C4C=CCCC4)ccc3-c3c[nH]c4ccccc34)c2)CCC1,C1=CC(c2cc(-c3ccc4ccccc4c3)cc(-c3cc(C4C=CCCC4)ccc3-c3c[nH]c4ccccc34)c2)CCC1
fraggfn_clpp,best_candidate,3,3,15,5,-13.9,c1ccc(C2CCCC(c3cccc(C4CCCC(c5ccccc5)C4)c3)C2)cc1,c1ccc(C2CCCC(c3cccc(C4CC(c5ccccc5)CC(c5c[nH]c6ccccc56)C4)c3)C2)cc1
fraggfn_clpp,best_candidate,4,4,20,5,-13.9,c1cc(-c2ccnc(-c3ccc[nH]3)c2)cc(C2CCCC(c3ccc4ccccc4c3)C2)c1,c1ccc(-c2cc(-c3cccc(C4CCCC(c5ccc6ccccc6c5)C4)c3)cc(-c3ccc[nH]3)n2)cc1
fraggfn_clpp,best_candidate,5,5,25,5,-13.9,c1ccc(-c2cccc(-c3cccc(-c4cc(-c5ccc6ccccc6c5)ncn4)c3)c2)cc1,c1ccc(-c2cccc(-c3cccc(-c4cc(-c5ccc6ccccc6c5)nc([NH+]5CCOCC5)n4)c3)c2)cc1
fraggfn_clpp,best_candidate,6,6,30,5,-13.6,O=c1nc(-c2cc(-c3cccc(-c4ccccc4)c3)cc(C3C=CCCC3)c2)cc[nH]1,O=c1nc(-c2cc(-c3cccc(-c4cccc(-c5c[nH]c6ccccc56)c4)c3)cc(C3C=CCCC3)c2)cc[nH]1
fraggfn_clpp,best_candidate,7,7,35,5,-13.5,BrC1CC(c2cccc(-c3ccccc3)c2)CC(c2ccc3ccccc3c2)C1,BrC1CC(c2cccc(-c3cccc(-c4ccccc4)c3)c2)CC(c2ccc3ccccc3c2)C1
fraggfn_clpp,best_candidate,8,8,40,5,-13.4,Nc1cccc(-c2cccc(-c3cccc(-c4ccccc4)c3)c2)n1,Nc1cc(-c2ccc3ccccc3c2)cc(-c2cccc(-c3cccc(-c4ccccc4)c3)c2)n1
fraggfn_clpp,best_candidate,9,9,45,5,-13.4,C1=C(c2c[nH]c3ccccc23)CCCC1c1cccc(-c2cccc(-c3ccccc3)c2)c1,C1=C(c2c[nH]c3ccccc23)CCCC1c1cccc(-c2cc(-c3ccccc3)cc(C3CCCCC3)c2)c1
fraggfn_clpp,best_candidate,10,10,50,5,-13.4,CC(=CC1CCN(c2cccc(-c3ccccc3)c2)C1)c1ccc2ccccc2c1,CC(=CC1CC(c2cccc3ccccc23)N(c2cccc(-c3ccccc3)c2)C1)c1ccc2ccccc2c1
fraggfn_clpp,best_candidate,11,11,55,5,-13.4,c1cc(-c2cc(-c3c[nH]c4ccccc34)cc(C3CCCCO3)c2)cc(C2CCCCO2)c1,c1ccc(C2CCOC(c3cccc(-c4cc(-c5c[nH]c6ccccc56)cc(C5CCCCO5)c4)c3)C2)cc1
fraggfn_clpp,best_candidate,12,12,60,5,-13.3,C1=C(c2cccc(C3CCCC(c4ccccc4)C3)c2)CCCC1c1ccccc1,C1=C(c2cccc(C3CCCC(c4ccccc4)C3)c2)CCCC1c1cccc(-c2ccccc2)c1
fraggfn_clpp,best_candidate,13,13,65,5,-13.3,N=C(N)C1CCC(c2cccc(-c3ccccc3)c2)=CC1c1ccc2ccccc2c1,N=C(N)C1CCC(c2cccc(-c3cccc(-c4ccccc4)c3)c2)=CC1c1ccc2ccccc2c1
fraggfn_clpp,best_candidate,14,14,70,5,-13.2,O=c1[nH]c(=O)n(N2CCC(c3ccc4ccccc4c3)C2)cc1-c1cccc(-c2ccccc2)c1,CC=Cc1cccc(-c2cccc(-c3cn(N4CCC(c5ccc6ccccc6c5)C4)c(=O)[nH]c3=O)c2)c1
fraggfn_clpp,best_candidate,15,15,75,5,-13.2,CC(C)=Cc1cccc(C2CCCC(c3cccc(-c4ccc5ccccc5c4)c3)C2)c1,CC(C)=Cc1cccc(C2CCCC(c3cc(-c4ccc5ccccc5c4)ccc3-c3ccc4ccccc4c3)C2)c1
fraggfn_clpp,best_candidate,16,16,80,5,-13.2,C1=CCC(c2cccc(C3CCCC(C4CCC(c5ccccc5)N4)C3)n2)CC1,C1=CCC(c2cccc(C3CCCC(C4CCC(c5cccc(-c6ccc7ccccc7c6)c5)N4)C3)n2)CC1
fraggfn_clpp,best_candidate,17,17,85,5,-13.2,C1=C(c2ccccc2)CCC(c2cccc(-c3cccc(-c4ccc5ccccc5c4)c3)c2)C1,C1=C(c2ccccc2)CCC(c2cccc(-c3cc(-c4ccc5ccccc5c4)cc(-c4cccs4)c3)c2)C1
fraggfn_clpp,best_candidate,18,18,90,5,-13.2,C1=C(c2cccc(-c3cc(-c4cccc(-c5ccc[nH]5)n4)c4ccccc4c3)c2)CCCC1,C1=C(c2cccc(-c3cc(-c4cccc(-c5ccc[nH]5)n4)c4ccccc4c3)c2)CCCC1c1ccc2ccccc2c1
fraggfn_clpp,best_candidate,19,19,95,5,-13.1,c1ccc(-c2cccc(-c3cccc(-c4cccc(-c5ccccc5)c4)c3)c2)cc1,c1ccc(-c2cccc(-c3cccc(-c4cc(-c5ccccc5)cc(C5CCCCC5)c4)c3)c2)cc1
fraggfn_clpp,best_candidate,20,20,100,5,-13.1,c1cc(-c2cccc(-c3c[nH]c4ccccc34)c2)cc(-c2cccc(-c3ccc[nH]3)n2)c1,c1ccc(-c2cc(-c3cccc(-c4cccc(-c5c[nH]c6ccccc56)c4)c3)nc(-c3ccc[nH]3)c2)cc1
fraggfn_clpp,best_candidate,21,21,105,5,-13.1,c1ccc(-c2cccc(-c3nccc(C4CCCC(c5c[nH]c6ccccc56)C4)n3)c2)cc1,C=Cc1cccc(-c2cccc(-c3nccc(C4CCCC(c5c[nH]c6ccccc56)C4)n3)c2)c1
fraggfn_clpp,best_candidate,22,22,110,5,-13.1,C(=CC1CCCC(c2ccccc2)C1)c1cccc(-c2ccccc2)c1,C(=CC1CCCC(c2ccccc2)C1)c1cccc(-c2cccc(-c3c[nH]c4ccccc34)c2)c1
fraggfn_clpp,best_candidate,23,23,115,5,-13.1,C1=C(c2cccc(-c3ccc[n+](C4CCCC(c5ccccc5)C4)c3)c2)CCCC1,CCc1cccc(C2CCCC([n+]3cccc(-c4cccc(C5=CCCCC5)c4)c3)C2)c1
fraggfn_clpp,best_candidate,24,24,120,5,-13.1,C1=CCC(c2cc(C3CC(C4=CCCCC4)CC(c4ccc5ccccc5c4)C3)ccn2)CC1,C1=C(c2ccccc2)CCC(c2cc(C3CC(C4=CCCCC4)CC(c4ccc5ccccc5c4)C3)ccn2)C1
fraggfn_clpp,best_candidate,25,25,125,5,-13.1,c1cc(-c2cc(-c3ccc4ccccc4c3)cc(-c3c[nH]c4ccccc34)c2)cc(C2CCCCC2)c1,FC1CCCCC1c1cccc(-c2cc(-c3ccc4ccccc4c3)cc(-c3c[nH]c4ccccc34)c2)c1
fraggfn_clpp,best_candidate,26,26,130,5,-13.0,c1ccc(C2CCCC(c3cccc(-c4cccc(-c5ccncc5)c4)c3)C2)cc1,c1ccc(C2CCCC(c3cccc(-c4cc(-c5ccncc5)cc(-c5cccnc5)c4)c3)C2)cc1
fraggfn_clpp,best_candidate,27,27,135,5,-13.0,c1ccc(-c2cc(-c3ccc4ccccc4c3)cc(-n3cc(C4CCCCC4)cn3)c2)cc1,c1ccc(-c2cccc(-c3cc(-c4ccc5ccccc5c4)cc(-n4cc(C5CCCCC5)cn4)c3)c2)cc1
fraggfn_clpp,best_candidate,28,28,140,5,-13.0,c1ccc(-c2cccc(-c3cc(-c4ccccc4)nc(-c4ccccc4)n3)n2)cc1,c1ccc(-c2cc(-c3cccc(-c4cccc(-c5c[nH]c6ccccc56)c4)n3)nc(-c3ccccc3)n2)cc1
fraggfn_clpp,best_candidate,29,29,145,5,-13.0,O=c1[nH]cc(C2CC(c3cccc(-c4ccccc4)c3)CC(C3CC=CCC3)C2)c(=O)[nH]1,O=c1[nH]cc(C2CC(c3cccc(-c4cccc(-c5ccccc5)c4)c3)CC(C3CC=CCC3)C2)c(=O)[nH]1
fraggfn_clpp,best_candidate,30,30,150,5,-13.0,c1ccc(-c2cccc(-c3cccc(C4CCCC(C5CCCCC5)C4)c3)c2)cc1,c1ccc(-c2cccc(-c3cccc(C4CC(c5ccccc5)CC(C5CCCCC5)C4)c3)c2)cc1
fraggfn_clpp,best_candidate,31,31,151,1,-13.0,c1ccc(-c2cccc(-c3cccc(-c4cccc(-c5ccccc5)c4)c3)c2)cc1,CCc1cccc(-c2cccc(-c3cccc(-c4cccc(-c5ccccc5)c4)c3)c2)c1
fraggfn_clpp,best_candidate,32,32,156,5,-13.0,c1ccc(-c2cccc(-c3cc(-c4cccc(C5CCNCC5)c4)ccn3)n2)cc1,c1ccc(-c2cccc(-c3cc(-c4cccc(C5CCNCC5)c4)cc(-c4ccc5ccccc5c4)n3)n2)cc1
fraggfn_clpp,best_candidate,33,33,161,5,-13.0,c1ccc(-c2cccc(C3CCCC(c4cccc(-c5ccccc5)c4)C3)c2)cc1,c1ccc(-c2cccc(C3CCC(c4c[nH]c5ccccc45)C(c4cccc(-c5ccccc5)c4)C3)c2)cc1
fraggfn_clpp,best_candidate,34,34,166,5,-13.0,O=C(Nc1cc(-c2cccc(C3C=CCCC3)c2)ccn1)C1CCCCC1,O=C(Nc1cc(-c2cccc(C3C=CCCC3)c2)cc(-c2ccc3ccccc3c2)n1)C1CCCCC1
fraggfn_clpp,best_candidate,35,35,171,5,-13.0,FC(F)(F)c1ccnc(-[n+]2cccc(-c3cccc(-c4ccccc4)c3)c2)c1,FC(F)(F)c1cc(-c2ccc3ccccc3c2)nc(-[n+]2cccc(-c3cccc(-c4ccccc4)c3)c2)c1
fraggfn_clpp,best_candidate,36,36,176,5,-13.0,C1=CC(c2cccc(C3CC=C(c4cccc(-c5c[nH]c6ccccc56)c4)CC3)c2)CCC1,C1=CC(c2cccc(C3CCC(c4cccc(-c5c[nH]c6ccccc56)c4)=CC3c3c[nH]c4ccccc34)c2)CCC1
fraggfn_clpp,best_candidate,37,37,181,5,-13.0,c1ccc(C2CNC(c3ccc[n+](-c4cccc(-c5ccc6ccccc6c5)c4)c3)C2)cc1,c1ccc(C2CNC(c3ccc[n+](-c4cc(-c5ccc6ccccc6c5)cc(-c5ccn[nH]5)c4)c3)C2)cc1
fraggfn_clpp,best_candidate,38,38,186,5,-13.0,c1ccc(-c2cccc(C3CCCC(c4cnn(C5CCNC5)c4)C3)c2)cc1,c1ccc(-c2cccc(C3CCCC(c4cn(C5CCNC5)nc4-c4ccc5ccccc5c4)C3)c2)cc1
fraggfn_clpp,best_candidate,39,39,191,5,-13.0,c1ccc2cc(C3CCC(C4COC(C5CCCC(c6c[nH]c7ccccc67)C5)C4)CC3)ccc2c1,CC=CC1CC(C2COC(C3CCCC(c4c[nH]c5ccccc45)C3)C2)CCC1c1ccc2ccccc2c1
fraggfn_clpp,best_candidate,40,40,196,5,-12.9,c1ccc(-c2cccc(-c3cc(-c4ccccc4)cc(-c4c[nH]c5ccccc45)c3)c2)cc1,C1=C(c2cccc(-c3cccc(-c4cc(-c5ccccc5)cc(-c5c[nH]c6ccccc56)c4)c3)c2)CCCC1
fraggfn_clpp,best_candidate,41,41,201,5,-12.9,c1ccc(C2CCCC(c3cccc(C4CCCC(c5ccc6ccccc6c5)C4)c3)C2)cc1,c1ccc(C2CC(c3cccc(C4CCCC(c5ccc6ccccc6c5)C4)c3)CC([n+]3ccccc3)C2)cc1
fraggfn_clpp,best_candidate,42,42,206,5,-12.9,c1ccc(C2CCCC(c3ccc[n+](-c4cc(-c5ccc6ccccc6c5)ccn4)c3)C2)cc1,C1=CCC(c2cc(-c3ccc4ccccc4c3)cc(-[n+]3cccc(C4CCCC(c5ccccc5)C4)c3)n2)CC1
fraggfn_clpp,best_candidate,43,43,211,5,-12.9,FN1CCN(c2cccc(-c3cccc(-c4ccccc4)c3)c2)CC1,FN1CCN(c2cc(-c3cccc(-c4ccccc4)c3)cc(-c3ccc4ccccc4c3)c2)CC1
fraggfn_clpp,best_candidate,44,44,216,5,-12.9,Fc1ncccc1-c1cccc(-c2cccc(C3CCCCC3)c2)c1,Fc1ncccc1-c1cccc(-c2cccc(C3CCCC(c4ccccc4)C3)c2)c1
fraggfn_clpp,best_candidate,45,45,221,5,-12.9,FC(F)(F)c1cccc(-c2cccc(-c3cccc(-c4ccccc4)c3)c2)c1,FC(F)(F)c1cccc(-c2cccc(-c3cccc(-c4cccc(-c5cccnc5)c4)c3)c2)c1
fraggfn_clpp,best_candidate,46,46,226,5,-12.9,c1ccc(-c2cc(-c3cccc(C4CCCCC4)c3)cc(-c3ncnc4[nH]cnc34)c2)nc1,c1ccc(C2CCCC(c3cccc(-c4cc(-c5ccccn5)cc(-c5ncnc6[nH]cnc56)c4)c3)C2)cc1
fraggfn_clpp,best_candidate,47,47,231,5,-12.9,c1ccc(-c2ccnc(-c3cc(-c4ccc5ccccc5c4)nc(C4CCCCC4)c3)n2)cc1,c1ccc(-c2cccc(-c3ccnc(-c4cc(-c5ccc6ccccc6c5)nc(C5CCCCC5)c4)n3)c2)cc1
fraggfn_clpp,best_candidate,48,48,236,5,-12.9,c1cnc(C2CCCC(C3CCCC(c4cccc(-c5c[nH]c6ccccc56)c4)C3)C2)nc1,c1cnc(C2CCC(C3CCCOC3)C(C3CCCC(c4cccc(-c5c[nH]c6ccccc56)c4)C3)C2)nc1
fraggfn_clpp,best_candidate,49,49,237,1,-12.9,FC(F)(F)c1cccc(-c2cccc(-c3cccc(-c4ccccc4)c3)c2)c1,FC(F)(F)c1cccc(-c2cccc(-c3cccc(-c4cccc(-c5ccc[nH+]c5)c4)c3)c2)c1
fraggfn_clpp,best_candidate,50,50,242,5,-12.9,C1=CCC(c2cc(-c3ccccc3)nc(-c3cccc(-c4ccccc4)c3)c2)CC1,C1=CCC(c2cc(-c3ccccc3)nc(-c3cccc(-c4cccc(-c5ccccc5)c4)c3)c2)CC1
fraggfn_clpp,best_candidate,51,51,247,5,-12.9,FC(F)(F)c1cccc(-c2cccc(-c3cccc(C4=CCCCC4)c3)c2)c1,O=c1[nH]cc(C2C=C(c3cccc(-c4cccc(-c5cccc(C(F)(F)F)c5)c4)c3)CCC2)c(=O)[nH]1
fraggfn_clpp,best_candidate,52,52,252,5,-12.9,c1ccc(-c2cccc(-c3cccc(-c4cccc(-c5ccc6ccccc6c5)c4)c3)c2)nc1,CCc1cccc(-c2cccc(-c3cccc(-c4cccc(-c5ccc6ccccc6c5)c4)c3)c2)n1
fraggfn_clpp,best_candidate,53,53,257,5,-12.9,C1=CN(c2cc(C3CCCCC3)cc(-c3cccc(C4CC=CCC4)n3)n2)C=CC1,C1=CN(c2cc(C3CCCCC3)cc(-c3cccc(C4CC=C(c5ccccc5)CC4)n3)n2)C=CC1
fraggfn_clpp,best_candidate,54,54,262,5,-12.8,CC(C)=Cc1cc(-c2ccccc2)cc(C2CCCC(C3CCCCC3)O2)c1,CC(C)=Cc1cc(-c2ccccc2)cc(C2CCCC(C3CCCC(c4ccccc4)C3)O2)c1
fraggfn_clpp,best_candidate,55,55,267,5,-12.8,O=c1nc(N2CC(c3cccc(-c4ccccc4)c3)CC2c2ccc3ccccc3c2)cc[nH]1,O=c1nc(N2CC(c3cccc(-c4cccc(-c5ccccc5)c4)c3)CC2c2ccc3ccccc3c2)cc[nH]1
fraggfn_clpp,best_candidate,56,56,272,5,-12.8,C=Cc1cccc(-c2cccc(-c3cccc(-n4c5nc(=O)[nH]c(=O)c-5nc5ccccc54)c3)c2)c1,C=Cc1cccc(-c2cccc(-c3cccc(-n4c5nc(=O)[nH]c(=O)c-5nc5cc(C6C=CCCC6)ccc54)c3)c2)c1
fraggfn_clpp,best_candidate,57,57,277,5,-12.8,c1cnc(-c2nc(-c3cccc(C4CCCCC4)c3)cc(-c3ccc4ccccc4c3)n2)nc1,c1cc(-c2cc(-c3ccc4ccccc4c3)nc(-c3nccc(C4CC4)n3)n2)cc(C2CCCCC2)c1
fraggfn_clpp,best_candidate,58,58,282,5,-12.8,C=Cc1ccn(-c2cccc(-c3cccc(-c4ccc5ccccc5c4)c3)c2)n1,C(=Cc1ccn(-c2cccc(-c3cccc(-c4ccc5ccccc5c4)c3)c2)n1)c1ccccc1
fraggfn_clpp,best_candidate,59,59,287,5,-12.8,c1ccc(C2CCCC(c3cc(C4CCCC4)cc([NH+]4CCOCC4)c3)C2)cc1,c1cc(-c2c[nH]c3ccccc23)cc(C2CCCC(c3cc(C4CCCC4)cc([NH+]4CCOCC4)c3)C2)c1
fraggfn_clpp,best_candidate,60,60,292,5,-12.8,CC=Cc1cccc(-c2cccc(-c3cccc(C4CCCCC4)c3)c2)c1,CC=Cc1cccc(-c2cccc(-c3cccc(C4CCCC(c5ccncn5)C4)c3)c2)c1
fraggfn_clpp,best_candidate,61,61,297,5,-12.8,C1=CN(c2cccc(-c3ccccc3)c2)C=C(c2cccc(-c3ccccc3)c2)C1,FC(F)(F)c1ccc(-c2cccc(C3=CN(c4cccc(-c5ccccc5)c4)C=CC3)c2)cc1
fraggfn_clpp,best_candidate,62,62,302,5,-12.8,c1ccc(-c2cc(-c3cc(C4CCCC4)cc(-c4ccccc4)n3)c3ccccc3c2)cc1,c1ccc(-c2cccc(-c3cc(C4CCCC4)cc(-c4cc(-c5ccccc5)cc5ccccc45)n3)c2)cc1
fraggfn_clpp,best_candidate,63,63,307,5,-12.7,c1ccc(-c2cccc(-c3cccc(-c4cccc(C5CCCCC5)c4)c3)c2)cc1,Cc1cccc(-c2cccc(-c3cccc(-c4cccc(C5CCCCC5)c4)c3)c2)c1
fraggfn_clpp,best_candidate,64,64,312,5,-12.7,O=c1nc(-c2nccc(-c3cccc(-c4cccc(-c5cc[nH]c5)c4)c3)n2)cc[nH]1,O=c1nc(-c2nc(-c3cccc(-c4cccc(-c5cc[nH]c5)c4)c3)cc(-c3ccc4ccccc4c3)n2)cc[nH]1
fraggfn_clpp,best_candidate,65,65,317,5,-12.7,c1ccc(-c2cccc(C3CCCC(c4cccc(C5CCCC5)c4)C3)c2)nc1,c1ccc(-c2cccc(-c3cccc(C4CCCC(c5cccc(C6CCCC6)c5)C4)c3)n2)cc1
fraggfn_clpp,best_candidate,66,66,322,5,-12.7,O=c1ncccn1-c1cc(-c2ccccc2)cc(-c2cccc(-c3ccccc3)c2)c1,O=c1ncccn1-c1cc(-c2ccccc2)cc(-c2cccc(-c3cccc(-c4ccccc4)c3)c2)c1
fraggfn_clpp,best_candidate,67,67,327,5,-12.7,C1=C(C2CCOC(c3cccc(-c4cccc(-c5ccccc5)c4)c3)C2)CCCC1,C1=C(C2CCOC(c3cccc(-c4cccc(-c5cccc(C6CC6)c5)c4)c3)C2)CCCC1
fraggfn_clpp,best_candidate,68,68,332,5,-12.7,c1ccc(-c2cccc(C3CCCC(c4ccnc(-c5ccc6ccccc6c5)c4)C3)c2)cc1,c1ccc(-c2cccc(C3CCCC(c4cc(-c5ccc6ccccc6c5)nc(C5CCCC5)c4)C3)c2)cc1
fraggfn_clpp,best_candidate,69,69,337,5,-12.7,c1ccc(-c2cccc(-c3cc(-c4ccc5ccccc5c4)cc(-c4nccs4)c3)n2)cc1,c1cc(-c2cccc(-c3cc(-c4ccc5ccccc5c4)cc(-c4nccs4)c3)n2)cc(C2CCCCC2)c1
fraggfn_clpp,best_candidate,70,70,342,5,-12.7,C1=CCC(C2CCCN2c2cccc(C3CCCC(c4cn[nH]c4)C3)c2)CC1,C1=CCC(C2CC(c3ccc4ccccc4c3)CN2c2cccc(C3CCCC(c4cn[nH]c4)C3)c2)CC1
fraggfn_clpp,best_candidate,71,71,347,5,-12.7,c1cc(C2CCCCC2)cc(C2CC(C3CCCO3)OCC2c2ccc3ccccc3c2)c1,c1cc(C2CCCC(c3ccncc3)C2)cc(C2CC(C3CCCO3)OCC2c2ccc3ccccc3c2)c1
fraggfn_clpp,best_candidate,72,72,352,5,-12.7,c1ccc(C2CCC(c3ccnc(N4CCC(c5ccc6ccccc6c5)C4)c3)N2)cc1,c1ccc(C2CCC(c3cc(C4CCCOC4)nc(N4CCC(c5ccc6ccccc6c5)C4)c3)N2)cc1
fraggfn_clpp,best_candidate,73,73,357,5,-12.7,c1ccc(C2CC(c3cc(-c4c[nH]c5ccccc45)nc(-c4c[nH]c5ccccc45)n3)CCO2)cc1,c1ccc(-c2cccc(C3CC(c4cc(-c5c[nH]c6ccccc56)nc(-c5c[nH]c6ccccc56)n4)CCO3)c2)cc1
fraggfn_clpp,best_candidate,74,74,362,5,-12.7,C1=CC(C2CCC(C3COC(c4cccc(-c5ccccc5)c4)C3)O2)CCC1,C1=CC(C2CCC(C3COC(c4cccc(-c5cccc(-c6ccccc6)c5)c4)C3)O2)CCC1
fraggfn_clpp,best_candidate,75,75,367,5,-12.7,c1ccc(-c2cccc(-c3cccc(C4CNC([n+]5ccccc5)C4)c3)c2)cc1,c1ccc(-c2cccc(-c3cccc(-c4cccc(C5CNC([n+]6ccccc6)C5)c4)c3)c2)cc1
fraggfn_clpp,best_candidate,76,76,372,5,-12.7,c1ccc(-c2ccnc(-c3cc(-c4ccncn4)cc(N4CCCCC4)c3)c2)cc1,c1cc(-c2ccnc(-c3cc(-c4ccncn4)cc(N4CCCCC4)c3)c2)cc(-c2c[nH]c3ccccc23)c1
fraggfn_clpp,best_candidate,77,77,377,5,-12.7,c1ccc(-c2cccc(-c3cc(-c4ccc5ccccc5c4)cc(C4CCCCC4)c3)c2)cc1,CC(C)(C)C1CCCC(c2cc(-c3cccc(-c4ccccc4)c3)cc(-c3ccc4ccccc4c3)c2)C1
fraggfn_clpp,best_candidate,78,78,382,5,-12.7,c1ccc(-c2cccc(-c3cccc(-c4cc(-c5ccccc5)ccn4)c3)c2)cc1,O=CNc1cccc(-c2cccc(-c3cccc(-c4cc(-c5ccccc5)ccn4)c3)c2)c1
fraggfn_clpp,best_candidate,79,79,387,5,-12.7,c1ccc2cc(-c3cc(C4CCCC(c5c[nH]c6ccccc56)C4)cc(-n4cccn4)c3)ccc2c1,c1ccc2cc(-c3cc(C4CCCC(c5c[nH]c6ccccc56)C4)cc(-n4cccn4)c3C3CCCNC3)ccc2c1
fraggfn_clpp,best_candidate,80,80,392,5,-12.6,C1=CC(c2cc(-c3cccc(C4CCCC(c5ccccc5)C4)c3)c3ccccc3c2)CCC1,C1=CC(c2cc(-c3cccc(C4CCCC(c5cccc(C6=CNC=CC6)c5)C4)c3)c3ccccc3c2)CCC1
fraggfn_clpp,best_candidate,81,81,397,5,-12.6,C1=C(c2cc(-c3cccc(-c4ccccc4)c3)cc(C3CCCCC3)c2)CCCC1,C1=C(c2cc(-c3cccc(-c4ccccc4)c3)cc(C3CCCC(c4ccccc4)C3)c2)CCCC1
fraggfn_clpp,best_candidate,82,82,402,5,-12.6,c1ccc(-c2cccc(-c3ccc(C4CCOC4)c(C4CCCCC4)c3)c2)cc1,c1ccc(-c2cccc(-c3ccc(C4CCOC4)c(C4CCCC(c5ccccc5)C4)c3)c2)cc1
fraggfn_clpp,best_candidate,83,83,407,5,-12.6,C(=Cc1c[nH]c2ccccc12)c1cc(C2CCCC(c3ccc4ccccc4c3)C2)ccn1,C(=Cc1c[nH]c2ccccc12)c1cc(C2CCCC(c3ccc4ccccc4c3)C2)cc(-c2ccc[nH+]c2)n1
fraggfn_clpp,best_candidate,84,84,412,5,-12.6,C1=CCC(C2CCCCC2c2nc(-c3ccccc3)cc(-c3ccc4ccccc4c3)n2)CC1,C1=CCC(C2CCCCC2c2nc(-c3cccc(-c4ccccc4)c3)cc(-c3ccc4ccccc4c3)n2)CC1
fraggfn_clpp,best_candidate,85,85,417,5,-12.6,FC(F)(F)C1C=C(C2CCCC(c3cccc(-c4ccc5ccccc5c4)c3)C2)CCC1,FC(F)(F)C1C=C(C2CCCC(c3cc(-c4ccc5ccccc5c4)cc(-c4ccn[nH]4)c3)C2)CCC1
fraggfn_clpp,best_candidate,86,86,418,1,-12.6,c1ccc(-c2cccc(-c3cccc(C4CCCC(C5CCCCC5)C4)c3)c2)cc1,O=c1[nH]c(-c2cc(-c3cccc(-c4ccccc4)c3)cc(C3CCCC(C4CCCCC4)C3)c2)nc2[nH]cnc12
fraggfn_clpp,best_candidate,87,87,423,5,-12.6,c1ccc(-c2ccc(-c3ccccc3)c(-c3cc(-c4ccc5ccccc5c4)ccn3)c2)cc1,c1ccc(-c2cccc(-c3ccc(-c4ccccc4)cc3-c3cc(-c4ccc5ccccc5c4)ccn3)c2)cc1
fraggfn_clpp,best_candidate,88,88,428,5,-12.6,CCc1cccc(C2CC(c3ccccc3)CC(c3ccc4ccccc4c3)C2)c1,c1ccc(C2CC(c3cccc(CCC4CCCC4)c3)CC(c3ccc4ccccc4c3)C2)cc1
fraggfn_clpp,best_candidate,89,89,433,5,-12.6,O=c1[nH]cnc2c1NC(c1cccc(C3CCCC(c4cc(-c5cccc6ccccc56)ccn4)C3)c1)CN2,O=c1[nH]cnc2c1NC(c1cc(C3CC=CCC3)cc(C3CCCC(c4cc(-c5cccc6ccccc56)ccn4)C3)c1)CN2
fraggfn_clpp,best_candidate,90,90,438,5,-12.6,C1=C(c2ccccc2)CCCC1c1cnccc1-c1cccc(-c2ccccc2)c1,C1=C(c2ccccc2)CCCC1c1cnccc1-c1cccc(-c2cccc(-c3ccccc3)c2)c1
fraggfn_clpp,best_candidate,91,91,443,5,-12.6,Fc1cccc(-c2cccc(-c3cccc(-c4ccccc4)n3)c2)c1,Fc1cccc(-c2cccc(-c3cccc(-c4cccc(-c5ccccc5)c4)n3)c2)c1
fraggfn_clpp,best_candidate,92,92,444,1,-12.6,c1ccc(-c2cccc(-c3cccc(C4CCCC(C5CCCCC5)C4)c3)c2)cc1,c1ccc(-c2cc(-c3cccc(C4CCCC(C5CCCCC5)C4)c3)cc(N3CCNCC3)c2)cc1
fraggfn_clpp,best_candidate,93,93,449,5,-12.6,c1ccc(-c2ccnc(-c3cc(-c4ccccc4)cc(-c4c[nH]c5ccccc45)n3)c2)cc1,c1ccc(-c2cccc(-c3ccnc(-c4cc(-c5ccccc5)cc(-c5c[nH]c6ccccc56)n4)c3)c2)cc1
fraggfn_clpp,best_candidate,94,94,454,5,-12.6,c1ccc(-c2cccc(-c3ccc(-c4ccc5ccccc5c4)c(-c4ccccc4)c3)c2)cc1,c1ccc(-c2cccc(-c3ccc(-c4ccc5ccccc5c4)c(-c4cccc(C5CCCCC5)c4)c3)c2)cc1
fraggfn_clpp,best_candidate,95,95,459,5,-12.6,O=c1ccn(C2CC(c3cccc(-c4ccccc4)c3)OC2c2ccc3ccccc3c2)c(=O)[nH]1,O=c1[nH]c(=O)n(C2CC(c3cccc(-c4ccccc4)c3)OC2c2ccc3ccccc3c2)cc1C1CCCN1
fraggfn_clpp,best_candidate,96,96,464,5,-12.6,c1ccc(C2CCCC(c3cccc(-[n+]4cccc(-c5cc[nH]c5)c4)c3)C2)cc1,c1cc(C2CCCC2)cc(C2CCCC(c3cccc(-[n+]4cccc(-c5cc[nH]c5)c4)c3)C2)c1
fraggfn_clpp,best_candidate,97,97,469,5,-12.5,C1=CN(c2cccc(C3=CC(c4ccccc4)CCC3)c2)C=C(c2ccccc2)C1,FC(F)(F)c1cccc(C2C=C(c3cccc(N4C=CCC(c5ccccc5)=C4)c3)CCC2)c1
fraggfn_clpp,best_candidate,98,98,474,5,-12.5,C1=CC(c2cc(-c3cccc(-c4cccc(-c5ccccc5)c4)c3)ccn2)CCC1,C1=CC(c2cc(-c3cccc(-c4cccc(-c5ccccc5)c4)c3)cc(-c3ccccc3)n2)CCC1
fraggfn_clpp,best_candidate,99,99,479,5,-12.5,Fc1cccc(C2=CC(c3ccnc(-c4ccc[nH+]c4)c3)CCC2)c1,Fc1cccc(C2=CC(c3ccnc(-c4ccc[n+](-c5ccccc5)c4)c3)CCC2)c1
fraggfn_clpp,best_candidate,100,100,484,5,-12.5,c1ccc(-c2cccc(-c3nccc(C4CCCC(c5cccnc5)C4)n3)c2)cc1,c1ccc(-c2cc(-c3nccc(C4CCCC(c5cccnc5)C4)n3)cc(-c3cccc4ccccc34)c2)cc1
fraggfn_clpp,best_candidate,101,101,489,5,-12.5,C1=C(c2ccc3ccccc3c2)CCCC1C1CCCC(C2CCC(c3ccccc3)N2)C1,C1=C(c2ccc3ccccc3c2)CCCC1C1CC(c2ccccc2)CC(C2CCC(c3ccccc3)N2)C1
fraggfn_clpp,best_candidate,102,102,494,5,-12.5,c1ccc(-c2cc(-c3cccc(C4CCCCC4)c3)nc(-c3ccncn3)c2)cc1,c1ccc(-c2cc(-c3cccc(C4CCCCC4)c3)nc(-c3ccnc(-c4ccccc4)n3)c2)cc1
fraggfn_clpp,best_candidate,103,103,499,5,-12.5,C1=C(c2cccc(-c3cccc(-c4cccc(-c5ccccc5)c4)c3)c2)CCCC1,C1=C(c2cccc(-c3ccc(C4CCCCO4)c(-c4cccc(-c5ccccc5)c4)c3)c2)CCCC1
fraggfn_clpp,best_candidate,104,104,504,5,-12.5,c1ccc(-c2ccnc(-c3cccc(-c4cc(-c5ccccc5)ccn4)c3)c2)cc1,c1ccc(-c2ccnc(-c3cccc(-c4cc(-c5ccccc5)cc(-c5cccc6ccccc56)n4)c3)c2)cc1
fraggfn_clpp,best_candidate,105,105,509,5,-12.5,C1=C(c2ccccc2)CCCC1c1cccc(-c2cccc(-c3ccc4ccccc4c3)c2)c1,N=C(N)c1cccc(C2=CC(c3cccc(-c4cccc(-c5ccc6ccccc6c5)c4)c3)CCC2)c1
fraggfn_clpp,best_candidate,106,106,514,5,-12.5,c1ccc(C2CCCC(c3cc(-c4ccn[nH]4)cc(C4CCCCC4)c3)C2)cc1,c1ccc(-c2cccc(C3CCCC(c4cc(-c5ccn[nH]5)cc(C5CCCCC5)c4)C3)c2)cc1
fraggfn_clpp,best_candidate,107,107,519,5,-12.5,Cc1c[nH]c(-c2cc(-c3cccc(-c4ccccc4)c3)c3ccccc3c2)c1,Cc1c[nH]c(-c2cc(-c3cccc(-c4cccc(-c5ccccc5)c4)c3)c3ccccc3c2)c1
fraggfn_clpp,best_candidate,108,108,524,5,-12.5,C1=C(c2cccc(C3CCCC(c4ccccc4)O3)n2)CCCC1c1cccnc1,C1=C(c2cccc(C3CC(c4ccc5ccccc5c4)CC(c4ccccc4)O3)n2)CCCC1c1cccnc1
fraggfn_clpp,best_candidate,109,109,529,5,-12.5,c1ccc(-c2cccc(-c3cccc(-c4ccc[n+](-c5ccccc5)c4)c3)c2)cc1,CC(C)c1cccc(-c2cccc(-c3cccc(-c4ccc[n+](-c5ccccc5)c4)c3)c2)c1
fraggfn_clpp,best_candidate,110,110,534,5,-12.5,O=c1nc(-c2cc(-c3cccc(-c4ccccn4)c3)cc(C3CCCN3)c2)cc[nH]1,O=c1nc(-c2cc(-c3cccc(-c4cccc(-c5ccccc5)n4)c3)cc(C3CCCN3)c2)cc[nH]1
fraggfn_clpp,best_candidate,111,111,539,5,-12.5,C1=C(c2cccc(C3CCCN(C4CCCCC4)C3)c2)CCCC1c1ccccc1,C1=C(c2cc(-c3ccc4ccccc4c3)cc(C3CCCN(C4CCCCC4)C3)c2)CCCC1c1ccccc1
fraggfn_clpp,best_candidate,112,112,544,5,-12.5,C1=CC(c2cccc(-c3ccnc(-c4cc(-c5ccc6ccccc6c5)ncn4)c3)c2)CCC1,C=CC1=CC(c2cccc(-c3ccnc(-c4cc(-c5ccc6ccccc6c5)ncn4)c3)c2)CCC1
fraggfn_clpp,best_candidate,113,113,549,5,-12.5,O=c1nc(C2CC(c3cccc(-c4ccccc4)c3)CC(C3CCCOC3)C2)cc[nH]1,O=c1nc(C2CC(c3cccc(-c4cccc(-c5ccccc5)c4)c3)CC(C3CCCOC3)C2)cc[nH]1
fraggfn_clpp,best_candidate,114,114,554,5,-12.5,c1ccc(C2CCCC(C3CCCC(c4cccc(N5CCNCC5)c4)C3)C2)cc1,FC(F)(F)c1cccc(C2CCCC(C3CCCC(c4cccc(N5CCNCC5)c4)C3)C2)c1
fraggfn_clpp,best_candidate,115,115,559,5,-12.5,O=c1nc(-c2ccnc(-c3cccc(-c4cccc(-c5ccccc5)c4)c3)c2)cc[nH]1,O=c1nc(-c2cc(-c3cccc(-c4cccc(-c5ccccc5)c4)c3)nc(C3CCNCC3)c2)cc[nH]1
fraggfn_clpp,best_candidate,116,116,564,5,-12.5,C=Cc1cccc(C2CCCC(c3cccc(-c4ccccc4)c3)C2)c1,C=Cc1cccc(C2CCCC(c3cccc(-c4cccc(N5CCNCC5)c4)c3)C2)c1
fraggfn_clpp,best_candidate,117,117,569,5,-12.5,c1ccc(-c2cccc(C3CCCC(c4cccc(C5CCCCC5)c4)C3)n2)cc1,c1ccc(-c2cccc(C3CC(c4cccc(C5CCCCC5)c4)CC(c4ccc5ccccc5c4)C3)n2)cc1
fraggfn_clpp,best_candidate,118,118,574,5,-12.5,Clc1cc(-c2ccnc(-c3cccc(C4CCCCC4)c3)c2)cc2ccccc12,Clc1cc(-c2cc(-c3ccccc3)nc(-c3cccc(C4CCCCC4)c3)c2)cc2ccccc12
fraggfn_clpp,best_candidate,119,119,579,5,-12.5,Cc1cc(-c2cccc(-c3cccc(-c4ccccc4)c3)c2)ccn1,Cc1cc(-c2cccc(-c3cccc(-c4cccc(-c5ccccc5)c4)c3)c2)ccn1
fraggfn_clpp,best_candidate,120,120,584,5,-12.5,c1ccc(-c2cccc(-c3cc(C4CCCC(C5CCOC5)C4)ccn3)c2)cc1,c1ccc(-c2cccc(-c3cc(C4CC(c5ccc6ccccc6c5)CC(C5CCOC5)C4)ccn3)c2)cc1
fraggfn_clpp,best_candidate,121,121,589,5,-12.4,CC(C)=Cc1cc(-c2cccc(-c3ccccc3)c2)cc(-c2ccc3ccccc3c2)c1,CC(C)=Cc1cc(-c2cccc(-c3cccc(C4CC4)c3)c2)cc(-c2ccc3ccccc3c2)c1
fraggfn_clpp,best_candidate,122,122,590,1,-12.4,c1ccc(-c2cccc(-c3cccc(-c4cccc(C5CCCCC5)c4)c3)c2)cc1,O=c1[nH]cnc2c1NC(c1cc(-c3cccc(-c4ccccc4)c3)cc(-c3cccc(C4CCCCC4)c3)c1)CN2
fraggfn_clpp,best_candidate,123,123,595,5,-12.4,O=c1ccn(C2CC(c3ccnc(-[n+]4ccccc4)c3)CC(c3ccc4ccccc4c3)O2)c(=O)[nH]1,O=c1ccn(C2CC(c3ccnc(-[n+]4cccc(-c5ccccc5)c4)c3)CC(c3ccc4ccccc4c3)O2)c(=O)[nH]1
fraggfn_clpp,best_candidate,124,124,600,5,-12.4,C1=CN(c2cccc(-c3cc(-c4ccc5ccccc5c4)cc(-c4ccc5ccccc5c4)c3)c2)C=CC1,C1=CN(c2cccc(-c3cc(-c4ccc5ccccc5c4)cc(-c4ccc5ccccc5c4)c3)c2)C=C(c2cccs2)C1
fraggfn_clpp,best_candidate,125,125,605,5,-12.4,C1=C(c2cc(-c3cccc(-c4cccc(-c5ccccn5)c4)c3)c3ccccc3c2)CCCC1,N=Cc1cccc(-c2cccc(-c3cccc(-c4cc(C5=CCCCC5)cc5ccccc45)c3)c2)n1
fraggfn_clpp,best_candidate,126,126,610,5,-12.4,c1ccc(-c2cccc(C3CC(c4ccc5ccccc5c4)C(c4c[nH]c5ccccc45)O3)c2)cc1,c1ccc(-c2cccc(-c3cccc(C4CC(c5ccc6ccccc6c5)C(c5c[nH]c6ccccc56)O4)c3)c2)cc1
fraggfn_clpp,best_candidate,127,127,615,5,-12.4,FC1CCCC(c2cc(-c3ccccc3)cc(-c3ccc4ccccc4c3)c2)C1,FC1CCCC(c2cc(-c3cccc(-[n+]4ccccc4)c3)cc(-c3ccc4ccccc4c3)c2)C1
fraggfn_clpp,best_candidate,128,128,620,5,-12.4,C1=C(c2cccc(C3CC(C4=CCCCC4)CC(c4ccc5ccccc5c4)C3)c2)CCCC1,C1=C(c2cccc(C3CC(C4=CCCCC4)CC(c4ccc5ccccc5c4)C3)c2)CCCC1c1cc[nH]n1
fraggfn_clpp,best_candidate,129,129,625,5,-12.4,C1=CC(c2cccc(-c3cc(C4=CCCCC4)cc(-c4ccccc4)c3)c2)CCC1,FC1C=C(c2cc(-c3ccccc3)cc(-c3cccc(C4C=CCCC4)c3)c2)CCC1
fraggfn_clpp,best_candidate,130,130,630,5,-12.4,c1cc(C2CCCC(c3ccnc(C4CCOC4)c3)C2)cc(C2CCCO2)c1,c1ccc(C2CC(c3cc(C4CCCC(c5cccc(C6CCCO6)c5)C4)ccn3)CO2)cc1
fraggfn_clpp,best_candidate,131,131,635,5,-12.4,c1ccc(-c2ccn(-c3cccc(-c4cccc(-c5c[nH]c6ccccc56)c4)c3)n2)cc1,c1cc(-c2cc[nH]c2)cc(-c2ccn(-c3cccc(-c4cccc(-c5c[nH]c6ccccc56)c4)c3)n2)c1
fraggfn_clpp,best_candidate,132,132,640,5,-12.4,CC(=O)Nc1cccc(-c2cccc(-c3cc(-c4ccc5ccccc5c4)ncn3)c2)c1,CC(=O)Nc1cccc(-c2cccc(-c3cc(-c4ccc5ccccc5c4)nc(-n4ccc(=O)[nH]c4=O)n3)c2)c1
fraggfn_clpp,best_candidate,133,133,645,5,-12.4,C1=C(C2C=C(C3CCCC(c4ccccc4)C3)CCC2)CCCC1c1ccccc1,C1=C(C2C=C(C3CCCC(c4ccccc4)C3)CCC2)CCCC1c1cccc(-c2c[nH]c3ccccc23)c1
fraggfn_clpp,best_candidate,134,134,646,1,-12.4,c1ccc(-c2cccc(-c3cccc(C4CCCC(C5CCCCC5)C4)c3)c2)cc1,N=C(N)c1cccc(-c2cccc(-c3cccc(C4CCCC(C5CCCCC5)C4)c3)c2)c1
fraggfn_clpp,best_candidate,135,135,647,1,-12.4,c1ccc(-c2cccc(-c3cccc(-c4cccc(-c5ccccc5)c4)c3)c2)cc1,C=C(C)c1ccc(-c2cccc(-c3ccccc3)c2)cc1-c1cccc(-c2ccccc2)c1
fraggfn_clpp,best_candidate,136,136,652,5,-12.4,c1ccc(-c2cccc(C3CCCC(c4cccc(C5CCCCC5)c4)C3)c2)cc1,C1=CCC(c2cccc(-c3cccc(C4CCCC(c5cccc(C6CCCCC6)c5)C4)c3)c2)CC1
fraggfn_clpp,best_candidate,137,137,657,5,-12.4,C1=C(C2CC(c3cccc(-c4ccccc4)c3)CC(C3CCCC3)C2)CCCC1,C1=C(C2CC(c3cccc(-c4cccc(-c5c[nH]c6ccccc56)c4)c3)CC(C3CCCC3)C2)CCCC1
fraggfn_clpp,best_candidate,138,138,662,5,-12.4,c1ccc(-c2cccc(-c3cccc(-c4cccc(-c5ccccn5)c4)c3)c2)cc1,Clc1cccc(-c2cccc(-c3cccc(-c4cccc(-c5ccccn5)c4)c3)c2)c1
fraggfn_clpp,best_candidate,139,139,667,5,-12.4,c1cc(-c2c[nH]c3ccccc23)cc(C2CCCC(c3cccc(-c4c[nH]c5ccccc45)c3)C2)c1,OC1CC(c2cccc(-c3c[nH]c4ccccc34)c2)CC(c2cccc(-c3c[nH]c4ccccc34)c2)C1
fraggfn_clpp,best_candidate,140,140,672,5,-12.4,C1=C(C2CCOCC2)CCCC1c1cccc(-c2ccnc(C3CC3)c2)c1,C1=C(C2CCOC(c3ccccc3)C2)CCCC1c1cccc(-c2ccnc(C3CC3)c2)c1
fraggfn_clpp,best_candidate,141,141,677,5,-12.4,c1ccc(-c2cccc(-c3cccc(-c4cccc(-c5cccnc5)c4)c3)c2)cc1,c1ccc(-c2cccc(-c3cccc(-c4cc(-c5cccnc5)cc(C5CCCN5)c4)c3)c2)cc1
fraggfn_clpp,best_candidate,142,142,682,5,-12.4,O=CNc1cc(-c2ccc3ccccc3c2)cc(C2CCCC(C3CCNC3)C2)c1,O=CNc1cc(-c2ccc3ccccc3c2)cc(C2CCCC(C3CNC(c4ccccn4)C3)C2)c1
fraggfn_clpp,best_candidate,143,143,687,5,-12.4,c1ccc(C2CC(c3ccc4ccccc4c3)CC(c3cc(C4CCCCC4)c[nH]3)C2)cc1,CCC1CCCC(c2c[nH]c(C3CC(c4ccccc4)CC(c4ccc5ccccc5c4)C3)c2)C1
fraggfn_clpp,best_candidate,144,144,692,5,-12.3,C1=C(c2cccc(C3CCCO3)c2)CCCC1c1cccc(-c2ccccc2)c1,CC=Cc1cccc(-c2cccc(C3C=C(c4cccc(C5CCCO5)c4)CCC3)c2)c1
fraggfn_clpp,best_candidate,145,145,693,1,-12.3,c1ccc(-c2cccc(-c3cccc(-c4cccc(-c5ccccc5)c4)c3)c2)cc1,C=Cc1cccc(-c2cccc(-c3cccc(-c4cccc(-c5ccccc5)c4)c3)c2)c1
fraggfn_clpp,best_candidate,146,146,698,5,-12.3,c1ccc(-c2cc(-c3cccc(C4CCCCC4)c3)cc(-c3cccc4ccccc34)c2)cc1,c1cc(-c2cc(-c3cccc(C4CCCCC4)c3)cc(-c3cccc4ccccc34)c2)cc(-c2c[nH]c3ccccc23)c1
fraggfn_clpp,best_candidate,147,147,703,5,-12.3,c1ccc(-c2cccc(C3CC(c4cccnc4)CC(c4cccc5ccccc45)C3)c2)cc1,C=Cc1cccc(-c2cccc(C3CC(c4cccnc4)CC(c4cccc5ccccc45)C3)c2)c1
fraggfn_clpp,best_candidate,148,148,708,5,-12.3,CC(=O)Nc1cc(-c2cc(-c3ccccc3)cc3ccccc23)cc(C2CCCCC2)c1,CC(=O)Nc1cc(-c2cc(-c3cccc(-c4ccccc4)c3)cc3ccccc23)cc(C2CCCCC2)c1
fraggfn_clpp,best_candidate,149,149,713,5,-12.3,C1=C(C2CCCC(C3CCCC(c4cccc(-c5ncccn5)c4)C3)C2)CCCC1,C1=C(C2CCCC(C3CCCC(c4cccc(-c5nccc(C6CCCCC6)n5)c4)C3)C2)CCCC1
fraggfn_clpp,best_candidate,150,150,718,5,-12.3,C1=CCC(c2cccc(-c3cccc(C4CCCC(c5ccccn5)C4)c3)c2)CC1,C1=CCC(c2cccc(-c3cccc(C4CC(c5ccccn5)CC(C5CCCOC5)C4)c3)c2)CC1
fraggfn_clpp,best_candidate,151,151,719,1,-12.3,c1ccc(-c2cccc(-c3cccc(-c4cc(-c5ccccc5)ccn4)c3)c2)cc1,Fc1cc(-c2ccccc2)cc(-c2cccc(-c3cccc(-c4ccccc4)c3)c2)n1
fraggfn_clpp,best_candidate,152,152,724,5,-12.3,c1ccc(-c2cccc(-c3cccc(-c4cccc(N5CCNCC5)n4)c3)c2)cc1,C1=CNC=C(c2cc(-c3cccc(-c4cccc(-c5ccccc5)c4)c3)nc(N3CCNCC3)c2)C1
fraggfn_clpp,best_candidate,153,153,729,5,-12.3,C1=CN(c2cncnc2)C=C(c2cccc(C3CCCC(c4ccccc4)C3)c2)C1,C=Cc1cccc(C2CCCC(c3cccc(C4=CN(c5cncnc5)C=CC4)c3)C2)c1
fraggfn_clpp,best_candidate,154,154,734,5,-12.3,Fc1cccc(C2CCCC(c3cccc(-c4ccccc4)c3)C2)c1,Fc1cccc(C2CCCC(c3cccc(-c4cccc(-c5ccccn5)c4)c3)C2)c1
fraggfn_clpp,best_candidate,155,155,739,5,-12.3,C1=CCC(C=Cc2cccc(-c3cccc(-c4ccccc4)c3)c2)CC1,C1=CCC(C=Cc2cccc(-c3cccc(-c4cccc(-c5ccccc5)c4)c3)c2)CC1
fraggfn_clpp,best_candidate,156,156,744,5,-12.3,C1=C(c2ccnc(-c3cc(-c4ccccc4)cc(-c4ccncc4)c3)c2)CCCC1,C1=C(c2ccnc(-c3cc(-c4ccccc4)cc(-c4ccnc(-c5ccccn5)c4)c3)c2)CCCC1
fraggfn_clpp,best_candidate,157,157,749,5,-12.3,c1ccc(-c2cccc(-c3cc(-c4ccccn4)cc(-c4ccccn4)n3)c2)cc1,c1ccc(-c2cccc(-c3cccc(-c4cc(-c5ccccn5)cc(-c5ccccn5)n4)c3)c2)cc1
fraggfn_clpp,best_candidate,158,158,754,5,-12.3,Brc1cccc(C2CCCC(c3cccc(C4CCCCC4)c3)C2)c1,Brc1cccc(C2CCCC(c3cccc(C4CCCC(c5ccccc5)C4)c3)C2)c1
fraggfn_clpp,best_candidate,159,159,759,5,-12.3,FC(F)(F)C1CCCC(c2cc(C3CCCCC3)cc(C3CCCCC3)c2)C1,FC(F)(F)C1CCCC(c2cc(C3CCCCC3)cc(C3CCCC(c4ccccc4)C3)c2)C1
fraggfn_clpp,best_candidate,160,160,764,5,-12.3,O=c1nc(C2CCCC(c3cc(-c4ccccc4)cc(C4CCCCC4)n3)O2)cc[nH]1,O=c1nc(C2CCCC(c3cc(-c4cccc(C5CC=CCC5)c4)cc(C4CCCCC4)n3)O2)cc[nH]1
fraggfn_clpp,best_candidate,161,161,769,5,-12.3,C1=CC(C2C=C(c3cccc(C4CCCC(c5ccccc5)C4)c3)CCC2)CCC1,O=CNc1cccc(C2CCCC(c3cccc(C4=CC(C5C=CCCC5)CCC4)c3)C2)c1
fraggfn_clpp,best_candidate,162,162,774,5,-12.3,c1cc(-c2cccc(C3CCOC3c3ccc4ccccc4c3)c2)cc(C2CCCC2)c1,c1cc(-c2cc(C3CCCCC3)cc(C3CCCC3)c2)cc(C2CCOC2c2ccc3ccccc3c2)c1
fraggfn_clpp,best_candidate,163,163,779,5,-12.3,c1ccc(-c2cccc(-c3cccc(C4CC(c5ccccc5)CO4)c3)c2)cc1,c1ccc(-c2cccc(-c3cccc(C4CC(c5cccc(-c6ccn[nH]6)c5)CO4)c3)c2)cc1
fraggfn_clpp,best_candidate,164,164,784,5,-12.3,C1=CCC(c2cccc(-c3cccc(-c4cc(-c5ccccc5)ncn4)c3)c2)CC1,O=c1[nH]cc(-c2cc(-c3cccc(C4CC=CCC4)c3)cc(-c3cc(-c4ccccc4)ncn3)c2)c(=O)[nH]1
fraggfn_clpp,best_candidate,165,165,789,5,-12.3,c1ccc(-c2cccc(-c3cccc(-c4ccnc(-c5ccccn5)c4)c3)c2)cc1,Oc1cccc(-c2cc(-c3cccc(-c4cccc(-c5ccccc5)c4)c3)ccn2)n1
fraggfn_clpp,best_candidate,166,166,794,5,-12.3,c1ccc(-c2cccc(-c3cccc(C4CCC(N5CCCC5)O4)c3)c2)cc1,c1ccc(-c2cccc(-c3cc(-c4ccc5ccccc5c4)cc(C4CCC(N5CCCC5)O4)c3)c2)cc1
fraggfn_clpp,best_candidate,167,167,799,5,-12.3,C1=CC(c2nc(-c3ccccc3)cc(-c3cccc(C4CCCCC4)c3)n2)CCC1,CC1CCCC(c2cccc(-c3cc(-c4ccccc4)nc(C4C=CCCC4)n3)c2)C1
fraggfn_clpp,best_candidate,168,168,804,5,-12.3,C1=CC(c2cccc(C3=CC(c4ccc(C5CCCO5)s4)CCC3)c2)CCC1,O=c1nc(C2COC(c3ccc(C4C=C(c5cccc(C6C=CCCC6)c5)CCC4)s3)C2)cc[nH]1
fraggfn_clpp,best_candidate,169,169,809,5,-12.3,c1ccc(-c2cc(-c3cccc(-c4cccc(C5CCCCO5)c4)c3)ccn2)cc1,c1ccc(-c2cc(-c3cccc(-c4cccc(C5CCCC(c6ccc7ccccc7c6)O5)c4)c3)ccn2)cc1
fraggfn_clpp,best_candidate,170,170,814,5,-12.3,c1ccc(-c2cccc(C3CCCC([n+]4cccc(-c5ccccc5)c4)C3)c2)cc1,C=Cc1cccc(-c2cccc(C3CCCC([n+]4cccc(-c5ccccc5)c4)C3)c2)c1
fraggfn_clpp,best_candidate,171,171,819,5,-12.3,C=Cc1cc(-c2cccc(-c3ccccc3)c2)cc(-c2c[nH]c3ccccc23)c1,C(=CC1CCCCC1)c1cc(-c2cccc(-c3ccccc3)c2)cc(-c2c[nH]c3ccccc23)c1
fraggfn_clpp,best_candidate,172,172,824,5,-12.3,c1ccc(-c2cccc(-c3cccc(-c4ccnc(-c5cccc6ccccc56)c4)c3)c2)cc1,CC(=O)c1cc(-c2cccc(-c3cccc(-c4ccccc4)c3)c2)cc(-c2cccc3ccccc23)n1
fraggfn_clpp,best_candidate,173,173,829,5,-12.3,c1ccc(-c2nc(-c3cccc(-c4ccncn4)c3)cc(-c3c[nH]c4ccccc34)n2)cc1,c1ccc(-c2nccc(-c3cccc(-c4cc(-c5c[nH]c6ccccc56)nc(-c5ccccc5)n4)c3)n2)cc1
fraggfn_clpp,best_candidate,174,174,834,5,-12.3,c1cc(-c2cn[nH]c2)cc(-c2cccc(C3CCCC(C4CCCCC4)C3)c2)c1,c1ccc(C2CCCC(C3CCCC(c4cccc(-c5cccc(-c6cn[nH]c6)c5)c4)C3)C2)cc1
fraggfn_clpp,best_candidate,175,175,839,5,-12.3,c1ccc(-c2cccc(-c3cc(-c4cc[nH]c4)cc(-n4cnc5cncnc54)c3)c2)cc1,c1ccc(-c2cccc(-c3cc(-c4c[nH]c(-c5ccccc5)c4)cc(-n4cnc5cncnc54)c3)c2)cc1
fraggfn_clpp,best_candidate,176,176,844,5,-12.3,c1ccc(-c2cccc(-c3ccc[n+](-c4cccc(C5CCCCO5)c4)c3)c2)cc1,Cc1cccc(-c2cccc(-c3ccc[n+](-c4cccc(C5CCCCO5)c4)c3)c2)c1
fraggfn_clpp,best_candidate,177,177,849,5,-12.3,c1cc(-c2cccc(C3CCCC(C4CCCC4)C3)c2)cc(-c2c[nH]c3ccccc23)c1,C1=CCC(c2cc(-c3cccc(-c4c[nH]c5ccccc45)c3)cc(C3CCCC(C4CCCC4)C3)c2)CC1
fraggfn_clpp,best_candidate,178,178,854,5,-12.3,O=c1[nH]c(=O)n(-c2cccc(-c3c[nH]c4ccccc34)c2)cc1-c1cccc(-c2ccccc2)c1,C=Cc1cccc(-c2cccc(-c3cn(-c4cccc(-c5c[nH]c6ccccc56)c4)c(=O)[nH]c3=O)c2)c1
fraggfn_clpp,best_candidate,179,179,859,5,-12.2,C1=CCC(c2ccc(-c3cccc(-c4ccccc4)c3)cc2-c2ccccc2)CC1,C1=CN(c2cccc(-c3cc(-c4cccc(-c5ccccc5)c4)ccc3C3CC=CCC3)c2)C=CC1
fraggfn_clpp,best_candidate,180,180,864,5,-12.2,c1ccc(-c2cc(-c3cc(C4CCCCC4)ccn3)cc(-c3ncccn3)c2)cc1,c1ccc(-c2cc(-c3cc(C4CCCCC4)ccn3)cc(-c3nccc(-c4ccccc4)n3)c2)cc1
fraggfn_clpp,best_candidate,181,181,869,5,-12.2,c1ccc(C2CCCC(c3cc(-c4ccc5ccccc5c4)cc(C4CCOCC4)c3)O2)nc1,c1ccc(-c2cccc(C3CCCC(c4cc(-c5ccc6ccccc6c5)cc(C5CCOCC5)c4)O3)n2)cc1
fraggfn_clpp,best_candidate,182,182,874,5,-12.2,c1ccc(-c2cccc(-c3cc(C4CCNC4)cc([NH+]4CCOCC4)c3)c2)cc1,c1ccc(-c2cccc(-c3cccc(-c4cc(C5CCNC5)cc([NH+]5CCOCC5)c4)c3)c2)cc1
fraggfn_clpp,best_candidate,183,183,879,5,-12.2,O=c1[nH]c(=O)n(C2CCCC(C3=CCCCC3)C2)cc1-c1ccccc1F,O=c1[nH]c(=O)n(C2CCCC(C3=CC(c4ccccc4)CCC3)C2)cc1-c1ccccc1F
fraggfn_clpp,best_candidate,184,184,884,5,-12.2,C1=C(c2ccnc(-c3cc(C4CCCCC4)ncn3)n2)CCC(c2ccccc2)C1,Cc1cccc(C2CC=C(c3ccnc(-c4cc(C5CCCCC5)ncn4)n3)CC2)c1
fraggfn_clpp,best_candidate,185,185,889,5,-12.2,c1ccc(-c2cccc(-c3cc(-c4cccc(C5CC5)c4)ccn3)c2)cc1,c1cnc(-c2cccc(-c3cccc(-c4cc(-c5cccc(C6CC6)c5)ccn4)c3)c2)nc1
fraggfn_clpp,best_candidate,186,186,894,5,-12.2,O=C([O-])c1n[nH]cc1-c1cc(-c2ccc3ccccc3c2)cc(N2C=CCC=C2)c1,O=C([O-])c1n[nH]cc1-c1cc(-c2ccc3ccccc3c2)cc(N2C=CCC(c3ccccc3)=C2)c1
fraggfn_clpp,best_candidate,187,187,899,5,-12.2,O=C(O)c1ccc(C2CCCCC2)cc1-c1cccc(-c2ccc3ccccc3c2)n1,C=C(C)C1CCCC(c2ccc(C(=O)O)c(-c3cccc(-c4ccc5ccccc5c4)n3)c2)C1
fraggfn_clpp,best_candidate,188,188,904,5,-12.2,c1ccc(-c2cccc(-c3cccc(-c4cccc(C5CCCCO5)c4)c3)c2)cc1,C1=CC(c2cccc(-c3cccc(-c4cccc(-c5cccc(C6CCCCO6)c5)c4)c3)c2)CCC1
fraggfn_clpp,best_candidate,189,189,909,5,-12.2,C1=CN(c2cc(C3CCCC(C4CCCC(c5ccc6ccccc6c5)C4)C3)ccn2)C=CC1,C1=CN(c2cc(C3CC(c4ccc5ccccc5c4)CC(C4CCCC(c5ccc6ccccc6c5)C4)C3)ccn2)C=CC1
fraggfn_clpp,best_candidate,190,190,914,5,-12.2,O=C([O-])C1CCCC(c2cccc(-c3cccc(-c4cc[nH]c(=O)n4)c3)c2)C1,O=C([O-])C1CCCC(c2cccc(-c3cc(-c4cc[nH]c(=O)n4)cc(C4CCCCC4)c3)c2)C1
fraggfn_clpp,best_candidate,191,191,919,5,-12.2,C(=Cc1c[nH]c2ccccc12)c1cccc(-c2cc(C3CCCCC3)ccn2)c1,C(=Cc1c[nH]c2ccccc12)c1cccc(-c2cc(C3CCCC(c4ccccc4)C3)ccn2)c1
fraggfn_clpp,best_candidate,192,192,924,5,-12.2,c1ccc(C2CCCC(c3cccc(C4CCCC(C5CCCC5)C4)c3)C2)cc1,c1ccc(C2CCCC(c3cccc(C4CC(c5ccccn5)CC(C5CCCC5)C4)c3)C2)cc1
fraggfn_clpp,best_candidate,193,193,929,5,-12.2,c1ccc(-c2cccc(-c3[nH]ncc3-c3cc(-c4ccccc4)c[nH]3)c2)cc1,c1ccc(-c2cccc(-c3cccc(-c4[nH]ncc4-c4cc(-c5ccccc5)c[nH]4)c3)c2)cc1
fraggfn_clpp,best_candidate,194,194,934,5,-12.2,NC(=O)c1cc(-c2ccccc2)cc(-c2cccc(-c3ccccc3)c2)c1,NC(=O)c1cc(-c2ccccc2)cc(-c2cccc(-c3cccc(-c4ccccc4)c3)c2)c1
fraggfn_clpp,best_candidate,195,195,939,5,-12.2,N=Cc1cccc(-c2cccc(-c3cccc(-c4ccncn4)c3)c2)c1,N=Cc1cccc(-c2cccc(-c3cccc(-c4ccnc(-c5ccc[nH+]c5)n4)c3)c2)c1
fraggfn_clpp,best_candidate,196,196,944,5,-12.2,C1=CN(c2ccc3ccccc3c2)C=C(C2CC(c3ccccc3)CC(c3ccccc3)C2)C1,C1=CN(c2ccc3ccccc3c2)C=C(C2CC(c3ccccc3)CC(c3cccc(-c4ccccc4)c3)C2)C1
fraggfn_clpp,best_candidate,197,197,949,5,-12.2,c1ccc(-c2cccc(C3CC(c4ccc5ccccc5c4)CC(c4cccc5ccccc45)C3)c2)cc1,Cc1cccc(-c2cccc(C3CC(c4ccc5ccccc5c4)CC(c4cccc5ccccc45)C3)c2)c1
fraggfn_clpp,best_candidate,198,198,954,5,-12.2,NC1C=C(c2cccc(-c3ccccc3)c2)CCC1c1nc2[nH]cnc2c(=O)[nH]1,NC1C=C(c2cccc(-c3cccc(-c4ccccc4)c3)c2)CCC1c1nc2[nH]cnc2c(=O)[nH]1
fraggfn_clpp,best_candidate,199,199,959,5,-12.2,c1ccc(-c2ccnc(-c3cc(-c4cccnc4)nc(C4CCCCC4)n3)c2)cc1,c1ccc(-c2cccc(-c3ccnc(-c4cc(-c5cccnc5)nc(C5CCCCC5)n4)c3)c2)cc1
fraggfn_clpp,best_candidate,200,200,964,5,-12.2,c1ccc(-c2cccc(-c3cccc(-c4cccc(C5CC5)c4)c3)c2)cc1,c1cc(-c2cccc(-c3cccc(C4CCCOC4)c3)c2)cc(-c2cccc(C3CC3)c2)c1
fraggfn_clpp,best_candidate,201,201,969,5,-12.2,c1ccc(CNc2cccc(-c3cccc(-c4ccccc4)c3)c2)cc1,c1ccc(-c2cccc(CNc3cccc(-c4cccc(-c5ccccc5)c4)c3)c2)cc1
fraggfn_clpp,best_candidate,202,202,974,5,-12.2,C1=CC(c2cccc(-c3cc(-c4ccccc4)cc(C4CCCCC4)c3)c2)CCC1,Fc1cccc(-c2cc(-c3cccc(C4C=CCCC4)c3)cc(C3CCCCC3)c2)c1
fraggfn_clpp,best_candidate,203,203,979,5,-12.2,Sc1ccc(-c2cccc(-c3c[nH]c4ccccc34)c2)cc1C1=CCCCC1,Sc1ccc(-c2cccc(-c3c[nH]c4ccccc34)c2)cc1C1=CC(c2ccncn2)CCC1
fraggfn_clpp,best_candidate,204,204,984,5,-12.2,c1cc(-c2cc(C3CCCCC3)cc(C3CCOC3)c2)cc(C2CCCCC2)c1,c1ccc(C2CCCC(c3cc(-c4cccc(C5CCCCC5)c4)cc(C4CCOC4)c3)C2)cc1
fraggfn_clpp,best_candidate,205,205,989,5,-12.2,CC1=CC(c2cccc(C3CCCC(c4ccccc4)C3)c2)CCC1,CC1=CC(c2ccc(-c3ccccn3)c(C3CCCC(c4ccccc4)C3)c2)CCC1
fraggfn_clpp,best_candidate,206,206,994,5,-12.2,C1=C(c2cccc(-c3ccnc(-c4ccccc4)n3)c2)CCCC1c1c[nH]c2ccccc12,C1=C(c2cccc(-c3cc(C4CCCCC4)nc(-c4ccccc4)n3)c2)CCCC1c1c[nH]c2ccccc12
fraggfn_clpp,best_candidate,207,207,999,5,-12.2,c1ccc(-c2cccc(-c3cccc(C4CCCC(c5ccccc5)C4)n3)c2)cc1,Clc1cccc(C2CCCC(c3cccc(-c4cccc(-c5ccccc5)c4)n3)C2)c1
fraggfn_clpp,best_candidate,208,208,1004,5,-12.2,c1ccc(-c2cccc(-c3cc(C4CCCO4)ccc3-c3c[nH]c4ccccc34)c2)cc1,c1ccc(-c2cccc(-c3cc(C4CCC(c5ccncc5)O4)ccc3-c3c[nH]c4ccccc34)c2)cc1
fraggfn_clpp,best_candidate,209,209,1009,5,-12.2,c1ccc(-c2cccc(-c3cc(-c4ccccn4)cc(C4CCCCC4)c3)c2)cc1,c1ccc(-c2cc(-c3cccc(-c4cccc(-c5ccc[nH+]c5)c4)c3)cc(C3CCCCC3)c2)nc1
fraggfn_clpp,best_candidate,210,210,1014,5,-12.2,c1ccc(-c2cccc(-c3cccc(-c4cnn(-c5c[nH]c6ccccc56)c4)c3)n2)cc1,C=Cc1cccc(-c2cccc(-c3cccc(-c4cnn(-c5c[nH]c6ccccc56)c4)c3)n2)c1
fraggfn_clpp,best_candidate,211,211,1019,5,-12.2,c1ccc(-c2cccc(-c3cc(-c4ncnc5[nH]cnc45)cc(N4CCNCC4)c3)c2)cc1,c1ccc(-c2cccc(-c3cccc(-c4cc(-c5ncnc6[nH]cnc56)cc(N5CCNCC5)c4)c3)c2)cc1
fraggfn_clpp,best_candidate,212,212,1024,5,-12.2,O=c1nc(-c2cccc(-c3cccc(-c4ccccc4)c3)c2)ccn1Cl,O=c1nc(-c2cccc(-c3cccc(-c4cccc(C5=CCCCC5)c4)c3)c2)ccn1Cl
fraggfn_clpp,best_candidate,213,213,1029,5,-12.2,c1ccc(-c2cccc(-c3ccc[n+](-c4cccc(-c5ccncc5)c4)c3)c2)cc1,c1ccc(-c2cccc(-c3ccc[n+](-c4cccc(-c5ccnc(C6CC6)c5)c4)c3)c2)cc1
fraggfn_clpp,best_candidate,214,214,1034,5,-12.2,c1ccc(-c2cccc(-c3cc(-c4ccccc4)cc(C4CCCNC4)c3)c2)cc1,c1ccc(-c2cc(-c3cccc(-c4cccc(-c5c[nH]c6ccccc56)c4)c3)cc(C3CCCNC3)c2)cc1
fraggfn_clpp,best_candidate,215,215,1039,5,-12.2,CC(C)=CC1CCCC(c2cc(-c3c[nH]c4ccccc34)cc(C3CCCCC3)c2)C1,CC(C)=CC1CCCC(c2cc(-c3c[nH]c4ccccc34)cc(C3CCCCC3c3ccc4ccccc4c3)c2)C1
fraggfn_clpp,best_candidate,216,216,1044,5,-12.2,C1=CCC(c2cccc(-c3cc(-c4ccccc4)cc(-c4cc[nH]c4)c3)c2)CC1,C=CC1=CCC(c2cccc(-c3cc(-c4ccccc4)cc(-c4cc[nH]c4)c3)c2)CC1
fraggfn_clpp,best_candidate,217,217,1049,5,-12.2,c1ccc(-c2ccnc(-c3cc(-c4ccc5ccccc5c4)cc(C4CCCO4)c3)c2)cc1,c1ccc(-c2ccnc(-c3cc(-c4ccc5ccccc5c4)cc(C4CC(c5ccccc5)CO4)c3)c2)cc1
fraggfn_clpp,best_candidate,218,218,1054,5,-12.2,Ic1cccc(-c2cccc(-c3cccc(-c4ccccc4)c3)n2)c1,Ic1cc(C2=CNC=CC2)cc(-c2cccc(-c3cccc(-c4ccccc4)c3)n2)c1
fraggfn_clpp,best_candidate,219,219,1059,5,-12.2,c1ccc(-c2cccc(-c3cccc(-c4csc(C5CCCCC5)n4)c3)c2)cc1,FC(F)(F)c1cccc(-c2cccc(-c3cccc(-c4csc(C5CCCCC5)n4)c3)c2)c1
fraggfn_clpp,best_candidate,220,220,1064,5,-12.2,C1=CC(c2cc(-c3ccccc3)cc(-c3cccc(C4CC=CCC4)c3)n2)CCC1,C1=CCC(c2cccc(-c3cc(-c4ccccc4)cc(C4C=CCCC4C4CCCCC4)n3)c2)CC1
fraggfn_clpp,best_candidate,221,221,1069,5,-12.2,c1cc(-c2cccc(-c3cc(-c4ccncc4)ncn3)c2)cc(-c2ccc3ccccc3c2)c1,C=Cc1cc(-c2cc(-c3cccc(-c4cccc(-c5ccc6ccccc6c5)c4)c3)ncn2)ccn1
fraggfn_clpp,best_candidate,222,222,1074,5,-12.2,O=c1[nH]c(C2CC(c3nccc(C4C=CCCC4)n3)CC(N3CCCC3)C2)nc2[nH]cnc12,O=c1[nH]c(C2CC(c3nccc(C4C=C(c5ccccc5)CCC4)n3)CC(N3CCCC3)C2)nc2[nH]cnc12
fraggfn_clpp,best_candidate,223,223,1079,5,-12.2,C=C(C)C1CCCC(c2cccc(C3C=C(c4ccccc4)CCC3)c2)C1,C=C(C)C1CCCC(c2cc(C3C=C(c4ccccc4)CCC3)ccc2-n2cnc3cncnc32)C1
fraggfn_clpp,best_candidate,224,224,1084,5,-12.2,c1ccc(-c2cccc(-c3ccc[n+](-c4cccc(-c5ncnc6[nH]cnc56)c4)c3)c2)nc1,O=c1[nH]c(-c2cc(-c3ncnc4[nH]cnc34)cc(-[n+]3cccc(-c4cccc(-c5ccccn5)c4)c3)c2)nc2[nH]cnc12
fraggfn_clpp,best_candidate,225,225,1089,5,-12.2,c1ccc(-c2cccc(C3CCCC(C4CCCC(c5ccccc5)C4)C3)c2)cc1,CCc1cccc(C2CCCC(C3CCCC(c4cccc(-c5ccccc5)c4)C3)C2)c1
fraggfn_clpp,best_candidate,226,226,1094,5,-12.1,C=Cc1cccc(C2CC(c3ccccc3)CC(c3cccc4ccccc34)C2)c1,C(=Cc1cccc(C2CC(c3ccccc3)CC(c3cccc4ccccc34)C2)c1)c1ccccc1
fraggfn_clpp,best_candidate,227,227,1099,5,-12.1,C1=C(C2CC(c3cccc(C4CCCCC4)c3)CC(c3ccc4ccccc4c3)O2)CCCC1,C=Cc1cc(C2CCCCC2)cc(C2CC(C3=CCCCC3)OC(c3ccc4ccccc4c3)C2)c1
fraggfn_clpp,best_candidate,228,228,1104,5,-12.1,O=c1[nH]cnc2c1NC(c1cc(-c3cccc(-c4cccc(-c5ccccc5)c4)n3)[nH]n1)CN2,O=c1[nH]cnc2c1NC(c1cc(-c3cccc(-c4cccc(-c5ccccc5)c4)n3)n(-c3ncccn3)n1)CN2
fraggfn_clpp,best_candidate,229,229,1109,5,-12.1,O=c1[nH]cnc2c1NC(C1CCC(C3C=CCCC3)CC1c1nccc(-c3ccccc3)n1)CN2,O=c1[nH]cnc2c1NC(C1CCC(C3C=CCCC3)CC1c1nccc(-c3cccc(-c4ccccc4)c3)n1)CN2
fraggfn_clpp,best_candidate,230,230,1114,5,-12.1,FC(F)(F)c1cccc(C2=CCC(c3cccc(-c4ccccc4)c3)CC2)c1,FC(F)(F)c1cccc(C2=CCC(c3cccc(-c4cccc(C5CCCCO5)c4)c3)CC2)c1
fraggfn_clpp,best_candidate,231,231,1119,5,-12.1,C1=CCC(c2cc(-c3cccc(C4=CCCCC4)c3)cc(C3CCOC3)c2)CC1,C1=CCC(c2cc(-c3cccc(C4=CCCCC4)c3)cc(C3COC(c4ccccc4)C3)c2)CC1
fraggfn_clpp,best_candidate,232,232,1120,1,-12.1,c1ccc(-c2cccc(-c3cccc(-c4cccc(-c5ccccc5)c4)c3)c2)cc1,c1ccc(-c2cccc(-c3cccc(-c4cc(-c5ccccc5)ccc4-c4cn[nH]c4)c3)c2)cc1
fraggfn_clpp,best_candidate,233,233,1125,5,-12.1,c1ccc(C2CCCC(c3ccnc(-c4cccc(-c5ccc6ccccc6c5)c4)n3)C2)nc1,O=C(NO)c1ccnc(C2CCCC(c3ccnc(-c4cccc(-c5ccc6ccccc6c5)c4)n3)C2)c1
fraggfn_clpp,best_candidate,234,234,1130,5,-12.1,C1=CC(C2CC(c3ccccc3)CC(C3CCCCC3)C2)C(c2ccc3ccccc3c2)CC1,FC(F)(F)c1cccc(C2CC(C3CCCCC3)CC(C3C=CCCC3c3ccc4ccccc4c3)C2)c1
fraggfn_clpp,best_candidate,235,235,1135,5,-12.1,c1ccc(-c2cccc(C3CCOC(c4cccc(C5CCOC5)c4)C3)c2)cc1,c1ccc(-c2cccc(C3CCOC(c4cccc(C5CCOC5c5ccccc5)c4)C3)c2)cc1
fraggfn_clpp,best_candidate,236,236,1140,5,-12.1,Nc1cccc(-c2cccc(-c3cccc(-c4ccccc4)c3)c2)c1,C=C(C)c1cccc(-c2cccc(-c3cccc(-c4cccc(N)c4)c3)c2)c1
fraggfn_clpp,best_candidate,237,237,1145,5,-12.1,c1ccc(-c2cccc(C3CC([n+]4ccccc4)N(c4ccc5ccccc5c4)C3)c2)cc1,C1=CC(c2ccc[n+](C3CC(c4cccc(-c5ccccc5)c4)CN3c3ccc4ccccc4c3)c2)CCC1
fraggfn_clpp,best_candidate,238,238,1150,5,-12.1,c1ccc(-c2cccc(C3CCCC(n4nccc4-c4ccccc4)C3)c2)cc1,c1ccc(-c2cccc(C3CC(c4ccccc4)CC(n4nccc4-c4ccccc4)C3)c2)cc1
fraggfn_clpp,best_candidate,239,239,1155,5,-12.1,O=C(NCc1ccccc1)c1cc(-c2ccccc2)cc(-c2cccc3ccccc23)c1,O=C(NCc1ccccc1)c1cc(-c2cccc(-c3ccccc3)c2)cc(-c2cccc3ccccc23)c1
fraggfn_clpp,best_candidate,240,240,1160,5,-12.1,CC=Cc1cccc(-c2cccc(-c3cccc(-c4ccccc4)c3)c2)c1,CC=Cc1cccc(-c2cccc(-c3cc(-c4ccccc4)cc(-c4ccc[nH+]c4)c3)c2)c1
fraggfn_clpp,best_candidate,241,241,1165,5,-12.1,O=C(Nc1cccc(-c2cc(-c3ccccc3)ncn2)c1)C1CCCCC1,O=C(Nc1cccc(-c2cc(-c3cccc(-c4c[nH]c5ccccc45)c3)ncn2)c1)C1CCCCC1
fraggfn_clpp,best_candidate,242,242,1170,5,-12.1,O=c1[nH]c(=O)n(-c2cccc(-c3ccccn3)c2)cc1-c1ccc(F)cc1,O=c1[nH]c(=O)n(-c2cccc(-c3cccc(-c4ccccc4)n3)c2)cc1-c1ccc(F)cc1
fraggfn_clpp,best_candidate,243,243,1175,5,-12.1,CC(C)(O)c1cccc(-c2cccc(-c3ccc[n+](-c4ccccc4)c3)c2)c1,CC(C)(O)c1cccc(-c2cccc(-c3ccc[n+](-c4cccc(C5=CCCCC5)c4)c3)c2)c1
fraggfn_clpp,best_candidate,244,244,1180,5,-12.1,c1cc(-c2cc(-c3ccc4ccccc4c3)cc(C3CCCCO3)c2)cc(C2CCCCC2)c1,c1cc(-c2cc(-c3ccc4ccccc4c3)cc(C3CC(C4CCCN4)CCO3)c2)cc(C2CCCCC2)c1
fraggfn_clpp,best_candidate,245,245,1185,5,-12.1,c1ccc(-c2cccc(-c3cccc(-c4cc(C5CCOC5)ncn4)c3)c2)cc1,C1=C(c2nc(-c3cccc(-c4cccc(-c5ccccc5)c4)c3)cc(C3CCOC3)n2)CCCC1
fraggfn_clpp,best_candidate,246,246,1190,5,-12.1,c1cnc(-c2cccc(-c3cccc(-c4cccc(C5CCCC5)c4)c3)c2)nc1,c1ccc(-c2ccnc(-c3cccc(-c4cccc(-c5cccc(C6CCCC6)c5)c4)c3)n2)cc1
fraggfn_clpp,best_candidate,247,247,1195,5,-12.1,c1ccc(-c2ccnc(-c3cc(-c4ccncc4)nc(C4CCCCO4)c3)n2)cc1,c1ccc(-c2cccc(-c3ccnc(-c4cc(-c5ccncc5)nc(C5CCCCO5)c4)n3)c2)cc1
fraggfn_clpp,best_candidate,248,248,1200,5,-12.1,C1=C(c2ccnc(-c3cccc(-c4ccccc4)c3)n2)CCCC1C1=CCCCC1,C1=C(c2cc(N3CCCCC3)nc(-c3cccc(-c4ccccc4)c3)n2)CCCC1C1=CCCCC1
fraggfn_clpp,best_candidate,249,249,1205,5,-12.1,FC(F)(F)c1cc(-c2cc(C3=CCCCC3)cc(-c3ccccc3)c2)ccn1,FC(F)(F)c1cc(-c2cc(C3=CCCCC3)cc(-c3cccc(C4CC=CCC4)c3)c2)ccn1
fraggfn_clpp,best_candidate,250,250,1210,5,-12.1,c1ccc(-c2cccc(-c3cccc(-c4ccnc(C5CCCCC5)c4)c3)c2)cc1,c1ccc(-c2cccc(-c3cccc(-c4ccnc(C5CCCC(c6ccccc6)C5)c4)c3)c2)cc1
fraggfn_clpp,best_candidate,251,251,1215,5,-12.1,c1ccc(-c2cccc(-c3cc(-c4cc(C5CCCOC5)ccn4)ncn3)c2)cc1,c1ccc(-c2cccc(-c3cc(-c4cc(C5CCCOC5)ccn4)nc(-c4ccc5ccccc5c4)n3)c2)cc1
fraggfn_clpp,best_candidate,252,252,1220,5,-12.1,O=C(Nc1cccc(-c2ccccc2)c1)n1cc(-c2ccccc2)c(=O)[nH]c1=O,O=C(Nc1cccc(-c2cccc(-c3ccccc3)c2)c1)n1cc(-c2ccccc2)c(=O)[nH]c1=O
fraggfn_clpp,best_candidate,253,253,1225,5,-12.1,C1=CN(c2cccc(-c3cccc(-c4ccccc4)c3)c2)C=C(C2CCCNC2)C1,Cc1cccc(-c2cccc(-c3cccc(N4C=CCC(C5CCCNC5)=C4)c3)c2)c1
fraggfn_clpp,best_candidate,254,254,1230,5,-12.1,C1=C(c2cc(C3CCCC(C4CCCCC4)O3)n[nH]2)CCCC1c1ccccc1,C1=C(c2cc(C3CCCC(C4CCCCC4)O3)n[nH]2)CCCC1c1cccc(-c2ccccc2)c1
fraggfn_clpp,best_candidate,255,255,1235,5,-12.1,C1=CN(c2cccc(-c3cc[nH]n3)n2)C=C(c2cccc(-c3ccccc3)c2)C1,C1=CN(c2cc(-c3ccccc3)cc(-c3cc[nH]n3)n2)C=C(c2cccc(-c3ccccc3)c2)C1
fraggfn_clpp,best_candidate,256,256,1240,5,-12.1,C1=CN(C2=CCCCC2)C=C(c2cccc(-c3cccc(-c4ccccc4)c3)c2)C1,Fc1cc(-c2ccccc2)cc(-c2cccc(C3=CN(C4=CCCCC4)C=CC3)c2)c1
fraggfn_clpp,best_candidate,257,257,1245,5,-12.1,c1ccc(-[n+]2cccc(-c3cc(N4CCNCC4)cc(C4CCCCC4)n3)c2)cc1,c1ccc(-c2cccc(-[n+]3cccc(-c4cc(N5CCNCC5)cc(C5CCCCC5)n4)c3)c2)cc1
fraggfn_clpp,best_candidate,258,258,1246,1,-12.1,c1ccc(-c2cccc(-c3cccc(-c4cccc(C5CCCCC5)c4)c3)c2)cc1,FC1CCCC(c2cccc(-c3cccc(-c4cccc(-c5ccccc5)c4)c3)c2)C1
fraggfn_clpp,best_candidate,259,259,1251,5,-12.1,C1=C(c2ccccc2)CCCC1c1cc(-c2cccc(C3CCOC3)c2)c[nH]1,CC=Cc1cccc(C2=CC(c3cc(-c4cccc(C5CCOC5)c4)c[nH]3)CCC2)c1
fraggfn_clpp,best_candidate,260,260,1256,5,-12.1,O=c1[nH]c(=O)n(-c2cccc(-c3ccccc3)c2)cc1C1CCOC(c2ccccc2)C1,O=c1[nH]c(=O)n(-c2cccc(-c3cccc(-c4ccccc4)c3)c2)cc1C1CCOC(c2ccccc2)C1
fraggfn_clpp,best_candidate,261,261,1261,5,-12.1,Cc1cccc(-c2cccc(-c3cccc(-c4ccncn4)c3)c2)c1,Cc1cccc(-c2cccc(-c3cc(-c4ccccc4)cc(-c4ccncn4)c3)c2)c1
fraggfn_clpp,best_candidate,262,262,1266,5,-12.1,C1=C(c2cccc(-c3cc(-c4ccc[nH+]c4)cc(-c4cccs4)c3)c2)CCCC1,C1=CCC([n+]2cccc(-c3cc(-c4cccc(C5=CCCCC5)c4)cc(-c4cccs4)c3)c2)CC1
fraggfn_clpp,best_candidate,263,263,1271,5,-12.1,c1ccc(-c2ccnc(-c3cccc(C4CCCC(c5ccccc5)C4)c3)c2)cc1,c1ccc(-c2cccc(C3CCCC(c4cccc(-c5cc(-c6ccccc6)ccn5)c4)C3)c2)cc1
fraggfn_clpp,best_candidate,264,264,1276,5,-12.1,C1=C(c2ccccc2)CCCC1c1cc(-c2cccc(-c3ccccc3)c2)ncn1,C1=CN(c2cc(-c3ccccc3)cc(-c3cc(C4C=C(c5ccccc5)CCC4)ncn3)c2)C=CC1
fraggfn_clpp,best_candidate,265,265,1277,1,-12.1,c1ccc(C2CCCC(c3cccc(C4CCCC(c5ccccc5)C4)c3)C2)cc1,c1ccc(C2CCCC(c3cccc(C4CC(c5ccccc5)CCC4C4CCCN4)c3)C2)cc1
fraggfn_clpp,best_candidate,266,266,1282,5,-12.1,NC(=O)c1cccc(-c2cccc(-c3cccc(-c4ccccc4)c3)c2)c1,NC(=O)c1cccc(-c2ccc(-c3c[nH]c4ccccc34)c(-c3cccc(-c4ccccc4)c3)c2)c1
fraggfn_clpp,best_candidate,267,267,1287,5,-12.1,O=c1[nH]c(-c2cc(-c3cccc(C4CCCCC4)c3)cc(-n3cccn3)c2)nc2c1NCCN2,C=CC1CCCC(c2cccc(-c3cc(-c4nc5c(c(=O)[nH]4)NCCN5)cc(-n4cccn4)c3)c2)C1
fraggfn_clpp,best_candidate,268,268,1292,5,-12.1,c1ccc(C2CCC(c3cccc(-c4cccc(-c5cccnc5)c4)c3)N2)cc1,c1ccc(C2CCC(c3cc(-c4cccc(-c5cccnc5)c4)cc(-n4cnc5cncnc54)c3)N2)cc1
fraggfn_clpp,best_candidate,269,269,1297,5,-12.1,C1=C(c2ccccc2)CCCC1c1cccc(-c2cccc(C3CCCOC3)c2)c1,Cc1cccc(C2=CC(c3cccc(-c4cccc(C5CCCOC5)c4)c3)CCC2)c1
fraggfn_clpp,best_candidate,270,270,1302,5,-12.1,CC(=O)Nc1cccc(-c2nccc(-c3cccc(-c4ccccc4)c3)n2)c1,CC(=O)Nc1cc(C2=CCCCC2)cc(-c2nccc(-c3cccc(-c4ccccc4)c3)n2)c1
fraggfn_clpp,best_candidate,271,271,1307,5,-12.1,Fc1cc(-c2ccccc2)cc(-c2c[nH]c3ccccc23)c1-c1ccc2ccccc2c1,Fc1cc(-c2cccc(-c3ccccc3)c2)cc(-c2c[nH]c3ccccc23)c1-c1ccc2ccccc2c1
fraggfn_clpp,best_candidate,272,272,1312,5,-12.0,NC1CCCC(c2cc(-c3ccc4ccccc4c3)cc(-c3ccccc3)n2)C1,NC1CCCC(c2cc(-c3ccc4ccccc4c3)cc(-c3cccc(C4CCCCC4)c3)n2)C1
fraggfn_clpp,best_candidate,273,273,1317,5,-12.0,c1ccc(-c2cccc(-c3cccc(-c4cccc(N5CCCC5)n4)c3)c2)cc1,c1ccc(-c2cccc(-c3cccc(-c4cccc(N5CCC(n6cccn6)C5)n4)c3)c2)cc1
fraggfn_clpp,best_candidate,274,274,1322,5,-12.0,c1ccc(-c2cccc(-c3cc(-c4ccccc4)cc(C4CCCCO4)c3)c2)cc1,Cc1cccc(-c2cccc(-c3cc(-c4ccccc4)cc(C4CCCCO4)c3)c2)c1
fraggfn_clpp,best_candidate,275,275,1327,5,-12.0,C1=C(C2CC(C3CCCCC3)C(c3ccc4ccccc4c3)O2)CCCC1c1ccccc1,C1=C(C2CC(C3CCCC(c4cc[nH]n4)C3)C(c3ccc4ccccc4c3)O2)CCCC1c1ccccc1
fraggfn_clpp,best_candidate,276,276,1332,5,-12.0,c1ccc(-c2cc(-c3cccc4ccccc34)cc(C3CCCC(c4ccccc4)C3)c2)cc1,CC(O)c1cccc(C2CCCC(c3cc(-c4ccccc4)cc(-c4cccc5ccccc45)c3)C2)c1
fraggfn_clpp,best_candidate,277,277,1337,5,-12.0,c1ccc(C2CNC(c3cccc(C4CC(c5ccccn5)CN4)c3)C2)cc1,c1ccc(-c2cccc(C3CNC(c4cccc(C5CC(c6ccccn6)CN5)c4)C3)c2)cc1
fraggfn_clpp,best_candidate,278,278,1342,5,-12.0,C1=CCC(c2cccc(-c3cccc(-c4cccc(C5CC5)c4)c3)c2)CC1,C1=CCC(c2cccc(-c3cc(-c4ccccc4)cc(-c4cccc(C5CC5)c4)c3)c2)CC1
fraggfn_clpp,best_candidate,279,279,1347,5,-12.0,C1=CNC=C(c2cccc(-c3cc(-c4cccc(-c5ccccc5)c4)ccn3)c2)C1,C1=CNC=C(c2cccc(-c3cc(-c4cccc(-c5cccc(C6CCCO6)c5)c4)ccn3)c2)C1
fraggfn_clpp,best_candidate,280,280,1352,5,-12.0,c1ccc(-c2cc(-c3ccc[n+](-c4ccccn4)c3)nc(-c3ccccc3)n2)cc1,c1ccc(-c2cc(-c3ccc[n+](-c4ccccn4)c3)nc(-c3cccc(C4CCCCC4)c3)n2)cc1
fraggfn_clpp,best_candidate,281,281,1357,5,-12.0,c1cc(-c2nc(C3CCCCC3)ccc2C2CCCNC2)cc(C2CCCCC2)c1,O=c1[nH]c(-c2cc(-c3nc(C4CCCCC4)ccc3C3CCCNC3)cc(C3CCCCC3)c2)nc2[nH]cnc12
fraggfn_clpp,best_candidate,282,282,1362,5,-12.0,O=C(NO)C1CCCC(c2cccc(-c3cccc(-c4ccccc4)c3)c2)C1,CCc1ccc(-c2cccc(-c3cccc(C4CCCC(C(=O)NO)C4)c3)c2)cc1
fraggfn_clpp,best_candidate,283,283,1367,5,-12.0,c1ccc(-c2cccc(C3CCCC(n4cc(-c5ccccc5)cn4)C3)c2)cc1,c1ccc(-c2cccc(C3CC(C4CCCOC4)CC(n4cc(-c5ccccc5)cn4)C3)c2)cc1
fraggfn_clpp,best_candidate,284,284,1372,5,-12.0,CC(=CN1C=CCC(c2cccc(-c3c[nH]c4ccccc34)c2)=C1)c1ccccc1,CC(=CN1C=CCC(c2cccc(-c3c[nH]c4ccccc34)c2)=C1)c1cccc(-n2cccnc2=O)c1
fraggfn_clpp,best_candidate,285,285,1377,5,-12.0,C1=C(C2CCCC(c3cc(-c4ccccc4)nc(-c4ccc[nH]4)c3)C2)CCCC1,C1=CNC=C(c2c[nH]c(-c3cc(C4CCCC(C5=CCCCC5)C4)cc(-c4ccccc4)n3)c2)C1
fraggfn_clpp,best_candidate,286,286,1382,5,-12.0,FC(F)(F)c1cccc(C2C=C(c3cccc(-c4ccccc4)c3)CCC2)c1,FC(F)(F)c1cc(-c2ccccc2)cc(C2C=C(c3cccc(-c4ccccc4)c3)CCC2)c1
fraggfn_clpp,best_candidate,287,287,1387,5,-12.0,c1cc(C2CCCCC2)cc(C2CCCC(C3CCCCC3c3c[nH]c4ccccc34)C2)c1,c1cc(C2CCCCC2)cc(C2CC(c3ccc4ccccc4c3)CC(C3CCCCC3c3c[nH]c4ccccc34)C2)c1
fraggfn_clpp,best_candidate,288,288,1392,5,-12.0,c1cc(-c2ccc(-c3ccnn3C3CCCCO3)cc2)cc(-c2c[nH]c3ccccc23)c1,c1cc(-c2ccc(-c3ccnn3C3CCC(C4CCCCC4)CO3)cc2)cc(-c2c[nH]c3ccccc23)c1
fraggfn_clpp,best_candidate,289,289,1397,5,-12.0,c1ccc(C2CC(c3cccc4ccccc34)CC(C3CCC(C4CCCCC4)N3)C2)cc1,c1ccc(-c2cccc(C3CC(c4cccc5ccccc45)CC(C4CCC(C5CCCCC5)N4)C3)c2)cc1
fraggfn_clpp,best_candidate,290,290,1402,5,-12.0,CC(=Cc1ccccc1)C1CC(c2cccc(-c3ccccc3)c2)CCO1,CC(=Cc1cccc(-c2c[nH]c3ccccc23)c1)C1CC(c2cccc(-c3ccccc3)c2)CCO1
fraggfn_clpp,best_candidate,291,291,1407,5,-12.0,c1ccc(-c2cccc(-c3cc(-c4cccc(-c5ncnc6[nH]cnc56)c4)ncn3)c2)cc1,c1ccc(-c2cccc(-c3cc(-c4cc(-c5c[nH]c6ccccc56)cc(-c5ncnc6[nH]cnc56)c4)ncn3)c2)cc1
fraggfn_clpp,best_candidate,292,292,1412,5,-12.0,O=c1nc2[nH]c3cc(-c4cccc(-c5cccc(-c6ccccc6)c5)c4)c(CO)cc3nc-2c(=O)[nH]1,O=c1nc2[nH]c3cc(-c4cccc(-c5cccc(-c6ccccc6)c5)c4)c(COC4CC=CCC4)cc3nc-2c(=O)[nH]1
fraggfn_clpp,best_candidate,293,293,1417,5,-12.0,CC(=O)Nc1cccc(-c2cccc(-n3cc(-c4ccccc4)c(=O)[nH]c3=O)c2)c1,CC(=O)Nc1cccc(-c2cccc(-n3cc(-c4cccc(-c5ccccc5)c4)c(=O)[nH]c3=O)c2)c1
fraggfn_clpp,best_candidate,294,294,1422,5,-12.0,c1cc(-c2c[nH]c3ccccc23)cc(-[n+]2cccc(C3CCCC(c4ccncc4)C3)c2)c1,c1cc(-c2c[nH]c3ccccc23)cc(-[n+]2cccc(C3CC(c4ccncc4)CC(C4CCCCC4)C3)c2)c1
fraggfn_clpp,best_candidate,295,295,1427,5,-12.0,Oc1cc(C2=CCCCC2)cc(-c2cccc(C3CCCCC3)c2)c1,CC(C)=CC1CCCC(c2cccc(-c3cc(O)cc(C4=CCCCC4)c3)c2)C1
fraggfn_clpp,best_candidate,296,296,1432,5,-12.0,CNC(=O)c1cccc(-c2cc(-c3ccccc3)nc(-c3ccccc3)n2)c1,O=C(NCc1ccc2ccccc2c1)c1cccc(-c2cc(-c3ccccc3)nc(-c3ccccc3)n2)c1
fraggfn_clpp,best_candidate,297,297,1437,5,-12.0,O=C(Nc1cccc(C2CCCC(c3ccc4ccccc4c3)C2)c1)C1CC=CCC1,O=C(Nc1cc(-c2ccccc2)cc(C2CCCC(c3ccc4ccccc4c3)C2)c1)C1CC=CCC1
fraggfn_clpp,best_candidate,298,298,1442,5,-12.0,C1=CC(c2cccc(C3CCNC3c3cccc(C4=CCCCC4)c3)c2)CCC1,C1=CC(c2cccc(C3CCNC3c3cccc(C4=CC(c5ccccc5)CCC4)c3)c2)CCC1
fraggfn_clpp,best_candidate,299,299,1447,5,-12.0,c1cc(-c2cccc(C3CCCC3)c2)cc(-c2ccnc(-c3cccnc3)c2)c1,c1ccc(-c2cc(-c3cccc(C4CCCC4)c3)cc(-c3ccnc(-c4cccnc4)c3)c2)cc1
fraggfn_clpp,best_candidate,300,300,1452,5,-12.0,CC(C)C1C=C(c2cc(-c3cccc(-c4ccc5ccccc5c4)c3)ncn2)CCC1,CC(C)C1C=C(c2cc(-c3ccc(C4CCCC4)c(-c4ccc5ccccc5c4)c3)ncn2)CCC1
fraggfn_clpp,hub_batching,1,1,5,5,-13.5,c1ccc(-c2cccc(-c3cccc(-c4cccc(-c5ccccc5)c4)c3)c2)cc1,c1ccc(-c2cccc(-c3ccc(-c4cccc5ccccc45)c(-c4cccc(-c5ccccc5)c4)c3)c2)cc1
fraggfn_clpp,hub_batching,2,2,6,1,-13.3,c1ccc(-c2cccc(-c3cccc(-c4cccc(-c5ccccc5)c4)c3)c2)cc1,O=c1[nH]c(-c2ccc(-c3cccc(-c4ccccc4)c3)cc2-c2cccc(-c3ccccc3)c2)nc2c1NCCN2
fraggfn_clpp,hub_batching,3,3,7,1,-13.3,c1ccc(-c2cccc(-c3cccc(-c4cccc(-c5ccccc5)c4)c3)c2)cc1,c1ccc(-c2cccc(-c3ccc(-n4cnc5cncnc54)c(-c4cccc(-c5ccccc5)c4)c3)c2)cc1
fraggfn_clpp,hub_batching,4,4,8,1,-13.3,c1ccc(-c2cccc(-c3cccc(-c4cccc(-c5ccccc5)c4)c3)c2)cc1,c1ccc(-c2cccc(-c3cccc(-c4cc(-c5ccccc5)cc(C5CCCNC5)c4)c3)c2)cc1
fraggfn_clpp,hub_batching,5,5,9,1,-13.3,c1ccc(-c2cccc(-c3cccc(-c4cccc(-c5ccccc5)c4)c3)c2)cc1,c1ccc(-c2cccc(-c3cccc(-c4cc(-c5ccccc5)cc(-c5c[nH]c6ccccc56)c4)c3)c2)cc1
fraggfn_clpp,hub_batching,6,6,10,1,-13.2,c1ccc(-c2cccc(-c3cccc(-c4cccc(-c5ccccc5)c4)c3)c2)cc1,c1ccc(-c2cccc(-c3ccc(-c4ncnc5[nH]cnc45)c(-c4cccc(-c5ccccc5)c4)c3)c2)cc1
fraggfn_clpp,hub_batching,7,7,11,1,-13.0,c1ccc(-c2cccc(-c3cccc(-c4cccc(-c5ccccc5)c4)c3)c2)cc1,C1=C(c2cc(-c3ccccc3)cc(-c3cccc(-c4cccc(-c5ccccc5)c4)c3)c2)CCCC1
fraggfn_clpp,hub_batching,8,8,12,1,-13.0,c1ccc(-c2cccc(-c3cccc(-c4cccc(-c5ccccc5)c4)c3)c2)cc1,c1ccc(-c2cccc(-c3cccc(-c4cc(-c5ccccc5)cc(N5CCCCC5)c4)c3)c2)cc1
fraggfn_clpp,hub_batching,9,9,13,1,-13.0,c1ccc(-c2cccc(-c3cccc(-c4cccc(-c5ccccc5)c4)c3)c2)cc1,O=c1nc2[nH]c3cc(-c4ccc(-c5ccccc5)cc4-c4cccc(-c5cccc(-c6ccccc6)c5)c4)ccc3nc-2c(=O)[nH]1
fraggfn_clpp,hub_batching,10,10,14,1,-13.0,c1ccc(-c2cccc(-c3cccc(-c4cccc(-c5ccccc5)c4)c3)c2)cc1,Cc1ccc(-c2cccc(-c3cccc(-c4cccc(-c5ccccc5)c4)c3)c2)cc1
fraggfn_clpp,hub_batching,11,11,15,1,-12.9,c1ccc(-c2cccc(-c3cccc(-c4cccc(-c5ccccc5)c4)c3)c2)cc1,C1=CC(c2ccc(-c3cccc(-c4ccccc4)c3)cc2-c2cccc(-c3ccccc3)c2)CCC1
fraggfn_clpp,hub_batching,12,12,16,1,-12.9,c1ccc(-c2cccc(-c3cccc(-c4cccc(-c5ccccc5)c4)c3)c2)cc1,O=c1ncccn1-c1cc(-c2ccccc2)cc(-c2cccc(-c3cccc(-c4ccccc4)c3)c2)c1
fraggfn_clpp,hub_batching,13,13,17,1,-12.9,c1ccc(-c2cccc(-c3cccc(-c4cccc(-c5ccccc5)c4)c3)c2)cc1,c1ccc(-c2cccc(-c3cccc(-c4cc(-c5ccccc5)cc(-c5ccc[nH]5)c4)c3)c2)cc1
fraggfn_clpp,hub_batching,14,14,18,1,-12.8,c1ccc(-c2cccc(-c3cccc(-c4cccc(-c5ccccc5)c4)c3)c2)cc1,C1=CNC=C(c2ccc(-c3cccc(-c4ccccc4)c3)cc2-c2cccc(-c3ccccc3)c2)C1
fraggfn_clpp,hub_batching,15,15,19,1,-12.8,c1ccc(-c2cccc(-c3cccc(-c4cccc(-c5ccccc5)c4)c3)c2)cc1,c1ccc(-c2cccc(-c3ccc(N4CCOCC4)c(-c4cccc(-c5ccccc5)c4)c3)c2)cc1
fraggfn_clpp,hub_batching,16,16,20,1,-12.8,c1ccc(-c2cccc(-c3cccc(-c4cccc(-c5ccccc5)c4)c3)c2)cc1,c1ccc(-c2cccc(-c3ccc([NH+]4CCOCC4)c(-c4cccc(-c5ccccc5)c4)c3)c2)cc1
fraggfn_clpp,hub_batching,17,17,21,1,-12.8,c1ccc(-c2cccc(-c3cccc(-c4cccc(-c5ccccc5)c4)c3)c2)cc1,CC(C)=Cc1ccc(-c2cccc(-c3ccccc3)c2)cc1-c1cccc(-c2ccccc2)c1
fraggfn_clpp,hub_batching,18,18,22,1,-12.8,c1ccc(-c2cccc(-c3cccc(-c4cccc(-c5ccccc5)c4)c3)c2)cc1,O=c1nc(-c2ccc(-c3cccc(-c4ccccc4)c3)cc2-c2cccc(-c3ccccc3)c2)cc[nH]1
fraggfn_clpp,hub_batching,19,19,23,1,-12.8,c1ccc(-c2cccc(-c3cccc(-c4cccc(-c5ccccc5)c4)c3)c2)cc1,c1ccc(-c2cccc(-c3cccc(-c4cc(-c5ccccc5)cc(-c5ccncn5)c4)c3)c2)cc1
fraggfn_clpp,hub_batching,20,20,24,1,-12.8,c1ccc(-c2cccc(-c3cccc(-c4cccc(-c5ccccc5)c4)c3)c2)cc1,C=Cc1cccc(-c2cccc(-c3cccc(-c4cccc(-c5ccccc5)c4)c3)c2)c1
fraggfn_clpp,hub_batching,21,21,25,1,-12.7,c1ccc(-c2cccc(-c3cccc(-c4cccc(-c5ccccc5)c4)c3)c2)cc1,O=c1nc2n(-c3cc(-c4cccc(-c5ccccc5)c4)cc(-c4cccc(-c5ccccc5)c4)c3)c3ccccc3nc-2c(=O)[nH]1
fraggfn_clpp,hub_batching,22,22,26,1,-12.7,c1ccc(-c2cccc(-c3cccc(-c4cccc(-c5ccccc5)c4)c3)c2)cc1,c1ccc(-c2cccc(-c3ccc(-c4cccnc4)c(-c4cccc(-c5ccccc5)c4)c3)c2)cc1
fraggfn_clpp,hub_batching,23,23,27,1,-12.6,c1ccc(-c2cccc(-c3cccc(-c4cccc(-c5ccccc5)c4)c3)c2)cc1,CC(=O)Nc1ccc(-c2cccc(-c3ccccc3)c2)cc1-c1cccc(-c2ccccc2)c1
fraggfn_clpp,hub_batching,24,24,28,1,-12.6,c1ccc(-c2cccc(-c3cccc(-c4cccc(-c5ccccc5)c4)c3)c2)cc1,O=c1[nH]cc(-c2ccc(-c3cccc(-c4ccccc4)c3)cc2-c2cccc(-c3ccccc3)c2)c(=O)[nH]1
fraggfn_clpp,hub_batching,25,25,29,1,-12.6,c1ccc(-c2cccc(-c3cccc(-c4cccc(-c5ccccc5)c4)c3)c2)cc1,O=c1ccn(-c2ccc(-c3cccc(-c4ccccc4)c3)cc2-c2cccc(-c3ccccc3)c2)c(=O)[nH]1
fraggfn_clpp,hub_batching,26,26,30,1,-12.6,c1ccc(-c2cccc(-c3cccc(-c4cccc(-c5ccccc5)c4)c3)c2)cc1,Brc1cc(-c2ccccc2)cc(-c2cccc(-c3cccc(-c4ccccc4)c3)c2)c1
fraggfn_clpp,hub_batching,27,27,31,1,-12.6,c1ccc(-c2cccc(-c3cccc(-c4cccc(-c5ccccc5)c4)c3)c2)cc1,c1ccc(-c2cccc(-c3cccc(-c4cc(-c5ccccc5)ccc4C4CCCOC4)c3)c2)cc1
fraggfn_clpp,hub_batching,28,28,32,1,-12.6,c1ccc(-c2cccc(-c3cccc(-c4cccc(-c5ccccc5)c4)c3)c2)cc1,N=C(N)c1ccc(-c2ccccc2)cc1-c1cccc(-c2cccc(-c3ccccc3)c2)c1
fraggfn_clpp,hub_batching,29,29,33,1,-12.5,c1ccc(-c2cccc(-c3cccc(-c4cccc(-c5ccccc5)c4)c3)c2)cc1,CC(C)c1ccc(-c2cccc(-c3ccccc3)c2)cc1-c1cccc(-c2ccccc2)c1
fraggfn_clpp,hub_batching,30,30,34,1,-12.5,c1ccc(-c2cccc(-c3cccc(-c4cccc(-c5ccccc5)c4)c3)c2)cc1,O=P(O)(O)c1ccc(-c2cccc(-c3ccccc3)c2)cc1-c1cccc(-c2ccccc2)c1
fraggfn_clpp,hub_batching,31,31,35,1,-12.5,c1ccc(-c2cccc(-c3cccc(-c4cccc(-c5ccccc5)c4)c3)c2)cc1,c1ccc(-c2cccc(-c3cccc(-c4cc(-c5ccccc5)cc(-[n+]5ccccc5)c4)c3)c2)cc1
fraggfn_clpp,hub_batching,32,32,36,1,-12.4,c1ccc(-c2cccc(-c3cccc(-c4cccc(-c5ccccc5)c4)c3)c2)cc1,O=[SH](=O)c1ccc(-c2cccc(-c3ccccc3)c2)cc1-c1cccc(-c2ccccc2)c1
fraggfn_clpp,hub_batching,33,33,37,1,-12.4,c1ccc(-c2cccc(-c3cccc(-c4cccc(-c5ccccc5)c4)c3)c2)cc1,O=S(=O)([O-])c1ccc(-c2cccc(-c3ccccc3)c2)cc1-c1cccc(-c2ccccc2)c1
fraggfn_clpp,hub_batching,34,34,38,1,-12.4,c1ccc(-c2cccc(-c3cccc(-c4cccc(-c5ccccc5)c4)c3)c2)cc1,c1ccc(-c2cccc(-c3ccc(-[n+]4ccccc4)c(-c4cccc(-c5ccccc5)c4)c3)c2)cc1
fraggfn_clpp,hub_batching,35,35,39,1,-12.4,c1ccc(-c2cccc(-c3cccc(-c4cccc(-c5ccccc5)c4)c3)c2)cc1,Fc1ccc(-c2cccc(-c3cccc(-c4ccccc4)c3)c2)cc1-c1ccccc1
fraggfn_clpp,hub_batching,36,36,40,1,-12.4,c1ccc(-c2cccc(-c3cccc(-c4cccc(-c5ccccc5)c4)c3)c2)cc1,c1ccc(-c2cccc(-c3cccc(-c4cc(-c5ccccc5)cc(-c5nccs5)c4)c3)c2)cc1
fraggfn_clpp,hub_batching,37,37,41,1,-12.3,c1ccc(-c2cccc(-c3cccc(-c4cccc(-c5ccccc5)c4)c3)c2)cc1,O=c1[nH]c(-c2cc(-c3cccc(-c4ccccc4)c3)cc(-c3cccc(-c4ccccc4)c3)c2)nc2[nH]cnc12
fraggfn_clpp,hub_batching,38,38,42,1,-12.3,c1ccc(-c2cccc(-c3cccc(-c4cccc(-c5ccccc5)c4)c3)c2)cc1,c1ccc(-c2cccc(-c3cccc(-c4ccc(C5CCNC5)c(-c5ccccc5)c4)c3)c2)cc1
fraggfn_clpp,hub_batching,39,39,43,1,-12.3,c1ccc(-c2cccc(-c3cccc(-c4cccc(-c5ccccc5)c4)c3)c2)cc1,C1=CCC(c2cccc(-c3cccc(-c4cccc(-c5cccc(-c6ccccc6)c5)c4)c3)c2)CC1
fraggfn_clpp,hub_batching,40,40,44,1,-12.3,c1ccc(-c2cccc(-c3cccc(-c4cccc(-c5ccccc5)c4)c3)c2)cc1,NC(=O)c1cccc(-c2cccc(-c3cccc(-c4cccc(-c5ccccc5)c4)c3)c2)c1
fraggfn_clpp,hub_batching,41,41,45,1,-12.2,c1ccc(-c2cccc(-c3cccc(-c4cccc(-c5ccccc5)c4)c3)c2)cc1,CC(=O)Nc1cc(-c2ccccc2)cc(-c2cccc(-c3cccc(-c4ccccc4)c3)c2)c1
fraggfn_clpp,hub_batching,42,42,46,1,-12.2,c1ccc(-c2cccc(-c3cccc(-c4cccc(-c5ccccc5)c4)c3)c2)cc1,O=CNCc1cc(-c2ccccc2)cc(-c2cccc(-c3cccc(-c4ccccc4)c3)c2)c1
fraggfn_clpp,hub_batching,43,43,47,1,-12.2,c1ccc(-c2cccc(-c3cccc(-c4cccc(-c5ccccc5)c4)c3)c2)cc1,Fc1c(-c2ccccc2)cccc1-c1cccc(-c2cccc(-c3ccccc3)c2)c1
fraggfn_clpp,hub_batching,44,44,48,1,-12.2,c1ccc(-c2cccc(-c3cccc(-c4cccc(-c5ccccc5)c4)c3)c2)cc1,O=c1[nH]cnc2c1NC(c1ccc(-c3ccccc3)cc1-c1cccc(-c3cccc(-c4ccccc4)c3)c1)CN2
fraggfn_clpp,hub_batching,45,45,49,1,-12.2,c1ccc(-c2cccc(-c3cccc(-c4cccc(-c5ccccc5)c4)c3)c2)cc1,c1ccc(-c2cccc(-c3cccc(-c4cc(-c5ccccc5)cc(-c5ccc6ccccc6c5)c4)c3)c2)cc1
fraggfn_clpp,hub_batching,46,46,50,1,-12.2,c1ccc(-c2cccc(-c3cccc(-c4cccc(-c5ccccc5)c4)c3)c2)cc1,CC(O)c1cccc(-c2cccc(-c3cccc(-c4cccc(-c5ccccc5)c4)c3)c2)c1
fraggfn_clpp,hub_batching,47,47,51,1,-12.2,c1ccc(-c2cccc(-c3cccc(-c4cccc(-c5ccccc5)c4)c3)c2)cc1,O=[N+]([O-])c1cccc(-c2cccc(-c3cccc(-c4cccc(-c5ccccc5)c4)c3)c2)c1
fraggfn_clpp,hub_batching,48,48,52,1,-12.2,c1ccc(-c2cccc(-c3cccc(-c4cccc(-c5ccccc5)c4)c3)c2)cc1,O=P([O-])(O)c1cccc(-c2cccc(-c3cccc(-c4cccc(-c5ccccc5)c4)c3)c2)c1
fraggfn_clpp,hub_batching,49,49,53,1,-12.1,c1ccc(-c2cccc(-c3cccc(-c4cccc(-c5ccccc5)c4)c3)c2)cc1,c1ccc(-c2cccc(-c3cc(-c4cccc(-c5ccccc5)c4)cc(C4CCCO4)c3)c2)cc1
fraggfn_clpp,hub_batching,50,50,54,1,-12.1,c1ccc(-c2cccc(-c3cccc(-c4cccc(-c5ccccc5)c4)c3)c2)cc1,O=c1[nH]cnc2c1ncn2-c1cc(-c2cccc(-c3ccccc3)c2)cc(-c2cccc(-c3ccccc3)c2)c1
fraggfn_clpp,hub_batching,51,51,55,1,-12.1,c1ccc(-c2cccc(-c3cccc(-c4cccc(-c5ccccc5)c4)c3)c2)cc1,c1ccc(-c2cccc(-c3cccc(-c4cc(-c5ccccc5)ccc4-c4cccs4)c3)c2)cc1
fraggfn_clpp,hub_batching,52,52,56,1,-12.1,c1ccc(-c2cccc(-c3cccc(-c4cccc(-c5ccccc5)c4)c3)c2)cc1,O=CNc1cccc(-c2cccc(-c3cccc(-c4cccc(-c5ccccc5)c4)c3)c2)c1
fraggfn_clpp,hub_batching,53,53,57,1,-12.0,c1ccc(-c2cccc(-c3cccc(-c4cccc(-c5ccccc5)c4)c3)c2)cc1,CC=Cc1cc(-c2cccc(-c3ccccc3)c2)cc(-c2cccc(-c3ccccc3)c2)c1
fraggfn_clpp,hub_batching,54,54,58,1,-12.0,c1ccc(-c2cccc(-c3cccc(-c4cccc(-c5ccccc5)c4)c3)c2)cc1,O=CNCc1ccc(-c2cccc(-c3ccccc3)c2)cc1-c1cccc(-c2ccccc2)c1
fraggfn_clpp,hub_batching,55,55,59,1,-12.0,c1ccc(-c2cccc(-c3cccc(-c4cccc(-c5ccccc5)c4)c3)c2)cc1,c1ccc(-c2cccc(-c3cc(-c4ccc[nH+]c4)cc(-c4cccc(-c5ccccc5)c4)c3)c2)cc1
fraggfn_clpp,hub_batching,56,56,60,1,-12.0,c1ccc(-c2cccc(-c3cccc(-c4cccc(-c5ccccc5)c4)c3)c2)cc1,N#Cc1cccc(-c2cccc(-c3cccc(-c4cccc(-c5ccccc5)c4)c3)c2)c1
fraggfn_clpp,hub_batching,57,57,61,1,-12.0,c1ccc(-c2cccc(-c3cccc(-c4cccc(-c5ccccc5)c4)c3)c2)cc1,c1ccc(-c2cccc(-c3cccc(-c4cccc(-c5cccc(-c6ccccn6)c5)c4)c3)c2)cc1
fraggfn_clpp,hub_batching,58,58,62,1,-11.8,c1ccc(-c2cccc(-c3cccc(-c4cccc(-c5ccccc5)c4)c3)c2)cc1,c1ccc(-c2cccc(-c3cccc(-c4ccc(C5CCCCO5)c(-c5ccccc5)c4)c3)c2)cc1
fraggfn_clpp,hub_batching,59,59,63,1,-11.8,c1ccc(-c2cccc(-c3cccc(-c4cccc(-c5ccccc5)c4)c3)c2)cc1,C[SH+]c1ccc(-c2ccccc2)cc1-c1cccc(-c2cccc(-c3ccccc3)c2)c1
fraggfn_clpp,hub_batching,60,60,64,1,-11.8,c1ccc(-c2cccc(-c3cccc(-c4cccc(-c5ccccc5)c4)c3)c2)cc1,O=[PH]([O-])c1ccc(-c2ccccc2)cc1-c1cccc(-c2cccc(-c3ccccc3)c2)c1
fraggfn_clpp,hub_batching,61,61,65,1,-11.8,c1ccc(-c2cccc(-c3cccc(-c4cccc(-c5ccccc5)c4)c3)c2)cc1,NCc1cccc(-c2cccc(-c3cccc(-c4cccc(-c5ccccc5)c4)c3)c2)c1
fraggfn_clpp,hub_batching,62,62,66,1,-11.8,c1ccc(-c2cccc(-c3cccc(-c4cccc(-c5ccccc5)c4)c3)c2)cc1,c1ccc(-c2cccc(-c3cccc(-c4cccc(-c5ccccc5-c5ccncc5)c4)c3)c2)cc1
fraggfn_clpp,hub_batching,63,63,67,1,-11.8,c1ccc(-c2cccc(-c3cccc(-c4cccc(-c5ccccc5)c4)c3)c2)cc1,c1ccc(-c2cccc(-c3cccc(-c4cccc(-c5cccc(-c6ccn[nH]6)c5)c4)c3)c2)cc1
fraggfn_clpp,hub_batching,64,64,68,1,-11.7,c1ccc(-c2cccc(-c3cccc(-c4cccc(-c5ccccc5)c4)c3)c2)cc1,N#Cc1ccc(-c2ccccc2)cc1-c1cccc(-c2cccc(-c3ccccc3)c2)c1
fraggfn_clpp,hub_batching,65,65,69,1,-11.7,c1ccc(-c2cccc(-c3cccc(-c4cccc(-c5ccccc5)c4)c3)c2)cc1,FC(F)(F)c1cccc(-c2cccc(-c3cccc(-c4cccc(-c5ccccc5)c4)c3)c2)c1
fraggfn_clpp,hub_batching,66,66,70,1,-11.6,c1ccc(-c2cccc(-c3cccc(-c4cccc(-c5ccccc5)c4)c3)c2)cc1,c1ccc(-c2cccc(-c3cc(-c4cccc(-c5ccccc5)c4)cc(-c4cc[nH]n4)c3)c2)cc1
fraggfn_clpp,hub_batching,67,67,71,1,-11.6,c1ccc(-c2cccc(-c3cccc(-c4cccc(-c5ccccc5)c4)c3)c2)cc1,c1ccc(-c2cccc(-c3cccc(-c4ccc(-c5cn[nH]c5)c(-c5ccccc5)c4)c3)c2)cc1
fraggfn_clpp,hub_batching,68,68,72,1,-11.5,c1ccc(-c2cccc(-c3cccc(-c4cccc(-c5ccccc5)c4)c3)c2)cc1,c1ccc(-c2cccc(-c3cc(-c4cccc(-c5ccccc5)c4)cc(-n4cccn4)c3)c2)cc1
fraggfn_clpp,hub_batching,69,69,73,1,-11.5,c1ccc(-c2cccc(-c3cccc(-c4cccc(-c5ccccc5)c4)c3)c2)cc1,CNC(=O)c1ccc(-c2cccc(-c3cccc(-c4ccccc4)c3)c2)cc1-c1ccccc1
fraggfn_clpp,hub_batching,70,70,74,1,-11.5,c1ccc(-c2cccc(-c3cccc(-c4cccc(-c5ccccc5)c4)c3)c2)cc1,O=Cc1ccccc1-c1cccc(-c2cccc(-c3cccc(-c4ccccc4)c3)c2)c1
fraggfn_clpp,hub_batching,71,71,75,1,-11.4,c1ccc(-c2cccc(-c3cccc(-c4cccc(-c5ccccc5)c4)c3)c2)cc1,c1ccc(-c2cccc(-c3cc(-c4cccc(-c5ccccc5)c4)cc(-c4ncccn4)c3)c2)cc1
fraggfn_clpp,hub_batching,72,72,76,1,-11.4,c1ccc(-c2cccc(-c3cccc(-c4cccc(-c5ccccc5)c4)c3)c2)cc1,c1ccc(-c2cccc(-c3cccc(-c4cccc(-c5ccccc5)c4C4CCOC4)c3)c2)cc1
fraggfn_clpp,hub_batching,73,73,77,1,-11.4,c1ccc(-c2cccc(-c3cccc(-c4cccc(-c5ccccc5)c4)c3)c2)cc1,c1ccc(-c2cccc(-c3cccc(-c4cccc(-c5ccccc5N5CCCC5)c4)c3)c2)cc1
fraggfn_clpp,hub_batching,74,74,78,1,-11.4,c1ccc(-c2cccc(-c3cccc(-c4cccc(-c5ccccc5)c4)c3)c2)cc1,c1ccc(-c2cccc(-c3cccc(-c4cccc(-c5ccccc5C5CCNCC5)c4)c3)c2)cc1
fraggfn_clpp,hub_batching,75,75,79,1,-11.3,c1ccc(-c2cccc(-c3cccc(-c4cccc(-c5ccccc5)c4)c3)c2)cc1,C1=CN(c2cc(-c3cccc(-c4ccccc4)c3)cc(-c3cccc(-c4ccccc4)c3)c2)C=CC1
fraggfn_clpp,hub_batching,76,76,80,1,-11.3,c1ccc(-c2cccc(-c3cccc(-c4cccc(-c5ccccc5)c4)c3)c2)cc1,c1ccc(-c2cccc(-c3cccc(-c4cc(-c5ccccc5)ccc4-n4cccn4)c3)c2)cc1
fraggfn_clpp,hub_batching,77,77,81,1,-11.2,c1ccc(-c2cccc(-c3cccc(-c4cccc(-c5ccccc5)c4)c3)c2)cc1,O=[PH]([O-])c1cc(-c2cccc(-c3ccccc3)c2)cc(-c2cccc(-c3ccccc3)c2)c1
fraggfn_clpp,hub_batching,78,78,82,1,-11.1,c1ccc(-c2cccc(-c3cccc(-c4cccc(-c5ccccc5)c4)c3)c2)cc1,C=C(C)c1cc(-c2cccc(-c3ccccc3)c2)cc(-c2cccc(-c3ccccc3)c2)c1
fraggfn_clpp,hub_batching,79,79,83,1,-11.1,c1ccc(-c2cccc(-c3cccc(-c4cccc(-c5ccccc5)c4)c3)c2)cc1,CC(=O)NCc1ccccc1-c1cccc(-c2cccc(-c3cccc(-c4ccccc4)c3)c2)c1
fraggfn_clpp,hub_batching,80,80,84,1,-11.1,c1ccc(-c2cccc(-c3cccc(-c4cccc(-c5ccccc5)c4)c3)c2)cc1,FC(F)(F)c1ccccc1-c1cccc(-c2cccc(-c3cccc(-c4ccccc4)c3)c2)c1
fraggfn_clpp,hub_batching,81,81,85,1,-11.0,c1ccc(-c2cccc(-c3cccc(-c4cccc(-c5ccccc5)c4)c3)c2)cc1,CC=Cc1c(-c2cccc(-c3ccccc3)c2)cccc1-c1cccc(-c2ccccc2)c1
fraggfn_clpp,hub_batching,82,82,86,1,-11.0,c1ccc(-c2cccc(-c3cccc(-c4cccc(-c5ccccc5)c4)c3)c2)cc1,c1ccc(-c2cccc(-c3cccc(-c4ccc(-c5cscn5)c(-c5ccccc5)c4)c3)c2)cc1
fraggfn_clpp,hub_batching,83,83,87,1,-11.0,c1ccc(-c2cccc(-c3cccc(-c4cccc(-c5ccccc5)c4)c3)c2)cc1,c1ccc(-c2cccc(-c3cccc(-c4cccc(-c5cccc(C6CCCN6)c5)c4)c3)c2)cc1
fraggfn_clpp,hub_batching,84,84,88,1,-11.0,c1ccc(-c2cccc(-c3cccc(-c4cccc(-c5ccccc5)c4)c3)c2)cc1,c1ccc(-c2cccc(-c3cccc(-c4cccc(-c5cccc(N6CCNCC6)c5)c4)c3)c2)cc1
fraggfn_clpp,hub_batching,85,85,89,1,-11.0,c1ccc(-c2cccc(-c3cccc(-c4cccc(-c5ccccc5)c4)c3)c2)cc1,O=C(NO)c1ccccc1-c1cccc(-c2cccc(-c3cccc(-c4ccccc4)c3)c2)c1
fraggfn_clpp,hub_batching,86,86,90,1,-10.9,c1ccc(-c2cccc(-c3cccc(-c4cccc(-c5ccccc5)c4)c3)c2)cc1,CC(C)(O)c1ccc(-c2cccc(-c3cccc(-c4ccccc4)c3)c2)cc1-c1ccccc1
fraggfn_clpp,hub_batching,87,87,91,1,-10.8,c1ccc(-c2cccc(-c3cccc(-c4cccc(-c5ccccc5)c4)c3)c2)cc1,NCc1c(-c2cccc(-c3ccccc3)c2)cccc1-c1cccc(-c2ccccc2)c1
fraggfn_clpp,hub_batching,88,88,92,1,-10.8,c1ccc(-c2cccc(-c3cccc(-c4cccc(-c5ccccc5)c4)c3)c2)cc1,CNc1ccccc1-c1cccc(-c2cccc(-c3cccc(-c4ccccc4)c3)c2)c1
fraggfn_clpp,hub_batching,89,89,93,1,-10.8,c1ccc(-c2cccc(-c3cccc(-c4cccc(-c5ccccc5)c4)c3)c2)cc1,O=[PH](O)c1ccccc1-c1cccc(-c2cccc(-c3cccc(-c4ccccc4)c3)c2)c1
fraggfn_clpp,hub_batching,90,90,94,1,-10.7,c1ccc(-c2cccc(-c3cccc(-c4cccc(-c5ccccc5)c4)c3)c2)cc1,CC(C)(O)c1c(-c2cccc(-c3ccccc3)c2)cccc1-c1cccc(-c2ccccc2)c1
fraggfn_clpp,hub_batching,91,91,95,1,-10.6,c1ccc(-c2cccc(-c3cccc(-c4cccc(-c5ccccc5)c4)c3)c2)cc1,O=CNc1c(-c2cccc(-c3ccccc3)c2)cccc1-c1cccc(-c2ccccc2)c1
fraggfn_clpp,hub_batching,92,92,96,1,-10.6,c1ccc(-c2cccc(-c3cccc(-c4cccc(-c5ccccc5)c4)c3)c2)cc1,c1ccc(-c2cccc(-c3cccc(-c4cccc(-c5ccccc5)c4-c4cc[nH]c4)c3)c2)cc1
fraggfn_clpp,hub_batching,93,93,97,1,-10.6,c1ccc(-c2cccc(-c3cccc(-c4cccc(-c5ccccc5)c4)c3)c2)cc1,c1ccc(-c2cccc(-c3cccc(-c4cccc(-c5ccc(C6CCCC6)cc5)c4)c3)c2)cc1
fraggfn_clpp,hub_batching,94,94,98,1,-10.6,c1ccc(-c2cccc(-c3cccc(-c4cccc(-c5ccccc5)c4)c3)c2)cc1,O=[SH](=O)c1cccc(-c2cccc(-c3cccc(-c4cccc(-c5ccccc5)c4)c3)c2)c1
fraggfn_clpp,hub_batching,95,95,99,1,-10.5,c1ccc(-c2cccc(-c3cccc(-c4cccc(-c5ccccc5)c4)c3)c2)cc1,NS(=O)(=O)c1cccc(-c2cccc(-c3cccc(-c4cccc(-c5ccccc5)c4)c3)c2)c1
fraggfn_clpp,hub_batching,96,96,100,1,-10.4,c1ccc(-c2cccc(-c3cccc(-c4cccc(-c5ccccc5)c4)c3)c2)cc1,C1=CN(c2ccc(-c3cccc(-c4cccc(-c5ccccc5)c4)c3)cc2-c2ccccc2)C=CC1
fraggfn_clpp,hub_batching,97,97,101,1,-10.1,c1ccc(-c2cccc(-c3cccc(-c4cccc(-c5ccccc5)c4)c3)c2)cc1,O=S(=O)(O)c1ccccc1-c1cccc(-c2cccc(-c3cccc(-c4ccccc4)c3)c2)c1
fraggfn_clpp,hub_batching,98,98,102,1,-10.1,c1ccc(-c2cccc(-c3cccc(-c4cccc(-c5ccccc5)c4)c3)c2)cc1,c1ccc(-c2cccc(-c3cccc(-c4cccc(-c5cccc(-c6cncnc6)c5)c4)c3)c2)cc1
fraggfn_clpp,hub_batching,99,99,107,5,-13.2,c1ccc(-c2cccc(C3CCCC(c4cccc(C5CCCN5)c4)C3)c2)cc1,c1cc(-c2cccc(C3CCCC(c4cccc(C5CCCN5)c4)C3)c2)cc(C2CCCNC2)c1
fraggfn_clpp,hub_batching,100,100,108,1,-12.9,c1ccc(-c2cccc(C3CCCC(c4cccc(C5CCCN5)c4)C3)c2)cc1,c1ccc(-c2cccc(C3CCC(c4cccc5ccccc45)C(c4cccc(C5CCCN5)c4)C3)c2)cc1
fraggfn_clpp,hub_batching,101,101,109,1,-12.6,c1ccc(-c2cccc(C3CCCC(c4cccc(C5CCCN5)c4)C3)c2)cc1,O=c1[nH]cnc2c1ncn2C1CCC(c2cccc(-c3ccccc3)c2)CC1c1cccc(C2CCCN2)c1
fraggfn_clpp,hub_batching,102,102,110,1,-12.5,c1ccc(-c2cccc(C3CCCC(c4cccc(C5CCCN5)c4)C3)c2)cc1,C1=CC(c2cc(C3CCCC(c4cccc(-c5ccccc5)c4)C3)cc(C3CCCN3)c2)CCC1
fraggfn_clpp,hub_batching,103,103,111,1,-12.3,c1ccc(-c2cccc(C3CCCC(c4cccc(C5CCCN5)c4)C3)c2)cc1,O=c1[nH]c(-c2ccc(C3CCCC(c4cccc(C5CCCN5)c4)C3)cc2-c2ccccc2)nc2[nH]cnc12
fraggfn_clpp,hub_batching,104,104,112,1,-12.3,c1ccc(-c2cccc(C3CCCC(c4cccc(C5CCCN5)c4)C3)c2)cc1,O=c1nc2n(-c3ccc(C4CCCC(c5cccc(C6CCCN6)c5)C4)cc3-c3ccccc3)c3ccccc3nc-2c(=O)[nH]1
fraggfn_clpp,hub_batching,105,105,113,1,-12.1,c1ccc(-c2cccc(C3CCCC(c4cccc(C5CCCN5)c4)C3)c2)cc1,c1ccc(-c2ccc(-c3ccc4ccccc4c3)c(C3CCCC(c4cccc(C5CCCN5)c4)C3)c2)cc1
fraggfn_clpp,hub_batching,106,106,114,1,-11.9,c1ccc(-c2cccc(C3CCCC(c4cccc(C5CCCN5)c4)C3)c2)cc1,C1=CN(N2CCCC2c2cccc(C3CCCC(c4cccc(-c5ccccc5)c4)C3)c2)C=CC1
fraggfn_clpp,hub_batching,107,107,115,1,-11.9,c1ccc(-c2cccc(C3CCCC(c4cccc(C5CCCN5)c4)C3)c2)cc1,O=c1[nH]cnc2c1ncn2-c1ccccc1-c1cccc(C2CCCC(c3cccc(C4CCCN4)c3)C2)c1
fraggfn_clpp,hub_batching,108,108,116,1,-11.8,c1ccc(-c2cccc(C3CCCC(c4cccc(C5CCCN5)c4)C3)c2)cc1,CC(=O)Nc1ccc(C2CCCN2)cc1C1CCCC(c2cccc(-c3ccccc3)c2)C1
fraggfn_clpp,hub_batching,109,109,117,1,-11.8,c1ccc(-c2cccc(C3CCCC(c4cccc(C5CCCN5)c4)C3)c2)cc1,O=c1[nH]c(-c2cc(-c3ccccc3)cc(C3CCCC(c4cccc(C5CCCN5)c4)C3)c2)nc2c1NCCN2
fraggfn_clpp,hub_batching,110,110,118,1,-11.8,c1ccc(-c2cccc(C3CCCC(c4cccc(C5CCCN5)c4)C3)c2)cc1,c1ccc(-c2cc(C3CCCC(c4cccc(C5CCCN5)c4)C3)ccc2-n2cnc3cncnc32)cc1
fraggfn_clpp,hub_batching,111,111,119,1,-11.7,c1ccc(-c2cccc(C3CCCC(c4cccc(C5CCCN5)c4)C3)c2)cc1,NC1CCC(c2cccc(C3CCCC(c4cccc(-c5ccccc5)c4)C3)c2)N1
fraggfn_clpp,hub_batching,112,112,120,1,-11.7,c1ccc(-c2cccc(C3CCCC(c4cccc(C5CCCN5)c4)C3)c2)cc1,C1=CCC(c2ccc(C3CCCC(c4cccc(C5CCCN5)c4)C3)cc2-c2ccccc2)CC1
fraggfn_clpp,hub_batching,113,113,121,1,-11.6,c1ccc(-c2cccc(C3CCCC(c4cccc(C5CCCN5)c4)C3)c2)cc1,O=c1[nH]cc(-c2ccc(C3CCCC(c4cccc(-c5ccccc5)c4)C3)cc2C2CCCN2)c(=O)[nH]1
fraggfn_clpp,hub_batching,114,114,122,1,-11.5,c1ccc(-c2cccc(C3CCCC(c4cccc(C5CCCN5)c4)C3)c2)cc1,O=c1[nH]cnc2c1NC(C1CC(c3cccc(-c4ccccc4)c3)CC(c3cccc(C4CCCN4)c3)C1)CN2
fraggfn_clpp,hub_batching,115,115,123,1,-11.3,c1ccc(-c2cccc(C3CCCC(c4cccc(C5CCCN5)c4)C3)c2)cc1,O=c1nc2[nH]c3cc(-c4ccc(C5CCCN5)cc4C4CCCC(c5cccc(-c6ccccc6)c5)C4)ccc3nc-2c(=O)[nH]1
fraggfn_clpp,hub_batching,116,116,124,1,-11.1,c1ccc(-c2cccc(C3CCCC(c4cccc(C5CCCN5)c4)C3)c2)cc1,c1ccc(-c2cccc(C3CC(c4cccc(C5CCCN5)c4)CC(c4c[nH]c5ccccc45)C3)c2)cc1
fraggfn_clpp,hub_batching,117,117,125,1,-11.1,c1ccc(-c2cccc(C3CCCC(c4cccc(C5CCCN5)c4)C3)c2)cc1,c1ccc(-c2cccc(C3CCCC(c4cccc(C5NCCC5c5ccc[nH+]c5)c4)C3)c2)cc1
fraggfn_clpp,hub_batching,118,118,126,1,-11.0,c1ccc(-c2cccc(C3CCCC(c4cccc(C5CCCN5)c4)C3)c2)cc1,c1ccc(-c2cccc(C3CCCC(c4cccc(C5CCCN5)c4)C3C3CCCCO3)c2)cc1
fraggfn_clpp,hub_batching,119,119,127,1,-11.0,c1ccc(-c2cccc(C3CCCC(c4cccc(C5CCCN5)c4)C3)c2)cc1,c1ccc(-c2cccc(C3CCCC(c4cccc(C5CCCN5c5ncnc6[nH]cnc56)c4)C3)c2)cc1
fraggfn_clpp,hub_batching,120,120,128,1,-11.0,c1ccc(-c2cccc(C3CCCC(c4cccc(C5CCCN5)c4)C3)c2)cc1,c1ccc(-c2cc(C3CCCC(c4cccc(C5CCCN5)c4)C3)cc(N3CCCCC3)c2)cc1
fraggfn_clpp,hub_batching,121,121,129,1,-10.8,c1ccc(-c2cccc(C3CCCC(c4cccc(C5CCCN5)c4)C3)c2)cc1,O=c1[nH]c(N2CCCC2c2cccc(C3CCCC(c4cccc(-c5ccccc5)c4)C3)c2)nc2c1NCCN2
fraggfn_clpp,hub_batching,122,122,130,1,-10.7,c1ccc(-c2cccc(C3CCCC(c4cccc(C5CCCN5)c4)C3)c2)cc1,C1=CNC=C(c2c(C3CCCC(c4cccc(-c5ccccc5)c4)C3)cccc2C2CCCN2)C1
fraggfn_clpp,hub_batching,123,123,131,1,-10.4,c1ccc(-c2cccc(C3CCCC(c4cccc(C5CCCN5)c4)C3)c2)cc1,c1ccc(-c2cccc(C3CC(c4cccc(C5CCCN5)c4)CCC3C3CCOC3)c2)cc1
fraggfn_clpp,hub_batching,124,124,132,1,-10.4,c1ccc(-c2cccc(C3CCCC(c4cccc(C5CCCN5)c4)C3)c2)cc1,O=c1nc2n(N3CCCC3c3cccc(C4CCCC(c5cccc(-c6ccccc6)c5)C4)c3)c3ccccc3nc-2c(=O)[nH]1
fraggfn_clpp,hub_batching,125,125,133,1,-10.3,c1ccc(-c2cccc(C3CCCC(c4cccc(C5CCCN5)c4)C3)c2)cc1,O=c1[nH]cnc2c1NC(N1CCCC1c1cccc(C3CCCC(c4cccc(-c5ccccc5)c4)C3)c1)CN2
fraggfn_clpp,hub_batching,126,126,134,1,-10.1,c1ccc(-c2cccc(C3CCCC(c4cccc(C5CCCN5)c4)C3)c2)cc1,O=c1nc2[nH]c3ccc(C4C(c5cccc(-c6ccccc6)c5)CCCC4c4cccc(C5CCCN5)c4)cc3nc-2c(=O)[nH]1
fraggfn_clpp,hub_batching,127,127,135,1,-10.1,c1ccc(-c2cccc(C3CCCC(c4cccc(C5CCCN5)c4)C3)c2)cc1,c1ccc(-c2cccc(C3CC(c4cccc(C5CCCN5)c4)CC(n4cnc5cncnc54)C3)c2)cc1
fraggfn_clpp,hub_batching,128,128,136,1,-9.7,c1ccc(-c2cccc(C3CCCC(c4cccc(C5CCCN5)c4)C3)c2)cc1,c1ccc(-c2cccc(C3CCCC(c4cccc(C5CCCN5)c4)C3)c2-c2cn[nH]c2)cc1
fraggfn_clpp,hub_batching,129,129,137,1,-9.3,c1ccc(-c2cccc(C3CCCC(c4cccc(C5CCCN5)c4)C3)c2)cc1,c1ccc(-c2cccc(C3CCCC(c4cccc(C5CCCN5)c4)C3c3ncnc4[nH]cnc34)c2)cc1
fraggfn_clpp,hub_batching,130,130,138,1,-9.1,c1ccc(-c2cccc(C3CCCC(c4cccc(C5CCCN5)c4)C3)c2)cc1,O=c1nc2n(C3C(c4cccc(-c5ccccc5)c4)CCCC3c3cccc(C4CCCN4)c3)c3ccccc3nc-2c(=O)[nH]1
fraggfn_clpp,hub_batching,131,131,139,1,-8.8,c1ccc(-c2cccc(C3CCCC(c4cccc(C5CCCN5)c4)C3)c2)cc1,O=c1nc2[nH]c3ccc(N4CCCC4c4cccc(C5CCCC(c6cccc(-c7ccccc7)c6)C5)c4)cc3nc-2c(=O)[nH]1
fraggfn_clpp,hub_batching,132,132,140,1,-8.8,c1ccc(-c2cccc(C3CCCC(c4cccc(C5CCCN5)c4)C3)c2)cc1,c1cc(-c2ccccc2-c2c[nH]c3ccccc23)cc(C2CCCC(c3cccc(C4CCCN4)c3)C2)c1
fraggfn_clpp,hub_batching,133,133,145,5,-13.2,c1ccc(-c2cccc(-c3cccc(-c4cc(-c5ccccn5)ccn4)c3)c2)cc1,CC=Cc1cccc(-c2cccc(-c3cccc(-c4cc(-c5ccccn5)ccn4)c3)c2)c1
fraggfn_clpp,hub_batching,134,134,146,1,-13.0,c1ccc(-c2cccc(-c3cccc(-c4cc(-c5ccccn5)ccn4)c3)c2)cc1,O=c1[nH]c(-c2cc(-c3ccccn3)cc(-c3cccc(-c4cccc(-c5ccccc5)c4)c3)n2)nc2c1NCCN2
fraggfn_clpp,hub_batching,135,135,147,1,-13.0,c1ccc(-c2cccc(-c3cccc(-c4cc(-c5ccccn5)ccn4)c3)c2)cc1,c1ccc(-c2cccc(-c3cccc(-c4cc(-c5ccccn5)cc(-c5c[nH]c6ccccc56)n4)c3)c2)cc1
fraggfn_clpp,hub_batching,136,136,148,1,-12.6,c1ccc(-c2cccc(-c3cccc(-c4cc(-c5ccccn5)ccn4)c3)c2)cc1,c1ccc(-c2cccc(-c3cccc(-c4cc(-c5ccccn5)cc(-n5cnc6cncnc65)n4)c3)c2)cc1
fraggfn_clpp,hub_batching,137,137,149,1,-12.6,c1ccc(-c2cccc(-c3cccc(-c4cc(-c5ccccn5)ccn4)c3)c2)cc1,Cc1ccc(-c2ccnc(-c3cccc(-c4cccc(-c5ccccc5)c4)c3)c2)nc1
fraggfn_clpp,hub_batching,138,138,150,1,-12.5,c1ccc(-c2cccc(-c3cccc(-c4cc(-c5ccccn5)ccn4)c3)c2)cc1,c1ccc(-c2cccc(-c3ccc(C4CCCNC4)c(-c4cc(-c5ccccn5)ccn4)c3)c2)cc1
fraggfn_clpp,hub_batching,139,139,151,1,-12.5,c1ccc(-c2cccc(-c3cccc(-c4cc(-c5ccccn5)ccn4)c3)c2)cc1,O=c1ncccn1-c1ccc(-c2cccc(-c3ccccc3)c2)cc1-c1cc(-c2ccccn2)ccn1
fraggfn_clpp,hub_batching,140,140,152,1,-12.2,c1ccc(-c2cccc(-c3cccc(-c4cc(-c5ccccn5)ccn4)c3)c2)cc1,c1ccc(-c2cccc(-c3ccc(-c4ccc5ccccc5c4)c(-c4cc(-c5ccccn5)ccn4)c3)c2)cc1
fraggfn_clpp,hub_batching,141,141,153,1,-12.1,c1ccc(-c2cccc(-c3cccc(-c4cc(-c5ccccn5)ccn4)c3)c2)cc1,c1ccc(-c2cccc(-c3cc(-c4cc(-c5ccccn5)ccn4)cc(C4CCCCC4)c3)c2)cc1
fraggfn_clpp,hub_batching,142,142,154,1,-12.1,c1ccc(-c2cccc(-c3cccc(-c4cc(-c5ccccn5)ccn4)c3)c2)cc1,c1ccc(-c2cccc(-c3cccc(-c4cc(-c5ccccn5)c(C5CCCCO5)cn4)c3)c2)cc1
fraggfn_clpp,hub_batching,143,143,155,1,-12.0,c1ccc(-c2cccc(-c3cccc(-c4cc(-c5ccccn5)ccn4)c3)c2)cc1,c1ccc(-c2cccc(-c3cccc(-c4cc(-c5ccccn5)cc(-c5ncnc6[nH]cnc56)n4)c3)c2)cc1
fraggfn_clpp,hub_batching,144,144,156,1,-12.0,c1ccc(-c2cccc(-c3cccc(-c4cc(-c5ccccn5)ccn4)c3)c2)cc1,O=c1nc2n(-c3ccc(-c4ccccc4)cc3-c3cccc(-c4cc(-c5ccccn5)ccn4)c3)c3ccccc3nc-2c(=O)[nH]1
fraggfn_clpp,hub_batching,145,145,157,1,-11.9,c1ccc(-c2cccc(-c3cccc(-c4cc(-c5ccccn5)ccn4)c3)c2)cc1,O=c1[nH]cnc2c1NC(c1cc(-c3ccccc3)cc(-c3cccc(-c4cc(-c5ccccn5)ccn4)c3)c1)CN2
fraggfn_clpp,hub_batching,146,146,158,1,-11.7,c1ccc(-c2cccc(-c3cccc(-c4cc(-c5ccccn5)ccn4)c3)c2)cc1,O=c1nc2[nH]c3ccc(-c4cc(-c5cccc(-c6ccccc6)c5)cc(-c5cc(-c6ccccn6)ccn5)c4)cc3nc-2c(=O)[nH]1
fraggfn_clpp,hub_batching,147,147,159,1,-11.7,c1ccc(-c2cccc(-c3cccc(-c4cc(-c5ccccn5)ccn4)c3)c2)cc1,c1ccc(-c2cccc(-c3cccc(-c4cc(-c5ccccn5)c([NH+]5CCOCC5)cn4)c3)c2)cc1
fraggfn_clpp,hub_batching,148,148,160,1,-11.7,c1ccc(-c2cccc(-c3cccc(-c4cc(-c5ccccn5)ccn4)c3)c2)cc1,O=c1[nH]cnc2c1ncn2-c1ccc(-c2ccccc2)cc1-c1cccc(-c2cc(-c3ccccn3)ccn2)c1
fraggfn_clpp,hub_batching,149,149,161,1,-11.6,c1ccc(-c2cccc(-c3cccc(-c4cc(-c5ccccn5)ccn4)c3)c2)cc1,C1=CCC(c2ccc(-c3cc(-c4ccccn4)ccn3)cc2-c2cccc(-c3ccccc3)c2)CC1
fraggfn_clpp,hub_batching,150,150,162,1,-11.6,c1ccc(-c2cccc(-c3cccc(-c4cc(-c5ccccn5)ccn4)c3)c2)cc1,c1ccc(-c2cc(-c3cccc(-c4cc(-c5ccccn5)ccn4)c3)cc([NH+]3CCOCC3)c2)cc1
fraggfn_clpp,hub_batching,151,151,163,1,-11.5,c1ccc(-c2cccc(-c3cccc(-c4cc(-c5ccccn5)ccn4)c3)c2)cc1,O=c1[nH]c(-c2ccc(-c3ccccc3)cc2-c2cccc(-c3cc(-c4ccccn4)ccn3)c2)nc2[nH]cnc12
fraggfn_clpp,hub_batching,152,152,164,1,-11.3,c1ccc(-c2cccc(-c3cccc(-c4cc(-c5ccccn5)ccn4)c3)c2)cc1,O=CNCc1cccc(-c2ccnc(-c3cccc(-c4cccc(-c5ccccc5)c4)c3)c2)n1
fraggfn_clpp,hub_batching,153,153,165,1,-11.3,c1ccc(-c2cccc(-c3cccc(-c4cc(-c5ccccn5)ccn4)c3)c2)cc1,O=c1ccn(-c2cccnc2-c2ccnc(-c3cccc(-c4cccc(-c5ccccc5)c4)c3)c2)c(=O)[nH]1
fraggfn_clpp,hub_batching,154,154,166,1,-11.2,c1ccc(-c2cccc(-c3cccc(-c4cc(-c5ccccn5)ccn4)c3)c2)cc1,c1ccc(-c2cccc(-c3cccc(-c4cc(-c5ccccn5)c(N5CCNCC5)cn4)c3)c2)cc1
fraggfn_clpp,hub_batching,155,155,167,1,-11.2,c1ccc(-c2cccc(-c3cccc(-c4cc(-c5ccccn5)ccn4)c3)c2)cc1,C1=CC(c2ccnc(-c3ccnc(-c4cccc(-c5cccc(-c6ccccc6)c5)c4)c3)c2)CCC1
fraggfn_clpp,hub_batching,156,156,168,1,-11.1,c1ccc(-c2cccc(-c3cccc(-c4cc(-c5ccccn5)ccn4)c3)c2)cc1,c1ccc(-c2cccc(-c3cccc(-c4cc(-c5ncccc5-c5ccncn5)ccn4)c3)c2)cc1
fraggfn_clpp,hub_batching,157,157,169,1,-11.1,c1ccc(-c2cccc(-c3cccc(-c4cc(-c5ccccn5)ccn4)c3)c2)cc1,O=CNc1ccc(-c2ccccc2)cc1-c1cccc(-c2cc(-c3ccccn3)ccn2)c1
fraggfn_clpp,hub_batching,158,158,170,1,-10.9,c1ccc(-c2cccc(-c3cccc(-c4cc(-c5ccccn5)ccn4)c3)c2)cc1,C1=CNC=C(c2cccc(-c3ccnc(-c4cccc(-c5cccc(-c6ccccc6)c5)c4)c3)n2)C1
fraggfn_clpp,hub_batching,159,159,171,1,-10.9,c1ccc(-c2cccc(-c3cccc(-c4cc(-c5ccccn5)ccn4)c3)c2)cc1,c1ccc(-c2cccc(-c3cccc(-c4cc(-c5ncccc5C5CCCOC5)ccn4)c3)c2)cc1
fraggfn_clpp,hub_batching,160,160,172,1,-10.8,c1ccc(-c2cccc(-c3cccc(-c4cc(-c5ccccn5)ccn4)c3)c2)cc1,c1ccc(-c2cc(-c3cccc(-c4cc(-c5ccccn5)ccn4)c3)ccc2C2CCCN2)cc1
fraggfn_clpp,hub_batching,161,161,173,1,-10.7,c1ccc(-c2cccc(-c3cccc(-c4cc(-c5ccccn5)ccn4)c3)c2)cc1,c1ccc(-c2cccc(-c3cccc(-c4nccc(-c5ccccn5)c4C4CC4)c3)c2)cc1
fraggfn_clpp,hub_batching,162,162,174,1,-10.7,c1ccc(-c2cccc(-c3cccc(-c4cc(-c5ccccn5)ccn4)c3)c2)cc1,c1ccc(-c2ccnc(-c3cccc(-c4cccc(-c5cccc(C6CCCO6)c5)c4)c3)c2)nc1
fraggfn_clpp,hub_batching,163,163,175,1,-10.6,c1ccc(-c2cccc(-c3cccc(-c4cc(-c5ccccn5)ccn4)c3)c2)cc1,FC(F)(F)c1c(-c2cccc(-c3ccccc3)c2)cccc1-c1cc(-c2ccccn2)ccn1
fraggfn_clpp,hub_batching,164,164,176,1,-10.5,c1ccc(-c2cccc(-c3cccc(-c4cc(-c5ccccn5)ccn4)c3)c2)cc1,O=c1nc(-c2c(-c3ccccn3)ccnc2-c2cccc(-c3cccc(-c4ccccc4)c3)c2)cc[nH]1
fraggfn_clpp,hub_batching,165,165,177,1,-10.3,c1ccc(-c2cccc(-c3cccc(-c4cc(-c5ccccn5)ccn4)c3)c2)cc1,CC(=O)NCc1c(-c2ccccn2)ccnc1-c1cccc(-c2cccc(-c3ccccc3)c2)c1
fraggfn_clpp,hub_batching,166,166,178,1,-10.2,c1ccc(-c2cccc(-c3cccc(-c4cc(-c5ccccn5)ccn4)c3)c2)cc1,O=CNCc1ccccc1-c1cccc(-c2cccc(-c3cc(-c4ccccn4)ccn3)c2)c1
fraggfn_clpp,hub_batching,167,167,179,1,-10.1,c1ccc(-c2cccc(-c3cccc(-c4cc(-c5ccccn5)ccn4)c3)c2)cc1,c1ccc(-c2cccc(-c3cccc(-c4cc(-c5ccccn5)c(-c5cccc6ccccc56)cn4)c3)c2)cc1
fraggfn_clpp,hub_batching,168,168,180,1,-10.0,c1ccc(-c2cccc(-c3cccc(-c4cc(-c5ccccn5)ccn4)c3)c2)cc1,O=c1[nH]cnc2c1ncn2-c1c(-c2ccccn2)ccnc1-c1cccc(-c2cccc(-c3ccccc3)c2)c1
fraggfn_clpp,hub_batching,169,169,181,1,-9.8,c1ccc(-c2cccc(-c3cccc(-c4cc(-c5ccccn5)ccn4)c3)c2)cc1,c1ccc(-c2cccc(-c3cccc(-c4cc(-c5ccccn5)ccn4)c3)c2C2CC2)cc1
fraggfn_clpp,hub_batching,170,170,182,1,-9.4,c1ccc(-c2cccc(-c3cccc(-c4cc(-c5ccccn5)ccn4)c3)c2)cc1,C1=CN(c2ccccc2-c2cccc(-c3cccc(-c4cc(-c5ccccn5)ccn4)c3)c2)C=CC1
fraggfn_clpp,hub_batching,171,171,183,1,-9.4,c1ccc(-c2cccc(-c3cccc(-c4cc(-c5ccccn5)ccn4)c3)c2)cc1,c1ccc(-c2ccnc(-c3cccc(-c4cccc(-c5ccccc5C5CCNC5)c4)c3)c2)nc1
fraggfn_clpp,hub_batching,172,172,184,1,-9.3,c1ccc(-c2cccc(-c3cccc(-c4cc(-c5ccccn5)ccn4)c3)c2)cc1,O=CNCc1cnc(-c2cccc(-c3cccc(-c4ccccc4)c3)c2)cc1-c1ccccn1
fraggfn_clpp,hub_batching,173,173,185,1,-8.6,c1ccc(-c2cccc(-c3cccc(-c4cc(-c5ccccn5)ccn4)c3)c2)cc1,c1ccc(-c2cccc(-c3cccc(-c4cc(-c5ccccn5)ccn4)c3)c2-n2cnc3cncnc32)cc1
fraggfn_clpp,hub_batching,174,174,186,1,-8.4,c1ccc(-c2cccc(-c3cccc(-c4cc(-c5ccccn5)ccn4)c3)c2)cc1,O=c1[nH]c(-c2c(-c3ccccc3)cccc2-c2cccc(-c3cc(-c4ccccn4)ccn3)c2)nc2c1NCCN2
fraggfn_clpp,hub_batching,175,175,191,5,-13.2,C=C(C)C1CCCC(c2cccc(C3C=C(c4ccccc4)CCC3)c2)C1,C=C(C)C1CCCC(c2ccc(-n3c4nc(=O)[nH]c(=O)c-4nc4ccccc43)c(C3C=C(c4ccccc4)CCC3)c2)C1
fraggfn_clpp,hub_batching,176,176,192,1,-12.8,C=C(C)C1CCCC(c2cccc(C3C=C(c4ccccc4)CCC3)c2)C1,C=C(C)C1CCCC(c2ccc(-c3nc4[nH]cnc4c(=O)[nH]3)c(C3C=C(c4ccccc4)CCC3)c2)C1
fraggfn_clpp,hub_batching,177,177,193,1,-12.7,C=C(C)C1CCCC(c2cccc(C3C=C(c4ccccc4)CCC3)c2)C1,C=C(C)C1CCCC(c2cccc(C3C=C(c4ccc(C(F)(F)F)cc4)CCC3)c2)C1
fraggfn_clpp,hub_batching,178,178,194,1,-12.4,C=C(C)C1CCCC(c2cccc(C3C=C(c4ccccc4)CCC3)c2)C1,C=C(C)C1CCCC(c2ccc(C3C=CCCC3)c(C3C=C(c4ccccc4)CCC3)c2)C1
fraggfn_clpp,hub_batching,179,179,195,1,-12.3,C=C(C)C1CCCC(c2cccc(C3C=C(c4ccccc4)CCC3)c2)C1,C=C(C)C1CCCC(c2cccc(C3C=C(c4ccccc4)CCC3N3C=CCC=C3)c2)C1
fraggfn_clpp,hub_batching,180,180,196,1,-12.2,C=C(C)C1CCCC(c2cccc(C3C=C(c4ccccc4)CCC3)c2)C1,C=C(C)C1CCCC(c2cc(C3C=C(c4ccccc4)CCC3)ccc2-n2cnc3c(=O)[nH]cnc32)C1
fraggfn_clpp,hub_batching,181,181,197,1,-12.1,C=C(C)C1CCCC(c2cccc(C3C=C(c4ccccc4)CCC3)c2)C1,C=C(C)C1CC(c2cccc(C3C=C(c4ccccc4)CCC3)c2)CC(C2CCNC2)C1
fraggfn_clpp,hub_batching,182,182,198,1,-12.0,C=C(C)C1CCCC(c2cccc(C3C=C(c4ccccc4)CCC3)c2)C1,C=C(C)C1CCCC(c2cc(C3C=C(c4ccccc4)CCC3)ccc2-c2cccc3ccccc23)C1
fraggfn_clpp,hub_batching,183,183,199,1,-11.8,C=C(C)C1CCCC(c2cccc(C3C=C(c4ccccc4)CCC3)c2)C1,C=C(C)C1CCCC(c2cccc(C3C=C(c4ccccc4)CCC3)c2)C1c1nc2c(c(=O)[nH]1)NCCN2
fraggfn_clpp,hub_batching,184,184,200,1,-11.7,C=C(C)C1CCCC(c2cccc(C3C=C(c4ccccc4)CCC3)c2)C1,CC(=CC1=CCCCC1)C1CCCC(c2cccc(C3C=C(c4ccccc4)CCC3)c2)C1
fraggfn_clpp,hub_batching,185,185,201,1,-11.6,C=C(C)C1CCCC(c2cccc(C3C=C(c4ccccc4)CCC3)c2)C1,C=C(C)C1CCCC(c2cccc(C3C=C(c4ccccc4C4CNc5nc[nH]c(=O)c5N4)CCC3)c2)C1
fraggfn_clpp,hub_batching,186,186,202,1,-11.5,C=C(C)C1CCCC(c2cccc(C3C=C(c4ccccc4)CCC3)c2)C1,C=C(C)C1CCC(c2ncccn2)C(c2cccc(C3C=C(c4ccccc4)CCC3)c2)C1
fraggfn_clpp,hub_batching,187,187,203,1,-11.3,C=C(C)C1CCCC(c2cccc(C3C=C(c4ccccc4)CCC3)c2)C1,C=C(C)C1CCCC(c2cc(C(=O)NO)cc(C3C=C(c4ccccc4)CCC3)c2)C1
fraggfn_clpp,hub_batching,188,188,204,1,-11.1,C=C(C)C1CCCC(c2cccc(C3C=C(c4ccccc4)CCC3)c2)C1,C=C(C)C1CCCC(c2cccc(C3C=C(c4ccccc4)CCC3c3ccc4nc5c(=O)[nH]c(=O)nc-5[nH]c4c3)c2)C1
fraggfn_clpp,hub_batching,189,189,205,1,-11.1,C=C(C)C1CCCC(c2cccc(C3C=C(c4ccccc4)CCC3)c2)C1,C=C(C)C1CCCC(c2cccc(C3C=C(c4ccccc4)CCC3)c2)C1C1CCCO1
fraggfn_clpp,hub_batching,190,190,206,1,-11.1,C=C(C)C1CCCC(c2cccc(C3C=C(c4ccccc4)CCC3)c2)C1,C=C(C)C1CC(c2cccc(C3C=C(c4ccccc4)CCC3)c2)CCC1P(=O)([O-])O
fraggfn_clpp,hub_batching,191,191,207,1,-11.0,C=C(C)C1CCCC(c2cccc(C3C=C(c4ccccc4)CCC3)c2)C1,C=C(C)C1CCCC(c2cccc(C3C=C(c4ccccc4-c4ccc5[nH]c6nc(=O)[nH]c(=O)c-6nc5c4)CCC3)c2)C1
fraggfn_clpp,hub_batching,192,192,208,1,-11.0,C=C(C)C1CCCC(c2cccc(C3C=C(c4ccccc4)CCC3)c2)C1,C=C(C)C1CCCC(c2cccc(C3C=C(c4ccccc4)CCC3)c2)C1n1cnc2c(=O)[nH]cnc21
fraggfn_clpp,hub_batching,193,193,209,1,-10.7,C=C(C)C1CCCC(c2cccc(C3C=C(c4ccccc4)CCC3)c2)C1,C=C(C)C1CCCC(c2cccc(C3C=C(c4ccccc4)CCC3C3CNc4nc[nH]c(=O)c4N3)c2)C1
fraggfn_clpp,hub_batching,194,194,210,1,-10.0,C=C(C)C1CCCC(c2cccc(C3C=C(c4ccccc4)CCC3)c2)C1,C=C(C)C1CCCC(c2cccc(C3C=C(c4ccccc4)CCC3)c2NC=O)C1
fraggfn_clpp,hub_batching,195,195,211,1,-9.8,C=C(C)C1CCCC(c2cccc(C3C=C(c4ccccc4)CCC3)c2)C1,C=C(C)C1CCCC(c2cccc(C3C=C(c4ccccc4-n4cnc5cncnc54)CCC3)c2)C1
fraggfn_clpp,hub_batching,196,196,212,1,-9.7,C=C(C)C1CCCC(c2cccc(C3C=C(c4ccccc4)CCC3)c2)C1,C=C(C)C1CC(c2cccc(C3C=C(c4ccccc4)CCC3)c2)CCC1n1c2nc(=O)[nH]c(=O)c-2nc2ccccc21
fraggfn_clpp,hub_batching,197,197,213,1,-8.6,C=C(C)C1CCCC(c2cccc(C3C=C(c4ccccc4)CCC3)c2)C1,C=C(C)C1CCCC(c2cccc(C3C=C(c4ccccc4)CCC3)c2-c2nc3c(c(=O)[nH]2)NCCN3)C1
fraggfn_clpp,hub_batching,198,198,218,5,-12.6,c1ccc(-c2cccc(-c3cc(-c4ccccc4)ccc3N3CCCC3)c2)cc1,c1ccc(-c2cc(-c3cc(-c4ccccc4)ccc3N3CCCC3)cc(-c3cccc4ccccc34)c2)cc1
fraggfn_clpp,hub_batching,199,199,219,1,-12.5,c1ccc(-c2cccc(-c3cc(-c4ccccc4)ccc3N3CCCC3)c2)cc1,O=c1nc2n(C3CCN(c4ccc(-c5ccccc5)cc4-c4cccc(-c5ccccc5)c4)C3)c3ccccc3nc-2c(=O)[nH]1
fraggfn_clpp,hub_batching,200,200,220,1,-12.4,c1ccc(-c2cccc(-c3cc(-c4ccccc4)ccc3N3CCCC3)c2)cc1,c1ccc(-c2cccc(-c3cc(-c4ccccc4)ccc3N3CCCC3c3cccc4ccccc34)c2)cc1
fraggfn_clpp,hub_batching,201,201,221,1,-12.3,c1ccc(-c2cccc(-c3cc(-c4ccccc4)ccc3N3CCCC3)c2)cc1,O=c1[nH]c(-c2cc(-c3ccccc3)cc(-c3cc(-c4ccccc4)ccc3N3CCCC3)c2)nc2c1NCCN2
fraggfn_clpp,hub_batching,202,202,222,1,-12.0,c1ccc(-c2cccc(-c3cc(-c4ccccc4)ccc3N3CCCC3)c2)cc1,C1=CC(c2cc(-c3ccccc3)cc(-c3cc(-c4ccccc4)ccc3N3CCCC3)c2)CCC1
fraggfn_clpp,hub_batching,203,203,223,1,-12.0,c1ccc(-c2cccc(-c3cc(-c4ccccc4)ccc3N3CCCC3)c2)cc1,O=c1[nH]c(C2CCN(c3ccc(-c4ccccc4)cc3-c3cccc(-c4ccccc4)c3)C2)nc2c1NCCN2
fraggfn_clpp,hub_batching,204,204,224,1,-11.9,c1ccc(-c2cccc(-c3cc(-c4ccccc4)ccc3N3CCCC3)c2)cc1,c1ccc(-c2cc(-c3cc(-c4ccccc4)ccc3N3CCCC3)cc(-c3ncnc4[nH]cnc34)c2)cc1
fraggfn_clpp,hub_batching,205,205,225,1,-11.8,c1ccc(-c2cccc(-c3cc(-c4ccccc4)ccc3N3CCCC3)c2)cc1,O=c1ccn(-c2cc(-c3ccccc3)cc(-c3cc(-c4ccccc4)ccc3N3CCCC3)c2)c(=O)[nH]1
fraggfn_clpp,hub_batching,206,206,226,1,-11.8,c1ccc(-c2cccc(-c3cc(-c4ccccc4)ccc3N3CCCC3)c2)cc1,C1=CCC(C2CCCN2c2ccc(-c3ccccc3)cc2-c2cccc(-c3ccccc3)c2)CC1
fraggfn_clpp,hub_batching,207,207,227,1,-11.8,c1ccc(-c2cccc(-c3cc(-c4ccccc4)ccc3N3CCCC3)c2)cc1,O=c1[nH]cnc2c1ncn2C1CCN(c2ccc(-c3ccccc3)cc2-c2cccc(-c3ccccc3)c2)C1
fraggfn_clpp,hub_batching,208,208,228,1,-11.7,c1ccc(-c2cccc(-c3cc(-c4ccccc4)ccc3N3CCCC3)c2)cc1,O=c1ccn(C2CCCN2c2ccc(-c3ccccc3)cc2-c2cccc(-c3ccccc3)c2)c(=O)[nH]1
fraggfn_clpp,hub_batching,209,209,229,1,-11.6,c1ccc(-c2cccc(-c3cc(-c4ccccc4)ccc3N3CCCC3)c2)cc1,O=c1[nH]c(-c2ccc(-c3ccccc3)cc2-c2cc(-c3ccccc3)ccc2N2CCCC2)nc2[nH]cnc12
fraggfn_clpp,hub_batching,210,210,230,1,-11.6,c1ccc(-c2cccc(-c3cc(-c4ccccc4)ccc3N3CCCC3)c2)cc1,C1=CNC=C(C2CCN(c3ccc(-c4ccccc4)cc3-c3cccc(-c4ccccc4)c3)C2)C1
fraggfn_clpp,hub_batching,211,211,231,1,-11.6,c1ccc(-c2cccc(-c3cc(-c4ccccc4)ccc3N3CCCC3)c2)cc1,c1ccc(-c2cccc(-c3cc(-c4ccccc4)ccc3N3CCC(C4CCCNC4)C3)c2)cc1
fraggfn_clpp,hub_batching,212,212,232,1,-11.4,c1ccc(-c2cccc(-c3cc(-c4ccccc4)ccc3N3CCCC3)c2)cc1,c1ccc(-c2ccc(-c3ccc4ccccc4c3)c(-c3cc(-c4ccccc4)ccc3N3CCCC3)c2)cc1
fraggfn_clpp,hub_batching,213,213,233,1,-11.4,c1ccc(-c2cccc(-c3cc(-c4ccccc4)ccc3N3CCCC3)c2)cc1,c1ccc(-c2cccc(-c3cc(-c4ccccc4)cc(-c4c[nH]c5ccccc45)c3N3CCCC3)c2)cc1
fraggfn_clpp,hub_batching,214,214,234,1,-11.4,c1ccc(-c2cccc(-c3cc(-c4ccccc4)ccc3N3CCCC3)c2)cc1,c1ccc(-c2cccc(-c3cc(-c4ccccc4)ccc3N3CCCC3[NH+]3CCOCC3)c2)cc1
fraggfn_clpp,hub_batching,215,215,235,1,-11.4,c1ccc(-c2cccc(-c3cc(-c4ccccc4)ccc3N3CCCC3)c2)cc1,c1ccc(-c2cccc(-c3cc(-c4ccccc4)ccc3N3CCCC3c3ncnc4[nH]cnc34)c2)cc1
fraggfn_clpp,hub_batching,216,216,236,1,-11.3,c1ccc(-c2cccc(-c3cc(-c4ccccc4)ccc3N3CCCC3)c2)cc1,c1ccc(-c2ccc(-c3c[nH]c4ccccc34)c(-c3cc(-c4ccccc4)ccc3N3CCCC3)c2)cc1
fraggfn_clpp,hub_batching,217,217,237,1,-11.3,c1ccc(-c2cccc(-c3cc(-c4ccccc4)ccc3N3CCCC3)c2)cc1,O=c1ncccn1-c1cccc(-c2ccc(N3CCCC3)c(-c3cccc(-c4ccccc4)c3)c2)c1
fraggfn_clpp,hub_batching,218,218,238,1,-11.2,c1ccc(-c2cccc(-c3cc(-c4ccccc4)ccc3N3CCCC3)c2)cc1,c1ccc(-c2ccc(C3CCCNC3)c(-c3cc(-c4ccccc4)ccc3N3CCCC3)c2)cc1
fraggfn_clpp,hub_batching,219,219,239,1,-11.2,c1ccc(-c2cccc(-c3cc(-c4ccccc4)ccc3N3CCCC3)c2)cc1,Fc1ccc(-c2cc(-c3ccccc3)ccc2N2CCCC2)cc1-c1ccccc1
fraggfn_clpp,hub_batching,220,220,240,1,-11.2,c1ccc(-c2cccc(-c3cc(-c4ccccc4)ccc3N3CCCC3)c2)cc1,c1ccc(-c2cccc(-c3cc(-c4ccccc4)cc(C4CCOCC4)c3N3CCCC3)c2)cc1
fraggfn_clpp,hub_batching,221,221,241,1,-10.9,c1ccc(-c2cccc(-c3cc(-c4ccccc4)ccc3N3CCCC3)c2)cc1,O=C(NO)c1ccc(-c2ccccc2)cc1-c1cc(-c2ccccc2)ccc1N1CCCC1
fraggfn_clpp,hub_batching,222,222,242,1,-10.9,c1ccc(-c2cccc(-c3cc(-c4ccccc4)ccc3N3CCCC3)c2)cc1,O=c1nc2[nH]c3ccc(-c4ccc(-c5ccccc5)cc4-c4cc(-c5ccccc5)ccc4N4CCCC4)cc3nc-2c(=O)[nH]1
fraggfn_clpp,hub_batching,223,223,243,1,-10.9,c1ccc(-c2cccc(-c3cc(-c4ccccc4)ccc3N3CCCC3)c2)cc1,C1=CN(c2cc(-c3ccccc3)cc(-c3cccc(-c4ccccc4)c3)c2N2CCCC2)C=CC1
fraggfn_clpp,hub_batching,224,224,244,1,-10.9,c1ccc(-c2cccc(-c3cc(-c4ccccc4)ccc3N3CCCC3)c2)cc1,CNC(=O)c1cc(-c2ccccc2)cc(-c2cccc(-c3ccccc3)c2)c1N1CCCC1
fraggfn_clpp,hub_batching,225,225,245,1,-10.9,c1ccc(-c2cccc(-c3cc(-c4ccccc4)ccc3N3CCCC3)c2)cc1,CC(=O)NCC1CCN(c2ccc(-c3ccccc3)cc2-c2cccc(-c3ccccc3)c2)C1
fraggfn_clpp,hub_batching,226,226,246,1,-10.8,c1ccc(-c2cccc(-c3cc(-c4ccccc4)ccc3N3CCCC3)c2)cc1,c1ccc(-c2ccc(N3CCCC3)c(-c3cc(-c4ccccc4)ccc3-[n+]3ccccc3)c2)cc1
fraggfn_clpp,hub_batching,227,227,247,1,-10.8,c1ccc(-c2cccc(-c3cc(-c4ccccc4)ccc3N3CCCC3)c2)cc1,Fc1c(-c2ccccc2)ccc(N2CCCC2)c1-c1cccc(-c2ccccc2)c1
fraggfn_clpp,hub_batching,228,228,248,1,-10.3,c1ccc(-c2cccc(-c3cc(-c4ccccc4)ccc3N3CCCC3)c2)cc1,c1ccc(-c2ccc(N3CCCC3)c(-c3cccc(-c4cccc(C5CCNCC5)c4)c3)c2)cc1
fraggfn_clpp,hub_batching,229,229,249,1,-10.2,c1ccc(-c2cccc(-c3cc(-c4ccccc4)ccc3N3CCCC3)c2)cc1,CC(C)=Cc1cc(N2CCCC2)c(-c2cccc(-c3ccccc3)c2)cc1-c1ccccc1
fraggfn_clpp,hub_batching,230,230,250,1,-10.1,c1ccc(-c2cccc(-c3cc(-c4ccccc4)ccc3N3CCCC3)c2)cc1,c1ccc(-c2cccc(-c3cc(-c4ccccc4)c(C4CCCO4)cc3N3CCCC3)c2)cc1
fraggfn_clpp,hub_batching,231,231,251,1,-10.1,c1ccc(-c2cccc(-c3cc(-c4ccccc4)ccc3N3CCCC3)c2)cc1,c1ccc(-c2ccc(N3CCCC3)c(-c3cccc(-c4ccccc4-c4ccc[nH]4)c3)c2)cc1
fraggfn_clpp,hub_batching,232,232,252,1,-9.8,c1ccc(-c2cccc(-c3cc(-c4ccccc4)ccc3N3CCCC3)c2)cc1,c1ccc(-c2ccc(N3CCCC3)c(-c3cccc(-c4ccccc4)c3C3CCCN3)c2)cc1
fraggfn_clpp,hub_batching,233,233,253,1,-9.7,c1ccc(-c2cccc(-c3cc(-c4ccccc4)ccc3N3CCCC3)c2)cc1,O=c1[nH]cc(-c2c(-c3ccccc3)cccc2-c2cc(-c3ccccc3)ccc2N2CCCC2)c(=O)[nH]1
fraggfn_clpp,hub_batching,234,234,254,1,-9.3,c1ccc(-c2cccc(-c3cc(-c4ccccc4)ccc3N3CCCC3)c2)cc1,c1ccc(-c2ccc(N3CCCC3)c(-c3cccc(-c4ccccc4)c3[NH+]3CCOCC3)c2)cc1
fraggfn_clpp,hub_batching,235,235,255,1,-9.3,c1ccc(-c2cccc(-c3cc(-c4ccccc4)ccc3N3CCCC3)c2)cc1,O=c1[nH]cnc2c1ncn2-c1c(-c2ccccc2)cccc1-c1cc(-c2ccccc2)ccc1N1CCCC1
fraggfn_clpp,hub_batching,236,236,256,1,-9.2,c1ccc(-c2cccc(-c3cc(-c4ccccc4)ccc3N3CCCC3)c2)cc1,O=CNc1c(-c2ccccc2)cccc1-c1cc(-c2ccccc2)ccc1N1CCCC1
fraggfn_clpp,hub_batching,237,237,257,1,-9.2,c1ccc(-c2cccc(-c3cc(-c4ccccc4)ccc3N3CCCC3)c2)cc1,C1=CCC(c2ccccc2-c2ccc(N3CCCC3)c(-c3cccc(-c4ccccc4)c3)c2)CC1
fraggfn_clpp,hub_batching,238,238,258,1,-8.8,c1ccc(-c2cccc(-c3cc(-c4ccccc4)ccc3N3CCCC3)c2)cc1,O=c1[nH]cnc2c1NC(c1c(-c3ccccc3)ccc(N3CCCC3)c1-c1cccc(-c3ccccc3)c1)CN2
fraggfn_clpp,hub_batching,239,239,259,1,-8.7,c1ccc(-c2cccc(-c3cc(-c4ccccc4)ccc3N3CCCC3)c2)cc1,c1ccc(-c2cccc(-c3cc(-c4ccccc4)c(-c4cc[nH]n4)cc3N3CCCC3)c2)cc1
fraggfn_clpp,hub_batching,240,240,260,1,-8.5,c1ccc(-c2cccc(-c3cc(-c4ccccc4)ccc3N3CCCC3)c2)cc1,c1ccc(-c2cccc(-c3c(N4CCCC4)ccc(-c4ccccc4)c3-c3c[nH]c4ccccc34)c2)cc1
fraggfn_clpp,hub_batching,241,241,261,1,-8.4,c1ccc(-c2cccc(-c3cc(-c4ccccc4)ccc3N3CCCC3)c2)cc1,c1ccc(-c2cccc(-c3c(N4CCCC4)ccc(-c4ccccc4)c3-n3cnc4cncnc43)c2)cc1
fraggfn_clpp,hub_batching,242,242,266,5,-13.0,c1ccc(-c2cncc(-c3cccc(-c4cccc(-c5ccccc5)n4)c3)c2)cc1,FC(F)(F)c1ccc(-c2cncc(-c3cccc(-c4cccc(-c5ccccc5)n4)c3)c2)cc1
fraggfn_clpp,hub_batching,243,243,267,1,-12.9,c1ccc(-c2cncc(-c3cccc(-c4cccc(-c5ccccc5)n4)c3)c2)cc1,c1ccc(-c2cncc(-c3cc(-c4cccc(-c5ccccc5)n4)ccc3-c3cccc4ccccc34)c2)cc1
fraggfn_clpp,hub_batching,244,244,268,1,-12.7,c1ccc(-c2cncc(-c3cccc(-c4cccc(-c5ccccc5)n4)c3)c2)cc1,O=c1[nH]c(-c2ccc(-c3cccc(-c4ccccc4)n3)cc2-c2cncc(-c3ccccc3)c2)nc2[nH]cnc12
fraggfn_clpp,hub_batching,245,245,269,1,-12.5,c1ccc(-c2cncc(-c3cccc(-c4cccc(-c5ccccc5)n4)c3)c2)cc1,c1ccc(-c2cncc(-c3cc(-c4cccc(-c5ccccc5)n4)ccc3C3CCNCC3)c2)cc1
fraggfn_clpp,hub_batching,246,246,270,1,-12.5,c1ccc(-c2cncc(-c3cccc(-c4cccc(-c5ccccc5)n4)c3)c2)cc1,O=c1ccn(-c2ccc(-c3cccc(-c4ccccc4)n3)cc2-c2cncc(-c3ccccc3)c2)c(=O)[nH]1
fraggfn_clpp,hub_batching,247,247,271,1,-12.4,c1ccc(-c2cncc(-c3cccc(-c4cccc(-c5ccccc5)n4)c3)c2)cc1,c1ccc(-c2cncc(-c3ccc(-c4c[nH]c5ccccc45)c(-c4cccc(-c5ccccc5)n4)c3)c2)cc1
fraggfn_clpp,hub_batching,248,248,272,1,-12.4,c1ccc(-c2cncc(-c3cccc(-c4cccc(-c5ccccc5)n4)c3)c2)cc1,c1ccc(-c2cncc(-c3cc(-c4ccc5ccccc5c4)cc(-c4cccc(-c5ccccc5)n4)c3)c2)cc1
fraggfn_clpp,hub_batching,249,249,273,1,-12.3,c1ccc(-c2cncc(-c3cccc(-c4cccc(-c5ccccc5)n4)c3)c2)cc1,c1ccc(-c2cnc(C3CCCCO3)c(-c3cccc(-c4cccc(-c5ccccc5)n4)c3)c2)cc1
fraggfn_clpp,hub_batching,250,250,274,1,-12.2,c1ccc(-c2cncc(-c3cccc(-c4cccc(-c5ccccc5)n4)c3)c2)cc1,c1ccc(-c2cncc(-c3cccc(-c4cc(C5CCNCC5)cc(-c5ccccc5)n4)c3)c2)cc1
fraggfn_clpp,hub_batching,251,251,275,1,-12.1,c1ccc(-c2cncc(-c3cccc(-c4cccc(-c5ccccc5)n4)c3)c2)cc1,c1ccc(-c2cnc(-c3ccc4ccccc4c3)c(-c3cccc(-c4cccc(-c5ccccc5)n4)c3)c2)cc1
fraggfn_clpp,hub_batching,252,252,276,1,-12.0,c1ccc(-c2cncc(-c3cccc(-c4cccc(-c5ccccc5)n4)c3)c2)cc1,CC(=O)Nc1ncc(-c2ccccc2)cc1-c1cccc(-c2cccc(-c3ccccc3)n2)c1
fraggfn_clpp,hub_batching,253,253,277,1,-12.0,c1ccc(-c2cncc(-c3cccc(-c4cccc(-c5ccccc5)n4)c3)c2)cc1,Fc1c(-c2ccccc2)cncc1-c1cccc(-c2cccc(-c3ccccc3)n2)c1
fraggfn_clpp,hub_batching,254,254,278,1,-11.9,c1ccc(-c2cncc(-c3cccc(-c4cccc(-c5ccccc5)n4)c3)c2)cc1,Fc1ccc(-c2cccc(-c3cncc(-c4ccccc4)c3)c2)nc1-c1ccccc1
fraggfn_clpp,hub_batching,255,255,279,1,-11.9,c1ccc(-c2cncc(-c3cccc(-c4cccc(-c5ccccc5)n4)c3)c2)cc1,c1ccc(-c2cncc(-c3cccc(-c4cc(-n5cnc6cncnc65)cc(-c5ccccc5)n4)c3)c2)cc1
fraggfn_clpp,hub_batching,256,256,280,1,-11.9,c1ccc(-c2cncc(-c3cccc(-c4cccc(-c5ccccc5)n4)c3)c2)cc1,O=c1nc2[nH]c3cc(-c4cc(-c5cncc(-c6ccccc6)c5)cc(-c5cccc(-c6ccccc6)n5)c4)ccc3nc-2c(=O)[nH]1
fraggfn_clpp,hub_batching,257,257,281,1,-11.9,c1ccc(-c2cncc(-c3cccc(-c4cccc(-c5ccccc5)n4)c3)c2)cc1,Clc1ncc(-c2cccc(-c3cccc(-c4ccccc4)n3)c2)cc1-c1ccccc1
fraggfn_clpp,hub_batching,258,258,282,1,-11.9,c1ccc(-c2cncc(-c3cccc(-c4cccc(-c5ccccc5)n4)c3)c2)cc1,CC(=O)NCc1cccc(-c2cccc(-c3cccc(-c4cncc(-c5ccccc5)c4)c3)n2)c1
fraggfn_clpp,hub_batching,259,259,283,1,-11.8,c1ccc(-c2cncc(-c3cccc(-c4cccc(-c5ccccc5)n4)c3)c2)cc1,c1ccc(-c2cncc(-c3cccc(-c4nc(-c5ccccc5)ccc4[NH+]4CCOCC4)c3)c2)cc1
fraggfn_clpp,hub_batching,260,260,284,1,-11.8,c1ccc(-c2cncc(-c3cccc(-c4cccc(-c5ccccc5)n4)c3)c2)cc1,c1ccc(-c2cncc(-c3cccc(-c4nc(-c5ccccc5)ccc4-c4ncnc5[nH]cnc45)c3)c2)cc1
fraggfn_clpp,hub_batching,261,261,285,1,-11.8,c1ccc(-c2cncc(-c3cccc(-c4cccc(-c5ccccc5)n4)c3)c2)cc1,c1ccc(-c2cncc(-c3ccc(C4CCCOC4)c(-c4cccc(-c5ccccc5)n4)c3)c2)cc1
fraggfn_clpp,hub_batching,262,262,286,1,-11.8,c1ccc(-c2cncc(-c3cccc(-c4cccc(-c5ccccc5)n4)c3)c2)cc1,O=c1[nH]c(-c2ccccc2-c2cncc(-c3cccc(-c4cccc(-c5ccccc5)n4)c3)c2)nc2c1NCCN2
fraggfn_clpp,hub_batching,263,263,287,1,-11.7,c1ccc(-c2cncc(-c3cccc(-c4cccc(-c5ccccc5)n4)c3)c2)cc1,c1ccc(-c2cncc(-c3cccc(-c4cc(-c5cccc6ccccc56)cc(-c5ccccc5)n4)c3)c2)cc1
fraggfn_clpp,hub_batching,264,264,288,1,-11.6,c1ccc(-c2cncc(-c3cccc(-c4cccc(-c5ccccc5)n4)c3)c2)cc1,C1=CC(c2ccc(-c3ccccc3)nc2-c2cccc(-c3cncc(-c4ccccc4)c3)c2)CCC1
fraggfn_clpp,hub_batching,265,265,289,1,-11.6,c1ccc(-c2cncc(-c3cccc(-c4cccc(-c5ccccc5)n4)c3)c2)cc1,O=c1[nH]cnc2c1ncn2-c1ccc(-c2cncc(-c3ccccc3)c2)cc1-c1cccc(-c2ccccc2)n1
fraggfn_clpp,hub_batching,266,266,290,1,-11.6,c1ccc(-c2cncc(-c3cccc(-c4cccc(-c5ccccc5)n4)c3)c2)cc1,c1ccc(-c2cncc(-c3ccc(-[n+]4ccccc4)c(-c4cccc(-c5ccccc5)n4)c3)c2)cc1
fraggfn_clpp,hub_batching,267,267,291,1,-11.4,c1ccc(-c2cncc(-c3cccc(-c4cccc(-c5ccccc5)n4)c3)c2)cc1,Cc1c(-c2cncc(-c3ccccc3)c2)cccc1-c1cccc(-c2ccccc2)n1
fraggfn_clpp,hub_batching,268,268,292,1,-11.2,c1ccc(-c2cncc(-c3cccc(-c4cccc(-c5ccccc5)n4)c3)c2)cc1,O=c1[nH]cnc2c1NC(c1ccc(-c3ccccc3)nc1-c1cccc(-c3cncc(-c4ccccc4)c3)c1)CN2
fraggfn_clpp,hub_batching,269,269,293,1,-11.2,c1ccc(-c2cncc(-c3cccc(-c4cccc(-c5ccccc5)n4)c3)c2)cc1,c1ccc(-c2cncc(-c3cc(-c4cccc(-c5ccccc5)n4)cc(C4CCCO4)c3)c2)cc1
fraggfn_clpp,hub_batching,270,270,294,1,-11.2,c1ccc(-c2cncc(-c3cccc(-c4cccc(-c5ccccc5)n4)c3)c2)cc1,c1ccc(-c2cncc(-c3cc(-c4cccc(-c5ccccc5)n4)cc(N4CCNCC4)c3)c2)cc1
fraggfn_clpp,hub_batching,271,271,295,1,-11.2,c1ccc(-c2cncc(-c3cccc(-c4cccc(-c5ccccc5)n4)c3)c2)cc1,O=c1nc2[nH]c3ccc(-c4c(-c5ccccc5)cncc4-c4cccc(-c5cccc(-c6ccccc6)n5)c4)cc3nc-2c(=O)[nH]1
fraggfn_clpp,hub_batching,272,272,296,1,-11.1,c1ccc(-c2cncc(-c3cccc(-c4cccc(-c5ccccc5)n4)c3)c2)cc1,CC(=O)Nc1ccc(-c2ccccc2)nc1-c1cccc(-c2cncc(-c3ccccc3)c2)c1
fraggfn_clpp,hub_batching,273,273,297,1,-11.1,c1ccc(-c2cncc(-c3cccc(-c4cccc(-c5ccccc5)n4)c3)c2)cc1,O=CNCc1ccc(-c2cccc(-c3ccccc3)n2)cc1-c1cncc(-c2ccccc2)c1
fraggfn_clpp,hub_batching,274,274,298,1,-11.1,c1ccc(-c2cncc(-c3cccc(-c4cccc(-c5ccccc5)n4)c3)c2)cc1,O=c1nc2n(-c3ncc(-c4ccccc4)cc3-c3cccc(-c4cccc(-c5ccccc5)n4)c3)c3ccccc3nc-2c(=O)[nH]1
fraggfn_clpp,hub_batching,275,275,299,1,-11.1,c1ccc(-c2cncc(-c3cccc(-c4cccc(-c5ccccc5)n4)c3)c2)cc1,c1ccc(-c2cccc(-c3cccc(-c4cnc(-n5cnc6cncnc65)c(-c5ccccc5)c4)c3)n2)cc1
fraggfn_clpp,hub_batching,276,276,300,1,-11.1,c1ccc(-c2cncc(-c3cccc(-c4cccc(-c5ccccc5)n4)c3)c2)cc1,c1ccc(-c2cccc(-c3cccc(-c4cncc(-c5ccccc5N5CCOCC5)c4)c3)n2)cc1
fraggfn_clpp,hub_batching,277,277,301,1,-11.1,c1ccc(-c2cncc(-c3cccc(-c4cccc(-c5ccccc5)n4)c3)c2)cc1,C=Cc1ccccc1-c1cccc(-c2cccc(-c3cncc(-c4ccccc4)c3)c2)n1
fraggfn_clpp,hub_batching,278,278,302,1,-10.8,c1ccc(-c2cncc(-c3cccc(-c4cccc(-c5ccccc5)n4)c3)c2)cc1,c1ccc(-c2cncc(-c3cccc(-c4cccc(-c5cccc(C6CCOCC6)c5)n4)c3)c2)cc1
fraggfn_clpp,hub_batching,279,279,303,1,-10.7,c1ccc(-c2cncc(-c3cccc(-c4cccc(-c5ccccc5)n4)c3)c2)cc1,O=c1ncccn1-c1ccc(-c2ccccc2)nc1-c1cccc(-c2cncc(-c3ccccc3)c2)c1
fraggfn_clpp,hub_batching,280,280,304,1,-10.5,c1ccc(-c2cncc(-c3cccc(-c4cccc(-c5ccccc5)n4)c3)c2)cc1,c1ccc(-c2cccc(-c3cccc(-c4cncc(-c5ccccc5C5CCCNC5)c4)c3)n2)cc1
fraggfn_clpp,hub_batching,281,281,305,1,-10.4,c1ccc(-c2cncc(-c3cccc(-c4cccc(-c5ccccc5)n4)c3)c2)cc1,O=c1nc2[nH]c3ccc(-c4ccc(-c5ccccc5)nc4-c4cccc(-c5cncc(-c6ccccc6)c5)c4)cc3nc-2c(=O)[nH]1
fraggfn_clpp,hub_batching,282,282,306,1,-10.0,c1ccc(-c2cncc(-c3cccc(-c4cccc(-c5ccccc5)n4)c3)c2)cc1,O=c1[nH]cnc2c1NC(c1c(-c3ccccc3)cncc1-c1cccc(-c3cccc(-c4ccccc4)n3)c1)CN2
fraggfn_clpp,hub_batching,283,283,307,1,-9.4,c1ccc(-c2cncc(-c3cccc(-c4cccc(-c5ccccc5)n4)c3)c2)cc1,O=c1[nH]cnc2c1ncn2-c1c(-c2ccccc2)cncc1-c1cccc(-c2cccc(-c3ccccc3)n2)c1
fraggfn_clpp,hub_batching,284,284,308,1,-9.4,c1ccc(-c2cncc(-c3cccc(-c4cccc(-c5ccccc5)n4)c3)c2)cc1,c1ccc(-c2cccc(-c3cccc(-c4cncc(-c5ccccc5)c4-c4ncnc5[nH]cnc45)c3)n2)cc1
fraggfn_clpp,hub_batching,285,285,309,1,-8.9,c1ccc(-c2cncc(-c3cccc(-c4cccc(-c5ccccc5)n4)c3)c2)cc1,c1ccc(-c2cncc(-c3cccc(-c4cccc(-c5ccccc5)n4)c3-n3cnc4cncnc43)c2)cc1
fraggfn_clpp,hub_batching,286,286,314,5,-13.2,c1ccc(C2CCCC(c3cccc(-c4cccc(C5CCCNC5)c4)c3)C2)cc1,c1ccc(C2CCCC(c3cccc(-c4cc(-c5cccnc5)cc(C5CCCNC5)c4)c3)C2)cc1
fraggfn_clpp,hub_batching,287,287,315,1,-13.1,c1ccc(C2CCCC(c3cccc(-c4cccc(C5CCCNC5)c4)c3)C2)cc1,O=c1[nH]cnc2c1NC(c1ccc(C3CCCC(c4ccccc4)C3)cc1-c1cccc(C3CCCNC3)c1)CN2
fraggfn_clpp,hub_batching,288,288,316,1,-13.1,c1ccc(C2CCCC(c3cccc(-c4cccc(C5CCCNC5)c4)c3)C2)cc1,c1ccc(C2CCCC(c3ccc(-c4cccc5ccccc45)c(-c4cccc(C5CCCNC5)c4)c3)C2)cc1
fraggfn_clpp,hub_batching,289,289,317,1,-12.5,c1ccc(C2CCCC(c3cccc(-c4cccc(C5CCCNC5)c4)c3)C2)cc1,c1ccc(C2CCCC(c3cccc(-c4cccc(C5CCCNC5)c4C4CCCOC4)c3)C2)cc1
fraggfn_clpp,hub_batching,290,290,318,1,-12.4,c1ccc(C2CCCC(c3cccc(-c4cccc(C5CCCNC5)c4)c3)C2)cc1,FC1CC(c2ccccc2)CC(c2cccc(-c3cccc(C4CCCNC4)c3)c2)C1
fraggfn_clpp,hub_batching,291,291,319,1,-12.2,c1ccc(C2CCCC(c3cccc(-c4cccc(C5CCCNC5)c4)c3)C2)cc1,O=c1[nH]c(-c2ccc(-c3cccc(C4CCCNC4)c3)cc2C2CCCC(c3ccccc3)C2)nc2c1NCCN2
fraggfn_clpp,hub_batching,292,292,320,1,-11.9,c1ccc(C2CCCC(c3cccc(-c4cccc(C5CCCNC5)c4)c3)C2)cc1,OCN1CCCC(c2cccc(-c3cccc(C4CCCC(c5ccccc5)C4)c3)c2)C1
fraggfn_clpp,hub_batching,293,293,321,1,-11.9,c1ccc(C2CCCC(c3cccc(-c4cccc(C5CCCNC5)c4)c3)C2)cc1,c1ccc(C2CCC(c3ncnc4[nH]cnc34)C(c3cccc(-c4cccc(C5CCCNC5)c4)c3)C2)cc1
fraggfn_clpp,hub_batching,294,294,322,1,-11.7,c1ccc(C2CCCC(c3cccc(-c4cccc(C5CCCNC5)c4)c3)C2)cc1,O=c1[nH]c(-c2c(-c3cccc(C4CCCC(c5ccccc5)C4)c3)cccc2C2CCCNC2)nc2[nH]cnc12
fraggfn_clpp,hub_batching,295,295,323,1,-11.6,c1ccc(C2CCCC(c3cccc(-c4cccc(C5CCCNC5)c4)c3)C2)cc1,FC(F)(F)C1CCNCC1c1cccc(-c2cccc(C3CCCC(c4ccccc4)C3)c2)c1
fraggfn_clpp,hub_batching,296,296,324,1,-11.3,c1ccc(C2CCCC(c3cccc(-c4cccc(C5CCCNC5)c4)c3)C2)cc1,c1ccc(C2CCCC(c3cccc(-c4ccc(N5CCOCC5)c(C5CCCNC5)c4)c3)C2)cc1
fraggfn_clpp,hub_batching,297,297,325,1,-11.2,c1ccc(C2CCCC(c3cccc(-c4cccc(C5CCCNC5)c4)c3)C2)cc1,O=c1ccn(-c2ccc(C3CCCNC3)cc2-c2cccc(C3CCCC(c4ccccc4)C3)c2)c(=O)[nH]1
fraggfn_clpp,hub_batching,298,298,326,1,-11.2,c1ccc(C2CCCC(c3cccc(-c4cccc(C5CCCNC5)c4)c3)C2)cc1,c1ccc(C2CC(c3cccc(-c4cccc(C5CCCNC5)c4)c3)CCC2c2ccc3ccccc3c2)cc1
fraggfn_clpp,hub_batching,299,299,327,1,-11.1,c1ccc(C2CCCC(c3cccc(-c4cccc(C5CCCNC5)c4)c3)C2)cc1,O=c1nc2n(C3CC(c4ccccc4)CC(c4cccc(-c5cccc(C6CCCNC6)c5)c4)C3)c3ccccc3nc-2c(=O)[nH]1
fraggfn_clpp,hub_batching,300,300,328,1,-11.0,c1ccc(C2CCCC(c3cccc(-c4cccc(C5CCCNC5)c4)c3)C2)cc1,C=C(C)C1C(c2ccccc2)CCCC1c1cccc(-c2cccc(C3CCCNC3)c2)c1
fraggfn_clpp,greedy_oracle,1,1,5,5,-13.3,Nc1cccc(-c2cccc(-c3cccc(-c4ccccc4)c3)c2)c1,Nc1cc(-c2cccc(-c3cccc(-c4ccccc4)c3)c2)cc(-c2ccc3ccccc3c2)c1
fraggfn_clpp,greedy_oracle,2,2,6,1,-13.0,Nc1cccc(-c2cccc(-c3cccc(-c4ccccc4)c3)c2)c1,Nc1cc(-c2cccc(-c3cccc(-c4ccccc4)c3)c2)cc(-c2nc3c(c(=O)[nH]2)NCCN3)c1
fraggfn_clpp,greedy_oracle,3,3,7,1,-12.9,Nc1cccc(-c2cccc(-c3cccc(-c4ccccc4)c3)c2)c1,Nc1cccc(-c2cccc(-c3cc(-c4ccccc4)ccc3-c3ccc4nc5c(=O)[nH]c(=O)nc-5[nH]c4c3)c2)c1
fraggfn_clpp,greedy_oracle,4,4,8,1,-12.6,Nc1cccc(-c2cccc(-c3cccc(-c4ccccc4)c3)c2)c1,Nc1cccc(-c2cccc(-c3cc(-c4ccccc4)ccc3-n3c4nc(=O)[nH]c(=O)c-4nc4ccccc43)c2)c1
fraggfn_clpp,greedy_oracle,5,5,9,1,-12.6,Nc1cccc(-c2cccc(-c3cccc(-c4ccccc4)c3)c2)c1,Nc1cccc(-c2cccc(-c3cc(-c4ccccc4)ccc3-c3cccc4ccccc34)c2)c1
fraggfn_clpp,greedy_oracle,6,6,10,1,-12.4,Nc1cccc(-c2cccc(-c3cccc(-c4ccccc4)c3)c2)c1,Nc1cccc(-c2cccc(-c3cccc(-c4cccc(-c5ccc[nH+]c5)c4)c3)c2)c1
fraggfn_clpp,greedy_oracle,7,7,11,1,-12.3,Nc1cccc(-c2cccc(-c3cccc(-c4ccccc4)c3)c2)c1,Nc1cccc(-c2cccc(-c3cc(-c4ccccc4)ccc3C3CNc4nc[nH]c(=O)c4N3)c2)c1
fraggfn_clpp,greedy_oracle,8,8,12,1,-12.2,Nc1cccc(-c2cccc(-c3cccc(-c4ccccc4)c3)c2)c1,Nc1cc(-c2cccc(-c3cccc(-c4ccccc4)c3)c2)cc(C2C=CCCC2)c1
fraggfn_clpp,greedy_oracle,9,9,13,1,-12.2,Nc1cccc(-c2cccc(-c3cccc(-c4ccccc4)c3)c2)c1,Nc1cccc(-c2cccc(-c3cc(-c4ccccc4)ccc3-n3cnc4c(=O)[nH]cnc43)c2)c1
fraggfn_clpp,greedy_oracle,10,10,14,1,-12.2,Nc1cccc(-c2cccc(-c3cccc(-c4ccccc4)c3)c2)c1,C=C(C)c1cccc(-c2cccc(-c3cccc(-c4cccc(N)c4)c3)c2)c1
fraggfn_clpp,greedy_oracle,11,11,15,1,-12.1,Nc1cccc(-c2cccc(-c3cccc(-c4ccccc4)c3)c2)c1,CCc1ccc(-c2cccc(-c3cccc(-c4ccccc4)c3)c2)cc1N
fraggfn_clpp,greedy_oracle,12,12,16,1,-12.1,Nc1cccc(-c2cccc(-c3cccc(-c4ccccc4)c3)c2)c1,Nc1cc(-c2cccc(-c3cccc(-c4ccccc4)c3)c2)cc(-c2ccccn2)c1
fraggfn_clpp,greedy_oracle,13,13,17,1,-12.1,Nc1cccc(-c2cccc(-c3cccc(-c4ccccc4)c3)c2)c1,Nc1cccc(-c2cc(-c3cccc(-c4ccccc4)c3)cc(C3CCCOC3)c2)c1
fraggfn_clpp,greedy_oracle,14,14,18,1,-12.1,Nc1cccc(-c2cccc(-c3cccc(-c4ccccc4)c3)c2)c1,Nc1cccc(-c2cc(-c3cccc(-c4ccccc4)c3)cc(-n3cnc4cncnc43)c2)c1
fraggfn_clpp,greedy_oracle,15,15,19,1,-12.0,Nc1cccc(-c2cccc(-c3cccc(-c4ccccc4)c3)c2)c1,Nc1cccc(-c2cccc(-c3cc(-c4ccccc4)ccc3-c3nc4[nH]cnc4c(=O)[nH]3)c2)c1
fraggfn_clpp,greedy_oracle,16,16,20,1,-12.0,Nc1cccc(-c2cccc(-c3cccc(-c4ccccc4)c3)c2)c1,Nc1cccc(-c2cccc(-c3cccc(-c4cccc(C5CCCNC5)c4)c3)c2)c1
fraggfn_clpp,greedy_oracle,17,17,21,1,-11.9,Nc1cccc(-c2cccc(-c3cccc(-c4ccccc4)c3)c2)c1,Nc1cc(C2=CCCCC2)cc(-c2cccc(-c3cccc(-c4ccccc4)c3)c2)c1
fraggfn_clpp,greedy_oracle,18,18,22,1,-11.9,Nc1cccc(-c2cccc(-c3cccc(-c4ccccc4)c3)c2)c1,Nc1cccc(-c2cc(-c3cccc(-c4ccccc4)c3)cc(N3C=CCC=C3)c2)c1
fraggfn_clpp,greedy_oracle,19,19,23,1,-11.9,Nc1cccc(-c2cccc(-c3cccc(-c4ccccc4)c3)c2)c1,Nc1cccc(-c2cc(-c3cccc(-c4ccccc4)c3)cc(-c3c[nH]c4ccccc34)c2)c1
fraggfn_clpp,greedy_oracle,20,20,24,1,-11.9,Nc1cccc(-c2cccc(-c3cccc(-c4ccccc4)c3)c2)c1,Nc1cccc(-c2cccc(-c3cccc(-c4cccc(C5=CNC=CC5)c4)c3)c2)c1
fraggfn_clpp,greedy_oracle,21,21,25,1,-11.9,Nc1cccc(-c2cccc(-c3cccc(-c4ccccc4)c3)c2)c1,Nc1cccc(-c2cccc(-c3cccc(-c4ccc(C(F)(F)F)cc4)c3)c2)c1
fraggfn_clpp,greedy_oracle,22,22,26,1,-11.9,Nc1cccc(-c2cccc(-c3cccc(-c4ccccc4)c3)c2)c1,Nc1cccc(-c2cccc(-c3cccc(-c4cccc(-c5ccc[nH]5)c4)c3)c2)c1
fraggfn_clpp,greedy_oracle,23,23,27,1,-11.8,Nc1cccc(-c2cccc(-c3cccc(-c4ccccc4)c3)c2)c1,Nc1cc(-c2cccc(-c3cccc(-c4ccccc4)c3)c2)cc(-[n+]2ccccc2)c1
fraggfn_clpp,greedy_oracle,24,24,28,1,-11.8,Nc1cccc(-c2cccc(-c3cccc(-c4ccccc4)c3)c2)c1,CC(C)=Cc1cccc(-c2cccc(-c3cccc(-c4cccc(N)c4)c3)c2)c1
fraggfn_clpp,greedy_oracle,25,25,29,1,-11.8,Nc1cccc(-c2cccc(-c3cccc(-c4ccccc4)c3)c2)c1,Nc1cccc(-c2cccc(-c3cccc(-c4cccc(-c5c[nH]c(=O)[nH]c5=O)c4)c3)c2)c1
fraggfn_clpp,greedy_oracle,26,26,30,1,-11.8,Nc1cccc(-c2cccc(-c3cccc(-c4ccccc4)c3)c2)c1,Nc1cccc(-c2cccc(-c3cccc(-c4cccc(-c5ncccn5)c4)c3)c2)c1
fraggfn_clpp,greedy_oracle,27,27,31,1,-11.7,Nc1cccc(-c2cccc(-c3cccc(-c4ccccc4)c3)c2)c1,Nc1cc(-c2cccc(-c3cccc(-c4ccccc4)c3)c2)cc(-c2ccc[nH]2)c1
fraggfn_clpp,greedy_oracle,28,28,32,1,-11.7,Nc1cccc(-c2cccc(-c3cccc(-c4ccccc4)c3)c2)c1,Nc1cccc(-c2cc(-c3cccc(-c4ccccc4)c3)cc(-c3cc[nH]c(=O)n3)c2)c1
fraggfn_clpp,greedy_oracle,29,29,33,1,-11.7,Nc1cccc(-c2cccc(-c3cccc(-c4ccccc4)c3)c2)c1,Nc1cccc(-c2cc(-c3cccc(-c4ccccc4)c3)cc(-c3ncnc4[nH]cnc34)c2)c1
fraggfn_clpp,greedy_oracle,30,30,34,1,-11.7,Nc1cccc(-c2cccc(-c3cccc(-c4ccccc4)c3)c2)c1,Nc1cccc(-c2cccc(-c3cc(-c4ccccc4)ccc3C3CC=CCC3)c2)c1
fraggfn_clpp,greedy_oracle,31,31,35,1,-11.7,Nc1cccc(-c2cccc(-c3cccc(-c4ccccc4)c3)c2)c1,Nc1cccc(-c2cccc(-c3cccc(-c4cccc(-c5cncnc5)c4)c3)c2)c1
fraggfn_clpp,greedy_oracle,32,32,36,1,-11.6,Nc1cccc(-c2cccc(-c3cccc(-c4ccccc4)c3)c2)c1,CC(C)=Cc1ccc(-c2ccccc2)cc1-c1cccc(-c2cccc(N)c2)c1
fraggfn_clpp,greedy_oracle,33,33,37,1,-11.6,Nc1cccc(-c2cccc(-c3cccc(-c4ccccc4)c3)c2)c1,Nc1cccc(-c2cccc(-c3cccc(-c4cccc(N5CCCCC5)c4)c3)c2)c1
fraggfn_clpp,greedy_oracle,34,34,38,1,-11.6,Nc1cccc(-c2cccc(-c3cccc(-c4ccccc4)c3)c2)c1,CCc1cccc(-c2cccc(-c3cccc(-c4cccc(N)c4)c3)c2)c1
fraggfn_clpp,greedy_oracle,35,35,39,1,-11.6,Nc1cccc(-c2cccc(-c3cccc(-c4ccccc4)c3)c2)c1,Nc1cccc(-c2cccc(-c3cccc(-c4cccc(-n5ccc(=O)[nH]c5=O)c4)c3)c2)c1
fraggfn_clpp,greedy_oracle,36,36,40,1,-11.6,Nc1cccc(-c2cccc(-c3cccc(-c4ccccc4)c3)c2)c1,Nc1cccc(-c2cccc(-c3cccc(-c4cccc(-[n+]5ccccc5)c4)c3)c2)c1
fraggfn_clpp,greedy_oracle,37,37,41,1,-11.6,Nc1cccc(-c2cccc(-c3cccc(-c4ccccc4)c3)c2)c1,Nc1cccc(-c2cccc(-c3cccc(-c4cccc(-c5cc[nH]n5)c4)c3)c2)c1
fraggfn_clpp,greedy_oracle,38,38,42,1,-11.5,Nc1cccc(-c2cccc(-c3cccc(-c4ccccc4)c3)c2)c1,Nc1cccc(-c2cc(-c3cccc(-c4ccccc4)c3)cc(-c3cccs3)c2)c1
fraggfn_clpp,greedy_oracle,39,39,43,1,-11.5,Nc1cccc(-c2cccc(-c3cccc(-c4ccccc4)c3)c2)c1,Nc1cccc(-c2cccc(-c3cc(-c4ccccc4)ccc3N3CCOCC3)c2)c1
fraggfn_clpp,greedy_oracle,40,40,44,1,-11.5,Nc1cccc(-c2cccc(-c3cccc(-c4ccccc4)c3)c2)c1,Nc1cccc(-c2cccc(-c3cccc(-c4cccc(C5CCCCO5)c4)c3)c2)c1
fraggfn_clpp,greedy_oracle,41,41,45,1,-11.4,Nc1cccc(-c2cccc(-c3cccc(-c4ccccc4)c3)c2)c1,Nc1cc(-c2cccc(-c3cccc(-c4ccccc4)c3)c2)cc(N2CCCCC2)c1
fraggfn_clpp,greedy_oracle,42,42,46,1,-11.4,Nc1cccc(-c2cccc(-c3cccc(-c4ccccc4)c3)c2)c1,Nc1cccc(-c2ccc([NH+]3CCOCC3)c(-c3cccc(-c4ccccc4)c3)c2)c1
fraggfn_clpp,greedy_oracle,43,43,47,1,-11.4,Nc1cccc(-c2cccc(-c3cccc(-c4ccccc4)c3)c2)c1,Nc1cccc(-c2cccc(-c3cc(-c4ccccc4)cc(-c4cccnc4)c3)c2)c1
fraggfn_clpp,greedy_oracle,44,44,48,1,-11.3,Nc1cccc(-c2cccc(-c3cccc(-c4ccccc4)c3)c2)c1,Nc1cc(-c2cccc(-c3cccc(-c4ccccc4)c3)c2)cc(-n2cccnc2=O)c1
fraggfn_clpp,greedy_oracle,45,45,49,1,-11.3,Nc1cccc(-c2cccc(-c3cccc(-c4ccccc4)c3)c2)c1,CC(=O)NCc1ccc(-c2cccc(N)c2)cc1-c1cccc(-c2ccccc2)c1
fraggfn_clpp,greedy_oracle,46,46,50,1,-11.3,Nc1cccc(-c2cccc(-c3cccc(-c4ccccc4)c3)c2)c1,Nc1cccc(-c2cccc(-c3cccc(-c4ccccc4)c3)c2F)c1
fraggfn_clpp,greedy_oracle,47,47,51,1,-11.3,Nc1cccc(-c2cccc(-c3cccc(-c4ccccc4)c3)c2)c1,Nc1cccc(-c2cccc(-c3cc(-c4ccccc4)ccc3-[n+]3ccccc3)c2)c1
fraggfn_clpp,greedy_oracle,48,48,52,1,-11.3,Nc1cccc(-c2cccc(-c3cccc(-c4ccccc4)c3)c2)c1,CC(=O)Nc1cccc(-c2cccc(-c3cccc(-c4cccc(N)c4)c3)c2)c1
fraggfn_clpp,greedy_oracle,49,49,53,1,-11.3,Nc1cccc(-c2cccc(-c3cccc(-c4ccccc4)c3)c2)c1,Nc1cccc(-c2cccc(-c3cccc(-c4ccccc4F)c3)c2)c1
fraggfn_clpp,greedy_oracle,50,50,54,1,-11.3,Nc1cccc(-c2cccc(-c3cccc(-c4ccccc4)c3)c2)c1,Nc1cccc(-c2cccc(-c3cccc(-c4cccc(-n5cccn5)c4)c3)c2)c1
fraggfn_clpp,greedy_oracle,51,51,55,1,-11.2,Nc1cccc(-c2cccc(-c3cccc(-c4ccccc4)c3)c2)c1,CC(C)=Cc1cc(N)cc(-c2cccc(-c3cccc(-c4ccccc4)c3)c2)c1
fraggfn_clpp,greedy_oracle,52,52,56,1,-11.2,Nc1cccc(-c2cccc(-c3cccc(-c4ccccc4)c3)c2)c1,Nc1cccc(-c2cccc(-c3cccc(-c4ccccc4)c3)c2)c1-c1ccc2[nH]c3nc(=O)[nH]c(=O)c-3nc2c1
fraggfn_clpp,greedy_oracle,53,53,57,1,-11.2,Nc1cccc(-c2cccc(-c3cccc(-c4ccccc4)c3)c2)c1,Nc1cccc(-c2cccc(-c3cc(-c4ccccc4)cc(C4CCCN4)c3)c2)c1
fraggfn_clpp,greedy_oracle,54,54,58,1,-11.2,Nc1cccc(-c2cccc(-c3cccc(-c4ccccc4)c3)c2)c1,Nc1cccc(-c2cccc(-c3cc(-c4ccccc4)cc(N4CCNCC4)c3)c2)c1
fraggfn_clpp,greedy_oracle,55,55,59,1,-11.2,Nc1cccc(-c2cccc(-c3cccc(-c4ccccc4)c3)c2)c1,CNC(=O)c1cc(-c2ccccc2)cc(-c2cccc(-c3cccc(N)c3)c2)c1
fraggfn_clpp,greedy_oracle,56,56,60,1,-11.2,Nc1cccc(-c2cccc(-c3cccc(-c4ccccc4)c3)c2)c1,Nc1cccc(-c2cccc(-c3cccc(-c4cccc([N+](=O)[O-])c4)c3)c2)c1
fraggfn_clpp,greedy_oracle,57,57,61,1,-11.1,Nc1cccc(-c2cccc(-c3cccc(-c4ccccc4)c3)c2)c1,Nc1cc(-c2cccc(-c3cccc(-c4ccccc4)c3)c2)cc(C(F)(F)F)c1
fraggfn_clpp,greedy_oracle,58,58,62,1,-11.1,Nc1cccc(-c2cccc(-c3cccc(-c4ccccc4)c3)c2)c1,N#Cc1cccc(-c2cccc(-c3cccc(-c4cccc(N)c4)c3)c2)c1
fraggfn_clpp,greedy_oracle,59,59,63,1,-11.1,Nc1cccc(-c2cccc(-c3cccc(-c4ccccc4)c3)c2)c1,Nc1cccc(-c2cccc(-c3cccc(-c4cccc(-c5nccs5)c4)c3)c2)c1
fraggfn_clpp,greedy_oracle,60,60,64,1,-11.0,Nc1cccc(-c2cccc(-c3cccc(-c4ccccc4)c3)c2)c1,Nc1ccc(C2CCNCC2)c(-c2cccc(-c3cccc(-c4ccccc4)c3)c2)c1
fraggfn_clpp,greedy_oracle,61,61,65,1,-11.0,Nc1cccc(-c2cccc(-c3cccc(-c4ccccc4)c3)c2)c1,Nc1cc(-c2cccc(-c3cccc(-c4ccccc4)c3)c2)cc(-c2cccc3ccccc23)c1
fraggfn_clpp,greedy_oracle,62,62,66,1,-11.0,Nc1cccc(-c2cccc(-c3cccc(-c4ccccc4)c3)c2)c1,Nc1cccc(-c2ccc(-c3ccc[nH+]c3)c(-c3cccc(-c4ccccc4)c3)c2)c1
fraggfn_clpp,greedy_oracle,63,63,67,1,-11.0,Nc1cccc(-c2cccc(-c3cccc(-c4ccccc4)c3)c2)c1,Nc1cccc(-c2cccc(-c3cccc(-c4cccc([NH+]5CCOCC5)c4)c3)c2)c1
fraggfn_clpp,greedy_oracle,64,64,68,1,-10.9,Nc1cccc(-c2cccc(-c3cccc(-c4ccccc4)c3)c2)c1,Nc1cc(NC=O)cc(-c2cccc(-c3cccc(-c4ccccc4)c3)c2)c1
fraggfn_clpp,greedy_oracle,65,65,69,1,-10.9,Nc1cccc(-c2cccc(-c3cccc(-c4ccccc4)c3)c2)c1,Nc1cccc(-c2cc(CNC=O)cc(-c3cccc(-c4ccccc4)c3)c2)c1
fraggfn_clpp,greedy_oracle,66,66,70,1,-10.9,Nc1cccc(-c2cccc(-c3cccc(-c4ccccc4)c3)c2)c1,CN(C)c1cccc(-c2cccc(-c3cccc(-c4cccc(N)c4)c3)c2)c1
fraggfn_clpp,greedy_oracle,67,67,71,1,-10.9,Nc1cccc(-c2cccc(-c3cccc(-c4ccccc4)c3)c2)c1,COc1cccc(-c2cccc(-c3cccc(-c4cccc(N)c4)c3)c2)c1
fraggfn_clpp,greedy_oracle,68,68,72,1,-10.8,Nc1cccc(-c2cccc(-c3cccc(-c4ccccc4)c3)c2)c1,Nc1cccc(-c2cccc(-c3cccc(-c4ccccc4)c3)c2)c1C1CCCN1
fraggfn_clpp,greedy_oracle,69,69,73,1,-10.8,Nc1cccc(-c2cccc(-c3cccc(-c4ccccc4)c3)c2)c1,Nc1cc(-c2cccc(-c3cccc(-c4ccccc4)c3)c2)ccc1-c1c[nH]c(=O)[nH]c1=O
fraggfn_clpp,greedy_oracle,70,70,74,1,-10.8,Nc1cccc(-c2cccc(-c3cccc(-c4ccccc4)c3)c2)c1,Nc1cccc(-c2ccc([N+](=O)[O-])c(-c3cccc(-c4ccccc4)c3)c2)c1
fraggfn_clpp,greedy_oracle,71,71,75,1,-10.8,Nc1cccc(-c2cccc(-c3cccc(-c4ccccc4)c3)c2)c1,Nc1cccc(-c2cc(-c3cccc(-c4ccccc4)c3)ccc2-n2ccc(=O)[nH]c2=O)c1
fraggfn_clpp,greedy_oracle,72,72,76,1,-10.8,Nc1cccc(-c2cccc(-c3cccc(-c4ccccc4)c3)c2)c1,Nc1cccc(-c2cccc(-c3ccc(-n4cccnc4=O)c(-c4ccccc4)c3)c2)c1
fraggfn_clpp,greedy_oracle,73,73,77,1,-10.7,Nc1cccc(-c2cccc(-c3cccc(-c4ccccc4)c3)c2)c1,Nc1cccc(-c2cc(-c3cccc(-c4ccccc4)c3)ccc2C2CCCCO2)c1
fraggfn_clpp,greedy_oracle,74,74,78,1,-10.7,Nc1cccc(-c2cccc(-c3cccc(-c4ccccc4)c3)c2)c1,Nc1cccc(-c2cc(-c3cccc(-c4ccccc4)c3)ccc2-c2ccncn2)c1
fraggfn_clpp,greedy_oracle,75,75,79,1,-10.7,Nc1cccc(-c2cccc(-c3cccc(-c4ccccc4)c3)c2)c1,Nc1cccc(-c2cccc(-c3ccc(-c4ccc5ccccc5c4)c(-c4ccccc4)c3)c2)c1
fraggfn_clpp,greedy_oracle,76,76,80,1,-10.6,Nc1cccc(-c2cccc(-c3cccc(-c4ccccc4)c3)c2)c1,Nc1cccc(-c2cccc(-c3cccc(-c4ccccc4)c3)c2)c1[NH+]1CCOCC1
fraggfn_clpp,greedy_oracle,77,77,81,1,-10.6,Nc1cccc(-c2cccc(-c3cccc(-c4ccccc4)c3)c2)c1,CC(C)(C)c1ccc(N)cc1-c1cccc(-c2cccc(-c3ccccc3)c2)c1
fraggfn_clpp,greedy_oracle,78,78,82,1,-10.6,Nc1cccc(-c2cccc(-c3cccc(-c4ccccc4)c3)c2)c1,Nc1cc(-c2cccc(-c3cccc(-c4ccccc4)c3)c2)cc([N+](=O)[O-])c1
fraggfn_clpp,greedy_oracle,79,79,83,1,-10.6,Nc1cccc(-c2cccc(-c3cccc(-c4ccccc4)c3)c2)c1,N=C(N)c1ccc(-c2cccc(-c3ccccc3)c2)cc1-c1cccc(N)c1
fraggfn_clpp,greedy_oracle,80,80,84,1,-10.6,Nc1cccc(-c2cccc(-c3cccc(-c4ccccc4)c3)c2)c1,Nc1cccc(-c2cccc(-c3cccc(-c4ccccc4)c3C3CCCCC3)c2)c1
fraggfn_clpp,greedy_oracle,81,81,85,1,-10.6,Nc1cccc(-c2cccc(-c3cccc(-c4ccccc4)c3)c2)c1,Nc1cccc(-c2cccc(-c3cccc(-c4ccccc4C4C=CCCC4)c3)c2)c1
fraggfn_clpp,greedy_oracle,82,82,86,1,-10.6,Nc1cccc(-c2cccc(-c3cccc(-c4ccccc4)c3)c2)c1,CC(O)c1cccc(-c2cccc(-c3cccc(-c4cccc(N)c4)c3)c2)c1
fraggfn_clpp,greedy_oracle,83,83,87,1,-10.5,Nc1cccc(-c2cccc(-c3cccc(-c4ccccc4)c3)c2)c1,Nc1cccc(-c2cccc(-c3cccc(-c4ccccc4)c3)c2)c1C(F)(F)F
fraggfn_clpp,greedy_oracle,84,84,88,1,-10.5,Nc1cccc(-c2cccc(-c3cccc(-c4ccccc4)c3)c2)c1,Nc1ccc(C(=O)NO)c(-c2cccc(-c3cccc(-c4ccccc4)c3)c2)c1
fraggfn_clpp,greedy_oracle,85,85,89,1,-10.5,Nc1cccc(-c2cccc(-c3cccc(-c4ccccc4)c3)c2)c1,Nc1cccc(-c2cccc(-c3ccc(C4=CCCCC4)c(-c4ccccc4)c3)c2)c1
fraggfn_clpp,greedy_oracle,86,86,90,1,-10.5,Nc1cccc(-c2cccc(-c3cccc(-c4ccccc4)c3)c2)c1,C[SH+]c1cccc(-c2cccc(-c3cccc(-c4cccc(N)c4)c3)c2)c1
fraggfn_clpp,greedy_oracle,87,87,91,1,-10.5,Nc1cccc(-c2cccc(-c3cccc(-c4ccccc4)c3)c2)c1,Nc1cccc(-c2cccc(-c3cccc(-c4cccc(S(N)(=O)=O)c4)c3)c2)c1
fraggfn_clpp,greedy_oracle,88,88,92,1,-10.5,Nc1cccc(-c2cccc(-c3cccc(-c4ccccc4)c3)c2)c1,Nc1cccc(-c2cccc(-c3cccc(-c4cccc([PH](=O)[O-])c4)c3)c2)c1
fraggfn_clpp,greedy_oracle,89,89,93,1,-10.5,Nc1cccc(-c2cccc(-c3cccc(-c4ccccc4)c3)c2)c1,Nc1cccc(-c2cccc(-c3cccc(-c4cccc(P(=O)(O)O)c4)c3)c2)c1
fraggfn_clpp,greedy_oracle,90,90,94,1,-10.4,Nc1cccc(-c2cccc(-c3cccc(-c4ccccc4)c3)c2)c1,Nc1cccc(-c2cccc(-c3ccc(C4CCOC4)c(-c4ccccc4)c3)c2)c1
fraggfn_clpp,greedy_oracle,91,91,95,1,-10.4,Nc1cccc(-c2cccc(-c3cccc(-c4ccccc4)c3)c2)c1,CC(C)c1ccc(-c2cccc(-c3cccc(N)c3)c2)cc1-c1ccccc1
fraggfn_clpp,greedy_oracle,92,92,96,1,-10.4,Nc1cccc(-c2cccc(-c3cccc(-c4ccccc4)c3)c2)c1,Nc1cccc(-c2cccc(-c3ccc(-c4cscn4)c(-c4ccccc4)c3)c2)c1
fraggfn_clpp,greedy_oracle,93,93,97,1,-10.4,Nc1cccc(-c2cccc(-c3cccc(-c4ccccc4)c3)c2)c1,Nc1cccc(-c2cccc(-c3cccc(-c4cccc([SH](=O)=O)c4)c3)c2)c1
fraggfn_clpp,greedy_oracle,94,94,98,1,-10.3,Nc1cccc(-c2cccc(-c3cccc(-c4ccccc4)c3)c2)c1,Nc1cc(-c2cccc(-c3cccc(-c4ccccc4)c3)c2)ccc1C1CCOCC1
fraggfn_clpp,greedy_oracle,95,95,99,1,-10.3,Nc1cccc(-c2cccc(-c3cccc(-c4ccccc4)c3)c2)c1,Nc1cccc(-c2cccc(-c3ccc(NC=O)c(-c4ccccc4)c3)c2)c1
fraggfn_clpp,greedy_oracle,96,96,100,1,-10.3,Nc1cccc(-c2cccc(-c3cccc(-c4ccccc4)c3)c2)c1,Nc1cccc(-c2cccc(-c3ccc(P(=O)([O-])O)c(-c4ccccc4)c3)c2)c1
fraggfn_clpp,greedy_oracle,97,97,101,1,-10.3,Nc1cccc(-c2cccc(-c3cccc(-c4ccccc4)c3)c2)c1,CNC(=O)c1ccccc1-c1cccc(-c2cccc(-c3cccc(N)c3)c2)c1
fraggfn_clpp,greedy_oracle,98,98,102,1,-10.2,Nc1cccc(-c2cccc(-c3cccc(-c4ccccc4)c3)c2)c1,CC(=O)NCc1c(N)cccc1-c1cccc(-c2cccc(-c3ccccc3)c2)c1
fraggfn_clpp,greedy_oracle,99,99,103,1,-10.2,Nc1cccc(-c2cccc(-c3cccc(-c4ccccc4)c3)c2)c1,Nc1cccc(-c2cccc(-c3cccc(-c4ccccc4)c3)c2)c1-c1cc[nH]c(=O)n1
fraggfn_clpp,greedy_oracle,100,100,104,1,-10.2,Nc1cccc(-c2cccc(-c3cccc(-c4ccccc4)c3)c2)c1,Nc1cccc(-c2cccc(-c3cccc(-c4ccc(C5CCCC5)cc4)c3)c2)c1
fraggfn_clpp,greedy_oracle,101,101,105,1,-10.1,Nc1cccc(-c2cccc(-c3cccc(-c4ccccc4)c3)c2)c1,Nc1cccc(-c2cccc(-c3cccc(-c4ccccc4-c4ccn[nH]4)c3)c2)c1
fraggfn_clpp,greedy_oracle,102,102,106,1,-10.0,Nc1cccc(-c2cccc(-c3cccc(-c4ccccc4)c3)c2)c1,Nc1ccc(N2CCNCC2)c(-c2cccc(-c3cccc(-c4ccccc4)c3)c2)c1
fraggfn_clpp,greedy_oracle,103,103,107,1,-10.0,Nc1cccc(-c2cccc(-c3cccc(-c4ccccc4)c3)c2)c1,CC(C)=Cc1c(N)cccc1-c1cccc(-c2cccc(-c3ccccc3)c2)c1
fraggfn_clpp,greedy_oracle,104,104,108,1,-10.0,Nc1cccc(-c2cccc(-c3cccc(-c4ccccc4)c3)c2)c1,Nc1ccc(-c2ccncc2)c(-c2cccc(-c3cccc(-c4ccccc4)c3)c2)c1
fraggfn_clpp,greedy_oracle,105,105,109,1,-10.0,Nc1cccc(-c2cccc(-c3cccc(-c4ccccc4)c3)c2)c1,Nc1cc(-c2cccc(-c3cccc(-c4ccccc4)c3)c2)ccc1-c1cncnc1
fraggfn_clpp,greedy_oracle,106,106,110,1,-10.0,Nc1cccc(-c2cccc(-c3cccc(-c4ccccc4)c3)c2)c1,COc1c(-c2ccccc2)cccc1-c1cccc(-c2cccc(N)c2)c1
fraggfn_clpp,greedy_oracle,107,107,111,1,-9.9,Nc1cccc(-c2cccc(-c3cccc(-c4ccccc4)c3)c2)c1,Nc1cc(-c2cccc(-c3cccc(-c4ccccc4)c3)c2)ccc1N1C=CCC=C1
fraggfn_clpp,greedy_oracle,108,108,112,1,-9.9,Nc1cccc(-c2cccc(-c3cccc(-c4ccccc4)c3)c2)c1,Nc1cccc(-c2cccc(-c3cccc(-c4ccccc4)c3)c2)c1-[n+]1ccccc1
fraggfn_clpp,greedy_oracle,109,109,113,1,-9.9,Nc1cccc(-c2cccc(-c3cccc(-c4ccccc4)c3)c2)c1,Nc1cccc(-c2cccc(-c3cccc(-c4ccccc4N4CCCC4)c3)c2)c1
fraggfn_clpp,greedy_oracle,110,110,114,1,-9.8,Nc1cccc(-c2cccc(-c3cccc(-c4ccccc4)c3)c2)c1,Nc1cc(-c2cccc(-c3cccc(-c4ccccc4)c3)c2)ccc1C1=CNC=CC1
fraggfn_clpp,greedy_oracle,111,111,115,1,-9.8,Nc1cccc(-c2cccc(-c3cccc(-c4ccccc4)c3)c2)c1,CC(=O)NCc1cc(N)cc(-c2cccc(-c3cccc(-c4ccccc4)c3)c2)c1
fraggfn_clpp,greedy_oracle,112,112,116,1,-9.8,Nc1cccc(-c2cccc(-c3cccc(-c4ccccc4)c3)c2)c1,Nc1cccc(-c2cccc(-c3cccc(-c4ccccc4)c3)c2)c1NC=O
fraggfn_clpp,greedy_oracle,113,113,117,1,-9.8,Nc1cccc(-c2cccc(-c3cccc(-c4ccccc4)c3)c2)c1,Nc1cccc(-c2cccc(-c3cccc(-c4ccccc4CNC=O)c3)c2)c1
fraggfn_clpp,greedy_oracle,114,114,118,1,-9.5,Nc1cccc(-c2cccc(-c3cccc(-c4ccccc4)c3)c2)c1,Nc1cccc(-c2cccc(-c3cccc(-c4ccccc4)c3)c2)c1-c1ccc[nH+]c1
fraggfn_clpp,greedy_oracle,115,115,119,1,-9.4,Nc1cccc(-c2cccc(-c3cccc(-c4ccccc4)c3)c2)c1,Nc1cccc(-c2cccc(-c3cccc(-c4ccccc4)c3)c2)c1-c1c[nH]c2ccccc12
fraggfn_clpp,greedy_oracle,116,116,120,1,-9.0,Nc1cccc(-c2cccc(-c3cccc(-c4ccccc4)c3)c2)c1,Nc1cccc(-c2cccc(-c3cccc(-c4ccccc4)c3)c2)c1N1CCCC1
fraggfn_clpp,greedy_oracle,117,117,121,1,-9.0,Nc1cccc(-c2cccc(-c3cccc(-c4ccccc4)c3)c2)c1,Nc1cccc(-c2cccc(-c3cccc(-c4ccccc4)c3)c2)c1P(=O)([O-])O
fraggfn_clpp,greedy_oracle,118,118,122,1,-9.0,Nc1cccc(-c2cccc(-c3cccc(-c4ccccc4)c3)c2)c1,Nc1cccc(-c2cccc(-c3cccc(-c4ccccc4)c3)c2C2=CNC=CC2)c1
fraggfn_clpp,greedy_oracle,119,119,123,1,-8.6,Nc1cccc(-c2cccc(-c3cccc(-c4ccccc4)c3)c2)c1,Nc1cccc(-c2cccc(-c3cccc(-c4ccccc4)c3N3C=CCC=C3)c2)c1
fraggfn_clpp,greedy_oracle,120,120,128,5,-13.2,c1ccc(-c2cccc(-c3cccc(-c4cccc(-c5cccnc5)c4)c3)c2)cc1,FC(F)(F)c1ccc(-c2cccc(-c3cccc(-c4cccc(-c5ccccc5)c4)c3)c2)cn1
fraggfn_clpp,greedy_oracle,121,121,129,1,-13.1,c1ccc(-c2cccc(-c3cccc(-c4cccc(-c5cccnc5)c4)c3)c2)cc1,CC=Cc1cncc(-c2cccc(-c3cccc(-c4cccc(-c5ccccc5)c4)c3)c2)c1
fraggfn_clpp,greedy_oracle,122,122,130,1,-13.0,c1ccc(-c2cccc(-c3cccc(-c4cccc(-c5cccnc5)c4)c3)c2)cc1,O=c1[nH]c(-c2cc(-c3cccnc3)cc(-c3cccc(-c4cccc(-c5ccccc5)c4)c3)c2)nc2[nH]cnc12
fraggfn_clpp,greedy_oracle,123,123,131,1,-12.9,c1ccc(-c2cccc(-c3cccc(-c4cccc(-c5cccnc5)c4)c3)c2)cc1,c1ccc(-c2cccc(-c3cccc(-c4cc(-c5cccnc5)cc(C5CCNCC5)c4)c3)c2)cc1
fraggfn_clpp,greedy_oracle,124,124,132,1,-12.8,c1ccc(-c2cccc(-c3cccc(-c4cccc(-c5cccnc5)c4)c3)c2)cc1,c1ccc(-c2cccc(-c3ccc(-c4ncnc5[nH]cnc45)c(-c4cccc(-c5cccnc5)c4)c3)c2)cc1
fraggfn_clpp,greedy_oracle,125,125,133,1,-12.8,c1ccc(-c2cccc(-c3cccc(-c4cccc(-c5cccnc5)c4)c3)c2)cc1,c1ccc(-c2cccc(-c3ccc(-n4cnc5cncnc54)c(-c4cccc(-c5cccnc5)c4)c3)c2)cc1
fraggfn_clpp,greedy_oracle,126,126,134,1,-12.8,c1ccc(-c2cccc(-c3cccc(-c4cccc(-c5cccnc5)c4)c3)c2)cc1,CC=Cc1cccc(-c2cccc(-c3cccc(-c4cccc(-c5cccnc5)c4)c3)c2)c1
fraggfn_clpp,greedy_oracle,127,127,135,1,-12.8,c1ccc(-c2cccc(-c3cccc(-c4cccc(-c5cccnc5)c4)c3)c2)cc1,c1ccc(-c2cccc(-c3cccc(-c4cccc(-c5cncc(C6CC6)c5)c4)c3)c2)cc1
fraggfn_clpp,greedy_oracle,128,128,136,1,-12.7,c1ccc(-c2cccc(-c3cccc(-c4cccc(-c5cccnc5)c4)c3)c2)cc1,O=c1[nH]cnc2c1NC(c1cc(-c3cccnc3)cc(-c3cccc(-c4cccc(-c5ccccc5)c4)c3)c1)CN2
fraggfn_clpp,greedy_oracle,129,129,137,1,-12.7,c1ccc(-c2cccc(-c3cccc(-c4cccc(-c5cccnc5)c4)c3)c2)cc1,CCc1ccc(-c2cccc(-c3cccc(-c4cccc(-c5cccnc5)c4)c3)c2)cc1
fraggfn_clpp,greedy_oracle,130,130,138,1,-12.6,c1ccc(-c2cccc(-c3cccc(-c4cccc(-c5cccnc5)c4)c3)c2)cc1,O=c1[nH]cnc2c1ncn2-c1cc(-c2cccnc2)cc(-c2cccc(-c3cccc(-c4ccccc4)c3)c2)c1
fraggfn_clpp,greedy_oracle,131,131,139,1,-12.6,c1ccc(-c2cccc(-c3cccc(-c4cccc(-c5cccnc5)c4)c3)c2)cc1,C=C(C)c1cncc(-c2cccc(-c3cccc(-c4cccc(-c5ccccc5)c4)c3)c2)c1
fraggfn_clpp,greedy_oracle,132,132,140,1,-12.6,c1ccc(-c2cccc(-c3cccc(-c4cccc(-c5cccnc5)c4)c3)c2)cc1,c1ccc(-c2cccc(-c3cccc(-c4cccc(-c5cccnc5-c5ccc6ccccc6c5)c4)c3)c2)cc1
fraggfn_clpp,greedy_oracle,133,133,141,1,-12.5,c1ccc(-c2cccc(-c3cccc(-c4cccc(-c5cccnc5)c4)c3)c2)cc1,c1ccc(-c2cccc(-c3cccc(-c4cc(-c5cccnc5)ccc4C4CCCN4)c3)c2)cc1
fraggfn_clpp,greedy_oracle,134,134,142,1,-12.5,c1ccc(-c2cccc(-c3cccc(-c4cccc(-c5cccnc5)c4)c3)c2)cc1,c1ccc(-c2cccc(-c3cccc(-c4cc(-c5cccnc5)cc(N5CCOCC5)c4)c3)c2)cc1
fraggfn_clpp,greedy_oracle,135,135,143,1,-12.5,c1ccc(-c2cccc(-c3cccc(-c4cccc(-c5cccnc5)c4)c3)c2)cc1,C1=CCC(c2cccc(-c3cccc(-c4cccc(-c5cccc(-c6cccnc6)c5)c4)c3)c2)CC1
fraggfn_clpp,greedy_oracle,136,136,144,1,-12.3,c1ccc(-c2cccc(-c3cccc(-c4cccc(-c5cccnc5)c4)c3)c2)cc1,O=c1nc2n(-c3cc(-c4cccc(-c5ccccc5)c4)cc(-c4cccc(-c5cccnc5)c4)c3)c3ccccc3nc-2c(=O)[nH]1
fraggfn_clpp,greedy_oracle,137,137,145,1,-12.3,c1ccc(-c2cccc(-c3cccc(-c4cccc(-c5cccnc5)c4)c3)c2)cc1,Fc1ccc(-c2cccc(-c3cccc(-c4ccccc4)c3)c2)cc1-c1cccnc1
fraggfn_clpp,greedy_oracle,138,138,146,1,-12.2,c1ccc(-c2cccc(-c3cccc(-c4cccc(-c5cccnc5)c4)c3)c2)cc1,CNC(=O)c1ccc(-c2cccc(-c3cccnc3)c2)cc1-c1cccc(-c2ccccc2)c1
fraggfn_clpp,greedy_oracle,139,139,147,1,-12.2,c1ccc(-c2cccc(-c3cccc(-c4cccc(-c5cccnc5)c4)c3)c2)cc1,Cc1ccccc1-c1cccc(-c2cccc(-c3cccc(-c4cccnc4)c3)c2)c1
fraggfn_clpp,greedy_oracle,140,140,148,1,-12.2,c1ccc(-c2cccc(-c3cccc(-c4cccc(-c5cccnc5)c4)c3)c2)cc1,CC(=O)c1cccc(-c2cccc(-c3cccc(-c4cccc(-c5cccnc5)c4)c3)c2)c1
fraggfn_clpp,greedy_oracle,141,141,149,1,-12.2,c1ccc(-c2cccc(-c3cccc(-c4cccc(-c5cccnc5)c4)c3)c2)cc1,O=CNCc1cccc(-c2cccc(-c3cccc(-c4cccc(-c5cccnc5)c4)c3)c2)c1
fraggfn_clpp,greedy_oracle,142,142,150,1,-12.1,c1ccc(-c2cccc(-c3cccc(-c4cccc(-c5cccnc5)c4)c3)c2)cc1,FC(F)(F)c1cccc(-c2cccc(-c3cccc(-c4cccc(-c5cccnc5)c4)c3)c2)c1
fraggfn_clpp,greedy_oracle,143,143,151,1,-12.1,c1ccc(-c2cccc(-c3cccc(-c4cccc(-c5cccnc5)c4)c3)c2)cc1,O=CNCc1cncc(-c2cccc(-c3cccc(-c4cccc(-c5ccccc5)c4)c3)c2)c1
fraggfn_clpp,greedy_oracle,144,144,152,1,-12.0,c1ccc(-c2cccc(-c3cccc(-c4cccc(-c5cccnc5)c4)c3)c2)cc1,O=c1[nH]c(-c2ccccc2-c2cccc(-c3cccc(-c4cccc(-c5cccnc5)c4)c3)c2)nc2c1NCCN2
fraggfn_clpp,greedy_oracle,145,145,153,1,-11.9,c1ccc(-c2cccc(-c3cccc(-c4cccc(-c5cccnc5)c4)c3)c2)cc1,C1=CC(c2ccc(-c3cccc(-c4cccc(-c5ccccc5)c4)c3)cc2-c2cccnc2)CCC1
fraggfn_clpp,greedy_oracle,146,146,154,1,-11.9,c1ccc(-c2cccc(-c3cccc(-c4cccc(-c5cccnc5)c4)c3)c2)cc1,O=c1nc(-c2ccc(-c3cccnc3)cc2-c2cccc(-c3cccc(-c4ccccc4)c3)c2)cc[nH]1
fraggfn_clpp,greedy_oracle,147,147,155,1,-11.9,c1ccc(-c2cccc(-c3cccc(-c4cccc(-c5cccnc5)c4)c3)c2)cc1,Cc1ncccc1-c1cccc(-c2cccc(-c3cccc(-c4ccccc4)c3)c2)c1
fraggfn_clpp,greedy_oracle,148,148,156,1,-11.9,c1ccc(-c2cccc(-c3cccc(-c4cccc(-c5cccnc5)c4)c3)c2)cc1,c1ccc(-c2cccc(-c3cccc(-c4cccc(-c5cncc(-c6cc[nH]n6)c5)c4)c3)c2)cc1
fraggfn_clpp,greedy_oracle,149,149,157,1,-11.8,c1ccc(-c2cccc(-c3cccc(-c4cccc(-c5cccnc5)c4)c3)c2)cc1,c1ccc(-c2cccc(-c3cccc(-c4cccc(-c5cncc(N6CCCC6)c5)c4)c3)c2)cc1
fraggfn_clpp,greedy_oracle,150,150,158,1,-11.7,c1ccc(-c2cccc(-c3cccc(-c4cccc(-c5cccnc5)c4)c3)c2)cc1,c1ccc(-c2cc(-c3cccc(-c4cccc(-c5cccnc5)c4)c3)cc(C3CCCCO3)c2)cc1
fraggfn_clpp,greedy_oracle,151,151,159,1,-11.6,c1ccc(-c2cccc(-c3cccc(-c4cccc(-c5cccnc5)c4)c3)c2)cc1,Brc1ccc(-c2cccc(-c3cccc(-c4cccnc4)c3)c2)cc1-c1ccccc1
fraggfn_clpp,greedy_oracle,152,152,160,1,-11.6,c1ccc(-c2cccc(-c3cccc(-c4cccc(-c5cccnc5)c4)c3)c2)cc1,c1ccc(-c2cccc(-c3cccc(-c4cccc(-c5cccnc5N5CCNCC5)c4)c3)c2)cc1
fraggfn_clpp,greedy_oracle,153,153,161,1,-11.5,c1ccc(-c2cccc(-c3cccc(-c4cccc(-c5cccnc5)c4)c3)c2)cc1,O=c1ccn(-c2cc(-c3ccccc3)cc(-c3cccc(-c4cccc(-c5cccnc5)c4)c3)c2)c(=O)[nH]1
fraggfn_clpp,greedy_oracle,154,154,162,1,-11.4,c1ccc(-c2cccc(-c3cccc(-c4cccc(-c5cccnc5)c4)c3)c2)cc1,c1cncc(-c2cccc(-c3cccc(-c4cccc(-c5cccc(-c6ccc7ccccc7c6)c5)c4)c3)c2)c1
fraggfn_clpp,greedy_oracle,155,155,163,1,-11.3,c1ccc(-c2cccc(-c3cccc(-c4cccc(-c5cccnc5)c4)c3)c2)cc1,Nc1ccncc1-c1cccc(-c2cccc(-c3cccc(-c4ccccc4)c3)c2)c1
fraggfn_clpp,greedy_oracle,156,156,164,1,-11.2,c1ccc(-c2cccc(-c3cccc(-c4cccc(-c5cccnc5)c4)c3)c2)cc1,c1cncc(-c2cccc(-c3cccc(-c4cccc(-c5ccccc5-c5c[nH]c6ccccc56)c4)c3)c2)c1
fraggfn_clpp,greedy_oracle,157,157,165,1,-11.2,c1ccc(-c2cccc(-c3cccc(-c4cccc(-c5cccnc5)c4)c3)c2)cc1,C1=C(c2ncccc2-c2cccc(-c3cccc(-c4cccc(-c5ccccc5)c4)c3)c2)CCCC1
fraggfn_clpp,greedy_oracle,158,158,166,1,-11.2,c1ccc(-c2cccc(-c3cccc(-c4cccc(-c5cccnc5)c4)c3)c2)cc1,c1ccc(-c2cccc(-c3cccc(-c4cccc(-c5cnccc5C5CCCCC5)c4)c3)c2)cc1
fraggfn_clpp,greedy_oracle,159,159,167,1,-11.2,c1ccc(-c2cccc(-c3cccc(-c4cccc(-c5cccnc5)c4)c3)c2)cc1,c1ccc(-c2cccc(-c3cccc(-c4cccc(-c5cccnc5C5CCCNC5)c4)c3)c2)cc1
fraggfn_clpp,greedy_oracle,160,160,168,1,-11.2,c1ccc(-c2cccc(-c3cccc(-c4cccc(-c5cccnc5)c4)c3)c2)cc1,CNC(=O)c1ccc(-c2cccc(-c3cccc(-c4cccc(-c5ccccc5)c4)c3)c2)cn1
fraggfn_clpp,greedy_oracle,161,161,169,1,-11.2,c1ccc(-c2cccc(-c3cccc(-c4cccc(-c5cccnc5)c4)c3)c2)cc1,c1ccc(-c2cccc(-c3cccc(-c4cccc(-c5cncc(-c6cccs6)c5)c4)c3)c2)cc1
fraggfn_clpp,greedy_oracle,162,162,170,1,-11.1,c1ccc(-c2cccc(-c3cccc(-c4cccc(-c5cccnc5)c4)c3)c2)cc1,C1=CNC=C(c2cc(-c3cccc(-c4ccccc4)c3)cc(-c3cccc(-c4cccnc4)c3)c2)C1
fraggfn_clpp,greedy_oracle,163,163,171,1,-11.0,c1ccc(-c2cccc(-c3cccc(-c4cccc(-c5cccnc5)c4)c3)c2)cc1,c1ccc(-c2cccc(-c3cccc(-c4cccc(-c5cccnc5)c4C4CC4)c3)c2)cc1
fraggfn_clpp,greedy_oracle,164,164,172,1,-11.0,c1ccc(-c2cccc(-c3cccc(-c4cccc(-c5cccnc5)c4)c3)c2)cc1,c1cncc(-c2cccc(-c3cccc(-c4cccc(-c5ccccc5C5CCNC5)c4)c3)c2)c1
fraggfn_clpp,greedy_oracle,165,165,173,1,-11.0,c1ccc(-c2cccc(-c3cccc(-c4cccc(-c5cccnc5)c4)c3)c2)cc1,c1cncc(-c2cccc(-c3cccc(-c4cccc(-c5cccc(-c6cscn6)c5)c4)c3)c2)c1
fraggfn_clpp,greedy_oracle,166,166,174,1,-11.0,c1ccc(-c2cccc(-c3cccc(-c4cccc(-c5cccnc5)c4)c3)c2)cc1,c1ccc(-c2cccc(-c3cccc(-c4cccc(-c5ccc(C6CCCO6)nc5)c4)c3)c2)cc1
fraggfn_clpp,greedy_oracle,167,167,175,1,-11.0,c1ccc(-c2cccc(-c3cccc(-c4cccc(-c5cccnc5)c4)c3)c2)cc1,O=[SH](=O)c1cncc(-c2cccc(-c3cccc(-c4cccc(-c5ccccc5)c4)c3)c2)c1
fraggfn_clpp,greedy_oracle,168,168,176,1,-10.9,c1ccc(-c2cccc(-c3cccc(-c4cccc(-c5cccnc5)c4)c3)c2)cc1,O=c1[nH]cc(-c2cc(-c3cccc(-c4ccccc4)c3)cc(-c3cccc(-c4cccnc4)c3)c2)c(=O)[nH]1
fraggfn_clpp,greedy_oracle,169,169,177,1,-10.8,c1ccc(-c2cccc(-c3cccc(-c4cccc(-c5cccnc5)c4)c3)c2)cc1,c1cncc(-c2cccc(-c3cccc(-c4cccc(-c5ccccc5N5CCOCC5)c4)c3)c2)c1
fraggfn_clpp,greedy_oracle,170,170,178,1,-10.8,c1ccc(-c2cccc(-c3cccc(-c4cccc(-c5cccnc5)c4)c3)c2)cc1,c1ccc(-c2cccc(-c3cccc(-c4cccc(-c5ccc(-c6ccn[nH]6)nc5)c4)c3)c2)cc1
fraggfn_clpp,greedy_oracle,171,171,179,1,-10.7,c1ccc(-c2cccc(-c3cccc(-c4cccc(-c5cccnc5)c4)c3)c2)cc1,c1cncc(-c2cccc(-c3cccc(-c4cccc(-c5ccccc5[NH+]5CCOCC5)c4)c3)c2)c1
fraggfn_clpp,greedy_oracle,172,172,180,1,-10.6,c1ccc(-c2cccc(-c3cccc(-c4cccc(-c5cccnc5)c4)c3)c2)cc1,c1cncc(-c2cccc(-c3cccc(-c4cccc(-c5ccc(C6CCOC6)cc5)c4)c3)c2)c1
fraggfn_clpp,greedy_oracle,173,173,181,1,-10.6,c1ccc(-c2cccc(-c3cccc(-c4cccc(-c5cccnc5)c4)c3)c2)cc1,O=c1ncccn1-c1cccc(-c2cccc(-c3cccc(-c4cccc(-c5cccnc5)c4)c3)c2)c1
fraggfn_clpp,greedy_oracle,174,174,182,1,-10.6,c1ccc(-c2cccc(-c3cccc(-c4cccc(-c5cccnc5)c4)c3)c2)cc1,O=CNCc1ccc(-c2cccc(-c3cccc(-c4cccc(-c5ccccc5)c4)c3)c2)cn1
fraggfn_clpp,greedy_oracle,175,175,183,1,-10.5,c1ccc(-c2cccc(-c3cccc(-c4cccc(-c5cccnc5)c4)c3)c2)cc1,O=CNCc1c(-c2cccc(-c3ccccc3)c2)cccc1-c1cccc(-c2cccnc2)c1
fraggfn_clpp,greedy_oracle,176,176,184,1,-10.5,c1ccc(-c2cccc(-c3cccc(-c4cccc(-c5cccnc5)c4)c3)c2)cc1,c1cncc(-c2cccc(-c3cccc(-c4cccc(-c5cccc(-c6ccn[nH]6)c5)c4)c3)c2)c1
fraggfn_clpp,greedy_oracle,177,177,185,1,-10.3,c1ccc(-c2cccc(-c3cccc(-c4cccc(-c5cccnc5)c4)c3)c2)cc1,O=c1ncccn1-c1ccncc1-c1cccc(-c2cccc(-c3cccc(-c4ccccc4)c3)c2)c1
fraggfn_clpp,greedy_oracle,178,178,186,1,-10.3,c1ccc(-c2cccc(-c3cccc(-c4cccc(-c5cccnc5)c4)c3)c2)cc1,c1ccc(-c2cccc(-c3cccc(-c4cccc(-c5ccc(-n6cccn6)nc5)c4)c3)c2)cc1
fraggfn_clpp,greedy_oracle,179,179,187,1,-10.2,c1ccc(-c2cccc(-c3cccc(-c4cccc(-c5cccnc5)c4)c3)c2)cc1,C1=C(c2cccc(-c3cccc(-c4cccc(-c5cccc(-c6cccnc6)c5)c4)c3)c2)CCCC1
fraggfn_clpp,greedy_oracle,180,180,188,1,-10.2,c1ccc(-c2cccc(-c3cccc(-c4cccc(-c5cccnc5)c4)c3)c2)cc1,c1ccc(-c2cccc(-c3cccc(-c4cccc(-c5cncc([NH+]6CCOCC6)c5)c4)c3)c2)cc1
fraggfn_clpp,greedy_oracle,181,181,189,1,-10.2,c1ccc(-c2cccc(-c3cccc(-c4cccc(-c5cccnc5)c4)c3)c2)cc1,O=CNCc1ccncc1-c1cccc(-c2cccc(-c3cccc(-c4ccccc4)c3)c2)c1
fraggfn_clpp,greedy_oracle,182,182,190,1,-10.0,c1ccc(-c2cccc(-c3cccc(-c4cccc(-c5cccnc5)c4)c3)c2)cc1,O=[PH]([O-])c1c(-c2ccccc2)cccc1-c1cccc(-c2cccc(-c3cccnc3)c2)c1
fraggfn_clpp,greedy_oracle,183,183,191,1,-10.0,c1ccc(-c2cccc(-c3cccc(-c4cccc(-c5cccnc5)c4)c3)c2)cc1,c1cncc(-c2cccc(-c3cccc(-c4cccc(-c5cccc(N6CCNCC6)c5)c4)c3)c2)c1
fraggfn_clpp,greedy_oracle,184,184,192,1,-9.7,c1ccc(-c2cccc(-c3cccc(-c4cccc(-c5cccnc5)c4)c3)c2)cc1,c1ccc(-c2cccc(-c3cccc(-c4cccc(-c5cccnc5)c4-c4cccc5ccccc45)c3)c2)cc1
fraggfn_clpp,greedy_oracle,185,185,193,1,-9.7,c1ccc(-c2cccc(-c3cccc(-c4cccc(-c5cccnc5)c4)c3)c2)cc1,O=P([O-])(O)c1cccc(-c2cccc(-c3cccc(-c4cccc(-c5cccnc5)c4)c3)c2)c1
fraggfn_clpp,greedy_oracle,186,186,194,1,-8.5,c1ccc(-c2cccc(-c3cccc(-c4cccc(-c5cccnc5)c4)c3)c2)cc1,c1ccc(-c2cccc(-c3cccc(-c4cccc(-c5cccnc5)c4)c3-c3nccs3)c2)cc1
fraggfn_clpp,greedy_oracle,187,187,195,1,-8.4,c1ccc(-c2cccc(-c3cccc(-c4cccc(-c5cccnc5)c4)c3)c2)cc1,c1ccc(-c2cccc(-c3cccc(-c4cccc(-c5cccnc5)c4)c3N3CCNCC3)c2)cc1
fraggfn_clpp,greedy_oracle,188,188,196,1,-8.2,c1ccc(-c2cccc(-c3cccc(-c4cccc(-c5cccnc5)c4)c3)c2)cc1,O=c1nc(-c2ccc(-c3cccc(-c4cccc(-c5cccc(-c6ccccc6)c5)c4)c3)cn2)cc[nH]1
fraggfn_clpp,greedy_oracle,189,189,197,1,-8.1,c1ccc(-c2cccc(-c3cccc(-c4cccc(-c5cccnc5)c4)c3)c2)cc1,c1ccc(-c2cccc(-c3cccc(-c4cccc(-c5ccc(-c6c[nH]c7ccccc67)nc5)c4)c3)c2)cc1
fraggfn_clpp,greedy_oracle,190,190,202,5,-12.9,C=Cc1ccc(-c2cccc(-c3cccc(-c4ccccc4)c3)c2)cc1,C=Cc1ccc(-c2cccc(-c3cc(-c4ccccc4)ccc3-c3nc4c(c(=O)[nH]3)NCCN4)c2)cc1
fraggfn_clpp,greedy_oracle,191,191,203,1,-12.6,C=Cc1ccc(-c2cccc(-c3cccc(-c4ccccc4)c3)c2)cc1,C=Cc1ccc(-c2cccc(-c3cccc(-c4cccc(-c5cc[nH]c(=O)n5)c4)c3)c2)cc1
fraggfn_clpp,greedy_oracle,192,192,204,1,-12.5,C=Cc1ccc(-c2cccc(-c3cccc(-c4ccccc4)c3)c2)cc1,C=Cc1ccc(-c2cccc(-c3cccc(-c4cccc(C(=O)NO)c4)c3)c2)cc1
fraggfn_clpp,greedy_oracle,193,193,205,1,-12.5,C=Cc1ccc(-c2cccc(-c3cccc(-c4ccccc4)c3)c2)cc1,C=Cc1ccc(-c2cccc(-c3cc(-c4ccccc4)ccc3-c3c[nH]c4ccccc34)c2)cc1
fraggfn_clpp,greedy_oracle,194,194,206,1,-12.5,C=Cc1ccc(-c2cccc(-c3cccc(-c4ccccc4)c3)c2)cc1,C=Cc1ccc(-c2cc(-c3cccc(-c4ccccc4)c3)cc(C3CCCNC3)c2)cc1
fraggfn_clpp,greedy_oracle,195,195,207,1,-12.3,C=Cc1ccc(-c2cccc(-c3cccc(-c4ccccc4)c3)c2)cc1,C=Cc1ccc(-c2cccc(-c3cc(-c4ccccc4)ccc3C3CCCCC3)c2)cc1
fraggfn_clpp,greedy_oracle,196,196,208,1,-12.2,C=Cc1ccc(-c2cccc(-c3cccc(-c4ccccc4)c3)c2)cc1,C=Cc1ccc(-c2cccc(-c3cccc(-c4cccc(C(F)(F)F)c4)c3)c2)cc1
fraggfn_clpp,greedy_oracle,197,197,209,1,-12.2,C=Cc1ccc(-c2cccc(-c3cccc(-c4ccccc4)c3)c2)cc1,C=Cc1ccc(-c2cccc(-c3cccc(-c4cccc(-c5cn[nH]c5)c4)c3)c2)cc1
fraggfn_clpp,greedy_oracle,198,198,210,1,-12.2,C=Cc1ccc(-c2cccc(-c3cccc(-c4ccccc4)c3)c2)cc1,C=Cc1ccc(-c2cc(-c3cccc(-c4ccccc4)c3)cc([NH+]3CCOCC3)c2)cc1
fraggfn_clpp,greedy_oracle,199,199,211,1,-12.2,C=Cc1ccc(-c2cccc(-c3cccc(-c4ccccc4)c3)c2)cc1,FC=Cc1ccc(-c2cccc(-c3cccc(-c4ccccc4)c3)c2)cc1
fraggfn_clpp,greedy_oracle,200,200,212,1,-12.1,C=Cc1ccc(-c2cccc(-c3cccc(-c4ccccc4)c3)c2)cc1,C=Cc1ccc(-c2cccc(-c3cc(-c4ccccc4)ccc3NC(C)=O)c2)cc1
fraggfn_clpp,greedy_oracle,201,201,213,1,-12.1,C=Cc1ccc(-c2cccc(-c3cccc(-c4ccccc4)c3)c2)cc1,C=Cc1ccc(-c2cc(-c3ccc[nH+]c3)cc(-c3cccc(-c4ccccc4)c3)c2)cc1
fraggfn_clpp,greedy_oracle,202,202,214,1,-12.1,C=Cc1ccc(-c2cccc(-c3cccc(-c4ccccc4)c3)c2)cc1,C=Cc1ccc(-c2cccc(-c3cccc(-c4ccccc4)c3)c2)cc1C
fraggfn_clpp,greedy_oracle,203,203,215,1,-12.0,C=Cc1ccc(-c2cccc(-c3cccc(-c4ccccc4)c3)c2)cc1,C=Cc1ccc(-c2cccc(-c3cc(-c4ccccc4)ccc3N3C=CCC=C3)c2)cc1
fraggfn_clpp,greedy_oracle,204,204,216,1,-11.9,C=Cc1ccc(-c2cccc(-c3cccc(-c4ccccc4)c3)c2)cc1,C=Cc1ccc(-c2cccc(-c3cc(-c4ccccc4)ccc3-c3nccs3)c2)cc1
fraggfn_clpp,greedy_oracle,205,205,217,1,-11.8,C=Cc1ccc(-c2cccc(-c3cccc(-c4ccccc4)c3)c2)cc1,C=Cc1ccc(-c2cccc(-c3cccc(-c4ccccc4)c3)c2)cc1C1CCCCC1
fraggfn_clpp,greedy_oracle,206,206,218,1,-11.7,C=Cc1ccc(-c2cccc(-c3cccc(-c4ccccc4)c3)c2)cc1,C=Cc1ccc(-c2cc(-c3cccc(-c4ccccc4)c3)ccc2O)cc1
fraggfn_clpp,greedy_oracle,207,207,219,1,-11.6,C=Cc1ccc(-c2cccc(-c3cccc(-c4ccccc4)c3)c2)cc1,C=Cc1ccc(-c2cccc(-c3cccc(-c4cccc(N5C=CCC=C5)c4)c3)c2)cc1
fraggfn_clpp,greedy_oracle,208,208,220,1,-11.6,C=Cc1ccc(-c2cccc(-c3cccc(-c4ccccc4)c3)c2)cc1,C=Cc1ccc(-c2cccc(-c3cccc(-c4cccc(-c5cccc6ccccc56)c4)c3)c2)cc1
fraggfn_clpp,greedy_oracle,209,209,221,1,-11.6,C=Cc1ccc(-c2cccc(-c3cccc(-c4ccccc4)c3)c2)cc1,C=Cc1ccc(-c2cc(-c3cccc(-c4ccccc4)c3)cc(-n3cccn3)c2)cc1
fraggfn_clpp,greedy_oracle,210,210,222,1,-11.6,C=Cc1ccc(-c2cccc(-c3cccc(-c4ccccc4)c3)c2)cc1,C=Cc1ccc(-c2cccc(-c3cccc(-c4ccccc4)c3)c2)cc1N1CCCCC1
fraggfn_clpp,greedy_oracle,211,211,223,1,-11.5,C=Cc1ccc(-c2cccc(-c3cccc(-c4ccccc4)c3)c2)cc1,C=Cc1ccc(-c2cccc(-c3cccc(-c4cccc(C5CCOCC5)c4)c3)c2)cc1
fraggfn_clpp,greedy_oracle,212,212,224,1,-11.5,C=Cc1ccc(-c2cccc(-c3cccc(-c4ccccc4)c3)c2)cc1,C=Cc1ccc(-c2cccc(-c3cccc(-c4ccccc4)c3)c2)cc1C1=CCCCC1
fraggfn_clpp,greedy_oracle,213,213,225,1,-11.5,C=Cc1ccc(-c2cccc(-c3cccc(-c4ccccc4)c3)c2)cc1,C=Cc1ccc(-c2cccc(-c3cccc(-c4ccccc4)c3)c2)cc1-c1ccccn1
fraggfn_clpp,greedy_oracle,214,214,226,1,-11.4,C=Cc1ccc(-c2cccc(-c3cccc(-c4ccccc4)c3)c2)cc1,C=Cc1ccc(-c2cccc(-c3cccc(-c4ccccc4)c3)c2)c(F)c1
fraggfn_clpp,greedy_oracle,215,215,227,1,-11.0,C=Cc1ccc(-c2cccc(-c3cccc(-c4ccccc4)c3)c2)cc1,C=Cc1ccc(-c2cccc(-c3cccc(-c4ccc(C5CC=CCC5)cc4)c3)c2)cc1
fraggfn_clpp,greedy_oracle,216,216,228,1,-11.0,C=Cc1ccc(-c2cccc(-c3cccc(-c4ccccc4)c3)c2)cc1,C=Cc1ccc(-c2cccc(-c3cccc(-c4cccc([PH](=O)O)c4)c3)c2)cc1
fraggfn_clpp,greedy_oracle,217,217,229,1,-10.9,C=Cc1ccc(-c2cccc(-c3cccc(-c4ccccc4)c3)c2)cc1,C=Cc1ccc(-c2cccc(-c3cc(-c4ccccc4)cc(-c4ccncn4)c3)c2)cc1
fraggfn_clpp,greedy_oracle,218,218,230,1,-10.9,C=Cc1ccc(-c2cccc(-c3cccc(-c4ccccc4)c3)c2)cc1,C(=CC1CCCNC1)c1ccc(-c2cccc(-c3cccc(-c4ccccc4)c3)c2)cc1
fraggfn_clpp,greedy_oracle,219,219,231,1,-10.8,C=Cc1ccc(-c2cccc(-c3cccc(-c4ccccc4)c3)c2)cc1,O=c1nc2n(C=Cc3ccc(-c4cccc(-c5cccc(-c6ccccc6)c5)c4)cc3)c3ccccc3nc-2c(=O)[nH]1
fraggfn_clpp,greedy_oracle,220,220,232,1,-10.8,C=Cc1ccc(-c2cccc(-c3cccc(-c4ccccc4)c3)c2)cc1,O=c1nc(C=Cc2ccc(-c3cccc(-c4cccc(-c5ccccc5)c4)c3)cc2)cc[nH]1
fraggfn_clpp,greedy_oracle,221,221,233,1,-10.7,C=Cc1ccc(-c2cccc(-c3cccc(-c4ccccc4)c3)c2)cc1,C=Cc1ccc(-c2cccc(-c3cccc(-c4ccccc4)c3C)c2)cc1
fraggfn_clpp,greedy_oracle,222,222,234,1,-10.4,C=Cc1ccc(-c2cccc(-c3cccc(-c4ccccc4)c3)c2)cc1,C=Cc1ccc(-c2cccc(-c3cccc(-c4cccc(CNC(C)=O)c4)c3)c2)cc1
fraggfn_clpp,greedy_oracle,223,223,235,1,-10.2,C=Cc1ccc(-c2cccc(-c3cccc(-c4ccccc4)c3)c2)cc1,C=Cc1ccc(-c2cccc(-c3cccc(-c4ccccc4-n4ccc(=O)[nH]c4=O)c3)c2)cc1
fraggfn_clpp,greedy_oracle,224,224,236,1,-10.2,C=Cc1ccc(-c2cccc(-c3cccc(-c4ccccc4)c3)c2)cc1,C=Cc1ccc(-c2cccc(-c3cccc(-c4ccccc4)c3)c2)c(C2CCCOC2)c1
fraggfn_clpp,greedy_oracle,225,225,237,1,-10.1,C=Cc1ccc(-c2cccc(-c3cccc(-c4ccccc4)c3)c2)cc1,C=Cc1ccc(-c2cccc(-c3cccc(-c4ccccc4C4=CNC=CC4)c3)c2)cc1
fraggfn_clpp,greedy_oracle,226,226,238,1,-10.1,C=Cc1ccc(-c2cccc(-c3cccc(-c4ccccc4)c3)c2)cc1,C=Cc1ccc(-c2cccc(-c3cccc(-c4cccc(-n5cnc6c(=O)[nH]cnc65)c4)c3)c2)cc1
fraggfn_clpp,greedy_oracle,227,227,239,1,-10.1,C=Cc1ccc(-c2cccc(-c3cccc(-c4ccccc4)c3)c2)cc1,C=Cc1ccc(-c2cccc(-c3cccc(-c4ccccc4-c4c[nH]c(=O)[nH]c4=O)c3)c2)cc1
fraggfn_clpp,greedy_oracle,228,228,240,1,-10.1,C=Cc1ccc(-c2cccc(-c3cccc(-c4ccccc4)c3)c2)cc1,O=c1[nH]cnc2c1ncn2C=Cc1ccc(-c2cccc(-c3cccc(-c4ccccc4)c3)c2)cc1
fraggfn_clpp,greedy_oracle,229,229,241,1,-10.0,C=Cc1ccc(-c2cccc(-c3cccc(-c4ccccc4)c3)c2)cc1,C=Cc1ccc(-c2cccc(-c3cccc(-c4cccc(S(=O)(=O)[O-])c4)c3)c2)cc1
fraggfn_clpp,greedy_oracle,230,230,242,1,-9.9,C=Cc1ccc(-c2cccc(-c3cccc(-c4ccccc4)c3)c2)cc1,C=Cc1ccc(-c2cccc(-c3cccc(-c4ccccc4C4CCCO4)c3)c2)cc1
fraggfn_clpp,greedy_oracle,231,231,243,1,-9.9,C=Cc1ccc(-c2cccc(-c3cccc(-c4ccccc4)c3)c2)cc1,C=Cc1ccc(-c2cccc(-c3cccc(-c4ccccc4-[n+]4ccccc4)c3)c2)cc1
fraggfn_clpp,greedy_oracle,232,232,244,1,-9.9,C=Cc1ccc(-c2cccc(-c3cccc(-c4ccccc4)c3)c2)cc1,C=Cc1ccc(-c2cccc(-c3cccc(-c4ccccc4)c3)c2)cc1-c1cccc2ccccc12
fraggfn_clpp,greedy_oracle,233,233,245,1,-9.9,C=Cc1ccc(-c2cccc(-c3cccc(-c4ccccc4)c3)c2)cc1,C(=Cc1ncnc2[nH]cnc12)c1ccc(-c2cccc(-c3cccc(-c4ccccc4)c3)c2)cc1
fraggfn_clpp,greedy_oracle,234,234,246,1,-9.8,C=Cc1ccc(-c2cccc(-c3cccc(-c4ccccc4)c3)c2)cc1,C=Cc1ccc(-c2cccc(-c3cccc(-c4ccc(N5CCCCC5)cc4)c3)c2)cc1
fraggfn_clpp,greedy_oracle,235,235,247,1,-9.7,C=Cc1ccc(-c2cccc(-c3cccc(-c4ccccc4)c3)c2)cc1,C=Cc1ccc(-c2cccc(-c3cccc(-c4ccccc4C(N)=O)c3)c2)cc1
fraggfn_clpp,greedy_oracle,236,236,248,1,-9.7,C=Cc1ccc(-c2cccc(-c3cccc(-c4ccccc4)c3)c2)cc1,C=Cc1ccc(-c2cccc(-c3cccc(-c4ccccc4)c3)c2)cc1CNC(C)=O
fraggfn_clpp,greedy_oracle,237,237,249,1,-9.6,C=Cc1ccc(-c2cccc(-c3cccc(-c4ccccc4)c3)c2)cc1,C=Cc1ccc(-c2cccc(-c3ccc(-c4cc[nH]c4)c(-c4ccccc4)c3)c2)cc1
fraggfn_clpp,greedy_oracle,238,238,250,1,-9.5,C=Cc1ccc(-c2cccc(-c3cccc(-c4ccccc4)c3)c2)cc1,C=Cc1ccc(-c2cccc(-c3cccc(-c4ccccc4-c4cscn4)c3)c2)cc1
fraggfn_clpp,greedy_oracle,239,239,251,1,-9.4,C=Cc1ccc(-c2cccc(-c3cccc(-c4ccccc4)c3)c2)cc1,C=Cc1ccc(-c2cccc(-c3cccc(-c4ccccc4)c3-n3cnc4cncnc43)c2)cc1
fraggfn_clpp,greedy_oracle,240,240,252,1,-9.3,C=Cc1ccc(-c2cccc(-c3cccc(-c4ccccc4)c3)c2)cc1,C=Cc1ccc(-c2cccc(-c3cccc(-c4ccccc4)c3-c3nc4[nH]cnc4c(=O)[nH]3)c2)cc1
fraggfn_clpp,greedy_oracle,241,241,253,1,-9.2,C=Cc1ccc(-c2cccc(-c3cccc(-c4ccccc4)c3)c2)cc1,C=Cc1ccc(-c2cccc(-c3ccc([PH](=O)[O-])c(-c4ccccc4)c3)c2)cc1
fraggfn_clpp,greedy_oracle,242,242,254,1,-9.0,C=Cc1ccc(-c2cccc(-c3cccc(-c4ccccc4)c3)c2)cc1,O=c1[nH]cnc2c1NC(C=Cc1ccc(-c3cccc(-c4cccc(-c5ccccc5)c4)c3)cc1)CN2
fraggfn_clpp,greedy_oracle,243,243,255,1,-8.9,C=Cc1ccc(-c2cccc(-c3cccc(-c4ccccc4)c3)c2)cc1,C=Cc1ccc(-c2cccc(-c3cccc(-c4ccc(C5=CCCCC5)cc4)c3)c2)cc1
fraggfn_clpp,greedy_oracle,244,244,256,1,-8.9,C=Cc1ccc(-c2cccc(-c3cccc(-c4ccccc4)c3)c2)cc1,C=Cc1ccc(-c2cccc(-c3cccc(-c4ccc(-n5cccnc5=O)cc4)c3)c2)cc1
fraggfn_clpp,greedy_oracle,245,245,257,1,-8.4,C=Cc1ccc(-c2cccc(-c3cccc(-c4ccccc4)c3)c2)cc1,C=Cc1ccc(-c2cccc(-c3cccc(-c4ccccc4)c3)c2C2C=CCCC2)cc1
fraggfn_clpp,greedy_oracle,246,246,258,1,-8.3,C=Cc1ccc(-c2cccc(-c3cccc(-c4ccccc4)c3)c2)cc1,C=Cc1ccc(-c2cccc(-c3cccc(-c4ccccc4)c3)c2-c2ccc3ccccc3c2)cc1
fraggfn_clpp,greedy_oracle,247,247,259,1,-8.2,C=Cc1ccc(-c2cccc(-c3cccc(-c4ccccc4)c3)c2)cc1,C=Cc1ccc(-c2cccc(-c3cccc(-c4ccccc4)c3)c2-c2ncnc3[nH]cnc23)cc1
fraggfn_clpp,greedy_oracle,248,248,264,5,-14.5,Brc1cccc(C2CCCC(c3cccc(C4CCCCC4)c3)C2)c1,Brc1cccc(C2CCCC(c3cccc(C4CCCC(c5ccc6ccccc6c5)C4)c3)C2)c1
fraggfn_clpp,greedy_oracle,249,249,265,1,-13.4,Brc1cccc(C2CCCC(c3cccc(C4CCCCC4)c3)C2)c1,O=c1nc2[nH]c3cc(-c4cc(C5CCCCC5)cc(C5CCCC(c6cccc(Br)c6)C5)c4)ccc3nc-2c(=O)[nH]1
fraggfn_clpp,greedy_oracle,250,250,266,1,-12.2,Brc1cccc(C2CCCC(c3cccc(C4CCCCC4)c3)C2)c1,O=c1[nH]c(-c2cc(C3CCCCC3)cc(C3CCCC(c4cccc(Br)c4)C3)c2)nc2c1NCCN2
fraggfn_clpp,greedy_oracle,251,251,267,1,-12.2,Brc1cccc(C2CCCC(c3cccc(C4CCCCC4)c3)C2)c1,O=c1nc2n(-c3ccc(C4CCCCC4)cc3C3CCCC(c4cccc(Br)c4)C3)c3ccccc3nc-2c(=O)[nH]1
fraggfn_clpp,greedy_oracle,252,252,268,1,-12.0,Brc1cccc(C2CCCC(c3cccc(C4CCCCC4)c3)C2)c1,Brc1cccc(C2CCCC(c3cccc(C4CCCC(C5CCOCC5)C4)c3)C2)c1
fraggfn_clpp,greedy_oracle,253,253,269,1,-12.0,Brc1cccc(C2CCCC(c3cccc(C4CCCCC4)c3)C2)c1,Brc1cc(-c2ccccc2)cc(C2CCCC(c3cccc(C4CCCCC4)c3)C2)c1
fraggfn_clpp,greedy_oracle,254,254,270,1,-11.9,Brc1cccc(C2CCCC(c3cccc(C4CCCCC4)c3)C2)c1,Brc1cccc(C2CCC(c3cccc4ccccc34)C(c3cccc(C4CCCCC4)c3)C2)c1
fraggfn_clpp,greedy_oracle,255,255,271,1,-11.8,Brc1cccc(C2CCCC(c3cccc(C4CCCCC4)c3)C2)c1,Brc1cccc(C2CCCC(c3ccc(N4CCOCC4)c(C4CCCCC4)c3)C2)c1
fraggfn_clpp,greedy_oracle,256,256,272,1,-11.8,Brc1cccc(C2CCCC(c3cccc(C4CCCCC4)c3)C2)c1,O=c1[nH]cnc2c1NC(c1ccc(C3CCCC(c4cccc(Br)c4)C3)cc1C1CCCCC1)CN2
fraggfn_clpp,greedy_oracle,257,257,273,1,-11.8,Brc1cccc(C2CCCC(c3cccc(C4CCCCC4)c3)C2)c1,Brc1cccc(C2CCCC(c3cccc(C4CCC(C5C=CCCC5)CC4)c3)C2)c1
fraggfn_clpp,greedy_oracle,258,258,274,1,-11.8,Brc1cccc(C2CCCC(c3cccc(C4CCCCC4)c3)C2)c1,Brc1cccc(C2CCCC(c3cccc(C4CCCC(n5cccn5)C4)c3)C2)c1
fraggfn_clpp,greedy_oracle,259,259,275,1,-11.7,Brc1cccc(C2CCCC(c3cccc(C4CCCCC4)c3)C2)c1,Brc1cccc(C2CCCC(c3cc(C4CCCCC4)cc(-n4cnc5cncnc54)c3)C2)c1
fraggfn_clpp,greedy_oracle,260,260,276,1,-11.7,Brc1cccc(C2CCCC(c3cccc(C4CCCCC4)c3)C2)c1,Brc1cccc(C2CCCC(c3cccc(C4CCC(c5ncnc6[nH]cnc56)CC4)c3)C2)c1
fraggfn_clpp,greedy_oracle,261,261,277,1,-11.6,Brc1cccc(C2CCCC(c3cccc(C4CCCCC4)c3)C2)c1,O=c1[nH]cnc2c1ncn2-c1ccc(C2CCCCC2)cc1C1CCCC(c2cccc(Br)c2)C1
fraggfn_clpp,greedy_oracle,262,262,278,1,-11.6,Brc1cccc(C2CCCC(c3cccc(C4CCCCC4)c3)C2)c1,O=c1[nH]cc(C2CCC(c3cccc(C4CCCC(c5cccc(Br)c5)C4)c3)CC2)c(=O)[nH]1
fraggfn_clpp,greedy_oracle,263,263,279,1,-11.6,Brc1cccc(C2CCCC(c3cccc(C4CCCCC4)c3)C2)c1,O=c1nc(C2CCCCC2c2cccc(C3CCCC(c4cccc(Br)c4)C3)c2)cc[nH]1
fraggfn_clpp,greedy_oracle,264,264,280,1,-11.5,Brc1cccc(C2CCCC(c3cccc(C4CCCCC4)c3)C2)c1,Brc1cccc(C2CCCC(c3ccc(-c4c[nH]c5ccccc45)c(C4CCCCC4)c3)C2)c1
fraggfn_clpp,greedy_oracle,265,265,281,1,-11.5,Brc1cccc(C2CCCC(c3cccc(C4CCCCC4)c3)C2)c1,Brc1cccc(C2CCCC(c3cccc(C4CCCC(C5=CNC=CC5)C4)c3)C2)c1
fraggfn_clpp,greedy_oracle,266,266,282,1,-11.5,Brc1cccc(C2CCCC(c3cccc(C4CCCCC4)c3)C2)c1,Brc1cccc(C2CCCC(c3cccc(C4CCCCC4N4CCCCC4)c3)C2)c1
fraggfn_clpp,greedy_oracle,267,267,283,1,-11.4,Brc1cccc(C2CCCC(c3cccc(C4CCCCC4)c3)C2)c1,Brc1cccc(C2CCCC(c3cc(C4CCCCC4)cc(C4CCNC4)c3)C2)c1
fraggfn_clpp,greedy_oracle,268,268,284,1,-11.4,Brc1cccc(C2CCCC(c3cccc(C4CCCCC4)c3)C2)c1,FC1C(c2cccc(Br)c2)CCCC1c1cccc(C2CCCCC2)c1
fraggfn_clpp,greedy_oracle,269,269,285,1,-11.3,Brc1cccc(C2CCCC(c3cccc(C4CCCCC4)c3)C2)c1,O=c1[nH]c(-c2ccc(C3CCCC(c4cccc(Br)c4)C3)cc2C2CCCCC2)nc2[nH]cnc12
fraggfn_clpp,greedy_oracle,270,270,286,1,-11.3,Brc1cccc(C2CCCC(c3cccc(C4CCCCC4)c3)C2)c1,Brc1cccc(C2CC(c3cccc(C4CCCCC4)c3)CC(c3c[nH]c4ccccc34)C2)c1
fraggfn_clpp,greedy_oracle,271,271,287,1,-11.3,Brc1cccc(C2CCCC(c3cccc(C4CCCCC4)c3)C2)c1,Brc1cccc(C2CCCC(c3cccc(C4CCCCC4C4CCCCO4)c3)C2)c1
fraggfn_clpp,greedy_oracle,272,272,288,1,-11.2,Brc1cccc(C2CCCC(c3cccc(C4CCCCC4)c3)C2)c1,Brc1cccc(C2CCC([NH+]3CCOCC3)C(c3cccc(C4CCCCC4)c3)C2)c1
fraggfn_clpp,greedy_oracle,273,273,289,1,-11.1,Brc1cccc(C2CCCC(c3cccc(C4CCCCC4)c3)C2)c1,CNC(=O)c1ccc(C2CCCCC2)cc1C1CCCC(c2cccc(Br)c2)C1
fraggfn_clpp,greedy_oracle,274,274,290,1,-11.1,Brc1cccc(C2CCCC(c3cccc(C4CCCCC4)c3)C2)c1,O=C(NO)C1CCC(c2cccc(Br)c2)CC1c1cccc(C2CCCCC2)c1
fraggfn_clpp,greedy_oracle,275,275,291,1,-11.1,Brc1cccc(C2CCCC(c3cccc(C4CCCCC4)c3)C2)c1,CCc1ccc(C2CCCC(c3cccc(C4CCCCC4)c3)C2)cc1Br
fraggfn_clpp,greedy_oracle,276,276,292,1,-11.0,Brc1cccc(C2CCCC(c3cccc(C4CCCCC4)c3)C2)c1,Brc1cccc(C2CC(c3cccc(C4CCCCC4)c3)CC(C3CC=CCC3)C2)c1
fraggfn_clpp,greedy_oracle,277,277,293,1,-11.0,Brc1cccc(C2CCCC(c3cccc(C4CCCCC4)c3)C2)c1,O=c1[nH]cnc2c1ncn2C1CCC(c2cccc(C3CCCCC3)c2)CC1c1cccc(Br)c1
fraggfn_clpp,greedy_oracle,278,278,294,1,-11.0,Brc1cccc(C2CCCC(c3cccc(C4CCCCC4)c3)C2)c1,Brc1cccc(C2CCCC(c3cccc(C4CCCCC4[n+]4ccccc4)c3)C2)c1
fraggfn_clpp,greedy_oracle,279,279,295,1,-10.9,Brc1cccc(C2CCCC(c3cccc(C4CCCCC4)c3)C2)c1,Fc1ccc(Br)cc1C1CCCC(c2cccc(C3CCCCC3)c2)C1
fraggfn_clpp,greedy_oracle,280,280,296,1,-10.8,Brc1cccc(C2CCCC(c3cccc(C4CCCCC4)c3)C2)c1,Brc1cccc(C2CCC(N3CCNCC3)C(c3cccc(C4CCCCC4)c3)C2)c1
fraggfn_clpp,greedy_oracle,281,281,297,1,-10.8,Brc1cccc(C2CCCC(c3cccc(C4CCCCC4)c3)C2)c1,O=c1ncccn1C1CC(c2cccc(Br)c2)CC(c2cccc(C3CCCCC3)c2)C1
fraggfn_clpp,greedy_oracle,282,282,298,1,-10.7,Brc1cccc(C2CCCC(c3cccc(C4CCCCC4)c3)C2)c1,Brc1cccc(C2CCCC(c3cc(C4CCCCC4)ccc3-c3ccncn3)C2)c1
fraggfn_clpp,greedy_oracle,283,283,299,1,-10.4,Brc1cccc(C2CCCC(c3cccc(C4CCCCC4)c3)C2)c1,Brc1cccc(C2CCCC(c3cccc(C4CCCCC4)c3)C2)c1-c1ccc2ccccc2c1
fraggfn_clpp,greedy_oracle,284,284,300,1,-10.3,Brc1cccc(C2CCCC(c3cccc(C4CCCCC4)c3)C2)c1,O=c1[nH]c(C2CCC(c3cccc(C4CCCCC4)c3)CC2c2cccc(Br)c2)nc2c1NCCN2
fraggfn_clpp,greedy_oracle,285,285,301,1,-10.1,Brc1cccc(C2CCCC(c3cccc(C4CCCCC4)c3)C2)c1,Brc1cccc(C2CC(c3cccc(C4CCCCC4)c3)CCC2C2CCOCC2)c1
fraggfn_clpp,greedy_oracle,286,286,302,1,-10.1,Brc1cccc(C2CCCC(c3cccc(C4CCCCC4)c3)C2)c1,CC(=O)NCC1CC(c2cccc(Br)c2)CC(c2cccc(C3CCCCC3)c2)C1
fraggfn_clpp,greedy_oracle,287,287,303,1,-10.0,Brc1cccc(C2CCCC(c3cccc(C4CCCCC4)c3)C2)c1,Brc1cccc(C2CC(c3cccc(C4CCCCC4)c3)CCC2c2ccc[nH+]c2)c1
fraggfn_clpp,greedy_oracle,288,288,304,1,-10.0,Brc1cccc(C2CCCC(c3cccc(C4CCCCC4)c3)C2)c1,O=CNCC1CCCC(c2cccc(C3CCCC(c4cccc(Br)c4)C3)c2)C1
fraggfn_clpp,greedy_oracle,289,289,305,1,-9.9,Brc1cccc(C2CCCC(c3cccc(C4CCCCC4)c3)C2)c1,Brc1cccc(C2CCCC(c3ccc(-[n+]4ccccc4)c(C4CCCCC4)c3)C2)c1
fraggfn_clpp,greedy_oracle,290,290,306,1,-9.9,Brc1cccc(C2CCCC(c3cccc(C4CCCCC4)c3)C2)c1,Brc1cccc(C2CCCC(c3cccc(C4CCCCC4)c3-c3cccc4ccccc34)C2)c1
fraggfn_clpp,greedy_oracle,291,291,307,1,-9.8,Brc1cccc(C2CCCC(c3cccc(C4CCCCC4)c3)C2)c1,O=c1ccn(-c2c(C3CCCCC3)cccc2C2CCCC(c3cccc(Br)c3)C2)c(=O)[nH]1
fraggfn_clpp,greedy_oracle,292,292,308,1,-9.8,Brc1cccc(C2CCCC(c3cccc(C4CCCCC4)c3)C2)c1,Brc1cccc(C2CCCC(c3cccc(C4CCCCC4)c3)C2)c1N1C=CCC=C1
fraggfn_clpp,greedy_oracle,293,293,309,1,-9.6,Brc1cccc(C2CCCC(c3cccc(C4CCCCC4)c3)C2)c1,Brc1cccc(C2CCCC(c3cccc(C4CCCCC4)c3)C2)c1C1CCCCO1
fraggfn_clpp,greedy_oracle,294,294,310,1,-9.5,Brc1cccc(C2CCCC(c3cccc(C4CCCCC4)c3)C2)c1,CC(=O)NCc1ccc(C2CCCC(c3cccc(Br)c3)C2)cc1C1CCCCC1
fraggfn_clpp,greedy_oracle,295,295,311,1,-9.5,Brc1cccc(C2CCCC(c3cccc(C4CCCCC4)c3)C2)c1,O=c1[nH]c(C2C(c3cccc(Br)c3)CCCC2c2cccc(C3CCCCC3)c2)nc2[nH]cnc12
fraggfn_clpp,greedy_oracle,296,296,312,1,-9.4,Brc1cccc(C2CCCC(c3cccc(C4CCCCC4)c3)C2)c1,Brc1cccc(C2CCCC(c3cccc(C4CCCCC4)c3C3C=CCCC3)C2)c1
fraggfn_clpp,greedy_oracle,297,297,313,1,-9.4,Brc1cccc(C2CCCC(c3cccc(C4CCCCC4)c3)C2)c1,O=c1nc2[nH]c3ccc(C4C(c5cccc(Br)c5)CCCC4c4cccc(C5CCCCC5)c4)cc3nc-2c(=O)[nH]1
fraggfn_clpp,greedy_oracle,298,298,314,1,-9.3,Brc1cccc(C2CCCC(c3cccc(C4CCCCC4)c3)C2)c1,O=CNCC1CCC(c2cccc(C3CCCCC3)c2)CC1c1cccc(Br)c1
fraggfn_clpp,greedy_oracle,299,299,315,1,-9.2,Brc1cccc(C2CCCC(c3cccc(C4CCCCC4)c3)C2)c1,O=c1[nH]cnc2c1NC(C1CCC(c3cccc(C4CCCCC4)c3)CC1c1cccc(Br)c1)CN2
fraggfn_clpp,greedy_oracle,300,300,316,1,-9.0,Brc1cccc(C2CCCC(c3cccc(C4CCCCC4)c3)C2)c1,O=c1ncccn1-c1cc(Br)cc(C2CCCC(c3cccc(C4CCCCC4)c3)C2)c1
fraggfn_clpp,greedy_oracle_static,1,1,5,5,-13.5,c1ccc(-c2cccc(-c3cccc(-c4cccc(-c5ccccc5)c4)c3)c2)cc1,c1ccc(-c2cccc(-c3ccc(-c4cccc5ccccc45)c(-c4cccc(-c5ccccc5)c4)c3)c2)cc1
fraggfn_clpp,greedy_oracle_static,2,2,6,1,-13.3,c1ccc(-c2cccc(-c3cccc(-c4cccc(-c5ccccc5)c4)c3)c2)cc1,O=c1[nH]c(-c2ccc(-c3cccc(-c4ccccc4)c3)cc2-c2cccc(-c3ccccc3)c2)nc2c1NCCN2
fraggfn_clpp,greedy_oracle_static,3,3,7,1,-13.3,c1ccc(-c2cccc(-c3cccc(-c4cccc(-c5ccccc5)c4)c3)c2)cc1,c1ccc(-c2cccc(-c3ccc(-n4cnc5cncnc54)c(-c4cccc(-c5ccccc5)c4)c3)c2)cc1
fraggfn_clpp,greedy_oracle_static,4,4,8,1,-13.3,c1ccc(-c2cccc(-c3cccc(-c4cccc(-c5ccccc5)c4)c3)c2)cc1,c1ccc(-c2cccc(-c3cccc(-c4cc(-c5ccccc5)cc(C5CCCNC5)c4)c3)c2)cc1
fraggfn_clpp,greedy_oracle_static,5,5,9,1,-13.3,c1ccc(-c2cccc(-c3cccc(-c4cccc(-c5ccccc5)c4)c3)c2)cc1,c1ccc(-c2cccc(-c3cccc(-c4cc(-c5ccccc5)cc(-c5c[nH]c6ccccc56)c4)c3)c2)cc1
fraggfn_clpp,greedy_oracle_static,6,6,10,1,-13.2,c1ccc(-c2cccc(-c3cccc(-c4cccc(-c5ccccc5)c4)c3)c2)cc1,c1ccc(-c2cccc(-c3ccc(-c4ncnc5[nH]cnc45)c(-c4cccc(-c5ccccc5)c4)c3)c2)cc1
fraggfn_clpp,greedy_oracle_static,7,7,11,1,-13.0,c1ccc(-c2cccc(-c3cccc(-c4cccc(-c5ccccc5)c4)c3)c2)cc1,C1=C(c2cc(-c3ccccc3)cc(-c3cccc(-c4cccc(-c5ccccc5)c4)c3)c2)CCCC1
fraggfn_clpp,greedy_oracle_static,8,8,12,1,-13.0,c1ccc(-c2cccc(-c3cccc(-c4cccc(-c5ccccc5)c4)c3)c2)cc1,c1ccc(-c2cccc(-c3cccc(-c4cc(-c5ccccc5)cc(N5CCCCC5)c4)c3)c2)cc1
fraggfn_clpp,greedy_oracle_static,9,9,13,1,-13.0,c1ccc(-c2cccc(-c3cccc(-c4cccc(-c5ccccc5)c4)c3)c2)cc1,O=c1nc2[nH]c3cc(-c4ccc(-c5ccccc5)cc4-c4cccc(-c5cccc(-c6ccccc6)c5)c4)ccc3nc-2c(=O)[nH]1
fraggfn_clpp,greedy_oracle_static,10,10,14,1,-13.0,c1ccc(-c2cccc(-c3cccc(-c4cccc(-c5ccccc5)c4)c3)c2)cc1,Cc1ccc(-c2cccc(-c3cccc(-c4cccc(-c5ccccc5)c4)c3)c2)cc1
fraggfn_clpp,greedy_oracle_static,11,11,15,1,-12.9,c1ccc(-c2cccc(-c3cccc(-c4cccc(-c5ccccc5)c4)c3)c2)cc1,C1=CC(c2ccc(-c3cccc(-c4ccccc4)c3)cc2-c2cccc(-c3ccccc3)c2)CCC1
fraggfn_clpp,greedy_oracle_static,12,12,16,1,-12.9,c1ccc(-c2cccc(-c3cccc(-c4cccc(-c5ccccc5)c4)c3)c2)cc1,O=c1ncccn1-c1cc(-c2ccccc2)cc(-c2cccc(-c3cccc(-c4ccccc4)c3)c2)c1
fraggfn_clpp,greedy_oracle_static,13,13,17,1,-12.9,c1ccc(-c2cccc(-c3cccc(-c4cccc(-c5ccccc5)c4)c3)c2)cc1,c1ccc(-c2cccc(-c3cccc(-c4cc(-c5ccccc5)cc(-c5ccc[nH]5)c4)c3)c2)cc1
fraggfn_clpp,greedy_oracle_static,14,14,18,1,-12.8,c1ccc(-c2cccc(-c3cccc(-c4cccc(-c5ccccc5)c4)c3)c2)cc1,C1=CNC=C(c2ccc(-c3cccc(-c4ccccc4)c3)cc2-c2cccc(-c3ccccc3)c2)C1
fraggfn_clpp,greedy_oracle_static,15,15,19,1,-12.8,c1ccc(-c2cccc(-c3cccc(-c4cccc(-c5ccccc5)c4)c3)c2)cc1,c1ccc(-c2cccc(-c3ccc(N4CCOCC4)c(-c4cccc(-c5ccccc5)c4)c3)c2)cc1
fraggfn_clpp,greedy_oracle_static,16,16,20,1,-12.8,c1ccc(-c2cccc(-c3cccc(-c4cccc(-c5ccccc5)c4)c3)c2)cc1,c1ccc(-c2cccc(-c3ccc([NH+]4CCOCC4)c(-c4cccc(-c5ccccc5)c4)c3)c2)cc1
fraggfn_clpp,greedy_oracle_static,17,17,21,1,-12.8,c1ccc(-c2cccc(-c3cccc(-c4cccc(-c5ccccc5)c4)c3)c2)cc1,CC(C)=Cc1ccc(-c2cccc(-c3ccccc3)c2)cc1-c1cccc(-c2ccccc2)c1
fraggfn_clpp,greedy_oracle_static,18,18,22,1,-12.8,c1ccc(-c2cccc(-c3cccc(-c4cccc(-c5ccccc5)c4)c3)c2)cc1,O=c1nc(-c2ccc(-c3cccc(-c4ccccc4)c3)cc2-c2cccc(-c3ccccc3)c2)cc[nH]1
fraggfn_clpp,greedy_oracle_static,19,19,23,1,-12.8,c1ccc(-c2cccc(-c3cccc(-c4cccc(-c5ccccc5)c4)c3)c2)cc1,c1ccc(-c2cccc(-c3cccc(-c4cc(-c5ccccc5)cc(-c5ccncn5)c4)c3)c2)cc1
fraggfn_clpp,greedy_oracle_static,20,20,24,1,-12.8,c1ccc(-c2cccc(-c3cccc(-c4cccc(-c5ccccc5)c4)c3)c2)cc1,C=Cc1cccc(-c2cccc(-c3cccc(-c4cccc(-c5ccccc5)c4)c3)c2)c1
fraggfn_clpp,greedy_oracle_static,21,21,25,1,-12.7,c1ccc(-c2cccc(-c3cccc(-c4cccc(-c5ccccc5)c4)c3)c2)cc1,O=c1nc2n(-c3cc(-c4cccc(-c5ccccc5)c4)cc(-c4cccc(-c5ccccc5)c4)c3)c3ccccc3nc-2c(=O)[nH]1
fraggfn_clpp,greedy_oracle_static,22,22,26,1,-12.7,c1ccc(-c2cccc(-c3cccc(-c4cccc(-c5ccccc5)c4)c3)c2)cc1,c1ccc(-c2cccc(-c3ccc(-c4cccnc4)c(-c4cccc(-c5ccccc5)c4)c3)c2)cc1
fraggfn_clpp,greedy_oracle_static,23,23,27,1,-12.6,c1ccc(-c2cccc(-c3cccc(-c4cccc(-c5ccccc5)c4)c3)c2)cc1,CC(=O)Nc1ccc(-c2cccc(-c3ccccc3)c2)cc1-c1cccc(-c2ccccc2)c1
fraggfn_clpp,greedy_oracle_static,24,24,28,1,-12.6,c1ccc(-c2cccc(-c3cccc(-c4cccc(-c5ccccc5)c4)c3)c2)cc1,O=c1[nH]cc(-c2ccc(-c3cccc(-c4ccccc4)c3)cc2-c2cccc(-c3ccccc3)c2)c(=O)[nH]1
fraggfn_clpp,greedy_oracle_static,25,25,29,1,-12.6,c1ccc(-c2cccc(-c3cccc(-c4cccc(-c5ccccc5)c4)c3)c2)cc1,O=c1ccn(-c2ccc(-c3cccc(-c4ccccc4)c3)cc2-c2cccc(-c3ccccc3)c2)c(=O)[nH]1
fraggfn_clpp,greedy_oracle_static,26,26,30,1,-12.6,c1ccc(-c2cccc(-c3cccc(-c4cccc(-c5ccccc5)c4)c3)c2)cc1,Brc1cc(-c2ccccc2)cc(-c2cccc(-c3cccc(-c4ccccc4)c3)c2)c1
fraggfn_clpp,greedy_oracle_static,27,27,31,1,-12.6,c1ccc(-c2cccc(-c3cccc(-c4cccc(-c5ccccc5)c4)c3)c2)cc1,c1ccc(-c2cccc(-c3cccc(-c4cc(-c5ccccc5)ccc4C4CCCOC4)c3)c2)cc1
fraggfn_clpp,greedy_oracle_static,28,28,32,1,-12.6,c1ccc(-c2cccc(-c3cccc(-c4cccc(-c5ccccc5)c4)c3)c2)cc1,N=C(N)c1ccc(-c2ccccc2)cc1-c1cccc(-c2cccc(-c3ccccc3)c2)c1
fraggfn_clpp,greedy_oracle_static,29,29,33,1,-12.5,c1ccc(-c2cccc(-c3cccc(-c4cccc(-c5ccccc5)c4)c3)c2)cc1,CC(C)c1ccc(-c2cccc(-c3ccccc3)c2)cc1-c1cccc(-c2ccccc2)c1
fraggfn_clpp,greedy_oracle_static,30,30,34,1,-12.5,c1ccc(-c2cccc(-c3cccc(-c4cccc(-c5ccccc5)c4)c3)c2)cc1,O=P(O)(O)c1ccc(-c2cccc(-c3ccccc3)c2)cc1-c1cccc(-c2ccccc2)c1
fraggfn_clpp,greedy_oracle_static,31,31,35,1,-12.5,c1ccc(-c2cccc(-c3cccc(-c4cccc(-c5ccccc5)c4)c3)c2)cc1,c1ccc(-c2cccc(-c3cccc(-c4cc(-c5ccccc5)cc(-[n+]5ccccc5)c4)c3)c2)cc1
fraggfn_clpp,greedy_oracle_static,32,32,36,1,-12.4,c1ccc(-c2cccc(-c3cccc(-c4cccc(-c5ccccc5)c4)c3)c2)cc1,O=[SH](=O)c1ccc(-c2cccc(-c3ccccc3)c2)cc1-c1cccc(-c2ccccc2)c1
fraggfn_clpp,greedy_oracle_static,33,33,37,1,-12.4,c1ccc(-c2cccc(-c3cccc(-c4cccc(-c5ccccc5)c4)c3)c2)cc1,O=S(=O)([O-])c1ccc(-c2cccc(-c3ccccc3)c2)cc1-c1cccc(-c2ccccc2)c1
fraggfn_clpp,greedy_oracle_static,34,34,38,1,-12.4,c1ccc(-c2cccc(-c3cccc(-c4cccc(-c5ccccc5)c4)c3)c2)cc1,c1ccc(-c2cccc(-c3ccc(-[n+]4ccccc4)c(-c4cccc(-c5ccccc5)c4)c3)c2)cc1
fraggfn_clpp,greedy_oracle_static,35,35,39,1,-12.4,c1ccc(-c2cccc(-c3cccc(-c4cccc(-c5ccccc5)c4)c3)c2)cc1,Fc1ccc(-c2cccc(-c3cccc(-c4ccccc4)c3)c2)cc1-c1ccccc1
fraggfn_clpp,greedy_oracle_static,36,36,40,1,-12.4,c1ccc(-c2cccc(-c3cccc(-c4cccc(-c5ccccc5)c4)c3)c2)cc1,c1ccc(-c2cccc(-c3cccc(-c4cc(-c5ccccc5)cc(-c5nccs5)c4)c3)c2)cc1
fraggfn_clpp,greedy_oracle_static,37,37,41,1,-12.3,c1ccc(-c2cccc(-c3cccc(-c4cccc(-c5ccccc5)c4)c3)c2)cc1,O=c1[nH]c(-c2cc(-c3cccc(-c4ccccc4)c3)cc(-c3cccc(-c4ccccc4)c3)c2)nc2[nH]cnc12
fraggfn_clpp,greedy_oracle_static,38,38,42,1,-12.3,c1ccc(-c2cccc(-c3cccc(-c4cccc(-c5ccccc5)c4)c3)c2)cc1,c1ccc(-c2cccc(-c3cccc(-c4ccc(C5CCNC5)c(-c5ccccc5)c4)c3)c2)cc1
fraggfn_clpp,greedy_oracle_static,39,39,43,1,-12.3,c1ccc(-c2cccc(-c3cccc(-c4cccc(-c5ccccc5)c4)c3)c2)cc1,C1=CCC(c2cccc(-c3cccc(-c4cccc(-c5cccc(-c6ccccc6)c5)c4)c3)c2)CC1
fraggfn_clpp,greedy_oracle_static,40,40,44,1,-12.3,c1ccc(-c2cccc(-c3cccc(-c4cccc(-c5ccccc5)c4)c3)c2)cc1,NC(=O)c1cccc(-c2cccc(-c3cccc(-c4cccc(-c5ccccc5)c4)c3)c2)c1
fraggfn_clpp,greedy_oracle_static,41,41,45,1,-12.2,c1ccc(-c2cccc(-c3cccc(-c4cccc(-c5ccccc5)c4)c3)c2)cc1,CC(=O)Nc1cc(-c2ccccc2)cc(-c2cccc(-c3cccc(-c4ccccc4)c3)c2)c1
fraggfn_clpp,greedy_oracle_static,42,42,46,1,-12.2,c1ccc(-c2cccc(-c3cccc(-c4cccc(-c5ccccc5)c4)c3)c2)cc1,O=CNCc1cc(-c2ccccc2)cc(-c2cccc(-c3cccc(-c4ccccc4)c3)c2)c1
fraggfn_clpp,greedy_oracle_static,43,43,47,1,-12.2,c1ccc(-c2cccc(-c3cccc(-c4cccc(-c5ccccc5)c4)c3)c2)cc1,Fc1c(-c2ccccc2)cccc1-c1cccc(-c2cccc(-c3ccccc3)c2)c1
fraggfn_clpp,greedy_oracle_static,44,44,48,1,-12.2,c1ccc(-c2cccc(-c3cccc(-c4cccc(-c5ccccc5)c4)c3)c2)cc1,O=c1[nH]cnc2c1NC(c1ccc(-c3ccccc3)cc1-c1cccc(-c3cccc(-c4ccccc4)c3)c1)CN2
fraggfn_clpp,greedy_oracle_static,45,45,49,1,-12.2,c1ccc(-c2cccc(-c3cccc(-c4cccc(-c5ccccc5)c4)c3)c2)cc1,c1ccc(-c2cccc(-c3cccc(-c4cc(-c5ccccc5)cc(-c5ccc6ccccc6c5)c4)c3)c2)cc1
fraggfn_clpp,greedy_oracle_static,46,46,50,1,-12.2,c1ccc(-c2cccc(-c3cccc(-c4cccc(-c5ccccc5)c4)c3)c2)cc1,CC(O)c1cccc(-c2cccc(-c3cccc(-c4cccc(-c5ccccc5)c4)c3)c2)c1
fraggfn_clpp,greedy_oracle_static,47,47,51,1,-12.2,c1ccc(-c2cccc(-c3cccc(-c4cccc(-c5ccccc5)c4)c3)c2)cc1,O=[N+]([O-])c1cccc(-c2cccc(-c3cccc(-c4cccc(-c5ccccc5)c4)c3)c2)c1
fraggfn_clpp,greedy_oracle_static,48,48,52,1,-12.2,c1ccc(-c2cccc(-c3cccc(-c4cccc(-c5ccccc5)c4)c3)c2)cc1,O=P([O-])(O)c1cccc(-c2cccc(-c3cccc(-c4cccc(-c5ccccc5)c4)c3)c2)c1
fraggfn_clpp,greedy_oracle_static,49,49,53,1,-12.1,c1ccc(-c2cccc(-c3cccc(-c4cccc(-c5ccccc5)c4)c3)c2)cc1,c1ccc(-c2cccc(-c3cc(-c4cccc(-c5ccccc5)c4)cc(C4CCCO4)c3)c2)cc1
fraggfn_clpp,greedy_oracle_static,50,50,54,1,-12.1,c1ccc(-c2cccc(-c3cccc(-c4cccc(-c5ccccc5)c4)c3)c2)cc1,O=c1[nH]cnc2c1ncn2-c1cc(-c2cccc(-c3ccccc3)c2)cc(-c2cccc(-c3ccccc3)c2)c1
fraggfn_clpp,greedy_oracle_static,51,51,55,1,-12.1,c1ccc(-c2cccc(-c3cccc(-c4cccc(-c5ccccc5)c4)c3)c2)cc1,c1ccc(-c2cccc(-c3cccc(-c4cc(-c5ccccc5)ccc4-c4cccs4)c3)c2)cc1
fraggfn_clpp,greedy_oracle_static,52,52,56,1,-12.1,c1ccc(-c2cccc(-c3cccc(-c4cccc(-c5ccccc5)c4)c3)c2)cc1,O=CNc1cccc(-c2cccc(-c3cccc(-c4cccc(-c5ccccc5)c4)c3)c2)c1
fraggfn_clpp,greedy_oracle_static,53,53,57,1,-12.0,c1ccc(-c2cccc(-c3cccc(-c4cccc(-c5ccccc5)c4)c3)c2)cc1,CC=Cc1cc(-c2cccc(-c3ccccc3)c2)cc(-c2cccc(-c3ccccc3)c2)c1
fraggfn_clpp,greedy_oracle_static,54,54,58,1,-12.0,c1ccc(-c2cccc(-c3cccc(-c4cccc(-c5ccccc5)c4)c3)c2)cc1,O=CNCc1ccc(-c2cccc(-c3ccccc3)c2)cc1-c1cccc(-c2ccccc2)c1
fraggfn_clpp,greedy_oracle_static,55,55,59,1,-12.0,c1ccc(-c2cccc(-c3cccc(-c4cccc(-c5ccccc5)c4)c3)c2)cc1,c1ccc(-c2cccc(-c3cc(-c4ccc[nH+]c4)cc(-c4cccc(-c5ccccc5)c4)c3)c2)cc1
fraggfn_clpp,greedy_oracle_static,56,56,60,1,-12.0,c1ccc(-c2cccc(-c3cccc(-c4cccc(-c5ccccc5)c4)c3)c2)cc1,N#Cc1cccc(-c2cccc(-c3cccc(-c4cccc(-c5ccccc5)c4)c3)c2)c1
fraggfn_clpp,greedy_oracle_static,57,57,61,1,-12.0,c1ccc(-c2cccc(-c3cccc(-c4cccc(-c5ccccc5)c4)c3)c2)cc1,c1ccc(-c2cccc(-c3cccc(-c4cccc(-c5cccc(-c6ccccn6)c5)c4)c3)c2)cc1
fraggfn_clpp,greedy_oracle_static,58,58,62,1,-11.8,c1ccc(-c2cccc(-c3cccc(-c4cccc(-c5ccccc5)c4)c3)c2)cc1,c1ccc(-c2cccc(-c3cccc(-c4ccc(C5CCCCO5)c(-c5ccccc5)c4)c3)c2)cc1
fraggfn_clpp,greedy_oracle_static,59,59,63,1,-11.8,c1ccc(-c2cccc(-c3cccc(-c4cccc(-c5ccccc5)c4)c3)c2)cc1,C[SH+]c1ccc(-c2ccccc2)cc1-c1cccc(-c2cccc(-c3ccccc3)c2)c1
fraggfn_clpp,greedy_oracle_static,60,60,64,1,-11.8,c1ccc(-c2cccc(-c3cccc(-c4cccc(-c5ccccc5)c4)c3)c2)cc1,O=[PH]([O-])c1ccc(-c2ccccc2)cc1-c1cccc(-c2cccc(-c3ccccc3)c2)c1
fraggfn_clpp,greedy_oracle_static,61,61,65,1,-11.8,c1ccc(-c2cccc(-c3cccc(-c4cccc(-c5ccccc5)c4)c3)c2)cc1,NCc1cccc(-c2cccc(-c3cccc(-c4cccc(-c5ccccc5)c4)c3)c2)c1
fraggfn_clpp,greedy_oracle_static,62,62,66,1,-11.8,c1ccc(-c2cccc(-c3cccc(-c4cccc(-c5ccccc5)c4)c3)c2)cc1,c1ccc(-c2cccc(-c3cccc(-c4cccc(-c5ccccc5-c5ccncc5)c4)c3)c2)cc1
fraggfn_clpp,greedy_oracle_static,63,63,67,1,-11.8,c1ccc(-c2cccc(-c3cccc(-c4cccc(-c5ccccc5)c4)c3)c2)cc1,c1ccc(-c2cccc(-c3cccc(-c4cccc(-c5cccc(-c6ccn[nH]6)c5)c4)c3)c2)cc1
fraggfn_clpp,greedy_oracle_static,64,64,68,1,-11.7,c1ccc(-c2cccc(-c3cccc(-c4cccc(-c5ccccc5)c4)c3)c2)cc1,N#Cc1ccc(-c2ccccc2)cc1-c1cccc(-c2cccc(-c3ccccc3)c2)c1
fraggfn_clpp,greedy_oracle_static,65,65,69,1,-11.7,c1ccc(-c2cccc(-c3cccc(-c4cccc(-c5ccccc5)c4)c3)c2)cc1,FC(F)(F)c1cccc(-c2cccc(-c3cccc(-c4cccc(-c5ccccc5)c4)c3)c2)c1
fraggfn_clpp,greedy_oracle_static,66,66,70,1,-11.6,c1ccc(-c2cccc(-c3cccc(-c4cccc(-c5ccccc5)c4)c3)c2)cc1,c1ccc(-c2cccc(-c3cc(-c4cccc(-c5ccccc5)c4)cc(-c4cc[nH]n4)c3)c2)cc1
fraggfn_clpp,greedy_oracle_static,67,67,71,1,-11.6,c1ccc(-c2cccc(-c3cccc(-c4cccc(-c5ccccc5)c4)c3)c2)cc1,c1ccc(-c2cccc(-c3cccc(-c4ccc(-c5cn[nH]c5)c(-c5ccccc5)c4)c3)c2)cc1
fraggfn_clpp,greedy_oracle_static,68,68,72,1,-11.5,c1ccc(-c2cccc(-c3cccc(-c4cccc(-c5ccccc5)c4)c3)c2)cc1,c1ccc(-c2cccc(-c3cc(-c4cccc(-c5ccccc5)c4)cc(-n4cccn4)c3)c2)cc1
fraggfn_clpp,greedy_oracle_static,69,69,73,1,-11.5,c1ccc(-c2cccc(-c3cccc(-c4cccc(-c5ccccc5)c4)c3)c2)cc1,CNC(=O)c1ccc(-c2cccc(-c3cccc(-c4ccccc4)c3)c2)cc1-c1ccccc1
fraggfn_clpp,greedy_oracle_static,70,70,74,1,-11.5,c1ccc(-c2cccc(-c3cccc(-c4cccc(-c5ccccc5)c4)c3)c2)cc1,O=Cc1ccccc1-c1cccc(-c2cccc(-c3cccc(-c4ccccc4)c3)c2)c1
fraggfn_clpp,greedy_oracle_static,71,71,75,1,-11.4,c1ccc(-c2cccc(-c3cccc(-c4cccc(-c5ccccc5)c4)c3)c2)cc1,c1ccc(-c2cccc(-c3cc(-c4cccc(-c5ccccc5)c4)cc(-c4ncccn4)c3)c2)cc1
fraggfn_clpp,greedy_oracle_static,72,72,76,1,-11.4,c1ccc(-c2cccc(-c3cccc(-c4cccc(-c5ccccc5)c4)c3)c2)cc1,c1ccc(-c2cccc(-c3cccc(-c4cccc(-c5ccccc5)c4C4CCOC4)c3)c2)cc1
fraggfn_clpp,greedy_oracle_static,73,73,77,1,-11.4,c1ccc(-c2cccc(-c3cccc(-c4cccc(-c5ccccc5)c4)c3)c2)cc1,c1ccc(-c2cccc(-c3cccc(-c4cccc(-c5ccccc5N5CCCC5)c4)c3)c2)cc1
fraggfn_clpp,greedy_oracle_static,74,74,78,1,-11.4,c1ccc(-c2cccc(-c3cccc(-c4cccc(-c5ccccc5)c4)c3)c2)cc1,c1ccc(-c2cccc(-c3cccc(-c4cccc(-c5ccccc5C5CCNCC5)c4)c3)c2)cc1
fraggfn_clpp,greedy_oracle_static,75,75,79,1,-11.3,c1ccc(-c2cccc(-c3cccc(-c4cccc(-c5ccccc5)c4)c3)c2)cc1,C1=CN(c2cc(-c3cccc(-c4ccccc4)c3)cc(-c3cccc(-c4ccccc4)c3)c2)C=CC1
fraggfn_clpp,greedy_oracle_static,76,76,80,1,-11.3,c1ccc(-c2cccc(-c3cccc(-c4cccc(-c5ccccc5)c4)c3)c2)cc1,c1ccc(-c2cccc(-c3cccc(-c4cc(-c5ccccc5)ccc4-n4cccn4)c3)c2)cc1
fraggfn_clpp,greedy_oracle_static,77,77,81,1,-11.2,c1ccc(-c2cccc(-c3cccc(-c4cccc(-c5ccccc5)c4)c3)c2)cc1,O=[PH]([O-])c1cc(-c2cccc(-c3ccccc3)c2)cc(-c2cccc(-c3ccccc3)c2)c1
fraggfn_clpp,greedy_oracle_static,78,78,82,1,-11.1,c1ccc(-c2cccc(-c3cccc(-c4cccc(-c5ccccc5)c4)c3)c2)cc1,C=C(C)c1cc(-c2cccc(-c3ccccc3)c2)cc(-c2cccc(-c3ccccc3)c2)c1
fraggfn_clpp,greedy_oracle_static,79,79,83,1,-11.1,c1ccc(-c2cccc(-c3cccc(-c4cccc(-c5ccccc5)c4)c3)c2)cc1,CC(=O)NCc1ccccc1-c1cccc(-c2cccc(-c3cccc(-c4ccccc4)c3)c2)c1
fraggfn_clpp,greedy_oracle_static,80,80,84,1,-11.1,c1ccc(-c2cccc(-c3cccc(-c4cccc(-c5ccccc5)c4)c3)c2)cc1,FC(F)(F)c1ccccc1-c1cccc(-c2cccc(-c3cccc(-c4ccccc4)c3)c2)c1
fraggfn_clpp,greedy_oracle_static,81,81,85,1,-11.0,c1ccc(-c2cccc(-c3cccc(-c4cccc(-c5ccccc5)c4)c3)c2)cc1,CC=Cc1c(-c2cccc(-c3ccccc3)c2)cccc1-c1cccc(-c2ccccc2)c1
fraggfn_clpp,greedy_oracle_static,82,82,86,1,-11.0,c1ccc(-c2cccc(-c3cccc(-c4cccc(-c5ccccc5)c4)c3)c2)cc1,c1ccc(-c2cccc(-c3cccc(-c4ccc(-c5cscn5)c(-c5ccccc5)c4)c3)c2)cc1
fraggfn_clpp,greedy_oracle_static,83,83,87,1,-11.0,c1ccc(-c2cccc(-c3cccc(-c4cccc(-c5ccccc5)c4)c3)c2)cc1,c1ccc(-c2cccc(-c3cccc(-c4cccc(-c5cccc(C6CCCN6)c5)c4)c3)c2)cc1
fraggfn_clpp,greedy_oracle_static,84,84,88,1,-11.0,c1ccc(-c2cccc(-c3cccc(-c4cccc(-c5ccccc5)c4)c3)c2)cc1,c1ccc(-c2cccc(-c3cccc(-c4cccc(-c5cccc(N6CCNCC6)c5)c4)c3)c2)cc1
fraggfn_clpp,greedy_oracle_static,85,85,89,1,-11.0,c1ccc(-c2cccc(-c3cccc(-c4cccc(-c5ccccc5)c4)c3)c2)cc1,O=C(NO)c1ccccc1-c1cccc(-c2cccc(-c3cccc(-c4ccccc4)c3)c2)c1
fraggfn_clpp,greedy_oracle_static,86,86,90,1,-10.9,c1ccc(-c2cccc(-c3cccc(-c4cccc(-c5ccccc5)c4)c3)c2)cc1,CC(C)(O)c1ccc(-c2cccc(-c3cccc(-c4ccccc4)c3)c2)cc1-c1ccccc1
fraggfn_clpp,greedy_oracle_static,87,87,91,1,-10.8,c1ccc(-c2cccc(-c3cccc(-c4cccc(-c5ccccc5)c4)c3)c2)cc1,NCc1c(-c2cccc(-c3ccccc3)c2)cccc1-c1cccc(-c2ccccc2)c1
fraggfn_clpp,greedy_oracle_static,88,88,92,1,-10.8,c1ccc(-c2cccc(-c3cccc(-c4cccc(-c5ccccc5)c4)c3)c2)cc1,CNc1ccccc1-c1cccc(-c2cccc(-c3cccc(-c4ccccc4)c3)c2)c1
fraggfn_clpp,greedy_oracle_static,89,89,93,1,-10.8,c1ccc(-c2cccc(-c3cccc(-c4cccc(-c5ccccc5)c4)c3)c2)cc1,O=[PH](O)c1ccccc1-c1cccc(-c2cccc(-c3cccc(-c4ccccc4)c3)c2)c1
fraggfn_clpp,greedy_oracle_static,90,90,94,1,-10.7,c1ccc(-c2cccc(-c3cccc(-c4cccc(-c5ccccc5)c4)c3)c2)cc1,CC(C)(O)c1c(-c2cccc(-c3ccccc3)c2)cccc1-c1cccc(-c2ccccc2)c1
fraggfn_clpp,greedy_oracle_static,91,91,95,1,-10.6,c1ccc(-c2cccc(-c3cccc(-c4cccc(-c5ccccc5)c4)c3)c2)cc1,O=CNc1c(-c2cccc(-c3ccccc3)c2)cccc1-c1cccc(-c2ccccc2)c1
fraggfn_clpp,greedy_oracle_static,92,92,96,1,-10.6,c1ccc(-c2cccc(-c3cccc(-c4cccc(-c5ccccc5)c4)c3)c2)cc1,c1ccc(-c2cccc(-c3cccc(-c4cccc(-c5ccccc5)c4-c4cc[nH]c4)c3)c2)cc1
fraggfn_clpp,greedy_oracle_static,93,93,97,1,-10.6,c1ccc(-c2cccc(-c3cccc(-c4cccc(-c5ccccc5)c4)c3)c2)cc1,c1ccc(-c2cccc(-c3cccc(-c4cccc(-c5ccc(C6CCCC6)cc5)c4)c3)c2)cc1
fraggfn_clpp,greedy_oracle_static,94,94,98,1,-10.6,c1ccc(-c2cccc(-c3cccc(-c4cccc(-c5ccccc5)c4)c3)c2)cc1,O=[SH](=O)c1cccc(-c2cccc(-c3cccc(-c4cccc(-c5ccccc5)c4)c3)c2)c1
fraggfn_clpp,greedy_oracle_static,95,95,99,1,-10.5,c1ccc(-c2cccc(-c3cccc(-c4cccc(-c5ccccc5)c4)c3)c2)cc1,NS(=O)(=O)c1cccc(-c2cccc(-c3cccc(-c4cccc(-c5ccccc5)c4)c3)c2)c1
fraggfn_clpp,greedy_oracle_static,96,96,100,1,-10.4,c1ccc(-c2cccc(-c3cccc(-c4cccc(-c5ccccc5)c4)c3)c2)cc1,C1=CN(c2ccc(-c3cccc(-c4cccc(-c5ccccc5)c4)c3)cc2-c2ccccc2)C=CC1
fraggfn_clpp,greedy_oracle_static,97,97,101,1,-10.1,c1ccc(-c2cccc(-c3cccc(-c4cccc(-c5ccccc5)c4)c3)c2)cc1,O=S(=O)(O)c1ccccc1-c1cccc(-c2cccc(-c3cccc(-c4ccccc4)c3)c2)c1
fraggfn_clpp,greedy_oracle_static,98,98,102,1,-10.1,c1ccc(-c2cccc(-c3cccc(-c4cccc(-c5ccccc5)c4)c3)c2)cc1,c1ccc(-c2cccc(-c3cccc(-c4cccc(-c5cccc(-c6cncnc6)c5)c4)c3)c2)cc1
fraggfn_clpp,greedy_oracle_static,99,99,107,5,-13.2,c1ccc(-c2cccc(C3CCCC(c4cccc(C5CCCN5)c4)C3)c2)cc1,c1cc(-c2cccc(C3CCCC(c4cccc(C5CCCN5)c4)C3)c2)cc(C2CCCNC2)c1
fraggfn_clpp,greedy_oracle_static,100,100,108,1,-12.9,c1ccc(-c2cccc(C3CCCC(c4cccc(C5CCCN5)c4)C3)c2)cc1,c1ccc(-c2cccc(C3CCC(c4cccc5ccccc45)C(c4cccc(C5CCCN5)c4)C3)c2)cc1
fraggfn_clpp,greedy_oracle_static,101,101,109,1,-12.6,c1ccc(-c2cccc(C3CCCC(c4cccc(C5CCCN5)c4)C3)c2)cc1,O=c1[nH]cnc2c1ncn2C1CCC(c2cccc(-c3ccccc3)c2)CC1c1cccc(C2CCCN2)c1
fraggfn_clpp,greedy_oracle_static,102,102,110,1,-12.5,c1ccc(-c2cccc(C3CCCC(c4cccc(C5CCCN5)c4)C3)c2)cc1,C1=CC(c2cc(C3CCCC(c4cccc(-c5ccccc5)c4)C3)cc(C3CCCN3)c2)CCC1
fraggfn_clpp,greedy_oracle_static,103,103,111,1,-12.3,c1ccc(-c2cccc(C3CCCC(c4cccc(C5CCCN5)c4)C3)c2)cc1,O=c1[nH]c(-c2ccc(C3CCCC(c4cccc(C5CCCN5)c4)C3)cc2-c2ccccc2)nc2[nH]cnc12
fraggfn_clpp,greedy_oracle_static,104,104,112,1,-12.3,c1ccc(-c2cccc(C3CCCC(c4cccc(C5CCCN5)c4)C3)c2)cc1,O=c1nc2n(-c3ccc(C4CCCC(c5cccc(C6CCCN6)c5)C4)cc3-c3ccccc3)c3ccccc3nc-2c(=O)[nH]1
fraggfn_clpp,greedy_oracle_static,105,105,113,1,-12.1,c1ccc(-c2cccc(C3CCCC(c4cccc(C5CCCN5)c4)C3)c2)cc1,c1ccc(-c2ccc(-c3ccc4ccccc4c3)c(C3CCCC(c4cccc(C5CCCN5)c4)C3)c2)cc1
fraggfn_clpp,greedy_oracle_static,106,106,114,1,-11.9,c1ccc(-c2cccc(C3CCCC(c4cccc(C5CCCN5)c4)C3)c2)cc1,C1=CN(N2CCCC2c2cccc(C3CCCC(c4cccc(-c5ccccc5)c4)C3)c2)C=CC1
fraggfn_clpp,greedy_oracle_static,107,107,115,1,-11.9,c1ccc(-c2cccc(C3CCCC(c4cccc(C5CCCN5)c4)C3)c2)cc1,O=c1[nH]cnc2c1ncn2-c1ccccc1-c1cccc(C2CCCC(c3cccc(C4CCCN4)c3)C2)c1
fraggfn_clpp,greedy_oracle_static,108,108,116,1,-11.8,c1ccc(-c2cccc(C3CCCC(c4cccc(C5CCCN5)c4)C3)c2)cc1,CC(=O)Nc1ccc(C2CCCN2)cc1C1CCCC(c2cccc(-c3ccccc3)c2)C1
fraggfn_clpp,greedy_oracle_static,109,109,117,1,-11.8,c1ccc(-c2cccc(C3CCCC(c4cccc(C5CCCN5)c4)C3)c2)cc1,O=c1[nH]c(-c2cc(-c3ccccc3)cc(C3CCCC(c4cccc(C5CCCN5)c4)C3)c2)nc2c1NCCN2
fraggfn_clpp,greedy_oracle_static,110,110,118,1,-11.8,c1ccc(-c2cccc(C3CCCC(c4cccc(C5CCCN5)c4)C3)c2)cc1,c1ccc(-c2cc(C3CCCC(c4cccc(C5CCCN5)c4)C3)ccc2-n2cnc3cncnc32)cc1
fraggfn_clpp,greedy_oracle_static,111,111,119,1,-11.7,c1ccc(-c2cccc(C3CCCC(c4cccc(C5CCCN5)c4)C3)c2)cc1,NC1CCC(c2cccc(C3CCCC(c4cccc(-c5ccccc5)c4)C3)c2)N1
fraggfn_clpp,greedy_oracle_static,112,112,120,1,-11.7,c1ccc(-c2cccc(C3CCCC(c4cccc(C5CCCN5)c4)C3)c2)cc1,C1=CCC(c2ccc(C3CCCC(c4cccc(C5CCCN5)c4)C3)cc2-c2ccccc2)CC1
fraggfn_clpp,greedy_oracle_static,113,113,121,1,-11.6,c1ccc(-c2cccc(C3CCCC(c4cccc(C5CCCN5)c4)C3)c2)cc1,O=c1[nH]cc(-c2ccc(C3CCCC(c4cccc(-c5ccccc5)c4)C3)cc2C2CCCN2)c(=O)[nH]1
fraggfn_clpp,greedy_oracle_static,114,114,122,1,-11.5,c1ccc(-c2cccc(C3CCCC(c4cccc(C5CCCN5)c4)C3)c2)cc1,O=c1[nH]cnc2c1NC(C1CC(c3cccc(-c4ccccc4)c3)CC(c3cccc(C4CCCN4)c3)C1)CN2
fraggfn_clpp,greedy_oracle_static,115,115,123,1,-11.3,c1ccc(-c2cccc(C3CCCC(c4cccc(C5CCCN5)c4)C3)c2)cc1,O=c1nc2[nH]c3cc(-c4ccc(C5CCCN5)cc4C4CCCC(c5cccc(-c6ccccc6)c5)C4)ccc3nc-2c(=O)[nH]1
fraggfn_clpp,greedy_oracle_static,116,116,124,1,-11.1,c1ccc(-c2cccc(C3CCCC(c4cccc(C5CCCN5)c4)C3)c2)cc1,c1ccc(-c2cccc(C3CC(c4cccc(C5CCCN5)c4)CC(c4c[nH]c5ccccc45)C3)c2)cc1
fraggfn_clpp,greedy_oracle_static,117,117,125,1,-11.1,c1ccc(-c2cccc(C3CCCC(c4cccc(C5CCCN5)c4)C3)c2)cc1,c1ccc(-c2cccc(C3CCCC(c4cccc(C5NCCC5c5ccc[nH+]c5)c4)C3)c2)cc1
fraggfn_clpp,greedy_oracle_static,118,118,126,1,-11.0,c1ccc(-c2cccc(C3CCCC(c4cccc(C5CCCN5)c4)C3)c2)cc1,c1ccc(-c2cccc(C3CCCC(c4cccc(C5CCCN5)c4)C3C3CCCCO3)c2)cc1
fraggfn_clpp,greedy_oracle_static,119,119,127,1,-11.0,c1ccc(-c2cccc(C3CCCC(c4cccc(C5CCCN5)c4)C3)c2)cc1,c1ccc(-c2cccc(C3CCCC(c4cccc(C5CCCN5c5ncnc6[nH]cnc56)c4)C3)c2)cc1
fraggfn_clpp,greedy_oracle_static,120,120,128,1,-11.0,c1ccc(-c2cccc(C3CCCC(c4cccc(C5CCCN5)c4)C3)c2)cc1,c1ccc(-c2cc(C3CCCC(c4cccc(C5CCCN5)c4)C3)cc(N3CCCCC3)c2)cc1
fraggfn_clpp,greedy_oracle_static,121,121,129,1,-10.8,c1ccc(-c2cccc(C3CCCC(c4cccc(C5CCCN5)c4)C3)c2)cc1,O=c1[nH]c(N2CCCC2c2cccc(C3CCCC(c4cccc(-c5ccccc5)c4)C3)c2)nc2c1NCCN2
fraggfn_clpp,greedy_oracle_static,122,122,130,1,-10.7,c1ccc(-c2cccc(C3CCCC(c4cccc(C5CCCN5)c4)C3)c2)cc1,C1=CNC=C(c2c(C3CCCC(c4cccc(-c5ccccc5)c4)C3)cccc2C2CCCN2)C1
fraggfn_clpp,greedy_oracle_static,123,123,131,1,-10.4,c1ccc(-c2cccc(C3CCCC(c4cccc(C5CCCN5)c4)C3)c2)cc1,c1ccc(-c2cccc(C3CC(c4cccc(C5CCCN5)c4)CCC3C3CCOC3)c2)cc1
fraggfn_clpp,greedy_oracle_static,124,124,132,1,-10.4,c1ccc(-c2cccc(C3CCCC(c4cccc(C5CCCN5)c4)C3)c2)cc1,O=c1nc2n(N3CCCC3c3cccc(C4CCCC(c5cccc(-c6ccccc6)c5)C4)c3)c3ccccc3nc-2c(=O)[nH]1
fraggfn_clpp,greedy_oracle_static,125,125,133,1,-10.3,c1ccc(-c2cccc(C3CCCC(c4cccc(C5CCCN5)c4)C3)c2)cc1,O=c1[nH]cnc2c1NC(N1CCCC1c1cccc(C3CCCC(c4cccc(-c5ccccc5)c4)C3)c1)CN2
fraggfn_clpp,greedy_oracle_static,126,126,134,1,-10.1,c1ccc(-c2cccc(C3CCCC(c4cccc(C5CCCN5)c4)C3)c2)cc1,O=c1nc2[nH]c3ccc(C4C(c5cccc(-c6ccccc6)c5)CCCC4c4cccc(C5CCCN5)c4)cc3nc-2c(=O)[nH]1
fraggfn_clpp,greedy_oracle_static,127,127,135,1,-10.1,c1ccc(-c2cccc(C3CCCC(c4cccc(C5CCCN5)c4)C3)c2)cc1,c1ccc(-c2cccc(C3CC(c4cccc(C5CCCN5)c4)CC(n4cnc5cncnc54)C3)c2)cc1
fraggfn_clpp,greedy_oracle_static,128,128,136,1,-9.7,c1ccc(-c2cccc(C3CCCC(c4cccc(C5CCCN5)c4)C3)c2)cc1,c1ccc(-c2cccc(C3CCCC(c4cccc(C5CCCN5)c4)C3)c2-c2cn[nH]c2)cc1
fraggfn_clpp,greedy_oracle_static,129,129,137,1,-9.3,c1ccc(-c2cccc(C3CCCC(c4cccc(C5CCCN5)c4)C3)c2)cc1,c1ccc(-c2cccc(C3CCCC(c4cccc(C5CCCN5)c4)C3c3ncnc4[nH]cnc34)c2)cc1
fraggfn_clpp,greedy_oracle_static,130,130,138,1,-9.1,c1ccc(-c2cccc(C3CCCC(c4cccc(C5CCCN5)c4)C3)c2)cc1,O=c1nc2n(C3C(c4cccc(-c5ccccc5)c4)CCCC3c3cccc(C4CCCN4)c3)c3ccccc3nc-2c(=O)[nH]1
fraggfn_clpp,greedy_oracle_static,131,131,139,1,-8.8,c1ccc(-c2cccc(C3CCCC(c4cccc(C5CCCN5)c4)C3)c2)cc1,O=c1nc2[nH]c3ccc(N4CCCC4c4cccc(C5CCCC(c6cccc(-c7ccccc7)c6)C5)c4)cc3nc-2c(=O)[nH]1
fraggfn_clpp,greedy_oracle_static,132,132,140,1,-8.8,c1ccc(-c2cccc(C3CCCC(c4cccc(C5CCCN5)c4)C3)c2)cc1,c1cc(-c2ccccc2-c2c[nH]c3ccccc23)cc(C2CCCC(c3cccc(C4CCCN4)c3)C2)c1
fraggfn_clpp,greedy_oracle_static,133,133,145,5,-13.2,c1ccc(-c2cccc(-c3cccc(-c4cc(-c5ccccn5)ccn4)c3)c2)cc1,CC=Cc1cccc(-c2cccc(-c3cccc(-c4cc(-c5ccccn5)ccn4)c3)c2)c1
fraggfn_clpp,greedy_oracle_static,134,134,146,1,-13.0,c1ccc(-c2cccc(-c3cccc(-c4cc(-c5ccccn5)ccn4)c3)c2)cc1,O=c1[nH]c(-c2cc(-c3ccccn3)cc(-c3cccc(-c4cccc(-c5ccccc5)c4)c3)n2)nc2c1NCCN2
fraggfn_clpp,greedy_oracle_static,135,135,147,1,-13.0,c1ccc(-c2cccc(-c3cccc(-c4cc(-c5ccccn5)ccn4)c3)c2)cc1,c1ccc(-c2cccc(-c3cccc(-c4cc(-c5ccccn5)cc(-c5c[nH]c6ccccc56)n4)c3)c2)cc1
fraggfn_clpp,greedy_oracle_static,136,136,148,1,-12.6,c1ccc(-c2cccc(-c3cccc(-c4cc(-c5ccccn5)ccn4)c3)c2)cc1,c1ccc(-c2cccc(-c3cccc(-c4cc(-c5ccccn5)cc(-n5cnc6cncnc65)n4)c3)c2)cc1
fraggfn_clpp,greedy_oracle_static,137,137,149,1,-12.6,c1ccc(-c2cccc(-c3cccc(-c4cc(-c5ccccn5)ccn4)c3)c2)cc1,Cc1ccc(-c2ccnc(-c3cccc(-c4cccc(-c5ccccc5)c4)c3)c2)nc1
fraggfn_clpp,greedy_oracle_static,138,138,150,1,-12.5,c1ccc(-c2cccc(-c3cccc(-c4cc(-c5ccccn5)ccn4)c3)c2)cc1,c1ccc(-c2cccc(-c3ccc(C4CCCNC4)c(-c4cc(-c5ccccn5)ccn4)c3)c2)cc1
fraggfn_clpp,greedy_oracle_static,139,139,151,1,-12.5,c1ccc(-c2cccc(-c3cccc(-c4cc(-c5ccccn5)ccn4)c3)c2)cc1,O=c1ncccn1-c1ccc(-c2cccc(-c3ccccc3)c2)cc1-c1cc(-c2ccccn2)ccn1
fraggfn_clpp,greedy_oracle_static,140,140,152,1,-12.2,c1ccc(-c2cccc(-c3cccc(-c4cc(-c5ccccn5)ccn4)c3)c2)cc1,c1ccc(-c2cccc(-c3ccc(-c4ccc5ccccc5c4)c(-c4cc(-c5ccccn5)ccn4)c3)c2)cc1
fraggfn_clpp,greedy_oracle_static,141,141,153,1,-12.1,c1ccc(-c2cccc(-c3cccc(-c4cc(-c5ccccn5)ccn4)c3)c2)cc1,c1ccc(-c2cccc(-c3cc(-c4cc(-c5ccccn5)ccn4)cc(C4CCCCC4)c3)c2)cc1
fraggfn_clpp,greedy_oracle_static,142,142,154,1,-12.1,c1ccc(-c2cccc(-c3cccc(-c4cc(-c5ccccn5)ccn4)c3)c2)cc1,c1ccc(-c2cccc(-c3cccc(-c4cc(-c5ccccn5)c(C5CCCCO5)cn4)c3)c2)cc1
fraggfn_clpp,greedy_oracle_static,143,143,155,1,-12.0,c1ccc(-c2cccc(-c3cccc(-c4cc(-c5ccccn5)ccn4)c3)c2)cc1,c1ccc(-c2cccc(-c3cccc(-c4cc(-c5ccccn5)cc(-c5ncnc6[nH]cnc56)n4)c3)c2)cc1
fraggfn_clpp,greedy_oracle_static,144,144,156,1,-12.0,c1ccc(-c2cccc(-c3cccc(-c4cc(-c5ccccn5)ccn4)c3)c2)cc1,O=c1nc2n(-c3ccc(-c4ccccc4)cc3-c3cccc(-c4cc(-c5ccccn5)ccn4)c3)c3ccccc3nc-2c(=O)[nH]1
fraggfn_clpp,greedy_oracle_static,145,145,157,1,-11.9,c1ccc(-c2cccc(-c3cccc(-c4cc(-c5ccccn5)ccn4)c3)c2)cc1,O=c1[nH]cnc2c1NC(c1cc(-c3ccccc3)cc(-c3cccc(-c4cc(-c5ccccn5)ccn4)c3)c1)CN2
fraggfn_clpp,greedy_oracle_static,146,146,158,1,-11.7,c1ccc(-c2cccc(-c3cccc(-c4cc(-c5ccccn5)ccn4)c3)c2)cc1,O=c1nc2[nH]c3ccc(-c4cc(-c5cccc(-c6ccccc6)c5)cc(-c5cc(-c6ccccn6)ccn5)c4)cc3nc-2c(=O)[nH]1
fraggfn_clpp,greedy_oracle_static,147,147,159,1,-11.7,c1ccc(-c2cccc(-c3cccc(-c4cc(-c5ccccn5)ccn4)c3)c2)cc1,c1ccc(-c2cccc(-c3cccc(-c4cc(-c5ccccn5)c([NH+]5CCOCC5)cn4)c3)c2)cc1
fraggfn_clpp,greedy_oracle_static,148,148,160,1,-11.7,c1ccc(-c2cccc(-c3cccc(-c4cc(-c5ccccn5)ccn4)c3)c2)cc1,O=c1[nH]cnc2c1ncn2-c1ccc(-c2ccccc2)cc1-c1cccc(-c2cc(-c3ccccn3)ccn2)c1
fraggfn_clpp,greedy_oracle_static,149,149,161,1,-11.6,c1ccc(-c2cccc(-c3cccc(-c4cc(-c5ccccn5)ccn4)c3)c2)cc1,C1=CCC(c2ccc(-c3cc(-c4ccccn4)ccn3)cc2-c2cccc(-c3ccccc3)c2)CC1
fraggfn_clpp,greedy_oracle_static,150,150,162,1,-11.6,c1ccc(-c2cccc(-c3cccc(-c4cc(-c5ccccn5)ccn4)c3)c2)cc1,c1ccc(-c2cc(-c3cccc(-c4cc(-c5ccccn5)ccn4)c3)cc([NH+]3CCOCC3)c2)cc1
fraggfn_clpp,greedy_oracle_static,151,151,163,1,-11.5,c1ccc(-c2cccc(-c3cccc(-c4cc(-c5ccccn5)ccn4)c3)c2)cc1,O=c1[nH]c(-c2ccc(-c3ccccc3)cc2-c2cccc(-c3cc(-c4ccccn4)ccn3)c2)nc2[nH]cnc12
fraggfn_clpp,greedy_oracle_static,152,152,164,1,-11.3,c1ccc(-c2cccc(-c3cccc(-c4cc(-c5ccccn5)ccn4)c3)c2)cc1,O=CNCc1cccc(-c2ccnc(-c3cccc(-c4cccc(-c5ccccc5)c4)c3)c2)n1
fraggfn_clpp,greedy_oracle_static,153,153,165,1,-11.3,c1ccc(-c2cccc(-c3cccc(-c4cc(-c5ccccn5)ccn4)c3)c2)cc1,O=c1ccn(-c2cccnc2-c2ccnc(-c3cccc(-c4cccc(-c5ccccc5)c4)c3)c2)c(=O)[nH]1
fraggfn_clpp,greedy_oracle_static,154,154,166,1,-11.2,c1ccc(-c2cccc(-c3cccc(-c4cc(-c5ccccn5)ccn4)c3)c2)cc1,c1ccc(-c2cccc(-c3cccc(-c4cc(-c5ccccn5)c(N5CCNCC5)cn4)c3)c2)cc1
fraggfn_clpp,greedy_oracle_static,155,155,167,1,-11.2,c1ccc(-c2cccc(-c3cccc(-c4cc(-c5ccccn5)ccn4)c3)c2)cc1,C1=CC(c2ccnc(-c3ccnc(-c4cccc(-c5cccc(-c6ccccc6)c5)c4)c3)c2)CCC1
fraggfn_clpp,greedy_oracle_static,156,156,168,1,-11.1,c1ccc(-c2cccc(-c3cccc(-c4cc(-c5ccccn5)ccn4)c3)c2)cc1,c1ccc(-c2cccc(-c3cccc(-c4cc(-c5ncccc5-c5ccncn5)ccn4)c3)c2)cc1
fraggfn_clpp,greedy_oracle_static,157,157,169,1,-11.1,c1ccc(-c2cccc(-c3cccc(-c4cc(-c5ccccn5)ccn4)c3)c2)cc1,O=CNc1ccc(-c2ccccc2)cc1-c1cccc(-c2cc(-c3ccccn3)ccn2)c1
fraggfn_clpp,greedy_oracle_static,158,158,170,1,-10.9,c1ccc(-c2cccc(-c3cccc(-c4cc(-c5ccccn5)ccn4)c3)c2)cc1,C1=CNC=C(c2cccc(-c3ccnc(-c4cccc(-c5cccc(-c6ccccc6)c5)c4)c3)n2)C1
fraggfn_clpp,greedy_oracle_static,159,159,171,1,-10.9,c1ccc(-c2cccc(-c3cccc(-c4cc(-c5ccccn5)ccn4)c3)c2)cc1,c1ccc(-c2cccc(-c3cccc(-c4cc(-c5ncccc5C5CCCOC5)ccn4)c3)c2)cc1
fraggfn_clpp,greedy_oracle_static,160,160,172,1,-10.8,c1ccc(-c2cccc(-c3cccc(-c4cc(-c5ccccn5)ccn4)c3)c2)cc1,c1ccc(-c2cc(-c3cccc(-c4cc(-c5ccccn5)ccn4)c3)ccc2C2CCCN2)cc1
fraggfn_clpp,greedy_oracle_static,161,161,173,1,-10.7,c1ccc(-c2cccc(-c3cccc(-c4cc(-c5ccccn5)ccn4)c3)c2)cc1,c1ccc(-c2cccc(-c3cccc(-c4nccc(-c5ccccn5)c4C4CC4)c3)c2)cc1
fraggfn_clpp,greedy_oracle_static,162,162,174,1,-10.7,c1ccc(-c2cccc(-c3cccc(-c4cc(-c5ccccn5)ccn4)c3)c2)cc1,c1ccc(-c2ccnc(-c3cccc(-c4cccc(-c5cccc(C6CCCO6)c5)c4)c3)c2)nc1
fraggfn_clpp,greedy_oracle_static,163,163,175,1,-10.6,c1ccc(-c2cccc(-c3cccc(-c4cc(-c5ccccn5)ccn4)c3)c2)cc1,FC(F)(F)c1c(-c2cccc(-c3ccccc3)c2)cccc1-c1cc(-c2ccccn2)ccn1
fraggfn_clpp,greedy_oracle_static,164,164,176,1,-10.5,c1ccc(-c2cccc(-c3cccc(-c4cc(-c5ccccn5)ccn4)c3)c2)cc1,O=c1nc(-c2c(-c3ccccn3)ccnc2-c2cccc(-c3cccc(-c4ccccc4)c3)c2)cc[nH]1
fraggfn_clpp,greedy_oracle_static,165,165,177,1,-10.3,c1ccc(-c2cccc(-c3cccc(-c4cc(-c5ccccn5)ccn4)c3)c2)cc1,CC(=O)NCc1c(-c2ccccn2)ccnc1-c1cccc(-c2cccc(-c3ccccc3)c2)c1
fraggfn_clpp,greedy_oracle_static,166,166,178,1,-10.2,c1ccc(-c2cccc(-c3cccc(-c4cc(-c5ccccn5)ccn4)c3)c2)cc1,O=CNCc1ccccc1-c1cccc(-c2cccc(-c3cc(-c4ccccn4)ccn3)c2)c1
fraggfn_clpp,greedy_oracle_static,167,167,179,1,-10.1,c1ccc(-c2cccc(-c3cccc(-c4cc(-c5ccccn5)ccn4)c3)c2)cc1,c1ccc(-c2cccc(-c3cccc(-c4cc(-c5ccccn5)c(-c5cccc6ccccc56)cn4)c3)c2)cc1
fraggfn_clpp,greedy_oracle_static,168,168,180,1,-10.0,c1ccc(-c2cccc(-c3cccc(-c4cc(-c5ccccn5)ccn4)c3)c2)cc1,O=c1[nH]cnc2c1ncn2-c1c(-c2ccccn2)ccnc1-c1cccc(-c2cccc(-c3ccccc3)c2)c1
fraggfn_clpp,greedy_oracle_static,169,169,181,1,-9.8,c1ccc(-c2cccc(-c3cccc(-c4cc(-c5ccccn5)ccn4)c3)c2)cc1,c1ccc(-c2cccc(-c3cccc(-c4cc(-c5ccccn5)ccn4)c3)c2C2CC2)cc1
fraggfn_clpp,greedy_oracle_static,170,170,182,1,-9.4,c1ccc(-c2cccc(-c3cccc(-c4cc(-c5ccccn5)ccn4)c3)c2)cc1,C1=CN(c2ccccc2-c2cccc(-c3cccc(-c4cc(-c5ccccn5)ccn4)c3)c2)C=CC1
fraggfn_clpp,greedy_oracle_static,171,171,183,1,-9.4,c1ccc(-c2cccc(-c3cccc(-c4cc(-c5ccccn5)ccn4)c3)c2)cc1,c1ccc(-c2ccnc(-c3cccc(-c4cccc(-c5ccccc5C5CCNC5)c4)c3)c2)nc1
fraggfn_clpp,greedy_oracle_static,172,172,184,1,-9.3,c1ccc(-c2cccc(-c3cccc(-c4cc(-c5ccccn5)ccn4)c3)c2)cc1,O=CNCc1cnc(-c2cccc(-c3cccc(-c4ccccc4)c3)c2)cc1-c1ccccn1
fraggfn_clpp,greedy_oracle_static,173,173,185,1,-8.6,c1ccc(-c2cccc(-c3cccc(-c4cc(-c5ccccn5)ccn4)c3)c2)cc1,c1ccc(-c2cccc(-c3cccc(-c4cc(-c5ccccn5)ccn4)c3)c2-n2cnc3cncnc32)cc1
fraggfn_clpp,greedy_oracle_static,174,174,186,1,-8.4,c1ccc(-c2cccc(-c3cccc(-c4cc(-c5ccccn5)ccn4)c3)c2)cc1,O=c1[nH]c(-c2c(-c3ccccc3)cccc2-c2cccc(-c3cc(-c4ccccn4)ccn3)c2)nc2c1NCCN2
fraggfn_clpp,greedy_oracle_static,175,175,191,5,-13.2,C=C(C)C1CCCC(c2cccc(C3C=C(c4ccccc4)CCC3)c2)C1,C=C(C)C1CCCC(c2ccc(-n3c4nc(=O)[nH]c(=O)c-4nc4ccccc43)c(C3C=C(c4ccccc4)CCC3)c2)C1
fraggfn_clpp,greedy_oracle_static,176,176,192,1,-12.8,C=C(C)C1CCCC(c2cccc(C3C=C(c4ccccc4)CCC3)c2)C1,C=C(C)C1CCCC(c2ccc(-c3nc4[nH]cnc4c(=O)[nH]3)c(C3C=C(c4ccccc4)CCC3)c2)C1
fraggfn_clpp,greedy_oracle_static,177,177,193,1,-12.7,C=C(C)C1CCCC(c2cccc(C3C=C(c4ccccc4)CCC3)c2)C1,C=C(C)C1CCCC(c2cccc(C3C=C(c4ccc(C(F)(F)F)cc4)CCC3)c2)C1
fraggfn_clpp,greedy_oracle_static,178,178,194,1,-12.4,C=C(C)C1CCCC(c2cccc(C3C=C(c4ccccc4)CCC3)c2)C1,C=C(C)C1CCCC(c2ccc(C3C=CCCC3)c(C3C=C(c4ccccc4)CCC3)c2)C1
fraggfn_clpp,greedy_oracle_static,179,179,195,1,-12.3,C=C(C)C1CCCC(c2cccc(C3C=C(c4ccccc4)CCC3)c2)C1,C=C(C)C1CCCC(c2cccc(C3C=C(c4ccccc4)CCC3N3C=CCC=C3)c2)C1
fraggfn_clpp,greedy_oracle_static,180,180,196,1,-12.2,C=C(C)C1CCCC(c2cccc(C3C=C(c4ccccc4)CCC3)c2)C1,C=C(C)C1CCCC(c2cc(C3C=C(c4ccccc4)CCC3)ccc2-n2cnc3c(=O)[nH]cnc32)C1
fraggfn_clpp,greedy_oracle_static,181,181,197,1,-12.1,C=C(C)C1CCCC(c2cccc(C3C=C(c4ccccc4)CCC3)c2)C1,C=C(C)C1CC(c2cccc(C3C=C(c4ccccc4)CCC3)c2)CC(C2CCNC2)C1
fraggfn_clpp,greedy_oracle_static,182,182,198,1,-12.0,C=C(C)C1CCCC(c2cccc(C3C=C(c4ccccc4)CCC3)c2)C1,C=C(C)C1CCCC(c2cc(C3C=C(c4ccccc4)CCC3)ccc2-c2cccc3ccccc23)C1
fraggfn_clpp,greedy_oracle_static,183,183,199,1,-11.8,C=C(C)C1CCCC(c2cccc(C3C=C(c4ccccc4)CCC3)c2)C1,C=C(C)C1CCCC(c2cccc(C3C=C(c4ccccc4)CCC3)c2)C1c1nc2c(c(=O)[nH]1)NCCN2
fraggfn_clpp,greedy_oracle_static,184,184,200,1,-11.7,C=C(C)C1CCCC(c2cccc(C3C=C(c4ccccc4)CCC3)c2)C1,CC(=CC1=CCCCC1)C1CCCC(c2cccc(C3C=C(c4ccccc4)CCC3)c2)C1
fraggfn_clpp,greedy_oracle_static,185,185,201,1,-11.6,C=C(C)C1CCCC(c2cccc(C3C=C(c4ccccc4)CCC3)c2)C1,C=C(C)C1CCCC(c2cccc(C3C=C(c4ccccc4C4CNc5nc[nH]c(=O)c5N4)CCC3)c2)C1
fraggfn_clpp,greedy_oracle_static,186,186,202,1,-11.5,C=C(C)C1CCCC(c2cccc(C3C=C(c4ccccc4)CCC3)c2)C1,C=C(C)C1CCC(c2ncccn2)C(c2cccc(C3C=C(c4ccccc4)CCC3)c2)C1
fraggfn_clpp,greedy_oracle_static,187,187,203,1,-11.3,C=C(C)C1CCCC(c2cccc(C3C=C(c4ccccc4)CCC3)c2)C1,C=C(C)C1CCCC(c2cc(C(=O)NO)cc(C3C=C(c4ccccc4)CCC3)c2)C1
fraggfn_clpp,greedy_oracle_static,188,188,204,1,-11.1,C=C(C)C1CCCC(c2cccc(C3C=C(c4ccccc4)CCC3)c2)C1,C=C(C)C1CCCC(c2cccc(C3C=C(c4ccccc4)CCC3c3ccc4nc5c(=O)[nH]c(=O)nc-5[nH]c4c3)c2)C1
fraggfn_clpp,greedy_oracle_static,189,189,205,1,-11.1,C=C(C)C1CCCC(c2cccc(C3C=C(c4ccccc4)CCC3)c2)C1,C=C(C)C1CCCC(c2cccc(C3C=C(c4ccccc4)CCC3)c2)C1C1CCCO1
fraggfn_clpp,greedy_oracle_static,190,190,206,1,-11.1,C=C(C)C1CCCC(c2cccc(C3C=C(c4ccccc4)CCC3)c2)C1,C=C(C)C1CC(c2cccc(C3C=C(c4ccccc4)CCC3)c2)CCC1P(=O)([O-])O
fraggfn_clpp,greedy_oracle_static,191,191,207,1,-11.0,C=C(C)C1CCCC(c2cccc(C3C=C(c4ccccc4)CCC3)c2)C1,C=C(C)C1CCCC(c2cccc(C3C=C(c4ccccc4-c4ccc5[nH]c6nc(=O)[nH]c(=O)c-6nc5c4)CCC3)c2)C1
fraggfn_clpp,greedy_oracle_static,192,192,208,1,-11.0,C=C(C)C1CCCC(c2cccc(C3C=C(c4ccccc4)CCC3)c2)C1,C=C(C)C1CCCC(c2cccc(C3C=C(c4ccccc4)CCC3)c2)C1n1cnc2c(=O)[nH]cnc21
fraggfn_clpp,greedy_oracle_static,193,193,209,1,-10.7,C=C(C)C1CCCC(c2cccc(C3C=C(c4ccccc4)CCC3)c2)C1,C=C(C)C1CCCC(c2cccc(C3C=C(c4ccccc4)CCC3C3CNc4nc[nH]c(=O)c4N3)c2)C1
fraggfn_clpp,greedy_oracle_static,194,194,210,1,-10.0,C=C(C)C1CCCC(c2cccc(C3C=C(c4ccccc4)CCC3)c2)C1,C=C(C)C1CCCC(c2cccc(C3C=C(c4ccccc4)CCC3)c2NC=O)C1
fraggfn_clpp,greedy_oracle_static,195,195,211,1,-9.8,C=C(C)C1CCCC(c2cccc(C3C=C(c4ccccc4)CCC3)c2)C1,C=C(C)C1CCCC(c2cccc(C3C=C(c4ccccc4-n4cnc5cncnc54)CCC3)c2)C1
fraggfn_clpp,greedy_oracle_static,196,196,212,1,-9.7,C=C(C)C1CCCC(c2cccc(C3C=C(c4ccccc4)CCC3)c2)C1,C=C(C)C1CC(c2cccc(C3C=C(c4ccccc4)CCC3)c2)CCC1n1c2nc(=O)[nH]c(=O)c-2nc2ccccc21
fraggfn_clpp,greedy_oracle_static,197,197,213,1,-8.6,C=C(C)C1CCCC(c2cccc(C3C=C(c4ccccc4)CCC3)c2)C1,C=C(C)C1CCCC(c2cccc(C3C=C(c4ccccc4)CCC3)c2-c2nc3c(c(=O)[nH]2)NCCN3)C1
fraggfn_clpp,greedy_oracle_static,198,198,218,5,-12.6,c1ccc(-c2cccc(-c3cc(-c4ccccc4)ccc3N3CCCC3)c2)cc1,c1ccc(-c2cc(-c3cc(-c4ccccc4)ccc3N3CCCC3)cc(-c3cccc4ccccc34)c2)cc1
fraggfn_clpp,greedy_oracle_static,199,199,219,1,-12.5,c1ccc(-c2cccc(-c3cc(-c4ccccc4)ccc3N3CCCC3)c2)cc1,O=c1nc2n(C3CCN(c4ccc(-c5ccccc5)cc4-c4cccc(-c5ccccc5)c4)C3)c3ccccc3nc-2c(=O)[nH]1
fraggfn_clpp,greedy_oracle_static,200,200,220,1,-12.4,c1ccc(-c2cccc(-c3cc(-c4ccccc4)ccc3N3CCCC3)c2)cc1,c1ccc(-c2cccc(-c3cc(-c4ccccc4)ccc3N3CCCC3c3cccc4ccccc34)c2)cc1
fraggfn_clpp,greedy_oracle_static,201,201,221,1,-12.3,c1ccc(-c2cccc(-c3cc(-c4ccccc4)ccc3N3CCCC3)c2)cc1,O=c1[nH]c(-c2cc(-c3ccccc3)cc(-c3cc(-c4ccccc4)ccc3N3CCCC3)c2)nc2c1NCCN2
fraggfn_clpp,greedy_oracle_static,202,202,222,1,-12.0,c1ccc(-c2cccc(-c3cc(-c4ccccc4)ccc3N3CCCC3)c2)cc1,C1=CC(c2cc(-c3ccccc3)cc(-c3cc(-c4ccccc4)ccc3N3CCCC3)c2)CCC1
fraggfn_clpp,greedy_oracle_static,203,203,223,1,-12.0,c1ccc(-c2cccc(-c3cc(-c4ccccc4)ccc3N3CCCC3)c2)cc1,O=c1[nH]c(C2CCN(c3ccc(-c4ccccc4)cc3-c3cccc(-c4ccccc4)c3)C2)nc2c1NCCN2
fraggfn_clpp,greedy_oracle_static,204,204,224,1,-11.9,c1ccc(-c2cccc(-c3cc(-c4ccccc4)ccc3N3CCCC3)c2)cc1,c1ccc(-c2cc(-c3cc(-c4ccccc4)ccc3N3CCCC3)cc(-c3ncnc4[nH]cnc34)c2)cc1
fraggfn_clpp,greedy_oracle_static,205,205,225,1,-11.8,c1ccc(-c2cccc(-c3cc(-c4ccccc4)ccc3N3CCCC3)c2)cc1,O=c1ccn(-c2cc(-c3ccccc3)cc(-c3cc(-c4ccccc4)ccc3N3CCCC3)c2)c(=O)[nH]1
fraggfn_clpp,greedy_oracle_static,206,206,226,1,-11.8,c1ccc(-c2cccc(-c3cc(-c4ccccc4)ccc3N3CCCC3)c2)cc1,C1=CCC(C2CCCN2c2ccc(-c3ccccc3)cc2-c2cccc(-c3ccccc3)c2)CC1
fraggfn_clpp,greedy_oracle_static,207,207,227,1,-11.8,c1ccc(-c2cccc(-c3cc(-c4ccccc4)ccc3N3CCCC3)c2)cc1,O=c1[nH]cnc2c1ncn2C1CCN(c2ccc(-c3ccccc3)cc2-c2cccc(-c3ccccc3)c2)C1
fraggfn_clpp,greedy_oracle_static,208,208,228,1,-11.7,c1ccc(-c2cccc(-c3cc(-c4ccccc4)ccc3N3CCCC3)c2)cc1,O=c1ccn(C2CCCN2c2ccc(-c3ccccc3)cc2-c2cccc(-c3ccccc3)c2)c(=O)[nH]1
fraggfn_clpp,greedy_oracle_static,209,209,229,1,-11.6,c1ccc(-c2cccc(-c3cc(-c4ccccc4)ccc3N3CCCC3)c2)cc1,O=c1[nH]c(-c2ccc(-c3ccccc3)cc2-c2cc(-c3ccccc3)ccc2N2CCCC2)nc2[nH]cnc12
fraggfn_clpp,greedy_oracle_static,210,210,230,1,-11.6,c1ccc(-c2cccc(-c3cc(-c4ccccc4)ccc3N3CCCC3)c2)cc1,C1=CNC=C(C2CCN(c3ccc(-c4ccccc4)cc3-c3cccc(-c4ccccc4)c3)C2)C1
fraggfn_clpp,greedy_oracle_static,211,211,231,1,-11.6,c1ccc(-c2cccc(-c3cc(-c4ccccc4)ccc3N3CCCC3)c2)cc1,c1ccc(-c2cccc(-c3cc(-c4ccccc4)ccc3N3CCC(C4CCCNC4)C3)c2)cc1
fraggfn_clpp,greedy_oracle_static,212,212,232,1,-11.4,c1ccc(-c2cccc(-c3cc(-c4ccccc4)ccc3N3CCCC3)c2)cc1,c1ccc(-c2ccc(-c3ccc4ccccc4c3)c(-c3cc(-c4ccccc4)ccc3N3CCCC3)c2)cc1
fraggfn_clpp,greedy_oracle_static,213,213,233,1,-11.4,c1ccc(-c2cccc(-c3cc(-c4ccccc4)ccc3N3CCCC3)c2)cc1,c1ccc(-c2cccc(-c3cc(-c4ccccc4)cc(-c4c[nH]c5ccccc45)c3N3CCCC3)c2)cc1
fraggfn_clpp,greedy_oracle_static,214,214,234,1,-11.4,c1ccc(-c2cccc(-c3cc(-c4ccccc4)ccc3N3CCCC3)c2)cc1,c1ccc(-c2cccc(-c3cc(-c4ccccc4)ccc3N3CCCC3[NH+]3CCOCC3)c2)cc1
fraggfn_clpp,greedy_oracle_static,215,215,235,1,-11.4,c1ccc(-c2cccc(-c3cc(-c4ccccc4)ccc3N3CCCC3)c2)cc1,c1ccc(-c2cccc(-c3cc(-c4ccccc4)ccc3N3CCCC3c3ncnc4[nH]cnc34)c2)cc1
fraggfn_clpp,greedy_oracle_static,216,216,236,1,-11.3,c1ccc(-c2cccc(-c3cc(-c4ccccc4)ccc3N3CCCC3)c2)cc1,c1ccc(-c2ccc(-c3c[nH]c4ccccc34)c(-c3cc(-c4ccccc4)ccc3N3CCCC3)c2)cc1
fraggfn_clpp,greedy_oracle_static,217,217,237,1,-11.3,c1ccc(-c2cccc(-c3cc(-c4ccccc4)ccc3N3CCCC3)c2)cc1,O=c1ncccn1-c1cccc(-c2ccc(N3CCCC3)c(-c3cccc(-c4ccccc4)c3)c2)c1
fraggfn_clpp,greedy_oracle_static,218,218,238,1,-11.2,c1ccc(-c2cccc(-c3cc(-c4ccccc4)ccc3N3CCCC3)c2)cc1,c1ccc(-c2ccc(C3CCCNC3)c(-c3cc(-c4ccccc4)ccc3N3CCCC3)c2)cc1
fraggfn_clpp,greedy_oracle_static,219,219,239,1,-11.2,c1ccc(-c2cccc(-c3cc(-c4ccccc4)ccc3N3CCCC3)c2)cc1,Fc1ccc(-c2cc(-c3ccccc3)ccc2N2CCCC2)cc1-c1ccccc1
fraggfn_clpp,greedy_oracle_static,220,220,240,1,-11.2,c1ccc(-c2cccc(-c3cc(-c4ccccc4)ccc3N3CCCC3)c2)cc1,c1ccc(-c2cccc(-c3cc(-c4ccccc4)cc(C4CCOCC4)c3N3CCCC3)c2)cc1
fraggfn_clpp,greedy_oracle_static,221,221,241,1,-10.9,c1ccc(-c2cccc(-c3cc(-c4ccccc4)ccc3N3CCCC3)c2)cc1,O=C(NO)c1ccc(-c2ccccc2)cc1-c1cc(-c2ccccc2)ccc1N1CCCC1
fraggfn_clpp,greedy_oracle_static,222,222,242,1,-10.9,c1ccc(-c2cccc(-c3cc(-c4ccccc4)ccc3N3CCCC3)c2)cc1,O=c1nc2[nH]c3ccc(-c4ccc(-c5ccccc5)cc4-c4cc(-c5ccccc5)ccc4N4CCCC4)cc3nc-2c(=O)[nH]1
fraggfn_clpp,greedy_oracle_static,223,223,243,1,-10.9,c1ccc(-c2cccc(-c3cc(-c4ccccc4)ccc3N3CCCC3)c2)cc1,C1=CN(c2cc(-c3ccccc3)cc(-c3cccc(-c4ccccc4)c3)c2N2CCCC2)C=CC1
fraggfn_clpp,greedy_oracle_static,224,224,244,1,-10.9,c1ccc(-c2cccc(-c3cc(-c4ccccc4)ccc3N3CCCC3)c2)cc1,CNC(=O)c1cc(-c2ccccc2)cc(-c2cccc(-c3ccccc3)c2)c1N1CCCC1
fraggfn_clpp,greedy_oracle_static,225,225,245,1,-10.9,c1ccc(-c2cccc(-c3cc(-c4ccccc4)ccc3N3CCCC3)c2)cc1,CC(=O)NCC1CCN(c2ccc(-c3ccccc3)cc2-c2cccc(-c3ccccc3)c2)C1
fraggfn_clpp,greedy_oracle_static,226,226,246,1,-10.8,c1ccc(-c2cccc(-c3cc(-c4ccccc4)ccc3N3CCCC3)c2)cc1,c1ccc(-c2ccc(N3CCCC3)c(-c3cc(-c4ccccc4)ccc3-[n+]3ccccc3)c2)cc1
fraggfn_clpp,greedy_oracle_static,227,227,247,1,-10.8,c1ccc(-c2cccc(-c3cc(-c4ccccc4)ccc3N3CCCC3)c2)cc1,Fc1c(-c2ccccc2)ccc(N2CCCC2)c1-c1cccc(-c2ccccc2)c1
fraggfn_clpp,greedy_oracle_static,228,228,248,1,-10.3,c1ccc(-c2cccc(-c3cc(-c4ccccc4)ccc3N3CCCC3)c2)cc1,c1ccc(-c2ccc(N3CCCC3)c(-c3cccc(-c4cccc(C5CCNCC5)c4)c3)c2)cc1
fraggfn_clpp,greedy_oracle_static,229,229,249,1,-10.2,c1ccc(-c2cccc(-c3cc(-c4ccccc4)ccc3N3CCCC3)c2)cc1,CC(C)=Cc1cc(N2CCCC2)c(-c2cccc(-c3ccccc3)c2)cc1-c1ccccc1
fraggfn_clpp,greedy_oracle_static,230,230,250,1,-10.1,c1ccc(-c2cccc(-c3cc(-c4ccccc4)ccc3N3CCCC3)c2)cc1,c1ccc(-c2cccc(-c3cc(-c4ccccc4)c(C4CCCO4)cc3N3CCCC3)c2)cc1
fraggfn_clpp,greedy_oracle_static,231,231,251,1,-10.1,c1ccc(-c2cccc(-c3cc(-c4ccccc4)ccc3N3CCCC3)c2)cc1,c1ccc(-c2ccc(N3CCCC3)c(-c3cccc(-c4ccccc4-c4ccc[nH]4)c3)c2)cc1
fraggfn_clpp,greedy_oracle_static,232,232,252,1,-9.8,c1ccc(-c2cccc(-c3cc(-c4ccccc4)ccc3N3CCCC3)c2)cc1,c1ccc(-c2ccc(N3CCCC3)c(-c3cccc(-c4ccccc4)c3C3CCCN3)c2)cc1
fraggfn_clpp,greedy_oracle_static,233,233,253,1,-9.7,c1ccc(-c2cccc(-c3cc(-c4ccccc4)ccc3N3CCCC3)c2)cc1,O=c1[nH]cc(-c2c(-c3ccccc3)cccc2-c2cc(-c3ccccc3)ccc2N2CCCC2)c(=O)[nH]1
fraggfn_clpp,greedy_oracle_static,234,234,254,1,-9.3,c1ccc(-c2cccc(-c3cc(-c4ccccc4)ccc3N3CCCC3)c2)cc1,c1ccc(-c2ccc(N3CCCC3)c(-c3cccc(-c4ccccc4)c3[NH+]3CCOCC3)c2)cc1
fraggfn_clpp,greedy_oracle_static,235,235,255,1,-9.3,c1ccc(-c2cccc(-c3cc(-c4ccccc4)ccc3N3CCCC3)c2)cc1,O=c1[nH]cnc2c1ncn2-c1c(-c2ccccc2)cccc1-c1cc(-c2ccccc2)ccc1N1CCCC1
fraggfn_clpp,greedy_oracle_static,236,236,256,1,-9.2,c1ccc(-c2cccc(-c3cc(-c4ccccc4)ccc3N3CCCC3)c2)cc1,O=CNc1c(-c2ccccc2)cccc1-c1cc(-c2ccccc2)ccc1N1CCCC1
fraggfn_clpp,greedy_oracle_static,237,237,257,1,-9.2,c1ccc(-c2cccc(-c3cc(-c4ccccc4)ccc3N3CCCC3)c2)cc1,C1=CCC(c2ccccc2-c2ccc(N3CCCC3)c(-c3cccc(-c4ccccc4)c3)c2)CC1
fraggfn_clpp,greedy_oracle_static,238,238,258,1,-8.8,c1ccc(-c2cccc(-c3cc(-c4ccccc4)ccc3N3CCCC3)c2)cc1,O=c1[nH]cnc2c1NC(c1c(-c3ccccc3)ccc(N3CCCC3)c1-c1cccc(-c3ccccc3)c1)CN2
fraggfn_clpp,greedy_oracle_static,239,239,259,1,-8.7,c1ccc(-c2cccc(-c3cc(-c4ccccc4)ccc3N3CCCC3)c2)cc1,c1ccc(-c2cccc(-c3cc(-c4ccccc4)c(-c4cc[nH]n4)cc3N3CCCC3)c2)cc1
fraggfn_clpp,greedy_oracle_static,240,240,260,1,-8.5,c1ccc(-c2cccc(-c3cc(-c4ccccc4)ccc3N3CCCC3)c2)cc1,c1ccc(-c2cccc(-c3c(N4CCCC4)ccc(-c4ccccc4)c3-c3c[nH]c4ccccc34)c2)cc1
fraggfn_clpp,greedy_oracle_static,241,241,261,1,-8.4,c1ccc(-c2cccc(-c3cc(-c4ccccc4)ccc3N3CCCC3)c2)cc1,c1ccc(-c2cccc(-c3c(N4CCCC4)ccc(-c4ccccc4)c3-n3cnc4cncnc43)c2)cc1
fraggfn_clpp,greedy_oracle_static,242,242,266,5,-13.0,c1ccc(-c2cncc(-c3cccc(-c4cccc(-c5ccccc5)n4)c3)c2)cc1,FC(F)(F)c1ccc(-c2cncc(-c3cccc(-c4cccc(-c5ccccc5)n4)c3)c2)cc1
fraggfn_clpp,greedy_oracle_static,243,243,267,1,-12.9,c1ccc(-c2cncc(-c3cccc(-c4cccc(-c5ccccc5)n4)c3)c2)cc1,c1ccc(-c2cncc(-c3cc(-c4cccc(-c5ccccc5)n4)ccc3-c3cccc4ccccc34)c2)cc1
fraggfn_clpp,greedy_oracle_static,244,244,268,1,-12.7,c1ccc(-c2cncc(-c3cccc(-c4cccc(-c5ccccc5)n4)c3)c2)cc1,O=c1[nH]c(-c2ccc(-c3cccc(-c4ccccc4)n3)cc2-c2cncc(-c3ccccc3)c2)nc2[nH]cnc12
fraggfn_clpp,greedy_oracle_static,245,245,269,1,-12.5,c1ccc(-c2cncc(-c3cccc(-c4cccc(-c5ccccc5)n4)c3)c2)cc1,c1ccc(-c2cncc(-c3cc(-c4cccc(-c5ccccc5)n4)ccc3C3CCNCC3)c2)cc1
fraggfn_clpp,greedy_oracle_static,246,246,270,1,-12.5,c1ccc(-c2cncc(-c3cccc(-c4cccc(-c5ccccc5)n4)c3)c2)cc1,O=c1ccn(-c2ccc(-c3cccc(-c4ccccc4)n3)cc2-c2cncc(-c3ccccc3)c2)c(=O)[nH]1
fraggfn_clpp,greedy_oracle_static,247,247,271,1,-12.4,c1ccc(-c2cncc(-c3cccc(-c4cccc(-c5ccccc5)n4)c3)c2)cc1,c1ccc(-c2cncc(-c3ccc(-c4c[nH]c5ccccc45)c(-c4cccc(-c5ccccc5)n4)c3)c2)cc1
fraggfn_clpp,greedy_oracle_static,248,248,272,1,-12.4,c1ccc(-c2cncc(-c3cccc(-c4cccc(-c5ccccc5)n4)c3)c2)cc1,c1ccc(-c2cncc(-c3cc(-c4ccc5ccccc5c4)cc(-c4cccc(-c5ccccc5)n4)c3)c2)cc1
fraggfn_clpp,greedy_oracle_static,249,249,273,1,-12.3,c1ccc(-c2cncc(-c3cccc(-c4cccc(-c5ccccc5)n4)c3)c2)cc1,c1ccc(-c2cnc(C3CCCCO3)c(-c3cccc(-c4cccc(-c5ccccc5)n4)c3)c2)cc1
fraggfn_clpp,greedy_oracle_static,250,250,274,1,-12.2,c1ccc(-c2cncc(-c3cccc(-c4cccc(-c5ccccc5)n4)c3)c2)cc1,c1ccc(-c2cncc(-c3cccc(-c4cc(C5CCNCC5)cc(-c5ccccc5)n4)c3)c2)cc1
fraggfn_clpp,greedy_oracle_static,251,251,275,1,-12.1,c1ccc(-c2cncc(-c3cccc(-c4cccc(-c5ccccc5)n4)c3)c2)cc1,c1ccc(-c2cnc(-c3ccc4ccccc4c3)c(-c3cccc(-c4cccc(-c5ccccc5)n4)c3)c2)cc1
fraggfn_clpp,greedy_oracle_static,252,252,276,1,-12.0,c1ccc(-c2cncc(-c3cccc(-c4cccc(-c5ccccc5)n4)c3)c2)cc1,CC(=O)Nc1ncc(-c2ccccc2)cc1-c1cccc(-c2cccc(-c3ccccc3)n2)c1
fraggfn_clpp,greedy_oracle_static,253,253,277,1,-12.0,c1ccc(-c2cncc(-c3cccc(-c4cccc(-c5ccccc5)n4)c3)c2)cc1,Fc1c(-c2ccccc2)cncc1-c1cccc(-c2cccc(-c3ccccc3)n2)c1
fraggfn_clpp,greedy_oracle_static,254,254,278,1,-11.9,c1ccc(-c2cncc(-c3cccc(-c4cccc(-c5ccccc5)n4)c3)c2)cc1,Fc1ccc(-c2cccc(-c3cncc(-c4ccccc4)c3)c2)nc1-c1ccccc1
fraggfn_clpp,greedy_oracle_static,255,255,279,1,-11.9,c1ccc(-c2cncc(-c3cccc(-c4cccc(-c5ccccc5)n4)c3)c2)cc1,c1ccc(-c2cncc(-c3cccc(-c4cc(-n5cnc6cncnc65)cc(-c5ccccc5)n4)c3)c2)cc1
fraggfn_clpp,greedy_oracle_static,256,256,280,1,-11.9,c1ccc(-c2cncc(-c3cccc(-c4cccc(-c5ccccc5)n4)c3)c2)cc1,O=c1nc2[nH]c3cc(-c4cc(-c5cncc(-c6ccccc6)c5)cc(-c5cccc(-c6ccccc6)n5)c4)ccc3nc-2c(=O)[nH]1
fraggfn_clpp,greedy_oracle_static,257,257,281,1,-11.9,c1ccc(-c2cncc(-c3cccc(-c4cccc(-c5ccccc5)n4)c3)c2)cc1,Clc1ncc(-c2cccc(-c3cccc(-c4ccccc4)n3)c2)cc1-c1ccccc1
fraggfn_clpp,greedy_oracle_static,258,258,282,1,-11.9,c1ccc(-c2cncc(-c3cccc(-c4cccc(-c5ccccc5)n4)c3)c2)cc1,CC(=O)NCc1cccc(-c2cccc(-c3cccc(-c4cncc(-c5ccccc5)c4)c3)n2)c1
fraggfn_clpp,greedy_oracle_static,259,259,283,1,-11.8,c1ccc(-c2cncc(-c3cccc(-c4cccc(-c5ccccc5)n4)c3)c2)cc1,c1ccc(-c2cncc(-c3cccc(-c4nc(-c5ccccc5)ccc4[NH+]4CCOCC4)c3)c2)cc1
fraggfn_clpp,greedy_oracle_static,260,260,284,1,-11.8,c1ccc(-c2cncc(-c3cccc(-c4cccc(-c5ccccc5)n4)c3)c2)cc1,c1ccc(-c2cncc(-c3cccc(-c4nc(-c5ccccc5)ccc4-c4ncnc5[nH]cnc45)c3)c2)cc1
fraggfn_clpp,greedy_oracle_static,261,261,285,1,-11.8,c1ccc(-c2cncc(-c3cccc(-c4cccc(-c5ccccc5)n4)c3)c2)cc1,c1ccc(-c2cncc(-c3ccc(C4CCCOC4)c(-c4cccc(-c5ccccc5)n4)c3)c2)cc1
fraggfn_clpp,greedy_oracle_static,262,262,286,1,-11.8,c1ccc(-c2cncc(-c3cccc(-c4cccc(-c5ccccc5)n4)c3)c2)cc1,O=c1[nH]c(-c2ccccc2-c2cncc(-c3cccc(-c4cccc(-c5ccccc5)n4)c3)c2)nc2c1NCCN2
fraggfn_clpp,greedy_oracle_static,263,263,287,1,-11.7,c1ccc(-c2cncc(-c3cccc(-c4cccc(-c5ccccc5)n4)c3)c2)cc1,c1ccc(-c2cncc(-c3cccc(-c4cc(-c5cccc6ccccc56)cc(-c5ccccc5)n4)c3)c2)cc1
fraggfn_clpp,greedy_oracle_static,264,264,288,1,-11.6,c1ccc(-c2cncc(-c3cccc(-c4cccc(-c5ccccc5)n4)c3)c2)cc1,C1=CC(c2ccc(-c3ccccc3)nc2-c2cccc(-c3cncc(-c4ccccc4)c3)c2)CCC1
fraggfn_clpp,greedy_oracle_static,265,265,289,1,-11.6,c1ccc(-c2cncc(-c3cccc(-c4cccc(-c5ccccc5)n4)c3)c2)cc1,O=c1[nH]cnc2c1ncn2-c1ccc(-c2cncc(-c3ccccc3)c2)cc1-c1cccc(-c2ccccc2)n1
fraggfn_clpp,greedy_oracle_static,266,266,290,1,-11.6,c1ccc(-c2cncc(-c3cccc(-c4cccc(-c5ccccc5)n4)c3)c2)cc1,c1ccc(-c2cncc(-c3ccc(-[n+]4ccccc4)c(-c4cccc(-c5ccccc5)n4)c3)c2)cc1
fraggfn_clpp,greedy_oracle_static,267,267,291,1,-11.4,c1ccc(-c2cncc(-c3cccc(-c4cccc(-c5ccccc5)n4)c3)c2)cc1,Cc1c(-c2cncc(-c3ccccc3)c2)cccc1-c1cccc(-c2ccccc2)n1
fraggfn_clpp,greedy_oracle_static,268,268,292,1,-11.2,c1ccc(-c2cncc(-c3cccc(-c4cccc(-c5ccccc5)n4)c3)c2)cc1,O=c1[nH]cnc2c1NC(c1ccc(-c3ccccc3)nc1-c1cccc(-c3cncc(-c4ccccc4)c3)c1)CN2
fraggfn_clpp,greedy_oracle_static,269,269,293,1,-11.2,c1ccc(-c2cncc(-c3cccc(-c4cccc(-c5ccccc5)n4)c3)c2)cc1,c1ccc(-c2cncc(-c3cc(-c4cccc(-c5ccccc5)n4)cc(C4CCCO4)c3)c2)cc1
fraggfn_clpp,greedy_oracle_static,270,270,294,1,-11.2,c1ccc(-c2cncc(-c3cccc(-c4cccc(-c5ccccc5)n4)c3)c2)cc1,c1ccc(-c2cncc(-c3cc(-c4cccc(-c5ccccc5)n4)cc(N4CCNCC4)c3)c2)cc1
fraggfn_clpp,greedy_oracle_static,271,271,295,1,-11.2,c1ccc(-c2cncc(-c3cccc(-c4cccc(-c5ccccc5)n4)c3)c2)cc1,O=c1nc2[nH]c3ccc(-c4c(-c5ccccc5)cncc4-c4cccc(-c5cccc(-c6ccccc6)n5)c4)cc3nc-2c(=O)[nH]1
fraggfn_clpp,greedy_oracle_static,272,272,296,1,-11.1,c1ccc(-c2cncc(-c3cccc(-c4cccc(-c5ccccc5)n4)c3)c2)cc1,CC(=O)Nc1ccc(-c2ccccc2)nc1-c1cccc(-c2cncc(-c3ccccc3)c2)c1
fraggfn_clpp,greedy_oracle_static,273,273,297,1,-11.1,c1ccc(-c2cncc(-c3cccc(-c4cccc(-c5ccccc5)n4)c3)c2)cc1,O=CNCc1ccc(-c2cccc(-c3ccccc3)n2)cc1-c1cncc(-c2ccccc2)c1
fraggfn_clpp,greedy_oracle_static,274,274,298,1,-11.1,c1ccc(-c2cncc(-c3cccc(-c4cccc(-c5ccccc5)n4)c3)c2)cc1,O=c1nc2n(-c3ncc(-c4ccccc4)cc3-c3cccc(-c4cccc(-c5ccccc5)n4)c3)c3ccccc3nc-2c(=O)[nH]1
fraggfn_clpp,greedy_oracle_static,275,275,299,1,-11.1,c1ccc(-c2cncc(-c3cccc(-c4cccc(-c5ccccc5)n4)c3)c2)cc1,c1ccc(-c2cccc(-c3cccc(-c4cnc(-n5cnc6cncnc65)c(-c5ccccc5)c4)c3)n2)cc1
fraggfn_clpp,greedy_oracle_static,276,276,300,1,-11.1,c1ccc(-c2cncc(-c3cccc(-c4cccc(-c5ccccc5)n4)c3)c2)cc1,c1ccc(-c2cccc(-c3cccc(-c4cncc(-c5ccccc5N5CCOCC5)c4)c3)n2)cc1
fraggfn_clpp,greedy_oracle_static,277,277,301,1,-11.1,c1ccc(-c2cncc(-c3cccc(-c4cccc(-c5ccccc5)n4)c3)c2)cc1,C=Cc1ccccc1-c1cccc(-c2cccc(-c3cncc(-c4ccccc4)c3)c2)n1
fraggfn_clpp,greedy_oracle_static,278,278,302,1,-10.8,c1ccc(-c2cncc(-c3cccc(-c4cccc(-c5ccccc5)n4)c3)c2)cc1,c1ccc(-c2cncc(-c3cccc(-c4cccc(-c5cccc(C6CCOCC6)c5)n4)c3)c2)cc1
fraggfn_clpp,greedy_oracle_static,279,279,303,1,-10.7,c1ccc(-c2cncc(-c3cccc(-c4cccc(-c5ccccc5)n4)c3)c2)cc1,O=c1ncccn1-c1ccc(-c2ccccc2)nc1-c1cccc(-c2cncc(-c3ccccc3)c2)c1
fraggfn_clpp,greedy_oracle_static,280,280,304,1,-10.5,c1ccc(-c2cncc(-c3cccc(-c4cccc(-c5ccccc5)n4)c3)c2)cc1,c1ccc(-c2cccc(-c3cccc(-c4cncc(-c5ccccc5C5CCCNC5)c4)c3)n2)cc1
fraggfn_clpp,greedy_oracle_static,281,281,305,1,-10.4,c1ccc(-c2cncc(-c3cccc(-c4cccc(-c5ccccc5)n4)c3)c2)cc1,O=c1nc2[nH]c3ccc(-c4ccc(-c5ccccc5)nc4-c4cccc(-c5cncc(-c6ccccc6)c5)c4)cc3nc-2c(=O)[nH]1
fraggfn_clpp,greedy_oracle_static,282,282,306,1,-10.0,c1ccc(-c2cncc(-c3cccc(-c4cccc(-c5ccccc5)n4)c3)c2)cc1,O=c1[nH]cnc2c1NC(c1c(-c3ccccc3)cncc1-c1cccc(-c3cccc(-c4ccccc4)n3)c1)CN2
fraggfn_clpp,greedy_oracle_static,283,283,307,1,-9.4,c1ccc(-c2cncc(-c3cccc(-c4cccc(-c5ccccc5)n4)c3)c2)cc1,O=c1[nH]cnc2c1ncn2-c1c(-c2ccccc2)cncc1-c1cccc(-c2cccc(-c3ccccc3)n2)c1
fraggfn_clpp,greedy_oracle_static,284,284,308,1,-9.4,c1ccc(-c2cncc(-c3cccc(-c4cccc(-c5ccccc5)n4)c3)c2)cc1,c1ccc(-c2cccc(-c3cccc(-c4cncc(-c5ccccc5)c4-c4ncnc5[nH]cnc45)c3)n2)cc1
fraggfn_clpp,greedy_oracle_static,285,285,309,1,-8.9,c1ccc(-c2cncc(-c3cccc(-c4cccc(-c5ccccc5)n4)c3)c2)cc1,c1ccc(-c2cncc(-c3cccc(-c4cccc(-c5ccccc5)n4)c3-n3cnc4cncnc43)c2)cc1
fraggfn_clpp,greedy_oracle_static,286,286,314,5,-13.2,c1ccc(C2CCCC(c3cccc(-c4cccc(C5CCCNC5)c4)c3)C2)cc1,c1ccc(C2CCCC(c3cccc(-c4cc(-c5cccnc5)cc(C5CCCNC5)c4)c3)C2)cc1
fraggfn_clpp,greedy_oracle_static,287,287,315,1,-13.1,c1ccc(C2CCCC(c3cccc(-c4cccc(C5CCCNC5)c4)c3)C2)cc1,O=c1[nH]cnc2c1NC(c1ccc(C3CCCC(c4ccccc4)C3)cc1-c1cccc(C3CCCNC3)c1)CN2
fraggfn_clpp,greedy_oracle_static,288,288,316,1,-13.1,c1ccc(C2CCCC(c3cccc(-c4cccc(C5CCCNC5)c4)c3)C2)cc1,c1ccc(C2CCCC(c3ccc(-c4cccc5ccccc45)c(-c4cccc(C5CCCNC5)c4)c3)C2)cc1
fraggfn_clpp,greedy_oracle_static,289,289,317,1,-12.5,c1ccc(C2CCCC(c3cccc(-c4cccc(C5CCCNC5)c4)c3)C2)cc1,c1ccc(C2CCCC(c3cccc(-c4cccc(C5CCCNC5)c4C4CCCOC4)c3)C2)cc1
fraggfn_clpp,greedy_oracle_static,290,290,318,1,-12.4,c1ccc(C2CCCC(c3cccc(-c4cccc(C5CCCNC5)c4)c3)C2)cc1,FC1CC(c2ccccc2)CC(c2cccc(-c3cccc(C4CCCNC4)c3)c2)C1
fraggfn_clpp,greedy_oracle_static,291,291,319,1,-12.2,c1ccc(C2CCCC(c3cccc(-c4cccc(C5CCCNC5)c4)c3)C2)cc1,O=c1[nH]c(-c2ccc(-c3cccc(C4CCCNC4)c3)cc2C2CCCC(c3ccccc3)C2)nc2c1NCCN2
fraggfn_clpp,greedy_oracle_static,292,292,320,1,-11.9,c1ccc(C2CCCC(c3cccc(-c4cccc(C5CCCNC5)c4)c3)C2)cc1,OCN1CCCC(c2cccc(-c3cccc(C4CCCC(c5ccccc5)C4)c3)c2)C1
fraggfn_clpp,greedy_oracle_static,293,293,321,1,-11.9,c1ccc(C2CCCC(c3cccc(-c4cccc(C5CCCNC5)c4)c3)C2)cc1,c1ccc(C2CCC(c3ncnc4[nH]cnc34)C(c3cccc(-c4cccc(C5CCCNC5)c4)c3)C2)cc1
fraggfn_clpp,greedy_oracle_static,294,294,322,1,-11.7,c1ccc(C2CCCC(c3cccc(-c4cccc(C5CCCNC5)c4)c3)C2)cc1,O=c1[nH]c(-c2c(-c3cccc(C4CCCC(c5ccccc5)C4)c3)cccc2C2CCCNC2)nc2[nH]cnc12
fraggfn_clpp,greedy_oracle_static,295,295,323,1,-11.6,c1ccc(C2CCCC(c3cccc(-c4cccc(C5CCCNC5)c4)c3)C2)cc1,FC(F)(F)C1CCNCC1c1cccc(-c2cccc(C3CCCC(c4ccccc4)C3)c2)c1
fraggfn_clpp,greedy_oracle_static,296,296,324,1,-11.3,c1ccc(C2CCCC(c3cccc(-c4cccc(C5CCCNC5)c4)c3)C2)cc1,c1ccc(C2CCCC(c3cccc(-c4ccc(N5CCOCC5)c(C5CCCNC5)c4)c3)C2)cc1
fraggfn_clpp,greedy_oracle_static,297,297,325,1,-11.2,c1ccc(C2CCCC(c3cccc(-c4cccc(C5CCCNC5)c4)c3)C2)cc1,O=c1ccn(-c2ccc(C3CCCNC3)cc2-c2cccc(C3CCCC(c4ccccc4)C3)c2)c(=O)[nH]1
fraggfn_clpp,greedy_oracle_static,298,298,326,1,-11.2,c1ccc(C2CCCC(c3cccc(-c4cccc(C5CCCNC5)c4)c3)C2)cc1,c1ccc(C2CC(c3cccc(-c4cccc(C5CCCNC5)c4)c3)CCC2c2ccc3ccccc3c2)cc1
fraggfn_clpp,greedy_oracle_static,299,299,327,1,-11.1,c1ccc(C2CCCC(c3cccc(-c4cccc(C5CCCNC5)c4)c3)C2)cc1,O=c1nc2n(C3CC(c4ccccc4)CC(c4cccc(-c5cccc(C6CCCNC6)c5)c4)C3)c3ccccc3nc-2c(=O)[nH]1
fraggfn_clpp,greedy_oracle_static,300,300,328,1,-11.0,c1ccc(C2CCCC(c3cccc(-c4cccc(C5CCCNC5)c4)c3)C2)cc1,C=C(C)C1C(c2ccccc2)CCCC1c1cccc(-c2cccc(C3CCCNC3)c2)c1
