tag,arm,step,cum_modes,cum_reactions,reactions_added,reward,source_hub,smiles
fraggfn_drd2,best_candidate,1,1,5,5,0.9999999447569937,CCc1ccc(F)cc1C1CCCN(c2ccncc2)C1,Fc1ccc(CCN2CCCC2)c(C2CCCN(c3ccncc3)C2)c1
fraggfn_drd2,best_candidate,2,2,10,5,0.9999999295574987,Clc1ccc(CCN2CCC(c3ccc[nH]3)CC2)cc1,Clc1ccc(CCN2CCC(c3ccc[nH]3)CC2)c(C2CC2)c1
fraggfn_drd2,best_candidate,3,3,15,5,0.9999999215400618,c1ccc(C2CCN(CCc3ccccc3C3CC3)CC2)nc1,Fc1ccc(C2CC2)c(CCN2CCC(c3ccccn3)CC2)c1
fraggfn_drd2,best_candidate,4,4,20,5,0.9999999085347652,c1ccc(C2CCCN(c3ccncc3)C2)c(CCN2CCCC2)c1,Ic1cnccc1N1CCCC(c2ccccc2CCN2CCCC2)C1
fraggfn_drd2,best_candidate,5,5,25,5,0.9999998556439196,Ic1ccc(C2CCNC2)c(CCN2CCCC2)c1,Ic1ccc(C2CCN(c3c[nH]c4ccccc34)C2)c(CCN2CCCC2)c1
fraggfn_drd2,best_candidate,6,6,30,5,0.999999839128825,c1ccc(C2CC2)c(CCN2CCC(c3ccncc3)CC2)c1,Ic1cc(C2CCN(CCc3ccccc3C3CC3)CC2)ccn1
fraggfn_drd2,best_candidate,7,7,35,5,0.9999998383245242,c1ccc(C2CCCN(CCc3ccccc3C3CCCN3)C2)nc1,Ic1ccc(C2CCCN2)c(CCN2CCCC(c3ccccn3)C2)c1
fraggfn_drd2,best_candidate,8,8,40,5,0.9999998141997362,Ic1ccc(CCN2CCCCC2)c(C2CC2)c1,Ic1ccc(CCN2CCC(c3nccs3)CC2)c(C2CC2)c1
fraggfn_drd2,best_candidate,9,9,45,5,0.9999998048676487,c1ccc(C2CCC(c3ccccc3CCN3CCCC3)CO2)nc1,Clc1ccnc(C2CCC(c3ccccc3CCN3CCCC3)CO2)c1
fraggfn_drd2,best_candidate,10,10,50,5,0.9999997666080331,c1cc(CCN2CCC(c3cc[nH]c3)C2)cc(C2CC2)c1,CN(C)c1c(CCN2CCC(c3cc[nH]c3)C2)cccc1C1CC1
fraggfn_drd2,best_candidate,11,11,55,5,0.9999997286713872,c1ccc(C2CCCN(CCc3ccccc3C3CC3)C2)cc1,Ic1ccc(CCN2CCCC(c3ccccc3)C2)c(C2CC2)c1
fraggfn_drd2,best_candidate,12,12,60,5,0.9999997283589193,Clc1ccc(C2CCCN2)c(CCN2CCCC2)c1,Clc1ccc(C2CCCN2)c(CCN2CCC(c3ccc[nH]3)C2)c1
fraggfn_drd2,best_candidate,13,13,65,5,0.9999996774369474,c1ccc(C2CCCN(c3cccc(CCN4CCCC4)c3)C2)nc1,Clc1ccnc(C2CCCN(c3cccc(CCN4CCCC4)c3)C2)c1
fraggfn_drd2,best_candidate,14,14,70,5,0.9999996035892842,CCc1cc(Cl)ccc1C1CCN(c2ccccn2)CC1,Clc1ccc(C2CCN(c3ccccn3)CC2)c(CCN2CCCC2)c1
fraggfn_drd2,best_candidate,15,15,75,5,0.9999995681563759,c1ccc(C2CCNC2)c(CCN2CCC(c3cc[nH]c3)C2)c1,Ic1ccc(C2CCNC2)c(CCN2CCC(c3cc[nH]c3)C2)c1
fraggfn_drd2,best_candidate,16,16,80,5,0.9999995166453072,c1ccc(C2CCCN2c2ccncc2)c(CCN2CCCC2)c1,Fc1ccc(C2CCCN2c2ccncc2)c(CCN2CCCC2)c1
fraggfn_drd2,best_candidate,17,17,85,5,0.9999995018225384,COc1cccc(CCN2CCCC(c3cccs3)C2)c1,COc1cccc(CCN2CCCC(c3cccs3)C2)c1[SH+]C
fraggfn_drd2,best_candidate,18,18,90,5,0.999999482189851,c1csc(C2CCCN(CCc3ccccc3C3CCCN3)C2)c1,Ic1ccc(CCN2CCCC(c3cccs3)C2)c(C2CCCN2)c1
fraggfn_drd2,best_candidate,19,19,95,5,0.9999994769478503,C[SH+]c1ccccc1C1CCC(CCN2CCCC2)CC1,C[SH+]c1ccc(Cl)cc1C1CCC(CCN2CCCC2)CC1
fraggfn_drd2,best_candidate,20,20,100,5,0.9999994769478503,CCc1ccccc1C1CCC(CCN2CCCC2)CC1,CCc1ccc(F)cc1C1CCC(CCN2CCCC2)CC1
fraggfn_drd2,best_candidate,21,21,105,5,0.9999994243676505,c1ccc(C2CCCC(c3ccccc3CCN3CCCC3)C2)nc1,Clc1ccc(CCN2CCCC2)c(C2CCCC(c3ccccn3)C2)c1
fraggfn_drd2,best_candidate,22,22,110,5,0.9999993802560164,c1ccc(C2CCCC(c3cscn3)C2)c(CCN2CCCC2)c1,Ic1ccc(CCN2CCCC2)c(C2CCCC(c3cscn3)C2)c1
fraggfn_drd2,best_candidate,23,23,115,5,0.9999993802560164,c1csc(C2CCCC(c3ccccc3CCN3CCCC3)C2)c1,Fc1ccc(CCN2CCCC2)c(C2CCCC(c3cccs3)C2)c1
fraggfn_drd2,best_candidate,24,24,120,5,0.9999993751001306,c1ccc(C2CCN(CCc3ccccc3C3CC3)C2)cc1,Clc1ccc(C2CCN(CCc3ccccc3C3CC3)C2)cc1
fraggfn_drd2,best_candidate,25,25,125,5,0.9999993676857627,c1ccc(C2CCN(CCc3ccccc3C3CCCNC3)CC2)nc1,Brc1ccnc(C2CCN(CCc3ccccc3C3CCCNC3)CC2)c1
fraggfn_drd2,best_candidate,26,26,130,5,0.999999365093921,CCc1ccc(Br)cc1C1CCN(c2cscn2)CC1,Brc1ccc(CCN2CCCC2)c(C2CCN(c3cscn3)CC2)c1
fraggfn_drd2,best_candidate,27,27,135,5,0.999999350304312,c1cc(-c2cc(CCN3CCCC3)ccc2C2CC2)ccn1,CCc1cc(C2CC2)c(-c2ccncc2)cc1CCN1CCCC1
fraggfn_drd2,best_candidate,28,28,140,5,0.9999992572092498,c1ccc(C2CCN(c3nccs3)CC2)c(CCN2CCCC2)c1,Ic1ccc(C2CCN(c3nccs3)CC2)c(CCN2CCCC2)c1
fraggfn_drd2,best_candidate,29,29,145,5,0.999999117215252,c1ccc(C2CCC(CCN3CCCC3)C(c3ccccn3)C2)cc1,Brc1ccnc(C2CC(c3ccccc3)CCC2CCN2CCCC2)c1
fraggfn_drd2,best_candidate,30,30,150,5,0.9999990772338193,CCC1CCC(c2ccc(Br)cc2)C(NC)C1,CNC1CC(CCN2CCCC2)CCC1c1ccc(Br)cc1
fraggfn_drd2,best_candidate,31,31,155,5,0.9999990756798229,c1csc(C2CCCCC2c2ccccc2CCN2CCCC2)c1,BrC1CCC(c2ccccc2CCN2CCCC2)C(c2cccs2)C1
fraggfn_drd2,best_candidate,32,32,160,5,0.9999990473911241,Oc1cncc(C2CCCN(CCc3ccccc3)C2)c1,Oc1cncc(C2CCCN(CCc3ccccc3C3CCCN3)C2)c1
fraggfn_drd2,best_candidate,33,33,165,5,0.9999989680436511,CCc1cc(Br)ccc1C1CCN(c2cccnc2)CC1,Brc1ccc(C2CCN(c3cccnc3)CC2)c(CCN2CCCC2)c1
fraggfn_drd2,best_candidate,34,34,170,5,0.9999989416382511,c1ccc(C2CCC(c3ccn[nH]3)CC2CCN2CCCC2)cc1,Fc1cn[nH]c1C1CCC(c2ccccc2)C(CCN2CCCC2)C1
fraggfn_drd2,best_candidate,35,35,175,5,0.999998913728213,c1csc(-c2ccc(CCN3CCCC3)c(C3CCCNC3)c2)c1,c1ccc(N2CCCC(c3cc(-c4cccs4)ccc3CCN3CCCC3)C2)cc1
fraggfn_drd2,best_candidate,36,36,180,5,0.999998883219328,CCc1cc(N2CCCC(c3cccc(I)c3)C2)c[nH]1,Ic1cccc(C2CCCN(c3c[nH]c(CCN4CCCC4)c3)C2)c1
fraggfn_drd2,best_candidate,37,37,185,5,0.9999988374223555,Brc1ccc(C2CCC(CCN3CCCC3)CC2)cc1,C[SH+]c1cc(C2CCC(CCN3CCCC3)CC2)ccc1Br
fraggfn_drd2,best_candidate,38,38,190,5,0.9999987754064265,c1ccc(C2CCN(CCC3CCCC(c4ccccn4)C3)CC2)cc1,Fc1ccnc(C2CCCC(CCN3CCC(c4ccccc4)CC3)C2)c1
fraggfn_drd2,best_candidate,39,39,195,5,0.9999987540319849,Brc1ccc(C2CCCCC2CCN2CCCC2)cc1,Brc1ccc(C2CCC(c3ccc[nH]3)CC2CCN2CCCC2)cc1
fraggfn_drd2,best_candidate,40,40,200,5,0.9999987432407252,c1csc(C2CCC(c3ccccc3CCN3CCCC3)OC2)c1,Clc1ccc(C2CCC(c3cccs3)CO2)c(CCN2CCCC2)c1
fraggfn_drd2,best_candidate,41,41,205,5,0.9999986724516693,Clc1cccc(CCN2CCC(c3cc[nH]c3)C2)c1,C[SH+]c1ccc(Cl)cc1CCN1CCC(c2cc[nH]c2)C1
fraggfn_drd2,best_candidate,42,42,210,5,0.9999983700587886,c1ccc(C2CCC(CCN3CCCC3)C(c3c[nH]c4ccccc34)C2)cc1,Clc1cccc(C2CCC(CCN3CCCC3)C(c3c[nH]c4ccccc34)C2)c1
fraggfn_drd2,best_candidate,43,43,215,5,0.9999983130192237,Ic1ccc(C2CCC(CCN3CCCC3)CC2)cc1,CC1CC(CCN2CCCC2)CCC1c1ccc(I)cc1
fraggfn_drd2,best_candidate,44,44,220,5,0.9999982535766238,Ic1ccc(C2CCCCC2CCN2CCCC2)cc1,Ic1ccc(C2CC(c3nccs3)CCC2CCN2CCCC2)cc1
fraggfn_drd2,best_candidate,45,45,225,5,0.9999982535766238,c1ccc(C2CC(c3cccs3)CCC2CCN2CCCC2)cc1,Clc1ccc(C2CC(c3cccs3)CCC2CCN2CCCC2)cc1
fraggfn_drd2,best_candidate,46,46,230,5,0.9999982002475494,c1cc(CCN2CCCC2)cc(C2CCCN(c3ccncc3)C2)c1,Nc1cc(N2CCCC(c3cccc(CCN4CCCC4)c3)C2)ccn1
fraggfn_drd2,best_candidate,47,47,235,5,0.9999981774629131,Brc1cccc(C2CCCC(CCN3CCCC3)C2)c1,Brc1cccc(C2CCCC(CCN3CCCC3)C2c2cccs2)c1
fraggfn_drd2,best_candidate,48,48,240,5,0.9999981774629131,c1ccc(C2CCCC(CCN3CCCC3)C2c2cscn2)cc1,Ic1cccc(C2CCCC(CCN3CCCC3)C2c2cscn2)c1
fraggfn_drd2,best_candidate,49,49,245,5,0.9999981774629131,Clc1cccc(C2CCCC(CCN3CCCC3)C2)c1,Clc1cccc(C2CCCC(CCN3CCCC3)C2c2nccs2)c1
fraggfn_drd2,best_candidate,50,50,250,5,0.9999981470552141,Brc1cccc(C2CCC(CCN3CCCC3)CC2)c1,C=Cc1ccc(Br)cc1C1CCC(CCN2CCCC2)CC1
fraggfn_drd2,best_candidate,51,51,255,5,0.9999981231556199,Ic1cccc(C2CCC(CCN3CCCC3)CC2)c1,CC(=O)c1ccc(I)cc1C1CCC(CCN2CCCC2)CC1
fraggfn_drd2,best_candidate,52,52,260,5,0.9999981133634207,Brc1ccc(C2CNC(CCN3CCCC3)C2)cc1,Brc1ccc(C2CNC(CCN3CCC(c4c[nH]c5ccccc45)C3)C2)cc1
fraggfn_drd2,best_candidate,53,53,265,5,0.9999980851050743,c1ccc(C2CCCN2c2cccc(CCN3CCCC3)c2)cc1,Fc1ccc(C2CCCN2c2cccc(CCN3CCCC3)c2)cc1
fraggfn_drd2,best_candidate,54,54,270,5,0.9999980459791519,Brc1cccc(C2CCCCC2CCN2CCCC2)c1,Brc1cccc(C2CC(c3cn[nH]c3)CCC2CCN2CCCC2)c1
fraggfn_drd2,best_candidate,55,55,271,1,0.9999980172751713,Brc1cccc(C2CCC(CCN3CCCC3)CC2)c1,Brc1cccc(C2CCC(CCN3CCCC3)CC2c2cscn2)c1
fraggfn_drd2,best_candidate,56,56,272,1,0.9999980172751713,Ic1cccc(C2CCC(CCN3CCCC3)CC2)c1,Ic1cccc(C2CCC(CCN3CCCC3)CC2c2cccs2)c1
fraggfn_drd2,best_candidate,57,57,277,5,0.9999979458524861,c1ccc(C2CCCC(CCN3CCCC3)C2c2ccccn2)cc1,Fc1ccnc(C2C(CCN3CCCC3)CCCC2c2ccccc2)c1
fraggfn_drd2,best_candidate,58,58,282,5,0.9999979334835377,Ic1ccc(C2CCCNC2)c(CCN2CCCCC2)c1,Ic1ccc(C2CCCNC2)c(CCN2CCC(c3cccnc3)CC2)c1
fraggfn_drd2,best_candidate,59,59,287,5,0.9999978829183014,c1c[nH]c(C2CCCC(c3ccccc3CCN3CCCC3)C2)c1,Fc1c[nH]c(C2CCCC(c3ccccc3CCN3CCCC3)C2)c1
fraggfn_drd2,best_candidate,60,60,292,5,0.9999978351576906,c1csc(C2CNC(c3ccccc3CCN3CCCC3)C2)c1,Fc1ccc(C2CC(c3cccs3)CN2)c(CCN2CCCC2)c1
fraggfn_drd2,best_candidate,61,61,297,5,0.9999977996091594,c1cncc(N2CCC(c3ccccc3CCN3CCCC3)C2)c1,Clc1ccc(N2CCC(c3ccccc3CCN3CCCC3)C2)cn1
fraggfn_drd2,best_candidate,62,62,302,5,0.9999977471389435,c1ccc(C2CC(c3c[nH]c4ccccc34)CO2)c(CCN2CCCC2)c1,Brc1ccc(CCN2CCCC2)c(C2CC(c3c[nH]c4ccccc34)CO2)c1
fraggfn_drd2,best_candidate,63,63,307,5,0.99999771857753,c1ccc(C2CCC(CCN3CCCC3)CC2c2c[nH]c3ccccc23)cc1,Ic1ccc(C2CCC(CCN3CCCC3)CC2c2c[nH]c3ccccc23)cc1
fraggfn_drd2,best_candidate,64,64,312,5,0.9999977161067025,c1ccc(C2CCCN2CCc2ccccc2C2CCNC2)cc1,Clc1cccc(C2CCCN2CCc2ccccc2C2CCNC2)c1
fraggfn_drd2,best_candidate,65,65,317,5,0.9999977067777005,Brc1ccc(C2CCCCC2)c(CCN2CCCC2)c1,CC1CCCCC1c1ccc(Br)cc1CCN1CCCC1
fraggfn_drd2,best_candidate,66,66,318,1,0.9999976561730641,Brc1ccc(C2CCCCC2CCN2CCCC2)cc1,Brc1ccc(C2CC(c3ccccn3)CCC2CCN2CCCC2)cc1
fraggfn_drd2,best_candidate,67,67,323,5,0.9999976445133267,c1ccc(C2CCC(CCN3CCC(c4ccn[nH]4)CC3)CC2)cc1,Clc1cccc(C2CCC(CCN3CCC(c4ccn[nH]4)CC3)CC2)c1
fraggfn_drd2,best_candidate,68,68,328,5,0.9999976089523107,c1ccc(C2CCCN2)c(CCN2CCC(c3cscn3)CC2)c1,Oc1cccc(CCN2CCC(c3cscn3)CC2)c1C1CCCN1
fraggfn_drd2,best_candidate,69,69,329,1,0.9999976051840513,Brc1cccc(C2CCC(CCN3CCCC3)CC2)c1,Brc1cccc(C2CCC(CCN3CCC(c4cc[nH]c4)C3)CC2)c1
fraggfn_drd2,best_candidate,70,70,334,5,0.9999975529863245,c1ccc(N2CCCC(c3ccccc3CCN3CCCC3)C2)cc1,c1ccc(N2CCCC(c3c(CCN4CCCC4)cccc3-c3nccs3)C2)cc1
fraggfn_drd2,best_candidate,71,71,339,5,0.9999974799108815,c1ccc(N2CCCC(c3ccncc3)C2)c(CCN2CCCC2)c1,Fc1cc(C2CCCN(c3ccccc3CCN3CCCC3)C2)ccn1
fraggfn_drd2,best_candidate,72,72,344,5,0.9999974657416433,c1cc(CCN2CCCC2)cc(C2CCCN(c3cc[nH]c3)C2)c1,c1ccc(-c2ccc(CCN3CCCC3)cc2C2CCCN(c3cc[nH]c3)C2)cc1
fraggfn_drd2,best_candidate,73,73,349,5,0.9999973164757557,CNC1CCC(c2ccccc2)CC1CCN1CCCC1,CNC1CCC(c2ccc(F)cc2)CC1CCN1CCCC1
fraggfn_drd2,best_candidate,74,74,354,5,0.9999973085000369,c1ccc(C2CCC(CCN3CCC(c4ccccn4)CC3)CC2)cc1,Brc1ccc(C2CCC(CCN3CCC(c4ccccn4)CC3)CC2)cc1
fraggfn_drd2,best_candidate,75,75,359,5,0.9999972809170834,CCC1CCC(c2ccc(F)cc2)C(N(C)C)C1,CN(C)C1CC(CCN2CCCC2)CCC1c1ccc(F)cc1
fraggfn_drd2,best_candidate,76,76,364,5,0.9999972048557356,C=C(C)C1CCC(c2ccc(Br)cc2)CC1CC,C=C(C)C1CCC(c2ccc(Br)cc2)CC1CCN1CCCC1
fraggfn_drd2,best_candidate,77,77,369,5,0.9999971986147866,c1cc(C2CCN(CCc3ccc(C4CC4)cc3)CC2)c[nH]1,C[SH+]c1cc(C2CC2)ccc1CCN1CCC(c2cc[nH]c2)CC1
fraggfn_drd2,best_candidate,78,78,374,5,0.9999971443864646,c1cc(CCN2CCCC2)c(-c2ccncc2)c(C2CCCNC2)c1,Fc1ccc(CCN2CCCC2)c(-c2ccncc2)c1C1CCCNC1
fraggfn_drd2,best_candidate,79,79,379,5,0.9999971368821171,Fc1cccc(C2CCC(CCN3CCCCC3)CC2)c1,Fc1cccc(C2CCC(CCN3CCC(c4nccs4)CC3)CC2)c1
fraggfn_drd2,best_candidate,80,80,384,5,0.9999971368821171,Ic1cccc(C2CCC(CCN3CCCCC3)CC2)c1,Ic1cccc(C2CCC(CCN3CCC(c4cccs4)CC3)CC2)c1
fraggfn_drd2,best_candidate,81,81,389,5,0.9999971273174763,c1ccc(C2CCCC(c3ccc(CCN4CCCC4)cn3)C2)cc1,Ic1cccc(C2CCCC(c3ccc(CCN4CCCC4)cn3)C2)c1
fraggfn_drd2,best_candidate,82,82,394,5,0.9999971086241929,Clc1cccc(CCN2CCCCC2)c1C1CCNC1,Clc1cccc(CCN2CCCC(c3cccnc3)C2)c1C1CCNC1
fraggfn_drd2,best_candidate,83,83,399,5,0.9999970523844551,CNC1CC(c2ccccc2)CCC1CCN1CCCC1,CNC1CC(c2ccc(Cl)cc2)CCC1CCN1CCCC1
fraggfn_drd2,best_candidate,84,84,404,5,0.9999970184853431,Fc1cccc(CCN2CCCC2)c1N1CCCC1,Fc1cccc(CCN2CCCC2)c1N1CCCC1c1c[nH]c2ccccc12
fraggfn_drd2,best_candidate,85,85,409,5,0.9999969800720767,c1ccc(C2CCC(CCN3CCCC3)CC2c2ccccn2)cc1,Clc1ccc(C2CCC(CCN3CCCC3)CC2c2ccccn2)cc1
fraggfn_drd2,best_candidate,86,86,414,5,0.9999969698033015,Ic1ccc(C2CCCC(CCN3CCCC3)C2)cc1,Ic1ccc(C2CCC(c3cc[nH]c3)C(CCN3CCCC3)C2)cc1
fraggfn_drd2,best_candidate,87,87,419,5,0.9999969556306864,Fc1ccc(C2CCC(CCN3CCCC3)CC2)cc1,Fc1ccc(C2CCC(CCN3CCC(c4cn[nH]c4)C3)CC2)cc1
fraggfn_drd2,best_candidate,88,88,424,5,0.9999969329308263,c1ccc2c(C3CCNC3c3ccc(CCN4CCCCC4)cc3)c[nH]c2c1,Ic1cc(C2NCCC2c2c[nH]c3ccccc23)ccc1CCN1CCCCC1
fraggfn_drd2,best_candidate,89,89,429,5,0.9999968507522129,[NH3+]Cc1cccc(C2CCCCC2CCN2CCCC2)c1,[NH3+]Cc1cccc(C2CCC(c3nccs3)CC2CCN2CCCC2)c1
fraggfn_drd2,best_candidate,90,90,434,5,0.9999967445763772,C=C(C)C1CCCC(c2cccc(Br)c2)C1CC,C=C(C)C1CCCC(c2cccc(Br)c2)C1CCN1CCCC1
fraggfn_drd2,best_candidate,91,91,435,1,0.9999966222599036,CCc1ccccc1C1CCC(CCN2CCCC2)CC1,CCc1c(Br)cccc1C1CCC(CCN2CCCC2)CC1
fraggfn_drd2,best_candidate,92,92,440,5,0.9999965629801028,c1c[nH]c(N2CCCC2c2ccc(CCN3CCCC3)cc2)c1,c1ccc(-c2cc(C3CCCN3c3ccc[nH]3)ccc2CCN2CCCC2)cc1
fraggfn_drd2,best_candidate,93,93,445,5,0.9999965518752236,CC1CCC(CCN2CCCC2)CC1c1ccccc1,CC1CCC(CCN2CCCC2)CC1c1cccc(Cl)c1
fraggfn_drd2,best_candidate,94,94,450,5,0.9999965231208464,c1ccc(C2CC(c3cscn3)CCC2CCN2CCCC2)cc1,[NH3+]Cc1cccc(C2CC(c3cscn3)CCC2CCN2CCCC2)c1
fraggfn_drd2,best_candidate,95,95,455,5,0.9999964881936484,CCC1CCC(c2cccc(F)c2)C(c2ccc[nH]2)C1,Fc1cccc(C2CCC(CCN3CCCC3)CC2c2ccc[nH]2)c1
fraggfn_drd2,best_candidate,96,96,460,5,0.9999964696617601,C[SH+]c1ccc(C2CC2)c(CCN2CCCCC2)c1,C[SH+]c1ccc(C2CC2)c(CCN2CCCC(c3cscn3)C2)c1
fraggfn_drd2,best_candidate,97,97,465,5,0.9999964632267994,Clc1ccc(C2CCCNC2)c(CCN2CCCCC2)c1,Clc1ccc(C2CCCN(c3nccs3)C2)c(CCN2CCCCC2)c1
fraggfn_drd2,best_candidate,98,98,470,5,0.9999964406958195,Brc1ccc(C2CCCC(CCN3CCCCC3)C2)cc1,Brc1ccc(C2CCCC(CCN3CCC(c4c[nH]c5ccccc45)CC3)C2)cc1
fraggfn_drd2,best_candidate,99,99,475,5,0.9999963466148102,CCc1c(-c2cccnc2)cccc1C1CCCN(c2ccccc2)C1,c1ccc(N2CCCC(c3cccc(-c4cccnc4)c3CCN3CCCC3)C2)cc1
fraggfn_drd2,best_candidate,100,100,480,5,0.9999963348240195,c1ccc(N2CCCC2c2ccccc2CCN2CCCCC2)cc1,c1ccc(N2CCCC2c2cc(-c3ccc[nH]3)ccc2CCN2CCCCC2)cc1
fraggfn_drd2,best_candidate,101,101,485,5,0.999996332130148,CCc1ccccc1C1CCC(c2cnccc2I)CO1,Ic1ccncc1C1CCC(c2ccccc2CCN2CCCC2)OC1
fraggfn_drd2,best_candidate,102,102,490,5,0.9999962902630843,Fc1ccc(C2CCCCC2CCN2CCCC2)cc1,CCc1cc(F)ccc1C1CCCCC1CCN1CCCC1
fraggfn_drd2,best_candidate,103,103,495,5,0.9999962902630843,C[SH+]c1ccccc1C1CCCCC1CCN1CCCC1,C[SH+]c1cc(Br)ccc1C1CCCCC1CCN1CCCC1
fraggfn_drd2,best_candidate,104,104,496,1,0.9999962778680449,Brc1cccc(C2CCCCC2CCN2CCCC2)c1,CNC1CCC(c2cccc(Br)c2)C(CCN2CCCC2)C1
fraggfn_drd2,best_candidate,105,105,497,1,0.9999961933582624,C[SH+]c1ccccc1C1CCC(CCN2CCCC2)CC1,C[SH+]c1cccc(I)c1C1CCC(CCN2CCCC2)CC1
fraggfn_drd2,best_candidate,106,106,502,5,0.9999961867097097,Fc1cccc(C2CCCC(CCN3CCCC3)C2)c1,Fc1cccc(C2CCC(c3cn[nH]c3)C(CCN3CCCC3)C2)c1
fraggfn_drd2,best_candidate,107,107,503,1,0.9999961659993587,Brc1ccc(C2CCCCC2CCN2CCCC2)cc1,C[SH+]C1CCCC(c2ccc(Br)cc2)C1CCN1CCCC1
fraggfn_drd2,best_candidate,108,108,508,5,0.9999961210683862,CCC1C(c2ccc(I)cc2)CCCC1N(C)C,CN(C)C1CCCC(c2ccc(I)cc2)C1CCN1CCCC1
fraggfn_drd2,best_candidate,109,109,513,5,0.9999961083777038,c1cc(CCN2CCCC2)cc(N2CCCC(c3cn[nH]c3)C2)c1,c1ccc(-c2ccc(N3CCCC(c4cn[nH]c4)C3)cc2CCN2CCCC2)cc1
fraggfn_drd2,best_candidate,110,110,518,5,0.999996050259264,Brc1cccc(C2CCNCC2)c1CCN1CCCC1,Brc1cccc(C2CCN(c3c[nH]c4ccccc34)CC2)c1CCN1CCCC1
fraggfn_drd2,best_candidate,111,111,523,5,0.9999960460644284,CCC1CC(N)CCC1c1cccc(I)c1,NC1CCC(c2cccc(I)c2)C(CCN2CCCC2)C1
fraggfn_drd2,best_candidate,112,112,528,5,0.9999960335752194,CNC1CCCCC1c1ccccc1CCN1CCCC1,CNC1CC(c2nccs2)CCC1c1ccccc1CCN1CCCC1
fraggfn_drd2,best_candidate,113,113,529,1,0.9999959826163897,Brc1cccc(C2CCCC(CCN3CCCC3)C2)c1,CCc1ccc(Br)cc1C1CCCC(CCN2CCCC2)C1
fraggfn_drd2,best_candidate,114,114,534,5,0.9999958405725358,ClC1CCC(CCN2CCCC2)C(c2ccccc2)C1,Fc1ccc(C2CC(Cl)CCC2CCN2CCCC2)cc1
fraggfn_drd2,best_candidate,115,115,539,5,0.9999957926590647,c1ccc(C2CCC(c3cc(CCN4CCCC4)ccn3)CO2)cc1,Fc1ccc(C2CCC(c3cc(CCN4CCCC4)ccn3)CO2)cc1
fraggfn_drd2,best_candidate,116,116,544,5,0.9999957664054572,CCc1ccc(N2CCCC(c3c[nH]c4ccccc34)C2)c(CN)c1,NCc1cc(CCN2CCCC2)ccc1N1CCCC(c2c[nH]c3ccccc23)C1
fraggfn_drd2,best_candidate,117,117,545,1,0.9999957564593828,c1csc(C2CCCCC2c2ccccc2CCN2CCCC2)c1,Clc1ccc(CCN2CCCC2)c(C2CCCCC2c2cccs2)c1
fraggfn_drd2,best_candidate,118,118,550,5,0.9999957187187468,C=Cc1cc(N2CCCC(c3ccccc3CC)C2)c[nH]1,C=Cc1cc(N2CCCC(c3ccccc3CCN3CCCC3)C2)c[nH]1
fraggfn_drd2,best_candidate,119,119,551,1,0.9999956914170685,Fc1ccc(C2CCCCC2CCN2CCCC2)cc1,C[SH+]c1cc(C2CCCCC2CCN2CCCC2)ccc1F
fraggfn_drd2,best_candidate,120,120,552,1,0.9999954803076857,c1ccc(C2CCC(c3ccccc3CCN3CCCC3)CO2)nc1,COc1cccc(C2CCC(c3ccccn3)OC2)c1CCN1CCCC1
fraggfn_drd2,best_candidate,121,121,557,5,0.9999953712748715,c1cc(CCN2CCCC2)cc(C2CCC(c3cn[nH]c3)CC2)c1,CC1CC(c2cn[nH]c2)CCC1c1cccc(CCN2CCCC2)c1
fraggfn_drd2,best_candidate,122,122,558,1,0.9999953664301928,c1ccc(C2CCCN2c2ccncc2)c(CCN2CCCC2)c1,c1ccc(C2CCCN2c2ccncc2)c(CCN2CCC(c3cc[nH]c3)C2)c1
fraggfn_drd2,best_candidate,123,123,563,5,0.9999953457088003,c1cc(CCN2CCCCC2)cc(N2CCCC(c3cscn3)C2)c1,c1cc(CCN2CCC(c3ccc[nH]3)CC2)cc(N2CCCC(c3cscn3)C2)c1
fraggfn_drd2,best_candidate,124,124,568,5,0.9999953169272269,c1ccc(C2CCC(CCN3CCCC3)C(c3nccs3)C2)cc1,Fc1cccc(C2CCC(CCN3CCCC3)C(c3nccs3)C2)c1
fraggfn_drd2,best_candidate,125,125,573,5,0.999995297605226,c1c[nH]c(C2CCOC(c3ccccc3CCN3CCCC3)C2)c1,Clc1ccc(C2CC(c3ccc[nH]3)CCO2)c(CCN2CCCC2)c1
fraggfn_drd2,best_candidate,126,126,574,1,0.9999952662076834,Ic1ccc(C2CCNC2)c(CCN2CCCC2)c1,Ic1ccc(C2CNC(c3ccccc3)C2)c(CCN2CCCC2)c1
fraggfn_drd2,best_candidate,127,127,579,5,0.9999952621003174,c1ccc(C2CCCCC2c2cscn2)c(CCN2CCCC2)c1,FC1CCC(c2cscn2)C(c2ccccc2CCN2CCCC2)C1
fraggfn_drd2,best_candidate,128,128,584,5,0.9999952529970806,c1ccc(C2CCCC(c3nccs3)C2)c(CCN2CCCC2)c1,Oc1ccc(C2CCCC(c3nccs3)C2)c(CCN2CCCC2)c1
fraggfn_drd2,best_candidate,129,129,585,1,0.9999952027150083,c1ccc(C2CCN(CCc3ccccc3C3CCCNC3)CC2)nc1,c1ccc(C2CCN(CCc3ccccc3C3CCCN(c4cc[nH]c4)C3)CC2)nc1
fraggfn_drd2,best_candidate,130,130,590,5,0.9999951987258962,c1ccc(C2CCCN2)c(CCN2CCCC(c3cn[nH]c3)C2)c1,Nc1ccc(C2CCCN2)c(CCN2CCCC(c3cn[nH]c3)C2)c1
fraggfn_drd2,best_candidate,131,131,595,5,0.999995158704815,Brc1c(CCN2CCCCC2)cccc1C1CCCNC1,Brc1c(CCN2CCC(c3nccs3)CC2)cccc1C1CCCNC1
fraggfn_drd2,best_candidate,132,132,600,5,0.9999951275134285,c1cc(CCN2CCC(c3cn[nH]c3)C2)cc(C2CC2)c1,N=Cc1ccc(C2CC2)cc1CCN1CCC(c2cn[nH]c2)C1
fraggfn_drd2,best_candidate,133,133,605,5,0.999995067908748,CCc1cc(C2CCNC2)ccc1CCN1CCCC1,CCc1cc(C2CCN(c3ccncc3)C2)ccc1CCN1CCCC1
fraggfn_drd2,best_candidate,134,134,610,5,0.999994997254849,c1ccc(-c2ccnc(C3CC3)c2)c(CCN2CCCC2)c1,CCc1cccc(-c2ccnc(C3CC3)c2)c1CCN1CCCC1
fraggfn_drd2,best_candidate,135,135,615,5,0.9999949873039397,C=C(C)c1ccccc1C1CCC(CCN2CCCC2)CC1,C=C(C)c1c(I)cccc1C1CCC(CCN2CCCC2)CC1
fraggfn_drd2,best_candidate,136,136,620,5,0.9999949731029362,c1cncc(C2CCCN2CCc2ccccc2C2CCCN2)c1,Clc1ccc(C2CCCN2CCc2ccccc2C2CCCN2)cn1
fraggfn_drd2,best_candidate,137,137,625,5,0.9999948971340973,C=Cc1cc(CCN2CCCC2)ccc1C1CC1,C=Cc1cc(CCN2CCC(c3cc[nH]c3)C2)ccc1C1CC1
fraggfn_drd2,best_candidate,138,138,630,5,0.9999948286052971,CCc1ccc(-c2cccc(I)c2)cc1C1CCCNC1,Ic1cccc(-c2ccc(CCN3CCCC3)c(C3CCCNC3)c2)c1
fraggfn_drd2,best_candidate,139,139,635,5,0.9999947456750644,CCc1cc(F)ccc1C1CCCCC1c1cscn1,Fc1ccc(C2CCCCC2c2cscn2)c(CCN2CCCC2)c1
fraggfn_drd2,best_candidate,140,140,640,5,0.9999947121762706,Brc1ccccc1C1CCC(CCN2CCCC2)CC1,C=C(C)c1cccc(Br)c1C1CCC(CCN2CCCC2)CC1
fraggfn_drd2,best_candidate,141,141,645,5,0.9999946682555119,CCC1CC(c2ccccc2)CCC1c1ccncc1Br,Brc1cnccc1C1CCC(c2ccccc2)CC1CCN1CCCC1
fraggfn_drd2,best_candidate,142,142,650,5,0.9999946240023304,c1ccc(-c2c(CCN3CCCC3)cccc2C2CCCNC2)cc1,Clc1cccc(-c2c(CCN3CCCC3)cccc2C2CCCNC2)c1
fraggfn_drd2,best_candidate,143,143,655,5,0.9999945941780446,c1csc(C2CCN(CCc3ccc(C4CC4)cc3)CC2)c1,Ic1cc(C2CC2)ccc1CCN1CCC(c2cccs2)CC1
fraggfn_drd2,best_candidate,144,144,660,5,0.9999944824990434,c1ccc(N2CCC(c3ccccc3CCN3CCCC3)CC2)nc1,Fc1ccnc(N2CCC(c3ccccc3CCN3CCCC3)CC2)c1
fraggfn_drd2,best_candidate,145,145,661,1,0.9999944620722232,Brc1ccc(C2CCCCC2)c(CCN2CCCC2)c1,Brc1ccc(C2CCCCC2)c(CCN2CCC(c3c[nH]c4ccccc34)C2)c1
fraggfn_drd2,best_candidate,146,146,662,1,0.9999944450958973,Ic1ccc(C2CCCC(CCN3CCCC3)C2)cc1,C=CC1C(CCN2CCCC2)CCCC1c1ccc(I)cc1
fraggfn_drd2,best_candidate,147,147,667,5,0.9999944059428996,Ic1ccc(C2CCCC(CCN3CCCCC3)C2)cc1,Ic1ccc(C2CCCC(CCN3CCC(c4nccs4)CC3)C2)cc1
fraggfn_drd2,best_candidate,148,148,672,5,0.9999944012200037,Fc1cc(CCN2CCCCC2)ccc1C1CCCNC1,Fc1cc(CCN2CCC(c3cccs3)CC2)ccc1C1CCCNC1
fraggfn_drd2,best_candidate,149,149,677,5,0.9999942811435668,Clc1cc(N2CCCCC2)ccc1CCN1CCCC1,Clc1cc(N2CCCC(c3ccccn3)C2)ccc1CCN1CCCC1
fraggfn_drd2,best_candidate,150,150,682,5,0.9999942420882477,CCc1ccc(-c2ccc(C3CCCN3c3ccccc3)cn2)cc1,c1ccc(N2CCCC2c2ccc(-c3ccc(CCN4CCCC4)cc3)nc2)cc1
fraggfn_drd2,best_candidate,151,151,687,5,0.9999941690929387,c1ccc(C2CCC(c3cccnc3)CC2CCN2CCCC2)cc1,Clc1cccc(C2CCC(c3cccnc3)CC2CCN2CCCC2)c1
fraggfn_drd2,best_candidate,152,152,692,5,0.9999941656012094,Brc1cccc(C2CCCN2)c1CCN1CCCCC1,Brc1cccc(C2CCCN2)c1CCN1CCC(c2nccs2)CC1
fraggfn_drd2,best_candidate,153,153,697,5,0.9999941177900397,Clc1cc(CCN2CCCCC2)ccc1C1CC1,Clc1cc(CCN2CCCC(c3nccs3)C2)ccc1C1CC1
fraggfn_drd2,best_candidate,154,154,702,5,0.9999940649864062,c1ccc(C2CCC(CCN3CCCC3)C(c3cccs3)C2)cc1,N#Cc1cccc(C2CCC(CCN3CCCC3)C(c3cccs3)C2)c1
fraggfn_drd2,best_candidate,155,155,707,5,0.9999939477079268,CCc1cccc(N2CCCC(c3ccc[nH]3)C2)c1-c1ccccc1,c1ccc(-c2c(CCN3CCCC3)cccc2N2CCCC(c3ccc[nH]3)C2)cc1
fraggfn_drd2,best_candidate,156,156,712,5,0.9999938939209796,C=CC1CCCCC1c1cc(I)ccc1CC,C=CC1CCCCC1c1cc(I)ccc1CCN1CCCC1
fraggfn_drd2,best_candidate,157,157,717,5,0.9999938632233534,Brc1cc(CCN2CCCC2)ccc1C1CC1,Brc1cc(CCN2CCC(c3ccncc3)C2)ccc1C1CC1
fraggfn_drd2,best_candidate,158,158,722,5,0.9999938141397345,CCc1cccc(C2CCCC(CCN3CCCC3)C2)c1,CCc1cc(C2CCCC(CCN3CCCC3)C2)ccc1Cl
fraggfn_drd2,best_candidate,159,159,727,5,0.9999937955887922,CCc1ccncc1N1CCCC(c2cccc(I)c2)C1,Ic1cccc(C2CCCN(c3cnccc3CCN3CCCCC3)C2)c1
fraggfn_drd2,best_candidate,160,160,732,5,0.9999937688240749,CCC1C(CN)CCCC1c1ccc(F)cc1,NCC1CCCC(c2ccc(F)cc2)C1CCN1CCCC1
fraggfn_drd2,best_candidate,161,161,737,5,0.9999936911803603,IC1CCC(c2ccccc2CCN2CCCC2)CC1,IC1CCC(c2ccccc2CCN2CCCC2)C(c2ccncn2)C1
fraggfn_drd2,best_candidate,162,162,742,5,0.9999936808331611,c1ccc(C2CCCC(c3cc[nH]n3)C2)c(CCN2CCCC2)c1,Clc1ccc(C2CCCC(c3cc[nH]n3)C2)c(CCN2CCCC2)c1
fraggfn_drd2,best_candidate,163,163,747,5,0.9999936801373775,c1csc(C2CCCN2CCc2ccccc2C2CCCNC2)c1,Clc1ccc(CCN2CCCC2c2cccs2)c(C2CCCNC2)c1
fraggfn_drd2,best_candidate,164,164,752,5,0.9999936785976704,c1cncc(N2CCCC2c2ccccc2CCN2CCCC2)c1,Clc1cncc(N2CCCC2c2ccccc2CCN2CCCC2)c1
fraggfn_drd2,best_candidate,165,165,757,5,0.9999936388333828,Fc1cccc(CCN2CCCC2)c1C1CCCCC1,Fc1cccc(CCN2CCCC2)c1C1CCCC(c2ccc[nH]2)C1
fraggfn_drd2,best_candidate,166,166,762,5,0.9999936269949383,c1ccc(C2CCCOC2c2cnccc2CCN2CCCC2)cc1,Brc1ccc(C2CCCOC2c2cnccc2CCN2CCCC2)cc1
fraggfn_drd2,best_candidate,167,167,767,5,0.9999935607382874,Ic1cccc(CCN2CCCC2)c1C1CCCNC1,Ic1cccc(CCN2CCCC2)c1C1CCCN(c2cccs2)C1
fraggfn_drd2,best_candidate,168,168,772,5,0.9999935584624645,c1ccc(-c2cc(CCN3CCCC3)ccc2C2CCNC2)cc1,c1ccc(-c2cc(CCN3CCCC3)ccc2C2CCN(c3cn[nH]c3)C2)cc1
fraggfn_drd2,best_candidate,169,169,777,5,0.9999934898862451,c1cc(CCN2CCCC2)cc(C2CCC(c3ccncc3)CO2)c1,Clc1c(CCN2CCCC2)cccc1C1CCC(c2ccncc2)CO1
fraggfn_drd2,best_candidate,170,170,782,5,0.9999934772941794,c1ccc(C2CC2)c(CCN2CCCC(c3cc[nH]n3)C2)c1,C[SH+]c1cccc(CCN2CCCC(c3cc[nH]n3)C2)c1C1CC1
fraggfn_drd2,best_candidate,171,171,787,5,0.9999934626154476,c1ccc(C2CCCNC2)c(-c2ccc(CCN3CCCC3)cc2)c1,Clc1ccc(C2CCCNC2)c(-c2ccc(CCN3CCCC3)cc2)c1
fraggfn_drd2,best_candidate,172,172,792,5,0.9999934370907877,c1ccc(C2CCCCC2)c(CCN2CCC(c3cc[nH]c3)C2)c1,Fc1ccc(CCN2CCC(c3cc[nH]c3)C2)c(C2CCCCC2)c1
fraggfn_drd2,best_candidate,173,173,797,5,0.9999933762002843,c1ccc(C2CCNC2)c(CCN2CCC(c3cscn3)C2)c1,COc1cccc(C2CCNC2)c1CCN1CCC(c2cscn2)C1
fraggfn_drd2,best_candidate,174,174,802,5,0.9999933514324693,c1cc(CCN2CCCC2)cc(C2CCCC(c3cc[nH]n3)C2)c1,Clc1c[nH]nc1C1CCCC(c2cccc(CCN3CCCC3)c2)C1
fraggfn_drd2,best_candidate,175,175,807,5,0.9999933041279381,c1cncc(-c2c(CCN3CCCC3)cccc2C2CC2)c1,C[SH+]c1ccc(-c2c(CCN3CCCC3)cccc2C2CC2)cn1
fraggfn_drd2,best_candidate,176,176,812,5,0.9999933013003497,c1cc(-c2ccc(CCN3CCCC3)c(C3CC3)c2)ccn1,Fc1cnccc1-c1ccc(CCN2CCCC2)c(C2CC2)c1
fraggfn_drd2,best_candidate,177,177,817,5,0.9999933003927091,c1ccc(C2CCCCO2)c(CCN2CCCC(c3ccncc3)C2)c1,Brc1ccc(CCN2CCCC(c3ccncc3)C2)c(C2CCCCO2)c1
fraggfn_drd2,best_candidate,178,178,822,5,0.9999932868948445,BrC1CCCC(c2ccccc2CCN2CCCCC2)C1,BrC1CCCC(c2ccccc2CCN2CCC(c3cccs3)CC2)C1
fraggfn_drd2,best_candidate,179,179,827,5,0.9999932845039519,Clc1cc(C2CCNC2)ccc1CCN1CCCC1,Clc1cc(C2CNC(c3c[nH]c4ccccc34)C2)ccc1CCN1CCCC1
fraggfn_drd2,best_candidate,180,180,832,5,0.9999932828664244,c1cc(CCN2CCCCC2)cc(N2CCCC2c2cccs2)c1,c1cc(CCN2CCC(c3ccc[nH]3)CC2)cc(N2CCCC2c2cccs2)c1
fraggfn_drd2,best_candidate,181,181,837,5,0.9999932473316446,c1cc(CCN2CCCC2)cc(C2CCCCC2c2cccs2)c1,IC1CCC(c2cccc(CCN3CCCC3)c2)C(c2cccs2)C1
fraggfn_drd2,best_candidate,182,182,842,5,0.9999932129066733,CCc1ccccc1-c1ccc(C2CCCN(c3cc[nH]c3)C2)cc1,c1ccc(-c2ccc(C3CCCN(c4cc[nH]c4)C3)cc2)c(CCN2CCCC2)c1
fraggfn_drd2,best_candidate,183,183,847,5,0.9999931107600576,CCc1c[nH]c(C2CCCC(c3cccc(O)c3)C2)c1,Oc1cccc(C2CCCC(c3cc(CCN4CCCC4)c[nH]3)C2)c1
fraggfn_drd2,best_candidate,184,184,852,5,0.9999930590475659,Fc1ccc(C2CCCC(CCN3CCCCC3)C2)cc1,Fc1ccc(C2CCCC(CCN3CCC(c4ccc[nH]4)CC3)C2)cc1
fraggfn_drd2,best_candidate,185,185,857,5,0.9999930003732094,c1ccc(-c2c(CCN3CCCC3)cccc2C2CCCN2)cc1,Ic1ccc(-c2c(CCN3CCCC3)cccc2C2CCCN2)cc1
fraggfn_drd2,best_candidate,186,186,858,1,0.9999929309397718,c1cncc(N2CCCC2c2ccccc2CCN2CCCC2)c1,c1ccc(-c2cccc(CCN3CCCC3)c2C2CCCN2c2cccnc2)cc1
fraggfn_drd2,best_candidate,187,187,863,5,0.9999929230225577,c1ccc(C2CCCC(CCN3CCCC3)C2c2cn[nH]c2)cc1,Ic1ccc(C2CCCC(CCN3CCCC3)C2c2cn[nH]c2)cc1
fraggfn_drd2,best_candidate,188,188,868,5,0.9999929020532692,c1ccc(C2C(CCN3CCCC3)CCCC2c2cc[nH]c2)cc1,Brc1ccc(C2C(CCN3CCCC3)CCCC2c2cc[nH]c2)cc1
fraggfn_drd2,best_candidate,189,189,873,5,0.9999928907958342,c1ccc(C2NCCC2c2ccncc2)c(CCN2CCCC2)c1,COc1cccc(CCN2CCCC2)c1C1NCCC1c1ccncc1
fraggfn_drd2,best_candidate,190,190,878,5,0.9999928484810693,c1ccc(C2CCC(c3cccs3)CC2CCN2CCCCC2)cc1,Ic1ccc(C2CCC(c3cccs3)CC2CCN2CCCCC2)cc1
fraggfn_drd2,best_candidate,191,191,883,5,0.9999928281595256,CCC1CC(c2cscn2)CCC1c1ccccc1OC,COc1ccccc1C1CCC(c2cscn2)CC1CCN1CCCC1
fraggfn_drd2,best_candidate,192,192,884,1,0.9999927947346009,Fc1cccc(C2CCCC(CCN3CCCC3)C2)c1,Fc1cccc(C2CCCC(CCN3CCCC3)C2c2cccnc2)c1
fraggfn_drd2,best_candidate,193,193,889,5,0.9999927479926176,c1ccc(C2OCCCC2c2c[nH]c3ccccc23)c(CCN2CCCC2)c1,Clc1cccc(C2OCCCC2c2c[nH]c3ccccc23)c1CCN1CCCC1
fraggfn_drd2,best_candidate,194,194,894,5,0.9999924827476936,CCc1ccc(C2CCC(C[NH3+])CC2)c(I)c1,[NH3+]CC1CCC(c2ccc(CCN3CCCC3)cc2I)CC1
fraggfn_drd2,best_candidate,195,195,899,5,0.9999924693138633,[NH3+]CC1CCC(c2ccccc2CCN2CCCC2)CC1,[NH3+]CC1CCC(c2c(I)cccc2CCN2CCCC2)CC1
fraggfn_drd2,best_candidate,196,196,904,5,0.9999924541917437,CCc1cccc(C2CC2)c1CCN1CCCC1,CCc1cccc(C2CC2)c1CCN1CCCC1c1ccc[nH]1
fraggfn_drd2,best_candidate,197,197,909,5,0.9999924259818394,CCc1cccc(N2CCNCC2)c1-c1cccc(S)c1,Sc1cccc(-c2c(CCN3CCCC3)cccc2N2CCNCC2)c1
fraggfn_drd2,best_candidate,198,198,914,5,0.9999924152811949,Oc1cccc(CCN2CCCC2)c1C1CCCCC1,Oc1cccc(CCN2CCCC2)c1C1CCC(c2nccs2)CC1
fraggfn_drd2,best_candidate,199,199,919,5,0.9999923780524749,c1cc(CCN2CCCC2)cc(C2CCC(c3cscn3)OC2)c1,Nc1c(CCN2CCCC2)cccc1C1CCC(c2cscn2)OC1
fraggfn_drd2,best_candidate,200,200,924,5,0.9999923367126407,c1cc(-c2cnccc2CCN2CCCC2)cc(C2CC2)c1,CCc1cc(CCN2CCCC2)c(-c2cccc(C3CC3)c2)cn1
fraggfn_drd2,best_candidate,201,201,929,5,0.9999923221683592,C[SH+]C1CCCC(c2ccccc2CCN2CCCC2)C1,C[SH+]C1CCCC(c2ccc(Br)cc2CCN2CCCC2)C1
fraggfn_drd2,best_candidate,202,202,934,5,0.9999922889968952,Fc1cccc(C2CCCN2)c1CCN1CCCC1,Fc1cccc(C2CCCN2c2c[nH]c3ccccc23)c1CCN1CCCC1
fraggfn_drd2,best_candidate,203,203,939,5,0.9999920422698282,c1cc(-c2cccs2)cc(N2CCCC2CCN2CCCC2)c1,c1ccc(C2CCN(c3cccc(-c4cccs4)c3)C2CCN2CCCC2)cc1
fraggfn_drd2,best_candidate,204,204,944,5,0.9999919688142879,c1ccc(-c2cc(N3CCNCC3)ccc2CCN2CCCCC2)cc1,Clc1ccc(-c2cc(N3CCNCC3)ccc2CCN2CCCCC2)cc1
fraggfn_drd2,best_candidate,205,205,949,5,0.9999918487053379,c1cc(CCN2CCC(c3nccs3)CC2)cc(N2CCCC2)c1,c1cc(CCN2CCC(c3nccs3)CC2)cc(N2CCCC2c2cc[nH]c2)c1
fraggfn_drd2,best_candidate,206,206,954,5,0.9999918263944347,ClC1CCCC(c2ccccc2CCN2CCCC2)C1,ClC1CCCC(c2ccccc2CCN2CCC(c3nccs3)C2)C1
fraggfn_drd2,best_candidate,207,207,959,5,0.9999918076208796,c1csc(C2CCCN(c3ccccc3CCN3CCCC3)C2)c1,CCc1cccc(N2CCCC(c3cccs3)C2)c1CCN1CCCC1
fraggfn_drd2,best_candidate,208,208,964,5,0.9999917753742757,c1ccc(C2CCCCC2c2cn[nH]c2)c(CCN2CCCC2)c1,ClC1CCC(c2ccccc2CCN2CCCC2)C(c2cn[nH]c2)C1
fraggfn_drd2,best_candidate,209,209,969,5,0.9999914634774003,CCc1cccc(CCN2CCC(c3cscn3)C2)c1,CCc1cc(CCN2CCC(c3cscn3)C2)ccc1C1CC1
fraggfn_drd2,best_candidate,210,210,974,5,0.9999914268427526,[NH3+]Cc1cccc(C2CCC(CCN3CCCC3)CC2)c1,[NH3+]Cc1cccc(C2CCC(CCN3CCC(c4cscn4)C3)CC2)c1
fraggfn_drd2,best_candidate,211,211,979,5,0.999991403994249,c1csc(-c2cccc(CCN3CCCC3)c2N2CCCCC2)c1,c1csc(-c2cccc(CCN3CCCC3)c2N2CCCC(c3c[nH]c4ccccc34)C2)c1
fraggfn_drd2,best_candidate,212,212,984,5,0.9999913042319843,CC1CCCC(c2cccc(CCN3CCCC3)c2)C1,CC1CCCC(c2cccc(CCN3CCC(c4cc[nH]c4)C3)c2)C1
fraggfn_drd2,best_candidate,213,213,985,1,0.9999912072598217,c1ccc(-c2cc(CCN3CCCC3)ccc2C2CCNC2)cc1,Sc1cccc(-c2cc(CCN3CCCC3)ccc2C2CCNC2)c1
fraggfn_drd2,best_candidate,214,214,990,5,0.9999911628981044,c1cc(CCN2CCCC2)cc(C2CCN(c3cccnc3)C2)c1,NCc1c(CCN2CCCC2)cccc1C1CCN(c2cccnc2)C1
fraggfn_drd2,best_candidate,215,215,995,5,0.9999911410190988,CCC1C(c2ccccc2)CCCC1c1cc(I)n[nH]1,Ic1cc(C2CCCC(c3ccccc3)C2CCN2CCCC2)[nH]n1
fraggfn_drd2,best_candidate,216,216,996,1,0.9999911355097433,c1ccc(C2CCCC(c3ccc(CCN4CCCC4)cn3)C2)cc1,Clc1cc(C2CCCC(c3ccccc3)C2)ncc1CCN1CCCC1
fraggfn_drd2,best_candidate,217,217,1001,5,0.9999911110408164,CCc1cccc(C2CCC(CCN3CCCCC3)CC2)c1,CCc1cc(C2CCC(CCN3CCCCC3)CC2)ccc1I
fraggfn_drd2,best_candidate,218,218,1006,5,0.9999910518321976,c1csc(C2CCN(CCc3ccccc3C3CC3)C2)c1,Brc1cccc(CCN2CCC(c3cccs3)C2)c1C1CC1
fraggfn_drd2,best_candidate,219,219,1011,5,0.9999909785631705,c1ccc(-c2ccccc2N2CCNCC2)c(CCN2CCCC2)c1,Clc1ccc(N2CCNCC2)c(-c2ccccc2CCN2CCCC2)c1
fraggfn_drd2,best_candidate,220,220,1016,5,0.9999909030339623,Brc1ccc(C2CCCCC2CCN2CCCCC2)cc1,Brc1ccc(C2CCCCC2CCN2CCC(c3cscn3)CC2)cc1
fraggfn_drd2,best_candidate,221,221,1021,5,0.999990826062436,CCc1cccc(CCN2CCCC2)c1C1CCCN1,CCc1cccc(CCN2CCCC2)c1C1CCCN1c1nccs1
fraggfn_drd2,best_candidate,222,222,1026,5,0.9999908141263247,c1ccc(C2CCC(c3cscn3)OC2)c(CCN2CCCCC2)c1,c1ccc(C2CCC(c3cscn3)OC2)c(CCN2CCC(c3cn[nH]c3)CC2)c1
fraggfn_drd2,best_candidate,223,223,1031,5,0.9999908091461553,c1cc(-c2ccccc2CCN2CCCC2)cc(C2CCNC2)c1,Clc1ccc(-c2cccc(C3CCNC3)c2)c(CCN2CCCC2)c1
fraggfn_drd2,best_candidate,224,224,1036,5,0.9999907636768445,c1ccc(C2CCCC(CCN3CCCC(c4cc[nH]c4)C3)C2)cc1,Ic1cccc(C2CCCC(CCN3CCCC(c4cc[nH]c4)C3)C2)c1
fraggfn_drd2,best_candidate,225,225,1041,5,0.9999907427028426,c1cc(CCN2CCCC2)cc(N2CCCC2c2cscn2)c1,c1nc(C2CCCN2c2ccc(C3CC3)c(CCN3CCCC3)c2)cs1
fraggfn_drd2,best_candidate,226,226,1046,5,0.9999907028261068,c1ccc(C2CCCC(c3cccs3)C2CCN2CCCC2)cc1,Oc1ccccc1C1CCCC(c2cccs2)C1CCN1CCCC1
fraggfn_drd2,best_candidate,227,227,1051,5,0.999990605612753,c1ccc(C2CC(c3ccncc3)CCC2CCN2CCCC2)cc1,Ic1cnccc1C1CCC(CCN2CCCC2)C(c2ccccc2)C1
fraggfn_drd2,best_candidate,228,228,1056,5,0.9999905861374513,c1cnc(-c2ccccc2C2CC2)c(CCN2CCCC2)c1,CCc1cccc(-c2ncccc2CCN2CCCC2)c1C1CC1
fraggfn_drd2,best_candidate,229,229,1061,5,0.9999904396604746,c1ccc(-c2cccc(C3CCNC3)c2CCN2CCCC2)cc1,Brc1ccc(-c2cccc(C3CCNC3)c2CCN2CCCC2)cc1
fraggfn_drd2,best_candidate,230,230,1066,5,0.9999904034001917,c1ccc(C2CC2)c(CCN2CCC(c3cscn3)CC2)c1,N=Cc1cccc(C2CC2)c1CCN1CCC(c2cscn2)CC1
fraggfn_drd2,best_candidate,231,231,1071,5,0.9999904029134989,Fc1ccc(C2CCCCC2CCN2CCCCC2)cc1,Fc1ccc(C2CCCCC2CCN2CCC(c3cc[nH]c3)CC2)cc1
fraggfn_drd2,best_candidate,232,232,1076,5,0.9999903677171945,C=CC1CCCC(c2ccccc2)C1CCN1CCCC1,C=CC1CCCC(c2cccc(I)c2)C1CCN1CCCC1
fraggfn_drd2,best_candidate,233,233,1077,1,0.9999903494385746,Brc1cccc(C2CCCC(CCN3CCCC3)C2)c1,Brc1cccc(C2CC(CCN3CCCC3)CC(c3cccs3)C2)c1
fraggfn_drd2,best_candidate,234,234,1082,5,0.9999903494385746,c1ccc(C2CC(CCN3CCCC3)CC(c3cscn3)C2)cc1,Clc1cccc(C2CC(CCN3CCCC3)CC(c3cscn3)C2)c1
fraggfn_drd2,best_candidate,235,235,1087,5,0.9999902044011554,C[SH+]c1cccc(CCN2CCCC2)c1C1CC1,C[SH+]c1c(-c2cccnc2)ccc(CCN2CCCC2)c1C1CC1
fraggfn_drd2,best_candidate,236,236,1092,5,0.9999901945470169,c1cc(CCN2CCCC2)c(-c2cscn2)c(C2CCNC2)c1,c1cc(CCN2CCCC2)c(-c2cscn2)c(C2CCN(c3cc[nH]c3)C2)c1
fraggfn_drd2,best_candidate,237,237,1097,5,0.9999901563251155,c1cc(C2CCC(c3cn[nH]c3)CO2)ccc1CCN1CCCC1,Fc1cc(C2CCC(c3cn[nH]c3)CO2)ccc1CCN1CCCC1
fraggfn_drd2,best_candidate,238,238,1102,5,0.9999900434689635,CCC1CCCC(c2ccccc2)C1CCN1CCCC1,CCC1CCCC(c2cccc(Cl)c2)C1CCN1CCCC1
fraggfn_drd2,best_candidate,239,239,1107,5,0.9999900087797646,CCC1CCC(c2c[nH]c(I)c2)C(c2ccccc2)C1,Ic1cc(C2CCC(CCN3CCCC3)CC2c2ccccc2)c[nH]1
fraggfn_drd2,best_candidate,240,240,1112,5,0.999990000526616,c1ccc(-c2cccc(CCN3CCCC3)c2C2CC2)cc1,CN(C)c1cccc(-c2cccc(CCN3CCCC3)c2C2CC2)c1
fraggfn_drd2,best_candidate,241,241,1117,5,0.9999899779994859,c1ccc(C2C(CCN3CCCC3)CCCC2c2cscn2)cc1,Fc1ccc(C2C(CCN3CCCC3)CCCC2c2cscn2)cc1
fraggfn_drd2,best_candidate,242,242,1122,5,0.9999899201590171,c1ccc(C2CC(CCN3CCCCC3)CC(c3ccccn3)C2)cc1,Ic1ccnc(C2CC(CCN3CCCCC3)CC(c3ccccc3)C2)c1
fraggfn_drd2,best_candidate,243,243,1127,5,0.9999897478362897,C=CC1CCCC(c2ccccc2CCN2CCCC2)C1,C=CC1CCCC(c2ccc(F)cc2CCN2CCCC2)C1
fraggfn_drd2,best_candidate,244,244,1132,5,0.9999895418705862,ClC1CC(CCN2CCCC2)CCC1c1ccccc1,ClC1CC(CCN2CCCC2)CCC1c1ccccc1-c1ccncc1
fraggfn_drd2,best_candidate,245,245,1137,5,0.9999895175104667,CCc1ccc(C2CCCN2)c(-c2ccc(F)cc2)c1,Fc1ccc(-c2cc(CCN3CCCC3)ccc2C2CCCN2)cc1
fraggfn_drd2,best_candidate,246,246,1142,5,0.9999894567956272,c1nc(-c2cc(C3CC3)ccc2CCN2CCCC2)cs1,CCc1cc(CCN2CCCC2)c(-c2cscn2)cc1C1CC1
fraggfn_drd2,best_candidate,247,247,1147,5,0.9999893572415455,c1ccc(C2CCCCC2c2cc(CCN3CCCC3)c[nH]2)cc1,Ic1cccc(C2CCCCC2c2cc(CCN3CCCC3)c[nH]2)c1
fraggfn_drd2,best_candidate,248,248,1152,5,0.9999892952860703,CCc1ccccc1C1CC(c2cc[nH]c2)CCC1C,CC1CCC(c2cc[nH]c2)CC1c1ccccc1CCN1CCCC1
fraggfn_drd2,best_candidate,249,249,1157,5,0.9999892228190189,c1csc(C2CCC(c3ccccc3CCN3CCCC3)CC2)c1,Clc1cccc(CCN2CCCC2)c1C1CCC(c2cccs2)CC1
fraggfn_drd2,best_candidate,250,250,1162,5,0.9999891596838723,NCC1CCC(c2ccccc2)C(CCN2CCCC2)C1,NCC1CCC(c2cccc(F)c2)C(CCN2CCCC2)C1
fraggfn_drd2,best_candidate,251,251,1167,5,0.9999889723984866,c1ccc(C2CCCCC2c2c[nH]c3ccccc23)c(CCN2CCCC2)c1,Clc1ccc(C2CCCCC2c2c[nH]c3ccccc23)c(CCN2CCCC2)c1
fraggfn_drd2,best_candidate,252,252,1172,5,0.9999889601187697,c1ccc(C2CCC(CCN3CCCC(c4cn[nH]c4)C3)CC2)cc1,Oc1ccccc1C1CCC(CCN2CCCC(c3cn[nH]c3)C2)CC1
fraggfn_drd2,best_candidate,253,253,1177,5,0.9999889564603129,Clc1ccc(CCN2CCC(c3cscn3)CC2)cc1,CC(C)c1cc(Cl)ccc1CCN1CCC(c2cscn2)CC1
fraggfn_drd2,best_candidate,254,254,1182,5,0.9999888691733396,C[SH+]c1c(CCN2CCCC2)cccc1C1CCCN1,C[SH+]c1c(CCN2CCC(c3cscn3)C2)cccc1C1CCCN1
fraggfn_drd2,best_candidate,255,255,1187,5,0.9999888421002809,FC(F)(F)C1CCC(c2ccccc2)C(CCN2CCCC2)C1,FC(F)(F)C1CCC(c2ccc(Cl)cc2)C(CCN2CCCC2)C1
fraggfn_drd2,best_candidate,256,256,1192,5,0.9999888214928716,IC1CC(c2ccccc2CCN2CCCC2)CN1,IC1CC(c2ccc(-c3ccncc3)cc2CCN2CCCC2)CN1
fraggfn_drd2,best_candidate,257,257,1197,5,0.9999887814016218,c1cncc(-c2cccc(CCN3CCCC3)c2C2CCCNC2)c1,Fc1ccncc1-c1cccc(CCN2CCCC2)c1C1CCCNC1
fraggfn_drd2,best_candidate,258,258,1202,5,0.9999887748449086,c1ccc(C2CCC(CCN3CCC(c4cscn4)CC3)CC2)cc1,Ic1ccccc1C1CCC(CCN2CCC(c3cscn3)CC2)CC1
fraggfn_drd2,best_candidate,259,259,1207,5,0.9999887671080323,c1cc(-c2ccc(CCN3CCCC3)cc2)c(N2CCCC2)cn1,C[SH+]c1cc(-c2ccncc2N2CCCC2)ccc1CCN1CCCC1
fraggfn_drd2,best_candidate,260,260,1212,5,0.9999887477185385,c1c[nH]c(N2CCCC2c2ccccc2CCN2CCCC2)c1,c1c[nH]c(N2CCCC2c2cc(-c3nccs3)ccc2CCN2CCCC2)c1
fraggfn_drd2,best_candidate,261,261,1217,5,0.9999887004322391,c1ccc(C2CCN(CCc3cccc(C4CC4)c3)CC2)nc1,NCc1cccnc1C1CCN(CCc2cccc(C3CC3)c2)CC1
fraggfn_drd2,best_candidate,262,262,1222,5,0.9999886201912132,FC1CC(CCN2CCCC2)CCC1c1ccccc1,C[SH+]c1cccc(C2CCC(CCN3CCCC3)CC2F)c1
fraggfn_drd2,best_candidate,263,263,1227,5,0.9999884786460201,c1ccc(C2CCNCC2c2ccncc2)c(CCN2CCCC2)c1,Clc1cc(C2CNCCC2c2ccccc2CCN2CCCC2)ccn1
fraggfn_drd2,best_candidate,264,264,1232,5,0.9999884583896079,c1cc(CCN2CCCC2)c(C2CC2)c(-c2c[nH]c3ccccc23)c1,C=Cc1ccc(CCN2CCCC2)c(C2CC2)c1-c1c[nH]c2ccccc12
fraggfn_drd2,best_candidate,265,265,1237,5,0.9999884257593605,c1ccc(C2CCCCC2CCN2CCC(c3cn[nH]c3)CC2)cc1,Fc1cccc(C2CCCCC2CCN2CCC(c3cn[nH]c3)CC2)c1
fraggfn_drd2,best_candidate,266,266,1242,5,0.9999883388793304,CCc1ccc(I)cc1-c1cccc(N2CCCC2)c1,Ic1ccc(CCN2CCCC2)c(-c2cccc(N3CCCC3)c2)c1
fraggfn_drd2,best_candidate,267,267,1247,5,0.999988297907445,Fc1ccncc1C1CCCC(CCN2CCCC2)C1,Fc1ccncc1C1CCCC(CCN2CCCC2)C1c1ccccc1
fraggfn_drd2,best_candidate,268,268,1252,5,0.9999882282055962,CCc1ccc(F)cc1-c1ccnc(C2CCCNC2)c1,Fc1ccc(CCN2CCCC2)c(-c2ccnc(C3CCCNC3)c2)c1
fraggfn_drd2,best_candidate,269,269,1257,5,0.9999880138768994,BrC1CCC(CCN2CCCC2)C(c2ccccc2)C1,BrC1CCC(CCN2CCCC2)C(c2cccc(C3CC3)c2)C1
fraggfn_drd2,best_candidate,270,270,1262,5,0.9999879480863574,C[SH+]c1cc(C2CCCO2)ccc1CCN1CCCC1,C[SH+]c1cc(C2CCCO2)c(-c2ccncc2)cc1CCN1CCCC1
fraggfn_drd2,best_candidate,271,271,1267,5,0.9999878797806414,CCC1C(I)CCC(c2ccccc2)C1c1cscn1,IC1CCC(c2ccccc2)C(c2cscn2)C1CCN1CCCC1
fraggfn_drd2,best_candidate,272,272,1272,5,0.9999878452564633,c1ccc(C2CCC(c3cccc(CCN4CCCC4)c3)CC2)nc1,Fc1ccnc(C2CCC(c3cccc(CCN4CCCC4)c3)CC2)c1
fraggfn_drd2,best_candidate,273,273,1277,5,0.9999878370896452,c1cc(CCN2CCCC2)cc(C2CCC(c3cscn3)CC2)c1,BrC1CC(c2cccc(CCN3CCCC3)c2)CCC1c1cscn1
fraggfn_drd2,best_candidate,274,274,1282,5,0.9999878108710134,c1ccc(C2CCCCC2CCN2CCCC(c3cn[nH]c3)C2)cc1,NC1CCCC(c2ccccc2)C1CCN1CCCC(c2cn[nH]c2)C1
fraggfn_drd2,best_candidate,275,275,1287,5,0.9999877477479279,Oc1ccccc1C1CCCC(CCN2CCCC2)C1,Oc1ccccc1C1CC(CCN2CCCC2)CCC1c1nccs1
fraggfn_drd2,best_candidate,276,276,1292,5,0.9999877429194931,c1cc(-c2ccncc2)cc(C2CCC(CCN3CCCC3)CC2)c1,IC1CC(CCN2CCCC2)CCC1c1cccc(-c2ccncc2)c1
fraggfn_drd2,best_candidate,277,277,1297,5,0.9999876885494962,c1ccc(C2CCCN2c2cn[nH]c2)c(CCN2CCCC2)c1,c1ccc(-c2cccc(C3CCCN3c3cn[nH]c3)c2CCN2CCCC2)cc1
fraggfn_drd2,best_candidate,278,278,1302,5,0.9999876591333907,CCc1cccc(CCN2CCC(c3c[nH]c4ccccc34)CC2)c1,C=Cc1ccc(CC)cc1CCN1CCC(c2c[nH]c3ccccc23)CC1
fraggfn_drd2,best_candidate,279,279,1307,5,0.999987544686023,c1cc(-c2ccc(CCN3CCCC3)c(C3CCCN3)c2)ccn1,Oc1cnccc1-c1ccc(CCN2CCCC2)c(C2CCCN2)c1
fraggfn_drd2,best_candidate,280,280,1308,1,0.9999875372451721,Ic1ccc(C2CCCC(CCN3CCCC3)C2)cc1,Ic1ccc(C2CC(CCN3CCCC3)CC(c3ccc[nH]3)C2)cc1
fraggfn_drd2,best_candidate,281,281,1313,5,0.9999875358993189,c1nc(C2CCCN(c3ccc(CCN4CCCC4)cc3)C2)cs1,c1ccc(-c2cc(N3CCCC(c4cscn4)C3)ccc2CCN2CCCC2)cc1
fraggfn_drd2,best_candidate,282,282,1314,1,0.9999875333105698,c1csc(C2CCCCC2c2ccccc2CCN2CCCC2)c1,Sc1cccc(CCN2CCCC2)c1C1CCCCC1c1cccs1
fraggfn_drd2,best_candidate,283,283,1319,5,0.99998750801105,IC1CCCC(CCN2CCCC2)C1c1nccs1,IC1C(c2ccccc2)CCC(CCN2CCCC2)C1c1nccs1
fraggfn_drd2,best_candidate,284,284,1324,5,0.99998750801105,BrC1CC(CCN2CCCC2)CCC1c1ccccc1,BrC1C(c2ccccc2)CCC(CCN2CCCC2)C1c1cccs1
fraggfn_drd2,best_candidate,285,285,1329,5,0.9999872319414049,Brc1ccc(C2CCCC(CCN3CCCC3)C2)cc1,COC1C(CCN2CCCC2)CCCC1c1ccc(Br)cc1
fraggfn_drd2,best_candidate,286,286,1334,5,0.9999871418038514,CCc1ccc([SH+]C)c(CCN2CCCC2)c1,CCc1ccc([SH+]C)c(CCN2CCC(c3ccc[nH]3)C2)c1
fraggfn_drd2,best_candidate,287,287,1339,5,0.9999871078805417,NCC1CCCN1c1ccccc1CCN1CCCC1,NCC1CCCN1c1ccccc1CCN1CCC(c2cc[nH]c2)C1
fraggfn_drd2,best_candidate,288,288,1344,5,0.9999870746796043,CCc1ccnc(C2CCCN(c3ccccc3CN)C2)c1,NCc1ccccc1N1CCCC(c2cc(CCN3CCCC3)ccn2)C1
fraggfn_drd2,best_candidate,289,289,1349,5,0.9999870253462465,NCc1ccc(CCN2CCCC2)c(C2CCCN2)c1,NCc1ccc(CCN2CCC(c3ccncc3)C2)c(C2CCCN2)c1
fraggfn_drd2,best_candidate,290,290,1354,5,0.9999870078299197,c1ccc(C2CNCCC2c2nccs2)c(CCN2CCCC2)c1,Sc1cccc(CCN2CCCC2)c1C1CNCCC1c1nccs1
fraggfn_drd2,best_candidate,291,291,1359,5,0.9999868827355454,c1cc(-c2ccc(CCN3CCCC3)cc2)cc(N2CCNCC2)c1,Ic1cc(CCN2CCCC2)ccc1-c1cccc(N2CCNCC2)c1
fraggfn_drd2,best_candidate,292,292,1364,5,0.9999867653962617,CCc1c(F)cccc1C1CCN(c2cccs2)CC1,Fc1cccc(C2CCN(c3cccs3)CC2)c1CCN1CCCC1
fraggfn_drd2,best_candidate,293,293,1369,5,0.9999867411645749,c1ccc(C2CC(CCN3CCCCC3)CCC2c2cccs2)cc1,Brc1ccc(C2CC(CCN3CCCCC3)CCC2c2cccs2)cc1
fraggfn_drd2,best_candidate,294,294,1374,5,0.9999867227582723,c1c[nH]c(C2CCCCC2c2ccccc2CCN2CCCC2)c1,FC1CCCC(c2ccccc2CCN2CCCC2)C1c1ccc[nH]1
fraggfn_drd2,best_candidate,295,295,1379,5,0.9999866275409255,Clc1cnccc1C1CCCCC1CCN1CCCCC1,Clc1cnccc1C1CCCCC1CCN1CCC(c2ccccc2)CC1
fraggfn_drd2,best_candidate,296,296,1384,5,0.9999866005531254,c1cc(CCN2CCCC2)c(C2CC2)c(N2CCNCC2)c1,c1cc(-c2cc(CCN3CCCC3)c(C3CC3)c(N3CCNCC3)c2)ccn1
fraggfn_drd2,best_candidate,297,297,1389,5,0.9999865336714505,CCc1cccc(C2CCC(c3cc[nH]c3)C(NC)C2)c1,CNC1CC(c2cccc(CCN3CCCC3)c2)CCC1c1cc[nH]c1
fraggfn_drd2,best_candidate,298,298,1394,5,0.9999865112363254,c1ccc(C2CC(c3ccc[nH]3)CCC2CCN2CCCC2)cc1,COc1c[nH]c(C2CCC(CCN3CCCC3)C(c3ccccc3)C2)c1
fraggfn_drd2,best_candidate,299,299,1399,5,0.9999864622061256,C=Cc1cccc(C2CCC(CCN3CCCC3)CC2)c1,ClC=Cc1cccc(C2CCC(CCN3CCCC3)CC2)c1
fraggfn_drd2,best_candidate,300,300,1404,5,0.9999863586093909,C=Cc1cccc(C2CC2)c1CCN1CCCC1,C=Cc1cccc(C2CC2)c1CCN1CCC(c2cn[nH]c2)C1
fraggfn_drd2,hub_batching,1,1,5,5,0.9999909294832432,c1cc(-c2ccccc2CCN2CCCC2)cc(N2CCCC2)c1,c1cc(-c2ccccc2CCN2CCCC2)cc(N2CCC(c3cn[nH]c3)C2)c1
fraggfn_drd2,hub_batching,2,2,6,1,0.9999883388793304,c1cc(-c2ccccc2CCN2CCCC2)cc(N2CCCC2)c1,Brc1ccc(CCN2CCCC2)c(-c2cccc(N3CCCC3)c2)c1
fraggfn_drd2,hub_batching,3,3,7,1,0.9999856311287953,c1cc(-c2ccccc2CCN2CCCC2)cc(N2CCCC2)c1,C[SH+]c1cccc(-c2cccc(N3CCCC3)c2)c1CCN1CCCC1
fraggfn_drd2,hub_batching,4,4,8,1,0.9973631804497466,c1cc(-c2ccccc2CCN2CCCC2)cc(N2CCCC2)c1,c1cc(-c2ccccc2CCN2CCCC2)cc(N2CCCC2c2cc[nH]c2)c1
fraggfn_drd2,hub_batching,5,5,9,1,0.9973172432424643,c1cc(-c2ccccc2CCN2CCCC2)cc(N2CCCC2)c1,c1c[nH]c(-c2ccc(N3CCCC3)cc2-c2ccccc2CCN2CCCC2)c1
fraggfn_drd2,hub_batching,6,6,10,1,0.996479303695284,c1cc(-c2ccccc2CCN2CCCC2)cc(N2CCCC2)c1,COc1cccc(CCN2CCCC2)c1-c1cccc(N2CCCC2)c1
fraggfn_drd2,hub_batching,7,7,11,1,0.9958683818184715,c1cc(-c2ccccc2CCN2CCCC2)cc(N2CCCC2)c1,c1csc(-c2c(-c3ccccc3CCN3CCCC3)cccc2N2CCCC2)c1
fraggfn_drd2,hub_batching,8,8,12,1,0.9957180280966885,c1cc(-c2ccccc2CCN2CCCC2)cc(N2CCCC2)c1,[NH3+]Cc1ccc(-c2ccccc2CCN2CCCC2)cc1N1CCCC1
fraggfn_drd2,hub_batching,9,9,13,1,0.9953097124367066,c1cc(-c2ccccc2CCN2CCCC2)cc(N2CCCC2)c1,Brc1cc(-c2ccccc2CCN2CCCC2)cc(N2CCCC2)c1
fraggfn_drd2,hub_batching,10,10,14,1,0.99248322761069,c1cc(-c2ccccc2CCN2CCCC2)cc(N2CCCC2)c1,c1ccc(-c2ccc(-c3cccc(N4CCCC4)c3)c(CCN3CCCC3)c2)nc1
fraggfn_drd2,hub_batching,11,11,15,1,0.991587277059929,c1cc(-c2ccccc2CCN2CCCC2)cc(N2CCCC2)c1,c1cc(-c2ccccc2CCN2CCC(c3cccs3)C2)cc(N2CCCC2)c1
fraggfn_drd2,hub_batching,12,12,16,1,0.9907667041183715,c1cc(-c2ccccc2CCN2CCCC2)cc(N2CCCC2)c1,c1ccc(-c2cccc(N3CCCC3)c2-n2cccn2)c(CCN2CCCC2)c1
fraggfn_drd2,hub_batching,13,13,17,1,0.9864974584120659,c1cc(-c2ccccc2CCN2CCCC2)cc(N2CCCC2)c1,c1cc(-c2ccccc2CCN2CCCC2c2ccc[nH]2)cc(N2CCCC2)c1
fraggfn_drd2,hub_batching,14,14,18,1,0.9810351936972915,c1cc(-c2ccccc2CCN2CCCC2)cc(N2CCCC2)c1,c1ccc(-c2cccc(N3CCCC3)c2C2CCNC2)c(CCN2CCCC2)c1
fraggfn_drd2,hub_batching,15,15,19,1,0.9809297392952712,c1cc(-c2ccccc2CCN2CCCC2)cc(N2CCCC2)c1,O=c1ncccn1-c1ccc(N2CCCC2)cc1-c1ccccc1CCN1CCCC1
fraggfn_drd2,hub_batching,16,16,20,1,0.971819774854399,c1cc(-c2ccccc2CCN2CCCC2)cc(N2CCCC2)c1,O=c1[nH]cnc2c1NC(c1cccc(-c3cccc(N4CCCC4)c3)c1CCN1CCCC1)CN2
fraggfn_drd2,hub_batching,17,17,21,1,0.9703121902478679,c1cc(-c2ccccc2CCN2CCCC2)cc(N2CCCC2)c1,c1cc(-c2c(CCN3CCCC3)cccc2-c2c[nH]c3ccccc23)cc(N2CCCC2)c1
fraggfn_drd2,hub_batching,18,18,22,1,0.9626101077090718,c1cc(-c2ccccc2CCN2CCCC2)cc(N2CCCC2)c1,c1cc(-c2ccc(C3CCCNC3)cc2CCN2CCCC2)cc(N2CCCC2)c1
fraggfn_drd2,hub_batching,19,19,23,1,0.9233309843206673,c1cc(-c2ccccc2CCN2CCCC2)cc(N2CCCC2)c1,O=c1[nH]c(-c2c(-c3ccccc3CCN3CCCC3)cccc2N2CCCC2)nc2[nH]cnc12
fraggfn_drd2,hub_batching,20,20,24,1,0.9216246936589573,c1cc(-c2ccccc2CCN2CCCC2)cc(N2CCCC2)c1,O=c1[nH]cnc2c1NC(C1CCCN1c1cccc(-c3ccccc3CCN3CCCC3)c1)CN2
fraggfn_drd2,hub_batching,21,21,25,1,0.912491091143075,c1cc(-c2ccccc2CCN2CCCC2)cc(N2CCCC2)c1,O=CNCc1c(-c2ccccc2CCN2CCCC2)cccc1N1CCCC1
fraggfn_drd2,hub_batching,22,22,26,1,0.9096057201125737,c1cc(-c2ccccc2CCN2CCCC2)cc(N2CCCC2)c1,O=c1[nH]c(-c2cccc(-c3cccc(N4CCCC4)c3)c2CCN2CCCC2)nc2[nH]cnc12
fraggfn_drd2,hub_batching,23,23,27,1,0.8909336417571155,c1cc(-c2ccccc2CCN2CCCC2)cc(N2CCCC2)c1,c1ccc(-c2cc(N3CCCC3)ccc2C2CCCCO2)c(CCN2CCCC2)c1
fraggfn_drd2,hub_batching,24,24,28,1,0.8802109234690609,c1cc(-c2ccccc2CCN2CCCC2)cc(N2CCCC2)c1,O=c1[nH]c(-c2cccc(CCN3CCCC3)c2-c2cccc(N3CCCC3)c2)nc2c1NCCN2
fraggfn_drd2,hub_batching,25,25,29,1,0.8627143792426747,c1cc(-c2ccccc2CCN2CCCC2)cc(N2CCCC2)c1,c1cc(-c2ccccc2CCN2CCCC2)cc(N2CCCC2n2cnc3cncnc32)c1
fraggfn_drd2,hub_batching,26,26,30,1,0.8624988581681741,c1cc(-c2ccccc2CCN2CCCC2)cc(N2CCCC2)c1,O=c1[nH]cnc2c1ncn2-c1cc(-c2ccccc2CCN2CCCC2)cc(N2CCCC2)c1
fraggfn_drd2,hub_batching,27,27,31,1,0.8212163149552365,c1cc(-c2ccccc2CCN2CCCC2)cc(N2CCCC2)c1,c1ccc(-c2cccc(N3CCCC3)c2[NH+]2CCOCC2)c(CCN2CCCC2)c1
fraggfn_drd2,hub_batching,28,28,32,1,0.8045836021515134,c1cc(-c2ccccc2CCN2CCCC2)cc(N2CCCC2)c1,O=c1[nH]cnc2c1ncn2C1CCN(CCc2ccccc2-c2cccc(N3CCCC3)c2)C1
fraggfn_drd2,hub_batching,29,29,33,1,0.7696196308165155,c1cc(-c2ccccc2CCN2CCCC2)cc(N2CCCC2)c1,c1ccc(-c2ccc(-n3cnc4cncnc43)c(N3CCCC3)c2)c(CCN2CCCC2)c1
fraggfn_drd2,hub_batching,30,30,34,1,0.7640822136744597,c1cc(-c2ccccc2CCN2CCCC2)cc(N2CCCC2)c1,c1cc(-c2ccc(-n3cnc4cncnc43)cc2CCN2CCCC2)cc(N2CCCC2)c1
fraggfn_drd2,hub_batching,31,31,35,1,0.5698546039694994,c1cc(-c2ccccc2CCN2CCCC2)cc(N2CCCC2)c1,O=c1nc2n(C3CCCN3c3cccc(-c4ccccc4CCN4CCCC4)c3)c3ccccc3nc-2c(=O)[nH]1
fraggfn_drd2,hub_batching,32,32,36,1,0.5625898439681191,c1cc(-c2ccccc2CCN2CCCC2)cc(N2CCCC2)c1,O=c1nc2n(-c3ccc(N4CCCC4)cc3-c3ccccc3CCN3CCCC3)c3ccccc3nc-2c(=O)[nH]1
fraggfn_drd2,hub_batching,33,33,41,5,0.9999968063681919,CC1CCCC(c2cccc(CCN3CCCC3)c2)C1,CC1CC(c2cccc(CCN3CCCC3)c2)CCC1c1cn[nH]c1
fraggfn_drd2,hub_batching,34,34,42,1,0.9999913042319843,CC1CCCC(c2cccc(CCN3CCCC3)c2)C1,CC1CCCC(c2cccc(CCN3CCC(c4cc[nH]c4)C3)c2)C1
fraggfn_drd2,hub_batching,35,35,43,1,0.9999861475876741,CC1CCCC(c2cccc(CCN3CCCC3)c2)C1,CC1CCCC(c2ccc(Br)c(CCN3CCCC3)c2)C1
fraggfn_drd2,hub_batching,36,36,44,1,0.9971912399188844,CC1CCCC(c2cccc(CCN3CCCC3)c2)C1,CC1CCCC(c2cccc(CCN3CCCC3)c2)C1c1cccs1
fraggfn_drd2,hub_batching,37,37,45,1,0.9968096897381611,CC1CCCC(c2cccc(CCN3CCCC3)c2)C1,CC1CCCC(c2cccc(CCN3CCCC3)c2-c2ccncc2)C1
fraggfn_drd2,hub_batching,38,38,46,1,0.995226197651095,CC1CCCC(c2cccc(CCN3CCCC3)c2)C1,CC1CCC(c2cc[nH]c2)C(c2cccc(CCN3CCCC3)c2)C1
fraggfn_drd2,hub_batching,39,39,47,1,0.9951861626132716,CC1CCCC(c2cccc(CCN3CCCC3)c2)C1,CC1CC(c2cccc(CCN3CCCC3)c2)CC(c2cscn2)C1
fraggfn_drd2,hub_batching,40,40,48,1,0.9951508496501542,CC1CCCC(c2cccc(CCN3CCCC3)c2)C1,CC1CCCC(c2cc(CCN3CCCC3)ccc2Br)C1
fraggfn_drd2,hub_batching,41,41,49,1,0.9949861604194261,CC1CCCC(c2cccc(CCN3CCCC3)c2)C1,CC1CCCC(c2cc(Cl)cc(CCN3CCCC3)c2)C1
fraggfn_drd2,hub_batching,42,42,50,1,0.9932170983242001,CC1CCCC(c2cccc(CCN3CCCC3)c2)C1,CC1CCCC(c2ccc(-c3c[nH]c4ccccc34)c(CCN3CCCC3)c2)C1
fraggfn_drd2,hub_batching,43,43,51,1,0.9863176307017592,CC1CCCC(c2cccc(CCN3CCCC3)c2)C1,CC1CCCC(c2cccc(CCN3CCCC3)c2-n2cccnc2=O)C1
fraggfn_drd2,hub_batching,44,44,52,1,0.9789741648351049,CC1CCCC(c2cccc(CCN3CCCC3)c2)C1,CC1CCCC(c2cccc(CCN3CCCC3c3c[nH]c4ccccc34)c2)C1
fraggfn_drd2,hub_batching,45,45,53,1,0.9770461964075762,CC1CCCC(c2cccc(CCN3CCCC3)c2)C1,CC1CCC(n2cccnc2=O)C(c2cccc(CCN3CCCC3)c2)C1
fraggfn_drd2,hub_batching,46,46,54,1,0.9768542120996789,CC1CCCC(c2cccc(CCN3CCCC3)c2)C1,CC1CCCC(c2cccc(CCN3CCCC3)c2-[n+]2ccccc2)C1
fraggfn_drd2,hub_batching,47,47,55,1,0.9199654203581195,CC1CCCC(c2cccc(CCN3CCCC3)c2)C1,CC1CCCC(c2cccc(CCN3CCCC3)c2C2CCNC2)C1
fraggfn_drd2,hub_batching,48,48,56,1,0.9138540641404662,CC1CCCC(c2cccc(CCN3CCCC3)c2)C1,CC1CCCC(c2ccc(C3CNc4nc[nH]c(=O)c4N3)c(CCN3CCCC3)c2)C1
fraggfn_drd2,hub_batching,49,49,57,1,0.9111200095771004,CC1CCCC(c2cccc(CCN3CCCC3)c2)C1,CC1CCCC(c2cccc(CCN3CCCC3CNC=O)c2)C1
fraggfn_drd2,hub_batching,50,50,58,1,0.9094609963005674,CC1CCCC(c2cccc(CCN3CCCC3)c2)C1,CC1CC(c2cccc(CCN3CCCC3)c2)CC(n2ccc(=O)[nH]c2=O)C1
fraggfn_drd2,hub_batching,51,51,59,1,0.9014690631510812,CC1CCCC(c2cccc(CCN3CCCC3)c2)C1,CC1CCC(C2CNc3nc[nH]c(=O)c3N2)C(c2cccc(CCN3CCCC3)c2)C1
fraggfn_drd2,hub_batching,52,52,60,1,0.8965517642447361,CC1CCCC(c2cccc(CCN3CCCC3)c2)C1,CC1CCCC(c2ccc(-c3nc4[nH]cnc4c(=O)[nH]3)c(CCN3CCCC3)c2)C1
fraggfn_drd2,hub_batching,53,53,61,1,0.8455963342517915,CC1CCCC(c2cccc(CCN3CCCC3)c2)C1,CC1CC(c2cccc(CCN3CCCC3)c2)CCC1n1cnc2c(=O)[nH]cnc21
fraggfn_drd2,hub_batching,54,54,62,1,0.8383434604796356,CC1CCCC(c2cccc(CCN3CCCC3)c2)C1,CC1CCCC(c2cc(CCN3CCCC3)ccc2-c2ncnc3[nH]cnc23)C1
fraggfn_drd2,hub_batching,55,55,63,1,0.8184954624494133,CC1CCCC(c2cccc(CCN3CCCC3)c2)C1,CC1CCCC(c2cccc(CCN3CCCC3C3CNc4nc[nH]c(=O)c4N3)c2)C1
fraggfn_drd2,hub_batching,56,56,64,1,0.7855813627214497,CC1CCCC(c2cccc(CCN3CCCC3)c2)C1,CC1CCCC(c2cccc(CCN3CCCC3)c2)C1C1CCCOC1
fraggfn_drd2,hub_batching,57,57,65,1,0.7416175275502915,CC1CCCC(c2cccc(CCN3CCCC3)c2)C1,CC1CCCC(c2cc(CCN3CCCC3)cc(-c3nc4c(c(=O)[nH]3)NCCN4)c2)C1
fraggfn_drd2,hub_batching,58,58,66,1,0.7037633842569182,CC1CCCC(c2cccc(CCN3CCCC3)c2)C1,CC1CCCC(c2cccc(CCN3CCCC3)c2)C1n1cnc2cncnc21
fraggfn_drd2,hub_batching,59,59,67,1,0.6971171139515551,CC1CCCC(c2cccc(CCN3CCCC3)c2)C1,CC1CCCC(c2cc(CCN3CCCC3)ccc2-n2cnc3c(=O)[nH]cnc32)C1
fraggfn_drd2,hub_batching,60,60,68,1,0.6725861276145783,CC1CCCC(c2cccc(CCN3CCCC3)c2)C1,CC1CCCC(c2cccc(CCN3CCC(n4cnc5cncnc54)C3)c2)C1
fraggfn_drd2,hub_batching,61,61,69,1,0.6719387919123729,CC1CCCC(c2cccc(CCN3CCCC3)c2)C1,CC1CCCC(c2cccc(CCN3CCCC3)c2-n2c3nc(=O)[nH]c(=O)c-3nc3ccccc32)C1
fraggfn_drd2,hub_batching,62,62,70,1,0.6478755370961223,CC1CCCC(c2cccc(CCN3CCCC3)c2)C1,CC1CCCC(c2ccc(-n3cnc4cncnc43)c(CCN3CCCC3)c2)C1
fraggfn_drd2,hub_batching,63,63,71,1,0.6432151137404357,CC1CCCC(c2cccc(CCN3CCCC3)c2)C1,CC1CC(c2cccc(CCN3CCCC3)c2)CC(n2c3nc(=O)[nH]c(=O)c-3nc3ccccc32)C1
fraggfn_drd2,hub_batching,64,64,72,1,0.6342042410140419,CC1CCCC(c2cccc(CCN3CCCC3)c2)C1,CC1CCCC(c2cccc(CCN3CCCC3)c2)C1c1ccc2[nH]c3nc(=O)[nH]c(=O)c-3nc2c1
fraggfn_drd2,hub_batching,65,65,73,1,0.6052868459422263,CC1CCCC(c2cccc(CCN3CCCC3)c2)C1,CC1CCCC(c2ccc(-c3ccc4[nH]c5nc(=O)[nH]c(=O)c-5nc4c3)c(CCN3CCCC3)c2)C1
fraggfn_drd2,hub_batching,66,66,74,1,0.5460212767318754,CC1CCCC(c2cccc(CCN3CCCC3)c2)C1,CC1CCCC(c2cccc(CCN3CCCC3c3nc4c(c(=O)[nH]3)NCCN4)c2)C1
fraggfn_drd2,hub_batching,67,67,79,5,0.9999981376687114,CCC1CCC(c2ccccc2)C(CCN2CCCC2)C1,CCC1CCC(c2ccc(Br)cc2)C(CCN2CCCC2)C1
fraggfn_drd2,hub_batching,68,68,80,1,0.9963354927706122,CCC1CCC(c2ccccc2)C(CCN2CCCC2)C1,c1ccc(C2CCC(CCc3cn[nH]c3)CC2CCN2CCCC2)cc1
fraggfn_drd2,hub_batching,69,69,81,1,0.9961842064328476,CCC1CCC(c2ccccc2)C(CCN2CCCC2)C1,CCC1CCC(c2ccccc2)C(CCN2CCCC2)C1c1cn[nH]c1
fraggfn_drd2,hub_batching,70,70,82,1,0.9947785988369731,CCC1CCC(c2ccccc2)C(CCN2CCCC2)C1,CCC1CCC(c2ccccc2)C(CCN2CCC(c3cn[nH]c3)C2)C1
fraggfn_drd2,hub_batching,71,71,83,1,0.9918521648187821,CCC1CCC(c2ccccc2)C(CCN2CCCC2)C1,CCC1CCC(c2ccccc2-c2ccncc2)C(CCN2CCCC2)C1
fraggfn_drd2,hub_batching,72,72,84,1,0.9917794813792775,CCC1CCC(c2ccccc2)C(CCN2CCCC2)C1,CCC1CC(CCN2CCCC2)C(c2ccccc2)C(c2cn[nH]c2)C1
fraggfn_drd2,hub_batching,73,73,85,1,0.9874335378271611,CCC1CCC(c2ccccc2)C(CCN2CCCC2)C1,CCC1CCC(c2cccc(-c3ccncn3)c2)C(CCN2CCCC2)C1
fraggfn_drd2,hub_batching,74,74,86,1,0.987363398571311,CCC1CCC(c2ccccc2)C(CCN2CCCC2)C1,CCC1CC(CCN2CCCC2)C(c2ccccc2)CC1c1ncccn1
fraggfn_drd2,hub_batching,75,75,87,1,0.9870450699803135,CCC1CCC(c2ccccc2)C(CCN2CCCC2)C1,CCC1CCC(c2ccccc2)C(CCN2CCCC2)C1n1cccnc1=O
fraggfn_drd2,hub_batching,76,76,88,1,0.9815512142485115,CCC1CCC(c2ccccc2)C(CCN2CCCC2)C1,CCC1CC(CCN2CCCC2)C(c2ccccc2)C(n2cccnc2=O)C1
fraggfn_drd2,hub_batching,77,77,89,1,0.957277228337844,CCC1CCC(c2ccccc2)C(CCN2CCCC2)C1,CCC1CCC(c2ccccc2)C(CCN2CCCC2)C1NC=O
fraggfn_drd2,hub_batching,78,78,90,1,0.9482726666814617,CCC1CCC(c2ccccc2)C(CCN2CCCC2)C1,CCC1CCC(c2ccccc2)C(CCN2CCCC2c2cc[nH]c2)C1
fraggfn_drd2,hub_batching,79,79,91,1,0.9196026150198909,CCC1CCC(c2ccccc2)C(CCN2CCCC2)C1,CCC1CCC(c2cccc(C3CNc4nc[nH]c(=O)c4N3)c2)C(CCN2CCCC2)C1
fraggfn_drd2,hub_batching,80,80,92,1,0.8885479864638235,CCC1CCC(c2ccccc2)C(CCN2CCCC2)C1,CCC1CCC(c2ccccc2-n2ccc(=O)[nH]c2=O)C(CCN2CCCC2)C1
fraggfn_drd2,hub_batching,81,81,93,1,0.8786930548740496,CCC1CCC(c2ccccc2)C(CCN2CCCC2)C1,O=c1[nH]cnc2c1ncn2CCC1CCC(c2ccccc2)C(CCN2CCCC2)C1
fraggfn_drd2,hub_batching,82,82,94,1,0.8671922394125822,CCC1CCC(c2ccccc2)C(CCN2CCCC2)C1,CCC1CC(CCN2CCCC2)C(c2ccccc2)CC1n1ccc(=O)[nH]c1=O
fraggfn_drd2,hub_batching,83,83,95,1,0.8636883441183297,CCC1CCC(c2ccccc2)C(CCN2CCCC2)C1,CCC1CC(CCN2CCCC2)C(c2ccccc2)C([n+]2ccccc2)C1
fraggfn_drd2,hub_batching,84,84,96,1,0.8635802224237146,CCC1CCC(c2ccccc2)C(CCN2CCCC2)C1,CCC1CCC(c2ccccc2)C(CCN2CCCC2)C1C1CNc2nc[nH]c(=O)c2N1
fraggfn_drd2,hub_batching,85,85,97,1,0.7819903789887647,CCC1CCC(c2ccccc2)C(CCN2CCCC2)C1,CCC1CCC(c2ccccc2)C(CCN2CCCC2)C1C1CCCCO1
fraggfn_drd2,hub_batching,86,86,98,1,0.762899009532855,CCC1CCC(c2ccccc2)C(CCN2CCCC2)C1,CCC1CCC(c2ccccc2)C(CCN2CCCC2n2cccnc2=O)C1
fraggfn_drd2,hub_batching,87,87,99,1,0.7130978650158316,CCC1CCC(c2ccccc2)C(CCN2CCCC2)C1,CCC1CCC(c2ccccc2)C(CCN2CCC(n3cnc4cncnc43)C2)C1
fraggfn_drd2,hub_batching,88,88,100,1,0.6823706467262622,CCC1CCC(c2ccccc2)C(CCN2CCCC2)C1,CCC1CCC(c2ccccc2)C(CCN2CCCC2C2CNc3nc[nH]c(=O)c3N2)C1
fraggfn_drd2,hub_batching,89,89,101,1,0.6775110694899388,CCC1CCC(c2ccccc2)C(CCN2CCCC2)C1,CCC1CC(CCN2CCCC2)C(c2ccccc2)C(n2c3nc(=O)[nH]c(=O)c-3nc3ccccc32)C1
fraggfn_drd2,hub_batching,90,90,102,1,0.6585321126929061,CCC1CCC(c2ccccc2)C(CCN2CCCC2)C1,CCC1CCC(c2cccc(-n3c4nc(=O)[nH]c(=O)c-4nc4ccccc43)c2)C(CCN2CCCC2)C1
fraggfn_drd2,hub_batching,91,91,103,1,0.628439308327503,CCC1CCC(c2ccccc2)C(CCN2CCCC2)C1,CCC1CC(CCN2CCCC2)C(c2ccccc2)CC1c1ccc2[nH]c3nc(=O)[nH]c(=O)c-3nc2c1
fraggfn_drd2,hub_batching,92,92,104,1,0.5852352887011072,CCC1CCC(c2ccccc2)C(CCN2CCCC2)C1,CCC1CCC(c2cccc(-c3ccc4nc5c(=O)[nH]c(=O)nc-5[nH]c4c3)c2)C(CCN2CCCC2)C1
fraggfn_drd2,hub_batching,93,93,105,1,0.5348999023729109,CCC1CCC(c2ccccc2)C(CCN2CCCC2)C1,CCC1CC(CCN2CCCC2)C(c2ccccc2)C(C2CCCNC2)C1
fraggfn_drd2,hub_batching,94,94,110,5,0.9999964957097017,c1ccc(C2CCC(CCN3CCCC3)C(c3ccncc3)C2)cc1,Brc1cnccc1C1CC(c2ccccc2)CCC1CCN1CCCC1
fraggfn_drd2,hub_batching,95,95,111,1,0.9999945276926072,c1ccc(C2CCC(CCN3CCCC3)C(c3ccncc3)C2)cc1,Brc1ccc(C2CCC(CCN3CCCC3)C(c3ccncc3)C2)cc1
fraggfn_drd2,hub_batching,96,96,112,1,0.9970339807216247,c1ccc(C2CCC(CCN3CCCC3)C(c3ccncc3)C2)cc1,BrC1C(c2ccccc2)CCC(CCN2CCCC2)C1c1ccncc1
fraggfn_drd2,hub_batching,97,97,113,1,0.9960543166775475,c1ccc(C2CCC(CCN3CCCC3)C(c3ccncc3)C2)cc1,CNC1CC(c2ccccc2)CC(c2ccncc2)C1CCN1CCCC1
fraggfn_drd2,hub_batching,98,98,114,1,0.9933858898101036,c1ccc(C2CCC(CCN3CCCC3)C(c3ccncc3)C2)cc1,c1ccc(C2CCC(CCN3CCCC3)C(c3ccnc(-c4ccc[nH]4)c3)C2)cc1
fraggfn_drd2,hub_batching,99,99,115,1,0.9887845948289835,c1ccc(C2CCC(CCN3CCCC3)C(c3ccncc3)C2)cc1,CC1CCCN1CCC1CCC(c2ccccc2)CC1c1ccncc1
fraggfn_drd2,hub_batching,100,100,116,1,0.9865498863860231,c1ccc(C2CCC(CCN3CCCC3)C(c3ccncc3)C2)cc1,C=CC1CC(CCN2CCCC2)C(c2ccncc2)CC1c1ccccc1
fraggfn_drd2,hub_batching,101,101,117,1,0.9690274750761759,c1ccc(C2CCC(CCN3CCCC3)C(c3ccncc3)C2)cc1,O=c1nc(-c2ccccc2C2CCC(CCN3CCCC3)C(c3ccncc3)C2)cc[nH]1
fraggfn_drd2,hub_batching,102,102,118,1,0.9271989376446571,c1ccc(C2CCC(CCN3CCCC3)C(c3ccncc3)C2)cc1,O=c1[nH]cc(C2CCN(CCC3CCC(c4ccccc4)CC3c3ccncc3)C2)c(=O)[nH]1
fraggfn_drd2,hub_batching,103,103,119,1,0.8258958404769453,c1ccc(C2CCC(CCN3CCCC3)C(c3ccncc3)C2)cc1,O=c1[nH]c(C2C(c3ccccc3)CCC(CCN3CCCC3)C2c2ccncc2)nc2[nH]cnc12
fraggfn_drd2,hub_batching,104,104,120,1,0.8169581389013855,c1ccc(C2CCC(CCN3CCCC3)C(c3ccncc3)C2)cc1,O=c1[nH]cnc2c1NC(c1ccccc1C1CCC(CCN3CCCC3)C(c3ccncc3)C1)CN2
fraggfn_drd2,hub_batching,105,105,121,1,0.7725083953005402,c1ccc(C2CCC(CCN3CCCC3)C(c3ccncc3)C2)cc1,O=c1[nH]cnc2c1ncn2C1CC(CCN2CCCC2)C(c2ccncc2)CC1c1ccccc1
fraggfn_drd2,hub_batching,106,106,122,1,0.7307470267091162,c1ccc(C2CCC(CCN3CCCC3)C(c3ccncc3)C2)cc1,O=c1[nH]c(-c2cccc(C3CCC(CCN4CCCC4)C(c4ccncc4)C3)c2)nc2[nH]cnc12
fraggfn_drd2,hub_batching,107,107,123,1,0.7034097140514904,c1ccc(C2CCC(CCN3CCCC3)C(c3ccncc3)C2)cc1,c1ccc(C2CC(c3ccncc3)C(CCN3CCCC3)CC2c2ncnc3[nH]cnc23)cc1
fraggfn_drd2,hub_batching,108,108,124,1,0.66423543283862,c1ccc(C2CCC(CCN3CCCC3)C(c3ccncc3)C2)cc1,O=c1[nH]c(C2CC(c3ccccc3)CC(c3ccncc3)C2CCN2CCCC2)nc2c1NCCN2
fraggfn_drd2,hub_batching,109,109,125,1,0.5120531596104823,c1ccc(C2CCC(CCN3CCCC3)C(c3ccncc3)C2)cc1,c1ccc(C2CCC(CCN3CCCC3)C(c3ccncc3)C2n2cnc3cncnc32)cc1
fraggfn_drd2,hub_batching,110,110,130,5,0.9999979458524861,c1ccc(C2CCCC(CCN3CCCC3)C2c2ccccn2)cc1,Brc1ccnc(C2C(CCN3CCCC3)CCCC2c2ccccc2)c1
fraggfn_drd2,hub_batching,111,111,131,1,0.9999877749160192,c1ccc(C2CCCC(CCN3CCCC3)C2c2ccccn2)cc1,[NH3+]Cc1cccc(C2CCCC(CCN3CCCC3)C2c2ccccn2)c1
fraggfn_drd2,hub_batching,112,112,132,1,0.9973280486962633,c1ccc(C2CCCC(CCN3CCCC3)C2c2ccccn2)cc1,CNC1CCC(c2ccccc2)C(c2ccccn2)C1CCN1CCCC1
fraggfn_drd2,hub_batching,113,113,133,1,0.9942233533326346,c1ccc(C2CCCC(CCN3CCCC3)C2c2ccccn2)cc1,BrC1CC(CCN2CCCC2)C(c2ccccn2)C(c2ccccc2)C1
fraggfn_drd2,hub_batching,114,114,134,1,0.9918140711260904,c1ccc(C2CCCC(CCN3CCCC3)C2c2ccccn2)cc1,CN(C)C1CCC(CCN2CCCC2)C(c2ccccn2)C1c1ccccc1
fraggfn_drd2,hub_batching,115,115,135,1,0.9888083232209834,c1ccc(C2CCCC(CCN3CCCC3)C2c2ccccn2)cc1,c1ccc(C2CCCC(CCN3CCCC3)C2c2ncccc2-c2ccc[nH]2)cc1
fraggfn_drd2,hub_batching,116,116,136,1,0.984367825739798,c1ccc(C2CCCC(CCN3CCCC3)C2c2ccccn2)cc1,c1ccc(C2CCCC(CCN3CCC(c4cc[nH]c4)C3)C2c2ccccn2)cc1
fraggfn_drd2,hub_batching,117,117,137,1,0.9788986534822943,c1ccc(C2CCCC(CCN3CCCC3)C2c2ccccn2)cc1,c1ccc(C2C(CCN3CCCC3)CCCC2c2ccccc2-c2ccc[nH+]c2)nc1
fraggfn_drd2,hub_batching,118,118,138,1,0.94676780627438,c1ccc(C2CCCC(CCN3CCCC3)C2c2ccccn2)cc1,c1ccc(C2CCCC(CCN3CCCC3)C2c2cccc(-c3c[nH]c4ccccc34)n2)cc1
fraggfn_drd2,hub_batching,119,119,139,1,0.8817572968071019,c1ccc(C2CCCC(CCN3CCCC3)C2c2ccccn2)cc1,c1ccc(C2CCCC(CCN3CCCC3c3c[nH]c4ccccc34)C2c2ccccn2)cc1
fraggfn_drd2,hub_batching,120,120,140,1,0.8508693301655444,c1ccc(C2CCCC(CCN3CCCC3)C2c2ccccn2)cc1,O=c1[nH]c(-c2ccc(C3C(CCN4CCCC4)CCCC3c3ccccc3)nc2)nc2[nH]cnc12
fraggfn_drd2,hub_batching,121,121,141,1,0.7302276887234863,c1ccc(C2CCCC(CCN3CCCC3)C2c2ccccn2)cc1,O=c1[nH]cnc2c1NC(c1ccc(C3CCCC(CCN4CCCC4)C3c3ccccn3)cc1)CN2
fraggfn_drd2,hub_batching,122,122,142,1,0.7298643055352699,c1ccc(C2CCCC(CCN3CCCC3)C2c2ccccn2)cc1,O=c1[nH]cnc2c1ncn2-c1cccc(C2C(CCN3CCCC3)CCCC2c2ccccc2)n1
fraggfn_drd2,hub_batching,123,123,143,1,0.7152181207287532,c1ccc(C2CCCC(CCN3CCCC3)C2c2ccccn2)cc1,O=c1[nH]c(C2CCC(CCN3CCCC3)C(c3ccccn3)C2c2ccccc2)nc2c1NCCN2
fraggfn_drd2,hub_batching,124,124,144,1,0.5584324806095533,c1ccc(C2CCCC(CCN3CCCC3)C2c2ccccn2)cc1,c1ccc(C2CCCC(CCN3CCCC3)C2c2ncccc2-n2cnc3cncnc32)cc1
fraggfn_drd2,hub_batching,125,125,145,1,0.5328750972256558,c1ccc(C2CCCC(CCN3CCCC3)C2c2ccccn2)cc1,O=c1ccn(C2CCCN2CCC2CCCC(c3ccccc3)C2c2ccccn2)c(=O)[nH]1
fraggfn_drd2,hub_batching,126,126,150,5,0.9999990756798229,IC1CCC(c2ccccc2CCN2CCCC2)CC1,IC1CCC(c2ccccc2CCN2CCCC2)C(c2cccs2)C1
fraggfn_drd2,hub_batching,127,127,151,1,0.9999974803695769,IC1CCC(c2ccccc2CCN2CCCC2)CC1,IC1CCC(c2ccccc2CCN2CCC(c3cc[nH]c3)C2)CC1
fraggfn_drd2,hub_batching,128,128,152,1,0.9999955022041467,IC1CCC(c2ccccc2CCN2CCCC2)CC1,IC1CCC(c2c(CCN3CCCC3)cccc2-c2ccncc2)CC1
fraggfn_drd2,hub_batching,129,129,153,1,0.9999932655006699,IC1CCC(c2ccccc2CCN2CCCC2)CC1,Brc1ccc(C2CCC(I)CC2)c(CCN2CCCC2)c1
fraggfn_drd2,hub_batching,130,130,154,1,0.9999922441047076,IC1CCC(c2ccccc2CCN2CCCC2)CC1,IC1CCC(c2ccccc2CCN2CCCC2)CC1c1cn[nH]c1
fraggfn_drd2,hub_batching,131,131,155,1,0.9999888939082111,IC1CCC(c2ccccc2CCN2CCCC2)CC1,IC1CCC(c2cc(-c3ccncc3)ccc2CCN2CCCC2)CC1
fraggfn_drd2,hub_batching,132,132,156,1,0.9971031157342924,IC1CCC(c2ccccc2CCN2CCCC2)CC1,COc1cccc(C2CCC(I)CC2)c1CCN1CCCC1
fraggfn_drd2,hub_batching,133,133,157,1,0.9952959239330744,IC1CCC(c2ccccc2CCN2CCCC2)CC1,IC1CCC(c2cccc(-c3c[nH]c4ccccc34)c2CCN2CCCC2)CC1
fraggfn_drd2,hub_batching,134,134,158,1,0.9938065751643881,IC1CCC(c2ccccc2CCN2CCCC2)CC1,O=c1ncccn1C1CC(I)CCC1c1ccccc1CCN1CCCC1
fraggfn_drd2,hub_batching,135,135,159,1,0.9913647344212131,IC1CCC(c2ccccc2CCN2CCCC2)CC1,CC1CCCN1CCc1ccccc1C1CCC(I)CC1
fraggfn_drd2,hub_batching,136,136,160,1,0.9910535869479746,IC1CCC(c2ccccc2CCN2CCCC2)CC1,O=c1ncccn1C1CCN(CCc2ccccc2C2CCC(I)CC2)C1
fraggfn_drd2,hub_batching,137,137,161,1,0.9864711984790351,IC1CCC(c2ccccc2CCN2CCCC2)CC1,O=c1ncccn1-c1cccc(CCN2CCCC2)c1C1CCC(I)CC1
fraggfn_drd2,hub_batching,138,138,162,1,0.9848770853981738,IC1CCC(c2ccccc2CCN2CCCC2)CC1,CNC(=O)c1cccc(CCN2CCCC2)c1C1CCC(I)CC1
fraggfn_drd2,hub_batching,139,139,163,1,0.9685748189691131,IC1CCC(c2ccccc2CCN2CCCC2)CC1,IC1CCC(c2c(CCN3CCCC3)cccc2C2CCCN2)CC1
fraggfn_drd2,hub_batching,140,140,164,1,0.9667895474454649,IC1CCC(c2ccccc2CCN2CCCC2)CC1,O=c1ccn(-c2ccc(CCN3CCCC3)c(C3CCC(I)CC3)c2)c(=O)[nH]1
fraggfn_drd2,hub_batching,141,141,165,1,0.9437355215389068,IC1CCC(c2ccccc2CCN2CCCC2)CC1,O=c1[nH]cnc2c1NC(C1CC(c3ccccc3CCN3CCCC3)CCC1I)CN2
fraggfn_drd2,hub_batching,142,142,166,1,0.9364700311504983,IC1CCC(c2ccccc2CCN2CCCC2)CC1,IC1CCC(c2ccccc2CCN2CCCC2)C(C2CCCCO2)C1
fraggfn_drd2,hub_batching,143,143,167,1,0.9134197498661034,IC1CCC(c2ccccc2CCN2CCCC2)CC1,IC1CCC(c2cc(C3CCCOC3)ccc2CCN2CCCC2)CC1
fraggfn_drd2,hub_batching,144,144,168,1,0.9099462128074509,IC1CCC(c2ccccc2CCN2CCCC2)CC1,O=c1[nH]c(C2CC(I)CCC2c2ccccc2CCN2CCCC2)nc2c1NCCN2
fraggfn_drd2,hub_batching,145,145,169,1,0.9068382151560311,IC1CCC(c2ccccc2CCN2CCCC2)CC1,CC(=O)NCC1CC(I)CCC1c1ccccc1CCN1CCCC1
fraggfn_drd2,hub_batching,146,146,170,1,0.9040811633113586,IC1CCC(c2ccccc2CCN2CCCC2)CC1,O=c1[nH]c(-c2ccc(C3CCC(I)CC3)c(CCN3CCCC3)c2)nc2[nH]cnc12
fraggfn_drd2,hub_batching,147,147,171,1,0.9025352865188875,IC1CCC(c2ccccc2CCN2CCCC2)CC1,IC1CCC(c2cccc(-c3ncnc4[nH]cnc34)c2CCN2CCCC2)CC1
fraggfn_drd2,hub_batching,148,148,172,1,0.8819619217041147,IC1CCC(c2ccccc2CCN2CCCC2)CC1,O=c1[nH]c(-c2cccc(C3CCC(I)CC3)c2CCN2CCCC2)nc2c1NCCN2
fraggfn_drd2,hub_batching,149,149,173,1,0.859077659098565,IC1CCC(c2ccccc2CCN2CCCC2)CC1,IC1CCC(c2ccccc2CCN2CCCC2)CC1n1cnc2cncnc21
fraggfn_drd2,hub_batching,150,150,174,1,0.8576680624675481,IC1CCC(c2ccccc2CCN2CCCC2)CC1,O=c1[nH]cnc2c1ncn2-c1ccc(C2CCC(I)CC2)c(CCN2CCCC2)c1
fraggfn_drd2,hub_batching,151,151,175,1,0.8548957671912103,IC1CCC(c2ccccc2CCN2CCCC2)CC1,IC1CCC(c2c(CCN3CCCC3)cccc2[NH+]2CCOCC2)CC1
fraggfn_drd2,hub_batching,152,152,176,1,0.8317370103553404,IC1CCC(c2ccccc2CCN2CCCC2)CC1,O=c1[nH]c(C2CCCN2CCc2ccccc2C2CCC(I)CC2)nc2[nH]cnc12
fraggfn_drd2,hub_batching,153,153,177,1,0.8307517972369296,IC1CCC(c2ccccc2CCN2CCCC2)CC1,IC1CCC(c2ccccc2CCN2CCCC2)CC1C1CCCOC1
fraggfn_drd2,hub_batching,154,154,178,1,0.8240751473840532,IC1CCC(c2ccccc2CCN2CCCC2)CC1,O=c1nc2[nH]c3ccc(C4CC(I)CCC4c4ccccc4CCN4CCCC4)cc3nc-2c(=O)[nH]1
fraggfn_drd2,hub_batching,155,155,179,1,0.7663060267672533,IC1CCC(c2ccccc2CCN2CCCC2)CC1,O=c1nc2[nH]c3cc(-c4cccc(C5CCC(I)CC5)c4CCN4CCCC4)ccc3nc-2c(=O)[nH]1
fraggfn_drd2,hub_batching,156,156,180,1,0.7549848511020286,IC1CCC(c2ccccc2CCN2CCCC2)CC1,O=c1nc2n(C3CC(I)CCC3c3ccccc3CCN3CCCC3)c3ccccc3nc-2c(=O)[nH]1
fraggfn_drd2,hub_batching,157,157,181,1,0.6864974993896216,IC1CCC(c2ccccc2CCN2CCCC2)CC1,O=c1[nH]cnc2c1ncn2C1CCCN1CCc1ccccc1C1CCC(I)CC1
fraggfn_drd2,hub_batching,158,158,182,1,0.6175614210843853,IC1CCC(c2ccccc2CCN2CCCC2)CC1,IC1CCC(c2cccc(-n3cnc4cncnc43)c2CCN2CCCC2)CC1
fraggfn_drd2,hub_batching,159,159,183,1,0.5506111544462116,IC1CCC(c2ccccc2CCN2CCCC2)CC1,O=c1nc2[nH]c3cc(C4CCCN4CCc4ccccc4C4CCC(I)CC4)ccc3nc-2c(=O)[nH]1
fraggfn_drd2,hub_batching,160,160,188,5,0.9999954246139834,NCC1CCCCC1c1ccccc1CCN1CCCC1,NCC1CC(c2cscn2)CCC1c1ccccc1CCN1CCCC1
fraggfn_drd2,hub_batching,161,161,189,1,0.9999915206095698,NCC1CCCCC1c1ccccc1CCN1CCCC1,NCC1CCCCC1c1ccc(Cl)cc1CCN1CCCC1
fraggfn_drd2,hub_batching,162,162,190,1,0.9999894302960313,NCC1CCCCC1c1ccccc1CCN1CCCC1,NCC1C(c2nccs2)CCCC1c1ccccc1CCN1CCCC1
fraggfn_drd2,hub_batching,163,163,191,1,0.9974497825103757,NCC1CCCCC1c1ccccc1CCN1CCCC1,NCC1CCC(c2ccc[nH]2)CC1c1ccccc1CCN1CCCC1
fraggfn_drd2,hub_batching,164,164,192,1,0.9968108666149865,NCC1CCCCC1c1ccccc1CCN1CCCC1,NCC1CCCC(c2ccncc2)C1c1ccccc1CCN1CCCC1
fraggfn_drd2,hub_batching,165,165,193,1,0.9967506548806888,NCC1CCCCC1c1ccccc1CCN1CCCC1,NCC1CCCCC1c1cccc(-c2ccncc2)c1CCN1CCCC1
fraggfn_drd2,hub_batching,166,166,194,1,0.9966306793213834,NCC1CCCCC1c1ccccc1CCN1CCCC1,NCC1CCCCC1c1ccccc1CCN1CCC(c2cn[nH]c2)C1
fraggfn_drd2,hub_batching,167,167,195,1,0.9966134519250006,NCC1CCCCC1c1ccccc1CCN1CCCC1,NCC1CCCCC1c1c(O)cccc1CCN1CCCC1
fraggfn_drd2,hub_batching,168,168,196,1,0.9960543273413484,NCC1CCCCC1c1ccccc1CCN1CCCC1,c1cnc(NCC2CCCCC2c2ccccc2CCN2CCCC2)nc1
fraggfn_drd2,hub_batching,169,169,197,1,0.9920390198142824,NCC1CCCCC1c1ccccc1CCN1CCCC1,NCC1CCCCC1c1cc(-c2c[nH]c3ccccc23)ccc1CCN1CCCC1
fraggfn_drd2,hub_batching,170,170,198,1,0.9846074540508364,NCC1CCCCC1c1ccccc1CCN1CCCC1,NCC1CCCCC1c1ccccc1CCN1CCCC1c1c[nH]c2ccccc12
fraggfn_drd2,hub_batching,171,171,199,1,0.9794629322352804,NCC1CCCCC1c1ccccc1CCN1CCCC1,NCC1CCCCC1c1cc(-[n+]2ccccc2)ccc1CCN1CCCC1
fraggfn_drd2,hub_batching,172,172,200,1,0.977400142560978,NCC1CCCCC1c1ccccc1CCN1CCCC1,NCC1CC(n2ccc(=O)[nH]c2=O)CCC1c1ccccc1CCN1CCCC1
fraggfn_drd2,hub_batching,173,173,201,1,0.9149110250177908,NCC1CCCCC1c1ccccc1CCN1CCCC1,NCC1CCC(n2cnc3c(=O)[nH]cnc32)CC1c1ccccc1CCN1CCCC1
fraggfn_drd2,hub_batching,174,174,202,1,0.8972483943314222,NCC1CCCCC1c1ccccc1CCN1CCCC1,NCC1CCCCC1c1c(CCN2CCCC2)cccc1-c1nc2[nH]cnc2c(=O)[nH]1
fraggfn_drd2,hub_batching,175,175,203,1,0.8853653088064073,NCC1CCCCC1c1ccccc1CCN1CCCC1,NCC1CCCCC1c1ccccc1CCN1CCCC1n1cccnc1=O
fraggfn_drd2,hub_batching,176,176,204,1,0.874093050518003,NCC1CCCCC1c1ccccc1CCN1CCCC1,NCC1CCCCC1c1cccc(-n2ccc(=O)[nH]c2=O)c1CCN1CCCC1
fraggfn_drd2,hub_batching,177,177,205,1,0.8153956588040314,NCC1CCCCC1c1ccccc1CCN1CCCC1,NCC1CCCCC1c1cc(C2CNc3nc[nH]c(=O)c3N2)ccc1CCN1CCCC1
fraggfn_drd2,hub_batching,178,178,206,1,0.8028281458790788,NCC1CCCCC1c1ccccc1CCN1CCCC1,NCC1CCCCC1c1cc(-c2ncnc3[nH]cnc23)ccc1CCN1CCCC1
fraggfn_drd2,hub_batching,179,179,207,1,0.7851597035614482,NCC1CCCCC1c1ccccc1CCN1CCCC1,NCC1CCCCC1c1ccccc1CCN1CCC(n2cnc3cncnc32)C1
fraggfn_drd2,hub_batching,180,180,208,1,0.7630064226307981,NCC1CCCCC1c1ccccc1CCN1CCCC1,NCC1CCCCC1c1ccccc1CCN1CCCC1C1CCCN1
fraggfn_drd2,hub_batching,181,181,209,1,0.7062497603103673,NCC1CCCCC1c1ccccc1CCN1CCCC1,NCC1CCCCC1c1ccccc1CCN1CCC(C2CNc3nc[nH]c(=O)c3N2)C1
fraggfn_drd2,hub_batching,182,182,210,1,0.7057514191175326,NCC1CCCCC1c1ccccc1CCN1CCCC1,O=c1nc2[nH]c3cc(NCC4CCCCC4c4ccccc4CCN4CCCC4)ccc3nc-2c(=O)[nH]1
fraggfn_drd2,hub_batching,183,183,211,1,0.6868677595997004,NCC1CCCCC1c1ccccc1CCN1CCCC1,NCC1CCCCC1c1ccc(-n2c3nc(=O)[nH]c(=O)c-3nc3ccccc32)cc1CCN1CCCC1
fraggfn_drd2,hub_batching,184,184,212,1,0.6510203368996526,NCC1CCCCC1c1ccccc1CCN1CCCC1,NCC1C(c2ccccc2CCN2CCCC2)CCCC1C1CCCNC1
fraggfn_drd2,hub_batching,185,185,213,1,0.6467773257140748,NCC1CCCCC1c1ccccc1CCN1CCCC1,NCC1CCCCC1c1cc(-c2nc3c(c(=O)[nH]2)NCCN3)ccc1CCN1CCCC1
fraggfn_drd2,hub_batching,186,186,214,1,0.6415406555336971,NCC1CCCCC1c1ccccc1CCN1CCCC1,NCC1CCCCC1c1cc(-c2ccc3[nH]c4nc(=O)[nH]c(=O)c-4nc3c2)ccc1CCN1CCCC1
fraggfn_drd2,hub_batching,187,187,215,1,0.610134617082717,NCC1CCCCC1c1ccccc1CCN1CCCC1,NCC1CC([NH+]2CCOCC2)CCC1c1ccccc1CCN1CCCC1
fraggfn_drd2,hub_batching,188,188,216,1,0.6048921501142035,NCC1CCCCC1c1ccccc1CCN1CCCC1,NCC1CCCCC1c1cc(-n2cnc3cncnc32)ccc1CCN1CCCC1
fraggfn_drd2,hub_batching,189,189,221,5,0.9999993802560164,c1ccc(C2CCCC(c3cscn3)C2)c(CCN2CCCC2)c1,Brc1ccc(CCN2CCCC2)c(C2CCCC(c3cscn3)C2)c1
fraggfn_drd2,hub_batching,190,190,222,1,0.9999964172120628,c1ccc(C2CCCC(c3cscn3)C2)c(CCN2CCCC2)c1,COc1cccc(CCN2CCCC2)c1C1CCCC(c2cscn2)C1
fraggfn_drd2,hub_batching,191,191,223,1,0.999995055998281,c1ccc(C2CCCC(c3cscn3)C2)c(CCN2CCCC2)c1,Brc1nc(C2CCCC(c3ccccc3CCN3CCCC3)C2)cs1
fraggfn_drd2,hub_batching,192,192,224,1,0.9999812174174177,c1ccc(C2CCCC(c3cscn3)C2)c(CCN2CCCC2)c1,CNC1CCN(CCc2ccccc2C2CCCC(c3cscn3)C2)C1
fraggfn_drd2,hub_batching,193,193,225,1,0.995197752320111,c1ccc(C2CCCC(c3cscn3)C2)c(CCN2CCCC2)c1,c1ccc(C2CCCC(c3cscn3)C2c2cc[nH]c2)c(CCN2CCCC2)c1
fraggfn_drd2,hub_batching,194,194,226,1,0.9942411625232855,c1ccc(C2CCCC(c3cscn3)C2)c(CCN2CCCC2)c1,c1c[nH]c(-c2cccc(C3CCCC(c4cscn4)C3)c2CCN2CCCC2)c1
fraggfn_drd2,hub_batching,195,195,227,1,0.9938351894474465,c1ccc(C2CCCC(c3cscn3)C2)c(CCN2CCCC2)c1,O=CNC1CCC(c2ccccc2CCN2CCCC2)CC1c1cscn1
fraggfn_drd2,hub_batching,196,196,228,1,0.9833431708932352,c1ccc(C2CCCC(c3cscn3)C2)c(CCN2CCCC2)c1,c1ccc2c(-c3ccc(C4CCCC(c5cscn5)C4)c(CCN4CCCC4)c3)c[nH]c2c1
fraggfn_drd2,hub_batching,197,197,229,1,0.980579803784052,c1ccc(C2CCCC(c3cscn3)C2)c(CCN2CCCC2)c1,c1ccc(C2CC(c3cn[nH]c3)CC(c3cscn3)C2)c(CCN2CCCC2)c1
fraggfn_drd2,hub_batching,198,198,230,1,0.7680194503850103,c1ccc(C2CCCC(c3cscn3)C2)c(CCN2CCCC2)c1,O=c1[nH]cnc2c1NC(C1CCCN1CCc1ccccc1C1CCCC(c3cscn3)C1)CN2
fraggfn_drd2,hub_batching,199,199,231,1,0.6625156007335006,c1ccc(C2CCCC(c3cscn3)C2)c(CCN2CCCC2)c1,c1ccc(C2CCCC(c3cscn3)C2n2cnc3cncnc32)c(CCN2CCCC2)c1
fraggfn_drd2,hub_batching,200,200,232,1,0.5,c1ccc(C2CCCC(c3cscn3)C2)c(CCN2CCCC2)c1,c1ncc2ncn(-c3ccc(C4CCCC(c5cscn5)C4)c(CCN4CCCC4)c3)c2n1
fraggfn_drd2,hub_batching,201,201,237,5,0.999992931733258,c1ccc(C2CC(CCN3CCCC3)CCC2c2ccc[nH]2)cc1,Brc1ccc(C2CC(CCN3CCCC3)CCC2c2ccc[nH]2)cc1
fraggfn_drd2,hub_batching,202,202,238,1,0.9963755104593591,c1ccc(C2CC(CCN3CCCC3)CCC2c2ccc[nH]2)cc1,CCc1c[nH]c(C2CCC(CCN3CCCC3)CC2c2ccccc2)c1
fraggfn_drd2,hub_batching,203,203,239,1,0.995852872943763,c1ccc(C2CC(CCN3CCCC3)CCC2c2ccc[nH]2)cc1,NC1C(CCN2CCCC2)CCC(c2ccc[nH]2)C1c1ccccc1
fraggfn_drd2,hub_batching,204,204,240,1,0.9921781360900688,c1ccc(C2CC(CCN3CCCC3)CCC2c2ccc[nH]2)cc1,NC1CC(CCN2CCCC2)CC(c2ccccc2)C1c1ccc[nH]1
fraggfn_drd2,hub_batching,205,205,241,1,0.9910377490256027,c1ccc(C2CC(CCN3CCCC3)CCC2c2ccc[nH]2)cc1,c1ccc(C2CC(CCN3CCCC3)C(c3cn[nH]c3)CC2c2ccc[nH]2)cc1
fraggfn_drd2,hub_batching,206,206,242,1,0.9810879506518561,c1ccc(C2CC(CCN3CCCC3)CCC2c2ccc[nH]2)cc1,c1ccc(C2CC(CCN3CCC(c4ccn[nH]4)C3)CCC2c2ccc[nH]2)cc1
fraggfn_drd2,hub_batching,207,207,243,1,0.9784953846360213,c1ccc(C2CC(CCN3CCCC3)CCC2c2ccc[nH]2)cc1,O=c1ncccn1-c1ccccc1C1CC(CCN2CCCC2)CCC1c1ccc[nH]1
fraggfn_drd2,hub_batching,208,208,244,1,0.9656319226406722,c1ccc(C2CC(CCN3CCCC3)CCC2c2ccc[nH]2)cc1,c1c[nH]c(C2CCC(CCN3CCCC3)CC2c2ccccc2-c2c[nH]c3ccccc23)c1
fraggfn_drd2,hub_batching,209,209,245,1,0.9361747048612453,c1ccc(C2CC(CCN3CCCC3)CCC2c2ccc[nH]2)cc1,c1ccc(C2CC(CCN3CCCC3c3cc[nH]n3)CCC2c2ccc[nH]2)cc1
fraggfn_drd2,hub_batching,210,210,246,1,0.867842326253406,c1ccc(C2CC(CCN3CCCC3)CCC2c2ccc[nH]2)cc1,c1ccc(C2CC(CCN3CCCC3)C(n3cnc4cncnc43)CC2c2ccc[nH]2)cc1
fraggfn_drd2,hub_batching,211,211,247,1,0.7633999360528481,c1ccc(C2CC(CCN3CCCC3)CCC2c2ccc[nH]2)cc1,O=c1[nH]cnc2c1ncn2-c1cccc(C2CC(CCN3CCCC3)CCC2c2ccc[nH]2)c1
fraggfn_drd2,hub_batching,212,212,248,1,0.7413007006170014,c1ccc(C2CC(CCN3CCCC3)CCC2c2ccc[nH]2)cc1,O=c1[nH]c(-c2cccc(C3CC(CCN4CCCC4)CCC3c3ccc[nH]3)c2)nc2c1NCCN2
fraggfn_drd2,hub_batching,213,213,253,5,0.999993221747615,c1ccc(C2CCCC(c3ccc(CCN4CCCC4)cc3)C2)nc1,Nc1cc(C2CCCC(c3ccccn3)C2)ccc1CCN1CCCC1
fraggfn_drd2,hub_batching,214,214,254,1,0.9999883642246808,c1ccc(C2CCCC(c3ccc(CCN4CCCC4)cc3)C2)nc1,Brc1cc(CCN2CCCC2)ccc1C1CCCC(c2ccccn2)C1
fraggfn_drd2,hub_batching,215,215,255,1,0.9999855597230268,c1ccc(C2CCCC(c3ccc(CCN4CCCC4)cc3)C2)nc1,Brc1ccnc(C2CCCC(c3ccc(CCN4CCCC4)cc3)C2)c1
fraggfn_drd2,hub_batching,216,216,256,1,0.992741297873042,c1ccc(C2CCCC(c3ccc(CCN4CCCC4)cc3)C2)nc1,CNC1CCC(c2ccc(CCN3CCCC3)cc2)CC1c1ccccn1
fraggfn_drd2,hub_batching,217,217,257,1,0.9871425788046838,c1ccc(C2CCCC(c3ccc(CCN4CCCC4)cc3)C2)nc1,CNC1CCN(CCc2ccc(C3CCCC(c4ccccn4)C3)cc2)C1
fraggfn_drd2,hub_batching,218,218,258,1,0.9770042253888747,c1ccc(C2CCCC(c3ccc(CCN4CCCC4)cc3)C2)nc1,N#CC1C(c2ccc(CCN3CCCC3)cc2)CCCC1c1ccccn1
fraggfn_drd2,hub_batching,219,219,259,1,0.9736706014934645,c1ccc(C2CCCC(c3ccc(CCN4CCCC4)cc3)C2)nc1,c1ccc(C2CCC(c3cc[nH]c3)C(c3ccc(CCN4CCCC4)cc3)C2)nc1
fraggfn_drd2,hub_batching,220,220,260,1,0.9654178760267218,c1ccc(C2CCCC(c3ccc(CCN4CCCC4)cc3)C2)nc1,N=C(N)C1CC(c2ccc(CCN3CCCC3)cc2)CC(c2ccccn2)C1
fraggfn_drd2,hub_batching,221,221,261,1,0.9650972697141921,c1ccc(C2CCCC(c3ccc(CCN4CCCC4)cc3)C2)nc1,c1ccc(-c2cccnc2C2CCCC(c3ccc(CCN4CCCC4)cc3)C2)cc1
fraggfn_drd2,hub_batching,222,222,262,1,0.9593941479436915,c1ccc(C2CCCC(c3ccc(CCN4CCCC4)cc3)C2)nc1,c1ccc2c(-c3ccc(C4CCCC(c5ccc(CCN6CCCC6)cc5)C4)nc3)c[nH]c2c1
fraggfn_drd2,hub_batching,223,223,263,1,0.9429073583322855,c1ccc(C2CCCC(c3ccc(CCN4CCCC4)cc3)C2)nc1,c1cc(-c2cn[nH]c2)nc(C2CCCC(c3ccc(CCN4CCCC4)cc3)C2)c1
fraggfn_drd2,hub_batching,224,224,264,1,0.7913565714197601,c1ccc(C2CCCC(c3ccc(CCN4CCCC4)cc3)C2)nc1,O=c1[nH]cc(C2CCCN2CCc2ccc(C3CCCC(c4ccccn4)C3)cc2)c(=O)[nH]1
fraggfn_drd2,hub_batching,225,225,265,1,0.783645451033092,c1ccc(C2CCCC(c3ccc(CCN4CCCC4)cc3)C2)nc1,O=c1[nH]cnc2c1NC(C1C(c3ccc(CCN4CCCC4)cc3)CCCC1c1ccccn1)CN2
fraggfn_drd2,hub_batching,226,226,266,1,0.7305926683668675,c1ccc(C2CCCC(c3ccc(CCN4CCCC4)cc3)C2)nc1,O=c1[nH]c(C2C(c3ccc(CCN4CCCC4)cc3)CCCC2c2ccccn2)nc2[nH]cnc12
fraggfn_drd2,hub_batching,227,227,267,1,0.6198568685647525,c1ccc(C2CCCC(c3ccc(CCN4CCCC4)cc3)C2)nc1,O=c1[nH]cnc2c1NC(c1ccc(C3CCCC(c4ccc(CCN5CCCC5)cc4)C3)nc1)CN2
fraggfn_drd2,hub_batching,228,228,268,1,0.5867903092991267,c1ccc(C2CCCC(c3ccc(CCN4CCCC4)cc3)C2)nc1,O=c1[nH]cnc2c1ncn2-c1cccnc1C1CCCC(c2ccc(CCN3CCCC3)cc2)C1
fraggfn_drd2,hub_batching,229,229,273,5,0.9999963325691996,Clc1ccccc1C1CCC(CCN2CCCC2)CC1,C=C(C)c1ccc(C2CCC(CCN3CCCC3)CC2)c(Cl)c1
fraggfn_drd2,hub_batching,230,230,274,1,0.9999961933582624,Clc1ccccc1C1CCC(CCN2CCCC2)CC1,CCc1cccc(Cl)c1C1CCC(CCN2CCCC2)CC1
fraggfn_drd2,hub_batching,231,231,275,1,0.9999895695898903,Clc1ccccc1C1CCC(CCN2CCCC2)CC1,C[SH+]c1cccc(C2CCC(CCN3CCCC3)CC2)c1Cl
fraggfn_drd2,hub_batching,232,232,276,1,0.9999860804578126,Clc1ccccc1C1CCC(CCN2CCCC2)CC1,Clc1ccccc1C1CCC(CCN2CCC(c3cc[nH]c3)C2)CC1
fraggfn_drd2,hub_batching,233,233,277,1,0.9999819772037668,Clc1ccccc1C1CCC(CCN2CCCC2)CC1,Clc1ccccc1C1CCC(CCN2CCCC2)C(c2c[nH]c3ccccc23)C1
fraggfn_drd2,hub_batching,234,234,278,1,0.9969506553897057,Clc1ccccc1C1CCC(CCN2CCCC2)CC1,NCc1ccc(Cl)c(C2CCC(CCN3CCCC3)CC2)c1
fraggfn_drd2,hub_batching,235,235,279,1,0.995944166111398,Clc1ccccc1C1CCC(CCN2CCCC2)CC1,Clc1ccccc1C1CCC(CCN2CCCC2)CC1c1cccs1
fraggfn_drd2,hub_batching,236,236,280,1,0.9920435189676431,Clc1ccccc1C1CCC(CCN2CCCC2)CC1,CNC1CC(c2ccccc2Cl)CCC1CCN1CCCC1
fraggfn_drd2,hub_batching,237,237,281,1,0.9918235268073942,Clc1ccccc1C1CCC(CCN2CCCC2)CC1,Clc1c(-c2c[nH]c3ccccc23)cccc1C1CCC(CCN2CCCC2)CC1
fraggfn_drd2,hub_batching,238,238,282,1,0.9892934053363293,Clc1ccccc1C1CCC(CCN2CCCC2)CC1,O=c1ncccn1C1CC(CCN2CCCC2)CCC1c1ccccc1Cl
fraggfn_drd2,hub_batching,239,239,283,1,0.9878616911703575,Clc1ccccc1C1CCC(CCN2CCCC2)CC1,O=c1ncccn1-c1ccc(C2CCC(CCN3CCCC3)CC2)c(Cl)c1
fraggfn_drd2,hub_batching,240,240,284,1,0.9823331764980865,Clc1ccccc1C1CCC(CCN2CCCC2)CC1,C=C(C)C1CCCN1CCC1CCC(c2ccccc2Cl)CC1
fraggfn_drd2,hub_batching,241,241,285,1,0.9808323884086518,Clc1ccccc1C1CCC(CCN2CCCC2)CC1,Clc1ccccc1C1CCC(CCN2CCCC2c2c[nH]c3ccccc23)CC1
fraggfn_drd2,hub_batching,242,242,286,1,0.9748035234685659,Clc1ccccc1C1CCC(CCN2CCCC2)CC1,O=c1nc(-c2ccc(C3CCC(CCN4CCCC4)CC3)c(Cl)c2)cc[nH]1
fraggfn_drd2,hub_batching,243,243,287,1,0.9605741436192392,Clc1ccccc1C1CCC(CCN2CCCC2)CC1,CC(=O)NCC1CC(CCN2CCCC2)CCC1c1ccccc1Cl
fraggfn_drd2,hub_batching,244,244,288,1,0.9600183291356716,Clc1ccccc1C1CCC(CCN2CCCC2)CC1,Clc1ccccc1C1CCC(CCN2CCCC2)CC1C1CCCCO1
fraggfn_drd2,hub_batching,245,245,289,1,0.9546243339387838,Clc1ccccc1C1CCC(CCN2CCCC2)CC1,O=c1[nH]cnc2c1NC(c1cccc(Cl)c1C1CCC(CCN3CCCC3)CC1)CN2
fraggfn_drd2,hub_batching,246,246,290,1,0.9504332403318887,Clc1ccccc1C1CCC(CCN2CCCC2)CC1,O=c1[nH]cnc2c1NC(C1CC(CCN3CCCC3)CCC1c1ccccc1Cl)CN2
fraggfn_drd2,hub_batching,247,247,291,1,0.9418254359993304,Clc1ccccc1C1CCC(CCN2CCCC2)CC1,Clc1cccc(-c2ccc3ccccc3c2)c1C1CCC(CCN2CCCC2)CC1
fraggfn_drd2,hub_batching,248,248,292,1,0.9115970683026887,Clc1ccccc1C1CCC(CCN2CCCC2)CC1,O=c1[nH]c(-c2cccc(C3CCC(CCN4CCCC4)CC3)c2Cl)nc2[nH]cnc12
fraggfn_drd2,hub_batching,249,249,293,1,0.8953283955454963,Clc1ccccc1C1CCC(CCN2CCCC2)CC1,O=c1[nH]c(C2CC(CCN3CCCC3)CCC2c2ccccc2Cl)nc2[nH]cnc12
fraggfn_drd2,hub_batching,250,250,294,1,0.8862218736389905,Clc1ccccc1C1CCC(CCN2CCCC2)CC1,O=c1[nH]cnc2c1ncn2C1CC(c2ccccc2Cl)CCC1CCN1CCCC1
fraggfn_drd2,hub_batching,251,251,295,1,0.8750454533871352,Clc1ccccc1C1CCC(CCN2CCCC2)CC1,O=c1[nH]c(-c2cccc(Cl)c2C2CCC(CCN3CCCC3)CC2)nc2c1NCCN2
fraggfn_drd2,hub_batching,252,252,296,1,0.8656249978679322,Clc1ccccc1C1CCC(CCN2CCCC2)CC1,O=c1[nH]cnc2c1ncn2-c1cccc(C2CCC(CCN3CCCC3)CC2)c1Cl
fraggfn_drd2,hub_batching,253,253,297,1,0.83312132375905,Clc1ccccc1C1CCC(CCN2CCCC2)CC1,O=c1[nH]cnc2c1ncn2C1CCN(CCC2CCC(c3ccccc3Cl)CC2)C1
fraggfn_drd2,hub_batching,254,254,298,1,0.8266841128511087,Clc1ccccc1C1CCC(CCN2CCCC2)CC1,Clc1cccc(-c2ncnc3[nH]cnc23)c1C1CCC(CCN2CCCC2)CC1
fraggfn_drd2,hub_batching,255,255,299,1,0.8053249134303869,Clc1ccccc1C1CCC(CCN2CCCC2)CC1,O=c1ncccn1C1CCCN1CCC1CCC(c2ccccc2Cl)CC1
fraggfn_drd2,hub_batching,256,256,300,1,0.7909870757809992,Clc1ccccc1C1CCC(CCN2CCCC2)CC1,O=c1nc2[nH]c3cc(C4CC(c5ccccc5Cl)CCC4CCN4CCCC4)ccc3nc-2c(=O)[nH]1
fraggfn_drd2,hub_batching,257,257,301,1,0.7285147685580392,Clc1ccccc1C1CCC(CCN2CCCC2)CC1,O=c1nc2n(-c3cccc(Cl)c3C3CCC(CCN4CCCC4)CC3)c3ccccc3nc-2c(=O)[nH]1
fraggfn_drd2,hub_batching,258,258,302,1,0.6789164794935012,Clc1ccccc1C1CCC(CCN2CCCC2)CC1,O=c1[nH]c(C2CCCN2CCC2CCC(c3ccccc3Cl)CC2)nc2c1NCCN2
fraggfn_drd2,hub_batching,259,259,303,1,0.6762264712618473,Clc1ccccc1C1CCC(CCN2CCCC2)CC1,O=c1nc2[nH]c3ccc(-c4cccc(C5CCC(CCN6CCCC6)CC5)c4Cl)cc3nc-2c(=O)[nH]1
fraggfn_drd2,hub_batching,260,260,304,1,0.6059716190657367,Clc1ccccc1C1CCC(CCN2CCCC2)CC1,O=c1nc2n(C3CCN(CCC4CCC(c5ccccc5Cl)CC4)C3)c3ccccc3nc-2c(=O)[nH]1
fraggfn_drd2,hub_batching,261,261,305,1,0.6002869483363854,Clc1ccccc1C1CCC(CCN2CCCC2)CC1,Clc1cccc(-n2cnc3cncnc32)c1C1CCC(CCN2CCCC2)CC1
fraggfn_drd2,hub_batching,262,262,306,1,0.5924425630896137,Clc1ccccc1C1CCC(CCN2CCCC2)CC1,O=c1nc2[nH]c3ccc(C4CCCN4CCC4CCC(c5ccccc5Cl)CC4)cc3nc-2c(=O)[nH]1
fraggfn_drd2,hub_batching,263,263,311,5,0.9999973473973542,c1ccc(C2CCC(c3nccs3)CC2)c(CCN2CCCC2)c1,Brc1ccc(CCN2CCCC2)c(C2CCC(c3nccs3)CC2)c1
fraggfn_drd2,hub_batching,264,264,312,1,0.9999809905974756,c1ccc(C2CCC(c3nccs3)CC2)c(CCN2CCCC2)c1,Clc1csc(C2CCC(c3ccccc3CCN3CCCC3)CC2)n1
fraggfn_drd2,hub_batching,265,265,313,1,0.9966142005074923,c1ccc(C2CCC(c3nccs3)CC2)c(CCN2CCCC2)c1,N=Cc1cccc(CCN2CCCC2)c1C1CCC(c2nccs2)CC1
fraggfn_drd2,hub_batching,266,266,314,1,0.9962668624385419,c1ccc(C2CCC(c3nccs3)CC2)c(CCN2CCCC2)c1,C[SH+]c1cccc(C2CCC(c3nccs3)CC2)c1CCN1CCCC1
fraggfn_drd2,hub_batching,267,267,315,1,0.9952627592281095,c1ccc(C2CCC(c3nccs3)CC2)c(CCN2CCCC2)c1,BrC1CCN(CCc2ccccc2C2CCC(c3nccs3)CC2)C1
fraggfn_drd2,hub_batching,268,268,316,1,0.9952553854052268,c1ccc(C2CCC(c3nccs3)CC2)c(CCN2CCCC2)c1,c1ccc(C2CCC(c3nccs3)CC2c2cc[nH]c2)c(CCN2CCCC2)c1
fraggfn_drd2,hub_batching,269,269,317,1,0.9889824220782304,c1ccc(C2CCC(c3nccs3)CC2)c(CCN2CCCC2)c1,c1ccc(C2CCC(c3nccs3)C(C3CCCN3)C2)c(CCN2CCCC2)c1
fraggfn_drd2,hub_batching,270,270,318,1,0.9079126602292794,c1ccc(C2CCC(c3nccs3)CC2)c(CCN2CCCC2)c1,O=c1[nH]cc(-c2ccc(C3CCC(c4nccs4)CC3)c(CCN3CCCC3)c2)c(=O)[nH]1
fraggfn_drd2,hub_batching,271,271,319,1,0.8957904235000289,c1ccc(C2CCC(c3nccs3)CC2)c(CCN2CCCC2)c1,O=c1[nH]cc(C2CCCN2CCc2ccccc2C2CCC(c3nccs3)CC2)c(=O)[nH]1
fraggfn_drd2,hub_batching,272,272,320,1,0.8129958793445513,c1ccc(C2CCC(c3nccs3)CC2)c(CCN2CCCC2)c1,O=c1[nH]c(-c2cccc(C3CCC(c4nccs4)CC3)c2CCN2CCCC2)nc2[nH]cnc12
fraggfn_drd2,hub_batching,273,273,321,1,0.6091384426152556,c1ccc(C2CCC(c3nccs3)CC2)c(CCN2CCCC2)c1,O=c1[nH]cnc2c1ncn2-c1cccc(CCN2CCCC2)c1C1CCC(c2nccs2)CC1
fraggfn_drd2,hub_batching,274,274,326,5,0.9999980459791519,Brc1cccc(C2CCCCC2CCN2CCCC2)c1,Brc1cccc(C2CC(c3cn[nH]c3)CCC2CCN2CCCC2)c1
fraggfn_drd2,hub_batching,275,275,327,1,0.9999975473801507,Brc1cccc(C2CCCCC2CCN2CCCC2)c1,Brc1cccc(C2CCC(c3ccc[nH]3)CC2CCN2CCCC2)c1
fraggfn_drd2,hub_batching,276,276,328,1,0.9999972285285236,Brc1cccc(C2CCCCC2CCN2CCCC2)c1,CNC1CCCC(c2cccc(Br)c2)C1CCN1CCCC1
fraggfn_drd2,hub_batching,277,277,329,1,0.9999962374337535,Brc1cccc(C2CCCCC2CCN2CCCC2)c1,CCc1ccc(Br)cc1C1CCCCC1CCN1CCCC1
fraggfn_drd2,hub_batching,278,278,330,1,0.9999960573423291,Brc1cccc(C2CCCCC2CCN2CCCC2)c1,Brc1cccc(C2C(CCN3CCCC3)CCCC2c2c[nH]c3ccccc23)c1
fraggfn_drd2,hub_batching,279,279,331,1,0.9999924727000162,Brc1cccc(C2CCCCC2CCN2CCCC2)c1,Brc1cccc(C2CCCCC2CCN2CCC(c3cc[nH]c3)C2)c1
fraggfn_drd2,hub_batching,280,280,332,1,0.999987409818432,Brc1cccc(C2CCCCC2CCN2CCCC2)c1,C[SH+]c1ccc(C2CCCCC2CCN2CCCC2)cc1Br
fraggfn_drd2,hub_batching,281,281,333,1,0.9974243347795261,Brc1cccc(C2CCCCC2CCN2CCCC2)c1,CN(C)C1CCCC(CCN2CCCC2)C1c1cccc(Br)c1
fraggfn_drd2,hub_batching,282,282,334,1,0.9972659511600741,Brc1cccc(C2CCCCC2CCN2CCCC2)c1,O=c1ncccn1C1CCC(CCN2CCCC2)C(c2cccc(Br)c2)C1
fraggfn_drd2,hub_batching,283,283,335,1,0.9969171828363743,Brc1cccc(C2CCCCC2CCN2CCCC2)c1,CC(C)c1c(Br)cccc1C1CCCCC1CCN1CCCC1
fraggfn_drd2,hub_batching,284,284,336,1,0.9936137698058825,Brc1cccc(C2CCCCC2CCN2CCCC2)c1,Brc1ccc(-c2c[nH]c3ccccc23)c(C2CCCCC2CCN2CCCC2)c1
fraggfn_drd2,hub_batching,285,285,337,1,0.9924862100060465,Brc1cccc(C2CCCCC2CCN2CCCC2)c1,CC(=O)NCC1CCC(CCN2CCCC2)C(c2cccc(Br)c2)C1
fraggfn_drd2,hub_batching,286,286,338,1,0.9908008962285961,Brc1cccc(C2CCCCC2CCN2CCCC2)c1,Brc1cc(-c2ccncc2)cc(C2CCCCC2CCN2CCCC2)c1
fraggfn_drd2,hub_batching,287,287,339,1,0.9870963899247158,Brc1cccc(C2CCCCC2CCN2CCCC2)c1,C=C(C)C1CCCN1CCC1CCCCC1c1cccc(Br)c1
fraggfn_drd2,hub_batching,288,288,340,1,0.9861156010611455,Brc1cccc(C2CCCCC2CCN2CCCC2)c1,Brc1cccc(C2CC(C3CCCCO3)CCC2CCN2CCCC2)c1
fraggfn_drd2,hub_batching,289,289,341,1,0.9752819145675354,Brc1cccc(C2CCCCC2CCN2CCCC2)c1,O=c1ncccn1-c1c(Br)cccc1C1CCCCC1CCN1CCCC1
fraggfn_drd2,hub_batching,290,290,342,1,0.9742891457841347,Brc1cccc(C2CCCCC2CCN2CCCC2)c1,O=c1[nH]cnc2c1NC(C1CCC(CCN3CCCC3)C(c3cccc(Br)c3)C1)CN2
fraggfn_drd2,hub_batching,291,291,343,1,0.9672678103737966,Brc1cccc(C2CCCCC2CCN2CCCC2)c1,Brc1cccc(C2CCCCC2CCN2CCCC2)c1-c1cccc2ccccc12
fraggfn_drd2,hub_batching,292,292,344,1,0.9590516774567629,Brc1cccc(C2CCCCC2CCN2CCCC2)c1,O=c1[nH]cnc2c1ncn2C1CCC(c2cccc(Br)c2)C(CCN2CCCC2)C1
fraggfn_drd2,hub_batching,293,293,345,1,0.9487577036953794,Brc1cccc(C2CCCCC2CCN2CCCC2)c1,O=c1[nH]c(C2CCCC(c3cccc(Br)c3)C2CCN2CCCC2)nc2[nH]cnc12
fraggfn_drd2,hub_batching,294,294,346,1,0.9005472630233106,Brc1cccc(C2CCCCC2CCN2CCCC2)c1,O=c1[nH]c(-c2c(Br)cccc2C2CCCCC2CCN2CCCC2)nc2c1NCCN2
fraggfn_drd2,hub_batching,295,295,347,1,0.8800869796109825,Brc1cccc(C2CCCCC2CCN2CCCC2)c1,Brc1cccc(C2C(CCN3CCCC3)CCCC2n2cnc3cncnc32)c1
fraggfn_drd2,hub_batching,296,296,348,1,0.8800739124647874,Brc1cccc(C2CCCCC2CCN2CCCC2)c1,O=c1nc2n(C3CCC(CCN4CCCC4)C(c4cccc(Br)c4)C3)c3ccccc3nc-2c(=O)[nH]1
fraggfn_drd2,hub_batching,297,297,349,1,0.8754393196411069,Brc1cccc(C2CCCCC2CCN2CCCC2)c1,O=c1[nH]c(-c2ccc(C3CCCCC3CCN3CCCC3)cc2Br)nc2[nH]cnc12
fraggfn_drd2,hub_batching,298,298,350,1,0.8243047529063099,Brc1cccc(C2CCCCC2CCN2CCCC2)c1,Brc1cccc(C2CCCCC2CCN2CCCC2)c1-c1ncnc2[nH]cnc12
fraggfn_drd2,hub_batching,299,299,351,1,0.770308562871136,Brc1cccc(C2CCCCC2CCN2CCCC2)c1,O=c1[nH]cnc2c1ncn2-c1cc(Br)cc(C2CCCCC2CCN2CCCC2)c1
fraggfn_drd2,hub_batching,300,300,352,1,0.7239093791312126,Brc1cccc(C2CCCCC2CCN2CCCC2)c1,O=c1nc2[nH]c3cc(-c4c(Br)cccc4C4CCCCC4CCN4CCCC4)ccc3nc-2c(=O)[nH]1
fraggfn_drd2,greedy_oracle,1,1,5,5,0.9999993111064392,Brc1ccc(C2CCCC(CCN3CCCC3)C2)cc1,Brc1ccc(C2CCC(c3c[nH]c4ccccc34)C(CCN3CCCC3)C2)cc1
fraggfn_drd2,greedy_oracle,2,2,6,1,0.9999987016249428,Brc1ccc(C2CCCC(CCN3CCCC3)C2)cc1,Brc1ccc(C2CCCC(CCN3CCC(c4c[nH]c5ccccc45)C3)C2)cc1
fraggfn_drd2,greedy_oracle,3,3,7,1,0.9999985684369624,Brc1ccc(C2CCCC(CCN3CCCC3)C2)cc1,CC1CCC(CCN2CCCC2)CC1c1ccc(Br)cc1
fraggfn_drd2,greedy_oracle,4,4,8,1,0.9999973164757557,Brc1ccc(C2CCCC(CCN3CCCC3)C2)cc1,CNC1CCC(c2ccc(Br)cc2)CC1CCN1CCCC1
fraggfn_drd2,greedy_oracle,5,5,9,1,0.9999969957648668,Brc1ccc(C2CCCC(CCN3CCCC3)C2)cc1,Brc1ccc(C2CC(CCN3CCCC3)CC(c3ccccn3)C2)cc1
fraggfn_drd2,greedy_oracle,6,6,10,1,0.9999969554431,Brc1ccc(C2CCCC(CCN3CCCC3)C2)cc1,C=C(C)C1C(CCN2CCCC2)CCCC1c1ccc(Br)cc1
fraggfn_drd2,greedy_oracle,7,7,11,1,0.9999961949554838,Brc1ccc(C2CCCC(CCN3CCCC3)C2)cc1,Brc1ccc(C2CCCC(CCN3CCCC3)C2c2cccs2)cc1
fraggfn_drd2,greedy_oracle,8,8,12,1,0.9999958480106262,Brc1ccc(C2CCCC(CCN3CCCC3)C2)cc1,CCc1cc(Br)ccc1C1CCCC(CCN2CCCC2)C1
fraggfn_drd2,greedy_oracle,9,9,13,1,0.9999938141397345,Brc1ccc(C2CCCC(CCN3CCCC3)C2)cc1,C[SH+]c1cc(C2CCCC(CCN3CCCC3)C2)ccc1Br
fraggfn_drd2,greedy_oracle,10,10,14,1,0.9974501776979826,Brc1ccc(C2CCCC(CCN3CCCC3)C2)cc1,Brc1ccc(C2CCC(c3ccncn3)C(CCN3CCCC3)C2)cc1
fraggfn_drd2,greedy_oracle,11,11,15,1,0.9959391051850411,Brc1ccc(C2CCCC(CCN3CCCC3)C2)cc1,O=c1ncccn1C1CCC(c2ccc(Br)cc2)CC1CCN1CCCC1
fraggfn_drd2,greedy_oracle,12,12,16,1,0.9944989501097544,Brc1ccc(C2CCCC(CCN3CCCC3)C2)cc1,O=c1nc(C2CCC(CCN3CCCC3)CC2c2ccc(Br)cc2)cc[nH]1
fraggfn_drd2,greedy_oracle,13,13,17,1,0.9939909427131639,Brc1ccc(C2CCCC(CCN3CCCC3)C2)cc1,O=CNCC1C(CCN2CCCC2)CCCC1c1ccc(Br)cc1
fraggfn_drd2,greedy_oracle,14,14,18,1,0.9927853928781816,Brc1ccc(C2CCCC(CCN3CCCC3)C2)cc1,Brc1ccc(C2CCCC(CCN3CCCC3)C2C2CCCO2)cc1
fraggfn_drd2,greedy_oracle,15,15,19,1,0.988528967548541,Brc1ccc(C2CCCC(CCN3CCCC3)C2)cc1,C=C(C)C1CCCN1CCC1CCCC(c2ccc(Br)cc2)C1
fraggfn_drd2,greedy_oracle,16,16,20,1,0.9872970275068235,Brc1ccc(C2CCCC(CCN3CCCC3)C2)cc1,Brc1ccc(C2CCCC(CCN3CCCC3)C2N2CCNCC2)cc1
fraggfn_drd2,greedy_oracle,17,17,21,1,0.9865406599524763,Brc1ccc(C2CCCC(CCN3CCCC3)C2)cc1,Brc1ccc(C2CCCC(CCN3CCCC3)C2[n+]2ccccc2)cc1
fraggfn_drd2,greedy_oracle,18,18,22,1,0.9856114811841138,Brc1ccc(C2CCCC(CCN3CCCC3)C2)cc1,Brc1ccc(C2CC(CCN3CCCC3)CC(C3CCCO3)C2)cc1
fraggfn_drd2,greedy_oracle,19,19,23,1,0.9853431101856516,Brc1ccc(C2CCCC(CCN3CCCC3)C2)cc1,Brc1ccc(C2CC(CCN3CCCC3)CCC2c2cccc3ccccc23)cc1
fraggfn_drd2,greedy_oracle,20,20,24,1,0.9846252252857591,Brc1ccc(C2CCCC(CCN3CCCC3)C2)cc1,O=c1[nH]cnc2c1NC(C1CCC(CCN3CCCC3)CC1c1ccc(Br)cc1)CN2
fraggfn_drd2,greedy_oracle,21,21,25,1,0.9821729744585672,Brc1ccc(C2CCCC(CCN3CCCC3)C2)cc1,CC(=O)NCC1CC(CCN2CCCC2)CC(c2ccc(Br)cc2)C1
fraggfn_drd2,greedy_oracle,22,22,26,1,0.9809236142730594,Brc1ccc(C2CCCC(CCN3CCCC3)C2)cc1,O=c1ccn(C2CC(CCN3CCCC3)CC(c3ccc(Br)cc3)C2)c(=O)[nH]1
fraggfn_drd2,greedy_oracle,23,23,27,1,0.9774134293828782,Brc1ccc(C2CCCC(CCN3CCCC3)C2)cc1,O=c1ncccn1C1CCN(CCC2CCCC(c3ccc(Br)cc3)C2)C1
fraggfn_drd2,greedy_oracle,24,24,28,1,0.9727233378990259,Brc1ccc(C2CCCC(CCN3CCCC3)C2)cc1,Brc1ccc(C2CCCC(CCN3CCCC3)C2[NH+]2CCOCC2)cc1
fraggfn_drd2,greedy_oracle,25,25,29,1,0.9657366203583834,Brc1ccc(C2CCCC(CCN3CCCC3)C2)cc1,O=c1[nH]c(C2CCC(c3ccc(Br)cc3)CC2CCN2CCCC2)nc2[nH]cnc12
fraggfn_drd2,greedy_oracle,26,26,30,1,0.9521884772257754,Brc1ccc(C2CCCC(CCN3CCCC3)C2)cc1,Brc1ccc(C2CCCC(CCN3CCCC3c3cccc4ccccc34)C2)cc1
fraggfn_drd2,greedy_oracle,27,27,31,1,0.9520812984237168,Brc1ccc(C2CCCC(CCN3CCCC3)C2)cc1,Brc1ccc(C2CCCC(CCN3CCC([n+]4ccccc4)C3)C2)cc1
fraggfn_drd2,greedy_oracle,28,28,32,1,0.9470699950531463,Brc1ccc(C2CCCC(CCN3CCCC3)C2)cc1,O=c1[nH]cnc2c1NC(c1cc(Br)ccc1C1CCCC(CCN3CCCC3)C1)CN2
fraggfn_drd2,greedy_oracle,29,29,33,1,0.935860246264256,Brc1ccc(C2CCCC(CCN3CCCC3)C2)cc1,O=c1[nH]c(C2C(CCN3CCCC3)CCCC2c2ccc(Br)cc2)nc2c1NCCN2
fraggfn_drd2,greedy_oracle,30,30,34,1,0.9346632702361626,Brc1ccc(C2CCCC(CCN3CCCC3)C2)cc1,O=c1[nH]cnc2c1ncn2C1CCC(CCN2CCCC2)CC1c1ccc(Br)cc1
fraggfn_drd2,greedy_oracle,31,31,35,1,0.9200961457774957,Brc1ccc(C2CCCC(CCN3CCCC3)C2)cc1,O=c1[nH]c(C2CCN(CCC3CCCC(c4ccc(Br)cc4)C3)C2)nc2c1NCCN2
fraggfn_drd2,greedy_oracle,32,32,36,1,0.9196800952385298,Brc1ccc(C2CCCC(CCN3CCCC3)C2)cc1,Brc1ccc(C2CCCC(CCN3CCC(c4ncnc5[nH]cnc45)C3)C2)cc1
fraggfn_drd2,greedy_oracle,33,33,37,1,0.9051700606329981,Brc1ccc(C2CCCC(CCN3CCCC3)C2)cc1,O=c1[nH]c(-c2cc(Br)ccc2C2CCCC(CCN3CCCC3)C2)nc2c1NCCN2
fraggfn_drd2,greedy_oracle,34,34,38,1,0.8990918910163507,Brc1ccc(C2CCCC(CCN3CCCC3)C2)cc1,O=c1nc2n(C3CC(CCN4CCCC4)CC(c4ccc(Br)cc4)C3)c3ccccc3nc-2c(=O)[nH]1
fraggfn_drd2,greedy_oracle,35,35,39,1,0.8978630839921397,Brc1ccc(C2CCCC(CCN3CCCC3)C2)cc1,O=c1[nH]cnc2c1NC(C1CCCN1CCC1CCCC(c3ccc(Br)cc3)C1)CN2
fraggfn_drd2,greedy_oracle,36,36,40,1,0.8915190114917005,Brc1ccc(C2CCCC(CCN3CCCC3)C2)cc1,O=c1nc2[nH]c3ccc(C4CCC(c5ccc(Br)cc5)CC4CCN4CCCC4)cc3nc-2c(=O)[nH]1
fraggfn_drd2,greedy_oracle,37,37,41,1,0.8649686516715945,Brc1ccc(C2CCCC(CCN3CCCC3)C2)cc1,Brc1ccc(C2CCCC(CCN3CCCC3)C2)c(-c2ncnc3[nH]cnc23)c1
fraggfn_drd2,greedy_oracle,38,38,42,1,0.8516507121262815,Brc1ccc(C2CCCC(CCN3CCCC3)C2)cc1,O=c1[nH]c(-c2cc(C3CCCC(CCN4CCCC4)C3)ccc2Br)nc2[nH]cnc12
fraggfn_drd2,greedy_oracle,39,39,43,1,0.802288240778863,Brc1ccc(C2CCCC(CCN3CCCC3)C2)cc1,O=c1nc2n(-c3cc(Br)ccc3C3CCCC(CCN4CCCC4)C3)c3ccccc3nc-2c(=O)[nH]1
fraggfn_drd2,greedy_oracle,40,40,44,1,0.8013685652511856,Brc1ccc(C2CCCC(CCN3CCCC3)C2)cc1,O=c1[nH]cnc2c1ncn2-c1cc(Br)ccc1C1CCCC(CCN2CCCC2)C1
fraggfn_drd2,greedy_oracle,41,41,45,1,0.7651373865839224,Brc1ccc(C2CCCC(CCN3CCCC3)C2)cc1,O=c1[nH]c(C2CCCN2CCC2CCCC(c3ccc(Br)cc3)C2)nc2[nH]cnc12
fraggfn_drd2,greedy_oracle,42,42,46,1,0.7553110670761228,Brc1ccc(C2CCCC(CCN3CCCC3)C2)cc1,O=c1nc2[nH]c3cc(C4CCC(CCN5CCCC5)CC4c4ccc(Br)cc4)ccc3nc-2c(=O)[nH]1
fraggfn_drd2,greedy_oracle,43,43,47,1,0.7104943902218753,Brc1ccc(C2CCCC(CCN3CCCC3)C2)cc1,O=c1nc2[nH]c3ccc(-c4cc(Br)ccc4C4CCCC(CCN5CCCC5)C4)cc3nc-2c(=O)[nH]1
fraggfn_drd2,greedy_oracle,44,44,48,1,0.5320218884663349,Brc1ccc(C2CCCC(CCN3CCCC3)C2)cc1,O=c1[nH]cnc2c1ncn2C1CCCN1CCC1CCCC(c2ccc(Br)cc2)C1
fraggfn_drd2,greedy_oracle,45,45,53,5,0.9999983447556992,FC1CCCCC1c1ccccc1CCN1CCCC1,FC1CC(c2cccs2)CCC1c1ccccc1CCN1CCCC1
fraggfn_drd2,greedy_oracle,46,46,54,1,0.9999939634353535,FC1CCCCC1c1ccccc1CCN1CCCC1,FC1C(c2cscn2)CCCC1c1ccccc1CCN1CCCC1
fraggfn_drd2,greedy_oracle,47,47,55,1,0.9999926487232755,FC1CCCCC1c1ccccc1CCN1CCCC1,FC1CCCCC1c1ccccc1CCN1CCC(c2cc[nH]c2)C1
fraggfn_drd2,greedy_oracle,48,48,56,1,0.9999897029561746,FC1CCCCC1c1ccccc1CCN1CCCC1,O=c1ncccn1C1CCC(c2ccccc2CCN2CCCC2)C(F)C1
fraggfn_drd2,greedy_oracle,49,49,57,1,0.999988767287872,FC1CCCCC1c1ccccc1CCN1CCCC1,FC1CCC(c2cn[nH]c2)CC1c1ccccc1CCN1CCCC1
fraggfn_drd2,greedy_oracle,50,50,58,1,0.9999816005605903,FC1CCCCC1c1ccccc1CCN1CCCC1,FC1CCCCC1c1c(CCN2CCCC2)cccc1-c1ccncc1
fraggfn_drd2,greedy_oracle,51,51,59,1,0.997268903299696,FC1CCCCC1c1ccccc1CCN1CCCC1,FC1CCCC(c2cc[nH]c2)C1c1ccccc1CCN1CCCC1
fraggfn_drd2,greedy_oracle,52,52,60,1,0.9965488658165501,FC1CCCCC1c1ccccc1CCN1CCCC1,FC1CCCCC1c1cc(-c2ccncc2)ccc1CCN1CCCC1
fraggfn_drd2,greedy_oracle,53,53,61,1,0.9955842788800624,FC1CCCCC1c1ccccc1CCN1CCCC1,FC1CCCCC1c1ccc(Br)cc1CCN1CCCC1
fraggfn_drd2,greedy_oracle,54,54,62,1,0.9945140837730018,FC1CCCCC1c1ccccc1CCN1CCCC1,FC1CCCCC1c1ccc(-c2c[nH]c3ccccc23)cc1CCN1CCCC1
fraggfn_drd2,greedy_oracle,55,55,63,1,0.9899806548294209,FC1CCCCC1c1ccccc1CCN1CCCC1,FC1CCCCC1c1cccc(-c2cccnc2)c1CCN1CCCC1
fraggfn_drd2,greedy_oracle,56,56,64,1,0.9888554975015814,FC1CCCCC1c1ccccc1CCN1CCCC1,FC1CCCCC1c1ccccc1CCN1CCCC1c1c[nH]c2ccccc12
fraggfn_drd2,greedy_oracle,57,57,65,1,0.9799447713887208,FC1CCCCC1c1ccccc1CCN1CCCC1,FC1CCCCC1c1c(CCN2CCCC2)cccc1-[n+]1ccccc1
fraggfn_drd2,greedy_oracle,58,58,66,1,0.9798998105753414,FC1CCCCC1c1ccccc1CCN1CCCC1,O=c1ccn(C2CCC(F)C(c3ccccc3CCN3CCCC3)C2)c(=O)[nH]1
fraggfn_drd2,greedy_oracle,59,59,67,1,0.9678658543651065,FC1CCCCC1c1ccccc1CCN1CCCC1,O=c1[nH]c(C2CCC(c3ccccc3CCN3CCCC3)C(F)C2)nc2[nH]cnc12
fraggfn_drd2,greedy_oracle,60,60,68,1,0.9626596325591867,FC1CCCCC1c1ccccc1CCN1CCCC1,O=c1ncccn1-c1cccc(CCN2CCCC2)c1C1CCCCC1F
fraggfn_drd2,greedy_oracle,61,61,69,1,0.959780726718553,FC1CCCCC1c1ccccc1CCN1CCCC1,O=c1[nH]cnc2c1NC(C1CCCC(c3ccccc3CCN3CCCC3)C1F)CN2
fraggfn_drd2,greedy_oracle,62,62,70,1,0.9510752069882188,FC1CCCCC1c1ccccc1CCN1CCCC1,FC1CCCCC1c1c(CCN2CCCC2)cccc1C1CCOC1
fraggfn_drd2,greedy_oracle,63,63,71,1,0.946498823266946,FC1CCCCC1c1ccccc1CCN1CCCC1,FC1CCCCC1c1cccc(C2CCCN2)c1CCN1CCCC1
fraggfn_drd2,greedy_oracle,64,64,72,1,0.9348288325794013,FC1CCCCC1c1ccccc1CCN1CCCC1,N=CC1CCCN1CCc1ccccc1C1CCCCC1F
fraggfn_drd2,greedy_oracle,65,65,73,1,0.9101634674570989,FC1CCCCC1c1ccccc1CCN1CCCC1,FC1C(c2ccccc2CCN2CCCC2)CCCC1C1CCCNC1
fraggfn_drd2,greedy_oracle,66,66,74,1,0.9097387351345283,FC1CCCCC1c1ccccc1CCN1CCCC1,O=c1ccn(-c2ccc(CCN3CCCC3)c(C3CCCCC3F)c2)c(=O)[nH]1
fraggfn_drd2,greedy_oracle,67,67,75,1,0.9054156010495166,FC1CCCCC1c1ccccc1CCN1CCCC1,O=c1[nH]cnc2c1NC(c1cccc(CCN3CCCC3)c1C1CCCCC1F)CN2
fraggfn_drd2,greedy_oracle,68,68,76,1,0.8991781944014262,FC1CCCCC1c1ccccc1CCN1CCCC1,CC(=O)NCC1CCCC(c2ccccc2CCN2CCCC2)C1F
fraggfn_drd2,greedy_oracle,69,69,77,1,0.8983582014370274,FC1CCCCC1c1ccccc1CCN1CCCC1,O=c1[nH]c(C2CCCC(c3ccccc3CCN3CCCC3)C2F)nc2c1NCCN2
fraggfn_drd2,greedy_oracle,70,70,78,1,0.8947027386177036,FC1CCCCC1c1ccccc1CCN1CCCC1,FC1CCCC(C2CCCCO2)C1c1ccccc1CCN1CCCC1
fraggfn_drd2,greedy_oracle,71,71,79,1,0.8935014519294269,FC1CCCCC1c1ccccc1CCN1CCCC1,O=c1[nH]cnc2c1ncn2C1CCCC(c2ccccc2CCN2CCCC2)C1F
fraggfn_drd2,greedy_oracle,72,72,80,1,0.8702936425822159,FC1CCCCC1c1ccccc1CCN1CCCC1,O=c1[nH]c(-c2cccc(C3CCCCC3F)c2CCN2CCCC2)nc2[nH]cnc12
fraggfn_drd2,greedy_oracle,73,73,81,1,0.8513305345333161,FC1CCCCC1c1ccccc1CCN1CCCC1,FC1CCCC(n2cnc3cncnc32)C1c1ccccc1CCN1CCCC1
fraggfn_drd2,greedy_oracle,74,74,82,1,0.8337406315411512,FC1CCCCC1c1ccccc1CCN1CCCC1,FC1CCCCC1c1ccc(-c2ncnc3[nH]cnc23)cc1CCN1CCCC1
fraggfn_drd2,greedy_oracle,75,75,83,1,0.826781172459084,FC1CCCCC1c1ccccc1CCN1CCCC1,FC1CCCCC1c1ccccc1CCN1CCC(n2cnc3cncnc32)C1
fraggfn_drd2,greedy_oracle,76,76,84,1,0.8196877135444629,FC1CCCCC1c1ccccc1CCN1CCCC1,O=c1nc2n(C3CCC(c4ccccc4CCN4CCCC4)C(F)C3)c3ccccc3nc-2c(=O)[nH]1
fraggfn_drd2,greedy_oracle,77,77,85,1,0.8174371064450034,FC1CCCCC1c1ccccc1CCN1CCCC1,CC(=O)NCc1cccc(C2CCCCC2F)c1CCN1CCCC1
fraggfn_drd2,greedy_oracle,78,78,86,1,0.8151441624070854,FC1CCCCC1c1ccccc1CCN1CCCC1,O=c1[nH]c(-c2ccc(C3CCCCC3F)c(CCN3CCCC3)c2)nc2c1NCCN2
fraggfn_drd2,greedy_oracle,79,79,87,1,0.8149968182437693,FC1CCCCC1c1ccccc1CCN1CCCC1,FC1CCC(C2CCCOC2)CC1c1ccccc1CCN1CCCC1
fraggfn_drd2,greedy_oracle,80,80,88,1,0.8106042733867218,FC1CCCCC1c1ccccc1CCN1CCCC1,O=c1nc2[nH]c3ccc(C4CCCC(c5ccccc5CCN5CCCC5)C4F)cc3nc-2c(=O)[nH]1
fraggfn_drd2,greedy_oracle,81,81,89,1,0.778197239832201,FC1CCCCC1c1ccccc1CCN1CCCC1,O=c1[nH]cnc2c1ncn2-c1ccc(C2CCCCC2F)c(CCN2CCCC2)c1
fraggfn_drd2,greedy_oracle,82,82,90,1,0.769290570517781,FC1CCCCC1c1ccccc1CCN1CCCC1,FC1CCCCC1c1cccc([NH+]2CCOCC2)c1CCN1CCCC1
fraggfn_drd2,greedy_oracle,83,83,91,1,0.7654881788585252,FC1CCCCC1c1ccccc1CCN1CCCC1,O=c1nc2n(-c3ccc(C4CCCCC4F)c(CCN4CCCC4)c3)c3ccccc3nc-2c(=O)[nH]1
fraggfn_drd2,greedy_oracle,84,84,92,1,0.7588344405805266,FC1CCCCC1c1ccccc1CCN1CCCC1,O=c1nc2[nH]c3ccc(-c4cccc(C5CCCCC5F)c4CCN4CCCC4)cc3nc-2c(=O)[nH]1
fraggfn_drd2,greedy_oracle,85,85,93,1,0.5605192240646436,FC1CCCCC1c1ccccc1CCN1CCCC1,O=c1nc2[nH]c3cc(C4CCCN4CCc4ccccc4C4CCCCC4F)ccc3nc-2c(=O)[nH]1
fraggfn_drd2,greedy_oracle,86,86,94,1,0.5364941983560638,FC1CCCCC1c1ccccc1CCN1CCCC1,O=c1[nH]cnc2c1ncn2C1CCCN1CCc1ccccc1C1CCCCC1F
fraggfn_drd2,greedy_oracle,87,87,99,5,0.9999989732382404,Clc1ccc(C2CCCCC2CCN2CCCC2)cc1,Clc1ccc(C2C(CCN3CCCC3)CCCC2c2c[nH]c3ccccc23)cc1
fraggfn_drd2,greedy_oracle,88,88,100,1,0.9999989178444718,Clc1ccc(C2CCCCC2CCN2CCCC2)cc1,CNC1CCCC(c2ccc(Cl)cc2)C1CCN1CCCC1
fraggfn_drd2,greedy_oracle,89,89,101,1,0.9999987540319849,Clc1ccc(C2CCCCC2CCN2CCCC2)cc1,Clc1ccc(C2CCC(c3ccc[nH]3)CC2CCN2CCCC2)cc1
fraggfn_drd2,greedy_oracle,90,90,102,1,0.9999987504536603,Clc1ccc(C2CCCCC2CCN2CCCC2)cc1,Clc1ccc(C2CC(c3cn[nH]c3)CCC2CCN2CCCC2)cc1
fraggfn_drd2,greedy_oracle,91,91,103,1,0.9999974472021147,Clc1ccc(C2CCCCC2CCN2CCCC2)cc1,Clc1ccc(C2CCCCC2CCN2CCC(c3c[nH]c4ccccc34)C2)cc1
fraggfn_drd2,greedy_oracle,92,92,104,1,0.9999962902630843,Clc1ccc(C2CCCCC2CCN2CCCC2)cc1,CCc1cc(Cl)ccc1C1CCCCC1CCN1CCCC1
fraggfn_drd2,greedy_oracle,93,93,105,1,0.9999956914170685,Clc1ccc(C2CCCCC2CCN2CCCC2)cc1,C[SH+]c1cc(C2CCCCC2CCN2CCCC2)ccc1Cl
fraggfn_drd2,greedy_oracle,94,94,106,1,0.9999905380292858,Clc1ccc(C2CCCCC2CCN2CCCC2)cc1,CN(C)C1CCCC(CCN2CCCC2)C1c1ccc(Cl)cc1
fraggfn_drd2,greedy_oracle,95,95,107,1,0.9999899779994859,Clc1ccc(C2CCCCC2CCN2CCCC2)cc1,Clc1ccc(C2C(CCN3CCCC3)CCCC2c2cscn2)cc1
fraggfn_drd2,greedy_oracle,96,96,108,1,0.9999835148197392,Clc1ccc(C2CCCCC2CCN2CCCC2)cc1,O=c1ncccn1C1CCC(CCN2CCCC2)C(c2ccc(Cl)cc2)C1
fraggfn_drd2,greedy_oracle,97,97,109,1,0.996560591743368,Clc1ccc(C2CCCCC2CCN2CCCC2)cc1,O=CNCC1CCC(CCN2CCCC2)C(c2ccc(Cl)cc2)C1
fraggfn_drd2,greedy_oracle,98,98,110,1,0.9954817382069474,Clc1ccc(C2CCCCC2CCN2CCCC2)cc1,CNC1CCN(CCC2CCCCC2c2ccc(Cl)cc2)C1
fraggfn_drd2,greedy_oracle,99,99,111,1,0.9951143388656142,Clc1ccc(C2CCCCC2CCN2CCCC2)cc1,Clc1ccc(C2CCC(C3CCCO3)CC2CCN2CCCC2)cc1
fraggfn_drd2,greedy_oracle,100,100,112,1,0.9937278616903285,Clc1ccc(C2CCCCC2CCN2CCCC2)cc1,Clc1ccc(C2CCCCC2CCN2CCCC2)c(-c2c[nH]c3ccccc23)c1
fraggfn_drd2,greedy_oracle,101,101,113,1,0.9907188209113457,Clc1ccc(C2CCCCC2CCN2CCCC2)cc1,Clc1ccc(C2CCCC(C3=CNC=CC3)C2CCN2CCCC2)cc1
fraggfn_drd2,greedy_oracle,102,102,114,1,0.9893538370877519,Clc1ccc(C2CCCCC2CCN2CCCC2)cc1,O=c1ccn(C2CCC(c3ccc(Cl)cc3)C(CCN3CCCC3)C2)c(=O)[nH]1
fraggfn_drd2,greedy_oracle,103,103,115,1,0.9887454086271396,Clc1ccc(C2CCCCC2CCN2CCCC2)cc1,C=C(C)C1CCCN1CCC1CCCCC1c1ccc(Cl)cc1
fraggfn_drd2,greedy_oracle,104,104,116,1,0.9878340546342352,Clc1ccc(C2CCCCC2CCN2CCCC2)cc1,Clc1ccc(C2CCCC(C3CCCNC3)C2CCN2CCCC2)cc1
fraggfn_drd2,greedy_oracle,105,105,117,1,0.9807331029532068,Clc1ccc(C2CCCCC2CCN2CCCC2)cc1,O=c1[nH]cnc2c1NC(C1CCC(c3ccc(Cl)cc3)C(CCN3CCCC3)C1)CN2
fraggfn_drd2,greedy_oracle,106,106,118,1,0.9803745171061607,Clc1ccc(C2CCCCC2CCN2CCCC2)cc1,Clc1ccc(C2CCCC(c3cccc4ccccc34)C2CCN2CCCC2)cc1
fraggfn_drd2,greedy_oracle,107,107,119,1,0.9684357119078879,Clc1ccc(C2CCCCC2CCN2CCCC2)cc1,O=c1[nH]c(C2CCC(CCN3CCCC3)C(c3ccc(Cl)cc3)C2)nc2c1NCCN2
fraggfn_drd2,greedy_oracle,108,108,120,1,0.9655685578270106,Clc1ccc(C2CCCCC2CCN2CCCC2)cc1,Clc1ccc(C2C(CCN3CCCC3)CCCC2C2CCCOC2)cc1
fraggfn_drd2,greedy_oracle,109,109,121,1,0.9632611601431219,Clc1ccc(C2CCCCC2CCN2CCCC2)cc1,Clc1ccc(C2CC([NH+]3CCOCC3)CCC2CCN2CCCC2)cc1
fraggfn_drd2,greedy_oracle,110,110,122,1,0.9595909113401346,Clc1ccc(C2CCCCC2CCN2CCCC2)cc1,O=c1[nH]c(C2CCCC(c3ccc(Cl)cc3)C2CCN2CCCC2)nc2[nH]cnc12
fraggfn_drd2,greedy_oracle,111,111,123,1,0.9543202071019012,Clc1ccc(C2CCCCC2CCN2CCCC2)cc1,O=c1[nH]cnc2c1NC(c1cc(Cl)ccc1C1CCCCC1CCN1CCCC1)CN2
fraggfn_drd2,greedy_oracle,112,112,124,1,0.9418426221417235,Clc1ccc(C2CCCCC2CCN2CCCC2)cc1,Clc1ccc(C2CCCCC2CCN2CCCC2c2cccc3ccccc23)cc1
fraggfn_drd2,greedy_oracle,113,113,125,1,0.927684789036173,Clc1ccc(C2CCCCC2CCN2CCCC2)cc1,O=c1[nH]c(C2CCN(CCC3CCCCC3c3ccc(Cl)cc3)C2)nc2[nH]cnc12
fraggfn_drd2,greedy_oracle,114,114,126,1,0.8889100242123915,Clc1ccc(C2CCCCC2CCN2CCCC2)cc1,Clc1ccc(C2C(CCN3CCCC3)CCCC2n2cnc3cncnc32)cc1
fraggfn_drd2,greedy_oracle,115,115,127,1,0.8731748401513328,Clc1ccc(C2CCCCC2CCN2CCCC2)cc1,O=c1[nH]c(-c2cc(Cl)ccc2C2CCCCC2CCN2CCCC2)nc2c1NCCN2
fraggfn_drd2,greedy_oracle,116,116,128,1,0.8719736227188298,Clc1ccc(C2CCCCC2CCN2CCCC2)cc1,O=c1nc2n(C3CCCC(CCN4CCCC4)C3c3ccc(Cl)cc3)c3ccccc3nc-2c(=O)[nH]1
fraggfn_drd2,greedy_oracle,117,117,129,1,0.8461490903337466,Clc1ccc(C2CCCCC2CCN2CCCC2)cc1,O=c1[nH]cnc2c1ncn2C1CCN(CCC2CCCCC2c2ccc(Cl)cc2)C1
fraggfn_drd2,greedy_oracle,118,118,130,1,0.8423912557867002,Clc1ccc(C2CCCCC2CCN2CCCC2)cc1,Clc1ccc(C2CCCCC2CCN2CCCC2)c(-c2ncnc3[nH]cnc23)c1
fraggfn_drd2,greedy_oracle,119,119,131,1,0.8166681265248865,Clc1ccc(C2CCCCC2CCN2CCCC2)cc1,O=c1[nH]c(-c2cc(C3CCCCC3CCN3CCCC3)ccc2Cl)nc2[nH]cnc12
fraggfn_drd2,greedy_oracle,120,120,132,1,0.7857301044032405,Clc1ccc(C2CCCCC2CCN2CCCC2)cc1,O=c1[nH]cnc2c1ncn2-c1cc(Cl)ccc1C1CCCCC1CCN1CCCC1
fraggfn_drd2,greedy_oracle,121,121,133,1,0.7753916185869842,Clc1ccc(C2CCCCC2CCN2CCCC2)cc1,O=c1nc2[nH]c3ccc(C4CCN(CCC5CCCCC5c5ccc(Cl)cc5)C4)cc3nc-2c(=O)[nH]1
fraggfn_drd2,greedy_oracle,122,122,134,1,0.7193954529383381,Clc1ccc(C2CCCCC2CCN2CCCC2)cc1,O=c1[nH]c(C2CCCN2CCC2CCCCC2c2ccc(Cl)cc2)nc2c1NCCN2
fraggfn_drd2,greedy_oracle,123,123,135,1,0.717692703884176,Clc1ccc(C2CCCCC2CCN2CCCC2)cc1,O=c1nc2n(-c3cc(C4CCCCC4CCN4CCCC4)ccc3Cl)c3ccccc3nc-2c(=O)[nH]1
fraggfn_drd2,greedy_oracle,124,124,136,1,0.6672450537866977,Clc1ccc(C2CCCCC2CCN2CCCC2)cc1,O=c1nc2[nH]c3cc(-c4cc(Cl)ccc4C4CCCCC4CCN4CCCC4)ccc3nc-2c(=O)[nH]1
fraggfn_drd2,greedy_oracle,125,125,137,1,0.6544192025970754,Clc1ccc(C2CCCCC2CCN2CCCC2)cc1,Clc1ccc(C2CCCCC2CCN2CCCC2c2ncnc3[nH]cnc23)cc1
fraggfn_drd2,greedy_oracle,126,126,138,1,0.5809492796664599,Clc1ccc(C2CCCCC2CCN2CCCC2)cc1,Clc1ccc(C2CCCCC2CCN2CCCC2)cc1-n1cnc2cncnc21
fraggfn_drd2,greedy_oracle,127,127,139,1,0.5536061779567218,Clc1ccc(C2CCCCC2CCN2CCCC2)cc1,O=c1ccn(C2CCCN2CCC2CCCCC2c2ccc(Cl)cc2)c(=O)[nH]1
fraggfn_drd2,greedy_oracle,128,128,144,5,0.9999958997408084,Brc1ccc(C2CCCCC2)cc1CCN1CCCC1,[NH3+]CC1CCC(c2ccc(Br)c(CCN3CCCC3)c2)CC1
fraggfn_drd2,greedy_oracle,129,129,145,1,0.9999897223727806,Brc1ccc(C2CCCCC2)cc1CCN1CCCC1,Brc1ccc(C2CCCC(c3cscn3)C2)cc1CCN1CCCC1
fraggfn_drd2,greedy_oracle,130,130,146,1,0.999989562834433,Brc1ccc(C2CCCCC2)cc1CCN1CCCC1,CCC1CCCCC1c1ccc(Br)c(CCN2CCCC2)c1
fraggfn_drd2,greedy_oracle,131,131,147,1,0.9936256590194142,Brc1ccc(C2CCCCC2)cc1CCN1CCCC1,Brc1ccc(C2CCCCC2)cc1CCN1CCC(c2cc[nH]c2)C1
fraggfn_drd2,greedy_oracle,132,132,148,1,0.9929516435359794,Brc1ccc(C2CCCCC2)cc1CCN1CCCC1,C=C(C)c1c(C2CCCCC2)ccc(Br)c1CCN1CCCC1
fraggfn_drd2,greedy_oracle,133,133,149,1,0.9902841555995143,Brc1ccc(C2CCCCC2)cc1CCN1CCCC1,Oc1cc(C2CCCCC2)cc(CCN2CCCC2)c1Br
fraggfn_drd2,greedy_oracle,134,134,150,1,0.9901034171984233,Brc1ccc(C2CCCCC2)cc1CCN1CCCC1,Brc1ccc(C2CCCCC2c2c[nH]c3ccccc23)cc1CCN1CCCC1
fraggfn_drd2,greedy_oracle,135,135,151,1,0.9882849864106928,Brc1ccc(C2CCCCC2)cc1CCN1CCCC1,C=C(C)c1cc(Br)c(CCN2CCCC2)cc1C1CCCCC1
fraggfn_drd2,greedy_oracle,136,136,152,1,0.9881525215611842,Brc1ccc(C2CCCCC2)cc1CCN1CCCC1,Brc1ccc(C2CCCCC2)c(-c2ccncc2)c1CCN1CCCC1
fraggfn_drd2,greedy_oracle,137,137,153,1,0.9844968925042745,Brc1ccc(C2CCCCC2)cc1CCN1CCCC1,Brc1cc(-c2ccncc2)c(C2CCCCC2)cc1CCN1CCCC1
fraggfn_drd2,greedy_oracle,138,138,154,1,0.9779796380436824,Brc1ccc(C2CCCCC2)cc1CCN1CCCC1,Brc1c(CCN2CCCC2)cc(C2CCCCC2)cc1-c1c[nH]c2ccccc12
fraggfn_drd2,greedy_oracle,139,139,155,1,0.9681580608079017,Brc1ccc(C2CCCCC2)cc1CCN1CCCC1,Brc1ccc(C2CCCCC2)c(-[n+]2ccccc2)c1CCN1CCCC1
fraggfn_drd2,greedy_oracle,140,140,156,1,0.9676679235777382,Brc1ccc(C2CCCCC2)cc1CCN1CCCC1,Brc1ccc(C2CCCCC2)c(C2CCNC2)c1CCN1CCCC1
fraggfn_drd2,greedy_oracle,141,141,157,1,0.9643505473492772,Brc1ccc(C2CCCCC2)cc1CCN1CCCC1,O=c1ccn(C2CCCC(c3ccc(Br)c(CCN4CCCC4)c3)C2)c(=O)[nH]1
fraggfn_drd2,greedy_oracle,142,142,158,1,0.9623562210598835,Brc1ccc(C2CCCCC2)cc1CCN1CCCC1,O=c1[nH]cnc2c1NC(C1CCC(c3ccc(Br)c(CCN4CCCC4)c3)CC1)CN2
fraggfn_drd2,greedy_oracle,143,143,159,1,0.9621240545844325,Brc1ccc(C2CCCCC2)cc1CCN1CCCC1,C=C(C)C1CCCN1CCc1cc(C2CCCCC2)ccc1Br
fraggfn_drd2,greedy_oracle,144,144,160,1,0.9430768328450019,Brc1ccc(C2CCCCC2)cc1CCN1CCCC1,O=CNCc1c(C2CCCCC2)ccc(Br)c1CCN1CCCC1
fraggfn_drd2,greedy_oracle,145,145,161,1,0.9295458347634977,Brc1ccc(C2CCCCC2)cc1CCN1CCCC1,O=c1ncccn1-c1c(C2CCCCC2)ccc(Br)c1CCN1CCCC1
fraggfn_drd2,greedy_oracle,146,146,162,1,0.8991142147412848,Brc1ccc(C2CCCCC2)cc1CCN1CCCC1,Brc1cc(-n2cccn2)c(C2CCCCC2)cc1CCN1CCCC1
fraggfn_drd2,greedy_oracle,147,147,163,1,0.8743629207338137,Brc1ccc(C2CCCCC2)cc1CCN1CCCC1,Brc1ccc(C2CCCCC2)c([NH+]2CCOCC2)c1CCN1CCCC1
fraggfn_drd2,greedy_oracle,148,148,164,1,0.8672484505610065,Brc1ccc(C2CCCCC2)cc1CCN1CCCC1,Brc1ccc(C2CCCCC2)cc1CCN1CCCC1c1cccc2ccccc12
fraggfn_drd2,greedy_oracle,149,149,165,1,0.8667012441196765,Brc1ccc(C2CCCCC2)cc1CCN1CCCC1,O=c1[nH]cnc2c1NC(c1c(C3CCCCC3)ccc(Br)c1CCN1CCCC1)CN2
fraggfn_drd2,greedy_oracle,150,150,166,1,0.8575678826201701,Brc1ccc(C2CCCCC2)cc1CCN1CCCC1,O=c1[nH]c(C2CCCCC2c2ccc(Br)c(CCN3CCCC3)c2)nc2[nH]cnc12
fraggfn_drd2,greedy_oracle,151,151,167,1,0.8549275475064105,Brc1ccc(C2CCCCC2)cc1CCN1CCCC1,Brc1cc(C2C=CCCC2)c(C2CCCCC2)cc1CCN1CCCC1
fraggfn_drd2,greedy_oracle,152,152,168,1,0.8466159591927657,Brc1ccc(C2CCCCC2)cc1CCN1CCCC1,Brc1cc([NH+]2CCOCC2)c(C2CCCCC2)cc1CCN1CCCC1
fraggfn_drd2,greedy_oracle,153,153,169,1,0.7732512316238305,Brc1ccc(C2CCCCC2)cc1CCN1CCCC1,O=c1[nH]c(-c2cc(C3CCCCC3)cc(CCN3CCCC3)c2Br)nc2c1NCCN2
fraggfn_drd2,greedy_oracle,154,154,170,1,0.7530010483843423,Brc1ccc(C2CCCCC2)cc1CCN1CCCC1,Brc1ccc(C2CCCCC2n2cnc3cncnc32)cc1CCN1CCCC1
fraggfn_drd2,greedy_oracle,155,155,171,1,0.7204895367952415,Brc1ccc(C2CCCCC2)cc1CCN1CCCC1,O=c1[nH]c(-c2c(C3CCCCC3)ccc(Br)c2CCN2CCCC2)nc2[nH]cnc12
fraggfn_drd2,greedy_oracle,156,156,172,1,0.7153592862005373,Brc1ccc(C2CCCCC2)cc1CCN1CCCC1,Brc1c(CCN2CCCC2)cc(C2CCCCC2)cc1-c1ncnc2[nH]cnc12
fraggfn_drd2,greedy_oracle,157,157,173,1,0.6932380284180686,Brc1ccc(C2CCCCC2)cc1CCN1CCCC1,O=c1[nH]cnc2c1ncn2C1CCN(CCc2cc(C3CCCCC3)ccc2Br)C1
fraggfn_drd2,greedy_oracle,158,158,174,1,0.6917116968002522,Brc1ccc(C2CCCCC2)cc1CCN1CCCC1,O=c1ncccn1C1CCCN1CCc1cc(C2CCCCC2)ccc1Br
fraggfn_drd2,greedy_oracle,159,159,175,1,0.6891818780288221,Brc1ccc(C2CCCCC2)cc1CCN1CCCC1,O=c1[nH]cnc2c1ncn2-c1cc(C2CCCCC2)cc(CCN2CCCC2)c1Br
fraggfn_drd2,greedy_oracle,160,160,176,1,0.5657542012367197,Brc1ccc(C2CCCCC2)cc1CCN1CCCC1,O=c1nc2n(-c3c(C4CCCCC4)ccc(Br)c3CCN3CCCC3)c3ccccc3nc-2c(=O)[nH]1
fraggfn_drd2,greedy_oracle,161,161,177,1,0.5137987026746149,Brc1ccc(C2CCCCC2)cc1CCN1CCCC1,O=c1[nH]c(C2CCCN2CCc2cc(C3CCCCC3)ccc2Br)nc2c1NCCN2
fraggfn_drd2,greedy_oracle,162,162,178,1,0.5088413980521428,Brc1ccc(C2CCCCC2)cc1CCN1CCCC1,O=c1nc2[nH]c3cc(-c4c(C5CCCCC5)ccc(Br)c4CCN4CCCC4)ccc3nc-2c(=O)[nH]1
fraggfn_drd2,greedy_oracle,163,163,179,1,0.5,Brc1ccc(C2CCCCC2)cc1CCN1CCCC1,O=c1nc2n(C3CCN(CCc4cc(C5CCCCC5)ccc4Br)C3)c3ccccc3nc-2c(=O)[nH]1
fraggfn_drd2,greedy_oracle,164,164,184,5,0.9999998556439196,Fc1ccc(C2CCNC2)c(CCN2CCCC2)c1,Fc1ccc(C2CCN(c3c[nH]c4ccccc34)C2)c(CCN2CCCC2)c1
fraggfn_drd2,greedy_oracle,165,165,185,1,0.9999998305585168,Fc1ccc(C2CCNC2)c(CCN2CCCC2)c1,Fc1ccc(C2CCNC2)c(CCN2CCC(c3c[nH]c4ccccc34)C2)c1
fraggfn_drd2,greedy_oracle,166,166,186,1,0.9999995686523401,Fc1ccc(C2CCNC2)c(CCN2CCCC2)c1,Fc1ccc(C2CCNC2c2c[nH]c3ccccc23)c(CCN2CCCC2)c1
fraggfn_drd2,greedy_oracle,167,167,187,1,0.9999990386302827,Fc1ccc(C2CCNC2)c(CCN2CCCC2)c1,Fc1ccc(C2CCNC2)c(CCN2CCCC2c2ccccc2)c1
fraggfn_drd2,greedy_oracle,168,168,188,1,0.999996821303308,Fc1ccc(C2CCNC2)c(CCN2CCCC2)c1,Fc1ccc(C2CNC(c3cc[nH]c3)C2)c(CCN2CCCC2)c1
fraggfn_drd2,greedy_oracle,169,169,189,1,0.9999967958286916,Fc1ccc(C2CCNC2)c(CCN2CCCC2)c1,Fc1cc(CCN2CCCC2)c(C2CCNC2)c(-c2ccncc2)c1
fraggfn_drd2,greedy_oracle,170,170,190,1,0.9999940624472742,Fc1ccc(C2CCNC2)c(CCN2CCCC2)c1,Fc1ccc(C2CCNC2)c(CCN2CCCC2)c1-c1ccncc1
fraggfn_drd2,greedy_oracle,171,171,191,1,0.9999929389843213,Fc1ccc(C2CCNC2)c(CCN2CCCC2)c1,Fc1cc(CCN2CCCC2)c(C2CCNC2)cc1-c1c[nH]c2ccccc12
fraggfn_drd2,greedy_oracle,172,172,192,1,0.9999924336096737,Fc1ccc(C2CCNC2)c(CCN2CCCC2)c1,CC(=O)N1CCC(c2ccc(F)cc2CCN2CCCC2)C1
fraggfn_drd2,greedy_oracle,173,173,193,1,0.9999876501410837,Fc1ccc(C2CCNC2)c(CCN2CCCC2)c1,Fc1ccc(C2CCNC2C2CC2)c(CCN2CCCC2)c1
fraggfn_drd2,greedy_oracle,174,174,194,1,0.995966738226223,Fc1ccc(C2CCNC2)c(CCN2CCCC2)c1,Fc1cc(CCN2CCCC2)c(C2CCNC2)cc1-[n+]1ccccc1
fraggfn_drd2,greedy_oracle,175,175,195,1,0.9905822399230697,Fc1ccc(C2CCNC2)c(CCN2CCCC2)c1,O=c1ncccn1C1CC(c2ccc(F)cc2CCN2CCCC2)CN1
fraggfn_drd2,greedy_oracle,176,176,196,1,0.9901246548713043,Fc1ccc(C2CCNC2)c(CCN2CCCC2)c1,O=c1ncccn1C1CCN(CCc2cc(F)ccc2C2CCNC2)C1
fraggfn_drd2,greedy_oracle,177,177,197,1,0.9867897041444316,Fc1ccc(C2CCNC2)c(CCN2CCCC2)c1,O=c1ncccn1-c1cc(F)cc(CCN2CCCC2)c1C1CCNC1
fraggfn_drd2,greedy_oracle,178,178,198,1,0.9739910890940282,Fc1ccc(C2CCNC2)c(CCN2CCCC2)c1,O=c1ncccn1-c1c(F)ccc(C2CCNC2)c1CCN1CCCC1
fraggfn_drd2,greedy_oracle,179,179,199,1,0.9723938735160004,Fc1ccc(C2CCNC2)c(CCN2CCCC2)c1,O=c1[nH]cnc2c1NC(N1CCC(c3ccc(F)cc3CCN3CCCC3)C1)CN2
fraggfn_drd2,greedy_oracle,180,180,200,1,0.96209142507054,Fc1ccc(C2CCNC2)c(CCN2CCCC2)c1,O=c1[nH]c(C2CCN(CCc3cc(F)ccc3C3CCNC3)C2)nc2[nH]cnc12
fraggfn_drd2,greedy_oracle,181,181,201,1,0.948801079473966,Fc1ccc(C2CCNC2)c(CCN2CCCC2)c1,CC(=O)NCc1cc(F)cc(CCN2CCCC2)c1C1CCNC1
fraggfn_drd2,greedy_oracle,182,182,202,1,0.9479668121908328,Fc1ccc(C2CCNC2)c(CCN2CCCC2)c1,O=c1nc2[nH]c3ccc(N4CCC(c5ccc(F)cc5CCN5CCCC5)C4)cc3nc-2c(=O)[nH]1
fraggfn_drd2,greedy_oracle,183,183,203,1,0.9466650221316111,Fc1ccc(C2CCNC2)c(CCN2CCCC2)c1,O=c1[nH]cnc2c1NC(C1CCCN1CCc1cc(F)ccc1C1CCNC1)CN2
fraggfn_drd2,greedy_oracle,184,184,204,1,0.9276446272167731,Fc1ccc(C2CCNC2)c(CCN2CCCC2)c1,O=c1[nH]c(N2CCC(c3ccc(F)cc3CCN3CCCC3)C2)nc2c1NCCN2
fraggfn_drd2,greedy_oracle,185,185,205,1,0.9213495630283811,Fc1ccc(C2CCNC2)c(CCN2CCCC2)c1,Fc1ccc(C2CCN(c3ncnc4[nH]cnc34)C2)c(CCN2CCCC2)c1
fraggfn_drd2,greedy_oracle,186,186,206,1,0.9002749748697125,Fc1ccc(C2CCNC2)c(CCN2CCCC2)c1,O=c1[nH]cnc2c1ncn2C1NCCC1c1ccc(F)cc1CCN1CCCC1
fraggfn_drd2,greedy_oracle,187,187,207,1,0.8986619968701837,Fc1ccc(C2CCNC2)c(CCN2CCCC2)c1,O=c1[nH]c(-c2cc(C3CCNC3)c(CCN3CCCC3)cc2F)nc2[nH]cnc12
fraggfn_drd2,greedy_oracle,188,188,208,1,0.8956772302428555,Fc1ccc(C2CCNC2)c(CCN2CCCC2)c1,O=c1nc2[nH]c3cc(C4CCN(CCc5cc(F)ccc5C5CCNC5)C4)ccc3nc-2c(=O)[nH]1
fraggfn_drd2,greedy_oracle,189,189,209,1,0.8844093872295711,Fc1ccc(C2CCNC2)c(CCN2CCCC2)c1,CC(=O)NCc1c(F)ccc(C2CCNC2)c1CCN1CCCC1
fraggfn_drd2,greedy_oracle,190,190,210,1,0.8519969280816475,Fc1ccc(C2CCNC2)c(CCN2CCCC2)c1,O=c1[nH]cnc2c1NC(c1cc(C3CCNC3)c(CCN3CCCC3)cc1F)CN2
fraggfn_drd2,greedy_oracle,191,191,211,1,0.8433701198071569,Fc1ccc(C2CCNC2)c(CCN2CCCC2)c1,Fc1ccc(C2CCNC2)c(CCN2CCC(C3C=CCCC3)C2)c1
fraggfn_drd2,greedy_oracle,192,192,212,1,0.8370218800158673,Fc1ccc(C2CCNC2)c(CCN2CCCC2)c1,O=c1nc2n(-c3cc(F)cc(CCN4CCCC4)c3C3CCNC3)c3ccccc3nc-2c(=O)[nH]1
fraggfn_drd2,greedy_oracle,193,193,213,1,0.7115428713584414,Fc1ccc(C2CCNC2)c(CCN2CCCC2)c1,Fc1ccc(C2CCNC2)c(CCN2CCCC2)c1[NH+]1CCOCC1
fraggfn_drd2,greedy_oracle,194,194,214,1,0.7077954124021484,Fc1ccc(C2CCNC2)c(CCN2CCCC2)c1,Fc1ccc(C2CCNC2)c(CCN2CCCC2n2cnc3cncnc32)c1
fraggfn_drd2,greedy_oracle,195,195,215,1,0.6887497965733737,Fc1ccc(C2CCNC2)c(CCN2CCCC2)c1,Fc1cc(CCN2CCCC2)c(C2CCNC2)cc1-n1cnc2cncnc21
fraggfn_drd2,greedy_oracle,196,196,216,1,0.6860184542523156,Fc1ccc(C2CCNC2)c(CCN2CCCC2)c1,O=c1nc2n(N3CCC(c4ccc(F)cc4CCN4CCCC4)C3)c3ccccc3nc-2c(=O)[nH]1
fraggfn_drd2,greedy_oracle,197,197,217,1,0.6772041384829823,Fc1ccc(C2CCNC2)c(CCN2CCCC2)c1,O=c1nc2n(C3CCCN3CCc3cc(F)ccc3C3CCNC3)c3ccccc3nc-2c(=O)[nH]1
fraggfn_drd2,greedy_oracle,198,198,222,5,0.9999909294832432,c1cc(-c2ccccc2CCN2CCCC2)cc(N2CCCC2)c1,c1cc(-c2ccccc2CCN2CCCC2)cc(N2CCC(c3cn[nH]c3)C2)c1
fraggfn_drd2,greedy_oracle,199,199,223,1,0.9999883388793304,c1cc(-c2ccccc2CCN2CCCC2)cc(N2CCCC2)c1,Brc1ccc(CCN2CCCC2)c(-c2cccc(N3CCCC3)c2)c1
fraggfn_drd2,greedy_oracle,200,200,224,1,0.9999856311287953,c1cc(-c2ccccc2CCN2CCCC2)cc(N2CCCC2)c1,C[SH+]c1cccc(-c2cccc(N3CCCC3)c2)c1CCN1CCCC1
fraggfn_drd2,greedy_oracle,201,201,225,1,0.9973631804497466,c1cc(-c2ccccc2CCN2CCCC2)cc(N2CCCC2)c1,c1cc(-c2ccccc2CCN2CCCC2)cc(N2CCCC2c2cc[nH]c2)c1
fraggfn_drd2,greedy_oracle,202,202,226,1,0.9973172432424643,c1cc(-c2ccccc2CCN2CCCC2)cc(N2CCCC2)c1,c1c[nH]c(-c2ccc(N3CCCC3)cc2-c2ccccc2CCN2CCCC2)c1
fraggfn_drd2,greedy_oracle,203,203,227,1,0.996479303695284,c1cc(-c2ccccc2CCN2CCCC2)cc(N2CCCC2)c1,COc1cccc(CCN2CCCC2)c1-c1cccc(N2CCCC2)c1
fraggfn_drd2,greedy_oracle,204,204,228,1,0.9958683818184715,c1cc(-c2ccccc2CCN2CCCC2)cc(N2CCCC2)c1,c1csc(-c2c(-c3ccccc3CCN3CCCC3)cccc2N2CCCC2)c1
fraggfn_drd2,greedy_oracle,205,205,229,1,0.9957180280966885,c1cc(-c2ccccc2CCN2CCCC2)cc(N2CCCC2)c1,[NH3+]Cc1ccc(-c2ccccc2CCN2CCCC2)cc1N1CCCC1
fraggfn_drd2,greedy_oracle,206,206,230,1,0.9953097124367066,c1cc(-c2ccccc2CCN2CCCC2)cc(N2CCCC2)c1,Brc1cc(-c2ccccc2CCN2CCCC2)cc(N2CCCC2)c1
fraggfn_drd2,greedy_oracle,207,207,231,1,0.99248322761069,c1cc(-c2ccccc2CCN2CCCC2)cc(N2CCCC2)c1,c1ccc(-c2ccc(-c3cccc(N4CCCC4)c3)c(CCN3CCCC3)c2)nc1
fraggfn_drd2,greedy_oracle,208,208,232,1,0.991587277059929,c1cc(-c2ccccc2CCN2CCCC2)cc(N2CCCC2)c1,c1cc(-c2ccccc2CCN2CCC(c3cccs3)C2)cc(N2CCCC2)c1
fraggfn_drd2,greedy_oracle,209,209,233,1,0.9907667041183715,c1cc(-c2ccccc2CCN2CCCC2)cc(N2CCCC2)c1,c1ccc(-c2cccc(N3CCCC3)c2-n2cccn2)c(CCN2CCCC2)c1
fraggfn_drd2,greedy_oracle,210,210,234,1,0.9864974584120659,c1cc(-c2ccccc2CCN2CCCC2)cc(N2CCCC2)c1,c1cc(-c2ccccc2CCN2CCCC2c2ccc[nH]2)cc(N2CCCC2)c1
fraggfn_drd2,greedy_oracle,211,211,235,1,0.9810351936972915,c1cc(-c2ccccc2CCN2CCCC2)cc(N2CCCC2)c1,c1ccc(-c2cccc(N3CCCC3)c2C2CCNC2)c(CCN2CCCC2)c1
fraggfn_drd2,greedy_oracle,212,212,236,1,0.9809297392952712,c1cc(-c2ccccc2CCN2CCCC2)cc(N2CCCC2)c1,O=c1ncccn1-c1ccc(N2CCCC2)cc1-c1ccccc1CCN1CCCC1
fraggfn_drd2,greedy_oracle,213,213,237,1,0.971819774854399,c1cc(-c2ccccc2CCN2CCCC2)cc(N2CCCC2)c1,O=c1[nH]cnc2c1NC(c1cccc(-c3cccc(N4CCCC4)c3)c1CCN1CCCC1)CN2
fraggfn_drd2,greedy_oracle,214,214,238,1,0.9703121902478679,c1cc(-c2ccccc2CCN2CCCC2)cc(N2CCCC2)c1,c1cc(-c2c(CCN3CCCC3)cccc2-c2c[nH]c3ccccc23)cc(N2CCCC2)c1
fraggfn_drd2,greedy_oracle,215,215,239,1,0.9626101077090718,c1cc(-c2ccccc2CCN2CCCC2)cc(N2CCCC2)c1,c1cc(-c2ccc(C3CCCNC3)cc2CCN2CCCC2)cc(N2CCCC2)c1
fraggfn_drd2,greedy_oracle,216,216,240,1,0.9233309843206673,c1cc(-c2ccccc2CCN2CCCC2)cc(N2CCCC2)c1,O=c1[nH]c(-c2c(-c3ccccc3CCN3CCCC3)cccc2N2CCCC2)nc2[nH]cnc12
fraggfn_drd2,greedy_oracle,217,217,241,1,0.9216246936589573,c1cc(-c2ccccc2CCN2CCCC2)cc(N2CCCC2)c1,O=c1[nH]cnc2c1NC(C1CCCN1c1cccc(-c3ccccc3CCN3CCCC3)c1)CN2
fraggfn_drd2,greedy_oracle,218,218,242,1,0.912491091143075,c1cc(-c2ccccc2CCN2CCCC2)cc(N2CCCC2)c1,O=CNCc1c(-c2ccccc2CCN2CCCC2)cccc1N1CCCC1
fraggfn_drd2,greedy_oracle,219,219,243,1,0.9046669211184609,c1cc(-c2ccccc2CCN2CCCC2)cc(N2CCCC2)c1,O=c1[nH]c(-c2ccc(CCN3CCCC3)c(-c3cccc(N4CCCC4)c3)c2)nc2[nH]cnc12
fraggfn_drd2,greedy_oracle,220,220,244,1,0.8909336417571155,c1cc(-c2ccccc2CCN2CCCC2)cc(N2CCCC2)c1,c1ccc(-c2cc(N3CCCC3)ccc2C2CCCCO2)c(CCN2CCCC2)c1
fraggfn_drd2,greedy_oracle,221,221,245,1,0.882329578125616,c1cc(-c2ccccc2CCN2CCCC2)cc(N2CCCC2)c1,c1cc(-c2cccc(-c3ncnc4[nH]cnc34)c2CCN2CCCC2)cc(N2CCCC2)c1
fraggfn_drd2,greedy_oracle,222,222,246,1,0.8802109234690609,c1cc(-c2ccccc2CCN2CCCC2)cc(N2CCCC2)c1,O=c1[nH]c(-c2cccc(CCN3CCCC3)c2-c2cccc(N3CCCC3)c2)nc2c1NCCN2
fraggfn_drd2,greedy_oracle,223,223,247,1,0.8627143792426747,c1cc(-c2ccccc2CCN2CCCC2)cc(N2CCCC2)c1,c1cc(-c2ccccc2CCN2CCCC2)cc(N2CCCC2n2cnc3cncnc32)c1
fraggfn_drd2,greedy_oracle,224,224,248,1,0.8624988581681741,c1cc(-c2ccccc2CCN2CCCC2)cc(N2CCCC2)c1,O=c1[nH]cnc2c1ncn2-c1cc(-c2ccccc2CCN2CCCC2)cc(N2CCCC2)c1
fraggfn_drd2,greedy_oracle,225,225,249,1,0.8212163149552365,c1cc(-c2ccccc2CCN2CCCC2)cc(N2CCCC2)c1,c1ccc(-c2cccc(N3CCCC3)c2[NH+]2CCOCC2)c(CCN2CCCC2)c1
fraggfn_drd2,greedy_oracle,226,226,250,1,0.8045836021515134,c1cc(-c2ccccc2CCN2CCCC2)cc(N2CCCC2)c1,O=c1[nH]cnc2c1ncn2C1CCN(CCc2ccccc2-c2cccc(N3CCCC3)c2)C1
fraggfn_drd2,greedy_oracle,227,227,251,1,0.7696196308165155,c1cc(-c2ccccc2CCN2CCCC2)cc(N2CCCC2)c1,c1ccc(-c2ccc(-n3cnc4cncnc43)c(N3CCCC3)c2)c(CCN2CCCC2)c1
fraggfn_drd2,greedy_oracle,228,228,252,1,0.7640822136744597,c1cc(-c2ccccc2CCN2CCCC2)cc(N2CCCC2)c1,c1cc(-c2ccc(-n3cnc4cncnc43)cc2CCN2CCCC2)cc(N2CCCC2)c1
fraggfn_drd2,greedy_oracle,229,229,253,1,0.5698546039694994,c1cc(-c2ccccc2CCN2CCCC2)cc(N2CCCC2)c1,O=c1nc2n(C3CCCN3c3cccc(-c4ccccc4CCN4CCCC4)c3)c3ccccc3nc-2c(=O)[nH]1
fraggfn_drd2,greedy_oracle,230,230,254,1,0.5526819677537769,c1cc(-c2ccccc2CCN2CCCC2)cc(N2CCCC2)c1,O=c1nc2n(-c3c(-c4ccccc4CCN4CCCC4)cccc3N3CCCC3)c3ccccc3nc-2c(=O)[nH]1
fraggfn_drd2,greedy_oracle,231,231,259,5,0.9999906892959671,Oc1ccccc1C1CCCC(CCN2CCCC2)C1,Oc1ccccc1C1CCCC(CCN2CCCC2)C1c1nccs1
fraggfn_drd2,greedy_oracle,232,232,260,1,0.9999877477479279,Oc1ccccc1C1CCCC(CCN2CCCC2)C1,Oc1ccccc1C1CC(CCN2CCCC2)CCC1c1cccs1
fraggfn_drd2,greedy_oracle,233,233,261,1,0.9999841390746638,Oc1ccccc1C1CCCC(CCN2CCCC2)C1,Oc1ccccc1C1CCC(c2cn[nH]c2)C(CCN2CCCC2)C1
fraggfn_drd2,greedy_oracle,234,234,262,1,0.9974197746215043,Oc1ccccc1C1CCCC(CCN2CCCC2)C1,Oc1ccccc1C1CCCC(CCN2CCC(c3cc[nH]c3)C2)C1
fraggfn_drd2,greedy_oracle,235,235,263,1,0.9970248323458122,Oc1ccccc1C1CCCC(CCN2CCCC2)C1,Oc1ccccc1C1CC(CCN2CCCC2)CC(c2cscn2)C1
fraggfn_drd2,greedy_oracle,236,236,264,1,0.9933957481554403,Oc1ccccc1C1CCCC(CCN2CCCC2)C1,C=C(C)c1cccc(O)c1C1CCCC(CCN2CCCC2)C1
fraggfn_drd2,greedy_oracle,237,237,265,1,0.9920472142152874,Oc1ccccc1C1CCCC(CCN2CCCC2)C1,CC(C)c1ccc(O)c(C2CCCC(CCN3CCCC3)C2)c1
fraggfn_drd2,greedy_oracle,238,238,266,1,0.9902020768477169,Oc1ccccc1C1CCCC(CCN2CCCC2)C1,Oc1cc(-c2c[nH]c3ccccc23)ccc1C1CCCC(CCN2CCCC2)C1
fraggfn_drd2,greedy_oracle,239,239,267,1,0.9899646587487916,Oc1ccccc1C1CCCC(CCN2CCCC2)C1,O=c1ncccn1C1C(CCN2CCCC2)CCCC1c1ccccc1O
fraggfn_drd2,greedy_oracle,240,240,268,1,0.9896278358841529,Oc1ccccc1C1CCCC(CCN2CCCC2)C1,Oc1c(-c2ccncc2)cccc1C1CCCC(CCN2CCCC2)C1
fraggfn_drd2,greedy_oracle,241,241,269,1,0.9861960456802786,Oc1ccccc1C1CCCC(CCN2CCCC2)C1,C=CC1C(CCN2CCCC2)CCCC1c1ccccc1O
fraggfn_drd2,greedy_oracle,242,242,270,1,0.9859049910221114,Oc1ccccc1C1CCCC(CCN2CCCC2)C1,Oc1ccccc1C1CCCC(CCN2CCCC2c2c[nH]c3ccccc23)C1
fraggfn_drd2,greedy_oracle,243,243,271,1,0.9774580945636174,Oc1ccccc1C1CCCC(CCN2CCCC2)C1,Oc1cc(C2CCNC2)ccc1C1CCCC(CCN2CCCC2)C1
fraggfn_drd2,greedy_oracle,244,244,272,1,0.9645301594626926,Oc1ccccc1C1CCCC(CCN2CCCC2)C1,O=c1ncccn1-c1ccc(C2CCCC(CCN3CCCC3)C2)c(O)c1
fraggfn_drd2,greedy_oracle,245,245,273,1,0.9498204595923364,Oc1ccccc1C1CCCC(CCN2CCCC2)C1,Oc1ccccc1C1CCC([n+]2ccccc2)C(CCN2CCCC2)C1
fraggfn_drd2,greedy_oracle,246,246,274,1,0.9445445039060352,Oc1ccccc1C1CCCC(CCN2CCCC2)C1,Oc1ccccc1C1CC(CCN2CCCC2)CCC1C1CCCCO1
fraggfn_drd2,greedy_oracle,247,247,275,1,0.9353894463529615,Oc1ccccc1C1CCCC(CCN2CCCC2)C1,O=c1[nH]cnc2c1NC(C1C(CCN3CCCC3)CCCC1c1ccccc1O)CN2
fraggfn_drd2,greedy_oracle,248,248,276,1,0.9292874341107343,Oc1ccccc1C1CCCC(CCN2CCCC2)C1,O=c1ccn(C2CCC(CCN3CCCC3)CC2c2ccccc2O)c(=O)[nH]1
fraggfn_drd2,greedy_oracle,249,249,277,1,0.9286210711486123,Oc1ccccc1C1CCCC(CCN2CCCC2)C1,O=c1nc(-c2cccc(O)c2C2CCCC(CCN3CCCC3)C2)cc[nH]1
fraggfn_drd2,greedy_oracle,250,250,278,1,0.927240297333312,Oc1ccccc1C1CCCC(CCN2CCCC2)C1,Oc1ccccc1C1CCC(C2CCNC2)C(CCN2CCCC2)C1
fraggfn_drd2,greedy_oracle,251,251,279,1,0.9219061714872816,Oc1ccccc1C1CCCC(CCN2CCCC2)C1,O=c1[nH]c(C2CCC(CCN3CCCC3)CC2c2ccccc2O)nc2[nH]cnc12
fraggfn_drd2,greedy_oracle,252,252,280,1,0.9076083979943116,Oc1ccccc1C1CCCC(CCN2CCCC2)C1,O=c1[nH]cnc2c1ncn2C1CC(CCN2CCCC2)CC(c2ccccc2O)C1
fraggfn_drd2,greedy_oracle,253,253,281,1,0.900874976660786,Oc1ccccc1C1CCCC(CCN2CCCC2)C1,Oc1ccccc1C1CCCC(CCN2CCCC2)C1C1CCCNC1
fraggfn_drd2,greedy_oracle,254,254,282,1,0.8841881590954376,Oc1ccccc1C1CCCC(CCN2CCCC2)C1,O=c1ccn(-c2cccc(C3CCCC(CCN4CCCC4)C3)c2O)c(=O)[nH]1
fraggfn_drd2,greedy_oracle,255,255,283,1,0.8757985521747276,Oc1ccccc1C1CCCC(CCN2CCCC2)C1,CC(C)=CC1CCCN1CCC1CCCC(c2ccccc2O)C1
fraggfn_drd2,greedy_oracle,256,256,284,1,0.8412747614545905,Oc1ccccc1C1CCCC(CCN2CCCC2)C1,O=c1[nH]cnc2c1NC(C1CCN(CCC3CCCC(c4ccccc4O)C3)C1)CN2
fraggfn_drd2,greedy_oracle,257,257,285,1,0.8185254426219424,Oc1ccccc1C1CCCC(CCN2CCCC2)C1,O=c1[nH]c(C2CC(CCN3CCCC3)CC(c3ccccc3O)C2)nc2c1NCCN2
fraggfn_drd2,greedy_oracle,258,258,286,1,0.7946850831464004,Oc1ccccc1C1CCCC(CCN2CCCC2)C1,O=c1nc2[nH]c3ccc(C4CC(CCN5CCCC5)CC(c5ccccc5O)C4)cc3nc-2c(=O)[nH]1
fraggfn_drd2,greedy_oracle,259,259,287,1,0.7944578457545675,Oc1ccccc1C1CCCC(CCN2CCCC2)C1,O=c1nc2[nH]c3cc(C4C(CCN5CCCC5)CCCC4c4ccccc4O)ccc3nc-2c(=O)[nH]1
fraggfn_drd2,greedy_oracle,260,260,288,1,0.7894261790797104,Oc1ccccc1C1CCCC(CCN2CCCC2)C1,Oc1ccccc1C1CCCC(CCN2CCC(n3cnc4cncnc43)C2)C1
fraggfn_drd2,greedy_oracle,261,261,289,1,0.7209548736254983,Oc1ccccc1C1CCCC(CCN2CCCC2)C1,Oc1ccccc1C1CC(CCN2CCCC2)CC(C2CCCOC2)C1
fraggfn_drd2,greedy_oracle,262,262,290,1,0.5117059551896184,Oc1ccccc1C1CCCC(CCN2CCCC2)C1,Oc1cccc(-n2cnc3cncnc32)c1C1CCCC(CCN2CCCC2)C1
fraggfn_drd2,greedy_oracle,263,263,295,5,0.9999924819310092,NCC1CCCC(c2cccc(CCN3CCCC3)c2)C1,NCC1CC(c2cccc(CCN3CCCC3)c2)CCC1c1cn[nH]c1
fraggfn_drd2,greedy_oracle,264,264,296,1,0.9999869262761983,NCC1CCCC(c2cccc(CCN3CCCC3)c2)C1,NCC1CCCC(c2cccc(CCN3CCC(c4cc[nH]c4)C3)c2)C1
fraggfn_drd2,greedy_oracle,265,265,297,1,0.999985493666631,NCC1CCCC(c2cccc(CCN3CCCC3)c2)C1,NCC1CCCC(c2ccc(Cl)c(CCN3CCCC3)c2)C1
fraggfn_drd2,greedy_oracle,266,266,298,1,0.9974422143271682,NCC1CCCC(c2cccc(CCN3CCCC3)c2)C1,NCC1CCCC(c2cccc(CCN3CCCC3)c2-c2ccncc2)C1
fraggfn_drd2,greedy_oracle,267,267,299,1,0.9968295258881247,NCC1CCCC(c2cccc(CCN3CCCC3)c2)C1,NCC1CC(c2cccc(CCN3CCCC3)c2)CC(c2cccs2)C1
fraggfn_drd2,greedy_oracle,268,268,300,1,0.9967723686353904,NCC1CCCC(c2cccc(CCN3CCCC3)c2)C1,NCC1CCCC(c2cccc(CCN3CCCC3)c2)C1c1cscn1
fraggfn_drd2,greedy_oracle,269,269,301,1,0.9957855092064047,NCC1CCCC(c2cccc(CCN3CCCC3)c2)C1,c1cnc(NCC2CCCC(c3cccc(CCN4CCCC4)c3)C2)nc1
fraggfn_drd2,greedy_oracle,270,270,302,1,0.9956272305524013,NCC1CCCC(c2cccc(CCN3CCCC3)c2)C1,NCC1CCCC(c2cc(CCN3CCCC3)ccc2Br)C1
fraggfn_drd2,greedy_oracle,271,271,303,1,0.9953055279381058,NCC1CCCC(c2cccc(CCN3CCCC3)c2)C1,NCC1CCC(c2nccs2)C(c2cccc(CCN3CCCC3)c2)C1
fraggfn_drd2,greedy_oracle,272,272,304,1,0.9952181090334441,NCC1CCCC(c2cccc(CCN3CCCC3)c2)C1,NCC1CCCC(c2cc(F)cc(CCN3CCCC3)c2)C1
fraggfn_drd2,greedy_oracle,273,273,305,1,0.9897293512854768,NCC1CCCC(c2cccc(CCN3CCCC3)c2)C1,NCC1CCCC(c2cccc(CCN3CCCC3)c2-n2cccnc2=O)C1
fraggfn_drd2,greedy_oracle,274,274,306,1,0.9853941145265773,NCC1CCCC(c2cccc(CCN3CCCC3)c2)C1,NCC1CCCC(c2cccc(CCN3CCCC3c3c[nH]c4ccccc34)c2)C1
fraggfn_drd2,greedy_oracle,275,275,307,1,0.9217323020551882,NCC1CCCC(c2cccc(CCN3CCCC3)c2)C1,NCC1CCCC(c2cccc(CCN3CCCC3CNC=O)c2)C1
fraggfn_drd2,greedy_oracle,276,276,308,1,0.9167972759182061,NCC1CCCC(c2cccc(CCN3CCCC3)c2)C1,NCC1CCC(n2ccc(=O)[nH]c2=O)C(c2cccc(CCN3CCCC3)c2)C1
fraggfn_drd2,greedy_oracle,277,277,309,1,0.9003292339752019,NCC1CCCC(c2cccc(CCN3CCCC3)c2)C1,NCC1CC(c2cccc(CCN3CCCC3)c2)CC(n2cnc3c(=O)[nH]cnc32)C1
fraggfn_drd2,greedy_oracle,278,278,310,1,0.8957650430695434,NCC1CCCC(c2cccc(CCN3CCCC3)c2)C1,NCC1CCCC(c2cccc(CCN3CCCC3)c2C2CCCN2)C1
fraggfn_drd2,greedy_oracle,279,279,311,1,0.8857221972374443,NCC1CCCC(c2cccc(CCN3CCCC3)c2)C1,NCC1CCCC(c2cccc(CCN3CCCC3)c2)C1C1CCCCO1
fraggfn_drd2,greedy_oracle,280,280,312,1,0.8671153111203388,NCC1CCCC(c2cccc(CCN3CCCC3)c2)C1,NCC1CCCC(c2cc(CCN3CCCC3)ccc2-c2nc3[nH]cnc3c(=O)[nH]2)C1
fraggfn_drd2,greedy_oracle,281,281,313,1,0.8635534499524511,NCC1CCCC(c2cccc(CCN3CCCC3)c2)C1,CC(=O)NCc1c(CCN2CCCC2)cccc1C1CCCC(CN)C1
fraggfn_drd2,greedy_oracle,282,282,314,1,0.854575860833277,NCC1CCCC(c2cccc(CCN3CCCC3)c2)C1,NCC1CC(c2cccc(CCN3CCCC3)c2)CCC1C1CNc2nc[nH]c(=O)c2N1
fraggfn_drd2,greedy_oracle,283,283,315,1,0.7895135482115448,NCC1CCCC(c2cccc(CCN3CCCC3)c2)C1,NCC1CC(c2cccc(CCN3CCCC3)c2)CCC1n1cnc2cncnc21
fraggfn_drd2,greedy_oracle,284,284,316,1,0.728732314090477,NCC1CCCC(c2cccc(CCN3CCCC3)c2)C1,NCC1CCCC(c2cccc(CCN3CCCC3)c2[NH+]2CCOCC2)C1
fraggfn_drd2,greedy_oracle,285,285,317,1,0.7002098913180318,NCC1CCCC(c2cccc(CCN3CCCC3)c2)C1,NCC1CCCC(c2cc(CCN3CCCC3)cc(-n3cnc4c(=O)[nH]cnc43)c2)C1
fraggfn_drd2,greedy_oracle,286,286,318,1,0.6957580401283336,NCC1CCCC(c2cccc(CCN3CCCC3)c2)C1,NCC1CCC(C2CCCNC2)C(c2cccc(CCN3CCCC3)c2)C1
fraggfn_drd2,greedy_oracle,287,287,319,1,0.6632523344141683,NCC1CCCC(c2cccc(CCN3CCCC3)c2)C1,NCC1CCCC(c2cccc(CCN3CCCC3)c2)C1c1ccc2[nH]c3nc(=O)[nH]c(=O)c-3nc2c1
fraggfn_drd2,greedy_oracle,288,288,320,1,0.6461674731214478,NCC1CCCC(c2cccc(CCN3CCCC3)c2)C1,NCC1CCCC(c2cc(CCN3CCCC3)cc(-c3nc4c(c(=O)[nH]3)NCCN4)c2)C1
fraggfn_drd2,greedy_oracle,289,289,321,1,0.6458327489145995,NCC1CCCC(c2cccc(CCN3CCCC3)c2)C1,NCC1CC(c2cccc(CCN3CCCC3)c2)CCC1n1c2nc(=O)[nH]c(=O)c-2nc2ccccc21
fraggfn_drd2,greedy_oracle,290,290,322,1,0.6066117491753314,NCC1CCCC(c2cccc(CCN3CCCC3)c2)C1,NCC1CCCC(c2ccc(-c3ccc4nc5c(=O)[nH]c(=O)nc-5[nH]c4c3)c(CCN3CCCC3)c2)C1
fraggfn_drd2,greedy_oracle,291,291,323,1,0.5670473322419551,NCC1CCCC(c2cccc(CCN3CCCC3)c2)C1,NCC1CCCC(c2cc(CCN3CCCC3)cc(-n3c4nc(=O)[nH]c(=O)c-4nc4ccccc43)c2)C1
fraggfn_drd2,greedy_oracle,292,292,328,5,0.9999986599751536,Fc1ccc(C2CCCCC2CCN2CCCC2)cc1,C=C(C)C1CCCC(c2ccc(F)cc2)C1CCN1CCCC1
fraggfn_drd2,greedy_oracle,293,293,329,1,0.9999984398051902,Fc1ccc(C2CCCCC2CCN2CCCC2)cc1,CNC1CCC(c2ccc(F)cc2)C(CCN2CCCC2)C1
fraggfn_drd2,greedy_oracle,294,294,330,1,0.9999982535766238,Fc1ccc(C2CCCCC2CCN2CCCC2)cc1,Fc1ccc(C2CC(c3cccs3)CCC2CCN2CCCC2)cc1
fraggfn_drd2,greedy_oracle,295,295,331,1,0.9999967207452094,Fc1ccc(C2CCCCC2CCN2CCCC2)cc1,Fc1ccc(C2C(CCN3CCCC3)CCCC2c2cn[nH]c2)cc1
fraggfn_drd2,greedy_oracle,296,296,332,1,0.9999958003528813,Fc1ccc(C2CCCCC2CCN2CCCC2)cc1,Fc1ccc(C2CCCC(c3c[nH]c4ccccc34)C2CCN2CCCC2)cc1
fraggfn_drd2,greedy_oracle,297,297,333,1,0.9999945451631683,Fc1ccc(C2CCCCC2CCN2CCCC2)cc1,Fc1ccc(C2CCCCC2CCN2CCC(c3cc[nH]c3)C2)cc1
fraggfn_drd2,greedy_oracle,298,298,334,1,0.999984511503312,Fc1ccc(C2CCCCC2CCN2CCCC2)cc1,C=C(C)c1cc(F)ccc1C1CCCCC1CCN1CCCC1
fraggfn_drd2,greedy_oracle,299,299,335,1,0.9973322493465566,Fc1ccc(C2CCCCC2CCN2CCCC2)cc1,Fc1ccc(C2C(CCN3CCCC3)CCCC2C2CCCN2)cc1
fraggfn_drd2,greedy_oracle,300,300,336,1,0.9967668111868282,Fc1ccc(C2CCCCC2CCN2CCCC2)cc1,Fc1ccc(C2CCCC(c3ccncn3)C2CCN2CCCC2)cc1
fraggfn_drd2,greedy_oracle_static,1,1,5,5,0.9999909294832432,c1cc(-c2ccccc2CCN2CCCC2)cc(N2CCCC2)c1,c1cc(-c2ccccc2CCN2CCCC2)cc(N2CCC(c3cn[nH]c3)C2)c1
fraggfn_drd2,greedy_oracle_static,2,2,6,1,0.9999883388793304,c1cc(-c2ccccc2CCN2CCCC2)cc(N2CCCC2)c1,Brc1ccc(CCN2CCCC2)c(-c2cccc(N3CCCC3)c2)c1
fraggfn_drd2,greedy_oracle_static,3,3,7,1,0.9999856311287953,c1cc(-c2ccccc2CCN2CCCC2)cc(N2CCCC2)c1,C[SH+]c1cccc(-c2cccc(N3CCCC3)c2)c1CCN1CCCC1
fraggfn_drd2,greedy_oracle_static,4,4,8,1,0.9973631804497466,c1cc(-c2ccccc2CCN2CCCC2)cc(N2CCCC2)c1,c1cc(-c2ccccc2CCN2CCCC2)cc(N2CCCC2c2cc[nH]c2)c1
fraggfn_drd2,greedy_oracle_static,5,5,9,1,0.9973172432424643,c1cc(-c2ccccc2CCN2CCCC2)cc(N2CCCC2)c1,c1c[nH]c(-c2ccc(N3CCCC3)cc2-c2ccccc2CCN2CCCC2)c1
fraggfn_drd2,greedy_oracle_static,6,6,10,1,0.996479303695284,c1cc(-c2ccccc2CCN2CCCC2)cc(N2CCCC2)c1,COc1cccc(CCN2CCCC2)c1-c1cccc(N2CCCC2)c1
fraggfn_drd2,greedy_oracle_static,7,7,11,1,0.9958683818184715,c1cc(-c2ccccc2CCN2CCCC2)cc(N2CCCC2)c1,c1csc(-c2c(-c3ccccc3CCN3CCCC3)cccc2N2CCCC2)c1
fraggfn_drd2,greedy_oracle_static,8,8,12,1,0.9957180280966885,c1cc(-c2ccccc2CCN2CCCC2)cc(N2CCCC2)c1,[NH3+]Cc1ccc(-c2ccccc2CCN2CCCC2)cc1N1CCCC1
fraggfn_drd2,greedy_oracle_static,9,9,13,1,0.9953097124367066,c1cc(-c2ccccc2CCN2CCCC2)cc(N2CCCC2)c1,Brc1cc(-c2ccccc2CCN2CCCC2)cc(N2CCCC2)c1
fraggfn_drd2,greedy_oracle_static,10,10,14,1,0.99248322761069,c1cc(-c2ccccc2CCN2CCCC2)cc(N2CCCC2)c1,c1ccc(-c2ccc(-c3cccc(N4CCCC4)c3)c(CCN3CCCC3)c2)nc1
fraggfn_drd2,greedy_oracle_static,11,11,15,1,0.991587277059929,c1cc(-c2ccccc2CCN2CCCC2)cc(N2CCCC2)c1,c1cc(-c2ccccc2CCN2CCC(c3cccs3)C2)cc(N2CCCC2)c1
fraggfn_drd2,greedy_oracle_static,12,12,16,1,0.9907667041183715,c1cc(-c2ccccc2CCN2CCCC2)cc(N2CCCC2)c1,c1ccc(-c2cccc(N3CCCC3)c2-n2cccn2)c(CCN2CCCC2)c1
fraggfn_drd2,greedy_oracle_static,13,13,17,1,0.9864974584120659,c1cc(-c2ccccc2CCN2CCCC2)cc(N2CCCC2)c1,c1cc(-c2ccccc2CCN2CCCC2c2ccc[nH]2)cc(N2CCCC2)c1
fraggfn_drd2,greedy_oracle_static,14,14,18,1,0.9810351936972915,c1cc(-c2ccccc2CCN2CCCC2)cc(N2CCCC2)c1,c1ccc(-c2cccc(N3CCCC3)c2C2CCNC2)c(CCN2CCCC2)c1
fraggfn_drd2,greedy_oracle_static,15,15,19,1,0.9809297392952712,c1cc(-c2ccccc2CCN2CCCC2)cc(N2CCCC2)c1,O=c1ncccn1-c1ccc(N2CCCC2)cc1-c1ccccc1CCN1CCCC1
fraggfn_drd2,greedy_oracle_static,16,16,20,1,0.971819774854399,c1cc(-c2ccccc2CCN2CCCC2)cc(N2CCCC2)c1,O=c1[nH]cnc2c1NC(c1cccc(-c3cccc(N4CCCC4)c3)c1CCN1CCCC1)CN2
fraggfn_drd2,greedy_oracle_static,17,17,21,1,0.9703121902478679,c1cc(-c2ccccc2CCN2CCCC2)cc(N2CCCC2)c1,c1cc(-c2c(CCN3CCCC3)cccc2-c2c[nH]c3ccccc23)cc(N2CCCC2)c1
fraggfn_drd2,greedy_oracle_static,18,18,22,1,0.9626101077090718,c1cc(-c2ccccc2CCN2CCCC2)cc(N2CCCC2)c1,c1cc(-c2ccc(C3CCCNC3)cc2CCN2CCCC2)cc(N2CCCC2)c1
fraggfn_drd2,greedy_oracle_static,19,19,23,1,0.9233309843206673,c1cc(-c2ccccc2CCN2CCCC2)cc(N2CCCC2)c1,O=c1[nH]c(-c2c(-c3ccccc3CCN3CCCC3)cccc2N2CCCC2)nc2[nH]cnc12
fraggfn_drd2,greedy_oracle_static,20,20,24,1,0.9216246936589573,c1cc(-c2ccccc2CCN2CCCC2)cc(N2CCCC2)c1,O=c1[nH]cnc2c1NC(C1CCCN1c1cccc(-c3ccccc3CCN3CCCC3)c1)CN2
fraggfn_drd2,greedy_oracle_static,21,21,25,1,0.912491091143075,c1cc(-c2ccccc2CCN2CCCC2)cc(N2CCCC2)c1,O=CNCc1c(-c2ccccc2CCN2CCCC2)cccc1N1CCCC1
fraggfn_drd2,greedy_oracle_static,22,22,26,1,0.9096057201125737,c1cc(-c2ccccc2CCN2CCCC2)cc(N2CCCC2)c1,O=c1[nH]c(-c2cccc(-c3cccc(N4CCCC4)c3)c2CCN2CCCC2)nc2[nH]cnc12
fraggfn_drd2,greedy_oracle_static,23,23,27,1,0.8909336417571155,c1cc(-c2ccccc2CCN2CCCC2)cc(N2CCCC2)c1,c1ccc(-c2cc(N3CCCC3)ccc2C2CCCCO2)c(CCN2CCCC2)c1
fraggfn_drd2,greedy_oracle_static,24,24,28,1,0.8802109234690609,c1cc(-c2ccccc2CCN2CCCC2)cc(N2CCCC2)c1,O=c1[nH]c(-c2cccc(CCN3CCCC3)c2-c2cccc(N3CCCC3)c2)nc2c1NCCN2
fraggfn_drd2,greedy_oracle_static,25,25,29,1,0.8627143792426747,c1cc(-c2ccccc2CCN2CCCC2)cc(N2CCCC2)c1,c1cc(-c2ccccc2CCN2CCCC2)cc(N2CCCC2n2cnc3cncnc32)c1
fraggfn_drd2,greedy_oracle_static,26,26,30,1,0.8624988581681741,c1cc(-c2ccccc2CCN2CCCC2)cc(N2CCCC2)c1,O=c1[nH]cnc2c1ncn2-c1cc(-c2ccccc2CCN2CCCC2)cc(N2CCCC2)c1
fraggfn_drd2,greedy_oracle_static,27,27,31,1,0.8212163149552365,c1cc(-c2ccccc2CCN2CCCC2)cc(N2CCCC2)c1,c1ccc(-c2cccc(N3CCCC3)c2[NH+]2CCOCC2)c(CCN2CCCC2)c1
fraggfn_drd2,greedy_oracle_static,28,28,32,1,0.8045836021515134,c1cc(-c2ccccc2CCN2CCCC2)cc(N2CCCC2)c1,O=c1[nH]cnc2c1ncn2C1CCN(CCc2ccccc2-c2cccc(N3CCCC3)c2)C1
fraggfn_drd2,greedy_oracle_static,29,29,33,1,0.7696196308165155,c1cc(-c2ccccc2CCN2CCCC2)cc(N2CCCC2)c1,c1ccc(-c2ccc(-n3cnc4cncnc43)c(N3CCCC3)c2)c(CCN2CCCC2)c1
fraggfn_drd2,greedy_oracle_static,30,30,34,1,0.7640822136744597,c1cc(-c2ccccc2CCN2CCCC2)cc(N2CCCC2)c1,c1cc(-c2ccc(-n3cnc4cncnc43)cc2CCN2CCCC2)cc(N2CCCC2)c1
fraggfn_drd2,greedy_oracle_static,31,31,35,1,0.5698546039694994,c1cc(-c2ccccc2CCN2CCCC2)cc(N2CCCC2)c1,O=c1nc2n(C3CCCN3c3cccc(-c4ccccc4CCN4CCCC4)c3)c3ccccc3nc-2c(=O)[nH]1
fraggfn_drd2,greedy_oracle_static,32,32,36,1,0.5625898439681191,c1cc(-c2ccccc2CCN2CCCC2)cc(N2CCCC2)c1,O=c1nc2n(-c3ccc(N4CCCC4)cc3-c3ccccc3CCN3CCCC3)c3ccccc3nc-2c(=O)[nH]1
fraggfn_drd2,greedy_oracle_static,33,33,41,5,0.9999968063681919,CC1CCCC(c2cccc(CCN3CCCC3)c2)C1,CC1CC(c2cccc(CCN3CCCC3)c2)CCC1c1cn[nH]c1
fraggfn_drd2,greedy_oracle_static,34,34,42,1,0.9999913042319843,CC1CCCC(c2cccc(CCN3CCCC3)c2)C1,CC1CCCC(c2cccc(CCN3CCC(c4cc[nH]c4)C3)c2)C1
fraggfn_drd2,greedy_oracle_static,35,35,43,1,0.9999861475876741,CC1CCCC(c2cccc(CCN3CCCC3)c2)C1,CC1CCCC(c2ccc(Br)c(CCN3CCCC3)c2)C1
fraggfn_drd2,greedy_oracle_static,36,36,44,1,0.9971912399188844,CC1CCCC(c2cccc(CCN3CCCC3)c2)C1,CC1CCCC(c2cccc(CCN3CCCC3)c2)C1c1cccs1
fraggfn_drd2,greedy_oracle_static,37,37,45,1,0.9968096897381611,CC1CCCC(c2cccc(CCN3CCCC3)c2)C1,CC1CCCC(c2cccc(CCN3CCCC3)c2-c2ccncc2)C1
fraggfn_drd2,greedy_oracle_static,38,38,46,1,0.995226197651095,CC1CCCC(c2cccc(CCN3CCCC3)c2)C1,CC1CCC(c2cc[nH]c2)C(c2cccc(CCN3CCCC3)c2)C1
fraggfn_drd2,greedy_oracle_static,39,39,47,1,0.9951861626132716,CC1CCCC(c2cccc(CCN3CCCC3)c2)C1,CC1CC(c2cccc(CCN3CCCC3)c2)CC(c2cscn2)C1
fraggfn_drd2,greedy_oracle_static,40,40,48,1,0.9951508496501542,CC1CCCC(c2cccc(CCN3CCCC3)c2)C1,CC1CCCC(c2cc(CCN3CCCC3)ccc2Br)C1
fraggfn_drd2,greedy_oracle_static,41,41,49,1,0.9949861604194261,CC1CCCC(c2cccc(CCN3CCCC3)c2)C1,CC1CCCC(c2cc(Cl)cc(CCN3CCCC3)c2)C1
fraggfn_drd2,greedy_oracle_static,42,42,50,1,0.9932170983242001,CC1CCCC(c2cccc(CCN3CCCC3)c2)C1,CC1CCCC(c2ccc(-c3c[nH]c4ccccc34)c(CCN3CCCC3)c2)C1
fraggfn_drd2,greedy_oracle_static,43,43,51,1,0.9863176307017592,CC1CCCC(c2cccc(CCN3CCCC3)c2)C1,CC1CCCC(c2cccc(CCN3CCCC3)c2-n2cccnc2=O)C1
fraggfn_drd2,greedy_oracle_static,44,44,52,1,0.9789741648351049,CC1CCCC(c2cccc(CCN3CCCC3)c2)C1,CC1CCCC(c2cccc(CCN3CCCC3c3c[nH]c4ccccc34)c2)C1
fraggfn_drd2,greedy_oracle_static,45,45,53,1,0.9770461964075762,CC1CCCC(c2cccc(CCN3CCCC3)c2)C1,CC1CCC(n2cccnc2=O)C(c2cccc(CCN3CCCC3)c2)C1
fraggfn_drd2,greedy_oracle_static,46,46,54,1,0.9768542120996789,CC1CCCC(c2cccc(CCN3CCCC3)c2)C1,CC1CCCC(c2cccc(CCN3CCCC3)c2-[n+]2ccccc2)C1
fraggfn_drd2,greedy_oracle_static,47,47,55,1,0.9199654203581195,CC1CCCC(c2cccc(CCN3CCCC3)c2)C1,CC1CCCC(c2cccc(CCN3CCCC3)c2C2CCNC2)C1
fraggfn_drd2,greedy_oracle_static,48,48,56,1,0.9138540641404662,CC1CCCC(c2cccc(CCN3CCCC3)c2)C1,CC1CCCC(c2ccc(C3CNc4nc[nH]c(=O)c4N3)c(CCN3CCCC3)c2)C1
fraggfn_drd2,greedy_oracle_static,49,49,57,1,0.9111200095771004,CC1CCCC(c2cccc(CCN3CCCC3)c2)C1,CC1CCCC(c2cccc(CCN3CCCC3CNC=O)c2)C1
fraggfn_drd2,greedy_oracle_static,50,50,58,1,0.9094609963005674,CC1CCCC(c2cccc(CCN3CCCC3)c2)C1,CC1CC(c2cccc(CCN3CCCC3)c2)CC(n2ccc(=O)[nH]c2=O)C1
fraggfn_drd2,greedy_oracle_static,51,51,59,1,0.9014690631510812,CC1CCCC(c2cccc(CCN3CCCC3)c2)C1,CC1CCC(C2CNc3nc[nH]c(=O)c3N2)C(c2cccc(CCN3CCCC3)c2)C1
fraggfn_drd2,greedy_oracle_static,52,52,60,1,0.8965517642447361,CC1CCCC(c2cccc(CCN3CCCC3)c2)C1,CC1CCCC(c2ccc(-c3nc4[nH]cnc4c(=O)[nH]3)c(CCN3CCCC3)c2)C1
fraggfn_drd2,greedy_oracle_static,53,53,61,1,0.8455963342517915,CC1CCCC(c2cccc(CCN3CCCC3)c2)C1,CC1CC(c2cccc(CCN3CCCC3)c2)CCC1n1cnc2c(=O)[nH]cnc21
fraggfn_drd2,greedy_oracle_static,54,54,62,1,0.8383434604796356,CC1CCCC(c2cccc(CCN3CCCC3)c2)C1,CC1CCCC(c2cc(CCN3CCCC3)ccc2-c2ncnc3[nH]cnc23)C1
fraggfn_drd2,greedy_oracle_static,55,55,63,1,0.8184954624494133,CC1CCCC(c2cccc(CCN3CCCC3)c2)C1,CC1CCCC(c2cccc(CCN3CCCC3C3CNc4nc[nH]c(=O)c4N3)c2)C1
fraggfn_drd2,greedy_oracle_static,56,56,64,1,0.7855813627214497,CC1CCCC(c2cccc(CCN3CCCC3)c2)C1,CC1CCCC(c2cccc(CCN3CCCC3)c2)C1C1CCCOC1
fraggfn_drd2,greedy_oracle_static,57,57,65,1,0.7416175275502915,CC1CCCC(c2cccc(CCN3CCCC3)c2)C1,CC1CCCC(c2cc(CCN3CCCC3)cc(-c3nc4c(c(=O)[nH]3)NCCN4)c2)C1
fraggfn_drd2,greedy_oracle_static,58,58,66,1,0.7037633842569182,CC1CCCC(c2cccc(CCN3CCCC3)c2)C1,CC1CCCC(c2cccc(CCN3CCCC3)c2)C1n1cnc2cncnc21
fraggfn_drd2,greedy_oracle_static,59,59,67,1,0.6971171139515551,CC1CCCC(c2cccc(CCN3CCCC3)c2)C1,CC1CCCC(c2cc(CCN3CCCC3)ccc2-n2cnc3c(=O)[nH]cnc32)C1
fraggfn_drd2,greedy_oracle_static,60,60,68,1,0.6725861276145783,CC1CCCC(c2cccc(CCN3CCCC3)c2)C1,CC1CCCC(c2cccc(CCN3CCC(n4cnc5cncnc54)C3)c2)C1
fraggfn_drd2,greedy_oracle_static,61,61,69,1,0.6719387919123729,CC1CCCC(c2cccc(CCN3CCCC3)c2)C1,CC1CCCC(c2cccc(CCN3CCCC3)c2-n2c3nc(=O)[nH]c(=O)c-3nc3ccccc32)C1
fraggfn_drd2,greedy_oracle_static,62,62,70,1,0.6478755370961223,CC1CCCC(c2cccc(CCN3CCCC3)c2)C1,CC1CCCC(c2ccc(-n3cnc4cncnc43)c(CCN3CCCC3)c2)C1
fraggfn_drd2,greedy_oracle_static,63,63,71,1,0.6432151137404357,CC1CCCC(c2cccc(CCN3CCCC3)c2)C1,CC1CC(c2cccc(CCN3CCCC3)c2)CC(n2c3nc(=O)[nH]c(=O)c-3nc3ccccc32)C1
fraggfn_drd2,greedy_oracle_static,64,64,72,1,0.6342042410140419,CC1CCCC(c2cccc(CCN3CCCC3)c2)C1,CC1CCCC(c2cccc(CCN3CCCC3)c2)C1c1ccc2[nH]c3nc(=O)[nH]c(=O)c-3nc2c1
fraggfn_drd2,greedy_oracle_static,65,65,73,1,0.6052868459422263,CC1CCCC(c2cccc(CCN3CCCC3)c2)C1,CC1CCCC(c2ccc(-c3ccc4[nH]c5nc(=O)[nH]c(=O)c-5nc4c3)c(CCN3CCCC3)c2)C1
fraggfn_drd2,greedy_oracle_static,66,66,74,1,0.5460212767318754,CC1CCCC(c2cccc(CCN3CCCC3)c2)C1,CC1CCCC(c2cccc(CCN3CCCC3c3nc4c(c(=O)[nH]3)NCCN4)c2)C1
fraggfn_drd2,greedy_oracle_static,67,67,79,5,0.9999981376687114,CCC1CCC(c2ccccc2)C(CCN2CCCC2)C1,CCC1CCC(c2ccc(Br)cc2)C(CCN2CCCC2)C1
fraggfn_drd2,greedy_oracle_static,68,68,80,1,0.9963354927706122,CCC1CCC(c2ccccc2)C(CCN2CCCC2)C1,c1ccc(C2CCC(CCc3cn[nH]c3)CC2CCN2CCCC2)cc1
fraggfn_drd2,greedy_oracle_static,69,69,81,1,0.9961842064328476,CCC1CCC(c2ccccc2)C(CCN2CCCC2)C1,CCC1CCC(c2ccccc2)C(CCN2CCCC2)C1c1cn[nH]c1
fraggfn_drd2,greedy_oracle_static,70,70,82,1,0.9947785988369731,CCC1CCC(c2ccccc2)C(CCN2CCCC2)C1,CCC1CCC(c2ccccc2)C(CCN2CCC(c3cn[nH]c3)C2)C1
fraggfn_drd2,greedy_oracle_static,71,71,83,1,0.9918521648187821,CCC1CCC(c2ccccc2)C(CCN2CCCC2)C1,CCC1CCC(c2ccccc2-c2ccncc2)C(CCN2CCCC2)C1
fraggfn_drd2,greedy_oracle_static,72,72,84,1,0.9917794813792775,CCC1CCC(c2ccccc2)C(CCN2CCCC2)C1,CCC1CC(CCN2CCCC2)C(c2ccccc2)C(c2cn[nH]c2)C1
fraggfn_drd2,greedy_oracle_static,73,73,85,1,0.9874335378271611,CCC1CCC(c2ccccc2)C(CCN2CCCC2)C1,CCC1CCC(c2cccc(-c3ccncn3)c2)C(CCN2CCCC2)C1
fraggfn_drd2,greedy_oracle_static,74,74,86,1,0.987363398571311,CCC1CCC(c2ccccc2)C(CCN2CCCC2)C1,CCC1CC(CCN2CCCC2)C(c2ccccc2)CC1c1ncccn1
fraggfn_drd2,greedy_oracle_static,75,75,87,1,0.9870450699803135,CCC1CCC(c2ccccc2)C(CCN2CCCC2)C1,CCC1CCC(c2ccccc2)C(CCN2CCCC2)C1n1cccnc1=O
fraggfn_drd2,greedy_oracle_static,76,76,88,1,0.9815512142485115,CCC1CCC(c2ccccc2)C(CCN2CCCC2)C1,CCC1CC(CCN2CCCC2)C(c2ccccc2)C(n2cccnc2=O)C1
fraggfn_drd2,greedy_oracle_static,77,77,89,1,0.957277228337844,CCC1CCC(c2ccccc2)C(CCN2CCCC2)C1,CCC1CCC(c2ccccc2)C(CCN2CCCC2)C1NC=O
fraggfn_drd2,greedy_oracle_static,78,78,90,1,0.9482726666814617,CCC1CCC(c2ccccc2)C(CCN2CCCC2)C1,CCC1CCC(c2ccccc2)C(CCN2CCCC2c2cc[nH]c2)C1
fraggfn_drd2,greedy_oracle_static,79,79,91,1,0.9196026150198909,CCC1CCC(c2ccccc2)C(CCN2CCCC2)C1,CCC1CCC(c2cccc(C3CNc4nc[nH]c(=O)c4N3)c2)C(CCN2CCCC2)C1
fraggfn_drd2,greedy_oracle_static,80,80,92,1,0.8885479864638235,CCC1CCC(c2ccccc2)C(CCN2CCCC2)C1,CCC1CCC(c2ccccc2-n2ccc(=O)[nH]c2=O)C(CCN2CCCC2)C1
fraggfn_drd2,greedy_oracle_static,81,81,93,1,0.8786930548740496,CCC1CCC(c2ccccc2)C(CCN2CCCC2)C1,O=c1[nH]cnc2c1ncn2CCC1CCC(c2ccccc2)C(CCN2CCCC2)C1
fraggfn_drd2,greedy_oracle_static,82,82,94,1,0.8671922394125822,CCC1CCC(c2ccccc2)C(CCN2CCCC2)C1,CCC1CC(CCN2CCCC2)C(c2ccccc2)CC1n1ccc(=O)[nH]c1=O
fraggfn_drd2,greedy_oracle_static,83,83,95,1,0.8636883441183297,CCC1CCC(c2ccccc2)C(CCN2CCCC2)C1,CCC1CC(CCN2CCCC2)C(c2ccccc2)C([n+]2ccccc2)C1
fraggfn_drd2,greedy_oracle_static,84,84,96,1,0.8635802224237146,CCC1CCC(c2ccccc2)C(CCN2CCCC2)C1,CCC1CCC(c2ccccc2)C(CCN2CCCC2)C1C1CNc2nc[nH]c(=O)c2N1
fraggfn_drd2,greedy_oracle_static,85,85,97,1,0.7819903789887647,CCC1CCC(c2ccccc2)C(CCN2CCCC2)C1,CCC1CCC(c2ccccc2)C(CCN2CCCC2)C1C1CCCCO1
fraggfn_drd2,greedy_oracle_static,86,86,98,1,0.762899009532855,CCC1CCC(c2ccccc2)C(CCN2CCCC2)C1,CCC1CCC(c2ccccc2)C(CCN2CCCC2n2cccnc2=O)C1
fraggfn_drd2,greedy_oracle_static,87,87,99,1,0.7130978650158316,CCC1CCC(c2ccccc2)C(CCN2CCCC2)C1,CCC1CCC(c2ccccc2)C(CCN2CCC(n3cnc4cncnc43)C2)C1
fraggfn_drd2,greedy_oracle_static,88,88,100,1,0.6823706467262622,CCC1CCC(c2ccccc2)C(CCN2CCCC2)C1,CCC1CCC(c2ccccc2)C(CCN2CCCC2C2CNc3nc[nH]c(=O)c3N2)C1
fraggfn_drd2,greedy_oracle_static,89,89,101,1,0.6775110694899388,CCC1CCC(c2ccccc2)C(CCN2CCCC2)C1,CCC1CC(CCN2CCCC2)C(c2ccccc2)C(n2c3nc(=O)[nH]c(=O)c-3nc3ccccc32)C1
fraggfn_drd2,greedy_oracle_static,90,90,102,1,0.6585321126929061,CCC1CCC(c2ccccc2)C(CCN2CCCC2)C1,CCC1CCC(c2cccc(-n3c4nc(=O)[nH]c(=O)c-4nc4ccccc43)c2)C(CCN2CCCC2)C1
fraggfn_drd2,greedy_oracle_static,91,91,103,1,0.628439308327503,CCC1CCC(c2ccccc2)C(CCN2CCCC2)C1,CCC1CC(CCN2CCCC2)C(c2ccccc2)CC1c1ccc2[nH]c3nc(=O)[nH]c(=O)c-3nc2c1
fraggfn_drd2,greedy_oracle_static,92,92,104,1,0.5852352887011072,CCC1CCC(c2ccccc2)C(CCN2CCCC2)C1,CCC1CCC(c2cccc(-c3ccc4nc5c(=O)[nH]c(=O)nc-5[nH]c4c3)c2)C(CCN2CCCC2)C1
fraggfn_drd2,greedy_oracle_static,93,93,105,1,0.5348999023729109,CCC1CCC(c2ccccc2)C(CCN2CCCC2)C1,CCC1CC(CCN2CCCC2)C(c2ccccc2)C(C2CCCNC2)C1
fraggfn_drd2,greedy_oracle_static,94,94,110,5,0.9999964957097017,c1ccc(C2CCC(CCN3CCCC3)C(c3ccncc3)C2)cc1,Brc1cnccc1C1CC(c2ccccc2)CCC1CCN1CCCC1
fraggfn_drd2,greedy_oracle_static,95,95,111,1,0.9999945276926072,c1ccc(C2CCC(CCN3CCCC3)C(c3ccncc3)C2)cc1,Brc1ccc(C2CCC(CCN3CCCC3)C(c3ccncc3)C2)cc1
fraggfn_drd2,greedy_oracle_static,96,96,112,1,0.9970339807216247,c1ccc(C2CCC(CCN3CCCC3)C(c3ccncc3)C2)cc1,BrC1C(c2ccccc2)CCC(CCN2CCCC2)C1c1ccncc1
fraggfn_drd2,greedy_oracle_static,97,97,113,1,0.9960543166775475,c1ccc(C2CCC(CCN3CCCC3)C(c3ccncc3)C2)cc1,CNC1CC(c2ccccc2)CC(c2ccncc2)C1CCN1CCCC1
fraggfn_drd2,greedy_oracle_static,98,98,114,1,0.9933858898101036,c1ccc(C2CCC(CCN3CCCC3)C(c3ccncc3)C2)cc1,c1ccc(C2CCC(CCN3CCCC3)C(c3ccnc(-c4ccc[nH]4)c3)C2)cc1
fraggfn_drd2,greedy_oracle_static,99,99,115,1,0.9887845948289835,c1ccc(C2CCC(CCN3CCCC3)C(c3ccncc3)C2)cc1,CC1CCCN1CCC1CCC(c2ccccc2)CC1c1ccncc1
fraggfn_drd2,greedy_oracle_static,100,100,116,1,0.9865498863860231,c1ccc(C2CCC(CCN3CCCC3)C(c3ccncc3)C2)cc1,C=CC1CC(CCN2CCCC2)C(c2ccncc2)CC1c1ccccc1
fraggfn_drd2,greedy_oracle_static,101,101,117,1,0.9690274750761759,c1ccc(C2CCC(CCN3CCCC3)C(c3ccncc3)C2)cc1,O=c1nc(-c2ccccc2C2CCC(CCN3CCCC3)C(c3ccncc3)C2)cc[nH]1
fraggfn_drd2,greedy_oracle_static,102,102,118,1,0.9271989376446571,c1ccc(C2CCC(CCN3CCCC3)C(c3ccncc3)C2)cc1,O=c1[nH]cc(C2CCN(CCC3CCC(c4ccccc4)CC3c3ccncc3)C2)c(=O)[nH]1
fraggfn_drd2,greedy_oracle_static,103,103,119,1,0.8258958404769453,c1ccc(C2CCC(CCN3CCCC3)C(c3ccncc3)C2)cc1,O=c1[nH]c(C2C(c3ccccc3)CCC(CCN3CCCC3)C2c2ccncc2)nc2[nH]cnc12
fraggfn_drd2,greedy_oracle_static,104,104,120,1,0.8169581389013855,c1ccc(C2CCC(CCN3CCCC3)C(c3ccncc3)C2)cc1,O=c1[nH]cnc2c1NC(c1ccccc1C1CCC(CCN3CCCC3)C(c3ccncc3)C1)CN2
fraggfn_drd2,greedy_oracle_static,105,105,121,1,0.7725083953005402,c1ccc(C2CCC(CCN3CCCC3)C(c3ccncc3)C2)cc1,O=c1[nH]cnc2c1ncn2C1CC(CCN2CCCC2)C(c2ccncc2)CC1c1ccccc1
fraggfn_drd2,greedy_oracle_static,106,106,122,1,0.7307470267091162,c1ccc(C2CCC(CCN3CCCC3)C(c3ccncc3)C2)cc1,O=c1[nH]c(-c2cccc(C3CCC(CCN4CCCC4)C(c4ccncc4)C3)c2)nc2[nH]cnc12
fraggfn_drd2,greedy_oracle_static,107,107,123,1,0.7034097140514904,c1ccc(C2CCC(CCN3CCCC3)C(c3ccncc3)C2)cc1,c1ccc(C2CC(c3ccncc3)C(CCN3CCCC3)CC2c2ncnc3[nH]cnc23)cc1
fraggfn_drd2,greedy_oracle_static,108,108,124,1,0.66423543283862,c1ccc(C2CCC(CCN3CCCC3)C(c3ccncc3)C2)cc1,O=c1[nH]c(C2CC(c3ccccc3)CC(c3ccncc3)C2CCN2CCCC2)nc2c1NCCN2
fraggfn_drd2,greedy_oracle_static,109,109,125,1,0.5120531596104823,c1ccc(C2CCC(CCN3CCCC3)C(c3ccncc3)C2)cc1,c1ccc(C2CCC(CCN3CCCC3)C(c3ccncc3)C2n2cnc3cncnc32)cc1
fraggfn_drd2,greedy_oracle_static,110,110,130,5,0.9999979458524861,c1ccc(C2CCCC(CCN3CCCC3)C2c2ccccn2)cc1,Brc1ccnc(C2C(CCN3CCCC3)CCCC2c2ccccc2)c1
fraggfn_drd2,greedy_oracle_static,111,111,131,1,0.9999877749160192,c1ccc(C2CCCC(CCN3CCCC3)C2c2ccccn2)cc1,[NH3+]Cc1cccc(C2CCCC(CCN3CCCC3)C2c2ccccn2)c1
fraggfn_drd2,greedy_oracle_static,112,112,132,1,0.9973280486962633,c1ccc(C2CCCC(CCN3CCCC3)C2c2ccccn2)cc1,CNC1CCC(c2ccccc2)C(c2ccccn2)C1CCN1CCCC1
fraggfn_drd2,greedy_oracle_static,113,113,133,1,0.9942233533326346,c1ccc(C2CCCC(CCN3CCCC3)C2c2ccccn2)cc1,BrC1CC(CCN2CCCC2)C(c2ccccn2)C(c2ccccc2)C1
fraggfn_drd2,greedy_oracle_static,114,114,134,1,0.9918140711260904,c1ccc(C2CCCC(CCN3CCCC3)C2c2ccccn2)cc1,CN(C)C1CCC(CCN2CCCC2)C(c2ccccn2)C1c1ccccc1
fraggfn_drd2,greedy_oracle_static,115,115,135,1,0.9888083232209834,c1ccc(C2CCCC(CCN3CCCC3)C2c2ccccn2)cc1,c1ccc(C2CCCC(CCN3CCCC3)C2c2ncccc2-c2ccc[nH]2)cc1
fraggfn_drd2,greedy_oracle_static,116,116,136,1,0.984367825739798,c1ccc(C2CCCC(CCN3CCCC3)C2c2ccccn2)cc1,c1ccc(C2CCCC(CCN3CCC(c4cc[nH]c4)C3)C2c2ccccn2)cc1
fraggfn_drd2,greedy_oracle_static,117,117,137,1,0.9788986534822943,c1ccc(C2CCCC(CCN3CCCC3)C2c2ccccn2)cc1,c1ccc(C2C(CCN3CCCC3)CCCC2c2ccccc2-c2ccc[nH+]c2)nc1
fraggfn_drd2,greedy_oracle_static,118,118,138,1,0.94676780627438,c1ccc(C2CCCC(CCN3CCCC3)C2c2ccccn2)cc1,c1ccc(C2CCCC(CCN3CCCC3)C2c2cccc(-c3c[nH]c4ccccc34)n2)cc1
fraggfn_drd2,greedy_oracle_static,119,119,139,1,0.8817572968071019,c1ccc(C2CCCC(CCN3CCCC3)C2c2ccccn2)cc1,c1ccc(C2CCCC(CCN3CCCC3c3c[nH]c4ccccc34)C2c2ccccn2)cc1
fraggfn_drd2,greedy_oracle_static,120,120,140,1,0.8508693301655444,c1ccc(C2CCCC(CCN3CCCC3)C2c2ccccn2)cc1,O=c1[nH]c(-c2ccc(C3C(CCN4CCCC4)CCCC3c3ccccc3)nc2)nc2[nH]cnc12
fraggfn_drd2,greedy_oracle_static,121,121,141,1,0.7302276887234863,c1ccc(C2CCCC(CCN3CCCC3)C2c2ccccn2)cc1,O=c1[nH]cnc2c1NC(c1ccc(C3CCCC(CCN4CCCC4)C3c3ccccn3)cc1)CN2
fraggfn_drd2,greedy_oracle_static,122,122,142,1,0.7298643055352699,c1ccc(C2CCCC(CCN3CCCC3)C2c2ccccn2)cc1,O=c1[nH]cnc2c1ncn2-c1cccc(C2C(CCN3CCCC3)CCCC2c2ccccc2)n1
fraggfn_drd2,greedy_oracle_static,123,123,143,1,0.7152181207287532,c1ccc(C2CCCC(CCN3CCCC3)C2c2ccccn2)cc1,O=c1[nH]c(C2CCC(CCN3CCCC3)C(c3ccccn3)C2c2ccccc2)nc2c1NCCN2
fraggfn_drd2,greedy_oracle_static,124,124,144,1,0.5584324806095533,c1ccc(C2CCCC(CCN3CCCC3)C2c2ccccn2)cc1,c1ccc(C2CCCC(CCN3CCCC3)C2c2ncccc2-n2cnc3cncnc32)cc1
fraggfn_drd2,greedy_oracle_static,125,125,145,1,0.5328750972256558,c1ccc(C2CCCC(CCN3CCCC3)C2c2ccccn2)cc1,O=c1ccn(C2CCCN2CCC2CCCC(c3ccccc3)C2c2ccccn2)c(=O)[nH]1
fraggfn_drd2,greedy_oracle_static,126,126,150,5,0.9999990756798229,IC1CCC(c2ccccc2CCN2CCCC2)CC1,IC1CCC(c2ccccc2CCN2CCCC2)C(c2cccs2)C1
fraggfn_drd2,greedy_oracle_static,127,127,151,1,0.9999974803695769,IC1CCC(c2ccccc2CCN2CCCC2)CC1,IC1CCC(c2ccccc2CCN2CCC(c3cc[nH]c3)C2)CC1
fraggfn_drd2,greedy_oracle_static,128,128,152,1,0.9999955022041467,IC1CCC(c2ccccc2CCN2CCCC2)CC1,IC1CCC(c2c(CCN3CCCC3)cccc2-c2ccncc2)CC1
fraggfn_drd2,greedy_oracle_static,129,129,153,1,0.9999932655006699,IC1CCC(c2ccccc2CCN2CCCC2)CC1,Brc1ccc(C2CCC(I)CC2)c(CCN2CCCC2)c1
fraggfn_drd2,greedy_oracle_static,130,130,154,1,0.9999922441047076,IC1CCC(c2ccccc2CCN2CCCC2)CC1,IC1CCC(c2ccccc2CCN2CCCC2)CC1c1cn[nH]c1
fraggfn_drd2,greedy_oracle_static,131,131,155,1,0.9999888939082111,IC1CCC(c2ccccc2CCN2CCCC2)CC1,IC1CCC(c2cc(-c3ccncc3)ccc2CCN2CCCC2)CC1
fraggfn_drd2,greedy_oracle_static,132,132,156,1,0.9971031157342924,IC1CCC(c2ccccc2CCN2CCCC2)CC1,COc1cccc(C2CCC(I)CC2)c1CCN1CCCC1
fraggfn_drd2,greedy_oracle_static,133,133,157,1,0.9952959239330744,IC1CCC(c2ccccc2CCN2CCCC2)CC1,IC1CCC(c2cccc(-c3c[nH]c4ccccc34)c2CCN2CCCC2)CC1
fraggfn_drd2,greedy_oracle_static,134,134,158,1,0.9938065751643881,IC1CCC(c2ccccc2CCN2CCCC2)CC1,O=c1ncccn1C1CC(I)CCC1c1ccccc1CCN1CCCC1
fraggfn_drd2,greedy_oracle_static,135,135,159,1,0.9913647344212131,IC1CCC(c2ccccc2CCN2CCCC2)CC1,CC1CCCN1CCc1ccccc1C1CCC(I)CC1
fraggfn_drd2,greedy_oracle_static,136,136,160,1,0.9910535869479746,IC1CCC(c2ccccc2CCN2CCCC2)CC1,O=c1ncccn1C1CCN(CCc2ccccc2C2CCC(I)CC2)C1
fraggfn_drd2,greedy_oracle_static,137,137,161,1,0.9864711984790351,IC1CCC(c2ccccc2CCN2CCCC2)CC1,O=c1ncccn1-c1cccc(CCN2CCCC2)c1C1CCC(I)CC1
fraggfn_drd2,greedy_oracle_static,138,138,162,1,0.9848770853981738,IC1CCC(c2ccccc2CCN2CCCC2)CC1,CNC(=O)c1cccc(CCN2CCCC2)c1C1CCC(I)CC1
fraggfn_drd2,greedy_oracle_static,139,139,163,1,0.9685748189691131,IC1CCC(c2ccccc2CCN2CCCC2)CC1,IC1CCC(c2c(CCN3CCCC3)cccc2C2CCCN2)CC1
fraggfn_drd2,greedy_oracle_static,140,140,164,1,0.9667895474454649,IC1CCC(c2ccccc2CCN2CCCC2)CC1,O=c1ccn(-c2ccc(CCN3CCCC3)c(C3CCC(I)CC3)c2)c(=O)[nH]1
fraggfn_drd2,greedy_oracle_static,141,141,165,1,0.9437355215389068,IC1CCC(c2ccccc2CCN2CCCC2)CC1,O=c1[nH]cnc2c1NC(C1CC(c3ccccc3CCN3CCCC3)CCC1I)CN2
fraggfn_drd2,greedy_oracle_static,142,142,166,1,0.9364700311504983,IC1CCC(c2ccccc2CCN2CCCC2)CC1,IC1CCC(c2ccccc2CCN2CCCC2)C(C2CCCCO2)C1
fraggfn_drd2,greedy_oracle_static,143,143,167,1,0.9134197498661034,IC1CCC(c2ccccc2CCN2CCCC2)CC1,IC1CCC(c2cc(C3CCCOC3)ccc2CCN2CCCC2)CC1
fraggfn_drd2,greedy_oracle_static,144,144,168,1,0.9099462128074509,IC1CCC(c2ccccc2CCN2CCCC2)CC1,O=c1[nH]c(C2CC(I)CCC2c2ccccc2CCN2CCCC2)nc2c1NCCN2
fraggfn_drd2,greedy_oracle_static,145,145,169,1,0.9068382151560311,IC1CCC(c2ccccc2CCN2CCCC2)CC1,CC(=O)NCC1CC(I)CCC1c1ccccc1CCN1CCCC1
fraggfn_drd2,greedy_oracle_static,146,146,170,1,0.9040811633113586,IC1CCC(c2ccccc2CCN2CCCC2)CC1,O=c1[nH]c(-c2ccc(C3CCC(I)CC3)c(CCN3CCCC3)c2)nc2[nH]cnc12
fraggfn_drd2,greedy_oracle_static,147,147,171,1,0.9025352865188875,IC1CCC(c2ccccc2CCN2CCCC2)CC1,IC1CCC(c2cccc(-c3ncnc4[nH]cnc34)c2CCN2CCCC2)CC1
fraggfn_drd2,greedy_oracle_static,148,148,172,1,0.8819619217041147,IC1CCC(c2ccccc2CCN2CCCC2)CC1,O=c1[nH]c(-c2cccc(C3CCC(I)CC3)c2CCN2CCCC2)nc2c1NCCN2
fraggfn_drd2,greedy_oracle_static,149,149,173,1,0.859077659098565,IC1CCC(c2ccccc2CCN2CCCC2)CC1,IC1CCC(c2ccccc2CCN2CCCC2)CC1n1cnc2cncnc21
fraggfn_drd2,greedy_oracle_static,150,150,174,1,0.8576680624675481,IC1CCC(c2ccccc2CCN2CCCC2)CC1,O=c1[nH]cnc2c1ncn2-c1ccc(C2CCC(I)CC2)c(CCN2CCCC2)c1
fraggfn_drd2,greedy_oracle_static,151,151,175,1,0.8548957671912103,IC1CCC(c2ccccc2CCN2CCCC2)CC1,IC1CCC(c2c(CCN3CCCC3)cccc2[NH+]2CCOCC2)CC1
fraggfn_drd2,greedy_oracle_static,152,152,176,1,0.8317370103553404,IC1CCC(c2ccccc2CCN2CCCC2)CC1,O=c1[nH]c(C2CCCN2CCc2ccccc2C2CCC(I)CC2)nc2[nH]cnc12
fraggfn_drd2,greedy_oracle_static,153,153,177,1,0.8307517972369296,IC1CCC(c2ccccc2CCN2CCCC2)CC1,IC1CCC(c2ccccc2CCN2CCCC2)CC1C1CCCOC1
fraggfn_drd2,greedy_oracle_static,154,154,178,1,0.8240751473840532,IC1CCC(c2ccccc2CCN2CCCC2)CC1,O=c1nc2[nH]c3ccc(C4CC(I)CCC4c4ccccc4CCN4CCCC4)cc3nc-2c(=O)[nH]1
fraggfn_drd2,greedy_oracle_static,155,155,179,1,0.7663060267672533,IC1CCC(c2ccccc2CCN2CCCC2)CC1,O=c1nc2[nH]c3cc(-c4cccc(C5CCC(I)CC5)c4CCN4CCCC4)ccc3nc-2c(=O)[nH]1
fraggfn_drd2,greedy_oracle_static,156,156,180,1,0.7549848511020286,IC1CCC(c2ccccc2CCN2CCCC2)CC1,O=c1nc2n(C3CC(I)CCC3c3ccccc3CCN3CCCC3)c3ccccc3nc-2c(=O)[nH]1
fraggfn_drd2,greedy_oracle_static,157,157,181,1,0.6864974993896216,IC1CCC(c2ccccc2CCN2CCCC2)CC1,O=c1[nH]cnc2c1ncn2C1CCCN1CCc1ccccc1C1CCC(I)CC1
fraggfn_drd2,greedy_oracle_static,158,158,182,1,0.6175614210843853,IC1CCC(c2ccccc2CCN2CCCC2)CC1,IC1CCC(c2cccc(-n3cnc4cncnc43)c2CCN2CCCC2)CC1
fraggfn_drd2,greedy_oracle_static,159,159,183,1,0.5506111544462116,IC1CCC(c2ccccc2CCN2CCCC2)CC1,O=c1nc2[nH]c3cc(C4CCCN4CCc4ccccc4C4CCC(I)CC4)ccc3nc-2c(=O)[nH]1
fraggfn_drd2,greedy_oracle_static,160,160,188,5,0.9999954246139834,NCC1CCCCC1c1ccccc1CCN1CCCC1,NCC1CC(c2cscn2)CCC1c1ccccc1CCN1CCCC1
fraggfn_drd2,greedy_oracle_static,161,161,189,1,0.9999915206095698,NCC1CCCCC1c1ccccc1CCN1CCCC1,NCC1CCCCC1c1ccc(Cl)cc1CCN1CCCC1
fraggfn_drd2,greedy_oracle_static,162,162,190,1,0.9999894302960313,NCC1CCCCC1c1ccccc1CCN1CCCC1,NCC1C(c2nccs2)CCCC1c1ccccc1CCN1CCCC1
fraggfn_drd2,greedy_oracle_static,163,163,191,1,0.9974497825103757,NCC1CCCCC1c1ccccc1CCN1CCCC1,NCC1CCC(c2ccc[nH]2)CC1c1ccccc1CCN1CCCC1
fraggfn_drd2,greedy_oracle_static,164,164,192,1,0.9968108666149865,NCC1CCCCC1c1ccccc1CCN1CCCC1,NCC1CCCC(c2ccncc2)C1c1ccccc1CCN1CCCC1
fraggfn_drd2,greedy_oracle_static,165,165,193,1,0.9967506548806888,NCC1CCCCC1c1ccccc1CCN1CCCC1,NCC1CCCCC1c1cccc(-c2ccncc2)c1CCN1CCCC1
fraggfn_drd2,greedy_oracle_static,166,166,194,1,0.9966306793213834,NCC1CCCCC1c1ccccc1CCN1CCCC1,NCC1CCCCC1c1ccccc1CCN1CCC(c2cn[nH]c2)C1
fraggfn_drd2,greedy_oracle_static,167,167,195,1,0.9966134519250006,NCC1CCCCC1c1ccccc1CCN1CCCC1,NCC1CCCCC1c1c(O)cccc1CCN1CCCC1
fraggfn_drd2,greedy_oracle_static,168,168,196,1,0.9960543273413484,NCC1CCCCC1c1ccccc1CCN1CCCC1,c1cnc(NCC2CCCCC2c2ccccc2CCN2CCCC2)nc1
fraggfn_drd2,greedy_oracle_static,169,169,197,1,0.9920390198142824,NCC1CCCCC1c1ccccc1CCN1CCCC1,NCC1CCCCC1c1cc(-c2c[nH]c3ccccc23)ccc1CCN1CCCC1
fraggfn_drd2,greedy_oracle_static,170,170,198,1,0.9846074540508364,NCC1CCCCC1c1ccccc1CCN1CCCC1,NCC1CCCCC1c1ccccc1CCN1CCCC1c1c[nH]c2ccccc12
fraggfn_drd2,greedy_oracle_static,171,171,199,1,0.9794629322352804,NCC1CCCCC1c1ccccc1CCN1CCCC1,NCC1CCCCC1c1cc(-[n+]2ccccc2)ccc1CCN1CCCC1
fraggfn_drd2,greedy_oracle_static,172,172,200,1,0.977400142560978,NCC1CCCCC1c1ccccc1CCN1CCCC1,NCC1CC(n2ccc(=O)[nH]c2=O)CCC1c1ccccc1CCN1CCCC1
fraggfn_drd2,greedy_oracle_static,173,173,201,1,0.9149110250177908,NCC1CCCCC1c1ccccc1CCN1CCCC1,NCC1CCC(n2cnc3c(=O)[nH]cnc32)CC1c1ccccc1CCN1CCCC1
fraggfn_drd2,greedy_oracle_static,174,174,202,1,0.8972483943314222,NCC1CCCCC1c1ccccc1CCN1CCCC1,NCC1CCCCC1c1c(CCN2CCCC2)cccc1-c1nc2[nH]cnc2c(=O)[nH]1
fraggfn_drd2,greedy_oracle_static,175,175,203,1,0.8853653088064073,NCC1CCCCC1c1ccccc1CCN1CCCC1,NCC1CCCCC1c1ccccc1CCN1CCCC1n1cccnc1=O
fraggfn_drd2,greedy_oracle_static,176,176,204,1,0.874093050518003,NCC1CCCCC1c1ccccc1CCN1CCCC1,NCC1CCCCC1c1cccc(-n2ccc(=O)[nH]c2=O)c1CCN1CCCC1
fraggfn_drd2,greedy_oracle_static,177,177,205,1,0.8153956588040314,NCC1CCCCC1c1ccccc1CCN1CCCC1,NCC1CCCCC1c1cc(C2CNc3nc[nH]c(=O)c3N2)ccc1CCN1CCCC1
fraggfn_drd2,greedy_oracle_static,178,178,206,1,0.8028281458790788,NCC1CCCCC1c1ccccc1CCN1CCCC1,NCC1CCCCC1c1cc(-c2ncnc3[nH]cnc23)ccc1CCN1CCCC1
fraggfn_drd2,greedy_oracle_static,179,179,207,1,0.7851597035614482,NCC1CCCCC1c1ccccc1CCN1CCCC1,NCC1CCCCC1c1ccccc1CCN1CCC(n2cnc3cncnc32)C1
fraggfn_drd2,greedy_oracle_static,180,180,208,1,0.7630064226307981,NCC1CCCCC1c1ccccc1CCN1CCCC1,NCC1CCCCC1c1ccccc1CCN1CCCC1C1CCCN1
fraggfn_drd2,greedy_oracle_static,181,181,209,1,0.7062497603103673,NCC1CCCCC1c1ccccc1CCN1CCCC1,NCC1CCCCC1c1ccccc1CCN1CCC(C2CNc3nc[nH]c(=O)c3N2)C1
fraggfn_drd2,greedy_oracle_static,182,182,210,1,0.7057514191175326,NCC1CCCCC1c1ccccc1CCN1CCCC1,O=c1nc2[nH]c3cc(NCC4CCCCC4c4ccccc4CCN4CCCC4)ccc3nc-2c(=O)[nH]1
fraggfn_drd2,greedy_oracle_static,183,183,211,1,0.6868677595997004,NCC1CCCCC1c1ccccc1CCN1CCCC1,NCC1CCCCC1c1ccc(-n2c3nc(=O)[nH]c(=O)c-3nc3ccccc32)cc1CCN1CCCC1
fraggfn_drd2,greedy_oracle_static,184,184,212,1,0.6510203368996526,NCC1CCCCC1c1ccccc1CCN1CCCC1,NCC1C(c2ccccc2CCN2CCCC2)CCCC1C1CCCNC1
fraggfn_drd2,greedy_oracle_static,185,185,213,1,0.6467773257140748,NCC1CCCCC1c1ccccc1CCN1CCCC1,NCC1CCCCC1c1cc(-c2nc3c(c(=O)[nH]2)NCCN3)ccc1CCN1CCCC1
fraggfn_drd2,greedy_oracle_static,186,186,214,1,0.6415406555336971,NCC1CCCCC1c1ccccc1CCN1CCCC1,NCC1CCCCC1c1cc(-c2ccc3[nH]c4nc(=O)[nH]c(=O)c-4nc3c2)ccc1CCN1CCCC1
fraggfn_drd2,greedy_oracle_static,187,187,215,1,0.610134617082717,NCC1CCCCC1c1ccccc1CCN1CCCC1,NCC1CC([NH+]2CCOCC2)CCC1c1ccccc1CCN1CCCC1
fraggfn_drd2,greedy_oracle_static,188,188,216,1,0.6048921501142035,NCC1CCCCC1c1ccccc1CCN1CCCC1,NCC1CCCCC1c1cc(-n2cnc3cncnc32)ccc1CCN1CCCC1
fraggfn_drd2,greedy_oracle_static,189,189,221,5,0.9999993802560164,c1ccc(C2CCCC(c3cscn3)C2)c(CCN2CCCC2)c1,Brc1ccc(CCN2CCCC2)c(C2CCCC(c3cscn3)C2)c1
fraggfn_drd2,greedy_oracle_static,190,190,222,1,0.9999964172120628,c1ccc(C2CCCC(c3cscn3)C2)c(CCN2CCCC2)c1,COc1cccc(CCN2CCCC2)c1C1CCCC(c2cscn2)C1
fraggfn_drd2,greedy_oracle_static,191,191,223,1,0.999995055998281,c1ccc(C2CCCC(c3cscn3)C2)c(CCN2CCCC2)c1,Brc1nc(C2CCCC(c3ccccc3CCN3CCCC3)C2)cs1
fraggfn_drd2,greedy_oracle_static,192,192,224,1,0.9999812174174177,c1ccc(C2CCCC(c3cscn3)C2)c(CCN2CCCC2)c1,CNC1CCN(CCc2ccccc2C2CCCC(c3cscn3)C2)C1
fraggfn_drd2,greedy_oracle_static,193,193,225,1,0.995197752320111,c1ccc(C2CCCC(c3cscn3)C2)c(CCN2CCCC2)c1,c1ccc(C2CCCC(c3cscn3)C2c2cc[nH]c2)c(CCN2CCCC2)c1
fraggfn_drd2,greedy_oracle_static,194,194,226,1,0.9942411625232855,c1ccc(C2CCCC(c3cscn3)C2)c(CCN2CCCC2)c1,c1c[nH]c(-c2cccc(C3CCCC(c4cscn4)C3)c2CCN2CCCC2)c1
fraggfn_drd2,greedy_oracle_static,195,195,227,1,0.9938351894474465,c1ccc(C2CCCC(c3cscn3)C2)c(CCN2CCCC2)c1,O=CNC1CCC(c2ccccc2CCN2CCCC2)CC1c1cscn1
fraggfn_drd2,greedy_oracle_static,196,196,228,1,0.9833431708932352,c1ccc(C2CCCC(c3cscn3)C2)c(CCN2CCCC2)c1,c1ccc2c(-c3ccc(C4CCCC(c5cscn5)C4)c(CCN4CCCC4)c3)c[nH]c2c1
fraggfn_drd2,greedy_oracle_static,197,197,229,1,0.980579803784052,c1ccc(C2CCCC(c3cscn3)C2)c(CCN2CCCC2)c1,c1ccc(C2CC(c3cn[nH]c3)CC(c3cscn3)C2)c(CCN2CCCC2)c1
fraggfn_drd2,greedy_oracle_static,198,198,230,1,0.7680194503850103,c1ccc(C2CCCC(c3cscn3)C2)c(CCN2CCCC2)c1,O=c1[nH]cnc2c1NC(C1CCCN1CCc1ccccc1C1CCCC(c3cscn3)C1)CN2
fraggfn_drd2,greedy_oracle_static,199,199,231,1,0.6625156007335006,c1ccc(C2CCCC(c3cscn3)C2)c(CCN2CCCC2)c1,c1ccc(C2CCCC(c3cscn3)C2n2cnc3cncnc32)c(CCN2CCCC2)c1
fraggfn_drd2,greedy_oracle_static,200,200,232,1,0.5,c1ccc(C2CCCC(c3cscn3)C2)c(CCN2CCCC2)c1,c1ncc2ncn(-c3ccc(C4CCCC(c5cscn5)C4)c(CCN4CCCC4)c3)c2n1
fraggfn_drd2,greedy_oracle_static,201,201,237,5,0.999992931733258,c1ccc(C2CC(CCN3CCCC3)CCC2c2ccc[nH]2)cc1,Brc1ccc(C2CC(CCN3CCCC3)CCC2c2ccc[nH]2)cc1
fraggfn_drd2,greedy_oracle_static,202,202,238,1,0.9963755104593591,c1ccc(C2CC(CCN3CCCC3)CCC2c2ccc[nH]2)cc1,CCc1c[nH]c(C2CCC(CCN3CCCC3)CC2c2ccccc2)c1
fraggfn_drd2,greedy_oracle_static,203,203,239,1,0.995852872943763,c1ccc(C2CC(CCN3CCCC3)CCC2c2ccc[nH]2)cc1,NC1C(CCN2CCCC2)CCC(c2ccc[nH]2)C1c1ccccc1
fraggfn_drd2,greedy_oracle_static,204,204,240,1,0.9921781360900688,c1ccc(C2CC(CCN3CCCC3)CCC2c2ccc[nH]2)cc1,NC1CC(CCN2CCCC2)CC(c2ccccc2)C1c1ccc[nH]1
fraggfn_drd2,greedy_oracle_static,205,205,241,1,0.9910377490256027,c1ccc(C2CC(CCN3CCCC3)CCC2c2ccc[nH]2)cc1,c1ccc(C2CC(CCN3CCCC3)C(c3cn[nH]c3)CC2c2ccc[nH]2)cc1
fraggfn_drd2,greedy_oracle_static,206,206,242,1,0.9810879506518561,c1ccc(C2CC(CCN3CCCC3)CCC2c2ccc[nH]2)cc1,c1ccc(C2CC(CCN3CCC(c4ccn[nH]4)C3)CCC2c2ccc[nH]2)cc1
fraggfn_drd2,greedy_oracle_static,207,207,243,1,0.9784953846360213,c1ccc(C2CC(CCN3CCCC3)CCC2c2ccc[nH]2)cc1,O=c1ncccn1-c1ccccc1C1CC(CCN2CCCC2)CCC1c1ccc[nH]1
fraggfn_drd2,greedy_oracle_static,208,208,244,1,0.9656319226406722,c1ccc(C2CC(CCN3CCCC3)CCC2c2ccc[nH]2)cc1,c1c[nH]c(C2CCC(CCN3CCCC3)CC2c2ccccc2-c2c[nH]c3ccccc23)c1
fraggfn_drd2,greedy_oracle_static,209,209,245,1,0.9361747048612453,c1ccc(C2CC(CCN3CCCC3)CCC2c2ccc[nH]2)cc1,c1ccc(C2CC(CCN3CCCC3c3cc[nH]n3)CCC2c2ccc[nH]2)cc1
fraggfn_drd2,greedy_oracle_static,210,210,246,1,0.867842326253406,c1ccc(C2CC(CCN3CCCC3)CCC2c2ccc[nH]2)cc1,c1ccc(C2CC(CCN3CCCC3)C(n3cnc4cncnc43)CC2c2ccc[nH]2)cc1
fraggfn_drd2,greedy_oracle_static,211,211,247,1,0.7633999360528481,c1ccc(C2CC(CCN3CCCC3)CCC2c2ccc[nH]2)cc1,O=c1[nH]cnc2c1ncn2-c1cccc(C2CC(CCN3CCCC3)CCC2c2ccc[nH]2)c1
fraggfn_drd2,greedy_oracle_static,212,212,248,1,0.7413007006170014,c1ccc(C2CC(CCN3CCCC3)CCC2c2ccc[nH]2)cc1,O=c1[nH]c(-c2cccc(C3CC(CCN4CCCC4)CCC3c3ccc[nH]3)c2)nc2c1NCCN2
fraggfn_drd2,greedy_oracle_static,213,213,253,5,0.999993221747615,c1ccc(C2CCCC(c3ccc(CCN4CCCC4)cc3)C2)nc1,Nc1cc(C2CCCC(c3ccccn3)C2)ccc1CCN1CCCC1
fraggfn_drd2,greedy_oracle_static,214,214,254,1,0.9999883642246808,c1ccc(C2CCCC(c3ccc(CCN4CCCC4)cc3)C2)nc1,Brc1cc(CCN2CCCC2)ccc1C1CCCC(c2ccccn2)C1
fraggfn_drd2,greedy_oracle_static,215,215,255,1,0.9999855597230268,c1ccc(C2CCCC(c3ccc(CCN4CCCC4)cc3)C2)nc1,Brc1ccnc(C2CCCC(c3ccc(CCN4CCCC4)cc3)C2)c1
fraggfn_drd2,greedy_oracle_static,216,216,256,1,0.992741297873042,c1ccc(C2CCCC(c3ccc(CCN4CCCC4)cc3)C2)nc1,CNC1CCC(c2ccc(CCN3CCCC3)cc2)CC1c1ccccn1
fraggfn_drd2,greedy_oracle_static,217,217,257,1,0.9871425788046838,c1ccc(C2CCCC(c3ccc(CCN4CCCC4)cc3)C2)nc1,CNC1CCN(CCc2ccc(C3CCCC(c4ccccn4)C3)cc2)C1
fraggfn_drd2,greedy_oracle_static,218,218,258,1,0.9770042253888747,c1ccc(C2CCCC(c3ccc(CCN4CCCC4)cc3)C2)nc1,N#CC1C(c2ccc(CCN3CCCC3)cc2)CCCC1c1ccccn1
fraggfn_drd2,greedy_oracle_static,219,219,259,1,0.9736706014934645,c1ccc(C2CCCC(c3ccc(CCN4CCCC4)cc3)C2)nc1,c1ccc(C2CCC(c3cc[nH]c3)C(c3ccc(CCN4CCCC4)cc3)C2)nc1
fraggfn_drd2,greedy_oracle_static,220,220,260,1,0.9654178760267218,c1ccc(C2CCCC(c3ccc(CCN4CCCC4)cc3)C2)nc1,N=C(N)C1CC(c2ccc(CCN3CCCC3)cc2)CC(c2ccccn2)C1
fraggfn_drd2,greedy_oracle_static,221,221,261,1,0.9650972697141921,c1ccc(C2CCCC(c3ccc(CCN4CCCC4)cc3)C2)nc1,c1ccc(-c2cccnc2C2CCCC(c3ccc(CCN4CCCC4)cc3)C2)cc1
fraggfn_drd2,greedy_oracle_static,222,222,262,1,0.9593941479436915,c1ccc(C2CCCC(c3ccc(CCN4CCCC4)cc3)C2)nc1,c1ccc2c(-c3ccc(C4CCCC(c5ccc(CCN6CCCC6)cc5)C4)nc3)c[nH]c2c1
fraggfn_drd2,greedy_oracle_static,223,223,263,1,0.9429073583322855,c1ccc(C2CCCC(c3ccc(CCN4CCCC4)cc3)C2)nc1,c1cc(-c2cn[nH]c2)nc(C2CCCC(c3ccc(CCN4CCCC4)cc3)C2)c1
fraggfn_drd2,greedy_oracle_static,224,224,264,1,0.7913565714197601,c1ccc(C2CCCC(c3ccc(CCN4CCCC4)cc3)C2)nc1,O=c1[nH]cc(C2CCCN2CCc2ccc(C3CCCC(c4ccccn4)C3)cc2)c(=O)[nH]1
fraggfn_drd2,greedy_oracle_static,225,225,265,1,0.783645451033092,c1ccc(C2CCCC(c3ccc(CCN4CCCC4)cc3)C2)nc1,O=c1[nH]cnc2c1NC(C1C(c3ccc(CCN4CCCC4)cc3)CCCC1c1ccccn1)CN2
fraggfn_drd2,greedy_oracle_static,226,226,266,1,0.7305926683668675,c1ccc(C2CCCC(c3ccc(CCN4CCCC4)cc3)C2)nc1,O=c1[nH]c(C2C(c3ccc(CCN4CCCC4)cc3)CCCC2c2ccccn2)nc2[nH]cnc12
fraggfn_drd2,greedy_oracle_static,227,227,267,1,0.6198568685647525,c1ccc(C2CCCC(c3ccc(CCN4CCCC4)cc3)C2)nc1,O=c1[nH]cnc2c1NC(c1ccc(C3CCCC(c4ccc(CCN5CCCC5)cc4)C3)nc1)CN2
fraggfn_drd2,greedy_oracle_static,228,228,268,1,0.5867903092991267,c1ccc(C2CCCC(c3ccc(CCN4CCCC4)cc3)C2)nc1,O=c1[nH]cnc2c1ncn2-c1cccnc1C1CCCC(c2ccc(CCN3CCCC3)cc2)C1
fraggfn_drd2,greedy_oracle_static,229,229,273,5,0.9999963325691996,Clc1ccccc1C1CCC(CCN2CCCC2)CC1,C=C(C)c1ccc(C2CCC(CCN3CCCC3)CC2)c(Cl)c1
fraggfn_drd2,greedy_oracle_static,230,230,274,1,0.9999961933582624,Clc1ccccc1C1CCC(CCN2CCCC2)CC1,CCc1cccc(Cl)c1C1CCC(CCN2CCCC2)CC1
fraggfn_drd2,greedy_oracle_static,231,231,275,1,0.9999895695898903,Clc1ccccc1C1CCC(CCN2CCCC2)CC1,C[SH+]c1cccc(C2CCC(CCN3CCCC3)CC2)c1Cl
fraggfn_drd2,greedy_oracle_static,232,232,276,1,0.9999860804578126,Clc1ccccc1C1CCC(CCN2CCCC2)CC1,Clc1ccccc1C1CCC(CCN2CCC(c3cc[nH]c3)C2)CC1
fraggfn_drd2,greedy_oracle_static,233,233,277,1,0.9999819772037668,Clc1ccccc1C1CCC(CCN2CCCC2)CC1,Clc1ccccc1C1CCC(CCN2CCCC2)C(c2c[nH]c3ccccc23)C1
fraggfn_drd2,greedy_oracle_static,234,234,278,1,0.9969506553897057,Clc1ccccc1C1CCC(CCN2CCCC2)CC1,NCc1ccc(Cl)c(C2CCC(CCN3CCCC3)CC2)c1
fraggfn_drd2,greedy_oracle_static,235,235,279,1,0.995944166111398,Clc1ccccc1C1CCC(CCN2CCCC2)CC1,Clc1ccccc1C1CCC(CCN2CCCC2)CC1c1cccs1
fraggfn_drd2,greedy_oracle_static,236,236,280,1,0.9920435189676431,Clc1ccccc1C1CCC(CCN2CCCC2)CC1,CNC1CC(c2ccccc2Cl)CCC1CCN1CCCC1
fraggfn_drd2,greedy_oracle_static,237,237,281,1,0.9918235268073942,Clc1ccccc1C1CCC(CCN2CCCC2)CC1,Clc1c(-c2c[nH]c3ccccc23)cccc1C1CCC(CCN2CCCC2)CC1
fraggfn_drd2,greedy_oracle_static,238,238,282,1,0.9892934053363293,Clc1ccccc1C1CCC(CCN2CCCC2)CC1,O=c1ncccn1C1CC(CCN2CCCC2)CCC1c1ccccc1Cl
fraggfn_drd2,greedy_oracle_static,239,239,283,1,0.9878616911703575,Clc1ccccc1C1CCC(CCN2CCCC2)CC1,O=c1ncccn1-c1ccc(C2CCC(CCN3CCCC3)CC2)c(Cl)c1
fraggfn_drd2,greedy_oracle_static,240,240,284,1,0.9823331764980865,Clc1ccccc1C1CCC(CCN2CCCC2)CC1,C=C(C)C1CCCN1CCC1CCC(c2ccccc2Cl)CC1
fraggfn_drd2,greedy_oracle_static,241,241,285,1,0.9808323884086518,Clc1ccccc1C1CCC(CCN2CCCC2)CC1,Clc1ccccc1C1CCC(CCN2CCCC2c2c[nH]c3ccccc23)CC1
fraggfn_drd2,greedy_oracle_static,242,242,286,1,0.9748035234685659,Clc1ccccc1C1CCC(CCN2CCCC2)CC1,O=c1nc(-c2ccc(C3CCC(CCN4CCCC4)CC3)c(Cl)c2)cc[nH]1
fraggfn_drd2,greedy_oracle_static,243,243,287,1,0.9605741436192392,Clc1ccccc1C1CCC(CCN2CCCC2)CC1,CC(=O)NCC1CC(CCN2CCCC2)CCC1c1ccccc1Cl
fraggfn_drd2,greedy_oracle_static,244,244,288,1,0.9600183291356716,Clc1ccccc1C1CCC(CCN2CCCC2)CC1,Clc1ccccc1C1CCC(CCN2CCCC2)CC1C1CCCCO1
fraggfn_drd2,greedy_oracle_static,245,245,289,1,0.9546243339387838,Clc1ccccc1C1CCC(CCN2CCCC2)CC1,O=c1[nH]cnc2c1NC(c1cccc(Cl)c1C1CCC(CCN3CCCC3)CC1)CN2
fraggfn_drd2,greedy_oracle_static,246,246,290,1,0.9504332403318887,Clc1ccccc1C1CCC(CCN2CCCC2)CC1,O=c1[nH]cnc2c1NC(C1CC(CCN3CCCC3)CCC1c1ccccc1Cl)CN2
fraggfn_drd2,greedy_oracle_static,247,247,291,1,0.9418254359993304,Clc1ccccc1C1CCC(CCN2CCCC2)CC1,Clc1cccc(-c2ccc3ccccc3c2)c1C1CCC(CCN2CCCC2)CC1
fraggfn_drd2,greedy_oracle_static,248,248,292,1,0.9115970683026887,Clc1ccccc1C1CCC(CCN2CCCC2)CC1,O=c1[nH]c(-c2cccc(C3CCC(CCN4CCCC4)CC3)c2Cl)nc2[nH]cnc12
fraggfn_drd2,greedy_oracle_static,249,249,293,1,0.8953283955454963,Clc1ccccc1C1CCC(CCN2CCCC2)CC1,O=c1[nH]c(C2CC(CCN3CCCC3)CCC2c2ccccc2Cl)nc2[nH]cnc12
fraggfn_drd2,greedy_oracle_static,250,250,294,1,0.8862218736389905,Clc1ccccc1C1CCC(CCN2CCCC2)CC1,O=c1[nH]cnc2c1ncn2C1CC(c2ccccc2Cl)CCC1CCN1CCCC1
fraggfn_drd2,greedy_oracle_static,251,251,295,1,0.8750454533871352,Clc1ccccc1C1CCC(CCN2CCCC2)CC1,O=c1[nH]c(-c2cccc(Cl)c2C2CCC(CCN3CCCC3)CC2)nc2c1NCCN2
fraggfn_drd2,greedy_oracle_static,252,252,296,1,0.8656249978679322,Clc1ccccc1C1CCC(CCN2CCCC2)CC1,O=c1[nH]cnc2c1ncn2-c1cccc(C2CCC(CCN3CCCC3)CC2)c1Cl
fraggfn_drd2,greedy_oracle_static,253,253,297,1,0.83312132375905,Clc1ccccc1C1CCC(CCN2CCCC2)CC1,O=c1[nH]cnc2c1ncn2C1CCN(CCC2CCC(c3ccccc3Cl)CC2)C1
fraggfn_drd2,greedy_oracle_static,254,254,298,1,0.8266841128511087,Clc1ccccc1C1CCC(CCN2CCCC2)CC1,Clc1cccc(-c2ncnc3[nH]cnc23)c1C1CCC(CCN2CCCC2)CC1
fraggfn_drd2,greedy_oracle_static,255,255,299,1,0.8053249134303869,Clc1ccccc1C1CCC(CCN2CCCC2)CC1,O=c1ncccn1C1CCCN1CCC1CCC(c2ccccc2Cl)CC1
fraggfn_drd2,greedy_oracle_static,256,256,300,1,0.7909870757809992,Clc1ccccc1C1CCC(CCN2CCCC2)CC1,O=c1nc2[nH]c3cc(C4CC(c5ccccc5Cl)CCC4CCN4CCCC4)ccc3nc-2c(=O)[nH]1
fraggfn_drd2,greedy_oracle_static,257,257,301,1,0.7285147685580392,Clc1ccccc1C1CCC(CCN2CCCC2)CC1,O=c1nc2n(-c3cccc(Cl)c3C3CCC(CCN4CCCC4)CC3)c3ccccc3nc-2c(=O)[nH]1
fraggfn_drd2,greedy_oracle_static,258,258,302,1,0.6789164794935012,Clc1ccccc1C1CCC(CCN2CCCC2)CC1,O=c1[nH]c(C2CCCN2CCC2CCC(c3ccccc3Cl)CC2)nc2c1NCCN2
fraggfn_drd2,greedy_oracle_static,259,259,303,1,0.6762264712618473,Clc1ccccc1C1CCC(CCN2CCCC2)CC1,O=c1nc2[nH]c3ccc(-c4cccc(C5CCC(CCN6CCCC6)CC5)c4Cl)cc3nc-2c(=O)[nH]1
fraggfn_drd2,greedy_oracle_static,260,260,304,1,0.6059716190657367,Clc1ccccc1C1CCC(CCN2CCCC2)CC1,O=c1nc2n(C3CCN(CCC4CCC(c5ccccc5Cl)CC4)C3)c3ccccc3nc-2c(=O)[nH]1
fraggfn_drd2,greedy_oracle_static,261,261,305,1,0.6002869483363854,Clc1ccccc1C1CCC(CCN2CCCC2)CC1,Clc1cccc(-n2cnc3cncnc32)c1C1CCC(CCN2CCCC2)CC1
fraggfn_drd2,greedy_oracle_static,262,262,306,1,0.5924425630896137,Clc1ccccc1C1CCC(CCN2CCCC2)CC1,O=c1nc2[nH]c3ccc(C4CCCN4CCC4CCC(c5ccccc5Cl)CC4)cc3nc-2c(=O)[nH]1
fraggfn_drd2,greedy_oracle_static,263,263,311,5,0.9999973473973542,c1ccc(C2CCC(c3nccs3)CC2)c(CCN2CCCC2)c1,Brc1ccc(CCN2CCCC2)c(C2CCC(c3nccs3)CC2)c1
fraggfn_drd2,greedy_oracle_static,264,264,312,1,0.9999809905974756,c1ccc(C2CCC(c3nccs3)CC2)c(CCN2CCCC2)c1,Clc1csc(C2CCC(c3ccccc3CCN3CCCC3)CC2)n1
fraggfn_drd2,greedy_oracle_static,265,265,313,1,0.9966142005074923,c1ccc(C2CCC(c3nccs3)CC2)c(CCN2CCCC2)c1,N=Cc1cccc(CCN2CCCC2)c1C1CCC(c2nccs2)CC1
fraggfn_drd2,greedy_oracle_static,266,266,314,1,0.9962668624385419,c1ccc(C2CCC(c3nccs3)CC2)c(CCN2CCCC2)c1,C[SH+]c1cccc(C2CCC(c3nccs3)CC2)c1CCN1CCCC1
fraggfn_drd2,greedy_oracle_static,267,267,315,1,0.9952627592281095,c1ccc(C2CCC(c3nccs3)CC2)c(CCN2CCCC2)c1,BrC1CCN(CCc2ccccc2C2CCC(c3nccs3)CC2)C1
fraggfn_drd2,greedy_oracle_static,268,268,316,1,0.9952553854052268,c1ccc(C2CCC(c3nccs3)CC2)c(CCN2CCCC2)c1,c1ccc(C2CCC(c3nccs3)CC2c2cc[nH]c2)c(CCN2CCCC2)c1
fraggfn_drd2,greedy_oracle_static,269,269,317,1,0.9889824220782304,c1ccc(C2CCC(c3nccs3)CC2)c(CCN2CCCC2)c1,c1ccc(C2CCC(c3nccs3)C(C3CCCN3)C2)c(CCN2CCCC2)c1
fraggfn_drd2,greedy_oracle_static,270,270,318,1,0.9079126602292794,c1ccc(C2CCC(c3nccs3)CC2)c(CCN2CCCC2)c1,O=c1[nH]cc(-c2ccc(C3CCC(c4nccs4)CC3)c(CCN3CCCC3)c2)c(=O)[nH]1
fraggfn_drd2,greedy_oracle_static,271,271,319,1,0.8957904235000289,c1ccc(C2CCC(c3nccs3)CC2)c(CCN2CCCC2)c1,O=c1[nH]cc(C2CCCN2CCc2ccccc2C2CCC(c3nccs3)CC2)c(=O)[nH]1
fraggfn_drd2,greedy_oracle_static,272,272,320,1,0.8129958793445513,c1ccc(C2CCC(c3nccs3)CC2)c(CCN2CCCC2)c1,O=c1[nH]c(-c2cccc(C3CCC(c4nccs4)CC3)c2CCN2CCCC2)nc2[nH]cnc12
fraggfn_drd2,greedy_oracle_static,273,273,321,1,0.6091384426152556,c1ccc(C2CCC(c3nccs3)CC2)c(CCN2CCCC2)c1,O=c1[nH]cnc2c1ncn2-c1cccc(CCN2CCCC2)c1C1CCC(c2nccs2)CC1
fraggfn_drd2,greedy_oracle_static,274,274,326,5,0.9999980459791519,Brc1cccc(C2CCCCC2CCN2CCCC2)c1,Brc1cccc(C2CC(c3cn[nH]c3)CCC2CCN2CCCC2)c1
fraggfn_drd2,greedy_oracle_static,275,275,327,1,0.9999975473801507,Brc1cccc(C2CCCCC2CCN2CCCC2)c1,Brc1cccc(C2CCC(c3ccc[nH]3)CC2CCN2CCCC2)c1
fraggfn_drd2,greedy_oracle_static,276,276,328,1,0.9999972285285236,Brc1cccc(C2CCCCC2CCN2CCCC2)c1,CNC1CCCC(c2cccc(Br)c2)C1CCN1CCCC1
fraggfn_drd2,greedy_oracle_static,277,277,329,1,0.9999962374337535,Brc1cccc(C2CCCCC2CCN2CCCC2)c1,CCc1ccc(Br)cc1C1CCCCC1CCN1CCCC1
fraggfn_drd2,greedy_oracle_static,278,278,330,1,0.9999960573423291,Brc1cccc(C2CCCCC2CCN2CCCC2)c1,Brc1cccc(C2C(CCN3CCCC3)CCCC2c2c[nH]c3ccccc23)c1
fraggfn_drd2,greedy_oracle_static,279,279,331,1,0.9999924727000162,Brc1cccc(C2CCCCC2CCN2CCCC2)c1,Brc1cccc(C2CCCCC2CCN2CCC(c3cc[nH]c3)C2)c1
fraggfn_drd2,greedy_oracle_static,280,280,332,1,0.999987409818432,Brc1cccc(C2CCCCC2CCN2CCCC2)c1,C[SH+]c1ccc(C2CCCCC2CCN2CCCC2)cc1Br
fraggfn_drd2,greedy_oracle_static,281,281,333,1,0.9974243347795261,Brc1cccc(C2CCCCC2CCN2CCCC2)c1,CN(C)C1CCCC(CCN2CCCC2)C1c1cccc(Br)c1
fraggfn_drd2,greedy_oracle_static,282,282,334,1,0.9972659511600741,Brc1cccc(C2CCCCC2CCN2CCCC2)c1,O=c1ncccn1C1CCC(CCN2CCCC2)C(c2cccc(Br)c2)C1
fraggfn_drd2,greedy_oracle_static,283,283,335,1,0.9969171828363743,Brc1cccc(C2CCCCC2CCN2CCCC2)c1,CC(C)c1c(Br)cccc1C1CCCCC1CCN1CCCC1
fraggfn_drd2,greedy_oracle_static,284,284,336,1,0.9936137698058825,Brc1cccc(C2CCCCC2CCN2CCCC2)c1,Brc1ccc(-c2c[nH]c3ccccc23)c(C2CCCCC2CCN2CCCC2)c1
fraggfn_drd2,greedy_oracle_static,285,285,337,1,0.9924862100060465,Brc1cccc(C2CCCCC2CCN2CCCC2)c1,CC(=O)NCC1CCC(CCN2CCCC2)C(c2cccc(Br)c2)C1
fraggfn_drd2,greedy_oracle_static,286,286,338,1,0.9908008962285961,Brc1cccc(C2CCCCC2CCN2CCCC2)c1,Brc1cc(-c2ccncc2)cc(C2CCCCC2CCN2CCCC2)c1
fraggfn_drd2,greedy_oracle_static,287,287,339,1,0.9870963899247158,Brc1cccc(C2CCCCC2CCN2CCCC2)c1,C=C(C)C1CCCN1CCC1CCCCC1c1cccc(Br)c1
fraggfn_drd2,greedy_oracle_static,288,288,340,1,0.9861156010611455,Brc1cccc(C2CCCCC2CCN2CCCC2)c1,Brc1cccc(C2CC(C3CCCCO3)CCC2CCN2CCCC2)c1
fraggfn_drd2,greedy_oracle_static,289,289,341,1,0.9752819145675354,Brc1cccc(C2CCCCC2CCN2CCCC2)c1,O=c1ncccn1-c1c(Br)cccc1C1CCCCC1CCN1CCCC1
fraggfn_drd2,greedy_oracle_static,290,290,342,1,0.9742891457841347,Brc1cccc(C2CCCCC2CCN2CCCC2)c1,O=c1[nH]cnc2c1NC(C1CCC(CCN3CCCC3)C(c3cccc(Br)c3)C1)CN2
fraggfn_drd2,greedy_oracle_static,291,291,343,1,0.9672678103737966,Brc1cccc(C2CCCCC2CCN2CCCC2)c1,Brc1cccc(C2CCCCC2CCN2CCCC2)c1-c1cccc2ccccc12
fraggfn_drd2,greedy_oracle_static,292,292,344,1,0.9590516774567629,Brc1cccc(C2CCCCC2CCN2CCCC2)c1,O=c1[nH]cnc2c1ncn2C1CCC(c2cccc(Br)c2)C(CCN2CCCC2)C1
fraggfn_drd2,greedy_oracle_static,293,293,345,1,0.9487577036953794,Brc1cccc(C2CCCCC2CCN2CCCC2)c1,O=c1[nH]c(C2CCCC(c3cccc(Br)c3)C2CCN2CCCC2)nc2[nH]cnc12
fraggfn_drd2,greedy_oracle_static,294,294,346,1,0.9005472630233106,Brc1cccc(C2CCCCC2CCN2CCCC2)c1,O=c1[nH]c(-c2c(Br)cccc2C2CCCCC2CCN2CCCC2)nc2c1NCCN2
fraggfn_drd2,greedy_oracle_static,295,295,347,1,0.8800869796109825,Brc1cccc(C2CCCCC2CCN2CCCC2)c1,Brc1cccc(C2C(CCN3CCCC3)CCCC2n2cnc3cncnc32)c1
fraggfn_drd2,greedy_oracle_static,296,296,348,1,0.8800739124647874,Brc1cccc(C2CCCCC2CCN2CCCC2)c1,O=c1nc2n(C3CCC(CCN4CCCC4)C(c4cccc(Br)c4)C3)c3ccccc3nc-2c(=O)[nH]1
fraggfn_drd2,greedy_oracle_static,297,297,349,1,0.8754393196411069,Brc1cccc(C2CCCCC2CCN2CCCC2)c1,O=c1[nH]c(-c2ccc(C3CCCCC3CCN3CCCC3)cc2Br)nc2[nH]cnc12
fraggfn_drd2,greedy_oracle_static,298,298,350,1,0.8243047529063099,Brc1cccc(C2CCCCC2CCN2CCCC2)c1,Brc1cccc(C2CCCCC2CCN2CCCC2)c1-c1ncnc2[nH]cnc12
fraggfn_drd2,greedy_oracle_static,299,299,351,1,0.770308562871136,Brc1cccc(C2CCCCC2CCN2CCCC2)c1,O=c1[nH]cnc2c1ncn2-c1cc(Br)cc(C2CCCCC2CCN2CCCC2)c1
fraggfn_drd2,greedy_oracle_static,300,300,352,1,0.7239093791312126,Brc1cccc(C2CCCCC2CCN2CCCC2)c1,O=c1nc2[nH]c3cc(-c4c(Br)cccc4C4CCCCC4CCN4CCCC4)ccc3nc-2c(=O)[nH]1
