recorded_amine,score_amine,counterfactual_amide,score_amide
O=Cc1cnccc1NC[C@@H]1Cc2ccccc2CN1,5.155963,O=Cc1cnccc1NC(=O)[C@@H]1Cc2ccccc2CN1,5.559415
N#Cc1ccc(N)c(NCc2ccc(-c3nnn(CC4CC4)n3)nc2)c1,6.706028,N#Cc1ccc(N)c(NC(=O)c2ccc(-c3nnn(CC4CC4)n3)nc2)c1,6.545005
O=C(Nc1ccnc2ccccc12)C1CN(Cc2ccc3[nH]c(-c4ccc(CNc5ccnc6ccccc56)cc4)nc3c2)C1,7.217575,O=C(Nc1ccnc2ccccc12)c1ccc(-c2nc3cc(CN4CC(C(=O)Nc5ccnc6ccccc56)C4)ccc3[nH]2)cc1,7.252985
Brc1ccc2oc(-c3ccccc3Cn3nnc(-c4cc(NC[C@@H]5Cc6ccccc6CN5)[nH]n4)n3)nc2c1,7.337173,O=C(Nc1cc(-c2nnn(Cc3ccccc3-c3nc4cc(Br)ccc4o3)n2)n[nH]1)[C@@H]1Cc2ccccc2CN1,7.314669
Nc1ccc(CNc2cc(Br)ccc2N)cc1N,3.426227,Nc1ccc(C(=O)Nc2cc(Br)ccc2N)cc1N,3.687114
O=C(NCc1c[nH]c2ccccc12)c1ccc(NCc2ccc3[nH]c(C4CNC4)nc3c2)c(NCC2CNC2)c1,7.748633,O=C(NCc1c[nH]c2ccccc12)c1ccc(NCc2ccc3[nH]c(C4CNC4)nc3c2)c(NC(=O)C2CNC2)c1,7.690444
O=C(Nc1cc(-c2cccc(N(CC3CNC3)C[C@@H]3Cc4ccccc4CN3)c2)n[nH]1)[C@@H]1Cc2ccccc2CN1,7.822179,O=C(Nc1cc(-c2cccc(N(CC3CNC3)C(=O)[C@@H]3Cc4ccccc4CN3)c2)n[nH]1)[C@@H]1Cc2ccccc2CN1,7.672088
c1ccc2c(c1)c(CCNCc1ccc3nc([C@@H]4CCCN4)[nH]c3c1)cn2Cc1ccc(CNC23CC(C2)C3)cc1,7.434525,O=C(NCCc1cn(Cc2ccc(CNC34CC(C3)C4)cc2)c2ccccc12)c1ccc2nc([C@@H]3CCCN3)[nH]c2c1,7.661397
OB(O)c1cccc(NCc2ccc(CNCc3ccccc3)cc2)c1,4.848314,O=C(NCc1ccccc1)c1ccc(CNc2cccc(B(O)O)c2)cc1,4.83291
C[C@@H](NCc1ccc(-c2nc3cc(C(=O)NC4CC4)ccc3o2)cc1)c1ccccc1,7.652709,C[C@@H](NC(=O)c1ccc(-c2nc3cc(C(=O)NC4CC4)ccc3o2)cc1)c1ccccc1,7.44346
Nc1ccc(CNc2ccc(Br)cc2O)cc1N,3.506852,Nc1ccc(C(=O)Nc2ccc(Br)cc2O)cc1N,3.749114
COc1ccccc1CNCc1ccc(O)c(NC[C@@H]2Cc3ccccc3CN2)c1,6.31485,COc1ccccc1CNCc1ccc(O)c(NC(=O)[C@@H]2Cc3ccccc3CN2)c1,6.415853
N#Cc1ccc(CN2CC(CO)C2)cn1,3.231869,N#Cc1ccc(C(=O)N2CC(CO)C2)cn1,3.658053
O=C(O)c1ccc2[nH]c(-c3ccc(CN4CCC(C(=O)O)CC4)cc3)nc2c1,5.224339,O=C(O)c1ccc(-c2nc3cc(C(=O)N4CCC(C(=O)O)CC4)ccc3[nH]2)cc1,5.277692
O=Cc1c[nH]c2cc(N3CC(CNc4ccnc5ccccc45)C3)ccc12,5.119321,O=Cc1c[nH]c2cc(N3CC(C(=O)Nc4ccnc5ccccc45)C3)ccc12,5.933604
Brc1ccc(NCc2ccc3nc(C4CCN4)oc3c2)cc1,6.842068,O=C(Nc1ccc(Br)cc1)c1ccc2nc(C3CCN3)oc2c1,6.948993
O=C(O)c1cccc(-c2ccc3oc(C4CCN4c4ccccc4CCNCC4CCN4)nc3c2)c1,6.450947,O=C(O)c1cccc(-c2ccc3oc(C4CCN4c4ccccc4CCNC(=O)C4CCN4)nc3c2)c1,6.897209
Nc1ccc(CNc2ccc(CN3CCNCC3)cc2N)cc1O,4.529572,Nc1ccc(C(=O)Nc2cc(CN3CCNCC3)ccc2N)cc1O,4.386028
Brc1ccc(NCc2ccc3nc(C4CNC4)oc3c2)cc1,7.053643,O=C(Nc1ccc(Br)cc1)c1ccc2nc(C3CNC3)oc2c1,7.225536
c1cc(-c2ccc(NCc3ccccc3NC[C@@H]3Cc4ccccc4CN3)cc2)cc(-c2nnn(CC3CC3)n2)c1,8.033931,O=C(Nc1ccccc1CNc1ccc(-c2cccc(-c3nnn(CC4CC4)n3)c2)cc1)[C@@H]1Cc2ccccc2CN1,8.041997
c1ccc2c(c1)CN[C@H](CNc1ccc(-c3ccccc3CCNCc3ccc(CO[C@H]4CN5CCC4CC5)cc3)cc1)C2,7.753331,O=C(Nc1ccc(-c2ccccc2CCNCc2ccc(CO[C@H]3CN4CCC3CC4)cc2)cc1)[C@@H]1Cc2ccccc2CN1,7.78363
Nc1ccc(CNc2ccc(Br)cc2)cc1O,3.776269,Nc1ccc(C(=O)Nc2ccc(Br)cc2)cc1O,4.044579
Nc1ccccc1CN1CC(C(=O)NCCc2cn(CC3CC3)c3ccccc23)C1,6.70965,Nc1ccccc1C(=O)N1CC(C(=O)NCCc2cn(CC3CC3)c3ccccc23)C1,6.979186
Cc1cc(Nc2ccc(NCc3ccc(C(F)(F)F)cc3)cc2)cnc1NCc1ccc2nc(C3CNC3)oc2c1,7.257346,Cc1cc(Nc2ccc(NCc3ccc(C(F)(F)F)cc3)cc2)cnc1NC(=O)c1ccc2nc(C3CNC3)oc2c1,7.341655
Nc1cc(CNc2cc(-c3ccc(C=O)cc3)ccc2N)ccc1O,5.073781,Nc1cc(C(=O)Nc2cc(-c3ccc(C=O)cc3)ccc2N)ccc1O,5.009828
Nc1ccc(-c2ccc(O)c(NCc3ccc(O)c(N)c3)c2)cc1,5.11011,Nc1cc(C(=O)Nc2ccc(-c3ccc(O)c(N)c3)cc2)ccc1O,5.197618
Oc1cccc(CNc2ccc(Br)cc2)c1NCc1ccc(CO[C@H]2CN3CCC2CC3)cc1,6.756626,O=C(Nc1c(O)cccc1CNc1ccc(Br)cc1)c1ccc(CO[C@H]2CN3CCC2CC3)cc1,6.807075
Nc1cccc(-c2ccc(NC[C@@H]3Cc4ccccc4CN3Cc3ccc4oc(C5CCN5)nc4c3)cc2)c1,7.230131,Nc1cccc(-c2ccc(N(C[C@@H]3Cc4ccccc4CN3)C(=O)c3ccc4oc(C5CCN5)nc4c3)cc2)c1,7.145459
O=Cc1cccc(CNCCc2ccccc2Br)c1,3.78095,O=Cc1cccc(C(=O)NCCc2ccccc2Br)c1,4.315679
Nc1ccc(CNC23CC(C2)C3)cc1O,4.348629,Nc1ccc(C(=O)NC23CC(C2)C3)cc1O,4.457636
O=C(O)c1ccc(O)c(NCc2cccc(C(=O)N3CCC(CNC45CC(C4)C5)CC3)c2)c1,6.313167,O=C(NC12CC(C1)C2)c1ccc(O)c(NCc2cccc(C(=O)N3CCC(C(=O)O)CC3)c2)c1,6.065432
Nc1ccc(CNc2ccc(-c3cccc(NCc4ccc(NC(=O)C5CCNCC5)c(O)c4)c3)cc2)cc1N,6.805253,Nc1ccc(C(=O)Nc2ccc(-c3cccc(NCc4ccc(NC(=O)C5CCNCC5)c(O)c4)c3)cc2)cc1N,7.043288
c1cc(-c2cc(NC[C@@H]3Cc4ccccc4CN3)[nH]n2)cc(-c2nnn(CC3CC3)n2)c1,8.198156,O=C(Nc1cc(-c2cccc(-c3nnn(CC4CC4)n3)c2)n[nH]1)[C@@H]1Cc2ccccc2CN1,8.00738
c1ccc2c(NCc3ccc4oc([C@@H]5CCCN5Cc5ccc(-c6nnn(CC7CC7)n6)nc5)nc4c3)ccnc2c1,7.898066,O=C(Nc1ccnc2ccccc12)c1ccc2oc([C@@H]3CCCN3Cc3ccc(-c4nnn(CC5CC5)n4)nc3)nc2c1,7.999884
Nc1ccc(CN2CC(CO)C2)cc1N,2.921515,Nc1ccc(C(=O)N2CC(CO)C2)cc1N,3.465729
C#CCNC(=O)c1cccc(-c2ccccc2CCNCc2ccc(C#N)nc2)c1,5.217184,C#CCNC(=O)c1cccc(-c2ccccc2CCNC(=O)c2ccc(C#N)nc2)c1,5.496219
N#Cc1ccc(CNc2ccc(-c3ccc(NCc4nc5ccccc5n4CC4CC4)cc3)cc2)cn1,7.219606,N#Cc1ccc(C(=O)Nc2ccc(-c3ccc(NCc4nc5ccccc5n4CC4CC4)cc3)cc2)cn1,7.488265
c1ccc(CCNC[C@H]2CCCNC2)cc1,4.049448,O=C(NCCc1ccccc1)[C@H]1CCCNC1,5.617031
c1ccc2c(CCNC[C@H]3CCCNC3)c[nH]c2c1,4.343357,O=C(NCCc1c[nH]c2ccccc12)[C@H]1CCCNC1,5.97536
Nc1ccc(Nc2ccccc2CNc2cc(CNc3cccc4cc[nH]c34)ccc2O)cc1,5.090381,Nc1ccc(Nc2ccccc2CNc2cc(C(=O)Nc3cccc4cc[nH]c34)ccc2O)cc1,5.509705
O=C(NCc1c[nH]c2ccccc12)Nc1cccc(-c2ccccc2CCNC(=O)c2ccccc2NC[C@@H]2Cc3ccccc3CN2)c1,7.332693,O=C(NCc1c[nH]c2ccccc12)Nc1cccc(-c2ccccc2CCNC(=O)c2ccccc2NC(=O)[C@@H]2Cc3ccccc3CN2)c1,7.504902
c1cc(NC[C@@H](Cc2c[nH]c3ccccc23)NCc2ccc(CNCCc3c[nH]c4ccccc34)cc2)c2[nH]ccc2c1,5.67975,O=C(Nc1cccc2cc[nH]c12)[C@@H](Cc1c[nH]c2ccccc12)NCc1ccc(CNCCc2c[nH]c3ccccc23)cc1,5.980075
OB(O)c1cccc(NCc2ccc(-c3nnn(CC4CC4)n3)nc2)c1,5.760079,O=C(Nc1cccc(B(O)O)c1)c1ccc(-c2nnn(CC3CC3)n2)nc1,5.788994
O=C(NCc1c[nH]c2ccccc12)c1cccc(CN(Cc2cccc(CNC34CC(C3)C4)c2)C23CC(C2)C3)c1,7.285644,O=C(NCc1c[nH]c2ccccc12)c1cccc(CN(Cc2cccc(C(=O)NC34CC(C3)C4)c2)C23CC(C2)C3)c1,7.294099
Nc1cc(C(=O)Nc2cccc(B(O)O)c2)ccc1NC[C@@H]1Cc2ccccc2CN1,5.43641,Nc1cc(C(=O)Nc2cccc(B(O)O)c2)ccc1NC(=O)[C@@H]1Cc2ccccc2CN1,5.619182
c1ccc(Nc2ccc(NCc3ccc4nc([C@@H]5CCCN5)oc4c3)cc2)nc1,6.857203,O=C(Nc1ccc(Nc2ccccn2)cc1)c1ccc2nc([C@@H]3CCCN3)oc2c1,7.125463
O=C(NC1CC1)c1ccc2nc(-c3cccc(CNc4ccccn4)c3)oc2c1,7.742428,O=C(Nc1ccccn1)c1cccc(-c2nc3ccc(C(=O)NC4CC4)cc3o2)c1,7.625055
O=C(O)c1cccc(-c2ccc(Nc3ccc(NCc4ccc(-c5nnn(CC6CC6)n5)nc4)cc3)cc2)c1,7.29987,O=C(O)c1cccc(-c2ccc(Nc3ccc(NC(=O)c4ccc(-c5nnn(CC6CC6)n5)nc4)cc3)cc2)c1,7.331205
Nc1ccc(CNCc2ccccc2)cc1N,4.162923,Nc1ccc(C(=O)NCc2ccccc2)cc1N,4.601657
c1ccc2c(c1)CN[C@H](c1nc3ccc(CN4CCC4CNc4ccnc5ccccc45)cc3o1)C2,7.281057,O=C(Nc1ccnc2ccccc12)C1CCN1Cc1ccc2nc([C@@H]3Cc4ccccc4CN3)oc2c1,7.428762
O=C(NCCc1c[nH]c2ccccc12)Nc1cc(CNCCc2c[nH]c3ccccc23)ccc1NCc1ccc(-c2nnn(CC3CC3)n2)nc1,7.529146,O=C(NCCc1c[nH]c2ccccc12)Nc1cc(C(=O)NCCc2c[nH]c3ccccc23)ccc1NCc1ccc(-c2nnn(CC3CC3)n2)nc1,7.517283
c1ccc2c(c1)CCN=C2c1ccc(CNc2ccc(-c3ccccc3CCNCC3CNC3)cc2)cc1,7.315769,O=C(NCCc1ccccc1-c1ccc(NCc2ccc(C3=NCCc4ccccc43)cc2)cc1)C1CNC1,7.88451
c1cc(CO[C@H]2CN3CCC2CC3)ccc1CNc1ccc(-c2ccc3nc(C4CNC4)oc3c2)cc1,7.919988,O=C(Nc1ccc(-c2ccc3nc(C4CNC4)oc3c2)cc1)c1ccc(CO[C@H]2CN3CCC2CC3)cc1,6.854914
c1cc2oc(C3CNC3)nc2cc1CNc1ccc(-c2ccc3nc(C4CCNCC4)oc3c2)cc1,7.943894,O=C(Nc1ccc(-c2ccc3nc(C4CCNCC4)oc3c2)cc1)c1ccc2oc(C3CNC3)nc2c1,6.066297
O=C(Nc1ccc(-c2cccc(CNCCc3ccncc3)c2)cc1)[C@@H](Cc1c[nH]c2ccccc12)NCC1CCN1,7.085632,O=C(NCCc1ccncc1)c1cccc(-c2ccc(NC(=O)[C@@H](Cc3c[nH]c4ccccc34)NCC3CCN3)cc2)c1,7.285459
Oc1cc(Br)ccc1NCC1CCN(Cc2ccc3nc(C4CNC4)oc3c2)CC1,6.578156,O=C(Nc1ccc(Br)cc1O)C1CCN(Cc2ccc3nc(C4CNC4)oc3c2)CC1,6.929253
C#CCNCc1ccc(N)c(N)c1,3.069082,C#CCNC(=O)c1ccc(N)c(N)c1,3.202445
O=C(O)C1(NCc2ccc3oc(-c4ccc5nc([C@H]6CCCN6)oc5c4)nc3c2)CCC1,6.466429,O=C(NC1(C(=O)O)CCC1)c1ccc2oc(-c3ccc4nc([C@H]5CCCN5)oc4c3)nc2c1,6.947916
C[C@H](NCc1ccc2oc(C3CNC3)nc2c1)c1ccccc1,7.208842,C[C@H](NC(=O)c1ccc2oc(C3CNC3)nc2c1)c1ccccc1,7.462512
ClCc1ccccc1CNc1cccc2cc[nH]c12,4.064716,O=C(Nc1cccc2cc[nH]c12)c1ccccc1CCl,4.375808
O=Cc1ccc(CNc2cccc(-c3ccc4c(C=O)c[nH]c4c3)c2)cc1,5.036641,O=Cc1ccc(C(=O)Nc2cccc(-c3ccc4c(C=O)c[nH]c4c3)c2)cc1,5.259127
Oc1cc(Nc2cccc(-c3ccc(NCC4CCN4)cc3)c2)ccc1NC[C@@H]1Cc2ccccc2CN1,7.704289,O=C(Nc1ccc(-c2cccc(Nc3ccc(NC[C@@H]4Cc5ccccc5CN4)c(O)c3)c2)cc1)C1CCN1,7.757756
Nc1c(O)cccc1CNc1c(O)cccc1C(=O)O,3.333349,Nc1c(O)cccc1C(=O)Nc1c(O)cccc1C(=O)O,3.272607
Nc1c(O)cccc1CNc1ccc(-c2c[nH]nc2NCc2cccc(C(=O)NC3CC3)c2)cn1,6.68462,Nc1c(O)cccc1C(=O)Nc1ccc(-c2c[nH]nc2NCc2cccc(C(=O)NC3CC3)c2)cn1,6.432821
c1cncc(-c2ccc(N(Cc3ccc(-c4nnn(CC5CC5)n4)nc3)CC3CCN3)cc2)c1,7.833331,O=C(C1CCN1)N(Cc1ccc(-c2nnn(CC3CC3)n2)nc1)c1ccc(-c2cccnc2)cc1,7.121768
NCCc1ccccc1N[C@H](CNc1ccc(-c2cn(CC3CC3)cn2)cc1)c1ccccc1,6.11865,NCCc1ccccc1N[C@H](C(=O)Nc1ccc(-c2cn(CC3CC3)cn2)cc1)c1ccccc1,6.498166
C[C@H](NCc1ccc2nc(C3CN(Cc4ccc(-c5nc6cc(C#N)ccc6o5)cc4)C3)oc2c1)c1ccccc1,7.060102,C[C@@H](c1ccccc1)N(Cc1ccc2nc(C3CNC3)oc2c1)C(=O)c1ccc(-c2nc3cc(C#N)ccc3o2)cc1,7.447834
c1cc2[nH]c(-c3ccc4nc(-c5ccc(CO[C@H]6CN7CCC6CC7)cc5)[nH]c4c3)nc2cc1CNC12CC(C1)C2,8.212687,O=C(NC12CC(C1)C2)c1ccc2[nH]c(-c3ccc4nc(-c5ccc(CO[C@H]6CN7CCC6CC7)cc5)[nH]c4c3)nc2c1,7.72227
O=C(O)C1CN(Cc2ccc(CNc3ccc(-c4cccc(-c5nnn(CC6CC6)n5)c4)cc3)cc2)C1,7.267633,O=C(Nc1ccc(-c2cccc(-c3nnn(CC4CC4)n3)c2)cc1)c1ccc(CN2CC(C(=O)O)C2)cc1,7.281088
c1cc2nc(C3CNC3)[nH]c2cc1CNc1cc(N2CCC[C@H]2CNC23CC(C2)C3)n[nH]1,7.57879,O=C(NC12CC(C1)C2)[C@@H]1CCCN1c1cc(NCc2ccc3nc(C4CNC4)[nH]c3c2)[nH]n1,7.585249
Nc1cccc(-c2ccc(NC[C@@H]3Cc4ccccc4CN3)cc2)c1,6.580271,Nc1ccc(-c2cccc(NC(=O)[C@@H]3Cc4ccccc4CN3)c2)cc1,7.192666
O=Cc1ccc(CNCCc2cn(CC3CC3)c3ccccc23)cc1,6.047368,O=Cc1ccc(C(=O)NCCc2cn(CC3CC3)c3ccccc23)cc1,6.221085
Nc1ccc(CNc2ccc(-c3cccc(NC(=O)C4(N)CCC4)c3)cc2)cc1N,5.372215,Nc1ccc(-c2cccc(NC(=O)C3(NC(=O)c4ccc(N)c(N)c4)CCC3)c2)cc1,6.154706
N#Cc1ccc(CNc2cccc(B(O)O)c2)cn1,3.442099,N#Cc1ccc(C(=O)Nc2cccc(B(O)O)c2)cn1,3.643939
C[C@@H](NC(=O)[C@@H]1CCCN(CC2CCN2)C1)c1ccccc1,5.790843,C[C@@H](NC(=O)[C@@H]1CCCN(C(=O)C2CCN2)C1)c1ccccc1,7.110174
OB(O)c1cccc(NCc2ccc(O)c(NCc3ccncc3)c2)c1,4.129253,O=C(Nc1cc(CNc2cccc(B(O)O)c2)ccc1O)c1ccncc1,4.147372
Nc1cc(C(=O)O)ccc1NCc1ccc2nc(C3CNC3)[nH]c2c1,6.29172,Nc1cc(C(=O)O)ccc1NC(=O)c1ccc2nc(C3CNC3)[nH]c2c1,6.173455
O=Cc1ccc(C(=O)Nc2cccc(-c3ccc(NCc4ccc(CO[C@H]5CN6CCC5CC6)cc4)cc3)c2)cc1,7.708228,O=Cc1ccc(C(=O)Nc2cccc(-c3ccc(NC(=O)c4ccc(CO[C@H]5CN6CCC5CC6)cc4)cc3)c2)cc1,7.616847
Nc1cc(C(=O)N2CC(C(=O)O)C2)ccc1NCc1ccc2oc(C3CNC3)nc2c1,6.865542,Nc1cc(C(=O)N2CC(C(=O)O)C2)ccc1NC(=O)c1ccc2oc(C3CNC3)nc2c1,6.691207
O=C(NCCc1c[nH]c2ccccc12)Nc1ccc(-c2ccc(Nc3ncccc3NC[C@@H]3Cc4ccccc4CN3)cc2)cc1,7.215747,O=C(NCCc1c[nH]c2ccccc12)Nc1ccc(-c2ccc(Nc3ncccc3NC(=O)[C@@H]3Cc4ccccc4CN3)cc2)cc1,7.288447
N#Cc1cccc(COCC2CN(C3CN(Cc4ccc5nc(C6CNC6)[nH]c5c4)C3)C2)c1,6.965675,N#Cc1cccc(COCC2CN(C3CN(C(=O)c4ccc5nc(C6CNC6)[nH]c5c4)C3)C2)c1,6.991755
c1cc(NC[C@H]2CCCNC2)c2[nH]ccc2c1,3.979287,O=C(Nc1cccc2cc[nH]c12)[C@H]1CCCNC1,5.561234
Nc1cc(-c2cccc(NC3CCN(Cc4ccc5oc(C6CNC6)nc5c4)CC3)c2)n[nH]1,7.515783,Nc1cc(-c2cccc(N(C(=O)c3ccc4oc(C5CNC5)nc4c3)C3CCNCC3)c2)n[nH]1,6.430842
c1cc(NCC2CNC2)cc(-c2ccc(NCc3ccc4[nH]c([C@@H]5CCCN5)nc4c3)cc2)c1,7.944577,O=C(Nc1cccc(-c2ccc(NCc3ccc4[nH]c([C@@H]5CCCN5)nc4c3)cc2)c1)C1CNC1,8.008548
N#Cc1ccc2oc(-c3cccc(-c4ccc(NCc5ccc(N)c(O)c5)cc4)c3)nc2c1,6.025326,N#Cc1ccc2oc(-c3cccc(-c4ccc(NC(=O)c5ccc(N)c(O)c5)cc4)c3)nc2c1,6.148981
Nc1cc(CNc2cc(CN3CCC(=O)C3)ccc2N)ccc1O,4.329635,Nc1cc(C(=O)Nc2cc(CN3CCC(=O)C3)ccc2N)ccc1O,4.390182
Nc1ccc(CNc2ccc(-c3ccc(C=O)cc3)cc2O)cc1N,4.86055,Nc1ccc(C(=O)Nc2ccc(-c3ccc(C=O)cc3)cc2O)cc1N,4.835608
ClCc1ccc(CNc2cccc(-c3cc(NCc4ccc5oc(C6CNC6)nc5c4)[nH]n3)c2)cc1,7.491283,O=C(Nc1cc(-c2cccc(NCc3ccc(CCl)cc3)c2)n[nH]1)c1ccc2oc(C3CNC3)nc2c1,7.467165
Nc1ccc(CNc2c(O)cccc2C(=O)NCc2ccccc2)cc1O,4.754839,Nc1ccc(C(=O)Nc2c(O)cccc2C(=O)NCc2ccccc2)cc1O,4.845762
O=C(O)c1ccc(O)c(NCc2ccc3nc(-c4ccc(CO[C@H]5CN6CCC5CC6)cc4)oc3c2)c1,7.339115,O=C(O)c1ccc(O)c(NC(=O)c2ccc3nc(-c4ccc(CO[C@H]5CN6CCC5CC6)cc4)oc3c2)c1,7.350399
O=Cc1cccc(CN2CC[C@@H](O)C2)c1,3.267455,O=Cc1cccc(C(=O)N2CC[C@@H](O)C2)c1,3.227306
O=Cc1ccc(CNCCc2ccncc2)cc1,4.085921,O=Cc1ccc(C(=O)NCCc2ccncc2)cc1,4.342165
O=C(NC1CC1)c1ccc(-c2nc3cc(CNc4ccccc4C(=O)NCc4ccc(C(F)(F)F)cc4)ccc3o2)cc1,7.44313,O=C(Nc1ccccc1C(=O)NCc1ccc(C(F)(F)F)cc1)c1ccc2oc(-c3ccc(C(=O)NC4CC4)cc3)nc2c1,7.631906
N#Cc1ccc(NCc2ccc(CCl)cc2)c(NC2CCCN(C3CNC3)C2)c1,5.12512,N#Cc1ccc(NC(=O)c2ccc(CCl)cc2)c(NC2CCCN(C3CNC3)C2)c1,5.158942
Fc1ncc(-c2ccc(N(Cc3ccc4oc(C5CCN5)nc4c3)C[C@@H]3Cc4ccccc4CN3)nc2)cn1,7.461775,O=C([C@@H]1Cc2ccccc2CN1)N(Cc1ccc2oc(C3CCN3)nc2c1)c1ccc(-c2cnc(F)nc2)cn1,7.198308
O=C(O)c1cccc(-c2cccc(-c3nc4cc(CNC56CC(C5)C6)ccc4o3)c2)c1,6.970635,O=C(O)c1ccc2oc(-c3cccc(-c4cccc(C(=O)NC56CC(C5)C6)c4)c3)nc2c1,6.909647
N[C@@H](CN[C@H](Cc1c[nH]c2ccccc12)C(=O)O)c1ccccc1,3.634454,N[C@@H](C(=O)N[C@H](Cc1c[nH]c2ccccc12)C(=O)O)c1ccccc1,4.333088
O=C(C1CCN(C[C@@H]2Cc3ccccc3CN2)CC1)N1CC(COCc2cc(=O)[nH]c3ccccc23)C1,7.258419,O=C(C1CCN(C(=O)[C@@H]2Cc3ccccc3CN2)CC1)N1CC(COCc2cc(=O)[nH]c3ccccc23)C1,7.395445
N#Cc1ccc(CNc2ccc(-c3cccc(NC[C@@H]4Cc5ccccc5CN4)c3)cc2N)cn1,7.016882,N#Cc1ccc(C(=O)Nc2cc(-c3cccc(NC[C@@H]4Cc5ccccc5CN4)c3)ccc2N)cn1,7.195328
O=C(Nc1ccccc1O)c1ccc(CN(C[C@@H]2Cc3ccccc3CN2C[C@@H]2Cc3ccccc3CN2)c2ccnc3ccccc23)cc1,6.647552,O=C(Nc1ccccc1O)c1ccc(CN(C[C@@H]2Cc3ccccc3CN2C(=O)[C@@H]2Cc3ccccc3CN2)c2ccnc3ccccc23)cc1,6.633197
Nc1ccccc1CNc1ccc(C(=O)Nc2ccc(Br)cc2)cc1N,5.154778,Nc1cc(C(=O)Nc2ccc(Br)cc2)ccc1NC(=O)c1ccccc1N,5.111557
Oc1ccc(CNC23CC(C2)C3)cc1NCC1CNC1,6.748436,O=C(Nc1cc(CNC23CC(C2)C3)ccc1O)C1CNC1,7.049496
O=C(O)C1CN(Cc2ccc3oc(C4CNC4)nc3c2)C1,5.808597,O=C(O)C1CN(C(=O)c2ccc3oc(C4CNC4)nc3c2)C1,6.464851
Nc1ccc(CNc2cccc(-c3cccc4nc(-c5ccnc(Br)c5)oc34)c2)cc1O,5.752735,Nc1ccc(C(=O)Nc2cccc(-c3cccc4nc(-c5ccnc(Br)c5)oc34)c2)cc1O,5.710749
O=C(c1ccc2nc(C3CNC3)oc2c1)N1CCC1CNc1ccc(B(O)O)cc1,6.362597,O=C(Nc1ccc(B(O)O)cc1)C1CCN1C(=O)c1ccc2nc(C3CNC3)oc2c1,6.344163
O=C(c1ccccc1NCc1cn(CC2CC2)c2ccccc12)N1CCC(CNC23CC(C2)C3)CC1,7.37353,O=C(NC12CC(C1)C2)C1CCN(C(=O)c2ccccc2NCc2cn(CC3CC3)c3ccccc23)CC1,7.54054
O=C(NCCc1ccccc1-c1cccc(NCc2ccc3[nH]c(C4CNC4)nc3c2)c1)C1CCNCC1,7.86611,O=C(Nc1cccc(-c2ccccc2CCNC(=O)C2CCNCC2)c1)c1ccc2[nH]c(C3CNC3)nc2c1,7.720734
Nc1ccc(CNc2cc(Br)ccc2O)cc1N,3.530527,Nc1ccc(C(=O)Nc2cc(Br)ccc2O)cc1N,3.654492
c1cc2nc(-c3ccc4oc(-c5ccc(CO[C@H]6CN7CCC6CC7)cc5)nc4c3)oc2cc1CNC12CC(C1)C2,8.050237,O=C(NC12CC(C1)C2)c1ccc2nc(-c3ccc4oc(-c5ccc(CO[C@H]6CN7CCC6CC7)cc5)nc4c3)oc2c1,8.061749
O=C(Nc1ccnc2ccccc12)c1ccc(NCc2ccc(CCl)cc2)c(O)c1,5.854781,O=C(Nc1ccc(C(=O)Nc2ccnc3ccccc23)cc1O)c1ccc(CCl)cc1,5.934717
Nc1ccccc1CNc1cccc(-c2ccc3nc(C4CCNCC4)[nH]c3c2)c1,7.015054,Nc1ccccc1C(=O)Nc1cccc(-c2ccc3nc(C4CCNCC4)[nH]c3c2)c1,6.796868
c1cc(C2=NCCc3ccccc32)cc(-c2nc3ccc(CN(C[C@@H]4CCCNC4)C45CC(C4)C5)cc3o2)c1,7.290476,O=C([C@@H]1CCCNC1)N(Cc1ccc2nc(-c3cccc(C4=NCCc5ccccc54)c3)oc2c1)C12CC(C1)C2,7.72426
c1ccc2c(CCNC[C@@H]3CCCN3)c[nH]c2c1,4.140224,O=C(NCCc1c[nH]c2ccccc12)[C@@H]1CCCN1,5.721309
c1cc(NCC2CNC2)cc(-c2cccc3nc(-c4cn(CC5CC5)c5ccccc45)oc23)c1,7.609129,O=C(Nc1cccc(-c2cccc3nc(-c4cn(CC5CC5)c5ccccc45)oc23)c1)C1CNC1,7.843183
Fc1nc(NCc2ccc(-c3nnn(CC4CC4)n3)nc2)c2ncn(CC3CC3)c2n1,7.771483,O=C(Nc1nc(F)nc2c1ncn2CC1CC1)c1ccc(-c2nnn(CC3CC3)n2)nc1,7.872464
Brc1ncccc1NCC1CNC1,4.001843,O=C(Nc1cccnc1Br)C1CNC1,5.549881
c1ccc(N(C[C@@H]2Cc3ccccc3CN2)c2cncc(-c3nnn(Cc4ccc(-c5nnn(CC6CC6)n5)cc4)n3)c2)nc1,7.6657,O=C([C@@H]1Cc2ccccc2CN1)N(c1cncc(-c2nnn(Cc3ccc(-c4nnn(CC5CC5)n4)cc3)n2)c1)c1ccccn1,7.488316
Oc1cc(NCCc2cn(CC3CC3)c3ccccc23)ccc1NC[C@@H]1Cc2ccccc2CN1,7.554936,O=C(Nc1ccc(NCCc2cn(CC3CC3)c3ccccc23)cc1O)[C@@H]1Cc2ccccc2CN1,7.476674
N#Cc1ccc(CN(c2c[nH]cn2)c2cccc3cc[nH]c23)cn1,3.907132,N#Cc1ccc(C(=O)N(c2c[nH]cn2)c2cccc3cc[nH]c23)cn1,4.313194
O=C(Nc1cc(-c2ccc(NCc3ccc(CNCCc4ccccc4)cc3)nc2)n[nH]1)C1CNC1,7.927136,O=C(Nc1ccc(-c2cc(NC(=O)C3CNC3)[nH]n2)cn1)c1ccc(CNCCc2ccccc2)cc1,7.42673
c1cc(NC[C@@H]2Cc3ccccc3CN2)cc(-c2ccc(NC[C@H]3CCCN3)c(NC[C@@H]3Cc4ccccc4CN3)c2)c1,7.293863,O=C(Nc1cc(-c2cccc(NC[C@@H]3Cc4ccccc4CN3)c2)ccc1NC[C@H]1CCCN1)[C@@H]1Cc2ccccc2CN1,7.306954
c1cnc(-c2ccc(NCC3CCN3)cc2)c(NCc2ccc(CO[C@H]3CN4CCC3CC4)cc2)c1,7.954519,O=C(Nc1cccnc1-c1ccc(NCC2CCN2)cc1)c1ccc(CO[C@H]2CN3CCC2CC3)cc1,7.471597
Nc1ccc(-c2ccc(NCc3ccc(CNC45CC(C4)C5)cc3)nc2)cc1,7.237228,Nc1ccc(-c2ccc(NCc3ccc(C(=O)NC45CC(C4)C5)cc3)nc2)cc1,7.269971
O=C(NC12CC(C1)C2)c1ccccc1NCc1ccc(-c2nnn(CC3CC3)n2)nc1,7.809779,O=C(Nc1ccccc1C(=O)NC12CC(C1)C2)c1ccc(-c2nnn(CC3CC3)n2)nc1,7.584902
C#Cc1ccc(NCc2ccc(N)c(N)c2)cc1,4.32176,C#Cc1ccc(NC(=O)c2ccc(N)c(N)c2)cc1,4.79881
c1cc2nc(C3CNC3)oc2cc1CNc1cc(-c2ccc3c(ccn3CC3CC3)c2)n[nH]1,8.198132,O=C(Nc1cc(-c2ccc3c(ccn3CC3CC3)c2)n[nH]1)c1ccc2nc(C3CNC3)oc2c1,8.084892
N#Cc1ccc(O)c(NCC2CCN2)c1,4.930207,N#Cc1ccc(O)c(NC(=O)C2CCN2)c1,5.289132
O=C(NC1CC1)c1ccc(C2c3ccccc3CCN2C[C@@H]2Cc3ccccc3CN2)cc1,7.188142,O=C(NC1CC1)c1ccc(C2c3ccccc3CCN2C(=O)[C@@H]2Cc3ccccc3CN2)cc1,6.755808
Nc1c(NC(=O)C2CNC2)cccc1-c1cccc(NCc2ccc3nc([C@@H]4CCCN4)oc3c2)c1,7.888545,Nc1c(NC(=O)C2CNC2)cccc1-c1cccc(NC(=O)c2ccc3nc([C@@H]4CCCN4)oc3c2)c1,7.753981
c1ccc2c(c1)CN[C@H](CN(Cc1ccc3oc(-c4ccc(CO[C@H]5CN6CCC5CC6)cc4)nc3c1)c1ccnc3ccccc13)C2,7.917266,O=C([C@@H]1Cc2ccccc2CN1)N(Cc1ccc2oc(-c3ccc(CO[C@H]4CN5CCC4CC5)cc3)nc2c1)c1ccnc2ccccc12,7.903998
Brc1ccc(NC[C@H]2CCCN2Cc2c[nH]c3ccc(Br)cc23)cc1,5.095319,O=C(Nc1ccc(Br)cc1)[C@H]1CCCN1Cc1c[nH]c2ccc(Br)cc12,5.349715
O=C(Nc1cccc2ccn(CC3CC3)c12)c1ccc2nc(C3CCN(CC4CCN4)CC3)oc2c1,7.913961,O=C(Nc1cccc2ccn(CC3CC3)c12)c1ccc2nc(C3CCN(C(=O)C4CCN4)CC3)oc2c1,7.996336
Nc1ccc(C(=O)Nc2ccnc3ccccc23)cc1NCc1ccc(CO[C@H]2CN3CCC2CC3)cc1,7.778676,Nc1cc(C(=O)Nc2ccnc3ccccc23)ccc1NC(=O)c1ccc(CO[C@H]2CN3CCC2CC3)cc1,7.764704
OB(O)c1ccc(NCc2ccc(F)cc2)cc1,3.561749,O=C(Nc1ccc(B(O)O)cc1)c1ccc(F)cc1,3.878057
c1cc(NCc2ccc3oc([C@@H]4CCCN4)nc3c2)cc(-c2ccc(NCC3CCNCC3)cc2)c1,6.836139,O=C(Nc1ccc(-c2cccc(NCc3ccc4oc([C@@H]5CCCN5)nc4c3)c2)cc1)C1CCNCC1,7.902039
c1ccc2c(c1)CN[C@H](CN1Cc3ccccc3C[C@H]1C1=NCCc3ccccc31)C2,6.998621,O=C([C@@H]1Cc2ccccc2CN1)N1Cc2ccccc2C[C@H]1C1=NCCc2ccccc21,6.850975
O=C(O)[C@H]1CCCN1C[C@H]1CCCN1,2.357427,O=C(O)[C@H]1CCCN1C(=O)[C@H]1CCCN1,3.335773
Cc1cc(-c2cccc(Nc3ccc(NCc4ccc(N)c(O)c4)cc3)c2)cnc1N,5.033084,Cc1cc(-c2cccc(Nc3ccc(N)cc3)c2)cnc1NC(=O)c1ccc(N)c(O)c1,5.471965
O=C(NCc1ccccc1)c1ccc2nc(C3CCN(C[C@@H]4Cc5ccccc5CN4)CC3)n(CC3CC3)c2c1,7.206027,O=C(NCc1ccccc1)c1ccc2nc(C3CCN(C(=O)[C@@H]4Cc5ccccc5CN4)CC3)n(CC3CC3)c2c1,6.92285
c1ccc2c(C[C@H](NCc3ccc(CO[C@H]4CN5CCC4CC5)cc3)c3nc4ccc(CNC56CC(C5)C6)cc4o3)c[nH]c2c1,7.63613,O=C(NC12CC(C1)C2)c1ccc2nc([C@H](Cc3c[nH]c4ccccc34)NCc3ccc(CO[C@H]4CN5CCC4CC5)cc3)oc2c1,7.738638
Nc1ccc(CNc2cc(-c3ccc4[nH]ccc4c3)ccc2O)cc1O,5.170433,Nc1ccc(C(=O)Nc2cc(-c3ccc4[nH]ccc4c3)ccc2O)cc1O,5.307951
O=Cc1ccccc1CNc1cccc(B(O)O)c1,3.156113,O=Cc1ccccc1C(=O)Nc1cccc(B(O)O)c1,3.360862
C[C@@H](NCc1ccc2[nH]c(C3CNC3)nc2c1)C(=O)NCc1cnnn1CC1CC1,7.568087,C[C@@H](NC(=O)c1ccc2[nH]c(C3CNC3)nc2c1)C(=O)NCc1cnnn1CC1CC1,7.304631
Nc1cc(C(=O)O)ccc1NCc1ccc(-c2nc3cc(C(=O)NC4CC4)ccc3o2)cc1,6.906524,Nc1cc(C(=O)O)ccc1NC(=O)c1ccc(-c2nc3cc(C(=O)NC4CC4)ccc3o2)cc1,6.638323
O=C(Nc1n[nH]cc1-c1cccc(CNC23CC(C2)C3)c1)N1Cc2ccccc2C[C@H]1c1nc2cc(Br)ccc2[nH]1,5.183613,O=C(NC12CC(C1)C2)c1cccc(-c2c[nH]nc2NC(=O)N2Cc3ccccc3C[C@H]2c2nc3cc(Br)ccc3[nH]2)c1,4.83211
N#Cc1ccc(CNc2cccc(-c3ccc(NC(=O)[C@H]4CCCN4)cc3)c2)cn1,7.226633,N#Cc1ccc(C(=O)Nc2cccc(-c3ccc(NC(=O)[C@H]4CCCN4)cc3)c2)cn1,7.347482
O=C(NCc1c[nH]c2ccccc12)C1(NCc2ccc(-c3nc4cc(-c5nnn(CC6CC6)n5)ccc4o3)cc2)CCC1,8.020927,O=C(NC1(C(=O)NCc2c[nH]c3ccccc23)CCC1)c1ccc(-c2nc3cc(-c4nnn(CC5CC5)n4)ccc3o2)cc1,7.927461
C[C@@H](NC(=O)C1CN(C(=O)Nc2ccc(-c3cccc(NC[C@@H]4Cc5ccccc5CN4)c3)cc2)C1)c1ccccc1,7.588149,C[C@@H](NC(=O)C1CN(C(=O)Nc2ccc(-c3cccc(NC(=O)[C@@H]4Cc5ccccc5CN4)c3)cc2)C1)c1ccccc1,7.180552
O=C(NCc1c[nH]c2ccccc12)c1cccc(-c2cc(NCc3cccc(NCCc4ccncc4)n3)[nH]n2)c1,7.010343,O=C(NCc1c[nH]c2ccccc12)c1cccc(-c2cc(NC(=O)c3cccc(NCCc4ccncc4)n3)[nH]n2)c1,7.409051
O=C(O)c1ccc2nc(-c3ccccc3NCC3CCN3)[nH]c2c1,5.99902,O=C(O)c1ccc2nc(-c3ccccc3NC(=O)C3CCN3)[nH]c2c1,5.512401
O=C(Nc1cccc2cc[nH]c12)C1CCN(C(=O)C2CN(Cc3ccc4oc(C5CCN5)nc4c3)C2)CC1,7.561109,O=C(Nc1cccc2cc[nH]c12)C1CCN(C(=O)C2CN(C(=O)c3ccc4oc(C5CCN5)nc4c3)C2)CC1,7.151108
Fc1ccc(CNc2cccc(-c3ccc4[nH]cc(CNCCc5c[nH]c6ccccc56)c4c3)c2)cc1,6.362058,O=C(Nc1cccc(-c2ccc3[nH]cc(CNCCc4c[nH]c5ccccc45)c3c2)c1)c1ccc(F)cc1,6.655868
O=C(NCCc1cn(CC2CC2)c2ccccc12)c1ccc(NC2CCN(CC3CCN3)C2)c(O)c1,7.104401,O=C(NCCc1cn(CC2CC2)c2ccccc12)c1ccc(N(C(=O)C2CCN2)C2CCNC2)c(O)c1,7.335187
O=C(Nc1ccc(Br)cc1)c1ccc(Cn2cc(CCNCC3CNC3)c3ccccc32)cc1,6.350408,O=C(Nc1ccc(Br)cc1)c1ccc(Cn2cc(CCNC(=O)C3CNC3)c3ccccc32)cc1,7.362163
Nc1cc(CN[C@@H](Cc2ccc(O)cc2)C(=O)N2CCC[C@@H]2CO)ccc1O,3.903774,Nc1cc(C(=O)N[C@@H](Cc2ccc(O)cc2)C(=O)N2CCC[C@@H]2CO)ccc1O,4.107513
Oc1ccc(-c2cccc(NC[C@@H]3Cc4ccccc4CN3)c2)cc1NCC1CNC1,7.824968,O=C(Nc1cccc(-c2ccc(O)c(NCC3CNC3)c2)c1)[C@@H]1Cc2ccccc2CN1,7.762707
Nc1ccc(CNc2ccccc2C(=O)NC2CC2)cc1N,5.220454,Nc1ccc(C(=O)Nc2ccccc2C(=O)NC2CC2)cc1N,5.761268
N#Cc1ccc(CN(Cc2ccc3oc(C4CNC4)nc3c2)C2(CNC34CC(C3)C4)CCC2)cn1,7.154792,N#Cc1ccc(C(=O)N(CC2(NCc3ccc4oc(C5CNC5)nc4c3)CCC2)C23CC(C2)C3)cn1,7.301337
O=C(Nc1cc(-c2ccc(NC[C@@H]3Cc4ccccc4CN3)cc2)ccc1O)C1CCN1C[C@@H]1Cc2ccccc2CN1,7.551942,O=C(Nc1cc(-c2ccc(N(C[C@@H]3Cc4ccccc4CN3)C(=O)[C@@H]3Cc4ccccc4CN3)cc2)ccc1O)C1CCN1,6.950541
OB(O)c1cccc(NCC2CN(c3ccccn3)C2)c1,3.684262,O=C(Nc1cccc(B(O)O)c1)C1CN(c2ccccn2)C1,4.267722
Nc1cc(C(=O)NCc2ccccc2)ccc1NCc1ccc2oc(C3CNC3)nc2c1,7.522389,Nc1cc(C(=O)NCc2ccccc2)ccc1NC(=O)c1ccc2oc(C3CNC3)nc2c1,7.493303
O=C(C1CCNCC1)N(Cc1cn(CC2CC2)c2ccccc12)C1CN(C[C@@H]2Cc3ccccc3CN2)C1,7.189948,O=C([C@@H]1Cc2ccccc2CN1)N1CC(N(Cc2cn(CC3CC3)c3ccccc23)C(=O)C2CCNCC2)C1,7.016922
Cc1cc(-c2cccc(NC(=O)C3CCN3C[C@@H]3Cc4ccccc4CN3)c2)cnc1NC(=O)N[C@H](C)c1ccccc1,7.288617,Cc1cc(-c2cccc(NC(=O)C3CCN3C(=O)[C@@H]3Cc4ccccc4CN3)c2)cnc1NC(=O)N[C@H](C)c1ccccc1,7.148383
Cc1cc(Br)cnc1NCc1ccccn1,3.542173,Cc1cc(Br)cnc1NC(=O)c1ccccn1,3.658795
OB(O)c1cccc(NCc2ccc(-c3ccc(NCC4CNC4)cc3)cc2)c1,5.769176,O=C(Nc1ccc(-c2ccc(CNc3cccc(B(O)O)c3)cc2)cc1)C1CNC1,6.236544
COc1ccccc1CNC(=O)c1ccc(Cn2cc(CNCc3ccc4[nH]c(C5CCN5)nc4c3)c3ccccc32)cc1,7.433028,COc1ccccc1CNC(=O)c1ccc(Cn2cc(CNC(=O)c3ccc4[nH]c(C5CCN5)nc4c3)c3ccccc32)cc1,7.693387
N#Cc1ccc(NCc2cccc(F)n2)cc1,4.416994,N#Cc1ccc(NC(=O)c2cccc(F)n2)cc1,4.657986
O=C(Nc1ccccc1CNc1cc(C(=O)O)ccc1O)NC1CC1,5.651544,O=C(Nc1ccccc1C(=O)Nc1cc(C(=O)O)ccc1O)NC1CC1,5.693011
Cc1cc(-c2cn(Cc3ccc(-c4nnn(CC5CC5)n4)cc3)nn2)cnc1NCC1CCN1,7.893259,Cc1cc(-c2cn(Cc3ccc(-c4nnn(CC5CC5)n4)cc3)nn2)cnc1NC(=O)C1CCN1,7.615457
N#Cc1ccccc1Cn1nnc(-c2ccc(O)c(NCc3ccc(CO[C@H]4CN5CCC4CC5)cc3)c2)n1,7.352561,N#Cc1ccccc1Cn1nnc(-c2ccc(O)c(NC(=O)c3ccc(CO[C@H]4CN5CCC4CC5)cc3)c2)n1,7.308265
O=C(c1ccc(-c2nc3cc(-c4nnn(CC5CC5)n4)ccc3o2)cc1)N1CCC1CNC12CC(C1)C2,7.124568,O=C(NC12CC(C1)C2)C1CCN1C(=O)c1ccc(-c2nc3cc(-c4nnn(CC5CC5)n4)ccc3o2)cc1,6.831372
O=C(O)C1CCN(C(=O)[C@@H](NC[C@@H]2Cc3ccccc3CN2)c2ccccc2)CC1,5.389722,O=C(O)C1CCN(C(=O)[C@@H](NC(=O)[C@@H]2Cc3ccccc3CN2)c2ccccc2)CC1,5.486213
O=C(O)[C@@H]1CCCN(C(=O)[C@H](NCc2ccc3oc(-c4ccc(CNC56CC(C5)C6)cc4)nc3c2)c2ccccc2)C1,6.104643,O=C(N[C@@H](C(=O)N1CCC[C@@H](C(=O)O)C1)c1ccccc1)c1ccc2oc(-c3ccc(CNC45CC(C4)C5)cc3)nc2c1,6.239855
Nc1ccc(CN2CCC2C(=O)O)cc1O,3.139718,Nc1ccc(C(=O)N2CCC2C(=O)O)cc1O,3.585261
Nc1ccc(CN(C2CCNCC2)C23CC(C2)C3)cc1O,4.615865,Nc1ccc(C(=O)N(C2CCNCC2)C23CC(C2)C3)cc1O,4.68911
N[C@@H](c1ccccc1)c1nc2cc(CNc3ccc(Br)cc3)ccc2o1,5.447305,N[C@@H](c1ccccc1)c1nc2cc(C(=O)Nc3ccc(Br)cc3)ccc2o1,5.983936
Nc1ccc(Nc2ccccc2CNc2ccc(B(O)O)cc2)cc1,3.891997,Nc1ccc(Nc2ccccc2C(=O)Nc2ccc(B(O)O)cc2)cc1,4.174259
O=C(O)[C@H](NCC1CCN1)c1ccccc1,4.38396,O=C(N[C@@H](C(=O)O)c1ccccc1)C1CCN1,4.985383
c1ccc(CNc2cc(CNc3ccccn3)ccc2NCC2CN(C[C@@H]3Cc4ccccc4CN3)C2)nc1,6.715381,O=C([C@@H]1Cc2ccccc2CN1)N(CC1CNC1)c1ccc(CNc2ccccn2)cc1NCc1ccccn1,6.44251
O=C(NC12CC(C1)C2)[C@@H](NCc1ccc(-c2nc3ccc(C4=NCCc5ccccc54)cc3o2)cc1)c1ccccc1,7.685724,O=C(N[C@H](C(=O)NC12CC(C1)C2)c1ccccc1)c1ccc(-c2nc3ccc(C4=NCCc5ccccc54)cc3o2)cc1,7.495637
O=C(O)[C@@H]1Cc2ccccc2CN1C[C@H]1CCCN1,4.280011,O=C(O)[C@@H]1Cc2ccccc2CN1C(=O)[C@H]1CCCN1,4.658956
O=C(Nc1ccc(-c2nc3cc(C(=O)O)ccc3[nH]2)cc1NC[C@@H]1Cc2ccccc2CN1)NC1CC1,6.758582,O=C(Nc1ccc(-c2nc3cc(C(=O)O)ccc3[nH]2)cc1NC(=O)[C@@H]1Cc2ccccc2CN1)NC1CC1,6.027598
Nc1ccc(C(F)(F)F)cc1NCC1CCN1,5.273229,Nc1cc(C(F)(F)F)ccc1NC(=O)C1CCN1,5.68205
O=C(Nc1cccc2cc[nH]c12)c1ccc(CNc2ccc(CNC34CC(C3)C4)cc2NC[C@@H]2Cc3ccccc3CN2)cc1,7.537239,O=C(Nc1cccc2cc[nH]c12)c1ccc(CNc2ccc(CNC34CC(C3)C4)cc2NC(=O)[C@@H]2Cc3ccccc3CN2)cc1,7.491644
OB(O)c1cccc(Nc2c[nH]nc2NC[C@@H]2Cc3ccccc3CN2)c1,4.610211,O=C(Nc1n[nH]cc1Nc1cccc(B(O)O)c1)[C@@H]1Cc2ccccc2CN1,4.903816
O=C(Nc1ccc(Nc2cccc(-c3ccc(NC[C@@H]4Cc5ccccc5CN4)cc3)c2)cc1)C1CNC1,8.01289,O=C(Nc1ccc(Nc2cccc(-c3ccc(NC(=O)[C@@H]4Cc5ccccc5CN4)cc3)c2)cc1)C1CNC1,7.834974
O=Cc1cnccc1NCc1cccc(B(O)O)c1,2.949384,O=Cc1cnccc1NC(=O)c1cccc(B(O)O)c1,3.138111
Nc1ccc(CN[C@H](c2ccccc2)c2nc3c(C(=O)O)cccc3o2)cc1O,4.375485,N[C@H](c1ccccc1)c1nc2c(C(=O)Nc3ccc(C(=O)O)cc3O)cccc2o1,5.163841
Cc1cc(-c2cccc(NCc3ccc(O)c(N)c3)c2)cnc1NC1CN(C(=O)C2CNC2)C1,6.790873,Cc1cc(-c2cccc(NC(=O)c3ccc(O)c(N)c3)c2)cnc1NC1CN(C(=O)C2CNC2)C1,6.508483
C[C@H](NCc1ccc(CCl)cc1)c1ccccc1,4.121207,C[C@H](NC(=O)c1ccc(CCl)cc1)c1ccccc1,4.548939
COc1ccccc1CNCc1ccc(O)c(N)c1,4.394774,COc1ccccc1CNC(=O)c1ccc(O)c(N)c1,4.591675
O=C(NC1CC1)c1cccc(-c2ccc3oc([C@@H](NC[C@@H]4Cc5ccccc5CN4)c4ccccc4)nc3c2)c1,7.667679,O=C(NC1CC1)c1cccc(-c2ccc3oc([C@@H](NC(=O)[C@@H]4Cc5ccccc5CN4)c4ccccc4)nc3c2)c1,7.593366
Nc1ccc(CN2CCC2C(=O)O)cc1O,3.139718,Nc1ccc(C(=O)N2CCC2C(=O)O)cc1O,3.585261
COc1ccc(CNCc2ccc(N)c(N)c2)cc1,4.086765,COc1ccc(CNC(=O)c2ccc(N)c(N)c2)cc1,4.569885
O=C(NCc1cn(CC2CC2)nn1)c1ccccc1NCc1ccc(-c2nnn(CC3CC3)n2)nc1,7.976632,O=C(Nc1ccccc1C(=O)NCc1cn(CC2CC2)nn1)c1ccc(-c2nnn(CC3CC3)n2)nc1,7.856725
O=C(O)C1CN(C(=O)c2ccccc2NCc2ccc3oc(C4CNC4)nc3c2)C1,6.625786,O=C(Nc1ccccc1C(=O)N1CC(C(=O)O)C1)c1ccc2oc(C3CNC3)nc2c1,6.644017
c1ccc(NCc2ccc(-c3nc4ccc(C5=NCCc6ccccc65)cc4o3)cc2)nc1,7.40588,O=C(Nc1ccccn1)c1ccc(-c2nc3ccc(C4=NCCc5ccccc54)cc3o2)cc1,7.52458
O=C(O)[C@@H](Cc1c[nH]c2ccccc12)NC[C@@H]1Cc2ccccc2CN1,5.006463,O=C(N[C@H](Cc1c[nH]c2ccccc12)C(=O)O)[C@@H]1Cc2ccccc2CN1,5.404044
c1ccc2c(c1)CCN=C2c1cccc2oc(-c3ccc4oc(-c5ccc(CNC67CC(C6)C7)cc5)nc4c3)nc12,7.386051,O=C(NC12CC(C1)C2)c1ccc(-c2nc3cc(-c4nc5c(C6=NCCc7ccccc76)cccc5o4)ccc3o2)cc1,6.897192
Nc1cccc(-c2nc(-c3ccc(NCc4ccc(N)c(N)c4)nc3)cs2)c1,5.280581,Nc1ccc(-c2csc(-c3cccc(NC(=O)c4ccc(N)c(N)c4)c3)n2)cn1,5.550351
COc1ccccc1CNCC1CCN(C(=O)c2ccc3nc(-c4cccc(C(=O)NCc5ccccc5)c4)oc3c2)CC1,7.435755,COc1ccccc1CNC(=O)C1CCN(C(=O)c2ccc3nc(-c4cccc(C(=O)NCc5ccccc5)c4)oc3c2)CC1,7.461004
O=C(Nc1ccc(N(Cc2ccccc2)C(=O)[C@@H]2CCCN2C[C@@H]2Cc3ccccc3CN2)cc1)Nc1ccnc2ccccc12,6.956425,O=C(Nc1ccc(N(Cc2ccccc2)C(=O)[C@@H]2CCCN2C(=O)[C@@H]2Cc3ccccc3CN2)cc1)Nc1ccnc2ccccc12,7.162
O=C(Nc1cccc(-c2ccc(NC[C@@H]3Cc4ccccc4CN3)cc2)c1)c1ccc(CCl)cc1,7.346962,O=C(Nc1cccc(-c2ccc(NC(=O)[C@@H]3Cc4ccccc4CN3)cc2)c1)c1ccc(CCl)cc1,7.37494
Oc1cc(CNc2ccnc3ccccc23)ccc1NCc1ccc(CCl)cc1,5.553322,O=C(Nc1ccc(CNc2ccnc3ccccc23)cc1O)c1ccc(CCl)cc1,5.795968
O=C(O)c1ccc(NC[C@@H]2Cc3ccccc3CN2)c(NC(=O)c2cccc(-c3nc4ccc(C(=O)O)cc4o3)c2)c1,6.726161,O=C(O)c1ccc(NC(=O)[C@@H]2Cc3ccccc3CN2)c(NC(=O)c2cccc(-c3nc4ccc(C(=O)O)cc4o3)c2)c1,6.592799
Nc1cc(C(=O)N2Cc3ccccc3C[C@H]2C(=O)O)ccc1NC[C@@H]1Cc2ccccc2CN1,6.309908,Nc1cc(C(=O)N2Cc3ccccc3C[C@H]2C(=O)O)ccc1NC(=O)[C@@H]1Cc2ccccc2CN1,6.338911
C[C@@H](c1ccccc1)N(Cc1cccc(-c2nc3ccc(C(=O)O)cc3o2)c1)C[C@@H]1Cc2ccccc2CN1,6.584748,C[C@@H](c1ccccc1)N(Cc1cccc(-c2nc3ccc(C(=O)O)cc3o2)c1)C(=O)[C@@H]1Cc2ccccc2CN1,6.796368
Nc1ccc(CNc2c(N)cccc2NC2CC2)cc1N,3.629296,Nc1ccc(C(=O)Nc2c(N)cccc2NC2CC2)cc1N,3.995694
Nc1cc(CN2CCC[C@@H]2C(=O)O)ccc1NC[C@@H]1Cc2ccccc2CN1,5.672613,Nc1cc(CN2CCC[C@@H]2C(=O)O)ccc1NC(=O)[C@@H]1Cc2ccccc2CN1,5.684799
Nc1ccc(CNc2cc(CNc3cccc4ccn(CC5CC5)c34)ccc2N)cc1O,5.838967,Nc1ccc(C(=O)Nc2cc(CNc3cccc4ccn(CC5CC5)c34)ccc2N)cc1O,6.023766
Nc1cc(CNc2ccc(Br)cc2)ccc1O,3.921141,Nc1cc(C(=O)Nc2ccc(Br)cc2)ccc1O,4.156073
c1ccc2c(c1)CCN=C2c1ccccc1Nc1c[nH]nc1NCc1ccc(COCC2CNC2)cc1,6.896516,O=C(Nc1n[nH]cc1Nc1ccccc1C1=NCCc2ccccc21)c1ccc(COCC2CNC2)cc1,7.259737
O=Cc1cccc(-c2ccc(NCC3CCN3)cc2)c1,6.602179,O=Cc1cccc(-c2ccc(NC(=O)C3CCN3)cc2)c1,7.033403
Nc1ccc(CNc2ccc(C(=O)NCc3ccccc3)cc2O)cc1O,5.293808,Nc1ccc(C(=O)Nc2ccc(C(=O)NCc3ccccc3)cc2O)cc1O,5.337267
O=C(Nc1ccnc2ccccc12)[C@H]1CCCN1Cc1ccc2nc(C3CNC3)oc2c1,7.812238,O=C(Nc1ccnc2ccccc12)[C@H]1CCCN1C(=O)c1ccc2nc(C3CNC3)oc2c1,7.530441
O=C(O)C1CCN1Cc1cccc(B(O)O)c1,2.827219,O=C(O)C1CCN1C(=O)c1cccc(B(O)O)c1,3.060268
c1ccc2c(c1)CN[C@H](CN1CC(c3nc4ccc(CNc5ccc(NC67CC(C6)C7)cc5)cc4o3)C1)C2,7.679994,O=C([C@@H]1Cc2ccccc2CN1)N(Cc1ccc2nc(C3CNC3)oc2c1)c1ccc(NC23CC(C2)C3)cc1,7.476646
Nc1ccc(CN2Cc3ccccc3C[C@H]2C(=O)NCCc2ccccc2)cc1O,5.365036,Nc1ccc(C(=O)N2Cc3ccccc3C[C@H]2C(=O)NCCc2ccccc2)cc1O,5.456134
O=C(C1CN(Cc2ccc3nc(C4CNC4)oc3c2)C1)N1CCC[C@H](CNCc2c[nH]c3ccccc23)C1,7.646822,O=C(c1ccc2nc(C3CNC3)oc2c1)N(Cc1c[nH]c2ccccc12)C[C@H]1CCCN(C(=O)C2CNC2)C1,7.522964
c1cc(NCc2ccc3oc(C4CNC4)nc3c2)cc(-c2cccc3nc(C4CCNCC4)oc23)c1,7.975294,O=C(Nc1cccc(-c2cccc3nc(C4CCNCC4)oc23)c1)c1ccc2oc(C3CNC3)nc2c1,7.195806
ClCc1ccc(CNc2ccc(Br)cc2)cc1,4.068254,O=C(Nc1ccc(Br)cc1)c1ccc(CCl)cc1,4.409932
O=C(c1ccc(-c2nnn(Cc3ccc(-c4nnn(CC5CC5)n4)cc3)n2)nc1)N1CCC[C@@H]1CNC12CC(C1)C2,7.386963,O=C(NC12CC(C1)C2)[C@H]1CCCN1C(=O)c1ccc(-c2nnn(Cc3ccc(-c4nnn(CC5CC5)n4)cc3)n2)nc1,7.297243
C[C@@H](NCc1ccc(O)c(N)c1)C(=O)O,2.829614,C[C@@H](N)C(=O)Nc1cc(C(=O)O)ccc1O,3.099852
c1ccc2c(c1)C[C@@H](CNCCc1c[nH]c3ccccc13)N(C[C@@H]1C[C@@H](OCc3ccc(-c4nnn(CC5CC5)n4)cc3)CN1)C2,7.577494,O=C([C@@H]1C[C@@H](OCc2ccc(-c3nnn(CC4CC4)n3)cc2)CN1)N(CCc1c[nH]c2ccccc12)C[C@@H]1Cc2ccccc2CN1,7.789444
O=C(NCCc1ccccc1-c1cccc(NC[C@@H]2Cc3ccccc3CN2)c1)[C@@H]1Cc2ccccc2CN1C[C@@H]1Cc2ccccc2CN1,7.539992,O=C(NCCc1ccccc1-c1cccc(N(C[C@@H]2Cc3ccccc3CN2)C(=O)[C@@H]2Cc3ccccc3CN2)c1)[C@@H]1Cc2ccccc2CN1,7.651882
O=C(NC12CC(C1)C2)c1ccc2oc(-c3ccc(COCC4CN(CC5CNC5)C4)cc3)nc2c1,7.444623,O=C(NC12CC(C1)C2)c1ccc2oc(-c3ccc(COCC4CN(C(=O)C5CNC5)C4)cc3)nc2c1,7.637097
O=Cc1ccc(-c2nc3ccc(-c4cccc(NC[C@@H]5Cc6ccccc6CN5)c4)cc3n2CC2CC2)cc1,7.337843,O=Cc1ccc(-c2nc3ccc(-c4cccc(NC(=O)[C@@H]5Cc6ccccc6CN5)c4)cc3n2CC2CC2)cc1,7.167993
N#Cc1cncc(-c2cccc(NCc3ccc(NCC4CCN4)c(N)c3)c2)c1,6.897482,N#Cc1cncc(-c2cccc(NCc3ccc(N)c(NC(=O)C4CCN4)c3)c2)c1,6.848509
O=C(O)C1CCN1Cc1ccc(CCl)cc1,3.350081,O=C(O)C1CCN1C(=O)c1ccc(CCl)cc1,3.833315
Oc1cc(Br)ccc1NCc1cnccc1NCc1ccc(CCl)cc1,4.499092,O=C(Nc1ccncc1CNc1ccc(Br)cc1O)c1ccc(CCl)cc1,4.871914
O=C(O)[C@@H]1CCCN1CC1CNC1,3.124078,O=C(O)C1CN(C(=O)[C@@H]2CCCN2)C1,3.884554
O=C(Nc1cccc(B(O)O)c1)[C@@H](Cc1cn(CC2CC2)c2ccccc12)NC[C@@H]1Cc2ccccc2CN1,6.184507,O=C(N[C@H](Cc1cn(CC2CC2)c2ccccc12)C(=O)Nc1cccc(B(O)O)c1)[C@@H]1Cc2ccccc2CN1,6.159694
O=C(Nc1ccccn1)C1CCN1C(=O)c1ccccc1Cn1ccc2cccc(NC[C@@H]3Cc4ccccc4CN3)c21,7.165113,O=C(Nc1ccccn1)C1CCN1C(=O)c1ccccc1Cn1ccc2cccc(NC(=O)[C@@H]3Cc4ccccc4CN3)c21,7.481694
OB(O)c1cccc(CN2CCNCC2)c1,2.969531,O=C(c1cccc(B(O)O)c1)N1CCNCC1,3.475415
O=Cc1ccc(CN2CCC2C(=O)O)cc1,3.250763,O=Cc1ccc(C(=O)N2CCC2C(=O)O)cc1,3.789539
C[C@H](NCc1ccccc1N)c1ccccc1,3.906758,C[C@H](NC(=O)c1ccccc1N)c1ccccc1,4.383982
Nc1ccc(CNc2ccccc2C(=O)N2CC(CO)C2)cc1N,4.068293,Nc1ccc(C(=O)Nc2ccccc2C(=O)N2CC(CO)C2)cc1N,4.41735
c1ccc2c(-c3nc4ccc(-c5nc6c(CNC78CC(C7)C8)cccc6o5)cc4o3)c[nH]c2c1,7.188957,O=C(NC12CC(C1)C2)c1cccc2oc(-c3ccc4nc(-c5c[nH]c6ccccc56)oc4c3)nc12,6.91059
O=C(O)c1ccc(NCC2CNC2)c(NC[C@@H]2Cc3ccccc3CN2)c1,6.329,O=C(O)c1ccc(NC(=O)C2CNC2)c(NC[C@@H]2Cc3ccccc3CN2)c1,6.757447
C[C@H](NCC1CCN1)c1ccccc1,5.550481,C[C@H](NC(=O)C1CCN1)c1ccccc1,6.273451
Oc1ccc(-c2nnn(CC3CC3)n2)cc1N(Cc1ccc2nc(C3CCN3)oc2c1)C[C@@H]1Cc2ccccc2CN1,7.624547,O=C([C@@H]1Cc2ccccc2CN1)N(Cc1ccc2nc(C3CCN3)oc2c1)c1cc(-c2nnn(CC3CC3)n2)ccc1O,7.52414
O=C(C1CNC1)N1CCN(CCNc2ccc(NCC3CN(C[C@@H]4Cc5ccccc5CN4)C3)cc2)CC1,7.609121,O=C(C1CN(C(=O)[C@@H]2Cc3ccccc3CN2)C1)N1CCN(CCNc2ccc(NCC3CNC3)cc2)CC1,7.311807
Nc1ccccc1CNc1cc(C(=O)O)ccc1O,3.931954,Nc1cc(C(=O)Nc2ccccc2C(=O)O)ccc1O,3.723012
Nc1ccc(CNc2ccc(B(O)O)cc2)cc1NCc1ccc(CNC23CC(C2)C3)cc1,5.74949,Nc1ccc(CNc2ccc(B(O)O)cc2)cc1NCc1ccc(C(=O)NC23CC(C2)C3)cc1,5.715267
Nc1cc(CNc2cccc(-c3ccc4nc(C5CNC5)oc4c3)c2)ccc1O,7.009639,Nc1cc(C(=O)Nc2cccc(-c3ccc4nc(C5CNC5)oc4c3)c2)ccc1O,6.960502
C[C@H](NC(=O)c1cccnc1-c1ccc(NCc2ccc3nc(C4CNC4)[nH]c3c2)cc1)c1ccccc1,7.497066,C[C@H](NC(=O)c1cccnc1-c1ccc(NC(=O)c2ccc3nc(C4CNC4)[nH]c3c2)cc1)c1ccccc1,7.17937
Cc1cc(-c2cccc(N)c2)cnc1NCc1ccc(-c2nnn(CC3CC3)n2)nc1,7.261708,Cc1cc(-c2cccc(N)c2)cnc1NC(=O)c1ccc(-c2nnn(CC3CC3)n2)nc1,6.965398
N[C@H](CN1CC(C(=O)O)C1)c1ccccc1,3.004948,N[C@H](C(=O)N1CC(C(=O)O)C1)c1ccccc1,4.361435
Oc1ccc(-c2nnn(CC3CC3)n2)cc1NC[C@@H](NCc1ccc(-c2nnn(CC3CC3)n2)nc1)c1ccccc1,7.809433,O=C(N[C@H](CNc1cc(-c2nnn(CC3CC3)n2)ccc1O)c1ccccc1)c1ccc(-c2nnn(CC3CC3)n2)nc1,7.624421
Oc1ccc(Br)cc1NCc1ccc2[nH]c(-c3ccc4oc([C@H]5CCCN5)nc4c3)nc2c1,6.629143,O=C(Nc1cc(Br)ccc1O)c1ccc2[nH]c(-c3ccc4oc([C@H]5CCCN5)nc4c3)nc2c1,6.449842
OB(O)c1ccc(NCc2ccc3oc([C@@H]4CCCN4)nc3c2)cc1,5.248402,O=C(Nc1ccc(B(O)O)cc1)c1ccc2oc([C@@H]3CCCN3)nc2c1,5.467436
N#Cc1ccc(N)c(NCc2ccc(CCl)cc2)c1,3.917804,N#Cc1ccc(N)c(NC(=O)c2ccc(CCl)cc2)c1,4.094902
O=Cc1ccc(-c2nc3ccc(-c4cccc(CNC56CC(C5)C6)c4)cc3o2)cc1,6.963561,O=Cc1ccc(-c2nc3ccc(-c4cccc(C(=O)NC56CC(C5)C6)c4)cc3o2)cc1,6.996156
Nc1ccc(CNc2cc(-c3cccc(-c4nc5ccc(-c6nnn(CC7CC7)n6)cc5[nH]4)c3)n[nH]2)cc1N,7.274965,Nc1ccc(C(=O)Nc2cc(-c3cccc(-c4nc5ccc(-c6nnn(CC7CC7)n6)cc5[nH]4)c3)n[nH]2)cc1N,7.389938
O=C(C1CCNCC1)N1CCC[C@@H]1CNc1ccc(B(O)O)cc1,4.909508,O=C(Nc1ccc(B(O)O)cc1)[C@H]1CCCN1C(=O)C1CCNCC1,5.023841
c1cc(COC[C@@H]2CCCN2C[C@@H]2Cc3ccccc3CN2)cc(-c2nnnn2Cc2ccc(-c3nnn(CC4CC4)n3)cc2)c1,7.936436,O=C([C@@H]1Cc2ccccc2CN1)N1CCC[C@H]1COCc1cccc(-c2nnnn2Cc2ccc(-c3nnn(CC4CC4)n3)cc2)c1,7.993705
Nc1cc(CNc2nc(F)nc3[nH]cnc23)ccc1O,3.858829,Nc1cc(C(=O)Nc2nc(F)nc3[nH]cnc23)ccc1O,4.190077
O=C(O)C1(NCc2cccc(B(O)O)c2)CCC1,2.718911,O=C(NC1(C(=O)O)CCC1)c1cccc(B(O)O)c1,3.440182
Brc1ccc(NCc2ccc(-c3nnn(CC4CC4)n3)nc2)cc1,7.186279,O=C(Nc1ccc(Br)cc1)c1ccc(-c2nnn(CC3CC3)n2)nc1,7.054179
O=C(O)c1cccc(Nc2ccc(-c3cccc(NCc4ccc(CO[C@H]5CN6CCC5CC6)cc4)c3)cc2)n1,7.366327,O=C(Nc1cccc(-c2ccc(Nc3cccc(C(=O)O)n3)cc2)c1)c1ccc(CO[C@H]2CN3CCC2CC3)cc1,7.323331
O=Cc1ccc(CN[C@@H](Cc2c[nH]c3ccccc23)C(=O)O)cc1,3.558835,O=Cc1ccc(C(=O)N[C@@H](Cc2c[nH]c3ccccc23)C(=O)O)cc1,3.877263
O=Cc1c[nH]c2ccc(-c3cccc(NCc4ccc(CO[C@H]5CN6CCC5CC6)cc4)c3)cc12,7.474078,O=Cc1c[nH]c2ccc(-c3cccc(NC(=O)c4ccc(CO[C@H]5CN6CCC5CC6)cc4)c3)cc12,7.58726
c1ccc(-c2cn(CC3CC3)nn2)c(CCNCc2ccc3oc(C4CNC4)nc3c2)c1,7.885402,O=C(NCCc1ccccc1-c1cn(CC2CC2)nn1)c1ccc2oc(C3CNC3)nc2c1,7.974869
Nc1cc(CNc2ccccc2C(=O)O)ccc1NCC1CCN1,5.792674,Nc1cc(C(=O)Nc2ccccc2C(=O)O)ccc1NCC1CCN1,5.754076
c1cc(CNc2ccc(Nc3cccc4cc[nH]c34)cc2)cc(-c2nc3ccc(-c4nnn(CC5CC5)n4)cc3[nH]2)c1,7.56517,O=C(Nc1ccc(Nc2cccc3cc[nH]c23)cc1)c1cccc(-c2nc3ccc(-c4nnn(CC5CC5)n4)cc3[nH]2)c1,7.696755
O=C(c1ccc2[nH]c(-c3cccc(C4=NCCc5ccccc54)c3)nc2c1)N1CC(CNc2ccnc3ccccc23)C1,7.505014,O=C(Nc1ccnc2ccccc12)C1CN(C(=O)c2ccc3[nH]c(-c4cccc(C5=NCCc6ccccc65)c4)nc3c2)C1,7.648405
c1cc(Nc2ccc(NC[C@@H]3Cc4ccccc4CN3)cc2)cc(-c2ccc3nc(C4CCNCC4)oc3c2)c1,7.685357,O=C(Nc1ccc(Nc2cccc(-c3ccc4nc(C5CCNCC5)oc4c3)c2)cc1)[C@@H]1Cc2ccccc2CN1,7.740538
O=C(Nc1cccc(-c2ccc(NC[C@@H]3Cc4ccccc4CN3)cc2)c1)C1CCN1,7.923368,O=C(Nc1cccc(-c2ccc(NC(=O)[C@@H]3Cc4ccccc4CN3)cc2)c1)C1CCN1,7.355244
O=C(Nc1ccccc1)Nc1ccc(Nc2cccc(-c3cc(NCC4CNC4)[nH]n3)c2)cc1,7.532757,O=C(Nc1ccccc1)Nc1ccc(Nc2cccc(-c3cc(NC(=O)C4CNC4)[nH]n3)c2)cc1,8.023554
Nc1c(Br)cccc1NC[C@H]1CCCN(c2ccc3ccccc3n2)C1,5.133952,Nc1c(Br)cccc1NC(=O)[C@H]1CCCN(c2ccc3ccccc3n2)C1,5.8036
O=C(O)C1CCN(Cc2cccc(CN3CCC3C(=O)O)c2)CC1,4.287277,O=C(O)C1CCN(Cc2cccc(C(=O)N3CCC3C(=O)O)c2)CC1,4.44415
Nc1ccc(CNc2cccc(-c3ncccc3NC(=O)c3ccc(C=O)cc3)c2)cc1N,5.459075,Nc1ccc(C(=O)Nc2cccc(-c3ncccc3NC(=O)c3ccc(C=O)cc3)c2)cc1N,5.388085
O=C(NC1CC1)c1ccc(N2CCC(CNc3ccc(Br)cc3)CC2)cc1,6.972748,O=C(NC1CC1)c1ccc(N2CCC(C(=O)Nc3ccc(Br)cc3)CC2)cc1,7.229673
Nc1cc(CNc2ccc(-c3ccc(NCC4CCN4)cc3)cc2)ccc1NCC1CCN1,7.854583,Nc1cc(CNc2ccc(-c3ccc(NCC4CCN4)cc3)cc2)ccc1NC(=O)C1CCN1,7.779146
N#Cc1ccc(Cn2cc(CNCc3ccc(O)c(N)c3)nn2)cc1,4.592968,N#Cc1ccc(Cn2cc(CNC(=O)c3ccc(O)c(N)c3)nn2)cc1,4.984443
O=C(O)c1ccc2[nH]c([C@H]3CCCN3Cc3ccc(-c4nc5cc(-c6nnn(CC7CC7)n6)ccc5o4)cc3)nc2c1,7.394692,O=C(O)c1ccc2[nH]c([C@H]3CCCN3C(=O)c3ccc(-c4nc5cc(-c6nnn(CC7CC7)n6)ccc5o4)cc3)nc2c1,7.267797
c1ccc2c(c1)CN[C@H](CNc1ccc(-c3cc(NCc4ccc5nc(C6CNC6)oc5c4)[nH]n3)cc1)C2,8.145298,O=C(Nc1cc(-c2ccc(NC[C@@H]3Cc4ccccc4CN3)cc2)n[nH]1)c1ccc2nc(C3CNC3)oc2c1,8.080091
COc1ccc2c(c1)nc([C@H]1CCCN1Cc1ccc(O)c(N)c1)n2CC1CC1,5.471495,COc1ccc2c(c1)nc([C@H]1CCCN1C(=O)c1ccc(O)c(N)c1)n2CC1CC1,5.551209
Nc1cc(CN2CCC(C(=O)Nc3ccnc4ccccc34)CC2)ccc1O,6.008042,Nc1cc(C(=O)N2CCC(C(=O)Nc3ccnc4ccccc34)CC2)ccc1O,6.371482
Cc1cc(Br)cnc1NCCNCC1CCN1,4.740448,Cc1cc(Br)cnc1NCCNC(=O)C1CCN1,5.062747
Nc1cc(CN2CC(c3nc4ccc(C(=O)NCc5c[nH]c6ccccc56)cc4o3)C2)ccc1O,6.524338,Nc1cc(C(=O)N2CC(c3nc4ccc(C(=O)NCc5c[nH]c6ccccc56)cc4o3)C2)ccc1O,6.888798
COc1cccc(CNC(=O)c2ccc(N)c(NCc3ccc4nc(C5CNC5)[nH]c4c3)c2)c1,7.201058,COc1cccc(CNC(=O)c2ccc(N)c(NC(=O)c3ccc4nc(C5CNC5)[nH]c4c3)c2)c1,7.433785
O=Cc1ccc(-c2ccc(NCc3ccc(CO[C@H]4CN5CCC4CC5)cc3)cc2)cc1,7.511406,O=Cc1ccc(-c2ccc(NC(=O)c3ccc(CO[C@H]4CN5CCC4CC5)cc3)cc2)cc1,7.584996
C[C@H](Nc1ccc(NCc2ccc3nc(-c4ccc(C(=O)O)cc4)oc3c2)c(O)c1)c1ccccc1,6.456863,C[C@H](Nc1ccc(NC(=O)c2ccc(-c3nc4ccc(C(=O)O)cc4o3)cc2)c(O)c1)c1ccccc1,6.334795
Cc1cc(C#N)cnc1NCc1ccc(O)c(N)c1,3.715821,Cc1cc(C#N)cnc1NC(=O)c1ccc(O)c(N)c1,3.762205
O=C(Nc1cccc2cc[nH]c12)C1(Nc2ccc(NCc3ccccc3CO[C@H]3CN4CCC3CC4)cc2)CCC1,7.483304,O=C(Nc1ccc(NC2(C(=O)Nc3cccc4cc[nH]c34)CCC2)cc1)c1ccccc1CO[C@H]1CN2CCC1CC2,7.509758
c1ccc2c(c1)CN[C@H](CN1Cc3ccccc3C[C@H]1c1nc3cc(CN4CCC[C@@H]4C4=NCCc5ccccc54)ccc3o1)C2,7.324475,O=C([C@@H]1Cc2ccccc2CN1)N1Cc2ccccc2C[C@H]1c1nc2cc(CN3CCC[C@@H]3C3=NCCc4ccccc43)ccc2o1,6.984
Nc1ccc(CN2CCC2C(=O)N2CCN(C(=O)C3CCN3C(=O)[C@@H]3Cc4ccccc4CN3)CC2)cc1O,6.758825,Nc1ccc(C(=O)N2CCC2C(=O)N2CCN(C(=O)C3CCN3C(=O)[C@@H]3Cc4ccccc4CN3)CC2)cc1O,6.887199
Brc1cc(NCc2ccc3nc(-c4ccc(-c5nnn(CC6CC6)n5)nc4)oc3c2)[nH]n1,7.209907,O=C(Nc1cc(Br)n[nH]1)c1ccc2nc(-c3ccc(-c4nnn(CC5CC5)n4)nc3)oc2c1,7.085184
Nc1ccc(CNc2ccc(Nc3ccccc3C(=O)O)cc2N)cc1N,4.303408,Nc1ccc(C(=O)Nc2cc(Nc3ccccc3C(=O)O)ccc2N)cc1N,4.508379
Brc1cccc(CN2CC(CNCCc3cn(CC4CC4)c4ccccc34)C2)c1,6.687973,O=C(NCCc1cn(CC2CC2)c2ccccc12)C1CN(Cc2cccc(Br)c2)C1,6.899662
N#Cc1ccc(Cn2cc(CNCc3ccc(N)c(O)c3)nn2)cc1,4.519352,N#Cc1ccc(Cn2cc(CNC(=O)c3ccc(N)c(O)c3)nn2)cc1,4.899384
Cc1cc(-c2ccc(F)cc2)cnc1NCc1ccc2oc(-c3cccc(C4=NCCc5ccccc54)c3)nc2c1,7.504968,Cc1cc(-c2ccc(F)cc2)cnc1NC(=O)c1ccc2oc(-c3cccc(C4=NCCc5ccccc54)c3)nc2c1,7.24783
O=Cc1ccc(-c2ccc(NCc3ccc(-c4nnn(CC5CC5)n4)nc3)cc2)cc1,7.427939,O=Cc1ccc(-c2ccc(NC(=O)c3ccc(-c4nnn(CC5CC5)n4)nc3)cc2)cc1,7.008667
O=C(NC1CC1)c1ccc(Nc2ccc(-c3cccnc3)cc2NC[C@@H]2Cc3ccccc3CN2)cc1,7.386847,O=C(NC1CC1)c1ccc(Nc2ccc(-c3cccnc3)cc2NC(=O)[C@@H]2Cc3ccccc3CN2)cc1,6.803859
N[C@@H](CN1CCC1C(=O)O)c1ccccc1,2.90684,N[C@@H](C(=O)N1CCC1C(=O)O)c1ccccc1,4.133459
O=Cc1ccc(CNCc2cn(Cc3cc(=O)[nH]c4ccccc34)nn2)cc1,4.706768,O=Cc1ccc(C(=O)NCc2cn(Cc3cc(=O)[nH]c4ccccc34)nn2)cc1,5.152552
OB(O)c1cccc(NCc2cccc(NCCc3ccccc3)n2)c1,4.164227,O=C(Nc1cccc(B(O)O)c1)c1cccc(NCCc2ccccc2)n1,4.418633
CC(c1cccc(-c2ccc(NCc3ccc(N)c(N)c3)cc2)c1)N1CC(C(=O)O)C1,5.609112,CC(c1cccc(-c2ccc(N)cc2)c1)N1CC(C(=O)Nc2cc(C(=O)O)ccc2N)C1,5.654757
OB(O)c1cccc(NCc2cncc(F)c2)c1,3.166578,O=C(Nc1cccc(B(O)O)c1)c1cncc(F)c1,3.38625
Nc1ccc(CNc2ccc(NC3(C(=O)NCc4c[nH]c5ccccc45)CCC3)cc2)cc1NCC1CCN1,7.358533,Nc1cc(CNc2ccc(NC3(C(=O)NCc4c[nH]c5ccccc45)CCC3)cc2)ccc1NC(=O)C1CCN1,7.618397
COc1ccc(CNC[C@@H]2CCCN(C(=O)c3ccc(CNc4cccc(-c5c[nH]cn5)c4)cc3)C2)cc1,6.663614,COc1ccc(CNC(=O)[C@@H]2CCCN(C(=O)c3ccc(CNc4cccc(-c5c[nH]cn5)c4)cc3)C2)cc1,6.930185
c1ccc2c(CCNc3ccc(-c4nnn(Cc5ccc(CN6CCNCC6)cc5)n4)cn3)c[nH]c2c1,6.133293,O=C(c1ccc(Cn2nnc(-c3ccc(NCCc4c[nH]c5ccccc45)nc3)n2)cc1)N1CCNCC1,6.807105
N[C@H](CNCCc1ccccc1Br)Cc1ccccc1,2.612015,N[C@@H](Cc1ccccc1)C(=O)NCCc1ccccc1Br,3.161728
c1cc2oc(C3CNC3)nc2cc1CNc1ccc(-c2ccc3nc([C@@H]4CCCN4)oc3c2)cc1,8.05031,O=C(Nc1ccc(-c2ccc3nc([C@@H]4CCCN4)oc3c2)cc1)c1ccc2oc(C3CNC3)nc2c1,6.547701
O=C(C1CCN1)N1CCN(Cc2cccc(-c3cc(NC[C@@H]4Cc5ccccc5CN4)[nH]n3)c2)CC1,7.776638,O=C(Nc1cc(-c2cccc(CN3CCN(C(=O)C4CCN4)CC3)c2)n[nH]1)[C@@H]1Cc2ccccc2CN1,7.530307
O=C([C@@H](NCc1ccc(CO[C@H]2CN3CCC2CC3)cc1)c1ccccc1)N(Cc1cncc(F)c1)c1cccc2cc[nH]c12,6.805858,O=C(N[C@H](C(=O)N(Cc1cncc(F)c1)c1cccc2cc[nH]c12)c1ccccc1)c1ccc(CO[C@H]2CN3CCC2CC3)cc1,6.886086
ClCc1ccc(CNCc2c[nH]c3ccccc23)cc1,4.678308,O=C(NCc1c[nH]c2ccccc12)c1ccc(CCl)cc1,4.974568
N#Cc1ccc(CN(c2cccc3ccn(CC4CC4)c23)C2CCNC2)cn1,6.497289,N#Cc1ccc(C(=O)N(c2cccc3ccn(CC4CC4)c23)C2CCNC2)cn1,6.12304
O=C(O)[C@@H]1Cc2ccccc2CN1CC1CCN1,4.978563,O=C(O)C1CCN1C(=O)[C@@H]1Cc2ccccc2CN1,5.520155
Oc1ccc(-c2cccc(Nc3ncccc3-c3cnc(F)nc3)c2)cc1NCC1CCN1,7.338944,O=C(Nc1cc(-c2cccc(Nc3ncccc3-c3cnc(F)nc3)c2)ccc1O)C1CCN1,7.269576
N#Cc1ccc2nc([C@H](Cc3c[nH]c4ccccc34)NCc3ccc(N)c(N)c3)[nH]c2c1,4.559941,N#Cc1ccc2nc([C@H](Cc3c[nH]c4ccccc34)NC(=O)c3ccc(N)c(N)c3)[nH]c2c1,4.854311
N[C@H](C(=O)Nc1ccc(CNc2ccnc3ccccc23)cc1NCc1ccc(C(=O)NC2CC2)cc1)c1ccccc1,7.505723,N[C@H](C(=O)Nc1ccc(C(=O)Nc2ccnc3ccccc23)cc1NCc1ccc(C(=O)NC2CC2)cc1)c1ccccc1,7.432436
Nc1ccc(CN[C@@H](Cc2ccccc2)C(=O)O)cc1O,3.138763,N[C@@H](Cc1ccccc1)C(=O)Nc1ccc(C(=O)O)cc1O,3.333557
N#Cc1ccc(NCC2CCN2)c(NCc2cccc(C=O)c2)c1,5.119843,N#Cc1ccc(NC(=O)C2CCN2)c(NCc2cccc(C=O)c2)c1,5.53362
OC[C@H]1CCCN1c1cc(-c2ccc(NCc3ccc(-c4nnn(CC5CC5)n4)nc3)cc2)ccn1,7.354208,O=C(Nc1ccc(-c2ccnc(N3CCC[C@@H]3CO)c2)cc1)c1ccc(-c2nnn(CC3CC3)n2)nc1,6.954327
c1ccc2c(c1)c(CCNCC1CCN1)cn2Cc1ccc(-c2nc3ccc(-c4ccc5[nH]ccc5c4)cc3o2)cc1,7.267761,O=C(NCCc1cn(Cc2ccc(-c3nc4ccc(-c5ccc6[nH]ccc6c5)cc4o3)cc2)c2ccccc12)C1CCN1,7.581551
O=C(NCc1c[nH]c2ccccc12)c1ccc(Cn2ccc3cccc(NC(=O)[C@H]4CCCN4C[C@@H]4Cc5ccccc5CN4)c32)cc1,7.409662,O=C(NCc1c[nH]c2ccccc12)c1ccc(Cn2ccc3cccc(NC(=O)[C@H]4CCCN4C(=O)[C@@H]4Cc5ccccc5CN4)c32)cc1,7.510101
Nc1ccc(C(=O)N2CCC(=O)CC2)cc1NCc1ccc2oc(C3CNC3)nc2c1,5.973835,Nc1cc(C(=O)N2CCC(=O)CC2)ccc1NC(=O)c1ccc2oc(C3CNC3)nc2c1,6.070936
N#Cc1ccc(CNc2cccc(Br)c2O)cn1,4.080065,N#Cc1ccc(C(=O)Nc2cccc(Br)c2O)cn1,4.227226
c1ccc2nc(N3CC(CNc4ccc(NCc5cn(CC6CC6)c6ccccc56)cc4)C3)ccc2c1,7.692055,O=C(Nc1ccc(NCc2cn(CC3CC3)c3ccccc23)cc1)C1CN(c2ccc3ccccc3n2)C1,7.961781
C[C@H](NC(=O)Nc1ccc(-c2cc(-c3nc4cc(CNC56CC(C5)C6)ccc4o3)ccn2)cn1)c1ccccc1,7.627456,C[C@H](NC(=O)Nc1ccc(-c2cc(-c3nc4cc(C(=O)NC56CC(C5)C6)ccc4o3)ccn2)cn1)c1ccccc1,6.636182
O=Cc1ccc(CNC2CC2)cc1,2.698221,O=Cc1ccc(C(=O)NC2CC2)cc1,4.909974
O=C(NC1CC1)c1ccc(-c2nc3ccc(CNc4ccc(-c5cnc(F)nc5)cc4)cc3o2)cc1,8.034547,O=C(Nc1ccc(-c2cnc(F)nc2)cc1)c1ccc2nc(-c3ccc(C(=O)NC4CC4)cc3)oc2c1,7.092609
Cc1cc(-c2cccc(C#N)c2)cnc1NC1CN(Cc2ccc(F)cc2)C1,5.742098,Cc1cc(-c2cccc(C#N)c2)cnc1N(C(=O)c1ccc(F)cc1)C1CNC1,5.408969
O=C(Nc1cccc2cc[nH]c12)c1ccc2nc(CN3CCC[C@@H]3CNc3ccnc4ccccc34)oc2c1,6.745192,O=C(Nc1cccc2cc[nH]c12)c1ccc2nc(CN3CCC[C@@H]3C(=O)Nc3ccnc4ccccc34)oc2c1,7.024709
Nc1ccc(CNc2ccc(C(=O)NCCc3c[nH]c4ccccc34)cc2O)cc1N,5.384202,Nc1ccc(C(=O)Nc2ccc(C(=O)NCCc3c[nH]c4ccccc34)cc2O)cc1N,5.448905
c1ccc(CNC2CN(Cc3ccc4oc(-c5ccc(-c6nnn(CC7CC7)n6)nc5)nc4c3)C2)cc1,7.925054,O=C(c1ccc2oc(-c3ccc(-c4nnn(CC5CC5)n4)nc3)nc2c1)N(Cc1ccccc1)C1CNC1,7.526642
c1cc(Cn2nnnc2-c2ccc3oc([C@@H]4CCCN4C[C@@H]4Cc5ccccc5CN4)nc3c2)cc(-c2nnn(CC3CC3)n2)c1,7.832956,O=C([C@@H]1Cc2ccccc2CN1)N1CCC[C@H]1c1nc2cc(-c3nnnn3Cc3cccc(-c4nnn(CC5CC5)n4)c3)ccc2o1,7.723875
N#Cc1ccc(CNc2nc(C#CCNCc3ccccc3C(=O)O)cs2)cn1,3.983902,N#Cc1ccc(C(=O)Nc2nc(C#CCNCc3ccccc3C(=O)O)cs2)cn1,4.243011
O=C(NCCc1ccccc1-c1ccc(NCC2CNC2)cc1)NC1(C(=O)O)CCC1,6.777893,O=C(NCCc1ccccc1-c1ccc(NC(=O)C2CNC2)cc1)NC1(C(=O)O)CCC1,6.957016
Nc1ccc(-c2csc(NCC3CCN3)n2)cc1,6.275267,Nc1ccc(-c2csc(NC(=O)C3CCN3)n2)cc1,6.304659
Nc1cc(CN2CCC[C@@H]2C2=NCCc3ccccc32)ccc1O,5.43302,Nc1cc(C(=O)N2CCC[C@@H]2C2=NCCc3ccccc32)ccc1O,5.699237
O=C(Nc1ccnc2ccccc12)c1ccc(CNc2ccc(-c3ccc(NCC4CCN4)cc3)cc2)cc1,7.91075,O=C(Nc1ccnc2ccccc12)c1ccc(CNc2ccc(-c3ccc(NC(=O)C4CCN4)cc3)cc2)cc1,7.924928
c1ccc([C@H](NC[C@@H]2Cc3ccccc3CN2)c2nc3cc(-c4nnn(CC5CC5)n4)ccc3o2)cc1,7.621161,O=C(N[C@@H](c1ccccc1)c1nc2cc(-c3nnn(CC4CC4)n3)ccc2o1)[C@@H]1Cc2ccccc2CN1,7.556172
O=Cc1ccc(-c2ccc(NCc3ccc(-c4nnn(CC5CC5)n4)nc3)c(NC[C@@H]3Cc4ccccc4CN3)c2)cc1,7.538567,O=Cc1ccc(-c2ccc(NCc3ccc(-c4nnn(CC5CC5)n4)nc3)c(NC(=O)[C@@H]3Cc4ccccc4CN3)c2)cc1,7.340912
COc1ccccc1CNCc1ccccc1Cn1nnc(-c2ccc(N)c(N)c2)n1,5.595386,COc1ccccc1CNC(=O)c1ccccc1Cn1nnc(-c2ccc(N)c(N)c2)n1,5.850029
O=C(NC1CC1)c1ccc(CNc2cc(-c3cccc(NCC4CCN4)c3)ccc2O)cc1,7.904048,O=C(NC1CC1)c1ccc(CNc2cc(-c3cccc(NC(=O)C4CCN4)c3)ccc2O)cc1,7.836486
Nc1cc(CNc2cccc(-c3ccc(NCc4ccc(N)c(NC(=O)C5CCN5)c4)cc3)c2)ccc1O,6.934849,Nc1cc(C(=O)Nc2cccc(-c3ccc(NCc4ccc(N)c(NC(=O)C5CCN5)c4)cc3)c2)ccc1O,7.069108
Nc1cccc(-c2ccc(NCC3CNC3)c(NCc3ccc(-c4nnn(CC5CC5)n4)nc3)c2)c1,7.357691,Nc1cc(-c2cccc(NC(=O)c3ccc(-c4nnn(CC5CC5)n4)nc3)c2)ccc1NCC1CNC1,7.484075
O=C(NCCc1ccccc1-c1cccc(NCC2CNC2)c1)c1ccccc1CO[C@H]1CN2CCC1CC2,7.659265,O=C(NCCc1ccccc1-c1cccc(NC(=O)C2CNC2)c1)c1ccccc1CO[C@H]1CN2CCC1CC2,7.71543
COc1ccccc1CNc1ccc(N)c(NC[C@@H]2Cc3ccccc3CN2)c1,6.415274,COc1ccccc1CNc1ccc(N)c(NC(=O)[C@@H]2Cc3ccccc3CN2)c1,6.587999
Nc1ccc(CNc2nc(Br)cs2)cc1N,2.854285,Nc1ccc(C(=O)Nc2nc(Br)cs2)cc1N,3.429928
Nc1ccc(CNC23CC(C2)C3)cc1NCC1CCN(c2cc(C(=O)NCCc3c[nH]c4ccccc34)ccc2N)CC1,6.994265,Nc1ccc(C(=O)NC23CC(C2)C3)cc1NCC1CCN(c2cc(C(=O)NCCc3c[nH]c4ccccc34)ccc2N)CC1,7.020519
c1ccc([C@@H](CNCc2cn(Cc3cccc(-c4nnn(CC5CC5)n4)c3)nn2)NC[C@@H]2Cc3ccccc3CN2)cc1,7.524517,O=C(N[C@H](CNCc1cn(Cc2cccc(-c3nnn(CC4CC4)n3)c2)nn1)c1ccccc1)[C@@H]1Cc2ccccc2CN1,7.583358
O=C(NC1CC1)c1ccc(-c2nc3cc(CNCCc4cn(CC5CC5)c5ccccc45)ccc3o2)cc1,8.032965,O=C(NCCc1cn(CC2CC2)c2ccccc12)c1ccc2oc(-c3ccc(C(=O)NC4CC4)cc3)nc2c1,8.123717
Nc1cccc(-c2ccc3nc(C4(NCc5ccccc5CO[C@H]5CN6CCC5CC6)CCC4)oc3c2)c1,7.442324,NC1(c2nc3ccc(-c4cccc(NC(=O)c5ccccc5CO[C@H]5CN6CCC5CC6)c4)cc3o2)CCC1,7.290453
O=C(O)c1cccc(CNc2cc(-c3ccc(NC[C@@H]4Cc5ccccc5CN4)cc3)n[nH]2)c1,6.75066,O=C(O)c1cccc(CNc2cc(-c3ccc(NC(=O)[C@@H]4Cc5ccccc5CN4)cc3)n[nH]2)c1,6.960937
C#CCNC(=O)c1ccc2oc(-c3cccc(CNc4cc(C#C)n[nH]4)c3)nc2c1,6.006787,C#CCNC(=O)c1ccc2oc(-c3cccc(C(=O)Nc4cc(C#C)n[nH]4)c3)nc2c1,6.376661
N#Cc1ccc(O)c(NCc2ccccc2Cn2cc(CCN)c3ccccc32)c1,4.520614,N#Cc1ccc(O)c(NC(=O)c2ccccc2Cn2cc(CCN)c3ccccc32)c1,4.678142
N#Cc1ccc(CNc2cccc(-c3ccccc3CCNC(=O)[C@@H]3CCCN3)c2)cn1,6.740094,N#Cc1ccc(C(=O)Nc2cccc(-c3ccccc3CCNC(=O)[C@@H]3CCCN3)c2)cn1,7.080288
c1ccc(CNCc2ccc3oc(C4CN(Cc5ccc6oc(C7CNC7)nc6c5)C4)nc3c2)cc1,7.785287,O=C(c1ccc2oc(C3CNC3)nc2c1)N(Cc1ccccc1)Cc1ccc2oc(C3CNC3)nc2c1,7.481963
N#Cc1ccc(CNc2cc(CNc3ccccc3C(=O)NC3CC3)ccc2N)cn1,6.171373,N#Cc1ccc(C(=O)Nc2cc(CNc3ccccc3C(=O)NC3CC3)ccc2N)cn1,6.360639
Nc1ccc(-c2cccc(NCC3CNC3)c2)cc1NCc1ccc2nc(C3CNC3)[nH]c2c1,7.875252,Nc1ccc(-c2cccc(NC(=O)C3CNC3)c2)cc1NCc1ccc2nc(C3CNC3)[nH]c2c1,7.780073
COc1ccc(NCc2ccc(N)c(N)c2)c(N)c1,3.652103,COc1ccc(N)c(NC(=O)c2ccc(N)c(N)c2)c1,3.842807
N[C@@H](CNc1ccnc2ccccc12)c1ccccc1,4.402757,N[C@@H](C(=O)Nc1ccnc2ccccc12)c1ccccc1,5.33558
Nc1ccc(CN2CC[C@@H](O)C2)cc1N,3.164822,Nc1ccc(C(=O)N2CC[C@@H](O)C2)cc1N,3.501541
O=C(O)c1ccc2nc(-c3ccccc3NCc3ccc(CCl)cc3)oc2c1,4.997297,O=C(O)c1ccc2nc(-c3ccccc3NC(=O)c3ccc(CCl)cc3)oc2c1,4.917416
Fc1cncc(-c2ccc(NC[C@@H]3Cc4ccccc4CN3)cc2)c1,6.819757,O=C(Nc1ccc(-c2cncc(F)c2)cc1)[C@@H]1Cc2ccccc2CN1,7.129101
N#Cc1ccc2oc(C3CN(c4ccc(NCc5ccc6oc(C7CNC7)nc6c5)cc4)C3)nc2c1,7.166591,N#Cc1ccc2oc(C3CN(c4ccc(NC(=O)c5ccc6oc(C7CNC7)nc6c5)cc4)C3)nc2c1,5.194241
N#Cc1ccc(N)c(NCc2cccc(N3CCC(=O)CC3)n2)c1,3.823467,N#Cc1ccc(N)c(NC(=O)c2cccc(N3CCC(=O)CC3)n2)c1,4.081892
O=Cc1ccc(CNC2(C(=O)O)CCC2)cc1,3.177908,O=Cc1ccc(C(=O)NC2(C(=O)O)CCC2)cc1,4.304598
O=C(O)c1ccc(Cn2cc(CNCc3ccc(CO[C@H]4CN5CCC4CC5)cc3)c3ccccc32)cc1,7.122567,O=C(O)c1ccc(Cn2cc(CNC(=O)c3ccc(CO[C@H]4CN5CCC4CC5)cc3)c3ccccc32)cc1,7.400907
Brc1ccc(Nc2ccc(NCc3ccc4nc(C5CNC5)oc4c3)cc2)cc1,7.14891,O=C(Nc1ccc(Nc2ccc(Br)cc2)cc1)c1ccc2nc(C3CNC3)oc2c1,7.260404
Nc1ccc(CNc2ccc(-c3cccc(CN4CC(C(=O)O)C4)c3)cc2)cc1N,5.435797,Nc1ccc(-c2cccc(CN3CC(C(=O)Nc4cc(C(=O)O)ccc4N)C3)c2)cc1,5.520779
Brc1ccc2c(c1)c(CNc1ccc(-c3cccc(NCC4CCN4)c3)cc1)cn2CC1CC1,7.835416,O=C(Nc1cccc(-c2ccc(NCc3cn(CC4CC4)c4ccc(Br)cc34)cc2)c1)C1CCN1,7.859358
c1ccc([C@H](CNc2cccc3cc[nH]c23)NCC2CCN(Cc3ccc(-c4nnn(CC5CC5)n4)nc3)CC2)cc1,7.164758,O=C(N[C@@H](CNc1cccc2cc[nH]c12)c1ccccc1)C1CCN(Cc2ccc(-c3nnn(CC4CC4)n3)nc2)CC1,7.543128
N#Cc1ccc(CNc2cccc(-c3ccc4nc(-c5cccc(F)n5)oc4c3)c2)cn1,6.419302,N#Cc1ccc(C(=O)Nc2cccc(-c3ccc4nc(-c5cccc(F)n5)oc4c3)c2)cn1,6.482086
c1cc(CNC23CC(C2)C3)cc(-c2ncccc2NCc2ccc3nc(C4CNC4)oc3c2)c1,7.732664,O=C(Nc1cccnc1-c1cccc(CNC23CC(C2)C3)c1)c1ccc2nc(C3CNC3)oc2c1,7.177085
CC1(C)OB(c2ccc(NCc3ccc(COCC4CNC4)cc3)nc2)OC1(C)C,5.230031,CC1(C)OB(c2ccc(NC(=O)c3ccc(COCC4CNC4)cc3)nc2)OC1(C)C,5.599656
Cc1cc(Br)cnc1NCc1cccc(-c2nc3cc(C(=O)N4CCC(=O)CC4)ccc3[nH]2)c1,5.240412,Cc1cc(Br)cnc1NC(=O)c1cccc(-c2nc3cc(C(=O)N4CCC(=O)CC4)ccc3[nH]2)c1,5.11484
Fc1cccc(-c2ncccc2NCc2ccc3nc(C4CNC4)oc3c2)c1,7.00394,O=C(Nc1cccnc1-c1cccc(F)c1)c1ccc2nc(C3CNC3)oc2c1,7.056073
N#Cc1ccc(CN2CC(C(=O)O)C2)cn1,3.373078,N#Cc1ccc(C(=O)N2CC(C(=O)O)C2)cn1,4.18227
N#Cc1ccc(O)c(NCc2cccc(-c3ccc(NCC4CCN4)c(N)c3)c2)c1,6.489709,N#Cc1ccc(O)c(NCc2cccc(-c3ccc(N)c(NC(=O)C4CCN4)c3)c2)c1,6.558342
c1ccc2c(c1)CCN=C2C1CN(Cc2ccc(-c3nnn(CC4CC4)n3)nc2)C1,7.79073,O=C(c1ccc(-c2nnn(CC3CC3)n2)nc1)N1CC(C2=NCCc3ccccc32)C1,5.547465
N[C@@H](CNc1ccccc1C(=O)O)c1ccccc1,3.576843,N[C@@H](C(=O)Nc1ccccc1C(=O)O)c1ccccc1,4.424143
c1ccc2c(c1)c(CNCc1ccc3[nH]c(C4CNC4)nc3c1)cn2Cc1ccc(-c2nnn(CC3CC3)n2)cc1,8.13448,O=C(NCc1cn(Cc2ccc(-c3nnn(CC4CC4)n3)cc2)c2ccccc12)c1ccc2[nH]c(C3CNC3)nc2c1,8.305799
N#Cc1ccc(CN2CCC2c2nc3cc(-c4nnn(CC5CC5)n4)ccc3o2)cn1,7.094941,N#Cc1ccc(C(=O)N2CCC2c2nc3cc(-c4nnn(CC5CC5)n4)ccc3o2)cn1,7.224408
O=C(C1CNC1)N(Cc1cccc(O)c1NCc1ccc(CO[C@H]2CN3CCC2CC3)cc1)c1cccc(B(O)O)c1,6.4409,O=C(Nc1c(O)cccc1CN(C(=O)C1CNC1)c1cccc(B(O)O)c1)c1ccc(CO[C@H]2CN3CCC2CC3)cc1,6.446461
Nc1ccc(CNc2ccc(C(=O)O)cc2O)cc1NCC1CCN1,5.560824,Nc1cc(CNc2ccc(C(=O)O)cc2O)ccc1NC(=O)C1CCN1,5.937277
O=C(Nc1cccc2cc[nH]c12)C1CCN1C(=O)c1cccc(-c2cc(NC[C@@H]3Cc4ccccc4CN3)[nH]n2)c1,7.818762,O=C(Nc1cccc2cc[nH]c12)C1CCN1C(=O)c1cccc(-c2cc(NC(=O)[C@@H]3Cc4ccccc4CN3)[nH]n2)c1,7.756065
O=C(NCCc1ccccc1)c1ccc2nc(-c3ccc(COCC4CN(C[C@@H]5Cc6ccccc6CN5)C4)cc3)oc2c1,7.631272,O=C(NCCc1ccccc1)c1ccc2nc(-c3ccc(COCC4CN(C(=O)[C@@H]5Cc6ccccc6CN5)C4)cc3)oc2c1,7.6126
Nc1ccccc1CN1CCC[C@H]1C(=O)Nc1ccccn1,5.071713,Nc1ccccc1C(=O)N1CCC[C@H]1C(=O)Nc1ccccn1,5.052608
O=C(O)c1ccc2[nH]c(-c3ccc(NCc4ccc(-c5nnn(CC6CC6)n5)nc4)c(O)c3)nc2c1,7.140866,O=C(O)c1ccc2[nH]c(-c3ccc(NC(=O)c4ccc(-c5nnn(CC6CC6)n5)nc4)c(O)c3)nc2c1,6.811403
Nc1ccc(CNc2ccc(B(O)O)cc2)cc1N,3.313829,Nc1ccc(C(=O)Nc2ccc(B(O)O)cc2)cc1N,3.647571
c1cc2[nH]c(C3CCN3)nc2cc1CN1CCC(CNCc2cn(CC3CC3)nn2)CC1,7.40254,O=C(c1ccc2[nH]c(C3CCN3)nc2c1)N(Cc1cn(CC2CC2)nn1)CC1CCNCC1,6.577893
OB(O)c1ccc(NCc2cccc(CNCCc3c[nH]c4ccccc34)c2)cc1,4.735528,O=C(NCCc1c[nH]c2ccccc12)c1cccc(CNc2ccc(B(O)O)cc2)c1,4.86523
O=C(O)c1cccc(CNc2ccc(C(=O)NCCc3ccccc3)cc2NCc2ccc3nc(C4CNC4)oc3c2)c1,6.818178,O=C(O)c1cccc(CNc2ccc(C(=O)NCCc3ccccc3)cc2NC(=O)c2ccc3nc(C4CNC4)oc3c2)c1,6.721081
c1cc(NCc2ccc3[nH]c(-c4ccc5nc(C6CNC6)oc5c4)nc3c2)c2[nH]ccc2c1,7.549969,O=C(Nc1cccc2cc[nH]c12)c1ccc2[nH]c(-c3ccc4nc(C5CNC5)oc4c3)nc2c1,7.211045
O=C(NCc1c[nH]c2ccccc12)c1ccc2nc(C3CN(CC4CNC4)C3)oc2c1,7.395666,O=C(NCc1c[nH]c2ccccc12)c1ccc2nc(C3CN(C(=O)C4CNC4)C3)oc2c1,7.704782
Nc1ccccc1-c1nc2cc(CNc3ccc(B(O)O)cc3)ccc2[nH]1,4.604652,Nc1ccccc1-c1nc2cc(C(=O)Nc3ccc(B(O)O)cc3)ccc2[nH]1,4.937455
c1ccc2c(c1)CN[C@H](CN(Cc1nc3cc(-c4nnn(CC5CC5)n4)ccc3o1)c1ccc3ccccc3n1)C2,7.735319,O=C([C@@H]1Cc2ccccc2CN1)N(Cc1nc2cc(-c3nnn(CC4CC4)n3)ccc2o1)c1ccc2ccccc2n1,7.656834
O=C(O)c1ccccc1NCc1cccc(F)n1,3.658887,O=C(Nc1ccccc1C(=O)O)c1cccc(F)n1,3.768595
c1cc(CN2Cc3ccccc3C[C@H]2CNC23CC(C2)C3)cc(NCCc2cn(CC3CC3)c3ccccc23)c1,7.347459,O=C(NC12CC(C1)C2)[C@@H]1Cc2ccccc2CN1Cc1cccc(NCCc2cn(CC3CC3)c3ccccc23)c1,7.434862
c1cc(NCC2CCN2)cc(-c2csc(NCc3ccc(-c4nnn(CC5CC5)n4)nc3)n2)c1,8.056174,O=C(Nc1nc(-c2cccc(NCC3CCN3)c2)cs1)c1ccc(-c2nnn(CC3CC3)n2)nc1,7.700943
N[C@H](CNc1c(NC[C@@H]2Cc3ccccc3CN2)cccc1-c1cccc(C=O)c1)c1ccccc1,5.990889,N[C@H](CNc1c(NC(=O)[C@@H]2Cc3ccccc3CN2)cccc1-c1cccc(C=O)c1)c1ccccc1,6.302803
C#Cc1ccc(O)c(NCc2ccc(O)c(N)c2)c1,4.215883,C#Cc1ccc(O)c(NC(=O)c2ccc(O)c(N)c2)c1,4.285691
Oc1cc(CNc2cc(-c3cn(CC4CC4)nn3)n[nH]2)ccc1NCC1CCN1,7.778114,O=C(Nc1ccc(CNc2cc(-c3cn(CC4CC4)nn3)n[nH]2)cc1O)C1CCN1,7.758683
Oc1cc(-c2cccc(NCc3ccc4nc([C@@H]5CCCN5)oc4c3)c2)ccc1NCC1CCN1,7.888343,O=C(Nc1ccc(-c2cccc(NCc3ccc4nc([C@@H]5CCCN5)oc4c3)c2)cc1O)C1CCN1,7.699437
N#Cc1cccc(-c2cccc(N)c2NCc2ccc(O)c(N)c2)c1,4.467427,N#Cc1cccc(-c2cccc(N)c2NC(=O)c2ccc(O)c(N)c2)c1,4.514003
Nc1ccc(CNc2ccc(-c3nc4cc(C(=O)O)ccc4o3)cc2O)cc1O,5.216503,Nc1ccc(-c2nc3cc(C(=O)Nc4ccc(C(=O)O)cc4O)ccc3o2)cc1O,4.969116
FC(F)(F)c1ccc(-c2nc3ccc(-c4cccc(NCc5ccc6nc(C7CNC7)oc6c5)c4)cc3o2)cc1,7.742352,O=C(Nc1cccc(-c2ccc3nc(-c4ccc(C(F)(F)F)cc4)oc3c2)c1)c1ccc2nc(C3CNC3)oc2c1,7.506628
O=C(Nc1ccc(Br)cc1NCc1ccc2[nH]c(-c3ccc(CO[C@H]4CN5CCC4CC5)cc3)nc2c1)[C@H]1CCCN1,7.673028,O=C(Nc1cc(Br)ccc1NC(=O)[C@H]1CCCN1)c1ccc2[nH]c(-c3ccc(CO[C@H]4CN5CCC4CC5)cc3)nc2c1,7.387969
Nc1c(O)cccc1CNc1ccc(-c2ccc3nc(C4CNC4)[nH]c3c2)cc1,7.051273,Nc1c(O)cccc1C(=O)Nc1ccc(-c2ccc3nc(C4CNC4)[nH]c3c2)cc1,6.720109
O=C(Nc1cccc2cc[nH]c12)c1ccc(NCc2ccc(-c3nnn(CC4CC4)n3)nc2)c(NC2CNC2)c1,7.530532,O=C(Nc1ccc(C(=O)Nc2cccc3cc[nH]c23)cc1NC1CNC1)c1ccc(-c2nnn(CC3CC3)n2)nc1,6.268315
OB(O)c1cccc(CNc2ccc(NCc3ccccc3)cc2)c1,4.457677,O=C(Nc1ccc(NCc2ccccc2)cc1)c1cccc(B(O)O)c1,4.605671
Nc1cc(CN2CC[C@@H](O)C2)ccc1O,3.323,Nc1cc(C(=O)N2CC[C@@H](O)C2)ccc1O,3.502456
c1ccc(CNc2cc(-c3cccc(NCC4CCN4)c3)ccc2NCC2CNC2)nc1,7.118252,O=C(Nc1ccc(-c2cccc(NCC3CCN3)c2)cc1NCc1ccccn1)C1CNC1,6.521584
O=Cc1cccc(CNc2ccccn2)c1,3.741184,O=Cc1cccc(C(=O)Nc2ccccn2)c1,4.246374
C#CCNC(=O)c1ccc(Cn2cc(CNCc3ccc4[nH]c(C5CNC5)nc4c3)c3ccccc32)cc1,6.835702,C#CCNC(=O)c1ccc(Cn2cc(CNC(=O)c3ccc4[nH]c(C5CNC5)nc4c3)c3ccccc32)cc1,7.274796
O=C(O)c1ccc(Cn2nnc(-c3cccc(Cn4ccc5cccc(NCC6CCN6)c54)c3)n2)cc1,6.52495,O=C(O)c1ccc(Cn2nnc(-c3cccc(Cn4ccc5cccc(NC(=O)C6CCN6)c54)c3)n2)cc1,6.908577
Oc1cc(CNCCc2c[nH]c3ccccc23)ccc1NCC1CNC1,6.456481,O=C(Nc1ccc(CNCCc2c[nH]c3ccccc23)cc1O)C1CNC1,7.128692
Nc1cc(CNc2ccc(-c3c[nH]nc3NCc3ccc4oc(C5CNC5)nc4c3)cc2)ccc1O,6.911571,Nc1cc(C(=O)Nc2ccc(-c3c[nH]nc3NCc3ccc4oc(C5CNC5)nc4c3)cc2)ccc1O,7.05091
N#Cc1ccc(CN2CC(C(=O)Nc3cccc(-c4cncc(-c5nnn(CC6CC6)n5)c4)c3)C2)cn1,7.313491,N#Cc1ccc(C(=O)N2CC(C(=O)Nc3cccc(-c4cncc(-c5nnn(CC6CC6)n5)c4)c3)C2)cn1,6.808013
O=C(NCc1cn(CC2CC2)nn1)c1ccc2nc([C@H](NC[C@@H]3Cc4ccccc4CN3)c3ccccc3)oc2c1,7.556806,O=C(NCc1cn(CC2CC2)nn1)c1ccc2nc([C@H](NC(=O)[C@@H]3Cc4ccccc4CN3)c3ccccc3)oc2c1,7.444913
Oc1ccc(CNC23CC(C2)C3)cc1NCc1ccc2nc(-c3ccc4nc(-c5ccccc5)oc4c3)[nH]c2c1,7.541258,O=C(NC12CC(C1)C2)c1ccc(O)c(NCc2ccc3nc(-c4ccc5nc(-c6ccccc6)oc5c4)[nH]c3c2)c1,7.479164
Nc1ccc(CNc2c(N)cccc2N)cc1O,3.246482,Nc1ccc(C(=O)Nc2c(N)cccc2N)cc1O,3.582372
Nc1cc(CNc2ccnc3ccccc23)ccc1O,4.496559,Nc1cc(C(=O)Nc2ccnc3ccccc23)ccc1O,4.846533
O=C(O)C1CCN(Cc2ccc3oc(-c4cccc(C5=NCCc6ccccc65)c4)nc3c2)CC1,6.604512,O=C(O)C1CCN(C(=O)c2ccc3oc(-c4cccc(C5=NCCc6ccccc65)c4)nc3c2)CC1,6.675408
Brc1cc(NCC2(NCc3ccc(-c4nnn(CC5CC5)n4)nc3)CCC2)[nH]n1,6.644889,O=C(Nc1cc(Br)n[nH]1)C1(NCc2ccc(-c3nnn(CC4CC4)n3)nc2)CCC1,7.414728
c1ccc(CCNCc2cccc(-c3cc(NCC4CCN4C[C@@H]4Cc5ccccc5CN4)[nH]n3)c2)cc1,7.583343,O=C([C@@H]1Cc2ccccc2CN1)N(CC1CCN1)c1cc(-c2cccc(CNCCc3ccccc3)c2)n[nH]1,7.297346
c1cc(Cn2nnnc2-c2ccc3nc(C4CN(C[C@@H]5Cc6ccccc6CN5)C4)[nH]c3c2)cc(-c2nnn(CC3CC3)n2)c1,7.83285,O=C([C@@H]1Cc2ccccc2CN1)N1CC(c2nc3ccc(-c4nnnn4Cc4cccc(-c5nnn(CC6CC6)n5)c4)cc3[nH]2)C1,7.831213
Nc1ccc(CN2CCC[C@H]2C(=O)O)cc1N,3.030174,Nc1ccc(C(=O)N2CCC[C@H]2C(=O)O)cc1N,3.308024
N[C@@H](CN[C@H](c1ccccc1)c1nc2cc(C(=O)NC3CC3)ccc2o1)c1ccccc1,6.414556,N[C@@H](C(=O)N[C@H](c1ccccc1)c1nc2cc(C(=O)NC3CC3)ccc2o1)c1ccccc1,6.686256
O=Cc1ccnc(Nc2cccc(-c3ccc(NCc4ccc5[nH]c(C6CCN6)nc5c4)cc3)c2)c1,7.018229,O=Cc1ccnc(Nc2cccc(-c3ccc(NC(=O)c4ccc5[nH]c(C6CCN6)nc5c4)cc3)c2)c1,6.69821
c1ccc2c(CCNCC3CNC3)c[nH]c2c1,4.707244,O=C(NCCc1c[nH]c2ccccc12)C1CNC1,6.890737
O=C(O)[C@@H]1CCCN1Cc1ccc(CCl)cc1,3.256172,O=C(O)[C@@H]1CCCN1C(=O)c1ccc(CCl)cc1,3.398558
O=C(Nc1cccc(-c2cn(CC3CC3)cn2)c1)C1CN(C[C@@H]2Cc3ccccc3CN2)C1,7.980731,O=C(Nc1cccc(-c2cn(CC3CC3)cn2)c1)C1CN(C(=O)[C@@H]2Cc3ccccc3CN2)C1,7.607194
c1cncc(-c2nc3ccc(CNc4cccc(-c5ccccc5CCNCC5CCN5)c4)cc3o2)c1,7.530442,O=C(NCCc1ccccc1-c1cccc(NCc2ccc3nc(-c4cccnc4)oc3c2)c1)C1CCN1,7.816665
O=C(NC1CC1)[C@@H]1CCCN1c1cccc(CNc2ccc(B(O)O)cc2)n1,5.699249,O=C(Nc1ccc(B(O)O)cc1)c1cccc(N2CCC[C@H]2C(=O)NC2CC2)n1,5.827049
C[C@H](NCc1ccc(F)cc1)c1ccccc1,4.24894,C[C@H](NC(=O)c1ccc(F)cc1)c1ccccc1,4.672832
Nc1ccc(CN2CC(C3=NCCc4ccccc43)C2)cc1O,5.544777,Nc1ccc(C(=O)N2CC(C3=NCCc4ccccc43)C2)cc1O,6.024331
O=C(Nc1cccc2ccn(CC3CC3)c12)C1CCN(Cc2ccc(COCC3CNC3)cc2)CC1,7.898587,O=C(Nc1cccc2ccn(CC3CC3)c12)C1CCN(C(=O)c2ccc(COCC3CNC3)cc2)CC1,7.956617
Nc1ccc(C(=O)Nc2cccc(-c3cc(NCC4CCN4C(=O)c4cncc(F)c4)[nH]n3)c2)cc1N,6.5672,Nc1cc(-c2cccc(NC(=O)c3ccc(N)c(NC(=O)C4CCN4C(=O)c4cncc(F)c4)c3)c2)n[nH]1,6.389667
C[C@@H](c1ccccc1)N(Cc1cccc(-c2cn(CC3CC3)nn2)c1)CC1CCN1,7.572186,C[C@@H](c1ccccc1)N(Cc1cccc(-c2cn(CC3CC3)nn2)c1)C(=O)C1CCN1,7.595938
O=C(Nc1cccc2cc[nH]c12)C1CCN(CC2CCN2)CC1,6.802269,O=C(Nc1cccc2cc[nH]c12)C1CCN(C(=O)C2CCN2)CC1,7.158229
Nc1ccc(CN2CCC[C@H](C(=O)N3CC(C(=O)O)C3)C2)cc1O,4.655622,Nc1ccc(C(=O)N2CCC[C@H](C(=O)N3CC(C(=O)O)C3)C2)cc1O,5.109014
O=C(NCc1cn(CC2CC2)c2ccccc12)c1ccc(NCC2CCN(C[C@@H]3Cc4ccccc4CN3)CC2)c(O)c1,7.632165,O=C(NCc1cn(CC2CC2)c2ccccc12)c1ccc(N(CC2CCNCC2)C(=O)[C@@H]2Cc3ccccc3CN2)c(O)c1,6.993011
O=C(Nc1ccccn1)[C@H](NCc1ccc2oc(C3CNC3)nc2c1)c1ccccc1,7.125927,O=C(N[C@@H](C(=O)Nc1ccccn1)c1ccccc1)c1ccc2oc(C3CNC3)nc2c1,7.128828
O=C(O)[C@@H]1CCCN1C[C@H]1CCCN1,2.357427,O=C(O)[C@@H]1CCCN1C(=O)[C@H]1CCCN1,3.335773
Nc1ccc(CN2CCC2c2nc3cc(Br)ccc3[nH]2)cc1N,4.765871,Nc1ccc(C(=O)N2CCC2c2nc3cc(Br)ccc3[nH]2)cc1N,4.827523
Nc1ccccc1CNc1cc(Br)ccc1O,3.492473,Nc1ccccc1C(=O)Nc1cc(Br)ccc1O,3.467538
C[C@H](NCc1ccc(N)c(O)c1)c1ccccc1,3.794327,C[C@H](NC(=O)c1ccc(N)c(O)c1)c1ccccc1,4.376648
Fc1ncc(-c2cccc(CNCCc3cn(Cc4ccc(-c5nnn(CC6CC6)n5)cc4)c4ccccc34)c2)cn1,7.728537,O=C(NCCc1cn(Cc2ccc(-c3nnn(CC4CC4)n3)cc2)c2ccccc12)c1cccc(-c2cnc(F)nc2)c1,7.910793
O=C(N[C@H](CNc1ccc(-c2ccc(NC[C@@H]3Cc4ccccc4CN3)cc2)cc1)Cc1c[nH]c2ccccc12)[C@H]1CCCN1,7.269634,O=C(Nc1ccc(-c2ccc(NC[C@H](Cc3c[nH]c4ccccc34)NC(=O)[C@H]3CCCN3)cc2)cc1)[C@@H]1Cc2ccccc2CN1,7.391359
N#Cc1ccc2oc(-c3ccc(NCc4ccc(O)c(N)c4)c(N)c3)nc2c1,5.310447,N#Cc1ccc2oc(-c3ccc(N)c(NC(=O)c4ccc(O)c(N)c4)c3)nc2c1,5.329782
Nc1cc(CNC2(C(=O)O)CCC2)ccc1O,3.05422,NC1(C(=O)Nc2cc(C(=O)O)ccc2O)CCC1,3.569938
Nc1ccc(CNc2c(F)cccc2C(=O)Nc2ccc(Br)cc2)cc1N,4.550777,Nc1ccc(C(=O)Nc2c(F)cccc2C(=O)Nc2ccc(Br)cc2)cc1N,4.950438
N#Cc1ccc(CN2CC(c3nc4ccc(C(=O)NCc5cn(CC6CC6)c6ccccc56)cc4o3)C2)cn1,7.548278,N#Cc1ccc(C(=O)N2CC(c3nc4ccc(C(=O)NCc5cn(CC6CC6)c6ccccc56)cc4o3)C2)cn1,7.785444
Nc1ccc(-c2nc3ccc(CNC4(CN5CC[C@@H](O)C5)CCC4)cc3o2)cc1N,5.015366,Nc1ccc(-c2nc3ccc(CNC4(C(=O)N5CC[C@@H](O)C5)CCC4)cc3o2)cc1N,5.787613
Brc1cccc(NC2CCNC2)c1NCc1ccc(-c2nnn(CC3CC3)n2)nc1,7.116166,O=C(Nc1c(Br)cccc1NC1CCNC1)c1ccc(-c2nnn(CC3CC3)n2)nc1,6.939652
Nc1n[nH]cc1N(Cc1ccc(-c2nnn(CC3CC3)n2)nc1)c1cccnc1-c1ccc2[nH]ccc2c1,6.359167,Nc1n[nH]cc1N(C(=O)c1ccc(-c2nnn(CC3CC3)n2)nc1)c1cccnc1-c1ccc2[nH]ccc2c1,6.297335
Nc1cc(C(=O)NC2CC2)ccc1NC[C@H](N)c1ccccc1,5.980052,Nc1cc(C(=O)NC2CC2)ccc1NC(=O)[C@H](N)c1ccccc1,6.886794
Nc1ccccc1CNc1cc(-c2cccc(NC(=O)Nc3cccc4ccccc34)c2)n[nH]1,6.664062,Nc1ccccc1C(=O)Nc1cc(-c2cccc(NC(=O)Nc3cccc4ccccc34)c2)n[nH]1,6.918177
Nc1ccc(CNc2cccc(-c3cncc(-c4nnn(Cc5ccc(C(=O)O)cc5)n4)c3)c2)cc1N,5.964846,Nc1ccc(C(=O)Nc2cccc(-c3cncc(-c4nnn(Cc5ccc(C(=O)O)cc5)n4)c3)c2)cc1N,6.162316
Nc1ccc(Nc2ccc(-c3ccc(NCc4ccc(CO[C@H]5CN6CCC5CC6)cc4)cc3)cc2)cc1,7.563924,Nc1ccc(-c2ccc(Nc3ccc(NC(=O)c4ccc(CO[C@H]5CN6CCC5CC6)cc4)cc3)cc2)cc1,7.892964
N#Cc1ccc(CNc2ccccc2C(=O)NCCc2c[nH]c3ccccc23)cn1,5.435787,N#Cc1ccc(C(=O)Nc2ccccc2C(=O)NCCc2c[nH]c3ccccc23)cn1,5.876277
Nc1ccc(-c2cccc(NCC3CCN3)c2O)cc1,6.062064,Nc1ccc(-c2cccc(NC(=O)C3CCN3)c2O)cc1,6.476425
O=C(Nc1cccc2cc[nH]c12)c1cccc(-c2nc3ccc(CNc4cc(Br)n[nH]4)cc3o2)c1,6.39547,O=C(Nc1cc(Br)n[nH]1)c1ccc2nc(-c3cccc(C(=O)Nc4cccc5cc[nH]c45)c3)oc2c1,6.567891
O=C(O)C1(NCc2ccc(F)cc2)CCC1,3.212129,O=C(NC1(C(=O)O)CCC1)c1ccc(F)cc1,4.438921
Nc1ccc(CNc2ccncc2CN2CCC[C@H]2C(=O)O)cc1O,4.131685,Nc1ccc(C(=O)Nc2ccncc2CN2CCC[C@H]2C(=O)O)cc1O,4.25364
O=C(Nc1ccccn1)[C@@H]1Cc2ccccc2CN1Cc1ccc2oc(C3CN(CC4CCN4)C3)nc2c1,6.865026,O=C(Nc1ccccn1)[C@@H]1Cc2ccccc2CN1Cc1ccc2oc(C3CN(C(=O)C4CCN4)C3)nc2c1,7.457969
O=Cc1cccc(CNc2cc(-c3cccc(NCc4cccc5oc(C6CCNCC6)nc45)c3)n[nH]2)c1,6.918689,O=Cc1cccc(C(=O)Nc2cc(-c3cccc(NCc4cccc5oc(C6CCNCC6)nc45)c3)n[nH]2)c1,7.310781
Cc1cc(-c2cccc(NC[C@@H]3CCCNC3)c2)cnc1N,5.122765,Cc1cc(-c2cccc(N)c2)cnc1NC(=O)[C@@H]1CCCNC1,6.058272
O=C(O)c1ccc(Nc2ccc(NCc3ccc(-c4nnn(CC5CC5)n4)nc3)cc2)c(O)c1,6.445725,O=C(O)c1ccc(Nc2ccc(NC(=O)c3ccc(-c4nnn(CC5CC5)n4)nc3)cc2)c(O)c1,6.552232
c1cc2oc(-c3ccc4nc(-c5ccc(CO[C@H]6CN7CCC6CC7)cc5)oc4c3)nc2cc1CNC12CC(C1)C2,8.250729,O=C(NC12CC(C1)C2)c1ccc2oc(-c3ccc4nc(-c5ccc(CO[C@H]6CN7CCC6CC7)cc5)oc4c3)nc2c1,7.862136
O=C(NCc1c[nH]c2ccccc12)C1CCN(Cc2ccc(CO[C@H]3CN4CCC3CC4)cc2)CC1,7.746544,O=C(NCc1c[nH]c2ccccc12)C1CCN(C(=O)c2ccc(CO[C@H]3CN4CCC3CC4)cc2)CC1,7.675996
Fc1ccc2oc(-c3ccc(Cn4cc(CCNC[C@@H]5Cc6ccccc6CN5)c5ccccc54)cc3)nc2c1,7.151191,O=C(NCCc1cn(Cc2ccc(-c3nc4cc(F)ccc4o3)cc2)c2ccccc12)[C@@H]1Cc2ccccc2CN1,7.308348
c1cc(COCC2CN(Cc3ccc(-c4nnn(CC5CC5)n4)nc3)C2)cc(-c2nnnn2CC2CC2)c1,7.89851,O=C(c1ccc(-c2nnn(CC3CC3)n2)nc1)N1CC(COCc2cccc(-c3nnnn3CC3CC3)c2)C1,7.667961
C#CCNc1ccc(NC[C@@H]2Cc3ccccc3CN2)cc1,6.055515,C#CCNc1ccc(NC(=O)[C@@H]2Cc3ccccc3CN2)cc1,6.303313
Nc1cc(C(=O)O)ccc1NCc1ccc(-c2nnn(CC3CC3)n2)nc1,6.538903,Nc1cc(C(=O)O)ccc1NC(=O)c1ccc(-c2nnn(CC3CC3)n2)nc1,6.404907
c1cc(NCc2ccc3oc(C4CNC4)nc3c2)cc(-c2cncc(CNc3cccc4cc[nH]c34)c2)c1,7.712297,O=C(Nc1cccc(-c2cncc(CNc3cccc4cc[nH]c34)c2)c1)c1ccc2oc(C3CNC3)nc2c1,7.754939
O=C(Nc1cccc2cc[nH]c12)C1CCN(c2cccc(CNc3ccc(Br)cc3)n2)CC1,6.427897,O=C(Nc1ccc(Br)cc1)c1cccc(N2CCC(C(=O)Nc3cccc4cc[nH]c34)CC2)n1,6.924524
O=C(Nc1cccc(-c2cccc(NC[C@@H]3Cc4ccccc4CN3)c2)c1O)Nc1cccc2ccccc12,7.325558,O=C(Nc1cccc(-c2cccc(NC(=O)[C@@H]3Cc4ccccc4CN3)c2)c1O)Nc1cccc2ccccc12,7.472039
O=Cc1ccc(CNc2cccc3cc[nH]c23)cc1,4.148796,O=Cc1ccc(C(=O)Nc2cccc3cc[nH]c23)cc1,4.589986
C#CCNC(=O)[C@@H](NC[C@@H]1Cc2ccccc2CN1)c1ccccc1,5.39425,C#CCNC(=O)[C@@H](NC(=O)[C@@H]1Cc2ccccc2CN1)c1ccccc1,5.521787
NC1(c2nc3cc(CNc4ccc(Br)cc4O)ccc3[nH]2)CCC1,4.431714,NC1(c2nc3cc(C(=O)Nc4ccc(Br)cc4O)ccc3[nH]2)CCC1,4.712619
O=Cc1cccc(CN2CCC(=O)C2)c1,3.016001,O=Cc1cccc(C(=O)N2CCC(=O)C2)c1,3.226593
c1cc(NCC2CNC2)cc(-c2ccc(NC[C@@H]3Cc4ccccc4CN3)cc2)c1,7.997094,O=C(Nc1ccc(-c2cccc(NCC3CNC3)c2)cc1)[C@@H]1Cc2ccccc2CN1,7.923006
N[C@@H](CN1Cc2ccccc2C[C@H]1C(=O)Nc1cccc(-c2cc(NC[C@@H]3Cc4ccccc4CN3)[nH]n2)c1)c1ccccc1,7.614352,N[C@@H](C(=O)N(C[C@@H]1Cc2ccccc2CN1)c1cc(-c2cccc(NC(=O)[C@@H]3Cc4ccccc4CN3)c2)n[nH]1)c1ccccc1,7.646409
Nc1ccc(CNc2ccc(-c3ccc(N)c(O)c3)cc2)cc1N,4.867511,Nc1ccc(-c2ccc(NC(=O)c3ccc(N)c(N)c3)c(O)c2)cc1,4.89178
Nc1ccc(CN2CCC2C(=O)NCc2ccc(O)cc2)cc1O,5.055023,Nc1ccc(C(=O)N2CCC2C(=O)NCc2ccc(O)cc2)cc1O,5.356014
C[C@H](NCc1cccc(-c2nc3cc(-c4cccc(-c5nnn(CC6CC6)n5)c4)ccc3[nH]2)c1)c1ccccc1,7.75488,C[C@H](NC(=O)c1cccc(-c2nc3cc(-c4cccc(-c5nnn(CC6CC6)n5)c4)ccc3[nH]2)c1)c1ccccc1,7.767361
c1ccc([C@@H](NCc2ccc3nc(C4CNC4)oc3c2)C2=NCCc3ccccc32)cc1,7.455062,O=C(N[C@@H](C1=NCCc2ccccc21)c1ccccc1)c1ccc2nc(C3CNC3)oc2c1,7.378799
Nc1c(O)cccc1CN1CC(C(=O)O)C1,3.420167,Nc1c(O)cccc1C(=O)N1CC(C(=O)O)C1,3.580328
c1ccc2c(Nc3ccc4nc(C5CCN5Cc5ccc6[nH]c(C7CCN7)nc6c5)oc4c3)ccnc2c1,7.195261,O=C(c1ccc2[nH]c(C3CCN3)nc2c1)N(c1ccc2nc(C3CCN3)oc2c1)c1ccnc2ccccc12,1.688384
c1cc2nc(C3CNC3)oc2cc1CNc1ccc(-c2cn(CC3CC3)cn2)cc1,8.378912,O=C(Nc1ccc(-c2cn(CC3CC3)cn2)cc1)c1ccc2nc(C3CNC3)oc2c1,7.513427
O=C(O)c1cccc(O)c1NCc1ccc(-c2nnn(CC3CC3)n2)nc1,5.931887,O=C(Nc1c(O)cccc1C(=O)O)c1ccc(-c2nnn(CC3CC3)n2)nc1,5.941134
O=C(CNCC1CCNCC1)Nc1nc(F)nc2[nH]cnc12,3.728815,O=C(CNC(=O)C1CCNCC1)Nc1nc(F)nc2[nH]cnc12,5.749518
OB(O)c1ccc(Nc2ccccc2CCNCC2CNC2)cc1,4.171463,O=C(NCCc1ccccc1Nc1ccc(B(O)O)cc1)C1CNC1,5.110716
Clc1nc(Cn2nnnc2-c2ccc(CNC34CC(C3)C4)cn2)cs1,5.54041,O=C(NC12CC(C1)C2)c1ccc(-c2nnnn2Cc2csc(Cl)n2)nc1,5.362278
O=C(NC1CC1)c1cccc(-c2nc3ccc(CN[C@H](C(=O)Nc4ccccn4)c4ccccc4)cc3o2)c1,7.612625,O=C(NC1CC1)c1cccc(-c2nc3ccc(C(=O)N[C@H](C(=O)Nc4ccccn4)c4ccccc4)cc3o2)c1,7.569572
COc1ccccc1CCNCc1ccccc1NCC1CCN1,5.955935,COc1ccccc1CCNCc1ccccc1NC(=O)C1CCN1,6.521967
O=C(c1ccc2nc(-c3ccc(CNc4ccc(Br)cc4)cc3)oc2c1)N1CC(CNC23CC(C2)C3)C1,7.359028,O=C(Nc1ccc(Br)cc1)c1ccc(-c2nc3ccc(C(=O)N4CC(CNC56CC(C5)C6)C4)cc3o2)cc1,7.106757
O=C(Nc1ccnc2ccccc12)C1CCN(Cc2ccc(CCl)cc2)CC1,6.209078,O=C(Nc1ccnc2ccccc12)C1CCN(C(=O)c2ccc(CCl)cc2)CC1,6.429249
Cc1cc(Br)cnc1NC[C@@H]1CCCN1c1ccccn1,4.419436,Cc1cc(Br)cnc1NC(=O)[C@@H]1CCCN1c1ccccn1,4.598461
Nc1cc(Br)ccc1NC[C@H](N)c1ccccc1,3.539983,Nc1cc(Br)ccc1NC(=O)[C@H](N)c1ccccc1,4.383173
O=C(Nc1ccc(-c2csc(NC[C@@H]3Cc4ccccc4CN3)n2)cc1)Nc1ccnc2ccccc12,7.763455,O=C(Nc1ccc(-c2csc(NC(=O)[C@@H]3Cc4ccccc4CN3)n2)cc1)Nc1ccnc2ccccc12,7.734869
c1ccc2c(c1)CN[C@H](CN1Cc3ccccc3C[C@H]1c1nc3cc(CNc4cccc5ccn(CC6CC6)c45)ccc3o1)C2,7.448669,O=C([C@@H]1Cc2ccccc2CN1)N(Cc1ccc2oc([C@@H]3Cc4ccccc4CN3)nc2c1)c1cccc2ccn(CC3CC3)c12,7.627805
O=C(O)C1(NCC2CNC2)CCC1,2.941397,O=C(NC1(C(=O)O)CCC1)C1CNC1,5.738308
OB(O)c1cccc(NCc2ccccc2NCC2CNC2)c1,4.43606,O=C(Nc1ccccc1CNc1cccc(B(O)O)c1)C1CNC1,5.194473
N#Cc1ccc2oc(-c3cccc(-c4cc(NC[C@@H]5Cc6ccccc6CN5C(=O)C5CCN5)[nH]n4)c3)nc2c1,7.336358,N#Cc1ccc2oc(-c3cccc(-c4cc(NC(=O)[C@@H]5Cc6ccccc6CN5C(=O)C5CCN5)[nH]n4)c3)nc2c1,6.647203
Nc1ccc(CNc2cc(C(=O)O)ccc2NC(=O)C2CCN2)cc1O,5.403178,Nc1cc(C(=O)Nc2ccc(C(=O)O)cc2O)ccc1NC(=O)C1CCN1,5.629356
c1cc(-c2cc(NCC3CN(c4nc5ccccc5[nH]4)C3)[nH]n2)cc(-c2nnn(CC3CC3)n2)c1,7.911256,O=C(Nc1cc(-c2cccc(-c3nnn(CC4CC4)n3)c2)n[nH]1)C1CN(c2nc3ccccc3[nH]2)C1,7.714018
Nc1ccc(CNc2cc(-c3cccc(Nc4ccc(NCC5CCN5)cc4)c3)n[nH]2)cc1N,6.765638,Nc1ccc(C(=O)Nc2cc(-c3cccc(Nc4ccc(NCC5CCN5)cc4)c3)n[nH]2)cc1N,7.203606
c1ccc(CNC[C@@H]2Cc3ccccc3CN2)cc1,6.30384,O=C(NCc1ccccc1)[C@@H]1Cc2ccccc2CN1,6.494388
OB(O)c1cccc(CNc2ccccn2)c1,3.149611,O=C(Nc1ccccn1)c1cccc(B(O)O)c1,3.293391
Nc1ccc(-c2ccc(NC(=O)c3ccc(NCc4ncc[nH]4)c(O)c3)cc2)cc1NCC1CNC1,6.582945,Nc1cc(-c2ccc(NC(=O)c3ccc(NCc4ncc[nH]4)c(O)c3)cc2)ccc1NC(=O)C1CNC1,6.172378
Nc1ccc(-c2cccc(NCc3ccc(C=O)cc3)c2)cc1,5.120239,Nc1ccc(-c2cccc(NC(=O)c3ccc(C=O)cc3)c2)cc1,5.463218
Fc1ncccc1CNc1ccc(-c2cccc(-c3nnnn3Cc3cccc(-c4nnn(CC5CC5)n4)c3)c2)cc1,7.414736,O=C(Nc1ccc(-c2cccc(-c3nnnn3Cc3cccc(-c4nnn(CC5CC5)n4)c3)c2)cc1)c1cccnc1F,7.436479
Oc1cc(Br)ccc1NCc1ccc(CCl)cc1,3.715417,O=C(Nc1ccc(Br)cc1O)c1ccc(CCl)cc1,3.957902
COc1cccc(CNCc2ccc(N)c(N)c2)c1,3.949485,COc1cccc(CNC(=O)c2ccc(N)c(N)c2)c1,4.356475
Brc1ccc2nc(C3(NCc4ccc(-c5nnn(CC6CC6)n5)nc4)CCC3)oc2c1,7.495895,O=C(NC1(c2nc3ccc(Br)cc3o2)CCC1)c1ccc(-c2nnn(CC3CC3)n2)nc1,7.202011
Nc1ccccc1CNc1nc(F)nc2[nH]cnc12,3.808949,Nc1ccccc1C(=O)Nc1nc(F)nc2[nH]cnc12,4.090341
OCC1CN(Cc2ccc3oc(-c4ccc(-c5nnn(CC6CC6)n5)nc4)nc3c2)C1,7.007316,O=C(c1ccc2oc(-c3ccc(-c4nnn(CC5CC5)n4)nc3)nc2c1)N1CC(CO)C1,6.634123
Nc1ccc(-c2nc3ccc(C(=O)NC4CC4)cc3o2)cc1NCC1CCN1,7.854445,Nc1cc(-c2nc3ccc(C(=O)NC4CC4)cc3o2)ccc1NC(=O)C1CCN1,6.663346
O=C(Nc1cccc2cc[nH]c12)[C@H](c1ccccc1)N(Cc1ccc2nc(C3CNC3)oc2c1)CC1CNC1,6.782366,O=C(Nc1cccc2cc[nH]c12)[C@@H](NCC1CN(C(=O)c2ccc3nc(C4CNC4)oc3c2)C1)c1ccccc1,7.114742
OB(O)c1ccc(NCc2ccc3nc(C4CCN4)oc3c2)cc1,5.559505,O=C(Nc1ccc(B(O)O)cc1)c1ccc2nc(C3CCN3)oc2c1,5.746909
N#Cc1ccc(CN(Cc2cccc(F)n2)c2cccc(B(O)O)c2)cn1,3.840151,N#Cc1ccc(C(=O)N(Cc2cccc(F)n2)c2cccc(B(O)O)c2)cn1,4.028546
c1cc(-c2ccc(NCC3CCN3)cc2)cc(-c2nc3ccc(CNCCc4c[nH]c5ccccc45)cc3o2)c1,7.767843,O=C(NCCc1c[nH]c2ccccc12)c1ccc2nc(-c3cccc(-c4ccc(NCC5CCN5)cc4)c3)oc2c1,7.815073
Nc1ccc(C(=O)N2CCC2C(=O)O)cc1NCC1CNC1,5.553488,Nc1cc(C(=O)N2CCC2C(=O)O)ccc1NC(=O)C1CNC1,5.954475
Nc1cc(-c2ccc(NCc3ccc(NCC4CNC4)c(N)c3)cc2)ccc1O,6.486098,Nc1cc(-c2ccc(NCc3ccc(N)c(NC(=O)C4CNC4)c3)cc2)ccc1O,6.769926
O=C(Nc1cccc(-c2ccc3oc([C@H]4CCCN4)nc3c2)c1)C1(NCC2CNC2)CCC1,7.262652,O=C(NC1(C(=O)Nc2cccc(-c3ccc4oc([C@H]5CCCN5)nc4c3)c2)CCC1)C1CNC1,7.091133
C[C@H](Nc1ccc(N(C[C@@H]2Cc3ccccc3CN2)c2ccc(NC[C@@H]3Cc4ccccc4CN3)cc2)cc1)c1ccccc1,7.381562,C[C@H](Nc1ccc(N(C[C@@H]2Cc3ccccc3CN2)c2ccc(NC(=O)[C@@H]3Cc4ccccc4CN3)cc2)cc1)c1ccccc1,7.350823
O=C(c1cccc(F)n1)N1CCC(CNc2cc(Br)n[nH]2)CC1,4.704108,O=C(Nc1cc(Br)n[nH]1)C1CCN(C(=O)c2cccc(F)n2)CC1,5.429061
Nc1ccc(CNc2ccc(-c3ccc(NC(=O)[C@@H]4CCCN4)c(O)c3)cc2)cc1O,6.188004,Nc1ccc(C(=O)Nc2ccc(-c3ccc(NC(=O)[C@@H]4CCCN4)c(O)c3)cc2)cc1O,6.259155
O=C(NCc1ccccc1)c1cccc(-c2ccccc2CCNC[C@@H]2Cc3ccccc3CN2)c1,7.197505,O=C(NCc1ccccc1)c1cccc(-c2ccccc2CCNC(=O)[C@@H]2Cc3ccccc3CN2)c1,7.36211
O=C(NCc1ccccc1)c1cccc2oc([C@H]3CCCN3C(=O)[C@@H]3Cc4ccccc4CN3C[C@@H]3Cc4ccccc4CN3)nc12,7.040483,O=C(NCc1ccccc1)c1cccc2oc([C@H]3CCCN3C(=O)[C@@H]3Cc4ccccc4CN3C(=O)[C@@H]3Cc4ccccc4CN3)nc12,6.857508
Oc1ccc(Br)cc1NCC1CCN(Cc2ccc(-c3nnnn3CC3CC3)nc2)CC1,6.203909,O=C(Nc1cc(Br)ccc1O)C1CCN(Cc2ccc(-c3nnnn3CC3CC3)nc2)CC1,6.55482
N#Cc1ccc(CNc2ccc(-c3ccc(NCc4ccc(C#N)nc4)c(O)c3)cn2)cn1,6.156066,N#Cc1ccc(CNc2ccc(-c3ccc(NC(=O)c4ccc(C#N)nc4)nc3)cc2O)cn1,6.273241
O=C(Nc1ccc(B(O)O)cc1)c1ccccc1NCC1CNC1,4.903499,O=C(Nc1ccc(B(O)O)cc1)c1ccccc1NC(=O)C1CNC1,5.686366
CC1(C)OB(c2ccc(NCc3ccc4nc(C5CNC5)[nH]c4c3)nc2)OC1(C)C,5.710229,CC1(C)OB(c2ccc(NC(=O)c3ccc4nc(C5CNC5)[nH]c4c3)nc2)OC1(C)C,5.86719
Nc1ccccc1CNc1ccc(B(O)O)cc1,3.299619,Nc1ccccc1C(=O)Nc1ccc(B(O)O)cc1,3.544901
Nc1ccc(CN2Cc3ccccc3C[C@H]2C(=O)O)cc1N,4.209987,Nc1ccc(C(=O)N2Cc3ccccc3C[C@H]2C(=O)O)cc1N,4.481002
c1ccc2c(CCNCC3CNC3)c[nH]c2c1,4.707244,O=C(NCCc1c[nH]c2ccccc12)C1CNC1,6.890737
C#CCNC(=O)c1ccc(N)c(NCc2ccc(C#N)nc2)c1,4.694164,C#CCNC(=O)c1ccc(N)c(NC(=O)c2ccc(C#N)nc2)c1,4.804221
Nc1cccc(-c2cccc(NCC3CCN3)c2)c1O,6.253557,Nc1cccc(-c2cccc(NC(=O)C3CCN3)c2)c1O,6.586274
c1cncc(-c2ccc3oc(-c4cccc(-c5ccc(NCC6CCN6)cc5)c4)nc3c2)c1,7.994957,O=C(Nc1ccc(-c2cccc(-c3nc4cc(-c5cccnc5)ccc4o3)c2)cc1)C1CCN1,7.836303
c1cc(CNc2ccnc3ccccc23)cc(-c2cccc(-c3nc4cc(-c5nnn(CC6CC6)n5)ccc4o3)c2)c1,7.785736,O=C(Nc1ccnc2ccccc12)c1cccc(-c2cccc(-c3nc4cc(-c5nnn(CC6CC6)n5)ccc4o3)c2)c1,7.876231
Nc1cccc(-c2cccc(NCc3ccc(CO[C@H]4CN5CCC4CC5)cc3)c2C(=O)O)c1,6.608552,Nc1cccc(-c2cccc(NC(=O)c3ccc(CO[C@H]4CN5CCC4CC5)cc3)c2)c1C(=O)O,6.967339
O=Cc1ccc(-c2ccc(NCc3ccc(O)c(NCc4ccc5nc(C6CNC6)oc5c4)c3)cc2)cc1,7.286726,O=Cc1ccc(-c2ccc(NCc3ccc(O)c(NC(=O)c4ccc5nc(C6CNC6)oc5c4)c3)cc2)cc1,7.332387
c1cc(-c2nnn(CC3CC3)n2)ncc1CN(c1ccc(-c2nnn(CC3CC3)n2)cn1)C12CC(C1)C2,3.665203,O=C(c1ccc(-c2nnn(CC3CC3)n2)nc1)N(c1ccc(-c2nnn(CC3CC3)n2)cn1)C12CC(C1)C2,2.161918
O=C(Nc1ccnc2ccccc12)C1CN(C[C@@H]2Cc3ccccc3CN2)C1,6.933467,O=C(Nc1ccnc2ccccc12)C1CN(C(=O)[C@@H]2Cc3ccccc3CN2)C1,7.415691
C[C@@H](NCc1ccc(N)c(N)c1)c1ccccc1,3.779273,C[C@@H](NC(=O)c1ccc(N)c(N)c1)c1ccccc1,4.486674
Oc1ccc(-c2ccc(F)cc2)cc1NCc1ccc(CCl)cc1,5.330657,O=C(Nc1cc(-c2ccc(F)cc2)ccc1O)c1ccc(CCl)cc1,5.489211
c1ccc(-c2nnnn2CC2CC2)c(Cn2ccc3cccc(NCc4ccc(-c5nnn(CC6CC6)n5)nc4)c32)c1,7.800252,O=C(Nc1cccc2ccn(Cc3ccccc3-c3nnnn3CC3CC3)c12)c1ccc(-c2nnn(CC3CC3)n2)nc1,7.961275
c1ccc2c(CCNCc3ccc4[nH]c(C5CNC5)nc4c3)c[nH]c2c1,7.152946,O=C(NCCc1c[nH]c2ccccc12)c1ccc2[nH]c(C3CNC3)nc2c1,7.361391
O=C(Nc1cccc2ccn(Cc3cc(=O)n(CC4CC4)c4ccccc34)c12)C1CCN(C[C@@H]2Cc3ccccc3CN2)CC1,7.840947,O=C(Nc1cccc2ccn(Cc3cc(=O)n(CC4CC4)c4ccccc34)c12)C1CCN(C(=O)[C@@H]2Cc3ccccc3CN2)CC1,7.982292
c1ccc(CNc2cccc(-c3ccc(NCc4ccc5oc(C6CCN6)nc5c4)cc3)c2)nc1,7.599473,O=C(Nc1cccc(-c2ccc(NCc3ccc4oc(C5CCN5)nc4c3)cc2)c1)c1ccccn1,7.757088
c1ccc2c(NCc3ccc4nc(-c5ccc6nc(C7CCNCC7)[nH]c6c5)oc4c3)ccnc2c1,7.41355,O=C(Nc1ccnc2ccccc12)c1ccc2nc(-c3ccc4nc(C5CCNCC5)[nH]c4c3)oc2c1,7.576331
O=C(O)c1ccc2nc(-c3ccnc(-c4cccc(NCC5CNC5)c4)c3F)oc2c1,6.780905,O=C(O)c1ccc2nc(-c3ccnc(-c4cccc(NC(=O)C5CNC5)c4)c3F)oc2c1,6.988755
O=C(NC12CC(C1)C2)c1ccc2nc(C3CN(C[C@@H]4Cc5ccccc5CN4)C3)oc2c1,7.598646,O=C(NC12CC(C1)C2)c1ccc2nc(C3CN(C(=O)[C@@H]4Cc5ccccc5CN4)C3)oc2c1,7.295242
O=C([C@@H]1CCCNC1)N1CC(c2nc3cc(CNc4cccnc4Br)ccc3[nH]2)C1,6.668649,O=C(Nc1cccnc1Br)c1ccc2[nH]c(C3CN(C(=O)[C@@H]4CCCNC4)C3)nc2c1,6.425045
c1cc(NCc2ccc(-c3nnn(CC4CC4)n3)nc2)c2[nH]ccc2c1,7.373576,O=C(Nc1cccc2cc[nH]c12)c1ccc(-c2nnn(CC3CC3)n2)nc1,7.408352
c1cc(NCC2CCN2)c2c(c1)ccn2Cc1ccc(-c2nc3cc(-c4nnn(CC5CC5)n4)ccc3o2)cc1,7.92744,O=C(Nc1cccc2ccn(Cc3ccc(-c4nc5cc(-c6nnn(CC7CC7)n6)ccc5o4)cc3)c12)C1CCN1,8.104623
O=C1CN(Cc2ccc(NCc3cn(Cc4ccc(C(=O)NC5CC5)cc4)c4ccccc34)cc2)C1,6.756492,O=C1CN(C(=O)c2ccc(NCc3cn(Cc4ccc(C(=O)NC5CC5)cc4)c4ccccc34)cc2)C1,7.16058
COc1ccc(NCc2ccc(C=O)cc2)c(N)c1,3.852708,COc1ccc(N)c(NC(=O)c2ccc(C=O)cc2)c1,4.090835
Nc1ccccc1CN1CC(C(=O)N2CCC(C(=O)Nc3cc(-c4cccnc4)n[nH]3)CC2)C1,6.809476,Nc1ccccc1C(=O)N1CC(C(=O)N2CCC(C(=O)Nc3cc(-c4cccnc4)n[nH]3)CC2)C1,6.862279
O=C(Nc1ccc(CNc2ccnc3ccccc23)cc1O)NC1(C(=O)NC2CC2)CCC1,7.410933,O=C(Nc1ccc(C(=O)Nc2ccnc3ccccc23)cc1O)NC1(C(=O)NC2CC2)CCC1,7.338035
O=C(O)c1cccc(CN2CCC(CNC34CC(C3)C4)CC2)c1,5.138366,O=C(NC12CC(C1)C2)c1cccc(CN2CCC(C(=O)O)CC2)c1,5.206747
c1c(-c2cn(CC3CC3)nn2)n[nH]c1NCC1CCN1C1CCNC1,7.260836,O=C(Nc1cc(-c2cn(CC3CC3)nn2)n[nH]1)C1CCN1C1CCNC1,6.735889
Cc1cc(-c2cn(CC3CC3)nn2)cnc1Nc1cc(NCc2ccc(C=O)cc2)[nH]n1,6.486169,Cc1cc(-c2cn(CC3CC3)nn2)cnc1Nc1cc(NC(=O)c2ccc(C=O)cc2)[nH]n1,6.78147
Nc1ccc(CNc2ccc(-c3ccc(NC4CCCN(C(=O)C5CCN5)C4)cc3)cc2)cc1N,6.950782,Nc1ccc(C(=O)Nc2ccc(-c3ccc(NC4CCCN(C(=O)C5CCN5)C4)cc3)cc2)cc1N,7.036001
N[C@@H](CN1CCC[C@H]1c1nc2ccc(C(=O)O)cc2o1)c1ccccc1,4.760342,N[C@@H](C(=O)N1CCC[C@H]1c1nc2ccc(C(=O)O)cc2o1)c1ccccc1,5.626126
Nc1ccccc1CNCCc1ccccc1,4.16596,Nc1ccccc1C(=O)NCCc1ccccc1,4.268694
O=Cc1cccc(-c2cccc(NCc3ccc(CCl)cc3)c2)c1,5.147812,O=Cc1cccc(-c2cccc(NC(=O)c3ccc(CCl)cc3)c2)c1,5.375017
O=C(Nc1ccnc2ccccc12)c1ccc(NCc2ccc(-c3nnn(CC4CC4)n3)nc2)c(O)c1,7.730641,O=C(Nc1ccc(C(=O)Nc2ccnc3ccccc23)cc1O)c1ccc(-c2nnn(CC3CC3)n2)nc1,7.51194
NC1(CNc2nc(Br)cs2)CCC1,1.920889,NC1(C(=O)Nc2nc(Br)cs2)CCC1,2.110234
NCCc1ccccc1-c1cccc(NCc2ccc(-c3nnn(CC4CC4)n3)nc2)c1,7.043422,NCCc1ccccc1-c1cccc(NC(=O)c2ccc(-c3nnn(CC4CC4)n3)nc2)c1,6.967243
O=C(O)c1ccc(NCc2ccc3nc(-c4ccc(C(=O)NC56CC(C5)C6)cc4)oc3c2)c(O)c1,6.879739,O=C(O)c1ccc(NC(=O)c2ccc3nc(-c4ccc(C(=O)NC56CC(C5)C6)cc4)oc3c2)c(O)c1,6.543032
O=C(NCc1ccccc1)N[C@H](CNc1cccc(B(O)O)c1)c1ccccc1,4.350807,O=C(NCc1ccccc1)N[C@H](C(=O)Nc1cccc(B(O)O)c1)c1ccccc1,4.689098
C[C@H](NCc1ccccc1CCl)c1ccccc1,3.89862,C[C@H](NC(=O)c1ccccc1CCl)c1ccccc1,4.384629
N#Cc1ccc(CN2CCC[C@H]2c2nc3cc(C(=O)O)ccc3[nH]2)cn1,5.056482,N#Cc1ccc(C(=O)N2CCC[C@H]2c2nc3cc(C(=O)O)ccc3[nH]2)cn1,5.083375
O=Cc1ccc(CNc2ccc(Br)cc2O)cc1,3.708334,O=Cc1ccc(C(=O)Nc2ccc(Br)cc2O)cc1,3.962215
O=C(O)c1ccc(NCc2cccc(CNC3(C(=O)NCc4c[nH]c5ccccc45)CCC3)c2)c(O)c1,6.216422,O=C(O)c1ccc(NC(=O)c2cccc(CNC3(C(=O)NCc4c[nH]c5ccccc45)CCC3)c2)c(O)c1,6.080695
c1cc(NCC2CNC2)c2c(c1)ccn2CC1CC1,7.042774,O=C(Nc1cccc2ccn(CC3CC3)c12)C1CNC1,8.061012
C[C@H](NC[C@H](Nc1ccc(C(=O)CCl)c(F)c1)c1ccccc1)c1ccccc1,4.229885,C[C@H](NC(=O)[C@H](Nc1ccc(C(=O)CCl)c(F)c1)c1ccccc1)c1ccccc1,4.52756
Nc1ccc(CNc2ccc(NC3CC3)cc2O)cc1N,4.392462,Nc1ccc(C(=O)Nc2ccc(NC3CC3)cc2O)cc1N,4.388161
Nc1ccc(CNc2ccc(-c3cccc(NCc4ccc5oc(C6CNC6)nc5c4)c3)cc2)cc1O,7.322707,Nc1ccc(C(=O)Nc2ccc(-c3cccc(NCc4ccc5oc(C6CNC6)nc5c4)c3)cc2)cc1O,7.499318
Nc1ccc(CNC2(C(=O)Nc3ccccc3C(=O)O)CCC2)cc1O,4.624748,NC1(C(=O)Nc2ccccc2C(=O)Nc2ccc(C(=O)O)cc2O)CCC1,4.260028
c1ccc(CCNCc2ccccc2NCc2ccc3[nH]c(C4CNC4)nc3c2)cc1,7.170968,O=C(Nc1ccccc1CNCCc1ccccc1)c1ccc2[nH]c(C3CNC3)nc2c1,7.259008
N#Cc1ccc(CN2CCC(C(=O)NCc3cn(Cc4ccccc4-c4nnn(CC5CC5)n4)c4ccccc34)CC2)cn1,7.493634,N#Cc1ccc(C(=O)N2CCC(C(=O)NCc3cn(Cc4ccccc4-c4nnn(CC5CC5)n4)c4ccccc34)CC2)cn1,7.584713
Oc1ccc(CNc2ccc(Br)cc2)cc1NCc1ccc(O)c(NCc2ccc(-c3nnn(CC4CC4)n3)nc2)c1,6.925024,O=C(Nc1cc(CNc2cc(CNc3ccc(Br)cc3)ccc2O)ccc1O)c1ccc(-c2nnn(CC3CC3)n2)nc1,6.899776
O=C(O)c1ccc2nc(-c3nc(-c4cccc(NCC5CCN5)c4)cs3)oc2c1,7.084785,O=C(O)c1ccc2nc(-c3nc(-c4cccc(NC(=O)C5CCN5)c4)cs3)oc2c1,7.110613
C[C@H](NCc1ccc(CNc2cc(-c3cn(CC4CC4)nn3)n[nH]2)cc1)c1ccccc1,7.756601,C[C@H](NCc1ccc(C(=O)Nc2cc(-c3cn(CC4CC4)nn3)n[nH]2)cc1)c1ccccc1,7.957766
O=C(NCc1cn(Cc2cc(=O)[nH]c3ccccc23)nn1)C1CCN(Cc2ccc3nc(C4CNC4)[nH]c3c2)CC1,7.566187,O=C(NCc1cn(Cc2cc(=O)[nH]c3ccccc23)nn1)C1CCN(C(=O)c2ccc3nc(C4CNC4)[nH]c3c2)CC1,7.596193
Nc1cccc(-c2ccc(NCc3ccc4[nH]c(C5CNC5)nc4c3)cc2)c1,7.342745,Nc1ccc(-c2cccc(NC(=O)c3ccc4[nH]c(C5CNC5)nc4c3)c2)cc1,7.264916
N#Cc1ccc(CNc2cccc(-c3cnc(F)nc3)c2)cn1,6.019193,N#Cc1ccc(C(=O)Nc2cccc(-c3cnc(F)nc3)c2)cn1,6.234274
c1ccc2oc(-c3ccc(Cn4cc(CCNCc5ccc6[nH]c(C7CNC7)nc6c5)c5ccccc54)cc3)nc2c1,7.624852,O=C(NCCc1cn(Cc2ccc(-c3nc4ccccc4o3)cc2)c2ccccc12)c1ccc2[nH]c(C3CNC3)nc2c1,7.78971
O=C(NCCc1ccccc1-c1cccc(NCc2ccc3oc(C4CNC4)nc3c2)c1)C1CNC1,8.065516,O=C(Nc1cccc(-c2ccccc2CCNC(=O)C2CNC2)c1)c1ccc2oc(C3CNC3)nc2c1,7.703911
ClCc1ccc(CNc2ccccc2CNc2cccc3cc[nH]c23)cc1,4.852301,O=C(Nc1ccccc1CNc1cccc2cc[nH]c12)c1ccc(CCl)cc1,5.212386
Nc1ccc(-c2ccc(N(Cc3ccc(CCl)cc3)Cc3ccc4nc(C5CNC5)oc4c3)cc2)cc1,6.36866,Nc1ccc(-c2ccc(N(Cc3ccc4nc(C5CNC5)oc4c3)C(=O)c3ccc(CCl)cc3)cc2)cc1,6.173641
Nc1c(O)cccc1CNc1cccc(Br)c1O,3.933259,Nc1c(O)cccc1C(=O)Nc1cccc(Br)c1O,3.619875
N#Cc1ccc(N)c(NCC2CNC2)c1,4.307006,N#Cc1ccc(N)c(NC(=O)C2CNC2)c1,5.452122
O=C(O)c1ccc(-c2nc3cc(CNc4cccc(-c5ccc(NCC6CCN6)cc5)c4)ccc3o2)cc1,7.673731,O=C(O)c1ccc(-c2nc3cc(CNc4cccc(-c5ccc(NC(=O)C6CCN6)cc5)c4)ccc3o2)cc1,7.833157
O=Cc1cccc(CNC2(c3nc4cc(C(=O)O)ccc4o3)CCC2)c1,4.975917,O=Cc1cccc(C(=O)NC2(c3nc4cc(C(=O)O)ccc4o3)CCC2)c1,4.866743
O=Cc1cccc(C(=O)Nc2ccc(-c3cccc(NCc4ccc(CO[C@H]5CN6CCC5CC6)cc4)c3)cc2)c1,7.716322,O=Cc1cccc(C(=O)Nc2ccc(-c3cccc(NC(=O)c4ccc(CO[C@H]5CN6CCC5CC6)cc4)c3)cc2)c1,7.591448
Nc1ccccc1CN1CCC1C(=O)O,2.945994,Nc1ccccc1C(=O)N1CCC1C(=O)O,3.185731
OB(O)c1cccc(NCc2ccc3nc(-c4ccc5nc(C6CNC6)oc5c4)oc3c2)c1,6.455483,O=C(Nc1cccc(B(O)O)c1)c1ccc2nc(-c3ccc4nc(C5CNC5)oc4c3)oc2c1,6.394886
O=C([C@@H]1CCCN1)N1CCC(CNc2cc(-c3cccc(-c4nnn(CC5CC5)n4)c3)n[nH]2)CC1,7.494172,O=C(Nc1cc(-c2cccc(-c3nnn(CC4CC4)n3)c2)n[nH]1)C1CCN(C(=O)[C@@H]2CCCN2)CC1,7.391147
O=C(O)c1cccc(CNc2cc(-c3nnn(CC4CC4)n3)ccc2NC(=O)C2CCN2C[C@@H]2Cc3ccccc3CN2)c1,6.789475,O=C(Nc1ccc(-c2nnn(CC3CC3)n2)cc1NCc1cccc(C(=O)N2Cc3ccccc3C[C@H]2C(=O)O)c1)C1CCN1,6.499836
Nc1ccc(C(=O)N2CCC[C@@H]2C(=O)O)cc1NCc1ccc(CCl)cc1,4.593888,Nc1cc(C(=O)N2CCC[C@@H]2C(=O)O)ccc1NC(=O)c1ccc(CCl)cc1,4.533679
Oc1ccc(C[C@@H](CNc2cccc(-c3cnc(F)nc3)c2)NC[C@@H]2Cc3ccccc3CN2C[C@@H]2Cc3ccccc3CN2)cc1,6.885391,O=C([C@@H]1Cc2ccccc2CN1)N(C[C@@H]1Cc2ccccc2CN1)[C@H](CNc1cccc(-c2cnc(F)nc2)c1)Cc1ccc(O)cc1,6.971937
Oc1cc(-c2cccc(NCc3ccc(O)c(NCC4CCN4)c3)c2)ccc1NCC1CCN1,7.625575,O=C(Nc1cc(CNc2cccc(-c3ccc(NCC4CCN4)c(O)c3)c2)ccc1O)C1CCN1,7.527461
Nc1ccc(-c2cccc(C(=O)Nc3ccc(C(=O)Nc4cc(CN5CCC(C(=O)O)CC5)ccc4N)cc3N)c2)cc1,5.879955,Nc1ccc(-c2cccc(C(=O)Nc3ccc(C(=O)Nc4cc(C(=O)N5CCC(C(=O)O)CC5)ccc4N)cc3N)c2)cc1,6.104954
Nc1cc(Br)ccc1NCC1CCN1,4.55378,Nc1cc(Br)ccc1NC(=O)C1CCN1,5.00542
c1ccc(NC[C@@H]2Cc3ccccc3CN2)nc1,6.105412,O=C(Nc1ccccn1)[C@@H]1Cc2ccccc2CN1,6.429775
O=C(O)C1CN(C(=O)c2ccc3nc(-c4cccc(-c5ccc(NC[C@@H]6Cc7ccccc7CN6)c(O)c5)c4)[nH]c3c2)C1,7.270116,O=C(O)C1CN(C(=O)c2ccc3nc(-c4cccc(-c5ccc(NC(=O)[C@@H]6Cc7ccccc7CN6)c(O)c5)c4)[nH]c3c2)C1,6.998703
Cc1cc(NCCc2c[nH]c3ccccc23)cnc1NCc1ccc2[nH]c(C3CCN3)nc2c1,7.337616,Cc1cc(NCCc2c[nH]c3ccccc23)cnc1NC(=O)c1ccc2[nH]c(C3CCN3)nc2c1,7.370113
C[C@H](NCc1ccc(F)cc1)c1ccccc1,4.24894,C[C@H](NC(=O)c1ccc(F)cc1)c1ccccc1,4.672832
O=C(N[C@H](CNc1cc(Br)ccc1NCC1CNC1)c1ccccc1)c1ccc2nc(C3CCNCC3)oc2c1,6.602931,O=C(N[C@H](CNc1cc(Br)ccc1NC(=O)C1CNC1)c1ccccc1)c1ccc2nc(C3CCNCC3)oc2c1,7.039893
C#CCNc1cccc(-c2nc3ccc(CNC45CC(C4)C5)cc3o2)c1,6.853981,C#CCNc1cccc(-c2nc3ccc(C(=O)NC45CC(C4)C5)cc3o2)c1,6.689756
O=C(Nc1ccc(-c2cccc(NCc3ccc(CO[C@H]4CN5CCC4CC5)cc3)c2)cc1)c1ccc(CCl)cc1,7.767389,O=C(Nc1ccc(-c2cccc(NC(=O)c3ccc(CO[C@H]4CN5CCC4CC5)cc3)c2)cc1)c1ccc(CCl)cc1,7.670055
Nc1cc(CNc2ccc(Br)cc2O)ccc1O,3.612227,Nc1cc(C(=O)Nc2ccc(Br)cc2O)ccc1O,3.724858
c1ccc2c(c1)c(CNc1ccc(NCc3ccc4[nH]c(C5CNC5)nc4c3)cc1)cn2CC1CC1,8.227824,O=C(Nc1ccc(NCc2cn(CC3CC3)c3ccccc23)cc1)c1ccc2[nH]c(C3CNC3)nc2c1,8.226936
Nc1cc(-c2ccc(Nc3ccc(NCc4ccc(C=O)cc4)cc3)nc2)n[nH]1,5.456795,Nc1cc(-c2ccc(Nc3ccc(NC(=O)c4ccc(C=O)cc4)cc3)nc2)n[nH]1,5.766946
C[C@H](NCc1ccc2oc(-c3ccc(N)c(N)c3)nc2c1)c1ccccc1,5.623282,C[C@H](NC(=O)c1ccc2oc(-c3ccc(N)c(N)c3)nc2c1)c1ccccc1,5.957246
c1ccc(-c2nc3cc(CNc4cccc(-c5cccc6[nH]c(C7CNC7)nc56)c4)ccc3[nH]2)nc1,7.765522,O=C(Nc1cccc(-c2cccc3[nH]c(C4CNC4)nc23)c1)c1ccc2[nH]c(-c3ccccn3)nc2c1,7.315819
O=C(O)C1CN(Cc2cccc3oc(-c4ccc5[nH]c([C@@H]6CCCNC6)nc5c4)nc23)C1,5.969852,O=C(O)C1CN(C(=O)c2cccc3oc(-c4ccc5[nH]c([C@@H]6CCCNC6)nc5c4)nc23)C1,5.814521
Nc1c(O)cccc1CN1CC(C(=O)Nc2cccc3ccn(CC4CC4)c23)C1,6.376346,Nc1c(O)cccc1C(=O)N1CC(C(=O)Nc2cccc3ccn(CC4CC4)c23)C1,6.568549
Nc1c(O)cccc1CNCCc1c[nH]c2ccccc12,4.514998,Nc1c(O)cccc1C(=O)NCCc1c[nH]c2ccccc12,4.588682
O=C(O)C1CN(Cc2cccc(F)n2)C1,3.334792,O=C(O)C1CN(C(=O)c2cccc(F)n2)C1,3.84564
Nc1cccc(-c2cccc(C=O)c2)c1NCC1CCN1,5.545881,Nc1c(NC(=O)C2CCN2)cccc1-c1cccc(C=O)c1,6.330136
Nc1ccc(CN2Cc3ccccc3C[C@H]2C(=O)Nc2ccccn2)cc1O,5.172221,Nc1ccc(C(=O)N2Cc3ccccc3C[C@H]2C(=O)Nc2ccccn2)cc1O,5.292249
Nc1cc(CN2CCC2C(=O)O)ccc1NCc1ccc2nc(C3CNC3)oc2c1,6.742929,Nc1cc(CN2CCC2C(=O)O)ccc1NC(=O)c1ccc2nc(C3CNC3)oc2c1,6.748264
O=C(NC1CC1)c1ccc(CN(Cc2ccc(-c3nnn(CC4CC4)n3)nc2)c2ccccn2)cc1,7.925734,O=C(NC1CC1)c1ccc(CN(C(=O)c2ccc(-c3nnn(CC4CC4)n3)nc2)c2ccccn2)cc1,7.92754
O=C(Nc1ccc(-c2ccc(C3Nc4ccccc4-n4cccc43)cc2)cc1NCC1CNC1)[C@@H]1CCCN1,3.058395,O=C(Nc1cc(-c2ccc(C3Nc4ccccc4-n4cccc43)cc2)ccc1NC(=O)[C@@H]1CCCN1)C1CNC1,0.722245
O=C(O)c1ccc2[nH]c(C3(NCc4cccc(-c5cn(CC6CC6)cn5)c4)CCC3)nc2c1,7.068871,O=C(O)c1ccc2[nH]c(C3(NC(=O)c4cccc(-c5cn(CC6CC6)cn5)c4)CCC3)nc2c1,7.168443
O=C(O)[C@@H]1CCCN1Cc1cccc(-c2cccc3nc([C@H]4CCCN4CC4CCN4)oc23)c1,6.097065,O=C(O)[C@@H]1CCCN1C(=O)c1cccc(-c2cccc3nc([C@H]4CCCN4CC4CCN4)oc23)c1,6.003433
Nc1ccc(CNc2cc(-c3cccc(NC(=O)N4CC(CO)C4)c3)n[nH]2)cc1O,5.448261,Nc1ccc(C(=O)Nc2cc(-c3cccc(NC(=O)N4CC(CO)C4)c3)n[nH]2)cc1O,5.852551
c1cc(-c2nnn(CC3CC3)n2)ncc1CNc1ccc(-c2ccc3nc([C@@H]4CCCN4)oc3c2)cc1,8.102777,O=C(Nc1ccc(-c2ccc3nc([C@@H]4CCCN4)oc3c2)cc1)c1ccc(-c2nnn(CC3CC3)n2)nc1,6.584306
OB(O)c1cccc(-c2nc3ccc(-c4cccc(NCC5CNC5)c4)cc3o2)c1,5.992265,O=C(Nc1cccc(-c2ccc3nc(-c4cccc(B(O)O)c4)oc3c2)c1)C1CNC1,6.592203
N[C@H](CNC12CC(C1)C2)Cc1ccc(O)cc1,3.694339,N[C@@H](Cc1ccc(O)cc1)C(=O)NC12CC(C1)C2,3.85941
ClCc1ccc(-c2nc3cc(-c4nc5ccc(CNC67CC(C6)C7)cc5o4)ccc3o2)cc1,7.196184,O=C(NC12CC(C1)C2)c1ccc2nc(-c3ccc4oc(-c5ccc(CCl)cc5)nc4c3)oc2c1,6.955212
O=C(Nc1cc(Br)n[nH]1)c1ccc(NCc2ccc(-c3nnn(CC4CC4)n3)nc2)c(O)c1,6.964547,O=C(Nc1cc(Br)n[nH]1)c1ccc(NC(=O)c2ccc(-c3nnn(CC4CC4)n3)nc2)c(O)c1,6.613131
Nc1ccc(CNc2cc(-c3ccc(NC(=O)Nc4ccnc5ccccc45)cc3)n[nH]2)cc1NC[C@@H]1Cc2ccccc2CN1,7.718616,Nc1ccc(C(=O)Nc2cc(-c3ccc(NC(=O)Nc4ccnc5ccccc45)cc3)n[nH]2)cc1NC[C@@H]1Cc2ccccc2CN1,7.96683
Nc1ccc(CNc2ccc(C(=O)Nc3cccc(B(O)O)c3)cc2O)cc1O,4.31316,Nc1ccc(C(=O)Nc2ccc(C(=O)Nc3cccc(B(O)O)c3)cc2O)cc1O,4.303001
N#Cc1ccc(-c2cc(NC(=O)c3ccc(O)c(NCc4ccc(N)c(N)c4)c3)[nH]n2)s1,5.695165,N#Cc1ccc(-c2cc(NC(=O)c3ccc(O)c(NC(=O)c4ccc(N)c(N)c4)c3)[nH]n2)s1,5.799235
O=C(O)C1CN(C(=O)C2CCN2Cc2ccc3nc(-c4cccc(C5=NCCc6ccccc65)c4)oc3c2)C1,7.095285,O=C(O)C1CN(C(=O)C2CCN2C(=O)c2ccc3nc(-c4cccc(C5=NCCc6ccccc65)c4)oc3c2)C1,6.876939
Nc1ccccc1CNc1ccc(C(=O)O)cc1NCc1ccc(-c2nnn(CC3CC3)n2)nc1,6.339963,Nc1cc(C(=O)O)ccc1NCc1ccccc1NC(=O)c1ccc(-c2nnn(CC3CC3)n2)nc1,6.671676
Nc1ccc(-c2nc3ccc(CNc4ccccc4C(=O)O)cc3[nH]2)cc1O,5.031186,Nc1ccc(-c2nc3ccc(C(=O)Nc4ccccc4C(=O)O)cc3[nH]2)cc1O,5.045354
COc1ccccc1CNCc1cccc(O)c1NC[C@@H]1Cc2ccccc2CN1,5.964427,COc1ccccc1CNCc1cccc(O)c1NC(=O)[C@@H]1Cc2ccccc2CN1,6.170828
C[C@H](NC[C@@H]1CCCN1)c1ccccc1,3.66354,C[C@H](NC(=O)[C@@H]1CCCN1)c1ccccc1,5.29516
COc1ccc(NCc2ccc3nc([C@@H]4CCCN4)oc3c2)c(N)c1,6.049531,COc1ccc(N)c(NC(=O)c2ccc3nc([C@@H]4CCCN4)oc3c2)c1,6.127262
Nc1ccc(Br)cc1NCC1CN(C(=O)Nc2ccc(-c3cccnc3)cc2)C1,5.662122,Nc1cc(Br)ccc1NC(=O)C1CN(C(=O)Nc2ccc(-c3cccnc3)cc2)C1,6.126212
Nc1ccccc1CNc1cccc(-c2cccc3nc(C4CCNCC4)[nH]c23)c1,6.934414,Nc1ccccc1C(=O)Nc1cccc(-c2cccc3nc(C4CCNCC4)[nH]c23)c1,6.630656
Nc1cccc(-c2ccccc2CCNC[C@@H]2Cc3ccccc3CN2)c1,6.168961,NCCc1ccccc1-c1cccc(NC(=O)[C@@H]2Cc3ccccc3CN2)c1,6.439232
O=C(NCCc1c[nH]c2ccccc12)c1cccc(-c2nc3ccc(CNC45CC(C4)C5)cc3o2)c1,7.615269,O=C(NCCc1c[nH]c2ccccc12)c1cccc(-c2nc3ccc(C(=O)NC45CC(C4)C5)cc3o2)c1,7.562304
O=C(NCCc1ccccc1Nc1ccccn1)C1CCN(Cc2ccc(-c3nnn(CC4CC4)n3)nc2)CC1,7.550945,O=C(NCCc1ccccc1N(C(=O)c1ccc(-c2nnn(CC3CC3)n2)nc1)c1ccccn1)C1CCNCC1,7.444749
O=C(Nc1cccc(B(O)O)c1)C1CN(Cc2ccc3nc([C@@H]4CCCN4)oc3c2)C1,5.684192,O=C(Nc1cccc(B(O)O)c1)C1CN(C(=O)c2ccc3nc([C@@H]4CCCN4)oc3c2)C1,5.990246
O=C(Nc1ccc(-c2cc(N(CC3CCN3)CC3CCN3)[nH]n2)cc1)Nc1cccc2ccccc12,7.200416,O=C(Nc1ccc(-c2cc(N(CC3CCN3)C(=O)C3CCN3)[nH]n2)cc1)Nc1cccc2ccccc12,7.428278
O=C(Nc1cccc(-c2ccc(NCC3CNC3)cc2)c1)c1ccc2oc(-c3ccccc3)nc2c1,7.861156,O=C(Nc1cccc(-c2ccc(NC(=O)C3CNC3)cc2)c1)c1ccc2oc(-c3ccccc3)nc2c1,7.78826
O=C(Nc1cc(NC23CC(C2)C3)n[nH]1)c1ccc(CN(C[C@@H]2Cc3ccccc3CN2)c2ccnc3ccccc23)cc1,7.486923,O=C(Nc1cc(N(C(=O)[C@@H]2Cc3ccccc3CN2)C23CC(C2)C3)n[nH]1)c1ccc(CNc2ccnc3ccccc23)cc1,7.565768
Nc1cc(CNCc2cn(CC3CC3)c3ccccc23)ccc1NCc1ccc2nc(C3CNC3)oc2c1,7.826938,Nc1cc(CNCc2cn(CC3CC3)c3ccccc23)ccc1NC(=O)c1ccc2nc(C3CNC3)oc2c1,7.921161
Nc1ccc(CNc2ccc(-c3cccc(CN4CC(=O)C4)c3)cc2)cc1O,5.388568,Nc1ccc(C(=O)Nc2ccc(-c3cccc(CN4CC(=O)C4)c3)cc2)cc1O,5.506155
Nc1ccc(CN2CCc3ccccc3C2c2ccc(C(=O)O)cc2)cc1N,4.877635,Nc1ccc(C(=O)N2CCc3ccccc3C2c2ccc(C(=O)O)cc2)cc1N,4.734528
O=C(O)c1cccc(-c2nc3cc(CNCCc4c[nH]c5ccccc45)ccc3[nH]2)c1,5.557199,O=C(O)c1ccc2[nH]c(-c3cccc(C(=O)NCCc4c[nH]c5ccccc45)c3)nc2c1,6.197206
c1cnc(NCCc2c[nH]c3ccccc23)c(Nc2ccc(NCc3ccc(-c4nnn(CC5CC5)n4)nc3)cc2)c1,7.326213,O=C(Nc1ccc(Nc2cccnc2NCCc2c[nH]c3ccccc23)cc1)c1ccc(-c2nnn(CC3CC3)n2)nc1,7.525151
c1cc(-c2nnn(CC3CC3)n2)ncc1CNC1(c2nc3cc(-c4nnn(CC5CC5)n4)ccc3o2)CCC1,8.129358,O=C(NC1(c2nc3cc(-c4nnn(CC5CC5)n4)ccc3o2)CCC1)c1ccc(-c2nnn(CC3CC3)n2)nc1,7.673527
Nc1ccc(CNc2ccc(-c3ccc(C=O)cc3)cc2)cc1O,4.974365,Nc1ccc(C(=O)Nc2ccc(-c3ccc(C=O)cc3)cc2)cc1O,5.196104
c1ccc2c(c1)CN[C@H](CNc1ccnc3ccccc13)C2,6.393838,O=C(Nc1ccnc2ccccc12)[C@@H]1Cc2ccccc2CN1,6.884408
O=C(NC12CC(C1)C2)c1ccc(-c2nc3ccc(CNC45CC(C4)C5)cc3o2)cc1,7.669058,O=C(NC12CC(C1)C2)c1ccc(-c2nc3ccc(C(=O)NC45CC(C4)C5)cc3o2)cc1,7.161416
O=C(c1cccnc1)N1CCc2ccccc2C1c1ccc(CNc2cc(Br)ccc2O)cc1,5.626174,O=C(Nc1cc(Br)ccc1O)c1ccc(C2c3ccccc3CCN2C(=O)c2cccnc2)cc1,5.150265
c1cc(NCC2CNC2)c2c(c1)ccn2Cc1ccc(-c2nnn(CC3CC3)n2)cc1,7.810566,O=C(Nc1cccc2ccn(Cc3ccc(-c4nnn(CC5CC5)n4)cc3)c12)C1CNC1,8.165537
N#Cc1ccc(O)c(NCC2(NCc3cnccc3N)CCC2)c1,3.868068,N#Cc1ccc(O)c(NC(=O)C2(NCc3cnccc3N)CCC2)c1,4.703687
Nc1cc(-c2ccc(NCc3ccc(N)c(O)c3)cc2)n[nH]1,4.684271,Nc1cc(-c2ccc(NC(=O)c3ccc(N)c(O)c3)cc2)n[nH]1,4.982767
Nc1ccc(CNCc2nc3cc(-c4nnn(CC5CC5)n4)ccc3o2)cc1N,6.445848,Nc1ccc(C(=O)NCc2nc3cc(-c4nnn(CC5CC5)n4)ccc3o2)cc1N,6.956082
N#Cc1ccc(O)c(NC[C@@H](N)c2ccccc2)c1,3.93465,N#Cc1ccc(O)c(NC(=O)[C@@H](N)c2ccccc2)c1,4.457654
O=C(O)[C@H](Cc1c[nH]c2ccccc12)NCc1cccc(-c2ccc(NCC3CCN3)c(O)c2)c1,6.244241,O=C(N[C@@H](Cc1c[nH]c2ccccc12)C(=O)O)c1cccc(-c2ccc(NCC3CCN3)c(O)c2)c1,6.321465
ClCc1ccc(CNc2ccccn2)cc1,4.022997,O=C(Nc1ccccn1)c1ccc(CCl)cc1,4.42038
O=C(Nc1ccnc2ccccc12)c1cccc(-c2ccc(N(CC3CNC3)C[C@@H]3Cc4ccccc4CN3)c(O)c2)c1,7.430539,O=C(Nc1ccnc2ccccc12)c1cccc(-c2ccc(N(CC3CNC3)C(=O)[C@@H]3Cc4ccccc4CN3)c(O)c2)c1,7.381779
Brc1cc(NCc2ccc(Cn3nnc(-c4ccc5oc(-c6ccccc6)nc5c4)n3)cc2)[nH]n1,6.406383,O=C(Nc1cc(Br)n[nH]1)c1ccc(Cn2nnc(-c3ccc4oc(-c5ccccc5)nc4c3)n2)cc1,6.431931
Nc1ccc(C(=O)Nc2ccc(-c3cccc(C(=O)O)c3)cc2N)cc1NCC1CNC1,6.388535,Nc1cc(-c2cccc(C(=O)O)c2)ccc1NC(=O)c1ccc(N)c(NC(=O)C2CNC2)c1,6.485751
c1ccc2c(c1)CN[C@H](CNCCc1cn(CC3CC3)c3ccccc13)C2,7.535137,O=C(NCCc1cn(CC2CC2)c2ccccc12)[C@@H]1Cc2ccccc2CN1,7.604276
O=C(O)c1ccc2oc(-c3cnccc3NC(=O)N3CCC(CNc4ccc(Br)cc4)CC3)nc2c1,5.933368,O=C(Nc1ccc(Br)cc1)c1ccc2oc(-c3cnccc3NC(=O)N3CCC(C(=O)O)CC3)nc2c1,5.430479
Nc1cc(C(=O)O)ccc1NCc1ccc(CCl)cc1,3.943573,Nc1cc(C(=O)O)ccc1NC(=O)c1ccc(CCl)cc1,4.002516
O=C(Nc1ccnc2ccccc12)c1cccc(O)c1N(Cc1cccc(C2=NCCc3ccccc32)c1)C[C@@H]1Cc2ccccc2CN1,6.751614,O=C(Nc1ccnc2ccccc12)c1cccc(O)c1N(Cc1cccc(C2=NCCc3ccccc32)c1)C(=O)[C@@H]1Cc2ccccc2CN1,5.638175
c1ccc2c(c1)CN[C@H](CNCCc1cn(Cc3ccc(-c4nnn(Cc5ccc(-c6nnn(CC7CC7)n6)cc5)n4)cc3)c3ccccc13)C2,7.917025,O=C(NCCc1cn(Cc2ccc(-c3nnn(Cc4ccc(-c5nnn(CC6CC6)n5)cc4)n3)cc2)c2ccccc12)[C@@H]1Cc2ccccc2CN1,7.993489
O=C(NCCc1c[nH]c2ccccc12)c1ccc(NC(=O)c2ccc(F)cc2)c(NCc2ccc3nc(C4CNC4)[nH]c3c2)c1,7.161252,O=C(NCCc1c[nH]c2ccccc12)c1ccc(NC(=O)c2ccc(F)cc2)c(NC(=O)c2ccc3nc(C4CNC4)[nH]c3c2)c1,6.769546
Nc1ccc(CNc2ccc(C(=O)Nc3cccc4cc[nH]c34)cc2N)cc1N,5.188974,Nc1ccc(C(=O)Nc2cc(C(=O)Nc3cccc4cc[nH]c34)ccc2N)cc1N,5.639088
N#Cc1ccc(O)c(NC[C@H](N)c2ccccc2)c1,3.93465,N#Cc1ccc(O)c(NC(=O)[C@H](N)c2ccccc2)c1,4.457654
Cc1cc(Nc2ccccc2C(=O)NCc2c[nH]c3ccccc23)cnc1NCc1ccc2nc(C3CNC3)oc2c1,7.405169,Cc1cc(Nc2ccccc2C(=O)NCc2c[nH]c3ccccc23)cnc1NC(=O)c1ccc2nc(C3CNC3)oc2c1,7.535171
O=C(NCc1c[nH]c2ccccc12)c1ccccc1NC(=O)C1CCN1CC1CNC1,6.879824,O=C(NCc1c[nH]c2ccccc12)c1ccccc1NC(=O)C1CCN1C(=O)C1CNC1,7.366938
Nc1ccc(CNc2cc(-c3cccc(-c4nnnn4CC4CC4)c3)n[nH]2)cc1O,6.525576,Nc1ccc(C(=O)Nc2cc(-c3cccc(-c4nnnn4CC4CC4)c3)n[nH]2)cc1O,6.897089
O=C(Nc1ccccc1CNCc1ccccc1)C1CNC1,7.074754,O=C(NCc1ccccc1)c1ccccc1NC(=O)C1CNC1,7.056793
O=C(Nc1ccc(-c2cccc(NCc3ccccc3NC[C@@H]3Cc4ccccc4CN3)c2)cc1)C1CNC1,7.92623,O=C(Nc1ccc(-c2cccc(NCc3ccccc3NC(=O)[C@@H]3Cc4ccccc4CN3)c2)cc1)C1CNC1,7.844257
O=C(Nc1cccc(-c2csc(NCc3ccc4nc(C5CNC5)[nH]c4c3)n2)c1)C1CNC1,7.699073,O=C(Nc1nc(-c2cccc(NC(=O)C3CNC3)c2)cs1)c1ccc2nc(C3CNC3)[nH]c2c1,7.117234
O=C(O)c1ccc(NCc2ccc(CCl)cc2)c(NC2CCNCC2)c1,4.477255,O=C(O)c1ccc(NC(=O)c2ccc(CCl)cc2)c(NC2CCNCC2)c1,4.556501
O=C(O)c1ccc(O)c(NCc2ccc3nc(-c4cccc(Br)c4)oc3c2)c1,5.56481,O=C(O)c1ccc(O)c(NC(=O)c2ccc3nc(-c4cccc(Br)c4)oc3c2)c1,5.469427
O=C(O)c1ccc(NC[C@@H]2Cc3ccccc3CN2)c(NCCc2c[nH]c3ccccc23)c1,5.926262,O=C(O)c1ccc(NC(=O)[C@@H]2Cc3ccccc3CN2)c(NCCc2c[nH]c3ccccc23)c1,6.128343
O=C(Nc1nc(F)nc2[nH]cnc12)[C@@H]1CCCN1Cc1ccc(-c2nnn(CC3CC3)n2)nc1,7.493298,O=C(Nc1nc(F)nc2[nH]cnc12)[C@@H]1CCCN1C(=O)c1ccc(-c2nnn(CC3CC3)n2)nc1,7.168809
Nc1cccnc1-c1ccc(NCC2CNC2)cc1,5.955065,Nc1ccc(-c2ncccc2NC(=O)C2CNC2)cc1,6.234725
Fc1cccc(-c2nc3cc(CNc4ccc(-c5cn(CC6CC6)cn5)cc4)ccc3o2)n1,7.592682,O=C(Nc1ccc(-c2cn(CC3CC3)cn2)cc1)c1ccc2oc(-c3cccc(F)n3)nc2c1,7.692514
C[C@@H](c1ccccc1)N(Cc1ccc2oc(-c3ccc(-c4nnn(CC5CC5)n4)nc3)nc2c1)C[C@@H]1Cc2ccccc2CN1,7.874309,C[C@@H](c1ccccc1)N(C[C@@H]1Cc2ccccc2CN1)C(=O)c1ccc2oc(-c3ccc(-c4nnn(CC5CC5)n4)nc3)nc2c1,7.769278
Nc1ccc(CNc2c(O)cccc2C(=O)O)cc1O,3.093876,Nc1c(O)cccc1C(=O)Nc1ccc(C(=O)O)cc1O,3.600073
Nc1ccc(CNc2ccc(C(=O)O)cc2N)cc1N,3.77556,Nc1ccc(C(=O)Nc2cc(C(=O)O)ccc2N)cc1N,3.932547
c1cc(CO[C@@H]2CCN(Cc3ccc(CO[C@H]4CN5CCC4CC5)cc3)C2)cc(-c2nnnn2CC2CC2)c1,7.771195,O=C(c1ccc(CO[C@H]2CN3CCC2CC3)cc1)N1CC[C@@H](OCc2cccc(-c3nnnn3CC3CC3)c2)C1,7.773474
Nc1cc(CN2Cc3ccccc3C[C@H]2C(=O)Nc2ccccn2)ccc1O,5.235239,Nc1cc(C(=O)N2Cc3ccccc3C[C@H]2C(=O)Nc2ccccn2)ccc1O,5.352265
N#Cc1ccc(CNc2cccc(Br)c2O)cn1,4.080065,N#Cc1ccc(C(=O)Nc2cccc(Br)c2O)cn1,4.227226
O=C(NC1CC1)c1ccc(-c2nc3ccc(CN4CC(C(=O)NCCc5c[nH]c6ccccc56)C4)cc3o2)cc1,7.739504,O=C(NC1CC1)c1ccc(-c2nc3ccc(C(=O)N4CC(C(=O)NCCc5c[nH]c6ccccc56)C4)cc3o2)cc1,7.533463
Nc1ccc(CN2C[C@H](O)C[C@H]2C(=O)O)cc1O,2.797317,Nc1ccc(C(=O)N2C[C@H](O)C[C@H]2C(=O)O)cc1O,2.977898
c1ccc2c(CCNCc3ccc(-c4nc5cc(-c6nnn(CC7CC7)n6)ccc5o4)cc3)c[nH]c2c1,7.725485,O=C(NCCc1c[nH]c2ccccc12)c1ccc(-c2nc3cc(-c4nnn(CC5CC5)n4)ccc3o2)cc1,7.657475
O=C(NCCc1c[nH]c2ccccc12)Nc1c(O)cccc1CNCCc1cn(CC2CC2)c2ccccc12,6.684066,O=C(NCCc1c[nH]c2ccccc12)Nc1c(O)cccc1C(=O)NCCc1cn(CC2CC2)c2ccccc12,6.727808
O=Cc1cccc(CNC2(c3nc4cc(C(=O)O)ccc4[nH]3)CCC2)c1,4.905201,O=Cc1cccc(C(=O)NC2(c3nc4cc(C(=O)O)ccc4[nH]3)CCC2)c1,4.770789
Cc1cc(-c2cccc(-c3nc4cc(C(=O)O)ccc4o3)c2)cnc1NCC1CNC1,6.830691,Cc1cc(-c2cccc(-c3nc4cc(C(=O)O)ccc4o3)c2)cnc1NC(=O)C1CNC1,6.80637
COc1ccccc1CN(Cc1ccnc(-c2cccc(-c3nnn(CC4CC4)n3)c2)c1)C[C@@H]1Cc2ccccc2CN1,7.60173,COc1ccccc1CN(Cc1ccnc(-c2cccc(-c3nnn(CC4CC4)n3)c2)c1)C(=O)[C@@H]1Cc2ccccc2CN1,7.544706
Nc1ccc(CNCc2ccc(O)cc2)cc1O,3.954483,Nc1ccc(C(=O)NCc2ccc(O)cc2)cc1O,4.309115
O=C(O)c1ccc(O)c(NCc2ccc3oc(-c4ccc5nc(C6CNC6)[nH]c5c4)nc3c2)c1,7.003661,O=C(O)c1ccc(O)c(NC(=O)c2ccc3oc(-c4ccc5nc(C6CNC6)[nH]c5c4)nc3c2)c1,6.775281
OB(O)c1cccc(-c2nc3ccc(CNC45CC(C4)C5)cc3[nH]2)c1,5.411561,O=C(NC12CC(C1)C2)c1ccc2nc(-c3cccc(B(O)O)c3)[nH]c2c1,5.339373
OB(O)c1ccc(NCc2ccc(N3CCNCC3)cc2)cc1,4.752037,O=C(Nc1ccc(B(O)O)cc1)c1ccc(N2CCNCC2)cc1,4.830513
Cc1cc(-c2cccc(NC(=O)C3CCN3)c2)cnc1NCc1ccc(O)c(N)c1,6.746908,Cc1cc(-c2cccc(NC(=O)C3CCN3)c2)cnc1NC(=O)c1ccc(O)c(N)c1,6.643362
c1ccc2c(c1)c(CNC[C@@H]1C[C@@H](OCc3ccc(-c4nnn(CC5CC5)n4)cc3)CN1)cn2CC1CC1,8.017095,O=C(NCc1cn(CC2CC2)c2ccccc12)[C@@H]1C[C@@H](OCc2ccc(-c3nnn(CC4CC4)n3)cc2)CN1,8.19707
Fc1ccc(-c2nc3ccc(CNc4cc(-c5cccc(-c6nnn(CC7CC7)n6)c5)n[nH]4)cc3o2)cc1,7.840549,O=C(Nc1cc(-c2cccc(-c3nnn(CC4CC4)n3)c2)n[nH]1)c1ccc2nc(-c3ccc(F)cc3)oc2c1,7.817343
Nc1ccccc1CNc1ccc(Br)cc1O,3.536393,Nc1ccccc1C(=O)Nc1ccc(Br)cc1O,3.788669
C[C@@H](NCc1ccc2oc(-c3ccc4nc(-c5cccnc5)oc4c3)nc2c1)c1ccccc1,6.853782,C[C@@H](NC(=O)c1ccc2oc(-c3ccc4nc(-c5cccnc5)oc4c3)nc2c1)c1ccccc1,6.916072
ClCc1ccc(CNCc2ccccc2)cc1,4.553545,O=C(NCc1ccccc1)c1ccc(CCl)cc1,4.680805
Nc1cc(CNCCc2ccccc2)ccc1O,4.145795,Nc1cc(C(=O)NCCc2ccccc2)ccc1O,4.458766
Oc1cc(-c2cccc(NC[C@@H]3Cc4ccccc4CN3)c2)ccc1NCc1ccc2nc([C@H]3CCCN3)oc2c1,7.810709,O=C(Nc1cccc(-c2ccc(NCc3ccc4nc([C@H]5CCCN5)oc4c3)c(O)c2)c1)[C@@H]1Cc2ccccc2CN1,7.780942
Nc1cc(-c2ccc(NC(=O)C3CCN(Cc4ccc(-c5nnn(CC6CC6)n5)nc4)CC3)cc2)n[nH]1,7.599562,Nc1cc(-c2ccc(NC(=O)C3CCN(C(=O)c4ccc(-c5nnn(CC6CC6)n5)nc4)CC3)cc2)n[nH]1,7.168767
Cc1cc(Br)cnc1NCc1ccc2oc(-c3nc4ccccc4[nH]3)nc2c1,5.562474,Cc1cc(Br)cnc1NC(=O)c1ccc2oc(-c3nc4ccccc4[nH]3)nc2c1,5.457427
N#Cc1ccc(CNc2cccc(-c3cc(C=O)ccn3)c2)cn1,5.232862,N#Cc1ccc(C(=O)Nc2cccc(-c3cc(C=O)ccn3)c2)cn1,5.545896
N#Cc1ccc(CNc2ccc(CNc3ccccc3C(=O)O)cc2O)cn1,4.918399,N#Cc1ccc(C(=O)Nc2ccc(CNc3ccccc3C(=O)O)cc2O)cn1,5.014369
Nc1ccccc1CNc1ccc(C(=O)O)cc1O,3.889038,Nc1ccc(C(=O)Nc2ccccc2C(=O)O)cc1O,3.679728
c1cc(CNc2ccc(NCc3cn(CC4CC4)c4ccccc34)cc2)c2nc(C3CCN3)oc2c1,8.182764,O=C(Nc1ccc(NCc2cn(CC3CC3)c3ccccc23)cc1)c1cccc2oc(C3CCN3)nc12,8.178467
O=C(NCc1ccccc1)c1ccc(Cn2cc(CNC(=O)C3CN(C[C@@H]4Cc5ccccc5CN4)C3)c3ccccc32)cc1,7.452823,O=C(NCc1ccccc1)c1ccc(Cn2cc(CNC(=O)C3CN(C(=O)[C@@H]4Cc5ccccc5CN4)C3)c3ccccc32)cc1,7.639772
c1ccc(NCC2CNC2)nc1,4.487818,O=C(Nc1ccccn1)C1CNC1,6.676711
OC[C@@H]1CCCN1Cc1ccc2nc(-c3cccc(-c4nc5ccc(CNC67CC(C6)C7)cc5o4)c3)[nH]c2c1,7.182126,O=C(NC12CC(C1)C2)c1ccc2nc(-c3cccc(-c4nc5ccc(CN6CCC[C@H]6CO)cc5[nH]4)c3)oc2c1,7.142424
O=C(c1ccc(O)c(NCc2ccc(CO[C@H]3CN4CCC3CC4)cc2)c1)N1CCC[C@@H]1CNc1ccnc2ccccc12,7.701684,O=C(Nc1ccnc2ccccc12)[C@H]1CCCN1C(=O)c1ccc(O)c(NCc2ccc(CO[C@H]3CN4CCC3CC4)cc2)c1,7.688593
OB(O)c1cccc(NCc2ccc3[nH]c(C4CCN4)nc3c2)c1,5.294063,O=C(Nc1cccc(B(O)O)c1)c1ccc2[nH]c(C3CCN3)nc2c1,5.41519
Nc1cc(CNC2CC2)ccc1O,2.573658,Nc1cc(C(=O)NC2CC2)ccc1O,4.82969
O=C(NCCc1c[nH]c2ccccc12)C1CCN1C(=O)c1ccc2oc([C@H]3CCCN3C[C@@H]3Cc4ccccc4CN3)nc2c1,7.45048,O=C(NCCc1c[nH]c2ccccc12)C1CCN1C(=O)c1ccc2oc([C@H]3CCCN3C(=O)[C@@H]3Cc4ccccc4CN3)nc2c1,7.331474
O=C(O)c1ccc(Cn2nnnc2-c2ccc(-c3cc(NC[C@@H]4Cc5ccccc5CN4)[nH]n3)s2)cc1,6.86331,O=C(O)c1ccc(Cn2nnnc2-c2ccc(-c3cc(NC(=O)[C@@H]4Cc5ccccc5CN4)[nH]n3)s2)cc1,6.904267
O=C(NCc1ccccc1)c1ccccc1Cn1nnc(-c2cccc(-c3ccc(NC[C@@H]4Cc5ccccc5CN4)cc3)c2)n1,7.759497,O=C(NCc1ccccc1)c1ccccc1Cn1nnc(-c2cccc(-c3ccc(NC(=O)[C@@H]4Cc5ccccc5CN4)cc3)c2)n1,7.796118
CC1(C)OB(c2ccc(NCc3ccc(N)c(N)c3)nc2)OC1(C)C,3.696084,CC1(C)OB(c2ccc(NC(=O)c3ccc(N)c(N)c3)nc2)OC1(C)C,3.860229
O=C(Nc1ccc(Nc2ccnc3ccccc23)cc1)C1CN(C(=O)[C@H](NCC2CNC2)c2ccccc2)C1,6.641194,O=C(Nc1ccc(Nc2ccnc3ccccc23)cc1)C1CN(C(=O)[C@H](NC(=O)C2CNC2)c2ccccc2)C1,7.221206
O=C(O)c1cccc(CN2CCC2CNC23CC(C2)C3)c1,5.388195,O=C(NC12CC(C1)C2)c1cccc(CN2CCC2C(=O)O)c1,5.245006
O=C(c1ccc2c(c1)nc(C1CN(Cc3ccc(CCl)cc3)C1)n2CC1CC1)N1CCNCC1,5.80515,O=C(c1ccc(CCl)cc1)N1CCN(C(=O)c2ccc3c(c2)nc(C2CNC2)n3CC2CC2)CC1,6.032102
O=C(O)C1(N(C[C@@H]2Cc3ccccc3CN2)c2ccc(NCc3ccc4nc(C5CNC5)oc4c3)cc2)CCC1,7.31637,O=C(Nc1ccc(N(C[C@@H]2Cc3ccccc3CN2)C2(C(=O)O)CCC2)cc1)c1ccc2nc(C3CNC3)oc2c1,7.10954
O=C(c1ccc(Cn2cc(CNC[C@@H]3Cc4ccccc4CN3)c3ccccc32)cc1)N1CCNCC1,7.217294,O=C(NCc1cn(Cc2ccc(C(=O)N3CCNCC3)cc2)c2ccccc12)[C@@H]1Cc2ccccc2CN1,7.353818
c1ccc2c(c1)CN[C@H](CNc1ccccc1CNc1ccc(-c3ccc(NCC4CCN4)cc3)cc1)C2,7.765326,O=C(Nc1ccccc1CNc1ccc(-c2ccc(NCC3CCN3)cc2)cc1)[C@@H]1Cc2ccccc2CN1,7.725662
Fc1nc(NCc2ccc(-c3nnn(CC4CC4)n3)nc2)c2nc[nH]c2n1,6.916244,O=C(Nc1nc(F)nc2[nH]cnc12)c1ccc(-c2nnn(CC3CC3)n2)nc1,7.168222
c1cc(NCc2ccc3[nH]c(C4CCN4)nc3c2)cc(-c2ccc3nc(C4CCN4)oc3c2)c1,7.960982,O=C(Nc1cccc(-c2ccc3nc(C4CCN4)oc3c2)c1)c1ccc2[nH]c(C3CCN3)nc2c1,2.274381
O=C(O)c1ccc(NCC2CNC2)c(NCC2CCN2)c1,6.018965,O=C(O)c1ccc(NC(=O)C2CNC2)c(NCC2CCN2)c1,6.63827
O=Cc1cn(Cc2ccccc2CNCc2c[nH]c3ccccc23)c2ccc(NC34CC(C3)C4)cc12,5.952311,O=Cc1cn(Cc2ccccc2C(=O)NCc2c[nH]c3ccccc23)c2ccc(NC34CC(C3)C4)cc12,6.203402
Nc1ccc(CNc2cccc(B(O)O)c2)cc1O,3.161826,Nc1ccc(C(=O)Nc2cccc(B(O)O)c2)cc1O,3.392604
ClCc1ccc(-c2nc3ccc(-c4cccc(NC[C@@H]5Cc6ccccc6CN5)c4)cc3o2)cc1,7.383845,O=C(Nc1cccc(-c2ccc3nc(-c4ccc(CCl)cc4)oc3c2)c1)[C@@H]1Cc2ccccc2CN1,7.407971
Nc1ccccc1CNc1ccccc1C(=O)O,3.494715,Nc1ccccc1C(=O)Nc1ccccc1C(=O)O,3.458791
C#Cc1ccc(NC[C@@H](N)c2ccccc2)cc1,4.509207,C#Cc1ccc(NC(=O)[C@@H](N)c2ccccc2)cc1,5.821391
Brc1ccccc1CCNC[C@@H]1Cc2ccccc2CN1,5.773687,O=C(NCCc1ccccc1Br)[C@@H]1Cc2ccccc2CN1,6.17875
O=Cc1ccc(CN2CCC[C@H]2C(=O)NCc2ccccc2)cc1,5.361977,O=Cc1ccc(C(=O)N2CCC[C@H]2C(=O)NCc2ccccc2)cc1,5.776315
Nc1ccc(-c2c[nH]nc2NCc2ccc(N)c(O)c2)cn1,4.088725,Nc1ccc(-c2c[nH]nc2NC(=O)c2ccc(N)c(O)c2)cn1,4.422894
O=C(Nc1ccccn1)c1cccc(-c2nc3cc(-c4cccc(NCC5CNC5)c4)ccc3[nH]2)c1,7.572368,O=C(Nc1ccccn1)c1cccc(-c2nc3cc(-c4cccc(NC(=O)C5CNC5)c4)ccc3[nH]2)c1,7.368876
N#Cc1ccc(CN2Cc3ccccc3C[C@H]2CNc2ccnc3ccccc23)cn1,5.816192,N#Cc1ccc(C(=O)N(C[C@@H]2Cc3ccccc3CN2)c2ccnc3ccccc23)cn1,6.076142
Fc1cccc(CNc2ccccn2)n1,3.958996,O=C(Nc1ccccn1)c1cccc(F)n1,4.516462
N[C@H](Cc1c[nH]c2ccccc12)C(=O)Nc1cc(C(=O)O)ccc1NC[C@H]1CCCN1,4.012576,N[C@H](Cc1c[nH]c2ccccc12)C(=O)Nc1cc(C(=O)O)ccc1NC(=O)[C@H]1CCCN1,4.709165
Oc1cccc(CNc2ccc(-c3cc(NC[C@@H]4Cc5ccccc5CN4)[nH]n3)cc2)c1NCC1CNC1,7.579577,O=C(Nc1ccc(-c2cc(NC[C@@H]3Cc4ccccc4CN3)[nH]n2)cc1)c1cccc(O)c1NCC1CNC1,7.497314
C[C@@H](c1ccccc1)N(Cc1ccc(N)c(N)c1)C[C@@H]1Cc2ccccc2CN1,5.339173,C[C@@H](c1ccccc1)N(C[C@@H]1Cc2ccccc2CN1)C(=O)c1ccc(N)c(N)c1,5.782822
O=C(O)c1ccc(Cn2cc(CCNCC3CNC3)c3ccccc32)cc1,5.334455,O=C(O)c1ccc(Cn2cc(CCNC(=O)C3CNC3)c3ccccc32)cc1,6.593148
C[C@@H](N)c1nc2cc(CNc3cccc4cc[nH]c34)ccc2o1,4.36533,C[C@@H](N)c1nc2cc(C(=O)Nc3cccc4cc[nH]c34)ccc2o1,4.766238
O=Cc1cccc(Nc2ccc(C(=O)O)cc2NC[C@@H]2Cc3ccccc3CN2)c1,5.177309,O=Cc1cccc(Nc2ccc(C(=O)O)cc2NC(=O)[C@@H]2Cc3ccccc3CN2)c1,5.483716
C[C@@H](c1ccccc1)N(Cc1ccc(N)c(N)c1)Cc1cccc(NC23CC(C2)C3)n1,5.290107,C[C@@H](c1ccccc1)N(Cc1cccc(NC23CC(C2)C3)n1)C(=O)c1ccc(N)c(N)c1,5.625166
O=Cc1ccc(CNC23CC(C2)C3)cc1,4.678136,O=Cc1ccc(C(=O)NC23CC(C2)C3)cc1,4.742253
O=C(O)c1ccccc1NCc1ccc(-c2nnn(CC3CC3)n2)nc1,6.592032,O=C(Nc1ccccc1C(=O)O)c1ccc(-c2nnn(CC3CC3)n2)nc1,6.608092
COc1ccc(NC(=O)c2ccc(CO[C@H]3CN4CCC3CC4)cc2)c(NC(=O)C2CN(C[C@@H]3Cc4ccccc4CN3)C2)c1,7.376239,COc1ccc(NC(=O)c2ccc(CO[C@H]3CN4CCC3CC4)cc2)c(NC(=O)C2CN(C(=O)[C@@H]3Cc4ccccc4CN3)C2)c1,6.941404
Oc1ccc(CNCc2cn(CC3CC3)c3ccccc23)cc1NCc1ccc(-c2nnn(CC3CC3)n2)nc1,7.79846,O=C(NCc1cn(CC2CC2)c2ccccc12)c1ccc(O)c(NCc2ccc(-c3nnn(CC4CC4)n3)nc2)c1,8.091558
OB(O)c1ccc(-c2nnnn2Cc2ccc(CNc3cccc4cc[nH]c34)cc2)s1,4.448795,O=C(Nc1cccc2cc[nH]c12)c1ccc(Cn2nnnc2-c2ccc(B(O)O)s2)cc1,4.493027
Nc1ccc(CN2CC(C(=O)O)C2)cc1O,3.188065,Nc1ccc(C(=O)N2CC(C(=O)O)C2)cc1O,3.869184
O=Cc1ccc(CN2CCC[C@H]2C(=O)Nc2n[nH]cc2NCc2cnnn2CC2CC2)cc1,5.980102,O=Cc1ccc(C(=O)N(Cc2cnnn2CC2CC2)c2c[nH]nc2NC(=O)[C@@H]2CCCN2)cc1,6.002869
O=C(Nc1nc(F)nc2[nH]cnc12)c1ccc(Cn2cc(CNCc3ccc(-c4nnn(CC5CC5)n4)nc3)c3ccccc32)cc1,7.597178,O=C(NCc1cn(Cc2ccc(C(=O)Nc3nc(F)nc4[nH]cnc34)cc2)c2ccccc12)c1ccc(-c2nnn(CC3CC3)n2)nc1,7.779609
O=C(O)[C@@H]1Cc2ccccc2CN1C[C@H]1CCCNC1,4.389497,O=C(O)[C@@H]1Cc2ccccc2CN1C(=O)[C@H]1CCCNC1,5.442272
c1ccc2c(NCc3ccc4nc(-c5ccc6nc(-c7ccc(COC[C@@H]8CCCN8)cc7)oc6c5)[nH]c4c3)ccnc2c1,6.69262,O=C(Nc1ccnc2ccccc12)c1ccc2nc(-c3ccc4nc(-c5ccc(COC[C@@H]6CCCN6)cc5)oc4c3)[nH]c2c1,6.787656
Brc1c[nH]nc1NC[C@H]1CCCNC1,3.14985,O=C(Nc1n[nH]cc1Br)[C@H]1CCCNC1,4.536366
O=C(C1CN(c2ccc(NCc3ccc(-c4nnn(CC5CC5)n4)nc3)cc2)C1)N1CCNCC1,7.514303,O=C(Nc1ccc(N2CC(C(=O)N3CCNCC3)C2)cc1)c1ccc(-c2nnn(CC3CC3)n2)nc1,6.364656
OB(O)c1ccc(NCc2ccc3nc(-c4ccc5oc(C6CNC6)nc5c4)oc3c2)cc1,6.427515,O=C(Nc1ccc(B(O)O)cc1)c1ccc2nc(-c3ccc4oc(C5CNC5)nc4c3)oc2c1,6.567216
OB(O)c1cccc(NCC2CN(c3ccc4ccccc4n3)C2)c1,4.382859,O=C(Nc1cccc(B(O)O)c1)C1CN(c2ccc3ccccc3n2)C1,4.952621
ClCc1ccc(CN2CC(CNc3cccc4cc[nH]c34)C2)cc1,4.905087,O=C(c1ccc(CCl)cc1)N(CC1CNC1)c1cccc2cc[nH]c12,4.888186
O=C(Nc1ccccc1CN1CCC[C@@H]1C(=O)O)C1CNC1,5.477982,O=C(Nc1ccccc1C(=O)N1CCC[C@@H]1C(=O)O)C1CNC1,5.428011
CC1(C)OB(c2ccc(NCc3ccc4nc(C5CNC5)oc4c3)nc2)OC1(C)C,5.836088,CC1(C)OB(c2ccc(NC(=O)c3ccc4nc(C5CNC5)oc4c3)nc2)OC1(C)C,6.033948
Nc1ccc(C(=O)N2CC(C(=O)O)C2)cc1NCC1CNC1,5.752808,Nc1cc(C(=O)N2CC(C(=O)O)C2)ccc1NC(=O)C1CNC1,6.163871
O=C(Nc1ccccn1)N1CCC[C@H]1CNc1ccc(-c2cccc(-c3nnn(CC4CC4)n3)c2)cc1,7.803496,O=C(Nc1ccc(-c2cccc(-c3nnn(CC4CC4)n3)c2)cc1)[C@@H]1CCCN1C(=O)Nc1ccccn1,7.346586
OB(O)c1ccc(NCC2CN(c3cccc(-c4nc5cc(Br)ccc5o4)c3)C2)cc1,5.249615,O=C(Nc1ccc(B(O)O)cc1)C1CN(c2cccc(-c3nc4cc(Br)ccc4o3)c2)C1,5.670699
Brc1ccc(NCC2(NCc3cncc(-c4ccc(NC[C@@H]5Cc6ccccc6CN5)cc4)c3)CCC2)cc1,7.055811,O=C(Nc1ccc(-c2cncc(CNC3(CNc4ccc(Br)cc4)CCC3)c2)cc1)[C@@H]1Cc2ccccc2CN1,7.23884
O=C(Nc1cccc(-c2ccc3oc(C4CCN4)nc3c2)c1)[C@@H](NCC1CNC1)c1ccccc1,7.295042,O=C(N[C@H](C(=O)Nc1cccc(-c2ccc3oc(C4CCN4)nc3c2)c1)c1ccccc1)C1CNC1,6.05477
c1ccc2c(c1)CN[C@H](CN(c1cc(NCc3ccc(-c4nnnn4CC4CC4)nc3)[nH]n1)C13CC(C1)C3)C2,7.503467,O=C([C@@H]1Cc2ccccc2CN1)N(Cc1ccc(-c2nnnn2CC2CC2)nc1)c1cc(NC23CC(C2)C3)n[nH]1,7.642173
Nc1cc(CNc2ccccc2-c2ccc3[nH]cc(CN4CCC[C@H]4C(=O)NC4CC4)c3c2)ccc1O,6.23584,Nc1cc(C(=O)Nc2ccccc2-c2ccc3[nH]cc(CN4CCC[C@H]4C(=O)NC4CC4)c3c2)ccc1O,6.146468
Nc1cc(CNc2cc(C(=O)Nc3cccc4cc[nH]c34)ccc2N)ccc1O,5.390107,Nc1cc(C(=O)Nc2cc(C(=O)Nc3cccc4cc[nH]c34)ccc2N)ccc1O,5.5943
FC(F)(F)c1ccc(CN(Cc2ccc3nc([C@@H]4CCCN4)oc3c2)c2ncccc2CNc2ccccn2)cc1,6.255603,O=C(c1ccc2nc([C@@H]3CCCN3)oc2c1)N(Cc1ccc(C(F)(F)F)cc1)c1ncccc1CNc1ccccn1,6.546149
c1cc(Nc2cc(-c3nnn(Cc4ccc(CNC56CC(C5)C6)cc4)n3)ccn2)c2[nH]ccc2c1,7.00435,O=C(NC12CC(C1)C2)c1ccc(Cn2nnc(-c3ccnc(Nc4cccc5cc[nH]c45)c3)n2)cc1,6.903113
O=C(NCCc1ccccc1)c1cccc(-c2ccc3oc(C4CN(C[C@@H]5Cc6ccccc6CN5)C4)nc3c2)c1,7.676705,O=C(NCCc1ccccc1)c1cccc(-c2ccc3oc(C4CN(C(=O)[C@@H]5Cc6ccccc6CN5)C4)nc3c2)c1,7.583946
O=C(c1ccc2oc(-c3ccc(CO[C@H]4CN5CCC4CC5)cc3)nc2c1)N1CCN(CC2CCN2)CC1,7.6796,O=C(c1ccc2oc(-c3ccc(CO[C@H]4CN5CCC4CC5)cc3)nc2c1)N1CCN(C(=O)C2CCN2)CC1,7.018434
Cc1cc(-c2cccnc2)cnc1NCc1ccccc1N,5.482946,Cc1cc(-c2cccnc2)cnc1NC(=O)c1ccccc1N,5.331821
O=C(O)[C@H](NCc1cccc(-c2nc3cc(-c4nnn(CC5CC5)n4)ccc3o2)c1)c1ccccc1,6.927481,O=C(N[C@@H](C(=O)O)c1ccccc1)c1cccc(-c2nc3cc(-c4nnn(CC5CC5)n4)ccc3o2)c1,7.123538
N#Cc1ccc(-c2ccc3oc(-c4ccc(O)c(NCC5CNC5)c4)nc3c2)s1,6.608683,N#Cc1ccc(-c2ccc3oc(-c4ccc(O)c(NC(=O)C5CNC5)c4)nc3c2)s1,6.507959
OB(O)c1ccc(NCc2ccc(CCl)cc2)cc1,3.43211,O=C(Nc1ccc(B(O)O)cc1)c1ccc(CCl)cc1,3.777066
Nc1c(NCc2ccccc2)cccc1NCc1ccc(CO[C@H]2CN3CCC2CC3)cc1,7.293251,Nc1c(NCc2ccccc2)cccc1NC(=O)c1ccc(CO[C@H]2CN3CCC2CC3)cc1,7.466001
C[C@@H](NC(=O)c1cccc(O)c1NC(=O)C1CCN1Cc1ccc(-c2nnn(CC3CC3)n2)nc1)c1ccccc1,7.230471,C[C@@H](NC(=O)c1cccc(O)c1NC(=O)C1CCN1C(=O)c1ccc(-c2nnn(CC3CC3)n2)nc1)c1ccccc1,6.891843
O=C(Nc1ccc(Br)cc1NCc1ccc(CO[C@H]2CN3CCC2CC3)cc1)Nc1cccc2ccccc12,7.258453,O=C(Nc1ccc(Br)cc1NC(=O)c1ccc(CO[C@H]2CN3CCC2CC3)cc1)Nc1cccc2ccccc12,7.257582
ClCc1ccc(CNc2ccc(-c3ccc(NCc4ccc(COCC5CNC5)cc4)cc3)cc2)cc1,7.064535,O=C(Nc1ccc(-c2ccc(NCc3ccc(CCl)cc3)cc2)cc1)c1ccc(COCC2CNC2)cc1,7.268705
Nc1ccc(C(=O)Nc2cccc3cc[nH]c23)cc1NC(=O)C1(NC[C@@H](N)c2ccccc2)CCC1,6.415802,N[C@H](C(=O)Nc1ccc(C(=O)Nc2cccc3cc[nH]c23)cc1NC(=O)C1(N)CCC1)c1ccccc1,5.563972
N#Cc1ccc(Cn2cc(CNCc3ccc(-c4nnn(CC5CC5)n4)nc3)c3ccccc32)c(F)c1,6.785591,N#Cc1ccc(Cn2cc(CNC(=O)c3ccc(-c4nnn(CC5CC5)n4)nc3)c3ccccc32)c(F)c1,7.035291
O=C(Nc1cc(-c2cccnc2)n[nH]1)c1ccc2nc([C@@H]3CCCN3C[C@@H]3Cc4ccccc4CN3)oc2c1,7.898979,O=C(Nc1cc(-c2cccnc2)n[nH]1)c1ccc2nc([C@@H]3CCCN3C(=O)[C@@H]3Cc4ccccc4CN3)oc2c1,7.778933
O=C(O)[C@H]1CCCN(Cc2ccc(CCl)cc2)C1,3.470289,O=C(O)[C@H]1CCCN(C(=O)c2ccc(CCl)cc2)C1,3.875193
O=C(NC12CC(C1)C2)c1cccc(N[C@H](CNc2ccnc3ccccc23)c2ccccc2)n1,6.518537,O=C(NC12CC(C1)C2)c1cccc(N[C@H](C(=O)Nc2ccnc3ccccc23)c2ccccc2)n1,6.778044
C[C@H](Nc1ccc(NCc2ccc3nc([C@@H]4CCCN4CC4CCN4)oc3c2)cc1)c1ccccc1,7.505689,C[C@@H](c1ccccc1)N(C(=O)C1CCN1)c1ccc(NCc2ccc3nc([C@@H]4CCCN4)oc3c2)cc1,7.5876
O=Cc1cccc(-c2ccc(NCC3CNC3)cc2)c1,6.159442,O=Cc1cccc(-c2ccc(NC(=O)C3CNC3)cc2)c1,6.994685
O=C(O)C1(NCC2CCN2)CCC1,3.479323,O=C(NC1(C(=O)O)CCC1)C1CCN1,5.485106
ClCc1ccc(CNc2ccc(-c3cccnc3)cc2)cc1,5.462546,O=C(Nc1ccc(-c2cccnc2)cc1)c1ccc(CCl)cc1,5.960794
N#Cc1ccc(Cn2nnc(-c3cccc(Cn4cc(CNC[C@@H]5Cc6ccccc6CN5)c5ccccc54)c3)n2)cc1,7.071237,N#Cc1ccc(Cn2nnc(-c3cccc(Cn4cc(CNC(=O)[C@@H]5Cc6ccccc6CN5)c5ccccc54)c3)n2)cc1,7.21209
c1cc(NCC2CCNCC2)c2[nH]ccc2c1,3.321593,O=C(Nc1cccc2cc[nH]c12)C1CCNCC1,5.442521
Nc1ccc(CNc2ccccc2C(=O)Nc2ccccn2)cc1O,4.761419,Nc1ccc(C(=O)Nc2ccccc2C(=O)Nc2ccccn2)cc1O,5.23593
c1cc(NCC2CNC2)cc(-c2cc(NCc3ccc4[nH]c(C5CNC5)nc4c3)[nH]n2)c1,8.165529,O=C(Nc1cc(-c2cccc(NCC3CNC3)c2)n[nH]1)c1ccc2[nH]c(C3CNC3)nc2c1,7.671238
N[C@@H](CN1CC(c2nc3cc(CNc4cccc5ccn(CC6CC6)c45)ccc3o2)C1)c1ccccc1,6.638793,N[C@@H](C(=O)N(Cc1ccc2oc(C3CNC3)nc2c1)c1cccc2ccn(CC3CC3)c12)c1ccccc1,7.783405
Nc1ccc(CN[C@@H](c2ccccc2)c2nc3ccc(C(=O)NC4CC4)cc3o2)cc1N,6.204394,Nc1ccc(C(=O)N[C@@H](c2ccccc2)c2nc3ccc(C(=O)NC4CC4)cc3o2)cc1N,6.274276
N#Cc1ccc(CNc2cc(-c3cc(C(=O)O)ccc3F)ccc2N)cn1,5.027102,N#Cc1ccc(C(=O)Nc2cc(-c3cc(C(=O)O)ccc3F)ccc2N)cn1,5.085694
Nc1ccc(-c2cc(CNC3(c4nc5ccc(CNC67CC(C6)C7)cc5[nH]4)CCC3)ccn2)cc1,7.15849,Nc1ccc(-c2cc(CNC3(c4nc5ccc(C(=O)NC67CC(C6)C7)cc5[nH]4)CCC3)ccn2)cc1,7.079305
Nc1ccc(CNc2ccc(-c3ccc4[nH]c(C5CCNCC5)nc4c3)cc2)cc1O,6.626614,Nc1ccc(C(=O)Nc2ccc(-c3ccc4[nH]c(C5CCNCC5)nc4c3)cc2)cc1O,6.680922
O=C(Nc1cc(-c2cccc(-c3nnn(Cc4ccc(CNc5ccnc6ccccc56)cc4)n3)c2)n[nH]1)C1CNC1,8.110637,O=C(Nc1ccnc2ccccc12)c1ccc(Cn2nnc(-c3cccc(-c4cc(NC(=O)C5CNC5)[nH]n4)c3)n2)cc1,8.090679
N[C@@H](CNc1ccc(B(O)O)cc1)Cc1c[nH]c2ccccc12,2.923329,N[C@H](Cc1c[nH]c2ccccc12)C(=O)Nc1ccc(B(O)O)cc1,3.488009
COc1ccc(CNCc2ccc3oc(C4CNC4)nc3c2)cc1,7.090437,COc1ccc(CNC(=O)c2ccc3oc(C4CNC4)nc3c2)cc1,7.269136
Nc1ccc(-c2nnn(Cc3ccccc3CNCCc3cn(CC4CC4)c4ccccc34)n2)cc1N,6.599504,Nc1ccc(-c2nnn(Cc3ccccc3C(=O)NCCc3cn(CC4CC4)c4ccccc34)n2)cc1N,6.904933
C[C@H](NC[C@@H]1Cc2ccccc2CN1)C(=O)O,4.420829,C[C@H](NC(=O)[C@@H]1Cc2ccccc2CN1)C(=O)O,4.640656
O=C(O)c1ccc2oc(-c3ccc(C(=O)Nc4cc(C5=NCCc6ccccc65)ccc4NCC4CNC4)cc3)nc2c1,6.336943,O=C(O)c1ccc2oc(-c3ccc(C(=O)Nc4cc(C5=NCCc6ccccc65)ccc4NC(=O)C4CNC4)cc3)nc2c1,4.288525
O=C(O)[C@H]1CCCN1C[C@@H]1Cc2ccccc2CN1,4.744679,O=C(O)[C@@H]1Cc2ccccc2CN1C(=O)[C@H]1CCCN1,4.658956
O=C(Nc1ccc(Nc2ccccn2)cc1)C1CCN(Cc2ccc(-c3nnn(CC4CC4)n3)nc2)CC1,7.743516,O=C(Nc1ccc(N(C(=O)c2ccc(-c3nnn(CC4CC4)n3)nc2)c2ccccn2)cc1)C1CCNCC1,7.309261
O=C(Nc1ccc(-c2cccc(NCc3ccc4oc([C@@H]5CCCN5)nc4c3)c2)cc1)NC1CC1,8.135696,O=C(Nc1ccc(-c2cccc(NC(=O)c3ccc4oc([C@@H]5CCCN5)nc4c3)c2)cc1)NC1CC1,7.106122
c1ccc2c(c1)CN[C@H](CN1CC(c3nc4cc(-c5nnn(CC6CC6)n5)ccc4o3)C1)C2,7.947577,O=C([C@@H]1Cc2ccccc2CN1)N1CC(c2nc3cc(-c4nnn(CC5CC5)n4)ccc3o2)C1,7.703002
Nc1ccc(CN2CCC(C(=O)NC3CC3)CC2)cc1N,4.813728,Nc1ccc(C(=O)N2CCC(C(=O)NC3CC3)CC2)cc1N,5.432416
COc1ccccc1CNCc1ccc(CCl)cc1,4.585567,COc1ccccc1CNC(=O)c1ccc(CCl)cc1,4.68395
O=C(O)C1CCN(Cc2cccc(-c3cn(CC4CC4)cn3)c2)CC1,6.000608,O=C(O)C1CCN(C(=O)c2cccc(-c3cn(CC4CC4)cn3)c2)CC1,6.152196
O=Cc1cccc(CNc2ccnc3ccccc23)c1,4.345864,O=Cc1cccc(C(=O)Nc2ccnc3ccccc23)c1,4.771867
Nc1ccccc1CNc1ccncc1C=O,3.332812,Nc1ccccc1C(=O)Nc1ccncc1C=O,3.320024
Nc1ccc(-c2ccc(NCc3ccc(-c4nnn(CC5CC5)n4)nc3)c(NC(=O)C3CNC3)c2)cc1,7.239447,Nc1ccc(-c2ccc(NC(=O)c3ccc(-c4nnn(CC5CC5)n4)nc3)c(NC(=O)C3CNC3)c2)cc1,3.38181
Nc1ccc(CNC2(CN3CCC[C@@H]3C(=O)O)CCC2)cc1N,3.603981,Nc1ccc(CN(C(=O)[C@H]2CCCN2)C2(C(=O)O)CCC2)cc1N,3.918371
N#Cc1ccc(CNc2ccccc2CNc2ccc(Br)cc2)cn1,4.924574,N#Cc1ccc(C(=O)Nc2ccccc2CNc2ccc(Br)cc2)cn1,5.362157
N#Cc1ccc(CNc2cc(C(=O)Nc3cccc(-c4cncc(C(F)(F)F)c4)c3)ccc2O)cn1,6.54726,N#Cc1ccc(C(=O)Nc2cc(C(=O)Nc3cccc(-c4cncc(C(F)(F)F)c4)c3)ccc2O)cn1,6.534679
O=Cc1cccc(CNc2ccncc2C=O)c1,3.369184,O=Cc1cccc(C(=O)Nc2ccncc2C=O)c1,3.769963
COc1ccccc1CNCc1cccc(CNc2ccc(-c3nnn(CC4CC4)n3)cc2NC[C@@H]2Cc3ccccc3CN2)c1,7.568792,COc1ccccc1CNCc1cccc(CNc2ccc(-c3nnn(CC4CC4)n3)cc2NC(=O)[C@@H]2Cc3ccccc3CN2)c1,7.466755
Nc1cc(C(=O)Nc2ccc(-c3ccc(N)c(NCC4CCN4)c3)cc2)ccc1O,6.746416,Nc1cc(C(=O)Nc2ccc(-c3ccc(N)c(NC(=O)C4CCN4)c3)cc2)ccc1O,6.46489
O=C(O)[C@H]1CCCN1Cc1ccc(CCl)cc1,3.256172,O=C(O)[C@H]1CCCN1C(=O)c1ccc(CCl)cc1,3.398558
Oc1ccc(-c2nnn(CC3CC3)n2)cc1N(C[C@@H]1Cc2ccccc2CN1)C[C@@H]1Cc2ccccc2CN1,7.495727,O=C([C@@H]1Cc2ccccc2CN1)N(C[C@@H]1Cc2ccccc2CN1)c1cc(-c2nnn(CC3CC3)n2)ccc1O,7.489242
N[C@@H](CNc1ccc(-c2ncccc2NCc2ccc(CO[C@H]3CN4CCC3CC4)cc2)cc1)c1ccccc1,7.447511,N[C@@H](C(=O)Nc1ccc(-c2ncccc2NCc2ccc(CO[C@H]3CN4CCC3CC4)cc2)cc1)c1ccccc1,7.802145
O=C(NCc1ccccc1)c1ccc2nc(C3CN(Cc4ccc(-c5nnn(CC6CC6)n5)nc4)C3)oc2c1,8.079286,O=C(NCc1ccccc1)c1ccc2nc(C3CN(C(=O)c4ccc(-c5nnn(CC6CC6)n5)nc4)C3)oc2c1,7.56318
Oc1cc(CNc2cccc3cc[nH]c23)ccc1NCC1CNC1,6.299539,O=C(Nc1ccc(CNc2cccc3cc[nH]c23)cc1O)C1CNC1,7.014848
O=C(Nc1ccc(-c2ccc(NC[C@@H]3Cc4ccccc4CN3)cc2)cc1)c1ccc2nc([C@@H]3Cc4ccccc4CN3)[nH]c2c1,7.794589,O=C(Nc1ccc(-c2ccc(NC(=O)[C@@H]3Cc4ccccc4CN3)cc2)cc1)c1ccc2nc([C@@H]3Cc4ccccc4CN3)[nH]c2c1,7.538425
O=C([C@@H]1Cc2ccccc2CN1)N1CCC[C@@H]1c1nc2ccc(-c3nc4cc(CNc5ccccn5)ccc4[nH]3)cc2o1,7.642654,O=C(Nc1ccccn1)c1ccc2[nH]c(-c3ccc4nc([C@H]5CCCN5C(=O)[C@@H]5Cc6ccccc6CN5)oc4c3)nc2c1,7.424356
c1ccc2c(c1)CN[C@H](CNc1cc(-c3ccc(NCc4cccc5oc([C@@H]6CCCNC6)nc45)cc3)n[nH]1)C2,7.904232,O=C(Nc1cc(-c2ccc(NCc3cccc4oc([C@@H]5CCCNC5)nc34)cc2)n[nH]1)[C@@H]1Cc2ccccc2CN1,7.868973
O=C1CN(Cc2cccc(N3CC(CNc4cccc(B(O)O)c4)C3)n2)C1,4.017132,O=C1CN(Cc2cccc(N3CC(C(=O)Nc4cccc(B(O)O)c4)C3)n2)C1,4.594983
O=C(NC12CC(C1)C2)c1ccc2nc(C3CCN(C[C@@H]4Cc5ccccc5CN4)CC3)n(CC3CC3)c2c1,6.680501,O=C(NC12CC(C1)C2)c1ccc2nc(C3CCN(C(=O)[C@@H]4Cc5ccccc5CN4)CC3)n(CC3CC3)c2c1,5.648704
O=C(Nc1ccccc1CN[C@@H](CNCc1cn(CC2CC2)nn1)Cc1c[nH]c2ccccc12)NC1CC1,6.963526,O=C(Nc1ccccc1C(=O)N[C@@H](CNCc1cn(CC2CC2)nn1)Cc1c[nH]c2ccccc12)NC1CC1,7.066097
Nc1c(O)cccc1CNc1ccc(-c2cncc(-c3nnn(CC4CC4)n3)c2)cc1,7.064923,Nc1c(O)cccc1C(=O)Nc1ccc(-c2cncc(-c3nnn(CC4CC4)n3)c2)cc1,6.879225
Nc1ccc(CNc2cc(-c3cccc(C=O)c3)n[nH]2)cc1O,4.674295,Nc1ccc(C(=O)Nc2cc(-c3cccc(C=O)c3)n[nH]2)cc1O,5.150654
Nc1ccc(CN(Cc2ccc(N)c(O)c2)c2ccccn2)cc1N,3.453406,Nc1ccc(CN(C(=O)c2ccc(N)c(O)c2)c2ccccn2)cc1N,3.924623
C[C@@H](c1ccccc1)N(Cc1ccc(CCl)cc1)Cc1cccc(CNc2ccnc3ccccc23)c1,5.605283,C[C@@H](c1ccccc1)N(Cc1cccc(CNc2ccnc3ccccc23)c1)C(=O)c1ccc(CCl)cc1,5.918065
O=C(NCCc1cn(CC2CC2)c2ccccc12)c1ccc(NCc2ccc3nc(C4CNC4)oc3c2)c(O)c1,7.815086,O=C(NCCc1cn(CC2CC2)c2ccccc12)c1ccc(NC(=O)c2ccc3nc(C4CNC4)oc3c2)c(O)c1,7.788546
c1ccc2c(c1)CN[C@H](CNc1ccc(-c3cc(Nc4ccc(NCC5CCN5)cc4)[nH]n3)cc1)C2,7.988227,O=C(Nc1ccc(-c2cc(Nc3ccc(NCC4CCN4)cc3)[nH]n2)cc1)[C@@H]1Cc2ccccc2CN1,7.883598
O=C(Nc1ccnc2ccccc12)c1ccc2nc([C@@H]3CCCN3C(=O)C3CN(C[C@@H]4Cc5ccccc5CN4)C3)oc2c1,7.677715,O=C(Nc1ccnc2ccccc12)c1ccc2nc([C@@H]3CCCN3C(=O)C3CN(C(=O)[C@@H]4Cc5ccccc5CN4)C3)oc2c1,7.545659
COc1ccccc1CNC(=O)Nc1ccc(C#N)cc1NCc1ccc(N)c(O)c1,4.977257,COc1ccccc1CNC(=O)Nc1ccc(C#N)cc1NC(=O)c1ccc(N)c(O)c1,5.277485
N#Cc1ccc(CNc2ccc(-c3cccc(NC[C@H](N)c4ccccc4)c3)cc2)cn1,6.109639,N#Cc1ccc(C(=O)N[C@@H](CNc2cccc(-c3ccc(N)cc3)c2)c2ccccc2)cn1,5.796218
Cc1cc(-c2ccc(Nc3ccc(-c4nnn(CC5CC5)n4)cn3)cc2)cnc1NC[C@@H]1Cc2ccccc2CN1,7.864799,Cc1cc(-c2ccc(Nc3ccc(-c4nnn(CC5CC5)n4)cn3)cc2)cnc1NC(=O)[C@@H]1Cc2ccccc2CN1,7.619594
NCc1nc2ccc(CNC34CC(C3)C4)cc2o1,5.23789,NCc1nc2ccc(C(=O)NC34CC(C3)C4)cc2o1,5.46331
N[C@H](CNc1ncccc1NCc1cccc(C(=O)NC2CC2)c1)c1ccccc1,6.025373,N[C@H](C(=O)Nc1ncccc1NCc1cccc(C(=O)NC2CC2)c1)c1ccccc1,6.865793
OB(O)c1ccc(NCc2cccc(O)c2NC[C@@H]2Cc3ccccc3CN2)cc1,4.975439,O=C(Nc1c(O)cccc1CNc1ccc(B(O)O)cc1)[C@@H]1Cc2ccccc2CN1,5.048594
Nc1cc(CN2CCC(C(=O)O)CC2)ccc1O,3.656988,Nc1cc(C(=O)N2CCC(C(=O)O)CC2)ccc1O,3.8548
Nc1ccccc1CNc1ccccc1CNCc1ccccc1,5.053085,Nc1ccccc1C(=O)Nc1ccccc1CNCc1ccccc1,5.286449
Nc1ccc(N(C[C@@H]2Cc3ccccc3CN2)[C@@H](C(=O)O)c2ccccc2)cc1,4.979872,Nc1ccc(N(C(=O)[C@@H]2Cc3ccccc3CN2)[C@@H](C(=O)O)c2ccccc2)cc1,5.09187
O=C(O)c1ccc(NCc2cccc(B(O)O)c2)c(O)c1,3.433581,O=C(O)c1ccc(NC(=O)c2cccc(B(O)O)c2)c(O)c1,3.286923
OB(O)c1ccc(NCc2cccc(F)n2)cc1,3.421554,O=C(Nc1ccc(B(O)O)cc1)c1cccc(F)n1,3.644608
CC1(C)OB(c2ccc(NCc3ccccc3CO[C@H]3CN4CCC3CC4)nc2)OC1(C)C,5.659584,CC1(C)OB(c2ccc(NC(=O)c3ccccc3CO[C@H]3CN4CCC3CC4)nc2)OC1(C)C,5.838913
Nc1cc(-c2cccc(-c3nnn(Cc4ccc(CNC56CC(C5)C6)cc4)n3)c2)ccc1O,6.856524,Nc1cc(-c2cccc(-c3nnn(Cc4ccc(C(=O)NC56CC(C5)C6)cc4)n3)c2)ccc1O,6.684699
Nc1ccc(-c2ccc(NCc3ccc(-c4nnn(CC5CC5)n4)nc3)c(NCC3CNC3)c2)cc1,7.565273,Nc1cc(-c2ccc(NC(=O)C3CNC3)cc2)ccc1NCc1ccc(-c2nnn(CC3CC3)n2)nc1,7.742243
O=C(O)c1ccc(CO[C@H]2CCCN(Cc3ccc(CNc4ccc(C(=O)NC5CC5)cc4O)cc3)C2)cc1,6.134872,O=C(O)c1ccc(CN2CCC[C@H](OCc3ccc(C(=O)Nc4ccc(C(=O)NC5CC5)cc4O)cc3)C2)cc1,6.188826
O=C([C@@H]1Cc2ccccc2CN1)N1CCC(CNc2ccccn2)CC1,6.8658,O=C(Nc1ccccn1)C1CCN(C(=O)[C@@H]2Cc3ccccc3CN2)CC1,7.150261
c1ccc2c(c1)c(CNc1ccc(-c3ccc(NCC4CCN4)cc3)cc1)cn2CC1CC1,8.210948,O=C(Nc1ccc(-c2ccc(NCc3cn(CC4CC4)c4ccccc34)cc2)cc1)C1CCN1,8.205428
Oc1cc(CN(C[C@@H]2Cc3ccccc3CN2)C23CC(C2)C3)ccc1NCc1ccc2nc([C@H]3CCCN3)oc2c1,7.306763,O=C([C@@H]1Cc2ccccc2CN1)N(Cc1ccc(NCc2ccc3nc([C@H]4CCCN4)oc3c2)c(O)c1)C12CC(C1)C2,7.208715
N#Cc1cccc(-c2ccc(NCC3CCN3)c(NCc3ccc(N)c(N)c3)c2)c1,5.697968,N#Cc1cccc(-c2ccc(NCC3CCN3)c(NC(=O)c3ccc(N)c(N)c3)c2)c1,5.821904
O=C(O)c1ccc2oc(-c3cccc(-c4ccc(NC[C@@H]5Cc6ccccc6CN5)cc4)c3)nc2c1,7.362372,O=C(O)c1ccc2oc(-c3cccc(-c4ccc(NC(=O)[C@@H]5Cc6ccccc6CN5)cc4)c3)nc2c1,7.40671
O=Cc1ccc(C(=O)N[C@@H](CNc2cccc(B(O)O)c2)Cc2c[nH]c3ccccc23)cc1,4.205014,O=Cc1ccc(C(=O)N[C@H](Cc2c[nH]c3ccccc23)C(=O)Nc2cccc(B(O)O)c2)cc1,4.46908
OCC1CN(C[C@H](NCc2ccc(-c3nnn(CC4CC4)n3)nc2)c2ccccc2)C1,6.280695,O=C(N[C@@H](CN1CC(CO)C1)c1ccccc1)c1ccc(-c2nnn(CC3CC3)n2)nc1,6.338007
C[C@H](NC(=O)CNCc1ccc2[nH]c(C3CNC3)nc2c1)c1ccccc1,5.277099,C[C@H](NC(=O)CNC(=O)c1ccc2[nH]c(C3CNC3)nc2c1)c1ccccc1,6.221995
O=C(Nc1cccc2ccn(Cc3ccc(-c4nnn(CC5CC5)n4)cc3)c12)C1(NCC2CCN2)CCC1,7.989429,O=C(NC1(C(=O)Nc2cccc3ccn(Cc4ccc(-c5nnn(CC6CC6)n5)cc4)c23)CCC1)C1CCN1,7.985429
C[C@@H](NCc1cccc(-c2ccc(NC(=O)C3CNC3)cc2)c1)c1ccccc1,7.621953,C[C@@H](NC(=O)c1cccc(-c2ccc(NC(=O)C3CNC3)cc2)c1)c1ccccc1,7.701247
O=C(Nc1cccc2ccn(CC3CC3)c12)[C@@H]1CCCN1C(=O)C1CCN(C[C@@H]2Cc3ccccc3CN2)CC1,7.790941,O=C(Nc1cccc2ccn(CC3CC3)c12)[C@@H]1CCCN1C(=O)C1CCN(C(=O)[C@@H]2Cc3ccccc3CN2)CC1,7.708186
ClCc1ccc(CN2CCC[C@H](CNCCc3c[nH]c4ccccc34)C2)cc1,4.521531,O=C(c1ccc(CCl)cc1)N(CCc1c[nH]c2ccccc12)C[C@H]1CCCNC1,4.823844
Nc1ccc(N2CC(C(=O)NC3CC3)C2)cc1NCC1CCNCC1,6.122248,Nc1cc(N2CC(C(=O)NC3CC3)C2)ccc1NC(=O)C1CCNCC1,6.420842
c1ccc(NCc2ccc3nc(C4CNC4)oc3c2)nc1,7.345446,O=C(Nc1ccccn1)c1ccc2nc(C3CNC3)oc2c1,7.511658
ClCc1ccccc1CN1CCNCC1,3.13517,O=C(c1ccccc1CCl)N1CCNCC1,3.568767
O=C(NC1CC1)c1cccc(-c2nc3ccc(CNc4ccc(Br)cc4)cc3o2)c1,7.483346,O=C(Nc1ccc(Br)cc1)c1ccc2nc(-c3cccc(C(=O)NC4CC4)c3)oc2c1,7.526541
NC1(CNCCc2ccccc2Br)CCC1,2.956995,NC1(C(=O)NCCc2ccccc2Br)CCC1,3.606963
O=C(Nc1cccc(-c2ccc(F)cc2)c1O)C1CCN(Cc2ccccc2CO[C@H]2CN3CCC2CC3)CC1,7.135616,O=C(Nc1cccc(-c2ccc(F)cc2)c1O)C1CCN(C(=O)c2ccccc2CO[C@H]2CN3CCC2CC3)CC1,7.252899
O=C(NCCc1ccccc1)c1ccc(Nc2ccc(-c3ccc(NC[C@@H]4Cc5ccccc5CN4)cc3)cc2)c(F)c1F,6.784526,O=C(NCCc1ccccc1)c1ccc(Nc2ccc(-c3ccc(NC(=O)[C@@H]4Cc5ccccc5CN4)cc3)cc2)c(F)c1F,7.007802
O=C(NCCc1c[nH]c2ccccc12)c1cccc(-c2ccc(NC(=O)C3(NCC4CNC4)CCC3)cc2)c1,7.612194,O=C(NCCc1c[nH]c2ccccc12)c1cccc(-c2ccc(NC(=O)C3(NC(=O)C4CNC4)CCC3)cc2)c1,7.593443
Nc1cc(CNCCc2ccncc2)ccc1O,4.003336,Nc1cc(C(=O)NCCc2ccncc2)ccc1O,4.355921
OB(O)c1ccc(NCc2ccccc2NCC2CNC2)cc1,4.581576,O=C(Nc1ccccc1CNc1ccc(B(O)O)cc1)C1CNC1,5.361934
O=C(Nc1ccnc2ccccc12)c1ccc(NCC2CN(C[C@@H]3Cc4ccccc4CN3)C2)c(NC[C@@H]2Cc3ccccc3CN2)c1,7.551031,O=C(Nc1ccnc2ccccc12)c1ccc(N(CC2CNC2)C(=O)[C@@H]2Cc3ccccc3CN2)c(NC[C@@H]2Cc3ccccc3CN2)c1,6.719563
c1cc2nc(-c3ccc4nc(-c5ccc6nc([C@H]7CCCN7)oc6c5)oc4c3)oc2cc1CNC12CC(C1)C2,7.999084,O=C(NC12CC(C1)C2)c1ccc2nc(-c3ccc4nc(-c5ccc6nc([C@H]7CCCN7)oc6c5)oc4c3)oc2c1,7.561285
Nc1ccc(CN2CCNCC2)cc1NCc1ccc(C=O)cc1,4.46481,Nc1cc(CN2CCNCC2)ccc1NC(=O)c1ccc(C=O)cc1,4.740005
O=C([C@H](Nc1ccc(O)c(NC[C@@H]2Cc3ccccc3CN2)c1)c1ccccc1)N1CC(c2nc3ccccc3o2)C1,7.239147,O=C(Nc1cc(N[C@@H](C(=O)N2CC(c3nc4ccccc4o3)C2)c2ccccc2)ccc1O)[C@@H]1Cc2ccccc2CN1,7.155241
Brc1ccc(NCc2ccc(Cn3nnc(-c4ccc5nc([C@@H]6CCCN6)[nH]c5c4)n3)cc2)cc1,6.987475,O=C(Nc1ccc(Br)cc1)c1ccc(Cn2nnc(-c3ccc4nc([C@@H]5CCCN5)[nH]c4c3)n2)cc1,6.987353
O=C(NCc1cn(Cc2ccc(CNc3ccnc4ccccc34)cc2)c2ccccc12)c1ccc2nc(C3CCNCC3)oc2c1,7.560366,O=C(NCc1cn(Cc2ccc(C(=O)Nc3ccnc4ccccc34)cc2)c2ccccc12)c1ccc2nc(C3CCNCC3)oc2c1,7.651002
Nc1cc(-c2cn(CC3CC3)nn2)ccc1NC[C@@H]1Cc2ccccc2CN1,7.780878,Nc1cc(-c2cn(CC3CC3)nn2)ccc1NC(=O)[C@@H]1Cc2ccccc2CN1,7.695599
N#Cc1ccc(CNc2ccc(-c3ccc(N)cc3)cc2)cn1,5.482292,N#Cc1ccc(C(=O)Nc2ccc(-c3ccc(N)cc3)cc2)cn1,5.879766
C[C@H](NC(=O)C1CCN1Cc1ccc(-c2nc3ccc(-c4nnn(CC5CC5)n4)cc3[nH]2)cc1)c1ccccc1,7.905336,C[C@H](NC(=O)C1CCN1C(=O)c1ccc(-c2nc3ccc(-c4nnn(CC5CC5)n4)cc3[nH]2)cc1)c1ccccc1,7.759949
O=C(O)[C@@H]1Cc2ccccc2CN1Cc1ccccc1-c1ccc(NCc2ccc3nc(C4CNC4)oc3c2)cc1,7.134895,O=C(Nc1ccc(-c2ccccc2CN2Cc3ccccc3C[C@H]2C(=O)O)cc1)c1ccc2nc(C3CNC3)oc2c1,7.117036
O=C(Nc1cccc(-c2ccc3nc(-c4cccc(F)n4)oc3c2)c1)[C@H]1CCCN1C[C@@H]1Cc2ccccc2CN1,7.695985,O=C(Nc1cccc(-c2ccc3nc(-c4cccc(F)n4)oc3c2)c1)[C@H]1CCCN1C(=O)[C@@H]1Cc2ccccc2CN1,7.612833
O=C1CN(C(=O)[C@@H](NC[C@@H]2Cc3ccccc3CN2)c2ccccc2)C1,5.733306,O=C1CN(C(=O)[C@@H](NC(=O)[C@@H]2Cc3ccccc3CN2)c2ccccc2)C1,5.899744
FC(F)(F)c1cncc(Nc2cccc(-c3ccccc3CCNCC3CCN3)c2)c1,6.079598,O=C(NCCc1ccccc1-c1cccc(Nc2cncc(C(F)(F)F)c2)c1)C1CCN1,6.558396
Fc1ncccc1CNc1ccccn1,3.913877,O=C(Nc1ccccn1)c1cccnc1F,4.296283
O=C(Nc1ccnc2ccccc12)c1ccccc1COCC1CN(Cc2ccc3oc(C4CNC4)nc3c2)C1,7.692678,O=C(Nc1ccnc2ccccc12)c1ccccc1COCC1CN(C(=O)c2ccc3oc(C4CNC4)nc3c2)C1,7.680487
Nc1ccccc1CN1CC(c2nc3ccc(CNC4(CNc5cccc6cc[nH]c56)CCC4)cc3o2)C1,6.133682,Nc1ccccc1CN1CC(c2nc3ccc(CNC4(C(=O)Nc5cccc6cc[nH]c56)CCC4)cc3o2)C1,6.880134
c1ccc2c(c1)CN[C@H](CN1CCC[C@@H]1c1nc3ccccc3o1)C2,6.835422,O=C([C@@H]1Cc2ccccc2CN1)N1CCC[C@@H]1c1nc2ccccc2o1,7.051396
Nc1ccccc1CNc1ccc(-c2ccc(NCC3CCN3)cc2)cc1,7.00262,Nc1ccc(-c2ccc(NCc3ccccc3NC(=O)C3CCN3)cc2)cc1,7.064961
O=C(Nc1ccnc2ccccc12)c1cccc(CNc2cccc(-c3ccc(O)c(NCC4CNC4)c3)c2)c1,7.701837,O=C(Nc1ccnc2ccccc12)c1cccc(CNc2cccc(-c3ccc(O)c(NC(=O)C4CNC4)c3)c2)c1,7.695312
Nc1cccc(-c2cc(NCc3ccc(CCl)cc3)[nH]n2)c1,4.78736,Nc1cc(-c2cccc(NC(=O)c3ccc(CCl)cc3)c2)n[nH]1,5.173651
C[C@@H](NCc1ccccc1N)c1ccccc1,3.906758,C[C@@H](NC(=O)c1ccccc1N)c1ccccc1,4.383982
Nc1ccc(N(Cc2ccc3nc([C@@H]4CCCN4)oc3c2)Cc2cn(CC3CC3)c3ccccc23)cc1,7.037459,Nc1ccc(N(Cc2cn(CC3CC3)c3ccccc23)C(=O)c2ccc3nc([C@@H]4CCCN4)oc3c2)cc1,7.092854
c1cncc(-c2ccc3nc(-c4ccc(CNC56CC(C5)C6)cc4)oc3c2)c1,7.68759,O=C(NC12CC(C1)C2)c1ccc(-c2nc3ccc(-c4cccnc4)cc3o2)cc1,7.6802
Nc1cccc(-c2nc(-c3ccc(NCc4ccc5nc([C@@H]6Cc7ccccc7CN6)oc5c4)nc3)cs2)c1,7.31189,Nc1ccc(-c2csc(-c3cccc(NC(=O)c4ccc5nc([C@@H]6Cc7ccccc7CN6)oc5c4)c3)n2)cn1,7.600477
O=C(O)c1ccc(Cn2cc(CCNCc3ccc4oc(C5CNC5)nc4c3)c3ccccc32)cc1,6.884191,O=C(O)c1ccc(Cn2cc(CCNC(=O)c3ccc4oc(C5CNC5)nc4c3)c3ccccc32)cc1,7.103735
N#Cc1ccc(N)c(NC[C@@H](NC(=O)C2CNC2)c2ccccc2)c1,5.563782,N#Cc1ccc(N)c(NC(=O)[C@@H](NC(=O)C2CNC2)c2ccccc2)c1,5.780645
O=C(Nc1nc(F)nc2[nH]cnc12)[C@@H]1CCCN1Cc1ccc(CCl)cc1,5.140969,O=C(Nc1nc(F)nc2[nH]cnc12)[C@@H]1CCCN1C(=O)c1ccc(CCl)cc1,5.405374
N[C@H](Cc1c[nH]c2ccccc12)c1nc2ccc(CNCCc3ccccc3)cc2[nH]1,5.520284,N[C@H](Cc1c[nH]c2ccccc12)c1nc2ccc(C(=O)NCCc3ccccc3)cc2[nH]1,5.692906
O=C(O)c1ccc(O)c(NCc2cccc(-c3nc4ccc(NC5(C(=O)O)CCC5)cc4o3)c2)c1,5.974284,O=C(O)c1ccc(O)c(NC(=O)c2cccc(-c3nc4ccc(NC5(C(=O)O)CCC5)cc4o3)c2)c1,5.977708
OB(O)c1cccc(NCc2ccc3oc(-c4cccc(Br)c4)nc3c2)c1,4.681222,O=C(Nc1cccc(B(O)O)c1)c1ccc2oc(-c3cccc(Br)c3)nc2c1,4.866901
Nc1cc(CNc2n[nH]cc2Br)ccc1NCc1ccc(CCl)cc1,4.64169,Nc1cc(CNc2n[nH]cc2Br)ccc1NC(=O)c1ccc(CCl)cc1,4.878006
c1cc(-c2ccc(NCC3CCN3)cc2)cc(-c2nnnn2CC2CC2)c1,7.882694,O=C(Nc1ccc(-c2cccc(-c3nnnn3CC3CC3)c2)cc1)C1CCN1,7.561018
O=C(O)c1cccc(O)c1NCC1CNC1,3.723325,O=C(O)c1cccc(O)c1NC(=O)C1CNC1,4.591677
COc1ccc(NCc2cccc(F)n2)c(N)c1,3.932917,COc1ccc(N)c(NC(=O)c2cccc(F)n2)c1,3.469692
O=C(Nc1ccccc1O)c1ccc(COCC2CN(Cc3ccc(-c4nnn(CC5CC5)n4)nc3)C2)cc1,7.401331,O=C(Nc1ccccc1O)c1ccc(COCC2CN(C(=O)c3ccc(-c4nnn(CC5CC5)n4)nc3)C2)cc1,7.262588
Cc1cc(Br)cnc1NCc1cccc(C=O)c1,3.533791,Cc1cc(Br)cnc1NC(=O)c1cccc(C=O)c1,3.711092
NCCN1CCN(Cc2ccc(O)c(N)c2)CC1,3.307558,NCCN1CCN(C(=O)c2ccc(O)c(N)c2)CC1,3.820532
c1ccc2c(c1)CCN=C2c1ccccc1NCc1ccc2nc(-c3ccc(-c4nnn(CC5CC5)n4)nc3)oc2c1,8.013885,O=C(Nc1ccccc1C1=NCCc2ccccc21)c1ccc2nc(-c3ccc(-c4nnn(CC5CC5)n4)nc3)oc2c1,7.459636
O=C(NCCc1c[nH]c2ccccc12)c1cccc2oc(C3CCN3Cc3ccc(CO[C@H]4CN5CCC4CC5)cc3)nc12,7.68302,O=C(NCCc1c[nH]c2ccccc12)c1cccc2oc(C3CCN3C(=O)c3ccc(CO[C@H]4CN5CCC4CC5)cc3)nc12,7.622833
NCCc1ccccc1-c1ccc(NCc2ccc(C=O)cc2)cc1,4.702391,NCCc1ccccc1-c1ccc(NC(=O)c2ccc(C=O)cc2)cc1,5.280888
O=C(Nc1cccc(-c2c[nH]cn2)c1)c1ccccc1NCc1ccc(CO[C@H]2CN3CCC2CC3)cc1,7.472013,O=C(Nc1ccccc1C(=O)Nc1cccc(-c2c[nH]cn2)c1)c1ccc(CO[C@H]2CN3CCC2CC3)cc1,7.542524
Oc1cc(Nc2ccnc3ccccc23)ccc1NCc1ccc(-c2nnn(CC3CC3)n2)nc1,7.205615,O=C(Nc1ccc(Nc2ccnc3ccccc23)cc1O)c1ccc(-c2nnn(CC3CC3)n2)nc1,7.156159
N#Cc1ccc(CNc2ccc(-c3cccc(CNCc4c[nH]c5ccccc45)c3)cc2)cn1,6.501118,N#Cc1ccc(CNc2ccc(-c3cccc(C(=O)NCc4c[nH]c5ccccc45)c3)cc2)cn1,6.808426
O=Cc1cccc(CN2CCNCC2)c1,3.200883,O=Cc1cccc(C(=O)N2CCNCC2)c1,4.117196
N#Cc1ccc(CNCCc2c[nH]c3ccccc23)cn1,4.672553,N#Cc1ccc(C(=O)NCCc2c[nH]c3ccccc23)cn1,5.050963
Nc1cc(CNc2n[nH]cc2-c2cccc(NCc3ccc(C(=O)NC4CC4)cc3)c2)ccc1O,6.828249,Nc1cc(C(=O)Nc2n[nH]cc2-c2cccc(NCc3ccc(C(=O)NC4CC4)cc3)c2)ccc1O,6.965614
O=C(Nc1cccc2cc[nH]c12)c1ccc2oc([C@@H]3CCCN3Cc3ccc(-c4nnn(CC5CC5)n4)nc3)nc2c1,7.827737,O=C(Nc1cccc2cc[nH]c12)c1ccc2oc([C@@H]3CCCN3C(=O)c3ccc(-c4nnn(CC5CC5)n4)nc3)nc2c1,7.395654
c1ccc2c(c1)CN[C@H](CN1CCC(CNc3ccc(NCc4cn(CC5CC5)c5ccccc45)cc3)CC1)C2,7.745917,O=C(Nc1ccc(NCc2cn(CC3CC3)c3ccccc23)cc1)C1CCN(C[C@@H]2Cc3ccccc3CN2)CC1,7.979582
C[C@H](NCc1ccc(Cn2nnnc2-c2cccc(C(=O)Cn3nnnc3-c3cccc(CBr)c3)c2)cc1)c1ccccc1,5.632392,C[C@H](NC(=O)c1ccc(Cn2nnnc2-c2cccc(C(=O)Cn3nnnc3-c3cccc(CBr)c3)c2)cc1)c1ccccc1,5.623691
COc1cccc(CN(Cc2ccc(NC[C@@H]3Cc4ccccc4CN3)c(O)c2)Cc2ccc3oc(C4CNC4)nc3c2)c1,7.259326,COc1cccc(CN(Cc2ccc(NC[C@@H]3Cc4ccccc4CN3)c(O)c2)C(=O)c2ccc3oc(C4CNC4)nc3c2)c1,7.136742
c1ccc2c(c1)c(CNCc1ccc3nc(C4CNC4)oc3c1)cn2CC1CC1,7.946005,O=C(NCc1cn(CC2CC2)c2ccccc12)c1ccc2nc(C3CNC3)oc2c1,8.271187
C[C@H](NC(=O)c1ccc(NCC2CCN2)c(O)c1)c1ccccc1,6.752382,C[C@H](NC(=O)c1ccc(NC(=O)C2CCN2)c(O)c1)c1ccccc1,6.62359
Brc1ccc2[nH]cc(-c3nc4ccc(-c5cccc(NCC6CCN6)c5)cc4o3)c2c1,7.11457,O=C(Nc1cccc(-c2ccc3nc(-c4c[nH]c5ccc(Br)cc45)oc3c2)c1)C1CCN1,7.294079
O=C(Nc1cc(-c2nnn(CC3CC3)n2)ccc1O)c1ccccc1NCc1ccc2[nH]c(C3CCN3)nc2c1,7.561793,O=C(Nc1ccccc1C(=O)Nc1cc(-c2nnn(CC3CC3)n2)ccc1O)c1ccc2[nH]c(C3CCN3)nc2c1,7.238135
O=C(NC1CC1)c1ccc2nc(-c3cccc(CN[C@@H](C(=O)O)c4ccccc4)c3)oc2c1,6.781803,O=C(NC1CC1)c1ccc2nc(-c3cccc(C(=O)N[C@@H](C(=O)O)c4ccccc4)c3)oc2c1,6.997061
c1ccc2c(c1)CCN=C2c1ccc(NCc2ccc(CNC34CC(C3)C4)cc2)c(NCC2CNC2)c1,7.667396,O=C(Nc1cc(C2=NCCc3ccccc32)ccc1NCc1ccc(CNC23CC(C2)C3)cc1)C1CNC1,7.068902
OB(O)c1cccc(CN[C@@H]2CCCC[C@H]2O)c1,3.04962,O=C(N[C@@H]1CCCC[C@H]1O)c1cccc(B(O)O)c1,3.068123
O=C(O)c1cccc(Nc2cccc(-c3ccc4nc(-c5ccc(CNC67CC(C6)C7)cc5)oc4c3)c2)n1,6.912672,O=C(NC12CC(C1)C2)c1ccc(-c2nc3ccc(-c4cccc(Nc5cccc(C(=O)O)n5)c4)cc3o2)cc1,6.915635
N#Cc1ccc(O)c(NC[C@@H](NCc2ccccc2N)c2ccccc2)c1,4.18441,N#Cc1ccc(O)c(NC[C@@H](NC(=O)c2ccccc2N)c2ccccc2)c1,4.09233
O=C(O)[C@H](Cc1c[nH]c2ccccc12)Nc1ccc(NCc2ccc(CO[C@H]3CN4CCC3CC4)cc2)cc1,6.852699,O=C(Nc1ccc(N[C@@H](Cc2c[nH]c3ccccc23)C(=O)O)cc1)c1ccc(CO[C@H]2CN3CCC2CC3)cc1,7.156459
OB(O)c1cccc(Nc2ccc(NCC3CCN3)cc2)c1,4.786452,O=C(Nc1ccc(Nc2cccc(B(O)O)c2)cc1)C1CCN1,5.067393
O=Cc1cccc(-c2ncccc2NCc2ccc(CCl)cc2)c1,4.480464,O=Cc1cccc(-c2ncccc2NC(=O)c2ccc(CCl)cc2)c1,4.804417
N#Cc1ccc(CN2Cc3ccccc3C[C@H]2CN2CCC2C(=O)O)cn1,4.976568,N#Cc1ccc(C(=O)N2Cc3ccccc3C[C@H]2CN2CCC2C(=O)O)cn1,4.862121
N[C@H](CNc1ccc(-c2cccc(NC(=O)c3ccc4nc([C@@H]5Cc6ccccc6CN5)oc4c3)c2)cc1)c1ccccc1,7.752036,N[C@H](C(=O)Nc1ccc(-c2cccc(NC(=O)c3ccc4nc([C@@H]5Cc6ccccc6CN5)oc4c3)c2)cc1)c1ccccc1,8.067611
c1ccc2c(CCNCc3ccc(-c4nnn(CC5CC5)n4)nc3)c[nH]c2c1,7.393774,O=C(NCCc1c[nH]c2ccccc12)c1ccc(-c2nnn(CC3CC3)n2)nc1,7.465337
Nc1ccc(CN(CC2CCN2)c2cccc(-c3ccc(NCc4nc5ccccc5[nH]4)cc3)c2)cc1O,6.290594,Nc1ccc(C(=O)N(CC2CCN2)c2cccc(-c3ccc(NCc4nc5ccccc5[nH]4)cc3)c2)cc1O,6.46114
CC(=O)c1cccc(-c2ccc(N)c(NCc3ccccc3NCc3ccc(N)c(N)c3)c2)c1,5.196389,CC(=O)c1cccc(-c2ccc(N)c(NCc3ccccc3NC(=O)c3ccc(N)c(N)c3)c2)c1,5.444596
Nc1ccc(CNc2n[nH]cc2Nc2cccc(-c3ccc(NC(=O)C4CNC4)cc3)c2)cc1N,6.698551,Nc1ccc(C(=O)Nc2n[nH]cc2Nc2cccc(-c3ccc(NC(=O)C4CNC4)cc3)c2)cc1N,6.929862
Brc1ccc2oc(-c3cnccc3NCc3ccc(-c4nnn(CC5CC5)n4)nc3)nc2c1,7.303208,O=C(Nc1ccncc1-c1nc2cc(Br)ccc2o1)c1ccc(-c2nnn(CC3CC3)n2)nc1,6.951461
c1ccc(-c2ccc(NCc3cccc4oc(C5CCN5)nc34)cc2)c(CCNCC2CCN2)c1,7.641741,O=C(NCCc1ccccc1-c1ccc(NCc2cccc3oc(C4CCN4)nc23)cc1)C1CCN1,7.853458
N#Cc1ccc(CNc2cccc(-c3cc(NCc4ccc(-c5nnn(CC6CC6)n5)nc4)[nH]n3)c2)cn1,7.776452,N#Cc1ccc(C(=O)Nc2cccc(-c3cc(NCc4ccc(-c5nnn(CC6CC6)n5)nc4)[nH]n3)c2)cn1,7.844408
COc1ccccc1CNC(=O)C1CCN(Cc2ccc3oc(C4CNC4)nc3c2)CC1,7.556688,COc1ccccc1CNC(=O)C1CCN(C(=O)c2ccc3oc(C4CNC4)nc3c2)CC1,7.291254
O=C(O)c1cccc(-c2nc3ccc(-c4cccc(NCC5CCN5)c4)cc3o2)c1,7.080382,O=C(O)c1cccc(-c2nc3ccc(-c4cccc(NC(=O)C5CCN5)c4)cc3o2)c1,7.257023
Nc1cc(C(F)(F)F)ccc1NCC1CNC1,4.908587,Nc1cc(C(F)(F)F)ccc1NC(=O)C1CNC1,5.809779
O=C(Nc1cccc2cc[nH]c12)N1CC(CNc2cccc(B(O)O)c2)C1,4.332533,O=C(Nc1cccc(B(O)O)c1)C1CN(C(=O)Nc2cccc3cc[nH]c23)C1,5.052763
c1ccc2c(CCNCc3ccc(Cn4cc(CNCC5CNC5)nn4)cc3)c[nH]c2c1,6.121478,O=C(NCc1cn(Cc2ccc(CNCCc3c[nH]c4ccccc34)cc2)nn1)C1CNC1,7.353824
Nc1ccccc1-c1nc2cc(CNc3ccc(NCCc4c[nH]c5ccccc45)cc3NC[C@@H]3Cc4ccccc4CN3)ccc2o1,6.932456,Nc1cc(NCCc2c[nH]c3ccccc23)ccc1NCc1ccc2oc(-c3ccccc3NC(=O)[C@@H]3Cc4ccccc4CN3)nc2c1,7.115622
O=C(Nc1ccc(-c2cnc(F)nc2)cc1)c1ccc(Cn2ccc3cccc(NC[C@@H]4Cc5ccccc5CN4)c32)cc1,7.476548,O=C(Nc1ccc(-c2cnc(F)nc2)cc1)c1ccc(Cn2ccc3cccc(NC(=O)[C@@H]4Cc5ccccc5CN4)c32)cc1,7.698671
c1c[nH]c(CNc2ccc(-c3nc4cc(CNC56CC(C5)C6)ccc4o3)cc2NCC2CCN2)n1,6.857129,O=C(Nc1cc(-c2nc3cc(CNC45CC(C4)C5)ccc3o2)ccc1NCc1ncc[nH]1)C1CCN1,6.519773
Brc1cccc(NCC2CNC2)c1NCc1ccc(CO[C@H]2CN3CCC2CC3)cc1,7.513594,O=C(Nc1c(Br)cccc1NCC1CNC1)c1ccc(CO[C@H]2CN3CCC2CC3)cc1,7.341031
Cc1cc(Br)cnc1NCc1ccc(Cn2nnc(-c3ccc(B(O)O)cc3F)n2)cc1,4.485154,Cc1cc(Br)cnc1NC(=O)c1ccc(Cn2nnc(-c3ccc(B(O)O)cc3F)n2)cc1,4.365768
O=C(NCCc1c[nH]c2ccccc12)C1CCN1C(=O)c1ccc(NCC2CNC2)c(NCC2CNC2)c1,7.134111,O=C(Nc1ccc(C(=O)N2CCC2C(=O)NCCc2c[nH]c3ccccc23)cc1NCC1CNC1)C1CNC1,6.630414
Nc1cc(CN2CCC(C(=O)O)CC2)ccc1NC(=O)C1CN(C(=O)NCc2cn(CC3CC3)nn2)C1,6.532857,Nc1cc(C(=O)N2CCC(C(=O)O)CC2)ccc1NC(=O)C1CN(C(=O)NCc2cn(CC3CC3)nn2)C1,6.475123
C[C@H](NC(=O)Nc1ccc(-c2cccc(NC(=O)C3CCN(C[C@@H]4Cc5ccccc5CN4)CC3)c2)cc1)c1ccccc1,7.7579,C[C@H](NC(=O)Nc1ccc(-c2cccc(NC(=O)C3CCN(C(=O)[C@@H]4Cc5ccccc5CN4)CC3)c2)cc1)c1ccccc1,7.648554
Cc1cc(Nc2ccccc2C(=O)O)cnc1NCc1ccc(CO[C@H]2CN3CCC2CC3)cc1,6.786591,Cc1cc(Nc2ccccc2C(=O)O)cnc1NC(=O)c1ccc(CO[C@H]2CN3CCC2CC3)cc1,6.914128
O=C(O)C1CCN(Cc2cc(-c3ccc(NCC4CNC4)cc3)ccc2F)CC1,5.952003,O=C(O)C1CCN(Cc2cc(-c3ccc(NC(=O)C4CNC4)cc3)ccc2F)CC1,6.393392
O=Cc1ccc(CNc2cccc(B(O)O)c2)cc1,3.326192,O=Cc1ccc(C(=O)Nc2cccc(B(O)O)c2)cc1,3.548952
C[C@@H](NC(=O)c1ccc2oc(C3CCN(C(=O)C4CN(C[C@@H]5Cc6ccccc6CN5)C4)CC3)nc2c1)c1ccccc1,7.5594,C[C@@H](NC(=O)c1ccc2oc(C3CCN(C(=O)C4CN(C(=O)[C@@H]5Cc6ccccc6CN5)C4)CC3)nc2c1)c1ccccc1,7.442115
Nc1ccc(CNCCc2ccccc2Br)cc1O,3.768446,Nc1ccc(C(=O)NCCc2ccccc2Br)cc1O,4.319006
O=C(NCCc1c[nH]c2ccccc12)C1CCN(Cc2cnccc2NCc2ccc(-c3nnn(CC4CC4)n3)nc2)CC1,7.737435,O=C(Nc1ccncc1CN1CCC(C(=O)NCCc2c[nH]c3ccccc23)CC1)c1ccc(-c2nnn(CC3CC3)n2)nc1,7.714416
ClCc1ccc(-c2nc3ccc(CNCc4c[nH]c5ccccc45)cc3o2)cc1,6.108856,O=C(NCc1c[nH]c2ccccc12)c1ccc2nc(-c3ccc(CCl)cc3)oc2c1,6.353004
C[C@H](NCc1ccc2nc([C@@H]3Cc4ccccc4CN3c3ccc4ccccc4n3)oc2c1)c1ccccc1,6.492032,C[C@H](NC(=O)c1ccc2nc([C@@H]3Cc4ccccc4CN3c3ccc4ccccc4n3)oc2c1)c1ccccc1,6.132132
Brc1cccc2nc(C3CCN3Cc3cccc(-c4ccc(NCC5CCN5)cc4)c3)oc12,7.334485,O=C(Nc1ccc(-c2cccc(CN3CCC3c3nc4cccc(Br)c4o3)c2)cc1)C1CCN1,7.217942
Nc1ccc(-c2ncccc2NCc2ccc(-c3nnn(CC4CC4)n3)nc2)cc1,7.154896,Nc1ccc(-c2ncccc2NC(=O)c2ccc(-c3nnn(CC4CC4)n3)nc2)cc1,7.227963
Nc1cc(CNc2ccccc2C(=O)O)ccc1NCc1ccc(-c2nnn(CC3CC3)n2)nc1,6.772961,Nc1cc(CNc2ccccc2C(=O)O)ccc1NC(=O)c1ccc(-c2nnn(CC3CC3)n2)nc1,6.734
Fc1ccc(-c2ccc3oc([C@H](NCc4ccc(-c5nnn(CC6CC6)n5)nc4)c4ccccc4)nc3c2)cc1,7.421191,O=C(N[C@H](c1ccccc1)c1nc2cc(-c3ccc(F)cc3)ccc2o1)c1ccc(-c2nnn(CC3CC3)n2)nc1,7.080587
Brc1ccc(NC[C@@H](NCc2ccc3[nH]c(C4CNC4)nc3c2)c2ccccc2)cc1,6.612292,O=C(N[C@H](CNc1ccc(Br)cc1)c1ccccc1)c1ccc2[nH]c(C3CNC3)nc2c1,6.926163
Nc1cc(CNc2ccc(Br)cc2N)ccc1O,3.649848,Nc1cc(C(=O)Nc2cc(Br)ccc2N)ccc1O,3.684614
O=C(O)c1ccc(NC(=O)c2ccc3nc([C@@H]4CCCN4)[nH]c3c2)c(NCc2ccc(-c3nnn(CC4CC4)n3)nc2)c1,7.413268,O=C(O)c1ccc(NC(=O)c2ccc3nc([C@@H]4CCCN4)[nH]c3c2)c(NC(=O)c2ccc(-c3nnn(CC4CC4)n3)nc2)c1,6.323382
Fc1ccc2oc(-c3cccc(-c4cc(NCC5CCN5C[C@@H]5Cc6ccccc6CN5)[nH]n4)c3)nc2c1,7.798154,O=C([C@@H]1Cc2ccccc2CN1)N(CC1CCN1)c1cc(-c2cccc(-c3nc4cc(F)ccc4o3)c2)n[nH]1,7.527623
O=C(O)C1CCN1Cc1cccc(CNCCc2c[nH]c3ccccc23)c1,5.023408,O=C(O)C1CCN1C(=O)c1cccc(CNCCc2c[nH]c3ccccc23)c1,5.150209
c1cc(NCc2cccc(-c3nc4ccc(-c5nnn(CC6CC6)n5)cc4[nH]3)c2)cc(-c2c[nH]cn2)c1,7.500916,O=C(Nc1cccc(-c2c[nH]cn2)c1)c1cccc(-c2nc3ccc(-c4nnn(CC5CC5)n4)cc3[nH]2)c1,7.484312
c1cc(Cn2ccc3cccc(NCc4ccc5oc(C6CNC6)nc5c4)c32)cc(-c2nnnn2CC2CC2)c1,7.735801,O=C(Nc1cccc2ccn(Cc3cccc(-c4nnnn4CC4CC4)c3)c12)c1ccc2oc(C3CNC3)nc2c1,7.817352
O=C(Nc1ccccc1CNc1ccnc2ccccc12)[C@H]1CCCN(C(=O)NCc2cn(CC3CC3)nn2)C1,7.601436,O=C(Nc1ccnc2ccccc12)c1ccccc1NC(=O)[C@H]1CCCN(C(=O)NCc2cn(CC3CC3)nn2)C1,7.765064
N[C@H](CNc1cccc(B(O)O)c1)c1ccccc1,3.247159,N[C@H](C(=O)Nc1cccc(B(O)O)c1)c1ccccc1,3.923519
N#Cc1cccc(-c2ccc(Nc3ncccc3NCc3ccc(N)c(N)c3)cc2)c1,5.083292,N#Cc1cccc(-c2ccc(Nc3ncccc3NC(=O)c3ccc(N)c(N)c3)cc2)c1,5.368898
O=C(NCc1cn(Cc2ccc(-c3nnn(CC4CC4)n3)cc2)c2ccccc12)[C@@H](NCC1CNC1)c1ccccc1,7.605434,O=C(N[C@H](C(=O)NCc1cn(Cc2ccc(-c3nnn(CC4CC4)n3)cc2)c2ccccc12)c1ccccc1)C1CNC1,7.993592
c1ccc2c(c1)c(CCNC[C@H]1CCCN1Cc1ccc3[nH]c(C4CNC4)nc3c1)cn2CC1CC1,7.855791,O=C(NCCc1cn(CC2CC2)c2ccccc12)[C@H]1CCCN1Cc1ccc2[nH]c(C3CNC3)nc2c1,8.066455
COc1ccccc1CNCc1cccc(CNc2ccc(B(O)O)cc2)c1,4.759729,COc1ccccc1CNCc1cccc(C(=O)Nc2ccc(B(O)O)cc2)c1,5.025696
Nc1cc(CNc2cc(CNC34CC(C3)C4)ccc2O)ccc1O,5.478671,Nc1cc(C(=O)Nc2cc(CNC34CC(C3)C4)ccc2O)ccc1O,5.52413
Nc1ccc(-c2cccc(NCc3ccc(O)c(NCc4ccc(CO[C@H]5CN6CCC5CC6)cc4)c3)c2)cc1,7.52643,Nc1cc(CNc2cccc(-c3ccc(NC(=O)c4ccc(CO[C@H]5CN6CCC5CC6)cc4)cc3)c2)ccc1O,7.592623
O=C(O)C1CCN1Cc1cc(B(O)O)ccc1F,2.800907,O=C(O)C1CCN1C(=O)c1cc(B(O)O)ccc1F,2.947378
O=C(NC12CC(C1)C2)c1ccc(-c2nc3ccc(CN4CCC4C(=O)O)cc3o2)cc1,6.819073,O=C(NC12CC(C1)C2)c1ccc(-c2nc3ccc(C(=O)N4CCC4C(=O)O)cc3o2)cc1,6.906466
Nc1ccc(CNc2cc(CN3CCC3C(=O)O)ccc2N)cc1N,4.446604,Nc1ccc(C(=O)Nc2cc(CN3CCC3C(=O)O)ccc2N)cc1N,4.620555
O=C(O)C1CN(c2ccc(NCc3ccc4nc(C5CNC5)oc4c3)cc2)C1,7.035239,O=C(Nc1ccc(N2CC(C(=O)O)C2)cc1)c1ccc2nc(C3CNC3)oc2c1,6.979388
N#Cc1ccc(CNc2cc(N3CC(C(=O)Nc4ccc(C(=O)NC5CC5)cc4N)C3)n[nH]2)cn1,6.891532,N#Cc1ccc(C(=O)Nc2cc(C(=O)NC3CC3)ccc2NC(=O)C2CN(c3cc(N)[nH]n3)C2)cn1,4.71627
c1cc(CNc2ccnc3ccccc23)cc(-c2nc3c(CN(C[C@@H]4Cc5ccccc5CN4)C45CC(C4)C5)cccc3o2)c1,7.381905,O=C([C@@H]1Cc2ccccc2CN1)N(Cc1cccc(-c2nc3c(CNC45CC(C4)C5)cccc3o2)c1)c1ccnc2ccccc12,7.520321
Nc1cc(CNc2ccc(-c3ccc(F)c(C(=O)NCCc4ccncc4)c3)cc2)ccc1O,5.884956,Nc1cc(C(=O)Nc2ccc(-c3ccc(F)c(C(=O)NCCc4ccncc4)c3)cc2)ccc1O,6.119322
Nc1ccccc1CN[C@@H](c1ccccc1)c1nc2cccc(Br)c2o1,4.890506,Nc1ccccc1C(=O)N[C@@H](c1ccccc1)c1nc2cccc(Br)c2o1,4.698919
Nc1ccc(CN2Cc3ccccc3C[C@H]2C(=O)NCCc2ccccc2)cc1N,5.395836,Nc1ccc(C(=O)N2Cc3ccccc3C[C@H]2C(=O)NCCc2ccccc2)cc1N,5.554752
Nc1cc(CNc2cccc3ccn(Cc4ccc(-c5nnn(CC6CC6)n5)cc4)c23)ccc1O,6.583818,Nc1cc(C(=O)Nc2cccc3ccn(Cc4ccc(-c5nnn(CC6CC6)n5)cc4)c23)ccc1O,6.898442
Nc1ccc(CN2CC(=O)C2)cc1N,2.96108,Nc1ccc(C(=O)N2CC(=O)C2)cc1N,3.406711
OB(O)c1cccc(NCc2ccc3nc(C4CCNCC4)oc3c2)c1,5.291163,O=C(Nc1cccc(B(O)O)c1)c1ccc2nc(C3CCNCC3)oc2c1,5.403776
O=C(O)c1ccc2nc(-c3ccc(CN4CC(NCCc5ccncc5)C4)cc3)oc2c1,6.13449,O=C(O)c1ccc(-c2nc3ccc(C(=O)N(CCc4ccncc4)C4CNC4)cc3o2)cc1,6.629339
Nc1cc(C(=O)O)ccc1NCC1CCN1,4.759972,Nc1cc(C(=O)O)ccc1NC(=O)C1CCN1,5.102158
c1cc(-c2nc3ccc(CNCCc4cn(CC5CC5)c5ccccc45)cc3[nH]2)c2nc(C3CCNCC3)oc2c1,7.58131,O=C(NCCc1cn(CC2CC2)c2ccccc12)c1ccc2nc(-c3cccc4oc(C5CCNCC5)nc34)[nH]c2c1,7.772711
O=C(O)c1ccc(NCc2ccc(NCc3ccc4oc(C5CNC5)nc4c3)c(O)c2)c(NC2CNC2)c1,6.865982,O=C(O)c1ccc(NCc2ccc(NC(=O)c3ccc4oc(C5CNC5)nc4c3)c(O)c2)c(NC2CNC2)c1,6.758856
c1ccc2c(c1)CN[C@H](CN1CCC(N3CC(c4nc5ccc(CNC67CC(C6)C7)cc5o4)C3)C1)C2,7.346971,O=C([C@@H]1Cc2ccccc2CN1)N(Cc1ccc2nc(C3CN(C4CCNC4)C3)oc2c1)C12CC(C1)C2,6.778363
O=C(O)C1CCN(Cc2ccc(-c3nnn(CC4CC4)n3)nc2)CC1,6.16319,O=C(O)C1CCN(C(=O)c2ccc(-c3nnn(CC4CC4)n3)nc2)CC1,6.208148
O=C(NC1CC1)N1CCN(C(=O)c2ccc(Cn3cc(CNCC4CNC4)c4ccccc43)cc2)CC1,7.346673,O=C(NCc1cn(Cc2ccc(C(=O)N3CCN(C(=O)NC4CC4)CC3)cc2)c2ccccc12)C1CNC1,7.805947
O=Cc1ccc(CNc2ccc(B(O)O)cc2)cc1,3.467319,O=Cc1ccc(C(=O)Nc2ccc(B(O)O)cc2)cc1,3.814327
c1cc(Cn2nnnc2-c2cccc(-c3ccc(NCC4CCN4)cc3)c2)cc(-c2nnn(CC3CC3)n2)c1,7.970666,O=C(Nc1ccc(-c2cccc(-c3nnnn3Cc3cccc(-c4nnn(CC5CC5)n4)c3)c2)cc1)C1CCN1,7.867917
OB(O)c1cccc(NCc2ccc(C(F)(F)F)cn2)c1,3.717319,O=C(Nc1cccc(B(O)O)c1)c1ccc(C(F)(F)F)cn1,3.978374
N#Cc1ccc(Cn2ccc3cccc(NCc4ccc5nc(-c6ccc(CO[C@H]7CN8CCC7CC8)cc6)oc5c4)c32)cc1,7.457519,N#Cc1ccc(Cn2ccc3cccc(NC(=O)c4ccc5nc(-c6ccc(CO[C@H]7CN8CCC7CC8)cc6)oc5c4)c32)cc1,7.698153
O=C(NCc1cn(CC2CC2)c2ccccc12)[C@@H](Cc1ccc(O)cc1)Nc1c[nH]nc1NCC1CCN1,6.739228,O=C(Nc1n[nH]cc1N[C@H](Cc1ccc(O)cc1)C(=O)NCc1cn(CC2CC2)c2ccccc12)C1CCN1,6.915777
Oc1ccc(CNc2ccc(-c3ccc4oc(C5CCN5)nc4c3)cc2)cc1NCC1CCN1,7.722593,O=C(Nc1cc(CNc2ccc(-c3ccc4oc(C5CCN5)nc4c3)cc2)ccc1O)C1CCN1,7.403418
c1ccc2c(c1)c(CNCc1ccc(-c3nnn(CC4CC4)n3)nc1)cn2CC1CC1,8.095024,O=C(NCc1cn(CC2CC2)c2ccccc12)c1ccc(-c2nnn(CC3CC3)n2)nc1,8.201728
O=C(N1CC(NCCc2c[nH]c3ccccc23)C1)C1(NCc2ccc(-c3nnn(CC4CC4)n3)nc2)CCC1,7.745897,O=C(NC1(C(=O)N2CC(NCCc3c[nH]c4ccccc34)C2)CCC1)c1ccc(-c2nnn(CC3CC3)n2)nc1,7.323075
O=Cc1c[nH]c2ccc(-c3cccc(NCC4CNC4)c3)cc12,6.056205,O=Cc1c[nH]c2ccc(-c3cccc(NC(=O)C4CNC4)c3)cc12,6.788383
c1ccc(-c2nnn(CC3CC3)n2)c(Cn2cc(CNCc3ccc4nc([C@@H]5CCCN5)oc4c3)nn2)c1,7.610102,O=C(NCc1cn(Cc2ccccc2-c2nnn(CC3CC3)n2)nn1)c1ccc2nc([C@@H]3CCCN3)oc2c1,7.903581
N#Cc1ccc(CN2CC(c3nc4cc(-c5nnnn5CC5CC5)ccc4o3)C2)cn1,6.819673,N#Cc1ccc(C(=O)N2CC(c3nc4cc(-c5nnnn5CC5CC5)ccc4o3)C2)cn1,7.040149
Oc1ccc(CNc2nc(-c3cccc(-c4nnn(CC5CC5)n4)c3)cs2)cc1NC[C@@H]1Cc2ccccc2CN1,7.765533,O=C(Nc1cc(CNc2nc(-c3cccc(-c4nnn(CC5CC5)n4)c3)cs2)ccc1O)[C@@H]1Cc2ccccc2CN1,7.724673
O=C(O)c1ccccc1Cn1cc(CNCC2CNC2)c2ccccc21,5.191195,O=C(O)c1ccccc1Cn1cc(CNC(=O)C2CNC2)c2ccccc21,6.662195
O=C(O)c1cccc(Nc2cc(-c3ccc(NC[C@@H]4Cc5ccccc5CN4)cc3)ccc2O)n1,6.27107,O=C(O)c1cccc(Nc2cc(-c3ccc(NC(=O)[C@@H]4Cc5ccccc5CN4)cc3)ccc2O)n1,6.454312
c1ccc2c(c1)CN[C@H](CNc1cc(-c3ccc(NCc4ccc(-c5nnn(CC6CC6)n5)nc4)nc3)n[nH]1)C2,8.282673,O=C(Nc1ccc(-c2cc(NC[C@@H]3Cc4ccccc4CN3)[nH]n2)cn1)c1ccc(-c2nnn(CC3CC3)n2)nc1,7.654783
O[C@@H]1CCN(c2cccc(CNc3ccc(-c4cccc(-c5nnn(CC6CC6)n5)c4)cc3)n2)C1,7.261454,O=C(Nc1ccc(-c2cccc(-c3nnn(CC4CC4)n3)c2)cc1)c1cccc(N2CC[C@@H](O)C2)n1,7.243425
COc1ccccc1CNC[C@H]1CCCN(Cc2ccc(-c3nnn(CC4CC4)n3)nc2)C1,6.441022,COc1ccccc1CN(C[C@H]1CCCNC1)C(=O)c1ccc(-c2nnn(CC3CC3)n2)nc1,6.476573
O=C(O)C1CCN(C[C@@H]2Cc3ccccc3CN2C(=O)C2CNC2)CC1,5.630893,O=C(O)C1CCN(C(=O)[C@@H]2Cc3ccccc3CN2C(=O)C2CNC2)CC1,5.803818
O=C(CNCC1CCN(Cc2ccc(-c3nnn(CC4CC4)n3)nc2)CC1)Nc1nc(F)nc2[nH]cnc12,5.750284,O=C(CN(CC1CCNCC1)C(=O)c1ccc(-c2nnn(CC3CC3)n2)nc1)Nc1nc(F)nc2[nH]cnc12,5.689284
COc1ccccc1CNCc1cccc2oc(-c3ccc(Cn4ccc5cccc(NCc6ccncc6)c54)cc3)nc12,6.401805,COc1ccccc1CNCc1cccc2oc(-c3ccc(Cn4ccc5cccc(NC(=O)c6ccncc6)c54)cc3)nc12,6.755106
c1ccc2[nH]c(N(Cc3c[nH]c4ccccc34)CC3CCN3)nc2c1,5.755958,O=C(C1CCN1)N(Cc1c[nH]c2ccccc12)c1nc2ccccc2[nH]1,5.836334
O=Cc1ccc(CNCCc2c[nH]c3ccccc23)cc1,4.381414,O=Cc1ccc(C(=O)NCCc2c[nH]c3ccccc23)cc1,4.73465
Nc1ccccc1CNc1ccc(-c2cccc(NCC3CNC3)c2)cc1NCC1CCN1,6.941525,Nc1cc(-c2cccc(NCC3CNC3)c2)ccc1NCc1ccccc1NC(=O)C1CCN1,7.542257
COc1ccccc1CNC(=O)c1cccc(-c2ccc3oc([C@@H]4CCCN4C[C@@H]4Cc5ccccc5CN4)nc3c2)c1,7.6119,COc1ccccc1CNC(=O)c1cccc(-c2ccc3oc([C@@H]4CCCN4C(=O)[C@@H]4Cc5ccccc5CN4)nc3c2)c1,7.534191
Nc1ccc(CN2CCC(C3=NCCc4ccccc43)CC2)cc1NC(=O)[C@@H](NCC1CCN1)c1ccccc1,6.857227,N[C@H](C(=O)Nc1cc(CN2CCC(C3=NCCc4ccccc43)CC2)ccc1NC(=O)C1CCN1)c1ccccc1,7.151961
c1ccc([C@@H](CNc2ccnc3ccccc23)NCc2ccc(-c3nc4cc(-c5nnn(CC6CC6)n5)ccc4o3)cc2)cc1,7.58338,O=C(N[C@H](CNc1ccnc2ccccc12)c1ccccc1)c1ccc(-c2nc3cc(-c4nnn(CC5CC5)n4)ccc3o2)cc1,7.606679
O=C(NCCc1c[nH]c2ccccc12)c1ccc(N(Cc2ccc3oc(C4CNC4)nc3c2)c2ccnc3ccccc23)cc1,7.347842,O=C(NCCc1c[nH]c2ccccc12)c1ccc(N(C(=O)c2ccc3oc(C4CNC4)nc3c2)c2ccnc3ccccc23)cc1,5.788468
Nc1ccc(CN2CCC[C@@H]2C(=O)O)cc1N,3.030174,Nc1ccc(C(=O)N2CCC[C@@H]2C(=O)O)cc1N,3.308024
O=C(c1ccc(CO[C@H]2CN3CCC2CC3)cc1)N(Cc1cccc(CNc2ccnc3ccccc23)c1)C12CC(C1)C2,8.046285,O=C(Nc1ccnc2ccccc12)c1cccc(CN(C(=O)c2ccc(CO[C@H]3CN4CCC3CC4)cc2)C23CC(C2)C3)c1,7.850692
c1ccc(CCNCc2ccccc2Cn2cc(CCNCc3ccc(-c4nnn(CC5CC5)n4)nc3)c3ccccc32)cc1,7.419167,O=C(NCCc1cn(Cc2ccccc2CNCCc2ccccc2)c2ccccc12)c1ccc(-c2nnn(CC3CC3)n2)nc1,7.448824
O=C(NCCc1cn(Cc2ccc(-c3nnn(CC4CC4)n3)cc2)c2ccccc12)Nc1c(O)cccc1CNC12CC(C1)C2,7.519189,O=C(NCCc1cn(Cc2ccc(-c3nnn(CC4CC4)n3)cc2)c2ccccc12)Nc1c(O)cccc1C(=O)NC12CC(C1)C2,7.508058
Nc1cc(C(F)(F)F)ccc1NCc1cccc(CN2CCC[C@H]2C(=O)NCc2c[nH]c3ccccc23)c1,6.411174,Nc1cc(C(F)(F)F)ccc1NC(=O)c1cccc(CN2CCC[C@H]2C(=O)NCc2c[nH]c3ccccc23)c1,6.473716
c1cc(-c2ccc(NCC3CNC3)cc2)cc(-c2nnnn2Cc2ccccc2CNC23CC(C2)C3)c1,7.625937,O=C(Nc1ccc(-c2cccc(-c3nnnn3Cc3ccccc3CNC34CC(C3)C4)c2)cc1)C1CNC1,7.776001
O=C(C1CCN1)N1CCC1CNc1ccc(-c2cccc(-c3nnn(CC4CC4)n3)c2)cc1,7.557413,O=C(Nc1ccc(-c2cccc(-c3nnn(CC4CC4)n3)c2)cc1)C1CCN1C(=O)C1CCN1,4.310932
O=C(O)c1cccc(O)c1N(CC1CCN1)C[C@@H]1Cc2ccccc2CN1,5.296127,O=C(O)[C@@H]1Cc2ccccc2CN1C(=O)c1cccc(O)c1NCC1CCN1,5.398178
C[C@H](NC[C@@H]1Cc2ccccc2CN1)c1ccccc1,6.018794,C[C@H](NC(=O)[C@@H]1Cc2ccccc2CN1)c1ccccc1,6.426146
O=C1Cc2ccc(C(=O)Cn3cc(CCNCc4ccc(NCC5CNC5)c(O)c4)c4ccccc43)cc2N1,7.073429,O=C1Cc2ccc(C(=O)Cn3cc(CCNCc4ccc(NC(=O)C5CNC5)c(O)c4)c4ccccc43)cc2N1,7.295268
Brc1ccc(NC[C@@H]2Cc3ccccc3CN2)cc1,5.931985,O=C(Nc1ccc(Br)cc1)[C@@H]1Cc2ccccc2CN1,6.227978
N#Cc1ccc(Nc2ccc(-c3cccc(NC[C@H]4CCCN4Cc4cccc(C=O)c4)c3)cc2)cc1,6.322964,N#Cc1ccc(Nc2ccc(-c3cccc(NC(=O)[C@H]4CCCN4Cc4cccc(C=O)c4)c3)cc2)cc1,6.386872
Oc1cc(-c2nc3ccccc3o2)ccc1NCC1CN(Cc2ccc(-c3nnn(CC4CC4)n3)nc2)C1,7.626554,O=C(c1ccc(-c2nnn(CC3CC3)n2)nc1)N(CC1CNC1)c1ccc(-c2nc3ccccc3o2)cc1O,6.45861
O=C(NCCc1c[nH]c2ccccc12)c1ccccc1NCc1ccc(CO[C@H]2CN3CCC2CC3)cc1,7.412601,O=C(Nc1ccccc1C(=O)NCCc1c[nH]c2ccccc12)c1ccc(CO[C@H]2CN3CCC2CC3)cc1,7.572735
O=C(O)c1ccc2nc([C@@H]3CCCN3C[C@@H]3Cc4ccccc4CN3)[nH]c2c1,6.109201,O=C(O)[C@@H]1Cc2ccccc2CN1C(=O)c1ccc2nc([C@@H]3CCCN3)[nH]c2c1,6.179294
Nc1cccc(-c2ccc(NCc3ccc4nc(C5CN(C[C@@H]6Cc7ccccc7CN6)C5)oc4c3)cc2)c1,7.380179,Nc1cccc(-c2ccc(N(Cc3ccc4nc(C5CNC5)oc4c3)C(=O)[C@@H]3Cc4ccccc4CN3)cc2)c1,7.190025
Nc1ccc(CNc2cc(C(=O)NC3(C(=O)O)CCC3)ccc2O)cc1O,5.087003,Nc1cc(C(=O)NC2(C(=O)Nc3ccc(C(=O)O)cc3O)CCC2)ccc1O,4.606099
N#Cc1ccc(O)c(NCc2ccccc2CO[C@H]2CN3CCC2CC3)c1,6.24941,N#Cc1ccc(O)c(NC(=O)c2ccccc2CO[C@H]2CN3CCC2CC3)c1,6.385383
NC1(C(=O)Nc2cccc(-c3ccc(NCc4ccc5oc(C6CNC6)nc5c4)cc3)c2)CCC1,7.042067,NC1(C(=O)Nc2cccc(-c3ccc(NC(=O)c4ccc5oc(C6CNC6)nc5c4)cc3)c2)CCC1,7.000328
c1cc(NCc2ccc3nc([C@@H]4CCCN4)[nH]c3c2)c2c(c1)ccn2CC1CC1,7.290437,O=C(Nc1cccc2ccn(CC3CC3)c12)c1ccc2nc([C@@H]3CCCN3)[nH]c2c1,7.722931
Nc1ccncc1CNC1(CNc2cc(-c3cccc(NCC4CNC4)c3)n[nH]2)CCC1,6.638485,Nc1ccncc1CNC1(C(=O)Nc2cc(-c3cccc(NCC4CNC4)c3)n[nH]2)CCC1,7.346435
OB(O)c1ccc(NCc2ccc(COCC3CNC3)cc2)cc1,5.197934,O=C(Nc1ccc(B(O)O)cc1)c1ccc(COCC2CNC2)cc1,5.744663
O=C(NCc1c[nH]c2ccccc12)c1ccc(O)c(NC(=O)C2CCN(CC3CCN3)CC2)c1,7.241621,O=C(NCc1c[nH]c2ccccc12)c1ccc(O)c(NC(=O)C2CCN(C(=O)C3CCN3)CC2)c1,7.460934
Nc1cc(Br)ccc1NCc1ccc(CO[C@H]2CN3CCC2CC3)cc1,6.750257,Nc1cc(Br)ccc1NC(=O)c1ccc(CO[C@H]2CN3CCC2CC3)cc1,6.810972
O=C(O)c1cccc2oc(-c3cnccc3NCc3ccc(CO[C@H]4CN5CCC4CC5)cc3)nc12,6.898221,O=C(Nc1ccncc1-c1nc2c(C(=O)O)cccc2o1)c1ccc(CO[C@H]2CN3CCC2CC3)cc1,6.896423
O=C(Nc1ccc(-c2cccc(NCC3CCN3)c2)cc1O)[C@@H]1Cc2ccccc2CN1,7.570792,O=C(Nc1cccc(-c2ccc(NC(=O)[C@@H]3Cc4ccccc4CN3)c(O)c2)c1)C1CCN1,7.306625
Nc1cc(C(=O)O)ccc1NCc1cccc(B(O)O)c1,3.369957,Nc1cc(C(=O)O)ccc1NC(=O)c1cccc(B(O)O)c1,3.352011
c1cc(NCC2CCN2)cc(-c2ccc3oc([C@@H]4CCCN4Cc4c[nH]c5ccccc45)nc3c2)c1,7.700165,O=C(Nc1cccc(-c2ccc3oc([C@@H]4CCCN4Cc4c[nH]c5ccccc45)nc3c2)c1)C1CCN1,7.833743
O=C(O)c1ccc(Cn2cnc(-c3cccc(NCC4CCN4)c3)c2)cc1,6.659869,O=C(O)c1ccc(Cn2cnc(-c3cccc(NC(=O)C4CCN4)c3)c2)cc1,7.002157
Nc1ccc(-c2cccc(Nc3ccc(NCc4ccccc4CO[C@H]4CN5CCC4CC5)cc3)c2)cc1,7.337469,Nc1ccc(-c2cccc(Nc3ccc(NC(=O)c4ccccc4CO[C@H]4CN5CCC4CC5)cc3)c2)cc1,7.34363
C[C@H](NCc1cccc(-c2nc3ccc(C(=O)NCCc4cn(CC5CC5)c5ccccc45)cc3o2)c1)c1ccccc1,7.669056,C[C@H](NC(=O)c1cccc(-c2nc3ccc(C(=O)NCCc4cn(CC5CC5)c5ccccc45)cc3o2)c1)c1ccccc1,7.87984
N#Cc1cccc(NCc2ccc(CCl)cc2)c1O,3.924119,N#Cc1cccc(NC(=O)c2ccc(CCl)cc2)c1O,4.248572
Nc1ccc(CNc2ccccc2CNc2ccc(C(=O)O)cc2N)cc1N,4.399258,Nc1ccc(C(=O)Nc2cc(C(=O)O)ccc2NCc2ccccc2N)cc1N,4.623618
c1cc(Cn2cc(CCNCc3ccc4nc(C5CNC5)oc4c3)c3ccccc32)cc(-c2nnn(CC3CC3)n2)c1,8.026145,O=C(NCCc1cn(Cc2cccc(-c3nnn(CC4CC4)n3)c2)c2ccccc12)c1ccc2nc(C3CNC3)oc2c1,8.147892
C[C@H](NC[C@H](Cc1c[nH]c2ccccc12)NCc1ccc2[nH]c(C3CCN3)nc2c1)c1ccccc1,6.543665,C[C@H](NC(=O)[C@H](Cc1c[nH]c2ccccc12)NCc1ccc2[nH]c(C3CCN3)nc2c1)c1ccccc1,6.791558
O=C(Nc1ccc(NCc2cn(CC3CC3)c3ccccc23)cc1)C1CCN(C[C@@H]2Cc3ccccc3CN2)CC1,7.979582,O=C(Nc1ccc(N(Cc2cn(CC3CC3)c3ccccc23)C(=O)[C@@H]2Cc3ccccc3CN2)cc1)C1CCNCC1,7.4031
Nc1c(O)cccc1CNCc1ccccc1,4.580295,Nc1c(O)cccc1C(=O)NCc1ccccc1,4.237025
Nc1c(O)cccc1CNc1ccc(-c2ccc(NC(=O)N3CC[C@@H](O)C3)cc2)cc1,5.862927,Nc1c(O)cccc1C(=O)Nc1ccc(-c2ccc(NC(=O)N3CC[C@@H](O)C3)cc2)cc1,5.470287
ClCc1ccc(CN(c2cn(CC3CC3)cn2)C23CC(C2)C3)cc1,6.332848,O=C(c1ccc(CCl)cc1)N(c1cn(CC2CC2)cn1)C12CC(C1)C2,6.449396
Oc1cc(CNC23CC(C2)C3)ccc1NCc1ccc2nc([C@H]3CCCN3)oc2c1,7.266065,O=C(NC12CC(C1)C2)c1ccc(NCc2ccc3nc([C@H]4CCCN4)oc3c2)c(O)c1,7.277216
O=C(O)c1ccc(O)c(NCc2ccccc2NCc2ccc3nc(C4CNC4)[nH]c3c2)c1,6.459719,O=C(O)c1ccc(O)c(NCc2ccccc2NC(=O)c2ccc3nc(C4CNC4)[nH]c3c2)c1,6.639225
O=Cc1cccc(-c2ccc(NCc3cccc(F)n3)cc2)c1,5.330781,O=Cc1cccc(-c2ccc(NC(=O)c3cccc(F)n3)cc2)c1,5.123313
O=C(O)c1ccccc1NCc1ccc(F)cc1,3.897596,O=C(Nc1ccccc1C(=O)O)c1ccc(F)cc1,4.124325
C[C@H](NCc1ccc(O)c(NCc2ccc(CO[C@H]3CN4CCC3CC4)cc2)c1)c1ccccc1,7.168882,C[C@H](NCc1ccc(O)c(NC(=O)c2ccc(CO[C@H]3CN4CCC3CC4)cc2)c1)c1ccccc1,7.318183
c1cc(-c2cc(NCc3ccc(-c4nnn(CC5CC5)n4)nc3)[nH]n2)cc(-c2nnn(CC3CC3)n2)c1,8.276829,O=C(Nc1cc(-c2cccc(-c3nnn(CC4CC4)n3)c2)n[nH]1)c1ccc(-c2nnn(CC3CC3)n2)nc1,7.127205
Cc1cc(-c2cccc(NCc3ccc(CCl)cc3)c2)cnc1NC[C@@H]1Cc2ccccc2CN1,6.949239,Cc1cc(-c2cccc(NCc3ccc(CCl)cc3)c2)cnc1NC(=O)[C@@H]1Cc2ccccc2CN1,6.967869
Nc1cc(CN2CCC2CNc2cccnc2Br)ccc1O,4.465233,Nc1cc(C(=O)N(CC2CCN2)c2cccnc2Br)ccc1O,4.281345
c1ccc(CN(Cc2ccc(-c3nnn(CC4CC4)n3)nc2)c2cncc(-c3nnn(CC4CC4)n3)c2)cc1,7.883532,O=C(c1ccc(-c2nnn(CC3CC3)n2)nc1)N(Cc1ccccc1)c1cncc(-c2nnn(CC3CC3)n2)c1,7.500031
Nc1ccc(CNCCc2ccccc2)cc1O,4.04241,Nc1ccc(C(=O)NCCc2ccccc2)cc1O,4.387697
C[C@H](NC(=O)c1ccc(NC[C@@H]2Cc3ccccc3CN2)c(O)c1)c1ccccc1,6.89126,C[C@H](NC(=O)c1ccc(NC(=O)[C@@H]2Cc3ccccc3CN2)c(O)c1)c1ccccc1,6.790181
O=C(O)C1CCN(c2ccc(NCC3CNC3)c(O)c2)CC1,4.988993,O=C(O)C1CCN(c2ccc(NC(=O)C3CNC3)c(O)c2)CC1,5.484522
O=C(O)c1ccc(Cn2ccc3cccc(NCc4ccc(-c5nnn(CC6CC6)n5)nc4)c32)cc1,6.843395,O=C(O)c1ccc(Cn2ccc3cccc(NC(=O)c4ccc(-c5nnn(CC6CC6)n5)nc4)c32)cc1,7.07317
Nc1ccc(C(=O)NCc2ccccc2)cc1NCc1cccc(O)c1N,5.558416,Nc1cc(C(=O)NCc2ccccc2)ccc1NC(=O)c1cccc(O)c1N,5.295068
c1cc(CNc2ccc(NC34CC(C3)C4)cc2)cc(-c2nc3ccc(-c4nnn(CC5CC5)n4)cc3[nH]2)c1,8.028645,O=C(Nc1ccc(NC23CC(C2)C3)cc1)c1cccc(-c2nc3ccc(-c4nnn(CC5CC5)n4)cc3[nH]2)c1,7.951235
O=C(Nc1ccccc1CNc1cccc(B(O)O)c1)C1CCNCC1,4.799547,O=C(Nc1cccc(B(O)O)c1)c1ccccc1NC(=O)C1CCNCC1,4.999997
c1cc(Nc2c[nH]nc2NCc2ccc3nc(C4CNC4)oc3c2)c2[nH]ccc2c1,6.534829,O=C(Nc1n[nH]cc1Nc1cccc2cc[nH]c12)c1ccc2nc(C3CNC3)oc2c1,6.903531
C#CCNCc1ccc2oc([C@@H]3CCCN3)nc2c1,5.715486,C#CCNC(=O)c1ccc2oc([C@@H]3CCCN3)nc2c1,5.43287
Nc1ccccc1CNc1cc(C(=O)O)ccc1NCc1ccc(-c2nnn(CC3CC3)n2)nc1,6.372274,Nc1cc(C(=O)Nc2ccccc2C(=O)O)ccc1NCc1ccc(-c2nnn(CC3CC3)n2)nc1,6.900633
c1cc(-c2ccc3oc(C4CNC4)nc3c2)cc(-c2nnn(Cc3ccccc3CNC34CC(C3)C4)n2)c1,7.797064,O=C(NC12CC(C1)C2)c1ccccc1Cn1nnc(-c2cccc(-c3ccc4oc(C5CNC5)nc4c3)c2)n1,7.752941
O=C(Nc1cc(-c2nnn(Cc3ccc(CNCCc4ccccc4)cc3)n2)ccc1O)[C@@H]1CCCN1,6.91699,O=C(NCCc1ccccc1)c1ccc(Cn2nnc(-c3ccc(O)c(NC(=O)[C@@H]4CCCN4)c3)n2)cc1,6.717298
Nc1cc(CNc2cccc(-c3ccc4[nH]cc(C=O)c4c3)c2)ccc1O,5.056493,Nc1cc(C(=O)Nc2cccc(-c3ccc4[nH]cc(C=O)c4c3)c2)ccc1O,5.211589
c1ccc2c(c1)c(CCNCc1ccc3oc(-c4ccc5oc(C6CNC6)nc5c4)nc3c1)cn2CC1CC1,8.019096,O=C(NCCc1cn(CC2CC2)c2ccccc12)c1ccc2oc(-c3ccc4oc(C5CNC5)nc4c3)nc2c1,8.090838
Oc1cc(CNc2ccnc3ccccc23)ccc1NC[C@@H]1Cc2ccccc2CN1,6.956094,O=C(Nc1ccc(CNc2ccnc3ccccc23)cc1O)[C@@H]1Cc2ccccc2CN1,6.983237
Nc1ccc(Br)cc1NCc1cccc(F)n1,3.508936,Nc1cc(Br)ccc1NC(=O)c1cccc(F)n1,3.659576
O=C(O)c1ccc(NCc2ccc(CCl)cc2)c(O)c1,4.011362,O=C(O)c1ccc(NC(=O)c2ccc(CCl)cc2)c(O)c1,3.888931
Nc1ccc(NCCc2c[nH]c3ccccc23)cc1NCc1ccc2oc(C3CNC3)nc2c1,7.257645,Nc1cc(NCCc2c[nH]c3ccccc23)ccc1NC(=O)c1ccc2oc(C3CNC3)nc2c1,7.478782
O=C(Nc1ccccn1)[C@@H]1CCCN1C[C@@H]1Cc2ccccc2CN1Cc1ccc2oc(C3CNC3)nc2c1,7.652089,O=C(Nc1ccccn1)[C@@H]1CCCN1C[C@@H]1Cc2ccccc2CN1C(=O)c1ccc2oc(C3CNC3)nc2c1,7.244829
Nc1ccc(CNCCc2cn(CC3CC3)c3ccccc23)cc1O,5.868688,Nc1ccc(C(=O)NCCc2cn(CC3CC3)c3ccccc23)cc1O,6.242629
N#Cc1cncc(-c2ccc(NCc3ccc(CNC45CC(C4)C5)cc3)cc2)c1,7.102461,N#Cc1cncc(-c2ccc(NCc3ccc(C(=O)NC45CC(C4)C5)cc3)cc2)c1,7.145918
O=C([C@@H]1Cc2ccccc2CN1C[C@@H]1Cc2ccccc2CN1)N1CCC[C@@H](OCc2ccc(-c3nnn(CC4CC4)n3)cc2)C1,7.766109,O=C([C@@H]1Cc2ccccc2CN1C(=O)[C@@H]1Cc2ccccc2CN1)N1CCC[C@@H](OCc2ccc(-c3nnn(CC4CC4)n3)cc2)C1,7.599734
O=C(Nc1ccc(CNc2ccc(NC34CC(C3)C4)cc2)cc1O)C1CCN1CC1CCN1,7.310206,O=C(Nc1ccc(CN(C(=O)C2CCN2)c2ccc(NC34CC(C3)C4)cc2)cc1O)C1CCN1,6.925738
COc1ccccc1CNCc1ccccc1CCl,4.551822,COc1ccccc1CNC(=O)c1ccccc1CCl,4.500177
Oc1ccc(-c2nnn(CC3CC3)n2)cc1NCc1ccc(CNCCc2cn(CC3CC3)c3ccccc23)cc1,7.874097,O=C(NCCc1cn(CC2CC2)c2ccccc12)c1ccc(CNc2cc(-c3nnn(CC4CC4)n3)ccc2O)cc1,7.872138
ClCc1ccccc1CN1CC(COCc2ccc(-c3nnn(CC4CC4)n3)cc2)C1,7.003027,O=C(c1ccccc1CCl)N1CC(COCc2ccc(-c3nnn(CC4CC4)n3)cc2)C1,7.01974
OB(O)c1cccc(NCc2ccc3oc([C@H]4CCCNC4)nc3c2)c1,5.024117,O=C(Nc1cccc(B(O)O)c1)c1ccc2oc([C@H]3CCCNC3)nc2c1,5.169852
c1ccc2c(c1)CN[C@H](CN1CCC1c1nc3cc(-c4nnn(Cc5ccc(-c6nnn(CC7CC7)n6)cc5)n4)ccc3o1)C2,7.963951,O=C([C@@H]1Cc2ccccc2CN1)N1CCC1c1nc2cc(-c3nnn(Cc4ccc(-c5nnn(CC6CC6)n5)cc4)n3)ccc2o1,7.877385
O=Cc1ccc(C(=O)N2CCC(CNc3ccc(Br)cc3)CC2)cc1,5.20461,O=Cc1ccc(C(=O)N2CCC(C(=O)Nc3ccc(Br)cc3)CC2)cc1,5.883677
N[C@H](CNc1cccc2cc[nH]c12)c1ccccc1,4.015578,N[C@H](C(=O)Nc1cccc2cc[nH]c12)c1ccccc1,5.020956
Nc1ccc(-c2nc(F)ccc2NCc2ccc(-c3nnn(CC4CC4)n3)nc2)cc1,6.859747,Nc1ccc(-c2nc(F)ccc2NC(=O)c2ccc(-c3nnn(CC4CC4)n3)nc2)cc1,6.960717
Oc1cc(CNc2ccc(-c3cccc(NCC4CCN4)c3)cc2)ccc1NCC1CNC1,7.831049,O=C(Nc1ccc(CNc2ccc(-c3cccc(NCC4CCN4)c3)cc2)cc1O)C1CNC1,7.827173
O=C(Nc1ccc(C(=O)NC2CC2)cc1NC[C@@H]1Cc2ccccc2CN1)c1ccc(CCl)cc1,6.796239,O=C(Nc1ccc(C(=O)NC2CC2)cc1NC(=O)[C@@H]1Cc2ccccc2CN1)c1ccc(CCl)cc1,6.07108
OB(O)c1cccc(NCC2CCNCC2)c1,2.910825,O=C(Nc1cccc(B(O)O)c1)C1CCNCC1,4.206943
Nc1c(O)cccc1CNc1cccc(-c2cccc(-c3nc4cc(C(=O)NC5CC5)ccc4o3)c2)c1,7.419086,Nc1c(O)cccc1C(=O)Nc1cccc(-c2cccc(-c3nc4cc(C(=O)NC5CC5)ccc4o3)c2)c1,7.018106
C[C@@H](NCc1ccc(N)c(O)c1)C(=O)O,2.741187,C[C@@H](N)C(=O)Nc1ccc(C(=O)O)cc1O,2.83287
N[C@@H](CNc1ccccc1-c1nc2cc(C(=O)O)ccc2o1)c1ccccc1,5.114176,N[C@@H](C(=O)Nc1ccccc1-c1nc2cc(C(=O)O)ccc2o1)c1ccccc1,5.622173
N#Cc1ccc(CN2CCC(C(=O)Nc3ccccn3)CC2)cn1,5.933527,N#Cc1ccc(C(=O)N2CCC(C(=O)Nc3ccccn3)CC2)cn1,6.211585
OB(O)c1cccc(-c2nnn(Cc3ccccc3CNc3ccnc4ccccc34)n2)c1,4.813604,O=C(Nc1ccnc2ccccc12)c1ccccc1Cn1nnc(-c2cccc(B(O)O)c2)n1,5.210211
O=C(NC1CC1)c1cccc(-c2nc3cc(CNC45CC(C4)C5)ccc3o2)c1,8.034753,O=C(NC1CC1)c1cccc(-c2nc3cc(C(=O)NC45CC(C4)C5)ccc3o2)c1,7.213175
N#Cc1cccc(-c2cc(NCc3ccc(Cn4nnc(-c5cncc(NC6CC6)c5)n4)cc3)[nH]n2)c1,6.564282,N#Cc1cccc(-c2cc(NC(=O)c3ccc(Cn4nnc(-c5cncc(NC6CC6)c5)n4)cc3)[nH]n2)c1,6.707506
O=C(Nc1cccc2cc[nH]c12)[C@H]1CCCN1Cc1cccc(CNc2cc(Br)n[nH]2)c1,6.005562,O=C(Nc1cc(Br)n[nH]1)c1cccc(CN2CCC[C@@H]2C(=O)Nc2cccc3cc[nH]c23)c1,6.218272
Nc1ccc(CNc2c(F)cccc2C(=O)N2CCC(C(=O)O)CC2)cc1O,4.040079,Nc1c(F)cccc1C(=O)N1CCC(C(=O)Nc2ccc(C(=O)O)cc2O)CC1,4.846359
COc1ccc(NCc2ccc(-c3nnn(CC4CC4)n3)nc2)c(NCC2CCN2)c1,7.544177,COc1ccc(NC(=O)c2ccc(-c3nnn(CC4CC4)n3)nc2)c(NCC2CCN2)c1,7.226279
N#Cc1ccc2oc(-c3ccc(CN4CCC4C(=O)O)cc3)nc2c1,5.377381,N#Cc1ccc2oc(-c3ccc(C(=O)N4CCC4C(=O)O)cc3)nc2c1,5.479307
O=C(O)c1ccc(Cn2nnc(-c3ccc(O)c(NC4CN(CCNCC5CCN5)C4)c3)n2)cc1,5.420912,O=C(O)c1ccc(Cn2nnc(-c3ccc(O)c(NC4CN(CCNC(=O)C5CCN5)C4)c3)n2)cc1,5.979933
O=C(O)c1cccc(NC2(CNc3cccc(B(O)O)c3)CCC2)n1,3.63715,O=C(Nc1cccc(B(O)O)c1)c1cccc(NC2(C(=O)O)CCC2)n1,4.438797
O=C(Nc1cc(-c2nc3cc(-c4nnn(CC5CC5)n4)ccc3o2)ccc1NC[C@@H]1Cc2ccccc2CN1)C1CCNCC1,7.244072,O=C(Nc1cc(-c2nc3cc(-c4nnn(CC5CC5)n4)ccc3o2)ccc1NC(=O)[C@@H]1Cc2ccccc2CN1)C1CCNCC1,5.586368
N#Cc1ccc(CN2CCC2CN2CCC2C(=O)O)cn1,4.657045,N#Cc1ccc(C(=O)N2CCC2CN2CCC2C(=O)O)cn1,4.624701
Nc1ccc(CNCCc2ccccc2)cc1N,4.021001,Nc1ccc(C(=O)NCCc2ccccc2)cc1N,4.467353
c1ccc2c(c1)CN[C@H](CN(Cc1ccc3nc(-c4ccc(CO[C@H]5CN6CCC5CC6)cc4)oc3c1)C13CC(C1)C3)C2,7.705018,O=C([C@@H]1Cc2ccccc2CN1)N(Cc1ccc2nc(-c3ccc(CO[C@H]4CN5CCC4CC5)cc3)oc2c1)C12CC(C1)C2,7.579813
Nc1ccccc1CNc1ccc(-c2cccc(NCc3ccc(CCl)cc3)c2)cc1,5.857599,Nc1cccc(-c2ccc(NCc3ccccc3NC(=O)c3ccc(CCl)cc3)cc2)c1,5.821635
O=C(O)[C@H](Cc1cccs1)NCc1ccc(CN2CC(CNc3ccc(Nc4ccnc5ccccc45)cc3)C2)cc1,5.128706,O=C(N[C@@H](Cc1cccs1)C(=O)O)c1ccc(CN2CC(CNc3ccc(Nc4ccnc5ccccc45)cc3)C2)cc1,5.091203
OB(O)c1cccc(-c2nnn(Cc3ccccc3CNC34CC(C3)C4)n2)c1,4.98969,O=C(NC12CC(C1)C2)c1ccccc1Cn1nnc(-c2cccc(B(O)O)c2)n1,5.190703
O=C(NCc1ccccc1)c1ccc(CN(Cc2ccc3[nH]c(C4CCN4)nc3c2)c2ccnc3ccccc23)cc1,7.590461,O=C(NCc1ccccc1)c1ccc(CN(C(=O)c2ccc3[nH]c(C4CCN4)nc3c2)c2ccnc3ccccc23)cc1,7.573206
Nc1ccc(-c2nc3cc(-c4nc5cc(C(=O)O)ccc5[nH]4)ccc3o2)cc1NC[C@@H]1CCCN1,5.793143,Nc1cc(-c2nc3cc(-c4nc5cc(C(=O)O)ccc5[nH]4)ccc3o2)ccc1NC(=O)[C@@H]1CCCN1,6.520269
C[C@@H](c1ccccc1)N(C(=O)c1cccnc1)c1cccc(CNC23CC(C2)C3)n1,6.27619,C[C@@H](c1ccccc1)N(C(=O)c1cccnc1)c1cccc(C(=O)NC23CC(C2)C3)n1,6.180001
C#CCNCc1ccc(N)c(N)c1,3.069082,C#CCNC(=O)c1ccc(N)c(N)c1,3.202445
Nc1ccc(CNC23CC(C2)C3)cc1NCc1ccc(-c2nnnn2Cc2cccc(-c3nnnn3CC3CC3)c2)nc1,7.387998,Nc1ccc(C(=O)NC23CC(C2)C3)cc1NCc1ccc(-c2nnnn2Cc2cccc(-c3nnnn3CC3CC3)c2)nc1,7.358865
O=C(O)[C@@H]1CCCN1C(=O)CNCc1ccc(O)c(NCc2ccc3[nH]c(C4CNC4)nc3c2)c1,5.582889,O=C(Nc1cc(CNCC(=O)N2CCC[C@H]2C(=O)O)ccc1O)c1ccc2[nH]c(C3CNC3)nc2c1,5.581119
Oc1c(Br)cccc1NCc1ccccn1,3.78792,O=C(Nc1cccc(Br)c1O)c1ccccn1,3.958793
Nc1ccccc1CNc1c(O)cccc1C(=O)O,2.96577,Nc1c(O)cccc1C(=O)Nc1ccccc1C(=O)O,3.574779
Nc1ccc(CNc2ccccn2)cc1O,3.728028,Nc1ccc(C(=O)Nc2ccccn2)cc1O,4.149339
Nc1c(O)cccc1CN[C@H](Cc1ccc(O)cc1)C(=O)O,3.390037,N[C@H](Cc1ccc(O)cc1)C(=O)Nc1c(O)cccc1C(=O)O,2.86989
c1ccc2c(c1)CN[C@H](CNc1ccc(-c3cc(NCc4ccc5nc(C6CCN6)oc5c4)[nH]n3)cc1)C2,8.05165,O=C(Nc1cc(-c2ccc(NC[C@@H]3Cc4ccccc4CN3)cc2)n[nH]1)c1ccc2nc(C3CCN3)oc2c1,7.932745
Nc1cc(Nc2ccnc3ccccc23)ccc1NCC1CCN1,6.256618,Nc1cc(Nc2ccnc3ccccc23)ccc1NC(=O)C1CCN1,6.597466
c1cc2nc(C3CCNCC3)[nH]c2cc1CNc1ccc(-c2ccc3oc(C4CNC4)nc3c2)cc1,7.947125,O=C(Nc1ccc(-c2ccc3oc(C4CNC4)nc3c2)cc1)c1ccc2nc(C3CCNCC3)[nH]c2c1,6.873421
N[C@H](CNc1ccc(B(O)O)cc1)Cc1c[nH]c2ccccc12,2.923329,N[C@@H](Cc1c[nH]c2ccccc12)C(=O)Nc1ccc(B(O)O)cc1,3.488009
Cc1cc(NCCc2c[nH]c3ccccc23)cnc1NC[C@@H]1Cc2ccccc2CN1,6.85816,Cc1cc(NCCc2c[nH]c3ccccc23)cnc1NC(=O)[C@@H]1Cc2ccccc2CN1,6.963643
Fc1nc(NC[C@@H]2Cc3ccccc3CN2)c2nc[nH]c2n1,5.68127,O=C(Nc1nc(F)nc2[nH]cnc12)[C@@H]1Cc2ccccc2CN1,6.131802
O=C(Nc1ccc(-c2ccc(NCc3ccc4nc([C@@H]5CCCN5)oc4c3)cc2)cc1)[C@H]1CCCN1,7.839037,O=C(Nc1ccc(-c2ccc(NC(=O)[C@H]3CCCN3)cc2)cc1)c1ccc2nc([C@@H]3CCCN3)oc2c1,7.476547
N[C@@H](CN1CCC[C@H](O)C1)c1ccccc1,2.660621,N[C@@H](C(=O)N1CCC[C@H](O)C1)c1ccccc1,3.579862
C1CN[C@H](CNC23CC(C2)C3)C1,3.675185,O=C(NC12CC(C1)C2)[C@@H]1CCCN1,5.792119
O=C(NC1CC1)c1cccc(-c2cccc(-c3nc4c(CNC56CC(C5)C6)cccc4o3)c2)c1,7.99356,O=C(NC1CC1)c1cccc(-c2cccc(-c3nc4c(C(=O)NC56CC(C5)C6)cccc4o3)c2)c1,7.648285
O=C(NCc1cn(CC2CC2)nn1)c1ccc2oc(-c3cccc(CN4CCC4C(=O)O)c3)nc2c1,7.24037,O=C(NCc1cn(CC2CC2)nn1)c1ccc2oc(-c3cccc(C(=O)N4CCC4C(=O)O)c3)nc2c1,7.286088
OB(O)c1ccc(NC[C@H](NCC2CNC2)c2ccccc2)cc1,4.213953,O=C(N[C@@H](CNc1ccc(B(O)O)cc1)c1ccccc1)C1CNC1,5.051496
Cc1cc(-c2cccc(CNc3cccc(-c4ccc(NC(=O)NC5CC5)cc4)c3)c2)cnc1N,7.36921,Cc1cc(-c2cccc(C(=O)Nc3cccc(-c4ccc(NC(=O)NC5CC5)cc4)c3)c2)cnc1N,7.056354
c1ccc(NCc2ccc(COCC3CN(Cc4ccc(COCC5CNC5)cc4)C3)cc2)nc1,7.215816,O=C(c1ccc(COCC2CNC2)cc1)N(Cc1ccc(COCC2CNC2)cc1)c1ccccn1,7.549939
O=C(NCc1c[nH]c2ccccc12)c1ccc2oc(-c3ccc(O)c(NCc4ccc(CO[C@H]5CN6CCC5CC6)cc4)c3)nc2c1,7.84582,O=C(NCc1c[nH]c2ccccc12)c1ccc2oc(-c3ccc(O)c(NC(=O)c4ccc(CO[C@H]5CN6CCC5CC6)cc4)c3)nc2c1,7.788588
Nc1c(O)cccc1CNc1ccc(-c2cccc(C=O)c2)cc1,5.164807,Nc1c(O)cccc1C(=O)Nc1ccc(-c2cccc(C=O)c2)cc1,4.81084
Cc1cc(-c2cccc(NCc3ccc(F)cc3)c2)cnc1N,5.146111,Cc1cc(-c2cccc(N)c2)cnc1NC(=O)c1ccc(F)cc1,5.372307
O=C(NCc1cn(CC2CC2)c2ccccc12)[C@@H]1CCCN(Cc2ccc3nc(C4CNC4)[nH]c3c2)C1,8.08263,O=C(NCc1cn(CC2CC2)c2ccccc12)[C@@H]1CCCN(C(=O)c2ccc3nc(C4CNC4)[nH]c3c2)C1,8.191124
O=C(Nc1ccccn1)c1ccccc1Nc1ccc(NCc2ccc(CCl)cc2)cc1,5.567923,O=C(Nc1ccc(Nc2ccccc2C(=O)Nc2ccccn2)cc1)c1ccc(CCl)cc1,5.96412
O=C([C@@H]1Cc2ccccc2CN1C[C@@H]1Cc2ccccc2CN1)N1CCC(N(C(=O)C2CNC2)c2ccccc2O)CC1,6.773562,O=C([C@@H]1Cc2ccccc2CN1)N1CCC(N(C(=O)C2CN(C(=O)[C@@H]3Cc4ccccc4CN3)C2)c2ccccc2O)CC1,6.745333
Nc1ccc(NCCc2ccccc2-c2cccc(NCc3ccc4oc(C5CNC5)nc4c3)c2)cc1,7.384765,Nc1ccc(NCCc2ccccc2-c2cccc(NC(=O)c3ccc4oc(C5CNC5)nc4c3)c2)cc1,7.496272
c1ccc2c(c1)CN[C@H](CN1CCC(c3nc4ccc(-c5cn(CC6CC6)nn5)cc4o3)CC1)C2,7.966548,O=C([C@@H]1Cc2ccccc2CN1)N1CCC(c2nc3ccc(-c4cn(CC5CC5)nn4)cc3o2)CC1,7.846547
c1cnc(NCCc2c[nH]c3ccccc23)c(NCc2ccc3nc(C4CNC4)oc3c2)c1,7.117982,O=C(Nc1cccnc1NCCc1c[nH]c2ccccc12)c1ccc2nc(C3CNC3)oc2c1,7.270863
Oc1cc(Br)ccc1NCc1cccc(CNc2ccnc3ccccc23)c1,5.287615,O=C(Nc1ccc(Br)cc1O)c1cccc(CNc2ccnc3ccccc23)c1,5.431535
Nc1ccc(CN2CC(CO)C2)cc1N,2.921515,Nc1ccc(C(=O)N2CC(CO)C2)cc1N,3.465729
Nc1c(O)cccc1CNCCc1ccccc1Nc1ccc(Br)cc1,4.474195,Nc1c(O)cccc1C(=O)NCCc1ccccc1Nc1ccc(Br)cc1,4.559781
c1cc(NCc2ccc3oc(C4CNC4)nc3c2)cc(-c2c[nH]cn2)c1,7.255739,O=C(Nc1cccc(-c2c[nH]cn2)c1)c1ccc2oc(C3CNC3)nc2c1,7.147837
Nc1ccc(CNc2n[nH]cc2-c2cnnn2CC2CC2)cc1O,5.206567,Nc1ccc(C(=O)Nc2n[nH]cc2-c2cnnn2CC2CC2)cc1O,5.557374
O=C(NCc1ccccc1)c1ccc(O)c(NCC2CCN2)c1,7.049153,O=C(NCc1ccccc1)c1ccc(O)c(NC(=O)C2CCN2)c1,6.987247
Nc1ccc(CNc2c(O)cccc2C(=O)O)cc1O,3.093876,Nc1c(O)cccc1C(=O)Nc1ccc(C(=O)O)cc1O,3.600073
Cc1cc(Br)cnc1NCc1ccc2nc(C3CNC3)oc2c1,6.317025,Cc1cc(Br)cnc1NC(=O)c1ccc2nc(C3CNC3)oc2c1,6.298727
OB(O)c1cccc(NCc2cc(B(O)O)ccc2F)c1,2.754586,O=C(Nc1cccc(B(O)O)c1)c1cc(B(O)O)ccc1F,2.943096
O=C(NC1CC1)c1ccc(-c2nc3ccc(CN4CCC(C(=O)Nc5ccccn5)CC4)cc3o2)cc1,7.808056,O=C(NC1CC1)c1ccc(-c2nc3ccc(C(=O)N4CCC(C(=O)Nc5ccccn5)CC4)cc3o2)cc1,7.507442
O=C(Nc1ccnc2ccccc12)c1ccc2nc(-c3cccnc3-c3ccc(NCC4CCN4)cc3)[nH]c2c1,7.284442,O=C(Nc1ccnc2ccccc12)c1ccc2nc(-c3cccnc3-c3ccc(NC(=O)C4CCN4)cc3)[nH]c2c1,6.393239
O=C(Nc1cccc2ccn(Cc3cccnc3)c12)C1CN(Cc2ccc3oc(C4CNC4)nc3c2)C1,7.297647,O=C(Nc1cccc2ccn(Cc3cccnc3)c12)C1CN(C(=O)c2ccc3oc(C4CNC4)nc3c2)C1,7.576593
O=C(O)[C@@H]1CCCN1Cc1cccc(-c2ccc3oc([C@H]4CCCN4)nc3c2)c1,5.931437,O=C(O)[C@@H]1CCCN1C(=O)c1cccc(-c2ccc3oc([C@H]4CCCN4)nc3c2)c1,5.905059
c1cc(Nc2ccc(NCC3CNC3)c(NCc3ccc(-c4nnn(CC5CC5)n4)nc3)c2)c2[nH]ccc2c1,7.494841,O=C(Nc1ccc(Nc2cccc3cc[nH]c23)cc1NCc1ccc(-c2nnn(CC3CC3)n2)nc1)C1CNC1,7.583257
O=C(O)c1cccc(-c2nc(F)ccc2NCC2CNC2)c1,5.085258,O=C(O)c1cccc(-c2nc(F)ccc2NC(=O)C2CNC2)c1,5.816361
Nc1cc(CN2CCC2C(=O)O)ccc1NC[C@@H]1Cc2ccccc2CN1,5.992308,Nc1cc(CN2CCC2C(=O)O)ccc1NC(=O)[C@@H]1Cc2ccccc2CN1,5.988238
Brc1ncccc1NCc1ccc2[nH]c(C3CNC3)nc2c1,6.58442,O=C(Nc1cccnc1Br)c1ccc2[nH]c(C3CNC3)nc2c1,6.656567
c1cc(-c2ccnc(N(C[C@@H]3Cc4ccccc4CN3)C34CC(C3)C4)c2)cc(-c2nnn(CC3CC3)n2)c1,6.878937,O=C([C@@H]1Cc2ccccc2CN1)N(c1cc(-c2cccc(-c3nnn(CC4CC4)n3)c2)ccn1)C12CC(C1)C2,6.051407
OB(O)c1cccc(NCc2ccccc2NC[C@@H]2Cc3ccccc3CN2)c1,5.056086,O=C(Nc1ccccc1CNc1cccc(B(O)O)c1)[C@@H]1Cc2ccccc2CN1,5.330912
NCc1nc2ccc(CNc3cccc(B(O)O)c3)cc2[nH]1,3.429835,NCc1nc2ccc(C(=O)Nc3cccc(B(O)O)c3)cc2[nH]1,3.643437
NCCc1ccccc1-c1ccc(-c2nnnn2Cc2ccc(CNC34CC(C3)C4)cc2)c(F)c1,6.117346,NCCc1ccccc1-c1ccc(-c2nnnn2Cc2ccc(C(=O)NC34CC(C3)C4)cc2)c(F)c1,5.889191
c1ccc2c(c1)CN[C@H](CN1CCN(Cc3ccc(-c4cn(CC5CC5)cn4)cc3)CC1)C2,7.908731,O=C([C@@H]1Cc2ccccc2CN1)N1CCN(Cc2ccc(-c3cn(CC4CC4)cn3)cc2)CC1,8.055559
O=C(O)[C@@H]1Cc2ccccc2CN1Cc1cccc(O)c1NC[C@@H]1Cc2ccccc2CN1,5.782569,O=C(Nc1c(O)cccc1CN1Cc2ccccc2C[C@H]1C(=O)O)[C@@H]1Cc2ccccc2CN1,5.853943
N#Cc1ccc(CNc2cc(C(=O)NC3CC3)ccc2NCc2ccc3nc(C4CNC4)[nH]c3c2)cn1,7.394285,N#Cc1ccc(C(=O)Nc2cc(C(=O)NC3CC3)ccc2NCc2ccc3nc(C4CNC4)[nH]c3c2)cn1,7.000786
Nc1ccc(CNc2cccnc2Br)cc1N,3.420696,Nc1ccc(C(=O)Nc2cccnc2Br)cc1N,3.909057
c1ccc2c(c1)CN[C@H](CNCCc1ccccc1N1CCC[C@H](OCc3ccc(-c4nnn(CC5CC5)n4)cc3)C1)C2,7.736587,O=C(NCCc1ccccc1N1CCC[C@H](OCc2ccc(-c3nnn(CC4CC4)n3)cc2)C1)[C@@H]1Cc2ccccc2CN1,7.84766
O=C(Nc1cccc(Br)c1NCC1CNC1)c1cccc(-c2ccc(NC(=O)[C@H]3CCCN3)cc2)c1,7.148215,O=C(Nc1cccc(Br)c1NC(=O)C1CNC1)c1cccc(-c2ccc(NC(=O)[C@H]3CCCN3)cc2)c1,6.352134
O[C@H]1CN[C@H](c2nc3ccc(CNc4cc(-c5cccc(-c6nnn(CC7CC7)n6)c5)n[nH]4)cc3o2)C1,7.563025,O=C(Nc1cc(-c2cccc(-c3nnn(CC4CC4)n3)c2)n[nH]1)c1ccc2nc([C@@H]3C[C@@H](O)CN3)oc2c1,7.571498
Oc1ccc(CNC23CC(C2)C3)cc1NCc1c[nH]c2ccccc12,6.10868,O=C(NC12CC(C1)C2)c1ccc(O)c(NCc2c[nH]c3ccccc23)c1,6.575531
C[C@H](NC(=O)Nc1ccc(-c2cccc(CN(Cc3ccccc3)CC3CCN3)c2)cc1)c1ccccc1,6.698884,C[C@H](NC(=O)Nc1ccc(-c2cccc(CN(Cc3ccccc3)C(=O)C3CCN3)c2)cc1)c1ccccc1,7.229837
Cc1cc(Nc2cccc(-c3cncc(-c4nnn(Cc5cccc(C#N)c5)n4)c3)c2)cnc1NCC1CCN1,6.959949,Cc1cc(Nc2cccc(-c3cncc(-c4nnn(Cc5cccc(C#N)c5)n4)c3)c2)cnc1NC(=O)C1CCN1,6.865717
Nc1cc(-c2nnn(CC3CC3)n2)ccc1NCc1ccc2nc(-c3ccccc3CO[C@H]3CN4CCC3CC4)oc2c1,8.001127,Nc1cc(-c2nnn(CC3CC3)n2)ccc1NC(=O)c1ccc2nc(-c3ccccc3CO[C@H]3CN4CCC3CC4)oc2c1,7.790287
O=C(NC1CC1)c1ccc(CN2CCC[C@@H]2CNCCc2cn(CC3CC3)c3ccccc23)cc1,7.815349,O=C(NC1CC1)c1ccc(CN2CCC[C@@H]2C(=O)NCCc2cn(CC3CC3)c3ccccc23)cc1,8.023034
OB(O)c1ccc(-c2nc3cccc(-c4cccc(NCC5CCN5)c4)c3o2)cc1,6.249573,O=C(Nc1cccc(-c2cccc3nc(-c4ccc(B(O)O)cc4)oc23)c1)C1CCN1,6.658562
N#Cc1ccc(CNc2cccc(-c3ccc4nc(C5CNC5)oc4c3)c2)cn1,7.338994,N#Cc1ccc(C(=O)Nc2cccc(-c3ccc4nc(C5CNC5)oc4c3)c2)cn1,7.202501
c1cc(-c2cc(NCc3ccc4nc([C@H]5CCCN5)oc4c3)[nH]n2)cc(-c2nnn(CC3CC3)n2)c1,8.17133,O=C(Nc1cc(-c2cccc(-c3nnn(CC4CC4)n3)c2)n[nH]1)c1ccc2nc([C@H]3CCCN3)oc2c1,7.930571
COc1ccccc1CNc1ccc(NCc2ccc3nc(-c4ccc(CO[C@H]5CN6CCC5CC6)cc4)oc3c2)cc1,7.932428,COc1ccccc1CNc1ccc(NC(=O)c2ccc3nc(-c4ccc(CO[C@H]5CN6CCC5CC6)cc4)oc3c2)cc1,7.874698
c1cc(-c2nnn(CC3CC3)n2)ccc1COCC1CN(Cc2ccc3nc(C4CNC4)[nH]c3c2)C1,8.102353,O=C(c1ccc2nc(C3CNC3)[nH]c2c1)N1CC(COCc2ccc(-c3nnn(CC4CC4)n3)cc2)C1,8.046191
Nc1ccc(CNc2cc(C(=O)O)ccc2NCc2ccc3nc(C4CNC4)oc3c2)cc1O,6.142222,Nc1cc(C(=O)Nc2ccc(C(=O)O)cc2O)ccc1NCc1ccc2nc(C3CNC3)oc2c1,6.449698
Nc1ccc(C(=O)Nc2cccc3cc[nH]c23)cc1NCC1CCN1,6.82572,Nc1cc(C(=O)Nc2cccc3cc[nH]c23)ccc1NC(=O)C1CCN1,6.797296
O=Cc1cccc(CNC2(C(=O)N3CC(C(=O)NCCc4ccccc4)C3)CCC2)c1,6.002219,O=Cc1cccc(C(=O)NC2(C(=O)N3CC(C(=O)NCCc4ccccc4)C3)CCC2)c1,6.034811
O=C(Nc1cccc(-c2cnc(F)nc2)c1)c1ccccc1NCc1ccc(CO[C@H]2CN3CCC2CC3)cc1,7.768538,O=C(Nc1ccccc1C(=O)Nc1cccc(-c2cnc(F)nc2)c1)c1ccc(CO[C@H]2CN3CCC2CC3)cc1,7.847798
NC(=O)C[C@@H](N)C(=O)Nc1cccnc1-c1cccc(NCC2CCN2)c1,5.263356,NC(=O)C[C@@H](N)C(=O)Nc1cccnc1-c1cccc(NC(=O)C2CCN2)c1,5.510785
O=C(NCc1cn(CC2CC2)c2ccccc12)c1ccc2nc(C3CN(C[C@@H]4Cc5ccccc5CN4)C3)oc2c1,7.982541,O=C(NCc1cn(CC2CC2)c2ccccc12)c1ccc2nc(C3CN(C(=O)[C@@H]4Cc5ccccc5CN4)C3)oc2c1,7.907924
OB(O)c1cccc(NCc2ccc(NCc3ccc(CO[C@H]4CN5CCC4CC5)cc3)c(O)c2)c1,6.358927,O=C(Nc1ccc(CNc2cccc(B(O)O)c2)cc1O)c1ccc(CO[C@H]2CN3CCC2CC3)cc1,6.509072
O=C(NC1CC1)c1ccc2nc(-c3ccc(CNc4nc(F)nc5[nH]cnc45)cc3)[nH]c2c1,7.125026,O=C(Nc1nc(F)nc2[nH]cnc12)c1ccc(-c2nc3ccc(C(=O)NC4CC4)cc3[nH]2)cc1,7.216217
N#Cc1ccc(CNc2ccccc2C(=O)NCCc2ccncc2)cn1,5.174117,N#Cc1ccc(C(=O)Nc2ccccc2C(=O)NCCc2ccncc2)cn1,5.589472
c1ccc2c(NCC3CN(CC4CCN4)C3)ccnc2c1,5.114112,O=C(C1CCN1)N(CC1CNC1)c1ccnc2ccccc12,6.050135
c1cc(NCc2cccc(C3NCCc4ccccc43)c2)cc(-c2cn(CC3CC3)cn2)c1,8.139852,O=C(Nc1cccc(-c2cn(CC3CC3)cn2)c1)c1cccc(C2NCCc3ccccc32)c1,8.137724
O=Cc1cccc(CNc2ccc(Br)cc2)c1,3.886695,O=Cc1cccc(C(=O)Nc2ccc(Br)cc2)c1,4.255377
O=C(O)CNC(=O)[C@H](NCC1CNC1)c1ccccc1,4.246968,O=C(O)CNC(=O)[C@H](NC(=O)C1CNC1)c1ccccc1,5.095071
C[C@@H](NCc1ccc(CCl)cc1)c1ccccc1,4.121207,C[C@@H](NC(=O)c1ccc(CCl)cc1)c1ccccc1,4.548939
Nc1ccc(-c2nnn(Cc3ccccc3C(=O)O)n2)cc1NCc1cccc(F)n1,5.391204,Nc1cc(-c2nnn(Cc3ccccc3C(=O)O)n2)ccc1NC(=O)c1cccc(F)n1,5.253729
Nc1ccc(CN2CCC2C(=O)Nc2ccc(-c3cc(NC(=O)NCc4c[nH]c5ccccc45)[nH]n3)cc2)cc1N,6.91133,Nc1ccc(C(=O)N2CCC2C(=O)Nc2ccc(-c3cc(NC(=O)NCc4c[nH]c5ccccc45)[nH]n3)cc2)cc1N,7.084536
O=C(NC1CC1)c1ccc(CNc2cc(C(=O)N3CCNCC3)ccc2NCc2ccncc2)cc1,6.6514,O=C(Nc1ccc(C(=O)N2CCNCC2)cc1NCc1ccc(C(=O)NC2CC2)cc1)c1ccncc1,6.511587
O=C(Nc1ccnc2ccccc12)C1CCN1C1CCN(C(=O)C2CN(C[C@@H]3Cc4ccccc4CN3)C2)C1,7.133614,O=C(Nc1ccnc2ccccc12)C1CCN1C1CCN(C(=O)C2CN(C(=O)[C@@H]3Cc4ccccc4CN3)C2)C1,6.783444
Nc1cc(CNc2ccc(-c3cccc(NC(=O)C4CCNCC4)c3)cc2)ccc1O,6.762684,Nc1cc(C(=O)Nc2ccc(-c3cccc(NC(=O)C4CCNCC4)c3)cc2)ccc1O,6.815108
Nc1ccc(-c2cccc(NC[C@@H]3Cc4ccccc4CN3)c2)cc1NCc1ccc2nc(C3CNC3)[nH]c2c1,8.007082,Nc1ccc(-c2cccc(NC(=O)[C@@H]3Cc4ccccc4CN3)c2)cc1NCc1ccc2nc(C3CNC3)[nH]c2c1,7.892402
Nc1ccc(CNc2cccc(-c3ccc(N=C=O)cc3)c2)cc1N,5.257312,Nc1ccc(C(=O)Nc2cccc(-c3ccc(N=C=O)cc3)c2)cc1N,5.4085
OB(O)c1cccc(CNc2cccc(B(O)O)c2)c1,2.736763,O=C(Nc1cccc(B(O)O)c1)c1cccc(B(O)O)c1,2.920065
c1cc(-c2cc(NCc3ccc4nc([C@H]5CCCNC5)oc4c3)[nH]n2)cc(-c2nnn(CC3CC3)n2)c1,8.025961,O=C(Nc1cc(-c2cccc(-c3nnn(CC4CC4)n3)c2)n[nH]1)c1ccc2nc([C@H]3CCCNC3)oc2c1,7.912517
Nc1ccc(CNc2ccc(C(=O)N3CCC(c4nc5ccc(CNC67CC(C6)C7)cc5o4)CC3)cc2N)cc1N,6.857067,Nc1ccc(CNc2ccc(C(=O)N3CCC(c4nc5ccc(C(=O)NC67CC(C6)C7)cc5o4)CC3)cc2N)cc1N,6.815789
O=C(O)[C@@H](Cc1c[nH]c2ccccc12)NCc1ccc(CO[C@@H]2CCNC2)cc1,4.848907,O=C(N[C@H](Cc1c[nH]c2ccccc12)C(=O)O)c1ccc(CO[C@@H]2CCNC2)cc1,4.943328
Brc1ccc(Nc2c[nH]nc2NCc2ccc3oc(C4CNC4)nc3c2)cc1,6.495023,O=C(Nc1n[nH]cc1Nc1ccc(Br)cc1)c1ccc2oc(C3CNC3)nc2c1,6.765587
Nc1ccc(CNc2ccc(C(=O)O)cc2O)cc1N,3.855812,Nc1ccc(C(=O)Nc2cc(C(=O)O)ccc2N)cc1O,3.84967
O=C(NCCc1cn(CC2CC2)c2ccccc12)c1ccc(COC[C@H]2CCCN2CC2CCN2)cc1,7.654426,O=C(NCCc1cn(CC2CC2)c2ccccc12)c1ccc(COC[C@H]2CCCN2C(=O)C2CCN2)cc1,7.707195
O=C(NC1CC1)c1ccc(Cn2cc(CCNCC3CCN3)c3ccccc32)cc1,7.63759,O=C(NC1CC1)c1ccc(Cn2cc(CCNC(=O)C3CCN3)c3ccccc32)cc1,7.89811
O=C(Nc1ccccn1)c1cccc2oc(C3CCN(C(=O)C4CCN4C[C@@H]4Cc5ccccc5CN4)CC3)nc12,7.491603,O=C(Nc1ccccn1)c1cccc2oc(C3CCN(C(=O)C4CCN4C(=O)[C@@H]4Cc5ccccc5CN4)CC3)nc12,7.471675
Fc1ncc(-c2cccc(NCC3CCN3Cc3ccc4oc(C5CNC5)nc4c3)c2)cn1,7.929204,O=C(c1ccc2oc(C3CNC3)nc2c1)N(CC1CCN1)c1cccc(-c2cnc(F)nc2)c1,7.304301
O=C(NCc1c[nH]c2ccccc12)c1ccc2nc(-c3ccc(CNCCc4c[nH]c5ccccc45)cc3)[nH]c2c1,6.943426,O=C(NCCc1c[nH]c2ccccc12)c1ccc(-c2nc3ccc(C(=O)NCc4c[nH]c5ccccc45)cc3[nH]2)cc1,7.003647
O=C(Nc1ccnc2ccccc12)c1cc(-c2ccc3oc(C4CN(C[C@@H]5Cc6ccccc6CN5)C4)nc3c2)ccc1F,7.544311,O=C(Nc1ccnc2ccccc12)c1cc(-c2ccc3oc(C4CN(C(=O)[C@@H]5Cc6ccccc6CN5)C4)nc3c2)ccc1F,7.555996
O=C(O)c1ccc2nc(-c3ccc(O)c(NCc4ccc5oc(C6CNC6)nc5c4)c3)oc2c1,7.083494,O=C(O)c1ccc2nc(-c3ccc(O)c(NC(=O)c4ccc5oc(C6CNC6)nc5c4)c3)oc2c1,6.975241
Fc1ncc(N(C[C@@H]2Cc3ccccc3CN2)c2ccc(-c3cccc(-c4nnn(CC5CC5)n4)c3)cc2)cn1,7.403669,O=C([C@@H]1Cc2ccccc2CN1)N(c1ccc(-c2cccc(-c3nnn(CC4CC4)n3)c2)cc1)c1cnc(F)nc1,7.357661
O=C(O)c1ccc(O)c(NCc2cccc(-c3nc4cc(C(=O)O)ccc4o3)c2)c1,5.362153,O=C(O)c1ccc(O)c(NC(=O)c2cccc(-c3nc4cc(C(=O)O)ccc4o3)c2)c1,5.270638
Fc1nc(NCc2ccc3oc(C4CNC4)nc3c2)c2nc[nH]c2n1,6.729933,O=C(Nc1nc(F)nc2[nH]cnc12)c1ccc2oc(C3CNC3)nc2c1,6.998019
Nc1cc(CNc2ccc(-c3cc(NCc4ccc(-c5nnnn5CC5CC5)nc4)[nH]n3)cc2)ccc1O,7.126353,Nc1cc(-c2ccc(NCc3ccc(O)c(NC(=O)c4ccc(-c5nnnn5CC5CC5)nc4)c3)cc2)n[nH]1,6.800253
O=Cc1ccccc1CN1CCC[C@H]1C(=O)O,2.782956,O=Cc1ccccc1C(=O)N1CCC[C@H]1C(=O)O,3.096925
NCCc1ccccc1-c1cccc(NCc2ccc(O)c(N)c2)c1,4.702753,NCCc1ccccc1-c1cccc(NC(=O)c2ccc(O)c(N)c2)c1,4.901554
Nc1ccc(N(Cc2ccc3oc(-c4ccc(CO[C@H]5CN6CCC5CC6)cc4)nc3c2)C2(C(=O)O)CCC2)cc1,7.149738,Nc1ccc(N(C(=O)c2ccc3oc(-c4ccc(CO[C@H]5CN6CCC5CC6)cc4)nc3c2)C2(C(=O)O)CCC2)cc1,6.997214
O=C(NC1CC1)c1ccc2oc(-c3ccnc(-c4cccc(NCC5CCN5)c4)c3)nc2c1,7.647764,O=C(NC1CC1)c1ccc2oc(-c3ccnc(-c4cccc(NC(=O)C5CCN5)c4)c3)nc2c1,5.060394
c1cc(NCC2CNC2)cc(-c2ncccc2NCc2ccc(-c3nnn(CC4CC4)n3)nc2)c1,8.011535,O=C(Nc1cccnc1-c1cccc(NCC2CNC2)c1)c1ccc(-c2nnn(CC3CC3)n2)nc1,7.858796
O=C(O)c1ccc(Cn2nnnc2-c2ccc(C(=O)Nc3ccccc3CNC34CC(C3)C4)cn2)cc1,6.373792,O=C(Nc1ccccc1C(=O)O)c1ccc(-c2nnnn2Cc2ccc(C(=O)NC34CC(C3)C4)cc2)nc1,6.428882
C#CCNC(=O)c1ccc2oc(-c3cccc(CN[C@@H](C)c4ccccc4)c3)nc2c1,5.926019,C#CCNC(=O)c1ccc2oc(-c3cccc(C(=O)N[C@@H](C)c4ccccc4)c3)nc2c1,6.190154
Nc1cccc(-c2cccc(NCC3CN(Cc4ccc(CO[C@H]5CN6CCC5CC6)cc4)C3)c2O)c1,7.141942,Nc1cccc(-c2cccc(N(CC3CNC3)C(=O)c3ccc(CO[C@H]4CN5CCC4CC5)cc3)c2O)c1,6.914085
O=C(O)C1CN(c2ccc(NCc3ccc(-c4nnn(CC5CC5)n4)nc3)c(O)c2)C1,6.847636,O=C(Nc1ccc(N2CC(C(=O)O)C2)cc1O)c1ccc(-c2nnn(CC3CC3)n2)nc1,6.504154
COc1ccc2nc(-c3ccc(CNCCc4c[nH]c5ccccc45)cc3)[nH]c2c1,5.828846,COc1ccc2nc(-c3ccc(C(=O)NCCc4c[nH]c5ccccc45)cc3)[nH]c2c1,5.897516
C[C@@H](NC(=O)Nc1ccccc1CNC1(C(=O)O)CCC1)c1ccccc1,4.807797,C[C@@H](NC(=O)Nc1ccccc1C(=O)NC1(C(=O)O)CCC1)c1ccccc1,5.466557
Brc1cc(-c2nc3cc(-c4cccc(NCC5CCN5)c4)ccc3o2)ccn1,7.302118,O=C(Nc1cccc(-c2ccc3oc(-c4ccnc(Br)c4)nc3c2)c1)C1CCN1,7.272671
Nc1ccc(CNc2ccc(C(=O)O)cc2N)cc1N,3.77556,Nc1ccc(C(=O)Nc2cc(C(=O)O)ccc2N)cc1N,3.932547
c1ccc2c(c1)c(CCNCc1ccc3nc(-c4ccc(CO[C@H]5CN6CCC5CC6)cc4)oc3c1)cn2CC1CC1,8.126456,O=C(NCCc1cn(CC2CC2)c2ccccc12)c1ccc2nc(-c3ccc(CO[C@H]4CN5CCC4CC5)cc3)oc2c1,8.285226
c1cc(NC[C@@H]2Cc3ccccc3CN2)cc(-c2ccc3nc(C4CCN4)oc3c2)c1,7.89986,O=C(Nc1cccc(-c2ccc3nc(C4CCN4)oc3c2)c1)[C@@H]1Cc2ccccc2CN1,7.500942
c1ccc2c(c1)CN[C@H](CN1CCC[C@@H]1c1nc3cc(-c4nnn(Cc5ccccc5-c5nnn(CC6CC6)n5)n4)ccc3o1)C2,7.781507,O=C([C@@H]1Cc2ccccc2CN1)N1CCC[C@@H]1c1nc2cc(-c3nnn(Cc4ccccc4-c4nnn(CC5CC5)n4)n3)ccc2o1,7.624553
O=C(Nc1ccccn1)C1(NCc2ccc3nc(C4CNC4)oc3c2)CCC1,7.841969,O=C(NC1(C(=O)Nc2ccccn2)CCC1)c1ccc2nc(C3CNC3)oc2c1,7.592524
c1cc(-c2nnn(CC3CC3)n2)ncc1CNc1ccc(-c2ccc(NCC3CCN3)cc2)cn1,8.183685,O=C(Nc1ccc(-c2ccc(NCC3CCN3)cc2)cn1)c1ccc(-c2nnn(CC3CC3)n2)nc1,5.668808
O=C(NCCc1cn(Cc2ccccc2CNC23CC(C2)C3)c2ccccc12)c1ccc(NC(=O)[C@@H]2CCCN2)c(O)c1,7.097172,O=C(NCCc1cn(Cc2ccccc2C(=O)NC23CC(C2)C3)c2ccccc12)c1ccc(NC(=O)[C@@H]2CCCN2)c(O)c1,7.238024
O=C(Nc1cccc2cc[nH]c12)C1CCN(Cc2ccc(-c3nc4cc(-c5nnn(CC6CC6)n5)ccc4o3)cc2)CC1,7.957592,O=C(Nc1cccc2cc[nH]c12)C1CCN(C(=O)c2ccc(-c3nc4cc(-c5nnn(CC6CC6)n5)ccc4o3)cc2)CC1,7.850482
N#Cc1ccc(CNc2n[nH]cc2Br)cn1,3.600692,N#Cc1ccc(C(=O)Nc2n[nH]cc2Br)cn1,3.965574
Oc1ccc(-c2nc3cccc(Br)c3o2)cc1NCC1CNC1,6.448917,O=C(Nc1cc(-c2nc3cccc(Br)c3o2)ccc1O)C1CNC1,6.611008
O=C([C@@H]1Cc2ccccc2CN1)N1CCC[C@@H]1CNc1cc(-c2ccc(CNc3ccnc4ccccc34)cc2)n[nH]1,7.848486,O=C(Nc1cc(-c2ccc(CNc3ccnc4ccccc34)cc2)n[nH]1)[C@H]1CCCN1C(=O)[C@@H]1Cc2ccccc2CN1,7.79685
O=C(Nc1cccc(-c2cccc(NC[C@@H]3Cc4ccccc4CN3)c2)c1O)[C@H]1CCCN1,7.522523,O=C(Nc1cccc(-c2cccc(NC(=O)[C@H]3CCCN3)c2O)c1)[C@@H]1Cc2ccccc2CN1,7.672475
N#Cc1ccc(CNc2ccc(C(=O)NCCc3c[nH]c4ccccc34)cc2O)cn1,5.794538,N#Cc1ccc(C(=O)Nc2ccc(C(=O)NCCc3c[nH]c4ccccc34)cc2O)cn1,5.79098
O=C(Nc1cc(-c2cccc(NC[C@@H]3Cc4ccccc4CN3)c2)ccc1O)[C@H](NCC1CCN1)c1ccccc1,7.507146,O=C(N[C@@H](C(=O)Nc1cc(-c2cccc(NC[C@@H]3Cc4ccccc4CN3)c2)ccc1O)c1ccccc1)C1CCN1,7.495776
N[C@H](CN1Cc2ccccc2C[C@H]1C(=O)O)c1ccccc1,4.317041,N[C@H](C(=O)N1Cc2ccccc2C[C@H]1C(=O)O)c1ccccc1,5.020151
Nc1ccc(CNc2ccc(Br)cc2)cc1N,3.798317,Nc1ccc(C(=O)Nc2ccc(Br)cc2)cc1N,4.180169
C[C@H](NC(=O)Nc1ccc(-c2cccc(NC[C@@H]3Cc4ccccc4CN3)c2)cc1O)c1ccccc1,7.295813,C[C@H](NC(=O)Nc1ccc(-c2cccc(NC(=O)[C@@H]3Cc4ccccc4CN3)c2)cc1O)c1ccccc1,7.304011
O=C(Nc1nc(F)nc2[nH]cnc12)c1cccc(O)c1NCc1ccc(-c2nnn(CC3CC3)n2)nc1,6.797452,O=C(Nc1c(O)cccc1C(=O)Nc1nc(F)nc2[nH]cnc12)c1ccc(-c2nnn(CC3CC3)n2)nc1,6.783403
N#Cc1ccc(CN(c2cccc3cc[nH]c23)C2CCN(c3ccnc(NC45CC(C4)C5)c3)C2)cn1,6.573463,N#Cc1ccc(C(=O)N(c2cc(N3CCC(Nc4cccc5cc[nH]c45)C3)ccn2)C23CC(C2)C3)cn1,6.342813
C[C@@H](NCc1ccc2nc(-c3ccc4nc([C@H]5CCCN5)[nH]c4c3)[nH]c2c1)c1ccccc1,7.229299,C[C@@H](NC(=O)c1ccc2nc(-c3ccc4nc([C@H]5CCCN5)[nH]c4c3)[nH]c2c1)c1ccccc1,7.187873
c1ccc2c(CNCc3ccc4oc(C5CNC5)nc4c3)c[nH]c2c1,7.434453,O=C(NCc1c[nH]c2ccccc12)c1ccc2oc(C3CNC3)nc2c1,7.657572
c1ccc2c(c1)CN[C@H](CN(Cc1ccc(-c3nc4cc(-c5nnn(CC6CC6)n5)ccc4o3)cc1)C13CC(C1)C3)C2,7.877226,O=C([C@@H]1Cc2ccccc2CN1)N(Cc1ccc(-c2nc3cc(-c4nnn(CC5CC5)n4)ccc3o2)cc1)C12CC(C1)C2,7.791948
Nc1cc(C(=O)O)ccc1NCC1(N)CCC1,3.032385,Nc1cc(C(=O)O)ccc1NC(=O)C1(N)CCC1,3.488272
c1ccc2c(c1)CN[C@H](CNc1cc(-c3ccc(NCc4ccc5nc([C@@H]6Cc7ccccc7CN6)[nH]c5c4)cc3)n[nH]1)C2,8.08083,O=C(Nc1ccc(-c2cc(NC[C@@H]3Cc4ccccc4CN3)[nH]n2)cc1)c1ccc2nc([C@@H]3Cc4ccccc4CN3)[nH]c2c1,8.03016
COc1ccccc1CNC(=O)c1ccc(NCc2ccc(CNC34CC(C3)C4)cc2)c(NC[C@@H]2Cc3ccccc3CN2)c1,7.386081,COc1ccccc1CNC(=O)c1ccc(NCc2ccc(CNC34CC(C3)C4)cc2)c(NC(=O)[C@@H]2Cc3ccccc3CN2)c1,7.341926
CC1(C)OB(c2ccc(NCC3CNC3)nc2)OC1(C)C,4.169472,CC1(C)OB(c2ccc(NC(=O)C3CNC3)nc2)OC1(C)C,4.927281
O=C(O)[C@@H](Nc1cc(NCc2ccnc(-c3cccc(NC[C@@H]4Cc5ccccc5CN4)c3)c2)[nH]n1)c1ccccc1,6.909683,O=C(Nc1cccc(-c2cc(CNc3cc(N[C@H](C(=O)O)c4ccccc4)n[nH]3)ccn2)c1)[C@@H]1Cc2ccccc2CN1,7.039268
Brc1ncccc1NCC1CCNCC1,2.607333,O=C(Nc1cccnc1Br)C1CCNCC1,4.865119
O=C(Nc1ccnc2ccccc12)C1CCN(Cc2ccc3oc(C4CCN(C[C@@H]5Cc6ccccc6CN5)CC4)nc3c2)CC1,7.777751,O=C(Nc1ccnc2ccccc12)C1CCN(Cc2ccc3oc(C4CCN(C(=O)[C@@H]5Cc6ccccc6CN5)CC4)nc3c2)CC1,7.81944
COc1ccccc1CN(Cc1cccc(C(=O)Nc2ccnc3ccccc23)c1)C[C@@H]1Cc2ccccc2CN1,6.808391,COc1ccccc1CN(Cc1cccc(C(=O)Nc2ccnc3ccccc23)c1)C(=O)[C@@H]1Cc2ccccc2CN1,6.725295
O=C(Nc1cccc(-c2c[nH]cn2)c1)[C@@H](NCc1ccc2[nH]c(C3CCN3)nc2c1)c1ccccc1,7.068704,O=C(N[C@H](C(=O)Nc1cccc(-c2c[nH]cn2)c1)c1ccccc1)c1ccc2[nH]c(C3CCN3)nc2c1,6.74771
Oc1ccc(-c2nnn(Cc3ccc(CNCCc4cn(CC5CC5)c5ccccc45)cc3)n2)cc1NCC1CNC1,7.662275,O=C(NCCc1cn(CC2CC2)c2ccccc12)c1ccc(Cn2nnc(-c3ccc(O)c(NCC4CNC4)c3)n2)cc1,7.546551
Oc1ccc(CNc2n[nH]cc2Br)cc1NCc1ccc(-c2nnn(CC3CC3)n2)nc1,6.629538,O=C(Nc1cc(CNc2n[nH]cc2Br)ccc1O)c1ccc(-c2nnn(CC3CC3)n2)nc1,6.556468
O=C(NCCc1cn(CC2CC2)c2ccccc12)c1ccc2oc(C3CN(C[C@@H]4Cc5ccccc5CN4)C3)nc2c1,7.84226,O=C(NCCc1cn(CC2CC2)c2ccccc12)c1ccc2oc(C3CN(C(=O)[C@@H]4Cc5ccccc5CN4)C3)nc2c1,7.792439
N#Cc1ccc2oc(C3(NCc4ccc(-c5nnn(CC6CC6)n5)nc4)CCC3)nc2c1,7.486731,N#Cc1ccc2oc(C3(NC(=O)c4ccc(-c5nnn(CC6CC6)n5)nc4)CCC3)nc2c1,7.257347
O=C(Nc1ccccn1)c1ccc(NC(=O)c2ccc3nc(C4CN(CC5CNC5)C4)oc3c2)c(O)c1,6.935409,O=C(Nc1ccccn1)c1ccc(NC(=O)c2ccc3nc(C4CN(C(=O)C5CNC5)C4)oc3c2)c(O)c1,6.891469
Nc1ccc(CNc2ccc(B(O)O)cc2)cc1N,3.313829,Nc1ccc(C(=O)Nc2ccc(B(O)O)cc2)cc1N,3.64757
Fc1ncccc1CNCCc1ccccc1-c1cccc(NCc2ccc(CNc3ccnc4ccccc34)cc2)c1,6.653183,O=C(NCCc1ccccc1-c1cccc(NCc2ccc(CNc3ccnc4ccccc34)cc2)c1)c1cccnc1F,6.622812
Fc1cccc(CNc2ccnc3ccccc23)n1,4.579061,O=C(Nc1ccnc2ccccc12)c1cccc(F)n1,4.867303
Nc1cc(CNc2ccc(C(=O)O)cc2O)ccc1O,3.949953,Nc1cc(C(=O)Nc2ccc(C(=O)O)cc2O)ccc1O,3.741971
COc1ccccc1CNCc1cccc(O)c1N,4.623191,COc1ccccc1CNC(=O)c1cccc(O)c1N,4.247559
Nc1ccc(CNc2ccc(C(=O)Nc3ccnc4ccccc34)cc2NCC2CNC2)cc1N,6.358038,Nc1ccc(C(=O)Nc2ccc(C(=O)Nc3ccnc4ccccc34)cc2NCC2CNC2)cc1N,6.141014
O=C(O)C1CCN(Cc2cccc(-c3cnc(F)nc3)c2)CC1,4.8701,O=C(O)C1CCN(C(=O)c2cccc(-c3cnc(F)nc3)c2)CC1,4.998507
Nc1cc(CNc2ccccn2)ccc1O,3.871838,Nc1cc(C(=O)Nc2ccccn2)ccc1O,4.239824
Nc1ccc(CNc2ccc(Br)cc2)cc1N,3.798317,Nc1ccc(C(=O)Nc2ccc(Br)cc2)cc1N,4.180169
C#CCNCc1ccc(CCl)cc1,3.325371,C#CCNC(=O)c1ccc(CCl)cc1,3.125077
N#Cc1cncc(-c2cccc(CNc3ccc(B(O)O)cc3)c2)c1,4.389808,N#Cc1cncc(-c2cccc(C(=O)Nc3ccc(B(O)O)cc3)c2)c1,4.710771
O=C(O)C1CCN(Cc2ccc(-c3nnnn3CC3CC3)nc2)CC1,5.627872,O=C(O)C1CCN(C(=O)c2ccc(-c3nnnn3CC3CC3)nc2)CC1,5.661262
ClCc1ccc(CN2CC(c3nc4cc(-c5nnn(CC6CC6)n5)ccc4n3CC3CC3)C2)cc1,6.498334,O=C(c1ccc(CCl)cc1)N1CC(c2nc3cc(-c4nnn(CC5CC5)n4)ccc3n2CC2CC2)C1,4.57042
N#Cc1ccc(CNc2ccc(C(=O)NCCc3c[nH]c4ccccc34)cc2N)cn1,5.774561,N#Cc1ccc(C(=O)Nc2cc(C(=O)NCCc3c[nH]c4ccccc34)ccc2N)cn1,6.174021
Nc1ccccc1CNCCc1cn(CC2CC2)c2ccccc12,6.200053,Nc1ccccc1C(=O)NCCc1cn(CC2CC2)c2ccccc12,6.265409
O=c1cc(Cn2cc(-c3ccc(NC[C@@H]4Cc5ccccc5CN4)cc3)nn2)c2ccccc2[nH]1,7.236686,O=C(Nc1ccc(-c2cn(Cc3cc(=O)[nH]c4ccccc34)nn2)cc1)[C@@H]1Cc2ccccc2CN1,7.467941
O=C(Nc1cccnc1Nc1ccccc1O)C1CN(Cc2ccc(-c3nnn(CC4CC4)n3)nc2)C1,6.863362,O=C(Nc1cccnc1N(C(=O)c1ccc(-c2nnn(CC3CC3)n2)nc1)c1ccccc1O)C1CNC1,6.200596
O=C(Nc1cc(CNc2ccnc3ccccc23)ccc1O)c1cccc(-c2ccc(NCC3CNC3)cc2)c1,7.557446,O=C(Nc1cc(CNc2ccnc3ccccc23)ccc1O)c1cccc(-c2ccc(NC(=O)C3CNC3)cc2)c1,7.770927
O=C(NC12CC(C1)C2)c1ccc2nc(-c3cnccc3NC[C@@H]3Cc4ccccc4CN3)oc2c1,7.5913,O=C(NC12CC(C1)C2)c1ccc2nc(-c3cnccc3NC(=O)[C@@H]3Cc4ccccc4CN3)oc2c1,7.069827
O=C(Nc1cc(Br)n[nH]1)Nc1cc(-c2cccc(NC[C@@H]3Cc4ccccc4CN3)c2)n[nH]1,7.388802,O=C(Nc1cc(Br)n[nH]1)Nc1cc(-c2cccc(NC(=O)[C@@H]3Cc4ccccc4CN3)c2)n[nH]1,7.346373
O=C1CN(C(=O)C2CN(Cc3ccc(-c4nnn(CC5CC5)n4)nc3)C2)C1,6.902734,O=C1CN(C(=O)C2CN(C(=O)c3ccc(-c4nnn(CC5CC5)n4)nc3)C2)C1,6.535053
O=C(O)C1CCN1Cc1ccccc1CCl,3.014239,O=C(O)C1CCN1C(=O)c1ccccc1CCl,3.363042
O=C(O)c1ccc(O)c(NC[C@H]2CCCNC2)c1,4.140447,O=C(O)c1ccc(O)c(NC(=O)[C@H]2CCCNC2)c1,4.885481
c1cc2[nH]c(C3CCN3)nc2cc1CNCc1nc2cc(-c3nnn(CC4CC4)n3)ccc2o1,7.992933,O=C(NCc1nc2cc(-c3nnn(CC4CC4)n3)ccc2o1)c1ccc2[nH]c(C3CCN3)nc2c1,8.110332
O=C(O)[C@@H]1Cc2ccccc2CN1Cc1ccc2nc(C3(NCc4ccc(-c5nnn(CC6CC6)n5)nc4)CCC3)[nH]c2c1,7.442702,O=C(O)[C@@H]1Cc2ccccc2CN1C(=O)c1ccc2nc(C3(NCc4ccc(-c5nnn(CC6CC6)n5)nc4)CCC3)[nH]c2c1,7.364064
Nc1ccc(-c2cccc(-c3nnn(Cc4ccccc4CNC45CC(C4)C5)n3)c2)cc1,6.825944,Nc1ccc(-c2cccc(-c3nnn(Cc4ccccc4C(=O)NC45CC(C4)C5)n3)c2)cc1,6.983425
O=C(Nc1ccccc1O)c1ccc(CN(C[C@@H]2Cc3ccccc3CN2)c2ccnc3ccccc23)cc1,6.382146,O=C(Nc1ccccc1O)c1ccc(CN(C(=O)[C@@H]2Cc3ccccc3CN2)c2ccnc3ccccc23)cc1,6.494278
c1ccc(CCN(C[C@@H]2Cc3ccccc3CN2)c2ccc3nc(C4CCN(Cc5ccccc5)CC4)oc3c2)cc1,6.787446,O=C([C@@H]1Cc2ccccc2CN1)N(CCc1ccccc1)c1ccc2nc(C3CCN(Cc4ccccc4)CC3)oc2c1,6.885157
O=C([C@@H]1Cc2ccccc2CN1)N1CCC1CNc1cc(-c2cccc(-c3nnn(CC4CC4)n3)c2)n[nH]1,7.866192,O=C(Nc1cc(-c2cccc(-c3nnn(CC4CC4)n3)c2)n[nH]1)C1CCN1C(=O)[C@@H]1Cc2ccccc2CN1,7.25675
O=C(NCc1c[nH]c2ccccc12)Nc1cccc(-c2ccccc2CCNCc2ccc3[nH]c(C4CNC4)nc3c2)c1,7.651301,O=C(NCc1c[nH]c2ccccc12)Nc1cccc(-c2ccccc2CCNC(=O)c2ccc3[nH]c(C4CNC4)nc3c2)c1,7.737501
O=C(Nc1cc(-c2ccc(NC[C@@H]3Cc4ccccc4CN3)cc2)n[nH]1)C1CNC1,8.074055,O=C(Nc1cc(-c2ccc(NC(=O)[C@@H]3Cc4ccccc4CN3)cc2)n[nH]1)C1CNC1,7.55598
O=C(NCc1cn(CC2CC2)c2ccccc12)c1ccc(Cn2cc(CCNCC3CCN3)c3ccccc32)cc1,7.877191,O=C(NCc1cn(CC2CC2)c2ccccc12)c1ccc(Cn2cc(CCNC(=O)C3CCN3)c3ccccc32)cc1,8.047061
c1ccc2c(c1)C[C@@H](CNc1ccc(-c3cn(CC4CC4)nn3)cc1)N(CC1CNC1)C2,7.811951,O=C(C1CNC1)N(C[C@@H]1Cc2ccccc2CN1)c1ccc(-c2cn(CC3CC3)nn2)cc1,7.353806
O=C(O)C1CCN(CC2CCNCC2)CC1,2.788075,O=C(O)C1CCN(C(=O)C2CCNCC2)CC1,4.061913
O=C(O)C1CN(C(=O)c2ccccc2NCC2CCN2)C1,5.555035,O=C(O)C1CN(C(=O)c2ccccc2NC(=O)C2CCN2)C1,6.055723
c1cc(NCc2ccc3nc(-c4ccc(CO[C@H]5CN6CCC5CC6)cc4)oc3c2)cc(-c2c[nH]cn2)c1,7.748475,O=C(Nc1cccc(-c2c[nH]cn2)c1)c1ccc2nc(-c3ccc(CO[C@H]4CN5CCC4CC5)cc3)oc2c1,7.840175
c1ccc2c(NCc3ccc4oc(C5CCNCC5)nc4c3)ccnc2c1,6.56141,O=C(Nc1ccnc2ccccc12)c1ccc2oc(C3CCNCC3)nc2c1,6.972066
Cc1cc(-c2cccc(C(=O)O)c2)cnc1NCc1ccc(N)c(O)c1,4.970706,Cc1cc(-c2cccc(C(=O)Nc3ccc(C(=O)O)cc3O)c2)cnc1N,4.59881
O=C(Nc1ccccn1)c1ccc(NCc2ccc3nc(C4CNC4)oc3c2)c(O)c1,7.36554,O=C(Nc1ccccn1)c1ccc(NC(=O)c2ccc3nc(C4CNC4)oc3c2)c(O)c1,7.169066
O=C(O)C1CN(Cc2ccccc2NCc2ccc(-c3nnn(CC4CC4)n3)nc2)C1,6.60559,O=C(Nc1ccccc1CN1CC(C(=O)O)C1)c1ccc(-c2nnn(CC3CC3)n2)nc1,6.598554
Nc1cc(Br)ccc1NC[C@@H]1Cc2ccccc2CN1,5.300845,Nc1cc(Br)ccc1NC(=O)[C@@H]1Cc2ccccc2CN1,5.384723
O=C(NC1CC1)c1ccc2oc(-c3ccc(CNc4cccc(-c5cncc(C(F)(F)F)c5)c4)cc3)nc2c1,7.623389,O=C(Nc1cccc(-c2cncc(C(F)(F)F)c2)c1)c1ccc(-c2nc3cc(C(=O)NC4CC4)ccc3o2)cc1,7.44924
O=C(Nc1cccc(-c2cc(NC[C@@H]3Cc4ccccc4CN3)[nH]n2)c1)Nc1ccccc1C(=O)NCc1c[nH]c2ccccc12,7.822052,O=C(Nc1cccc(-c2cc(NC(=O)[C@@H]3Cc4ccccc4CN3)[nH]n2)c1)Nc1ccccc1C(=O)NCc1c[nH]c2ccccc12,7.855647
Nc1ccc(CNc2cc(C(=O)O)ccc2O)cc1O,3.947682,Nc1cc(C(=O)Nc2ccc(C(=O)O)cc2O)ccc1O,3.741971
Nc1cc(CNCCc2cn(Cc3ccc(C(=O)O)cc3)c3ccccc23)ccc1O,4.916242,NCCc1cn(Cc2ccc(C(=O)Nc3cc(C(=O)O)ccc3O)cc2)c2ccccc12,4.838445
Nc1cc(CNc2ccc(Nc3ccccc3C(=O)O)cc2N)ccc1NCc1ccc(-c2nnn(CC3CC3)n2)nc1,6.720422,Nc1cc(Nc2ccccc2C(=O)O)ccc1NCc1ccc(N)c(NC(=O)c2ccc(-c3nnn(CC4CC4)n3)nc2)c1,6.608912
Nc1ccc(CNc2cc(-c3cccc(NC[C@@H]4Cc5ccccc5CN4)c3)n[nH]2)cc1O,6.749267,Nc1ccc(C(=O)Nc2cc(-c3cccc(NC[C@@H]4Cc5ccccc5CN4)c3)n[nH]2)cc1O,7.203358
OB(O)c1cccc(NCc2ccc3nc(C4CNC4)[nH]c3c2)c1,5.450212,O=C(Nc1cccc(B(O)O)c1)c1ccc2nc(C3CNC3)[nH]c2c1,5.575466
O=C(Nc1ccc(CN2CCN(Cc3ccc4oc(C5CNC5)nc4c3)CC2)cc1O)C1CCNCC1,7.085203,O=C(Nc1ccc(CN2CCN(C(=O)c3ccc4oc(C5CNC5)nc4c3)CC2)cc1O)C1CCNCC1,7.364413
Nc1cc(Br)ccc1NCc1ccc(N)c(NCc2ccc(-c3nnn(CC4CC4)n3)nc2)c1,6.658062,Nc1cc(Br)ccc1NCc1ccc(N)c(NC(=O)c2ccc(-c3nnn(CC4CC4)n3)nc2)c1,6.59904
O=C(O)C1CN(Cc2ccccc2CCl)C1,3.161008,O=C(O)C1CN(C(=O)c2ccccc2CCl)C1,3.730742
c1cc2oc(C3CCN(C[C@@H]4CCCNC4)CC3)nc2cc1-c1nnn(CC2CC2)n1,6.976999,O=C([C@@H]1CCCNC1)N1CCC(c2nc3cc(-c4nnn(CC5CC5)n4)ccc3o2)CC1,7.520614
Oc1ccc(Br)cc1NCc1ccc(F)cc1,3.812673,O=C(Nc1cc(Br)ccc1O)c1ccc(F)cc1,3.871312
N#Cc1ccc(CNc2c(O)cccc2C(=O)NC2CC2)cn1,5.35289,N#Cc1ccc(C(=O)Nc2c(O)cccc2C(=O)NC2CC2)cn1,5.70401
O=C(NCCc1ccccc1)Nc1cc(-c2ccc(NC[C@@H]3Cc4ccccc4CN3)cc2)ccc1O,7.012637,O=C(NCCc1ccccc1)Nc1cc(-c2ccc(NC(=O)[C@@H]3Cc4ccccc4CN3)cc2)ccc1O,6.98427
Cc1cc(Br)cnc1NCc1cccc(F)n1,3.624507,Cc1cc(Br)cnc1NC(=O)c1cccc(F)n1,3.631883
C[C@H](NCc1cccc2oc(C3(NCc4ccc(-c5nnn(CC6CC6)n5)nc4)CCC3)nc12)c1ccccc1,7.665358,C[C@H](NCc1cccc2oc(C3(NC(=O)c4ccc(-c5nnn(CC6CC6)n5)nc4)CCC3)nc12)c1ccccc1,7.642001
O=C(NCCc1cn(CC2CC2)c2ccccc12)c1ccc(O)c(Nc2ccc(NCC3CCN3)cc2)c1,7.505175,O=C(NCCc1cn(CC2CC2)c2ccccc12)c1ccc(O)c(Nc2ccc(NC(=O)C3CCN3)cc2)c1,7.669102
CC1(C)OB(c2ccc(NC[C@H](N)c3ccccc3)nc2)OC1(C)C,3.747864,CC1(C)OB(c2ccc(NC(=O)[C@H](N)c3ccccc3)nc2)OC1(C)C,4.281541
Nc1c(O)cccc1CNCCc1ccc(O)cc1,4.232099,Nc1c(O)cccc1C(=O)NCCc1ccc(O)cc1,4.064664
O=C(CO[C@H]1CN2CCC1CC2)c1cccc(-c2nnnn2Cc2ccc(CNC34CC(C3)C4)cc2)c1,7.651292,O=C(CO[C@H]1CN2CCC1CC2)c1cccc(-c2nnnn2Cc2ccc(C(=O)NC34CC(C3)C4)cc2)c1,7.585264
O=Cc1cccc(CNC23CC(C2)C3)c1,4.452117,O=Cc1cccc(C(=O)NC23CC(C2)C3)c1,4.648027
O=C(Nc1ccc(Nc2ccccn2)cc1)c1cccc(O)c1NC[C@@H]1Cc2ccccc2CN1,6.454617,O=C(Nc1ccc(Nc2ccccn2)cc1)c1cccc(O)c1NC(=O)[C@@H]1Cc2ccccc2CN1,6.554924
O=C(Nc1cc(CN(C[C@@H]2Cc3ccccc3CN2)C23CC(C2)C3)ccc1O)c1ccc(-c2nnn(CC3CC3)n2)nc1,6.575951,O=C(Nc1cc(CN(C(=O)[C@@H]2Cc3ccccc3CN2)C23CC(C2)C3)ccc1O)c1ccc(-c2nnn(CC3CC3)n2)nc1,6.400115
O=C(Nc1cc(-c2cccc(NCc3ccc4oc([C@H]5CCCN5)nc4c3)c2)n[nH]1)NC1CC1,8.199984,O=C(Nc1cc(-c2cccc(NC(=O)c3ccc4oc([C@H]5CCCN5)nc4c3)c2)n[nH]1)NC1CC1,7.537145
Nc1cc(CN2CCC2C(=O)O)ccc1O,3.224722,Nc1cc(C(=O)N2CCC2C(=O)O)ccc1O,3.64603
O=C(NCc1cn(CC2CC2)c2ccccc12)[C@@H]1CCCN1C(=O)C1CCN(C[C@@H]2Cc3ccccc3CN2)CC1,7.731617,O=C(NCc1cn(CC2CC2)c2ccccc12)[C@@H]1CCCN1C(=O)C1CCN(C(=O)[C@@H]2Cc3ccccc3CN2)CC1,7.668846
Nc1ccc(CNc2ccc(-c3cccc(C=O)c3)cn2)cc1O,5.045284,Nc1ccc(C(=O)Nc2ccc(-c3cccc(C=O)c3)cn2)cc1O,5.221894
Nc1cc(CN2CC(CN3CCC[C@H]3C(=O)Nc3ccc(-c4c[nH]cn4)cc3)C2)ccc1O,5.97865,Nc1cc(C(=O)N2CC(CN3CCC[C@H]3C(=O)Nc3ccc(-c4c[nH]cn4)cc3)C2)ccc1O,6.040782
NCCN1CCC[C@H]1C(=O)O,1.560258,NCC(=O)N1CCC[C@H]1C(=O)O,1.534574
O=C(O)C1CN(Cc2ccc(CCl)cc2)C1,3.464015,O=C(O)C1CN(C(=O)c2ccc(CCl)cc2)C1,4.055602
O=C(O)[C@H](CC1CCCCC1)NCc1ccc(-c2nnn(CC3CC3)n2)nc1,5.357211,O=C(N[C@@H](CC1CCCCC1)C(=O)O)c1ccc(-c2nnn(CC3CC3)n2)nc1,5.559119
Nc1ccc(CNc2cccc(-c3cccc(C=O)c3)c2)cc1O,4.902291,Nc1ccc(C(=O)Nc2cccc(-c3cccc(C=O)c3)c2)cc1O,5.101401
O=C(O)c1ccc(NCC2CCN2C(=O)C2CCNCC2)c(O)c1,5.403966,O=C(O)c1ccc(NC(=O)C2CCN2C(=O)C2CCNCC2)c(O)c1,5.231667
O=C(Nc1ccccn1)C1CN(C(=O)C2CN(Cc3ccc(-c4nnn(CC5CC5)n4)nc3)C2)C1,7.603312,O=C(Nc1ccccn1)C1CN(C(=O)C2CN(C(=O)c3ccc(-c4nnn(CC5CC5)n4)nc3)C2)C1,6.032819
Nc1cc(Br)ccc1NC[C@@H](N)c1ccccc1,3.539983,Nc1cc(Br)ccc1NC(=O)[C@@H](N)c1ccccc1,4.383173
FC(F)(F)c1ccc(CNCc2ccc(Cn3nnnc3-c3cccc(CO[C@H]4CN5CCC4CC5)c3)cc2)cc1,7.461316,O=C(NCc1ccc(C(F)(F)F)cc1)c1ccc(Cn2nnnc2-c2cccc(CO[C@H]3CN4CCC3CC4)c2)cc1,7.588754
c1cncc(-c2cncc(-c3nc4c(-c5cccc(NC[C@@H]6Cc7ccccc7CN6)c5)cccc4[nH]3)c2)c1,7.233551,O=C(Nc1cccc(-c2cccc3[nH]c(-c4cncc(-c5cccnc5)c4)nc23)c1)[C@@H]1Cc2ccccc2CN1,7.168994
O=C(O)C1(NCc2ccc(-c3nc4cc(-c5nnn(CC6CC6)n5)ccc4o3)cc2)CCC1,6.893445,O=C(NC1(C(=O)O)CCC1)c1ccc(-c2nc3cc(-c4nnn(CC5CC5)n4)ccc3o2)cc1,7.33679
c1ccc2c(Nc3ccc(NCC4CCN4Cc4ccc(-c5nnn(CC6CC6)n5)nc4)cc3)ccnc2c1,7.742531,O=C(c1ccc(-c2nnn(CC3CC3)n2)nc1)N(CC1CCN1)c1ccc(Nc2ccnc3ccccc23)cc1,7.689452
OB(O)c1cccc(NC[C@H]2CCCNC2)c1,3.389638,O=C(Nc1cccc(B(O)O)c1)[C@H]1CCCNC1,4.211328
N#Cc1ccc(CNc2ccc(-c3cccc(NCC4CNC4)c3)cc2N)cn1,6.83323,N#Cc1ccc(C(=O)Nc2cc(-c3cccc(NCC4CNC4)c3)ccc2N)cn1,6.896495
O=C(O)c1cccc(-c2cc(NCc3ccc(NCc4ccc(CO[C@H]5CN6CCC5CC6)cc4)c(O)c3)[nH]n2)c1,7.228959,O=C(O)c1cccc(-c2cc(NCc3ccc(NC(=O)c4ccc(CO[C@H]5CN6CCC5CC6)cc4)c(O)c3)[nH]n2)c1,7.312813
N#Cc1ccc(CNc2cccc(-c3ccc4[nH]c(C5CCNCC5)nc4c3)c2)cn1,7.216188,N#Cc1ccc(C(=O)Nc2cccc(-c3ccc4[nH]c(C5CCNCC5)nc4c3)c2)cn1,7.24185
Nc1cc(CN2CCC(c3nc4cccc(-c5nnn(CC6CC6)n5)c4o3)CC2)ccc1O,6.786066,Nc1cc(C(=O)N2CCC(c3nc4cccc(-c5nnn(CC6CC6)n5)c4o3)CC2)ccc1O,7.0279
c1ccc2c(CCNCc3ccc(Cn4nnnc4-c4ccc5oc([C@H]6CCCN6)nc5c4)cc3)c[nH]c2c1,6.985144,O=C(NCCc1c[nH]c2ccccc12)c1ccc(Cn2nnnc2-c2ccc3oc([C@H]4CCCN4)nc3c2)cc1,6.851793
O=C(Nc1ccc(-c2cccc(Nc3ccc4ccccc4n3)c2)cc1)C1CN(C[C@@H]2Cc3ccccc3CN2)C1,7.526897,O=C(Nc1ccc(-c2cccc(N(C(=O)[C@@H]3Cc4ccccc4CN3)c3ccc4ccccc4n3)c2)cc1)C1CNC1,6.859383
O=C(Nc1cccc(-c2ccc(NCC3CCN3)cc2)c1)c1ccc(CCl)cc1,7.291276,O=C(Nc1cccc(-c2ccc(NC(=O)C3CCN3)cc2)c1)c1ccc(CCl)cc1,7.219257
O=C(O)[C@H]1CCCN(c2cc(Nc3cc(Br)ccc3NCc3ccc4[nH]c(C5CNC5)nc4c3)ccn2)C1,5.935925,O=C(Nc1ccc(Br)cc1Nc1ccnc(N2CCC[C@H](C(=O)O)C2)c1)c1ccc2[nH]c(C3CNC3)nc2c1,6.004922
NCCc1ccccc1N(Cc1cccc(O)c1N)C1CC1,3.762921,NCCc1ccccc1N(C(=O)c1cccc(O)c1N)C1CC1,3.411287
Oc1cccc(CNCCc2c[nH]c3ccccc23)c1NCc1cccc(-c2cncc(-c3nnn(CC4CC4)n3)c2)c1,7.189822,O=C(NCCc1c[nH]c2ccccc12)c1cccc(O)c1NCc1cccc(-c2cncc(-c3nnn(CC4CC4)n3)c2)c1,7.215389
O=C(O)C1CN(C(=O)c2ccccc2NCc2ccc(-c3nnn(CC4CC4)n3)nc2)C1,6.855801,O=C(Nc1ccccc1C(=O)N1CC(C(=O)O)C1)c1ccc(-c2nnn(CC3CC3)n2)nc1,6.821625
Nc1c(O)cccc1CNc1cccc2cc[nH]c12,4.288129,Nc1c(O)cccc1C(=O)Nc1cccc2cc[nH]c12,4.12607
Nc1ccc(CNc2ccc(-c3cccc(-c4nnn(CC5CC5)n4)c3)cc2)cc1N,6.965956,Nc1ccc(C(=O)Nc2ccc(-c3cccc(-c4nnn(CC5CC5)n4)c3)cc2)cc1N,7.096808
Nc1ccc(CNc2cccc(Br)c2O)cc1O,3.637542,Nc1ccc(C(=O)Nc2cccc(Br)c2O)cc1O,3.788242
Nc1c(F)cccc1CNc1cc(-c2ccc(NCC3CNC3)cc2)n[nH]1,6.913768,Nc1c(F)cccc1CNc1cc(-c2ccc(NC(=O)C3CNC3)cc2)n[nH]1,7.326255
Nc1c(F)cccc1CNc1ccc(B(O)O)cc1,3.564026,Nc1c(F)cccc1C(=O)Nc1ccc(B(O)O)cc1,3.505301
Nc1cc(CNc2ccc(CNc3ccccn3)cc2NCc2cccc(O)c2N)ccc1O,5.255172,Nc1cc(CNc2ccc(CNc3ccccn3)cc2NC(=O)c2cccc(O)c2N)ccc1O,4.919783
c1ccc2c(CCNc3ccc(NCc4ccc(Cn5cc(CCNCC6CCN6)c6ccccc65)cc4)cc3)c[nH]c2c1,7.294489,O=C(NCCc1cn(Cc2ccc(CNc3ccc(NCCc4c[nH]c5ccccc45)cc3)cc2)c2ccccc12)C1CCN1,7.482365
Nc1ccc(CNCc2c[nH]c3ccccc23)cc1N,4.346507,Nc1ccc(C(=O)NCc2c[nH]c3ccccc23)cc1N,4.964837
OB(O)c1cccc(NCc2ccc3nc(-c4ccc(CO[C@H]5CN6CCC5CC6)cc4)oc3c2)c1,6.793136,O=C(Nc1cccc(B(O)O)c1)c1ccc2nc(-c3ccc(CO[C@H]4CN5CCC4CC5)cc3)oc2c1,6.852858
O=C(Nc1cccc2ccccc12)N[C@H](CNc1cccc(B(O)O)c1)c1ccccc1,4.443834,O=C(Nc1cccc2ccccc12)N[C@H](C(=O)Nc1cccc(B(O)O)c1)c1ccccc1,4.664153
O=C(O)c1ccc(O)c(NCC2CCN2)c1,5.011647,O=C(O)c1ccc(O)c(NC(=O)C2CCN2)c1,5.299128
Nc1ccc(-c2ncccc2NCc2cccc(O)c2N)cc1,4.557175,Nc1ccc(-c2ncccc2NC(=O)c2cccc(O)c2N)cc1,4.277225
Oc1ccc(-c2nnn(CC3CC3)n2)cc1NCC1CCN1Cc1ccc(-c2nnn(CC3CC3)n2)nc1,7.668298,O=C(c1ccc(-c2nnn(CC3CC3)n2)nc1)N(CC1CCN1)c1cc(-c2nnn(CC3CC3)n2)ccc1O,6.637745
O=C(O)c1ccc(Cn2nnnc2-c2ccc3oc(-c4ccc(O)c(NCC5CNC5)c4)nc3c2)cc1,6.492541,O=C(O)c1ccc(Cn2nnnc2-c2ccc3oc(-c4ccc(O)c(NC(=O)C5CNC5)c4)nc3c2)cc1,6.720095
c1ccc(-c2nc3ccc(-c4nc5ccc(N6CCN(C[C@@H]7Cc8ccccc8CN7)CC6)cc5o4)cc3o2)nc1,7.726272,O=C([C@@H]1Cc2ccccc2CN1)N1CCN(c2ccc3nc(-c4ccc5nc(-c6ccccn6)oc5c4)oc3c2)CC1,7.650422
N#Cc1cccc(-c2cc(NCc3ccc(N)c(O)c3)[nH]n2)c1,4.738057,N#Cc1cccc(-c2cc(NC(=O)c3ccc(N)c(O)c3)[nH]n2)c1,5.280057
N[C@@H](CN1CC(CO)C1)c1ccccc1,2.360873,N[C@@H](C(=O)N1CC(CO)C1)c1ccccc1,3.707021
O=C(NCCc1c[nH]c2ccccc12)[C@@H](NCc1ccc2nc(C3CCN(C[C@@H]4Cc5ccccc5CN4)CC3)[nH]c2c1)c1ccccc1,7.184758,O=C(NCCc1c[nH]c2ccccc12)[C@@H](NCc1ccc2nc(C3CCN(C(=O)[C@@H]4Cc5ccccc5CN4)CC3)[nH]c2c1)c1ccccc1,7.31382
O=C(Nc1cccc2ccn(CC3CC3)c12)C1CN(c2cc(NC[C@H]3CCCN3)[nH]n2)C1,7.126145,O=C(Nc1cccc2ccn(CC3CC3)c12)C1CN(c2cc(NC(=O)[C@H]3CCCN3)[nH]n2)C1,7.62921
Oc1cc(CNc2ccc(-c3cccc(NC[C@@H]4Cc5ccccc5CN4)c3)cc2)ccc1NC[C@@H]1Cc2ccccc2CN1,7.821044,O=C(Nc1cccc(-c2ccc(NCc3ccc(NC[C@@H]4Cc5ccccc5CN4)c(O)c3)cc2)c1)[C@@H]1Cc2ccccc2CN1,7.787969
O=Cc1cccc(-c2cc(NCC3CCN3)[nH]n2)c1,6.504474,O=Cc1cccc(-c2cc(NC(=O)C3CCN3)[nH]n2)c1,6.745588
Nc1cc(CNCCc2c[nH]c3ccccc23)ccc1NCc1ccc2nc(C3CNC3)oc2c1,7.359926,Nc1cc(CNCCc2c[nH]c3ccccc23)ccc1NC(=O)c1ccc2nc(C3CNC3)oc2c1,7.473048
O=C(NC1CC1)c1ccc(O)c(Nc2cc(-c3ccc(NC[C@@H]4Cc5ccccc5CN4)cc3)ccn2)c1,7.683825,O=C(NC1CC1)c1ccc(O)c(Nc2cc(-c3ccc(NC(=O)[C@@H]4Cc5ccccc5CN4)cc3)ccn2)c1,7.494282
O=C(NCc1c[nH]c2ccccc12)c1ccc2oc(C3CN(Cc4ccc5oc([C@@H]6CCCN6)nc5c4)C3)nc2c1,7.670175,O=C(NCc1c[nH]c2ccccc12)c1ccc2oc(C3CN(C(=O)c4ccc5oc([C@@H]6CCCN6)nc5c4)C3)nc2c1,7.734436
C[C@@H](NC[C@@H]1Cc2ccccc2CN1)c1ccccc1,6.018794,C[C@@H](NC(=O)[C@@H]1Cc2ccccc2CN1)c1ccccc1,6.426146
NC1(c2nc3cc(-c4ccc(NCc5ccc(-c6nnn(CC7CC7)n6)nc5)cc4)ccc3o2)CCC1,7.387085,NC1(c2nc3cc(-c4ccc(NC(=O)c5ccc(-c6nnn(CC7CC7)n6)nc5)cc4)ccc3o2)CCC1,7.233894
O=C(CNCC1CNC1)Nc1cccc(-c2cccnc2)c1O,4.680723,O=C(CNC(=O)C1CNC1)Nc1cccc(-c2cccnc2)c1O,7.172356
O=C(Nc1ccc(-c2cc(-c3nc4ccc(CNc5ccccn5)cc4o3)ccn2)cc1)Nc1cccc2cc[nH]c12,7.276329,O=C(Nc1ccc(-c2cc(-c3nc4ccc(C(=O)Nc5ccccn5)cc4o3)ccn2)cc1)Nc1cccc2cc[nH]c12,7.305569
O=C(O)C1CCN(C[C@@H]2Cc3ccccc3CN2)CC1,4.903473,O=C(O)C1CCN(C(=O)[C@@H]2Cc3ccccc3CN2)CC1,5.182614
C[C@H](NCc1ccc(CNc2ccc(CNCCc3cn(CC4CC4)c4ccccc34)cc2N)cc1)c1ccccc1,7.235286,C[C@H](NCc1ccc(CNc2ccc(C(=O)NCCc3cn(CC4CC4)c4ccccc34)cc2N)cc1)c1ccccc1,7.327287
Nc1ccc(C(=O)O)cc1NC[C@@H](NCc1ccc(-c2nnn(CC3CC3)n2)nc1)c1ccccc1,6.336024,N[C@H](CNc1cc(C(=O)O)ccc1NC(=O)c1ccc(-c2nnn(CC3CC3)n2)nc1)c1ccccc1,6.731953
Cc1cc(-c2cccnc2)cnc1NC(=O)C1CN(Cc2ccc(C#N)nc2)C1,6.172902,Cc1cc(-c2cccnc2)cnc1NC(=O)C1CN(C(=O)c2ccc(C#N)nc2)C1,6.573043
c1cc(NCc2nc3ccccc3[nH]2)cc(-c2ccc(Nc3ccc(NC[C@@H]4Cc5ccccc5CN4)cc3)cc2)c1,7.558535,O=C(Nc1ccc(Nc2ccc(-c3cccc(NCc4nc5ccccc5[nH]4)c3)cc2)cc1)[C@@H]1Cc2ccccc2CN1,7.658716
COc1ccccc1CN(Cc1ccccc1NC(=O)c1cccc(CNC23CC(C2)C3)c1)C[C@@H]1Cc2ccccc2CN1,6.969708,COc1ccccc1CN(Cc1ccccc1NC(=O)c1cccc(CNC23CC(C2)C3)c1)C(=O)[C@@H]1Cc2ccccc2CN1,6.923664
c1cc(-c2ccc(NCc3ccc4nc(C5CCNCC5)oc4c3)cc2)cc(-c2nnn(CC3CC3)n2)c1,8.081066,O=C(Nc1ccc(-c2cccc(-c3nnn(CC4CC4)n3)c2)cc1)c1ccc2nc(C3CCNCC3)oc2c1,7.566969
Nc1cc(-c2cccc(NCc3ccc(CO[C@H]4CN5CCC4CC5)cc3)c2)ccc1O,7.437187,Nc1cc(-c2cccc(NC(=O)c3ccc(CO[C@H]4CN5CCC4CC5)cc3)c2)ccc1O,7.539398
Nc1c(O)cccc1CNc1ccc(-c2cccc(NC[C@H](N)c3ccccc3)c2)cc1,5.950335,Nc1c(O)cccc1C(=O)Nc1ccc(-c2cccc(NC[C@H](N)c3ccccc3)c2)cc1,5.58659
O=C(NCc1c[nH]c2ccccc12)c1cccc(-c2ccc(NCc3ccc4[nH]c(C5CNC5)nc4c3)cc2)c1,8.001473,O=C(NCc1c[nH]c2ccccc12)c1cccc(-c2ccc(NC(=O)c3ccc4[nH]c(C5CNC5)nc4c3)cc2)c1,7.917735
Brc1ccc(NCc2ccccn2)cc1,3.980532,O=C(Nc1ccc(Br)cc1)c1ccccn1,4.36545
O=C(Nc1cccc(-c2cccc(NC[C@@H]3Cc4ccccc4CN3)c2)c1NC[C@@H]1Cc2ccccc2CN1)[C@@H]1CCCN1,7.343899,O=C(Nc1cccc(-c2cccc(NC[C@@H]3Cc4ccccc4CN3)c2)c1NC(=O)[C@@H]1Cc2ccccc2CN1)[C@@H]1CCCN1,4.817525
N#Cc1ccc(CNc2n[nH]cc2Br)cn1,3.600692,N#Cc1ccc(C(=O)Nc2n[nH]cc2Br)cn1,3.965574
O=Cc1cccc(-c2nc3ccc(CNc4ccccn4)cc3[nH]2)c1,5.558256,O=Cc1cccc(-c2nc3ccc(C(=O)Nc4ccccn4)cc3[nH]2)c1,5.753645
O=C(O)c1ccc(NC[C@@H]2Cc3ccccc3CN2)c(O)c1,5.369633,O=C(O)c1ccc(NC(=O)[C@@H]2Cc3ccccc3CN2)c(O)c1,5.178484
O=C(O)c1ccc(NCc2ccc3oc(C4CCNCC4)nc3c2)c(NC[C@@H]2Cc3ccccc3CN2)c1,6.926327,O=C(O)c1ccc(NCc2ccc3oc(C4CCNCC4)nc3c2)c(NC(=O)[C@@H]2Cc3ccccc3CN2)c1,6.997414
N[C@H](CNc1cccc2cc[nH]c12)Cc1c[nH]c2ccccc12,3.367216,N[C@@H](Cc1c[nH]c2ccccc12)C(=O)Nc1cccc2cc[nH]c12,3.989364
c1cc(NCc2ccc(-c3nnn(CC4CC4)n3)nc2)cc(-c2ccc3[nH]c(C4CNC4)nc3c2)c1,8.27105,O=C(Nc1cccc(-c2ccc3[nH]c(C4CNC4)nc3c2)c1)c1ccc(-c2nnn(CC3CC3)n2)nc1,5.994997
O=C(NCc1ccccc1)c1cccc(-c2ccc(NCc3ccc(-c4nnn(CC5CC5)n4)nc3)cc2)c1,8.105834,O=C(NCc1ccccc1)c1cccc(-c2ccc(NC(=O)c3ccc(-c4nnn(CC5CC5)n4)nc3)cc2)c1,7.761787
O=C1CCN(C(=O)c2ccccc2NCc2ccccc2NCc2ccc(-c3nnn(CC4CC4)n3)nc2)C1,6.474903,O=C1CCN(C(=O)c2ccccc2NCc2ccccc2NC(=O)c2ccc(-c3nnn(CC4CC4)n3)nc2)C1,6.629877
O=C(O)c1cccc(-c2ccc(NCc3ccc(CCl)cc3)cc2)c1,5.096189,O=C(O)c1cccc(-c2ccc(NC(=O)c3ccc(CCl)cc3)cc2)c1,5.421359
CC1(C)OB(c2ccc(NCc3ccc(NCc4ccc(N)c(O)c4)c(O)c3)nc2)OC1(C)C,4.421988,CC1(C)OB(c2ccc(NCc3ccc(NC(=O)c4ccc(N)c(O)c4)c(O)c3)nc2)OC1(C)C,4.523883
O=C(NCCc1ccccc1)c1cccc(O)c1N(CC1CNC1)CC1CN(C(=O)C2CCN2)C1,5.966399,O=C(NCCc1ccccc1)c1cccc(O)c1N(CC1CN(C(=O)C2CCN2)C1)C(=O)C1CNC1,6.138396
N#Cc1cccc(-c2ccccc2CCNC(=O)C2(NC[C@@H]3Cc4ccccc4CN3)CCC2)c1,7.108315,N#Cc1cccc(-c2ccccc2CCNC(=O)C2(NC(=O)[C@@H]3Cc4ccccc4CN3)CCC2)c1,7.155267
c1ccc(-c2nnn(CC3CC3)n2)c(Cn2cc(CNCc3ccc(-c4nnn(CC5CC5)n4)nc3)c3ccccc32)c1,8.033336,O=C(NCc1cn(Cc2ccccc2-c2nnn(CC3CC3)n2)c2ccccc12)c1ccc(-c2nnn(CC3CC3)n2)nc1,8.135697
O=Cc1ccc(CN2CCC(C(=O)Nc3ccccn3)CC2)cc1,5.555213,O=Cc1ccc(C(=O)N2CCC(C(=O)Nc3ccccn3)CC2)cc1,5.879478
Nc1cccc(-c2ccc(NC(=O)[C@H]3CCCN3)c(NCc3ccc(N)c(N)c3)c2)c1,5.538232,Nc1ccc(C(=O)Nc2cccc(-c3ccc(NC(=O)[C@H]4CCCN4)c(N)c3)c2)cc1N,6.471693
COc1ccccc1CNC(=O)c1ccc(NC[C@@H]2Cc3ccccc3CN2)c(O)c1,6.764917,COc1ccccc1CNC(=O)c1ccc(NC(=O)[C@@H]2Cc3ccccc3CN2)c(O)c1,6.737252
C[C@H](NCc1cccc(B(O)O)c1)c1ccccc1,3.324743,C[C@H](NC(=O)c1cccc(B(O)O)c1)c1ccccc1,3.553929
O=C1CN(C[C@@H]2Cc3ccccc3CN2)C1,4.769876,O=C1CN(C(=O)[C@@H]2Cc3ccccc3CN2)C1,5.529469
c1cc(NCc2cccc3oc([C@@H]4CCCN4)nc23)cc(-c2cncc(-c3nnn(CC4CC4)n3)c2)c1,7.994173,O=C(Nc1cccc(-c2cncc(-c3nnn(CC4CC4)n3)c2)c1)c1cccc2oc([C@@H]3CCCN3)nc12,7.70007
O=C(C1CNC1)N1CCN(CCNc2ccc(NCC3CNC3)cc2)CC1,7.382349,O=C(Nc1ccc(NCCN2CCN(C(=O)C3CNC3)CC2)cc1)C1CNC1,7.137912
Nc1ccc(CN2CCC[C@H]2CNc2ccccn2)cc1N,4.696847,Nc1ccc(C(=O)N(C[C@@H]2CCCN2)c2ccccn2)cc1N,3.968899
COc1ccc(NCc2cccc(F)n2)c(NCc2ccc(N)c(N)c2)c1,4.416576,COc1ccc(NCc2cccc(F)n2)c(NC(=O)c2ccc(N)c(N)c2)c1,4.863252
O=C(Nc1ccnc2ccccc12)c1ccc(NCc2ccc(-c3nnn(CC4CC4)n3)nc2)c(NC(=O)C2CNC2)c1,7.626252,O=C(Nc1ccc(C(=O)Nc2ccnc3ccccc23)cc1NC(=O)C1CNC1)c1ccc(-c2nnn(CC3CC3)n2)nc1,4.085878
C[C@H](NCc1ccc(O)c(NCc2cccc3oc(-c4ccc(CO[C@H]5CN6CCC5CC6)cc4)nc23)c1)c1ccccc1,7.504409,C[C@H](NC(=O)c1ccc(O)c(NCc2cccc3oc(-c4ccc(CO[C@H]5CN6CCC5CC6)cc4)nc23)c1)c1ccccc1,7.722807
O=C(Nc1cccc2cc[nH]c12)[C@@H]1Cc2ccccc2CN1Cc1ccc2nc(-c3ccc(CO[C@H]4CN5CCC4CC5)cc3)oc2c1,7.675574,O=C(Nc1cccc2cc[nH]c12)[C@@H]1Cc2ccccc2CN1C(=O)c1ccc2nc(-c3ccc(CO[C@H]4CN5CCC4CC5)cc3)oc2c1,7.516936
O=C(NCc1ccccc1)c1ccc(O)c(NCC2CNC2)c1,6.824571,O=C(NCc1ccccc1)c1ccc(O)c(NC(=O)C2CNC2)c1,7.126968
Nc1cccc(-c2ccc(NCC3CCN3)c(O)c2)c1,6.339744,Nc1ccc(-c2cccc(NC(=O)C3CCN3)c2)cc1O,6.654278
C[C@H](NCc1ccc(N)c(N)c1)C(=O)Nc1cccc(B(O)O)c1,3.594538,C[C@H](NC(=O)c1ccc(N)c(N)c1)C(=O)Nc1cccc(B(O)O)c1,3.960388
c1cc(NC[C@@H]2Cc3ccccc3CN2)cc(-c2cc(Nc3nc4ccccc4n3CC3CC3)[nH]n2)c1,7.958889,O=C(Nc1cccc(-c2cc(Nc3nc4ccccc4n3CC3CC3)[nH]n2)c1)[C@@H]1Cc2ccccc2CN1,8.062091
O=C(O)c1ccccc1NCc1ccc(NC[C@@H]2Cc3ccccc3CN2)c(O)c1,5.948374,O=C(O)c1ccccc1NCc1ccc(NC(=O)[C@@H]2Cc3ccccc3CN2)c(O)c1,5.961556
O=C(Nc1cccc2cc[nH]c12)c1cccc(O)c1NC[C@@H]1Cc2ccccc2CN1,6.088021,O=C(Nc1cccc2cc[nH]c12)c1cccc(O)c1NC(=O)[C@@H]1Cc2ccccc2CN1,6.219098
O=C(OCc1cccc(-c2nnn(Cc3ccc(C(=O)N4CCC4CNC45CC(C4)C5)cc3)n2)c1)[C@@H]1Cc2ccccc2CN1,7.126264,O=C(NC12CC(C1)C2)C1CCN1C(=O)c1ccc(Cn2nnc(-c3cccc(COC(=O)[C@@H]4Cc5ccccc5CN4)c3)n2)cc1,7.171635
Nc1ccc(CNc2cc(Br)n[nH]2)cc1N,3.27057,Nc1ccc(C(=O)Nc2cc(Br)n[nH]2)cc1N,3.85157
N#Cc1ccc(CN2Cc3ccccc3C[C@H]2c2nc3cc(NC45CC(C4)C5)ccc3o2)cn1,6.67496,N#Cc1ccc(C(=O)N(c2ccc3oc([C@@H]4Cc5ccccc5CN4)nc3c2)C23CC(C2)C3)cn1,6.323356
O=C(Nc1ccccc1)Nc1ccc(-c2ccc3[nH]c(-c4cccc(CNC56CC(C5)C6)c4)nc3c2)cc1,7.350067,O=C(Nc1ccccc1)Nc1ccc(-c2ccc3[nH]c(-c4cccc(C(=O)NC56CC(C5)C6)c4)nc3c2)cc1,7.338492
N#Cc1ccc(CN2CC(COCc3cc(=O)[nH]c4ccccc34)C2)cn1,5.631637,N#Cc1ccc(C(=O)N2CC(COCc3cc(=O)[nH]c4ccccc34)C2)cn1,5.781915
c1cc(Cn2ccc3cccc(NCC4CNC4)c32)cc(-c2nnnn2Cc2cccc(-c3nnnn3CC3CC3)c2)c1,7.257079,O=C(Nc1cccc2ccn(Cc3cccc(-c4nnnn4Cc4cccc(-c5nnnn5CC5CC5)c4)c3)c12)C1CNC1,7.658374
Brc1ccc(NCc2cccc(-c3nc4ccc(CNc5cccc6cc[nH]c56)cc4o3)c2)cc1,6.366341,O=C(Nc1ccc(Br)cc1)c1cccc(-c2nc3ccc(CNc4cccc5cc[nH]c45)cc3o2)c1,6.643465
O=C(N[C@@H](c1ccccc1)c1nc2ccc(CN3CCC[C@@H]3CO)cc2o1)C1CCN(Cc2cccnc2)CC1,5.881413,O=C(N[C@@H](c1ccccc1)c1nc2ccc(CN3CCC[C@@H]3CO)cc2o1)C1CCN(C(=O)c2cccnc2)CC1,6.016959
N#Cc1ccc(NCc2ccc(C=O)cc2)c(N)c1,3.945415,N#Cc1ccc(N)c(NC(=O)c2ccc(C=O)cc2)c1,4.080207
O=Cc1ccc(CNCCc2ccccc2)cc1,4.247235,O=Cc1ccc(C(=O)NCCc2ccccc2)cc1,4.477515
N[C@@H](CN1CCC(c2nc3cc(C(=O)Nc4ccccn4)ccc3[nH]2)CC1)c1ccccc1,6.151985,N[C@@H](C(=O)N1CCC(c2nc3cc(C(=O)Nc4ccccn4)ccc3[nH]2)CC1)c1ccccc1,6.959572
Oc1cc(CNC23CC(C2)C3)ccc1NCc1ccc2[nH]c(-c3ccc(CO[C@H]4CN5CCC4CC5)cc3)nc2c1,7.858545,O=C(NC12CC(C1)C2)c1ccc(NCc2ccc3[nH]c(-c4ccc(CO[C@H]5CN6CCC5CC6)cc4)nc3c2)c(O)c1,7.80758
O=C(O)[C@@H]1CCCN(Cc2ccc3nc(C4CNC4)oc3c2)C1,5.467992,O=C(O)[C@@H]1CCCN(C(=O)c2ccc3nc(C4CNC4)oc3c2)C1,5.695611
O[C@@H]1CCN(Cc2ccc(Nc3cccc4cc[nH]c34)cc2)C1,4.371581,O=C(c1ccc(Nc2cccc3cc[nH]c23)cc1)N1CC[C@@H](O)C1,4.443126
C#Cc1ccc(NCc2ccc(N)c(N)c2)c(NC[C@@H]2Cc3ccccc3CN2)c1,6.021994,C#Cc1ccc(NC(=O)c2ccc(N)c(N)c2)c(NC[C@@H]2Cc3ccccc3CN2)c1,6.274835
c1ccc2c(c1)c(CCNCc1ccc3nc(C4CNC4)[nH]c3c1)cn2Cc1ccc(-c2nnn(CC3CC3)n2)cc1,8.124843,O=C(NCCc1cn(Cc2ccc(-c3nnn(CC4CC4)n3)cc2)c2ccccc12)c1ccc2nc(C3CNC3)[nH]c2c1,8.246706
O=C(O)C1CN(Cc2ccc(CCl)cc2)C1,3.464015,O=C(O)C1CN(C(=O)c2ccc(CCl)cc2)C1,4.055602
O=C(Nc1ccc(Br)cc1)Nc1ccc(N(Cc2cn(CC3CC3)nn2)CC2CNC2)cc1,6.803223,O=C(Nc1ccc(Br)cc1)Nc1ccc(N(Cc2cn(CC3CC3)nn2)C(=O)C2CNC2)cc1,6.922106
Nc1ccc(-c2nc3ccc(CNC4(C(=O)O)CCC4)cc3o2)cc1N,4.940945,Nc1cc(-c2nc3ccc(C(=O)O)cc3o2)ccc1NC(=O)C1(N)CCC1,4.974787
O=Cc1ccc(-c2ccc(NCC3CNC3)c(NCc3ccc4oc(C5CNC5)nc4c3)c2)cc1,7.118355,O=Cc1ccc(-c2ccc(NC(=O)C3CNC3)c(NCc3ccc4oc(C5CNC5)nc4c3)c2)cc1,5.960165
O=C(O)c1ccc2nc([C@H]3CCCN3Cc3ccc4nc(C5CNC5)[nH]c4c3)[nH]c2c1,6.589706,O=C(O)c1ccc2nc(C3CN(C(=O)c4ccc5nc([C@H]6CCCN6)[nH]c5c4)C3)[nH]c2c1,6.457801
N#Cc1ccc(CNc2cc(-c3ccc(NC[C@@H](NCC4CCN4)c4ccccc4)cc3)n[nH]2)cn1,7.097189,N#Cc1ccc(CNc2cc(-c3ccc(NC[C@@H](NC(=O)C4CCN4)c4ccccc4)cc3)n[nH]2)cn1,7.266668
C[C@@H](O)[C@@H](NCc1ccc2nc(C3CNC3)oc2c1)C(=O)Nc1ccnc2ccccc12,6.287505,C[C@@H](O)[C@@H](NC(=O)c1ccc2nc(C3CNC3)oc2c1)C(=O)Nc1ccnc2ccccc12,6.545889
O=C(O)C1CCN(C(=O)c2ccc3[nH]c(-c4ccc(O)c(NCC5CNC5)c4)nc3c2)CC1,6.19903,O=C(O)C1CCN(C(=O)c2ccc3[nH]c(-c4ccc(O)c(NC(=O)C5CNC5)c4)nc3c2)CC1,6.307116
c1ccc2c(c1)c(CCNCc1ccc3nc(C4CNC4)[nH]c3c1)cn2CC1CC1,7.882326,O=C(NCCc1cn(CC2CC2)c2ccccc12)c1ccc2nc(C3CNC3)[nH]c2c1,8.099471
CC[C@H](C)[C@H](NCc1ccc(-c2nnn(CC3CC3)n2)nc1)C(=O)N[C@@H](Cc1ccccc1)C(=O)Nc1ccccn1,6.391255,CC[C@H](C)[C@H](NC(=O)c1ccc(-c2nnn(CC3CC3)n2)nc1)C(=O)N[C@@H](Cc1ccccc1)C(=O)Nc1ccccn1,6.292614
Cc1cc(Br)cnc1NCc1cccc(O)c1NCc1ccc(-c2nnn(CC3CC3)n2)nc1,6.199714,Cc1cc(Br)cnc1NCc1cccc(O)c1NC(=O)c1ccc(-c2nnn(CC3CC3)n2)nc1,6.118697
OB(O)c1ccc(NCc2ccccc2NC[C@@H]2CCCN2)cc1,3.95173,O=C(Nc1ccc(B(O)O)cc1)c1ccccc1NC[C@@H]1CCCN1,4.125024
N#Cc1ccc(CNC2CC2)cn1,2.903664,N#Cc1ccc(C(=O)NC2CC2)cn1,5.48704
c1ccc2c(c1)CN[C@H](CNCc1cn(Cc3ccc(-c4nnn(CC5CC5)n4)cc3)c3ccccc13)C2,8.006315,O=C(NCc1cn(Cc2ccc(-c3nnn(CC4CC4)n3)cc2)c2ccccc12)[C@@H]1Cc2ccccc2CN1,8.116267
O=Cc1ccc(CNc2cccc(-c3ccc(NC(=O)C4CCNCC4)cc3)c2)cc1,6.870346,O=Cc1ccc(C(=O)Nc2cccc(-c3ccc(NC(=O)C4CCNCC4)cc3)c2)cc1,7.076238
c1ccc2c(c1)CN[C@H](CNc1cccnc1-c1ccc(NCc3ccc(C4=NCCc5ccccc54)cc3)cc1)C2,7.715035,O=C(Nc1cccnc1-c1ccc(NCc2ccc(C3=NCCc4ccccc43)cc2)cc1)[C@@H]1Cc2ccccc2CN1,7.591164
c1cc(NCc2ccc(-c3nnn(CC4CC4)n3)nc2)cc(-c2ccc3c(CNC45CC(C4)C5)c[nH]c3c2)c1,8.12713,O=C(Nc1cccc(-c2ccc3c(CNC45CC(C4)C5)c[nH]c3c2)c1)c1ccc(-c2nnn(CC3CC3)n2)nc1,8.029488
Nc1c(O)cccc1CN1CCC(=O)C1,3.233145,Nc1c(O)cccc1C(=O)N1CCC(=O)C1,3.01003
Nc1ccc(CNc2cc(Br)ccc2O)cc1N,3.530527,Nc1ccc(C(=O)Nc2cc(Br)ccc2O)cc1N,3.654492
O=C(Nc1ccc(Br)cc1)c1ccc(NC(=O)C2(NCC3CCN3)CCC2)c(O)c1,6.775144,O=C(Nc1ccc(Br)cc1)c1ccc(NC(=O)C2(NC(=O)C3CCN3)CCC2)c(O)c1,6.628104
N[C@H](CNc1ccc(-c2cncc(C=O)c2)cc1)c1ccccc1,5.121727,N[C@H](C(=O)Nc1ccc(-c2cncc(C=O)c2)cc1)c1ccccc1,5.955908
N#Cc1ccc(NC[C@@H]2Cc3ccccc3CN2)c(NC2CNC2)c1,6.389379,N#Cc1ccc(NC(=O)[C@@H]2Cc3ccccc3CN2)c(NC2CNC2)c1,6.387309
N#Cc1ccc(CN[C@@H](Cc2cn(CC3CC3)c3ccccc23)C(=O)NC2CC2)cn1,6.896764,N#Cc1ccc(C(=O)N[C@@H](Cc2cn(CC3CC3)c3ccccc23)C(=O)NC2CC2)cn1,6.579166
N[C@H](CNc1cccc(-c2ccc(NC(=O)c3ccc4oc(C5CNC5)nc4c3)cc2)c1)c1ccccc1,7.735277,N[C@H](C(=O)Nc1cccc(-c2ccc(NC(=O)c3ccc4oc(C5CNC5)nc4c3)cc2)c1)c1ccccc1,7.744082
O=C(Nc1ccnc2ccccc12)C1CCN1Cc1ccc(CCl)cc1,5.907038,O=C(Nc1ccnc2ccccc12)C1CCN1C(=O)c1ccc(CCl)cc1,6.122305
O=C(O)[C@@H](NCc1ccc(CCl)cc1)c1ccccc1,3.643917,O=C(N[C@H](C(=O)O)c1ccccc1)c1ccc(CCl)cc1,4.005439
Nc1ccc(-c2cccc(-c3nnn(Cc4ccc(CNc5ccnc6ccccc56)cc4)n3)c2)cc1,6.688682,Nc1ccc(-c2cccc(-c3nnn(Cc4ccc(C(=O)Nc5ccnc6ccccc56)cc4)n3)c2)cc1,6.658056
N#Cc1ccc(CNc2ccccc2C(=O)Nc2ccc(Br)cc2)cn1,5.206896,N#Cc1ccc(C(=O)Nc2ccccc2C(=O)Nc2ccc(Br)cc2)cn1,5.647376
O=C(O)c1ccc2nc(-c3ccc(CNc4cccc(B(O)O)c4)cc3)oc2c1,4.85079,O=C(O)c1ccc(-c2nc3ccc(C(=O)Nc4cccc(B(O)O)c4)cc3o2)cc1,5.057561
N#Cc1ccc(CNc2ccc(C(=O)O)cc2N)cn1,4.092209,N#Cc1ccc(C(=O)Nc2cc(C(=O)O)ccc2N)cn1,4.215678
N#Cc1ccc(CNc2cc(C(=O)N3CC(C(=O)O)C3)ccc2O)cn1,5.366597,N#Cc1ccc(C(=O)Nc2cc(C(=O)N3CC(C(=O)O)C3)ccc2O)cn1,5.409275
OB(O)c1cccc(Nc2ccc(NC[C@@H]3Cc4ccccc4CN3)cc2)c1,5.055591,O=C(Nc1ccc(Nc2cccc(B(O)O)c2)cc1)[C@@H]1Cc2ccccc2CN1,5.35292
c1nc(-c2ccc(NCc3ccc4oc(C5(NCC6CNC6)CCC5)nc4c3)cc2)c[nH]1,6.791867,O=C(NC1(c2nc3cc(CNc4ccc(-c5c[nH]cn5)cc4)ccc3o2)CCC1)C1CNC1,7.497341
c1ccc2c(c1)CN[C@H](c1nc3cc(CNCc4cn(Cc5ccc(-c6nnn(CC7CC7)n6)cc5)c5ccccc45)ccc3o1)C2,8.01771,O=C(NCc1cn(Cc2ccc(-c3nnn(CC4CC4)n3)cc2)c2ccccc12)c1ccc2oc([C@@H]3Cc4ccccc4CN3)nc2c1,8.148075
ClCc1ccc(CNC23CC(C2)C3)cc1,4.812214,O=C(NC12CC(C1)C2)c1ccc(CCl)cc1,4.791424
Oc1cc(CNc2cccc(-c3cccc(NCC4CCN4)c3)c2O)ccc1NCC1CNC1,7.575016,O=C(Nc1ccc(CNc2cccc(-c3cccc(NCC4CCN4)c3)c2O)cc1O)C1CNC1,7.689444
Fc1ncc(-c2cccc(NCc3cccc(CN(CCc4ccccc4)C[C@@H]4Cc5ccccc5CN4)c3)c2)cn1,7.143682,O=C([C@@H]1Cc2ccccc2CN1)N(CCc1ccccc1)Cc1cccc(CNc2cccc(-c3cnc(F)nc3)c2)c1,7.272444
O=Cc1ccc(CN2CC(CN[C@@H](C(=O)O)c3ccccc3)C2)cc1,3.966144,O=Cc1ccc(CN2CC(C(=O)N[C@@H](C(=O)O)c3ccccc3)C2)cc1,4.596323
O=C(O)c1ccc(O)c(NCC2CCN(Cc3c[nH]c4ccc(-c5nnn(CC6CC6)n5)cc34)CC2)c1,6.445364,O=C(O)c1ccc(O)c(NC(=O)C2CCN(Cc3c[nH]c4ccc(-c5nnn(CC6CC6)n5)cc34)CC2)c1,6.817809
O=C(Nc1ccnc2ccccc12)c1ccc(NCc2ccc3oc(C4CNC4)nc3c2)c(NC[C@@H]2Cc3ccccc3CN2)c1,7.812668,O=C(Nc1ccc(C(=O)Nc2ccnc3ccccc23)cc1NC[C@@H]1Cc2ccccc2CN1)c1ccc2oc(C3CNC3)nc2c1,7.517504
c1cc(NCc2ccc(-c3nc4ccccc4o3)cc2)cc(-c2ccc(NCC3CNC3)cc2)c1,7.804459,O=C(Nc1ccc(-c2cccc(NCc3ccc(-c4nc5ccccc5o4)cc3)c2)cc1)C1CNC1,7.986718
Nc1ccccc1CN1CC(C(=O)Nc2ccc(-c3cccc(C(=O)NCc4c[nH]c5ccccc45)c3)cc2)C1,7.010436,Nc1ccccc1C(=O)N1CC(C(=O)Nc2ccc(-c3cccc(C(=O)NCc4c[nH]c5ccccc45)c3)cc2)C1,7.257172
O=C(NC1CC1)[C@@H]1Cc2ccccc2CN1C[C@H]1CCCN1Cc1ccc(-c2nnn(CC3CC3)n2)nc1,7.571681,O=C(NC1CC1)[C@@H]1Cc2ccccc2CN1C(=O)[C@H]1CCCN1Cc1ccc(-c2nnn(CC3CC3)n2)nc1,7.451415
O=C(O)c1ccc(O)c(NCc2ccc(CN3CCC3C(=O)O)cc2)c1,4.963774,O=C(O)c1ccc(CN2CCC2C(=O)Nc2cc(C(=O)O)ccc2O)cc1,4.932698
Nc1cccc(-c2cc(NCc3cccc(O)c3NCc3ccc(CO[C@H]4CN5CCC4CC5)cc3)[nH]n2)c1,7.03881,Nc1c(O)cccc1CNc1cc(-c2cccc(NC(=O)c3ccc(CO[C@H]4CN5CCC4CC5)cc3)c2)n[nH]1,7.576709
Oc1ccc(-c2cccc(-c3nnn(Cc4ccc(-c5nnn(CC6CC6)n5)cc4)n3)c2)cc1NCC1CCN1,7.912486,O=C(Nc1cc(-c2cccc(-c3nnn(Cc4ccc(-c5nnn(CC6CC6)n5)cc4)n3)c2)ccc1O)C1CCN1,7.703371
Oc1cc(Br)ccc1NCc1cccc(F)n1,3.707404,O=C(Nc1ccc(Br)cc1O)c1cccc(F)n1,3.688771
Nc1cc(C(=O)NCCc2c[nH]c3ccccc23)ccc1NCc1ccc(-c2nnn(CC3CC3)n2)nc1,7.496431,Nc1cc(C(=O)NCCc2c[nH]c3ccccc23)ccc1NC(=O)c1ccc(-c2nnn(CC3CC3)n2)nc1,7.434074
Nc1ccc(CNc2ccccc2C(=O)Nc2cc(Br)n[nH]2)cc1O,4.437745,Nc1ccc(C(=O)Nc2ccccc2C(=O)Nc2cc(Br)n[nH]2)cc1O,4.85783
N#Cc1ccc(CN2CC(C(=O)Nc3cc(NCC(=O)NCCc4ccccc4)n[nH]3)C2)cn1,5.288226,N#Cc1ccc(C(=O)N(CC(=O)NCCc2ccccc2)c2cc(NC(=O)C3CNC3)[nH]n2)cn1,6.25664
O=C(NCCc1ccccc1)C1CCN1Cc1ccc2nc(-c3ccc(CO[C@H]4CN5CCC4CC5)cc3)oc2c1,7.669011,O=C(NCCc1ccccc1)C1CCN1C(=O)c1ccc2nc(-c3ccc(CO[C@H]4CN5CCC4CC5)cc3)oc2c1,7.516263
Nc1cc(C(=O)O)ccc1NCc1ccc2oc(-c3ccccc3COCC3CNC3)nc2c1,6.43571,Nc1cc(C(=O)O)ccc1NC(=O)c1ccc2oc(-c3ccccc3COCC3CNC3)nc2c1,6.587219
O=C(Nc1cc(CNc2ccnc3ccccc23)ccc1O)c1cccc(CN(C[C@@H]2Cc3ccccc3CN2)C23CC(C2)C3)c1,6.975087,O=C(Nc1cc(CN(C(=O)[C@@H]2Cc3ccccc3CN2)c2ccnc3ccccc23)ccc1O)c1cccc(CNC23CC(C2)C3)c1,7.294808
Nc1cc(CNc2n[nH]cc2-c2cccc(NCC3CNC3)c2)ccc1O,6.051456,Nc1cc(C(=O)Nc2n[nH]cc2-c2cccc(NCC3CNC3)c2)ccc1O,6.254512
OB(O)c1ccc(NCc2ccc3nc(C4CCN4)[nH]c3c2)cc1,5.471993,O=C(Nc1ccc(B(O)O)cc1)c1ccc2nc(C3CCN3)[nH]c2c1,5.607965
N#Cc1ccc(CN2CCC[C@H](C(=O)Nc3ccccn3)C2)cn1,5.784372,N#Cc1ccc(C(=O)N2CCC[C@H](C(=O)Nc3ccccn3)C2)cn1,6.24242
Nc1c(O)cccc1CNc1ccc(Br)cc1O,3.749799,Nc1c(O)cccc1C(=O)Nc1ccc(Br)cc1O,3.606104
Nc1ccc(-c2cccc(C(=O)N3CCC[C@H]3CNc3ccc(Br)cc3)c2)cc1,6.296127,Nc1ccc(-c2cccc(C(=O)N3CCC[C@H]3C(=O)Nc3ccc(Br)cc3)c2)cc1,6.332944
O=C(O)C1CCN(Cc2cccc(-c3cc(NCC4CCN4)[nH]n3)c2)CC1,6.412408,O=C(O)C1CCN(C(=O)c2cccc(-c3cc(NCC4CCN4)[nH]n3)c2)CC1,6.503711
O=C(c1ccc(F)cc1)N1CCC1CNc1ccc(Br)cc1,5.461651,O=C(Nc1ccc(Br)cc1)C1CCN1C(=O)c1ccc(F)cc1,5.730882
O=C(Nc1ccc(-c2ccc(N(C[C@@H]3Cc4ccccc4CN3)C[C@@H]3Cc4ccccc4CN3)cc2)cc1)[C@@H]1Cc2ccccc2CN1,7.335897,O=C(Nc1ccc(-c2ccc(N(C[C@@H]3Cc4ccccc4CN3)C(=O)[C@@H]3Cc4ccccc4CN3)cc2)cc1)[C@@H]1Cc2ccccc2CN1,7.225279
c1ccc(CN(Cc2ccnc(Nc3ccnc4ccccc34)c2)C[C@@H]2Cc3ccccc3CN2)cc1,6.107926,O=C([C@@H]1Cc2ccccc2CN1)N(Cc1ccccc1)Cc1ccnc(Nc2ccnc3ccccc23)c1,6.268893
Oc1ccc(C2=NCCc3ccccc32)cc1N(Cc1cccc2oc(C3CNC3)nc12)C[C@@H]1Cc2ccccc2CN1,7.500458,O=C([C@@H]1Cc2ccccc2CN1)N(Cc1cccc2oc(C3CNC3)nc12)c1cc(C2=NCCc3ccccc32)ccc1O,7.104828
N[C@@H](CN1CC(C(=O)O)C1)c1ccccc1,3.004948,N[C@@H](C(=O)N1CC(C(=O)O)C1)c1ccccc1,4.361435
Brc1cc(NCC2CNC2)[nH]n1,4.091902,O=C(Nc1cc(Br)n[nH]1)C1CNC1,5.488888
Nc1cc(CN[C@@H](Cc2ccccc2)C(=O)O)ccc1O,3.209607,N[C@@H](Cc1ccccc1)C(=O)Nc1cc(C(=O)O)ccc1O,3.389008
O=C1CCN(C(=O)c2ccc3nc(-c4cccc(CNCCc5cn(CC6CC6)c6ccccc56)c4)oc3c2)CC1,6.576728,O=C1CCN(C(=O)c2ccc3nc(-c4cccc(C(=O)NCCc5cn(CC6CC6)c6ccccc56)c4)oc3c2)CC1,6.803967
Nc1ccccc1CNC1CC1,1.896392,Nc1ccccc1C(=O)NC1CC1,4.682922
ClCc1ccc(CNc2cc(Br)n[nH]2)cc1,3.494919,O=C(Nc1cc(Br)n[nH]1)c1ccc(CCl)cc1,3.99743
Nc1ccc(-c2c[nH]nc2NCc2ccc(CO[C@H]3CN4CCC3CC4)cc2)cc1,7.124758,Nc1ccc(-c2c[nH]nc2NC(=O)c2ccc(CO[C@H]3CN4CCC3CC4)cc2)cc1,7.202637
Nc1cccc(-c2ccc(N)c(NCc3ccc(F)cc3)c2)c1,5.27116,Nc1ccc(-c2cccc(NC(=O)c3ccc(F)cc3)c2)cc1N,5.568357
O=Cc1cccc(CNc2c(O)cccc2C(=O)O)c1,3.170708,O=Cc1cccc(C(=O)Nc2c(O)cccc2C(=O)O)c1,3.510065
O=C(NC1CC1)c1ccccc1NC[C@@H]1CCCN1,4.955426,O=C(NC1CC1)c1ccccc1NC(=O)[C@@H]1CCCN1,6.770866
Nc1ccc(CNc2ccc(C(=O)N3CCC(c4nc5ccc(C(=O)O)cc5o4)CC3)cc2N)cc1N,5.857224,Nc1ccc(C(=O)N2CCC(c3nc4ccc(C(=O)Nc5cc(C(=O)O)ccc5N)cc4o3)CC2)cc1N,6.043674
Nc1cc(CNc2ccc(C(=O)NC3CC3)cc2O)ccc1O,5.783111,Nc1cc(C(=O)Nc2ccc(C(=O)NC3CC3)cc2O)ccc1O,5.648093
O=C(O)[C@@H]1Cc2ccccc2CN1Cc1ccc2nc(-c3ccc(-c4nnn(CC5CC5)n4)nc3)[nH]c2c1,7.378204,O=C(O)[C@@H]1Cc2ccccc2CN1C(=O)c1ccc2nc(-c3ccc(-c4nnn(CC5CC5)n4)nc3)[nH]c2c1,7.059381
Nc1cc(CNc2cccc(B(O)O)c2)ccc1O,3.2799,Nc1cc(C(=O)Nc2cccc(B(O)O)c2)ccc1O,3.46898
Cc1cc(-c2ccc(NCC3CCN3)cc2)cnc1NCc1ccc(-c2nnn(CC3CC3)n2)nc1,7.966758,Cc1cc(-c2ccc(NCC3CCN3)cc2)cnc1NC(=O)c1ccc(-c2nnn(CC3CC3)n2)nc1,6.601156
O=C1CCN(C(=O)[C@H](NCc2cccc(-c3nc4ccc(-c5nnnn5CC5CC5)cc4[nH]3)c2)c2ccccc2)CC1,6.104547,O=C1CCN(C(=O)[C@H](NC(=O)c2cccc(-c3nc4ccc(-c5nnnn5CC5CC5)cc4[nH]3)c2)c2ccccc2)CC1,6.410221
O=C(O)c1ccc(Cn2cc(-c3cc(NCc4ccc5nc(C6CNC6)oc5c4)[nH]n3)nn2)cc1,7.314607,O=C(O)c1ccc(Cn2cc(-c3cc(NC(=O)c4ccc5nc(C6CNC6)oc5c4)[nH]n3)nn2)cc1,7.371196
C[C@@H](Nc1nnnn1-c1cccc(C#N)c1)C(=O)Nc1cc(CNC23CC(C2)C3)ccc1N,6.258966,C[C@@H](Nc1nnnn1-c1cccc(C#N)c1)C(=O)Nc1cc(C(=O)NC23CC(C2)C3)ccc1N,6.482004
Nc1ccc(CN(Cc2cccc(C(=O)O)c2)C23CC(C2)C3)cc1N,4.327379,Nc1ccc(C(=O)N(Cc2cccc(C(=O)O)c2)C23CC(C2)C3)cc1N,4.532127
O=Cc1ccc(CNc2ccc(C(=O)N[C@@H](C(=O)O)c3ccccc3)cc2O)cc1,4.799529,O=Cc1ccc(C(=O)Nc2ccc(C(=O)N[C@@H](C(=O)O)c3ccccc3)cc2O)cc1,4.838209
Nc1cccc(-c2ncccc2NCc2ccc(O)c(N)c2)c1,4.275156,Nc1cc(C(=O)Nc2cccc(-c3ncccc3N)c2)ccc1O,5.141307
O=C(NCCc1ccccc1-c1cccc(N(C[C@@H]2Cc3ccccc3CN2)c2ccc3ccccc3n2)c1)NC1CC1,7.409966,O=C(NCCc1ccccc1-c1cccc(N(C(=O)[C@@H]2Cc3ccccc3CN2)c2ccc3ccccc3n2)c1)NC1CC1,6.111189
Oc1cc(F)cc(-c2ccc(O)c(N(Cc3ccc(CO[C@H]4CN5CCC4CC5)cc3)C[C@@H]3Cc4ccccc4CN3)c2)c1,6.993547,O=C([C@@H]1Cc2ccccc2CN1)N(Cc1ccc(CO[C@H]2CN3CCC2CC3)cc1)c1cc(-c2cc(O)cc(F)c2)ccc1O,7.07024
Nc1ccc(C(=O)Nc2cc(C(=O)O)ccc2O)cc1NC[C@@H]1Cc2ccccc2CN1,6.139508,Nc1cc(C(=O)Nc2cc(C(=O)O)ccc2O)ccc1NC(=O)[C@@H]1Cc2ccccc2CN1,6.156205
Nc1ccc(CN2CCC[C@H]2c2nc3cccc(-c4cccc(F)c4)c3n2CC2CC2)cc1O,5.706512,Nc1ccc(C(=O)N2CCC[C@H]2c2nc3cccc(-c4cccc(F)c4)c3n2CC2CC2)cc1O,5.686357
Nc1ccc(C(=O)O)cc1NCc1cccc(CN2CCC(=O)C2)c1,4.555717,Nc1cc(C(=O)O)ccc1NC(=O)c1cccc(CN2CCC(=O)C2)c1,4.493054
Fc1cccc(CN2CC(c3nc4cc(-c5ccc6[nH]ccc6c5)ccc4o3)C2)n1,6.193129,O=C(c1cccc(F)n1)N1CC(c2nc3cc(-c4ccc5[nH]ccc5c4)ccc3o2)C1,6.184196
O[C@@H]1CCN(Cc2nccn2Cc2ccc(CNc3cccc4cc[nH]c34)cc2)C1,5.361696,O=C(Nc1cccc2cc[nH]c12)c1ccc(Cn2ccnc2CN2CC[C@@H](O)C2)cc1,5.380157
OB(O)c1cccc(NCc2cccc(-c3c[nH]cn3)c2)c1,3.7356,O=C(Nc1cccc(B(O)O)c1)c1cccc(-c2c[nH]cn2)c1,4.012846
N[C@@H](CNc1ccc(Br)cc1)c1ccccc1,4.026665,N[C@@H](C(=O)Nc1ccc(Br)cc1)c1ccccc1,5.047801
N#Cc1ccc(CNc2cccc(-c3ccc(NCc4ccc5nc(C6CCNCC6)[nH]c5c4)cc3)c2)cn1,7.416008,N#Cc1ccc(C(=O)Nc2cccc(-c3ccc(NCc4ccc5nc(C6CCNCC6)[nH]c5c4)cc3)c2)cn1,7.61236
O=C(NCc1cn(CC2CC2)nn1)C1CCN1C(=O)[C@@H]1Cc2ccccc2CN1C[C@@H]1Cc2ccccc2CN1,7.299676,O=C(NCc1cn(CC2CC2)nn1)C1CCN1C(=O)[C@@H]1Cc2ccccc2CN1C(=O)[C@@H]1Cc2ccccc2CN1,6.975658
Cc1cc(-c2cccc(NCc3ccc(C4=NCCc5ccccc54)cc3)c2)cnc1NC[C@@H]1Cc2ccccc2CN1,7.953543,Cc1cc(-c2cccc(NCc3ccc(C4=NCCc5ccccc54)cc3)c2)cnc1NC(=O)[C@@H]1Cc2ccccc2CN1,7.83668
O=C(O)c1ccc(NCc2nc3ccccc3[nH]2)c(NC[C@@H]2Cc3ccccc3CN2)c1,5.930042,O=C(O)c1ccc(NCc2nc3ccccc3[nH]2)c(NC(=O)[C@@H]2Cc3ccccc3CN2)c1,6.08903
N#Cc1cccc(COCC2CN(Cc3ccc4nc(-c5ccc(-c6nnn(CC7CC7)n6)nc5)oc4c3)C2)c1,7.488888,N#Cc1cccc(COCC2CN(C(=O)c3ccc4nc(-c5ccc(-c6nnn(CC7CC7)n6)nc5)oc4c3)C2)c1,7.317694
c1ccc2c(c1)CN[C@H](CN1CCC[C@@H]1c1nc3cc(-c4nnn(CC5CC5)n4)ccc3o1)C2,7.89774,O=C([C@@H]1Cc2ccccc2CN1)N1CCC[C@@H]1c1nc2cc(-c3nnn(CC4CC4)n3)ccc2o1,7.655098
C#CCNC(=O)C1(NCc2ccc3nc(C4CNC4)[nH]c3c2)CCC1,6.883975,C#CCNC(=O)C1(NC(=O)c2ccc3nc(C4CNC4)[nH]c3c2)CCC1,6.701074
Nc1c(O)cccc1CNCCc1ccccc1,4.363103,Nc1c(O)cccc1C(=O)NCCc1ccccc1,4.204745
Nc1ccc(CNc2cccc3ccn(Cc4ccccc4C(=O)NC4CC4)c23)cc1N,5.930687,Nc1ccc(C(=O)Nc2cccc3ccn(Cc4ccccc4C(=O)NC4CC4)c23)cc1N,6.427814
Nc1ccc(CNCc2ccc(C(F)(F)F)cc2)cc1N,4.516225,Nc1ccc(C(=O)NCc2ccc(C(F)(F)F)cc2)cc1N,4.948411
O=C(O)[C@@H]1Cc2ccccc2CN1Cc1cccc(CNc2ccnc3ccccc23)c1,6.095006,O=C(Nc1ccnc2ccccc12)c1cccc(CN2Cc3ccccc3C[C@H]2C(=O)O)c1,6.247839
O=C(Nc1ccccc1CNc1ccc(B(O)O)cc1)[C@H]1CCCNC1,5.014757,O=C(Nc1ccc(B(O)O)cc1)c1ccccc1NC(=O)[C@H]1CCCNC1,5.25792
O=C(Nc1cc(-c2cccc(NCc3ccc(-c4nnn(CC5CC5)n4)nc3)c2)n[nH]1)c1ccc(CCl)cc1,7.766751,O=C(Nc1cccc(-c2cc(NC(=O)c3ccc(CCl)cc3)[nH]n2)c1)c1ccc(-c2nnn(CC3CC3)n2)nc1,7.255043
Nc1cc(CNC2(C(=O)Nc3cccc4cc[nH]c34)CCC2)ccc1O,5.322028,Nc1cc(C(=O)NC2(C(=O)Nc3cccc4cc[nH]c34)CCC2)ccc1O,5.441154
BrCc1ccc(-c2nnn(Cc3ccc(CNc4ccnc5ccccc45)cc3)n2)cc1,6.080605,O=C(Nc1ccnc2ccccc12)c1ccc(Cn2nnc(-c3ccc(CBr)cc3)n2)cc1,6.073748
Nc1ccc(CNc2ccnc3ccccc23)cc1NCc1ccc(-c2nnn(CC3CC3)n2)nc1,7.49379,Nc1ccc(C(=O)Nc2ccnc3ccccc23)cc1NCc1ccc(-c2nnn(CC3CC3)n2)nc1,7.778841
Nc1cccnc1-c1cccc(NCC2CCN2)c1,6.607696,Nc1cccc(-c2ncccc2NC(=O)C2CCN2)c1,6.102396
N#Cc1ccc(Nc2ccc(-c3cc(NCc4ccc(N)c(O)c4)[nH]n3)cc2)nc1,5.379245,N#Cc1ccc(Nc2ccc(-c3cc(NC(=O)c4ccc(N)c(O)c4)[nH]n3)cc2)nc1,5.71476
N#Cc1ccc(CN(Cc2ccc(-c3nnn(CC4CC4)n3)nc2)c2cccc3ccn(CC4CC4)c23)cn1,7.573746,N#Cc1ccc(C(=O)N(Cc2ccc(-c3nnn(CC4CC4)n3)nc2)c2cccc3ccn(CC4CC4)c23)cn1,7.599299
c1ccc([C@@H](CNc2ccnc3ccccc23)NCc2ccc3nc(-c4ccc5oc(C6CNC6)nc5c4)oc3c2)cc1,7.404884,O=C(Nc1ccnc2ccccc12)[C@@H](NCc1ccc2nc(-c3ccc4oc(C5CNC5)nc4c3)oc2c1)c1ccccc1,7.574317
Fc1ncc(-c2ccc(NC[C@H]3CCCN3Cc3ccc(-c4nnn(CC5CC5)n4)nc3)cc2)cn1,7.9418,O=C(Nc1ccc(-c2cnc(F)nc2)cc1)[C@H]1CCCN1Cc1ccc(-c2nnn(CC3CC3)n2)nc1,8.053362
Oc1ccc(-c2cccc(NCc3nc(Nc4ccccn4)cs3)c2)cc1NCC1CCN1,6.691673,O=C(Nc1cc(-c2cccc(NCc3nc(Nc4ccccn4)cs3)c2)ccc1O)C1CCN1,6.695942
O=C(NC1CC1)c1ccc2nc(C3(NCc4ccc5nc([C@@H]6CCCN6)[nH]c5c4)CCC3)oc2c1,7.634332,O=C(NC1CC1)c1ccc2nc(C3(NC(=O)c4ccc5nc([C@@H]6CCCN6)[nH]c5c4)CCC3)oc2c1,7.479825
O=C(O)c1ccc(NCCNC(=O)C2CCN2)c(O)c1,4.778646,O=C(CNC(=O)C1CCN1)Nc1ccc(C(=O)O)cc1O,5.670348
c1ccc(NCc2ccc3oc(-c4cccc(-c5cc(NC[C@@H]6Cc7ccccc7CN6)[nH]n5)c4)nc3c2)nc1,7.928391,O=C(Nc1cc(-c2cccc(-c3nc4cc(CNc5ccccn5)ccc4o3)c2)n[nH]1)[C@@H]1Cc2ccccc2CN1,7.96604
Nc1cccc2ccn(Cc3ccccc3CNC34CC(C3)C4)c12,5.561191,Nc1cccc2ccn(Cc3ccccc3C(=O)NC34CC(C3)C4)c12,5.712667
OB(O)c1cccc(NCc2ccc(O)c(NCc3cccnc3Br)c2)c1,4.022804,O=C(Nc1cc(CNc2cccc(B(O)O)c2)ccc1O)c1cccnc1Br,4.065899
c1ccc([C@@H](CNC23CC(C2)C3)NCc2ccc(-c3nc4cc(-c5nnn(CC6CC6)n5)ccc4o3)cc2)cc1,7.82265,O=C(N[C@H](CNC12CC(C1)C2)c1ccccc1)c1ccc(-c2nc3cc(-c4nnn(CC5CC5)n4)ccc3o2)cc1,7.55478
N[C@H](CN[C@@H](Cc1ccccc1)C(=O)O)c1ccccc1,3.017974,N[C@@H](Cc1ccccc1)C(=O)N[C@H](C(=O)O)c1ccccc1,3.02863
Nc1ccc(CN[C@@H](Cc2c[nH]c3ccccc23)C(=O)NCCc2ccccc2)cc1N,4.863796,Nc1ccc(C(=O)N[C@@H](Cc2c[nH]c3ccccc23)C(=O)NCCc2ccccc2)cc1N,5.102163
Oc1c(Br)cccc1NCC1CCN1,4.992484,O=C(Nc1cccc(Br)c1O)C1CCN1,5.322282
c1cc(NCC2CCN2)cc(-c2cccc3nc(-c4ccc5oc([C@H]6CCCN6)nc5c4)oc23)c1,7.607486,O=C(Nc1cccc(-c2cccc3nc(-c4ccc5oc([C@H]6CCCN6)nc5c4)oc23)c1)C1CCN1,7.511052
c1ccc(NCc2ccc(-c3nc4cc(-c5nnn(CC6CC6)n5)ccc4o3)cc2)nc1,7.772625,O=C(Nc1ccccn1)c1ccc(-c2nc3cc(-c4nnn(CC5CC5)n4)ccc3o2)cc1,7.656279
Cc1cc(-c2cccc(CNC3(C(=O)O)CCC3)c2)cnc1NCc1cccc(C=O)c1,5.302777,Cc1cc(-c2cccc(C(=O)NC3(C(=O)O)CCC3)c2)cnc1NCc1cccc(C=O)c1,5.926235
c1cc(-c2cc(NC[C@@H]3Cc4ccccc4CN3)[nH]n2)cc(-c2nnn(Cc3ccc(CNC45CC(C4)C5)cc3)n2)c1,8.017518,O=C(Nc1cc(-c2cccc(-c3nnn(Cc4ccc(CNC56CC(C5)C6)cc4)n3)c2)n[nH]1)[C@@H]1Cc2ccccc2CN1,7.977665
Nc1ccncc1CN1CC(CNc2ccnc3ccccc23)C1,4.851835,Nc1ccncc1CN1CC(C(=O)Nc2ccnc3ccccc23)C1,5.412413
N#Cc1ccc(CNc2ccc(NCc3cn(CC4CC4)nn3)cc2)cn1,6.827836,N#Cc1ccc(C(=O)Nc2ccc(NCc3cn(CC4CC4)nn3)cc2)cn1,7.117305
O=C(Nc1ccc(Br)cc1)C1CN(CC2CNC2)C1,5.46128,O=C(Nc1ccc(Br)cc1)C1CN(C(=O)C2CNC2)C1,6.735357
O=C(O)C1CN(C(=O)Nc2ccc(-c3cccc(NCc4ccc(COCC5CNC5)cc4)c3)cc2)C1,7.30922,O=C(Nc1cccc(-c2ccc(NC(=O)N3CC(C(=O)O)C3)cc2)c1)c1ccc(COCC2CNC2)cc1,7.274816
C#CCNC(=O)c1ccc(O)c(NCc2ccc(N)c(O)c2)c1,4.469114,C#CCNC(=O)c1ccc(O)c(NC(=O)c2ccc(N)c(O)c2)c1,4.384902
Brc1ccc(NC[C@@H]2Cc3ccccc3CN2)cc1,5.931985,O=C(Nc1ccc(Br)cc1)[C@@H]1Cc2ccccc2CN1,6.227978
Brc1ccc(NCc2ccc3nc(-c4ccnc(Br)c4)[nH]c3c2)cc1,5.505237,O=C(Nc1ccc(Br)cc1)c1ccc2nc(-c3ccnc(Br)c3)[nH]c2c1,5.624105
Oc1ccc(-c2ccc(NCc3c[nH]c4ccc(NCCNC56CC(C5)C6)cc34)cc2)cn1,6.691108,O=C(CNc1ccc2[nH]cc(CNc3ccc(-c4ccc(O)nc4)cc3)c2c1)NC12CC(C1)C2,5.921983
Nc1cc(CNc2cccc3ccn(CC4CC4)c23)ccc1O,5.522696,Nc1cc(C(=O)Nc2cccc3ccn(CC4CC4)c23)ccc1O,6.072278
C[C@@H](NC[C@@H]1Cc2ccccc2CN1)C(=O)O,4.420829,C[C@@H](NC(=O)[C@@H]1Cc2ccccc2CN1)C(=O)O,4.640656
N#Cc1ccc(CNc2ccc(-c3cccc(NCC4CCN4)c3)cc2NC(=O)NC2CC2)cn1,6.846084,N#Cc1ccc(CNc2ccc(-c3cccc(NC(=O)C4CCN4)c3)cc2NC(=O)NC2CC2)cn1,6.423245
c1ccc2c(c1)CN[C@H](CN1CCNCC1)C2,5.098125,O=C([C@@H]1Cc2ccccc2CN1)N1CCNCC1,6.203867
C[C@@H](NC[C@@H]1Cc2ccccc2CN1)C(=O)NC1(C(=O)Nc2cccc3cc[nH]c23)CCC1,6.158705,C[C@@H](NC(=O)[C@@H]1Cc2ccccc2CN1)C(=O)NC1(C(=O)Nc2cccc3cc[nH]c23)CCC1,7.02042
c1ccc2c(c1)c(CCN(CC1CNC1)CC1CNC1)cn2Cc1ccc(-c2nnn(CC3CC3)n2)cc1,7.508242,O=C(C1CNC1)N(CCc1cn(Cc2ccc(-c3nnn(CC4CC4)n3)cc2)c2ccccc12)CC1CNC1,7.909708
c1ccc2c(c1)c(CNCc1ccc3[nH]c(C4CCNCC4)nc3c1)cn2Cc1ccc(-c2nnn(CC3CC3)n2)cc1,7.982308,O=C(NCc1cn(Cc2ccc(-c3nnn(CC4CC4)n3)cc2)c2ccccc12)c1ccc2[nH]c(C3CCNCC3)nc2c1,8.198851
O=C(Nc1ccc(B(O)O)cc1)[C@@H]1CCCN(CC2CNC2)C1,4.979235,O=C(Nc1ccc(B(O)O)cc1)[C@@H]1CCCN(C(=O)C2CNC2)C1,6.054896
c1ccc2c(c1)C[C@@H](c1nc3ccccc3o1)N(Cc1ccc(CO[C@H]3CN4CCC3CC4)cc1)C2,7.69706,O=C(c1ccc(CO[C@H]2CN3CCC2CC3)cc1)N1Cc2ccccc2C[C@H]1c1nc2ccccc2o1,7.634807
COc1ccccc1CNC(=O)c1ccc(CNc2cccc(-c3ccc(NCC4CNC4)cc3)c2)cc1,7.661297,COc1ccccc1CNC(=O)c1ccc(CNc2cccc(-c3ccc(NC(=O)C4CNC4)cc3)c2)cc1,7.805809
O=C(Nc1ccc(-c2cccc(NC[C@@H]3Cc4ccccc4CN3)c2)cc1)[C@@H]1Cc2ccccc2CN1C(=O)[C@@H]1Cc2ccccc2CN1,7.470974,O=C(Nc1cccc(-c2ccc(NC(=O)[C@@H]3Cc4ccccc4CN3C(=O)[C@@H]3Cc4ccccc4CN3)cc2)c1)[C@@H]1Cc2ccccc2CN1,7.17751
O=C(O)c1ccc(CN(Cc2ccc(-c3nnn(CC4CC4)n3)nc2)C23CC(C2)C3)cc1,7.077342,O=C(O)c1ccc(CN(C(=O)c2ccc(-c3nnn(CC4CC4)n3)nc2)C23CC(C2)C3)cc1,6.77635
O=C(NC1CC1)c1ccc2oc(-c3ccc(CNc4cccc(B(O)O)c4)cc3)nc2c1,6.174349,O=C(Nc1cccc(B(O)O)c1)c1ccc(-c2nc3cc(C(=O)NC4CC4)ccc3o2)cc1,6.134422
Cc1cc(-c2ccc(F)c(C(=O)O)c2)cnc1NCC1CCN1,5.993768,Cc1cc(-c2ccc(F)c(C(=O)O)c2)cnc1NC(=O)C1CCN1,6.09422
Brc1ccc2nc(-c3ccccc3NCc3ccc(COCC4CNC4)cc3)[nH]c2c1,6.769176,O=C(Nc1ccccc1-c1nc2ccc(Br)cc2[nH]1)c1ccc(COCC2CNC2)cc1,6.731465
O=C(C1CNC1)N1CCN(c2ccc(NCc3ccc(-c4nnn(CC5CC5)n4)nc3)cc2)CC1,7.546504,O=C(Nc1ccc(N2CCN(C(=O)C3CNC3)CC2)cc1)c1ccc(-c2nnn(CC3CC3)n2)nc1,4.86399
O=C(O)c1ccc(NCc2ccc3nc(-c4ccccc4CO[C@H]4CN5CCC4CC5)oc3c2)c(O)c1,7.056829,O=C(O)c1ccc(NC(=O)c2ccc3nc(-c4ccccc4CO[C@H]4CN5CCC4CC5)oc3c2)c(O)c1,6.949833
O=C(O)c1ccc2nc([C@@H](Cc3c[nH]c4ccccc34)NC[C@@H]3Cc4ccccc4CN3)[nH]c2c1,5.846052,O=C(O)c1ccc2nc([C@@H](Cc3c[nH]c4ccccc34)NC(=O)[C@@H]3Cc4ccccc4CN3)[nH]c2c1,5.939145
Nc1ccccc1CNc1cccc(NCc2ccc(-c3nnn(CC4CC4)n3)nc2)c1O,7.035769,Nc1cccc(NCc2ccccc2NC(=O)c2ccc(-c3nnn(CC4CC4)n3)nc2)c1O,6.80094
c1cncc(-c2ccc(NCc3ccc4nc(C5CNC5)[nH]c4c3)cc2)c1,7.826602,O=C(Nc1ccc(-c2cccnc2)cc1)c1ccc2nc(C3CNC3)[nH]c2c1,7.711517
O=C(NC1CC1)[C@@H](c1ccccc1)N(Cc1cccc(C2=NCCc3ccccc32)c1)C[C@@H]1Cc2ccccc2CN1,6.734157,O=C(NC1CC1)[C@@H](c1ccccc1)N(Cc1cccc(C2=NCCc3ccccc32)c1)C(=O)[C@@H]1Cc2ccccc2CN1,6.914881
c1cc2oc(-c3ccc(-c4nnn(CC5CC5)n4)nc3)nc2cc1CNc1ccc(NC23CC(C2)C3)cc1,8.016002,O=C(Nc1ccc(NC23CC(C2)C3)cc1)c1ccc2oc(-c3ccc(-c4nnn(CC5CC5)n4)nc3)nc2c1,7.265573
OB(O)c1cccc(Nc2cc(NCC3CNC3)[nH]n2)c1,4.071561,O=C(Nc1cc(Nc2cccc(B(O)O)c2)n[nH]1)C1CNC1,4.963473
Nc1ccc(-c2cccc(C=O)c2)cc1NCc1ccc2nc(C3CNC3)oc2c1,7.114287,Nc1cc(-c2cccc(C=O)c2)ccc1NC(=O)c1ccc2nc(C3CNC3)oc2c1,6.608084
Nc1ccc(CNc2cc(-c3cccc(NC(=O)c4ccc5nc(C6CCN6)oc5c4)c3)ccc2O)cc1N,7.056668,Nc1ccc(C(=O)Nc2cc(-c3cccc(NC(=O)c4ccc5nc(C6CCN6)oc5c4)c3)ccc2O)cc1N,6.6987
O=C(Nc1ccnc2ccccc12)[C@H]1CCCN(Cc2ccc(CCl)cc2)C1,6.060996,O=C(Nc1ccnc2ccccc12)[C@H]1CCCN(C(=O)c2ccc(CCl)cc2)C1,6.370467
O=C(NCCc1ccccc1)[C@@H]1CCCN1C(=O)[C@@H]1CCCN(Cc2ccc(-c3nnn(CC4CC4)n3)nc2)C1,7.484812,O=C(NCCc1ccccc1)[C@@H]1CCCN1C(=O)[C@@H]1CCCN(C(=O)c2ccc(-c3nnn(CC4CC4)n3)nc2)C1,6.884228
N#Cc1cccc(Cn2nncc2CN(Cc2ccc(N)c(O)c2)c2ccc(N)cc2)c1,4.109116,N#Cc1cccc(Cn2nncc2CN(C(=O)c2ccc(N)c(O)c2)c2ccc(N)cc2)c1,4.319235
c1ccc2c(c1)c(CCNCC1CCN1Cc1ccc(-c3nnn(CC4CC4)n3)nc1)cn2CC1CC1,7.891336,O=C(c1ccc(-c2nnn(CC3CC3)n2)nc1)N(CCc1cn(CC2CC2)c2ccccc12)CC1CCN1,7.746533
Nc1ccc(CN[C@@H](Cc2c[nH]c3ccccc23)C(=O)O)cc1N,3.448177,Nc1cc(C(=O)O)ccc1NC(=O)[C@@H](N)Cc1c[nH]c2ccccc12,3.603121
O=Cc1cccc(-c2nc3ccc(Nc4ccc(-c5ccc(NCC6CCN6)cc5)cc4)cc3o2)c1,7.197599,O=Cc1cccc(-c2nc3ccc(Nc4ccc(-c5ccc(NC(=O)C6CCN6)cc5)cc4)cc3o2)c1,7.311007
O=C(NCc1ccccc1)[C@@H](Cc1c[nH]c2ccccc12)N(CC1CNC1)CC1CNC1,5.813131,O=C(NCc1ccccc1)[C@@H](Cc1c[nH]c2ccccc12)N(CC1CNC1)C(=O)C1CNC1,6.500751
Nc1ccccc1CNc1c(F)cccc1C(=O)O,2.869368,Nc1c(F)cccc1C(=O)Nc1ccccc1C(=O)O,3.675633
O=C(NCCc1cn(Cc2ccc(-c3nnn(CC4CC4)n3)cc2)c2ccccc12)C1CCN1CC1CNC1,7.879439,O=C(NCCc1cn(Cc2ccc(-c3nnn(CC4CC4)n3)cc2)c2ccccc12)C1CCN1C(=O)C1CNC1,8.006102
O=C(Nc1cccc(-c2ccc(NCC3CNC3)cc2)c1)c1ccccc1CNCc1ccc(O)cc1,7.252676,O=C(Nc1cccc(-c2ccc(NC(=O)C3CNC3)cc2)c1)c1ccccc1CNCc1ccc(O)cc1,7.449687
O=Cc1cccc(CN2CC(CO)C2)c1,3.001024,O=Cc1cccc(C(=O)N2CC(CO)C2)c1,3.484861
N#Cc1ccc(CNc2ccncc2CNC2(C(=O)O)CCC2)cn1,4.390195,N#Cc1ccc(C(=O)Nc2ccncc2CNC2(C(=O)O)CCC2)cn1,4.67728
O=C(Nc1cc(CNc2ccc(-c3cccc(NCC4CNC4)c3)cc2O)ccc1O)C1CCN1,7.382243,O=C(Nc1cccc(-c2ccc(NCc3ccc(O)c(NC(=O)C4CCN4)c3)c(O)c2)c1)C1CNC1,7.204746
c1cc2oc([C@H]3CCCN3Cc3ccc(-c4nnn(CC5CC5)n4)nc3)nc2cc1CNC12CC(C1)C2,7.930036,O=C(c1ccc(-c2nnn(CC3CC3)n2)nc1)N(Cc1ccc2oc([C@H]3CCCN3)nc2c1)C12CC(C1)C2,5.188966
Fc1ccc(CN2CCC(Nc3ccc(-c4ccc(NC[C@@H]5Cc6ccccc6CN5)cc4)cc3)CC2)cc1,7.3343,O=C(Nc1ccc(-c2ccc(NC3CCN(Cc4ccc(F)cc4)CC3)cc2)cc1)[C@@H]1Cc2ccccc2CN1,7.402555
Nc1ccc(-c2cccc(NC[C@@H]3Cc4ccccc4CN3)c2O)cc1,6.249914,Nc1ccc(-c2cccc(NC(=O)[C@@H]3Cc4ccccc4CN3)c2O)cc1,6.388809
O=C(NCCc1cn(CC2CC2)c2ccccc12)c1cccc(-c2nc3cc(CNc4cccc5cc[nH]c45)ccc3o2)c1,7.619692,O=C(NCCc1cn(CC2CC2)c2ccccc12)c1cccc(-c2nc3cc(C(=O)Nc4cccc5cc[nH]c45)ccc3o2)c1,7.736701
Nc1cccnc1-c1cccc(CNc2cccc(B(O)O)c2)c1,4.171504,Nc1cccnc1-c1cccc(C(=O)Nc2cccc(B(O)O)c2)c1,4.427865
O=C(C1CN(C[C@@H]2Cc3ccccc3CN2)C1)N1Cc2ccccc2C[C@H]1c1nc2cc(-c3nnn(CC4CC4)n3)ccc2o1,7.525396,O=C([C@@H]1Cc2ccccc2CN1)N1CC(C(=O)N2Cc3ccccc3C[C@H]2c2nc3cc(-c4nnn(CC5CC5)n4)ccc3o2)C1,6.506162
Nc1cccc(Br)c1NC[C@@H]1Cc2ccccc2CN1,5.314899,Nc1c(Br)cccc1NC(=O)[C@@H]1Cc2ccccc2CN1,5.638738
Fc1cc(-c2nc3cc(CNc4cc(Br)n[nH]4)ccc3o2)ccn1,5.227343,O=C(Nc1cc(Br)n[nH]1)c1ccc2oc(-c3ccnc(F)c3)nc2c1,5.507395
O=C(O)C1(NCc2c[nH]c3ccc(-c4cccc(NCc5ccc6[nH]c(C7CNC7)nc6c5)c4)cc23)CCC1,7.00223,O=C(Nc1cccc(-c2ccc3[nH]cc(CNC4(C(=O)O)CCC4)c3c2)c1)c1ccc2[nH]c(C3CNC3)nc2c1,7.080151
O=C(Nc1cccc2cc[nH]c12)c1ccc(NC[C@@H]2Cc3ccccc3CN2)c(NC(=O)C2CCN(CC3CCN3)CC2)c1,7.192514,O=C(Nc1cccc2cc[nH]c12)c1ccc(NC(=O)[C@@H]2Cc3ccccc3CN2)c(NC(=O)C2CCN(CC3CCN3)CC2)c1,6.519817
O=C(NC1CC1)c1ccc2nc(-c3cccc4oc(C5CCN5C[C@@H]5Cc6ccccc6CN5)nc34)oc2c1,7.582565,O=C(NC1CC1)c1ccc2nc(-c3cccc4oc(C5CCN5C(=O)[C@@H]5Cc6ccccc6CN5)nc34)oc2c1,7.312238
O=C(O)[C@@H]1CCCN1CC1CCNCC1,2.371975,O=C(O)C1CCN(C(=O)[C@@H]2CCCN2)CC1,3.626352
Nc1ccc(CNc2ccccc2-c2nc3ccc(C(=O)O)cc3[nH]2)cc1N,4.716385,Nc1cc(C(=O)O)ccc1NC(=O)c1ccc2nc(-c3ccccc3N)[nH]c2c1,5.183763
Nc1ccc(CNc2ccc(-c3ccc(F)c(-c4nc5ccc(C(=O)O)cc5[nH]4)c3)cc2)cc1N,5.77281,Nc1ccc(-c2ccc(F)c(-c3nc4ccc(C(=O)Nc5cc(C(=O)O)ccc5N)cc4[nH]3)c2)cc1,5.778072
Nc1cccc(-c2cc(Nc3ccc(NC[C@@H]4Cc5ccccc5CN4)cc3)[nH]n2)c1,6.612341,Nc1ccc(Nc2cc(-c3cccc(NC(=O)[C@@H]4Cc5ccccc5CN4)c3)n[nH]2)cc1,7.250837
Nc1ccccc1C(=O)N1CCC1CNc1ccccn1,4.902845,Nc1ccccc1C(=O)N1CCC1C(=O)Nc1ccccn1,5.181986
C[C@H](NC(=O)Nc1cc(C(=O)O)ccc1NCc1ccc(N)c(N)c1)c1ccccc1,4.925872,C[C@H](NC(=O)Nc1cc(C(=O)Nc2cc(C(=O)O)ccc2N)ccc1N)c1ccccc1,5.49226
N[C@@H](c1ccccc1)c1nc2ccc(CNC34CC(C3)C4)cc2o1,6.784125,N[C@@H](c1ccccc1)c1nc2ccc(C(=O)NC34CC(C3)C4)cc2o1,7.043978
Nc1ccccc1CNc1cc(-c2cccc(NCc3ccc(CO[C@H]4CN5CCC4CC5)cc3)c2)n[nH]1,7.696327,Nc1ccccc1C(=O)Nc1cc(-c2cccc(NCc3ccc(CO[C@H]4CN5CCC4CC5)cc3)c2)n[nH]1,7.816328
c1ccc(-c2nc3ccc(CNc4cccc5cc[nH]c45)cc3o2)c(CO[C@@H]2CCNC2)c1,6.317994,O=C(Nc1cccc2cc[nH]c12)c1ccc2nc(-c3ccccc3CO[C@@H]3CCNC3)oc2c1,6.382386
O=C(Nc1cccc2cc[nH]c12)c1cccc(-c2nc3ccc(CNC4(C(=O)O)CCC4)cc3o2)c1,6.131934,O=C(Nc1cccc2cc[nH]c12)c1cccc(-c2nc3ccc(C(=O)NC4(C(=O)O)CCC4)cc3o2)c1,6.757377
O=C(Nc1ccc(-c2cccc(CN[C@H](Cc3cn(CC4CC4)c4ccccc34)C(=O)O)c2)cc1)[C@@H]1Cc2ccccc2CN1,7.369154,O=C(N[C@H](Cc1cn(CC2CC2)c2ccccc12)C(=O)O)c1cccc(-c2ccc(NC(=O)[C@@H]3Cc4ccccc4CN3)cc2)c1,7.490327
O=C(Nc1cccc(-c2ccc(NCc3ccc4oc(C5CNC5)nc4c3)cc2)c1)N1CCNCC1,7.684853,O=C(Nc1ccc(-c2cccc(NC(=O)N3CCNCC3)c2)cc1)c1ccc2oc(C3CNC3)nc2c1,7.01173
O=C(O)C1CN(C(=O)Nc2ccc(-c3cccc(CN4CCC4C(=O)O)c3)cc2)C1,5.718798,O=C(O)C1CN(C(=O)Nc2ccc(-c3cccc(C(=O)N4CCC4C(=O)O)c3)cc2)C1,5.878253
O=C(NC1CC1)c1ccc(C2c3ccccc3CCN2C[C@@H]2Cc3ccccc3CN2CC2CNC2)cc1,6.631869,O=C(NC1CC1)c1ccc(C2c3ccccc3CCN2C[C@@H]2Cc3ccccc3CN2C(=O)C2CNC2)cc1,6.027793
O=C(O)c1ccc(Cn2nnc(-c3cccc(-c4ccc(NCC5CNC5)cc4)c3)n2)cc1,6.944782,O=C(O)c1ccc(Cn2nnc(-c3cccc(-c4ccc(NC(=O)C5CNC5)cc4)c3)n2)cc1,7.270522
Cc1cc(-c2cccc(-c3nnnn3CC3CC3)c2)cnc1NCc1ccc(C#N)nc1,6.862655,Cc1cc(-c2cccc(-c3nnnn3CC3CC3)c2)cnc1NC(=O)c1ccc(C#N)nc1,6.875429
O=C(Nc1cccc2cc[nH]c12)c1ccc(Cn2ccc3cccc(NC[C@@H]4Cc5ccccc5CN4)c32)cc1,6.748403,O=C(Nc1cccc2cc[nH]c12)c1ccc(Cn2ccc3cccc(NC(=O)[C@@H]4Cc5ccccc5CN4)c32)cc1,7.209471
Cc1ccccc1-c1ccc(NCc2ccc3oc(-c4cccc(C5=NCCc6ccccc65)c4)nc3c2)cc1,7.601082,Cc1ccccc1-c1ccc(NC(=O)c2ccc3oc(-c4cccc(C5=NCCc6ccccc65)c4)nc3c2)cc1,7.455568
Nc1cc(CN2CC(=O)C2)ccc1O,3.096337,Nc1cc(C(=O)N2CC(=O)C2)ccc1O,3.383287
O=C(Nc1cc(C2=NCCc3ccccc32)ccc1O)c1ccc2oc(C3CN(C[C@@H]4Cc5ccccc5CN4)C3)nc2c1,7.690894,O=C(Nc1cc(C2=NCCc3ccccc32)ccc1O)c1ccc2oc(C3CN(C(=O)[C@@H]4Cc5ccccc5CN4)C3)nc2c1,7.48857
Oc1ccc(Br)cc1NCc1ccc2oc([C@H]3CCCN3)nc2c1,5.754281,O=C(Nc1cc(Br)ccc1O)c1ccc2oc([C@H]3CCCN3)nc2c1,5.775157
OB(O)c1cccc(Nc2c[nH]nc2N(Cc2ccc(-c3nnn(CC4CC4)n3)nc2)CC2CNC2)c1,5.812465,O=C(c1ccc(-c2nnn(CC3CC3)n2)nc1)N(CC1CNC1)c1n[nH]cc1Nc1cccc(B(O)O)c1,5.930129
N#Cc1ccc(N)c(NCCNc2ccc3ccccc3n2)c1,4.72466,N#Cc1ccc(N)c(NC(=O)CNc2ccc3ccccc3n2)c1,4.838659
O=C(O)c1ccc2nc(C3CN(Cc4ccc(CO[C@H]5CN6CCC5CC6)cc4)C3)oc2c1,7.261381,O=C(O)c1ccc2nc(C3CN(C(=O)c4ccc(CO[C@H]5CN6CCC5CC6)cc4)C3)oc2c1,7.375963
NCc1cn(Cc2ccc(CNCCc3c[nH]c4ccccc34)cc2)nn1,4.847237,NCc1cn(Cc2ccc(C(=O)NCCc3c[nH]c4ccccc34)cc2)nn1,4.90287
c1cncc(-c2ccc(NCC3CCN3)cc2)c1,7.287352,O=C(Nc1ccc(-c2cccnc2)cc1)C1CCN1,7.717364
Brc1ncccc1NCc1ccc2[nH]c([C@H]3CCCN3)nc2c1,5.849864,O=C(Nc1cccnc1Br)c1ccc2[nH]c([C@H]3CCCN3)nc2c1,6.143276
COc1ccccc1CNC[C@H](N)Cc1c[nH]c2ccccc12,3.577924,COc1ccccc1CNC(=O)[C@H](N)Cc1c[nH]c2ccccc12,4.486292
COc1ccc(Nc2ccc3[nH]c(C4CNC4)nc3c2)c(NCc2ccccc2CO[C@H]2CN3CCC2CC3)c1,7.617243,COc1ccc(Nc2ccc3[nH]c(C4CNC4)nc3c2)c(NC(=O)c2ccccc2CO[C@H]2CN3CCC2CC3)c1,7.206309
Oc1c(Br)cccc1NC[C@@H]1CCCN1,3.375772,O=C(Nc1cccc(Br)c1O)[C@@H]1CCCN1,4.656065
O=C(NCc1ccccc1)[C@@H](Cc1c[nH]c2ccccc12)NCC1CNC1,5.571239,O=C(N[C@H](Cc1c[nH]c2ccccc12)C(=O)NCc1ccccc1)C1CNC1,6.675708
C[C@H](NCc1ccc(CNCc2ccc(C(F)(F)F)cc2)cc1)c1ccccc1,5.930106,C[C@H](NCc1ccc(C(=O)NCc2ccc(C(F)(F)F)cc2)cc1)c1ccccc1,6.128231
O=C(Nc1ccc(CN(Cc2c[nH]c3ccccc23)C[C@@H]2Cc3ccccc3CN2)cc1O)c1ccc(CO[C@H]2CN3CCC2CC3)cc1,7.662432,O=C(Nc1ccc(CN(Cc2c[nH]c3ccccc23)C(=O)[C@@H]2Cc3ccccc3CN2)cc1O)c1ccc(CO[C@H]2CN3CCC2CC3)cc1,7.501591
Fc1ccc(CN(c2ccccc2CCNCc2ccc(-c3nnn(CC4CC4)n3)nc2)c2ccnc3ccccc23)cc1,6.842044,O=C(NCCc1ccccc1N(Cc1ccc(F)cc1)c1ccnc2ccccc12)c1ccc(-c2nnn(CC3CC3)n2)nc1,6.931902
N#Cc1ccc(CNc2cccc(-c3ccc(NC(=O)C4CCN4)cc3)c2)cn1,7.447884,N#Cc1ccc(C(=O)Nc2cccc(-c3ccc(NC(=O)C4CCN4)cc3)c2)cn1,7.396521
N#Cc1ccc(O)c(NCc2ccc(CCl)cc2)c1,3.936396,N#Cc1ccc(O)c(NC(=O)c2ccc(CCl)cc2)c1,4.051625
O=Cc1ccc(CNc2cccc3cc[nH]c23)cc1,4.148796,O=Cc1ccc(C(=O)Nc2cccc3cc[nH]c23)cc1,4.589986
O=C(O)c1cccc(-c2ccc(NC[C@@H]3Cc4ccccc4CN3)c(NCc3ccc4oc(C5CNC5)nc4c3)c2)c1,7.337553,O=C(O)c1cccc(-c2ccc(NC(=O)[C@@H]3Cc4ccccc4CN3)c(NCc3ccc4oc(C5CNC5)nc4c3)c2)c1,7.099672
O=C(NCc1c[nH]c2ccccc12)c1ccc(NCc2ccc(CO[C@H]3CN4CCC3CC4)cc2)c(NC(=O)C2CNC2)c1,7.680628,O=C(NCc1c[nH]c2ccccc12)c1ccc(NC(=O)c2ccc(CO[C@H]3CN4CCC3CC4)cc2)c(NC(=O)C2CNC2)c1,6.944456
N#Cc1ccc(CN2Cc3ccccc3C[C@H]2C(=O)N2CC(CO)C2)cn1,5.019474,N#Cc1ccc(C(=O)N2Cc3ccccc3C[C@H]2C(=O)N2CC(CO)C2)cn1,4.897101
N#Cc1ccc(CNc2ccc(Br)cc2)cn1,4.295516,N#Cc1ccc(C(=O)Nc2ccc(Br)cc2)cn1,4.592673
O=C(O)c1cccc(-c2ccccc2CCNC(=O)c2ccccc2NC[C@@H]2Cc3ccccc3CN2)c1,6.360854,O=C(O)c1cccc(-c2ccccc2CCNC(=O)c2ccccc2NC(=O)[C@@H]2Cc3ccccc3CN2)c1,6.682995
FC(F)(F)c1ccc(NC[C@@H]2Cc3ccccc3CN2)c(NCc2ccc3oc(-c4ccc5nc(C6CNC6)oc5c4)nc3c2)c1,7.652339,O=C(Nc1ccc(C(F)(F)F)cc1NCc1ccc2oc(-c3ccc4nc(C5CNC5)oc4c3)nc2c1)[C@@H]1Cc2ccccc2CN1,7.519005
Cc1cc(Br)cnc1NCc1cccc(C=O)c1,3.533791,Cc1cc(Br)cnc1NC(=O)c1cccc(C=O)c1,3.711092
c1ccc(CCN(CC2CCN2)C[C@@H]2Cc3ccccc3CN2)cc1,5.796721,O=C([C@@H]1Cc2ccccc2CN1)N(CCc1ccccc1)CC1CCN1,6.896052
Fc1cccc(CNCCc2ccccc2)n1,4.323179,O=C(NCCc1ccccc1)c1cccc(F)n1,4.494273
O=C(Nc1cccc(-c2cc(NCC3CNC3)[nH]n2)c1)Nc1cccc2ccccc12,7.724921,O=C(Nc1cccc(-c2cc(NC(=O)C3CNC3)[nH]n2)c1)Nc1cccc2ccccc12,8.123482
N#Cc1ccc(CN2CCC[C@H]2C(=O)NC23CC(C2)C3)cn1,6.141147,N#Cc1ccc(C(=O)N2CCC[C@H]2C(=O)NC23CC(C2)C3)cn1,6.001897
Nc1cccc(-c2ccc(NCc3ccc(NCC4CCN4)c(O)c3)cc2)c1N,6.639311,Nc1ccc(CNc2ccc(-c3cccc(N)c3NC(=O)C3CCN3)cc2)cc1O,6.079176
O=C(NCc1c[nH]c2ccccc12)c1ccc2nc(CCNCc3ccc4[nH]c(C5CNC5)nc4c3)oc2c1,7.629907,O=C(NCCc1nc2ccc(C(=O)NCc3c[nH]c4ccccc34)cc2o1)c1ccc2[nH]c(C3CNC3)nc2c1,7.771666
Nc1ccc(Br)cc1NCc1ccc2oc([C@@H]3Cc4ccccc4CN3)nc2c1,6.235454,Nc1cc(Br)ccc1NC(=O)c1ccc2oc([C@@H]3Cc4ccccc4CN3)nc2c1,6.236209
C[C@@H](NC(=O)c1ccc(NCc2ccc3oc(C4CNC4)nc3c2)c(N)c1)c1ccccc1,7.408832,C[C@@H](NC(=O)c1ccc(N)c(NC(=O)c2ccc3oc(C4CNC4)nc3c2)c1)c1ccccc1,7.295025
Nc1ccc(CNc2cc(CNc3ccccn3)ccc2N)cc1O,4.743088,Nc1ccc(C(=O)Nc2cc(CNc3ccccn3)ccc2N)cc1O,4.956993
Nc1ccc(CNc2cccc(-c3cn(CC4CC4)cn3)c2)cc1O,6.419343,Nc1ccc(C(=O)Nc2cccc(-c3cn(CC4CC4)cn3)c2)cc1O,6.734709
O=C(NC1(C(=O)O)CCC1)c1ccc2nc(-c3cccc(-c4nc5ccc(CNC67CC(C6)C7)cc5o4)c3)oc2c1,7.617072,O=C(NC12CC(C1)C2)c1ccc2nc(-c3cccc(-c4nc5ccc(C(=O)NC6(C(=O)O)CCC6)cc5o4)c3)oc2c1,7.404641
O=C(NCc1ccccc1)c1ccc(O)c(NCc2cccc(N3CCC[C@@H]3CN3CCNCC3)c2)c1,6.247171,O=C(NCc1ccccc1)c1ccc(O)c(NCc2cccc(N3CCC[C@@H]3C(=O)N3CCNCC3)c2)c1,6.927048
Cc1cc(Br)cnc1NCc1ccccc1N,3.455314,Cc1cc(Br)cnc1NC(=O)c1ccccc1N,3.500692
COc1ccc(NCc2ccc(CCl)cc2)c(N)c1,3.866232,COc1ccc(N)c(NC(=O)c2ccc(CCl)cc2)c1,4.089826
Cc1cc(N2CC(CNc3ccc(C(=O)O)cc3O)C2)cnc1NCC1CCN1,6.061831,Cc1cc(N2CC(C(=O)Nc3ccc(C(=O)O)cc3O)C2)cnc1NCC1CCN1,6.051796
c1cc(NC[C@@H]2Cc3ccccc3CN2C[C@@H]2Cc3ccccc3CN2)cc(-c2cncc(-c3nnn(CC4CC4)n3)c2)c1,7.950776,O=C([C@@H]1Cc2ccccc2CN1)N(C[C@@H]1Cc2ccccc2CN1)c1cccc(-c2cncc(-c3nnn(CC4CC4)n3)c2)c1,7.798869
Nc1ccc(CN2CC(c3nc4cc(C(=O)NC5CC5)ccc4o3)C2)cc1O,6.390614,Nc1ccc(C(=O)N2CC(c3nc4cc(C(=O)NC5CC5)ccc4o3)C2)cc1O,6.505268
Nc1cc(CN2CCC(C(=O)Nc3cccc4cc[nH]c34)CC2)ccc1O,5.556972,Nc1cc(C(=O)N2CCC(C(=O)Nc3cccc4cc[nH]c34)CC2)ccc1O,5.924415
O=C(O)C1(NCc2ccc3c(c2)nc([C@H](NCC2CCN2)c2ccccc2)n3CC2CC2)CCC1,5.927733,O=C(N[C@H](c1ccccc1)c1nc2cc(CNC3(C(=O)O)CCC3)ccc2n1CC1CC1)C1CCN1,5.637463
O=C(O)[C@@H]1CCCN1C(=O)c1cccc(-c2ccc(NCc3ccc4oc(C5CNC5)nc4c3)cc2)c1,6.984598,O=C(Nc1ccc(-c2cccc(C(=O)N3CCC[C@H]3C(=O)O)c2)cc1)c1ccc2oc(C3CNC3)nc2c1,6.902986
O=C(Nc1cccc(-c2cn(CC3CC3)cn2)c1)[C@@H]1CCCN(C[C@@H]2Cc3ccccc3CN2)C1,8.008788,O=C(Nc1cccc(-c2cn(CC3CC3)cn2)c1)[C@@H]1CCCN(C(=O)[C@@H]2Cc3ccccc3CN2)C1,7.947337
c1ccc(Nc2ccc3oc(C4CNC4)nc3c2)c(CNc2ccnc3ccccc23)c1,7.016125,O=C(Nc1ccnc2ccccc12)c1ccccc1Nc1ccc2oc(C3CNC3)nc2c1,7.350657
Nc1ccc(-c2cccc(NCc3ccc(-c4nnn(CC5CC5)n4)nc3)c2O)cc1,7.218374,Nc1ccc(-c2cccc(NC(=O)c3ccc(-c4nnn(CC5CC5)n4)nc3)c2O)cc1,7.143717
Brc1cc(NCC2CN(Cc3ccc4oc([C@H]5CCCN5)nc4c3)C2)[nH]n1,6.562989,O=C(Nc1cc(Br)n[nH]1)C1CN(Cc2ccc3oc([C@H]4CCCN4)nc3c2)C1,6.494719
Nc1ccccc1CNC1(C(=O)O)CCC1,2.831962,NC1(C(=O)Nc2ccccc2C(=O)O)CCC1,3.280539
O=C(NC1CC1)c1ccc2nc(-c3ccc(CNC4(C(=O)Nc5ccnc6ccccc56)CCC4)cc3)oc2c1,8.151147,O=C(NC1CC1)c1ccc2nc(-c3ccc(C(=O)NC4(C(=O)Nc5ccnc6ccccc56)CCC4)cc3)oc2c1,7.859402
C#CCN(c1ccc(NC[C@H]2CCCN2)cc1)c1cccc(C=O)c1,4.636649,C#CCN(c1ccc(NC(=O)[C@H]2CCCN2)cc1)c1cccc(C=O)c1,5.780791
Nc1cccc(-c2ccc(NC[C@H](NCc3ccc(-c4nnn(CC5CC5)n4)nc3)c3ccccc3)cc2)c1,7.205872,N[C@@H](CNc1ccc(-c2cccc(NC(=O)c3ccc(-c4nnn(CC5CC5)n4)nc3)c2)cc1)c1ccccc1,7.765059
O=C(Nc1cccc(-c2cc(NC[C@@H]3CCCN3)[nH]n2)c1)Nc1cccc2ccccc12,6.623495,O=C(Nc1cccc(-c2cc(NC(=O)[C@@H]3CCCN3)[nH]n2)c1)Nc1cccc2ccccc12,7.676715
Nc1ccc(CN2CCC2CNCCc2c[nH]c3ccccc23)cc1O,5.107155,Nc1ccc(CN2CCC2C(=O)NCCc2c[nH]c3ccccc23)cc1O,5.503118
O=C(O)[C@@H](Cc1ccc(O)cc1)NCc1ccc2nc(C3CNC3)oc2c1,5.65435,O=C(N[C@H](Cc1ccc(O)cc1)C(=O)O)c1ccc2nc(C3CNC3)oc2c1,5.911008
O=C1CCN(Cc2ccccc2NCC2CNC2)CC1,4.683738,O=C1CCN(Cc2ccccc2NC(=O)C2CNC2)CC1,5.576148
C#Cc1ccc(NCC2CCN2)c(NCc2ccc3[nH]c(C4CNC4)nc3c2)c1,7.777547,C#Cc1ccc(NCC2CCN2)c(NC(=O)c2ccc3[nH]c(C4CNC4)nc3c2)c1,6.999145
Brc1c[nH]nc1NCC1CNC1,3.35472,O=C(Nc1n[nH]cc1Br)C1CNC1,5.12113
Brc1ccc(NC[C@H]2CCCN2)cc1,3.654253,O=C(Nc1ccc(Br)cc1)[C@H]1CCCN1,5.241913
OB(O)c1cccc(NCc2ccc(F)cc2)c1,3.381677,O=C(Nc1cccc(B(O)O)c1)c1ccc(F)cc1,3.609275
O=C(NCCc1ccncc1)C1CCN1C(=O)[C@@H]1CCCN1Cc1ccc(-c2nnn(CC3CC3)n2)nc1,7.465731,O=C(NCCc1ccncc1)C1CCN1C(=O)[C@@H]1CCCN1C(=O)c1ccc(-c2nnn(CC3CC3)n2)nc1,6.519471
O=C(O)C1CCN1Cc1ccnc(-c2cccc(NCC3CN(CC4CCNCC4)C3)c2)c1,5.525403,O=C(O)C1CCN(C(=O)C2CCN2Cc2ccnc(-c3cccc(NCC4CNC4)c3)c2)CC1,6.511995
O=C(NCc1c[nH]c2ccccc12)[C@H](Nc1cncc(-c2nc3cc(CNC45CC(C4)C5)ccc3o2)c1)c1ccccc1,7.342671,O=C(NC12CC(C1)C2)c1ccc2oc(-c3cncc(N[C@@H](C(=O)NCc4c[nH]c5ccccc45)c4ccccc4)c3)nc2c1,7.210696
ClCc1ccccc1CNc1ccc(-c2cccnc2)cc1,5.301121,O=C(Nc1ccc(-c2cccnc2)cc1)c1ccccc1CCl,5.278251
ClCc1ccc(CNc2ccc(NC34CC(C3)C4)cc2)cc1,5.805658,O=C(Nc1ccc(NC23CC(C2)C3)cc1)c1ccc(CCl)cc1,6.316521
C#Cc1cccc(-c2nc3ccc(CNc4ccccc4C(=O)O)cc3[nH]2)c1,5.609802,C#Cc1cccc(-c2nc3ccc(C(=O)Nc4ccccc4C(=O)O)cc3[nH]2)c1,5.689132
NC1(c2nc3c(CNc4cc(-c5cccc(NC[C@@H]6Cc7ccccc7CN6)c5)n[nH]4)cccc3o2)CCC1,6.991582,NC1(c2nc3c(C(=O)Nc4cc(-c5cccc(NC[C@@H]6Cc7ccccc7CN6)c5)n[nH]4)cccc3o2)CCC1,7.304661
O=C(NC1CC1)C1CN(c2ccc(NCc3ccccn3)c(NCC3CCNCC3)c2)C1,5.881939,O=C(Nc1ccc(N2CC(C(=O)NC3CC3)C2)cc1NCC1CCNCC1)c1ccccn1,5.246131
Nc1cc(CNc2ccc(C(=O)NC3CC3)cc2O)ccc1O,5.783111,Nc1cc(C(=O)Nc2ccc(C(=O)NC3CC3)cc2O)ccc1O,5.648093
O=C(Cn1nnnc1-c1ccc(Cn2cc(CNc3cc(NCC4CCN4)[nH]n3)c3ccccc32)cc1)c1ccc(O)cc1,6.633242,O=C(Cn1nnnc1-c1ccc(Cn2cc(CNc3cc(NC(=O)C4CCN4)[nH]n3)c3ccccc32)cc1)c1ccc(O)cc1,6.840847
N#Cc1ccc(CNCCc2ccccc2Br)cn1,4.279247,N#Cc1ccc(C(=O)NCCc2ccccc2Br)cn1,4.639687
c1ccc(CNc2c(NCC3CNC3)cccc2-c2ccc(NCc3c[nH]c4ccccc34)cc2)cc1,6.654535,O=C(Nc1cccc(-c2ccc(NCc3c[nH]c4ccccc34)cc2)c1NCc1ccccc1)C1CNC1,6.712347
Fc1cccc(CNc2cccc(-c3ccc(NCc4ccc(-c5nnn(CC6CC6)n5)nc4)cc3)c2)n1,7.813024,O=C(Nc1ccc(-c2cccc(NCc3cccc(F)n3)c2)cc1)c1ccc(-c2nnn(CC3CC3)n2)nc1,7.570398
c1cncc(CNc2cccc(-c3ccc(NCc4ccc(-c5nnn(CC6CC6)n5)nc4)cc3)c2)c1,7.815599,O=C(Nc1ccc(-c2cccc(NCc3cccnc3)c2)cc1)c1ccc(-c2nnn(CC3CC3)n2)nc1,7.502643
Fc1ncc(-c2ccc(NCc3ccc4oc(-c5ccc(CO[C@H]6CN7CCC6CC7)cc5)nc4c3)cc2)cn1,8.08874,O=C(Nc1ccc(-c2cnc(F)nc2)cc1)c1ccc2oc(-c3ccc(CO[C@H]4CN5CCC4CC5)cc3)nc2c1,8.151559
O=C(Nc1cccc2cc[nH]c12)c1ccc2nc(-c3ccc(-c4nc5cc(CNC67CC(C6)C7)ccc5[nH]4)cc3)[nH]c2c1,7.637443,O=C(Nc1cccc2cc[nH]c12)c1ccc2nc(-c3ccc(-c4nc5cc(C(=O)NC67CC(C6)C7)ccc5[nH]4)cc3)[nH]c2c1,7.014604
N#Cc1ccc(CO[C@@H]2CCCN(c3ccc(NCC4CNC4)cc3)C2)cc1,6.569839,N#Cc1ccc(CO[C@@H]2CCCN(c3ccc(NC(=O)C4CNC4)cc3)C2)cc1,7.064699
c1ccc2c(c1)CN[C@H](CNc1ccc(-c3cnc(N4CCCCC4)nc3)cc1)C2,6.739642,O=C(Nc1ccc(-c2cnc(N3CCCCC3)nc2)cc1)[C@@H]1Cc2ccccc2CN1,6.817378
FC(F)(F)c1ccc(CNCc2ccc3nc(-c4ccc5nc([C@H]6CCCN6)oc5c4)oc3c2)cc1,7.227931,O=C(NCc1ccc(C(F)(F)F)cc1)c1ccc2nc(-c3ccc4nc([C@H]5CCCN5)oc4c3)oc2c1,7.577852
Cc1cc(-c2cccc(NCc3ccc4[nH]c(C5CNC5)nc4c3)c2)cnc1N,7.049259,Cc1cc(-c2cccc(N)c2)cnc1NC(=O)c1ccc2[nH]c(C3CNC3)nc2c1,6.807019
O=C(NCCc1c[nH]c2ccccc12)C1CCN(CC2CN(Cc3ccc4oc(C5CNC5)nc4c3)C2)CC1,7.691621,O=C(NCCc1c[nH]c2ccccc12)C1CCN(C(=O)C2CN(Cc3ccc4oc(C5CNC5)nc4c3)C2)CC1,7.681775
C[C@H](NC(=O)c1ccccc1NCc1ccc(-c2nnn(CC3CC3)n2)nc1)c1ccccc1,7.464751,C[C@H](NC(=O)c1ccccc1NC(=O)c1ccc(-c2nnn(CC3CC3)n2)nc1)c1ccccc1,7.659153
OB(O)c1ccc(NC[C@H]2CCCN2)cc1,3.287697,O=C(Nc1ccc(B(O)O)cc1)[C@H]1CCCN1,4.185697
O=C(O)C1CN(Cc2ccc3nc([C@@H]4Cc5ccccc5CN4)[nH]c3c2)C1,5.850313,O=C(O)C1CN(C(=O)c2ccc3nc([C@@H]4Cc5ccccc5CN4)[nH]c3c2)C1,6.434594
c1ccc2c(CNCc3ccc4oc(C5CCNCC5)nc4c3)c[nH]c2c1,6.642502,O=C(NCc1c[nH]c2ccccc12)c1ccc2oc(C3CCNCC3)nc2c1,7.097453
c1ccc2c(Nc3ccc(NCc4ccc5nc(C6CNC6)oc5c4)cc3)ccnc2c1,7.476844,O=C(Nc1ccc(Nc2ccnc3ccccc23)cc1)c1ccc2nc(C3CNC3)oc2c1,7.569293
Nc1ccc(C(=O)O)cc1NCc1ccc2nc(-c3ccc(CO[C@H]4CN5CCC4CC5)cc3)oc2c1,7.392393,Nc1cc(C(=O)O)ccc1NC(=O)c1ccc2nc(-c3ccc(CO[C@H]4CN5CCC4CC5)cc3)oc2c1,7.292501
O=C(O)C1CN(C(=O)c2ccc3oc(-c4ccccc4NCc4ccc(CO[C@H]5CN6CCC5CC6)cc4)nc3c2)C1,7.365124,O=C(Nc1ccccc1-c1nc2cc(C(=O)N3CC(C(=O)O)C3)ccc2o1)c1ccc(CO[C@H]2CN3CCC2CC3)cc1,6.559404
c1ccc2c(CNCC3CCNCC3)c[nH]c2c1,3.832872,O=C(NCc1c[nH]c2ccccc12)C1CCNCC1,6.118048
Brc1cccc(CNc2ccc(-c3ccc(NC[C@@H]4Cc5ccccc5CN4)cc3)cc2)c1,7.036971,O=C(Nc1ccc(-c2ccc(NCc3cccc(Br)c3)cc2)cc1)[C@@H]1Cc2ccccc2CN1,7.144609
c1ccc2nc(N(Cc3ccc(-c4nnn(CC5CC5)n4)nc3)Cc3cn(CC4CC4)nn3)ccc2c1,7.843403,O=C(c1ccc(-c2nnn(CC3CC3)n2)nc1)N(Cc1cn(CC2CC2)nn1)c1ccc2ccccc2n1,7.803006
O=C(O)c1ccc(-c2nc3ccc(CNc4cccc5ccn(CC6CC6)c45)cc3o2)cc1,6.953692,O=C(O)c1ccc(-c2nc3ccc(C(=O)Nc4cccc5ccn(CC6CC6)c45)cc3o2)cc1,7.25078
Nc1ccc(CNc2ccc(CNCc3ccccc3)cc2O)cc1N,5.186656,Nc1ccc(C(=O)Nc2ccc(CNCc3ccccc3)cc2O)cc1N,5.393878
Cc1cc(-c2cccc(NCc3ccc(C#N)nc3)c2)cnc1N,5.124707,Cc1cc(-c2cccc(N)c2)cnc1NC(=O)c1ccc(C#N)nc1,5.38444
C[C@@H](NCc1ccc(C#N)nc1)c1nc2cc(C(=O)O)ccc2[nH]1,4.756481,C[C@@H](NC(=O)c1ccc(C#N)nc1)c1nc2cc(C(=O)O)ccc2[nH]1,4.774438
C[C@H](NCc1cccc2oc(C3CN(Cc4ccc(N)c(N)c4)C3)nc12)c1ccccc1,5.708358,C[C@@H](c1ccccc1)N(Cc1cccc2oc(C3CNC3)nc12)C(=O)c1ccc(N)c(N)c1,6.389391
COc1ccccc1CNCc1ccc(C#N)nc1,4.842511,COc1ccccc1CNC(=O)c1ccc(C#N)nc1,4.970086
c1ccc2c(c1)CN[C@H](CNc1ccc(-c3ccc(NCc4cccc5oc(C6CNC6)nc45)cc3)cc1)C2,8.012466,O=C(Nc1ccc(-c2ccc(NCc3cccc4oc(C5CNC5)nc34)cc2)cc1)[C@@H]1Cc2ccccc2CN1,7.76962
O=C(O)c1cccc(-c2cccc(CN3CC(c4nc5c(CNc6ccnc7ccccc67)cccc5o4)C3)c2)c1,6.625248,O=C(Nc1ccnc2ccccc12)c1cccc(-c2cccc(CN3CC(c4nc5c(C(=O)O)cccc5o4)C3)c2)c1,6.71808
N#Cc1cccc(-c2c[nH]nc2NCc2ccc(F)cc2)c1,4.608862,N#Cc1cccc(-c2c[nH]nc2NC(=O)c2ccc(F)cc2)c1,4.990449
O=C(Nc1ccnc2ccccc12)C1CN(Cc2cccc(-c3nc4ccc(-c5nnn(CC6CC6)n5)cc4[nH]3)c2)C1,7.820474,O=C(Nc1ccnc2ccccc12)C1CN(C(=O)c2cccc(-c3nc4ccc(-c5nnn(CC6CC6)n5)cc4[nH]3)c2)C1,7.931649
COc1ccccc1CNC(=O)c1ccc(NCc2ccc3[nH]c(C4CCN4)nc3c2)c(OC(=O)C2CCN2)c1,6.490925,COc1ccccc1CNC(=O)c1ccc(NC(=O)c2ccc3[nH]c(C4CCN4)nc3c2)c(OC(=O)C2CCN2)c1,6.617374
O=CCN1CCC[C@@H]1C(=O)O,1.358695,O=CC(=O)N1CCC[C@@H]1C(=O)O,1.577924
C[C@H](c1ccccc1)N(Cc1ccc(Cn2cc(CNC(=O)Nc3cccc4ccccc34)c3ccccc32)cc1)C[C@@H]1Cc2ccccc2CN1,7.03384,C[C@H](c1ccccc1)N(Cc1ccc(Cn2cc(CNC(=O)Nc3cccc4ccccc34)c3ccccc32)cc1)C(=O)[C@@H]1Cc2ccccc2CN1,7.209268
Nc1ccc(CNc2ccc(N3CCC[C@@H](C(=O)O)C3)cc2)cc1O,4.546666,Nc1ccc(C(=O)Nc2ccc(N3CCC[C@@H](C(=O)O)C3)cc2)cc1O,4.705858
Oc1cc(Nc2ccc(Br)cc2)ccc1NCc1ccc(-c2nnn(CC3CC3)n2)nc1,6.826225,O=C(Nc1ccc(Nc2ccc(Br)cc2)cc1O)c1ccc(-c2nnn(CC3CC3)n2)nc1,6.648031
c1cc(NCc2ccc3oc(C4CNC4)nc3c2)c2c(c1)ccn2Cc1ccc(-c2nnn(CC3CC3)n2)cc1,8.103226,O=C(Nc1cccc2ccn(Cc3ccc(-c4nnn(CC5CC5)n4)cc3)c12)c1ccc2oc(C3CNC3)nc2c1,8.099752
O=C(NCCc1c[nH]c2ccccc12)c1ccccc1NCC1CNC1,6.279037,O=C(NCCc1c[nH]c2ccccc12)c1ccccc1NC(=O)C1CNC1,7.151623
Cc1cc(-c2cccc(NCC3CNC3)c2)cnc1NCc1ccc2oc([C@@H]3Cc4ccccc4CN3)nc2c1,7.908483,Cc1cc(-c2cccc(NC(=O)C3CNC3)c2)cnc1NCc1ccc2oc([C@@H]3Cc4ccccc4CN3)nc2c1,7.869713
O=C(O)C1CCN1Cc1ccc(CCl)cc1,3.350081,O=C(O)C1CCN1C(=O)c1ccc(CCl)cc1,3.833315
Nc1c(O)cccc1CNc1ccc(-c2ccc3[nH]ccc3c2)cc1,5.424489,Nc1c(O)cccc1C(=O)Nc1ccc(-c2ccc3[nH]ccc3c2)cc1,5.099533
C[C@H](NCc1ccc2[nH]c(-c3cccc(B(O)O)c3)nc2c1)c1ccccc1,4.776521,C[C@H](NC(=O)c1ccc2[nH]c(-c3cccc(B(O)O)c3)nc2c1)c1ccccc1,5.067081
O=C(NCc1c[nH]c2ccccc12)c1ccc(NCc2ccc(-c3nnn(CC4CC4)n3)nc2)c(O)c1,7.672237,O=C(NCc1c[nH]c2ccccc12)c1ccc(NC(=O)c2ccc(-c3nnn(CC4CC4)n3)nc2)c(O)c1,7.540598
O=C(Nc1cc(-c2ccc(F)c(-c3nnn(Cc4ccccc4CNC45CC(C4)C5)n3)c2)n[nH]1)C1CNC1,7.603769,O=C(NC12CC(C1)C2)c1ccccc1Cn1nnc(-c2cc(-c3cc(NC(=O)C4CNC4)[nH]n3)ccc2F)n1,7.509591
Nc1cc(C(=O)NC23CC(C2)C3)ccc1NCc1cccc(C=O)c1,5.698683,Nc1cc(C(=O)NC23CC(C2)C3)ccc1NC(=O)c1cccc(C=O)c1,5.84546
O=C(O)c1ccc(NCC2CCN2)c(NCc2ccc3[nH]c([C@@H]4CCCN4)nc3c2)c1,6.807792,O=C(O)c1ccc(NC(=O)C2CCN2)c(NCc2ccc3[nH]c([C@@H]4CCCN4)nc3c2)c1,7.043304
Oc1cc(CNCCc2cn(CC3CC3)c3ccccc23)ccc1NCc1cccc(NC23CC(C2)C3)c1,7.351443,O=C(NCCc1cn(CC2CC2)c2ccccc12)c1ccc(NCc2cccc(NC34CC(C3)C4)c2)c(O)c1,7.424348
O=C(Nc1ccc(-c2cn(CC3CC3)cn2)cc1)c1ccccc1NCC1CNC1,7.905253,O=C(Nc1ccc(-c2cn(CC3CC3)cn2)cc1)c1ccccc1NC(=O)C1CNC1,7.717837
Brc1c[nH]nc1NC[C@@H]1Cc2ccccc2CN1,5.101511,O=C(Nc1n[nH]cc1Br)[C@@H]1Cc2ccccc2CN1,5.503661
O=C(CNC[C@@H]1Cc2ccccc2CN1)Nc1cccc(-c2cccc(NCC3CCN3)c2)c1O,7.141497,O=C(CNC(=O)[C@@H]1Cc2ccccc2CN1)Nc1cccc(-c2cccc(NCC3CCN3)c2)c1O,7.736112
C#CCNc1ccc(NCc2ccc(COCC3CNC3)cc2)cc1,6.474566,C#CCNc1ccc(NC(=O)c2ccc(COCC3CNC3)cc2)cc1,7.032796
N#Cc1ccc(CNc2ccc(CNc3ccncc3C=O)cc2O)cn1,4.917659,N#Cc1ccc(C(=O)Nc2ccc(CNc3ccncc3C=O)cc2O)cn1,5.019139
c1cncc(-c2ccc(NCc3ccc(COCC4CNC4)cc3)cc2)c1,7.38235,O=C(Nc1ccc(-c2cccnc2)cc1)c1ccc(COCC2CNC2)cc1,7.788172
N[C@@H](CNc1cccc(B(O)O)c1)Cc1ccc(O)cc1,2.459861,N[C@H](Cc1ccc(O)cc1)C(=O)Nc1cccc(B(O)O)c1,3.063173
Oc1cc(CNc2cccc(-c3ccc(NCC4CCN4)cc3)c2)ccc1NCC1CCN1,7.867358,O=C(Nc1ccc(-c2cccc(NCc3ccc(NCC4CCN4)c(O)c3)c2)cc1)C1CCN1,7.805076
c1ccc2c(NCc3ccc4oc(-c5ccc6nc(-c7ccc(CO[C@H]8CN9CCC8CC9)cc7)[nH]c6c5)nc4c3)ccnc2c1,7.956721,O=C(Nc1ccnc2ccccc12)c1ccc2oc(-c3ccc4nc(-c5ccc(CO[C@H]6CN7CCC6CC7)cc5)[nH]c4c3)nc2c1,8.049309
C[C@@H](c1ccccc1)N(Cc1ccc(N)c(N)c1)Cc1ccc2nc([C@@H]3CCCN3)oc2c1,5.684507,C[C@@H](c1ccccc1)N(Cc1ccc2nc([C@@H]3CCCN3)oc2c1)C(=O)c1ccc(N)c(N)c1,6.04682
O=C(O)c1ccc2nc(CNC3(C(=O)O)CCC3)oc2c1,3.78359,O=C(NC1(C(=O)O)CCC1)c1ccc2nc(C(=O)O)oc2c1,4.661177
O=C(Nc1ccccn1)Nc1cc(-c2nnn(CC3CC3)n2)ccc1NCc1ccc(-c2nnn(CC3CC3)n2)nc1,7.599896,O=C(Nc1ccccn1)Nc1cc(-c2nnn(CC3CC3)n2)ccc1NC(=O)c1ccc(-c2nnn(CC3CC3)n2)nc1,5.621416
N#Cc1ccc(CNC2(C(=O)Nc3cccc(Br)c3O)CCC2)cn1,5.26918,N#Cc1ccc(C(=O)NC2(C(=O)Nc3cccc(Br)c3O)CCC2)cn1,5.30579
COc1cccc(CNC[C@@H]2Cc3ccccc3CN2)c1,5.804605,COc1cccc(CNC(=O)[C@@H]2Cc3ccccc3CN2)c1,6.025814
Nc1ccc(CNc2cc(Nc3cccc(B(O)O)c3)ccc2O)cc1O,3.947054,Nc1ccc(C(=O)Nc2cc(Nc3cccc(B(O)O)c3)ccc2O)cc1O,3.934227
c1ccc2c(c1)CN[C@H](c1nc3ccc(CNc4ccc(NCc5cn(CC6CC6)c6ccccc56)cc4)cc3o1)C2,8.018684,O=C(Nc1ccc(NCc2cn(CC3CC3)c3ccccc23)cc1)c1ccc2nc([C@@H]3Cc4ccccc4CN3)oc2c1,8.062181
O=C(O)C1CCN1Cc1ccccc1NCC1CCN1,5.234622,O=C(Nc1ccccc1CN1CCC1C(=O)O)C1CCN1,5.738384
O=Cc1cccc(-c2cccc(NCc3ccc(-c4nnn(CC5CC5)n4)nc3)c2)c1,7.423326,O=Cc1cccc(-c2cccc(NC(=O)c3ccc(-c4nnn(CC5CC5)n4)nc3)c2)c1,7.267453
O=C(NCc1ccc(C(F)(F)F)cc1)c1cccc(-c2ccc(NCc3ccc(-c4nnn(CC5CC5)n4)nc3)cc2)c1,7.872699,O=C(NCc1ccc(C(F)(F)F)cc1)c1cccc(-c2ccc(NC(=O)c3ccc(-c4nnn(CC5CC5)n4)nc3)cc2)c1,7.807448
C[C@H](c1ccccc1)N(CC1CNC1)c1cc(-c2cccc(CNc3ccnc4ccccc34)c2)ccn1,7.147456,C[C@@H](Nc1cc(-c2cccc(CN(C(=O)C3CNC3)c3ccnc4ccccc34)c2)ccn1)c1ccccc1,7.480575
Nc1ccc(CNc2cc(C(=O)NCc3c[nH]c4ccccc34)ccc2O)cc1O,5.622318,Nc1ccc(C(=O)Nc2cc(C(=O)NCc3c[nH]c4ccccc34)ccc2O)cc1O,5.899163
ClCc1ccccc1CNc1cccc(-c2cc(NCc3ccc(-c4nnn(CC5CC5)n4)nc3)[nH]n2)c1,7.553374,O=C(Nc1cc(-c2cccc(NCc3ccccc3CCl)c2)n[nH]1)c1ccc(-c2nnn(CC3CC3)n2)nc1,7.458174
O=C(NCCc1ccccc1)c1cccc(N(CCc2cn(CC3CC3)c3ccccc23)CC2CNC2)n1,7.319417,O=C(NCCc1ccccc1)c1cccc(N(CCc2cn(CC3CC3)c3ccccc23)C(=O)C2CNC2)n1,7.690461
Brc1cc(NCc2ccc(CN(C[C@@H]3CCCN3)C34CC(C3)C4)cc2)[nH]n1,5.977183,O=C([C@@H]1CCCN1)N(Cc1ccc(CNC23CC(C2)C3)cc1)c1cc(Br)n[nH]1,5.947753
Oc1ccc(-c2nc3cccc(Br)c3[nH]2)cc1NCC1CNC1,6.372097,O=C(Nc1cc(-c2nc3cccc(Br)c3[nH]2)ccc1O)C1CNC1,6.541576
c1cc(NCC2CNC2)cc(-c2cccc(-c3nc4cc(-c5nnn(CC6CC6)n5)ccc4o3)c2)c1,8.089395,O=C(Nc1cccc(-c2cccc(-c3nc4cc(-c5nnn(CC6CC6)n5)ccc4o3)c2)c1)C1CNC1,7.413228
N#Cc1ccc(NCc2ccc3nc(C4(NC(=O)c5cccc(C=O)c5)CCC4)oc3c2)c(N)c1,5.826659,N#Cc1ccc(N)c(NC(=O)c2ccc3nc(C4(NC(=O)c5cccc(C=O)c5)CCC4)oc3c2)c1,5.709666
Fc1cc(-c2ccc(NC[C@@H]3Cc4ccccc4CN3)cc2)ccc1-c1nnn(Cc2ccc(-c3nnn(CC4CC4)n3)cc2)n1,7.923703,O=C(Nc1ccc(-c2ccc(-c3nnn(Cc4ccc(-c5nnn(CC6CC6)n5)cc4)n3)c(F)c2)cc1)[C@@H]1Cc2ccccc2CN1,7.778895
Oc1ccc(-c2nnn(CC3CC3)n2)cc1NCc1ccc(-c2nnn(CC3CC3)n2)nc1,7.913583,O=C(Nc1cc(-c2nnn(CC3CC3)n2)ccc1O)c1ccc(-c2nnn(CC3CC3)n2)nc1,7.448882
Nc1cc(-c2ccc(NC[C@@H]3Cc4ccccc4CN3)cc2)ccc1NCc1ccc2oc(C3CNC3)nc2c1,7.805704,Nc1cc(-c2ccc(NC[C@@H]3Cc4ccccc4CN3)cc2)ccc1NC(=O)c1ccc2oc(C3CNC3)nc2c1,7.629285
O=C(Nc1cc(Br)n[nH]1)c1ccccc1NC[C@@H]1Cc2ccccc2CN1,6.00136,O=C(Nc1cc(Br)n[nH]1)c1ccccc1NC(=O)[C@@H]1Cc2ccccc2CN1,6.455137
O=C(O)c1ccc(-c2nc3cc(-c4cccc(NCC5CNC5)c4)ccc3o2)cc1,7.095537,O=C(O)c1ccc(-c2nc3cc(-c4cccc(NC(=O)C5CNC5)c4)ccc3o2)cc1,7.258048
Nc1cc(-c2cccc(NCc3ccc(Cn4ccc5cccc(NC[C@@H]6Cc7ccccc7CN6)c54)cc3)c2)n[nH]1,6.974144,Nc1cc(-c2cccc(NCc3ccc(Cn4ccc5cccc(NC(=O)[C@@H]6Cc7ccccc7CN6)c54)cc3)c2)n[nH]1,7.262141
Nc1cccc(-c2c[nH]nc2NCc2cccc(O)c2NCc2ccc(-c3nnn(CC4CC4)n3)nc2)c1,6.525677,Nc1c(O)cccc1CNc1n[nH]cc1-c1cccc(NC(=O)c2ccc(-c3nnn(CC4CC4)n3)nc2)c1,7.124909
O=Cc1cccc(CNCc2ccc(C(F)(F)F)cc2)c1,4.530311,O=Cc1cccc(C(=O)NCc2ccc(C(F)(F)F)cc2)c1,4.95599
Brc1ccc2oc(-c3ccc(Cn4cc(CCNCc5ccc(CO[C@H]6CN7CCC6CC7)cc5)c5ccccc54)cc3)nc2c1,7.725411,O=C(NCCc1cn(Cc2ccc(-c3nc4cc(Br)ccc4o3)cc2)c2ccccc12)c1ccc(CO[C@H]2CN3CCC2CC3)cc1,7.740213
O=C(Nc1cc(-c2ccc(NCc3ccc4nc([C@@H]5CCCN5)oc4c3)nc2)n[nH]1)C1CNC1,7.995539,O=C(Nc1ccc(-c2cc(NC(=O)C3CNC3)[nH]n2)cn1)c1ccc2nc([C@@H]3CCCN3)oc2c1,6.493267
Nc1ccccc1CN1CCC[C@@H](O)C1,2.882187,Nc1ccccc1C(=O)N1CCC[C@@H](O)C1,3.083128
Nc1ccc(Nc2ccccc2CNc2nc(F)nc3[nH]cnc23)cc1,4.275058,Nc1ccc(Nc2ccccc2C(=O)Nc2nc(F)nc3[nH]cnc23)cc1,4.798073
c1ccc(NCc2ccc(CO[C@H]3CN4CCC3CC4)cc2)c(CNC23CC(C2)C3)c1,7.680448,O=C(Nc1ccccc1CNC12CC(C1)C2)c1ccc(CO[C@H]2CN3CCC2CC3)cc1,7.59476
c1ccc2c(c1)c(CNCc1ccc3nc(C4CNC4)oc3c1)cn2Cc1ccc(-c2nnn(CC3CC3)n2)cc1,8.16714,O=C(NCc1cn(Cc2ccc(-c3nnn(CC4CC4)n3)cc2)c2ccccc12)c1ccc2nc(C3CNC3)oc2c1,8.332373
O=C(Nc1c(O)cccc1C(=O)NCCc1ccccc1)c1cccc(-c2cc(NCC3CNC3)[nH]n2)c1,6.969421,O=C(Nc1c(O)cccc1C(=O)NCCc1ccccc1)c1cccc(-c2cc(NC(=O)C3CNC3)[nH]n2)c1,7.237914
Cc1cc(-c2ccc3[nH]ccc3c2)cnc1NCc1ccc(-c2nnn(CC3CC3)n2)nc1,7.528318,Cc1cc(-c2ccc3[nH]ccc3c2)cnc1NC(=O)c1ccc(-c2nnn(CC3CC3)n2)nc1,7.241526
OB(O)c1cccc(NCc2ccc3oc(-c4cccc5oc(C6CNC6)nc45)nc3c2)c1,6.131592,O=C(Nc1cccc(B(O)O)c1)c1ccc2oc(-c3cccc4oc(C5CNC5)nc34)nc2c1,5.964216
Nc1cc(-c2ccc(NCc3ccc4oc(C5CNC5)nc4c3)cc2)n[nH]1,7.272624,Nc1cc(-c2ccc(NC(=O)c3ccc4oc(C5CNC5)nc4c3)cc2)n[nH]1,6.992865
C[C@@H](NCc1ccc(CCl)cc1)C(=O)N1CCC(=O)CC1,3.323762,C[C@@H](NC(=O)c1ccc(CCl)cc1)C(=O)N1CCC(=O)CC1,3.759341
c1cc2nc(C3CCN3)[nH]c2cc1CNC12CC(C1)C2,7.311371,O=C(NC12CC(C1)C2)c1ccc2nc(C3CCN3)[nH]c2c1,6.583569
Nc1ccc(CN(C[C@@H]2Cc3ccccc3CN2)c2ccccc2C(=O)NC2CC2)cc1N,6.014432,Nc1ccc(C(=O)N(C[C@@H]2Cc3ccccc3CN2)c2ccccc2C(=O)NC2CC2)cc1N,6.29316
OB(O)c1ccc(NCc2cccnc2F)cc1,3.419141,O=C(Nc1ccc(B(O)O)cc1)c1cccnc1F,3.62146
O=C(Nc1n[nH]cc1-c1cccc(NCC2CCN2C[C@@H]2Cc3ccccc3CN2)c1)Nc1ccnc2ccccc12,7.519184,O=C(Nc1n[nH]cc1-c1cccc(N(CC2CCN2)C(=O)[C@@H]2Cc3ccccc3CN2)c1)Nc1ccnc2ccccc12,7.39686
c1ccc2c(Nc3ccc(NCc4ccc(CO[C@H]5CN6CCC5CC6)cc4)cc3)ccnc2c1,7.654371,O=C(Nc1ccc(Nc2ccnc3ccccc23)cc1)c1ccc(CO[C@H]2CN3CCC2CC3)cc1,7.970757
c1ccc2c(c1)CN[C@H](CNc1ccc(-c3cccc4nc(-c5ccc(CNC67CC(C6)C7)cc5)oc34)cc1)C2,7.836782,O=C(Nc1ccc(-c2cccc3nc(-c4ccc(CNC56CC(C5)C6)cc4)oc23)cc1)[C@@H]1Cc2ccccc2CN1,7.701173
COc1ccc(CNCc2ccc(N)c(O)c2)cc1,4.110395,COc1ccc(CNC(=O)c2ccc(N)c(O)c2)cc1,4.466863
O=C(O)c1ccc(NC[C@@H]2Cc3ccccc3CN2)c(NCc2cccc(C(=O)Nc3ccnc4ccccc34)c2)c1,6.756755,O=C(O)c1ccc(NC(=O)[C@@H]2Cc3ccccc3CN2)c(NCc2cccc(C(=O)Nc3ccnc4ccccc34)c2)c1,6.913681
Nc1ccc(-c2cccc(NC[C@@H](NCc3ccc4oc(C5CNC5)nc4c3)c3ccccc3)c2)cc1,7.333044,N[C@H](CNc1cccc(-c2ccc(NC(=O)c3ccc4oc(C5CNC5)nc4c3)cc2)c1)c1ccccc1,7.735277
c1ccc2c(c1)CN[C@H](CNc1cc(-c3ccc(NCc4ccc(-c5nnn(CC6CC6)n5)nc4)cc3)n[nH]1)C2,8.271089,O=C(Nc1ccc(-c2cc(NC[C@@H]3Cc4ccccc4CN3)[nH]n2)cc1)c1ccc(-c2nnn(CC3CC3)n2)nc1,7.940495
C[C@@H](NCc1ccc(C#N)nc1)C(=O)NCc1c[nH]c2ccccc12,5.35483,C[C@@H](NC(=O)c1ccc(C#N)nc1)C(=O)NCc1c[nH]c2ccccc12,5.711821
O=C(Nc1cccc(B(O)O)c1)[C@H](NCc1ccc(CO[C@H]2CN3CCC2CC3)cc1)c1ccccc1,6.188766,O=C(N[C@@H](C(=O)Nc1cccc(B(O)O)c1)c1ccccc1)c1ccc(CO[C@H]2CN3CCC2CC3)cc1,6.185115
O=C(Nc1ccc(-c2ccccc2CCNC(=O)C2CNC2)cc1)c1ccccc1NC[C@@H]1Cc2ccccc2CN1,7.591808,O=C(Nc1ccc(-c2ccccc2CCNC(=O)C2CNC2)cc1)c1ccccc1NC(=O)[C@@H]1Cc2ccccc2CN1,7.475011
Nc1ccc(CNCCc2cn(CC(=O)c3ccc4c(c3)NC(=O)C4)c3ccccc23)cc1O,5.901944,Nc1ccc(C(=O)NCCc2cn(CC(=O)c3ccc4c(c3)NC(=O)C4)c3ccccc23)cc1O,6.110361
c1cc(CNc2cccc3cc[nH]c23)cc(-c2nc3ccc(-c4nnn(CC5CC5)n4)cc3[nH]2)c1,7.565891,O=C(Nc1cccc2cc[nH]c12)c1cccc(-c2nc3ccc(-c4nnn(CC5CC5)n4)cc3[nH]2)c1,7.586695
N#Cc1ccc(CN(Cc2cn(CC3CC3)c3ccccc23)c2cccc3ccn(CC4CC4)c23)cn1,7.068842,N#Cc1ccc(C(=O)N(Cc2cn(CC3CC3)c3ccccc23)c2cccc3ccn(CC4CC4)c23)cn1,7.155618
Nc1ccc(-c2nc3c(C(=O)O)cccc3o2)cc1NCc1ccc2oc(C3CNC3)nc2c1,6.876484,Nc1cc(-c2nc3c(C(=O)O)cccc3o2)ccc1NC(=O)c1ccc2oc(C3CNC3)nc2c1,6.645496
Nc1cc(C(=O)O)ccc1NCC1CCN1,4.759972,Nc1cc(C(=O)O)ccc1NC(=O)C1CCN1,5.102158
C[C@@H](NCc1ccc(O)c(N)c1)c1ccccc1,3.899483,C[C@@H](NC(=O)c1ccc(O)c(N)c1)c1ccccc1,4.465222
Nc1ccc(CNc2cc(-c3ccc(NCc4ccc5nc(C6CNC6)oc5c4)cc3)n[nH]2)cc1N,7.314424,Nc1ccc(C(=O)Nc2cc(-c3ccc(NCc4ccc5nc(C6CNC6)oc5c4)cc3)n[nH]2)cc1N,7.541196
O=C(NCCc1ccccc1)C1CCN1Cc1ccc(-c2nc3cc(-c4nnn(CC5CC5)n4)ccc3o2)cc1,7.782459,O=C(NCCc1ccccc1)C1CCN1C(=O)c1ccc(-c2nc3cc(-c4nnn(CC5CC5)n4)ccc3o2)cc1,7.389585
Nc1cc(CNCCc2c[nH]c3ccccc23)ccc1NC1CN(C(=O)N2CC(C(=O)O)C2)C1,5.866364,Nc1cc(C(=O)NCCc2c[nH]c3ccccc23)ccc1NC1CN(C(=O)N2CC(C(=O)O)C2)C1,5.901543
OB(O)c1ccc(NCc2ccc3nc(-c4ncc[nH]4)[nH]c3c2)cc1,4.194198,O=C(Nc1ccc(B(O)O)cc1)c1ccc2nc(-c3ncc[nH]3)[nH]c2c1,4.431967
Brc1ccc(NCc2ccc3nc(-c4ccc(-c5nnn(CC6CC6)n5)nc4)oc3c2)cc1,7.517139,O=C(Nc1ccc(Br)cc1)c1ccc2nc(-c3ccc(-c4nnn(CC5CC5)n4)nc3)oc2c1,7.361496
N#Cc1ccc(CN2Cc3ccccc3C[C@H]2C(=O)O)cn1,4.755165,N#Cc1ccc(C(=O)N2Cc3ccccc3C[C@H]2C(=O)O)cn1,4.788476
O=Cc1cccc(CNc2ccc(Br)cc2)c1,3.886695,O=Cc1cccc(C(=O)Nc2ccc(Br)cc2)c1,4.255377
O=C(Nc1cccc(-c2cncc(O)c2)c1)c1cccc(-c2ccccc2CCNCC2CNC2)c1,6.763221,O=C(Nc1cccc(-c2cncc(O)c2)c1)c1cccc(-c2ccccc2CCNC(=O)C2CNC2)c1,7.499303
Brc1ncccc1-c1nc2ccc(CN3CCNCC3)cc2[nH]1,4.846869,O=C(c1ccc2nc(-c3cccnc3Br)[nH]c2c1)N1CCNCC1,5.400556
COc1cccc(CNC(=O)c2ccc(Cn3nnc(-c4ccc5nc(-c6ccccc6NCC6CCN6)[nH]c5c4)n3)cc2)c1,7.301268,COc1cccc(CNC(=O)c2ccc(Cn3nnc(-c4ccc5nc(-c6ccccc6NC(=O)C6CCN6)[nH]c5c4)n3)cc2)c1,7.072209
O=C(Nc1ccnc2ccccc12)C1(NCc2ccc3nc(-c4ccc(CCl)cc4)[nH]c3c2)CCC1,6.868569,O=C(NC1(C(=O)Nc2ccnc3ccccc23)CCC1)c1ccc2nc(-c3ccc(CCl)cc3)[nH]c2c1,6.810257
Nc1ccc(CN2CCC[C@@H]2CO)cc1O,3.000877,Nc1ccc(C(=O)N2CCC[C@@H]2CO)cc1O,3.088841
O=C(O)c1cccc(-c2ccc(NCc3ccc(-c4nnn(CC5CC5)n4)nc3)c(O)c2)c1,6.92965,O=C(O)c1cccc(-c2ccc(NC(=O)c3ccc(-c4nnn(CC5CC5)n4)nc3)c(O)c2)c1,6.722707
O=Cc1ccc(CNc2nc(F)nc3[nH]cnc23)cc1,3.91747,O=Cc1ccc(C(=O)Nc2nc(F)nc3[nH]cnc23)cc1,4.45037
COc1ccc(NCc2ccc3nc([C@@H]4CCCNC4)oc3c2)c(NCc2ccc(-c3nnn(CC4CC4)n3)nc2)c1,7.556523,COc1ccc(NCc2ccc3nc([C@@H]4CCCNC4)oc3c2)c(NC(=O)c2ccc(-c3nnn(CC4CC4)n3)nc2)c1,7.62482
N#Cc1ccc(CNc2cc(CNC34CC(C3)C4)ccc2N)cn1,5.96073,N#Cc1ccc(C(=O)Nc2cc(CNC34CC(C3)C4)ccc2N)cn1,6.216745
N[C@@H](CNc1ccnc2ccccc12)c1ccccc1,4.402757,N[C@@H](C(=O)Nc1ccnc2ccccc12)c1ccccc1,5.33558
OB(O)c1ccc(NCc2cnccc2NCc2ccc(-c3nnn(CC4CC4)n3)nc2)cc1,6.260634,O=C(Nc1ccncc1CNc1ccc(B(O)O)cc1)c1ccc(-c2nnn(CC3CC3)n2)nc1,6.337717
Nc1cc(-c2cccc(-c3nc4ccc(C(=O)O)cc4[nH]3)c2)ccc1NCC1CNC1,6.635695,Nc1cc(-c2cccc(-c3nc4ccc(C(=O)O)cc4[nH]3)c2)ccc1NC(=O)C1CNC1,6.849883
O=C(O)c1ccccc1NCc1ccc2nc([C@@H]3CCCN3)[nH]c2c1,5.620342,O=C(Nc1ccccc1C(=O)O)c1ccc2nc([C@@H]3CCCN3)[nH]c2c1,5.710059
O=C(NCc1c[nH]c2ccccc12)[C@H]1CCCN(Cc2ccc3nc(-c4ccc(CCl)cc4)oc3c2)C1,6.941694,O=C(NCc1c[nH]c2ccccc12)[C@H]1CCCN(C(=O)c2ccc3nc(-c4ccc(CCl)cc4)oc3c2)C1,7.19423
C[C@@H](Nc1ccc(NCc2cccc(F)n2)cc1)c1ccccc1,5.542497,C[C@@H](Nc1ccc(NC(=O)c2cccc(F)n2)cc1)c1ccccc1,5.807028
COc1ccccc1CNC(=O)c1cccc(O)c1NC[C@@H]1Cc2ccccc2CN1,6.10415,COc1ccccc1CNC(=O)c1cccc(O)c1NC(=O)[C@@H]1Cc2ccccc2CN1,6.228721
O=C(O)C1CCN1Cc1ccccc1NCc1ccc2nc(-c3ccc4nc(C5CNC5)oc4c3)oc2c1,7.274478,O=C(Nc1ccccc1CN1CCC1C(=O)O)c1ccc2nc(-c3ccc4nc(C5CNC5)oc4c3)oc2c1,7.204955
c1cc2[nH]c(C3CNC3)nc2cc1CNc1ccc(-c2ccc(NC3CNC3)cc2)cc1,7.714161,O=C(Nc1ccc(-c2ccc(NC3CNC3)cc2)cc1)c1ccc2[nH]c(C3CNC3)nc2c1,6.251382
O=C(O)c1ccc(NC2CN(C(=O)Nc3cccc4ccccc34)C2)c(NCC2CCN2)c1,6.55918,O=C(O)c1ccc(NC2CN(C(=O)Nc3cccc4ccccc34)C2)c(NC(=O)C2CCN2)c1,6.373275
Cc1cc(Br)cnc1NCc1ccc2oc(C3CNC3)nc2c1,6.348064,Cc1cc(Br)cnc1NC(=O)c1ccc2oc(C3CNC3)nc2c1,6.171806
Oc1cc(-c2cccc(NCc3ccc(CCl)cc3)c2)ccc1NCC1CCN1,6.829158,O=C(Nc1ccc(-c2cccc(NCc3ccc(CCl)cc3)c2)cc1O)C1CCN1,6.702453
COc1ccccc1CN(Cc1ccc(CN2CCC[C@H]2CO)cc1)C(=O)N1CCC[C@H]1CNCCc1c[nH]c2ccccc12,5.768635,COc1ccccc1CN(Cc1ccc(CN2CCC[C@H]2CO)cc1)C(=O)N1CCC[C@H]1C(=O)NCCc1c[nH]c2ccccc12,5.99618
Cc1cc(-c2cccc(NCC3CCN3)c2)cnc1N,6.156361,Cc1cc(-c2cccc(N)c2)cnc1NC(=O)C1CCN1,6.425566
FC(F)(F)c1ccc(CNCc2ccc3oc(C4CN(Cc5ccc(-c6nnn(CC7CC7)n6)nc5)C4)nc3c2)cc1,7.607998,O=C(c1ccc(-c2nnn(CC3CC3)n2)nc1)N(Cc1ccc(C(F)(F)F)cc1)Cc1ccc2oc(C3CNC3)nc2c1,7.585268
c1cc(CCN(Cc2ccc3nc(C4CNC4)[nH]c3c2)Cc2ccc3nc(C4CNC4)oc3c2)ccn1,7.699172,O=C(c1ccc2nc(C3CNC3)[nH]c2c1)N(CCc1ccncc1)Cc1ccc2nc(C3CNC3)oc2c1,7.365427
O=C(O)C1CCN(C[C@H]2CCCN2Cc2ccc(-c3nnn(CC4CC4)n3)nc2)CC1,6.113174,O=C(O)C1CCN(C(=O)[C@H]2CCCN2Cc2ccc(-c3nnn(CC4CC4)n3)nc2)CC1,6.527508
O=C(NC12CC(C1)C2)[C@@H](Cc1ccccc1)NCc1ccc2oc(C3CNC3)nc2c1,7.235999,O=C(N[C@H](Cc1ccccc1)C(=O)NC12CC(C1)C2)c1ccc2oc(C3CNC3)nc2c1,7.154869
c1cc2nc(-c3ccc4nc([C@H]5CCCNC5)[nH]c4c3)oc2cc1CNC12CC(C1)C2,7.618822,O=C(NC12CC(C1)C2)c1ccc2nc(-c3ccc4nc([C@H]5CCCNC5)[nH]c4c3)oc2c1,7.400146
C#CCNc1ccc(N)c(NCc2ccc(O)c(N)c2)c1,4.200997,C#CCNc1ccc(N)c(NC(=O)c2ccc(O)c(N)c2)c1,4.305429
Oc1cc(Br)ccc1NCC1CNC1,4.344512,O=C(Nc1ccc(Br)cc1O)C1CNC1,5.327855
O=C(Nc1ccc(O)c(NCc2ccc(CCl)cc2)c1)C1CCN1,6.501299,O=C(Nc1cc(NC(=O)C2CCN2)ccc1O)c1ccc(CCl)cc1,6.58811
O=C(O)C1CCN(Cc2ccc3nc([C@H]4CCCN4)[nH]c3c2)CC1,5.173581,O=C(O)C1CCN(C(=O)c2ccc3nc([C@H]4CCCN4)[nH]c3c2)CC1,5.18817
C[C@H](NCc1cccc(F)n1)c1nc2cc(C(=O)O)ccc2[nH]1,4.624602,C[C@H](NC(=O)c1cccc(F)n1)c1nc2cc(C(=O)O)ccc2[nH]1,4.717408
C[C@@H](c1ccccc1)N(Cc1cccc(-c2nc3ccc(CNCc4ccc(C(F)(F)F)cc4)cc3o2)c1)C[C@@H]1Cc2ccccc2CN1,7.14846,C[C@@H](c1ccccc1)N(Cc1cccc(-c2nc3ccc(C(=O)NCc4ccc(C(F)(F)F)cc4)cc3o2)c1)C[C@@H]1Cc2ccccc2CN1,7.252234
Brc1cc(NC[C@@H]2CCCN2)[nH]n1,3.111612,O=C(Nc1cc(Br)n[nH]1)[C@@H]1CCCN1,4.336003
O=C1CCN(c2ccc(NC[C@@H]3Cc4ccccc4CN3)cc2)C1,6.007517,O=C1CCN(c2ccc(NC(=O)[C@@H]3Cc4ccccc4CN3)cc2)C1,6.407586
Nc1cccc(-c2cccc(CNc3cccc(-c4ccc(NCC5CCN5)cc4)c3)c2)c1,7.607921,Nc1ccc(-c2cccc(NCc3cccc(-c4cccc(NC(=O)C5CCN5)c4)c3)c2)cc1,7.882229
O=C(Nc1cccc(-c2ccc(NC(=O)C3CCN3CC3CNC3)cc2)c1)C1CNC1,5.425119,O=C(Nc1cccc(-c2ccc(NC(=O)C3CCN3)cc2)c1)C1CN(C(=O)C2CNC2)C1,2.672984
C[C@H](c1ccccc1)N(Cc1cn(Cc2ccc(-c3nnn(CC4CC4)n3)cc2)c2ccccc12)C[C@@H]1Cc2ccccc2CN1,7.693996,C[C@H](c1ccccc1)N(Cc1cn(Cc2ccc(-c3nnn(CC4CC4)n3)cc2)c2ccccc12)C(=O)[C@@H]1Cc2ccccc2CN1,7.660516
Brc1ccc2oc(-c3ccccc3NCc3ccc(CO[C@H]4CN5CCC4CC5)cc3)nc2c1,7.429347,O=C(Nc1ccccc1-c1nc2cc(Br)ccc2o1)c1ccc(CO[C@H]2CN3CCC2CC3)cc1,7.351755
Nc1ccc(CN2CCC[C@@H]2C(=O)Nc2ccccn2)cc1N,5.02016,Nc1ccc(C(=O)N2CCC[C@@H]2C(=O)Nc2ccccn2)cc1N,5.385377
O=C(c1ccc(-c2nc3cc(-c4nnn(CC5CC5)n4)ccc3o2)cc1)N1CC(CNc2ccccn2)C1,7.656135,O=C(Nc1ccccn1)C1CN(C(=O)c2ccc(-c3nc4cc(-c5nnn(CC6CC6)n5)ccc4o3)cc2)C1,7.511553
O=C(Nc1ccc(CNC23CC(C2)C3)cc1O)[C@@H]1Cc2ccccc2CN1,7.122243,O=C(NC12CC(C1)C2)c1ccc(NC(=O)[C@@H]2Cc3ccccc3CN2)c(O)c1,6.925848
Oc1cc(-c2cccc(NC[C@@H]3Cc4ccccc4CN3)c2)ccc1NC[C@@H](NCC1CCN1)c1ccccc1,7.607774,O=C(Nc1cccc(-c2ccc(NC[C@@H](NCC3CCN3)c3ccccc3)c(O)c2)c1)[C@@H]1Cc2ccccc2CN1,7.584937
Brc1ccc(NCc2ccc3nc([C@@H]4CCCN4Cc4cccc(Br)c4)oc3c2)cc1,5.992918,O=C(Nc1ccc(Br)cc1)c1ccc2nc([C@@H]3CCCN3Cc3cccc(Br)c3)oc2c1,6.231833
O=C(Nc1cccc2ccn(Cc3cccc(F)c3)c12)[C@@H]1Cc2ccccc2CN1Cc1ccc(-c2nnn(CC3CC3)n2)nc1,7.277185,O=C(Nc1cccc2ccn(Cc3cccc(F)c3)c12)[C@@H]1Cc2ccccc2CN1C(=O)c1ccc(-c2nnn(CC3CC3)n2)nc1,7.030344
O=C(Nc1cccc2ccn(CC3CC3)c12)c1ccc2nc([C@@H]3Cc4ccccc4CN3C[C@@H]3Cc4ccccc4CN3)oc2c1,7.73262,O=C(Nc1cccc2ccn(CC3CC3)c12)c1ccc2nc([C@@H]3Cc4ccccc4CN3C(=O)[C@@H]3Cc4ccccc4CN3)oc2c1,7.414653
N#Cc1ccccc1COC[C@H]1CCCN1Cc1ccc(N)c(N)c1,4.707809,N#Cc1ccccc1COC[C@H]1CCCN1C(=O)c1ccc(N)c(N)c1,5.136786
Nc1cc(CNc2cccnc2N2CC(c3nc4ccccc4o3)C2)ccc1O,5.503407,Nc1cc(C(=O)Nc2cccnc2N2CC(c3nc4ccccc4o3)C2)ccc1O,3.402653
O=C(Nc1ccnc2ccccc12)c1cccc(-c2ncccc2NC[C@H]2CCCN2)c1,5.977257,O=C(Nc1ccnc2ccccc12)c1cccc(-c2ncccc2NC(=O)[C@H]2CCCN2)c1,6.912224
c1ccc2c(c1)CN[C@H](CN(Cc1ccc3oc(-c4ccc(-c5nnn(CC6CC6)n5)nc4)nc3c1)C13CC(C1)C3)C2,7.063394,O=C(c1ccc2oc(-c3ccc(-c4nnn(CC5CC5)n4)nc3)nc2c1)N(C[C@@H]1Cc2ccccc2CN1)C12CC(C1)C2,6.195159
O=Cc1cccc(CNc2cccc(Br)c2O)c1,3.712251,O=Cc1cccc(C(=O)Nc2cccc(Br)c2O)c1,4.01087
Nc1ccc(CN[C@@H](C(=O)O)c2ccccc2)cc1O,3.378653,N[C@@H](C(=O)Nc1ccc(C(=O)O)cc1O)c1ccccc1,4.400882
Nc1ccc(CNc2ccc(-c3cnc(F)nc3)cc2)cc1O,5.268482,Nc1ccc(C(=O)Nc2ccc(-c3cnc(F)nc3)cc2)cc1O,5.712006
N#Cc1ccc(O)c(NCc2ccc(CCl)cc2)c1,3.936396,N#Cc1ccc(O)c(NC(=O)c2ccc(CCl)cc2)c1,4.051625
O=C(NCCc1c[nH]c2ccccc12)[C@H]1CCCN(Cc2ccc3nc(-c4ccc5nc([C@H]6CCCN6)oc5c4)oc3c2)C1,7.634446,O=C(NCCc1c[nH]c2ccccc12)[C@H]1CCCN(C(=O)c2ccc3nc(-c4ccc5nc([C@H]6CCCN6)oc5c4)oc3c2)C1,7.641804
ClCc1ccc(CNc2cccc3cc[nH]c23)cc1,4.202829,O=C(Nc1cccc2cc[nH]c12)c1ccc(CCl)cc1,4.609473
OB(O)c1ccc(F)c(CNC23CC(C2)C3)c1,3.640302,O=C(NC12CC(C1)C2)c1cc(B(O)O)ccc1F,3.679874
O=C(Nc1ccc(B(O)O)cc1)c1ccccc1NCC1CCN1,5.11649,O=C(Nc1ccc(B(O)O)cc1)c1ccccc1NC(=O)C1CCN1,5.602933
Nc1cc(-c2cccc(NCc3cnccc3NCc3ccc(CO[C@H]4CN5CCC4CC5)cc3)c2)n[nH]1,7.457781,Nc1cc(-c2cccc(NCc3cnccc3NC(=O)c3ccc(CO[C@H]4CN5CCC4CC5)cc3)c2)n[nH]1,7.559605
Nc1ccc(Br)cc1NCc1ccc(CCl)cc1,3.620371,Nc1cc(Br)ccc1NC(=O)c1ccc(CCl)cc1,3.931907
N#Cc1ccc(CN(CCc2cn(CC3CC3)c3ccccc23)Cc2cccc(C(=O)NC3CC3)c2)cn1,7.170341,N#Cc1ccc(C(=O)N(CCc2cn(CC3CC3)c3ccccc23)Cc2cccc(C(=O)NC3CC3)c2)cn1,7.237761
O=C(O)c1ccc(NCc2ccc(-c3nnn(CC4CC4)n3)nc2)c(NC(=O)[C@H]2CCCN2)c1,7.12543,O=C(O)c1ccc(NC(=O)c2ccc(-c3nnn(CC4CC4)n3)nc2)c(NC(=O)[C@H]2CCCN2)c1,6.6547
Nc1ccc(CNc2ccncc2C=O)cc1O,3.419625,Nc1ccc(C(=O)Nc2ccncc2C=O)cc1O,3.697374
Nc1ccc(CNc2c(O)cccc2CN2CCNCC2)cc1N,3.925106,Nc1ccc(C(=O)Nc2c(O)cccc2CN2CCNCC2)cc1N,4.183742
O=C(C1CCN1)N(CC1CCN1Cc1ccc(-c2nnn(CC3CC3)n2)nc1)c1ccccn1,7.437037,O=C(C1CCN1)N(CC1CCN1C(=O)c1ccc(-c2nnn(CC3CC3)n2)nc1)c1ccccn1,6.631641
OB(O)c1cccc(NCc2ccc3nc([C@H]4CCCN4)[nH]c3c2)c1,4.995974,O=C(Nc1cccc(B(O)O)c1)c1ccc2nc([C@H]3CCCN3)[nH]c2c1,5.145877
c1cc(NCc2ccc3nc(C4CCNCC4)[nH]c3c2)cc(-c2cn(CC3CC3)cn2)c1,8.097589,O=C(Nc1cccc(-c2cn(CC3CC3)cn2)c1)c1ccc2nc(C3CCNCC3)[nH]c2c1,8.064652
Nc1cccc(-c2ccc(NCc3ccc(N)c(NC[C@@H]4Cc5ccccc5CN4)c3)cc2)c1,6.713584,Nc1ccc(CNc2ccc(-c3cccc(NC(=O)[C@@H]4Cc5ccccc5CN4)c3)cc2)cc1N,6.987687
Nc1ccc(-c2ccc3oc(C4(NCc5ccc6[nH]c(C7CCN7)nc6c5)CCC4)nc3c2)cc1,7.403011,NC1(c2nc3cc(-c4ccc(NC(=O)c5ccc6[nH]c(C7CCN7)nc6c5)cc4)ccc3o2)CCC1,6.806166
Nc1ccc(CN2Cc3ccccc3C[C@H]2C(=O)O)cc1Nc1cccc2nc(-c3ccnc(Br)c3)oc12,5.656708,Nc1ccc(C(=O)N2Cc3ccccc3C[C@H]2C(=O)O)cc1Nc1cccc2nc(-c3ccnc(Br)c3)oc12,5.623732
O=C(C1CCN(C[C@@H]2Cc3ccccc3CN2)CC1)N1CCC1c1nc2cc(-c3nnn(CC4CC4)n3)ccc2o1,7.654865,O=C([C@@H]1Cc2ccccc2CN1)N1CCC(C(=O)N2CCC2c2nc3cc(-c4nnn(CC5CC5)n4)ccc3o2)CC1,7.397892
Nc1cc(CNc2ccc(CN3CCC(C(=O)O)CC3)cc2N)ccc1O,4.723541,Nc1cc(C(=O)Nc2cc(CN3CCC(C(=O)O)CC3)ccc2N)ccc1O,4.55836
c1ccc2c(c1)CN[C@H](CNc1ccc(-c3ccc(NCc4ccc(CNC56CC(C5)C6)cc4)nc3)cc1)C2,7.915238,O=C(Nc1ccc(-c2ccc(NCc3ccc(CNC45CC(C4)C5)cc3)nc2)cc1)[C@@H]1Cc2ccccc2CN1,7.850468
C#CCNC[C@@H](NCc1ccc(N)c(N)c1)c1ccccc1,3.666744,C#CCNC[C@@H](NC(=O)c1ccc(N)c(N)c1)c1ccccc1,4.13499
O=C(O)[C@H]1CCCN(Cc2ccc(CCl)cc2)C1,3.470289,O=C(O)[C@H]1CCCN(C(=O)c2ccc(CCl)cc2)C1,3.875193
O=C(N[C@H](CNc1ccc(B(O)O)cc1)c1ccccc1)C1CNC1,5.051496,O=C(N[C@H](C(=O)Nc1ccc(B(O)O)cc1)c1ccccc1)C1CNC1,5.215388
O=C(O)c1ccc(Cn2c(C3CNC3)nc3ccc(CNC4(C(=O)O)CCC4)cc32)cc1,5.362245,O=C(O)c1ccc(Cn2c(C3CNC3)nc3ccc(C(=O)NC4(C(=O)O)CCC4)cc32)cc1,5.634381
N#Cc1ccc(CN2CCC2CNc2ccc(-c3c[nH]cn3)cc2)cn1,5.798684,N#Cc1ccc(C(=O)N(CC2CCN2)c2ccc(-c3c[nH]cn3)cc2)cn1,5.339425
Nc1ccc(Nc2cc(C3=NCCc4ccccc43)ccc2NCc2ccccc2NCc2ccc(F)cc2)cc1,6.049045,Nc1ccc(Nc2cc(C3=NCCc4ccccc43)ccc2NCc2ccccc2NC(=O)c2ccc(F)cc2)cc1,6.188381
O=C1Cc2ccc(C(=O)Cn3nnnc3-c3ccc(O)c(NCc4ccc(CCl)cc4)c3)cc2N1,6.065009,O=C1Cc2ccc(C(=O)Cn3nnnc3-c3ccc(O)c(NC(=O)c4ccc(CCl)cc4)c3)cc2N1,6.081642
c1ccc2c(c1)CN[C@H](CN1CC(c3nc4cc(-c5nc6cc(-c7nnn(CC8CC8)n7)ccc6o5)ccc4o3)C1)C2,7.999572,O=C([C@@H]1Cc2ccccc2CN1)N1CC(c2nc3cc(-c4nc5cc(-c6nnn(CC7CC7)n6)ccc5o4)ccc3o2)C1,7.617312
O=C(Nc1cc(-c2cccc(NCc3ccc(-c4nnn(CC5CC5)n4)nc3)c2)n[nH]1)NC1CC1,8.225391,O=C(Nc1cc(-c2cccc(NC(=O)c3ccc(-c4nnn(CC5CC5)n4)nc3)c2)n[nH]1)NC1CC1,6.945074
c1ccc2c(CNCc3ccc(-c4nc5ccc(-c6nnnn6CC6CC6)cc5[nH]4)cc3)c[nH]c2c1,7.321712,O=C(NCc1c[nH]c2ccccc12)c1ccc(-c2nc3ccc(-c4nnnn4CC4CC4)cc3[nH]2)cc1,7.66847
Fc1ccc(-c2nc3cc(CNc4ccccc4CNCc4c[nH]c5ccccc45)ccc3o2)cc1,6.338623,O=C(NCc1c[nH]c2ccccc12)c1ccccc1NCc1ccc2oc(-c3ccc(F)cc3)nc2c1,6.376111
O=C(O)c1ccc(NCc2ccc(-c3nnn(CC4CC4)n3)nc2)c(O)c1,6.527184,O=C(O)c1ccc(NC(=O)c2ccc(-c3nnn(CC4CC4)n3)nc2)c(O)c1,6.19686
O=C(O)c1ccc(O)c(NCc2ccc3oc(-c4ccc(C5=NCCc6ccccc65)cc4)nc3c2)c1,6.795923,O=C(O)c1ccc(O)c(NC(=O)c2ccc3oc(-c4ccc(C5=NCCc6ccccc65)cc4)nc3c2)c1,6.59158
O=C(O)c1ccc2nc(-c3c[nH]c4cc(-c5cccc(NC[C@@H]6Cc7ccccc7CN6)c5)ccc34)oc2c1,7.246191,O=C(O)c1ccc2nc(-c3c[nH]c4cc(-c5cccc(NC(=O)[C@@H]6Cc7ccccc7CN6)c5)ccc34)oc2c1,7.37482
O=Cc1cccc(CN2Cc3ccccc3C[C@H]2C(=O)O)c1,4.269582,O=Cc1cccc(C(=O)N2Cc3ccccc3C[C@H]2C(=O)O)c1,4.483296
O=Cc1cccc(CNc2ccccc2C(=O)O)c1,3.522686,O=Cc1cccc(C(=O)Nc2ccccc2C(=O)O)c1,3.859996
OB(O)c1cccc(-c2nnn(Cc3ccc(CNCc4ccccc4)cc3)n2)c1,5.141522,O=C(NCc1ccccc1)c1ccc(Cn2nnc(-c3cccc(B(O)O)c3)n2)cc1,5.165299
N#Cc1ccc(CNc2ccc(-c3ccc(F)c(C(=O)NCc4cn(CC5CC5)nn4)c3)cc2)cn1,7.137679,N#Cc1ccc(C(=O)Nc2ccc(-c3ccc(F)c(C(=O)NCc4cn(CC5CC5)nn4)c3)cc2)cn1,7.299737
Nc1ccc(CN2CCC[C@@H]2C(=O)Nc2cccc3ccn(CC4CC4)c23)cc1N,6.384025,Nc1ccc(C(=O)N2CCC[C@@H]2C(=O)Nc2cccc3ccn(CC4CC4)c23)cc1N,6.694324
Nc1cc(CNc2ccccn2)ccc1NCC1CNC1,6.253693,Nc1cc(CNc2ccccn2)ccc1NC(=O)C1CNC1,7.108332
Nc1ccc(CN2CCC[C@H](C(=O)O)C2)cc1N,3.224305,Nc1ccc(C(=O)N2CCC[C@H](C(=O)O)C2)cc1N,3.766326
c1ccc2c(c1)CN[C@H](CNCCc1cn(Cc3ccccc3-c3nnn(CC4CC4)n3)c3ccccc13)C2,7.730749,O=C(NCCc1cn(Cc2ccccc2-c2nnn(CC3CC3)n2)c2ccccc12)[C@@H]1Cc2ccccc2CN1,7.798008
c1ccc2c(c1)CN[C@H](CN1CCC1c1nc3ccc(CNCC4=NCCc5ccccc54)cc3o1)C2,7.594094,O=C([C@@H]1Cc2ccccc2CN1)N(CC1=NCCc2ccccc21)Cc1ccc2nc(C3CCN3)oc2c1,7.465891
N[C@H](CNc1cc(-c2ccc(C=O)cc2)n[nH]1)c1ccccc1,5.246944,N[C@H](C(=O)Nc1cc(-c2ccc(C=O)cc2)n[nH]1)c1ccccc1,5.978263
N[C@@H](CNc1ccc(-c2cccc(-c3nnn(CC4CC4)n3)c2)cc1)Cc1cn(CC2CC2)c2ccccc12,7.181783,N[C@H](Cc1cn(CC2CC2)c2ccccc12)C(=O)Nc1ccc(-c2cccc(-c3nnn(CC4CC4)n3)c2)cc1,7.6501
O=Cc1cccc(CNc2ccc(C(=O)O)cc2O)c1,3.846957,O=Cc1cccc(C(=O)Nc2ccc(C(=O)O)cc2O)c1,3.800024
C#CCNCc1cccc(C=O)c1,2.982642,C#CCNC(=O)c1cccc(C=O)c1,2.983581
O=C(Nc1ccc(-c2ccc(-c3nnn(CC4CC4)n3)c(F)c2)cc1)[C@@H]1Cc2ccccc2CN1C[C@@H]1Cc2ccccc2CN1,7.526043,O=C(Nc1ccc(-c2ccc(-c3nnn(CC4CC4)n3)c(F)c2)cc1)[C@@H]1Cc2ccccc2CN1C(=O)[C@@H]1Cc2ccccc2CN1,6.989505
c1cc(Cn2nnnc2-c2ccc3oc(C4CN(C[C@@H]5Cc6ccccc6CN5)C4)nc3c2)cc(-c2nnn(CC3CC3)n2)c1,7.853241,O=C([C@@H]1Cc2ccccc2CN1)N1CC(c2nc3cc(-c4nnnn4Cc4cccc(-c5nnn(CC6CC6)n5)c4)ccc3o2)C1,7.856808
c1ccc2c(c1)CN[C@H](CNc1cc(-c3ccc(NCc4cccc5oc(C6CNC6)nc45)nc3)n[nH]1)C2,8.171462,O=C(Nc1ccc(-c2cc(NC[C@@H]3Cc4ccccc4CN3)[nH]n2)cn1)c1cccc2oc(C3CNC3)nc12,7.847579
Nc1cccc(-c2cccc(NCc3ccc(N)c(O)c3)c2O)c1,4.54826,Nc1ccc(C(=O)Nc2cccc(-c3cccc(N)c3O)c2)cc1O,4.844158
Brc1ccccc1CCNCC1CNC1,3.97176,O=C(NCCc1ccccc1Br)C1CNC1,6.069876
Nc1cc(CNc2cccc(-c3cc(NCc4ccc(C(=O)O)cc4)[nH]n3)c2)ccc1O,5.696108,Nc1cc(C(=O)Nc2cccc(-c3cc(NCc4ccc(C(=O)O)cc4)[nH]n3)c2)ccc1O,5.973952
O=C(O)[C@@H](NCc1ccc2oc(C3CNC3)nc2c1)c1ccccc1,6.182972,O=C(N[C@H](C(=O)O)c1ccccc1)c1ccc2oc(C3CNC3)nc2c1,6.360496
c1ccc2c(c1)CN[C@H](CNc1cc(-c3ccc4c(ccn4CC4CC4)c3)n[nH]1)C2,8.143236,O=C(Nc1cc(-c2ccc3c(ccn3CC3CC3)c2)n[nH]1)[C@@H]1Cc2ccccc2CN1,8.05621
Brc1ccc(NCC2CN(c3ccc(NCc4ccc5nc(C6CNC6)oc5c4)cc3)C2)cc1,7.500712,O=C(Nc1ccc(Br)cc1)C1CN(c2ccc(NCc3ccc4nc(C5CNC5)oc4c3)cc2)C1,7.463612
c1cc(NCc2ccc3[nH]c(C4CCN4)nc3c2)cc(-c2cccc3[nH]c(C4CNC4)nc23)c1,8.059555,O=C(Nc1cccc(-c2cccc3[nH]c(C4CNC4)nc23)c1)c1ccc2[nH]c(C3CCN3)nc2c1,5.09069
Nc1ccc(C(=O)N2CC(CNC34CC(C3)C4)C2)cc1O,5.175886,Nc1ccc(C(=O)N2CC(C(=O)NC34CC(C3)C4)C2)cc1O,5.891789
O=C(N[C@H](c1ccccc1)c1nc2cc(CNCCc3ccccc3)ccc2o1)[C@H]1CCCN1CC1CCN1,6.963641,O=C(N[C@H](c1ccccc1)c1nc2cc(CN(CCc3ccccc3)C(=O)C3CCN3)ccc2o1)[C@H]1CCCN1,6.864498
COc1ccccc1CNc1ccc(NCc2ccc3oc(C4CN(Cc5ccc(C#N)nc5)C4)nc3c2)cc1,6.796114,COc1ccccc1CN(C(=O)c1ccc(C#N)nc1)c1ccc(NCc2ccc3oc(C4CNC4)nc3c2)cc1,6.99353
c1cnc(NCCc2c[nH]c3ccccc23)c(NCc2ccc3oc(C4CNC4)nc3c2)c1,7.04366,O=C(Nc1cccnc1NCCc1c[nH]c2ccccc12)c1ccc2oc(C3CNC3)nc2c1,7.218418
OCC1CN(Cc2cccc(CNc3cccc4cc[nH]c34)c2)C1,4.625255,O=C(Nc1cccc2cc[nH]c12)c1cccc(CN2CC(CO)C2)c1,4.98265
c1cc(-c2nnn(CC3CC3)n2)ccc1Cn1nnc(-c2ccc3oc([C@@H]4CCCN4CC4CCN4)nc3c2)n1,7.899241,O=C(C1CCN1)N1CCC[C@H]1c1nc2cc(-c3nnn(Cc4ccc(-c5nnn(CC6CC6)n5)cc4)n3)ccc2o1,7.76828
O=C(Nc1cccc(-c2ccc(NC[C@@H]3Cc4ccccc4CN3)cc2)c1)c1ccccc1NCC1CCN1,7.847711,O=C(Nc1cccc(-c2ccc(NC(=O)[C@@H]3Cc4ccccc4CN3)cc2)c1)c1ccccc1NCC1CCN1,7.722608
OB(O)c1cccc(NCCNCc2ccccn2)c1,3.689347,O=C(CNCc1ccccn1)Nc1cccc(B(O)O)c1,3.208513
COc1ccc(NCc2ccc(Cn3nnc(-c4ccc(CNC56CC(C5)C6)cn4)n3)cc2)c(NC(=O)NC2CC2)c1,7.519202,COc1ccc(NCc2ccc(Cn3nnc(-c4ccc(C(=O)NC56CC(C5)C6)cn4)n3)cc2)c(NC(=O)NC2CC2)c1,7.418031
Nc1ccc(-c2cccc3nc(-c4ccc(CNC56CC(C5)C6)cc4)oc23)cc1,7.213031,Nc1ccc(-c2cccc3nc(-c4ccc(C(=O)NC56CC(C5)C6)cc4)oc23)cc1,6.98245
O=C(O)C1CCN1Cc1ccc(NCC2CNC2)c(O)c1,5.373619,O=C(Nc1ccc(CN2CCC2C(=O)O)cc1O)C1CNC1,6.004115
O=C(O)c1ccc(NCC2CCNCC2)c(O)c1,3.471265,O=C(O)c1ccc(NC(=O)C2CCNCC2)c(O)c1,4.698438
O=C(O)[C@@H]1CCCN1Cc1ccc(CCl)cc1,3.256172,O=C(O)[C@@H]1CCCN1C(=O)c1ccc(CCl)cc1,3.398558
Nc1ccccc1CNc1ccc(C(=O)O)cc1N,3.774204,Nc1cc(C(=O)O)ccc1NC(=O)c1ccccc1N,3.54521
Brc1ccc2oc(-c3c[nH]c4cc(-c5ccc(NCc6cccc(CNCc7ccccc7)c6)cc5)ccc34)nc2c1,6.96786,O=C(NCc1ccccc1)c1cccc(CNc2ccc(-c3ccc4c(-c5nc6cc(Br)ccc6o5)c[nH]c4c3)cc2)c1,7.064378
Oc1cc(-c2nc3cc(F)ccc3o2)ccc1NCC1CN(Cc2ccc(-c3nnn(CC4CC4)n3)nc2)C1,7.393185,O=C(c1ccc(-c2nnn(CC3CC3)n2)nc1)N(CC1CNC1)c1ccc(-c2nc3cc(F)ccc3o2)cc1O,6.409957
O=C(O)c1ccc2[nH]c(-c3ccc(-c4cc(NCC5CNC5)[nH]n4)cc3)nc2c1,6.87086,O=C(O)c1ccc2[nH]c(-c3ccc(-c4cc(NC(=O)C5CNC5)[nH]n4)cc3)nc2c1,6.899571
c1cncc(-c2cc(NC[C@@H]3Cc4ccccc4CN3)[nH]n2)c1,7.397899,O=C(Nc1cc(-c2cccnc2)n[nH]1)[C@@H]1Cc2ccccc2CN1,7.557547
O=C(O)[C@@H](Cc1c[nH]c2ccccc12)NCc1ccc(CCl)cc1,3.652099,O=C(N[C@H](Cc1c[nH]c2ccccc12)C(=O)O)c1ccc(CCl)cc1,3.871153
C[C@@H](Nc1ccc(NCc2cccc(-c3cc(NCc4ccc(N)c(O)c4)[nH]n3)c2)cc1)c1ccccc1,6.352481,C[C@@H](Nc1ccc(NCc2cccc(-c3cc(NC(=O)c4ccc(N)c(O)c4)[nH]n3)c2)cc1)c1ccccc1,6.797478
C[C@H](NC(=O)N1CCC1CNc1ccc(-c2cn(CC3CC3)cn2)cc1)c1ccccc1,7.794897,C[C@H](NC(=O)N1CCC1C(=O)Nc1ccc(-c2cn(CC3CC3)cn2)cc1)c1ccccc1,7.421396
O=Cc1ccc(CN2CC(C(=O)O)C2)cc1,3.22757,O=Cc1ccc(C(=O)N2CC(C(=O)O)C2)cc1,4.03021
N#Cc1ccc(NCc2ccc(F)cc2)c(N)c1,4.137675,N#Cc1ccc(N)c(NC(=O)c2ccc(F)cc2)c1,4.198016
c1ccc([C@H](CN[C@H](Cc2c[nH]c3ccccc23)C2=NCCc3ccccc32)NCc2ccc(CO[C@H]3CN4CCC3CC4)cc2)cc1,7.227932,O=C(N[C@@H](CN[C@H](Cc1c[nH]c2ccccc12)C1=NCCc2ccccc21)c1ccccc1)c1ccc(CO[C@H]2CN3CCC2CC3)cc1,7.246222
O=C(O)[C@@H](NCc1ccc2nc(-c3ccc(-c4nnn(CC5CC5)n4)nc3)oc2c1)c1ccccc1,7.125251,O=C(N[C@H](C(=O)O)c1ccccc1)c1ccc2nc(-c3ccc(-c4nnn(CC5CC5)n4)nc3)oc2c1,7.137552
C[C@H](NCc1cnccc1NCc1ccc(O)c(N)c1)c1ccccc1,4.826994,C[C@H](NCc1cnccc1NC(=O)c1ccc(O)c(N)c1)c1ccccc1,5.197538
O=C(NC12CC(C1)C2)c1cccc(-c2nc3ccc(-c4ccc(NC[C@@H]5Cc6ccccc6CN5)cc4)cc3o2)c1,7.968255,O=C(NC12CC(C1)C2)c1cccc(-c2nc3ccc(-c4ccc(NC(=O)[C@@H]5Cc6ccccc6CN5)cc4)cc3o2)c1,7.655354
Nc1ccc(CNc2cccc(B(O)O)c2)cc1NC[C@@H]1Cc2ccccc2CN1,5.199994,Nc1cc(CNc2cccc(B(O)O)c2)ccc1NC(=O)[C@@H]1Cc2ccccc2CN1,5.427645
Nc1ccc(CNCc2cn(Cc3ccccc3-c3nnn(CC4CC4)n3)nn2)cc1N,6.266255,Nc1ccc(C(=O)NCc2cn(Cc3ccccc3-c3nnn(CC4CC4)n3)nn2)cc1N,6.722799
O=Cc1ccc(CN2CC(c3nc4cc(Br)ccc4o3)C2)cc1,5.305216,O=Cc1ccc(C(=O)N2CC(c3nc4cc(Br)ccc4o3)C2)cc1,5.505699
c1ccc2c(c1)CN[C@H](CN(CC1CCN1)c1cc(-c3cn(CC4CC4)nn3)n[nH]1)C2,7.687869,O=C(C1CCN1)N(C[C@@H]1Cc2ccccc2CN1)c1cc(-c2cn(CC3CC3)nn2)n[nH]1,7.748272
C[C@H](NC(=O)c1ccc(NCC2CN(Cc3ccc(-c4nnn(CC5CC5)n4)nc3)C2)c(O)c1)c1ccccc1,7.499607,C[C@H](NC(=O)c1ccc(N(CC2CNC2)C(=O)c2ccc(-c3nnn(CC4CC4)n3)nc2)c(O)c1)c1ccccc1,6.766417
N#Cc1ccc(CNc2ccc(-c3cccc(NC(=O)c4ccc(C=O)cc4)c3)cc2)cn1,6.359087,N#Cc1ccc(C(=O)Nc2ccc(-c3cccc(NC(=O)c4ccc(C=O)cc4)c3)cc2)cn1,6.53819
N#Cc1ccc(Cn2nncc2CNc2ccc(NC[C@@H]3Cc4ccccc4CN3)cc2)cc1,6.483637,N#Cc1ccc(Cn2nncc2CNc2ccc(NC(=O)[C@@H]3Cc4ccccc4CN3)cc2)cc1,6.666585
c1ccc2c(CCNCC3CCNCC3)c[nH]c2c1,3.801538,O=C(NCCc1c[nH]c2ccccc12)C1CCNCC1,6.060232
c1cc2nc(-c3ccc4nc(-c5ccc6oc(C7CNC7)nc6c5)[nH]c4c3)oc2cc1CNC12CC(C1)C2,8.02646,O=C(NC12CC(C1)C2)c1ccc2nc(-c3ccc4nc(-c5ccc6oc(C7CNC7)nc6c5)[nH]c4c3)oc2c1,6.659847
c1ccc2c(NCc3ccc4nc([C@@H](Cc5c[nH]c6ccccc56)NCc5ccc(-c6nnn(CC7CC7)n6)nc5)oc4c3)ccnc2c1,7.45738,O=C(Nc1ccnc2ccccc12)c1ccc2nc([C@@H](Cc3c[nH]c4ccccc34)NCc3ccc(-c4nnn(CC5CC5)n4)nc3)oc2c1,7.653603
c1ccc([C@@H](NCc2c[nH]c3ccccc23)c2nc3cc(CNCCc4cn(CC5CC5)c5ccccc45)ccc3o2)cc1,6.927394,O=C(NCCc1cn(CC2CC2)c2ccccc12)c1ccc2oc([C@H](NCc3c[nH]c4ccccc34)c3ccccc3)nc2c1,7.083401
Nc1ccc(CN2CCCC(CO)C2)cc1O,3.067104,Nc1ccc(C(=O)N2CCCC(CO)C2)cc1O,3.326634
Cc1cc(N2CC(C(=O)O)C2)cnc1NCC1CCN1,5.988273,Cc1cc(N2CC(C(=O)O)C2)cnc1NC(=O)C1CCN1,5.963833
Nc1cc(CNc2cccnc2-c2ccc(C=O)cc2)ccc1O,4.416495,Nc1cc(C(=O)Nc2cccnc2-c2ccc(C=O)cc2)ccc1O,4.553952
O=C(NC1CC1)C1CCN1C(=O)C1CN(CC2CNC2)C1,6.181764,O=C(NC1CC1)C1CCN1C(=O)C1CN(C(=O)C2CNC2)C1,5.660293
Nc1cc(CNc2cc(CNCCc3c[nH]c4ccccc34)ccc2O)ccc1NC[C@@H]1Cc2ccccc2CN1,6.690186,Nc1cc(CNc2cc(C(=O)NCCc3c[nH]c4ccccc34)ccc2O)ccc1NC[C@@H]1Cc2ccccc2CN1,7.107794
O=c1cc(Cn2cc(CNCc3ccc(-c4nnn(CC5CC5)n4)nc3)nn2)c2ccccc2[nH]1,7.088362,O=C(NCc1cn(Cc2cc(=O)[nH]c3ccccc23)nn1)c1ccc(-c2nnn(CC3CC3)n2)nc1,7.423367
Nc1ccc(CN2CC(CO)C2)cc1O,2.971031,Nc1ccc(C(=O)N2CC(CO)C2)cc1O,3.403289
Nc1ccccc1CNc1cc(C(=O)O)ccc1N,3.865942,Nc1cc(C(=O)O)ccc1NC(=O)c1ccccc1N,3.54521
Nc1ccc(CNc2ccc(CN3CC(C4=NCCc5ccccc54)C3)cc2N)cc1O,6.234387,Nc1ccc(C(=O)Nc2cc(CN3CC(C4=NCCc5ccccc54)C3)ccc2N)cc1O,6.028295
Nc1ccc(-c2cccc(NCc3cccc(-c4ccc(NC[C@@H]5Cc6ccccc6CN5)cc4)c3)c2)cc1,7.658104,Nc1ccc(-c2cccc(CNc3cccc(-c4ccc(NC(=O)[C@@H]5Cc6ccccc6CN5)cc4)c3)c2)cc1,7.761577
Nc1ccc(CNCc2cn(Cc3ccc(C(=O)O)cc3)c3ccccc23)cc1N,4.856864,NCc1cn(Cc2ccc(C(=O)Nc3cc(C(=O)O)ccc3N)cc2)c2ccccc12,4.90431
O=C(Nc1cccc(B(O)O)c1)c1ccc(O)c(NCc2ccc3oc(C4CNC4)nc3c2)c1,6.189299,O=C(Nc1cccc(B(O)O)c1)c1ccc(O)c(NC(=O)c2ccc3oc(C4CNC4)nc3c2)c1,6.237295
c1ccc2c(c1)CN[C@H](CNCCc1cn(Cc3ccc(-c4nnn(CC5CC5)n4)cc3)c3ccccc13)C2,7.972723,O=C(NCCc1cn(Cc2ccc(-c3nnn(CC4CC4)n3)cc2)c2ccccc12)[C@@H]1Cc2ccccc2CN1,8.069966
Brc1c[nH]nc1NC[C@@H]1Cc2ccccc2CN1,5.101511,O=C(Nc1n[nH]cc1Br)[C@@H]1Cc2ccccc2CN1,5.503661
Brc1cccc2nc([C@@H]3CCCN3Cc3cccc(CNCCc4ccccc4)c3)oc12,6.088181,O=C(NCCc1ccccc1)c1cccc(CN2CCC[C@H]2c2nc3cccc(Br)c3o2)c1,6.118248
N#Cc1ccc(CN(Cc2ccc3oc([C@H]4CCCN4)nc3c2)c2cccc3ccn(CC4CC4)c23)cn1,7.086333,N#Cc1ccc(C(=O)N(Cc2ccc3oc([C@H]4CCCN4)nc3c2)c2cccc3ccn(CC4CC4)c23)cn1,7.174338
OB(O)c1cccc(NCC2CCN2)c1,3.893817,O=C(Nc1cccc(B(O)O)c1)C1CCN1,4.308922
Nc1cc(CNc2cccc(-c3ccc4nc([C@H]5CCCN5)[nH]c4c3)c2)ccc1O,6.552567,Nc1cc(C(=O)Nc2cccc(-c3ccc4nc([C@H]5CCCN5)[nH]c4c3)c2)ccc1O,6.63982
Nc1ccc(CNc2c(O)cccc2CNc2cc(C(=O)O)ccc2O)cc1O,4.267202,Nc1c(O)cccc1CNc1cc(C(=O)Nc2ccc(C(=O)O)cc2O)ccc1O,4.781002
c1cc(CNc2cccc3ccn(CC4CC4)c23)cc(-c2ccc3[nH]c(C4CCN4)nc3c2)c1,7.799884,O=C(Nc1cccc2ccn(CC3CC3)c12)c1cccc(-c2ccc3[nH]c(C4CCN4)nc3c2)c1,7.940119
C[C@H](NCc1ccc(N)c(O)c1)c1ccccc1,3.794327,C[C@H](NC(=O)c1ccc(N)c(O)c1)c1ccccc1,4.376648
Nc1c(NCc2cccc(-c3nc4ccc(C(=O)NC5CC5)cc4o3)c2)cccc1Nc1ccc(Br)cc1,7.208537,Nc1c(NC(=O)c2cccc(-c3nc4ccc(C(=O)NC5CC5)cc4o3)c2)cccc1Nc1ccc(Br)cc1,7.247078
Nc1cc(C(=O)O)ccc1NC[C@@H]1Cc2ccccc2CN1,5.284528,Nc1cc(C(=O)O)ccc1NC(=O)[C@@H]1Cc2ccccc2CN1,5.46909
C[C@H](Nc1ccc(NCc2ccc(NCc3ccc4oc(C5CNC5)nc4c3)c(O)c2)c(N)c1)c1ccccc1,7.250529,C[C@H](Nc1ccc(NCc2ccc(N)c(O)c2)c(NC(=O)c2ccc3oc(C4CNC4)nc3c2)c1)c1ccccc1,6.542423
O=C(NCCc1cn(CC2CC2)c2ccccc12)c1cccc(-c2cc(NCC3CCN3)[nH]n2)c1,8.11907,O=C(NCCc1cn(CC2CC2)c2ccccc12)c1cccc(-c2cc(NC(=O)C3CCN3)[nH]n2)c1,8.075927
O=C(Nc1ccnc2ccccc12)[C@@H]1Cc2ccccc2CN1C[C@@H]1Cc2ccccc2CN1C[C@@H]1Cc2ccccc2CN1,6.894714,O=C(Nc1ccnc2ccccc12)[C@@H]1Cc2ccccc2CN1C[C@@H]1Cc2ccccc2CN1C(=O)[C@@H]1Cc2ccccc2CN1,6.678938
Nc1cc(CNCCc2ccccc2)ccc1O,4.145795,Nc1cc(C(=O)NCCc2ccccc2)ccc1O,4.458766
Nc1ccccc1CN1CCNCC1,2.958823,Nc1ccccc1C(=O)N1CCNCC1,3.508868
OC[C@H]1CCCN1Cc1ccc2oc(-c3ccc4nc(C5CNC5)oc4c3)nc2c1,6.83596,O=C(c1ccc2oc(-c3ccc4nc(C5CNC5)oc4c3)nc2c1)N1CCC[C@@H]1CO,6.665543
c1ccc2c(NCc3ccc4oc(-c5ccc6nc([C@H]7CCCN7)oc6c5)nc4c3)ccnc2c1,7.220184,O=C(Nc1ccnc2ccccc12)c1ccc2oc(-c3ccc4nc([C@H]5CCCN5)oc4c3)nc2c1,7.515595
OB(O)c1cccc(Nc2c[nH]nc2NCc2ccc(-c3nnn(CC4CC4)n3)nc2)c1,5.602927,O=C(Nc1n[nH]cc1Nc1cccc(B(O)O)c1)c1ccc(-c2nnn(CC3CC3)n2)nc1,5.774797
Nc1ccc(C(=O)NCCN2CCN(C(=O)c3ccc(O)c(NC[C@@H]4Cc5ccccc5CN4)c3)CC2)cc1O,6.772581,Nc1cc(C(=O)N2CCN(CCNC(=O)c3ccc(NC(=O)[C@@H]4Cc5ccccc5CN4)c(O)c3)CC2)ccc1O,6.571599
c1cc(-c2cc(NC[C@@H]3Cc4ccccc4CN3)[nH]n2)cc(-c2nnn(Cc3ccc(CN4CCNCC4)cc3)n2)c1,7.421181,O=C(c1ccc(Cn2nnc(-c3cccc(-c4cc(NC[C@@H]5Cc6ccccc6CN5)[nH]n4)c3)n2)cc1)N1CCNCC1,7.795957
O=C(NCc1c[nH]c2ccccc12)C1CCN(C(=O)[C@@H]2CCCN2CC2CCN2)CC1,7.310236,O=C(NCc1c[nH]c2ccccc12)C1CCN(C(=O)[C@@H]2CCCN2C(=O)C2CCN2)CC1,7.325588
Nc1cc(CNc2cc(-c3nc4cc(Br)ccc4o3)ccc2O)ccc1O,5.418007,Nc1cc(C(=O)Nc2cc(-c3nc4cc(Br)ccc4o3)ccc2O)ccc1O,5.346323
Nc1ccc(CNc2ccccc2O)cc1O,3.481028,Nc1ccc(C(=O)Nc2ccccc2O)cc1O,3.669937
O=C(NCCc1c[nH]c2ccccc12)c1ccc(NCC2CNC2)c(NCc2cccc3oc([C@@H]4Cc5ccccc5CN4)nc23)c1,7.320055,O=C(NCCc1c[nH]c2ccccc12)c1ccc(NC(=O)C2CNC2)c(NCc2cccc3oc([C@@H]4Cc5ccccc5CN4)nc23)c1,7.388524
COc1ccccc1CNCc1ccc(C=O)cc1,4.438899,COc1ccccc1CNC(=O)c1ccc(C=O)cc1,4.696187
O=C(Nc1cc(-c2ccc(NC(=O)[C@@H]3Cc4ccccc4CN3)cc2)n[nH]1)C1CN(C[C@@H]2Cc3ccccc3CN2)C1,7.899388,O=C(Nc1cc(-c2ccc(NC(=O)[C@@H]3Cc4ccccc4CN3)cc2)n[nH]1)C1CN(C(=O)[C@@H]2Cc3ccccc3CN2)C1,7.264349
O=C(NCCc1ccccc1)C1(NCc2ccc3[nH]c(C4CCN4C[C@@H]4Cc5ccccc5CN4)nc3c2)CCC1,7.449015,O=C([C@@H]1Cc2ccccc2CN1)N(Cc1ccc2[nH]c(C3CCN3)nc2c1)C1(C(=O)NCCc2ccccc2)CCC1,7.239226
N[C@H](CNc1ccccn1)c1ccccc1,3.943093,N[C@H](C(=O)Nc1ccccn1)c1ccccc1,4.905866
Nc1cccc(-c2ccc(NCc3cccc(O)c3N)cc2)c1,5.096938,Nc1ccc(-c2cccc(NC(=O)c3cccc(O)c3N)c2)cc1,4.622183
O=C(NCCc1cn(CC2CC2)c2ccccc12)c1ccc2oc([C@H](Cc3ccccc3)NC[C@@H]3Cc4ccccc4CN3)nc2c1,7.396652,O=C(NCCc1cn(CC2CC2)c2ccccc12)c1ccc2oc([C@H](Cc3ccccc3)NC(=O)[C@@H]3Cc4ccccc4CN3)nc2c1,7.443827
O=C(O)c1ccc2nc(C3CN(Cc4ccc(Cn5ccc6cccc(NC(=O)C7CNC7)c65)cc4)C3)oc2c1,7.13335,O=C(O)c1ccc(Cn2ccc3cccc(NC(=O)C4CN(C(=O)c5ccc6nc(C7CNC7)oc6c5)C4)c32)cc1,7.305519
Nc1ccc(CNC2(c3nc4cc(C(=O)O)ccc4o3)CCC2)cc1N,4.968227,Nc1cc(C(=O)O)ccc1NC(=O)c1ccc2oc(C3(N)CCC3)nc2c1,4.774476
CC(NC12CC(C1)C2)c1cccc(-c2cc(NCc3ccc(O)c(N)c3)[nH]n2)c1,6.2948,CC(NC12CC(C1)C2)c1cccc(-c2cc(NC(=O)c3ccc(O)c(N)c3)[nH]n2)c1,6.705012
c1cc(NC[C@@H]2Cc3ccccc3CN2)cc(-c2ccc(Nc3ccc(NCC4CNC4)cc3)cc2)c1,8.024327,O=C(Nc1ccc(Nc2ccc(-c3cccc(NC[C@@H]4Cc5ccccc5CN4)c3)cc2)cc1)C1CNC1,8.162417
O=C(Nc1ccccn1)C1CN(Cc2ccc(CCl)cc2)C1,5.136351,O=C(Nc1ccccn1)C1CN(C(=O)c2ccc(CCl)cc2)C1,5.835061
Oc1ccccc1NCc1cccc(-c2nc3ccc(C4=NCCc5ccccc54)cc3o2)c1,7.073037,O=C(Nc1ccccc1O)c1cccc(-c2nc3ccc(C4=NCCc5ccccc54)cc3o2)c1,7.118122
O=C(Nc1cc(-c2ccc(NCC3CCN3)cc2)ccc1NCc1nc2ccccc2[nH]1)C1CNC1,6.84655,O=C(Nc1cc(-c2ccc(NC(=O)C3CCN3)cc2)ccc1NCc1nc2ccccc2[nH]1)C1CNC1,6.475522
Nc1ccc(CNC2(c3nc4cc(C(=O)Nc5ccccc5O)ccc4o3)CCC2)cc1N,5.561466,Nc1ccc(C(=O)NC2(c3nc4cc(C(=O)Nc5ccccc5O)ccc4o3)CCC2)cc1N,5.56796
Nc1ccccc1CN1CC(CO)C1,2.823632,Nc1ccccc1C(=O)N1CC(CO)C1,2.879553
COc1ccc(NC(=O)c2cccc(NCc3ccc(O)cc3)n2)c(NCc2ccc3nc(C4CNC4)[nH]c3c2)c1,6.977739,COc1ccc(NC(=O)c2cccc(NCc3ccc(O)cc3)n2)c(NC(=O)c2ccc3nc(C4CNC4)[nH]c3c2)c1,6.819849
COc1ccccc1CNc1cc(-c2nc3cc(CNc4cc(C#N)ccc4O)ccc3o2)ccn1,6.132316,COc1ccccc1CNc1cc(-c2nc3cc(C(=O)Nc4cc(C#N)ccc4O)ccc3o2)ccn1,6.229017
O=C(O)C1CCN1C[C@@H]1Cc2ccccc2CN1,5.08437,O=C(O)C1CCN1C(=O)[C@@H]1Cc2ccccc2CN1,5.520155
COc1ccc(CNC(=O)C2CN(Cc3ccc4oc(C5CNC5)nc4c3)C2)cc1,7.351289,COc1ccc(CNC(=O)C2CN(C(=O)c3ccc4oc(C5CNC5)nc4c3)C2)cc1,7.299796
Nc1cc(CNc2cccc3cc[nH]c23)ccc1O,4.084992,Nc1cc(C(=O)Nc2cccc3cc[nH]c23)ccc1O,4.426702
O=C(NCc1c[nH]c2ccccc12)[C@@H]1CCCN1C(=O)c1ccc2oc(-c3ccc(NCC4CNC4)c(O)c3)nc2c1,7.383096,O=C(Nc1ccc(-c2nc3cc(C(=O)N4CCC[C@H]4C(=O)NCc4c[nH]c5ccccc45)ccc3o2)cc1O)C1CNC1,7.214942
C#CCNC(=O)c1ccccc1NC[C@@H]1Cc2ccccc2CN1,5.447978,C#CCNC(=O)c1ccccc1NC(=O)[C@@H]1Cc2ccccc2CN1,5.866751
O=C([C@@H]1Cc2ccccc2CN1C[C@@H]1Cc2ccccc2CN1)N(CCc1ccc(O)cc1)Cc1ccc(CO[C@H]2CN3CCC2CC3)cc1,7.149453,O=C([C@@H]1Cc2ccccc2CN1C(=O)[C@@H]1Cc2ccccc2CN1)N(CCc1ccc(O)cc1)Cc1ccc(CO[C@H]2CN3CCC2CC3)cc1,7.08755
N#Cc1cccc(Cn2cc(CNC[C@@H]3Cc4ccccc4CN3)c3ccccc32)c1,6.336515,N#Cc1cccc(Cn2cc(CNC(=O)[C@@H]3Cc4ccccc4CN3)c3ccccc32)c1,6.672259
c1cc(NCc2ccc3oc(C4CNC4)nc3c2)cc(-c2cc(-c3nc4ccccc4o3)ccn2)c1,8.020344,O=C(Nc1cccc(-c2cc(-c3nc4ccccc4o3)ccn2)c1)c1ccc2oc(C3CNC3)nc2c1,7.40895
O=C(O)c1ccc(O)c(NCc2cccc(F)n2)c1,4.074951,O=C(O)c1ccc(O)c(NC(=O)c2cccc(F)n2)c1,3.890243
O=C(NCc1cn(CC2CC2)c2ccccc12)C1(NCc2ccc3nc(C4CNC4)[nH]c3c2)CCC1,8.049337,O=C(NC1(C(=O)NCc2cn(CC3CC3)c3ccccc23)CCC1)c1ccc2nc(C3CNC3)[nH]c2c1,8.086664
O=C(O)C1(NCc2ccc(CCl)cc2)CCC1,3.191483,O=C(NC1(C(=O)O)CCC1)c1ccc(CCl)cc1,4.342216
O=C(Nc1ccc(-c2ccc(NC(=O)C3CNC3)cc2)cc1)c1ccccc1NC[C@@H]1Cc2ccccc2CN1,7.592093,O=C(Nc1ccc(-c2ccc(NC(=O)C3CNC3)cc2)cc1)c1ccccc1NC(=O)[C@@H]1Cc2ccccc2CN1,7.17508
c1cc(NC[C@@H]2Cc3ccccc3CN2)cc(-c2ccc3oc(-c4ccccc4CO[C@H]4CN5CCC4CC5)nc3c2)c1,8.020385,O=C(Nc1cccc(-c2ccc3oc(-c4ccccc4CO[C@H]4CN5CCC4CC5)nc3c2)c1)[C@@H]1Cc2ccccc2CN1,7.887025
Nc1ccc(Nc2ccccn2)cc1NCc1ccc(-c2nnn(CC3CC3)n2)nc1,7.138374,Nc1cc(Nc2ccccn2)ccc1NC(=O)c1ccc(-c2nnn(CC3CC3)n2)nc1,7.128612
N#Cc1ccc(CN2CCC[C@H]2C(=O)O)cn1,3.301505,N#Cc1ccc(C(=O)N2CCC[C@H]2C(=O)O)cn1,3.456941
O=C(NC1CC1)[C@@H](NCc1ccc2oc(C3CNC3)nc2c1)c1ccccc1,7.662849,O=C(N[C@H](C(=O)NC1CC1)c1ccccc1)c1ccc2oc(C3CNC3)nc2c1,7.306703
Nc1ccccc1CNc1cc(C(=O)O)ccc1O,3.931954,Nc1cc(C(=O)Nc2ccccc2C(=O)O)ccc1O,3.723012
N#Cc1ccc(CNc2cc(Br)ccc2NCc2ccc(-c3nnn(CC4CC4)n3)nc2)cn1,6.739833,N#Cc1ccc(C(=O)Nc2cc(Br)ccc2NCc2ccc(-c3nnn(CC4CC4)n3)nc2)cn1,6.992037
Nc1cc(CN[C@@H]2CCCC[C@@H]2O)ccc1O,3.481659,Nc1cc(C(=O)N[C@@H]2CCCC[C@@H]2O)ccc1O,3.762224
c1cc(CNCc2c[nH]c3ccccc23)cc(-c2cc(NCc3ccc4nc(C5CNC5)oc4c3)[nH]n2)c1,7.895143,O=C(NCc1c[nH]c2ccccc12)c1cccc(-c2cc(NCc3ccc4nc(C5CNC5)oc4c3)[nH]n2)c1,8.072216
Oc1ccc(-c2cccc(NCC3CNC3)c2)cc1NC[C@@H]1Cc2ccccc2CN1C[C@@H]1Cc2ccccc2CN1,7.693221,O=C([C@@H]1Cc2ccccc2CN1)N(CC1CNC1)c1cccc(-c2ccc(O)c(NC[C@@H]3Cc4ccccc4CN3)c2)c1,7.625186
COc1ccccc1CNC(=O)[C@@H]1CCCN1C[C@@H]1Cc2ccccc2CN1,6.673467,COc1ccccc1CNC(=O)[C@@H]1CCCN1C(=O)[C@@H]1Cc2ccccc2CN1,6.824752
Nc1ccc(CNc2cc(-c3nnn(Cc4ccc(C(=O)O)cc4)n3)ccc2O)cc1N,5.313101,Nc1cc(-c2nnn(Cc3ccc(C(=O)Nc4cc(C(=O)O)ccc4N)cc3)n2)ccc1O,5.130083
c1cc(CNc2ccnc3ccccc23)cc(-c2cc(NCC3CCN3C[C@@H]3Cc4ccccc4CN3)[nH]n2)c1,7.834738,O=C([C@@H]1Cc2ccccc2CN1)N(CC1CCN1)c1cc(-c2cccc(CNc3ccnc4ccccc34)c2)n[nH]1,7.659002
Nc1cccc(-c2ccc3c(CN4CC(CN5CC(C(=O)O)C5)C4)c[nH]c3c2)c1,4.845543,Nc1cccc(-c2ccc3c(CN4CC(C(=O)N5CC(C(=O)O)C5)C4)c[nH]c3c2)c1,5.353158
c1ccc(CNCC2CCN2)cc1,5.839138,O=C(NCc1ccccc1)C1CCN1,6.352616
O=Cc1ccc(CN[C@H](Cc2c[nH]c3ccccc23)C(=O)O)cc1,3.558835,O=Cc1ccc(C(=O)N[C@H](Cc2c[nH]c3ccccc23)C(=O)O)cc1,3.877263
O=C(O)c1cccc2oc(-c3cncc(-c4cccc(NC[C@@H]5Cc6ccccc6CN5)c4)c3)nc12,6.925694,O=C(O)c1cccc2oc(-c3cncc(-c4cccc(NC(=O)[C@@H]5Cc6ccccc6CN5)c4)c3)nc12,6.929493
O=C(O)c1ccc2nc(C3CCN3c3cccc(-c4nc5ccc(CNC67CC(C6)C7)cc5o4)n3)oc2c1,7.032553,O=C(O)c1ccc2nc(-c3cccc(N4CCC4c4nc5ccc(C(=O)NC67CC(C6)C7)cc5o4)n3)oc2c1,6.636086
Nc1ccc(CNc2cc(CN3CCC[C@@H]3C(=O)O)ccc2O)cc1O,4.303615,Nc1ccc(CN(C(=O)[C@H]2CCCN2)c2cc(C(=O)O)ccc2O)cc1O,4.040747
Nc1cc(CN(Cc2ccc(O)c(N)c2)C23CC(C2)C3)ccc1O,4.289565,Nc1cc(CN(C(=O)c2ccc(O)c(N)c2)C23CC(C2)C3)ccc1O,4.391774
O=C(NC12CC(C1)C2)c1ccc(Cn2cc(CNCc3ccc4nc(C5CNC5)[nH]c4c3)c3ccccc32)cc1,7.824853,O=C(NCc1cn(Cc2ccc(C(=O)NC34CC(C3)C4)cc2)c2ccccc12)c1ccc2nc(C3CNC3)[nH]c2c1,8.07868
c1cc(NC[C@@H]2Cc3ccccc3CN2)cc(-c2ncccc2Nc2ccc3nc(-c4ccncc4)[nH]c3c2)c1,7.346627,O=C(Nc1cccc(-c2ncccc2Nc2ccc3nc(-c4ccncc4)[nH]c3c2)c1)[C@@H]1Cc2ccccc2CN1,7.451403
O=C(NCc1ccc(C(F)(F)F)cc1)C1CN(C[C@@H]2Cc3ccccc3CN2)C1,6.612076,O=C(NCc1ccc(C(F)(F)F)cc1)C1CN(C(=O)[C@@H]2Cc3ccccc3CN2)C1,7.095688
N#Cc1ccc(CNc2ccc(Br)cc2O)cn1,3.879477,N#Cc1ccc(C(=O)Nc2ccc(Br)cc2O)cn1,4.024255
c1cc(CNc2cccc3cc[nH]c23)cc(-c2ccc3nc(C4CCN4)oc3c2)c1,7.269195,O=C(Nc1cccc2cc[nH]c12)c1cccc(-c2ccc3nc(C4CCN4)oc3c2)c1,7.122999
Nc1cccc(-c2ccc(NCc3ccc(NCc4ccc(CO[C@H]5CN6CCC5CC6)cc4)c(O)c3)c(O)c2)c1,7.262791,Nc1ccc(CNc2ccc(-c3cccc(NC(=O)c4ccc(CO[C@H]5CN6CCC5CC6)cc4)c3)cc2O)cc1O,7.172348
OB(O)c1cccc(NCC2CCNCC2)c1,2.910825,O=C(Nc1cccc(B(O)O)c1)C1CCNCC1,4.206943
c1cc(CNCCc2ccccc2NC23CC(C2)C3)cc(-c2nc3ccc(-c4nnn(CC5CC5)n4)cc3[nH]2)c1,7.790044,O=C(NCCc1ccccc1NC12CC(C1)C2)c1cccc(-c2nc3ccc(-c4nnn(CC5CC5)n4)cc3[nH]2)c1,7.964349
Nc1ccc(C(=O)O)cc1NCc1cccc(C=O)c1,3.874878,Nc1cc(C(=O)O)ccc1NC(=O)c1cccc(C=O)c1,3.873652
C[C@H](NC(=O)c1ccc(Cn2cc(CNC(=O)C3CN(CC4CNC4)C3)c3ccccc32)cc1)c1ccccc1,7.076791,C[C@H](NC(=O)c1ccc(Cn2cc(CNC(=O)C3CN(C(=O)C4CNC4)C3)c3ccccc32)cc1)c1ccccc1,7.842852
c1ccc(NCc2ccc(-c3nnn(CC4CC4)n3)nc2)c(CNCCc2cn(CC3CC3)c3ccccc23)c1,7.947802,O=C(NCCc1cn(CC2CC2)c2ccccc12)c1ccccc1NCc1ccc(-c2nnn(CC3CC3)n2)nc1,7.981548
OB(O)c1cccc(CNCCc2ccccc2)c1,3.579143,O=C(NCCc1ccccc1)c1cccc(B(O)O)c1,3.639409
Nc1ccc(CNc2ccc(B(O)O)cc2)cc1NC[C@@H]1Cc2ccccc2CN1,5.311252,Nc1cc(CNc2ccc(B(O)O)cc2)ccc1NC(=O)[C@@H]1Cc2ccccc2CN1,5.542571
O=C(NCCc1ccccc1)C1CN(Cc2ccc3nc(-c4ccc(CO[C@H]5CN6CCC5CC6)cc4)oc3c2)C1,7.789022,O=C(NCCc1ccccc1)C1CN(C(=O)c2ccc3nc(-c4ccc(CO[C@H]5CN6CCC5CC6)cc4)oc3c2)C1,7.585785
c1ccc2c(CNc3cc(NCC4CNC4)[nH]n3)c[nH]c2c1,6.354481,O=C(Nc1cc(NCc2c[nH]c3ccccc23)n[nH]1)C1CNC1,7.542156
Nc1ccc(CN2CC(C(=O)Nc3cccc4ccn(CC5CC5)c34)C2)cc1O,6.180631,Nc1ccc(C(=O)N2CC(C(=O)Nc3cccc4ccn(CC5CC5)c34)C2)cc1O,6.801139
O=C(NC1CC1)c1cccc(-c2ccc(O)c(NCc3ccc(CO[C@H]4CN5CCC4CC5)cc3)c2)c1,7.928355,O=C(Nc1cc(-c2cccc(C(=O)NC3CC3)c2)ccc1O)c1ccc(CO[C@H]2CN3CCC2CC3)cc1,7.665914
ClCc1ccc(CN2CCC(c3nc4cccc(-c5ccc6c(ccn6CC6CC6)c5)c4o3)CC2)cc1,7.065123,O=C(c1ccc(CCl)cc1)N1CCC(c2nc3cccc(-c4ccc5c(ccn5CC5CC5)c4)c3o2)CC1,7.225982
O=C(NCc1cn(CC2CC2)c2ccccc12)c1ccc2nc(-c3ccc(CNC45CC(C4)C5)cc3)oc2c1,8.191185,O=C(NCc1cn(CC2CC2)c2ccccc12)c1ccc2nc(-c3ccc(C(=O)NC45CC(C4)C5)cc3)oc2c1,8.248626
Nc1cc(CN[C@H](C(=O)Nc2c(N)cccc2Br)c2ccccc2)ccc1O,4.317448,Nc1cc(C(=O)N[C@H](C(=O)Nc2c(N)cccc2Br)c2ccccc2)ccc1O,4.460703
Nc1ccc(-c2nnnn2Cc2ccc(CNCCc3c[nH]c4ccccc34)cc2)cc1N,5.674277,Nc1ccc(-c2nnnn2Cc2ccc(C(=O)NCCc3c[nH]c4ccccc34)cc2)cc1N,5.592859
O=C(NCc1ccccc1)c1cccc(F)c1NC[C@@H]1Cc2ccccc2CN1Cc1ccc2oc(C3CNC3)nc2c1,7.177756,O=C(NCc1ccccc1)c1cccc(F)c1N(C[C@@H]1Cc2ccccc2CN1)C(=O)c1ccc2oc(C3CNC3)nc2c1,6.559226
N#Cc1ccc(CN(c2ccc(N)cc2)c2cccc3ccn(CC4CC4)c23)cn1,5.593029,N#Cc1ccc(C(=O)N(c2ccc(N)cc2)c2cccc3ccn(CC4CC4)c23)cn1,5.7828
Nc1cc(CNc2cc(N3CCC3c3nc4cc(Br)ccc4o3)n[nH]2)ccc1O,5.732574,Nc1cc(C(=O)Nc2cc(N3CCC3c3nc4cc(Br)ccc4o3)n[nH]2)ccc1O,6.017457
O=C(NCc1cn(CC2CC2)nn1)c1ccc2oc([C@@H]3CCCN3CC3CCN3)nc2c1,7.726185,O=C(NCc1cn(CC2CC2)nn1)c1ccc2oc([C@@H]3CCCN3C(=O)C3CCN3)nc2c1,7.47455
Nc1ccc(CN2CC(c3nc4cc(C(=O)O)ccc4o3)C2)cc1O,4.916614,Nc1ccc(C(=O)N2CC(c3nc4cc(C(=O)O)ccc4o3)C2)cc1O,5.175549
O=C1CN(c2cccc(CN[C@@H]3CCCC[C@H]3O)n2)C1,4.067719,O=C1CN(c2cccc(C(=O)N[C@@H]3CCCC[C@H]3O)n2)C1,4.276382
Nc1cc(-c2cccc(C(=O)Nc3cccc4cc[nH]c34)c2)ccc1NCc1ccc(-c2nnn(CC3CC3)n2)nc1,7.679757,Nc1cc(-c2cccc(C(=O)Nc3cccc4cc[nH]c34)c2)ccc1NC(=O)c1ccc(-c2nnn(CC3CC3)n2)nc1,7.21981
OB(O)c1cccc(NC[C@H]2CCCN2CC2CNC2)c1,4.384732,O=C(C1CNC1)N(C[C@H]1CCCN1)c1cccc(B(O)O)c1,4.258404
Nc1ccc(CNc2ccccc2C(=O)Nc2cccc(B(O)O)c2)cc1O,4.013034,Nc1ccc(C(=O)Nc2ccccc2C(=O)Nc2cccc(B(O)O)c2)cc1O,4.294959
c1ccc2c(c1)C[C@@H](c1nc3cc(-c4nnn(CC5CC5)n4)ccc3o1)N(Cc1ccc(-c3nnn(CC4CC4)n3)nc1)C2,8.01895,O=C(c1ccc(-c2nnn(CC3CC3)n2)nc1)N1Cc2ccccc2C[C@H]1c1nc2cc(-c3nnn(CC4CC4)n3)ccc2o1,6.242191
C[C@H](NCc1ccccc1NCc1ccc2nc([C@@H]3CCCN3)oc2c1)c1ccccc1,6.617083,C[C@H](NCc1ccccc1NC(=O)c1ccc2nc([C@@H]3CCCN3)oc2c1)c1ccccc1,7.110026
C[C@@H](NC(=O)c1ccccc1NCc1ccc(-c2nnn(CC3CC3)n2)nc1)c1ccccc1,7.464751,C[C@@H](NC(=O)c1ccccc1NC(=O)c1ccc(-c2nnn(CC3CC3)n2)nc1)c1ccccc1,7.659153
O=Cc1ccc(CNc2ccc(-c3cn(CC4CC4)cn3)cc2)cc1,6.670223,O=Cc1ccc(C(=O)Nc2ccc(-c3cn(CC4CC4)cn3)cc2)cc1,7.212898
O=C(Nc1ccc(-c2cccc(NCC3CCN3)c2)cc1)C1CN(C[C@@H]2Cc3ccccc3CN2)C1,7.74719,O=C(Nc1ccc(-c2cccc(N(CC3CCN3)C(=O)[C@@H]3Cc4ccccc4CN3)c2)cc1)C1CNC1,7.105404
Nc1ccc(CNCCc2c[nH]c3ccccc23)cc1N,4.210129,Nc1ccc(C(=O)NCCc2c[nH]c3ccccc23)cc1N,4.807927
Nc1cc(CNc2cccc(-c3ccc(O)nc3)c2)ccc1O,5.076902,Nc1cc(C(=O)Nc2cccc(-c3ccc(O)nc3)c2)ccc1O,5.249688
Oc1ccc(CNc2cccc(-c3nc4ccc(CNC56CC(C5)C6)cc4o3)n2)cc1,7.150746,O=C(NC12CC(C1)C2)c1ccc2nc(-c3cccc(NCc4ccc(O)cc4)n3)oc2c1,7.200205
O=C(O)C1CCN(Cc2cccc(B(O)O)c2)CC1,3.413967,O=C(O)C1CCN(C(=O)c2cccc(B(O)O)c2)CC1,3.412666
O=C(O)c1ccc2oc(-c3ccc4oc([C@H]5CCCN5C[C@@H]5Cc6ccccc6CN5)nc4c3)nc2c1,6.960188,O=C(O)[C@@H]1Cc2ccccc2CN1C(=O)c1ccc2oc(-c3ccc4oc([C@H]5CCCN5)nc4c3)nc2c1,6.870365
O=C(Nc1cccc(-c2ccc(NCc3ccc(-c4nnn(CC5CC5)n4)nc3)cc2)c1)c1ccncc1,7.954018,O=C(Nc1cccc(-c2ccc(NC(=O)c3ccc(-c4nnn(CC5CC5)n4)nc3)cc2)c1)c1ccncc1,7.319847
Nc1ccccc1CNc1cc(Br)ccc1N,3.359553,Nc1cc(Br)ccc1NC(=O)c1ccccc1N,3.631143
O=C(Nc1cccc2cc[nH]c12)[C@@H]1Cc2ccccc2CN1Cc1ccc2nc(-c3ccc(COCC4CNC4)cc3)oc2c1,7.428936,O=C(Nc1cccc2cc[nH]c12)[C@@H]1Cc2ccccc2CN1C(=O)c1ccc2nc(-c3ccc(COCC4CNC4)cc3)oc2c1,7.307051
O=C(Nc1cccc(-c2ccc(NCC3CCN3CC3CCN3)cc2)c1)[C@@H]1Cc2ccccc2CN1,7.488907,O=C(Nc1cccc(-c2ccc(N(CC3CCN3)C(=O)C3CCN3)cc2)c1)[C@@H]1Cc2ccccc2CN1,6.538175
Brc1cc(CNc2ccc(-c3cccc(NCC4CCN4)c3)cc2NCC2CCN2)ccn1,7.168987,O=C(Nc1cccc(-c2ccc(NCc3ccnc(Br)c3)c(NCC3CCN3)c2)c1)C1CCN1,7.125022
c1cc2nc(C3CNC3)[nH]c2cc1CNc1ccc(-c2ccc3nc(C4CNC4)oc3c2)cc1,7.830465,O=C(Nc1ccc(-c2ccc3nc(C4CNC4)oc3c2)cc1)c1ccc2nc(C3CNC3)[nH]c2c1,5.173944
c1cc(CNc2ccnc3ccccc23)cc(-c2ccc3oc([C@@H]4CCCN4)nc3c2)c1,7.17848,O=C(Nc1ccnc2ccccc12)c1cccc(-c2ccc3oc([C@@H]4CCCN4)nc3c2)c1,7.427553
C[C@H](NCc1ccccc1CCl)c1ccccc1,3.89862,C[C@H](NC(=O)c1ccccc1CCl)c1ccccc1,4.384629
O=C(O)C1CN(Cc2ccc3oc(-c4ccc(CCl)cc4)nc3c2)C1,4.937463,O=C(O)C1CN(C(=O)c2ccc3oc(-c4ccc(CCl)cc4)nc3c2)C1,5.384776
N[C@@H](CNc1cc(-c2cccc(Nc3ccc4ccccc4n3)c2)n[nH]1)Cc1c[nH]c2ccccc12,4.961948,N[C@H](Cc1c[nH]c2ccccc12)C(=O)Nc1cc(-c2cccc(Nc3ccc4ccccc4n3)c2)n[nH]1,5.959857
C[C@@H](NCc1ccc(C#N)nc1)c1ccccc1,4.421904,C[C@@H](NC(=O)c1ccc(C#N)nc1)c1ccccc1,4.809696
Nc1ccc(-c2ccc(NCc3ccc(CO[C@H]4CN5CCC4CC5)cc3)cc2)cc1N,7.500652,Nc1ccc(-c2ccc(N)c(NC(=O)c3ccc(CO[C@H]4CN5CCC4CC5)cc3)c2)cc1,7.499058
O=C(Nc1cc(-c2ccc(NC[C@@H]3Cc4ccccc4CN3)cc2)n[nH]1)[C@H](Cc1ccc(O)cc1)NCC1CCN1,7.524237,O=C(N[C@@H](Cc1ccc(O)cc1)C(=O)Nc1cc(-c2ccc(NC[C@@H]3Cc4ccccc4CN3)cc2)n[nH]1)C1CCN1,7.58042
Nc1ccc(-c2cccc(NC[C@@H](N)c3ccccc3)c2)cc1,5.308914,Nc1ccc(-c2cccc(NC(=O)[C@@H](N)c3ccccc3)c2)cc1,6.15885
O=C(NC1CC1)c1ccccc1Cn1ccc2cccc(NCc3ccc4oc(C5CNC5)nc4c3)c21,7.841019,O=C(Nc1cccc2ccn(Cc3ccccc3C(=O)NC3CC3)c12)c1ccc2oc(C3CNC3)nc2c1,7.943592
Nc1cc(CN2CCC[C@H](C(=O)N3CCC[C@@H]3C(=O)O)C2)ccc1O,4.176361,Nc1cc(C(=O)N2CCC[C@H](C(=O)N3CCC[C@@H]3C(=O)O)C2)ccc1O,4.672365
c1cc(NCc2ccc(CO[C@H]3CN4CCC3CC4)cc2)cc(-c2ncccc2NC[C@@H]2Cc3ccccc3CN2)c1,7.913674,O=C(Nc1cccc(-c2ncccc2NC[C@@H]2Cc3ccccc3CN2)c1)c1ccc(CO[C@H]2CN3CCC2CC3)cc1,8.001147
O=C(Nc1cc(-c2cccnc2)ccc1NC(=O)[C@@H]1CCCN(C[C@@H]2Cc3ccccc3CN2)C1)C1CCNCC1,6.63039,O=C(Nc1cc(-c2cccnc2)ccc1NC(=O)[C@@H]1CCCN(C(=O)[C@@H]2Cc3ccccc3CN2)C1)C1CCNCC1,6.390277
Brc1ccc(NCC2CCNCC2)cc1,3.419425,O=C(Nc1ccc(Br)cc1)C1CCNCC1,5.584947
OB(O)c1cccc(NCc2ccc3oc([C@@H]4CCCN4)nc3c2)c1,5.118881,O=C(Nc1cccc(B(O)O)c1)c1ccc2oc([C@@H]3CCCN3)nc2c1,5.261493
Nc1ccc(Nc2cccc3cc[nH]c23)cc1NCc1cccnc1F,4.76959,Nc1cc(Nc2cccc3cc[nH]c23)ccc1NC(=O)c1cccnc1F,4.802415
c1ccc2c(N(Cc3ccc(-c4nnn(CC5CC5)n4)nc3)c3nc4ccccc4n3CC3CC3)ccnc2c1,7.946068,O=C(c1ccc(-c2nnn(CC3CC3)n2)nc1)N(c1ccnc2ccccc12)c1nc2ccccc2n1CC1CC1,7.648846
O=Cc1cncc(-c2cccc(NCc3cccc(-c4nc5cc(-c6nnn(CC7CC7)n6)ccc5o4)c3)c2)c1,7.530592,O=Cc1cncc(-c2cccc(NC(=O)c3cccc(-c4nc5cc(-c6nnn(CC7CC7)n6)ccc5o4)c3)c2)c1,7.416687
Nc1ccc(-c2cc(NCc3ccc4nc([C@@H]5CCCN5)oc4c3)[nH]n2)cc1,7.046616,Nc1cc(-c2ccc(NC(=O)c3ccc4nc([C@@H]5CCCN5)oc4c3)cc2)n[nH]1,6.954011
N#Cc1ccc(CN(Cc2ccccc2)Cc2cncc(-c3cn(CC4CC4)nn3)c2)cn1,6.813595,N#Cc1ccc(C(=O)N(Cc2ccccc2)Cc2cncc(-c3cn(CC4CC4)nn3)c2)cn1,6.97551
O=C(O)c1ccc(NCc2ccc3nc(C4CNC4)oc3c2)c(NC(=O)C2CNC2)c1,7.239155,O=C(O)c1ccc(NC(=O)c2ccc3nc(C4CNC4)oc3c2)c(NC(=O)C2CNC2)c1,5.626606
Nc1ccccc1CNc1ccc(-c2cccc(Nc3ccc4nc(C5CNC5)oc4c3)c2)cc1,7.183499,Nc1ccccc1C(=O)Nc1ccc(-c2cccc(Nc3ccc4nc(C5CNC5)oc4c3)c2)cc1,6.881135
O=Cc1cccc(-c2nc3cc(-c4cccc(NCc5ccc(CCl)cc5)c4)ccc3[nH]2)c1,5.992657,O=Cc1cccc(-c2nc3cc(-c4cccc(NC(=O)c5ccc(CCl)cc5)c4)ccc3[nH]2)c1,6.030383
N#Cc1ccc(NC(=O)C2CCNCC2)c(NCc2ccc(N)c(O)c2)c1,5.193009,N#Cc1ccc(NC(=O)C2CCNCC2)c(NC(=O)c2ccc(N)c(O)c2)c1,5.337917
N#Cc1ccc(CNc2cc(C(=O)N3CC(CO)C3)ccc2N)cn1,5.035583,N#Cc1ccc(C(=O)Nc2cc(C(=O)N3CC(CO)C3)ccc2N)cn1,5.149096
Brc1ccccc1CCNCc1ccc2nc(-c3ccc(CO[C@H]4CN5CCC4CC5)cc3)oc2c1,7.599458,O=C(NCCc1ccccc1Br)c1ccc2nc(-c3ccc(CO[C@H]4CN5CCC4CC5)cc3)oc2c1,7.7894
N[C@@H](CNCCc1cn(Cc2cccnc2)c2ccccc12)c1ccccc1,4.679468,N[C@@H](C(=O)NCCc1cn(Cc2cccnc2)c2ccccc12)c1ccccc1,5.721373
Nc1cccc(-c2ccc(NCc3ccc4oc(C5CNC5)nc4c3)c(O)c2)c1,7.07782,Nc1ccc(-c2cccc(NC(=O)c3ccc4oc(C5CNC5)nc4c3)c2)cc1O,7.079348
Nc1cc(CNc2ccc(C(=O)N3CC(C(=O)O)C3)cc2O)ccc1O,4.958245,Nc1cc(C(=O)Nc2ccc(C(=O)N3CC(C(=O)O)C3)cc2O)ccc1O,4.821748
O=C(NCCc1c[nH]c2ccccc12)C1CN(Cc2ccc3nc([C@@H]4CCCN4)oc3c2)C1,7.215219,O=C(NCCc1c[nH]c2ccccc12)C1CN(C(=O)c2ccc3nc([C@@H]4CCCN4)oc3c2)C1,7.468455
CC1(C)OB(c2ccc(NC[C@H]3CCCNC3)nc2)OC1(C)C,4.067043,CC1(C)OB(c2ccc(NC(=O)[C@H]3CCCNC3)nc2)OC1(C)C,4.747677
O=C(Nc1ccc(-c2cc(NC[C@@H]3Cc4ccccc4CN3)[nH]n2)cc1)[C@@H]1CCCN1C[C@@H]1Cc2ccccc2CN1,7.966695,O=C(Nc1ccc(-c2cc(N(C[C@@H]3Cc4ccccc4CN3)C(=O)[C@@H]3Cc4ccccc4CN3)[nH]n2)cc1)[C@@H]1CCCN1,7.547166
Nc1cc(CNc2ccc(CNc3ccccn3)cc2O)ccc1O,4.978231,Nc1cc(C(=O)Nc2ccc(CNc3ccccn3)cc2O)ccc1O,5.134883
O=C(Nc1cc(CN(CC2CNC2)C23CC(C2)C3)ccc1O)c1ccc(Nc2ccc3ccccc3n2)c(O)c1,6.650477,O=C(Nc1cc(CN(C(=O)C2CNC2)C23CC(C2)C3)ccc1O)c1ccc(Nc2ccc3ccccc3n2)c(O)c1,6.805469
N#Cc1ccc2nc(-c3ccccc3NCc3ccccc3CO[C@H]3CN4CCC3CC4)[nH]c2c1,7.122633,N#Cc1ccc2nc(-c3ccccc3NC(=O)c3ccccc3CO[C@H]3CN4CCC3CC4)[nH]c2c1,6.994186
N#Cc1cccc(-c2cc(NC[C@H]3CCCN3C(=O)C3CNC3)[nH]n2)c1,7.273362,N#Cc1cccc(-c2cc(NC(=O)[C@H]3CCCN3C(=O)C3CNC3)[nH]n2)c1,7.01085
O=C(O)[C@@H](Cc1c[nH]c2ccccc12)NCC1CNC1,3.834958,O=C(N[C@H](Cc1c[nH]c2ccccc12)C(=O)O)C1CNC1,5.187992
C[C@@H](NCc1ccc(O)c(N)c1)C(=O)O,2.829614,C[C@@H](N)C(=O)Nc1cc(C(=O)O)ccc1O,3.099852
O=C(O)C1CN(Cc2ccc(Cn3nnnc3-c3ccc4nc(-c5ccc(CO[C@H]6CN7CCC6CC7)cc5)[nH]c4c3)cc2)C1,7.11149,O=C(O)C1CN(C(=O)c2ccc(Cn3nnnc3-c3ccc4nc(-c5ccc(CO[C@H]6CN7CCC6CC7)cc5)[nH]c4c3)cc2)C1,7.421555
Nc1ccc(N2CCC(C(=O)O)CC2)cc1NCc1cccc(-c2ccc3oc(C4CCN4)nc3c2)c1,6.610738,Nc1cc(N2CCC(C(=O)O)CC2)ccc1NC(=O)c1cccc(-c2ccc3oc(C4CCN4)nc3c2)c1,6.622534
Nc1cccc(-c2cccc(-c3nc4cc(CNC56CC(C5)C6)ccc4[nH]3)c2)c1O,6.955951,Nc1cccc(-c2cccc(-c3nc4cc(C(=O)NC56CC(C5)C6)ccc4[nH]3)c2)c1O,6.657486
C[C@@H](Nc1ccc(NCc2ccc3nc(-c4ccc(C(=O)NC5CC5)cc4)oc3c2)cc1)c1ccccc1,7.902614,C[C@@H](Nc1ccc(NC(=O)c2ccc3nc(-c4ccc(C(=O)NC5CC5)cc4)oc3c2)cc1)c1ccccc1,7.692052
CC(=O)c1cccc(-c2ccc(NCc3ccc(C=O)cc3)c(N)c2)c1,4.788654,CC(=O)c1cccc(-c2ccc(N)c(NC(=O)c3ccc(C=O)cc3)c2)c1,5.016222
C#CCNc1ccc(NC[C@@H]2Cc3ccccc3CN2)c(N)c1,5.634006,C#CCNc1ccc(N)c(NC(=O)[C@@H]2Cc3ccccc3CN2)c1,5.90859
Nc1ccccc1CN1CCC[C@@H]1C(=O)O,2.907267,Nc1ccccc1C(=O)N1CCC[C@@H]1C(=O)O,3.101118
c1cc2nc(C3CNC3)[nH]c2cc1CNCc1nc2cc(-c3nnn(CC4CC4)n3)ccc2o1,8.063609,O=C(NCc1nc2cc(-c3nnn(CC4CC4)n3)ccc2o1)c1ccc2nc(C3CNC3)[nH]c2c1,8.231766
O=C(O)c1ccccc1NCc1ccc2oc(-c3ccc(COCC4CNC4)cc3)nc2c1,6.845018,O=C(Nc1ccccc1C(=O)O)c1ccc2oc(-c3ccc(COCC4CNC4)cc3)nc2c1,6.991403
O=C(Nc1cccc2cc[nH]c12)c1cccc(-c2ccccc2CCNCc2ccc3nc(C4CNC4)oc3c2)c1,7.493009,O=C(NCCc1ccccc1-c1cccc(C(=O)Nc2cccc3cc[nH]c23)c1)c1ccc2nc(C3CNC3)oc2c1,7.651411
COc1ccccc1CNC(=O)[C@H]1CCCN1Cc1cnccc1NCc1ccc(CO[C@H]2CN3CCC2CC3)cc1,7.433398,COc1ccccc1CNC(=O)[C@H]1CCCN1Cc1cnccc1NC(=O)c1ccc(CO[C@H]2CN3CCC2CC3)cc1,7.424917
Cc1cc(Br)cnc1NCc1ccccc1CCl,3.546104,Cc1cc(Br)cnc1NC(=O)c1ccccc1CCl,3.528132
Nc1ccc(CN2CCNCC2)cc1NCc1ccc2oc(C3CCNCC3)nc2c1,5.98072,Nc1ccc(C(=O)N2CCNCC2)cc1NCc1ccc2oc(C3CCNCC3)nc2c1,6.636797
c1cc(CN(CC2CNC2)C23CC(C2)C3)cc(-c2nc3cc(-c4nnn(CC5CC5)n4)ccc3o2)c1,7.23051,O=C(C1CNC1)N(Cc1cccc(-c2nc3cc(-c4nnn(CC5CC5)n4)ccc3o2)c1)C12CC(C1)C2,4.58894
O=C(Nc1ccc(-c2ccc(NCC3CNC3)cc2)cc1)C1CN(C[C@@H]2Cc3ccccc3CN2)C1,7.472399,O=C(Nc1ccc(-c2ccc(NC(=O)C3CN(C[C@@H]4Cc5ccccc5CN4)C3)cc2)cc1)C1CNC1,7.275586
O=C(NC1CC1)c1ccc2nc(-c3ccc(CNc4ccc(-c5c[nH]cn5)cc4)cc3)oc2c1,7.519705,O=C(Nc1ccc(-c2c[nH]cn2)cc1)c1ccc(-c2nc3ccc(C(=O)NC4CC4)cc3o2)cc1,7.142884
OB(O)c1cccc(NC[C@@H](Cc2c[nH]c3ccccc23)NCC2CCN2)c1,4.748314,O=C(N[C@@H](CNc1cccc(B(O)O)c1)Cc1c[nH]c2ccccc12)C1CCN1,4.782722
C#CCNc1cccc(NC[C@@H]2Cc3ccccc3CN2)c1O,5.413794,C#CCNc1cccc(NC(=O)[C@@H]2Cc3ccccc3CN2)c1O,5.774566
O=Cc1c[nH]c2cc(-c3cccc(NC[C@@H]4Cc5ccccc5CN4)c3)ccc12,6.674731,O=Cc1c[nH]c2cc(-c3cccc(NC(=O)[C@@H]4Cc5ccccc5CN4)c3)ccc12,6.93608
O=C(NCc1c[nH]c2ccccc12)C1CCN(c2ccc(NCc3ccc4nc(C5CNC5)oc4c3)cc2)CC1,7.93157,O=C(Nc1ccc(N2CCC(C(=O)NCc3c[nH]c4ccccc34)CC2)cc1)c1ccc2nc(C3CNC3)oc2c1,7.824129
Brc1ccc(NCc2cccc(-c3cn(CC4CC4)cn3)c2)cc1,7.04132,O=C(Nc1ccc(Br)cc1)c1cccc(-c2cn(CC3CC3)cn2)c1,7.280465
N#Cc1ccc(CNc2ccc(-c3cccc(NC(=O)C4CCNCC4)c3)cc2)cn1,7.179957,N#Cc1ccc(C(=O)Nc2ccc(-c3cccc(NC(=O)C4CCNCC4)c3)cc2)cn1,7.149956
O=C1CN(Cc2ccc3nc(-c4ccc5nc(-c6ccncc6)oc5c4)oc3c2)C1,6.068321,O=C1CN(C(=O)c2ccc3nc(-c4ccc5nc(-c6ccncc6)oc5c4)oc3c2)C1,6.254456
O=Cc1ccc(CN2CCC(C(=O)O)CC2)cc1,3.747326,O=Cc1ccc(C(=O)N2CCC(C(=O)O)CC2)cc1,3.936548
O=Cc1ccc(CNCc2nc3cc(-c4nnn(CC5CC5)n4)ccc3o2)cc1,6.608236,O=Cc1ccc(C(=O)NCc2nc3cc(-c4nnn(CC5CC5)n4)ccc3o2)cc1,7.106685
Oc1ccc(C2=NCCc3ccccc32)cc1N(Cc1ccc(-c2nnn(CC3CC3)n2)nc1)C[C@@H]1Cc2ccccc2CN1,7.619951,O=C([C@@H]1Cc2ccccc2CN1)N(Cc1ccc(-c2nnn(CC3CC3)n2)nc1)c1cc(C2=NCCc3ccccc32)ccc1O,7.514498
O=Cc1cccc(CNc2cc(Br)ccc2O)c1,3.584635,O=Cc1cccc(C(=O)Nc2cc(Br)ccc2O)c1,3.743908
c1ccc([C@H](CNC23CC(C2)C3)NCc2ccc(-c3ccc4nc([C@@H]5CCCN5)[nH]c4c3)cc2)cc1,7.230011,O=C(NC12CC(C1)C2)[C@H](NCc1ccc(-c2ccc3nc([C@@H]4CCCN4)[nH]c3c2)cc1)c1ccccc1,7.332047
C#CCNc1ccc(NCc2ccc(C=O)cc2)cc1,4.468126,C#CCNc1ccc(NC(=O)c2ccc(C=O)cc2)cc1,5.003816
Cc1cc(-c2cccc(NCC3CCN3)c2)cnc1NCc1ccc(O)c(N)c1,6.656016,Cc1cc(-c2cccc(NCC3CCN3)c2)cnc1NC(=O)c1ccc(O)c(N)c1,6.754917
N#Cc1ccc(CNc2cc(Nc3ccnc4ccccc34)ccc2N)cn1,5.145332,N#Cc1ccc(C(=O)Nc2cc(Nc3ccnc4ccccc34)ccc2N)cn1,5.486652
Nc1ccc(CN2CC(c3nc4c(CNc5n[nH]cc5-c5cccnc5)cccc4o3)C2)cc1N,5.893798,Nc1ccc(C(=O)N(Cc2cccc3oc(C4CNC4)nc23)c2n[nH]cc2-c2cccnc2)cc1N,6.384517
Fc1ccc(-c2nc3cc(CNc4cccc5cc[nH]c45)ccc3o2)cc1,5.768832,O=C(Nc1cccc2cc[nH]c12)c1ccc2oc(-c3ccc(F)cc3)nc2c1,6.036209
O=C(Nc1cccc(-c2ccc3oc(C4CCN4)nc3c2)c1)C1CN(C[C@@H]2Cc3ccccc3CN2)C1,7.8065,O=C(Nc1cccc(-c2ccc3oc(C4CCN4)nc3c2)c1)C1CN(C(=O)[C@@H]2Cc3ccccc3CN2)C1,6.652784
O=C(NC1CC1)c1cccc(-c2nc3ccc(-c4cccc(NC[C@@H]5Cc6ccccc6CN5)c4)cc3[nH]2)c1,8.194358,O=C(NC1CC1)c1cccc(-c2nc3ccc(-c4cccc(NC(=O)[C@@H]5Cc6ccccc6CN5)c4)cc3[nH]2)c1,7.948668
N#Cc1ccc(N)c(NCc2ccc(O)c(N)c2)c1,3.841472,N#Cc1ccc(N)c(NC(=O)c2ccc(O)c(N)c2)c1,3.859656
Nc1ccc(CNc2ccc(CN3CC(C(=O)O)C3)cc2O)cc1O,4.420653,Nc1ccc(C(=O)Nc2ccc(CN3CC(C(=O)O)C3)cc2O)cc1O,4.375573
C#CCNCCN,0.827591,C#CCNC(=O)CN,0.60903
Nc1c(O)cccc1CNc1cc(C(=O)O)ccc1O,4.089627,Nc1c(O)cccc1C(=O)Nc1cc(C(=O)O)ccc1O,3.647057
Nc1ccc(CNc2ccc(-c3ccc(O)c(NC(=O)C4CN(C(=O)C5CNC5)C4)c3)cc2)cc1O,6.755272,Nc1ccc(C(=O)Nc2ccc(-c3ccc(O)c(NC(=O)C4CN(C(=O)C5CNC5)C4)c3)cc2)cc1O,6.184468
c1ccc2c(c1)CN[C@H](CN1CCC(CNCCc3cn(CC4CC4)c4ccccc34)CC1)C2,7.506454,O=C(NCCc1cn(CC2CC2)c2ccccc12)C1CCN(C[C@@H]2Cc3ccccc3CN2)CC1,7.708401
N#Cc1ccccc1Cn1nnnc1-c1ccc(NC2CCNC2)c(NCc2ccc(CO[C@H]3CN4CCC3CC4)cc2)c1,6.969043,N#Cc1ccccc1Cn1nnnc1-c1ccc(NC2CCNC2)c(NC(=O)c2ccc(CO[C@H]3CN4CCC3CC4)cc2)c1,6.764439
Fc1nc(NCc2ccc(CO[C@H]3CN4CCC3CC4)cc2)c2nc[nH]c2n1,7.075467,O=C(Nc1nc(F)nc2[nH]cnc12)c1ccc(CO[C@H]2CN3CCC2CC3)cc1,7.439473
O=C(Nc1ccc(-c2cccc(-c3nc4cc(CNC56CC(C5)C6)ccc4o3)c2)cc1)Nc1ccnc2ccccc12,8.008442,O=C(Nc1ccc(-c2cccc(-c3nc4cc(C(=O)NC56CC(C5)C6)ccc4o3)c2)cc1)Nc1ccnc2ccccc12,7.729661
O=C(Nc1cccc(-c2cccc(-c3nnn(CC4CC4)n3)c2)c1O)C1(NC[C@@H]2Cc3ccccc3CN2)CCC1,7.818828,O=C(NC1(C(=O)Nc2cccc(-c3cccc(-c4nnn(CC5CC5)n4)c3)c2O)CCC1)[C@@H]1Cc2ccccc2CN1,7.770073
O=C(O)c1ccc(CNc2cc(C(=O)O)ccc2NCc2ccc3nc(C4CNC4)[nH]c3c2)cc1,6.190157,O=C(O)c1ccc(CNc2cc(C(=O)O)ccc2NC(=O)c2ccc3nc(C4CNC4)[nH]c3c2)cc1,6.262469
OB(O)c1ccc(-c2nc3ccc(CNC45CC(C4)C5)cc3o2)cc1,5.733144,O=C(NC12CC(C1)C2)c1ccc2nc(-c3ccc(B(O)O)cc3)oc2c1,5.613292
c1ccc2c(NCc3ccc4nc(-c5ccc6oc(C7CNC7)nc6c5)[nH]c4c3)ccnc2c1,7.438679,O=C(Nc1ccnc2ccccc12)c1ccc2nc(-c3ccc4oc(C5CNC5)nc4c3)[nH]c2c1,7.639551
Nc1ccc(-c2ccc3c(-c4nc5ccc(CNCc6ccccc6)cc5o4)c[nH]c3c2)cc1,6.586452,Nc1ccc(-c2ccc3c(-c4nc5ccc(C(=O)NCc6ccccc6)cc5o4)c[nH]c3c2)cc1,6.854586
O=C(NCc1c[nH]c2ccccc12)C1CCN(c2ccc(NCC3CNC3)c(NCC3CCN3)c2)CC1,7.291054,O=C(NCc1c[nH]c2ccccc12)C1CCN(c2ccc(NC(=O)C3CNC3)c(NCC3CCN3)c2)CC1,6.64695
Cc1cc(-c2cccc(NCc3ccc(-c4nnn(CC5CC5)n4)nc3)c2)cnc1Nc1ccc(C(=O)O)cc1,7.294433,Cc1cc(-c2cccc(NC(=O)c3ccc(-c4nnn(CC5CC5)n4)nc3)c2)cnc1Nc1ccc(C(=O)O)cc1,7.1704
O=Cc1ccc(C(=O)N(Cc2ccccc2NCC2CCN2)c2cccc3cc[nH]c23)cc1,5.706771,O=Cc1ccc(C(=O)N(Cc2ccccc2NC(=O)C2CCN2)c2cccc3cc[nH]c23)cc1,6.091555
N#Cc1ccc(NC[C@H](Cc2ccccc2)NCc2cn(CC3CC3)c3ccccc23)c(N)c1,5.770863,N#Cc1ccc(N)c(NC(=O)[C@H](Cc2ccccc2)NCc2cn(CC3CC3)c3ccccc23)c1,5.858501
O=C1CCN(Cc2ccc(NCc3ccc(CO[C@H]4CN5CCC4CC5)cc3)c(NC(=O)NCCc3c[nH]c4ccccc34)c2)C1,7.042483,O=C1CCN(Cc2ccc(NC(=O)c3ccc(CO[C@H]4CN5CCC4CC5)cc3)c(NC(=O)NCCc3c[nH]c4ccccc34)c2)C1,7.008724
C[C@H](NCc1cccc(F)n1)c1ccccc1,4.082082,C[C@H](NC(=O)c1cccc(F)n1)c1ccccc1,4.642303
Nc1cc(CNc2cccc(-c3cc(NC[C@@H]4Cc5ccccc5CN4)[nH]n3)c2)ccc1O,7.010063,Nc1cc(-c2cccc(NCc3ccc(O)c(NC(=O)[C@@H]4Cc5ccccc5CN4)c3)c2)n[nH]1,6.740339
Nc1ccc(CNc2cccc3ccn(Cc4ccc(C(=O)O)cc4)c23)cc1N,4.644475,Nc1cc(C(=O)O)ccc1NC(=O)c1ccc(Cn2ccc3cccc(N)c32)cc1,4.92575
N#Cc1ccc(CNc2ccc(Br)cc2O)cn1,3.879477,N#Cc1ccc(C(=O)Nc2ccc(Br)cc2O)cn1,4.024255
C[C@H](c1ccccc1)N(Cc1ccc(-c2nc3cc(C(=O)NC4CC4)ccc3o2)cc1)C[C@@H]1Cc2ccccc2CN1,7.631444,C[C@H](c1ccccc1)N(Cc1ccc(-c2nc3cc(C(=O)NC4CC4)ccc3o2)cc1)C(=O)[C@@H]1Cc2ccccc2CN1,7.698302
ClCc1ccc(CNc2ccc(-c3cccc4nc(C5CCNCC5)oc34)cc2)cc1,6.625164,O=C(Nc1ccc(-c2cccc3nc(C4CCNCC4)oc23)cc1)c1ccc(CCl)cc1,6.691874
Brc1cc(NCc2cccc(-c3ccc4nc(C5CNC5)oc4c3)c2)[nH]n1,7.134925,O=C(Nc1cc(Br)n[nH]1)c1cccc(-c2ccc3nc(C4CNC4)oc3c2)c1,7.045959
N#Cc1ccc(CNc2cc(-c3cccc(N)c3)n[nH]2)cn1,5.066499,N#Cc1ccc(C(=O)Nc2cc(-c3cccc(N)c3)n[nH]2)cn1,5.601981
c1cncc(-c2ccc(NCc3cccc(-c4ccc5nc(C6CNC6)[nH]c5c4)c3)cc2)c1,7.957077,O=C(Nc1ccc(-c2cccnc2)cc1)c1cccc(-c2ccc3nc(C4CNC4)[nH]c3c2)c1,7.501356
O=C1CCN(C(=O)c2ccc(NCc3ccc4oc(C5CNC5)nc4c3)c(O)c2)C1,6.490631,O=C1CCN(C(=O)c2ccc(NC(=O)c3ccc4oc(C5CNC5)nc4c3)c(O)c2)C1,6.318702
Nc1ccc(-c2cccc(NCc3ccc(CCl)cc3)c2)cc1NC(=O)[C@@H]1Cc2ccccc2CN1,6.919257,Nc1ccc(-c2cccc(NC(=O)c3ccc(CCl)cc3)c2)cc1NC(=O)[C@@H]1Cc2ccccc2CN1,7.114918
Oc1cc(Br)ccc1NCC1CNC1,4.344512,O=C(Nc1ccc(Br)cc1O)C1CNC1,5.327855
C[C@@H](O)[C@H](N)CN1CC(CO)C1,0.970279,C[C@@H](O)[C@H](N)C(=O)N1CC(CO)C1,1.723194
C[C@H](NCc1ccc2oc(-c3ccc4[nH]c(C5CNC5)nc4c3)nc2c1)c1ccccc1,7.557929,C[C@H](NC(=O)c1ccc2oc(-c3ccc4[nH]c(C5CNC5)nc4c3)nc2c1)c1ccccc1,7.45846
N#Cc1ccc(CNc2ccc(-c3ccc(NC(=O)[C@H]4CCCN4)cc3)cc2)cn1,7.052982,N#Cc1ccc(C(=O)Nc2ccc(-c3ccc(NC(=O)[C@H]4CCCN4)cc3)cc2)cn1,7.055815
Cc1cc(-c2ccc(N)cc2)cnc1NCc1ccc2oc(C3CNC3)nc2c1,7.322006,Cc1cc(-c2ccc(N)cc2)cnc1NC(=O)c1ccc2oc(C3CNC3)nc2c1,6.831067
c1ccc2c(c1)CN[C@H](CNc1cccnc1-c1ccc(-c3nnn(Cc4ccc(C5=NCCc6ccccc65)cc4)n3)s1)C2,7.554314,O=C(Nc1cccnc1-c1ccc(-c2nnn(Cc3ccc(C4=NCCc5ccccc54)cc3)n2)s1)[C@@H]1Cc2ccccc2CN1,7.257096
O=C([C@@H]1Cc2ccccc2CN1)N1CC(CNc2cccc(-c3cn(CC4CC4)cn3)c2)C1,7.959063,O=C(Nc1cccc(-c2cn(CC3CC3)cn2)c1)C1CN(C(=O)[C@@H]2Cc3ccccc3CN2)C1,7.607194
Cc1cc(Br)cnc1NCc1ccc(N)c(N)c1,3.504762,Cc1cc(Br)cnc1NC(=O)c1ccc(N)c(N)c1,3.637154
c1cc(NCC2CNC2)cc(-c2cn(Cc3cccc(-c4nnn(CC5CC5)n4)c3)cn2)c1,7.946098,O=C(Nc1cccc(-c2cn(Cc3cccc(-c4nnn(CC5CC5)n4)c3)cn2)c1)C1CNC1,8.087598
C[C@H](NCc1ccc(C#N)nc1)c1ccccc1,4.421904,C[C@H](NC(=O)c1ccc(C#N)nc1)c1ccccc1,4.809696
c1cc(-c2nc3cc(-c4nnn(CC5CC5)n4)ccc3o2)ccc1CN1CCC(CNC23CC(C2)C3)CC1,7.816895,O=C(NC12CC(C1)C2)C1CCN(Cc2ccc(-c3nc4cc(-c5nnn(CC6CC6)n5)ccc4o3)cc2)CC1,7.925724
c1cnc(-c2ccc(NCC3CNC3)cc2)c(NCc2cn(CC3CC3)c3ccccc23)c1,7.6105,O=C(Nc1ccc(-c2ncccc2NCc2cn(CC3CC3)c3ccccc23)cc1)C1CNC1,7.75512
O=C(O)c1ccc(NCc2cccc(F)n2)c(O)c1,4.109775,O=C(O)c1ccc(NC(=O)c2cccc(F)n2)c(O)c1,3.557082
O=Cc1ccnc(-c2ccc(F)c(CNCCc3cn(CC4CC4)c4ccccc34)c2)c1,6.494496,O=Cc1ccnc(-c2ccc(F)c(C(=O)NCCc3cn(CC4CC4)c4ccccc34)c2)c1,6.774725
O=C(O)c1ccc(NC2CCNC2)c(NCc2ccc(CCl)cc2)c1,4.526937,O=C(O)c1ccc(NC2CCNC2)c(NC(=O)c2ccc(CCl)cc2)c1,4.671597
N#Cc1ccc(CN2CCC(=O)C2)cn1,3.316664,N#Cc1ccc(C(=O)N2CCC(=O)C2)cn1,3.457386
Nc1cc(CNc2ccccc2C(=O)NCc2ccccc2)ccc1O,5.042875,Nc1cc(C(=O)Nc2ccccc2C(=O)NCc2ccccc2)ccc1O,5.443405
c1ccc2c(N(Cc3ccc(-c4nnn(CC5CC5)n4)nc3)CC3CNC3)ccnc2c1,7.619981,O=C(C1CNC1)N(Cc1ccc(-c2nnn(CC3CC3)n2)nc1)c1ccnc2ccccc12,8.013207
c1ccc(NCC2CNC2)nc1,4.487818,O=C(Nc1ccccn1)C1CNC1,6.676711
Fc1ncc(-c2ccc(NCc3ccc4[nH]c(C5CNC5)nc4c3)cc2)cn1,7.804303,O=C(Nc1ccc(-c2cnc(F)nc2)cc1)c1ccc2[nH]c(C3CNC3)nc2c1,7.261063
Nc1cc(CN2CCC[C@H](C(=O)O)C2)ccc1O,3.302362,Nc1cc(C(=O)N2CCC[C@H](C(=O)O)C2)ccc1O,3.761067
Brc1ccc(NCC2CCN2)cc1,5.556608,O=C(Nc1ccc(Br)cc1)C1CCN1,6.159767
Cc1cc(-c2ccc(NC[C@@H]3CCCN(C(=O)c4ccc(CCl)cc4)C3)cc2)cnc1N,5.663947,Cc1cc(-c2ccc(N)cc2)cnc1NC(=O)[C@@H]1CCCN(C(=O)c2ccc(CCl)cc2)C1,6.250384
N#Cc1ccc2oc(-c3ccc(CNc4ccc(B(O)O)cc4)cc3)nc2c1,4.964267,N#Cc1ccc2oc(-c3ccc(C(=O)Nc4ccc(B(O)O)cc4)cc3)nc2c1,5.270717
N#Cc1ccc(CN[C@H](C(=O)Nc2ccc(-c3cccc(C=O)c3)cc2)c2ccccc2)cn1,5.866429,N#Cc1ccc(C(=O)N[C@H](C(=O)Nc2ccc(-c3cccc(C=O)c3)cc2)c2ccccc2)cn1,5.847261
NCc1nc2cc(-c3nnn(Cc4ccc(CNc5ccccc5C(=O)O)cc4)n3)ccc2o1,5.362726,NCc1nc2cc(-c3nnn(Cc4ccc(C(=O)Nc5ccccc5C(=O)O)cc4)n3)ccc2o1,5.4302
c1cc(-c2nnnn2CC2CC2)ccc1Cn1nnnc1-c1ccc2oc(C3CN(CC4CCN4)C3)nc2c1,6.953676,O=C(C1CCN1)N1CC(c2nc3cc(-c4nnnn4Cc4ccc(-c5nnnn5CC5CC5)cc4)ccc3o2)C1,7.563812
c1ccc(NC2CN(C[C@@H]3Cc4ccccc4CN3)C2)nc1,6.129456,O=C([C@@H]1Cc2ccccc2CN1)N(c1ccccn1)C1CNC1,6.619206
O=C(O)c1ccc(O)c(NC(=O)c2ccccc2Nc2ncccc2CNC23CC(C2)C3)c1,5.65826,O=C(NC12CC(C1)C2)c1ccc(O)c(NC(=O)c2ccccc2Nc2ncccc2C(=O)O)c1,6.011388
O=C(O)c1ccc2nc([C@H](Cc3c[nH]c4ccccc34)NCc3ccc(CO[C@H]4CN5CCC4CC5)cc3)oc2c1,6.851476,O=C(O)c1ccc2nc([C@H](Cc3c[nH]c4ccccc34)NC(=O)c3ccc(CO[C@H]4CN5CCC4CC5)cc3)oc2c1,6.882767
C[C@@H](NCC1CN(C(=O)c2ccc(Cn3nnnc3-c3cccc(CBr)c3)cc2)C1)c1ccccc1,5.839472,C[C@@H](NC(=O)C1CN(C(=O)c2ccc(Cn3nnnc3-c3cccc(CBr)c3)cc2)C1)c1ccccc1,6.338573
O=C(NCCc1c[nH]c2ccccc12)C1(NC[C@H](NC[C@@H]2Cc3ccccc3CN2)c2ccccc2)CCC1,6.91292,O=C(N[C@@H](CNC1(C(=O)NCCc2c[nH]c3ccccc23)CCC1)c1ccccc1)[C@@H]1Cc2ccccc2CN1,7.045238
OB(O)c1ccc(NCc2ccccn2)cc1,3.279193,O=C(Nc1ccc(B(O)O)cc1)c1ccccn1,3.592083
Nc1c(O)cccc1CNc1ccc(C(=O)NC2CC2)cc1O,5.955505,Nc1c(O)cccc1C(=O)Nc1ccc(C(=O)NC2CC2)cc1O,5.485577
c1ccc2c(c1)CN[C@H](CNc1n[nH]cc1-c1ccc(-c3nnn(CC4CC4)n3)s1)C2,7.701727,O=C(Nc1n[nH]cc1-c1ccc(-c2nnn(CC3CC3)n2)s1)[C@@H]1Cc2ccccc2CN1,7.605146
O=C(Nc1ccc(-c2ccc(NC[C@@H]3Cc4ccccc4CN3)cc2)cc1)[C@@H]1Cc2ccccc2CN1,7.607882,O=C(Nc1ccc(-c2ccc(NC(=O)[C@@H]3Cc4ccccc4CN3)cc2)cc1)[C@@H]1Cc2ccccc2CN1,7.361305
Oc1ccc(CNc2ccc(-c3cccc(-c4nnn(CC5CC5)n4)c3)cc2)cc1NC1CCNC1,7.513737,O=C(Nc1ccc(-c2cccc(-c3nnn(CC4CC4)n3)c2)cc1)c1ccc(O)c(NC2CCNC2)c1,7.351688
Nc1ccccc1-c1nc2cc(CNCCc3c[nH]c4ccccc34)ccc2o1,5.599668,Nc1ccccc1-c1nc2cc(C(=O)NCCc3c[nH]c4ccccc34)ccc2o1,6.008379
N#Cc1ccc(CNC23CC(C2)C3)cn1,5.320318,N#Cc1ccc(C(=O)NC23CC(C2)C3)cn1,5.126898
O=C(Nc1ccc(-c2cccc(-c3nnn(CC4CC4)n3)c2)cc1)[C@@H](NC[C@@H]1Cc2ccccc2CN1)c1ccccc1,7.808713,O=C(N[C@H](C(=O)Nc1ccc(-c2cccc(-c3nnn(CC4CC4)n3)c2)cc1)c1ccccc1)[C@@H]1Cc2ccccc2CN1,7.692269
Nc1cc(C(=O)O)ccc1NCc1ccc2nc(-c3ccc4nc(C5CCN5)[nH]c4c3)oc2c1,6.942225,Nc1cc(C(=O)O)ccc1NC(=O)c1ccc2nc(-c3ccc4nc(C5CCN5)[nH]c4c3)oc2c1,6.478033
O=Cc1cnccc1NC(=O)c1ccccc1NCc1ccc(-c2nnn(CC3CC3)n2)nc1,6.846168,O=Cc1cnccc1NC(=O)c1ccccc1NC(=O)c1ccc(-c2nnn(CC3CC3)n2)nc1,6.888575
O=C(Nc1cc(-c2cccc(NCc3cnccc3NC[C@@H]3Cc4ccccc4CN3)c2)n[nH]1)C1CNC1,8.000176,O=C(Nc1cc(-c2cccc(NCc3cnccc3NC(=O)[C@@H]3Cc4ccccc4CN3)c2)n[nH]1)C1CNC1,7.887655
O=C(O)C1CCN(Cc2cccc(-c3cccc(NC[C@@H]4Cc5ccccc5CN4)c3)c2)CC1,6.629822,O=C(O)C1CCN(Cc2cccc(-c3cccc(NC(=O)[C@@H]4Cc5ccccc5CN4)c3)c2)CC1,6.807001
CC1(C)OB(c2ccc(NCc3ccccc3NCc3ccc4oc(C5CNC5)nc4c3)nc2)OC1(C)C,5.903597,CC1(C)OB(c2ccc(NCc3ccccc3NC(=O)c3ccc4oc(C5CNC5)nc4c3)nc2)OC1(C)C,6.181945
Nc1cc(CN2CCC(=O)C2)ccc1O,3.1958,Nc1cc(C(=O)N2CCC(=O)C2)ccc1O,3.504148
O=C(Nc1ccccc1)N1CCC(CNc2ccc(-c3cccc(-c4nnn(CC5CC5)n4)c3)cc2)CC1,7.873312,O=C(Nc1ccc(-c2cccc(-c3nnn(CC4CC4)n3)c2)cc1)C1CCN(C(=O)Nc2ccccc2)CC1,7.463528
Nc1cc(CNc2ccc(N3CC(C(=O)O)C3)cc2N)ccc1O,4.75509,Nc1cc(C(=O)Nc2cc(N3CC(C(=O)O)C3)ccc2N)ccc1O,4.775852
O=C(O)C1CCN(Cc2c[nH]c3cc(-c4cccc(NCc5ccc(-c6nnn(CC7CC7)n6)nc5)c4)ccc23)CC1,7.0717,O=C(Nc1cccc(-c2ccc3c(CN4CCC(C(=O)O)CC4)c[nH]c3c2)c1)c1ccc(-c2nnn(CC3CC3)n2)nc1,7.155865
O=C(NCCc1c[nH]c2ccccc12)Nc1ccc(-c2ccc(NCc3ccccc3NCC3CNC3)cc2)cc1,7.332124,O=C(NCCc1c[nH]c2ccccc12)Nc1ccc(-c2ccc(NCc3ccccc3NC(=O)C3CNC3)cc2)cc1,7.471078
O=Cc1cccc(-c2cccc(NC(=O)[C@@H](NCc3ccc4oc(C5CNC5)nc4c3)c3ccccc3)c2)c1,7.283223,O=Cc1cccc(-c2cccc(NC(=O)[C@@H](NC(=O)c3ccc4oc(C5CNC5)nc4c3)c3ccccc3)c2)c1,6.947829
O=C(NCc1c[nH]c2ccccc12)Nc1ccccc1CN(C[C@@H]1Cc2ccccc2CN1)c1ccc(-c2c[nH]cn2)cc1,6.5753,O=C(NCc1c[nH]c2ccccc12)Nc1ccccc1CN(C(=O)[C@@H]1Cc2ccccc2CN1)c1ccc(-c2c[nH]cn2)cc1,6.582546
c1cncc(CNCCc2c[nH]c3ccccc23)c1,4.409567,O=C(NCCc1c[nH]c2ccccc12)c1cccnc1,4.686658
O=C(Nc1nc(F)nc2c1ncn2CC1CC1)[C@@H]1Cc2ccccc2CN1Cc1ccc(-c2nnn(CC3CC3)n2)nc1,7.688988,O=C(Nc1nc(F)nc2c1ncn2CC1CC1)[C@@H]1Cc2ccccc2CN1C(=O)c1ccc(-c2nnn(CC3CC3)n2)nc1,7.024293
O=C(O)C1(NC[C@@H]2Cc3ccccc3CN2)CCC1,4.822858,O=C(NC1(C(=O)O)CCC1)[C@@H]1Cc2ccccc2CN1,5.993547
OB(O)c1ccc(NCc2cccnc2F)cc1,3.419141,O=C(Nc1ccc(B(O)O)cc1)c1cccnc1F,3.62146
O=C(Nc1cccnc1-c1cccnc1)c1ccccc1NCC1CNC1,6.279659,O=C(Nc1cccnc1-c1cccnc1)c1ccccc1NC(=O)C1CNC1,6.871426
O=C(NCCc1ccccc1)c1cccc(N(Cc2cn(CC3CC3)c3ccccc23)CC2CNC2)n1,7.437407,O=C(NCCc1ccccc1)c1cccc(N(Cc2cn(CC3CC3)c3ccccc23)C(=O)C2CNC2)n1,7.65588
Nc1ccc(CNc2ccccc2CN2CCC(C(=O)O)CC2)cc1O,4.346203,Nc1ccc(C(=O)Nc2ccccc2CN2CCC(C(=O)O)CC2)cc1O,4.555592
c1ccc2c(c1)c(CNCc1ccc3oc(C4CNC4)nc3c1)cn2Cc1ccc(-c2nnn(CC3CC3)n2)cc1,8.173471,O=C(NCc1cn(Cc2ccc(-c3nnn(CC4CC4)n3)cc2)c2ccccc12)c1ccc2oc(C3CNC3)nc2c1,8.323586
C[C@@H](NCc1ccccc1NCc1ccc(N)c(O)c1)c1ccccc1,4.642393,C[C@@H](NCc1ccccc1NC(=O)c1ccc(N)c(O)c1)c1ccccc1,4.988746
O=C(c1ccc(CCl)cc1)N1CCC[C@H]1c1nc2ccc(-c3cccc(NC[C@@H]4Cc5ccccc5CN4)c3)cc2o1,7.494863,O=C(Nc1cccc(-c2ccc3nc([C@@H]4CCCN4C(=O)c4ccc(CCl)cc4)oc3c2)c1)[C@@H]1Cc2ccccc2CN1,7.44791
O=C(Nc1ccc(-c2ccccc2CCNCc2ccc(-c3nnn(CC4CC4)n3)nc2)cc1)C1CCN1,7.96584,O=C(NCCc1ccccc1-c1ccc(NC(=O)C2CCN2)cc1)c1ccc(-c2nnn(CC3CC3)n2)nc1,7.790487
c1ccc2c(c1)CN[C@H](CN1CC(COCc3ccc(-c4nnn(Cc5ccc(-c6nnnn6CC6CC6)cc5)n4)cc3)C1)C2,7.602724,O=C([C@@H]1Cc2ccccc2CN1)N1CC(COCc2ccc(-c3nnn(Cc4ccc(-c5nnnn5CC5CC5)cc4)n3)cc2)C1,7.661939
O=Cc1ccc(-c2csc(NCc3ccccc3CCl)n2)cc1,4.382426,O=Cc1ccc(-c2csc(NC(=O)c3ccccc3CCl)n2)cc1,4.373268
c1ccc2c(c1)CN[C@H](CN1CCC(Nc3cccc4cc[nH]c34)C1)C2,6.43505,O=C([C@@H]1Cc2ccccc2CN1)N(c1cccc2cc[nH]c12)C1CCNC1,6.245244
C[C@H](NCc1cccnc1Nc1ccc(-c2ccc3oc(C4CCNCC4)nc3c2)cc1)c1ccccc1,6.935577,C[C@H](NC(=O)c1cccnc1Nc1ccc(-c2ccc3oc(C4CCNCC4)nc3c2)cc1)c1ccccc1,7.016296
C[C@H](NCc1ccc2oc(-c3ccc4nc([C@@H]5CCCN5)oc4c3)nc2c1)C(=O)Nc1cccc2cc[nH]c12,7.078236,C[C@H](NC(=O)c1ccc2oc(-c3ccc4nc([C@@H]5CCCN5)oc4c3)nc2c1)C(=O)Nc1cccc2cc[nH]c12,7.282026
CC1(C)OB(c2ccc(NCc3ccc(CCl)cc3)nc2)OC1(C)C,3.836228,CC1(C)OB(c2ccc(NC(=O)c3ccc(CCl)cc3)nc2)OC1(C)C,3.960759
Nc1ccc(CN2CCC[C@H]2C(=O)O)cc1O,3.055978,Nc1ccc(C(=O)N2CCC[C@H]2C(=O)O)cc1O,3.207215
OB(O)c1cccc(NCC2CN(c3ccc(NCC4CCN4)cc3)C2)c1,5.544365,O=C(Nc1ccc(N2CC(CNc3cccc(B(O)O)c3)C2)cc1)C1CCN1,5.697086
c1ccc2c(c1)CN[C@H](c1nc3cc(CNc4ccc(-c5cn(CC6CC6)cn5)cc4)ccc3o1)C2,8.176666,O=C(Nc1ccc(-c2cn(CC3CC3)cn2)cc1)c1ccc2oc([C@@H]3Cc4ccccc4CN3)nc2c1,8.078832
O=C(c1ccncc1)N1CCc2ccccc2C1c1ccc(CN(C[C@@H]2Cc3ccccc3CN2)C23CC(C2)C3)cc1,6.929064,O=C(c1ccncc1)N1CCc2ccccc2C1c1ccc(CN(C(=O)[C@@H]2Cc3ccccc3CN2)C23CC(C2)C3)cc1,6.881786
COc1ccccc1CNCc1ccc(-c2nc3ccc(C(=O)O)cc3o2)cc1,6.002447,COc1ccccc1CNC(=O)c1ccc(-c2nc3ccc(C(=O)O)cc3o2)cc1,6.183083
O[C@H]1CN[C@H](c2nc3ccc(CNCCc4cn(Cc5ccc(-c6nnn(CC7CC7)n6)cc5)c5ccccc45)cc3o2)C1,7.334692,O=C(NCCc1cn(Cc2ccc(-c3nnn(CC4CC4)n3)cc2)c2ccccc12)c1ccc2nc([C@@H]3C[C@@H](O)CN3)oc2c1,7.541504
O=C(O)c1ccc(N[C@@H](CNc2cccc3cc[nH]c23)Cc2c[nH]c3ccccc23)cc1,4.662243,O=C(Nc1cccc2cc[nH]c12)c1ccc(N[C@H](Cc2c[nH]c3ccccc23)C(=O)O)cc1,5.180381
Nc1ccc(CN[C@H](Cc2ccccc2)c2nc3ccc(Br)cc3o2)cc1O,4.292914,Nc1ccc(C(=O)N[C@H](Cc2ccccc2)c2nc3ccc(Br)cc3o2)cc1O,4.608448
Oc1c(NCC2CCN2)cccc1-c1cccc(NCc2ccc3[nH]c(C4CNC4)nc3c2)c1,7.95806,O=C(Nc1cccc(-c2cccc(NCc3ccc4[nH]c(C5CNC5)nc4c3)c2)c1O)C1CCN1,8.024692
Nc1ccc(CNc2ccc(C(=O)O)cc2NC[C@H](N)c2ccccc2)cc1N,4.370479,Nc1ccc(C(=O)N[C@@H](CNc2cc(C(=O)O)ccc2N)c2ccccc2)cc1N,4.319719
Nc1ccc(CN2CCC[C@@H]2c2nc3c(CNc4ccnc5ccccc45)cccc3o2)cc1O,5.747403,Nc1ccc(C(=O)N(Cc2cccc3oc([C@H]4CCCN4)nc23)c2ccnc3ccccc23)cc1O,6.110357
Nc1cccc(-c2cc(CNc3cc(Br)ccc3NCc3ccc(-c4nnn(CC5CC5)n4)nc3)ccn2)c1,6.890532,Nc1ccc(Br)cc1NCc1ccnc(-c2cccc(NC(=O)c3ccc(-c4nnn(CC5CC5)n4)nc3)c2)c1,7.164229
c1cc(NCc2ccc(CO[C@H]3CN4CCC3CC4)cc2)cc(-c2c[nH]nc2NC[C@@H]2Cc3ccccc3CN2)c1,7.939158,O=C(Nc1n[nH]cc1-c1cccc(NCc2ccc(CO[C@H]3CN4CCC3CC4)cc2)c1)[C@@H]1Cc2ccccc2CN1,7.856667
Nc1ccc(CNc2ccc(-c3cccc(NC(=O)C4CCN4)c3)cc2)cc1N,6.953483,Nc1ccc(C(=O)Nc2ccc(-c3cccc(NC(=O)C4CCN4)c3)cc2)cc1N,6.905577
O=C(Nc1ccc(-c2ccc3[nH]ccc3c2)cc1)c1ccccc1NCc1ccc(-c2nnn(CC3CC3)n2)nc1,7.667774,O=C(Nc1ccccc1C(=O)Nc1ccc(-c2ccc3[nH]ccc3c2)cc1)c1ccc(-c2nnn(CC3CC3)n2)nc1,7.54499
Nc1c(O)cccc1CNCCc1ccncc1,4.205532,Nc1c(O)cccc1C(=O)NCCc1ccncc1,4.073423
Fc1cccc(CNc2cc(Br)n[nH]2)n1,3.34183,O=C(Nc1cc(Br)n[nH]1)c1cccc(F)n1,3.930948
N[C@H](CNc1ccc(B(O)O)cc1)c1ccccc1,3.484794,N[C@H](C(=O)Nc1ccc(B(O)O)cc1)c1ccccc1,4.200963
O=C(Nc1ccccn1)N1CC(CNc2cc(-c3ccc(NC[C@@H]4Cc5ccccc5CN4)cc3)n[nH]2)C1,7.692414,O=C(Nc1cc(-c2ccc(NC[C@@H]3Cc4ccccc4CN3)cc2)n[nH]1)C1CN(C(=O)Nc2ccccn2)C1,7.680884
c1cc(CNCCc2c[nH]c3ccccc23)cc(-c2nc3ccc(-c4nnnn4CC4CC4)cc3[nH]2)c1,7.142944,O=C(NCCc1c[nH]c2ccccc12)c1cccc(-c2nc3ccc(-c4nnnn4CC4CC4)cc3[nH]2)c1,7.506958
Nc1ccccc1CNc1cccc(-c2ccc3nc(C4CCN4)[nH]c3c2)c1,7.116899,Nc1ccccc1C(=O)Nc1cccc(-c2ccc3nc(C4CCN4)[nH]c3c2)c1,6.627953
c1ccc2c(c1)CN[C@H](CNc1ccc(NCCc3c[nH]c4ccccc34)cc1)C2,6.852969,O=C(Nc1ccc(NCCc2c[nH]c3ccccc23)cc1)[C@@H]1Cc2ccccc2CN1,7.104311
O=Cc1ccc(CNc2ccc(C(=O)O)cc2O)cc1,3.919881,O=Cc1ccc(C(=O)Nc2ccc(C(=O)O)cc2O)cc1,3.869051
Nc1ccc(CN(Cc2ccc3oc([C@H]4CCCN4)nc3c2)c2ccccn2)cc1O,5.638682,Nc1ccc(C(=O)N(Cc2ccc3oc([C@H]4CCCN4)nc3c2)c2ccccn2)cc1O,5.690086
Nc1c(O)cccc1CN1CC(=O)C1,3.146611,Nc1c(O)cccc1C(=O)N1CC(=O)C1,3.115676
O=C(O)c1cccc(-c2ccc3c(-c4nc5ccc(CNC67CC(C6)C7)cc5o4)c[nH]c3c2)c1,6.860955,O=C(O)c1ccc2nc(-c3c[nH]c4cc(-c5cccc(C(=O)NC67CC(C6)C7)c5)ccc34)oc2c1,6.70151
Nc1cc(CNc2ccc(F)nc2Br)ccc1O,3.631963,Nc1cc(C(=O)Nc2ccc(F)nc2Br)ccc1O,3.942906
O=C(O)c1ccc(NCc2ccc3nc(-c4ccc(CCl)cc4)oc3c2)c(O)c1,5.415543,O=C(O)c1ccc(NC(=O)c2ccc3nc(-c4ccc(CCl)cc4)oc3c2)c(O)c1,5.160109
Nc1ccc(CNc2ccc(CN(Cc3ccncc3)c3ccnc4ccccc34)cc2O)cc1O,5.233228,Nc1ccc(C(=O)Nc2ccc(CN(Cc3ccncc3)c3ccnc4ccccc34)cc2O)cc1O,5.343786
Nc1ccc(-c2csc(NCc3ccc4oc(C5CNC5)nc4c3)n2)cc1,7.081294,Nc1ccc(-c2csc(NC(=O)c3ccc4oc(C5CNC5)nc4c3)n2)cc1,6.95869
Oc1cc(NCCc2c[nH]c3ccccc23)ccc1NCC1CCN1,6.74179,O=C(Nc1ccc(NCCc2c[nH]c3ccccc23)cc1O)C1CCN1,6.834132
c1ccc2c(c1)CN[C@H](CNc1ccc(Nc3cccc4cc[nH]c34)cc1Nc1ccc(NCC3CCN3)cc1)C2,7.14211,O=C(Nc1ccc(Nc2cccc3cc[nH]c23)cc1Nc1ccc(NCC2CCN2)cc1)[C@@H]1Cc2ccccc2CN1,7.150618
OB(O)c1ccc(NC[C@H]2CCCNC2)cc1,3.660558,O=C(Nc1ccc(B(O)O)cc1)[C@H]1CCCNC1,4.502707
c1ccc(NCc2ccc(COCC3CNC3)cc2)nc1,6.607176,O=C(Nc1ccccn1)c1ccc(COCC2CNC2)cc1,7.210649
c1cc2nc(C3CNC3)[nH]c2cc1CNc1ccc(-c2ccc3c(ccn3CC3CC3)c2)cc1,8.10828,O=C(Nc1ccc(-c2ccc3c(ccn3CC3CC3)c2)cc1)c1ccc2nc(C3CNC3)[nH]c2c1,8.115592
Nc1ccc(CN2CC(C(=O)NC3CC3)C2)cc1N,5.095301,Nc1ccc(C(=O)N2CC(C(=O)NC3CC3)C2)cc1N,5.884435
C[C@@H](NC(=O)c1cccc(-c2cc(NCc3ccc(C#N)nc3)[nH]n2)c1)c1ccccc1,6.551975,C[C@@H](NC(=O)c1cccc(-c2cc(NC(=O)c3ccc(C#N)nc3)[nH]n2)c1)c1ccccc1,7.009832
C[C@H](NCc1ccc(-c2nc3cc(C(=O)O)ccc3o2)cc1)c1ccccc1,5.946037,C[C@H](NC(=O)c1ccc(-c2nc3cc(C(=O)O)ccc3o2)cc1)c1ccccc1,6.05922
Nc1ccc(-c2cc(NCC3CNC3)[nH]n2)cc1,6.043985,Nc1cc(-c2ccc(NC(=O)C3CNC3)cc2)n[nH]1,6.740339
Nc1ccccc1CNc1ccc(-c2cnc(F)nc2)cc1,5.461563,Nc1ccccc1C(=O)Nc1ccc(-c2cnc(F)nc2)cc1,5.174791
CC1(C)OB(c2ccc(NCC3CCN3)nc2)OC1(C)C,4.501657,CC1(C)OB(c2ccc(NC(=O)C3CCN3)nc2)OC1(C)C,4.81201
c1ccc2c(c1)CN[C@H](CNCc1cn(Cc3ccc(-c4nnnn4Cc4ccc(-c5nnn(CC6CC6)n5)cc4)cc3)nn1)C2,7.647994,O=C(NCc1cn(Cc2ccc(-c3nnnn3Cc3ccc(-c4nnn(CC5CC5)n4)cc3)cc2)nn1)[C@@H]1Cc2ccccc2CN1,7.841774
O=C(NCc1cn(CC2CC2)nn1)C1CCN(Cc2ccc(-c3nnn(CC4CC4)n3)nc2)CC1,7.975669,O=C(NCc1cn(CC2CC2)nn1)C1CCN(C(=O)c2ccc(-c3nnn(CC4CC4)n3)nc2)CC1,7.286714
O=C(NCCc1ccc(O)cc1)c1ccc(O)c(NC(=O)C2CN(Cc3ccc4nc(C5CNC5)oc4c3)C2)c1,7.126611,O=C(NCCc1ccc(O)cc1)c1ccc(O)c(NC(=O)C2CN(C(=O)c3ccc4nc(C5CNC5)oc4c3)C2)c1,6.869999
Nc1cc(C(=O)O)ccc1NCC1CCNCC1,3.384297,Nc1cc(C(=O)O)ccc1NC(=O)C1CCNCC1,4.761211
O=C(Nc1cc(C(=O)Nc2ccnc3ccccc23)ccc1NCC1CCN1)c1ccc(CNC23CC(C2)C3)cc1,7.193032,O=C(Nc1cc(C(=O)Nc2ccnc3ccccc23)ccc1NC(=O)C1CCN1)c1ccc(CNC23CC(C2)C3)cc1,5.874722
C#Cc1ccc2c(c1)nc(C1CNC1)n2Cc1ccc(CNC23CC(C2)C3)cc1,7.173209,C#Cc1ccc2c(c1)nc(C1CNC1)n2Cc1ccc(C(=O)NC23CC(C2)C3)cc1,7.273587
O=C(O)c1ccc2nc([C@@H](NCC3CCN3)c3ccccc3)oc2c1,5.58517,O=C(O)c1ccc2nc([C@@H](NC(=O)C3CCN3)c3ccccc3)oc2c1,5.809316
c1cc(-c2ccc(NCC3CCNCC3)cc2)cc(-c2nnn(CC3CC3)n2)c1,6.86627,O=C(Nc1ccc(-c2cccc(-c3nnn(CC4CC4)n3)c2)cc1)C1CCNCC1,7.74834
C[C@@H](NC(=O)c1cccc(-c2cc(NC(=O)C3CN(C[C@@H]4Cc5ccccc5CN4)C3)[nH]n2)c1)c1ccccc1,7.808288,C[C@@H](NC(=O)c1cccc(-c2cc(NC(=O)C3CN(C(=O)[C@@H]4Cc5ccccc5CN4)C3)[nH]n2)c1)c1ccccc1,7.763734
NCCc1ccccc1-c1ccc(NCc2ccc3nc(-c4ccc(-c5nnn(CC6CC6)n5)nc4)oc3c2)cc1,7.361007,NCCc1ccccc1-c1ccc(NC(=O)c2ccc3nc(-c4ccc(-c5nnn(CC6CC6)n5)nc4)oc3c2)cc1,6.87103
Brc1cccc(CN[C@@H](CNc2ccc(-c3cn(CC4CC4)cn3)cc2)Cc2c[nH]c3ccccc23)c1,6.630214,O=C(Nc1ccc(-c2cn(CC3CC3)cn2)cc1)[C@@H](Cc1c[nH]c2ccccc12)NCc1cccc(Br)c1,6.920657
Nc1cc(C(=O)N2CC(C(=O)O)C2)ccc1Nc1ccc(NCC2CNC2)cc1,5.962993,Nc1cc(C(=O)N2CC(C(=O)O)C2)ccc1Nc1ccc(NC(=O)C2CNC2)cc1,6.66185
C[C@@H](NCc1cccc(C=O)c1)C(=O)O,2.744884,C[C@@H](NC(=O)c1cccc(C=O)c1)C(=O)O,2.846533
N#Cc1ccc(CN2CCC2C(=O)Nc2ccccc2CN2CCC[C@H]2C(=O)O)cn1,5.309042,N#Cc1ccc(C(=O)N2CCC2C(=O)Nc2ccccc2CN2CCC[C@H]2C(=O)O)cn1,5.362232
O=C(O)C1CCN(C[C@H]2CCCNC2)CC1,2.949829,O=C(O)C1CCN(C(=O)[C@H]2CCCNC2)CC1,4.174703
COc1ccc(CNCc2ccc(N)c(N)c2)cc1,4.086765,COc1ccc(CNC(=O)c2ccc(N)c(N)c2)cc1,4.569885
Nc1cc(Nc2ccccn2)ccc1NCC1CCN1,6.093266,Nc1cc(Nc2ccccn2)ccc1NC(=O)C1CCN1,6.413064
Nc1c(O)cccc1CNc1nc(F)nc2[nH]cnc12,4.00447,Nc1c(O)cccc1C(=O)Nc1nc(F)nc2[nH]cnc12,3.87188
O=C(Nc1cccc2ccn(Cc3cccc(-c4nnnn4CC4CC4)c3)c12)C1CN(C[C@@H]2Cc3ccccc3CN2)C1,7.6166,O=C(Nc1cccc2ccn(Cc3cccc(-c4nnnn4CC4CC4)c3)c12)C1CN(C(=O)[C@@H]2Cc3ccccc3CN2)C1,7.747892
O=C(Nc1cc(C2=NCCc3ccccc32)ccc1NC[C@@H]1Cc2ccccc2CN1)c1ccc(-c2nnn(CC3CC3)n2)nc1,7.098313,O=C(Nc1cc(C2=NCCc3ccccc32)ccc1NC(=O)[C@@H]1Cc2ccccc2CN1)c1ccc(-c2nnn(CC3CC3)n2)nc1,5.590228
Oc1cc(NC23CC(C2)C3)ccc1Nc1ccc(NCc2ccc3nc([C@@H]4CCCN4)oc3c2)cc1,7.186553,O=C(Nc1ccc(Nc2ccc(NC34CC(C3)C4)cc2O)cc1)c1ccc2nc([C@@H]3CCCN3)oc2c1,7.311007
O=C1CN(Cc2cccc(-c3cccc4[nH]c(C5CCN(C[C@@H]6Cc7ccccc7CN6)CC5)nc34)c2)C1,6.898132,O=C1CN(Cc2cccc(-c3cccc4[nH]c(C5CCN(C(=O)[C@@H]6Cc7ccccc7CN6)CC5)nc34)c2)C1,7.12228
c1ccc(CCNc2cc(NCc3ccc4nc(C5CNC5)[nH]c4c3)[nH]n2)cc1,7.465774,O=C(Nc1cc(NCCc2ccccc2)n[nH]1)c1ccc2nc(C3CNC3)[nH]c2c1,7.543735
c1ccc(CCNCc2cccc(CNc3cccc(-c4ccc(NC[C@@H]5Cc6ccccc6CN5)cc4)c3)c2)cc1,7.642063,O=C(Nc1ccc(-c2cccc(NCc3cccc(CNCCc4ccccc4)c3)c2)cc1)[C@@H]1Cc2ccccc2CN1,7.774769
O=C(O)c1cccc(CNc2cc(C(=O)Nc3n[nH]cc3-c3cccc(NCC4CCN4)c3)ccc2O)c1,6.574165,O=C(O)c1cccc(CNc2cc(C(=O)Nc3n[nH]cc3-c3cccc(NC(=O)C4CCN4)c3)ccc2O)c1,6.701752
O=C(Nc1cccc(-c2ccc(NCc3ccccc3NCC3CCN3)c(O)c2)c1)C1CCNCC1,7.386005,O=C(Nc1cccc(-c2ccc(NCc3ccccc3NC(=O)C3CCN3)c(O)c2)c1)C1CCNCC1,7.370572
O=Cc1cccc(-c2cc(NC(=O)c3ccc4nc(-c5ccccc5NC[C@@H]5Cc6ccccc6CN5)oc4c3)[nH]n2)c1,7.509749,O=Cc1cccc(-c2cc(NC(=O)c3ccc4nc(-c5ccccc5NC(=O)[C@@H]5Cc6ccccc6CN5)oc4c3)[nH]n2)c1,7.249502
c1ccc(CNCc2ccccc2NCc2ccc3nc(-c4ccc(-c5nnn(CC6CC6)n5)nc4)oc3c2)cc1,7.790508,O=C(Nc1ccccc1CNCc1ccccc1)c1ccc2nc(-c3ccc(-c4nnn(CC5CC5)n4)nc3)oc2c1,7.735509
Nc1ccc(N2CC(CNc3cccc(B(O)O)c3)C2)cc1,3.728718,Nc1ccc(N2CC(C(=O)Nc3cccc(B(O)O)c3)C2)cc1,4.379211
O=C(NCc1ccccc1)[C@H]1CCCN(C(=O)[C@@H]2CCCN2Cc2ccc(-c3nnn(CC4CC4)n3)nc2)C1,7.903124,O=C(NCc1ccccc1)[C@H]1CCCN(C(=O)[C@@H]2CCCN2C(=O)c2ccc(-c3nnn(CC4CC4)n3)nc2)C1,7.143122
C[C@@H](O)[C@@H](NCc1cccc(C=O)c1)C(=O)NCCc1c[nH]c2ccccc12,3.923946,C[C@@H](O)[C@@H](NC(=O)c1cccc(C=O)c1)C(=O)NCCc1c[nH]c2ccccc12,4.019573
N[C@@H](C(=O)Nc1c(Br)cccc1NCc1ccc2nc(C3CNC3)oc2c1)c1ccccc1,7.098416,N[C@@H](C(=O)Nc1c(Br)cccc1NC(=O)c1ccc2nc(C3CNC3)oc2c1)c1ccccc1,6.902125
Nc1cc(CNc2ccc(Br)cc2)ccc1NCc1ccc(-c2nnn(CC3CC3)n2)nc1,7.201118,Nc1cc(CNc2ccc(Br)cc2)ccc1NC(=O)c1ccc(-c2nnn(CC3CC3)n2)nc1,7.156822
O=C(O)[C@@H]1Cc2ccccc2CN1Cc1ccc2[nH]c(C3CNC3)nc2c1,6.846371,O=C(O)[C@@H]1Cc2ccccc2CN1C(=O)c1ccc2[nH]c(C3CNC3)nc2c1,6.507254
C[C@@H](NCc1ccc(-c2ccc3oc(C4CN(Cc5ccc(CCl)cc5)C4)nc3c2)cc1)c1ccccc1,6.737423,C[C@@H](NCc1ccc(-c2ccc3oc(C4CN(C(=O)c5ccc(CCl)cc5)C4)nc3c2)cc1)c1ccccc1,6.98226
O=C(O)c1ccccc1NCc1ccc(CCl)cc1,3.717715,O=C(Nc1ccccc1C(=O)O)c1ccc(CCl)cc1,3.967153
Nc1cccc(-c2ccc(N)c(NCc3ccc4nc(C5CNC5)oc4c3)c2)c1,7.128537,Nc1ccc(-c2cccc(NC(=O)c3ccc4nc(C5CNC5)oc4c3)c2)cc1N,7.374037
c1cc(-c2cc(NCc3ccc(CO[C@H]4CN5CCC4CC5)cc3)[nH]n2)cc(-c2nc3ccccc3o2)c1,8.140516,O=C(Nc1cc(-c2cccc(-c3nc4ccccc4o3)c2)n[nH]1)c1ccc(CO[C@H]2CN3CCC2CC3)cc1,8.197448
c1ccc2c(c1)CN[C@H](CN(Cc1ccc3nc(-c4ccc(CO[C@H]5CN6CCC5CC6)cc4)[nH]c3c1)c1cccc3cc[nH]c13)C2,7.689491,O=C([C@@H]1Cc2ccccc2CN1)N(Cc1ccc2nc(-c3ccc(CO[C@H]4CN5CCC4CC5)cc3)[nH]c2c1)c1cccc2cc[nH]c12,7.764874
O=Cc1cncc(-c2cccc(Nc3ccc(NC[C@@H]4Cc5ccccc5CN4)cc3)c2)c1,6.667767,O=Cc1cncc(-c2cccc(Nc3ccc(NC(=O)[C@@H]4Cc5ccccc5CN4)cc3)c2)c1,6.883355
c1ccc2c(c1)c(CCNCc1ccc(CO[C@H]3CN4CCC3CC4)cc1)cn2CC1CC1,7.948444,O=C(NCCc1cn(CC2CC2)c2ccccc12)c1ccc(CO[C@H]2CN3CCC2CC3)cc1,7.942151
c1cc(-c2nc3cc(-c4nnn(CC5CC5)n4)ccc3o2)ccc1CNc1ccc(NC23CC(C2)C3)cc1,8.059734,O=C(Nc1ccc(NC23CC(C2)C3)cc1)c1ccc(-c2nc3cc(-c4nnn(CC5CC5)n4)ccc3o2)cc1,7.750898
O=Cc1ccccc1C(=O)NC1(CNCCc2cn(CC3CC3)c3ccccc23)CCC1,5.265452,O=Cc1ccccc1C(=O)NC1(C(=O)NCCc2cn(CC3CC3)c3ccccc23)CCC1,6.674477
Nc1ccc(CNC2(C(=O)O)CCC2)cc1N,2.922197,Nc1cc(C(=O)O)ccc1NC(=O)C1(N)CCC1,3.488273
OB(O)c1cccc(NCc2ccc3[nH]c([C@H]4CCCN4)nc3c2)c1,4.98741,O=C(Nc1cccc(B(O)O)c1)c1ccc2[nH]c([C@H]3CCCN3)nc2c1,5.156379
O=C(NCCc1cn(Cc2cccnc2)c2ccccc12)[C@@H]1CCCN(Cc2ccc(CO[C@H]3CN4CCC3CC4)cc2)C1,7.563462,O=C(NCCc1cn(Cc2cccnc2)c2ccccc12)[C@@H]1CCCN(C(=O)c2ccc(CO[C@H]3CN4CCC3CC4)cc2)C1,7.632695
O=C(NCCc1ccncc1)Nc1cccc(-c2cccc(NCc3ccc(CO[C@H]4CN5CCC4CC5)cc3)c2O)c1,7.640214,O=C(NCCc1ccncc1)Nc1cccc(-c2cccc(NC(=O)c3ccc(CO[C@H]4CN5CCC4CC5)cc3)c2O)c1,7.663861
Nc1cccc(-c2ccc(NCc3ccc(N)c(N)c3)cc2)c1,4.90732,Nc1ccc(-c2cccc(NC(=O)c3ccc(N)c(N)c3)c2)cc1,5.320638
N#Cc1ccc(CN2CCC2CNc2ccc(-c3cccnc3)cc2)cn1,6.419685,N#Cc1ccc(C(=O)N(CC2CCN2)c2ccc(-c3cccnc3)cc2)cn1,5.729171
N#Cc1c[nH]nc1NCC1CNC1,4.245969,N#Cc1c[nH]nc1NC(=O)C1CNC1,5.480318
Nc1cccc(-c2cc(NCc3ccc(CO[C@H]4CN5CCC4CC5)cc3)[nH]n2)c1,7.481219,Nc1cc(-c2cccc(NC(=O)c3ccc(CO[C@H]4CN5CCC4CC5)cc3)c2)n[nH]1,7.626703
O=C(Nc1ccc(-c2cccc(NCC3CCN3)c2)cc1)c1cccc2oc(C3CNC3)nc12,7.649721,O=C(Nc1ccc(-c2cccc(NC(=O)C3CCN3)c2)cc1)c1cccc2oc(C3CNC3)nc12,6.426435
c1ccc(CCN(Cc2ccc(C3=NCCc4ccccc43)cc2)Cc2ccc(-c3nnn(CC4CC4)n3)nc2)cc1,7.814764,O=C(c1ccc(-c2nnn(CC3CC3)n2)nc1)N(CCc1ccccc1)Cc1ccc(C2=NCCc3ccccc32)cc1,7.83185
OB(O)c1cccc(CN2CCN(Cc3ccc(-c4nnn(CC5CC5)n4)nc3)CC2)c1,5.544546,O=C(c1ccc(-c2nnn(CC3CC3)n2)nc1)N1CCN(Cc2cccc(B(O)O)c2)CC1,5.977493
Nc1cc(CNc2ccccc2C(=O)O)ccc1O,3.621222,Nc1cc(C(=O)Nc2ccccc2C(=O)O)ccc1O,3.723012
O=C(NC1CC1)C1CN(Cc2ccc3nc(C4CNC4)oc3c2)C1,7.390924,O=C(NC1CC1)C1CN(C(=O)c2ccc3nc(C4CNC4)oc3c2)C1,6.104478
O=C(NC1CC1)c1ccc2nc(-c3ccc(Cn4cc(CCNCc5cccnc5)c5ccccc54)cc3)oc2c1,7.431911,O=C(NCCc1cn(Cc2ccc(-c3nc4ccc(C(=O)NC5CC5)cc4o3)cc2)c2ccccc12)c1cccnc1,7.591051
FC(F)(F)c1ccc(CNc2cccc3nc(C4CCN(Cc5ccc(-c6nnn(CC7CC7)n6)nc5)CC4)oc23)cc1,7.609394,O=C(c1ccc(-c2nnn(CC3CC3)n2)nc1)N(Cc1ccc(C(F)(F)F)cc1)c1cccc2nc(C3CCNCC3)oc12,7.391814
c1cc2nc(C3CNC3)oc2cc1CNc1ccc(-c2ccc3oc([C@H]4CCCN4)nc3c2)cc1,7.992773,O=C(Nc1ccc(-c2ccc3oc([C@H]4CCCN4)nc3c2)cc1)c1ccc2nc(C3CNC3)oc2c1,6.851082
O=C(NCCc1c[nH]c2ccccc12)C1CCN(c2ccc(NCc3ccc(CO[C@H]4CN5CCC4CC5)cc3)cc2)CC1,7.799203,O=C(Nc1ccc(N2CCC(C(=O)NCCc3c[nH]c4ccccc34)CC2)cc1)c1ccc(CO[C@H]2CN3CCC2CC3)cc1,7.709366
c1ccc2c(C[C@H](CNC34CC(C3)C4)NCc3ccc(-c4nnn(CC5CC5)n4)nc3)c[nH]c2c1,7.576683,O=C(NC12CC(C1)C2)[C@@H](Cc1c[nH]c2ccccc12)NCc1ccc(-c2nnn(CC3CC3)n2)nc1,7.572059
Nc1cc(CNc2cc(C(=O)O)ccc2NCC2CNC2)ccc1O,4.869548,Nc1cc(C(=O)Nc2cc(C(=O)O)ccc2NCC2CNC2)ccc1O,4.968858
C[C@@H](c1ccccc1)N(Cc1ccc2nc(-c3ccc(-c4nnn(CC5CC5)n4)nc3)oc2c1)Cc1cnccc1N,7.119693,C[C@@H](c1ccccc1)N(Cc1cnccc1N)C(=O)c1ccc2nc(-c3ccc(-c4nnn(CC5CC5)n4)nc3)oc2c1,7.278298
Nc1ccc(CNc2ccc(NC3CC3)cc2)cc1O,4.34183,Nc1ccc(C(=O)Nc2ccc(NC3CC3)cc2)cc1O,4.584636
O=C(C1CN(CC2CNC2)C1)N(Cc1ccc2oc(C3CNC3)nc2c1)c1ccccn1,7.059333,O=C(C1CNC1)N1CC(C(=O)N(Cc2ccc3oc(C4CNC4)nc3c2)c2ccccn2)C1,7.340155
Nc1cc(Br)ccc1NCc1ccc(CCl)cc1,3.730408,Nc1cc(Br)ccc1NC(=O)c1ccc(CCl)cc1,3.931907
ClCc1ccccc1CNCCc1ccccc1,4.212801,O=C(NCCc1ccccc1)c1ccccc1CCl,4.08442
c1cc(NCc2ccc3[nH]c(C4CNC4)nc3c2)cc(-c2cncc(-c3nnnn3CC3CC3)c2)c1,8.092256,O=C(Nc1cccc(-c2cncc(-c3nnnn3CC3CC3)c2)c1)c1ccc2[nH]c(C3CNC3)nc2c1,6.987983
Nc1ccc(Nc2cccc3cc[nH]c23)cc1Nc1ccc(NCC2CCN2)cc1,6.108013,Nc1ccc(Nc2cc(Nc3cccc4cc[nH]c34)ccc2NC(=O)C2CCN2)cc1,5.897088
Nc1c(O)cccc1CNc1cccc(-c2ccc3[nH]c(C4CNC4)nc3c2)c1,7.222367,Nc1c(O)cccc1C(=O)Nc1cccc(-c2ccc3[nH]c(C4CNC4)nc3c2)c1,6.70586
O=C(NCc1c[nH]c2ccccc12)C1CCN(C(=O)c2ccc(Cn3ccc4cccc(NC[C@@H]5Cc6ccccc6CN5)c43)cc2)CC1,7.337786,O=C(NCc1c[nH]c2ccccc12)C1CCN(C(=O)c2ccc(Cn3ccc4cccc(NC(=O)[C@@H]5Cc6ccccc6CN5)c43)cc2)CC1,7.618308
Cc1cc(N(Cc2ccc(O)c(N)c2)c2ccc(C(=O)O)cc2O)cnc1N,3.809771,Cc1cc(N(C(=O)c2ccc(O)c(N)c2)c2ccc(C(=O)O)cc2O)cnc1N,3.797297
CC1(C)OB(c2ccc(NCc3ccc(O)c(NC[C@@H]4Cc5ccccc5CN4)c3)nc2)OC1(C)C,5.347526,CC1(C)OB(c2ccc(NC(=O)c3ccc(O)c(NC[C@@H]4Cc5ccccc5CN4)c3)nc2)OC1(C)C,5.770408
c1cc2oc(C3CNC3)nc2cc1CNC1(CNC23CC(C2)C3)CCC1,7.511971,O=C(NC12CC(C1)C2)C1(NCc2ccc3oc(C4CNC4)nc3c2)CCC1,7.729819
C[C@H](NC[C@@H]1CCCN1c1cccc(-c2nc3ccc(C(=O)O)cc3o2)n1)c1ccccc1,6.146651,C[C@H](NC(=O)[C@@H]1CCCN1c1cccc(-c2nc3ccc(C(=O)O)cc3o2)n1)c1ccccc1,6.325747
N#Cc1ccc(C(=O)N2CCC[C@H]2CNc2cccc3cc[nH]c23)cn1,5.386355,N#Cc1ccc(C(=O)N2CCC[C@H]2C(=O)Nc2cccc3cc[nH]c23)cn1,5.763071
c1cc(NCc2ccc(Cn3nnc(-c4ccc5nc(C6CNC6)[nH]c5c4)n3)cc2)c2[nH]ccc2c1,7.389381,O=C(Nc1cccc2cc[nH]c12)c1ccc(Cn2nnc(-c3ccc4nc(C5CNC5)[nH]c4c3)n2)cc1,7.418438
O=C(Nc1ccc(-c2cccc3nc(-c4ccccc4)oc23)cc1)[C@H]1CCCN1C[C@@H]1Cc2ccccc2CN1,7.723498,O=C(Nc1ccc(-c2cccc3nc(-c4ccccc4)oc23)cc1)[C@H]1CCCN1C(=O)[C@@H]1Cc2ccccc2CN1,7.498263
O=C(NC1CC1)c1cccc(-c2nc3ccc(C(=O)N4CCC(CNc5ccc(Br)cc5O)CC4)cc3o2)c1,7.008366,O=C(NC1CC1)c1cccc(-c2nc3ccc(C(=O)N4CCC(C(=O)Nc5ccc(Br)cc5O)CC4)cc3o2)c1,7.134835
c1cc2oc(C3CCN3)nc2cc1CNc1ccc(-c2ccc(NCC3CNC3)cc2)cc1,7.993246,O=C(Nc1ccc(-c2ccc(NCc3ccc4oc(C5CCN5)nc4c3)cc2)cc1)C1CNC1,7.589456
c1cc(CNCc2cn(CC3CC3)c3ccccc23)cc(-c2nc3cc(-c4nnn(CC5CC5)n4)ccc3o2)c1,8.125735,O=C(NCc1cn(CC2CC2)c2ccccc12)c1cccc(-c2nc3cc(-c4nnn(CC5CC5)n4)ccc3o2)c1,8.246967
O=C(NCc1ccccc1)[C@@H]1CCCN1Cc1cccc(CNc2cccc(B(O)O)c2)c1,5.27184,O=C(Nc1cccc(B(O)O)c1)c1cccc(CN2CCC[C@H]2C(=O)NCc2ccccc2)c1,5.507404
N#Cc1ccc(CN2CCC(c3nc4cc(C(=O)O)ccc4o3)CC2)cn1,5.691171,N#Cc1ccc(C(=O)N2CCC(c3nc4cc(C(=O)O)ccc4o3)CC2)cn1,5.797987
OB(O)c1cccc(NCc2ccc3oc(-c4ccc(O)c(NCC5CCN5)c4)nc3c2)c1,6.05068,O=C(Nc1cc(-c2nc3cc(CNc4cccc(B(O)O)c4)ccc3o2)ccc1O)C1CCN1,6.146181
O=Cc1ccc(CNc2ccccc2C(=O)O)cc1,3.695235,O=Cc1ccc(C(=O)Nc2ccccc2C(=O)O)cc1,3.938713
N[C@H](CNc1cc(C(=O)O)ccc1NCC1CCN1)c1ccccc1,5.2803,N[C@H](C(=O)Nc1cc(C(=O)O)ccc1NCC1CCN1)c1ccccc1,5.959188
Nc1ccc(CN[C@@H](Cc2c[nH]c3ccccc23)C(=O)O)cc1O,3.454059,N[C@@H](Cc1c[nH]c2ccccc12)C(=O)Nc1ccc(C(=O)O)cc1O,3.491527
c1ccc2c(c1)c(CNCc1ccc(COCC3CNC3)cc1)cn2Cc1ccc(-c2nnn(CC3CC3)n2)cc1,8.003369,O=C(NCc1cn(Cc2ccc(-c3nnn(CC4CC4)n3)cc2)c2ccccc12)c1ccc(COCC2CNC2)cc1,8.216416
O=C(NCc1cn(CC2CC2)c2ccccc12)c1cccc(-c2ccc(NCC3CNC3)cc2)c1,8.185799,O=C(NCc1cn(CC2CC2)c2ccccc12)c1cccc(-c2ccc(NC(=O)C3CNC3)cc2)c1,8.206467
Nc1ccc(C(=O)NCCc2c[nH]c3ccccc23)cc1NCc1ccc2nc(C3CNC3)oc2c1,7.512984,Nc1cc(C(=O)NCCc2c[nH]c3ccccc23)ccc1NC(=O)c1ccc2nc(C3CNC3)oc2c1,7.282836
c1cc(NCc2ccc3nc(-c4ccc5oc(C6CNC6)nc5c4)oc3c2)c2[nH]ccc2c1,7.370808,O=C(Nc1cccc2cc[nH]c12)c1ccc2nc(-c3ccc4oc(C5CNC5)nc4c3)oc2c1,7.367784
c1ccc2c(c1)c(CCNCc1ccc3[nH]c(C4CCN4)nc3c1)cn2Cc1ccc(-c2nnn(CC3CC3)n2)cc1,8.04084,O=C(NCCc1cn(Cc2ccc(-c3nnn(CC4CC4)n3)cc2)c2ccccc12)c1ccc2[nH]c(C3CCN3)nc2c1,8.154017
Fc1cccc(CNc2nc(F)nc3[nH]cnc23)n1,3.719672,O=C(Nc1nc(F)nc2[nH]cnc12)c1cccc(F)n1,4.347284
c1ccc2c(c1)CN[C@H](CN1CCC(Nc3cccc4ccn(Cc5ccc(-c6nnn(CC7CC7)n6)cc5)c34)CC1)C2,7.989917,O=C([C@@H]1Cc2ccccc2CN1)N(c1cccc2ccn(Cc3ccc(-c4nnn(CC5CC5)n4)cc3)c12)C1CCNCC1,7.51384
O=C(Nc1ccnc2ccccc12)c1cccc(CN(C[C@@H]2Cc3ccccc3CN2)c2cccc3ccn(CC4CC4)c23)c1,7.399719,O=C(Nc1ccnc2ccccc12)c1cccc(CN(C(=O)[C@@H]2Cc3ccccc3CN2)c2cccc3ccn(CC4CC4)c23)c1,7.473617
O=C(O)[C@H]1CCCN(C[C@@H]2Cc3ccccc3CN2)C1,4.59875,O=C(O)[C@@H]1Cc2ccccc2CN1C(=O)[C@H]1CCCNC1,5.442272
C[C@@H](Nc1ccc(NCc2ccc3[nH]c(C4CCN4)nc3c2)cc1)c1ccccc1,7.476381,C[C@@H](Nc1ccc(NC(=O)c2ccc3[nH]c(C4CCN4)nc3c2)cc1)c1ccccc1,7.34389
c1cc(NC[C@@H]2Cc3ccccc3CN2)cc(-c2ccc(Nc3ccc4ccccc4n3)cc2)c1,7.568288,O=C(Nc1cccc(-c2ccc(Nc3ccc4ccccc4n3)cc2)c1)[C@@H]1Cc2ccccc2CN1,7.630281
O[C@@H]1CCN(Cc2c[nH]c3cc(-c4cccc(NCc5ccc(-c6nnn(CC7CC7)n6)nc5)c4)ccc23)C1,7.365007,O=C(Nc1cccc(-c2ccc3c(CN4CC[C@@H](O)C4)c[nH]c3c2)c1)c1ccc(-c2nnn(CC3CC3)n2)nc1,7.365478
Nc1cccnc1-c1cccc(NCc2ccc(C=O)cc2)c1,4.961082,Nc1cccc(-c2ncccc2NC(=O)c2ccc(C=O)cc2)c1,4.732351
Nc1ccccc1CNc1c(O)cccc1C(=O)O,2.96577,Nc1c(O)cccc1C(=O)Nc1ccccc1C(=O)O,3.574779
Nc1cc(N(Cc2ccc(O)c(N)c2)C23CC(C2)C3)n[nH]1,4.223469,Nc1cc(N(C(=O)c2ccc(O)c(N)c2)C23CC(C2)C3)n[nH]1,4.381179
O=C(O)C1CN(c2ccc3[nH]c(-c4ccccc4NCc4ccc(-c5nnn(CC6CC6)n5)nc4)nc3c2)C1,7.269159,O=C(Nc1ccccc1-c1nc2cc(N3CC(C(=O)O)C3)ccc2[nH]1)c1ccc(-c2nnn(CC3CC3)n2)nc1,5.738866
ClCc1ccc(CN2CCC[C@@H]2c2nc3cc(-c4nnn(CC5CC5)n4)ccc3o2)cc1,6.982685,O=C(c1ccc(CCl)cc1)N1CCC[C@@H]1c1nc2cc(-c3nnn(CC4CC4)n3)ccc2o1,7.106036
Brc1c[nH]nc1NCc1ccc(-c2nnn(CC3CC3)n2)nc1,6.613413,O=C(Nc1n[nH]cc1Br)c1ccc(-c2nnn(CC3CC3)n2)nc1,6.516091
Oc1cc(C2=NCCc3ccccc32)ccc1NCc1cccc(F)n1,6.349595,O=C(Nc1ccc(C2=NCCc3ccccc32)cc1O)c1cccc(F)n1,6.039614
Nc1ccc(CN2CCC(C(=O)N3CCC(C(=O)NCCc4cn(CC5CC5)c5ccccc45)CC3)CC2)cc1O,7.087217,Nc1ccc(C(=O)N2CCC(C(=O)N3CCC(C(=O)NCCc4cn(CC5CC5)c5ccccc45)CC3)CC2)cc1O,7.332774
O=C(O)c1ccc2nc([C@@H](NCc3ccc4oc(C5CNC5)nc4c3)c3ccccc3)oc2c1,6.534163,O=C(O)c1ccc2nc([C@@H](NC(=O)c3ccc4oc(C5CNC5)nc4c3)c3ccccc3)oc2c1,5.958606
N#Cc1ccc(CNc2c(N)cccc2Br)cn1,3.698109,N#Cc1ccc(C(=O)Nc2c(N)cccc2Br)cn1,4.107915
Nc1ccc(CNc2ccc(-c3cccc(NCc4c[nH]c5ccc(F)cc45)c3)cc2)cc1O,5.748611,Nc1ccc(C(=O)Nc2ccc(-c3cccc(NCc4c[nH]c5ccc(F)cc45)c3)cc2)cc1O,6.182742
Nc1cc(CN2CCC[C@H]2CNc2cccc(B(O)O)c2)ccc1O,3.917049,Nc1cc(C(=O)N(C[C@@H]2CCCN2)c2cccc(B(O)O)c2)ccc1O,3.495096
C#CCNCc1ccc(F)cc1,3.431645,C#CCNC(=O)c1ccc(F)cc1,3.107945
Nc1ccc(Nc2ccc(Br)cc2O)cc1NCC1CNC1,4.945861,Nc1cc(Nc2ccc(Br)cc2O)ccc1NC(=O)C1CNC1,5.565024
Nc1ccccc1CN1CCC[C@H]1C(=O)O,2.907267,Nc1ccccc1C(=O)N1CCC[C@H]1C(=O)O,3.101118
O=C(Nc1ccc(-c2ccc(NC[C@@H]3Cc4ccccc4CN3)cc2)cc1)C1CCNCC1,7.561144,O=C(Nc1ccc(-c2ccc(NC(=O)[C@@H]3Cc4ccccc4CN3)cc2)cc1)C1CCNCC1,7.302942
Nc1ccccc1-c1nc2ccc(CNc3ccc(Br)cc3)cc2[nH]1,5.493042,Nc1ccccc1-c1nc2ccc(C(=O)Nc3ccc(Br)cc3)cc2[nH]1,5.70231
Nc1cc(-c2ccc(-c3nnn(Cc4ccc(-c5nc6cc(CNC78CC(C7)C8)ccc6[nH]5)cc4)n3)c(F)c2)n[nH]1,7.04902,Nc1cc(-c2ccc(-c3nnn(Cc4ccc(-c5nc6cc(C(=O)NC78CC(C7)C8)ccc6[nH]5)cc4)n3)c(F)c2)n[nH]1,6.852044
O=C(Nc1ccccn1)c1ccc(Cn2nnnc2-c2ccc(Cn3cc(CNCC4CCN4)nn3)cc2)cc1,6.876738,O=C(Nc1ccccn1)c1ccc(Cn2nnnc2-c2ccc(Cn3cc(CNC(=O)C4CCN4)nn3)cc2)cc1,7.242369
c1ccc2nc(N3CCC3CNCCc3cn(Cc4ccc(-c5nnn(CC6CC6)n5)cc4)c4ccccc34)ccc2c1,7.841771,O=C(NCCc1cn(Cc2ccc(-c3nnn(CC4CC4)n3)cc2)c2ccccc12)C1CCN1c1ccc2ccccc2n1,8.005518
Brc1cc(NCc2ccccc2NCc2ccc3nc([C@@H]4CCCN4)oc3c2)[nH]n1,6.280753,O=C(Nc1cc(Br)n[nH]1)c1ccccc1NCc1ccc2nc([C@@H]3CCCN3)oc2c1,6.505776
Nc1ccc(CNc2ccnc3ccccc23)cc1O,4.375703,Nc1ccc(C(=O)Nc2ccnc3ccccc23)cc1O,4.737446
O=C(O)[C@H](Cc1c[nH]c2ccccc12)NC[C@H]1CCCNC1,3.66356,O=C(N[C@@H](Cc1c[nH]c2ccccc12)C(=O)O)[C@H]1CCCNC1,4.598718
Nc1ccc(CNc2cc(CNc3ccccn3)ccc2O)cc1N,4.760372,Nc1ccc(C(=O)Nc2cc(CNc3ccccn3)ccc2O)cc1N,4.996498
c1cc(-c2ccc(NC[C@@H]3Cc4ccccc4CN3)cc2)cc(-c2nnn(CC3CC3)n2)c1,8.16081,O=C(Nc1ccc(-c2cccc(-c3nnn(CC4CC4)n3)c2)cc1)[C@@H]1Cc2ccccc2CN1,7.883403
O=C(Nc1ccccn1)C1CCN(Cc2cccc(-c3cn(CC4CC4)cn3)c2)CC1,7.809104,O=C(Nc1ccccn1)C1CCN(C(=O)c2cccc(-c3cn(CC4CC4)cn3)c2)CC1,7.811689
N#Cc1cncc(N(C[C@@H]2CCCN(Cc3ccc4oc(C5CNC5)nc4c3)C2)C2CC2)c1,5.709334,N#Cc1cncc(N(C(=O)[C@@H]2CCCN(Cc3ccc4oc(C5CNC5)nc4c3)C2)C2CC2)c1,6.247371
Brc1cc(Nc2csc(NCc3ccc4oc(C5CNC5)nc4c3)n2)[nH]n1,5.793802,O=C(Nc1nc(Nc2cc(Br)n[nH]2)cs1)c1ccc2oc(C3CNC3)nc2c1,5.927633
O=C(O)c1ccc(O)c(NCC2CNC2)c1,4.633772,O=C(O)c1ccc(O)c(NC(=O)C2CNC2)c1,5.354112
O=C(O)C1CCN1Cc1ccnc(-c2cccc(NCc3ccc(-c4nnn(CC5CC5)n4)nc3)c2)c1,7.375682,O=C(Nc1cccc(-c2cc(CN3CCC3C(=O)O)ccn2)c1)c1ccc(-c2nnn(CC3CC3)n2)nc1,7.276397
Nc1cc(CN[C@@H](C(=O)O)c2ccccc2)ccc1O,3.460351,N[C@@H](C(=O)Nc1cc(C(=O)O)ccc1O)c1ccccc1,4.563847
O=C(O)C1(NCc2cccc(F)c2NCC2CNC2)CCC1,4.167855,O=C(NC1(C(=O)O)CCC1)c1cccc(F)c1NCC1CNC1,5.070669
CC1(C)OB(c2ccc(NCc3ccccc3N)nc2)OC1(C)C,3.696733,CC1(C)OB(c2ccc(NC(=O)c3ccccc3N)nc2)OC1(C)C,3.839935
c1ccc2c(c1)CN[C@H](CNC13CC(C1)C3)C2,6.905915,O=C(NC12CC(C1)C2)[C@@H]1Cc2ccccc2CN1,6.919361
COc1ccc(CNC(=O)c2cccc(O)c2N(Cc2ccc(-c3nnn(CC4CC4)n3)nc2)C[C@@H]2Cc3ccccc3CN2)cc1,6.919764,COc1ccc(CNC(=O)c2cccc(O)c2N(Cc2ccc(-c3nnn(CC4CC4)n3)nc2)C(=O)[C@@H]2Cc3ccccc3CN2)cc1,6.894388
O=Cc1cccc(CNCCc2ccc(O)cc2)c1,3.955893,O=Cc1cccc(C(=O)NCCc2ccc(O)cc2)c1,4.205485
Nc1cccc2ccn(Cc3ccccc3CNc3ccnc4ccccc34)c12,5.059244,Nc1cccc2ccn(Cc3ccccc3C(=O)Nc3ccnc4ccccc34)c12,5.553146
O=C(Nc1cccc(B(O)O)c1)c1ccccc1NCc1ccc(CO[C@H]2CN3CCC2CC3)cc1,6.345582,O=C(Nc1ccccc1C(=O)Nc1cccc(B(O)O)c1)c1ccc(CO[C@H]2CN3CCC2CC3)cc1,6.497631
O=C(Nc1ccccn1)c1cc(-c2ccc(NCC3CCN3)cc2)ccc1F,7.251532,O=C(Nc1ccccn1)c1cc(-c2ccc(NC(=O)C3CCN3)cc2)ccc1F,7.052277
c1ccc([C@H](NCc2ccc3nc(-c4ccc(CO[C@H]5CN6CCC5CC6)cc4)oc3c2)C2=NCCc3ccccc32)cc1,7.918267,O=C(N[C@H](C1=NCCc2ccccc21)c1ccccc1)c1ccc2nc(-c3ccc(CO[C@H]4CN5CCC4CC5)cc3)oc2c1,7.869462
N[C@@H](CNCCc1c[nH]c2ccccc12)c1ccccc1,3.971833,N[C@@H](C(=O)NCCc1c[nH]c2ccccc12)c1ccccc1,5.320763
ClCc1ccc(CNc2cccc(-c3ccc4nc(-c5ncc[nH]5)oc4c3)c2)cc1,5.67811,O=C(Nc1cccc(-c2ccc3nc(-c4ncc[nH]4)oc3c2)c1)c1ccc(CCl)cc1,5.864122
O=C(O)[C@@H]1Cc2ccccc2CN1Cc1ccc2[nH]c(-c3ccnc(F)c3)nc2c1,5.954894,O=C(O)[C@@H]1Cc2ccccc2CN1C(=O)c1ccc2[nH]c(-c3ccnc(F)c3)nc2c1,5.85497
O=C(NC1CC1)c1ccc2oc(-c3cccc(CN4CC(C5=NCCc6ccccc65)C4)c3)nc2c1,7.584855,O=C(NC1CC1)c1ccc2oc(-c3cccc(C(=O)N4CC(C5=NCCc6ccccc65)C4)c3)nc2c1,5.979671
Nc1cc(C(=O)NCc2c[nH]c3ccccc23)ccc1NCc1ccccc1NCc1ccc2[nH]c(C3CCN3)nc2c1,7.321201,Nc1cc(C(=O)NCc2c[nH]c3ccccc23)ccc1NCc1ccccc1NC(=O)c1ccc2[nH]c(C3CCN3)nc2c1,7.433443
N#Cc1ccc(NCc2ccc(N)c(O)c2)c(N)c1,3.763974,N#Cc1ccc(N)c(NC(=O)c2ccc(N)c(O)c2)c1,3.786072
Nc1cc(CN[C@H](Cc2c[nH]c3ccccc23)C(=O)O)ccc1O,3.519445,N[C@H](Cc1c[nH]c2ccccc12)C(=O)Nc1cc(C(=O)O)ccc1O,3.553601
c1ccc2c(c1)CN[C@H](CN(Cc1ccc3nc(C4CNC4)oc3c1)c1ccnc3ccccc13)C2,7.508659,O=C([C@@H]1Cc2ccccc2CN1)N(Cc1ccc2nc(C3CNC3)oc2c1)c1ccnc2ccccc12,7.554233
O=Cc1cccc(CNc2cc(Br)n[nH]2)c1,3.299633,O=Cc1cccc(C(=O)Nc2cc(Br)n[nH]2)c1,3.834386
Nc1ccc(CN[C@@H](CO)c2nc3ccc(C(=O)O)cc3[nH]2)cc1O,3.628986,N[C@@H](CO)c1nc2ccc(C(=O)Nc3ccc(C(=O)O)cc3O)cc2[nH]1,4.151475
O=C(Nc1ccc(-c2ccccc2CCNCC2CNC2)cc1)c1ccc2nc([C@@H]3Cc4ccccc4CN3)[nH]c2c1,7.576449,O=C(Nc1ccc(-c2ccccc2CCNC(=O)C2CNC2)cc1)c1ccc2nc([C@@H]3Cc4ccccc4CN3)[nH]c2c1,7.693582
O=C(Nc1cccc2cc[nH]c12)C1(NCc2ccc3[nH]c(-c4ccc(CO[C@H]5CN6CCC5CC6)cc4)nc3c2)CCC1,7.981729,O=C(NC1(C(=O)Nc2cccc3cc[nH]c23)CCC1)c1ccc2[nH]c(-c3ccc(CO[C@H]4CN5CCC4CC5)cc3)nc2c1,7.766623
Oc1ccc(-c2ccc3oc([C@H](Cc4ccccc4)NCc4ccccc4NC[C@@H]4Cc5ccccc5CN4)nc3c2)cc1,6.403739,O=C(Nc1ccccc1CN[C@@H](Cc1ccccc1)c1nc2cc(-c3ccc(O)cc3)ccc2o1)[C@@H]1Cc2ccccc2CN1,6.54845
O=C(O)c1cccc(-c2nc3ccc(CNc4cccc(-c5cccc(CNc6ccccn6)c5)c4)cc3o2)c1,6.677052,O=C(O)c1ccc2nc(-c3cccc(C(=O)Nc4cccc(-c5cccc(CNc6ccccn6)c5)c4)c3)oc2c1,7.029544
O=C(O)c1ccc2[nH]c(C3CN(Cc4ccc(CCl)cc4)C3)nc2c1,5.041008,O=C(O)c1ccc2[nH]c(C3CN(C(=O)c4ccc(CCl)cc4)C3)nc2c1,5.247017
O=C(Nc1cc(Br)n[nH]1)c1ccc2[nH]c(-c3cccc(CN4CC(C(=O)O)C4)c3)nc2c1,5.543741,O=C(Nc1cc(Br)n[nH]1)c1ccc2[nH]c(-c3cccc(C(=O)N4CC(C(=O)O)C4)c3)nc2c1,6.122286
Brc1ncccc1NCc1ccc(-c2nnn(CC3CC3)n2)nc1,6.850871,O=C(Nc1cccnc1Br)c1ccc(-c2nnn(CC3CC3)n2)nc1,6.802964
Fc1cccc(CNCCc2c[nH]c3ccccc23)n1,4.499188,O=C(NCCc1c[nH]c2ccccc12)c1cccc(F)n1,4.825454
O=C(NCc1cn(CC2CC2)nn1)[C@@H](NC[C@@H]1Cc2ccccc2CN1C[C@@H]1Cc2ccccc2CN1)c1ccccc1,7.18648,O=C(NCc1cn(CC2CC2)nn1)[C@@H](NC[C@@H]1Cc2ccccc2CN1C(=O)[C@@H]1Cc2ccccc2CN1)c1ccccc1,7.162839
c1cc(NCc2ccc(-c3nnn(CC4CC4)n3)nc2)cc(-c2ccc3oc(C4CCNCC4)nc3c2)c1,8.092957,O=C(Nc1cccc(-c2ccc3oc(C4CCNCC4)nc3c2)c1)c1ccc(-c2nnn(CC3CC3)n2)nc1,7.330488
O=C(O)c1cccc(CN(Cc2ccc(-c3nnn(CC4CC4)n3)nc2)C2(C(=O)O)CCC2)c1,5.724762,O=C(O)c1cccc(CN(C(=O)c2ccc(-c3nnn(CC4CC4)n3)nc2)C2(C(=O)O)CCC2)c1,5.778731
Cc1cc(NCC(=O)O)cnc1NCc1ccc(-c2nc3ccc(C4=NCCc5ccccc54)cc3o2)cc1,6.811969,Cc1cc(NCC(=O)O)cnc1NC(=O)c1ccc(-c2nc3ccc(C4=NCCc5ccccc54)cc3o2)cc1,6.806798
N#Cc1cccc(Cn2cc(CCNCc3ccc(O)c(N)c3)c3ccccc32)c1,4.958607,N#Cc1cccc(Cn2cc(CCNC(=O)c3ccc(O)c(N)c3)c3ccccc32)c1,5.193277
O=C(O)[C@H](NCc1ccc(CCl)cc1)c1ccccc1,3.643917,O=C(N[C@@H](C(=O)O)c1ccccc1)c1ccc(CCl)cc1,4.005439
O=C(NCc1c[nH]c2ccccc12)c1ccccc1NCc1ccc(-c2nnn(CC3CC3)n2)nc1,7.603758,O=C(Nc1ccccc1C(=O)NCc1c[nH]c2ccccc12)c1ccc(-c2nnn(CC3CC3)n2)nc1,7.76471
Oc1ccc(-c2ccc(NCC3CCN3)cc2)cc1NCc1ccc2nc(-c3ccccc3)oc2c1,7.734867,O=C(Nc1ccc(-c2ccc(O)c(NCc3ccc4nc(-c5ccccc5)oc4c3)c2)cc1)C1CCN1,7.813207
Nc1ccc(CNc2cccc(-c3cn(CC4CC4)cn3)c2)cc1N,6.480217,Nc1ccc(C(=O)Nc2cccc(-c3cn(CC4CC4)cn3)c2)cc1N,6.901535
Nc1ccc(CNc2cc(CN3CC(C(=O)O)C3)ccc2O)cc1N,4.313932,Nc1cc(CN2CC(C(=O)Nc3cc(C(=O)O)ccc3N)C2)ccc1O,4.562544
O=C(O)c1ccc(Cn2nnc(-c3cccc(-c4ccc(NCC5CCN5)cc4)c3)n2)cc1,7.138525,O=C(O)c1ccc(Cn2nnc(-c3cccc(-c4ccc(NC(=O)C5CCN5)cc4)c3)n2)cc1,7.296374
O=C(NCCc1c[nH]c2ccccc12)c1cccc(-c2ccc(NCc3ccc(-c4nnn(CC5CC5)n4)nc3)cc2)c1,7.980374,O=C(NCCc1c[nH]c2ccccc12)c1cccc(-c2ccc(NC(=O)c3ccc(-c4nnn(CC5CC5)n4)nc3)cc2)c1,7.779139
Nc1ccc(CN[C@H](CNc2cc(NCCc3c[nH]c4ccccc34)ccc2O)c2ccccc2)cc1N,5.126792,Nc1ccc(C(=O)N[C@H](CNc2cc(NCCc3c[nH]c4ccccc34)ccc2O)c2ccccc2)cc1N,5.395092
c1ccc2c(c1)CN[C@H](CN(CCc1c[nH]c3ccccc13)CC1CNC1)C2,6.242578,O=C(C1CNC1)N(CCc1c[nH]c2ccccc12)C[C@@H]1Cc2ccccc2CN1,7.150832
N#Cc1ccc(N)c(NCc2ccc(CCl)cc2)c1,3.917804,N#Cc1ccc(N)c(NC(=O)c2ccc(CCl)cc2)c1,4.094902
O=C(Nc1ccc(NC23CC(C2)C3)cc1)c1ccccc1NCc1ccc(-c2nnn(CC3CC3)n2)nc1,7.906281,O=C(Nc1ccccc1C(=O)Nc1ccc(NC23CC(C2)C3)cc1)c1ccc(-c2nnn(CC3CC3)n2)nc1,7.637393
O=C(O)C1CN(Cc2ccc(-c3nc4cc(-c5nnn(CC6CC6)n5)ccc4o3)cc2)C1,6.830111,O=C(O)C1CN(C(=O)c2ccc(-c3nc4cc(-c5nnn(CC6CC6)n5)ccc4o3)cc2)C1,7.095942
O=C(NC12CC(C1)C2)C1CN(Cc2ccc(-c3nnn(CC4CC4)n3)nc2)C1,7.47283,O=C(NC12CC(C1)C2)C1CN(C(=O)c2ccc(-c3nnn(CC4CC4)n3)nc2)C1,4.791973
O=C(NCCc1ccccc1-c1ccc(NCc2ccc3nc(-c4ccc(CCl)cc4)oc3c2)cc1)C1CNC1,7.51266,O=C(Nc1ccc(-c2ccccc2CCNC(=O)C2CNC2)cc1)c1ccc2nc(-c3ccc(CCl)cc3)oc2c1,7.242616
O=C(O)c1ccc(NC2CN(CC3CNC3)C2)c(O)c1,4.150134,O=C(O)C1CN(C(=O)c2ccc(NC3CNC3)c(O)c2)C1,4.985428
O=Cc1ccc(CNc2cccc(-c3c[nH]cn3)c2)cc1,4.533935,O=Cc1ccc(C(=O)Nc2cccc(-c3c[nH]cn3)c2)cc1,4.96927
Nc1ccc(-c2nnnn2Cc2c[nH]cn2)cc1NCc1cccc(-c2nc3cc(-c4nnn(CC5CC5)n4)ccc3o2)c1,6.985535,Nc1cc(-c2nnnn2Cc2c[nH]cn2)ccc1NC(=O)c1cccc(-c2nc3cc(-c4nnn(CC5CC5)n4)ccc3o2)c1,6.841591
Oc1ccc(F)cc1N(Cc1ccc2nc(-c3ccccc3)oc2c1)C[C@@H]1Cc2ccccc2CN1,6.144371,O=C([C@@H]1Cc2ccccc2CN1)N(Cc1ccc2nc(-c3ccccc3)oc2c1)c1cc(F)ccc1O,6.166732
c1cc2nc(C3CNC3)[nH]c2cc1CNc1cc(-c2ccc3c(ccn3CC3CC3)c2)n[nH]1,8.15177,O=C(Nc1cc(-c2ccc3c(ccn3CC3CC3)c2)n[nH]1)c1ccc2nc(C3CNC3)[nH]c2c1,8.13004
Nc1ccccc1CNc1ccccn1,3.815481,Nc1ccccc1C(=O)Nc1ccccn1,4.210411
Nc1ccc(-c2nnn(Cc3ccccc3CNc3cccc(Br)c3O)n2)cc1NCc1cccc(F)n1,5.780059,Nc1ccc(-c2nnn(Cc3ccccc3C(=O)Nc3cccc(Br)c3O)n2)cc1NCc1cccc(F)n1,6.040232
Oc1cc(-c2cccc(NCc3c[nH]c4ccc(-c5nnn(CC6CC6)n5)cc34)c2)ccc1NCC1CNC1,7.914381,O=C(Nc1ccc(-c2cccc(NCc3c[nH]c4ccc(-c5nnn(CC6CC6)n5)cc34)c2)cc1O)C1CNC1,7.932797
ClCc1ccc(-c2nc3ccc(-c4ccc(NCC5CNC5)cc4)cc3o2)cc1,7.082072,O=C(Nc1ccc(-c2ccc3nc(-c4ccc(CCl)cc4)oc3c2)cc1)C1CNC1,7.212978
N#Cc1ccc(CNc2ccc(Nc3nc(F)nc4[nH]cnc34)cc2)cn1,4.907715,N#Cc1ccc(C(=O)Nc2ccc(Nc3nc(F)nc4[nH]cnc34)cc2)cn1,5.205915
O=C(Nc1cc(-c2nnn(CC3CC3)n2)ccc1O)c1ccc2nc([C@H]3CCCN3C[C@@H]3Cc4ccccc4CN3)oc2c1,7.776027,O=C(Nc1cc(-c2nnn(CC3CC3)n2)ccc1O)c1ccc2nc([C@H]3CCCN3C(=O)[C@@H]3Cc4ccccc4CN3)oc2c1,7.552631
Nc1ccccc1-c1nc2cc(CN3CCC3CNCCc3c[nH]c4ccccc34)ccc2o1,6.432896,Nc1ccccc1-c1nc2cc(CN3CCC3C(=O)NCCc3c[nH]c4ccccc34)ccc2o1,6.776399
O=C(NCc1ccccc1)c1ccc2nc(C3(NCC4CCN4)CCC3)oc2c1,7.504672,O=C(NCc1ccccc1)c1ccc2nc(C3(NC(=O)C4CCN4)CCC3)oc2c1,7.528073
c1cc(NCc2ccc(Cn3cc(CNCC4CNC4)nn3)cc2)c2[nH]ccc2c1,6.038519,O=C(NCc1cn(Cc2ccc(CNc3cccc4cc[nH]c34)cc2)nn1)C1CNC1,7.280381
N#Cc1ccc(O)c(NCc2cccc(C=O)c2)c1,3.785828,N#Cc1ccc(O)c(NC(=O)c2cccc(C=O)c2)c1,3.946027
O=C(O)[C@@H]1CCCN1Cc1ccc2nc(C3CCNCC3)oc2c1,5.356037,O=C(O)[C@@H]1CCCN1C(=O)c1ccc2nc(C3CCNCC3)oc2c1,5.356245
O=C(O)C1CCN1Cc1ccncc1,2.799886,O=C(O)C1CCN1C(=O)c1ccncc1,3.523749
Nc1cc(CNc2cc(CN3CCC[C@H]3C(=O)O)ccc2O)ccc1O,4.386656,Nc1cc(C(=O)Nc2cc(CN3CCC[C@H]3C(=O)O)ccc2O)ccc1O,4.354649
Nc1ccc(-c2cccc(NCc3ccc(CCl)cc3)c2)cc1,5.263834,Nc1ccc(-c2cccc(NC(=O)c3ccc(CCl)cc3)c2)cc1,5.547703
Nc1ccc(CNc2ccc(CN3CCC3C(=O)O)cc2N)cc1O,4.577782,Nc1ccc(C(=O)Nc2cc(CN3CCC3C(=O)O)ccc2N)cc1O,4.542742
C#CCNC(=O)c1ccc(NCc2ccnc(Br)c2)c(NCC2CCN2)c1,5.50105,C#CCNC(=O)c1ccc(NCc2ccnc(Br)c2)c(NC(=O)C2CCN2)c1,5.753938
c1ccc2c(c1)CN[C@H](CNC1(c3nc4ccc(-c5nnnn5Cc5ccc(-c6nnn(CC7CC7)n6)cc5)cc4[nH]3)CCC1)C2,7.967849,O=C(NC1(c2nc3ccc(-c4nnnn4Cc4ccc(-c5nnn(CC6CC6)n5)cc4)cc3[nH]2)CCC1)[C@@H]1Cc2ccccc2CN1,7.934417
C[C@@H](N)CNc1ccc(B(O)O)cc1,2.390131,C[C@@H](N)C(=O)Nc1ccc(B(O)O)cc1,2.719974
Fc1nc(NCC2CCN2CC2CCN2)c2ncn(Cc3cccc(-c4nnn(CC5CC5)n4)c3)c2n1,7.416356,O=C(C1CCN1)N(CC1CCN1)c1nc(F)nc2c1ncn2Cc1cccc(-c2nnn(CC3CC3)n2)c1,7.514709
O=C(c1ccccc1NCc1ccc(-c2nnn(CC3CC3)n2)nc1)N1CC(CO)C1,6.697505,O=C(Nc1ccccc1C(=O)N1CC(CO)C1)c1ccc(-c2nnn(CC3CC3)n2)nc1,6.718077
Oc1cc(CNc2cccc(-c3cncc(F)c3)c2)ccc1N(CC1CNC1)C[C@@H]1Cc2ccccc2CN1,7.156811,O=C(C1CNC1)N(C[C@@H]1Cc2ccccc2CN1)c1ccc(CNc2cccc(-c3cncc(F)c3)c2)cc1O,7.405044
O=C(O)C1CN(Cc2ccc3nc(C4CNC4)oc3c2)C1,5.834904,O=C(O)C1CN(C(=O)c2ccc3nc(C4CNC4)oc3c2)C1,6.551472
O=C(Nc1cccc(-c2ccc(NCC3CCN3)c(O)c2)c1)c1cccnc1,7.125658,O=C(Nc1cccc(-c2ccc(NC(=O)C3CCN3)c(O)c2)c1)c1cccnc1,6.869627
N#Cc1ccc(CN(Cc2ccccc2)c2ccc(NC[C@@H]3Cc4ccccc4CN3)cc2)cn1,6.261354,N#Cc1ccc(C(=O)N(C[C@@H]2Cc3ccccc3CN2)c2ccc(NCc3ccccc3)cc2)cn1,6.389476
Nc1ccc(CNc2ccc(C(=O)N3CC(C(=O)O)C3)cc2N)cc1N,4.804996,Nc1ccc(C(=O)N2CC(C(=O)Nc3cc(C(=O)O)ccc3N)C2)cc1N,5.032939
NCCc1ccccc1-c1cccc(NCc2ccccc2N)c1,4.76662,NCCc1ccccc1-c1cccc(NC(=O)c2ccccc2N)c1,4.468552
O=C(NC1(C(=O)O)CCC1)c1ccc(NCC2CNC2)c(O)c1,6.084551,O=C(NC1(C(=O)O)CCC1)c1ccc(NC(=O)C2CNC2)c(O)c1,6.289371
O=C(NCc1ccccc1)c1ccc2oc(C3CN(Cc4ccc5oc(C6CNC6)nc5c4)C3)nc2c1,7.888298,O=C(NCc1ccccc1)c1ccc2oc(C3CN(C(=O)c4ccc5oc(C6CNC6)nc5c4)C3)nc2c1,7.534034
O=C(Nc1cc(-c2cccc(CNc3cc(CN4CCC[C@H]4C(=O)O)ccc3O)c2)n[nH]1)[C@@H]1Cc2ccccc2CN1,6.709149,O=C(Nc1cc(CN2CCC[C@H]2C(=O)O)ccc1O)c1cccc(-c2cc(NC(=O)[C@@H]3Cc4ccccc4CN3)[nH]n2)c1,6.812714
Nc1ccc(CNc2cc(CNc3cccc4cc[nH]c34)ccc2O)cc1O,4.835169,Nc1ccc(C(=O)Nc2cc(CNc3cccc4cc[nH]c34)ccc2O)cc1O,4.963452
O=C(Nc1cc(CNCCc2cn(CC3CC3)c3ccccc23)ccc1O)c1ccc2nc(C3CNC3)[nH]c2c1,7.763017,O=C(NCCc1cn(CC2CC2)c2ccccc12)c1ccc(O)c(NC(=O)c2ccc3nc(C4CNC4)[nH]c3c2)c1,7.946075
Nc1ccc(CN[C@H](C(=O)O)c2ccccc2)cc1NCc1ccc(CO[C@H]2CN3CCC2CC3)cc1,6.684002,Nc1cc(CN[C@H](C(=O)O)c2ccccc2)ccc1NC(=O)c1ccc(CO[C@H]2CN3CCC2CC3)cc1,7.02529
N[C@H](CN1CC(=O)C1)c1ccccc1,2.359802,N[C@H](C(=O)N1CC(=O)C1)c1ccccc1,3.317988
O=C(O)c1c(NCc2ccc(-c3nnn(CC4CC4)n3)nc2)cccc1-c1cccnc1F,6.587027,O=C(Nc1cccc(-c2cccnc2F)c1C(=O)O)c1ccc(-c2nnn(CC3CC3)n2)nc1,6.73091
Fc1cc(-c2cccc(NCC3CNC3)c2)ccn1,6.357263,O=C(Nc1cccc(-c2ccnc(F)c2)c1)C1CNC1,7.235404
Nc1ccc(CN2CCC[C@@H]2C(=O)Nc2ccc(-c3ccccc3CNCc3ccccc3)cc2)cc1O,6.363167,Nc1ccc(C(=O)N(Cc2ccccc2)Cc2ccccc2-c2ccc(NC(=O)[C@H]3CCCN3)cc2)cc1O,6.186008
Nc1ccc(CNCc2ccc(C(F)(F)F)cc2)cc1O,4.513043,Nc1ccc(C(=O)NCc2ccc(C(F)(F)F)cc2)cc1O,4.851111
N#Cc1ccc(CNc2cccc(-c3ccc4[nH]c(C5CNC5)nc4c3)c2)cn1,7.390975,N#Cc1ccc(C(=O)Nc2cccc(-c3ccc4[nH]c(C5CNC5)nc4c3)c2)cn1,7.191817
Nc1ccc(CNc2cccc(B(O)O)c2)cc1O,3.161826,Nc1ccc(C(=O)Nc2cccc(B(O)O)c2)cc1O,3.392604
c1cc(CNc2ccnc3ccccc23)cc(-c2ccc(NCc3ccc(-c4nnn(CC5CC5)n4)nc3)cc2)c1,7.971059,O=C(Nc1ccnc2ccccc12)c1cccc(-c2ccc(NCc3ccc(-c4nnn(CC5CC5)n4)nc3)cc2)c1,8.078398
O=C(Nc1ccc(-c2cccc(NCc3ccc4[nH]c(C5CNC5)nc4c3)c2)cc1)[C@@H]1CCCNC1,8.134832,O=C(Nc1cccc(-c2ccc(NC(=O)[C@@H]3CCCNC3)cc2)c1)c1ccc2[nH]c(C3CNC3)nc2c1,7.407092
O=C(NCc1cn(CC2CC2)nn1)c1ccc(Cn2cc(CCNCC3CCN3)c3ccccc32)cc1,7.75177,O=C(NCc1cn(CC2CC2)nn1)c1ccc(Cn2cc(CCNC(=O)C3CCN3)c3ccccc32)cc1,7.923646
O=C(NCCc1c[nH]c2ccccc12)c1cccc(-c2ccc(O)c(NCc3cccc(F)n3)c2)c1,6.554239,O=C(NCCc1c[nH]c2ccccc12)c1cccc(-c2ccc(O)c(NC(=O)c3cccc(F)n3)c2)c1,6.406345
C[C@@H](NC(=O)c1cccc(-c2ccc(N)c(NCc3ccc(-c4nnn(CC5CC5)n4)nc3)c2)c1)c1ccccc1,7.731466,C[C@@H](NC(=O)c1cccc(-c2ccc(N)c(NC(=O)c3ccc(-c4nnn(CC5CC5)n4)nc3)c2)c1)c1ccccc1,7.374911
COc1ccccc1CNCc1ccccc1N,4.504963,COc1ccccc1CNC(=O)c1ccccc1N,4.553083
c1ccc2c(CCNc3c[nH]nc3NCc3ccc(-c4nnn(CC5CC5)n4)nc3)c[nH]c2c1,7.080817,O=C(Nc1n[nH]cc1NCCc1c[nH]c2ccccc12)c1ccc(-c2nnn(CC3CC3)n2)nc1,7.258552
O=C(O)c1cccc(CNc2n[nH]cc2-c2cccc(NCc3ccc(-c4nnn(CC5CC5)n4)nc3)c2)c1,7.018375,O=C(O)c1cccc(CNc2n[nH]cc2-c2cccc(NC(=O)c3ccc(-c4nnn(CC5CC5)n4)nc3)c2)c1,7.063237
c1ccc(CCNCc2ccc(Cn3ccc4cccc(NCc5ccc6[nH]c(C7CCN7)nc6c5)c43)cc2)cc1,7.222474,O=C(NCCc1ccccc1)c1ccc(Cn2ccc3cccc(NCc4ccc5[nH]c(C6CCN6)nc5c4)c32)cc1,7.121942
Nc1cccc(-c2cccc(NCc3ccc(N)c(O)c3)c2NC(=O)C2CNC2)c1,5.783226,Nc1ccc(C(=O)Nc2cccc(-c3cccc(N)c3NC(=O)C3CNC3)c2)cc1O,5.648625
O=C(NCCc1cn(CC2CC2)c2ccccc12)C1CCN(C(=O)[C@@H]2Cc3ccccc3CN2CC2CCN2)CC1,7.531177,O=C(NCCc1cn(CC2CC2)c2ccccc12)C1CCN(C(=O)[C@@H]2Cc3ccccc3CN2C(=O)C2CCN2)CC1,7.3141
Cc1cc(-c2ccc(C#N)c(F)c2)cnc1NCc1ccc(N)c(N)c1,5.196611,Cc1cc(-c2ccc(C#N)c(F)c2)cnc1NC(=O)c1ccc(N)c(N)c1,5.117972
Cc1cc(Br)cnc1Nc1cc(NCc2ccc(C#N)nc2)[nH]n1,4.087049,Cc1cc(Br)cnc1Nc1cc(NC(=O)c2ccc(C#N)nc2)[nH]n1,4.367599
Nc1cc(CNc2ccccc2CN2CC(c3nc4ccc(C(=O)O)cc4o3)C2)ccc1O,5.52203,Nc1cc(C(=O)Nc2ccccc2CN2CC(c3nc4ccc(C(=O)O)cc4o3)C2)ccc1O,5.590416
c1ccc2c(CNc3ccc(NCc4ccc(CO[C@H]5CN6CCC5CC6)cc4)cc3)c[nH]c2c1,7.906914,O=C(Nc1ccc(NCc2c[nH]c3ccccc23)cc1)c1ccc(CO[C@H]2CN3CCC2CC3)cc1,7.966624
O=C(NCc1c[nH]c2ccccc12)C1CCN1Cc1ccc2nc(-c3ccc(CO[C@H]4CN5CCC4CC5)cc3)oc2c1,7.815372,O=C(NCc1c[nH]c2ccccc12)C1CCN1C(=O)c1ccc2nc(-c3ccc(CO[C@H]4CN5CCC4CC5)cc3)oc2c1,7.843931
Nc1cc(CN(c2cccc(NCc3ccc(C=O)cc3)c2O)C2CC2)ccc1O,4.884902,Nc1cc(C(=O)N(Cc2ccc(C=O)cc2)c2cccc(NC3CC3)c2O)ccc1O,4.530235
Nc1ccc(CNc2c(O)cccc2C(=O)O)cc1N,3.152978,Nc1cc(C(=O)O)ccc1NC(=O)c1cccc(O)c1N,3.561588
Nc1cc(CNc2cccnc2Br)ccc1O,3.525252,Nc1cc(C(=O)Nc2cccnc2Br)ccc1O,3.871523
Nc1cc(CNc2ccccc2-c2nc3ccc(C(=O)O)cc3[nH]2)ccc1O,4.799133,Nc1cc(C(=O)Nc2ccccc2-c2nc3ccc(C(=O)O)cc3[nH]2)ccc1O,4.70696
Nc1cc(CNc2cc(Br)ccc2O)ccc1O,3.645528,Nc1cc(C(=O)Nc2cc(Br)ccc2O)ccc1O,3.642272
N#Cc1ccc(Cn2ccc3cccc(NCc4ccc(N)c(O)c4)c32)cc1,4.724141,N#Cc1ccc(Cn2ccc3cccc(NC(=O)c4ccc(N)c(O)c4)c32)cc1,5.054524
O=C(O)C1CCN(Cc2ccc3[nH]c([C@@H]4CCCN4)nc3c2)CC1,5.185109,O=C(O)C1CCN(C(=O)c2ccc3[nH]c([C@@H]4CCCN4)nc3c2)CC1,5.33152
c1ccc2c(c1)c(CNc1ccc(NCc3ccc4nc(C5CNC5)oc4c3)cc1)cn2CC1CC1,8.304352,O=C(Nc1ccc(NCc2cn(CC3CC3)c3ccccc23)cc1)c1ccc2nc(C3CNC3)oc2c1,8.327811
c1ccc2c(c1)c(CCNCc1ccc3nc(-c4ccc5oc([C@@H]6CCCN6)nc5c4)oc3c1)cn2CC1CC1,7.888918,O=C(NCCc1cn(CC2CC2)c2ccccc12)c1ccc2nc(-c3ccc4oc([C@@H]5CCCN5)nc4c3)oc2c1,8.086429
c1cc(Cn2ccc3cccc(NC[C@@H]4Cc5ccccc5CN4C[C@@H]4Cc5ccccc5CN4)c32)cc(-c2nnn(CC3CC3)n2)c1,7.651111,O=C([C@@H]1Cc2ccccc2CN1)N(C[C@@H]1Cc2ccccc2CN1)c1cccc2ccn(Cc3cccc(-c4nnn(CC5CC5)n4)c3)c12,7.791426
Nc1ccc(-c2ccc(NCc3ccc4nc(-c5ccc6nc(C7CNC7)oc6c5)oc4c3)cc2)cc1,7.728948,Nc1ccc(-c2ccc(NC(=O)c3ccc4nc(-c5ccc6nc(C7CNC7)oc6c5)oc4c3)cc2)cc1,6.76476
N#Cc1ccc(CNc2cc(C(=O)O)ccc2O)cn1,4.240554,N#Cc1ccc(C(=O)Nc2cc(C(=O)O)ccc2O)cn1,4.296705
Nc1ccc(CN2CC[C@@H](O)C2)cc1NCC1CNC1,5.113362,Nc1cc(CN2CC[C@@H](O)C2)ccc1NC(=O)C1CNC1,6.275406
Nc1cc(Nc2cccc(-c3cncc(-c4nc5c(CNC67CC(C6)C7)cccc5o4)c3)c2)n[nH]1,6.670994,Nc1cc(Nc2cccc(-c3cncc(-c4nc5c(C(=O)NC67CC(C6)C7)cccc5o4)c3)c2)n[nH]1,6.150148
Nc1ccc(CN[C@H](C(=O)Nc2cccc(B(O)O)c2)c2ccccc2)cc1O,3.90138,Nc1ccc(C(=O)N[C@H](C(=O)Nc2cccc(B(O)O)c2)c2ccccc2)cc1O,4.070545
O=C(Nc1ccccn1)c1ccc2oc(-c3ccccc3NC(=O)[C@@H]3Cc4ccccc4CN3C[C@@H]3Cc4ccccc4CN3)nc2c1,6.547938,O=C(Nc1ccccn1)c1ccc2oc(-c3ccccc3NC(=O)[C@@H]3Cc4ccccc4CN3C(=O)[C@@H]3Cc4ccccc4CN3)nc2c1,5.348852
Brc1cc(NCc2ccc(-c3nnnn3CC3CC3)nc2)[nH]n1,6.2015,O=C(Nc1cc(Br)n[nH]1)c1ccc(-c2nnnn2CC2CC2)nc1,6.163758
Nc1cccc(-c2ccc(NC[C@@H](NCC3CCN3)c3ccccc3)c(O)c2)c1,6.322626,N[C@H](CNc1ccc(-c2cccc(NC(=O)C3CCN3)c2)cc1O)c1ccccc1,7.20935
c1ccc2c(c1)CN[C@H](CN(CCc1cn(CC3CC3)c3ccccc13)c1ccc3oc([C@@H]4Cc5ccccc5CN4)nc3c1)C2,7.641637,O=C([C@@H]1Cc2ccccc2CN1)N(CCc1cn(CC2CC2)c2ccccc12)c1ccc2oc([C@@H]3Cc4ccccc4CN3)nc2c1,7.63301
O=C(Nc1cc(-c2nnn(CC3CC3)n2)ccc1O)C1CN(CC2CNC2)C1,7.071152,O=C(Nc1cc(-c2nnn(CC3CC3)n2)ccc1O)C1CN(C(=O)C2CNC2)C1,6.546771
Nc1ccc(CNc2cc(C(=O)O)ccc2O)cc1N,3.970762,Nc1cc(C(=O)Nc2cc(C(=O)O)ccc2N)ccc1O,3.921232
c1cc(NCC2CNC2)cc(-c2ccc3nc(-c4ccc(CO[C@@H]5CCNC5)cc4)oc3c2)c1,7.446927,O=C(Nc1cccc(-c2ccc3nc(-c4ccc(CO[C@@H]5CCNC5)cc4)oc3c2)c1)C1CNC1,7.585729
O=C([C@H]1CCCN1)N1CC(CNc2cccc3cc[nH]c23)C1,5.094226,O=C(Nc1cccc2cc[nH]c12)C1CN(C(=O)[C@H]2CCCN2)C1,5.960675
Nc1ccccc1CNc1cc(Br)n[nH]1,3.253114,Nc1ccccc1C(=O)Nc1cc(Br)n[nH]1,3.655412
O=C(O)c1ccc2nc(-c3ccccc3NC[C@@H]3Cc4ccccc4CN3)[nH]c2c1,6.316517,O=C(O)c1ccc2nc(-c3ccccc3NC(=O)[C@@H]3Cc4ccccc4CN3)[nH]c2c1,6.107308
O=C(NC1CC1)N1CC(CNCCc2cn(Cc3ccc(-c4nnn(CC5CC5)n4)cc3)c3ccccc23)C1,7.876483,O=C(NCCc1cn(Cc2ccc(-c3nnn(CC4CC4)n3)cc2)c2ccccc12)C1CN(C(=O)NC2CC2)C1,8.1033
Brc1ccc(NC[C@H]2CCCN2)cc1,3.654253,O=C(Nc1ccc(Br)cc1)[C@H]1CCCN1,5.241913
Nc1cc(CNc2cccc(-c3cccc(-c4nc5cc(C(=O)O)ccc5[nH]4)c3)c2)ccc1O,5.972717,Nc1cc(C(=O)Nc2cccc(-c3cccc(-c4nc5cc(C(=O)O)ccc5[nH]4)c3)c2)ccc1O,6.003449
O=C(O)c1ccc(NCc2ccc(CCl)cc2)c(NCc2ccc3oc(C4CNC4)nc3c2)c1,6.276627,O=C(O)c1ccc(NC(=O)c2ccc(CCl)cc2)c(NCc2ccc3oc(C4CNC4)nc3c2)c1,6.397611
Oc1cc(CNc2nc(-c3cccnc3)cs2)ccc1NCC1CNC1,6.643586,O=C(Nc1ccc(CNc2nc(-c3cccnc3)cs2)cc1O)C1CNC1,7.03432
O=C(Nc1cccc2ccn(CC3CC3)c12)c1cccc(N(C[C@@H]2Cc3ccccc3CN2)C23CC(C2)C3)n1,7.348967,O=C(Nc1cccc2ccn(CC3CC3)c12)c1cccc(N(C(=O)[C@@H]2Cc3ccccc3CN2)C23CC(C2)C3)n1,7.134821
c1ccc(N(Cc2ccc(CO[C@H]3CN4CCC3CC4)cc2)c2nc3ccccc3n2CC2CC2)nc1,7.659226,O=C(c1ccc(CO[C@H]2CN3CCC2CC3)cc1)N(c1ccccn1)c1nc2ccccc2n1CC1CC1,7.678941
COc1ccc(CNCC2CNC2)cc1,4.171809,COc1ccc(CNC(=O)C2CNC2)cc1,6.453418
c1ccc2c(Nc3ccc(NCc4ccc5nc(C6CN(CC7CCN7)C6)oc5c4)cc3)ccnc2c1,6.648018,O=C(C1CCN1)N(Cc1ccc2nc(C3CNC3)oc2c1)c1ccc(Nc2ccnc3ccccc23)cc1,7.432427
C#CCNC(=O)[C@H]1CCCN(C(=O)c2ccc(Cn3nnc(-c4ccc(CNC56CC(C5)C6)cn4)n3)cc2)C1,7.039508,C#CCNC(=O)[C@H]1CCCN(C(=O)c2ccc(Cn3nnc(-c4ccc(C(=O)NC56CC(C5)C6)cn4)n3)cc2)C1,6.932634
Nc1cccc(-c2ccc(O)c(NCC3CCN3)c2)c1,6.332215,Nc1cc(-c2cccc(NC(=O)C3CCN3)c2)ccc1O,6.759849
O=C(Nc1cccnc1-c1cccc(CNC23CC(C2)C3)c1)c1cccc(O)c1NCC1CCN1,6.629149,O=C(NC12CC(C1)C2)c1cccc(-c2ncccc2NC(=O)c2cccc(O)c2NCC2CCN2)c1,6.519393
c1cnc(-c2ccc(NCC3CNC3)cc2)c(NCc2ccc3nc([C@@H]4CCCN4)oc3c2)c1,7.580105,O=C(Nc1cccnc1-c1ccc(NCC2CNC2)cc1)c1ccc2nc([C@@H]3CCCN3)oc2c1,7.233975
c1cc2[nH]c(C3CNC3)nc2cc1CNc1cc(-c2cn(CC3CC3)nn2)n[nH]1,8.358652,O=C(Nc1cc(-c2cn(CC3CC3)nn2)n[nH]1)c1ccc2[nH]c(C3CNC3)nc2c1,7.201907
O=C(c1ccc2nc(-c3c[nH]c4ccc(-c5nnn(CC6CC6)n5)cc34)oc2c1)N1CCC1CNC12CC(C1)C2,7.857399,O=C(NC12CC(C1)C2)C1CCN1C(=O)c1ccc2nc(-c3c[nH]c4ccc(-c5nnn(CC6CC6)n5)cc34)oc2c1,7.814659
Oc1ccc(-c2nnn(CC3CC3)n2)cc1NCc1ccc2nc(-c3cccc(C4=NCCc5ccccc54)c3)oc2c1,7.904581,O=C(Nc1cc(-c2nnn(CC3CC3)n2)ccc1O)c1ccc2nc(-c3cccc(C4=NCCc5ccccc54)c3)oc2c1,7.666824
O=C(O)[C@@H]1CCCN1Cc1ccc2nc(-c3ncc[nH]3)oc2c1,4.229951,O=C(O)[C@@H]1CCCN1C(=O)c1ccc2nc(-c3ncc[nH]3)oc2c1,4.368068
Nc1cc(CN(Cc2cccc(C(=O)NC3CC3)c2)C2(C(=O)NC3CC3)CCC2)ccc1O,6.261199,Nc1cc(C(=O)N(Cc2cccc(C(=O)NC3CC3)c2)C2(C(=O)NC3CC3)CCC2)ccc1O,6.304536
O=Cc1cccc(CNc2ccc(C(=O)O)cc2O)c1,3.846957,O=Cc1cccc(C(=O)Nc2ccc(C(=O)O)cc2O)c1,3.800024
CC(=O)c1cccc(-c2ccc(N)c(NCc3ccccc3N)c2)c1,4.969065,CC(=O)c1cccc(-c2ccc(N)c(NC(=O)c3ccccc3N)c2)c1,4.552488
Oc1cccc(-c2cnc(Nc3ccc(-c4cccc(NC[C@@H]5Cc6ccccc6CN5)c4)cc3)nc2)c1,7.462619,O=C(Nc1cccc(-c2ccc(Nc3ncc(-c4cccc(O)c4)cn3)cc2)c1)[C@@H]1Cc2ccccc2CN1,7.466017
O=Cc1ccc(CNc2ccc(-c3cccc(-c4nnn(CC5CC5)n4)c3)cc2)cc1,7.082991,O=Cc1ccc(C(=O)Nc2ccc(-c3cccc(-c4nnn(CC5CC5)n4)c3)cc2)cc1,7.287714
c1cc(-c2cn(CC3CC3)cn2)ccc1NCC1CCN1,8.135921,O=C(Nc1ccc(-c2cn(CC3CC3)cn2)cc1)C1CCN1,7.858293
c1cc(NCc2ccnc(-c3ccc(NCc4ccc(CO[C@H]5CN6CCC5CC6)cc4)cc3)c2)c2[nH]ccc2c1,7.884785,O=C(Nc1ccc(-c2cc(CNc3cccc4cc[nH]c34)ccn2)cc1)c1ccc(CO[C@H]2CN3CCC2CC3)cc1,7.966398
N#Cc1ccc(CN2CCC2c2nc3ccccc3o2)cn1,5.714622,N#Cc1ccc(C(=O)N2CCC2c2nc3ccccc3o2)cn1,5.720996
C[C@H](NCc1ccc2[nH]c(-c3ccc(N)c(O)c3)nc2c1)c1ccccc1,5.444321,C[C@H](NC(=O)c1ccc2[nH]c(-c3ccc(N)c(O)c3)nc2c1)c1ccccc1,5.757338
c1cc(NCC2CCN2)cc(-c2cc(NCc3ccc(-c4nnn(CC5CC5)n4)nc3)[nH]n2)c1,8.247169,O=C(Nc1cc(-c2cccc(NCC3CCN3)c2)n[nH]1)c1ccc(-c2nnn(CC3CC3)n2)nc1,7.681231
OB(O)c1ccc(NCc2cccnc2)cc1,3.305966,O=C(Nc1ccc(B(O)O)cc1)c1cccnc1,3.615817
C[C@H](NC(=O)CNC(=O)c1cccc(F)c1NCc1ccc(N)c(O)c1)c1ccccc1,4.354993,C[C@H](NC(=O)CNC(=O)c1cccc(F)c1NC(=O)c1ccc(N)c(O)c1)c1ccccc1,4.572496
O=C(NCc1cn(Cc2cccc(-c3nnn(Cc4ccc(CNCCc5c[nH]c6ccccc56)cc4)n3)c2)c2ccccc12)C1CCN1,7.570649,O=C(NCCc1c[nH]c2ccccc12)c1ccc(Cn2nnc(-c3cccc(Cn4cc(CNC(=O)C5CCN5)c5ccccc54)c3)n2)cc1,7.471121
C[C@@H](NC(=O)N1CC(CN(C[C@@H]2Cc3ccccc3CN2)c2ccc(C(=O)NC3CC3)cc2O)C1)c1ccccc1,6.716972,C[C@@H](NC(=O)N1CC(CN(C(=O)[C@@H]2Cc3ccccc3CN2)c2ccc(C(=O)NC3CC3)cc2O)C1)c1ccccc1,6.849583
c1ccc2c(c1)c(CCNCc1ccc3oc(C4CNC4)nc3c1)cn2CC1CC1,7.949036,O=C(NCCc1cn(CC2CC2)c2ccccc12)c1ccc2oc(C3CNC3)nc2c1,8.096851
c1cc(NCc2ccc(CO[C@H]3CN4CCC3CC4)cc2)cc(-c2ccc3[nH]c(C4CCN4)nc3c2)c1,7.984816,O=C(Nc1cccc(-c2ccc3[nH]c(C4CCN4)nc3c2)c1)c1ccc(CO[C@H]2CN3CCC2CC3)cc1,7.422451
O=C(O)c1cccc(-c2nc3cc(CN4CCC(C(=O)O)CC4)ccc3o2)c1,5.030923,O=C(O)c1ccc2oc(-c3cccc(C(=O)N4CCC(C(=O)O)CC4)c3)nc2c1,5.048798
O=C(NCc1ccccc1)c1cccc(O)c1NCc1ccc2oc(C3CNC3)nc2c1,6.99716,O=C(Nc1c(O)cccc1C(=O)NCc1ccccc1)c1ccc2oc(C3CNC3)nc2c1,6.891571
Nc1ccc(CNc2cccc(-c3ccc(NC(=O)C4CNC4)c(O)c3)c2)cc1O,6.628269,Nc1ccc(C(=O)Nc2cccc(-c3ccc(NC(=O)C4CNC4)c(O)c3)c2)cc1O,6.63431
C#CCNCc1ccc(C=O)cc1,3.162109,C#CCNC(=O)c1ccc(C=O)cc1,3.125415
O=C(O)c1ccc2nc(C3CN(Cc4ccc5nc(-c6ccc(CO[C@H]7CN8CCC7CC8)cc6)oc5c4)C3)oc2c1,7.642395,O=C(O)c1ccc2nc(C3CN(C(=O)c4ccc5nc(-c6ccc(CO[C@H]7CN8CCC7CC8)cc6)oc5c4)C3)oc2c1,7.68323
Brc1cccc2nc(-c3ccc4[nH]c([C@@H](NCC5CNC5)c5ccccc5)nc4c3)oc12,6.310804,O=C(N[C@@H](c1ccccc1)c1nc2cc(-c3nc4cccc(Br)c4o3)ccc2[nH]1)C1CNC1,6.086231
O=C(NC1CC1)c1ccc2oc(-c3cccc(C(=O)N4CCC[C@@H]4CNCCc4ccncc4)c3)nc2c1,7.349407,O=C(NC1CC1)c1ccc2oc(-c3cccc(C(=O)N4CCC[C@@H]4C(=O)NCCc4ccncc4)c3)nc2c1,7.166213
Nc1cccc(-c2ccc(NCc3cnccc3NCC3CNC3)c(O)c2)c1,6.217661,Nc1cccc(-c2ccc(NCc3cnccc3NC(=O)C3CNC3)c(O)c2)c1,6.827683
Nc1ccc(CNCCc2cn(CC3CC3)c3ccccc23)cc1O,5.868688,Nc1ccc(C(=O)NCCc2cn(CC3CC3)c3ccccc23)cc1O,6.242629
Oc1cc(CNc2ccc(Br)cc2)ccc1NC[C@@H]1Cc2ccccc2CN1,6.453338,O=C(Nc1ccc(CNc2ccc(Br)cc2)cc1O)[C@@H]1Cc2ccccc2CN1,6.467134
ClCc1ccc(CN2CCC(c3nc4cc(-c5nnn(CC6CC6)n5)ccc4[nH]3)CC2)cc1,7.10664,O=C(c1ccc(CCl)cc1)N1CCC(c2nc3cc(-c4nnn(CC5CC5)n4)ccc3[nH]2)CC1,7.281126
Nc1cc(CNCc2ccc(C(F)(F)F)cc2)ccc1O,4.596958,Nc1cc(C(=O)NCc2ccc(C(F)(F)F)cc2)ccc1O,4.948696
Nc1ccc(C(=O)O)cc1NCc1ccccc1NC[C@@H]1Cc2ccccc2CN1,5.692029,Nc1ccc(C(=O)O)cc1NCc1ccccc1NC(=O)[C@@H]1Cc2ccccc2CN1,5.965639
c1cc(CNC23CC(C2)C3)cc(-c2cccc(N(CC3CCN3)C[C@@H]3Cc4ccccc4CN3)c2)c1,7.526055,O=C([C@@H]1Cc2ccccc2CN1)N(CC1CCN1)c1cccc(-c2cccc(CNC34CC(C3)C4)c2)c1,7.413919
Oc1c(Br)cccc1NCc1ccc2nc(C3CNC3)oc2c1,6.64909,O=C(Nc1cccc(Br)c1O)c1ccc2nc(C3CNC3)oc2c1,6.72286
O=C(Nc1ccccc1CNc1ccc(-c2cccc(CNc3ccnc4ccccc34)c2)cc1)[C@@H]1Cc2ccccc2CN1,7.546456,O=C(Nc1ccnc2ccccc12)c1cccc(-c2ccc(NCc3ccccc3NC(=O)[C@@H]3Cc4ccccc4CN3)cc2)c1,7.771217
c1cc(NCc2ccc3oc(-c4ccc(-c5nnn(CC6CC6)n5)nc4)nc3c2)c2c(c1)ccn2CC1CC1,8.097466,O=C(Nc1cccc2ccn(CC3CC3)c12)c1ccc2oc(-c3ccc(-c4nnn(CC5CC5)n4)nc3)nc2c1,7.947
Nc1ccc(CN[C@@H](C(=O)NCc2ccccc2)c2ccccc2)cc1O,4.732797,Nc1ccc(C(=O)N[C@@H](C(=O)NCc2ccccc2)c2ccccc2)cc1O,5.014045
O[C@H]1CN[C@H](c2nc3cc(CNc4cc(-c5ccc6c(ccn6CC6CC6)c5)n[nH]4)ccc3[nH]2)C1,7.23501,O=C(Nc1cc(-c2ccc3c(ccn3CC3CC3)c2)n[nH]1)c1ccc2[nH]c([C@@H]3C[C@@H](O)CN3)nc2c1,7.299941
c1ccc2c(c1)c(CNCc1ccc(-c3nnn(CC4CC4)n3)nc1)cn2Cc1ccc(-c2nnn(CC3CC3)n2)cc1,8.157389,O=C(NCc1cn(Cc2ccc(-c3nnn(CC4CC4)n3)cc2)c2ccccc12)c1ccc(-c2nnn(CC3CC3)n2)nc1,8.256267
O=C([C@@H]1Cc2ccccc2CN1Cc1ccc(-c2nnn(CC3CC3)n2)nc1)N1CC[C@@H](O)C1,6.896958,O=C([C@@H]1Cc2ccccc2CN1C(=O)c1ccc(-c2nnn(CC3CC3)n2)nc1)N1CC[C@@H](O)C1,6.630272
c1ccc(CCNCC2CNC2)cc1,4.480708,O=C(NCCc1ccccc1)C1CNC1,6.540655
c1ccc2c(c1)CN[C@H](CN(Cc1ccc(-c3nnn(CC4CC4)n3)nc1)c1cccc3ccn(CC4CC4)c13)C2,7.972758,O=C([C@@H]1Cc2ccccc2CN1)N(Cc1ccc(-c2nnn(CC3CC3)n2)nc1)c1cccc2ccn(CC3CC3)c12,7.982675
Oc1ccc(Br)cc1NCC1CNC1,4.368265,O=C(Nc1cc(Br)ccc1O)C1CNC1,5.034983
Nc1ccc(-c2nnn(CC(=O)c3ccc4c(c3)NC(=O)C4)n2)cc1NCc1ccc(-c2nnn(CC3CC3)n2)nc1,7.558625,Nc1cc(-c2nnn(CC(=O)c3ccc4c(c3)NC(=O)C4)n2)ccc1NC(=O)c1ccc(-c2nnn(CC3CC3)n2)nc1,7.088608
O=C(NCc1ccc(OC(=O)c2ccccc2NC[C@@H]2Cc3ccccc3CN2C[C@@H]2Cc3ccccc3CN2)cc1)NCc1ccco1,6.469335,O=C(NCc1ccc(OC(=O)c2ccccc2N(C[C@@H]2Cc3ccccc3CN2)C(=O)[C@@H]2Cc3ccccc3CN2)cc1)NCc1ccco1,6.511837
Nc1ccc(CNc2nc(-c3ccc(NCC4CCN4)cc3)cs2)cc1O,6.200768,Nc1ccc(C(=O)Nc2nc(-c3ccc(NCC4CCN4)cc3)cs2)cc1O,6.534453
O=C(Nc1ccccn1)C1(NCc2ccc(-c3nnn(CC4CC4)n3)nc2)CCC1,7.978854,O=C(NC1(C(=O)Nc2ccccn2)CCC1)c1ccc(-c2nnn(CC3CC3)n2)nc1,7.612454
O=C(O)c1ccc(Cn2nnc(-c3cccc(-c4ccc(NCC5CNC5)c(O)c4)c3)n2)cc1,6.696075,O=C(O)c1ccc(Cn2nnc(-c3cccc(-c4ccc(NC(=O)C5CNC5)c(O)c4)c3)n2)cc1,6.929452
O=C(NC1CC1)c1ccc(-c2nc3cc(CNCCc4ccccc4Nc4cccc5cc[nH]c45)ccc3o2)cc1,7.181071,O=C(NCCc1ccccc1Nc1cccc2cc[nH]c12)c1ccc2oc(-c3ccc(C(=O)NC4CC4)cc3)nc2c1,7.376319
Nc1cccc(-c2ccccc2CCNCC2CNC2)c1,5.060087,NCCc1ccccc1-c1cccc(NC(=O)C2CNC2)c1,6.462041
Cc1cc(NCCc2c[nH]c3ccccc23)cnc1NCc1ccc(N)c(O)c1,5.300119,Cc1cc(NCCc2c[nH]c3ccccc23)cnc1NC(=O)c1ccc(N)c(O)c1,5.457614
Nc1ccccc1CN1Cc2ccccc2C[C@H]1CNCCc1c[nH]c2ccccc12,5.421003,Nc1ccccc1C(=O)N(CCc1c[nH]c2ccccc12)C[C@@H]1Cc2ccccc2CN1,5.639869
Nc1cc(CNc2cc(Br)ccc2O)ccc1O,3.645528,Nc1cc(C(=O)Nc2cc(Br)ccc2O)ccc1O,3.642272
O=C(O)c1ccc(O)c(NCc2ccc(-c3nnn(CC4CC4)n3)nc2)c1,6.559067,O=C(O)c1ccc(O)c(NC(=O)c2ccc(-c3nnn(CC4CC4)n3)nc2)c1,6.461458
Nc1ccccc1CN1CC(=O)C1,2.717419,Nc1ccccc1C(=O)N1CC(=O)C1,3.054194
COc1ccccc1CNC(=O)c1ccc(NCC2CNC2)c(N)c1,6.445846,COc1ccccc1CNC(=O)c1ccc(N)c(NC(=O)C2CNC2)c1,6.962676
c1cc(-c2nnn(CC3CC3)n2)ncc1CNc1ccc(-c2cn(CC3CC3)cn2)cc1,8.311045,O=C(Nc1ccc(-c2cn(CC3CC3)cn2)cc1)c1ccc(-c2nnn(CC3CC3)n2)nc1,7.466327
COc1cccc(CNC(=O)c2ccc(NC(=O)C3CN(Cc4ccc(N)c(N)c4)C3)c(O)c2)c1,5.483242,COc1cccc(CNC(=O)c2ccc(NC(=O)C3CN(C(=O)c4ccc(N)c(N)c4)C3)c(O)c2)c1,5.939681
c1cc(NCc2ccc3nc(C4CNC4)oc3c2)cc(-c2cccc3nc(C4CNC4)oc23)c1,8.03514,O=C(Nc1cccc(-c2cccc3nc(C4CNC4)oc23)c1)c1ccc2nc(C3CNC3)oc2c1,5.995104
O=C(O)[C@H](Cc1c[nH]c2ccccc12)NCC1CCN1,4.44756,O=C(N[C@@H](Cc1c[nH]c2ccccc12)C(=O)O)C1CCN1,4.913787
O=C(O)C1(NCc2ccc3nc(C4CNC4)oc3c2)CCC1,5.937696,O=C(NC1(C(=O)O)CCC1)c1ccc2nc(C3CNC3)oc2c1,7.01745
CC1(C)OB(c2ccc(NCc3cccc(C=O)c3)nc2)OC1(C)C,3.749636,CC1(C)OB(c2ccc(NC(=O)c3cccc(C=O)c3)nc2)OC1(C)C,3.899748
O=C(NCc1ccccc1)C1CN(C(=O)c2ccc(NCc3ccc(CCl)cc3)c(NC[C@@H]3Cc4ccccc4CN3)c2)C1,6.934445,O=C(NCc1ccccc1)C1CN(C(=O)c2ccc(NCc3ccc(CCl)cc3)c(NC(=O)[C@@H]3Cc4ccccc4CN3)c2)C1,6.824891
Nc1ccc(-c2cccc(NCc3ccccc3NCc3ccc4nc(C5CNC5)[nH]c4c3)c2)cc1,7.401079,Nc1ccc(-c2cccc(NCc3ccccc3NC(=O)c3ccc4nc(C5CNC5)[nH]c4c3)c2)cc1,7.549592
Nc1ccc(CN(CC(=O)Nc2cccc(-c3cccnc3)c2O)CC2CNC2)cc1O,4.760668,Nc1ccc(C(=O)N(CC(=O)Nc2cccc(-c3cccnc3)c2O)CC2CNC2)cc1O,5.255797
O=C(NCCc1cn(Cc2ccccc2-c2nnn(CC3CC3)n2)c2ccccc12)C1CN(C[C@@H]2Cc3ccccc3CN2)C1,7.773333,O=C(NCCc1cn(Cc2ccccc2-c2nnn(CC3CC3)n2)c2ccccc12)C1CN(C(=O)[C@@H]2Cc3ccccc3CN2)C1,7.829707
N[C@@H](CNCc1ccccc1)c1ccccc1,3.703537,N[C@@H](C(=O)NCc1ccccc1)c1ccccc1,5.107667
C[C@@H](NCc1ccc(O)c(N)c1)c1ccccc1,3.899483,C[C@@H](NC(=O)c1ccc(O)c(N)c1)c1ccccc1,4.465222
O=C(NC1CC1)c1ccc(O)c(N(Cc2ccc(-c3nnnn3CC3CC3)nc2)CC2CCN2)c1,7.120224,O=C(NC1CC1)c1ccc(O)c(N(Cc2ccc(-c3nnnn3CC3CC3)nc2)C(=O)C2CCN2)c1,6.846551
Nc1cc(CNc2ccc(C(=O)O)cc2O)ccc1NCC1CNC1,5.533622,Nc1cc(CNc2ccc(C(=O)O)cc2O)ccc1NC(=O)C1CNC1,6.062086
Nc1cccc(-c2ccc(NCc3ccc(N)c(N)c3)c(N)c2)c1,4.734699,Nc1ccc(C(=O)Nc2cccc(-c3ccc(N)c(N)c3)c2)cc1N,5.16436
Nc1ccc(CNc2ccccc2C(=O)NC23CC(C2)C3)cc1O,5.208223,Nc1ccc(C(=O)Nc2ccccc2C(=O)NC23CC(C2)C3)cc1O,5.557298
C[C@H](NCc1ccc(N)c(N)c1)c1ccccc1,3.779273,C[C@H](NC(=O)c1ccc(N)c(N)c1)c1ccccc1,4.486674
ClCc1ccc(CN(c2ccccn2)C2CNC2)cc1,4.865281,O=C(c1ccc(CCl)cc1)N(c1ccccn1)C1CNC1,4.763971
OB(O)c1cccc(NCc2cccc(-c3cccc4nc(C5CCN5)oc34)c2)c1,5.986259,O=C(Nc1cccc(B(O)O)c1)c1cccc(-c2cccc3nc(C4CCN4)oc23)c1,6.036761
Nc1cccc(-c2ccc(NCc3ccc(-c4nnn(CC5CC5)n4)nc3)c(O)c2)c1,7.146096,Nc1ccc(-c2cccc(NC(=O)c3ccc(-c4nnn(CC5CC5)n4)nc3)c2)cc1O,7.058831
O=C(O)C1CCN(c2ccc(NCc3ccncc3F)c(NCc3ccccc3CCl)c2)CC1,4.399094,O=C(Nc1cc(N2CCC(C(=O)O)CC2)ccc1NCc1ccncc1F)c1ccccc1CCl,4.439118
C[C@@H](c1ccccc1)N(Cc1ccc(-c2nnn(CC3CC3)n2)nc1)Cc1ccc2oc([C@@H]3CCCN3)nc2c1,7.777565,C[C@@H](c1ccccc1)N(Cc1ccc2oc([C@@H]3CCCN3)nc2c1)C(=O)c1ccc(-c2nnn(CC3CC3)n2)nc1,7.718868
c1cc(-c2nnn(Cc3ccc(-c4nnn(CC5CC5)n4)cc3)n2)cc(-c2c[nH]nc2NCC2CCN2)c1,7.934412,O=C(Nc1n[nH]cc1-c1cccc(-c2nnn(Cc3ccc(-c4nnn(CC5CC5)n4)cc3)n2)c1)C1CCN1,7.964656
O=C(O)c1ccc(NCC2CCN2)c(NC2CCC2)c1,5.252392,O=C(O)c1ccc(NC(=O)C2CCN2)c(NC2CCC2)c1,5.64752
O=C(O)c1cccc2oc(-c3cccc(-c4cccc(NCC5CCN5)c4)c3)nc12,6.919908,O=C(O)c1cccc2oc(-c3cccc(-c4cccc(NC(=O)C5CCN5)c4)c3)nc12,7.225616
c1cc(-c2nnn(CC3CC3)n2)cc(-c2ccccc2CCNCc2ccc(CO[C@H]3CN4CCC3CC4)cc2)c1,8.010674,O=C(NCCc1ccccc1-c1cccc(-c2nnn(CC3CC3)n2)c1)c1ccc(CO[C@H]2CN3CCC2CC3)cc1,8.02524
O=C(O)c1ccc(NC(=O)c2ccc3nc(C4CNC4)oc3c2)c(NC[C@@H]2Cc3ccccc3CN2)c1,7.297843,O=C(O)c1ccc(NC(=O)c2ccc3nc(C4CNC4)oc3c2)c(NC(=O)[C@@H]2Cc3ccccc3CN2)c1,6.803375
Nc1cc(CN2CCC(C(=O)NC34CC(C3)C4)CC2)ccc1O,6.02874,Nc1cc(C(=O)N2CCC(C(=O)NC34CC(C3)C4)CC2)ccc1O,6.372517
Nc1cc(CN2CCC[C@H](c3nc4ccc(NC56CC(C5)C6)cc4o3)C2)ccc1O,5.754638,Nc1cc(C(=O)N(c2ccc3nc([C@H]4CCCNC4)oc3c2)C23CC(C2)C3)ccc1O,5.372858
C[C@@H](c1ccccc1)N(C[C@@H](N)Cc1c[nH]c2ccccc12)C1CN(Cc2cccc(C(=O)NC34CC(C3)C4)c2)C1,5.515785,C[C@@H](c1ccccc1)N(C(=O)[C@@H](N)Cc1c[nH]c2ccccc12)C1CN(Cc2cccc(C(=O)NC34CC(C3)C4)c2)C1,5.546907
C[C@H](NCc1ccc2[nH]c(-c3cccc(C(=O)O)c3)nc2c1)c1ccccc1,5.416878,C[C@H](NC(=O)c1ccc2[nH]c(-c3cccc(C(=O)O)c3)nc2c1)c1ccccc1,5.732434
O=C(Nc1ccccn1)C1CCN1Cc1ccc(O)c(NCC2CNC2)c1,6.737874,O=C(Nc1cc(CN2CCC2C(=O)Nc2ccccn2)ccc1O)C1CNC1,6.87115
c1cc2nc(C3CCNCC3)oc2cc1CNC12CC(C1)C2,7.151032,O=C(NC12CC(C1)C2)c1ccc2nc(C3CCNCC3)oc2c1,7.063235
O=C(O)C1CN(C(=O)[C@H]2CCCN2C(=O)[C@H](Cc2c[nH]c3ccccc23)NCc2ccc3nc(C4CNC4)oc3c2)C1,6.769435,O=C(N[C@@H](Cc1c[nH]c2ccccc12)C(=O)N1CCC[C@@H]1C(=O)N1CC(C(=O)O)C1)c1ccc2nc(C3CNC3)oc2c1,6.724507
Cc1cc(-c2cccc(CNc3cccc(Br)c3O)c2)cnc1NC[C@@H]1Cc2ccccc2CN1,6.802965,Cc1cc(-c2cccc(CNc3cccc(Br)c3O)c2)cnc1NC(=O)[C@@H]1Cc2ccccc2CN1,6.851002
Nc1cc(CNc2ccc(CNc3ccccn3)cc2N)ccc1O,5.010304,Nc1cc(C(=O)Nc2cc(CNc3ccccn3)ccc2N)ccc1O,5.068201
Nc1cc(CNC23CC(C2)C3)ccc1O,4.504848,Nc1cc(C(=O)NC23CC(C2)C3)ccc1O,4.521096
Nc1ccc(-c2ccc3[nH]c(C4(NCc5cccc(O)c5N)CCC4)nc3c2)cn1,5.797734,Nc1c(O)cccc1C(=O)Nc1ccc(-c2ccc3[nH]c(C4(N)CCC4)nc3c2)cn1,5.321844
NC1(CNCCc2cn(CC3CC3)c3ccccc23)CCC1,5.013105,NC1(C(=O)NCCc2cn(CC3CC3)c3ccccc23)CCC1,5.198963
c1ccc2c(CCNCc3ccc4oc(-c5ccc(CNC67CC(C6)C7)cc5)nc4c3)c[nH]c2c1,7.318929,O=C(NCCc1c[nH]c2ccccc12)c1ccc2oc(-c3ccc(CNC45CC(C4)C5)cc3)nc2c1,7.460033
O=C(NCc1c[nH]c2ccccc12)c1ccc(Cn2cc(CNC[C@@H]3Cc4ccccc4CN3)c3ccccc32)cc1,7.274289,O=C(NCc1c[nH]c2ccccc12)c1ccc(Cn2cc(CNC(=O)[C@@H]3Cc4ccccc4CN3)c3ccccc32)cc1,7.423396
Nc1ccc(CN[C@@H](Cc2ccccc2)C(=O)O)cc1N,3.108978,Nc1cc(C(=O)O)ccc1NC(=O)[C@@H](N)Cc1ccccc1,3.399543
c1cc(-c2ccc(NCc3ccc4nc([C@@H]5Cc6ccccc6CN5)oc4c3)cc2)cc(-c2nnn(CC3CC3)n2)c1,8.14671,O=C(Nc1ccc(-c2cccc(-c3nnn(CC4CC4)n3)c2)cc1)c1ccc2nc([C@@H]3Cc4ccccc4CN3)oc2c1,7.994732
O=C(NCc1cn(Cc2cc(=O)[nH]c3ccccc23)nn1)c1ccccc1NC[C@@H]1Cc2ccccc2CN1,6.476672,O=C(NCc1cn(Cc2cc(=O)[nH]c3ccccc23)nn1)c1ccccc1NC(=O)[C@@H]1Cc2ccccc2CN1,6.899799
OB(O)c1cccc(N(CC2CCN2)c2cc(-c3ccc(F)cc3)ccn2)c1,4.892657,O=C(C1CCN1)N(c1cccc(B(O)O)c1)c1cc(-c2ccc(F)cc2)ccn1,5.05719
c1ccc2c(c1)c(CCN(Cc1ccc(CO[C@H]3CN4CCC3CC4)cc1)C1CCNC1)cn2CC1CC1,7.669802,O=C(c1ccc(CO[C@H]2CN3CCC2CC3)cc1)N(CCc1cn(CC2CC2)c2ccccc12)C1CCNC1,7.866874
C[C@H](NC[C@@H]1Cc2ccccc2CN1)c1ccccc1,6.018794,C[C@H](NC(=O)[C@@H]1Cc2ccccc2CN1)c1ccccc1,6.426146
O=C(NCCc1ccccc1)c1ccc(O)c(NCc2ccc3nc(C4CNC4)[nH]c3c2)c1,7.424917,O=C(NCCc1ccccc1)c1ccc(O)c(NC(=O)c2ccc3nc(C4CNC4)[nH]c3c2)c1,7.366748
O=Cc1ccc(C(=O)N[C@@H](CNc2cccc(B(O)O)c2)c2ccccc2)cc1,4.077934,O=Cc1ccc(C(=O)N[C@@H](C(=O)Nc2cccc(B(O)O)c2)c2ccccc2)cc1,4.25373
O=C(O)c1cccc(-c2nc3cc(CNC45CC(C4)C5)ccc3o2)c1,6.260339,O=C(O)c1ccc2oc(-c3cccc(C(=O)NC45CC(C4)C5)c3)nc2c1,6.334031
Brc1ccccc1CCNCC1CCN1,4.988241,O=C(NCCc1ccccc1Br)C1CCN1,5.64993
Nc1ccc(CN2CCC2C(=O)O)cc1N,3.111882,Nc1ccc(C(=O)N2CCC2C(=O)O)cc1N,3.693439
Nc1cc(CNc2cc(C(=O)O)ccc2N)ccc1O,3.979466,Nc1cc(C(=O)Nc2cc(C(=O)O)ccc2N)ccc1O,3.921232
O=C(NC1CC1)N1CCC[C@@H](c2nc3ccc(CNCCc4cn(CC5CC5)c5ccccc45)cc3o2)C1,7.83209,O=C(NCCc1cn(CC2CC2)c2ccccc12)c1ccc2nc([C@@H]3CCCN(C(=O)NC4CC4)C3)oc2c1,7.95685
O=C([C@H]1CCCN1)N1CC(c2nc3cc(CN4CCN(C[C@@H]5Cc6ccccc6CN5)CC4)ccc3o2)C1,7.064796,O=C([C@@H]1Cc2ccccc2CN1)N1CCN(Cc2ccc3oc(C4CN(C(=O)[C@H]5CCCN5)C4)nc3c2)CC1,7.318632
Brc1cc(NCc2ccc3oc(C4CNC4)nc3c2)[nH]n1,6.673829,O=C(Nc1cc(Br)n[nH]1)c1ccc2oc(C3CNC3)nc2c1,6.520503
COc1ccccc1CNCc1cccc(CN2CC(c3nc4ccc(C(=O)O)cc4o3)C2)c1,6.1032,COc1ccccc1CNC(=O)c1ccc2nc(C3CN(Cc4cccc(C(=O)O)c4)C3)oc2c1,6.230967
c1ccc(NCc2ccc(-c3nnn(Cc4ccc(-c5nc6cccc(NC78CC(C7)C8)c6[nH]5)cc4)n3)nc2)nc1,7.468866,O=C(Nc1ccccn1)c1ccc(-c2nnn(Cc3ccc(-c4nc5cccc(NC67CC(C6)C7)c5[nH]4)cc3)n2)nc1,7.45511
FC(F)(F)c1ccc(CN(Cc2ccc3[nH]c(-c4ccc(CO[C@H]5CN6CCC5CC6)cc4)nc3c2)CC2CCN2)cc1,7.347693,O=C(C1CCN1)N(Cc1ccc(C(F)(F)F)cc1)Cc1ccc2[nH]c(-c3ccc(CO[C@H]4CN5CCC4CC5)cc3)nc2c1,7.669704
ClCc1ccc(CNCCc2cn(CC3CC3)c3ccccc23)cc1,6.17793,O=C(NCCc1cn(CC2CC2)c2ccccc12)c1ccc(CCl)cc1,6.286561
COc1ccccc1CNCc1cccc(O)c1N,4.623192,COc1ccccc1CNC(=O)c1cccc(O)c1N,4.247559
Nc1ccc(-c2cccc3nc(C4CCN4Cc4ccc(N)c(O)c4)oc23)cc1,5.199573,Nc1ccc(-c2cccc3nc(C4CCN4C(=O)c4ccc(N)c(O)c4)oc23)cc1,5.105688
Cc1cc(Br)cnc1NCc1ccc(N)c(O)c1,3.48132,Cc1cc(Br)cnc1NC(=O)c1ccc(N)c(O)c1,3.558231
Nc1cc(C(=O)NCc2ccccc2)ccc1NCC1CCN1,6.904583,Nc1cc(C(=O)NCc2ccccc2)ccc1NC(=O)C1CCN1,6.940529
Fc1ccc(-c2nc3ccc(-c4nc5ccc(CNc6ccnc7ccccc67)cc5o4)cc3o2)cc1,6.746574,O=C(Nc1ccnc2ccccc12)c1ccc2nc(-c3ccc4nc(-c5ccc(F)cc5)oc4c3)oc2c1,6.918897
c1cc(NCc2ccc3nc(C4CCN4)oc3c2)cc(-c2cccc3[nH]c(C4CNC4)nc23)c1,7.946214,O=C(Nc1cccc(-c2cccc3[nH]c(C4CNC4)nc23)c1)c1ccc2nc(C3CCN3)oc2c1,5.72683
c1cc(Cn2cc(CCNCc3ccc(CO[C@H]4CN5CCC4CC5)cc3)c3ccccc32)cc(-c2nnn(CC3CC3)n2)c1,8.059912,O=C(NCCc1cn(Cc2cccc(-c3nnn(CC4CC4)n3)c2)c2ccccc12)c1ccc(CO[C@H]2CN3CCC2CC3)cc1,8.081885
c1ccc2c(c1)CN[C@H](c1nc3c(CNc4cc(-c5cn(CC6CC6)nn5)n[nH]4)cccc3o1)C2,8.105482,O=C(Nc1cc(-c2cn(CC3CC3)nn2)n[nH]1)c1cccc2oc([C@@H]3Cc4ccccc4CN3)nc12,8.099508
O=C(O)c1ccc(NCC2CCN2)c(O)c1,4.892173,O=C(O)c1ccc(NC(=O)C2CCN2)c(O)c1,4.858888
O=C(O)C1CCN(c2ccc(NC[C@@H]3Cc4ccccc4CN3)cc2)CC1,5.664191,O=C(O)C1CCN(c2ccc(NC(=O)[C@@H]3Cc4ccccc4CN3)cc2)CC1,6.013844
c1ccc2c(c1)c(CCNCc1ccc3oc(-c4c[nH]c5ccc(-c6nnnn6CC6CC6)cc45)nc3c1)cn2CC1CC1,7.588082,O=C(NCCc1cn(CC2CC2)c2ccccc12)c1ccc2oc(-c3c[nH]c4ccc(-c5nnnn5CC5CC5)cc34)nc2c1,7.737833
Nc1ccc(C(=O)O)cc1NCc1ccc(COCC2CNC2)cc1,5.823461,Nc1cc(C(=O)O)ccc1NC(=O)c1ccc(COCC2CNC2)cc1,5.960063
c1ccc(-c2nnn(CC3CC3)n2)c(Cn2cc(CNCc3ccc4oc(C5CNC5)nc4c3)c3ccccc32)c1,7.958115,O=C(NCc1cn(Cc2ccccc2-c2nnn(CC3CC3)n2)c2ccccc12)c1ccc2oc(C3CNC3)nc2c1,8.10928
BrCc1ccc(-c2nnn(Cc3ccc(-c4nc5cc(-c6cccc(CNC78CC(C7)C8)c6)ccc5o4)cc3)n2)cc1,7.170772,O=C(NC12CC(C1)C2)c1cccc(-c2ccc3oc(-c4ccc(Cn5nnc(-c6ccc(CBr)cc6)n5)cc4)nc3c2)c1,7.24227
Nc1ccc(CNC23CC(C2)C3)cc1NCc1ccc2nc(C3CNC3)[nH]c2c1,7.577097,Nc1cc(CNC23CC(C2)C3)ccc1NC(=O)c1ccc2nc(C3CNC3)[nH]c2c1,7.616484
c1ccc2c(N(Cc3ccc4oc(-c5ccc(CO[C@H]6CN7CCC6CC7)cc5)nc4c3)CC3CCN3)ccnc2c1,8.028585,O=C(C1CCN1)N(Cc1ccc2oc(-c3ccc(CO[C@H]4CN5CCC4CC5)cc3)nc2c1)c1ccnc2ccccc12,8.02382
Nc1ccc(CN2CCC[C@H](C(=O)O)C2)cc1O,3.251097,Nc1ccc(C(=O)N2CCC[C@H](C(=O)O)C2)cc1O,3.710175
Nc1ccc(CNCc2cn(Cc3ccccc3C(=O)O)nn2)cc1N,4.200943,NCc1cn(Cc2ccccc2C(=O)Nc2cc(C(=O)O)ccc2N)nn1,4.217824
c1ccc(CNc2ccc(-c3cccc4nc(C5CCN5C[C@@H]5Cc6ccccc6CN5)oc34)cc2)cc1,7.241349,O=C([C@@H]1Cc2ccccc2CN1)N(Cc1ccccc1)c1ccc(-c2cccc3nc(C4CCN4)oc23)cc1,6.988775
O=C(NCCc1ccccc1)c1ccc2nc(-c3ccccc3NCc3ccc(CO[C@H]4CN5CCC4CC5)cc3)oc2c1,7.765064,O=C(NCCc1ccccc1)c1ccc2nc(-c3ccccc3NC(=O)c3ccc(CO[C@H]4CN5CCC4CC5)cc3)oc2c1,7.401965
Nc1ccccc1-c1nc2ccc(C(=O)Nc3ccc(Br)cc3NCc3ccc(-c4nnn(CC5CC5)n4)nc3)cc2o1,7.35196,Nc1cc(Br)ccc1NC(=O)c1ccc2nc(-c3ccccc3NC(=O)c3ccc(-c4nnn(CC5CC5)n4)nc3)oc2c1,6.146357
O=C(NCc1cn(CC2CC2)c2ccccc12)c1ccc(NCC2CCN2)c(NC(=O)[C@@H]2CCCN2)c1,7.580585,O=C(NCc1cn(CC2CC2)c2ccccc12)c1ccc(NC(=O)C2CCN2)c(NC(=O)[C@@H]2CCCN2)c1,6.959675
O=C(O)c1ccc2oc(C3(NCC4CCN4)CCC3)nc2c1,6.246054,O=C(O)c1ccc2oc(C3(NC(=O)C4CCN4)CCC3)nc2c1,6.259629
Oc1ccc(Br)cc1NCc1ccc(-c2nnn(CC3CC3)n2)nc1,6.449395,O=C(Nc1cc(Br)ccc1O)c1ccc(-c2nnn(CC3CC3)n2)nc1,6.298895
NCCc1ccccc1-c1ccc(Nc2ccc(NCc3ccc4nc([C@@H]5CCCN5)oc4c3)cc2)cc1,6.727789,NCCc1ccccc1-c1ccc(Nc2ccc(NC(=O)c3ccc4nc([C@@H]5CCCN5)oc4c3)cc2)cc1,6.91013
Cc1cc(N2CCC(C(=O)O)CC2)cnc1NC[C@@H]1Cc2ccccc2CN1,5.852959,Cc1cc(N2CCC(C(=O)O)CC2)cnc1NC(=O)[C@@H]1Cc2ccccc2CN1,5.999292
O=C(O)[C@H](NCC1CNC1)c1ccccc1,3.703755,O=C(N[C@@H](C(=O)O)c1ccccc1)C1CNC1,5.169279
N#Cc1ccc2oc(-c3ccc(CNc4cccc(B(O)O)c4)cc3)nc2c1,4.887786,N#Cc1ccc2oc(-c3ccc(C(=O)Nc4cccc(B(O)O)c4)cc3)nc2c1,5.057004
Oc1cc(CNc2cccc3cc[nH]c23)ccc1NCc1ccc2nc(C3CCN(CC4CNC4)CC3)oc2c1,7.225602,O=C(C1CNC1)N(Cc1ccc(NCc2ccc3nc(C4CCNCC4)oc3c2)c(O)c1)c1cccc2cc[nH]c12,7.19931
O=C(O)c1ccccc1NC[C@@H]1Cc2ccccc2CN1,5.138841,O=C(O)c1ccccc1NC(=O)[C@@H]1Cc2ccccc2CN1,5.516325
ClCc1ccc(CN2Cc3ccccc3C[C@H]2CNc2ccnc3ccccc23)cc1,5.549394,O=C(c1ccc(CCl)cc1)N(C[C@@H]1Cc2ccccc2CN1)c1ccnc2ccccc12,5.903011
O=C(Nc1c(F)cccc1-c1nc2ccc(Br)cc2o1)c1cccc(-c2cc(NCC3CNC3)[nH]n2)c1,6.722503,O=C(Nc1c(F)cccc1-c1nc2ccc(Br)cc2o1)c1cccc(-c2cc(NC(=O)C3CNC3)[nH]n2)c1,6.677801
Nc1ccc(CNc2ccc(C(=O)NC34CC(C3)C4)cc2N)cc1O,5.571011,Nc1ccc(C(=O)Nc2cc(C(=O)NC34CC(C3)C4)ccc2N)cc1O,5.719488
Nc1ccc(CN[C@@H](Cc2ccccc2)C(=O)O)cc1O,3.138763,N[C@@H](Cc1ccccc1)C(=O)Nc1ccc(C(=O)O)cc1O,3.333557
O=C([C@@H]1Cc2ccccc2CN1C[C@@H]1Cc2ccccc2CN1)N1CC(c2nc3cc(NCCc4ccccc4)ccc3o2)C1,7.370502,O=C([C@@H]1Cc2ccccc2CN1)N1CC(c2nc3cc(N(CCc4ccccc4)C(=O)[C@@H]4Cc5ccccc5CN4)ccc3o2)C1,7.307632
O=C(O)[C@@H]1Cc2ccccc2CN1Cc1ccc(-c2nnn(CC3CC3)n2)nc1,6.987662,O=C(O)[C@@H]1Cc2ccccc2CN1C(=O)c1ccc(-c2nnn(CC3CC3)n2)nc1,6.64529
Nc1ccc(CN2CCC[C@H](O)C2)cc1N,3.118433,Nc1ccc(C(=O)N2CCC[C@H](O)C2)cc1N,3.563141
COc1ccc(O)c(N(Cc2ccc(C3=NCCc4ccccc43)cc2)Cc2ccc(-c3nnn(CC4CC4)n3)nc2)c1,7.377102,COc1ccc(O)c(N(Cc2ccc(C3=NCCc4ccccc43)cc2)C(=O)c2ccc(-c3nnn(CC4CC4)n3)nc2)c1,7.369986
Nc1cc(CNc2cccc(Nc3cccc4cc[nH]c34)c2O)ccc1O,4.597529,Nc1cc(C(=O)Nc2cccc(Nc3cccc4cc[nH]c34)c2O)ccc1O,4.717476
O=C(Nc1ccnc2ccccc12)c1ccc2nc(-c3ccc(-c4ncccc4NCC4CCN4)cc3)oc2c1,7.444177,O=C(Nc1ccnc2ccccc12)c1ccc2nc(-c3ccc(-c4ncccc4NC(=O)C4CCN4)cc3)oc2c1,3.825903
Nc1cc(CNc2ccc(C(=O)Nc3cccc(B(O)O)c3)cc2O)ccc1O,4.400121,Nc1cc(C(=O)Nc2ccc(C(=O)Nc3cccc(B(O)O)c3)cc2O)ccc1O,4.361794
Nc1cc(CNCCc2ccccc2)ccc1NCc1ccc(CCl)cc1,5.357456,Nc1cc(CNCCc2ccccc2)ccc1NC(=O)c1ccc(CCl)cc1,5.626457
N[C@@H](CNc1cc(-c2ccc(NCc3ccc4nc([C@H]5CCCN5)oc4c3)cc2)n[nH]1)c1ccccc1,7.614718,N[C@@H](C(=O)Nc1cc(-c2ccc(NCc3ccc4nc([C@H]5CCCN5)oc4c3)cc2)n[nH]1)c1ccccc1,8.010201
Nc1ccc(CNc2ccc(NC3CC3)cc2)cc1N,4.359898,Nc1ccc(C(=O)Nc2ccc(NC3CC3)cc2)cc1N,4.711433
Nc1ccc(CNc2cc(C(=O)NCCc3ccccc3Br)ccc2O)cc1O,5.208182,Nc1ccc(C(=O)Nc2cc(C(=O)NCCc3ccccc3Br)ccc2O)cc1O,5.303198
O=C1CCN(Cc2ccc(NC[C@@H]3Cc4ccccc4CN3)c(NCc3ccc(C(=O)NCc4c[nH]c5ccccc45)cc3)c2)CC1,6.768128,O=C1CCN(Cc2ccc(NC(=O)[C@@H]3Cc4ccccc4CN3)c(NCc3ccc(C(=O)NCc4c[nH]c5ccccc45)cc3)c2)CC1,6.891437
Cc1cc(-c2cccc(NCc3ccc(-c4nnn(CC5CC5)n4)nc3)c2)cnc1NC(=O)NCc1c[nH]c2ccccc12,7.753505,Cc1cc(-c2cccc(NC(=O)c3ccc(-c4nnn(CC5CC5)n4)nc3)c2)cnc1NC(=O)NCc1c[nH]c2ccccc12,7.420403
N#Cc1ccc(CN(Cc2cccc(-c3cccc(C(=O)NCc4ccccc4)c3)c2)C23CC(C2)C3)cn1,7.177604,N#Cc1ccc(C(=O)N(Cc2cccc(-c3cccc(C(=O)NCc4ccccc4)c3)c2)C23CC(C2)C3)cn1,7.262274
COc1ccccc1CNC(=O)[C@@H]1CCCN1Cc1ccc(N)c(N)c1,5.144589,COc1ccccc1CNC(=O)[C@@H]1CCCN1C(=O)c1ccc(N)c(N)c1,5.613169
O=C(O)c1cccc(-c2ccc(NCC3CCN3)c(O)c2)c1,6.107406,O=C(O)c1cccc(-c2ccc(NC(=O)C3CCN3)c(O)c2)c1,6.150796
O=Cc1cccc(Nc2cccc(-c3ccc(NCC4CCN4)cc3)c2)c1,6.619578,O=Cc1cccc(Nc2cccc(-c3ccc(NC(=O)C4CCN4)cc3)c2)c1,6.854308
c1cncc(-c2ccc3oc(C4CCN4Cc4ccc5nc(C6CNC6)oc5c4)nc3c2)c1,7.65178,O=C(c1ccc2nc(C3CNC3)oc2c1)N1CCC1c1nc2cc(-c3cccnc3)ccc2o1,7.438946
c1ccc(-c2nc3ccc(-c4cccc(NCc5ccc6nc(C7CNC7)oc6c5)c4)cc3[nH]2)cc1,7.870927,O=C(Nc1cccc(-c2ccc3nc(-c4ccccc4)[nH]c3c2)c1)c1ccc2nc(C3CNC3)oc2c1,7.61909
O=C(NCc1c[nH]c2ccccc12)C1CN(C(=O)c2ccccc2NCc2ccc3nc(C4CNC4)oc3c2)C1,7.615731,O=C(Nc1ccccc1C(=O)N1CC(C(=O)NCc2c[nH]c3ccccc23)C1)c1ccc2nc(C3CNC3)oc2c1,7.653628
O=C(O)c1ccc2oc(-c3ccc(NCC4CCN4)c(O)c3)nc2c1,6.52102,O=C(O)c1ccc2oc(-c3ccc(NC(=O)C4CCN4)c(O)c3)nc2c1,6.414289
Nc1ccc(CN2CC(C(=O)O)C2)cc1N,3.144813,Nc1ccc(C(=O)N2CC(C(=O)O)C2)cc1N,3.92556
O=C(O)c1ccccc1NC[C@@H]1Cc2ccccc2CN1,5.138841,O=C(O)c1ccccc1NC(=O)[C@@H]1Cc2ccccc2CN1,5.516325
Fc1cccc(CNc2ccc(-c3ccc(NC[C@@H]4Cc5ccccc5CN4)cc3)cc2)n1,7.188578,O=C(Nc1ccc(-c2ccc(NCc3cccc(F)n3)cc2)cc1)[C@@H]1Cc2ccccc2CN1,7.281552
OB(O)c1cccc(NCC2CN(c3c[nH]cn3)C2)c1,3.232811,O=C(Nc1cccc(B(O)O)c1)C1CN(c2c[nH]cn2)C1,3.828293
C#CCNCc1cccc(C=O)c1,2.982642,C#CCNC(=O)c1cccc(C=O)c1,2.983581
Nc1cc(CN2CCC(CNc3ccnc4ccccc34)CC2)ccc1O,4.92243,Nc1cc(C(=O)N(CC2CCNCC2)c2ccnc3ccccc23)ccc1O,4.273535
O=C(Nc1ccnc2ccccc12)c1ccc2nc([C@@H]3CCCN3C[C@@H]3Cc4ccccc4CN3)oc2c1,7.612712,O=C(Nc1ccnc2ccccc12)c1ccc2nc([C@@H]3CCCN3C(=O)[C@@H]3Cc4ccccc4CN3)oc2c1,7.605562
Nc1cc(CNC2(C(=O)Nc3cc(Br)n[nH]3)CCC2)ccc1O,4.809634,Nc1cc(C(=O)NC2(C(=O)Nc3cc(Br)n[nH]3)CCC2)ccc1O,4.914402
c1cc(-c2nnnn2CC2CC2)ccc1Cn1cnc(-c2ccc(NCC3CNC3)cc2)c1,7.674993,O=C(Nc1ccc(-c2cn(Cc3ccc(-c4nnnn4CC4CC4)cc3)cn2)cc1)C1CNC1,7.925279
O=C(Nc1ccc(N(CC2CNC2)c2ccccn2)cc1)c1ccc(CCl)cc1,5.89238,O=C(Nc1ccc(N(C(=O)C2CNC2)c2ccccn2)cc1)c1ccc(CCl)cc1,6.358362
c1ccc(NC[C@H]2CCCN2CC2CNC2)nc1,5.739608,O=C(Nc1ccccn1)[C@H]1CCCN1CC1CNC1,5.84034
CC1(C)OB(c2ccc(NCc3ccc(N)c(O)c3)nc2)OC1(C)C,3.686435,CC1(C)OB(c2ccc(NC(=O)c3ccc(N)c(O)c3)nc2)OC1(C)C,3.779363
O=C(Nc1ccccc1OC(=O)[C@@H]1Cc2ccccc2CN1C[C@@H]1Cc2ccccc2CN1)[C@@H]1CCCN(C(=O)Nc2cccc3ccccc23)C1,6.708466,O=C(Nc1ccccc1OC(=O)[C@@H]1Cc2ccccc2CN1C(=O)[C@@H]1Cc2ccccc2CN1)[C@@H]1CCCN(C(=O)Nc2cccc3ccccc23)C1,6.753172
O=C(C1CNC1)N1CCC[C@@H]1CNc1ccc(-c2cn(CC3CC3)cn2)cc1,7.954836,O=C(Nc1ccc(-c2cn(CC3CC3)cn2)cc1)[C@H]1CCCN1C(=O)C1CNC1,6.789375
O=C(O)c1ccc2oc(C3CCN3Cc3ccc(-c4ccc(NCC5CCN5)cc4)cc3)nc2c1,7.350615,O=C(O)c1ccc2oc(C3CCN3Cc3ccc(-c4ccc(NC(=O)C5CCN5)cc4)cc3)nc2c1,7.407524
c1cc(NCC2CNC2)cc(-c2ccc(NCc3ccc4oc(C5CNC5)nc4c3)cc2)c1,8.147913,O=C(Nc1cccc(-c2ccc(NCc3ccc4oc(C5CNC5)nc4c3)cc2)c1)C1CNC1,7.984646
Nc1ccc(CN2CC(C(=O)N3CCC[C@H]3CO)C2)cc1N,4.062364,Nc1ccc(C(=O)N2CC(C(=O)N3CCC[C@H]3CO)C2)cc1N,4.704245
O=C(Nc1cc(Br)n[nH]1)c1cccnc1-c1ccc(NCc2ccc(NCC3CCN3)c(O)c2)cc1,6.806567,O=C(Nc1cc(Br)n[nH]1)c1cccnc1-c1ccc(NCc2ccc(NC(=O)C3CCN3)c(O)c2)cc1,6.843966
C[C@@H](NCc1ccc(O)c(NCC2CNC2)c1)c1ccccc1,5.854018,C[C@@H](NCc1ccc(O)c(NC(=O)C2CNC2)c1)c1ccccc1,6.488383
Nc1cc(CN(CC2CCN2)c2ccnc3ccccc23)ccc1O,5.050786,Nc1cc(CN(C(=O)C2CCN2)c2ccnc3ccccc23)ccc1O,5.181241
N#Cc1ccc(CNc2cc(-c3nnnn3Cc3ccc(-c4nnn(CC5CC5)n4)cc3)ccc2O)cn1,7.090351,N#Cc1ccc(C(=O)Nc2cc(-c3nnnn3Cc3ccc(-c4nnn(CC5CC5)n4)cc3)ccc2O)cn1,7.074757
Cc1cc(Br)cnc1NCc1cccc(B(O)O)c1,3.084695,Cc1cc(Br)cnc1NC(=O)c1cccc(B(O)O)c1,3.123803
N#Cc1ccc(CN2CC(C(=O)Nc3ccc(NCc4cn(CC5CC5)c5ccccc45)cc3)C2)cn1,7.278732,N#Cc1ccc(C(=O)N(Cc2cn(CC3CC3)c3ccccc23)c2ccc(NC(=O)C3CNC3)cc2)cn1,7.207099
N#Cc1cccc(-c2nc(F)ccc2NCC2CCN2)c1,5.667649,N#Cc1cccc(-c2nc(F)ccc2NC(=O)C2CCN2)c1,6.034861
N#Cc1ccc(Cn2cc(CCNCc3ccc4nc(C5CNC5)oc4c3)c3ccccc32)cc1,7.099264,N#Cc1ccc(Cn2cc(CCNC(=O)c3ccc4nc(C5CNC5)oc4c3)c3ccccc32)cc1,7.302172
Nc1ccc(CNc2cc(CN3CC(C(=O)O)C3)ccc2N)cc1N,4.297136,Nc1ccc(C(=O)Nc2cc(CN3CC(C(=O)O)C3)ccc2N)cc1N,4.341241
O=Cc1cncc(-c2ccc(F)c(CNc3cc(C(=O)O)ccc3O)c2)c1,4.735612,O=Cc1cncc(-c2ccc(F)c(C(=O)Nc3cc(C(=O)O)ccc3O)c2)c1,4.811442
Brc1ccc2[nH]c(-c3ccc(CNc4ccc(-c5cccc(CNC67CC(C6)C7)c5)cc4)cc3)nc2c1,7.451141,O=C(NC12CC(C1)C2)c1cccc(-c2ccc(NCc3ccc(-c4nc5cc(Br)ccc5[nH]4)cc3)cc2)c1,7.583906
Brc1ccc(NCC2CCN2)cc1,5.556608,O=C(Nc1ccc(Br)cc1)C1CCN1,6.159767
N#Cc1ccc2oc(CNCc3ccc(O)c(N)c3)nc2c1,4.206581,N#Cc1ccc2oc(CNC(=O)c3ccc(O)c(N)c3)nc2c1,4.721431
O=C(Nc1ccnc2ccccc12)c1ccccc1N(C(=O)C1(NC[C@@H]2Cc3ccccc3CN2)CCC1)C1CCNCC1,6.708417,O=C(Nc1ccnc2ccccc12)c1ccccc1N(C(=O)C1(NC(=O)[C@@H]2Cc3ccccc3CN2)CCC1)C1CCNCC1,6.597703
C[C@@H](NCc1ccc2nc(C3CNC3)oc2c1)C(=O)Nc1ccc(-c2ccc(N)cc2)cc1,7.4534,C[C@@H](N)C(=O)Nc1ccc(-c2ccc(NC(=O)c3ccc4nc(C5CNC5)oc4c3)cc2)cc1,6.633073
Nc1cc(CNc2ccc(C(=O)NCc3c[nH]c4ccccc34)cc2O)ccc1O,5.636547,Nc1cc(C(=O)Nc2ccc(C(=O)NCc3c[nH]c4ccccc34)cc2O)ccc1O,5.705708
Nc1ccc(-c2ccc3nc(-c4ccccc4NC[C@@H]4Cc5ccccc5CN4)n(CC4CC4)c3c2)cc1,6.820109,Nc1ccc(-c2ccc3nc(-c4ccccc4NC(=O)[C@@H]4Cc5ccccc5CN4)n(CC4CC4)c3c2)cc1,3.865644
C[C@H](c1ccccc1)N(Cc1cccc(-c2nc3ccc(-c4nnn(CC5CC5)n4)cc3[nH]2)c1)C[C@@H]1Cc2ccccc2CN1,7.839459,C[C@H](c1ccccc1)N(Cc1cccc(-c2nc3ccc(-c4nnn(CC5CC5)n4)cc3[nH]2)c1)C(=O)[C@@H]1Cc2ccccc2CN1,7.810222
O=C(NC12CC(C1)C2)c1ccc2oc(-c3cccc(-c4ccc(NCC5CCN5)cc4)c3)nc2c1,7.459457,O=C(NC12CC(C1)C2)c1ccc2oc(-c3cccc(-c4ccc(NC(=O)C5CCN5)cc4)c3)nc2c1,5.006365
Nc1ccc(Br)cc1NC[C@@H]1CCCN1,3.190965,Nc1cc(Br)ccc1NC(=O)[C@@H]1CCCN1,4.407207
Nc1ccc(-c2nc3ccccc3o2)cc1NC[C@H](N)c1ccccc1,5.579076,Nc1cc(-c2nc3ccccc3o2)ccc1NC(=O)[C@H](N)c1ccccc1,6.415804
N#Cc1ccc(CN2CC(C(=O)Nc3cccc4cc[nH]c34)C2)cn1,5.44454,N#Cc1ccc(C(=O)N2CC(C(=O)Nc3cccc4cc[nH]c34)C2)cn1,6.157885
Nc1ccc(-c2cccc(NCC3CCN3)c2)cc1NC(=O)C1CNC1,7.017641,Nc1ccc(-c2cccc(NC(=O)C3CCN3)c2)cc1NC(=O)C1CNC1,5.42422
O=Cc1ccnc(-c2cccc(NCc3ccc(-c4nnn(CC5CC5)n4)nc3)c2)c1,7.278813,O=Cc1ccnc(-c2cccc(NC(=O)c3ccc(-c4nnn(CC5CC5)n4)nc3)c2)c1,7.10919
N#Cc1ccc(Cn2ccc3cccc(NCc4ccc(CCl)cc4)c32)cc1,4.934513,N#Cc1ccc(Cn2ccc3cccc(NC(=O)c4ccc(CCl)cc4)c32)cc1,5.410237
c1cc(NC[C@@H]2Cc3ccccc3CN2)cc(-c2ccc3nc(C4(NC[C@@H]5Cc6ccccc6CN5)CCC4)oc3c2)c1,7.83955,O=C(NC1(c2nc3ccc(-c4cccc(NC[C@@H]5Cc6ccccc6CN5)c4)cc3o2)CCC1)[C@@H]1Cc2ccccc2CN1,7.826699
NC1(c2nc3cc(CNc4cccc(-c5ccc(NCC6CCNCC6)cc5)c4)ccc3[nH]2)CCC1,5.739389,NC1(c2nc3cc(CNc4cccc(-c5ccc(NC(=O)C6CCNCC6)cc5)c4)ccc3[nH]2)CCC1,7.032162
c1ncc(-c2ccc(NC[C@@H]3CCCNC3)cc2)cc1CNC12CC(C1)C2,6.727893,O=C(Nc1ccc(-c2cncc(CNC34CC(C3)C4)c2)cc1)[C@@H]1CCCNC1,7.160737
O=C(NCc1cn(CC2CC2)c2ccccc12)N1Cc2ccccc2C[C@H]1CNCCc1cn(CC2CC2)c2ccccc12,7.654644,O=C(NCCc1cn(CC2CC2)c2ccccc12)[C@@H]1Cc2ccccc2CN1C(=O)NCc1cn(CC2CC2)c2ccccc12,7.679355
O=C(O)c1ccc2c(c1)nc([C@H]1CCCN1)n2Cc1ccc(CN2CCC[C@H]2C(=O)O)cc1,4.815906,O=C(O)c1ccc(Cn2c([C@H]3CCCN3)nc3cc(C(=O)N4CCC[C@H]4C(=O)O)ccc32)cc1,4.936693
O=Cc1cccc(CNc2ccccn2)c1,3.741184,O=Cc1cccc(C(=O)Nc2ccccn2)c1,4.246374
c1cc(NCc2ccc3[nH]c(C4CCNCC4)nc3c2)cc(-c2ncccc2NCC2CCN2)c1,7.765972,O=C(Nc1cccnc1-c1cccc(NCc2ccc3[nH]c(C4CCNCC4)nc3c2)c1)C1CCN1,7.729308
O=C(Nc1ccc(N(CCc2cn(CC3CC3)c3ccccc23)C[C@@H]2Cc3ccccc3CN2)cc1)Nc1cccc2ccccc12,7.571066,O=C(Nc1ccc(N(CCc2cn(CC3CC3)c3ccccc23)C(=O)[C@@H]2Cc3ccccc3CN2)cc1)Nc1cccc2ccccc12,7.62098
COc1ccc(CNCc2cccc(C3c4ccccc4CCN3C(=O)[C@@H]3Cc4ccccc4CN3C[C@@H]3Cc4ccccc4CN3)c2)cc1,6.830892,COc1ccc(CN(Cc2cccc(C3c4ccccc4CCN3C(=O)[C@@H]3Cc4ccccc4CN3)c2)C(=O)[C@@H]2Cc3ccccc3CN2)cc1,6.808189
Nc1ccccc1CN1CCC1CNc1ccc(C(=O)O)cc1O,4.594945,Nc1ccc(C(=O)Nc2ccccc2CN2CCC2C(=O)O)cc1O,4.471482
O=C(NCCc1cn(Cc2ccc(-c3nnn(CC4CC4)n3)cc2)c2ccccc12)C1CCN1C[C@@H]1Cc2ccccc2CN1,7.991034,O=C(NCCc1cn(Cc2ccc(-c3nnn(CC4CC4)n3)cc2)c2ccccc12)C1CCN1C(=O)[C@@H]1Cc2ccccc2CN1,8.017716
FC(F)(F)c1ccc(CNCc2ccc3oc(-c4ccc(-c5nnn(CC6CC6)n5)nc4)nc3c2)cc1,7.558725,O=C(NCc1ccc(C(F)(F)F)cc1)c1ccc2oc(-c3ccc(-c4nnn(CC5CC5)n4)nc3)nc2c1,7.708378
O=C(Nc1ccc(-c2ccc3oc(C4CCN(C[C@@H]5Cc6ccccc6CN5)CC4)nc3c2)cc1)c1cccnc1,7.543368,O=C(Nc1ccc(-c2ccc3oc(C4CCN(C(=O)[C@@H]5Cc6ccccc6CN5)CC4)nc3c2)cc1)c1cccnc1,7.565439
C[C@H](c1ccccc1)N(Cc1ccc(O)c(NCC2CNC2)c1)Cc1ccccc1NC(=O)NC1CC1,6.886771,C[C@@H](NCc1ccc(O)c(N(CC2CNC2)C(=O)c2ccccc2NC(=O)NC2CC2)c1)c1ccccc1,6.598583
C[C@@H](c1ccccc1)N(C[C@@H]1CCCNC1)c1ccc2nc(CO[C@H]3CN4CCC3CC4)oc2c1,6.566786,C[C@@H](c1ccccc1)N(C(=O)[C@@H]1CCCNC1)c1ccc2nc(CO[C@H]3CN4CCC3CC4)oc2c1,7.264953
c1ccc2c(NCc3ccc4oc(-c5ccc(CO[C@H]6CN7CCC6CC7)cc5)nc4c3)ccnc2c1,7.921649,O=C(Nc1ccnc2ccccc12)c1ccc2oc(-c3ccc(CO[C@H]4CN5CCC4CC5)cc3)nc2c1,8.075106
Nc1ccc(CN2CC(c3nc4ccc(C(=O)N5CCC[C@@H]5C(=O)NC56CC(C5)C6)cc4o3)C2)cc1N,6.430371,Nc1ccc(C(=O)N2CC(c3nc4ccc(C(=O)N5CCC[C@@H]5C(=O)NC56CC(C5)C6)cc4o3)C2)cc1N,6.614664
O=C(O)c1ccc2nc(-c3ccc(C(=O)N4CC(CNc5ccc(Br)cc5)C4)cc3)oc2c1,6.156321,O=C(Nc1ccc(Br)cc1)c1ccc2nc(-c3ccc(C(=O)N4CC(C(=O)O)C4)cc3)oc2c1,6.500885
Nc1ccc(CNCCc2ccccc2Br)cc1N,3.752809,Nc1ccc(C(=O)NCCc2ccccc2Br)cc1N,4.390408
O=C(NC1CC1)c1ccc(Cn2cc(CNC[C@@H]3Cc4ccccc4CN3)c3ccccc32)cc1,7.717443,O=C(NC1CC1)c1ccc(Cn2cc(CNC(=O)[C@@H]3Cc4ccccc4CN3)c3ccccc32)cc1,7.81203
O=C(NC1CC1)c1ccc(-c2nc3cc(CNc4ccnc5ccccc45)ccc3[nH]2)cc1,7.542333,O=C(Nc1ccnc2ccccc12)c1ccc2[nH]c(-c3ccc(C(=O)NC4CC4)cc3)nc2c1,7.543821
O=C(Nc1ccccc1CN1Cc2ccccc2C[C@H]1CNc1ccccc1C(=O)NC1CC1)NC1CC1,7.153653,O=C(Nc1ccccc1C(=O)N(C[C@@H]1Cc2ccccc2CN1)c1ccccc1C(=O)NC1CC1)NC1CC1,7.066969
COc1cccc(CN(C[C@@H]2Cc3ccccc3CN2)c2ccc3nc(-c4ccc(-c5nnn(CC6CC6)n5)nc4)oc3c2)c1,7.455226,COc1cccc(CN(C(=O)[C@@H]2Cc3ccccc3CN2)c2ccc3nc(-c4ccc(-c5nnn(CC6CC6)n5)nc4)oc3c2)c1,7.454903
NCCc1ccccc1-c1cccc(CNc2ccc(-c3cccc(-c4nnn(CC5CC5)n4)c3)cc2)c1,7.245518,NCCc1ccccc1-c1cccc(C(=O)Nc2ccc(-c3cccc(-c4nnn(CC5CC5)n4)c3)cc2)c1,7.176841
OB(O)c1cccc(NCc2ccc(-c3nc4cc(-c5nnn(CC6CC6)n5)ccc4o3)cc2)c1,6.418993,O=C(Nc1cccc(B(O)O)c1)c1ccc(-c2nc3cc(-c4nnn(CC5CC5)n4)ccc3o2)cc1,6.457762
Cc1cc(-c2ccc(F)c(CNc3cc(Br)ccc3N)c2)cnc1N,4.314386,Cc1cc(-c2ccc(F)c(C(=O)Nc3cc(Br)ccc3N)c2)cnc1N,4.378227
c1cc(CNc2ccc(-c3cccc(NC[C@@H]4Cc5ccccc5CN4)c3)cc2)cc(CNc2cccc3cc[nH]c23)c1,7.56392,O=C(Nc1cccc(-c2ccc(NCc3cccc(CNc4cccc5cc[nH]c45)c3)cc2)c1)[C@@H]1Cc2ccccc2CN1,7.682435
OB(O)c1cc(-c2cccc(NCc3ccc4oc(C5CNC5)nc4c3)c2)cnc1F,6.358216,O=C(Nc1cccc(-c2cnc(F)c(B(O)O)c2)c1)c1ccc2oc(C3CNC3)nc2c1,6.476589
O=C(NC1CC1)c1ccc2oc(-c3ccc(CNc4ccc(-c5cccnc5)cc4)cc3)nc2c1,7.927223,O=C(Nc1ccc(-c2cccnc2)cc1)c1ccc(-c2nc3cc(C(=O)NC4CC4)ccc3o2)cc1,7.314875
Brc1ccc2nc([C@H](NCc3ccc4oc(-c5ccc(CO[C@H]6CN7CCC6CC7)cc5)nc4c3)c3ccccc3)oc2c1,7.493313,O=C(N[C@H](c1ccccc1)c1nc2ccc(Br)cc2o1)c1ccc2oc(-c3ccc(CO[C@H]4CN5CCC4CC5)cc3)nc2c1,7.336828
O=C(O)c1cccc(N2CC(CNc3cccc(B(O)O)c3)C2)n1,3.642793,O=C(Nc1cccc(B(O)O)c1)c1cccc(N2CC(C(=O)O)C2)n1,4.312806
C[C@H](NC[C@@H]1Cc2ccccc2CN1Cc1ccc(N)c(N)c1)c1ccccc1,5.072816,C[C@H](NC(=O)[C@@H]1Cc2ccccc2CN1Cc1ccc(N)c(N)c1)c1ccccc1,5.324897
Nc1ccc(CNc2cccc3cc[nH]c23)cc1O,3.952252,Nc1ccc(C(=O)Nc2cccc3cc[nH]c23)cc1O,4.337398
O=C(C1CNC1)N1CCC(c2nc3ccc(CNc4cccc(-c5cnc(F)nc5)c4)cc3o2)CC1,8.022323,O=C(Nc1cccc(-c2cnc(F)nc2)c1)c1ccc2nc(C3CCN(C(=O)C4CNC4)CC3)oc2c1,7.759532
Nc1ccccc1CN1CCC1CN[C@H](Cc1c[nH]c2ccccc12)C(=O)O,4.168271,N[C@H](Cc1c[nH]c2ccccc12)C(=O)Nc1ccccc1CN1CCC1C(=O)O,4.106271
Nc1c(O)cccc1CNc1ccc(Br)cc1,4.108218,Nc1c(O)cccc1C(=O)Nc1ccc(Br)cc1,3.898647
Nc1cc(CNc2ccc(-c3ccc(O)c(NC(=O)C4CNC4)c3)cc2)ccc1O,6.661098,Nc1cc(C(=O)Nc2ccc(-c3ccc(O)c(NC(=O)C4CNC4)c3)cc2)ccc1O,6.347643
Nc1ccccc1CNc1ccc(Br)cc1N,3.507824,Nc1cc(Br)ccc1NC(=O)c1ccccc1N,3.631143
Brc1ccc(NCC2CNC2)c(NCc2cccc3oc(-c4ccc(COCC5CNC5)cc4)nc23)c1,7.288301,O=C(Nc1ccc(Br)cc1NCc1cccc2oc(-c3ccc(COCC4CNC4)cc3)nc12)C1CNC1,7.602659
Fc1cccc(-c2nc3ccc(CNc4cc(Br)n[nH]4)cc3o2)n1,5.29397,O=C(Nc1cc(Br)n[nH]1)c1ccc2nc(-c3cccc(F)n3)oc2c1,5.635251
c1ccc(CNCc2ccc(Cn3ccc4cccc(NCC5CCN5)c43)cc2)cc1,6.838779,O=C(NCc1ccccc1)c1ccc(Cn2ccc3cccc(NCC4CCN4)c32)cc1,6.954055
O=Cc1ccc(C(=O)N2CC(CNc3cccc(-c4ccc(NC[C@@H]5Cc6ccccc6CN5)cc4)c3)C2)cc1,7.363622,O=Cc1ccc(C(=O)N2CC(C(=O)Nc3cccc(-c4ccc(NC[C@@H]5Cc6ccccc6CN5)cc4)c3)C2)cc1,7.390299
COc1ccccc1CNCc1ccc(CNc2ccc(B(O)O)cc2)cc1,5.048073,COc1ccccc1CNCc1ccc(C(=O)Nc2ccc(B(O)O)cc2)cc1,5.298505
Oc1cc(CNc2cccc3ccn(Cc4cccc(-c5nnn(CC6CC6)n5)c4)c23)ccc1NCC1CNC1,7.56712,O=C(Nc1ccc(CNc2cccc3ccn(Cc4cccc(-c5nnn(CC6CC6)n5)c4)c23)cc1O)C1CNC1,7.776234
O=C(NC1CC1)c1ccc(NCc2cccc3oc(C4CCN(C[C@@H]5Cc6ccccc6CN5)CC4)nc23)c(O)c1,7.622478,O=C(NC1CC1)c1ccc(N(Cc2cccc3oc(C4CCNCC4)nc23)C(=O)[C@@H]2Cc3ccccc3CN2)c(O)c1,7.108875
Oc1cc(CNc2ccc3nc([C@@H]4Cc5ccccc5CN4)oc3c2)ccc1NC[C@@H]1Cc2ccccc2CN1,7.58843,O=C(Nc1ccc(CNc2ccc3nc([C@@H]4Cc5ccccc5CN4)oc3c2)cc1O)[C@@H]1Cc2ccccc2CN1,7.51519
N#Cc1cccc(-c2ccc(NC(=O)c3ccc(NCC4CNC4)c(NC[C@@H]4Cc5ccccc5CN4)c3)c(O)c2)c1,7.151866,N#Cc1cccc(-c2ccc(NC(=O)c3ccc(NCC4CNC4)c(NC(=O)[C@@H]4Cc5ccccc5CN4)c3)c(O)c2)c1,6.788282
Nc1ccccc1CN1CCC(=O)CC1,2.942775,Nc1ccccc1C(=O)N1CCC(=O)CC1,2.700978
C#CCNC(=O)Nc1ccccc1CNc1ccc(-c2cccc(-c3nnn(CC4CC4)n3)c2)cc1,7.304299,C#CCNC(=O)Nc1ccccc1C(=O)Nc1ccc(-c2cccc(-c3nnn(CC4CC4)n3)c2)cc1,7.235066
N#Cc1cccc(-c2ccnc(N(CC3CNC3)C34CC(C3)C4)c2)c1,6.28945,N#Cc1cccc(-c2ccnc(N(C(=O)C3CNC3)C34CC(C3)C4)c2)c1,5.109985
Brc1ccc2nc(-c3ccc4nc(-c5cccc(-c6ccc(NCC7CNC7)cc6)c5)[nH]c4c3)oc2c1,7.512103,O=C(Nc1ccc(-c2cccc(-c3nc4ccc(-c5nc6ccc(Br)cc6o5)cc4[nH]3)c2)cc1)C1CNC1,7.486756
O=C(O)C1CCN(Cc2cncc(-c3ccc(NC[C@@H]4Cc5ccccc5CN4)cc3)c2)CC1,6.530286,O=C(O)C1CCN(Cc2cncc(-c3ccc(NC(=O)[C@@H]4Cc5ccccc5CN4)cc3)c2)CC1,6.716057
Nc1cc(CNc2ccc(-c3cc(NC[C@@H]4Cc5ccccc5CN4)[nH]n3)cn2)ccc1NCc1cccc(F)n1,7.538752,Nc1cc(C(=O)Nc2ccc(-c3cc(NC[C@@H]4Cc5ccccc5CN4)[nH]n3)cn2)ccc1NCc1cccc(F)n1,7.440042
Nc1ccc(Nc2cccc3cc[nH]c23)cc1NCc1ccc(-c2nnn(CC3CC3)n2)nc1,7.033103,Nc1cc(Nc2cccc3cc[nH]c23)ccc1NC(=O)c1ccc(-c2nnn(CC3CC3)n2)nc1,7.144538
O=C(O)[C@H]1CCCN1C(=O)c1ccccc1NC[C@@H]1Cc2ccccc2CN1,5.273477,O=C(Nc1ccccc1C(=O)N1CCC[C@@H]1C(=O)O)[C@@H]1Cc2ccccc2CN1,5.726266
O=C(c1ccc(Cn2nnc(-c3ccc(O)c(NCC4CNC4)c3)n2)cc1)N1CCC[C@H]1CO,6.057492,O=C(Nc1cc(-c2nnn(Cc3ccc(C(=O)N4CCC[C@H]4CO)cc3)n2)ccc1O)C1CNC1,6.53411
c1ccc2c(c1)CN[C@H](CNc1ccc(-c3cc(NCc4ccc5oc([C@@H]6CCCN6)nc5c4)[nH]n3)cc1)C2,8.007888,O=C(Nc1cc(-c2ccc(NC[C@@H]3Cc4ccccc4CN3)cc2)n[nH]1)c1ccc2oc([C@@H]3CCCN3)nc2c1,8.016065
COc1ccc2nc(C3CCN3C(=O)c3ccc4oc([C@@H](NC[C@@H]5Cc6ccccc6CN5)c5ccccc5)nc4c3)[nH]c2c1,6.750314,COc1ccc2nc(C3CCN3C(=O)c3ccc4oc([C@@H](NC(=O)[C@@H]5Cc6ccccc6CN5)c5ccccc5)nc4c3)[nH]c2c1,6.698042
COc1ccccc1CNC(=O)N1CCC[C@@H]1CNC12CC(C1)C2,6.502383,COc1ccccc1CNC(=O)N1CCC[C@@H]1C(=O)NC12CC(C1)C2,6.525379
O=C(NCCc1c[nH]c2ccc(O)cc12)[C@@H]1CCCN1Cc1ccc2oc(C3CNC3)nc2c1,7.383559,O=C(NCCc1c[nH]c2ccc(O)cc12)[C@@H]1CCCN1C(=O)c1ccc2oc(C3CNC3)nc2c1,7.176684
C[C@H](Nc1ccc(NCc2ccc3nc([C@@H]4CCCN4)oc3c2)cc1)c1ccccc1,7.276217,C[C@H](Nc1ccc(NC(=O)c2ccc3nc([C@@H]4CCCN4)oc3c2)cc1)c1ccccc1,7.496547
Nc1ccc(CNCCCC[C@@H](N)C(=O)N2CC(c3nc4cc(F)ccc4o3)C2)cc1N,4.126503,NCCCC[C@@H](NC(=O)c1ccc(N)c(N)c1)C(=O)N1CC(c2nc3cc(F)ccc3o2)C1,4.853264
N#Cc1ccc(CNc2ccc(-c3ccc(O)c(NC(=O)C4CCN4)c3)cc2)cn1,6.994042,N#Cc1ccc(C(=O)Nc2ccc(-c3ccc(O)c(NC(=O)C4CCN4)c3)cc2)cn1,6.707132
C1CN[C@@H](CNC23CC(C2)C3)C1,3.675185,O=C(NC12CC(C1)C2)[C@H]1CCCN1,5.792119
c1ccc2c(c1)c(CNc1ccc(NCc3ccc4nc(C5CCNCC5)oc4c3)cc1)cn2CC1CC1,8.023623,O=C(Nc1ccc(NCc2cn(CC3CC3)c3ccccc23)cc1)c1ccc2nc(C3CCNCC3)oc2c1,8.13764
O=C(NCc1cn(CC2CC2)nn1)c1cccc(CN(CCc2ccccc2)C[C@@H]2Cc3ccccc3CN2)c1,7.400111,O=C(NCc1cn(CC2CC2)nn1)c1cccc(CN(CCc2ccccc2)C(=O)[C@@H]2Cc3ccccc3CN2)c1,7.263903
Nc1ccc(CNc2ccc(CNc3ccc(Br)cc3)cc2O)cc1N,4.866151,Nc1ccc(C(=O)Nc2ccc(CNc3ccc(Br)cc3)cc2O)cc1N,5.089583
Nc1cc(CNc2ccccn2)ccc1O,3.871838,Nc1cc(C(=O)Nc2ccccn2)ccc1O,4.239824
c1cc(NCc2ccc3nc(C4CNC4)oc3c2)cc(-c2ccc3nc(C4CNC4)oc3c2)c1,8.031702,O=C(Nc1cccc(-c2ccc3nc(C4CNC4)oc3c2)c1)c1ccc2nc(C3CNC3)oc2c1,6.108979
O=C(O)C1CN(Cc2cccc(B(O)O)c2)C1,2.915751,O=C(O)C1CN(C(=O)c2cccc(B(O)O)c2)C1,3.372271
O=C(Nc1cccnc1-c1cccc(NC[C@@H]2Cc3ccccc3CN2)c1)c1ccc(CO[C@H]2CN3CCC2CC3)cc1,7.835758,O=C(Nc1cccnc1-c1cccc(NC(=O)[C@@H]2Cc3ccccc3CN2)c1)c1ccc(CO[C@H]2CN3CCC2CC3)cc1,7.573798
O=Cc1cccc(-c2ccc(NCc3ccc(CO[C@H]4CN5CCC4CC5)cc3)cc2)c1,7.553876,O=Cc1cccc(-c2ccc(NC(=O)c3ccc(CO[C@H]4CN5CCC4CC5)cc3)cc2)c1,7.704077
Cc1cc(-c2ccc(N)cc2)cnc1NCc1ccc(C#N)nc1,5.650031,Cc1cc(-c2ccc(N)cc2)cnc1NC(=O)c1ccc(C#N)nc1,5.527845
N[C@@H](CNCCc1ccccc1)c1ccccc1,3.674479,N[C@@H](C(=O)NCCc1ccccc1)c1ccccc1,5.041573
Nc1ccc(CNc2cccc(-c3ccc(N)c(NCc4cccc(F)n4)c3)c2)cc1O,5.779133,Nc1ccc(C(=O)Nc2cccc(-c3ccc(N)c(NCc4cccc(F)n4)c3)c2)cc1O,6.005189
Nc1ccc(CN2CC(C(=O)Nc3ccc(-c4cccc(NCC5CNC5)c4)cc3O)C2)cc1O,6.317124,Nc1ccc(C(=O)N(CC2CNC2)c2cccc(-c3ccc(NC(=O)C4CNC4)c(O)c3)c2)cc1O,6.396359
C#CCNc1ccc(NCc2ccc3oc(C4CNC4)nc3c2)cc1,7.04811,C#CCNc1ccc(NC(=O)c2ccc3oc(C4CNC4)nc3c2)cc1,6.983613
COc1cccc(CNc2ccc(Nc3ncccc3NCc3ccc(-c4nnn(CC5CC5)n4)nc3)cc2)c1,7.017103,COc1cccc(CNc2ccc(Nc3ncccc3NC(=O)c3ccc(-c4nnn(CC5CC5)n4)nc3)cc2)c1,7.262924
COc1ccc(CNC(=O)[C@H]2CCCN(Cc3ccc(O)c(N)c3)C2)cc1,5.459309,COc1ccc(CNC(=O)[C@H]2CCCN(C(=O)c3ccc(O)c(N)c3)C2)cc1,5.919035
Nc1c(O)cccc1CNc1cc(Br)ccc1O,3.703277,Nc1c(O)cccc1C(=O)Nc1cc(Br)ccc1O,3.325005
O=C(O)[C@@H]1Cc2ccccc2CN1C(=O)[C@@H](NCc1ccc2nc(-c3ccc(CO[C@H]4CN5CCC4CC5)cc3)oc2c1)c1ccccc1,7.286525,O=C(N[C@H](C(=O)N1Cc2ccccc2C[C@H]1C(=O)O)c1ccccc1)c1ccc2nc(-c3ccc(CO[C@H]4CN5CCC4CC5)cc3)oc2c1,7.28941
Brc1ccc(NCc2ccc(CNc3cccc(-c4ccc5nc(-c6ncc[nH]6)[nH]c5c4)c3)cc2)cc1,6.450556,O=C(Nc1ccc(Br)cc1)c1ccc(CNc2cccc(-c3ccc4nc(-c5ncc[nH]5)[nH]c4c3)c2)cc1,6.670211
C#CCNc1ccc(NCc2ccccc2N)cc1,4.527342,C#CCNc1ccc(NC(=O)c2ccccc2N)cc1,4.602437
N#Cc1cccc(Cn2cc(CCNCc3cccc(O)c3N)c3ccccc32)c1,5.131979,N#Cc1cccc(Cn2cc(CCNC(=O)c3cccc(O)c3N)c3ccccc32)c1,5.041207
C[C@H](c1ccccc1)N(C[C@@H]1Cc2ccccc2CN1)c1ccc2c(CNc3ccc(Br)cc3)c[nH]c2c1,6.408004,C[C@@H](Nc1ccc2c(CN(C(=O)[C@@H]3Cc4ccccc4CN3)c3ccc(Br)cc3)c[nH]c2c1)c1ccccc1,6.365605
Fc1cc(N2CCC(N(CC3CNC3)c3cccc4cc[nH]c34)C2)ccn1,5.449485,O=C(C1CNC1)N(c1cccc2cc[nH]c12)C1CCN(c2ccnc(F)c2)C1,6.190635
O=C(O)c1ccc(Cn2nnc(-c3ccc(O)c(NCC4CCN4)c3)n2)cc1,6.447608,O=C(O)c1ccc(Cn2nnc(-c3ccc(O)c(NC(=O)C4CCN4)c3)n2)cc1,6.521904
O=C(NC1CC1)c1ccc2oc(-c3ccccc3NC(=O)[C@@H]3Cc4ccccc4CN3CC3CCN3)nc2c1,5.774246,O=C(NC1CC1)c1ccc2oc(-c3ccccc3NC(=O)[C@@H]3Cc4ccccc4CN3C(=O)C3CCN3)nc2c1,2.770112
Nc1ccc(CN2CCC[C@H](C(=O)O)C2)cc1O,3.251097,Nc1ccc(C(=O)N2CCC[C@H](C(=O)O)C2)cc1O,3.710175
COc1ccc(CNC(=O)C2CN(Cc3ccc4nc(C5CNC5)oc4c3)C2)cc1,7.309835,COc1ccc(CNC(=O)C2CN(C(=O)c3ccc4nc(C5CNC5)oc4c3)C2)cc1,7.320808
Nc1ccc(-c2ncccc2NCc2ccc(CCl)cc2)cc1,4.524106,Nc1ccc(-c2ncccc2NC(=O)c2ccc(CCl)cc2)cc1,4.877816
Nc1cc(C(=O)O)ccc1NC[C@H]1CCCN1,3.691166,Nc1cc(C(=O)O)ccc1NC(=O)[C@H]1CCCN1,4.492716
c1ccc2c(NCc3ccc4nc([C@@H]5CCCN5)oc4c3)ccnc2c1,6.835176,O=C(Nc1ccnc2ccccc12)c1ccc2nc([C@@H]3CCCN3)oc2c1,7.210049
Nc1cc(CN(c2ccc(-c3nnn(CC4CC4)n3)cc2)c2ccnc3ccccc23)ccc1O,6.333669,Nc1cc(C(=O)N(c2ccc(-c3nnn(CC4CC4)n3)cc2)c2ccnc3ccccc23)ccc1O,6.070173
COc1ccc(CNC(=O)C2(NCc3ccc(N)c(O)c3)CCC2)cc1,5.188817,COc1ccc(CNC(=O)C2(NC(=O)c3ccc(N)c(O)c3)CCC2)cc1,5.475771
CC(=O)c1cccc(-c2ccc(NCc3cccc(O)c3N)cc2)c1,5.048657,CC(=O)c1cccc(-c2ccc(NC(=O)c3cccc(O)c3N)cc2)c1,4.672428
c1cc(NCc2ccc3[nH]c([C@H]4CCCN4)nc3c2)cc(-c2c[nH]nc2NCC2CCN2)c1,7.739516,O=C(Nc1n[nH]cc1-c1cccc(NCc2ccc3[nH]c([C@H]4CCCN4)nc3c2)c1)C1CCN1,7.827402
Nc1ccc(CN2Cc3ccccc3C[C@H]2C(=O)O)cc1O,4.17978,Nc1ccc(C(=O)N2Cc3ccccc3C[C@H]2C(=O)O)cc1O,4.375778
N[C@@H](CNC1(C(=O)O)CCC1)c1ccccc1,3.07857,NC1(C(=O)N[C@@H](C(=O)O)c2ccccc2)CCC1,3.359452
NC1(CNc2cccc3cc[nH]c23)CCC1,2.716871,NC1(C(=O)Nc2cccc3cc[nH]c23)CCC1,3.548424
O=C(NCCc1ccccc1)c1ccccc1NCc1cccc(-c2cccc3nc(C4CNC4)oc23)c1,7.288959,O=C(Nc1ccccc1C(=O)NCCc1ccccc1)c1cccc(-c2cccc3nc(C4CNC4)oc23)c1,7.32204
N#Cc1ccc(CN2CC(CNc3cccc(-c4ccc(Nc5ccc6ccccc6n5)cc4)c3)C2)cn1,6.870294,N#Cc1ccc(C(=O)N(CC2CNC2)c2cccc(-c3ccc(Nc4ccc5ccccc5n4)cc3)c2)cn1,6.634439
Cc1cc(Br)cnc1NCc1ccc(O)c(N)c1,3.604171,Cc1cc(Br)cnc1NC(=O)c1ccc(O)c(N)c1,3.629115
O=C(O)c1ccccc1NCc1ccc(NCc2ccc3nc(-c4ccc(CO[C@H]5CN6CCC5CC6)cc4)oc3c2)c(O)c1,7.274954,O=C(Nc1ccc(CNc2ccccc2C(=O)O)cc1O)c1ccc2nc(-c3ccc(CO[C@H]4CN5CCC4CC5)cc3)oc2c1,7.401668
c1cc(-c2ccc(NCc3ccc4nc(C5CCN5)[nH]c4c3)cc2)cc(-c2nnn(CC3CC3)n2)c1,8.139681,O=C(Nc1ccc(-c2cccc(-c3nnn(CC4CC4)n3)c2)cc1)c1ccc2nc(C3CCN3)[nH]c2c1,6.694704
N#Cc1ccccc1Cn1nnnc1-c1ccc(-c2c[nH]nc2NCC2CCN2)s1,5.870165,N#Cc1ccccc1Cn1nnnc1-c1ccc(-c2c[nH]nc2NC(=O)C2CCN2)s1,6.047795
N[C@H](CNC12CC(C1)C2)c1ccccc1,4.684248,N[C@H](C(=O)NC12CC(C1)C2)c1ccccc1,5.896159
O=C(NCCc1ccccc1Nc1ccc(-c2cc(NC[C@@H]3Cc4ccccc4CN3)[nH]n2)cc1)C1CNC1,7.996715,O=C(NCCc1ccccc1Nc1ccc(-c2cc(NC(=O)[C@@H]3Cc4ccccc4CN3)[nH]n2)cc1)C1CNC1,7.925338
Nc1ccc(CN2CCNCC2)cc1N,3.115755,Nc1ccc(C(=O)N2CCNCC2)cc1N,4.167886
Nc1c(O)cccc1CN1CCC(C(=O)O)CC1,3.680895,Nc1c(O)cccc1C(=O)N1CCC(C(=O)O)CC1,3.465771
O=C(NCc1ccccc1)C1CN(Cc2ccc3nc(C4CNC4)oc3c2)C1,7.573158,O=C(NCc1ccccc1)C1CN(C(=O)c2ccc3nc(C4CNC4)oc3c2)C1,7.358727
Nc1cc(CNc2cc(CNc3ccc(Br)cc3)ccc2O)ccc1O,4.81769,Nc1cc(C(=O)Nc2cc(CNc3ccc(Br)cc3)ccc2O)ccc1O,4.917852
Nc1ccc(CNc2cc(-c3cn(CC4CC4)nn3)n[nH]2)cc1O,6.417504,Nc1ccc(C(=O)Nc2cc(-c3cn(CC4CC4)nn3)n[nH]2)cc1O,6.791866
Nc1cc(CNc2cc(-c3cccc(-c4nc5ccc(C(=O)O)cc5n4CC4CC4)c3)n[nH]2)ccc1O,6.094313,Nc1cc(-c2cccc(-c3nc4ccc(C(=O)Nc5cc(C(=O)O)ccc5O)cc4n3CC3CC3)c2)n[nH]1,5.555978
Nc1ccc(CNc2cccc3ccn(Cc4ccccc4)c23)cc1O,4.529925,Nc1ccc(C(=O)Nc2cccc3ccn(Cc4ccccc4)c23)cc1O,4.932459
Cc1cc(-c2cccc(NCc3ccc(CCl)cc3)c2)cnc1NCC1CCN1,6.874976,Cc1cc(-c2cccc(NC(=O)c3ccc(CCl)cc3)c2)cnc1NCC1CCN1,7.03145
COc1ccccc1CNCc1ccc(O)c(NCC2CCN2)c1,6.172821,COc1ccccc1CNCc1ccc(O)c(NC(=O)C2CCN2)c1,6.291854
N#Cc1ccc(CNc2ccc(-c3ccc4nc(-c5ccc(NCC6CCN6)c(N)c5)oc4c3)cc2)cn1,7.35974,N#Cc1ccc(C(=O)Nc2cc(-c3nc4ccc(-c5ccc(N)cc5)cc4o3)ccc2NCC2CCN2)cn1,6.162393
O=C(NCc1cn(CC2CC2)c2ccccc12)C1CCN(C(=O)C2(NC[C@H]3CCCNC3)CCC2)CC1,7.214151,O=C(NCc1cn(CC2CC2)c2ccccc12)C1CCN(C(=O)C2(NC(=O)[C@H]3CCCNC3)CCC2)CC1,7.616992
Nc1ccc(CNc2c(O)cccc2C(=O)NCCc2c[nH]c3ccccc23)cc1O,4.91669,Nc1ccc(C(=O)Nc2c(O)cccc2C(=O)NCCc2c[nH]c3ccccc23)cc1O,5.046734
O=C(O)[C@@H]1CCCN1Cc1ccc(O)c(NC[C@@H]2Cc3ccccc3CN2)c1,5.575349,O=C(Nc1cc(CN2CCC[C@H]2C(=O)O)ccc1O)[C@@H]1Cc2ccccc2CN1,5.629499
OB(O)c1ccc(NCC2CCNCC2)cc1,3.105767,O=C(Nc1ccc(B(O)O)cc1)C1CCNCC1,4.45733
Nc1cc(-c2nc3cc(CNc4ccc(C(=O)O)cc4N)ccc3[nH]2)ccc1O,5.170277,Nc1cc(-c2nc3cc(C(=O)Nc4cc(C(=O)O)ccc4N)ccc3[nH]2)ccc1O,5.145439
O=C(Nc1cccc2cc[nH]c12)c1ccc(NC[C@@H]2Cc3ccccc3CN2)c(NCc2ccc(C(=O)NC3CC3)cc2)c1,7.492408,O=C(Nc1cccc2cc[nH]c12)c1ccc(NC(=O)[C@@H]2Cc3ccccc3CN2)c(NCc2ccc(C(=O)NC3CC3)cc2)c1,7.355122
O=C(NCc1c[nH]c2ccccc12)c1ccc2nc(-c3cccc(-c4ccc(NCC5CCN5)cc4)c3)[nH]c2c1,7.895494,O=C(NCc1c[nH]c2ccccc12)c1ccc2nc(-c3cccc(-c4ccc(NC(=O)C5CCN5)cc4)c3)[nH]c2c1,7.866523
c1ccc(N(Cc2ccc(-c3nnn(CC4CC4)n3)nc2)c2ccc(-c3nnn(CC4CC4)n3)cc2)nc1,7.841119,O=C(c1ccc(-c2nnn(CC3CC3)n2)nc1)N(c1ccc(-c2nnn(CC3CC3)n2)cc1)c1ccccn1,7.007105
N#Cc1ccc2oc([C@@H](NCc3cccc(-c4cn(CC5CC5)cn4)c3)c3ccccc3)nc2c1,6.927913,N#Cc1ccc2oc([C@@H](NC(=O)c3cccc(-c4cn(CC5CC5)cn4)c3)c3ccccc3)nc2c1,7.006888
COc1cccc(CNCc2ccc(C=O)cc2)c1,4.083333,COc1cccc(CNC(=O)c2ccc(C=O)cc2)c1,4.462677
Nc1ccc(CNc2cc(C(=O)O)ccc2O)cc1N,3.970762,Nc1cc(C(=O)Nc2cc(C(=O)O)ccc2N)ccc1O,3.921232
O=C(Nc1ccnc2ccccc12)[C@@H](NCc1ccc2[nH]c(-c3ccc(CO[C@H]4CN5CCC4CC5)cc3)nc2c1)c1ccccc1,7.797667,O=C(N[C@H](C(=O)Nc1ccnc2ccccc12)c1ccccc1)c1ccc2[nH]c(-c3ccc(CO[C@H]4CN5CCC4CC5)cc3)nc2c1,7.751023
O=C(O)c1ccc(O)c(Nc2cc(NCC3CNC3)[nH]n2)c1,4.526315,O=C(O)c1ccc(O)c(Nc2cc(NC(=O)C3CNC3)[nH]n2)c1,5.499877
C[C@H](NCc1ccc2oc(-c3ccc4[nH]c(C5CN(C[C@@H]6Cc7ccccc7CN6)C5)nc4c3)nc2c1)c1ccccc1,7.490757,C[C@@H](c1ccccc1)N(Cc1ccc2oc(-c3ccc4[nH]c(C5CNC5)nc4c3)nc2c1)C(=O)[C@@H]1Cc2ccccc2CN1,7.662943
Nc1cc(CN[C@@H](C(=O)O)c2ccccc2)ccc1O,3.460351,N[C@@H](C(=O)Nc1cc(C(=O)O)ccc1O)c1ccccc1,4.563847
O=C(Nc1ccnc2ccccc12)c1cccc(-c2ccc(N(C[C@@H]3Cc4ccccc4CN3)c3ccc4ccccc4n3)cc2)c1,7.350467,O=C(Nc1ccnc2ccccc12)c1cccc(-c2ccc(N(C(=O)[C@@H]3Cc4ccccc4CN3)c3ccc4ccccc4n3)cc2)c1,6.944423
c1ccc2c(c1)CN[C@H](CNCCc1ccccc1-c1ccc3c(ccn3Cc3ccc(-c4nc5ccccc5o4)cc3)c1)C2,7.292071,O=C(NCCc1ccccc1-c1ccc2c(ccn2Cc2ccc(-c3nc4ccccc4o3)cc2)c1)[C@@H]1Cc2ccccc2CN1,7.459862
ClCc1ccc(CNc2cccc3ccn(CC4CC4)c23)cc1,5.657902,O=C(Nc1cccc2ccn(CC3CC3)c12)c1ccc(CCl)cc1,6.369217
ClCc1ccccc1CNCCc1c[nH]c2ccccc12,4.384948,O=C(NCCc1c[nH]c2ccccc12)c1ccccc1CCl,4.481857
OB(O)c1ccc(NCc2ccc(NCC3CNC3)c(O)c2)cc1,5.053648,O=C(Nc1ccc(B(O)O)cc1)c1ccc(NCC2CNC2)c(O)c1,5.202197
O=C(O)c1cccc2oc(C3(NC[C@@H]4Cc5ccccc5CN4)CCC3)nc12,6.167987,O=C(O)c1cccc2oc(C3(NC(=O)[C@@H]4Cc5ccccc5CN4)CCC3)nc12,6.211122
Nc1cc(CNc2cccc(Br)c2O)ccc1O,3.77661,Nc1cc(C(=O)Nc2cccc(Br)c2O)ccc1O,3.853668
COc1ccccc1CNCC1CNC1,4.400918,COc1ccccc1CNC(=O)C1CNC1,6.517389
c1ccc2c(N(Cc3ccc(-c4nnn(CC5CC5)n4)nc3)Cc3ccc4[nH]c(C5CNC5)nc4c3)ccnc2c1,8.13148,O=C(c1ccc2[nH]c(C3CNC3)nc2c1)N(Cc1ccc(-c2nnn(CC3CC3)n2)nc1)c1ccnc2ccccc12,8.056725
O=C(O)[C@@H]1CCCN(C[C@H]2CCCN2)C1,2.366449,O=C(O)[C@@H]1CCCN(C(=O)[C@H]2CCCN2)C1,3.539642
c1ccc2c(c1)C[C@@H](CNc1cccc3cc[nH]c13)N(Cc1ccc3nc(-c4ccc(CO[C@H]5CN6CCC5CC6)cc4)oc3c1)C2,7.624292,O=C(c1ccc2nc(-c3ccc(CO[C@H]4CN5CCC4CC5)cc3)oc2c1)N(C[C@@H]1Cc2ccccc2CN1)c1cccc2cc[nH]c12,7.736785
Oc1ccc(-c2ccc(NCc3ccnc(Br)c3)cc2)cc1NCC1CCN1,6.870186,O=C(Nc1cc(-c2ccc(NCc3ccnc(Br)c3)cc2)ccc1O)C1CCN1,6.860951
N#Cc1ccc(CNc2cc(N3CCC[C@@H]3C(=O)NCc3cn(CC4CC4)nn3)n[nH]2)cn1,7.217359,N#Cc1ccc(C(=O)Nc2cc(N3CCC[C@@H]3C(=O)NCc3cn(CC4CC4)nn3)n[nH]2)cn1,7.427553
c1cc(NCc2ccc(-c3nnn(CC4CC4)n3)nc2)cc(-c2cncc(-c3nnnn3CC3CC3)c2)c1,8.131363,O=C(Nc1cccc(-c2cncc(-c3nnnn3CC3CC3)c2)c1)c1ccc(-c2nnn(CC3CC3)n2)nc1,7.336705
Nc1ccc(-c2ccc(NCc3cccc(-c4ccc5nc(C6CNC6)[nH]c5c4)c3)cc2)cc1,7.752254,Nc1ccc(-c2ccc(NC(=O)c3cccc(-c4ccc5nc(C6CNC6)[nH]c5c4)c3)cc2)cc1,7.345204
O=Cc1cnccc1NCc1ccc2nc(-c3cccc(C(=O)NC4CC4)c3)oc2c1,7.000362,O=Cc1cnccc1NC(=O)c1ccc2nc(-c3cccc(C(=O)NC4CC4)c3)oc2c1,7.083126
N[C@H](C(=O)N1CCC(CNc2ccc(Br)cc2)CC1)c1ccccc1,5.49462,N[C@H](C(=O)N1CCC(C(=O)Nc2ccc(Br)cc2)CC1)c1ccccc1,6.253487
COc1ccccc1CNCc1ccc(O)c(N)c1,4.394774,COc1ccccc1CNC(=O)c1ccc(O)c(N)c1,4.591675
O=C(Nc1n[nH]cc1-c1cn(CC2CC2)nn1)C1CCN(CC2CNC2)CC1,7.461671,O=C(Nc1n[nH]cc1-c1cn(CC2CC2)nn1)C1CCN(C(=O)C2CNC2)CC1,7.330114
O=C(O)C1CCN1CC1CCN1C(=O)C1CCN1,5.32395,O=C(O)C1CCN1C(=O)C1CCN1C(=O)C1CCN1,5.775438
Nc1ccc(CN2CC(c3nc4ccc(Br)cc4o3)C2)cc1O,4.930599,Nc1ccc(C(=O)N2CC(c3nc4ccc(Br)cc4o3)C2)cc1O,5.191757
Oc1ccc(Br)cc1NCc1ccncc1,3.607521,O=C(Nc1cc(Br)ccc1O)c1ccncc1,3.628517
Nc1ccccc1CN1CCC1C(=O)NC1CC1,5.613577,Nc1ccccc1C(=O)N1CCC1C(=O)NC1CC1,5.569457
Nc1cc(CN(C[C@@H]2Cc3ccccc3CN2)C23CC(C2)C3)ccc1O,5.868713,Nc1cc(CN(C(=O)[C@@H]2Cc3ccccc3CN2)C23CC(C2)C3)ccc1O,6.000397
O=C(NCc1ccccc1O)Nc1cc(-c2cccc(-c3nnn(CC4CC4)n3)c2)ccc1NC[C@@H]1Cc2ccccc2CN1,7.236465,O=C(NCc1ccccc1O)Nc1cc(-c2cccc(-c3nnn(CC4CC4)n3)c2)ccc1NC(=O)[C@@H]1Cc2ccccc2CN1,6.836678
O=C(O)c1ccc(O)c(NCC2CN(Cc3ccc4oc(C5CNC5)nc4c3)C2)c1,6.571618,O=C(O)c1ccc(O)c(N(CC2CNC2)C(=O)c2ccc3oc(C4CNC4)nc3c2)c1,6.0297
c1cc(NCc2ccc(-c3nnnn3CC3CC3)nc2)cc(-c2ccc(NCC3CCN3)cc2)c1,8.092385,O=C(Nc1ccc(-c2cccc(NCc3ccc(-c4nnnn4CC4CC4)nc3)c2)cc1)C1CCN1,8.052199
N#Cc1ccc2[nH]c(C3(NC[C@H]4CCCN4)CCC3)nc2c1,4.614867,N#Cc1ccc2[nH]c(C3(NC(=O)[C@H]4CCCN4)CCC3)nc2c1,5.547238
Nc1ccc(CNC23CC(C2)C3)cc1O,4.348629,Nc1ccc(C(=O)NC23CC(C2)C3)cc1O,4.457636
O=C(O)c1ccc2nc(-c3ccc(CNc4ccc(NC56CC(C5)C6)cc4)cc3)oc2c1,6.890122,O=C(O)c1ccc(-c2nc3ccc(C(=O)Nc4ccc(NC56CC(C5)C6)cc4)cc3o2)cc1,7.191162
N#Cc1ccc(O)c(NCC2CN(c3ccc4nc(C5CCN5)oc4c3)C2)c1,6.191478,N#Cc1ccc(O)c(NC(=O)C2CN(c3ccc4nc(C5CCN5)oc4c3)C2)c1,6.183395
O=C(Nc1ccc(Br)cc1)N1CCC1CNc1ccc(Br)cc1,5.667788,O=C(Nc1ccc(Br)cc1)C1CCN1C(=O)Nc1ccc(Br)cc1,5.761137
O=C(O)[C@@H](NCc1ccc2nc(-c3ccc4oc(C5CNC5)nc4c3)oc2c1)c1ccccc1,6.934582,O=C(N[C@H](C(=O)O)c1ccccc1)c1ccc2nc(-c3ccc4oc(C5CNC5)nc4c3)oc2c1,6.954894
Nc1cc(C(=O)N2CCC[C@H]2CO)ccc1NCc1ccc2[nH]c(C3CNC3)nc2c1,6.375058,Nc1cc(C(=O)N2CCC[C@H]2CO)ccc1NC(=O)c1ccc2[nH]c(C3CNC3)nc2c1,6.456456
Nc1ccc(-c2cccc(-c3nnn(Cc4ccc(CNC56CC(C5)C6)cc4)n3)c2)cc1,7.118505,Nc1ccc(-c2cccc(-c3nnn(Cc4ccc(C(=O)NC56CC(C5)C6)cc4)n3)c2)cc1,6.964389
Nc1cccc(-c2cccc3nc(-c4ccc(NCC5CNC5)c(N)c4)oc23)c1,6.533042,Nc1ccc(-c2nc3cccc(-c4cccc(NC(=O)C5CNC5)c4)c3o2)cc1N,7.060745
O=C(Nc1ccc(CNCCc2cn(CC3CC3)c3ccccc23)cc1O)C1CNC1,7.699549,O=C(NCCc1cn(CC2CC2)c2ccccc12)c1ccc(NC(=O)C2CNC2)c(O)c1,7.605412
c1cc(CNCCc2c[nH]c3ccccc23)cc(-c2nc3cc(CNC45CC(C4)C5)ccc3o2)c1,7.322045,O=C(NCCc1c[nH]c2ccccc12)c1cccc(-c2nc3cc(CNC45CC(C4)C5)ccc3o2)c1,7.604751
Oc1c(NCC2CCN2)cccc1-c1cccc(-c2nnnn2Cc2ccc(CNC34CC(C3)C4)cc2)c1,7.574297,O=C(NC12CC(C1)C2)c1ccc(Cn2nnnc2-c2cccc(-c3cccc(NCC4CCN4)c3O)c2)cc1,7.473732
COc1ccccc1CNCc1ccc2nc([C@@H]3CCCN3C(=O)c3ccc(CNc4cccc5cc[nH]c45)cc3)[nH]c2c1,6.921391,COc1ccccc1CNC(=O)c1ccc2nc([C@@H]3CCCN3C(=O)c3ccc(CNc4cccc5cc[nH]c45)cc3)[nH]c2c1,6.998416
COc1ccccc1CNCc1ccc(CN2CCC[C@H]2CNc2cc(Br)n[nH]2)cc1,6.046083,COc1ccccc1CNCc1ccc(CN2CCC[C@H]2C(=O)Nc2cc(Br)n[nH]2)cc1,6.216658
Cc1cc(-c2cccc(NCc3cccnc3)c2)cnc1NCc1ccc2oc([C@H]3CCCN3)nc2c1,7.31947,Cc1cc(-c2cccc(NC(=O)c3cccnc3)c2)cnc1NCc1ccc2oc([C@H]3CCCN3)nc2c1,7.44694
c1cc(-c2nnn(CC3CC3)n2)ncc1CNc1ccc(-c2ccc(NCC3CNC3)cc2)cc1,8.166597,O=C(Nc1ccc(-c2ccc(NCc3ccc(-c4nnn(CC5CC5)n4)nc3)cc2)cc1)C1CNC1,7.852707
Nc1ccc(CNC2(c3nc4ccc(C(=O)O)cc4o3)CCC2)cc1O,4.956009,NC1(c2nc3ccc(C(=O)Nc4ccc(C(=O)O)cc4O)cc3o2)CCC1,4.647376
O=C(O)c1ccc2nc(-c3cccc(-c4cccc(CNc5ccc(Br)cc5)c4)c3)n(CC3CC3)c2c1,6.496544,O=C(O)c1ccc2nc(-c3cccc(-c4cccc(C(=O)Nc5ccc(Br)cc5)c4)c3)n(CC3CC3)c2c1,6.394429
Nc1ccc(CNc2cc(C(=O)Nc3cccc4cc[nH]c34)ccc2O)cc1O,5.267612,Nc1ccc(C(=O)Nc2cc(C(=O)Nc3cccc4cc[nH]c34)ccc2O)cc1O,5.475265
O=C(O)c1ccc(Cn2nnnc2-c2ccc(Cn3cc(CNCC4CNC4)c4ccccc43)cc2)cc1,5.901768,O=C(O)c1ccc(Cn2nnnc2-c2ccc(Cn3cc(CNC(=O)C4CNC4)c4ccccc43)cc2)cc1,6.942542
COc1ccccc1CNC(=O)[C@@H]1Cc2ccccc2CN1Cc1ccc2oc(-c3ccc(CO[C@H]4CN5CCC4CC5)cc3)nc2c1,7.712248,COc1ccccc1CNC(=O)[C@@H]1Cc2ccccc2CN1C(=O)c1ccc2oc(-c3ccc(CO[C@H]4CN5CCC4CC5)cc3)nc2c1,7.294725
Fc1ncc(-c2cccc(NCc3cccc(-c4ccc(NC[C@@H]5Cc6ccccc6CN5)cc4)c3)c2)cn1,7.954858,O=C(Nc1ccc(-c2cccc(CNc3cccc(-c4cnc(F)nc4)c3)c2)cc1)[C@@H]1Cc2ccccc2CN1,7.998127
O=C(NCCc1c[nH]c2ccccc12)C1CCN1C(=O)c1cccc(O)c1NC[C@@H]1Cc2ccccc2CN1,6.734123,O=C(NCCc1c[nH]c2ccccc12)C1CCN1C(=O)c1cccc(O)c1NC(=O)[C@@H]1Cc2ccccc2CN1,6.795012
C#CCNCc1cccc(O)c1N,3.347752,C#CCNC(=O)c1cccc(O)c1N,2.682358
C[C@@H](c1ccccc1)N(Cc1ccc(COCC2CNC2)cc1)c1cnc(F)nc1,6.615054,C[C@@H](c1ccccc1)N(C(=O)c1ccc(COCC2CNC2)cc1)c1cnc(F)nc1,6.790352
O=C(O)[C@@H]1CCCN1Cc1ccc2nc(C3CCN3)[nH]c2c1,5.358716,O=C(O)[C@@H]1CCCN1C(=O)c1ccc2nc(C3CCN3)[nH]c2c1,5.268837
O=C1CN(Cc2ccc3oc(-c4ccc(-c5nnn(CC6CC6)n5)nc4)nc3c2)C1,7.061847,O=C1CN(C(=O)c2ccc3oc(-c4ccc(-c5nnn(CC6CC6)n5)nc4)nc3c2)C1,7.07291
O=C(NC1CC1)c1ccc2[nH]c(C3CN(C[C@@H]4Cc5ccccc5CN4)C3)nc2c1,7.699645,O=C(NC1CC1)c1ccc2[nH]c(C3CN(C(=O)[C@@H]4Cc5ccccc5CN4)C3)nc2c1,7.328834
c1ccc2c(c1)c(CNCc1ccc3nc(-c4ccc(CO[C@H]5CN6CCC5CC6)cc4)oc3c1)cn2CC1CC1,8.134642,O=C(NCc1cn(CC2CC2)c2ccccc12)c1ccc2nc(-c3ccc(CO[C@H]4CN5CCC4CC5)cc3)oc2c1,8.35358
O=C(c1ccc(-c2nnn(Cc3ccc(-c4nnn(CC5CC5)n4)cc3)n2)nc1)N1CCC1CNc1ccnc2ccccc12,7.915418,O=C(Nc1ccnc2ccccc12)C1CCN1C(=O)c1ccc(-c2nnn(Cc3ccc(-c4nnn(CC5CC5)n4)cc3)n2)nc1,7.864814
OB(O)c1cccc(NCc2ccc(O)c(NCc3ccc4nc(C5CNC5)oc4c3)c2)c1,5.992145,O=C(Nc1cc(CNc2cccc(B(O)O)c2)ccc1O)c1ccc2nc(C3CNC3)oc2c1,6.078885
O=C(NCc1ccccc1)c1ccc(NC(=O)c2ccccc2NCc2ccc3nc(C4CNC4)oc3c2)c(O)c1,7.524749,O=C(NCc1ccccc1)c1ccc(NC(=O)c2ccccc2NC(=O)c2ccc3nc(C4CNC4)oc3c2)c(O)c1,7.559263
O=C(O)[C@@H](NC[C@@H]1Cc2ccccc2CN1)c1ccccc1,5.113915,O=C(N[C@H](C(=O)O)c1ccccc1)[C@@H]1Cc2ccccc2CN1,5.459634
O=C(NCCc1ccccc1Nc1cc(-c2nc3ccccc3o2)ccc1O)N[C@@H](CNC12CC(C1)C2)c1ccccc1,6.5687,O=C(NCCc1ccccc1Nc1cc(-c2nc3ccccc3o2)ccc1O)N[C@@H](C(=O)NC12CC(C1)C2)c1ccccc1,6.544941
Brc1ccc(NC[C@@H](NCc2ccc3oc(-c4ccc(CO[C@H]5CN6CCC5CC6)cc4)nc3c2)c2ccccc2)cc1,7.425389,O=C(N[C@H](CNc1ccc(Br)cc1)c1ccccc1)c1ccc2oc(-c3ccc(CO[C@H]4CN5CCC4CC5)cc3)nc2c1,7.542374
c1ccc2c(c1)CN[C@H](CNc1ccc(C3=NCCc4ccccc43)cc1NCc1ccc(-c3nnn(CC4CC4)n3)nc1)C2,7.897203,O=C(Nc1ccc(C2=NCCc3ccccc32)cc1NCc1ccc(-c2nnn(CC3CC3)n2)nc1)[C@@H]1Cc2ccccc2CN1,7.551321
N[C@@H](CNc1ccc(Br)cc1O)c1ccccc1,3.742041,N[C@@H](C(=O)Nc1ccc(Br)cc1O)c1ccccc1,4.427304
O=C(Nc1ccc(-c2cccc(NCc3ccc(CCl)cc3)c2)cc1)NC12CC(C1)C2,7.015558,O=C(Nc1ccc(-c2cccc(NC(=O)c3ccc(CCl)cc3)c2)cc1)NC12CC(C1)C2,7.058956
Nc1ccc(-c2nnnn2CC2CC2)cc1NCc1ccc(O)c(NCc2ccc(CO[C@H]3CN4CCC3CC4)cc2)c1,7.49731,Nc1cc(CNc2cc(-c3nnnn3CC3CC3)ccc2NC(=O)c2ccc(CO[C@H]3CN4CCC3CC4)cc2)ccc1O,6.844923
O=C(O)c1cccc(CN2CCC[C@H]2CNC23CC(C2)C3)c1,5.159841,O=C(NC12CC(C1)C2)c1cccc(CN2CCC[C@H]2C(=O)O)c1,4.915608
c1cc2nc(C3CNC3)[nH]c2cc1CNc1cc(CNC23CC(C2)C3)ccc1NCC1CCN1,7.817394,O=C(Nc1ccc(CNC23CC(C2)C3)cc1NCc1ccc2nc(C3CNC3)[nH]c2c1)C1CCN1,7.485869
C[C@@H](NC(=O)C1CN(C(=O)[C@H]2CCCN(Cc3ccc4oc(C5CNC5)nc4c3)C2)C1)c1ccccc1,7.4789,C[C@@H](NC(=O)C1CN(C(=O)[C@H]2CCCN(C(=O)c3ccc4oc(C5CNC5)nc4c3)C2)C1)c1ccccc1,6.920764
O=C([C@@H]1Cc2ccccc2CN1)N(c1ccc(-c2cccc(CNC34CC(C3)C4)c2)cc1)c1ccc2ccccc2n1,6.922805,O=C(NC12CC(C1)C2)c1cccc(-c2ccc(N(C(=O)[C@@H]3Cc4ccccc4CN3)c3ccc4ccccc4n3)cc2)c1,6.68793
c1ccc2c(c1)c(CN(CC1CNC1)C13CC(C1)C3)cn2CC1CC1,6.959392,O=C(C1CNC1)N(Cc1cn(CC2CC2)c2ccccc12)C12CC(C1)C2,6.900465
O=Cc1ccc(CNc2ccnc3ccccc23)cc1,4.483535,O=Cc1ccc(C(=O)Nc2ccnc3ccccc23)cc1,4.882054
O=C(NC1CC1)c1cccc(-c2nc3c(CNC45CC(C4)C5)cccc3o2)c1,7.838564,O=C(NC1CC1)c1cccc(-c2nc3c(C(=O)NC45CC(C4)C5)cccc3o2)c1,7.580519
N[C@H](CNc1ccc(B(O)O)cc1)Cc1ccccc1,2.583901,N[C@@H](Cc1ccccc1)C(=O)Nc1ccc(B(O)O)cc1,3.266258
Fc1cccc(CN(CCc2c[nH]c3ccccc23)Cc2ccc(Cn3nnnc3-c3ccc4oc([C@H]5CCCN5)nc4c3)cc2)n1,6.479829,O=C(c1cccc(F)n1)N(CCc1c[nH]c2ccccc12)Cc1ccc(Cn2nnnc2-c2ccc3oc([C@H]4CCCN4)nc3c2)cc1,6.676085
NCCc1ccccc1-c1cccc(NCc2ccc3oc(C4CNC4)nc3c2)c1,6.948364,NCCc1ccccc1-c1cccc(NC(=O)c2ccc3oc(C4CNC4)nc3c2)c1,6.826288
Oc1cc(Br)ccc1NC[C@@H]1C[C@@H](O)CN1,3.073177,O=C(Nc1ccc(Br)cc1O)[C@@H]1C[C@@H](O)CN1,3.817663
N#Cc1ccc(CNc2cccnc2-c2cccc(-c3nnnn3CC3CC3)c2)cn1,6.580534,N#Cc1ccc(C(=O)Nc2cccnc2-c2cccc(-c3nnnn3CC3CC3)c2)cn1,6.465308
O=Cc1cccc(Nc2cccc(-c3cc(NCc4ccc5nc(C6CNC6)[nH]c5c4)[nH]n3)c2)c1,7.182435,O=Cc1cccc(Nc2cccc(-c3cc(NC(=O)c4ccc5nc(C6CNC6)[nH]c5c4)[nH]n3)c2)c1,7.334485
O=C(NCCc1ccncc1)c1ccc(NCc2ccc(-c3nnn(CC4CC4)n3)nc2)c(NCC2CCN2)c1,7.64192,O=C(NCCc1ccncc1)c1ccc(NCc2ccc(-c3nnn(CC4CC4)n3)nc2)c(NC(=O)C2CCN2)c1,7.373538
Fc1cc(-c2cncc(-c3nc4ccc(CNC56CC(C5)C6)cc4o3)c2)ccc1-c1nnn(CC2CC2)n1,7.596364,O=C(NC12CC(C1)C2)c1ccc2nc(-c3cncc(-c4ccc(-c5nnn(CC6CC6)n5)c(F)c4)c3)oc2c1,6.149887
Fc1cncc(-c2ccccc2CCNCc2ccc3nc([C@@H]4CCCN4)oc3c2)c1,6.55872,O=C(NCCc1ccccc1-c1cncc(F)c1)c1ccc2nc([C@@H]3CCCN3)oc2c1,7.015096
O=Cc1ccc(C(=O)NCCNCCc2ccccc2Br)cc1,4.226516,O=Cc1ccc(C(=O)NCC(=O)NCCc2ccccc2Br)cc1,4.144745
c1cc(NCc2ccc3nc(C4CNC4)oc3c2)cc(-c2cn(CC3CC3)cn2)c1,8.319014,O=C(Nc1cccc(-c2cn(CC3CC3)cn2)c1)c1ccc2nc(C3CNC3)oc2c1,8.148125
C[C@@H](NCC1CCN1)C(=O)N1CC(CNc2ccc(-c3cnc(F)nc3)cn2)C1,6.395805,C[C@@H](NC(=O)C1CCN1)C(=O)N1CC(CNc2ccc(-c3cnc(F)nc3)cn2)C1,6.961337
O=C(NC1(CNc2ccc(NCc3cn(CC4CC4)c4ccccc34)cc2)CCC1)c1ccccn1,6.826596,O=C(NC1(C(=O)Nc2ccc(NCc3cn(CC4CC4)c4ccccc34)cc2)CCC1)c1ccccn1,7.659645
Brc1ccc(NCc2ccc3oc(-c4ccc5[nH]c(C6CNC6)nc5c4)nc3c2)cc1,7.480187,O=C(Nc1ccc(Br)cc1)c1ccc2oc(-c3ccc4[nH]c(C5CNC5)nc4c3)nc2c1,7.172332
Nc1ccc(CNc2c(O)cccc2C(=O)O)cc1N,3.152978,Nc1cc(C(=O)O)ccc1NC(=O)c1cccc(O)c1N,3.561589
O=C(O)[C@H]1CCCN1C(=O)c1ccc(O)c(NCc2ccc(CO[C@H]3CN4CCC3CC4)cc2)c1,6.667143,O=C(Nc1cc(C(=O)N2CCC[C@@H]2C(=O)O)ccc1O)c1ccc(CO[C@H]2CN3CCC2CC3)cc1,6.767717
C[C@H](CNCCc1cn(Cc2ccc(-c3nnn(CC4CC4)n3)cc2)c2ccccc12)NCc1ccnc(F)c1,5.947784,C[C@@H](NCc1ccnc(F)c1)C(=O)NCCc1cn(Cc2ccc(-c3nnn(CC4CC4)n3)cc2)c2ccccc12,6.295723
c1ccc2c(c1)c(CCNCc1ccc(-c3nnn(CC4CC4)n3)nc1)cn2Cc1ccc(-c2nnn(CC3CC3)n2)cc1,8.142755,O=C(NCCc1cn(Cc2ccc(-c3nnn(CC4CC4)n3)cc2)c2ccccc12)c1ccc(-c2nnn(CC3CC3)n2)nc1,8.164283
c1ccc2c(c1)CN[C@H](CN1Cc3ccccc3C[C@H]1CN1CC(COCc3ccc(-c4nnn(CC5CC5)n4)cc3)C1)C2,7.746596,O=C([C@@H]1Cc2ccccc2CN1)N1Cc2ccccc2C[C@H]1CN1CC(COCc2ccc(-c3nnn(CC4CC4)n3)cc2)C1,7.633271
Nc1ccc(CNC2(C(=O)Nc3ccnc4ccccc34)CCC2)cc1O,5.647284,Nc1ccc(C(=O)NC2(C(=O)Nc3ccnc4ccccc34)CCC2)cc1O,5.833626
Cc1cc(Nc2ccnc3ccccc23)cnc1NC(=O)C1CCN(Cc2ccc(-c3nnn(CC4CC4)n3)nc2)CC1,7.601081,Cc1cc(N(C(=O)c2ccc(-c3nnn(CC4CC4)n3)nc2)c2ccnc3ccccc23)cnc1NC(=O)C1CCNCC1,5.829007
Nc1ccc(CNc2cccc3ccn(Cc4ccc(C(=O)O)cc4)c23)cc1O,4.610263,Nc1ccc(C(=O)Nc2cccc3ccn(Cc4ccc(C(=O)O)cc4)c23)cc1O,4.858358
Nc1ccc(CNCc2ccccc2)cc1O,4.177525,Nc1ccc(C(=O)NCc2ccccc2)cc1O,4.482103
c1ccc(NCc2ccc3oc(-c4ccc(CO[C@H]5CN6CCC5CC6)cc4)nc3c2)nc1,7.900348,O=C(Nc1ccccn1)c1ccc2oc(-c3ccc(CO[C@H]4CN5CCC4CC5)cc3)nc2c1,7.89711
O=C(c1ccc(-c2nnn(Cc3ccc(-c4nnn(CC5CC5)n4)cc3)n2)nc1)N1Cc2ccccc2C[C@H]1CNC12CC(C1)C2,7.302992,O=C(NC12CC(C1)C2)[C@@H]1Cc2ccccc2CN1C(=O)c1ccc(-c2nnn(Cc3ccc(-c4nnn(CC5CC5)n4)cc3)n2)nc1,7.096369
O=C(Nc1ccc(-c2cccc(NCC3CNC3)c2)cc1NC[C@@H]1Cc2ccccc2CN1)Nc1ccnc2ccccc12,7.614433,O=C(Nc1ccc(-c2cccc(NC(=O)C3CNC3)c2)cc1NC[C@@H]1Cc2ccccc2CN1)Nc1ccnc2ccccc12,7.452104
O=C(NC1CC1)c1ccc2oc(-c3ccc(CN4CCC[C@H]4C(=O)Nc4ccccn4)cc3)nc2c1,7.943447,O=C(NC1CC1)c1ccc2oc(-c3ccc(C(=O)N4CCC[C@H]4C(=O)Nc4ccccn4)cc3)nc2c1,7.457868
Nc1ccc(CNc2cc(C(=O)NC34CC(C3)C4)ccc2O)cc1N,5.782248,Nc1ccc(C(=O)Nc2cc(C(=O)NC34CC(C3)C4)ccc2O)cc1N,5.92229
c1ccc2c(c1)CN[C@H](CN(Cc1ccc3nc(-c4ccc(CO[C@H]5CN6CCC5CC6)cc4)oc3c1)c1ccnc3ccccc13)C2,7.87389,O=C([C@@H]1Cc2ccccc2CN1)N(Cc1ccc2nc(-c3ccc(CO[C@H]4CN5CCC4CC5)cc3)oc2c1)c1ccnc2ccccc12,7.902728
O=C(O)c1ccc(O)c(NCc2ccccc2NCC2CNC2)c1,5.365648,O=C(O)c1ccc(O)c(NCc2ccccc2NC(=O)C2CNC2)c1,5.984349
c1cncc(-c2nc3cccc(-c4cccc(CNCCc5cn(CC6CC6)c6ccccc56)c4)c3o2)c1,7.483151,O=C(NCCc1cn(CC2CC2)c2ccccc12)c1cccc(-c2cccc3nc(-c4cccnc4)oc23)c1,7.802984
O=C(O)C1CN(Cc2cccc(CNc3ccccn3)c2)C1,4.609056,O=C(Nc1ccccn1)c1cccc(CN2CC(C(=O)O)C2)c1,4.719351
c1cc(NCC2CNC2)c2[nH]ccc2c1,4.774599,O=C(Nc1cccc2cc[nH]c12)C1CNC1,6.785998
ClCc1ccc(CNc2n[nH]cc2NCCc2ccncc2)cc1,4.259249,O=C(Nc1n[nH]cc1NCCc1ccncc1)c1ccc(CCl)cc1,4.714872
N[C@@H](CNc1cccc2cc[nH]c12)c1ccccc1,4.015578,N[C@@H](C(=O)Nc1cccc2cc[nH]c12)c1ccccc1,5.020956
Nc1cc(CN2CCC[C@H](C(=O)NCc3ccccc3)C2)ccc1O,5.549045,Nc1cc(C(=O)N2CCC[C@H](C(=O)NCc3ccccc3)C2)ccc1O,6.013995
COc1ccccc1CNC(=O)c1ccc2oc([C@H]3CCCN(Cc4ccc(-c5nnn(CC6CC6)n5)nc4)C3)nc2c1,7.633084,COc1ccccc1CNC(=O)c1ccc2oc([C@H]3CCCN(C(=O)c4ccc(-c5nnn(CC6CC6)n5)nc4)C3)nc2c1,7.602967
Nc1ccc(-c2nc3ccc(CNc4ccc(C(=O)NC5CC5)cc4O)cc3[nH]2)cc1O,6.707094,Nc1ccc(-c2nc3ccc(C(=O)Nc4ccc(C(=O)NC5CC5)cc4O)cc3[nH]2)cc1O,6.4641
OB(O)c1cccc(CNc2cccc3ccn(CC4CC4)c23)c1,4.655864,O=C(Nc1cccc2ccn(CC3CC3)c12)c1cccc(B(O)O)c1,5.058986
N[C@@H](Cc1c[nH]c2ccccc12)C(=O)N1CCC1CNc1cc(-c2cn(CC3CC3)nn2)n[nH]1,6.64652,N[C@@H](Cc1c[nH]c2ccccc12)C(=O)N1CCC1C(=O)Nc1cc(-c2cn(CC3CC3)nn2)n[nH]1,6.896303
c1ccc2c(CNC[C@H](Cc3c[nH]cn3)NCc3cccc4oc(C5CNC5)nc34)c[nH]c2c1,6.288665,O=C(NCc1c[nH]c2ccccc12)[C@H](Cc1c[nH]cn1)NCc1cccc2oc(C3CNC3)nc12,6.482259
c1cc(-c2ccc(NCC3CCN3)cc2)cc(-c2nnn(CC3CC3)n2)c1,8.076752,O=C(Nc1ccc(-c2cccc(-c3nnn(CC4CC4)n3)c2)cc1)C1CCN1,7.450147
OB(O)c1cccc(NCc2ccc(NCC3CNC3)c(O)c2)c1,4.914243,O=C(Nc1ccc(CNc2cccc(B(O)O)c2)cc1O)C1CNC1,5.48332
O=C(Nc1cc(CN2CCNCC2)ccc1NCc1ccc(-c2nnn(CC3CC3)n2)nc1)Nc1cccc2cc[nH]c12,6.9965,O=C(Nc1cc(CN2CCNCC2)ccc1NC(=O)c1ccc(-c2nnn(CC3CC3)n2)nc1)Nc1cccc2cc[nH]c12,6.732171
N#Cc1ccc(O)c(NCc2ccc(N)c(O)c2)c1,3.722028,N#Cc1ccc(O)c(NC(=O)c2ccc(N)c(O)c2)c1,3.761767
Nc1ccc(CNc2ccnc3ccccc23)cc1O,4.375703,Nc1ccc(C(=O)Nc2ccnc3ccccc23)cc1O,4.737446
N#Cc1ccc(CN2CCC(NCCc3c[nH]c4ccccc34)C2)cn1,5.613463,N#Cc1ccc(C(=O)N(CCc2c[nH]c3ccccc23)C2CCNC2)cn1,5.590634
Nc1ccc(CNc2cc(-c3cccc(C4=NCCc5ccccc54)c3)ccc2O)cc1O,6.418678,Nc1ccc(C(=O)Nc2cc(-c3cccc(C4=NCCc5ccccc54)c3)ccc2O)cc1O,6.403379
O=C(NCc1c[nH]c2ccccc12)c1ccc2[nH]c(-c3ccc(NC(=O)[C@@H]4Cc5ccccc5CN4)c(NC[C@@H]4CCCN4)c3)nc2c1,6.971315,O=C(NCc1c[nH]c2ccccc12)c1ccc2[nH]c(-c3ccc(NC(=O)[C@@H]4Cc5ccccc5CN4)c(NC(=O)[C@@H]4CCCN4)c3)nc2c1,6.934181
Nc1ccc(CNc2cc(-c3cccc(C4NCCc5ccccc54)c3)n[nH]2)cc1N,6.71676,Nc1ccc(C(=O)Nc2cc(-c3cccc(C4NCCc5ccccc54)c3)n[nH]2)cc1N,7.114338
N#Cc1ccc(Cn2ccc3cccc(NCc4ccccc4CCl)c32)cc1,4.843819,N#Cc1ccc(Cn2ccc3cccc(NC(=O)c4ccccc4CCl)c32)cc1,4.842418
OC1CCN(Cc2ccc3oc(-c4cccc(C5=NCCc6ccccc65)c4)nc3c2)CC1,6.817366,O=C(c1ccc2oc(-c3cccc(C4=NCCc5ccccc54)c3)nc2c1)N1CCC(O)CC1,6.51216
Oc1ccc(Br)cc1NCc1cccc(-c2cccc(NCC3CNC3)c2)c1,6.461646,O=C(Nc1cccc(-c2cccc(CNc3cc(Br)ccc3O)c2)c1)C1CNC1,6.903842
O=C(Nc1ccccc1C(=O)Nc1cc(C(=O)O)ccc1NCc1ccc(-c2nnn(CC3CC3)n2)nc1)NC1CC1,7.376219,O=C(Nc1ccccc1C(=O)Nc1cc(C(=O)O)ccc1NC(=O)c1ccc(-c2nnn(CC3CC3)n2)nc1)NC1CC1,6.555216
O=Cc1cccc(C(=O)NCCN2CC(C(=O)O)C2)c1,3.885913,O=Cc1cccc(C(=O)NCC(=O)N2CC(C(=O)O)C2)c1,4.369409
Nc1cc(CN2CCC[C@H]2C2=NCCc3ccccc32)ccc1O,5.43302,Nc1cc(C(=O)N2CCC[C@H]2C2=NCCc3ccccc32)ccc1O,5.699237
c1cc(NCC2CCN2c2ccc3ccccc3n2)cc(-c2cc(NC[C@@H]3Cc4ccccc4CN3)[nH]n2)c1,7.992762,O=C(Nc1cccc(-c2cc(NC[C@@H]3Cc4ccccc4CN3)[nH]n2)c1)C1CCN1c1ccc2ccccc2n1,7.97195
c1ccc2c(c1)c(CCNCC1CNC1)cn2CC1CC1,6.777472,O=C(NCCc1cn(CC2CC2)c2ccccc12)C1CNC1,7.875966
BrCc1ccc(-c2nnnn2Cc2ccc(-c3nc4ccc(CNC56CC(C5)C6)cc4o3)cc2)cc1,6.905686,O=C(NC12CC(C1)C2)c1ccc2nc(-c3ccc(Cn4nnnc4-c4ccc(CBr)cc4)cc3)oc2c1,6.836035
c1ccc2c(CNCC3CNC3)c[nH]c2c1,4.702569,O=C(NCc1c[nH]c2ccccc12)C1CNC1,7.11441
Nc1c(O)cccc1CNc1cccc2ccn(Cc3ccc(C(=O)O)cc3)c12,4.80405,Nc1c(O)cccc1C(=O)Nc1cccc2ccn(Cc3ccc(C(=O)O)cc3)c12,4.686194
Nc1ccc(CN2CC(c3nc4ccc(C(=O)NCc5cn(CC6CC6)c6ccccc56)cc4o3)C2)cc1O,7.131363,Nc1ccc(C(=O)N2CC(c3nc4ccc(C(=O)NCc5cn(CC6CC6)c6ccccc56)cc4o3)C2)cc1O,7.4389
O=C(Nc1n[nH]cc1-c1cccc(NCC2CCN2)c1)C1CNC1,7.586682,O=C(Nc1n[nH]cc1-c1cccc(NC(=O)C2CCN2)c1)C1CNC1,7.382497
C[C@H](NCc1cccc(CNc2cccc(B(O)O)c2)c1)c1ccccc1,4.331951,C[C@H](NC(=O)c1cccc(CNc2cccc(B(O)O)c2)c1)c1ccccc1,4.477895
O=C(O)c1ccc2nc(C3CCN(Cc4cccc(-c5cn(CC6CC6)cn5)c4)CC3)oc2c1,7.206049,O=C(O)c1ccc2nc(C3CCN(C(=O)c4cccc(-c5cn(CC6CC6)cn5)c4)CC3)oc2c1,7.351923
O=C(NCc1cn(CC2CC2)c2ccccc12)Nc1ccc(-c2ccc(NCC3CCN3)cc2)cc1,7.756877,O=C(NCc1cn(CC2CC2)c2ccccc12)Nc1ccc(-c2ccc(NC(=O)C3CCN3)cc2)cc1,7.29418
O=C(Nc1ccc(-c2ccc(NCC3CCN3Cc3ccc(CCl)cc3)cc2)cc1)[C@@H]1CCCN1,6.963395,O=C(Nc1ccc(-c2ccc(N(CC3CCN3)C(=O)c3ccc(CCl)cc3)cc2)cc1)[C@@H]1CCCN1,6.32663
O=C(Nc1ccc(B(O)O)cc1)c1cccc(-c2cc(NCC3CCN3)[nH]n2)c1,6.358269,O=C(Nc1ccc(B(O)O)cc1)c1cccc(-c2cc(NC(=O)C3CCN3)[nH]n2)c1,6.505508
Nc1ccc(-c2cccc(NC[C@@H]3Cc4ccccc4CN3)c2)cc1O,6.589761,Nc1ccc(-c2cccc(NC(=O)[C@@H]3Cc4ccccc4CN3)c2)cc1O,6.800274
O=C(Nc1cccc(-c2ccc3nc([C@H]4CCCN4)[nH]c3c2)c1)[C@@H](Cc1c[nH]c2ccccc12)NC[C@@H]1Cc2ccccc2CN1,7.600786,O=C(N[C@H](Cc1c[nH]c2ccccc12)C(=O)Nc1cccc(-c2ccc3nc([C@H]4CCCN4)[nH]c3c2)c1)[C@@H]1Cc2ccccc2CN1,7.625683
O=C1CCN(C[C@@H]2Cc3ccccc3CN2)C1,4.77831,O=C1CCN(C(=O)[C@@H]2Cc3ccccc3CN2)C1,5.183793
O=C(Nc1cc(-c2cccc(NC[C@H](NC(=O)N3CCC[C@H]3CO)c3ccccc3)c2)n[nH]1)C1CNC1,6.975533,O=C(Nc1cc(-c2cccc(NC(=O)[C@H](NC(=O)N3CCC[C@H]3CO)c3ccccc3)c2)n[nH]1)C1CNC1,6.923254
Brc1ncccc1CN1CC(CNCCc2cn(CC3CC3)c3ccccc23)C1,6.556215,O=C(NCCc1cn(CC2CC2)c2ccccc12)C1CN(Cc2cccnc2Br)C1,6.719573
O=C(Nc1cccc2cc[nH]c12)C1CCN(Cc2ccc(COCC3CN(C[C@@H]4Cc5ccccc5CN4)C3)cc2)CC1,7.279975,O=C(Nc1cccc2cc[nH]c12)C1CCN(Cc2ccc(COCC3CN(C(=O)[C@@H]4Cc5ccccc5CN4)C3)cc2)CC1,7.419085
N#Cc1ccc2oc(-c3cccc(CN4CCC[C@H]4C4=NCCc5ccccc54)c3)nc2c1,6.902974,N#Cc1ccc2oc(-c3cccc(C(=O)N4CCC[C@H]4C4=NCCc5ccccc54)c3)nc2c1,6.996621
O=Cc1ccc(CNCCc2ccccc2Br)cc1,3.977736,O=Cc1ccc(C(=O)NCCc2ccccc2Br)cc1,4.337727
Nc1ccc(CN(C[C@@H]2CCCN2)c2cccc3ccn(CC4CC4)c23)cc1N,5.148038,Nc1ccc(C(=O)N(C[C@@H]2CCCN2)c2cccc3ccn(CC4CC4)c23)cc1N,5.383252
Nc1ccc(CNc2cc(CNc3cccc(-c4cccnc4)c3O)ccc2O)cc1O,5.376356,Nc1ccc(C(=O)Nc2cc(CNc3cccc(-c4cccnc4)c3O)ccc2O)cc1O,5.442091
Nc1ccccc1CNc1cccc(-c2ccc(NCc3ccc(C=O)cc3)cc2)c1,5.780402,Nc1ccc(-c2cccc(NCc3ccccc3NC(=O)c3ccc(C=O)cc3)c2)cc1,5.964198
Nc1ccccc1CNc1ccc(C(=O)O)cc1Br,3.632447,Nc1ccc(C(=O)Nc2ccccc2C(=O)O)cc1Br,3.730729
c1cc(NC[C@H]2CCCN2)c2[nH]ccc2c1,3.607883,O=C(Nc1cccc2cc[nH]c12)[C@H]1CCCN1,5.205379
O=C=Nc1ccc(-c2cccc(Nc3cc(NC[C@@H]4Cc5ccccc5CN4)[nH]n3)c2)cc1,6.73789,O=C=Nc1ccc(-c2cccc(Nc3cc(NC(=O)[C@@H]4Cc5ccccc5CN4)[nH]n3)c2)cc1,6.900413
Fc1ccc(-c2cc(NCc3ccc4nc(C5CNC5)oc4c3)[nH]n2)cc1,7.597456,O=C(Nc1cc(-c2ccc(F)cc2)n[nH]1)c1ccc2nc(C3CNC3)oc2c1,7.565873
O=C(Nc1ccnc2ccccc12)[C@H](NC[C@@H]1Cc2ccccc2CN1)c1ccccc1,6.673209,O=C(N[C@@H](C(=O)Nc1ccnc2ccccc12)c1ccccc1)[C@@H]1Cc2ccccc2CN1,6.796971
OB(O)c1cccc(NCc2ccc(NCc3ccccn3)c(O)c2)c1,4.293463,O=C(Nc1cccc(B(O)O)c1)c1ccc(NCc2ccccn2)c(O)c1,4.477485
Nc1ccccc1CN1CCNCC1,2.958823,Nc1ccccc1C(=O)N1CCNCC1,3.508868
C[C@@H](NC[C@H]1CCCN1Cc1ccc2oc(-c3ccc(CCl)cc3)nc2c1)c1ccccc1,6.301241,C[C@@H](NC(=O)[C@H]1CCCN1Cc1ccc2oc(-c3ccc(CCl)cc3)nc2c1)c1ccccc1,6.637951
Oc1cc(Nc2cccc3ccn(CC4CC4)c23)ccc1NCc1ccc(CNC23CC(C2)C3)cc1,7.226571,O=C(NC12CC(C1)C2)c1ccc(CNc2ccc(Nc3cccc4ccn(CC5CC5)c34)cc2O)cc1,7.250412
Nc1ccc(CNc2ccccc2-c2nc3cc(C(=O)O)ccc3o2)cc1O,4.871118,Nc1ccc(C(=O)Nc2ccccc2-c2nc3cc(C(=O)O)ccc3o2)cc1O,4.774638
O=C(NC12CC(C1)C2)c1cccc(-c2nc3ccc(CNc4cc(Br)n[nH]4)cc3o2)c1,7.051253,O=C(Nc1cc(Br)n[nH]1)c1ccc2nc(-c3cccc(C(=O)NC45CC(C4)C5)c3)oc2c1,7.089853
Nc1c(O)cccc1CNC1(C(=O)O)CCC1,3.246938,NC1(C(=O)Nc2c(O)cccc2C(=O)O)CCC1,3.034291
c1cc(CNCCc2cn(CC3CC3)c3ccccc23)cc(-c2nc3cc(-c4nnnn4CC4CC4)ccc3o2)c1,7.844905,O=C(NCCc1cn(CC2CC2)c2ccccc12)c1cccc(-c2nc3cc(-c4nnnn4CC4CC4)ccc3o2)c1,8.061557
O=C(O)c1ccc(Cn2nnc(-c3ccc4[nH]cc(CNc5cc(CNC67CC(C6)C7)ccc5O)c4c3)n2)cc1,6.404986,O=C(O)c1ccc(Cn2nnc(-c3ccc4[nH]cc(CNc5cc(C(=O)NC67CC(C6)C7)ccc5O)c4c3)n2)cc1,6.633429
O=C(Nc1cc(-c2cccc(NCc3cccc4oc([C@H]5CCCN5)nc34)c2)n[nH]1)C1CNC1,8.080948,O=C(Nc1cccc(-c2cc(NC(=O)C3CNC3)[nH]n2)c1)c1cccc2oc([C@H]3CCCN3)nc12,7.88695
C[C@H](NC(=O)c1ccc(Cn2ccc3cccc(NCc4ccc(-c5nnn(CC6CC6)n5)nc4)c32)cc1)c1ccccc1,7.622484,C[C@H](NC(=O)c1ccc(Cn2ccc3cccc(NC(=O)c4ccc(-c5nnn(CC6CC6)n5)nc4)c32)cc1)c1ccccc1,7.835194
Cc1cc(Br)cnc1NCC1CNC1,4.166646,Cc1cc(Br)cnc1NC(=O)C1CNC1,5.124028
O=C(N(Cc1cn(CC2CC2)nn1)Cc1c[nH]c2ccccc12)C1(NC[C@@H]2Cc3ccccc3CN2)CCC1,7.130626,O=C(NC1(C(=O)N(Cc2cn(CC3CC3)nn2)Cc2c[nH]c3ccccc23)CCC1)[C@@H]1Cc2ccccc2CN1,7.10433
O=C(O)c1ccc(NCc2ccc(CO[C@H]3CN4CCC3CC4)cc2)c(O)c1,6.592463,O=C(O)c1ccc(NC(=O)c2ccc(CO[C@H]3CN4CCC3CC4)cc2)c(O)c1,6.453765
O=C(NC1CC1)c1cccc(O)c1NCc1ccc2nc(C3CCN(C[C@@H]4Cc5ccccc5CN4)CC3)oc2c1,7.425943,O=C(NC1CC1)c1cccc(O)c1N(Cc1ccc2nc(C3CCNCC3)oc2c1)C(=O)[C@@H]1Cc2ccccc2CN1,6.662146
O=C(O)C1CN(C[C@@H]2CCCN2C(=O)c2ccc(F)cc2)C1,4.316895,O=C(O)C1CN(C(=O)[C@@H]2CCCN2C(=O)c2ccc(F)cc2)C1,4.972448
Nc1c(O)cccc1CN[C@H](c1ccccc1)c1nc2cc(C(=O)O)ccc2[nH]1,4.745258,N[C@H](c1ccccc1)c1nc2cc(C(=O)Nc3c(O)cccc3C(=O)O)ccc2[nH]1,5.00515
COc1ccc(NCC2CCN2)c(NC[C@@H]2C[C@@H](OCc3ccc(-c4nnn(CC5CC5)n4)cc3)CN2)c1,7.523917,COc1ccc(NCC2CCN2)c(NC(=O)[C@@H]2C[C@@H](OCc3ccc(-c4nnn(CC5CC5)n4)cc3)CN2)c1,7.605279
N#Cc1cccc(C(=O)Cn2cc(CNCc3ccc(N)c(N)c3)c3ccccc32)c1,4.345063,N#Cc1cccc(C(=O)Cn2cc(CNC(=O)c3ccc(N)c(N)c3)c3ccccc32)c1,4.811376
Cc1cnc(F)cc1-c1cccc(NCc2ccc(N)c(O)c2)c1,4.721887,Cc1cnc(F)cc1-c1cccc(NC(=O)c2ccc(N)c(O)c2)c1,4.888726
O=C(O)c1cccc(O)c1NC[C@H]1CCCN1,3.068242,O=C(O)c1cccc(O)c1NC(=O)[C@H]1CCCN1,4.02956
c1cc(-c2cc(NC[C@@H]3Cc4ccccc4CN3Cc3c[nH]c4ccccc34)[nH]n2)cc(-c2nnn(CC3CC3)n2)c1,7.814019,O=C(Nc1cc(-c2cccc(-c3nnn(CC4CC4)n3)c2)n[nH]1)[C@@H]1Cc2ccccc2CN1Cc1c[nH]c2ccccc12,7.757031
O=C(O)c1cccc(N(CCc2cn(CC3CC3)c3ccccc23)CC2CNC2)n1,5.924302,O=C(O)C1CN(C(=O)c2cccc(NCCc3cn(CC4CC4)c4ccccc34)n2)C1,6.604962
Nc1ccc(-c2ccc(NCc3ccc(N)c(O)c3)cc2)cc1,5.029014,Nc1ccc(-c2ccc(NC(=O)c3ccc(N)c(O)c3)cc2)cc1,5.322826
Nc1ccc(-c2cccc(CNc3ccccc3C(=O)O)c2)cc1,4.873548,Nc1ccc(-c2cccc(C(=O)Nc3ccccc3C(=O)O)c2)cc1,5.156485
O=C(NC1CC1)c1ccc2nc(-c3cccc(CNc4ccnc5ccccc45)c3)[nH]c2c1,7.438579,O=C(Nc1ccnc2ccccc12)c1cccc(-c2nc3ccc(C(=O)NC4CC4)cc3[nH]2)c1,7.440098
Nc1ccc(C(=O)N2CCC[C@@H]2CNc2cccc3cc[nH]c23)cc1N,5.134395,Nc1ccc(C(=O)N2CCC[C@@H]2C(=O)Nc2cccc3cc[nH]c23)cc1N,5.419018
O=C(O)C1CCN1Cc1ccc(NCC2CNC2)c(NCc2ccc3nc(C4CNC4)oc3c2)c1,7.154036,O=C(Nc1ccc(CN2CCC2C(=O)O)cc1NCc1ccc2nc(C3CNC3)oc2c1)C1CNC1,7.14613
O=C(O)c1cccc(-c2ccc(NCc3ccc(-c4nnn(CC5CC5)n4)nc3)cc2)c1,7.223686,O=C(O)c1cccc(-c2ccc(NC(=O)c3ccc(-c4nnn(CC5CC5)n4)nc3)cc2)c1,7.142403
c1cc(Cn2nnnc2-c2ccc3oc([C@H]4CCCN4)nc3c2)ccc1CNC12CC(C1)C2,7.417307,O=C(NC12CC(C1)C2)c1ccc(Cn2nnnc2-c2ccc3oc([C@H]4CCCN4)nc3c2)cc1,7.351548
Nc1cc(CNC23CC(C2)C3)ccc1NC(=O)c1ccc(CNCCc2cn(CC3CC3)c3ccccc23)cc1,7.730969,Nc1cc(C(=O)NC23CC(C2)C3)ccc1NC(=O)c1ccc(CNCCc2cn(CC3CC3)c3ccccc23)cc1,7.564065
Nc1ccc(CNc2ccc(-c3ccc(NC(=O)C4CNC4)cc3)cc2N)cc1O,6.492665,Nc1ccc(C(=O)Nc2cc(-c3ccc(NC(=O)C4CNC4)cc3)ccc2N)cc1O,6.445158
COc1ccc(CNCc2cccc(C3NCCc4ccccc43)c2)cc1,6.616991,COc1ccc(CNC(=O)c2cccc(C3NCCc4ccccc43)c2)cc1,7.070013
Nc1ccccc1CNC12CC(C1)C2,4.703122,Nc1ccccc1C(=O)NC12CC(C1)C2,4.723258
c1cc(NCc2ccc3oc(C4CNC4)nc3c2)cc(-c2cnc(NCCc3c[nH]c4ccccc34)nc2)c1,7.823447,O=C(Nc1cccc(-c2cnc(NCCc3c[nH]c4ccccc34)nc2)c1)c1ccc2oc(C3CNC3)nc2c1,7.786166
Nc1cc(C(=O)O)ccc1NCc1cccc(-c2ccc3oc(C4CCN4)nc3c2)c1,6.653059,Nc1cc(C(=O)O)ccc1NC(=O)c1cccc(-c2ccc3oc(C4CCN4)nc3c2)c1,6.486422
O=C(O)c1ccc2nc(-c3ccc(CNc4ccc(-c5cccc(NCC6CCN6)c5)cc4)cc3)oc2c1,7.576181,O=C(O)c1ccc2nc(-c3ccc(CNc4ccc(-c5cccc(NC(=O)C6CCN6)c5)cc4)cc3)oc2c1,7.668962
N[C@@H](CNc1cc(CNCc2cn(Cc3ccc(C(=O)NC4CC4)cc3)c3ccccc23)ccc1O)c1ccccc1,6.865998,N[C@@H](C(=O)Nc1cc(CNCc2cn(Cc3ccc(C(=O)NC4CC4)cc3)c3ccccc23)ccc1O)c1ccccc1,7.270502
ClCc1ccc(CN2CCC2c2nc3ccc(-c4cccnc4)cc3o2)cc1,6.131341,O=C(c1ccc(CCl)cc1)N1CCC1c1nc2ccc(-c3cccnc3)cc2o1,6.043469
c1cc(-c2cc(NC[C@@H]3Cc4ccccc4CN3)[nH]n2)cc(-c2nnn(CC3CC3)n2)c1,8.198156,O=C(Nc1cc(-c2cccc(-c3nnn(CC4CC4)n3)c2)n[nH]1)[C@@H]1Cc2ccccc2CN1,8.00738
O=C(O)c1ccc2nc(-c3ccccc3Cn3ccc4cccc(NC[C@@H]5Cc6ccccc6CN5)c43)oc2c1,6.51471,O=C(O)c1ccc2nc(-c3ccccc3Cn3ccc4cccc(NC(=O)[C@@H]5Cc6ccccc6CN5)c43)oc2c1,6.838546
N[C@@H](Cc1c[nH]c2ccccc12)CN1CCC(Nc2ccccc2O)CC1,3.966148,N[C@@H](Cc1c[nH]c2ccccc12)C(=O)N(c1ccccc1O)C1CCNCC1,3.848735
OB(O)c1cccc(NCc2ccccc2NCc2ccc(CO[C@H]3CN4CCC3CC4)cc2)c1,6.185694,O=C(Nc1ccccc1CNc1cccc(B(O)O)c1)c1ccc(CO[C@H]2CN3CCC2CC3)cc1,6.355896
Nc1ccc(CNc2c(O)cccc2CNc2nc(F)nc3[nH]cnc23)cc1O,4.284528,Nc1ccc(C(=O)Nc2c(O)cccc2CNc2nc(F)nc3[nH]cnc23)cc1O,4.464356
O=C(O)[C@H](NCc1ccc(COCC2CNC2)cc1)c1ccccc1,5.681973,O=C(N[C@@H](C(=O)O)c1ccccc1)c1ccc(COCC2CNC2)cc1,6.084121
C[C@@H](NCc1ccccc1Cn1nnc(-c2ccc3oc(-c4ccc(CCl)cc4)nc3c2)n1)c1ccccc1,6.225339,C[C@@H](NC(=O)c1ccccc1Cn1nnc(-c2ccc3oc(-c4ccc(CCl)cc4)nc3c2)n1)c1ccccc1,6.535136
N#Cc1ccc(CN2CCC(C(=O)O)CC2)cn1,3.855449,N#Cc1ccc(C(=O)N2CCC(C(=O)O)CC2)cn1,4.017383
O=C(O)C1CN(CC2CCN2)C1,3.180469,O=C(O)C1CCN1C(=O)C1CNC1,4.876725
O=C(NCc1ccccc1)c1ccc(NCC2CN(Cc3ccc(-c4nnn(CC5CC5)n4)nc3)C2)c(O)c1,7.669513,O=C(NCc1ccccc1)c1ccc(N(CC2CNC2)C(=O)c2ccc(-c3nnn(CC4CC4)n3)nc2)c(O)c1,7.174689
Nc1cccc(-c2ccc(NCc3ccc4[nH]c(C5CNC5)nc4c3)c(NCC3CCN3)c2)c1,7.418235,Nc1cc(-c2cccc(NC(=O)C3CCN3)c2)ccc1NCc1ccc2[nH]c(C3CNC3)nc2c1,7.877716
O=C(Nc1ccnc2ccccc12)c1ccc2oc(-c3ccccc3NCc3ccc(-c4nnn(CC5CC5)n4)nc3)nc2c1,7.844389,O=C(Nc1ccccc1-c1nc2cc(C(=O)Nc3ccnc4ccccc34)ccc2o1)c1ccc(-c2nnn(CC3CC3)n2)nc1,5.9287
Brc1nc(-c2cccc(NC[C@@H]3Cc4ccccc4CN3)c2)cs1,6.038597,O=C(Nc1cccc(-c2csc(Br)n2)c1)[C@@H]1Cc2ccccc2CN1,6.366134
Nc1cccc(-c2cccc(NCc3ccc4nc(C5CNC5)[nH]c4c3)c2NC(=O)[C@@H]2CCCNC2)c1,7.13301,Nc1cccc(-c2cccc(NC(=O)c3ccc4nc(C5CNC5)[nH]c4c3)c2)c1NC(=O)[C@@H]1CCCNC1,7.112881
CC(=O)c1cccc(-c2cncc(CN(C(=O)C3(NCC4CCN4)CCC3)c3ccnc4ccccc34)c2)c1,6.380145,CC(=O)c1cccc(-c2cncc(CN(C(=O)C3(NC(=O)C4CCN4)CCC3)c3ccnc4ccccc34)c2)c1,6.318518
O=C(NC1CC1)c1ccc(Cn2nnc(-c3cccc(-c4cc(NCC5CNC5)[nH]n4)c3)n2)cc1,7.973943,O=C(NC1CC1)c1ccc(Cn2nnc(-c3cccc(-c4cc(NC(=O)C5CNC5)[nH]n4)c3)n2)cc1,8.089171
O=C(NC1CC1)c1ccc2[nH]c(-c3ccc(Cn4cc(CNC[C@@H]5Cc6ccccc6CN5)c5ccccc54)cc3)nc2c1,7.935857,O=C(NC1CC1)c1ccc2[nH]c(-c3ccc(Cn4cc(CNC(=O)[C@@H]5Cc6ccccc6CN5)c5ccccc54)cc3)nc2c1,7.97509
Cc1cc(-c2cccc(NCc3cccc(C(=O)NC4CC4)c3)c2)cnc1NC[C@@H]1Cc2ccccc2CN1,7.971743,Cc1cc(-c2cccc(NCc3cccc(C(=O)NC4CC4)c3)c2)cnc1NC(=O)[C@@H]1Cc2ccccc2CN1,7.853351
O=C(Nc1cc(-c2cn(CC3CC3)nn2)ccc1NC[C@@H]1Cc2ccccc2CN1)N1CCNCC1,7.105998,O=C(Nc1ccc(-c2cn(CC3CC3)nn2)cc1NC(=O)N1CCNCC1)[C@@H]1Cc2ccccc2CN1,5.885743
Nc1ccc(CNc2ccc(CNc3ccc(Br)cc3N)cc2O)cc1N,4.603046,Nc1ccc(C(=O)Nc2cc(Br)ccc2NCc2ccc(N)c(O)c2)cc1N,4.372408
O=C(NC1CC1)c1ccc(CNc2cc(-c3cccc(NC[C@@H]4Cc5ccccc5CN4)c3)n[nH]2)cc1,8.126239,O=C(NC1CC1)c1ccc(CNc2cc(-c3cccc(NC(=O)[C@@H]4Cc5ccccc5CN4)c3)n[nH]2)cc1,8.008594
Nc1ccccc1CN[C@H](C(=O)O)c1ccccc1,3.496377,N[C@H](C(=O)Nc1ccccc1C(=O)O)c1ccccc1,4.424143
O=C(O)[C@H](Cc1c[nH]c2ccccc12)NCc1ccc(-c2nnn(CC3CC3)n2)nc1,6.19556,O=C(N[C@@H](Cc1c[nH]c2ccccc12)C(=O)O)c1ccc(-c2nnn(CC3CC3)n2)nc1,6.392373
c1cc(NCc2ccc3oc(C4CCNCC4)nc3c2)c2[nH]ccc2c1,6.286253,O=C(Nc1cccc2cc[nH]c12)c1ccc2oc(C3CCNCC3)nc2c1,6.619476
C[C@@H](NC(=O)N1CC(N(Cc2ccc(-c3nnn(CC4CC4)n3)nc2)Cc2c[nH]c3ccccc23)C1)c1ccccc1,7.475225,C[C@@H](NC(=O)N1CC(N(Cc2c[nH]c3ccccc23)C(=O)c2ccc(-c3nnn(CC4CC4)n3)nc2)C1)c1ccccc1,6.448407
O=Cc1cccc(CNc2cccc(B(O)O)c2)c1,3.166397,O=Cc1cccc(C(=O)Nc2cccc(B(O)O)c2)c1,3.441796
COc1ccccc1CNC(=O)[C@@H]1Cc2ccccc2CN1C(=O)C1CN(Cc2ccc3oc(C4CNC4)nc3c2)C1,7.214596,COc1ccccc1CNC(=O)[C@@H]1Cc2ccccc2CN1C(=O)C1CN(C(=O)c2ccc3oc(C4CNC4)nc3c2)C1,6.663732
O=C(O)c1ccc2nc(-c3ccc4oc([C@@H]5CCCN5Cc5ccc(F)cc5)nc4c3)oc2c1,6.05791,O=C(O)c1ccc2nc(-c3ccc4oc([C@@H]5CCCN5C(=O)c5ccc(F)cc5)nc4c3)oc2c1,6.031109
O=C(O)c1ccc(CNc2cc(Br)ccc2NCc2ccc(-c3nnn(CC4CC4)n3)nc2)cc1,6.557072,O=C(O)c1ccc(CNc2cc(Br)ccc2NC(=O)c2ccc(-c3nnn(CC4CC4)n3)nc2)cc1,6.701929
c1ccc2c(c1)CN[C@H](CNc1ccc(-c3ccc(CNc4ccnc5ccccc45)cc3)cc1)C2,7.5698,O=C(Nc1ccc(-c2ccc(CNc3ccnc4ccccc34)cc2)cc1)[C@@H]1Cc2ccccc2CN1,7.657443
c1ccc2c(NCc3ccc(-c4nc5ccc(CNCCc6c[nH]c7ccccc67)cc5o4)cc3)ccnc2c1,6.892196,O=C(Nc1ccnc2ccccc12)c1ccc(-c2nc3ccc(CNCCc4c[nH]c5ccccc45)cc3o2)cc1,7.175627
Nc1ccc(C(=O)N2CCC[C@H]2C2=NCCc3ccccc32)cc1NC[C@@H]1Cc2ccccc2CN1,7.311275,Nc1cc(C(=O)N2CCC[C@H]2C2=NCCc3ccccc32)ccc1NC(=O)[C@@H]1Cc2ccccc2CN1,7.084444
c1cc(NCc2ccc3[nH]c(C4CCNCC4)nc3c2)cc(-c2ccc(NCC3CNC3)cc2)c1,7.989674,O=C(Nc1ccc(-c2cccc(NCc3ccc4[nH]c(C5CCNCC5)nc4c3)c2)cc1)C1CNC1,8.069473
Nc1c(O)cccc1CNc1cccc(-c2ncccc2NCC2CCN2)c1,6.513149,Nc1c(O)cccc1C(=O)Nc1cccc(-c2ncccc2NCC2CCN2)c1,6.089682
O=C(Nc1cc(-c2cccc(NC[C@H]3CCCN(c4nc5ccccc5[nH]4)C3)c2)n[nH]1)NC1CC1,7.836656,O=C(Nc1cc(-c2cccc(NC(=O)[C@H]3CCCN(c4nc5ccccc5[nH]4)C3)c2)n[nH]1)NC1CC1,7.663387
N#Cc1ccc2oc(-c3ccc(CNc4cccc5cc[nH]c45)cc3)nc2c1,5.758968,N#Cc1ccc2oc(-c3ccc(C(=O)Nc4cccc5cc[nH]c45)cc3)nc2c1,6.099216
Nc1c(F)cccc1C(=O)Nc1ccc(-c2cccc(CN3CC(C(=O)O)C3)c2)cc1,5.296378,Nc1c(F)cccc1C(=O)Nc1ccc(-c2cccc(C(=O)N3CC(C(=O)O)C3)c2)cc1,5.792239
Oc1cc(CNCCc2c[nH]c3ccccc23)ccc1NCc1ccc2oc(C3CNC3)nc2c1,7.264374,O=C(Nc1ccc(CNCCc2c[nH]c3ccccc23)cc1O)c1ccc2oc(C3CNC3)nc2c1,7.354096
Nc1ccc(CNc2ccccc2C(=O)O)cc1NC[C@@H]1Cc2ccccc2CN1,5.726847,Nc1cc(CNc2ccccc2C(=O)O)ccc1NC(=O)[C@@H]1Cc2ccccc2CN1,5.985935
N#Cc1ccc(CN2CCC2C(=O)NCc2cn(CC3CC3)c3ccccc23)cn1,7.173873,N#Cc1ccc(C(=O)N2CCC2C(=O)NCc2cn(CC3CC3)c3ccccc23)cn1,7.408244
N#Cc1ccc2oc(-c3cccc(O)c3NCC3CCN3)nc2c1,5.760129,N#Cc1ccc2oc(-c3cccc(O)c3NC(=O)C3CCN3)nc2c1,5.95824
c1ccc([C@@H](C2=NCCc3ccccc32)N(Cc2ccc(-c3nnn(CC4CC4)n3)nc2)CC2CCN2)cc1,7.538226,O=C(C1CCN1)N(Cc1ccc(-c2nnn(CC3CC3)n2)nc1)[C@H](C1=NCCc2ccccc21)c1ccccc1,7.449037
N[C@@H](CN1CCC[C@@H]1C(=O)Nc1cc(Br)n[nH]1)c1ccccc1,4.689854,N[C@@H](C(=O)N1CCC[C@@H]1C(=O)Nc1cc(Br)n[nH]1)c1ccccc1,5.552569
Nc1ccc(CNCc2ccc(C(F)(F)F)cc2)cc1O,4.513043,Nc1ccc(C(=O)NCc2ccc(C(F)(F)F)cc2)cc1O,4.851111
Nc1cc(C(=O)NCCc2c[nH]c3ccccc23)ccc1NCc1ccc2oc(C3CNC3)nc2c1,7.365486,Nc1cc(C(=O)NCCc2c[nH]c3ccccc23)ccc1NC(=O)c1ccc2oc(C3CNC3)nc2c1,7.374555
N#Cc1ccc2[nH]cc(CN3CC(CN4CC(COCc5ccc(C(=O)O)cc5)C4)C3)c2c1,5.183655,N#Cc1ccc2[nH]cc(CN3CC(C(=O)N4CC(COCc5ccc(C(=O)O)cc5)C4)C3)c2c1,5.538108
O=C(O)c1cccc(O)c1NC[C@@H]1Cc2ccccc2CN1,4.775659,O=C(O)c1cccc(O)c1NC(=O)[C@@H]1Cc2ccccc2CN1,5.00065
O=C(Nc1cc(-c2cccc(NC[C@@H]3Cc4ccccc4CN3)c2)n[nH]1)c1ccc(CO[C@H]2CN3CCC2CC3)cc1,8.222053,O=C(Nc1cc(-c2cccc(NC(=O)[C@@H]3Cc4ccccc4CN3)c2)n[nH]1)c1ccc(CO[C@H]2CN3CCC2CC3)cc1,7.833766
Oc1cc(CNc2cccc3cc[nH]c23)ccc1NCc1ccc(NCC2CNC2)c(NCC2CCN2)c1,7.24546,O=C(Nc1cccc2cc[nH]c12)c1ccc(NCc2ccc(NCC3CNC3)c(NCC3CCN3)c2)c(O)c1,7.186955
c1ccc(-c2nc3cc(CNc4ccc(-c5cccc(NCC6CNC6)c5)cc4)ccc3o2)cc1,7.795456,O=C(Nc1cccc(-c2ccc(NCc3ccc4oc(-c5ccccc5)nc4c3)cc2)c1)C1CNC1,8.043242
Cc1cc(-c2ccc(NC(=O)[C@H]3CCCN3)cc2)cnc1NCc1ccc(-c2nnn(CC3CC3)n2)nc1,7.834601,Cc1cc(-c2ccc(NC(=O)[C@H]3CCCN3)cc2)cnc1NC(=O)c1ccc(-c2nnn(CC3CC3)n2)nc1,6.634205
C[C@H](Nc1cccc(-c2nc3cc(-c4nc5ccc(CNCc6c[nH]c7ccccc67)cc5o4)ccc3o2)c1)c1ccccc1,7.206177,C[C@H](Nc1cccc(-c2nc3cc(-c4nc5ccc(C(=O)NCc6c[nH]c7ccccc67)cc5o4)ccc3o2)c1)c1ccccc1,7.329273
OB(O)c1ccc(NCc2ccc(CCl)cc2)cc1,3.43211,O=C(Nc1ccc(B(O)O)cc1)c1ccc(CCl)cc1,3.777066
O=C(NC12CC(C1)C2)c1ccc(CNc2ccc(-c3ccc(NCC4CCN4)cc3)cc2)cc1,7.932803,O=C(NC12CC(C1)C2)c1ccc(CNc2ccc(-c3ccc(NC(=O)C4CCN4)cc3)cc2)cc1,7.621192
C[C@@H](Nc1c[nH]nc1NCc1ccc(C#N)nc1)c1ccccc1,4.570652,C[C@@H](Nc1c[nH]nc1NC(=O)c1ccc(C#N)nc1)c1ccccc1,5.073033
Nc1c(O)cccc1CNc1cccnc1Br,3.693878,Nc1c(O)cccc1C(=O)Nc1cccnc1Br,3.565609
Nc1ccc(CN2CCC[C@H]2C(=O)O)cc1Nc1nc2ccccc2[nH]1,4.33386,Nc1ccc(C(=O)N2CCC[C@H]2C(=O)O)cc1Nc1nc2ccccc2[nH]1,4.388345
c1cc(-c2nnn(CC3CC3)n2)ccc1COCC1CN(Cc2ccc3[nH]c(C4CCNCC4)nc3c2)C1,7.919284,O=C(c1ccc2[nH]c(C3CCNCC3)nc2c1)N1CC(COCc2ccc(-c3nnn(CC4CC4)n3)cc2)C1,7.818485
COc1cccc(CNc2ccc(NCc3ccc4nc(-c5ccc6nc([C@@H]7CCCN7)oc6c5)oc4c3)cc2)c1,7.479633,COc1cccc(CNc2ccc(NC(=O)c3ccc4nc(-c5ccc6nc([C@@H]7CCCN7)oc6c5)oc4c3)cc2)c1,7.422051
Nc1ccc(CNc2ccccc2-c2nc3cc(Br)ccc3[nH]2)cc1N,4.758312,Nc1ccc(C(=O)Nc2ccccc2-c2nc3cc(Br)ccc3[nH]2)cc1N,4.786257
Nc1ccc(CNCCc2cn(CC3CC3)c3ccccc23)cc1N,5.896722,Nc1ccc(C(=O)NCCc2cn(CC3CC3)c3ccccc23)cc1N,6.329192
O=C(O)CNCc1ccccn1,2.262163,O=C(O)CNC(=O)c1ccccn1,2.683414
Oc1ccc(-c2nnn(CC3CC3)n2)cc1NCc1ccc2oc([C@@H]3CCCN3C[C@@H]3Cc4ccccc4CN3)nc2c1,7.797132,O=C([C@@H]1Cc2ccccc2CN1)N(Cc1ccc2oc([C@@H]3CCCN3)nc2c1)c1cc(-c2nnn(CC3CC3)n2)ccc1O,7.430786
C[C@@H](NCc1ccc(Cn2cc(-c3nc4ccc(C(=O)NC5CC5)cc4o3)c3cc(Br)ccc32)cc1)c1ccccc1,6.839518,C[C@@H](NC(=O)c1ccc(Cn2cc(-c3nc4ccc(C(=O)NC5CC5)cc4o3)c3cc(Br)ccc32)cc1)c1ccccc1,6.840892
c1ccc2c(c1)CN[C@H](CNc1cc(-c3cn(CC4CC4)nn3)n[nH]1)C2,8.176517,O=C(Nc1cc(-c2cn(CC3CC3)nn2)n[nH]1)[C@@H]1Cc2ccccc2CN1,7.964265
Fc1cccc(CNc2cc(Br)n[nH]2)n1,3.34183,O=C(Nc1cc(Br)n[nH]1)c1cccc(F)n1,3.930948
O=Cc1cccnc1N1CC(CNc2ccc(Br)cc2)C1,4.083826,O=Cc1cccnc1N1CC(C(=O)Nc2ccc(Br)cc2)C1,4.796649
O=C(O)c1ccc(-c2nc3ccc(CNc4ccc(NC5CC5)cc4)cc3o2)cc1,6.12359,O=C(O)c1ccc(-c2nc3ccc(C(=O)Nc4ccc(NC5CC5)cc4)cc3o2)cc1,6.230162
O=C(Nc1ccnc2ccccc12)c1ccc(COCC2CN(Cc3ccc(-c4nnn(CC5CC5)n4)nc3)C2)cc1,8.011472,O=C(Nc1ccnc2ccccc12)c1ccc(COCC2CN(C(=O)c3ccc(-c4nnn(CC5CC5)n4)nc3)C2)cc1,7.919114
c1ccc(NCc2cn(CC3CC3)c3ccccc23)c(CCNCc2ccc(-c3nnn(CC4CC4)n3)nc2)c1,7.940769,O=C(NCCc1ccccc1NCc1cn(CC2CC2)c2ccccc12)c1ccc(-c2nnn(CC3CC3)n2)nc1,7.983741
Oc1cc(Br)ccc1NCc1cccc(F)n1,3.707404,O=C(Nc1ccc(Br)cc1O)c1cccc(F)n1,3.688771
O=C(O)C1CN(C(=O)N2CC(Nc3ccc(CNCCc4c[nH]c5ccccc45)cc3NCC3CCN3)C2)C1,6.492868,O=C(O)C1CN(C(=O)N2CC(Nc3ccc(CNCCc4c[nH]c5ccccc45)cc3NC(=O)C3CCN3)C2)C1,6.509761
O=C([C@@H]1Cc2ccccc2CN1)N1CC(CNc2cc(-c3ccc(NC[C@@H]4Cc5ccccc5CN4)cc3)n[nH]2)C1,7.932014,O=C(Nc1cc(-c2ccc(NC[C@@H]3Cc4ccccc4CN3)cc2)n[nH]1)C1CN(C(=O)[C@@H]2Cc3ccccc3CN2)C1,7.783869
Nc1cc(CNc2cc(-c3cccc(NC(=O)c4ccc(C=O)cc4)c3)n[nH]2)ccc1O,5.892746,Nc1cc(C(=O)Nc2cc(-c3cccc(NC(=O)c4ccc(C=O)cc4)c3)n[nH]2)ccc1O,6.273815
N#Cc1ccc(CN2CCC2C(=O)Nc2ccnc3ccccc23)cn1,6.321879,N#Cc1ccc(C(=O)N2CCC2C(=O)Nc2ccnc3ccccc23)cn1,6.413453
O=C(OCc1cccc(-c2nnnn2CC2CC2)c1)c1ccccc1NCc1ccc2oc(C3CNC3)nc2c1,7.183559,O=C(Nc1ccccc1C(=O)OCc1cccc(-c2nnnn2CC2CC2)c1)c1ccc2oc(C3CNC3)nc2c1,7.296659
c1ccc2c(NCc3ccc(-c4nc5cc(-c6nnn(CC7CC7)n6)ccc5o4)cc3)ccnc2c1,7.763299,O=C(Nc1ccnc2ccccc12)c1ccc(-c2nc3cc(-c4nnn(CC5CC5)n4)ccc3o2)cc1,7.75509
Nc1ccc(CNc2ccccc2C(=O)N2CC(C(=O)O)C2)cc1O,4.401325,Nc1ccc(C(=O)Nc2ccccc2C(=O)N2CC(C(=O)O)C2)cc1O,4.682843
c1cc(NCc2ccc3[nH]c([C@H]4CCCNC4)nc3c2)cc(-c2cc(NCC3CCN3)[nH]n2)c1,7.891032,O=C(Nc1cc(-c2cccc(NCc3ccc4[nH]c([C@H]5CCCNC5)nc4c3)c2)n[nH]1)C1CCN1,7.973116
Nc1c(O)cccc1CNCCc1ccccc1Br,4.095014,Nc1c(O)cccc1C(=O)NCCc1ccccc1Br,4.121501
Brc1ccc(NCc2ccnc(Br)c2)c(NCC2CCN2)c1,5.312934,O=C(Nc1cc(Br)ccc1NCc1ccnc(Br)c1)C1CCN1,5.734874
O=C(O)c1ccc2nc(-c3ccc(NCc4ccc(CCl)cc4)c(O)c3)oc2c1,5.380379,O=C(O)c1ccc2nc(-c3ccc(NC(=O)c4ccc(CCl)cc4)c(O)c3)oc2c1,5.428899
c1ccc2c(c1)CN[C@H](CN1CC(c3nc4cccc(Nc5cccc6ccn(CC7CC7)c56)c4o3)C1)C2,7.419805,O=C([C@@H]1Cc2ccccc2CN1)N(c1cccc2nc(C3CNC3)oc12)c1cccc2ccn(CC3CC3)c12,7.046886
O=C(NCc1ccc(C(F)(F)F)cc1)c1ccc2nc(-c3ccc4nc(C5CN(C[C@@H]6Cc7ccccc7CN6)C5)oc4c3)oc2c1,7.665202,O=C(NCc1ccc(C(F)(F)F)cc1)c1ccc2nc(-c3ccc4nc(C5CN(C(=O)[C@@H]6Cc7ccccc7CN6)C5)oc4c3)oc2c1,7.636275
c1ccc(COCC2CNC2)c(CNc2ccc(-c3ccc4nc(C5CNC5)[nH]c4c3)cc2)c1,7.761049,O=C(Nc1ccc(-c2ccc3nc(C4CNC4)[nH]c3c2)cc1)c1ccccc1COCC1CNC1,7.633434
O=C(NCc1ccccc1)[C@H](c1ccccc1)N(C[C@@H]1Cc2ccccc2CN1)c1ccc2ccccc2n1,6.340415,O=C(NCc1ccccc1)[C@H](c1ccccc1)N(C(=O)[C@@H]1Cc2ccccc2CN1)c1ccc2ccccc2n1,6.212578
O=C(O)c1cccc(-c2ccc3[nH]c(-c4ccc5[nH]c(-c6ccc(CNC78CC(C7)C8)cc6)nc5c4)nc3c2)c1,7.192644,O=C(O)c1ccc(-c2nc3cc(-c4nc5cc(-c6cccc(C(=O)NC78CC(C7)C8)c6)ccc5[nH]4)ccc3[nH]2)cc1,7.123181
O=Cc1c[nH]c2ccc(-c3ccc(NCc4ccc5nc(C6CNC6)oc5c4)cc3)cc12,7.161533,O=Cc1c[nH]c2ccc(-c3ccc(NC(=O)c4ccc5nc(C6CNC6)oc5c4)cc3)cc12,6.816064
c1ccc2c(Nc3ccc4nc(CNCc5ccc6nc(C7CNC7)oc6c5)oc4c3)ccnc2c1,7.215023,O=C(NCc1nc2ccc(Nc3ccnc4ccccc34)cc2o1)c1ccc2nc(C3CNC3)oc2c1,7.58467
O=C(O)c1cccc(-c2ccc3nc(C4(NCc5cnccc5NC[C@@H]5Cc6ccccc6CN5)CCC4)[nH]c3c2)c1,7.024801,O=C(O)c1cccc(-c2ccc3nc(C4(NCc5cnccc5NC(=O)[C@@H]5Cc6ccccc6CN5)CCC4)[nH]c3c2)c1,7.052955
Cc1cc(-c2cccc(NCc3ccc(-c4nnn(CC5CC5)n4)nc3)c2)cnc1NC(=O)[C@@H]1Cc2ccccc2CN1,7.947841,Cc1cc(-c2cccc(NC(=O)c3ccc(-c4nnn(CC5CC5)n4)nc3)c2)cnc1NC(=O)[C@@H]1Cc2ccccc2CN1,7.32526
O=C([C@H]1CCCN1)N1CCC[C@@H]1CN(Cc1ccc(-c2nnn(CC3CC3)n2)nc1)c1cccc2cc[nH]c12,7.082443,O=C([C@H]1CCCN1C(=O)[C@H]1CCCN1)N(Cc1ccc(-c2nnn(CC3CC3)n2)nc1)c1cccc2cc[nH]c12,6.989476
Nc1ccc(Br)cc1NCCNC(=O)c1cccc(-c2ccnc(F)c2)c1,4.868191,Nc1cc(Br)ccc1NC(=O)CNC(=O)c1cccc(-c2ccnc(F)c2)c1,5.200741
O=C(O)c1ccc(O)c(NCc2cccc(-c3cn(CC4CC4)cn3)c2)c1,6.494836,O=C(O)c1ccc(O)c(NC(=O)c2cccc(-c3cn(CC4CC4)cn3)c2)c1,6.565971
Cc1cc(-c2cccc(NC[C@@H]3Cc4ccccc4CN3)c2)cnc1N,6.444549,Cc1cc(-c2cccc(N)c2)cnc1NC(=O)[C@@H]1Cc2ccccc2CN1,6.648597
O=C(Nc1ccc(Br)cc1)[C@H](NCc1ccc(CCl)cc1)c1ccccc1,4.795012,O=C(N[C@@H](C(=O)Nc1ccc(Br)cc1)c1ccccc1)c1ccc(CCl)cc1,4.998907
O=C(O)C1CN(c2ccccc2CCNc2ccc(NCc3ccc(-c4nnn(CC5CC5)n4)nc3)cc2)C1,7.139606,O=C(Nc1ccc(NCCc2ccccc2N2CC(C(=O)O)C2)cc1)c1ccc(-c2nnn(CC3CC3)n2)nc1,7.192024
c1cc2[nH]c(C3CCNCC3)nc2cc1CNc1ccc(-c2cn(CC3CC3)cn2)cc1,8.172953,O=C(Nc1ccc(-c2cn(CC3CC3)cn2)cc1)c1ccc2[nH]c(C3CCNCC3)nc2c1,7.746908
O=C(NC1CC1)c1ccc(CN(CC2CN(c3ccccn3)C2)c2ccnc3ccccc23)cc1,6.861113,O=C(NC1CC1)c1ccc(CN(C(=O)C2CN(c3ccccn3)C2)c2ccnc3ccccc23)cc1,7.120552
C#Cc1ccc(NCC2CNC2)cc1,5.77658,C#Cc1ccc(NC(=O)C2CNC2)cc1,7.399883
O=C(NC1CC1)c1cccc(-c2ccc(NCc3ccc(-c4nnn(CC5CC5)n4)nc3)cc2)c1,8.19642,O=C(Nc1ccc(-c2cccc(C(=O)NC3CC3)c2)cc1)c1ccc(-c2nnn(CC3CC3)n2)nc1,6.109627
O=C(Nc1c(O)cccc1CNc1ccc(CNC23CC(C2)C3)cc1O)c1ccc2nc(C3CNC3)oc2c1,7.160841,O=C(Nc1c(O)cccc1CNc1ccc(C(=O)NC23CC(C2)C3)cc1O)c1ccc2nc(C3CNC3)oc2c1,6.873498
C[C@@H](NC(=O)c1ccccc1NCc1ccc2nc(-c3cccc(C(=O)NC4CC4)c3)oc2c1)c1ccccc1,7.561623,C[C@@H](NC(=O)c1ccccc1NC(=O)c1ccc2nc(-c3cccc(C(=O)NC4CC4)c3)oc2c1)c1ccccc1,7.64032
Nc1cc(CN2CC(C(=O)O)C2)ccc1O,3.24553,Nc1cc(C(=O)N2CC(C(=O)O)C2)ccc1O,3.951016
OB(O)c1ccc(NCc2ccc(-c3nc4ccc(-c5nnn(CC6CC6)n5)cc4[nH]3)cc2)cc1,6.509726,O=C(Nc1ccc(B(O)O)cc1)c1ccc(-c2nc3ccc(-c4nnn(CC5CC5)n4)cc3[nH]2)cc1,6.86583
Nc1ccc(CN2CCC(C(=O)O)CC2)cc1N,3.572771,Nc1ccc(C(=O)N2CCC(C(=O)O)CC2)cc1N,3.847142
O=C(O)c1ccc(Cn2nnnc2-c2ccc(O)c(NCc3ccc4oc(C5CNC5)nc4c3)c2)cc1,6.851235,O=C(O)c1ccc(Cn2nnnc2-c2ccc(O)c(NC(=O)c3ccc4oc(C5CNC5)nc4c3)c2)cc1,6.887624
O=C(NCc1ccc(C(F)(F)F)cc1)c1ccccc1NCc1ccc(-c2nnn(CC3CC3)n2)nc1,7.38889,O=C(Nc1ccccc1C(=O)NCc1ccc(C(F)(F)F)cc1)c1ccc(-c2nnn(CC3CC3)n2)nc1,7.535593
O=Cc1ccc(-c2ccc(NCC3CCN3)cc2)cc1,6.546905,O=Cc1ccc(-c2ccc(NC(=O)C3CCN3)cc2)cc1,6.962088
O=C(NCCc1c[nH]c2ccccc12)c1ccc2nc(C3CN(Cc4ccc(CO[C@H]5CN6CCC5CC6)cc4)C3)[nH]c2c1,7.77078,O=C(NCCc1c[nH]c2ccccc12)c1ccc2nc(C3CN(C(=O)c4ccc(CO[C@H]5CN6CCC5CC6)cc4)C3)[nH]c2c1,7.708361
Nc1ccc(C(=O)Nc2ccc(CNC34CC(C3)C4)cc2O)cc1O,5.532611,Nc1ccc(C(=O)Nc2ccc(C(=O)NC34CC(C3)C4)cc2O)cc1O,5.464096
c1cc2oc(-c3ccc4nc(-c5ccc6nc(C7CCNCC7)oc6c5)oc4c3)nc2cc1CNC12CC(C1)C2,8.010621,O=C(NC12CC(C1)C2)c1ccc2oc(-c3ccc4nc(-c5ccc6nc(C7CCNCC7)oc6c5)oc4c3)nc2c1,6.807902
Nc1ccc(CNc2cccnc2Br)cc1O,3.394768,Nc1ccc(C(=O)Nc2cccnc2Br)cc1O,3.780519
c1cc(NCc2ccc(NCc3c[nH]c4ccccc34)cc2)cc(-c2cc(NC[C@@H]3Cc4ccccc4CN3)[nH]n2)c1,7.880421,O=C(Nc1cccc(-c2cc(NC[C@@H]3Cc4ccccc4CN3)[nH]n2)c1)c1ccc(NCc2c[nH]c3ccccc23)cc1,7.93768
O=C(O)c1ccc(Cn2nnc(-c3ccc(O)c(NCc4ccc(CO[C@H]5CN6CCC5CC6)cc4)c3)n2)cc1,7.255171,O=C(O)c1ccc(Cn2nnc(-c3ccc(O)c(NC(=O)c4ccc(CO[C@H]5CN6CCC5CC6)cc4)c3)n2)cc1,7.222613
c1ccc2c(c1)CN[C@H](CNc1ccc(-c3ccc(NCc4ccc5nc([C@H]6CCCN6)oc5c4)cc3)cc1)C2,7.921846,O=C(Nc1ccc(-c2ccc(NCc3ccc4nc([C@H]5CCCN5)oc4c3)cc2)cc1)[C@@H]1Cc2ccccc2CN1,7.813099
O=C(Nc1ccccn1)N1CC(CNc2cccc(-c3cncc(-c4nnn(CC5CC5)n4)c3)c2)C1,7.664208,O=C(Nc1cccc(-c2cncc(-c3nnn(CC4CC4)n3)c2)c1)C1CN(C(=O)Nc2ccccn2)C1,6.967525
O=C(Nc1ccnc2ccccc12)c1ccc2nc(-c3cccc(CNc4ccnc5ccccc45)c3)oc2c1,6.899964,O=C(Nc1ccnc2ccccc12)c1cccc(-c2nc3ccc(C(=O)Nc4ccnc5ccccc45)cc3o2)c1,6.984997
N#Cc1ccc(CNC23CC(C2)C3)cn1,5.320318,N#Cc1ccc(C(=O)NC23CC(C2)C3)cn1,5.126898
Oc1ccc(CNCc2ccc(CCl)cc2)cc1,4.238533,O=C(NCc1ccc(O)cc1)c1ccc(CCl)cc1,4.499793
O=C(Nc1cc(-c2cccc(NCc3ccc(CCl)cc3)c2)ccc1NCC1CNC1)Nc1cccc2ccccc12,6.46384,O=C(Nc1cc(-c2cccc(NCc3ccc(CCl)cc3)c2)ccc1NC(=O)C1CNC1)Nc1cccc2ccccc12,5.701641
Nc1cc(CNc2ccccc2-c2nc3c(C(=O)NC4CC4)cccc3o2)ccc1O,6.020062,Nc1cc(C(=O)Nc2ccccc2-c2nc3c(C(=O)NC4CC4)cccc3o2)ccc1O,5.457014
O=C(NCc1c[nH]c2ccccc12)c1cc(-c2ccc(NCc3ccc(CO[C@H]4CN5CCC4CC5)cc3)cc2)ccc1F,7.88135,O=C(Nc1ccc(-c2ccc(F)c(C(=O)NCc3c[nH]c4ccccc34)c2)cc1)c1ccc(CO[C@H]2CN3CCC2CC3)cc1,7.930638
Nc1ccc(CN2CC(C(=O)Nc3ccnc4ccccc34)C2)cc1N,5.330097,Nc1ccc(C(=O)N2CC(C(=O)Nc3ccnc4ccccc34)C2)cc1N,6.200309
O=C(Nc1ccc(C(=O)O)cc1NC[C@@H]1Cc2ccccc2CN1)NC12CC(C1)C2,6.353578,O=C(Nc1ccc(C(=O)O)cc1NC(=O)[C@@H]1Cc2ccccc2CN1)NC12CC(C1)C2,6.090152
Fc1ncc(-c2cccc(Nc3ccc4nc(C5CN(C[C@@H]6Cc7ccccc7CN6)C5)oc4c3)c2)cn1,7.312802,O=C([C@@H]1Cc2ccccc2CN1)N(c1cccc(-c2cnc(F)nc2)c1)c1ccc2nc(C3CNC3)oc2c1,6.62474
Oc1ccccc1NC[C@H]1CCCN1,3.143461,O=C(Nc1ccccc1O)[C@H]1CCCN1,4.451859
O=C(O)c1ccc(NCc2ccc3oc(C4CNC4)nc3c2)c(NCc2ccccc2NC(=O)N2CCC[C@@H]2C(=O)O)c1,6.192558,O=C(O)c1ccc(NC(=O)c2ccc3oc(C4CNC4)nc3c2)c(NCc2ccccc2NC(=O)N2CCC[C@@H]2C(=O)O)c1,6.210838
Nc1ccccc1CN1Cc2ccccc2C[C@H]1C(=O)O,4.352249,Nc1ccccc1C(=O)N1Cc2ccccc2C[C@H]1C(=O)O,4.310534
O=C(O)c1ccc(O)c(NCc2cccc(F)n2)c1,4.074951,O=C(O)c1ccc(O)c(NC(=O)c2cccc(F)n2)c1,3.890243
O=C(Nc1cc(-c2nnn(CC3CC3)n2)ccc1NCC1CNC1)Nc1cccc2ccccc12,7.272606,O=C(Nc1cc(-c2nnn(CC3CC3)n2)ccc1NC(=O)C1CNC1)Nc1cccc2ccccc12,5.717998
O=C(NCc1c[nH]c2ccccc12)N1CCC1CNc1cccc2cc[nH]c12,6.056799,O=C(Nc1cccc2cc[nH]c12)C1CCN1C(=O)NCc1c[nH]c2ccccc12,6.403765
c1cc(Cn2nnc(-c3ccc4nc(C5CNC5)[nH]c4c3)n2)ccc1CNC12CC(C1)C2,7.772535,O=C(NC12CC(C1)C2)c1ccc(Cn2nnc(-c3ccc4nc(C5CNC5)[nH]c4c3)n2)cc1,7.63891
Nc1ccc(CNc2ccc(CNc3n[nH]cc3Br)cc2O)cc1O,4.388605,Nc1ccc(C(=O)Nc2ccc(CNc3n[nH]cc3Br)cc2O)cc1O,4.54376
N[C@H](CN1CCC[C@H]1C(=O)O)c1ccccc1,3.050398,N[C@H](C(=O)N1CCC[C@H]1C(=O)O)c1ccccc1,3.833598
Nc1ccccc1CN1CCC(C(=O)Nc2cc(-c3cccc(NCC4CNC4)c3)n[nH]2)CC1,7.369807,Nc1ccccc1C(=O)N(CC1CNC1)c1cccc(-c2cc(NC(=O)C3CCNCC3)[nH]n2)c1,6.914038
Nc1ccc(CN[C@@H](C(=O)NCCc2ccccc2)c2ccccc2)cc1O,4.68503,Nc1ccc(C(=O)N[C@@H](C(=O)NCCc2ccccc2)c2ccccc2)cc1O,4.916249
O=C(O)c1cccc(-c2nc3ccc(CN4CCC[C@@H]4C(=O)O)cc3[nH]2)c1,4.668826,O=C(O)c1ccc2nc(-c3cccc(C(=O)N4CCC[C@@H]4C(=O)O)c3)[nH]c2c1,4.688115
ClCc1ccc(CNc2ccccn2)cc1,4.022997,O=C(Nc1ccccn1)c1ccc(CCl)cc1,4.42038
N#Cc1cccc(-c2ccc(N)c(NCC3CNC3)c2)c1,6.186652,N#Cc1cccc(-c2ccc(N)c(NC(=O)C3CNC3)c2)c1,6.576584
N#Cc1ccc(Cn2c(C3CNC3)nc3ccc(CNc4ccc(B(O)O)cc4)cc32)cc1,5.438132,N#Cc1ccc(Cn2c(C3CNC3)nc3ccc(C(=O)Nc4ccc(B(O)O)cc4)cc32)cc1,5.227251
N#Cc1ccc(CN[C@H](Cc2ccccc2)C(=O)Nc2cccc(-c3cccc(C=O)c3)c2)cn1,5.703869,N#Cc1ccc(C(=O)N[C@H](Cc2ccccc2)C(=O)Nc2cccc(-c3cccc(C=O)c3)c2)cn1,5.841175
Nc1ccc(CN[C@H](CNCCc2cn(CC3CC3)c3ccccc23)Cc2c[nH]c3ccccc23)cc1N,5.872589,Nc1ccc(CN[C@@H](Cc2c[nH]c3ccccc23)C(=O)NCCc2cn(CC3CC3)c3ccccc23)cc1N,6.088549
c1ccc2c(c1)c(CCNCC1CNC1)cn2CC1CC1,6.777472,O=C(NCCc1cn(CC2CC2)c2ccccc12)C1CNC1,7.875966
N#Cc1ccc(O)c(NCc2ccc3nc(C4CCN4)oc3c2)c1,6.403918,N#Cc1ccc(O)c(NC(=O)c2ccc3nc(C4CCN4)oc3c2)c1,6.404529
C#Cc1cnc(NC(=O)c2cccc(O)c2NCc2ccc(O)c(N)c2)c(C)c1,4.872386,C#Cc1cnc(NC(=O)c2cccc(O)c2NC(=O)c2ccc(O)c(N)c2)c(C)c1,4.750077
O=C(Nc1cccc(-c2ncccc2NC[C@@H]2Cc3ccccc3CN2)c1)c1ccc2nc(C3CNC3)[nH]c2c1,8.116005,O=C(Nc1cccc(-c2ncccc2NC(=O)[C@@H]2Cc3ccccc3CN2)c1)c1ccc2nc(C3CNC3)[nH]c2c1,7.317642
C[C@@H](NC[C@@H]1Cc2ccccc2CN1)C(=O)Nc1ccc(NCc2cn(CC3CC3)c3ccccc23)cc1,7.624421,C[C@@H](NC(=O)[C@@H]1Cc2ccccc2CN1)C(=O)Nc1ccc(NCc2cn(CC3CC3)c3ccccc23)cc1,7.87553
N#Cc1ccc(CNc2cccc(-c3c[nH]cn3)c2)cn1,4.861994,N#Cc1ccc(C(=O)Nc2cccc(-c3c[nH]cn3)c2)cn1,5.246686
O=C(Nc1ccnc2ccccc12)N1CCN(Cc2ccc(-c3nc4ccc(-c5nnn(CC6CC6)n5)cc4[nH]3)cc2)CC1,8.009057,O=C(Nc1ccnc2ccccc12)N1CCN(C(=O)c2ccc(-c3nc4ccc(-c5nnn(CC6CC6)n5)cc4[nH]3)cc2)CC1,7.992696
c1cc(NCc2ccc3nc(C4CNC4)oc3c2)c2[nH]ccc2c1,7.0896,O=C(Nc1cccc2cc[nH]c12)c1ccc2nc(C3CNC3)oc2c1,7.250821
Nc1ccc(C(=O)NCCc2c[nH]c3ccccc23)cc1NC[C@@H]1Cc2ccccc2CN1,6.977458,Nc1cc(C(=O)NCCc2c[nH]c3ccccc23)ccc1NC(=O)[C@@H]1Cc2ccccc2CN1,6.961757
Nc1cc(CNc2nc(Br)cs2)ccc1O,2.969789,Nc1cc(C(=O)Nc2nc(Br)cs2)ccc1O,3.387252
Nc1cc(-c2nnn(Cc3c[nH]cn3)n2)ccc1NCc1ccc2oc(C3CNC3)nc2c1,6.659298,Nc1cc(-c2nnn(Cc3c[nH]cn3)n2)ccc1NC(=O)c1ccc2oc(C3CNC3)nc2c1,6.541893
OB(O)c1ccc(NCc2ccc3nc([C@@H]4CCCN4)[nH]c3c2)cc1,5.16467,O=C(Nc1ccc(B(O)O)cc1)c1ccc2nc([C@@H]3CCCN3)[nH]c2c1,5.357465
OB(O)c1cccc(CNc2n[nH]cc2Br)c1,2.600629,O=C(Nc1n[nH]cc1Br)c1cccc(B(O)O)c1,2.992157
c1cc(CNc2cc(-c3cn(CC4CC4)nn3)n[nH]2)cc(CNc2cccc3cc[nH]c23)c1,7.518334,O=C(Nc1cc(-c2cn(CC3CC3)nn2)n[nH]1)c1cccc(CNc2cccc3cc[nH]c23)c1,7.778218
C[C@H](NC[C@H](NC(=O)[C@H]1CCCN1Cc1ccc(-c2nnn(CC3CC3)n2)nc1)c1ccccc1)c1ccccc1,7.428366,C[C@H](NC(=O)[C@H](NC(=O)[C@H]1CCCN1Cc1ccc(-c2nnn(CC3CC3)n2)nc1)c1ccccc1)c1ccccc1,7.553458
O=C(Nc1ccccn1)C1CN(Cc2ccc3oc(C4CNC4)nc3c2)C1,7.578775,O=C(Nc1ccccn1)C1CN(C(=O)c2ccc3oc(C4CNC4)nc3c2)C1,7.022058
c1ccc2c(CCNCc3ccc4nc(C5CCNCC5)[nH]c4c3)c[nH]c2c1,6.658754,O=C(NCCc1c[nH]c2ccccc12)c1ccc2nc(C3CCNCC3)[nH]c2c1,6.933006
Nc1ccc(CN2CCC[C@H]2C(=O)Nc2ccccc2C(=O)O)cc1O,4.489889,Nc1ccc(C(=O)N2CCC[C@H]2C(=O)Nc2ccccc2C(=O)O)cc1O,4.668776
c1ccc2c(c1)c(CNCc1ccc3nc(C4CCNCC4)oc3c1)cn2Cc1ccc(-c2nnn(CC3CC3)n2)cc1,7.936855,O=C(NCc1cn(Cc2ccc(-c3nnn(CC4CC4)n3)cc2)c2ccccc12)c1ccc2nc(C3CCNCC3)oc2c1,8.135811
C#Cc1cc(NCC2CCN2)[nH]n1,5.864324,C#Cc1cc(NC(=O)C2CCN2)[nH]n1,6.349675
O=C(NCc1c[nH]c2ccccc12)c1cccc(O)c1NCC1CCN1,6.15608,O=C(NCc1c[nH]c2ccccc12)c1cccc(O)c1NC(=O)C1CCN1,6.409278
c1cc(-c2ccc3[nH]c(C4CCNCC4)nc3c2)cc(-c2nc3cc(CNc4ccnc5ccccc45)ccc3o2)c1,7.545734,O=C(Nc1ccnc2ccccc12)c1ccc2oc(-c3cccc(-c4ccc5[nH]c(C6CCNCC6)nc5c4)c3)nc2c1,7.873725
Nc1ccc(CNC2(C(=O)O)CCC2)cc1O,2.969915,NC1(C(=O)Nc2ccc(C(=O)O)cc2O)CCC1,3.495311
O=C(Nc1ccnc2ccccc12)[C@H](Cc1ccccc1)N(C[C@@H]1CCCN(C[C@@H]2Cc3ccccc3CN2)C1)C(=O)NCc1ccc(C(F)(F)F)cc1,5.921959,O=C(Nc1ccnc2ccccc12)[C@H](Cc1ccccc1)N(C[C@@H]1CCCN(C(=O)[C@@H]2Cc3ccccc3CN2)C1)C(=O)NCc1ccc(C(F)(F)F)cc1,6.638038
N[C@@H](CN1CC(C(=O)NCc2c[nH]c3ccccc23)C1)c1ccccc1,5.080094,N[C@@H](C(=O)N1CC(C(=O)NCc2c[nH]c3ccccc23)C1)c1ccccc1,6.569975
N#Cc1ccc(CN2CCNCC2)cn1,3.641848,N#Cc1ccc(C(=O)N2CCNCC2)cn1,4.403769
Brc1cncc(-c2nc3ccc(CNc4ccccn4)cc3[nH]2)c1,5.507372,O=C(Nc1ccccn1)c1ccc2nc(-c3cncc(Br)c3)[nH]c2c1,5.763243
C#CCNC(=O)c1ccc(O)c(NCc2ccc(CO[C@H]3CN4CCC3CC4)cc2)c1,6.924645,C#CCNC(=O)c1ccc(O)c(NC(=O)c2ccc(CO[C@H]3CN4CCC3CC4)cc2)c1,6.946671
Oc1ccc(CCNc2cccc(NCC3CCN3Cc3ccc(-c4nnn(CC5CC5)n4)nc3)c2O)cc1,7.036918,O=C(c1ccc(-c2nnn(CC3CC3)n2)nc1)N(CC1CCN1)c1cccc(NCCc2ccc(O)cc2)c1O,6.94655
N#Cc1ccc(O)c(NCc2ccc(O)c(N)c2)c1,3.84282,N#Cc1ccc(O)c(NC(=O)c2ccc(O)c(N)c2)c1,3.832639
Cc1cc(Br)cnc1NCc1ccc(O)c(NCc2ccc3nc(-c4ccc(CO[C@H]5CN6CCC5CC6)cc4)[nH]c3c2)c1,7.089379,Cc1cc(Br)cnc1NCc1ccc(O)c(NC(=O)c2ccc3nc(-c4ccc(CO[C@H]5CN6CCC5CC6)cc4)[nH]c3c2)c1,7.090872
c1cncc(-c2ccc3nc(C4CN(Cc5ccc(CO[C@H]6CN7CCC6CC7)cc5)C4)oc3c2)c1,7.940861,O=C(c1ccc(CO[C@H]2CN3CCC2CC3)cc1)N1CC(c2nc3ccc(-c4cccnc4)cc3o2)C1,7.931561
C[C@@H](c1ccccc1)N(Cc1cccc2oc(-c3ccc(C(=O)Nc4ccnc5ccccc45)cc3)nc12)CC1CNC1,7.155155,C[C@@H](c1ccccc1)N(Cc1cccc2oc(-c3ccc(C(=O)Nc4ccnc5ccccc45)cc3)nc12)C(=O)C1CNC1,7.575498
N#Cc1cccc(Cn2cc(CCNCc3cccc(F)n3)c3ccccc32)c1,5.232679,N#Cc1cccc(Cn2cc(CCNC(=O)c3cccc(F)n3)c3ccccc32)c1,5.285399
O=C(NC12CC(C1)C2)c1ccccc1NCc1ccc(CO[C@H]2CN3CCC2CC3)cc1,7.718715,O=C(Nc1ccccc1C(=O)NC12CC(C1)C2)c1ccc(CO[C@H]2CN3CCC2CC3)cc1,7.655012
OB(O)c1cccc(NCc2ccc3[nH]c(C4CNC4)nc3c2)c1,5.421733,O=C(Nc1cccc(B(O)O)c1)c1ccc2[nH]c(C3CNC3)nc2c1,5.518849
c1cc(-c2ccc(NCc3ccc4nc(C5CCNCC5)[nH]c4c3)cc2)cc(-c2nnn(CC3CC3)n2)c1,8.138398,O=C(Nc1ccc(-c2cccc(-c3nnn(CC4CC4)n3)c2)cc1)c1ccc2nc(C3CCNCC3)[nH]c2c1,7.826128
C[C@H](NCc1cccc(O)c1NCc1cccc(C=O)c1)c1ccccc1,4.389424,C[C@H](NC(=O)c1cccc(O)c1NCc1cccc(C=O)c1)c1ccccc1,4.669579
OB(O)c1cccc(NCc2ccc3oc(-c4ccc(-c5nnn(CC6CC6)n5)nc4)nc3c2)c1,6.525818,O=C(Nc1cccc(B(O)O)c1)c1ccc2oc(-c3ccc(-c4nnn(CC5CC5)n4)nc3)nc2c1,6.375519
O=C(Nc1ccc(-c2cccc(Nc3cnc(F)nc3)c2)cc1)C1(NC[C@@H]2Cc3ccccc3CN2)CCC1,7.539322,O=C(NC1(C(=O)Nc2ccc(-c3cccc(Nc4cnc(F)nc4)c3)cc2)CCC1)[C@@H]1Cc2ccccc2CN1,7.589396
N[C@H](Cc1c[nH]c2ccccc12)c1nc2ccc(-c3nc4ccc(CNC56CC(C5)C6)cc4o3)cc2o1,7.233789,N[C@H](Cc1c[nH]c2ccccc12)c1nc2ccc(-c3nc4ccc(C(=O)NC56CC(C5)C6)cc4o3)cc2o1,7.11341
O=C(NCc1ccccc1)c1ccc2nc(-c3cccc(CNCCc4cn(CC5CC5)c5ccccc45)c3)oc2c1,7.808621,O=C(NCCc1cn(CC2CC2)c2ccccc12)c1cccc(-c2nc3ccc(C(=O)NCc4ccccc4)cc3o2)c1,7.960145
O=C(NCc1c[nH]c2ccccc12)c1ccc(NCC2CCN2)c(NCc2ccc3oc(C4CNC4)nc3c2)c1,7.788804,O=C(NCc1c[nH]c2ccccc12)c1ccc(NC(=O)C2CCN2)c(NCc2ccc3oc(C4CNC4)nc3c2)c1,7.432302
O=Cc1ccc(CNc2ccc(-c3cccnc3)cc2)cc1,5.324969,O=Cc1ccc(C(=O)Nc2ccc(-c3cccnc3)cc2)cc1,5.85894
Nc1ccc(-c2nnn(CC3CC3)n2)cc1Nc1ccc(CNCc2cn(CC3CC3)c3ccccc23)cc1,7.68846,Nc1ccc(-c2nnn(CC3CC3)n2)cc1Nc1ccc(C(=O)NCc2cn(CC3CC3)c3ccccc23)cc1,7.923895
Cc1cc(-c2ccc(NC(=O)C3(N)CCC3)cc2)cnc1NCc1ccc2oc(C3CNC3)nc2c1,7.123849,Cc1cc(-c2ccc(NC(=O)C3(N)CCC3)cc2)cnc1NC(=O)c1ccc2oc(C3CNC3)nc2c1,6.853975
OB(O)c1cccc(NCc2cccc(CNCCc3ccccc3)c2)c1,4.453298,O=C(Nc1cccc(B(O)O)c1)c1cccc(CNCCc2ccccc2)c1,4.699524
c1cc(-c2cc(NC[C@@H]3Cc4ccccc4CN3)[nH]n2)cc(-c2nc3cccc(-c4ccc5[nH]ccc5c4)c3o2)c1,7.660347,O=C(Nc1cc(-c2cccc(-c3nc4cccc(-c5ccc6[nH]ccc6c5)c4o3)c2)n[nH]1)[C@@H]1Cc2ccccc2CN1,7.70441
OB(O)c1cccc(-c2nnnn2Cc2ccccc2CNCCc2ccncc2)c1,4.511286,O=C(NCCc1ccncc1)c1ccccc1Cn1nnnc1-c1cccc(B(O)O)c1,4.652905
C[C@H](Nc1ccc(NC[C@@H]2Cc3ccccc3CN2)cc1)c1ccccc1,6.934258,C[C@H](Nc1ccc(NC(=O)[C@@H]2Cc3ccccc3CN2)cc1)c1ccccc1,7.071488
c1ccc2c(c1)CN[C@H](CN1CCC1CNc1ccc(Nc3cccc4ccn(CC5CC5)c34)cc1)C2,7.474226,O=C([C@@H]1Cc2ccccc2CN1)N(CC1CCN1)c1ccc(Nc2cccc3ccn(CC4CC4)c23)cc1,7.545096
O=C(Nc1cccc2cc[nH]c12)C1CN(C[C@@H]2Cc3ccccc3CN2)C1,6.553392,O=C(Nc1cccc2cc[nH]c12)C1CN(C(=O)[C@@H]2Cc3ccccc3CN2)C1,7.115177
O=C(NCc1c[nH]c2ccccc12)c1ccc2nc([C@@H](c3ccccc3)N(CC3CNC3)C3CNC3)oc2c1,6.675374,O=C(NCc1c[nH]c2ccccc12)c1ccc2nc([C@@H](c3ccccc3)N(C(=O)C3CNC3)C3CNC3)oc2c1,6.596742
c1cc(CN(Cc2cn(CC3CC3)c3ccccc23)C[C@@H]2Cc3ccccc3CN2)cc(Nc2cccc3cc[nH]c23)c1,6.941781,O=C([C@@H]1Cc2ccccc2CN1)N(Cc1cccc(Nc2cccc3cc[nH]c23)c1)Cc1cn(CC2CC2)c2ccccc12,6.998377
COc1ccccc1CCNCc1ccccc1N,4.092807,COc1ccccc1CCNC(=O)c1ccccc1N,4.439972
O=C(Nc1ccc(Br)cc1)C1CN(Cc2ccc(-c3nnn(CC4CC4)n3)nc2)C1,7.360946,O=C(Nc1ccc(Br)cc1)C1CN(C(=O)c2ccc(-c3nnn(CC4CC4)n3)nc2)C1,6.773428
O=C(NC12CC(C1)C2)[C@@H]1CCCN1C(=O)[C@@H](NCc1ccc(CO[C@H]2CN3CCC2CC3)cc1)c1ccccc1,7.528531,O=C(N[C@H](C(=O)N1CCC[C@H]1C(=O)NC12CC(C1)C2)c1ccccc1)c1ccc(CO[C@H]2CN3CCC2CC3)cc1,7.314577
N#Cc1cccc(Cn2c(C3CCN3)nc3ccc(CNc4ccccc4CNc4ccnc5ccccc45)cc32)c1,6.470508,N#Cc1cccc(Cn2c(C3CCN3)nc3ccc(CNc4ccccc4C(=O)Nc4ccnc5ccccc45)cc32)c1,6.351752
CC1(C)OB(c2ccc(NCc3cccc(C=O)c3)nc2)OC1(C)C,3.749636,CC1(C)OB(c2ccc(NC(=O)c3cccc(C=O)c3)nc2)OC1(C)C,3.899748
O=C(O)c1ccc2oc(-c3ccc(Cn4cc(CCNCC5CNC5)c5ccccc54)cc3)nc2c1,6.250388,O=C(O)c1ccc2oc(-c3ccc(Cn4cc(CCNC(=O)C5CNC5)c5ccccc54)cc3)nc2c1,7.257584
OB(O)c1ccc(NCc2ccc3[nH]c(C4CNC4)nc3c2)cc1,5.566537,O=C(Nc1ccc(B(O)O)cc1)c1ccc2[nH]c(C3CNC3)nc2c1,5.748835
Nc1ccc(-c2nc3ccc(C(=O)N4CCC[C@@H]4CNCCc4cn(CC5CC5)c5ccccc45)cc3o2)cc1N,7.405531,Nc1ccc(-c2nc3ccc(C(=O)N4CCC[C@@H]4C(=O)NCCc4cn(CC5CC5)c5ccccc45)cc3o2)cc1N,7.556878
O=C(O)c1ccc(NCC2CCN(C(=O)c3cccc4oc(C5CNC5)nc34)CC2)c(O)c1,6.399703,O=C(O)c1ccc(NC(=O)C2CCN(C(=O)c3cccc4oc(C5CNC5)nc34)CC2)c(O)c1,6.421584
N[C@@H](CNCCN1CCN(C(=O)Nc2cccc3cc[nH]c23)CC1)c1ccccc1,4.383623,N[C@@H](C(=O)NCCN1CCN(C(=O)Nc2cccc3cc[nH]c23)CC1)c1ccccc1,6.214786
Nc1ccc(CN2CCC[C@H]2C(=O)O)cc1O,3.055978,Nc1ccc(C(=O)N2CCC[C@H]2C(=O)O)cc1O,3.207215
O=C(Nc1cccc2cc[nH]c12)c1ccc(Cn2cc(CNCc3ccc4nc(C5CNC5)[nH]c4c3)c3ccccc32)cc1,7.525153,O=C(NCc1cn(Cc2ccc(C(=O)Nc3cccc4cc[nH]c34)cc2)c2ccccc12)c1ccc2nc(C3CNC3)[nH]c2c1,7.674302
COc1ccc2c(c1)nc(C1CCN1Cc1ccc3oc(C4CNC4)nc3c1)n2CC1CC1,7.224625,COc1ccc2c(c1)nc(C1CCN1C(=O)c1ccc3oc(C4CNC4)nc3c1)n2CC1CC1,7.060398
O=C(Nc1ccc(-c2cccc(NCC3CCN3)c2)cc1)c1ccc2nc(-c3cccnc3)[nH]c2c1,7.855859,O=C(Nc1ccc(-c2cccc(NC(=O)C3CCN3)c2)cc1)c1ccc2nc(-c3cccnc3)[nH]c2c1,7.604133
c1cc2nc(C3CCN(Cc4ccc(-c5nnn(CC6CC6)n5)nc4)CC3)oc2cc1CNC12CC(C1)C2,7.936683,O=C(c1ccc(-c2nnn(CC3CC3)n2)nc1)N(Cc1ccc2nc(C3CCNCC3)oc2c1)C12CC(C1)C2,6.878183
O=C(NCCc1c[nH]c2ccccc12)c1ccccc1NC[C@@H]1Cc2ccccc2CN1,6.367967,O=C(NCCc1c[nH]c2ccccc12)c1ccccc1NC(=O)[C@@H]1Cc2ccccc2CN1,6.934972
C#Cc1ccc2[nH]c(CNCc3ccc(N)c(O)c3)nc2c1,4.40415,C#Cc1ccc2[nH]c(CNC(=O)c3ccc(N)c(O)c3)nc2c1,4.956548
Cc1cc(NCc2c[nH]c3ccccc23)cnc1NCc1ccc2oc(C3CNC3)nc2c1,7.570808,Cc1cc(NCc2c[nH]c3ccccc23)cnc1NC(=O)c1ccc2oc(C3CNC3)nc2c1,7.691499
Nc1ccc(CNCc2c[nH]c3ccccc23)cc1O,4.35122,Nc1ccc(C(=O)NCc2c[nH]c3ccccc23)cc1O,4.852082
Nc1ccc(CNc2ccc(C(=O)O)cc2N)cc1O,3.760896,Nc1ccc(C(=O)Nc2cc(C(=O)O)ccc2N)cc1O,3.84967
C#CCNC(=O)C1CCN1Cc1ccc(NCc2ccc(-c3nnn(CC4CC4)n3)nc2)c(O)c1,6.897981,C#CCNC(=O)C1CCN1Cc1ccc(NC(=O)c2ccc(-c3nnn(CC4CC4)n3)nc2)c(O)c1,6.675942
O=C(Nc1c(O)cccc1CNC12CC(C1)C2)N[C@H](Cc1c[nH]c2ccccc12)c1nc2ccc(C(=O)NC3CC3)cc2o1,6.656939,O=C(Nc1c(O)cccc1C(=O)NC12CC(C1)C2)N[C@H](Cc1c[nH]c2ccccc12)c1nc2ccc(C(=O)NC3CC3)cc2o1,6.324138
N#Cc1cccc(Cn2c(-c3cccc(C(=O)NC4CC4)c3)nc3ccc(CNC45CC(C4)C5)cc32)c1,6.772882,N#Cc1cccc(Cn2c(-c3cccc(C(=O)NC4CC4)c3)nc3ccc(C(=O)NC45CC(C4)C5)cc32)c1,5.899615
OB(O)c1ccc(NCc2ccc3[nH]c(-c4ccncc4)nc3c2)cc1,4.698213,O=C(Nc1ccc(B(O)O)cc1)c1ccc2[nH]c(-c3ccncc3)nc2c1,4.998163
Nc1c(O)cccc1-c1nc2ccc(CNC34CC(C3)C4)cc2[nH]1,6.136508,Nc1c(O)cccc1-c1nc2ccc(C(=O)NC34CC(C3)C4)cc2[nH]1,6.085127
O=C(O)[C@@H]1Cc2ccccc2CN1CC1CCN1,4.978563,O=C(O)C1CCN1C(=O)[C@@H]1Cc2ccccc2CN1,5.520155
O=C(O)[C@H]1CCCN1Cc1ccc2oc([C@@H]3Cc4ccccc4CN3)nc2c1,5.971614,O=C(O)[C@H]1CCCN1C(=O)c1ccc2oc([C@@H]3Cc4ccccc4CN3)nc2c1,5.957294
C[C@H](NCC1CN(C(=O)c2ccccc2NCc2ccc3nc(-c4cccc(Br)c4)oc3c2)C1)c1ccccc1,6.615009,C[C@H](NC(=O)C1CN(C(=O)c2ccccc2NCc2ccc3nc(-c4cccc(Br)c4)oc3c2)C1)c1ccccc1,6.916582
O=Cc1cccc(-c2ccc(NCc3cccc(CNc4cccc(B(O)O)c4)c3)cc2)c1,5.05027,O=Cc1cccc(-c2ccc(NCc3cccc(C(=O)Nc4cccc(B(O)O)c4)c3)cc2)c1,5.184908
Brc1ccc(NCC2CNC2)cc1,4.889546,O=C(Nc1ccc(Br)cc1)C1CNC1,6.555667
Fc1cccc(CN2CC(CNCc3cn(Cc4ccc(-c5nnn(CC6CC6)n5)cc4)c4ccccc34)C2)n1,7.40575,O=C(NCc1cn(Cc2ccc(-c3nnn(CC4CC4)n3)cc2)c2ccccc12)C1CN(Cc2cccc(F)n2)C1,7.636865
O=C(NC12CC(C1)C2)C1CCN(Cc2ccc(-c3nnn(CC4CC4)n3)nc2)CC1,7.630316,O=C(NC12CC(C1)C2)C1CCN(C(=O)c2ccc(-c3nnn(CC4CC4)n3)nc2)CC1,6.556137
Nc1ccc(CN2CC(C(=O)NCCc3ccccc3-c3ccc4c(ccn4CC4CC4)c3)C2)cc1O,6.578208,Nc1ccc(C(=O)N2CC(C(=O)NCCc3ccccc3-c3ccc4c(ccn4CC4CC4)c3)C2)cc1O,6.984791
c1cc(C2=NCCc3ccccc32)cc(-c2nc3ccc(CN(C[C@@H]4Cc5ccccc5CN4)C4CC4)cc3o2)c1,7.892356,O=C([C@@H]1Cc2ccccc2CN1)N(Cc1ccc2nc(-c3cccc(C4=NCCc5ccccc54)c3)oc2c1)C1CC1,7.54674
Nc1ccc(-c2cncc(CNC3(CNc4ccc(Br)cc4)CCC3)c2)cc1,5.447855,Nc1ccc(-c2cncc(CNC3(C(=O)Nc4ccc(Br)cc4)CCC3)c2)cc1,6.28235
Nc1cc(CNCc2c[nH]c3ccccc23)ccc1O,4.445428,Nc1cc(C(=O)NCc2c[nH]c3ccccc23)ccc1O,4.948172
Nc1ccc(CNCCc2ccccc2Br)cc1O,3.768446,Nc1ccc(C(=O)NCCc2ccccc2Br)cc1O,4.319006
c1ccc(CCNc2cccc(NCc3ccc4nc(C5CNC5)oc4c3)c2NCC2CNC2)cc1,7.27504,O=C(Nc1c(NCCc2ccccc2)cccc1NCc1ccc2nc(C3CNC3)oc2c1)C1CNC1,7.571918
N#Cc1ccccc1CCNCc1ccc(N)c(N)c1,3.977927,N#Cc1ccccc1CCNC(=O)c1ccc(N)c(N)c1,4.547082
N#Cc1ccc(Nc2cc(Br)ccc2NCc2ccc(N)c(O)c2)cc1,4.165185,N#Cc1ccc(Nc2cc(Br)ccc2NC(=O)c2ccc(N)c(O)c2)cc1,4.329365
O=C([C@@H]1Cc2ccccc2CN1Cc1ccc(-c2nnn(CC3CC3)n2)nc1)N1CCNCC1,7.370831,O=C([C@@H]1Cc2ccccc2CN1C(=O)c1ccc(-c2nnn(CC3CC3)n2)nc1)N1CCNCC1,6.756256
O=C(O)C1CN(Cc2cccc(-c3ccc(NCc4ccc(CO[C@H]5CN6CCC5CC6)cc4)cc3)c2)C1,7.355688,O=C(Nc1ccc(-c2cccc(CN3CC(C(=O)O)C3)c2)cc1)c1ccc(CO[C@H]2CN3CCC2CC3)cc1,7.369668
O=C(OCc1cccc(-c2nnn(CC3CC3)n2)c1)c1ccc(Cn2cc(CNCC3CNC3)c3ccccc32)cc1,6.780156,O=C(OCc1cccc(-c2nnn(CC3CC3)n2)c1)c1ccc(Cn2cc(CNC(=O)C3CNC3)c3ccccc32)cc1,7.652984
Nc1cc(CN2CCC2c2nc3cc(F)ccc3o2)ccc1O,4.820085,Nc1cc(C(=O)N2CCC2c2nc3cc(F)ccc3o2)ccc1O,4.853052
c1cc(NCc2ccc3nc([C@H]4CCCNC4)oc3c2)cc(-c2cn(CC3CC3)cn2)c1,7.884553,O=C(Nc1cccc(-c2cn(CC3CC3)cn2)c1)c1ccc2nc([C@H]3CCCNC3)oc2c1,7.908643
O=C(O)c1cccc(F)c1NCc1cccc(F)n1,3.266388,O=C(Nc1c(F)cccc1C(=O)O)c1cccc(F)n1,3.477966
Nc1c(O)cccc1CNc1ccc(B(O)O)cc1,3.51044,Nc1c(O)cccc1C(=O)Nc1ccc(B(O)O)cc1,3.377864
O=C(NC1CC1)c1ccc2oc(-c3ccc(Cn4cc(CNCC5CCN5)c5ccccc54)cc3)nc2c1,7.954521,O=C(NC1CC1)c1ccc2oc(-c3ccc(Cn4cc(CNC(=O)C5CCN5)c5ccccc54)cc3)nc2c1,8.266584
N#Cc1ccc(NCC2CNC2)c(O)c1,4.550262,N#Cc1ccc(NC(=O)C2CNC2)c(O)c1,5.385405
Nc1cccc(-c2ncccc2CN2CCC[C@@H]2C(=O)O)c1,4.070135,Nc1cccc(-c2ncccc2C(=O)N2CCC[C@@H]2C(=O)O)c1,4.192878
O=C(O)c1cccc(-c2csc(NCC3CNC3)n2)c1,5.459556,O=C(O)c1cccc(-c2csc(NC(=O)C3CNC3)n2)c1,6.261147
O=C(Nc1nc(F)nc2[nH]cnc12)C1(NCc2ccc3[nH]c(-c4ccc(CO[C@H]5CN6CCC5CC6)cc4)nc3c2)CCC1,7.839111,O=C(NC1(C(=O)Nc2nc(F)nc3[nH]cnc23)CCC1)c1ccc2[nH]c(-c3ccc(CO[C@H]4CN5CCC4CC5)cc3)nc2c1,7.711025
O=C(O)C1(NC[C@@H]2CCCNC2)CCC1,2.668745,O=C(NC1(C(=O)O)CCC1)[C@@H]1CCCNC1,5.017036
C[C@@H](NCc1ccc(-c2nnn(CC3CC3)n2)nc1)c1nc2cc(-c3nc4ccc(C(=O)O)cc4o3)ccc2[nH]1,7.365234,C[C@@H](NC(=O)c1ccc(-c2nnn(CC3CC3)n2)nc1)c1nc2cc(-c3nc4ccc(C(=O)O)cc4o3)ccc2[nH]1,7.20999
FC(F)(F)c1ccc(CN(Cc2ccc3oc(-c4ccc(-c5nnn(CC6CC6)n5)nc4)nc3c2)C[C@@H]2Cc3ccccc3CN2)cc1,7.747958,O=C([C@@H]1Cc2ccccc2CN1)N(Cc1ccc(C(F)(F)F)cc1)Cc1ccc2oc(-c3ccc(-c4nnn(CC5CC5)n4)nc3)nc2c1,7.602338
O=C(Nc1ccccc1CN1CC(C(=O)NCc2c[nH]c3ccccc23)C1)NC1CC1,6.976621,O=C(Nc1ccccc1C(=O)N1CC(C(=O)NCc2c[nH]c3ccccc23)C1)NC1CC1,7.398725
c1ccc2c(c1)CN[C@H](CNc1ccc(-c3cccc4nc(C5CNC5)[nH]c34)cc1)C2,7.736875,O=C(Nc1ccc(-c2cccc3nc(C4CNC4)[nH]c23)cc1)[C@@H]1Cc2ccccc2CN1,7.363753
N#Cc1ccc(CNC2(c3nc4ccc(C(=O)O)cc4o3)CCC2)cn1,5.453059,N#Cc1ccc(C(=O)NC2(c3nc4ccc(C(=O)O)cc4o3)CCC2)cn1,5.144557
Nc1ccc(-c2ccnc(Nc3ccc(-c4ccc(NCC5CNC5)nc4)cc3)c2)cn1,7.07525,Nc1ccc(-c2ccc(Nc3cc(-c4ccc(NC(=O)C5CNC5)nc4)ccn3)cc2)cn1,7.035653
Nc1ccc(CNC23CC(C2)C3)cc1N,4.372032,Nc1ccc(C(=O)NC23CC(C2)C3)cc1N,4.59676
N#Cc1ccc(CNCCc2cn(Cc3ccc(-c4nc5ccc(Br)cc5o4)cc3)c3ccccc23)cn1,6.166467,N#Cc1ccc(C(=O)NCCc2cn(Cc3ccc(-c4nc5ccc(Br)cc5o4)cc3)c3ccccc23)cn1,6.377583
O=C(O)[C@H](Cc1c[nH]c2ccccc12)NCc1ccc2nc(-c3nc4ccccc4n3CC3CC3)oc2c1,6.09338,O=C(N[C@@H](Cc1c[nH]c2ccccc12)C(=O)O)c1ccc2nc(-c3nc4ccccc4n3CC3CC3)oc2c1,6.221596
O=C(Nc1ccc(-c2cnc(F)nc2)cc1)C1(NCc2ccc(-c3nnn(CC4CC4)n3)nc2)CCC1,8.046193,O=C(NC1(C(=O)Nc2ccc(-c3cnc(F)nc3)cc2)CCC1)c1ccc(-c2nnn(CC3CC3)n2)nc1,7.471192
c1cc2nc([C@@H]3CCCN3)oc2cc1CNC1CC1,4.845263,O=C(NC1CC1)c1ccc2nc([C@@H]3CCCN3)oc2c1,7.719972
O=Cc1ccc(CNc2ccc(Br)cc2O)cc1,3.708334,O=Cc1ccc(C(=O)Nc2ccc(Br)cc2O)cc1,3.962215
Nc1cc(CNc2cccc(-c3cc(NCc4ccc5[nH]c(C6CNC6)nc5c4)[nH]n3)c2)ccc1O,7.306597,Nc1cc(-c2cccc(NCc3ccc(O)c(NC(=O)c4ccc5[nH]c(C6CNC6)nc5c4)c3)c2)n[nH]1,7.174543
c1cc(CN2CCC[C@H]2C2=NCCc3ccccc32)cc(-c2ccc3nc(C4CNC4)oc3c2)c1,7.7167,O=C(c1cccc(-c2ccc3nc(C4CNC4)oc3c2)c1)N1CCC[C@H]1C1=NCCc2ccccc21,6.936174
Nc1ccccc1CNc1nc(F)nc2[nH]cnc12,3.808949,Nc1ccccc1C(=O)Nc1nc(F)nc2[nH]cnc12,4.090341
Nc1ccc(CN2CC(CN3CCC3C(=O)N3CCC[C@@H]3C(=O)NCCc3ccccc3)C2)cc1O,6.14902,Nc1ccc(C(=O)N2CC(CN3CCC3C(=O)N3CCC[C@@H]3C(=O)NCCc3ccccc3)C2)cc1O,6.165942
Nc1cc(-c2cccc(NC[C@@H]3CCCN3)c2)n[nH]1,4.676811,Nc1cc(-c2cccc(NC(=O)[C@@H]3CCCN3)c2)n[nH]1,5.85216
O=C(NC12CC(C1)C2)c1ccccc1NCc1ccc2nc(C3CNC3)oc2c1,7.659619,O=C(Nc1ccccc1C(=O)NC12CC(C1)C2)c1ccc2nc(C3CNC3)oc2c1,7.50824
N#Cc1ccc(Cn2nncc2CNC[C@@H]2Cc3ccccc3CN2)cc1,5.978642,N#Cc1ccc(Cn2nncc2CNC(=O)[C@@H]2Cc3ccccc3CN2)cc1,6.260159
OB(O)c1cccc(NCc2cccc(F)n2)c1,3.203321,O=C(Nc1cccc(B(O)O)c1)c1cccc(F)n1,3.423074
Nc1ccc(C(=O)O)cc1NCc1cccc(O)c1N,3.992423,Nc1cc(C(=O)O)ccc1NC(=O)c1cccc(O)c1N,3.561589
O=C(Nc1ccnc2ccccc12)C1(NCc2ccc3oc(C4CNC4)nc3c2)CCC1,7.979625,O=C(NC1(C(=O)Nc2ccnc3ccccc23)CCC1)c1ccc2oc(C3CNC3)nc2c1,7.652706
O=C(O)C1CN(Cc2ccc(Cn3nnc(-c4cccc(B(O)O)c4)n3)cc2)C1,4.42703,O=C(O)C1CN(C(=O)c2ccc(Cn3nnc(-c4cccc(B(O)O)c4)n3)cc2)C1,4.692286
Nc1cc(CNc2cccc(-c3ccc(NCC4CCN4)c(O)c3)c2)ccc1O,6.626199,Nc1cc(C(=O)Nc2cccc(-c3ccc(NCC4CCN4)c(O)c3)c2)ccc1O,6.743316
Nc1ccc(CN2CC(c3nc4cc(C5=NCCc6ccccc65)ccc4o3)C2)cc1N,6.338676,Nc1ccc(C(=O)N2CC(c3nc4cc(C5=NCCc6ccccc65)ccc4o3)C2)cc1N,6.654944
Nc1c(O)cccc1CNc1c(O)cccc1C(=O)O,3.333349,Nc1c(O)cccc1C(=O)Nc1c(O)cccc1C(=O)O,3.272607
C#CCNCc1ccc(O)c(N)c1,3.220004,C#CCNC(=O)c1ccc(O)c(N)c1,3.222244
c1cc(NCc2ccc3nc(C4CCN4)oc3c2)cc(-c2cn(CC3CC3)cn2)c1,8.21562,O=C(Nc1cccc(-c2cn(CC3CC3)cn2)c1)c1ccc2nc(C3CCN3)oc2c1,7.824138
NCCCC[C@H](N)C(=O)N1Cc2ccccc2C[C@H]1CNc1cccc2cc[nH]c12,4.113203,NCCCC[C@H](N)C(=O)N1Cc2ccccc2C[C@H]1C(=O)Nc1cccc2cc[nH]c12,4.315674
O=C(O)c1ccc(NCC2CNC2)c(NCc2ccc3[nH]c(-c4ccc(CCl)cc4)nc3c2)c1,5.935904,O=C(O)c1ccc(NC(=O)C2CNC2)c(NCc2ccc3[nH]c(-c4ccc(CCl)cc4)nc3c2)c1,6.558902
OB(O)c1ccc(NC[C@@H]2Cc3ccccc3CN2)cc1,4.803607,O=C(Nc1ccc(B(O)O)cc1)[C@@H]1Cc2ccccc2CN1,5.015574
Nc1ccc(CNc2ccc(Nc3ccc(F)nc3Br)cc2)cc1N,4.470446,Nc1ccc(C(=O)Nc2ccc(Nc3ccc(F)nc3Br)cc2)cc1N,4.650147
O=C(NC1CC1)c1ccc(Cn2nnc(-c3ccc(O)c(NCc4ccc5oc(C6CNC6)nc5c4)c3)n2)cc1,7.873794,O=C(Nc1cc(-c2nnn(Cc3ccc(C(=O)NC4CC4)cc3)n2)ccc1O)c1ccc2oc(C3CNC3)nc2c1,7.678672
c1cc2nc([C@@H]3CCCN3)oc2cc1CNCc1nc2cc(-c3nnn(CC4CC4)n3)ccc2o1,7.920473,O=C(NCc1nc2cc(-c3nnn(CC4CC4)n3)ccc2o1)c1ccc2nc([C@@H]3CCCN3)oc2c1,8.138591
O=Cc1ccc(CN(c2cccc3cc[nH]c23)C2CCNC2)cc1,4.725578,O=Cc1ccc(C(=O)N(c2cccc3cc[nH]c23)C2CCNC2)cc1,4.601579
O=C(O)c1c(NCc2ccc(CO[C@H]3CN4CCC3CC4)cc2)cccc1-c1cccc(NCC2CNC2)c1,7.48879,O=C(O)c1c(NCc2ccc(CO[C@H]3CN4CCC3CC4)cc2)cccc1-c1cccc(NC(=O)C2CNC2)c1,7.539445
N[C@H](CNc1cc(-c2cccnc2)ccc1NCc1ccc(NC[C@@H]2Cc3ccccc3CN2)c(O)c1)c1ccccc1,6.843005,N[C@H](C(=O)Nc1cc(-c2cccnc2)ccc1NCc1ccc(NC[C@@H]2Cc3ccccc3CN2)c(O)c1)c1ccccc1,7.116201
Nc1cc(C(=O)NCCc2c[nH]c3ccccc23)ccc1NCC1CCN1,6.768907,Nc1cc(C(=O)NCCc2c[nH]c3ccccc23)ccc1NC(=O)C1CCN1,6.926724
c1ccc(NC[C@@H]2Cc3ccccc3CN2c2cccc(CNc3ccnc4ccccc34)n2)nc1,6.711602,O=C(Nc1ccnc2ccccc12)c1cccc(N2Cc3ccccc3C[C@H]2CNc2ccccn2)n1,6.99834
c1ccc(CCNCC2CCN2)cc1,5.571088,O=C(NCCc1ccccc1)C1CCN1,5.960384
c1ccc2c(c1)c(CNc1ccc(NCc3ccc4oc(C5CCNCC5)nc4c3)cc1)cn2CC1CC1,7.959736,O=C(Nc1ccc(NCc2cn(CC3CC3)c3ccccc23)cc1)c1ccc2oc(C3CCNCC3)nc2c1,8.057011
O=C(O)[C@H]1CCCN1Cc1cccnc1-c1cccc(NCc2ccc3nc(C4CNC4)oc3c2)c1,6.855298,O=C(Nc1cccc(-c2ncccc2CN2CCC[C@@H]2C(=O)O)c1)c1ccc2nc(C3CNC3)oc2c1,6.884911
O=C(O)c1ccc2[nH]c(-c3ccc(NC[C@@H]4Cc5ccccc5CN4)c(O)c3)nc2c1,6.655363,O=C(O)c1ccc2[nH]c(-c3ccc(NC(=O)[C@@H]4Cc5ccccc5CN4)c(O)c3)nc2c1,6.516006
O=Cc1ccc(CNc2ccc(-c3cc(NC(=O)C4CNC4)[nH]n3)cn2)cc1,7.167879,O=Cc1ccc(C(=O)Nc2ccc(-c3cc(NC(=O)C4CNC4)[nH]n3)cn2)cc1,6.718625
O=C1CCN(C[C@@H]2Cc3ccccc3CN2)C1,4.77831,O=C1CCN(C(=O)[C@@H]2Cc3ccccc3CN2)C1,5.183793
Nc1cc(-c2ccc(NCc3ccc(-c4nnn(CC5CC5)n4)nc3)cc2)n[nH]1,7.336902,Nc1cc(-c2ccc(NC(=O)c3ccc(-c4nnn(CC5CC5)n4)nc3)cc2)n[nH]1,7.042394
C[C@H](c1ccccc1)N(Cc1ccccc1NCc1ccc(-c2nnn(CC3CC3)n2)nc1)C(=O)N1CCC[C@@H](O)C1,6.560779,C[C@H](c1ccccc1)N(Cc1ccccc1NC(=O)c1ccc(-c2nnn(CC3CC3)n2)nc1)C(=O)N1CCC[C@@H](O)C1,6.683378
OB(O)c1cccc(NCc2ccccc2CO[C@H]2CN3CCC2CC3)c1,5.507636,O=C(Nc1cccc(B(O)O)c1)c1ccccc1CO[C@H]1CN2CCC1CC2,5.645236
COc1ccc(N)c(NCc2cccc(C=O)c2)c1,3.684351,COc1ccc(N)c(NC(=O)c2cccc(C=O)c2)c1,3.957142
O=C(C1CCN1C[C@@H]1Cc2ccccc2CN1)N(Cc1cccc(NCCc2ccc(O)cc2)c1)C12CC(C1)C2,6.741281,O=C([C@@H]1Cc2ccccc2CN1)N(CCc1ccc(O)cc1)c1cccc(CN(C(=O)C2CCN2)C23CC(C2)C3)c1,6.834466
OB(O)c1ccc(NCc2cccc3oc(-c4cccc(CNC5CC5)c4)nc23)cc1,4.725015,O=C(Nc1ccc(B(O)O)cc1)c1cccc2oc(-c3cccc(CNC4CC4)c3)nc12,4.874235
CC1(C)OB(c2ccc(NC[C@@H]3Cc4ccccc4CN3)nc2)OC1(C)C,4.886829,CC1(C)OB(c2ccc(NC(=O)[C@@H]3Cc4ccccc4CN3)nc2)OC1(C)C,5.054029
O=C(NC1CC1)c1cc(-c2cc(NCc3ccc(CO[C@H]4CN5CCC4CC5)cc3)[nH]n2)ccc1F,7.781841,O=C(Nc1cc(-c2ccc(F)c(C(=O)NC3CC3)c2)n[nH]1)c1ccc(CO[C@H]2CN3CCC2CC3)cc1,7.627404
Nc1ccc(CNc2ccccc2CNc2c(O)cccc2C(=O)O)cc1O,4.007367,Nc1ccc(C(=O)Nc2ccccc2CNc2c(O)cccc2C(=O)O)cc1O,4.266075
Nc1ccccc1C(=O)Nc1cc(Br)ccc1NCC1CNC1,4.578143,Nc1ccc(Br)cc1NC(=O)c1ccccc1NC(=O)C1CNC1,6.005302
ClCc1ccc(-c2nc3ccc(-c4cccc(NCC5CNC5)c4)cc3n2CC2CC2)cc1,6.764097,O=C(Nc1cccc(-c2ccc3nc(-c4ccc(CCl)cc4)n(CC4CC4)c3c2)c1)C1CNC1,6.084189
N#Cc1ccc2oc(CNCc3ccc(N)c(O)c3)nc2c1,4.132133,N#Cc1ccc2oc(CNC(=O)c3ccc(N)c(O)c3)nc2c1,4.623086
Nc1ccc(CNc2nc(-c3cccnc3)cs2)cc1O,4.31992,Nc1ccc(C(=O)Nc2nc(-c3cccnc3)cs2)cc1O,4.734561
c1cc(NCc2ccc3nc([C@@H]4CCCN(Cc5ccc6oc(C7CNC7)nc6c5)C4)[nH]c3c2)c2[nH]ccc2c1,7.342011,O=C(c1ccc2oc(C3CNC3)nc2c1)N(Cc1ccc2nc([C@@H]3CCCNC3)[nH]c2c1)c1cccc2cc[nH]c12,7.359193
O=C(O)c1ccc(NCc2ccc(-c3ccc(NCc4ccc(O)c(NCC5CNC5)c4)cc3)cc2)c(O)c1,6.671298,O=C(O)c1ccc(NCc2ccc(-c3ccc(NCc4ccc(O)c(NC(=O)C5CNC5)c4)cc3)cc2)c(O)c1,6.846137
O=Cc1ccccc1-c1nc2cc(CNc3ccc(Br)cc3)ccc2[nH]1,5.140204,O=Cc1ccccc1-c1nc2cc(C(=O)Nc3ccc(Br)cc3)ccc2[nH]1,5.422647
O=C(Nc1cccc(-c2ccc3oc(-c4ccc(NCC5CNC5)c(O)c4)nc3c2)c1)c1cccc(F)n1,7.154989,O=C(Nc1cccc(-c2ccc3oc(-c4ccc(NC(=O)C5CNC5)c(O)c4)nc3c2)c1)c1cccc(F)n1,7.037102
Nc1ccc(CNc2cccc(B(O)O)c2)cc1NCC1CNC1,4.576408,Nc1cc(CNc2cccc(B(O)O)c2)ccc1NC(=O)C1CNC1,5.451673
Nc1ccc(CN2CC(CNc3cccc(B(O)O)c3)C2)cc1O,3.751237,Nc1ccc(CN2CC(C(=O)Nc3cccc(B(O)O)c3)C2)cc1O,4.000246
Oc1c(Br)cccc1NCC1CNC1,4.543549,O=C(Nc1cccc(Br)c1O)C1CNC1,5.553064
N#Cc1ccc(O)c(NC[C@@H](N)c2ccccc2)c1,3.93465,N#Cc1ccc(O)c(NC(=O)[C@@H](N)c2ccccc2)c1,4.457655
Nc1cc(C(=O)O)ccc1NCc1cccc(F)n1,4.009932,Nc1cc(C(=O)O)ccc1NC(=O)c1cccc(F)n1,3.751844
Nc1ccc(CN(Cc2ccc(NC[C@@H]3Cc4ccccc4CN3)c(O)c2)C2(C(=O)O)CCC2)cc1O,5.417656,Nc1ccc(CN(Cc2ccc(NC(=O)[C@@H]3Cc4ccccc4CN3)c(O)c2)C2(C(=O)O)CCC2)cc1O,5.414577
Nc1cccc(-c2ccc3nc(-c4ccc(CNCCc5c[nH]c6ccccc56)cc4)oc3c2)c1,6.534707,Nc1cccc(-c2ccc3nc(-c4ccc(C(=O)NCCc5c[nH]c6ccccc56)cc4)oc3c2)c1,6.658088
c1cc(-c2nnn(CC3CC3)n2)ncc1CNc1cc(Nc2ccc(N3CCNCC3)cc2)n[nH]1,7.468132,O=C(Nc1cc(Nc2ccc(N3CCNCC3)cc2)n[nH]1)c1ccc(-c2nnn(CC3CC3)n2)nc1,7.345856
Oc1cc(CNc2nc(F)nc3[nH]cnc23)ccc1NCC1CCN1,6.199374,O=C(Nc1ccc(CNc2nc(F)nc3[nH]cnc23)cc1O)C1CCN1,6.388484
O=C(Nc1cc(CNc2ccccn2)ccc1NC[C@@H]1Cc2ccccc2CN1)C1CNC1,7.323768,O=C(Nc1cc(CNc2ccccn2)ccc1NC(=O)[C@@H]1Cc2ccccc2CN1)C1CNC1,7.188445
O=C(Nc1cccc2ccn(CC3CC3)c12)C1CCN(C(=O)C2CCN2CC2CCN2)CC1,7.50953,O=C(Nc1cccc2ccn(CC3CC3)c12)C1CCN(C(=O)C2CCN2C(=O)C2CCN2)CC1,7.350367
O=C(NCc1ccc(C(F)(F)F)cc1)c1ccc2nc([C@H]3CCCN3C(=O)C3CN(C[C@@H]4Cc5ccccc5CN4)C3)oc2c1,7.390429,O=C(NCc1ccc(C(F)(F)F)cc1)c1ccc2nc([C@H]3CCCN3C(=O)C3CN(C(=O)[C@@H]4Cc5ccccc5CN4)C3)oc2c1,7.359248
Brc1cc(NCc2ccc3nc(-c4cccc(CNc5ccnc6ccccc56)c4)oc3c2)[nH]n1,6.383024,O=C(Nc1cc(Br)n[nH]1)c1ccc2nc(-c3cccc(CNc4ccnc5ccccc45)c3)oc2c1,6.62006
Nc1cc(CNC23CC(C2)C3)ccc1NCc1ccc(-c2nnn(CC3CC3)n2)nc1,7.703946,Nc1cc(CNC23CC(C2)C3)ccc1NC(=O)c1ccc(-c2nnn(CC3CC3)n2)nc1,7.431637
Cc1cc(Br)cnc1NCc1cccc(O)c1N,3.697347,Cc1cc(Br)cnc1NC(=O)c1cccc(O)c1N,3.37725
c1cc(-c2cc(NCC3CCN3C[C@@H]3Cc4ccccc4CN3)[nH]n2)cc(-c2nnn(CC3CC3)n2)c1,7.935447,O=C([C@@H]1Cc2ccccc2CN1)N(CC1CCN1)c1cc(-c2cccc(-c3nnn(CC4CC4)n3)c2)n[nH]1,7.549972
Nc1ccc(CN2Cc3ccccc3C[C@H]2CNc2ccccn2)cc1O,5.012432,Nc1ccc(C(=O)N(C[C@@H]2Cc3ccccc3CN2)c2ccccn2)cc1O,5.341089
Cc1cc(N(C[C@@H]2Cc3ccccc3CN2)c2ccnc3ccccc23)cnc1NC(=O)c1ccc(CO[C@H]2CN3CCC2CC3)cc1,7.42309,Cc1cc(N(C(=O)[C@@H]2Cc3ccccc3CN2)c2ccnc3ccccc23)cnc1NC(=O)c1ccc(CO[C@H]2CN3CCC2CC3)cc1,6.480222
ClCc1ccc(-c2nc3ccc(CNc4ccc5nc([C@@H]6Cc7ccccc7CN6)oc5c4)cc3[nH]2)cc1,7.125654,O=C(Nc1ccc2nc([C@@H]3Cc4ccccc4CN3)oc2c1)c1ccc2nc(-c3ccc(CCl)cc3)[nH]c2c1,7.254519
Nc1cc(CNc2cccc3cc[nH]c23)ccc1NC[C@@H](N)c1ccccc1,5.161457,Nc1cc(CNc2cccc3cc[nH]c23)ccc1NC(=O)[C@@H](N)c1ccccc1,5.861538
Nc1cccc(-c2cccc3nc(-c4ccc(CNCCc5c[nH]c6ccccc56)cc4)oc23)c1,6.428703,Nc1cccc(-c2cccc3nc(-c4ccc(C(=O)NCCc5c[nH]c6ccccc56)cc4)oc23)c1,6.421352
N[C@H](CNCCc1c[nH]c2ccccc12)c1ccccc1,3.971833,N[C@H](C(=O)NCCc1c[nH]c2ccccc12)c1ccccc1,5.320762
O=Cc1ccc(CN2Cc3ccccc3C[C@H]2C(=O)O)cc1,4.377723,O=Cc1ccc(C(=O)N2Cc3ccccc3C[C@H]2C(=O)O)cc1,4.630914
N#Cc1ccc(NCc2ccc(N)c(O)c2)c(N)c1,3.763974,N#Cc1ccc(N)c(NC(=O)c2ccc(N)c(O)c2)c1,3.786072
c1ccc2[nH]c(CNc3ccc(-c4cc(NCc5ccc6nc(C7CNC7)oc6c5)[nH]n4)cc3)nc2c1,7.833795,O=C(Nc1cc(-c2ccc(NCc3nc4ccccc4[nH]3)cc2)n[nH]1)c1ccc2nc(C3CNC3)oc2c1,7.876134
N#Cc1ccc(CNc2ccc(Nc3cc(-c4cccc(NC(=O)[C@H]5CCCN5)c4)ccc3O)cc2)cn1,6.801442,N#Cc1ccc(C(=O)Nc2ccc(Nc3cc(-c4cccc(NC(=O)[C@H]5CCCN5)c4)ccc3O)cc2)cn1,6.949574
Fc1cncc(-c2nc3ccc(CNc4cc(-c5cccc(NCC6CNC6)c5)n[nH]4)cc3o2)c1,7.620648,O=C(Nc1cccc(-c2cc(NCc3ccc4nc(-c5cncc(F)c5)oc4c3)[nH]n2)c1)C1CNC1,7.847404
O=C(Nc1ccccc1-c1nc2ccc(CN3CC(CNC45CC(C4)C5)C3)cc2o1)C1CNC1,6.540016,O=C(Nc1ccccc1-c1nc2ccc(CN3CC(C(=O)NC45CC(C4)C5)C3)cc2o1)C1CNC1,6.200799
Nc1cc(Br)ccc1NCc1cccc(O)c1N,3.737614,Nc1cc(Br)ccc1NC(=O)c1cccc(O)c1N,3.457684
C[C@@H](NC(=O)[C@@H]1CCCN1C(=O)[C@@H](Nc1ccc(NCC2CCN2)cc1)c1ccccc1)c1ccccc1,7.049824,C[C@@H](NC(=O)[C@@H]1CCCN1C(=O)[C@@H](Nc1ccc(NC(=O)C2CCN2)cc1)c1ccccc1)c1ccccc1,7.191275
c1cc(NCc2ccncc2)cc(-c2ccc3nc([C@@H]4CCCN4)oc3c2)c1,7.049709,O=C(Nc1cccc(-c2ccc3nc([C@@H]4CCCN4)oc3c2)c1)c1ccncc1,7.288426
Nc1ccc(CNc2cc(Br)ccc2N)cc1N,3.426227,Nc1ccc(C(=O)Nc2cc(Br)ccc2N)cc1N,3.687114
O=C(NC12CC(C1)C2)c1ccc(Cn2nnc(-c3ccc(Cn4cc(CNCC5CNC5)c5ccccc54)cc3)n2)cc1,7.156579,O=C(NC12CC(C1)C2)c1ccc(Cn2nnc(-c3ccc(Cn4cc(CNC(=O)C5CNC5)c5ccccc54)cc3)n2)cc1,7.856363
Nc1ccc(CNc2cc(-c3cccc(Nc4ccc(C(=O)O)cc4)c3)n[nH]2)cc1N,5.246348,Nc1cc(-c2cccc(Nc3ccc(C(=O)Nc4cc(C(=O)O)ccc4N)cc3)c2)n[nH]1,5.071614
Oc1ccc(CNC23CC(C2)C3)cc1NCc1cccc(-c2cccc(CNc3ccnc4ccccc34)c2)c1,7.27706,O=C(NC12CC(C1)C2)c1ccc(O)c(NCc2cccc(-c3cccc(CNc4ccnc5ccccc45)c3)c2)c1,7.454322
Fc1ccc(CN(Cc2ccc(CO[C@H]3CN4CCC3CC4)cc2)c2ccnc3ccccc23)cc1,7.069117,O=C(c1ccc(CO[C@H]2CN3CCC2CC3)cc1)N(Cc1ccc(F)cc1)c1ccnc2ccccc12,7.231574
COc1ccccc1CNCc1cc(-c2c[nH]cn2)ccc1F,4.911231,COc1ccccc1CNC(=O)c1cc(-c2c[nH]cn2)ccc1F,5.171412
Nc1c(O)cccc1CN1CC(c2nc3ccc(C(=O)O)cc3o2)C1,5.106202,Nc1c(O)cccc1C(=O)N1CC(c2nc3ccc(C(=O)O)cc3o2)C1,4.826263
Fc1ccc(-c2nc3ccc(-c4ccc(NCC5CNC5)cc4)cc3o2)cc1,7.339773,O=C(Nc1ccc(-c2ccc3nc(-c4ccc(F)cc4)oc3c2)cc1)C1CNC1,7.503967
Nc1cc(C(=O)Nc2ccc(C(=O)O)cc2O)ccc1NCc1ccc(-c2nnn(CC3CC3)n2)nc1,6.54196,Nc1cc(C(=O)Nc2ccc(C(=O)O)cc2O)ccc1NC(=O)c1ccc(-c2nnn(CC3CC3)n2)nc1,6.432882
Nc1ccc(-c2cccc(NCc3ccccc3NC(=O)NC3CC3)c2)cc1NCC1CCN1,7.625514,Nc1cc(-c2cccc(NCc3ccccc3NC(=O)NC3CC3)c2)ccc1NC(=O)C1CCN1,7.39619
c1ccc(NCC2CCN2Cc2cccc(CNc3ccc(-c4c[nH]cn4)cc3)c2)nc1,6.557518,O=C(Nc1ccc(-c2c[nH]cn2)cc1)c1cccc(CN2CCC2CNc2ccccn2)c1,6.606028
O=C(NCCc1cn(CC2CC2)c2ccccc12)c1ccc(NC2CCCN(C[C@@H]3Cc4ccccc4CN3)C2)c(O)c1,6.863555,O=C(NCCc1cn(CC2CC2)c2ccccc12)c1ccc(N(C(=O)[C@@H]2Cc3ccccc3CN2)C2CCCNC2)c(O)c1,7.057142
O=C(NCCc1ccccc1)c1cccc(O)c1NCC1CNC1,5.407467,O=C(NCCc1ccccc1)c1cccc(O)c1NC(=O)C1CNC1,6.090682
O=Cc1cccc(-c2nc3ccc(CNCc4c[nH]c5ccccc45)cc3o2)c1,6.088652,O=Cc1cccc(-c2nc3ccc(C(=O)NCc4c[nH]c5ccccc45)cc3o2)c1,6.328467
O=C(Nc1cccc2cc[nH]c12)c1ccc(NCc2ccccc2NCc2ccc3[nH]c(C4CCN4)nc3c2)c(O)c1,7.089168,O=C(Nc1ccccc1CNc1ccc(C(=O)Nc2cccc3cc[nH]c23)cc1O)c1ccc2[nH]c(C3CCN3)nc2c1,7.084519
O=C(NCCc1c[nH]c2ccccc12)C1CCN(C(=O)c2cccc3oc(-c4cccc(CNCCc5c[nH]c6ccccc56)c4)nc23)CC1,7.050213,O=C(NCCc1c[nH]c2ccccc12)c1cccc(-c2nc3c(C(=O)N4CCC(C(=O)NCCc5c[nH]c6ccccc56)CC4)cccc3o2)c1,7.204509
OB(O)c1ccc(Nc2ccc(O)c(NCC3CCN3)c2)cc1,4.872021,O=C(Nc1cc(Nc2ccc(B(O)O)cc2)ccc1O)C1CCN1,4.849524
O=C(Nc1cc(-c2nnn(CC3CC3)n2)ccc1O)Nc1ccc(C(=O)NCc2ccccc2)cc1NCC1CCN1,7.154033,O=C(Nc1cc(-c2nnn(CC3CC3)n2)ccc1O)Nc1ccc(C(=O)NCc2ccccc2)cc1NC(=O)C1CCN1,6.639677
Brc1cnc(Nc2cc(C3=NCCc4ccccc43)ccc2NCC2CCN2)nc1,6.304585,O=C(Nc1ccc(C2=NCCc3ccccc32)cc1Nc1ncc(Br)cn1)C1CCN1,5.803469
O=Cc1cccc(-c2cccc(NCc3ccc4nc([C@@H]5CCCN5)oc4c3)c2O)c1,6.532277,O=Cc1cccc(-c2cccc(NC(=O)c3ccc4nc([C@@H]5CCCN5)oc4c3)c2O)c1,6.71152
O=C(NCc1ccc(O)cc1)c1ccc2oc(-c3cccc(-c4ccc(NCC5CCN5)nc4)c3)nc2c1,7.749567,O=C(NCc1ccc(O)cc1)c1ccc2oc(-c3cccc(-c4ccc(NC(=O)C5CCN5)nc4)c3)nc2c1,7.160115
O=C(Nc1ccc(CNc2ccc(Br)cc2O)cc1NCC1CCN1)C1CNC1,6.609292,O=C(Nc1ccc(CNc2ccc(Br)cc2O)cc1NC(=O)C1CCN1)C1CNC1,6.564406
OB(O)c1ccc(NCc2ccc3oc(-c4ccc5nc([C@H]6CCCN6)oc5c4)nc3c2)cc1,6.214242,O=C(Nc1ccc(B(O)O)cc1)c1ccc2oc(-c3ccc4nc([C@H]5CCCN5)oc4c3)nc2c1,6.24301
O=C(Nc1ccccn1)N1CCC[C@@H]1CNc1ccc(B(O)O)cc1,4.585326,O=C(Nc1ccc(B(O)O)cc1)[C@H]1CCCN1C(=O)Nc1ccccn1,4.714087
Nc1ccc(-c2ccccc2CCNCc2ccc3nc([C@@H]4CCCN4)oc3c2)cc1,6.545249,NCCc1ccccc1-c1ccc(NC(=O)c2ccc3nc([C@@H]4CCCN4)oc3c2)cc1,6.693934
O=Cc1ccc(-c2nc3cc(CNc4cc(-c5cccc(-c6nnn(CC7CC7)n6)c5)n[nH]4)ccc3o2)cc1,7.593532,O=Cc1ccc(-c2nc3cc(C(=O)Nc4cc(-c5cccc(-c6nnn(CC7CC7)n6)c5)n[nH]4)ccc3o2)cc1,7.377594
COc1ccc(CNCc2ccc(C#N)nc2)cc1,4.634186,COc1ccc(CNC(=O)c2ccc(C#N)nc2)cc1,4.938062
Nc1cccc(-c2ccc(NC[C@H](N)c3ccccc3)c(N)c2)c1,4.976236,Nc1ccc(-c2cccc(NC(=O)[C@H](N)c3ccccc3)c2)cc1N,5.924809
Nc1cccc(-c2ccc(NCc3ccc4nc(C5CNC5)oc4c3)cc2)c1,7.450819,Nc1ccc(-c2cccc(NC(=O)c3ccc4nc(C5CNC5)oc4c3)c2)cc1,7.565329
Nc1ccc(N(C[C@@H]2Cc3ccccc3CN2)C2(C(=O)O)CCC2)cc1,5.190826,Nc1ccc(N(C(=O)[C@@H]2Cc3ccccc3CN2)C2(C(=O)O)CCC2)cc1,5.262899
Fc1ccc(-c2nc3cc(CNc4cccc(-c5ccc6[nH]c(C7CCNCC7)nc6c5)c4)ccc3[nH]2)cc1,7.7348,O=C(Nc1cccc(-c2ccc3[nH]c(C4CCNCC4)nc3c2)c1)c1ccc2[nH]c(-c3ccc(F)cc3)nc2c1,7.34742
O=C(O)c1ccc(O)c(NCc2cccc(B(O)O)c2)c1,3.50613,O=C(O)c1ccc(O)c(NC(=O)c2cccc(B(O)O)c2)c1,3.481644
Oc1ccc(Br)cc1NCc1ccc(CCl)cc1,3.695108,O=C(Nc1cc(Br)ccc1O)c1ccc(CCl)cc1,3.832923
c1cc(Cn2cc(CNCc3ccc4nc(C5CNC5)oc4c3)c3ccccc32)cc(-c2nnnn2CC2CC2)c1,7.854876,O=C(NCc1cn(Cc2cccc(-c3nnnn3CC3CC3)c2)c2ccccc12)c1ccc2nc(C3CNC3)oc2c1,7.958112
C[C@@H](NC(=O)c1cccc(CN2CCC(C(=O)N3CC(CN[C@H](C(=O)O)c4ccccc4)C3)CC2)c1)c1ccccc1,6.179236,C[C@@H](NC(=O)c1cccc(CN2CCC(C(=O)N3CC(C(=O)N[C@H](C(=O)O)c4ccccc4)C3)CC2)c1)c1ccccc1,6.542086
c1ccc2c(c1)c(CCNCC1CCN1)cn2Cc1ccc(-c2nnn(CC3CC3)n2)cc1,7.916876,O=C(NCCc1cn(Cc2ccc(-c3nnn(CC4CC4)n3)cc2)c2ccccc12)C1CCN1,8.164467
c1ccc(CO[C@H]2CN3CCC2CC3)c(CNc2ccc(-c3ccc4[nH]ccc4c3)cc2NCC2CNC2)c1,7.347879,O=C(Nc1cc(-c2ccc3[nH]ccc3c2)ccc1NCc1ccccc1CO[C@H]1CN2CCC1CC2)C1CNC1,7.21433
c1cc(NCc2ccc(CO[C@H]3CN4CCC3CC4)cc2)cc(-c2cn(CC3CC3)cn2)c1,8.245664,O=C(Nc1cccc(-c2cn(CC3CC3)cn2)c1)c1ccc(CO[C@H]2CN3CCC2CC3)cc1,8.165542
Fc1ncc(NCCc2ccccc2-c2cccc(NCc3ccc(-c4nnn(CC5CC5)n4)nc3)c2)cn1,7.722949,O=C(Nc1cccc(-c2ccccc2CCNc2cnc(F)nc2)c1)c1ccc(-c2nnn(CC3CC3)n2)nc1,7.746122
O=C(NCCCCNCc1ccccc1CO[C@H]1CN2CCC1CC2)c1ccc2nc([C@H]3CCCN3)oc2c1,6.686941,O=C(NCCCCNC(=O)c1ccccc1CO[C@H]1CN2CCC1CC2)c1ccc2nc([C@H]3CCCN3)oc2c1,6.504707
O=C1CCN(c2ccc(CNc3ccc(-c4cc(NC[C@@H]5Cc6ccccc6CN5)[nH]n4)cn3)cc2)C1,7.429739,O=C1CCN(c2ccc(C(=O)Nc3ccc(-c4cc(NC[C@@H]5Cc6ccccc6CN5)[nH]n4)cn3)cc2)C1,7.275935
c1cc(CNC23CC(C2)C3)cc(-c2nc3cc(CNc4ccnc5ccccc45)ccc3o2)c1,7.319658,O=C(NC12CC(C1)C2)c1cccc(-c2nc3cc(CNc4ccnc5ccccc45)ccc3o2)c1,7.482375
c1cc(NCc2ccc3nc(-c4c[nH]c5ccc(-c6nnnn6CC6CC6)cc45)[nH]c3c2)c2[nH]ccc2c1,6.666414,O=C(Nc1cccc2cc[nH]c12)c1ccc2nc(-c3c[nH]c4ccc(-c5nnnn5CC5CC5)cc34)[nH]c2c1,6.78765
O=C(NC1CC1)c1ccc2nc(-c3ccc(CNCc4cn(Cc5cc(=O)[nH]c6ccccc56)c5ccccc45)cc3)[nH]c2c1,7.486603,O=C(NCc1cn(Cc2cc(=O)[nH]c3ccccc23)c2ccccc12)c1ccc(-c2nc3ccc(C(=O)NC4CC4)cc3[nH]2)cc1,7.758632
c1cc(NCc2ccc3nc(C4CNC4)oc3c2)cc(-c2ccc(NCC3CNC3)cc2)c1,8.138094,O=C(Nc1cccc(-c2ccc(NCC3CNC3)cc2)c1)c1ccc2nc(C3CNC3)oc2c1,7.832582
Brc1ccc(NC[C@@H]2Cc3ccccc3CN2Cc2cccc(C3=NCCc4ccccc43)c2)cc1,6.839532,O=C(Nc1ccc(Br)cc1)[C@@H]1Cc2ccccc2CN1Cc1cccc(C2=NCCc3ccccc32)c1,6.973851
O=C(O)[C@H]1CCCN1C[C@@H]1CCCN1,2.357427,O=C(O)[C@@H]1CCCN1C(=O)[C@H]1CCCN1,3.335773
Oc1cc(CNc2ccccc2CNc2ccnc3ccccc23)ccc1NCc1ccc(CO[C@H]2CN3CCC2CC3)cc1,7.557557,O=C(Nc1ccc(CNc2ccccc2CNc2ccnc3ccccc23)cc1O)c1ccc(CO[C@H]2CN3CCC2CC3)cc1,7.698575
Nc1ccc(CNc2cccc(-c3cncc(-c4nnn(CC5CC5)n4)c3)c2)cc1NC[C@@H]1Cc2ccccc2CN1,7.97749,Nc1cc(CNc2cccc(-c3cncc(-c4nnn(CC5CC5)n4)c3)c2)ccc1NC(=O)[C@@H]1Cc2ccccc2CN1,7.883413
Oc1ccc(CNCc2ccc(-c3cc(NCc4ccc(CO[C@H]5CN6CCC5CC6)cc4)[nH]n3)cc2)cc1,7.708702,O=C(Nc1cc(-c2ccc(CNCc3ccc(O)cc3)cc2)n[nH]1)c1ccc(CO[C@H]2CN3CCC2CC3)cc1,7.837272
O=C(Nc1ccc(C(=O)Nc2cccc3cc[nH]c23)cc1NCC1CCN1)c1ccc(CO[C@H]2CN3CCC2CC3)cc1,6.986946,O=C(Nc1ccc(C(=O)Nc2cccc3cc[nH]c23)cc1NC(=O)C1CCN1)c1ccc(CO[C@H]2CN3CCC2CC3)cc1,6.176237
O=C(O)[C@@H](NCc1cccc(-c2ccc(NCc3ccc4oc(C5CNC5)nc4c3)cc2)c1)c1ccccc1,7.252514,O=C(Nc1ccc(-c2cccc(CN[C@H](C(=O)O)c3ccccc3)c2)cc1)c1ccc2oc(C3CNC3)nc2c1,7.155238
N[C@@H](C(=O)Nc1cccc(-c2cc(NCc3ccc4oc(C5CNC5)nc4c3)[nH]n2)c1)c1ccccc1,8.038854,N[C@@H](C(=O)Nc1cccc(-c2cc(NC(=O)c3ccc4oc(C5CNC5)nc4c3)[nH]n2)c1)c1ccccc1,7.810267
Nc1cccc(-c2csc(NCc3ccc4nc([C@@H]5CCCN5)oc4c3)n2)c1,6.488416,Nc1cccc(-c2csc(NC(=O)c3ccc4nc([C@@H]5CCCN5)oc4c3)n2)c1,6.5887
C[C@@H](NCc1ccc(Cn2nnc(-c3cccc(-c4ccc(NC(=O)C5CCN5)cc4)c3)n2)cc1)c1ccccc1,7.843375,C[C@@H](NC(=O)c1ccc(Cn2nnc(-c3cccc(-c4ccc(NC(=O)C5CCN5)cc4)c3)n2)cc1)c1ccccc1,7.854879
c1ccc2c(c1)CN[C@H](CNc1ccc(-c3ccc(NC[C@@H]4Cc5ccccc5CN4)nc3)cc1)C2,7.76431,O=C(Nc1ccc(-c2ccc(NC[C@@H]3Cc4ccccc4CN3)cc2)cn1)[C@@H]1Cc2ccccc2CN1,7.511674
c1ccc2c(c1)CN[C@H](CNCc1nc3cc(-c4nnn(CC5CC5)n4)ccc3o1)C2,7.894459,O=C(NCc1nc2cc(-c3nnn(CC4CC4)n3)ccc2o1)[C@@H]1Cc2ccccc2CN1,7.993285
O=C(NC1CC1)c1cccc(-c2nc3cc(CN(C[C@@H]4Cc5ccccc5CN4)C45CC(C4)C5)ccc3o2)c1,7.274844,O=C(NC1CC1)c1cccc(-c2nc3cc(CN(C(=O)[C@@H]4Cc5ccccc5CN4)C45CC(C4)C5)ccc3o2)c1,7.180581
O=C(Nc1cccc(-c2ccc(NCC3CNC3)cc2)c1)c1cccc(B(O)O)c1,5.943691,O=C(Nc1cccc(-c2ccc(NC(=O)C3CNC3)cc2)c1)c1cccc(B(O)O)c1,6.422256
Nc1ccc(CNCCc2ccccc2-c2cccc(NCc3ccc(O)c(N)c3)c2)cc1N,5.279747,NCCc1ccccc1-c1cccc(NCc2ccc(O)c(NC(=O)c3ccc(N)c(N)c3)c2)c1,5.286708
C#Cc1ccc(O)c(NCc2ccc3nc(C4CNC4)oc3c2)c1,7.075717,C#Cc1ccc(O)c(NC(=O)c2ccc3nc(C4CNC4)oc3c2)c1,7.224681
Oc1cc(Br)ccc1NCc1ccc2[nH]c(C3(NCc4ccc5[nH]c(C6CNC6)nc5c4)CCC3)nc2c1,7.045501,O=C(NC1(c2nc3cc(CNc4ccc(Br)cc4O)ccc3[nH]2)CCC1)c1ccc2[nH]c(C3CNC3)nc2c1,6.917446
O=Cc1cccc(CN2CC(C(=O)O)C2)c1,3.162747,O=Cc1cccc(C(=O)N2CC(C(=O)O)C2)c1,3.923076
c1cc(CN2CCC[C@@H](c3nc4cc(-c5nnn(CC6CC6)n5)ccc4o3)C2)ccc1CO[C@H]1CN2CCC1CC2,7.957973,O=C(c1ccc(CO[C@H]2CN3CCC2CC3)cc1)N1CCC[C@@H](c2nc3cc(-c4nnn(CC5CC5)n4)ccc3o2)C1,7.892846
Nc1ccc(CN2Cc3ccccc3C[C@H]2CNc2ccnc3ccccc23)cc1O,5.327218,Nc1ccc(C(=O)N(C[C@@H]2Cc3ccccc3CN2)c2ccnc3ccccc23)cc1O,5.772313
O=C(O)c1cccc(-c2ccc(NC(=O)c3ccccc3NC[C@@H]3Cc4ccccc4CN3)cc2)c1,6.728587,O=C(O)c1cccc(-c2ccc(NC(=O)c3ccccc3NC(=O)[C@@H]3Cc4ccccc4CN3)cc2)c1,7.008461
Fc1ccc(CNc2cccc(-c3ccc4oc([C@@H]5CCCN5CC5CNC5)nc4c3)c2)cc1,7.238467,O=C(C1CNC1)N(Cc1ccc(F)cc1)c1cccc(-c2ccc3oc([C@@H]4CCCN4)nc3c2)c1,7.389841
O=C(O)C1CN(CC2CN(CC3CN(c4nc5ccccc5[nH]4)C3)C2)C1,4.400064,O=C(O)C1CN(C(=O)C2CN(CC3CN(c4nc5ccccc5[nH]4)C3)C2)C1,5.157538
c1ccc([C@H](CN2CCNCC2)NCc2ccc3nc([C@@H]4CCCN4)oc3c2)cc1,5.671919,O=C(N[C@@H](CN1CCNCC1)c1ccccc1)c1ccc2nc([C@@H]3CCCN3)oc2c1,5.930188
O=C(Nc1ccccn1)c1cccc(-c2cc(-c3nc4cc(CNC56CC(C5)C6)ccc4o3)ccn2)c1,7.91058,O=C(Nc1ccccn1)c1cccc(-c2cc(-c3nc4cc(C(=O)NC56CC(C5)C6)ccc4o3)ccn2)c1,7.091939
c1ccc2c(NCc3ccc4nc(-c5ccc6nc(-c7ccc(CO[C@H]8CN9CCC8CC9)cc7)[nH]c6c5)[nH]c4c3)ccnc2c1,7.970349,O=C(Nc1ccnc2ccccc12)c1ccc2nc(-c3ccc4nc(-c5ccc(CO[C@H]6CN7CCC6CC7)cc5)[nH]c4c3)[nH]c2c1,8.06293
c1ccc(-c2ccc3oc([C@H]4CCCN4)nc3c2)c(NCc2ccc3[nH]c(C4CNC4)nc3c2)c1,7.629589,O=C(Nc1ccccc1-c1ccc2oc([C@H]3CCCN3)nc2c1)c1ccc2[nH]c(C3CNC3)nc2c1,3.636335
Nc1ccc(CNc2ccncc2CN2CCC2C(=O)O)cc1O,4.323235,Nc1ccc(C(=O)Nc2ccncc2CN2CCC2C(=O)O)cc1O,4.424225
Nc1ccc(-c2nc(-c3cccc(NCc4ccc(CO[C@H]5CN6CCC5CC6)cc4)c3)cs2)cc1,7.779793,Nc1ccc(-c2nc(-c3cccc(NC(=O)c4ccc(CO[C@H]5CN6CCC5CC6)cc4)c3)cs2)cc1,7.763944
O=C(NC1CC1)c1ccc2nc([C@@H]3CCCN(C(=O)c4ccccc4NC[C@@H]4Cc5ccccc5CN4)C3)oc2c1,7.718712,O=C(NC1CC1)c1ccc2nc([C@@H]3CCCN(C(=O)c4ccccc4NC(=O)[C@@H]4Cc5ccccc5CN4)C3)oc2c1,7.615598
Fc1cccc(CNCCc2ccccc2)n1,4.323179,O=C(NCCc1ccccc1)c1cccc(F)n1,4.494273
Oc1ccc(Br)cc1NCc1ccc2oc(C3CNC3)nc2c1,6.29602,O=C(Nc1cc(Br)ccc1O)c1ccc2oc(C3CNC3)nc2c1,6.192111
N#Cc1ccc(Cn2cc(CNCc3ccc4nc(C5CNC5)[nH]c4c3)c3ccccc32)cc1,7.047865,N#Cc1ccc(Cn2cc(CNC(=O)c3ccc4nc(C5CNC5)[nH]c4c3)c3ccccc32)cc1,7.316383
O=C(O)C1CCN(Cc2ccncc2)CC1,3.282565,O=C(O)C1CCN(C(=O)c2ccncc2)CC1,3.552353
Nc1ccc(CNc2cccc(-c3ccc4nc(C5CNC5)oc4c3)c2)cc1O,6.906586,Nc1ccc(C(=O)Nc2cccc(-c3ccc4nc(C5CNC5)oc4c3)c2)cc1O,6.897345
c1ccc2c(c1)CN[C@H](CN1Cc3ccccc3C[C@H]1c1nc3cc(-c4nnnn4Cc4ccc(-c5nnn(CC6CC6)n5)cc4)ccc3o1)C2,7.853408,O=C([C@@H]1Cc2ccccc2CN1)N1Cc2ccccc2C[C@H]1c1nc2cc(-c3nnnn3Cc3ccc(-c4nnn(CC5CC5)n4)cc3)ccc2o1,7.42078
O=C(O)c1ccc2nc(-c3ccc(CNc4cccc5cc[nH]c45)cc3)oc2c1,5.717995,O=C(O)c1ccc(-c2nc3ccc(C(=O)Nc4cccc5cc[nH]c45)cc3o2)cc1,6.074671
c1ccc(NC[C@@H]2CCCN2)nc1,3.381157,O=C(Nc1ccccn1)[C@@H]1CCCN1,5.060463
O=C(Nc1ccccc1CNc1ccc(-c2ccc(NC(=O)[C@@H]3Cc4ccccc4CN3)cc2)cc1)NC1CC1,7.586661,O=C(Nc1ccccc1C(=O)Nc1ccc(-c2ccc(NC(=O)[C@@H]3Cc4ccccc4CN3)cc2)cc1)NC1CC1,7.26514
OB(O)c1cccc(N(Cc2ccc(-c3nnn(CC4CC4)n3)nc2)C[C@@H]2CCCN2)c1,5.426114,O=C([C@@H]1CCCN1)N(Cc1ccc(-c2nnn(CC3CC3)n2)nc1)c1cccc(B(O)O)c1,5.688889
Cc1cc(-c2cccc(-c3nnn(CC4CC4)n3)c2)cnc1NC(=O)C1CCN(C[C@@H]2Cc3ccccc3CN2)CC1,7.627363,Cc1cc(-c2cccc(-c3nnn(CC4CC4)n3)c2)cnc1NC(=O)C1CCN(C(=O)[C@@H]2Cc3ccccc3CN2)CC1,7.477577
Oc1cc(Br)ccc1NCc1cccc(-c2nc3cc(-c4nnn(CC5CC5)n4)ccc3o2)c1,6.89532,O=C(Nc1ccc(Br)cc1O)c1cccc(-c2nc3cc(-c4nnn(CC5CC5)n4)ccc3o2)c1,6.931683
O=C(O)c1cccc(O)c1NCc1ccccc1NCc1ccc2nc(C3CNC3)oc2c1,6.087137,O=C(Nc1ccccc1CNc1c(O)cccc1C(=O)O)c1ccc2nc(C3CNC3)oc2c1,6.298482
c1cc(CO[C@H]2CN3CCC2CC3)ccc1CNCc1nc2ccc(CNC34CC(C3)C4)cc2o1,7.698098,O=C(NCc1nc2ccc(CNC34CC(C3)C4)cc2o1)c1ccc(CO[C@H]2CN3CCC2CC3)cc1,7.7814
O=Cc1cccc(-c2cccc(NCC3CNC3)c2)c1,6.166343,O=Cc1cccc(-c2cccc(NC(=O)C3CNC3)c2)c1,6.977472
O=C(Nc1ccc(-c2cccnc2)cc1)c1ccc2nc([C@@H]3Cc4ccccc4CN3C[C@@H]3Cc4ccccc4CN3)oc2c1,7.635803,O=C(Nc1ccc(-c2cccnc2)cc1)c1ccc2nc([C@@H]3Cc4ccccc4CN3C(=O)[C@@H]3Cc4ccccc4CN3)oc2c1,7.035968
c1ccc2c(c1)c(CCN(Cc1ccc(-c3nnn(CC4CC4)n3)nc1)CC1CCNCC1)cn2CC1CC1,6.956599,O=C(c1ccc(-c2nnn(CC3CC3)n2)nc1)N(CCc1cn(CC2CC2)c2ccccc12)CC1CCNCC1,7.111021
N#Cc1ccc(CN2CC(CNc3ccc(C(=O)O)cc3O)C2)cn1,4.620711,N#Cc1ccc(C(=O)N(CC2CNC2)c2ccc(C(=O)O)cc2O)cn1,4.607255
Nc1cc(CNc2ccccc2CNc2cccc3cc[nH]c23)ccc1O,4.772049,Nc1cc(C(=O)Nc2ccccc2CNc2cccc3cc[nH]c23)ccc1O,5.13054
c1cc(-c2cc(NCc3ccc4oc([C@@H]5CCCN5)nc4c3)[nH]n2)cc(-c2nnn(CC3CC3)n2)c1,8.134352,O=C(Nc1cc(-c2cccc(-c3nnn(CC4CC4)n3)c2)n[nH]1)c1ccc2oc([C@@H]3CCCN3)nc2c1,7.635134
Cc1cc(-c2ccc(NC[C@@H]3Cc4ccccc4CN3)cc2)cnc1N,6.310402,Cc1cc(-c2ccc(N)cc2)cnc1NC(=O)[C@@H]1Cc2ccccc2CN1,6.810647
O=C(O)c1ccc(CNc2ccc(CNc3ccc(C(=O)NC4CC4)cc3O)cc2O)cc1,6.40889,O=C(O)c1ccc(CNc2ccc(C(=O)Nc3ccc(C(=O)NC4CC4)cc3O)cc2O)cc1,6.356755
O=C(O)c1ccc2nc(-c3cccc(-c4nc5ccc(CNC67CC(C6)C7)cc5[nH]4)c3)oc2c1,7.211392,O=C(O)c1ccc2nc(-c3cccc(-c4nc5ccc(C(=O)NC67CC(C6)C7)cc5[nH]4)c3)oc2c1,6.936332
Oc1cccc(CNc2ccccn2)c1NCc1ccc2oc(C3CNC3)nc2c1,6.675986,O=C(Nc1ccccn1)c1cccc(O)c1NCc1ccc2oc(C3CNC3)nc2c1,6.898112
Cc1cc(Br)cnc1NC[C@H]1CCCN1,3.297675,Cc1cc(Br)cnc1NC(=O)[C@H]1CCCN1,4.367629
c1ccc2c(N(Cc3ccc(-c4nnn(CC5CC5)n4)nc3)Cc3ccc4nc(C5CNC5)oc4c3)ccnc2c1,8.156039,O=C(c1ccc(-c2nnn(CC3CC3)n2)nc1)N(Cc1ccc2nc(C3CNC3)oc2c1)c1ccnc2ccccc12,8.090154
Nc1ccc(-c2cccc(CNCCc3ccncc3)c2)cc1NCc1cccc(O)c1N,5.886541,Nc1ccc(-c2cccc(C(=O)NCCc3ccncc3)c2)cc1NCc1cccc(O)c1N,6.019267
N#Cc1cccc(-c2ccc(NCC3CNC3)c(NCc3ccc(-c4nnn(CC5CC5)n4)nc3)c2)c1,7.403538,N#Cc1cccc(-c2ccc(NCC3CNC3)c(NC(=O)c3ccc(-c4nnn(CC5CC5)n4)nc3)c2)c1,6.397484
O=C(NCCc1ccccc1Br)[C@@H](NCc1ccc2oc(C3CNC3)nc2c1)c1ccccc1,6.908293,O=C(N[C@H](C(=O)NCCc1ccccc1Br)c1ccccc1)c1ccc2oc(C3CNC3)nc2c1,6.897193
Nc1cc(-c2cccc(NCC3CCN3)c2)ccc1NC[C@@H]1Cc2ccccc2CN1,7.803929,Nc1cc(-c2cccc(NC(=O)C3CCN3)c2)ccc1NC[C@@H]1Cc2ccccc2CN1,7.735836
Cc1cc(Nc2cccc(-c3ccc(NCc4ccc5oc(C6CNC6)nc5c4)cc3)c2)cnc1N,6.929346,Cc1cc(Nc2cccc(-c3ccc(N)cc3)c2)cnc1NC(=O)c1ccc2oc(C3CNC3)nc2c1,7.116191
O=C(c1cccc(F)n1)N1CCC(CNc2ccccn2)CC1,5.108726,O=C(Nc1ccccn1)C1CCN(C(=O)c2cccc(F)n2)CC1,5.958404
O=C(O)c1ccc(NC[C@H](NCc2ccc3oc(C4CNC4)nc3c2)c2ccccc2)c(O)c1,6.200223,O=C(O)c1ccc(NC[C@H](NC(=O)c2ccc3oc(C4CNC4)nc3c2)c2ccccc2)c(O)c1,6.280298
Brc1csc(NCc2ccc3nc([C@H]4CCCN4)[nH]c3c2)n1,5.159075,O=C(Nc1nc(Br)cs1)c1ccc2nc([C@H]3CCCN3)[nH]c2c1,5.491994
OB(O)c1cccc(NCc2ccc3oc(C4(NCC5CCN5)CCC4)nc3c2)c1,5.976249,O=C(Nc1cccc(B(O)O)c1)c1ccc2oc(C3(NCC4CCN4)CCC3)nc2c1,5.907079
Nc1ccc(-c2ccc(N)c(NCc3ccc4oc(C5CNC5)nc4c3)c2)cc1,7.206543,Nc1ccc(-c2ccc(N)c(NC(=O)c3ccc4oc(C5CNC5)nc4c3)c2)cc1,7.007803
Cc1cc(-c2cccc(NCc3ccc4oc(C5CNC5)nc4c3)c2)cnc1N,7.120159,Cc1cc(-c2cccc(N)c2)cnc1NC(=O)c1ccc2oc(C3CNC3)nc2c1,6.888297
Nc1ccc(CNCCCC[C@H](N)C(=O)N2Cc3ccccc3C[C@H]2CNc2cccc3cc[nH]c23)cc1O,4.330718,NCCCC[C@H](NC(=O)c1ccc(N)c(O)c1)C(=O)N1Cc2ccccc2C[C@H]1CNc1cccc2cc[nH]c12,4.734281
N#Cc1ccc(O)c(NCc2ccc3oc(-c4ccc(CO[C@H]5CN6CCC5CC6)cc4)nc3c2)c1,7.311519,N#Cc1ccc(O)c(NC(=O)c2ccc3oc(-c4ccc(CO[C@H]5CN6CCC5CC6)cc4)nc3c2)c1,7.343329
c1cc(-c2ncccc2NC[C@@H]2Cc3ccccc3CN2)cc(-c2nnnn2Cc2cccc(-c3nnnn3CC3CC3)c2)c1,7.429849,O=C(Nc1cccnc1-c1cccc(-c2nnnn2Cc2cccc(-c3nnnn3CC3CC3)c2)c1)[C@@H]1Cc2ccccc2CN1,7.273495
O=C(NC1CC1)c1ccc(-c2nc3ccc(CNCCc4cn(CC5CC5)c5ccccc45)cc3o2)cc1,8.098677,O=C(NCCc1cn(CC2CC2)c2ccccc12)c1ccc2nc(-c3ccc(C(=O)NC4CC4)cc3)oc2c1,8.229696
Fc1ncc(-c2cccc(N(C[C@@H]3Cc4ccccc4CN3)c3ccc(NCC4CCN4)cc3)c2)cn1,7.635979,O=C([C@@H]1Cc2ccccc2CN1)N(CC1CCN1)c1ccc(Nc2cccc(-c3cnc(F)nc3)c2)cc1,7.422465
N#Cc1ccc(O)c(NCC2CNC2)c1,4.489602,N#Cc1ccc(O)c(NC(=O)C2CNC2)c1,5.42534
O=C(O)[C@H]1CCCN1Cc1ccncc1,2.768028,O=C(O)[C@H]1CCCN1C(=O)c1ccncc1,3.1365
c1ccc2c(NCc3ccc4nc([C@H]5CCCN5)oc4c3)ccnc2c1,6.835176,O=C(Nc1ccnc2ccccc12)c1ccc2nc([C@H]3CCCN3)oc2c1,7.210049
N#Cc1ccc(Cn2cc(CNCc3ccc4[nH]c(-c5ccc(CO[C@H]6CN7CCC6CC7)cc5)nc4c3)nn2)cc1,7.346533,N#Cc1ccc(Cn2cc(CNC(=O)c3ccc4[nH]c(-c5ccc(CO[C@H]6CN7CCC6CC7)cc5)nc4c3)nn2)cc1,7.606294
O=C(Nc1ccc(-c2cc(NC[C@@H]3Cc4ccccc4CN3)[nH]n2)cc1)c1ccc(CN2CCC[C@H]2C(=O)O)cc1,7.257949,O=C(Nc1ccc(-c2cc(NC(=O)[C@@H]3Cc4ccccc4CN3)[nH]n2)cc1)c1ccc(CN2CCC[C@H]2C(=O)O)cc1,7.229908
Fc1cc(-c2cc(NC[C@@H]3Cc4ccccc4CN3)[nH]n2)ccc1-c1nnnn1CC1CC1,7.850918,O=C(Nc1cc(-c2ccc(-c3nnnn3CC3CC3)c(F)c2)n[nH]1)[C@@H]1Cc2ccccc2CN1,7.655118
O=C(NCc1ccccc1)[C@@H](NCc1ccc2oc(C3CNC3)nc2c1)c1ccccc1,7.21325,O=C(N[C@H](C(=O)NCc1ccccc1)c1ccccc1)c1ccc2oc(C3CNC3)nc2c1,7.238861
Nc1ccc(CN[C@@H](c2ccccc2)c2nc3ccc(Br)cc3[nH]2)cc1O,4.418284,Nc1ccc(C(=O)N[C@@H](c2ccccc2)c2nc3ccc(Br)cc3[nH]2)cc1O,4.573085
O=Cc1cncc(-c2cccc(NCc3ccc4nc(C5CNC5)oc4c3)c2)c1,7.322921,O=Cc1cncc(-c2cccc(NC(=O)c3ccc4nc(C5CNC5)oc4c3)c2)c1,7.294817
O=C(O)C1CN(C(=O)c2ccc(NCC3CNC3)c(NCc3ccc4oc([C@@H]5Cc6ccccc6CN5)nc4c3)c2)C1,6.986094,O=C(O)C1CN(C(=O)c2ccc(NC(=O)C3CNC3)c(NCc3ccc4oc([C@@H]5Cc6ccccc6CN5)nc4c3)c2)C1,6.720838
Nc1ccc(CNc2ccc(-c3ccc(F)cc3)cc2)cc1N,5.151018,Nc1ccc(C(=O)Nc2ccc(-c3ccc(F)cc3)cc2)cc1N,5.58357
O=C(O)[C@H]1CCCN1c1c[nH]nc1NC[C@@H]1Cc2ccccc2CN1,5.24539,O=C(Nc1n[nH]cc1N1CCC[C@@H]1C(=O)O)[C@@H]1Cc2ccccc2CN1,5.394928
C[C@H](NC(=O)c1ccccc1NCc1ccc(C#N)nc1)c1ccccc1,5.272821,C[C@H](NC(=O)c1ccccc1NC(=O)c1ccc(C#N)nc1)c1ccccc1,5.661228
O=C(Nc1c(O)cccc1CNc1cc(C(=O)N2CC(CNC34CC(C3)C4)C2)ccc1O)[C@@H]1Cc2ccccc2CN1,6.757308,O=C(NC12CC(C1)C2)C1CN(C(=O)c2ccc(O)c(NCc3cccc(O)c3NC(=O)[C@@H]3Cc4ccccc4CN3)c2)C1,6.861666
OB(O)c1cccc(NC[C@H]2CCCN(C3CCNC3)C2)c1,4.203456,O=C(Nc1cccc(B(O)O)c1)[C@H]1CCCN(C2CCNC2)C1,4.903269
c1ccc(-c2nc3cccc(-c4cccc(NCC5CCN5)c4)c3o2)cc1,7.618154,O=C(Nc1cccc(-c2cccc3nc(-c4ccccc4)oc23)c1)C1CCN1,7.749939
N#Cc1ccc(O)c(NCC2CCN(Cc3cccc4oc(C5CNC5)nc34)CC2)c1,6.461472,N#Cc1ccc(O)c(NC(=O)C2CCN(Cc3cccc4oc(C5CNC5)nc34)CC2)c1,6.933342
C[C@H](Nc1cc(-c2ccccc2CN(C[C@@H]2Cc3ccccc3CN2)c2ccnc3ccccc23)ccn1)c1ccccc1,6.882333,C[C@@H](c1ccccc1)N(C(=O)[C@@H]1Cc2ccccc2CN1)c1cc(-c2ccccc2CNc2ccnc3ccccc23)ccn1,6.898982
O=C(NCCc1ccncc1)[C@H]1CCCN(Cc2cnccc2NCC2CCN2)C1,6.667282,O=C(Nc1ccncc1CN1CCC[C@H](C(=O)NCCc2ccncc2)C1)C1CCN1,6.93946
ClCc1ccc(CNC23CC(C2)C3)cc1,4.812214,O=C(NC12CC(C1)C2)c1ccc(CCl)cc1,4.791424
Nc1c(NCc2ccc3nc(C4CNC4)oc3c2)cccc1-c1ccc(C=O)cc1,6.939012,Nc1c(NC(=O)c2ccc3nc(C4CNC4)oc3c2)cccc1-c1ccc(C=O)cc1,6.893506
ClCc1ccc(CN2CCC(C3=NCCc4ccccc43)CC2)cc1,6.237208,O=C(c1ccc(CCl)cc1)N1CCC(C2=NCCc3ccccc32)CC1,6.548538
O=C(NCc1cn(CC2CC2)nn1)c1ccccc1NCc1ccc(CCl)cc1,6.250911,O=C(Nc1ccccc1C(=O)NCc1cn(CC2CC2)nn1)c1ccc(CCl)cc1,6.66463
O=C(N[C@@H](CNc1ccc(-c2cccc(-c3nnn(CC4CC4)n3)c2)cc1)c1ccccc1)C1CCN1,8.020011,O=C(N[C@@H](C(=O)Nc1ccc(-c2cccc(-c3nnn(CC4CC4)n3)c2)cc1)c1ccccc1)C1CCN1,7.147982
O=C(O)C1(NCC2CNC2)CCC1,2.941397,O=C(NC1(C(=O)O)CCC1)C1CNC1,5.738308
c1cc(C2=NCCc3ccccc32)cc(-c2ccc(NCc3ccc4nc(C5CNC5)oc4c3)cc2)c1,8.176469,O=C(Nc1ccc(-c2cccc(C3=NCCc4ccccc43)c2)cc1)c1ccc2nc(C3CNC3)oc2c1,6.759812
O=C(c1ccccc1NCC1CNC1)N1CC(CNc2ccnc3ccccc23)C1,6.418673,O=C(Nc1ccccc1C(=O)N1CC(CNc2ccnc3ccccc23)C1)C1CNC1,7.073304
Nc1ccc(CN2CC(CNc3c(O)cccc3C(=O)O)C2)cc1N,3.852698,Nc1ccc(C(=O)N(CC2CNC2)c2c(O)cccc2C(=O)O)cc1N,4.045308
C[C@@H](NC[C@@H]1Cc2ccccc2CN1)c1nc2ccc(CNc3ccc(-c4cccc(C=O)c4)cc3O)cc2o1,6.95639,C[C@@H](NC(=O)[C@@H]1Cc2ccccc2CN1)c1nc2ccc(CNc3ccc(-c4cccc(C=O)c4)cc3O)cc2o1,6.977697
N#Cc1cncc(-c2ccccc2-c2nnn(Cc3ccc(CNC45CC(C4)C5)cc3)n2)c1,6.598002,N#Cc1cncc(-c2ccccc2-c2nnn(Cc3ccc(C(=O)NC45CC(C4)C5)cc3)n2)c1,6.344433
N#Cc1ccc(CNc2cc(C(=O)NCc3ccccc3)ccc2O)cn1,5.903563,N#Cc1ccc(C(=O)Nc2cc(C(=O)NCc3ccccc3)ccc2O)cn1,6.159814
c1ccc(CCNCc2ccccc2NCc2ccc3oc(C4CNC4)nc3c2)cc1,7.210055,O=C(Nc1ccccc1CNCCc1ccccc1)c1ccc2oc(C3CNC3)nc2c1,7.315434
O=C(Nc1ccc(N(C[C@@H]2Cc3ccccc3CN2)C2(C(=O)Nc3ccccn3)CCC2)cc1)Nc1ccnc2ccccc12,7.11616,O=C(Nc1ccc(N(C(=O)[C@@H]2Cc3ccccc3CN2)C2(C(=O)Nc3ccccn3)CCC2)cc1)Nc1ccnc2ccccc12,7.059886
Nc1cc(C(=O)O)ccc1NC(=O)CNCc1ccc2[nH]c(C3CNC3)nc2c1,5.466591,NCC(=O)Nc1ccc(C(=O)O)cc1NC(=O)c1ccc2[nH]c(C3CNC3)nc2c1,5.518095
Nc1cc(CNc2cccc3cc[nH]c23)ccc1NC[C@@H]1CCCN1Cc1ccc(-c2nnn(CC3CC3)n2)nc1,7.533293,Nc1cc(CNc2cccc3cc[nH]c23)ccc1NC(=O)[C@@H]1CCCN1Cc1ccc(-c2nnn(CC3CC3)n2)nc1,7.613118
Nc1ccc(CN2CCC[C@@H]2CO)cc1O,3.000877,Nc1ccc(C(=O)N2CCC[C@@H]2CO)cc1O,3.088841
c1ccc(CNCc2ccccc2NCC2CNC2)cc1,6.149992,O=C(NCc1ccccc1)c1ccccc1NCC1CNC1,6.283548
Fc1ccc(NCC2CCN2)c(-c2cccc(NCc3ccc(-c4nnnn4CC4CC4)nc3)c2)n1,7.623739,O=C(Nc1ccc(F)nc1-c1cccc(NCc2ccc(-c3nnnn3CC3CC3)nc2)c1)C1CCN1,7.461165
c1cc(NCc2ccc(CO[C@H]3CN4CCC3CC4)cc2)c2c(c1)ccn2Cc1ccc(-c2nnn(CC3CC3)n2)cc1,8.134891,O=C(Nc1cccc2ccn(Cc3ccc(-c4nnn(CC5CC5)n4)cc3)c12)c1ccc(CO[C@H]2CN3CCC2CC3)cc1,8.276157
O=C(O)c1ccc(NCc2ccc(O)c(NCc3ccc(CO[C@H]4CN5CCC4CC5)cc3)c2)c(O)c1,6.608195,O=C(O)c1ccc(NC(=O)c2ccc(O)c(NCc3ccc(CO[C@H]4CN5CCC4CC5)cc3)c2)c(O)c1,6.661074
Nc1ccc(CNc2ccccc2CNc2cccc(B(O)O)c2)cc1N,3.89942,Nc1ccc(C(=O)Nc2ccccc2CNc2cccc(B(O)O)c2)cc1N,4.220541
O=C(Nc1cccc(-c2c[nH]cn2)c1)c1ccc(COCC2CN(C[C@@H]3Cc4ccccc4CN3)C2)cc1,7.361954,O=C(Nc1cccc(-c2c[nH]cn2)c1)c1ccc(COCC2CN(C(=O)[C@@H]3Cc4ccccc4CN3)C2)cc1,7.482581
FC(F)(F)c1ccc(NCc2ccc(C3=NCCc4ccccc43)cc2)c(NCC2CCN2)c1,7.333495,O=C(Nc1cc(C(F)(F)F)ccc1NCc1ccc(C2=NCCc3ccccc32)cc1)C1CCN1,7.346128
Nc1cc(CNc2ccccc2C(=O)NCc2cn(CC3CC3)nn2)ccc1O,6.058836,Nc1cc(C(=O)Nc2ccccc2C(=O)NCc2cn(CC3CC3)nn2)ccc1O,6.422194
COc1ccc(NC[C@@H]2Cc3ccccc3CN2)c(N)c1,5.473933,COc1ccc(N)c(NC(=O)[C@@H]2Cc3ccccc3CN2)c1,5.55869
c1cc(CNc2ccc(-c3cccc(CNC45CC(C4)C5)c3)cc2)cc(C2=NCCc3ccccc32)c1,7.868148,O=C(NC12CC(C1)C2)c1cccc(-c2ccc(NCc3cccc(C4=NCCc5ccccc54)c3)cc2)c1,7.92121
Fc1ccc(CN(CC2CNC2)c2ccnc3ccccc23)cc1,5.051756,O=C(C1CNC1)N(Cc1ccc(F)cc1)c1ccnc2ccccc12,6.073671
c1cc(NCc2ccc3oc(C4CCN4)nc3c2)cc(-c2cc(NC[C@@H]3Cc4ccccc4CN3)[nH]n2)c1,8.187829,O=C(Nc1cc(-c2cccc(NCc3ccc4oc(C5CCN5)nc4c3)c2)n[nH]1)[C@@H]1Cc2ccccc2CN1,8.136035
O=C(NCCc1c[nH]c2ccccc12)[C@@H](Cc1c[nH]c2ccccc12)NCc1ccc(-c2nnn(CC3CC3)n2)nc1,7.224034,O=C(N[C@H](Cc1c[nH]c2ccccc12)C(=O)NCCc1c[nH]c2ccccc12)c1ccc(-c2nnn(CC3CC3)n2)nc1,7.378805
c1cc(-c2nnn(CC3CC3)n2)cc(-c2cccc3nc(-c4ccccc4NC[C@@H]4Cc5ccccc5CN4)[nH]c23)c1,7.94278,O=C(Nc1ccccc1-c1nc2cccc(-c3cccc(-c4nnn(CC5CC5)n4)c3)c2[nH]1)[C@@H]1Cc2ccccc2CN1,6.899939
Oc1cc(F)cc(-c2ccc(N(Cc3ccc(CNC45CC(C4)C5)cc3)CC3CCN3)cc2)c1,6.723925,O=C(C1CCN1)N(Cc1ccc(CNC23CC(C2)C3)cc1)c1ccc(-c2cc(O)cc(F)c2)cc1,6.48382
O=C(Nc1cccc(-c2cc(NCC3CN(C[C@@H]4Cc5ccccc5CN4)C3)[nH]n2)c1)Nc1cccc2ccccc12,7.927233,O=C(Nc1cccc(-c2cc(N(CC3CNC3)C(=O)[C@@H]3Cc4ccccc4CN3)[nH]n2)c1)Nc1cccc2ccccc12,7.579934
O=C(O)C1CCN1CC1CNC1,3.389926,O=C(O)C1CCN1C(=O)C1CNC1,4.876725
Nc1ccc(C(=O)Nc2ccnc3ccccc23)cc1NC[C@@H]1Cc2ccccc2CN1,7.352835,Nc1cc(C(=O)Nc2ccnc3ccccc23)ccc1NC(=O)[C@@H]1Cc2ccccc2CN1,7.31842
O=C(O)c1ccc(CNc2ccc(C(=O)O)cc2NCC2CCN2)cc1,5.33299,O=C(O)c1ccc(CNc2ccc(C(=O)O)cc2NC(=O)C2CCN2)cc1,5.642518
O=C(Nc1ccc(-c2cccc(NCc3ccc4nc(C5CNC5)[nH]c4c3)c2)cc1)NC1CC1,8.101563,O=C(Nc1ccc(-c2cccc(NC(=O)c3ccc4nc(C5CNC5)[nH]c4c3)c2)cc1)NC1CC1,6.951638
O=C(NCc1ccc(O)cc1)N1CCN(C[C@@H]2Cc3ccccc3CN2)CC1,6.6826,O=C(NCc1ccc(O)cc1)N1CCN(C(=O)[C@@H]2Cc3ccccc3CN2)CC1,6.875677
c1cncc(-c2ccccc2CCNCc2ccc3nc(-c4ccc5oc([C@H]6CCCN6)nc5c4)oc3c2)c1,7.375919,O=C(NCCc1ccccc1-c1cccnc1)c1ccc2nc(-c3ccc4oc([C@H]5CCCN5)nc4c3)oc2c1,7.615557
O=C(NC1CC1)c1ccc(NCc2cn(CC3CC3)c3ccccc23)c(NCC2CCN2)c1,7.782089,O=C(NC1CC1)c1ccc(NCc2cn(CC3CC3)c3ccccc23)c(NC(=O)C2CCN2)c1,7.175313
Nc1ccccc1CNc1cc(-c2cccc(NCC3CCN3)c2)ccc1O,6.88161,Nc1cccc(-c2ccc(O)c(NCc3ccccc3NC(=O)C3CCN3)c2)c1,6.655415
O=C(Nc1cccc(-c2ccc(NCC3CNC3)cc2)c1)c1ccc(CO[C@H]2CN3CCC2CC3)cc1,7.949463,O=C(Nc1cccc(-c2ccc(NC(=O)C3CNC3)cc2)c1)c1ccc(CO[C@H]2CN3CCC2CC3)cc1,7.320529
C[C@@H](NC(=O)[C@@H](Cc1c[nH]c2ccccc12)NCC1CNC1)c1ccccc1,5.45235,C[C@@H](NC(=O)[C@@H](Cc1c[nH]c2ccccc12)NC(=O)C1CNC1)c1ccccc1,6.692985
N[C@@H](CNc1cc(-c2cccc(-c3nnn(CC4CC4)n3)c2)n[nH]1)Cc1ccccc1,6.091444,N[C@H](Cc1ccccc1)C(=O)Nc1cc(-c2cccc(-c3nnn(CC4CC4)n3)c2)n[nH]1,7.019808
Fc1nc(N(Cc2ccccc2)Cc2ccc(CO[C@H]3CN4CCC3CC4)cc2)c2ncn(CC3CC3)c2n1,7.357831,O=C(c1ccc(CO[C@H]2CN3CCC2CC3)cc1)N(Cc1ccccc1)c1nc(F)nc2c1ncn2CC1CC1,7.489403
O=C(O)c1cccc(-c2ccc(NCC3CNC3)c(O)c2)c1,5.780963,O=C(O)c1cccc(-c2ccc(NC(=O)C3CNC3)c(O)c2)c1,6.325487
O=C(Nc1ccnc2ccccc12)c1cccc(O)c1NC(=O)C1CCN1Cc1ccc(CCl)cc1,5.771137,O=C(Nc1ccnc2ccccc12)c1cccc(O)c1NC(=O)C1CCN1C(=O)c1ccc(CCl)cc1,5.848886
Nc1ccc(CNc2ccc(B(O)O)cc2)cc1O,3.299328,Nc1ccc(C(=O)Nc2ccc(B(O)O)cc2)cc1O,3.595992
O=C(O)c1ccc(O)c(Nc2ncccc2NC[C@@H]2Cc3ccccc3CN2)c1,5.233376,O=C(O)c1ccc(O)c(Nc2ncccc2NC(=O)[C@@H]2Cc3ccccc3CN2)c1,5.496894
Fc1cccc(CNc2cc(-c3ccc(NCC4CNC4)cc3)n[nH]2)c1NC[C@@H]1Cc2ccccc2CN1,7.570603,O=C(Nc1c(F)cccc1CNc1cc(-c2ccc(NCC3CNC3)cc2)n[nH]1)[C@@H]1Cc2ccccc2CN1,7.557723
c1ccc2c(CCNCc3ccc4nc(-c5ccc6nc([C@@H]7CCCN7)oc6c5)oc4c3)c[nH]c2c1,7.367638,O=C(NCCc1c[nH]c2ccccc12)c1ccc2nc(-c3ccc4nc([C@@H]5CCCN5)oc4c3)oc2c1,7.460027
O=C(Nc1ccc(-c2cccc(NCc3ccc4nc([C@@H]5Cc6ccccc6CN5)oc4c3)c2)cc1)NC1CC1,8.062769,O=C(Nc1ccc(-c2cccc(NC(=O)c3ccc4nc([C@@H]5Cc6ccccc6CN5)oc4c3)c2)cc1)NC1CC1,7.907568
Nc1ccc(CNc2ccc(-c3cncc(O)c3)cc2)cc1O,4.850201,Nc1ccc(C(=O)Nc2ccc(-c3cncc(O)c3)cc2)cc1O,5.121164
Fc1cccc(-c2nc3cc(CN4CC(c5nc6cc(CNc7ccc(Br)cc7)ccc6[nH]5)C4)ccc3[nH]2)n1,6.729633,O=C(c1ccc2[nH]c(-c3cccc(F)n3)nc2c1)N(Cc1ccc2[nH]c(C3CNC3)nc2c1)c1ccc(Br)cc1,6.853107
Nc1ccc(CN[C@@H](C(=O)Nc2cccc(-c3c[nH]cn3)c2)c2ccccc2)cc1O,5.074006,Nc1ccc(C(=O)N[C@@H](C(=O)Nc2cccc(-c3c[nH]cn3)c2)c2ccccc2)cc1O,5.265855
O=C(Nc1ccccc1O)c1ccc(Cn2cc(CCNCc3ccc(-c4nnn(CC5CC5)n4)nc3)c3ccccc32)cc1,7.36508,O=C(NCCc1cn(Cc2ccc(C(=O)Nc3ccccc3O)cc2)c2ccccc12)c1ccc(-c2nnn(CC3CC3)n2)nc1,7.408298
Fc1cc(-c2cccc(NCC3CCN3)c2)ccn1,6.803717,O=C(Nc1cccc(-c2ccnc(F)c2)c1)C1CCN1,7.112844
Nc1ccc(CNc2ccc(Nc3ccc(C(=O)O)cc3N)cc2)cc1N,4.436488,Nc1ccc(C(=O)Nc2ccc(Nc3ccc(C(=O)O)cc3N)cc2)cc1N,4.598586
N#Cc1ccc(CNc2cccc(-c3cccc(CNc4cccc5ccn(CC6CC6)c45)c3)c2)cn1,7.175445,N#Cc1ccc(C(=O)Nc2cccc(-c3cccc(CNc4cccc5ccn(CC6CC6)c45)c3)c2)cn1,7.426398
O=C(NCCc1c[nH]c2ccccc12)[C@@H]1CCCN1Cc1ccc2nc([C@@H]3CCCN3)oc2c1,7.329041,O=C(NCCc1c[nH]c2ccccc12)[C@@H]1CCCN1C(=O)c1ccc2nc([C@@H]3CCCN3)oc2c1,7.341785
O=C(O)c1ccc2nc(C3CCN3Cc3ccc4nc(C5CNC5)oc4c3)[nH]c2c1,6.906072,O=C(O)c1ccc2nc(C3CCN3C(=O)c3ccc4nc(C5CNC5)oc4c3)[nH]c2c1,6.609475
N#Cc1ccc(Cn2ccc3cccc(NCC4CCN4)c32)cc1,5.88491,N#Cc1ccc(Cn2ccc3cccc(NC(=O)C4CCN4)c32)cc1,6.612207
N#Cc1cccc(Cn2nnnc2-c2ccc(CNc3cccc(B(O)O)c3)cn2)c1,4.617919,N#Cc1cccc(Cn2nnnc2-c2ccc(C(=O)Nc3cccc(B(O)O)c3)cn2)c1,4.764079
Nc1ccc(C(=O)O)cc1NCc1ccc2nc(-c3ccc(-c4nnn(CC5CC5)n4)nc3)oc2c1,7.130706,Nc1cc(C(=O)O)ccc1NC(=O)c1ccc2nc(-c3ccc(-c4nnn(CC5CC5)n4)nc3)oc2c1,6.802775
O=C(O)c1cccc(-c2ccc(NCc3ccc(COCC4CNC4)cc3)cc2)c1,6.778239,O=C(O)c1cccc(-c2ccc(NC(=O)c3ccc(COCC4CNC4)cc3)cc2)c1,7.195967
c1ccc2c(Nc3ccc(-c4nc5ccc(-c6ccc(NCC7CCN7)cc6)cc5[nH]4)cc3)ccnc2c1,7.661041,O=C(Nc1ccc(-c2ccc3nc(-c4ccc(Nc5ccnc6ccccc56)cc4)[nH]c3c2)cc1)C1CCN1,7.685668
c1cc(NC[C@@H]2Cc3ccccc3CN2)cc(-c2ccccc2CCNCc2ccc3nc(C4CNC4)oc3c2)c1,7.896555,O=C(Nc1cccc(-c2ccccc2CCNCc2ccc3nc(C4CNC4)oc3c2)c1)[C@@H]1Cc2ccccc2CN1,7.902922
O=C(NCc1cn(CC2CC2)nn1)c1ccc2nc(C3CCN3Cc3ccc(CCl)cc3)oc2c1,7.096795,O=C(NCc1cn(CC2CC2)nn1)c1ccc2nc(C3CCN3C(=O)c3ccc(CCl)cc3)oc2c1,7.220086
C[C@@H](NCc1cccc(O)c1N)C(=O)NCc1c[nH]c2ccccc12,4.993629,C[C@@H](NC(=O)c1cccc(O)c1N)C(=O)NCc1c[nH]c2ccccc12,4.999229
N#Cc1ccc(CNc2ccccc2-c2nc3cc(C(=O)O)ccc3o2)cn1,5.240831,N#Cc1ccc(C(=O)Nc2ccccc2-c2nc3cc(C(=O)O)ccc3o2)cn1,5.064049
FC(F)(F)c1ccc(CNC[C@@H]2Cc3ccccc3CN2Cc2ccc(-c3nnn(CC4CC4)n3)nc2)cc1,7.237111,O=C(c1ccc(-c2nnn(CC3CC3)n2)nc1)N(Cc1ccc(C(F)(F)F)cc1)C[C@@H]1Cc2ccccc2CN1,7.400748
c1cc2oc(C3CNC3)nc2cc1CNCc1cn(Cc2ccc(-c3nnn(CC4CC4)n3)cc2)nn1,7.86104,O=C(NCc1cn(Cc2ccc(-c3nnn(CC4CC4)n3)cc2)nn1)c1ccc2oc(C3CNC3)nc2c1,8.084222
C[C@@H](Nc1ccc(NCc2cccc(C=O)c2)cc1)c1ccccc1,5.214721,C[C@@H](Nc1ccc(NC(=O)c2cccc(C=O)c2)cc1)c1ccccc1,5.502066
c1cc2nc(C3CCN3)oc2cc1CNc1ccc(-c2cn(CC3CC3)cn2)cc1,8.246379,O=C(Nc1ccc(-c2cn(CC3CC3)cn2)cc1)c1ccc2nc(C3CCN3)oc2c1,6.686306
C[C@@H](NCC1CCN1c1ccc2ccccc2n1)C(=O)O,4.251678,C[C@@H](NC(=O)C1CCN1c1ccc2ccccc2n1)C(=O)O,4.635751
O=Cc1ccc(CNC2(C(=O)O)CCC2)cc1,3.177908,O=Cc1ccc(C(=O)NC2(C(=O)O)CCC2)cc1,4.304598
N#Cc1ccc(CN2CCC[C@H]2C(=O)NC2CC2)cn1,6.105875,N#Cc1ccc(C(=O)N2CCC[C@H]2C(=O)NC2CC2)cn1,6.215471
Brc1ccc(NCc2cccc(CNc3cccc4cc[nH]c34)c2)cc1,5.240259,O=C(Nc1ccc(Br)cc1)c1cccc(CNc2cccc3cc[nH]c23)c1,5.531672
c1ccc2c(c1)C[C@@H](CNCc1c[nH]c3ccccc13)N(c1ccc(NCc3ccc(-c4nnn(CC5CC5)n4)nc3)cc1)C2,7.754779,O=C(Nc1ccc(N2Cc3ccccc3C[C@H]2CNCc2c[nH]c3ccccc23)cc1)c1ccc(-c2nnn(CC3CC3)n2)nc1,7.508108
O=C(O)c1ccc(CNc2cccnc2-c2cccc(NCc3ccc(-c4nnn(CC5CC5)n4)nc3)c2)cc1,7.273636,O=C(O)c1ccc(CNc2cccnc2-c2cccc(NC(=O)c3ccc(-c4nnn(CC5CC5)n4)nc3)c2)cc1,7.366414
Nc1cc(CNCCc2c[nH]c3ccccc23)ccc1NCc1cccc(C(=O)O)c1,5.218098,Nc1cc(C(=O)NCCc2c[nH]c3ccccc23)ccc1NCc1cccc(C(=O)O)c1,5.345833
c1cc(-c2nnn(CC3CC3)n2)cc(-c2c[nH]nc2NCc2ccc3oc(C4CNC4)nc3c2)c1,8.032855,O=C(Nc1n[nH]cc1-c1cccc(-c2nnn(CC3CC3)n2)c1)c1ccc2oc(C3CNC3)nc2c1,7.888919
Nc1ccc(C2=NCCc3ccccc32)cc1NCc1ccc(-c2nnn(CC3CC3)n2)nc1,7.883778,Nc1cc(C2=NCCc3ccccc32)ccc1NC(=O)c1ccc(-c2nnn(CC3CC3)n2)nc1,7.252178
O=C(O)C1CN(Cc2ccccc2NCc2ccc(CO[C@H]3CN4CCC3CC4)cc2)C1,6.650143,O=C(Nc1ccccc1CN1CC(C(=O)O)C1)c1ccc(CO[C@H]2CN3CCC2CC3)cc1,6.706198
Nc1ccc(-c2ncccc2NCc2ccc(CO[C@H]3CN4CCC3CC4)cc2)cc1,7.162236,Nc1ccc(-c2ncccc2NC(=O)c2ccc(CO[C@H]3CN4CCC3CC4)cc2)cc1,7.328585
CC1(C)OB(c2ccc(NCc3ccc(O)c(NCC4CNC4)c3)nc2)OC1(C)C,4.919361,CC1(C)OB(c2ccc(NCc3ccc(O)c(NC(=O)C4CNC4)c3)nc2)OC1(C)C,5.343198
C[C@H](NCc1ccc2oc(-c3ccc(N)c(NCc4ccc(-c5nnn(CC6CC6)n5)nc4)c3)nc2c1)c1ccccc1,7.634437,C[C@H](NCc1ccc2oc(-c3ccc(N)c(NC(=O)c4ccc(-c5nnn(CC6CC6)n5)nc4)c3)nc2c1)c1ccccc1,7.624932
O=C(NC1CC1)c1cccc(-c2nc3cc(CN4CCC[C@H](C(=O)Nc5cccc6cc[nH]c56)C4)ccc3o2)c1,7.829393,O=C(NC1CC1)c1cccc(-c2nc3cc(C(=O)N4CCC[C@H](C(=O)Nc5cccc6cc[nH]c56)C4)ccc3o2)c1,7.578932
c1cc(-c2cc(NCC3CNC3)[nH]n2)ccc1Nc1ccc2nc(C3CCN3)oc2c1,7.773798,O=C(Nc1cc(-c2ccc(Nc3ccc4nc(C5CCN5)oc4c3)cc2)n[nH]1)C1CNC1,7.656188
N#Cc1ccc(N)c(NCc2ccc(O)c(N)c2)c1,3.841472,N#Cc1ccc(N)c(NC(=O)c2ccc(O)c(N)c2)c1,3.859656
O=C(O)C1CCN(C[C@@H]2Cc3ccccc3CN2)CC1,4.903473,O=C(O)C1CCN(C(=O)[C@@H]2Cc3ccccc3CN2)CC1,5.182614
c1cc(NCc2ccc3nc(C4CNC4)[nH]c3c2)cc(-c2ncccc2NC[C@@H]2Cc3ccccc3CN2)c1,7.964737,O=C(Nc1cccnc1-c1cccc(NCc2ccc3nc(C4CNC4)[nH]c3c2)c1)[C@@H]1Cc2ccccc2CN1,7.81599
c1cc(-c2nnn(CC3CC3)n2)ncc1CN(Cc1ccc2oc(C3CCN3)nc2c1)C12CC(C1)C2,7.570166,O=C(c1ccc(-c2nnn(CC3CC3)n2)nc1)N(Cc1ccc2oc(C3CCN3)nc2c1)C12CC(C1)C2,2.893382
O[C@@H]1CCN(c2cccc(NCC3CCN3)c2NCc2c[nH]c3ccccc23)C1,5.598434,O=C(Nc1cccc(N2CC[C@@H](O)C2)c1NCc1c[nH]c2ccccc12)C1CCN1,6.015833
O=C(NCCCO)c1ccc2nc(C3CCN3Cc3ccc4nc(C5CNC5)oc4c3)oc2c1,6.559178,O=C(NCCCO)c1ccc2nc(C3CCN3C(=O)c3ccc4nc(C5CNC5)oc4c3)oc2c1,6.385908
C[C@H](CNCCc1c[nH]c2ccccc12)NC(=O)c1cccc(-c2c[nH]cn2)c1,4.081584,C[C@@H](NC(=O)c1cccc(-c2c[nH]cn2)c1)C(=O)NCCc1c[nH]c2ccccc12,5.675137
C[C@@H](NCc1ccc2oc(-c3ccc(O)c(NCc4ccc(N)c(N)c4)c3)nc2c1)C(=O)O,5.166732,C[C@@H](NCc1ccc2oc(-c3ccc(O)c(N)c3)nc2c1)C(=O)Nc1cc(C(=O)O)ccc1N,5.18242
Nc1ccc(CN2CCC(c3nc4cc(-c5nnn(CC6CC6)n5)ccc4[nH]3)CC2)cc1O,6.744651,Nc1ccc(C(=O)N2CCC(c3nc4cc(-c5nnn(CC6CC6)n5)ccc4[nH]3)CC2)cc1O,6.980312
c1cc(-c2ccc(NCc3ccc4nc(C5CCN5)oc4c3)cc2)cc(-c2nnn(CC3CC3)n2)c1,8.104929,O=C(Nc1ccc(-c2cccc(-c3nnn(CC4CC4)n3)c2)cc1)c1ccc2nc(C3CCN3)oc2c1,5.977884
O=C1CCN(Cc2ccc3nc(C4CCN(Cc5ccc(-c6nnn(CC7CC7)n6)nc5)CC4)[nH]c3c2)C1,7.149693,O=C1CCN(Cc2ccc3nc(C4CCN(C(=O)c5ccc(-c6nnn(CC7CC7)n6)nc5)CC4)[nH]c3c2)C1,7.165456
FC(F)(F)c1ccc(CNCc2ccccc2CCl)cc1,4.755169,O=C(NCc1ccc(C(F)(F)F)cc1)c1ccccc1CCl,4.836717
O=Cc1cccc(CNc2cccc(Br)c2O)c1,3.712251,O=Cc1cccc(C(=O)Nc2cccc(Br)c2O)c1,4.01087
O=C(Nc1cccc(-c2ccc(NC[C@@H]3Cc4ccccc4CN3)cc2)c1)NC1CC1,7.939425,O=C(Nc1cccc(-c2ccc(NC(=O)[C@@H]3Cc4ccccc4CN3)cc2)c1)NC1CC1,7.46241
ClCc1ccc(CNc2ccccc2CNCCc2cn(CC3CC3)c3ccccc23)cc1,6.337867,O=C(Nc1ccccc1CNCCc1cn(CC2CC2)c2ccccc12)c1ccc(CCl)cc1,6.711501
c1cc(NCc2cccc3oc([C@H]4CCCN4)nc23)cc(-c2ccc(NC[C@@H]3Cc4ccccc4CN3)cc2)c1,7.918089,O=C(Nc1ccc(-c2cccc(NCc3cccc4oc([C@H]5CCCN5)nc34)c2)cc1)[C@@H]1Cc2ccccc2CN1,7.934178
Nc1ccc(CNc2cc(C(=O)N3CCC[C@H]3C(=O)O)ccc2N)cc1O,4.468657,Nc1ccc(C(=O)N2CCC[C@H]2C(=O)Nc2ccc(C(=O)O)cc2O)cc1N,4.544831
c1ccc2c(c1)CN[C@H](CNc1ccc(-c3nnn(CC4CC4)n3)cc1NC[C@@H]1Cc3ccccc3CN1)C2,7.710141,O=C(Nc1cc(-c2nnn(CC3CC3)n2)ccc1NC[C@@H]1Cc2ccccc2CN1)[C@@H]1Cc2ccccc2CN1,7.544006
O=Cc1ccnc(-c2ccc(NCc3ccc4nc([C@H](NCC5CCN5)c5ccccc5)oc4c3)cc2)c1,6.814533,O=Cc1ccnc(-c2ccc(NCc3ccc4nc([C@H](NC(=O)C5CCN5)c5ccccc5)oc4c3)cc2)c1,6.942189
c1cc(NC[C@@H]2Cc3ccccc3CN2)cc(-c2cc(NCc3ccc4nc(C5CCNCC5)oc4c3)[nH]n2)c1,7.973387,O=C(Nc1cc(-c2cccc(NC[C@@H]3Cc4ccccc4CN3)c2)n[nH]1)c1ccc2nc(C3CCNCC3)oc2c1,8.107488
Oc1cc(CN2CCC[C@H](O)C2)ccc1NCc1ccc(CNc2ccc(Br)cc2)cc1,5.501649,O=C(Nc1ccc(Br)cc1)c1ccc(CNc2ccc(CN3CCC[C@H](O)C3)cc2O)cc1,5.622296
O=C(Nc1ccnc2ccccc12)c1ccc2oc(C3CN(Cc4ccc(CO[C@H]5CN6CCC5CC6)cc4)C3)nc2c1,7.937883,O=C(Nc1ccnc2ccccc12)c1ccc2oc(C3CN(C(=O)c4ccc(CO[C@H]5CN6CCC5CC6)cc4)C3)nc2c1,7.864307
Oc1cc(CNc2cccc(-c3cccc4nc(C5CNC5)oc34)c2)ccc1NC[C@@H]1Cc2ccccc2CN1,7.893548,O=C(Nc1ccc(CNc2cccc(-c3cccc4nc(C5CNC5)oc34)c2)cc1O)[C@@H]1Cc2ccccc2CN1,7.8053
Nc1cccc(-c2c[nH]nc2NCc2ccc(CO[C@H]3CN4CCC3CC4)cc2)c1,6.986637,Nc1cccc(-c2c[nH]nc2NC(=O)c2ccc(CO[C@H]3CN4CCC3CC4)cc2)c1,7.102671
O=C(O)C1CCN1Cc1ccc2nc([C@@H]3CCCN3)[nH]c2c1,5.275916,O=C(O)C1CCN1C(=O)c1ccc2nc([C@@H]3CCCN3)[nH]c2c1,5.622127
Nc1ccc(-c2cccc(NCc3ccc(C(=O)NC4CC4)cc3)c2)cc1NCC1CNC1,7.941832,Nc1cc(-c2cccc(NCc3ccc(C(=O)NC4CC4)cc3)c2)ccc1NC(=O)C1CNC1,7.584072
Nc1ccc(Nc2cccc(-c3ccc(NC[C@@H]4Cc5ccccc5CN4)cc3)c2)cc1,6.981473,Nc1ccc(-c2cccc(Nc3ccc(NC(=O)[C@@H]4Cc5ccccc5CN4)cc3)c2)cc1,7.076846
c1ccc(CNCc2ccc3oc(C4CCN(Cc5ccc(-c6nnn(CC7CC7)n6)nc5)CC4)nc3c2)cc1,7.88691,O=C(c1ccc(-c2nnn(CC3CC3)n2)nc1)N(Cc1ccccc1)Cc1ccc2oc(C3CCNCC3)nc2c1,7.537988
C#CCNC(=O)Nc1ccc(-c2cccc(NCc3ccc(O)c(N)c3)c2)cc1,5.771222,C#CCNC(=O)Nc1ccc(-c2cccc(NC(=O)c3ccc(O)c(N)c3)c2)cc1,5.947474
c1ccc2c(c1)c(CCNCc1ccc3oc([C@H]4CCCN4)nc3c1)cn2CC1CC1,7.626851,O=C(NCCc1cn(CC2CC2)c2ccccc12)c1ccc2oc([C@H]3CCCN3)nc2c1,7.879811
Oc1c(Br)cccc1NC[C@H]1CCCNC1,3.697244,O=C(Nc1cccc(Br)c1O)[C@H]1CCCNC1,4.927149
O=C(NCc1ccccc1)c1ccc2oc(C3CN(Cc4ccc(-c5nnn(CC6CC6)n5)nc4)C3)nc2c1,8.039492,O=C(NCc1ccccc1)c1ccc2oc(C3CN(C(=O)c4ccc(-c5nnn(CC6CC6)n5)nc4)C3)nc2c1,7.484536
Nc1ccc(CNc2ccc(-c3ccc(NC(=O)[C@@H](N)c4ccccc4)cc3)cc2)cc1O,6.385403,Nc1ccc(-c2ccc(NC(=O)[C@@H](NC(=O)c3ccc(N)c(O)c3)c3ccccc3)cc2)cc1,5.502593
Nc1c(O)cccc1CNc1ccc(B(O)O)cc1,3.51044,Nc1c(O)cccc1C(=O)Nc1ccc(B(O)O)cc1,3.377864
Nc1ccc(CN2CC(CNc3ccccc3O)C2)cc1N,4.147738,Nc1ccc(CN2CC(C(=O)Nc3ccccc3O)C2)cc1N,4.472206
Nc1ccccc1CNCCc1c[nH]c2ccccc12,4.35701,Nc1ccccc1C(=O)NCCc1c[nH]c2ccccc12,4.625885
O=C(O)c1cccc(-c2cccc3nc(-c4cccc(-c5ccc(NC[C@@H]6Cc7ccccc7CN6)cc5)c4)oc23)c1,7.304964,O=C(O)c1cccc(-c2cccc3nc(-c4cccc(-c5ccc(NC(=O)[C@@H]6Cc7ccccc7CN6)cc5)c4)oc23)c1,7.344516
O=C(NC1CC1)c1ccc(-c2nnnn2Cc2ccc(CNC34CC(C3)C4)cc2)nc1,7.499135,O=C(NC1CC1)c1ccc(-c2nnnn2Cc2ccc(C(=O)NC34CC(C3)C4)cc2)nc1,7.189127
Fc1ccc(NC[C@@H]2Cc3ccccc3CN2)c(-c2cccc(NCc3ccc4[nH]c(C5CCN5)nc4c3)c2)n1,7.756885,O=C(Nc1ccc(F)nc1-c1cccc(NCc2ccc3[nH]c(C4CCN4)nc3c2)c1)[C@@H]1Cc2ccccc2CN1,7.61112
c1ccc(CNCc2ccc3nc(-c4ccc(CNCCc5c[nH]c6ccccc56)cc4)[nH]c3c2)cc1,6.747131,O=C(NCc1ccccc1)c1ccc2nc(-c3ccc(CNCCc4c[nH]c5ccccc45)cc3)[nH]c2c1,6.980454
c1cc(CNc2ccccc2CNC23CC(C2)C3)cc(-c2ccc3oc(C4CNC4)nc3c2)c1,7.804888,O=C(Nc1ccccc1CNC12CC(C1)C2)c1cccc(-c2ccc3oc(C4CNC4)nc3c2)c1,7.730991
COc1ccccc1CNCc1cccc(CNc2ccc(C#N)cc2N)c1,5.43688,COc1ccccc1CNCc1cccc(C(=O)Nc2cc(C#N)ccc2N)c1,5.424848
Nc1cc(CNc2cc(CNC34CC(C3)C4)ccc2O)ccc1O,5.478671,Nc1cc(C(=O)Nc2cc(CNC34CC(C3)C4)ccc2O)ccc1O,5.52413
O=C([C@@H]1CCCNC1)N1CC(N(CC2CCN2)c2ccccn2)C1,6.172181,O=C(C1CCN1)N1CCC[C@@H](C(=O)N2CC(Nc3ccccn3)C2)C1,6.943672
O=C(C1CCNCC1)N(Cc1c[nH]c2ccccc12)C1CN(C[C@@H]2Cc3ccccc3CN2)C1,6.442528,O=C([C@@H]1Cc2ccccc2CN1)N1CC(N(Cc2c[nH]c3ccccc23)C(=O)C2CCNCC2)C1,6.710693
OB(O)c1cccc(NCc2ccc3oc([C@@H]4Cc5ccccc5CN4CC4CCNCC4)nc3c2)c1,5.25804,O=C(C1CCNCC1)N(Cc1ccc2oc([C@@H]3Cc4ccccc4CN3)nc2c1)c1cccc(B(O)O)c1,5.945414
N#Cc1ccc(CNc2cc(-c3cccc(NCc4ccc(N)c(N)c4)c3)n[nH]2)cn1,5.793053,N#Cc1ccc(CNc2cc(-c3cccc(NC(=O)c4ccc(N)c(N)c4)c3)n[nH]2)cn1,6.203604
O=C(NCc1ccccc1)c1ccccc1NC[C@@H]1CCCN1,4.82024,O=C(NCc1ccccc1)c1ccccc1NC(=O)[C@@H]1CCCN1,6.21234
O=C(NCc1ccccc1)c1ccc(CN[C@@H](CNc2cccc3cc[nH]c23)c2ccccc2)cc1,5.826899,O=C(NCc1ccccc1)c1ccc(CN[C@@H](C(=O)Nc2cccc3cc[nH]c23)c2ccccc2)cc1,6.179446
O=Cc1ccc(CNc2cc(Br)n[nH]2)cc1,3.510857,O=Cc1ccc(C(=O)Nc2cc(Br)n[nH]2)cc1,4.019932
OB(O)c1ccc(NC[C@H]2CCCNC2)cc1,3.660558,O=C(Nc1ccc(B(O)O)cc1)[C@H]1CCCNC1,4.502707
c1cc(CN2CC(CNCCc3cn(CC4CC4)c4ccccc34)C2)c2nc(C3CCNCC3)oc2c1,7.485869,O=C(NCCc1cn(CC2CC2)c2ccccc12)C1CN(Cc2cccc3oc(C4CCNCC4)nc23)C1,7.66729
O=C(NC1CC1)c1ccc(O)c(NCc2cccc(-c3ccc(NC[C@@H]4Cc5ccccc5CN4)cc3)c2)c1,7.819386,O=C(NC1CC1)c1ccc(O)c(NCc2cccc(-c3ccc(NC(=O)[C@@H]4Cc5ccccc5CN4)cc3)c2)c1,7.690451
N[C@H](CN[C@H](C(=O)O)c1ccccc1)c1ccccc1,3.225705,N[C@H](C(=O)N[C@H](C(=O)O)c1ccccc1)c1ccccc1,4.37467
Oc1ccc(Br)cc1NCC1CNC1,4.368265,O=C(Nc1cc(Br)ccc1O)C1CNC1,5.034983
c1cc(NCc2ccc(Cn3ccc4cc(-c5c[nH]nc5NCC5CCN5)ccc43)cc2)c2[nH]ccc2c1,6.93523,O=C(Nc1n[nH]cc1-c1ccc2c(ccn2Cc2ccc(CNc3cccc4cc[nH]c34)cc2)c1)C1CCN1,7.132772
O=C(O)c1ccc(Cn2ccc3cccc(NCC4CCN4)c32)cc1,5.627429,O=C(O)c1ccc(Cn2ccc3cccc(NC(=O)C4CCN4)c32)cc1,6.261412
O=Cc1ccc(CNCCc2c[nH]c3ccccc23)cc1,4.381414,O=Cc1ccc(C(=O)NCCc2c[nH]c3ccccc23)cc1,4.73465
c1ccc2c(NCc3ccc4nc(-c5ccc6[nH]c(C7CCN7)nc6c5)oc4c3)ccnc2c1,7.383143,O=C(Nc1ccnc2ccccc12)c1ccc2nc(-c3ccc4[nH]c(C5CCN5)nc4c3)oc2c1,7.560539
c1ccc(CCNCc2ccc3nc(C4CN(CC5CNC5)C4)oc3c2)cc1,6.910253,O=C(C1CNC1)N(CCc1ccccc1)Cc1ccc2nc(C3CNC3)oc2c1,7.234678
C#Cc1ccc(NCc2cccc(CN3CC(=O)C3)c2)cc1,5.099938,C#Cc1ccc(NCc2cccc(C(=O)N3CC(=O)C3)c2)cc1,5.304979
Fc1ccc2oc(-c3cccc(-c4cc(NC[C@@H]5Cc6ccccc6CN5)[nH]n4)c3)nc2c1,7.722715,O=C(Nc1cc(-c2cccc(-c3nc4cc(F)ccc4o3)c2)n[nH]1)[C@@H]1Cc2ccccc2CN1,7.741695
O=C(O)c1ccc(-c2nc3cc(-c4nc5ccc(CNC67CC(C6)C7)cc5[nH]4)ccc3o2)cc1,7.333834,O=C(O)c1ccc(-c2nc3cc(-c4nc5ccc(C(=O)NC67CC(C6)C7)cc5[nH]4)ccc3o2)cc1,7.136296
O=C(O)c1ccc2nc(-c3cncc(-c4cccc(NCC5CCN5)c4)c3)oc2c1,7.079895,O=C(O)c1ccc2nc(-c3cncc(-c4cccc(NC(=O)C5CCN5)c4)c3)oc2c1,6.962835
Nc1ccc(CNc2ccccc2CN2CCC2CNc2ccc(C(=O)O)cc2O)cc1N,5.0046,Nc1ccc(C(=O)Nc2ccccc2CN2CCC2CNc2ccc(C(=O)O)cc2O)cc1N,5.293292
Nc1ccc(C(=O)Nc2ccc(Br)cc2)cc1NCc1ccc2[nH]c(C3CCN3)nc2c1,7.068257,Nc1cc(C(=O)Nc2ccc(Br)cc2)ccc1NC(=O)c1ccc2[nH]c(C3CCN3)nc2c1,6.755282
O=C(c1cccc(F)n1)N1CCC(CNc2cccc(B(O)O)c2)CC1,4.119686,O=C(Nc1cccc(B(O)O)c1)C1CCN(C(=O)c2cccc(F)n2)CC1,4.77952
c1ccc(C[C@@H](CNc2ccnc3ccccc23)NCc2ccc3nc(-c4ccc(CO[C@H]5CN6CCC5CC6)cc4)oc3c2)cc1,7.598282,O=C(Nc1ccnc2ccccc12)[C@H](Cc1ccccc1)NCc1ccc2nc(-c3ccc(CO[C@H]4CN5CCC4CC5)cc3)oc2c1,7.670416
c1cc(NCC2CNC2)cc(-c2ccc3nc(-c4ccc(CNC56CC(C5)C6)cc4)[nH]c3c2)c1,8.028552,O=C(Nc1cccc(-c2ccc3nc(-c4ccc(CNC56CC(C5)C6)cc4)[nH]c3c2)c1)C1CNC1,7.890392
O=C(Nc1cccc2ccn(Cc3ccc(-c4nnn(CC5CC5)n4)cc3)c12)C1CCN1CC1CCN1,7.954099,O=C(Nc1cccc2ccn(Cc3ccc(-c4nnn(CC5CC5)n4)cc3)c12)C1CCN1C(=O)C1CCN1,7.894227
Nc1cc(CNc2cccnc2Br)ccc1O,3.525252,Nc1cc(C(=O)Nc2cccnc2Br)ccc1O,3.871523
Nc1ccc(CNCCN2CCNCC2)cc1N,3.216513,Nc1ccc(C(=O)NCCN2CCNCC2)cc1N,3.785401
Nc1cc(CN(Cc2ccc(NC(=O)C3CCN3C3CNC3)c(O)c2)c2ccnc3ccccc23)ccc1O,5.938801,Nc1cc(C(=O)N(Cc2ccc(NC(=O)C3CCN3C3CNC3)c(O)c2)c2ccnc3ccccc23)ccc1O,6.042797
O=C(NC12CC(C1)C2)c1ccc(Cn2cc(CNCc3ccccc3CO[C@H]3CN4CCC3CC4)c3ccccc32)cc1,7.668591,O=C(NC12CC(C1)C2)c1ccc(Cn2cc(CNC(=O)c3ccccc3CO[C@H]3CN4CCC3CC4)c3ccccc32)cc1,7.817278
C[C@H](NCc1ccc(O)c(NCc2ccccc2NC(=O)c2ccc(CO[C@H]3CN4CCC3CC4)cc2)c1)c1ccccc1,7.288188,C[C@H](NC(=O)c1ccc(O)c(NCc2ccccc2NC(=O)c2ccc(CO[C@H]3CN4CCC3CC4)cc2)c1)c1ccccc1,7.489109
N#Cc1ccc(CNCCc2ccccc2Nc2cccc3cc[nH]c23)cn1,4.608124,N#Cc1ccc(C(=O)NCCc2ccccc2Nc2cccc3cc[nH]c23)cn1,4.993715
O=C(O)c1cccc(-c2nc3cc(CNC4CC4)ccc3[nH]2)c1,4.420806,O=C(O)c1ccc2[nH]c(-c3cccc(C(=O)NC4CC4)c3)nc2c1,6.524006
Nc1ccc(N2CCC[C@H]2CNc2ccc(-c3cc(NC(=O)C4CNC4)[nH]n3)cn2)cc1N,7.310536,Nc1ccc(N2CCC[C@H]2C(=O)Nc2ccc(-c3cc(NC(=O)C4CNC4)[nH]n3)cn2)cc1N,6.627159
C[C@H](NCC1CN(Cc2ccc(-c3cncc(C#N)c3)cc2)C1)c1ccccc1,6.270006,C[C@H](NC(=O)C1CN(Cc2ccc(-c3cncc(C#N)c3)cc2)C1)c1ccccc1,6.345104
c1ccc2c(c1)CN[C@H](CN1CCC[C@H](c3nc4ccc(NCCc5cn(CC6CC6)c6ccccc56)cc4o3)C1)C2,7.602078,O=C([C@@H]1Cc2ccccc2CN1)N(CCc1cn(CC2CC2)c2ccccc12)c1ccc2nc([C@H]3CCCNC3)oc2c1,7.606987
Cc1cc(-c2ccccc2C#N)cnc1NCc1ccc(-c2nnn(CC3CC3)n2)nc1,7.363563,Cc1cc(-c2ccccc2C#N)cnc1NC(=O)c1ccc(-c2nnn(CC3CC3)n2)nc1,7.125026
O=C(c1ccc2c(c1)nc(C1CCN1)n2CC1CC1)N1CC(CNc2cc(Br)n[nH]2)C1,5.065573,O=C(Nc1cc(Br)n[nH]1)C1CN(C(=O)c2ccc3c(c2)nc(C2CCN2)n3CC2CC2)C1,4.599255
O=C(NC1CC1)c1cccc(-c2nc3cc(CNC4(C(=O)N5CCC5C(=O)O)CCC4)ccc3o2)c1,7.213347,O=C(NC1CC1)c1cccc(-c2nc3cc(C(=O)NC4(C(=O)N5CCC5C(=O)O)CCC4)ccc3o2)c1,6.914871
O=Cc1cccc(CN2CC(CO)C2)c1,3.001024,O=Cc1cccc(C(=O)N2CC(CO)C2)c1,3.484861
Oc1cccc(CN2CCN(C[C@@H]3Cc4ccccc4CN3)CC2)c1NCc1ccc(-c2nnn(CC3CC3)n2)nc1,7.358045,O=C([C@@H]1Cc2ccccc2CN1)N(Cc1ccc(-c2nnn(CC3CC3)n2)nc1)c1c(O)cccc1CN1CCNCC1,6.823637
Fc1cccc(CNCCc2ccccc2Br)n1,4.017108,O=C(NCCc1ccccc1Br)c1cccc(F)n1,4.382135
OB(O)c1cccc(NCC2CN(Cc3c[nH]c4ccccc34)C2)c1,4.196716,O=C(Nc1cccc(B(O)O)c1)C1CN(Cc2c[nH]c3ccccc23)C1,4.512671
C[C@@H](NC(=O)c1ccc2oc(C3CCN3Cc3ccc(-c4nnn(CC5CC5)n4)nc3)nc2c1)c1ccccc1,7.753023,C[C@@H](NC(=O)c1ccc2oc(C3CCN3C(=O)c3ccc(-c4nnn(CC5CC5)n4)nc3)nc2c1)c1ccccc1,7.189157
COc1ccc2[nH]c([C@H]3CCCN3C(=O)C3CN(Cc4ccc(-c5nnn(CC6CC6)n5)nc4)C3)nc2c1,7.329243,COc1ccc2[nH]c([C@H]3CCCN3C(=O)C3CN(C(=O)c4ccc(-c5nnn(CC6CC6)n5)nc4)C3)nc2c1,6.619193
Cc1cc(-c2ccc(N)cc2)cnc1NCC1CCN1,6.700364,Cc1cc(-c2ccc(N)cc2)cnc1NC(=O)C1CCN1,6.569442
N#Cc1ccc(CNc2ccc(Nc3ccccc3C(=O)O)cc2)cn1,4.824652,N#Cc1ccc(C(=O)Nc2ccc(Nc3ccccc3C(=O)O)cc2)cn1,5.069207
Brc1ccc2nc(-c3cccc(-c4ncccc4NCC4CCN4)c3)oc2c1,6.842267,O=C(Nc1cccnc1-c1cccc(-c2nc3ccc(Br)cc3o2)c1)C1CCN1,5.705966
O=C(NCCc1cn(CC2CC2)c2ccccc12)c1ccccc1NCC1CCN1,7.462634,O=C(NCCc1cn(CC2CC2)c2ccccc12)c1ccccc1NC(=O)C1CCN1,7.782845
O=C(N[C@@H]1CCCC[C@H]1O)C1CN(Cc2ccc3nc(-c4ccc(NCC5CCN5)c(O)c4)oc3c2)C1,6.898188,O=C(N[C@@H]1CCCC[C@H]1O)C1CN(Cc2ccc3nc(-c4ccc(NC(=O)C5CCN5)c(O)c4)oc3c2)C1,6.812787
O=C(Nc1cc(Nc2ccc(-c3cccc(NCC4CCN4)c3)cc2O)n[nH]1)Nc1ccnc2ccccc12,7.578286,O=C(Nc1cc(Nc2ccc(-c3cccc(NC(=O)C4CCN4)c3)cc2O)n[nH]1)Nc1ccnc2ccccc12,7.632358
Nc1ccc(CNCCc2ccccc2-c2ccc(F)c(C(=O)O)c2)cc1N,4.421041,NCCc1ccccc1-c1ccc(F)c(C(=O)Nc2cc(C(=O)O)ccc2N)c1,4.712648
Cc1cc(-c2ccc(NCc3ccc(C#N)nc3)nc2)cnc1NCc1ccc2nc(C3CNC3)oc2c1,7.436154,Cc1cc(-c2ccc(NC(=O)c3ccc(C#N)nc3)nc2)cnc1NCc1ccc2nc(C3CNC3)oc2c1,7.229833
C[C@H](NC(=O)[C@H](NCc1ccc(N)c(O)c1)c1ccccc1)c1ccccc1,4.609275,C[C@H](NC(=O)[C@H](NC(=O)c1ccc(N)c(O)c1)c1ccccc1)c1ccccc1,4.848004
OC[C@H]1CCCN1CC1(Nc2nc3ccccc3[nH]2)CCC1,3.678569,O=C(N1CCC[C@@H]1CO)C1(Nc2nc3ccccc3[nH]2)CCC1,4.507841
O=C(Nc1ccccc1CNc1ccc(B(O)O)cc1)C1CNC1,5.361934,O=C(Nc1ccc(B(O)O)cc1)c1ccccc1NC(=O)C1CNC1,5.686366
c1ccc2c(N(Cc3ccc(CO[C@H]4CN5CCC4CC5)cc3)Cc3ccc4nc(C5CNC5)oc4c3)ccnc2c1,7.966628,O=C(c1ccc(CO[C@H]2CN3CCC2CC3)cc1)N(Cc1ccc2nc(C3CNC3)oc2c1)c1ccnc2ccccc12,8.068487
C[C@H](Nc1ccc(NCc2ccc(N)c(O)c2)cc1)c1ccccc1,5.131417,C[C@H](Nc1ccc(NC(=O)c2ccc(N)c(O)c2)cc1)c1ccccc1,5.362204
Brc1ccc(NCc2ccc3oc(C4CN(Cc5ccccc5)C4)nc3c2)cc1,6.3182,O=C(Nc1ccc(Br)cc1)c1ccc2oc(C3CN(Cc4ccccc4)C3)nc2c1,6.453813
N#Cc1cccc(Cn2cc(CNCc3ccc(-c4nnn(CC5CC5)n4)nc3)c3ccccc32)c1,7.118437,N#Cc1cccc(Cn2cc(CNC(=O)c3ccc(-c4nnn(CC5CC5)n4)nc3)c3ccccc32)c1,7.38531
c1ccc2c(c1)CN[C@H](CNC1(c3nc4cc(-c5cn(CC6CC6)nn5)ccc4[nH]3)CCC1)C2,7.865677,O=C(NC1(c2nc3cc(-c4cn(CC5CC5)nn4)ccc3[nH]2)CCC1)[C@@H]1Cc2ccccc2CN1,7.789562
C[C@@H](NC(=O)c1ccc(Nc2ccc(NCc3ccc(-c4nnn(CC5CC5)n4)nc3)cc2)c(N)c1)c1ccccc1,7.525045,C[C@@H](NC(=O)c1ccc(Nc2ccc(N)cc2)c(NC(=O)c2ccc(-c3nnn(CC4CC4)n3)nc2)c1)c1ccccc1,6.203245
Nc1ccc(CNCc2cnnn2Cc2ccc(C(=O)O)cc2)cc1O,4.272251,NCc1cnnn1Cc1ccc(C(=O)Nc2ccc(C(=O)O)cc2O)cc1,4.302396
O=Cc1ccnc(-c2cccc(NCC3CNC3)c2)c1,5.95664,O=Cc1ccnc(-c2cccc(NC(=O)C3CNC3)c2)c1,6.7913
O=C(O)c1cccc(N(C[C@@H]2Cc3ccccc3CN2)c2c(O)cccc2C(=O)O)n1,4.706219,O=C(O)c1cccc(N(C(=O)[C@@H]2Cc3ccccc3CN2)c2c(O)cccc2C(=O)O)n1,4.799215
O=C(Nc1ccc(B(O)O)cc1)C1(NCc2ccc(F)cc2)CCC1,4.801271,O=C(NC1(C(=O)Nc2ccc(B(O)O)cc2)CCC1)c1ccc(F)cc1,4.87015
O=C(Nc1ccc(Br)cc1)c1cccc(O)c1NCC1CCN1,5.673925,O=C(Nc1ccc(Br)cc1)c1cccc(O)c1NC(=O)C1CCN1,6.002098
Cc1cc(Nc2cccc(B(O)O)c2)cnc1NCc1ccc(N)c(N)c1,4.012717,Cc1cc(Nc2cccc(B(O)O)c2)cnc1NC(=O)c1ccc(N)c(N)c1,4.076705
c1ccc2c(c1)CN[C@H](CNCc1cn(Cc3ccc(-c4nc5ccc(Nc6ccnc7ccccc67)cc5o4)cc3)c3ccccc13)C2,7.236386,O=C(NCc1cn(Cc2ccc(-c3nc4ccc(Nc5ccnc6ccccc56)cc4o3)cc2)c2ccccc12)[C@@H]1Cc2ccccc2CN1,7.396685
Brc1cc(CNc2ccc(-c3ccc(NCC4CNC4)cc3)cc2)ccn1,6.829649,O=C(Nc1ccc(-c2ccc(NCc3ccnc(Br)c3)cc2)cc1)C1CNC1,7.19424
Nc1ccc(CNc2nc(Br)cs2)cc1N,2.854285,Nc1ccc(C(=O)Nc2nc(Br)cs2)cc1N,3.429928
N[C@@H](CNc1cccc(Nc2cccc(B(O)O)c2)c1O)c1ccccc1,3.90417,N[C@@H](C(=O)Nc1cccc(Nc2cccc(B(O)O)c2)c1O)c1ccccc1,4.395556
c1ccc2c(c1)CN[C@H](c1nc3ccc(CNc4ccc(-c5ccc(NCC6CCN6)cc5)cc4)cc3o1)C2,7.940753,O=C(Nc1ccc(-c2ccc(NCc3ccc4nc([C@@H]5Cc6ccccc6CN5)oc4c3)cc2)cc1)C1CCN1,7.869221
CC1(C)OB(c2ccc(NCc3ccc(-c4nnn(CC5CC5)n4)nc3)nc2)OC1(C)C,5.958735,CC1(C)OB(c2ccc(NC(=O)c3ccc(-c4nnn(CC5CC5)n4)nc3)nc2)OC1(C)C,6.10472
O=C(O)[C@H](Cc1c[nH]c2ccccc12)NCc1ccc(F)cc1,3.688512,O=C(N[C@@H](Cc1c[nH]c2ccccc12)C(=O)O)c1ccc(F)cc1,3.952091
O=Cc1cncc(-c2cccc(NCc3ccc(-c4nnn(CC5CC5)n4)nc3)c2)c1,7.305487,O=Cc1cncc(-c2cccc(NC(=O)c3ccc(-c4nnn(CC5CC5)n4)nc3)c2)c1,7.128598
Oc1c(Br)cccc1NCC1CCN1,4.992484,O=C(Nc1cccc(Br)c1O)C1CCN1,5.322282
c1cc(NC[C@H](Cc2c[nH]c3ccccc23)NCc2ccc3nc(-c4ccc(CO[C@H]5CN6CCC5CC6)cc4)oc3c2)c2[nH]ccc2c1,7.43737,O=C(N[C@H](CNc1cccc2cc[nH]c12)Cc1c[nH]c2ccccc12)c1ccc2nc(-c3ccc(CO[C@H]4CN5CCC4CC5)cc3)oc2c1,7.540832
N#Cc1ccc(CNc2cccc(-c3cn(CC4CC4)nn3)c2C(=O)O)cn1,6.147463,N#Cc1ccc(C(=O)Nc2cccc(-c3cn(CC4CC4)nn3)c2C(=O)O)cn1,5.836098
Brc1cc(N(Cc2ccc(-c3nnn(CC4CC4)n3)nc2)CC2CCN2)[nH]n1,6.951852,O=C(C1CCN1)N(Cc1ccc(-c2nnn(CC3CC3)n2)nc1)c1cc(Br)n[nH]1,7.013343
c1ccc2c(NCC3CCN3)ccnc2c1,6.253923,O=C(Nc1ccnc2ccccc12)C1CCN1,6.991899
O=Cc1cccc(-c2nc3ccc(C(=O)N4CCC(CNc5ccccn5)CC4)cc3[nH]2)c1,6.366292,O=Cc1cccc(-c2nc3ccc(C(=O)N4CCC(C(=O)Nc5ccccn5)CC4)cc3[nH]2)c1,6.810804
O=C(NCc1ccccc1)c1ccc(NCC2CCN2)c(O)c1,6.931613,O=C(NCc1ccccc1)c1ccc(NC(=O)C2CCN2)c(O)c1,6.776466
Nc1cc(CNc2ccc(N3CCC3C(=O)O)cc2)ccc1O,4.992576,Nc1cc(C(=O)Nc2ccc(N3CCC3C(=O)O)cc2)ccc1O,5.184578
O=C(c1ccccc1NCc1ccc2nc([C@@H]3CCCN3)oc2c1)N1CCC[C@@H]1CO,5.904558,O=C(Nc1ccccc1C(=O)N1CCC[C@@H]1CO)c1ccc2nc([C@@H]3CCCN3)oc2c1,6.184919
Nc1ccccc1CNc1cc(Br)n[nH]1,3.253114,Nc1ccccc1C(=O)Nc1cc(Br)n[nH]1,3.655412
c1cc(CNc2ccc(-c3c[nH]cn3)cc2)cc(-c2ccc(NC[C@@H]3Cc4ccccc4CN3)cc2)c1,7.3918,O=C(Nc1ccc(-c2cccc(CNc3ccc(-c4c[nH]cn4)cc3)c2)cc1)[C@@H]1Cc2ccccc2CN1,7.528282
N#Cc1ccc(N)c(NC(=O)c2ccc3nc([C@H](NC[C@@H]4Cc5ccccc5CN4)c4ccccc4)oc3c2)c1,6.43611,N#Cc1ccc(N)c(NC(=O)c2ccc3nc([C@H](NC(=O)[C@@H]4Cc5ccccc5CN4)c4ccccc4)oc3c2)c1,6.326578
Nc1cc(-c2nnn(Cc3ccccc3CNC34CC(C3)C4)n2)ccc1O,5.846641,Nc1cc(-c2nnn(Cc3ccccc3C(=O)NC34CC(C3)C4)n2)ccc1O,6.034529
Nc1cc(CNc2ccc(-c3ccc(CNc4cc(-c5nnn(CC6CC6)n5)ccc4O)cc3)cc2)ccc1O,7.202789,Nc1cc(C(=O)Nc2ccc(-c3ccc(CNc4cc(-c5nnn(CC6CC6)n5)ccc4O)cc3)cc2)ccc1O,7.301008
O=C(O)c1cccc(O)c1NCc1ccc(CCl)cc1,3.252757,O=C(Nc1c(O)cccc1C(=O)O)c1ccc(CCl)cc1,3.618883
O=C(O)C1CCN1c1c[nH]nc1NC[C@@H]1Cc2ccccc2CN1,5.519036,O=C(O)C1CCN1c1c[nH]nc1NC(=O)[C@@H]1Cc2ccccc2CN1,5.717885
O=C(NCCc1c[nH]c2ccccc12)[C@@H](Cc1c[nH]c2ccccc12)NC[C@@H]1Cc2ccccc2CN1,6.413917,O=C(N[C@H](Cc1c[nH]c2ccccc12)C(=O)NCCc1c[nH]c2ccccc12)[C@@H]1Cc2ccccc2CN1,6.554793
O=C(NCc1ccccc1)C1(NCc2ccc3nc(C4CNC4)oc3c2)CCC1,7.670471,O=C(NC1(C(=O)NCc2ccccc2)CCC1)c1ccc2nc(C3CNC3)oc2c1,7.475438
C[C@H](NCc1ccc(N)c(N)c1)C(=O)Nc1cccc(-c2ccc(NCC3CCN3)cc2)c1,6.725691,C[C@H](NCc1ccc(N)c(N)c1)C(=O)Nc1cccc(-c2ccc(NC(=O)C3CCN3)cc2)c1,6.834141
c1ccc2c(CCNCC3CN(Cc4ccc5oc(-c6ccc(CO[C@H]7CN8CCC7CC8)cc6)nc5c4)C3)c[nH]c2c1,7.78784,O=C(c1ccc2oc(-c3ccc(CO[C@H]4CN5CCC4CC5)cc3)nc2c1)N(CCc1c[nH]c2ccccc12)CC1CNC1,7.784493
Oc1cccc(CNCC2CN(Cc3ccc4oc(-c5ccc(CO[C@H]6CN7CCC6CC7)cc5)nc4c3)C2)c1,7.511406,O=C(NCc1cccc(O)c1)C1CN(Cc2ccc3oc(-c4ccc(CO[C@H]5CN6CCC5CC6)cc4)nc3c2)C1,7.624455
Fc1ccc(CNCCc2ccccc2)cc1,4.467844,O=C(NCCc1ccccc1)c1ccc(F)cc1,4.521406
O=C(NCCc1cn(CC2CC2)c2ccccc12)c1ccccc1Cn1cc(CNCC2CCN2)c2ccccc21,7.603545,O=C(NCCc1cn(CC2CC2)c2ccccc12)c1ccccc1Cn1cc(CNC(=O)C2CCN2)c2ccccc21,7.831475
O=C(O)c1ccc2nc(-c3cccc(CNc4ccccn4)c3)oc2c1,5.675839,O=C(O)c1ccc2nc(-c3cccc(C(=O)Nc4ccccn4)c3)oc2c1,5.916572
Nc1ccc(CN2CC(CNc3cc(-c4cccc(NCC5CNC5)c4)ccc3O)C2)cc1O,6.614162,Nc1ccc(C(=O)N(CC2CNC2)c2cc(-c3cccc(NCC4CNC4)c3)ccc2O)cc1O,6.252127
Nc1cc(CNCc2ccc(C(F)(F)F)cc2)ccc1O,4.596958,Nc1cc(C(=O)NCc2ccc(C(F)(F)F)cc2)ccc1O,4.948696
Nc1ccc(CNc2cc(-c3nnnn3CC(=O)c3ccc4c(c3)NC(=O)C4)ccc2O)cc1N,5.920971,Nc1ccc(C(=O)Nc2cc(-c3nnnn3CC(=O)c3ccc4c(c3)NC(=O)C4)ccc2O)cc1N,5.93817
C[C@H](NCc1ccccc1N)c1ccccc1,3.906758,C[C@H](NC(=O)c1ccccc1N)c1ccccc1,4.383982
C#CCNCc1ccc(N)c(O)c1,3.10213,C#CCNC(=O)c1ccc(N)c(O)c1,3.111081
Nc1ccccc1CNc1n[nH]cc1-c1cccc(NCc2ccc(-c3nnn(CC4CC4)n3)nc2)c1,7.261824,Nc1cccc(-c2c[nH]nc2NCc2ccccc2NC(=O)c2ccc(-c3nnn(CC4CC4)n3)nc2)c1,6.995635
Nc1ccc(-c2cccc(NCc3ccc(CO[C@H]4CN5CCC4CC5)cc3)c2)cc1,7.709833,Nc1ccc(-c2cccc(NC(=O)c3ccc(CO[C@H]4CN5CCC4CC5)cc3)c2)cc1,7.862263
Nc1ccc(CNc2cccc(-c3c[nH]cn3)c2)cc1O,4.371629,Nc1ccc(C(=O)Nc2cccc(-c3c[nH]cn3)c2)cc1O,4.75559
ClCc1ccc(CNCCc2ccncc2)cc1,4.163239,O=C(NCCc1ccncc1)c1ccc(CCl)cc1,4.327868
Nc1cc(CN[C@@H](c2ccccc2)c2nc3ccc(C(=O)O)cc3o2)ccc1O,4.646244,N[C@@H](c1ccccc1)c1nc2ccc(C(=O)Nc3cc(C(=O)O)ccc3O)cc2o1,5.595369
Nc1ccc(CNc2cc(CNc3ccc(Br)cc3)ccc2O)cc1O,4.735198,Nc1ccc(C(=O)Nc2cc(CNc3ccc(Br)cc3)ccc2O)cc1O,4.815311
O=C(Nc1cc(-c2cccc(NCC3CNC3)c2)ccc1O)Nc1ccnc2ccccc12,7.453742,O=C(Nc1cc(-c2cccc(NC(=O)C3CNC3)c2)ccc1O)Nc1ccnc2ccccc12,7.513427
Oc1cc(-c2nc3cccc(Br)c3o2)ccc1NCc1ccc2nc(C3CNC3)oc2c1,7.232699,O=C(Nc1ccc(-c2nc3cccc(Br)c3o2)cc1O)c1ccc2nc(C3CNC3)oc2c1,6.869879
OB(O)c1ccc(NCc2cccc(F)n2)cc1,3.421555,O=C(Nc1ccc(B(O)O)cc1)c1cccc(F)n1,3.644608
c1cc(NCc2ccc3nc(C4CNC4)[nH]c3c2)cc(-c2ccccc2CCNC[C@@H]2Cc3ccccc3CN2)c1,7.883315,O=C(NCCc1ccccc1-c1cccc(NCc2ccc3nc(C4CNC4)[nH]c3c2)c1)[C@@H]1Cc2ccccc2CN1,7.952004
O=C(Nc1cccc2cc[nH]c12)[C@@H](NCC1CCN1)c1ccccc1,6.057045,O=C(N[C@H](C(=O)Nc1cccc2cc[nH]c12)c1ccccc1)C1CCN1,6.39995
c1cc(NCc2ccc3oc(C4CNC4)nc3c2)c2[nH]ccc2c1,7.131688,O=C(Nc1cccc2cc[nH]c12)c1ccc2oc(C3CNC3)nc2c1,7.182576
c1cc(NCc2cn(CC3CC3)c3ccccc23)nc(-c2nc3ccc(CNC45CC(C4)C5)cc3o2)c1,8.082089,O=C(NC12CC(C1)C2)c1ccc2nc(-c3cccc(NCc4cn(CC5CC5)c5ccccc45)n3)oc2c1,8.111366
Nc1ccc(CNCCc2ccncc2)cc1N,3.884196,Nc1ccc(C(=O)NCCc2ccncc2)cc1N,4.373373
c1cc(COC[C@@H]2CCCN2C[C@@H]2Cc3ccccc3CN2)cc(-c2nnn(CC3CC3)n2)c1,7.79531,O=C([C@@H]1Cc2ccccc2CN1)N1CCC[C@H]1COCc1cccc(-c2nnn(CC3CC3)n2)c1,7.832625
Nc1cccc(-c2ccc(NCc3ccccc3NC[C@@H]3Cc4ccccc4CN3)cc2)c1,6.655535,Nc1cccc(-c2ccc(NCc3ccccc3NC(=O)[C@@H]3Cc4ccccc4CN3)cc2)c1,6.904166
Nc1cccc(-c2cccc3nc(C4CCN4CC4CNC4)oc23)c1,6.000056,Nc1cccc(-c2cccc3nc(C4CCN4C(=O)C4CNC4)oc23)c1,6.754505
Nc1ccccc1CNc1cc(-c2cccc(C(=O)NCc3cn(CC4CC4)c4ccccc34)c2)n[nH]1,7.483284,Nc1ccccc1C(=O)Nc1cc(-c2cccc(C(=O)NCc3cn(CC4CC4)c4ccccc34)c2)n[nH]1,7.663043
O=C(Nc1cc(-c2cccc(NCc3ccc4nc([C@H]5CCCN5)[nH]c4c3)c2)n[nH]1)C1CNC1,8.116368,O=C(Nc1cccc(-c2cc(NC(=O)C3CNC3)[nH]n2)c1)c1ccc2nc([C@H]3CCCN3)[nH]c2c1,7.915061
N#Cc1ccc(CN2Cc3ccccc3C[C@H]2C(=O)Nc2ccccn2)cn1,5.790927,N#Cc1ccc(C(=O)N2Cc3ccccc3C[C@H]2C(=O)Nc2ccccn2)cn1,5.681389
c1ccc2c(c1)c(CCNCc1ccc3nc(C4CCN4)oc3c1)cn2CC1CC1,7.815932,O=C(NCCc1cn(CC2CC2)c2ccccc12)c1ccc2nc(C3CCN3)oc2c1,8.022003
Nc1ccc(CNc2ccc(-c3cccc(-c4nnn(CC5CC5)n4)c3)cc2O)cc1N,6.619952,Nc1ccc(C(=O)Nc2ccc(-c3cccc(-c4nnn(CC5CC5)n4)c3)cc2O)cc1N,6.643905
Cc1cc(N[C@H](C)c2ccccc2)cnc1NCc1ccc2nc(C3CNC3)oc2c1,7.50504,Cc1cc(N[C@H](C)c2ccccc2)cnc1NC(=O)c1ccc2nc(C3CNC3)oc2c1,7.461864
c1cc(-c2c[nH]cn2)cc(N(CC2CCN2)c2cc(CNC34CC(C3)C4)ccn2)c1,6.649558,O=C(C1CCN1)N(Cc1ccnc(Nc2cccc(-c3c[nH]cn3)c2)c1)C12CC(C1)C2,6.636706
Nc1ccc(CNc2ccc(-c3cccc(N)c3N)cc2)cc1O,4.804361,Nc1ccc(-c2cccc(N)c2NC(=O)c2ccc(N)c(O)c2)cc1,4.315502
O=C(O)c1ccccc1NCc1cccc(F)n1,3.658887,O=C(Nc1ccccc1C(=O)O)c1cccc(F)n1,3.768595
Nc1cc(CNC23CC(C2)C3)ccc1NCc1ccc2nc(-c3ccc4nc(C5CCN5)[nH]c4c3)oc2c1,7.750422,Nc1cc(C(=O)NC23CC(C2)C3)ccc1NCc1ccc2nc(-c3ccc4nc(C5CCN5)[nH]c4c3)oc2c1,7.514093
Nc1ccccc1-c1nc2c(CNc3ccc(C(=O)O)cc3O)cccc2o1,5.036917,Nc1ccc(C(=O)Nc2ccccc2-c2nc3c(C(=O)O)cccc3o2)cc1O,4.556202
O=C(Nc1ccc(-c2ccc(NCc3ccc(-c4nnn(CC5CC5)n4)nc3)cc2)cc1)C1CCNCC1,7.95115,O=C(Nc1ccc(-c2ccc(NC(=O)C3CCNCC3)cc2)cc1)c1ccc(-c2nnn(CC3CC3)n2)nc1,6.254627
O=C(Nc1ccnc2ccccc12)[C@H]1CCCN1Cc1ccc2oc(C3CNC3)nc2c1,7.926819,O=C(Nc1ccnc2ccccc12)[C@H]1CCCN1C(=O)c1ccc2oc(C3CNC3)nc2c1,7.454778
Nc1cc(-c2nc3c(C(=O)NC4CC4)cccc3o2)ccc1NC[C@H](N)c1ccccc1,6.686335,Nc1cc(-c2nc3c(C(=O)NC4CC4)cccc3o2)ccc1NC(=O)[C@H](N)c1ccccc1,7.085166
OB(O)c1cccc(NCc2cccnc2)c1,3.119948,O=C(Nc1cccc(B(O)O)c1)c1cccnc1,3.254261
O=C(Nc1ccccc1CNCCc1cn(Cc2ccc(CN3CCNCC3)cc2)c2ccccc12)NC1CC1,6.726207,O=C(Nc1ccccc1C(=O)NCCc1cn(Cc2ccc(CN3CCNCC3)cc2)c2ccccc12)NC1CC1,6.829273
Nc1cc(CNc2cc(Br)n[nH]2)ccc1O,3.39717,Nc1cc(C(=O)Nc2cc(Br)n[nH]2)ccc1O,3.823241
c1cc(CNc2cccc3ccn(CC4CC4)c23)cc(-c2ccc(NCC3CCN3)cc2)c1,7.871454,O=C(Nc1ccc(-c2cccc(CNc3cccc4ccn(CC5CC5)c34)c2)cc1)C1CCN1,7.989897
Nc1cc(CNc2ccc(-c3cnc(F)nc3)cc2)ccc1O,5.412879,Nc1cc(C(=O)Nc2ccc(-c3cnc(F)nc3)cc2)ccc1O,5.838647
O=C(Nc1cc(CNC23CC(C2)C3)ccc1O)c1ccc(-c2nnn(CC3CC3)n2)nc1,7.276961,O=C(Nc1cc(C(=O)NC23CC(C2)C3)ccc1O)c1ccc(-c2nnn(CC3CC3)n2)nc1,6.795105
O=C(NC12CC(C1)C2)c1ccc(N(Cc2ccccc2)Cc2ccc3oc(C4CNC4)nc3c2)cc1,7.526992,O=C(NC12CC(C1)C2)c1ccc(N(Cc2ccccc2)C(=O)c2ccc3oc(C4CNC4)nc3c2)cc1,7.266724
Nc1ccc(CNc2ccc(Br)cc2O)cc1O,3.487077,Nc1ccc(C(=O)Nc2ccc(Br)cc2O)cc1O,3.654685
O=C(O)[C@@H]1Cc2ccccc2CN1CC1CNC1,4.812612,O=C(O)C1CN(C(=O)[C@@H]2Cc3ccccc3CN2)C1,5.686424
N#Cc1ccc(CNc2ccc(Nc3cccc(B(O)O)c3)cc2)cn1,4.226013,N#Cc1ccc(C(=O)Nc2ccc(Nc3cccc(B(O)O)c3)cc2)cn1,4.50491
Nc1ccc(C(=O)O)cc1NCc1cc(B(O)O)ccc1F,3.391174,Nc1cc(C(=O)O)ccc1NC(=O)c1cc(B(O)O)ccc1F,3.335792
N#Cc1ccc(CN[C@@H](C(=O)N2CCC(C(=O)O)CC2)c2ccccc2)cn1,4.435138,N#Cc1ccc(C(=O)N[C@@H](C(=O)N2CCC(C(=O)O)CC2)c2ccccc2)cn1,4.511063
C[C@@H](NCc1ccc(NC(=O)c2ccc(O)c(N)c2)c(O)c1)c1ccccc1,5.125505,C[C@@H](NC(=O)c1ccc(NC(=O)c2ccc(O)c(N)c2)c(O)c1)c1ccccc1,5.277755
Nc1ccc(CNc2cccnc2Br)cc1O,3.394768,Nc1ccc(C(=O)Nc2cccnc2Br)cc1O,3.780519
Nc1ccc(CNc2ccc(C(=O)O)cc2NC2CNC2)cc1O,4.65482,Nc1ccc(C(=O)Nc2ccc(C(=O)O)cc2NC2CNC2)cc1O,4.532775
Fc1cccc(CNc2cccc3cc[nH]c23)n1,4.185479,O=C(Nc1cccc2cc[nH]c12)c1cccc(F)n1,4.650568
N[C@@H](CNc1ccc(C(=O)O)cc1O)c1ccccc1,3.890516,N[C@@H](C(=O)Nc1ccc(C(=O)O)cc1O)c1ccccc1,4.400882
Nc1ccc(CNCCc2c[nH]c3ccccc23)cc1O,4.221194,Nc1ccc(C(=O)NCCc2c[nH]c3ccccc23)cc1O,4.731896
N#Cc1cccc(Cn2ccc3cccc(NCc4ccc(N)c(O)c4)c32)c1,4.50563,N#Cc1cccc(Cn2ccc3cccc(NC(=O)c4ccc(N)c(O)c4)c32)c1,4.85378
C[C@H](NC(=O)c1cccc2oc(C3CCN(Cc4ccc(-c5nnn(CC6CC6)n5)nc4)CC3)nc12)c1ccccc1,7.897917,C[C@H](NC(=O)c1cccc2oc(C3CCN(C(=O)c4ccc(-c5nnn(CC6CC6)n5)nc4)CC3)nc12)c1ccccc1,7.691918
Nc1n[nH]cc1-c1ccc(NCc2ccc(-c3nnn(CC4CC4)n3)nc2)cc1,7.17625,Nc1ccc(-c2c[nH]nc2NC(=O)c2ccc(-c3nnn(CC4CC4)n3)nc2)cc1,7.084621
Nc1ccc(CN[C@H](CN2CC(C(=O)O)C2)c2ccccc2)cc1O,3.704532,N[C@H](CN1CC(C(=O)Nc2ccc(C(=O)O)cc2O)C1)c1ccccc1,4.293787
O=Cc1cccc(CNc2ccc(B(O)O)cc2)c1,3.344347,O=Cc1cccc(C(=O)Nc2ccc(B(O)O)cc2)c1,3.649674
c1cc(Nc2ccc(NCC3CNC3)cc2)cc(-c2ccc3nc(C4CNC4)[nH]c3c2)c1,7.824306,O=C(Nc1ccc(Nc2cccc(-c3ccc4nc(C5CNC5)[nH]c4c3)c2)cc1)C1CNC1,7.987545
O=C(O)c1ccc(NCC2CCN2)c(Nc2ccc(NC(=O)[C@@H]3CCCN3)c(O)c2)c1,6.317356,O=C(O)c1ccc(NC(=O)C2CCN2)c(Nc2ccc(NC(=O)[C@@H]3CCCN3)c(O)c2)c1,6.486376
O=C(O)c1ccc2[nH]c(C3(NCc4cccc(F)n4)CCC3)nc2c1,5.265988,O=C(O)c1ccc2[nH]c(C3(NC(=O)c4cccc(F)n4)CCC3)nc2c1,4.806072
O=C(O)c1cccc(-c2ccc(Nc3ccc(NC[C@@H]4Cc5ccccc5CN4)cc3)cc2)c1,6.748642,O=C(O)c1cccc(-c2ccc(Nc3ccc(NC(=O)[C@@H]4Cc5ccccc5CN4)cc3)cc2)c1,6.925079
O=C(NC1CC1)c1cccc(-c2nc3ccc(-c4ccc(NCC5CCN5)cc4)cc3o2)c1,7.883005,O=C(NC1CC1)c1cccc(-c2nc3ccc(-c4ccc(NC(=O)C5CCN5)cc4)cc3o2)c1,7.31662
O=C(Nc1ccccc1O)c1cccc(-c2ccc(Nc3ccc(NCC4CCN4)cc3)cc2)c1,7.236796,O=C(Nc1ccccc1O)c1cccc(-c2ccc(Nc3ccc(NC(=O)C4CCN4)cc3)cc2)c1,7.437106
Nc1ccc(CNCc2c[nH]c3ccccc23)cc1NCc1ccc2nc(C3CNC3)oc2c1,7.324682,Nc1cc(CNCc2c[nH]c3ccccc23)ccc1NC(=O)c1ccc2nc(C3CNC3)oc2c1,7.547457
Nc1cc(-c2nc3cc(C(=O)O)ccc3[nH]2)ccc1NCC1CNC1,6.132381,Nc1cc(-c2nc3cc(C(=O)O)ccc3[nH]2)ccc1NC(=O)C1CNC1,6.379106
N#Cc1ccc(CN[C@H](C(=O)Nc2cccc3cc[nH]c23)c2ccccc2)cn1,5.036323,N#Cc1ccc(C(=O)N[C@H](C(=O)Nc2cccc3cc[nH]c23)c2ccccc2)cn1,5.222006
O=C(Nc1ccnc2ccccc12)c1ccc(O)c(NC(=O)C2CCN2C(=O)C2CCN(C[C@@H]3Cc4ccccc4CN3)CC2)c1,7.587891,O=C(Nc1ccnc2ccccc12)c1ccc(O)c(NC(=O)C2CCN2C(=O)C2CCN(C(=O)[C@@H]3Cc4ccccc4CN3)CC2)c1,7.50705
N[C@H](CNc1ccc(C(=O)O)cc1O)c1ccccc1,3.890516,N[C@H](C(=O)Nc1ccc(C(=O)O)cc1O)c1ccccc1,4.400882
c1cc(-c2ccc(NCc3ccc4nc([C@@H]5CCCN5)oc4c3)cc2)cc(C2NCCc3ccccc32)c1,7.893191,O=C(Nc1ccc(-c2cccc(C3NCCc4ccccc43)c2)cc1)c1ccc2nc([C@@H]3CCCN3)oc2c1,7.682593
O=C(C1CNC1)N1CCC[C@H]1c1nc2ccc(CN3CCC3CN3CCNCC3)cc2[nH]1,6.549062,O=C(C1CCN1Cc1ccc2nc([C@@H]3CCCN3C(=O)C3CNC3)[nH]c2c1)N1CCNCC1,6.779793
c1cc(NCC2CCN2)cc(-c2cccc3nc([C@H]4CCCN4C[C@@H]4Cc5ccccc5CN4)oc23)c1,7.899691,O=C([C@@H]1Cc2ccccc2CN1)N(CC1CCN1)c1cccc(-c2cccc3nc([C@H]4CCCN4)oc23)c1,7.642362
Nc1ccc(CNCc2ccccc2)cc1N,4.162924,Nc1ccc(C(=O)NCc2ccccc2)cc1N,4.601657
C#CCNc1ccc(NCc2ccc3oc(C4CNC4)nc3c2)c(N)c1,6.623276,C#CCNc1ccc(N)c(NC(=O)c2ccc3oc(C4CNC4)nc3c2)c1,6.535109
Nc1ccc(CNc2ccc(C(=O)O)cc2O)cc1O,3.832927,Nc1ccc(C(=O)Nc2ccc(C(=O)O)cc2O)cc1O,3.673399
C[C@H](NC(=O)C1CCN1Cc1ccc(-c2nc3ccc(C4=NCCc5ccccc54)cc3o2)cc1)c1ccccc1,7.728189,C[C@H](NC(=O)C1CCN1C(=O)c1ccc(-c2nc3ccc(C4=NCCc5ccccc54)cc3o2)cc1)c1ccccc1,7.57671
Oc1ccc(-c2cccc(NCc3ccc4oc(C5CNC5)nc4c3)c2)cn1,7.64906,O=C(Nc1cccc(-c2ccc(O)nc2)c1)c1ccc2oc(C3CNC3)nc2c1,7.236907
Brc1ccc(NCc2ccccc2NCc2ccncc2)cc1,4.734534,O=C(Nc1ccc(Br)cc1)c1ccccc1NCc1ccncc1,5.05864
NCCc1cn(Cc2ccccc2CNc2ccc(-c3cccc(-c4nnn(CC5CC5)n4)c3)cc2)c2ccccc12,6.987004,NCCc1cn(Cc2ccccc2C(=O)Nc2ccc(-c3cccc(-c4nnn(CC5CC5)n4)c3)cc2)c2ccccc12,7.202523
Nc1cc(-c2nc3ccc(Br)cc3o2)ccc1NCc1ccc(CCl)cc1,5.433433,Nc1cc(-c2nc3ccc(Br)cc3o2)ccc1NC(=O)c1ccc(CCl)cc1,5.519844
ClCc1ccc(CNc2cc(-c3cccc(NCC4CCN4)c3)n[nH]2)cc1,6.987164,O=C(Nc1cc(-c2cccc(NCC3CCN3)c2)n[nH]1)c1ccc(CCl)cc1,7.400219
O=C(Cn1ccc2cccc(NC[C@@H]3Cc4ccccc4CN3)c21)c1cccc(-c2nnn(CC3CC3)n2)c1,7.363509,O=C(Cn1ccc2cccc(NC(=O)[C@@H]3Cc4ccccc4CN3)c21)c1cccc(-c2nnn(CC3CC3)n2)c1,7.642613
O=C(NCCc1cn(CC2CC2)c2ccccc12)C1CCN1C(=O)c1ccccc1NCC1CCN1,7.571151,O=C(Nc1ccccc1C(=O)N1CCC1C(=O)NCCc1cn(CC2CC2)c2ccccc12)C1CCN1,7.667685
Nc1ccc(CNc2ccccc2C(=O)N2CC(C(=O)O)C2)cc1N,4.416694,Nc1cc(C(=O)O)ccc1NC(=O)C1CN(C(=O)c2ccccc2N)C1,4.747286
O=C(O)[C@@H](Cc1c[nH]c2ccccc12)NCc1ccc(-c2nnn(CC3CC3)n2)nc1,6.19556,O=C(N[C@H](Cc1c[nH]c2ccccc12)C(=O)O)c1ccc(-c2nnn(CC3CC3)n2)nc1,6.392373
Brc1c[nH]nc1NCc1ccc2nc([C@H]3CCCN3)oc2c1,5.859622,O=C(Nc1n[nH]cc1Br)c1ccc2nc([C@H]3CCCN3)oc2c1,6.252724
OB(O)c1cccc(NCc2ccccc2CCl)c1,3.13422,O=C(Nc1cccc(B(O)O)c1)c1ccccc1CCl,3.365429
O=C(Nc1ccc(-c2cccnc2)cc1NCc1cccnc1)C1CCN(Cc2ccncc2)CC1,6.048429,O=C(Nc1ccc(-c2cccnc2)cc1N(Cc1cccnc1)C(=O)c1ccncc1)C1CCNCC1,4.762009
O=Cc1ccc(CN(c2ccc(NC(=O)Nc3ccccc3)cc2)c2ccc(C(=O)NC3CC3)cc2O)cc1,6.282713,O=Cc1ccc(C(=O)N(c2ccc(NC(=O)Nc3ccccc3)cc2)c2ccc(C(=O)NC3CC3)cc2O)cc1,5.374357
c1ccc2[nH]c(N3CC(CN4CCC[C@H]4c4nc5ccc(NCc6c[nH]c7ccccc67)cc5o4)C3)nc2c1,6.763899,O=C(C1CN(c2nc3ccccc3[nH]2)C1)N(Cc1c[nH]c2ccccc12)c1ccc2nc([C@@H]3CCCN3)oc2c1,6.565123
Cc1cc(-c2cccc(NCc3ccc(CCl)cc3)c2)cnc1NC(=O)[C@@H]1CCCN1,6.650849,Cc1cc(-c2cccc(NC(=O)c3ccc(CCl)cc3)c2)cnc1NC(=O)[C@@H]1CCCN1,6.754323
Nc1ccc(CNc2cc(C3=NCCc4ccccc43)ccc2N)cc1O,5.947983,Nc1ccc(C(=O)Nc2cc(C3=NCCc4ccccc43)ccc2N)cc1O,5.955261
O=C1CN(C[C@@H]2CCCN2Cc2c[nH]c3ccccc23)C1,3.796039,O=C1CN(C(=O)[C@@H]2CCCN2Cc2c[nH]c3ccccc23)C1,4.808333
c1ccc2c(c1)c(CNCc1ccc3[nH]c(-c4ccc(-c5nnn(CC6CC6)n5)nc4)nc3c1)cn2CC1CC1,8.161322,O=C(NCc1cn(CC2CC2)c2ccccc12)c1ccc2[nH]c(-c3ccc(-c4nnn(CC5CC5)n4)nc3)nc2c1,8.162446
Nc1ccc(CNc2ccc(C(=O)NCc3ccccc3)cc2N)cc1N,5.331842,Nc1ccc(C(=O)Nc2cc(C(=O)NCc3ccccc3)ccc2N)cc1N,5.81853
c1ccc2c(c1)CN[C@H](CN1CC(COCc3ccc(-c4nnn(CC5CC5)n4)cc3)C1)C2,7.917508,O=C([C@@H]1Cc2ccccc2CN1)N1CC(COCc2ccc(-c3nnn(CC4CC4)n3)cc2)C1,7.942222
