recorded_amine,score_amine,counterfactual_amide,score_amide
O=C(Nc1ccnc2ccccc12)C1CCN1Cc1ccc2[nH]c(-c3ccc4nc(C5CNC5)oc4c3)nc2c1,7.723736,O=C(Nc1ccnc2ccccc12)C1CCN1C(=O)c1ccc2[nH]c(-c3ccc4nc(C5CNC5)oc4c3)nc2c1,7.380371
OB(O)c1ccc(NCC2CN(Cc3ccc4nc(-c5ccc6oc(C7CNC7)nc6c5)oc4c3)C2)cc1,6.743013,O=C(c1ccc2nc(-c3ccc4oc(C5CNC5)nc4c3)oc2c1)N(CC1CNC1)c1ccc(B(O)O)cc1,6.57515
Nc1cc(CNc2ccc(Br)cc2)ccc1O,3.921141,Nc1cc(C(=O)Nc2ccc(Br)cc2)ccc1O,4.156073
O=Cc1ccccc1CNCCc1ccccc1,4.117395,O=Cc1ccccc1C(=O)NCCc1ccccc1,4.098834
c1cc(N(Cc2ccc(CO[C@H]3CN4CCC3CC4)cc2)c2ccc3nc([C@@H]4CCCN4)oc3c2)c2[nH]ccc2c1,7.749631,O=C(c1ccc(CO[C@H]2CN3CCC2CC3)cc1)N(c1ccc2nc([C@@H]3CCCN3)oc2c1)c1cccc2cc[nH]c12,7.775378
O=C([C@@H]1CCCN1)N1CCC(CNc2ccc(-c3cn(CC4CC4)nn3)cc2)CC1,7.44843,O=C(Nc1ccc(-c2cn(CC3CC3)nn2)cc1)C1CCN(C(=O)[C@@H]2CCCN2)CC1,7.485874
c1cc(NCc2ccc3nc(C4CNC4)[nH]c3c2)cc(-c2cc(NCC3CNC3)[nH]n2)c1,8.162323,O=C(Nc1cc(-c2cccc(NCc3ccc4nc(C5CNC5)[nH]c4c3)c2)n[nH]1)C1CNC1,8.222691
C[C@H](NC(=O)C1CN(Cc2ccc3nc(-c4ccc(CO[C@H]5CN6CCC5CC6)cc4)[nH]c3c2)C1)c1ccccc1,7.800463,C[C@H](NC(=O)C1CN(C(=O)c2ccc3nc(-c4ccc(CO[C@H]5CN6CCC5CC6)cc4)[nH]c3c2)C1)c1ccccc1,7.674747
O=C(O)c1ccccc1Nc1ccc(CNc2ccnc3ccccc23)cc1,5.210863,O=C(Nc1ccnc2ccccc12)c1ccc(Nc2ccccc2C(=O)O)cc1,5.321097
c1cc(NCc2ccc3nc([C@@H]4CCCN4)oc3c2)cc(-c2ccc(NC[C@@H]3Cc4ccccc4CN3)cc2)c1,8.02251,O=C(Nc1ccc(-c2cccc(NCc3ccc4nc([C@@H]5CCCN5)oc4c3)c2)cc1)[C@@H]1Cc2ccccc2CN1,8.016776
O=C(O)c1ccc(Cn2cc(CCNCc3ccc4nc(-c5ccc(-c6nnn(CC7CC7)n6)nc5)oc4c3)c3ccccc32)cc1,7.405772,O=C(O)c1ccc(Cn2cc(CCNC(=O)c3ccc4nc(-c5ccc(-c6nnn(CC7CC7)n6)nc5)oc4c3)c3ccccc32)cc1,7.536074
Brc1cc(NCc2ccc(-c3nnn(CC4CC4)n3)nc2)[nH]n1,6.746542,O=C(Nc1cc(Br)n[nH]1)c1ccc(-c2nnn(CC3CC3)n2)nc1,6.643183
C[C@H](NCC1CNC1)C(=O)O,2.593802,C[C@H](NC(=O)C1CNC1)C(=O)O,3.791658
O=Cc1ccc(CN2CCNCC2)cc1,3.400945,O=Cc1ccc(C(=O)N2CCNCC2)cc1,4.262877
c1cc(CNCCc2cn(CC3CC3)c3ccccc23)cc(-c2ccc3oc(C4CCN4)nc3c2)c1,7.82127,O=C(NCCc1cn(CC2CC2)c2ccccc12)c1cccc(-c2ccc3oc(C4CCN4)nc3c2)c1,8.137353
O=Cc1cccc(C(=O)N2CCC2CNc2ccc(B(O)O)cc2)c1,4.387882,O=Cc1cccc(C(=O)N2CCC2C(=O)Nc2ccc(B(O)O)cc2)c1,4.606662
O=C(Nc1ccc(NCc2c[nH]c3ccccc23)cc1)Nc1cccc(-c2ccc(NC[C@@H]3Cc4ccccc4CN3)cc2)c1,7.846359,O=C(Nc1ccc(NCc2c[nH]c3ccccc23)cc1)Nc1cccc(-c2ccc(NC(=O)[C@@H]3Cc4ccccc4CN3)cc2)c1,7.8638
O=C(NC1(C(=O)NC23CC(C2)C3)CCC1)c1cccc(-c2cc(NCc3ccc(CCl)cc3)[nH]n2)c1,6.991997,O=C(Nc1cc(-c2cccc(C(=O)NC3(C(=O)NC45CC(C4)C5)CCC3)c2)n[nH]1)c1ccc(CCl)cc1,7.018183
OC[C@H]1CCCN1c1ccc(NCc2ccc3nc(C4CNC4)oc3c2)cc1,6.934038,O=C(Nc1ccc(N2CCC[C@@H]2CO)cc1)c1ccc2nc(C3CNC3)oc2c1,7.153806
O=C(Nc1cc(-c2cccc(NC[C@H]3CCCN3C(=O)C3CCNCC3)c2)n[nH]1)C1CNC1,7.517929,O=C(Nc1cc(-c2cccc(NC(=O)[C@H]3CCCN3C(=O)C3CCNCC3)c2)n[nH]1)C1CNC1,7.018019
c1cc(NCC2CCN2C[C@@H]2Cc3ccccc3CN2)cc(-c2cccc3nc(C4CCN4)oc23)c1,7.768456,O=C([C@@H]1Cc2ccccc2CN1)N(CC1CCN1)c1cccc(-c2cccc3nc(C4CCN4)oc23)c1,7.412838
Fc1cccc(-c2nc3cc(CNc4ccc(NCc5c[nH]c6ccccc56)cc4)ccc3[nH]2)n1,6.51887,O=C(Nc1ccc(NCc2c[nH]c3ccccc23)cc1)c1ccc2[nH]c(-c3cccc(F)n3)nc2c1,6.782516
O=C(NCCc1cn(CC2CC2)c2ccccc12)[C@@H]1Cc2ccccc2CN1Cc1ccc2nc(C3CNC3)oc2c1,7.787605,O=C(NCCc1cn(CC2CC2)c2ccccc12)[C@@H]1Cc2ccccc2CN1C(=O)c1ccc2nc(C3CNC3)oc2c1,7.576859
c1ccc([C@H](CNc2ccc(-c3cn(CC4CC4)nn3)cc2)NCC2CCN2)cc1,7.946015,O=C(Nc1ccc(-c2cn(CC3CC3)nn2)cc1)[C@H](NCC1CCN1)c1ccccc1,7.621318
O=C(NCCc1cn(CC2CC2)c2ccccc12)C1CCN(Cc2ccc(CO[C@H]3CN4CCC3CC4)cc2)CC1,7.958946,O=C(NCCc1cn(CC2CC2)c2ccccc12)C1CCN(C(=O)c2ccc(CO[C@H]3CN4CCC3CC4)cc2)CC1,7.937145
OB(O)c1cccc(CNc2cccc(Br)c2O)c1,3.203087,O=C(Nc1cccc(Br)c1O)c1cccc(B(O)O)c1,3.315481
Fc1nc(NCc2cccc3oc(C4CNC4)nc23)c2nc[nH]c2n1,6.526074,O=C(Nc1nc(F)nc2[nH]cnc12)c1cccc2oc(C3CNC3)nc12,6.845559
O=C(NC1CC1)c1ccc2nc(-c3ccc(CN4CCC4C(=O)O)cc3)oc2c1,6.977549,O=C(NC1CC1)c1ccc2nc(-c3ccc(C(=O)N4CCC4C(=O)O)cc3)oc2c1,7.235156
O=C(O)c1cccc(N2CCC[C@H](CN3CC(CO)C3)C2)n1,3.958859,O=C(O)[C@H]1CCCN(c2cccc(C(=O)N3CC(CO)C3)n2)C1,4.151263
c1ccc2c(c1)CN[C@H](CN1CC(COCC3CC3)C1)C2,5.561049,O=C([C@@H]1Cc2ccccc2CN1)N1CC(COCC2CC2)C1,6.023216
C[C@H](NC[C@@H]1Cc2ccccc2CN1)C(=O)Nc1ccc(-c2cccc(NC(=O)[C@@H]3CCCN3)c2)cc1,7.571507,C[C@H](NC(=O)[C@@H]1Cc2ccccc2CN1)C(=O)Nc1ccc(-c2cccc(NC(=O)[C@@H]3CCCN3)c2)cc1,7.775786
O=Cc1ccnc(N2CCC2CNc2cccc(-c3cc(NC(=O)C4CNC4)[nH]n3)c2)c1,7.238362,O=Cc1ccnc(N2CCC2C(=O)Nc2cccc(-c3cc(NC(=O)C4CNC4)[nH]n3)c2)c1,6.9698
O=C([C@H]1CCCN(C[C@@H]2Cc3ccccc3CN2)C1)N1CC(c2nc3cc(CNc4ccccn4)ccc3o2)C1,7.38025,O=C([C@H]1CCCN(C(=O)[C@@H]2Cc3ccccc3CN2)C1)N1CC(c2nc3cc(CNc4ccccn4)ccc3o2)C1,7.59853
C[C@@H](CNc1ccnc2ccccc12)NC(=O)c1ccc(C=O)cc1,3.431727,C[C@H](NC(=O)c1ccc(C=O)cc1)C(=O)Nc1ccnc2ccccc12,5.241496
Brc1ccc2nc([C@@H]3Cc4ccccc4CN3C[C@@H]3Cc4ccccc4CN3)[nH]c2c1,6.450706,O=C([C@@H]1Cc2ccccc2CN1)N1Cc2ccccc2C[C@H]1c1nc2ccc(Br)cc2[nH]1,6.242162
O=Cc1ccc(C(=O)N2CCC2c2nc3cc(NCC4CNC4)ccc3o2)cc1,6.631324,O=Cc1ccc(C(=O)N2CCC2c2nc3cc(NC(=O)C4CNC4)ccc3o2)cc1,6.857955
O=C(NC1(CNc2cccc3cc[nH]c23)CCC1)C1CN(C(=O)C2CNC2)C1,6.60806,O=C(NC1(C(=O)Nc2cccc3cc[nH]c23)CCC1)C1CN(C(=O)C2CNC2)C1,7.167982
O=C(Nc1ccc(-c2cccc(NCc3ccc(-c4nnn(CC5CC5)n4)nc3)c2)cc1)Nc1cc(Br)n[nH]1,7.650274,O=C(Nc1ccc(-c2cccc(NC(=O)c3ccc(-c4nnn(CC5CC5)n4)nc3)c2)cc1)Nc1cc(Br)n[nH]1,7.24212
C[C@@H](NCC1CCN1)c1nc2cc(Br)ccc2o1,5.955317,C[C@@H](NC(=O)C1CCN1)c1nc2cc(Br)ccc2o1,6.269232
Brc1cc(-c2nc3ccc(CNCCc4cn(CC5CC5)c5ccccc45)cc3o2)ccn1,7.116204,O=C(NCCc1cn(CC2CC2)c2ccccc12)c1ccc2nc(-c3ccnc(Br)c3)oc2c1,7.362114
c1cc(N(Cc2ccc(-c3nnn(CC4CC4)n3)nc2)CC2CCN2)c2c(c1)ccn2CC1CC1,7.981205,O=C(C1CCN1)N(Cc1ccc(-c2nnn(CC3CC3)n2)nc1)c1cccc2ccn(CC3CC3)c12,7.9703
C[C@@H](NCc1cccc(-c2cc(-c3nc4ccccc4o3)ccn2)c1)c1ccccc1,6.784383,C[C@@H](NC(=O)c1cccc(-c2cc(-c3nc4ccccc4o3)ccn2)c1)c1ccccc1,6.971848
O=C(O)c1cccc(-c2ccccc2CCNC(=O)C2(NCc3ccc4[nH]c(C5CNC5)nc4c3)CCC2)c1,7.317747,O=C(O)c1cccc(-c2ccccc2CCNC(=O)C2(NC(=O)c3ccc4[nH]c(C5CNC5)nc4c3)CCC2)c1,7.320454
N#Cc1ccc(N2CC(CN3Cc4ccccc4C[C@H]3C(=O)O)C2)cc1,5.017309,N#Cc1ccc(N2CC(C(=O)N3Cc4ccccc4C[C@H]3C(=O)O)C2)cc1,5.42077
O=C(N[C@H](Cc1c[nH]c2ccccc12)C(=O)N1CC(CNc2ccc(Br)cc2)C1)c1ccccn1,5.544394,O=C(N[C@H](Cc1c[nH]c2ccccc12)C(=O)N1CC(C(=O)Nc2ccc(Br)cc2)C1)c1ccccn1,6.091645
c1cc(NCc2ccc(CO[C@H]3CN4CCC3CC4)cc2)cc(-c2csc(-c3ccc4[nH]ccc4c3)n2)c1,7.89419,O=C(Nc1cccc(-c2csc(-c3ccc4[nH]ccc4c3)n2)c1)c1ccc(CO[C@H]2CN3CCC2CC3)cc1,7.960996
C[C@H](NC(=O)[C@@H]1Cc2ccccc2CN1C[C@@H]1Cc2ccccc2CN1Cc1ccc2nc(C3CNC3)oc2c1)c1ccccc1,7.197922,C[C@H](NC(=O)[C@@H]1Cc2ccccc2CN1C[C@@H]1Cc2ccccc2CN1C(=O)c1ccc2nc(C3CNC3)oc2c1)c1ccccc1,6.891016
O=C(NC1CC1)c1cccc(CN(CCc2ccccc2)Cc2ccc3nc([C@@H]4CCCN4)oc3c2)c1,7.423993,O=C(NC1CC1)c1cccc(CN(CCc2ccccc2)C(=O)c2ccc3nc([C@@H]4CCCN4)oc3c2)c1,7.219492
O=C(O)[C@@H]1CCCN1c1ccc2[nH]c(-c3ccc(CNc4ccc(Br)cc4)cc3)nc2c1,6.004438,O=C(Nc1ccc(Br)cc1)c1ccc(-c2nc3cc(N4CCC[C@H]4C(=O)O)ccc3[nH]2)cc1,5.982419
Nc1c(O)cccc1CNc1cccc(B(O)O)c1,3.386156,Nc1c(O)cccc1C(=O)Nc1cccc(B(O)O)c1,3.230441
O=C(Nc1ccnc2ccccc12)C1CCN(Cc2ccc3nc(-c4ccc(-c5nnn(CC6CC6)n5)nc4)oc3c2)CC1,8.102706,O=C(Nc1ccnc2ccccc12)C1CCN(C(=O)c2ccc3nc(-c4ccc(-c5nnn(CC6CC6)n5)nc4)oc3c2)CC1,7.918092
O=C(Nc1cccc2cc[nH]c12)C1CN(Cc2ccc(-c3nnn(CC4CC4)n3)nc2)C1,7.662164,O=C(Nc1cccc2cc[nH]c12)C1CN(C(=O)c2ccc(-c3nnn(CC4CC4)n3)nc2)C1,7.287751
O=Cc1cccc(CN(Cc2cccc(-c3ccc(NC(=O)Nc4ccnc5ccccc45)cc3)c2)C23CC(C2)C3)c1,7.140224,O=Cc1cccc(CN(C(=O)c2cccc(-c3ccc(NC(=O)Nc4ccnc5ccccc45)cc3)c2)C23CC(C2)C3)c1,7.15685
Nc1cccc(-c2ccc(Nc3ccc(CNc4cccc(B(O)O)c4)cc3)cc2)c1,4.892697,Nc1cccc(-c2ccc(Nc3ccc(C(=O)Nc4cccc(B(O)O)c4)cc3)cc2)c1,4.903297
O=C(O)[C@H]1CCCN1Cc1cccnc1-c1cccc(NC[C@@H]2Cc3ccccc3CN2)c1,6.308053,O=C(O)[C@H]1CCCN1C(=O)c1cccnc1-c1cccc(NC[C@@H]2Cc3ccccc3CN2)c1,6.351058
O=C(NC1CC1)c1ccc2nc([C@H]3CCCN3C[C@@H]3Cc4ccccc4CN3)oc2c1,7.838156,O=C(NC1CC1)c1ccc2nc([C@H]3CCCN3C(=O)[C@@H]3Cc4ccccc4CN3)oc2c1,7.640561
NCc1cn(Cc2ccc(CNc3cccc(B(O)O)c3)cc2)c2ccccc12,4.441036,NCc1cn(Cc2ccc(C(=O)Nc3cccc(B(O)O)c3)cc2)c2ccccc12,4.426644
ClCc1ccc(-c2nc3ccc(-c4ccc(NCC5CCN5)cc4)cc3o2)cc1,7.265294,O=C(Nc1ccc(-c2ccc3nc(-c4ccc(CCl)cc4)oc3c2)cc1)C1CCN1,7.249766
O=C(NCCc1c[nH]c2ccccc12)C1CN(Cc2ccc3oc(C4CNC4)nc3c2)C1,7.608869,O=C(NCCc1c[nH]c2ccccc12)C1CN(C(=O)c2ccc3oc(C4CNC4)nc3c2)C1,7.545989
Fc1ccc(CN(Cc2ccc3oc(C4CN(C[C@H]5CCCNC5)C4)nc3c2)c2cccc3cc[nH]c23)cc1,5.84713,O=C([C@H]1CCCNC1)N1CC(c2nc3cc(CN(Cc4ccc(F)cc4)c4cccc5cc[nH]c45)ccc3o2)C1,6.766636
c1ccc2c(CNCc3ccc(-c4nc5cc(-c6nnn(CC7CC7)n6)ccc5[nH]4)cc3)c[nH]c2c1,7.778799,O=C(NCc1c[nH]c2ccccc12)c1ccc(-c2nc3cc(-c4nnn(CC5CC5)n4)ccc3[nH]2)cc1,7.874489
N[C@H](CNc1cccc2cc[nH]c12)c1ccccc1,4.015578,N[C@H](C(=O)Nc1cccc2cc[nH]c12)c1ccccc1,5.020956
C[C@@H](NCC1CCN1)C(=O)Nc1cccc(-c2c[nH]cn2)c1,6.056702,C[C@@H](NC(=O)C1CCN1)C(=O)Nc1cccc(-c2c[nH]cn2)c1,6.770666
O=Cc1ccc(CNc2cc(C(=O)O)ccc2NCC2CCN2)cc1,5.094058,O=Cc1ccc(CNc2cc(C(=O)O)ccc2NC(=O)C2CCN2)cc1,5.454232
C#CCNC(=O)C1(NCC2CCN2)CCC1,5.683945,C#CCNC(=O)C1(NC(=O)C2CCN2)CCC1,5.889958
OB(O)c1ccc(NC[C@H]2CCCN2)cc1,3.287697,O=C(Nc1ccc(B(O)O)cc1)[C@H]1CCCN1,4.185697
c1cc(CNCc2c[nH]c3ccccc23)cc(-c2cccc(NCC3CCN3)c2)c1,7.537331,O=C(Nc1cccc(-c2cccc(CNCc3c[nH]c4ccccc34)c2)c1)C1CCN1,7.764704
CC(C)[C@H](CNC12CC(C1)C2)NC(=O)Nc1cc(CN2CC(C(=O)O)C2)ccc1O,4.715246,CC(C)[C@H](CN(C(=O)C1CNC1)C12CC(C1)C2)NC(=O)Nc1cc(C(=O)O)ccc1O,5.500772
c1cc(NCc2ccc3nc(C4CNC4)[nH]c3c2)cc(-c2ccc(NC[C@@H]3Cc4ccccc4CN3)cc2)c1,8.144972,O=C(Nc1ccc(-c2cccc(NCc3ccc4nc(C5CNC5)[nH]c4c3)c2)cc1)[C@@H]1Cc2ccccc2CN1,8.055324
Nc1ccccc1C(=O)N[C@H](CNc1cccc(B(O)O)c1)c1ccccc1,3.73053,Nc1ccccc1C(=O)N[C@H](C(=O)Nc1cccc(B(O)O)c1)c1ccccc1,3.945091
O=C(O)[C@H]1CCCN(Cc2ccc(F)cc2)C1,3.517215,O=C(O)[C@H]1CCCN(C(=O)c2ccc(F)cc2)C1,3.976678
N#Cc1ccc(CN2CC(c3nc4ccc(C(=O)NC5CC5)cc4o3)C2)cn1,7.205872,N#Cc1ccc(C(=O)N2CC(c3nc4ccc(C(=O)NC5CC5)cc4o3)C2)cn1,7.212102
O=C(Nc1cccc(-c2cc(NC[C@@H]3Cc4ccccc4CN3)[nH]n2)c1)c1cccc2oc(C3CNC3)nc12,8.110864,O=C(Nc1cccc(-c2cc(NC(=O)[C@@H]3Cc4ccccc4CN3)[nH]n2)c1)c1cccc2oc(C3CNC3)nc12,7.91397
O=C(C1CCN1)N(c1ccc(CNc2cccc(B(O)O)c2)cc1)C1CC1,5.048335,O=C(Nc1cccc(B(O)O)c1)c1ccc(N(C(=O)C2CCN2)C2CC2)cc1,5.054816
Nc1ccccc1CNc1ccc(NC[C@@H]2Cc3ccccc3CN2)cc1,6.426558,Nc1ccccc1C(=O)Nc1ccc(NC[C@@H]2Cc3ccccc3CN2)cc1,6.643139
O=Cc1cccc(-c2ccc(F)c(CNc3ccc(-c4ccc(CNC56CC(C5)C6)cc4)cc3)c2)c1,7.10931,O=Cc1cccc(-c2ccc(F)c(C(=O)Nc3ccc(-c4ccc(CNC56CC(C5)C6)cc4)cc3)c2)c1,7.326022
OB(O)c1cccc(NCc2ccc3nc(-c4ccc(CO[C@H]5CN6CCC5CC6)cc4)[nH]c3c2)c1,6.681314,O=C(Nc1cccc(B(O)O)c1)c1ccc2nc(-c3ccc(CO[C@H]4CN5CCC4CC5)cc3)[nH]c2c1,6.737443
O=C(c1ccc2oc([C@@H]3CCCNC3)nc2c1)N1CCC(CNCc2cn(CC3CC3)c3ccccc23)CC1,7.699219,O=C(NCc1cn(CC2CC2)c2ccccc12)C1CCN(C(=O)c2ccc3oc([C@@H]4CCCNC4)nc3c2)CC1,7.855459
Brc1cncc(-c2nc3ccc(N4CCC4CNCCc4cn(CC5CC5)c5ccccc45)cc3[nH]2)c1,7.284038,O=C(NCCc1cn(CC2CC2)c2ccccc12)C1CCN1c1ccc2nc(-c3cncc(Br)c3)[nH]c2c1,7.473251
O=C(OCc1ccccc1-c1nnn(CC2CC2)n1)C1CCN(Cc2ccc3nc(C4CNC4)[nH]c3c2)CC1,6.585001,O=C(OCc1ccccc1-c1nnn(CC2CC2)n1)C1CCN(C(=O)c2ccc3nc(C4CNC4)[nH]c3c2)CC1,6.894189
c1cc(NCc2ccncc2)cc(-c2ccccc2CCNCc2ccc3nc(C4CNC4)oc3c2)c1,7.423279,O=C(NCCc1ccccc1-c1cccc(NCc2ccncc2)c1)c1ccc2nc(C3CNC3)oc2c1,7.57357
Nc1ccc(N2CC(Nc3cc(-c4cccc(CNCCc5c[nH]c6ccccc56)c4)n[nH]3)C2)cc1,6.678715,Nc1ccc(N2CC(Nc3cc(-c4cccc(C(=O)NCCc5c[nH]c6ccccc56)c4)n[nH]3)C2)cc1,7.030723
O=C(NCc1ccccc1)c1cccc(-c2cc(NC(=O)[C@@H]3CCCN(C[C@@H]4Cc5ccccc5CN4)C3)[nH]n2)c1,7.977362,O=C(NCc1ccccc1)c1cccc(-c2cc(NC(=O)[C@@H]3CCCN(C(=O)[C@@H]4Cc5ccccc5CN4)C3)[nH]n2)c1,7.911731
O=C(Nc1ccc(-c2ccc(NCC3CNC3)cc2)cc1)c1ccc2nc(C3CNC3)oc2c1,6.724172,O=C(Nc1ccc(-c2ccc(NC(=O)C3CNC3)cc2)cc1)c1ccc2nc(C3CNC3)oc2c1,4.335109
C[C@H](NCc1ccc2nc(C3CCN3)oc2c1)c1ccccc1,7.014525,C[C@H](NC(=O)c1ccc2nc(C3CCN3)oc2c1)c1ccccc1,7.266485
O=C(Nc1ccc(Br)cc1)N[C@@H](CNc1ccc(B(O)O)cc1)c1ccccc1,4.319373,O=C(Nc1ccc(Br)cc1)N[C@@H](C(=O)Nc1ccc(B(O)O)cc1)c1ccccc1,4.51564
Nc1ccc(N2CC(CNc3cccc(B(O)O)c3)C2)cc1,3.728718,Nc1ccc(N2CC(C(=O)Nc3cccc(B(O)O)c3)C2)cc1,4.379211
C[C@@H](NC(=O)c1ccccc1NC(=O)[C@@H]1Cc2ccccc2CN1C[C@@H]1Cc2ccccc2CN1)c1ccccc1,6.778492,C[C@@H](NC(=O)c1ccccc1NC(=O)[C@@H]1Cc2ccccc2CN1C(=O)[C@@H]1Cc2ccccc2CN1)c1ccccc1,6.623869
c1ccc(NCc2cccc(-c3cccc(NCC4CCN4C[C@@H]4Cc5ccccc5CN4)c3)c2)nc1,7.711939,O=C([C@@H]1Cc2ccccc2CN1)N(CC1CCN1)c1cccc(-c2cccc(CNc3ccccn3)c2)c1,7.667897
Nc1cccc(-c2cc(NCc3ccc4oc(-c5ccc(C(=O)NC6CC6)cc5)nc4c3)[nH]n2)c1,7.569244,Nc1cc(-c2cccc(NC(=O)c3ccc4oc(-c5ccc(C(=O)NC6CC6)cc5)nc4c3)c2)n[nH]1,7.054864
N#Cc1ccccc1Cn1cc(CCN(Cc2ccc3oc(C4CNC4)nc3c2)CC2CNC2)c2ccccc21,7.112275,N#Cc1ccccc1Cn1cc(CCN(CC2CNC2)C(=O)c2ccc3oc(C4CNC4)nc3c2)c2ccccc21,7.256675
O=C(O)c1ccc(NCc2ccc(-c3nnn(CC4CC4)n3)nc2)c(O)c1,6.527184,O=C(O)c1ccc(NC(=O)c2ccc(-c3nnn(CC4CC4)n3)nc2)c(O)c1,6.19686
O=Cc1cccc(C(=O)NC2(CNc3cc(-c4cccc(-c5nnn(CC6CC6)n5)c4)n[nH]3)CCC2)c1,7.056164,O=Cc1cccc(C(=O)NC2(C(=O)Nc3cc(-c4cccc(-c5nnn(CC6CC6)n5)c4)n[nH]3)CCC2)c1,7.299975
Fc1cc(-c2cccc(NCc3ccc4[nH]c(C5CNC5)nc4c3)c2)ccn1,7.582083,O=C(Nc1cccc(-c2ccnc(F)c2)c1)c1ccc2[nH]c(C3CNC3)nc2c1,7.348247
O=C(O)c1ccccc1NCc1ccc(CN[C@H](Cc2c[nH]c3ccccc23)C(=O)O)cc1,4.69268,O=C(N[C@H](Cc1c[nH]c2ccccc12)C(=O)O)c1ccc(CNc2ccccc2C(=O)O)cc1,4.744411
N[C@H](CNc1cccc2cc[nH]c12)c1ccccc1,4.015578,N[C@H](C(=O)Nc1cccc2cc[nH]c12)c1ccccc1,5.020956
O=c1cc(COC[C@@H]2CCCN2C[C@@H]2Cc3ccccc3CN2)c2ccccc2n1Cc1ccc(-c2nnn(CC3CC3)n2)cc1,7.822099,O=C([C@@H]1Cc2ccccc2CN1)N1CCC[C@H]1COCc1cc(=O)n(Cc2ccc(-c3nnn(CC4CC4)n3)cc2)c2ccccc12,7.906366
Fc1cccc(CNc2ccc(-c3ccc(NCc4ccc5oc(C6CNC6)nc5c4)cc3)cn2)n1,7.733763,O=C(Nc1ccc(-c2ccc(NCc3cccc(F)n3)nc2)cc1)c1ccc2oc(C3CNC3)nc2c1,7.44558
N[C@@H](CNc1cccc(B(O)O)c1)Cc1ccccc1,2.306585,N[C@H](Cc1ccccc1)C(=O)Nc1cccc(B(O)O)c1,2.905464
O=C=Nc1ccc(-c2cccc(NCc3ccc(-c4nnn(CC5CC5)n4)nc3)c2)cc1,7.409492,O=C=Nc1ccc(-c2cccc(NC(=O)c3ccc(-c4nnn(CC5CC5)n4)nc3)c2)cc1,6.77491
O=C(O)c1ccc(NCc2ccc3[nH]c(C4CCN4)nc3c2)c(O)c1,6.113391,O=C(O)c1ccc(NC(=O)c2ccc3[nH]c(C4CCN4)nc3c2)c(O)c1,5.85984
OB(O)c1cccc(NCc2ccc(Cn3nnc(-c4cccc(B(O)O)c4)n3)cc2)c1,4.231795,O=C(Nc1cccc(B(O)O)c1)c1ccc(Cn2nnc(-c3cccc(B(O)O)c3)n2)cc1,4.231873
O=C(O)c1cccc(-c2ccc3nc([C@@H]4Cc5ccccc5CN4Cc4ccccc4CCl)[nH]c3c2)c1,5.701572,O=C(O)c1cccc(-c2ccc3nc([C@@H]4Cc5ccccc5CN4C(=O)c4ccccc4CCl)[nH]c3c2)c1,5.236307
COc1ccc(CNc2ccc3nc([C@@H]4Cc5ccccc5CN4Cc4ccc(-c5nnn(CC6CC6)n5)nc4)oc3c2)cc1,7.64366,COc1ccc(CN(C(=O)c2ccc(-c3nnn(CC4CC4)n3)nc2)c2ccc3nc([C@@H]4Cc5ccccc5CN4)oc3c2)cc1,7.467143
Brc1ccc(N(Cc2ccc(-c3nnn(CC4CC4)n3)nc2)Cc2ccc3nc(C4CCN4)oc3c2)cc1,7.632475,O=C(c1ccc2nc(C3CCN3)oc2c1)N(Cc1ccc(-c2nnn(CC3CC3)n2)nc1)c1ccc(Br)cc1,7.663153
O=C(NCc1c[nH]c2ccccc12)C1CN(C(=O)C2(NC[C@@H](Cc3c[nH]c4ccccc34)NC[C@@H]3Cc4ccccc4CN3)CCC2)C1,7.228555,O=C(NCc1c[nH]c2ccccc12)C1CN(C(=O)C2(NC[C@@H](Cc3c[nH]c4ccccc34)NC(=O)[C@@H]3Cc4ccccc4CN3)CCC2)C1,7.232166
Brc1cc(NCC2CCN2Cc2ccccc2CO[C@@H]2CCNC2)[nH]n1,5.422062,O=C(Nc1cc(Br)n[nH]1)C1CCN1Cc1ccccc1CO[C@@H]1CCNC1,5.614181
O=C(c1cccc(B(O)O)c1)N1CCC(CNC2CC2)CC1,3.535569,O=C(NC1CC1)C1CCN(C(=O)c2cccc(B(O)O)c2)CC1,4.458522
O=C(O)[C@H]1CCCN1C(=O)c1cccc(CNC2(CNC34CC(C3)C4)CCC2)c1,5.039881,O=C(NC12CC(C1)C2)[C@H]1CCCN1C(=O)c1cccc(CNC2(C(=O)O)CCC2)c1,5.526425
c1ccc2c(c1)CN[C@H](CN(c1ccc(-c3nnn(CC4CC4)n3)cc1)c1cccc3ccn(CC4CC4)c13)C2,7.784417,O=C([C@@H]1Cc2ccccc2CN1)N(c1ccc(-c2nnn(CC3CC3)n2)cc1)c1cccc2ccn(CC3CC3)c12,7.563365
O=C(Nc1cccc(-c2cccc(-c3nc4ccccc4o3)c2)c1)C1CN(C[C@@H]2Cc3ccccc3CN2)C1,7.926864,O=C(Nc1cccc(-c2cccc(-c3nc4ccccc4o3)c2)c1)C1CN(C(=O)[C@@H]2Cc3ccccc3CN2)C1,7.882059
O=C(O)C1CN(Cc2ccc3oc(C4CNC4)nc3c2)C1,5.808597,O=C(O)C1CN(C(=O)c2ccc3oc(C4CNC4)nc3c2)C1,6.464851
Nc1ccc(-c2ccc(NCc3ccc(-c4nnn(CC5CC5)n4)nc3)cc2)cc1,7.611307,Nc1ccc(-c2ccc(NC(=O)c3ccc(-c4nnn(CC5CC5)n4)nc3)cc2)cc1,7.382424
Nc1cc(CNc2ccccc2C(=O)O)ccc1O,3.621222,Nc1cc(C(=O)Nc2ccccc2C(=O)O)ccc1O,3.723012
Oc1cc(Br)ccc1NCC1CCN1,4.781558,O=C(Nc1ccc(Br)cc1O)C1CCN1,5.096186
O=C(O)c1ccc(-c2nc3ccc(CN4CCC[C@@H]4C(=O)Nc4cccc5cc[nH]c45)cc3o2)cc1,6.68694,O=C(O)c1ccc(-c2nc3ccc(C(=O)N4CCC[C@@H]4C(=O)Nc4cccc5cc[nH]c45)cc3o2)cc1,6.657798
O=C(Nc1cc(-c2cccc(CNc3cc(-c4cccnc4)n[nH]3)c2)n[nH]1)C1CNC1,8.09332,O=C(Nc1cc(-c2cccnc2)n[nH]1)c1cccc(-c2cc(NC(=O)C3CNC3)[nH]n2)c1,7.950786
O=C(O)c1ccc(NCc2ccc3nc([C@@H]4CCCNC4)oc3c2)c(O)c1,5.789114,O=C(O)c1ccc(NC(=O)c2ccc3nc([C@@H]4CCCNC4)oc3c2)c(O)c1,5.57046
c1ccc([C@@H](CN2CCC(CNCc3c[nH]c4ccccc34)CC2)NCc2ccc3[nH]c(C4CNC4)nc3c2)cc1,7.052102,O=C(N[C@H](CN1CCC(CNCc2c[nH]c3ccccc23)CC1)c1ccccc1)c1ccc2[nH]c(C3CNC3)nc2c1,7.086313
OB(O)c1ccc(Nc2ccc(NCc3cccc(-c4cn(CC5CC5)cn4)c3)cc2)cc1,6.182622,O=C(Nc1ccc(Nc2ccc(B(O)O)cc2)cc1)c1cccc(-c2cn(CC3CC3)cn2)c1,6.482378
N#Cc1ccc(Cn2ccc3cccc(NCc4ccc5nc([C@H]6CCCN6)oc5c4)c32)cc1,6.407984,N#Cc1ccc(Cn2ccc3cccc(NC(=O)c4ccc5nc([C@H]6CCCN6)oc5c4)c32)cc1,6.927294
Nc1ccccc1CNc1ccc(C(=O)O)cc1O,3.889038,Nc1ccc(C(=O)Nc2ccccc2C(=O)O)cc1O,3.679728
c1cc(-c2cc(NC[C@@H]3Cc4ccccc4CN3)[nH]n2)cc(-c2nnn(CC3CC3)n2)c1,8.198156,O=C(Nc1cc(-c2cccc(-c3nnn(CC4CC4)n3)c2)n[nH]1)[C@@H]1Cc2ccccc2CN1,8.00738
O=C(O)c1ccc2oc(C3(NC(=O)C4CCN4Cc4ccc(-c5nnn(CC6CC6)n5)nc4)CCC3)nc2c1,7.163369,O=C(O)c1ccc2oc(C3(NC(=O)C4CCN4C(=O)c4ccc(-c5nnn(CC6CC6)n5)nc4)CCC3)nc2c1,6.670672
Brc1ccccc1CCNCc1ccc2nc([C@H]3CCCN3)oc2c1,6.309812,O=C(NCCc1ccccc1Br)c1ccc2nc([C@H]3CCCN3)oc2c1,6.805462
O=C(O)[C@@H]1Cc2ccccc2CN1Cc1ccc2nc(C3CNC3)oc2c1,6.753457,O=C(O)[C@@H]1Cc2ccccc2CN1C(=O)c1ccc2nc(C3CNC3)oc2c1,6.637172
Oc1cc(Br)ccc1NCC1CCNCC1,3.145701,O=C(Nc1ccc(Br)cc1O)C1CCNCC1,4.826652
Fc1ccc(-c2ccc3oc(C4CN(Cc5ccc6oc(-c7ccc(CCl)cc7)nc6c5)C4)nc3c2)cc1,6.635955,O=C(c1ccc2oc(-c3ccc(CCl)cc3)nc2c1)N1CC(c2nc3cc(-c4ccc(F)cc4)ccc3o2)C1,6.704632
O=C(NC1CC1)c1cccc(-c2cc(NCc3ccc4nc([C@@H]5Cc6ccccc6CN5)oc4c3)[nH]n2)c1,8.093362,O=C(Nc1cc(-c2cccc(C(=O)NC3CC3)c2)n[nH]1)c1ccc2nc([C@@H]3Cc4ccccc4CN3)oc2c1,8.132277
c1ccc2c(NCc3ccnc(-c4ccc(NCC5CNC5)cc4)c3)ccnc2c1,7.349859,O=C(Nc1ccc(-c2cc(CNc3ccnc4ccccc34)ccn2)cc1)C1CNC1,7.738735
C1NCC1CNC12CC(C1)C2,4.934133,O=C(NC12CC(C1)C2)C1CNC1,6.915593
O=C([C@@H]1Cc2ccccc2CN1CC1CCN1)N1Cc2ccccc2C[C@H]1CNc1cccc2ccn(CC3CC3)c12,6.928387,O=C(C1CCN1)N(C[C@@H]1Cc2ccccc2CN1C(=O)[C@@H]1Cc2ccccc2CN1)c1cccc2ccn(CC3CC3)c12,7.12043
O=C(NC1CC1)c1cccc(N2CC(CNCc3cn(CC4CC4)c4ccccc34)C2)n1,7.916016,O=C(NC1CC1)c1cccc(N2CC(C(=O)NCc3cn(CC4CC4)c4ccccc34)C2)n1,8.10452
c1cc(-c2ccc(NCC3CCN3)cc2)cc(-c2nnnn2CC2CC2)c1,7.882694,O=C(Nc1ccc(-c2cccc(-c3nnnn3CC3CC3)c2)cc1)C1CCN1,7.561018
O=C(Nc1nc(-c2cccnc2)cs1)c1ccc2oc(C3CN(C[C@@H]4Cc5ccccc5CN4)C3)nc2c1,7.411246,O=C(Nc1nc(-c2cccnc2)cs1)c1ccc2oc(C3CN(C(=O)[C@@H]4Cc5ccccc5CN4)C3)nc2c1,7.416614
OB(O)c1cccc(NCc2ccccc2NCC2CCN2)c1,4.638728,O=C(Nc1ccccc1CNc1cccc(B(O)O)c1)C1CCN1,4.973898
O=C(NC1CC1)c1ccc2nc(C3CCN3C[C@@H]3Cc4ccccc4CN3)oc2c1,7.710316,O=C(NC1CC1)c1ccc2nc(C3CCN3C(=O)[C@@H]3Cc4ccccc4CN3)oc2c1,7.630715
CC(=O)c1cccc(-c2ccc(NCc3ccc4nc(-c5ccc(CO[C@H]6CN7CCC6CC7)cc5)oc4c3)cc2)c1,7.726116,CC(=O)c1cccc(-c2ccc(NC(=O)c3ccc4nc(-c5ccc(CO[C@H]6CN7CCC6CC7)cc5)oc4c3)cc2)c1,7.771042
O=C(Nc1ccccn1)C1(NCc2ccc3oc(C4CN(C[C@@H]5Cc6ccccc6CN5)C4)nc3c2)CCC1,7.642607,O=C([C@@H]1Cc2ccccc2CN1)N(Cc1ccc2oc(C3CNC3)nc2c1)C1(C(=O)Nc2ccccn2)CCC1,7.279975
O=C(NC12CC(C1)C2)c1ccc(NCC2CNC2)c(O)c1,6.733506,O=C(NC12CC(C1)C2)c1ccc(NC(=O)C2CNC2)c(O)c1,6.626283
Cc1cc(-c2cccc(NC[C@H]3CCCN3)c2)cnc1NC[C@@H]1Cc2ccccc2CN1,7.029925,Cc1cc(-c2cccc(NC[C@H]3CCCN3)c2)cnc1NC(=O)[C@@H]1Cc2ccccc2CN1,7.079971
N#Cc1ccc(CNc2cccc(-c3cc(NCc4ccc5nc(C6CNC6)oc5c4)[nH]n3)c2)cn1,7.71739,N#Cc1ccc(C(=O)Nc2cccc(-c3cc(NCc4ccc5nc(C6CNC6)oc5c4)[nH]n3)c2)cn1,7.827979
O=C(O)c1ccc2[nH]c(C3CCN3CC3CCN3)nc2c1,6.014764,O=C(O)C1CCN1C(=O)c1ccc2[nH]c(C3CCN3)nc2c1,6.170631
O=C(NC1CC1)c1ccc2nc(-c3ccc(CN4Cc5ccccc5C[C@H]4CNCCc4ccncc4)cc3)oc2c1,7.481282,O=C(NC1CC1)c1ccc2nc(-c3ccc(CN4Cc5ccccc5C[C@H]4C(=O)NCCc4ccncc4)cc3)oc2c1,7.657511
Fc1nc(NC[C@@H]2CCCNC2)c2nc[nH]c2n1,3.929562,O=C(Nc1nc(F)nc2[nH]cnc12)[C@@H]1CCCNC1,5.28273
Brc1ccc2nc([C@H](Nc3ccc(NCc4ccc(CO[C@H]5CN6CCC5CC6)cc4)cc3)c3ccccc3)oc2c1,7.437881,O=C(Nc1ccc(N[C@H](c2ccccc2)c2nc3ccc(Br)cc3o2)cc1)c1ccc(CO[C@H]2CN3CCC2CC3)cc1,7.683914
c1cc(NC[C@@H]2Cc3ccccc3CN2)cc(-c2ccc3oc([C@H]4CCCNC4)nc3c2)c1,7.841267,O=C(Nc1cccc(-c2ccc3oc([C@H]4CCCNC4)nc3c2)c1)[C@@H]1Cc2ccccc2CN1,7.827229
O=C(Nc1cccc(-c2ccc3nc(-c4ccc(CCl)cc4)oc3c2)c1)C1CN(C[C@@H]2Cc3ccccc3CN2)C1,7.495645,O=C(Nc1cccc(-c2ccc3nc(-c4ccc(CCl)cc4)oc3c2)c1)C1CN(C(=O)[C@@H]2Cc3ccccc3CN2)C1,7.417151
c1ccc2c(CCNCc3ccc4[nH]c(-c5ccc6nc(C7CNC7)oc6c5)nc4c3)c[nH]c2c1,7.588647,O=C(NCCc1c[nH]c2ccccc12)c1ccc2[nH]c(-c3ccc4nc(C5CNC5)oc4c3)nc2c1,7.47476
O=C(Nc1cc(-c2ccc(NC(=O)[C@H]3CCCN3)cc2)n[nH]1)C1CN(C[C@@H]2Cc3ccccc3CN2)C1,7.70756,O=C(Nc1cc(-c2ccc(NC(=O)[C@H]3CCCN3)cc2)n[nH]1)C1CN(C(=O)[C@@H]2Cc3ccccc3CN2)C1,7.208992
O=C(O)C1CCN1c1nc(-c2ccc(NCc3ccc4nc([C@H]5CCCN5)oc4c3)cc2)cs1,6.96922,O=C(Nc1ccc(-c2csc(N3CCC3C(=O)O)n2)cc1)c1ccc2nc([C@H]3CCCN3)oc2c1,6.812002
O=C(O)C1CN(c2cccc(CNC34CC(C3)C4)n2)C1,5.294407,O=C(NC12CC(C1)C2)c1cccc(N2CC(C(=O)O)C2)n1,5.598536
O=C(NC1CC1)C1CCN1c1ccc2oc(C3CCN3CC3CNC3)nc2c1,5.913909,O=C(NC1CC1)C1CCN1c1ccc2oc(C3CCN3C(=O)C3CNC3)nc2c1,4.373875
OB(O)c1ccc(Nc2ccc3[nH]c([C@@H]4Cc5ccccc5CN4Cc4ccc5nc(C6CNC6)oc5c4)nc3c2)cc1,6.4087,O=C(c1ccc2nc(C3CNC3)oc2c1)N(c1ccc(B(O)O)cc1)c1ccc2[nH]c([C@@H]3Cc4ccccc4CN3)nc2c1,6.146505
OB(O)c1cccc(CNc2ccc(-c3cc(NCc4ccc(CO[C@H]5CN6CCC5CC6)cc4)[nH]n3)cn2)c1,6.936651,O=C(Nc1cc(-c2ccc(NCc3cccc(B(O)O)c3)nc2)n[nH]1)c1ccc(CO[C@H]2CN3CCC2CC3)cc1,7.070887
O=C(O)c1ccc(NCC2CCN2)c(O)c1,4.892173,O=C(O)c1ccc(NC(=O)C2CCN2)c(O)c1,4.858888
C[C@H](NCc1ccc(-c2nc3cc(-c4nnn(CC5CC5)n4)ccc3o2)cc1)c1ccccc1,7.780495,C[C@H](NC(=O)c1ccc(-c2nc3cc(-c4nnn(CC5CC5)n4)ccc3o2)cc1)c1ccccc1,7.785105
O=C(O)c1cccc(-c2nc3ccc(CN4CCC[C@@H]4c4nc5ccccc5o4)cc3o2)c1,6.300916,O=C(O)c1ccc2nc(-c3cccc(C(=O)N4CCC[C@@H]4c4nc5ccccc5o4)c3)oc2c1,6.331654
Nc1ccccc1CNc1nc(F)nc2[nH]cnc12,3.808949,Nc1ccccc1C(=O)Nc1nc(F)nc2[nH]cnc12,4.090341
C[C@H](Nc1ccccc1CCNCc1ccc(CCl)cc1)c1ccccc1,4.888685,C[C@H](Nc1ccccc1CCNC(=O)c1ccc(CCl)cc1)c1ccccc1,5.105361
N#Cc1ccc(-c2ccc3oc(-c4cccc(-c5cc(NCC6CNC6)[nH]n5)c4)nc3c2)cc1F,7.342521,N#Cc1ccc(-c2ccc3oc(-c4cccc(-c5cc(NC(=O)C6CNC6)[nH]n5)c4)nc3c2)cc1F,7.476611
Oc1ccc(Br)cc1NCc1ccc2nc([C@@H]3CCCN3)oc2c1,5.880413,O=C(Nc1cc(Br)ccc1O)c1ccc2nc([C@@H]3CCCN3)oc2c1,5.945435
C[C@H](NC(=O)[C@H]1CCCN1Cc1ccc(C#N)nc1)c1nc2ccc(C(=O)NC3CC3)cc2o1,7.200039,C[C@H](NC(=O)[C@H]1CCCN1C(=O)c1ccc(C#N)nc1)c1nc2ccc(C(=O)NC3CC3)cc2o1,7.200412
c1cc(NCc2ccc3oc([C@@H]4CCCN4)nc3c2)c2[nH]ccc2c1,6.326154,O=C(Nc1cccc2cc[nH]c12)c1ccc2oc([C@@H]3CCCN3)nc2c1,6.730707
Cc1cc(-c2cccc(NC[C@@H]3CCCN(C(=O)NCc4c[nH]c5ccccc45)C3)c2)cnc1NC(=O)[C@H](N)c1ccccc1,7.516036,Cc1cc(-c2cccc(N)c2)cnc1NC(=O)[C@H](NC(=O)[C@@H]1CCCN(C(=O)NCc2c[nH]c3ccccc23)C1)c1ccccc1,6.853085
O=Cc1ccc(CN(CC2CCN2)c2ccccn2)cc1,4.643949,O=Cc1ccc(CN(C(=O)C2CCN2)c2ccccn2)cc1,4.990991
Nc1ccc(CNc2cccc(B(O)O)c2)cc1O,3.161826,Nc1ccc(C(=O)Nc2cccc(B(O)O)c2)cc1O,3.392604
O=C(O)[C@@H]1Cc2ccccc2CN1Cc1ccc2nc(-c3ccc(CO[C@H]4CN5CCC4CC5)cc3)oc2c1,7.501754,O=C(O)[C@@H]1Cc2ccccc2CN1C(=O)c1ccc2nc(-c3ccc(CO[C@H]4CN5CCC4CC5)cc3)oc2c1,7.44966
C[C@H](NC[C@@H]1Cc2ccccc2CN1)C(=O)Nc1cc(-c2cccc(NCC3CNC3)c2)ccc1O,7.287227,C[C@H](NC(=O)[C@@H]1Cc2ccccc2CN1)C(=O)Nc1cc(-c2cccc(NCC3CNC3)c2)ccc1O,7.615613
Nc1ccc(-c2cccc(NC(=O)[C@H](NCc3ccc4nc(C5CNC5)oc4c3)c3ccccc3)c2)cc1,7.41655,N[C@@H](C(=O)Nc1cccc(-c2ccc(NC(=O)c3ccc4nc(C5CNC5)oc4c3)cc2)c1)c1ccccc1,7.729324
O=C(Nc1ccc(-c2cccc(NC[C@@H]3Cc4ccccc4CN3)c2)cc1O)C1(NC[C@@H]2Cc3ccccc3CN2)CCC1,7.536972,O=C(NC1(C(=O)Nc2ccc(-c3cccc(NC[C@@H]4Cc5ccccc5CN4)c3)cc2O)CCC1)[C@@H]1Cc2ccccc2CN1,7.494205
O=C(Nc1cc(-c2nc3cc(CNc4cccc5cc[nH]c45)ccc3[nH]2)ccc1O)C1CCN1,7.223744,O=C(Nc1cccc2cc[nH]c12)c1ccc2[nH]c(-c3ccc(O)c(NC(=O)C4CCN4)c3)nc2c1,6.978905
c1cc(NC[C@@H]2Cc3ccccc3CN2)cc(-c2ccc3nc(C4(NCC5CCN5)CCC4)oc3c2)c1,7.833945,O=C(Nc1cccc(-c2ccc3nc(C4(NCC5CCN5)CCC4)oc3c2)c1)[C@@H]1Cc2ccccc2CN1,7.404067
CC1(C)OB(c2ccc(NCc3cccc4oc(C5CNC5)nc34)nc2)OC1(C)C,5.561774,CC1(C)OB(c2ccc(NC(=O)c3cccc4oc(C5CNC5)nc34)nc2)OC1(C)C,5.67005
O=C(NC1CC1)[C@@H]1Cc2ccccc2CN1Cc1ccc(-c2nc3cc(-c4nnn(CC5CC5)n4)ccc3o2)cc1,8.005548,O=C(NC1CC1)[C@@H]1Cc2ccccc2CN1C(=O)c1ccc(-c2nc3cc(-c4nnn(CC5CC5)n4)ccc3o2)cc1,7.551221
O=C(Nc1cccc2ccn(CC3CC3)c12)C1CN(Cc2ccc(-c3nnn(CC4CC4)n3)nc2)C1,8.02334,O=C(Nc1cccc2ccn(CC3CC3)c12)C1CN(C(=O)c2ccc(-c3nnn(CC4CC4)n3)nc2)C1,7.461012
CC1(C)OB(c2ccc(NCc3ccccc3CCl)nc2)OC1(C)C,3.712974,CC1(C)OB(c2ccc(NC(=O)c3ccccc3CCl)nc2)OC1(C)C,3.823715
O=C(Nc1cccc(-c2cccc(CNC34CC(C3)C4)c2)c1)C1CN(Cc2ccc(CCl)cc2)C1,6.872717,O=C(Nc1cccc(-c2cccc(CN(C(=O)c3ccc(CCl)cc3)C34CC(C3)C4)c2)c1)C1CNC1,5.816718
O=Cc1cccc(-c2ccc(NCc3ccc(-c4nnn(CC5CC5)n4)nc3)cc2)c1,7.417652,O=Cc1cccc(-c2ccc(NC(=O)c3ccc(-c4nnn(CC5CC5)n4)nc3)cc2)c1,7.137904
N#Cc1ccc(CN2CC(C(=O)N3CCC3C(=O)N3CCC[C@H](C(=O)Nc4ccnc5ccccc45)C3)C2)cn1,7.065432,N#Cc1ccc(C(=O)N2CC(C(=O)N3CCC3C(=O)N3CCC[C@H](C(=O)Nc4ccnc5ccccc45)C3)C2)cn1,7.129267
COc1ccc(O)c(NCc2cccc(B(O)O)c2)c1,3.217038,COc1ccc(O)c(NC(=O)c2cccc(B(O)O)c2)c1,3.338722
O=C(O)C1(NCc2cccc(B(O)O)c2)CCC1,2.718911,O=C(NC1(C(=O)O)CCC1)c1cccc(B(O)O)c1,3.440182
NC1(CNc2cccnc2Br)CCC1,2.089273,NC1(C(=O)Nc2cccnc2Br)CCC1,2.958812
O=C(Nc1cccc2cc[nH]c12)[C@H]1CCCN1Cc1cccc2oc(C3CNC3)nc12,7.53989,O=C(Nc1cccc2cc[nH]c12)[C@H]1CCCN1C(=O)c1cccc2oc(C3CNC3)nc12,7.160852
Fc1ncc(-c2cccc(NCc3cccc(-c4cccc(NCC5CNC5)c4)c3)c2)cn1,7.97788,O=C(Nc1cccc(-c2cccc(CNc3cccc(-c4cnc(F)nc4)c3)c2)c1)C1CNC1,8.161454
O=Cc1ccc(C(=O)N2CC(CNc3cccc(B(O)O)c3)C2)cc1,4.078594,O=Cc1ccc(C(=O)N2CC(C(=O)Nc3cccc(B(O)O)c3)C2)cc1,4.66831
Nc1ccc(CN2CCC[C@H](C(=O)O)C2)cc1N,3.224305,Nc1ccc(C(=O)N2CCC[C@H](C(=O)O)C2)cc1N,3.766326
Nc1ccc(CN2CCNCC2)cc1N,3.115755,Nc1ccc(C(=O)N2CCNCC2)cc1N,4.167886
Cc1cc(-c2ccc(NCc3ccc4oc(C5CNC5)nc4c3)cc2)cnc1N,6.999222,Cc1cc(-c2ccc(N)cc2)cnc1NC(=O)c1ccc2oc(C3CNC3)nc2c1,6.831067
O=C(O)[C@@H]1CCCN(CC2CCN2c2ccc3oc(C4CNC4)nc3c2)C1,5.788452,O=C(O)C1CCN1c1ccc2oc(C3CN(C(=O)[C@@H]4CCCNC4)C3)nc2c1,6.20203
Cc1cc(Br)cnc1NC[C@@H]1CCCN1C(=O)c1ccc(C=O)cc1,4.619922,Cc1cc(Br)cnc1NC(=O)[C@@H]1CCCN1C(=O)c1ccc(C=O)cc1,4.700773
O=C1CN(C(=O)C2CCN(C(=O)c3ccccc3NCc3ccc(-c4nnn(CC5CC5)n4)nc3)CC2)C1,7.194555,O=C1CN(C(=O)C2CCN(C(=O)c3ccccc3NC(=O)c3ccc(-c4nnn(CC5CC5)n4)nc3)CC2)C1,6.942868
C[C@@H](NC(=O)c1ccc2nc([C@@H]3Cc4ccccc4CN3Cc3ccc(-c4nnn(CC5CC5)n4)nc3)oc2c1)c1ccccc1,7.928379,C[C@@H](NC(=O)c1ccc2nc([C@@H]3Cc4ccccc4CN3C(=O)c3ccc(-c4nnn(CC5CC5)n4)nc3)oc2c1)c1ccccc1,6.99789
O=C(Nc1ccc(NCc2ccc(CO[C@H]3CN4CCC3CC4)cc2)cc1)C1CCNCC1,7.762517,O=C(Nc1ccc(NC(=O)C2CCNCC2)cc1)c1ccc(CO[C@H]2CN3CCC2CC3)cc1,7.816603
c1ccc2c(CCNCc3ccc4nc(C5CNC5)oc4c3)c[nH]c2c1,7.282309,O=C(NCCc1c[nH]c2ccccc12)c1ccc2nc(C3CNC3)oc2c1,7.458977
OCC1CN(Cc2cccc(B(O)O)c2)C1,2.590242,O=C(c1cccc(B(O)O)c1)N1CC(CO)C1,2.875584
CC1(C)OB(c2ccc(Nc3ccc(Nc4ccc(NCc5ccc(CO[C@H]6CN7CCC6CC7)cc5)cc4)cc3)nc2)OC1(C)C,6.577246,CC1(C)OB(c2ccc(Nc3ccc(Nc4ccc(NC(=O)c5ccc(CO[C@H]6CN7CCC6CC7)cc5)cc4)cc3)nc2)OC1(C)C,6.795701
c1ccc2c(c1)C[C@@H](c1nc3ccc(-c4nnn(CC5CC5)n4)cc3o1)N(CC1CCN1)C2,7.723604,O=C(C1CCN1)N1Cc2ccccc2C[C@H]1c1nc2ccc(-c3nnn(CC4CC4)n3)cc2o1,7.146083
CC1(C)OB(c2ccc(NCc3ccc(CN4CCNCC4)cc3)nc2)OC1(C)C,4.685022,CC1(C)OB(c2ccc(NC(=O)c3ccc(CN4CCNCC4)cc3)nc2)OC1(C)C,4.610513
N#Cc1ccc(CN2CCC(C(=O)O)CC2)cn1,3.855449,N#Cc1ccc(C(=O)N2CCC(C(=O)O)CC2)cn1,4.017383
O=C(O)[C@@H](NCc1ccc(CCl)cc1)c1ccccc1,3.643917,O=C(N[C@H](C(=O)O)c1ccccc1)c1ccc(CCl)cc1,4.005439
c1cc(NCc2ccc3nc(C4CNC4)[nH]c3c2)cc(-c2ccc3nc(C4CCN4)oc3c2)c1,7.945021,O=C(Nc1cccc(-c2ccc3nc(C4CCN4)oc3c2)c1)c1ccc2nc(C3CNC3)[nH]c2c1,5.859329
O=C(NCc1c[nH]c2ccccc12)c1ccc2nc(-c3cc(-c4cc(NC[C@@H]5Cc6ccccc6CN5)[nH]n4)ccc3F)oc2c1,7.800133,O=C(NCc1c[nH]c2ccccc12)c1ccc2nc(-c3cc(-c4cc(NC(=O)[C@@H]5Cc6ccccc6CN5)[nH]n4)ccc3F)oc2c1,7.767818
O=C(NC1CC1)c1ccc2oc(-c3cccc(CNc4cccc5ccn(CC6CC6)c45)c3)nc2c1,7.926254,O=C(Nc1cccc2ccn(CC3CC3)c12)c1cccc(-c2nc3cc(C(=O)NC4CC4)ccc3o2)c1,8.071878
NC1(C(=O)Nc2cc(CNc3cccc(-c4cc(NC[C@@H]5Cc6ccccc6CN5)[nH]n4)c3)ccc2O)CCC1,6.717434,NC1(C(=O)Nc2cc(C(=O)Nc3cccc(-c4cc(NC[C@@H]5Cc6ccccc6CN5)[nH]n4)c3)ccc2O)CCC1,7.041398
O=Cc1ccc(-c2ccccc2CCNCc2ccc3oc(-c4ccc(CO[C@H]5CN6CCC5CC6)cc4)nc3c2)cc1,7.473744,O=Cc1ccc(-c2ccccc2CCNC(=O)c2ccc3oc(-c4ccc(CO[C@H]5CN6CCC5CC6)cc4)nc3c2)cc1,7.698655
c1cc2nc(C3CNC3)oc2cc1Nc1ccc(-c2cc(NCC3CCN3)[nH]n2)cn1,7.772387,O=C(Nc1cc(-c2ccc(Nc3ccc4nc(C5CNC5)oc4c3)nc2)n[nH]1)C1CCN1,7.147892
COc1ccc(CNC(=O)c2cccc(-c3csc(NCC4CNC4)n3)c2)cc1,7.095142,COc1ccc(CNC(=O)c2cccc(-c3csc(NC(=O)C4CNC4)n3)c2)cc1,7.499064
OB(O)c1ccc(NCc2ccc3oc(-c4ccc(CNC56CC(C5)C6)cc4)nc3c2)cc1,6.115222,O=C(Nc1ccc(B(O)O)cc1)c1ccc2oc(-c3ccc(CNC45CC(C4)C5)cc3)nc2c1,6.269435
c1cncc(-c2ccc(NCc3ccc4nc(C5CN(CC6CCN6)C5)oc4c3)cc2)c1,7.033897,O=C(C1CCN1)N(Cc1ccc2nc(C3CNC3)oc2c1)c1ccc(-c2cccnc2)cc1,6.70549
c1ccc2c(CN(Cc3ccc4nc(C5CNC5)oc4c3)Cc3cn(CC4CC4)c4ccccc34)c[nH]c2c1,7.658958,O=C(c1ccc2nc(C3CNC3)oc2c1)N(Cc1c[nH]c2ccccc12)Cc1cn(CC2CC2)c2ccccc12,7.5828
c1cc(NCc2ccc3oc(-c4ccc(CO[C@H]5CN6CCC5CC6)cc4)nc3c2)c2c(c1)ccn2CC1CC1,8.034875,O=C(Nc1cccc2ccn(CC3CC3)c12)c1ccc2oc(-c3ccc(CO[C@H]4CN5CCC4CC5)cc3)nc2c1,8.133738
O=C(NCc1cn(CC2CC2)nn1)C1CN(Cc2ccc(-c3nnn(CC4CC4)n3)nc2)C1,7.950569,O=C(NCc1cn(CC2CC2)nn1)C1CN(C(=O)c2ccc(-c3nnn(CC4CC4)n3)nc2)C1,7.282223
O=C(NC1CC1)c1ccccc1NC(=O)C1(NCC2CNC2)CCC1,6.813086,O=C(NC1CC1)c1ccccc1NC(=O)C1(NC(=O)C2CNC2)CCC1,7.296572
O=C(Nc1cccc(-c2ccccc2CCNCc2ccc(-c3nnn(CC4CC4)n3)nc2)c1)C1CNC1,8.035,O=C(NCCc1ccccc1-c1cccc(NC(=O)C2CNC2)c1)c1ccc(-c2nnn(CC3CC3)n2)nc1,7.908798
O=C(Nc1ccccc1CNc1cccc(B(O)O)c1)C1CCNCC1,4.799547,O=C(Nc1cccc(B(O)O)c1)c1ccccc1NC(=O)C1CCNCC1,4.999997
O=Cc1cccc(CN(C[C@@H]2Cc3ccccc3CN2)c2cccc(B(O)O)c2)c1,4.432001,O=Cc1cccc(CN(C(=O)[C@@H]2Cc3ccccc3CN2)c2cccc(B(O)O)c2)c1,4.59379
Nc1cc(CN2CCC[C@H]2C(=O)O)ccc1O,3.136317,Nc1cc(C(=O)N2CCC[C@H]2C(=O)O)ccc1O,3.302719
Brc1ccc(NCc2ccc(CNc3cccc(-c4nc(Br)cs4)c3)cc2)cc1,5.395651,O=C(Nc1ccc(Br)cc1)c1ccc(CNc2cccc(-c3nc(Br)cs3)c2)cc1,5.685551
NC1(C(=O)Nc2ccncc2CNC2(CNc3ccnc4ccccc34)CCC2)CCC1,4.451098,NC1(C(=O)Nc2ccncc2CNC2(C(=O)Nc3ccnc4ccccc34)CCC2)CCC1,5.320669
Nc1cc(CNc2ccc(Br)cc2)ccc1O,3.921141,Nc1cc(C(=O)Nc2ccc(Br)cc2)ccc1O,4.156073
Fc1cncc(-c2ccccc2CCNCc2ccc3nc(-c4ccc5oc(C6CNC6)nc5c4)oc3c2)c1,7.386135,O=C(NCCc1ccccc1-c1cncc(F)c1)c1ccc2nc(-c3ccc4oc(C5CNC5)nc4c3)oc2c1,7.585261
O=C(NCc1ccc(C(F)(F)F)cc1)c1cccc(-c2ccc(N(C[C@@H]3Cc4ccccc4CN3)c3cc(Br)ccn3)cc2)c1,6.784219,O=C(NCc1ccc(C(F)(F)F)cc1)c1cccc(-c2ccc(N(C(=O)[C@@H]3Cc4ccccc4CN3)c3cc(Br)ccn3)cc2)c1,6.641946
C[C@@H](NC(=O)C1CN(C(=O)N2CCN(Cc3ccc(-c4nnn(CC5CC5)n4)nc3)CC2)C1)c1ccccc1,7.539144,C[C@@H](NC(=O)C1CN(C(=O)N2CCN(C(=O)c3ccc(-c4nnn(CC5CC5)n4)nc3)CC2)C1)c1ccccc1,6.53288
OB(O)c1ccc(NCc2cncc(F)c2)cc1,3.368881,O=C(Nc1ccc(B(O)O)cc1)c1cncc(F)c1,3.589259
c1ccc(CCN(Cc2ccncc2)Cc2ccc3nc(-c4ccc(-c5nnn(CC6CC6)n5)nc4)oc3c2)cc1,7.373256,O=C(c1ccc2nc(-c3ccc(-c4nnn(CC5CC5)n4)nc3)oc2c1)N(CCc1ccccc1)Cc1ccncc1,7.385666
OB(O)c1cccc(NCc2ccc3nc(-c4ccccc4)[nH]c3c2)c1,4.626884,O=C(Nc1cccc(B(O)O)c1)c1ccc2nc(-c3ccccc3)[nH]c2c1,4.856263
Nc1cccc(-c2ccc(O)c(NCc3ccc4[nH]c(C5CCNCC5)nc4c3)c2)c1,6.800684,Nc1cc(-c2cccc(NC(=O)c3ccc4[nH]c(C5CCNCC5)nc4c3)c2)ccc1O,7.00846
c1cncc(-c2cc(NCc3ccc4oc([C@@H]5CCCN5CC5CCN5)nc4c3)[nH]n2)c1,7.471153,O=C(C1CCN1)N(Cc1ccc2oc([C@@H]3CCCN3)nc2c1)c1cc(-c2cccnc2)n[nH]1,7.25888
c1cc(CN2CCC(c3nc4ccccc4o3)CC2)cc(-c2ccc3oc(C4CNC4)nc3c2)c1,7.728468,O=C(c1cccc(-c2ccc3oc(C4CNC4)nc3c2)c1)N1CCC(c2nc3ccccc3o2)CC1,7.57313
O=C(O[C@H]1CN2CCC1CC2)c1cccc(-c2nc3cc(CN4CC(C(=O)Nc5cccc6cc[nH]c56)C4)ccc3o2)c1,7.384813,O=C(O[C@H]1CN2CCC1CC2)c1cccc(-c2nc3cc(C(=O)N4CC(C(=O)Nc5cccc6cc[nH]c56)C4)ccc3o2)c1,7.565754
c1cc(COCC2CNC2)ccc1CNc1ccc(-c2cn(CC3CC3)nn2)cc1,8.06571,O=C(Nc1ccc(-c2cn(CC3CC3)nn2)cc1)c1ccc(COCC2CNC2)cc1,7.935665
O=Cc1ccc(-c2c[nH]nc2NCc2ccc3[nH]c(-c4ccc(COCC5CNC5)cc4)nc3c2)cc1,7.073034,O=Cc1ccc(-c2c[nH]nc2NC(=O)c2ccc3[nH]c(-c4ccc(COCC5CNC5)cc4)nc3c2)cc1,7.142961
O=Cc1ccnc(-c2cccc(CNc3ccnc4ccccc34)c2)c1,5.504356,O=Cc1ccnc(-c2cccc(C(=O)Nc3ccnc4ccccc34)c2)c1,5.77915
O=C(Nc1ccc(-c2ccc(NCc3ccc4nc(C5CNC5)oc4c3)cc2)cc1)C1CCN1,7.420213,O=C(Nc1ccc(-c2ccc(NC(=O)C3CCN3)cc2)cc1)c1ccc2nc(C3CNC3)oc2c1,4.180701
COc1ccccc1CCN(Cc1ccc2nc(-c3ccc(-c4nnn(CC5CC5)n4)nc3)oc2c1)C[C@@H]1CCCN1,6.975327,COc1ccccc1CCN(C[C@@H]1CCCN1)C(=O)c1ccc2nc(-c3ccc(-c4nnn(CC5CC5)n4)nc3)oc2c1,7.095955
C[C@@H](NCc1ccc(C=O)cc1)c1ccccc1,4.099385,C[C@@H](NC(=O)c1ccc(C=O)cc1)c1ccccc1,4.555026
c1nc(-c2ccc(NCc3ccc4oc(C5CNC5)nc4c3)cc2)c[nH]1,7.325683,O=C(Nc1ccc(-c2c[nH]cn2)cc1)c1ccc2oc(C3CNC3)nc2c1,7.211063
Nc1ccc(NC2(CN3CCC3C(=O)O)CCC2)cc1,3.481642,Nc1ccc(N(C(=O)C2CCN2)C2(C(=O)O)CCC2)cc1,4.629992
O=C(Nc1ccc(Br)cc1)c1ccccc1NCc1ccc2nc(-c3ccc(CO[C@H]4CN5CCC4CC5)cc3)oc2c1,7.71592,O=C(Nc1ccccc1C(=O)Nc1ccc(Br)cc1)c1ccc2nc(-c3ccc(CO[C@H]4CN5CCC4CC5)cc3)oc2c1,7.769453
Nc1ccc(-c2ccc(NCC3CCN3)cc2)cc1O,6.363374,Nc1ccc(-c2ccc(NC(=O)C3CCN3)c(O)c2)cc1,6.293931
OB(O)c1ccc(NCc2cccc(CN3CC[C@@H](O)C3)c2)cc1,4.184553,O=C(Nc1ccc(B(O)O)cc1)c1cccc(CN2CC[C@@H](O)C2)c1,4.40524
c1ccc2c(Nc3ccc4oc([C@@H]5CCCN5Cc5ccc(-c6nnn(CC7CC7)n6)nc5)nc4c3)ccnc2c1,7.687253,O=C(c1ccc(-c2nnn(CC3CC3)n2)nc1)N(c1ccc2oc([C@@H]3CCCN3)nc2c1)c1ccnc2ccccc12,6.71321
Cc1cc(Br)cnc1NC[C@H](N)c1ccccc1,3.643645,Cc1cc(Br)cnc1NC(=O)[C@H](N)c1ccccc1,4.286637
O=C(O)[C@@H]1CCCN1C[C@H]1CCCN1,2.357427,O=C(O)[C@@H]1CCCN1C(=O)[C@H]1CCCN1,3.335773
O=C(Nc1ccc(Br)cc1)Nc1ccc(-c2cccc(NCC3CN(C[C@@H]4Cc5ccccc5CN4)C3)c2)cc1,7.637039,O=C(Nc1ccc(Br)cc1)Nc1ccc(-c2cccc(N(CC3CNC3)C(=O)[C@@H]3Cc4ccccc4CN3)c2)cc1,7.290562
O=C(O)c1ccc(NCc2cccc(B(O)O)c2)c(O)c1,3.433581,O=C(O)c1ccc(NC(=O)c2cccc(B(O)O)c2)c(O)c1,3.286923
O=C(O)c1ccc2nc([C@H](NC[C@@H]3Cc4ccccc4CN3)c3ccccc3)oc2c1,5.936668,O=C(O)c1ccc2nc([C@H](NC(=O)[C@@H]3Cc4ccccc4CN3)c3ccccc3)oc2c1,5.817273
OB(O)c1cccc(NCc2ccc(-c3nnn(CC4CC4)n3)nc2)c1,5.760079,O=C(Nc1cccc(B(O)O)c1)c1ccc(-c2nnn(CC3CC3)n2)nc1,5.788994
Nc1cc(N2CC(C(=O)O)C2)ccc1NCc1ccc(C=O)cc1,4.732284,Nc1cc(N2CC(C(=O)O)C2)ccc1NC(=O)c1ccc(C=O)cc1,4.881783
Cc1cc(-c2nnn(Cc3ccc(C(=O)O)cc3)n2)cnc1NCC1CNC1,6.22443,Cc1cc(-c2nnn(Cc3ccc(C(=O)O)cc3)n2)cnc1NC(=O)C1CNC1,6.683564
c1ccc2c(c1)CN[C@H](CN(Cc1ccc3oc(C4CNC4)nc3c1)c1cccc3ccn(CC4CC4)c13)C2,7.867555,O=C([C@@H]1Cc2ccccc2CN1)N(Cc1ccc2oc(C3CNC3)nc2c1)c1cccc2ccn(CC3CC3)c12,7.854088
O=C(NCCc1c[nH]c2ccccc12)c1ccc(Cn2nncc2CNCc2ccc(CO[C@H]3CN4CCC3CC4)cc2)cc1,7.249444,O=C(NCCc1c[nH]c2ccccc12)c1ccc(Cn2nncc2CNC(=O)c2ccc(CO[C@H]3CN4CCC3CC4)cc2)cc1,7.465199
c1ccc2c(c1)c(CN(Cc1ccc3nc([C@@H]4CCCN4)oc3c1)C1CNC1)cn2CC1CC1,7.827665,O=C(c1ccc2nc([C@@H]3CCCN3)oc2c1)N(Cc1cn(CC2CC2)c2ccccc12)C1CNC1,7.586539
O=C(O)c1ccc(-c2nc3ccc(CNc4cccc5cc[nH]c45)cc3o2)cc1,5.931871,O=C(O)c1ccc(-c2nc3ccc(C(=O)Nc4cccc5cc[nH]c45)cc3o2)cc1,6.074671
c1cc2cc(-c3cc(NCc4ccc(CO[C@H]5CN6CCC5CC6)cc4)[nH]n3)ccc2[nH]1,7.812837,O=C(Nc1cc(-c2ccc3[nH]ccc3c2)n[nH]1)c1ccc(CO[C@H]2CN3CCC2CC3)cc1,8.033642
Fc1nc(NCC2CCN2)c2nc[nH]c2n1,5.222195,O=C(Nc1nc(F)nc2[nH]cnc12)C1CCN1,5.851207
ClCc1ccc(CNc2ccc(-c3cccc(NCc4ccc(CNC56CC(C5)C6)cc4)c3)cc2)cc1,7.261125,O=C(Nc1cccc(-c2ccc(NCc3ccc(CCl)cc3)cc2)c1)c1ccc(CNC23CC(C2)C3)cc1,7.327587
O=C(O)[C@@H](NCc1ccc2nc(C3CCN3)oc2c1)c1ccccc1,6.048848,O=C(N[C@H](C(=O)O)c1ccccc1)c1ccc2nc(C3CCN3)oc2c1,6.224697
c1cc(Nc2ccc(-c3nnn(CC4CC4)n3)cc2)cc(-c2ccc(NC[C@@H]3Cc4ccccc4CN3)cc2)c1,8.065424,O=C(Nc1ccc(-c2cccc(Nc3ccc(-c4nnn(CC5CC5)n4)cc3)c2)cc1)[C@@H]1Cc2ccccc2CN1,7.993175
c1ccc2c(c1)CN[C@H](CNc1cc(-c3ccc(-c4nnn(CC5CC5)n4)s3)n[nH]1)C2,8.07074,O=C(Nc1cc(-c2ccc(-c3nnn(CC4CC4)n3)s2)n[nH]1)[C@@H]1Cc2ccccc2CN1,7.703161
O=C(Nc1ccnc2ccccc12)C1(NC[C@@H]2CCCN2Cc2ccc(-c3nnn(CC4CC4)n3)nc2)CCC1,7.938514,O=C(NC1(C(=O)Nc2ccnc3ccccc23)CCC1)[C@@H]1CCCN1Cc1ccc(-c2nnn(CC3CC3)n2)nc1,8.0045
O=C(NCc1c[nH]c2ccccc12)c1cccc(-c2ccc(NCC3CCN3CC3CCN3)cc2)c1,7.812738,O=C(NCc1c[nH]c2ccccc12)c1cccc(-c2ccc(N(CC3CCN3)C(=O)C3CCN3)cc2)c1,7.383609
O=C(NCCc1ccccc1)[C@H]1CCCN1Cc1cccc(-c2cc(NC[C@@H]3Cc4ccccc4CN3)[nH]n2)c1,7.703427,O=C(NCCc1ccccc1)[C@H]1CCCN1C(=O)c1cccc(-c2cc(NC[C@@H]3Cc4ccccc4CN3)[nH]n2)c1,7.630402
C[C@H](CNCCc1c[nH]c2ccccc12)NC(=O)c1ccc2nc(C3CNC3)oc2c1,5.330669,C[C@@H](NC(=O)c1ccc2nc(C3CNC3)oc2c1)C(=O)NCCc1c[nH]c2ccccc12,7.375321
O=C(NCc1cn(CC2CC2)nn1)c1ccc(COCC2CN(CC3CNC3)C2)cc1,7.488715,O=C(NCc1cn(CC2CC2)nn1)c1ccc(COCC2CN(C(=O)C3CNC3)C2)cc1,7.75981
c1ccc(CNCC2CCNCC2)cc1,3.451952,O=C(NCc1ccccc1)C1CCNCC1,5.807539
ClCc1ccc(CNCCc2ccccc2)cc1,4.34658,O=C(NCCc1ccccc1)c1ccc(CCl)cc1,4.464048
c1ccc2c(NCc3ccc(CNC45CC(C4)C5)cc3)ccnc2c1,7.148586,O=C(Nc1ccnc2ccccc12)c1ccc(CNC23CC(C2)C3)cc1,7.311069
O=C(Nc1ccccc1CNc1cc(-c2cccc(-c3nnn(CC4CC4)n3)c2)n[nH]1)NC12CC(C1)C2,7.751386,O=C(Nc1ccccc1C(=O)Nc1cc(-c2cccc(-c3nnn(CC4CC4)n3)c2)n[nH]1)NC12CC(C1)C2,7.664247
O=C(O)c1ccc2[nH]c(C3(NCc4ccc5nc(-c6ccc(CCl)cc6)oc5c4)CCC3)nc2c1,6.086112,O=C(O)c1ccc2[nH]c(C3(NC(=O)c4ccc5nc(-c6ccc(CCl)cc6)oc5c4)CCC3)nc2c1,5.779891
Oc1ccc(-c2cccc(NCc3ccc(-c4nnn(CC5CC5)n4)nc3)c2)cc1NCC1CCNCC1,7.256181,O=C(Nc1cccc(-c2ccc(O)c(NCC3CCNCC3)c2)c1)c1ccc(-c2nnn(CC3CC3)n2)nc1,7.14091
C[C@@H](NCc1cccc(O)c1NCc1ccc(B(O)O)cc1)c1ccccc1,4.092142,C[C@@H](NC(=O)c1cccc(O)c1NCc1ccc(B(O)O)cc1)c1ccccc1,4.254337
NCc1nc2cc(CNc3ccc(Br)cc3O)ccc2o1,3.989081,NCc1nc2cc(C(=O)Nc3ccc(Br)cc3O)ccc2o1,4.24688
ClCc1ccc(CNc2cc(Br)n[nH]2)cc1,3.494919,O=C(Nc1cc(Br)n[nH]1)c1ccc(CCl)cc1,3.99743
c1ccc([C@@H](CNCCc2cn(CC3CC3)c3ccccc23)NCc2ccc3nc(C4CNC4)oc3c2)cc1,7.635366,O=C(N[C@H](CNCCc1cn(CC2CC2)c2ccccc12)c1ccccc1)c1ccc2nc(C3CNC3)oc2c1,7.753532
N#Cc1ccc(CNc2ccc(Br)cc2O)cn1,3.879477,N#Cc1ccc(C(=O)Nc2ccc(Br)cc2O)cn1,4.024255
Nc1ccc(N2CC(CNc3cccc(-c4cc(NC[C@@H]5Cc6ccccc6CN5)[nH]n4)c3)C2)cc1,7.579181,Nc1ccc(N2CC(C(=O)Nc3cccc(-c4cc(NC[C@@H]5Cc6ccccc6CN5)[nH]n4)c3)C2)cc1,7.651866
Nc1ccc(-c2cccc(NC[C@@H](Cc3ccc(O)cc3)NCc3ccc(CO[C@H]4CN5CCC4CC5)cc3)c2)cc1,7.157246,N[C@@H](CNc1cccc(-c2ccc(NC(=O)c3ccc(CO[C@H]4CN5CCC4CC5)cc3)cc2)c1)Cc1ccc(O)cc1,7.041453
COc1ccc(NCc2ccc3oc(-c4cccc(B(O)O)c4)nc3c2)c(NC[C@@H]2Cc3ccccc3CN2)c1,5.945193,COc1ccc(NCc2ccc3oc(-c4cccc(B(O)O)c4)nc3c2)c(NC(=O)[C@@H]2Cc3ccccc3CN2)c1,6.134539
O=C(NC1CCC1)c1ccccc1NCc1ccc2nc(C3CNC3)[nH]c2c1,6.875214,O=C(Nc1ccccc1C(=O)NC1CCC1)c1ccc2nc(C3CNC3)[nH]c2c1,7.16406
c1ccc2c(c1)C[C@@H](c1nc3cc(-c4nnnn4CC4CC4)ccc3[nH]1)N(Cc1ccc3nc(C4CNC4)[nH]c3c1)C2,7.572285,O=C(c1ccc2nc(C3CNC3)[nH]c2c1)N1Cc2ccccc2C[C@H]1c1nc2cc(-c3nnnn3CC3CC3)ccc2[nH]1,6.222268
Nc1ccc(CN2CCNCC2)cc1O,3.215797,Nc1ccc(C(=O)N2CCNCC2)cc1O,4.100451
O=C(O)C1CN(CC2CCN(Cc3ncc[nH]3)CC2)C1,3.178991,O=C(O)C1CN(C(=O)C2CCN(Cc3ncc[nH]3)CC2)C1,4.34062
O=Cc1ccnc(-c2cccc(NCc3ccc(CNC45CC(C4)C5)cc3)c2)c1,6.939884,O=Cc1ccnc(-c2cccc(NCc3ccc(C(=O)NC45CC(C4)C5)cc3)c2)c1,6.954434
Nc1cccc(-c2ccc3[nH]c([C@H]4CCCN4Cc4ccc(-c5nnn(CC6CC6)n5)nc4)nc3c2)c1,7.460648,Nc1cccc(-c2ccc3[nH]c([C@H]4CCCN4C(=O)c4ccc(-c5nnn(CC6CC6)n5)nc4)nc3c2)c1,7.039124
Brc1ccc(NCc2ccccn2)cc1,3.980532,O=C(Nc1ccc(Br)cc1)c1ccccn1,4.36545
O=C(NCCc1c[nH]c2ccccc12)[C@@H](NCC1CCN1)c1ccccc1,6.409468,O=C(N[C@H](C(=O)NCCc1c[nH]c2ccccc12)c1ccccc1)C1CCN1,6.657664
Nc1ccccc1CN1CC(C(=O)O)C1,3.101268,Nc1ccccc1C(=O)N1CC(C(=O)O)C1,3.672787
O=C(Nc1ccnc2ccccc12)c1ccc(CN(C[C@@H]2Cc3ccccc3CN2)c2cccc3ccn(CC4CC4)c23)cc1,7.520466,O=C(Nc1ccnc2ccccc12)c1ccc(CN(C(=O)[C@@H]2Cc3ccccc3CN2)c2cccc3ccn(CC4CC4)c23)cc1,7.549433
O=C(O)[C@@H]1Cc2ccccc2CN1Cc1ccc(CCl)cc1,4.484783,O=C(O)[C@@H]1Cc2ccccc2CN1C(=O)c1ccc(CCl)cc1,4.63192
O=C1CN(Cc2ccc3nc(-c4cccc(-c5ccc(NCc6ccc(CCl)cc6)cc5)c4)oc3c2)C1,6.37791,O=C1CN(Cc2ccc3nc(-c4cccc(-c5ccc(NC(=O)c6ccc(CCl)cc6)cc5)c4)oc3c2)C1,6.563717
Nc1ccc(-c2cccc(NCc3ccc(CO[C@H]4CN5CCC4CC5)cc3)c2)cc1,7.709833,Nc1ccc(-c2cccc(NC(=O)c3ccc(CO[C@H]4CN5CCC4CC5)cc3)c2)cc1,7.862263
c1ccc2c(c1)CN[C@H](CNCc1cn(Cc3ccc(-c4nnn(CC5CC5)n4)cc3)c3ccccc13)C2,8.006315,O=C(NCc1cn(Cc2ccc(-c3nnn(CC4CC4)n3)cc2)c2ccccc12)[C@@H]1Cc2ccccc2CN1,8.116267
O=C(O)c1ccc2nc(-c3cnccc3NCc3ccc4oc(-c5ccc6nc(C7CNC7)oc6c5)nc4c3)[nH]c2c1,7.028652,O=C(O)c1ccc2nc(-c3cnccc3NC(=O)c3ccc4oc(-c5ccc6nc(C7CNC7)oc6c5)nc4c3)[nH]c2c1,5.564026
O=C(Nc1cccc2ccn(CC3CC3)c12)c1cccc(CN(CCc2c[nH]c3ccccc23)C[C@@H]2Cc3ccccc3CN2)c1,7.343093,O=C(Nc1cccc2ccn(CC3CC3)c12)c1cccc(CN(CCc2c[nH]c3ccccc23)C(=O)[C@@H]2Cc3ccccc3CN2)c1,7.389067
O=C(Nc1ccccn1)C1CN(CC2CNC2)C1,5.573686,O=C(Nc1ccccn1)C1CN(C(=O)C2CNC2)C1,6.677751
c1cc(NCc2ccc3nc(C4CNC4)[nH]c3c2)cc(-c2cncc(-c3nnn(CC4CC4)n3)c2)c1,8.212475,O=C(Nc1cccc(-c2cncc(-c3nnn(CC4CC4)n3)c2)c1)c1ccc2nc(C3CNC3)[nH]c2c1,7.6423
O=C(NC1CC1)c1cccc(-c2nc3ccc(CNc4ccc(Br)cc4)cc3o2)c1,7.483346,O=C(Nc1ccc(Br)cc1)c1ccc2nc(-c3cccc(C(=O)NC4CC4)c3)oc2c1,7.526541
O=C(NCCc1c[nH]c2ccccc12)[C@@H]1CCCN1Cc1ccc2nc(C3CNC3)oc2c1,7.659877,O=C(NCCc1c[nH]c2ccccc12)[C@@H]1CCCN1C(=O)c1ccc2nc(C3CNC3)oc2c1,7.501722
c1cc(NCc2ccc(-c3nnn(CC4CC4)n3)nc2)c2c(c1)ccn2CC1CC1,8.02693,O=C(Nc1cccc2ccn(CC3CC3)c12)c1ccc(-c2nnn(CC3CC3)n2)nc1,8.05913
c1cc(Cn2cc(CNCc3ccc4oc(C5CNC5)nc4c3)nn2)cc(-c2nnn(CC3CC3)n2)c1,7.906913,O=C(NCc1cn(Cc2cccc(-c3nnn(CC4CC4)n3)c2)nn1)c1ccc2oc(C3CNC3)nc2c1,8.077112
Fc1ccc(CNc2ccc(Br)cc2)cc1,4.208939,O=C(Nc1ccc(Br)cc1)c1ccc(F)cc1,4.499503
OB(O)c1ccc(NCc2ccc(CNc3ccc(Br)cc3)cc2)cc1,4.607968,O=C(Nc1ccc(B(O)O)cc1)c1ccc(CNc2ccc(Br)cc2)cc1,4.96166
O=C(Nc1cccc2cc[nH]c12)c1cccc(-c2ccc(NCc3ccc4[nH]c(C5CNC5)nc4c3)cc2)c1,7.830018,O=C(Nc1ccc(-c2cccc(C(=O)Nc3cccc4cc[nH]c34)c2)cc1)c1ccc2[nH]c(C3CNC3)nc2c1,7.322634
c1cc2nc(C3CNC3)oc2cc1CNc1ccc(-c2ccc3oc([C@@H]4CCCN4)nc3c2)cc1,7.992773,O=C(Nc1ccc(-c2ccc3oc([C@@H]4CCCN4)nc3c2)cc1)c1ccc2nc(C3CNC3)oc2c1,6.851082
O=C(O)c1ccc2nc(-c3cccc(N4CCC(CN5CCC5CNC56CC(C5)C6)CC4)c3)oc2c1,6.898594,O=C(NC12CC(C1)C2)c1ccc2nc(-c3cccc(N4CCC(CN5CCC5C(=O)O)CC4)c3)oc2c1,6.878697
O=C(NCCc1ccccc1)N1CCN(Cc2ccc(-c3nc4cc(-c5nnn(CC6CC6)n5)ccc4[nH]3)cc2)CC1,7.789369,O=C(NCCc1ccccc1)N1CCN(C(=O)c2ccc(-c3nc4cc(-c5nnn(CC6CC6)n5)ccc4[nH]3)cc2)CC1,7.151032
c1cc(NCc2ccc3nc([C@@H]4CCCN4)oc3c2)cc(-c2cccc3[nH]c(C4CCN4)nc23)c1,7.890996,O=C(Nc1cccc(-c2cccc3[nH]c(C4CCN4)nc23)c1)c1ccc2nc([C@@H]3CCCN3)oc2c1,6.645302
C[C@@H](NC[C@H](N)c1ccccc1)c1ccccc1,4.081602,C[C@@H](NC(=O)[C@H](N)c1ccccc1)c1ccccc1,4.896333
COc1ccc2nc([C@@H]3Cc4ccccc4CN3C[C@@H]3Cc4ccccc4CN3)[nH]c2c1,6.431353,COc1ccc2nc([C@@H]3Cc4ccccc4CN3C(=O)[C@@H]3Cc4ccccc4CN3)[nH]c2c1,6.258273
O=C(O)c1ccc2[nH]c(C3(NCc4ccc(-c5nnn(CC6CC6)n5)nc4)CCC3)nc2c1,7.210453,O=C(O)c1ccc2[nH]c(C3(NC(=O)c4ccc(-c5nnn(CC6CC6)n5)nc4)CCC3)nc2c1,6.985459
N#Cc1ccc(CN2Cc3ccccc3C[C@H]2C(=O)O)cn1,4.755165,N#Cc1ccc(C(=O)N2Cc3ccccc3C[C@H]2C(=O)O)cn1,4.788476
O=C(O)c1ccc(O)c(NC(=O)c2ccc3[nH]c(C4(NCc5ccc6nc(C7CNC7)oc6c5)CCC4)nc3c2)c1,6.956795,O=C(O)c1ccc(O)c(NC(=O)c2ccc3[nH]c(C4(NC(=O)c5ccc6nc(C7CNC7)oc6c5)CCC4)nc3c2)c1,6.769317
Nc1cc(-c2cccc(NCC3CNC3)c2)ccc1NCc1ccc2nc(C3CNC3)oc2c1,7.878636,Nc1cc(-c2cccc(NC(=O)C3CNC3)c2)ccc1NCc1ccc2nc(C3CNC3)oc2c1,7.671016
c1cc(-c2ccc(NCC3CCN3)cc2)cc(-c2nnn(Cc3ccc(-c4nnn(CC5CC5)n4)cc3)n2)c1,8.132954,O=C(Nc1ccc(-c2cccc(-c3nnn(Cc4ccc(-c5nnn(CC6CC6)n5)cc4)n3)c2)cc1)C1CCN1,7.991635
O=C(NCCc1c[nH]c2ccccc12)c1ccccc1NCc1ccc2oc(-c3ccc(-c4nnn(CC5CC5)n4)nc3)nc2c1,7.675994,O=C(Nc1ccccc1C(=O)NCCc1c[nH]c2ccccc12)c1ccc2oc(-c3ccc(-c4nnn(CC5CC5)n4)nc3)nc2c1,7.671599
N#Cc1ccc(CN(Cc2ccc3nc(C4CNC4)oc3c2)C2(C(=O)NC3CC3)CCC2)cn1,7.30969,N#Cc1ccc(C(=O)N(Cc2ccc3nc(C4CNC4)oc3c2)C2(C(=O)NC3CC3)CCC2)cn1,7.137999
ClCc1ccccc1CNc1n[nH]cc1Br,3.041929,O=C(Nc1n[nH]cc1Br)c1ccccc1CCl,3.381097
C[C@H](NCc1cccc(-c2nc3ccc(NCc4cn(CC5CC5)c5ccccc45)cc3o2)c1)c1ccccc1,7.567837,C[C@H](NC(=O)c1cccc(-c2nc3ccc(NCc4cn(CC5CC5)c5ccccc45)cc3o2)c1)c1ccccc1,7.849513
O=C(O)c1ccc2[nH]c(C3(NCC4CCN4)CCC3)nc2c1,6.190062,O=C(O)c1ccc2[nH]c(C3(NC(=O)C4CCN4)CCC3)nc2c1,6.148185
c1ccc(CNCc2ccc3oc(C4CNC4)nc3c2)cc1,7.483282,O=C(NCc1ccccc1)c1ccc2oc(C3CNC3)nc2c1,7.664294
C[C@@H](NC(=O)C1CNC1)c1nc2ccc(CNCc3c[nH]c4ccccc34)cc2o1,7.450472,C[C@@H](NC(=O)C1CNC1)c1nc2ccc(C(=O)NCc3c[nH]c4ccccc34)cc2o1,7.690749
O=C(O)[C@H]1CCCN(C(=O)C2CN(C(=O)[C@@H](NCc3ccc(-c4nnn(CC5CC5)n4)nc3)c3ccccc3)C2)C1,6.462057,O=C(N[C@H](C(=O)N1CC(C(=O)N2CCC[C@H](C(=O)O)C2)C1)c1ccccc1)c1ccc(-c2nnn(CC3CC3)n2)nc1,6.274287
O=C(c1cccc(F)n1)N1CC(CNc2ccc(NCc3cn(CC4CC4)c4ccccc34)cc2)C1,7.272506,O=C(Nc1ccc(NCc2cn(CC3CC3)c3ccccc23)cc1)C1CN(C(=O)c2cccc(F)n2)C1,7.617503
Fc1nc(NC[C@@H]2Cc3ccccc3CN2Cc2ccc3nc(-c4ccc(CO[C@H]5CN6CCC5CC6)cc4)oc3c2)c2nc[nH]c2n1,7.492108,O=C(c1ccc2nc(-c3ccc(CO[C@H]4CN5CCC4CC5)cc3)oc2c1)N(C[C@@H]1Cc2ccccc2CN1)c1nc(F)nc2[nH]cnc12,7.73473
c1cc2nc(C3CNC3)oc2cc1CNc1ccc(-c2cn(CC3CC3)cn2)cn1,8.315493,O=C(Nc1ccc(-c2cn(CC3CC3)cn2)cn1)c1ccc2nc(C3CNC3)oc2c1,6.577674
c1cc(-c2nnn(CC3CC3)n2)ncc1CN1CCC[C@@H]1c1nc2cc(-c3nnnn3CC3CC3)ccc2o1,7.976535,O=C(c1ccc(-c2nnn(CC3CC3)n2)nc1)N1CCC[C@@H]1c1nc2cc(-c3nnnn3CC3CC3)ccc2o1,7.361809
Cc1cc(-c2cccc(-c3nnn(CC4CC4)n3)c2)cnc1NC(=O)C1CN(C[C@@H]2Cc3ccccc3CN2)C1,7.627174,Cc1cc(-c2cccc(-c3nnn(CC4CC4)n3)c2)cnc1NC(=O)C1CN(C(=O)[C@@H]2Cc3ccccc3CN2)C1,7.132266
O=C(Nc1ccnc2ccccc12)c1ccc(CN(Cc2ccc3nc(C4CNC4)oc3c2)c2ccnc3ccccc23)cc1,7.626448,O=C(Nc1ccnc2ccccc12)c1ccc(CN(C(=O)c2ccc3nc(C4CNC4)oc3c2)c2ccnc3ccccc23)cc1,7.636147
O=C(O)c1ccc2nc(-c3ccc(CN4CCC[C@H](CNC56CC(C5)C6)C4)cc3)oc2c1,5.871321,O=C(NC12CC(C1)C2)c1ccc2nc(-c3ccc(CN4CCC[C@H](C(=O)O)C4)cc3)oc2c1,6.041675
c1cc(CNC23CC(C2)C3)c2nc(C3CNC3)oc2c1,7.612935,O=C(NC12CC(C1)C2)c1cccc2oc(C3CNC3)nc12,7.471427
NCCc1ccccc1N(Cc1ccc2nc(-c3ccc(C(=O)NC4CC4)cc3)oc2c1)C1(C(=O)O)CCC1,6.389347,NCCc1ccccc1N(C(=O)c1ccc2nc(-c3ccc(C(=O)NC4CC4)cc3)oc2c1)C1(C(=O)O)CCC1,6.1552
COC(=O)c1cccc(CN(C[C@@H]2Cc3ccccc3CN2)c2cccc(-c3cc(NC[C@@H]4Cc5ccccc5CN4)[nH]n3)c2)c1,6.722968,COC(=O)c1cccc(CN(C(=O)[C@@H]2Cc3ccccc3CN2)c2cccc(-c3cc(NC[C@@H]4Cc5ccccc5CN4)[nH]n3)c2)c1,6.819602
O=Cc1cccc(-c2cccc(NCC3CNC3)c2)c1,6.166343,O=Cc1cccc(-c2cccc(NC(=O)C3CNC3)c2)c1,6.977472
Oc1cc(Br)ccc1NCC1CCN1,4.781558,O=C(Nc1ccc(Br)cc1O)C1CCN1,5.096186
O=C(Nc1cc(-c2cccc(NCc3ccc(F)cc3)c2)n[nH]1)C1CNC1,7.774367,O=C(Nc1cccc(-c2cc(NC(=O)C3CNC3)[nH]n2)c1)c1ccc(F)cc1,7.811966
FC(F)(F)c1ccc(CNc2ccc(-c3cc(NCc4ccc5[nH]c(C6CNC6)nc5c4)[nH]n3)cc2)cc1,7.641593,O=C(Nc1cc(-c2ccc(NCc3ccc(C(F)(F)F)cc3)cc2)n[nH]1)c1ccc2[nH]c(C3CNC3)nc2c1,7.59585
O=Cc1ccc(-c2nc3cc(-c4cccc(NCc5cccc(-c6cncc(C=O)c6)c5)c4)ccc3[nH]2)cc1,6.48093,O=Cc1ccc(-c2nc3cc(-c4cccc(NC(=O)c5cccc(-c6cncc(C=O)c6)c5)c4)ccc3[nH]2)cc1,6.474504
Brc1ccc(NCc2ccc3oc(C4CCN4)nc3c2)cc1,6.833672,O=C(Nc1ccc(Br)cc1)c1ccc2oc(C3CCN3)nc2c1,6.855235
Fc1ncc(-c2cccc(NCC3CN(Cc4ccc5nc(C6CNC6)[nH]c5c4)C3)c2)cn1,7.883531,O=C(c1ccc2nc(C3CNC3)[nH]c2c1)N(CC1CNC1)c1cccc(-c2cnc(F)nc2)c1,7.293435
O=C(Nc1ccnc2ccccc12)C1CCN1C1CN(Cc2cccc3oc(C4CNC4)nc23)C1,7.094969,O=C(Nc1ccnc2ccccc12)C1CCN1C1CN(C(=O)c2cccc3oc(C4CNC4)nc23)C1,5.969835
O=C(Nc1ccccc1)Nc1ccc(-c2cccc(NC(=O)C3CCN3C[C@@H]3Cc4ccccc4CN3)c2)cc1,7.514938,O=C(Nc1ccccc1)Nc1ccc(-c2cccc(NC(=O)C3CCN3C(=O)[C@@H]3Cc4ccccc4CN3)c2)cc1,7.337797
c1cc(NCc2ccc3oc([C@H]4CCCNC4)nc3c2)cc(-c2cncc(-c3nnn(CC4CC4)n3)c2)c1,8.00397,O=C(Nc1cccc(-c2cncc(-c3nnn(CC4CC4)n3)c2)c1)c1ccc2oc([C@H]3CCCNC3)nc2c1,7.608158
O=Cc1ccc(-c2csc(-c3cccc(NCc4ccc5nc(C6CNC6)oc5c4)c3)n2)cc1,7.486588,O=Cc1ccc(-c2csc(-c3cccc(NC(=O)c4ccc5nc(C6CNC6)oc5c4)c3)n2)cc1,7.199038
OB(O)c1ccc(NCc2cccc(CNc3ccnc4ccccc34)c2)cc1,4.825859,O=C(Nc1ccnc2ccccc12)c1cccc(CNc2ccc(B(O)O)cc2)c1,4.995
C[C@@H](N)CN1CCC(C(=O)O)CC1,2.213517,C[C@@H](N)C(=O)N1CCC(C(=O)O)CC1,2.226012
c1cc(-c2nnn(CC3CC3)n2)ncc1CN1CCC[C@H]1c1nc2cc(-c3nnn(CC4CC4)n3)ccc2o1,8.083353,O=C(c1ccc(-c2nnn(CC3CC3)n2)nc1)N1CCC[C@H]1c1nc2cc(-c3nnn(CC4CC4)n3)ccc2o1,7.220117
OB(O)c1cccc(NCc2ccc3oc(-c4ccc(COCC5CNC5)cc4)nc3c2)c1,6.162042,O=C(Nc1cccc(B(O)O)c1)c1ccc2oc(-c3ccc(COCC4CNC4)cc3)nc2c1,6.236804
O=C(O)[C@@H]1Cc2ccccc2CN1Cc1ccc(-c2nnn(CC3CC3)n2)nc1,6.987662,O=C(O)[C@@H]1Cc2ccccc2CN1C(=O)c1ccc(-c2nnn(CC3CC3)n2)nc1,6.64529
Oc1ccc(CNCc2ccc(C(F)(F)F)cc2)cc1Nc1ccnc(F)c1,4.620593,O=C(NCc1ccc(C(F)(F)F)cc1)c1ccc(O)c(Nc2ccnc(F)c2)c1,5.374459
N[C@@H](CNC1(C(=O)O)CCC1)Cc1c[nH]c2ccccc12,3.176588,NC1(C(=O)N[C@H](Cc2c[nH]c3ccccc23)C(=O)O)CCC1,3.469295
O=Cc1cccc(CNc2cccc3cc[nH]c23)c1,3.925332,O=Cc1cccc(C(=O)Nc2cccc3cc[nH]c23)c1,4.416083
C[C@H](NC[C@@H]1Cc2ccccc2CN1)c1ccccc1,6.018794,C[C@H](NC(=O)[C@@H]1Cc2ccccc2CN1)c1ccccc1,6.426146
O=Cc1ccnc(N(CC2CCN2)c2cccc(B(O)O)c2)c1,3.8175,O=Cc1ccnc(N(C(=O)C2CCN2)c2cccc(B(O)O)c2)c1,4.124691
O=C(NCc1ccccc1)c1ccc2nc(-c3cccc4oc(C5CN(C[C@@H]6Cc7ccccc7CN6)C5)nc34)oc2c1,7.507272,O=C(NCc1ccccc1)c1ccc2nc(-c3cccc4oc(C5CN(C(=O)[C@@H]6Cc7ccccc7CN6)C5)nc34)oc2c1,7.313105
OB(O)c1cccc(-c2nc3ccc(CNCCc4ccncc4)cc3o2)c1,4.976547,O=C(NCCc1ccncc1)c1ccc2nc(-c3cccc(B(O)O)c3)oc2c1,5.098772
O=C1CN(C[C@@H]2Cc3ccccc3CN2)C1,4.769876,O=C1CN(C(=O)[C@@H]2Cc3ccccc3CN2)C1,5.529469
c1cc2[nH]c(C3CNC3)nc2cc1CNc1ccc(-c2cc(NCC3CCN3)[nH]n2)cc1,8.163946,O=C(Nc1cc(-c2ccc(NCc3ccc4[nH]c(C5CNC5)nc4c3)cc2)n[nH]1)C1CCN1,7.973619
Nc1ccc(-c2ccc(NC(=O)C3CN(Cc4ccc(-c5nnn(CC6CC6)n5)nc4)C3)nc2)cc1,7.445724,Nc1ccc(-c2ccc(NC(=O)C3CN(C(=O)c4ccc(-c5nnn(CC6CC6)n5)nc4)C3)nc2)cc1,5.491151
O=Cc1cccc(Nc2ccccc2C(=O)N2CCC(CNCCc3cn(CC4CC4)c4ccccc34)CC2)c1,6.560572,O=Cc1cccc(Nc2ccccc2C(=O)N2CCC(C(=O)NCCc3cn(CC4CC4)c4ccccc34)CC2)c1,6.761201
NCCNc1ccc(Br)cc1,2.157263,NCC(=O)Nc1ccc(Br)cc1,2.401016
c1ccc2c(c1)CN[C@H](c1nc3ccc(NCc4ccc5oc(C6CNC6)nc5c4)cc3o1)C2,7.928399,O=C(Nc1ccc2nc([C@@H]3Cc4ccccc4CN3)oc2c1)c1ccc2oc(C3CNC3)nc2c1,7.730966
Nc1c(O)cccc1CNCc1ccccc1,4.580295,Nc1c(O)cccc1C(=O)NCc1ccccc1,4.237025
C[C@H](NC(=O)C1CCN1C[C@@H]1Cc2ccccc2CN1)c1ccccc1,6.906267,C[C@H](NC(=O)C1CCN1C(=O)[C@@H]1Cc2ccccc2CN1)c1ccccc1,7.058298
c1ccc(CNCc2cccc(CNc3ccccn3)c2)cc1,5.601031,O=C(NCc1ccccc1)c1cccc(CNc2ccccn2)c1,5.577439
O=C(Nc1ccccn1)C1(NCc2ccc3oc(C4CNC4)nc3c2)CCC1,7.900834,O=C(NC1(C(=O)Nc2ccccn2)CCC1)c1ccc2oc(C3CNC3)nc2c1,7.479628
c1cc(CNCCc2cn(CC3CC3)c3ccccc23)cc(-c2nc3cc(-c4nnn(CC5CC5)n4)ccc3o2)c1,8.073386,O=C(NCCc1cn(CC2CC2)c2ccccc12)c1cccc(-c2nc3cc(-c4nnn(CC5CC5)n4)ccc3o2)c1,8.197942
O=C(O)C1CN(C[C@@H]2Cc3ccccc3CN2)C1,4.912986,O=C(O)C1CN(C(=O)[C@@H]2Cc3ccccc3CN2)C1,5.686424
O=Cc1ccc(CN(Cc2ccc(C(=O)NC3CC3)cc2)c2ccc(-c3ccc4[nH]ccc4c3)cc2)cc1,6.395794,O=Cc1ccc(C(=O)N(Cc2ccc(C(=O)NC3CC3)cc2)c2ccc(-c3ccc4[nH]ccc4c3)cc2)cc1,6.427674
C[C@@H](NC(=O)c1ccccc1NCc1ccc2nc([C@@H]3CCCN3)oc2c1)c1ccccc1,6.830323,C[C@@H](NC(=O)c1ccccc1NC(=O)c1ccc2nc([C@@H]3CCCN3)oc2c1)c1ccccc1,7.226436
Brc1ccc(NCc2cccc3oc(-c4ccc(CO[C@H]5CN6CCC5CC6)cc4)nc23)cc1,7.561264,O=C(Nc1ccc(Br)cc1)c1cccc2oc(-c3ccc(CO[C@H]4CN5CCC4CC5)cc3)nc12,7.585345
O=C(O)C1CCN(Cc2cccc(N3CCC[C@H]3c3nc4ccccc4o3)n2)CC1,5.042145,O=C(O)C1CCN(C(=O)c2cccc(N3CCC[C@H]3c3nc4ccccc4o3)n2)CC1,5.365058
Nc1ccc(-c2cc(NCc3ccc(N)c(N)c3)[nH]n2)cc1,4.688895,Nc1cc(-c2ccc(NC(=O)c3ccc(N)c(N)c3)cc2)n[nH]1,5.133291
Brc1ncccc1NCC1CCN1,4.590468,O=C(Nc1cccnc1Br)C1CCN1,5.36236
O=C(N[C@H](CNc1ccc(-c2cccc(-c3nnn(CC4CC4)n3)c2)cc1)c1ccccc1)C1CCNCC1,7.785756,O=C(N[C@H](C(=O)Nc1ccc(-c2cccc(-c3nnn(CC4CC4)n3)c2)cc1)c1ccccc1)C1CCNCC1,7.364781
OB(O)c1ccc(F)c(CN[C@H](CNc2ccc(Br)cc2)Cc2c[nH]c3ccccc23)c1,4.034971,O=C(Nc1ccc(Br)cc1)[C@H](Cc1c[nH]c2ccccc12)NCc1cc(B(O)O)ccc1F,4.305983
c1ccc2c(NCc3ccc4oc(-c5ccc6nc(C7CN(CC8CCN8)C7)oc6c5)nc4c3)ccnc2c1,6.869913,O=C(C1CCN1)N(Cc1ccc2oc(-c3ccc4nc(C5CNC5)oc4c3)nc2c1)c1ccnc2ccccc12,7.802723
N#Cc1cccc(-c2ccc(NCC3CCN3)cc2)c1,6.83872,N#Cc1cccc(-c2ccc(NC(=O)C3CCN3)cc2)c1,7.272892
Nc1cc(-c2cccc(NCC3(NC[C@@H]4Cc5ccccc5CN4)CCC3)c2)n[nH]1,6.530609,NC1(CNc2cccc(-c3cc(NC(=O)[C@@H]4Cc5ccccc5CN4)[nH]n3)c2)CCC1,6.665224
c1ccc2c(c1)CN[C@H](CNc1ccc(-c3ccc(NCc4ccc(CNC56CC(C5)C6)cc4)nc3)cc1)C2,7.915238,O=C(Nc1ccc(-c2ccc(NCc3ccc(CNC45CC(C4)C5)cc3)nc2)cc1)[C@@H]1Cc2ccccc2CN1,7.850468
O=Cc1c[nH]c2ccc(-c3ccc(NCc4ccc5oc(-c6ccc(-c7nnn(CC8CC8)n7)nc6)nc5c4)cc3)cc12,7.492456,O=Cc1c[nH]c2ccc(-c3ccc(NC(=O)c4ccc5oc(-c6ccc(-c7nnn(CC8CC8)n7)nc6)nc5c4)cc3)cc12,6.922755
O=C(O)c1ccc(Cn2ccc3cccc(NCC4CNC4)c32)cc1,5.372506,O=C(O)c1ccc(Cn2ccc3cccc(NC(=O)C4CNC4)c32)cc1,6.407722
c1cc(COC[C@H]2CCCN2Cc2ccc3[nH]c(C4CNC4)nc3c2)cc(-c2nnn(CC3CC3)n2)c1,8.023349,O=C(c1ccc2[nH]c(C3CNC3)nc2c1)N1CCC[C@@H]1COCc1cccc(-c2nnn(CC3CC3)n2)c1,7.749527
O=C(O)C1CCN1Cc1ccccc1CCl,3.014239,O=C(O)C1CCN1C(=O)c1ccccc1CCl,3.363042
c1cc2nc([C@@H]3CCCN3C[C@@H]3CCCNC3)oc2cc1-c1cn(CC2CC2)nn1,6.833012,O=C([C@@H]1CCCNC1)N1CCC[C@H]1c1nc2ccc(-c3cn(CC4CC4)nn3)cc2o1,7.479454
O=C(O)c1ccc2nc(-c3ccc(Cn4cc(CNC[C@@H]5Cc6ccccc6CN5)c5ccccc54)cc3)oc2c1,6.971874,O=C(O)c1ccc2nc(-c3ccc(Cn4cc(CNC(=O)[C@@H]5Cc6ccccc6CN5)c5ccccc54)cc3)oc2c1,7.13498
O=C(NC1CC1)c1cccc(CNC2(CNc3cccc4cc[nH]c34)CCC2)c1,6.107692,O=C(NC1CC1)c1cccc(CNC2(C(=O)Nc3cccc4cc[nH]c34)CCC2)c1,7.384062
ClCc1ccc(-c2nc3cc(CNc4ccc(-c5cn(CC6CC6)cn5)cc4)ccc3o2)cc1,7.503031,O=C(Nc1ccc(-c2cn(CC3CC3)cn2)cc1)c1ccc2oc(-c3ccc(CCl)cc3)nc2c1,7.409737
O=C(O)c1ccc(-c2nc3ccc(CN4CCC[C@H]4C(=O)Nc4cccc(-c5c[nH]cn5)c4)cc3o2)cc1,6.797621,O=C(O)c1ccc(-c2nc3ccc(C(=O)N4CCC[C@H]4C(=O)Nc4cccc(-c5c[nH]cn5)c4)cc3o2)cc1,6.655465
O=Cc1ccc(CNc2cc(-c3cccc(-c4nnn(CC5CC5)n4)c3)n[nH]2)cc1,7.062237,O=Cc1ccc(C(=O)Nc2cc(-c3cccc(-c4nnn(CC5CC5)n4)c3)n[nH]2)cc1,7.38738
c1cc(NCC2CNC2)cc(-c2ccc3oc(-c4nc5ccccc5n4CC4CC4)nc3c2)c1,7.815057,O=C(Nc1cccc(-c2ccc3oc(-c4nc5ccccc5n4CC4CC4)nc3c2)c1)C1CNC1,8.046626
Oc1ccc(-c2nc3ccc(Br)cc3o2)cc1NCc1ccc(CO[C@H]2CN3CCC2CC3)cc1,7.468933,O=C(Nc1cc(-c2nc3ccc(Br)cc3o2)ccc1O)c1ccc(CO[C@H]2CN3CCC2CC3)cc1,7.490808
N#Cc1ccc(CN2CC(C(=O)Nc3cc(-c4cccc(Nc5ccnc(F)c5)c4)n[nH]3)C2)cn1,6.524095,N#Cc1ccc(C(=O)N(c2cccc(-c3cc(NC(=O)C4CNC4)[nH]n3)c2)c2ccnc(F)c2)cn1,7.318677
N[C@@H](CNc1ccc(-c2cccc(NCc3ccc4[nH]c(C5CNC5)nc4c3)c2)cc1)c1ccccc1,7.745088,N[C@@H](C(=O)Nc1ccc(-c2cccc(NCc3ccc4[nH]c(C5CNC5)nc4c3)c2)cc1)c1ccccc1,8.19608
c1ccc2c(c1)CN[C@H](CN1CCC[C@@H]1c1nc3ccc(CNCc4cn(CC5CC5)c5ccccc45)cc3o1)C2,7.736209,O=C([C@@H]1Cc2ccccc2CN1)N(Cc1ccc2nc([C@H]3CCCN3)oc2c1)Cc1cn(CC2CC2)c2ccccc12,7.503881
O=C(Nc1cccc(-c2ccc3oc(-c4ccc(CN5CCC5C(=O)O)cc4)nc3c2)c1)c1ccccn1,6.675373,O=C(Nc1cccc(-c2ccc3oc(-c4ccc(C(=O)N5CCC5C(=O)O)cc4)nc3c2)c1)c1ccccn1,6.773618
c1ccc2c(c1)N(CC1CCN1)C(c1ccnc(NC34CC(C3)C4)c1)c1cccn1-2,2.637996,O=C(C1CCN1)N(c1cc(C2Nc3ccccc3-n3cccc32)ccn1)C12CC(C1)C2,1.55062
N#Cc1ccc(NCc2ccc3nc(C4CNC4)oc3c2)cc1,7.110064,N#Cc1ccc(NC(=O)c2ccc3nc(C4CNC4)oc3c2)cc1,7.307619
c1cc(Nc2cc(NC[C@@H]3Cc4ccccc4CN3)[nH]n2)cc(-c2cncc(-c3nnn(CC4CC4)n3)c2)c1,7.991661,O=C(Nc1cc(Nc2cccc(-c3cncc(-c4nnn(CC5CC5)n4)c3)c2)n[nH]1)[C@@H]1Cc2ccccc2CN1,7.950678
OB(O)c1ccc(NCc2ccc(NCc3ccc4oc(C5CNC5)nc4c3)c(O)c2)cc1,6.08151,O=C(Nc1ccc(CNc2ccc(B(O)O)cc2)cc1O)c1ccc2oc(C3CNC3)nc2c1,6.144948
O=C(NCCc1c[nH]c2ccccc12)[C@H]1CCCN1C(=O)c1ccc2[nH]c(C3CN(CC4CCN4)C3)nc2c1,6.819306,O=C(NCCc1c[nH]c2ccccc12)[C@H]1CCCN1C(=O)c1ccc2[nH]c(C3CN(C(=O)C4CCN4)C3)nc2c1,7.181994
COc1ccc(-c2cccc(NC(=O)[C@@H]3Cc4ccccc4CN3Cc3ccc4[nH]c(C5CNC5)nc4c3)c2)cn1,7.598377,COc1ccc(-c2cccc(NC(=O)[C@@H]3Cc4ccccc4CN3C(=O)c3ccc4[nH]c(C5CNC5)nc4c3)c2)cn1,6.402657
OB(O)c1cccc(NCc2cccc3oc(C4CNC4)nc23)c1,5.346526,O=C(Nc1cccc(B(O)O)c1)c1cccc2oc(C3CNC3)nc12,5.422451
Nc1ccc(-c2cccc(NCc3ccccc3NCc3ccc(-c4nnn(CC5CC5)n4)nc3)c2)cc1,7.503241,Nc1ccc(-c2cccc(NCc3ccccc3NC(=O)c3ccc(-c4nnn(CC5CC5)n4)nc3)c2)cc1,7.543602
c1ccc2c(c1)CN[C@H](CN1CC(c3nc4cccc(NCc5cn(CC6CC6)nn5)c4o3)C1)C2,7.677124,O=C([C@@H]1Cc2ccccc2CN1)N(Cc1cn(CC2CC2)nn1)c1cccc2nc(C3CNC3)oc12,7.402079
c1cc(-c2ccc(NCc3ccc4nc(C5CNC5)[nH]c4c3)cc2)cc(-c2nnn(CC3CC3)n2)c1,8.279511,O=C(Nc1ccc(-c2cccc(-c3nnn(CC4CC4)n3)c2)cc1)c1ccc2nc(C3CNC3)[nH]c2c1,7.516831
O=C(Nc1ccnc2ccccc12)C1CCN1Cc1ccc(-c2nnn(CC3CC3)n2)nc1,7.942302,O=C(Nc1ccnc2ccccc12)C1CCN1C(=O)c1ccc(-c2nnn(CC3CC3)n2)nc1,7.647648
c1ccc2c(c1)CN[C@H](CN1CC(c3nc4ccc(CNCCc5cn(CC6CC6)c6ccccc56)cc4o3)C1)C2,7.747095,O=C([C@@H]1Cc2ccccc2CN1)N(CCc1cn(CC2CC2)c2ccccc12)Cc1ccc2nc(C3CNC3)oc2c1,7.681265
C[C@@H](NCc1cccc(O)c1N)c1ccccc1,4.140478,C[C@@H](NC(=O)c1cccc(O)c1N)c1ccccc1,4.128458
Fc1nc(NCc2cccc3oc(C4CN(C[C@@H]5Cc6ccccc6CN5)C4)nc23)c2ncn(CC3CC3)c2n1,7.35756,O=C([C@@H]1Cc2ccccc2CN1)N(Cc1cccc2oc(C3CNC3)nc12)c1nc(F)nc2c1ncn2CC1CC1,7.50404
Nc1ccccc1CNc1cc(Br)n[nH]1,3.253114,Nc1ccccc1C(=O)Nc1cc(Br)n[nH]1,3.655412
CC1(C)OB(c2ccc(NCC3CN(C(=O)c4ccc5oc(C6CNC6)nc5c4)C3)nc2)OC1(C)C,6.13576,CC1(C)OB(c2ccc(NC(=O)C3CN(C(=O)c4ccc5oc(C6CNC6)nc5c4)C3)nc2)OC1(C)C,6.497617
O=C(O)[C@H]1CCCN1Cc1ccccn1,2.757407,O=C(O)[C@H]1CCCN1C(=O)c1ccccn1,3.162815
O=C(O)C1CN(CC2CN(c3c[nH]cn3)C2)C1,3.073435,O=C(O)C1CN(C(=O)C2CN(c3c[nH]cn3)C2)C1,4.063114
O=C(NC1CC1)c1cccc(-c2cc(NCc3ccc4nc(C5CCN5)oc4c3)[nH]n2)c1,8.037576,O=C(Nc1cc(-c2cccc(C(=O)NC3CC3)c2)n[nH]1)c1ccc2nc(C3CCN3)oc2c1,6.441274
OB(O)c1ccc(NC[C@H](NCC2CNC2)c2ccccc2)cc1,4.213953,O=C(N[C@@H](CNc1ccc(B(O)O)cc1)c1ccccc1)C1CNC1,5.051496
O=C(Nc1ccnc2ccccc12)c1ccccc1NCc1ccc2nc(C3CNC3)oc2c1,7.472117,O=C(Nc1ccccc1C(=O)Nc1ccnc2ccccc12)c1ccc2nc(C3CNC3)oc2c1,7.585491
O=C(Nc1cc(-c2ccc3c(ccn3CC3CC3)c2)n[nH]1)[C@H](NC[C@@H]1Cc2ccccc2CN1)c1ccccc1,7.804716,O=C(N[C@@H](C(=O)Nc1cc(-c2ccc3c(ccn3CC3CC3)c2)n[nH]1)c1ccccc1)[C@@H]1Cc2ccccc2CN1,7.787124
O=C(O)[C@@H](NCc1ccc2oc(-c3ccc4nc(C5CNC5)oc4c3)nc2c1)c1ccccc1,6.874505,O=C(N[C@H](C(=O)O)c1ccccc1)c1ccc2oc(-c3ccc4nc(C5CNC5)oc4c3)nc2c1,6.806144
O=C(NC12CC(C1)C2)c1ccc2nc(-c3ccc(CN4CC(C(=O)NCCc5c[nH]c6ccccc56)C4)cc3)oc2c1,7.631389,O=C(NC12CC(C1)C2)c1ccc2nc(-c3ccc(C(=O)N4CC(C(=O)NCCc5c[nH]c6ccccc56)C4)cc3)oc2c1,7.466898
O=C(c1ccc2oc(C3CN(C4CNC4)C3)nc2c1)N1CC(CN2CCNCC2)C1,6.185358,O=C(c1ccc2oc(C3CN(C4CNC4)C3)nc2c1)N1CC(C(=O)N2CCNCC2)C1,5.303386
OB(O)c1ccc(NCc2cc(-c3c[nH]cn3)ccc2F)cc1,3.885459,O=C(Nc1ccc(B(O)O)cc1)c1cc(-c2c[nH]cn2)ccc1F,4.228804
O=C(Nc1cccc2cc[nH]c12)[C@H]1CCCN(Cc2ccc3oc(C4CNC4)nc3c2)C1,7.688421,O=C(Nc1cccc2cc[nH]c12)[C@H]1CCCN(C(=O)c2ccc3oc(C4CNC4)nc3c2)C1,7.537247
O=C(NC1CC1)c1ccc2nc(-c3ccc(CNc4ccc(-c5c[nH]cn5)cc4)cc3)oc2c1,7.519705,O=C(Nc1ccc(-c2c[nH]cn2)cc1)c1ccc(-c2nc3ccc(C(=O)NC4CC4)cc3o2)cc1,7.142884
OB(O)c1cccc(NCc2ccc(COCC3CNC3)cc2)c1,4.996477,O=C(Nc1cccc(B(O)O)c1)c1ccc(COCC2CNC2)cc1,5.393661
OB(O)c1cccc(-c2nc3cc(CNc4nc(F)nc5[nH]cnc45)ccc3o2)c1,4.674617,O=C(Nc1nc(F)nc2[nH]cnc12)c1ccc2oc(-c3cccc(B(O)O)c3)nc2c1,5.029701
OB(O)c1cccc(NCC2CCN2Cc2ccc3nc(C4CNC4)oc3c2)c1,6.123308,O=C(c1ccc2nc(C3CNC3)oc2c1)N(CC1CCN1)c1cccc(B(O)O)c1,5.910034
O=C(NCCc1cn(CC2CC2)c2ccccc12)[C@@H]1CCCN1CC1CCN1,7.734966,O=C(NCCc1cn(CC2CC2)c2ccccc12)[C@@H]1CCCN1C(=O)C1CCN1,7.699359
FC(F)(F)c1ccc(CNCc2ccc3nc(C4CNC4)[nH]c3c2)cc1,7.010816,O=C(NCc1ccc(C(F)(F)F)cc1)c1ccc2nc(C3CNC3)[nH]c2c1,7.309934
Cc1cc(-c2cccc(NCc3ccc(-c4nnn(CC5CC5)n4)nc3)c2)cnc1NC(=O)C1CCNCC1,7.731366,Cc1cc(-c2cccc(NC(=O)c3ccc(-c4nnn(CC5CC5)n4)nc3)c2)cnc1NC(=O)C1CCNCC1,6.155148
c1cc(NCc2ccc(-c3nnn(CC4CC4)n3)nc2)cc(-c2ccnc(Nc3cccc4cc[nH]c34)c2)c1,7.731037,O=C(Nc1cccc(-c2ccnc(Nc3cccc4cc[nH]c34)c2)c1)c1ccc(-c2nnn(CC3CC3)n2)nc1,7.780796
c1ccc2c(NCc3ccc(-c4ccc5oc(C6CN(CC7CCN7)C6)nc5c4)cc3)ccnc2c1,6.997257,O=C(C1CCN1)N(Cc1ccc(-c2ccc3oc(C4CNC4)nc3c2)cc1)c1ccnc2ccccc12,7.891282
O=C(NC12CC(C1)C2)c1cccc(CN(Cc2ccc3oc(C4CNC4)nc3c2)c2ccccn2)c1,7.452807,O=C(NC12CC(C1)C2)c1cccc(CN(C(=O)c2ccc3oc(C4CNC4)nc3c2)c2ccccn2)c1,7.328824
Oc1cc(Br)ccc1NCc1ccc2oc(-c3ccc(CCl)cc3)nc2c1,5.154213,O=C(Nc1ccc(Br)cc1O)c1ccc2oc(-c3ccc(CCl)cc3)nc2c1,5.215436
N[C@@H](CN1Cc2ccccc2C[C@H]1C(=O)O)c1ccccc1,4.317041,N[C@@H](C(=O)N1Cc2ccccc2C[C@H]1C(=O)O)c1ccccc1,5.020152
O=C(Nc1cccc2cc[nH]c12)C1CCN(C(=O)c2ccc3nc(C4CCN(C[C@@H]5Cc6ccccc6CN5)CC4)oc3c2)CC1,7.608029,O=C(Nc1cccc2cc[nH]c12)C1CCN(C(=O)c2ccc3nc(C4CCN(C(=O)[C@@H]5Cc6ccccc6CN5)CC4)oc3c2)CC1,7.599241
O=C(Nc1cc(-c2ccc3[nH]ccc3c2)n[nH]1)C1CN(Cc2ccc3nc([C@H]4CCCNC4)[nH]c3c2)C1,7.117188,O=C(Nc1cc(-c2ccc3[nH]ccc3c2)n[nH]1)C1CN(C(=O)c2ccc3nc([C@H]4CCCNC4)[nH]c3c2)C1,7.447813
Cc1cc(-c2ccc(N)cc2)cnc1NC[C@@H](N)c1ccccc1,5.352301,Cc1cc(-c2ccc(N)cc2)cnc1NC(=O)[C@@H](N)c1ccccc1,6.117423
c1ccc2c(NCc3ccc4nc([C@H]5CCCN(Cc6ccc(-c7nnn(CC8CC8)n7)nc6)C5)oc4c3)ccnc2c1,7.691934,O=C(c1ccc(-c2nnn(CC3CC3)n2)nc1)N(Cc1ccc2nc([C@H]3CCCNC3)oc2c1)c1ccnc2ccccc12,7.822503
C[C@@H](NCc1ccc2[nH]c(C3CNC3)nc2c1)c1nc2ccc(C(=O)O)cc2o1,6.668838,C[C@@H](NC(=O)c1ccc2[nH]c(C3CNC3)nc2c1)c1nc2ccc(C(=O)O)cc2o1,6.688738
O=C(NC1CC1)c1cccc(-c2cc(NCC3CCN3C[C@@H]3Cc4ccccc4CN3)[nH]n2)c1,7.79797,O=C(NC1CC1)c1cccc(-c2cc(N(CC3CCN3)C(=O)[C@@H]3Cc4ccccc4CN3)[nH]n2)c1,7.345831
N#Cc1ccc(-c2nc3ccc(CN4Cc5ccccc5C[C@H]4CN4CCC(C(=O)O)CC4)cc3o2)cn1,5.868714,N#Cc1ccc(-c2nc3ccc(C(=O)N4Cc5ccccc5C[C@H]4CN4CCC(C(=O)O)CC4)cc3o2)cn1,5.831224
c1ccc(CNCC2CN(Cc3cccc(-c4nc5cc(-c6nnn(CC7CC7)n6)ccc5o4)c3)C2)cc1,7.759956,O=C(c1cccc(-c2nc3cc(-c4nnn(CC5CC5)n4)ccc3o2)c1)N(Cc1ccccc1)CC1CNC1,7.767319
O=Cc1cccc(-c2cccc(NCc3ccc(COCC4CNC4)cc3)c2)c1,7.023664,O=Cc1cccc(-c2cccc(NC(=O)c3ccc(COCC4CNC4)cc3)c2)c1,7.29767
O=C(CCl)c1ccc(-c2cccc(NCc3ccc(CNC45CC(C4)C5)cc3)c2)cc1,6.770387,O=C(CCl)c1ccc(-c2cccc(NCc3ccc(C(=O)NC45CC(C4)C5)cc3)c2)cc1,6.751862
O=C(NCCc1ccccc1-c1cccc(CNCCc2c[nH]c3ccccc23)c1)c1ccc(CNC23CC(C2)C3)cc1,7.180711,O=C(NCCc1ccccc1-c1cccc(C(=O)NCCc2c[nH]c3ccccc23)c1)c1ccc(CNC23CC(C2)C3)cc1,7.320924
O=C(O)c1ccc(Cn2ccc3cccc(NCc4cccc5oc(C6CNC6)nc45)c32)cc1,6.504641,O=C(O)c1ccc(Cn2ccc3cccc(NC(=O)c4cccc5oc(C6CNC6)nc45)c32)cc1,6.728529
NC1(c2nc3cccc(-c4cccc(NCc5ccc(-c6nnn(CC7CC7)n6)nc5)c4)c3o2)CCC1,7.318662,NC1(c2nc3cccc(-c4cccc(NC(=O)c5ccc(-c6nnn(CC7CC7)n6)nc5)c4)c3o2)CCC1,7.31918
C[C@@H](NC(=O)Nc1ccc(-c2ccccc2CCNCc2ccc3oc(C4CNC4)nc3c2)cc1)c1ccccc1,7.552618,C[C@@H](NC(=O)Nc1ccc(-c2ccccc2CCNC(=O)c2ccc3oc(C4CNC4)nc3c2)cc1)c1ccccc1,7.605464
O=C(Nc1ccc(-c2cccc(Nc3ccc(NC[C@@H]4Cc5ccccc5CN4)cc3)c2)cc1)C1CCNCC1,7.695379,O=C(Nc1ccc(-c2cccc(Nc3ccc(NC(=O)[C@@H]4Cc5ccccc5CN4)cc3)c2)cc1)C1CCNCC1,7.735062
O=C(O)c1ccc(Nc2ccccc2CCNC[C@@H]2Cc3ccccc3CN2)c(O)c1,5.326054,O=C(O)c1ccc(Nc2ccccc2CCNC(=O)[C@@H]2Cc3ccccc3CN2)c(O)c1,5.583246
O=Cc1ccnc(-c2cccc(NC[C@@H]3Cc4ccccc4CN3)c2)c1,6.595913,O=Cc1ccnc(-c2cccc(NC(=O)[C@@H]3Cc4ccccc4CN3)c2)c1,6.931592
O=C(O)c1ccccc1NCc1ccc(-c2nnn(CC3CC3)n2)nc1,6.592032,O=C(Nc1ccccc1C(=O)O)c1ccc(-c2nnn(CC3CC3)n2)nc1,6.608092
NC1(c2nc3cc(CNc4cc(-c5cccc(-c6nnn(CC7CC7)n6)c5)n[nH]4)ccc3o2)CCC1,7.228786,NC1(c2nc3cc(C(=O)Nc4cc(-c5cccc(-c6nnn(CC7CC7)n6)c5)n[nH]4)ccc3o2)CCC1,7.371037
COc1ccccc1CCNCc1ccc2nc(-c3cccc(B(O)O)c3)oc2c1,5.072,COc1ccccc1CCNC(=O)c1ccc2nc(-c3cccc(B(O)O)c3)oc2c1,5.325123
O=C(O)[C@H](NCc1cccc(-c2ccccc2CCNCc2ccc(-c3nnn(CC4CC4)n3)nc2)c1)c1ccccc1,7.002436,O=C(NCCc1ccccc1-c1cccc(CN[C@@H](C(=O)O)c2ccccc2)c1)c1ccc(-c2nnn(CC3CC3)n2)nc1,7.070277
c1cc(CNCc2cn(CC3CC3)c3ccccc23)c2nc(-c3ccc4nc(C5CNC5)oc4c3)oc2c1,7.802152,O=C(NCc1cn(CC2CC2)c2ccccc12)c1cccc2oc(-c3ccc4nc(C5CNC5)oc4c3)nc12,7.927191
O=C(O)c1cccc(CN2CCN(Cc3ccc(CO[C@H]4CN5CCC4CC5)cc3)CC2)c1,6.480701,O=C(O)c1cccc(CN2CCN(C(=O)c3ccc(CO[C@H]4CN5CCC4CC5)cc3)CC2)c1,6.87451
Brc1cc(CN2CC(CNc3cc(Br)n[nH]3)C2)ccn1,4.614813,O=C(Nc1cc(Br)n[nH]1)C1CN(Cc2ccnc(Br)c2)C1,4.659295
O=Cc1ccc(CNCC(=O)O)cc1,2.786576,O=Cc1ccc(C(=O)NCC(=O)O)cc1,3.186284
O=C(O)c1cccc(CN(Cc2ccc3nc(C4CNC4)[nH]c3c2)C23CC(C2)C3)c1,6.338545,O=C(O)c1ccc2nc(C3CN(C(=O)c4cccc(CNC56CC(C5)C6)c4)C3)[nH]c2c1,6.655777
O=C(CNCc1ccc2oc(C3CNC3)nc2c1)Nc1cccc2cc[nH]c12,6.271851,O=C(CNC(=O)c1ccc2oc(C3CNC3)nc2c1)Nc1cccc2cc[nH]c12,7.577221
O=C(Nc1nc(NCc2cn(CC3CC3)c3ccccc23)nc2[nH]cnc12)C1CCN1C[C@@H]1Cc2ccccc2CN1,7.73908,O=C(Nc1nc(N(Cc2cn(CC3CC3)c3ccccc23)C(=O)[C@@H]2Cc3ccccc3CN2)nc2[nH]cnc12)C1CCN1,6.903273
O=C(NCCc1cn(Cc2ccc(CNCc3ccccc3)cc2)c2ccccc12)c1ccc2nc([C@@H]3CCCN3)oc2c1,7.489596,O=C(NCCc1cn(Cc2ccc(C(=O)NCc3ccccc3)cc2)c2ccccc12)c1ccc2nc([C@@H]3CCCN3)oc2c1,7.603192
C[C@@H](NC[C@@H]1Cc2ccccc2CN1)c1nc2cc(-c3nnn(CC4CC4)n3)ccc2o1,7.975164,C[C@@H](NC(=O)[C@@H]1Cc2ccccc2CN1)c1nc2cc(-c3nnn(CC4CC4)n3)ccc2o1,7.912516
O=C(O)c1ccc(Cn2ccc3cccc(NCc4ccc5nc(C6CNC6)oc5c4)c32)cc1,6.649527,O=C(O)c1ccc(Cn2ccc3cccc(NC(=O)c4ccc5nc(C6CNC6)oc5c4)c32)cc1,6.993036
Cc1cc(-c2ccc(F)cc2)cnc1NCC1CNC1,6.48481,Cc1cc(-c2ccc(F)cc2)cnc1NC(=O)C1CNC1,6.692392
O=Cc1ccc(CNCCc2ccncc2)cc1,4.085921,O=Cc1ccc(C(=O)NCCc2ccncc2)cc1,4.342165
O=Cc1cccc(CN2CCC(C(=O)O)CC2)c1,3.616218,O=Cc1cccc(C(=O)N2CCC(C(=O)O)CC2)c1,3.841169
Cc1cc(-c2cccc(NCc3ccc4nc(-c5ccc(CO[C@H]6CN7CCC6CC7)cc5)oc4c3)c2)cnc1N,7.700355,Cc1cc(-c2cccc(N)c2)cnc1NC(=O)c1ccc2nc(-c3ccc(CO[C@H]4CN5CCC4CC5)cc3)oc2c1,7.731744
c1ccc(CNc2n[nH]cc2-c2cccc(NCc3ccc4nc(C5CNC5)oc4c3)c2)cc1,7.529916,O=C(Nc1cccc(-c2c[nH]nc2NCc2ccccc2)c1)c1ccc2nc(C3CNC3)oc2c1,7.464633
N#Cc1ccc2[nH]c(C3(NCc4ccc(C=O)cc4)CCC3)nc2c1,5.092361,N#Cc1ccc2[nH]c(C3(NC(=O)c4ccc(C=O)cc4)CCC3)nc2c1,5.062636
O=C(Nc1ccc(Nc2cccc(-c3ccc(NC[C@@H]4Cc5ccccc5CN4)cc3)c2)cc1)Nc1ccccn1,7.563919,O=C(Nc1ccc(Nc2cccc(-c3ccc(NC(=O)[C@@H]4Cc5ccccc5CN4)cc3)c2)cc1)Nc1ccccn1,7.631224
O=C(Nc1ccc(Br)cc1)c1ccccc1NCC1CNC1,6.083546,O=C(Nc1ccc(Br)cc1)c1ccccc1NC(=O)C1CNC1,6.855021
O=C(Nc1ccc(-c2cncc(-c3nnn(CC4CC4)n3)c2)cc1)[C@H]1CCCN1CC1CNC1,7.520813,O=C(Nc1ccc(-c2cncc(-c3nnn(CC4CC4)n3)c2)cc1)[C@H]1CCCN1C(=O)C1CNC1,5.16468
O=C(Nc1ccc(-c2cccnc2)cc1)c1ccccc1NCc1ccc(-c2nnn(CC3CC3)n2)nc1,7.811109,O=C(Nc1ccccc1C(=O)Nc1ccc(-c2cccnc2)cc1)c1ccc(-c2nnn(CC3CC3)n2)nc1,7.684027
O=C(O)C1(NCc2ccc3oc(-c4cncc(F)c4)nc3c2)CCC1,4.787337,O=C(NC1(C(=O)O)CCC1)c1ccc2oc(-c3cncc(F)c3)nc2c1,5.735983
Brc1ccc2oc(-c3cnccc3NCc3ccc4nc([C@H]5CCCN5)oc4c3)nc2c1,6.805863,O=C(Nc1ccncc1-c1nc2cc(Br)ccc2o1)c1ccc2nc([C@H]3CCCN3)oc2c1,6.608577
Oc1ccccc1Nc1ccc(NCC2CCN2)cc1,5.659724,O=C(Nc1ccc(Nc2ccccc2O)cc1)C1CCN1,6.049653
O=Cc1ccc(CNc2ccc(Br)cc2O)cc1,3.708334,O=Cc1ccc(C(=O)Nc2ccc(Br)cc2O)cc1,3.962215
O=Cc1ccc(C(=O)N2CCC(CNc3cccc(-c4cc(NC(=O)C5CNC5)[nH]n4)c3)CC2)cc1,7.467208,O=Cc1ccc(C(=O)N2CCC(C(=O)Nc3cccc(-c4cc(NC(=O)C5CNC5)[nH]n4)c3)CC2)cc1,7.41262
O=C(Nc1cccc(B(O)O)c1)C1(Nc2ccc(NC[C@@H]3Cc4ccccc4CN3)cc2)CCC1,6.024636,O=C(Nc1ccc(NC2(C(=O)Nc3cccc(B(O)O)c3)CCC2)cc1)[C@@H]1Cc2ccccc2CN1,6.188559
c1ccc2c(NC[C@H]3CCCNC3)ccnc2c1,4.341507,O=C(Nc1ccnc2ccccc12)[C@H]1CCCNC1,5.945633
c1cc(CNC2CCC2)ccc1CNc1cc(-c2ccc3c(ccn3CC3CC3)c2)n[nH]1,7.400456,O=C(Nc1cc(-c2ccc3c(ccn3CC3CC3)c2)n[nH]1)c1ccc(CNC2CCC2)cc1,7.629518
O=C(NC1CC1)[C@H](NCc1ccc2nc([C@H]3CCCN3)oc2c1)c1ccccc1,7.146985,O=C(N[C@@H](C(=O)NC1CC1)c1ccccc1)c1ccc2nc([C@H]3CCCN3)oc2c1,7.319345
c1ccc(CN(Cc2ccc3nc(-c4ccc(CO[C@H]5CN6CCC5CC6)cc4)oc3c2)C[C@@H]2Cc3ccccc3CN2)cc1,7.799075,O=C([C@@H]1Cc2ccccc2CN1)N(Cc1ccccc1)Cc1ccc2nc(-c3ccc(CO[C@H]4CN5CCC4CC5)cc3)oc2c1,7.482704
O=C(NC1CC1)c1ccc2nc(C3(NC(=O)C4CCN(C[C@@H]5Cc6ccccc6CN5)CC4)CCC3)oc2c1,7.779078,O=C(NC1CC1)c1ccc2nc(C3(NC(=O)C4CCN(C(=O)[C@@H]5Cc6ccccc6CN5)CC4)CCC3)oc2c1,7.589418
O=C(O)CNCc1ccc2oc(C3CNC3)nc2c1,5.535058,O=C(O)CNC(=O)c1ccc2oc(C3CNC3)nc2c1,5.492114
c1cc(CN2CC(CNc3cccc4cc[nH]c34)C2)cc(-c2nc3cc(-c4nnn(CC5CC5)n4)ccc3o2)c1,7.602286,O=C(c1cccc(-c2nc3cc(-c4nnn(CC5CC5)n4)ccc3o2)c1)N(CC1CNC1)c1cccc2cc[nH]c12,7.675931
OB(O)c1cccc(-c2nc3ccc(CNC45CC(C4)C5)cc3o2)c1,5.569531,O=C(NC12CC(C1)C2)c1ccc2nc(-c3cccc(B(O)O)c3)oc2c1,5.520839
O=C(NC1CC1)c1cccc(-c2ccc(NC(=O)C3CN(Cc4ccc(CCl)cc4)C3)cc2)c1,6.859907,O=C(NC1CC1)c1cccc(-c2ccc(NC(=O)C3CN(C(=O)c4ccc(CCl)cc4)C3)cc2)c1,6.694829
O=C(Nc1cccc2cc[nH]c12)c1ccc2oc(C3CCN(Cc4ccc5nc(C6CNC6)[nH]c5c4)CC3)nc2c1,7.644756,O=C(Nc1cccc2cc[nH]c12)c1ccc2oc(C3CCN(C(=O)c4ccc5nc(C6CNC6)[nH]c5c4)CC3)nc2c1,7.563077
O=C(NC1CC1)c1ccc(-c2nc3ccc(CN4CCCC(Nc5cccc6cc[nH]c56)C4)cc3[nH]2)cc1,6.516971,O=C(NC1CC1)c1ccc(-c2nc3ccc(C(=O)N(c4cccc5cc[nH]c45)C4CCCNC4)cc3[nH]2)cc1,6.693907
O=C(O)[C@H]1CCCN1Cc1ccc(CN2CCC[C@H]2C(=O)O)cc1,4.147021,O=C(O)[C@H]1CCCN1Cc1ccc(C(=O)N2CCC[C@H]2C(=O)O)cc1,4.172523
CC1(C)OB(c2ccc(NC[C@H](N)Cc3c[nH]c4ccccc34)nc2)OC1(C)C,3.35094,CC1(C)OB(c2ccc(NC(=O)[C@H](N)Cc3c[nH]c4ccccc34)nc2)OC1(C)C,3.741404
O=C(O)c1ccc(NCC2CCN2C(=O)C2CN(c3c[nH]cn3)C2)c(O)c1,5.01681,O=C(O)c1ccc(NC(=O)C2CCN2C(=O)C2CN(c3c[nH]cn3)C2)c(O)c1,4.968067
N#Cc1cccc(-c2cc(NCc3ccc4oc(-c5ccc(CO[C@H]6CN7CCC6CC7)cc5)nc4c3)[nH]n2)c1,7.856157,N#Cc1cccc(-c2cc(NC(=O)c3ccc4oc(-c5ccc(CO[C@H]6CN7CCC6CC7)cc5)nc4c3)[nH]n2)c1,7.814137
OB(O)c1cccc(CNCc2ccccc2)c1,3.657844,O=C(NCc1ccccc1)c1cccc(B(O)O)c1,3.696731
C#CCNC[C@@H](N)Cc1c[nH]c2ccccc12,2.8523,C#CCNC(=O)[C@@H](N)Cc1c[nH]c2ccccc12,3.130895
O=C(Nc1cc(-c2cccc(NC[C@@H]3Cc4ccccc4CN3C[C@@H]3Cc4ccccc4CN3)c2)n[nH]1)[C@@H]1Cc2ccccc2CN1,7.862079,O=C(Nc1cc(-c2cccc(N(C[C@@H]3Cc4ccccc4CN3)C(=O)[C@@H]3Cc4ccccc4CN3)c2)n[nH]1)[C@@H]1Cc2ccccc2CN1,7.858791
Fc1nc(N(Cc2ccc3nc(-c4ccc5oc(C6CNC6)nc5c4)oc3c2)c2ccc3ccccc3n2)c2nc[nH]c2n1,7.26599,O=C(c1ccc2nc(-c3ccc4oc(C5CNC5)nc4c3)oc2c1)N(c1ccc2ccccc2n1)c1nc(F)nc2[nH]cnc12,5.493124
O=Cc1ccc(C(=O)N2CCC2CNc2ccnc3ccccc23)cc1,5.533694,O=Cc1ccc(C(=O)N2CCC2C(=O)Nc2ccnc3ccccc23)cc1,6.071339
N[C@@H](CN1CCC1C(=O)O)c1ccccc1,2.90684,N[C@@H](C(=O)N1CCC1C(=O)O)c1ccccc1,4.133459
c1ccc2[nH]c(-c3nc4cc(CNCCc5cn(CC6CC6)c6ccccc56)ccc4o3)nc2c1,7.315629,O=C(NCCc1cn(CC2CC2)c2ccccc12)c1ccc2oc(-c3nc4ccccc4[nH]3)nc2c1,7.539824
O=C(NCCc1ccccc1)c1ccccc1NCC1CCN1,6.155041,O=C(NCCc1ccccc1)c1ccccc1NC(=O)C1CCN1,6.870075
OB(O)c1ccc(NCc2cc(B(O)O)ccc2F)cc1,2.91018,O=C(Nc1ccc(B(O)O)cc1)c1cc(B(O)O)ccc1F,3.102226
O=C(Nc1ccc(CNc2cc(-c3cccc(-c4nnn(CC5CC5)n4)c3)n[nH]2)cc1O)[C@@H]1C[C@@H](O)CN1,7.102914,O=C(Nc1cc(-c2cccc(-c3nnn(CC4CC4)n3)c2)n[nH]1)c1ccc(NC(=O)[C@@H]2C[C@@H](O)CN2)c(O)c1,7.158889
COc1ccccc1CNCc1ccccc1N,4.504963,COc1ccccc1CNC(=O)c1ccccc1N,4.553083
O=C(O)c1ccc(N(Cc2ccc3oc(-c4ccc5nc(C6CNC6)oc5c4)nc3c2)c2nc(F)nc3[nH]cnc23)cc1,6.863208,O=C(O)c1ccc(N(C(=O)c2ccc3oc(-c4ccc5nc(C6CNC6)oc5c4)nc3c2)c2nc(F)nc3[nH]cnc23)cc1,4.983174
O=C(NCc1ccccc1)C1CCN(Cc2ccc3[nH]c(C4CNC4)nc3c2)CC1,7.714207,O=C(NCc1ccccc1)C1CCN(C(=O)c2ccc3[nH]c(C4CNC4)nc3c2)CC1,7.196854
N#Cc1ccc(C(=O)Cn2ccc3cccc(NC[C@@H]4Cc5ccccc5CN4)c32)cc1,5.448526,N#Cc1ccc(C(=O)Cn2ccc3cccc(NC(=O)[C@@H]4Cc5ccccc5CN4)c32)cc1,6.053984
c1ccc2c(NCC3CN(c4ccc5nc([C@H]6CCCN6)oc5c4)C3)ccnc2c1,6.769259,O=C(Nc1ccnc2ccccc12)C1CN(c2ccc3nc([C@H]4CCCN4)oc3c2)C1,7.310763
c1cc(CN2CC(COCc3ccc(-c4nnn(CC5CC5)n4)cc3)C2)c2nc(C3CNC3)oc2c1,8.046282,O=C(c1cccc2oc(C3CNC3)nc12)N1CC(COCc2ccc(-c3nnn(CC4CC4)n3)cc2)C1,7.935642
C[C@H](c1ccccc1)N(Cc1ccc(C(=O)NC2CC2)cc1)C[C@@H]1CCCN(C(=O)C2CNC2)C1,7.535156,C[C@H](c1ccccc1)N(Cc1ccc(C(=O)NC2CC2)cc1)C(=O)[C@@H]1CCCN(C(=O)C2CNC2)C1,7.503194
Nc1cccc(-c2cc(NCc3cccc4oc(-c5ccc(CO[C@H]6CN7CCC6CC7)cc5)nc34)[nH]n2)c1,7.733977,Nc1cc(-c2cccc(NC(=O)c3cccc4oc(-c5ccc(CO[C@H]6CN7CCC6CC7)cc5)nc34)c2)n[nH]1,7.695333
c1ccc2c(CNCC3CN(Cc4ccc(Cn5nnc(-c6ccc7[nH]c(C8CNC8)nc7c6)n5)cc4)C3)c[nH]c2c1,7.590648,O=C(c1ccc(Cn2nnc(-c3ccc4[nH]c(C5CNC5)nc4c3)n2)cc1)N(Cc1c[nH]c2ccccc12)CC1CNC1,7.429038
O=C(NC1CC1)c1ccc(CN(Cc2ccc3nc(C4CNC4)oc3c2)c2ccnc3ccccc23)cc1,7.91891,O=C(NC1CC1)c1ccc(CN(C(=O)c2ccc3nc(C4CNC4)oc3c2)c2ccnc3ccccc23)cc1,8.00001
Nc1ccc(N2CCC2CNc2ccc(B(O)O)cc2)cc1,4.166394,Nc1ccc(N2CCC2C(=O)Nc2ccc(B(O)O)cc2)cc1,4.457722
NC1(CNc2cccc(B(O)O)c2)CCC1,2.543647,NC1(C(=O)Nc2cccc(B(O)O)c2)CCC1,3.172443
O=Cc1ccc(CN2CCC2CNc2cccc(-c3ccc(NC(=O)C4CNC4)c(O)c3)c2)cc1,6.823953,O=Cc1ccc(C(=O)N(CC2CCN2)c2cccc(-c3ccc(NC(=O)C4CNC4)c(O)c3)c2)cc1,6.689421
O=C(NCc1ccccc1)c1cccc2oc(C3CN(Cc4ccc5nc(C6CNC6)oc5c4)C3)nc12,7.755066,O=C(NCc1ccccc1)c1cccc2oc(C3CN(C(=O)c4ccc5nc(C6CNC6)oc5c4)C3)nc12,7.560865
O=C(O)c1ccc(O)c(NC[C@@H]2Cc3ccccc3CN2)c1,5.442296,O=C(O)c1ccc(O)c(NC(=O)[C@@H]2Cc3ccccc3CN2)c1,5.528478
O=C(Nc1ccnc2ccccc12)c1ccccc1NCC1CN(Cc2ccc(-c3nnn(CC4CC4)n3)nc2)C1,7.737612,O=C(Nc1ccnc2ccccc12)c1ccccc1N(CC1CNC1)C(=O)c1ccc(-c2nnn(CC3CC3)n2)nc1,6.803801
OB(O)c1ccc(NCc2ccc3nc(-c4ccc5nc(C6CNC6)oc5c4)oc3c2)cc1,6.476239,O=C(Nc1ccc(B(O)O)cc1)c1ccc2nc(-c3ccc4nc(C5CNC5)oc4c3)oc2c1,6.573809
O=C(Nc1ccc(-c2cccc(CNC34CC(C3)C4)c2)cc1)c1cccc2oc(C3CCN3)nc12,7.30691,O=C(NC12CC(C1)C2)c1cccc(-c2ccc(NC(=O)c3cccc4oc(C5CCN5)nc34)cc2)c1,5.917393
C[C@H](c1ccccc1)N(Cc1ccc2oc(-c3ccc4oc(C5CNC5)nc4c3)nc2c1)Cc1cccc(F)n1,7.222237,C[C@H](c1ccccc1)N(Cc1cccc(F)n1)C(=O)c1ccc2oc(-c3ccc4oc(C5CNC5)nc4c3)nc2c1,7.199661
OB(O)c1cccc(CNc2cccc(-c3cc(NCC4CCN4)[nH]n3)c2)c1,5.962447,O=C(Nc1cc(-c2cccc(NCc3cccc(B(O)O)c3)c2)n[nH]1)C1CCN1,6.239734
O=C(O)c1ccc2nc(-c3cnccc3NCc3ccc(-c4nnn(CC5CC5)n4)nc3)oc2c1,7.093507,O=C(O)c1ccc2nc(-c3cnccc3NC(=O)c3ccc(-c4nnn(CC5CC5)n4)nc3)oc2c1,6.537009
N#Cc1ccc2oc(-c3ccc(Cn4nnc(-c5ccc(Cn6cc(C[C@H](N)CNC78CC(C7)C8)c7ccccc76)cc5)n4)cc3)nc2c1,6.12885,N#Cc1ccc2oc(-c3ccc(Cn4nnc(-c5ccc(Cn6cc(C[C@H](N)C(=O)NC78CC(C7)C8)c7ccccc76)cc5)n4)cc3)nc2c1,6.323674
O=C(NC1CC1)c1ccccc1NC(=O)C1CCN1CC1CCN1,6.996912,O=C(NC1CC1)c1ccccc1NC(=O)C1CCN1C(=O)C1CCN1,6.947757
O=C(Nc1cccc(-c2cc(NCC3CCN3)[nH]n2)c1)[C@@H]1Cc2ccccc2CN1C(=O)C1CNC1,6.882786,O=C(Nc1cc(-c2cccc(NC(=O)[C@@H]3Cc4ccccc4CN3C(=O)C3CNC3)c2)n[nH]1)C1CCN1,5.726498
C[C@H](NCc1cccc(-c2nc3cc(C(=O)NC4CC4)ccc3o2)c1)C(=O)NCc1ccccc1,7.575154,C[C@H](NC(=O)c1cccc(-c2nc3cc(C(=O)NC4CC4)ccc3o2)c1)C(=O)NCc1ccccc1,7.777791
c1cc(CNCc2cn(CC3CC3)c3ccccc23)cc(-c2cc(-c3nc4ccccc4o3)ccn2)c1,7.741448,O=C(NCc1cn(CC2CC2)c2ccccc12)c1cccc(-c2cc(-c3nc4ccccc4o3)ccn2)c1,8.015053
O=C(c1cccc(CNC23CC(C2)C3)c1)N1CCC(CNCCc2cn(CC3CC3)c3ccccc23)CC1,7.608589,O=C(NCCc1cn(CC2CC2)c2ccccc12)C1CCN(C(=O)c2cccc(CNC34CC(C3)C4)c2)CC1,7.719382
C#CCNCc1cccc2oc(C3CNC3)nc12,6.338216,C#CCNC(=O)c1cccc2oc(C3CNC3)nc12,5.987162
c1cc(NC[C@@H]2Cc3ccccc3CN2)cc(-c2ccc(NCc3ccc4oc([C@H]5CCCN5)nc4c3)cc2)c1,7.998233,O=C(Nc1cccc(-c2ccc(NCc3ccc4oc([C@H]5CCCN5)nc4c3)cc2)c1)[C@@H]1Cc2ccccc2CN1,7.969351
c1ccc2c(c1)c(CCN(Cc1ccc3nc([C@@H]4CCCN4)oc3c1)CC1CNC1)cn2CC1CC1,7.409271,O=C(C1CNC1)N(CCc1cn(CC2CC2)c2ccccc12)Cc1ccc2nc([C@@H]3CCCN3)oc2c1,7.650255
OB(O)c1ccc(NCc2ccc(COCC3CNC3)cc2)cc1,5.197934,O=C(Nc1ccc(B(O)O)cc1)c1ccc(COCC2CNC2)cc1,5.744662
c1ccc2c(c1)c(CNc1ccc(NCc3ccc4[nH]c(C5CNC5)nc4c3)cc1)cn2CC1CC1,8.227824,O=C(Nc1ccc(NCc2cn(CC3CC3)c3ccccc23)cc1)c1ccc2[nH]c(C3CNC3)nc2c1,8.226935
O=Cc1ccc(CNc2cccc(-c3cc(C=O)ccn3)c2)cc1,4.84315,O=Cc1ccc(C(=O)Nc2cccc(-c3cc(C=O)ccn3)c2)cc1,5.22435
c1cc(NCc2ccc3nc(C4CNC4)[nH]c3c2)c2c(c1)ccn2CC1CC1,7.776161,O=C(Nc1cccc2ccn(CC3CC3)c12)c1ccc2nc(C3CNC3)[nH]c2c1,8.027802
O=Cc1ccc(CNC2(C(=O)O)CCC2)cc1,3.177908,O=Cc1ccc(C(=O)NC2(C(=O)O)CCC2)cc1,4.304598
ClCc1ccccc1-c1nc2cc(CNc3cc(Br)n[nH]3)ccc2[nH]1,4.924225,O=C(Nc1cc(Br)n[nH]1)c1ccc2[nH]c(-c3ccccc3CCl)nc2c1,5.220445
O=C(NC1(C(=O)Nc2ccnc3ccccc23)CCC1)C1CCN1Cc1ccc2oc(-c3ccc(CCl)cc3)nc2c1,7.247647,O=C(NC1(C(=O)Nc2ccnc3ccccc23)CCC1)C1CCN1C(=O)c1ccc2oc(-c3ccc(CCl)cc3)nc2c1,7.148842
O=C(Nc1cccc2ccn(CC3CC3)c12)C1(NCc2ccc(CO[C@H]3CN4CCC3CC4)cc2)CCC1,7.957405,O=C(NC1(C(=O)Nc2cccc3ccn(CC4CC4)c23)CCC1)c1ccc(CO[C@H]2CN3CCC2CC3)cc1,7.953088
O=Cc1ccc(CNCCc2ccccc2Br)cc1,3.977736,O=Cc1ccc(C(=O)NCCc2ccccc2Br)cc1,4.337727
C[C@H](NCC1CCN1)c1ccccc1,5.550481,C[C@H](NC(=O)C1CCN1)c1ccccc1,6.273451
O=Cc1cccc(N2CCC[C@@H](c3nc4cc(C(=O)N[C@@H](CNC56CC(C5)C6)Cc5c[nH]cn5)ccc4[nH]3)C2)c1,6.068436,O=Cc1cccc(N2CCC[C@@H](c3nc4cc(C(=O)N[C@H](Cc5c[nH]cn5)C(=O)NC56CC(C5)C6)ccc4[nH]3)C2)c1,6.149135
Brc1ccc2nc([C@H](Cc3c[nH]c4ccccc34)NCC3CCN3)oc2c1,5.636712,O=C(N[C@@H](Cc1c[nH]c2ccccc12)c1nc2ccc(Br)cc2o1)C1CCN1,6.150936
O=C(O)C1CCN(Cc2ccc3nc([C@@H]4CCCN4)oc3c2)CC1,5.419788,O=C(O)C1CCN(C(=O)c2ccc3nc([C@@H]4CCCN4)oc3c2)CC1,5.501346
c1[nH]nc(NCC2CNC2)c1-c1cn(CC2CC2)nn1,7.197639,O=C(Nc1n[nH]cc1-c1cn(CC2CC2)nn1)C1CNC1,7.661566
O=C(O)C1CN(C(=O)[C@@H](NCc2cccc(-c3ccc(NC(=O)C4CNC4)cc3)c2)c2ccccc2)C1,6.7813,O=C(N[C@H](C(=O)N1CC(C(=O)O)C1)c1ccccc1)c1cccc(-c2ccc(NC(=O)C3CNC3)cc2)c1,6.65379
O=C(NC1CC1)c1ccc(COC[C@H]2CCCN2Cc2ccc3nc(C4CNC4)oc3c2)cc1,7.956825,O=C(NC1CC1)c1ccc(COC[C@H]2CCCN2C(=O)c2ccc3nc(C4CNC4)oc3c2)cc1,7.816382
OB(O)c1ccc(NCc2ccc(CO[C@@H]3CCCNC3)cc2)cc1,4.545609,O=C(Nc1ccc(B(O)O)cc1)c1ccc(CO[C@@H]2CCCNC2)cc1,4.871837
c1cc(NCc2ccc(-c3nnn(CC4CC4)n3)nc2)cc(-c2ccc(NCC3CNC3)cc2)c1,8.216032,O=C(Nc1ccc(-c2cccc(NCc3ccc(-c4nnn(CC5CC5)n4)nc3)c2)cc1)C1CNC1,8.14286
O=C(NC12CC(C1)C2)[C@@H](NCc1ccc(-c2nnn(CC3CC3)n2)nc1)c1ccccc1,7.646125,O=C(N[C@H](C(=O)NC12CC(C1)C2)c1ccccc1)c1ccc(-c2nnn(CC3CC3)n2)nc1,7.175989
c1ccc2c(CCNCc3ccc4nc([C@@H]5CCCN5)oc4c3)c[nH]c2c1,6.656374,O=C(NCCc1c[nH]c2ccccc12)c1ccc2nc([C@@H]3CCCN3)oc2c1,7.042956
O=C(Nc1ccc(N(CCc2ccncc2)C[C@@H]2Cc3ccccc3CN2)cc1O)C1CCNCC1,6.678757,O=C(Nc1ccc(N(CCc2ccncc2)C(=O)[C@@H]2Cc3ccccc3CN2)cc1O)C1CCNCC1,6.539737
c1ccc2c(c1)CN[C@H](CNc1n[nH]cc1-c1ccc(NCc3ccc4oc(C5CNC5)nc4c3)cc1)C2,7.888905,O=C(Nc1n[nH]cc1-c1ccc(NCc2ccc3oc(C4CNC4)nc3c2)cc1)[C@@H]1Cc2ccccc2CN1,7.787904
Nc1cc(CNc2ccncc2C=O)ccc1O,3.539927,Nc1cc(C(=O)Nc2ccncc2C=O)ccc1O,3.77411
C#CCNCc1ccc(C=O)cc1,3.162109,C#CCNC(=O)c1ccc(C=O)cc1,3.125415
c1cc2cc(-c3cc(Nc4nc(NCc5ccc(-c6nnn(CC7CC7)n6)nc5)c5nc[nH]c5n4)[nH]n3)ccc2[nH]1,7.332447,O=C(Nc1nc(Nc2cc(-c3ccc4[nH]ccc4c3)n[nH]2)nc2[nH]cnc12)c1ccc(-c2nnn(CC3CC3)n2)nc1,7.154912
c1cc(-c2ccc(NCc3ccc(COCC4CNC4)cc3)cc2)cc(-c2nnnn2CC2CC2)c1,7.785687,O=C(Nc1ccc(-c2cccc(-c3nnnn3CC3CC3)c2)cc1)c1ccc(COCC2CNC2)cc1,7.766087
c1nc(-c2ccc(NCc3ccc4nc(-c5ccc(CO[C@H]6CN7CCC6CC7)cc5)oc4c3)cc2)c[nH]1,7.84225,O=C(Nc1ccc(-c2c[nH]cn2)cc1)c1ccc2nc(-c3ccc(CO[C@H]4CN5CCC4CC5)cc3)oc2c1,7.818008
C[C@H](c1ccccc1)N(Cc1cccc(-c2nc3ccccc3o2)c1)C[C@@H]1Cc2ccccc2CN1C[C@@H]1Cc2ccccc2CN1,7.152853,C[C@H](c1ccccc1)N(Cc1cccc(-c2nc3ccccc3o2)c1)C[C@@H]1Cc2ccccc2CN1C(=O)[C@@H]1Cc2ccccc2CN1,7.187419
Brc1ccc2[nH]c(C3(NCc4ccc(-c5nnn(CC6CC6)n5)nc4)CCC3)nc2c1,7.514682,O=C(NC1(c2nc3cc(Br)ccc3[nH]2)CCC1)c1ccc(-c2nnn(CC3CC3)n2)nc1,7.25152
O=C(Nc1ccccc1CNC12CC(C1)C2)C1CN(C(=O)C2CNC2)C1,7.053089,O=C(NC12CC(C1)C2)c1ccccc1NC(=O)C1CN(C(=O)C2CNC2)C1,7.021496
Fc1ncc(-c2ccc(NCc3ccc(-c4nnn(CC5CC5)n4)nc3)cc2)cn1,7.953777,O=C(Nc1ccc(-c2cnc(F)nc2)cc1)c1ccc(-c2nnn(CC3CC3)n2)nc1,7.623756
O=C(Nc1ccc(CNc2cccc3cc[nH]c23)cc1O)C1CCN1,6.751036,O=C(Nc1cccc2cc[nH]c12)c1ccc(NC(=O)C2CCN2)c(O)c1,6.676422
c1cc(NCc2ccc3[nH]c(C4CNC4)nc3c2)cc(-c2ccc3oc([C@H]4CCCNC4)nc3c2)c1,8.003675,O=C(Nc1cccc(-c2ccc3oc([C@H]4CCCNC4)nc3c2)c1)c1ccc2[nH]c(C3CNC3)nc2c1,7.436535
c1ccc2c(c1)c(CNCc1ccc(Nc3cc(-c4ccc5[nH]ccc5c4)n[nH]3)cc1)cn2CC1CC1,7.153049,O=C(NCc1cn(CC2CC2)c2ccccc12)c1ccc(Nc2cc(-c3ccc4[nH]ccc4c3)n[nH]2)cc1,7.276354
O=C(Nc1cccc(-c2ccc3nc([C@@H]4Cc5ccccc5CN4)oc3c2)c1)C1CN(C[C@@H]2Cc3ccccc3CN2)C1,7.857862,O=C(Nc1cccc(-c2ccc3nc([C@@H]4Cc5ccccc5CN4)oc3c2)c1)C1CN(C(=O)[C@@H]2Cc3ccccc3CN2)C1,7.532744
O=C(Nc1ccnc2ccccc12)c1cccc2oc(C3CN(Cc4ccc5nc([C@@H]6CCCN6)oc5c4)C3)nc12,7.418251,O=C(Nc1ccnc2ccccc12)c1cccc2oc(C3CN(C(=O)c4ccc5nc([C@@H]6CCCN6)oc5c4)C3)nc12,7.511716
c1ccc2c(c1)c(CNc1ccc(NCc3ccc(CO[C@H]4CN5CCC4CC5)cc3)cc1)cn2CC1CC1,8.21412,O=C(Nc1ccc(NCc2cn(CC3CC3)c3ccccc23)cc1)c1ccc(CO[C@H]2CN3CCC2CC3)cc1,8.286675
O=C(Nc1ccc(Nc2ccc(-c3cccc(NCc4ccc(CCl)cc4)c3)cc2)cc1)NC1CC1,7.382441,O=C(Nc1ccc(Nc2ccc(-c3cccc(NC(=O)c4ccc(CCl)cc4)c3)cc2)cc1)NC1CC1,7.474262
O=C(Nc1ccc(-c2cc(NCC3CN(CC4CCN4)C3)[nH]n2)cc1)Nc1cccc2ccccc12,7.454256,O=C(Nc1ccc(-c2cc(N(CC3CNC3)C(=O)C3CCN3)[nH]n2)cc1)Nc1cccc2ccccc12,7.332127
OB(O)c1ccc(NCc2ccc(CNc3ccc(-c4cn(CC5CC5)cn4)cc3)cc2)cc1,6.567231,O=C(Nc1ccc(-c2cn(CC3CC3)cn2)cc1)c1ccc(CNc2ccc(B(O)O)cc2)cc1,6.834907
c1cc(-c2ccc(NCc3ccc4nc(-c5nc6ccccc6[nH]5)oc4c3)cc2)cc(-c2nnn(CC3CC3)n2)c1,7.931879,O=C(Nc1ccc(-c2cccc(-c3nnn(CC4CC4)n3)c2)cc1)c1ccc2nc(-c3nc4ccccc4[nH]3)oc2c1,7.765675
OB(O)c1cccc(NCC2CCN2)c1,3.893818,O=C(Nc1cccc(B(O)O)c1)C1CCN1,4.308921
O=Cc1ccc(C(=O)N2CCC2CN2CCC[C@H]2CNC23CC(C2)C3)cc1,6.145293,O=Cc1ccc(C(=O)N2CCC2CN2CCC[C@H]2C(=O)NC23CC(C2)C3)cc1,6.285218
OB(O)c1cccc(NCc2ccc(CCl)cc2)c1,3.283479,O=C(Nc1cccc(B(O)O)c1)c1ccc(CCl)cc1,3.528561
Brc1ncccc1NCc1ccc(-c2nnn(CC3CC3)n2)nc1,6.850871,O=C(Nc1cccnc1Br)c1ccc(-c2nnn(CC3CC3)n2)nc1,6.802964
c1ccc2c(NC3CN(Cc4ccc5oc(-c6ccc7oc(C8CNC8)nc7c6)nc5c4)C3)ccnc2c1,7.712155,O=C(c1ccc2oc(-c3ccc4oc(C5CNC5)nc4c3)nc2c1)N(c1ccnc2ccccc12)C1CNC1,6.795358
O=C(O)c1ccc2nc(-c3ccc(Cn4cc(CNCC5CCN5)c5ccccc54)cc3)oc2c1,6.843663,O=C(O)c1ccc2nc(-c3ccc(Cn4cc(CNC(=O)C5CCN5)c5ccccc54)cc3)oc2c1,7.24591
O=C(NCCc1ccccc1)C1CN(C(=O)c2ccc3[nH]c(C4CN(C[C@@H]5Cc6ccccc6CN5)C4)nc3c2)C1,7.371665,O=C(NCCc1ccccc1)C1CN(C(=O)c2ccc3[nH]c(C4CN(C(=O)[C@@H]5Cc6ccccc6CN5)C4)nc3c2)C1,7.125336
c1ccc2c(N(Cc3ccc4oc(C5CNC5)nc4c3)Cc3ccc4oc(C5CNC5)nc4c3)ccnc2c1,7.952679,O=C(c1ccc2oc(C3CNC3)nc2c1)N(Cc1ccc2oc(C3CNC3)nc2c1)c1ccnc2ccccc12,7.843699
c1ccc2oc(C3(NCc4ccc5[nH]c(C6CNC6)nc5c4)CCC3)nc2c1,7.728154,O=C(NC1(c2nc3ccccc3o2)CCC1)c1ccc2[nH]c(C3CNC3)nc2c1,7.297336
N#Cc1ccc(Cn2cc(CCNCc3cccc4oc(-c5ccc(CO[C@H]6CN7CCC6CC7)cc5)nc34)c3ccccc32)cc1,7.470303,N#Cc1ccc(Cn2cc(CCNC(=O)c3cccc4oc(-c5ccc(CO[C@H]6CN7CCC6CC7)cc5)nc34)c3ccccc32)cc1,7.532911
O=C(NC1(CNc2ccc(B(O)O)cc2)CCC1)C1CCNCC1,4.646315,O=C(NC1(C(=O)Nc2ccc(B(O)O)cc2)CCC1)C1CCNCC1,5.30706
O=C(NC1CC1)c1cccc(-c2nc3ccc(CN(Cc4c[nH]c5cc(Br)ccc45)C45CC(C4)C5)cc3o2)c1,7.639157,O=C(NC1CC1)c1cccc(-c2nc3ccc(C(=O)N(Cc4c[nH]c5cc(Br)ccc45)C45CC(C4)C5)cc3o2)c1,6.85473
OB(O)c1cccc(NCc2ccc3nc(-c4ccc5oc(C6CNC6)nc5c4)oc3c2)c1,6.396375,O=C(Nc1cccc(B(O)O)c1)c1ccc2nc(-c3ccc4oc(C5CNC5)nc4c3)oc2c1,6.381159
Nc1cc(-c2ccc(NCC3CNC3)cc2)n[nH]1,5.910864,Nc1cc(-c2ccc(NC(=O)C3CNC3)cc2)n[nH]1,6.740339
O=Cc1ccc(CN2CCC(CNC34CC(C3)C4)CC2)cc1,5.38591,O=Cc1ccc(CN2CCC(C(=O)NC34CC(C3)C4)CC2)cc1,6.089212
O=Cc1cccc(CNc2cccc(B(O)O)c2)c1,3.166397,O=Cc1cccc(C(=O)Nc2cccc(B(O)O)c2)c1,3.441796
O=C(O)[C@@H](NCc1ccc2oc(-c3ccc(CO[C@H]4CN5CCC4CC5)cc3)nc2c1)c1ccccc1,7.242276,O=C(N[C@H](C(=O)O)c1ccccc1)c1ccc2oc(-c3ccc(CO[C@H]4CN5CCC4CC5)cc3)nc2c1,7.431432
C#CCN(Cc1ccc2oc(-c3cccc(C(=O)O)c3)nc2c1)Cc1ccccc1N,4.981129,C#CCN(Cc1ccccc1N)C(=O)c1ccc2oc(-c3cccc(C(=O)O)c3)nc2c1,5.200984
Nc1ccc(N(C(=O)C2CNC2)c2cccc(-c3cc(NC[C@@H]4Cc5ccccc5CN4)[nH]n3)c2)cc1,7.697389,Nc1cc(-c2cccc(N(C(=O)C3CNC3)c3ccc(NC(=O)[C@@H]4Cc5ccccc5CN4)cc3)c2)n[nH]1,6.910788
O=C(O)c1ccc2oc(-c3cccc(CNc4cc(-c5ccc6c(ccn6CC6CC6)c5)n[nH]4)c3)nc2c1,7.370774,O=C(O)c1ccc2oc(-c3cccc(C(=O)Nc4cc(-c5ccc6c(ccn6CC6CC6)c5)n[nH]4)c3)nc2c1,7.454052
Brc1ccccc1CCNCc1ccc2nc(-c3ccc(-c4nnn(CC5CC5)n4)nc3)oc2c1,7.408422,O=C(NCCc1ccccc1Br)c1ccc2nc(-c3ccc(-c4nnn(CC5CC5)n4)nc3)oc2c1,7.532491
c1ccc2c(NCC3CCN3Cc3ccc4oc(C5CNC5)nc4c3)ccnc2c1,7.727407,O=C(c1ccc2oc(C3CNC3)nc2c1)N(CC1CCN1)c1ccnc2ccccc12,7.235288
O=C(NCCc1ccccc1)C1CCN(Cc2ccc3oc(-c4ccc5nc(C6CNC6)oc5c4)nc3c2)CC1,7.710596,O=C(NCCc1ccccc1)C1CCN(C(=O)c2ccc3oc(-c4ccc5nc(C6CNC6)oc5c4)nc3c2)CC1,6.989214
O=C(Nc1ccccc1CNc1cccc(-c2ccnc(NCCc3c[nH]c4ccccc34)c2)c1)C1CCN1,7.558753,O=C(Nc1cccc(-c2ccnc(NCCc3c[nH]c4ccccc34)c2)c1)c1ccccc1NC(=O)C1CCN1,7.738694
NC(=O)C[C@H](NC[C@@H](N)c1ccccc1)C(=O)O,2.965895,NC(=O)C[C@H](N)C(=O)N[C@H](C(=O)O)c1ccccc1,2.956872
OCC1CCCN(c2ccc3oc(C4CN(c5c[nH]nc5NC[C@@H]5Cc6ccccc6CN5)C4)nc3c2)C1,6.115864,O=C(Nc1n[nH]cc1N1CC(c2nc3cc(N4CCCC(CO)C4)ccc3o2)C1)[C@@H]1Cc2ccccc2CN1,6.041426
OB(O)c1ccc(NCc2ccc3[nH]c(C4CNC4)nc3c2)cc1,5.566537,O=C(Nc1ccc(B(O)O)cc1)c1ccc2[nH]c(C3CNC3)nc2c1,5.748835
c1ccc2c(CCNC[C@H]3CCCN3)c[nH]c2c1,4.140224,O=C(NCCc1c[nH]c2ccccc12)[C@H]1CCCN1,5.721309
Oc1ccc(Br)cc1Nc1cccc(CNCc2cn(CC3CC3)c3ccccc23)n1,5.686675,O=C(NCc1cn(CC2CC2)c2ccccc12)c1cccc(Nc2cc(Br)ccc2O)n1,6.131971
Cc1cc(Br)cnc1NCC1CNC1,4.166646,Cc1cc(Br)cnc1NC(=O)C1CNC1,5.124028
O=C(Nc1cc(-c2ccc(CN(Cc3ccc(C(F)(F)F)cc3)C[C@@H]3Cc4ccccc4CN3)cc2)n[nH]1)C1CNC1,7.626621,O=C(Nc1cc(-c2ccc(CN(Cc3ccc(C(F)(F)F)cc3)C(=O)[C@@H]3Cc4ccccc4CN3)cc2)n[nH]1)C1CNC1,7.540762
N#Cc1ccc(O)c(NCc2ccc3nc([C@H]4CCCN4)[nH]c3c2)c1,5.848722,N#Cc1ccc(O)c(NC(=O)c2ccc3nc([C@H]4CCCN4)[nH]c3c2)c1,5.78341
O=Cc1ccc(CN2CCC[C@@H]2C(=O)O)cc1,3.123849,O=Cc1ccc(C(=O)N2CCC[C@@H]2C(=O)O)cc1,3.335219
N[C@@H](CNc1cccc2cc[nH]c12)Cc1c[nH]c2ccccc12,3.367216,N[C@H](Cc1c[nH]c2ccccc12)C(=O)Nc1cccc2cc[nH]c12,3.989364
c1cc(NCc2ccc(-c3nnn(CC4CC4)n3)nc2)c2[nH]ccc2c1,7.373576,O=C(Nc1cccc2cc[nH]c12)c1ccc(-c2nnn(CC3CC3)n2)nc1,7.408352
c1cc2nc([C@H]3CCCN3)oc2cc1CN1CCN(c2ccc(-c3nnn(CC4CC4)n3)cc2)CC1,7.956655,O=C(c1ccc2nc([C@H]3CCCN3)oc2c1)N1CCN(c2ccc(-c3nnn(CC4CC4)n3)cc2)CC1,7.494242
O=C(NC1CC1)c1cccc(N2CCC(CNc3cccc4cc[nH]c34)CC2)n1,7.182498,O=C(NC1CC1)c1cccc(N2CCC(C(=O)Nc3cccc4cc[nH]c34)CC2)n1,7.557542
Brc1cc(NC[C@@H](NCc2ccc3[nH]c(C4CNC4)nc3c2)c2ccccc2)[nH]n1,6.32713,O=C(N[C@H](CNc1cc(Br)n[nH]1)c1ccccc1)c1ccc2[nH]c(C3CNC3)nc2c1,6.583083
N#Cc1cncc(NC2(CNc3cccc4cc[nH]c34)CCC2)c1,4.082167,N#Cc1cncc(NC2(C(=O)Nc3cccc4cc[nH]c34)CCC2)c1,5.397202
C[C@@H](NCC1CCN1)c1nc2cc(C(=O)O)ccc2[nH]1,5.850131,C[C@@H](NC(=O)C1CCN1)c1nc2cc(C(=O)O)ccc2[nH]1,6.107247
OB(O)c1cccc(CN2CC(CNC34CC(C3)C4)C2)c1,4.327505,O=C(NC12CC(C1)C2)C1CN(Cc2cccc(B(O)O)c2)C1,4.557751
Fc1cncc(-c2cccc(NCc3ccc4oc([C@H]5CCCN5C[C@@H]5Cc6ccccc6CN5)nc4c3)c2)c1,7.463856,O=C([C@@H]1Cc2ccccc2CN1)N(Cc1ccc2oc([C@H]3CCCN3)nc2c1)c1cccc(-c2cncc(F)c2)c1,7.246079
N#Cc1ccc(CN2CCC2CNc2cc(-c3cccc(C(=O)NC4CC4)c3)n[nH]2)cn1,7.396981,N#Cc1ccc(C(=O)N(CC2CCN2)c2cc(-c3cccc(C(=O)NC4CC4)c3)n[nH]2)cn1,7.028299
O=C1CCN(C(=O)c2cccc(O)c2NCc2ccc(CO[C@H]3CN4CCC3CC4)cc2)CC1,5.899038,O=C1CCN(C(=O)c2cccc(O)c2NC(=O)c2ccc(CO[C@H]3CN4CCC3CC4)cc2)CC1,5.959177
O=C(Nc1cccc(-c2cccc(NC[C@@H]3Cc4ccccc4CN3)c2)c1O)c1ccc(COCC2CNC2)cc1,7.836913,O=C(Nc1cccc(-c2cccc(NC(=O)[C@@H]3Cc4ccccc4CN3)c2)c1O)c1ccc(COCC2CNC2)cc1,7.847869
O=C(NC1CC1)c1cccc(-c2nc3cc(CN4CCC[C@H]4C(=O)Nc4ccccn4)ccc3o2)c1,7.986329,O=C(NC1CC1)c1cccc(-c2nc3cc(C(=O)N4CCC[C@H]4C(=O)Nc4ccccn4)ccc3o2)c1,7.547844
O=C(O)c1ccc2nc(-c3ccc(CN[C@H](C(=O)O)c4ccccc4)cc3)oc2c1,5.252344,O=C(O)c1ccc(-c2nc3ccc(C(=O)N[C@H](C(=O)O)c4ccccc4)cc3o2)cc1,5.404743
c1cc(CNc2cccc3cc[nH]c23)cc(-c2cccc3nc(C4CCN4C[C@@H]4Cc5ccccc5CN4)oc23)c1,7.355729,O=C([C@@H]1Cc2ccccc2CN1)N(Cc1cccc(-c2cccc3nc(C4CCN4)oc23)c1)c1cccc2cc[nH]c12,7.583449
N[C@@H](CNc1ccc(B(O)O)cc1)c1ccccc1,3.484794,N[C@@H](C(=O)Nc1ccc(B(O)O)cc1)c1ccccc1,4.200963
O=C(Nc1ccc(-c2cc(NC[C@@H]3Cc4ccccc4CN3C[C@@H]3Cc4ccccc4CN3)[nH]n2)cc1)C1CNC1,7.678893,O=C(Nc1ccc(-c2cc(N(C[C@@H]3Cc4ccccc4CN3)C(=O)[C@@H]3Cc4ccccc4CN3)[nH]n2)cc1)C1CNC1,7.321844
O=C(Nc1ccccc1CNCc1cn(Cc2ccc(-c3nnn(CC4CC4)n3)cc2)c2ccccc12)C1CNC1,8.076035,O=C(NCc1cn(Cc2ccc(-c3nnn(CC4CC4)n3)cc2)c2ccccc12)c1ccccc1NC(=O)C1CNC1,8.131431
O=Cc1cccc(CN2CC(c3nc4cc(C(=O)NCc5c[nH]c6ccccc56)ccc4o3)C2)c1,6.517866,O=Cc1cccc(C(=O)N2CC(c3nc4cc(C(=O)NCc5c[nH]c6ccccc56)ccc4o3)C2)c1,6.886191
O=C(Nc1ccccc1O)C1CCN(Cc2cccc(F)n2)CC1,5.279145,O=C(Nc1ccccc1O)C1CCN(C(=O)c2cccc(F)n2)CC1,5.351894
O=C(Nc1n[nH]cc1NCc1ccccc1)C1CN(C[C@@H]2Cc3ccccc3CN2)C1,6.431538,O=C(Nc1n[nH]cc1N(Cc1ccccc1)C(=O)[C@@H]1Cc2ccccc2CN1)C1CNC1,6.795219
OB(O)c1cccc(N(CCNCC2CNC2)Cc2c[nH]c3ccccc23)c1,4.069405,O=C(NCCN(Cc1c[nH]c2ccccc12)c1cccc(B(O)O)c1)C1CNC1,4.996899
c1ccc2c(c1)c(CCNCc1ccc(CO[C@H]3CN4CCC3CC4)cc1)cn2Cc1ccc(-c2nnn(CC3CC3)n2)cc1,8.167985,O=C(NCCc1cn(Cc2ccc(-c3nnn(CC4CC4)n3)cc2)c2ccccc12)c1ccc(CO[C@H]2CN3CCC2CC3)cc1,8.175952
c1ccc2c(c1)c(CNCc1ccc(-c3nnn(CC4CC4)n3)nc1)cn2CC1CC1,8.095024,O=C(NCc1cn(CC2CC2)c2ccccc12)c1ccc(-c2nnn(CC3CC3)n2)nc1,8.201728
O=Cc1ccccc1CN(CC1CNC1)c1ccc(B(O)O)cc1,3.857748,O=Cc1ccccc1CN(C(=O)C1CNC1)c1ccc(B(O)O)cc1,4.355523
O=C(NC1CC1)c1cccc(-c2cc(NCc3ccc(-c4nc5ccccc5s4)cc3)[nH]n2)c1,7.642287,O=C(Nc1cc(-c2cccc(C(=O)NC3CC3)c2)n[nH]1)c1ccc(-c2nc3ccccc3s2)cc1,7.542582
c1ccc2c(CCNCC3CNC3)c[nH]c2c1,4.707244,O=C(NCCc1c[nH]c2ccccc12)C1CNC1,6.890737
c1cc(CN2CC(Nc3ccnc4ccccc34)C2)cc(-c2nc3cc(-c4nnn(CC5CC5)n4)ccc3o2)c1,7.769171,O=C(c1cccc(-c2nc3cc(-c4nnn(CC5CC5)n4)ccc3o2)c1)N(c1ccnc2ccccc12)C1CNC1,7.908152
O=C(Nc1ccccc1CNC1CCC1)c1ccc2nc(-c3ccccc3NC(=O)C3CCNCC3)[nH]c2c1,6.526573,O=C(Nc1ccccc1C(=O)NC1CCC1)c1ccc2nc(-c3ccccc3NC(=O)C3CCNCC3)[nH]c2c1,6.618655
OB(O)c1ccc(NCc2ccc(CNC34CC(C3)C4)cc2)cc1,5.31812,O=C(NC12CC(C1)C2)c1ccc(CNc2ccc(B(O)O)cc2)cc1,5.205606
c1ccc2c(c1)C[C@@H](CNc1ccc(-c3ccc4c(ccn4CC4CC4)c3)cc1)N(CC1CCN1)C2,7.756093,O=C(C1CCN1)N(C[C@@H]1Cc2ccccc2CN1)c1ccc(-c2ccc3c(ccn3CC3CC3)c2)cc1,7.422105
O=C(NC1CC1)C1(N(Cc2ccc3[nH]c(C4CNC4)nc3c2)CC2CCN2)CCC1,7.284407,O=C(C1CCN1)N(Cc1ccc2[nH]c(C3CNC3)nc2c1)C1(C(=O)NC2CC2)CCC1,7.175647
O=c1cc(Cn2nnc(-c3cccc(-c4ncccc4NCc4ccc(-c5nnn(CC6CC6)n5)nc4)c3)n2)c2ccccc2[nH]1,7.465892,O=C(Nc1cccnc1-c1cccc(-c2nnn(Cc3cc(=O)[nH]c4ccccc34)n2)c1)c1ccc(-c2nnn(CC3CC3)n2)nc1,6.173319
c1cc(Nc2ccc(-c3ccc4c(CNC56CC(C5)C6)c[nH]c4c3)cc2)ccc1NCC1CCN1,7.793443,O=C(Nc1ccc(Nc2ccc(-c3ccc4c(CNC56CC(C5)C6)c[nH]c4c3)cc2)cc1)C1CCN1,7.934958
O=C(Nc1ccccn1)Nc1cc(-c2cccc(NCc3ccc(-c4nnn(CC5CC5)n4)nc3)c2)n[nH]1,8.162507,O=C(Nc1ccccn1)Nc1cc(-c2cccc(NC(=O)c3ccc(-c4nnn(CC5CC5)n4)nc3)c2)n[nH]1,7.833208
c1ccc(-c2nc3cc(CNCc4cn(CC5CC5)c5ccccc45)ccc3o2)c(CO[C@H]2CN3CCC2CC3)c1,7.898282,O=C(NCc1cn(CC2CC2)c2ccccc12)c1ccc2oc(-c3ccccc3CO[C@H]3CN4CCC3CC4)nc2c1,8.118443
Nc1cc(CN2Cc3ccccc3C[C@H]2C(=O)O)ccc1O,4.286645,Nc1cc(C(=O)N2Cc3ccccc3C[C@H]2C(=O)O)ccc1O,4.441774
C[C@@H](NC(=O)C1(NC(=O)c2ccccc2NC[C@@H]2Cc3ccccc3CN2)CCC1)c1ccccc1,6.722494,C[C@@H](NC(=O)C1(NC(=O)c2ccccc2NC(=O)[C@@H]2Cc3ccccc3CN2)CCC1)c1ccccc1,7.081403
O=C(Nc1ccc(Br)cc1)[C@@H](NCc1ccc(-c2nnn(CC3CC3)n2)nc1)c1ccccc1,7.0799,O=C(N[C@H](C(=O)Nc1ccc(Br)cc1)c1ccccc1)c1ccc(-c2nnn(CC3CC3)n2)nc1,7.014666
O=C(O)C1(NCC2CCN(Cc3ccncc3)CC2)CCC1,3.551513,O=C(NC1(C(=O)O)CCC1)C1CCN(Cc2ccncc2)CC1,5.248542
O=C(NC1CC1)c1ccc(-c2nc3ccc(CNC4(c5nc6cc(Br)ccc6o5)CCC4)cc3o2)cc1,7.787961,O=C(NC1CC1)c1ccc(-c2nc3ccc(C(=O)NC4(c5nc6cc(Br)ccc6o5)CCC4)cc3o2)cc1,7.325447
Nc1ccccc1CNc1cccc(-c2cccc3nc(-c4cccnc4)oc23)c1,6.330306,Nc1ccccc1C(=O)Nc1cccc(-c2cccc3nc(-c4cccnc4)oc23)c1,6.066382
O=C(Nc1cccc(-c2ccc(NC3CNC3)cc2)c1)[C@@H]1CCCN1CC1CCN1,6.962436,O=C(Nc1cccc(-c2ccc(N(C(=O)C3CCN3)C3CNC3)cc2)c1)[C@@H]1CCCN1,3.462653
O=C(NC1CC1)c1cccc(-c2nc3ccc(CNCc4c[nH]c5ccccc45)cc3o2)c1,7.744906,O=C(NCc1c[nH]c2ccccc12)c1ccc2nc(-c3cccc(C(=O)NC4CC4)c3)oc2c1,7.886089
NCc1nc2ccc(CNc3cccc(B(O)O)c3)cc2[nH]1,3.429835,NCc1nc2ccc(C(=O)Nc3cccc(B(O)O)c3)cc2[nH]1,3.643437
Nc1ccc(CNCC(=O)O)cc1O,2.841024,NCC(=O)Nc1ccc(C(=O)O)cc1O,2.489515
O=C(NCCc1ccc(O)cc1)C1CCN1CC1CN(C[C@@H]2Cc3ccccc3CN2)C1,6.646844,O=C(NCCc1ccc(O)cc1)C1CCN1CC1CN(C(=O)[C@@H]2Cc3ccccc3CN2)C1,6.654703
OB(O)c1ccc(NCc2ccc(Cn3nnnc3-c3cccc(B(O)O)c3)cc2)cc1,4.166235,O=C(Nc1ccc(B(O)O)cc1)c1ccc(Cn2nnnc2-c2cccc(B(O)O)c2)cc1,4.265695
OC[C@H]1CCCN1Cc1ccc2nc(C3CNC3)oc2c1,6.103481,O=C(c1ccc2nc(C3CNC3)oc2c1)N1CCC[C@@H]1CO,5.901104
c1cc2cc(-c3cc(Nc4ccc5nc(C6CCN6CC6CNC6)oc5c4)[nH]n3)ccc2[nH]1,6.566848,O=C(C1CNC1)N(c1ccc2nc(C3CCN3)oc2c1)c1cc(-c2ccc3[nH]ccc3c2)n[nH]1,3.45385
O=C(NC1CC1)c1ccc2nc(C3(NC[C@@H]4Cc5ccccc5CN4)CCC3)oc2c1,7.759769,O=C(NC1CC1)c1ccc2nc(C3(NC(=O)[C@@H]4Cc5ccccc5CN4)CCC3)oc2c1,7.716499
O=C(NCCc1ccccc1)N1CCN(Cc2ccc3nc(-c4ccc(-c5nnn(CC6CC6)n5)nc4)oc3c2)CC1,7.714268,O=C(NCCc1ccccc1)N1CCN(C(=O)c2ccc3nc(-c4ccc(-c5nnn(CC6CC6)n5)nc4)oc3c2)CC1,7.096235
O=C(NCCc1c[nH]c2ccccc12)Nc1ccc(-c2ccc(NCc3ccc(-c4nnn(CC5CC5)n4)nc3)cc2)cc1,7.817668,O=C(NCCc1c[nH]c2ccccc12)Nc1ccc(-c2ccc(NC(=O)c3ccc(-c4nnn(CC5CC5)n4)nc3)cc2)cc1,7.217406
ClCc1ccc(CNc2ccc(-c3cccc(CNCCc4c[nH]c5ccccc45)c3)cn2)cc1,6.18938,O=C(Nc1ccc(-c2cccc(CNCCc3c[nH]c4ccccc34)c2)cn1)c1ccc(CCl)cc1,6.485576
C[C@H](NCc1cccc(-c2cncc(-c3nnnn3CC3CC3)c2)c1)c1ccccc1,7.264304,C[C@H](NC(=O)c1cccc(-c2cncc(-c3nnnn3CC3CC3)c2)c1)c1ccccc1,7.439362
c1ccc2c(CNCc3ccc4[nH]c([C@H]5CCCNC5)nc4c3)c[nH]c2c1,6.07635,O=C(NCc1c[nH]c2ccccc12)c1ccc2[nH]c([C@H]3CCCNC3)nc2c1,6.774296
c1cc(-c2cc(NC[C@@H]3Cc4ccccc4CN3)[nH]n2)cc(N(CC2CCN2)C2CNC2)c1,7.879828,O=C(C1CCN1)N(C[C@@H]1Cc2ccccc2CN1)c1cc(-c2cccc(NC3CNC3)c2)n[nH]1,7.396428
O=C(c1ccc2nc([C@@H]3CCCN3)[nH]c2c1)N1CCN(CC2CNC2)CC1,6.860631,O=C(c1ccc2nc([C@@H]3CCCN3)[nH]c2c1)N1CCN(C(=O)C2CNC2)CC1,6.722248
C[C@H](NC[C@@H]1CCCN1)c1ccccc1,3.66354,C[C@H](NC(=O)[C@@H]1CCCN1)c1ccccc1,5.29516
NC1(c2nc3cc(-c4nc5cc(CNCc6cn(CC7CC7)c7ccccc67)ccc5o4)ccc3o2)CCC1,6.963911,NC1(c2nc3cc(-c4nc5cc(C(=O)NCc6cn(CC7CC7)c7ccccc67)ccc5o4)ccc3o2)CCC1,7.223357
O=C(C1CCN1)N1CC(CNc2ccc(B(O)O)cc2)C1,5.138806,O=C(Nc1ccc(B(O)O)cc1)C1CN(C(=O)C2CCN2)C1,5.644989
OB(O)c1ccc(NCC2CNC2)cc1,3.758318,O=C(Nc1ccc(B(O)O)cc1)C1CNC1,4.834468
FC(F)(F)c1ccc(CNCc2ccc3nc(-c4ccc5oc(C6CNC6)nc5c4)oc3c2)cc1,7.372113,O=C(NCc1ccc(C(F)(F)F)cc1)c1ccc2nc(-c3ccc4oc(C5CNC5)nc4c3)oc2c1,7.711877
O=C(O)C1CCN1C(=O)Nc1cccc(-c2ccc(NCc3ccc(-c4nnn(CC5CC5)n4)nc3)cc2)c1,7.388781,O=C(Nc1ccc(-c2cccc(NC(=O)N3CCC3C(=O)O)c2)cc1)c1ccc(-c2nnn(CC3CC3)n2)nc1,6.338056
O=Cc1cccc(CN2CC(c3nc4c(C(=O)Nc5ccnc6ccccc56)cccc4o3)C2)c1,6.102093,O=Cc1cccc(C(=O)N2CC(c3nc4c(C(=O)Nc5ccnc6ccccc56)cccc4o3)C2)c1,6.506464
OB(O)c1ccc(NCc2ccc3nc(C4CCN4)oc3c2)cc1,5.559505,O=C(Nc1ccc(B(O)O)cc1)c1ccc2nc(C3CCN3)oc2c1,5.746909
O=C(N[C@H](C(=O)O)c1ccccc1)C1CN(c2cc(-c3cccc(NCC4CNC4)c3)ccn2)C1,6.855285,O=C(Nc1cccc(-c2ccnc(N3CC(C(=O)N[C@H](C(=O)O)c4ccccc4)C3)c2)c1)C1CNC1,6.593321
c1cc(NCc2ccc3nc([C@H]4CCCNC4)oc3c2)cc(-c2cncc(-c3nnn(CC4CC4)n3)c2)c1,7.989109,O=C(Nc1cccc(-c2cncc(-c3nnn(CC4CC4)n3)c2)c1)c1ccc2nc([C@H]3CCCNC3)oc2c1,7.765049
O=C(Nc1ccc(B(O)O)cc1)[C@@H]1CCCN1CC1CNC1,4.772835,O=C(Nc1ccc(B(O)O)cc1)[C@@H]1CCCN1C(=O)C1CNC1,5.505827
OB(O)c1cccc(NCc2ccc(CNC34CC(C3)C4)cc2)c1,5.174248,O=C(Nc1cccc(B(O)O)c1)c1ccc(CNC23CC(C2)C3)cc1,5.259497
O=C(Nc1cc(Br)ccc1O)c1ccc2nc(-c3cccc(CNC45CC(C4)C5)c3)oc2c1,6.631327,O=C(Nc1cc(Br)ccc1O)c1ccc2nc(-c3cccc(C(=O)NC45CC(C4)C5)c3)oc2c1,6.745243
OB(O)c1cccc(NCc2ccc3nc([C@@H]4Cc5ccccc5CN4)oc3c2)c1,5.610859,O=C(Nc1cccc(B(O)O)c1)c1ccc2nc([C@@H]3Cc4ccccc4CN3)oc2c1,5.794293
N#Cc1ccc(CNc2cc(C(=O)O)ccc2O)cn1,4.240554,N#Cc1ccc(C(=O)Nc2cc(C(=O)O)ccc2O)cn1,4.296705
C#Cc1cc(NCC2CNC2)[nH]n1,5.118691,C#Cc1cc(NC(=O)C2CNC2)[nH]n1,6.614486
O=C(NC1CC1)c1cccc(N2CC(CN(Cc3ccc(F)cc3)C34CC(C3)C4)C2)n1,6.857701,O=C(NC1CC1)c1cccc(N2CC(C(=O)N(Cc3ccc(F)cc3)C34CC(C3)C4)C2)n1,6.896482
Oc1cc(Br)ccc1NCc1ccc2nc(C3CNC3)oc2c1,6.302249,O=C(Nc1ccc(Br)cc1O)c1ccc2nc(C3CNC3)oc2c1,6.406725
O=C(Nc1ccnc2ccccc12)[C@@H]1Cc2ccccc2CN1Cc1ccc(-c2nnn(CC3CC3)n2)nc1,7.770926,O=C(Nc1ccnc2ccccc12)[C@@H]1Cc2ccccc2CN1C(=O)c1ccc(-c2nnn(CC3CC3)n2)nc1,7.182455
C[C@@H](NCc1cccc(-c2ccc3nc(C4CNC4)oc3c2)c1)c1ccccc1,7.583768,C[C@@H](NC(=O)c1cccc(-c2ccc3nc(C4CNC4)oc3c2)c1)c1ccccc1,7.536023
c1cc(-c2cc(NCC3CCN3C[C@@H]3Cc4ccccc4CN3)[nH]n2)cc(-c2nnn(CC3CC3)n2)c1,7.935446,O=C(Nc1cc(-c2cccc(-c3nnn(CC4CC4)n3)c2)n[nH]1)C1CCN1C[C@@H]1Cc2ccccc2CN1,7.6136
c1cc(NCC2CNC2)cc(-c2ccc(NCc3ccc4oc(C5CCN5)nc4c3)cc2)c1,8.024181,O=C(Nc1cccc(-c2ccc(NCc3ccc4oc(C5CCN5)nc4c3)cc2)c1)C1CNC1,7.811479
c1ccc(CNCC2CCN2)cc1,5.839138,O=C(NCc1ccccc1)C1CCN1,6.352616
c1ccc2c(c1)C[C@@H](CNC1(c3nc4ccccc4o3)CCC1)N(Cc1ccc(-c3nnn(CC4CC4)n3)nc1)C2,7.786125,O=C(c1ccc(-c2nnn(CC3CC3)n2)nc1)N(C[C@@H]1Cc2ccccc2CN1)C1(c2nc3ccccc3o2)CCC1,7.723662
N#Cc1ccc(CNc2ccc(N3CCC[C@@H]3C(=O)O)cc2)cn1,4.854657,N#Cc1ccc(C(=O)Nc2ccc(N3CCC[C@@H]3C(=O)O)cc2)cn1,5.106812
O=C(NCc1c[nH]c2ccccc12)[C@H]1CCCN(Cc2ccc3nc(-c4ccc(-c5nnn(CC6CC6)n5)nc4)[nH]c3c2)C1,8.048325,O=C(NCc1c[nH]c2ccccc12)[C@H]1CCCN(C(=O)c2ccc3nc(-c4ccc(-c5nnn(CC6CC6)n5)nc4)[nH]c3c2)C1,7.936364
c1ccc(Nc2ccc3nc([C@H]4CCCN(Cc5ccc(-c6nnn(CC7CC7)n6)nc5)C4)oc3c2)nc1,7.208102,O=C(c1ccc(-c2nnn(CC3CC3)n2)nc1)N(c1ccc2nc([C@H]3CCCNC3)oc2c1)c1ccccn1,7.23395
O=C(NC1CC1)c1cccc(-c2nc3cc(CNc4ccccc4C(=O)N4CCNCC4)ccc3o2)c1,7.200566,O=C(Nc1ccccc1C(=O)N1CCNCC1)c1ccc2oc(-c3cccc(C(=O)NC4CC4)c3)nc2c1,7.176438
N#Cc1ccc(CN(C[C@@H]2Cc3ccccc3CN2)C2CCC2)cn1,5.539813,N#Cc1ccc(C(=O)N(C[C@@H]2Cc3ccccc3CN2)C2CCC2)cn1,5.634518
O=C(NCCc1c[nH]c2ccccc12)[C@H]1CCCN1CC1CCN1,6.97364,O=C(NCCc1c[nH]c2ccccc12)[C@H]1CCCN1C(=O)C1CCN1,7.101298
c1ccc(CCN(Cc2ccc(CO[C@H]3CN4CCC3CC4)cc2)C[C@@H]2Cc3ccccc3CN2)cc1,7.418962,O=C(c1ccc(CO[C@H]2CN3CCC2CC3)cc1)N(CCc1ccccc1)C[C@@H]1Cc2ccccc2CN1,7.405934
c1ccc(CCN(Cc2ccc(-c3nnn(CC4CC4)n3)nc2)C[C@@H]2Cc3ccccc3CN2)cc1,7.615738,O=C(c1ccc(-c2nnn(CC3CC3)n2)nc1)N(CCc1ccccc1)C[C@@H]1Cc2ccccc2CN1,7.536183
N#Cc1ccc(CNc2cc(C(=O)NCc3c[nH]c4ccccc34)ccc2N)cn1,6.008943,N#Cc1ccc(C(=O)Nc2cc(C(=O)NCc3c[nH]c4ccccc34)ccc2N)cn1,6.46509
Brc1cccc2nc(C3(NCc4ccc(-c5nnn(CC6CC6)n5)nc4)CCC3)oc12,7.433635,O=C(NC1(c2nc3cccc(Br)c3o2)CCC1)c1ccc(-c2nnn(CC3CC3)n2)nc1,7.213255
O=C(Nc1cccc(-c2cn(CC3CC3)cn2)c1)[C@H]1CCCN(CC2CCN2)C1,7.492822,O=C(Nc1cccc(-c2cn(CC3CC3)cn2)c1)[C@H]1CCCN(C(=O)C2CCN2)C1,7.602178
N[C@H](CN(C[C@@H]1Cc2ccccc2CN1)C1(C(=O)O)CCC1)c1ccccc1,4.812801,N[C@H](CN(C(=O)[C@@H]1Cc2ccccc2CN1)C1(C(=O)O)CCC1)c1ccccc1,5.394258
O=C(Nc1cccc(B(O)O)c1)[C@@H](CCCCNCc1ccc2nc(C3CNC3)oc2c1)NC[C@@H]1Cc2ccccc2CN1,6.038405,O=C(N[C@H](CCCCNCc1ccc2nc(C3CNC3)oc2c1)C(=O)Nc1cccc(B(O)O)c1)[C@@H]1Cc2ccccc2CN1,6.090214
Cc1cc(-c2cn(CC3CC3)nn2)cnc1NCc1ccc(-c2nnn(CC3CC3)n2)nc1,7.968717,Cc1cc(-c2cn(CC3CC3)nn2)cnc1NC(=O)c1ccc(-c2nnn(CC3CC3)n2)nc1,6.907342
O=Cc1cccc(CNc2ccc(B(O)O)cc2)c1,3.344347,O=Cc1cccc(C(=O)Nc2ccc(B(O)O)cc2)c1,3.649674
Fc1ccc(-c2nc3cc(CNCCc4c[nH]c5ccccc45)ccc3o2)cc1,5.890816,O=C(NCCc1c[nH]c2ccccc12)c1ccc2oc(-c3ccc(F)cc3)nc2c1,6.272181
O=C(O)C1CCN(c2ccc(NCC3CCN3)cc2)CC1,5.370754,O=C(O)C1CCN(c2ccc(NC(=O)C3CCN3)cc2)CC1,5.497959
Nc1ccc(NCCc2cn(CC3CC3)c3ccccc23)cc1NC(=O)C1(NC[C@@H]2Cc3ccccc3CN2)CCC1,7.583673,NC1(C(=O)Nc2cc(NCCc3cn(CC4CC4)c4ccccc34)ccc2NC(=O)[C@@H]2Cc3ccccc3CN2)CCC1,6.795878
O=Cc1ccc(CN[C@@H](Cc2ccccc2)C(=O)O)cc1,3.277836,O=Cc1ccc(C(=O)N[C@@H](Cc2ccccc2)C(=O)O)cc1,3.713525
c1cncc(-c2ccccc2CCNCc2cccc(-c3cccc4nc(C5CNC5)oc34)c2)c1,7.282912,O=C(NCCc1ccccc1-c1cccnc1)c1cccc(-c2cccc3nc(C4CNC4)oc23)c1,7.605851
O=C(Nc1ccnc2ccccc12)[C@H]1CCCN1Cc1ccc2[nH]c(-c3ccc4nc(C5CNC5)oc4c3)nc2c1,7.964772,O=C(Nc1ccnc2ccccc12)[C@H]1CCCN1C(=O)c1ccc2[nH]c(-c3ccc4nc(C5CNC5)oc4c3)nc2c1,7.308085
OB(O)c1ccc(NCc2ccncc2)cc1,3.215051,O=C(Nc1ccc(B(O)O)cc1)c1ccncc1,3.558295
O=C(O)C1CN(CC2(NCc3cccc(B(O)O)c3)CCC2)C1,3.235649,O=C(C1CNC1)N(Cc1cccc(B(O)O)c1)C1(C(=O)O)CCC1,4.152167
Brc1cc(NCc2ccc3nc(C4CNC4)oc3c2)[nH]n1,6.651232,O=C(Nc1cc(Br)n[nH]1)c1ccc2nc(C3CNC3)oc2c1,6.828593
O=C(O)c1ccccc1NCc1ccc(CCl)cc1,3.717715,O=C(Nc1ccccc1C(=O)O)c1ccc(CCl)cc1,3.967153
O=C(NCc1ccccc1O)c1ccc(CN(Cc2ccc(-c3nnn(CC4CC4)n3)nc2)C23CC(C2)C3)cc1,7.554966,O=C(NCc1ccccc1O)c1ccc(CN(C(=O)c2ccc(-c3nnn(CC4CC4)n3)nc2)C23CC(C2)C3)cc1,7.300252
Brc1ncccc1NCC1CCNCC1,2.607333,O=C(Nc1cccnc1Br)C1CCNCC1,4.865119
O=Cc1cccc(CNCc2c[nH]c3ccccc23)c1,4.306798,O=Cc1cccc(C(=O)NCc2c[nH]c3ccccc23)c1,4.88543
c1ccc2c(c1)CN[C@H](CN1CC(CNc3ccc(-c4csc(Nc5ccnc6ccccc56)n4)cc3)C1)C2,7.026438,O=C([C@@H]1Cc2ccccc2CN1)N(CC1CNC1)c1ccc(-c2csc(Nc3ccnc4ccccc34)n2)cc1,7.195517
O=C(Nc1cccc2cc[nH]c12)C1CCN(Cc2ccc3nc(-c4ccc(-c5nnn(CC6CC6)n5)nc4)oc3c2)CC1,7.972491,O=C(Nc1cccc2cc[nH]c12)C1CCN(C(=O)c2ccc3nc(-c4ccc(-c5nnn(CC6CC6)n5)nc4)oc3c2)CC1,7.81925
c1ccc2c(c1)CN[C@H](CN1CC(CN3CCC(c4nc5ccc(NC6CC6)cc5o4)CC3)C1)C2,6.950883,O=C([C@@H]1Cc2ccccc2CN1)N(c1ccc2nc(C3CCN(CC4CNC4)CC3)oc2c1)C1CC1,7.021007
OB(O)c1cccc(NCc2ccc3[nH]c(-c4ccc(CCl)cc4)nc3c2)c1,4.599033,O=C(Nc1cccc(B(O)O)c1)c1ccc2[nH]c(-c3ccc(CCl)cc3)nc2c1,4.821314
C[C@@H](c1ccccc1)N(Cc1cccc(-c2cccc(C3=NCCc4ccccc43)c2)c1)C[C@@H]1Cc2ccccc2CN1,7.620969,C[C@@H](c1ccccc1)N(Cc1cccc(-c2cccc(C3=NCCc4ccccc43)c2)c1)C(=O)[C@@H]1Cc2ccccc2CN1,7.733454
c1cc(NCc2ccc(-c3nnn(CC4CC4)n3)nc2)cc(-c2ccc3oc(C4CNC4)nc3c2)c1,8.29093,O=C(Nc1cccc(-c2ccc3oc(C4CNC4)nc3c2)c1)c1ccc(-c2nnn(CC3CC3)n2)nc1,6.260961
O=C(Nc1ccc(-c2ccc(NCc3ccc4nc([C@@H]5CCCN5)oc4c3)cc2)cc1O)C1CCN1,7.515269,O=C(Nc1ccc(-c2ccc(NC(=O)C3CCN3)c(O)c2)cc1)c1ccc2nc([C@@H]3CCCN3)oc2c1,6.289044
Cc1cc(-c2ccc3[nH]ccc3c2)cnc1NC[C@@H]1CCCN1c1ccc(NCC2CCN2)cc1,7.518703,Cc1cc(-c2ccc3[nH]ccc3c2)cnc1NC[C@@H]1CCCN1c1ccc(NC(=O)C2CCN2)cc1,7.628578
O=C(NC1CC1)[C@H](Cc1c[nH]c2ccccc12)NCc1ccc2[nH]c(-c3ccc4nc(C5CNC5)oc4c3)nc2c1,7.706895,O=C(N[C@@H](Cc1c[nH]c2ccccc12)C(=O)NC1CC1)c1ccc2[nH]c(-c3ccc4nc(C5CNC5)oc4c3)nc2c1,7.34798
Nc1ccccc1CN1CCC[C@H]1C(=O)Nc1cccc2cc[nH]c12,5.202154,Nc1ccccc1C(=O)N1CCC[C@H]1C(=O)Nc1cccc2cc[nH]c12,5.143716
O=C1CN(Cc2ccc(F)cc2)C1,3.183955,O=C1CN(C(=O)c2ccc(F)cc2)C1,3.567313
O=C(NCc1ccccc1)Nc1ccc(C(=O)NC2CC2)cc1OC(=O)[C@@H]1Cc2ccccc2CN1C[C@@H]1Cc2ccccc2CN1,6.830758,O=C(NCc1ccccc1)Nc1ccc(C(=O)NC2CC2)cc1OC(=O)[C@@H]1Cc2ccccc2CN1C(=O)[C@@H]1Cc2ccccc2CN1,6.818484
c1cc(NCC2CN(Cc3cccc4oc(C5CNC5)nc34)C2)c2[nH]ccc2c1,7.145718,O=C(Nc1cccc2cc[nH]c12)C1CN(Cc2cccc3oc(C4CNC4)nc23)C1,7.305477
O=C(O)[C@H]1CCCN1CC1CCNCC1,2.371975,O=C(O)C1CCN(C(=O)[C@H]2CCCN2)CC1,3.626352
c1ccc2nc(N(Cc3ccc4nc([C@@H]5CCCN5)oc4c3)c3ccnc4ccccc34)ccc2c1,6.488762,O=C(c1ccc2nc([C@@H]3CCCN3)oc2c1)N(c1ccc2ccccc2n1)c1ccnc2ccccc12,5.443991
NC1(c2nc3ccc(CNc4ccc(Br)cc4)cc3o2)CCC1,4.884035,NC1(c2nc3ccc(C(=O)Nc4ccc(Br)cc4)cc3o2)CCC1,5.16377
c1ccc2c(c1)CN[C@H](CN1CCC1c1nc3cccc(-c4ccc5c(ccn5CC5CC5)c4)c3o1)C2,7.640169,O=C([C@@H]1Cc2ccccc2CN1)N1CCC1c1nc2cccc(-c3ccc4c(ccn4CC4CC4)c3)c2o1,7.530842
c1cc(NCc2ccc(-c3nc4cc(-c5nnn(CC6CC6)n5)ccc4o3)cc2)c2c(c1)ccn2CC1CC1,8.05267,O=C(Nc1cccc2ccn(CC3CC3)c12)c1ccc(-c2nc3cc(-c4nnn(CC5CC5)n4)ccc3o2)cc1,8.134537
O=C(O)c1ccc(NC[C@@H]2Cc3ccccc3CN2)c(NCc2ccc(B(O)O)cc2)c1,4.996398,O=C(O)c1ccc(NC(=O)[C@@H]2Cc3ccccc3CN2)c(NCc2ccc(B(O)O)cc2)c1,5.169063
c1cc(NCC2CCN2)cc(-c2ccc3nc(C4CCN4)oc3c2)c1,7.446461,O=C(Nc1cccc(-c2ccc3nc(C4CCN4)oc3c2)c1)C1CCN1,4.742371
c1cc(NCc2ccc3[nH]c(-c4ccc(COCC5CNC5)cc4)nc3c2)c2[nH]ccc2c1,7.388498,O=C(Nc1cccc2cc[nH]c12)c1ccc2[nH]c(-c3ccc(COCC4CNC4)cc3)nc2c1,7.479635
ClCc1ccc(CN2Cc3ccccc3C[C@H]2c2nc3ccc(CNCc4cn(CC5CC5)c5ccccc45)cc3o2)cc1,7.035403,O=C(NCc1cn(CC2CC2)c2ccccc12)c1ccc2nc([C@@H]3Cc4ccccc4CN3Cc3ccc(CCl)cc3)oc2c1,7.360115
O=C(NC1CC1)c1ccc(-c2nc3c(CN(C[C@@H]4Cc5ccccc5CN4)C45CC(C4)C5)cccc3o2)cc1,7.156072,O=C(NC1CC1)c1ccc(-c2nc3c(CN(C(=O)[C@@H]4Cc5ccccc5CN4)C45CC(C4)C5)cccc3o2)cc1,6.861701
O=C(NCc1ccc(C(F)(F)F)cc1)C1CCN(Cc2ccc3nc(C4CNC4)oc3c2)CC1,7.576136,O=C(NCc1ccc(C(F)(F)F)cc1)C1CCN(C(=O)c2ccc3nc(C4CNC4)oc3c2)CC1,7.487975
C[C@@H](NC(=O)C1CCN(Cc2cccc(-c3nc4cc(-c5nnn(CC6CC6)n5)ccc4o3)c2)CC1)c1ccccc1,7.865469,C[C@@H](NC(=O)C1CCN(C(=O)c2cccc(-c3nc4cc(-c5nnn(CC6CC6)n5)ccc4o3)c2)CC1)c1ccccc1,7.684221
C#Cc1cc(NCc2ccc(-c3ccc(NCC4CCN4)cc3)cc2)[nH]n1,7.363555,C#Cc1cc(NCc2ccc(-c3ccc(NC(=O)C4CCN4)cc3)cc2)[nH]n1,7.465546
C[C@@H](c1ccccc1)N(Cc1ccc(C(=O)NCCc2ccncc2)cc1)C[C@@H]1Cc2ccccc2CN1C[C@@H]1Cc2ccccc2CN1,6.669352,C[C@@H](c1ccccc1)N(Cc1ccc(C(=O)NCCc2ccncc2)cc1)C[C@@H]1Cc2ccccc2CN1C(=O)[C@@H]1Cc2ccccc2CN1,6.716931
O=C(O)C1CN(CC2CN(C(=O)c3cccc(F)n3)C2)C1,4.084641,O=C(O)C1CN(C(=O)C2CN(C(=O)c3cccc(F)n3)C2)C1,5.033907
O=Cc1ccc(CNc2ccc(CNCCNC34CC(C3)C4)cc2O)cc1,5.859077,O=Cc1ccc(CNc2ccc(CNCC(=O)NC34CC(C3)C4)cc2O)cc1,4.899948
O=C(Nc1cc(-c2cccc(NCc3ccc(F)cc3)c2)n[nH]1)c1ccc2nc(C3CNC3)oc2c1,7.818941,O=C(Nc1cccc(-c2cc(NC(=O)c3ccc4nc(C5CNC5)oc4c3)[nH]n2)c1)c1ccc(F)cc1,7.724015
CC1(C)OB(c2ccc(NCc3cc(B(O)O)ccc3F)nc2)OC1(C)C,3.308844,CC1(C)OB(c2ccc(NC(=O)c3cc(B(O)O)ccc3F)nc2)OC1(C)C,3.434825
N#Cc1cncc(-c2cccc(CNc3ccnc4ccccc34)c2)c1,5.702799,N#Cc1cncc(-c2cccc(C(=O)Nc3ccnc4ccccc34)c2)c1,5.95991
c1cc(NCc2ccc3[nH]c([C@H]4CCCN4)nc3c2)cc(-c2cn(CC3CC3)cn2)c1,8.064992,O=C(Nc1cccc(-c2cn(CC3CC3)cn2)c1)c1ccc2[nH]c([C@H]3CCCN3)nc2c1,7.889984
ClCc1ccc(-c2nc3cc(-c4cccc(NCc5ccc(CO[C@H]6CN7CCC6CC7)cc5)c4)ccc3o2)cc1,7.789333,O=C(Nc1cccc(-c2ccc3oc(-c4ccc(CCl)cc4)nc3c2)c1)c1ccc(CO[C@H]2CN3CCC2CC3)cc1,7.786596
Nc1cc(-c2cccc(NCc3ccc(-c4nc5ccc(C(=O)NCCc6c[nH]c7ccccc67)cc5o4)cc3)c2)n[nH]1,7.057445,Nc1cc(-c2cccc(NC(=O)c3ccc(-c4nc5ccc(C(=O)NCCc6c[nH]c7ccccc67)cc5o4)cc3)c2)n[nH]1,7.211946
O=C(NC1CC1)c1ccc2nc(-c3cccc(CNCc4c[nH]c5ccccc45)c3)oc2c1,7.697238,O=C(NCc1c[nH]c2ccccc12)c1cccc(-c2nc3ccc(C(=O)NC4CC4)cc3o2)c1,7.897589
Brc1ccc2nc(-c3ccccc3NCc3ccc(CO[C@H]4CN5CCC4CC5)cc3)oc2c1,7.445594,O=C(Nc1ccccc1-c1nc2ccc(Br)cc2o1)c1ccc(CO[C@H]2CN3CCC2CC3)cc1,7.281879
O=C(NCc1c[nH]c2ccccc12)c1ccc(-c2nc3cc(CNc4ccc(-c5ccnc(F)c5)cc4)ccc3o2)cc1,7.321222,O=C(NCc1c[nH]c2ccccc12)c1ccc(-c2nc3cc(C(=O)Nc4ccc(-c5ccnc(F)c5)cc4)ccc3o2)cc1,7.539629
Brc1ccc2nc(-c3ccccc3NCc3ccc4oc(-c5ccc(CO[C@H]6CN7CCC6CC7)cc5)nc4c3)oc2c1,7.689288,O=C(Nc1ccccc1-c1nc2ccc(Br)cc2o1)c1ccc2oc(-c3ccc(CO[C@H]4CN5CCC4CC5)cc3)nc2c1,7.446917
O=C(NC1CC1)c1ccc(CN(Cc2cc[nH]n2)c2ccc(C(=O)NC34CC(C3)C4)cc2O)cc1,6.243824,O=C(NC1CC1)c1ccc(CN(C(=O)c2cc[nH]n2)c2ccc(C(=O)NC34CC(C3)C4)cc2O)cc1,6.228859
c1cc(-c2ccc(NCc3ccc(-c4nnn(CC5CC5)n4)nc3)cc2)cc(-c2nnn(Cc3c[nH]cn3)n2)c1,7.370127,O=C(Nc1ccc(-c2cccc(-c3nnn(Cc4c[nH]cn4)n3)c2)cc1)c1ccc(-c2nnn(CC3CC3)n2)nc1,6.921946
O=C(Nc1ccc(B(O)O)cc1)c1ccc(Cn2ccc3cccc(NCc4ccc(-c5nnn(CC6CC6)n5)nc4)c32)cc1,6.823887,O=C(Nc1ccc(B(O)O)cc1)c1ccc(Cn2ccc3cccc(NC(=O)c4ccc(-c5nnn(CC6CC6)n5)nc4)c32)cc1,6.955162
Nc1ccccc1CNC1(c2nc3ccc(C(=O)O)cc3o2)CCC1,5.222716,NC1(c2nc3ccc(C(=O)Nc4ccccc4C(=O)O)cc3o2)CCC1,4.694862
O=C(NCc1cn(CC2CC2)c2ccccc12)c1ccc(O)c(N(CC2CCNCC2)C[C@@H]2Cc3ccccc3CN2)c1,6.963588,O=C(NCc1cn(CC2CC2)c2ccccc12)c1ccc(O)c(N(CC2CCNCC2)C(=O)[C@@H]2Cc3ccccc3CN2)c1,6.994079
c1cc(NC[C@@H]2Cc3ccccc3CN2C[C@@H]2Cc3ccccc3CN2)cc(-c2cncc(-c3nnn(CC4CC4)n3)c2)c1,7.950776,O=C([C@@H]1Cc2ccccc2CN1)N(C[C@@H]1Cc2ccccc2CN1)c1cccc(-c2cncc(-c3nnn(CC4CC4)n3)c2)c1,7.798869
c1ccc(CNC[C@H]2CCCN2)cc1,3.821777,O=C(NCc1ccccc1)[C@H]1CCCN1,5.650125
O=C(O)c1ccc2nc(C3CCN3CC3CNC3)oc2c1,5.530373,O=C(O)C1CN(C(=O)c2ccc3nc(C4CCN4)oc3c2)C1,6.31371
O=C(O)[C@@H]1Cc2ccccc2CN1CC1CCN1,4.978563,O=C(O)C1CCN1C(=O)[C@@H]1Cc2ccccc2CN1,5.520155
O=C(O)c1ccc2nc(C3CN(Cc4ccc5nc(C6CNC6)oc5c4)C3)oc2c1,6.989382,O=C(O)c1ccc2nc(C3CN(C(=O)c4ccc5nc(C6CNC6)oc5c4)C3)oc2c1,6.736961
c1cc(Nc2cccc3cc[nH]c23)cc(-c2nc3ccc(-c4ccc(NCC5CCN5)cc4)cc3[nH]2)c1,7.404409,O=C(Nc1ccc(-c2ccc3nc(-c4cccc(Nc5cccc6cc[nH]c56)c4)[nH]c3c2)cc1)C1CCN1,7.530987
O=C(O)c1cccc(-c2nc3cc(-c4ccc(NCC5CNC5)cc4)ccc3[nH]2)c1,6.732327,O=C(O)c1cccc(-c2nc3cc(-c4ccc(NC(=O)C5CNC5)cc4)ccc3[nH]2)c1,7.061688
O=Cc1ccc(CNC2(c3nc4ccc(CNCCc5c[nH]c6ccccc56)cc4o3)CCC2)cc1,6.211423,O=Cc1ccc(CNC2(c3nc4ccc(C(=O)NCCc5c[nH]c6ccccc56)cc4o3)CCC2)cc1,6.372594
c1cc(-c2ccc(NCc3ccc4oc(C5CNC5)nc4c3)cc2)cc(-c2nnn(CC3CC3)n2)c1,8.308973,O=C(Nc1ccc(-c2cccc(-c3nnn(CC4CC4)n3)c2)cc1)c1ccc2oc(C3CNC3)nc2c1,6.854292
Nc1cccc(-c2ncccc2NCC2CNC2)c1,4.931704,Nc1cccc(-c2ncccc2NC(=O)C2CNC2)c1,6.059277
c1ccc2c(c1)CN[C@H](CN1CC(CNCCc3cn(Cc4ccc(-c5nnn(CC6CC6)n5)cc4)c4ccccc34)C1)C2,7.880358,O=C(NCCc1cn(Cc2ccc(-c3nnn(CC4CC4)n3)cc2)c2ccccc12)C1CN(C[C@@H]2Cc3ccccc3CN2)C1,8.03654
NC1(c2nc3ccc(-c4cccc(NCC5CCN5)c4)cc3o2)CCC1,6.67156,NC1(c2nc3ccc(-c4cccc(NC(=O)C5CCN5)c4)cc3o2)CCC1,6.869009
c1ccc2c(c1)CN[C@H](CN1CCC(Nc3ccnc4ccccc34)CC1)C2,7.102186,O=C([C@@H]1Cc2ccccc2CN1)N(c1ccnc2ccccc12)C1CCNCC1,6.159749
c1ccc(NCC2CCN2Cc2cccc(-c3ccc(NC[C@@H]4Cc5ccccc5CN4)cc3)c2)nc1,7.587526,O=C(c1cccc(-c2ccc(NC[C@@H]3Cc4ccccc4CN3)cc2)c1)N(CC1CCN1)c1ccccn1,7.572219
O=C(NC12CC(C1)C2)c1ccc2nc(-c3ccc(COCC4CN(CC5CCN5)C4)cc3)oc2c1,7.259125,O=C(NC12CC(C1)C2)c1ccc2nc(-c3ccc(COCC4CN(C(=O)C5CCN5)C4)cc3)oc2c1,7.793328
COc1ccccc1CCNCc1ccc2oc(-c3ccc4nc(C5CNC5)oc4c3)nc2c1,7.42485,COc1ccccc1CCNC(=O)c1ccc2oc(-c3ccc4nc(C5CNC5)oc4c3)nc2c1,7.395744
O=C(O)c1ccc2nc(-c3ccc(CNc4ccc(-c5ccc(NCC6CCN6)cc5)cc4)cc3)oc2c1,7.547729,O=C(O)c1ccc(-c2nc3ccc(C(=O)Nc4ccc(-c5ccc(NCC6CCN6)cc5)cc4)cc3o2)cc1,7.445653
O=C(O)c1cccc2oc(-c3cccc(-c4ccc(NCC5CNC5)cc4)c3)nc12,6.72584,O=C(O)c1cccc2oc(-c3cccc(-c4ccc(NC(=O)C5CNC5)cc4)c3)nc12,7.179993
Nc1ccccc1CNCc1ccc(C(F)(F)F)cc1,4.746586,Nc1ccccc1C(=O)NCc1ccc(C(F)(F)F)cc1,4.916919
O=C(O)c1ccc2[nH]c(-c3ccnc(-c4cccc(CNc5ccccn5)c4)c3)nc2c1,6.454729,O=C(O)c1ccc2[nH]c(-c3ccnc(-c4cccc(C(=O)Nc5ccccn5)c4)c3)nc2c1,6.625167
O=C(Nc1cccnc1-c1ccc(NCc2cccc3oc(C4CNC4)nc23)cc1)[C@@H]1CCCN1,7.664454,O=C(Nc1ccc(-c2ncccc2NC(=O)[C@@H]2CCCN2)cc1)c1cccc2oc(C3CNC3)nc12,6.600496
c1ccc(CCNC[C@@H](NCC2CCN2)c2ccccc2)cc1,5.684229,O=C(NCCc1ccccc1)[C@@H](NCC1CCN1)c1ccccc1,6.139413
c1cc(NCC2CNC2)cc(-c2ccc(NCc3ccc(CO[C@H]4CN5CCC4CC5)cc3)cc2)c1,8.078226,O=C(Nc1cccc(-c2ccc(NCc3ccc(CO[C@H]4CN5CCC4CC5)cc3)cc2)c1)C1CNC1,7.816918
C[C@H](NCC1CNC1)c1ccccc1,4.499537,C[C@H](NC(=O)C1CNC1)c1ccccc1,6.613158
C[C@@H](NCc1cccc(NCc2ccc(CCl)cc2)c1)c1ccccc1,5.119816,C[C@@H](NCc1cccc(NC(=O)c2ccc(CCl)cc2)c1)c1ccccc1,5.576321
OB(O)c1ccc(NCc2ccc3nc([C@H]4CCCN4)oc3c2)cc1,5.338224,O=C(Nc1ccc(B(O)O)cc1)c1ccc2nc([C@H]3CCCN3)oc2c1,5.638515
N[C@H](c1ccccc1)c1nc2ccc(CNc3cccc(B(O)O)c3)cc2o1,4.693632,N[C@H](c1ccccc1)c1nc2ccc(C(=O)Nc3cccc(B(O)O)c3)cc2o1,4.986358
O=C(Nc1cc(-c2cccc(NCC3CN(C(=O)Nc4cccc5cc[nH]c45)C3)c2)n[nH]1)c1ccc(CCl)cc1,6.924626,O=C(Nc1cc(-c2cccc(NC(=O)C3CN(C(=O)Nc4cccc5cc[nH]c45)C3)c2)n[nH]1)c1ccc(CCl)cc1,6.969181
O=C(NCCc1cn(Cc2ccc(C3=NCCc4ccccc43)cc2)c2ccccc12)[C@@H]1CCCN1C[C@@H]1Cc2ccccc2CN1,7.663314,O=C(NCCc1cn(Cc2ccc(C3=NCCc4ccccc43)cc2)c2ccccc12)[C@@H]1CCCN1C(=O)[C@@H]1Cc2ccccc2CN1,7.698186
O=C(NCc1c[nH]c2ccccc12)C1CN(C(=O)Nc2n[nH]cc2-c2cccc(NC[C@@H]3Cc4ccccc4CN3)c2)C1,7.582897,O=C(NCc1c[nH]c2ccccc12)C1CN(C(=O)Nc2n[nH]cc2-c2cccc(NC(=O)[C@@H]3Cc4ccccc4CN3)c2)C1,7.568274
O=C(O)[C@@H]1Cc2ccccc2CN1CC1CNC1,4.812612,O=C(O)C1CN(C(=O)[C@@H]2Cc3ccccc3CN2)C1,5.686424
O=C(O)[C@@H]1Cc2ccccc2CN1Cc1ccc2[nH]c(C3CNC3)nc2c1,6.846371,O=C(O)[C@@H]1Cc2ccccc2CN1C(=O)c1ccc2[nH]c(C3CNC3)nc2c1,6.507254
O=C(Nc1cc(-c2cccc(NCC3CNC3)c2)n[nH]1)[C@H](NC[C@@H]1Cc2ccccc2CN1)c1ccccc1,7.765749,O=C(N[C@@H](C(=O)Nc1cc(-c2cccc(NCC3CNC3)c2)n[nH]1)c1ccccc1)[C@@H]1Cc2ccccc2CN1,7.747088
O=C(Nc1cccc2ccn(CC3CC3)c12)[C@H]1CCCN(C2CCN(CC3CCN3)CC2)C1,7.630419,O=C(Nc1cccc2ccn(CC3CC3)c12)[C@H]1CCCN(C2CCN(C(=O)C3CCN3)CC2)C1,7.521473
O=C(Nc1ccnc2ccccc12)C1CN(Cc2ccc3nc([C@@H]4CCCN4)oc3c2)C1,7.15874,O=C(Nc1ccnc2ccccc12)C1CN(C(=O)c2ccc3nc([C@@H]4CCCN4)oc3c2)C1,7.514295
c1ccc2c(c1)CN[C@H](CN1CCCC(Nc3ccccc3-c3nc4cc(-c5nnn(CC6CC6)n5)ccc4o3)C1)C2,7.145927,O=C([C@@H]1Cc2ccccc2CN1)N(c1ccccc1-c1nc2cc(-c3nnn(CC4CC4)n3)ccc2o1)C1CCCNC1,6.626365
C[C@H](NC(=O)c1cccc(-c2cc(NCc3ccc(CCl)cc3)[nH]n2)c1)c1ccccc1,6.309313,C[C@H](NC(=O)c1cccc(-c2cc(NC(=O)c3ccc(CCl)cc3)[nH]n2)c1)c1ccccc1,6.791461
Fc1nc(NCC2CCNCC2)c2nc[nH]c2n1,3.38596,O=C(Nc1nc(F)nc2[nH]cnc12)C1CCNCC1,5.250999
Nc1cccc(-c2nc(-c3cccc(NCc4ccc5oc(C6CNC6)nc5c4)c3)cs2)c1,7.552994,Nc1cccc(-c2csc(-c3cccc(NC(=O)c4ccc5oc(C6CNC6)nc5c4)c3)n2)c1,7.142583
NC(=O)C[C@H](NC(=O)C1CCN1)C(=O)NC1(CNCCc2ccncc2)CCC1,4.5457,NC(=O)C[C@H](NC(=O)C1CCN1)C(=O)NC1(C(=O)NCCc2ccncc2)CCC1,5.766359
O=C(NC1CC1)c1cccc(CNc2cccc(-c3ncccc3NCC3CNC3)c2)c1,7.644118,O=C(NC1CC1)c1cccc(CNc2cccc(-c3ncccc3NC(=O)C3CNC3)c2)c1,7.743728
Fc1cccc(CNC23CC(C2)C3)n1,5.138285,O=C(NC12CC(C1)C2)c1cccc(F)n1,4.939061
ClCc1ccccc1-c1nc2cccc(-c3cccc(NCc4ccc(-c5nnn(CC6CC6)n5)nc4)c3)c2o1,7.489225,O=C(Nc1cccc(-c2cccc3nc(-c4ccccc4CCl)oc23)c1)c1ccc(-c2nnn(CC3CC3)n2)nc1,7.284403
N#Cc1ccc(-c2nc3ccc(CNc4cccc(-c5ccc6nc(C7CCN7)oc6c5)c4)cc3o2)cn1,7.579625,N#Cc1ccc(-c2nc3ccc(C(=O)Nc4cccc(-c5ccc6nc(C7CCN7)oc6c5)c4)cc3o2)cn1,6.46302
O=C(NCCc1c[nH]c2ccccc12)N1CCN(Cc2cccc(-c3ccc4nc(C5CNC5)oc4c3)c2)CC1,7.617574,O=C(NCCc1c[nH]c2ccccc12)N1CCN(C(=O)c2cccc(-c3ccc4nc(C5CNC5)oc4c3)c2)CC1,7.399848
O=C(NC1CC1)c1ccc2nc(-c3cccc(CNc4ccc(Br)cc4O)c3)oc2c1,6.859101,O=C(Nc1ccc(Br)cc1O)c1cccc(-c2nc3ccc(C(=O)NC4CC4)cc3o2)c1,6.866736
O=C(NC1CC1)c1ccc2nc(-c3ccnc(-c4cccc(NC[C@@H]5Cc6ccccc6CN5)c4)c3)oc2c1,8.162248,O=C(NC1CC1)c1ccc2nc(-c3ccnc(-c4cccc(NC(=O)[C@@H]5Cc6ccccc6CN5)c4)c3)oc2c1,7.80424
O=Cc1cccc(CN[C@@H](C(=O)O)c2ccccc2)c1,3.357841,O=Cc1cccc(C(=O)N[C@@H](C(=O)O)c2ccccc2)c1,3.826914
Brc1cc(NC[C@@H]2Cc3ccccc3CN2)[nH]n1,5.470264,O=C(Nc1cc(Br)n[nH]1)[C@@H]1Cc2ccccc2CN1,5.680434
c1cc(NCc2ccc3nc(C4CNC4)oc3c2)cc(-c2ccc3[nH]c(-c4nc5ccccc5[nH]4)nc3c2)c1,7.739283,O=C(Nc1cccc(-c2ccc3[nH]c(-c4nc5ccccc5[nH]4)nc3c2)c1)c1ccc2nc(C3CNC3)oc2c1,7.176235
O=C(NCc1c[nH]c2ccccc12)C1CCN1c1ccc(NCc2ccc(CO[C@H]3CN4CCC3CC4)cc2)cc1,7.841493,O=C(Nc1ccc(N2CCC2C(=O)NCc2c[nH]c3ccccc23)cc1)c1ccc(CO[C@H]2CN3CCC2CC3)cc1,7.721968
O=C(Nc1ccc(NC[C@@H]2Cc3ccccc3CN2)cc1)c1ccc(CO[C@H]2CN3CCC2CC3)cc1,7.995561,O=C(Nc1ccc(NC(=O)[C@@H]2Cc3ccccc3CN2)cc1)c1ccc(CO[C@H]2CN3CCC2CC3)cc1,7.75418
Nc1ccccc1CNc1cccc(B(O)O)c1,3.080586,Nc1ccccc1C(=O)Nc1cccc(B(O)O)c1,3.32262
O=C(Nc1ccnc2ccccc12)C1CCN(Cc2ccc3nc(C4CNC4)[nH]c3c2)CC1,7.857283,O=C(Nc1ccnc2ccccc12)C1CCN(C(=O)c2ccc3nc(C4CNC4)[nH]c3c2)CC1,7.793548
O=C1CN(Cc2ccccc2CCl)C1,2.909616,O=C1CN(C(=O)c2ccccc2CCl)C1,3.15349
Oc1ccc(Br)cc1NC[C@H]1CCCN1,3.355761,O=C(Nc1cc(Br)ccc1O)[C@H]1CCCN1,4.31306
Oc1cc(Br)ccc1NCC1CNC1,4.344512,O=C(Nc1ccc(Br)cc1O)C1CNC1,5.327855
Nc1cc(CNc2ccc(B(O)O)cc2)ccc1O,3.416777,Nc1cc(C(=O)Nc2ccc(B(O)O)cc2)ccc1O,3.651126
C#CCNCc1ccc2nc(-c3cccc(C=O)c3)[nH]c2c1,4.853464,C#CCNC(=O)c1ccc2nc(-c3cccc(C=O)c3)[nH]c2c1,4.533246
C[C@H](CNCc1c[nH]c2ccccc12)NC(=O)c1ccc2nc(-c3ccc(C=O)cc3)oc2c1,4.884064,C[C@@H](NC(=O)c1ccc2nc(-c3ccc(C=O)cc3)oc2c1)C(=O)NCc1c[nH]c2ccccc12,6.661811
c1ccc(CCNCc2ccc3nc([C@H]4CCCN4)oc3c2)cc1,6.715089,O=C(NCCc1ccccc1)c1ccc2nc([C@H]3CCCN3)oc2c1,6.900462
O=Cc1ccc(CNc2n[nH]cc2Br)cc1,3.394306,O=Cc1ccc(C(=O)Nc2n[nH]cc2Br)cc1,3.795873
N#Cc1ccc(Cn2cc(CCNCc3cccc(-c4ccc5nc(C6(N)CCC6)[nH]c5c4)c3)c3ccccc32)cc1,6.096654,N#Cc1ccc(Cn2cc(CCNC(=O)c3cccc(-c4ccc5nc(C6(N)CCC6)[nH]c5c4)c3)c3ccccc32)cc1,6.4309
Fc1nc(NCC2CCN(Cc3ccc4nc(C5CNC5)oc4c3)CC2)c2ncn(CC3CC3)c2n1,7.403418,O=C(Nc1nc(F)nc2c1ncn2CC1CC1)C1CCN(Cc2ccc3nc(C4CNC4)oc3c2)CC1,7.755572
C[C@@H](O)[C@@H](NCC1CCN1)C(=O)Nc1ccnc2ccccc12,4.792577,C[C@@H](O)[C@@H](NC(=O)C1CCN1)C(=O)Nc1ccnc2ccccc12,5.545115
O=C(O)C1CN(Cc2ccc3nc(C4CNC4)oc3c2)C1,5.834904,O=C(O)C1CN(C(=O)c2ccc3nc(C4CNC4)oc3c2)C1,6.551472
O=Cc1ccc(C(=O)N2CCC2CNc2cccc(B(O)O)c2)cc1,4.267998,O=Cc1ccc(C(=O)N2CCC2C(=O)Nc2cccc(B(O)O)c2)cc1,4.547767
O=C(Nc1cccc2cc[nH]c12)[C@@H]1Cc2ccccc2CN1Cc1ccc2[nH]c(C3CNC3)nc2c1,7.225318,O=C(Nc1cccc2cc[nH]c12)[C@@H]1Cc2ccccc2CN1C(=O)c1ccc2[nH]c(C3CNC3)nc2c1,6.883413
O=C(O)c1ccc(Cn2nnc(-c3ccc(CNC45CC(C4)C5)cn3)n2)cc1,6.445302,O=C(O)c1ccc(-c2nnn(Cc3ccc(C(=O)NC45CC(C4)C5)cc3)n2)nc1,6.173536
O=C(O)[C@@H]1Cc2ccccc2CN1C(=O)Nc1cccc(-c2cc(NCC3CNC3)[nH]n2)c1,6.671326,O=C(Nc1cc(-c2cccc(NC(=O)N3Cc4ccccc4C[C@H]3C(=O)O)c2)n[nH]1)C1CNC1,6.851059
C[C@@H](NCc1cccc2oc(C3CNC3)nc12)c1nc2c(C(=O)NCc3c[nH]c4ccccc34)cccc2o1,7.420404,C[C@@H](NC(=O)c1cccc2oc(C3CNC3)nc12)c1nc2c(C(=O)NCc3c[nH]c4ccccc34)cccc2o1,7.398872
O=C(O)C1CCN1Cc1cccc(-c2ccc(NCc3ccc4[nH]c(C5CNC5)nc4c3)cc2)c1,7.353631,O=C(Nc1ccc(-c2cccc(CN3CCC3C(=O)O)c2)cc1)c1ccc2[nH]c(C3CNC3)nc2c1,7.05463
OB(O)c1cccc(NCc2cccc(-c3cnc(F)nc3)c2)c1,4.617111,O=C(Nc1cccc(B(O)O)c1)c1cccc(-c2cnc(F)nc2)c1,4.907686
c1ccc(CCN(Cc2ccc3oc(-c4ccc(-c5nnn(CC6CC6)n5)nc4)nc3c2)C2CCNCC2)cc1,7.282197,O=C(c1ccc2oc(-c3ccc(-c4nnn(CC5CC5)n4)nc3)nc2c1)N(CCc1ccccc1)C1CCNCC1,7.318019
O=C(NCc1cn(CC2CC2)nn1)c1ccc2nc([C@@H]3CCCN3C[C@@H]3Cc4ccccc4CN3)oc2c1,7.799144,O=C(NCc1cn(CC2CC2)nn1)c1ccc2nc([C@@H]3CCCN3C(=O)[C@@H]3Cc4ccccc4CN3)oc2c1,7.682578
N#Cc1ccc(CN2CC(N3CCC(C(=O)Nc4cccc5ccn(CC6CC6)c45)CC3)C2)cn1,7.291285,N#Cc1ccc(C(=O)N2CC(N3CCC(C(=O)Nc4cccc5ccn(CC6CC6)c45)CC3)C2)cn1,7.529721
O=C(O)c1ccc2nc([C@@H](NCc3ccc4oc(C5CNC5)nc4c3)c3ccccc3)oc2c1,6.534163,O=C(O)c1ccc2nc([C@@H](NC(=O)c3ccc4oc(C5CNC5)nc4c3)c3ccccc3)oc2c1,5.958606
OB(O)c1cccc(NC2CN(Cc3ccc(-c4nnn(CC5CC5)n4)nc3)C2)c1,6.048188,O=C(c1ccc(-c2nnn(CC3CC3)n2)nc1)N(c1cccc(B(O)O)c1)C1CNC1,6.118633
Fc1cc(-c2nnn(CC3CC3)n2)ccc1CO[C@@H]1CCN(Cc2ccc3oc(C4CNC4)nc3c2)C1,7.826524,O=C(c1ccc2oc(C3CNC3)nc2c1)N1CC[C@@H](OCc2ccc(-c3nnn(CC4CC4)n3)cc2F)C1,7.774675
c1cc(NCC2CCN2)cc(-c2c[nH]cn2)c1,6.0473,O=C(Nc1cccc(-c2c[nH]cn2)c1)C1CCN1,6.717398
OB(O)c1cccc(CNCCc2ccccc2)c1,3.579143,O=C(NCCc1ccccc1)c1cccc(B(O)O)c1,3.639409
NC1(CNCCc2ccccc2)CCC1,2.998539,NC1(C(=O)NCCc2ccccc2)CCC1,3.521527
O=C(O)c1ccc2nc(-c3ccc(CN4CC(N(C(=O)C5CCN5)c5ccnc6ccccc56)C4)cc3)oc2c1,6.625774,O=C(O)c1ccc(-c2nc3ccc(C(=O)N4CC(N(C(=O)C5CCN5)c5ccnc6ccccc56)C4)cc3o2)cc1,6.042588
Nc1ccc(CNc2cccc(B(O)O)c2)cc1NCc1ccc(-c2nnn(CC3CC3)n2)nc1,6.126793,Nc1cc(CNc2cccc(B(O)O)c2)ccc1NC(=O)c1ccc(-c2nnn(CC3CC3)n2)nc1,6.180802
O=C1CN(CC2CCN2C(=O)Nc2ccc(Br)cc2)C1,4.790911,O=C1CN(C(=O)C2CCN2C(=O)Nc2ccc(Br)cc2)C1,5.130045
N[C@@H](CNc1cccc(B(O)O)c1)c1ccccc1,3.247159,N[C@@H](C(=O)Nc1cccc(B(O)O)c1)c1ccccc1,3.923519
Nc1ccc(-c2cccc(NCC3CCN3)c2)cc1,6.870835,Nc1ccc(-c2cccc(NC(=O)C3CCN3)c2)cc1,7.186553
c1ccc2c(c1)c(CCNCc1ccc3oc(-c4ccc5nc(C6CNC6)oc5c4)nc3c1)cn2CC1CC1,8.010702,O=C(NCCc1cn(CC2CC2)c2ccccc12)c1ccc2oc(-c3ccc4nc(C5CNC5)oc4c3)nc2c1,8.078061
Brc1csc(NC[C@@H]2Cc3ccccc3CN2)n1,4.825086,O=C(Nc1nc(Br)cs1)[C@@H]1Cc2ccccc2CN1,5.120167
c1ccc(-c2nnnn2CC2CC2)c(Cn2ccc3cccc(NCc4ccc5oc(C6CNC6)nc5c4)c32)c1,7.660931,O=C(Nc1cccc2ccn(Cc3ccccc3-c3nnnn3CC3CC3)c12)c1ccc2oc(C3CNC3)nc2c1,7.825042
c1ccc2c(c1)CN[C@H](CN1CC(COCc3ccc(-c4nc5cc(-c6nnnn6CC6CC6)ccc5o4)cc3)C1)C2,7.836167,O=C([C@@H]1Cc2ccccc2CN1)N1CC(COCc2ccc(-c3nc4cc(-c5nnnn5CC5CC5)ccc4o3)cc2)C1,7.782325
c1cc2nc([C@H]3CCCNC3)oc2cc1CNc1ccc(-c2cn(CC3CC3)nn2)cc1,8.012911,O=C(Nc1ccc(-c2cn(CC3CC3)nn2)cc1)c1ccc2nc([C@H]3CCCNC3)oc2c1,7.807346
O=C(NC1CC1)c1ccccc1Nc1ccc(NCc2ccc(-c3nnn(CC4CC4)n3)nc2)cc1,7.972739,O=C(Nc1ccc(Nc2ccccc2C(=O)NC2CC2)cc1)c1ccc(-c2nnn(CC3CC3)n2)nc1,7.925267
O=C(Nc1ccc2nc([C@H]3CCCN3C[C@@H]3Cc4ccccc4CN3)[nH]c2c1)[C@@H]1Cc2ccccc2CN1,7.495719,O=C(Nc1ccc2nc([C@H]3CCCN3)[nH]c2c1)[C@@H]1Cc2ccccc2CN1C(=O)[C@@H]1Cc2ccccc2CN1,6.952877
O=C(Nc1cc(-c2ccc(NC[C@@H]3Cc4ccccc4CN3)cc2)n[nH]1)c1ccc2nc(C3CNC3)oc2c1,8.080091,O=C(Nc1cc(-c2ccc(NC(=O)[C@@H]3Cc4ccccc4CN3)cc2)n[nH]1)c1ccc2nc(C3CNC3)oc2c1,7.422843
N#Cc1ccc(CN2CCC[C@H]2C(=O)O)cn1,3.301505,N#Cc1ccc(C(=O)N2CCC[C@H]2C(=O)O)cn1,3.456941
c1ccc(CNCc2ccc3nc(C4CNC4)oc3c2)cc1,7.429601,O=C(NCc1ccccc1)c1ccc2nc(C3CNC3)oc2c1,7.6967
C#CCNCc1ccc2[nH]c([C@@H]3CCCN3)nc2c1,5.492725,C#CCNC(=O)c1ccc2[nH]c([C@@H]3CCCN3)nc2c1,5.297658
C[C@H](NCc1ccc2oc(-c3ccc(COCC4CNC4)cc3)nc2c1)c1ccccc1,7.445038,C[C@H](NC(=O)c1ccc2oc(-c3ccc(COCC4CNC4)cc3)nc2c1)c1ccccc1,7.741696
C[C@H](NCc1ccc2nc([C@H]3CCCN3)oc2c1)c1ccccc1,6.537382,C[C@H](NC(=O)c1ccc2nc([C@H]3CCCN3)oc2c1)c1ccccc1,7.062679
O=Cc1ccc(CNCCc2cn(CC3CC3)c3ccccc23)cc1,6.047368,O=Cc1ccc(C(=O)NCCc2cn(CC3CC3)c3ccccc23)cc1,6.221085
C#Cc1ccc2nc(C3(NC[C@H]4CCCN4)CCC3)oc2c1,5.097856,C#Cc1ccc2nc(C3(NC(=O)[C@H]4CCCN4)CCC3)oc2c1,6.245945
O=C(Nc1cc(-c2cccc(NC[C@@H]3Cc4ccccc4CN3Cc3cccc(B(O)O)c3)c2)n[nH]1)C1CNC1,6.797377,O=C(Nc1cc(-c2cccc(NC(=O)[C@@H]3Cc4ccccc4CN3Cc3cccc(B(O)O)c3)c2)n[nH]1)C1CNC1,6.811191
O=C(Nc1ccnc2ccccc12)c1ccccc1NC(=O)[C@@H]1CCCN1CC1CCN1C[C@@H]1Cc2ccccc2CN1,7.370265,O=C(Nc1ccnc2ccccc12)c1ccccc1NC(=O)[C@@H]1CCCN1CC1CCN1C(=O)[C@@H]1Cc2ccccc2CN1,7.426133
O=Cc1ccc(CNc2ccc(-c3ccc(F)c(C(=O)O)c3)cc2)cc1,4.813917,O=Cc1ccc(C(=O)Nc2ccc(-c3ccc(F)c(C(=O)O)c3)cc2)cc1,5.175941
O=C(O)[C@H](NCC1CNC1)c1ccccc1,3.703755,O=C(N[C@@H](C(=O)O)c1ccccc1)C1CNC1,5.169279
COc1ccccc1CCNC[C@H](NCc1cccc(-c2ccc(NC(=O)[C@@H]3CCCNC3)cc2)c1)c1ccccc1,6.918945,COc1ccccc1CCNC[C@H](NC(=O)c1cccc(-c2ccc(NC(=O)[C@@H]3CCCNC3)cc2)c1)c1ccccc1,7.027657
Fc1cccc(-c2nc3ccc(CNc4ccnc5ccccc45)cc3o2)n1,5.966287,O=C(Nc1ccnc2ccccc12)c1ccc2nc(-c3cccc(F)n3)oc2c1,6.283527
O=C(NCc1ccccc1)C1CN(CC2CN(C[C@@H]3Cc4ccccc4CN3)C2)C1,6.806982,O=C(NCc1ccccc1)C1CN(CC2CN(C(=O)[C@@H]3Cc4ccccc4CN3)C2)C1,6.829919
C[C@@H](NC(=O)C1(NCc2ccc(CO[C@H]3CN4CCC3CC4)cc2)CCC1)c1ccccc1,7.711819,C[C@@H](NC(=O)C1(NC(=O)c2ccc(CO[C@H]3CN4CCC3CC4)cc2)CCC1)c1ccccc1,7.615696
O=C(C1CCN1)N1CCC[C@@H](c2nc3ccc(CNCc4cn(CC5CC5)c5ccccc45)cc3o2)C1,7.88662,O=C(NCc1cn(CC2CC2)c2ccccc12)c1ccc2nc([C@@H]3CCCN(C(=O)C4CCN4)C3)oc2c1,8.115724
O=C(O)C1CN(Cc2cccc(F)n2)C1,3.334792,O=C(O)C1CN(C(=O)c2cccc(F)n2)C1,3.84564
c1ccc(-c2nc3cccc(-c4cccc(CNC56CC(C5)C6)c4)c3o2)cc1,7.197638,O=C(NC12CC(C1)C2)c1cccc(-c2cccc3nc(-c4ccccc4)oc23)c1,7.244782
Nc1ccc(CN2CCC(=O)CC2)cc1O,3.259212,Nc1ccc(C(=O)N2CCC(=O)CC2)cc1O,3.28811
c1cc(-c2cc(NCc3ccc4[nH]c(C5CCNCC5)nc4c3)[nH]n2)cc(-c2nnn(CC3CC3)n2)c1,8.162182,O=C(Nc1cc(-c2cccc(-c3nnn(CC4CC4)n3)c2)n[nH]1)c1ccc2[nH]c(C3CCNCC3)nc2c1,7.312824
Cc1cc(-c2cccc(NC(=O)[C@@H]3CCCN3C[C@@H]3Cc4ccccc4CN3)c2)cnc1N,6.878325,Cc1cc(-c2cccc(NC(=O)[C@@H]3CCCN3C(=O)[C@@H]3Cc4ccccc4CN3)c2)cnc1N,6.867407
Cc1cc(-c2cccc(NCc3ccc(CO[C@H]4CN5CCC4CC5)cc3)c2)cnc1N,7.253886,Cc1cc(-c2cccc(N)c2)cnc1NC(=O)c1ccc(CO[C@H]2CN3CCC2CC3)cc1,7.368839
O=C(Nc1cccc2cc[nH]c12)C1CN(Cc2ccc(CNC34CC(C3)C4)cc2)C1,7.053536,O=C(NC12CC(C1)C2)c1ccc(CN2CC(C(=O)Nc3cccc4cc[nH]c34)C2)cc1,6.936192
N#Cc1ccc(CNc2cc(-c3cccc(NCc4ccc5nc(C6CNC6)oc5c4)c3)n[nH]2)cn1,7.748544,N#Cc1ccc(CNc2cc(-c3cccc(NC(=O)c4ccc5nc(C6CNC6)oc5c4)c3)n[nH]2)cn1,7.674737
O=C(O)[C@@H](Cc1ccccc1)NCc1cccc(B(O)O)c1,2.84803,O=C(N[C@H](Cc1ccccc1)C(=O)O)c1cccc(B(O)O)c1,3.053495
O=C(O)[C@@H]1CCCN1Cc1ccc(Nc2cccc(-c3ccc4nc(C5CNC5)oc4c3)c2)cc1,6.530478,O=C(O)[C@@H]1CCCN1C(=O)c1ccc(Nc2cccc(-c3ccc4nc(C5CNC5)oc4c3)c2)cc1,6.45053
O=C1CN(Cc2ccc(N3CC(C(=O)O)C3)cc2)C1,4.134854,O=C1CN(C(=O)C2CN(c3ccc(C(=O)O)cc3)C2)C1,4.885626
c1ccc2c(Nc3ccc4nc([C@H]5CCCN(Cc6ccc(-c7nnn(CC8CC8)n7)nc6)C5)oc4c3)ccnc2c1,7.297845,O=C(c1ccc(-c2nnn(CC3CC3)n2)nc1)N(c1ccc2nc([C@H]3CCCNC3)oc2c1)c1ccnc2ccccc12,6.2863
O=C(O)[C@@H]1Cc2ccccc2CN1Cc1cccc(-c2ccc(NC[C@@H]3Cc4ccccc4CN3)cc2)c1,7.286679,O=C(O)[C@@H]1Cc2ccccc2CN1C(=O)c1cccc(-c2ccc(NC[C@@H]3Cc4ccccc4CN3)cc2)c1,7.146664
O=C(Nc1cc(-c2cccc(NCC3CCN(c4ccc5ccccc5n4)CC3)c2)n[nH]1)C1CNC1,8.06255,O=C(Nc1cccc(-c2cc(NC(=O)C3CNC3)[nH]n2)c1)C1CCN(c2ccc3ccccc3n2)CC1,7.98094
c1ccc(CO[C@H]2CN3CCC2CC3)c(CNc2cccc3cc[nH]c23)c1,6.786725,O=C(Nc1cccc2cc[nH]c12)c1ccccc1CO[C@H]1CN2CCC1CC2,7.001133
c1cc(-c2nnn(CC3CC3)n2)ncc1CN1CCN(c2ccc(-c3nnn(CC4CC4)n3)cc2)CC1,8.00009,O=C(c1ccc(-c2nnn(CC3CC3)n2)nc1)N1CCN(c2ccc(-c3nnn(CC4CC4)n3)cc2)CC1,6.150195
c1ccc([C@@H](CNCc2cn(CC3CC3)c3ccccc23)NCC2CCN2)cc1,7.254907,O=C(NCc1cn(CC2CC2)c2ccccc12)[C@@H](NCC1CCN1)c1ccccc1,7.526939
OB(O)c1cccc(NCc2ccc3oc(-c4ccccn4)nc3c2)c1,4.641883,O=C(Nc1cccc(B(O)O)c1)c1ccc2oc(-c3ccccn3)nc2c1,4.884154
Brc1cc(NCC2CCN2Cc2nc3ccccc3[nH]2)[nH]n1,5.248028,O=C(Nc1cc(Br)n[nH]1)C1CCN1Cc1nc2ccccc2[nH]1,5.469719
Brc1ccnc(N2CCC2CNc2cccc(-c3cc(NC[C@@H]4Cc5ccccc5CN4)[nH]n3)c2)c1,7.523768,O=C(Nc1cccc(-c2cc(NC[C@@H]3Cc4ccccc4CN3)[nH]n2)c1)C1CCN1c1cc(Br)ccn1,7.540397
O=C(O)c1cccc(-c2nc3ccc(CNc4cccc5cc[nH]c45)cc3o2)c1,5.597355,O=C(O)c1ccc2nc(-c3cccc(C(=O)Nc4cccc5cc[nH]c45)c3)oc2c1,5.779687
Nc1cc(C(=O)N2CCC(CNc3ccc(B(O)O)cc3)CC2)ccc1O,4.397803,Nc1cc(C(=O)N2CCC(C(=O)Nc3ccc(B(O)O)cc3)CC2)ccc1O,4.936834
COc1cccc(CNC(=O)C2CN(Cc3cccc(-c4cc(NC[C@@H]5Cc6ccccc6CN5)[nH]n4)c3)C2)c1,7.51229,COc1cccc(CNC(=O)C2CN(C(=O)c3cccc(-c4cc(NC[C@@H]5Cc6ccccc6CN5)[nH]n4)c3)C2)c1,7.646027
O=C(O)c1ccccc1Cn1ccc2cccc(NC[C@@H]3Cc4ccccc4CN3)c21,5.738851,O=C(O)c1ccccc1Cn1ccc2cccc(NC(=O)[C@@H]3Cc4ccccc4CN3)c21,6.281404
O=C(Nc1cc(-c2ccc(NCc3ccc4nc(C5CNC5)[nH]c4c3)nc2)n[nH]1)c1ccc(F)cc1,8.002637,O=C(Nc1ccc(-c2cc(NC(=O)c3ccc(F)cc3)[nH]n2)cn1)c1ccc2nc(C3CNC3)[nH]c2c1,7.041465
O=C(c1ccccc1NCC1CNC1)N1CCC(Nc2ccc(C3=NCCc4ccccc43)cc2O)C1,6.976627,O=C(Nc1ccccc1C(=O)N1CCC(Nc2ccc(C3=NCCc4ccccc43)cc2O)C1)C1CNC1,6.850904
Fc1ccc(-c2nc3cc(CNc4ccc(NCc5cn(CC6CC6)c6ccccc56)cc4)ccc3[nH]2)cc1,7.562136,O=C(Nc1ccc(NCc2cn(CC3CC3)c3ccccc23)cc1)c1ccc2[nH]c(-c3ccc(F)cc3)nc2c1,7.729941
OB(O)c1ccc(N(Cc2ccc3oc(-c4ccc(-c5nnn(CC6CC6)n5)nc4)nc3c2)CC2CNC2)cc1,6.801022,O=C(c1ccc2oc(-c3ccc(-c4nnn(CC5CC5)n4)nc3)nc2c1)N(CC1CNC1)c1ccc(B(O)O)cc1,6.633453
OB(O)c1ccc(CN2CCC(CNc3cccc(B(O)O)c3)CC2)cc1,3.590037,O=C(Nc1cccc(B(O)O)c1)C1CCN(Cc2ccc(B(O)O)cc2)CC1,4.196173
Brc1ccc(NCc2cnccc2NCc2ccc(CO[C@H]3CN4CCC3CC4)cc2)cc1,7.208864,O=C(Nc1ccncc1CNc1ccc(Br)cc1)c1ccc(CO[C@H]2CN3CCC2CC3)cc1,7.323767
O=C(O)C1CN(C(=O)Nc2ccc(-c3ccc(NCC4CNC4)cc3)cc2)C1,6.81244,O=C(O)C1CN(C(=O)Nc2ccc(-c3ccc(NC(=O)C4CNC4)cc3)cc2)C1,6.613445
O=C(O)[C@@H]1CCCN(c2ccc(NCC3CCNCC3)cc2)C1,4.156307,O=C(Nc1ccc(N2CCC[C@@H](C(=O)O)C2)cc1)C1CCNCC1,5.299531
O=C1CN(Cc2cccc(B(O)O)c2)C1,2.603549,O=C1CN(C(=O)c2cccc(B(O)O)c2)C1,2.844292
O=C(Nc1ccccn1)C1(NCc2ccc3[nH]c(C4CNC4)nc3c2)CCC1,7.837228,O=C(NC1(C(=O)Nc2ccccn2)CCC1)c1ccc2[nH]c(C3CNC3)nc2c1,7.380819
CC(=O)c1cccc(-c2ncccc2NCC2CCN2)c1,5.526363,CC(=O)c1cccc(-c2ncccc2NC(=O)C2CCN2)c1,5.969129
O=C(Nc1ccccc1-c1nc2ccccc2o1)C1CN(Cc2ccc(CO[C@H]3CN4CCC3CC4)cc2)C1,7.717445,O=C(Nc1ccccc1-c1nc2ccccc2o1)C1CN(C(=O)c2ccc(CO[C@H]3CN4CCC3CC4)cc2)C1,7.690465
O=C(Nc1ccc(Nc2ccnc3ccccc23)cc1)[C@H]1CCCN1Cc1ccc2oc(C3CNC3)nc2c1,7.848903,O=C(Nc1ccc(N(C(=O)c2ccc3oc(C4CNC4)nc3c2)c2ccnc3ccccc23)cc1)[C@H]1CCCN1,5.728088
c1cc(CNC23CC(C2)C3)cc(-c2ccc(NCc3ccccc3-c3ccc4[nH]ccc4c3)cc2)c1,7.142334,O=C(NC12CC(C1)C2)c1cccc(-c2ccc(NCc3ccccc3-c3ccc4[nH]ccc4c3)cc2)c1,7.304132
OB(O)c1cccc(NCc2cccc3oc(-c4ccc(F)cc4)nc23)c1,4.662491,O=C(Nc1cccc(B(O)O)c1)c1cccc2oc(-c3ccc(F)cc3)nc12,4.793483
c1ccc2c(c1)c(CCNCc1ccc3oc(-c4ccc(-c5nnn(CC6CC6)n5)nc4)nc3c1)cn2CC1CC1,8.141424,O=C(NCCc1cn(CC2CC2)c2ccccc12)c1ccc2oc(-c3ccc(-c4nnn(CC5CC5)n4)nc3)nc2c1,8.113911
O=C(NCc1cn(CC2CC2)nn1)C1CCN1Cc1ccc2oc(C3CNC3)nc2c1,7.660785,O=C(NCc1cn(CC2CC2)nn1)C1CCN1C(=O)c1ccc2oc(C3CNC3)nc2c1,7.348876
O=C(Nc1ccccc1CN1Cc2ccccc2C[C@H]1C(=O)Nc1ccccn1)c1ccc(-c2nnn(CC3CC3)n2)nc1,7.613419,O=C(Nc1ccccc1C(=O)N1Cc2ccccc2C[C@H]1C(=O)Nc1ccccn1)c1ccc(-c2nnn(CC3CC3)n2)nc1,7.144341
c1ccc(-c2nc3ccc(-c4cccc(NC[C@@H]5Cc6ccccc6CN5)c4)cc3o2)nc1,7.68129,O=C(Nc1cccc(-c2ccc3nc(-c4ccccn4)oc3c2)c1)[C@@H]1Cc2ccccc2CN1,7.686908
O=C(Nc1ccccc1)Nc1cccc(-c2ncccc2NCc2ccc(-c3nnn(CC4CC4)n3)nc2)c1,7.841285,O=C(Nc1ccccc1)Nc1cccc(-c2ncccc2NC(=O)c2ccc(-c3nnn(CC4CC4)n3)nc2)c1,6.82262
O=C1CN(C[C@@H](Nc2c[nH]nc2NC(=O)c2ccccc2NC[C@@H]2Cc3ccccc3CN2)c2ccccc2)C1,5.619035,O=C1CN(C[C@@H](Nc2c[nH]nc2NC(=O)c2ccccc2NC(=O)[C@@H]2Cc3ccccc3CN2)c2ccccc2)C1,5.94317
O=C(Nc1cc(-c2ccc3[nH]ccc3c2)ccc1O)NC1(CNC23CC(C2)C3)CCC1,6.032195,O=C(Nc1cc(-c2ccc3[nH]ccc3c2)ccc1O)NC1(C(=O)NC23CC(C2)C3)CCC1,6.799663
C[C@H](NC(=O)[C@H]1CCCN(Cc2ccc(-c3nc4cc(-c5nnnn5CC5CC5)ccc4o3)cc2)C1)c1ccccc1,7.672231,C[C@H](NC(=O)[C@H]1CCCN(C(=O)c2ccc(-c3nc4cc(-c5nnnn5CC5CC5)ccc4o3)cc2)C1)c1ccccc1,7.588723
c1nc(-c2ccc(NCc3ccc4nc([C@@H]5CCCN5)oc4c3)cc2)c[nH]1,6.843884,O=C(Nc1ccc(-c2c[nH]cn2)cc1)c1ccc2nc([C@@H]3CCCN3)oc2c1,6.942791
N#Cc1cccc(-c2ccc(N(Cc3ccc(CO[C@H]4CN5CCC4CC5)cc3)C[C@@H]3Cc4ccccc4CN3)cc2)c1,7.480631,N#Cc1cccc(-c2ccc(N(C[C@@H]3Cc4ccccc4CN3)C(=O)c3ccc(CO[C@H]4CN5CCC4CC5)cc3)cc2)c1,7.41231
c1cncc(-c2nc3cc(CN4CCC4CNCc4cn(CC5CC5)c5ccccc45)ccc3o2)c1,7.673266,O=C(NCc1cn(CC2CC2)c2ccccc12)C1CCN1Cc1ccc2oc(-c3cccnc3)nc2c1,7.858752
O=C(O)c1ccc(NCc2ccc(-c3nc4ccc(C(=O)O)cc4[nH]3)cc2)c(O)c1,5.207796,O=C(O)c1ccc(-c2nc3ccc(C(=O)Nc4ccc(C(=O)O)cc4O)cc3[nH]2)cc1,5.097191
O=C(O)c1ccc(NCC2CCNCC2)c(O)c1,3.471265,O=C(O)c1ccc(NC(=O)C2CCNCC2)c(O)c1,4.698438
O=C(O)c1ccc(Cn2nnc(-c3cccc(-c4cc(NCC5CNC5)[nH]n4)c3)n2)cc1,6.812926,O=C(O)c1ccc(Cn2nnc(-c3cccc(-c4cc(NC(=O)C5CNC5)[nH]n4)c3)n2)cc1,7.476885
c1ccc(-c2nc3ccc(CNc4cccc5ccn(CC6CC6)c45)cc3o2)c(CO[C@H]2CN3CCC2CC3)c1,7.923832,O=C(Nc1cccc2ccn(CC3CC3)c12)c1ccc2nc(-c3ccccc3CO[C@H]3CN4CCC3CC4)oc2c1,8.150664
O=C(O)C1(NC[C@@H]2CCCN2)CCC1,2.19587,O=C(NC1(C(=O)O)CCC1)[C@@H]1CCCN1,4.490254
NCc1cn(Cc2ccc(CN3Cc4ccccc4C[C@H]3c3nc4ccc(CNC56CC(C5)C6)cc4o3)cc2)c2ccccc12,6.85183,NCc1cn(Cc2ccc(CN3Cc4ccccc4C[C@H]3c3nc4ccc(C(=O)NC56CC(C5)C6)cc4o3)cc2)c2ccccc12,7.007785
O=C(O)[C@H](NCc1ccccc1CCl)c1ccccc1,3.488666,O=C(N[C@@H](C(=O)O)c1ccccc1)c1ccccc1CCl,3.644688
O=Cc1ccc(CNCCc2ccccc2)cc1,4.247235,O=Cc1ccc(C(=O)NCCc2ccccc2)cc1,4.477515
C[C@H](N)C(=O)Nc1cc(-c2cccc(NCC3CNC3)c2)ccc1O,5.852835,C[C@H](N)C(=O)Nc1cc(-c2cccc(NC(=O)C3CNC3)c2)ccc1O,6.402284
O=C(NCCc1cn(Cc2cccc(-c3nnnn3CC3CC3)c2)c2ccccc12)C1CCN1CC1CCN1,7.597273,O=C(NCCc1cn(Cc2cccc(-c3nnnn3CC3CC3)c2)c2ccccc12)C1CCN1C(=O)C1CCN1,7.585835
OB(O)c1ccc(NCc2ccc(F)cc2)cc1,3.561749,O=C(Nc1ccc(B(O)O)cc1)c1ccc(F)cc1,3.878057
c1ccc2c(c1)CN[C@H](CNc1ccccc1CNc1cccc3cc[nH]c13)C2,6.097422,O=C(Nc1ccccc1CNc1cccc2cc[nH]c12)[C@@H]1Cc2ccccc2CN1,6.49872
Fc1nc(NC[C@H]2CCCN2Cc2c[nH]c3ccc(-c4ccc5[nH]ccc5c4)cc23)c2nc[nH]c2n1,5.764681,O=C(Nc1nc(F)nc2[nH]cnc12)[C@H]1CCCN1Cc1c[nH]c2ccc(-c3ccc4[nH]ccc4c3)cc12,6.01861
Cc1cc(-c2cccc(CN3CCC3CN[C@H](C)c3ccccc3)c2)cnc1NC[C@@H]1Cc2ccccc2CN1,7.317385,Cc1cc(-c2cccc(CN3CCC3CN[C@H](C)c3ccccc3)c2)cnc1NC(=O)[C@@H]1Cc2ccccc2CN1,7.16001
c1ccc2c(c1)c(CNCc1ccc3[nH]c(C4CNC4)nc3c1)cn2CC1CC1,7.91618,O=C(NCc1cn(CC2CC2)c2ccccc12)c1ccc2[nH]c(C3CNC3)nc2c1,8.178555
c1ccc2c(c1)CN[C@H](CN(CCc1ccncc1)Cc1ccc3oc(-c4ccc(-c5nnn(CC6CC6)n5)nc4)nc3c1)C2,7.834713,O=C(c1ccc2oc(-c3ccc(-c4nnn(CC5CC5)n4)nc3)nc2c1)N(CCc1ccncc1)C[C@@H]1Cc2ccccc2CN1,7.632141
Nc1ccc(-c2cccc(NC(=O)[C@@H]3CCCN(Cc4ccc5nc(C6CNC6)[nH]c5c4)C3)c2)cc1,7.696376,Nc1ccc(-c2cccc(NC(=O)[C@@H]3CCCN(C(=O)c4ccc5nc(C6CNC6)[nH]c5c4)C3)c2)cc1,7.538505
Nc1cc(CN2CC(C(=O)O)C2)ccc1O,3.24553,Nc1cc(C(=O)N2CC(C(=O)O)C2)ccc1O,3.951016
O=C(c1cccc(F)n1)N1Cc2ccccc2C[C@H]1CN1CC(CO)C1,4.663354,O=C([C@@H]1Cc2ccccc2CN1C(=O)c1cccc(F)n1)N1CC(CO)C1,4.877143
O=C([C@H]1CCCN1)N1CC(CNc2cccc(B(O)O)c2)C1,4.197459,O=C(Nc1cccc(B(O)O)c1)C1CN(C(=O)[C@H]2CCCN2)C1,4.749229
Nc1ccc(CN2CCC[C@H]2C(=O)O)cc1O,3.055978,Nc1ccc(C(=O)N2CCC[C@H]2C(=O)O)cc1O,3.207215
CC1(C)OB(c2ccc(NCC3(N)CCC3)nc2)OC1(C)C,3.106603,CC1(C)OB(c2ccc(NC(=O)C3(N)CCC3)nc2)OC1(C)C,3.55844
NC1(CN(Cc2ccc3oc(-c4ccc(-c5nnn(CC6CC6)n5)nc4)nc3c2)C23CC(C2)C3)CCC1,7.113797,NC1(CN(C(=O)c2ccc3oc(-c4ccc(-c5nnn(CC6CC6)n5)nc4)nc3c2)C23CC(C2)C3)CCC1,5.231619
O=C(Nc1cccc2ccn(CC3CC3)c12)[C@@H]1CCCN1Cc1ccc2nc(C3CNC3)oc2c1,8.04777,O=C(Nc1cccc2ccn(CC3CC3)c12)[C@@H]1CCCN1C(=O)c1ccc2nc(C3CNC3)oc2c1,7.8433
N#Cc1cc(-c2ccc(NC(=O)N3CCC[C@@H]3CNC34CC(C3)C4)c(O)c2)ccc1F,6.230615,N#Cc1cc(-c2ccc(NC(=O)N3CCC[C@@H]3C(=O)NC34CC(C3)C4)c(O)c2)ccc1F,6.117507
c1ccc2c(NC[C@@H]3CCCN3)ccnc2c1,4.024816,O=C(Nc1ccnc2ccccc12)[C@@H]1CCCN1,5.6318
OB(O)c1ccc(NCC2CCNCC2)cc1,3.105767,O=C(Nc1ccc(B(O)O)cc1)C1CCNCC1,4.45733
O=C(NC1CC1)[C@@H](NCc1ccc(-c2ccc(NCC3CNC3)cc2)cc1)c1ccccc1,7.628907,O=C(Nc1ccc(-c2ccc(CN[C@H](C(=O)NC3CC3)c3ccccc3)cc2)cc1)C1CNC1,7.780858
O=C(O)[C@@H]1CCCN1Cc1ccc2nc(C3CCN3)[nH]c2c1,5.358716,O=C(O)[C@@H]1CCCN1C(=O)c1ccc2nc(C3CCN3)[nH]c2c1,5.268837
C#CCNC1CCN(C(=O)c2ccccc2NCc2ccc(-c3nnn(CC4CC4)n3)nc2)C1,7.123242,C#CCNC1CCN(C(=O)c2ccccc2NC(=O)c2ccc(-c3nnn(CC4CC4)n3)nc2)C1,6.799133
O=C(O)c1ccc2nc(-c3ccc(CN(C[C@H]4CCCNC4)c4ccnc5ccccc45)cc3)oc2c1,5.722117,O=C(O)c1ccc(-c2nc3ccc(C(=O)N(C[C@H]4CCCNC4)c4ccnc5ccccc45)cc3o2)cc1,5.771241
O=C(O)[C@@H](NC[C@H]1CCCN1)c1ccccc1,3.425466,O=C(O)[C@@H](NC(=O)[C@H]1CCCN1)c1ccccc1,4.405003
N#Cc1ccc(O)c(NCC2CNC2)c1,4.489602,N#Cc1ccc(O)c(NC(=O)C2CNC2)c1,5.42534
O=C(O)c1cccc2oc(C3CCN(Cc4cccc(-c5nc6cc(-c7nnn(CC8CC8)n7)ccc6o5)c4)CC3)nc12,7.264863,O=C(O)c1cccc2oc(C3CCN(C(=O)c4cccc(-c5nc6cc(-c7nnn(CC8CC8)n7)ccc6o5)c4)CC3)nc12,7.336504
C[C@@H](NCC1CN(c2ccc(N)cc2)C1)c1ccccc1,4.667085,C[C@@H](NC(=O)C1CN(c2ccc(N)cc2)C1)c1ccccc1,5.643786
Fc1nc(NCc2ccc3nc(-c4ccc(CCl)cc4)oc3c2)c2nc[nH]c2n1,5.522694,O=C(Nc1nc(F)nc2[nH]cnc12)c1ccc2nc(-c3ccc(CCl)cc3)oc2c1,5.822406
Cc1cc(-c2cccnc2)cnc1NC[C@@H]1Cc2ccccc2CN1,7.176911,Cc1cc(-c2cccnc2)cnc1NC(=O)[C@@H]1Cc2ccccc2CN1,7.094948
O=C(Nc1cccc2cc[nH]c12)N1CCC[C@@H]1CNc1cc(-c2cccc(-c3nnn(CC4CC4)n3)c2)n[nH]1,7.763245,O=C(Nc1cc(-c2cccc(-c3nnn(CC4CC4)n3)c2)n[nH]1)[C@H]1CCCN1C(=O)Nc1cccc2cc[nH]c12,7.47866
O=C(Nc1ccc(-c2cn(CC3CC3)nn2)cc1)C1CCN1CC1CCN1,5.787434,O=C(Nc1ccc(-c2cn(CC3CC3)nn2)cc1)C1CCN1C(=O)C1CCN1,5.101821
O=C(NCCc1ccccc1)c1ccc2nc(C3CN(Cc4ccc(-c5nnn(CC6CC6)n5)nc4)C3)oc2c1,7.907302,O=C(NCCc1ccccc1)c1ccc2nc(C3CN(C(=O)c4ccc(-c5nnn(CC6CC6)n5)nc4)C3)oc2c1,7.155818
OB(O)c1cccc(NCc2ccc3nc(C4CNC4)oc3c2)c1,5.626031,O=C(Nc1cccc(B(O)O)c1)c1ccc2nc(C3CNC3)oc2c1,5.728302
O=C(O)C1CCN(Cc2cc(B(O)O)ccc2F)CC1,3.360787,O=C(O)C1CCN(C(=O)c2cc(B(O)O)ccc2F)CC1,3.324577
c1cc2nc(C3CNC3)oc2cc1CNc1ccc(-c2ccc3nc(C4CNC4)oc3c2)cc1,7.677245,O=C(Nc1ccc(-c2ccc3nc(C4CNC4)oc3c2)cc1)c1ccc2nc(C3CNC3)oc2c1,4.394356
c1ccc2c(c1)c(CNCc1ccc(CO[C@H]3CN4CCC3CC4)cc1)cn2CC1CC1,7.938642,O=C(NCc1cn(CC2CC2)c2ccccc12)c1ccc(CO[C@H]2CN3CCC2CC3)cc1,8.160038
O=C(Nc1cccc2cc[nH]c12)[C@H](Cc1c[nH]c2ccccc12)NCc1ccc(-c2nnn(CC3CC3)n2)nc1,7.092268,O=C(N[C@@H](Cc1c[nH]c2ccccc12)C(=O)Nc1cccc2cc[nH]c12)c1ccc(-c2nnn(CC3CC3)n2)nc1,7.260588
N[C@H](CNc1cccc(B(O)O)c1)c1ccccc1,3.247159,N[C@H](C(=O)Nc1cccc(B(O)O)c1)c1ccccc1,3.923519
COc1ccc(CNCc2cccc(CN[C@H](C)c3ccccc3)c2)cc1,5.35197,COc1ccc(CNCc2cccc(C(=O)N[C@H](C)c3ccccc3)c2)cc1,5.625621
C[C@@H](NC(=O)[C@H]1CCCN1Cc1ccc2nc(-c3ccc(-c4nnn(CC5CC5)n4)nc3)oc2c1)c1ccccc1,7.961409,C[C@@H](NC(=O)[C@H]1CCCN1C(=O)c1ccc2nc(-c3ccc(-c4nnn(CC5CC5)n4)nc3)oc2c1)c1ccccc1,7.599981
O=C(Nc1cccc2cc[nH]c12)[C@@H]1CCCN1C(=O)C1CCN(C(=O)[C@@H](NC[C@@H]2Cc3ccccc3CN2)c2ccccc2)CC1,7.108869,O=C(N[C@H](C(=O)N1CCC(C(=O)N2CCC[C@H]2C(=O)Nc2cccc3cc[nH]c23)CC1)c1ccccc1)[C@@H]1Cc2ccccc2CN1,7.144786
O=C(NC1(CNC23CC(C2)C3)CCC1)c1ccc2nc([C@@H]3Cc4ccccc4CN3)oc2c1,7.031573,O=C(NC1(C(=O)NC23CC(C2)C3)CCC1)c1ccc2nc([C@@H]3Cc4ccccc4CN3)oc2c1,7.402149
C[C@@H](NC[C@@H](N)c1ccccc1)c1ccccc1,4.081602,C[C@@H](NC(=O)[C@@H](N)c1ccccc1)c1ccccc1,4.896333
OB(O)c1cccc(NCc2cccc(-c3cccc(NCC4CNC4)c3)c2)c1,5.730546,O=C(Nc1cccc(-c2cccc(CNc3cccc(B(O)O)c3)c2)c1)C1CNC1,6.324468
O=C(CN(CC1CCN1)C[C@@H]1Cc2ccccc2CN1)Nc1c(O)cccc1C(=O)NC1CC1,5.82401,O=C(CN(CC1CCN1)C(=O)[C@@H]1Cc2ccccc2CN1)Nc1c(O)cccc1C(=O)NC1CC1,6.743701
NCCc1ccccc1-c1ccc(NCC2CCN2)cc1,5.909182,NCCc1ccccc1-c1ccc(NC(=O)C2CCN2)cc1,6.432651
c1ccc(-c2nnn(CC3CC3)n2)c(Cn2cc(CNCc3ccc(-c4nnn(CC5CC5)n4)nc3)c3ccccc32)c1,8.033336,O=C(NCc1cn(Cc2ccccc2-c2nnn(CC3CC3)n2)c2ccccc12)c1ccc(-c2nnn(CC3CC3)n2)nc1,8.135697
C[C@@H](NCc1ccc2nc(C3CNC3)oc2c1)C(=O)N[C@H](C)c1ccccc1,5.97328,C[C@@H](NC(=O)c1ccc2nc(C3CNC3)oc2c1)C(=O)N[C@H](C)c1ccccc1,7.099222
O=c1cc(Cn2nnc(-c3cccc(-c4cc(NCC5CCN5C[C@@H]5Cc6ccccc6CN5)[nH]n4)c3)n2)c2ccccc2[nH]1,7.67421,O=C([C@@H]1Cc2ccccc2CN1)N(CC1CCN1)c1cc(-c2cccc(-c3nnn(Cc4cc(=O)[nH]c5ccccc45)n3)c2)n[nH]1,7.397489
O=C(O)[C@@H]1CCCN1C[C@@H]1Cc2ccccc2CN1,4.744679,O=C(O)[C@@H]1CCCN1C(=O)[C@@H]1Cc2ccccc2CN1,4.993255
COc1ccc(NC(=O)Nc2cccc(-c3cc(NC[C@@H]4Cc5ccccc5CN4C[C@@H]4Cc5ccccc5CN4)[nH]n3)c2)cc1,7.461832,COc1ccc(NC(=O)Nc2cccc(-c3cc(N(C[C@@H]4Cc5ccccc5CN4)C(=O)[C@@H]4Cc5ccccc5CN4)[nH]n3)c2)cc1,7.366529
O=C(O)c1ccc2nc(C3CCN(Cc4ccc(-c5nnn(CC6CC6)n5)nc4)CC3)oc2c1,7.260093,O=C(O)c1ccc2nc(C3CCN(C(=O)c4ccc(-c5nnn(CC6CC6)n5)nc4)CC3)oc2c1,7.038455
c1cncc(-c2ccc3oc(C4CN(Cc5ccc6oc(C7CNC7)nc6c5)C4)nc3c2)c1,7.76551,O=C(c1ccc2oc(C3CNC3)nc2c1)N1CC(c2nc3cc(-c4cccnc4)ccc3o2)C1,7.012846
O=C(NC1(C(=O)Nc2ccnc3ccccc23)CCC1)C1CCN1C[C@@H]1Cc2ccccc2CN1,7.440633,O=C(NC1(C(=O)Nc2ccnc3ccccc23)CCC1)C1CCN1C(=O)[C@@H]1Cc2ccccc2CN1,7.446149
O=C(NC1CC1)c1cccc(-c2cc(NCc3ccc4oc(C5CCNCC5)nc4c3)[nH]n2)c1,7.873991,O=C(Nc1cc(-c2cccc(C(=O)NC3CC3)c2)n[nH]1)c1ccc2oc(C3CCNCC3)nc2c1,7.426041
O=C(Nc1ccccc1)Nc1ccc(-c2cccc(CN(C[C@@H]3Cc4ccccc4CN3)C34CC(C3)C4)c2)cc1,6.986462,O=C(Nc1ccccc1)Nc1ccc(-c2cccc(CN(C(=O)[C@@H]3Cc4ccccc4CN3)C34CC(C3)C4)c2)cc1,7.014006
O=C(O)[C@@H](NCc1cccc(B(O)O)c1)c1ccccc1,3.034547,O=C(N[C@H](C(=O)O)c1ccccc1)c1cccc(B(O)O)c1,3.271474
c1cc(-c2nnn(CC3CC3)n2)ncc1CN1CCC[C@@H]1c1nc2ccc(NC34CC(C3)C4)cc2o1,7.837523,O=C(c1ccc(-c2nnn(CC3CC3)n2)nc1)N(c1ccc2nc([C@H]3CCCN3)oc2c1)C12CC(C1)C2,3.361524
Nc1cc(CNc2cccc(-c3ccc(N=C=O)cc3)c2)ccc1O,5.324183,Nc1cc(C(=O)Nc2cccc(-c3ccc(N=C=O)cc3)c2)ccc1O,5.349641
C[C@H](NC(=O)c1ccccc1NCc1ccc2oc(-c3ccc(CO[C@H]4CN5CCC4CC5)cc3)nc2c1)c1ccccc1,7.737994,C[C@H](NC(=O)c1ccccc1NC(=O)c1ccc2oc(-c3ccc(CO[C@H]4CN5CCC4CC5)cc3)nc2c1)c1ccccc1,7.940335
NC1(CNc2ccnc3ccccc23)CCC1,2.953579,NC1(C(=O)Nc2ccnc3ccccc23)CCC1,3.74911
Fc1ccc(-c2ccc(NCc3ccc(-c4nnn(CC5CC5)n4)nc3)cc2)cc1,7.73186,O=C(Nc1ccc(-c2ccc(F)cc2)cc1)c1ccc(-c2nnn(CC3CC3)n2)nc1,7.541132
c1cc(NCc2ccc3nc([C@H]4CCCNC4)oc3c2)cc(-c2cn(CC3CC3)cn2)c1,7.884553,O=C(Nc1cccc(-c2cn(CC3CC3)cn2)c1)c1ccc2nc([C@H]3CCCNC3)oc2c1,7.908643
O=C(NC1CC1)c1ccc2nc(-c3ccccc3Cn3cnc4c(NC[C@@H]5Cc6ccccc6CN5)nc(F)nc43)oc2c1,7.551913,O=C(NC1CC1)c1ccc2nc(-c3ccccc3Cn3cnc4c(NC(=O)[C@@H]5Cc6ccccc6CN5)nc(F)nc43)oc2c1,7.668458
c1cc(NCc2nc3ccccc3[nH]2)cc(-c2ccc(NCc3ccc(-c4nnn(CC5CC5)n4)nc3)cc2)c1,7.967178,O=C(Nc1ccc(-c2cccc(NCc3nc4ccccc4[nH]3)c2)cc1)c1ccc(-c2nnn(CC3CC3)n2)nc1,7.85037
O=C(NC1CC1)N1CCC(OCc2ccc(CN(CCc3ccncc3)C[C@@H]3Cc4ccccc4CN3)cc2)CC1,7.344673,O=C(NC1CC1)N1CCC(OCc2ccc(CN(CCc3ccncc3)C(=O)[C@@H]3Cc4ccccc4CN3)cc2)CC1,7.371659
O=C=Nc1ccc(N2CCC[C@H]2CN2CCNCC2)cc1,4.601124,O=C=Nc1ccc(N2CCC[C@H]2C(=O)N2CCNCC2)cc1,4.8506
Nc1ccccc1CN1CCC[C@H](O)C1,2.882187,Nc1ccccc1C(=O)N1CCC[C@H](O)C1,3.083128
Cc1nc(Br)sc1-c1nc2cc(-c3ccc(NCc4ccc5nc(C6CNC6)oc5c4)cc3)ccc2o1,6.910057,Cc1nc(Br)sc1-c1nc2cc(-c3ccc(NC(=O)c4ccc5nc(C6CNC6)oc5c4)cc3)ccc2o1,6.470098
O=C(O)c1ccccc1NC(=O)C1(NCc2ccc3nc([C@@H]4CCCN4)oc3c2)CCC1,6.693266,O=C(NC1(C(=O)Nc2ccccc2C(=O)O)CCC1)c1ccc2nc([C@@H]3CCCN3)oc2c1,6.712354
OB(O)c1cccc(N(Cc2ccc(CCl)cc2)Cc2ccc3oc(-c4ccc(CO[C@H]5CN6CCC5CC6)cc4)nc3c2)c1,6.346134,O=C(c1ccc2oc(-c3ccc(CO[C@H]4CN5CCC4CC5)cc3)nc2c1)N(Cc1ccc(CCl)cc1)c1cccc(B(O)O)c1,6.36591
O=Cc1ccc(C(=O)Nc2ccc(-c3cccc(NC(=O)C4(NC[C@@H]5Cc6ccccc6CN5)CCC4)c3)cc2)cc1,7.370475,O=Cc1ccc(C(=O)Nc2ccc(-c3cccc(NC(=O)C4(NC(=O)[C@@H]5Cc6ccccc6CN5)CCC4)c3)cc2)cc1,7.442916
O=C(O)[C@@H](Cc1c[nH]c2ccccc12)NC[C@@H]1Cc2ccccc2CN1,5.006463,O=C(N[C@H](Cc1c[nH]c2ccccc12)C(=O)O)[C@@H]1Cc2ccccc2CN1,5.404044
O=Cc1ccc(CNc2ccccn2)cc1,4.008334,O=Cc1ccc(C(=O)Nc2ccccn2)cc1,4.399209
C[C@H](NCc1cccc(B(O)O)c1)c1ccccc1,3.324743,C[C@H](NC(=O)c1cccc(B(O)O)c1)c1ccccc1,3.553929
O=C1CN(C(=O)Nc2cccc(-c3ccc(NC[C@@H]4Cc5ccccc5CN4)cc3)c2)C1,7.22038,O=C1CN(C(=O)Nc2cccc(-c3ccc(NC(=O)[C@@H]4Cc5ccccc5CN4)cc3)c2)C1,7.220892
N[C@@H](CNc1cc(C(=O)O)ccc1O)c1ccccc1,4.03214,N[C@@H](C(=O)Nc1cc(C(=O)O)ccc1O)c1ccccc1,4.563847
N#Cc1cncc(N2CCN(Cc3ccc4nc(-c5ccc(C(=O)NC6CC6)cc5)oc4c3)CC2)c1,7.296671,N#Cc1cncc(N2CCN(C(=O)c3ccc4nc(-c5ccc(C(=O)NC6CC6)cc5)oc4c3)CC2)c1,6.996197
c1cc(NC[C@@H]2Cc3ccccc3CN2)cc(-c2ccc3nc(-c4ccc(COCC5CNC5)cc4)oc3c2)c1,8.109818,O=C(Nc1cccc(-c2ccc3nc(-c4ccc(COCC5CNC5)cc4)oc3c2)c1)[C@@H]1Cc2ccccc2CN1,7.899498
Brc1ccc(NCc2cccc(CNc3cccc(-c4ccc5[nH]c(-c6nc7ccccc7[nH]6)nc5c4)c3)c2)cc1,6.989172,O=C(Nc1cccc(-c2ccc3[nH]c(-c4nc5ccccc5[nH]4)nc3c2)c1)c1cccc(CNc2ccc(Br)cc2)c1,7.032511
C[C@H](c1ccccc1)N(Cc1ccc2nc(-c3ccc(CO[C@H]4CN5CCC4CC5)cc3)oc2c1)c1ccc2ccccc2n1,7.868767,C[C@H](c1ccccc1)N(C(=O)c1ccc2nc(-c3ccc(CO[C@H]4CN5CCC4CC5)cc3)oc2c1)c1ccc2ccccc2n1,7.933443
O=C(Nc1ccccc1CNc1ccc(-c2cn(CC3CC3)cn2)cc1)C1CCNCC1,7.841166,O=C(Nc1ccc(-c2cn(CC3CC3)cn2)cc1)c1ccccc1NC(=O)C1CCNCC1,7.759329
O=C(NCc1c[nH]c2ccccc12)c1cc(-c2cc(NCc3ccc(-c4nnn(CC5CC5)n4)nc3)[nH]n2)ccc1F,7.837706,O=C(Nc1cc(-c2ccc(F)c(C(=O)NCc3c[nH]c4ccccc34)c2)n[nH]1)c1ccc(-c2nnn(CC3CC3)n2)nc1,7.750774
N#Cc1cc(-c2ccccc2CCNCc2ccc3nc([C@@H]4CCCN4)oc3c2)ccc1F,6.376966,N#Cc1cc(-c2ccccc2CCNC(=O)c2ccc3nc([C@@H]4CCCN4)oc3c2)ccc1F,6.785573
O=C(O)c1ccc2oc(-c3cccc(CNc4nc(F)nc5[nH]cnc45)c3)nc2c1,5.467692,O=C(O)c1ccc2oc(-c3cccc(C(=O)Nc4nc(F)nc5[nH]cnc45)c3)nc2c1,5.74639
O=Cc1ccc(CNc2cc(Br)ccc2O)cc1,3.700275,O=Cc1ccc(C(=O)Nc2cc(Br)ccc2O)cc1,3.830551
O=C(O)c1ccc(Cn2ccc3cccc(NCc4ccc5nc(-c6ccc7[nH]c(C8CNC8)nc7c6)oc5c4)c32)cc1,7.085712,O=C(O)c1ccc(Cn2ccc3cccc(NC(=O)c4ccc5nc(-c6ccc7[nH]c(C8CNC8)nc7c6)oc5c4)c32)cc1,7.242968
O=Cc1ccc(CN2CC(c3nc4cc(CNc5ccc(-c6cccc(O)c6)cc5)ccc4[nH]3)C2)cc1,6.361053,O=Cc1ccc(C(=O)N(Cc2ccc3[nH]c(C4CNC4)nc3c2)c2ccc(-c3cccc(O)c3)cc2)cc1,5.890163
OB(O)c1ccc(NCc2ccc3nc(-c4ccnc(NC56CC(C5)C6)c4)oc3c2)cc1,6.116358,O=C(Nc1ccc(B(O)O)cc1)c1ccc2nc(-c3ccnc(NC45CC(C4)C5)c3)oc2c1,6.242653
Nc1ccc(N2CCC(CNc3ccc(-c4cccc(-c5nnn(CC6CC6)n5)c4)cc3)CC2)cc1,7.586516,Nc1ccc(N2CCC(C(=O)Nc3ccc(-c4cccc(-c5nnn(CC6CC6)n5)c4)cc3)CC2)cc1,7.399051
O=C(C1CNC1)N1CCC[C@@H](CNc2ccc(-c3cccc(CNCCc4ccccc4)c3)cc2)C1,7.457756,O=C(Nc1ccc(-c2cccc(CNCCc3ccccc3)c2)cc1)[C@@H]1CCCN(C(=O)C2CNC2)C1,7.238512
Nc1cc(Br)ccc1NCc1ccc(COCC2CNC2)cc1,5.808405,Nc1cc(Br)ccc1NC(=O)c1ccc(COCC2CNC2)cc1,6.11151
O=Cc1cccc(CN2CC(c3nc4cc(-c5cccnc5)ccc4o3)C2)c1,5.936784,O=Cc1cccc(C(=O)N2CC(c3nc4cc(-c5cccnc5)ccc4o3)C2)c1,6.322203
O=C([C@@H]1Cc2ccccc2CN1)N1CCC1CNc1cccc(B(O)O)c1,5.449737,O=C(Nc1cccc(B(O)O)c1)C1CCN1C(=O)[C@@H]1Cc2ccccc2CN1,5.651832
COc1ccc(-c2cccc(NCc3ccc4oc(-c5ccc(-c6nnn(CC7CC7)n6)nc5)nc4c3)c2)cn1,7.915014,COc1ccc(-c2cccc(NC(=O)c3ccc4oc(-c5ccc(-c6nnn(CC7CC7)n6)nc5)nc4c3)c2)cn1,7.389126
c1ccc2c(c1)c(CCNCc1ccc(-c3nnn(CC4CC4)n3)nc1)cn2CC1CC1,8.049584,O=C(NCCc1cn(CC2CC2)c2ccccc12)c1ccc(-c2nnn(CC3CC3)n2)nc1,8.073795
c1ccc2c(c1)CN[C@H](CN1CC(c3nc4ccc(NCCc5cn(CC6CC6)c6ccccc56)cc4o3)C1)C2,7.824896,O=C([C@@H]1Cc2ccccc2CN1)N(CCc1cn(CC2CC2)c2ccccc12)c1ccc2nc(C3CNC3)oc2c1,7.78557
O=C(O)C1(NCc2ccc3nc(C4CCNCC4)oc3c2)CCC1,5.384726,O=C(NC1(C(=O)O)CCC1)c1ccc2nc(C3CCNCC3)oc2c1,6.36123
OB(O)c1cccc(-c2nc3ccc(CNC45CC(C4)C5)cc3[nH]2)c1,5.411561,O=C(NC12CC(C1)C2)c1ccc2nc(-c3cccc(B(O)O)c3)[nH]c2c1,5.339373
OB(O)c1cccc(CNc2nc(Br)cs2)c1,2.299684,O=C(Nc1nc(Br)cs1)c1cccc(B(O)O)c1,2.824321
Nc1ccc(CNc2cccc(-c3cccc(-c4nc5ccc(C(=O)O)cc5o4)c3)c2)cc1O,5.920349,Nc1ccc(C(=O)Nc2cccc(-c3cccc(-c4nc5ccc(C(=O)O)cc5o4)c3)c2)cc1O,6.021324
O=C(Nc1ccnc2ccccc12)[C@@H]1CCCN1C(=O)c1ccc2nc([C@@H]3CCCN3C[C@@H]3Cc4ccccc4CN3)oc2c1,7.564453,O=C(Nc1ccnc2ccccc12)[C@@H]1CCCN1C(=O)c1ccc2nc([C@@H]3CCCN3C(=O)[C@@H]3Cc4ccccc4CN3)oc2c1,7.481392
O=C(NC1CC1)c1ccc(NC(=O)C2CCN2Cc2ccc(CO[C@H]3CN4CCC3CC4)cc2)c(O)c1,7.504567,O=C(NC1CC1)c1ccc(NC(=O)C2CCN2C(=O)c2ccc(CO[C@H]3CN4CCC3CC4)cc2)c(O)c1,7.47604
c1ccc2c(NCc3ccc(COCC4CN(Cc5ccc6nc(C7CNC7)[nH]c6c5)C4)cc3)ccnc2c1,7.635193,O=C(c1ccc2nc(C3CNC3)[nH]c2c1)N(Cc1ccc(COCC2CNC2)cc1)c1ccnc2ccccc12,7.797521
O=C(NCCc1c[nH]c2ccccc12)[C@H]1CCCN1Cc1ccc2nc(-c3ccccc3CO[C@H]3CN4CCC3CC4)oc2c1,7.731584,O=C(NCCc1c[nH]c2ccccc12)[C@H]1CCCN1C(=O)c1ccc2nc(-c3ccccc3CO[C@H]3CN4CCC3CC4)oc2c1,7.662604
O=C(O)C1CN(c2ccc3c(-c4nc5ccc(CNCCc6ccccc6)cc5o4)c[nH]c3c2)C1,6.294145,O=C(NCCc1ccccc1)c1ccc2nc(-c3c[nH]c4cc(N5CC(C(=O)O)C5)ccc34)oc2c1,6.349444
c1ccc(-c2ccc3[nH]ccc3c2)c(CCNCc2ccc3nc(C4CNC4)oc3c2)c1,7.116338,O=C(NCCc1ccccc1-c1ccc2[nH]ccc2c1)c1ccc2nc(C3CNC3)oc2c1,7.40959
N[C@@H](CNc1cccc(-c2ccccc2CCNC[C@@H]2CCCNC2)c1)c1ccccc1,5.811538,NCCc1ccccc1-c1cccc(NC[C@H](NC(=O)[C@@H]2CCCNC2)c2ccccc2)c1,5.936156
O=C(NCc1ccccc1)[C@@H]1Cc2ccccc2CN1Cc1cccc2oc(C3CNC3)nc12,7.50191,O=C(NCc1ccccc1)[C@@H]1Cc2ccccc2CN1C(=O)c1cccc2oc(C3CNC3)nc12,7.077488
O=C(NC1CC1)c1cccc(-c2nc3ccc(CNC45CC(C4)C5)cc3o2)c1,7.961772,O=C(NC1CC1)c1cccc(-c2nc3ccc(C(=O)NC45CC(C4)C5)cc3o2)c1,7.565665
O=C(Nc1cccc2ccn(CC3CC3)c12)C1CN(C(=O)[C@@H]2CCCN2CC2CCN2)C1,7.552073,O=C(Nc1cccc2ccn(CC3CC3)c12)C1CN(C(=O)[C@@H]2CCCN2C(=O)C2CCN2)C1,7.1462
O=C(C1CCN1C[C@@H]1Cc2ccccc2CN1)N(Cc1cc(C(F)(F)F)ccn1)Cc1cn(CC2CC2)nn1,6.611617,O=C(C1CCN1C(=O)[C@@H]1Cc2ccccc2CN1)N(Cc1cc(C(F)(F)F)ccn1)Cc1cn(CC2CC2)nn1,6.660247
c1ccc2c(c1)CN[C@H](CN1Cc3ccccc3C[C@H]1CNc1ccc(-c3cn(CC4CC4)cn3)cc1)C2,7.870771,O=C([C@@H]1Cc2ccccc2CN1)N(C[C@@H]1Cc2ccccc2CN1)c1ccc(-c2cn(CC3CC3)cn2)cc1,7.940302
O=C(NCc1ccc(O)cc1)C1CCN1Cc1ccc2oc(C3CNC3)nc2c1,7.326631,O=C(NCc1ccc(O)cc1)C1CCN1C(=O)c1ccc2oc(C3CNC3)nc2c1,7.202597
Oc1cc(NCCc2c[nH]c3ccccc23)ccc1NCC1CN(Cc2ccc(-c3nnn(CC4CC4)n3)nc2)C1,7.466623,O=C(c1ccc(-c2nnn(CC3CC3)n2)nc1)N(CC1CNC1)c1ccc(NCCc2c[nH]c3ccccc23)cc1O,7.365335
c1ccc2c(c1)c(CNCc1ccc(CO[C@H]3CN4CCC3CC4)cc1)cn2Cc1c[nH]cn1,7.118443,O=C(NCc1cn(Cc2c[nH]cn2)c2ccccc12)c1ccc(CO[C@H]2CN3CCC2CC3)cc1,7.395363
O=C(Nc1ccccc1CNc1cccc(B(O)O)c1)C1CNC1,5.194473,O=C(Nc1cccc(B(O)O)c1)c1ccccc1NC(=O)C1CNC1,5.4325
O=C(Nc1nc2ccccc2[nH]1)C1(NCc2ccc3nc(C4CNC4)oc3c2)CCC1,7.673657,O=C(NC1(C(=O)Nc2nc3ccccc3[nH]2)CCC1)c1ccc2nc(C3CNC3)oc2c1,7.237002
Fc1ccc(CNc2cc(Br)n[nH]2)cc1,3.529345,O=C(Nc1cc(Br)n[nH]1)c1ccc(F)cc1,4.046056
O=C(Nc1cccc(-c2cc(NCc3ccc(CO[C@H]4CN5CCC4CC5)cc3)[nH]n2)c1)C1CCNCC1,7.84339,O=C(Nc1cc(-c2cccc(NC(=O)C3CCNCC3)c2)n[nH]1)c1ccc(CO[C@H]2CN3CCC2CC3)cc1,7.649558
O=C(O)c1ccccc1NCc1ccc(-c2nc3ccc(CNC45CC(C4)C5)cc3o2)cc1,6.810291,O=C(NC12CC(C1)C2)c1ccc2nc(-c3ccc(CNc4ccccc4C(=O)O)cc3)oc2c1,6.93608
O=C(NC1CCC1)[C@@H]1Cc2ccccc2CN1C(=O)[C@@H]1C[C@@H](O)CN1Cc1ccc(-c2nnn(CC3CC3)n2)nc1,6.585108,O=C(NC1CCC1)[C@@H]1Cc2ccccc2CN1C(=O)[C@@H]1C[C@@H](O)CN1C(=O)c1ccc(-c2nnn(CC3CC3)n2)nc1,6.257412
O=C(O)C1CN(c2ccc(CN3CCC3C(=O)O)cc2)C1,4.485111,O=C(O)C1CN(c2ccc(C(=O)N3CCC3C(=O)O)cc2)C1,4.706394
c1cc(NC[C@@H]2Cc3ccccc3CN2)cc(-c2cc(NCc3ccccc3NC3CNC3)[nH]n2)c1,7.719988,O=C(Nc1cc(-c2cccc(NC[C@@H]3Cc4ccccc4CN3)c2)n[nH]1)c1ccccc1NC1CNC1,7.950042
O=Cc1ccc(CN[C@@H](Cc2c[nH]c3ccccc23)C(=O)O)cc1,3.558835,O=Cc1ccc(C(=O)N[C@@H](Cc2c[nH]c3ccccc23)C(=O)O)cc1,3.877263
N[C@@H](CNCc1cn(CC2CC2)c2ccccc12)c1ccccc1,5.552305,N[C@@H](C(=O)NCc1cn(CC2CC2)c2ccccc12)c1ccccc1,7.233082
C[C@H](NC(=O)c1ccccc1NCc1cccc(CNC23CC(C2)C3)c1)c1ccccc1,6.71946,C[C@H](NC(=O)c1ccccc1NCc1cccc(C(=O)NC23CC(C2)C3)c1)c1ccccc1,6.465609
O=Cc1ccc(CNc2ccc(-c3nc4ccc(C(=O)O)cc4[nH]3)cc2O)cc1,5.088129,O=Cc1ccc(C(=O)Nc2ccc(-c3nc4ccc(C(=O)O)cc4[nH]3)cc2O)cc1,5.264717
c1cc(CNC23CC(C2)C3)cc(CN(CCc2cn(CC3CC3)c3ccccc23)C[C@@H]2Cc3ccccc3CN2)c1,7.573375,O=C([C@@H]1Cc2ccccc2CN1)N(CCc1cn(CC2CC2)c2ccccc12)Cc1cccc(CNC23CC(C2)C3)c1,7.520157
c1ccc2c(c1)CN[C@H](CN1CCC[C@H](c3nc4cc(-c5nnn(CC6CC6)n5)ccc4o3)C1)C2,7.773716,O=C([C@@H]1Cc2ccccc2CN1)N1CCC[C@H](c2nc3cc(-c4nnn(CC5CC5)n4)ccc3o2)C1,7.87661
c1ccc2c(CNCc3ccc(Cn4nnc(-c5ccc6[nH]c(C7CNC7)nc6c5)n4)cc3)c[nH]c2c1,7.577845,O=C(NCc1c[nH]c2ccccc12)c1ccc(Cn2nnc(-c3ccc4[nH]c(C5CNC5)nc4c3)n2)cc1,7.737758
O=C(NC1CC1)c1ccc2nc(-c3ccc(CNc4cccc5ccn(CC6CC6)c45)cc3)oc2c1,7.997776,O=C(Nc1cccc2ccn(CC3CC3)c12)c1ccc(-c2nc3ccc(C(=O)NC4CC4)cc3o2)cc1,8.159243
c1ccc(NC[C@@H]2Cc3ccccc3CN2CC2CNC2)nc1,5.948597,O=C(C1CNC1)N(C[C@@H]1Cc2ccccc2CN1)c1ccccn1,6.803296
O=C(Nc1cc(-c2cccc(NCc3ccc4nc(C5CNC5)oc4c3)c2)ccc1O)[C@H]1CCCN1,7.751408,O=C(Nc1cccc(-c2ccc(O)c(NC(=O)[C@H]3CCCN3)c2)c1)c1ccc2nc(C3CNC3)oc2c1,7.278955
O=C(O)c1ccc(CNc2c(O)cccc2CNC23CC(C2)C3)cc1,5.172818,O=C(NC12CC(C1)C2)c1ccc(CNc2c(O)cccc2C(=O)O)cc1,5.153135
c1cc(NCc2ccc(-c3nnn(CC4CC4)n3)nc2)cc(-c2ccc3oc(-c4ccncc4)nc3c2)c1,7.976761,O=C(Nc1cccc(-c2ccc3oc(-c4ccncc4)nc3c2)c1)c1ccc(-c2nnn(CC3CC3)n2)nc1,7.619413
Nc1ccccc1CNC1(C(=O)O)CCC1,2.831961,NC1(C(=O)Nc2ccccc2C(=O)O)CCC1,3.280539
O=C(NCCc1ccccc1)C1(NCc2ccc3[nH]c(-c4ccc(CO[C@H]5CN6CCC5CC6)cc4)nc3c2)CCC1,7.869571,O=C(NC1(C(=O)NCCc2ccccc2)CCC1)c1ccc2[nH]c(-c3ccc(CO[C@H]4CN5CCC4CC5)cc3)nc2c1,7.580812
N#Cc1cncc(-c2cccc(NCC3CNC3)c2)c1,6.178518,N#Cc1cncc(-c2cccc(NC(=O)C3CNC3)c2)c1,6.959975
c1cc(-c2cc(NCc3ccc(COCC4CNC4)cc3)[nH]n2)cc(-c2nnn(CC3CC3)n2)c1,8.074124,O=C(Nc1cc(-c2cccc(-c3nnn(CC4CC4)n3)c2)n[nH]1)c1ccc(COCC2CNC2)cc1,7.892205
OB(O)c1ccc(NCc2cccc3oc(C4CNC4)nc23)cc1,5.472909,O=C(Nc1ccc(B(O)O)cc1)c1cccc2oc(C3CNC3)nc12,5.615803
c1ccc2c(c1)NC(c1ccnc(-c3ccc(NCc4ccc5nc(C6CNC6)[nH]c5c4)cc3)c1)c1cccn1-2,7.494586,O=C(Nc1ccc(-c2cc(C3Nc4ccccc4-n4cccc43)ccn2)cc1)c1ccc2nc(C3CNC3)[nH]c2c1,5.191025
c1ccc2c(c1)CN[C@H](CN1CCC1c1nc3ccc(NCc4cn(CC5CC5)c5ccccc45)cc3o1)C2,7.91621,O=C([C@@H]1Cc2ccccc2CN1)N(Cc1cn(CC2CC2)c2ccccc12)c1ccc2nc(C3CCN3)oc2c1,7.285745
NC1(c2nc3cc(CNc4cc(-c5nnn(CC6CC6)n5)n[nH]4)ccc3[nH]2)CCC1,6.832956,NC1(c2nc3cc(C(=O)Nc4cc(-c5nnn(CC6CC6)n5)n[nH]4)ccc3[nH]2)CCC1,7.088295
c1ccc(CCNc2ccc(CNc3ccnc4ccccc34)cc2)cc1,5.845583,O=C(Nc1ccnc2ccccc12)c1ccc(NCCc2ccccc2)cc1,6.197595
Brc1ccccc1CCNCC1CCN1,4.988241,O=C(NCCc1ccccc1Br)C1CCN1,5.64993
O=C(Nc1cc(-c2cccc(CNc3cccc(-c4c[nH]cn4)c3)c2)n[nH]1)NC1CC1,7.613981,O=C(Nc1cc(-c2cccc(C(=O)Nc3cccc(-c4c[nH]cn4)c3)c2)n[nH]1)NC1CC1,7.437368
c1ccc(NCc2ccc(-c3nc4ccc(C5=NCCc6ccccc65)cc4o3)cc2)nc1,7.40588,O=C(Nc1ccccn1)c1ccc(-c2nc3ccc(C4=NCCc5ccccc54)cc3o2)cc1,7.52458
Oc1ccc(-c2ccc(NCc3ccc(CNC45CC(C4)C5)cc3)cc2)cc1,7.192832,O=C(Nc1ccc(-c2ccc(O)cc2)cc1)c1ccc(CNC23CC(C2)C3)cc1,7.423755
N#Cc1ccc(O)c(NCc2ccc(C=O)cc2)c1,3.882337,N#Cc1ccc(O)c(NC(=O)c2ccc(C=O)cc2)c1,4.042055
Nc1ccc(-c2cc(NCc3ccc4oc(-c5ccc(C(=O)NC6CC6)cc5)nc4c3)[nH]n2)cc1,7.659641,Nc1cc(-c2ccc(NC(=O)c3ccc4oc(-c5ccc(C(=O)NC6CC6)cc5)nc4c3)cc2)n[nH]1,6.873007
O=C(O)c1ccc2oc(-c3ccc(CNC4(C(=O)O)CCC4)cc3)nc2c1,5.094909,O=C(O)c1ccc(-c2nc3cc(C(=O)NC4(C(=O)O)CCC4)ccc3o2)cc1,5.824142
O=C(O)[C@H](Cc1c[nH]c2ccccc12)NCc1ccc(CCl)cc1,3.652099,O=C(N[C@@H](Cc1c[nH]c2ccccc12)C(=O)O)c1ccc(CCl)cc1,3.871153
c1cc(-c2ccc(NC[C@@H]3Cc4ccccc4CN3)cc2)cc(-c2nc3ccccc3o2)c1,7.765148,O=C(Nc1ccc(-c2cccc(-c3nc4ccccc4o3)c2)cc1)[C@@H]1Cc2ccccc2CN1,7.812082
O=C(O)c1ccc2nc(C3CCN3Cc3ccc(-c4nnn(CC5CC5)n4)nc3)[nH]c2c1,7.021287,O=C(O)c1ccc2nc(C3CCN3C(=O)c3ccc(-c4nnn(CC5CC5)n4)nc3)[nH]c2c1,6.725349
c1cc(-c2cc(NCc3ccc4oc(C5CCNCC5)nc4c3)[nH]n2)cc(-c2nnn(CC3CC3)n2)c1,8.036996,O=C(Nc1cc(-c2cccc(-c3nnn(CC4CC4)n3)c2)n[nH]1)c1ccc2oc(C3CCNCC3)nc2c1,7.519468
N#Cc1ccc(Cn2cc(CCNCC3CCN3)c3ccccc32)cc1,6.30181,N#Cc1ccc(Cn2cc(CCNC(=O)C3CCN3)c3ccccc32)cc1,6.667352
C#CCNC(=O)N[C@@H](C)CN1CC(=O)C1,1.796893,C#CCNC(=O)N[C@@H](C)C(=O)N1CC(=O)C1,2.853587
NC1(c2nc3ccc(CNc4cccc(-c5cn(CC6CC6)cn5)c4)cc3o2)CCC1,6.88503,NC1(c2nc3ccc(C(=O)Nc4cccc(-c5cn(CC6CC6)cn5)c4)cc3o2)CCC1,7.178935
O=C(Nc1ccnc2ccccc12)C1CCN(Cc2ccc3oc(-c4ccc(CO[C@H]5CN6CCC5CC6)cc4)nc3c2)CC1,8.074566,O=C(Nc1ccnc2ccccc12)C1CCN(C(=O)c2ccc3oc(-c4ccc(CO[C@H]5CN6CCC5CC6)cc4)nc3c2)CC1,8.069804
O=C(O)c1cccc(O)c1NC[C@H]1CCCNC1,3.412428,O=C(O)c1cccc(O)c1NC(=O)[C@H]1CCCNC1,4.25382
O=C(N1CC(c2nc3ccc(NCc4ccc(C(F)(F)F)cc4)cc3o2)C1)C1(NC[C@@H]2Cc3ccccc3CN2)CCC1,7.363832,O=C(NC1(C(=O)N2CC(c3nc4ccc(NCc5ccc(C(F)(F)F)cc5)cc4o3)C2)CCC1)[C@@H]1Cc2ccccc2CN1,7.259382
O=C(NCc1cn(CC2CC2)c2ccccc12)N1CCC[C@H](c2nc3ccc(CNC45CC(C4)C5)cc3o2)C1,7.890299,O=C(NC12CC(C1)C2)c1ccc2nc([C@H]3CCCN(C(=O)NCc4cn(CC5CC5)c5ccccc45)C3)oc2c1,7.95263
c1cc(NCC2CN(Cc3ccc(-c4nnn(CC5CC5)n4)nc3)C2)c2c(c1)ccn2CC1CC1,7.870577,O=C(c1ccc(-c2nnn(CC3CC3)n2)nc1)N(CC1CNC1)c1cccc2ccn(CC3CC3)c12,7.827105
CC1(C)OB(c2ccc(NCc3cccc(C=O)c3)nc2)OC1(C)C,3.749636,CC1(C)OB(c2ccc(NC(=O)c3cccc(C=O)c3)nc2)OC1(C)C,3.899748
OCC1CN(CC2CCN2c2nc3ccccc3[nH]2)C1,4.448747,O=C(C1CCN1c1nc2ccccc2[nH]1)N1CC(CO)C1,4.917239
O=C(NC1(c2nc3cc(CNCCc4ccccc4Br)ccc3o2)CCC1)[C@@H]1Cc2ccccc2CN1,6.987558,O=C(NCCc1ccccc1Br)c1ccc2oc(C3(NC(=O)[C@@H]4Cc5ccccc5CN4)CCC3)nc2c1,7.123236
ClCc1ccc(CNCCc2ccccc2Br)cc1,4.080449,O=C(NCCc1ccccc1Br)c1ccc(CCl)cc1,4.327597
O=C([C@@H]1CCCN1C(=O)C1CCN1)N1CCC(CNc2ccnc3ccccc23)CC1,7.162377,O=C(Nc1ccnc2ccccc12)C1CCN(C(=O)[C@@H]2CCCN2C(=O)C2CCN2)CC1,7.368926
O=C(Nc1cccc(-c2ccc3oc(C4CNC4)nc3c2)c1)C1CCN1CC1CCN1,4.203037,O=C(Nc1cccc(-c2ccc3oc(C4CN(C(=O)C5CCN5)C4)nc3c2)c1)C1CCN1,4.037416
C[C@H](Nc1ccc(NCc2ccc(CO[C@H]3CN4CCC3CC4)cc2)cc1)c1ccccc1,7.728194,C[C@H](Nc1ccc(NC(=O)c2ccc(CO[C@H]3CN4CCC3CC4)cc2)cc1)c1ccccc1,7.815785
c1ccc2c(NCc3cccc4oc(-c5ccc(CO[C@H]6CN7CCC6CC7)cc5)nc34)ccnc2c1,7.845803,O=C(Nc1ccnc2ccccc12)c1cccc2oc(-c3ccc(CO[C@H]4CN5CCC4CC5)cc3)nc12,7.909404
Cc1cc(-c2cccc(NC(=O)N3CCC3C(=O)NC3CC3)c2)cnc1NCC1CNC1,6.591045,Cc1cc(-c2cccc(NC(=O)N3CCC3C(=O)NC3CC3)c2)cnc1NC(=O)C1CNC1,4.041643
O=C(O)c1ccc2nc([C@H](Cc3c[nH]c4ccccc34)NCc3ccc4nc(-c5ccccc5CO[C@H]5CN6CCC5CC6)oc4c3)[nH]c2c1,6.999415,O=C(O)c1ccc2nc([C@H](Cc3c[nH]c4ccccc34)NC(=O)c3ccc4nc(-c5ccccc5CO[C@H]5CN6CCC5CC6)oc4c3)[nH]c2c1,6.984196
O=C(NC12CC(C1)C2)c1cccc(-c2nc3ccc(CNc4cccc5cc[nH]c45)cc3o2)c1,7.382656,O=C(Nc1cccc2cc[nH]c12)c1ccc2nc(-c3cccc(C(=O)NC45CC(C4)C5)c3)oc2c1,7.31992
c1ccc2c(c1)c(CNCc1ccc3[nH]c(C4CNC4)nc3c1)cn2Cc1ccc(-c2nnn(CC3CC3)n2)cc1,8.13448,O=C(NCc1cn(Cc2ccc(-c3nnn(CC4CC4)n3)cc2)c2ccccc12)c1ccc2[nH]c(C3CNC3)nc2c1,8.305799
CC1(C)OB(c2ccc(NC[C@H](N)c3ccccc3)nc2)OC1(C)C,3.747864,CC1(C)OB(c2ccc(NC(=O)[C@H](N)c3ccccc3)nc2)OC1(C)C,4.281541
C[C@H](c1ccccc1)N(Cc1cccc(-c2cc(-c3nc4ccccc4o3)ccn2)c1)C[C@@H]1Cc2ccccc2CN1,7.441185,C[C@H](c1ccccc1)N(Cc1cccc(-c2cc(-c3nc4ccccc4o3)ccn2)c1)C(=O)[C@@H]1Cc2ccccc2CN1,7.58031
c1ccc2nc(Nc3ccc(-c4cc(NCc5ccc(-c6nnn(CC7CC7)n6)nc5)[nH]n4)cc3)ccc2c1,7.941916,O=C(Nc1cc(-c2ccc(Nc3ccc4ccccc4n3)cc2)n[nH]1)c1ccc(-c2nnn(CC3CC3)n2)nc1,7.816401
O=C(Nc1cccc(-c2ccc(NCC3CCN3)cc2)c1)[C@@H]1CCCN1C[C@@H]1Cc2ccccc2CN1,7.871301,O=C(Nc1cccc(-c2ccc(N(CC3CCN3)C(=O)[C@@H]3Cc4ccccc4CN3)cc2)c1)[C@@H]1CCCN1,7.029476
c1cc(-c2nnn(CC3CC3)n2)cc(-c2cccc3nc([C@@H]4Cc5ccccc5CN4CC4CNC4)oc23)c1,7.716791,O=C(C1CNC1)N1Cc2ccccc2C[C@H]1c1nc2cccc(-c3cccc(-c4nnn(CC5CC5)n4)c3)c2o1,6.907984
O=C(Nc1cccc(-c2c[nH]cn2)c1)C1CCN1C[C@@H]1Cc2ccccc2CN1,7.109614,O=C(Nc1cccc(-c2c[nH]cn2)c1)C1CCN1C(=O)[C@@H]1Cc2ccccc2CN1,7.186134
c1cc(Nc2ccc(-c3cn(CC4CC4)nn3)cc2)ccc1NCC1CCN1,8.108475,O=C(Nc1ccc(Nc2ccc(-c3cn(CC4CC4)nn3)cc2)cc1)C1CCN1,8.139949
O=C(NC1(C(=O)NC2CC2)CCC1)c1ccccc1NC(=O)[C@H]1CCCN(CC2CCN2)C1,7.00104,O=C(NC1(C(=O)NC2CC2)CCC1)c1ccccc1NC(=O)[C@H]1CCCN(C(=O)C2CCN2)C1,7.444964
O=C(Nc1cc(-c2cccc(CNc3cccc4ccn(CC5CC5)c34)c2)n[nH]1)c1ccc(CCl)cc1,7.372594,O=C(Nc1cc(-c2cccc(C(=O)Nc3cccc4ccn(CC5CC5)c34)c2)n[nH]1)c1ccc(CCl)cc1,7.54115
C#Cc1ccccc1CCNCc1ccc(CO[C@H]2CN3CCC2CC3)cc1,7.458358,C#Cc1ccccc1CCNC(=O)c1ccc(CO[C@H]2CN3CCC2CC3)cc1,7.40684
N#Cc1ccc(CNc2cccc(-c3c[nH]nc3NCc3ccc4nc(C5CNC5)oc4c3)c2)cn1,7.343681,N#Cc1ccc(CNc2cccc(-c3c[nH]nc3NC(=O)c3ccc4nc(C5CNC5)oc4c3)c2)cn1,7.31688
Nc1c(F)cccc1C(=O)Nc1ccccc1CNC12CC(C1)C2,5.591175,Nc1c(F)cccc1C(=O)Nc1ccccc1C(=O)NC12CC(C1)C2,5.55262
O=C(Nc1ccnc2ccccc12)C1CCN1CC1CCN1,7.191833,O=C(Nc1ccnc2ccccc12)C1CCN1C(=O)C1CCN1,7.252418
O=C(O)[C@@H]1CCCN1Cc1cccc(CNCc2ccccc2)c1,4.716826,O=C(O)[C@@H]1CCCN1C(=O)c1cccc(CNCc2ccccc2)c1,4.514333
Fc1ncccc1CNc1cccc2cc[nH]c12,4.151369,O=C(Nc1cccc2cc[nH]c12)c1cccnc1F,4.475385
ClCc1ccccc1-c1nc2ccc(CNc3cccc(-c4ccc5[nH]c(C6CCN6)nc5c4)c3)cc2o1,7.453467,O=C(Nc1cccc(-c2ccc3[nH]c(C4CCN4)nc3c2)c1)c1ccc2nc(-c3ccccc3CCl)oc2c1,7.084548
OB(O)c1cccc(NC[C@@H]2CCCN2c2ccccn2)c1,3.777282,O=C(Nc1cccc(B(O)O)c1)[C@@H]1CCCN1c1ccccn1,4.16677
O=C(Nc1ccnc2ccccc12)N1CCC(CNCCc2cn(CC3CC3)c3ccccc23)CC1,7.501391,O=C(NCCc1cn(CC2CC2)c2ccccc12)C1CCN(C(=O)Nc2ccnc3ccccc23)CC1,7.678047
O=C(O)c1ccc(Cn2cc(CCNCc3ccc4nc(-c5ccc(CO[C@H]6CN7CCC6CC7)cc5)oc4c3)c3ccccc32)cc1,7.519436,O=C(O)c1ccc(Cn2cc(CCNC(=O)c3ccc4nc(-c5ccc(CO[C@H]6CN7CCC6CC7)cc5)oc4c3)c3ccccc32)cc1,7.668157
Fc1cc(-c2nc3ccc(CNc4cccc(-c5cc(NCC6CNC6)[nH]n5)c4)cc3o2)ccn1,7.502934,O=C(Nc1cc(-c2cccc(NCc3ccc4nc(-c5ccnc(F)c5)oc4c3)c2)n[nH]1)C1CNC1,8.015082
O=C(Nc1ccc(B(O)O)cc1)[C@@H](Cc1c[nH]c2ccccc12)NCc1ccc2nc(C3CNC3)oc2c1,5.987178,O=C(N[C@H](Cc1c[nH]c2ccccc12)C(=O)Nc1ccc(B(O)O)cc1)c1ccc2nc(C3CNC3)oc2c1,6.123704
OB(O)c1ccc(NCc2cccc(F)n2)cc1,3.421554,O=C(Nc1ccc(B(O)O)cc1)c1cccc(F)n1,3.644608
Cc1cc(-c2ccc(NC(=O)CNC(=O)C3CCNCC3)cc2)cnc1NC[C@@H]1Cc2ccccc2CN1,7.618429,Cc1cc(-c2ccc(NC(=O)CNC(=O)C3CCNCC3)cc2)cnc1NC(=O)[C@@H]1Cc2ccccc2CN1,7.259691
Cc1cc(-c2ccc(NCc3ccc(CO[C@H]4CN5CCC4CC5)cc3)cc2)cnc1NC[C@@H]1Cc2ccccc2CN1,7.892312,Cc1cc(-c2ccc(NCc3ccc(CO[C@H]4CN5CCC4CC5)cc3)cc2)cnc1NC(=O)[C@@H]1Cc2ccccc2CN1,7.682689
ClCc1ccc(CNc2cccc(-c3ccc4nc([C@H]5CCCN5)oc4c3)c2)cc1,6.830244,O=C(Nc1cccc(-c2ccc3nc([C@H]4CCCN4)oc3c2)c1)c1ccc(CCl)cc1,6.996275
c1ccc(NCc2ccc(Nc3cccc(-c4ccc(NCC5CCN5)cc4)c3)cc2)nc1,7.498849,O=C(Nc1ccccn1)c1ccc(Nc2cccc(-c3ccc(NCC4CCN4)cc3)c2)cc1,7.51003
O=C(O)C1CN(Cc2ccc(NCC3CNC3)c(O)c2)C1,5.091588,O=C(O)C1CN(Cc2ccc(NC(=O)C3CNC3)c(O)c2)C1,5.736536
O=C(NC1CC1)c1ccc(-c2nc3ccc(CNCCc4cn(CC5CC5)c5ccccc45)cc3o2)cc1,8.098677,O=C(NCCc1cn(CC2CC2)c2ccccc12)c1ccc2nc(-c3ccc(C(=O)NC4CC4)cc3)oc2c1,8.229696
O=C(NC1CC1)c1cccc2oc([C@H]3CCCN(CC4CCN4)C3)nc12,6.300675,O=C(NC1CC1)c1cccc2oc([C@H]3CCCN(C(=O)C4CCN4)C3)nc12,7.475542
O=C(Nc1ccc(-c2cncc(-c3nnn(CC4CC4)n3)c2)cn1)C1CN(CC2CNC2)C1,6.646997,O=C(Nc1ccc(-c2cncc(-c3nnn(CC4CC4)n3)c2)cn1)C1CN(C(=O)C2CNC2)C1,2.079123
N#Cc1ccc(COCC2CCCN(c3cccc(CNc4ccnc5ccccc45)n3)C2)cc1,6.284364,N#Cc1ccc(COCC2CCCN(c3cccc(C(=O)Nc4ccnc5ccccc45)n3)C2)cc1,6.82335
OB(O)c1cccc(N(Cc2ccc(CCl)cc2)CC2CCN2)c1,3.909415,O=C(C1CCN1)N(Cc1ccc(CCl)cc1)c1cccc(B(O)O)c1,4.22371
O=C(Nc1cc(-c2cccc(CNc3cccc4ccn(CC5CC5)c34)c2)n[nH]1)C1CNC1,8.094302,O=C(Nc1cccc2ccn(CC3CC3)c12)c1cccc(-c2cc(NC(=O)C3CNC3)[nH]n2)c1,8.217662
O=C(O)c1ccc2nc(C3(NCC4CCN4)CCC3)[nH]c2c1,6.161541,O=C(O)c1ccc2nc(C3(NC(=O)C4CCN4)CCC3)[nH]c2c1,6.101839
Brc1ccc(NCc2cccc(-c3cn(CC4CC4)cn3)c2)cc1,7.04132,O=C(Nc1ccc(Br)cc1)c1cccc(-c2cn(CC3CC3)cn2)c1,7.280465
C[C@@H](c1ccccc1)N(C[C@@H]1Cc2ccccc2CN1)c1ccc(-c2nnnn2Cc2ccc(-c3nnn(CC4CC4)n3)cc2)cc1,7.504161,C[C@@H](c1ccccc1)N(C(=O)[C@@H]1Cc2ccccc2CN1)c1ccc(-c2nnnn2Cc2ccc(-c3nnn(CC4CC4)n3)cc2)cc1,7.49632
O=C(NC1CC1)c1ccc(-c2nc3ccc(CNc4cccc5cc[nH]c45)cc3o2)cc1,7.521019,O=C(Nc1cccc2cc[nH]c12)c1ccc2nc(-c3ccc(C(=O)NC4CC4)cc3)oc2c1,7.395412
N#Cc1cccc(-c2ccccc2CCNC(=O)[C@H](NC[C@@H]2CCCN(C(=O)NCc3c[nH]c4ccccc34)C2)c2ccccc2)c1,6.678959,N#Cc1cccc(-c2ccccc2CCNC(=O)[C@H](NC(=O)[C@@H]2CCCN(C(=O)NCc3c[nH]c4ccccc34)C2)c2ccccc2)c1,6.864312
O=C(Nc1cc(-c2cccc(NCc3ccc(-c4nnn(CC5CC5)n4)nc3)c2)ccc1O)C1CNC1,7.785008,O=C(Nc1cccc(-c2ccc(O)c(NC(=O)C3CNC3)c2)c1)c1ccc(-c2nnn(CC3CC3)n2)nc1,5.415947
O=C(O)c1ccc2nc(-c3ccc(CNc4cccc(B(O)O)c4)cc3)oc2c1,4.85079,O=C(O)c1ccc(-c2nc3ccc(C(=O)Nc4cccc(B(O)O)c4)cc3o2)cc1,5.057561
Nc1ccc(-c2cccc(CNC34CC(C3)C4)c2)cc1,6.353665,Nc1ccc(-c2cccc(C(=O)NC34CC(C3)C4)c2)cc1,6.434595
O=Cc1ccc(CN2CC(C(=O)N3CC(C(=O)NCc4ccccc4)C3)C2)cc1,6.159987,O=Cc1ccc(C(=O)N2CC(C(=O)N3CC(C(=O)NCc4ccccc4)C3)C2)cc1,6.524425
N#Cc1ccc2oc([C@@H](Cc3ccccc3)NCc3ccc4oc(-c5ccc(CO[C@H]6CN7CCC6CC7)cc5)nc4c3)nc2c1,7.384588,N#Cc1ccc2oc([C@@H](Cc3ccccc3)NC(=O)c3ccc4oc(-c5ccc(CO[C@H]6CN7CCC6CC7)cc5)nc4c3)nc2c1,7.436537
C[C@H](NCc1cccc(CNC2(C(=O)O)CCC2)c1)C(=O)Nc1ccccn1,4.619504,C[C@H](NCc1cccc(C(=O)NC2(C(=O)O)CCC2)c1)C(=O)Nc1ccccn1,5.302101
OB(O)c1cccc(-c2nc3cc(CNCc4ccccc4)ccc3[nH]2)c1,4.973959,O=C(NCc1ccccc1)c1ccc2[nH]c(-c3cccc(B(O)O)c3)nc2c1,5.224391
O=C(NCc1cn(Cc2ccc(-c3nnn(CC4CC4)n3)cc2)c2ccccc12)C1CN(CC2CCN2)C1,7.637362,O=C(NCc1cn(Cc2ccc(-c3nnn(CC4CC4)n3)cc2)c2ccccc12)C1CN(C(=O)C2CCN2)C1,8.092788
c1ccc(NCC2CNC2)c(CNc2ccc(-c3cn(CC4CC4)nn3)cc2)c1,7.987791,O=C(Nc1ccc(-c2cn(CC3CC3)nn2)cc1)c1ccccc1NCC1CNC1,7.886254
Cc1cc(Br)cnc1NC[C@H]1CCCN1,3.297675,Cc1cc(Br)cnc1NC(=O)[C@H]1CCCN1,4.367629
c1cc(NCC2CCN2CC2CCN2)cc(-c2ccc3nc([C@@H]4Cc5ccccc5CN4)oc3c2)c1,7.699839,O=C(C1CCN1)N(CC1CCN1)c1cccc(-c2ccc3nc([C@@H]4Cc5ccccc5CN4)oc3c2)c1,7.611691
OB(O)c1cccc(NCc2cccc(F)n2)c1,3.203321,O=C(Nc1cccc(B(O)O)c1)c1cccc(F)n1,3.423074
c1ccc2c(c1)CN[C@H](CN(Cc1ccc3nc(-c4ccc(-c5nnn(CC6CC6)n5)nc4)oc3c1)c1ccnc3ccccc13)C2,7.959622,O=C([C@@H]1Cc2ccccc2CN1)N(Cc1ccc2nc(-c3ccc(-c4nnn(CC5CC5)n4)nc3)oc2c1)c1ccnc2ccccc12,7.963188
O=C(NC12CC(C1)C2)c1ccc2nc(-c3cccc(-c4c[nH]nc4NCC4CCN4)c3)oc2c1,7.664462,O=C(NC12CC(C1)C2)c1ccc2nc(-c3cccc(-c4c[nH]nc4NC(=O)C4CCN4)c3)oc2c1,7.444073
c1cc(CN2CC(CNCCc3cn(CC4CC4)c4ccccc34)C2)c2nc(C3CNC3)oc2c1,7.788937,O=C(c1cccc2oc(C3CNC3)nc12)N(CCc1cn(CC2CC2)c2ccccc12)CC1CNC1,7.523422
O=C(NC1CC1)c1ccccc1Cn1cc(CNCc2ccc(-c3nnn(CC4CC4)n3)nc2)c2ccccc21,8.003176,O=C(NCc1cn(Cc2ccccc2C(=O)NC2CC2)c2ccccc12)c1ccc(-c2nnn(CC3CC3)n2)nc1,8.155334
c1ccc(CCNc2nc(NCc3cccc4oc(-c5ccc(CO[C@H]6CN7CCC6CC7)cc5)nc34)c3nc[nH]c3n2)cc1,7.583269,O=C(Nc1nc(NCCc2ccccc2)nc2[nH]cnc12)c1cccc2oc(-c3ccc(CO[C@H]4CN5CCC4CC5)cc3)nc12,7.703606
ClCc1ccccc1CNCCc1c[nH]c2ccccc12,4.384948,O=C(NCCc1c[nH]c2ccccc12)c1ccccc1CCl,4.481857
OB(O)c1ccc(-c2nc3ccc(CNC45CC(C4)C5)cc3[nH]2)cc1,5.5449,O=C(NC12CC(C1)C2)c1ccc2nc(-c3ccc(B(O)O)cc3)[nH]c2c1,5.424427
O=Cc1ccc(CNCCc2c[nH]c3ccccc23)cc1,4.381414,O=Cc1ccc(C(=O)NCCc2c[nH]c3ccccc23)cc1,4.73465
O=C(NC1CC1)c1ccc(COCC2CN(Cc3ccc(CO[C@H]4CN5CCC4CC5)cc3)C2)cc1,7.851813,O=C(NC1CC1)c1ccc(COCC2CN(C(=O)c3ccc(CO[C@H]4CN5CCC4CC5)cc3)C2)cc1,7.95577
O=C(NC1CC1)c1ccc2nc(-c3cccc(CNc4cccc(B(O)O)c4)c3)oc2c1,6.219741,O=C(Nc1cccc(B(O)O)c1)c1cccc(-c2nc3ccc(C(=O)NC4CC4)cc3o2)c1,6.280678
O=C(NC1CC1)c1ccc2oc(-c3cccc(CNc4cc(N5CCC[C@@H]5C(=O)O)n[nH]4)c3)nc2c1,7.038395,O=C(Nc1cc(N2CCC[C@@H]2C(=O)O)n[nH]1)c1cccc(-c2nc3cc(C(=O)NC4CC4)ccc3o2)c1,7.13295
c1ccc2c(c1)c(CN(Cc1ccc3oc(C4CNC4)nc3c1)CC1CCN1)cn2CC1CC1,7.527731,O=C(C1CCN1)N(Cc1ccc2oc(C3CNC3)nc2c1)Cc1cn(CC2CC2)c2ccccc12,7.825992
Nc1ccc(CNC23CC(C2)C3)cc1O,4.348629,Nc1ccc(C(=O)NC23CC(C2)C3)cc1O,4.457636
O=Cc1ccnc(-c2cccc(CN3CCC3C(=O)O)c2)c1,4.588078,O=Cc1ccnc(-c2cccc(C(=O)N3CCC3C(=O)O)c2)c1,4.758685
OB(O)c1cccc(NCc2ccccc2CCl)c1,3.13422,O=C(Nc1cccc(B(O)O)c1)c1ccccc1CCl,3.365429
O=Cc1ccc(CN2Cc3ccccc3C[C@H]2C(=O)O)cc1,4.377723,O=Cc1ccc(C(=O)N2Cc3ccccc3C[C@H]2C(=O)O)cc1,4.630914
N#Cc1ccc(CNC23CC(C2)C3)cn1,5.320318,N#Cc1ccc(C(=O)NC23CC(C2)C3)cn1,5.126899
Fc1cc(-c2cccc(CNc3cc(-c4ccc5c(ccn5CC5CC5)c4)n[nH]3)c2)ccn1,7.508855,O=C(Nc1cc(-c2ccc3c(ccn3CC3CC3)c2)n[nH]1)c1cccc(-c2ccnc(F)c2)c1,7.616028
c1cncc(CNc2ccc(-c3cccc(NCc4ccc(-c5nnn(CC6CC6)n5)nc4)c3)cc2)c1,7.815779,O=C(Nc1cccc(-c2ccc(NCc3cccnc3)cc2)c1)c1ccc(-c2nnn(CC3CC3)n2)nc1,7.582649
O=C(Nc1ccc(-c2cc(NCc3ccc4nc(C5CNC5)[nH]c4c3)[nH]n2)cc1)C1CCNCC1,7.888289,O=C(Nc1cc(-c2ccc(NC(=O)C3CCNCC3)cc2)n[nH]1)c1ccc2nc(C3CNC3)[nH]c2c1,7.189615
COc1ccccc1CNC[C@H](Cc1c[nH]c2ccccc12)NC(=O)c1cccc(C=O)c1,5.047325,COc1ccccc1CNC(=O)[C@H](Cc1c[nH]c2ccccc12)NC(=O)c1cccc(C=O)c1,5.138215
C#CCNCc1ccc2nc(-c3ccc4oc(-c5ccncc5F)nc4c3)oc2c1,6.192411,C#CCNC(=O)c1ccc2nc(-c3ccc4oc(-c5ccncc5F)nc4c3)oc2c1,5.853054
O=C(Nc1ccc(-c2cc(NCc3ccc4oc(C5CNC5)nc4c3)[nH]n2)cc1)C1CCN1,7.988384,O=C(Nc1cc(-c2ccc(NC(=O)C3CCN3)cc2)n[nH]1)c1ccc2oc(C3CNC3)nc2c1,3.959274
c1cc(NCc2ccc3[nH]c(C4CNC4)nc3c2)cc(-c2ccccc2CCNC[C@@H]2Cc3ccccc3CN2)c1,7.885952,O=C(NCCc1ccccc1-c1cccc(NCc2ccc3[nH]c(C4CNC4)nc3c2)c1)[C@@H]1Cc2ccccc2CN1,7.953067
C[C@@H](NC(=O)[C@@H]1CCCNC1)C(=O)Nc1ccc(-c2ccc(NCc3ccc(CCl)cc3)cc2)cc1,6.952218,C[C@@H](NC(=O)[C@@H]1CCCNC1)C(=O)Nc1ccc(-c2ccc(NC(=O)c3ccc(CCl)cc3)cc2)cc1,7.057338
O=C(Nc1ccc(B(O)O)cc1)N1CCC1CNc1cccc2cc[nH]c12,4.813547,O=C(Nc1cccc2cc[nH]c12)C1CCN1C(=O)Nc1ccc(B(O)O)cc1,4.990191
CC(C)[C@@H](NCc1ccc(CNC2(C(=O)O)CCC2)cc1)C(=O)O,3.827353,CC(C)[C@@H](NC(=O)C1(NCc2ccc(C(=O)O)cc2)CCC1)C(=O)O,4.137571
O=C(NCc1cn(CC2CC2)nn1)[C@@H]1CCCN(Cc2ccc3nc(C4CNC4)oc3c2)C1,7.925519,O=C(NCc1cn(CC2CC2)nn1)[C@@H]1CCCN(C(=O)c2ccc3nc(C4CNC4)oc3c2)C1,7.764102
N#Cc1cccc(-c2ccc(NCc3ccc(CNCc4cn(CC5CC5)c5ccccc45)cc3)cc2)c1,7.479884,N#Cc1cccc(-c2ccc(NCc3ccc(C(=O)NCc4cn(CC5CC5)c5ccccc45)cc3)cc2)c1,7.714321
O=C(Nc1ccc(-c2ccc3oc(C4CN(C[C@@H]5Cc6ccccc6CN5)C4)nc3c2)cc1)C1CNC1,7.634594,O=C(Nc1ccc(-c2ccc3oc(C4CN(C(=O)[C@@H]5Cc6ccccc6CN5)C4)nc3c2)cc1)C1CNC1,6.786043
O=C(Nc1cccc2cc[nH]c12)N1CC(CN(c2ccc(NC[C@@H]3Cc4ccccc4CN3)cc2)C23CC(C2)C3)C1,7.023827,O=C(Nc1ccc(N(CC2CN(C(=O)Nc3cccc4cc[nH]c34)C2)C23CC(C2)C3)cc1)[C@@H]1Cc2ccccc2CN1,6.646703
O=C(N[C@H](c1ccccc1)c1nc2ccc(-c3cccc(NC[C@H]4CCCNC4)c3)cc2o1)C1CNC1,7.00092,O=C(N[C@H](c1ccccc1)c1nc2ccc(-c3cccc(NC(=O)[C@H]4CCCNC4)c3)cc2o1)C1CNC1,7.293394
C[C@@H](NCc1ccccc1N)c1ccccc1,3.906758,C[C@@H](NC(=O)c1ccccc1N)c1ccccc1,4.383982
Cc1cc(-c2ccc(C=O)cc2)cnc1NCC1CNC1,6.071122,Cc1cc(-c2ccc(C=O)cc2)cnc1NC(=O)C1CNC1,6.353888
O=C(NC1CC1)c1ccc(CN(Cc2cn(CC3CC3)c3ccccc23)CC2CNC2)cc1,7.666743,O=C(NC1CC1)c1ccc(CN(Cc2cn(CC3CC3)c3ccccc23)C(=O)C2CNC2)cc1,7.96524
O=C(NCc1ccccc1)c1ccc(-c2nc3cc(-c4cccc(CNC56CC(C5)C6)c4)ccc3o2)cc1,7.48424,O=C(NCc1ccccc1)c1ccc(-c2nc3cc(-c4cccc(C(=O)NC56CC(C5)C6)c4)ccc3o2)cc1,7.593112
O=C(Nc1cc(-c2cccc(CN3CCC[C@H]3C(=O)NCc3ccccc3)c2)n[nH]1)C1CNC1,7.888803,O=C(Nc1cc(-c2cccc(C(=O)N3CCC[C@H]3C(=O)NCc3ccccc3)c2)n[nH]1)C1CNC1,7.418457
O=C(O)[C@H]1CCCN1Cc1cccc(CNC23CC(C2)C3)c1,5.034334,O=C(O)[C@H]1CCCN1C(=O)c1cccc(CNC23CC(C2)C3)c1,4.780162
O=Cc1cccc(CNc2cc(-c3ccc(CNC45CC(C4)C5)cc3)n[nH]2)c1,6.721919,O=Cc1cccc(C(=O)Nc2cc(-c3ccc(CNC45CC(C4)C5)cc3)n[nH]2)c1,7.210476
c1ccc(NCc2cccc(-c3nc4cc(-c5nnn(CC6CC6)n5)ccc4o3)c2)nc1,7.77848,O=C(Nc1ccccn1)c1cccc(-c2nc3cc(-c4nnn(CC5CC5)n4)ccc3o2)c1,7.746711
C[C@@H](c1ccccc1)N(C[C@@H]1Cc2ccccc2CN1)c1ccc(CNc2cccc(-c3cnc4cccnn34)c2)cc1,7.01602,C[C@@H](c1ccccc1)N(C(=O)[C@@H]1Cc2ccccc2CN1)c1ccc(CNc2cccc(-c3cnc4cccnn34)c2)cc1,7.091853
O=Cc1cccc(-c2nc(-c3cccc(NCc4ccc(-c5nnn(CC6CC6)n5)nc4)c3)cs2)c1,7.460678,O=Cc1cccc(-c2nc(-c3cccc(NC(=O)c4ccc(-c5nnn(CC6CC6)n5)nc4)c3)cs2)c1,7.152507
O=C(NC1CC1)c1ccccc1CNc1cccc(-c2cc(NCC3CNC3)[nH]n2)c1,7.759712,O=C(NC1CC1)c1ccccc1CNc1cccc(-c2cc(NC(=O)C3CNC3)[nH]n2)c1,7.947941
N#Cc1ccc(CNc2cc(F)ccc2O)cn1,3.919369,N#Cc1ccc(C(=O)Nc2cc(F)ccc2O)cn1,3.940554
O=C(NCc1cn(CC2CC2)c2ccccc12)c1ccc(CN(C[C@@H]2Cc3ccccc3CN2)C23CC(C2)C3)cc1,7.73811,O=C(NCc1cn(CC2CC2)c2ccccc12)c1ccc(CN(C(=O)[C@@H]2Cc3ccccc3CN2)C23CC(C2)C3)cc1,7.773819
C[C@H](NC(=O)c1cccc(-c2ccc(N(CC3CNC3)C[C@@H]3Cc4ccccc4CN3)cc2)c1)c1ccccc1,7.45692,C[C@H](NC(=O)c1cccc(-c2ccc(N(CC3CNC3)C(=O)[C@@H]3Cc4ccccc4CN3)cc2)c1)c1ccccc1,7.329665
O=C(O)[C@@H](NC(=O)[C@@H](Cc1ccccc1)NCc1ccc(-c2nnn(CC3CC3)n2)nc1)c1ccccc1,6.372962,O=C(N[C@H](Cc1ccccc1)C(=O)N[C@H](C(=O)O)c1ccccc1)c1ccc(-c2nnn(CC3CC3)n2)nc1,6.501151
NC1(CNc2cccc3cc[nH]c23)CCC1,2.716871,NC1(C(=O)Nc2cccc3cc[nH]c23)CCC1,3.548424
O=C(O)c1cccc(-c2nc3ccc(CN4CCC(C(=O)O)CC4)cc3o2)c1,5.103148,O=C(O)c1ccc2nc(-c3cccc(C(=O)N4CCC(C(=O)O)CC4)c3)oc2c1,5.077143
O=C(O)C1CN(c2ccc(NCc3ccc(COCC4CNC4)cc3)cc2)C1,6.519838,O=C(Nc1ccc(N2CC(C(=O)O)C2)cc1)c1ccc(COCC2CNC2)cc1,6.970005
O=C=Nc1ccc(-c2ccc(NCc3cccc(-c4cncc(-c5nnn(CC6CC6)n5)c4)c3)cc2)cc1,7.29579,O=C=Nc1ccc(-c2ccc(NC(=O)c3cccc(-c4cncc(-c5nnn(CC6CC6)n5)c4)c3)cc2)cc1,6.08893
O=C(Nc1cccc(-c2c[nH]cn2)c1)C1CCN(Cc2cccc3oc(C4CNC4)nc23)CC1,7.56871,O=C(Nc1cccc(-c2c[nH]cn2)c1)C1CCN(C(=O)c2cccc3oc(C4CNC4)nc23)CC1,7.375078
C1NCC1CNC1CC1,2.191151,O=C(NC1CC1)C1CNC1,5.028451
Nc1ccc(CN2CCC[C@H](C(=O)O)C2)cc1O,3.251097,Nc1ccc(C(=O)N2CCC[C@H](C(=O)O)C2)cc1O,3.710175
c1cc(Nc2cccc(CNC34CC(C3)C4)n2)cc(-c2cc(CNC34CC(C3)C4)ccn2)c1,7.407469,O=C(NC12CC(C1)C2)c1cccc(Nc2cccc(-c3cc(CNC45CC(C4)C5)ccn3)c2)n1,7.469852
O=C(O)[C@@H](NCc1ccc2nc(C3CNC3)oc2c1)c1ccccc1,6.290819,O=C(N[C@H](C(=O)O)c1ccccc1)c1ccc2nc(C3CNC3)oc2c1,6.459046
C[C@@H](c1ccccc1)N(Cc1ccc2[nH]c(C3CNC3)nc2c1)Cc1ccc2nc(-c3ccc(CCl)cc3)oc2c1,7.064423,C[C@@H](c1ccccc1)N(Cc1ccc2nc(-c3ccc(CCl)cc3)oc2c1)C(=O)c1ccc2[nH]c(C3CNC3)nc2c1,7.152315
O=Cc1ccc(-c2nc3ccc(C(=O)N4CC(c5nc6ccc(CNC78CC(C7)C8)cc6o5)C4)cc3o2)cc1,7.421661,O=Cc1ccc(-c2nc3ccc(C(=O)N4CC(c5nc6ccc(C(=O)NC78CC(C7)C8)cc6o5)C4)cc3o2)cc1,6.885875
Nc1ccc(-c2ccc(NC(=O)C3CCN3Cc3ccc4nc([C@@H]5CCCN5)oc4c3)cc2)cc1,7.398626,Nc1ccc(-c2ccc(NC(=O)C3CCN3C(=O)c3ccc4nc([C@@H]5CCCN5)oc4c3)cc2)cc1,7.168542
c1ccc2c(c1)CN[C@H](c1nc3ccc(CNc4ccc(-c5ccc(NCC6CCN6)cc5)cc4)cc3o1)C2,7.940753,O=C(Nc1ccc(-c2ccc(NCc3ccc4nc([C@@H]5Cc6ccccc6CN5)oc4c3)cc2)cc1)C1CCN1,7.869221
O=C(O)[C@@H]1CCCN1CC1CNC1,3.124078,O=C(O)C1CN(C(=O)[C@@H]2CCCN2)C1,3.884554
Nc1cccc(-c2ccc(NCc3ccc4nc(C5CNC5)oc4c3)c(N)c2)c1,7.270363,Nc1ccc(-c2cccc(NC(=O)c3ccc4nc(C5CNC5)oc4c3)c2)cc1N,7.374037
O=C(NCc1c[nH]c2ccccc12)C1CCN(C(=O)c2ccc3oc(-c4ccc(CNC56CC(C5)C6)cc4)nc3c2)CC1,7.713595,O=C(NC12CC(C1)C2)c1ccc(-c2nc3cc(C(=O)N4CCC(C(=O)NCc5c[nH]c6ccccc56)CC4)ccc3o2)cc1,7.564644
O=C1CN(C(=O)c2ccccc2NCc2ccc3nc(C4CNC4)oc3c2)C1,6.743688,O=C1CN(C(=O)c2ccccc2NC(=O)c2ccc3nc(C4CNC4)oc3c2)C1,6.880241
ClCc1ccccc1CNCCc1ccncc1,4.032564,O=C(NCCc1ccncc1)c1ccccc1CCl,3.93667
c1cc(NCC2CN(Cc3cccc4oc(-c5ccc(CO[C@H]6CN7CCC6CC7)cc5)nc34)C2)c2[nH]ccc2c1,7.638423,O=C(c1cccc2oc(-c3ccc(CO[C@H]4CN5CCC4CC5)cc3)nc12)N(CC1CNC1)c1cccc2cc[nH]c12,7.613643
O=Cc1ccc(-c2ccc(NCc3ccc(-c4nnn(CC5CC5)n4)nc3)cc2)cc1,7.427939,O=Cc1ccc(-c2ccc(NC(=O)c3ccc(-c4nnn(CC5CC5)n4)nc3)cc2)cc1,7.008667
c1cncc(-c2ccccc2CCNCC2CCN2Cc2ccc3[nH]c(C4CNC4)nc3c2)c1,7.36827,O=C(c1ccc2[nH]c(C3CNC3)nc2c1)N(CCc1ccccc1-c1cccnc1)CC1CCN1,7.41171
O=C(c1ccc2oc(C3CN(CC4CCN4)C3)nc2c1)N1CCNCC1,6.056903,O=C(c1ccc2oc(C3CN(C(=O)C4CCN4)C3)nc2c1)N1CCNCC1,6.242358
O=C(O)c1ccc(-c2nc3ccc(CNc4ccc(-c5ccc6[nH]ccc6c5)cc4)cc3o2)cc1,6.587718,O=C(O)c1ccc(-c2nc3ccc(C(=O)Nc4ccc(-c5ccc6[nH]ccc6c5)cc4)cc3o2)cc1,6.485349
c1ccc(-c2nnn(CC3CC3)n2)c(Cn2ccc3cccc(NCc4ccc(-c5nnn(CC6CC6)n5)nc4)c32)c1,7.973467,O=C(Nc1cccc2ccn(Cc3ccccc3-c3nnn(CC4CC4)n3)c12)c1ccc(-c2nnn(CC3CC3)n2)nc1,8.050149
Brc1cc(NC[C@@H]2Cc3ccccc3CN2)[nH]n1,5.470264,O=C(Nc1cc(Br)n[nH]1)[C@@H]1Cc2ccccc2CN1,5.680433
NC1(c2nc3ccc(CNc4ccc(NCc5c[nH]c6ccccc56)cc4)cc3o2)CCC1,6.011401,NC1(c2nc3ccc(C(=O)Nc4ccc(NCc5c[nH]c6ccccc56)cc4)cc3o2)CCC1,6.25337
OB(O)c1cccc(-c2nc3cc(CNC45CC(C4)C5)ccc3o2)c1,5.39431,O=C(NC12CC(C1)C2)c1ccc2oc(-c3cccc(B(O)O)c3)nc2c1,5.314361
C[C@@H](N)c1nc2ccc(-c3ccc(NCc4ccc(C#N)nc4)cc3)cc2o1,5.537561,C[C@@H](N)c1nc2ccc(-c3ccc(NC(=O)c4ccc(C#N)nc4)cc3)cc2o1,5.752924
Fc1cccc(CNc2ccccn2)n1,3.958996,O=C(Nc1ccccn1)c1cccc(F)n1,4.516462
O=C(Nc1cccc(-c2ccc(NCC3CCN3)cc2)c1)c1ccc(CNCc2ccccc2)cc1,7.819212,O=C(Nc1cccc(-c2ccc(NC(=O)C3CCN3)cc2)c1)c1ccc(CNCc2ccccc2)cc1,7.685139
C#Cc1ncccc1NCc1ccc(COCC2CNC2)cc1,6.771129,C#Cc1ncccc1NC(=O)c1ccc(COCC2CNC2)cc1,7.254344
c1cc(NCc2ccc(COCC3CNC3)cc2)cc(-c2ccc(NC[C@@H]3Cc4ccccc4CN3)cc2)c1,7.910096,O=C(Nc1ccc(-c2cccc(NCc3ccc(COCC4CNC4)cc3)c2)cc1)[C@@H]1Cc2ccccc2CN1,7.881222
Brc1ccc2[nH]cc(-c3nc4ccc(CNC56CC(C5)C6)cc4o3)c2c1,6.435787,O=C(NC12CC(C1)C2)c1ccc2nc(-c3c[nH]c4ccc(Br)cc34)oc2c1,6.40694
O=C(O)[C@H]1CCCN1Cc1cccc(F)n1,3.112748,O=C(O)[C@H]1CCCN1C(=O)c1cccc(F)n1,3.418152
O=Cc1ccnc(-c2cccc(NCc3cccc4oc(C5CNC5)nc34)c2)c1,7.074667,O=Cc1ccnc(-c2cccc(NC(=O)c3cccc4oc(C5CNC5)nc34)c2)c1,7.082809
C[C@@H](NCc1ccc2nc(-c3ccc(CCl)cc3)oc2c1)c1ccccc1,5.849568,C[C@@H](NC(=O)c1ccc2nc(-c3ccc(CCl)cc3)oc2c1)c1ccccc1,6.109694
O=C(NCc1c[nH]c2ccccc12)C1CCN(Cc2ccc3nc(-c4ccc(-c5nnn(CC6CC6)n5)nc4)oc3c2)CC1,8.046837,O=C(NCc1c[nH]c2ccccc12)C1CCN(C(=O)c2ccc3nc(-c4ccc(-c5nnn(CC6CC6)n5)nc4)oc3c2)CC1,7.767763
O=C(NC1CC1)c1ccc2nc(-c3ccc(CNCCc4c[nH]c5ccccc45)cc3)oc2c1,7.644186,O=C(NCCc1c[nH]c2ccccc12)c1ccc(-c2nc3ccc(C(=O)NC4CC4)cc3o2)cc1,7.585795
OB(O)c1cccc(CNc2ccnc3ccccc23)c1,3.703297,O=C(Nc1ccnc2ccccc12)c1cccc(B(O)O)c1,3.83442
FC(F)(F)c1ccc(CNC[C@@H]2Cc3ccccc3CN2C[C@@H]2Cc3ccccc3CN2)cc1,6.462222,O=C([C@@H]1Cc2ccccc2CN1)N(Cc1ccc(C(F)(F)F)cc1)C[C@@H]1Cc2ccccc2CN1,6.644199
O=Cc1cccc(Nc2cc(-c3cccc(NCC4CCN4)c3)n[nH]2)c1,6.584335,O=Cc1cccc(Nc2cc(-c3cccc(NC(=O)C4CCN4)c3)n[nH]2)c1,6.891268
O=C=Nc1ccc(Nc2ccc(-c3c[nH]nc3NCc3ccc(C=O)cc3)cc2)cc1,5.204915,O=C=Nc1ccc(Nc2ccc(-c3c[nH]nc3NC(=O)c3ccc(C=O)cc3)cc2)cc1,5.363081
O=C(NCc1ccccc1)c1ccccc1COCC1CN(CC2CCN2)C1,6.029567,O=C(NCc1ccccc1)c1ccccc1COCC1CN(C(=O)C2CCN2)C1,7.076363
O=C(Nc1cc(-c2cccc(-c3nnnn3Cc3ccccc3CNCc3ccccc3)c2)n[nH]1)C1CNC1,7.840546,O=C(NCc1ccccc1)c1ccccc1Cn1nnnc1-c1cccc(-c2cc(NC(=O)C3CNC3)[nH]n2)c1,8.01856
c1ccc2c(c1)c(CNc1ccc(NCc3ccc4nc([C@@H]5CCCN5)oc4c3)cc1)cn2CC1CC1,8.09953,O=C(Nc1ccc(NCc2cn(CC3CC3)c3ccccc23)cc1)c1ccc2nc([C@@H]3CCCN3)oc2c1,8.222101
Nc1cccc(-c2ccc3oc(C4(NCC5CNC5)CCC4)nc3c2)c1,6.099014,NC1(c2nc3cc(-c4cccc(NC(=O)C5CNC5)c4)ccc3o2)CCC1,6.941786
O=Cc1cccc(CNCC(=O)O)c1,2.668361,O=Cc1cccc(C(=O)NCC(=O)O)c1,3.021063
OB(O)c1ccc(NCc2ccc3nc(C4CNC4)[nH]c3c2)cc1,5.604686,O=C(Nc1ccc(B(O)O)cc1)c1ccc2nc(C3CNC3)[nH]c2c1,5.783898
C#CCNCc1ccc(CN2CCC(C(=O)O)CC2)cc1,4.533785,C#CCN(Cc1ccc(C(=O)O)cc1)C(=O)C1CCNCC1,4.652807
c1ccc2c(CCNC3CN(Cc4ccc5nc(-c6ccc(-c7nnn(CC8CC8)n7)nc6)oc5c4)C3)c[nH]c2c1,7.863157,O=C(c1ccc2nc(-c3ccc(-c4nnn(CC5CC5)n4)nc3)oc2c1)N(CCc1c[nH]c2ccccc12)C1CNC1,7.806048
O=C(Nc1cc(NC[C@@H]2Cc3ccccc3CN2)n[nH]1)c1ccc2[nH]c(C3CCN3)nc2c1,7.797963,O=C(Nc1cc(NC(=O)[C@@H]2Cc3ccccc3CN2)n[nH]1)c1ccc2[nH]c(C3CCN3)nc2c1,7.358148
O=Cc1ccnc(-c2cccc(C(=O)Nc3ccc(CNc4ccccn4)cc3O)c2)c1,5.999132,O=Cc1ccnc(-c2cccc(C(=O)Nc3ccc(C(=O)Nc4ccccn4)cc3O)c2)c1,6.087713
C#CCNCc1ccc(CNc2ccc(Br)cc2)cc1,5.216571,C#CCNCc1ccc(C(=O)Nc2ccc(Br)cc2)cc1,5.155901
Cc1cc(N2CCC[C@H]2C(=O)O)cnc1NCc1ccc2nc(-c3ccc(-c4nnn(CC5CC5)n4)nc3)oc2c1,7.180269,Cc1cc(N2CCC[C@H]2C(=O)O)cnc1NC(=O)c1ccc2nc(-c3ccc(-c4nnn(CC5CC5)n4)nc3)oc2c1,6.861936
O=C(Nc1ccccc1CNC1CC1)C1CCNCC1,4.654184,O=C(NC1CC1)c1ccccc1NC(=O)C1CCNCC1,6.938619
O=C(NCc1c[nH]c2ccccc12)c1ccc(CN(CCc2ccncc2)C[C@@H]2Cc3ccccc3CN2)cc1,6.713499,O=C(NCc1c[nH]c2ccccc12)c1ccc(CN(CCc2ccncc2)C(=O)[C@@H]2Cc3ccccc3CN2)cc1,6.83961
c1ccc(CNc2ccc(NCc3cccc(-c4nc5cc(-c6nnn(CC7CC7)n6)ccc5o4)c3)cc2)cc1,7.882854,O=C(Nc1ccc(NCc2ccccc2)cc1)c1cccc(-c2nc3cc(-c4nnn(CC5CC5)n4)ccc3o2)c1,7.854426
Oc1ccc(Br)cc1NC[C@@H]1Cc2ccccc2CN1,5.318602,O=C(Nc1cc(Br)ccc1O)[C@@H]1Cc2ccccc2CN1,5.318596
O=C(O)[C@H](Cc1c[nH]c2ccccc12)NCc1ccc(COC[C@@H]2CCCN2)cc1,4.260505,O=C(N[C@@H](Cc1c[nH]c2ccccc12)C(=O)O)c1ccc(COC[C@@H]2CCCN2)cc1,4.457639
O=C(O)[C@@H]1CCCN1c1cc(-c2cccc(NCc3ccc(-c4nnn(CC5CC5)n4)nc3)c2)ccn1,7.296525,O=C(Nc1cccc(-c2ccnc(N3CCC[C@H]3C(=O)O)c2)c1)c1ccc(-c2nnn(CC3CC3)n2)nc1,7.065197
O=Cc1cccc(C(=O)N2CCC(CNC34CC(C3)C4)CC2)c1,6.014225,O=Cc1cccc(C(=O)N2CCC(C(=O)NC34CC(C3)C4)CC2)c1,6.507288
O=C(O)c1cccc2oc(C3CCN(Cc4ccc5oc(-c6ccc(CO[C@H]7CN8CCC7CC8)cc6)nc5c4)CC3)nc12,7.5626,O=C(O)c1cccc2oc(C3CCN(C(=O)c4ccc5oc(-c6ccc(CO[C@H]7CN8CCC7CC8)cc6)nc5c4)CC3)nc12,7.717117
c1cncc(-c2ccc(N(Cc3ccc4oc([C@H]5CCCN5)nc4c3)C[C@@H]3Cc4ccccc4CN3)cc2)c1,7.543145,O=C([C@@H]1Cc2ccccc2CN1)N(Cc1ccc2oc([C@H]3CCCN3)nc2c1)c1ccc(-c2cccnc2)cc1,7.26641
Nc1cc(CN2CCC(C(=O)O)CC2)ccc1NC(=O)[C@H]1CCCN1,5.196292,Nc1cc(C(=O)N2CCC(C(=O)O)CC2)ccc1NC(=O)[C@H]1CCCN1,5.089342
Fc1ccc(CNc2cccc(-c3cc(NCC4CCN4CC4CNC4)[nH]n3)c2)cc1,7.386389,O=C(C1CNC1)N(CC1CCN1)c1cc(-c2cccc(NCc3ccc(F)cc3)c2)n[nH]1,7.342909
O=C(NCc1c[nH]c2ccccc12)c1cccc(-c2cc(NC(=O)[C@H]3CCCN(C[C@@H]4Cc5ccccc5CN4)C3)[nH]n2)c1,7.9669,O=C(NCc1c[nH]c2ccccc12)c1cccc(-c2cc(NC(=O)[C@H]3CCCN(C(=O)[C@@H]4Cc5ccccc5CN4)C3)[nH]n2)c1,7.975491
C[C@@H](CNc1ccnc2ccccc12)NCc1ccc(-c2nc3ccc(Br)cc3o2)cc1,4.96537,C[C@H](NCc1ccc(-c2nc3ccc(Br)cc3o2)cc1)C(=O)Nc1ccnc2ccccc12,6.169099
c1cc(NCC2CNC2)c2[nH]ccc2c1,4.774599,O=C(Nc1cccc2cc[nH]c12)C1CNC1,6.785998
O=C(Nc1cccc2ccn(CC3CC3)c12)[C@@H]1CCCN(C[C@@H]2Cc3ccccc3CN2C(=O)[C@@H]2Cc3ccccc3CN2)C1,7.418499,O=C(Nc1cccc2ccn(CC3CC3)c12)[C@@H]1CCCN(C(=O)[C@@H]2Cc3ccccc3CN2C(=O)[C@@H]2Cc3ccccc3CN2)C1,7.530375
Fc1cccc(-c2nc3ccc(CNc4cc(-c5cccc(-c6nnn(CC7CC7)n6)c5)n[nH]4)cc3[nH]2)n1,7.695143,O=C(Nc1cc(-c2cccc(-c3nnn(CC4CC4)n3)c2)n[nH]1)c1ccc2nc(-c3cccc(F)n3)[nH]c2c1,7.690363
O=C(Nc1cc(CNc2cccc(B(O)O)c2)ccc1O)[C@H]1CCCN1,4.648917,O=C(Nc1cccc(B(O)O)c1)c1ccc(O)c(NC(=O)[C@H]2CCCN2)c1,5.034093
c1cc(NCc2ccc(CNC34CC(C3)C4)cc2)c2[nH]ccc2c1,6.683427,O=C(Nc1cccc2cc[nH]c12)c1ccc(CNC23CC(C2)C3)cc1,6.875032
O=C(C1CNC1)N1CCC[C@H](c2nc3ccc(CNc4cccc5cc[nH]c45)cc3o2)C1,7.584671,O=C(Nc1cccc2cc[nH]c12)c1ccc2nc([C@H]3CCCN(C(=O)C4CNC4)C3)oc2c1,7.501203
O=C(O)c1ccc2oc(CNCc3ccc4[nH]c(C5CCNCC5)nc4c3)nc2c1,6.20906,O=C(O)c1ccc2oc(CNC(=O)c3ccc4[nH]c(C5CCNCC5)nc4c3)nc2c1,6.805273
O=C(O)C1CCN(c2ccccc2CCNCc2ccc3nc(C4CNC4)oc3c2)CC1,6.178877,O=C(NCCc1ccccc1N1CCC(C(=O)O)CC1)c1ccc2nc(C3CNC3)oc2c1,6.481935
N#Cc1ccccc1Cn1ccc2cccc(NCc3ccc(-c4nnn(CC5CC5)n4)nc3)c21,7.004807,N#Cc1ccccc1Cn1ccc2cccc(NC(=O)c3ccc(-c4nnn(CC5CC5)n4)nc3)c21,7.25573
c1ccc(CCNCc2cccc(-c3ccc(NCc4ccc5nc(C6CNC6)oc5c4)cc3)c2)cc1,7.784896,O=C(Nc1ccc(-c2cccc(CNCCc3ccccc3)c2)cc1)c1ccc2nc(C3CNC3)oc2c1,7.555538
O=C(O)[C@H](NCC1CCN1)c1ccccc1,4.38396,O=C(N[C@@H](C(=O)O)c1ccccc1)C1CCN1,4.985383
Nc1ccc(CN2CCC2C(=O)O)cc1O,3.139718,Nc1ccc(C(=O)N2CCC2C(=O)O)cc1O,3.585261
O=C(c1ccccc1NCc1ccc2nc(C3CNC3)oc2c1)N1CCNCC1,6.876309,O=C(Nc1ccccc1C(=O)N1CCNCC1)c1ccc2nc(C3CNC3)oc2c1,6.90506
c1ccc(CN(C[C@@H]2Cc3ccccc3CN2)c2ccc(-c3cn(CC4CC4)cn3)cc2)nc1,7.69059,O=C([C@@H]1Cc2ccccc2CN1)N(Cc1ccccn1)c1ccc(-c2cn(CC3CC3)cn2)cc1,7.643467
Nc1c(O)cccc1CN1CC(=O)C1,3.146611,Nc1c(O)cccc1C(=O)N1CC(=O)C1,3.115676
Nc1ccc(-c2ccc3nc(-c4cccc(-c5ccc(NC[C@@H]6Cc7ccccc7CN6)cc5)c4)oc3c2)cc1,7.669082,Nc1ccc(-c2ccc3nc(-c4cccc(-c5ccc(NC(=O)[C@@H]6Cc7ccccc7CN6)cc5)c4)oc3c2)cc1,7.561675
Brc1ccc(NC[C@@H]2CCCN2)cc1,3.654253,O=C(Nc1ccc(Br)cc1)[C@@H]1CCCN1,5.241913
c1ccc(NC[C@@H]2Cc3ccccc3CN2Cc2ccc3nc(-c4ccc5nc([C@@H]6CCCN6)oc5c4)oc3c2)nc1,7.436574,O=C(c1ccc2nc(-c3ccc4nc([C@@H]5CCCN5)oc4c3)oc2c1)N(C[C@@H]1Cc2ccccc2CN1)c1ccccn1,7.551256
Cc1cc(Br)cnc1NCc1ccccc1N,3.455314,Cc1cc(Br)cnc1NC(=O)c1ccccc1N,3.500692
c1cc2nc(C3CNC3)oc2cc1CNc1ccc(NCC2CNC2)cc1,7.972377,O=C(Nc1ccc(NCc2ccc3nc(C4CNC4)oc3c2)cc1)C1CNC1,7.940174
c1ccc2c(c1)c(CNCc1ccc3oc([C@H]4CCCNC4)nc3c1)cn2CC1CC1,7.475982,O=C(NCc1cn(CC2CC2)c2ccccc12)c1ccc2oc([C@H]3CCCNC3)nc2c1,7.812664
O=C(NCCc1ccccc1)C1(NCc2ccc3nc(C4CNC4)oc3c2)CCC1,7.665869,O=C(NC1(C(=O)NCCc2ccccc2)CCC1)c1ccc2nc(C3CNC3)oc2c1,7.351428
N[C@H](CNc1ccncc1C=O)c1ccccc1,3.384018,N[C@H](C(=O)Nc1ccncc1C=O)c1ccccc1,4.463755
O=C(Nc1ccccn1)c1ccc(Cn2cc(CCNCc3ccc(CO[C@H]4CN5CCC4CC5)cc3)c3ccccc32)cc1,7.793012,O=C(NCCc1cn(Cc2ccc(C(=O)Nc3ccccn3)cc2)c2ccccc12)c1ccc(CO[C@H]2CN3CCC2CC3)cc1,7.738575
c1cncc(-c2cc(N(Cc3ccc4nc(C5CNC5)oc4c3)C3CCNCC3)[nH]n2)c1,7.184434,O=C(c1ccc2nc(C3CNC3)oc2c1)N(c1cc(-c2cccnc2)n[nH]1)C1CCNCC1,6.693206
O=C(NCc1ccccc1)c1cccc(-c2cc(NCC3CN(C[C@@H]4Cc5ccccc5CN4)C3)[nH]n2)c1,7.891094,O=C(NCc1ccccc1)c1cccc(-c2cc(N(CC3CNC3)C(=O)[C@@H]3Cc4ccccc4CN3)[nH]n2)c1,7.658355
Brc1cccc2nc([C@H](NCc3ccc4nc(-c5ccnc(NC67CC(C6)C7)c5)oc4c3)c3ccccc3)oc12,7.250887,O=C(N[C@H](c1ccccc1)c1nc2cccc(Br)c2o1)c1ccc2nc(-c3ccnc(NC45CC(C4)C5)c3)oc2c1,6.993116
O=C(O)[C@@H]1CCCN1Cc1ccc2oc(-c3ccc4nc([C@H]5CCCN5)[nH]c4c3)nc2c1,6.063589,O=C(O)[C@@H]1CCCN1C(=O)c1ccc2oc(-c3ccc4nc([C@H]5CCCN5)[nH]c4c3)nc2c1,6.109097
c1cc(CNC2CC2)cc(-c2cc(NCc3ccc4oc(C5CNC5)nc4c3)[nH]n2)c1,6.93338,O=C(Nc1cc(-c2cccc(CNC3CC3)c2)n[nH]1)c1ccc2oc(C3CNC3)nc2c1,6.985868
C[C@H](NC(=O)N1CCC(CNc2ccc(B(O)O)cc2)CC1)c1ccccc1,4.814886,C[C@H](NC(=O)N1CCC(C(=O)Nc2ccc(B(O)O)cc2)CC1)c1ccccc1,5.50507
c1cc(NCc2ccc3oc(C4CCN4)nc3c2)cc(-c2cc(NCC3CCN3)[nH]n2)c1,8.137908,O=C(Nc1cc(-c2cccc(NCc3ccc4oc(C5CCN5)nc4c3)c2)n[nH]1)C1CCN1,8.014659
c1cc(CO[C@H]2CN3CCC2CC3)ccc1CNc1ccc(-c2cc(NCC3CNC3)[nH]n2)cc1,8.007386,O=C(Nc1ccc(-c2cc(NCC3CNC3)[nH]n2)cc1)c1ccc(CO[C@H]2CN3CCC2CC3)cc1,7.843634
O=C(Nc1ccc(-c2cccc(NCC3CCN3)c2)cc1)C1CCN(C[C@@H]2Cc3ccccc3CN2)CC1,7.845566,O=C(Nc1ccc(-c2cccc(N(CC3CCN3)C(=O)[C@@H]3Cc4ccccc4CN3)c2)cc1)C1CCNCC1,7.339746
O=C(Nc1cccc(-c2cc(NC(=O)C3CNC3)[nH]n2)c1)C1CN(CC2CNC2)C1,7.392503,O=C(Nc1cccc(-c2cc(NC(=O)C3CN(C(=O)C4CNC4)C3)[nH]n2)c1)C1CNC1,4.118919
O=C(O)[C@H](NC[C@@H]1CCCN1)c1ccccc1,3.425466,O=C(N[C@@H](C(=O)O)c1ccccc1)[C@@H]1CCCN1,4.405003
c1ccc2c(NCc3ccc4oc(C5CN(Cc6ccc(-c7nnn(CC8CC8)n7)nc6)C5)nc4c3)ccnc2c1,7.96143,O=C(c1ccc(-c2nnn(CC3CC3)n2)nc1)N(Cc1ccc2oc(C3CNC3)nc2c1)c1ccnc2ccccc12,8.035881
Brc1ccccc1-c1nc2cc(-c3cccc(-c4nc5cc(CNC67CC(C6)C7)ccc5o4)c3)ccc2o1,7.649471,O=C(NC12CC(C1)C2)c1ccc2oc(-c3cccc(-c4ccc5oc(-c6ccccc6Br)nc5c4)c3)nc2c1,7.256459
c1ccc2c(c1)CN[C@H](CNc1ccc(-c3ccc(NCC4CNC4)cc3)cc1)C2,7.707754,O=C(Nc1ccc(-c2ccc(NC[C@@H]3Cc4ccccc4CN3)cc2)cc1)C1CNC1,7.568601
O=C(Nc1ccccn1)[C@@H](c1ccccc1)N(Cc1ccc2nc([C@H]3CCCN3)oc2c1)CC1CCN1,6.390202,O=C(Nc1ccccn1)[C@@H](c1ccccc1)N(Cc1ccc2nc([C@H]3CCCN3)oc2c1)C(=O)C1CCN1,6.90508
O=C(c1ccc(CO[C@H]2CN3CCC2CC3)cc1)N1CCN(C(=O)C2CCN2C[C@@H]2Cc3ccccc3CN2)CC1,7.082553,O=C(c1ccc(CO[C@H]2CN3CCC2CC3)cc1)N1CCN(C(=O)C2CCN2C(=O)[C@@H]2Cc3ccccc3CN2)CC1,6.999296
O=C(N[C@@H](CNc1cc(Br)n[nH]1)c1ccccc1)[C@@H]1CCCN1,4.908525,O=C(N[C@@H](C(=O)Nc1cc(Br)n[nH]1)c1ccccc1)[C@@H]1CCCN1,5.150293
c1cc(NCC2CNC2)cc(-c2c[nH]nc2NC[C@@H]2Cc3ccccc3CN2)c1,7.680774,O=C(Nc1n[nH]cc1-c1cccc(NCC2CNC2)c1)[C@@H]1Cc2ccccc2CN1,7.641589
c1cc(-c2nnn(CC3CC3)n2)ccc1CO[C@@H]1CCN(Cc2ccc(-c3nnn(CC4CC4)n3)nc2)C1,8.081754,O=C(c1ccc(-c2nnn(CC3CC3)n2)nc1)N1CC[C@@H](OCc2ccc(-c3nnn(CC4CC4)n3)cc2)C1,7.789203
Brc1cc(NC[C@H]2CCCN2)[nH]n1,3.111612,O=C(Nc1cc(Br)n[nH]1)[C@H]1CCCN1,4.336003
N#Cc1ccc2oc(-c3cccc(CNc4cc(N5CCC5CNC5(C(=O)O)CCC5)n[nH]4)c3)nc2c1,6.180068,N#Cc1ccc2oc(-c3cccc(C(=O)Nc4cc(N5CCC5CNC5(C(=O)O)CCC5)n[nH]4)c3)nc2c1,6.310996
C[C@@H](NC(=O)c1cccc(-c2cc(NC[C@@H]3Cc4ccccc4CN3)[nH]n2)c1)C(=O)O,6.394612,C[C@@H](NC(=O)c1cccc(-c2cc(NC(=O)[C@@H]3Cc4ccccc4CN3)[nH]n2)c1)C(=O)O,6.527363
O=C(O)c1ccccc1Cn1nncc1CNC[C@@H]1Cc2ccccc2CN1,5.556108,O=C(O)c1ccccc1Cn1nncc1CNC(=O)[C@@H]1Cc2ccccc2CN1,5.796498
O=C1CN(c2ccc(CNc3cccc(B(O)O)c3)cc2)C1,4.157897,O=C1CN(c2ccc(C(=O)Nc3cccc(B(O)O)c3)cc2)C1,4.263458
O=C(c1cccc(F)n1)N1CCN(Cc2ccc3nc(C4CNC4)oc3c2)CC1,7.357131,O=C(c1ccc2nc(C3CNC3)oc2c1)N1CCN(C(=O)c2cccc(F)n2)CC1,7.177527
O=C(Nc1ccnc2ccccc12)C1CCN1Cc1ccc2oc(C3CNC3)nc2c1,7.73094,O=C(Nc1ccnc2ccccc12)C1CCN1C(=O)c1ccc2oc(C3CNC3)nc2c1,7.628426
C[C@H](NC[C@@H]1CCCN1C(=O)c1cccc2oc(-c3cncc(F)c3)nc12)c1ccccc1,6.22841,C[C@H](NC(=O)[C@@H]1CCCN1C(=O)c1cccc2oc(-c3cncc(F)c3)nc12)c1ccccc1,6.499344
O=C(O)c1ccc(-c2nc3ccc(CNc4ccc(Br)cc4)cc3o2)cc1,5.914114,O=C(O)c1ccc(-c2nc3ccc(C(=O)Nc4ccc(Br)cc4)cc3o2)cc1,6.030272
c1ccc2c(CCNCc3ccc4nc([C@@H]5CCCN5Cc5ccc6nc(C7CNC7)oc6c5)oc4c3)c[nH]c2c1,7.644211,O=C(c1ccc2nc(C3CNC3)oc2c1)N(CCc1c[nH]c2ccccc12)Cc1ccc2nc([C@@H]3CCCN3)oc2c1,7.448399
c1ccc(CNCc2ccc(-c3ccc(NCC4CNC4)cc3)cc2)cc1,7.411496,O=C(Nc1ccc(-c2ccc(CNCc3ccccc3)cc2)cc1)C1CNC1,7.632705
Fc1cccc(CNCCc2ccccc2Br)n1,4.017108,O=C(NCCc1ccccc1Br)c1cccc(F)n1,4.382135
O=C(O)c1ccc2[nH]c(C3CCN3Cc3ccc4oc(-c5ccc(CO[C@H]6CN7CCC6CC7)cc5)nc4c3)nc2c1,7.466489,O=C(O)c1ccc2[nH]c(C3CCN3C(=O)c3ccc4oc(-c5ccc(CO[C@H]6CN7CCC6CC7)cc5)nc4c3)nc2c1,7.375341
O=Cc1cccc(-c2nc3ccc(CNc4cc(-c5ccc6c(ccn6CC6CC6)c5)n[nH]4)cc3o2)c1,7.429777,O=Cc1cccc(-c2nc3ccc(C(=O)Nc4cc(-c5ccc6c(ccn6CC6CC6)c5)n[nH]4)cc3o2)c1,7.545419
O=C(c1cccc(-c2ccc(NC[C@@H]3Cc4ccccc4CN3)cc2)c1)N(c1cccc2cc[nH]c12)C1CNC1,7.659575,O=C(Nc1ccc(-c2cccc(C(=O)N(c3cccc4cc[nH]c34)C3CNC3)c2)cc1)[C@@H]1Cc2ccccc2CN1,7.713371
Cc1nc(-c2cccc(-c3nnn(Cc4ccc(-c5nnn(CC6CC6)n5)cc4)n3)c2)sc1CNc1nc(F)nc2[nH]cnc12,6.855247,Cc1nc(-c2cccc(-c3nnn(Cc4ccc(-c5nnn(CC6CC6)n5)cc4)n3)c2)sc1C(=O)Nc1nc(F)nc2[nH]cnc12,7.360704
C[C@@H](NCc1ccc2nc(-c3ccc(CO[C@H]4CN5CCC4CC5)cc3)oc2c1)C(=O)O,7.009925,C[C@@H](NC(=O)c1ccc2nc(-c3ccc(CO[C@H]4CN5CCC4CC5)cc3)oc2c1)C(=O)O,7.042123
O=C(O)c1ccc2nc(-c3ccc(Cn4cc(CNCc5ccc6nc([C@@H]7CCCN7)oc6c5)c5ccccc54)cc3)oc2c1,7.062912,O=C(O)c1ccc2nc(-c3ccc(Cn4cc(CNC(=O)c5ccc6nc([C@@H]7CCCN7)oc6c5)c5ccccc54)cc3)oc2c1,7.371193
O=C(O)C1CN(c2cc(NCc3cccc(-c4cncc(-c5nnn(CC6CC6)n5)c4)c3)[nH]n2)C1,7.240441,O=C(Nc1cc(N2CC(C(=O)O)C2)n[nH]1)c1cccc(-c2cncc(-c3nnn(CC4CC4)n3)c2)c1,7.052589
N[C@@H](CNc1ccc(Br)cc1)Cc1c[nH]c2ccccc12,3.340815,N[C@H](Cc1c[nH]c2ccccc12)C(=O)Nc1ccc(Br)cc1,3.940195
ClCc1ccc(-c2nc3ccc(-c4ccc(NC[C@@H]5Cc6ccccc6CN5)cc4)cc3[nH]2)cc1,7.176133,O=C(Nc1ccc(-c2ccc3nc(-c4ccc(CCl)cc4)[nH]c3c2)cc1)[C@@H]1Cc2ccccc2CN1,7.181619
O=C(O)[C@@H](NCc1ccc2nc([C@H]3CCCN3)oc2c1)c1ccccc1,5.578936,O=C(N[C@H](C(=O)O)c1ccccc1)c1ccc2nc([C@H]3CCCN3)oc2c1,5.974345
O=Cc1cccc(N2CCC(CNc3ccc(B(O)O)cc3)CC2)c1,4.111917,O=Cc1cccc(N2CCC(C(=O)Nc3ccc(B(O)O)cc3)CC2)c1,4.697578
c1cncc(-c2ccc3oc(-c4ccc(Cn5cc(CCNC[C@@H]6Cc7ccccc7CN6)c6ccccc65)cc4)nc3c2)c1,7.569685,O=C(NCCc1cn(Cc2ccc(-c3nc4cc(-c5cccnc5)ccc4o3)cc2)c2ccccc12)[C@@H]1Cc2ccccc2CN1,7.648296
CC1(C)OB(c2ccc(NCC3CNC3)nc2)OC1(C)C,4.169472,CC1(C)OB(c2ccc(NC(=O)C3CNC3)nc2)OC1(C)C,4.927281
OB(O)c1cccc(NCc2ccc3[nH]c(C4CCNCC4)nc3c2)c1,5.209258,O=C(Nc1cccc(B(O)O)c1)c1ccc2[nH]c(C3CCNCC3)nc2c1,5.439612
OB(O)c1cccc(NCc2cccc(NC[C@@H]3Cc4ccccc4CN3)c2)c1,5.369687,O=C(Nc1cccc(CNc2cccc(B(O)O)c2)c1)[C@@H]1Cc2ccccc2CN1,5.627321
O=C(O)[C@H]1CCCN1Cc1ccccc1CCl,2.934571,O=C(O)[C@H]1CCCN1C(=O)c1ccccc1CCl,3.207067
OB(O)c1cccc(NCc2ccc3nc(-c4ccc(CCl)cc4)[nH]c3c2)c1,4.622289,O=C(Nc1cccc(B(O)O)c1)c1ccc2nc(-c3ccc(CCl)cc3)[nH]c2c1,4.764311
c1ccc(NCC2CCNCC2)c(CNCCc2c[nH]c3ccccc23)c1,4.604381,O=C(NCCc1c[nH]c2ccccc12)c1ccccc1NCC1CCNCC1,4.918332
NCc1nc2cc(CNC34CC(C3)C4)ccc2o1,5.167038,NCc1nc2cc(C(=O)NC34CC(C3)C4)ccc2o1,5.449479
c1ccc2c(CN3CCC(CNc4cc(-c5ccc6c(ccn6CC6CC6)c5)n[nH]4)CC3)c[nH]c2c1,7.453889,O=C(Nc1cc(-c2ccc3c(ccn3CC3CC3)c2)n[nH]1)C1CCN(Cc2c[nH]c3ccccc23)CC1,7.836171
FC(F)(F)c1ccc(CN(Cc2ccc3oc(C4CNC4)nc3c2)Cc2ccc3nc(C4CNC4)[nH]c3c2)cc1,7.623317,O=C(c1ccc2nc(C3CNC3)[nH]c2c1)N(Cc1ccc(C(F)(F)F)cc1)Cc1ccc2oc(C3CNC3)nc2c1,7.495965
c1ccc(NCCc2cn(CC3CC3)c3ccccc23)c(CCNCc2ccc3nc(C4CNC4)[nH]c3c2)c1,7.675326,O=C(NCCc1ccccc1NCCc1cn(CC2CC2)c2ccccc12)c1ccc2nc(C3CNC3)[nH]c2c1,7.825161
N#Cc1ccc(-c2cc(NCc3ccc(CO[C@H]4CN5CCC4CC5)cc3)[nH]n2)cc1F,7.502217,N#Cc1ccc(-c2cc(NC(=O)c3ccc(CO[C@H]4CN5CCC4CC5)cc3)[nH]n2)cc1F,7.682739
Nc1ccncc1CN1CCC1CN1CCC(C(=O)O)CC1,3.87602,Nc1ccncc1CN1CCC1C(=O)N1CCC(C(=O)O)CC1,4.224351
ClCc1ccc(CNc2cccc3cc[nH]c23)cc1,4.202829,O=C(Nc1cccc2cc[nH]c12)c1ccc(CCl)cc1,4.609473
O=Cc1ccc(CNc2cccnc2Br)cc1,3.704502,O=Cc1ccc(C(=O)Nc2cccnc2Br)cc1,4.087937
O=Cc1cccc(-c2ccc(NCc3ccc4nc([C@@H]5CCCN5)oc4c3)cc2)c1,6.996029,O=Cc1cccc(-c2ccc(NC(=O)c3ccc4nc([C@@H]5CCCN5)oc4c3)cc2)c1,7.117905
O=C(Nc1ccc(-c2cn(CC3CC3)nn2)cc1O)[C@H]1CCCN1C[C@@H]1Cc2ccccc2CN1,7.634382,O=C(Nc1ccc(-c2cn(CC3CC3)nn2)cc1O)[C@H]1CCCN1C(=O)[C@@H]1Cc2ccccc2CN1,7.323198
Brc1ccc(NCC2CNC2)cc1,4.889546,O=C(Nc1ccc(Br)cc1)C1CNC1,6.555667
Fc1nc(NC[C@@H]2Cc3ccccc3CN2)c2nc[nH]c2n1,5.68127,O=C(Nc1nc(F)nc2[nH]cnc12)[C@@H]1Cc2ccccc2CN1,6.131802
C#CCNC[C@H](N)c1ccccc1,2.406039,C#CCNC(=O)[C@H](N)c1ccccc1,3.609023
c1ccc2c(c1)C[C@@H](CNC13CC(C1)C3)N(CC1CCN1)C2,6.753723,O=C(C1CCN1)N(C[C@@H]1Cc2ccccc2CN1)C12CC(C1)C2,6.647759
ClCc1ccc(CNC23CC(C2)C3)cc1,4.812214,O=C(NC12CC(C1)C2)c1ccc(CCl)cc1,4.791424
N#Cc1cncc(-c2cccc(NCC3CN(Cc4ccc5nc(C6CNC6)oc5c4)C3)c2)c1,7.557016,N#Cc1cncc(-c2cccc(N(CC3CNC3)C(=O)c3ccc4nc(C5CNC5)oc4c3)c2)c1,7.035911
C[C@H](NCc1ccc(CNCCc2cn(Cc3ccc(C#N)cc3)c3ccccc23)cc1)c1ccccc1,6.135169,C[C@H](NC(=O)c1ccc(CNCCc2cn(Cc3ccc(C#N)cc3)c3ccccc23)cc1)c1ccccc1,6.35598
Brc1cc(CNc2ccc(-c3ccc(NCc4ccc(-c5nnn(CC6CC6)n5)nc4)cc3)cc2)ccn1,7.59204,O=C(Nc1ccc(-c2ccc(NCc3ccnc(Br)c3)cc2)cc1)c1ccc(-c2nnn(CC3CC3)n2)nc1,7.326785
O=C(NC1CC1)c1ccc2oc(C3CN(c4ccc(NCC5CNC5)cc4)C3)nc2c1,6.18222,O=C(NC1CC1)c1ccc2oc(C3CN(c4ccc(NC(=O)C5CNC5)cc4)C3)nc2c1,5.023067
OB(O)c1cccc(NCc2cccc(-c3cccc(NCc4ccc(CO[C@H]5CN6CCC5CC6)cc4)c3)c2)c1,6.99789,O=C(Nc1cccc(-c2cccc(CNc3cccc(B(O)O)c3)c2)c1)c1ccc(CO[C@H]2CN3CCC2CC3)cc1,7.104655
C[C@@H](CNc1ccccc1C(=O)O)NCc1ccc(C(=O)O)cc1,3.155183,C[C@H](NCc1ccc(C(=O)Nc2ccccc2C(=O)O)cc1)C(=O)O,4.220835
Cc1cc(-c2cccc(C#N)c2)cnc1NCC1CNC1,6.272502,Cc1cc(-c2cccc(C#N)c2)cnc1NC(=O)C1CNC1,6.653211
N#Cc1ccc(CN[C@@H](C(=O)NC2CC2)c2ccccc2)cn1,5.487665,N#Cc1ccc(C(=O)N[C@@H](C(=O)NC2CC2)c2ccccc2)cn1,5.620512
ClCc1ccccc1CNc1ccc(-c2cccc(-c3nnn(CC4CC4)n3)c2)cc1,7.187464,O=C(Nc1ccc(-c2cccc(-c3nnn(CC4CC4)n3)c2)cc1)c1ccccc1CCl,7.233418
C[C@@H](N)C(=O)N1Cc2ccccc2C[C@H]1C(=O)N1CCC[C@H]1CN[C@H](C(=O)O)c1ccccc1,4.824354,C[C@@H](N)C(=O)N1Cc2ccccc2C[C@H]1C(=O)N1CCC[C@H]1C(=O)N[C@H](C(=O)O)c1ccccc1,4.886855
O=C(Nc1cccc(-c2ccnc(F)c2)c1)c1cccc(-c2nc3cc(CNC45CC(C4)C5)ccc3o2)c1,7.824985,O=C(Nc1cccc(-c2ccnc(F)c2)c1)c1cccc(-c2nc3cc(C(=O)NC45CC(C4)C5)ccc3o2)c1,7.354175
C[C@H](NC(=O)C1CCN1Cc1ccc2nc(C3CNC3)oc2c1)C1=NCCc2ccccc21,7.596294,C[C@H](NC(=O)C1CCN1C(=O)c1ccc2nc(C3CNC3)oc2c1)C1=NCCc2ccccc21,7.306322
O=C(O)c1ccc2[nH]c([C@@H](Nc3ccc(NCc4ccc(-c5nnn(CC6CC6)n5)nc4)cc3)c3ccccc3)nc2c1,7.200064,O=C(O)c1ccc2[nH]c([C@@H](Nc3ccc(NC(=O)c4ccc(-c5nnn(CC6CC6)n5)nc4)cc3)c3ccccc3)nc2c1,7.167301
O=C(O)C1CCN(c2nc(-c3cccc(NCc4ccc5nc(C6CNC6)[nH]c5c4)c3)cs2)CC1,6.723465,O=C(Nc1cccc(-c2csc(N3CCC(C(=O)O)CC3)n2)c1)c1ccc2nc(C3CNC3)[nH]c2c1,6.721321
O=C(Nc1ccnc2ccccc12)[C@H](c1ccccc1)N(C[C@@H]1Cc2ccccc2CN1)c1ccc(NCC2CNC2)cc1,6.960259,O=C(Nc1ccnc2ccccc12)[C@@H](Nc1ccc(N(CC2CNC2)C(=O)[C@@H]2Cc3ccccc3CN2)cc1)c1ccccc1,7.12299
c1nc(-c2ccc(NC3CN(Cc4ccc(CO[C@H]5CN6CCC5CC6)cc4)C3)cc2)c[nH]1,7.444897,O=C(c1ccc(CO[C@H]2CN3CCC2CC3)cc1)N(c1ccc(-c2c[nH]cn2)cc1)C1CNC1,7.273774
c1ccc(NCc2ccccc2NCc2cccc3oc(C4CNC4)nc23)nc1,6.959855,O=C(Nc1ccccc1CNc1ccccn1)c1cccc2oc(C3CNC3)nc12,7.126037
Nc1ccc(-c2cccc(CNc3cccc(B(O)O)c3)c2)cc1,4.329675,Nc1ccc(-c2cccc(C(=O)Nc3cccc(B(O)O)c3)c2)cc1,4.56856
c1cc(-c2ccc(NCc3ccc(-c4nnn(CC5CC5)n4)nc3)cc2)c2oc([C@@H]3CCCN3)nc2c1,8.03914,O=C(Nc1ccc(-c2cccc3nc([C@@H]4CCCN4)oc23)cc1)c1ccc(-c2nnn(CC3CC3)n2)nc1,6.637054
c1ccc(Nc2ccccc2CCNCc2ccc(CO[C@H]3CN4CCC3CC4)cc2)nc1,7.069554,O=C(NCCc1ccccc1Nc1ccccn1)c1ccc(CO[C@H]2CN3CCC2CC3)cc1,7.016344
O=C(O)c1ccc2nc(-c3ccccc3NCC3CCN3)oc2c1,6.110114,O=C(O)c1ccc2nc(-c3ccccc3NC(=O)C3CCN3)oc2c1,5.500027
O=Cc1cccc(CN2CC(C(=O)O)C2)c1,3.162747,O=Cc1cccc(C(=O)N2CC(C(=O)O)C2)c1,3.923076
OB(O)c1cccc(CNc2cccc(B(O)O)c2)c1,2.736763,O=C(Nc1cccc(B(O)O)c1)c1cccc(B(O)O)c1,2.920065
c1ccc2c(c1)CN[C@H](CNc1ccc(-c3cn(CC4CC4)nn3)cc1)C2,8.161287,O=C(Nc1ccc(-c2cn(CC3CC3)nn2)cc1)[C@@H]1Cc2ccccc2CN1,7.985938
Nc1cc(CNc2cc(NCCc3ccccc3)n[nH]2)ccc1O,4.725196,Nc1cc(C(=O)Nc2cc(NCCc3ccccc3)n[nH]2)ccc1O,5.144881
O=C(O)[C@@H]1CCCN1Cc1cccc2oc(C3CNC3)nc12,5.65793,O=C(O)[C@@H]1CCCN1C(=O)c1cccc2oc(C3CNC3)nc12,5.596974
O=C1CN(C[C@H]2CCCNC2)C1,2.405473,O=C1CN(C(=O)[C@H]2CCCNC2)C1,4.059768
O=C(O)c1ccc(Cn2nnc(-c3ccccc3CO[C@@H]3CCN(C[C@@H]4Cc5ccccc5CN4)C3)n2)cc1,6.539392,O=C(O)[C@@H]1Cc2ccccc2CN1C(=O)c1ccc(Cn2nnc(-c3ccccc3CO[C@@H]3CCNC3)n2)cc1,6.053638
Nc1ccccc1CNCCc1c[nH]c2ccccc12,4.35701,Nc1ccccc1C(=O)NCCc1c[nH]c2ccccc12,4.625885
O=Cc1cccc(CN2CCC[C@@H](O)C2)c1,3.165341,O=Cc1cccc(C(=O)N2CCC[C@@H](O)C2)c1,3.47709
O=C(Nc1ccc(-c2cc(NCc3ccc(CNc4ccccn4)cc3)[nH]n2)cc1)C1CNC1,7.861372,O=C(Nc1ccccn1)c1ccc(CNc2cc(-c3ccc(NC(=O)C4CNC4)cc3)n[nH]2)cc1,7.841008
c1ccc2c(c1)c(CCNCC1CCN1)cn2CC1CC1,7.485764,O=C(NCCc1cn(CC2CC2)c2ccccc12)C1CCN1,7.788623
O=C(O)C1(NC[C@@H]2CCCN2c2ccc(NCC3CNC3)cc2)CCC1,5.668102,O=C(NC1(C(=O)O)CCC1)[C@@H]1CCCN1c1ccc(NCC2CNC2)cc1,6.465476
O=C(O)C1CN(Cc2ccc(CO[C@H]3CCCNC3)cc2)C1,4.84642,O=C(O)C1CN(C(=O)c2ccc(CO[C@H]3CCCNC3)cc2)C1,4.99068
O=C(Nc1cc(-c2cccc(CNc3ccccn3)c2)n[nH]1)C1CNC1,8.007189,O=C(Nc1ccccn1)c1cccc(-c2cc(NC(=O)C3CNC3)[nH]n2)c1,7.848488
c1cc(-c2ccc(NCc3ccc(-c4nnn(CC5CC5)n4)nc3)nc2)c2oc(C3CCNCC3)nc2c1,8.059148,O=C(Nc1ccc(-c2cccc3nc(C4CCNCC4)oc23)cn1)c1ccc(-c2nnn(CC3CC3)n2)nc1,5.806964
FC(F)(F)c1ccc(CNC[C@@H]2CCCN2)cc1,4.555797,O=C(NCc1ccc(C(F)(F)F)cc1)[C@@H]1CCCN1,5.9742
O=C(NC1(C(=O)O)CCC1)c1ccc2nc(C3CCN3C[C@@H]3Cc4ccccc4CN3)oc2c1,7.110494,O=C(NC1(C(=O)N2Cc3ccccc3C[C@H]2C(=O)O)CCC1)c1ccc2nc(C3CCN3)oc2c1,6.535043
ClCc1ccc(-c2nc3cc(-c4cccc(NCC5CCN5)c4)ccc3o2)cc1,7.229943,O=C(Nc1cccc(-c2ccc3oc(-c4ccc(CCl)cc4)nc3c2)c1)C1CCN1,7.226308
c1ccc2oc(C3CCN3Cc3ccc4oc(-c5ccc(-c6nnn(CC7CC7)n6)nc5)nc4c3)nc2c1,7.671769,O=C(c1ccc2oc(-c3ccc(-c4nnn(CC5CC5)n4)nc3)nc2c1)N1CCC1c1nc2ccccc2o1,7.360036
c1ccc(NCc2c[nH]c3cc(-c4cccc(CNc5cccc6cc[nH]c56)c4)ccc23)nc1,6.07231,O=C(Nc1cccc2cc[nH]c12)c1cccc(-c2ccc3c(CNc4ccccn4)c[nH]c3c2)c1,6.396348
N#Cc1ccc(CN2CCC[C@H]2C(=O)O)cn1,3.301505,N#Cc1ccc(C(=O)N2CCC[C@H]2C(=O)O)cn1,3.456941
O=C(NCc1c[nH]c2ccccc12)Nc1ccc(CNc2ccc(C(=O)NC3CC3)cc2O)cc1O,6.967999,O=C(NCc1c[nH]c2ccccc12)Nc1ccc(C(=O)Nc2ccc(C(=O)NC3CC3)cc2O)cc1O,6.83453
c1cc(-c2nc3cc(-c4ccc(NCC5CNC5)cc4)ccc3[nH]2)ccc1CO[C@H]1CN2CCC1CC2,8.085744,O=C(Nc1ccc(-c2ccc3[nH]c(-c4ccc(CO[C@H]5CN6CCC5CC6)cc4)nc3c2)cc1)C1CNC1,7.15446
O=C1CN(C(=O)Nc2ccc(-c3cccc(NCc4ccc5oc(C6CNC6)nc5c4)c3)cc2)C1,7.731429,O=C1CN(C(=O)Nc2ccc(-c3cccc(NC(=O)c4ccc5oc(C6CNC6)nc5c4)c3)cc2)C1,7.246135
Brc1ccc2oc(C3CN(Cc4ccc5oc(-c6ccc7oc(C8CNC8)nc7c6)nc5c4)C3)nc2c1,7.542852,O=C(c1ccc2oc(-c3ccc4oc(C5CNC5)nc4c3)nc2c1)N1CC(c2nc3cc(Br)ccc3o2)C1,6.790619
c1cc(NCC2CCN2)cc(-c2cncc(-c3nc4cc(-c5nnn(CC6CC6)n5)ccc4o3)c2)c1,7.529764,O=C(Nc1cccc(-c2cncc(-c3nc4cc(-c5nnn(CC6CC6)n5)ccc4o3)c2)c1)C1CCN1,5.228068
O=C(Nc1ccc(B(O)O)cc1)[C@H](Cc1ccccc1)NC[C@@H]1Cc2ccccc2CN1,5.17451,O=C(N[C@@H](Cc1ccccc1)C(=O)Nc1ccc(B(O)O)cc1)[C@@H]1Cc2ccccc2CN1,5.270358
Oc1cc(-c2cccc(CN(C[C@@H]3Cc4ccccc4CN3)c3ccnc4ccccc34)c2)ccc1NCC1CNC1,7.654339,O=C([C@@H]1Cc2ccccc2CN1)N(CC1CNC1)c1ccc(-c2cccc(CNc3ccnc4ccccc34)c2)cc1O,7.238698
Fc1cccc(CN2Cc3ccccc3C[C@H]2CN2CC(COCc3ccc(-c4nnn(CC5CC5)n4)cc3)C2)n1,7.476721,O=C(c1cccc(F)n1)N1Cc2ccccc2C[C@H]1CN1CC(COCc2ccc(-c3nnn(CC4CC4)n3)cc2)C1,7.362974
OB(O)c1ccc(NCC2CCN2Cc2cccc(B(O)O)c2)cc1,3.699726,O=C(Nc1ccc(B(O)O)cc1)C1CCN1Cc1cccc(B(O)O)c1,3.914621
O=C1CCN(C[C@@H]2Cc3ccccc3CN2)C1,4.77831,O=C1CCN(C(=O)[C@@H]2Cc3ccccc3CN2)C1,5.183793
COc1ccccc1CNC(=O)[C@@H](NC[C@@H]1Cc2ccccc2CN1)c1ccccc1,6.329128,COc1ccccc1CNC(=O)[C@@H](NC(=O)[C@@H]1Cc2ccccc2CN1)c1ccccc1,6.460877
O=Cc1cccc(-c2cccc(-c3nc4cccc(-c5cccc(NC[C@@H]6Cc7ccccc7CN6)c5)c4o3)c2)c1,7.528963,O=Cc1cccc(-c2cccc(-c3nc4cccc(-c5cccc(NC(=O)[C@@H]6Cc7ccccc7CN6)c5)c4o3)c2)c1,7.481975
C[C@H](NCc1cccc(B(O)O)c1)C(=O)O,2.556509,C[C@H](NC(=O)c1cccc(B(O)O)c1)C(=O)O,2.615997
N[C@@H](CNc1cccc(B(O)O)c1)c1ccccc1,3.247159,N[C@@H](C(=O)Nc1cccc(B(O)O)c1)c1ccccc1,3.923519
C[C@@H](NCC1CCN1)c1nc2ccc(-c3cccc(NCC4CCN4)c3)cc2[nH]1,7.688391,C[C@@H](NC(=O)C1CCN1)c1nc2ccc(-c3cccc(NCC4CCN4)c3)cc2[nH]1,7.784315
c1cncc(-c2ccc(NCc3ccc4oc(C5CN(CC6CNC6)C5)nc4c3)cc2)c1,7.475573,O=C(C1CNC1)N(Cc1ccc2oc(C3CNC3)nc2c1)c1ccc(-c2cccnc2)cc1,5.964636
c1cc(-c2cc(NCc3ccc4nc(C5CNC5)[nH]c4c3)[nH]n2)cc(-c2nnn(CC3CC3)n2)c1,8.260375,O=C(Nc1cc(-c2cccc(-c3nnn(CC4CC4)n3)c2)n[nH]1)c1ccc2nc(C3CNC3)[nH]c2c1,7.630038
Nc1ccc(CNCc2c[nH]c3ccccc23)cc1O,4.35122,Nc1ccc(C(=O)NCc2c[nH]c3ccccc23)cc1O,4.852082
O=C(NCCc1cn(CC2CC2)c2ccccc12)C1CCN1C(=O)[C@@H]1CCCN1CC1CNC1,7.464757,O=C(NCCc1cn(CC2CC2)c2ccccc12)C1CCN1C(=O)[C@@H]1CCCN1C(=O)C1CNC1,7.473181
O=C(NC1CC1)c1cccc(-c2nc3cccc(-c4cccc(NCC5CNC5)c4)c3o2)c1,7.907047,O=C(NC1CC1)c1cccc(-c2nc3cccc(-c4cccc(NC(=O)C5CNC5)c4)c3o2)c1,6.677866
O=C(NCCc1ccccc1-c1ccc2[nH]ccc2c1)[C@H]1CCCN1Cc1cccc2oc(C3CNC3)nc12,7.439526,O=C(NCCc1ccccc1-c1ccc2[nH]ccc2c1)[C@H]1CCCN1C(=O)c1cccc2oc(C3CNC3)nc12,7.345941
O=C(c1ccc(CCl)cc1)N1CCC(CNC2(C(=O)O)CCC2)CC1,4.390767,O=C(NC1(C(=O)O)CCC1)C1CCN(C(=O)c2ccc(CCl)cc2)CC1,5.662398
O=C(O)c1ccc2oc(-c3cccc(CNc4cc(Br)n[nH]4)c3)nc2c1,5.282495,O=C(O)c1ccc2oc(-c3cccc(C(=O)Nc4cc(Br)n[nH]4)c3)nc2c1,5.535917
OB(O)c1ccc(NCc2ccccc2CCl)cc1,3.328592,O=C(Nc1ccc(B(O)O)cc1)c1ccccc1CCl,3.555568
OB(O)c1cccc(CN(CCc2c[nH]c3ccccc23)Cc2ccc(CO[C@H]3CN4CCC3CC4)cc2)c1,5.979983,O=C(c1ccc(CO[C@H]2CN3CCC2CC3)cc1)N(CCc1c[nH]c2ccccc12)Cc1cccc(B(O)O)c1,6.044296
O=C(NC1CC1)c1cccc(-c2cc(NC[C@@H]3Cc4ccccc4CN3)[nH]n2)c1,8.112195,O=C(NC1CC1)c1cccc(-c2cc(NC(=O)[C@@H]3Cc4ccccc4CN3)[nH]n2)c1,7.947358
c1ccc2c(c1)CN[C@H](CNCCc1c[nH]c3ccccc13)C2,6.254029,O=C(NCCc1c[nH]c2ccccc12)[C@@H]1Cc2ccccc2CN1,6.633295
O=C(Nc1ccccn1)N1CCC[C@@H](CNCc2cn(CC3CC3)c3ccccc23)C1,7.288427,O=C(NCc1cn(CC2CC2)c2ccccc12)[C@@H]1CCCN(C(=O)Nc2ccccn2)C1,7.56224
O=C(c1cccc(F)n1)N1CCC(CNC2(C(=O)O)CCC2)CC1,4.127826,O=C(NC1(C(=O)O)CCC1)C1CCN(C(=O)c2cccc(F)n2)CC1,5.562936
Brc1ccc(NCc2ccc(COCC3CNC3)cc2)c(NCc2ccc(-c3nnn(CC4CC4)n3)nc2)c1,7.576643,O=C(Nc1cc(Br)ccc1NCc1ccc(COCC2CNC2)cc1)c1ccc(-c2nnn(CC3CC3)n2)nc1,7.609344
c1ccc(N2CCC[C@H]2CNc2cccc(-c3cc(NC[C@@H]4Cc5ccccc5CN4)[nH]n3)c2)nc1,7.790217,O=C(Nc1cccc(-c2cc(NC[C@@H]3Cc4ccccc4CN3)[nH]n2)c1)[C@@H]1CCCN1c1ccccn1,7.859295
O=C(O)C1CN(C(=O)[C@H]2CCCN2c2cccc(CNCc3c[nH]c4ccccc34)n2)C1,5.94848,O=C(NCc1c[nH]c2ccccc12)c1cccc(N2CCC[C@@H]2C(=O)N2CC(C(=O)O)C2)n1,6.45028
O=C(Nc1ccc(B(O)O)cc1)c1cccc(-c2ccccc2CCNCc2cccc3oc(C4CNC4)nc23)c1,6.573845,O=C(Nc1ccc(B(O)O)cc1)c1cccc(-c2ccccc2CCNC(=O)c2cccc3oc(C4CNC4)nc23)c1,6.671285
O=C(Nc1cccc2cc[nH]c12)[C@@H]1CCCN(Cc2ccc(-c3nnn(CC4CC4)n3)nc2)C1,7.818712,O=C(Nc1cccc2cc[nH]c12)[C@@H]1CCCN(C(=O)c2ccc(-c3nnn(CC4CC4)n3)nc2)C1,7.636229
O=C(NCc1ccccc1)C1CCN(Cc2ccc3oc(-c4cccc5oc(C6CNC6)nc45)nc3c2)CC1,7.797261,O=C(NCc1ccccc1)C1CCN(C(=O)c2ccc3oc(-c4cccc5oc(C6CNC6)nc45)nc3c2)CC1,7.336298
c1cc(CNc2ccnc3ccccc23)cc(-c2cn(CC3CC3)cn2)c1,7.52695,O=C(Nc1ccnc2ccccc12)c1cccc(-c2cn(CC3CC3)cn2)c1,7.734736
C[C@@H](NCc1ccc2oc(-c3ccc(-c4nnn(CC5CC5)n4)nc3)nc2c1)c1ccccc1,7.755952,C[C@@H](NC(=O)c1ccc2oc(-c3ccc(-c4nnn(CC5CC5)n4)nc3)nc2c1)c1ccccc1,7.636199
N#Cc1ccc(CNC2CC2)cn1,2.903664,N#Cc1ccc(C(=O)NC2CC2)cn1,5.48704
O=C(NCc1c[nH]c2ccccc12)c1ccc2nc(C3CCN3CCNC(=O)N3CCC[C@H](C(=O)O)C3)oc2c1,6.156074,O=C(NCc1c[nH]c2ccccc12)c1ccc2nc(C3CCN3C(=O)CNC(=O)N3CCC[C@H](C(=O)O)C3)oc2c1,6.211864
Cc1cc(-c2cccc(Cl)c2)cnc1Nc1ccc(NCC2CCN2)cc1,6.691726,Cc1cc(-c2cccc(Cl)c2)cnc1Nc1ccc(NC(=O)C2CCN2)cc1,6.934215
N[C@@H](CNc1ccc(B(O)O)cc1)c1ccccc1,3.484794,N[C@@H](C(=O)Nc1ccc(B(O)O)cc1)c1ccccc1,4.200963
N[C@H](CNc1ccc(-c2cncc(-c3nnnn3CC3CC3)c2)cc1)c1ccccc1,7.096501,N[C@H](C(=O)Nc1ccc(-c2cncc(-c3nnnn3CC3CC3)c2)cc1)c1ccccc1,7.697343
Oc1ccc(Br)cc1NCC1CN(Cc2ccc(CO[C@H]3CN4CCC3CC4)cc2)C1,6.822309,O=C(c1ccc(CO[C@H]2CN3CCC2CC3)cc1)N(CC1CNC1)c1cc(Br)ccc1O,6.711988
O=Cc1cccc(-c2cccc(NCc3ccc4nc(-c5ccc(CCl)cc5)oc4c3)c2)c1,6.199213,O=Cc1cccc(-c2cccc(NC(=O)c3ccc4nc(-c5ccc(CCl)cc5)oc4c3)c2)c1,6.237906
OB(O)c1ccc(NCc2ccc3nc(-c4ccccn4)n(CC4CC4)c3c2)cc1,5.417054,O=C(Nc1ccc(B(O)O)cc1)c1ccc2nc(-c3ccccn3)n(CC3CC3)c2c1,5.360796
CC1(C)OB(c2ccc(NC[C@@H]3CCCN3)nc2)OC1(C)C,3.638767,CC1(C)OB(c2ccc(NC(=O)[C@@H]3CCCN3)nc2)OC1(C)C,4.421676
Oc1ccccc1Nc1ccc(NCC2CCN2C[C@@H]2Cc3ccccc3CN2)cc1,6.505976,O=C([C@@H]1Cc2ccccc2CN1)N(CC1CCN1)c1ccc(Nc2ccccc2O)cc1,6.579279
O=C(NC1CC1)c1ccc(-c2nc3cc(CN[C@H](CNC4CC4)c4ccccc4)ccc3o2)cc1,6.583044,O=C(NC1CC1)c1ccc(-c2nc3cc(C(=O)N[C@H](CNC4CC4)c4ccccc4)ccc3o2)cc1,6.443801
O=C(NC12CC(C1)C2)c1ccc(N(Cc2cn(CC3CC3)nn2)C[C@@H]2Cc3ccccc3CN2)cc1,7.38656,O=C(NC12CC(C1)C2)c1ccc(N(Cc2cn(CC3CC3)nn2)C(=O)[C@@H]2Cc3ccccc3CN2)cc1,7.205371
C[C@@H](NCc1ccc(CNc2cc(Br)n[nH]2)cc1)c1ccccc1,5.270298,C[C@@H](NCc1ccc(C(=O)Nc2cc(Br)n[nH]2)cc1)c1ccccc1,5.582052
Fc1ccc(CNc2cccnc2Br)cc1,3.752662,O=C(Nc1cccnc1Br)c1ccc(F)cc1,4.205732
Oc1c(Br)cccc1NCc1cccc2oc(C3CNC3)nc12,6.369331,O=C(Nc1cccc(Br)c1O)c1cccc2oc(C3CNC3)nc12,6.371211
O=C(O)[C@H]1CCCN1CC1CN(C(=O)c2ccccc2NCC2CNC2)C1,5.029557,O=C(O)C1CN(C(=O)c2ccccc2N(CC2CNC2)C(=O)[C@H]2CCCN2)C1,4.965667
Fc1ccc(CN(C[C@@H]2Cc3ccccc3CN2)c2ccnc3ccccc23)cc1,5.941401,O=C([C@@H]1Cc2ccccc2CN1)N(Cc1ccc(F)cc1)c1ccnc2ccccc12,6.104131
Nc1ccc(N2CCC2CNCCN2CCNCC2)cc1,4.138436,Nc1ccc(N2CCC2C(=O)NCCN2CCNCC2)cc1,4.581372
c1ccc(NCc2ccc3oc(C4CN(Cc5ccc6nc(C7CNC7)oc6c5)C4)nc3c2)nc1,7.827911,O=C(c1ccc2nc(C3CNC3)oc2c1)N(Cc1ccc2oc(C3CNC3)nc2c1)c1ccccn1,7.802991
O=C(NC1CC1)c1ccc(-c2nc3ccc(CN4CCC[C@@H]4C(=O)NCc4ccccc4)cc3[nH]2)cc1,7.762363,O=C(NC1CC1)c1ccc(-c2nc3ccc(C(=O)N4CCC[C@@H]4C(=O)NCc4ccccc4)cc3[nH]2)cc1,7.336217
O=C(Nc1ccc(-c2ccc(NCc3ccc(-c4nnn(CC5CC5)n4)nc3)cc2)cc1)c1ccc(F)cc1,7.886756,O=C(Nc1ccc(-c2ccc(NC(=O)c3ccc(-c4nnn(CC5CC5)n4)nc3)cc2)cc1)c1ccc(F)cc1,6.954877
C[C@H](CNc1cccc(B(O)O)c1)NC(=O)c1ccccc1N,2.591046,C[C@@H](NC(=O)c1ccccc1N)C(=O)Nc1cccc(B(O)O)c1,3.836439
OB(O)c1cccc(NCc2ccc3[nH]c(C4CCN4)nc3c2)c1,5.294063,O=C(Nc1cccc(B(O)O)c1)c1ccc2[nH]c(C3CCN3)nc2c1,5.41519
c1ccc2c(c1)c(CCNC1CN(CC3CCN3)C1)cn2CC1CC1,6.756359,O=C(C1CCN1)N(CCc1cn(CC2CC2)c2ccccc12)C1CNC1,7.488252
Cc1cc(C)cc(-c2cccc3nc(C4CN(Cc5ccc6oc(C7CNC7)nc6c5)C4)oc23)c1,6.775895,Cc1cc(C)cc(-c2cccc3nc(C4CN(C(=O)c5ccc6oc(C7CNC7)nc6c5)C4)oc23)c1,6.555155
O=C(O)C1CCN1Cc1ccc2nc(-c3cccnc3)oc2c1,5.394126,O=C(O)C1CCN1C(=O)c1ccc2nc(-c3cccnc3)oc2c1,5.633772
N#Cc1ccccc1-c1ccc(NCc2ccc3nc(C4CNC4)oc3c2)cc1,7.491851,N#Cc1ccccc1-c1ccc(NC(=O)c2ccc3nc(C4CNC4)oc3c2)cc1,7.087894
c1cc2nc([C@H]3CCCNC3)[nH]c2cc1CNC1CC1,4.596381,O=C(NC1CC1)c1ccc2nc([C@H]3CCCNC3)[nH]c2c1,6.983829
O=Cc1ccnc(-c2ccc(NC(=O)N3CCC[C@@H]3CNC34CC(C3)C4)nc2)c1,6.238924,O=Cc1ccnc(-c2ccc(NC(=O)N3CCC[C@@H]3C(=O)NC34CC(C3)C4)nc2)c1,6.07017
NC1(c2nc3ccc(CNc4cccc5cc[nH]c45)cc3o2)CCC1,4.891645,NC1(c2nc3ccc(C(=O)Nc4cccc5cc[nH]c45)cc3o2)CCC1,5.155297
C[C@H](NCc1ccc(-c2nnn(CC3CC3)n2)nc1)c1nc2ccc(-c3nc4ccc(C(=O)O)cc4o3)cc2[nH]1,7.390789,C[C@H](NC(=O)c1ccc(-c2nnn(CC3CC3)n2)nc1)c1nc2ccc(-c3nc4ccc(C(=O)O)cc4o3)cc2[nH]1,7.263917
N#Cc1ccc2oc([C@H]3CCCN3C[C@@H]3Cc4ccccc4CN3)nc2c1,6.615252,N#Cc1ccc2oc([C@H]3CCCN3C(=O)[C@@H]3Cc4ccccc4CN3)nc2c1,6.800605
C#Cc1ccc(Nc2ccc(NCC3CCN3)cc2)c(O)c1,6.092135,C#Cc1ccc(Nc2ccc(NC(=O)C3CCN3)cc2)c(O)c1,6.445268
O=C(N[C@@H](C1=NCCc2ccccc21)c1ccccc1)C1(NCC2CNC2)CCC1,6.638116,O=C(NC1(C(=O)N[C@@H](C2=NCCc3ccccc32)c2ccccc2)CCC1)C1CNC1,7.00301
NC1(CN(Cc2ccc(-c3nnn(CC4CC4)n3)nc2)c2cccc(-c3cc(C=O)ccn3)c2)CCC1,6.361328,NC1(CN(C(=O)c2ccc(-c3nnn(CC4CC4)n3)nc2)c2cccc(-c3cc(C=O)ccn3)c2)CCC1,6.428469
O=C(O)c1cccc(O)c1NCC1CCN1,4.018162,O=C(O)c1cccc(O)c1NC(=O)C1CCN1,4.534455
FC(F)(F)c1ccnc(CNc2ccc(-c3ccc(NC[C@@H]4Cc5ccccc5CN4)cc3)cc2)c1,6.850914,O=C(Nc1ccc(-c2ccc(NCc3cc(C(F)(F)F)ccn3)cc2)cc1)[C@@H]1Cc2ccccc2CN1,7.031324
O=C(NCCc1ccncc1)c1ccc(O)c(N(Cc2cccc(C(=O)NC34CC(C3)C4)c2)C[C@@H]2Cc3ccccc3CN2)c1,6.880991,O=C(NCCc1ccncc1)c1ccc(O)c(N(Cc2cccc(C(=O)NC34CC(C3)C4)c2)C(=O)[C@@H]2Cc3ccccc3CN2)c1,6.912425
Brc1cc(-c2nc3ccc(CNc4cccc(-c5ccc(NCc6c[nH]c7ccccc67)cc5)c4)cc3o2)ccn1,7.024173,O=C(Nc1cccc(-c2ccc(NCc3c[nH]c4ccccc34)cc2)c1)c1ccc2nc(-c3ccnc(Br)c3)oc2c1,7.241019
OB(O)c1cccc(NC2CCN(Cc3ccc4[nH]c(C5CCNCC5)nc4c3)C2)c1,5.77845,O=C(c1ccc2[nH]c(C3CCNCC3)nc2c1)N(c1cccc(B(O)O)c1)C1CCNC1,5.44333
O=C(NC1CC1)[C@@H](NC[C@@H]1C[C@@H](OCc2ccc(-c3nnn(CC4CC4)n3)cc2)CN1)c1ccccc1,7.735571,O=C(N[C@H](C(=O)NC1CC1)c1ccccc1)[C@@H]1C[C@@H](OCc2ccc(-c3nnn(CC4CC4)n3)cc2)CN1,7.79962
O=C(O)c1cccc(O)c1NCC1CNC1,3.723325,O=C(O)c1cccc(O)c1NC(=O)C1CNC1,4.591677
Oc1cc(-c2cccc(NCC3CCN3C[C@@H]3Cc4ccccc4CN3)c2)ccc1NCC1CCN1,7.610183,O=C([C@@H]1Cc2ccccc2CN1)N(CC1CCN1)c1ccc(-c2cccc(NCC3CCN3)c2)cc1O,7.216877
Nc1ccc(CNc2ccc(Br)cc2)cc1O,3.776269,Nc1ccc(C(=O)Nc2ccc(Br)cc2)cc1O,4.044579
O=Cc1ccc(-c2cccc3[nH]c(C4(NCc5ccc(-c6nnn(CC7CC7)n6)nc5)CCC4)nc23)cc1,7.349946,O=Cc1ccc(-c2cccc3[nH]c(C4(NC(=O)c5ccc(-c6nnn(CC7CC7)n6)nc5)CCC4)nc23)cc1,7.031694
Cc1cc(-c2cccc(NCC3CCN3)c2)cnc1Nc1ccc2nc([C@@H]3CCCN3)oc2c1,7.730211,Cc1cc(-c2cccc(NC(=O)C3CCN3)c2)cnc1Nc1ccc2nc([C@@H]3CCCN3)oc2c1,7.623089
C[C@@H](NC(=O)[C@H]1CCCN1C(=O)[C@@H]1CCCN1Cc1cccc2oc(C3CNC3)nc12)c1ccccc1,7.432115,C[C@@H](NC(=O)[C@H]1CCCN1C(=O)[C@@H]1CCCN1C(=O)c1cccc2oc(C3CNC3)nc12)c1ccccc1,7.027694
N[C@@H](CNc1ccc(-c2cn(CC3CC3)nn2)cc1)c1ccccc1,7.230608,N[C@@H](C(=O)Nc1ccc(-c2cn(CC3CC3)nn2)cc1)c1ccccc1,8.0591
Fc1ccc(CN(Cc2ccc(-c3nnn(CC4CC4)n3)nc2)c2cccc(-c3c[nH]cn3)c2)cc1,6.851702,O=C(c1ccc(-c2nnn(CC3CC3)n2)nc1)N(Cc1ccc(F)cc1)c1cccc(-c2c[nH]cn2)c1,6.880429
N#Cc1cccc(Cn2ccc3cccc(NCc4ccc5oc(-c6ccc(C(=O)NC7CC7)cc6)nc5c4)c32)c1,7.088911,N#Cc1cccc(Cn2ccc3cccc(NC(=O)c4ccc5oc(-c6ccc(C(=O)NC7CC7)cc6)nc5c4)c32)c1,7.253288
O=C(Nc1cccc(-c2ccc(NCC3CCN3)cc2)c1)C1CCNCC1,7.64429,O=C(Nc1cccc(-c2ccc(NC(=O)C3CCN3)cc2)c1)C1CCNCC1,7.048837
N#Cc1ccc(N2CCC[C@@H]2CNc2cc(Br)n[nH]2)cc1,4.83713,N#Cc1ccc(N2CCC[C@@H]2C(=O)Nc2cc(Br)n[nH]2)cc1,5.143813
Nc1cccc(-c2ccccc2CCNCc2ccc(CO[C@H]3CN4CCC3CC4)cc2)c1,7.099161,NCCc1ccccc1-c1cccc(NC(=O)c2ccc(CO[C@H]3CN4CCC3CC4)cc2)c1,7.30706
O=C(O)c1ccc2oc(C3CN(Cc4ccc5oc(-c6ccc(CO[C@H]7CN8CCC7CC8)cc6)nc5c4)C3)nc2c1,7.643093,O=C(O)c1ccc2oc(C3CN(C(=O)c4ccc5oc(-c6ccc(CO[C@H]7CN8CCC7CC8)cc6)nc5c4)C3)nc2c1,7.625615
Nc1ccc(N(Cc2c[nH]c3ccccc23)CC2CNC2)cc1,4.721631,Nc1ccc(N(Cc2c[nH]c3ccccc23)C(=O)C2CNC2)cc1,5.795772
c1cc(NCc2ccc3nc(C4CNC4)oc3c2)c2[nH]ccc2c1,7.0896,O=C(Nc1cccc2cc[nH]c12)c1ccc2nc(C3CNC3)oc2c1,7.250821
c1ccc(NCC2CNC2)nc1,4.487818,O=C(Nc1ccccn1)C1CNC1,6.676711
O=C(Nc1cccc2cc[nH]c12)C1(NCc2ccc3nc(C4CNC4)oc3c2)CCC1,7.709646,O=C(NC1(C(=O)Nc2cccc3cc[nH]c23)CCC1)c1ccc2nc(C3CNC3)oc2c1,7.506403
O=C(Nc1cc(-c2cccc(NC3CCN(C[C@@H]4Cc5ccccc5CN4)CC3)c2)n[nH]1)C1CNC1,7.939652,O=C(Nc1cc(-c2cccc(N(C(=O)[C@@H]3Cc4ccccc4CN3)C3CCNCC3)c2)n[nH]1)C1CNC1,7.334913
N[C@H](CNc1ccc(-c2cn(CC3CC3)cn2)cc1)Cc1ccccc1,5.365749,N[C@@H](Cc1ccccc1)C(=O)Nc1ccc(-c2cn(CC3CC3)cn2)cc1,6.013448
O=C1CCN(c2nc(NCc3ccc(-c4nnn(CC5CC5)n4)nc3)c3nc[nH]c3n2)C1,6.542614,O=C1CCN(c2nc(NC(=O)c3ccc(-c4nnn(CC5CC5)n4)nc3)c3nc[nH]c3n2)C1,6.749244
O=C(Nc1ccc(-c2cccc(-c3nnn(CC4CC4)n3)c2)cc1)C1CCN(C[C@@H]2Cc3ccccc3CN2)CC1,7.983109,O=C(Nc1ccc(-c2cccc(-c3nnn(CC4CC4)n3)c2)cc1)C1CCN(C(=O)[C@@H]2Cc3ccccc3CN2)CC1,7.641242
O=C(NC1(c2nc3ccc(CNCCc4c[nH]c5ccccc45)cc3o2)CCC1)C1CCN1,7.413527,O=C(NCCc1c[nH]c2ccccc12)c1ccc2nc(C3(NC(=O)C4CCN4)CCC3)oc2c1,7.467998
C[C@@H](NC[C@@H]1CCCN1C(=O)c1cccc(B(O)O)c1)c1ccccc1,4.235858,C[C@@H](NC(=O)[C@@H]1CCCN1C(=O)c1cccc(B(O)O)c1)c1ccccc1,4.507083
Nc1ccc(-c2ccc(NCc3ccc4nc(-c5ccc(CO[C@H]6CN7CCC6CC7)cc5)oc4c3)cc2)cc1,7.96941,Nc1ccc(-c2ccc(NC(=O)c3ccc4nc(-c5ccc(CO[C@H]6CN7CCC6CC7)cc5)oc4c3)cc2)cc1,7.993241
O=Cc1cccc(-c2cccc(NCc3ccc4[nH]c(C5CN(C[C@@H]6Cc7ccccc7CN6)C5)nc4c3)c2)c1,7.347383,O=Cc1cccc(-c2cccc(N(Cc3ccc4[nH]c(C5CNC5)nc4c3)C(=O)[C@@H]3Cc4ccccc4CN3)c2)c1,7.435369
c1cc(Nc2nc3ccccc3[nH]2)cc(-c2cc(NCc3ccc4[nH]c(C5CNC5)nc4c3)[nH]n2)c1,7.568058,O=C(Nc1cc(-c2cccc(Nc3nc4ccccc4[nH]3)c2)n[nH]1)c1ccc2[nH]c(C3CNC3)nc2c1,7.516797
O=C1CCN(Cc2ccc(CCl)cc2)CC1,3.405138,O=C1CCN(C(=O)c2ccc(CCl)cc2)CC1,3.502896
OB(O)c1ccc(Nc2ccccc2CCNCC2CCN2)cc1,4.689559,O=C(NCCc1ccccc1Nc1ccc(B(O)O)cc1)C1CCN1,4.930678
c1cc2nc([C@H]3CCCN3)oc2cc1CNCc1cn(Cc2ccc(-c3nnn(CC4CC4)n3)cc2)nn1,7.671348,O=C(NCc1cn(Cc2ccc(-c3nnn(CC4CC4)n3)cc2)nn1)c1ccc2nc([C@H]3CCCN3)oc2c1,7.968538
Cc1c[nH]c(-c2ccc(NCc3ccc4nc(C5CNC5)oc4c3)cc2)n1,7.269871,Cc1c[nH]c(-c2ccc(NC(=O)c3ccc4nc(C5CNC5)oc4c3)cc2)n1,7.002184
c1cc(CNCc2cn(CC3CC3)c3ccccc23)cc(-c2ccc3oc(C4CNC4)nc3c2)c1,8.001207,O=C(NCc1cn(CC2CC2)c2ccccc12)c1cccc(-c2ccc3oc(C4CNC4)nc3c2)c1,8.3331
N#Cc1ccc(Cn2cc(C[C@@H](NCc3ccc4nc(C5CNC5)oc4c3)C(=O)O)c3ccccc32)cc1,6.25067,N#Cc1ccc(Cn2cc(C[C@@H](NC(=O)c3ccc4nc(C5CNC5)oc4c3)C(=O)O)c3ccccc32)cc1,6.375077
O=C(Nc1cccc(-c2ccccc2CCNC[C@@H]2Cc3ccccc3CN2)c1)c1ccc(CNC23CC(C2)C3)cc1,7.8053,O=C(Nc1cccc(-c2ccccc2CCNC(=O)[C@@H]2Cc3ccccc3CN2)c1)c1ccc(CNC23CC(C2)C3)cc1,7.885252
OB(O)c1cccc(CNCCc2c[nH]c3ccccc23)c1,3.760542,O=C(NCCc1c[nH]c2ccccc12)c1cccc(B(O)O)c1,4.023968
O=C(O)c1cccc(CN2CC(CNc3cccc(-c4cncc(-c5nnn(CC6CC6)n5)c4)c3)C2)c1,7.079747,O=C(Nc1cccc(-c2cncc(-c3nnn(CC4CC4)n3)c2)c1)c1cccc(CN2CC(C(=O)O)C2)c1,7.03418
O=Cc1cn(CC2CC2)c2ccc(-c3cccc(NCc4ccc5nc([C@@H]6CCCN6)oc5c4)c3)cc12,7.563497,O=Cc1cn(CC2CC2)c2ccc(-c3cccc(NC(=O)c4ccc5nc([C@@H]6CCCN6)oc5c4)c3)cc12,7.465869
c1cc(-c2ccc3nc(-c4ccc5nc(C6CNC6)oc5c4)oc3c2)ccc1NCC1CNC1,7.381305,O=C(Nc1ccc(-c2ccc3nc(-c4ccc5nc(C6CNC6)oc5c4)oc3c2)cc1)C1CNC1,5.40103
N#Cc1ccccc1Cn1nnc(-c2ccccc2Cn2cc(CNCc3ccc(-c4nnn(CC5CC5)n4)nc3)nn2)n1,7.127695,N#Cc1ccccc1Cn1nnc(-c2ccccc2Cn2cc(CNC(=O)c3ccc(-c4nnn(CC5CC5)n4)nc3)nn2)n1,7.358439
O=C(O)C1CCN(Cc2cccc(-c3cnc(F)nc3)c2)CC1,4.8701,O=C(O)C1CCN(C(=O)c2cccc(-c3cnc(F)nc3)c2)CC1,4.998507
O=C(O)c1ccccc1NCC1CCNCC1,3.133844,O=C(O)c1ccccc1NC(=O)C1CCNCC1,4.813655
c1ccc(-c2nc3ccc(-c4cccc(NCc5ccc(-c6nnn(CC7CC7)n6)nc5)c4)cc3o2)cc1,7.977491,O=C(Nc1cccc(-c2ccc3nc(-c4ccccc4)oc3c2)c1)c1ccc(-c2nnn(CC3CC3)n2)nc1,7.720487
c1ccc(-c2nc3cc(-c4nc5ccc(CNCc6cn(CC7CC7)c7ccccc67)cc5o4)ccc3o2)cc1,7.722609,O=C(NCc1cn(CC2CC2)c2ccccc12)c1ccc2nc(-c3ccc4oc(-c5ccccc5)nc4c3)oc2c1,7.884426
Nc1ccc(CN[C@@H](c2ccccc2)c2nc3ccc(C(=O)O)cc3o2)cc1O,4.566809,N[C@@H](c1ccccc1)c1nc2ccc(C(=O)Nc3ccc(C(=O)O)cc3O)cc2o1,5.374853
Cc1cc(-c2cccc(-c3nnn(CC4CC4)n3)c2)cnc1NCc1ccc(-c2nnn(CC3CC3)n2)nc1,8.01775,Cc1cc(-c2cccc(-c3nnn(CC4CC4)n3)c2)cnc1NC(=O)c1ccc(-c2nnn(CC3CC3)n2)nc1,6.789946
C[C@@H](NC(=O)[C@@H](NCc1ccc(-c2nnn(CC3CC3)n2)nc1)c1ccccc1)c1ccccc1,7.340287,C[C@@H](NC(=O)[C@@H](NC(=O)c1ccc(-c2nnn(CC3CC3)n2)nc1)c1ccccc1)c1ccccc1,7.374738
OB(O)c1ccc(NC[C@@H](NCc2ccc(CCl)cc2)c2ccccc2)cc1,3.949328,O=C(N[C@H](CNc1ccc(B(O)O)cc1)c1ccccc1)c1ccc(CCl)cc1,4.195502
O=C(N[C@H](CNCc1c[nH]c2ccccc12)Cc1ccccc1)C1CCNCC1,5.647764,O=C(N[C@@H](Cc1ccccc1)C(=O)NCc1c[nH]c2ccccc12)C1CCNCC1,5.982599
O=C(Nc1ccccn1)C1CN(C(=O)[C@@H](NC(=O)C2CCN2CC2CNC2)c2ccccc2)C1,6.464449,O=C(Nc1ccccn1)C1CN(C(=O)[C@@H](NC(=O)C2CCN2C(=O)C2CNC2)c2ccccc2)C1,6.476527
c1ccc2c(NCC3CCNCC3)ccnc2c1,3.671226,O=C(Nc1ccnc2ccccc12)C1CCNCC1,5.870398
c1ccc(CN(Cc2ccc(CO[C@H]3CN4CCC3CC4)cc2)Cc2ccc(-c3nnn(CC4CC4)n3)nc2)cc1,7.96538,O=C(c1ccc(-c2nnn(CC3CC3)n2)nc1)N(Cc1ccccc1)Cc1ccc(CO[C@H]2CN3CCC2CC3)cc1,7.83413
Oc1cncc(-c2cccc(NCC3CNC3)c2)c1,6.15126,O=C(Nc1cccc(-c2cncc(O)c2)c1)C1CNC1,6.856489
Oc1cc(-c2ccc(NCc3ccc(CO[C@H]4CN5CCC4CC5)cc3)nc2)ccc1NC1CNC1,7.528951,O=C(Nc1ccc(-c2ccc(NC3CNC3)c(O)c2)cn1)c1ccc(CO[C@H]2CN3CCC2CC3)cc1,6.737543
O=C(c1ccc(CCl)cc1)N1CCC[C@H]1CNc1cccc(-c2cccc(-c3nc4ccccc4o3)c2)c1,7.044376,O=C(Nc1cccc(-c2cccc(-c3nc4ccccc4o3)c2)c1)[C@@H]1CCCN1C(=O)c1ccc(CCl)cc1,7.048069
Cc1cc(Br)cnc1NCC1(N)CCC1,2.487055,Cc1cc(Br)cnc1NC(=O)C1(N)CCC1,3.12406
O=C(NC1CC1)c1ccc(O)c(NCc2cccc(-c3cncc(-c4nnn(CC5CC5)n4)c3)c2)c1,7.725656,O=C(Nc1cc(C(=O)NC2CC2)ccc1O)c1cccc(-c2cncc(-c3nnn(CC4CC4)n3)c2)c1,7.147207
O=C(NC1CC1)c1cccc(-c2cc(NCC3CCN(C(=O)Nc4cccc(B(O)O)c4)CC3)[nH]n2)c1,6.593147,O=C(NC1CC1)c1cccc(-c2cc(NC(=O)C3CCN(C(=O)Nc4cccc(B(O)O)c4)CC3)[nH]n2)c1,6.567416
O=C(NCc1ccccc1)[C@@H]1Cc2ccccc2CN1Cc1ccc(CO[C@H]2CN3CCC2CC3)cc1,7.590562,O=C(NCc1ccccc1)[C@@H]1Cc2ccccc2CN1C(=O)c1ccc(CO[C@H]2CN3CCC2CC3)cc1,7.378341
N[C@H](CNc1cccc(B(O)O)c1)Cc1c[nH]c2ccccc12,2.71318,N[C@@H](Cc1c[nH]c2ccccc12)C(=O)Nc1cccc(B(O)O)c1,3.230896
C[C@@H](NC(=O)C1CCN1Cc1cccc(-c2nc3ccc(C(=O)O)cc3o2)c1)c1ccccc1,6.520055,C[C@@H](NC(=O)C1CCN1C(=O)c1ccc2nc(-c3cccc(C(=O)O)c3)oc2c1)c1ccccc1,6.666879
O=C(Nc1c(O)cccc1CNCc1cn(Cc2ccc(-c3nnn(CC4CC4)n3)cc2)c2ccccc12)NC12CC(C1)C2,7.438668,O=C(Nc1c(O)cccc1C(=O)NCc1cn(Cc2ccc(-c3nnn(CC4CC4)n3)cc2)c2ccccc12)NC12CC(C1)C2,7.385887
Brc1ccc(NCc2ccc3nc(-c4ccc5oc([C@H]6CCCN6)nc5c4)oc3c2)cc1,7.183195,O=C(Nc1ccc(Br)cc1)c1ccc2nc(-c3ccc4oc([C@H]5CCCN5)nc4c3)oc2c1,7.264892
c1ccc([C@@H](CNc2cccc(-c3cncc(-c4nnn(CC5CC5)n4)c3)c2)NCC2CNC2)cc1,7.674296,O=C(Nc1cccc(-c2cncc(-c3nnn(CC4CC4)n3)c2)c1)[C@@H](NCC1CNC1)c1ccccc1,7.59442
C[C@H](CNc1nc(Br)cs1)NC(=O)c1ccc(N)c(O)c1,2.587867,C[C@@H](NC(=O)c1ccc(N)c(O)c1)C(=O)Nc1nc(Br)cs1,3.900231
O=Cc1ccc(CNc2cccc(-c3cn(CC4CC4)cn3)c2)cc1,6.654334,O=Cc1ccc(C(=O)Nc2cccc(-c3cn(CC4CC4)cn3)c2)cc1,7.094675
c1ccc2c(c1)CN[C@H](CN1CCC[C@H]1c1nc3ccc(NCCc4cn(CC5CC5)c5ccccc45)cc3o1)C2,7.779573,O=C([C@@H]1Cc2ccccc2CN1)N(CCc1cn(CC2CC2)c2ccccc12)c1ccc2nc([C@@H]3CCCN3)oc2c1,7.717311
c1ccc2c(c1)CN[C@H](CN1CC(N(Cc3ccc4nc([C@H]5CCCNC5)oc4c3)C3CC3)C1)C2,6.423194,O=C([C@@H]1Cc2ccccc2CN1)N1CC(N(Cc2ccc3nc([C@H]4CCCNC4)oc3c2)C2CC2)C1,6.756298
Oc1ccc(CCNCC2CN(Cc3cccc(-c4ccc5nc(C6CNC6)oc5c4)c3)C2)cc1,7.194308,O=C(c1cccc(-c2ccc3nc(C4CNC4)oc3c2)c1)N(CCc1ccc(O)cc1)CC1CNC1,7.265812
O=C(C1CCN1)N1Cc2ccccc2C[C@H]1CNc1cccc(-c2ccc(NCc3c[nH]c4ccccc34)cc2)c1,7.486456,O=C(Nc1cccc(-c2ccc(NCc3c[nH]c4ccccc34)cc2)c1)[C@@H]1Cc2ccccc2CN1C(=O)C1CCN1,7.335156
c1ccc(CCN(Cc2ccc(COCC3CNC3)cc2)Cc2ccc3nc([C@H]4CCCN4)oc3c2)cc1,7.258412,O=C(c1ccc(COCC2CNC2)cc1)N(CCc1ccccc1)Cc1ccc2nc([C@H]3CCCN3)oc2c1,7.219249
C[C@@H](NCc1cccc(C(=O)NC2(CNc3ccccn3)CCC2)c1)c1ccccc1,5.253934,C[C@@H](NCc1cccc(C(=O)NC2(C(=O)Nc3ccccn3)CCC2)c1)c1ccccc1,6.413424
Nc1ccc(CN2CCC(O)CC2)cc1O,3.463062,Nc1ccc(C(=O)N2CCC(O)CC2)cc1O,3.38342
c1cc(NCc2ccc3oc(C4CNC4)nc3c2)c2[nH]ccc2c1,7.131688,O=C(Nc1cccc2cc[nH]c12)c1ccc2oc(C3CNC3)nc2c1,7.182576
O=C(O)C1CN(CC2CNC2)C1,3.156538,O=C(O)C1CN(C(=O)C2CNC2)C1,5.214001
N#Cc1ccc2oc(-c3ccc(Cn4cc(CCNCc5ccc6nc(C7CNC7)oc6c5)c5ccccc54)cc3)nc2c1,7.499836,N#Cc1ccc2oc(-c3ccc(Cn4cc(CCNC(=O)c5ccc6nc(C7CNC7)oc6c5)c5ccccc54)cc3)nc2c1,7.67655
O=C(NCCc1ccncc1)[C@@H]1CCCN1Cc1ccc2nc(C3CNC3)[nH]c2c1,7.429711,O=C(NCCc1ccncc1)[C@@H]1CCCN1C(=O)c1ccc2nc(C3CNC3)[nH]c2c1,7.145674
O=Cc1ccc(-c2nc3c(CNCc4c[nH]c5ccccc45)cccc3o2)cc1,5.826599,O=Cc1ccc(-c2nc3c(C(=O)NCc4c[nH]c5ccccc45)cccc3o2)cc1,5.874216
NCCc1ccccc1-c1cccc(NCc2ccc3[nH]c(C4CNC4)nc3c2)c1,6.885572,NCCc1ccccc1-c1cccc(NC(=O)c2ccc3[nH]c(C4CNC4)nc3c2)c1,6.784527
c1ccc(-c2nc3c(CNc4ccnc5ccccc45)cccc3o2)cc1,5.838594,O=C(Nc1ccnc2ccccc12)c1cccc2oc(-c3ccccc3)nc12,6.127675
Nc1cc(Nc2ccc3oc(-c4ccc(CN5CC(C(=O)O)C5)cc4)nc3c2)[nH]n1,5.230391,Nc1cc(N(C(=O)C2CNC2)c2ccc3oc(-c4ccc(C(=O)O)cc4)nc3c2)[nH]n1,5.931316
NCCc1ccccc1-c1cccc(NCc2cnccc2NCc2ccc(CO[C@H]3CN4CCC3CC4)cc2)c1,7.131915,NCCc1ccccc1-c1cccc(NCc2cnccc2NC(=O)c2ccc(CO[C@H]3CN4CCC3CC4)cc2)c1,7.205902
N#Cc1ccc2nc([C@@H]3CCCN3Cc3ccc(CCl)cc3)[nH]c2c1,4.847499,N#Cc1ccc2nc([C@@H]3CCCN3C(=O)c3ccc(CCl)cc3)[nH]c2c1,5.046295
O=C(NCCc1cn(CC2CC2)c2ccccc12)[C@H](Cc1c[nH]c2ccccc12)NC(=O)[C@@H](NCC1CCN1)c1ccccc1,7.132676,O=C(N[C@H](C(=O)N[C@@H](Cc1c[nH]c2ccccc12)C(=O)NCCc1cn(CC2CC2)c2ccccc12)c1ccccc1)C1CCN1,7.265924
Nc1ccc(CNc2cccc3cc[nH]c23)cc1O,3.952252,Nc1ccc(C(=O)Nc2cccc3cc[nH]c23)cc1O,4.337398
c1ccc2c(c1)c(CNCc1ccc3oc(-c4ccc5oc(C6CCN6)nc5c4)nc3c1)cn2CC1CC1,7.942812,O=C(NCc1cn(CC2CC2)c2ccccc12)c1ccc2oc(-c3ccc4oc(C5CCN5)nc4c3)nc2c1,8.089458
N#Cc1cncc(-c2ccc(NCc3ccc(CNc4ccc(N5CCNCC5)cc4)cc3)cc2)c1,7.112954,N#Cc1cncc(-c2ccc(NCc3ccc(C(=O)Nc4ccc(N5CCNCC5)cc4)cc3)cc2)c1,7.344877
O=C(Nc1ccc(-c2ccc(NCC3CCN3CC3CCN3)cc2)cc1)C1CCN1,6.037199,O=C(Nc1ccc(-c2ccc(N(CC3CCN3)C(=O)C3CCN3)cc2)cc1)C1CCN1,2.372144
O=C1CN(C(=O)C2CCN2c2ccc(NCc3ccc(CCl)cc3)cc2)C1,5.635317,O=C1CN(C(=O)C2CCN2c2ccc(NC(=O)c3ccc(CCl)cc3)cc2)C1,5.950123
O=C(NC1CC1)c1ccc2nc([C@@H]3CCCN3Cc3ccc(CNC45CC(C4)C5)cc3)oc2c1,7.827514,O=C(NC1CC1)c1ccc2nc([C@@H]3CCCN3C(=O)c3ccc(CNC45CC(C4)C5)cc3)oc2c1,7.960484
N#Cc1ccc(CNc2ccccc2-c2nc3ccc(C(=O)O)cc3[nH]2)cn1,5.044889,N#Cc1ccc(C(=O)Nc2ccccc2-c2nc3ccc(C(=O)O)cc3[nH]2)cn1,4.96978
O=C(Nc1ccccc1-c1nc2cc(-c3cccc(NC[C@@H]4Cc5ccccc5CN4)c3)ccc2o1)[C@@H]1CCCN1,7.624553,O=C(Nc1cccc(-c2ccc3oc(-c4ccccc4NC(=O)[C@@H]4CCCN4)nc3c2)c1)[C@@H]1Cc2ccccc2CN1,7.602894
N#Cc1ccc(Cn2nnc(-c3ccc(Cn4cnc5c(NC[C@@H]6Cc7ccccc7CN6)nc(F)nc54)cc3)n2)cc1,6.691015,N#Cc1ccc(Cn2nnc(-c3ccc(Cn4cnc5c(NC(=O)[C@@H]6Cc7ccccc7CN6)nc(F)nc54)cc3)n2)cc1,6.909799
Nc1c(F)cccc1CNc1cccc2cc[nH]c12,4.359413,Nc1c(F)cccc1C(=O)Nc1cccc2cc[nH]c12,4.269088
C[C@@H](NCc1ccc2oc(C3CNC3)nc2c1)C(=O)Nc1ccc(-c2cccc(C#N)c2)cc1,7.477658,C[C@@H](NC(=O)c1ccc2oc(C3CNC3)nc2c1)C(=O)Nc1ccc(-c2cccc(C#N)c2)cc1,7.680755
Nc1ccc(CN2CCC(C(=O)O)CC2)cc1N,3.572771,Nc1ccc(C(=O)N2CCC(C(=O)O)CC2)cc1N,3.847142
O=C(NCCc1ccccc1)c1ccc2nc([C@H]3CCCN3Cc3cccc4oc(C5CNC5)nc34)oc2c1,7.64825,O=C(NCCc1ccccc1)c1ccc2nc([C@H]3CCCN3C(=O)c3cccc4oc(C5CNC5)nc34)oc2c1,7.355851
O=C(NCCc1c[nH]c2ccccc12)C1CN(Cc2ccc3nc(-c4ccc(-c5nnn(CC6CC6)n5)nc4)oc3c2)C1,7.904142,O=C(NCCc1c[nH]c2ccccc12)C1CN(C(=O)c2ccc3nc(-c4ccc(-c5nnn(CC6CC6)n5)nc4)oc3c2)C1,7.595295
CC(NCc1c[nH]c2ccccc12)c1cccc(-c2cc(NCc3ccccc3N)[nH]n2)c1,6.145092,CC(NCc1c[nH]c2ccccc12)c1cccc(-c2cc(NC(=O)c3ccccc3N)[nH]n2)c1,6.322188
c1cncc(-c2ncccc2NCC2CCN2)c1,5.939924,O=C(Nc1cccnc1-c1cccnc1)C1CCN1,6.702166
O=C(O)C1(NCC2CNC2)CCC1,2.941397,O=C(NC1(C(=O)O)CCC1)C1CNC1,5.738308
N[C@H](Cc1c[nH]c2ccccc12)CN1CCC[C@@H]1C(=O)O,3.291069,N[C@H](Cc1c[nH]c2ccccc12)C(=O)N1CCC[C@@H]1C(=O)O,3.333373
c1ccc(Nc2ccc(N(Cc3ccc4oc(C5CNC5)nc4c3)C[C@@H]3Cc4ccccc4CN3)cc2)nc1,7.519548,O=C([C@@H]1Cc2ccccc2CN1)N(Cc1ccc2oc(C3CNC3)nc2c1)c1ccc(Nc2ccccn2)cc1,7.409168
OB(O)c1cccc(NCc2ccc3oc(C4CN(Cc5ccc(CO[C@H]6CN7CCC6CC7)cc5)C4)nc3c2)c1,6.934047,O=C(c1ccc(CO[C@H]2CN3CCC2CC3)cc1)N(Cc1ccc2oc(C3CNC3)nc2c1)c1cccc(B(O)O)c1,7.20473
Fc1cc(-c2nc3ccc(CNc4ccc(Br)cc4)cc3o2)ccn1,5.711903,O=C(Nc1ccc(Br)cc1)c1ccc2nc(-c3ccnc(F)c3)oc2c1,6.011237
Nc1ccc(-c2ccccc2CCNCc2ccc3[nH]c(C4CNC4)nc3c2)cc1,6.861594,NCCc1ccccc1-c1ccc(NC(=O)c2ccc3[nH]c(C4CNC4)nc3c2)cc1,6.798376
Nc1ccccc1CNc1ccc(B(O)O)cc1,3.299619,Nc1ccccc1C(=O)Nc1ccc(B(O)O)cc1,3.5449
N#Cc1ccccc1COCC1CN(Cc2ccc(CCl)cc2)C1,5.054387,N#Cc1ccccc1COCC1CN(C(=O)c2ccc(CCl)cc2)C1,5.151955
O=C(O)c1ccc(Cn2nnc(-c3cccc(-c4ccccc4CCNC[C@@H]4Cc5ccccc5CN4)c3)n2)cc1,6.873106,O=C(O)c1ccc(Cn2nnc(-c3cccc(-c4ccccc4CCNC(=O)[C@@H]4Cc5ccccc5CN4)c3)n2)cc1,7.053921
O=C(c1ccccc1NCC1CCN1)N1CCC[C@H]1CO,4.964069,O=C(Nc1ccccc1C(=O)N1CCC[C@H]1CO)C1CCN1,5.635347
c1ccc(-c2ccc(-c3nnn(CC4CC4)n3)s2)c(CCNCc2cccc3oc(C4CNC4)nc23)c1,7.914822,O=C(NCCc1ccccc1-c1ccc(-c2nnn(CC3CC3)n2)s1)c1cccc2oc(C3CNC3)nc12,7.917265
O=C(O)C1CCN1Cc1ccc(O)c(NCC2CNC2)c1,5.180273,O=C(O)C1CCN1C(=O)c1ccc(O)c(NCC2CNC2)c1,5.552495
O=C(O)c1cccc2oc(C3CN(Cc4ccc5nc(C6CCNCC6)oc5c4)C3)nc12,6.425666,O=C(O)c1ccc2nc(C3CCN(C(=O)c4cccc5oc(C6CNC6)nc45)CC3)oc2c1,6.785954
O=C(Nc1ccnc2ccccc12)c1ccc2nc([C@@H]3CCCN3Cc3ccc4nc(C5CNC5)oc4c3)oc2c1,7.92898,O=C(Nc1ccnc2ccccc12)c1ccc2nc([C@@H]3CCCN3C(=O)c3ccc4nc(C5CNC5)oc4c3)oc2c1,7.659836
OB(O)c1cccc(NCC2CCNCC2)c1,2.910825,O=C(Nc1cccc(B(O)O)c1)C1CCNCC1,4.206943
C[C@@H](NC(=O)c1ccc2oc(C3CN(Cc4ccc(CO[C@H]5CN6CCC5CC6)cc4)C3)nc2c1)c1ccccc1,7.825036,C[C@@H](NC(=O)c1ccc2oc(C3CN(C(=O)c4ccc(CO[C@H]5CN6CCC5CC6)cc4)C3)nc2c1)c1ccccc1,7.647688
Fc1nc(N(Cc2ccc3oc(-c4cccc5oc(C6CNC6)nc45)nc3c2)CC2CCN2)c2nc[nH]c2n1,7.388985,O=C(c1ccc2oc(-c3cccc4oc(C5CNC5)nc34)nc2c1)N(CC1CCN1)c1nc(F)nc2[nH]cnc12,6.923234
Brc1cc(NCc2ccc3nc(-c4ncc[nH]4)oc3c2)[nH]n1,4.598225,O=C(Nc1cc(Br)n[nH]1)c1ccc2nc(-c3ncc[nH]3)oc2c1,4.992045
O=C([C@@H]1Cc2ccccc2CN1Cc1ccc(-c2nc3cc(-c4nnn(CC5CC5)n4)ccc3o2)cc1)N1CC[C@@H](O)C1,7.272213,O=C([C@@H]1Cc2ccccc2CN1C(=O)c1ccc(-c2nc3cc(-c4nnn(CC5CC5)n4)ccc3o2)cc1)N1CC[C@@H](O)C1,7.183274
C[C@@H](NC[C@H]1CCCN(C(=O)c2ccc(N)c(N)c2)C1)c1ccccc1,5.453517,C[C@@H](NC(=O)[C@H]1CCCN(C(=O)c2ccc(N)c(N)c2)C1)c1ccccc1,5.92957
N#Cc1ccc(CN2CCC(C(=O)O)CC2)cn1,3.855449,N#Cc1ccc(C(=O)N2CCC(C(=O)O)CC2)cn1,4.017383
O=C1CN(Cc2ccc3nc(C4CCNCC4)oc3c2)C1,5.468821,O=C1CN(C(=O)c2ccc3nc(C4CCNCC4)oc3c2)C1,5.800526
O=C(O)[C@H](NCc1ccc2oc(C3CNC3)nc2c1)c1ccccc1,6.182972,O=C(N[C@@H](C(=O)O)c1ccccc1)c1ccc2oc(C3CNC3)nc2c1,6.360496
O=C(Nc1ccc(-c2cccc(NC[C@@H]3Cc4ccccc4CN3)c2)cc1)[C@H]1CCCNC1,8.000979,O=C(Nc1ccc(-c2cccc(NC(=O)[C@@H]3Cc4ccccc4CN3)c2)cc1)[C@H]1CCCNC1,7.805579
O=C(Nc1ccnc2ccccc12)c1ccc2oc([C@H]3CCCN3Cc3ccc(CO[C@H]4CN5CCC4CC5)cc3)nc2c1,7.922467,O=C(Nc1ccnc2ccccc12)c1ccc2oc([C@H]3CCCN3C(=O)c3ccc(CO[C@H]4CN5CCC4CC5)cc3)nc2c1,7.949803
O=Cc1cccc(CN2Cc3ccccc3C[C@H]2C(=O)O)c1,4.269581,O=Cc1cccc(C(=O)N2Cc3ccccc3C[C@H]2C(=O)O)c1,4.483296
Nc1ccc(-c2ccc(NCc3ccc4nc(-c5cccc(C(=O)NC6CC6)c5)oc4c3)cc2)cc1,7.82323,Nc1ccc(-c2ccc(NC(=O)c3ccc4nc(-c5cccc(C(=O)NC6CC6)c5)oc4c3)cc2)cc1,7.496512
Nc1ccncc1CN(Cc1ccc(-c2nnn(CC3CC3)n2)nc1)C12CC(C1)C2,6.999914,Nc1ccncc1CN(C(=O)c1ccc(-c2nnn(CC3CC3)n2)nc1)C12CC(C1)C2,6.367968
O=C(Nc1cccc(-c2ccc(NC3CCN(C[C@@H]4Cc5ccccc5CN4)C3)c(O)c2)c1)[C@H]1CCCN1,7.393208,O=C(Nc1cccc(-c2ccc(N(C(=O)[C@@H]3Cc4ccccc4CN3)C3CCNC3)c(O)c2)c1)[C@H]1CCCN1,6.810627
O=C(Nc1cccc(-c2ccc(NCC3CNC3)cc2)c1)c1cccc(F)n1,7.134437,O=C(Nc1cccc(-c2ccc(NC(=O)C3CNC3)cc2)c1)c1cccc(F)n1,7.404204
c1cc(NCC2CNC2)cc(-c2c[nH]nc2NC[C@@H]2Cc3ccccc3CN2CC2CNC2)c1,7.352964,O=C(C1CNC1)N(CC1CNC1)c1cccc(-c2c[nH]nc2NC[C@@H]2Cc3ccccc3CN2)c1,7.524611
O=Cc1ccnc(N2CCC[C@H](CNc3cc(-c4cccc(-c5nnn(CC6CC6)n5)c4)n[nH]3)C2)c1,7.204502,O=Cc1ccnc(N2CCC[C@H](C(=O)Nc3cc(-c4cccc(-c5nnn(CC6CC6)n5)c4)n[nH]3)C2)c1,7.158674
c1cc(NCc2ccc(CO[C@H]3CN4CCC3CC4)cc2)c2c(c1)ccn2CC1CC1,7.874388,O=C(Nc1cccc2ccn(CC3CC3)c12)c1ccc(CO[C@H]2CN3CCC2CC3)cc1,8.177875
c1cncc(CNc2cccc(-c3ccc(N(CC4CCN4)CC4CCN4)cc3)c2)c1,6.9569,O=C(C1CCN1)N(CC1CCN1)c1ccc(-c2cccc(NCc3cccnc3)c2)cc1,6.752062
O=C(NC1CC1)c1ccc(CN(C[C@@H]2Cc3ccccc3CN2)c2cc(C(=O)NC3CC3)ccc2O)cc1,7.445273,O=C(NC1CC1)c1ccc(CN(C(=O)[C@@H]2Cc3ccccc3CN2)c2cc(C(=O)NC3CC3)ccc2O)cc1,7.367112
O=C(NC1(CNc2cccc(B(O)O)c2)CCC1)C1CCN1,4.4061,O=C(NC1(C(=O)Nc2cccc(B(O)O)c2)CCC1)C1CCN1,5.430125
O=C(Nc1cccc(B(O)O)c1)C1(NCc2ccc(CO[C@H]3CN4CCC3CC4)cc2)CCC1,6.678076,O=C(NC1(C(=O)Nc2cccc(B(O)O)c2)CCC1)c1ccc(CO[C@H]2CN3CCC2CC3)cc1,6.543291
c1cc(NCC2(NC[C@@H]3Cc4ccccc4CN3)CCC2)cc(-c2cc(NC[C@@H]3Cc4ccccc4CN3)[nH]n2)c1,7.787716,O=C(Nc1cc(-c2cccc(NCC3(NC[C@@H]4Cc5ccccc5CN4)CCC3)c2)n[nH]1)[C@@H]1Cc2ccccc2CN1,7.815481
O=C(O)C1CCN1Cc1ccc(NCc2ccc(O)c(NC(=O)[C@H]3CCCN3)c2)c(O)c1,5.696708,O=C(O)C1CCN1C(=O)c1ccc(NCc2ccc(O)c(NC(=O)[C@H]3CCCN3)c2)c(O)c1,5.830344
C[C@H](c1ccccc1)N(Cc1cccc(-c2nc3ccc(-c4nc5ccccc5o4)cc3o2)c1)C[C@@H]1Cc2ccccc2CN1,7.356485,C[C@H](c1ccccc1)N(Cc1cccc(-c2nc3ccc(-c4nc5ccccc5o4)cc3o2)c1)C(=O)[C@@H]1Cc2ccccc2CN1,7.448171
OB(O)c1ccc(NCc2ccc3oc(-c4ccc(CO[C@H]5CN6CCC5CC6)cc4)nc3c2)cc1,6.821927,O=C(Nc1ccc(B(O)O)cc1)c1ccc2oc(-c3ccc(CO[C@H]4CN5CCC4CC5)cc3)nc2c1,6.90925
O=C(C1CNC1)N(c1cnc(N(C[C@@H]2Cc3ccccc3CN2)c2ccnc3ccccc23)nc1)c1ccnc2ccccc12,6.232361,O=C(C1CNC1)N(c1cnc(N(C(=O)[C@@H]2Cc3ccccc3CN2)c2ccnc3ccccc23)nc1)c1ccnc2ccccc12,5.535583
OB(O)c1cccc(NCc2cccc(-c3ccc4oc(C5CNC5)nc4c3)c2)c1,6.147282,O=C(Nc1cccc(B(O)O)c1)c1cccc(-c2ccc3oc(C4CNC4)nc3c2)c1,6.293473
ClCc1ccc(-c2nc3ccc(CNCCc4ccccc4Br)cc3o2)cc1,5.662573,O=C(NCCc1ccccc1Br)c1ccc2nc(-c3ccc(CCl)cc3)oc2c1,5.976029
O=C(N[C@H](CNCc1ccc(O)cc1)Cc1c[nH]c2ccccc12)c1ccc(CCl)cc1,4.983739,O=C(N[C@@H](Cc1c[nH]c2ccccc12)C(=O)NCc1ccc(O)cc1)c1ccc(CCl)cc1,5.160868
O=Cc1cnccc1NCC1CN(Cc2cccc(Br)c2)C1,4.359448,O=Cc1cnccc1NC(=O)C1CN(Cc2cccc(Br)c2)C1,4.815547
Fc1nc(Nc2ccc(NCc3cccc(-c4nc5cc(-c6nnn(CC7CC7)n6)ccc5o4)c3)cc2)c2nc[nH]c2n1,7.383821,O=C(Nc1ccc(Nc2nc(F)nc3[nH]cnc23)cc1)c1cccc(-c2nc3cc(-c4nnn(CC5CC5)n4)ccc3o2)c1,7.527165
O=C(Nc1cccc2cc[nH]c12)c1ccccc1NCc1ccc2[nH]c(-c3ccc4nc(C5CNC5)oc4c3)nc2c1,7.404997,O=C(Nc1ccccc1C(=O)Nc1cccc2cc[nH]c12)c1ccc2[nH]c(-c3ccc4nc(C5CNC5)oc4c3)nc2c1,7.523341
O=C(Nc1ccncc1CN(CCc1ccc(O)cc1)C[C@@H]1Cc2ccccc2CN1)c1ccc(CO[C@H]2CN3CCC2CC3)cc1,7.261783,O=C(Nc1ccncc1CN(CCc1ccc(O)cc1)C(=O)[C@@H]1Cc2ccccc2CN1)c1ccc(CO[C@H]2CN3CCC2CC3)cc1,7.255045
O=C(Nc1cccc2cc[nH]c12)[C@H]1CCCN1c1cccc(CNCCc2cn(CC3CC3)c3ccccc23)n1,7.33936,O=C(NCCc1cn(CC2CC2)c2ccccc12)c1cccc(N2CCC[C@@H]2C(=O)Nc2cccc3cc[nH]c23)n1,7.691547
Nc1c(O)cccc1CNc1ccc(B(O)O)cc1,3.51044,Nc1c(O)cccc1C(=O)Nc1ccc(B(O)O)cc1,3.377864
O=C(O)[C@H]1CCCN1Cc1cccc(-c2ccc(NCc3ccc4oc(C5CNC5)nc4c3)cc2)c1,7.073672,O=C(Nc1ccc(-c2cccc(CN3CCC[C@@H]3C(=O)O)c2)cc1)c1ccc2oc(C3CNC3)nc2c1,6.917028
O=C(Nc1cccc(-c2cncc(-c3nnn(CC4CC4)n3)c2)c1)C1CCN1C[C@@H]1Cc2ccccc2CN1,7.479193,O=C(Nc1cccc(-c2cncc(-c3nnn(CC4CC4)n3)c2)c1)C1CCN1C(=O)[C@@H]1Cc2ccccc2CN1,7.209268
Nc1ccc(N(Cc2cccc(CN3CCC[C@H]3C(=O)O)c2)Cc2c[nH]c3ccccc23)cc1,4.736354,Nc1ccc(N(Cc2c[nH]c3ccccc23)C(=O)[C@@H]2CCCN2Cc2cccc(C(=O)O)c2)cc1,4.803433
O=C(NCCc1c[nH]c2ccccc12)N1CC(CNc2cccc(B(O)O)c2)C1,4.849363,O=C(Nc1cccc(B(O)O)c1)C1CN(C(=O)NCCc2c[nH]c3ccccc23)C1,5.246452
C[C@H](NC(=O)C1CCN(CC2CNC2)CC1)C(=O)Nc1nc(F)nc2[nH]cnc12,6.325443,C[C@H](NC(=O)C1CCN(C(=O)C2CNC2)CC1)C(=O)Nc1nc(F)nc2[nH]cnc12,6.975298
O=C(NCc1cn(CC2CC2)nn1)C1CN(Cc2cccc3oc(C4CNC4)nc23)C1,7.822667,O=C(NCc1cn(CC2CC2)nn1)C1CN(C(=O)c2cccc3oc(C4CNC4)nc23)C1,7.592445
O=Cc1ccc(CN[C@@H](Cc2ccccc2)C(=O)Nc2ccccc2C(=O)O)cc1,4.383049,O=Cc1ccc(C(=O)N[C@@H](Cc2ccccc2)C(=O)Nc2ccccc2C(=O)O)cc1,4.565125
O=C(NCCc1c[nH]c2ccccc12)c1ccc2nc([C@@H]3CCCN3CC3CNC3)oc2c1,7.001098,O=C(NCCc1c[nH]c2ccccc12)c1ccc2nc([C@@H]3CCCN3C(=O)C3CNC3)oc2c1,7.49972
O=C(Nc1cccc(-c2cc(NC[C@@H]3Cc4ccccc4CN3CC3CNC3)[nH]n2)c1)[C@H]1CCCNC1,7.531142,O=C(Nc1cccc(-c2cc(N(C[C@@H]3Cc4ccccc4CN3)C(=O)C3CNC3)[nH]n2)c1)[C@H]1CCCNC1,7.403275
N#Cc1cccc(-c2cc(NCc3ccc4nc(-c5ccncc5)oc4c3)[nH]n2)c1,6.460782,N#Cc1cccc(-c2cc(NC(=O)c3ccc4nc(-c5ccncc5)oc4c3)[nH]n2)c1,6.777455
NC1(C(=O)Nc2cc(N3CCC[C@@H]3C(=O)NCCc3ccccc3)ccc2NCC2CCN2)CCC1,5.774377,NC1(C(=O)Nc2cc(N3CCC[C@@H]3C(=O)NCCc3ccccc3)ccc2NC(=O)C2CCN2)CCC1,5.768735
c1ccc(NCc2ccc3oc(C4CNC4)nc3c2)nc1,7.372415,O=C(Nc1ccccn1)c1ccc2oc(C3CNC3)nc2c1,7.234082
O=C(NCCc1c[nH]c2ccccc12)c1cccc(-c2ccc(NCc3ccc4oc(C5CNC5)nc4c3)cc2)c1,7.905276,O=C(NCCc1c[nH]c2ccccc12)c1cccc(-c2ccc(NC(=O)c3ccc4oc(C5CNC5)nc4c3)cc2)c1,7.772419
N#Cc1ccc(-c2nc3ccc(CNCc4c[nH]c5ccccc45)cc3[nH]2)cn1,6.176168,N#Cc1ccc(-c2nc3ccc(C(=O)NCc4c[nH]c5ccccc45)cc3[nH]2)cn1,6.441031
N#Cc1ccc(CNC23CC(C2)C3)cn1,5.320318,N#Cc1ccc(C(=O)NC23CC(C2)C3)cn1,5.126898
c1cc(NCc2ccc3oc(C4CNC4)nc3c2)c2[nH]ccc2c1,7.131688,O=C(Nc1cccc2cc[nH]c12)c1ccc2oc(C3CNC3)nc2c1,7.182576
O=C(NC1CC1)c1cccc(-c2nc3ccc(CNCc4c[nH]c5ccccc45)cc3o2)c1,7.744906,O=C(NCc1c[nH]c2ccccc12)c1ccc2nc(-c3cccc(C(=O)NC4CC4)c3)oc2c1,7.886089
O=C(O)C1CCN(c2ccc(NCc3ccc(CO[C@H]4CN5CCC4CC5)cc3)cc2)CC1,6.854786,O=C(Nc1ccc(N2CCC(C(=O)O)CC2)cc1)c1ccc(CO[C@H]2CN3CCC2CC3)cc1,6.961217
C[C@@H](NCc1ccc(-c2nc3ccc(Br)cc3o2)cc1)c1ccccc1,6.012298,C[C@@H](NC(=O)c1ccc(-c2nc3ccc(Br)cc3o2)cc1)c1ccccc1,6.320409
c1nc(-c2ccc(NCC3CN(Cc4ccc5nc(C6CNC6)oc5c4)C3)cc2)c[nH]1,7.469966,O=C(c1ccc2nc(C3CNC3)oc2c1)N(CC1CNC1)c1ccc(-c2c[nH]cn2)cc1,6.633849
Fc1ncc(-c2cccc(NCc3ccc4nc(-c5ccc(CNC67CC(C6)C7)cc5)oc4c3)c2)cn1,7.951286,O=C(NC12CC(C1)C2)c1ccc(-c2nc3ccc(CNc4cccc(-c5cnc(F)nc5)c4)cc3o2)cc1,8.003547
c1ccc(NCc2ccc3nc(-c4ccc(-c5nnn(CC6CC6)n5)nc4)oc3c2)c(CNC23CC(C2)C3)c1,7.965838,O=C(Nc1ccccc1CNC12CC(C1)C2)c1ccc2nc(-c3ccc(-c4nnn(CC5CC5)n4)nc3)oc2c1,7.807378
N[C@@H](CN1CC(CN2CC(C(=O)O)C2)C1)c1ccccc1,3.601965,N[C@@H](CN1CC(C(=O)N2CC(C(=O)O)C2)C1)c1ccccc1,4.190622
c1ccc2c(c1)CN[C@H](CN1CCC[C@H]1c1nc3ccc(-c4nc5ccc(N6CCNCC6)cc5o4)cc3o1)C2,7.683786,O=C([C@@H]1Cc2ccccc2CN1)N1CCC[C@H]1c1nc2ccc(-c3nc4ccc(N5CCNCC5)cc4o3)cc2o1,7.524416
c1ccc2c(c1)c(CNCc1ccc(COCC3CNC3)cc1)cn2CC1CC1,7.682591,O=C(NCc1cn(CC2CC2)c2ccccc12)c1ccc(COCC2CNC2)cc1,8.041137
O=C(Nc1ccc(-c2ccccc2CCNCc2ccc3nc(C4CNC4)oc3c2)cc1)[C@H]1CCCNC1,7.690464,O=C(NCCc1ccccc1-c1ccc(NC(=O)[C@H]2CCCNC2)cc1)c1ccc2nc(C3CNC3)oc2c1,7.916296
C[C@@H](c1ccccc1)N(Cc1ccc(C(=O)O)cc1)C[C@@H]1Cc2ccccc2CN1,5.540752,C[C@@H](c1ccccc1)N(Cc1ccc(C(=O)O)cc1)C(=O)[C@@H]1Cc2ccccc2CN1,5.863516
O=C(NC12CC(C1)C2)c1ccc(-c2nc3ccc(CN4CC(C(=O)Nc5nc(F)nc6[nH]cnc56)C4)cc3o2)cc1,7.322125,O=C(NC12CC(C1)C2)c1ccc(-c2nc3ccc(C(=O)N4CC(C(=O)Nc5nc(F)nc6[nH]cnc56)C4)cc3o2)cc1,7.132745
O=C(O)[C@@H]1Cc2ccccc2CN1Cc1ccc2nc(C3CNC3)[nH]c2c1,6.613213,O=C(O)[C@@H]1Cc2ccccc2CN1C(=O)c1ccc2nc(C3CNC3)[nH]c2c1,6.562506
Nc1cc(-c2cccc(NCc3ccc(CCl)cc3)c2)n[nH]1,4.92965,Nc1cc(-c2cccc(NC(=O)c3ccc(CCl)cc3)c2)n[nH]1,5.173651
c1ccc(NC2CCN(Cc3cccc4oc(C5CNC5)nc34)CC2)nc1,7.374903,O=C(c1cccc2oc(C3CNC3)nc12)N(c1ccccn1)C1CCNCC1,6.079534
c1cc(-c2nnn(CC3CC3)n2)cc(-c2c[nH]nc2NCc2ccc(-c3nnn(CC4CC4)n3)nc2)c1,8.088652,O=C(Nc1n[nH]cc1-c1cccc(-c2nnn(CC3CC3)n2)c1)c1ccc(-c2nnn(CC3CC3)n2)nc1,7.849769
O=C1CN(Cc2ccc3nc(C4CCN4)oc3c2)C1,5.779962,O=C1CN(C(=O)c2ccc3nc(C4CCN4)oc3c2)C1,6.222681
O=C=Nc1ccc(-c2cccc(NCc3cccc(-c4ccc(NCC5CCN5)cc4)c3)c2)cc1,7.456818,O=C=Nc1ccc(-c2cccc(NC(=O)c3cccc(-c4ccc(NCC5CCN5)cc4)c3)c2)cc1,7.184372
C#CCNC(=O)C1CN(Cc2ccc(CO[C@H]3CN4CCC3CC4)cc2)C1,6.796653,C#CCNC(=O)C1CN(C(=O)c2ccc(CO[C@H]3CN4CCC3CC4)cc2)C1,7.028466
O=Cc1ccc(CNc2ccccc2C(=O)O)cc1,3.695235,O=Cc1ccc(C(=O)Nc2ccccc2C(=O)O)cc1,3.938713
N#Cc1ccc2oc(C3CCN3Cc3ccc4oc(-c5ccc(CO[C@H]6CN7CCC6CC7)cc5)nc4c3)nc2c1,7.683305,N#Cc1ccc2oc(C3CCN3C(=O)c3ccc4oc(-c5ccc(CO[C@H]6CN7CCC6CC7)cc5)nc4c3)nc2c1,7.682786
Fc1ccc(CNCCc2ccccc2Br)cc1,4.165468,O=C(NCCc1ccccc1Br)c1ccc(F)cc1,4.392518
O=C(O)CNC[C@@H]1Cc2ccccc2CN1,4.333822,O=C(O)CNC(=O)[C@@H]1Cc2ccccc2CN1,5.035363
O=Cc1ccc(CNc2nc(F)nc3[nH]cnc23)cc1,3.91747,O=Cc1ccc(C(=O)Nc2nc(F)nc3[nH]cnc23)cc1,4.45037
OB(O)c1cccc(NCC2CCN2Cc2cccc3oc(C4CNC4)nc23)c1,5.988017,O=C(c1cccc2oc(C3CNC3)nc12)N(CC1CCN1)c1cccc(B(O)O)c1,5.575579
COc1ccccc1CCNC[C@@H]1CCCN1,3.900453,COc1ccccc1CCNC(=O)[C@@H]1CCCN1,5.441722
C[C@H](c1ccccc1)N(Cc1ccc2nc(-c3ccc(CO[C@H]4CN5CCC4CC5)cc3)oc2c1)CC1CCNCC1,7.013385,C[C@@H](NCC1CCN(C(=O)c2ccc3nc(-c4ccc(CO[C@H]5CN6CCC5CC6)cc4)oc3c2)CC1)c1ccccc1,7.890717
O=C(C1CNC1)N1CCC(c2nc3ccc(CNCCc4ccccc4)cc3o2)CC1,7.537271,O=C(NCCc1ccccc1)c1ccc2nc(C3CCN(C(=O)C4CNC4)CC3)oc2c1,7.327422
c1cc(CN(C[C@@H]2Cc3ccccc3CN2)c2ccnc3ccccc23)cc(-c2ccc(-c3nnnn3CC3CC3)s2)c1,7.649678,O=C([C@@H]1Cc2ccccc2CN1)N(Cc1cccc(-c2ccc(-c3nnnn3CC3CC3)s2)c1)c1ccnc2ccccc12,7.532852
Nc1cc(CNC23CC(C2)C3)ccc1O,4.504848,Nc1cc(C(=O)NC23CC(C2)C3)ccc1O,4.521096
O=C(O)[C@H](Cc1c[nH]c2ccccc12)NCc1cccc2oc(C3CNC3)nc12,5.810166,O=C(N[C@@H](Cc1c[nH]c2ccccc12)C(=O)O)c1cccc2oc(C3CNC3)nc12,5.919418
OB(O)c1ccc(CN2CCC(CNCCc3c[nH]c4ccccc34)CC2)cc1,4.677576,O=C(NCCc1c[nH]c2ccccc12)C1CCN(Cc2ccc(B(O)O)cc2)CC1,5.240384
C#CCNC(=O)N1CC(CNc2ccc(B3OC(C)(C)C(C)(C)O3)cn2)C1,4.235244,C#CCNC(=O)N1CC(C(=O)Nc2ccc(B3OC(C)(C)C(C)(C)O3)cn2)C1,4.62782
O=Cc1cncc(-c2ccc(NCc3cccc(-c4cn(CC5CC5)cn4)c3)cc2)c1,7.254102,O=Cc1cncc(-c2ccc(NC(=O)c3cccc(-c4cn(CC5CC5)cn4)c3)cc2)c1,7.26669
O=Cc1ccc(CNc2ccc(-c3cn(CC4CC4)nn3)cc2)cc1,6.756762,O=Cc1ccc(C(=O)Nc2ccc(-c3cn(CC4CC4)nn3)cc2)cc1,7.231667
ClCc1ccccc1-c1nc2ccc(CNc3ccc(-c4ccc5nc(C6CCNCC6)oc5c4)cc3)cc2o1,7.254553,O=C(Nc1ccc(-c2ccc3nc(C4CCNCC4)oc3c2)cc1)c1ccc2nc(-c3ccccc3CCl)oc2c1,7.034406
c1ccc2c(c1)CCN=C2[C@H]1CCCN1Cc1ccc2oc(C3CNC3)nc2c1,7.702637,O=C(c1ccc2oc(C3CNC3)nc2c1)N1CCC[C@@H]1C1=NCCc2ccccc21,7.078325
Brc1ncccc1NC[C@@H]1Cc2ccccc2CN1,5.413074,O=C(Nc1cccnc1Br)[C@@H]1Cc2ccccc2CN1,5.732994
C[C@@H](NCc1ccccn1)C(=O)O,2.565447,C[C@@H](NC(=O)c1ccccn1)C(=O)O,2.755591
c1cc(N(CC2CCN2)CC2(Nc3ccc(-c4nnn(CC5CC5)n4)cc3)CCC2)c2[nH]ccc2c1,6.714959,O=C(N(CC1CCN1)c1cccc2cc[nH]c12)C1(Nc2ccc(-c3nnn(CC4CC4)n3)cc2)CCC1,7.363254
c1ccc2c(NCc3ccc4nc(C5CN(C6CCNC6)C5)[nH]c4c3)ccnc2c1,6.959939,O=C(Nc1ccnc2ccccc12)c1ccc2nc(C3CN(C4CCNC4)C3)[nH]c2c1,6.951457
OB(O)c1ccc(NC2CCN(CC3CNC3)C2)cc1,4.457969,O=C(C1CNC1)N(c1ccc(B(O)O)cc1)C1CCNC1,4.637763
c1ccc2c(c1)C[C@@H](CNc1ccc(-c3nnn(CC4CC4)n3)cc1)N(CC1CCN1)C2,7.869713,O=C(C1CCN1)N(C[C@@H]1Cc2ccccc2CN1)c1ccc(-c2nnn(CC3CC3)n2)cc1,7.465872
O=Cc1c[nH]c2cc(-c3cccc(CNc4ccc(Br)cc4)c3)ccc12,5.336092,O=Cc1c[nH]c2cc(-c3cccc(C(=O)Nc4ccc(Br)cc4)c3)ccc12,5.497902
C[C@@H](CNC1(C(=O)O)CCC1)NC(=O)c1ccccc1N,2.991549,C[C@H](NC(=O)c1ccccc1N)C(=O)NC1(C(=O)O)CCC1,4.379555
O=C(O)c1cccc2oc(-c3cnccc3NCC3CCN3)nc12,5.613033,O=C(O)c1cccc2oc(-c3cnccc3NC(=O)C3CCN3)nc12,5.58636
O=C(Nc1ccc(-c2cccc(CNCCc3ccccc3Br)c2)cc1)[C@H]1CCCN1,6.889753,O=C(NCCc1ccccc1Br)c1cccc(-c2ccc(NC(=O)[C@H]3CCCN3)cc2)c1,7.302248
c1cc(NCC2CCN2)cc(-c2cc(NCc3ccc4nc(C5CCNCC5)oc4c3)[nH]n2)c1,7.939012,O=C(Nc1cccc(-c2cc(NCc3ccc4nc(C5CCNCC5)oc4c3)[nH]n2)c1)C1CCN1,7.937345
Nc1ccc(-c2ccc(NCc3ccc(CCl)cc3)cc2)cc1,5.257529,Nc1ccc(-c2ccc(NC(=O)c3ccc(CCl)cc3)cc2)cc1,5.726465
Cc1cc(-c2cccc(NCC3CNC3)c2)cnc1NCc1ccc2nc(C3CNC3)oc2c1,7.934286,Cc1cc(-c2cccc(NCC3CNC3)c2)cnc1NC(=O)c1ccc2nc(C3CNC3)oc2c1,7.428298
c1ccc2c(c1)CN[C@H](CNC13CC(C1)C3)C2,6.905915,O=C(NC12CC(C1)C2)[C@@H]1Cc2ccccc2CN1,6.919361
O=C(O)c1ccc(NCc2ccc3nc([C@@H]4CCCN4)oc3c2)c(O)c1,5.926623,O=C(O)c1ccc(NC(=O)c2ccc3nc([C@@H]4CCCN4)oc3c2)c(O)c1,5.775075
c1cc(-c2ccc(NCc3ccc4nc(C5CCN5)oc4c3)cc2)cc(-c2nnn(CC3CC3)n2)c1,8.104929,O=C(Nc1ccc(-c2cccc(-c3nnn(CC4CC4)n3)c2)cc1)c1ccc2nc(C3CCN3)oc2c1,5.977884
Fc1ccc(-c2ccc3oc(C4CNC4)nc3c2)cc1CNc1cccc2cc[nH]c12,7.177073,O=C(Nc1cccc2cc[nH]c12)c1cc(-c2ccc3oc(C4CNC4)nc3c2)ccc1F,7.12836
O=C(NC1CC1)c1ccc2[nH]c(-c3cccc(-c4cc(NCc5ccc(CCl)cc5)[nH]n4)c3)nc2c1,7.275156,O=C(Nc1cc(-c2cccc(-c3nc4cc(C(=O)NC5CC5)ccc4[nH]3)c2)n[nH]1)c1ccc(CCl)cc1,7.146679
O=C(Nc1cccc(-c2cc(NC[C@@H]3Cc4ccccc4CN3)[nH]n2)c1)c1cccc(-c2cnc(F)nc2)c1,8.077456,O=C(Nc1cccc(-c2cc(NC(=O)[C@@H]3Cc4ccccc4CN3)[nH]n2)c1)c1cccc(-c2cnc(F)nc2)c1,7.978351
OB(O)c1cccc(CNc2ccc(Br)cc2)c1,3.342017,O=C(Nc1ccc(Br)cc1)c1cccc(B(O)O)c1,3.496415
N#Cc1cncc(-c2cccc(NCc3ccc(-c4nc5ccc(C(=O)O)cc5o4)cc3)c2)c1,6.231965,N#Cc1cncc(-c2cccc(NC(=O)c3ccc(-c4nc5ccc(C(=O)O)cc5o4)cc3)c2)c1,6.324891
O=Cc1cccc(CNC2(C(=O)O)CCC2)c1,2.929817,O=Cc1cccc(C(=O)NC2(C(=O)O)CCC2)c1,4.135757
O=C(O)[C@@H]1Cc2ccccc2CN1C[C@@H]1CCCN1,4.280011,O=C(O)[C@@H]1CCCN1C(=O)[C@@H]1Cc2ccccc2CN1,4.993255
Fc1nc(NCc2cccc3oc(C4CNC4)nc23)c2ncn(CC3CC3)c2n1,7.522107,O=C(Nc1nc(F)nc2c1ncn2CC1CC1)c1cccc2oc(C3CNC3)nc12,7.770305
c1ccc(CO[C@H]2CN3CCC2CC3)c(CNc2ccnc3ccccc23)c1,7.184909,O=C(Nc1ccnc2ccccc12)c1ccccc1CO[C@H]1CN2CCC1CC2,7.317345
C[C@H](NCc1cccc(CN2CC(CO)C2)c1)c1ccccc1,4.488494,C[C@H](NC(=O)c1cccc(CN2CC(CO)C2)c1)c1ccccc1,4.685884
O=C(Nc1cccc(-c2ncccc2NCc2ccc3oc(C4CNC4)nc3c2)c1)C1CNC1,7.963784,O=C(Nc1cccnc1-c1cccc(NC(=O)C2CNC2)c1)c1ccc2oc(C3CNC3)nc2c1,4.132566
O=Cc1ccc(-c2nc3ccc(CNc4cccc(B(O)O)c4)cc3o2)cc1,4.834751,O=Cc1ccc(-c2nc3ccc(C(=O)Nc4cccc(B(O)O)c4)cc3o2)cc1,4.905878
Nc1ccc(CNc2ccnc3ccccc23)cc1N,4.408345,Nc1ccc(C(=O)Nc2ccnc3ccccc23)cc1N,4.916579
Cc1cc(N2CC(C(=O)N3CCC[C@H]3CNCc3cn(CC4CC4)c4ccccc34)C2)cnc1N,6.812782,Cc1cc(N2CC(C(=O)N3CCC[C@H]3C(=O)NCc3cn(CC4CC4)c4ccccc34)C2)cnc1N,6.990912
N[C@@H](CNC1CC1)c1ccccc1,2.0404,N[C@@H](C(=O)NC1CC1)c1ccccc1,4.412289
O=C(Nc1ccc(-c2c[nH]nc2NCc2ccc3oc(C4CNC4)nc3c2)cc1)C1CNC1,7.827627,O=C(Nc1n[nH]cc1-c1ccc(NC(=O)C2CNC2)cc1)c1ccc2oc(C3CNC3)nc2c1,6.842988
c1ccc2c(NCc3cccc4oc(C5CN(Cc6ccc7[nH]c(C8CNC8)nc7c6)C5)nc34)ccnc2c1,7.686907,O=C(c1ccc2[nH]c(C3CNC3)nc2c1)N(Cc1cccc2oc(C3CNC3)nc12)c1ccnc2ccccc12,7.79586
C#Cc1cc(-c2nc3ccc(CNc4cccc(B(O)O)c4)cc3o2)ccn1,5.159797,C#Cc1cc(-c2nc3ccc(C(=O)Nc4cccc(B(O)O)c4)cc3o2)ccn1,5.270208
c1ccc2c(c1)CN[C@H](CN(Cc1ccc3nc(C4CNC4)oc3c1)Cc1c[nH]c3ccccc13)C2,7.517333,O=C(c1ccc2nc(C3CNC3)oc2c1)N(Cc1c[nH]c2ccccc12)C[C@@H]1Cc2ccccc2CN1,7.403648
O=C(NCc1ccccc1)C1(N(Cc2ccc(-c3nnn(CC4CC4)n3)nc2)C[C@@H]2Cc3ccccc3CN2)CCC1,7.71335,O=C(c1ccc(-c2nnn(CC3CC3)n2)nc1)N(C[C@@H]1Cc2ccccc2CN1)C1(C(=O)NCc2ccccc2)CCC1,7.422671
O=C(O)C1CCN(Cc2ccc(CCl)cc2)CC1,3.853711,O=C(O)C1CCN(C(=O)c2ccc(CCl)cc2)CC1,3.947443
N[C@@H](C(=O)N1CC(CNc2cc(-c3cccc(C(=O)NC4CC4)c3)n[nH]2)C1)c1ccccc1,7.789656,N[C@@H](C(=O)N1CC(C(=O)Nc2cc(-c3cccc(C(=O)NC4CC4)c3)n[nH]2)C1)c1ccccc1,7.490948
c1ccc(-c2nc3ccc(CNCc4cn(CC5CC5)nn4)cc3o2)c(CO[C@H]2CN3CCC2CC3)c1,7.75772,O=C(NCc1cn(CC2CC2)nn1)c1ccc2nc(-c3ccccc3CO[C@H]3CN4CCC3CC4)oc2c1,8.05582
C[C@H](NC[C@@H]1Cc2ccccc2CN1)c1nc2ccc(Br)cc2o1,6.257255,C[C@H](NC(=O)[C@@H]1Cc2ccccc2CN1)c1nc2ccc(Br)cc2o1,6.351042
O=Cc1ccccc1CNc1ccc(C(=O)O)cc1O,3.842122,O=Cc1ccccc1C(=O)Nc1ccc(C(=O)O)cc1O,3.730323
C#Cc1cnc(NCc2ccc(C=O)cc2)c(C)c1,4.595255,C#Cc1cnc(NC(=O)c2ccc(C=O)cc2)c(C)c1,4.750522
O=Cc1c[nH]c2cc(N(Cc3ccc4oc(C5CNC5)nc4c3)C34CC(C3)C4)ccc12,6.5252,O=Cc1c[nH]c2cc(N(C(=O)c3ccc4oc(C5CNC5)nc4c3)C34CC(C3)C4)ccc12,3.729895
N#Cc1ccc(Cn2cc(CCNCc3ccc4oc(C5CNC5)nc4c3)c3ccccc32)cc1,7.073493,N#Cc1ccc(Cn2cc(CCNC(=O)c3ccc4oc(C5CNC5)nc4c3)c3ccccc32)cc1,7.287555
N[C@H](C(=O)N1CCC(CNc2ccc(-c3cn(CC4CC4)nn3)cc2)CC1)c1ccccc1,7.75175,N[C@H](C(=O)N1CCC(C(=O)Nc2ccc(-c3cn(CC4CC4)nn3)cc2)CC1)c1ccccc1,7.738777
c1ccc2c(NCc3ccc4nc(C5CNC5)oc4c3)ccnc2c1,7.443961,O=C(Nc1ccnc2ccccc12)c1ccc2nc(C3CNC3)oc2c1,7.548377
c1ccc(CN(CC2(NCc3ccc(-c4nnn(CC5CC5)n4)nc3)CCC2)C23CC(C2)C3)cc1,7.40165,O=C(N(Cc1ccccc1)C12CC(C1)C2)C1(NCc2ccc(-c3nnn(CC4CC4)n3)nc2)CCC1,7.586012
c1cc2nc([C@@H]3CCCN3)oc2cc1CNc1ccc(-c2cn(CC3CC3)nn2)cc1,8.209828,O=C(Nc1ccc(-c2cn(CC3CC3)nn2)cc1)c1ccc2nc([C@@H]3CCCN3)oc2c1,7.87006
O=C(NC1CC1)c1ccccc1NCc1ccc2nc([C@@H]3CCCN3)oc2c1,7.447528,O=C(Nc1ccccc1C(=O)NC1CC1)c1ccc2nc([C@@H]3CCCN3)oc2c1,7.599343
NC1(C(=O)N2CCC(CNc3ccc(-c4cccc(-c5nnn(CC6CC6)n5)c4)cc3)CC2)CCC1,7.119696,NC1(C(=O)N2CCC(C(=O)Nc3ccc(-c4cccc(-c5nnn(CC6CC6)n5)c4)cc3)CC2)CCC1,6.998333
C[C@H](NCc1ccc(O)c(NCC2CCN2)c1)C(=O)O,4.719991,C[C@H](NCc1ccc(O)c(NC(=O)C2CCN2)c1)C(=O)O,4.797202
Brc1ccc2nc(C3(NCC4CCN4)CCC3)oc2c1,6.491048,O=C(NC1(c2nc3ccc(Br)cc3o2)CCC1)C1CCN1,6.516163
O=C(Nc1ccc(N(CCc2ccccc2)C[C@@H]2Cc3ccccc3CN2)cc1)c1ccc(CO[C@H]2CN3CCC2CC3)cc1,7.613071,O=C(Nc1ccc(N(CCc2ccccc2)C(=O)[C@@H]2Cc3ccccc3CN2)cc1)c1ccc(CO[C@H]2CN3CCC2CC3)cc1,7.57252
ClCc1ccc(CN2CCNCC2)cc1,3.431971,O=C(c1ccc(CCl)cc1)N1CCNCC1,4.266973
O=C(Nc1cc(Br)n[nH]1)c1ccccc1NCc1ccccc1CNCc1ccc(C(F)(F)F)cc1,5.729332,O=C(NCc1ccc(C(F)(F)F)cc1)c1ccccc1CNc1ccccc1C(=O)Nc1cc(Br)n[nH]1,5.810368
FC(F)(F)c1cncc(-c2cccc(NC[C@@H]3Cc4ccccc4CN3C[C@@H]3Cc4ccccc4CN3)c2)c1,7.142648,O=C([C@@H]1Cc2ccccc2CN1)N(C[C@@H]1Cc2ccccc2CN1)c1cccc(-c2cncc(C(F)(F)F)c2)c1,7.304626
O=C(Nc1ccnc2ccccc12)[C@H]1CCCN1Cc1ccc2nc(-c3ccc(CO[C@H]4CN5CCC4CC5)cc3)[nH]c2c1,8.06179,O=C(Nc1ccnc2ccccc12)[C@H]1CCCN1C(=O)c1ccc2nc(-c3ccc(CO[C@H]4CN5CCC4CC5)cc3)[nH]c2c1,7.910958
O=C(O)c1cccc(-c2nc3ccc(CNc4cccc(B(O)O)c4)cc3o2)c1,4.752739,O=C(O)c1ccc2nc(-c3cccc(C(=O)Nc4cccc(B(O)O)c4)c3)oc2c1,4.868237
O=C(NC1CC1)c1cc(-c2ccccc2CCNCc2ccc3nc(C4CNC4)oc3c2)ccc1F,7.609646,O=C(NCCc1ccccc1-c1ccc(F)c(C(=O)NC2CC2)c1)c1ccc2nc(C3CNC3)oc2c1,7.774323
Nc1ccccc1CNc1ccc(N2CCC[C@H](O)C2)cc1,4.535826,Nc1ccccc1C(=O)Nc1ccc(N2CCC[C@H](O)C2)cc1,4.610878
c1cc(NCCc2ccncc2)c2oc(-c3ccc4nc(C5CN(CC6CCN6)C5)oc4c3)nc2c1,6.693455,O=C(C1CCN1)N(CCc1ccncc1)c1cccc2nc(-c3ccc4nc(C5CNC5)oc4c3)oc12,6.971993
OB(O)c1cccc(NCc2cccc3oc([C@@H]4CCCNC4)nc23)c1,4.820368,O=C(Nc1cccc(B(O)O)c1)c1cccc2oc([C@@H]3CCCNC3)nc12,4.934558
O=C(NC1CC1)C1CCN(C(=O)c2cccc(CN(CCc3ccccc3)CC3CCN3)c2)CC1,6.146396,O=C(NC1CC1)C1CCN(C(=O)c2cccc(CN(CCc3ccccc3)C(=O)C3CCN3)c2)CC1,6.640846
O=C(O)c1ccc2oc([C@H](NCC3CNC3)c3ccccc3)nc2c1,5.133379,O=C(O)c1ccc2oc([C@H](NC(=O)C3CNC3)c3ccccc3)nc2c1,5.878657
O=C(O)c1cccc(-c2nc3ccc(CNCCc4ccccc4)cc3o2)c1,5.778057,O=C(O)c1ccc2nc(-c3cccc(C(=O)NCCc4ccccc4)c3)oc2c1,6.008579
O=C(NCc1ccccc1)c1cccnc1N(Cc1cn(CC2CC2)c2ccccc12)C[C@@H]1Cc2ccccc2CN1,6.798465,O=C(NCc1ccccc1)c1cccnc1N(Cc1cn(CC2CC2)c2ccccc12)C(=O)[C@@H]1Cc2ccccc2CN1,6.515778
O=C(NCCc1c[nH]c2ccccc12)N1CCN(C(=O)C2CCN(Cc3ccc4[nH]c(C5CNC5)nc4c3)CC2)CC1,7.650542,O=C(NCCc1c[nH]c2ccccc12)N1CCN(C(=O)C2CCN(C(=O)c3ccc4[nH]c(C5CNC5)nc4c3)CC2)CC1,7.237295
NCCc1cn(Cc2ccc(C(=O)N3CCC[C@H]3CNCc3ccccc3)cc2)c2ccccc12,5.885536,NCCc1cn(Cc2ccc(C(=O)N3CCC[C@H]3C(=O)NCc3ccccc3)cc2)c2ccccc12,6.140784
NC1(c2nc3ccc(CNc4cc(C(=O)O)ccc4O)cc3o2)CCC1,4.796327,NC1(c2nc3ccc(C(=O)Nc4cc(C(=O)O)ccc4O)cc3o2)CCC1,4.7743
Brc1c[nH]nc1NC[C@@H]1Cc2ccccc2CN1,5.101511,O=C(Nc1n[nH]cc1Br)[C@@H]1Cc2ccccc2CN1,5.503661
O=C(Nc1ccccn1)c1ccc(Cn2cc(CCN(CC3CCN3)C[C@@H]3Cc4ccccc4CN3)c3ccccc32)cc1,6.751902,O=C(Nc1ccccn1)c1ccc(Cn2cc(CCN(CC3CCN3)C(=O)[C@@H]3Cc4ccccc4CN3)c3ccccc32)cc1,7.50834
O=C(NCc1c[nH]c2ccccc12)N1CCC[C@@H](CNc2cccc(-c3ccc4[nH]c(C5CNC5)nc4c3)c2)C1,7.904287,O=C(Nc1cccc(-c2ccc3[nH]c(C4CNC4)nc3c2)c1)[C@@H]1CCCN(C(=O)NCc2c[nH]c3ccccc23)C1,7.879182
N#Cc1cccc(-c2ccc(NCc3ccc(CNc4cccc5cc[nH]c45)cc3)cc2)c1,6.294369,N#Cc1cccc(-c2ccc(NC(=O)c3ccc(CNc4cccc5cc[nH]c45)cc3)cc2)c1,6.735793
O=C(Nc1cc(-c2nnn(CC3CC3)n2)ccc1O)[C@H]1CCCN1Cc1ccc2[nH]c(C3CNC3)nc2c1,7.715867,O=C(Nc1cc(-c2nnn(CC3CC3)n2)ccc1O)[C@H]1CCCN1C(=O)c1ccc2[nH]c(C3CNC3)nc2c1,6.75704
O=Cc1ccc(-c2ccc(NCc3ccc(CN4Cc5ccccc5C[C@H]4C(=O)O)cc3)cc2)cc1,6.252664,O=Cc1ccc(-c2ccc(N(Cc3ccc(C(=O)O)cc3)C(=O)[C@@H]3Cc4ccccc4CN3)cc2)cc1,5.900428
O=C(O)[C@@H](Cc1c[nH]c2ccccc12)NCc1ccc2nc(-c3ccc4oc(C5CNC5)nc4c3)oc2c1,6.812395,O=C(N[C@H](Cc1c[nH]c2ccccc12)C(=O)O)c1ccc2nc(-c3ccc4oc(C5CNC5)nc4c3)oc2c1,6.870718
O=C(Nc1ccnc2ccccc12)[C@@H]1CCCN(C2CCN(Cc3ccc(-c4nnn(CC5CC5)n4)nc3)CC2)C1,7.933372,O=C(Nc1ccnc2ccccc12)[C@@H]1CCCN(C2CCN(C(=O)c3ccc(-c4nnn(CC5CC5)n4)nc3)CC2)C1,7.48149
O=C(Nc1cc(-c2nnn(CC3CC3)n2)ccc1O)C1CN(CC2CCN2)C1,6.779648,O=C(Nc1cc(-c2nnn(CC3CC3)n2)ccc1O)C1CN(C(=O)C2CCN2)C1,6.604817
c1cc(-c2ccc(NC[C@@H]3Cc4ccccc4CN3)cc2)cc(-c2nnn(Cc3ccc(-c4nnn(CC5CC5)n4)cc3)n2)c1,8.167542,O=C(Nc1ccc(-c2cccc(-c3nnn(Cc4ccc(-c5nnn(CC6CC6)n5)cc4)n3)c2)cc1)[C@@H]1Cc2ccccc2CN1,8.031531
O=Cc1ccccc1CNc1ccccc1C(=O)O,3.4533,O=Cc1ccccc1C(=O)Nc1ccccc1C(=O)O,3.706882
Nc1cc(CNCCc2ccccc2)ccc1O,4.145795,Nc1cc(C(=O)NCCc2ccccc2)ccc1O,4.458766
OB(O)c1cccc(NCc2ccc3oc([C@@H]4CCCN4)nc3c2)c1,5.118881,O=C(Nc1cccc(B(O)O)c1)c1ccc2oc([C@@H]3CCCN3)nc2c1,5.261493
C[C@@H](NCc1ccccc1N)c1ccccc1,3.906758,C[C@@H](NC(=O)c1ccccc1N)c1ccccc1,4.383982
N#Cc1ccc(Cn2cc(CNC[C@H]3CCCN3)c3ccccc32)cc1,5.08798,N#Cc1ccc(Cn2cc(CNC(=O)[C@H]3CCCN3)c3ccccc32)cc1,6.484343
O=C(Nc1ccnc2ccccc12)c1ccc(Cn2cc(CNC(=O)C3CN(C[C@@H]4Cc5ccccc5CN4)C3)c3ccccc32)cc1,7.584145,O=C(Nc1ccnc2ccccc12)c1ccc(Cn2cc(CNC(=O)C3CN(C(=O)[C@@H]4Cc5ccccc5CN4)C3)c3ccccc32)cc1,7.791731
O=C(Nc1ccccn1)N1CCN(Cc2ccc3nc(-c4ccc(-c5nnn(CC6CC6)n5)nc4)oc3c2)CC1,7.764562,O=C(Nc1ccccn1)N1CCN(C(=O)c2ccc3nc(-c4ccc(-c5nnn(CC6CC6)n5)nc4)oc3c2)CC1,7.256736
C[C@H](NC(=O)C1CCN1C[C@@H]1Cc2ccccc2CN1C[C@@H]1Cc2ccccc2CN1)c1ccccc1,6.975256,C[C@H](NC(=O)C1CCN1C[C@@H]1Cc2ccccc2CN1C(=O)[C@@H]1Cc2ccccc2CN1)c1ccccc1,6.860625
c1cc(-c2ccc3nc(-c4ccc(CNc5cccc6cc[nH]c56)cc4)oc3c2)cc(-c2nnn(CC3CC3)n2)c1,7.752362,O=C(Nc1cccc2cc[nH]c12)c1ccc(-c2nc3ccc(-c4cccc(-c5nnn(CC6CC6)n5)c4)cc3o2)cc1,7.750247
O=C(C1CN(Cc2ccc3oc(C4CNC4)nc3c2)C1)N1Cc2ccccc2C[C@H]1C1=NCCc2ccccc21,7.320064,O=C(c1ccc2oc(C3CNC3)nc2c1)N1CC(C(=O)N2Cc3ccccc3C[C@H]2C2=NCCc3ccccc32)C1,5.954954
OB(O)c1cccc(NC[C@H]2CCCN2)c1,3.079929,O=C(Nc1cccc(B(O)O)c1)[C@H]1CCCN1,3.957091
O=C(NCCc1c[nH]c2ccccc12)[C@@H]1CCCN1Cc1ccc2nc(-c3ccc(-c4nnn(CC5CC5)n4)nc3)oc2c1,7.939487,O=C(NCCc1c[nH]c2ccccc12)[C@@H]1CCCN1C(=O)c1ccc2nc(-c3ccc(-c4nnn(CC5CC5)n4)nc3)oc2c1,7.633286
O=C(Nc1ccnc2ccccc12)C1CN(C(=O)C2CCN(Cc3ccc(COCC4CNC4)cc3)CC2)C1,7.653086,O=C(Nc1ccnc2ccccc12)C1CN(C(=O)C2CCN(C(=O)c3ccc(COCC4CNC4)cc3)CC2)C1,7.559906
O=C(O)c1ccc2oc(-c3cccc(-c4ccc(NCc5ccc6nc(C7CNC7)oc6c5)cc4)c3)nc2c1,7.627782,O=C(O)c1ccc2oc(-c3cccc(-c4ccc(NC(=O)c5ccc6nc(C7CNC7)oc6c5)cc4)c3)nc2c1,6.964519
c1ccc2c(c1)c(CCNCc1ccc3oc(-c4ccnc(NCCc5ccncc5)c4)nc3c1)cn2CC1CC1,7.478179,O=C(NCCc1cn(CC2CC2)c2ccccc12)c1ccc2oc(-c3ccnc(NCCc4ccncc4)c3)nc2c1,7.635065
N[C@H](CNc1ccc(-c2nnn(CC3CC3)n2)cc1O)c1ccccc1,6.660122,N[C@H](C(=O)Nc1ccc(-c2nnn(CC3CC3)n2)cc1O)c1ccccc1,7.230392
NCCc1ccccc1-c1cccc(NCc2ccc(CCl)cc2)c1,4.811787,NCCc1ccccc1-c1cccc(NC(=O)c2ccc(CCl)cc2)c1,5.102526
c1ccc([C@@H](CNc2cccc3ccn(CC4CC4)c23)NC[C@@H]2Cc3ccccc3CN2)cc1,6.809231,O=C(N[C@H](CNc1cccc2ccn(CC3CC3)c12)c1ccccc1)[C@@H]1Cc2ccccc2CN1,6.969386
ClCc1ccc(-c2nc3ccc(CNCCc4cn(CC5CC5)c5ccccc45)cc3[nH]2)cc1,6.927539,O=C(NCCc1cn(CC2CC2)c2ccccc12)c1ccc2nc(-c3ccc(CCl)cc3)[nH]c2c1,7.135406
ClCc1ccc(-c2nc3cc(-c4cccc(NC[C@@H]5Cc6ccccc6CN5)c4)ccc3o2)cc1,7.345257,O=C(Nc1cccc(-c2ccc3oc(-c4ccc(CCl)cc4)nc3c2)c1)[C@@H]1Cc2ccccc2CN1,7.384617
OB(O)c1cccc(N(Cc2ccc3oc([C@H]4CCCN4)nc3c2)Cc2cccc(F)n2)c1,5.218765,O=C(c1cccc(F)n1)N(Cc1ccc2oc([C@H]3CCCN3)nc2c1)c1cccc(B(O)O)c1,5.126477
N[C@H](CNC1(C(=O)N2CCC[C@H](C(=O)O)C2)CCC1)c1ccccc1,4.529186,NC1(C(=O)N2CCC[C@H](C(=O)N[C@H](C(=O)O)c3ccccc3)C2)CCC1,4.496163
N#Cc1ccc(COC(=O)[C@H]2CCCN(Cc3ccc(-c4nc5ccc(C(=O)O)cc5o4)cc3)C2)cc1,4.869872,N#Cc1ccc(COC(=O)[C@H]2CCCN(C(=O)c3ccc(-c4nc5ccc(C(=O)O)cc5o4)cc3)C2)cc1,5.132645
OB(O)c1ccc(NC[C@@H]2CCCN2)cc1,3.287697,O=C(Nc1ccc(B(O)O)cc1)[C@@H]1CCCN1,4.185697
c1cc2nc(C3CNC3)[nH]c2cc1CNC12CC(C1)C2,7.544362,O=C(NC12CC(C1)C2)c1ccc2nc(C3CNC3)[nH]c2c1,7.332299
C[C@@H](NC[C@@H]1CCCN(C(=O)Nc2ccccn2)C1)c1nc2cc(-c3nnn(CC4CC4)n3)ccc2o1,7.819131,C[C@@H](NC(=O)[C@@H]1CCCN(C(=O)Nc2ccccn2)C1)c1nc2cc(-c3nnn(CC4CC4)n3)ccc2o1,7.767035
O=C(O)c1cccc(-c2ccc(NCC3CCN3)cc2)c1,6.391859,O=C(O)c1cccc(-c2ccc(NC(=O)C3CCN3)cc2)c1,6.853619
O=C(NCc1ccccc1)[C@H]1CCCN(Cc2ccc3nc(C4CNC4)oc3c2)C1,7.652609,O=C(NCc1ccccc1)[C@H]1CCCN(C(=O)c2ccc3nc(C4CNC4)oc3c2)C1,7.522075
c1ccc2c(c1)CN[C@H](CN1CC(c3nc4cc(CNCCc5cn(CC6CC6)c6ccccc56)ccc4o3)C1)C2,7.761984,O=C([C@@H]1Cc2ccccc2CN1)N(CCc1cn(CC2CC2)c2ccccc12)Cc1ccc2oc(C3CNC3)nc2c1,7.842529
c1cc(NCC2CNC2)cc(-c2ccccc2CCNc2ccc(NC[C@@H]3Cc4ccccc4CN3)cc2)c1,7.788409,O=C(Nc1ccc(NCCc2ccccc2-c2cccc(NCC3CNC3)c2)cc1)[C@@H]1Cc2ccccc2CN1,7.846912
C[C@H](NCc1ccc2nc(-c3ccc(C(=O)O)cc3)oc2c1)c1ccccc1,6.043768,C[C@H](NC(=O)c1ccc(-c2nc3ccc(C(=O)O)cc3o2)cc1)c1ccccc1,6.067169
O=C(Nc1cccc(-c2ccc(NCc3ccc(CCl)cc3)cc2)c1)[C@@H]1CCCN1,6.776603,O=C(Nc1ccc(-c2cccc(NC(=O)[C@@H]3CCCN3)c2)cc1)c1ccc(CCl)cc1,6.98415
c1ccc2c(c1)CN[C@H](CN(Cc1ccc(-c3ccc(NCc4ccncc4)cc3)cc1)C13CC(C1)C3)C2,7.358517,O=C([C@@H]1Cc2ccccc2CN1)N(Cc1ccc(-c2ccc(NCc3ccncc3)cc2)cc1)C12CC(C1)C2,7.43906
c1cc(NC[C@@H]2Cc3ccccc3CN2)cc(-c2csc(-c3ccc(NCC4CCN4)cc3)n2)c1,8.16165,O=C(Nc1ccc(-c2nc(-c3cccc(NC[C@@H]4Cc5ccccc5CN4)c3)cs2)cc1)C1CCN1,8.131848
O=C(O)[C@@H]1CCCN1Cc1ccc(CCl)cc1,3.256172,O=C(O)[C@@H]1CCCN1C(=O)c1ccc(CCl)cc1,3.398558
c1cc(NC[C@@H]2Cc3ccccc3CN2)cc(-c2cc(NCc3ccc4[nH]c(C5CNC5)nc4c3)[nH]n2)c1,8.162008,O=C(Nc1cc(-c2cccc(NC[C@@H]3Cc4ccccc4CN3)c2)n[nH]1)c1ccc2[nH]c(C3CNC3)nc2c1,8.109178
O=C(O)[C@@H]1Cc2ccccc2CN1Cc1cccc2oc([C@@H]3CCCNC3)nc12,6.002982,O=C(O)[C@@H]1Cc2ccccc2CN1C(=O)c1cccc2oc([C@@H]3CCCNC3)nc12,5.846437
C#CCNCc1ccc2oc([C@H]3CCCNC3)nc2c1,5.542594,C#CCNC(=O)c1ccc2oc([C@H]3CCCNC3)nc2c1,5.33393
C[C@H](C(=O)N[C@H](C)c1ccccc1)N(Cc1ccc2[nH]c(C3CNC3)nc2c1)Cc1ccccn1,6.870574,C[C@H](C(=O)N[C@H](C)c1ccccc1)N(Cc1ccccn1)C(=O)c1ccc2[nH]c(C3CNC3)nc2c1,7.044197
Brc1ccccc1CCNCC1CCNCC1,3.294685,O=C(NCCc1ccccc1Br)C1CCNCC1,5.436442
c1cc(-c2nnn(CC3CC3)n2)ccc1COC[C@H]1CCCN1Cc1ccc(-c2nnn(CC3CC3)n2)nc1,8.083249,O=C(c1ccc(-c2nnn(CC3CC3)n2)nc1)N1CCC[C@@H]1COCc1ccc(-c2nnn(CC3CC3)n2)cc1,7.775813
O=C(CNC(=O)C1(NCc2ccc3[nH]c(C4CNC4)nc3c2)CCC1)NCc1c[nH]c2ccccc12,7.591209,O=C(CNC(=O)C1(NC(=O)c2ccc3[nH]c(C4CNC4)nc3c2)CCC1)NCc1c[nH]c2ccccc12,7.427894
O=C([C@@H]1CCCN1Cc1cccc2oc(C3CNC3)nc12)N1CC(c2nc3ccccc3o2)C1,7.787643,O=C([C@@H]1CCCN1C(=O)c1cccc2oc(C3CNC3)nc12)N1CC(c2nc3ccccc3o2)C1,7.129251
O=C(O)[C@@H]1CCCN(Cc2ccc3[nH]c(-c4ccnc(Br)c4)nc3c2)C1,4.604366,O=C(O)[C@@H]1CCCN(C(=O)c2ccc3[nH]c(-c4ccnc(Br)c4)nc3c2)C1,4.953126
O=C(Nc1cc(-c2cccc(N(CC3CCN3)C[C@@H]3Cc4ccccc4CN3)c2)ccc1O)C1CCN1,7.127445,O=C(Nc1cc(-c2cccc(N(CC3CCN3)C(=O)[C@@H]3Cc4ccccc4CN3)c2)ccc1O)C1CCN1,6.991418
c1cc(NCc2ccc3oc(C4CNC4)nc3c2)cc(-c2ncccc2NCC2CCN2)c1,8.020159,O=C(Nc1cccnc1-c1cccc(NCc2ccc3oc(C4CNC4)nc3c2)c1)C1CCN1,7.867172
c1ccc2c(c1)CN[C@H](CN1CC(COCc3ccc(-c4nc5cc(-c6nc7ccccc7o6)ccc5o4)cc3)C1)C2,7.824704,O=C([C@@H]1Cc2ccccc2CN1)N1CC(COCc2ccc(-c3nc4cc(-c5nc6ccccc6o5)ccc4o3)cc2)C1,7.840598
COc1ccc(O)c(N(Cc2ccc(CO[C@H]3CN4CCC3CC4)cc2)C[C@@H]2CCCN(C(=O)C3CNC3)C2)c1,7.355574,COc1ccc(O)c(N(Cc2ccc(CO[C@H]3CN4CCC3CC4)cc2)C(=O)[C@@H]2CCCN(C(=O)C3CNC3)C2)c1,7.379433
O=Cc1ccc(CN(CC2CCN2c2cccc(C(=O)NC3CC3)n2)C23CC(C2)C3)cc1,6.406978,O=Cc1ccc(CN(C(=O)C2CCN2c2cccc(C(=O)NC3CC3)n2)C23CC(C2)C3)cc1,6.412349
Brc1ccccc1CCNCc1cccc(-c2ccc3oc([C@H]4CCCN4)nc3c2)c1,6.822244,O=C(NCCc1ccccc1Br)c1cccc(-c2ccc3oc([C@H]4CCCN4)nc3c2)c1,7.384033
Brc1ccc2nc(-c3cccc(CNCc4c[nH]c5ccccc45)c3)oc2c1,6.138043,O=C(NCc1c[nH]c2ccccc12)c1cccc(-c2nc3ccc(Br)cc3o2)c1,6.459437
O=C(Nc1ccnc2ccccc12)[C@@H]1CCCN1Cc1ccc2nc([C@@H]3CCCN3)oc2c1,7.373089,O=C(Nc1ccnc2ccccc12)[C@@H]1CCCN1C(=O)c1ccc2nc([C@@H]3CCCN3)oc2c1,7.352227
Cc1cc(-c2cccc(-c3nc4ccc(CNCCc5cn(CC6CC6)c6ccccc56)cc4o3)c2)cnc1N,7.184065,Cc1cc(-c2cccc(-c3nc4ccc(C(=O)NCCc5cn(CC6CC6)c6ccccc56)cc4o3)c2)cnc1N,7.382494
O=C(O)[C@@H]1CCCN1C(=O)Nc1cccnc1-c1ccc(NCc2ccc(CCl)cc2)cc1,5.301053,O=C(Nc1ccc(-c2ncccc2NC(=O)N2CCC[C@H]2C(=O)O)cc1)c1ccc(CCl)cc1,5.347032
Cc1cc(Br)cnc1NC[C@@H]1Cc2ccccc2CN1,5.310946,Cc1cc(Br)cnc1NC(=O)[C@@H]1Cc2ccccc2CN1,5.329665
Brc1ccc2[nH]c(C3(NCc4cccc5oc(C6CNC6)nc45)CCC3)nc2c1,7.264048,O=C(NC1(c2nc3cc(Br)ccc3[nH]2)CCC1)c1cccc2oc(C3CNC3)nc12,6.893418
OB(O)c1cccc(CNC2CC2)c1,2.243966,O=C(NC1CC1)c1cccc(B(O)O)c1,3.577805
O=C(O)c1ccc2oc(-c3ccccc3NCc3ccc4nc(C5CNC5)[nH]c4c3)nc2c1,6.801342,O=C(O)c1ccc2oc(-c3ccccc3NC(=O)c3ccc4nc(C5CNC5)[nH]c4c3)nc2c1,5.394285
O=C(C1CNC1)N1CCC(c2nc3ccc(CNC4(C(=O)Nc5ccnc6ccccc56)CCC4)cc3o2)CC1,7.971309,O=C(NC1(C(=O)Nc2ccnc3ccccc23)CCC1)c1ccc2nc(C3CCN(C(=O)C4CNC4)CC3)oc2c1,7.652761
c1ccc(CN(Cc2ccc(-c3nnn(CC4CC4)n3)nc2)Cc2ccc3oc(C4CNC4)nc3c2)cc1,7.994592,O=C(c1ccc(-c2nnn(CC3CC3)n2)nc1)N(Cc1ccccc1)Cc1ccc2oc(C3CNC3)nc2c1,7.673338
Cc1cc(-c2cccc(N)c2)cnc1NCc1ccc2nc([C@H]3CCCN3)oc2c1,6.890735,Cc1cc(-c2cccc(N)c2)cnc1NC(=O)c1ccc2nc([C@H]3CCCN3)oc2c1,6.792193
OB(O)c1cccc(NCc2ccc(CN3CCC(CNCc4cn(CC5CC5)c5ccccc45)CC3)cc2)c1,6.324272,O=C(NCc1cn(CC2CC2)c2ccccc12)C1CCN(Cc2ccc(CNc3cccc(B(O)O)c3)cc2)CC1,6.696796
O=C(NC1CC1)c1ccc(CN(CCc2c[nH]c3ccc(O)cc23)Cc2ccc(CO[C@H]3CN4CCC3CC4)cc2)cc1,7.505339,O=C(NC1CC1)c1ccc(CN(CCc2c[nH]c3ccc(O)cc23)C(=O)c2ccc(CO[C@H]3CN4CCC3CC4)cc2)cc1,7.558668
c1ccc(N(Cc2ccc3nc(-c4ccccc4CO[C@H]4CN5CCC4CC5)oc3c2)c2ccnc3ccccc23)nc1,7.518251,O=C(c1ccc2nc(-c3ccccc3CO[C@H]3CN4CCC3CC4)oc2c1)N(c1ccccn1)c1ccnc2ccccc12,7.273639
O=C(NC1CC1)c1cccc(-c2nc3ccc(-c4nc5ccc(CNC6CC6)cc5[nH]4)cc3[nH]2)c1,7.061349,O=C(NC1CC1)c1cccc(-c2nc3ccc(-c4nc5ccc(C(=O)NC6CC6)cc5[nH]4)cc3[nH]2)c1,7.637583
O=C(O)c1cc(-c2c[nH]nc2NC(=O)C2CCN2Cc2cccc3oc(C4CNC4)nc23)ccc1F,6.661646,O=C(O)c1cc(-c2c[nH]nc2NC(=O)C2CCN2C(=O)c2cccc3oc(C4CNC4)nc23)ccc1F,6.653993
Nc1c(F)cccc1-c1nc2ccc(CN3CCC3C(=O)O)cc2o1,5.104222,Nc1c(F)cccc1-c1nc2ccc(C(=O)N3CCC3C(=O)O)cc2o1,5.264554
FC(F)(F)c1ccc(CNC[C@H]2CCCN(Cc3ccc4nc(C5CNC5)[nH]c4c3)C2)cc1,6.046709,O=C(c1ccc2nc(C3CNC3)[nH]c2c1)N(Cc1ccc(C(F)(F)F)cc1)C[C@H]1CCCNC1,6.328333
OB(O)c1ccc(NC[C@@H](NCc2ccc(-c3nnn(CC4CC4)n3)nc2)c2ccccc2)cc1,5.974438,O=C(N[C@H](CNc1ccc(B(O)O)cc1)c1ccccc1)c1ccc(-c2nnn(CC3CC3)n2)nc1,6.091754
N#Cc1cc(-c2cc(NCC3CCN3)[nH]n2)ccc1F,6.348316,N#Cc1cc(-c2cc(NC(=O)C3CCN3)[nH]n2)ccc1F,6.57275
Oc1cc(CNc2ccc(-c3cn(CC4CC4)nn3)cc2)ccc1NC[C@@H]1Cc2ccccc2CN1,7.884355,O=C(Nc1ccc(-c2cn(CC3CC3)nn2)cc1)c1ccc(NC[C@@H]2Cc3ccccc3CN2)c(O)c1,7.84799
O=C(Nc1cccc(-c2cncc(-c3nnn(CC4CC4)n3)c2)c1)C1CN(C[C@@H]2Cc3ccccc3CN2)C1,7.940815,O=C(Nc1cccc(-c2cncc(-c3nnn(CC4CC4)n3)c2)c1)C1CN(C(=O)[C@@H]2Cc3ccccc3CN2)C1,7.061138
c1ccc2c(NC3CCN(Cc4ccc5oc([C@H]6CCCN(C7CNC7)C6)nc5c4)C3)ccnc2c1,7.595992,O=C(c1ccc2oc([C@H]3CCCN(C4CNC4)C3)nc2c1)N(c1ccnc2ccccc12)C1CCNC1,6.885403
c1cc(-c2cc(NC[C@@H]3Cc4ccccc4CN3c3c[nH]cn3)[nH]n2)cc(-c2nnn(CC3CC3)n2)c1,7.465109,O=C(Nc1cc(-c2cccc(-c3nnn(CC4CC4)n3)c2)n[nH]1)[C@@H]1Cc2ccccc2CN1c1c[nH]cn1,7.312914
O=C(NCc1c[nH]c2ccccc12)C1(NCc2cnccc2NCc2ccc3oc(C4CNC4)nc3c2)CCC1,7.646521,O=C(Nc1ccncc1CNC1(C(=O)NCc2c[nH]c3ccccc23)CCC1)c1ccc2oc(C3CNC3)nc2c1,7.60615
O=C(Nc1cccc2ccn(CC3CC3)c12)[C@H]1CCCN1Cc1ccc(CO[C@H]2CN3CCC2CC3)cc1,8.004071,O=C(Nc1cccc2ccn(CC3CC3)c12)[C@H]1CCCN1C(=O)c1ccc(CO[C@H]2CN3CCC2CC3)cc1,7.936664
COc1ccccc1CNC(=O)C1CN(Cc2ccc(CCl)cc2)C1,5.331511,COc1ccccc1CNC(=O)C1CN(C(=O)c2ccc(CCl)cc2)C1,5.941873
C[C@@H](NCC1CNC1)C(=O)Nc1ccc(-c2ccc3[nH]ccc3c2)cc1,6.25976,C[C@@H](NC(=O)C1CNC1)C(=O)Nc1ccc(-c2ccc3[nH]ccc3c2)cc1,7.642139
Fc1cccc(-c2nc3cc(CNC4CC4)ccc3n2CC2CC2)n1,5.08891,O=C(NC1CC1)c1ccc2c(c1)nc(-c1cccc(F)n1)n2CC1CC1,6.824243
O=C(N[C@@H](Cc1ccccc1)c1nc2ccc(CNc3ccnc4ccccc34)cc2o1)C1CCNCC1,6.513454,O=C(Nc1ccnc2ccccc12)c1ccc2nc([C@H](Cc3ccccc3)NC(=O)C3CCNCC3)oc2c1,6.68738
c1ccc2c(N(Cc3ccc4nc(C5CNC5)[nH]c4c3)c3ccc(NCC4CCN4)cc3)ccnc2c1,7.899094,O=C(c1ccc2nc(C3CNC3)[nH]c2c1)N(CC1CCN1)c1ccc(Nc2ccnc3ccccc23)cc1,7.318575
O=C(O)c1ccc(-c2nc3ccc(CNC4(C(=O)NCc5ccccc5)CCC4)cc3o2)cc1,6.994758,O=C(O)c1ccc(-c2nc3ccc(C(=O)NC4(C(=O)NCc5ccccc5)CCC4)cc3o2)cc1,7.060297
OB(O)c1cccc(NCc2ccccc2NCC2CNC2)c1,4.43606,O=C(Nc1ccccc1CNc1cccc(B(O)O)c1)C1CNC1,5.194473
c1cc2cc(-c3ccc(Nc4ccc(NCc5ccc(-c6nnn(CC7CC7)n6)nc5)cc4)cc3)ccc2[nH]1,7.698158,O=C(Nc1ccc(Nc2ccc(-c3ccc4[nH]ccc4c3)cc2)cc1)c1ccc(-c2nnn(CC3CC3)n2)nc1,7.743661
c1ccc2c(c1)c(CNCc1ccc3nc([C@H]4CCCN4)oc3c1)cn2CC1CC1,7.703272,O=C(NCc1cn(CC2CC2)c2ccccc12)c1ccc2nc([C@H]3CCCN3)oc2c1,8.110369
C[C@H](NC(=O)[C@@H]1Cc2ccccc2CN1Cc1ccc(-c2nnn(CC3CC3)n2)nc1)C(=O)Nc1ccnc2ccccc12,7.807536,C[C@H](NC(=O)[C@@H]1Cc2ccccc2CN1C(=O)c1ccc(-c2nnn(CC3CC3)n2)nc1)C(=O)Nc1ccnc2ccccc12,7.482323
O=C(O)[C@H](NC[C@@H]1C[C@@H](O)CN1)c1ccccc1,3.229352,O=C(N[C@@H](C(=O)O)c1ccccc1)[C@@H]1C[C@@H](O)CN1,3.751863
O=C(NCc1c[nH]c2ccccc12)[C@H](NCc1ccc(-c2nnn(CC3CC3)n2)nc1)c1ccccc1,7.452979,O=C(N[C@@H](C(=O)NCc1c[nH]c2ccccc12)c1ccccc1)c1ccc(-c2nnn(CC3CC3)n2)nc1,7.530546
FC(F)(F)c1ccc(CNCc2ccc3nc(-c4ccc(-c5nnn(CC6CC6)n5)nc4)oc3c2)cc1,7.545802,O=C(NCc1ccc(C(F)(F)F)cc1)c1ccc2nc(-c3ccc(-c4nnn(CC5CC5)n4)nc3)oc2c1,7.733735
O=C(Nc1ccc(-c2ccc(F)cc2)cc1)[C@H]1CCCN1C[C@@H]1Cc2ccccc2CN1,7.452692,O=C(Nc1ccc(-c2ccc(F)cc2)cc1)[C@H]1CCCN1C(=O)[C@@H]1Cc2ccccc2CN1,7.375709
O=C(Nc1cccc2ccn(Cc3ccc(CNc4ccc(Nc5ccnc6ccccc56)cc4)cc3)c12)C1CNC1,7.417073,O=C(Nc1ccc(Nc2ccnc3ccccc23)cc1)c1ccc(Cn2ccc3cccc(NC(=O)C4CNC4)c32)cc1,7.643477
O=C(NC1CC1)c1cccc(N(Cc2ccc(-c3nnn(CC4CC4)n3)nc2)c2ccnc3ccccc23)n1,8.173324,O=C(NC1CC1)c1cccc(N(C(=O)c2ccc(-c3nnn(CC4CC4)n3)nc2)c2ccnc3ccccc23)n1,7.087676
c1cc(-c2nnnn2CC2CC2)ccc1CO[C@H]1CCCN(Cc2ccc(-c3nnn(CC4CC4)n3)nc2)C1,7.246994,O=C(c1ccc(-c2nnn(CC3CC3)n2)nc1)N1CCC[C@H](OCc2ccc(-c3nnnn3CC3CC3)cc2)C1,7.868046
c1cc2nc(C3CCNCC3)[nH]c2cc1CNc1cc(-c2ccc3c(ccn3CC3CC3)c2)n[nH]1,7.966063,O=C(Nc1cc(-c2ccc3c(ccn3CC3CC3)c2)n[nH]1)c1ccc2nc(C3CCNCC3)[nH]c2c1,8.003163
O=C(c1ccc(C(F)(F)F)cn1)N1CCC[C@H]1CNc1ccc(-c2cccc(NCC3CNC3)c2)cc1,7.386431,O=C(Nc1cccc(-c2ccc(NC[C@@H]3CCCN3C(=O)c3ccc(C(F)(F)F)cn3)cc2)c1)C1CNC1,7.451832
Nc1ccccc1CN1CCC[C@H](C(=O)O)C1,3.143569,Nc1ccccc1C(=O)N1CCC[C@H](C(=O)O)C1,3.312048
O=C(O)C1(NC[C@@H]2Cc3ccccc3CN2)CCC1,4.822858,O=C(NC1(C(=O)O)CCC1)[C@@H]1Cc2ccccc2CN1,5.993547
O=Cc1ccc(CN2CCC[C@@H]2C(=O)O)cc1,3.123849,O=Cc1ccc(C(=O)N2CCC[C@@H]2C(=O)O)cc1,3.335219
N[C@H](CNc1ccnc2ccccc12)c1ccccc1,4.402757,N[C@H](C(=O)Nc1ccnc2ccccc12)c1ccccc1,5.33558
c1ccc2c(NCc3ccc4nc(C5CCN5)oc4c3)ccnc2c1,7.089091,O=C(Nc1ccnc2ccccc12)c1ccc2nc(C3CCN3)oc2c1,7.214292
O=C1CN(c2cccc(CNC34CC(C3)C4)n2)C1,5.12766,O=C1CN(c2cccc(C(=O)NC34CC(C3)C4)n2)C1,5.219419
Brc1ccc(NCc2ccc3oc(C4CNC4)nc3c2)cc1,7.068932,O=C(Nc1ccc(Br)cc1)c1ccc2oc(C3CNC3)nc2c1,7.090648
Nc1ccc(CN[C@@H](CC2CCCCC2)C(=O)NCc2cn(CC3CC3)c3ccccc23)cc1N,5.85884,Nc1ccc(C(=O)N[C@@H](CC2CCCCC2)C(=O)NCc2cn(CC3CC3)c3ccccc23)cc1N,6.202067
O=C(Nc1cccc(-c2ccc(NCC3CNC3)cc2)c1)C1CCN(C(=O)c2ccc(F)cc2)CC1,7.686323,O=C(Nc1cccc(-c2ccc(NC(=O)C3CNC3)cc2)c1)C1CCN(C(=O)c2ccc(F)cc2)CC1,7.504044
O=C(Nc1ccc(-c2cc(NCC3CNC3)[nH]n2)cc1)Nc1cccc2ccccc12,7.741038,O=C(Nc1ccc(-c2cc(NC(=O)C3CNC3)[nH]n2)cc1)Nc1cccc2ccccc12,8.040994
Brc1ccc(NCc2ccc3nc([C@@H]4CCCN4)oc3c2)cc1,6.464147,O=C(Nc1ccc(Br)cc1)c1ccc2nc([C@@H]3CCCN3)oc2c1,6.882923
O=C(Nc1cc(N2Cc3ccccc3C[C@H]2C(=O)NC2CC2)n[nH]1)C1CCN(C[C@@H]2Cc3ccccc3CN2)CC1,7.428791,O=C(Nc1cc(N2Cc3ccccc3C[C@H]2C(=O)NC2CC2)n[nH]1)C1CCN(C(=O)[C@@H]2Cc3ccccc3CN2)CC1,7.318269
O=Cc1cccc(-c2cccc(NCc3ccc(-c4nnn(CC5CC5)n4)nc3)c2)c1,7.423326,O=Cc1cccc(-c2cccc(NC(=O)c3ccc(-c4nnn(CC5CC5)n4)nc3)c2)c1,7.267453
N[C@@H](CNc1cc(Br)n[nH]1)c1ccccc1,3.532356,N[C@@H](C(=O)Nc1cc(Br)n[nH]1)c1ccccc1,4.480309
Nc1ccc(C(=O)O)cc1NCC1CCN1,4.935055,Nc1cc(C(=O)O)ccc1NC(=O)C1CCN1,5.102158
O=Cc1ccnc(-c2cccc(NCc3ccc4nc([C@H]5CCCN5)oc4c3)c2)c1,6.907753,O=Cc1ccnc(-c2cccc(NC(=O)c3ccc4nc([C@H]5CCCN5)oc4c3)c2)c1,7.06177
N#Cc1ccc(CN(CC2CN(C(=O)C3CNC3)C2)c2cccc(-c3cnc(F)nc3)c2)cn1,6.776919,N#Cc1ccc(C(=O)N(CC2CN(C(=O)C3CNC3)C2)c2cccc(-c3cnc(F)nc3)c2)cn1,6.85668
O=C(Nc1cc(-c2cccc(CNC3(C(=O)Nc4ccnc5ccccc45)CCC3)c2)n[nH]1)[C@@H]1Cc2ccccc2CN1,7.912596,O=C(NC1(C(=O)Nc2ccnc3ccccc23)CCC1)c1cccc(-c2cc(NC(=O)[C@@H]3Cc4ccccc4CN3)[nH]n2)c1,7.939708
c1cc(CNCCc2c[nH]c3ccccc23)cc(CNc2ccc(-c3cn(CC4CC4)cn3)cc2)c1,7.518981,O=C(Nc1ccc(-c2cn(CC3CC3)cn2)cc1)c1cccc(CNCCc2c[nH]c3ccccc23)c1,7.748503
O=C(NC12CC(C1)C2)C1(NCc2ccc3nc(C4CNC4)oc3c2)CCC1,7.570122,O=C(NC1(C(=O)NC23CC(C2)C3)CCC1)c1ccc2nc(C3CNC3)oc2c1,6.887846
O=Cc1cccc(CN2CCN(C(=O)c3ccc4nc(C5CNC5)oc4c3)CC2)c1,6.831922,O=Cc1cccc(C(=O)N2CC(c3nc4ccc(C(=O)N5CCNCC5)cc4o3)C2)c1,6.140201
Oc1ccc(CNc2cccc3cc[nH]c23)cc1NCC1CCN1,6.151465,O=C(Nc1cccc2cc[nH]c12)c1ccc(O)c(NCC2CCN2)c1,6.829667
O=C(N[C@@H](CNc1cc(-c2cccc(-c3nnn(CC4CC4)n3)c2)n[nH]1)Cc1c[nH]c2ccccc12)[C@@H]1CCCN1,7.813799,O=C(N[C@H](Cc1c[nH]c2ccccc12)C(=O)Nc1cc(-c2cccc(-c3nnn(CC4CC4)n3)c2)n[nH]1)[C@@H]1CCCN1,7.667482
Fc1nc(NCc2cccc(-c3ccc(NC[C@@H]4Cc5ccccc5CN4)cc3)c2)c2ncn(CC3CC3)c2n1,7.701577,O=C(Nc1nc(F)nc2c1ncn2CC1CC1)c1cccc(-c2ccc(NC[C@@H]3Cc4ccccc4CN3)cc2)c1,7.947601
O[C@H]1CCCN(c2ccc(NCc3ccc4nc(C5CNC5)oc4c3)cc2)C1,7.001541,O=C(Nc1ccc(N2CCC[C@H](O)C2)cc1)c1ccc2nc(C3CNC3)oc2c1,7.151987
O=C(O)C1(NCC2CN(Cc3ccc(CO[C@H]4CN5CCC4CC5)cc3)C2)CCC1,6.556785,O=C(NC1(C(=O)O)CCC1)C1CN(Cc2ccc(CO[C@H]3CN4CCC3CC4)cc2)C1,7.216819
Nc1ccc(CN2CC(=O)C2)cc1N,2.96108,Nc1ccc(C(=O)N2CC(=O)C2)cc1N,3.406711
c1ccc2c(c1)CCN=C2c1ccc(CNCc2cn(Cc3ccc(CNC45CC(C4)C5)cc3)c3ccccc23)cc1,7.677627,O=C(NC12CC(C1)C2)c1ccc(Cn2cc(CNCc3ccc(C4=NCCc5ccccc54)cc3)c3ccccc32)cc1,7.776025
O=C(NC12CC(C1)C2)c1ccc(Cn2nnnc2-c2ccc(-c3cc(NC[C@@H]4Cc5ccccc5CN4)[nH]n3)s2)cc1,7.876832,O=C(NC12CC(C1)C2)c1ccc(Cn2nnnc2-c2ccc(-c3cc(NC(=O)[C@@H]4Cc5ccccc5CN4)[nH]n3)s2)cc1,7.640305
Oc1cc(Br)ccc1NCc1ccc(CNC23CC(C2)C3)cc1,5.926408,O=C(Nc1ccc(Br)cc1O)c1ccc(CNC23CC(C2)C3)cc1,5.936455
O=C(O)C1CN(C[C@@H]2CCCN2C(=O)C2CNC2)C1,5.115091,O=C(O)C1CN(C(=O)[C@@H]2CCCN2C(=O)C2CNC2)C1,5.806823
Brc1ccc(NCc2ccc3nc(C4CNC4)[nH]c3c2)cc1,6.968061,O=C(Nc1ccc(Br)cc1)c1ccc2nc(C3CNC3)[nH]c2c1,7.074221
Brc1cc(NCc2ccc3nc(-c4ccc(COCC5CNC5)cc4)oc3c2)[nH]n1,7.036516,O=C(Nc1cc(Br)n[nH]1)c1ccc2nc(-c3ccc(COCC4CNC4)cc3)oc2c1,7.225027
O=C(Nc1cccc2cc[nH]c12)N1CCC[C@H]1c1nc2cc(CNCCc3ccccc3Br)ccc2o1,6.180596,O=C(NCCc1ccccc1Br)c1ccc2oc([C@@H]3CCCN3C(=O)Nc3cccc4cc[nH]c34)nc2c1,6.448763
OB(O)c1cccc(NCc2ccc3nc(-c4ccc(CO[C@H]5CN6CCC5CC6)cc4)oc3c2)c1,6.793136,O=C(Nc1cccc(B(O)O)c1)c1ccc2nc(-c3ccc(CO[C@H]4CN5CCC4CC5)cc3)oc2c1,6.852858
O=C(Nc1cccc2cc[nH]c12)[C@@H]1CCCN1Cc1cccc2oc(C3CNC3)nc12,7.53989,O=C(Nc1cccc2cc[nH]c12)[C@@H]1CCCN1C(=O)c1cccc2oc(C3CNC3)nc12,7.160852
N#Cc1ccc(CNc2ccnc3ccccc23)cn1,4.75259,N#Cc1ccc(C(=O)Nc2ccnc3ccccc23)cn1,5.1757
Brc1ccc2oc(-c3cccc(CNc4ccc(-c5cccc(-c6nnn(CC7CC7)n6)c5)cc4)c3)nc2c1,7.797831,O=C(Nc1ccc(-c2cccc(-c3nnn(CC4CC4)n3)c2)cc1)c1cccc(-c2nc3cc(Br)ccc3o2)c1,7.56848
c1cc(-c2cc(NCc3ccc4oc(C5CNC5)nc4c3)[nH]n2)cc(-c2nnn(CC3CC3)n2)c1,8.269389,O=C(Nc1cc(-c2cccc(-c3nnn(CC4CC4)n3)c2)n[nH]1)c1ccc2oc(C3CNC3)nc2c1,6.892754
Brc1cc(NCc2ccc3nc([C@H]4CCCNC4)oc3c2)[nH]n1,5.800279,O=C(Nc1cc(Br)n[nH]1)c1ccc2nc([C@H]3CCCNC3)oc2c1,6.061556
O=Cc1ccccc1CN1CCC[C@@H]1C(=O)O,2.782956,O=Cc1ccccc1C(=O)N1CCC[C@@H]1C(=O)O,3.096925
N#Cc1ccc(CNc2ccc(B(O)O)cc2)cn1,3.604001,N#Cc1ccc(C(=O)Nc2ccc(B(O)O)cc2)cn1,3.944619
O=C(NCc1cn(CC2CC2)nn1)[C@@H]1Cc2ccccc2CN1Cc1ccc2nc(C3CNC3)[nH]c2c1,7.706483,O=C(NCc1cn(CC2CC2)nn1)[C@@H]1Cc2ccccc2CN1C(=O)c1ccc2nc(C3CNC3)[nH]c2c1,7.255732
C#CCNC(=O)C1CCN(Cc2ccc(-c3nnn(CC4CC4)n3)nc2)CC1,6.812254,C#CCNC(=O)C1CCN(C(=O)c2ccc(-c3nnn(CC4CC4)n3)nc2)CC1,6.432132
c1ccc2c(c1)CN[C@H](CNC1CC1)C2,4.258151,O=C(NC1CC1)[C@@H]1Cc2ccccc2CN1,7.007308
Nc1cc(CNC2(C(=O)O)CCC2)ccc1O,3.05422,NC1(C(=O)Nc2cc(C(=O)O)ccc2O)CCC1,3.569938
O=C(O)c1cccc(CN2CCC[C@H]2CNCCc2c[nH]c3ccccc23)c1,4.878557,O=C(NCCc1c[nH]c2ccccc12)c1cccc(CN2CCC[C@H]2C(=O)O)c1,4.948072
OB(O)c1cccc(CN2CC[C@@H](O)C2)c1,2.904328,O=C(c1cccc(B(O)O)c1)N1CC[C@@H](O)C1,2.970474
C[C@H](NCc1ccc2nc(-c3ccc(C(=O)NC4CC4)cc3)oc2c1)c1ccccc1,7.73667,C[C@H](NC(=O)c1ccc2nc(-c3ccc(C(=O)NC4CC4)cc3)oc2c1)c1ccccc1,7.672747
O=C(Nc1cccc(B(O)O)c1)N1CCC(CNC23CC(C2)C3)CC1,5.050491,O=C(NC12CC(C1)C2)C1CCN(C(=O)Nc2cccc(B(O)O)c2)CC1,5.53267
C[C@@H](NCc1ccc(-c2nc3cc(-c4nnnn4CC4CC4)ccc3o2)cc1)c1ccccc1,7.359425,C[C@@H](NC(=O)c1ccc(-c2nc3cc(-c4nnnn4CC4CC4)ccc3o2)cc1)c1ccccc1,7.471196
O=C(Nc1ccc(-c2ccccc2CCNCC2CCN2)cn1)c1ccccn1,6.597753,O=C(Nc1ccc(-c2ccccc2CCNC(=O)C2CCN2)cn1)c1ccccn1,7.142442
OB(O)c1cccc(NCc2ccc3nc(-c4ccnc(-c5cccc(NCC6CCN6)c5)c4)oc3c2)c1,6.784475,O=C(Nc1cccc(B(O)O)c1)c1ccc2nc(-c3ccnc(-c4cccc(NCC5CCN5)c4)c3)oc2c1,6.702476
O=C1CCN(C(=O)c2ccccc2NCc2ccc(-c3nc4ccc(C5=NCCc6ccccc65)cc4o3)cc2)CC1,6.424295,O=C1CCN(C(=O)c2ccccc2NC(=O)c2ccc(-c3nc4ccc(C5=NCCc6ccccc65)cc4o3)cc2)CC1,6.721579
O=C(Nc1cccc(-c2ccc(Nc3ccc(NCC4CNC4)cc3)cc2)c1)[C@@H]1C[C@@H](O)CN1,7.006949,O=C(Nc1ccc(Nc2ccc(-c3cccc(NC(=O)[C@@H]4C[C@@H](O)CN4)c3)cc2)cc1)C1CNC1,7.366356
COc1ccccc1CCNCC1CCN1Cc1ccccc1Cn1nnc(-c2ccc(CBr)cc2)n1,5.883529,COc1ccccc1CCNC(=O)C1CCN1Cc1ccccc1Cn1nnc(-c2ccc(CBr)cc2)n1,6.240302
O=Cc1ccc(CNc2ccc(Br)cc2)cc1,4.040085,O=Cc1ccc(C(=O)Nc2ccc(Br)cc2)cc1,4.419332
O=C(NCc1cn(CC2CC2)nn1)C1CCN(Cc2ccc3nc(C4CNC4)oc3c2)CC1,7.902624,O=C(NCc1cn(CC2CC2)nn1)C1CCN(C(=O)c2ccc3nc(C4CNC4)oc3c2)CC1,7.424206
CC1(C)OB(c2ccc(NCC3(NC[C@@H]4Cc5ccccc5CN4)CCC3)nc2)OC1(C)C,5.032005,CC1(C)OB(c2ccc(NC(=O)C3(NC[C@@H]4Cc5ccccc5CN4)CCC3)nc2)OC1(C)C,5.742863
O=C(Nc1ccccn1)[C@H]1CCCN(C(=O)[C@H](NCc2ccc3oc(C4CNC4)nc3c2)c2ccccc2)C1,7.491438,O=C(N[C@@H](C(=O)N1CCC[C@H](C(=O)Nc2ccccn2)C1)c1ccccc1)c1ccc2oc(C3CNC3)nc2c1,7.259246
O=C(Nc1ccc(-c2cc(NCC3CCN3C[C@@H]3Cc4ccccc4CN3)[nH]n2)cn1)C1CNC1,6.753631,O=C(Nc1ccc(-c2cc(N(CC3CCN3)C(=O)[C@@H]3Cc4ccccc4CN3)[nH]n2)cn1)C1CNC1,5.904768
Nc1ccccc1C(=O)N1CCC[C@@H](CNc2cccc(-c3cc(NC(=O)C4CNC4)[nH]n3)c2)C1,7.621246,Nc1ccccc1C(=O)N1CCC[C@@H](C(=O)Nc2cccc(-c3cc(NC(=O)C4CNC4)[nH]n3)c2)C1,7.401047
O=C(Nc1ccnc2ccccc12)C1CN(C(=O)C2CN(C(=O)C3CN(C[C@@H]4Cc5ccccc5CN4)C3)C2)C1,7.337758,O=C(Nc1ccnc2ccccc12)C1CN(C(=O)C2CN(C(=O)C3CN(C(=O)[C@@H]4Cc5ccccc5CN4)C3)C2)C1,6.70046
c1cc2nc(C3CNC3)[nH]c2cc1CNCc1cn(CC2CC2)nn1,7.517399,O=C(NCc1cn(CC2CC2)nn1)c1ccc2nc(C3CNC3)[nH]c2c1,7.971747
Nc1n[nH]cc1-c1ccc(NCC2CNC2)cc1,5.355419,Nc1ccc(-c2c[nH]nc2NC(=O)C2CNC2)cc1,6.143244
O=Cc1cccc(CNCc2ccc(C(F)(F)F)cc2)c1,4.530311,O=Cc1cccc(C(=O)NCc2ccc(C(F)(F)F)cc2)c1,4.95599
Cc1ccc(Cn2nnc(-c3cccc(-c4cc(N(C[C@@H]5Cc6ccccc6CN5)C[C@@H]5Cc6ccccc6CN5)[nH]n4)c3)n2)cc1F,7.173047,Cc1ccc(Cn2nnc(-c3cccc(-c4cc(N(C[C@@H]5Cc6ccccc6CN5)C(=O)[C@@H]5Cc6ccccc6CN5)[nH]n4)c3)n2)cc1F,7.144876
Nc1cc(CNc2ccc(B(O)O)cc2)ccc1O,3.416777,Nc1cc(C(=O)Nc2ccc(B(O)O)cc2)ccc1O,3.651126
O=Cc1c[nH]c2ccc(-c3cccc(NCc4ccc5nc(C6CNC6)oc5c4)c3)cc12,7.276175,O=Cc1c[nH]c2ccc(-c3cccc(NC(=O)c4ccc5nc(C6CNC6)oc5c4)c3)cc12,7.169149
Brc1ccccc1CCNCC1CNC1,3.97176,O=C(NCCc1ccccc1Br)C1CNC1,6.069876
Brc1ccc(NC[C@H]2CCCNC2)cc1,4.022648,O=C(Nc1ccc(Br)cc1)[C@H]1CCCNC1,5.594558
c1ccc2c(c1)CN[C@H](CNCCc1c[nH]c3ccccc13)C2,6.254029,O=C(NCCc1c[nH]c2ccccc12)[C@@H]1Cc2ccccc2CN1,6.633295
c1ccc2c(CCNCC3CCNCC3)c[nH]c2c1,3.801538,O=C(NCCc1c[nH]c2ccccc12)C1CCNCC1,6.060232
O=Cc1cccc(CNc2ccc(-c3cccc(NC(=O)NC4CC4)c3)cc2)c1,7.001575,O=Cc1cccc(C(=O)Nc2ccc(-c3cccc(NC(=O)NC4CC4)c3)cc2)c1,6.889361
O=C(Nc1cccc2ccccc12)N1CC(CNc2cc(Br)n[nH]2)C1,5.407836,O=C(Nc1cc(Br)n[nH]1)C1CN(C(=O)Nc2cccc3ccccc23)C1,6.01425
Nc1ccc(Nc2cc(-c3cccc(NCc4ccc(CNC56CC(C5)C6)cc4)c3)n[nH]2)cc1N,6.867869,Nc1ccc(Nc2cc(-c3cccc(NC(=O)c4ccc(CNC56CC(C5)C6)cc4)c3)n[nH]2)cc1N,7.050859
c1ccc(CNCc2cccc(-c3ccc4nc([C@@H]5Cc6ccccc6CN5)[nH]c4c3)c2)cc1,7.381921,O=C(NCc1ccccc1)c1cccc(-c2ccc3nc([C@@H]4Cc5ccccc5CN4)[nH]c3c2)c1,7.691759
c1ccc2nc(N(CC3CN(Cc4ccc(-c5nnn(CC6CC6)n5)nc4)C3)C34CC(C3)C4)ccc2c1,7.79856,O=C(c1ccc(-c2nnn(CC3CC3)n2)nc1)N1CC(CN(c2ccc3ccccc3n2)C23CC(C2)C3)C1,5.550891
c1cc(CN(C[C@@H]2Cc3ccccc3CN2)C23CC(C2)C3)cc(-c2cccc(-c3nnn(CC4CC4)n3)c2)c1,7.07109,O=C([C@@H]1Cc2ccccc2CN1)N(Cc1cccc(-c2cccc(-c3nnn(CC4CC4)n3)c2)c1)C12CC(C1)C2,7.222994
O=C(O)c1ccc(O)c(NCc2cccc(-c3nc4cc(C(=O)O)ccc4o3)c2)c1,5.362153,O=C(O)c1ccc(O)c(NC(=O)c2cccc(-c3nc4cc(C(=O)O)ccc4o3)c2)c1,5.270638
Brc1cc(CN2CCC2CNc2cccc(-c3ccc4oc(C5CNC5)nc4c3)c2)ccn1,7.408594,O=C(Nc1cccc(-c2ccc3oc(C4CNC4)nc3c2)c1)C1CCN1Cc1ccnc(Br)c1,7.213059
O=C(O)[C@@H]1Cc2ccccc2CN1C(=O)[C@@H](NCc1ccc2nc(C3CNC3)oc2c1)c1ccccc1,6.537438,O=C(N[C@H](C(=O)N1Cc2ccccc2C[C@H]1C(=O)O)c1ccccc1)c1ccc2nc(C3CNC3)oc2c1,6.556677
C[C@@H](NCC1CNC1)c1nc2ccc(C(=O)O)cc2[nH]1,4.706183,C[C@@H](NC(=O)C1CNC1)c1nc2ccc(C(=O)O)cc2[nH]1,5.947505
O=C(Nc1ccc(-c2cn(CC3CC3)nn2)cc1)C1CCN(C[C@@H]2Cc3ccccc3CN2)CC1,8.004423,O=C(Nc1ccc(-c2cn(CC3CC3)nn2)cc1)C1CCN(C(=O)[C@@H]2Cc3ccccc3CN2)CC1,7.756242
Cc1cc(Br)cnc1NCc1ccc(C=O)cc1,3.673105,Cc1cc(Br)cnc1NC(=O)c1ccc(C=O)cc1,3.802434
O=C(O)c1ccc(Cn2cc(CCNC[C@@H]3CCCN3Cc3ccc4oc(C5CNC5)nc4c3)c3ccccc32)cc1,7.095429,O=C(O)c1ccc(Cn2cc(CCNC(=O)[C@@H]3CCCN3Cc3ccc4oc(C5CNC5)nc4c3)c3ccccc32)cc1,7.401164
O=C(c1ccc(CNCc2ccccc2)cc1)N1CC(N2CCC(CNCCc3c[nH]c4ccccc34)CC2)C1,7.078924,O=C(NCCc1c[nH]c2ccccc12)C1CCN(C2CN(C(=O)c3ccc(CNCc4ccccc4)cc3)C2)CC1,7.3046
Cc1cc(-c2ccc(NCc3ccc4[nH]c(C5CNC5)nc4c3)cc2)cnc1NC[C@H]1CCCNC1,7.467713,Cc1cc(-c2ccc(NC(=O)c3ccc4[nH]c(C5CNC5)nc4c3)cc2)cnc1NC[C@H]1CCCNC1,7.244008
N#Cc1ccc(N2CC(CNc3cc(Br)n[nH]3)C2)cc1,4.763737,N#Cc1ccc(N2CC(C(=O)Nc3cc(Br)n[nH]3)C2)cc1,5.341305
O=C(NC1CC1)c1ccc2oc(-c3cccc(-c4cc(NCC5CNC5)[nH]n4)c3)nc2c1,7.883718,O=C(NC1CC1)c1ccc2oc(-c3cccc(-c4cc(NC(=O)C5CNC5)[nH]n4)c3)nc2c1,7.161736
C[C@H](Nc1ccc(N(Cc2ccc(CO[C@H]3CN4CCC3CC4)cc2)C[C@@H]2Cc3ccccc3CN2)cc1)c1ccccc1,7.570992,C[C@@H](c1ccccc1)N(C(=O)[C@@H]1Cc2ccccc2CN1)c1ccc(NCc2ccc(CO[C@H]3CN4CCC3CC4)cc2)cc1,7.695298
Nc1ccc(-c2ccc(NC[C@@H]3CCCN3)cc2)cc1,4.935363,Nc1ccc(-c2ccc(NC(=O)[C@@H]3CCCN3)cc2)cc1,6.520345
O=C(NCCc1ccccc1)Nc1ccc(-c2cccc(NC(=O)C3CN(C[C@@H]4Cc5ccccc5CN4)C3)c2)cc1,7.436413,O=C(NCCc1ccccc1)Nc1ccc(-c2cccc(NC(=O)C3CN(C(=O)[C@@H]4Cc5ccccc5CN4)C3)c2)cc1,7.11404
O=C(Nc1cc(-c2ccc(Nc3ccc4ccccc4n3)cc2)n[nH]1)C1CN(CC2CNC2)C1,7.523053,O=C(Nc1cc(-c2ccc(N(C(=O)C3CNC3)c3ccc4ccccc4n3)cc2)n[nH]1)C1CNC1,5.233522
Brc1cc(NCc2ccc3nc(-c4ccc5nc(C6CNC6)oc5c4)oc3c2)[nH]n1,7.166749,O=C(Nc1cc(Br)n[nH]1)c1ccc2nc(-c3ccc4nc(C5CNC5)oc4c3)oc2c1,7.070158
O=C(Nc1ccc(-c2cccc(NCc3ccc(CNC45CC(C4)C5)cc3)c2)cc1)c1cccc(F)n1,7.601848,O=C(Nc1cccc(-c2ccc(NC(=O)c3cccc(F)n3)cc2)c1)c1ccc(CNC23CC(C2)C3)cc1,7.646175
O=C1CCN(Cc2ccc3nc(-c4ccc(F)cc4)oc3c2)C1,5.029798,O=C1CCN(C(=O)c2ccc3nc(-c4ccc(F)cc4)oc3c2)C1,4.917325
O=C(N[C@H](C(=O)N1CC(CNCc2cn(CC3CC3)c3ccccc23)C1)c1ccccc1)[C@@H]1Cc2ccccc2CN1,7.317604,O=C(NCc1cn(CC2CC2)c2ccccc12)C1CN(C(=O)[C@@H](NC(=O)[C@@H]2Cc3ccccc3CN2)c2ccccc2)C1,7.56534
c1cc(CNc2ccc(-c3ccc(NC4CCNCC4)cc3)cc2)c2nc(C3CNC3)oc2c1,7.383029,O=C(Nc1ccc(-c2ccc(NC3CCNCC3)cc2)cc1)c1cccc2oc(C3CNC3)nc12,7.016575
c1cncc(-c2ccc(NCc3ccc(CNCCc4cn(CC5CC5)c5ccccc45)cc3)cc2)c1,7.706493,O=C(NCCc1cn(CC2CC2)c2ccccc12)c1ccc(CNc2ccc(-c3cccnc3)cc2)cc1,7.654538
Cc1cc(-c2cccc(NC(=O)[C@@H]3Cc4ccccc4CN3)c2)cnc1NCc1ccc(CO[C@H]2CN3CCC2CC3)cc1,7.810903,Cc1cc(-c2cccc(NC(=O)[C@@H]3Cc4ccccc4CN3)c2)cnc1NC(=O)c1ccc(CO[C@H]2CN3CCC2CC3)cc1,7.456989
O=C(Nc1cc(Br)n[nH]1)NC1(CNc2ccnc3ccccc23)CCC1,4.808532,O=C(Nc1cc(Br)n[nH]1)NC1(C(=O)Nc2ccnc3ccccc23)CCC1,6.011461
c1ccc2c(NCC3CCN(Cc4ccc5nc(-c6ccc(-c7nnn(CC8CC8)n7)nc6)oc5c4)CC3)ccnc2c1,7.843467,O=C(c1ccc2nc(-c3ccc(-c4nnn(CC5CC5)n4)nc3)oc2c1)N(CC1CCNCC1)c1ccnc2ccccc12,7.240186
c1cc(NCC2CCN2)c2[nH]ccc2c1,5.454553,O=C(Nc1cccc2cc[nH]c12)C1CCN1,6.324234
c1ccc2c(c1)CN[C@H](CNc1ccccc1CNc1ccc(-c3cn(CC4CC4)cn3)cc1)C2,7.938429,O=C(Nc1ccc(-c2cn(CC3CC3)cn2)cc1)c1ccccc1NC[C@@H]1Cc2ccccc2CN1,7.965148
C[C@H](NC(=O)C1CCN1Cc1ccc2oc(-c3ccc4nc(C5CNC5)oc4c3)nc2c1)c1ccccc1,7.542983,C[C@H](NC(=O)C1CCN1C(=O)c1ccc2oc(-c3ccc4nc(C5CNC5)oc4c3)nc2c1)c1ccccc1,6.929746
O=Cc1cccc(CNc2ccccn2)c1,3.741185,O=Cc1cccc(C(=O)Nc2ccccn2)c1,4.246374
c1ccc2c(c1)c(CNCC1CCN(c3ccc(-c4nnn(CC5CC5)n4)cc3)CC1)cn2CC1CC1,8.068335,O=C(NCc1cn(CC2CC2)c2ccccc12)C1CCN(c2ccc(-c3nnn(CC4CC4)n3)cc2)CC1,8.10008
c1cc2[nH]c([C@H]3CCCN3)nc2cc1CNc1ccc(-c2cn(CC3CC3)cn2)cc1,8.129652,O=C(Nc1ccc(-c2cn(CC3CC3)cn2)cc1)c1ccc2[nH]c([C@H]3CCCN3)nc2c1,7.815394
c1ccc2c(NC3CCN(Cc4ccc5nc(-c6ccnc(NC78CC(C7)C8)c6)oc5c4)C3)ccnc2c1,7.766302,O=C(c1ccc2nc(-c3ccnc(NC45CC(C4)C5)c3)oc2c1)N(c1ccnc2ccccc12)C1CCNC1,7.374946
OB(O)c1ccc(NCc2ccccn2)cc1,3.279193,O=C(Nc1ccc(B(O)O)cc1)c1ccccn1,3.592083
O=C(O)[C@@H]1Cc2ccccc2CN1C[C@@H]1Cc2ccccc2CN1,5.817643,O=C(O)[C@@H]1Cc2ccccc2CN1C(=O)[C@@H]1Cc2ccccc2CN1,5.863669
c1cc(CNc2ccnc3ccccc23)cc(-c2ccc(NC[C@@H]3Cc4ccccc4CN3)cc2)c1,7.558056,O=C(Nc1ccnc2ccccc12)c1cccc(-c2ccc(NC[C@@H]3Cc4ccccc4CN3)cc2)c1,7.828411
O=C(O)c1ccccc1NCc1ccc(CO[C@H]2CN3CCC2CC3)cc1,6.644015,O=C(Nc1ccccc1C(=O)O)c1ccc(CO[C@H]2CN3CCC2CC3)cc1,6.907448
O=C(O)c1cccc(N2CCC[C@H](CNc3cccc(-c4cc(NC(=O)C5CNC5)[nH]n4)c3)C2)n1,7.227688,O=C(Nc1cccc(-c2cc(NC(=O)C3CNC3)[nH]n2)c1)c1cccc(N2CCC[C@H](C(=O)O)C2)n1,7.16959
OB(O)c1cccc(NCc2cccc(NCC3CCN3)c2)c1,5.018985,O=C(Nc1cccc(CNc2cccc(B(O)O)c2)c1)C1CCN1,5.412889
c1cc(CNCCc2ccncc2)c2nc(C3CCN3)oc2c1,6.705243,O=C(NCCc1ccncc1)c1cccc2oc(C3CCN3)nc12,6.717853
c1cc(NCc2ccc3nc([C@H]4CCCN4)oc3c2)c2[nH]ccc2c1,6.443556,O=C(Nc1cccc2cc[nH]c12)c1ccc2nc([C@H]3CCCN3)oc2c1,6.851051
c1ccc2c(c1)CN[C@H](CN(Cc1ccc(C3=NCCc4ccccc43)cc1)c1ccnc3ccccc13)C2,7.220367,O=C([C@@H]1Cc2ccccc2CN1)N(Cc1ccc(C2=NCCc3ccccc32)cc1)c1ccnc2ccccc12,7.264039
c1ccc2c(c1)c(CCNCc1ccc3oc(-c4ccc5nc(C6CCNCC6)[nH]c5c4)nc3c1)cn2CC1CC1,7.896468,O=C(NCCc1cn(CC2CC2)c2ccccc12)c1ccc2oc(-c3ccc4nc(C5CCNCC5)[nH]c4c3)nc2c1,8.059209
Nc1ccc(CNc2cccnc2Br)cc1O,3.394768,Nc1ccc(C(=O)Nc2cccnc2Br)cc1O,3.780519
O=C(NCc1c[nH]c2ccccc12)C1CN(Cc2cccc3oc(C4CNC4)nc23)C1,7.49398,O=C(NCc1c[nH]c2ccccc12)C1CN(C(=O)c2cccc3oc(C4CNC4)nc23)C1,7.572784
O=C(NC1CC1)c1cccc(-c2cccc(-c3nc4cc(CNC56CC(C5)C6)ccc4o3)c2)c1,8.145283,O=C(NC1CC1)c1cccc(-c2cccc(-c3nc4cc(C(=O)NC56CC(C5)C6)ccc4o3)c2)c1,6.763971
O=C(O)[C@H](Cc1ccccc1)NCc1ccc(CO[C@H]2CN3CCC2CC3)cc1,6.206476,O=C(N[C@@H](Cc1ccccc1)C(=O)O)c1ccc(CO[C@H]2CN3CCC2CC3)cc1,6.237338
O=C(NCc1ccccc1)C1CN(C(=O)C2CCN2C2CN(CC3CCN3)C2)C1,6.40322,O=C(NCc1ccccc1)C1CN(C(=O)C2CCN2C2CN(C(=O)C3CCN3)C2)C1,6.039537
O=C(O)c1ccc2nc([C@@H]3Cc4ccccc4CN3Cc3ccc(-c4nnn(CC5CC5)n4)nc3)[nH]c2c1,7.120647,O=C(O)c1ccc2nc([C@@H]3Cc4ccccc4CN3C(=O)c3ccc(-c4nnn(CC5CC5)n4)nc3)[nH]c2c1,6.529957
c1cc(NCc2ccc3nc(-c4ccnc(NC56CC(C5)C6)c4)oc3c2)c2[nH]ccc2c1,7.303804,O=C(Nc1cccc2cc[nH]c12)c1ccc2nc(-c3ccnc(NC45CC(C4)C5)c3)oc2c1,7.418705
O=C(c1ccc2nc(C3CNC3)oc2c1)N1CCC(CNC23CC(C2)C3)CC1,7.185885,O=C(NC12CC(C1)C2)C1CCN(C(=O)c2ccc3nc(C4CNC4)oc3c2)CC1,6.713379
c1cc(NCc2ccc3oc([C@H]4CCCN4)nc3c2)cc(-c2ccc(NCC3CCN3)cc2)c1,8.066688,O=C(Nc1ccc(-c2cccc(NCc3ccc4oc([C@H]5CCCN5)nc4c3)c2)cc1)C1CCN1,8.149343
c1cncc(-c2nc3ccc(CNC45CC(C4)C5)cc3o2)c1,7.198761,O=C(NC12CC(C1)C2)c1ccc2nc(-c3cccnc3)oc2c1,7.125401
O=Cc1ccc(CNc2cccc(-c3cccc(C=O)c3)c2)cc1,4.994042,O=Cc1ccc(C(=O)Nc2cccc(-c3cccc(C=O)c3)c2)cc1,5.297645
O=C(O)C1CCN1Cc1cc(B(O)O)ccc1F,2.800907,O=C(O)C1CCN1C(=O)c1cc(B(O)O)ccc1F,2.947378
c1cc2[nH]c(C3CNC3)nc2cc1CN1CCC[C@H](c2nc3cc(-c4nnn(CC5CC5)n4)ccc3o2)C1,7.935602,O=C(c1ccc2[nH]c(C3CNC3)nc2c1)N1CCC[C@H](c2nc3cc(-c4nnn(CC5CC5)n4)ccc3o2)C1,7.53624
c1cc2nc(C3CCNCC3)oc2cc1CNC12CC(C1)C2,7.151032,O=C(NC12CC(C1)C2)c1ccc2nc(C3CCNCC3)oc2c1,7.063235
c1ccc(CCN(Cc2ccc(-c3nnn(CC4CC4)n3)nc2)Cc2ccc(-c3nnn(CC4CC4)n3)nc2)cc1,7.942962,O=C(c1ccc(-c2nnn(CC3CC3)n2)nc1)N(CCc1ccccc1)Cc1ccc(-c2nnn(CC3CC3)n2)nc1,7.722684
Nc1ccc(CNc2cc(Br)ccc2O)cc1O,3.537758,Nc1ccc(C(=O)Nc2cc(Br)ccc2O)cc1O,3.572415
O=C(NC1CC1)c1ccc2oc(-c3ccc(CNc4cccc(B(O)O)c4)cc3)nc2c1,6.174349,O=C(Nc1cccc(B(O)O)c1)c1ccc(-c2nc3cc(C(=O)NC4CC4)ccc3o2)cc1,6.134422
O=C(C1CCN1C[C@@H]1Cc2ccccc2CN1)N1CC(c2nc3cc(-c4cccnc4)ccc3o2)C1,7.501636,O=C(C1CCN1C(=O)[C@@H]1Cc2ccccc2CN1)N1CC(c2nc3cc(-c4cccnc4)ccc3o2)C1,7.249088
O=C(Nc1ccc(-c2ccc(NCC3CCN3)cc2)cc1)c1ccc(COCC2CNC2)cc1,7.500869,O=C(Nc1ccc(-c2ccc(NC(=O)C3CCN3)cc2)cc1)c1ccc(COCC2CNC2)cc1,6.270214
OB(O)c1cccc(NCc2ccc(CNCc3c[nH]c4ccccc34)cc2)c1,5.004466,O=C(Nc1cccc(B(O)O)c1)c1ccc(CNCc2c[nH]c3ccccc23)cc1,5.162753
O=C(O)c1ccc2oc(-c3ccc4nc([C@@H]5CCCN5Cc5ccc(-c6nnn(CC7CC7)n6)nc5)oc4c3)nc2c1,7.476337,O=C(O)c1ccc2oc(-c3ccc4nc([C@@H]5CCCN5C(=O)c5ccc(-c6nnn(CC7CC7)n6)nc5)oc4c3)nc2c1,6.937247
O=C(NCc1cn(CC2CC2)c2ccccc12)[C@H]1CCCN(C[C@@H]2Cc3ccccc3CN2)C1,7.729219,O=C(NCc1cn(CC2CC2)c2ccccc12)[C@H]1CCCN(C(=O)[C@@H]2Cc3ccccc3CN2)C1,7.871402
N[C@H](CN1CCC[C@H]1C(=O)O)c1ccccc1,3.050398,N[C@H](C(=O)N1CCC[C@H]1C(=O)O)c1ccccc1,3.833598
O=C(Nc1cc(-c2cccc(CNc3cccc4ccn(CC5CC5)c34)c2)n[nH]1)[C@@H]1Cc2ccccc2CN1,7.933669,O=C(Nc1cccc2ccn(CC3CC3)c12)c1cccc(-c2cc(NC(=O)[C@@H]3Cc4ccccc4CN3)[nH]n2)c1,8.069732
c1ccc2c(NCc3ccc(CN(Cc4ccc(-c5nnn(CC6CC6)n5)nc4)C45CC(C4)C5)cc3)ccnc2c1,8.016125,O=C(c1ccc(-c2nnn(CC3CC3)n2)nc1)N(Cc1ccc(CNC23CC(C2)C3)cc1)c1ccnc2ccccc12,7.915644
C#CCNCC1CNC1,2.572517,C#CCNC(=O)C1CNC1,4.368035
c1ccc(-c2nc3cc(NCc4cn(CC5CC5)nn4)ccc3o2)c(NCC2CNC2)c1,7.738851,O=C(Nc1ccccc1-c1nc2cc(NCc3cn(CC4CC4)nn3)ccc2o1)C1CNC1,7.451026
O=Cc1c[nH]c2ccc(Nc3ccccc3CNc3cccc(B(O)O)c3)cc12,3.930855,O=Cc1c[nH]c2ccc(Nc3ccccc3C(=O)Nc3cccc(B(O)O)c3)cc12,4.096001
OB(O)c1ccc(NCc2cccc(-c3cnc(F)nc3)c2)cc1,4.766918,O=C(Nc1ccc(B(O)O)cc1)c1cccc(-c2cnc(F)nc2)c1,5.096411
c1ccc2c(c1)CN[C@H](CN1CCC(c3nc4ccc(NC56CC(C5)C6)cc4o3)CC1)C2,7.585259,O=C([C@@H]1Cc2ccccc2CN1)N(c1ccc2nc(C3CCNCC3)oc2c1)C12CC(C1)C2,6.234579
ClCc1ccc(CNc2cccc(-c3cccc4nc(-c5ccnc(NC67CC(C6)C7)c5)oc34)c2)cc1,7.105631,O=C(Nc1cccc(-c2cccc3nc(-c4ccnc(NC56CC(C5)C6)c4)oc23)c1)c1ccc(CCl)cc1,7.13009
c1ccc2c(c1)c(CCNCc1ccc3nc(-c4ccnc(NC56CC(C5)C6)c4)oc3c1)cn2CC1CC1,8.026672,O=C(NCCc1cn(CC2CC2)c2ccccc12)c1ccc2nc(-c3ccnc(NC45CC(C4)C5)c3)oc2c1,8.156643
Nc1cc(-c2ccc(NCc3ccc4[nH]c(C5CNC5)nc4c3)cc2)ccc1O,7.174345,Nc1cc(-c2ccc(NC(=O)c3ccc4[nH]c(C5CNC5)nc4c3)cc2)ccc1O,6.93839
O=C(NCc1ccccc1)c1ccc2nc(-c3ccc(CNCCc4cn(CC5CC5)c5ccccc45)cc3)oc2c1,7.86376,O=C(NCCc1cn(CC2CC2)c2ccccc12)c1ccc(-c2nc3ccc(C(=O)NCc4ccccc4)cc3o2)cc1,7.854433
O=C(Nc1cccc2cc[nH]c12)c1ccc2nc(CNCC3CCN3)oc2c1,7.116289,O=C(Nc1cccc2cc[nH]c12)c1ccc2nc(CNC(=O)C3CCN3)oc2c1,7.483327
c1cc(-c2ccc3nc(C4CNC4)oc3c2)ccc1NC1CN(CC2CCN2)C1,6.987637,O=C(C1CCN1)N(c1ccc(-c2ccc3nc(C4CNC4)oc3c2)cc1)C1CNC1,0.0001
O=Cc1ccc(CN2Cc3ccccc3C[C@H]2CNc2cc(-c3cccc(CNCc4c[nH]c5ccccc45)c3)n[nH]2)cc1,6.699396,O=Cc1ccc(CN2Cc3ccccc3C[C@H]2C(=O)Nc2cc(-c3cccc(CNCc4c[nH]c5ccccc45)c3)n[nH]2)cc1,6.890889
O=C(C1CNC1)N1CCC[C@@H](CNc2cccc(B(O)O)c2)C1,5.349011,O=C(Nc1cccc(B(O)O)c1)[C@@H]1CCCN(C(=O)C2CNC2)C1,5.828139
Cc1cc(N2CC(=O)C2)cnc1N(Cc1ccc(CO[C@H]2CN3CCC2CC3)cc1)C[C@H](N)c1ccccc1,6.649812,Cc1cc(N2CC(=O)C2)cnc1N(C[C@H](N)c1ccccc1)C(=O)c1ccc(CO[C@H]2CN3CCC2CC3)cc1,6.642755
O=C(NC1CC1)c1cccc(N2CC(CNc3ccc(NCc4c[nH]c5ccccc45)cc3)C2)n1,7.691925,O=C(NC1CC1)c1cccc(N2CC(C(=O)Nc3ccc(NCc4c[nH]c5ccccc45)cc3)C2)n1,7.826083
OB(O)c1ccc(NCc2cccc(-c3nc4ccc(CNC56CC(C5)C6)cc4o3)c2)cc1,6.213583,O=C(Nc1ccc(B(O)O)cc1)c1cccc(-c2nc3ccc(CNC45CC(C4)C5)cc3o2)c1,6.483351
Nc1ccc(N2CCC[C@@H](CNc3cccc(B(O)O)c3)C2)cc1,3.988301,Nc1ccc(N2CCC[C@@H](C(=O)Nc3cccc(B(O)O)c3)C2)cc1,4.544395
O=C(Nc1ccnc2ccccc12)C1CCN1Cc1ccc2oc(-c3ccc(-c4nnn(CC5CC5)n4)nc3)nc2c1,7.871269,O=C(Nc1ccnc2ccccc12)C1CCN1C(=O)c1ccc2oc(-c3ccc(-c4nnn(CC5CC5)n4)nc3)nc2c1,7.581921
O=C(Nc1ccccn1)C1CCN(C(=O)C2CCN2C(=O)C2CN(C[C@@H]3Cc4ccccc4CN3)C2)CC1,7.169703,O=C(Nc1ccccn1)C1CCN(C(=O)C2CCN2C(=O)C2CN(C(=O)[C@@H]3Cc4ccccc4CN3)C2)CC1,6.813711
c1cncc(Cn2cc(CCNCC3CNC3)c3ccccc32)c1,5.545867,O=C(NCCc1cn(Cc2cccnc2)c2ccccc12)C1CNC1,6.874134
O=C(Nc1ccnc2ccccc12)C1CN(Cc2ccc3nc(-c4ccc(COCC5CNC5)cc4)oc3c2)C1,7.766474,O=C(Nc1ccnc2ccccc12)C1CN(C(=O)c2ccc3nc(-c4ccc(COCC5CNC5)cc4)oc3c2)C1,7.817696
Brc1ccc2nc(-c3ccccc3NCc3ccc(-c4nnn(CC5CC5)n4)nc3)[nH]c2c1,7.255227,O=C(Nc1ccccc1-c1nc2ccc(Br)cc2[nH]1)c1ccc(-c2nnn(CC3CC3)n2)nc1,6.946182
O=C(NC1CC1)c1ccc2nc(-c3ccc(Cn4ccc5cccc(NC[C@@H]6Cc7ccccc7CN6)c54)cc3)oc2c1,7.774266,O=C(NC1CC1)c1ccc2nc(-c3ccc(Cn4ccc5cccc(NC(=O)[C@@H]6Cc7ccccc7CN6)c54)cc3)oc2c1,7.907002
Nc1ccc(-c2ccc3oc(C4(NCc5ccc6oc(C7CNC7)nc6c5)CCC4)nc3c2)cc1,7.588742,NC1(c2nc3cc(-c4ccc(NC(=O)c5ccc6oc(C7CNC7)nc6c5)cc4)ccc3o2)CCC1,7.064649
CC1(C)OB(c2ccc(NCc3ccc4nc(C5CCNCC5)oc4c3)nc2)OC1(C)C,5.564219,CC1(C)OB(c2ccc(NC(=O)c3ccc4nc(C5CCNCC5)oc4c3)nc2)OC1(C)C,5.75196
O=Cc1ccc(-c2cc(NCc3cccc(-c4cc(-c5nc6ccccc6o5)ccn4)c3)[nH]n2)cc1,6.998412,O=Cc1ccc(-c2cc(NC(=O)c3cccc(-c4cc(-c5nc6ccccc6o5)ccn4)c3)[nH]n2)cc1,7.193826
c1cc2nc(C3CCN(CC4CNC4)CC3)oc2cc1NC1CC1,6.248695,O=C(C1CNC1)N(c1ccc2nc(C3CCNCC3)oc2c1)C1CC1,6.462752
O=C(Nc1ccnc2ccccc12)[C@@H]1Cc2ccccc2CN1C(=O)[C@@H]1CCCN1Cc1ccc(-c2nnn(CC3CC3)n2)nc1,7.541087,O=C(Nc1ccnc2ccccc12)[C@@H]1Cc2ccccc2CN1C(=O)[C@@H]1CCCN1C(=O)c1ccc(-c2nnn(CC3CC3)n2)nc1,6.87513
c1cc(CNCCc2c[nH]c3ccccc23)cc(-c2nc3cc(-c4nnn(CC5CC5)n4)ccc3o2)c1,7.579403,O=C(NCCc1c[nH]c2ccccc12)c1cccc(-c2nc3cc(-c4nnn(CC5CC5)n4)ccc3o2)c1,7.76675
C[C@H](c1ccccc1)N(Cc1cccc(-c2nc3ccccc3o2)c1)C[C@@H]1Cc2ccccc2CN1,6.949399,C[C@H](c1ccccc1)N(Cc1cccc(-c2nc3ccccc3o2)c1)C(=O)[C@@H]1Cc2ccccc2CN1,7.175814
O=C(NC1CC1)c1cccc2oc([C@H]3CCCN3Cc3ccc4nc(C5CNC5)[nH]c4c3)nc12,7.742016,O=C(NC1CC1)c1cccc2oc([C@H]3CCCN3C(=O)c3ccc4nc(C5CNC5)[nH]c4c3)nc12,7.356337
O=C(N[C@@H](Cc1c[nH]c2ccccc12)c1nc2ccc(CNC34CC(C3)C4)cc2o1)[C@H]1CCCNC1,7.046632,O=C(NC12CC(C1)C2)c1ccc2nc([C@H](Cc3c[nH]c4ccccc34)NC(=O)[C@H]3CCCNC3)oc2c1,6.967722
C[C@H](c1ccccc1)N(Cc1ccc(C(=O)N2CCC[C@H]2C(=O)O)cc1)Cc1ccc(-c2nnn(CC3CC3)n2)nc1,6.575866,C[C@H](c1ccccc1)N(Cc1ccc(C(=O)N2CCC[C@H]2C(=O)O)cc1)C(=O)c1ccc(-c2nnn(CC3CC3)n2)nc1,6.677131
N#Cc1ccc(CN2CCC2C(=O)Nc2ccc(-c3cccc4nc(C5CCN5)oc34)cc2)cn1,6.810369,N#Cc1ccc(C(=O)N2CCC2C(=O)Nc2ccc(-c3cccc4nc(C5CCN5)oc34)cc2)cn1,5.077129
O=C(O)c1ccc2nc(-c3cccc(CNc4ccnc5ccccc45)c3)oc2c1,5.856433,O=C(O)c1ccc2nc(-c3cccc(C(=O)Nc4ccnc5ccccc45)c3)oc2c1,5.926544
OB(O)c1ccc(-c2nnnn2Cc2ccc(CNC34CC(C3)C4)cc2)s1,4.8946,O=C(NC12CC(C1)C2)c1ccc(Cn2nnnc2-c2ccc(B(O)O)s2)cc1,4.629534
O=C(NC12CC(C1)C2)c1ccc2nc(C3CCN3Cc3ccc(-c4nnn(CC5CC5)n4)nc3)oc2c1,7.655156,O=C(NC12CC(C1)C2)c1ccc2nc(C3CCN3C(=O)c3ccc(-c4nnn(CC5CC5)n4)nc3)oc2c1,6.13705
O=C(O)[C@@H]1CCCN1Cc1cccc2oc([C@@H]3CCCN3)nc12,5.315202,O=C(O)[C@@H]1CCCN1C(=O)c1cccc2oc([C@@H]3CCCN3)nc12,5.248694
C[C@H](NC(=O)C1CCN(Cc2ccc(Cn3nnc(-c4ccc5[nH]c(C6CNC6)nc5c4)n3)cc2)CC1)c1ccccc1,7.74978,C[C@H](NC(=O)C1CCN(C(=O)c2ccc(Cn3nnc(-c4ccc5[nH]c(C6CNC6)nc5c4)n3)cc2)CC1)c1ccccc1,7.757615
N#Cc1ccc(Cn2cc(CCNC[C@@H]3Cc4ccccc4CN3)c3ccccc32)cc1,6.496594,N#Cc1ccc(Cn2cc(CCNC(=O)[C@@H]3Cc4ccccc4CN3)c3ccccc32)cc1,6.673949
O=C(O)c1ccc2nc(-c3ccc(CN4Cc5ccccc5C[C@H]4C(=O)O)cc3)oc2c1,5.771532,O=C(O)c1ccc(-c2nc3ccc(C(=O)N4Cc5ccccc5C[C@H]4C(=O)O)cc3o2)cc1,5.879628
O=C(O)[C@@H]1CCCN(c2ccccc2CCNCc2cccc(-c3ccc4nc(C5CNC5)oc4c3)c2)C1,6.531312,O=C(NCCc1ccccc1N1CCC[C@@H](C(=O)O)C1)c1cccc(-c2ccc3nc(C4CNC4)oc3c2)c1,6.917033
N#Cc1ccc(CN2CC(C(=O)Nc3ccc4oc(-c5ccccc5)nc4c3)C2)cn1,6.684879,N#Cc1ccc(C(=O)N2CC(C(=O)Nc3ccc4oc(-c5ccccc5)nc4c3)C2)cn1,7.075474
Nc1ccc(-c2ccc(NCc3ccc4[nH]c(C5CCNCC5)nc4c3)cc2)cc1,7.15097,Nc1ccc(-c2ccc(NC(=O)c3ccc4[nH]c(C5CCNCC5)nc4c3)cc2)cc1,7.298675
O=C(NC1CC1)[C@@H]1CCCN1C[C@@H]1Cc2ccccc2CN1Cc1ccc(-c2nnn(CC3CC3)n2)nc1,7.785142,O=C(NC1CC1)[C@@H]1CCCN1C[C@@H]1Cc2ccccc2CN1C(=O)c1ccc(-c2nnn(CC3CC3)n2)nc1,6.931377
O=C(Nc1cccc2ccn(Cc3ccc(CN4CC[C@@H](OCc5ccccc5)C4)cc3)c12)C1CNC1,7.429885,O=C(Nc1cccc2ccn(Cc3ccc(C(=O)N4CC[C@@H](OCc5ccccc5)C4)cc3)c12)C1CNC1,7.706108
c1ccc2c(CCNCc3cccc4oc(C5CNC5)nc34)c[nH]c2c1,7.034306,O=C(NCCc1c[nH]c2ccccc12)c1cccc2oc(C3CNC3)nc12,7.187329
O=C(O)c1ccc(NCc2ccccc2NC(=O)c2ccc(-c3nnn(CC4CC4)n3)nc2)c(O)c1,6.673469,O=C(O)c1ccc(NC(=O)c2ccccc2NC(=O)c2ccc(-c3nnn(CC4CC4)n3)nc2)c(O)c1,6.61754
O=C(O)C1(NCc2ccc3nc(C4CCNCC4)[nH]c3c2)CCC1,5.38879,O=C(NC1(C(=O)O)CCC1)c1ccc2nc(C3CCNCC3)[nH]c2c1,6.440264
Nc1ccc(C(=O)NCc2c[nH]c3ccccc23)cc1NCC1CN(c2ccc(NCC3CCN3)cc2)C1,7.489717,Nc1cc(C(=O)NCc2c[nH]c3ccccc23)ccc1NC(=O)C1CN(c2ccc(NCC3CCN3)cc2)C1,7.524259
O=C1CCN(Cc2ccccc2NC(=O)C2CCN2)C1,5.572546,O=C1CCN(C(=O)c2ccccc2NC(=O)C2CCN2)C1,5.209913
Brc1ccc(NCc2cccc(-c3nc4cc(-c5nnn(CC6CC6)n5)ccc4o3)c2)cc1,7.513498,O=C(Nc1ccc(Br)cc1)c1cccc(-c2nc3cc(-c4nnn(CC5CC5)n4)ccc3o2)c1,7.453745
O=C(O)C1CCN(Cc2ccc(CNC34CC(C3)C4)cc2)CC1,5.623724,O=C(O)C1CCN(C(=O)c2ccc(CNC34CC(C3)C4)cc2)CC1,5.431193
O=C(Nc1cccc2ccn(Cc3ccc(-c4nnn(CC5CC5)n4)cc3)c12)[C@H]1CCCN1CC1CCN1,7.945423,O=C(Nc1cccc2ccn(Cc3ccc(-c4nnn(CC5CC5)n4)cc3)c12)[C@H]1CCCN1C(=O)C1CCN1,7.861351
c1ccc(NCc2ccc(-c3nnn(CC4CC4)n3)nc2)c(CNc2cccc3ccn(CC4CC4)c23)c1,7.818768,O=C(Nc1cccc2ccn(CC3CC3)c12)c1ccccc1NCc1ccc(-c2nnn(CC3CC3)n2)nc1,8.011076
ClCc1ccc(-c2nc3cc(CNc4ccc(Nc5ccnc6ccccc56)cc4)ccc3o2)cc1,6.157045,O=C(Nc1ccc(Nc2ccnc3ccccc23)cc1)c1ccc2oc(-c3ccc(CCl)cc3)nc2c1,6.241318
O=C(Nc1cc(-c2ccc(-c3nnn(CC4CC4)n3)c(F)c2)n[nH]1)[C@@H]1Cc2ccccc2CN1C[C@@H]1Cc2ccccc2CN1,7.492453,O=C(Nc1cc(-c2ccc(-c3nnn(CC4CC4)n3)c(F)c2)n[nH]1)[C@@H]1Cc2ccccc2CN1C(=O)[C@@H]1Cc2ccccc2CN1,6.962533
C[C@H](NCc1cccc(C=O)c1)C(=O)Nc1cccc(B(O)O)c1,3.636184,C[C@H](NC(=O)c1cccc(C=O)c1)C(=O)Nc1cccc(B(O)O)c1,3.957013
c1ccc2c(NCc3ccc4oc(C5CCN5)nc4c3)ccnc2c1,7.071076,O=C(Nc1ccnc2ccccc12)c1ccc2oc(C3CCN3)nc2c1,7.303199
O=C(Nc1ccc(-c2ccc(F)cc2)cc1O)C1CN(C(=O)C2CN(CC3CNC3)C2)C1,6.415057,O=C(Nc1ccc(-c2ccc(F)cc2)cc1O)C1CN(C(=O)C2CN(C(=O)C3CNC3)C2)C1,5.999154
CC(=O)c1cccc(-c2cc(-c3nc4cc(CNC56CC(C5)C6)ccc4o3)ccn2)c1,6.926389,CC(=O)c1cccc(-c2cc(-c3nc4cc(C(=O)NC56CC(C5)C6)ccc4o3)ccn2)c1,6.7517
O=Cc1cccc(CNCCc2ccccc2Br)c1,3.78095,O=Cc1cccc(C(=O)NCCc2ccccc2Br)c1,4.315679
c1cc(-c2ccc(NCc3ccc(CO[C@H]4CN5CCC4CC5)cc3)cc2)c2oc(C3CCNCC3)nc2c1,7.950102,O=C(Nc1ccc(-c2cccc3nc(C4CCNCC4)oc23)cc1)c1ccc(CO[C@H]2CN3CCC2CC3)cc1,7.732257
O=Cc1ccc(CN2CC(=O)C2)cc1,2.962023,O=Cc1ccc(C(=O)N2CC(=O)C2)cc1,3.414644
OB(O)c1ccc(NCc2ccc(F)cc2)cc1,3.561749,O=C(Nc1ccc(B(O)O)cc1)c1ccc(F)cc1,3.878057
c1ccc2c(CNCc3ccc4nc(C5CNC5)[nH]c4c3)c[nH]c2c1,7.274463,O=C(NCc1c[nH]c2ccccc12)c1ccc2nc(C3CNC3)[nH]c2c1,7.530454
O=C(NC1CC1)c1ccc(-c2nc3ccc(CNc4ccc(Br)cc4)cc3o2)cc1,7.571524,O=C(Nc1ccc(Br)cc1)c1ccc2nc(-c3ccc(C(=O)NC4CC4)cc3)oc2c1,7.436983
C#Cc1ccc(NC[C@@H]2Cc3ccccc3CN2)cc1,6.481576,C#Cc1ccc(NC(=O)[C@@H]2Cc3ccccc3CN2)cc1,6.877667
ClCc1ccccc1-c1nc2ccc(CN(Cc3c[nH]c4ccccc34)C3CC3)cc2o1,6.062577,O=C(c1ccc2nc(-c3ccccc3CCl)oc2c1)N(Cc1c[nH]c2ccccc12)C1CC1,5.458081
O=C(Nc1cccc2cc[nH]c12)c1ccc(-c2nc3ccc(CNC45CC(C4)C5)cc3o2)cc1,7.585073,O=C(Nc1cccc2cc[nH]c12)c1ccc(-c2nc3ccc(C(=O)NC45CC(C4)C5)cc3o2)cc1,7.313851
O=Cc1cccc(CNCc2cn(CC3CC3)nn2)c1,5.347476,O=Cc1cccc(C(=O)NCc2cn(CC3CC3)nn2)c1,6.091884
O=C(c1ccc(C(F)(F)F)cn1)N1CCC[C@H]1CNc1ccc(Br)cc1,5.699717,O=C(Nc1ccc(Br)cc1)[C@@H]1CCCN1C(=O)c1ccc(C(F)(F)F)cn1,5.841073
O=C(Nc1ccc(-c2ccc(NCc3ccc4nc(-c5ccc(CCl)cc5)[nH]c4c3)cc2)cc1)[C@H]1CCCNC1,7.404386,O=C(Nc1ccc(-c2ccc(NC(=O)[C@H]3CCCNC3)cc2)cc1)c1ccc2nc(-c3ccc(CCl)cc3)[nH]c2c1,7.285257
NC1(CNc2ccc(Br)cc2)CCC1,2.839789,NC1(C(=O)Nc2ccc(Br)cc2)CCC1,3.617572
CC(NCc1c[nH]c2ccccc12)c1cccc(-c2cc(NCc3ccccc3CO[C@H]3CCCNC3)[nH]n2)c1,6.418132,CC(NCc1c[nH]c2ccccc12)c1cccc(-c2cc(NC(=O)c3ccccc3CO[C@H]3CCCNC3)[nH]n2)c1,6.691839
Nc1ccc(CNc2ccncc2C=O)cc1O,3.419624,Nc1ccc(C(=O)Nc2ccncc2C=O)cc1O,3.697375
O=Cc1ccccc1CN[C@H](Cc1ccccc1)C(=O)O,3.017956,O=Cc1ccccc1C(=O)N[C@H](Cc1ccccc1)C(=O)O,3.415256
O=C(NCc1c[nH]c2ccccc12)N1CCC[C@@H](CNc2cccc(-c3ccc(NCC4CCN4)cc3)c2)C1,7.826796,O=C(Nc1cccc(-c2ccc(NCC3CCN3)cc2)c1)[C@@H]1CCCN(C(=O)NCc2c[nH]c3ccccc23)C1,7.90415
N[C@@H](CN1CCC[C@H](C(=O)Nc2cc(-c3cccc(NCC4CNC4)c3)ccc2O)C1)c1ccccc1,6.338049,N[C@@H](C(=O)N(CC1CNC1)c1cccc(-c2ccc(O)c(NC(=O)[C@H]3CCCNC3)c2)c1)c1ccccc1,6.819718
Nc1ccccc1CN1CC(CNCC(=O)O)C1,3.45374,NCC(=O)Nc1ccccc1CN1CC(C(=O)O)C1,3.416919
Nc1ccccc1CNCCc1ccccc1,4.16596,Nc1ccccc1C(=O)NCCc1ccccc1,4.268694
N[C@H](Cc1c[nH]c2ccccc12)CN1CC(=O)C1,2.932645,N[C@H](Cc1c[nH]c2ccccc12)C(=O)N1CC(=O)C1,3.12651
C#CCNC[C@@H]1CCCN1,1.988266,C#CCNC(=O)[C@@H]1CCCN1,3.195307
c1ccc2[nH]c(CN3CCC(CNCc4cn(CC5CC5)c5ccccc45)CC3)nc2c1,6.824368,O=C(NCc1cn(CC2CC2)c2ccccc12)C1CCN(Cc2nc3ccccc3[nH]2)CC1,7.331217
c1cncc(-c2ccc3nc([C@H]4CCCN4Cc4ccc(-c5nnn(CC6CC6)n5)nc4)oc3c2)c1,7.947844,O=C(c1ccc(-c2nnn(CC3CC3)n2)nc1)N1CCC[C@@H]1c1nc2ccc(-c3cccnc3)cc2o1,7.556348
c1cc2[nH]c(C3CNC3)nc2cc1CN1CCC1c1nc2cc(NC3CC3)ccc2o1,7.040472,O=C(c1ccc2[nH]c(C3CNC3)nc2c1)N(c1ccc2oc(C3CCN3)nc2c1)C1CC1,5.037732
O=C(NC1CC1)c1ccc(NCc2ccc(COCC3CNC3)cc2)c(O)c1,7.33596,O=C(Nc1ccc(C(=O)NC2CC2)cc1O)c1ccc(COCC2CNC2)cc1,7.412975
O=C(OCc1ccc(-c2nnn(CC3CC3)n2)cc1)c1ccc(N(Cc2ccccc2)C[C@@H]2Cc3ccccc3CN2)cc1,7.083077,O=C(OCc1ccc(-c2nnn(CC3CC3)n2)cc1)c1ccc(N(Cc2ccccc2)C(=O)[C@@H]2Cc3ccccc3CN2)cc1,7.173399
c1cc(CNCc2c[nH]c3ccccc23)cc(-c2cn(CC3CC3)cn2)c1,7.408961,O=C(NCc1c[nH]c2ccccc12)c1cccc(-c2cn(CC3CC3)cn2)c1,7.692527
O=C(NCCO)C1CN(c2c[nH]nc2NCC2CNC2)C1,4.456634,O=C(NCCO)C1CN(c2c[nH]nc2NC(=O)C2CNC2)C1,5.172728
O[C@H]1CN[C@H](CN(Cc2ccc(-c3nnn(CC4CC4)n3)nc2)c2ccnc3ccccc23)C1,6.437315,O=C(c1ccc(-c2nnn(CC3CC3)n2)nc1)N(C[C@@H]1C[C@@H](O)CN1)c1ccnc2ccccc12,6.592424
c1cc2cc(-c3ccc4nc(C5(NCc6ccc7oc(C8CNC8)nc7c6)CCC5)oc4c3)ccc2[nH]1,7.683389,O=C(NC1(c2nc3ccc(-c4ccc5[nH]ccc5c4)cc3o2)CCC1)c1ccc2oc(C3CNC3)nc2c1,7.185363
COc1ccccc1CNCc1ccccc1C=O,4.35776,COc1ccccc1CNC(=O)c1ccccc1C=O,4.42072
O=C(NCCc1cn(Cc2ccc(-c3nnn(CC4CC4)n3)cc2)c2ccccc12)[C@H]1CCCN1C[C@@H]1Cc2ccccc2CN1,8.030728,O=C(NCCc1cn(Cc2ccc(-c3nnn(CC4CC4)n3)cc2)c2ccccc12)[C@H]1CCCN1C(=O)[C@@H]1Cc2ccccc2CN1,8.00221
N#Cc1cccc(-c2ccccc2CCNCc2ccc3oc(C4CNC4)nc3c2)c1,7.004139,N#Cc1cccc(-c2ccccc2CCNC(=O)c2ccc3oc(C4CNC4)nc3c2)c1,7.335252
O=C(NCc1c[nH]c2ccccc12)c1cccc(CNc2cccc3ccn(Cc4ccccc4CNC45CC(C4)C5)c23)c1,6.887954,O=C(NCc1c[nH]c2ccccc12)c1cccc(CNc2cccc3ccn(Cc4ccccc4C(=O)NC45CC(C4)C5)c23)c1,7.102499
O=Cc1cccc(CN2CC(=O)C2)c1,2.786965,O=Cc1cccc(C(=O)N2CC(=O)C2)c1,3.313751
c1cc2oc(C3CNC3)nc2cc1CN1CCC(c2nc3cc(NC45CC(C4)C5)ccc3[nH]2)CC1,7.839062,O=C(c1ccc2oc(C3CNC3)nc2c1)N(c1ccc2[nH]c(C3CCNCC3)nc2c1)C12CC(C1)C2,1.364376
O=C(NCCc1cn(Cc2ccc(-c3nnn(CC4CC4)n3)cc2)c2ccccc12)C1CN(CC2CNC2)C1,7.888537,O=C(NCCc1cn(Cc2ccc(-c3nnn(CC4CC4)n3)cc2)c2ccccc12)C1CN(C(=O)C2CNC2)C1,8.082448
c1cc(-c2cc(NCc3ccc4oc(C5CCN5)nc4c3)[nH]n2)cc(-c2nnn(CC3CC3)n2)c1,8.159526,O=C(Nc1cc(-c2cccc(-c3nnn(CC4CC4)n3)c2)n[nH]1)c1ccc2oc(C3CCN3)nc2c1,6.075957
C[C@H](NC(=O)C1CCN1Cc1ccc(N)c(O)c1)c1ccccc1,5.207039,C[C@H](NC(=O)C1CCN1C(=O)c1ccc(N)c(O)c1)c1ccccc1,5.410889
C[C@H](NC(=O)C1(NCc2ccc(-c3nnn(CC4CC4)n3)nc2)CCC1)c1ccccc1,7.85856,C[C@H](NC(=O)C1(NC(=O)c2ccc(-c3nnn(CC4CC4)n3)nc2)CCC1)c1ccccc1,7.516869
N#Cc1ccc(CNc2cccnc2Br)cn1,3.89464,N#Cc1ccc(C(=O)Nc2cccnc2Br)cn1,4.236385
O=C(O)C1CCN1Cc1ccc(NCc2ccc(CCl)cc2)c(O)c1,4.786017,O=C(Nc1ccc(CN2CCC2C(=O)O)cc1O)c1ccc(CCl)cc1,4.819478
O=C(NC12CC(C1)C2)c1cccc(-c2ccc3oc([C@@H]4Cc5ccccc5CN4C[C@@H]4Cc5ccccc5CN4)nc3c2)c1,7.646881,O=C(NC12CC(C1)C2)c1cccc(-c2ccc3oc([C@@H]4Cc5ccccc5CN4C(=O)[C@@H]4Cc5ccccc5CN4)nc3c2)c1,7.007517
C[C@H](NC(=O)C1CCN1CC1CCN1)C(=O)N[C@@H](C(=O)NCc1ccc(C(F)(F)F)cc1)c1ccccc1,6.753689,C[C@H](NC(=O)C1CCN1C(=O)C1CCN1)C(=O)N[C@@H](C(=O)NCc1ccc(C(F)(F)F)cc1)c1ccccc1,6.806973
Cc1cc(-c2cn(Cc3cc(=O)[nH]c4ccccc34)nn2)cnc1NCc1ccc2nc([C@H]3CCCN3)oc2c1,7.3053,Cc1cc(-c2cn(Cc3cc(=O)[nH]c4ccccc34)nn2)cnc1NC(=O)c1ccc2nc([C@H]3CCCN3)oc2c1,7.326928
O=C(O)c1cccc2oc(-c3cnccc3NCc3ccc(-c4nnn(CC5CC5)n4)nc3)nc12,6.829759,O=C(Nc1ccncc1-c1nc2c(C(=O)O)cccc2o1)c1ccc(-c2nnn(CC3CC3)n2)nc1,6.5115
OB(O)c1ccc(Nc2ccc(CNc3ccc(Br)cc3)cc2)cc1,4.33979,O=C(Nc1ccc(Br)cc1)c1ccc(Nc2ccc(B(O)O)cc2)cc1,4.406688
O=C(O)c1ccc(NCc2ccc(Nc3cccc(B(O)O)c3)cc2)c(O)c1,4.150323,O=C(O)c1ccc(NC(=O)c2ccc(Nc3cccc(B(O)O)c3)cc2)c(O)c1,4.018187
O=Cc1ccccc1CNCc1c[nH]c2ccccc12,4.441694,O=Cc1ccccc1C(=O)NCc1c[nH]c2ccccc12,4.659245
Brc1cc(NCC2CN(C[C@@H]3Cc4ccccc4CN3)C2)[nH]n1,5.986809,O=C(Nc1cc(Br)n[nH]1)C1CN(C[C@@H]2Cc3ccccc3CN2)C1,6.006315
Nc1cccc(-c2ccc(NCc3cccc(-c4ccc(NC(=O)C5CCN5)cc4)c3)cc2)c1,7.747146,Nc1ccc(-c2cccc(NC(=O)c3cccc(-c4ccc(NC(=O)C5CCN5)cc4)c3)c2)cc1,7.561772
N#Cc1cccc(-c2cc(NC[C@H]3CCCN(c4cccc(C(=O)O)n4)C3)[nH]n2)c1,5.676515,N#Cc1cccc(-c2cc(NC(=O)[C@H]3CCCN(c4cccc(C(=O)O)n4)C3)[nH]n2)c1,6.065835
O=C(O)C1(NCc2ccc(CCl)cc2)CCC1,3.191483,O=C(NC1(C(=O)O)CCC1)c1ccc(CCl)cc1,4.342216
N#Cc1ccc(CN2CC(=O)C2)cn1,3.22879,N#Cc1ccc(C(=O)N2CC(=O)C2)cn1,3.582875
Nc1ccc(CNc2cc(Br)n[nH]2)cc1O,3.266139,Nc1ccc(C(=O)Nc2cc(Br)n[nH]2)cc1O,3.738919
NC1(c2nc3cccc(-c4cccc(NCc5ccc(CO[C@H]6CN7CCC6CC7)cc5)c4)c3[nH]2)CCC1,7.522935,NC1(c2nc3cccc(-c4cccc(NC(=O)c5ccc(CO[C@H]6CN7CCC6CC7)cc5)c4)c3[nH]2)CCC1,7.655614
Nc1ccc(CN2CC(=O)C2)cc1O,2.988736,Nc1ccc(C(=O)N2CC(=O)C2)cc1O,3.316405
c1cc(NCc2cccc(N3CCNCC3)n2)cc(-c2cncc(-c3nnn(CC4CC4)n3)c2)c1,7.745116,O=C(Nc1cccc(-c2cncc(-c3nnn(CC4CC4)n3)c2)c1)c1cccc(N2CCNCC2)n1,7.480588
O=C(NCCc1cn(CC2CC2)c2ccccc12)c1cccc2oc(C3CN(C[C@@H]4Cc5ccccc5CN4)C3)nc12,7.712603,O=C(NCCc1cn(CC2CC2)c2ccccc12)c1cccc2oc(C3CN(C(=O)[C@@H]4Cc5ccccc5CN4)C3)nc12,7.708252
c1cc2nc([C@@H]3CCCN3CC3CCN3)oc2cc1-c1cn(CC2CC2)nn1,7.691523,O=C(C1CCN1)N1CCC[C@H]1c1nc2ccc(-c3cn(CC4CC4)nn3)cc2o1,7.328386
O=C(Nc1ccc(CNc2nc(F)nc3[nH]cnc23)cc1O)[C@@H]1CCCN1Cc1ccc(CCl)cc1,5.750387,O=C(Nc1nc(F)nc2[nH]cnc12)c1ccc(NC(=O)[C@@H]2CCCN2Cc2ccc(CCl)cc2)c(O)c1,5.949684
O=C(Nc1ccccn1)[C@@H]1CCCN1Cc1ccc2nc(C3CNC3)oc2c1,7.721933,O=C(Nc1ccccn1)[C@@H]1CCCN1C(=O)c1ccc2nc(C3CNC3)oc2c1,7.451051
O=C(NCc1ccccc1)C1(NCc2ccc3nc(-c4ccc(-c5nnn(CC6CC6)n5)nc4)oc3c2)CCC1,7.953234,O=C(NC1(C(=O)NCc2ccccc2)CCC1)c1ccc2nc(-c3ccc(-c4nnn(CC5CC5)n4)nc3)oc2c1,7.612523
O=C(Nc1ccc(Br)cc1)[C@H]1CCCN1C(=O)c1cccc(-c2nc3ccc(CNC45CC(C4)C5)cc3o2)c1,7.377608,O=C(NC12CC(C1)C2)c1ccc2nc(-c3cccc(C(=O)N4CCC[C@@H]4C(=O)Nc4ccc(Br)cc4)c3)oc2c1,7.092034
O=C(O)C1CN(Cc2ccc(CCl)cc2)C1,3.464014,O=C(O)C1CN(C(=O)c2ccc(CCl)cc2)C1,4.055602
O=C=Nc1ccc(NC2(CNc3cccc4cc[nH]c34)CCC2)cc1,4.395298,O=C=Nc1ccc(NC2(C(=O)Nc3cccc4cc[nH]c34)CCC2)cc1,5.599853
C[C@@H](N)CNc1ccc(B(O)O)cc1,2.390131,C[C@@H](N)C(=O)Nc1ccc(B(O)O)cc1,2.719974
c1ccc2c(c1)CN[C@H](CN1CCC[C@@H]1COCc1ccccc1-c1nnn(Cc3ccc(-c4nnn(CC5CC5)n4)cc3)n1)C2,7.816128,O=C([C@@H]1Cc2ccccc2CN1)N1CCC[C@@H]1COCc1ccccc1-c1nnn(Cc2ccc(-c3nnn(CC4CC4)n3)cc2)n1,7.865945
C[C@H](NC[C@H]1CCCN1C(=O)Nc1ccccc1)c1ccccc1,5.602081,C[C@H](NC(=O)[C@H]1CCCN1C(=O)Nc1ccccc1)c1ccccc1,5.869462
O=C(Nc1ccnc2ccccc12)[C@@H]1CCCN(Cc2ccc(-c3nc4cc(-c5nnn(CC6CC6)n5)ccc4o3)cc2)C1,8.037789,O=C(Nc1ccnc2ccccc12)[C@@H]1CCCN(C(=O)c2ccc(-c3nc4cc(-c5nnn(CC6CC6)n5)ccc4o3)cc2)C1,7.98428
ClCc1ccc(-c2nc3c(CNCc4c[nH]c5ccccc45)cccc3o2)cc1,5.865135,O=C(NCc1c[nH]c2ccccc12)c1cccc2oc(-c3ccc(CCl)cc3)nc12,5.928642
c1ccc(-c2ccc(CNCCc3ccncc3)cc2)c(CCNCc2ccc3nc([C@@H]4CCCN4)oc3c2)c1,7.095727,O=C(NCCc1ccccc1-c1ccc(CNCCc2ccncc2)cc1)c1ccc2nc([C@@H]3CCCN3)oc2c1,7.396367
O=C(NC1CC1)c1cccc(CN(CCc2cn(CC3CC3)c3ccccc23)C[C@@H]2Cc3ccccc3CN2)c1,7.791003,O=C(NC1CC1)c1cccc(CN(CCc2cn(CC3CC3)c3ccccc23)C(=O)[C@@H]2Cc3ccccc3CN2)c1,7.628073
C[C@@H](NCc1cccc(CN2CCC(C(=O)O)CC2)c1)c1nc2cc(-c3nnn(CC4CC4)n3)ccc2o1,6.601172,C[C@@H](NC(=O)C1CCN(Cc2cccc(C(=O)O)c2)CC1)c1nc2cc(-c3nnn(CC4CC4)n3)ccc2o1,7.027832
C[C@H](NC(=O)c1ccc(CN(Cc2ccccc2)C[C@@H]2Cc3ccccc3CN2)cc1)C(=O)NCc1ccccc1,6.835205,C[C@H](NC(=O)c1ccc(CN(Cc2ccccc2)C(=O)[C@@H]2Cc3ccccc3CN2)cc1)C(=O)NCc1ccccc1,6.802734
O=C(O)c1ccccc1NCc1ccc(CNC23CC(C2)C3)cc1,5.856204,O=C(Nc1ccccc1C(=O)O)c1ccc(CNC23CC(C2)C3)cc1,6.00697
O=C(NC1CC1)c1ccc2nc(-c3ccc(O)c(NCC4CN(Cc5ccc(CCl)cc5)C4)c3)oc2c1,7.098838,O=C(NC1CC1)c1ccc2nc(-c3ccc(O)c(N(CC4CNC4)C(=O)c4ccc(CCl)cc4)c3)oc2c1,6.542079
Nc1ccc(-c2ccc(NCc3cccc4oc(C5CNC5)nc34)cc2)cc1,7.443873,Nc1ccc(-c2ccc(NC(=O)c3cccc4oc(C5CNC5)nc34)cc2)cc1,7.201365
C[C@@H](NC(=O)Nc1cc(-c2ccc(NC[C@@H]3Cc4ccccc4CN3)cc2)n[nH]1)c1ccccc1,7.871828,C[C@@H](NC(=O)Nc1cc(-c2ccc(NC(=O)[C@@H]3Cc4ccccc4CN3)cc2)n[nH]1)c1ccccc1,7.746119
O=C(NC1(C(=O)O)CCC1)[C@@H](NCC1CNC1)c1ccccc1,4.845646,O=C(N[C@H](C(=O)NC1(C(=O)O)CCC1)c1ccccc1)C1CNC1,5.936112
c1ccc2c(c1)c(CNCc1ccc(COC[C@@H]3CCCN3)cc1)cn2CC1CC1,6.14691,O=C(NCc1cn(CC2CC2)c2ccccc12)c1ccc(COC[C@@H]2CCCN2)cc1,6.422134
OB(O)c1ccc(NC[C@H]2CCCN2)cc1,3.287697,O=C(Nc1ccc(B(O)O)cc1)[C@H]1CCCN1,4.185697
O=C(N[C@@H](CNc1ccc(NCc2c[nH]c3ccccc23)cc1)c1ccccc1)c1ccc(-c2nnn(CC3CC3)n2)nc1,7.684199,O=C(N[C@@H](C(=O)Nc1ccc(NCc2c[nH]c3ccccc23)cc1)c1ccccc1)c1ccc(-c2nnn(CC3CC3)n2)nc1,7.640264
Brc1ccc(NC[C@@H]2Cc3ccccc3CN2)cc1,5.931985,O=C(Nc1ccc(Br)cc1)[C@@H]1Cc2ccccc2CN1,6.227978
Fc1cc(-c2ccc(NCc3ccc(-c4nnn(CC5CC5)n4)nc3)cc2)ccn1,7.61702,O=C(Nc1ccc(-c2ccnc(F)c2)cc1)c1ccc(-c2nnn(CC3CC3)n2)nc1,7.428554
C[C@@H](NCc1ccc2oc(-c3ccc4oc(-c5ccncc5)nc4c3)nc2c1)c1ccccc1,6.698571,C[C@@H](NC(=O)c1ccc2oc(-c3ccc4oc(-c5ccncc5)nc4c3)nc2c1)c1ccccc1,6.713296
O=C(O)c1ccc(CN(Cc2ccc(-c3nnn(CC4CC4)n3)nc2)c2ccccc2C(=O)O)cc1,5.968584,O=C(O)c1ccc(CN(C(=O)c2ccc(-c3nnn(CC4CC4)n3)nc2)c2ccccc2C(=O)O)cc1,6.001445
O=C(O)[C@H](Cc1ccccc1)NCC1CCN1,3.811301,O=C(N[C@@H](Cc1ccccc1)C(=O)O)C1CCN1,4.516818
O=C(NC1CC1)c1ccc2nc(C3CCN3C[C@@H]3Cc4ccccc4CN3C[C@@H]3CCCNC3)oc2c1,6.908943,O=C(NC1CC1)c1ccc2nc(C3CCN3C[C@@H]3Cc4ccccc4CN3C(=O)[C@@H]3CCCNC3)oc2c1,7.031566
O=C(Nc1ccnc2ccccc12)c1ccccc1NCC1CNC1,6.520073,O=C(Nc1ccnc2ccccc12)c1ccccc1NC(=O)C1CNC1,7.338835
OB(O)c1cccc(NCc2ccc3oc(-c4ccc(CO[C@H]5CN6CCC5CC6)cc4)nc3c2)c1,6.737833,O=C(Nc1cccc(B(O)O)c1)c1ccc2oc(-c3ccc(CO[C@H]4CN5CCC4CC5)cc3)nc2c1,6.750387
O=Cc1ccc(CNCc2ccccc2)cc1,4.366982,O=Cc1ccc(C(=O)NCc2ccccc2)cc1,4.684209
c1cc(NCc2cccc3oc(C4CNC4)nc23)cc(-c2ccc3oc(C4CCNCC4)nc3c2)c1,7.871732,O=C(Nc1cccc(-c2ccc3oc(C4CCNCC4)nc3c2)c1)c1cccc2oc(C3CNC3)nc12,7.486911
c1cc(NCC2CN(Cc3ccc4oc(-c5ccc(CO[C@H]6CN7CCC6CC7)cc5)nc4c3)C2)c2[nH]ccc2c1,7.788949,O=C(c1ccc2oc(-c3ccc(CO[C@H]4CN5CCC4CC5)cc3)nc2c1)N(CC1CNC1)c1cccc2cc[nH]c12,7.805133
O=C=Nc1ccc(N[C@@H](CNCc2c[nH]c3ccccc23)Cc2c[nH]c3ccccc23)cc1,5.102739,O=C=Nc1ccc(N[C@H](Cc2c[nH]c3ccccc23)C(=O)NCc2c[nH]c3ccccc23)cc1,5.502228
O=C(O)[C@@H]1Cc2ccccc2CN1Cc1ccc(CCl)cc1,4.484783,O=C(O)[C@@H]1Cc2ccccc2CN1C(=O)c1ccc(CCl)cc1,4.63192
O=C(Nc1ccc(-c2cccc(CNc3cccc4ccn(CC5CC5)c34)c2)cc1)NC1CC1,7.981665,O=C(Nc1ccc(-c2cccc(C(=O)Nc3cccc4ccn(CC5CC5)c34)c2)cc1)NC1CC1,8.029816
Fc1nc(NCC2CCNCC2)c2nc[nH]c2n1,3.38596,O=C(Nc1nc(F)nc2[nH]cnc12)C1CCNCC1,5.250999
O=C(NC1CC1)c1ccc2nc(-c3cccc(CN[C@H](C(=O)O)c4ccccc4)c3)oc2c1,6.781803,O=C(NC1CC1)c1ccc2nc(-c3cccc(C(=O)N[C@H](C(=O)O)c4ccccc4)c3)oc2c1,6.997061
c1cc(CNCc2cn(CC3CC3)nn2)cc(-c2ccc3[nH]c(C4CNC4)nc3c2)c1,7.586744,O=C(NCc1cn(CC2CC2)nn1)c1cccc(-c2ccc3[nH]c(C4CNC4)nc3c2)c1,8.065221
N#Cc1ccc(Cn2cc(CNC[C@H]3CCCN3)c3ccccc32)cc1,5.08798,N#Cc1ccc(Cn2cc(CNC(=O)[C@H]3CCCN3)c3ccccc32)cc1,6.484343
O=C(Nc1cc(Nc2cccc(-c3cc(NCC4CCNCC4)[nH]n3)c2)n[nH]1)c1ccccn1,5.993319,O=C(Nc1cc(Nc2cccc(-c3cc(NC(=O)C4CCNCC4)[nH]n3)c2)n[nH]1)c1ccccn1,7.351343
c1cncc(CNc2cccc(-c3ccc(NCc4ccc(-c5nnn(CC6CC6)n5)nc4)cc3)c2)c1,7.815599,O=C(Nc1ccc(-c2cccc(NCc3cccnc3)c2)cc1)c1ccc(-c2nnn(CC3CC3)n2)nc1,7.502643
O=C(Nc1cccc(-c2ccc3nc(C4CCN4CC4CCN4)oc3c2)c1)C1CNC1,4.611747,O=C(Nc1cccc(-c2ccc3nc(C4CCN4)oc3c2)c1)C1CN(C(=O)C2CCN2)C1,1.672046
O=C(O[C@H]1CN2CCC1CC2)c1cccc(-c2nc3cc(CN4CCN(CCNC[C@@H]5Cc6ccccc6CN5)CC4)ccc3o2)c1,6.767224,O=C(O[C@H]1CN2CCC1CC2)c1cccc(-c2nc3cc(C(=O)N(CCN4CCNCC4)C[C@@H]4Cc5ccccc5CN4)ccc3o2)c1,7.007474
O=C(NCc1cn(CC2CC2)c2ccccc12)[C@@H]1CCCN(Cc2ccc(Cn3nnnc3-c3cccc(B(O)O)c3)cc2)C1,6.649332,O=C(NCc1cn(CC2CC2)c2ccccc12)[C@@H]1CCCN(C(=O)c2ccc(Cn3nnnc3-c3cccc(B(O)O)c3)cc2)C1,6.840652
O=C(Nc1cccc2cc[nH]c12)C1CN(C(=O)N2CCC[C@H]2CNCCc2cn(CC3CC3)c3ccccc23)C1,7.369733,O=C(Nc1cccc2cc[nH]c12)C1CN(C(=O)N2CCC[C@H]2C(=O)NCCc2cn(CC3CC3)c3ccccc23)C1,7.402844
O=C1CCN(C(=O)c2ccc(CN(CCc3c[nH]c4ccccc34)Cc3ccc4nc(C5CNC5)oc4c3)cc2)C1,6.240454,O=C1CCN(C(=O)c2ccc(CN(CCc3c[nH]c4ccccc34)C(=O)c3ccc4nc(C5CNC5)oc4c3)cc2)C1,6.556771
O=C(NCc1ccccc1)c1ccc(COC2CCN(Cc3ccc4nc(C5CNC5)oc4c3)CC2)cc1,7.683628,O=C(NCc1ccccc1)c1ccc(COC2CCN(C(=O)c3ccc4nc(C5CNC5)oc4c3)CC2)cc1,7.782084
O=C(Nc1cccc2ccccc12)N1CCC[C@H]1CNc1cccc(B(O)O)c1,4.778181,O=C(Nc1cccc(B(O)O)c1)[C@@H]1CCCN1C(=O)Nc1cccc2ccccc12,4.959731
O=C(O)c1ccc2nc(-c3cnccc3NCc3ccc4nc(C5CNC5)oc4c3)[nH]c2c1,6.799449,O=C(O)c1ccc2nc(-c3cnccc3NC(=O)c3ccc4nc(C5CNC5)oc4c3)[nH]c2c1,6.071727
Cc1cc(-c2cccc(NC(=O)c3ccc4nc(C5CNC5)oc4c3)c2)cnc1NC[C@@H]1Cc2ccccc2CN1,7.949123,Cc1cc(-c2cccc(NC(=O)c3ccc4nc(C5CNC5)oc4c3)c2)cnc1NC(=O)[C@@H]1Cc2ccccc2CN1,7.452369
OB(O)c1cccc(NCc2ccc3[nH]c(-c4ccc(CO[C@H]5CN6CCC5CC6)cc4)nc3c2)c1,6.737585,O=C(Nc1cccc(B(O)O)c1)c1ccc2[nH]c(-c3ccc(CO[C@H]4CN5CCC4CC5)cc3)nc2c1,6.72477
O=Cc1cccc(CNCCc2ccccc2)c1,4.027245,O=Cc1cccc(C(=O)NCCc2ccccc2)c1,4.3565
c1cc(NC[C@@H]2Cc3ccccc3CN2)cc(-c2ccccc2CCNc2ccc(-c3nnn(CC4CC4)n3)cc2)c1,8.029594,O=C(Nc1cccc(-c2ccccc2CCNc2ccc(-c3nnn(CC4CC4)n3)cc2)c1)[C@@H]1Cc2ccccc2CN1,8.001591
O=C(O)c1ccc(O)c(NCc2ccc3oc(C4CNC4)nc3c2)c1,6.426915,O=C(O)c1ccc(O)c(NC(=O)c2ccc3oc(C4CNC4)nc3c2)c1,6.314202
C[C@H](NC(=O)C1CCN1Cc1ccc2nc(-c3ccc(-c4nnn(CC5CC5)n4)nc3)[nH]c2c1)c1ccccc1,7.664339,C[C@H](NC(=O)C1CCN1C(=O)c1ccc2nc(-c3ccc(-c4nnn(CC5CC5)n4)nc3)[nH]c2c1)c1ccccc1,7.411092
C[C@H](C(=O)N[C@H](C)c1ccccc1)N(Cc1cccc2oc(C3CNC3)nc12)C[C@@H]1Cc2ccccc2CN1,7.353922,C[C@@H](NCc1cccc2oc(C3CN(C(=O)[C@@H]4Cc5ccccc5CN4)C3)nc12)C(=O)N[C@H](C)c1ccccc1,6.691415
O=C(NC1CC1)C1CCN(C[C@@H]2Cc3ccccc3CN2)CC1,6.554448,O=C(NC1CC1)C1CCN(C(=O)[C@@H]2Cc3ccccc3CN2)CC1,6.842575
C#CCNCc1ccc2oc(C3CNC3)nc2c1,6.480056,C#CCNC(=O)c1ccc2oc(C3CNC3)nc2c1,6.043733
Nc1ccccc1CNc1ccc(-c2cccc(C(=O)O)c2)cc1,5.069928,Nc1ccc(-c2cccc(C(=O)Nc3ccccc3C(=O)O)c2)cc1,5.156485
c1ccc2c(c1)CN[C@H](CN(Cc1ccc(-c3nnn(CC4CC4)n3)nc1)C1CC1)C2,7.871709,O=C(c1ccc(-c2nnn(CC3CC3)n2)nc1)N(C[C@@H]1Cc2ccccc2CN1)C1CC1,7.256501
c1ccc(NCC2CN(Cc3ccc4nc(-c5ccc(-c6nnn(CC7CC7)n6)nc5)oc4c3)C2)nc1,7.86045,O=C(c1ccc2nc(-c3ccc(-c4nnn(CC5CC5)n4)nc3)oc2c1)N(CC1CNC1)c1ccccn1,7.557849
O=C(NC1CC1)[C@@H](Cc1c[nH]c2ccccc12)NC[C@@H]1CCCN(C(=O)C2CNC2)C1,7.24712,O=C(N[C@H](Cc1c[nH]c2ccccc12)C(=O)NC1CC1)[C@@H]1CCCN(C(=O)C2CNC2)C1,7.104653
c1ccc2c(c1)CN[C@H](CNc1ccc(-c3ccc(NCC4CCN4)cc3)cc1)C2,7.835574,O=C(Nc1ccc(-c2ccc(NCC3CCN3)cc2)cc1)[C@@H]1Cc2ccccc2CN1,7.553121
Brc1ccc(NC[C@@H]2CCCN2)cc1,3.654253,O=C(Nc1ccc(Br)cc1)[C@@H]1CCCN1,5.241913
O=C(c1ccc(CCl)cc1)N1CCC[C@@H]1CNc1ccc(-c2cn(CC3CC3)cn2)cc1,7.344366,O=C(Nc1ccc(-c2cn(CC3CC3)cn2)cc1)[C@H]1CCCN1C(=O)c1ccc(CCl)cc1,7.266129
O=Cc1ccc(-c2nc3cccc(-c4cccc(NC[C@@H]5Cc6ccccc6CN5)c4)c3o2)cc1,7.277813,O=Cc1ccc(-c2nc3cccc(-c4cccc(NC(=O)[C@@H]5Cc6ccccc6CN5)c4)c3o2)cc1,7.273351
O=Cc1ccc(CN[C@@H](CNc2cccc(B(O)O)c2)c2ccccc2)cc1,3.814942,O=Cc1ccc(C(=O)N[C@@H](CNc2cccc(B(O)O)c2)c2ccccc2)cc1,4.077934
c1ccc(CNC[C@@H]2C[C@@H](OCc3ccc(-c4nnn(CC5CC5)n4)cc3)CN2)cc1,7.628374,O=C(NCc1ccccc1)[C@@H]1C[C@@H](OCc2ccc(-c3nnn(CC4CC4)n3)cc2)CN1,7.918178
O=C(N[C@H](CNCc1cn(CC2CC2)c2ccccc12)c1ccccc1)C1CCN(C[C@@H]2Cc3ccccc3CN2)CC1,7.462413,O=C(N[C@H](CN(Cc1cn(CC2CC2)c2ccccc12)C(=O)[C@@H]1Cc2ccccc2CN1)c1ccccc1)C1CCNCC1,7.26922
Fc1cccc(-c2nc3cc(-c4cccc(NCc5ccc(CO[C@H]6CN7CCC6CC7)cc5)c4)ccc3o2)n1,7.946165,O=C(Nc1cccc(-c2ccc3oc(-c4cccc(F)n4)nc3c2)c1)c1ccc(CO[C@H]2CN3CCC2CC3)cc1,7.973631
c1cc(NC[C@@H]2Cc3ccccc3CN2)cc(-c2c[nH]cn2)c1,6.282105,O=C(Nc1cccc(-c2c[nH]cn2)c1)[C@@H]1Cc2ccccc2CN1,6.760491
c1cncc(-c2cccc3nc([C@@H]4Cc5ccccc5CN4Cc4ccc(-c5nnn(CC6CC6)n5)nc4)oc23)c1,7.812479,O=C(c1ccc(-c2nnn(CC3CC3)n2)nc1)N1Cc2ccccc2C[C@H]1c1nc2cccc(-c3cccnc3)c2o1,5.627898
O[C@H]1CN[C@H](c2nc3cc(CNc4cc(Br)n[nH]4)ccc3[nH]2)C1,4.870805,O=C(Nc1cc(Br)n[nH]1)c1ccc2[nH]c([C@@H]3C[C@@H](O)CN3)nc2c1,5.120557
OB(O)c1cccc(NC[C@@H]2Cc3ccccc3CN2Cc2ccc3oc(-c4ccc5oc(C6CNC6)nc5c4)nc3c2)c1,6.605227,O=C(c1ccc2oc(-c3ccc4oc(C5CNC5)nc4c3)nc2c1)N(C[C@@H]1Cc2ccccc2CN1)c1cccc(B(O)O)c1,6.717096
ClCc1ccc(CNCc2ccccc2)cc1,4.553545,O=C(NCc1ccccc1)c1ccc(CCl)cc1,4.680805
O=C(O)c1cccc(CN[C@H](CNC2(C(=O)O)CCC2)c2ccccc2)c1,3.782291,O=C(NC1(C(=O)O)CCC1)c1cccc(CN[C@H](C(=O)O)c2ccccc2)c1,4.617054
O=C(Nc1cc(-c2cccc(NC(=O)C3(NC[C@@H]4Cc5ccccc5CN4)CCC3)c2)n[nH]1)C1CNC1,7.577446,O=C(Nc1cc(-c2cccc(NC(=O)C3(NC(=O)[C@@H]4Cc5ccccc5CN4)CCC3)c2)n[nH]1)C1CNC1,7.581169
c1cc(CNCc2c[nH]c3ccccc23)cc(-c2nc3cc(-c4nnn(CC5CC5)n4)ccc3o2)c1,7.693952,O=C(NCc1c[nH]c2ccccc12)c1cccc(-c2nc3cc(-c4nnn(CC5CC5)n4)ccc3o2)c1,7.897992
O=C(O)c1ccc(NCc2cc(B(O)O)ccc2F)c(O)c1,3.400487,O=C(O)c1ccc(NC(=O)c2cc(B(O)O)ccc2F)c(O)c1,3.294357
O=C(c1ccc2nc(-c3ccncc3)oc2c1)N1CCC(CNCc2cn(CC3CC3)c3ccccc23)CC1,7.760509,O=C(NCc1cn(CC2CC2)c2ccccc12)C1CCN(C(=O)c2ccc3nc(-c4ccncc4)oc3c2)CC1,7.907799
Oc1ccc(CNCc2ccc3oc(C4CN(Cc5ccc(CCl)cc5)C4)nc3c2)cc1,6.013053,O=C(c1ccc(CCl)cc1)N(Cc1ccc(O)cc1)Cc1ccc2oc(C3CNC3)nc2c1,6.213274
OB(O)c1ccc(NC2CCN(Cc3ccc(CO[C@H]4CN5CCC4CC5)cc3)CC2)cc1,6.747945,O=C(c1ccc(CO[C@H]2CN3CCC2CC3)cc1)N(c1ccc(B(O)O)cc1)C1CCNCC1,6.155159
c1ccc2c(c1)CCN=C2c1ccc(COC2CCN(Cc3ccc4[nH]c(C5CNC5)nc4c3)CC2)cc1,7.815978,O=C(c1ccc2[nH]c(C3CNC3)nc2c1)N1CCC(OCc2ccc(C3=NCCc4ccccc43)cc2)CC1,7.867927
C[C@@H](NCc1ccc2nc(C3CNC3)oc2c1)c1nc2cc(C(=O)N3CCNCC3)ccc2[nH]1,7.312024,C[C@@H](NC(=O)c1ccc2nc(C3CNC3)oc2c1)c1nc2cc(C(=O)N3CCNCC3)ccc2[nH]1,7.133738
O=C([C@@H]1Cc2ccccc2CN1Cc1ccc(-c2nnn(CC3CC3)n2)nc1)N(CCc1ccncc1)C1CNC1,7.566539,O=C([C@@H]1Cc2ccccc2CN1C(=O)c1ccc(-c2nnn(CC3CC3)n2)nc1)N(CCc1ccncc1)C1CNC1,6.768855
O=C(O)[C@H]1CCCN1C(=O)[C@H](NCc1ccc2nc(-c3ccc(CO[C@H]4CN5CCC4CC5)cc3)oc2c1)c1ccccc1,7.041999,O=C(N[C@@H](C(=O)N1CCC[C@@H]1C(=O)O)c1ccccc1)c1ccc2nc(-c3ccc(CO[C@H]4CN5CCC4CC5)cc3)oc2c1,7.146164
O=C(O)c1ccc(NC(=O)[C@@H]2Cc3ccccc3CN2)c(NCc2ccc(CO[C@H]3CN4CCC3CC4)cc2)c1,7.352221,O=C(O)c1ccc(NC(=O)[C@@H]2Cc3ccccc3CN2)c(NC(=O)c2ccc(CO[C@H]3CN4CCC3CC4)cc2)c1,6.876853
Nc1cccc(-c2cccc(-c3nc4ccc(CNc5ccccc5C(=O)O[C@H]5CN6CCC5CC6)cc4o3)c2)c1,6.797299,Nc1cccc(-c2cccc(-c3nc4ccc(C(=O)Nc5ccccc5C(=O)O[C@H]5CN6CCC5CC6)cc4o3)c2)c1,6.791565
c1cc2oc([C@H]3CCCN3)nc2cc1CNc1ccc(-c2cn(CC3CC3)nn2)cc1,8.207005,O=C(Nc1ccc(-c2cn(CC3CC3)nn2)cc1)c1ccc2oc([C@H]3CCCN3)nc2c1,7.890769
O=C(Nc1cc(-c2cccc(NC[C@@H]3Cc4ccccc4CN3)c2)n[nH]1)c1ccccc1NC[C@@H]1Cc2ccccc2CN1,8.042508,O=C(Nc1cc(-c2cccc(NC[C@@H]3Cc4ccccc4CN3)c2)n[nH]1)c1ccccc1NC(=O)[C@@H]1Cc2ccccc2CN1,8.039565
N#Cc1ccc(Cn2cc(CNC(=O)[C@H](NCc3ccc(-c4nnn(CC5CC5)n4)nc3)c3ccccc3)c3ccccc32)cc1,7.262402,N#Cc1ccc(Cn2cc(CNC(=O)[C@H](NC(=O)c3ccc(-c4nnn(CC5CC5)n4)nc3)c3ccccc3)c3ccccc32)cc1,7.365426
c1cc(NCC2CN(C[C@@H]3Cc4ccccc4CN3)C2)cc(-c2cncc(-c3nnn(CC4CC4)n3)c2)c1,8.067814,O=C([C@@H]1Cc2ccccc2CN1)N(CC1CNC1)c1cccc(-c2cncc(-c3nnn(CC4CC4)n3)c2)c1,7.566704
Fc1cnccc1-c1nc2cc(CNc3cccc(-c4cncc(-c5nnn(CC6CC6)n5)c4)c3)ccc2o1,7.861255,O=C(Nc1cccc(-c2cncc(-c3nnn(CC4CC4)n3)c2)c1)c1ccc2oc(-c3ccncc3F)nc2c1,7.476471
OB(O)c1ccc(NCc2cccc(-c3cnc(F)c(-c4ccnc(F)c4)c3)c2)cc1,5.493118,O=C(Nc1ccc(B(O)O)cc1)c1cccc(-c2cnc(F)c(-c3ccnc(F)c3)c2)c1,5.678697
N[C@H](CNCCc1cn(CC2CC2)c2ccccc12)c1ccccc1,5.569345,N[C@H](C(=O)NCCc1cn(CC2CC2)c2ccccc12)c1ccccc1,7.074724
c1cc(NCc2ccc(Nc3ccc(N4CCNCC4)cc3)cc2)c2[nH]ccc2c1,6.099843,O=C(Nc1cccc2cc[nH]c12)c1ccc(Nc2ccc(N3CCNCC3)cc2)cc1,6.171185
O=C(C1CCN(Cc2ccc(-c3nnn(CC4CC4)n3)nc2)CC1)N1CC(NCCc2c[nH]c3ccccc23)C1,7.797608,O=C(C1CCNCC1)N1CC(N(CCc2c[nH]c3ccccc23)C(=O)c2ccc(-c3nnn(CC4CC4)n3)nc2)C1,7.100338
O=C(NC1CC1)c1cccc(-c2cc(NC[C@@H]3Cc4ccccc4CN3)[nH]n2)c1,8.112195,O=C(NC1CC1)c1cccc(-c2cc(NC(=O)[C@@H]3Cc4ccccc4CN3)[nH]n2)c1,7.947358
c1cc(CNc2ccc(-c3cc(NCc4ccc(-c5nnn(CC6CC6)n5)nc4)[nH]n3)cc2)ccn1,7.914226,O=C(Nc1ccc(-c2cc(NCc3ccc(-c4nnn(CC5CC5)n4)nc3)[nH]n2)cc1)c1ccncc1,7.966713
C[C@@H](N)C(=O)N1CCC(CNCCc2ccccc2)CC1,3.993616,C[C@@H](N)C(=O)N1CCC(C(=O)NCCc2ccccc2)CC1,4.601529
Cc1cc(-c2cccc(CNc3cccc(B(O)O)c3)c2)cnc1N,4.139381,Cc1cc(-c2cccc(C(=O)Nc3cccc(B(O)O)c3)c2)cnc1N,4.282645
Nc1cc(-c2cccc(N(Cc3ccc4nc([C@@H]5Cc6ccccc6CN5)[nH]c4c3)C[C@@H]3Cc4ccccc4CN3)c2)n[nH]1,7.12114,Nc1cc(-c2cccc(N(C[C@@H]3Cc4ccccc4CN3)C(=O)c3ccc4nc([C@@H]5Cc6ccccc6CN5)[nH]c4c3)c2)n[nH]1,7.310458
C#CCNCc1cccc(-c2cccc(NCc3ccc4oc(C5CNC5)nc4c3)c2)c1,7.602134,C#CCNCc1cccc(-c2cccc(NC(=O)c3ccc4oc(C5CNC5)nc4c3)c2)c1,7.230023
O=C(O)C1CCN(CC2CCN2c2cc(Br)ccn2)CC1,4.021358,O=C(O)C1CCN(C(=O)C2CCN2c2cc(Br)ccn2)CC1,4.418916
N#Cc1ccc(N)c(NC[C@@H]2Cc3ccccc3CN2)c1,5.448349,N#Cc1ccc(N)c(NC(=O)[C@@H]2Cc3ccccc3CN2)c1,5.593286
Fc1ncc(N(Cc2ccc3nc(-c4ccc(-c5nnn(CC6CC6)n5)nc4)oc3c2)c2ccnc3ccccc23)cn1,7.588086,O=C(c1ccc2nc(-c3ccc(-c4nnn(CC5CC5)n4)nc3)oc2c1)N(c1cnc(F)nc1)c1ccnc2ccccc12,7.36127
C[C@H](NC[C@@H]1Cc2ccccc2CN1)C(=O)O,4.420829,C[C@H](NC(=O)[C@@H]1Cc2ccccc2CN1)C(=O)O,4.640656
O=Cc1ccc(CN2Cc3ccccc3C[C@H]2CNc2cccc(B(O)O)c2)cc1,4.367665,O=Cc1ccc(C(=O)N(C[C@@H]2Cc3ccccc3CN2)c2cccc(B(O)O)c2)cc1,4.756208
O=C(NC1CC1)c1ccc2nc([C@H]3CCCN(C[C@@H]4Cc5ccccc5CN4)C3)oc2c1,7.643472,O=C(NC1CC1)c1ccc2nc([C@H]3CCCN(C(=O)[C@@H]4Cc5ccccc5CN4)C3)oc2c1,7.752737
O=C(Nc1ccc(-c2ccc(NCC3CCN3C[C@@H]3Cc4ccccc4CN3)cc2)cc1)C1CNC1,7.310402,O=C(Nc1ccc(-c2ccc(N(CC3CCN3)C(=O)[C@@H]3Cc4ccccc4CN3)cc2)cc1)C1CNC1,5.982668
O=C(Nc1cccnc1-c1ccc(F)cc1)C1CN(Cc2ccc(-c3nnn(CC4CC4)n3)nc2)C1,7.392171,O=C(Nc1cccnc1-c1ccc(F)cc1)C1CN(C(=O)c2ccc(-c3nnn(CC4CC4)n3)nc2)C1,7.088039
O=C(Nc1cccc(-c2ccccc2CCNCc2ccc3nc(C4CNC4)[nH]c3c2)c1)[C@@H]1CCCN1,7.603718,O=C(NCCc1ccccc1-c1cccc(NC(=O)[C@@H]2CCCN2)c1)c1ccc2nc(C3CNC3)[nH]c2c1,7.799456
ClCc1ccc(CN(Cc2ccc(-c3nnn(CC4CC4)n3)nc2)c2ccc(-c3c[nH]cn3)cc2)cc1,6.472424,O=C(c1ccc(-c2nnn(CC3CC3)n2)nc1)N(Cc1ccc(CCl)cc1)c1ccc(-c2c[nH]cn2)cc1,6.349853
c1cc2nc(C3CNC3)[nH]c2cc1CN1CCC(c2nc3cc(-c4nnn(CC5CC5)n4)ccc3o2)CC1,8.082253,O=C(c1ccc2nc(C3CNC3)[nH]c2c1)N1CCC(c2nc3cc(-c4nnn(CC5CC5)n4)ccc3o2)CC1,7.761984
Nc1ccc(C(=O)O)cc1NCc1ccc(C=O)cc1,3.940491,Nc1cc(C(=O)O)ccc1NC(=O)c1ccc(C=O)cc1,3.978808
c1cc(-c2ccc(Nc3ccc4nc(C5CNC5)oc4c3)cc2)ccc1NCC1CNC1,7.677366,O=C(Nc1ccc(-c2ccc(Nc3ccc4nc(C5CNC5)oc4c3)cc2)cc1)C1CNC1,7.200317
c1cc(NCc2cccc3oc(C4CNC4)nc23)cc(-c2ccc(NC[C@@H]3Cc4ccccc4CN3)cc2)c1,8.073299,O=C(Nc1ccc(-c2cccc(NCc3cccc4oc(C5CNC5)nc34)c2)cc1)[C@@H]1Cc2ccccc2CN1,7.986444
C[C@H](NCc1ccccc1CCl)C(=O)O,2.786421,C[C@H](NC(=O)c1ccccc1CCl)C(=O)O,2.808239
Nc1ccc(Nc2cc(-c3cccc(NCc4ccc(-c5nnn(CC6CC6)n5)nc4)c3)n[nH]2)cc1,7.481109,Nc1ccc(Nc2cc(-c3cccc(NC(=O)c4ccc(-c5nnn(CC6CC6)n5)nc4)c3)n[nH]2)cc1,7.47595
O=C(Nc1cccc2cc[nH]c12)[C@H]1CCCN1Cc1ccc(-c2nnn(CC3CC3)n2)nc1,7.815917,O=C(Nc1cccc2cc[nH]c12)[C@H]1CCCN1C(=O)c1ccc(-c2nnn(CC3CC3)n2)nc1,7.454711
O=C(O)[C@H]1CCCN(C(=O)c2ccccc2Cn2ccc3cccc(NCC4CCN4)c32)C1,5.530457,O=C(Nc1cccc2ccn(Cc3ccccc3C(=O)N3CCC[C@H](C(=O)O)C3)c12)C1CCN1,5.881926
CC1(C)OB(c2ccc(NCc3ccc4[nH]c(-c5cccc(F)n5)nc4c3)nc2)OC1(C)C,4.977205,CC1(C)OB(c2ccc(NC(=O)c3ccc4[nH]c(-c5cccc(F)n5)nc4c3)nc2)OC1(C)C,5.270719
O=C(NC1CC1)c1cccc(-c2nc3ccc(CNC4(C(=O)NCc5ccccc5)CCC4)cc3o2)c1,7.957075,O=C(NC1CC1)c1cccc(-c2nc3ccc(C(=O)NC4(C(=O)NCc5ccccc5)CCC4)cc3o2)c1,7.681936
Brc1ccccc1CCNCc1ccc(COC2CCCC2)cc1,5.055085,O=C(NCCc1ccccc1Br)c1ccc(COC2CCCC2)cc1,5.017775
C[C@@H](NC[C@@H]1Cc2ccccc2CN1)C(=O)NCc1c[nH]c2ccccc12,6.153022,C[C@@H](NC(=O)[C@@H]1Cc2ccccc2CN1)C(=O)NCc1c[nH]c2ccccc12,6.964355
O=C(O)c1ccc(Cn2cc(CNCc3ccc(-c4nc5cc(-c6nnn(CC7CC7)n6)ccc5o4)cc3)c3ccccc32)cc1,7.352084,O=C(O)c1ccc(Cn2cc(CNC(=O)c3ccc(-c4nc5cc(-c6nnn(CC7CC7)n6)ccc5o4)cc3)c3ccccc32)cc1,7.543495
O=C(NC1CC1)c1cccc(CN(Cc2cn(CC3CC3)c3ccccc23)C[C@@H]2Cc3ccccc3CN2)c1,7.868585,O=C(NC1CC1)c1cccc(CN(Cc2cn(CC3CC3)c3ccccc23)C(=O)[C@@H]2Cc3ccccc3CN2)c1,7.598769
O=C(Nc1nc(F)nc2[nH]cnc12)c1ccccc1NCc1ccc(-c2nnn(CC3CC3)n2)nc1,7.206866,O=C(Nc1ccccc1C(=O)Nc1nc(F)nc2[nH]cnc12)c1ccc(-c2nnn(CC3CC3)n2)nc1,7.425554
N[C@@H](CN1CCC(O)CC1)c1ccccc1,2.752141,N[C@@H](C(=O)N1CCC(O)CC1)c1ccccc1,3.486918
Nc1ccccc1CNCc1ccccc1,4.488186,Nc1ccccc1C(=O)NCc1ccccc1,4.506323
C[C@@H](NCc1ccc(-c2cc(NCc3ccc4nc(-c5ccc(C=O)cc5)oc4c3)[nH]n2)cc1)c1ccccc1,6.999413,C[C@@H](NCc1ccc(-c2cc(NC(=O)c3ccc4nc(-c5ccc(C=O)cc5)oc4c3)[nH]n2)cc1)c1ccccc1,7.277596
C[C@H](NCc1ccc2[nH]c(C3CCNCC3)nc2c1)c1ccccc1,6.493099,C[C@H](NC(=O)c1ccc2[nH]c(C3CCNCC3)nc2c1)c1ccccc1,7.022139
O=C(Nc1cc(C(=O)N2CCNCC2)ccc1O)c1ccccc1NCC1CNC1,6.3146,O=C(Nc1cc(C(=O)N2CCNCC2)ccc1O)c1ccccc1NC(=O)C1CNC1,6.697236
O=C(Nc1ccccn1)C1CCN(Cc2ccc(C3NCCc4ccccc43)cc2)CC1,7.095892,O=C(Nc1ccccn1)C1CCN(C(=O)c2ccc(C3NCCc4ccccc43)cc2)CC1,7.170528
C[C@H](NC(=O)[C@@H]1CCCN(Cc2ccc(-c3nnn(CC4CC4)n3)nc2)C1)C(=O)NCCc1ccccc1,7.549131,C[C@H](NC(=O)[C@@H]1CCCN(C(=O)c2ccc(-c3nnn(CC4CC4)n3)nc2)C1)C(=O)NCCc1ccccc1,7.070453
N[C@@H](CN1CC(C(=O)O)C1)c1ccccc1,3.004948,N[C@@H](C(=O)N1CC(C(=O)O)C1)c1ccccc1,4.361435
O=C(Nc1cccc2cc[nH]c12)c1ccc(CNCCN2CCN(Cc3ccc(-c4nnn(CC5CC5)n4)nc3)CC2)cc1,6.761542,O=C(Nc1cccc2cc[nH]c12)c1ccc(CN(CCN2CCNCC2)C(=O)c2ccc(-c3nnn(CC4CC4)n3)nc2)cc1,6.957132
C[C@@H](NCc1cc(B(O)O)ccc1F)c1ccccc1,3.330508,C[C@@H](NC(=O)c1cc(B(O)O)ccc1F)c1ccccc1,3.581465
OB(O)c1ccccc1NCC1CCN1,3.506157,O=C(Nc1ccccc1B(O)O)C1CCN1,3.918671
Nc1ccccc1CN1CCC1C(=O)O,2.945994,Nc1ccccc1C(=O)N1CCC1C(=O)O,3.185731
Nc1cc(CNc2cccnc2Br)ccc1O,3.525252,Nc1cc(C(=O)Nc2cccnc2Br)ccc1O,3.871523
c1cc(NC[C@@H]2Cc3ccccc3CN2)cc(-c2ccccc2CCNCc2ccc(CO[C@H]3CN4CCC3CC4)cc2)c1,7.878132,O=C(NCCc1ccccc1-c1cccc(NC[C@@H]2Cc3ccccc3CN2)c1)c1ccc(CO[C@H]2CN3CCC2CC3)cc1,7.86335
O=C(NCCc1c[nH]c2ccccc12)N1CC(c2nc3ccc(CNCc4cn(CC5CC5)c5ccccc45)cc3[nH]2)C1,7.518416,O=C(NCc1cn(CC2CC2)c2ccccc12)c1ccc2nc(C3CN(C(=O)NCCc4c[nH]c5ccccc45)C3)[nH]c2c1,7.632162
O=C(Nc1cccc2ccccc12)N1CCC(c2nc3cc(-c4cccc(NC[C@@H]5Cc6ccccc6CN5)c4)ccc3o2)CC1,7.848389,O=C(Nc1cccc(-c2ccc3oc(C4CCN(C(=O)Nc5cccc6ccccc56)CC4)nc3c2)c1)[C@@H]1Cc2ccccc2CN1,7.759182
O=C(Nc1ccccn1)c1ccc2oc(C3CN(Cc4ccc5oc(C6CNC6)nc5c4)C3)nc2c1,7.687145,O=C(Nc1ccccn1)c1ccc2oc(C3CN(C(=O)c4ccc5oc(C6CNC6)nc5c4)C3)nc2c1,6.770994
O=C(Nc1ccnc2ccccc12)[C@@H]1CCCN1Cc1ccc2oc(C3CN(C[C@@H]4Cc5ccccc5CN4)C3)nc2c1,7.707437,O=C(Nc1ccnc2ccccc12)[C@@H]1CCCN1Cc1ccc2oc(C3CN(C(=O)[C@@H]4Cc5ccccc5CN4)C3)nc2c1,7.802941
O=C(Nc1ccnc2ccccc12)c1cccc(-c2ccc(NCC3CN(C[C@@H]4Cc5ccccc5CN4)C3)c(O)c2)c1,7.62045,O=C(Nc1ccnc2ccccc12)c1cccc(-c2ccc(N(CC3CNC3)C(=O)[C@@H]3Cc4ccccc4CN3)c(O)c2)c1,7.381779
COc1ccc(CNc2ccc3nc(-c4cnccc4NC(=O)C4CN(CC5CCN5)C4)oc3c2)cc1,6.334177,COc1ccc(CN(C(=O)C2CCN2)c2ccc3nc(-c4cnccc4NC(=O)C4CNC4)oc3c2)cc1,6.288762
O=C(O)c1cccc(CN2CC(CNc3nc(F)nc4[nH]cnc34)C2)c1,4.465661,O=C(Nc1nc(F)nc2[nH]cnc12)c1cccc(CN2CC(C(=O)O)C2)c1,4.673377
N#Cc1ccc(N2CC(N3CCC[C@@H]3CNc3ccc(Br)cc3)C2)nc1,5.202039,N#Cc1ccc(N2CC(N3CCC[C@@H]3C(=O)Nc3ccc(Br)cc3)C2)nc1,5.224623
N#Cc1ccc(C(=O)N2CCC[C@@H]2CN2CCC[C@H]2C(=O)O)cn1,4.237319,N#Cc1ccc(C(=O)N2CCC[C@@H]2C(=O)N2CCC[C@H]2C(=O)O)cn1,4.300255
c1cc(N(CC2CNC2)CC2CCN2)ccc1-c1cc(NCC2CCN2)[nH]n1,6.70636,O=C(Nc1cc(-c2ccc(N(CC3CNC3)CC3CCN3)cc2)n[nH]1)C1CCN1,4.048948
c1ccc2c(CNCc3ccc4nc(C5CNC5)oc4c3)c[nH]c2c1,7.396581,O=C(NCc1c[nH]c2ccccc12)c1ccc2nc(C3CNC3)oc2c1,7.651257
O=C(Nc1ccccc1C(=O)NC1CC1)c1ccc2oc([C@@H]3Cc4ccccc4CN3C[C@@H]3Cc4ccccc4CN3)nc2c1,7.425549,O=C(Nc1ccccc1C(=O)NC1CC1)c1ccc2oc([C@@H]3Cc4ccccc4CN3C(=O)[C@@H]3Cc4ccccc4CN3)nc2c1,6.602796
CC1(C)OB(c2ccc(NC[C@@H]3Cc4ccccc4CN3)nc2)OC1(C)C,4.886829,CC1(C)OB(c2ccc(NC(=O)[C@@H]3Cc4ccccc4CN3)nc2)OC1(C)C,5.054029
O=C(Nc1ccc(NCc2cn(CC3CC3)c3ccccc23)cc1)C1CN(C[C@@H]2Cc3ccccc3CN2)C1,7.869275,O=C(Nc1ccc(N(Cc2cn(CC3CC3)c3ccccc23)C(=O)[C@@H]2Cc3ccccc3CN2)cc1)C1CNC1,7.410674
O=C(Nc1cccc(-c2ccc(NC[C@@H]3Cc4ccccc4CN3)cc2)c1)c1ccc(CO[C@H]2CN3CCC2CC3)cc1,8.039109,O=C(Nc1cccc(-c2ccc(NC(=O)[C@@H]3Cc4ccccc4CN3)cc2)c1)c1ccc(CO[C@H]2CN3CCC2CC3)cc1,7.722977
CC1(C)OB(c2ccc(NC[C@@H](N)c3ccccc3)nc2)OC1(C)C,3.747864,CC1(C)OB(c2ccc(NC(=O)[C@@H](N)c3ccccc3)nc2)OC1(C)C,4.281541
OB(O)c1cccc(NCC2(Nc3ccc4oc(C5CNC5)nc4c3)CCC2)c1,5.198545,O=C(Nc1cccc(B(O)O)c1)C1(Nc2ccc3oc(C4CNC4)nc3c2)CCC1,6.236184
Nc1ccc(CN2CCC2C(=O)Nc2ccccc2C(=O)NCCc2c[nH]c3ccccc23)cc1O,5.967806,Nc1ccc(C(=O)N2CCC2C(=O)Nc2ccccc2C(=O)NCCc2c[nH]c3ccccc23)cc1O,6.204324
O=C(Nc1ccc(NC[C@@H]2Cc3ccccc3CN2)cc1)c1ccccc1NCC1CNC1,7.622844,O=C(Nc1ccc(NC(=O)[C@@H]2Cc3ccccc3CN2)cc1)c1ccccc1NCC1CNC1,7.661832
O=C(O)c1ccc2nc(C3CN(Cc4cccc5oc(C6CNC6)nc45)C3)oc2c1,6.840417,O=C(O)c1ccc2nc(C3CN(C(=O)c4cccc5oc(C6CNC6)nc45)C3)oc2c1,6.55158
Nc1ccc(CNCc2ccccc2)cc1N,4.162924,Nc1ccc(C(=O)NCc2ccccc2)cc1N,4.601657
O=Cc1ccc(-c2ccc(NCc3ccc(CO[C@H]4CN5CCC4CC5)cc3)cc2)cc1,7.511406,O=Cc1ccc(-c2ccc(NC(=O)c3ccc(CO[C@H]4CN5CCC4CC5)cc3)cc2)cc1,7.584996
Nc1cccc(-c2cccc(-c3nc4cc(CN5CCC5C(=O)O)ccc4o3)c2)c1,5.771997,Nc1cccc(-c2cccc(-c3nc4cc(C(=O)N5CCC5C(=O)O)ccc4o3)c2)c1,5.880974
O=C(NC1CC1)c1ccccc1CO[C@@H]1CCCN(Cc2ccc(-c3nnn(CC4CC4)n3)nc2)C1,7.04393,O=C(NC1CC1)c1ccccc1CO[C@@H]1CCCN(C(=O)c2ccc(-c3nnn(CC4CC4)n3)nc2)C1,7.720506
Nc1cc(CNc2ccccn2)ccc1O,3.871838,Nc1cc(C(=O)Nc2ccccn2)ccc1O,4.239824
O=C(O)C1CCN1Cc1ccc2oc(C3CCNCC3)nc2c1,5.571533,O=C(O)C1CCN1C(=O)c1ccc2oc(C3CCNCC3)nc2c1,5.847237
O=Cc1ccc(CNc2ccc(-c3cccc(NC(=O)c4ccc5nc(C6CCN6)oc5c4)c3)cc2)cc1,7.188467,O=Cc1ccc(C(=O)Nc2ccc(-c3cccc(NC(=O)c4ccc5nc(C6CCN6)oc5c4)c3)cc2)cc1,6.613401
c1cc(NC[C@@H]2Cc3ccccc3CN2)cc(-c2ccc3oc(C4CNC4)nc3c2)c1,8.088655,O=C(Nc1cccc(-c2ccc3oc(C4CNC4)nc3c2)c1)[C@@H]1Cc2ccccc2CN1,7.759552
O=C(O)c1ccc2nc([C@@H](NCc3ccc4nc([C@@H]5CCCN5)oc4c3)c3ccccc3)[nH]c2c1,6.100265,O=C(O)c1ccc2nc([C@@H](NC(=O)c3ccc4nc([C@@H]5CCCN5)oc4c3)c3ccccc3)[nH]c2c1,5.954755
N[C@H](CNCCc1c[nH]c2ccccc12)Cc1c[nH]c2ccccc12,3.697385,N[C@@H](Cc1c[nH]c2ccccc12)C(=O)NCCc1c[nH]c2ccccc12,3.95258
O=C(O)C1CCN(C[C@H]2CCCN2)CC1,2.879125,O=C(O)C1CCN(C(=O)[C@H]2CCCN2)CC1,3.626352
CC1(C)OB(c2ccc(NCc3ccc(CCl)cc3)nc2)OC1(C)C,3.836228,CC1(C)OB(c2ccc(NC(=O)c3ccc(CCl)cc3)nc2)OC1(C)C,3.960759
C[C@@H](CN1Cc2ccccc2C[C@H]1C(=O)O)NC(=O)C1CNC1,4.631971,C[C@H](NC(=O)C1CN(C(=O)[C@@H]2Cc3ccccc3CN2)C1)C(=O)O,5.758502
Nc1ccc(CN2CCC2C(=O)NC2CC2)cc1O,5.404254,Nc1ccc(C(=O)N2CCC2C(=O)NC2CC2)cc1O,5.767288
C[C@H](CNc1cccc(B(O)O)c1)NC(=O)c1ccc(N)c(O)c1,2.72811,C[C@@H](NC(=O)c1ccc(N)c(O)c1)C(=O)Nc1cccc(B(O)O)c1,3.903968
O=C(NC1CC1)c1ccc2oc(C3CCN(Cc4ccc(-c5nnn(CC6CC6)n5)nc4)CC3)nc2c1,7.986502,O=C(NC1CC1)c1ccc2oc(C3CCN(C(=O)c4ccc(-c5nnn(CC6CC6)n5)nc4)CC3)nc2c1,6.258844
OB(O)c1ccc(NCc2ccc3nc([C@H]4CCCN4)oc3c2)cc1,5.338224,O=C(Nc1ccc(B(O)O)cc1)c1ccc2nc([C@H]3CCCN3)oc2c1,5.638515
CC1(C)OB(c2ccc(NC[C@@H](N)Cc3c[nH]c4ccccc34)nc2)OC1(C)C,3.35094,CC1(C)OB(c2ccc(NC(=O)[C@@H](N)Cc3c[nH]c4ccccc34)nc2)OC1(C)C,3.741404
O=C(O)C1CCN(Cc2ccc3oc([C@@H]4CCCN4)nc3c2)CC1,5.347603,O=C(O)C1CCN(C(=O)c2ccc3oc([C@@H]4CCCN4)nc3c2)CC1,5.492892
O=C(Nc1ccc(CNC23CC(C2)C3)cc1O)c1ccc(CNC23CC(C2)C3)cc1,7.269334,O=C(Nc1ccc(C(=O)NC23CC(C2)C3)cc1O)c1ccc(CNC23CC(C2)C3)cc1,7.10744
O=C(O)c1ccc(NC(=O)[C@@H]2CCCN2Cc2ccc(CCl)cc2)c(O)c1,4.615698,O=C(O)c1ccc(NC(=O)[C@@H]2CCCN2C(=O)c2ccc(CCl)cc2)c(O)c1,4.662769
ClCc1ccc(CN2CCC(c3nc4ccc(CNCc5cn(CC6CC6)c6ccccc56)cc4o3)CC2)cc1,7.168553,O=C(NCc1cn(CC2CC2)c2ccccc12)c1ccc2nc(C3CCN(Cc4ccc(CCl)cc4)CC3)oc2c1,7.382812
C[C@@H](NCc1ccc(CNc2cccc(-c3cccc(C=O)c3)c2)cc1)c1ccccc1,6.295527,C[C@@H](NC(=O)c1ccc(CNc2cccc(-c3cccc(C=O)c3)c2)cc1)c1ccccc1,6.546113
O=C(NC1CC1)c1cccc(CNc2ccc(-c3ccc(NCC4CNC4)cc3)cc2)c1,7.973733,O=C(NC1CC1)c1cccc(CNc2ccc(-c3ccc(NC(=O)C4CNC4)cc3)cc2)c1,7.765161
OB(O)c1ccc(NCc2ccc(CNC34CC(C3)C4)cc2)cc1,5.31812,O=C(Nc1ccc(B(O)O)cc1)c1ccc(CNC23CC(C2)C3)cc1,5.552233
O=C(NCc1c[nH]c2ccccc12)C1CN(c2ccc(NC[C@@H]3Cc4ccccc4CN3)cc2)C1,7.449316,O=C(NCc1c[nH]c2ccccc12)C1CN(c2ccc(NC(=O)[C@@H]3Cc4ccccc4CN3)cc2)C1,7.52687
Brc1ccc2oc(C3CN(Cc4ccc(COCC5CNC5)cc4)C3)nc2c1,7.135772,O=C(c1ccc(COCC2CNC2)cc1)N1CC(c2nc3cc(Br)ccc3o2)C1,7.309402
C[C@H](NCC1CCN1C(=O)c1ccccc1N)c1ccccc1,4.873187,C[C@H](NC(=O)C1CCN1C(=O)c1ccccc1N)c1ccccc1,5.264338
O=C(Nc1ccnc2ccccc12)c1ccc2oc(-c3ccc4nc(C5CN(C[C@@H]6Cc7ccccc7CN6)C5)oc4c3)nc2c1,7.755373,O=C(Nc1ccnc2ccccc12)c1ccc2oc(-c3ccc4nc(C5CN(C(=O)[C@@H]6Cc7ccccc7CN6)C5)oc4c3)nc2c1,7.666512
O=Cc1cnccc1NCC1CNC1,3.993423,O=Cc1cnccc1NC(=O)C1CNC1,5.326211
O=C(Nc1cccc(B(O)O)c1)C1(NCC2CNC2)CCC1,4.815236,O=C(NC1(C(=O)Nc2cccc(B(O)O)c2)CCC1)C1CNC1,5.545291
O=C(O)[C@@H]1CCCN1Cc1ccc2[nH]c([C@H]3CCCN3)nc2c1,4.998447,O=C(O)[C@@H]1CCCN1C(=O)c1ccc2[nH]c([C@H]3CCCN3)nc2c1,5.253924
c1cncc(Cn2ccc3cccc(NCc4ccc5nc(-c6ccc(CO[C@H]7CN8CCC7CC8)cc6)[nH]c5c4)c32)c1,7.47556,O=C(Nc1cccc2ccn(Cc3cccnc3)c12)c1ccc2nc(-c3ccc(CO[C@H]4CN5CCC4CC5)cc3)[nH]c2c1,7.651584
N#Cc1cccc(-c2ccc3c(-c4nc5ccc(CNc6cccc7cc[nH]c67)cc5o4)c[nH]c3c2)c1,6.271603,N#Cc1cccc(-c2ccc3c(-c4nc5ccc(C(=O)Nc6cccc7cc[nH]c67)cc5o4)c[nH]c3c2)c1,6.378537
C#Cc1c[nH]nc1NCc1ccc2oc(-c3ccc(CCl)cc3)nc2c1,5.74684,C#Cc1c[nH]nc1NC(=O)c1ccc2oc(-c3ccc(CCl)cc3)nc2c1,5.867678
O=C(NCc1c[nH]c2ccccc12)C1CCN1Cc1ccc(-c2nc3cc(-c4nnnn4CC4CC4)ccc3o2)cc1,7.573224,O=C(NCc1c[nH]c2ccccc12)C1CCN1C(=O)c1ccc(-c2nc3cc(-c4nnnn4CC4CC4)ccc3o2)cc1,7.595812
c1ccc2c(c1)c(CNC[C@@H]1CCCN1Cc1ccc(-c3nnn(CC4CC4)n3)nc1)cn2CC1CC1,7.997555,O=C(NCc1cn(CC2CC2)c2ccccc12)[C@@H]1CCCN1Cc1ccc(-c2nnn(CC3CC3)n2)nc1,8.160663
Cc1cc(-c2cccnc2F)cnc1NCc1ccc(CO[C@H]2CN3CCC2CC3)cc1,7.644137,Cc1cc(-c2cccnc2F)cnc1NC(=O)c1ccc(CO[C@H]2CN3CCC2CC3)cc1,7.613933
C#CCNC[C@H]1CCCN1Cc1cccc(-c2ccc(N)cc2)c1,4.971823,C#CCNC(=O)[C@H]1CCCN1Cc1cccc(-c2ccc(N)cc2)c1,5.220934
NCCc1ccccc1-c1cccc(NCc2ccc3nc(-c4ccc(CO[C@H]5CN6CCC5CC6)cc4)oc3c2)c1,7.575125,NCCc1ccccc1-c1cccc(NC(=O)c2ccc3nc(-c4ccc(CO[C@H]5CN6CCC5CC6)cc4)oc3c2)c1,7.675817
O=C(c1cccc(-c2nc3ccccc3o2)c1)N1CCN(Cc2ccc3nc(C4CNC4)oc3c2)CC1,7.932287,O=C(c1cccc(-c2nc3ccccc3o2)c1)N1CCN(C(=O)c2ccc3nc(C4CNC4)oc3c2)CC1,7.64429
c1ccc2c(c1)CN[C@H](CN1CCC[C@@H]1c1nc3cc(-c4ccc5c(ccn5CC5CC5)c4)ccc3o1)C2,7.716532,O=C([C@@H]1Cc2ccccc2CN1)N1CCC[C@@H]1c1nc2cc(-c3ccc4c(ccn4CC4CC4)c3)ccc2o1,7.580544
c1ccc2c(CCNCc3ccc4[nH]c(C5CNC5)nc4c3)c[nH]c2c1,7.152946,O=C(NCCc1c[nH]c2ccccc12)c1ccc2[nH]c(C3CNC3)nc2c1,7.361391
c1ccc2c(c1)c(CCNCC1CNC1)cn2Cc1ccc(-c2nnn(CC3CC3)n2)cc1,7.516092,O=C(NCCc1cn(Cc2ccc(-c3nnn(CC4CC4)n3)cc2)c2ccccc12)C1CNC1,8.213052
OCC1CN(c2cccc(CNc3ccc(B(O)O)cc3)n2)C1,3.940573,O=C(Nc1ccc(B(O)O)cc1)c1cccc(N2CC(CO)C2)n1,4.202355
OB(O)c1cccc(NCc2ccncc2)c1,3.004688,O=C(Nc1cccc(B(O)O)c1)c1ccncc1,3.257103
O=C(NCc1cn(CC2CC2)nn1)[C@@H](NCc1ccc2nc(C3CNC3)oc2c1)c1ccccc1,7.734104,O=C(N[C@H](C(=O)NCc1cn(CC2CC2)nn1)c1ccccc1)c1ccc2nc(C3CNC3)oc2c1,7.738469
c1ccc2c(c1)c(CNCC1CCN1Cc1ccc(-c3nnn(CC4CC4)n3)nc1)cn2CC1CC1,7.932482,O=C(NCc1cn(CC2CC2)c2ccccc12)C1CCN1Cc1ccc(-c2nnn(CC3CC3)n2)nc1,8.048236
O=C(Nc1cccc(-c2ccccc2CCNCc2ccc3nc([C@@H]4CCCN4)oc3c2)c1)[C@H]1CCCNC1,7.487737,O=C(NCCc1ccccc1-c1cccc(NC(=O)[C@H]2CCCNC2)c1)c1ccc2nc([C@@H]3CCCN3)oc2c1,7.74223
O=C(O)[C@@H]1Cc2ccccc2CN1Cc1cccnc1,4.491313,O=C(O)[C@@H]1Cc2ccccc2CN1C(=O)c1cccnc1,4.585152
Fc1ncc(-c2cccc(CNCCc3cn(CC4CC4)c4ccccc34)c2)cn1,7.335989,O=C(NCCc1cn(CC2CC2)c2ccccc12)c1cccc(-c2cnc(F)nc2)c1,7.604896
O=C(O)c1ccc(CNc2ccccc2CN2CC(c3nc4cc(CNc5ccc(Br)cc5)ccc4o3)C2)cc1,6.241227,O=C(O)c1ccc(CNc2ccccc2C(=O)N(Cc2ccc3oc(C4CNC4)nc3c2)c2ccc(Br)cc2)cc1,6.447386
N[C@H](CNCc1c[nH]c2ccccc12)Cc1c[nH]c2ccccc12,3.881132,N[C@@H](Cc1c[nH]c2ccccc12)C(=O)NCc1c[nH]c2ccccc12,4.687405
O=C(Nc1ccnc2ccccc12)C1CN(Cc2ccc3nc(-c4ccc(CO[C@H]5CN6CCC5CC6)cc4)[nH]c3c2)C1,7.972757,O=C(Nc1ccnc2ccccc12)C1CN(C(=O)c2ccc3nc(-c4ccc(CO[C@H]5CN6CCC5CC6)cc4)[nH]c3c2)C1,7.907958
Fc1cccc(-c2nc3ccc(-c4ccc(NCc5ccc(CNC67CC(C6)C7)cc5)cc4)cc3o2)n1,7.615806,O=C(Nc1ccc(-c2ccc3nc(-c4cccc(F)n4)oc3c2)cc1)c1ccc(CNC23CC(C2)C3)cc1,7.661537
O=C(Nc1cccc2ccn(CC3CC3)c12)C1CCN1Cc1ccc(-c2nnn(CC3CC3)n2)nc1,8.00724,O=C(Nc1cccc2ccn(CC3CC3)c12)C1CCN1C(=O)c1ccc(-c2nnn(CC3CC3)n2)nc1,7.650649
OCC1CN(CC2CNC2)C1,2.783986,O=C(C1CNC1)N1CC(CO)C1,4.456205
Oc1ccccc1Nc1ccc(NCC2CCN2C[C@@H]2Cc3ccccc3CN2C[C@@H]2Cc3ccccc3CN2)cc1,6.730178,O=C([C@@H]1Cc2ccccc2CN1)N(CC1CCN1C[C@@H]1Cc2ccccc2CN1)c1ccc(Nc2ccccc2O)cc1,6.902878
Nc1ccc(-c2cccc(NCc3ccc4nc(-c5ccccc5CO[C@H]5CN6CCC5CC6)oc4c3)c2)cc1,7.875463,Nc1ccc(-c2cccc(NC(=O)c3ccc4nc(-c5ccccc5CO[C@H]5CN6CCC5CC6)oc4c3)c2)cc1,7.858823
O=C(Nc1cc(-c2cccc(NC[C@@H]3Cc4ccccc4CN3)c2)n[nH]1)C1CN(CC2CCN2)C1,7.68551,O=C(Nc1cc(-c2cccc(N(C[C@@H]3Cc4ccccc4CN3)C(=O)C3CCN3)c2)n[nH]1)C1CNC1,7.494729
c1ccc2nc(N(CC3CNC3)C34CC(C3)C4)ccc2c1,6.242868,O=C(C1CNC1)N(c1ccc2ccccc2n1)C12CC(C1)C2,7.190026
Fc1nc(NCc2ccc3[nH]c(C4CNC4)nc3c2)c2nc[nH]c2n1,6.612417,O=C(Nc1nc(F)nc2[nH]cnc12)c1ccc2[nH]c(C3CNC3)nc2c1,6.911754
O=C(O)c1ccc(NCc2cccc(CN3CCC[C@H]3C(=O)O)c2)c(NC[C@@H]2Cc3ccccc3CN2)c1,5.803265,O=C(O)c1ccc(NCc2cccc(CN3CCC[C@H]3C(=O)O)c2)c(NC(=O)[C@@H]2Cc3ccccc3CN2)c1,5.939952
O=C(NC1CC1)c1ccccc1NCc1ccc(Cn2nnc(-c3ccc4[nH]c(C5CNC5)nc4c3)n2)cc1,7.85369,O=C(Nc1ccccc1C(=O)NC1CC1)c1ccc(Cn2nnc(-c3ccc4[nH]c(C5CNC5)nc4c3)n2)cc1,7.754401
Brc1ccc2nc(-c3ccccc3NCc3ccc(CO[C@H]4CN5CCC4CC5)cc3)[nH]c2c1,7.433066,O=C(Nc1ccccc1-c1nc2ccc(Br)cc2[nH]1)c1ccc(CO[C@H]2CN3CCC2CC3)cc1,7.28662
O=C(Nc1ccc(CNCc2ccc(C(F)(F)F)cc2)cc1O)c1cncc(F)c1,5.567658,O=C(NCc1ccc(C(F)(F)F)cc1)c1ccc(NC(=O)c2cncc(F)c2)c(O)c1,5.637406
O=C(NC1CC1)c1ccc2nc(-c3ccc(CNc4cccc5cc[nH]c45)cc3)oc2c1,7.40872,O=C(Nc1cccc2cc[nH]c12)c1ccc(-c2nc3ccc(C(=O)NC4CC4)cc3o2)cc1,7.492274
c1cc(NCC2CCN2)c2[nH]ccc2c1,5.454553,O=C(Nc1cccc2cc[nH]c12)C1CCN1,6.324234
OB(O)c1cccc(NCc2ccc3nc(-c4nc5ccccc5[nH]4)oc3c2)c1,5.032892,O=C(Nc1cccc(B(O)O)c1)c1ccc2nc(-c3nc4ccccc4[nH]3)oc2c1,5.176582
c1ccc2c(c1)CN[C@H](CN(Cc1cnnn1Cc1ccc(-c3nnn(CC4CC4)n3)cc1)C1CCNC1)C2,7.601097,O=C([C@@H]1Cc2ccccc2CN1)N(Cc1cnnn1Cc1ccc(-c2nnn(CC3CC3)n2)cc1)C1CCNC1,7.662683
c1cc2nc(C3CNC3)oc2cc1CNc1ccc(NC2CCNC2)cc1,7.660373,O=C(Nc1ccc(NC2CCNC2)cc1)c1ccc2nc(C3CNC3)oc2c1,7.531807
O=C1CCN(Cc2cccc(B(O)O)c2)CC1,2.968112,O=C1CCN(C(=O)c2cccc(B(O)O)c2)CC1,3.018825
O=C(NCc1cn(CC2CC2)c2ccccc12)C1CCN(Cc2cnccc2NCC2CNC2)CC1,7.582658,O=C(NCc1cn(CC2CC2)c2ccccc12)C1CCN(Cc2cnccc2NC(=O)C2CNC2)CC1,7.844479
O=C(O)[C@@H](Cc1c[nH]c2ccccc12)NCC1CCN1,4.44756,O=C(N[C@H](Cc1c[nH]c2ccccc12)C(=O)O)C1CCN1,4.913787
Nc1ccc(CN2Cc3ccccc3C[C@H]2C(=O)O)cc1O,4.17978,Nc1ccc(C(=O)N2Cc3ccccc3C[C@H]2C(=O)O)cc1O,4.375778
Cc1cc(Nc2ccc(-c3cnc(F)nc3)cc2)cnc1NC(=O)[C@@H]1CCCN1C[C@@H]1Cc2ccccc2CN1,7.202166,Cc1cc(N(C(=O)[C@@H]2Cc3ccccc3CN2)c2ccc(-c3cnc(F)nc3)cc2)cnc1NC(=O)[C@@H]1CCCN1,4.223116
Fc1ccc(-c2ccc3nc(C4CN(Cc5ccc(-c6nnn(CC7CC7)n6)nc5)C4)oc3c2)cc1,7.700366,O=C(c1ccc(-c2nnn(CC3CC3)n2)nc1)N1CC(c2nc3ccc(-c4ccc(F)cc4)cc3o2)C1,6.996599
C[C@H](NCc1ccc(CCl)cc1)c1ccccc1,4.121207,C[C@H](NC(=O)c1ccc(CCl)cc1)c1ccccc1,4.548939
O=C(Nc1ccc(Br)cc1)c1ccccc1NCC1CCN1,6.256474,O=C(Nc1ccc(Br)cc1)c1ccccc1NC(=O)C1CCN1,6.806561
O=C(O)c1ccc2nc(-c3ccc(NCc4ccc5nc([C@@H]6CCCN6)oc5c4)c(O)c3)oc2c1,6.791324,O=C(O)c1ccc2nc(-c3ccc(NC(=O)c4ccc5nc([C@@H]6CCCN6)oc5c4)c(O)c3)oc2c1,6.655806
O=C(Nc1nc(N2CCC[C@H](CNCc3cn(CC4CC4)c4ccccc34)C2)nc2[nH]cnc12)C1CNC1,7.677051,O=C(Nc1nc(N2CCC[C@H](C(=O)NCc3cn(CC4CC4)c4ccccc34)C2)nc2[nH]cnc12)C1CNC1,7.917288
c1ccc(C[C@@H](NCC2CNC2)c2nc3ccc(CNc4cccc5cc[nH]c45)cc3o2)cc1,5.814543,O=C(Nc1cccc2cc[nH]c12)c1ccc2nc([C@@H](Cc3ccccc3)NCC3CNC3)oc2c1,6.048203
OB(O)c1ccc(NCc2ccc(CCl)cc2)cc1,3.43211,O=C(Nc1ccc(B(O)O)cc1)c1ccc(CCl)cc1,3.777066
Brc1cc(NCc2ccc3oc(C4CN(C[C@@H]5CCCN5)C4)nc3c2)[nH]n1,5.569141,O=C(Nc1cc(Br)n[nH]1)c1ccc2oc(C3CN(C[C@@H]4CCCN4)C3)nc2c1,5.487265
Nc1ccccc1CNc1cccnc1Br,3.360219,Nc1ccccc1C(=O)Nc1cccnc1Br,3.731704
O=C(NC1CC1)c1cccc(CNc2ccc(-c3ncccc3NC[C@@H]3Cc4ccccc4CN3)cc2)c1,7.812272,O=C(NC1CC1)c1cccc(CNc2ccc(-c3ncccc3NC(=O)[C@@H]3Cc4ccccc4CN3)cc2)c1,7.645878
Fc1ccc2[nH]cc(-c3nc4ccc(CNC56CC(C5)C6)cc4o3)c2c1,6.385522,O=C(NC12CC(C1)C2)c1ccc2nc(-c3c[nH]c4ccc(F)cc34)oc2c1,6.349355
O=C(Nc1cccnc1-c1ccc(NCc2ccc3nc(C4CNC4)oc3c2)cc1)C1CNC1,7.382824,O=C(Nc1ccc(-c2ncccc2NC(=O)C2CNC2)cc1)c1ccc2nc(C3CNC3)oc2c1,2.648052
O=C(NC1CC1)[C@@H](NCc1ccc2oc(-c3ccc(CNC45CC(C4)C5)cc3)nc2c1)c1ccccc1,7.559317,O=C(N[C@H](C(=O)NC1CC1)c1ccccc1)c1ccc2oc(-c3ccc(CNC45CC(C4)C5)cc3)nc2c1,7.65551
N[C@@H](CNc1ccc(CNCc2c[nH]c3ccccc23)cc1O)c1ccccc1,5.524547,N[C@@H](CNc1ccc(C(=O)NCc2c[nH]c3ccccc23)cc1O)c1ccccc1,5.847619
N#Cc1ccc(CNC2CCC2)cn1,3.963423,N#Cc1ccc(C(=O)NC2CCC2)cn1,3.974671
c1ccc2c(c1)CN[C@H](CN(Cc1ccc(-c3nnn(CC4CC4)n3)nc1)c1cccc3ccn(CC4CC4)c13)C2,7.972757,O=C([C@@H]1Cc2ccccc2CN1)N(Cc1ccc(-c2nnn(CC3CC3)n2)nc1)c1cccc2ccn(CC3CC3)c12,7.982675
O=C(NC1CC1)c1ccc2nc([C@H]3CCCN3Cc3ccc4nc(C5CNC5)oc4c3)oc2c1,8.121548,O=C(NC1CC1)c1ccc2nc([C@H]3CCCN3C(=O)c3ccc4nc(C5CNC5)oc4c3)oc2c1,7.040773
c1ccc2c(NCc3ccc(Nc4ccc(-c5ccc(NCC6CCN6)cc5)cc4)cc3)ccnc2c1,7.641958,O=C(Nc1ccnc2ccccc12)c1ccc(Nc2ccc(-c3ccc(NCC4CCN4)cc3)cc2)cc1,7.66479
FC(F)(F)c1cncc(N2CC(c3nc4c(CN(C[C@@H]5Cc6ccccc6CN5)C56CC(C5)C6)cccc4o3)C2)c1,6.382699,O=C([C@@H]1Cc2ccccc2CN1)N(Cc1cccc2oc(C3CN(c4cncc(C(F)(F)F)c4)C3)nc12)C12CC(C1)C2,6.226598
N#Cc1cccc(-c2cc(NCc3ccc4oc(C5(N)CCC5)nc4c3)[nH]n2)c1,5.435575,N#Cc1cccc(-c2cc(NC(=O)c3ccc4oc(C5(N)CCC5)nc4c3)[nH]n2)c1,5.893544
OB(O)c1cccc(NCC2CCNCC2)c1,2.910825,O=C(Nc1cccc(B(O)O)c1)C1CCNCC1,4.206943
O=C(c1cccc(F)n1)N1CCC(CNc2cc(-c3ccc(Nc4ccc5ccccc5n4)cc3)n[nH]2)CC1,6.917969,O=C(Nc1cc(-c2ccc(Nc3ccc4ccccc4n3)cc2)n[nH]1)C1CCN(C(=O)c2cccc(F)n2)CC1,7.323214
Nc1ccccc1CNc1cccc2cc[nH]c12,4.055626,Nc1ccccc1C(=O)Nc1cccc2cc[nH]c12,4.410562
c1ccc2c(c1)c(CNC[C@H]1CCCN(Cc3ccc(-c4nnn(CC5CC5)n4)nc3)C1)cn2CC1CC1,7.33175,O=C(NCc1cn(CC2CC2)c2ccccc12)[C@H]1CCCN(Cc2ccc(-c3nnn(CC4CC4)n3)nc2)C1,8.186912
C[C@@H](CN[C@H](Cc1c[nH]c2ccccc12)C(=O)O)NCc1ccc(CN2CCC2C(=O)O)cc1,3.854281,C[C@H](NCc1ccc(CN2CCC2C(=O)N[C@H](Cc2c[nH]c3ccccc23)C(=O)O)cc1)C(=O)O,4.90288
N#Cc1ccc(O)c(NCc2cccc(-c3nc4ccc(C(=O)O)cc4o3)c2)c1,5.332173,N#Cc1ccc(O)c(NC(=O)c2ccc3nc(-c4cccc(C(=O)O)c4)oc3c2)c1,5.252919
c1ccc2c(CCNCc3ccc4nc(-c5ccc6nc(C7CNC7)oc6c5)oc4c3)c[nH]c2c1,7.576186,O=C(NCCc1c[nH]c2ccccc12)c1ccc2nc(-c3ccc4nc(C5CNC5)oc4c3)oc2c1,7.594072
O=C(NC1CC1)c1ccc(-c2nc3ccc(CN4CCC[C@H]4C(=O)Nc4cccc5cc[nH]c45)cc3[nH]2)cc1,7.704718,O=C(NC1CC1)c1ccc(-c2nc3ccc(C(=O)N4CCC[C@H]4C(=O)Nc4cccc5cc[nH]c45)cc3[nH]2)cc1,7.375741
OB(O)c1cccc(CNc2ccccn2)c1,3.149611,O=C(Nc1ccccn1)c1cccc(B(O)O)c1,3.293391
NCCc1ccccc1-c1ccc(NCc2ccc3oc(-c4ccc5nc(C6CNC6)oc5c4)nc3c2)cc1,7.29193,NCCc1ccccc1-c1ccc(NC(=O)c2ccc3oc(-c4ccc5nc(C6CNC6)oc5c4)nc3c2)cc1,6.660491
O=Cc1ccc(CNCc2ccccc2)cc1,4.366982,O=Cc1ccc(C(=O)NCc2ccccc2)cc1,4.684209
O=Cc1ccc(CNc2ccc(-c3cccc(C=O)c3)cc2)cc1,4.997246,O=Cc1ccc(C(=O)Nc2ccc(-c3cccc(C=O)c3)cc2)cc1,5.462934
O=C(NC12CC(C1)C2)c1ccc(-c2nc3cc(CNC45CC(C4)C5)ccc3o2)cc1,7.710042,O=C(NC12CC(C1)C2)c1ccc(-c2nc3cc(C(=O)NC45CC(C4)C5)ccc3o2)cc1,6.74858
c1ccc2c(CNCc3ccc(COCC4CNC4)cc3)c[nH]c2c1,6.912714,O=C(NCc1c[nH]c2ccccc12)c1ccc(COCC2CNC2)cc1,7.33043
O=C(O)[C@H](Cc1c[nH]c2ccccc12)NCC1CNC1,3.834958,O=C(N[C@@H](Cc1c[nH]c2ccccc12)C(=O)O)C1CNC1,5.187992
OB(O)c1cccc(-c2nnn(Cc3ccc(CNC45CC(C4)C5)cc3)n2)c1,5.488235,O=C(NC12CC(C1)C2)c1ccc(Cn2nnc(-c3cccc(B(O)O)c3)n2)cc1,5.260691
O=C(Nc1ccc(-c2cccc(NCC3CNC3)c2)cc1O)c1cccc2oc(C3CNC3)nc12,7.459665,O=C(Nc1ccc(-c2cccc(NC(=O)C3CNC3)c2)cc1O)c1cccc2oc(C3CNC3)nc12,6.643114
c1cc(NC[C@@H]2Cc3ccccc3CN2)cc(-c2cc(NCc3cccc4oc(C5CNC5)nc34)[nH]n2)c1,8.120839,O=C(Nc1cc(-c2cccc(NC[C@@H]3Cc4ccccc4CN3)c2)n[nH]1)c1cccc2oc(C3CNC3)nc12,8.199422
c1ccc2c(c1)CN[C@H](CN1CC(c3nc4ccc(CNc5cccc6ccn(CC7CC7)c56)cc4o3)C1)C2,7.614828,O=C([C@@H]1Cc2ccccc2CN1)N(Cc1ccc2nc(C3CNC3)oc2c1)c1cccc2ccn(CC3CC3)c12,7.771444
O=C([C@@H](Cc1c[nH]c2ccccc12)NCc1ccc2nc([C@H]3CCCN3)oc2c1)N1CCC(O)CC1,5.709386,O=C(N[C@H](Cc1c[nH]c2ccccc12)C(=O)N1CCC(O)CC1)c1ccc2nc([C@H]3CCCN3)oc2c1,5.847006
O=C(O)[C@@H]1Cc2ccccc2CN1Cc1ccc(CO[C@H]2CN3CCC2CC3)cc1,6.960141,O=C(O)[C@@H]1Cc2ccccc2CN1C(=O)c1ccc(CO[C@H]2CN3CCC2CC3)cc1,6.959557
O=C(Nc1cccc(B(O)O)c1)N1CCC(CNc2ccccn2)CC1,4.570935,O=C(Nc1ccccn1)C1CCN(C(=O)Nc2cccc(B(O)O)c2)CC1,5.067187
Fc1ncc(-c2cccc(NCc3ccc(CNCc4cn(CC5CC5)c5ccccc45)cc3)c2)cn1,7.840917,O=C(NCc1cn(CC2CC2)c2ccccc12)c1ccc(CNc2cccc(-c3cnc(F)nc3)c2)cc1,8.000642
c1cc(-c2ccc(NCc3ccc4[nH]c([C@H]5CCCNC5)nc4c3)cc2)cc(-c2nnn(CC3CC3)n2)c1,7.985994,O=C(Nc1ccc(-c2cccc(-c3nnn(CC4CC4)n3)c2)cc1)c1ccc2[nH]c([C@H]3CCCNC3)nc2c1,7.730657
N[C@H](Cc1ccccc1)c1nc2cc(CNc3ccc(-c4cn(CC5CC5)cn4)cc3)ccc2o1,7.210314,N[C@H](Cc1ccccc1)c1nc2cc(C(=O)Nc3ccc(-c4cn(CC5CC5)cn4)cc3)ccc2o1,7.598265
c1cc(NC[C@@H]2Cc3ccccc3CN2)cc(-c2cc(NCc3nc4ccccc4n3CC3CC3)[nH]n2)c1,8.023375,O=C(Nc1cccc(-c2cc(NCc3nc4ccccc4n3CC3CC3)[nH]n2)c1)[C@@H]1Cc2ccccc2CN1,8.005534
c1ccc2c(c1)c(CNCc1ccc3oc(-c4ccc(-c5nnn(CC6CC6)n5)nc4)nc3c1)cn2CC1CC1,8.175384,O=C(NCc1cn(CC2CC2)c2ccccc12)c1ccc2oc(-c3ccc(-c4nnn(CC5CC5)n4)nc3)nc2c1,8.213385
c1ccc2nc(N3CCC[C@H](CNc4cccc5ccn(Cc6ccc(-c7nnn(CC8CC8)n7)cc6)c45)C3)ccc2c1,7.531806,O=C(Nc1cccc2ccn(Cc3ccc(-c4nnn(CC5CC5)n4)cc3)c12)[C@H]1CCCN(c2ccc3ccccc3n2)C1,7.90337
OB(O)c1cccc(CN2CC(CNc3ccc(Br)cc3)C2)c1,4.052822,O=C(Nc1ccc(Br)cc1)C1CN(Cc2cccc(B(O)O)c2)C1,4.282591
Fc1ccc(CNc2ccc(-c3cn(CC4CC4)nn3)cc2)cc1,7.332019,O=C(Nc1ccc(-c2cn(CC3CC3)nn2)cc1)c1ccc(F)cc1,7.63266
CC(NC12CC(C1)C2)c1cccc(-c2ccccc2CCNc2ccc(NC[C@@H]3Cc4ccccc4CN3)cc2)c1,7.414031,CC(NC12CC(C1)C2)c1cccc(-c2ccccc2CCNc2ccc(NC(=O)[C@@H]3Cc4ccccc4CN3)cc2)c1,7.482341
O=C(Nc1ccccn1)C1CCN(Cc2ccc3oc(-c4cccc5oc(C6CNC6)nc45)nc3c2)CC1,7.776811,O=C(Nc1ccccn1)C1CCN(C(=O)c2ccc3oc(-c4cccc5oc(C6CNC6)nc45)nc3c2)CC1,7.515559
O[C@H]1CCCN(Cc2cncc(Nc3cccc(-c4cc(NC[C@@H]5Cc6ccccc6CN5)[nH]n4)c3)c2)C1,6.651046,O=C(Nc1cc(-c2cccc(Nc3cncc(CN4CCC[C@H](O)C4)c3)c2)n[nH]1)[C@@H]1Cc2ccccc2CN1,6.766136
N#Cc1ccc2nc([C@H]3CCCN3Cc3ccc4nc(-c5ccc(CCl)cc5)oc4c3)[nH]c2c1,6.115812,N#Cc1ccc2nc([C@H]3CCCN3C(=O)c3ccc4nc(-c5ccc(CCl)cc5)oc4c3)[nH]c2c1,6.054741
O=C(Nc1cccc2cc[nH]c12)[C@H]1CCCN1C(=O)Nc1ccc(NC[C@@H]2Cc3ccccc3CN2)cc1,7.27894,O=C(Nc1ccc(NC(=O)N2CCC[C@@H]2C(=O)Nc2cccc3cc[nH]c23)cc1)[C@@H]1Cc2ccccc2CN1,7.267126
NC1(CNc2ccc(B(O)O)cc2)CCC1,2.730791,NC1(C(=O)Nc2ccc(B(O)O)cc2)CCC1,3.415508
C[C@H](NCC1CCN1)C(=O)Nc1cccc2cc[nH]c12,5.461279,C[C@H](NC(=O)C1CCN1)C(=O)Nc1cccc2cc[nH]c12,6.5353
O=C(O)C1CN(C[C@H]2CCCN2c2ccc3ccccc3n2)C1,4.540814,O=C(O)C1CN(C(=O)[C@H]2CCCN2c2ccc3ccccc3n2)C1,5.338906
Fc1cc(-c2nnn(Cc3ccc(-c4nnn(CC5CC5)n4)cc3)n2)ccc1CO[C@@H]1CCN(C[C@@H]2Cc3ccccc3CN2)C1,7.722469,O=C([C@@H]1Cc2ccccc2CN1)N1CC[C@@H](OCc2ccc(-c3nnn(Cc4ccc(-c5nnn(CC6CC6)n5)cc4)n3)cc2F)C1,7.836571
Fc1ncc(-c2ccc(NCc3ccc(CO[C@H]4CN5CCC4CC5)cc3)cc2)cn1,7.874687,O=C(Nc1ccc(-c2cnc(F)nc2)cc1)c1ccc(CO[C@H]2CN3CCC2CC3)cc1,7.970609
Fc1nc(NCc2cccc3oc(C4CNC4)nc23)c2nc[nH]c2n1,6.526074,O=C(Nc1nc(F)nc2[nH]cnc12)c1cccc2oc(C3CNC3)nc12,6.845559
O=C(O)c1ccc(-c2nc3cc(CNC45CC(C4)C5)ccc3o2)cc1,6.646546,O=C(O)c1ccc(-c2nc3cc(C(=O)NC45CC(C4)C5)ccc3o2)cc1,6.640073
Fc1cccc(CNCc2c[nH]c3ccccc23)n1,4.80473,O=C(NCc1c[nH]c2ccccc12)c1cccc(F)n1,4.978323
c1ccc2c(CNCc3ccc4oc(C5CNC5)nc4c3)c[nH]c2c1,7.434453,O=C(NCc1c[nH]c2ccccc12)c1ccc2oc(C3CNC3)nc2c1,7.657572
O=C(NCc1ccco1)N1CCC(CNc2cccc(B(O)O)c2)CC1,4.514387,O=C(Nc1cccc(B(O)O)c1)C1CCN(C(=O)NCc2ccco2)CC1,5.066262
O=C(NC1CC1)c1ccc2nc(C3CN(Cc4ccc(-c5nnn(CC6CC6)n5)nc4)C3)oc2c1,8.09336,O=C(NC1CC1)c1ccc2nc(C3CN(C(=O)c4ccc(-c5nnn(CC6CC6)n5)nc4)C3)oc2c1,5.406426
O=Cc1cccc(CN(Cc2ccc(CNC34CC(C3)C4)cc2)c2cccc3ccn(CC4CC4)c23)c1,6.707684,O=Cc1cccc(C(=O)N(Cc2ccc(CNC34CC(C3)C4)cc2)c2cccc3ccn(CC4CC4)c23)c1,6.922343
c1cc(NCc2ccc3nc([C@H]4CCCN4)oc3c2)cc(-c2ccc(NCc3c[nH]c4ccccc34)cc2)c1,7.638371,O=C(Nc1cccc(-c2ccc(NCc3c[nH]c4ccccc34)cc2)c1)c1ccc2nc([C@H]3CCCN3)oc2c1,7.780913
O=C(NC1CC1)c1ccc(O)c(NC2CN(Cc3ccc4nc(C5CNC5)[nH]c4c3)C2)c1,7.454785,O=C(NC1CC1)c1ccc(O)c(N(C(=O)c2ccc3nc(C4CNC4)[nH]c3c2)C2CNC2)c1,4.888243
O=C(O)c1ccc2oc(-c3cccc(CN4CCC(C(=O)NCc5ccccc5)CC4)c3)nc2c1,6.872195,O=C(O)c1ccc2oc(-c3cccc(C(=O)N4CCC(C(=O)NCc5ccccc5)CC4)c3)nc2c1,6.886777
CC1(C)OB(c2ccc(NC[C@@H]3CCCN3Cc3ccc(B(O)O)cc3)nc2)OC1(C)C,4.031991,CC1(C)OB(c2ccc(NC(=O)[C@@H]3CCCN3Cc3ccc(B(O)O)cc3)nc2)OC1(C)C,4.155133
O=Cc1cccc(CN2CCNCC2)c1,3.200883,O=Cc1cccc(C(=O)N2CCNCC2)c1,4.117196
O=C(NCCc1c[nH]c2ccccc12)C1CCN1C[C@H]1CCCN(C(=O)c2ccc3nc(C4CNC4)oc3c2)C1,7.523465,O=C(NCCc1c[nH]c2ccccc12)C1CCN1C(=O)[C@H]1CCCN(C(=O)c2ccc3nc(C4CNC4)oc3c2)C1,7.420698
Fc1ncc(-c2cccc(N(Cc3ccc(CO[C@H]4CN5CCC4CC5)cc3)C[C@@H]3Cc4ccccc4CN3)c2)cn1,7.764933,O=C([C@@H]1Cc2ccccc2CN1)N(Cc1ccc(CO[C@H]2CN3CCC2CC3)cc1)c1cccc(-c2cnc(F)nc2)c1,7.84192
O=C(Nc1ccccc1CNc1ccnc2ccccc12)[C@@H]1CCCN1,6.131088,O=C(Nc1ccnc2ccccc12)c1ccccc1NC(=O)[C@@H]1CCCN1,6.473841
CC(C)[C@@H](NCc1ccc2oc(-c3ccc(CO[C@H]4CN5CCC4CC5)cc3)nc2c1)C(=O)Nc1ccnc2ccccc12,7.240456,CC(C)[C@@H](NC(=O)c1ccc2oc(-c3ccc(CO[C@H]4CN5CCC4CC5)cc3)nc2c1)C(=O)Nc1ccnc2ccccc12,7.560607
O=C(N[C@@H](CNc1cc(-c2nnn(CC3CC3)n2)n[nH]1)Cc1ccccc1)[C@@H]1CCCN1,7.340435,O=C(N[C@H](Cc1ccccc1)C(=O)Nc1cc(-c2nnn(CC3CC3)n2)n[nH]1)[C@@H]1CCCN1,7.355369
O=C(Nc1ccc(-c2ccc(NCC3CCN3CC3CNC3)cc2)cc1)N1CCCCC1,6.710782,O=C(Nc1ccc(-c2ccc(N(CC3CCN3)C(=O)C3CNC3)cc2)cc1)N1CCCCC1,5.756903
N[C@H](CNc1ccc(Br)cc1)c1ccccc1,4.026665,N[C@H](C(=O)Nc1ccc(Br)cc1)c1ccccc1,5.047801
Brc1csc(-c2cccc(NCc3ccc(CO[C@H]4CN5CCC4CC5)cc3)c2)n1,7.076324,O=C(Nc1cccc(-c2nc(Br)cs2)c1)c1ccc(CO[C@H]2CN3CCC2CC3)cc1,7.355884
O=C(c1ccc(CCl)cc1)N1CCC[C@@H]1CNc1cccc(B(O)O)c1,4.147734,O=C(Nc1cccc(B(O)O)c1)[C@H]1CCCN1C(=O)c1ccc(CCl)cc1,4.444489
Fc1cccc(CNc2cc(Br)n[nH]2)n1,3.34183,O=C(Nc1cc(Br)n[nH]1)c1cccc(F)n1,3.930948
OCC1CN(C[C@@H]2CCCN2)C1,2.157056,O=C([C@@H]1CCCN1)N1CC(CO)C1,3.446044
O=C(Nc1cc(-c2cccc(CN3Cc4ccccc4C[C@H]3CNc3ccc(B(O)O)cc3)c2)n[nH]1)NC1CC1,6.676628,O=C(Nc1cc(-c2cccc(C(=O)N(C[C@@H]3Cc4ccccc4CN3)c3ccc(B(O)O)cc3)c2)n[nH]1)NC1CC1,6.934419
Nc1cccc(-c2ccc3[nH]c(-c4ccccc4NCc4ccc(-c5nnn(CC6CC6)n5)nc4)nc3c2)c1,7.411946,Nc1cccc(-c2ccc3[nH]c(-c4ccccc4NC(=O)c4ccc(-c5nnn(CC6CC6)n5)nc4)nc3c2)c1,5.855979
Nc1cccc(-c2ccccc2CCNCc2ccc3nc(-c4ccc5nc(C6CNC6)oc5c4)oc3c2)c1,7.321836,NCCc1ccccc1-c1cccc(NC(=O)c2ccc3nc(-c4ccc5nc(C6CNC6)oc5c4)oc3c2)c1,7.218696
c1cc(NC[C@@H]2Cc3ccccc3CN2)cc(-c2ccc3oc(C4CN(CC5CNC5)C4)nc3c2)c1,7.910501,O=C(C1CNC1)N(C[C@@H]1Cc2ccccc2CN1)c1cccc(-c2ccc3oc(C4CNC4)nc3c2)c1,7.392739
c1cc2oc(C3CNC3)nc2cc1CNC12CC(C1)C2,7.768358,O=C(NC12CC(C1)C2)c1ccc2oc(C3CNC3)nc2c1,6.970973
Nc1cc(-c2ccc(CN3CCC[C@H]3CNc3ccccc3C(=O)O)cc2)n[nH]1,5.34556,Nc1cc(-c2ccc(CN3CCC[C@H]3C(=O)Nc3ccccc3C(=O)O)cc2)n[nH]1,5.589479
O=Cc1ccc(CN2CCNCC2)cc1,3.400945,O=Cc1ccc(C(=O)N2CCNCC2)cc1,4.262877
Oc1ccc(-c2cccc(NC[C@@H]3Cc4ccccc4CN3)c2)cc1NCc1ccc2[nH]c(C3CCNCC3)nc2c1,7.856659,O=C(Nc1cccc(-c2ccc(O)c(NCc3ccc4[nH]c(C5CCNCC5)nc4c3)c2)c1)[C@@H]1Cc2ccccc2CN1,7.804015
CC1(C)OB(c2ccc(NCC3CCN3)nc2)OC1(C)C,4.501657,CC1(C)OB(c2ccc(NC(=O)C3CCN3)nc2)OC1(C)C,4.81201
OB(O)c1cccc(-c2nc3ccc(CNc4ccnc5ccccc45)cc3o2)c1,5.217185,O=C(Nc1ccnc2ccccc12)c1ccc2nc(-c3cccc(B(O)O)c3)oc2c1,5.363142
O=C(Nc1ccccn1)C1CN(Cc2ccc3nc(-c4ccc(-c5nnn(CC6CC6)n5)nc4)oc3c2)C1,7.891278,O=C(Nc1ccccn1)C1CN(C(=O)c2ccc3nc(-c4ccc(-c5nnn(CC6CC6)n5)nc4)oc3c2)C1,7.185528
Brc1ccc(NCC2CCNCC2)cc1,3.419425,O=C(Nc1ccc(Br)cc1)C1CCNCC1,5.584947
c1ccc([C@H](CNc2ccc(-c3cn(CC4CC4)nn3)cc2)NC[C@@H]2Cc3ccccc3CN2)cc1,7.891165,O=C(N[C@@H](CNc1ccc(-c2cn(CC3CC3)nn2)cc1)c1ccccc1)[C@@H]1Cc2ccccc2CN1,7.899941
C[C@H](NCc1ccc2nc(C3CNC3)[nH]c2c1)c1ccccc1,7.133627,C[C@H](NC(=O)c1ccc2nc(C3CNC3)[nH]c2c1)c1ccccc1,7.416099
Nc1n[nH]cc1NCc1ccc(C=O)cc1,3.442774,Nc1c[nH]nc1NC(=O)c1ccc(C=O)cc1,3.888819
Nc1ccc(CNc2ccnc3ccccc23)cc1O,4.375702,Nc1ccc(C(=O)Nc2ccnc3ccccc23)cc1O,4.737445
Nc1ccc(-c2cccc(NCc3ccc(CCl)cc3)c2)cc1,5.263834,Nc1ccc(-c2cccc(NC(=O)c3ccc(CCl)cc3)c2)cc1,5.547703
CC1(C)OB(c2ccc(NCc3ccc4nc(-c5cccnc5)[nH]c4c3)nc2)OC1(C)C,5.039187,CC1(C)OB(c2ccc(NC(=O)c3ccc4nc(-c5cccnc5)[nH]c4c3)nc2)OC1(C)C,5.222602
Cc1cc(-c2cccc(NC[C@H]3CCCN3)c2)cnc1N,4.721134,Cc1cc(-c2cccc(N)c2)cnc1NC(=O)[C@H]1CCCN1,5.885993
O=Cc1cccc(CNc2ccnc3ccccc23)c1,4.345864,O=Cc1cccc(C(=O)Nc2ccnc3ccccc23)c1,4.771867
c1ccc2c(c1)c(CNCc1ccc3nc(C4CCN4)[nH]c3c1)cn2CC1CC1,7.718251,O=C(NCc1cn(CC2CC2)c2ccccc12)c1ccc2nc(C3CCN3)[nH]c2c1,8.034989
O=C(Nc1ccc(-c2cc(NCc3cccc4oc(C5CNC5)nc34)[nH]n2)cc1)C1CCN1,7.844526,O=C(Nc1cc(-c2ccc(NC(=O)C3CCN3)cc2)n[nH]1)c1cccc2oc(C3CNC3)nc12,6.838862
O=C(C1CN(Cc2ccc3nc(C4CNC4)oc3c2)C1)N1Cc2ccccc2C[C@H]1c1nc2ccccc2o1,7.300315,O=C(c1ccc2nc(C3CNC3)oc2c1)N1CC(C(=O)N2Cc3ccccc3C[C@H]2c2nc3ccccc3o2)C1,6.928821
O=C(O[C@H]1CN2CCC1CC2)c1cccc(-c2ccc(NCc3cccc4oc(C5CNC5)nc34)cc2)c1,7.983908,O=C(O[C@H]1CN2CCC1CC2)c1cccc(-c2ccc(NC(=O)c3cccc4oc(C5CNC5)nc34)cc2)c1,7.689139
C[C@@H](O)[C@@H](N)CNCCc1c[nH]c2ccccc12,3.109058,C[C@@H](O)[C@@H](N)C(=O)NCCc1c[nH]c2ccccc12,3.653304
Nc1ccccc1CN1CCC(=O)CC1,2.942775,Nc1ccccc1C(=O)N1CCC(=O)CC1,2.700978
c1cc(NCc2ccc3nc([C@@H]4CCCN4)oc3c2)c2c(c1)ccn2CC1CC1,7.435751,O=C(Nc1cccc2ccn(CC3CC3)c12)c1ccc2nc([C@@H]3CCCN3)oc2c1,7.935005
N#Cc1ccc(CNCc2ccccc2)cn1,4.796722,N#Cc1ccc(C(=O)NCc2ccccc2)cn1,4.966723
C[C@@H](NCC1CN(Cc2ccc(C#N)nc2)C1)c1nc2cc(CN3CC(=O)C3)ccc2[nH]1,5.218539,C[C@@H](NC(=O)C1CN(Cc2ccc(C#N)nc2)C1)c1nc2cc(CN3CC(=O)C3)ccc2[nH]1,5.476002
N[C@@H](CN1CCC[C@H](C(=O)O)C1)c1ccccc1,3.052323,N[C@@H](C(=O)N1CCC[C@H](C(=O)O)C1)c1ccccc1,3.8834
O=C(O)C1(NCC2CCN2)CCC1,3.479323,O=C(NC1(C(=O)O)CCC1)C1CCN1,5.485106
c1cc(-c2nnn(Cc3ccc(-c4nc5ccccc5o4)cc3)n2)cc(-c2ccccc2CCNCC2CNC2)c1,7.081809,O=C(NCCc1ccccc1-c1cccc(-c2nnn(Cc3ccc(-c4nc5ccccc5o4)cc3)n2)c1)C1CNC1,7.780962
COc1ccc(CNCc2ccc(O)c(N)c2)cc1,4.202312,COc1ccc(CNC(=O)c2ccc(O)c(N)c2)cc1,4.573107
O=C(Nc1cccc2ccn(CC3CC3)c12)[C@@H]1CCCN1CC1CNC1,7.424909,O=C(Nc1cccc2ccn(CC3CC3)c12)[C@@H]1CCCN1C(=O)C1CNC1,7.751393
O=C(NC1CC1)c1ccc2oc(C3CN(C(=O)C4CN(CC5CCN5)C4)C3)nc2c1,6.507972,O=C(NC1CC1)c1ccc2oc(C3CN(C(=O)C4CN(C(=O)C5CCN5)C4)C3)nc2c1,3.582501
Brc1ccc2oc(-c3ccc(Cn4cc(CCNC[C@@H]5Cc6ccccc6CN5)c5ccccc54)cc3)nc2c1,7.149241,O=C(NCCc1cn(Cc2ccc(-c3nc4cc(Br)ccc4o3)cc2)c2ccccc12)[C@@H]1Cc2ccccc2CN1,7.276801
Nc1ccccc1CNc1ccnc2ccccc12,4.439831,Nc1ccccc1C(=O)Nc1ccnc2ccccc12,4.691192
O=C(O)c1ccc2[nH]c(C3(NCc4cnccc4NC[C@@H]4Cc5ccccc5CN4)CCC3)nc2c1,6.618961,O=C(O)c1ccc2[nH]c(C3(NCc4cnccc4NC(=O)[C@@H]4Cc5ccccc5CN4)CCC3)nc2c1,6.687429
O=C(OCc1ccccc1-c1nnn(CC2CC2)n1)[C@@H](NCc1ccc(-c2nnn(CC3CC3)n2)nc1)c1ccccc1,7.023829,O=C(N[C@H](C(=O)OCc1ccccc1-c1nnn(CC2CC2)n1)c1ccccc1)c1ccc(-c2nnn(CC3CC3)n2)nc1,7.063726
O=C(O)C1CN(Cc2ccccc2CCl)C1,3.161008,O=C(O)C1CN(C(=O)c2ccccc2CCl)C1,3.730742
c1ccc2oc([C@H]3CCCN3Cc3ccc(-c4nnn(CC5CC5)n4)nc3)nc2c1,7.793171,O=C(c1ccc(-c2nnn(CC3CC3)n2)nc1)N1CCC[C@@H]1c1nc2ccccc2o1,7.692635
O=C(Nc1ccccn1)[C@@H](Cc1c[nH]c2ccccc12)NCc1cccc(-c2nc3cc(-c4nnn(CC5CC5)n4)ccc3o2)c1,7.397956,O=C(N[C@H](Cc1c[nH]c2ccccc12)C(=O)Nc1ccccn1)c1cccc(-c2nc3cc(-c4nnn(CC5CC5)n4)ccc3o2)c1,7.667396
O=C(NCc1c[nH]c2ccccc12)c1cccc(-c2cc(NCc3ccc4nc([C@H]5CCCN5)oc4c3)[nH]n2)c1,7.853805,O=C(NCc1c[nH]c2ccccc12)c1cccc(-c2cc(NC(=O)c3ccc4nc([C@H]5CCCN5)oc4c3)[nH]n2)c1,8.035376
Fc1ccc(CNc2cccc3cc[nH]c23)cc1,4.346819,O=C(Nc1cccc2cc[nH]c12)c1ccc(F)cc1,4.750098
O=C([C@@H]1Cc2ccccc2CN1)N1CCC[C@H](CNCc2cn(Cc3ccc(-c4nnn(CC5CC5)n4)cc3)c3ccccc23)C1,8.028812,O=C(NCc1cn(Cc2ccc(-c3nnn(CC4CC4)n3)cc2)c2ccccc12)[C@H]1CCCN(C(=O)[C@@H]2Cc3ccccc3CN2)C1,8.184386
C#CCNC[C@H](Cc1c[nH]c2ccccc12)NCc1ccc2oc(C3CNC3)nc2c1,6.051382,C#CCNC[C@H](Cc1c[nH]c2ccccc12)NC(=O)c1ccc2oc(C3CNC3)nc2c1,6.356922
O=C(O)[C@H](Cc1c[nH]c2ccccc12)NCc1ccc(-c2nnn(CC3CC3)n2)nc1,6.19556,O=C(N[C@@H](Cc1c[nH]c2ccccc12)C(=O)O)c1ccc(-c2nnn(CC3CC3)n2)nc1,6.392373
c1ccc2c(CCN(Cc3ccc4nc(-c5ccc(CO[C@H]6CN7CCC6CC7)cc5)oc4c3)CC3CNC3)c[nH]c2c1,7.707527,O=C(c1ccc2nc(-c3ccc(CO[C@H]4CN5CCC4CC5)cc3)oc2c1)N(CCc1c[nH]c2ccccc12)CC1CNC1,7.833481
ClCc1ccc(-c2nc3cc(CNc4ccc(Br)cc4)ccc3o2)cc1,5.60604,O=C(Nc1ccc(Br)cc1)c1ccc2oc(-c3ccc(CCl)cc3)nc2c1,5.765232
c1cc(-c2nnn(CC3CC3)n2)ncc1CNc1ccc(-c2ccc3nc(C4CCN4)oc3c2)cc1,7.848327,O=C(Nc1ccc(-c2ccc3nc(C4CCN4)oc3c2)cc1)c1ccc(-c2nnn(CC3CC3)n2)nc1,4.014516
O=C(Nc1cccc2cc[nH]c12)c1ccc(CO[C@@H]2CCN(Cc3ccc(-c4nnn(CC5CC5)n4)nc3)C2)cc1,7.868085,O=C(Nc1cccc2cc[nH]c12)c1ccc(CO[C@@H]2CCN(C(=O)c3ccc(-c4nnn(CC5CC5)n4)nc3)C2)cc1,7.852444
OB(O)c1ccc(Nc2cc(-c3cccc(NCc4ccc(-c5nnn(CC6CC6)n5)nc4)c3)ccn2)cc1,6.81731,O=C(Nc1cccc(-c2ccnc(Nc3ccc(B(O)O)cc3)c2)c1)c1ccc(-c2nnn(CC3CC3)n2)nc1,6.808739
O=C(Nc1cccnc1-c1cccnc1)C1CN(Cc2ccc(CO[C@H]3CN4CCC3CC4)cc2)C1,7.503799,O=C(Nc1cccnc1-c1cccnc1)C1CN(C(=O)c2ccc(CO[C@H]3CN4CCC3CC4)cc2)C1,7.600375
Fc1cccc(-c2nc3ccc(CNc4cccc5cc[nH]c45)cc3o2)n1,5.665184,O=C(Nc1cccc2cc[nH]c12)c1ccc2nc(-c3cccc(F)n3)oc2c1,6.035072
O=Cc1cccc(CN2CCC(O)CC2)c1,3.497001,O=Cc1cccc(C(=O)N2CCC(O)CC2)c1,3.441428
c1ccc2oc(C3(NCc4ccc(CNC56CC(C5)C6)cc4)CCC3)nc2c1,7.425879,O=C(NC1(c2nc3ccccc3o2)CCC1)c1ccc(CNC23CC(C2)C3)cc1,7.377268
O=C(Nc1ccccn1)[C@@H]1Cc2ccccc2CN1Cc1ccc2oc(-c3ccc(-c4nnn(CC5CC5)n4)nc3)nc2c1,7.84583,O=C(Nc1ccccn1)[C@@H]1Cc2ccccc2CN1C(=O)c1ccc2oc(-c3ccc(-c4nnn(CC5CC5)n4)nc3)nc2c1,7.123096
Nc1ccc(C(=O)O)cc1NCc1ccc2oc([C@@H]3CCCN3)nc2c1,5.918524,Nc1cc(C(=O)O)ccc1NC(=O)c1ccc2oc([C@@H]3CCCN3)nc2c1,5.93143
N#Cc1cccc(-c2ccc(Nc3ccc(NCC4CN(Cc5ccc(C#N)nc5)C4)cc3)cc2)c1,6.269409,N#Cc1cccc(-c2ccc(Nc3ccc(NC(=O)C4CN(Cc5ccc(C#N)nc5)C4)cc3)cc2)c1,6.366986
O=C1CN(Cc2ccc(CNc3ccc(Br)cc3)cc2)C1,4.957441,O=C1CN(Cc2ccc(C(=O)Nc3ccc(Br)cc3)cc2)C1,4.930962
N[C@H](CNc1ccc(C(=O)O)cc1O)c1ccccc1,3.890516,N[C@H](C(=O)Nc1ccc(C(=O)O)cc1O)c1ccccc1,4.400882
N#Cc1ccc(CN(CCc2cn(CC3CC3)c3ccccc23)c2ccc3ccccc3n2)cn1,6.463264,N#Cc1ccc(C(=O)N(CCc2cn(CC3CC3)c3ccccc23)c2ccc3ccccc3n2)cn1,6.628861
C[C@H](NCc1cccc(F)n1)C(=O)O,2.729167,C[C@H](NC(=O)c1cccc(F)n1)C(=O)O,2.785867
O=Cc1cccc(CNCCc2c[nH]c3ccccc23)c1,4.186765,O=Cc1cccc(C(=O)NCCc2c[nH]c3ccccc23)c1,4.702481
OB(O)c1ccc(NCc2ccc3nc(-c4ccc(COCC5CNC5)cc4)oc3c2)cc1,6.326546,O=C(Nc1ccc(B(O)O)cc1)c1ccc2nc(-c3ccc(COCC4CNC4)cc3)oc2c1,6.553224
c1ccc([C@@H](NCc2ccc3oc(C4CNC4)nc3c2)c2nc3cc(-c4nnn(CC5CC5)n4)ccc3o2)cc1,7.908949,O=C(N[C@H](c1ccccc1)c1nc2cc(-c3nnn(CC4CC4)n3)ccc2o1)c1ccc2oc(C3CNC3)nc2c1,7.384422
O=C(Nc1cccc(-c2ccc(NCc3ccc(CO[C@H]4CN5CCC4CC5)cc3)cc2)c1)C1CNC1,7.816918,O=C(Nc1ccc(-c2cccc(NC(=O)C3CNC3)c2)cc1)c1ccc(CO[C@H]2CN3CCC2CC3)cc1,6.774751
N[C@H](CNc1ccc(B(O)O)cc1)c1ccccc1,3.484794,N[C@H](C(=O)Nc1ccc(B(O)O)cc1)c1ccccc1,4.200963
O=C(O)c1ccc2nc(-c3cccc4oc(-c5ccc(CNCc6c[nH]c7ccccc67)cc5)nc34)oc2c1,6.549216,O=C(O)c1ccc(-c2nc3c(-c4nc5ccc(C(=O)NCc6c[nH]c7ccccc67)cc5o4)cccc3o2)cc1,6.88209
O=C(O)c1cccc(-c2nc3cc(CNc4ccc(B(O)O)cc4)ccc3o2)c1,4.683623,O=C(O)c1ccc2oc(-c3cccc(C(=O)Nc4ccc(B(O)O)cc4)c3)nc2c1,5.003785
N#Cc1ccc2oc(C3(NCC4CCN4)CCC3)nc2c1,6.516159,N#Cc1ccc2oc(C3(NC(=O)C4CCN4)CCC3)nc2c1,6.64927
Nc1ccc(-c2ccc(F)c(CN3CCC(C(=O)O)CC3)c2)cc1,4.689276,Nc1ccc(-c2ccc(F)c(C(=O)N3CCC(C(=O)O)CC3)c2)cc1,4.676891
O=C(Nc1ccccn1)C1CN(Cc2ccc3[nH]c(C4CNC4)nc3c2)C1,7.469678,O=C(Nc1ccccn1)C1CN(C(=O)c2ccc3[nH]c(C4CNC4)nc3c2)C1,6.911515
O=C(Nc1ccnc2ccccc12)C1CCN1Cc1cccc2oc(C3CNC3)nc12,7.697054,O=C(Nc1ccnc2ccccc12)C1CCN1C(=O)c1cccc2oc(C3CNC3)nc12,7.467522
c1ccc2c(N(CC3CNC3)c3ccc(NCc4ccc5[nH]c(C6CNC6)nc5c4)cc3)ccnc2c1,7.669385,O=C(Nc1ccc(N(CC2CNC2)c2ccnc3ccccc23)cc1)c1ccc2[nH]c(C3CNC3)nc2c1,7.71692
Brc1cc(NCc2ccc3nc([C@H]4CCCN4)oc3c2)[nH]n1,6.088702,O=C(Nc1cc(Br)n[nH]1)c1ccc2nc([C@H]3CCCN3)oc2c1,6.462678
Oc1ccc(CNc2ccnc3ccccc23)cc1NC1CNC1,5.679646,O=C(Nc1ccnc2ccccc12)c1ccc(O)c(NC2CNC2)c1,6.066979
C[C@@H](CN(C(=O)c1cccnc1)c1ccc(B(O)O)cc1)NCC1CNC1,3.503397,C[C@@H](CN(C(=O)c1cccnc1)c1ccc(B(O)O)cc1)NC(=O)C1CNC1,4.036199
C[C@H](NCc1cccc(-c2nc3cc(C4=NCCc5ccccc54)ccc3o2)c1)c1ccccc1,7.318928,C[C@H](NC(=O)c1cccc(-c2nc3cc(C4=NCCc5ccccc54)ccc3o2)c1)c1ccccc1,7.400603
c1cc(Cn2nncc2CNCc2ccc(-c3nnn(CC4CC4)n3)nc2)cc(-c2nnnn2CC2CC2)c1,7.766641,O=C(NCc1cnnn1Cc1cccc(-c2nnnn2CC2CC2)c1)c1ccc(-c2nnn(CC3CC3)n2)nc1,7.80745
c1ccc2c(c1)c(CNCc1ccc3nc([C@@H]4CCCN4)oc3c1)cn2Cc1c[nH]cn1,6.346049,O=C(NCc1cn(Cc2c[nH]cn2)c2ccccc12)c1ccc2nc([C@@H]3CCCN3)oc2c1,6.837262
Nc1ccc(CN2CCC(O)CC2)cc1N,3.406076,Nc1ccc(C(=O)N2CCC(O)CC2)cc1N,3.45304
Nc1ccc(Nc2ccc(-c3cc(NCc4cccc(F)c4NC(=O)[C@@H]4CCCNC4)[nH]n3)cc2)cc1,6.504979,Nc1cc(-c2ccc(Nc3ccc(NC(=O)c4cccc(F)c4NC(=O)[C@@H]4CCCNC4)cc3)cc2)n[nH]1,6.428337
Cc1cc(-c2cccc(NC(=O)c3ccc(CO[C@H]4CN5CCC4CC5)cc3)c2)cnc1NCC1CCN1,7.762636,Cc1cc(-c2cccc(NC(=O)c3ccc(CO[C@H]4CN5CCC4CC5)cc3)c2)cnc1NC(=O)C1CCN1,6.93878
Cc1cc(-c2cccc(C(=O)N3CC[C@@H](O)C3)c2)cnc1NCc1ccc(-c2nnn(CC3CC3)n2)nc1,7.048587,Cc1cc(-c2cccc(C(=O)N3CC[C@@H](O)C3)c2)cnc1NC(=O)c1ccc(-c2nnn(CC3CC3)n2)nc1,6.874581
Nc1ccc(-c2cncc(-c3nc4cc(CNCCc5cn(CC6CC6)c6ccccc56)ccc4o3)c2)cc1,7.41029,Nc1ccc(-c2cncc(-c3nc4cc(C(=O)NCCc5cn(CC6CC6)c6ccccc56)ccc4o3)c2)cc1,7.585264
O=C(Nc1cccc(-c2ccc(NCc3c[nH]c4ccccc34)cc2)c1)[C@H]1CCCN1CC1CCN1,7.671185,O=C(Nc1cccc(-c2ccc(N(Cc3c[nH]c4ccccc34)C(=O)C3CCN3)cc2)c1)[C@H]1CCCN1,6.762972
O=Cc1ccc(-c2nc3ccc(-c4nc5cc(CNCc6c[nH]c7ccccc67)ccc5o4)cc3o2)cc1,6.745266,O=Cc1ccc(-c2nc3ccc(-c4nc5cc(C(=O)NCc6c[nH]c7ccccc67)ccc5o4)cc3o2)cc1,6.970584
O=C(O)[C@@H]1Cc2ccccc2CN1Cc1ccc2nc(C3CNC3)oc2c1,6.753457,O=C(O)[C@@H]1Cc2ccccc2CN1C(=O)c1ccc2nc(C3CNC3)oc2c1,6.637172
Nc1ccc(-c2cc(NCc3ccccc3CNC34CC(C3)C4)[nH]n2)cn1,6.601274,Nc1ccc(-c2cc(NCc3ccccc3C(=O)NC34CC(C3)C4)[nH]n2)cn1,6.606298
C[C@@H](NCc1ccc2oc(-c3ccc(CO[C@H]4CN5CCC4CC5)cc3)nc2c1)c1ccccc1,7.804178,C[C@@H](NC(=O)c1ccc2oc(-c3ccc(CO[C@H]4CN5CCC4CC5)cc3)nc2c1)c1ccccc1,8.029215
Brc1c[nH]nc1NCc1ccc2nc(C3CCNCC3)oc2c1,5.853179,O=C(Nc1n[nH]cc1Br)c1ccc2nc(C3CCNCC3)oc2c1,6.051525
O=c1cc(CO[C@@H]2CCCN(Cc3ccc4nc(C5CNC5)oc4c3)C2)c2ccccc2[nH]1,6.011921,O=C(c1ccc2nc(C3CNC3)oc2c1)N1CCC[C@@H](OCc2cc(=O)[nH]c3ccccc23)C1,7.440459
O=C(Nc1ccnc2ccccc12)C1CCN(Cc2cccc(-c3ccc4oc(C5CNC5)nc4c3)c2)CC1,7.834841,O=C(Nc1ccnc2ccccc12)C1CCN(C(=O)c2cccc(-c3ccc4oc(C5CNC5)nc4c3)c2)CC1,7.83585
c1cc(NCc2ccc3nc(C4CNC4)oc3c2)cc(-c2cccc3nc(C4CNC4)oc23)c1,8.03514,O=C(Nc1cccc(-c2cccc3nc(C4CNC4)oc23)c1)c1ccc2nc(C3CNC3)oc2c1,5.995104
O=C(NCc1ccccc1)[C@@H]1Cc2ccccc2CN1Cc1ccc2nc(-c3ccc(CO[C@H]4CN5CCC4CC5)cc3)oc2c1,7.80447,O=C(NCc1ccccc1)[C@@H]1Cc2ccccc2CN1C(=O)c1ccc2nc(-c3ccc(CO[C@H]4CN5CCC4CC5)cc3)oc2c1,7.51361
C[C@H](NCc1cccc(N2CCC(CNCc3cn(CC4CC4)c4ccccc34)CC2)c1)c1ccccc1,7.402224,C[C@H](NCc1cccc(N2CCC(C(=O)NCc3cn(CC4CC4)c4ccccc34)CC2)c1)c1ccccc1,7.679333
Nc1nc(F)nc2c1ncn2Cc1ccc(CN2CC(C(=O)O)C2)cc1,4.426629,Nc1nc(F)nc2c1ncn2Cc1ccc(C(=O)N2CC(C(=O)O)C2)cc1,4.811054
Brc1ccc(NCC2CCN(C3CNC3)CC2)cc1,6.390326,O=C(Nc1ccc(Br)cc1)C1CCN(C2CNC2)CC1,6.918608
Oc1cc(-c2cccnc2)ccc1NCC1CCN1,6.975588,O=C(Nc1ccc(-c2cccnc2)cc1O)C1CCN1,6.900357
c1ccc2c(c1)CN[C@H](CNc1ccc(-c3cc(CN(C[C@@H]4Cc5ccccc5CN4)c4cccc5cc[nH]c45)ccn3)cc1)C2,7.655214,O=C([C@@H]1Cc2ccccc2CN1)N(C[C@@H]1Cc2ccccc2CN1)c1ccc(-c2cc(CNc3cccc4cc[nH]c34)ccn2)cc1,7.425418
Nc1cc(N(CCc2ccncc2)CC2CCN2)n[nH]1,4.667927,Nc1cc(N(CCc2ccncc2)C(=O)C2CCN2)n[nH]1,4.909267
Fc1nc(NCc2ccc3oc(C4CCN4)nc3c2)c2nc[nH]c2n1,6.467765,O=C(Nc1nc(F)nc2[nH]cnc12)c1ccc2oc(C3CCN3)nc2c1,6.794141
O=C(O)C1CN(Cc2ccc(NC(=O)[C@@H]3Cc4ccccc4CN3)c(O)c2)C1,5.763101,O=C(O)C1CN(C(=O)c2ccc(NC(=O)[C@@H]3Cc4ccccc4CN3)c(O)c2)C1,6.190348
O=Cc1cccc(-c2cccc(NC[C@@H]3Cc4ccccc4CN3)c2)c1,6.759169,O=Cc1cccc(-c2cccc(NC(=O)[C@@H]3Cc4ccccc4CN3)c2)c1,7.000281
c1ccc(NC[C@H]2CCCNC2)nc1,3.85861,O=C(Nc1ccccn1)[C@H]1CCCNC1,5.459149
OB(O)c1ccc(NC[C@@H]2Cc3ccccc3CN2)cc1,4.803607,O=C(Nc1ccc(B(O)O)cc1)[C@@H]1Cc2ccccc2CN1,5.015574
N#Cc1ccc(COCC2CN(Cc3ccc(CCl)cc3)C2)c(F)c1,4.824706,N#Cc1ccc(COCC2CN(C(=O)c3ccc(CCl)cc3)C2)c(F)c1,4.93329
O=C(O)c1ccc2[nH]c(C3CN(Cc4cccc(-c5ccc(NC[C@@H]6Cc7ccccc7CN6)cc5)c4)C3)nc2c1,7.33375,O=C(O)c1ccc2[nH]c(C3CN(C(=O)c4cccc(-c5ccc(NC[C@@H]6Cc7ccccc7CN6)cc5)c4)C3)nc2c1,7.552811
Fc1ncc(-c2cccc(N(Cc3ccccc3)Cc3ccc(-c4nnn(CC5CC5)n4)nc3)c2)cn1,7.533151,O=C(c1ccc(-c2nnn(CC3CC3)n2)nc1)N(Cc1ccccc1)c1cccc(-c2cnc(F)nc2)c1,7.459578
ClCc1ccc(-c2nc3cc(NCc4ccccc4CCl)ccc3o2)cc1,5.532524,O=C(Nc1ccc2oc(-c3ccc(CCl)cc3)nc2c1)c1ccccc1CCl,5.052074
O[C@@H]1CCN(C[C@@H](NCc2ccc3nc(C4CNC4)oc3c2)c2ccccc2)C1,6.405346,O=C(N[C@H](CN1CC[C@@H](O)C1)c1ccccc1)c1ccc2nc(C3CNC3)oc2c1,6.472233
O=C(Nc1ccccc1CNc1ccc(Br)cc1)C1CCN1,6.334346,O=C(Nc1ccc(Br)cc1)c1ccccc1NC(=O)C1CCN1,6.806561
c1cc(CNc2ccnc3ccccc23)cc(-c2ccccc2CCNCc2ccc3nc(C4CNC4)oc3c2)c1,7.564767,O=C(NCCc1ccccc1-c1cccc(CNc2ccnc3ccccc23)c1)c1ccc2nc(C3CNC3)oc2c1,7.740537
O=Cc1ccc(CN2CC(C(=O)O)C2)cc1,3.22757,O=Cc1ccc(C(=O)N2CC(C(=O)O)C2)cc1,4.03021
O=C(Nc1ccc(-c2cccc(NC(=O)[C@@H]3Cc4ccccc4CN3C[C@@H]3Cc4ccccc4CN3)c2)cc1O)NC12CC(C1)C2,7.107581,O=C(Nc1ccc(-c2cccc(NC(=O)[C@@H]3Cc4ccccc4CN3C(=O)[C@@H]3Cc4ccccc4CN3)c2)cc1O)NC12CC(C1)C2,6.750251
O=C(O)c1ccc2oc([C@@H]3CCCN3Cc3ccc(-c4nc5cc(-c6nnn(CC7CC7)n6)ccc5o4)cc3)nc2c1,7.442679,O=C(O)c1ccc2oc([C@@H]3CCCN3C(=O)c3ccc(-c4nc5cc(-c6nnn(CC7CC7)n6)ccc5o4)cc3)nc2c1,7.321373
c1ccc2c(CCNCc3ccc4nc(-c5ccc(CO[C@H]6CN7CCC6CC7)cc5)[nH]c4c3)c[nH]c2c1,7.760007,O=C(NCCc1c[nH]c2ccccc12)c1ccc2nc(-c3ccc(CO[C@H]4CN5CCC4CC5)cc3)[nH]c2c1,7.806197
O=C1CCN(c2ccc(NCc3ccc4nc(C5CNC5)oc4c3)cc2)C1,6.999048,O=C1CCN(c2ccc(NC(=O)c3ccc4nc(C5CNC5)oc4c3)cc2)C1,7.074931
c1ccc2c(CNCC3CN(Cc4ccc5nc(C6CNC6)oc5c4)C3)c[nH]c2c1,7.479681,O=C(NCc1c[nH]c2ccccc12)C1CN(Cc2ccc3nc(C4CNC4)oc3c2)C1,7.646056
O=C(O)[C@H](Cc1ccccc1)NCC1CNC1,3.244186,O=C(N[C@@H](Cc1ccccc1)C(=O)O)C1CNC1,4.730573
O=C(O)c1ccc(Cn2cc(CCNCc3ccc4[nH]c(-c5ccc6nc(C7CNC7)oc6c5)nc4c3)c3ccccc32)cc1,7.283373,O=C(O)c1ccc(Cn2cc(CCNC(=O)c3ccc4[nH]c(-c5ccc6nc(C7CNC7)oc6c5)nc4c3)c3ccccc32)cc1,7.357704
c1cc(-c2ccc(NCC3CCN3)cc2)ccc1NCC1CCN1,7.837242,O=C(Nc1ccc(-c2ccc(NCC3CCN3)cc2)cc1)C1CCN1,7.00763
O=C(NC1CC1)c1ccc(CN(CC2CCN2)c2cccc3ccn(CC4CC4)c23)cc1,7.845325,O=C(NC1CC1)c1ccc(CN(C(=O)C2CCN2)c2cccc3ccn(CC4CC4)c23)cc1,7.86071
O=C(O)[C@@H]1Cc2ccccc2CN1c1cccc(CNc2ccccn2)n1,5.892187,O=C(Nc1ccccn1)c1cccc(N2Cc3ccccc3C[C@H]2C(=O)O)n1,6.162099
O=C(Nc1cccc2cc[nH]c12)C1CCN(C(=O)C2CCN(Cc3ccc4oc(C5CNC5)nc4c3)CC2)CC1,7.761883,O=C(Nc1cccc2cc[nH]c12)C1CCN(C(=O)C2CCN(C(=O)c3ccc4oc(C5CNC5)nc4c3)CC2)CC1,7.613852
c1cc(CNC2(c3nc4ccccc4o3)CCC2)cc(-c2ccc3nc(C4CNC4)oc3c2)c1,7.665911,O=C(NC1(c2nc3ccccc3o2)CCC1)c1cccc(-c2ccc3nc(C4CNC4)oc3c2)c1,7.652529
O=Cc1cccc(CN2CCC[C@@H]2C(=O)O)c1,3.037102,O=Cc1cccc(C(=O)N2CCC[C@@H]2C(=O)O)c1,3.178521
O=C(Nc1cc(Br)n[nH]1)c1ccc(O)c(NCc2ccc(-c3nnn(CC4CC4)n3)nc2)c1,7.020811,O=C(Nc1cc(Br)n[nH]1)c1ccc(O)c(NC(=O)c2ccc(-c3nnn(CC4CC4)n3)nc2)c1,6.675795
OB(O)c1cccc(CNc2ccc(Br)cc2)c1,3.342017,O=C(Nc1ccc(Br)cc1)c1cccc(B(O)O)c1,3.496415
O=C(O)C1CN(C(=O)[C@H]2CCCN(c3ccc(NCc4ccc(-c5nnn(CC6CC6)n5)nc4)cc3)C2)C1,7.332664,O=C(Nc1ccc(N2CCC[C@H](C(=O)N3CC(C(=O)O)C3)C2)cc1)c1ccc(-c2nnn(CC3CC3)n2)nc1,6.781673
FC(F)(F)c1ccc(CNC[C@@H]2Cc3ccccc3CN2)cc1,6.246841,O=C(NCc1ccc(C(F)(F)F)cc1)[C@@H]1Cc2ccccc2CN1,6.418268
Fc1cccc(CNc2cc(Br)n[nH]2)n1,3.34183,O=C(Nc1cc(Br)n[nH]1)c1cccc(F)n1,3.930948
c1ccc(-c2ccc(NCc3ccc(-c4nnn(CC5CC5)n4)nc3)cc2)c(CCNCC2CCN2)c1,7.945622,O=C(NCCc1ccccc1-c1ccc(NCc2ccc(-c3nnn(CC4CC4)n3)nc2)cc1)C1CCN1,8.111456
O=C(Nc1cccc(-c2cc(N(C[C@@H]3Cc4ccccc4CN3)C[C@@H]3Cc4ccccc4CN3)[nH]n2)c1)c1cccnc1,7.534568,O=C(Nc1cccc(-c2cc(N(C[C@@H]3Cc4ccccc4CN3)C(=O)[C@@H]3Cc4ccccc4CN3)[nH]n2)c1)c1cccnc1,7.490709
O=C(NC1CC1)c1cccc(CN(Cc2ccc3oc(C4CNC4)nc3c2)c2cccc3cc[nH]c23)c1,7.868002,O=C(NC1CC1)c1cccc(CN(C(=O)c2ccc3oc(C4CNC4)nc3c2)c2cccc3cc[nH]c23)c1,7.609763
Nc1cccnc1-c1cccc(-c2nnn(Cc3ccc(CNCCc4cn(CC5CC5)c5ccccc45)cc3)n2)c1,7.318076,Nc1cccnc1-c1cccc(-c2nnn(Cc3ccc(C(=O)NCCc4cn(CC5CC5)c5ccccc45)cc3)n2)c1,7.223155
c1cc(-c2ccc(N(CC3CCN3)C[C@@H]3Cc4ccccc4CN3)cc2)cc(-c2nnn(CC3CC3)n2)c1,7.444526,O=C([C@@H]1Cc2ccccc2CN1)N(CC1CCN1)c1ccc(-c2cccc(-c3nnn(CC4CC4)n3)c2)cc1,7.248313
C[C@H](CN1CCC1C(=O)O)NC(=O)C1CCNCC1,3.426576,C[C@@H](NC(=O)C1CCN(C(=O)C2CCN2)CC1)C(=O)O,5.440396
N#Cc1ccc2[nH]cc(CN(Cc3cccc(-c4cncc(-c5nnn(CC6CC6)n5)c4)c3)C3CC3)c2c1,7.378314,N#Cc1ccc2[nH]cc(CN(C(=O)c3cccc(-c4cncc(-c5nnn(CC6CC6)n5)c4)c3)C3CC3)c2c1,6.778131
Cc1cc(Br)cnc1NCc1ccccn1,3.542173,Cc1cc(Br)cnc1NC(=O)c1ccccn1,3.658795
c1ccc2c(c1)C[C@@H](CNCc1cn(CC3CC3)c3ccccc13)N(Cc1ccc3nc([C@@H]4CCCN4)oc3c1)C2,7.416503,O=C(NCc1cn(CC2CC2)c2ccccc12)[C@@H]1Cc2ccccc2CN1Cc1ccc2nc([C@@H]3CCCN3)oc2c1,7.672408
C#CCNC(=O)c1cccc(-c2cc(NCC3CCN3)[nH]n2)c1,6.682576,C#CCNC(=O)c1cccc(-c2cc(NC(=O)C3CCN3)[nH]n2)c1,6.893982
Brc1ccc2nc([C@H](NCc3ccc(CO[C@H]4CN5CCC4CC5)cc3)c3ccccc3)oc2c1,7.208457,O=C(N[C@H](c1ccccc1)c1nc2ccc(Br)cc2o1)c1ccc(CO[C@H]2CN3CCC2CC3)cc1,7.240222
O=C(C1CCN1)N1CC(CNc2cccc(B(O)O)c2)C1,4.818378,O=C(Nc1cccc(B(O)O)c1)C1CN(C(=O)C2CCN2)C1,5.439109
O=Cc1c[nH]c2cc(-c3cccc(NCc4ccccc4NCC4CCN4)c3)ccc12,6.581185,O=Cc1c[nH]c2cc(-c3cccc(NCc4ccccc4NC(=O)C4CCN4)c3)ccc12,6.823905
O=C(O)[C@@H]1CCCN1C(=O)C1(NCc2ccc(CO[C@H]3CN4CCC3CC4)cc2)CCC1,6.886995,O=C(NC1(C(=O)N2CCC[C@H]2C(=O)O)CCC1)c1ccc(CO[C@H]2CN3CCC2CC3)cc1,6.681352
c1cc(-c2nnnn2CC2CC2)ccc1NCC1CCN1,7.534356,O=C(Nc1ccc(-c2nnnn2CC2CC2)cc1)C1CCN1,7.576818
COc1ccccc1CCN(Cc1ccc(-c2nnn(CC3CC3)n2)nc1)C1CN(Cc2nc3ccccc3[nH]2)C1,6.83845,COc1ccccc1CCN(C(=O)c1ccc(-c2nnn(CC3CC3)n2)nc1)C1CN(Cc2nc3ccccc3[nH]2)C1,6.972106
c1cc(NCc2ccc3nc(C4CNC4)oc3c2)cc(-c2ccc(NCC3CCN3)cc2)c1,8.143584,O=C(Nc1cccc(-c2ccc(NCC3CCN3)cc2)c1)c1ccc2nc(C3CNC3)oc2c1,7.709311
N#Cc1cccc(-n2nnnc2NC2(CN3CCC(C(=O)O)CC3)CCC2)c1,4.240542,N#Cc1cccc(-n2nnnc2N(C(=O)C2CCNCC2)C2(C(=O)O)CCC2)c1,4.884468
c1ccc2c(c1)CN[C@H](CN(c1ccc(Nc3nc4ccccc4[nH]3)cc1)C13CC(C1)C3)C2,6.829784,O=C([C@@H]1Cc2ccccc2CN1)N(c1ccc(NC23CC(C2)C3)cc1)c1nc2ccccc2[nH]1,6.652816
O=C(NCc1ccc(C(F)(F)F)cc1)C1CN(Cc2ccc3oc(-c4ccc(-c5nnn(CC6CC6)n5)nc4)nc3c2)C1,7.779138,O=C(NCc1ccc(C(F)(F)F)cc1)C1CN(C(=O)c2ccc3oc(-c4ccc(-c5nnn(CC6CC6)n5)nc4)nc3c2)C1,7.591119
c1cc(NCc2ccc(CNC3CC3)cc2)c2c(c1)ccn2Cc1ccc(-c2nnn(CC3CC3)n2)cc1,6.747324,O=C(Nc1cccc2ccn(Cc3ccc(-c4nnn(CC5CC5)n4)cc3)c12)c1ccc(CNC2CC2)cc1,7.030079
OB(O)c1ccc(N(Cc2ccc3oc(C4CNC4)nc3c2)C[C@@H]2CCCN2c2cnc(F)nc2)cc1,6.000946,O=C(c1ccc2oc(C3CNC3)nc2c1)N(C[C@@H]1CCCN1c1cnc(F)nc1)c1ccc(B(O)O)cc1,5.865435
N[C@@H](CN1CCC[C@H]1C(=O)O)c1ccccc1,3.050398,N[C@@H](C(=O)N1CCC[C@H]1C(=O)O)c1ccccc1,3.833598
O=C(NC1CCCC1)N1CC(CNc2ccc(-c3cccc(CNC45CC(C4)C5)c3)cc2)C1,6.640927,O=C(NC12CC(C1)C2)c1cccc(-c2ccc(NCC3CN(C(=O)NC4CCCC4)C3)cc2)c1,6.864485
Brc1cc(NCC2CCN2c2cccc3[nH]c(C4CNC4)nc23)[nH]n1,6.612782,O=C(Nc1cc(Br)n[nH]1)C1CCN1c1cccc2[nH]c(C3CNC3)nc12,6.100536
c1cc2nc([C@@H]3CCCN3)oc2cc1CN1CC(CNCc2cn(CC3CC3)nn2)C1,7.244589,O=C(c1ccc2nc([C@@H]3CCCN3)oc2c1)N(Cc1cn(CC2CC2)nn1)CC1CNC1,7.291256
C[C@@H](NCc1ccc(CO[C@H]2CN3CCC2CC3)cc1)C(=O)Nc1ccnc2ccccc12,7.398117,C[C@@H](NC(=O)c1ccc(CO[C@H]2CN3CCC2CC3)cc1)C(=O)Nc1ccnc2ccccc12,7.761501
O=C(Nc1ccc(-c2cccc(N(CC3CNC3)C[C@@H]3Cc4ccccc4CN3)c2)cc1)NC12CC(C1)C2,7.442067,O=C(Nc1ccc(-c2cccc(N(CC3CNC3)C(=O)[C@@H]3Cc4ccccc4CN3)c2)cc1)NC12CC(C1)C2,7.261807
O=C(Nc1ccnc2ccccc12)C1CCN(Cc2cccc3oc(-c4ccc(CO[C@H]5CN6CCC5CC6)cc4)nc23)CC1,7.956264,O=C(Nc1ccnc2ccccc12)C1CCN(C(=O)c2cccc3oc(-c4ccc(CO[C@H]5CN6CCC5CC6)cc4)nc23)CC1,7.930322
OCC1CN(Cc2ccc(CNc3cc(-c4cccc(-c5nnn(CC6CC6)n5)c4)n[nH]3)cc2)C1,7.097012,O=C(Nc1cc(-c2cccc(-c3nnn(CC4CC4)n3)c2)n[nH]1)c1ccc(CN2CC(CO)C2)cc1,7.31986
OB(O)c1cccc(NCc2ccc(C(F)(F)F)cn2)c1,3.717319,O=C(Nc1cccc(B(O)O)c1)c1ccc(C(F)(F)F)cn1,3.978374
C[C@@H](NCc1cccc(-c2nc3ccc(C(=O)O)cc3o2)c1)c1ccccc1,5.657012,C[C@@H](NC(=O)c1ccc2nc(-c3cccc(C(=O)O)c3)oc2c1)c1ccccc1,5.860618
O=C(Nc1cc(-c2cccc(NC[C@@H]3Cc4ccccc4CN3C[C@@H]3Cc4ccccc4CN3)c2)n[nH]1)[C@@H]1CCCN1,7.735433,O=C(Nc1cc(-c2cccc(N(C[C@@H]3Cc4ccccc4CN3)C(=O)[C@@H]3Cc4ccccc4CN3)c2)n[nH]1)[C@@H]1CCCN1,7.764036
Fc1cc(-c2cccc(NC[C@@H]3CCCN3)c2)ccn1,4.753419,O=C(Nc1cccc(-c2ccnc(F)c2)c1)[C@@H]1CCCN1,6.080173
c1cc(NCc2ccc3[nH]c([C@H]4CCCN4)nc3c2)c2[nH]ccc2c1,6.160911,O=C(Nc1cccc2cc[nH]c12)c1ccc2[nH]c([C@H]3CCCN3)nc2c1,6.569588
O=Cc1cccc(-c2ccc(NCc3ccc4nc(-c5ccccc5CO[C@H]5CN6CCC5CC6)oc4c3)cc2)c1,7.731359,O=Cc1cccc(-c2ccc(NC(=O)c3ccc4nc(-c5ccccc5CO[C@H]5CN6CCC5CC6)oc4c3)cc2)c1,7.73305
O=Cc1cnccc1NC(=O)C1CCN1C[C@@H]1Cc2ccccc2CN1,6.112632,O=Cc1cnccc1NC(=O)C1CCN1C(=O)[C@@H]1Cc2ccccc2CN1,6.238142
O=Cc1cccc(-c2cccc(NCc3ccc4oc(C5CNC5)nc4c3)c2)c1,7.45448,O=Cc1cccc(-c2cccc(NC(=O)c3ccc4oc(C5CNC5)nc4c3)c2)c1,7.252841
O=C(Nc1cc(-c2cccc(NCc3ccc(NC(=O)[C@@H]4CCCN4)c(O)c3)c2)n[nH]1)C1CNC1,7.848898,O=C(Nc1cccc(-c2cc(NC(=O)C3CNC3)[nH]n2)c1)c1ccc(NC(=O)[C@@H]2CCCN2)c(O)c1,7.508432
Oc1ccc(Br)cc1NCC1CCN1,4.737765,O=C(Nc1cc(Br)ccc1O)C1CCN1,4.842086
CC(=O)c1cccc(-c2ncccc2NCc2ccc3oc(C4CNC4)nc3c2)c1,6.525866,CC(=O)c1cccc(-c2ncccc2NC(=O)c2ccc3oc(C4CNC4)nc3c2)c1,6.670936
O=C(O)C1(NCc2ccc(-c3ccc(NCc4ccc(CO[C@H]5CN6CCC5CC6)cc4)cc3)cc2)CCC1,7.290201,O=C(Nc1ccc(-c2ccc(CNC3(C(=O)O)CCC3)cc2)cc1)c1ccc(CO[C@H]2CN3CCC2CC3)cc1,7.550841
O=C(N[C@H](CNc1cc(-c2cccc(-c3nnn(CC4CC4)n3)c2)n[nH]1)c1ccccc1)C1CCNCC1,7.605935,O=C(N[C@H](C(=O)Nc1cc(-c2cccc(-c3nnn(CC4CC4)n3)c2)n[nH]1)c1ccccc1)C1CCNCC1,7.295054
c1cncc(-c2cncc(-c3nc4ccc(-c5cccc(NC[C@@H]6Cc7ccccc7CN6)c5)cc4o3)c2)c1,7.774099,O=C(Nc1cccc(-c2ccc3nc(-c4cncc(-c5cccnc5)c4)oc3c2)c1)[C@@H]1Cc2ccccc2CN1,7.666847
NCCc1cn(Cc2ccc(CNc3cccc(-c4cc(NC(=O)C5CNC5)[nH]n4)c3)cc2)c2ccccc12,7.458317,NCCc1cn(Cc2ccc(C(=O)Nc3cccc(-c4cc(NC(=O)C5CNC5)[nH]n4)c3)cc2)c2ccccc12,7.491841
c1ccc2c(c1)CN[C@H](CNc1cc(-c3ccc4c(ccn4CC4CC4)c3)n[nH]1)C2,8.143236,O=C(Nc1cc(-c2ccc3c(ccn3CC3CC3)c2)n[nH]1)[C@@H]1Cc2ccccc2CN1,8.05621
O=C(O)c1ccc2nc(C3(NCc4ccc5oc(C6CN(C[C@@H]7Cc8ccccc8CN7)C6)nc5c4)CCC3)oc2c1,7.162145,O=C(O)[C@@H]1Cc2ccccc2CN1C(=O)c1ccc2nc(C3(NCc4ccc5oc(C6CNC6)nc5c4)CCC3)oc2c1,7.276234
OB(O)c1ccc(NCc2cccc(F)n2)cc1,3.421554,O=C(Nc1ccc(B(O)O)cc1)c1cccc(F)n1,3.644608
NCCc1ccccc1Nc1cc(NCc2ccc(-c3nnn(CC4CC4)n3)nc2)n[nH]1,6.488945,NCCc1ccccc1Nc1cc(NC(=O)c2ccc(-c3nnn(CC4CC4)n3)nc2)n[nH]1,6.583691
c1ccc(-c2nc3ccc(-c4cccc(CN(CC5CCN5)c5ccccn5)c4)cc3o2)cc1,6.883111,O=C(C1CCN1)N(Cc1cccc(-c2ccc3nc(-c4ccccc4)oc3c2)c1)c1ccccn1,7.053226
O=C(Nc1cccc(-c2ccc(NCC3CCN3)cc2)c1)[C@H](NC[C@@H]1Cc2ccccc2CN1)c1ccccc1,7.709351,O=C(N[C@@H](C(=O)Nc1cccc(-c2ccc(NCC3CCN3)cc2)c1)c1ccccc1)[C@@H]1Cc2ccccc2CN1,7.644004
Brc1cc(-c2nc3cccc(-c4cccc(NCc5ccc(CO[C@H]6CN7CCC6CC7)cc5)c4)c3o2)ccn1,7.754541,O=C(Nc1cccc(-c2cccc3nc(-c4ccnc(Br)c4)oc23)c1)c1ccc(CO[C@H]2CN3CCC2CC3)cc1,7.773182
O=Cc1cccc(-c2ccc(NCC3CCN3)c(O)c2)c1,6.301008,O=Cc1cccc(-c2ccc(NC(=O)C3CCN3)c(O)c2)c1,6.241477
O=C(C1CCN1)N1CC(CN(C[C@@H]2Cc3ccccc3CN2)c2cccc(B(O)O)c2)C1,5.739106,O=C(C1CCN1)N1CC(CN(C(=O)[C@@H]2Cc3ccccc3CN2)c2cccc(B(O)O)c2)C1,5.994353
O=Cc1cccc(-c2ccc(NCc3ccc(CO[C@H]4CN5CCC4CC5)cc3)cc2)c1,7.553877,O=Cc1cccc(-c2ccc(NC(=O)c3ccc(CO[C@H]4CN5CCC4CC5)cc3)cc2)c1,7.704078
O=C(Nc1ccnc2ccccc12)[C@@H]1Cc2ccccc2CN1Cc1ccc2nc(-c3ccc(CO[C@H]4CN5CCC4CC5)cc3)oc2c1,7.83534,O=C(Nc1ccnc2ccccc12)[C@@H]1Cc2ccccc2CN1C(=O)c1ccc2nc(-c3ccc(CO[C@H]4CN5CCC4CC5)cc3)oc2c1,7.595076
O=C(Nc1ccc(-c2ccc(NCc3ccc(-c4nnn(CC5CC5)n4)nc3)cc2)cc1)N1CCC(O)CC1,7.249355,O=C(Nc1ccc(-c2ccc(NC(=O)N3CCC(O)CC3)cc2)cc1)c1ccc(-c2nnn(CC3CC3)n2)nc1,6.92781
O=Cc1ccc(-c2cc(NCc3ccc4nc(C5CNC5)oc4c3)[nH]n2)cc1,7.355765,O=Cc1ccc(-c2cc(NC(=O)c3ccc4nc(C5CNC5)oc4c3)[nH]n2)cc1,7.32701
O=C(NCc1cn(CC2CC2)c2ccccc12)c1ccc(CN(CC2CNC2)C23CC(C2)C3)cc1,7.807927,O=C(NCc1cn(CC2CC2)c2ccccc12)c1ccc(CN(C(=O)C2CNC2)C23CC(C2)C3)cc1,7.939463
C[C@H](NC(=O)[C@@H](NCc1ccc2nc(-c3ccc(-c4nnn(CC5CC5)n4)nc3)oc2c1)c1ccccc1)c1ccccc1,7.683712,C[C@H](NC(=O)[C@@H](NC(=O)c1ccc2nc(-c3ccc(-c4nnn(CC5CC5)n4)nc3)oc2c1)c1ccccc1)c1ccccc1,7.655008
OB(O)c1cccc(N(CC2CNC2)c2cnc(F)nc2)c1,3.857026,O=C(C1CNC1)N(c1cnc(F)nc1)c1cccc(B(O)O)c1,4.50722
OB(O)c1ccccc1NC[C@@H]1CCCN1,2.840838,O=C(Nc1ccccc1B(O)O)[C@@H]1CCCN1,3.548082
ClCc1ccc(CNc2cc(Br)n[nH]2)cc1,3.494919,O=C(Nc1cc(Br)n[nH]1)c1ccc(CCl)cc1,3.99743
C[C@H](NC(=O)[C@@H]1CCCN1C(=O)C1CN(Cc2ccc3oc(C4CNC4)nc3c2)C1)c1ccccc1,7.486309,C[C@H](NC(=O)[C@@H]1CCCN1C(=O)C1CN(C(=O)c2ccc3oc(C4CNC4)nc3c2)C1)c1ccccc1,6.956347
c1cc(-c2nc3cc(-c4ccc(NC[C@@H]5CCCN5)cc4)ccc3o2)ccc1COCC1CNC1,7.323,O=C(Nc1ccc(-c2ccc3oc(-c4ccc(COCC5CNC5)cc4)nc3c2)cc1)[C@@H]1CCCN1,7.969135
O=C(O)c1ccc(O)c(NCc2cccc(-c3ccc4nc(C5CNC5)oc4c3)c2)c1,6.949958,O=C(O)c1ccc(O)c(NC(=O)c2cccc(-c3ccc4nc(C5CNC5)oc4c3)c2)c1,6.831335
c1cc(NCC2CCN2C[C@@H]2Cc3ccccc3CN2)cc(-c2cc(NCC3CCN3)[nH]n2)c1,7.782445,O=C([C@@H]1Cc2ccccc2CN1)N(CC1CCN1)c1cc(-c2cccc(NCC3CCN3)c2)n[nH]1,7.445472
O=C(O)[C@H](NCc1cccc(B(O)O)c1)c1ccccc1,3.034547,O=C(N[C@@H](C(=O)O)c1ccccc1)c1cccc(B(O)O)c1,3.271474
N#Cc1cc(-c2ccc(NCC3(NCc4ccc(-c5nnn(CC6CC6)n5)nc4)CCC3)cc2)ccc1F,7.056789,N#Cc1cc(-c2ccc(NC(=O)C3(NCc4ccc(-c5nnn(CC6CC6)n5)nc4)CCC3)cc2)ccc1F,7.536465
Nc1cc(Br)ccc1NCc1ccccn1,3.647692,Nc1cc(Br)ccc1NC(=O)c1ccccn1,3.601045
OB(O)c1ccc(CN2CCC2CNCc2cn(Cc3ccc(-c4nnn(CC5CC5)n4)cc3)c3ccccc23)cc1,6.703,O=C(NCc1cn(Cc2ccc(-c3nnn(CC4CC4)n3)cc2)c2ccccc12)C1CCN1Cc1ccc(B(O)O)cc1,6.908314
O=C(Nc1cccc2ccn(CC3CC3)c12)c1ccc(-c2nc3ccc(CNC45CC(C4)C5)cc3o2)cc1,8.038817,O=C(Nc1cccc2ccn(CC3CC3)c12)c1ccc(-c2nc3ccc(C(=O)NC45CC(C4)C5)cc3o2)cc1,7.95767
O=C(O)c1ccc2nc(-c3cccc(CNCCc4ccc(O)cc4)c3)[nH]c2c1,5.41509,O=C(O)c1ccc2nc(-c3cccc(C(=O)NCCc4ccc(O)cc4)c3)[nH]c2c1,5.670521
Nc1ccccc1CNC1CC1,1.896392,Nc1ccccc1C(=O)NC1CC1,4.682922
O=C(O)[C@H]1CCCN1c1cc(NC[C@@H]2Cc3ccccc3CN2)[nH]n1,5.962472,O=C(Nc1cc(N2CCC[C@@H]2C(=O)O)n[nH]1)[C@@H]1Cc2ccccc2CN1,6.201414
Brc1ccc(NCc2ccccc2)c(NCc2ccc3nc(-c4ccc(CO[C@H]5CN6CCC5CC6)cc4)oc3c2)c1,7.492032,O=C(Nc1cc(Br)ccc1NCc1ccccc1)c1ccc2nc(-c3ccc(CO[C@H]4CN5CCC4CC5)cc3)oc2c1,7.604764
Nc1ccc(CNC2(C(=O)O)CCC2)cc1O,2.969915,NC1(C(=O)Nc2ccc(C(=O)O)cc2O)CCC1,3.495311
c1cc2nc(C3CNC3)oc2cc1CNc1ccc(-c2cn(CC3CC3)cn2)cc1,8.378912,O=C(Nc1ccc(-c2cn(CC3CC3)cn2)cc1)c1ccc2nc(C3CNC3)oc2c1,7.513427
FC(F)(F)c1ccc(CNCc2ccc3oc(C4CNC4)nc3c2)cc1,7.118382,O=C(NCc1ccc(C(F)(F)F)cc1)c1ccc2oc(C3CNC3)nc2c1,7.424404
O=C(NC1CC1)c1cccc(-c2cc(NCc3ccc(NCC4CCNCC4)c(O)c3)[nH]n2)c1,6.869523,O=C(Nc1cc(-c2cccc(C(=O)NC3CC3)c2)n[nH]1)c1ccc(NCC2CCNCC2)c(O)c1,6.985493
Nc1ccccc1CCNCC1CCN1,4.870526,NCCc1ccccc1NC(=O)C1CCN1,5.130853
c1cc(-c2nnn(CC3CC3)n2)ncc1CNc1ccc(-c2ccc3nc(C4CNC4)[nH]c3c2)cc1,8.158257,O=C(Nc1ccc(-c2ccc3nc(C4CNC4)[nH]c3c2)cc1)c1ccc(-c2nnn(CC3CC3)n2)nc1,5.236317
O=C(NC1CC1)c1ccc(CNc2ccccc2CNc2ccc(Br)cc2)cc1,6.701336,O=C(NC1CC1)c1ccc(CNc2ccccc2C(=O)Nc2ccc(Br)cc2)cc1,6.970238
Brc1cc(NC[C@H](NCc2cccc3oc(C4CNC4)nc23)c2ccccc2)[nH]n1,6.257211,O=C(Nc1cc(Br)n[nH]1)[C@H](NCc1cccc2oc(C3CNC3)nc12)c1ccccc1,6.423352
O=Cc1c[nH]c2cc(-c3cccc(NC[C@@H]4Cc5ccccc5CN4)c3)ccc12,6.674731,O=Cc1c[nH]c2cc(-c3cccc(NC(=O)[C@@H]4Cc5ccccc5CN4)c3)ccc12,6.93608
Cc1cc(-c2ccc3[nH]ccc3c2)cnc1NCc1ccc2nc(C3CNC3)oc2c1,7.448903,Cc1cc(-c2ccc3[nH]ccc3c2)cnc1NC(=O)c1ccc2nc(C3CNC3)oc2c1,7.141288
c1ccc2c(c1)c(CCNCc1ccc3[nH]c(-c4ccc5nc(C6CNC6)oc5c4)nc3c1)cn2CC1CC1,8.038738,O=C(NCCc1cn(CC2CC2)c2ccccc12)c1ccc2[nH]c(-c3ccc4nc(C5CNC5)oc4c3)nc2c1,8.017213
C[C@@H](c1ccccc1)N(Cc1ccc(CO[C@H]2CN3CCC2CC3)cc1)Cc1cccc(B(O)O)c1,5.899124,C[C@@H](c1ccccc1)N(Cc1cccc(B(O)O)c1)C(=O)c1ccc(CO[C@H]2CN3CCC2CC3)cc1,6.001431
O=C(Nc1ccc(-c2ccc(CN(C[C@@H]3Cc4ccccc4CN3)C34CC(C3)C4)cc2)cc1)[C@@H]1Cc2ccccc2CN1,7.49194,O=C(Nc1ccc(-c2ccc(CN(C(=O)[C@@H]3Cc4ccccc4CN3)C34CC(C3)C4)cc2)cc1)[C@@H]1Cc2ccccc2CN1,7.441358
Nc1cccc(-c2c[nH]nc2NCc2ccc3oc(C4CNC4)nc3c2)c1,6.729052,Nc1cccc(-c2c[nH]nc2NC(=O)c2ccc3oc(C4CNC4)nc3c2)c1,6.736127
OB(O)c1cccc(NCc2ccc3nc([C@@H]4CCCN4)oc3c2)c1,5.225106,O=C(Nc1cccc(B(O)O)c1)c1ccc2nc([C@@H]3CCCN3)oc2c1,5.421388
O=C(NCc1c[nH]c2ccccc12)[C@@H](Cc1c[nH]c2ccccc12)NCc1ccc(Cn2nnc(-c3ccc4[nH]c(C5CNC5)nc4c3)n2)cc1,7.410627,O=C(N[C@H](Cc1c[nH]c2ccccc12)C(=O)NCc1c[nH]c2ccccc12)c1ccc(Cn2nnc(-c3ccc4[nH]c(C5CNC5)nc4c3)n2)cc1,7.496151
O=C(O)C1CCN(Cc2ccc3nc(C4CNC4)oc3c2)CC1,5.859506,O=C(O)C1CCN(C(=O)c2ccc3nc(C4CNC4)oc3c2)CC1,5.904029
C[C@@H](c1ccccc1)N(Cc1ccc(CO[C@H]2CN3CCC2CC3)cc1)c1cncc(-c2nnnn2CC2CC2)c1,7.575606,C[C@@H](c1ccccc1)N(C(=O)c1ccc(CO[C@H]2CN3CCC2CC3)cc1)c1cncc(-c2nnnn2CC2CC2)c1,7.591991
C[C@H](NC(=O)c1ccc(-c2nc3ccc(CN4CC(C(=O)N[C@H](C)c5ccccc5)C4)cc3o2)cc1)c1ccccc1,7.289572,C[C@H](NC(=O)c1ccc(-c2nc3ccc(C(=O)N4CC(C(=O)N[C@H](C)c5ccccc5)C4)cc3o2)cc1)c1ccccc1,7.238655
O=C(Nc1cccc(-c2ccc(O)nc2)c1)[C@H]1CCCN1C(=O)C1CN(C[C@@H]2Cc3ccccc3CN2)C1,7.225888,O=C(Nc1cccc(-c2ccc(O)nc2)c1)[C@H]1CCCN1C(=O)C1CN(C(=O)[C@@H]2Cc3ccccc3CN2)C1,7.154919
O=C(c1ccccc1Cn1nnc(-c2ccc(CBr)cc2)n1)N1CC(CNC2CC2)C1,5.201482,O=C(NC1CC1)C1CN(C(=O)c2ccccc2Cn2nnc(-c3ccc(CBr)cc3)n2)C1,6.647974
c1ccc2c(NCc3ccc4oc(-c5ccc6nc(-c7ccc(CO[C@H]8CN9CCC8CC9)cc7)oc6c5)nc4c3)ccnc2c1,8.006189,O=C(Nc1ccnc2ccccc12)c1ccc2oc(-c3ccc4nc(-c5ccc(CO[C@H]6CN7CCC6CC7)cc5)oc4c3)nc2c1,8.085687
O=C(NCc1c[nH]c2ccccc12)N1CCC[C@@H](CN(Cc2ccc3nc(-c4cncc(F)c4)oc3c2)c2ccccn2)C1,6.731613,O=C(NCc1c[nH]c2ccccc12)N1CCC[C@@H](C(=O)N(Cc2ccc3nc(-c4cncc(F)c4)oc3c2)c2ccccn2)C1,6.960485
c1cc(-c2cc(NCc3ccc(-c4nnnn4CC4CC4)nc3)[nH]n2)cc(-c2nnn(CC3CC3)n2)c1,8.196403,O=C(Nc1cc(-c2cccc(-c3nnn(CC4CC4)n3)c2)n[nH]1)c1ccc(-c2nnnn2CC2CC2)nc1,7.428786
N[C@H](Cc1c[nH]c2ccccc12)CN(Cc1ccccc1)Cc1cccc(-c2cn(CC3CC3)cn2)c1,5.756805,N[C@H](Cc1c[nH]c2ccccc12)C(=O)N(Cc1ccccc1)Cc1cccc(-c2cn(CC3CC3)cn2)c1,5.679393
C[C@@H](NCC1CCN1)c1nc2c(C(=O)O)cccc2o1,5.484494,C[C@@H](NC(=O)C1CCN1)c1nc2c(C(=O)O)cccc2o1,5.638013
O=C(NC12CC(C1)C2)[C@H]1CCCN1C(=O)Nc1ccc(-c2cc(NC[C@@H]3Cc4ccccc4CN3)[nH]n2)cc1,7.372755,O=C(Nc1cc(-c2ccc(NC(=O)N3CCC[C@@H]3C(=O)NC34CC(C3)C4)cc2)n[nH]1)[C@@H]1Cc2ccccc2CN1,6.778853
O=Cc1cnccc1NCc1ccncc1,3.402078,O=Cc1cnccc1NC(=O)c1ccncc1,3.755695
c1cc2[nH]c(-c3ccc4nc(C5CNC5)oc4c3)nc2cc1CNC12CC(C1)C2,8.037229,O=C(NC12CC(C1)C2)c1ccc2[nH]c(-c3ccc4nc(C5CNC5)oc4c3)nc2c1,5.398356
c1ccc2c(c1)c(CCN(CC1CCN1)c1ncc3c(ccn3CC3CC3)n1)cn2CC1CC1,7.70457,O=C(C1CCN1)N(CCc1cn(CC2CC2)c2ccccc12)c1ncc2c(ccn2CC2CC2)n1,7.60739
c1cc(NCC2CNC2)cc(-c2ccc3nc(C4CCNCC4)oc3c2)c1,7.402335,O=C(Nc1cccc(-c2ccc3nc(C4CCNCC4)oc3c2)c1)C1CNC1,7.143123
O=C(Nc1nc(F)nc2c1ncn2Cc1ccc(-c2nnn(CC3CC3)n2)cc1)[C@@H]1CCCN1C[C@@H]1Cc2ccccc2CN1,7.855977,O=C(Nc1nc(F)nc2c1ncn2Cc1ccc(-c2nnn(CC3CC3)n2)cc1)[C@@H]1CCCN1C(=O)[C@@H]1Cc2ccccc2CN1,7.800979
c1cc2[nH]c(C3CNC3)nc2cc1CNc1cc(-c2ccc(CNC34CC(C3)C4)cc2)n[nH]1,8.043248,O=C(Nc1cc(-c2ccc(CNC34CC(C3)C4)cc2)n[nH]1)c1ccc2[nH]c(C3CNC3)nc2c1,7.764551
c1ccc2c(c1)c(CCNc1csc(NCc3ccc4oc(C5CNC5)nc4c3)n1)cn2CC1CC1,7.821095,O=C(Nc1nc(NCCc2cn(CC3CC3)c3ccccc23)cs1)c1ccc2oc(C3CNC3)nc2c1,7.83232
OB(O)c1cccc(NCc2ccc3nc(-c4ccc(CCl)cc4)oc3c2)c1,4.829026,O=C(Nc1cccc(B(O)O)c1)c1ccc2nc(-c3ccc(CCl)cc3)oc2c1,4.931061
Nc1cccnc1N1CCN(Cc2ccc3nc(-c4ccc(CO[C@H]5CN6CCC5CC6)cc4)[nH]c3c2)CC1,7.595536,Nc1cccnc1N1CCN(C(=O)c2ccc3nc(-c4ccc(CO[C@H]5CN6CCC5CC6)cc4)[nH]c3c2)CC1,7.396713
N#Cc1cccc(Cn2cc(CNCc3cccc(-c4cncc(-c5nnn(CC6CC6)n5)c4)c3)c3ccccc32)c1,7.298403,N#Cc1cccc(Cn2cc(CNC(=O)c3cccc(-c4cncc(-c5nnn(CC6CC6)n5)c4)c3)c3ccccc32)c1,7.621539
Fc1nc(NC[C@@H]2CCCN2)c2nc[nH]c2n1,3.512457,O=C(Nc1nc(F)nc2[nH]cnc12)[C@@H]1CCCN1,5.039946
c1ccc2c(c1)CN[C@H](CNc1ccc(NCc3c[nH]c4ccccc34)cc1)C2,6.970333,O=C(Nc1ccc(NCc2c[nH]c3ccccc23)cc1)[C@@H]1Cc2ccccc2CN1,7.191268
OB(O)c1cccc(NCc2ccc3oc(-c4ccc5nc([C@@H]6CCCN6)oc5c4)nc3c2)c1,6.130108,O=C(Nc1cccc(B(O)O)c1)c1ccc2oc(-c3ccc4nc([C@@H]5CCCN5)oc4c3)nc2c1,6.038286
N[C@@H](c1ccccc1)c1nc2cc(-c3cccc(NCC4CCN4)c3)ccc2o1,7.629081,N[C@@H](c1ccccc1)c1nc2cc(-c3cccc(NC(=O)C4CCN4)c3)ccc2o1,7.798942
Brc1ccc2oc([C@@H](NCc3cccc4oc(C5CNC5)nc34)c3ccccc3)nc2c1,6.729204,O=C(N[C@@H](c1ccccc1)c1nc2cc(Br)ccc2o1)c1cccc2oc(C3CNC3)nc12,6.2509
O=C(O)c1ccc(NCc2ccc3nc(C4CNC4)oc3c2)c(O)c1,6.38566,O=C(O)c1ccc(NC(=O)c2ccc3nc(C4CNC4)oc3c2)c(O)c1,6.138556
Fc1cncc(-c2cccc(CN(C[C@@H]3Cc4ccccc4CN3)c3ccc(-c4cnc(F)nc4)cc3)c2)c1,7.012549,O=C([C@@H]1Cc2ccccc2CN1)N(Cc1cccc(-c2cncc(F)c2)c1)c1ccc(-c2cnc(F)nc2)cc1,6.95927
O=C(NCCc1ccccc1-c1cccc(NCc2ccc3nc(C4CNC4)[nH]c3c2)c1)[C@H]1CCCNC1,7.842253,O=C(Nc1cccc(-c2ccccc2CCNC(=O)[C@H]2CCCNC2)c1)c1ccc2nc(C3CNC3)[nH]c2c1,7.901983
c1ccc2c(c1)c(CNCc1ccc3nc(-c4ccc5oc(C6CNC6)nc5c4)[nH]c3c1)cn2CC1CC1,7.97426,O=C(NCc1cn(CC2CC2)c2ccccc12)c1ccc2nc(-c3ccc4oc(C5CNC5)nc4c3)[nH]c2c1,8.167726
Nc1cc(-c2ccc(Nc3ccc(NCc4ccc(-c5nnn(CC6CC6)n5)nc4)cc3)nc2)n[nH]1,7.41377,Nc1cc(-c2ccc(Nc3ccc(NC(=O)c4ccc(-c5nnn(CC6CC6)n5)nc4)cc3)nc2)n[nH]1,7.346064
Fc1nc(NCC2CNC2)c2nc[nH]c2n1,4.30267,O=C(Nc1nc(F)nc2[nH]cnc12)C1CNC1,6.242824
O=C(NCCc1cn(CC2CC2)c2ccccc12)[C@H]1CCCN(Cc2ccc(-c3nnn(CC4CC4)n3)nc2)C1,8.096665,O=C(NCCc1cn(CC2CC2)c2ccccc12)[C@H]1CCCN(C(=O)c2ccc(-c3nnn(CC4CC4)n3)nc2)C1,7.911222
O=C(NCc1cn(CC2CC2)nn1)C1CCN(Cc2ccc(-c3nnn(CC4CC4)n3)nc2)CC1,7.975669,O=C(NCc1cn(CC2CC2)nn1)C1CCN(C(=O)c2ccc(-c3nnn(CC4CC4)n3)nc2)CC1,7.286714
O=C(O)[C@H](Cc1cn(CC2CC2)c2ccccc12)NCc1ccccn1,5.086304,O=C(N[C@@H](Cc1cn(CC2CC2)c2ccccc12)C(=O)O)c1ccccn1,5.135273
c1cc(-c2nnn(CC3CC3)n2)cc(-c2cccc3nc(C4CCN(C[C@@H]5Cc6ccccc6CN5)CC4)oc23)c1,8.054807,O=C([C@@H]1Cc2ccccc2CN1)N1CCC(c2nc3cccc(-c4cccc(-c5nnn(CC6CC6)n5)c4)c3o2)CC1,7.907166
N#Cc1cncc(-c2cccc(NCc3ccc(-c4nnn(CC5CC5)n4)nc3)c2)c1,7.448299,N#Cc1cncc(-c2cccc(NC(=O)c3ccc(-c4nnn(CC5CC5)n4)nc3)c2)c1,7.278288
O=C(NC12CC(C1)C2)c1cccc(-c2nc3c(CNCc4ccccc4)cccc3o2)c1,7.332594,O=C(NC12CC(C1)C2)c1cccc(-c2nc3c(C(=O)NCc4ccccc4)cccc3o2)c1,7.368233
c1ccc2c(c1)CN[C@H](CN(C[C@@H]1Cc3ccccc3CN1Cc1ccc(CO[C@H]3CN4CCC3CC4)cc1)C13CC(C1)C3)C2,7.074617,O=C(c1ccc(CO[C@H]2CN3CCC2CC3)cc1)N1Cc2ccccc2C[C@H]1CN(C[C@@H]1Cc2ccccc2CN1)C12CC(C1)C2,6.432863
O=C(NC12CC(C1)C2)c1ccc2nc(-c3ccc4nc([C@H]5CCCN5C[C@@H]5Cc6ccccc6CN5)oc4c3)oc2c1,7.861537,O=C(NC12CC(C1)C2)c1ccc2nc(-c3ccc4nc([C@H]5CCCN5C(=O)[C@@H]5Cc6ccccc6CN5)oc4c3)oc2c1,7.573572
O=C(Nc1cc(N2CCC2C(=O)NC2CC2)ccc1O)C1CCN1C[C@@H]1Cc2ccccc2CN1,6.917569,O=C(Nc1cc(N2CCC2C(=O)NC2CC2)ccc1O)C1CCN1C(=O)[C@@H]1Cc2ccccc2CN1,6.735956
OB(O)c1cccc(CNC23CC(C2)C3)c1,3.682083,O=C(NC12CC(C1)C2)c1cccc(B(O)O)c1,3.655218
C[C@H](NCc1ccc(N)c(O)c1)C(=O)O,2.741187,C[C@H](N)C(=O)Nc1ccc(C(=O)O)cc1O,2.83287
O=C(NC1(CNCCc2c[nH]c3ccccc23)CCC1)c1ccc(F)cc1,4.559226,O=C(NC1(C(=O)NCCc2c[nH]c3ccccc23)CCC1)c1ccc(F)cc1,6.234187
O=C(Nc1cc(Br)n[nH]1)C1CN(Cc2ccccc2NC[C@@H]2CCCN(C(=O)NCc3c[nH]c4ccccc34)C2)C1,6.389415,O=C(Nc1cc(Br)n[nH]1)C1CN(Cc2ccccc2NC(=O)[C@@H]2CCCN(C(=O)NCc3c[nH]c4ccccc34)C2)C1,6.719963
c1cc(NCc2ccc3[nH]c([C@H]4CCCN4)nc3c2)cc(-c2cncc(-c3nnn(CC4CC4)n3)c2)c1,8.131861,O=C(Nc1cccc(-c2cncc(-c3nnn(CC4CC4)n3)c2)c1)c1ccc2[nH]c([C@H]3CCCN3)nc2c1,7.479733
O=C(Nc1ccnc2ccccc12)[C@@H]1CCCN(Cc2ccc3nc(-c4ccc(-c5nnn(CC6CC6)n5)nc4)oc3c2)C1,8.040594,O=C(Nc1ccnc2ccccc12)[C@@H]1CCCN(C(=O)c2ccc3nc(-c4ccc(-c5nnn(CC6CC6)n5)nc4)oc3c2)C1,7.935145
Cc1cc(Br)cnc1NC[C@@H]1CCCN1,3.297675,Cc1cc(Br)cnc1NC(=O)[C@@H]1CCCN1,4.367629
C[C@H](NC(=O)c1ccc(COCC2CCCN(Cc3ccc(-c4nnn(CC5CC5)n4)nc3)C2)cc1)c1ccccc1,6.988004,C[C@H](NC(=O)c1ccc(COCC2CCCN(C(=O)c3ccc(-c4nnn(CC5CC5)n4)nc3)C2)cc1)c1ccccc1,7.80357
c1ccc2c(c1)CN[C@H](CNc1ccc(N3CC(c4nc5cc(CNC67CC(C6)C7)ccc5o4)C3)cc1)C2,7.361766,O=C(NC12CC(C1)C2)c1ccc2oc(C3CN(c4ccc(NC[C@@H]5Cc6ccccc6CN5)cc4)C3)nc2c1,6.9278
O=Cc1ccc(CN2CCC(O)CC2)cc1,3.564197,O=Cc1ccc(C(=O)N2CCC(O)CC2)cc1,3.645789
O=C(c1ccc2nc([C@H]3CCCN3Cc3ccc4nc(C5CNC5)oc4c3)oc2c1)N1CCNCC1,7.448083,O=C(c1ccc2nc(C3CNC3)oc2c1)N1CCN(C(=O)c2ccc3nc([C@H]4CCCN4)oc3c2)CC1,6.968047
O=C(NC1CC1)c1ccc2nc(-c3cccc(CN4CC(C(=O)Nc5ccnc6ccccc56)C4)c3)oc2c1,7.702917,O=C(NC1CC1)c1ccc2nc(-c3cccc(C(=O)N4CC(C(=O)Nc5ccnc6ccccc56)C4)c3)oc2c1,7.693247
NC1(CNc2cccc3cc[nH]c23)CCC1,2.716871,NC1(C(=O)Nc2cccc3cc[nH]c23)CCC1,3.548424
c1cc(-c2cc(NCc3ccc4nc(C5CNC5)oc4c3)[nH]n2)cc(-c2nnn(CC3CC3)n2)c1,8.258289,O=C(Nc1cc(-c2cccc(-c3nnn(CC4CC4)n3)c2)n[nH]1)c1ccc2nc(C3CNC3)oc2c1,7.499245
c1ccc2c(NC[C@@H](Cc3c[nH]c4ccccc34)NCc3ccc(-c4nnn(CC5CC5)n4)nc3)ccnc2c1,7.173276,O=C(N[C@@H](CNc1ccnc2ccccc12)Cc1c[nH]c2ccccc12)c1ccc(-c2nnn(CC3CC3)n2)nc1,7.373099
c1ccc2c(c1)CN[C@H](CN(Cc1ccc3oc(-c4ccc(-c5nnn(CC6CC6)n5)nc4)nc3c1)C13CC(C1)C3)C2,7.063394,O=C([C@@H]1Cc2ccccc2CN1)N(Cc1ccc2oc(-c3ccc(-c4nnn(CC5CC5)n4)nc3)nc2c1)C12CC(C1)C2,6.662608
Nc1ccc(NC(=O)C2CN(CC3CCN3)C2)cc1,5.078321,Nc1ccc(NC(=O)C2CN(C(=O)C3CCN3)C2)cc1,6.565703
C[C@H](CNc1cccc(B(O)O)c1)NCc1ccc2oc(C3CNC3)nc2c1,4.573904,C[C@H](CNc1cccc(B(O)O)c1)NC(=O)c1ccc2oc(C3CNC3)nc2c1,4.614491
C[C@@H](CNc1ccnc2ccccc12)NC(=O)C1CCN1C(=O)C1CNC1,5.347206,C[C@H](NC(=O)C1CCN1C(=O)C1CNC1)C(=O)Nc1ccnc2ccccc12,7.279772
O=C(O)[C@H]1CCCN1C[C@H]1CCCNC1,2.682122,O=C(O)[C@H]1CCCN(C(=O)[C@H]2CCCN2)C1,3.539642
Brc1c[nH]nc1Nc1ccc(NCc2ccc(-c3nnn(CC4CC4)n3)nc2)cc1,6.947585,O=C(Nc1ccc(Nc2n[nH]cc2Br)cc1)c1ccc(-c2nnn(CC3CC3)n2)nc1,7.013431
Fc1cnccc1-c1nc2ccc(-c3cccc(NCc4ccc(CO[C@H]5CN6CCC5CC6)cc4)c3)cc2o1,7.931803,O=C(Nc1cccc(-c2ccc3nc(-c4ccncc4F)oc3c2)c1)c1ccc(CO[C@H]2CN3CCC2CC3)cc1,7.957639
NC1(CNCc2c[nH]c3ccccc23)CCC1,3.394959,NC1(C(=O)NCc2c[nH]c3ccccc23)CCC1,3.775891
c1cc(NCc2ccc3[nH]c(C4CNC4)nc3c2)cc(-c2cc(NCC3CCN3)[nH]n2)c1,8.239732,O=C(Nc1cc(-c2cccc(NCc3ccc4[nH]c(C5CNC5)nc4c3)c2)n[nH]1)C1CCN1,8.167939
Cc1cc(N(Cc2cn(CC3CC3)c3ccccc23)C[C@@H]2Cc3ccccc3CN2)cnc1NC(=O)c1cccnc1,7.101732,Cc1cc(N(Cc2cn(CC3CC3)c3ccccc23)C(=O)[C@@H]2Cc3ccccc3CN2)cnc1NC(=O)c1cccnc1,6.776977
Nc1ccccc1CNC1(C(=O)O)CCC1,2.831961,NC1(C(=O)Nc2ccccc2C(=O)O)CCC1,3.280539
Fc1ccc(-c2ccc3nc([C@@H]4CCCN4Cc4ccc5oc(C6CNC6)nc5c4)oc3c2)cc1,7.463379,O=C(c1ccc2oc(C3CNC3)nc2c1)N1CCC[C@H]1c1nc2ccc(-c3ccc(F)cc3)cc2o1,7.029955
O=C(NC12CC(C1)C2)c1ccc2oc(-c3ccc4oc(-c5ccccc5NC[C@@H]5Cc6ccccc6CN5)nc4c3)nc2c1,7.691291,O=C(NC12CC(C1)C2)c1ccc2oc(-c3ccc4oc(-c5ccccc5NC(=O)[C@@H]5Cc6ccccc6CN5)nc4c3)nc2c1,6.578744
Nc1cc(CNc2ccc(C(=O)O)cc2O)ccc1O,3.949953,Nc1cc(C(=O)Nc2ccc(C(=O)O)cc2O)ccc1O,3.741971
O=C(NC1CC1)c1cccc(-c2cc(NCc3ccc4nc(C5CCNCC5)[nH]c4c3)[nH]n2)c1,7.945493,O=C(Nc1cc(-c2cccc(C(=O)NC3CC3)c2)n[nH]1)c1ccc2nc(C3CCNCC3)[nH]c2c1,7.67443
Nc1ccc(CN2CCC[C@H](O)C2)cc1O,3.164131,Nc1ccc(C(=O)N2CCC[C@H](O)C2)cc1O,3.469595
O=C([C@@H]1CCCN1)N1CCC[C@H]1CNc1cccc(B(O)O)c1,4.253845,O=C(Nc1cccc(B(O)O)c1)[C@@H]1CCCN1C(=O)[C@@H]1CCCN1,4.515668
N#Cc1ccc(CNc2cc(C(=O)NCc3c[nH]c4ccccc34)ccc2NCc2ccc(-c3nnn(CC4CC4)n3)nc2)cn1,7.403929,N#Cc1ccc(CNc2cc(C(=O)NCc3c[nH]c4ccccc34)ccc2NC(=O)c2ccc(-c3nnn(CC4CC4)n3)nc2)cn1,7.336967
O=C(NCc1ccccc1)c1ccccc1NCc1ccc2nc(C3CNC3)oc2c1,7.396489,O=C(Nc1ccccc1C(=O)NCc1ccccc1)c1ccc2nc(C3CNC3)oc2c1,7.561486
O=C(NC1CC1)c1ccc2nc(-c3cccc(CNCCc4cn(Cc5ccccc5)c5ccccc45)c3)oc2c1,7.477403,O=C(NCCc1cn(Cc2ccccc2)c2ccccc12)c1cccc(-c2nc3ccc(C(=O)NC4CC4)cc3o2)c1,7.69859
Nc1ccccc1-c1nc2ccc(CN3Cc4ccccc4C[C@H]3C(=O)O)cc2[nH]1,5.685858,Nc1ccccc1-c1nc2ccc(C(=O)N3Cc4ccccc4C[C@H]3C(=O)O)cc2[nH]1,5.756828
c1cc(-c2ccc3[nH]c(C4CN(C[C@@H]5Cc6ccccc6CN5)C4)nc3c2)cc(-c2nnn(CC3CC3)n2)c1,8.031873,O=C([C@@H]1Cc2ccccc2CN1)N1CC(c2nc3cc(-c4cccc(-c5nnn(CC6CC6)n5)c4)ccc3[nH]2)C1,7.67178
c1ccc2c(c1)c(CCNCc1ccc3[nH]c(-c4ccc(CO[C@H]5CN6CCC5CC6)cc4)nc3c1)cn2CC1CC1,8.10327,O=C(NCCc1cn(CC2CC2)c2ccccc12)c1ccc2[nH]c(-c3ccc(CO[C@H]4CN5CCC4CC5)cc3)nc2c1,8.211478
Fc1nc(NCC2CNC2)c2nc[nH]c2n1,4.30267,O=C(Nc1nc(F)nc2[nH]cnc12)C1CNC1,6.242824
C[C@H](NC(=O)[C@H]1CCCN(Cc2ccc3nc(C4CNC4)[nH]c3c2)C1)c1ccccc1,7.550738,C[C@H](NC(=O)[C@H]1CCCN(C(=O)c2ccc3nc(C4CNC4)[nH]c3c2)C1)c1ccccc1,7.518951
C[C@H](NC[C@H](NC(=O)C1CN(C[C@@H]2Cc3ccccc3CN2)C1)c1ccccc1)c1ccccc1,6.351861,C[C@@H](c1ccccc1)N(C[C@H](NC(=O)C1CNC1)c1ccccc1)C(=O)[C@@H]1Cc2ccccc2CN1,6.864615
CC1(C)OB(c2ccc(NCC3CCN3c3ccc(N)cc3)nc2)OC1(C)C,4.421927,CC1(C)OB(c2ccc(NC(=O)C3CCN3c3ccc(N)cc3)nc2)OC1(C)C,4.66711
c1cc(CNCc2cn(CC3CC3)c3ccccc23)c2nc(-c3ccc(CO[C@H]4CN5CCC4CC5)cc3)oc2c1,8.001407,O=C(NCc1cn(CC2CC2)c2ccccc12)c1cccc2oc(-c3ccc(CO[C@H]4CN5CCC4CC5)cc3)nc12,8.150676
O=C(Nc1cc(-c2cccc(NCc3ccc(-c4nnn(CC5CC5)n4)nc3)c2)n[nH]1)c1cncc(F)c1,7.81194,O=C(Nc1cccc(-c2cc(NC(=O)c3cncc(F)c3)[nH]n2)c1)c1ccc(-c2nnn(CC3CC3)n2)nc1,7.482632
O=C([C@@H]1Cc2ccccc2CN1)N1CC(CNc2cccc(B(O)O)c2)C1,5.234437,O=C(Nc1cccc(B(O)O)c1)C1CN(C(=O)[C@@H]2Cc3ccccc3CN2)C1,5.714025
N#Cc1ccc(CN2CC(c3nc4c(CN5CCC5C(=O)Nc5ccnc6ccccc56)cccc4o3)C2)cn1,6.974354,N#Cc1ccc(C(=O)N2CC(c3nc4c(CN5CCC5C(=O)Nc5ccnc6ccccc56)cccc4o3)C2)cn1,7.17119
O=C(Nc1ccnc2ccccc12)[C@@H]1Cc2ccccc2CN1Cc1ccc2nc(-c3ccc(-c4nnn(CC5CC5)n4)nc3)oc2c1,7.894221,O=C(Nc1ccnc2ccccc12)[C@@H]1Cc2ccccc2CN1C(=O)c1ccc2nc(-c3ccc(-c4nnn(CC5CC5)n4)nc3)oc2c1,7.341331
c1cc(NCc2ccc3oc([C@H]4CCCN4)nc3c2)cc(-c2cncc(-c3nnn(CC4CC4)n3)c2)c1,8.149622,O=C(Nc1cccc(-c2cncc(-c3nnn(CC4CC4)n3)c2)c1)c1ccc2oc([C@H]3CCCN3)nc2c1,7.59964
Fc1cccc(CN(C[C@@H]2CCCN2)C23CC(C2)C3)n1,4.82156,O=C([C@@H]1CCCN1)N(Cc1cccc(F)n1)C12CC(C1)C2,5.392792
O=C(Nc1ccc(-c2ccc(F)cc2)cc1)[C@@H]1CCCN1Cc1ccc(-c2nnn(CC3CC3)n2)nc1,7.924073,O=C(Nc1ccc(-c2ccc(F)cc2)cc1)[C@@H]1CCCN1C(=O)c1ccc(-c2nnn(CC3CC3)n2)nc1,7.141868
O=C(O[C@H]1CN2CCC1CC2)c1cccc(-c2ccc(NCc3ccc(O)c(NC(=O)[C@@H]4CCCNC4)c3)cc2)c1,7.355768,O=C(Nc1ccc(-c2cccc(C(=O)O[C@H]3CN4CCC3CC4)c2)cc1)c1ccc(O)c(NC(=O)[C@@H]2CCCNC2)c1,7.453405
OB(O)c1ccc(NCc2ccc3nc(C4CNC4)oc3c2)cc1,5.72774,O=C(Nc1ccc(B(O)O)cc1)c1ccc2nc(C3CNC3)oc2c1,5.957692
O=Cc1ccccc1CNc1cccc(B(O)O)c1,3.156113,O=Cc1ccccc1C(=O)Nc1cccc(B(O)O)c1,3.360862
c1ccc2c(c1)CN[C@H](CNc1ccc(-c3ccc(NCc4ccc5nc(C6CNC6)[nH]c5c4)cc3)cc1)C2,8.035789,O=C(Nc1ccc(-c2ccc(NCc3ccc4nc(C5CNC5)[nH]c4c3)cc2)cc1)[C@@H]1Cc2ccccc2CN1,7.809792
O=C(Nc1ccccn1)C1CCN(Cc2ccc3nc(-c4ccc(-c5nnn(CC6CC6)n5)nc4)oc3c2)CC1,7.934079,O=C(Nc1ccccn1)C1CCN(C(=O)c2ccc3nc(-c4ccc(-c5nnn(CC6CC6)n5)nc4)oc3c2)CC1,7.521216
O=C(O)[C@@H]1Cc2ccccc2CN1Cc1cccc(-c2cn(CC3CC3)cn2)c1,6.991612,O=C(O)[C@@H]1Cc2ccccc2CN1C(=O)c1cccc(-c2cn(CC3CC3)cn2)c1,6.979185
c1ccc(CNCc2ccc(-c3ccc(NCC4CCN4C[C@@H]4Cc5ccccc5CN4)cc3)cc2)cc1,7.547845,O=C([C@@H]1Cc2ccccc2CN1)N(CC1CCN1)c1ccc(-c2ccc(CNCc3ccccc3)cc2)cc1,7.124764
O=Cc1ccnc(-c2cccc(NCc3ccc4oc(-c5ccc6nc([C@H]7CCCN7)oc6c5)nc4c3)c2)c1,7.363932,O=Cc1ccnc(-c2cccc(NC(=O)c3ccc4oc(-c5ccc6nc([C@H]7CCCN7)oc6c5)nc4c3)c2)c1,7.164199
O=C1CN(C(=O)c2ccccc2NC[C@@H]2Cc3ccccc3CN2)C1,5.660128,O=C1CN(C(=O)c2ccccc2NC(=O)[C@@H]2Cc3ccccc3CN2)C1,6.144814
O=C(c1cccc(B(O)O)c1)N1CCN(Cc2ccc3oc(C4CNC4)nc3c2)CC1,6.233112,O=C(c1cccc(B(O)O)c1)N1CCN(C(=O)c2ccc3oc(C4CNC4)nc3c2)CC1,6.259304
O=C(c1ccc(CN(C[C@H]2CCCNC2)c2ccccn2)cc1)N1CCC(c2nc3ccccc3o2)CC1,6.297147,O=C(c1ccc(CN(C(=O)[C@H]2CCCNC2)c2ccccn2)cc1)N1CCC(c2nc3ccccc3o2)CC1,7.187538
OB(O)c1ccc(NCc2ccc3nc([C@@H]4CCCNC4)[nH]c3c2)cc1,5.048254,O=C(Nc1ccc(B(O)O)cc1)c1ccc2nc([C@@H]3CCCNC3)[nH]c2c1,5.225963
NC1(CN2CCC[C@@H]2C(=O)O)CCC1,2.013566,NC1(C(=O)N2CCC[C@@H]2C(=O)O)CCC1,2.545539
FC(F)(F)c1ccc(CNCc2cccc(-c3ccc(NCC4CNC4)cc3)c2)cc1,7.009412,O=C(NCc1ccc(C(F)(F)F)cc1)c1cccc(-c2ccc(NCC3CNC3)cc2)c1,7.492908
O=C(NC1CC1)c1ccccc1NCc1ccc(-c2nnn(CC3CC3)n2)nc1,7.948874,O=C(Nc1ccccc1C(=O)NC1CC1)c1ccc(-c2nnn(CC3CC3)n2)nc1,7.730189
Nc1cc(CN2CCC(=O)CC2)ccc1O,3.334624,Nc1cc(C(=O)N2CCC(=O)CC2)ccc1O,3.343428
O=C(O)c1ccc(Cn2cc(CNCc3ccc4nc(-c5ccc(CO[C@H]6CN7CCC6CC7)cc5)oc4c3)c3ccccc32)cc1,7.528427,O=C(O)c1ccc(Cn2cc(CNC(=O)c3ccc4nc(-c5ccc(CO[C@H]6CN7CCC6CC7)cc5)oc4c3)c3ccccc32)cc1,7.761633
c1ccc2c(c1)c(CCNCc1ccc(CO[C@H]3CN4CCC3CC4)cc1)cn2CC1CC1,7.948444,O=C(NCCc1cn(CC2CC2)c2ccccc12)c1ccc(CO[C@H]2CN3CCC2CC3)cc1,7.942151
O=C(c1cccc(-c2cc(NC[C@@H]3Cc4ccccc4CN3)[nH]n2)c1)N1CC(CNc2ccnc3ccccc23)C1,7.831596,O=C(Nc1cc(-c2cccc(C(=O)N3CC(CNc4ccnc5ccccc45)C3)c2)n[nH]1)[C@@H]1Cc2ccccc2CN1,7.82319
O=C(NCCc1ccccc1Br)c1ccccc1NCC1CNC1,5.853864,O=C(NCCc1ccccc1Br)c1ccccc1NC(=O)C1CNC1,6.654514
C[C@@H](NCc1ccc2nc(-c3ccc(C(=O)N[C@H](C)c4ccccc4)cc3)oc2c1)c1ccccc1,7.114135,C[C@@H](NC(=O)c1ccc(-c2nc3ccc(C(=O)N[C@H](C)c4ccccc4)cc3o2)cc1)c1ccccc1,7.264272
c1ccc(NCc2ccc3oc(-c4ccc5nc(-c6ccc(CO[C@H]7CN8CCC7CC8)cc6)oc5c4)nc3c2)nc1,8.062199,O=C(Nc1ccccn1)c1ccc2oc(-c3ccc4nc(-c5ccc(CO[C@H]6CN7CCC6CC7)cc5)oc4c3)nc2c1,7.906199
N#Cc1ccc(Cn2cc(CCNCc3cccc4oc(C5CNC5)nc34)c3ccccc32)cc1,6.958158,N#Cc1ccc(Cn2cc(CCNC(=O)c3cccc4oc(C5CNC5)nc34)c3ccccc32)cc1,7.086897
c1ccc2c(NCc3cccc4oc(C5CNC5)nc34)ccnc2c1,7.2653,O=C(Nc1ccnc2ccccc12)c1cccc2oc(C3CNC3)nc12,7.334495
O=C(O)[C@@H](NCc1ccc2nc(-c3cccc4oc(C5CNC5)nc34)oc2c1)c1ccccc1,6.658638,O=C(N[C@H](C(=O)O)c1ccccc1)c1ccc2nc(-c3cccc4oc(C5CNC5)nc34)oc2c1,6.727397
N#Cc1cccc(-c2cc(NCc3ccc(C=O)cc3)[nH]n2)c1,4.906797,N#Cc1cccc(-c2cc(NC(=O)c3ccc(C=O)cc3)[nH]n2)c1,5.598449
Brc1c[nH]nc1NCc1ccc2nc(C3CNC3)[nH]c2c1,6.361819,O=C(Nc1n[nH]cc1Br)c1ccc2nc(C3CNC3)[nH]c2c1,6.496448
O=Cc1ccnc(-c2cccc(NCC3CNC3)c2)c1,5.95664,O=Cc1ccnc(-c2cccc(NC(=O)C3CNC3)c2)c1,6.7913
O=C(NCc1c[nH]c2ccccc12)[C@H]1CCCN1Cc1ccc2nc(-c3ccc(-c4nnn(CC5CC5)n4)nc3)oc2c1,7.995358,O=C(NCc1c[nH]c2ccccc12)[C@H]1CCCN1C(=O)c1ccc2nc(-c3ccc(-c4nnn(CC5CC5)n4)nc3)oc2c1,7.755989
O=C(O)c1cccc(N2CCC[C@H](CNCCc3c[nH]c4ccccc34)C2)n1,5.032473,O=C(NCCc1c[nH]c2ccccc12)c1cccc(N2CCC[C@H](C(=O)O)C2)n1,4.890277
O=C1CN(C(=O)N2CCC(CNc3ccc(B(O)O)cc3)CC2)C1,4.207812,O=C1CN(C(=O)N2CCC(C(=O)Nc3ccc(B(O)O)cc3)CC2)C1,4.597412
O=C1CN(Cc2ccc(CNC34CC(C3)C4)cc2)C1,5.571293,O=C1CN(Cc2ccc(C(=O)NC34CC(C3)C4)cc2)C1,5.167932
Brc1cc(NCC2CNC2)[nH]n1,4.091902,O=C(Nc1cc(Br)n[nH]1)C1CNC1,5.488888
O=C(O)C1CCN1Cc1ccccc1CO[C@@H]1CCNC1,4.515738,O=C(O)C1CCN1C(=O)c1ccccc1CO[C@@H]1CCNC1,4.426332
c1ccc2c(c1)c(CNCc1ccc3nc(-c4ccc5[nH]c(C6CCN6)nc5c4)oc3c1)cn2CC1CC1,7.899605,O=C(NCc1cn(CC2CC2)c2ccccc12)c1ccc2nc(-c3ccc4[nH]c(C5CCN5)nc4c3)oc2c1,8.127275
OB(O)c1ccc(NCC2CCNCC2)cc1,3.105767,O=C(Nc1ccc(B(O)O)cc1)C1CCNCC1,4.45733
O=C(c1cccc(B(O)O)c1)N1CCC[C@@H](CNCCc2c[nH]c3ccccc23)C1,4.705817,O=C(NCCc1c[nH]c2ccccc12)[C@@H]1CCCN(C(=O)c2cccc(B(O)O)c2)C1,5.210547
Oc1cc(-c2cccc(CNc3ccnc4ccccc34)c2)ccc1NCC1CNC1,7.311082,O=C(Nc1ccnc2ccccc12)c1cccc(-c2ccc(NCC3CNC3)c(O)c2)c1,7.464758
O=C(O)[C@@H]1CCCN1Cc1ccc2oc([C@@H](NC[C@@H]3Cc4ccccc4CN3)c3ccccc3)nc2c1,6.027154,O=C(N[C@@H](c1ccccc1)c1nc2cc(CN3CCC[C@H]3C(=O)O)ccc2o1)[C@@H]1Cc2ccccc2CN1,5.92662
O=C1Cc2ccc(C(=O)Cn3ccc4cccc(NCc5ccc6nc(C7CNC7)oc6c5)c43)cc2N1,7.427608,O=C1Cc2ccc(C(=O)Cn3ccc4cccc(NC(=O)c5ccc6nc(C7CNC7)oc6c5)c43)cc2N1,7.583234
O=C(c1cncc(F)c1)N1CC(CN(CCc2cn(CC3CC3)c3ccccc23)C[C@@H]2Cc3ccccc3CN2)C1,6.922779,O=C(c1cncc(F)c1)N1CC(CN(CCc2cn(CC3CC3)c3ccccc23)C(=O)[C@@H]2Cc3ccccc3CN2)C1,7.077381
O=C(O)c1ccc2nc(-c3ccc(CNc4cccc(-c5cc(NC[C@@H]6Cc7ccccc7CN6)[nH]n5)c4)cc3)oc2c1,7.65032,O=C(O)c1ccc(-c2nc3ccc(C(=O)Nc4cccc(-c5cc(NC[C@@H]6Cc7ccccc7CN6)[nH]n5)c4)cc3o2)cc1,7.829276
C#CCNC[C@@H]1Cc2ccccc2CN1,4.936561,C#CCNC(=O)[C@@H]1Cc2ccccc2CN1,5.069632
N#Cc1cc(-c2ccc(NC[C@@H]3Cc4ccccc4CN3)cc2)ccc1F,6.521655,N#Cc1cc(-c2ccc(NC(=O)[C@@H]3Cc4ccccc4CN3)cc2)ccc1F,6.796551
O=C(Nc1cccc2ccn(Cc3ccc(-c4nnn(CC5CC5)n4)cc3)c12)N1CCN(C[C@@H]2Cc3ccccc3CN2)CC1,8.001107,O=C(Nc1cccc2ccn(Cc3ccc(-c4nnn(CC5CC5)n4)cc3)c12)N1CCN(C(=O)[C@@H]2Cc3ccccc3CN2)CC1,7.98316
c1cc(NCc2cccc3oc(C4CNC4)nc23)cc(-c2ccc(NCC3CCN3)cc2)c1,8.095744,O=C(Nc1ccc(-c2cccc(NCc3cccc4oc(C5CNC5)nc34)c2)cc1)C1CCN1,7.981535
c1cncc(-c2ccccc2CCNCC2CCN2)c1,6.099137,O=C(NCCc1ccccc1-c1cccnc1)C1CCN1,6.740031
OCC1CN(c2ccc(NCc3ccc4[nH]c(C5CNC5)nc4c3)cc2)C1,7.103136,O=C(Nc1ccc(N2CC(CO)C2)cc1)c1ccc2[nH]c(C3CNC3)nc2c1,6.793641
c1cc(NCc2ccc3nc([C@H]4CCCN4)oc3c2)cc(-c2ccccc2CCNC[C@@H]2Cc3ccccc3CN2)c1,7.730413,O=C(NCCc1ccccc1-c1cccc(NCc2ccc3nc([C@H]4CCCN4)oc3c2)c1)[C@@H]1Cc2ccccc2CN1,7.820938
C[C@H](NC(=O)[C@@H]1CCCN(Cc2ccc(CNCc3ccccc3)cc2)C1)C(=O)Nc1cccc2cc[nH]c12,6.97394,C[C@H](NC(=O)[C@@H]1CCCN(Cc2ccc(C(=O)NCc3ccccc3)cc2)C1)C(=O)Nc1cccc2cc[nH]c12,7.024916
Brc1cc(NCc2cccc3oc(C4CNC4)nc23)[nH]n1,6.382753,O=C(Nc1cc(Br)n[nH]1)c1cccc2oc(C3CNC3)nc12,6.534893
O=C(NCc1c[nH]c2ccccc12)C1CCN(C[C@@H]2CCCN2Cc2ccc3oc(C4CNC4)nc3c2)CC1,7.69543,O=C(NCc1c[nH]c2ccccc12)C1CCN(C(=O)[C@@H]2CCCN2Cc2ccc3oc(C4CNC4)nc3c2)CC1,7.870498
C[C@H](NCc1ccc2nc([C@H]3CCCN3)oc2c1)c1nc2cc(Br)ccc2[nH]1,6.400253,C[C@H](NC(=O)c1ccc2nc([C@H]3CCCN3)oc2c1)c1nc2cc(Br)ccc2[nH]1,6.677181
O=C(NC1(C(=O)Nc2cccc(-c3cnc(F)nc3)c2)CCC1)[C@H]1CCCN1C[C@@H]1Cc2ccccc2CN1,7.566217,O=C(NC1(C(=O)Nc2cccc(-c3cnc(F)nc3)c2)CCC1)[C@H]1CCCN1C(=O)[C@@H]1Cc2ccccc2CN1,7.419287
c1ccc2c(c1)c(CCNCc1ccc3oc(C4CNC4)nc3c1)cn2Cc1ccc(-c2nnnn2CC2CC2)cc1,7.838626,O=C(NCCc1cn(Cc2ccc(-c3nnnn3CC3CC3)cc2)c2ccccc12)c1ccc2oc(C3CNC3)nc2c1,7.954675
O=C(O)C1CCN1CC1CCNCC1,2.535262,O=C(O)C1CCN(C(=O)C2CCN2)CC1,4.303701
O=C(Nc1cc(-c2cccc(NCc3cccc4oc([C@@H]5CCCN5)nc34)c2)n[nH]1)C1CNC1,8.080948,O=C(Nc1cccc(-c2cc(NC(=O)C3CNC3)[nH]n2)c1)c1cccc2oc([C@@H]3CCCN3)nc12,7.88695
O=C(NCc1ccccc1)C1CN(C(=O)c2ccccc2NC(=O)C2CCN(C[C@@H]3Cc4ccccc4CN3)CC2)C1,7.366599,O=C(NCc1ccccc1)C1CN(C(=O)c2ccccc2NC(=O)C2CCN(C(=O)[C@@H]3Cc4ccccc4CN3)CC2)C1,7.236726
O=C(O)c1ccc(NCc2ccc(O)c(NC(=O)[C@H]3CCCN3)c2)c(O)c1,5.260113,O=C(O)c1ccc(NC(=O)c2ccc(O)c(NC(=O)[C@H]3CCCN3)c2)c(O)c1,5.22754
c1cc(NCc2ccccc2NCC2CNC2)cc(-c2cc(NCC3CNC3)[nH]n2)c1,7.694461,O=C(Nc1ccccc1CNc1cccc(-c2cc(NCC3CNC3)[nH]n2)c1)C1CNC1,7.859002
O=C(Nc1ccc(-c2cccnc2)cc1O)[C@@H]1Cc2ccccc2CN1Cc1ccc(CO[C@H]2CN3CCC2CC3)cc1,7.556455,O=C(Nc1ccc(-c2cccnc2)cc1O)[C@@H]1Cc2ccccc2CN1C(=O)c1ccc(CO[C@H]2CN3CCC2CC3)cc1,7.423731
c1cc(NCC2CN(C[C@@H]3Cc4ccccc4CN3)C2)cc(-c2ccc3oc(C4CNC4)nc3c2)c1,8.07028,O=C(Nc1cccc(-c2ccc3oc(C4CNC4)nc3c2)c1)C1CN(C[C@@H]2Cc3ccccc3CN2)C1,7.949063
O=C(O)c1ccc2oc(C3(NCc4cccc5oc(C6CNC6)nc45)CCC3)nc2c1,6.954559,O=C(O)c1ccc2oc(C3(NC(=O)c4cccc5oc(C6CNC6)nc45)CCC3)nc2c1,6.614806
N#Cc1ccc(CNc2ccc(Nc3cccnc3NCCc3cn(CC4CC4)c4ccccc34)cc2)cn1,6.526094,N#Cc1ccc(C(=O)Nc2ccc(Nc3cccnc3NCCc3cn(CC4CC4)c4ccccc34)cc2)cn1,6.871522
Brc1cc(CN2CCC2CNc2ccc(-c3cccc(-c4nnn(CC5CC5)n4)c3)cc2)ccn1,7.485843,O=C(Nc1ccc(-c2cccc(-c3nnn(CC4CC4)n3)c2)cc1)C1CCN1Cc1ccnc(Br)c1,7.184051
O=C1CCN(Cc2ccc(-c3nc4ccc(C(=O)O)cc4o3)cc2)C1,5.031672,O=C1CCN(C(=O)c2ccc(-c3nc4ccc(C(=O)O)cc4o3)cc2)C1,4.90479
O=C(NCCc1c[nH]c2ccccc12)c1cccc(-c2cc(NCc3ccc(CO[C@H]4CN5CCC4CC5)cc3)[nH]n2)c1,7.985194,O=C(NCCc1c[nH]c2ccccc12)c1cccc(-c2cc(NC(=O)c3ccc(CO[C@H]4CN5CCC4CC5)cc3)[nH]n2)c1,8.143437
O=C1CN(C(=O)Nc2ccc(-c3cccc(NCc4ccc(-c5nnn(CC6CC6)n5)nc4)c3)cc2)C1,7.67899,O=C1CN(C(=O)Nc2ccc(-c3cccc(NC(=O)c4ccc(-c5nnn(CC6CC6)n5)nc4)c3)cc2)C1,7.263921
O=C(Nc1ccnc2ccccc12)[C@H]1CCCN1Cc1cccc2oc(-c3ccc(CO[C@H]4CN5CCC4CC5)cc3)nc12,7.984736,O=C(Nc1ccnc2ccccc12)[C@H]1CCCN1C(=O)c1cccc2oc(-c3ccc(CO[C@H]4CN5CCC4CC5)cc3)nc12,7.815546
O=C(O)c1ccc(N2CCC[C@H]2CNCc2ccccc2)cc1,5.48958,O=C(NCc1ccccc1)c1ccc(N2CCC[C@H]2C(=O)O)cc1,5.241689
OB(O)c1cccc(N(C[C@@H]2Cc3ccccc3CN2)c2ccc(C3=NCCc4ccccc43)cc2)c1,5.604566,O=C([C@@H]1Cc2ccccc2CN1)N(c1ccc(C2=NCCc3ccccc32)cc1)c1cccc(B(O)O)c1,5.318102
c1cc(-c2nnn(Cc3ccc(-c4nnn(CC5CC5)n4)cc3)n2)ccc1CO[C@@H]1CCN(CC2CCN2)C1,7.642375,O=C(C1CCN1)N1CC[C@@H](OCc2ccc(-c3nnn(Cc4ccc(-c5nnn(CC6CC6)n5)cc4)n3)cc2)C1,7.965488
C[C@@H](NC[C@@H]1Cc2ccccc2CN1Cc1ccc2oc(-c3ccc(-c4nnn(CC5CC5)n4)nc3)nc2c1)c1ccccc1,7.739219,C[C@@H](NC[C@@H]1Cc2ccccc2CN1C(=O)c1ccc2oc(-c3ccc(-c4nnn(CC5CC5)n4)nc3)nc2c1)c1ccccc1,7.336245
OB(O)c1ccc(NCC2(NCc3ccccc3CCl)CCC2)cc1,3.674778,O=C(Nc1ccc(B(O)O)cc1)C1(NCc2ccccc2CCl)CCC1,4.4536
O=Cc1cncc(-c2ccc(CN3CC(CNCc4ccc(C(F)(F)F)cc4)C3)cc2)c1,5.989088,O=Cc1cncc(-c2ccc(CN3CC(C(=O)NCc4ccc(C(F)(F)F)cc4)C3)cc2)c1,6.249463
O=C(Nc1cccc(-c2cnc(F)nc2)c1)C1CN(Cc2ccc3nc([C@H]4CCCN4)oc3c2)C1,7.516092,O=C(Nc1cccc(-c2cnc(F)nc2)c1)C1CN(C(=O)c2ccc3nc([C@H]4CCCN4)oc3c2)C1,7.419452
C[C@@H](CN(C[C@@H]1Cc2ccccc2CN1)c1ccnc2ccccc12)NC(=O)C1CCN1C(=O)C1CNC1,6.409222,C[C@@H](CN(C(=O)[C@@H]1Cc2ccccc2CN1)c1ccnc2ccccc12)NC(=O)C1CCN1C(=O)C1CNC1,6.596338
N#Cc1ccc(Cn2nnc(-c3ccccc3Cn3cc(CNCc4ccc(-c5nnn(CC6CC6)n5)nc4)c4ccccc43)n2)cc1,7.383078,N#Cc1ccc(Cn2nnc(-c3ccccc3Cn3cc(CNC(=O)c4ccc(-c5nnn(CC6CC6)n5)nc4)c4ccccc43)n2)cc1,7.560986
O=C(O)c1ccc2nc(-c3ccc(CNCCc4ccccc4)cc3)oc2c1,5.884924,O=C(O)c1ccc(-c2nc3ccc(C(=O)NCCc4ccccc4)cc3o2)cc1,6.21975
C[C@@H](NC(=O)C1CCN(Cc2ccc(-c3nnn(CC4CC4)n3)nc2)CC1)c1ccccc1,7.795999,C[C@@H](NC(=O)C1CCN(C(=O)c2ccc(-c3nnn(CC4CC4)n3)nc2)CC1)c1ccccc1,7.311412
c1ccc2c(c1)CN[C@H](CN1Cc3ccccc3C[C@H]1CNc1cccc3ccn(Cc4ccc(-c5nnn(CC6CC6)n5)cc4)c13)C2,7.730481,O=C([C@@H]1Cc2ccccc2CN1)N(C[C@@H]1Cc2ccccc2CN1)c1cccc2ccn(Cc3ccc(-c4nnn(CC5CC5)n4)cc3)c12,7.875993
Cc1cc(-c2cccc(NCc3ccc(-c4nc5cc(-c6nnn(CC7CC7)n6)ccc5o4)cc3)c2)cnc1F,7.555276,Cc1cc(-c2cccc(NC(=O)c3ccc(-c4nc5cc(-c6nnn(CC7CC7)n6)ccc5o4)cc3)c2)cnc1F,7.450141
Nc1cc(N2CCC[C@@H]2CNc2cccc(-c3cc(NC(=O)C4CNC4)[nH]n3)c2)n[nH]1,7.416543,Nc1cc(N2CCC[C@@H]2C(=O)Nc2cccc(-c3cc(NC(=O)C4CNC4)[nH]n3)c2)n[nH]1,7.197489
Cc1cc(-c2ccc(N)cc2)cnc1NCc1ccc(CCl)cc1,5.390003,Cc1cc(-c2ccc(N)cc2)cnc1NC(=O)c1ccc(CCl)cc1,5.32749
c1cc(NC[C@@H]2Cc3ccccc3CN2)cc(-c2cccc3nc(-c4cccc5oc([C@H]6CCCNC6)nc45)oc23)c1,7.601624,O=C(Nc1cccc(-c2cccc3nc(-c4cccc5oc([C@H]6CCCNC6)nc45)oc23)c1)[C@@H]1Cc2ccccc2CN1,7.624047
C[C@H](NCC1CN(Cc2ccc(C#N)nc2)C1)c1ccccc1,5.216771,C[C@H](NC(=O)C1CN(Cc2ccc(C#N)nc2)C1)c1ccccc1,5.576302
OB(O)c1ccc(NCc2cccc(-c3ccc4nc(-c5ccc(CCl)cc5)[nH]c4c3)c2)cc1,5.343371,O=C(Nc1ccc(B(O)O)cc1)c1cccc(-c2ccc3nc(-c4ccc(CCl)cc4)[nH]c3c2)c1,5.555196
ClCc1ccccc1CNc1ccnc2ccccc12,4.481369,O=C(Nc1ccnc2ccccc12)c1ccccc1CCl,4.717468
c1cc2nc(C3CNC3)[nH]c2cc1CNc1ccc(-c2ccc(NCC3CCN3)cc2)cc1,8.046771,O=C(Nc1ccc(-c2ccc(NCC3CCN3)cc2)cc1)c1ccc2nc(C3CNC3)[nH]c2c1,7.096291
O=C(NCc1ccc(C(F)(F)F)cc1)c1ccc2oc(C3CN(Cc4ccc5[nH]c(C6CNC6)nc5c4)C3)nc2c1,7.619956,O=C(NCc1ccc(C(F)(F)F)cc1)c1ccc2oc(C3CN(C(=O)c4ccc5[nH]c(C6CNC6)nc5c4)C3)nc2c1,7.674965
O=C(O)c1ccc2nc(C3(NC[C@@H]4Cc5ccccc5CN4)CCC3)oc2c1,6.485183,O=C(O)c1ccc2nc(C3(NC(=O)[C@@H]4Cc5ccccc5CN4)CCC3)oc2c1,6.483457
O=Cc1ccnc(-c2ccc(NC[C@@H]3Cc4ccccc4CN3)cc2)c1,6.463416,O=Cc1ccnc(-c2ccc(NC(=O)[C@@H]3Cc4ccccc4CN3)cc2)c1,6.798794
c1cc2oc(-c3ccc4nc(-c5ccc6nc(C7CCN7)oc6c5)[nH]c4c3)nc2cc1CNC12CC(C1)C2,8.072278,O=C(NC12CC(C1)C2)c1ccc2oc(-c3ccc4nc(-c5ccc6nc(C7CCN7)oc6c5)[nH]c4c3)nc2c1,4.146293
C[C@@H](NCc1ccc(-c2nnn(CC3CC3)n2)nc1)C(=O)N1CCC(CNCCc2ccccc2)CC1,6.492404,C[C@@H](NC(=O)c1ccc(-c2nnn(CC3CC3)n2)nc1)C(=O)N1CCC(CNCCc2ccccc2)CC1,7.122282
O=C(NC1CC1)C1(NC[C@@H]2Cc3ccccc3CN2)CCC1,7.297097,O=C(NC1(C(=O)NC2CC2)CCC1)[C@@H]1Cc2ccccc2CN1,7.354725
O=C(O)c1cccc(N2CC(CNc3cccc(B(O)O)c3)C2)n1,3.642793,O=C(Nc1cccc(B(O)O)c1)c1cccc(N2CC(C(=O)O)C2)n1,4.312806
c1ccc2c(CNCc3cccc4oc(C5CNC5)nc34)c[nH]c2c1,7.168141,O=C(NCc1c[nH]c2ccccc12)c1cccc2oc(C3CNC3)nc12,7.257523
c1ccc2c(c1)CN[C@H](CN1CCC1c1nc3cc(-c4nc5ccc(CNC67CC(C6)C7)cc5o4)ccc3o1)C2,7.611393,O=C([C@@H]1Cc2ccccc2CN1)N(Cc1ccc2nc(-c3ccc4oc(C5CCN5)nc4c3)oc2c1)C12CC(C1)C2,7.256346
Brc1ccc2oc(C3(NC[C@@H]4CCCN4Cc4ccc5oc(C6CNC6)nc5c4)CCC3)nc2c1,7.475633,O=C(NC1(c2nc3cc(Br)ccc3o2)CCC1)[C@@H]1CCCN1Cc1ccc2oc(C3CNC3)nc2c1,7.497356
O=C(NC1CC1)c1ccc(-c2nc3cc(CNc4cc(Br)n[nH]4)ccc3o2)cc1,7.221515,O=C(Nc1cc(Br)n[nH]1)c1ccc2oc(-c3ccc(C(=O)NC4CC4)cc3)nc2c1,6.814215
O=Cc1cccc(CNc2cc(Br)n[nH]2)c1,3.299633,O=Cc1cccc(C(=O)Nc2cc(Br)n[nH]2)c1,3.834386
O=C(Nc1ccnc2ccccc12)C1CCN(Cc2cccc3oc(C4CNC4)nc23)CC1,7.761903,O=C(Nc1ccnc2ccccc12)C1CCN(C(=O)c2cccc3oc(C4CNC4)nc23)CC1,7.610479
OB(O)c1cccc(NCc2ccc(F)c(F)c2F)c1,3.206592,O=C(Nc1cccc(B(O)O)c1)c1ccc(F)c(F)c1F,3.205405
c1ccc(CNc2ccc(NCc3ccc(CN(C[C@@H]4Cc5ccccc5CN4)C45CC(C4)C5)cc3)cc2)cc1,7.586694,O=C([C@@H]1Cc2ccccc2CN1)N(Cc1ccc(CNC23CC(C2)C3)cc1)c1ccc(NCc2ccccc2)cc1,7.337167
OB(O)c1cccc(NCc2ccc3oc(-c4ccc(-c5nnn(CC6CC6)n5)nc4)nc3c2)c1,6.525818,O=C(Nc1cccc(B(O)O)c1)c1ccc2oc(-c3ccc(-c4nnn(CC5CC5)n4)nc3)nc2c1,6.375519
Cc1cc(-c2ccc(F)cc2)cnc1NCC1CN(Cc2ccc3nc([C@@H]4CCCN4)oc3c2)C1,7.141769,Cc1cc(-c2ccc(F)cc2)cnc1N(CC1CNC1)C(=O)c1ccc2nc([C@@H]3CCCN3)oc2c1,6.269047
O=C(C1CCN1CC1CCN1)N1CCC1CNc1cccc2cc[nH]c12,6.847672,O=C(C1CCN1)N(CC1CCN1C(=O)C1CCN1)c1cccc2cc[nH]c12,6.61059
O=C(O)C1CCN(C[C@@H](NC2CCCNC2)c2ccccc2)CC1,3.902201,O=C(O)C1CCN(C(=O)[C@@H](NC2CCCNC2)c2ccccc2)CC1,4.246237
OB(O)c1ccc(NCc2ccc3oc(C4CNC4)nc3c2)cc1,5.664691,O=C(Nc1ccc(B(O)O)cc1)c1ccc2oc(C3CNC3)nc2c1,5.80783
FC(F)(F)c1ccc(CNCC2CCN(CC3CCN3)CC2)cc1,6.123873,O=C(C1CCN1)N(Cc1ccc(C(F)(F)F)cc1)CC1CCNCC1,5.20841
O=C1CCN(CC2CN(Cc3c[nH]c4ccccc34)C2)C1,4.063748,O=C1CCN(C(=O)C2CN(Cc3c[nH]c4ccccc34)C2)C1,4.635779
N#Cc1ncccc1NCc1cccc(C=O)c1,3.73239,N#Cc1ncccc1NC(=O)c1cccc(C=O)c1,4.064409
C[C@H](CN1CC(CO)C1)NC(=O)Nc1cc(-c2cccc(NC[C@@H]3Cc4ccccc4CN3)c2)ccc1O,5.78359,C[C@@H](NC(=O)Nc1cc(-c2cccc(NC[C@@H]3Cc4ccccc4CN3)c2)ccc1O)C(=O)N1CC(CO)C1,6.342996
c1ccc(C[C@@H](CNc2ccc(-c3cn(CC4CC4)cn3)cc2)NC[C@@H]2Cc3ccccc3CN2)cc1,7.558916,O=C(N[C@H](CNc1ccc(-c2cn(CC3CC3)cn2)cc1)Cc1ccccc1)[C@@H]1Cc2ccccc2CN1,7.558006
c1ccc2c(CCNCc3ccc4nc(C5CCN5)[nH]c4c3)c[nH]c2c1,6.922977,O=C(NCCc1c[nH]c2ccccc12)c1ccc2nc(C3CCN3)[nH]c2c1,7.182221
N#Cc1cccc(C(=O)Cn2cc(CNC(=O)C3CN(c4ccc(NCc5ccc(CCl)cc5)cc4)C3)nn2)c1,5.79456,N#Cc1cccc(C(=O)Cn2cc(CNC(=O)C3CN(c4ccc(NC(=O)c5ccc(CCl)cc5)cc4)C3)nn2)c1,6.106398
O=C(c1ccc(N(Cc2ccc(CO[C@H]3CN4CCC3CC4)cc2)c2ccnc3ccccc23)cc1)N1CCC[C@@H]1CO,7.023866,O=C(c1ccc(CO[C@H]2CN3CCC2CC3)cc1)N(c1ccc(C(=O)N2CCC[C@@H]2CO)cc1)c1ccnc2ccccc12,6.851322
O=C(NC1CC1)c1ccc2oc(-c3cccc(CNc4ccc(B(O)O)cc4)c3)nc2c1,6.229128,O=C(Nc1ccc(B(O)O)cc1)c1cccc(-c2nc3cc(C(=O)NC4CC4)ccc3o2)c1,6.387471
CC(=O)c1cccc(-c2ccccc2CCNCc2ccc(-c3nnn(CC4CC4)n3)nc2)c1,6.795642,CC(=O)c1cccc(-c2ccccc2CCNC(=O)c2ccc(-c3nnn(CC4CC4)n3)nc2)c1,6.893729
c1cncc(-c2ccc(NCc3cccc4oc(C5CNC5)nc34)cc2)c1,7.767543,O=C(Nc1ccc(-c2cccnc2)cc1)c1cccc2oc(C3CNC3)nc12,7.39858
C[C@H](NCc1ccc(C#N)nc1)c1ccccc1,4.421904,C[C@H](NC(=O)c1ccc(C#N)nc1)c1ccccc1,4.809696
O=C(O)c1cccc(-c2ncccc2NCc2cccc3oc(C4CNC4)nc23)c1,6.459611,O=C(O)c1cccc(-c2ncccc2NC(=O)c2cccc3oc(C4CNC4)nc23)c1,6.470531
Fc1ccc(CNc2cccc(-c3cc(NCc4ccc5[nH]c(C6CNC6)nc5c4)[nH]n3)c2)cc1,7.762066,O=C(Nc1cc(-c2cccc(NCc3ccc(F)cc3)c2)n[nH]1)c1ccc2[nH]c(C3CNC3)nc2c1,7.723333
O=Cc1ccnc(-c2cccc(NCc3ccccc3CCl)c2)c1,4.902147,O=Cc1ccnc(-c2cccc(NC(=O)c3ccccc3CCl)c2)c1,4.589929
O=[N+]([O-])c1cc(Cn2nnc(-c3cccc(-c4ccc(NCC5CCN5)cc4)c3)n2)ccc1NCc1c[nH]c2ccccc12,7.047139,O=C(Nc1ccc(-c2cccc(-c3nnn(Cc4ccc(NCc5c[nH]c6ccccc56)c([N+](=O)[O-])c4)n3)c2)cc1)C1CCN1,7.20546
N[C@H](c1ccccc1)c1nc2cc(CN[C@@H](Cc3c[nH]c4ccccc34)C(=O)O)ccc2o1,4.721212,N[C@@H](Cc1c[nH]c2ccccc12)C(=O)N[C@H](c1ccccc1)c1nc2cc(C(=O)O)ccc2o1,4.536261
OB(O)c1ccc(N(Cc2ccc(-c3nnn(CC4CC4)n3)nc2)Cc2nc3ccccc3[nH]2)cc1,5.865058,O=C(c1ccc(-c2nnn(CC3CC3)n2)nc1)N(Cc1nc2ccccc2[nH]1)c1ccc(B(O)O)cc1,5.81585
O=C(N1CCNCC1)C1(N(Cc2ccc3nc(C4CNC4)oc3c2)C[C@@H]2Cc3ccccc3CN2)CCC1,7.121354,O=C([C@@H]1Cc2ccccc2CN1)N(Cc1ccc2nc(C3CNC3)oc2c1)C1(C(=O)N2CCNCC2)CCC1,7.086269
Fc1cccc(-c2nc3cc(-c4ccc(NCc5ccc6nc([C@@H]7CCCN7)oc6c5)cc4)ccc3o2)n1,7.481188,O=C(Nc1ccc(-c2ccc3oc(-c4cccc(F)n4)nc3c2)cc1)c1ccc2nc([C@@H]3CCCN3)oc2c1,7.274551
O=C(NC1CC1)c1cccc(-c2nc3c(CNC45CC(C4)C5)cccc3o2)c1,7.838564,O=C(NC1CC1)c1cccc(-c2nc3c(C(=O)NC45CC(C4)C5)cccc3o2)c1,7.580519
c1cc2nc(C3CNC3)oc2cc1CNc1ccc(-c2ccc(NC3CCNC3)cc2)cc1,7.70626,O=C(Nc1ccc(-c2ccc(NC3CCNC3)cc2)cc1)c1ccc2nc(C3CNC3)oc2c1,6.694113
O=C(NC1CC1)c1ccc(Nc2ccccc2CCNC[C@@H]2Cc3ccccc3CN2C[C@@H]2Cc3ccccc3CN2)c(O)c1,7.133636,O=C(NC1CC1)c1ccc(N(C(=O)[C@@H]2Cc3ccccc3CN2)c2ccccc2CCNC[C@@H]2Cc3ccccc3CN2)c(O)c1,6.656396
Nc1n[nH]cc1-c1cccc(NC(=O)Nc2ccc(-c3cccc(NCC4CCN4)c3)cc2)c1,7.422519,Nc1cccc(-c2ccc(NC(=O)Nc3cccc(-c4c[nH]nc4NC(=O)C4CCN4)c3)cc2)c1,7.27913
C#CCNCc1ccc(O)c(N)c1,3.220004,C#CCNC(=O)c1ccc(O)c(N)c1,3.222244
c1cc(-c2cccc3nc(C4CCN4)oc23)cc(N(CC2CNC2)C[C@@H]2Cc3ccccc3CN2)c1,7.755299,O=C([C@@H]1Cc2ccccc2CN1)N(CC1CNC1)c1cccc(-c2cccc3nc(C4CCN4)oc23)c1,7.539771
CC(=O)c1cccc(-c2cnc(NCc3ccc(CO[C@H]4CN5CCC4CC5)cc3)c(C)c2)c1,7.221701,CC(=O)c1cccc(-c2cnc(NC(=O)c3ccc(CO[C@H]4CN5CCC4CC5)cc3)c(C)c2)c1,7.244541
O=C(O)c1ccc2nc(-c3ccc(CNCCc4c[nH]c5ccccc45)cc3)oc2c1,5.943868,O=C(O)c1ccc(-c2nc3ccc(C(=O)NCCc4c[nH]c5ccccc45)cc3o2)cc1,6.365629
C[C@@H](NCc1cccc2oc(-c3ccc(COCC4CN(C[C@@H]5Cc6ccccc6CN5)C4)cc3)nc12)c1ccccc1,7.372823,C[C@@H](NCc1cccc2oc(-c3ccc(COCC4CN(C(=O)[C@@H]5Cc6ccccc6CN5)C4)cc3)nc12)c1ccccc1,7.455897
O=C(O)c1ccc(Cn2nnc(-c3cccc(-c4ccc(NCC5CNC5)cc4)c3)n2)cc1,6.944782,O=C(O)c1ccc(Cn2nnc(-c3cccc(-c4ccc(NC(=O)C5CNC5)cc4)c3)n2)cc1,7.270522
O=Cc1cnccc1NC1CCN(Cc2ccc(Cn3cc(CNC(=O)C4CNC4)c4ccccc43)cc2)C1,7.127204,O=Cc1cnccc1N(C(=O)c1ccc(Cn2cc(CNC(=O)C3CNC3)c3ccccc32)cc1)C1CCNC1,6.906216
C#Cc1csc(NCc2ccc(C=O)cc2)n1,3.650456,C#Cc1csc(NC(=O)c2ccc(C=O)cc2)n1,4.153016
COc1ccc(CN(C[C@@H]2Cc3ccccc3CN2)c2cnc(NC(=O)c3cccc(NC45CC(C4)C5)n3)c(C)c2)cc1,6.808208,COc1ccc(CN(C(=O)[C@@H]2Cc3ccccc3CN2)c2cnc(NC(=O)c3cccc(NC45CC(C4)C5)n3)c(C)c2)cc1,6.849668
Brc1cccc2nc([C@@H](NCC3CCN3)c3ccccc3)oc12,5.86672,O=C(N[C@@H](c1ccccc1)c1nc2cccc(Br)c2o1)C1CCN1,6.110806
O=Cc1cccc(CN2CCC2C(=O)N2CC(COCc3ccc(C(=O)NC4CC4)cc3)C2)c1,6.764405,O=Cc1cccc(C(=O)N2CCC2C(=O)N2CC(COCc3ccc(C(=O)NC4CC4)cc3)C2)c1,7.05093
OB(O)c1cccc(NCc2ccc(CNc3cccc(-c4cc(NC[C@@H]5Cc6ccccc6CN5)[nH]n4)c3)cc2)c1,6.710476,O=C(Nc1cccc(-c2cc(NC[C@@H]3Cc4ccccc4CN3)[nH]n2)c1)c1ccc(CNc2cccc(B(O)O)c2)cc1,6.887135
N[C@H](CN1Cc2ccccc2C[C@H]1C(=O)O)c1ccccc1,4.317041,N[C@H](C(=O)N1Cc2ccccc2C[C@H]1C(=O)O)c1ccccc1,5.020151
Cc1cc(Br)cnc1NCc1ccc(C=O)cc1,3.673105,Cc1cc(Br)cnc1NC(=O)c1ccc(C=O)cc1,3.802434
O=C(O)C1CCN1Cc1ccc(O)c(NCc2ccc(CCl)cc2)c1,4.634704,O=C(Nc1cc(CN2CCC2C(=O)O)ccc1O)c1ccc(CCl)cc1,4.663147
c1ccc(Cn2ccc3cccc(Nc4ccc(CNc5ccccn5)cc4)c32)nc1,5.238482,O=C(Nc1ccccn1)c1ccc(Nc2cccc3ccn(Cc4ccccn4)c23)cc1,5.432854
O=C(O)C1(NCc2ccc3nc(-c4cc[nH]n4)oc3c2)CCC1,4.258348,O=C(NC1(C(=O)O)CCC1)c1ccc2nc(-c3cc[nH]n3)oc2c1,5.200441
O=C(O)c1ccc(O)c(NCc2ccc3nc([C@@H]4CCCN4)oc3c2)c1,6.022346,O=C(O)c1ccc(O)c(NC(=O)c2ccc3nc([C@@H]4CCCN4)oc3c2)c1,6.015272
O=C(NC1CC1)c1ccc(Cn2ccc3cccc(NCc4ccc5nc(C6CNC6)oc5c4)c32)cc1,7.840838,O=C(Nc1cccc2ccn(Cc3ccc(C(=O)NC4CC4)cc3)c12)c1ccc2nc(C3CNC3)oc2c1,8.049817
c1cc(NCc2ccc(COCC3CNC3)cc2)c2[nH]ccc2c1,6.50703,O=C(Nc1cccc2cc[nH]c12)c1ccc(COCC2CNC2)cc1,7.107294
OB(O)c1ccc(NCc2cccc(B(O)O)c2)cc1,2.933523,O=C(Nc1ccc(B(O)O)cc1)c1cccc(B(O)O)c1,3.140896
c1ccc2c(CCNCC3CCN3)c[nH]c2c1,5.784147,O=C(NCCc1c[nH]c2ccccc12)C1CCN1,6.382794
O=C(Nc1cc(-c2cccc(CNCCc3c[nH]c4ccccc34)c2)n[nH]1)C1CNC1,7.809785,O=C(NCCc1c[nH]c2ccccc12)c1cccc(-c2cc(NC(=O)C3CNC3)[nH]n2)c1,8.002208
Brc1ccc2oc(C3(NC[C@@H]4Cc5ccccc5CN4)CCC3)nc2c1,6.803833,O=C(NC1(c2nc3cc(Br)ccc3o2)CCC1)[C@@H]1Cc2ccccc2CN1,6.836187
O=Cc1cnccc1NCc1ccc2nc(-c3ccc(C(=O)NC4CC4)cc3)oc2c1,7.121315,O=Cc1cnccc1NC(=O)c1ccc2nc(-c3ccc(C(=O)NC4CC4)cc3)oc2c1,7.015395
NCCc1ccccc1NCc1ccc2oc(-c3ccc(CO[C@H]4CN5CCC4CC5)cc3)nc2c1,7.24102,NCCc1ccccc1NC(=O)c1ccc2oc(-c3ccc(CO[C@H]4CN5CCC4CC5)cc3)nc2c1,7.310457
O=Cc1cnccc1NCc1ccc(CCl)cc1,3.636117,O=Cc1cnccc1NC(=O)c1ccc(CCl)cc1,3.931321
c1cc(-c2cc(NCc3ccc4nc(C5CCNCC5)[nH]c4c3)[nH]n2)cc(-c2nnn(CC3CC3)n2)c1,8.102024,O=C(Nc1cc(-c2cccc(-c3nnn(CC4CC4)n3)c2)n[nH]1)c1ccc2nc(C3CCNCC3)[nH]c2c1,7.821772
C[C@H](NCc1ccc2nc([C@@H]3CCCN3Cc3cccc4oc(C5CNC5)nc34)oc2c1)c1ccccc1,7.589764,C[C@@H](c1ccccc1)N(Cc1ccc2nc([C@@H]3CCCN3)oc2c1)C(=O)c1cccc2oc(C3CNC3)nc12,7.461265
O=C(NC12CC(C1)C2)c1ccc(Cn2nnc(-c3cccc(-c4cc(NCC5CCN5)[nH]n4)c3)n2)cc1,7.879476,O=C(NC12CC(C1)C2)c1ccc(Cn2nnc(-c3cccc(-c4cc(NC(=O)C5CCN5)[nH]n4)c3)n2)cc1,7.64534
O=C(NC1CC1)c1ccc(O)c(NCc2cccc(-c3ccc(NCC4CCN4)cc3)c2)c1,7.714747,O=C(Nc1cc(C(=O)NC2CC2)ccc1O)c1cccc(-c2ccc(NCC3CCN3)cc2)c1,7.535119
O=C(NC12CC(C1)C2)c1ccc2oc(-c3cccc(CNc4cccc(B(O)O)c4)c3)nc2c1,6.040112,O=C(Nc1cccc(B(O)O)c1)c1cccc(-c2nc3cc(C(=O)NC45CC(C4)C5)ccc3o2)c1,6.127998
O=C(NC1CC1)c1ccccc1NC(=O)[C@H]1CCCN(Cc2ccc(-c3nnn(CC4CC4)n3)nc2)C1,7.940376,O=C(NC1CC1)c1ccccc1NC(=O)[C@H]1CCCN(C(=O)c2ccc(-c3nnn(CC4CC4)n3)nc2)C1,7.375889
c1ccc2c(c1)c(CCNCC1CCN(Cc3ccc4nc(C5CNC5)oc4c3)CC1)cn2CC1CC1,7.844504,O=C(NCCc1cn(CC2CC2)c2ccccc12)C1CCN(Cc2ccc3nc(C4CNC4)oc3c2)CC1,8.054248
c1ccc(CO[C@@H]2CCN(Cc3ccc4oc(-c5ccc(-c6nnn(CC7CC7)n6)nc5)nc4c3)C2)nc1,7.799344,O=C(c1ccc2oc(-c3ccc(-c4nnn(CC5CC5)n4)nc3)nc2c1)N1CC[C@@H](OCc2ccccn2)C1,7.453257
Nc1ccccc1CNc1cccc2cc[nH]c12,4.055626,Nc1ccccc1C(=O)Nc1cccc2cc[nH]c12,4.410562
c1ccc(NCc2ccc(-c3ccc(NCc4ccc(-c5nnn(CC6CC6)n5)nc4)cc3)cc2)nc1,8.047166,O=C(Nc1ccc(-c2ccc(CNc3ccccn3)cc2)cc1)c1ccc(-c2nnn(CC3CC3)n2)nc1,7.902697
NC1(c2nc3cc(CN4CC(C(=O)Nc5cc(Br)n[nH]5)C4)ccc3o2)CCC1,5.069305,NC1(c2nc3cc(C(=O)N4CC(C(=O)Nc5cc(Br)n[nH]5)C4)ccc3o2)CCC1,5.648983
c1cc(CN[C@@H](Cc2c[nH]c3ccccc23)C2=NCCc3ccccc32)cc(-c2ccc3[nH]c(C4CNC4)nc3c2)c1,7.472348,O=C(N[C@@H](Cc1c[nH]c2ccccc12)C1=NCCc2ccccc21)c1cccc(-c2ccc3[nH]c(C4CNC4)nc3c2)c1,7.607996
Fc1nc(N(Cc2ccc(CO[C@H]3CN4CCC3CC4)cc2)C[C@@H]2Cc3ccccc3CN2)c2nc[nH]c2n1,7.357899,O=C([C@@H]1Cc2ccccc2CN1)N(Cc1ccc(CO[C@H]2CN3CCC2CC3)cc1)c1nc(F)nc2[nH]cnc12,7.41191
O=C(Nc1cccc(-c2ncccc2NCc2cccc3oc(C4CNC4)nc23)c1)C1CNC1,7.889285,O=C(Nc1cccnc1-c1cccc(NC(=O)C2CNC2)c1)c1cccc2oc(C3CNC3)nc12,5.920204
CC1(C)OB(c2ccc(NCc3ccc4oc(-c5ccc6nc([C@H]7CCCN7)oc6c5)nc4c3)nc2)OC1(C)C,6.306195,CC1(C)OB(c2ccc(NC(=O)c3ccc4oc(-c5ccc6nc([C@H]7CCCN7)oc6c5)nc4c3)nc2)OC1(C)C,6.445054
C[C@H](NCc1ccc2nc([C@@H]3CCCN3)oc2c1)c1ccccc1,6.537382,C[C@H](NC(=O)c1ccc2nc([C@@H]3CCCN3)oc2c1)c1ccccc1,7.062679
CC1(C)OB(c2ccc(NCc3ccc(C#N)nc3)nc2)OC1(C)C,3.978275,CC1(C)OB(c2ccc(NC(=O)c3ccc(C#N)nc3)nc2)OC1(C)C,4.121125
NCCc1ccccc1-c1cccc(NCc2ccc3nc(C4CNC4)oc3c2)c1,6.973877,NCCc1ccccc1-c1cccc(NC(=O)c2ccc3nc(C4CNC4)oc3c2)c1,7.028993
N#Cc1ccc(CN2CCC(NCc3cn(CC4CC4)c4ccccc34)C2)cn1,6.875051,N#Cc1ccc(C(=O)N(Cc2cn(CC3CC3)c3ccccc23)C2CCNC2)cn1,6.661407
Nc1ccc(-c2cccc(NCc3ccccc3CCl)c2)cc1,5.179116,Nc1ccc(-c2cccc(NC(=O)c3ccccc3CCl)c2)cc1,4.720618
Cc1cc(NC23CC(C2)C3)cnc1N(Cc1ccccn1)CC1CCN1,6.147577,Cc1cc(N(C(=O)C2CCN2)C23CC(C2)C3)cnc1NCc1ccccn1,6.323259
O=Cc1ccnc(-c2cccc(NCc3ccc4nc(-c5ccc(COCC6CNC6)cc5)oc4c3)c2)c1,7.511126,O=Cc1ccnc(-c2cccc(NC(=O)c3ccc4nc(-c5ccc(COCC6CNC6)cc5)oc4c3)c2)c1,7.572922
c1cc2cc(-c3c[nH]nc3N(Cc3ccc4nc(C5CNC5)[nH]c4c3)CC3CNC3)ccc2[nH]1,6.728198,O=C(C1CNC1)N(Cc1ccc2nc(C3CNC3)[nH]c2c1)c1n[nH]cc1-c1ccc2[nH]ccc2c1,7.314554
O=C(Nc1ccc(-c2ccc(CNC34CC(C3)C4)cc2)cc1)[C@H]1CCCN1C[C@@H]1Cc2ccccc2CN1,7.86658,O=C(Nc1ccc(-c2ccc(CN(C(=O)[C@@H]3Cc4ccccc4CN3)C34CC(C3)C4)cc2)cc1)[C@H]1CCCN1,7.598412
N#Cc1ccccc1Cn1ccc2cc(-c3cc(NCC4CCN4)[nH]n3)ccc21,7.168893,N#Cc1ccccc1Cn1ccc2cc(-c3cc(NC(=O)C4CCN4)[nH]n3)ccc21,7.354894
Fc1ncccc1-c1cccc(NCc2ccc3nc(C4CNC4)oc3c2)c1,7.760972,O=C(Nc1cccc(-c2cccnc2F)c1)c1ccc2nc(C3CNC3)oc2c1,7.746369
c1ccc(CNCc2ccc3[nH]c(C4CCN4Cc4ccc5oc([C@@H]6CCCN6)nc5c4)nc3c2)cc1,7.287448,O=C(NCc1ccccc1)c1ccc2[nH]c(C3CCN3Cc3ccc4oc([C@@H]5CCCN5)nc4c3)nc2c1,7.467
O=C(O)c1ccc2[nH]c([C@H](NCC3CNC3)c3ccccc3)nc2c1,5.003486,O=C(O)c1ccc2[nH]c([C@H](NC(=O)C3CNC3)c3ccccc3)nc2c1,5.732687
N[C@@H](CNc1n[nH]cc1Br)c1ccccc1,3.032441,N[C@@H](C(=O)Nc1n[nH]cc1Br)c1ccccc1,4.15578
O=C(O)[C@H]1CCCN(C(=O)C2(NC[C@@H](NCC3CCN3)c3ccccc3)CCC2)C1,5.356153,O=C(N[C@H](CNC1(C(=O)N2CCC[C@H](C(=O)O)C2)CCC1)c1ccccc1)C1CCN1,5.530808
Brc1ccc2nc(-c3cnccc3NC[C@H]3CCCNC3)oc2c1,5.336604,O=C(Nc1ccncc1-c1nc2ccc(Br)cc2o1)[C@H]1CCCNC1,5.953051
Oc1c(Br)cccc1NCc1ccc2[nH]c(C3CNC3)nc2c1,6.518669,O=C(Nc1cccc(Br)c1O)c1ccc2[nH]c(C3CNC3)nc2c1,6.470163
O=C(N[C@H](CNc1cccc(B(O)O)c1)c1ccccc1)C1CNC1,4.804267,O=C(N[C@H](C(=O)Nc1cccc(B(O)O)c1)c1ccccc1)C1CNC1,5.039171
O=C(C1CN(Cc2ccc(-c3nnn(CC4CC4)n3)nc2)C1)N1CCC(Nc2ccnc3ccccc23)C1,7.914037,O=C(C1CNC1)N1CCC(N(C(=O)c2ccc(-c3nnn(CC4CC4)n3)nc2)c2ccnc3ccccc23)C1,6.593963
O=Cc1c[nH]c2cc(-c3ccc(NC(=O)[C@@H](NCc4ccc(-c5nnn(CC6CC6)n5)nc4)c4ccccc4)cc3)ccc12,7.269768,O=Cc1c[nH]c2cc(-c3ccc(NC(=O)[C@@H](NC(=O)c4ccc(-c5nnn(CC6CC6)n5)nc4)c4ccccc4)cc3)ccc12,6.805791
O=C(NC1CC1)c1ccc2nc([C@H]3CCCN3Cc3ccc(-c4nnn(CC5CC5)n4)nc3)oc2c1,8.130807,O=C(NC1CC1)c1ccc2nc([C@H]3CCCN3C(=O)c3ccc(-c4nnn(CC5CC5)n4)nc3)oc2c1,6.890273
Brc1ccc(NCc2ccc(CNC34CC(C3)C4)cc2)cc1,6.550046,O=C(Nc1ccc(Br)cc1)c1ccc(CNC23CC(C2)C3)cc1,6.641837
O=Cc1ccnc(N2CCC(CNCc3cn(Cc4ccc(-c5nnn(CC6CC6)n5)cc4)c4ccccc34)CC2)c1,7.14145,O=Cc1ccnc(N2CCC(C(=O)NCc3cn(Cc4ccc(-c5nnn(CC6CC6)n5)cc4)c4ccccc34)CC2)c1,7.392902
c1ccc2c(c1)CN[C@H](CN(c1ccc(-c3cn(CC4CC4)nn3)cc1)C1CCNC1)C2,7.3979,O=C([C@@H]1Cc2ccccc2CN1)N(c1ccc(-c2cn(CC3CC3)nn2)cc1)C1CCNC1,7.143965
O=C(Nc1ccccc1CNCCc1cn(CC2CC2)c2ccccc12)C1CCN1,7.648597,O=C(NCCc1cn(CC2CC2)c2ccccc12)c1ccccc1NC(=O)C1CCN1,7.782845
OB(O)c1ccc(NC[C@@H]2Cc3ccccc3CN2)cc1,4.803607,O=C(Nc1ccc(B(O)O)cc1)[C@@H]1Cc2ccccc2CN1,5.015574
O=C(O)[C@H](NCc1ccc2nc([C@H]3CCCN3)oc2c1)c1ccccc1,5.578936,O=C(N[C@@H](C(=O)O)c1ccccc1)c1ccc2nc([C@H]3CCCN3)oc2c1,5.974345
OB(O)c1ccc(NCc2ccc3nc(-c4ccccc4)oc3c2)cc1,4.958993,O=C(Nc1ccc(B(O)O)cc1)c1ccc2nc(-c3ccccc3)oc2c1,5.256351
c1ccc2c(c1)CN[C@H](CNc1cc(-c3nnn(CC4CC4)n3)n[nH]1)C2,8.041672,O=C(Nc1cc(-c2nnn(CC3CC3)n2)n[nH]1)[C@@H]1Cc2ccccc2CN1,7.871879
c1ccc(NCc2cccc3oc(C4CNC4)nc23)nc1,7.076807,O=C(Nc1ccccn1)c1cccc2oc(C3CNC3)nc12,7.096673
O=C(Nc1ccc(-c2cccc(NCC3CNC3)c2)cc1)Nc1cccc2cc[nH]c12,7.587389,O=C(Nc1ccc(-c2cccc(NC(=O)C3CNC3)c2)cc1)Nc1cccc2cc[nH]c12,7.551243
O=C(Nc1cccc2cc[nH]c12)[C@H]1CCCN(C(=O)[C@H](Cc2c[nH]c3ccccc23)NC(=O)C2(NC[C@@H]3Cc4ccccc4CN3)CCC2)C1,7.221888,O=C(Nc1cccc2cc[nH]c12)[C@H]1CCCN(C(=O)[C@H](Cc2c[nH]c3ccccc23)NC(=O)C2(NC(=O)[C@@H]3Cc4ccccc4CN3)CCC2)C1,7.272296
O=C(c1ccc(CCl)cc1)N1Cc2ccccc2C[C@H]1CNc1cc(-c2cccc(NC[C@@H]3Cc4ccccc4CN3)c2)n[nH]1,7.358987,O=C(Nc1cc(-c2cccc(NC[C@@H]3Cc4ccccc4CN3)c2)n[nH]1)[C@@H]1Cc2ccccc2CN1C(=O)c1ccc(CCl)cc1,7.360623
C#CCNCc1ccccc1CNc1cccc(B(O)O)c1,3.897123,C#CCNC(=O)c1ccccc1CNc1cccc(B(O)O)c1,3.821207
c1cc(Cn2cc(CNCc3ccc4nc(C5CNC5)[nH]c4c3)c3ccccc32)cc(-c2nnn(CC3CC3)n2)c1,8.049781,O=C(NCc1cn(Cc2cccc(-c3nnn(CC4CC4)n3)c2)c2ccccc12)c1ccc2nc(C3CNC3)[nH]c2c1,8.136202
OB(O)c1cccc(NCc2cccc3oc(-c4ccc(CO[C@H]5CN6CCC5CC6)cc4)nc23)c1,6.582138,O=C(Nc1cccc(B(O)O)c1)c1cccc2oc(-c3ccc(CO[C@H]4CN5CCC4CC5)cc3)nc12,6.596169
C#Cc1ccc(NCc2cccc3oc(C4CNC4)nc23)c(O)c1,6.934188,C#Cc1ccc(NC(=O)c2cccc3oc(C4CNC4)nc23)c(O)c1,6.86308
C[C@@H](c1ccccc1)N(Cc1ccc(-c2nc3cc(C(=O)Nc4ccccn4)ccc3o2)cc1)C[C@@H]1Cc2ccccc2CN1,7.223345,C[C@@H](c1ccccc1)N(Cc1ccc(-c2nc3cc(C(=O)Nc4ccccn4)ccc3o2)cc1)C(=O)[C@@H]1Cc2ccccc2CN1,7.329875
O=C(O)C1(NCc2ccc(CNc3cccc(B(O)O)c3)cc2)CCC1,4.147924,O=C(NC1(C(=O)O)CCC1)c1ccc(CNc2cccc(B(O)O)c2)cc1,4.668479
O=C(O)c1ccc(CN(C[C@@H]2Cc3ccccc3CN2)c2cccc(B(O)O)c2)cc1,4.644662,O=C(O)[C@@H]1Cc2ccccc2CN1C(=O)c1ccc(CNc2cccc(B(O)O)c2)cc1,4.931523
c1cc(NCc2ccc(-c3nnn(CC4CC4)n3)nc2)cc(-c2ccc3nc(-c4cccnc4)oc3c2)c1,7.981359,O=C(Nc1cccc(-c2ccc3nc(-c4cccnc4)oc3c2)c1)c1ccc(-c2nnn(CC3CC3)n2)nc1,7.715333
O=C(O)c1ccc2nc(-c3cccc(CNc4ccc(Br)cc4)c3)oc2c1,5.628447,O=C(O)c1ccc2nc(-c3cccc(C(=O)Nc4ccc(Br)cc4)c3)oc2c1,5.8029
O=C(Nc1ccccn1)N1CCC[C@H](CN(C[C@@H]2Cc3ccccc3CN2)c2cccc(-c3ccc(O)nc3)c2)C1,7.17295,O=C(Nc1ccccn1)N1CCC[C@H](CN(C(=O)[C@@H]2Cc3ccccc3CN2)c2cccc(-c3ccc(O)nc3)c2)C1,7.179379
Nc1c(O)cccc1CNC1CC1,2.670714,Nc1c(O)cccc1C(=O)NC1CC1,4.24307
O=C(NC1CC1)c1ccc2oc(C3CN(c4ccc(NC[C@@H]5Cc6ccccc6CN5)cc4)C3)nc2c1,7.179164,O=C(NC1CC1)c1ccc2oc(C3CN(c4ccc(NC(=O)[C@@H]5Cc6ccccc6CN5)cc4)C3)nc2c1,6.7216
O=C(NCc1ccccc1)C1CCN1C(=O)C1CN(Cc2ccc3nc(C4CNC4)[nH]c3c2)C1,7.562257,O=C(NCc1ccccc1)C1CCN1C(=O)C1CN(C(=O)c2ccc3nc(C4CNC4)[nH]c3c2)C1,6.932642
O=C(NCc1c[nH]c2ccccc12)N1CC(CNCCc2c[nH]c3ccccc23)C1,6.203596,O=C(NCCc1c[nH]c2ccccc12)C1CN(C(=O)NCc2c[nH]c3ccccc23)C1,6.691936
c1cc(NCC2CCN2)cc(-c2ccc3oc(-c4ccc(CO[C@H]5CCCNC5)cc4)nc3c2)c1,7.370169,O=C(Nc1cccc(-c2ccc3oc(-c4ccc(CO[C@H]5CCCNC5)cc4)nc3c2)c1)C1CCN1,7.430752
O=C(NCc1ccccc1)c1ccc(-c2nc3ccc(-c4ccc(NCC5CNC5)cc4)cc3o2)cc1,7.905246,O=C(NCc1ccccc1)c1ccc(-c2nc3ccc(-c4ccc(NC(=O)C5CNC5)cc4)cc3o2)cc1,7.622308
O=C(O)c1ccc(NCC2CCNCC2)c(O)c1,3.471265,O=C(O)c1ccc(NC(=O)C2CCNCC2)c(O)c1,4.698438
CC1(C)OB(c2ccc(NCc3ccccc3NCc3ccc(CO[C@H]4CN5CCC4CC5)cc3)nc2)OC1(C)C,6.233358,CC1(C)OB(c2ccc(NCc3ccccc3NC(=O)c3ccc(CO[C@H]4CN5CCC4CC5)cc3)nc2)OC1(C)C,6.436321
O[C@H]1CCCN(Cc2ccccc2NCc2ccc(-c3nnn(CC4CC4)n3)nc2)C1,6.549891,O=C(Nc1ccccc1CN1CCC[C@H](O)C1)c1ccc(-c2nnn(CC3CC3)n2)nc1,6.622008
O=C(Nc1ccc(-c2ccc3nc(-c4nc5ccccc5[nH]4)oc3c2)cc1)[C@H]1CCCN1CC1CCN1,7.60176,O=C(Nc1ccc(-c2ccc3nc(-c4nc5ccccc5[nH]4)oc3c2)cc1)[C@H]1CCCN1C(=O)C1CCN1,6.86668
c1cc(Nc2ccc3c(CNC45CC(C4)C5)c[nH]c3c2)cc(-c2ccc(NC[C@@H]3CCCNC3)cc2)c1,6.861205,O=C(Nc1ccc(-c2cccc(Nc3ccc4c(CNC56CC(C5)C6)c[nH]c4c3)c2)cc1)[C@@H]1CCCNC1,7.636619
O=C(Nc1cc(-c2cccc(CN3CCC(Nc4ccnc5ccccc45)C3)c2)n[nH]1)C1CNC1,7.925344,O=C(Nc1cc(-c2cccc(C(=O)N(c3ccnc4ccccc34)C3CCNC3)c2)n[nH]1)C1CNC1,7.853045
N[C@@H](c1ccccc1)c1nc2cc(CNCCc3c[nH]c4ccccc34)ccc2o1,5.567214,N[C@@H](c1ccccc1)c1nc2cc(C(=O)NCCc3c[nH]c4ccccc34)ccc2o1,6.092722
O=Cc1cccc(CNc2ccccc2C(=O)O)c1,3.522686,O=Cc1cccc(C(=O)Nc2ccccc2C(=O)O)c1,3.859996
c1ccc2c(c1)c(CCNCc1ccc3[nH]c(C4CNC4)nc3c1)cn2Cc1ccc(-c2nnn(CC3CC3)n2)cc1,8.111,O=C(NCCc1cn(Cc2ccc(-c3nnn(CC4CC4)n3)cc2)c2ccccc12)c1ccc2[nH]c(C3CNC3)nc2c1,8.220641
Cc1cc(NCCc2c[nH]c3ccccc23)cnc1NCc1ccc2oc(C3CNC3)nc2c1,7.469908,Cc1cc(NCCc2c[nH]c3ccccc23)cnc1NC(=O)c1ccc2oc(C3CNC3)nc2c1,7.519265
OB(O)c1ccc(NCc2cccc(-c3cn(CC4CC4)cn3)c2)cc1,5.804536,O=C(Nc1ccc(B(O)O)cc1)c1cccc(-c2cn(CC3CC3)cn2)c1,6.127225
O=C(O)C1(NCC2CCN2Cc2ccccc2)CCC1,4.121668,O=C(NC1(C(=O)O)CCC1)C1CCN1Cc1ccccc1,5.216502
Brc1cccc2nc([C@@H]3Cc4ccccc4CN3Cc3ccc4oc(C5CNC5)nc4c3)[nH]c12,7.175693,O=C(c1ccc2oc(C3CNC3)nc2c1)N1Cc2ccccc2C[C@H]1c1nc2cccc(Br)c2[nH]1,5.874962
O=C(C1CNC1)N1Cc2ccccc2C[C@H]1CNc1ccc(B(O)O)cc1,5.422387,O=C(Nc1ccc(B(O)O)cc1)[C@@H]1Cc2ccccc2CN1C(=O)C1CNC1,5.457553
O=C(O)[C@H]1CCCN1Cc1ccc(CNC23CC(C2)C3)cc1,5.333886,O=C(O)[C@H]1CCCN1C(=O)c1ccc(CNC23CC(C2)C3)cc1,5.203473
O=Cc1cccc(-c2nc3ccc(-c4cccc(NCc5ccc6nc([C@@H]7CCCN7)oc6c5)c4)cc3o2)c1,7.407684,O=Cc1cccc(-c2nc3ccc(-c4cccc(NC(=O)c5ccc6nc([C@@H]7CCCN7)oc6c5)c4)cc3o2)c1,7.325849
O=C(O)C1CCN1C[C@H]1CCCN(c2ncc3c(ccn3CC3CC3)n2)C1,5.829403,O=C(O)C1CCN1C(=O)[C@H]1CCCN(c2ncc3c(ccn3CC3CC3)n2)C1,6.418436
c1ccc(NCc2ccc(-c3nc4cc(-c5nnn(CC6CC6)n5)ccc4o3)cc2)c(CNc2cccc3cc[nH]c23)c1,7.485758,O=C(Nc1ccccc1CNc1cccc2cc[nH]c12)c1ccc(-c2nc3cc(-c4nnn(CC5CC5)n4)ccc3o2)cc1,7.518371
ClCc1ccccc1CNc1ccccn1,3.832328,O=C(Nc1ccccn1)c1ccccc1CCl,4.180723
C[C@@H](NC(=O)c1ccc2nc([C@@H]3CCCN3c3ccccc3CCNCC3CCN3)oc2c1)c1ccccc1,7.007025,C[C@@H](NC(=O)c1ccc2nc([C@@H]3CCCN3c3ccccc3CCNC(=O)C3CCN3)oc2c1)c1ccccc1,7.431882
Nc1ccc(CN2CCC[C@H]2C(=O)O)cc1N,3.030174,Nc1ccc(C(=O)N2CCC[C@H]2C(=O)O)cc1N,3.308024
C[C@@H](NC(=O)C1CNC1)c1nc2ccc(CNc3ccc(Br)cc3)cc2o1,7.100414,C[C@@H](NC(=O)C1CNC1)c1nc2ccc(C(=O)Nc3ccc(Br)cc3)cc2o1,7.278398
ClCc1ccc(CNc2cccc3ccn(CC4CC4)c23)cc1,5.657902,O=C(Nc1cccc2ccn(CC3CC3)c12)c1ccc(CCl)cc1,6.369217
N#Cc1ccc(O)c(NCc2ccc(CNC34CC(C3)C4)cc2)c1,6.063307,N#Cc1ccc(O)c(NC(=O)c2ccc(CNC34CC(C3)C4)cc2)c1,6.123043
OB(O)c1ccc(NCC2CCN(c3ccccn3)CC2)cc1,4.039913,O=C(Nc1ccc(B(O)O)cc1)C1CCN(c2ccccn2)CC1,4.64138
Fc1ccc(-c2nc(N(CC3CCN3)c3cccc(-c4cncc(F)c4)c3)cs2)cc1,6.042826,O=C(C1CCN1)N(c1cccc(-c2cncc(F)c2)c1)c1csc(-c2ccc(F)cc2)n1,6.265993
O=C(O)C1CN(Cc2ccc3oc(-c4ccc(B(O)O)cc4)nc3c2)C1,4.516662,O=C(O)C1CN(C(=O)c2ccc3oc(-c4ccc(B(O)O)cc4)nc3c2)C1,4.859139
O=C(Nc1ccccn1)C1CN(C(=O)C2CCN(Cc3ccc4nc(-c5ccc(CCl)cc5)oc4c3)CC2)C1,7.166881,O=C(Nc1ccccn1)C1CN(C(=O)C2CCN(C(=O)c3ccc4nc(-c5ccc(CCl)cc5)oc4c3)CC2)C1,7.086901
Nc1ccc(-c2ccc(NCC3CCN3)cc2)cc1,6.860398,Nc1ccc(-c2ccc(NC(=O)C3CCN3)cc2)cc1,7.291633
O=C1CN(C(=O)[C@H](NCc2ccc(-c3nc4ccc(C5=NCCc6ccccc65)cc4o3)cc2)c2ccccc2)C1,7.068571,O=C1CN(C(=O)[C@H](NC(=O)c2ccc(-c3nc4ccc(C5=NCCc6ccccc65)cc4o3)cc2)c2ccccc2)C1,7.166256
O=C(O)c1ccc(Cn2ccc3cccc(NCC4CCN4)c32)cc1,5.627429,O=C(O)c1ccc(Cn2ccc3cccc(NC(=O)C4CCN4)c32)cc1,6.261412
O=C(NCc1c[nH]c2ccccc12)[C@@H]1CCCN1Cc1ccc2oc(C3CN(CC4CNC4)C3)nc2c1,7.494084,O=C(NCc1c[nH]c2ccccc12)[C@@H]1CCCN1Cc1ccc2oc(C3CN(C(=O)C4CNC4)C3)nc2c1,7.762302
O=C(O)c1ccccc1NCc1ccc2nc(C3CNC3)[nH]c2c1,6.279386,O=C(Nc1ccccc1C(=O)O)c1ccc2nc(C3CNC3)[nH]c2c1,6.395185
O=C(NCc1ccccc1)[C@H]1CCCN(Cc2ccc3oc(-c4ccc(-c5nnn(CC6CC6)n5)nc4)nc3c2)C1,7.994361,O=C(NCc1ccccc1)[C@H]1CCCN(C(=O)c2ccc3oc(-c4ccc(-c5nnn(CC6CC6)n5)nc4)nc3c2)C1,7.474375
O=C(Nc1ccc(C(=O)N2CCC(CNC34CC(C3)C4)CC2)cc1O)c1cccc(B(O)O)c1,5.581852,O=C(Nc1ccc(C(=O)N2CCC(C(=O)NC34CC(C3)C4)CC2)cc1O)c1cccc(B(O)O)c1,5.914529
Nc1ccccc1CN[C@@H](CNc1cccc2cc[nH]c12)c1ccccc1,4.476008,Nc1ccccc1CN[C@@H](C(=O)Nc1cccc2cc[nH]c12)c1ccccc1,4.813099
O=C(Nc1ccc(-c2ccc3oc(C4CN(C[C@@H]5Cc6ccccc6CN5)C4)nc3c2)cc1)[C@@H]1Cc2ccccc2CN1,7.651068,O=C(Nc1ccc(-c2ccc3oc(C4CN(C(=O)[C@@H]5Cc6ccccc6CN5)C4)nc3c2)cc1)[C@@H]1Cc2ccccc2CN1,7.252373
c1ccc(CNCc2ccc3oc([C@H](NCC4CCN4)c4ccccc4)nc3c2)cc1,6.777965,O=C(NCc1ccccc1)c1ccc2oc([C@H](NCC3CCN3)c3ccccc3)nc2c1,6.924969
N[C@H](CNCCc1c[nH]c2ccccc12)c1ccccc1,3.971833,N[C@H](C(=O)NCCc1c[nH]c2ccccc12)c1ccccc1,5.320762
c1ccc2c(N(Cc3ccc(-c4nc5cc(-c6nnn(CC7CC7)n6)ccc5o4)cc3)C[C@@H]3CCCN3)ccnc2c1,7.187971,O=C(c1ccc(-c2nc3cc(-c4nnn(CC5CC5)n4)ccc3o2)cc1)N(C[C@@H]1CCCN1)c1ccnc2ccccc12,7.289782
O=C(Nc1ccc(C(=O)NC2CC2)cc1O)c1ccc2nc([C@@H]3CCCN3C[C@@H]3Cc4ccccc4CN3)[nH]c2c1,7.573897,O=C(Nc1ccc(C(=O)NC2CC2)cc1O)c1ccc2nc([C@@H]3CCCN3C(=O)[C@@H]3Cc4ccccc4CN3)[nH]c2c1,7.360266
O=C(NCc1cn(CC2CC2)nn1)c1ccc2nc(C3CN(C[C@@H]4Cc5ccccc5CN4)C3)oc2c1,7.847632,O=C(NCc1cn(CC2CC2)nn1)c1ccc2nc(C3CN(C(=O)[C@@H]4Cc5ccccc5CN4)C3)oc2c1,7.673924
O=C(Nc1ccc(-c2cccc(NCc3ccc(CO[C@H]4CN5CCC4CC5)cc3)c2)cc1)[C@@H]1CCCNC1,8.004266,O=C(Nc1cccc(-c2ccc(NC(=O)[C@@H]3CCCNC3)cc2)c1)c1ccc(CO[C@H]2CN3CCC2CC3)cc1,7.970567
Nc1ccccc1CNC12CC(C1)C2,4.703122,Nc1ccccc1C(=O)NC12CC(C1)C2,4.723258
C[C@@H](NCC1CNC1)C(=O)Nc1cc(NCCc2c[nH]c3ccccc23)ccc1O,5.345816,C[C@@H](NC(=O)C1CNC1)C(=O)Nc1cc(NCCc2c[nH]c3ccccc23)ccc1O,6.883224
O=C(NC1CC1)c1ccc2nc(-c3ccc(CNc4ccccn4)cc3)oc2c1,7.634421,O=C(Nc1ccccn1)c1ccc(-c2nc3ccc(C(=O)NC4CC4)cc3o2)cc1,7.487349
c1ccc2c(N(Cc3ccc4oc(C5CNC5)nc4c3)Cc3cn(CC4CC4)c4ccccc34)ccnc2c1,7.750475,O=C(c1ccc2oc(C3CNC3)nc2c1)N(Cc1cn(CC2CC2)c2ccccc12)c1ccnc2ccccc12,7.475943
Fc1ccc(CNC2CC2)cc1,2.311076,O=C(NC1CC1)c1ccc(F)cc1,5.325019
O=C(Nc1cccc2ccn(CC3CC3)c12)[C@@H]1CCCN(CC2CNC2)C1,7.450023,O=C(Nc1cccc2ccn(CC3CC3)c12)[C@@H]1CCCN(C(=O)C2CNC2)C1,8.046553
c1cc(-c2cc(NC[C@H]3CCCN3c3ccc4ccccc4n3)[nH]n2)cc(-c2nnn(CC3CC3)n2)c1,8.017879,O=C(Nc1cc(-c2cccc(-c3nnn(CC4CC4)n3)c2)n[nH]1)[C@H]1CCCN1c1ccc2ccccc2n1,7.873947
COc1ccc(CNC(=O)C2CN(C(=O)C3CCN3C[C@@H]3Cc4ccccc4CN3)C2)cc1,7.113994,COc1ccc(CNC(=O)C2CN(C(=O)C3CCN3C(=O)[C@@H]3Cc4ccccc4CN3)C2)cc1,7.114223
N[C@H](CNC12CC(C1)C2)Cc1c[nH]c2ccccc12,4.058234,N[C@@H](Cc1c[nH]c2ccccc12)C(=O)NC12CC(C1)C2,4.120439
c1cc(CO[C@@H]2CCN(Cc3ccc4[nH]c(C5CNC5)nc4c3)C2)cc(-c2nnn(CC3CC3)n2)c1,8.017082,O=C(c1ccc2[nH]c(C3CNC3)nc2c1)N1CC[C@@H](OCc2cccc(-c3nnn(CC4CC4)n3)c2)C1,7.819599
c1ccc2c(NC[C@@H]3CCCN3)ccnc2c1,4.024816,O=C(Nc1ccnc2ccccc12)[C@@H]1CCCN1,5.6318
Nc1ccc(CNC23CC(C2)C3)cc1O,4.348629,Nc1ccc(C(=O)NC23CC(C2)C3)cc1O,4.457636
C#CCNCc1cccc(F)n1,3.122139,C#CCNC(=O)c1cccc(F)n1,3.042447
c1ccc2c(c1)CN[C@H](CNCc1cn(CC3CC3)nn1)C2,7.107554,O=C(NCc1cn(CC2CC2)nn1)[C@@H]1Cc2ccccc2CN1,7.475788
c1cc(CNCc2cn(CC3CC3)c3ccccc23)cc(CNc2ccnc3ccccc23)c1,7.330237,O=C(NCc1cn(CC2CC2)c2ccccc12)c1cccc(CNc2ccnc3ccccc23)c1,7.449387
OC1CCN(C[C@H](NCC2CNC2)c2ccccc2)CC1,4.090081,O=C(N[C@@H](CN1CCC(O)CC1)c1ccccc1)C1CNC1,5.361653
c1cc2nc(C3CNC3)oc2cc1CNC12CC(C1)C2,7.635649,O=C(NC12CC(C1)C2)c1ccc2nc(C3CNC3)oc2c1,7.331951
O=Cc1ccc(-c2nc3ccc(CN4CC(=O)C4)cc3o2)cc1,4.946602,O=Cc1ccc(-c2nc3ccc(C(=O)N4CC(=O)C4)cc3o2)cc1,5.098976
O=C(Nc1cccc(-c2ccc3oc(C4CNC4)nc3c2)c1)[C@H]1CCCN1CC1CCN1,7.189159,O=C(Nc1cccc(-c2ccc3oc(C4CN(C(=O)C5CCN5)C4)nc3c2)c1)[C@H]1CCCN1,6.719179
c1cncc(-c2nc3ccc(N(C[C@@H]4Cc5ccccc5CN4)c4cccc5ccn(CC6CC6)c45)cc3o2)c1,7.383584,O=C([C@@H]1Cc2ccccc2CN1)N(c1ccc2nc(-c3cccnc3)oc2c1)c1cccc2ccn(CC3CC3)c12,6.926849
O=C=Nc1ccc(N(Cc2cn(CC3CC3)nn2)C[C@@H]2Cc3ccccc3CN2)cc1,6.486749,O=C=Nc1ccc(N(Cc2cn(CC3CC3)nn2)C(=O)[C@@H]2Cc3ccccc3CN2)cc1,6.396266
Nc1ccc(N(C[C@@H]2Cc3ccccc3CN2)c2ccccc2O)cc1O,4.980035,Nc1ccc(N(C(=O)[C@@H]2Cc3ccccc3CN2)c2ccccc2O)cc1O,5.165678
O=Cc1ccc(CN2CC(CN(C(=O)C3CNC3)c3cccc(-c4cncc(O)c4)c3)C2)cc1,6.155031,O=Cc1ccc(C(=O)N2CC(C(=O)N(CC3CNC3)c3cccc(-c4cncc(O)c4)c3)C2)cc1,6.103927
Brc1ccc(NCc2ccc3oc(-c4ccc(COCC5CNC5)cc4)nc3c2)cc1,7.328219,O=C(Nc1ccc(Br)cc1)c1ccc2oc(-c3ccc(COCC4CNC4)cc3)nc2c1,7.386161
O=Cc1ccc(CNc2cccc(-c3cccc(-c4nc5ccc(Br)cc5o4)c3)c2)cc1,6.097261,O=Cc1ccc(C(=O)Nc2cccc(-c3cccc(-c4nc5ccc(Br)cc5o4)c3)c2)cc1,6.343774
O=C(O)c1ccc(NCc2ccc3oc(-c4ccc(CO[C@H]5CN6CCC5CC6)cc4)nc3c2)c(NC(=O)C2CCNCC2)c1,7.529528,O=C(O)c1ccc(NC(=O)c2ccc3oc(-c4ccc(CO[C@H]5CN6CCC5CC6)cc4)nc3c2)c(NC(=O)C2CCNCC2)c1,7.082304
c1cncc(-c2ccc3nc(C4CCN4Cc4ccc5nc([C@@H]6CCCN6)oc5c4)oc3c2)c1,7.487224,O=C(c1ccc2nc([C@@H]3CCCN3)oc2c1)N1CCC1c1nc2ccc(-c3cccnc3)cc2o1,7.406877
O=C(NCc1c[nH]c2ccccc12)N1CCC[C@@H](CNCCc2cn(CC3CC3)c3ccccc23)C1,7.455847,O=C(NCCc1cn(CC2CC2)c2ccccc12)[C@@H]1CCCN(C(=O)NCc2c[nH]c3ccccc23)C1,7.65881
O=C(NCc1c[nH]c2ccccc12)c1ccc2nc(-c3ccc4[nH]c(C5(NCC6CCN6)CCC5)nc4c3)[nH]c2c1,7.571324,O=C(NCc1c[nH]c2ccccc12)c1ccc2nc(-c3ccc4[nH]c(C5(NC(=O)C6CCN6)CCC5)nc4c3)[nH]c2c1,7.604392
C[C@@H](NCc1cccc(C=O)c1)c1nc2cc(-c3nnn(CC4CC4)n3)ccc2o1,6.682263,C[C@@H](NC(=O)c1cccc(C=O)c1)c1nc2cc(-c3nnn(CC4CC4)n3)ccc2o1,6.804869
O=C(O[C@H]1CN2CCC1CC2)c1cccc(-c2ccc(NCc3ccc4oc(-c5ccncc5)nc4c3)cc2)c1,7.58064,O=C(Nc1ccc(-c2cccc(C(=O)O[C@H]3CN4CCC3CC4)c2)cc1)c1ccc2oc(-c3ccncc3)nc2c1,7.610765
Nc1cc(CNc2cc(-c3ccc(Nc4ccc5ccccc5n4)cc3)n[nH]2)ccc1O,5.894862,Nc1cc(C(=O)Nc2cc(-c3ccc(Nc4ccc5ccccc5n4)cc3)n[nH]2)ccc1O,6.326794
O=C(O)[C@H]1CCCN1Cc1ccc2nc(-c3ccc(CO[C@H]4CN5CCC4CC5)cc3)oc2c1,7.1162,O=C(O)[C@H]1CCCN1C(=O)c1ccc2nc(-c3ccc(CO[C@H]4CN5CCC4CC5)cc3)oc2c1,7.191549
O=C(NCc1cn(CC2CC2)c2ccccc12)c1ccc2nc([C@H]3CCCN(CC4CCN4)C3)oc2c1,7.176942,O=C(NCc1cn(CC2CC2)c2ccccc12)c1ccc2nc([C@H]3CCCN(C(=O)C4CCN4)C3)oc2c1,8.115724
Nc1ccc(CNc2cccc(B(O)O)c2)cc1N,3.175246,Nc1ccc(C(=O)Nc2cccc(B(O)O)c2)cc1N,3.491893
O=C(Nc1ccc(-c2cc(NCC3CN(C[C@@H]4Cc5ccccc5CN4)C3)[nH]n2)cc1)C1CCNCC1,7.777763,O=C(Nc1ccc(-c2cc(N(CC3CNC3)C(=O)[C@@H]3Cc4ccccc4CN3)[nH]n2)cc1)C1CCNCC1,7.150077
O=C(NC1CC1)c1ccc(Cn2ccc3cccc(NCc4cccc5oc(C6CNC6)nc45)c32)cc1,7.816667,O=C(NC1CC1)c1ccc(Cn2ccc3cccc(NC(=O)c4cccc5oc(C6CNC6)nc45)c32)cc1,7.935828
c1ccc(CNc2cccc(-c3ccc4oc(-c5ccc(CO[C@H]6CN7CCC6CC7)cc5)nc4c3)c2)nc1,7.885577,O=C(Nc1cccc(-c2ccc3oc(-c4ccc(CO[C@H]5CN6CCC5CC6)cc4)nc3c2)c1)c1ccccn1,8.003035
O=C(Nc1ccc(-c2cccc(CNCc3cn(CC4CC4)c4ccccc34)c2)cc1)NC1CC1,7.983812,O=C(Nc1ccc(-c2cccc(C(=O)NCc3cn(CC4CC4)c4ccccc34)c2)cc1)NC1CC1,8.252768
O=C(O)C1CCN(Cc2ccc(-c3nnn(CC4CC4)n3)nc2)CC1,6.16319,O=C(O)C1CCN(C(=O)c2ccc(-c3nnn(CC4CC4)n3)nc2)CC1,6.208148
Fc1ccc(CNC23CC(C2)C3)cc1,5.208714,O=C(NC12CC(C1)C2)c1ccc(F)cc1,5.098061
O=Cc1ccc(CN(Cc2ccc3oc(-c4cccc(C(=O)NC5CC5)c4)nc3c2)C23CC(C2)C3)cc1,7.235517,O=Cc1ccc(CN(C(=O)c2ccc3oc(-c4cccc(C(=O)NC5CC5)c4)nc3c2)C23CC(C2)C3)cc1,6.866289
O=C(Nc1ccc(CN2CCC2C(=O)O)cc1O)C1CCNCC1,5.501374,O=C(Nc1ccc(C(=O)N2CCC2C(=O)O)cc1O)C1CCNCC1,5.482772
O=C(NCc1c[nH]c2ccccc12)c1ccc2nc(C3(NCc4ccc(-c5nnn(CC6CC6)n5)nc4)CCC3)[nH]c2c1,8.001741,O=C(NCc1c[nH]c2ccccc12)c1ccc2nc(C3(NC(=O)c4ccc(-c5nnn(CC6CC6)n5)nc4)CCC3)[nH]c2c1,7.882202
O=C(O)c1cccc(CN(Cc2ccc3oc(C4CNC4)nc3c2)c2ccc(B(O)O)cc2)c1,5.176161,O=C(O)c1ccc2oc(C3CN(C(=O)c4cccc(CNc5ccc(B(O)O)cc5)c4)C3)nc2c1,5.479075
O=C(NC1CC1)c1ccc(NC(=O)C2CN(CC3CCN3)C2)c(O)c1,6.416317,O=C(NC1CC1)c1ccc(NC(=O)C2CN(C(=O)C3CCN3)C2)c(O)c1,6.656841
O=C(O)[C@H]1CCCN1c1ccc(NCc2ccc(-c3nc4ccc(C5=NCCc6ccccc65)cc4o3)cc2)cc1,7.1401,O=C(Nc1ccc(N2CCC[C@@H]2C(=O)O)cc1)c1ccc(-c2nc3ccc(C4=NCCc5ccccc54)cc3o2)cc1,7.290399
Oc1ccc(Br)cc1NCc1ccc2nc([C@H]3CCCN3)oc2c1,5.880413,O=C(Nc1cc(Br)ccc1O)c1ccc2nc([C@H]3CCCN3)oc2c1,5.945435
O=Cc1cccc(CNc2cccc(-c3ccc4[nH]cc(C=O)c4c3)c2)c1,4.936322,O=Cc1cccc(C(=O)Nc2cccc(-c3ccc4[nH]cc(C=O)c4c3)c2)c1,5.165641
O=Cc1cccc(CNc2cc(Br)n[nH]2)c1,3.299633,O=Cc1cccc(C(=O)Nc2cc(Br)n[nH]2)c1,3.834386
OB(O)c1cccc(NCc2ccc3[nH]c([C@H]4CCCN4)nc3c2)c1,4.98741,O=C(Nc1cccc(B(O)O)c1)c1ccc2[nH]c([C@H]3CCCN3)nc2c1,5.156379
N#Cc1ccc(CN[C@H](Cc2c[nH]c3ccccc23)C(=O)O)cn1,3.79228,N#Cc1ccc(C(=O)N[C@H](Cc2c[nH]c3ccccc23)C(=O)O)cn1,4.185348
O=C(c1cccc(-c2c[nH]cn2)c1)N1CCN(Cc2ccc(-c3nnn(CC4CC4)n3)nc2)CC1,7.617936,O=C(c1ccc(-c2nnn(CC3CC3)n2)nc1)N1CCN(C(=O)c2cccc(-c3c[nH]cn3)c2)CC1,7.095922
O=C(Nc1cccc2cc[nH]c12)N1CC(N(c2ccc(NCC3CCN3)cc2)C23CC(C2)C3)C1,5.063633,O=C(Nc1ccc(N(C2CN(C(=O)Nc3cccc4cc[nH]c34)C2)C23CC(C2)C3)cc1)C1CCN1,3.358869
Fc1ncccc1-c1cc(-c2nc3cc(-c4cccc(CNC56CC(C5)C6)c4)ccc3o2)ccn1,7.401466,O=C(NC12CC(C1)C2)c1cccc(-c2ccc3oc(-c4ccnc(-c5cccnc5F)c4)nc3c2)c1,7.283043
O=C(Nc1ccccn1)[C@H]1CCCN1Cc1ccc2oc(-c3ccc(-c4nnn(CC5CC5)n4)nc3)nc2c1,8.048766,O=C(Nc1ccccn1)[C@H]1CCCN1C(=O)c1ccc2oc(-c3ccc(-c4nnn(CC5CC5)n4)nc3)nc2c1,7.487952
O=C(O)[C@@H](Nc1ccc(NCC2CNC2)cc1)c1ccccc1,5.328905,O=C(Nc1ccc(N[C@H](C(=O)O)c2ccccc2)cc1)C1CNC1,6.542121
Oc1ccc(CNCCc2cn(CC3CC3)c3ccccc23)cc1NCc1cccc2oc(C3CNC3)nc12,7.611055,O=C(NCCc1cn(CC2CC2)c2ccccc12)c1ccc(O)c(NCc2cccc3oc(C4CNC4)nc23)c1,7.900344
c1ccc2c(c1)C[C@@H](CNCc1cn(CC3CC3)nn1)N(Cc1ccc3nc(C4CNC4)oc3c1)C2,7.362285,O=C(c1ccc2nc(C3CNC3)oc2c1)N(Cc1cn(CC2CC2)nn1)C[C@@H]1Cc2ccccc2CN1,7.539545
c1cc(-c2ccc(NCc3ccc(CO[C@H]4CN5CCC4CC5)cc3)cc2)cc(-c2nnn(CC3CC3)n2)c1,8.193749,O=C(Nc1ccc(-c2cccc(-c3nnn(CC4CC4)n3)c2)cc1)c1ccc(CO[C@H]2CN3CCC2CC3)cc1,7.803041
ClCc1ccc(CNCCc2c[nH]c3ccccc23)cc1,4.494342,O=C(NCCc1c[nH]c2ccccc12)c1ccc(CCl)cc1,4.760395
C#CCNCc1cccc(F)n1,3.122139,C#CCNC(=O)c1cccc(F)n1,3.042447
c1ccc2c(c1)CN[C@H](CNc1ccc(-c3cn(CC4CC4)cn3)cc1)C2,8.089776,O=C(Nc1ccc(-c2cn(CC3CC3)cn2)cc1)[C@@H]1Cc2ccccc2CN1,8.023864
FC(F)(F)c1cncc(-c2cccc(CNc3cc(-c4cccc(NC[C@@H]5Cc6ccccc6CN5)c4)n[nH]3)c2)c1,7.569688,O=C(Nc1cc(-c2cccc(NC[C@@H]3Cc4ccccc4CN3)c2)n[nH]1)c1cccc(-c2cncc(C(F)(F)F)c2)c1,7.734352
O=C(Nc1cc(-c2cccc(NC(=O)[C@@H]3Cc4ccccc4CN3)c2)n[nH]1)C1CCN(CC2CCN2)CC1,7.432221,O=C(Nc1cc(-c2cccc(NC(=O)[C@@H]3Cc4ccccc4CN3)c2)n[nH]1)C1CCN(C(=O)C2CCN2)CC1,7.197957
c1ccc2c(c1)c(CNCc1ccc(-c3nc4cc(-c5nnn(CC6CC6)n5)ccc4[nH]3)cc1)cn2CC1CC1,8.173913,O=C(NCc1cn(CC2CC2)c2ccccc12)c1ccc(-c2nc3cc(-c4nnn(CC5CC5)n4)ccc3[nH]2)cc1,8.212069
ClCc1ccc(CNc2cccc3cc[nH]c23)cc1,4.202829,O=C(Nc1cccc2cc[nH]c12)c1ccc(CCl)cc1,4.609473
Nc1ccccc1CNc1cccc(-c2ccc3c(C=O)c[nH]c3c2)c1,5.207038,Nc1ccccc1C(=O)Nc1cccc(-c2ccc3c(C=O)c[nH]c3c2)c1,4.847237
c1cc(NC2CN(Cc3ccc(CN(CC4CNC4)C45CC(C4)C5)cc3)C2)c2[nH]ccc2c1,6.766203,O=C(C1CNC1)N(Cc1ccc(CN2CC(Nc3cccc4cc[nH]c34)C2)cc1)C12CC(C1)C2,7.266644
O=C(NC1CC1)c1ccc2nc([C@@H](NCC3CCN3)c3ccccc3)oc2c1,7.44155,O=C(NC1CC1)c1ccc2nc([C@@H](NC(=O)C3CCN3)c3ccccc3)oc2c1,7.198011
O=C(Nc1ccnc2ccccc12)N1CCC[C@H]1CNc1cccnc1Br,5.525299,O=C(Nc1cccnc1Br)[C@@H]1CCCN1C(=O)Nc1ccnc2ccccc12,5.760638
O=C(Nc1ccccn1)C1CN(C(=O)c2ccc(COCC3CN(C[C@@H]4Cc5ccccc5CN4)C3)cc2)C1,7.363994,O=C(Nc1ccccn1)C1CN(C(=O)c2ccc(COCC3CN(C(=O)[C@@H]4Cc5ccccc5CN4)C3)cc2)C1,7.331373
c1cc(-c2cc(NCc3ccc(CNC45CC(C4)C5)cc3)[nH]n2)cc(-c2nnn(CC3CC3)n2)c1,8.106934,O=C(Nc1cc(-c2cccc(-c3nnn(CC4CC4)n3)c2)n[nH]1)c1ccc(CNC23CC(C2)C3)cc1,8.023217
c1ccc(N(Cc2ccc(-c3nc4ccc(C5=NCCc6ccccc65)cc4o3)cc2)CC2CCN2)nc1,7.637163,O=C(C1CCN1)N(Cc1ccc(-c2nc3ccc(C4=NCCc5ccccc54)cc3o2)cc1)c1ccccn1,7.779535
OB(O)c1cccc(NCc2cccc(-c3ccc(NCC4CNC4)cc3)c2)c1,5.67967,O=C(Nc1ccc(-c2cccc(CNc3cccc(B(O)O)c3)c2)cc1)C1CNC1,6.271903
Nc1cc(CNC2(C(=O)O)CCC2)ccc1O,3.05422,NC1(C(=O)Nc2cc(C(=O)O)ccc2O)CCC1,3.569938
O=C(Nc1ccnc2ccccc12)c1ccccc1NC(=O)[C@@H]1CCCN1CC1CCN1,7.187451,O=C(Nc1ccnc2ccccc12)c1ccccc1NC(=O)[C@@H]1CCCN1C(=O)C1CCN1,7.256028
O=C(NC1CC1)c1ccc2oc(C3CN(Cc4ccc(CO[C@H]5CN6CCC5CC6)cc4)C3)nc2c1,7.830029,O=C(NC1CC1)c1ccc2oc(C3CN(C(=O)c4ccc(CO[C@H]5CN6CCC5CC6)cc4)C3)nc2c1,7.338811
Nc1ccc(-c2ccc3nc(C4CCN4Cc4ccc(CO[C@H]5CN6CCC5CC6)cc4)oc3c2)cc1,7.567269,Nc1ccc(-c2ccc3nc(C4CCN4C(=O)c4ccc(CO[C@H]5CN6CCC5CC6)cc4)oc3c2)cc1,7.626667
Nc1ccc(-c2cccc(NC(=O)Nc3ccccc3CNCc3cn(CC4CC4)c4ccccc34)c2)cc1,7.39627,Nc1ccc(-c2cccc(NC(=O)Nc3ccccc3C(=O)NCc3cn(CC4CC4)c4ccccc34)c2)cc1,7.431569
Brc1ccc2oc(-c3ccnc(-c4cccc(NCc5ccc6nc(C7CNC7)oc6c5)c4)c3)nc2c1,7.825893,O=C(Nc1cccc(-c2cc(-c3nc4cc(Br)ccc4o3)ccn2)c1)c1ccc2nc(C3CNC3)oc2c1,7.336578
O=C(NC1CC1)c1cccc(-c2nc3ccc(CN4CCC[C@H]4C(=O)Nc4ccccc4O)cc3o2)c1,7.449332,O=C(NC1CC1)c1cccc(-c2nc3ccc(C(=O)N4CCC[C@H]4C(=O)Nc4ccccc4O)cc3o2)c1,7.207334
c1ccc2c(c1)c(CCNCc1ccc3nc(C4CNC4)oc3c1)cn2CC1CC1,7.948466,O=C(NCCc1cn(CC2CC2)c2ccccc12)c1ccc2nc(C3CNC3)oc2c1,8.156698
O=C(Nc1ccc(-c2ccc(NCC3CCN3)cc2)cc1)C1CCN(C(=O)C2CCNCC2)CC1,7.269197,O=C(Nc1ccc(-c2ccc(NC(=O)C3CCN3)cc2)cc1)C1CCN(C(=O)C2CCNCC2)CC1,6.231856
O=C([C@H](NCc1ccc2oc(-c3ccc4nc(C5CNC5)oc4c3)nc2c1)c1ccccc1)N1CCC[C@H]1CO,6.882887,O=C(N[C@@H](C(=O)N1CCC[C@H]1CO)c1ccccc1)c1ccc2oc(-c3ccc4nc(C5CNC5)oc4c3)nc2c1,6.664274
O=C(Nc1nc(F)nc2c1ncn2Cc1ccc(-c2nc3ccc(CNC45CC(C4)C5)cc3o2)cc1)C1CCN1,7.838824,O=C(NC12CC(C1)C2)c1ccc2nc(-c3ccc(Cn4cnc5c(NC(=O)C6CCN6)nc(F)nc54)cc3)oc2c1,7.893111
c1ccc2c(c1)CN[C@H](CN1CCC[C@H](OCc3ccccc3-c3nnn(CC4CC4)n3)C1)C2,6.631998,O=C([C@@H]1Cc2ccccc2CN1)N1CCC[C@H](OCc2ccccc2-c2nnn(CC3CC3)n2)C1,7.608626
N#Cc1ccc(CN2CCC2C(=O)Nc2cc(-c3cn(CC4CC4)nn3)n[nH]2)cn1,7.29392,N#Cc1ccc(C(=O)N2CCC2C(=O)Nc2cc(-c3cn(CC4CC4)nn3)n[nH]2)cn1,7.206564
NC1(CN(C[C@@H]2Cc3ccccc3CN2)c2ccc(B(O)O)cc2)CCC1,4.443473,NC1(CN(C(=O)[C@@H]2Cc3ccccc3CN2)c2ccc(B(O)O)cc2)CCC1,4.627028
c1cc(-c2ccc(NC[C@@H]3Cc4ccccc4CN3)cc2)cc(-c2nc3ccc(CNC45CC(C4)C5)cc3[nH]2)c1,8.00975,O=C(Nc1ccc(-c2cccc(-c3nc4ccc(CNC56CC(C5)C6)cc4[nH]3)c2)cc1)[C@@H]1Cc2ccccc2CN1,7.877203
O=C(Nc1cc(-c2cccc(NCc3ccc(COCC4CNC4)cc3)c2)ccc1O)C1CCNCC1,7.426028,O=C(Nc1cccc(-c2ccc(O)c(NC(=O)C3CCNCC3)c2)c1)c1ccc(COCC2CNC2)cc1,7.325688
O=C(NCc1c[nH]c2ccccc12)N(CCc1ccccc1)Cc1ccc2nc([C@H]3CCCN3CC3CNC3)oc2c1,6.853956,O=C(NCc1c[nH]c2ccccc12)N(CCc1ccccc1)Cc1ccc2nc([C@H]3CCCN3C(=O)C3CNC3)oc2c1,7.329449
O=Cc1ccc(CN[C@@H](CNc2cccc(-c3cncc(-c4nnn(CC5CC5)n4)c3)c2)c2ccccc2)cc1,7.001547,O=Cc1ccc(CN[C@@H](C(=O)Nc2cccc(-c3cncc(-c4nnn(CC5CC5)n4)c3)c2)c2ccccc2)cc1,7.033591
O=C(Nc1cc(-c2nnn(CC3CC3)n2)ccc1O)C1CN(Cc2ccc(-c3nnn(CC4CC4)n3)nc2)C1,7.609809,O=C(Nc1cc(-c2nnn(CC3CC3)n2)ccc1O)C1CN(C(=O)c2ccc(-c3nnn(CC4CC4)n3)nc2)C1,6.035449
c1cc2oc(-c3c[nH]c4ccc(-c5nnnn5CC5CC5)cc34)nc2cc1CNC12CC(C1)C2,7.488936,O=C(NC12CC(C1)C2)c1ccc2oc(-c3c[nH]c4ccc(-c5nnnn5CC5CC5)cc34)nc2c1,7.393268
O=C(NCCc1ccncc1)C1CCN(C[C@@H]2Cc3ccccc3CN2)CC1,6.842819,O=C(NCCc1ccncc1)C1CCN(C(=O)[C@@H]2Cc3ccccc3CN2)CC1,6.942606
O=C(O)[C@@H]1Cc2ccccc2CN1Cc1ccnc(-c2ccc(NCc3ccc(CO[C@H]4CN5CCC4CC5)cc3)cc2)c1,7.711694,O=C(Nc1ccc(-c2cc(CN3Cc4ccccc4C[C@H]3C(=O)O)ccn2)cc1)c1ccc(CO[C@H]2CN3CCC2CC3)cc1,7.744507
N[C@H](CN1CCC[C@@H]1C(=O)O)c1ccccc1,3.050398,N[C@H](C(=O)N1CCC[C@@H]1C(=O)O)c1ccccc1,3.833598
Nc1cc(-c2cccc(NC[C@@H]3Cc4ccccc4CN3)c2)ccc1O,6.671764,Nc1cc(-c2cccc(NC(=O)[C@@H]3Cc4ccccc4CN3)c2)ccc1O,6.883082
O=C(O)c1ccc(-c2nc3ccc(CN[C@@H](C(=O)NC45CC(C4)C5)c4ccccc4)cc3o2)cc1,6.570343,O=C(O)c1ccc(-c2nc3ccc(C(=O)N[C@@H](C(=O)NC45CC(C4)C5)c4ccccc4)cc3o2)cc1,6.512211
Cc1cc(-c2cccc(C=O)c2)cnc1NCc1ccc2nc(-c3ccccc3CO[C@H]3CN4CCC3CC4)oc2c1,7.561479,Cc1cc(-c2cccc(C=O)c2)cnc1NC(=O)c1ccc2nc(-c3ccccc3CO[C@H]3CN4CCC3CC4)oc2c1,7.512797
O=C(O)[C@@H]1Cc2ccccc2CN1CC1CNC1,4.812612,O=C(O)C1CN(C(=O)[C@@H]2Cc3ccccc3CN2)C1,5.686424
c1ccc2c(c1)CN[C@H](CNc1ccc(-c3ccc(NCc4ncc[nH]4)nc3)cc1)C2,6.653838,O=C(Nc1ccc(-c2ccc(NCc3ncc[nH]3)nc2)cc1)[C@@H]1Cc2ccccc2CN1,6.812459
O=C1CN(C(=O)c2ccc3oc([C@@H](NC(=O)C4CN(C[C@@H]5Cc6ccccc6CN5)C4)c4ccccc4)nc3c2)C1,6.293398,O=C1CN(C(=O)c2ccc3oc([C@@H](NC(=O)C4CN(C(=O)[C@@H]5Cc6ccccc6CN5)C4)c4ccccc4)nc3c2)C1,6.537326
O=C(c1cccc2oc(C3CN(Cc4ccc5[nH]c(C6CNC6)nc5c4)C3)nc12)N1CC(CO)C1,6.681237,O=C(c1ccc2[nH]c(C3CNC3)nc2c1)N1CC(c2nc3c(C(=O)N4CC(CO)C4)cccc3o2)C1,6.327333
OB(O)c1cccc(CNc2cccc(B(O)O)c2)c1,2.736763,O=C(Nc1cccc(B(O)O)c1)c1cccc(B(O)O)c1,2.920065
c1cc(-c2cc(NCc3ccccc3NC[C@H]3CCCNC3)[nH]n2)cc(-c2nnn(CC3CC3)n2)c1,7.368039,O=C(Nc1cc(-c2cccc(-c3nnn(CC4CC4)n3)c2)n[nH]1)c1ccccc1NC[C@H]1CCCNC1,7.559924
O=C=Nc1ccc(-c2cccc(NCc3ccc4nc([C@@H]5CCCN5)oc4c3)c2)cc1,7.124398,O=C=Nc1ccc(-c2cccc(NC(=O)c3ccc4nc([C@@H]5CCCN5)oc4c3)c2)cc1,7.093709
c1ccc(CN(Cc2ccc3oc(C4CN(C[C@@H]5Cc6ccccc6CN5)C4)nc3c2)C[C@@H]2Cc3ccccc3CN2)cc1,7.358568,O=C([C@@H]1Cc2ccccc2CN1)N1CC(c2nc3cc(CN(Cc4ccccc4)C[C@@H]4Cc5ccccc5CN4)ccc3o2)C1,7.521572
O=C(c1ccc2nc([C@@H]3CCCN3)[nH]c2c1)N1CCC[C@@H]1CNc1cc(Br)n[nH]1,6.517982,O=C(Nc1cc(Br)n[nH]1)[C@H]1CCCN1C(=O)c1ccc2nc([C@@H]3CCCN3)[nH]c2c1,6.510927
c1ccc(-c2nc3ccc(CNC45CC(C4)C5)cc3o2)nc1,7.073935,O=C(NC12CC(C1)C2)c1ccc2nc(-c3ccccn3)oc2c1,6.999961
O=C(Nc1cccc(-c2ccc(NCC3CCN3C[C@@H]3Cc4ccccc4CN3)cc2)c1)C1CCN1,7.669305,O=C(Nc1cccc(-c2ccc(N(CC3CCN3)C(=O)[C@@H]3Cc4ccccc4CN3)cc2)c1)C1CCN1,6.45775
O=C(NCc1ccccc1)C1CN(Cc2ccc3[nH]c(C4CNC4)nc3c2)C1,7.561401,O=C(NCc1ccccc1)C1CN(C(=O)c2ccc3[nH]c(C4CNC4)nc3c2)C1,7.255508
C[C@H](NCc1ccc(C=O)cc1)c1ccccc1,4.099385,C[C@H](NC(=O)c1ccc(C=O)cc1)c1ccccc1,4.555026
c1ccc(CN2CCC[C@@H]2CN(C[C@@H]2Cc3ccccc3CN2)c2ccnc3ccccc23)cc1,6.162544,O=C([C@@H]1Cc2ccccc2CN1)N(C[C@H]1CCCN1Cc1ccccc1)c1ccnc2ccccc12,6.265039
Fc1nc(NCc2ccc3nc(-c4ccc(-c5nnn(CC6CC6)n5)nc4)[nH]c3c2)c2ncn(CC3CC3)c2n1,7.902093,O=C(Nc1nc(F)nc2c1ncn2CC1CC1)c1ccc2nc(-c3ccc(-c4nnn(CC5CC5)n4)nc3)[nH]c2c1,7.925792
OB(O)c1cccc(NC[C@H]2CCCNC2)c1,3.389639,O=C(Nc1cccc(B(O)O)c1)[C@H]1CCCNC1,4.211328
OB(O)c1ccc(NCc2cccc(-c3nc4cc(C5=NCCc6ccccc65)ccc4o3)c2)cc1,6.193708,O=C(Nc1ccc(B(O)O)cc1)c1cccc(-c2nc3cc(C4=NCCc5ccccc54)ccc3o2)c1,6.399023
C[C@@H](NC(=O)C1CN(Cc2ccc3nc(-c4ccc(C(=O)NC5CC5)cc4)oc3c2)C1)c1ccccc1,7.565505,C[C@@H](NC(=O)C1CN(C(=O)c2ccc3nc(-c4ccc(C(=O)NC5CC5)cc4)oc3c2)C1)c1ccccc1,7.138427
Oc1cc(CNc2cc(Br)n[nH]2)ccc1NCC1CCN1,5.974356,O=C(Nc1cc(Br)n[nH]1)c1ccc(NCC2CCN2)c(O)c1,6.020436
O=C(O)c1ccc(N(CCc2c[nH]c3ccccc23)Cc2ccc(CO[C@H]3CN4CCC3CC4)cc2)cc1,6.790436,O=C(O)c1ccc(N(CCc2c[nH]c3ccccc23)C(=O)c2ccc(CO[C@H]3CN4CCC3CC4)cc2)cc1,6.985481
C[C@H](NCc1ccc2nc([C@H]3CCCN3)oc2c1)c1nc2ccc(Br)cc2o1,6.526402,C[C@H](NC(=O)c1ccc2nc([C@H]3CCCN3)oc2c1)c1nc2ccc(Br)cc2o1,6.655949
Cc1cc(-c2cccc(-c3nc4cc(Br)ccc4o3)c2)cnc1NCc1ccc(-c2nnn(CC3CC3)n2)nc1,7.609703,Cc1cc(-c2cccc(-c3nc4cc(Br)ccc4o3)c2)cnc1NC(=O)c1ccc(-c2nnn(CC3CC3)n2)nc1,7.011553
c1cc(NCC2CN(CC3CCN3)C2)cc(-c2ccc3nc(C4CNC4)oc3c2)c1,7.168282,O=C(C1CCN1)N(CC1CNC1)c1cccc(-c2ccc3nc(C4CNC4)oc3c2)c1,6.575735
O=Cc1cccc(CNC23CC(C2)C3)c1,4.452117,O=Cc1cccc(C(=O)NC23CC(C2)C3)c1,4.648027
O=C(O)C1CCN1Cc1cccc(B(O)O)c1,2.827219,O=C(O)C1CCN1C(=O)c1cccc(B(O)O)c1,3.060268
Nc1cc(C(=O)O)ccc1NCc1ccc(CCl)cc1,3.943573,Nc1cc(C(=O)O)ccc1NC(=O)c1ccc(CCl)cc1,4.002516
COc1ccc(CNCc2ccc3nc(-c4cccc(NCc5cn(CC6CC6)c6ccccc56)c4)[nH]c3c2)cc1,7.445507,COc1ccc(CNC(=O)c2ccc3nc(-c4cccc(NCc5cn(CC6CC6)c6ccccc56)c4)[nH]c3c2)cc1,7.573603
c1cc(CNc2cccc3cc[nH]c23)nc(NCc2c[nH]c3ccccc23)c1,5.288531,O=C(Nc1cccc2cc[nH]c12)c1cccc(NCc2c[nH]c3ccccc23)n1,5.605364
O=C(O)c1ccc(O)c(NC[C@H]2CCCN2)c1,3.850749,O=C(O)c1ccc(O)c(NC(=O)[C@H]2CCCN2)c1,4.602328
FC(F)(F)c1ccc(CNCc2ccc3nc(C4CCN4)[nH]c3c2)cc1,6.790091,O=C(NCc1ccc(C(F)(F)F)cc1)c1ccc2nc(C3CCN3)[nH]c2c1,7.156198
OB(O)c1cccc(-c2nc3cc(-c4cccc(CNCc5ccc(C(F)(F)F)cc5)c4)ccc3o2)c1,5.63483,O=C(NCc1ccc(C(F)(F)F)cc1)c1cccc(-c2ccc3oc(-c4cccc(B(O)O)c4)nc3c2)c1,6.019742
O=C(O)c1ccc2nc(-c3ccc(NCC4CNC4)c(O)c3)oc2c1,6.266638,O=C(O)c1ccc2nc(-c3ccc(NC(=O)C4CNC4)c(O)c3)oc2c1,6.590817
OB(O)c1cccc(NCc2ccc3oc(-c4ccc(CCl)cc4)nc3c2)c1,4.678135,O=C(Nc1cccc(B(O)O)c1)c1ccc2oc(-c3ccc(CCl)cc3)nc2c1,4.857366
COc1cncc(-c2ccc(NC[C@@H]3Cc4ccccc4CN3)cc2)c1,6.872962,COc1cncc(-c2ccc(NC(=O)[C@@H]3Cc4ccccc4CN3)cc2)c1,7.159654
Oc1cc(Br)ccc1NCc1ccc(-c2nnn(CC3CC3)n2)nc1,6.481912,O=C(Nc1ccc(Br)cc1O)c1ccc(-c2nnn(CC3CC3)n2)nc1,6.301386
O=C(Nc1ccc(N2CC(NCCc3ccncc3)C2)cc1)C1CCN1C[C@@H]1Cc2ccccc2CN1,6.993113,O=C(Nc1ccc(N2CC(N(CCc3ccncc3)C(=O)[C@@H]3Cc4ccccc4CN3)C2)cc1)C1CCN1,6.224949
c1ccc(CN2CCC(CNc3cccc(-c4cn(CC5CC5)cn4)c3)CC2)cc1,7.238366,O=C(Nc1cccc(-c2cn(CC3CC3)cn2)c1)C1CCN(Cc2ccccc2)CC1,7.773581
C[C@@H](NCc1ccc2nc(C3CNC3)oc2c1)c1nc2cc(Br)ccc2o1,7.010237,C[C@@H](NC(=O)c1ccc2nc(C3CNC3)oc2c1)c1nc2cc(Br)ccc2o1,7.094501
c1cncc(-c2ccccc2CCNCc2ccc3nc(C4CNC4)oc3c2)c1,7.305552,O=C(NCCc1ccccc1-c1cccnc1)c1ccc2nc(C3CNC3)oc2c1,7.617188
c1ccc(-c2ccc(NCC3CCN3)cc2)c(CCNCc2ccc(-c3nnn(CC4CC4)n3)nc2)c1,8.002034,O=C(NCCc1ccccc1-c1ccc(NCC2CCN2)cc1)c1ccc(-c2nnn(CC3CC3)n2)nc1,7.988941
O=C(NC1(C(=O)NCc2cn(CC3CC3)nn2)CCC1)C1CCN1CC1CNC1,6.93888,O=C(NC1(C(=O)NCc2cn(CC3CC3)nn2)CCC1)C1CCN1C(=O)C1CNC1,6.795426
c1ccc(CCNc2ccc3nc(CNC[C@@H]4Cc5ccccc5CN4)oc3c2)cc1,6.901062,O=C(NCc1nc2ccc(NCCc3ccccc3)cc2o1)[C@@H]1Cc2ccccc2CN1,7.128269
O=C(CN(Cc1ccc2nc([C@@H]3CCCN3)oc2c1)C[C@@H]1Cc2ccccc2CN1)NCc1c[nH]c2ccccc12,6.293084,O=C(CN(C[C@@H]1Cc2ccccc2CN1)C(=O)c1ccc2nc([C@@H]3CCCN3)oc2c1)NCc1c[nH]c2ccccc12,7.011571
O=C(C1CCN1)N1CCC(CNc2cc(-c3ccc4c(ccn4CC4CC4)c3)n[nH]2)CC1,7.663751,O=C(Nc1cc(-c2ccc3c(ccn3CC3CC3)c2)n[nH]1)C1CCN(C(=O)C2CCN2)CC1,7.459753
FC(F)(F)c1ccc(CNCC2CCNCC2)cc1,4.150445,O=C(NCc1ccc(C(F)(F)F)cc1)C1CCNCC1,6.134439
OB(O)c1cccc(NCc2ccccc2NC[C@H]2CCCNC2)c1,4.173699,O=C(Nc1ccccc1CNc1cccc(B(O)O)c1)[C@H]1CCCNC1,4.859857
c1ccc2c(NCc3ccc(COCC4CNC4)cc3)ccnc2c1,6.935289,O=C(Nc1ccnc2ccccc12)c1ccc(COCC2CNC2)cc1,7.509682
O=C(Nc1cccc(-c2ccc(NCC3CCN3C[C@@H]3Cc4ccccc4CN3)cc2)c1)NC1CC1,7.715056,O=C(Nc1cccc(-c2ccc(N(CC3CCN3)C(=O)[C@@H]3Cc4ccccc4CN3)cc2)c1)NC1CC1,6.538087
O=C(NC1(CN[C@@H](C(=O)O)c2ccccc2)CCC1)C1CNC1,4.763307,O=C(NC1(C(=O)N[C@@H](C(=O)O)c2ccccc2)CCC1)C1CNC1,6.163356
Nc1ccc(-c2ccc3oc(-c4ccc(CN5CCC[C@H](C(=O)NCc6c[nH]c7ccccc67)C5)cc4)nc3c2)cc1,7.34639,Nc1ccc(-c2ccc3oc(-c4ccc(C(=O)N5CCC[C@H](C(=O)NCc6c[nH]c7ccccc67)C5)cc4)nc3c2)cc1,7.546134
c1ccc(-c2cn(CC3CC3)nn2)c(CCNCc2ccc3[nH]c(C4CNC4)nc3c2)c1,7.837922,O=C(NCCc1ccccc1-c1cn(CC2CC2)nn1)c1ccc2[nH]c(C3CNC3)nc2c1,7.934155
c1cc(-c2nnnn2CC2CC2)ccc1CO[C@H]1CCCN(Cc2ccc3nc(C4CNC4)oc3c2)C1,7.093955,O=C(c1ccc2nc(C3CNC3)oc2c1)N1CCC[C@H](OCc2ccc(-c3nnnn3CC3CC3)cc2)C1,7.881284
N#Cc1cncc(NC(=O)[C@@H]2Cc3ccccc3CN2CC2CN(Cc3ccc(CCl)cc3)C2)c1,5.576066,N#Cc1cncc(NC(=O)[C@@H]2Cc3ccccc3CN2C(=O)C2CN(Cc3ccc(CCl)cc3)C2)c1,5.566779
OB(O)c1cccc(NCC2CN(c3ccc4nc([C@@H]5Cc6ccccc6CN5)oc4c3)C2)c1,5.776529,O=C(Nc1cccc(B(O)O)c1)C1CN(c2ccc3nc([C@@H]4Cc5ccccc5CN4)oc3c2)C1,6.065025
O=C(O)C1CN(Cc2ccc(C(F)(F)F)cn2)C1,3.855674,O=C(O)C1CN(C(=O)c2ccc(C(F)(F)F)cn2)C1,4.557428
c1cc(NCC2CNC2)cc(-c2cc(NCC3CCN3)[nH]n2)c1,7.886594,O=C(Nc1cccc(-c2cc(NCC3CCN3)[nH]n2)c1)C1CNC1,7.357983
O=Cc1ccc(CNc2ccc(CNCC(=O)O)cc2O)cc1,4.209207,O=Cc1ccc(C(=O)Nc2ccc(CNCC(=O)O)cc2O)cc1,4.375862
O=C(O)c1ccccc1NCc1cccc(CNC2CCC2)c1,4.634919,O=C(NC1CCC1)c1cccc(CNc2ccccc2C(=O)O)c1,4.520436
C[C@@H](N)c1nc2ccc(C(=O)Nc3c(O)cccc3CNCCc3cn(CC4CC4)c4ccccc34)cc2o1,6.332617,C[C@@H](N)c1nc2ccc(C(=O)Nc3c(O)cccc3C(=O)NCCc3cn(CC4CC4)c4ccccc34)cc2o1,6.34799
C[C@@H](NC(=O)Nc1cccc(-c2cc(NC[C@@H]3Cc4ccccc4CN3)[nH]n2)c1)c1ccccc1,7.773754,C[C@@H](NC(=O)Nc1cccc(-c2cc(NC(=O)[C@@H]3Cc4ccccc4CN3)[nH]n2)c1)c1ccccc1,7.742847
O=C(NC1CC1)c1ccccc1NCc1ccc2oc(C3CNC3)nc2c1,7.739147,O=C(Nc1ccccc1C(=O)NC1CC1)c1ccc2oc(C3CNC3)nc2c1,7.61629
Oc1ccc(Br)cc1NC[C@H]1CCCN1,3.355761,O=C(Nc1cc(Br)ccc1O)[C@H]1CCCN1,4.31306
c1ccc2nc(N3CCC(CNc4ccc(NCc5cn(CC6CC6)c6ccccc56)cc4)CC3)ccc2c1,7.742749,O=C(Nc1ccc(NCc2cn(CC3CC3)c3ccccc23)cc1)C1CCN(c2ccc3ccccc3n2)CC1,7.974694
O=C(Nc1cccc2ccn(Cc3ccc(CN4CCC[C@@H](C(=O)Nc5ccnc6ccccc56)C4)cc3)c12)C1CCN1,7.699665,O=C(Nc1cccc2ccn(Cc3ccc(C(=O)N4CCC[C@@H](C(=O)Nc5ccnc6ccccc56)C4)cc3)c12)C1CCN1,7.886667
c1cncc(-c2ccc(NCc3ccc(COCC4CNC4)cc3)cc2)c1,7.38235,O=C(Nc1ccc(-c2cccnc2)cc1)c1ccc(COCC2CNC2)cc1,7.788172
O=C(NC1CC1)[C@@H]1CCCN1C(=O)c1ccc2oc([C@@H]3CCCN3C[C@@H]3Cc4ccccc4CN3)nc2c1,7.445692,O=C(NC1CC1)[C@@H]1CCCN1C(=O)c1ccc2oc([C@@H]3CCCN3C(=O)[C@@H]3Cc4ccccc4CN3)nc2c1,7.123518
Fc1nc(NC[C@H](NCc2cccc(-c3nc4cc(C5=NCCc6ccccc65)ccc4o3)c2)c2ccccc2)c2nc[nH]c2n1,6.847676,O=C(N[C@@H](CNc1nc(F)nc2[nH]cnc12)c1ccccc1)c1cccc(-c2nc3cc(C4=NCCc5ccccc54)ccc3o2)c1,7.101538
OB(O)c1cccc(NCc2ccncc2)c1,3.004688,O=C(Nc1cccc(B(O)O)c1)c1ccncc1,3.257103
O=C(NC1CC1)c1ccc(CN(C[C@@H]2Cc3ccccc3CN2)c2cccnc2Nc2cc(F)c(F)cc2O)cc1,6.063024,O=C(NC1CC1)c1ccc(CN(C(=O)[C@@H]2Cc3ccccc3CN2)c2cccnc2Nc2cc(F)c(F)cc2O)cc1,6.144096
c1cc(CN(Cc2ccc3oc(C4CNC4)nc3c2)C23CC(C2)C3)cc(C2=NCCc3ccccc32)c1,7.773847,O=C(c1ccc2oc(C3CNC3)nc2c1)N(Cc1cccc(C2=NCCc3ccccc32)c1)C12CC(C1)C2,4.548234
Nc1nc(F)nc2c1ncn2Cc1ccc(CNc2ccnc3ccccc23)cc1,5.448351,Nc1nc(F)nc2c1ncn2Cc1ccc(C(=O)Nc2ccnc3ccccc23)cc1,5.531388
c1cc(NCc2ccc3nc(C4CNC4)oc3c2)cc(-c2ccc3[nH]c([C@@H]4CCCN4)nc3c2)c1,8.057049,O=C(Nc1cccc(-c2ccc3[nH]c([C@@H]4CCCN4)nc3c2)c1)c1ccc2nc(C3CNC3)oc2c1,7.367465
OB(O)c1ccc(NCc2ccc(O)c(NCC3CNC3)c2)cc1,4.776993,O=C(Nc1ccc(B(O)O)cc1)c1ccc(O)c(NCC2CNC2)c1,5.215428
Brc1c[nH]nc1NC[C@@H]1CCCN1,2.39834,O=C(Nc1n[nH]cc1Br)[C@@H]1CCCN1,4.255268
O=C(O)C1CCN(c2ccc(NCc3cccc4oc(C5CNC5)nc34)cc2)CC1,6.424851,O=C(Nc1ccc(N2CCC(C(=O)O)CC2)cc1)c1cccc2oc(C3CNC3)nc12,6.348363
C[C@H](NC(=O)C1CCN(Cc2ccc(C#N)nc2)CC1)c1ccccc1,6.056665,C[C@H](NC(=O)C1CCN(C(=O)c2ccc(C#N)nc2)CC1)c1ccccc1,6.304349
O=C(O)c1ccc(CO[C@@H]2CCN(Cc3ccc(-c4nc5ccc(C6=NCCc7ccccc76)cc5o4)cc3)C2)cc1,7.206906,O=C(O)c1ccc(CO[C@@H]2CCN(C(=O)c3ccc(-c4nc5ccc(C6=NCCc7ccccc76)cc5o4)cc3)C2)cc1,7.429117
c1ccc2c(c1)CN[C@H](CN1CCC1c1nc3ccc(-c4cn(CC5CC5)nn4)cc3o1)C2,7.837512,O=C([C@@H]1Cc2ccccc2CN1)N1CCC1c1nc2ccc(-c3cn(CC4CC4)nn3)cc2o1,7.727295
c1ccc(CNCc2ccc3nc([C@@H]4CCCN4)oc3c2)cc1,6.818726,O=C(NCc1ccccc1)c1ccc2nc([C@@H]3CCCN3)oc2c1,7.26639
COc1ccc2oc(-c3ccc(CN(Cc4cn(CC5CC5)nn4)C[C@@H]4Cc5ccccc5CN4)cc3)nc2c1,7.260017,COc1ccc2oc(-c3ccc(CN(Cc4cn(CC5CC5)nn4)C(=O)[C@@H]4Cc5ccccc5CN4)cc3)nc2c1,7.222724
O=C(NCc1cn(CC2CC2)c2ccccc12)Nc1ccc(-c2ccc(NC[C@@H]3Cc4ccccc4CN3)cc2)cc1,7.698662,O=C(NCc1cn(CC2CC2)c2ccccc12)Nc1ccc(-c2ccc(NC(=O)[C@@H]3Cc4ccccc4CN3)cc2)cc1,7.48144
Nc1ccc(CN2CCC[C@H]2CO)cc1O,3.000877,Nc1ccc(C(=O)N2CCC[C@H]2CO)cc1O,3.088841
O=C(O)[C@@H]1CCCN1Cc1cccc(-c2cn(CC3CC3)cn2)c1,5.938941,O=C(O)[C@@H]1CCCN1C(=O)c1cccc(-c2cn(CC3CC3)cn2)c1,5.722979
O=C(O)[C@H](Cc1c[nH]c2ccccc12)NCc1ccc2nc(-c3ccc(CCl)cc3)oc2c1,5.13546,O=C(N[C@@H](Cc1c[nH]c2ccccc12)C(=O)O)c1ccc2nc(-c3ccc(CCl)cc3)oc2c1,5.264798
ClCc1ccccc1-c1nc2ccc(CNCCc3ccccc3)cc2o1,5.615564,O=C(NCCc1ccccc1)c1ccc2nc(-c3ccccc3CCl)oc2c1,5.794667
O=C(O)C1(NCc2ccc3nc(-c4cccc(B(O)O)c4)oc3c2)CCC1,4.426822,O=C(NC1(C(=O)O)CCC1)c1ccc2nc(-c3cccc(B(O)O)c3)oc2c1,4.981688
Oc1c(Br)cccc1NCC1CCN1,4.992484,O=C(Nc1cccc(Br)c1O)C1CCN1,5.322282
O=C(NC1CC1)c1cccc(CN2CCC[C@@H]2CN(CC2CCN2)c2ccnc3ccccc23)c1,7.040347,O=C(NC1CC1)c1cccc(CN2CCC[C@@H]2CN(C(=O)C2CCN2)c2ccnc3ccccc23)c1,7.063155
OB(O)c1ccc(NCc2cccc3oc(C4CCN4)nc23)cc1,5.360969,O=C(Nc1ccc(B(O)O)cc1)c1cccc2oc(C3CCN3)nc12,5.424195
O=C(O)c1ccc2oc(C3CN(C[C@@H]4CCCN4)C3)nc2c1,4.828653,O=C(O)[C@@H]1CCCN1C(=O)c1ccc2oc(C3CNC3)nc2c1,5.849549
O=C([C@@H]1Cc2ccccc2CN1)N1CC(c2nc3ccc(CNCc4cn(CC5CC5)c5ccccc45)cc3[nH]2)C1,7.703692,O=C(NCc1cn(CC2CC2)c2ccccc12)c1ccc2nc(C3CN(C(=O)[C@@H]4Cc5ccccc5CN4)C3)[nH]c2c1,7.834296
O=C(O)C1CN(c2ccc(NC(=O)N3CCC[C@@H]3CNCCc3ccncc3)cc2)C1,5.946852,O=C(NCCc1ccncc1)C1CN(c2ccc(NC(=O)N3CCC[C@@H]3C(=O)O)cc2)C1,5.933213
Fc1nc(NC[C@@H]2Cc3ccccc3CN2)c2nc[nH]c2n1,5.68127,O=C(Nc1nc(F)nc2[nH]cnc12)[C@@H]1Cc2ccccc2CN1,6.131801
Fc1ncc(N(CCc2c[nH]c3ccccc23)Cc2cccc(-c3nc4cc(-c5nnn(CC6CC6)n5)ccc4o3)c2)cn1,7.29399,O=C(c1cccc(-c2nc3cc(-c4nnn(CC5CC5)n4)ccc3o2)c1)N(CCc1c[nH]c2ccccc12)c1cnc(F)nc1,7.573798
O=C(NCCc1c[nH]c2ccccc12)c1cccc(-c2nc3cc(CNc4nc(F)nc5[nH]cnc45)ccc3o2)c1,6.563703,O=C(NCCc1c[nH]c2ccccc12)c1cccc(-c2nc3cc(C(=O)Nc4nc(F)nc5[nH]cnc45)ccc3o2)c1,6.963344
c1cncc(-c2ccc3nc(C4CN(Cc5ccc6nc(C7CNC7)oc6c5)C4)oc3c2)c1,7.763197,O=C(c1ccc2nc(C3CNC3)oc2c1)N1CC(c2nc3ccc(-c4cccnc4)cc3o2)C1,7.124226
CC[C@H](NCc1ccc(-c2nnn(CC3CC3)n2)nc1)c1nc2cc(C(=O)O)ccc2[nH]1,6.528557,CC[C@H](NC(=O)c1ccc(-c2nnn(CC3CC3)n2)nc1)c1nc2cc(C(=O)O)ccc2[nH]1,6.569791
O=C(NC12CC(C1)C2)c1ccc2nc(C3CN(Cc4ccc5oc(C6CNC6)nc5c4)C3)oc2c1,7.686709,O=C(NC12CC(C1)C2)c1ccc2nc(C3CN(C(=O)c4ccc5oc(C6CNC6)nc5c4)C3)oc2c1,5.062211
O=C(NCc1c[nH]c2ccccc12)N1CCC[C@@H](CN2CCC[C@@H]2CNc2ccc(-c3cnc(F)nc3)cc2)C1,7.326581,O=C(NCc1c[nH]c2ccccc12)N1CCC[C@@H](C(=O)N(C[C@H]2CCCN2)c2ccc(-c3cnc(F)nc3)cc2)C1,6.60396
Brc1ccc(NCc2ccc3nc([C@H]4CCCN4)oc3c2)cc1,6.464147,O=C(Nc1ccc(Br)cc1)c1ccc2nc([C@H]3CCCN3)oc2c1,6.882923
O=C(Nc1cccc2cc[nH]c12)[C@@H]1Cc2ccccc2CN1CC1CNC1,5.890632,O=C(Nc1cccc2cc[nH]c12)[C@@H]1Cc2ccccc2CN1C(=O)C1CNC1,6.647864
O=C(Nc1ccnc2ccccc12)C1CN(C(=O)C2CCN(Cc3ccc4nc(C5CNC5)[nH]c4c3)CC2)C1,7.830574,O=C(Nc1ccnc2ccccc12)C1CN(C(=O)C2CCN(C(=O)c3ccc4nc(C5CNC5)[nH]c4c3)CC2)C1,7.495446
O=C(O)c1ccc(O)c(NCC2CCNCC2)c1,3.681247,O=C(O)c1ccc(O)c(NC(=O)C2CCNCC2)c1,4.850837
O=C(NCc1c[nH]c2ccccc12)C1CCN1Cc1ccc2nc(C3CNC3)[nH]c2c1,7.504354,O=C(NCc1c[nH]c2ccccc12)C1CCN1C(=O)c1ccc2nc(C3CNC3)[nH]c2c1,7.637558
c1cncc(Cn2c([C@H]3CCCN3)nc3ccc(CNc4ccnc5ccccc45)cc32)c1,5.962563,O=C(Nc1ccnc2ccccc12)c1ccc2nc([C@H]3CCCN3)n(Cc3cccnc3)c2c1,5.978543
c1ccc(CCN(Cc2ccc(-c3nnn(CC4CC4)n3)nc2)Cc2ccc3oc(C4CCNCC4)nc3c2)cc1,7.631045,O=C(c1ccc(-c2nnn(CC3CC3)n2)nc1)N(CCc1ccccc1)Cc1ccc2oc(C3CCNCC3)nc2c1,7.504289
Oc1cc(Br)ccc1NCc1ccc(CCl)cc1,3.715417,O=C(Nc1ccc(Br)cc1O)c1ccc(CCl)cc1,3.957902
c1cc(CN2CC(CNC34CC(C3)C4)C2)c2nc(-c3ccc(CO[C@H]4CN5CCC4CC5)cc3)oc2c1,7.729185,O=C(c1cccc2oc(-c3ccc(CO[C@H]4CN5CCC4CC5)cc3)nc12)N(CC1CNC1)C12CC(C1)C2,7.179455
N[C@@H](CN[C@@H](C(=O)Nc1nc(F)nc2[nH]cnc12)c1ccccc1)Cc1c[nH]c2ccccc12,4.32198,N[C@H](Cc1c[nH]c2ccccc12)C(=O)N[C@@H](C(=O)Nc1nc(F)nc2[nH]cnc12)c1ccccc1,4.409954
O=C(Nc1ccc(B(O)O)cc1)C1(NC[C@@H]2CCCN2)CCC1,4.374895,O=C(NC1(C(=O)Nc2ccc(B(O)O)cc2)CCC1)[C@@H]1CCCN1,5.130677
c1cc(-c2cscn2)cc(N(Cc2ccc3oc(C4CNC4)nc3c2)C2CCC2)c1,6.402554,O=C(c1ccc2oc(C3CNC3)nc2c1)N(c1cccc(-c2cscn2)c1)C1CCC1,6.035697
O=C(Nc1cccc2ccccc12)N1CCC(CNc2ccc(-c3cccc(-c4nnn(CC5CC5)n4)c3)cc2)CC1,7.98008,O=C(Nc1ccc(-c2cccc(-c3nnn(CC4CC4)n3)c2)cc1)C1CCN(C(=O)Nc2cccc3ccccc23)CC1,7.903154
O=C(NCc1ccco1)N[C@H](CNCCc1cn(Cc2ccc(-c3nnn(CC4CC4)n3)cc2)c2ccccc12)c1ccccc1,7.388207,O=C(NCc1ccco1)N[C@H](C(=O)NCCc1cn(Cc2ccc(-c3nnn(CC4CC4)n3)cc2)c2ccccc12)c1ccccc1,7.497014
c1cc(NCc2ccc3oc([C@H]4CCCNC4)nc3c2)c2c(c1)ccn2Cc1ccc(-c2nnn(CC3CC3)n2)cc1,7.643767,O=C(Nc1cccc2ccn(Cc3ccc(-c4nnn(CC5CC5)n4)cc3)c12)c1ccc2oc([C@H]3CCCNC3)nc2c1,7.794358
O=C(NC12CC(C1)C2)c1ccc(CNc2cccc3ccn(Cc4ccc(CNC56CC(C5)C6)cc4)c23)cc1,7.439494,O=C(NC12CC(C1)C2)c1ccc(CNc2cccc3ccn(Cc4ccc(C(=O)NC56CC(C5)C6)cc4)c23)cc1,7.452921
O=C(O)c1cccc(-c2ccc3nc(C(=O)N4CCC4CNC4(C(=O)O)CCC4)oc3c2)c1,5.452885,O=C(NC1(C(=O)O)CCC1)c1cccc(-c2ccc3nc(C(=O)N4CCC4C(=O)O)oc3c2)c1,6.062901
O=C([C@H]1CCCN1Cc1ccc(-c2nnn(CC3CC3)n2)nc1)N1CCC[C@@H]1c1nc2ccccc2o1,7.813911,O=C(c1ccc(-c2nnn(CC3CC3)n2)nc1)N1CCC[C@@H]1C(=O)N1CCC[C@@H]1c1nc2ccccc2o1,7.319826
O=C(O)[C@@H](NCc1ccc2nc(C3CCN(C(=O)NC4CC4)CC3)oc2c1)c1ccccc1,6.868759,O=C(N[C@H](C(=O)O)c1ccccc1)c1ccc2nc(C3CCN(C(=O)NC4CC4)CC3)oc2c1,6.912769
c1cc(CN(CC2CCN2)c2ccnc3ccccc23)cc(-c2ccc3c(ccn3CC3CC3)c2)c1,7.387769,O=C(C1CCN1)N(Cc1cccc(-c2ccc3c(ccn3CC3CC3)c2)c1)c1ccnc2ccccc12,7.455674
c1ccc(CNC[C@@H]2Cc3ccccc3CN2)cc1,6.30384,O=C(NCc1ccccc1)[C@@H]1Cc2ccccc2CN1,6.494388
O=Cc1cccc(CN2CCC2CN2CC(C(=O)Nc3cc(-c4nnn(CC5CC5)n4)ccc3O)C2)c1,6.591343,O=Cc1cccc(C(=O)N2CCC2CN2CC(C(=O)Nc3cc(-c4nnn(CC5CC5)n4)ccc3O)C2)c1,6.683215
O=C(Nc1cccc(-c2ccc3oc([C@@H]4CCCN4)nc3c2)c1)C1CCN(C[C@@H]2Cc3ccccc3CN2)CC1,7.948286,O=C(Nc1cccc(-c2ccc3oc([C@@H]4CCCN4)nc3c2)c1)C1CCN(C(=O)[C@@H]2Cc3ccccc3CN2)CC1,7.793926
O=C(O)c1ccc(NCc2ccc3nc(-c4ccc(CO[C@H]5CN6CCC5CC6)cc4)oc3c2)c(O)c1,7.228836,O=C(O)c1ccc(NC(=O)c2ccc3nc(-c4ccc(CO[C@H]5CN6CCC5CC6)cc4)oc3c2)c(O)c1,7.202126
O=C([C@H]1CCCN1)N(Cc1cnccc1NCc1ccc2nc(C3CNC3)[nH]c2c1)C12CC(C1)C2,7.276766,O=C(Nc1ccncc1CN(C(=O)[C@H]1CCCN1)C12CC(C1)C2)c1ccc2nc(C3CNC3)[nH]c2c1,6.545723
c1cc(CNc2n[nH]cc2-c2cccc(NCC3CNC3)c2)cc(CNc2ccnc3ccccc23)c1,7.234282,O=C(Nc1ccnc2ccccc12)c1cccc(CNc2n[nH]cc2-c2cccc(NCC3CNC3)c2)c1,7.378511
O=C(Nc1cccc(-c2ccccc2CCNCC2CCN2)c1)c1ccc(-c2nnn(CC3CC3)n2)nc1,7.670693,O=C(Nc1cccc(-c2ccccc2CCNC(=O)C2CCN2)c1)c1ccc(-c2nnn(CC3CC3)n2)nc1,7.832312
O=C([C@H](NCc1cccc(-c2cn(CC3CC3)cn2)c1)c1ccccc1)N1CC(CO)C1,6.38662,O=C(N[C@@H](C(=O)N1CC(CO)C1)c1ccccc1)c1cccc(-c2cn(CC3CC3)cn2)c1,6.579077
O=C(NCc1ccccc1)c1ccc(COCC2CN(Cc3ccc4nc(C5CNC5)oc4c3)C2)cc1,7.796661,O=C(NCc1ccccc1)c1ccc(COCC2CN(C(=O)c3ccc4nc(C5CNC5)oc4c3)C2)cc1,7.785061
O=C(Nc1cccc(-c2cc(NCc3ccc(-c4nnn(CC5CC5)n4)nc3)[nH]n2)c1)Nc1nc(F)nc2[nH]cnc12,7.850522,O=C(Nc1cccc(-c2cc(NC(=O)c3ccc(-c4nnn(CC5CC5)n4)nc3)[nH]n2)c1)Nc1nc(F)nc2[nH]cnc12,7.532585
NCCc1ccccc1-c1cccc(NCc2cccc(-c3cn(CC4CC4)cn3)c2)c1,6.934422,NCCc1ccccc1-c1cccc(NC(=O)c2cccc(-c3cn(CC4CC4)cn3)c2)c1,7.077586
O=C(O)C1CCN1Cc1ccc(CCl)cc1,3.350081,O=C(O)C1CCN1C(=O)c1ccc(CCl)cc1,3.833315
c1cc(NCc2ccc3[nH]c(C4CCN4)nc3c2)c2[nH]ccc2c1,6.783096,O=C(Nc1cccc2cc[nH]c12)c1ccc2[nH]c(C3CCN3)nc2c1,6.889265
c1cncc(-c2ccc(NCc3ccc4[nH]c(C5CNC5)nc4c3)cc2)c1,7.843575,O=C(Nc1ccc(-c2cccnc2)cc1)c1ccc2[nH]c(C3CNC3)nc2c1,7.519197
c1cc(NCc2ccc3nc(C4CNC4)oc3c2)cc(-c2cn(CC3CC3)cn2)c1,8.319014,O=C(Nc1cccc(-c2cn(CC3CC3)cn2)c1)c1ccc2nc(C3CNC3)oc2c1,8.148125
c1ccc(-c2nc3ccc(CN(Cc4ccc5oc(C6CNC6)nc5c4)C45CC(C4)C5)cc3o2)cc1,7.73927,O=C(c1ccc2oc(C3CNC3)nc2c1)N(Cc1ccc2nc(-c3ccccc3)oc2c1)C12CC(C1)C2,7.465516
OB(O)c1cccc(NCC2CN(Cc3ccc4nc(-c5ccccc5)oc4c3)C2)c1,5.39643,O=C(Nc1cccc(B(O)O)c1)C1CN(Cc2ccc3nc(-c4ccccc4)oc3c2)C1,5.458718
O=C(NC12CC(C1)C2)c1ccc(NCC2CN(Cc3ccc(-c4nnn(CC5CC5)n4)nc3)C2)c(O)c1,7.438711,O=C(NC12CC(C1)C2)c1ccc(N(CC2CNC2)C(=O)c2ccc(-c3nnn(CC4CC4)n3)nc2)c(O)c1,5.807215
Brc1ccc(NCc2cccnc2)cc1,4.018678,O=C(Nc1ccc(Br)cc1)c1cccnc1,4.384434
O=C([C@H](Cc1ccccc1)NCc1ccc2[nH]c(C3CNC3)nc2c1)N1CCC[C@H](O)C1,5.974185,O=C(N[C@@H](Cc1ccccc1)C(=O)N1CCC[C@H](O)C1)c1ccc2[nH]c(C3CNC3)nc2c1,6.101286
O=C(NCc1cn(CC2CC2)c2ccccc12)c1cccnc1N(CC1CCN1)c1ccnc2ccccc12,7.222497,O=C(NCc1cn(CC2CC2)c2ccccc12)c1cccnc1N(C(=O)C1CCN1)c1ccnc2ccccc12,7.094517
O=C(Nc1cccc2ccccc12)N1CCN(Cc2cccc3oc(-c4ccc(CO[C@H]5CN6CCC5CC6)cc4)nc23)CC1,7.799429,O=C(Nc1cccc2ccccc12)N1CCN(C(=O)c2cccc3oc(-c4ccc(CO[C@H]5CN6CCC5CC6)cc4)nc23)CC1,7.71287
O=C(NC1CC1)[C@@H]1Cc2ccccc2CN1Cc1ccc2nc([C@@H]3CCCN3)oc2c1,7.223153,O=C(NC1CC1)[C@@H]1Cc2ccccc2CN1C(=O)c1ccc2nc([C@@H]3CCCN3)oc2c1,7.004673
O=C(c1cccnc1)N1CCC[C@@H]1CNCCc1ccccc1,5.252745,O=C(NCCc1ccccc1)[C@H]1CCCN1C(=O)c1cccnc1,5.634973
O=C(c1ccc(F)cc1)N1CCC(CNc2cc(-c3cccc(-c4nnn(CC5CC5)n4)c3)n[nH]2)CC1,7.682437,O=C(Nc1cc(-c2cccc(-c3nnn(CC4CC4)n3)c2)n[nH]1)C1CCN(C(=O)c2ccc(F)cc2)CC1,7.656405
O=C(Nc1cccc(-c2cc(NC[C@@H]3Cc4ccccc4CN3)[nH]n2)c1)[C@@H](Cc1c[nH]c2ccccc12)NCC1CCN1,7.748744,O=C(N[C@H](Cc1c[nH]c2ccccc12)C(=O)Nc1cccc(-c2cc(NC[C@@H]3Cc4ccccc4CN3)[nH]n2)c1)C1CCN1,7.811842
O=C(NC1CC1)c1cccc(-c2cc(NCc3ccc4nc(C5CNC5)oc4c3)[nH]n2)c1,8.181282,O=C(Nc1cc(-c2cccc(C(=O)NC3CC3)c2)n[nH]1)c1ccc2nc(C3CNC3)oc2c1,7.172346
OB(O)c1cccc(NCc2cccc(NCCc3ccccc3Br)n2)c1,4.116567,O=C(Nc1cccc(B(O)O)c1)c1cccc(NCCc2ccccc2Br)n1,4.371581
O=Cc1ccnc(-c2cccc(-c3nnn(Cc4ccc(CNC56CC(C5)C6)cc4)n3)c2)c1,6.904703,O=Cc1ccnc(-c2cccc(-c3nnn(Cc4ccc(C(=O)NC56CC(C5)C6)cc4)n3)c2)c1,6.758215
O=C(c1cccc(F)n1)N1CC(CN2CC(CNCc3cn(CC4CC4)c4ccccc34)C2)C1,6.826625,O=C(NCc1cn(CC2CC2)c2ccccc12)C1CN(CC2CN(C(=O)c3cccc(F)n3)C2)C1,7.10419
O=C(NC1CC1)c1ccc(-c2nc3cc(CNc4cccc(B(O)O)c4)ccc3o2)cc1,6.266602,O=C(Nc1cccc(B(O)O)c1)c1ccc2oc(-c3ccc(C(=O)NC4CC4)cc3)nc2c1,6.122224
c1ccc2c(CCNCc3ccc4oc(-c5ccc(-c6nnn(CC7CC7)n6)nc5)nc4c3)c[nH]c2c1,7.740489,O=C(NCCc1c[nH]c2ccccc12)c1ccc2oc(-c3ccc(-c4nnn(CC5CC5)n4)nc3)nc2c1,7.710388
O=C(O)c1ccccc1NC(=O)C1CCN1Cc1ccc(CO[C@H]2CN3CCC2CC3)cc1,7.055077,O=C(O)c1ccccc1NC(=O)C1CCN1C(=O)c1ccc(CO[C@H]2CN3CCC2CC3)cc1,7.110384
c1ccc2oc(-c3ccc4nc([C@@H]5CCCN5Cc5ccc6oc(C7CNC7)nc6c5)oc4c3)nc2c1,7.706075,O=C(c1ccc2oc(C3CNC3)nc2c1)N1CCC[C@H]1c1nc2ccc(-c3nc4ccccc4o3)cc2o1,7.27378
Nc1ccc(CNc2ccc(Br)cc2)cc1O,3.776269,Nc1ccc(C(=O)Nc2ccc(Br)cc2)cc1O,4.044579
O=C(NCc1c[nH]c2ccccc12)N1CCC[C@@H](CNc2cccc(-c3cccc4nc(C5CCNCC5)oc34)c2)C1,7.622404,O=C(Nc1cccc(-c2cccc3nc(C4CCNCC4)oc23)c1)[C@@H]1CCCN(C(=O)NCc2c[nH]c3ccccc23)C1,7.736737
O=C(c1ccc2nc(-c3ccc(CO[C@H]4CN5CCC4CC5)cc3)oc2c1)N1CCN(CC2CNC2)CC1,7.91134,O=C(c1ccc2nc(-c3ccc(CO[C@H]4CN5CCC4CC5)cc3)oc2c1)N1CCN(C(=O)C2CNC2)CC1,7.162777
O=Cc1ccccc1CNc1cccc(B(O)O)c1,3.156113,O=Cc1ccccc1C(=O)Nc1cccc(B(O)O)c1,3.360862
O=C(c1ccc2[nH]c([C@@H]3Cc4ccccc4CN3C(=O)C3CNC3)nc2c1)N1CCC(CNCc2ccccc2)CC1,6.799874,O=C(NCc1ccccc1)C1CCN(C(=O)c2ccc3[nH]c([C@@H]4Cc5ccccc5CN4C(=O)C4CNC4)nc3c2)CC1,6.81076
Brc1cc(NCc2ccc(CNC34CC(C3)C4)cc2)[nH]n1,6.172272,O=C(Nc1cc(Br)n[nH]1)c1ccc(CNC23CC(C2)C3)cc1,6.315521
O=C(NCCc1cn(CC2CC2)c2ccccc12)[C@@H](NCc1ccc(-c2nnn(CC3CC3)n2)nc1)c1ccccc1,7.946381,O=C(N[C@H](C(=O)NCCc1cn(CC2CC2)c2ccccc12)c1ccccc1)c1ccc(-c2nnn(CC3CC3)n2)nc1,7.905766
O=Cc1ccc(CNc2ccccc2O)cc1,3.704325,O=Cc1ccc(C(=O)Nc2ccccc2O)cc1,3.978035
O=C(Nc1ccnc2ccccc12)[C@@H]1CCCN(Cc2ccc3nc(-c4ccc(-c5nnn(CC6CC6)n5)nc4)[nH]c3c2)C1,8.01559,O=C(Nc1ccnc2ccccc12)[C@@H]1CCCN(C(=O)c2ccc3nc(-c4ccc(-c5nnn(CC6CC6)n5)nc4)[nH]c3c2)C1,7.895966
O=C(NCc1ccccc1)C1CN(Cc2ccc(N(CC3CNC3)C[C@@H]3Cc4ccccc4CN3)c(O)c2)C1,6.852745,O=C(NCc1ccccc1)C1CN(Cc2ccc(N(CC3CNC3)C(=O)[C@@H]3Cc4ccccc4CN3)c(O)c2)C1,6.873629
C[C@@H](NCc1ccccc1C(=O)O)C(=O)Nc1ccc(-c2ccc(NCC3CCN3)cc2)cc1,6.687338,C[C@@H](NCc1ccccc1C(=O)O)C(=O)Nc1ccc(-c2ccc(NC(=O)C3CCN3)cc2)cc1,6.835433
O=C(NC1CC1)c1ccc2[nH]c(-c3ccc(CNc4ccccc4C(=O)O)cc3)nc2c1,7.011021,O=C(Nc1ccccc1C(=O)O)c1ccc(-c2nc3cc(C(=O)NC4CC4)ccc3[nH]2)cc1,6.834539
C[C@@H](NC(=O)C1CCN(Cc2cccc(-c3ccc(NC(=O)C4CCN4)cc3)c2)CC1)c1ccccc1,7.516407,C[C@@H](NC(=O)C1CCN(C(=O)c2cccc(-c3ccc(NC(=O)C4CCN4)cc3)c2)CC1)c1ccccc1,7.161572
Oc1cc(CNc2ccnc3ccccc23)ccc1NC1CN(c2ccc(-c3nnn(CC4CC4)n3)cc2)C1,7.524794,O=C(Nc1ccnc2ccccc12)c1ccc(NC2CN(c3ccc(-c4nnn(CC5CC5)n4)cc3)C2)c(O)c1,7.379486
O=C(NCc1c[nH]c2ccccc12)[C@@H]1Cc2ccccc2CN1Cc1ccc(CNC23CC(C2)C3)cc1,7.294438,O=C(NC12CC(C1)C2)c1ccc(CN2Cc3ccccc3C[C@H]2C(=O)NCc2c[nH]c3ccccc23)cc1,7.222252
O=Cc1cccc(CN(Cc2ccc(-c3nnn(CC4CC4)n3)nc2)C23CC(C2)C3)c1,6.847757,O=Cc1cccc(CN(C(=O)c2ccc(-c3nnn(CC4CC4)n3)nc2)C23CC(C2)C3)c1,6.376954
OB(O)c1cccc(NCc2ccnc(-c3cccc(NCC4CCN4)c3)c2)c1,5.905297,O=C(Nc1cccc(-c2cc(CNc3cccc(B(O)O)c3)ccn2)c1)C1CCN1,6.180598
CC1(C)OB(c2ccc(NCc3cccc(O)c3N)nc2)OC1(C)C,3.857035,CC1(C)OB(c2ccc(NC(=O)c3cccc(O)c3N)nc2)OC1(C)C,3.657944
N[C@H](CNc1ccc(NCc2cn(CC3CC3)c3ccccc23)cc1)c1ccccc1,6.944402,N[C@H](C(=O)Nc1ccc(NCc2cn(CC3CC3)c3ccccc23)cc1)c1ccccc1,7.710628
N[C@H](CNc1cccc2cc[nH]c12)Cc1ccc([N+](=O)[O-])cc1,3.094511,N[C@@H](Cc1ccc([N+](=O)[O-])cc1)C(=O)Nc1cccc2cc[nH]c12,3.973316
OB(O)c1cccc(NCc2ccc3nc([C@H]4CCCN4)[nH]c3c2)c1,4.995974,O=C(Nc1cccc(B(O)O)c1)c1ccc2nc([C@H]3CCCN3)[nH]c2c1,5.145877
c1ccc2c(NC3CCCN(Cc4ccc5nc(-c6ccc(CO[C@H]7CN8CCC7CC8)cc6)oc5c4)C3)ccnc2c1,7.171188,O=C(c1ccc2nc(-c3ccc(CO[C@H]4CN5CCC4CC5)cc3)oc2c1)N(c1ccnc2ccccc12)C1CCCNC1,7.644525
O=C(O)[C@H]1CCCN1Cc1ccc(F)cc1,3.27584,O=C(O)[C@H]1CCCN1C(=O)c1ccc(F)cc1,3.5439
O=C(Nc1ccccc1CNc1cc(Br)n[nH]1)C1CCNCC1,5.637603,O=C(Nc1cc(Br)n[nH]1)c1ccccc1NC(=O)C1CCNCC1,5.914889
c1cc(NCc2ccc3oc(C4CNC4)nc3c2)c2c(c1)ccn2CC1CC1,7.877191,O=C(Nc1cccc2ccn(CC3CC3)c12)c1ccc2oc(C3CNC3)nc2c1,8.014817
Brc1ccc2nc(C3CN(Cc4ccc5oc(-c6ccc(CO[C@H]7CN8CCC7CC8)cc6)nc5c4)C3)oc2c1,7.802612,O=C(c1ccc2oc(-c3ccc(CO[C@H]4CN5CCC4CC5)cc3)nc2c1)N1CC(c2nc3ccc(Br)cc3o2)C1,7.728051
Fc1nc(NCc2ccc3oc(C4CNC4)nc3c2)c2ncn(CC3CC3)c2n1,7.650121,O=C(Nc1nc(F)nc2c1ncn2CC1CC1)c1ccc2oc(C3CNC3)nc2c1,7.686787
O=C(O)[C@@H]1CCCN(CC2CNC2)C1,2.77594,O=C(O)C1CN(C(=O)[C@@H]2CCCNC2)C1,4.628766
c1cc(NCC2CCN2)cc(-c2ccc3nc([C@@H]4Cc5ccccc5CN4)oc3c2)c1,7.898777,O=C(Nc1cccc(-c2ccc3nc([C@@H]4Cc5ccccc5CN4)oc3c2)c1)C1CCN1,7.814492
O=C(NCc1cn(CC2CC2)c2ccccc12)[C@@H]1Cc2ccccc2CN1Cc1ccc2nc(C3CNC3)[nH]c2c1,7.804594,O=C(NCc1cn(CC2CC2)c2ccccc12)[C@@H]1Cc2ccccc2CN1C(=O)c1ccc2nc(C3CNC3)[nH]c2c1,7.566956
c1ccc2c(c1)c(CCNC1CCN(Cc3ccc4nc(C5CNC5)oc4c3)CC1)cn2CC1CC1,7.991546,O=C(c1ccc2nc(C3CNC3)oc2c1)N(CCc1cn(CC2CC2)c2ccccc12)C1CCNCC1,7.308207
c1ccc2c(c1)CN[C@H](CNc1ccc(-c3ccc4nc(-c5ccc6nc(C7CNC7)oc6c5)oc4c3)cc1)C2,7.891392,O=C(Nc1ccc(-c2ccc3nc(-c4ccc5nc(C6CNC6)oc5c4)oc3c2)cc1)[C@@H]1Cc2ccccc2CN1,7.334204
N#Cc1ccc(CN2CCNCC2)cn1,3.641848,N#Cc1ccc(C(=O)N2CCNCC2)cn1,4.403769
N[C@H](CN1CCC(CNCc2c[nH]c3ccccc23)CC1)c1ccccc1,4.757644,N[C@H](CN1CCC(C(=O)NCc2c[nH]c3ccccc23)CC1)c1ccccc1,5.80541
c1cc(NCc2ccc3oc(-c4ccc5nc(C6CCN6)[nH]c5c4)nc3c2)c2[nH]ccc2c1,7.347579,O=C(Nc1cccc2cc[nH]c12)c1ccc2oc(-c3ccc4nc(C5CCN5)[nH]c4c3)nc2c1,7.155789
Brc1ccc(NCc2ccc(COC3CCNCC3)cc2)cc1,4.943932,O=C(Nc1ccc(Br)cc1)c1ccc(COC2CCNCC2)cc1,5.112633
c1ccc2c(CCNCc3ccc(CO[C@H]4CN5CCC4CC5)cc3)c[nH]c2c1,7.496873,O=C(NCCc1c[nH]c2ccccc12)c1ccc(CO[C@H]2CN3CCC2CC3)cc1,7.372682
Brc1ccc(NC[C@@H]2Cc3ccccc3CN2)cc1,5.931985,O=C(Nc1ccc(Br)cc1)[C@@H]1Cc2ccccc2CN1,6.227978
O=C(Nc1cccc2ccn(CC3CC3)c12)C1CN(C[C@@H]2CCCN(CC3CCN3)C2)C1,6.006919,O=C(Nc1cccc2ccn(CC3CC3)c12)C1CN(C[C@@H]2CCCN(C(=O)C3CCN3)C2)C1,7.738916
O=C(O)C1(NCc2ccccc2CCl)CCC1,2.931703,O=C(NC1(C(=O)O)CCC1)c1ccccc1CCl,3.888708
c1cc(CN2CC(c3nc4cc(-c5nnnn5CC5CC5)ccc4o3)C2)ccc1CO[C@H]1CN2CCC1CC2,7.845611,O=C(c1ccc(CO[C@H]2CN3CCC2CC3)cc1)N1CC(c2nc3cc(-c4nnnn4CC4CC4)ccc3o2)C1,7.588017
Brc1ccc2nc(-c3c[nH]c4ccc(NCc5ccc(-c6nnn(CC7CC7)n6)nc5)cc34)oc2c1,7.362806,O=C(Nc1ccc2[nH]cc(-c3nc4ccc(Br)cc4o3)c2c1)c1ccc(-c2nnn(CC3CC3)n2)nc1,7.318042
O=Cc1ccc(-c2ccc(NCc3ccc4nc(C5CNC5)oc4c3)cc2)cc1,7.398572,O=Cc1ccc(-c2ccc(NC(=O)c3ccc4nc(C5CNC5)oc4c3)cc2)cc1,6.708279
O=C(Nc1ccc(-c2cccc(NCC3CCN3)c2)cc1O)C1CNC1,7.331646,O=C(Nc1ccc(-c2cccc(NC(=O)C3CCN3)c2)cc1O)C1CNC1,6.547514
c1ccc(CCNCc2cccc3oc(-c4ccc5nc([C@H]6CCCN6)oc5c4)nc23)cc1,7.049289,O=C(NCCc1ccccc1)c1cccc2oc(-c3ccc4nc([C@H]5CCCN5)oc4c3)nc12,6.937335
O=C(O)C1CCN(c2ccc(NCC3CNC3)cc2)CC1,4.962719,O=C(O)C1CCN(c2ccc(NC(=O)C3CNC3)cc2)CC1,5.690803
Cc1cc(-c2ccc(NC[C@@H]3Cc4ccccc4CN3)cc2)cnc1NC(=O)C1CNC1,7.464043,Cc1cc(-c2ccc(NC(=O)[C@@H]3Cc4ccccc4CN3)cc2)cnc1NC(=O)C1CNC1,6.775639
O=C(NC1CC1)c1ccc(O)c(NCc2ccc3oc(-c4ccc5nc(C6CNC6)oc5c4)nc3c2)c1,7.821646,O=C(Nc1cc(C(=O)NC2CC2)ccc1O)c1ccc2oc(-c3ccc4nc(C5CNC5)oc4c3)nc2c1,6.05965
C[C@H](CNCCN1CCNCC1)NC(=O)Nc1cccc(B(O)O)c1,3.132956,C[C@@H](NC(=O)Nc1cccc(B(O)O)c1)C(=O)NCCN1CCNCC1,3.820539
O=C(O)c1cccc(N2CCC[C@H]2CN2CCC[C@H]2C(=O)O)n1,3.703297,O=C(O)[C@@H]1CCCN1C(=O)c1cccc(N2CCC[C@H]2C(=O)O)n1,3.948848
O=C(NCCc1c[nH]c2ccccc12)N1CCC1CNCc1cn(CC2CC2)c2ccccc12,7.42536,O=C(NCc1cn(CC2CC2)c2ccccc12)C1CCN1C(=O)NCCc1c[nH]c2ccccc12,7.588861
COc1ccc(NCc2ccc3oc(-c4cccc(B(O)O)c4)nc3c2)c(N)c1,4.646959,COc1ccc(N)c(NC(=O)c2ccc3oc(-c4cccc(B(O)O)c4)nc3c2)c1,4.663325
O=C1CCN(Cc2ccc3[nH]c(C4CCN4C(=O)c4ccc(CNCc5ccccc5)cc4)nc3c2)C1,6.41978,O=C1CCN(C(=O)c2ccc3[nH]c(C4CCN4C(=O)c4ccc(CNCc5ccccc5)cc4)nc3c2)C1,6.298896
c1ccc(NC2CNC2)c(CNc2cccc3ccn(Cc4ccc(-c5nnn(CC6CC6)n5)cc4)c23)c1,7.554041,O=C(Nc1cccc2ccn(Cc3ccc(-c4nnn(CC5CC5)n4)cc3)c12)c1ccccc1NC1CNC1,7.595304
OB(O)c1cccc(CNc2nc(Br)cs2)c1,2.299684,O=C(Nc1nc(Br)cs1)c1cccc(B(O)O)c1,2.824321
OB(O)c1cccc(NCc2cccc(-c3cc(NC[C@@H]4Cc5ccccc5CN4)[nH]n3)c2)c1,6.270562,O=C(Nc1cccc(B(O)O)c1)c1cccc(-c2cc(NC[C@@H]3Cc4ccccc4CN3)[nH]n2)c1,6.433477
O=C(NCc1ccccc1)c1cccc(-c2cc(NCc3ccc4nc(C5CNC5)oc4c3)[nH]n2)c1,8.11234,O=C(NCc1ccccc1)c1cccc(-c2cc(NC(=O)c3ccc4nc(C5CNC5)oc4c3)[nH]n2)c1,8.06936
O=C(Nc1cccc2cc[nH]c12)[C@@H](NCc1ccc2nc(-c3ccc(CO[C@H]4CN5CCC4CC5)cc3)[nH]c2c1)c1ccccc1,7.518603,O=C(N[C@H](C(=O)Nc1cccc2cc[nH]c12)c1ccccc1)c1ccc2nc(-c3ccc(CO[C@H]4CN5CCC4CC5)cc3)[nH]c2c1,7.545161
O=C(Nc1cccc(B(O)O)c1)c1ccc(O)c(NCC2CCN2)c1,5.287704,O=C(Nc1cccc(B(O)O)c1)c1ccc(O)c(NC(=O)C2CCN2)c1,5.465168
COc1ccc(-c2cccc(-c3nnn(Cc4ccc(CN5Cc6ccccc6C[C@H]5C(=O)O)cc4)n3)c2)cn1,6.575546,COc1ccc(-c2cccc(-c3nnn(Cc4ccc(C(=O)N5Cc6ccccc6C[C@H]5C(=O)O)cc4)n3)c2)cn1,6.55955
O=Cc1cnccc1NCc1cccc(B(O)O)c1,2.949384,O=Cc1cnccc1NC(=O)c1cccc(B(O)O)c1,3.138111
O=C(Nc1cccc2cc[nH]c12)C1CCN1C(=O)C1CCN1Cc1ccc2oc(C3CNC3)nc2c1,7.342897,O=C(Nc1cccc2cc[nH]c12)C1CCN1C(=O)C1CCN1C(=O)c1ccc2oc(C3CNC3)nc2c1,7.118964
O=C(O)c1ccc(Cn2cc(CCNCc3ccc(-c4nnn(CC5CC5)n4)nc3)c3ccccc32)cc1,6.985821,O=C(O)c1ccc(Cn2cc(CCNC(=O)c3ccc(-c4nnn(CC5CC5)n4)nc3)c3ccccc32)cc1,7.071995
O=C(Nc1cccc2ccn(CC3CC3)c12)C1CCN1Cc1ccc2nc(C3CNC3)[nH]c2c1,7.86481,O=C(Nc1cccc2ccn(CC3CC3)c12)C1CCN1C(=O)c1ccc2nc(C3CNC3)[nH]c2c1,7.982354
O=Cc1ccnc(-c2cccc(NC[C@@H]3CCCN3)c2)c1,4.734636,O=Cc1ccnc(-c2cccc(NC(=O)[C@@H]3CCCN3)c2)c1,5.966794
c1ccc([C@H](CNC23CC(C2)C3)NCc2ccc(-c3nc4cc(-c5nnn(CC6CC6)n5)ccc4o3)cc2)cc1,7.82265,O=C(N[C@@H](CNC12CC(C1)C2)c1ccccc1)c1ccc(-c2nc3cc(-c4nnn(CC5CC5)n4)ccc3o2)cc1,7.55478
O=C(Nc1ccnc2ccccc12)[C@@H]1CCCN1Cc1ccc(-c2nc3cc(-c4nnn(CC5CC5)n4)ccc3o2)cc1,8.047148,O=C(Nc1ccnc2ccccc12)[C@@H]1CCCN1C(=O)c1ccc(-c2nc3cc(-c4nnn(CC5CC5)n4)ccc3o2)cc1,7.85872
O=C(NC1(CNc2cc(-c3cccc(NC[C@@H]4Cc5ccccc5CN4)c3)n[nH]2)CCC1)C1CCNCC1,7.524156,O=C(NC1(C(=O)Nc2cc(-c3cccc(NC[C@@H]4Cc5ccccc5CN4)c3)n[nH]2)CCC1)C1CCNCC1,7.706226
N#Cc1ccc(-c2nc3c(-c4nc5ccc(CNCCc6c[nH]c7ccccc67)cc5o4)cccc3o2)cn1,6.500603,N#Cc1ccc(-c2nc3c(-c4nc5ccc(C(=O)NCCc6c[nH]c7ccccc67)cc5o4)cccc3o2)cn1,6.609266
Brc1cc(NCc2ccc3nc(C4CCN4)oc3c2)[nH]n1,6.404321,O=C(Nc1cc(Br)n[nH]1)c1ccc2nc(C3CCN3)oc2c1,6.512663
O=C(NCCc1c[nH]c2ccccc12)c1ccc2nc(C3CN(Cc4ccc5[nH]c(C6CNC6)nc5c4)C3)oc2c1,7.7579,O=C(NCCc1c[nH]c2ccccc12)c1ccc2nc(C3CN(C(=O)c4ccc5[nH]c(C6CNC6)nc5c4)C3)oc2c1,7.541632
c1cc(NCC2CCN2)cc(-c2ccc(NCc3cn(CC4CC4)c4ccccc34)cc2)c1,8.207286,O=C(Nc1cccc(-c2ccc(NCc3cn(CC4CC4)c4ccccc34)cc2)c1)C1CCN1,8.250535
O=Cc1ccc(CN2CCC[C@@H]2C(=O)N2CCNCC2)cc1,4.822243,O=Cc1ccc(C(=O)N2CCC[C@@H]2C(=O)N2CCNCC2)cc1,4.969019
C[C@H](NCc1ccc(CCl)cc1)c1nc2ccc(C(=O)O)cc2o1,4.537889,C[C@H](NC(=O)c1ccc(CCl)cc1)c1nc2ccc(C(=O)O)cc2o1,4.523192
O=C(Nc1cccc2cc[nH]c12)C1CN(C[C@@H]2Cc3ccccc3CN2)C1,6.553392,O=C(Nc1cccc2cc[nH]c12)C1CN(C(=O)[C@@H]2Cc3ccccc3CN2)C1,7.115177
O=C(Nc1cccc(B(O)O)c1)C1CN(CC2(NCc3ccc4nc(C5CNC5)oc4c3)CCC2)C1,5.54283,O=C(NC1(CN2CC(C(=O)Nc3cccc(B(O)O)c3)C2)CCC1)c1ccc2nc(C3CNC3)oc2c1,5.805212
Fc1ncc(-c2cccc(NCc3ccc(CNCCc4cn(CC5CC5)c5ccccc45)cc3)c2)cn1,7.766236,O=C(NCCc1cn(CC2CC2)c2ccccc12)c1ccc(CNc2cccc(-c3cnc(F)nc3)c2)cc1,7.756608
Fc1nc(NC[C@@H]2CCCN2)c2nc[nH]c2n1,3.512457,O=C(Nc1nc(F)nc2[nH]cnc12)[C@@H]1CCCN1,5.039946
O=Cc1ccnc(-c2cccc(NCc3cccc4oc(-c5ccc(CO[C@H]6CN7CCC6CC7)cc5)nc34)c2)c1,7.70502,O=Cc1ccnc(-c2cccc(NC(=O)c3cccc4oc(-c5ccc(CO[C@H]6CN7CCC6CC7)cc5)nc34)c2)c1,7.740655
c1ccc2c(NCc3ccc4nc([C@H]5CCCN5Cc5ccc(-c6nnn(CC7CC7)n6)nc5)oc4c3)ccnc2c1,7.939621,O=C(c1ccc(-c2nnn(CC3CC3)n2)nc1)N(Cc1ccc2nc([C@H]3CCCN3)oc2c1)c1ccnc2ccccc12,7.972047
O=C(O)c1ccccc1NC[C@@H]1Cc2ccccc2CN1,5.138841,O=C(O)c1ccccc1NC(=O)[C@@H]1Cc2ccccc2CN1,5.516325
N#Cc1ccc(CNc2cc(-c3cccc(NCc4c[nH]c5ccccc45)c3)n[nH]2)cn1,6.383715,N#Cc1ccc(C(=O)Nc2cc(-c3cccc(NCc4c[nH]c5ccccc45)c3)n[nH]2)cn1,6.93506
O=C(O)[C@@H]1Cc2ccccc2CN1C(=O)[C@H](NCc1ccc2oc(C3CNC3)nc2c1)c1ccccc1,6.551979,O=C(N[C@@H](C(=O)N1Cc2ccccc2C[C@H]1C(=O)O)c1ccccc1)c1ccc2oc(C3CNC3)nc2c1,6.410191
O=C(Nc1cccc2cc[nH]c12)C1CN(Cc2ccc3nc(-c4ccc(C5=NCCc6ccccc65)cc4)oc3c2)C1,7.48281,O=C(Nc1cccc2cc[nH]c12)C1CN(C(=O)c2ccc3nc(-c4ccc(C5=NCCc6ccccc65)cc4)oc3c2)C1,7.286641
Nc1ccc(CN2CCC2C(=O)O)cc1O,3.139718,Nc1ccc(C(=O)N2CCC2C(=O)O)cc1O,3.585261
c1ccc2c(c1)c(CCNCc1ccc3nc(-c4ccc5oc(C6CNC6)nc5c4)oc3c1)cn2CC1CC1,8.012611,O=C(NCCc1cn(CC2CC2)c2ccccc12)c1ccc2nc(-c3ccc4oc(C5CNC5)nc4c3)oc2c1,8.174825
Oc1ccc(-c2cc(NCC3CCNCC3)[nH]n2)cc1,4.712621,O=C(Nc1cc(-c2ccc(O)cc2)n[nH]1)C1CCNCC1,6.529321
Cc1cc(Br)cnc1NCc1ccc2nc(-c3ccnc(Br)c3)oc2c1,5.185548,Cc1cc(Br)cnc1NC(=O)c1ccc2nc(-c3ccnc(Br)c3)oc2c1,5.134838
N#Cc1ccc(CNc2cc(-c3cccc(-c4nnn(CC5CC5)n4)c3)n[nH]2)cn1,7.443068,N#Cc1ccc(C(=O)Nc2cc(-c3cccc(-c4nnn(CC5CC5)n4)c3)n[nH]2)cn1,7.604358
Cc1cnc(N2CC(C(=O)O)C2)cc1-c1cccc(NCc2ccc(CO[C@H]3CN4CCC3CC4)cc2)c1,7.373263,Cc1cnc(N2CC(C(=O)O)C2)cc1-c1cccc(NC(=O)c2ccc(CO[C@H]3CN4CCC3CC4)cc2)c1,7.157916
Fc1nc(Nc2csc(-c3cccc(NCC4CNC4)c3)n2)c2nc[nH]c2n1,6.150591,O=C(Nc1cccc(-c2nc(Nc3nc(F)nc4[nH]cnc34)cs2)c1)C1CNC1,7.090326
c1ccc2c(-c3nc4cc(CNC5(CNc6cc(-c7ccc8[nH]ccc8c7)n[nH]6)CCC5)ccc4o3)c[nH]c2c1,6.542363,O=C(Nc1cc(-c2ccc3[nH]ccc3c2)n[nH]1)C1(NCc2ccc3oc(-c4c[nH]c5ccccc45)nc3c2)CCC1,7.353257
Oc1ccc(CNCc2ccc3oc(C4CNC4)nc3c2)cc1,6.974465,O=C(NCc1ccc(O)cc1)c1ccc2oc(C3CNC3)nc2c1,7.302333
O=C(O)C1CN(C(=O)c2ccc3oc(C4(NCc5ccc(-c6nnn(CC7CC7)n6)nc5)CCC4)nc3c2)C1,7.273422,O=C(NC1(c2nc3cc(C(=O)N4CC(C(=O)O)C4)ccc3o2)CCC1)c1ccc(-c2nnn(CC3CC3)n2)nc1,6.772312
N#Cc1ccc(Cn2cc(CNCc3ccc4nc([C@H]5CCCN5)oc4c3)c3ccccc32)cc1,6.767228,N#Cc1ccc(Cn2cc(CNC(=O)c3ccc4nc([C@H]5CCCN5)oc4c3)c3ccccc32)cc1,7.164635
c1cc(NCC2CNC2)cc(-c2ccc3nc([C@H]4CCCN4)oc3c2)c1,7.631904,O=C(Nc1cccc(-c2ccc3nc([C@H]4CCCN4)oc3c2)c1)C1CNC1,7.391097
O=C(O)c1cccc(-c2cc(NCc3ccc4nc(C5CNC5)oc4c3)[nH]n2)c1,7.10625,O=C(O)c1cccc(-c2cc(NC(=O)c3ccc4nc(C5CNC5)oc4c3)[nH]n2)c1,7.245758
c1cc(NCc2ccc3oc(C4CCNCC4)nc3c2)cc(-c2cn(CC3CC3)cn2)c1,8.013862,O=C(Nc1cccc(-c2cn(CC3CC3)cn2)c1)c1ccc2oc(C3CCNCC3)nc2c1,7.829643
O=C(C1CNC1)N1CCC(c2nc3ccc(CNc4ccnc5ccccc45)cc3o2)CC1,7.880067,O=C(Nc1ccnc2ccccc12)c1ccc2nc(C3CCN(C(=O)C4CNC4)CC3)oc2c1,7.807006
O=C(O)[C@@H]1Cc2ccccc2CN1C(=O)c1ccc(NC[C@@H]2Cc3ccccc3CN2)c(O)c1,6.316115,O=C(Nc1ccc(C(=O)N2Cc3ccccc3C[C@H]2C(=O)O)cc1O)[C@@H]1Cc2ccccc2CN1,6.204156
N#Cc1ccc(CNc2cc(-c3cccc(NCC4CNC4)c3)n[nH]2)cn1,7.148052,N#Cc1ccc(C(=O)Nc2cc(-c3cccc(NCC4CNC4)c3)n[nH]2)cn1,7.495444
C[C@H](NCc1ccc(CCl)cc1)c1ccccc1,4.121207,C[C@H](NC(=O)c1ccc(CCl)cc1)c1ccccc1,4.548939
Brc1cc(NCc2cccc(NCCc3c[nH]c4ccccc34)n2)[nH]n1,4.908626,O=C(Nc1cc(Br)n[nH]1)c1cccc(NCCc2c[nH]c3ccccc23)n1,5.309682
O=C(Nc1cccc(-c2ccc(NC(=O)[C@@H]3CCCN3C[C@@H]3Cc4ccccc4CN3)c(O)c2)c1)C1CNC1,7.452892,O=C(Nc1cccc(-c2ccc(NC(=O)[C@@H]3CCCN3)c(O)c2)c1)C1CN(C(=O)[C@@H]2Cc3ccccc3CN2)C1,7.172206
OB(O)c1ccc(CN(Cc2cccc3oc(C4CNC4)nc23)C23CC(C2)C3)cc1,6.053289,O=C(c1cccc2oc(C3CNC3)nc12)N(Cc1ccc(B(O)O)cc1)C12CC(C1)C2,5.986094
O=C(Nc1cccc(B(O)O)c1)C1(NCc2ccc(COCC3CNC3)cc2)CCC1,6.016419,O=C(NC1(C(=O)Nc2cccc(B(O)O)c2)CCC1)c1ccc(COCC2CNC2)cc1,6.067766
Oc1cc(-c2cccnc2)ccc1Nc1c[nH]nc1NC[C@@H]1Cc2ccccc2CN1,6.497551,O=C(Nc1n[nH]cc1Nc1ccc(-c2cccnc2)cc1O)[C@@H]1Cc2ccccc2CN1,6.58391
Brc1cc(NCC2(NCc3cccc(CNC45CC(C4)C5)c3)CCC2)[nH]n1,5.862643,O=C(Nc1cc(Br)n[nH]1)C1(NCc2cccc(CNC34CC(C3)C4)c2)CCC1,6.724632
c1cc(-c2cn(CC3CC3)cn2)ccc1NCC1CCN1,8.135921,O=C(Nc1ccc(-c2cn(CC3CC3)cn2)cc1)C1CCN1,7.858293
C#CCN(CC1CNC1)C(=O)C1(NCc2ccc3nc(C4CNC4)[nH]c3c2)CCC1,6.970433,C#CCN(CC1CNC1)C(=O)C1(NC(=O)c2ccc3nc(C4CNC4)[nH]c3c2)CCC1,6.742681
O=C(Nc1ccc(CN2CCNCC2)cc1O)c1ccc(-c2nnn(CC3CC3)n2)nc1,6.663462,O=C(Nc1ccc(C(=O)N2CCNCC2)cc1O)c1ccc(-c2nnn(CC3CC3)n2)nc1,6.721685
Nc1ccc(CNc2ccc(-c3cccc(NCc4c[nH]c5ccccc45)c3)cc2O)cc1O,5.885108,Nc1ccc(C(=O)Nc2ccc(-c3cccc(NCc4c[nH]c5ccccc45)c3)cc2O)cc1O,6.046685
O=C(O)[C@@H](NCc1ccc2oc(-c3ccc(CCl)cc3)nc2c1)c1ccccc1,5.034407,O=C(N[C@H](C(=O)O)c1ccccc1)c1ccc2oc(-c3ccc(CCl)cc3)nc2c1,5.275785
ClCc1ccc(CN(Cc2cn(CC3CC3)c3ccccc23)c2ccc(-c3nnn(CC4CC4)n3)cn2)cc1,7.122321,O=C(c1ccc(CCl)cc1)N(Cc1cn(CC2CC2)c2ccccc12)c1ccc(-c2nnn(CC3CC3)n2)cn1,6.784593
O=C(c1ccc(F)cc1)N1CCC(CN2CCC[C@H]2CO)CC1,4.501118,O=C(c1ccc(F)cc1)N1CCC(C(=O)N2CCC[C@H]2CO)CC1,5.088251
O=C(O)c1cccc(-c2ccc(NC[C@H]3CCCNC3)cc2)c1,5.341659,O=C(O)c1cccc(-c2ccc(NC(=O)[C@H]3CCCNC3)cc2)c1,6.344021
FC(F)(F)c1ccc(CNC[C@H]2CCCNC2)cc1,4.72077,O=C(NCc1ccc(C(F)(F)F)cc1)[C@H]1CCCNC1,6.099854
O=C(Nc1cccc(-c2cccc(NCC3CN(CC4CNC4)C3)c2)c1O)[C@H]1CCCN1,7.050409,O=C(Nc1cccc(-c2cccc(N(CC3CNC3)C(=O)C3CNC3)c2)c1O)[C@H]1CCCN1,7.155974
O=C(O)c1ccc(NCc2ccc(-c3nc4ccc(C(=O)O)cc4o3)cc2)c(O)c1,5.346935,O=C(O)c1ccc(-c2nc3ccc(C(=O)Nc4ccc(C(=O)O)cc4O)cc3o2)cc1,5.284132
O=C(NC1CC1)c1ccc2oc(-c3cccc(-c4cc(NCc5ccc(CCl)cc5)[nH]n4)c3)nc2c1,7.336525,O=C(Nc1cc(-c2cccc(-c3nc4cc(C(=O)NC5CC5)ccc4o3)c2)n[nH]1)c1ccc(CCl)cc1,7.275275
O=C(Nc1ccc(-c2cccc(-c3nnn(CC4CC4)n3)c2)cc1)C1(NCC2CCN2)CCC1,6.602619,O=C(NC1(C(=O)Nc2ccc(-c3cccc(-c4nnn(CC5CC5)n4)c3)cc2)CCC1)C1CCN1,5.915328
O=C(Nc1cccc(-c2cc(N(CC3CCN3)C[C@@H]3Cc4ccccc4CN3)[nH]n2)c1)[C@@H]1CCCN1,7.288568,O=C(Nc1cccc(-c2cc(N(CC3CCN3)C(=O)[C@@H]3Cc4ccccc4CN3)[nH]n2)c1)[C@@H]1CCCN1,7.282898
O=Cc1ccnc(-c2cccc(CNC3(C(=O)O)CCC3)c2)c1F,4.464172,O=Cc1ccnc(-c2cccc(C(=O)NC3(C(=O)O)CCC3)c2)c1F,5.209075
c1ccc2c(c1)CN[C@H](CN(CCc1cn(CC3CC3)c3ccccc13)Cc1ccc(CO[C@H]3CN4CCC3CC4)cc1)C2,7.843443,O=C([C@@H]1Cc2ccccc2CN1)N(CCc1cn(CC2CC2)c2ccccc12)Cc1ccc(CO[C@H]2CN3CCC2CC3)cc1,7.803139
N#Cc1cccc(-c2ccccc2CCNCc2ccc3nc([C@H]4CCCN4)oc3c2)c1,6.665705,N#Cc1cccc(-c2ccccc2CCNC(=O)c2ccc3nc([C@H]4CCCN4)oc3c2)c1,7.072058
N#Cc1ccc(Cn2cc(CCNCc3ccc(Cn4nnc(-c5ccc(N6CC(=O)C6)cc5)n4)cc3)c3ccccc32)cc1,6.518939,N#Cc1ccc(Cn2cc(CCNC(=O)c3ccc(Cn4nnc(-c5ccc(N6CC(=O)C6)cc5)n4)cc3)c3ccccc32)cc1,6.401213
c1cc(-c2ccc3oc([C@@H]4Cc5ccccc5CN4CC4CNC4)nc3c2)cc(-c2nnn(CC3CC3)n2)c1,7.765629,O=C(C1CNC1)N1Cc2ccccc2C[C@H]1c1nc2cc(-c3cccc(-c4nnn(CC5CC5)n4)c3)ccc2o1,7.145617
O=Cc1ccc(CN2CC(C(=O)NC34CC(C3)C4)C2)cc1,5.509546,O=Cc1ccc(C(=O)N2CC(C(=O)NC34CC(C3)C4)C2)cc1,6.134803
O=C(O)c1cccc(O)c1NC[C@H]1CCCN1,3.068242,O=C(O)c1cccc(O)c1NC(=O)[C@H]1CCCN1,4.02956
O=C([C@@H]1Cc2ccccc2CN1Cc1ccc2nc(C3CNC3)oc2c1)N1CCC[C@@H]1CO,6.54985,O=C([C@@H]1Cc2ccccc2CN1C(=O)c1ccc2nc(C3CNC3)oc2c1)N1CCC[C@@H]1CO,6.502223
O=C(NCc1c[nH]c2ccccc12)c1cccc(-c2nc3ccc(CN(CC4CCN4)C45CC(C4)C5)cc3o2)c1,7.728565,O=C(NCc1c[nH]c2ccccc12)c1cccc(-c2nc3ccc(CN(C(=O)C4CCN4)C45CC(C4)C5)cc3o2)c1,7.855479
c1cc(-c2cc(NCc3ccc4nc(C5CCNCC5)oc4c3)[nH]n2)cc(-c2nnn(CC3CC3)n2)c1,8.079841,O=C(Nc1cc(-c2cccc(-c3nnn(CC4CC4)n3)c2)n[nH]1)c1ccc2nc(C3CCNCC3)oc2c1,7.793394
CC1(C)OB(c2ccc(NCc3cccc(NC4(C(=O)O)CCC4)n3)nc2)OC1(C)C,4.477437,CC1(C)OB(c2ccc(NC(=O)C3(Nc4cccc(C(=O)O)n4)CCC3)nc2)OC1(C)C,4.452829
N[C@@H](CNC1CC1)c1ccccc1,2.0404,N[C@@H](C(=O)NC1CC1)c1ccccc1,4.412289
O=Cc1cccc(-c2ccc(NCC3CCN3)cc2)c1,6.602179,O=Cc1cccc(-c2ccc(NC(=O)C3CCN3)cc2)c1,7.033403
O=C(O)c1ccc(CN2CCC(c3nc4ccc(CNC5CC5)cc4o3)CC2)cc1,5.426082,O=C(O)c1ccc(CN2CCC(c3nc4ccc(C(=O)NC5CC5)cc4o3)CC2)cc1,7.118052
O=C(c1ccc(-c2nc3cc(CNc4ccccn4)ccc3o2)cc1)N(c1ccc2ccccc2n1)C1CC1,6.8368,O=C(Nc1ccccn1)c1ccc2oc(-c3ccc(C(=O)N(c4ccc5ccccc5n4)C4CC4)cc3)nc2c1,6.781738
O=Cc1cccc(-c2ccc3nc(-c4ccccc4NC[C@@H]4Cc5ccccc5CN4)oc3c2)c1,7.043138,O=Cc1cccc(-c2ccc3nc(-c4ccccc4NC(=O)[C@@H]4Cc5ccccc5CN4)oc3c2)c1,6.688363
Brc1c[nH]nc1NCc1ccc(CNc2ccc(-c3cn(CC4CC4)cn3)cc2)cc1,7.131197,O=C(Nc1ccc(-c2cn(CC3CC3)cn2)cc1)c1ccc(CNc2n[nH]cc2Br)cc1,7.495124
O=Cc1cccc(CN[C@H](Cc2c[nH]c3ccccc23)C(=O)O)c1,3.371014,O=Cc1cccc(C(=O)N[C@H](Cc2c[nH]c3ccccc23)C(=O)O)c1,3.684474
OB(O)c1ccc(NCc2ccc3[nH]c(C4CCNCC4)nc3c2)cc1,5.352898,O=C(Nc1ccc(B(O)O)cc1)c1ccc2[nH]c(C3CCNCC3)nc2c1,5.654291
O=C(O)C1CCN(C[C@@H]2Cc3ccccc3CN2)CC1,4.903473,O=C(O)C1CCN(C(=O)[C@@H]2Cc3ccccc3CN2)CC1,5.182614
c1cc(NC[C@@H]2Cc3ccccc3CN2C[C@@H]2Cc3ccccc3CN2)cc(-c2ccc3oc(C4CCN4)nc3c2)c1,7.743672,O=C([C@@H]1Cc2ccccc2CN1)N(C[C@@H]1Cc2ccccc2CN1)c1cccc(-c2ccc3oc(C4CCN4)nc3c2)c1,7.613052
c1ccc2c(NCC3CNC3)ccnc2c1,5.259287,O=C(Nc1ccnc2ccccc12)C1CNC1,7.3285
O=C(Nc1cccc2cc[nH]c12)c1ccccc1NC(=O)C1CN(Cc2ccc(-c3nnn(CC4CC4)n3)nc2)C1,7.67614,O=C(Nc1cccc2cc[nH]c12)c1ccccc1NC(=O)C1CN(C(=O)c2ccc(-c3nnn(CC4CC4)n3)nc2)C1,7.452029
O=C(c1ccccc1NCc1ccc2nc(C3CNC3)oc2c1)N1CC(CO)C1,6.456147,O=C(Nc1ccccc1C(=O)N1CC(CO)C1)c1ccc2nc(C3CNC3)oc2c1,6.557201
Brc1cncc(-c2nnn(Cc3ccc(CNc4cc(-c5ccc6c(ccn6CC6CC6)c5)n[nH]4)cc3)n2)c1,7.317364,O=C(Nc1cc(-c2ccc3c(ccn3CC3CC3)c2)n[nH]1)c1ccc(Cn2nnc(-c3cncc(Br)c3)n2)cc1,7.522706
N[C@H](c1ccccc1)c1nc2cc(CNc3cc(-c4cccc(-c5nnn(CC6CC6)n5)c4)n[nH]3)ccc2[nH]1,7.859666,N[C@H](c1ccccc1)c1nc2cc(C(=O)Nc3cc(-c4cccc(-c5nnn(CC6CC6)n5)c4)n[nH]3)ccc2[nH]1,7.928581
Cc1nc(Br)sc1-c1nc2ccc(CNc3cccc(-c4ccc5oc(C6CNC6)nc5c4)c3)cc2o1,7.049736,Cc1nc(Br)sc1-c1nc2ccc(C(=O)Nc3cccc(-c4ccc5oc(C6CNC6)nc5c4)c3)cc2o1,6.751575
c1cc2cc(-c3ccc(Nc4ccc(NCc5ccc(CO[C@H]6CN7CCC6CC7)cc5)cc4)cc3)ccc2[nH]1,7.800539,O=C(Nc1ccc(Nc2ccc(-c3ccc4[nH]ccc4c3)cc2)cc1)c1ccc(CO[C@H]2CN3CCC2CC3)cc1,8.052545
C[C@H](NC(=O)[C@@H]1Cc2ccccc2CN1C[C@H]1CCCN(C(=O)NCc2cn(CC3CC3)c3ccccc23)C1)c1ccccc1,7.452621,C[C@H](NC(=O)[C@@H]1Cc2ccccc2CN1C(=O)[C@H]1CCCN(C(=O)NCc2cn(CC3CC3)c3ccccc23)C1)c1ccccc1,7.482342
c1cc2[nH]c(C3CN(CC4CNC4)C3)nc2cc1CNC12CC(C1)C2,7.05423,O=C(C1CNC1)N(Cc1ccc2[nH]c(C3CNC3)nc2c1)C12CC(C1)C2,6.211712
OB(O)c1cccc(NCc2cnccc2NC[C@@H]2Cc3ccccc3CN2)c1,5.179291,O=C(Nc1ccncc1CNc1cccc(B(O)O)c1)[C@@H]1Cc2ccccc2CN1,5.432373
C[C@@H](NCc1ccc2nc(C3CNC3)oc2c1)c1nc2ccccc2o1,7.375325,C[C@@H](NC(=O)c1ccc2nc(C3CNC3)oc2c1)c1nc2ccccc2o1,7.472168
NC1(c2nc3ccc(-c4cccc(NCc5ccc6[nH]c(C7CNC7)nc6c5)c4)cc3[nH]2)CCC1,7.318054,NC1(c2nc3ccc(-c4cccc(NC(=O)c5ccc6[nH]c(C7CNC7)nc6c5)c4)cc3[nH]2)CCC1,7.152614
c1ccc(CCNCc2ccc(-c3nnn(CC4CC4)n3)nc2)cc1,7.477075,O=C(NCCc1ccccc1)c1ccc(-c2nnn(CC3CC3)n2)nc1,7.423714
O=C(Nc1cccc2ccn(Cc3ccc(CNC45CC(C4)C5)cc3)c12)[C@@H]1CCCN(C[C@@H]2Cc3ccccc3CN2)C1,7.584595,O=C(Nc1cccc2ccn(Cc3ccc(CN(C(=O)[C@@H]4Cc5ccccc5CN4)C45CC(C4)C5)cc3)c12)[C@@H]1CCCNC1,7.425642
c1cc(-c2cc(NCc3ccc4nc([C@@H]5CCCN5)[nH]c4c3)[nH]n2)cc(-c2nnn(CC3CC3)n2)c1,8.092982,O=C(Nc1cc(-c2cccc(-c3nnn(CC4CC4)n3)c2)n[nH]1)c1ccc2nc([C@@H]3CCCN3)[nH]c2c1,7.843787
O=C(NCCc1ccccc1)c1ccc(-c2nc3ccc(CNc4ccnc5ccccc45)cc3[nH]2)cc1,6.924863,O=C(NCCc1ccccc1)c1ccc(-c2nc3ccc(C(=O)Nc4ccnc5ccccc45)cc3[nH]2)cc1,7.075025
O=C1CCN(Cc2ccccc2NC(=O)N2CCC[C@@H](O)C2)CC1,4.375085,O=C1CCN(C(=O)c2ccccc2NC(=O)N2CCC[C@@H](O)C2)CC1,4.211291
NCCc1ccccc1-c1cccc(NCc2ccc3nc([C@H]4CCCN4)oc3c2)c1,6.57344,NCCc1ccccc1-c1cccc(NC(=O)c2ccc3nc([C@H]4CCCN4)oc3c2)c1,6.7139
N#Cc1ccc(CNc2cccc(B(O)O)c2)cn1,3.442099,N#Cc1ccc(C(=O)Nc2cccc(B(O)O)c2)cn1,3.643939
c1cc(N2CCN(Cc3ccc(CO[C@H]4CN5CCC4CC5)cc3)CC2)c2oc([C@H]3CCCNC3)nc2c1,7.615187,O=C(c1ccc(CO[C@H]2CN3CCC2CC3)cc1)N1CCC[C@H](c2nc3cccc(N4CCNCC4)c3o2)C1,7.6178
C[C@H](NC(=O)c1ccccc1NC(=O)[C@@H]1CCCN1Cc1ccc2nc(C3CNC3)oc2c1)c1ccccc1,7.634143,C[C@H](NC(=O)c1ccccc1NC(=O)[C@@H]1CCCN1C(=O)c1ccc2nc(C3CNC3)oc2c1)c1ccccc1,7.33293
c1cc(-c2nc3ccccc3o2)cc(-c2nc3ccc(-c4ccc(NCC5CNC5)cc4)cc3o2)c1,7.70772,O=C(Nc1ccc(-c2ccc3nc(-c4cccc(-c5nc6ccccc6o5)c4)oc3c2)cc1)C1CNC1,7.824397
O=C(NC1CC1)c1ccc(-c2nc3ccc(CNCc4ccc(C(F)(F)F)cc4)cc3o2)cc1,7.48017,O=C(NCc1ccc(C(F)(F)F)cc1)c1ccc2nc(-c3ccc(C(=O)NC4CC4)cc3)oc2c1,7.791939
O=C(Nc1cccc(-c2cc(NC(=O)C3CN(C[C@@H]4Cc5ccccc5CN4)C3)[nH]n2)c1)c1ccncc1,7.738454,O=C(Nc1cccc(-c2cc(NC(=O)C3CN(C(=O)[C@@H]4Cc5ccccc5CN4)C3)[nH]n2)c1)c1ccncc1,7.594202
O=Cc1cccc(CNc2nc(F)nc3[nH]cnc23)c1,3.785354,O=Cc1cccc(C(=O)Nc2nc(F)nc3[nH]cnc23)c1,4.317624
O=C(NCc1ccccc1)c1ccc2oc([C@H]3CCCN(Cc4ccc(CO[C@H]5CN6CCC5CC6)cc4)C3)nc2c1,7.764099,O=C(NCc1ccccc1)c1ccc2oc([C@H]3CCCN(C(=O)c4ccc(CO[C@H]5CN6CCC5CC6)cc4)C3)nc2c1,7.808625
O=C(O)c1ccc(N(Cc2ccc(CCl)cc2)Cc2ccc(-c3nnn(CC4CC4)n3)nc2)c(O)c1,5.906213,O=C(O)c1ccc(N(Cc2ccc(CCl)cc2)C(=O)c2ccc(-c3nnn(CC4CC4)n3)nc2)c(O)c1,5.943551
c1cc(-c2cncc(-c3nnnn3CC3CC3)c2)cc(N(CC2CCN2)C[C@@H]2Cc3ccccc3CN2)c1,7.579362,O=C([C@@H]1Cc2ccccc2CN1)N(CC1CCN1)c1cccc(-c2cncc(-c3nnnn3CC3CC3)c2)c1,7.502823
O=C(Nc1cc(-c2ccc3c(ccn3CC3CC3)c2)n[nH]1)C1CN(C[C@@H]2Cc3ccccc3CN2)C1,8.025847,O=C(Nc1cc(-c2ccc3c(ccn3CC3CC3)c2)n[nH]1)C1CN(C(=O)[C@@H]2Cc3ccccc3CN2)C1,7.794015
C#Cc1cc(-c2nc3c(CNc4ccnc5ccccc45)cccc3o2)ccn1,6.177196,C#Cc1cc(-c2nc3c(C(=O)Nc4ccnc5ccccc45)cccc3o2)ccn1,6.393108
N[C@H](CNCCc1ccccc1Br)Cc1ccccc1,2.612015,N[C@@H](Cc1ccccc1)C(=O)NCCc1ccccc1Br,3.161728
O=C(C1CN(C[C@@H]2Cc3ccccc3CN2)C1)N(CCc1cn(CC2CC2)c2ccccc12)C1CNC1,7.604517,O=C([C@@H]1Cc2ccccc2CN1)N1CC(C(=O)N(CCc2cn(CC3CC3)c3ccccc23)C2CNC2)C1,7.486413
OB(O)c1cccc(-c2nc3cc(CNc4ccc(-c5ccc(CNC67CC(C6)C7)cc5)cc4)ccc3o2)c1,6.702109,O=C(Nc1ccc(-c2ccc(CNC34CC(C3)C4)cc2)cc1)c1ccc2oc(-c3cccc(B(O)O)c3)nc2c1,6.890876
Nc1ccc(CN2CCC(C(=O)O)CC2)cc1O,3.588778,Nc1ccc(C(=O)N2CCC(C(=O)O)CC2)cc1O,3.783062
O=C(O)c1ccccc1NCc1ccc2oc(-c3ccc(CO[C@H]4CN5CCC4CC5)cc3)nc2c1,7.320856,O=C(Nc1ccccc1C(=O)O)c1ccc2oc(-c3ccc(CO[C@H]4CN5CCC4CC5)cc3)nc2c1,7.47672
O=C(NCc1c[nH]c2ccccc12)c1ccc(Nc2ccc(-c3cc(NCC4CCN4)[nH]n3)cc2)cc1,7.951863,O=C(NCc1c[nH]c2ccccc12)c1ccc(Nc2ccc(-c3cc(NC(=O)C4CCN4)[nH]n3)cc2)cc1,8.045726
Nc1ccc(-c2cccc(NC(=O)NC3CC3)c2)cc1NCC1CCN1,7.46037,Nc1cc(-c2cccc(NC(=O)NC3CC3)c2)ccc1NC(=O)C1CCN1,6.371996
Nc1ccc(N2CCC[C@H]2CN2CCC(C(=O)O)CC2)cc1,4.287373,Nc1ccc(N2CCC[C@H]2C(=O)N2CCC(C(=O)O)CC2)cc1,4.49459
O=C(NCc1ccccc1)[C@H](NCc1ccc2nc(-c3ccc(-c4nnn(CC5CC5)n4)nc3)oc2c1)c1ccccc1,7.732773,O=C(N[C@@H](C(=O)NCc1ccccc1)c1ccccc1)c1ccc2nc(-c3ccc(-c4nnn(CC5CC5)n4)nc3)oc2c1,7.67506
O=C(c1ccc2nc([C@@H]3CCCN3)oc2c1)N1CCN(Cc2ccc(-c3nnn(CC4CC4)n3)nc2)CC1,7.932727,O=C(c1ccc(-c2nnn(CC3CC3)n2)nc1)N1CCN(C(=O)c2ccc3nc([C@@H]4CCCN4)oc3c2)CC1,6.714529
O=C1CCCN(c2cccc(CNc3ccc(Br)cc3)n2)C1,4.372673,O=C1CCCN(c2cccc(C(=O)Nc3ccc(Br)cc3)n2)C1,4.665328
O=C(NCCc1c[nH]c2ccccc12)c1ccccc1NCC1CNC1,6.279037,O=C(NCCc1c[nH]c2ccccc12)c1ccccc1NC(=O)C1CNC1,7.151623
O=C(O)c1cccc(O)c1NCc1ccc(-c2nnn(CC3CC3)n2)nc1,5.931887,O=C(Nc1c(O)cccc1C(=O)O)c1ccc(-c2nnn(CC3CC3)n2)nc1,5.941134
c1ccc(CCNCc2ccc3nc(-c4nc5ccccc5[nH]4)oc3c2)cc1,6.248241,O=C(NCCc1ccccc1)c1ccc2nc(-c3nc4ccccc4[nH]3)oc2c1,6.398877
O=C(O)c1ccc2nc(-c3ccccc3COCC3CN(Cc4ccc(CO[C@H]5CN6CCC5CC6)cc4)C3)oc2c1,7.365353,O=C(O)c1ccc2nc(-c3ccccc3COCC3CN(C(=O)c4ccc(CO[C@H]5CN6CCC5CC6)cc4)C3)oc2c1,7.489339
O=C(NCCc1cn(Cc2ccc(CNCc3ccccc3)cc2)c2ccccc12)C1CNC1,7.498632,O=C(NCc1ccccc1)c1ccc(Cn2cc(CCNC(=O)C3CNC3)c3ccccc32)cc1,7.577786
O=C(C1CCN1C(=O)NCCc1c[nH]c2ccccc12)N1CCC(CNCc2cn(CC3CC3)c3ccccc23)CC1,7.476493,O=C(NCc1cn(CC2CC2)c2ccccc12)C1CCN(C(=O)C2CCN2C(=O)NCCc2c[nH]c3ccccc23)CC1,7.621301
Brc1ccc2[nH]c(C3CN(CC4CCNCC4)C3)nc2c1,4.448547,O=C(C1CCNCC1)N1CC(c2nc3cc(Br)ccc3[nH]2)C1,5.862346
Cc1cc(-c2cccc(NCc3ccc(-c4nnn(CC5CC5)n4)nc3)c2)cnc1NC1CCNCC1,7.438531,Cc1cc(-c2cccc(NC(=O)c3ccc(-c4nnn(CC5CC5)n4)nc3)c2)cnc1NC1CCNCC1,7.149893
N#Cc1ccc(CN(Cc2ccc(-c3nnn(CC4CC4)n3)nc2)c2cccc(-c3c[nH]cn3)c2)cn1,6.817102,N#Cc1ccc(C(=O)N(Cc2ccc(-c3nnn(CC4CC4)n3)nc2)c2cccc(-c3c[nH]cn3)c2)cn1,6.837812
c1ccc(CCNCc2ccc(CNCc3cn(CC4CC4)c4ccccc34)cc2)cc1,7.220069,O=C(NCc1cn(CC2CC2)c2ccccc12)c1ccc(CNCCc2ccccc2)cc1,7.474769
c1ccc2c(CNCC3CCN3)c[nH]c2c1,6.055339,O=C(NCc1c[nH]c2ccccc12)C1CCN1,6.60164
OB(O)c1cccc(NCC2CCN2)c1,3.893817,O=C(Nc1cccc(B(O)O)c1)C1CCN1,4.308922
O=C(O)C1CCN1Cc1ccc2oc(-c3ccc(CO[C@H]4CN5CCC4CC5)cc3)nc2c1,7.430976,O=C(O)C1CCN1C(=O)c1ccc2oc(-c3ccc(CO[C@H]4CN5CCC4CC5)cc3)nc2c1,7.508193
O=C(C1CCN1)N1CCC[C@@H]1c1nc2ccc(CN3CCN(C[C@@H]4Cc5ccccc5CN4)CC3)cc2o1,7.432019,O=C([C@@H]1Cc2ccccc2CN1)N1CCC1C(=O)N1CCC[C@@H]1c1nc2ccc(CN3CCNCC3)cc2o1,6.855451
O=C(NCCc1ccccc1)c1ccc2oc(-c3cccc(-c4csc(NC[C@@H]5Cc6ccccc6CN5)n4)c3)nc2c1,7.79408,O=C(NCCc1ccccc1)c1ccc2oc(-c3cccc(-c4csc(NC(=O)[C@@H]5Cc6ccccc6CN5)n4)c3)nc2c1,7.613356
c1cncc(-c2ccc3oc(C4CN(Cc5ccc(-c6nnn(CC7CC7)n6)nc5)C4)nc3c2)c1,7.979218,O=C(c1ccc(-c2nnn(CC3CC3)n2)nc1)N1CC(c2nc3cc(-c4cccnc4)ccc3o2)C1,7.331903
Nc1cccc(-c2ccccc2CCNCc2ccc3oc(-c4ccc(CO[C@H]5CN6CCC5CC6)cc4)nc3c2)c1,7.474261,NCCc1ccccc1-c1cccc(NC(=O)c2ccc3oc(-c4ccc(CO[C@H]5CN6CCC5CC6)cc4)nc3c2)c1,7.52254
OB(O)c1ccc(NCC2(NCc3ccc(F)cc3)CCC2)cc1,3.896684,O=C(Nc1ccc(B(O)O)cc1)C1(NCc2ccc(F)cc2)CCC1,4.801271
O=C(NC12CC(C1)C2)c1ccc(CO[C@H]2CCCN(Cc3ccc(-c4nnn(CC5CC5)n4)nc3)C2)cc1,7.211607,O=C(NC12CC(C1)C2)c1ccc(CO[C@H]2CCCN(C(=O)c3ccc(-c4nnn(CC5CC5)n4)nc3)C2)cc1,7.684272
c1cc2oc(C3CCN3)nc2cc1CNC12CC(C1)C2,7.603467,O=C(NC12CC(C1)C2)c1ccc2oc(C3CCN3)nc2c1,6.093956
Fc1nc(NCc2cccc(-c3cccc4nc(C5CNC5)oc34)c2)c2nc[nH]c2n1,7.040394,O=C(Nc1nc(F)nc2[nH]cnc12)c1cccc(-c2cccc3nc(C4CNC4)oc23)c1,7.047509
O=C(NCCc1c[nH]c2ccccc12)C1CCN1CC1CCN1,7.070147,O=C(NCCc1c[nH]c2ccccc12)C1CCN1C(=O)C1CCN1,7.136043
C[C@@H](NCc1ccc2[nH]c(C3CNC3)nc2c1)c1nc2cc(-c3nnn(CC4CC4)n3)ccc2o1,8.12953,C[C@@H](NC(=O)c1ccc2[nH]c(C3CNC3)nc2c1)c1nc2cc(-c3nnn(CC4CC4)n3)ccc2o1,7.956015
O=C(O)[C@@H](NC[C@@H]1Cc2ccccc2CN1)c1ccccc1,5.113915,O=C(N[C@H](C(=O)O)c1ccccc1)[C@@H]1Cc2ccccc2CN1,5.459634
Oc1ccccc1N(Cc1ccc(-c2nnn(CC3CC3)n2)nc1)Cc1cccc2oc(C3CNC3)nc12,7.583484,O=C(c1cccc2oc(C3CNC3)nc12)N(Cc1ccc(-c2nnn(CC3CC3)n2)nc1)c1ccccc1O,7.469343
Nc1ccccc1CNc1cccnc1Br,3.360219,Nc1ccccc1C(=O)Nc1cccnc1Br,3.731704
Nc1ccc(CN2CCNCC2)cc1O,3.215797,Nc1ccc(C(=O)N2CCNCC2)cc1O,4.100451
N[C@@H](Cc1c[nH]c2ccccc12)CN1CCNCC1,3.114635,N[C@@H](Cc1c[nH]c2ccccc12)C(=O)N1CCNCC1,3.844082
O=C(O)c1ccc2nc([C@H]3CCCN(Cc4ccc(-c5nnn(CC6CC6)n5)nc4)C3)[nH]c2c1,6.714607,O=C(O)c1ccc2nc([C@H]3CCCN(C(=O)c4ccc(-c5nnn(CC6CC6)n5)nc4)C3)[nH]c2c1,7.015531
Nc1ccc(C(=O)O)cc1NC[C@H]1CCCNC1,4.180672,Nc1cc(C(=O)O)ccc1NC(=O)[C@H]1CCCNC1,4.785982
c1ccc2c(c1)CN[C@H](c1nc3ccc(CNc4cc(-c5ccc6c(ccn6CC6CC6)c5)n[nH]4)cc3o1)C2,8.031107,O=C(Nc1cc(-c2ccc3c(ccn3CC3CC3)c2)n[nH]1)c1ccc2nc([C@@H]3Cc4ccccc4CN3)oc2c1,8.15225
N#Cc1ccc(CNc2ccccn2)cn1,4.222535,N#Cc1ccc(C(=O)Nc2ccccn2)cn1,4.607598
O=Cc1ccnc(-c2cccc(NCc3ccc(CO[C@H]4CN5CCC4CC5)cc3)c2)c1,7.447857,O=Cc1ccnc(-c2cccc(NC(=O)c3ccc(CO[C@H]4CN5CCC4CC5)cc3)c2)c1,7.597269
OB(O)c1cccc(-c2nc3ccc(CNc4cccc5cc[nH]c45)cc3o2)c1,4.937592,O=C(Nc1cccc2cc[nH]c12)c1ccc2nc(-c3cccc(B(O)O)c3)oc2c1,5.137151
c1ccc2c(N(Cc3ccc(-c4nnn(CC5CC5)n4)nc3)Cc3nc4ccccc4n3CC3CC3)ccnc2c1,7.777013,O=C(c1ccc(-c2nnn(CC3CC3)n2)nc1)N(Cc1nc2ccccc2n1CC1CC1)c1ccnc2ccccc12,7.777457
Nc1ccccc1CN1CC(=O)C1,2.717419,Nc1ccccc1C(=O)N1CC(=O)C1,3.054194
C[C@@H](CNc1cccc2cc[nH]c12)NCc1ccc(-c2nnn(CC3CC3)n2)nc1,5.757362,C[C@@H](CNc1cccc2cc[nH]c12)NC(=O)c1ccc(-c2nnn(CC3CC3)n2)nc1,5.406694
Cc1cc(-c2ccc(NCc3ccc4oc(C5CNC5)nc4c3)cc2)cnc1N1CCC1C(=O)O,7.07022,Cc1cc(-c2ccc(NC(=O)c3ccc4oc(C5CNC5)nc4c3)cc2)cnc1N1CCC1C(=O)O,5.895285
c1ccc2c(c1)c(CCNCc1ccc(-c3nc4ccc(NC56CC(C5)C6)cc4o3)cc1)cn2CC1CC1,7.903391,O=C(NCCc1cn(CC2CC2)c2ccccc12)c1ccc(-c2nc3ccc(NC45CC(C4)C5)cc3o2)cc1,7.895326
Fc1ccc(CNc2ccccn2)cc1,4.155876,O=C(Nc1ccccn1)c1ccc(F)cc1,4.572561
O=C(NC1CC1)c1cccc(-c2ccc(NCc3ccc4[nH]c(C5CNC5)nc4c3)cc2)c1,8.191965,O=C(Nc1ccc(-c2cccc(C(=O)NC3CC3)c2)cc1)c1ccc2[nH]c(C3CNC3)nc2c1,5.253975
O=C(O)c1cccc(-c2nc3ccc(CN4CCC[C@@H]4c4nc5ccc(C(=O)NC6CC6)cc5o4)cc3o2)c1,7.295,O=C(O)c1ccc2nc(-c3cccc(C(=O)N4CCC[C@@H]4c4nc5ccc(C(=O)NC6CC6)cc5o4)c3)oc2c1,7.129094
c1ccc2c(NCc3ccc(CNC45CC(C4)C5)cc3)ccnc2c1,7.148586,O=C(Nc1ccnc2ccccc12)c1ccc(CNC23CC(C2)C3)cc1,7.311069
c1cc(-c2ccc(NCc3cccc4oc(C5CNC5)nc34)cc2)c2oc(C3CNC3)nc2c1,7.785963,O=C(Nc1ccc(-c2cccc3nc(C4CNC4)oc23)cc1)c1cccc2oc(C3CNC3)nc12,5.495932
c1ccc(-c2nnn(CC3CC3)n2)c(Cn2cc(CNCC3CCN3)c3ccccc32)c1,7.694767,O=C(NCc1cn(Cc2ccccc2-c2nnn(CC3CC3)n2)c2ccccc12)C1CCN1,7.973763
O=C([C@@H](NCc1ccc(C2NCCc3ccccc32)cc1)c1ccccc1)N1CCNCC1,6.234799,O=C(N[C@H](C(=O)N1CCNCC1)c1ccccc1)c1ccc(C2NCCc3ccccc32)cc1,6.454461
N[C@@H](CNc1cc(Br)n[nH]1)Cc1c[nH]c2ccccc12,2.894169,N[C@H](Cc1c[nH]c2ccccc12)C(=O)Nc1cc(Br)n[nH]1,3.967
O=C(Nc1cccc(-c2cc(NC(=O)C3CCNCC3)[nH]n2)c1)C1CN(C[C@@H]2Cc3ccccc3CN2)C1,7.59721,O=C(Nc1cccc(-c2cc(NC(=O)C3CCN(C(=O)[C@@H]4Cc5ccccc5CN4)CC3)[nH]n2)c1)C1CNC1,7.261743
c1ccc([C@H](NCc2ccc3oc(-c4ccc(CO[C@H]5CN6CCC5CC6)cc4)nc3c2)C2=NCCc3ccccc32)cc1,7.891343,O=C(N[C@H](C1=NCCc2ccccc21)c1ccccc1)c1ccc2oc(-c3ccc(CO[C@H]4CN5CCC4CC5)cc3)nc2c1,7.810507
O=C(O)c1ccc2nc(-c3ccc(CN(Cc4ccc(CN5CCNCC5)cc4)C45CC(C4)C5)cc3)oc2c1,6.385792,O=C(O)c1ccc(CN2CCN(C(=O)c3ccc4nc(-c5ccc(CNC67CC(C6)C7)cc5)oc4c3)CC2)cc1,7.322128
O=C(O)C1CN(C(=O)c2ccccc2NCC2CNC2)C1,5.322624,O=C(O)C1CN(C(=O)c2ccccc2NC(=O)C2CNC2)C1,5.991698
O=C(Nc1ccc(-c2cccc(Nc3ccc(NCC4CCN4)cc3)c2)cc1)[C@@H]1Cc2ccccc2CN1,7.792885,O=C(Nc1ccc(Nc2cccc(-c3ccc(NC(=O)[C@@H]4Cc5ccccc5CN4)cc3)c2)cc1)C1CCN1,7.805987
OB(O)c1ccc(NC[C@@H]2CCCN2c2cnc(F)nc2)cc1,4.215622,O=C(Nc1ccc(B(O)O)cc1)[C@@H]1CCCN1c1cnc(F)nc1,4.458738
N[C@H](CNc1n[nH]cc1Br)Cc1c[nH]c2ccccc12,2.471989,N[C@@H](Cc1c[nH]c2ccccc12)C(=O)Nc1n[nH]cc1Br,3.839945
O=Cc1ccc(CN2CC(C(=O)Nc3cccc(B(O)O)c3)C2)cc1,4.18437,O=Cc1ccc(C(=O)N2CC(C(=O)Nc3cccc(B(O)O)c3)C2)cc1,4.66831
O=C(Nc1ccc(-c2cccc(NCc3ccc(CO[C@H]4CN5CCC4CC5)cc3)c2)cc1)N1CC[C@@H](O)C1,7.555454,O=C(Nc1cccc(-c2ccc(NC(=O)N3CC[C@@H](O)C3)cc2)c1)c1ccc(CO[C@H]2CN3CCC2CC3)cc1,7.602077
c1cc(NCC2CNC2)cc(-c2cccc3nc(C4CCN4)oc23)c1,7.69231,O=C(Nc1cccc(-c2cccc3nc(C4CCN4)oc23)c1)C1CNC1,5.647789
O=C(Nc1ccc(-c2cn(CC3CC3)nn2)cc1)C1CCN1C[C@@H]1Cc2ccccc2CN1,7.605685,O=C(Nc1ccc(-c2cn(CC3CC3)nn2)cc1)C1CCN1C(=O)[C@@H]1Cc2ccccc2CN1,7.388197
O=C(O)c1ccc(-c2nc3ccc(CNC4(c5nc6c(C(=O)NC7CC7)cccc6o5)CCC4)cc3o2)cc1,7.30268,O=C(O)c1ccc(-c2nc3ccc(C(=O)NC4(c5nc6c(C(=O)NC7CC7)cccc6o5)CCC4)cc3o2)cc1,7.189751
C[C@H](Nc1ccc2c(-c3nc4cc(CNCc5cn(CC6CC6)c6ccccc56)ccc4o3)c[nH]c2c1)c1ccccc1,7.439341,C[C@H](Nc1ccc2c(-c3nc4cc(C(=O)NCc5cn(CC6CC6)c6ccccc56)ccc4o3)c[nH]c2c1)c1ccccc1,7.660315
O=C(O)C1CN(Cc2cccc(B(O)O)c2)C1,2.915751,O=C(O)C1CN(C(=O)c2cccc(B(O)O)c2)C1,3.372271
Cc1cc(-c2ccc(C#N)s2)cnc1NC(=O)C1(NCc2cccc3oc(C4CNC4)nc23)CCC1,7.077986,Cc1cc(-c2ccc(C#N)s2)cnc1NC(=O)C1(NC(=O)c2cccc3oc(C4CNC4)nc23)CCC1,6.751267
O=C(NCc1ccccc1)C1CCN(C[C@@H]2Cc3ccccc3CN2)CC1,7.056187,O=C(NCc1ccccc1)C1CCN(C(=O)[C@@H]2Cc3ccccc3CN2)CC1,7.134005
O=C([C@@H](NCc1cccc(-c2nc3cc(-c4nnn(CC5CC5)n4)ccc3o2)c1)c1ccccc1)N1CCNCC1,7.318624,O=C(N[C@H](C(=O)N1CCNCC1)c1ccccc1)c1cccc(-c2nc3cc(-c4nnn(CC5CC5)n4)ccc3o2)c1,7.383597
O=C(NC1CC1)c1ccc(Cn2cc(CCNCc3ccc4nc(C5CNC5)[nH]c4c3)c3ccccc32)cc1,7.927574,O=C(NCCc1cn(Cc2ccc(C(=O)NC3CC3)cc2)c2ccccc12)c1ccc2nc(C3CNC3)[nH]c2c1,8.095132
Brc1cc(NCc2ccc(CNC3(c4nc5cccc(Br)c5o4)CCC3)cc2)[nH]n1,5.897978,O=C(Nc1cc(Br)n[nH]1)c1ccc(CNC2(c3nc4cccc(Br)c4o3)CCC2)cc1,6.092261
O=C(C1CN(Cc2ccc3oc(C4CNC4)nc3c2)C1)N1CC(Nc2ccnc3ccccc23)C1,7.678255,O=C(C1CNC1)N1CC(N(C(=O)c2ccc3oc(C4CNC4)nc3c2)c2ccnc3ccccc23)C1,2.608159
O=C(Nc1cccc(-c2ncccc2NCC2CCN2)c1)[C@@H]1CCCN1,7.278909,O=C(Nc1cccnc1-c1cccc(NC(=O)[C@@H]2CCCN2)c1)C1CCN1,7.136442
c1ccc2c(c1)c(CCNCc1ccc3[nH]c(C4CNC4)nc3c1)cn2CC1CC1,7.89273,O=C(NCCc1cn(CC2CC2)c2ccccc12)c1ccc2[nH]c(C3CNC3)nc2c1,8.046239
O=C(O)[C@@H]1Cc2ccccc2CN1Cc1cccc2oc(C3CCN3)nc12,6.59737,O=C(O)[C@@H]1Cc2ccccc2CN1C(=O)c1cccc2oc(C3CCN3)nc12,6.204739
O=C(O)[C@@H]1CCCN1Cc1ccc2nc([C@H]3CCCN3)oc2c1,5.251696,O=C(O)[C@@H]1CCCN1C(=O)c1ccc2nc([C@H]3CCCN3)oc2c1,5.364997
CC1(C)OB(c2ccc(NC(=O)N3CCC(CNCCc4cn(CC5CC5)c5ccccc45)CC3)nc2)OC1(C)C,6.219562,CC1(C)OB(c2ccc(NC(=O)N3CCC(C(=O)NCCc4cn(CC5CC5)c5ccccc45)CC3)nc2)OC1(C)C,6.454025
O=C1CN(C(=O)N2CCC(CNc3cc(Br)n[nH]3)CC2)C1,4.367269,O=C1CN(C(=O)N2CCC(C(=O)Nc3cc(Br)n[nH]3)CC2)C1,4.876029
C[C@@H](CN1Cc2ccccc2C[C@H]1C(=O)O)NC(=O)[C@@H](C)N,3.413042,C[C@H](NC(=O)[C@@H](C)N)C(=O)N1Cc2ccccc2C[C@H]1C(=O)O,3.648517
c1ccc2c(c1)CCN=C2c1ccc2nc(-c3ccc(CNc4cccc5ccn(CC6CC6)c45)cc3)oc2c1,7.818027,O=C(Nc1cccc2ccn(CC3CC3)c12)c1ccc(-c2nc3ccc(C4=NCCc5ccccc54)cc3o2)cc1,8.095578
OB(O)c1cccc(NCc2ccc(CNC34CC(C3)C4)cc2)c1,5.174248,O=C(Nc1cccc(B(O)O)c1)c1ccc(CNC23CC(C2)C3)cc1,5.259497
c1cc(CNc2ccnc3ccccc23)cc(-c2nc3cc(-c4nnn(CC5CC5)n4)ccc3o2)c1,7.667447,O=C(Nc1ccnc2ccccc12)c1cccc(-c2nc3cc(-c4nnn(CC5CC5)n4)ccc3o2)c1,7.793046
O=C(Nc1cc(-c2cccc(NC[C@@H]3Cc4ccccc4CN3)c2)n[nH]1)[C@H]1CCCN1,7.890862,O=C(Nc1cccc(-c2cc(NC(=O)[C@H]3CCCN3)[nH]n2)c1)[C@@H]1Cc2ccccc2CN1,7.796546
O=C(NC1CC1)c1ccc2nc(C3CCN3Cc3ccc(-c4nnn(CC5CC5)n4)nc3)[nH]c2c1,7.86434,O=C(NC1CC1)c1ccc2nc(C3CCN3C(=O)c3ccc(-c4nnn(CC5CC5)n4)nc3)[nH]c2c1,6.716618
O=C(Nc1ccccc1C(=O)N1CCN(Cc2ccc3nc(C4CNC4)oc3c2)CC1)c1ccccn1,7.429759,O=C(Nc1ccccc1C(=O)N1CCN(C(=O)c2ccc3nc(C4CNC4)oc3c2)CC1)c1ccccn1,7.142262
N#Cc1cccc(-c2ccc(NC(=O)[C@@H]3CCCN3C[C@@H]3Cc4ccccc4CN3)c(O)c2)c1,6.892227,N#Cc1cccc(-c2ccc(NC(=O)[C@@H]3CCCN3C(=O)[C@@H]3Cc4ccccc4CN3)c(O)c2)c1,6.840442
c1cc(NCc2cccc3oc(C4CCN4)nc23)cc(-c2cncc(-c3nnn(CC4CC4)n3)c2)c1,8.004142,O=C(Nc1cccc(-c2cncc(-c3nnn(CC4CC4)n3)c2)c1)c1cccc2oc(C3CCN3)nc12,7.35982
O=C(NC1CC1)c1cccc(-c2nc3ccc(NCc4ccc(CCl)cc4)cc3o2)c1,7.219388,O=C(Nc1ccc2nc(-c3cccc(C(=O)NC4CC4)c3)oc2c1)c1ccc(CCl)cc1,7.382968
O=C(Nc1cccc2cc[nH]c12)C1CN(Cc2cccc(-c3ccc(NCC4CCN4)cc3)c2)C1,7.504386,O=C(Nc1cccc2cc[nH]c12)C1CN(C(=O)c2cccc(-c3ccc(NCC4CCN4)cc3)c2)C1,7.578173
Fc1cccc(CNC23CC(C2)C3)n1,5.138285,O=C(NC12CC(C1)C2)c1cccc(F)n1,4.939061
COc1ccccc1CCNCc1cccc(B(O)O)c1,3.560467,COc1ccccc1CCNC(=O)c1cccc(B(O)O)c1,3.832429
OB(O)c1ccc(NCc2ccccc2CCl)cc1,3.328592,O=C(Nc1ccc(B(O)O)cc1)c1ccccc1CCl,3.555568
O=Cc1cccc(CNc2nc(F)nc3[nH]cnc23)c1,3.785354,O=Cc1cccc(C(=O)Nc2nc(F)nc3[nH]cnc23)c1,4.317624
O=Cc1cccc(CNC2(C(=O)O)CCC2)c1,2.929817,O=Cc1cccc(C(=O)NC2(C(=O)O)CCC2)c1,4.135757
O=C(O)c1ccc2nc(-c3cccc(CNc4cc(-c5ccc(NCC6CNC6)cc5)n[nH]4)c3)oc2c1,7.365201,O=C(O)c1ccc2nc(-c3cccc(CNc4cc(-c5ccc(NC(=O)C6CNC6)cc5)n[nH]4)c3)oc2c1,7.631647
O=C(NC1CC1)c1ccc(-c2nc3ccc(CNc4n[nH]cc4Br)cc3o2)cc1,7.227659,O=C(Nc1n[nH]cc1Br)c1ccc2nc(-c3ccc(C(=O)NC4CC4)cc3)oc2c1,6.992708
O=C(Nc1cccc(-c2cc(NCC3CNC3)[nH]n2)c1)c1ccc2[nH]c(C3CCNCC3)nc2c1,7.724825,O=C(Nc1cccc(-c2cc(NC(=O)C3CNC3)[nH]n2)c1)c1ccc2[nH]c(C3CCNCC3)nc2c1,7.420035
O=Cc1cccc(CNc2cc(Br)ccc2O)c1,3.584635,O=Cc1cccc(C(=O)Nc2cc(Br)ccc2O)c1,3.743908
c1cc(-c2nnnn2CC2CC2)ncc1CN(CC1CNC1)C12CC(C1)C2,6.901205,O=C(C1CNC1)N(Cc1ccc(-c2nnnn2CC2CC2)nc1)C12CC(C1)C2,7.12204
O=C(O)c1ccc2oc(C3(NCc4ccc(-c5nnn(CC6CC6)n5)nc4)CCC3)nc2c1,7.238701,O=C(O)c1ccc2oc(C3(NC(=O)c4ccc(-c5nnn(CC6CC6)n5)nc4)CCC3)nc2c1,7.037381
c1ccc(CNCc2ccc3nc([C@@H]4CCCN4Cc4cccc5oc([C@H]6CCCN6)nc45)oc3c2)cc1,7.408848,O=C(NCc1ccccc1)c1ccc2nc([C@@H]3CCCN3Cc3cccc4oc([C@H]5CCCN5)nc34)oc2c1,7.586497
O=C(O)[C@H](NCc1ccc2nc(C3CNC3)oc2c1)c1ccccc1,6.290819,O=C(N[C@@H](C(=O)O)c1ccccc1)c1ccc2nc(C3CNC3)oc2c1,6.459046
Nc1ccccc1C(=O)N1CCC(CNc2ccc(-c3cccc(-c4nnn(CC5CC5)n4)c3)cc2)CC1,7.482773,Nc1ccccc1C(=O)N1CCC(C(=O)Nc2ccc(-c3cccc(-c4nnn(CC5CC5)n4)c3)cc2)CC1,7.506765
C[C@H](NC(=O)C1CCN(Cc2ccc3oc(-c4ccc(C(=O)NC5CC5)cc4)nc3c2)CC1)c1ccccc1,7.756505,C[C@H](NC(=O)C1CCN(C(=O)c2ccc3oc(-c4ccc(C(=O)NC5CC5)cc4)nc3c2)CC1)c1ccccc1,7.240476
c1cc(CO[C@@H]2CCCN(C[C@@H]3Cc4ccccc4CN3)C2)cc(-c2nnnn2Cc2ccc(-c3nnn(CC4CC4)n3)cc2)c1,7.265345,O=C([C@@H]1Cc2ccccc2CN1)N1CCC[C@@H](OCc2cccc(-c3nnnn3Cc3ccc(-c4nnn(CC5CC5)n4)cc3)c2)C1,8.013184
O=Cc1ccc(CNc2ccncc2C=O)cc1,3.609266,O=Cc1ccc(C(=O)Nc2ccncc2C=O)cc1,3.877766
OB(O)c1ccc(F)c(CNc2nc(F)nc3[nH]cnc23)c1,3.181898,O=C(Nc1nc(F)nc2[nH]cnc12)c1cc(B(O)O)ccc1F,3.47102
O=C(NCc1c[nH]c2ccccc12)[C@@H]1CCCN1C[C@@H]1CCCNC1,5.584547,O=C(NCc1c[nH]c2ccccc12)[C@@H]1CCCN1C(=O)[C@@H]1CCCNC1,7.000866
N#Cc1ccc(NCC2CNC2)c(N)c1,4.28223,N#Cc1ccc(N)c(NC(=O)C2CNC2)c1,5.452122
O=C(CCl)c1ccc(-c2ccc(NCc3ccc(-c4nnn(CC5CC5)n4)nc3)cc2)cc1,7.061277,O=C(CCl)c1ccc(-c2ccc(NC(=O)c3ccc(-c4nnn(CC5CC5)n4)nc3)cc2)cc1,6.809515
CC1(C)OB(c2ccc(NC[C@H]3CCCNC3)nc2)OC1(C)C,4.067043,CC1(C)OB(c2ccc(NC(=O)[C@H]3CCCNC3)nc2)OC1(C)C,4.747677
O=C(O)c1cccc(-c2ccc(NC3CN(CC4CNC4)C3)cc2)c1,5.853173,O=C(O)C1CN(C(=O)c2cccc(-c3ccc(NC4CNC4)cc3)c2)C1,5.970716
Nc1ccccc1C(=O)N1CCC[C@H]1CN1CCNCC1,3.820125,Nc1ccccc1C(=O)N1CCC[C@H]1C(=O)N1CCNCC1,4.653039
O=C(NCCc1cn(CC2CC2)c2ccccc12)c1ccc(N(C[C@@H]2Cc3ccccc3CN2)c2ccnc3ccccc23)cc1,7.368333,O=C(NCCc1cn(CC2CC2)c2ccccc12)c1ccc(N(C(=O)[C@@H]2Cc3ccccc3CN2)c2ccnc3ccccc23)cc1,7.053537
c1cncc(-c2ccc(NCc3ccc4nc(C5CN(CC6CNC6)C5)oc4c3)cc2)c1,7.497488,O=C(C1CNC1)N(Cc1ccc2nc(C3CNC3)oc2c1)c1ccc(-c2cccnc2)cc1,6.621876
Fc1nc(NCc2ccc3nc(-c4ccc(-c5nnn(CC6CC6)n5)nc4)oc3c2)c2nc[nH]c2n1,7.385316,O=C(Nc1nc(F)nc2[nH]cnc12)c1ccc2nc(-c3ccc(-c4nnn(CC5CC5)n4)nc3)oc2c1,7.492473
O=C(NC1CC1)c1ccc(-c2nc3ccc(CNc4cccc(-c5cncc(C(F)(F)F)c5)c4)cc3[nH]2)cc1,7.663579,O=C(Nc1cccc(-c2cncc(C(F)(F)F)c2)c1)c1ccc2nc(-c3ccc(C(=O)NC4CC4)cc3)[nH]c2c1,7.532031
O=C(NC1CC1)c1cccc(-c2nc3cc(Nc4cc(Br)ccc4NC[C@@H]4Cc5ccccc5CN4)ccc3o2)c1,7.704971,O=C(NC1CC1)c1cccc(-c2nc3cc(Nc4cc(Br)ccc4NC(=O)[C@@H]4Cc5ccccc5CN4)ccc3o2)c1,7.59782
O=Cc1ccnc(-c2ccc(NCC3CCN3)cc2)c1,6.341532,O=Cc1ccnc(-c2ccc(NC(=O)C3CCN3)cc2)c1,6.771521
C[C@@H](NCc1ccc(F)cc1)c1ccccc1,4.24894,C[C@@H](NC(=O)c1ccc(F)cc1)c1ccccc1,4.672832
c1cc(NCc2ccc(-c3nnn(CC4CC4)n3)nc2)cc(-c2cncc(-c3nnn(CC4CC4)n3)c2)c1,8.234036,O=C(Nc1cccc(-c2cncc(-c3nnn(CC4CC4)n3)c2)c1)c1ccc(-c2nnn(CC3CC3)n2)nc1,7.009104
O=C(O)C1CN(Cc2cccc(-c3ccc4oc([C@@H]5CCCNC5)nc4c3)c2)C1,5.846841,O=C(O)C1CN(C(=O)c2cccc(-c3ccc4oc([C@@H]5CCCNC5)nc4c3)c2)C1,6.465484
Nc1ccc(CNCCc2c[nH]c3ccccc23)cc1N,4.210129,Nc1ccc(C(=O)NCCc2c[nH]c3ccccc23)cc1N,4.807927
C[C@@H](NCC1CNC1)c1ccccc1,4.499537,C[C@@H](NC(=O)C1CNC1)c1ccccc1,6.613158
O=C(O)c1ccc2oc(-c3cccc(F)c3NC[C@@H]3CCCNC3)nc2c1,5.084458,O=C(O)c1ccc2oc(-c3cccc(F)c3NC(=O)[C@@H]3CCCNC3)nc2c1,5.739515
Nc1ccc(CN2CC(C(=O)O)C2)cc1O,3.188065,Nc1ccc(C(=O)N2CC(C(=O)O)C2)cc1O,3.869184
N[C@@H](CN1CC(=O)C1)c1ccccc1,2.359802,N[C@@H](C(=O)N1CC(=O)C1)c1ccccc1,3.317988
CC(C)C[C@@H](CN1CCC[C@@H]1C(=O)O)NC(=O)N1CCC[C@H]1C(=O)O,2.92203,CC(C)C[C@H](NC(=O)N1CCC[C@H]1C(=O)N1CCC[C@@H]1C(=O)O)C(=O)O,3.256608
Nc1c(O)cccc1CNCCc1c[nH]c2ccccc12,4.514998,Nc1c(O)cccc1C(=O)NCCc1c[nH]c2ccccc12,4.588682
Cc1cc(-c2cccc(NCc3ccc(-c4nnn(CC5CC5)n4)nc3)c2)cnc1NC[C@H]1CCCN1,7.441898,Cc1cc(-c2cccc(NC(=O)c3ccc(-c4nnn(CC5CC5)n4)nc3)c2)cnc1NC[C@H]1CCCN1,7.301445
OB(O)c1cccc(NCc2cccnc2)c1,3.119948,O=C(Nc1cccc(B(O)O)c1)c1cccnc1,3.254261
c1cc(CNc2ccnc3ccccc23)cc(-c2ccc(NC[C@@H]3Cc4ccccc4CN3C[C@@H]3Cc4ccccc4CN3)cc2)c1,7.538814,O=C([C@@H]1Cc2ccccc2CN1)N(C[C@@H]1Cc2ccccc2CN1)c1ccc(-c2cccc(CNc3ccnc4ccccc34)c2)cc1,7.55145
Brc1ccc(NCc2ccc(CNc3ccnc4ccccc34)cc2)cc1,5.88681,O=C(Nc1ccnc2ccccc12)c1ccc(CNc2ccc(Br)cc2)cc1,6.319943
Nc1cccc(-c2nc(F)ccc2NCc2cccc(C=O)c2)c1,4.201669,Nc1ccc(F)nc1-c1cccc(NC(=O)c2cccc(C=O)c2)c1,4.890247
N#Cc1ccc(CNc2cccc(-c3cc(NCc4ccc5nc(C6(N)CCC6)oc5c4)[nH]n3)c2)cn1,6.266869,N#Cc1ccc(CNc2cccc(-c3cc(NC(=O)c4ccc5nc(C6(N)CCC6)oc5c4)[nH]n3)c2)cn1,6.659294
c1cc(NCc2ccc3oc([C@H]4CCCNC4)nc3c2)c2[nH]ccc2c1,6.102405,O=C(Nc1cccc2cc[nH]c12)c1ccc2oc([C@H]3CCCNC3)nc2c1,6.40537
N#Cc1ccc(CNc2cccc3cc[nH]c23)cn1,4.357737,N#Cc1ccc(C(=O)Nc2cccc3cc[nH]c23)cn1,4.779771
O[C@@H]1CCN(C[C@@H]2Cc3ccccc3CN2)C1,5.146686,O=C([C@@H]1Cc2ccccc2CN1)N1CC[C@@H](O)C1,5.273084
O=C(NCCc1c[nH]c2ccccc12)C1CN(C[C@@H]2Cc3ccccc3CN2)C1,6.795895,O=C(NCCc1c[nH]c2ccccc12)C1CN(C(=O)[C@@H]2Cc3ccccc3CN2)C1,7.287258
Nc1ccc(CNc2cc(-c3cccc(NC[C@@H]4Cc5ccccc5CN4)c3)n[nH]2)cc1NCC1CNC1,7.738971,Nc1ccc(C(=O)Nc2cc(-c3cccc(NC[C@@H]4Cc5ccccc5CN4)c3)n[nH]2)cc1NCC1CNC1,7.991767
O=Cc1ccc(-c2nc3cc(CNc4cccc(-c5cc(NC(=O)C6CNC6)[nH]n5)c4)ccc3o2)cc1,7.87775,O=Cc1ccc(-c2nc3cc(C(=O)Nc4cccc(-c5cc(NC(=O)C6CNC6)[nH]n5)c4)ccc3o2)cc1,7.509518
N[C@H](c1ccccc1)c1nc2cc(CNc3ccc(-c4cn(CC5CC5)cn4)cc3)ccc2o1,7.686197,N[C@H](c1ccccc1)c1nc2cc(C(=O)Nc3ccc(-c4cn(CC5CC5)cn4)cc3)ccc2o1,7.989508
O=C(O)C1(NCc2ccc3oc(-c4ccccn4)nc3c2)CCC1,4.8159,O=C(NC1(C(=O)O)CCC1)c1ccc2oc(-c3ccccn3)nc2c1,5.852739
O=Cc1cccc(-c2ccccc2CCNCc2cccc3oc(C4CNC4)nc23)c1,6.789801,O=Cc1cccc(-c2ccccc2CCNC(=O)c2cccc3oc(C4CNC4)nc23)c1,7.019292
Nc1nc(N2CCC[C@H]2CN2CCC2C(=O)O)nc2[nH]cnc12,4.413363,Nc1nc(N2CCC[C@H]2C(=O)N2CCC2C(=O)O)nc2[nH]cnc12,4.617936
O=C(NCc1c[nH]c2ccccc12)N1CCC[C@@H](CN[C@@H](CNC23CC(C2)C3)Cc2c[nH]c3ccccc23)C1,6.939858,O=C(N[C@@H](CNC12CC(C1)C2)Cc1c[nH]c2ccccc12)[C@@H]1CCCN(C(=O)NCc2c[nH]c3ccccc23)C1,7.038397
c1ccc2c(c1)CN[C@H](CNc1ccc(NCc3cn(CC4CC4)c4ccccc34)cc1)C2,7.808174,O=C(Nc1ccc(NCc2cn(CC3CC3)c3ccccc23)cc1)[C@@H]1Cc2ccccc2CN1,7.866982
c1ccc(CCNCc2ccc(Cn3nnc(-c4cccc(-c5cc(NCC6CCN6)[nH]n5)c4)n3)cc2)cc1,7.835885,O=C(NCCc1ccccc1)c1ccc(Cn2nnc(-c3cccc(-c4cc(NCC5CCN5)[nH]n4)c3)n2)cc1,7.737313
O=C(Nc1cccc(-c2ccc(NCc3ccc4nc(C5CNC5)[nH]c4c3)cc2)c1)C1CCN1,8.080378,O=C(Nc1ccc(-c2cccc(NC(=O)C3CCN3)c2)cc1)c1ccc2nc(C3CNC3)[nH]c2c1,5.657269
C[C@H](NCc1cccc2oc(C3CNC3)nc12)c1ccccc1,6.998561,C[C@H](NC(=O)c1cccc2oc(C3CNC3)nc12)c1ccccc1,7.224269
O=C(O)c1ccc(Cn2cc(CCNCc3ccc(CO[C@H]4CN5CCC4CC5)cc3)c3ccccc32)cc1,7.144743,O=C(O)c1ccc(Cn2cc(CCNC(=O)c3ccc(CO[C@H]4CN5CCC4CC5)cc3)c3ccccc32)cc1,7.119578
O=C(O)[C@@H]1CCCN1Cc1cccc(B(O)O)c1,2.835702,O=C(O)[C@@H]1CCCN1C(=O)c1cccc(B(O)O)c1,2.932589
Cc1cc(-c2ccc(N)cc2)cnc1NCc1ccc(N)c(O)c1,5.112885,Cc1cc(-c2ccc(N)cc2)cnc1NC(=O)c1ccc(N)c(O)c1,5.014246
c1ccc2c(c1)CN[C@H](c1nc3ccc(-c4ccc(NCc5ccc(-c6nnn(CC7CC7)n6)nc5)cc4)cc3[nH]1)C2,8.10708,O=C(Nc1ccc(-c2ccc3nc([C@@H]4Cc5ccccc5CN4)[nH]c3c2)cc1)c1ccc(-c2nnn(CC3CC3)n2)nc1,7.675457
N#Cc1cccc(-c2ccc(NCC3CCN(Cc4nc5ccccc5[nH]4)CC3)cc2)c1,5.962291,N#Cc1cccc(-c2ccc(NC(=O)C3CCN(Cc4nc5ccccc5[nH]4)CC3)cc2)c1,6.751144
c1ccc2c(c1)CN[C@H](CN1CCC[C@H]1c1nc3ccc(CNc4cccc5ccn(CC6CC6)c45)cc3o1)C2,7.582512,O=C([C@@H]1Cc2ccccc2CN1)N(Cc1ccc2nc([C@@H]3CCCN3)oc2c1)c1cccc2ccn(CC3CC3)c12,7.542828
N[C@H](CN1CCC1C(=O)O)c1ccccc1,2.90684,N[C@H](C(=O)N1CCC1C(=O)O)c1ccccc1,4.133459
C[C@H](NCc1ccccc1NCc1ccc(-c2nnn(CC3CC3)n2)nc1)c1ccccc1,7.320336,C[C@H](NC(=O)c1ccccc1NCc1ccc(-c2nnn(CC3CC3)n2)nc1)c1ccccc1,7.464751
c1ccc(CCN(Cc2ccc3nc(C4CNC4)oc3c2)C2CCNCC2)cc1,6.420614,O=C(c1ccc2nc(C3CNC3)oc2c1)N(CCc1ccccc1)C1CCNCC1,6.688255
C#CCNC(=O)c1ccc2nc(-c3ccc(CNc4cccc5cc[nH]c45)cc3)oc2c1,5.972823,C#CCNC(=O)c1ccc2nc(-c3ccc(C(=O)Nc4cccc5cc[nH]c45)cc3)oc2c1,6.21966
Oc1c(Br)cccc1NCc1ccccc1NCc1ccc2nc(-c3ccc(-c4nnn(CC5CC5)n4)nc3)oc2c1,7.278478,O=C(Nc1ccccc1CNc1cccc(Br)c1O)c1ccc2nc(-c3ccc(-c4nnn(CC5CC5)n4)nc3)oc2c1,7.302454
c1cc(CCNCc2ccc3oc(C4CNC4)nc3c2)ccn1,7.198195,O=C(NCCc1ccncc1)c1ccc2oc(C3CNC3)nc2c1,7.209031
O=C(O)c1cccc(O)c1NCc1ccc2[nH]c(C3CCNCC3)nc2c1,5.338665,O=C(Nc1c(O)cccc1C(=O)O)c1ccc2[nH]c(C3CCNCC3)nc2c1,5.563621
N#Cc1ccccc1CCNCc1ccccc1C=O,4.104984,N#Cc1ccccc1CCNC(=O)c1ccccc1C=O,4.259281
O=C(O)c1ccc2nc(-c3ccc(CNc4ccc(-c5ccc(F)cc5)cc4)cc3)oc2c1,6.457656,O=C(O)c1ccc(-c2nc3ccc(C(=O)Nc4ccc(-c5ccc(F)cc5)cc4)cc3o2)cc1,6.633456
N[C@H](CNc1ccccc1CNc1cccc(-c2cc(NC(=O)C3CCN3)[nH]n2)c1)c1ccccc1,7.394395,N[C@H](C(=O)Nc1ccccc1CNc1cccc(-c2cc(NC(=O)C3CCN3)[nH]n2)c1)c1ccccc1,7.741912
O=C(O)c1cccc(-c2ccc(NCC3(NCc4ccc(-c5nnn(CC6CC6)n5)nc4)CCC3)cc2)c1,6.999445,O=C(O)c1cccc(-c2ccc(NCC3(NC(=O)c4ccc(-c5nnn(CC6CC6)n5)nc4)CCC3)cc2)c1,6.974309
O=C(NCc1ccccc1)[C@H]1CCCN1C(=O)c1ccc(Cn2cnc3c(NC[C@@H]4Cc5ccccc5CN4)nc(F)nc32)cc1,7.1367,O=C(Nc1nc(F)nc2c1ncn2Cc1ccc(C(=O)N2CCC[C@@H]2C(=O)NCc2ccccc2)cc1)[C@@H]1Cc2ccccc2CN1,7.276948
O=Cc1cccc(-c2cccc(NC(=O)N3CCC[C@@H]3CNc3cccc(B(O)O)c3)c2)c1,5.19791,O=Cc1cccc(-c2cccc(NC(=O)N3CCC[C@@H]3C(=O)Nc3cccc(B(O)O)c3)c2)c1,5.277228
OB(O)c1cccc(NCc2cccnc2F)c1,3.148894,O=C(Nc1cccc(B(O)O)c1)c1cccnc1F,3.407092
c1ccc2c(CN(Cc3ccc(-c4nnn(CC5CC5)n4)nc3)CC3CCNCC3)c[nH]c2c1,6.22279,O=C(c1ccc(-c2nnn(CC3CC3)n2)nc1)N(Cc1c[nH]c2ccccc12)CC1CCNCC1,6.414448
O=C(O)c1ccc2nc(-c3cccnc3-c3cccc(NC[C@@H]4Cc5ccccc5CN4)c3)oc2c1,6.863527,O=C(O)c1ccc2nc(-c3cccnc3-c3cccc(NC(=O)[C@@H]4Cc5ccccc5CN4)c3)oc2c1,6.756807
N#Cc1cccc(Cn2nncc2CNCc2cccc(O)c2N)c1,4.507897,N#Cc1cccc(Cn2nncc2CNC(=O)c2cccc(O)c2N)c1,4.331652
NC1(CNc2cc(Br)n[nH]2)CCC1,2.245057,NC1(C(=O)Nc2cc(Br)n[nH]2)CCC1,2.759748
O=C(O)c1ccc(O)c(N(CC2CNC2)c2ccc(NCc3ccc4nc(C5CNC5)oc4c3)cc2)c1,6.730052,O=C(O)c1ccc(O)c(N(CC2CNC2)c2ccc(NC(=O)c3ccc4nc(C5CNC5)oc4c3)cc2)c1,6.503171
c1cc(-c2nnn(CC3CC3)n2)cc(-c2ccccc2CCNCc2ccc(-c3nnn(CC4CC4)n3)nc2)c1,8.023165,O=C(NCCc1ccccc1-c1cccc(-c2nnn(CC3CC3)n2)c1)c1ccc(-c2nnn(CC3CC3)n2)nc1,8.043889
C#Cc1ncccc1NCc1ccc(CNc2ccc(-c3cncc(C#N)c3)cc2)cc1,6.519263,C#Cc1ncccc1NC(=O)c1ccc(CNc2ccc(-c3cncc(C#N)c3)cc2)cc1,6.842824
OB(O)c1cccc(NC[C@H](NC[C@@H]2Cc3ccccc3CN2)c2ccccc2)c1,4.881197,O=C(N[C@@H](CNc1cccc(B(O)O)c1)c1ccccc1)[C@@H]1Cc2ccccc2CN1,5.040269
O=C(O)C1CN(Cc2ccc3nc(C4CCNCC4)oc3c2)C1,5.438483,O=C(O)C1CN(C(=O)c2ccc3nc(C4CCNCC4)oc3c2)C1,5.910532
O=C(NC1CC1)c1cccc(CN(CCc2c[nH]c3ccccc23)CC2CCN2)c1,6.206595,O=C(NC1CC1)c1cccc(CN(CCc2c[nH]c3ccccc23)C(=O)C2CCN2)c1,7.165449
O=C(Nc1ccc(Br)cc1)c1ccc2oc(C3(NCc4ccc(-c5nnn(CC6CC6)n5)nc4)CCC3)nc2c1,7.666852,O=C(Nc1ccc(Br)cc1)c1ccc2oc(C3(NC(=O)c4ccc(-c5nnn(CC6CC6)n5)nc4)CCC3)nc2c1,7.280661
O=C(Nc1ccccn1)c1ccc2nc(-c3ccc4nc([C@H]5CCCN5C[C@@H]5Cc6ccccc6CN5)oc4c3)oc2c1,7.762189,O=C(Nc1ccccn1)c1ccc2nc(-c3ccc4nc([C@H]5CCCN5C(=O)[C@@H]5Cc6ccccc6CN5)oc4c3)oc2c1,7.64165
ClCc1ccc(-c2nc3ccc(CNCc4ccccc4)cc3o2)cc1,6.052648,O=C(NCc1ccccc1)c1ccc2nc(-c3ccc(CCl)cc3)oc2c1,6.252661
O=C(c1ccc2nc(C3CCN3Cc3ccc4oc(C5CNC5)nc4c3)oc2c1)N1CC(CO)C1,6.88906,O=C(c1ccc2nc(C3CCN3C(=O)c3ccc4oc(C5CNC5)nc4c3)oc2c1)N1CC(CO)C1,6.402233
c1cc(NCc2ccc3nc(C4CCNCC4)[nH]c3c2)c2[nH]ccc2c1,6.519167,O=C(Nc1cccc2cc[nH]c12)c1ccc2nc(C3CCNCC3)[nH]c2c1,6.775175
O=C(NC1CC1)c1ccccc1Cn1ccc2cccc(NC[C@@H]3Cc4ccccc4CN3)c21,7.261275,O=C(NC1CC1)c1ccccc1Cn1ccc2cccc(NC(=O)[C@@H]3Cc4ccccc4CN3)c21,7.637475
Cc1cc(-c2cccc(N)c2)cnc1NCc1ccc(-c2nc3ccc(C(=O)O)cc3o2)cc1,6.106444,Cc1cc(-c2cccc(N)c2)cnc1NC(=O)c1ccc(-c2nc3ccc(C(=O)O)cc3o2)cc1,5.944152
C[C@@H](NC(=O)c1cccc(-c2ccc(NCc3ccc4nc(C5CNC5)oc4c3)cc2)c1)c1ccccc1,7.928636,C[C@@H](NC(=O)c1cccc(-c2ccc(NC(=O)c3ccc4nc(C5CNC5)oc4c3)cc2)c1)c1ccccc1,7.466386
O=C(O)[C@@H]1CCCN1Cc1cccc(CNC23CC(C2)C3)c1,5.034334,O=C(O)[C@@H]1CCCN1C(=O)c1cccc(CNC23CC(C2)C3)c1,4.780162
O=C(NCc1ccc(O)cc1)c1ccccc1NC(=O)C1CN(Cc2ccc3nc(C4CNC4)oc3c2)C1,7.282966,O=C(NCc1ccc(O)cc1)c1ccccc1NC(=O)C1CN(C(=O)c2ccc3nc(C4CNC4)oc3c2)C1,7.273406
O=C(Nc1cccc(B(O)O)c1)[C@@H]1Cc2ccccc2CN1Cc1ccc(-c2nnn(CC3CC3)n2)nc1,6.383953,O=C(Nc1cccc(B(O)O)c1)[C@@H]1Cc2ccccc2CN1C(=O)c1ccc(-c2nnn(CC3CC3)n2)nc1,6.01
c1cc(-c2cc(NCC3CCN(c4nc5ccccc5[nH]4)CC3)[nH]n2)cc(-c2nnn(CC3CC3)n2)c1,7.841398,O=C(Nc1cc(-c2cccc(-c3nnn(CC4CC4)n3)c2)n[nH]1)C1CCN(c2nc3ccccc3[nH]2)CC1,7.80986
c1cc(-c2cn(CC3CC3)cn2)ccc1NCC1CCN1,8.135921,O=C(Nc1ccc(-c2cn(CC3CC3)cn2)cc1)C1CCN1,7.858293
Nc1ccc(CNc2cccc(B(O)O)c2)cc1O,3.161826,Nc1ccc(C(=O)Nc2cccc(B(O)O)c2)cc1O,3.392604
c1cc(NCc2ccc(-c3nnnn3CC3CC3)nc2)cc(-c2ccc(NCC3CCN3)cc2)c1,8.092386,O=C(Nc1ccc(-c2cccc(NCc3ccc(-c4nnnn4CC4CC4)nc3)c2)cc1)C1CCN1,8.0522
O=Cc1cccc(-c2cc(NCc3ccc4oc(C5CNC5)nc4c3)[nH]n2)c1,7.266068,O=Cc1cccc(-c2cc(NC(=O)c3ccc4oc(C5CNC5)nc4c3)[nH]n2)c1,7.120255
c1ccc(CCN(Cc2ccc3nc(C4CNC4)oc3c2)Cc2c[nH]c3ccc(-c4nnn(CC5CC5)n4)cc23)cc1,7.766246,O=C(c1ccc2nc(C3CNC3)oc2c1)N(CCc1ccccc1)Cc1c[nH]c2ccc(-c3nnn(CC4CC4)n3)cc12,7.74817
O=C(O)C1CCN(Cc2ccc(COCC3CNC3)cc2)CC1,5.446483,O=C(O)C1CCN(C(=O)c2ccc(COCC3CNC3)cc2)CC1,5.598937
C[C@H](NCc1cccc2oc(C3CNC3)nc12)C1=NCCc2ccccc21,7.584006,C[C@H](NC(=O)c1cccc2oc(C3CNC3)nc12)C1=NCCc2ccccc21,7.468267
c1cncc(-c2ccc3nc([C@@H]4CCCN(Cc5ccc(CO[C@H]6CN7CCC6CC7)cc5)C4)oc3c2)c1,7.766014,O=C(c1ccc(CO[C@H]2CN3CCC2CC3)cc1)N1CCC[C@@H](c2nc3ccc(-c4cccnc4)cc3o2)C1,8.03736
C[C@H](NC(=O)C1CCN1C(=O)C1CCN1C[C@@H]1Cc2ccccc2CN1)c1ccccc1,7.108076,C[C@H](NC(=O)C1CCN1C(=O)C1CCN1C(=O)[C@@H]1Cc2ccccc2CN1)c1ccccc1,7.109137
C[C@@H](NC(=O)Nc1cccc(-c2ccc(NCc3ccc(CO[C@H]4CN5CCC4CC5)cc3)cc2)c1)c1ccccc1,7.929004,C[C@@H](NC(=O)Nc1cccc(-c2ccc(NC(=O)c3ccc(CO[C@H]4CN5CCC4CC5)cc3)cc2)c1)c1ccccc1,7.778635
Fc1ncc(-c2ccc(NCc3ccc4oc([C@@H]5Cc6ccccc6CN5C[C@@H]5Cc6ccccc6CN5)nc4c3)cc2)cn1,7.437874,O=C([C@@H]1Cc2ccccc2CN1)N(Cc1ccc2oc([C@@H]3Cc4ccccc4CN3)nc2c1)c1ccc(-c2cnc(F)nc2)cc1,7.264153
O=C(Nc1ccc(-c2cccc(NC(=O)C3CCN3)c2)cc1)C1CN(C[C@@H]2Cc3ccccc3CN2)C1,7.579374,O=C(Nc1ccc(-c2cccc(NC(=O)C3CCN3)c2)cc1)C1CN(C(=O)[C@@H]2Cc3ccccc3CN2)C1,6.511704
c1ccc2c(c1)CN[C@H](CN(Cc1ccc(-c3nnn(CC4CC4)n3)nc1)Cc1cn(CC3CC3)nn1)C2,7.844351,O=C(c1ccc(-c2nnn(CC3CC3)n2)nc1)N(Cc1cn(CC2CC2)nn1)C[C@@H]1Cc2ccccc2CN1,7.587428
c1ccc2c(c1)CN[C@H](CN1CCC[C@H]1c1nc3ccc(-c4ccc(CNc5ccnc6ccccc56)cc4)cc3o1)C2,7.638776,O=C([C@@H]1Cc2ccccc2CN1)N(Cc1ccc(-c2ccc3nc([C@@H]4CCCN4)oc3c2)cc1)c1ccnc2ccccc12,7.523048
O=C(NC1CC1)c1cccc(-c2cc(NCc3cccc4oc(-c5cc(B(O)O)ccc5F)nc34)[nH]n2)c1,6.32735,O=C(NC1CC1)c1cccc(-c2cc(NC(=O)c3cccc4oc(-c5cc(B(O)O)ccc5F)nc34)[nH]n2)c1,6.514884
O=C(NCCc1ccccc1-c1cccc(NC[C@@H]2Cc3ccccc3CN2)c1)c1ccc(-c2nnn(CC3CC3)n2)nc1,8.039467,O=C(NCCc1ccccc1-c1cccc(NC(=O)[C@@H]2Cc3ccccc3CN2)c1)c1ccc(-c2nnn(CC3CC3)n2)nc1,7.95983
O=C(NCc1ccc(C(F)(F)F)cc1)c1ccccc1NCc1ccc2nc(-c3ccc(COCC4CNC4)cc3)oc2c1,7.416598,O=C(Nc1ccccc1C(=O)NCc1ccc(C(F)(F)F)cc1)c1ccc2nc(-c3ccc(COCC4CNC4)cc3)oc2c1,7.567582
Cc1cc(C)cc(-c2ccc(N(Cc3ccnc(Nc4ccccn4)c3)C[C@@H]3Cc4ccccc4CN3)cc2)c1,5.813246,Cc1cc(C)cc(-c2ccc(N(Cc3ccnc(Nc4ccccn4)c3)C(=O)[C@@H]3Cc4ccccc4CN3)cc2)c1,5.736578
C#CCNCc1ccc(N)c(O)c1,3.10213,C#CCNC(=O)c1ccc(N)c(O)c1,3.111081
O=C(O)c1ccccc1NC[C@H]1CCCNC1,3.716277,O=C(O)c1ccccc1NC(=O)[C@H]1CCCNC1,4.840578
O=Cc1cccc(CN2CCC2c2nc3ccc(C(=O)NC4CC4)cc3o2)c1,6.757492,O=Cc1cccc(C(=O)N2CCC2c2nc3ccc(C(=O)NC4CC4)cc3o2)c1,6.775867
Brc1cc(NCc2ccccc2NCc2ccc(CO[C@H]3CN4CCC3CC4)cc2)[nH]n1,6.92173,O=C(Nc1ccccc1CNc1cc(Br)n[nH]1)c1ccc(CO[C@H]2CN3CCC2CC3)cc1,7.15651
c1cc(NCc2ccc(-c3nnn(CC4CC4)n3)nc2)cc(-c2cn(CC3CC3)cn2)c1,8.287932,O=C(Nc1cccc(-c2cn(CC3CC3)cn2)c1)c1ccc(-c2nnn(CC3CC3)n2)nc1,7.835728
Nc1ccc(CN2CC(CNc3ccc(-c4cn(CC5CC5)cn4)cc3)C2)cc1N,6.772181,Nc1ccc(C(=O)N(CC2CNC2)c2ccc(-c3cn(CC4CC4)cn3)cc2)cc1N,6.576898
O=Cc1cccc(CNc2cccc(B(O)O)c2)c1,3.166397,O=Cc1cccc(C(=O)Nc2cccc(B(O)O)c2)c1,3.441796
c1ccc2c(c1)c(CNc1ccc(NCc3ccc4nc(C5CCNCC5)oc4c3)cc1)cn2CC1CC1,8.023623,O=C(Nc1ccc(NCc2cn(CC3CC3)c3ccccc23)cc1)c1ccc2nc(C3CCNCC3)oc2c1,8.13764
O=C(NC1(C(=O)NCCc2ccccc2)CCC1)c1cccc(CN(C[C@@H]2Cc3ccccc3CN2)C2CCC2)c1,6.738698,O=C(NC1(C(=O)NCCc2ccccc2)CCC1)c1cccc(CN(C(=O)[C@@H]2Cc3ccccc3CN2)C2CCC2)c1,6.801616
O=C(NCc1c[nH]c2ccccc12)C1(NCc2ccc3oc(C4CNC4)nc3c2)CCC1,7.797385,O=C(NC1(C(=O)NCc2c[nH]c3ccccc23)CCC1)c1ccc2oc(C3CNC3)nc2c1,7.662401
C#CCN(Cc1cccc(-c2cccc(C(=O)O)c2)c1)Cc1ccc2nc(C3CNC3)oc2c1,6.263643,C#CCN(Cc1cccc(-c2cccc(C(=O)O)c2)c1)C(=O)c1ccc2nc(C3CNC3)oc2c1,6.501276
NC1(CNc2ccc(C(=O)O)cc2O)CCC1,3.118311,NC1(C(=O)Nc2ccc(C(=O)O)cc2O)CCC1,3.49531
Nc1ccc(C(=O)N2CC(C(=O)O)C2)cc1NC[C@@H]1Cc2ccccc2CN1,6.384695,Nc1cc(C(=O)N2CC(C(=O)O)C2)ccc1NC(=O)[C@@H]1Cc2ccccc2CN1,6.351963
CC1(C)OB(c2ccc(NCc3ccc4oc(C5CNC5)nc4c3)nc2)OC1(C)C,5.716364,CC1(C)OB(c2ccc(NC(=O)c3ccc4oc(C5CNC5)nc4c3)nc2)OC1(C)C,5.929075
O=C(O)c1ccc(O)c(NCC2CCN2)c1,5.011647,O=C(O)c1ccc(O)c(NC(=O)C2CCN2)c1,5.299128
Cc1cc(Nc2cccc(-c3cc(C=O)ccn3)c2)cnc1NC[C@@H]1Cc2ccccc2CN1,6.500416,Cc1cc(Nc2cccc(-c3cc(C=O)ccn3)c2)cnc1NC(=O)[C@@H]1Cc2ccccc2CN1,6.518058
O=Cc1ccc(-c2ccc(NCC3CCN3)cc2)cc1,6.546905,O=Cc1ccc(-c2ccc(NC(=O)C3CCN3)cc2)cc1,6.962088
Nc1cc(CNc2cccc(B(O)O)c2)ccc1O,3.2799,Nc1cc(C(=O)Nc2cccc(B(O)O)c2)ccc1O,3.46898
c1cc(NCC2CCN2)cc(-c2ccc(NCc3ccc4oc([C@@H]5CCCN5)nc4c3)cc2)c1,8.009188,O=C(Nc1cccc(-c2ccc(NCc3ccc4oc([C@@H]5CCCN5)nc4c3)cc2)c1)C1CCN1,8.04746
c1ccc(CNc2cccc(-c3ccc(NC[C@@H]4CCCN4)cc3)c2)nc1,5.800334,O=C(Nc1ccc(-c2cccc(NCc3ccccn3)c2)cc1)[C@@H]1CCCN1,7.249179
O=Cc1ccc(CNCCc2ccncc2)cc1,4.085921,O=Cc1ccc(C(=O)NCCc2ccncc2)cc1,4.342165
c1cc2oc(-c3ccc(-c4nnn(CC5CC5)n4)nc3)nc2cc1CNC12CC(C1)C2,8.014232,O=C(NC12CC(C1)C2)c1ccc2oc(-c3ccc(-c4nnn(CC5CC5)n4)nc3)nc2c1,6.183738
C[C@@H](c1ccccc1)N(Cc1ccc(CO[C@H]2CN3CCC2CC3)cc1)Cc1cccc2oc(C3CNC3)nc12,7.869159,C[C@@H](c1ccccc1)N(Cc1cccc2oc(C3CNC3)nc12)C(=O)c1ccc(CO[C@H]2CN3CCC2CC3)cc1,7.868177
Oc1cc(Br)ccc1NCc1ccc2nc(-c3ccc(COCC4CNC4)cc3)oc2c1,6.758315,O=C(Nc1ccc(Br)cc1O)c1ccc2nc(-c3ccc(COCC4CNC4)cc3)oc2c1,6.906509
OB(O)c1cccc(NCc2ccc(CNc3cccc4cc[nH]c34)cc2)c1,4.55334,O=C(Nc1cccc2cc[nH]c12)c1ccc(CNc2cccc(B(O)O)c2)cc1,4.81271
Cc1ccccc1-c1ccc(N(Cc2ccc3[nH]c(C4CNC4)nc3c2)C[C@@H]2Cc3ccccc3CN2)cc1,7.406012,Cc1ccccc1-c1ccc(N(Cc2ccc3[nH]c(C4CNC4)nc3c2)C(=O)[C@@H]2Cc3ccccc3CN2)cc1,7.147877
N[C@H](CN[C@@H](C(=O)Nc1cccc(B(O)O)c1)c1ccccc1)c1ccccc1,4.049881,N[C@H](C(=O)N[C@@H](C(=O)Nc1cccc(B(O)O)c1)c1ccccc1)c1ccccc1,4.538531
c1cc2oc([C@@H]3CCCN3)nc2cc1CNc1cc(-c2ccc3c(ccn3CC3CC3)c2)n[nH]1,7.976394,O=C(Nc1cc(-c2ccc3c(ccn3CC3CC3)c2)n[nH]1)c1ccc2oc([C@@H]3CCCN3)nc2c1,7.915023
O=Cc1cccc(-c2ccc(NCc3cccc(-c4nc5cc(C6=NCCc7ccccc76)ccc5o4)c3)cc2)c1,7.492798,O=Cc1cccc(-c2ccc(NC(=O)c3cccc(-c4nc5cc(C6=NCCc7ccccc76)ccc5o4)c3)cc2)c1,7.319162
O=Cc1ccnc(-c2cccc(NCc3cccc(-c4ccc(NC[C@@H]5Cc6ccccc6CN5)cc4)c3)c2)c1,7.421494,O=Cc1ccnc(-c2cccc(NC(=O)c3cccc(-c4ccc(NC[C@@H]5Cc6ccccc6CN5)cc4)c3)c2)c1,7.607497
c1ccc2c(c1)CN[C@H](CNCc1c[nH]c3ccccc13)C2,6.370835,O=C(NCc1c[nH]c2ccccc12)[C@@H]1Cc2ccccc2CN1,6.672781
c1cncc(-c2ccc(NCC3CCN3)cc2)c1,7.287352,O=C(Nc1ccc(-c2cccnc2)cc1)C1CCN1,7.717364
ClCc1ccc(CN2CC[C@@H](OCc3ccccc3-c3nnn(CC4CC4)n3)C2)cc1,6.5586,O=C(c1ccc(CCl)cc1)N1CC[C@@H](OCc2ccccc2-c2nnn(CC3CC3)n2)C1,6.944132
NC1(c2nc3ccc(C(=O)N4CC(CNc5cc(Br)n[nH]5)C4)cc3[nH]2)CCC1,5.187123,NC1(c2nc3ccc(C(=O)N4CC(C(=O)Nc5cc(Br)n[nH]5)C4)cc3[nH]2)CCC1,5.616156
O=c1cc(Cn2ccc3cccc(NC[C@H]4CCCNC4)c32)c2ccccc2[nH]1,5.054698,O=C(Nc1cccc2ccn(Cc3cc(=O)[nH]c4ccccc34)c12)[C@H]1CCCNC1,6.170444
O=C([C@@H]1CCCN(C[C@@H]2Cc3ccccc3CN2)C1)N1CCC[C@H](OCc2cccc(-c3nnn(CC4CC4)n3)c2)C1,7.667415,O=C([C@@H]1CCCN(C(=O)[C@@H]2Cc3ccccc3CN2)C1)N1CCC[C@H](OCc2cccc(-c3nnn(CC4CC4)n3)c2)C1,7.787655
O=C(O)[C@@H]1CCCN1c1ccc(CNc2cccc(-c3cccc(-c4nc5ccccc5o4)c3)c2)cc1,6.675424,O=C(Nc1cccc(-c2cccc(-c3nc4ccccc4o3)c2)c1)c1ccc(N2CCC[C@H]2C(=O)O)cc1,6.659908
c1cc(-c2cn(CC3CC3)cn2)ccc1NCC1CNC1,8.020752,O=C(Nc1ccc(-c2cn(CC3CC3)cn2)cc1)C1CNC1,7.969414
c1cc(NC[C@@H]2CCCNC2)c2[nH]ccc2c1,3.979287,O=C(Nc1cccc2cc[nH]c12)[C@@H]1CCCNC1,5.561234
OB(O)c1ccc(NCC2CN(Cc3ccncc3)C2)cc1,4.061912,O=C(Nc1ccc(B(O)O)cc1)C1CN(Cc2ccncc2)C1,4.266132
c1cc(NCc2ccc3nc(C4CNC4)oc3c2)cc(-c2cc(NC3CCNCC3)[nH]n2)c1,7.627115,O=C(Nc1cccc(-c2cc(NC3CCNCC3)[nH]n2)c1)c1ccc2nc(C3CNC3)oc2c1,7.463222
Nc1ccccc1CNc1cccc(B(O)O)c1,3.080586,Nc1ccccc1C(=O)Nc1cccc(B(O)O)c1,3.322621
CC1(C)OB(c2ccc(NCc3ccc(CNC45CC(C4)C5)cc3)nc2)OC1(C)C,5.39843,CC1(C)OB(c2ccc(NC(=O)c3ccc(CNC45CC(C4)C5)cc3)nc2)OC1(C)C,5.44375
COc1ccccc1CNCc1ccc2oc([C@@H]3CCCN3Cc3ccc4oc(C5CNC5)nc4c3)nc2c1,7.564651,COc1ccccc1CN(Cc1ccc2oc([C@@H]3CCCN3)nc2c1)C(=O)c1ccc2oc(C3CNC3)nc2c1,7.315614
c1ccc(CCN(Cc2ccc3nc([C@H]4CCCN4)oc3c2)c2cccc(-c3cnco3)c2)cc1,6.639603,O=C(c1ccc2nc([C@H]3CCCN3)oc2c1)N(CCc1ccccc1)c1cccc(-c2cnco2)c1,6.862641
O=C(Nc1cc(Br)n[nH]1)C1CN(CC2CCN2)C1,4.737086,O=C(Nc1cc(Br)n[nH]1)C1CN(C(=O)C2CCN2)C1,6.122697
Nc1cc(CNC23CC(C2)C3)ccc1O,4.504848,Nc1cc(C(=O)NC23CC(C2)C3)ccc1O,4.521096
C[C@H](NCc1ccc(CO[C@H]2CN3CCC2CC3)cc1)c1nc2cc(C(=O)O)ccc2[nH]1,7.182708,C[C@H](NC(=O)c1ccc(CO[C@H]2CN3CCC2CC3)cc1)c1nc2cc(C(=O)O)ccc2[nH]1,7.248711
C[C@H](NCc1ccc2nc(-c3ccc(CCl)cc3)oc2c1)c1ccccc1,5.849568,C[C@H](NC(=O)c1ccc2nc(-c3ccc(CCl)cc3)oc2c1)c1ccccc1,6.109694
O=C(O)c1ccc(NCc2ccc3nc([C@H]4CCCN4)oc3c2)c(O)c1,5.926623,O=C(O)c1ccc(NC(=O)c2ccc3nc([C@H]4CCCN4)oc3c2)c(O)c1,5.775075
O=c1cc(Cn2nnc(-c3ccccc3Cn3nncc3CNCc3ccc4nc(C5CNC5)[nH]c4c3)n2)c2ccccc2[nH]1,6.993067,O=C(NCc1cnnn1Cc1ccccc1-c1nnn(Cc2cc(=O)[nH]c3ccccc23)n1)c1ccc2nc(C3CNC3)[nH]c2c1,7.297194
Nc1ccc(N(Cc2ccc(-c3nnn(CC4CC4)n3)nc2)c2cc(-c3ccc(C=O)cc3)n[nH]2)cc1,6.723453,Nc1ccc(N(C(=O)c2ccc(-c3nnn(CC4CC4)n3)nc2)c2cc(-c3ccc(C=O)cc3)n[nH]2)cc1,6.119682
C[C@H](c1ccccc1)N(Cc1ccc(-c2nnn(CC3CC3)n2)nc1)Cc1cccc(N2CCNCC2)c1,7.306897,C[C@@H](NCc1cccc(N2CCN(C(=O)c3ccc(-c4nnn(CC5CC5)n4)nc3)CC2)c1)c1ccccc1,7.617743
O=C(Nc1ccccc1C(=O)N1CCC(CNCCc2cn(CC3CC3)c3ccccc23)CC1)C1CNC1,7.613643,O=C(NCCc1cn(CC2CC2)c2ccccc12)C1CCN(C(=O)c2ccccc2NC(=O)C2CNC2)CC1,7.57371
O=C(Nc1cccc(-c2cc(NCc3ccc4[nH]c(C5CNC5)nc4c3)[nH]n2)c1)[C@@H]1CCCN1,7.987742,O=C(Nc1cc(-c2cccc(NC(=O)[C@@H]3CCCN3)c2)n[nH]1)c1ccc2[nH]c(C3CNC3)nc2c1,7.177587
OB(O)c1ccc(NC[C@@H]2CCCNC2)cc1,3.660558,O=C(Nc1ccc(B(O)O)cc1)[C@@H]1CCCNC1,4.502707
c1cc(-c2ccc(NC[C@@H]3Cc4ccccc4CN3C[C@@H]3Cc4ccccc4CN3)cc2)cc(-c2nc3ccccc3o2)c1,7.707946,O=C([C@@H]1Cc2ccccc2CN1)N(C[C@@H]1Cc2ccccc2CN1)c1ccc(-c2cccc(-c3nc4ccccc4o3)c2)cc1,7.672968
c1ccc2c(c1)c(CNCc1ccc3[nH]c(-c4ccc(COCC5CNC5)cc4)nc3c1)cn2CC1CC1,7.979371,O=C(NCc1cn(CC2CC2)c2ccccc12)c1ccc2[nH]c(-c3ccc(COCC4CNC4)cc3)nc2c1,8.18425
O=C1CCN(C(=O)c2ccccc2NCc2ccc3nc(C4CNC4)[nH]c3c2)CC1,5.556625,O=C1CCN(C(=O)c2ccccc2NC(=O)c2ccc3nc(C4CNC4)[nH]c3c2)CC1,5.748432
c1ccc2c(c1)CCN=C2c1ccc(COCC2CN(Cc3ccc(-c4nnn(CC5CC5)n4)nc3)C2)cc1,8.054354,O=C(c1ccc(-c2nnn(CC3CC3)n2)nc1)N1CC(COCc2ccc(C3=NCCc4ccccc43)cc2)C1,7.926706
O=C(O)[C@@H](NCc1ccc2nc(-c3ccc(CO[C@H]4CN5CCC4CC5)cc3)[nH]c2c1)c1ccccc1,7.224444,O=C(N[C@H](C(=O)O)c1ccccc1)c1ccc2nc(-c3ccc(CO[C@H]4CN5CCC4CC5)cc3)[nH]c2c1,7.367137
O=C(NC1(c2nc3cc(CNC4CC4)ccc3o2)CCC1)[C@@H]1C[C@@H](O)CN1,4.786686,O=C(NC1CC1)c1ccc2oc(C3(NC(=O)[C@@H]4C[C@@H](O)CN4)CCC3)nc2c1,6.334021
O=C(NCc1cn(CC2CC2)nn1)c1ccccc1NCc1ccc(-c2nnn(CC3CC3)n2)nc1,7.976631,O=C(Nc1ccccc1C(=O)NCc1cn(CC2CC2)nn1)c1ccc(-c2nnn(CC3CC3)n2)nc1,7.856725
N[C@H](Cc1ccccc1)C(=O)N1CCC[C@@H]1CNc1cccc2cc[nH]c12,4.210747,N[C@H](Cc1ccccc1)C(=O)N1CCC[C@@H]1C(=O)Nc1cccc2cc[nH]c12,4.638945
Cc1cc(-c2cccc(CN[C@H](C)c3ccccc3)c2)cnc1NCc1ccc(-c2nnn(CC3CC3)n2)nc1,7.677159,Cc1cc(-c2cccc(CN[C@H](C)c3ccccc3)c2)cnc1NC(=O)c1ccc(-c2nnn(CC3CC3)n2)nc1,7.484788
Cc1cc(NC23CC(C2)C3)cnc1NCc1ccc(-c2nc3cc(-c4nnn(CC5CC5)n4)ccc3o2)cc1,7.927371,Cc1cc(NC23CC(C2)C3)cnc1NC(=O)c1ccc(-c2nc3cc(-c4nnn(CC5CC5)n4)ccc3o2)cc1,7.569992
O=C(c1cccc(B(O)O)c1)N1CCC[C@H]1CNCCc1cn(CC2CC2)c2ccccc12,5.817344,O=C(NCCc1cn(CC2CC2)c2ccccc12)[C@@H]1CCCN1C(=O)c1cccc(B(O)O)c1,6.080799
N#Cc1cccc(Cn2ccc3cccc(NCc4ccc(CO[C@H]5CN6CCC5CC6)cc4)c32)c1,6.966129,N#Cc1cccc(Cn2ccc3cccc(NC(=O)c4ccc(CO[C@H]5CN6CCC5CC6)cc4)c32)c1,7.376832
NC1(c2nc3ccc(-c4cccc(NCc5ccc6nc(C7CNC7)oc6c5)c4)cc3o2)CCC1,7.308115,NC1(c2nc3ccc(-c4cccc(NC(=O)c5ccc6nc(C7CNC7)oc6c5)c4)cc3o2)CCC1,7.195031
c1cc(-c2nnn(CC3CC3)n2)ncc1CN1CCC[C@@H]1c1nc2ccc(N3CCNCC3)cc2o1,7.592271,O=C(c1ccc(-c2nnn(CC3CC3)n2)nc1)N1CCC[C@@H]1c1nc2ccc(N3CCNCC3)cc2o1,6.889367
c1ccc([C@@H](CNC2(c3nc4cc(-c5nnn(CC6CC6)n5)ccc4o3)CCC2)NC[C@@H]2Cc3ccccc3CN2)cc1,7.680069,O=C(N[C@H](CNC1(c2nc3cc(-c4nnn(CC5CC5)n4)ccc3o2)CCC1)c1ccccc1)[C@@H]1Cc2ccccc2CN1,7.646336
O=C(Nc1cccc(-c2ccc(NC[C@@H]3Cc4ccccc4CN3)cc2)c1)[C@@H]1Cc2ccccc2CN1,7.866389,O=C(Nc1ccc(-c2cccc(NC(=O)[C@@H]3Cc4ccccc4CN3)c2)cc1)[C@@H]1Cc2ccccc2CN1,7.661988
O=C1CN(c2c[nH]nc2NCc2ccccc2NCc2ccc3nc(C4CNC4)oc3c2)C1,6.66975,O=C1CN(c2c[nH]nc2NCc2ccccc2NC(=O)c2ccc3nc(C4CNC4)oc3c2)C1,6.893749
Cc1cc(-c2cccc(Nc3ccc(NC(=O)C4CNC4)cc3)c2)cnc1NC[C@@H]1Cc2ccccc2CN1,7.877224,Cc1cc(-c2cccc(Nc3ccc(NC(=O)C4CNC4)cc3)c2)cnc1NC(=O)[C@@H]1Cc2ccccc2CN1,7.63969
OB(O)c1cccc(NCc2cccnc2NC23CC(C2)C3)c1,4.306054,O=C(Nc1cccc(B(O)O)c1)c1cccnc1NC12CC(C1)C2,4.463456
Cc1cc(NCc2ccc3nc([C@@H]4CCCN4)oc3c2)cnc1NCc1ccc(C=O)cc1,6.648943,Cc1cc(NC(=O)c2ccc3nc([C@@H]4CCCN4)oc3c2)cnc1NCc1ccc(C=O)cc1,6.790147
N#Cc1ccc(-c2nc3ccc(CNCc4cn(CC5CC5)c5ccccc45)cc3o2)cn1,7.384783,N#Cc1ccc(-c2nc3ccc(C(=O)NCc4cn(CC5CC5)c5ccccc45)cc3o2)cn1,7.661106
O=Cc1ccc(CNc2cc(Br)n[nH]2)cc1,3.510857,O=Cc1ccc(C(=O)Nc2cc(Br)n[nH]2)cc1,4.019932
c1ccc2c(NCc3cccc4oc(-c5ccncc5)nc34)ccnc2c1,5.719717,O=C(Nc1ccnc2ccccc12)c1cccc2oc(-c3ccncc3)nc12,6.016069
O=C(NC1CC1)C1(NCc2cccc(CNc3cccc(B(O)O)c3)c2)CCC1,5.772841,O=C(Nc1cccc(B(O)O)c1)c1cccc(CNC2(C(=O)NC3CC3)CCC2)c1,5.958112
N#Cc1ccc(CN2CCC[C@@H]2C(=O)O)cn1,3.301505,N#Cc1ccc(C(=O)N2CCC[C@@H]2C(=O)O)cn1,3.456941
Nc1ccc(-c2ccc(NCc3ccc4nc([C@@H]5CCCN5)oc4c3)cc2)cc1,7.15388,Nc1ccc(-c2ccc(NC(=O)c3ccc4nc([C@@H]5CCCN5)oc4c3)cc2)cc1,7.259292
Cc1cc(N)cnc1NCc1ccc2oc(C3CNC3)nc2c1,6.198031,Cc1cc(N)cnc1NC(=O)c1ccc2oc(C3CNC3)nc2c1,6.033845
O=C(Nc1ccc(-c2ccc3c(CNC45CC(C4)C5)c[nH]c3c2)cc1)C1CCN1C[C@@H]1Cc2ccccc2CN1,7.732479,O=C(Nc1ccc(-c2ccc3c(CN(C(=O)[C@@H]4Cc5ccccc5CN4)C45CC(C4)C5)c[nH]c3c2)cc1)C1CCN1,6.960211
O=C(O)[C@H]1CCCN(c2ccc(CNC34CC(C3)C4)cc2)C1,5.060173,O=C(NC12CC(C1)C2)c1ccc(N2CCC[C@H](C(=O)O)C2)cc1,5.104727
c1ccc(CCNCC2CCN2)cc1,5.571088,O=C(NCCc1ccccc1)C1CCN1,5.960383
C[C@@H](NCC1CCN1C[C@@H]1Cc2ccccc2CN1)C(=O)Nc1cccc(-c2c[nH]cn2)c1,6.418748,C[C@@H](NCC1CCN1C(=O)[C@@H]1Cc2ccccc2CN1)C(=O)Nc1cccc(-c2c[nH]cn2)c1,6.602749
O=C(NCc1c[nH]c2ccccc12)[C@@H]1CCCN(Cc2ccc3nc(-c4ccc5oc(C6CNC6)nc5c4)oc3c2)C1,7.886413,O=C(NCc1c[nH]c2ccccc12)[C@@H]1CCCN(C(=O)c2ccc3nc(-c4ccc5oc(C6CNC6)nc5c4)oc3c2)C1,7.862175
Cc1cc(-c2cccc(NCc3ccc4oc(-c5ccc(C(=O)NC6CC6)cc5)nc4c3)c2)cnc1N,7.440145,Cc1cc(-c2cccc(N)c2)cnc1NC(=O)c1ccc2oc(-c3ccc(C(=O)NC4CC4)cc3)nc2c1,6.876452
COc1ccc(CN(Cc2cccc(CN[C@H](C)c3ccccc3)c2)Cc2ccc3[nH]c(C4CNC4)nc3c2)cc1,6.822855,COc1ccc(CN(Cc2cccc(CN[C@H](C)c3ccccc3)c2)C(=O)c2ccc3[nH]c(C4CNC4)nc3c2)cc1,6.818739
N[C@H](CNc1ccc(B(O)O)cc1)Cc1c[nH]c2ccccc12,2.923329,N[C@@H](Cc1c[nH]c2ccccc12)C(=O)Nc1ccc(B(O)O)cc1,3.488009
c1ccc2c(c1)C[C@@H](C1=NCCc3ccccc31)N(Cc1ccc(-c3nc4cc(-c5nnn(CC6CC6)n5)ccc4o3)cc1)C2,8.043417,O=C(c1ccc(-c2nc3cc(-c4nnn(CC5CC5)n4)ccc3o2)cc1)N1Cc2ccccc2C[C@H]1C1=NCCc2ccccc21,7.687996
c1cc(NCC2CCN2)cc(-c2ccc3nc(-c4ccc5oc([C@@H]6CCCN6)nc5c4)oc3c2)c1,7.857158,O=C(Nc1cccc(-c2ccc3nc(-c4ccc5oc([C@@H]6CCCN6)nc5c4)oc3c2)c1)C1CCN1,7.722145
c1cc(NCc2ccc(CO[C@H]3CN4CCC3CC4)cc2)cc(-c2ccc(NCc3c[nH]c4ccccc34)cc2)c1,7.970284,O=C(Nc1cccc(-c2ccc(NCc3c[nH]c4ccccc34)cc2)c1)c1ccc(CO[C@H]2CN3CCC2CC3)cc1,8.05381
Nc1ccc(CNc2cc(CNc3cccc4cc[nH]c34)ccc2N)cc1N,4.831076,Nc1ccc(CNc2cc(C(=O)Nc3cccc4cc[nH]c34)ccc2N)cc1N,5.321424
O=C(O)[C@@H](NCc1ccc2nc(-c3ccc(CO[C@H]4CN5CCC4CC5)cc3)oc2c1)c1ccccc1,7.346064,O=C(N[C@H](C(=O)O)c1ccccc1)c1ccc2nc(-c3ccc(CO[C@H]4CN5CCC4CC5)cc3)oc2c1,7.494632
Nc1cccc(-c2c[nH]nc2NCc2ccc3nc(-c4ccc(C(=O)NC5CC5)cc4)oc3c2)c1,7.27918,Nc1cccc(-c2c[nH]nc2NC(=O)c2ccc3nc(-c4ccc(C(=O)NC5CC5)cc4)oc3c2)c1,7.121596
OB(O)c1cccc(NCc2ccc(-c3ccc(NCc4ccc(CCl)cc4)cc3)cc2)c1,5.137574,O=C(Nc1ccc(-c2ccc(CNc3cccc(B(O)O)c3)cc2)cc1)c1ccc(CCl)cc1,5.541237
O=C(O)C1CCN1C[C@@H]1Cc2ccccc2CN1,5.08437,O=C(O)C1CCN1C(=O)[C@@H]1Cc2ccccc2CN1,5.520155
c1cc(NC2CCNC2)cc(-c2ccc3nc([C@@H]4CCCN4C[C@@H]4Cc5ccccc5CN4)oc3c2)c1,7.619522,O=C([C@@H]1Cc2ccccc2CN1)N(c1cccc(-c2ccc3nc([C@@H]4CCCN4)oc3c2)c1)C1CCNC1,7.275437
O=C([C@@H]1Cc2ccccc2CN1)N1CCC[C@H]1CN1CC(COCc2ccc(-c3nnn(CC4CC4)n3)cc2)C1,7.792832,O=C([C@@H]1CCCN1C(=O)[C@@H]1Cc2ccccc2CN1)N1CC(COCc2ccc(-c3nnn(CC4CC4)n3)cc2)C1,7.683097
O=C(c1ccccc1NCc1ccc(CO[C@H]2CN3CCC2CC3)cc1)N1CCC(O)CC1,6.458205,O=C(Nc1ccccc1C(=O)N1CCC(O)CC1)c1ccc(CO[C@H]2CN3CCC2CC3)cc1,6.703843
O=Cc1ccc(CNc2cccc3cc[nH]c23)cc1,4.148796,O=Cc1ccc(C(=O)Nc2cccc3cc[nH]c23)cc1,4.589986
N#Cc1ccc(CNc2ccncc2C=O)cn1,3.876214,N#Cc1ccc(C(=O)Nc2ccncc2C=O)cn1,4.041984
NCc1cn(Cc2ccc(-c3nc4cc(CNC56CC(C5)C6)ccc4o3)cc2)c2ccccc12,6.662578,NCc1cn(Cc2ccc(-c3nc4cc(C(=O)NC56CC(C5)C6)ccc4o3)cc2)c2ccccc12,6.562135
O=Cc1ccc(CN2CCC[C@@H](O)C2)cc1,3.32922,O=Cc1ccc(C(=O)N2CCC[C@@H](O)C2)cc1,3.557302
Oc1cc(-c2cccc(NCC3CCN3)c2)ccc1NCC1CCN1,7.624447,O=C(Nc1cccc(-c2ccc(NCC3CCN3)c(O)c2)c1)C1CCN1,7.350264
O=C(Nc1cccc(-c2cc(NCC3CCN3C[C@@H]3Cc4ccccc4CN3)[nH]n2)c1)C1CCN1,7.589224,O=C(Nc1cccc(-c2cc(N(CC3CCN3)C(=O)[C@@H]3Cc4ccccc4CN3)[nH]n2)c1)C1CCN1,7.00464
c1cc2nc(C3CNC3)oc2cc1CN1CCC1c1nc2ccc(NC3CC3)cc2o1,7.207841,O=C(c1ccc2nc(C3CNC3)oc2c1)N(c1ccc2nc(C3CCN3)oc2c1)C1CC1,6.340872
O=C(NCc1ccccc1)c1cccc(N(CCc2ccccc2)C(=O)[C@@H]2CCCN2C[C@@H]2Cc3ccccc3CN2)n1,7.108921,O=C(NCc1ccccc1)c1cccc(N(CCc2ccccc2)C(=O)[C@@H]2CCCN2C(=O)[C@@H]2Cc3ccccc3CN2)n1,7.172526
c1ccc2c(c1)c(CNCc1ccc3nc(-c4ccc5oc(C6CNC6)nc5c4)oc3c1)cn2CC1CC1,8.006727,O=C(NCc1cn(CC2CC2)c2ccccc12)c1ccc2nc(-c3ccc4oc(C5CNC5)nc4c3)oc2c1,8.259532
C[C@@H](CNc1cccc2cc[nH]c12)NCC1CNC1,3.543906,C[C@H](NCC1CNC1)C(=O)Nc1cccc2cc[nH]c12,4.671285
Cc1cc(-c2cccc(NC(=O)C3CNC3)c2)cnc1NCc1ccc(-c2nnn(CC3CC3)n2)nc1,7.813358,Cc1cc(-c2cccc(NC(=O)C3CNC3)c2)cnc1NC(=O)c1ccc(-c2nnn(CC3CC3)n2)nc1,4.78791
c1ccc2c(c1)CN[C@H](CNc1ccc(NCCc3cn(Cc4ccc(-c5nnn(CC6CC6)n5)cc4)c4ccccc34)cc1)C2,8.048419,O=C(Nc1ccc(NCCc2cn(Cc3ccc(-c4nnn(CC5CC5)n4)cc3)c3ccccc23)cc1)[C@@H]1Cc2ccccc2CN1,8.079144
O=C(NC1CC1)c1ccc2nc(-c3ccc(CO[C@@H]4CCN(CC5CNC5)C4)cc3)oc2c1,7.780562,O=C(NC1CC1)c1ccc2nc(-c3ccc(CO[C@@H]4CCN(C(=O)C5CNC5)C4)cc3)oc2c1,8.006522
c1cc2oc(-c3ccc4nc([C@H]5CCCN5)oc4c3)nc2cc1CN(CC1CNC1)C12CC(C1)C2,7.249484,O=C(C1CNC1)N(Cc1ccc2oc(-c3ccc4nc([C@H]5CCCN5)oc4c3)nc2c1)C12CC(C1)C2,6.914206
Nc1ccc(CN2CC(C(=O)O)C2)cc1N,3.144813,Nc1ccc(C(=O)N2CC(C(=O)O)C2)cc1N,3.92556
O=C(O)C1CN(CC2CCN2)C1,3.180468,O=C(O)C1CCN1C(=O)C1CNC1,4.876725
O=C(O)c1ccccc1Cn1nnc(-c2ccc(-c3ccc(NC[C@@H]4Cc5ccccc5CN4)cc3)s2)n1,6.948821,O=C(O)c1ccccc1Cn1nnc(-c2ccc(-c3ccc(NC(=O)[C@@H]4Cc5ccccc5CN4)cc3)s2)n1,7.024605
c1ccc(CNCc2ccc3nc(C4CN(Cc5ccc6oc(C7CNC7)nc6c5)C4)oc3c2)cc1,7.72299,O=C(c1ccc2oc(C3CNC3)nc2c1)N(Cc1ccccc1)Cc1ccc2nc(C3CNC3)oc2c1,7.249658
O=C(NC1CC1)c1cccc(-c2cc(NC(=O)[C@@H]3Cc4ccccc4CN3C[C@@H]3Cc4ccccc4CN3)[nH]n2)c1,7.638829,O=C(NC1CC1)c1cccc(-c2cc(NC(=O)[C@@H]3Cc4ccccc4CN3C(=O)[C@@H]3Cc4ccccc4CN3)[nH]n2)c1,7.152002
O=C(OCc1cccc(-c2nnn(CC3CC3)n2)c1)[C@@H]1CCCN1CC1CNC1,6.060909,O=C(OCc1cccc(-c2nnn(CC3CC3)n2)c1)[C@@H]1CCCN1C(=O)C1CNC1,6.862175
O=C(Nc1cc(-c2cccc(-c3nnn(CC4CC4)n3)c2)n[nH]1)C1CCN1C[C@@H]1Cc2ccccc2CN1,7.613599,O=C(Nc1cc(-c2cccc(-c3nnn(CC4CC4)n3)c2)n[nH]1)C1CCN1C(=O)[C@@H]1Cc2ccccc2CN1,7.25675
N#Cc1ccc(O)c(NCc2ccccc2N)c1,3.737848,N#Cc1ccc(O)c(NC(=O)c2ccccc2N)c1,3.699971
C#CCNCc1ccc2nc(-c3cccc(B(O)O)c3)oc2c1,4.547672,C#CCNC(=O)c1ccc2nc(-c3cccc(B(O)O)c3)oc2c1,4.267353
c1ccc(NCc2ccc3oc(C4CNC4)nc3c2)nc1,7.372415,O=C(Nc1ccccn1)c1ccc2oc(C3CNC3)nc2c1,7.234082
O=Cc1cccc(CNCCc2c[nH]c3ccccc23)c1,4.186765,O=Cc1cccc(C(=O)NCCc2c[nH]c3ccccc23)c1,4.702481
N[C@H](C(=O)N1CCC1CNc1ccc(-c2cn(CC3CC3)nn2)cc1)c1ccccc1,7.894742,N[C@H](C(=O)N1CCC1C(=O)Nc1ccc(-c2cn(CC3CC3)nn2)cc1)c1ccccc1,7.553557
O=C(N[C@@H](C(=O)NCCc1c[nH]c2ccccc12)c1ccccc1)C1CCN1Cc1cccc2oc(C3CNC3)nc12,7.317666,O=C(N[C@@H](C(=O)NCCc1c[nH]c2ccccc12)c1ccccc1)C1CCN1C(=O)c1cccc2oc(C3CNC3)nc12,7.211325
O=C1CN(C(=O)c2ccc(-c3nc4ccc(CNCCc5cn(CC6CC6)c6ccccc56)cc4o3)cc2)C1,7.462543,O=C1CN(C(=O)c2ccc(-c3nc4ccc(C(=O)NCCc5cn(CC6CC6)c6ccccc56)cc4o3)cc2)C1,7.564192
O=C(NCc1c[nH]c2ccccc12)c1ccc2nc([C@@H]3Cc4ccccc4CN3Cc3ccc4oc(C5CNC5)nc4c3)oc2c1,7.799465,O=C(NCc1c[nH]c2ccccc12)c1ccc2nc([C@@H]3Cc4ccccc4CN3C(=O)c3ccc4oc(C5CNC5)nc4c3)oc2c1,7.203666
c1cc(-c2cc(NCc3ccc(-c4nc5ccccc5o4)cc3)[nH]n2)cc(-c2nnn(CC3CC3)n2)c1,8.022886,O=C(Nc1cc(-c2cccc(-c3nnn(CC4CC4)n3)c2)n[nH]1)c1ccc(-c2nc3ccccc3o2)cc1,7.961448
O=C(O)[C@H]1CCCN1C(=O)C1CN(c2ccc(NCC3CNC3)cc2)C1,5.963655,O=C(Nc1ccc(N2CC(C(=O)N3CCC[C@@H]3C(=O)O)C2)cc1)C1CNC1,6.255803
O=C(NCCc1ccccc1)c1cccc(-c2nc3ccc(CNCc4ccccc4)cc3o2)c1,7.087309,O=C(NCCc1ccccc1)c1cccc(-c2nc3ccc(C(=O)NCc4ccccc4)cc3o2)c1,7.164937
Brc1ccc(NCC2CN(Cc3ccc(-c4nnn(CC5CC5)n4)nc3)C2)cc1,7.267841,O=C(Nc1ccc(Br)cc1)C1CN(Cc2ccc(-c3nnn(CC4CC4)n3)nc2)C1,7.360946
O=C(O)C1CCN1C(=O)[C@H](NC[C@@H]1CCCN1)c1ccccc1,3.977261,O=C(O)C1CCN1C(=O)[C@H](NC(=O)[C@@H]1CCCN1)c1ccccc1,4.83341
Nc1cc(CNc2ccnc3ccccc23)ccc1O,4.496559,Nc1cc(C(=O)Nc2ccnc3ccccc23)ccc1O,4.846534
O=C(NC1CC1)[C@@H](NCc1ccc(Cn2ccc3cccc(NC[C@@H]4Cc5ccccc5CN4)c32)cc1)c1ccccc1,7.045434,O=C(Nc1cccc2ccn(Cc3ccc(CN[C@H](C(=O)NC4CC4)c4ccccc4)cc3)c12)[C@@H]1Cc2ccccc2CN1,7.370772
c1ccc2c(CN(Cc3ccc(-c4nnn(CC5CC5)n4)nc3)CC3CCN(c4ncc5[nH]ccc5n4)CC3)c[nH]c2c1,7.038453,O=C(c1ccc(-c2nnn(CC3CC3)n2)nc1)N(Cc1c[nH]c2ccccc12)CC1CCN(c2ncc3[nH]ccc3n2)CC1,7.093672
ClCc1ccc(CNc2ccc(Br)cc2)cc1,4.068254,O=C(Nc1ccc(Br)cc1)c1ccc(CCl)cc1,4.409932
O=C1CCN(Cc2ccc3oc(C4CCNCC4)nc3c2)C1,5.323769,O=C1CCN(C(=O)c2ccc3oc(C4CCNCC4)nc3c2)C1,5.333316
c1ccc2c(c1)CN[C@H](CN1CCN(c3ccc(NCc4ccc(CO[C@H]5CN6CCC5CC6)cc4)cc3)CC1)C2,7.906137,O=C(Nc1ccc(N2CCN(C[C@@H]3Cc4ccccc4CN3)CC2)cc1)c1ccc(CO[C@H]2CN3CCC2CC3)cc1,7.778404
Nc1ccc(CNc2ccccn2)cc1O,3.728028,Nc1ccc(C(=O)Nc2ccccn2)cc1O,4.149339
O=C1CN(C(=O)c2cccc(-c3ccccc3CCNCC3CNC3)c2)C1,5.512178,O=C1CN(C(=O)c2cccc(-c3ccccc3CCNC(=O)C3CNC3)c2)C1,6.792069
O=C(CCl)c1ccc(-c2cccc(NCc3ccc(-c4nnn(CC5CC5)n4)nc3)c2)cc1,7.132383,O=C(CCl)c1ccc(-c2cccc(NC(=O)c3ccc(-c4nnn(CC5CC5)n4)nc3)c2)cc1,6.994492
c1ccc2c(NCc3ccc4nc([C@H]5CCCN5)oc4c3)ccnc2c1,6.835176,O=C(Nc1ccnc2ccccc12)c1ccc2nc([C@H]3CCCN3)oc2c1,7.210049
O=Cc1ccnc(-c2cccc(CNCc3cn(CC4CC4)c4ccccc34)c2)c1,6.773287,O=Cc1ccnc(-c2cccc(C(=O)NCc3cn(CC4CC4)c4ccccc34)c2)c1,7.056293
O=C(Nc1ccc(-c2cccc(NCc3ccc(-c4nnn(CC5CC5)n4)nc3)c2)cc1)N1CCC[C@@H](O)C1,7.432183,O=C(Nc1cccc(-c2ccc(NC(=O)N3CCC[C@@H](O)C3)cc2)c1)c1ccc(-c2nnn(CC3CC3)n2)nc1,7.191807
Brc1csc(-c2cccc(-c3nc4ccc(-c5cccc(NCC6CNC6)c5)cc4o3)c2)n1,6.811219,O=C(Nc1cccc(-c2ccc3nc(-c4cccc(-c5nc(Br)cs5)c4)oc3c2)c1)C1CNC1,7.050725
CC1(C)OB(c2ccc(NCc3ccc(-c4nnn(CC5CC5)n4)nc3)nc2)OC1(C)C,5.958735,CC1(C)OB(c2ccc(NC(=O)c3ccc(-c4nnn(CC5CC5)n4)nc3)nc2)OC1(C)C,6.10472
O=C(NCCc1c[nH]c2ccccc12)c1cccc(-c2ccc(NC(=O)[C@H](Cc3c[nH]c4ccccc34)NC[C@@H]3Cc4ccccc4CN3)cc2)c1,7.448316,O=C(NCCc1c[nH]c2ccccc12)c1cccc(-c2ccc(NC(=O)[C@H](Cc3c[nH]c4ccccc34)NC(=O)[C@@H]3Cc4ccccc4CN3)cc2)c1,7.418698
c1ccc(CCNCc2ccc3nc(C4CNC4)oc3c2)cc1,7.334451,O=C(NCCc1ccccc1)c1ccc2nc(C3CNC3)oc2c1,7.308391
c1cc2nc(C3CNC3)oc2cc1CN(Cc1ccc2nc(C3CNC3)oc2c1)C12CC(C1)C2,7.613046,O=C(c1ccc2nc(C3CNC3)oc2c1)N(Cc1ccc2nc(C3CNC3)oc2c1)C12CC(C1)C2,6.874517
O=Cc1ccc(CNc2ccc(B(O)O)cc2)cc1,3.467318,O=Cc1ccc(C(=O)Nc2ccc(B(O)O)cc2)cc1,3.814327
C[C@@H](NCc1ccc(-c2nc3ccc(C(=O)NC45CC(C4)C5)cc3o2)cc1)c1ccccc1,7.581043,C[C@@H](NC(=O)c1ccc(-c2nc3ccc(C(=O)NC45CC(C4)C5)cc3o2)cc1)c1ccccc1,7.421246
OB(O)c1ccc(NCc2ccc3nc(C4CNC4)[nH]c3c2)cc1,5.604686,O=C(Nc1ccc(B(O)O)cc1)c1ccc2nc(C3CNC3)[nH]c2c1,5.783898
c1cc2nc(C3CNC3)oc2cc1CN1CCC(c2nc3cc(-c4nnn(CC5CC5)n4)ccc3o2)CC1,8.053864,O=C(c1ccc2nc(C3CNC3)oc2c1)N1CCC(c2nc3cc(-c4nnn(CC5CC5)n4)ccc3o2)CC1,7.563092
O=C(Nc1cccc(-c2cc(NC[C@@H]3Cc4ccccc4CN3)[nH]n2)c1)c1cccc(CNC23CC(C2)C3)c1,7.997024,O=C(Nc1cccc(-c2cc(NC(=O)[C@@H]3Cc4ccccc4CN3)[nH]n2)c1)c1cccc(CNC23CC(C2)C3)c1,7.879225
Nc1c(O)cccc1CN(c1cc(C=O)ccn1)C12CC(C1)C2,4.632833,Nc1c(O)cccc1C(=O)N(c1cc(C=O)ccn1)C12CC(C1)C2,4.324321
O=Cc1ccc(CNC2(C(=O)Nc3cccnc3Br)CCC2)cc1,4.904137,O=Cc1ccc(C(=O)NC2(C(=O)Nc3cccnc3Br)CCC2)cc1,5.143287
O=C(NCCc1c[nH]c2ccccc12)C1CN(C(=O)[C@@H]2CCCN2Cc2cccc3oc(C4CNC4)nc23)C1,7.637899,O=C(NCCc1c[nH]c2ccccc12)C1CN(C(=O)[C@@H]2CCCN2C(=O)c2cccc3oc(C4CNC4)nc23)C1,7.329769
C#CCNCC1CNC1,2.572517,C#CCNC(=O)C1CNC1,4.368035
Nc1cccc2ccn(Cc3ccc(CN4Cc5ccccc5C[C@H]4C(=O)O)cc3)c12,5.380494,Nc1cccc2ccn(Cc3ccc(C(=O)N4Cc5ccccc5C[C@H]4C(=O)O)cc3)c12,5.479311
N#Cc1cccc(Cn2nnc(-c3cccc(-c4cc(NCc5ccc(-c6nnn(CC7CC7)n6)nc5)[nH]n4)c3)n2)c1,7.568242,N#Cc1cccc(Cn2nnc(-c3cccc(-c4cc(NC(=O)c5ccc(-c6nnn(CC7CC7)n6)nc5)[nH]n4)c3)n2)c1,7.362023
O=C(O)[C@@H](Cc1cn(Cc2cccc(-c3nnn(CC4CC4)n3)c2)c2ccccc12)Nc1ccc(NCC2CNC2)cc1,7.14564,O=C(Nc1ccc(N[C@H](Cc2cn(Cc3cccc(-c4nnn(CC5CC5)n4)c3)c3ccccc23)C(=O)O)cc1)C1CNC1,7.506577
O=C(Nc1ccc(-c2ccc(NC(=O)C3CCN3C[C@@H]3Cc4ccccc4CN3)cc2)cc1)NC1CC1,6.764546,O=C(Nc1ccc(-c2ccc(NC(=O)C3CCN3C(=O)[C@@H]3Cc4ccccc4CN3)cc2)cc1)NC1CC1,6.387339
N#Cc1ccccc1Cn1ccc2cccc(NCc3ccc4nc([C@@H]5CCCN5)oc4c3)c21,6.378513,N#Cc1ccccc1Cn1ccc2cccc(NC(=O)c3ccc4nc([C@@H]5CCCN5)oc4c3)c21,6.871913
Brc1ccc(NCc2ccc3[nH]c(C4CNC4)nc3c2)cc1,6.932512,O=C(Nc1ccc(Br)cc1)c1ccc2[nH]c(C3CNC3)nc2c1,6.990765
c1cncc(-c2cc(N(Cc3ccc4oc(C5CNC5)nc4c3)C[C@@H]3Cc4ccccc4CN3)[nH]n2)c1,7.84361,O=C([C@@H]1Cc2ccccc2CN1)N(Cc1ccc2oc(C3CNC3)nc2c1)c1cc(-c2cccnc2)n[nH]1,7.579806
COc1ccc(CNC(=O)c2cccc(-c3csc(N(CC4CNC4)C[C@@H]4Cc5ccccc5CN4)n3)c2)cc1,7.416432,COc1ccc(CNC(=O)c2cccc(-c3csc(N(CC4CNC4)C(=O)[C@@H]4Cc5ccccc5CN4)n3)c2)cc1,7.478278
O=C(O)c1ccc(NC[C@@H]2Cc3ccccc3CN2)c(O)c1,5.369633,O=C(O)c1ccc(NC(=O)[C@@H]2Cc3ccccc3CN2)c(O)c1,5.178484
OB(O)c1cccc(CN2CCC2CNCc2ccccc2)c1,4.450437,O=C(NCc1ccccc1)C1CCN1Cc1cccc(B(O)O)c1,4.627893
N#Cc1cccc(-c2cc(NCc3ccc4oc(C5(NCC6CCN6)CCC5)nc4c3)[nH]n2)c1,7.433614,N#Cc1cccc(-c2cc(NCc3ccc4oc(C5(NC(=O)C6CCN6)CCC5)nc4c3)[nH]n2)c1,7.476665
O=C(NCCc1ccccc1-c1ccc2c(ccn2CC2CC2)c1)C1CN(C[C@@H]2Cc3ccccc3CN2)C1,7.594707,O=C(NCCc1ccccc1-c1ccc2c(ccn2CC2CC2)c1)C1CN(C(=O)[C@@H]2Cc3ccccc3CN2)C1,7.66841
Fc1ncc(-c2cccc(NCc3ccc(CO[C@H]4CN5CCC4CC5)cc3)c2)cn1,7.985808,O=C(Nc1cccc(-c2cnc(F)nc2)c1)c1ccc(CO[C@H]2CN3CCC2CC3)cc1,8.006968
N[C@H](CNCc1ccccc1)c1ccccc1,3.703537,N[C@H](C(=O)NCc1ccccc1)c1ccccc1,5.107667
Nc1cc(-c2cccc(-c3nc4cc(CNCc5cn(CC6CC6)c6ccccc56)ccc4[nH]3)c2)n[nH]1,7.343224,Nc1cc(-c2cccc(-c3nc4cc(C(=O)NCc5cn(CC6CC6)c6ccccc56)ccc4[nH]3)c2)n[nH]1,7.561494
CC1(C)OB(c2ccc(NCc3ccccc3N)nc2)OC1(C)C,3.696733,CC1(C)OB(c2ccc(NC(=O)c3ccccc3N)nc2)OC1(C)C,3.839935
OB(O)c1cccc(NCc2ccc3nc(C4CNC4)[nH]c3c2)c1,5.450212,O=C(Nc1cccc(B(O)O)c1)c1ccc2nc(C3CNC3)[nH]c2c1,5.575466
O=C(O)c1ccc2[nH]c(C3CCN(CC4(NCc5ccccc5)CCC4)CC3)nc2c1,4.981444,O=C(O)c1ccc2[nH]c(C3CCN(C(=O)C4(NCc5ccccc5)CCC4)CC3)nc2c1,6.399395
c1cc(-c2cc(NCc3ccc4oc([C@H]5CCCNC5)nc4c3)[nH]n2)cc(-c2nnn(CC3CC3)n2)c1,7.972794,O=C(Nc1cc(-c2cccc(-c3nnn(CC4CC4)n3)c2)n[nH]1)c1ccc2oc([C@H]3CCCNC3)nc2c1,7.672794
c1ccc2c(c1)C[C@@H](CNc1ccnc3ccccc13)N(Cc1ccc3nc(C4CNC4)oc3c1)C2,7.358374,O=C(c1ccc2nc(C3CNC3)oc2c1)N(C[C@@H]1Cc2ccccc2CN1)c1ccnc2ccccc12,7.583989
O=C(Nc1cccc(-c2cc(NC[C@@H]3Cc4ccccc4CN3)[nH]n2)c1)c1ccc2nc([C@H]3CCCN3)[nH]c2c1,8.139866,O=C(Nc1cccc(-c2cc(NC(=O)[C@@H]3Cc4ccccc4CN3)[nH]n2)c1)c1ccc2nc([C@H]3CCCN3)[nH]c2c1,7.979859
O=C(O)c1ccc2nc(-c3c(NCC4CNC4)cccc3Nc3cccc(B(O)O)c3)oc2c1,4.740793,O=C(O)c1ccc2nc(-c3c(NC(=O)C4CNC4)cccc3Nc3cccc(B(O)O)c3)oc2c1,4.24959
Nc1ccc(NC(=O)Nc2cccc3ccccc23)c(NCc2ccc(-c3nnn(CC4CC4)n3)nc2)c1,7.263424,Nc1cc(NC(=O)c2ccc(-c3nnn(CC4CC4)n3)nc2)ccc1NC(=O)Nc1cccc2ccccc12,7.672727
NC1(c2nc3ccc(CNCc4c[nH]c5ccccc45)cc3o2)CCC1,5.067763,NC1(c2nc3ccc(C(=O)NCc4c[nH]c5ccccc45)cc3o2)CCC1,5.521601
C#CCNCC1CN(Cc2ccc(C(=O)O)cc2)C1,4.043969,C#CCNC(=O)C1CN(Cc2ccc(C(=O)O)cc2)C1,4.421013
Nc1ccc(CNc2cccc3cc[nH]c23)cc1O,3.952252,Nc1ccc(C(=O)Nc2cccc3cc[nH]c23)cc1O,4.337398
O=C(O)c1ccc2nc(-c3ccc(CNc4ccccc4C(=O)O)cc3)oc2c1,5.317104,O=C(O)c1ccc(-c2nc3ccc(C(=O)Nc4ccccc4C(=O)O)cc3o2)cc1,5.488642
Nc1ccc(CN[C@@H](Cc2c[nH]c3ccccc23)C(=O)O)cc1N,3.448176,Nc1cc(C(=O)O)ccc1NC(=O)[C@@H](N)Cc1c[nH]c2ccccc12,3.603121
O=C(O)c1ccc(-c2nc3ccc(CNc4ccc(B(O)O)cc4)cc3o2)cc1,5.07212,O=C(O)c1ccc(-c2nc3ccc(C(=O)Nc4ccc(B(O)O)cc4)cc3o2)cc1,5.214222
O=C(O)[C@H]1CCCN1Cc1cccc(B(O)O)c1,2.835702,O=C(O)[C@H]1CCCN1C(=O)c1cccc(B(O)O)c1,2.932589
Nc1cc(Br)ccc1NCc1ccc(CCl)cc1,3.730408,Nc1cc(Br)ccc1NC(=O)c1ccc(CCl)cc1,3.931907
Brc1cc(NCC2CCNCC2)[nH]n1,3.00056,O=C(Nc1cc(Br)n[nH]1)C1CCNCC1,4.831681
c1ccc(CN(Cc2cccc3oc([C@@H]4CCCN4)nc23)C[C@@H]2Cc3ccccc3CN2)cc1,6.95551,O=C([C@@H]1Cc2ccccc2CN1)N(Cc1ccccc1)Cc1cccc2oc([C@@H]3CCCN3)nc12,6.973593
O=C(O)c1ccc2nc(-c3ccc(CNc4cccc(-c5ccc(NCC6CCNCC6)cc5)c4)cc3)oc2c1,6.345779,O=C(O)c1ccc2nc(-c3ccc(CNc4cccc(-c5ccc(NC(=O)C6CCNCC6)cc5)c4)cc3)oc2c1,7.472425
Nc1cc(C(=O)O)ccc1NCc1ccc(N2CC(C(=O)N3CC[C@@H](O)C3)C2)cc1,5.378223,Nc1cc(C(=O)O)ccc1NC(=O)c1ccc(N2CC(C(=O)N3CC[C@@H](O)C3)C2)cc1,5.304592
O=C(NC1CC1)c1ccc2nc(-c3cccc(CN(CCc4c[nH]c5ccccc45)C[C@@H]4Cc5ccccc5CN4)c3)oc2c1,7.682441,O=C(NC1CC1)c1ccc2nc(-c3cccc(CN(CCc4c[nH]c5ccccc45)C(=O)[C@@H]4Cc5ccccc5CN4)c3)oc2c1,7.622527
N#Cc1ccc(CN2CCC[C@@H](O)C2)cn1,3.378736,N#Cc1ccc(C(=O)N2CCC[C@@H](O)C2)cn1,3.576871
Cc1cc(-c2ccc(N)cc2)cnc1NCc1ccc2nc(-c3ccc(CO[C@H]4CN5CCC4CC5)cc3)oc2c1,7.778546,Cc1cc(-c2ccc(N)cc2)cnc1NC(=O)c1ccc2nc(-c3ccc(CO[C@H]4CN5CCC4CC5)cc3)oc2c1,7.795846
O=C(Nc1ccnc2ccccc12)c1ccc2oc(C3CCN3C(=O)C3CN(C[C@@H]4Cc5ccccc5CN4)C3)nc2c1,7.514185,O=C(Nc1ccnc2ccccc12)c1ccc2oc(C3CCN3C(=O)C3CN(C(=O)[C@@H]4Cc5ccccc5CN4)C3)nc2c1,7.267767
c1cc(-c2ccc3oc(C4CNC4)nc3c2)cc(N(C[C@@H]2Cc3ccccc3CN2)C[C@@H]2Cc3ccccc3CN2)c1,7.908989,O=C([C@@H]1Cc2ccccc2CN1)N(C[C@@H]1Cc2ccccc2CN1)c1cccc(-c2ccc3oc(C4CNC4)nc3c2)c1,7.753359
Nc1ccccc1CNc1ccc(C(=O)O)cc1N,3.774204,Nc1cc(C(=O)O)ccc1NC(=O)c1ccccc1N,3.54521
O=C(NC1CC1)c1cccc(-c2nc3ccc(CNc4nc(F)nc5c4ncn5CC4CC4)cc3o2)c1,7.897506,O=C(Nc1nc(F)nc2c1ncn2CC1CC1)c1ccc2nc(-c3cccc(C(=O)NC4CC4)c3)oc2c1,8.073842
O=C(O)c1cccc(-c2nc3ccc(CN4CC(C(=O)NCc5c[nH]c6ccccc56)C4)cc3o2)c1,6.508787,O=C(O)c1ccc2nc(-c3cccc(C(=O)N4CC(C(=O)NCc5c[nH]c6ccccc56)C4)c3)oc2c1,7.088627
C[C@H](NCc1ccc2nc(C3CNC3)oc2c1)C(=O)NCc1c[nH]c2ccccc12,7.409303,C[C@H](NC(=O)c1ccc2nc(C3CNC3)oc2c1)C(=O)NCc1c[nH]c2ccccc12,7.737758
Nc1cc(CNC23CC(C2)C3)ccc1NC(=O)C1CCNCC1,6.972003,Nc1cc(C(=O)NC23CC(C2)C3)ccc1NC(=O)C1CCNCC1,6.621876
N#Cc1cncc(N2CCC[C@@H]2CNc2cccc(B(O)O)c2)c1,3.757667,N#Cc1cncc(N2CCC[C@@H]2C(=O)Nc2cccc(B(O)O)c2)c1,4.087938
O=C(NC1CC1)c1ccc2nc(-c3ccc(CNc4ccc(Br)cc4)cc3)oc2c1,7.522739,O=C(Nc1ccc(Br)cc1)c1ccc(-c2nc3ccc(C(=O)NC4CC4)cc3o2)cc1,7.466769
Nc1ccc(-c2ccc(NCc3ccc(COCC4CNC4)cc3)cc2)cc1,6.998915,Nc1ccc(-c2ccc(NC(=O)c3ccc(COCC4CNC4)cc3)cc2)cc1,7.499741
N#Cc1ccccc1-c1ccc(NC[C@@H](N)c2ccccc2)cc1,5.129505,N#Cc1ccccc1-c1ccc(NC(=O)[C@@H](N)c2ccccc2)cc1,6.202882
c1ccc(CO[C@H]2CN3CCC2CC3)c(CNc2ccc(-c3ccc4nc([C@H]5CCCN5)oc4c3)cc2)c1,7.858605,O=C(Nc1ccc(-c2ccc3nc([C@H]4CCCN4)oc3c2)cc1)c1ccccc1CO[C@H]1CN2CCC1CC2,7.792316
O=C(O)c1ccccc1Cn1ccc2cccc(NCc3ccc(C4NCCc5ccccc54)cc3)c21,6.345205,O=C(Nc1cccc2ccn(Cc3ccccc3C(=O)O)c12)c1ccc(C2NCCc3ccccc32)cc1,6.612494
Brc1ncccc1NCC1CNC1,4.001843,O=C(Nc1cccnc1Br)C1CNC1,5.549881
O=C(c1ccc(F)cc1)N1CCC[C@@H](c2nc3ccc(CNc4cccc5cc[nH]c45)cc3o2)C1,6.643768,O=C(Nc1cccc2cc[nH]c12)c1ccc2nc([C@@H]3CCCN(C(=O)c4ccc(F)cc4)C3)oc2c1,6.806086
O=C(C1CNC1)N1CCC[C@@H](CN(Cc2cn(CC3CC3)c3ccccc23)C[C@@H]2Cc3ccccc3CN2)C1,7.756926,O=C(C1CNC1)N1CCC[C@@H](C(=O)N(Cc2cn(CC3CC3)c3ccccc23)C[C@@H]2Cc3ccccc3CN2)C1,7.689145
O=C(NC1CC1)c1cccc(-c2nc3ccc(CN4CCC[C@@H]4CO)cc3o2)c1,6.776831,O=C(NC1CC1)c1cccc(-c2nc3ccc(C(=O)N4CCC[C@@H]4CO)cc3o2)c1,6.550165
Oc1ccc(-c2ccc(N(Cc3ccc(CNC45CC(C4)C5)cc3)C[C@@H]3Cc4ccccc4CN3)cc2)cc1,7.069948,O=C([C@@H]1Cc2ccccc2CN1)N(Cc1ccc(CNC23CC(C2)C3)cc1)c1ccc(-c2ccc(O)cc2)cc1,7.006915
O=C(NC1CC1)c1ccc2nc([C@@H]3Cc4ccccc4CN3Cc3cccc4oc(C5CNC5)nc34)oc2c1,7.931935,O=C(NC1CC1)c1ccc2nc([C@@H]3Cc4ccccc4CN3C(=O)c3cccc4oc(C5CNC5)nc34)oc2c1,6.145636
c1ccc2c(CNCC3CCNCC3)c[nH]c2c1,3.832872,O=C(NCc1c[nH]c2ccccc12)C1CCNCC1,6.118048
O=Cc1ccnc(-c2cccc(CNc3ccc(B(O)O)cc3)c2)c1,4.292687,O=Cc1ccnc(-c2cccc(C(=O)Nc3ccc(B(O)O)cc3)c2)c1,4.549095
N#Cc1ccc2nc(C3CCN3Cc3ccc4oc(-c5cccc(C(=O)NC6CC6)c5)nc4c3)[nH]c2c1,7.490373,N#Cc1ccc2nc(C3CCN3C(=O)c3ccc4oc(-c5cccc(C(=O)NC6CC6)c5)nc4c3)[nH]c2c1,6.894067
c1ccc2c(c1)CN[C@H](CN1CC(c3nc4ccc(CN5CCC[C@@H]5c5nc6ccccc6o5)cc4o3)C1)C2,7.388368,O=C([C@@H]1Cc2ccccc2CN1)N1CC(c2nc3ccc(CN4CCC[C@@H]4c4nc5ccccc5o4)cc3o2)C1,7.589381
Fc1cc(-c2cc(NCC3CN(CC4CCN4)C3)[nH]n2)ccc1-c1nnn(CC2CC2)n1,7.501989,O=C(C1CCN1)N(CC1CNC1)c1cc(-c2ccc(-c3nnn(CC4CC4)n3)c(F)c2)n[nH]1,6.068788
O=C(Nc1cc(-c2cccc(NCc3ccc4nc(C5CCNCC5)[nH]c4c3)c2)n[nH]1)C1CNC1,8.090956,O=C(Nc1cccc(-c2cc(NC(=O)C3CNC3)[nH]n2)c1)c1ccc2nc(C3CCNCC3)[nH]c2c1,7.881965
c1cc(NCc2ccc(-c3nnn(CC4CC4)n3)nc2)cc(-c2ccc3oc(C4CCN4)nc3c2)c1,8.142303,O=C(Nc1cccc(-c2ccc3oc(C4CCN4)nc3c2)c1)c1ccc(-c2nnn(CC3CC3)n2)nc1,5.22126
O=C(NCCc1c[nH]c2ccccc12)c1cccc(-c2cc(NCc3ccc4oc(C5CNC5)nc4c3)[nH]n2)c1,7.921273,O=C(NCCc1c[nH]c2ccccc12)c1cccc(-c2cc(NC(=O)c3ccc4oc(C5CNC5)nc4c3)[nH]n2)c1,7.903064
O=C(N1CC[C@@H](O)C1)C1(Nc2ccc(NCc3ccc4oc(C5CNC5)nc4c3)cc2)CCC1,6.911038,O=C(Nc1ccc(NC2(C(=O)N3CC[C@@H](O)C3)CCC2)cc1)c1ccc2oc(C3CNC3)nc2c1,6.913309
O=C(O)[C@@H](Cc1c[nH]c2ccccc12)Nc1cc(NCc2cccc(-c3nc4cc(-c5nnn(CC6CC6)n5)ccc4o3)c2)[nH]n1,6.993301,O=C(Nc1cc(N[C@H](Cc2c[nH]c3ccccc23)C(=O)O)n[nH]1)c1cccc(-c2nc3cc(-c4nnn(CC5CC5)n4)ccc3o2)c1,7.195462
C[C@@H](C1=NCCc2ccccc21)N(Cc1cccc2oc(C3CNC3)nc12)C[C@@H]1Cc2ccccc2CN1,7.423722,C[C@@H](C1=NCCc2ccccc21)N(Cc1cccc2oc(C3CNC3)nc12)C(=O)[C@@H]1Cc2ccccc2CN1,7.246043
O=C(O)c1ccc2oc([C@H](Cc3ccccc3)NCC3CNC3)nc2c1,4.944504,O=C(O)c1ccc2oc([C@H](Cc3ccccc3)NC(=O)C3CNC3)nc2c1,5.864927
O=C(N[C@@H](C(=O)NC1CC1)c1ccccc1)C1CCN1C(=O)C1CCN(C[C@@H]2Cc3ccccc3CN2)CC1,7.238626,O=C(N[C@@H](C(=O)NC1CC1)c1ccccc1)C1CCN1C(=O)C1CCN(C(=O)[C@@H]2Cc3ccccc3CN2)CC1,7.19436
O=C(Nc1cc(-c2cn(Cc3cc(=O)[nH]c4ccccc34)nn2)n[nH]1)C1CN(CC2CCN2)C1,6.806098,O=C(Nc1cc(-c2cn(Cc3cc(=O)[nH]c4ccccc34)nn2)n[nH]1)C1CN(C(=O)C2CCN2)C1,7.424275
C[C@@H](Nc1ccc(NC[C@@H]2CCCN2)cc1)c1ccccc1,5.005824,C[C@@H](Nc1ccc(NC(=O)[C@@H]2CCCN2)cc1)c1ccccc1,6.722826
O=C(NCc1c[nH]c2ccccc12)C1CCN(C(=O)C2CCN2Cc2ccc3nc(C4CNC4)[nH]c3c2)CC1,7.649914,O=C(NCc1c[nH]c2ccccc12)C1CCN(C(=O)C2CCN2C(=O)c2ccc3nc(C4CNC4)[nH]c3c2)CC1,7.606553
c1cc(NC[C@@H]2CCCN2C[C@@H]2Cc3ccccc3CN2)cc(-c2ccc3oc(C4CNC4)nc3c2)c1,7.966737,O=C(Nc1cccc(-c2ccc3oc(C4CNC4)nc3c2)c1)[C@@H]1CCCN1C[C@@H]1Cc2ccccc2CN1,7.903032
O=C(O)C1CN(C(=O)N[C@H](CNCCc2ccccc2Br)c2ccccc2)C1,4.617133,O=C(NCCc1ccccc1Br)C1CN(C(=O)N[C@H](C(=O)O)c2ccccc2)C1,5.187663
N#Cc1cccc(-n2nnnc2NC2(CN3CCC[C@@H]3CO)CCC2)c1,3.981497,N#Cc1cccc(-n2nnnc2NC2(C(=O)N3CCC[C@@H]3CO)CCC2)c1,4.639673
O=C([C@H]1CCCN(CC2CCN2)C1)N1CCC1c1nc2ccccc2o1,6.098748,O=C(C1CCN1)N1CCC[C@H](C(=O)N2CCC2c2nc3ccccc3o2)C1,7.369077
O=C(NCc1c[nH]c2ccccc12)c1cccc(CN(CCc2c[nH]c3ccccc23)Cc2ccc(-c3nnn(CC4CC4)n3)nc2)c1,7.395595,O=C(NCc1c[nH]c2ccccc12)c1cccc(CN(CCc2c[nH]c3ccccc23)C(=O)c2ccc(-c3nnn(CC4CC4)n3)nc2)c1,7.408053
c1cc(CN2CCN(c3ccc4oc(C5CCN5)nc4c3)CC2)ccc1CO[C@H]1CN2CCC1CC2,7.568021,O=C(c1ccc(CO[C@H]2CN3CCC2CC3)cc1)N1CCC1c1nc2cc(N3CCNCC3)ccc2o1,7.498376
c1ccc(CNC23CC(C2)C3)c(CNc2cc(-c3ccc(NC[C@@H]4Cc5ccccc5CN4)nc3)n[nH]2)c1,7.816484,O=C(Nc1ccc(-c2cc(NCc3ccccc3CNC34CC(C3)C4)[nH]n2)cn1)[C@@H]1Cc2ccccc2CN1,7.584655
O=C(O)c1cccc2oc([C@H](NCC3CNC3)c3ccccc3)nc12,4.812356,O=C(O)c1cccc2oc([C@H](NC(=O)C3CNC3)c3ccccc3)nc12,5.521966
Oc1cc(-c2cn(CC3CC3)nn2)ccc1N(Cc1ccc(F)cc1)C[C@@H]1Cc2ccccc2CN1,7.203768,O=C([C@@H]1Cc2ccccc2CN1)N(Cc1ccc(F)cc1)c1ccc(-c2cn(CC3CC3)nn2)cc1O,7.206044
c1cc(NCc2ccc(-c3nnn(CC4CC4)n3)nc2)cc(-c2ccccc2CCNC[C@@H]2Cc3ccccc3CN2)c1,8.024706,O=C(NCCc1ccccc1-c1cccc(NCc2ccc(-c3nnn(CC4CC4)n3)nc2)c1)[C@@H]1Cc2ccccc2CN1,8.107334
COc1ccc(CNC(=O)c2ccccc2Nc2ccc(NCc3ccc(-c4nnn(CC5CC5)n4)nc3)cc2)cc1,7.376623,COc1ccc(CNC(=O)c2ccccc2Nc2ccc(NC(=O)c3ccc(-c4nnn(CC5CC5)n4)nc3)cc2)cc1,7.499987
O=C(Nc1ccnc2ccccc12)C1(Nc2ccc3nc([C@@H]4CCCN(C[C@@H]5Cc6ccccc6CN5)C4)oc3c2)CCC1,7.330567,O=C([C@@H]1Cc2ccccc2CN1)N(c1ccc2nc([C@@H]3CCCNC3)oc2c1)C1(C(=O)Nc2ccnc3ccccc23)CCC1,6.887081
Cc1cc(Br)cnc1NCc1ccc(-c2nnn(CC3CC3)n2)nc1,6.477925,Cc1cc(Br)cnc1NC(=O)c1ccc(-c2nnn(CC3CC3)n2)nc1,6.223381
O=C(Nc1cc(-c2ccc3[nH]ccc3c2)n[nH]1)c1ccc(COCC2CN(C[C@@H]3Cc4ccccc4CN3)C2)cc1,7.785728,O=C(Nc1cc(-c2ccc3[nH]ccc3c2)n[nH]1)c1ccc(COCC2CN(C(=O)[C@@H]3Cc4ccccc4CN3)C2)cc1,7.884243
O=C(Nc1cc(-c2ccc(NC[C@@H]3Cc4ccccc4CN3)cc2)ccc1O)C1CNC1,7.478341,O=C(Nc1cc(-c2ccc(NC(=O)[C@@H]3Cc4ccccc4CN3)cc2)ccc1O)C1CNC1,6.905622
Fc1cccc(CNc2cc(-c3cccc(NCc4ccc(-c5nnn(CC6CC6)n5)nc4)c3)n[nH]2)n1,7.821366,O=C(Nc1cccc(-c2cc(NCc3cccc(F)n3)[nH]n2)c1)c1ccc(-c2nnn(CC3CC3)n2)nc1,7.643463
O=C(O)C1CCN1CC1CN(c2ccc3oc([C@H]4CCCN4)nc3c2)C1,5.57584,O=C(O)C1CCN1C(=O)C1CN(c2ccc3oc([C@H]4CCCN4)nc3c2)C1,6.198591
c1cc(NCc2ccc(-c3nnn(CC4CC4)n3)nc2)cc(-c2cncc(CNc3ccnc4ccccc34)c2)c1,7.992484,O=C(Nc1cccc(-c2cncc(CNc3ccnc4ccccc34)c2)c1)c1ccc(-c2nnn(CC3CC3)n2)nc1,7.963808
Nc1cc(CN2CCCC(=O)C2)ccc1O,3.239591,Nc1cc(C(=O)N2CCCC(=O)C2)ccc1O,3.549534
c1cc(Nc2cncc(-c3nc4cc(-c5ccc(NCC6CCN6)cc5)ccc4o3)c2)c2[nH]ccc2c1,7.470168,O=C(Nc1ccc(-c2ccc3oc(-c4cncc(Nc5cccc6cc[nH]c56)c4)nc3c2)cc1)C1CCN1,7.509163
OB(O)c1ccc(NCC2CN(Cc3ccc4nc(C5CNC5)oc4c3)C2)cc1,6.209997,O=C(c1ccc2nc(C3CNC3)oc2c1)N(CC1CNC1)c1ccc(B(O)O)cc1,5.860099
O=C(Nc1ccc(CNC23CC(C2)C3)cc1O)C1CNC1,7.323129,O=C(NC12CC(C1)C2)c1ccc(NC(=O)C2CNC2)c(O)c1,6.626283
O=C(O)[C@@H]1CCCN1CC1CCN(C(=O)C2CNC2)CC1,5.098538,O=C(O)C1CCN(C(=O)C2CN(C(=O)[C@@H]3CCCN3)C2)CC1,4.788124
O=Cc1ccc(C(=O)N2CC(CN3Cc4ccccc4C[C@H]3C(=O)O)C2)cc1,4.916307,O=Cc1ccc(C(=O)N2CC(C(=O)N3Cc4ccccc4C[C@H]3C(=O)O)C2)cc1,5.378911
O=C(Nc1cccc(-c2ccc(N(CC3CCN3)C[C@@H]3Cc4ccccc4CN3)cc2)c1)C1CCNCC1,7.000793,O=C(Nc1cccc(-c2ccc(N(CC3CCN3)C(=O)[C@@H]3Cc4ccccc4CN3)cc2)c1)C1CCNCC1,6.82143
O=C(NC1CC1)c1ccc2nc(-c3ccccc3NC[C@@H]3Cc4ccccc4CN3)oc2c1,7.888389,O=C(NC1CC1)c1ccc2nc(-c3ccccc3NC(=O)[C@@H]3Cc4ccccc4CN3)oc2c1,7.189511
O=C(Nc1ccc(-c2nnnn2CC2CC2)cc1)C1CCN(C[C@@H]2Cc3ccccc3CN2)CC1,7.622939,O=C(Nc1ccc(-c2nnnn2CC2CC2)cc1)C1CCN(C(=O)[C@@H]2Cc3ccccc3CN2)CC1,7.517022
O=C(O)[C@@H]1Cc2ccccc2CN1Cc1cccc(B(O)O)c1,3.837115,O=C(O)[C@@H]1Cc2ccccc2CN1C(=O)c1cccc(B(O)O)c1,3.9179
c1ccc2c(CNc3ccc(NCc4ccnc(-c5ccc(NCC6CCNCC6)nc5)c4)cc3)c[nH]c2c1,6.498304,O=C(Nc1ccc(-c2cc(CNc3ccc(NCc4c[nH]c5ccccc45)cc3)ccn2)cn1)C1CCNCC1,7.549325
c1cc(NC[C@@H]2Cc3ccccc3CN2)cc(-c2ccc3nc(C4CN(CC5CNC5)C4)oc3c2)c1,7.911316,O=C(C1CNC1)N(C[C@@H]1Cc2ccccc2CN1)c1cccc(-c2ccc3nc(C4CNC4)oc3c2)c1,7.397665
c1ccc(CN(Cc2ccc3nc(C4CNC4)[nH]c3c2)c2cccc(-c3c[nH]cn3)c2)cc1,6.687369,O=C(c1ccc2nc(C3CNC3)[nH]c2c1)N(Cc1ccccc1)c1cccc(-c2c[nH]cn2)c1,6.735068
O=C(O)c1ccc2[nH]c([C@@H](Cc3c[nH]c4ccccc34)NCc3ccc(-c4nnn(CC5CC5)n4)nc3)nc2c1,6.682292,O=C(O)c1ccc2[nH]c([C@@H](Cc3c[nH]c4ccccc34)NC(=O)c3ccc(-c4nnn(CC5CC5)n4)nc3)nc2c1,6.685189
O=C(Nc1cc(-c2cccnc2)ccc1O)[C@H]1CCCN1C[C@@H]1CCCN(C(=O)NCc2c[nH]c3ccccc23)C1,7.185424,O=C(Nc1cc(-c2cccnc2)ccc1O)[C@H]1CCCN1C(=O)[C@@H]1CCCN(C(=O)NCc2c[nH]c3ccccc23)C1,7.341678
C[C@@H](NCc1ccc2nc(-c3ccc4oc([C@H]5CCCN5)nc4c3)oc2c1)c1ccccc1,7.335151,C[C@@H](NC(=O)c1ccc2nc(-c3ccc4oc([C@H]5CCCN5)nc4c3)oc2c1)c1ccccc1,7.501661
ClCc1ccccc1-c1nc2ccc(-c3cccc(NC[C@@H]4Cc5ccccc5CN4)c3)cc2o1,7.230551,O=C(Nc1cccc(-c2ccc3nc(-c4ccccc4CCl)oc3c2)c1)[C@@H]1Cc2ccccc2CN1,7.340117
c1cc(Nc2ccc(CNCCc3cn(CC4CC4)c4ccccc34)cc2)c2[nH]ccc2c1,6.590548,O=C(NCCc1cn(CC2CC2)c2ccccc12)c1ccc(Nc2cccc3cc[nH]c23)cc1,6.519183
O=C(O[C@H]1CN2CCC1CC2)c1cccc(-c2nc3cc(CNc4cccc(B(O)O)c4)ccc3o2)c1,6.081368,O=C(Nc1cccc(B(O)O)c1)c1ccc2oc(-c3cccc(C(=O)O[C@H]4CN5CCC4CC5)c3)nc2c1,6.117974
O=C(Nc1cccc(-c2ccc3nc(-c4ccc(C(F)(F)F)cc4)oc3c2)c1)C1CN(C[C@@H]2Cc3ccccc3CN2)C1,7.663936,O=C(Nc1cccc(-c2ccc3nc(-c4ccc(C(F)(F)F)cc4)oc3c2)c1)C1CN(C(=O)[C@@H]2Cc3ccccc3CN2)C1,7.533424
N#Cc1ccc(NCc2ccccc2N)cc1,4.233108,N#Cc1ccc(NC(=O)c2ccccc2N)cc1,4.508735
O=C(NC1CC1)c1ccc(CNc2ccc(-c3ccc(NC[C@@H]4Cc5ccccc5CN4)cc3)cc2)cc1,7.987441,O=C(NC1CC1)c1ccc(CNc2ccc(-c3ccc(NC(=O)[C@@H]4Cc5ccccc5CN4)cc3)cc2)cc1,7.729216
O=Cc1c[nH]c2ccc(-c3cccc(NC[C@@H]4Cc5ccccc5CN4)c3)cc12,6.611343,O=Cc1c[nH]c2ccc(-c3cccc(NC(=O)[C@@H]4Cc5ccccc5CN4)c3)cc12,6.849792
O=C(NC1CC1)c1cccc(-c2nc3ccc(CNc4ccnc5ccccc45)cc3o2)c1,7.628812,O=C(Nc1ccnc2ccccc12)c1ccc2nc(-c3cccc(C(=O)NC4CC4)c3)oc2c1,7.715182
O=C(O)c1ccc2nc(C3(NC[C@@H]4Cc5ccccc5CN4)CCC3)[nH]c2c1,6.445799,O=C(O)c1ccc2nc(C3(NC(=O)[C@@H]4Cc5ccccc5CN4)CCC3)[nH]c2c1,6.411532
N[C@H](CN1CCC[C@H](C(=O)O)C1)c1ccccc1,3.052323,N[C@H](C(=O)N1CCC[C@H](C(=O)O)C1)c1ccccc1,3.8834
Cc1cc(-c2cccc(NCc3ccc4nc(-c5ccc(C(=O)O)cc5)oc4c3)c2)cnc1NC1CCNC1,7.068216,Cc1cc(-c2cccc(NC(=O)c3ccc(-c4nc5ccc(C(=O)O)cc5o4)cc3)c2)cnc1NC1CCNC1,6.833783
O=Cc1cccc(CNc2cc(-c3ccc(NCc4cccc(B(O)O)c4)nc3)n[nH]2)c1,4.877468,O=Cc1cccc(C(=O)Nc2cc(-c3ccc(NCc4cccc(B(O)O)c4)nc3)n[nH]2)c1,5.33012
O=Cc1cccc(CNc2n[nH]cc2Br)c1,3.077429,O=Cc1cccc(C(=O)Nc2n[nH]cc2Br)c1,3.687695
O=Cc1ccc(CNC23CC(C2)C3)cc1,4.678136,O=Cc1ccc(C(=O)NC23CC(C2)C3)cc1,4.742253
O=C(NCc1c[nH]c2ccccc12)C1CCN1CC1CCN1,7.18111,O=C(NCc1c[nH]c2ccccc12)C1CCN1C(=O)C1CCN1,7.289099
Brc1cc(NCc2ccc(CNCc3cn(CC4CC4)c4ccccc34)cc2)[nH]n1,6.76604,O=C(NCc1cn(CC2CC2)c2ccccc12)c1ccc(CNc2cc(Br)n[nH]2)cc1,6.960295
Cc1cc(-c2cccc(CN3CC(C(=O)O)C3)c2)cnc1NCc1ccc(CO[C@H]2CN3CCC2CC3)cc1,7.192694,Cc1cc(-c2cccc(CN3CC(C(=O)O)C3)c2)cnc1NC(=O)c1ccc(CO[C@H]2CN3CCC2CC3)cc1,7.123275
O=C(NCCc1c[nH]c2ccccc12)[C@@H]1CCCN1Cc1cccc(-c2cn(CC3CC3)cn2)c1,7.7375,O=C(NCCc1c[nH]c2ccccc12)[C@@H]1CCCN1C(=O)c1cccc(-c2cn(CC3CC3)cn2)c1,7.720129
O=c1cc(Cn2nnc(-c3ccc(-c4ccc(NCc5ccc(-c6nnn(CC7CC7)n6)nc5)cc4)cc3F)n2)c2ccccc2[nH]1,7.540494,O=C(Nc1ccc(-c2ccc(-c3nnn(Cc4cc(=O)[nH]c5ccccc45)n3)c(F)c2)cc1)c1ccc(-c2nnn(CC3CC3)n2)nc1,7.241124
C[C@H](NC[C@H]1CCCNC1)C(=O)O,2.547211,C[C@H](NC(=O)[C@H]1CCCNC1)C(=O)O,3.71959
c1ccc2c(c1)CN[C@H](CNc1ccc(CNc3cccc4cc[nH]c34)cc1NCc1ccc3nc(C4CCN4)[nH]c3c1)C2,7.559116,O=C(Nc1ccc(CNc2cccc3cc[nH]c23)cc1NCc1ccc2nc(C3CCN3)[nH]c2c1)[C@@H]1Cc2ccccc2CN1,7.517364
O=C(NCc1ccccc1)c1ccc(NC[C@H]2CCCN2C[C@@H]2Cc3ccccc3CN2)c(O)c1,7.114058,O=C(NCc1ccccc1)c1ccc(N(C[C@H]2CCCN2)C(=O)[C@@H]2Cc3ccccc3CN2)c(O)c1,6.388224
O=C(O)c1ccc2nc(-c3cccc(CNc4ccc(-c5cn(CC6CC6)cn5)cc4)c3)oc2c1,7.407563,O=C(O)c1ccc2nc(-c3cccc(C(=O)Nc4ccc(-c5cn(CC6CC6)cn5)cc4)c3)oc2c1,7.416203
O=C(NC1CC1)c1ccc(-c2nc3ccc(CN(C[C@@H]4Cc5ccccc5CN4)C45CC(C4)C5)cc3o2)cc1,7.59949,O=C(NC1CC1)c1ccc(-c2nc3ccc(CN(C(=O)[C@@H]4Cc5ccccc5CN4)C45CC(C4)C5)cc3o2)cc1,7.460327
c1cc(CN2CCNCC2)cc(-c2ccc3nc(C4CCNCC4)oc3c2)c1,6.290565,O=C(c1cccc(-c2ccc3nc(C4CCNCC4)oc3c2)c1)N1CCNCC1,6.763117
c1ccc2c(c1)c(CCNCc1ccc3oc(C4CCNCC4)nc3c1)cn2Cc1ccc(-c2nnn(CC3CC3)n2)cc1,7.875453,O=C(NCCc1cn(Cc2ccc(-c3nnn(CC4CC4)n3)cc2)c2ccccc12)c1ccc2oc(C3CCNCC3)nc2c1,8.025679
c1ccc2c(c1)nc(CNC1(CNCc3cn(CC4CC4)c4ccccc34)CCC1)n2CC1CC1,6.393546,O=C(NCc1cn(CC2CC2)c2ccccc12)C1(NCc2nc3ccccc3n2CC2CC2)CCC1,7.849445
C[C@@H](NC(=O)C1CN(Cc2ccc3nc(-c4ccc5nc(C6CNC6)oc5c4)oc3c2)C1)c1ccccc1,7.608409,C[C@@H](NC(=O)C1CN(C(=O)c2ccc3nc(-c4ccc5nc(C6CNC6)oc5c4)oc3c2)C1)c1ccccc1,7.065891
Brc1cc(NCc2cccc(-c3cn(CC4CC4)cn3)c2)[nH]n1,6.672987,O=C(Nc1cc(Br)n[nH]1)c1cccc(-c2cn(CC3CC3)cn2)c1,6.92875
O=C(Nc1nc(F)nc2[nH]cnc12)c1ccc2oc(C3CN(Cc4ccc5[nH]c(C6CNC6)nc5c4)C3)nc2c1,7.403222,O=C(Nc1nc(F)nc2[nH]cnc12)c1ccc2oc(C3CN(C(=O)c4ccc5[nH]c(C6CNC6)nc5c4)C3)nc2c1,7.114687
c1cc(CNCCc2c[nH]c3ccccc23)cc(-c2cn(CC3CC3)cn2)c1,7.207809,O=C(NCCc1c[nH]c2ccccc12)c1cccc(-c2cn(CC3CC3)cn2)c1,7.508373
N#Cc1cncc(-c2cccc(N(Cc3ccc(C(=O)NC4CC4)cc3)C[C@@H]3Cc4ccccc4CN3)c2)c1,7.539443,N#Cc1cncc(-c2cccc(N(Cc3ccc(C(=O)NC4CC4)cc3)C(=O)[C@@H]3Cc4ccccc4CN3)c2)c1,7.5639
c1ccc2c(CCNCc3ccc4nc([C@@H]5CCCN5)oc4c3)c[nH]c2c1,6.656374,O=C(NCCc1c[nH]c2ccccc12)c1ccc2nc([C@@H]3CCCN3)oc2c1,7.042956
O=C(NC1CC1)c1ccc2oc(C3CCN3C(=O)C3CN(C[C@@H]4Cc5ccccc5CN4)C3)nc2c1,7.506093,O=C(NC1CC1)c1ccc2oc(C3CCN3C(=O)C3CN(C(=O)[C@@H]4Cc5ccccc5CN4)C3)nc2c1,6.687458
O=C(NCCc1ccccc1)C1CCN1Cc1ccc2oc(C3CNC3)nc2c1,7.421427,O=C(NCCc1ccccc1)C1CCN1C(=O)c1ccc2oc(C3CNC3)nc2c1,7.078002
O=C(c1ccc(-c2nc3cc(CNCc4cn(CC5CC5)c5ccccc45)ccc3o2)cc1)N1CCC[C@@H](O)C1,7.022085,O=C(NCc1cn(CC2CC2)c2ccccc12)c1ccc2oc(-c3ccc(C(=O)N4CCC[C@@H](O)C4)cc3)nc2c1,7.282037
c1ccc2c(c1)nc(-c1nc3ccc(CNCCc4cn(CC5CC5)c5ccccc45)cc3[nH]1)n2CC1CC1,7.668775,O=C(NCCc1cn(CC2CC2)c2ccccc12)c1ccc2nc(-c3nc4ccccc4n3CC3CC3)[nH]c2c1,7.78292
O=C(CNCC1CCN1)Nc1ccc(-c2cn(Cc3ccc(C(=O)O)cc3)cn2)cc1,5.579971,O=C(CNC(=O)C1CCN1)Nc1ccc(-c2cn(Cc3ccc(C(=O)O)cc3)cn2)cc1,7.110467
Nc1cc(C(=O)N2CCC[C@@H]2CNC2(C(=O)O)CCC2)ccc1O,4.203185,NC1(C(=O)Nc2cc(C(=O)N3CCC[C@@H]3C(=O)O)ccc2O)CCC1,4.27601
c1ccc(CCN(CC2CCN2Cc2cccc3oc(C4CNC4)nc23)c2c[nH]cn2)cc1,6.376313,O=C(c1cccc2oc(C3CNC3)nc12)N1CCC1CN(CCc1ccccc1)c1c[nH]cn1,6.347611
C[C@H](NCc1cccc(C=O)c1)c1ccccc1,3.828491,C[C@H](NC(=O)c1cccc(C=O)c1)c1ccccc1,4.380185
N#Cc1ccc(CN2CCC(CNc3cccc(B(O)O)c3)CC2)cn1,4.098464,N#Cc1ccc(CN2CCC(C(=O)Nc3cccc(B(O)O)c3)CC2)cn1,4.884595
O=C1CN(C(=O)Nc2cc(-c3cccc(NCc4ccc5oc(C6CNC6)nc5c4)c3)n[nH]2)C1,7.731202,O=C1CN(C(=O)Nc2cc(-c3cccc(NC(=O)c4ccc5oc(C6CNC6)nc5c4)c3)n[nH]2)C1,7.461456
Fc1cccc(-c2nc3ccc(CNCc4cn(Cc5ccc(-c6nnn(CC7CC7)n6)cc5)c5ccccc45)cc3o2)n1,7.531945,O=C(NCc1cn(Cc2ccc(-c3nnn(CC4CC4)n3)cc2)c2ccccc12)c1ccc2nc(-c3cccc(F)n3)oc2c1,7.761073
O=C(Nc1ccnc2ccccc12)C1CN(Cc2ccc3oc(-c4ccc5nc(C6CNC6)oc5c4)nc3c2)C1,7.708713,O=C(Nc1ccnc2ccccc12)C1CN(C(=O)c2ccc3oc(-c4ccc5nc(C6CNC6)oc5c4)nc3c2)C1,7.239287
O=C(Nc1cccc(-c2cccc3nc(C4CCN4)oc23)c1)C1CN(CC2CNC2)C1,7.097687,O=C(Nc1cccc(-c2cccc3nc(C4CCN4)oc23)c1)C1CN(C(=O)C2CNC2)C1,2.51954
C[C@@H](NCc1ccc(N)c(O)c1)c1ccccc1,3.794327,C[C@@H](NC(=O)c1ccc(N)c(O)c1)c1ccccc1,4.376648
O=C(c1ccc2oc(C3CNC3)nc2c1)N1CCN(Cc2ccc(-c3nnn(CC4CC4)n3)nc2)CC1,7.824907,O=C(c1ccc(-c2nnn(CC3CC3)n2)nc1)N1CCN(C(=O)c2ccc3oc(C4CNC4)nc3c2)CC1,4.896346
c1ccc(CCN(CC2CCN2)c2c[nH]cn2)cc1,4.290833,O=C(C1CCN1)N(CCc1ccccc1)c1c[nH]cn1,4.823332
O=C(Nc1ccc(B(O)O)cc1)C1(NCc2ccc(-c3nnn(CC4CC4)n3)nc2)CCC1,6.702504,O=C(NC1(C(=O)Nc2ccc(B(O)O)cc2)CCC1)c1ccc(-c2nnn(CC3CC3)n2)nc1,6.438569
O=C(Nc1cccc2ccn(CC3CC3)c12)C1CCN1C1CN(C[C@@H]2Cc3ccccc3CN2)C1,7.311298,O=C(Nc1cccc2ccn(CC3CC3)c12)C1CCN1C1CN(C(=O)[C@@H]2Cc3ccccc3CN2)C1,6.723487
O=C(NCCc1cn(CC2CC2)c2ccccc12)N(CC1CCN1C[C@@H]1Cc2ccccc2CN1)c1ccnc2ccccc12,7.512568,O=C(NCCc1cn(CC2CC2)c2ccccc12)N(CC1CCN1C(=O)[C@@H]1Cc2ccccc2CN1)c1ccnc2ccccc12,7.522742
Nc1ccc(N2CCC2CN(C[C@@H]2Cc3ccccc3CN2)c2ccc(-c3cnc(F)nc3)cn2)cc1,6.750634,Nc1ccc(N2CCC2CN(C(=O)[C@@H]2Cc3ccccc3CN2)c2ccc(-c3cnc(F)nc3)cn2)cc1,6.484098
O=C1CN(C[C@@H]2Cc3ccccc3CN2)C1,4.769876,O=C1CN(C(=O)[C@@H]2Cc3ccccc3CN2)C1,5.529469
O=C(Nc1ccnc2ccccc12)c1ccc2nc([C@H](NC(=O)C3CCN3C[C@@H]3Cc4ccccc4CN3)c3ccccc3)oc2c1,7.283492,O=C(Nc1ccnc2ccccc12)c1ccc2nc([C@H](NC(=O)C3CCN3C(=O)[C@@H]3Cc4ccccc4CN3)c3ccccc3)oc2c1,7.237127
Fc1cncc(-c2ccc(N(Cc3ccc4oc(C5CNC5)nc4c3)C[C@@H]3Cc4ccccc4CN3)cc2)c1,7.59499,O=C([C@@H]1Cc2ccccc2CN1)N(Cc1ccc2oc(C3CNC3)nc2c1)c1ccc(-c2cncc(F)c2)cc1,7.288515
