recorded_amine,score_amine,counterfactual_amide,score_amide
CNCCN(Cc1cccc(F)c1NCCCN)c1ccccc1S,0.864207,CNCCN(Cc1cccc(F)c1NC(=O)CCN)c1ccccc1S,0.157969
NC1(CNCCc2ccccc2)CCC1,0.59848,NC1(C(=O)NCCc2ccccc2)CCC1,0.004091
O=C(O)c1ccc(NC[C@@H]2CCCN2)c(Br)c1,0.012091,O=C(O)c1ccc(NC(=O)[C@@H]2CCCN2)c(Br)c1,0.001347
N[C@H](CCN(CCc1ccccc1Br)C1CCNCC1)CNc1cc(F)ccc1O,0.972678,N[C@H](CCN(CCc1ccccc1Br)C1CCNCC1)C(=O)Nc1cc(F)ccc1O,0.882783
CC(C)(CN(CCCN)Cc1ccc(O)cc1)NC(CCl)c1ccc(F)cc1,0.922696,CC(C)(CN(Cc1ccc(O)cc1)C(=O)CCN)NC(CCl)c1ccc(F)cc1,0.161417
Oc1ccccc1NCC1CCNCC1,0.362984,O=C(Nc1ccccc1O)C1CCNCC1,0.017457
N[C@H](CS)CN1CCC1C(=O)O,0.008689,N[C@H](CS)C(=O)N1CCC1C(=O)O,0.004009
N[C@@H](CCNc1cccc2cc[nH]c12)CN1CCCC(=O)C1,0.317682,N[C@@H](CC(=O)Nc1cccc2cc[nH]c12)CN1CCCC(=O)C1,0.028913
C[C@@H](CNCCc1ccc(O)cc1)NCC=O,0.742377,C[C@@H](CNCCc1ccc(O)cc1)NC(=O)C=O,0.082
O=C(O)[C@H]1CCCN1CCNc1ccccc1S,0.029557,O=C(O)CN(C(=O)[C@H]1CCCN1)c1ccccc1S,0.02102
C#CCN(CC1CCN1)CC1CCN1Cc1c[nH]c2cc(Br)ccc12,0.918376,C#CCN(CC1CCN1Cc1c[nH]c2cc(Br)ccc12)C(=O)C1CCN1,0.757249
CC[C@H](N)CN(CCNC)Cc1ccc(OC)cc1,0.027787,CC[C@H](N)CN(Cc1ccc(OC)cc1)C(=O)CNC,0.003047
O=C(O)c1cccc(F)c1N1CCC1CN1CCCCC1,0.04231,O=C(O)C1CCN1c1c(F)cccc1C(=O)N1CCCCC1,0.000276
COc1ccc(O)c(N(CC=O)CCN(C)C[C@H]2CCCN2C(CCl)c2ccc(F)cc2F)c1,0.987212,COc1ccc(O)c(N(CCN(C)C[C@H]2CCCN2C(CCl)c2ccc(F)cc2F)C(=O)C=O)c1,0.936539
O=C1CCN(C[C@@H]2C[C@@H](O)CN2)CC1,0.035398,O=C1CCN(C(=O)[C@@H]2C[C@@H](O)CN2)CC1,0.003444
COc1ccccc1CCN(C[C@@H](CCSC)NCc1ccc(F)cc1)C1CNC1,0.992369,COc1ccccc1CCN(C[C@@H](CCSC)NC(=O)c1ccc(F)cc1)C1CNC1,0.970291
CSCC[C@@H](N)CN(CC1CCN1)c1ccc(Br)cc1O,0.044684,CSCC[C@@H](N)CN(C(=O)C1CCN1)c1ccc(Br)cc1O,0.075329
NCCCN(Cc1c[nH]c2cc(Br)ccc12)c1cc(Br)ccc1OC(=O)C1CCN1CCN,0.991813,NCCC(=O)N(Cc1c[nH]c2cc(Br)ccc12)c1cc(Br)ccc1OC(=O)C1CCN1CCN,0.987418
C#CCNC[C@@H](N)CCCNc1cc(F)ccc1O,0.368986,C#CCNC(=O)[C@@H](N)CCCNc1cc(F)ccc1O,0.025203
NCCCNc1c(F)cccc1C(=O)O,0.016531,NCCC(=O)Nc1c(F)cccc1C(=O)O,0.00064
C[C@@H](N)CN1CC(N(c2ccnc3ccccc23)C2CN(Cc3cccc(F)c3F)C2)C1,0.946011,C[C@@H](N)CN1CC(N(c2ccnc3ccccc23)C2CN(C(=O)c3cccc(F)c3F)C2)C1,0.930795
COc1ccccc1CCN(CCCN)C[C@H](N)CCC(=O)O,0.38416,COc1ccccc1CCN(C[C@H](N)CCC(=O)O)C(=O)CCN,0.011463
C[C@H](O)CNCCC(=O)O,0.006522,C[C@H](O)C(=O)NCCC(=O)O,0.001212
N#Cc1ccc(NCCCN)c(NCCCN2CC(Nc3ccc(Br)cc3O)C2)c1,0.55252,N#Cc1ccc(NC(=O)CCN)c(NCCCN2CC(Nc3ccc(Br)cc3O)C2)c1,0.542573
NCCCN1CCC1CNc1ccc(Br)cc1O,0.525661,NCCCN1CCC1C(=O)Nc1ccc(Br)cc1O,0.019586
C[C@@H](N)CN(CCBr)CCc1ccccc1,0.034551,C[C@@H](N)CN(CCc1ccccc1)C(=O)CBr,0.004442
Nc1ccccc1OC(=O)[C@@H](N)CCN(CCc1ccc(O)cc1)CC1CCN1,0.941211,Nc1ccccc1OC(=O)[C@@H](N)CCN(CCc1ccc(O)cc1)C(=O)C1CCN1,0.134347
CNCCNc1cc(F)c(F)cc1O,0.068623,CNCC(=O)Nc1cc(F)c(F)cc1O,0.012061
Oc1cc(Br)ccc1NCC1CCN(Cc2ccc(F)cc2)CC1,0.872303,O=C(Nc1ccc(Br)cc1O)C1CCN(Cc2ccc(F)cc2)CC1,0.045228
C[C@H](N)CN(CCc1ccc(O)cc1)C[C@@H]1CCCN1,0.849346,C[C@H](N)CN(CCc1ccc(O)cc1)C(=O)[C@@H]1CCCN1,0.187704
C[C@@H](CNc1cccc(Br)c1O)N(CC(=O)CBr)Cc1c[nH]c2ccc(Br)cc12,0.628784,C[C@@H](CN(C(=O)C(=O)CBr)c1cccc(Br)c1O)NCc1c[nH]c2ccc(Br)cc12,0.166612
C[C@@H](N)C(=O)Oc1cc(Br)ccc1N(CC1CCN1)C[C@H]1CCCN1,0.055699,C[C@@H](N)C(=O)Oc1cc(Br)ccc1N(C[C@H]1CCCN1)C(=O)C1CCN1,0.069383
CC[C@H](NCC=O)C(=O)O,0.002125,CC[C@H](NC(=O)C=O)C(=O)O,0.00075
Brc1cccc2c1CCNC2CNc1ccccn1,0.435567,O=C(Nc1ccccn1)C1NCCc2c(Br)cccc21,0.10686
C[C@@H](O)CNCC(C)(C)N,0.00984,C[C@@H](O)CNC(=O)C(C)(C)N,0.001685
CN(CCCN)CCN(C)CCNc1ccccc1O,0.228369,CN(CCNc1ccccc1O)CCN(C)C(=O)CCN,0.092878
N[C@@H](CCNc1cccc2cc[nH]c12)CNc1ccc(Br)cc1O,0.166331,N[C@H](CNc1ccc(Br)cc1O)CC(=O)Nc1cccc2cc[nH]c12,0.020863
CNCCN(CCc1ccccc1Br)CC1CCN1Cc1c[nH]c2ccc(Br)cc12,0.999981,CNCC(=O)N(CCc1ccccc1Br)CC1CCN1Cc1c[nH]c2ccc(Br)cc12,0.965877
C#CCN(CC[C@@H](N)CNc1cc(F)ccc1O)CC1CCN1,0.754771,C#CCN(CC[C@@H](N)CNc1cc(F)ccc1O)C(=O)C1CCN1,0.158655
C=CCN(CC[C@@H](N)CN1CCC(NCCc2c[nH]c3ccc(O)cc23)C1)c1ccccc1S,0.959772,C=CC(=O)N(CC[C@@H](N)CN1CCC(NCCc2c[nH]c3ccc(O)cc23)C1)c1ccccc1S,0.929252
CC(C)C[C@H](CN(CC1CCN1)c1ccc(Br)cc1)N(CCCN)Cc1cccc(Br)c1,0.91521,CC(C)C[C@H](CN(C(=O)C1CCN1)c1ccc(Br)cc1)N(CCCN)Cc1cccc(Br)c1,0.762938
C[C@@H](N)CN1CC(Nc2cccc3cc[nH]c23)C1,0.16433,C[C@@H](N)C(=O)N(c1cccc2cc[nH]c12)C1CNC1,0.262143
Nc1c(F)cccc1CNc1ccccc1S,0.012561,Nc1c(F)cccc1C(=O)Nc1ccccc1S,0.002505
CSCC[C@@H](N)CN(C[C@@H]1CCCN1Cc1ccc(F)cc1)c1cc(F)ccc1O,0.957438,CSCC[C@@H](N)CN(C[C@@H]1CCCN1C(=O)c1ccc(F)cc1)c1cc(F)ccc1O,0.176699
Nc1cccc(Br)c1NC1CCCN(CCNCc2cccc(F)c2N)C1,0.631854,NCCN1CCCC(Nc2c(Br)cccc2NC(=O)c2cccc(F)c2N)C1,0.425846
N#Cc1ccc(O)c(N(Cc2ccc(F)cc2)C[C@@H](N)CCCNCC2CNC2)c1,0.903428,N#Cc1ccc(O)c(N(Cc2ccc(F)cc2)C[C@@H](N)CCCNC(=O)C2CNC2)c1,0.487262
CC[C@H](N)CNc1ccc(CN2CCC(=O)C2)cc1Br,0.121368,CC[C@H](N)C(=O)Nc1ccc(CN2CCC(=O)C2)cc1Br,0.007954
N[C@@H](CO)CN(CCc1ccccc1Br)CC1(N)CCC1,0.246854,N[C@@H](CO)CN(CCc1ccccc1Br)C(=O)C1(N)CCC1,0.006999
COc1ccc(O)c(N(CCCN(CCN)Cc2c[nH]c3cc(Br)ccc23)C[C@H]2CCCN2)c1,0.994704,COc1ccc(O)c(N(CCCN(Cc2c[nH]c3cc(Br)ccc23)C(=O)CN)C[C@H]2CCCN2)c1,0.87065
CC[C@H](N)CNc1cc(Br)ccc1O,0.05021,CC[C@H](N)C(=O)Nc1cc(Br)ccc1O,0.001953
C#CCNCc1ccc(N(C[C@@H]2CCCN2CCCN)c2ccc(C#N)cc2)c(Br)c1,0.890605,C#CCNC(=O)c1ccc(N(C[C@@H]2CCCN2CCCN)c2ccc(C#N)cc2)c(Br)c1,0.624907
O=C(O)[C@@H]1CCCN1CCBr,0.006115,O=C(O)[C@@H]1CCCN1C(=O)CBr,0.002452
C[C@H](N)CN(CCc1c[nH]c2ccccc12)C(CCl)c1ccc(F)cc1N1CCC[C@H](O)C1,0.990736,C[C@H](N)C(=O)N(CCc1c[nH]c2ccccc12)C(CCl)c1ccc(F)cc1N1CCC[C@H](O)C1,0.677154
N[C@H](CCNc1cc(F)ccc1O)CN1CCC(C(=O)O)CC1,0.474202,N[C@H](CC(=O)Nc1cc(F)ccc1O)CN1CCC(C(=O)O)CC1,0.067858
C[C@@H](N)CN(CCc1c[nH]c2ccccc12)C[C@@H](N)CCNCCc1ccccc1,0.866688,C[C@@H](N)C(=O)N(CCc1c[nH]c2ccccc12)C[C@@H](N)CCNCCc1ccccc1,0.245162
C[C@@H](N)CN(CCc1c[nH]c2ccccc12)C[C@@H](N)CS,0.374259,C[C@@H](N)CN(CCc1c[nH]c2ccccc12)C(=O)[C@@H](N)CS,0.088011
C#CCNC[C@@H](C)NCC=O,0.009179,C#CCNC[C@@H](C)NC(=O)C=O,0.002358
Nc1c(Br)cccc1NC1CCN(C[C@H]2CCCN2)CC1,0.750287,Nc1c(Br)cccc1N(C(=O)[C@H]1CCCN1)C1CCNCC1,0.121602
C[C@H](CN(CCO)CCBr)NCC1(N)CCC1,0.038113,C[C@H](CN(CCO)CCBr)NC(=O)C1(N)CCC1,0.010768
N[C@H](CCCN1CCC[C@@H]1CO)C(=O)O,0.053426,N[C@H](CCC(=O)N1CCC[C@@H]1CO)C(=O)O,0.002541
Oc1ccc(F)cc1N(CCBr)CCCN1CCC(CNc2cccc3cc[nH]c23)CC1,0.989466,O=C(CBr)N(CC1CCN(CCCNc2cc(F)ccc2O)CC1)c1cccc2cc[nH]c12,0.980605
CCCN(CC1CCN1Cc1c[nH]c2ccc(Br)cc12)c1ccc(Br)cc1NC[C@@H]1CCCN1,0.978949,CCCN(CC1CCN1Cc1c[nH]c2ccc(Br)cc12)c1ccc(Br)cc1NC(=O)[C@@H]1CCCN1,0.910151
C[C@@H](CN(CCN)CCc1c[nH]c2ccccc12)N(CC=O)c1ccc(C#N)c(CBr)c1,0.951124,C[C@@H](CN(CCc1c[nH]c2ccccc12)C(=O)CN)N(CC=O)c1ccc(C#N)c(CBr)c1,0.13329
N[C@@H](CS)CN(CCCNc1cc(F)ccc1O)Cc1c[nH]c2ccc(Br)cc12,0.93784,N[C@@H](CS)CN(CCC(=O)Nc1cc(F)ccc1O)Cc1c[nH]c2ccc(Br)cc12,0.546578
Nc1cccc(N2CCC(N(CCCNCc3ccc(F)cc3)C3CC3)C2)c1O,0.995876,NCCCN(C1CC1)C1CCN(c2cccc(NC(=O)c3ccc(F)cc3)c2O)C1,0.926658
C=CCN(C[C@@H]([C@@H](C)O)N(Cc1c[nH]c2ccc(Br)cc12)C1CCCNC1)c1cc(C#N)ccc1O,0.906302,C=CC(=O)N(C[C@@H]([C@@H](C)O)N(Cc1c[nH]c2ccc(Br)cc12)C1CCCNC1)c1cc(C#N)ccc1O,0.705656
NCCN(CC1CN(C[C@@H](N)Cc2c[nH]c3ccccc23)C1)c1cc(F)c(F)cc1O,0.974293,NCC(=O)N(CC1CN(C[C@@H](N)Cc2c[nH]c3ccccc23)C1)c1cc(F)c(F)cc1O,0.95303
CC[C@H](N)CN1CCC(N[C@H](CNCCc2ccc(O)cc2)c2ccccc2)CC1,0.904306,CC[C@H](N)CN1CCC(N[C@H](C(=O)NCCc2ccc(O)cc2)c2ccccc2)CC1,0.474898
CC[C@H](N)CN(CCBr)c1cc(OC)ccc1O,0.019611,CC[C@H](N)C(=O)N(CCBr)c1cc(OC)ccc1O,0.010466
O=C(O)CCN(C[C@H]1CCCN1)C1CCNCC1,0.021159,O=C(O)CCN(C(=O)[C@H]1CCCN1)C1CCNCC1,0.00468
Fc1ccc(CN2CCC[C@H]2CN(c2ccccc2S)C2CCCN(C3CNC3)C2)cc1,0.982274,O=C(c1ccc(F)cc1)N1CC(N2CCCC(N(C[C@@H]3CCCN3)c3ccccc3S)C2)C1,0.972103
CC(C)[C@@H](C(=O)O)N(Cc1cccc(Br)c1)CC1CNC1,0.007692,CC(C)[C@@H](C(=O)O)N(Cc1cccc(Br)c1)C(=O)C1CNC1,0.002342
Nc1ccc(CN2CC(CN3CC(=O)C3)C2)cc1Br,0.048765,Nc1ccc(CN2CC(C(=O)N3CC(=O)C3)C2)cc1Br,0.009156
Oc1c(Br)cccc1NC[C@@H](CS)N(CC1CCN1)C1CNC1,0.376183,O=C(C1CCN1)N(C1CNC1)[C@H](CS)CNc1cccc(Br)c1O,0.033397
CN(CCN)CCN1CC(N(c2ccc(C#N)cc2N)C(CCl)c2ccc(Br)cc2)C1,0.979913,CN(CCN1CC(N(c2ccc(C#N)cc2N)C(CCl)c2ccc(Br)cc2)C1)C(=O)CN,0.911744
COc1cccc2c1CCN(C1CNC1)C2CNc1cc(F)ccc1O,0.999999,COc1cccc2c1CCN(C1CNC1)C2C(=O)Nc1cc(F)ccc1O,0.983988
Brc1cccc2c1CCNC2CN1CCC1CNc1cccc2cc[nH]c12,0.98919,O=C(Nc1cccc2cc[nH]c12)C1CCN1CC1NCCc2c(Br)cccc21,0.803931
N[C@H](CCN(CC=O)C1CC1)CN(CCc1c[nH]c2ccccc12)C(CCl)c1ccc(F)cc1F,0.999981,N[C@H](CCN(C(=O)C=O)C1CC1)CN(CCc1c[nH]c2ccccc12)C(CCl)c1ccc(F)cc1F,0.84444
NCCCNc1cccc(Br)c1NC1CCCNC1,0.212696,NCCC(=O)Nc1cccc(Br)c1NC1CCCNC1,0.051601
N#Cc1cc(Br)cc(NCc2cccc(F)c2NC2CC2)c1,0.073285,N#Cc1cc(Br)cc(NC(=O)c2cccc(F)c2NC2CC2)c1,0.01214
Oc1ccccc1NCC1CCN(CCBr)CC1,0.105003,O=C(Nc1ccccc1O)C1CCN(CCBr)CC1,0.004648
O=C(O)[C@H]1CCCN1CCNCCc1c[nH]c2ccccc12,0.565323,O=C(CN1CCC[C@@H]1C(=O)O)NCCc1c[nH]c2ccccc12,0.023326
CCCN(CCc1c[nH]c2ccccc12)C[C@@H](N)CCN(CC1CCN1)c1ccc(Br)cc1O,0.999986,CCCN(CCc1c[nH]c2ccccc12)C[C@@H](N)CCN(C(=O)C1CCN1)c1ccc(Br)cc1O,0.993226
CSCC[C@H](N)CNc1ccccc1C(=O)O,0.003341,CSCC[C@H](N)C(=O)Nc1ccccc1C(=O)O,0.000228
CC[C@@H](CN1CC(=O)C1)Nc1cccc(C=O)c1,0.005019,CC[C@H](Nc1cccc(C=O)c1)C(=O)N1CC(=O)C1,0.000432
CNCCN(CCC=O)c1ccc(Br)cc1,0.002027,CNCC(=O)N(CCC=O)c1ccc(Br)cc1,0.005386
Nc1c(F)cccc1CN(CCc1ccccc1)CC1CN(Cc2c[nH]c3cc(Br)ccc23)C1,0.927977,Nc1c(F)cccc1C(=O)N(CCc1ccccc1)CC1CN(Cc2c[nH]c3cc(Br)ccc23)C1,0.768688
C[C@@H](CN(CC1CCNCC1)c1cccc2cc[nH]c12)N(Cc1c[nH]c2ccc(F)cc12)C[C@@H]1CCCN1,0.651933,C[C@@H](CN(C(=O)C1CCNCC1)c1cccc2cc[nH]c12)N(Cc1c[nH]c2ccc(F)cc12)C[C@@H]1CCCN1,0.390087
C[C@H](N)CN(CCN)CCCCNCc1cccc(F)n1,0.37832,C[C@@H](CN(CCN)CCCCN)NC(=O)c1cccc(F)n1,0.288142
CC[C@@H](CN(CC1CNC1)c1cc(Br)ccc1O)NCC1CNC1,0.115203,CC[C@@H](CN(C(=O)C1CNC1)c1cc(Br)ccc1O)NCC1CNC1,0.127884
NCCCN1CCC[C@@H]1CNc1ccccc1S,0.74138,NCCCN1CCC[C@@H]1C(=O)Nc1ccccc1S,0.103226
CNCCNc1c(O)cccc1C(=O)O,0.059492,CNCC(=O)Nc1c(O)cccc1C(=O)O,0.010949
CCCN(C[C@@H](N)CC)c1cc(OC)ccc1NCCN,0.037093,CCCN(C[C@@H](N)CC)c1cc(OC)ccc1NC(=O)CN,0.005719
NCCCN(C[C@@H]1CCCN1)c1cccc(Br)c1O,0.131703,NCCC(=O)N(C[C@@H]1CCCN1)c1cccc(Br)c1O,0.207588
CC[C@H](C)[C@H](CN(CCBr)CCc1ccccc1OC)N(Cc1c[nH]c2ccc(Br)cc12)CC1CCN1,0.973565,CC[C@H](C)[C@H](CN(CCc1ccccc1OC)C(=O)CBr)N(Cc1c[nH]c2ccc(Br)cc12)CC1CCN1,0.665801
OC1CCN(CCC[C@H](CNC2CC2)NCc2ccc(F)cc2)CC1,0.95927,O=C(N[C@H](CCCN1CCC(O)CC1)CNC1CC1)c1ccc(F)cc1,0.960602
NCCN(CCc1c[nH]c2ccccc12)CCN(Cc1c[nH]c2ccc(F)cc12)C1CCNCC1,0.900227,NCC(=O)N(CCc1c[nH]c2ccccc12)CCN(Cc1c[nH]c2ccc(F)cc12)C1CCNCC1,0.769602
O=C(O)[C@@H](CS)NCC1CCNCC1,0.00823,O=C(N[C@H](CS)C(=O)O)C1CCNCC1,0.001975
CC(C)C[C@@H](NCC1CCN1)C(=O)Oc1cc(F)c(F)cc1N,0.097625,CC(C)C[C@@H](N)C(=O)Oc1cc(F)c(F)cc1NC(=O)C1CCN1,0.008927
c1cc(NC[C@H]2CCCN(CC3CCN3)C2)c2[nH]ccc2c1,0.82416,O=C(Nc1cccc2cc[nH]c12)[C@H]1CCCN(CC2CCN2)C1,0.261301
Nc1ccc(Br)cc1N(CC1CCN1)C1CCCN(C(CCl)c2ccc(F)cc2)C1,0.989559,Nc1ccc(Br)cc1N(C(=O)C1CCN1)C1CCCN(C(CCl)c2ccc(F)cc2)C1,0.92704
COc1ccccc1CCNCCC[C@@H](NCc1c[nH]c2cc(Br)ccc12)C(=O)O,0.940736,COc1ccccc1CCNC(=O)CC[C@@H](NCc1c[nH]c2cc(Br)ccc12)C(=O)O,0.082852
N[C@@H](CCNc1ccc(Br)cc1O)CN1CCC[C@@H]1CN(CCc1ccncc1)Cc1ccnc(F)c1,0.739121,N[C@@H](CC(=O)Nc1ccc(Br)cc1O)CN1CCC[C@@H]1CN(CCc1ccncc1)Cc1ccnc(F)c1,0.607352
C[C@@H](CNc1cc(Br)cc(C#N)c1)N(CC1CNC1)C1CCNC1,0.195033,C[C@@H](CN(C(=O)C1CNC1)c1cc(Br)cc(C#N)c1)NC1CCNC1,0.098679
Sc1ccccc1NC[C@H]1CCCN1C1CCNC1,0.715495,O=C(Nc1ccccc1S)[C@H]1CCCN1C1CCNC1,0.133552
N[C@@H](CCCN1CCC1C(=O)O)CNc1cc(Br)ccc1O,0.214342,N[C@@H](CCCN1CCC1C(=O)Nc1cc(Br)ccc1O)C(=O)O,0.026718
COc1ccccc1CCNCC(CBr)N(CC1CCNCC1)c1ccc(Br)cc1O,0.979189,COc1ccccc1CCNC(=O)C(CBr)N(CC1CCNCC1)c1ccc(Br)cc1O,0.799591
CC[C@H](N)CN(C[C@@H](N)CS)c1cc(Br)ccc1O,0.04414,CC[C@H](N)C(=O)N(C[C@@H](N)CS)c1cc(Br)ccc1O,0.031722
C[C@@H](CN(Cc1ccc(F)cc1)C12CC(C1)C2)NC[C@@H]1CCCN1,0.425887,C[C@@H](CN(Cc1ccc(F)cc1)C12CC(C1)C2)NC(=O)[C@@H]1CCCN1,0.130333
COc1ccccc1CN(CCCNCc1cccc(F)c1N)C1CN(Cc2c[nH]c3ccccc23)C1,0.898633,COc1ccccc1CN(CCCNC(=O)c1cccc(F)c1N)C1CN(Cc2c[nH]c3ccccc23)C1,0.668528
CCC1N[C@H](CN(CC2CCN2)C2CCC2)Cc2ccc(O)cc21,0.880956,CCC1N[C@H](CN(C(=O)C2CCN2)C2CCC2)Cc2ccc(O)cc21,0.084194
CNCCN(CC1(N)CCC1)c1ccc(Br)cc1O,0.072914,CNCC(=O)N(CC1(N)CCC1)c1ccc(Br)cc1O,0.083352
C[C@H](CN(Cc1ccc(O)cc1)CC1(N)CCC1)N(Cc1c[nH]c2ccc(Br)cc12)CC1CCN1,0.984026,C[C@H](CN(Cc1ccc(O)cc1)CC1(N)CCC1)N(Cc1c[nH]c2ccc(Br)cc12)C(=O)C1CCN1,0.926891
COc1cccc2c1CCN(CC(CBr)N(CCN)CCCCN)C2c1c[nH]c2ccc(F)cc12,0.997375,COc1cccc2c1CCN(CC(CBr)N(CCCCN)C(=O)CN)C2c1c[nH]c2ccc(F)cc12,0.926414
CC[C@H](N)CN1CCC(Nc2cccc(Br)c2N)C1,0.213724,CC[C@H](N)C(=O)N(c1cccc(Br)c1N)C1CCNC1,0.066063
N[C@H](CCCN1CC(CNc2cccc3cc[nH]c23)C1)CNCCc1ccccc1Br,0.975144,N[C@H](CCCN1CC(CNc2cccc3cc[nH]c23)C1)C(=O)NCCc1ccccc1Br,0.808603
CC[C@@H](CN1CCCCC1)NCCNc1ccccc1O,0.5,CC[C@H](NCCNc1ccccc1O)C(=O)N1CCCCC1,0.006889
CN(CCNc1ccccn1)C[C@H]1CCCN1,0.270719,CN(CCNc1ccccn1)C(=O)[C@H]1CCCN1,0.010372
C=CCN(CC=O)CC[C@@H](N)CN1CCc2c(OC)cccc2C1c1c[nH]c2ccc(Br)cc12,0.995308,C=CCN(CC[C@@H](N)CN1CCc2c(OC)cccc2C1c1c[nH]c2ccc(Br)cc12)C(=O)C=O,0.873735
N[C@H](Cc1c[nH]c2ccccc12)CN(CC1CCN1CC=O)c1cc(F)ccc1O,0.991177,N[C@H](Cc1c[nH]c2ccccc12)CN(CC1CCN1C(=O)C=O)c1cc(F)ccc1O,0.31904
Nc1ccc(CN2CC(CNCCc3c[nH]c4ccccc34)C2)cc1Br,0.995293,Nc1ccc(C(=O)N(CCc2c[nH]c3ccccc23)CC2CNC2)cc1Br,0.629523
CNCCN(CCc1c[nH]c2ccccc12)C[C@H](N)Cc1ccc(O)cc1,0.984335,CNCC(=O)N(CCc1c[nH]c2ccccc12)C[C@H](N)Cc1ccc(O)cc1,0.688285
COCCNCc1cccc(F)c1N(CCc1ccccc1OC)C1CCNC1,0.901352,COCCNC(=O)c1cccc(F)c1N(CCc1ccccc1OC)C1CCNC1,0.722365
NCCCN1CCCC(N2CCc3c(Br)cccc3C2c2ccnc(Br)c2)C1,0.995899,NCCC(=O)N1CCCC(N2CCc3c(Br)cccc3C2c2ccnc(Br)c2)C1,0.599017
COc1cccc(CNCC[C@H](N)C(=O)O)c1,0.010919,COc1cccc(CNC(=O)C[C@H](N)C(=O)O)c1,0.000636
COCCN(CC=O)Cc1ccc(N(Cc2ccc(F)cc2)CC2CCN2)c(Br)c1,0.671307,COCCN(CC=O)Cc1ccc(N(CC2CCN2)C(=O)c2ccc(F)cc2)c(Br)c1,0.627019
OB(O)c1cccc(NCC2CN(C[C@@H]3CCCN3)C2)c1,0.115464,O=C([C@@H]1CCCN1)N(CC1CNC1)c1cccc(B(O)O)c1,0.180157
CC[C@H](N)CN1CCC(N(Cc2c[nH]c3ccc(Br)cc23)c2cc(C#N)ccc2O)CC1,0.996636,CC[C@H](N)C(=O)N1CCC(N(Cc2c[nH]c3ccc(Br)cc23)c2cc(C#N)ccc2O)CC1,0.403207
Fc1ccc(CN(CC2CCN2C2CCCNC2)c2ccnc3ccccc23)cc1,0.983403,O=C(c1ccc(F)cc1)N(CC1CCN1C1CCCNC1)c1ccnc2ccccc12,0.917182
Oc1ccc2c(c1)C(c1ncc[nH]1)N[C@@H](CNCCc1ccccc1Br)C2,0.933116,O=C(NCCc1ccccc1Br)[C@H]1Cc2ccc(O)cc2C(c2ncc[nH]2)N1,0.115171
CC(CCl)N(C)CCNc1cccc(Br)c1N,0.017242,CC(CCl)N(C)CC(=O)Nc1c(N)cccc1Br,0.000571
N[C@@H](CCNCCNCCC(=O)O)C(=O)O,0.016575,NCCC(=O)N[C@@H](CCNCC(=O)O)C(=O)O,0.004257
CN(CCN1CCC[C@@H](O)C1)C[C@@H](N)Cc1c[nH]c2ccccc12,0.345601,CN(CCN1CCC[C@@H](O)C1)C(=O)[C@@H](N)Cc1c[nH]c2ccccc12,0.429747
C=CCNCCCN1CCC1CNc1cc(Br)cc(C#N)c1,0.654334,C=CC(=O)NCCCN1CCC1CNc1cc(Br)cc(C#N)c1,0.346498
N#Cc1ccc(O)c(N(CC2CCN2)C[C@H]2CCCN2)c1,0.212414,N#Cc1ccc(O)c(N(CC2CCN2)C(=O)[C@H]2CCCN2)c1,0.235568
CC(CCl)NCCCN1CCCC(=O)C1,0.03059,CC(CCl)NCCC(=O)N1CCCC(=O)C1,0.001901
Oc1ccc(Br)cc1NCC1(NC[C@@H]2CCCN2)CCC1,0.28559,O=C(Nc1cc(Br)ccc1O)C1(NC[C@@H]2CCCN2)CCC1,0.073135
CNCCN(Cc1cccc(OC)c1)C[C@@H](N)CCCN,0.183591,CNCC(=O)N(Cc1cccc(OC)c1)C[C@@H](N)CCCN,0.027774
COc1cccc(CNC[C@@H](CO)NCCN)c1,0.139208,COc1cccc(CNC(=O)[C@@H](CO)NCCN)c1,0.009865
COc1ccc(O)c(NCCC[C@H](N)CN(CCc2c[nH]c3ccccc23)CC2CCN2)c1,0.980108,COc1ccc(O)c(N(CCC[C@H](N)CNCCc2c[nH]c3ccccc23)C(=O)C2CCN2)c1,0.642613
O=C(O)C[C@H](CNC1CC1)NCc1cccc(Br)c1,0.026769,O=C(C[C@@H](NCc1cccc(Br)c1)C(=O)O)NC1CC1,0.000945
COc1ccccc1CCN(CCCN1CCC[C@H]1c1nc2cc(Br)ccc2o1)C[C@@H](N)CC(=O)O,0.964593,COc1ccccc1CCN(CCCN1CCC[C@H]1c1nc2cc(Br)ccc2o1)C(=O)C[C@H](N)C(=O)O,0.531984
NCCN(CCc1c[nH]c2ccccc12)C1CN(C(CCl)c2ccc(F)cc2)C1,0.996043,NCC(=O)N(CCc1c[nH]c2ccccc12)C1CN(C(CCl)c2ccc(F)cc2)C1,0.916546
NCCCN1CCC1C(=O)OCCCNC(=O)Nc1ccccc1S,0.025972,NCCC(=O)N1CCC1C(=O)OCCCNC(=O)Nc1ccccc1S,0.001226
CC(C)(NCc1ccc(N)c(Br)c1)C(=O)O,0.005366,CC(C)(N)C(=O)Nc1ccc(C(=O)O)cc1Br,0.000217
Nc1ccc(CN2CCCC(=O)C2)cc1Br,0.022482,Nc1ccc(C(=O)N2CCCC(=O)C2)cc1Br,0.00097
CC(C)C[C@H](CN1CCC[C@H]1CO)N(Cc1ccc(F)cc1)Cc1cccc(Br)c1,0.838521,CC(C)C[C@H](CN1CCC[C@H]1CO)N(Cc1cccc(Br)c1)C(=O)c1ccc(F)cc1,0.745388
NCCN(C[C@H](N)CCCNC1CCC1)c1ccccc1O,0.103692,NCC(=O)N(CCC[C@@H](N)CNc1ccccc1O)C1CCC1,0.02901
Sc1ccccc1N(CC1CNC1)C1CN(Cc2c[nH]c3cc(Br)ccc23)C1,0.995654,O=C(C1CNC1)N(c1ccccc1S)C1CN(Cc2c[nH]c3cc(Br)ccc23)C1,0.966573
Fc1ccc(CN2CCC[C@H]2CN(CCc2ccccc2)CC2CCN(Cc3c[nH]c4cc(Br)ccc34)CC2)cc1,0.601785,O=C(c1ccc(F)cc1)N1CCC[C@H]1CN(CCc1ccccc1)CC1CCN(Cc2c[nH]c3cc(Br)ccc23)CC1,0.485949
N[C@H](CCNc1ccccc1O)CN1CCC1C(=O)O,0.085974,N[C@H](CCN(C(=O)C1CCN1)c1ccccc1O)C(=O)O,0.091156
N[C@@H](Cc1ccccc1)CN(c1cc(F)ccc1O)C1CN(CC2CNC2)C1,0.983679,N[C@@H](Cc1ccccc1)C(=O)N(c1cc(F)ccc1O)C1CN(CC2CNC2)C1,0.869419
NCCCN1CCC1CN(Cc1c[nH]c2ccc(F)cc12)c1c(N)cccc1Br,0.990757,NCCC(=O)N1CCC1CN(Cc1c[nH]c2ccc(F)cc12)c1c(N)cccc1Br,0.402455
C[C@H](N)CN1CCC(N(c2cc(F)ccc2C(=O)CCl)[C@H](C)CNc2cc(Br)ccc2O)CC1,0.958051,C[C@H](N)C(=O)N(C[C@@H](C)N(c1cc(F)ccc1C(=O)CCl)C1CCNCC1)c1cc(Br)ccc1O,0.744739
COc1cccc(CNC[C@H]2CCCN2Cc2cccc(F)c2N)c1,0.976981,COc1cccc(CNC(=O)[C@H]2CCCN2Cc2cccc(F)c2N)c1,0.362755
O=C(CBr)CN1CCC(C(=O)O)CC1,0.010063,O=C(CBr)C(=O)N1CCC(C(=O)O)CC1,0.001692
N[C@@H](CCNc1cc(F)ccc1O)CNCCc1ccccc1Br,0.89335,N[C@H](CNCCc1ccccc1Br)CC(=O)Nc1cc(F)ccc1O,0.301838
N#Cc1cc(Br)cc(NCC2CN(CC3CCN3)C2)c1,0.405311,N#Cc1cc(Br)cc(NC(=O)C2CN(CC3CCN3)C2)c1,0.042201
N[C@H](Cc1c[nH]c2ccccc12)CN(C[C@H]1CCCN1CC1CCN1)c1ccc(Br)cc1,0.999984,N[C@H](Cc1c[nH]c2ccccc12)CN(C[C@H]1CCCN1C(=O)C1CCN1)c1ccc(Br)cc1,0.417501
NC1(CNc2ccccc2O)CCC1,0.138078,NC1(C(=O)Nc2ccccc2O)CCC1,0.002334
NCCN(C[C@H](N)Cc1c[nH]c2ccccc12)c1ccc(Br)cc1,0.411047,NCC(=O)N(C[C@H](N)Cc1c[nH]c2ccccc12)c1ccc(Br)cc1,0.187648
CN(CCBr)CCN(c1cc(F)ccc1O)C1CCN(C(CCl)c2ccc(Cl)c(Cl)c2)C1,0.956483,CN(CCN(c1cc(F)ccc1O)C1CCN(C(CCl)c2ccc(Cl)c(Cl)c2)C1)C(=O)CBr,0.860634
NCCCN(CCBr)CCc1c[nH]c2ccccc12,0.581638,NCCCN(CCc1c[nH]c2ccccc12)C(=O)CBr,0.061179
C=CCN(c1cccc2cc[nH]c12)C1CCCN(C[C@H](N)CCNc2cc(F)ccc2O)C1,0.990253,C=CC(=O)N(CC[C@@H](N)CN1CCCC(Nc2cccc3cc[nH]c23)C1)c1cc(F)ccc1O,0.936871
N#Cc1cc(Br)cc(N(CCN)C[C@@H](CCCNC2CC2)NCc2ccnc(Br)c2)c1,0.756521,N#Cc1cc(Br)cc(N(C[C@@H](CCCNC2CC2)NCc2ccnc(Br)c2)C(=O)CN)c1,0.362263
Nc1ccc(Br)cc1N(CC=O)C1CN(C2CCCN(Cc3c[nH]c4cc(Br)ccc34)C2)C1,0.990027,Nc1ccc(Br)cc1N(C(=O)C=O)C1CN(C2CCCN(Cc3c[nH]c4cc(Br)ccc34)C2)C1,0.957143
O=C(O)CN(C[C@@H]1CCCN1)C(CCl)c1ccc(F)cc1F,0.027985,O=C(O)CN(C(=O)[C@@H]1CCCN1)C(CCl)c1ccc(F)cc1F,0.005842
NCCCCN(Cc1ccc(N)c(Br)c1)C[C@@H](Cc1c[nH]c2ccccc12)N(CCBr)CCC=O,0.990521,NCCCCN(Cc1ccc(N)c(Br)c1)C[C@@H](Cc1c[nH]c2ccccc12)N(CCC=O)C(=O)CBr,0.799294
COc1ccc(O)c(NC[C@@H](N)CCN2CC(=O)C2)c1,0.118481,COc1ccc(O)c(NC(=O)[C@@H](N)CCN2CC(=O)C2)c1,0.006865
C[C@@H](N)CN1CCC[C@@H]1CN(C[C@H]1CCCN1Cc1c[nH]c2cc(Br)ccc12)c1cc(F)ccc1O,0.968649,C[C@@H](N)C(=O)N1CCC[C@@H]1CN(C[C@H]1CCCN1Cc1c[nH]c2cc(Br)ccc12)c1cc(F)ccc1O,0.897797
NC1(CNc2ccc(C(=O)O)cc2Br)CCC1,0.006473,NC1(C(=O)Nc2ccc(C(=O)O)cc2Br)CCC1,0.000252
NCCN1CC(=O)C1,0.008688,NCC(=O)N1CC(=O)C1,0.002585
N[C@H](CS)CNc1cc(F)c(F)cc1O,0.031204,N[C@H](CS)C(=O)Nc1cc(F)c(F)cc1O,0.002733
C[C@H](CN1CCC(=O)C1)NCC=O,0.016161,C[C@H](CN1CCC(=O)C1)NC(=O)C=O,0.00449
NCCCN(C[C@@H](CO)N(Cc1c[nH]c2ccc(Br)cc12)C1CNC1)c1cc(F)ccc1O,0.968896,NCCC(=O)N(C[C@@H](CO)N(Cc1c[nH]c2ccc(Br)cc12)C1CNC1)c1cc(F)ccc1O,0.94759
N[C@@H](CCCNc1cc(F)c(F)cc1O)CN1CCC[C@H]1CNc1cccc2cc[nH]c12,0.870304,N[C@@H](CCC(=O)Nc1cc(F)c(F)cc1O)CN1CCC[C@H]1CNc1cccc2cc[nH]c12,0.715052
C[C@H](N)CN(CCCN(CC=O)Cc1c[nH]c2cc(Br)ccc12)CCc1ccccc1Br,0.993661,C[C@H](N)CN(CCCN(Cc1c[nH]c2cc(Br)ccc12)C(=O)C=O)CCc1ccccc1Br,0.9688
CC(C)(N)CNCCc1ccccc1,0.288181,CC(C)(N)C(=O)NCCc1ccccc1,0.001759
C[C@@H](N)CN(CCc1ccncc1)C[C@H]1CCCN1,0.663796,C[C@@H](N)CN(CCc1ccncc1)C(=O)[C@H]1CCCN1,0.061786
CCCN1CCC[C@@H]1CN(CC1CCN1)c1cc(F)ccc1O,0.964853,CCCN1CCC[C@@H]1CN(C(=O)C1CCN1)c1cc(F)ccc1O,0.991189
CC(C)(CN1CCC(=O)C1)NCc1ccc(NCCCN)c(Br)c1,0.479825,CC(C)(CN1CCC(=O)C1)NCc1ccc(NC(=O)CCN)c(Br)c1,0.135175
N[C@H](Cc1c[nH]c2ccccc12)CN1CC(CNc2cc(F)ccc2O)C1,0.901891,N[C@H](Cc1c[nH]c2ccccc12)CN1CC(C(=O)Nc2cc(F)ccc2O)C1,0.288078
OC[C@H]1CCCN1C[C@@H](Cc1c[nH]c2ccccc12)NCc1ccc(F)cc1,0.995339,O=C(N[C@H](Cc1c[nH]c2ccccc12)CN1CCC[C@@H]1CO)c1ccc(F)cc1,0.954043
Nc1ccc(Br)cc1N(C[C@@H]1CCCN1)C[C@@H]1CCCN1,0.11358,Nc1ccc(Br)cc1N(C[C@@H]1CCCN1)C(=O)[C@@H]1CCCN1,0.186495
CC(C)C[C@H](CNc1ccc(C(=O)O)cc1Br)N(C[C@H]1CCCN1)C(CCl)c1ccc(Br)cc1,0.646423,CC(C)C[C@H](C(=O)Nc1ccc(C(=O)O)cc1Br)N(C[C@H]1CCCN1)C(CCl)c1ccc(Br)cc1,0.317461
Nc1ccc(CN2CC(N[C@@H](CNC3CC3)Cc3c[nH]c4ccccc34)C2)cc1Br,0.980084,Nc1ccc(C(=O)N(C2CNC2)[C@@H](CNC2CC2)Cc2c[nH]c3ccccc23)cc1Br,0.612778
NCCC[C@H](N)CN1CCC(CNc2ccc(Br)cc2)CC1,0.490598,NCCC[C@H](N)CN1CCC(C(=O)Nc2ccc(Br)cc2)CC1,0.100358
NCCN1CCC1CN(C[C@H]1CCCN1)c1cccc2cc[nH]c12,0.893047,NCC(=O)N1CCC1CN(C[C@H]1CCCN1)c1cccc2cc[nH]c12,0.155502
Nc1cc(Br)ccc1N(CC1CCN1)C[C@H]1CCCN1,0.114121,Nc1cc(Br)ccc1N(CC1CCN1)C(=O)[C@H]1CCCN1,0.258868
N[C@H](Cc1c[nH]c2ccccc12)CN(c1cc(Br)ccc1O)C1CCNC1,0.960762,N[C@H](Cc1c[nH]c2ccccc12)C(=O)N(c1cc(Br)ccc1O)C1CCNC1,0.848637
O=C(Oc1ccccc1NCc1ccc(F)cc1)C1CCN1C1CCCNC1,0.908454,O=C(Nc1ccccc1OC(=O)C1CCN1C1CCCNC1)c1ccc(F)cc1,0.534836
N#Cc1ccc(O)c(NCCCN)c1,0.20421,N#Cc1ccc(O)c(NC(=O)CCN)c1,0.00816
NCCC[C@H](N)CNCCc1c[nH]c2ccccc12,0.921348,NCCC[C@H](N)C(=O)NCCc1c[nH]c2ccccc12,0.156106
Oc1ccc(F)cc1N(C[C@@H]1CCCN1)C[C@@H]1CCCN1,0.205148,O=C([C@@H]1CCCN1)N(C[C@@H]1CCCN1)c1cc(F)ccc1O,0.283507
CC[C@H](N)CNc1ccccc1O,0.102856,CC[C@H](N)C(=O)Nc1ccccc1O,0.002397
C[C@@H](N)CN1CCCCC1,0.023555,C[C@@H](N)C(=O)N1CCCCC1,0.001792
Oc1ccc(F)cc1NC1CN(C2CN(CCBr)C2)C1,0.109387,O=C(CBr)N(c1cc(F)ccc1O)C1CN(C2CNC2)C1,0.16819
C[C@H](N)CN1CCCC(N(C)CCN(Cc2c[nH]c3ccc(Br)cc23)c2ccccc2S)C1,0.999997,C[C@H](N)C(=O)N1CCCC(N(C)CCN(Cc2c[nH]c3ccc(Br)cc23)c2ccccc2S)C1,0.955599
O=CCN1CCC(N(CC2CN(Cc3ccc(F)cc3)C2)c2cccc(Br)c2O)C1,0.972877,O=CC(=O)N1CCC(N(CC2CN(Cc3ccc(F)cc3)C2)c2cccc(Br)c2O)C1,0.52223
C[C@@H](N)CN(CC1(N)CCC1)C1CC1,0.02959,C[C@@H](N)C(=O)N(CC1(N)CCC1)C1CC1,0.004415
C[C@H](CN(CC=O)CCc1ccc(O)cc1)NC(CCl)c1ccc(F)cc1,0.893117,C[C@H](CN(CCc1ccc(O)cc1)C(=O)C=O)NC(CCl)c1ccc(F)cc1,0.065984
Oc1ccc(F)cc1N(CCCNCCc1ccccc1Br)C1CCNC1,0.977408,O=C(CCN(c1cc(F)ccc1O)C1CCNC1)NCCc1ccccc1Br,0.741655
CN(CCNc1c(Br)cccc1NCc1c[nH]c2ccc(Br)cc12)CC1CCN(CCBr)CC1,0.917099,CN(CCN(C(=O)CBr)c1c(Br)cccc1NCc1c[nH]c2ccc(Br)cc12)CC1CCNCC1,0.949961
Cc1cc(Br)cnc1NC1CCCN(CCCN)C1,0.647929,Cc1cc(Br)cnc1N(C(=O)CCN)C1CCCNC1,0.059927
C[C@H](N)CNCCN1CCC1C(=O)O,0.011999,C[C@H](N)CN(CC(=O)O)C(=O)C1CCN1,0.003152
C[C@H](N)CN(C)CCNc1c(Br)cccc1N(Cc1cccc(Br)c1)CC1CCN1,0.835872,C[C@H](N)CN(C)CCN(C(=O)C1CCN1)c1c(Br)cccc1NCc1cccc(Br)c1,0.815724
OCCN(C[C@@H](CS)N(Cc1c[nH]c2ccccc12)CC1CCN1)c1cc(Br)ccc1O,0.912995,O=C(CO)N(C[C@@H](CS)N(Cc1c[nH]c2ccccc12)CC1CCN1)c1cc(Br)ccc1O,0.774281
O=C(CCl)c1ccc(F)cc1N1CCC1CNCCc1c[nH]c2ccccc12,0.929769,O=C(CCl)c1ccc(F)cc1N1CCC1C(=O)NCCc1c[nH]c2ccccc12,0.061355
N#Cc1ccc(N)c(N(Cc2c[nH]c3cc(Br)ccc23)C2CCCN(CC3CNC3)C2)c1,0.999985,N#Cc1ccc(N)c(N(Cc2c[nH]c3cc(Br)ccc23)C2CCCN(C(=O)C3CNC3)C2)c1,0.490528
CNCCN(C[C@@H]1CCCN1Cc1ccc(N)c(Br)c1)c1ccc(Br)cc1,0.99095,CN(CCN(C[C@@H]1CCCN1)c1ccc(Br)cc1)C(=O)c1ccc(N)c(Br)c1,0.368508
Oc1ccccc1CN(CCCNCc1c[nH]c2cc(Br)ccc12)CC1CCN1,0.996828,O=C(C1CCN1)N(CCCNCc1c[nH]c2cc(Br)ccc12)Cc1ccccc1O,0.826381
Nc1cc(CN2CCCC(N(CCc3c[nH]c4ccccc34)C[C@@H]3CCCN3)C2)ccc1O,0.983821,Nc1cc(CN2CCCC(N(CCc3c[nH]c4ccccc34)C(=O)[C@@H]3CCCN3)C2)ccc1O,0.857558
O=C(O)[C@H](CCN1CCCCC1)NC(CCl)c1ccc(F)cc1,0.509923,O=C(O)C[C@H](NC(CCl)c1ccc(F)cc1)C(=O)N1CCCCC1,0.002865
CC(C)[C@@H](N)CN(C[C@H]1CCCN1CCN)c1cc(Br)ccc1O,0.671785,CC(C)[C@@H](N)CN(C[C@H]1CCCN1C(=O)CN)c1cc(Br)ccc1O,0.030793
NCCCN1CCc2c(Br)cccc2C1CN(c1ccc(N)cc1)C1CC1,0.992646,NCCC(=O)N1CCc2c(Br)cccc2C1CN(c1ccc(N)cc1)C1CC1,0.254965
CC[C@H](N)CN1CCC1CNc1cccc(Br)c1O,0.435735,CC[C@H](N)C(=O)N(CC1CCN1)c1cccc(Br)c1O,0.135761
Brc1cccc(CN2CCC[C@@H](CNCCc3ccccc3Br)C2)c1,0.977099,O=C(NCCc1ccccc1Br)[C@@H]1CCCN(Cc2cccc(Br)c2)C1,0.060155
OCC1CCCN(CCCNCCc2ccc(O)cc2)C1,0.873783,O=C(CCN1CCCC(CO)C1)NCCc1ccc(O)cc1,0.243847
NCCC[C@H](N)CN1CC(C(=O)O)C1,0.02897,NCCC[C@H](N)C(=O)N1CC(C(=O)O)C1,0.005368
Nc1ccc(N2CCC[C@H]2CN2CCC[C@@H]2CNCCc2c[nH]c3ccccc23)cc1O,0.994491,Nc1ccc(N2CCC[C@H]2CN2CCC[C@@H]2C(=O)NCCc2c[nH]c3ccccc23)cc1O,0.946524
C[C@H](CN1CCC(=O)C1)NCCCN,0.045409,C[C@H](CN1CCC(=O)C1)NC(=O)CCN,0.008652
Fc1cc(N(C2CCCCC2)C2CCN(C[C@H]3CCCN3)CC2)ccn1,0.574363,O=C([C@H]1CCCN1)N1CCC(N(c2ccnc(F)c2)C2CCCCC2)CC1,0.034561
O=C1CCN(CCCN(Cc2ccc(NCc3ccc(F)c(F)c3F)c(Br)c2)Cc2c[nH]c3ccc(Br)cc23)CC1,0.476283,O=C1CCN(CCCN(Cc2ccc(NC(=O)c3ccc(F)c(F)c3F)c(Br)c2)Cc2c[nH]c3ccc(Br)cc23)CC1,0.358243
Oc1ccccc1N(Cc1c[nH]c2cc(Br)ccc12)C[C@@H]1CCCN1C1CCCN(CCBr)C1,0.99633,O=C(CBr)N1CCCC(N2CCC[C@H]2CN(Cc2c[nH]c3cc(Br)ccc23)c2ccccc2O)C1,0.932782
Cc1cc(F)ccc1-c1ccccc1CCN(C[C@@H](N)CO)C[C@@H]1CCCN1,0.953904,Cc1cc(F)ccc1-c1ccccc1CCN(C[C@@H]1CCCN1)C(=O)[C@@H](N)CO,0.210577
CC[C@H](N)CN(c1cccc2cc[nH]c12)C1CCCN(Cc2cccc(O)c2N)C1,0.969057,CC[C@H](N)C(=O)N(c1cccc2cc[nH]c12)C1CCCN(Cc2cccc(O)c2N)C1,0.679313
Oc1c(Br)cccc1N(CC1CNC1)C(CCl)c1ccc(Cl)c(Cl)c1,0.745058,O=C(C1CNC1)N(c1cccc(Br)c1O)C(CCl)c1ccc(Cl)c(Cl)c1,0.306119
OC[C@@H]1CCCN1CCC1c2ccccc2CCN1CC1CCN1,0.891738,O=C(C1CCN1)N1CCc2ccccc2C1CCN1CCC[C@H]1CO,0.771131
C[C@@H](N)CN1CC(N(CCCNCc2ccc(F)cc2)c2ccccc2O)C1,0.99323,C[C@@H](N)CN1CC(N(CCCNC(=O)c2ccc(F)cc2)c2ccccc2O)C1,0.936546
NCCN(C[C@H]1CCCN1Cc1c[nH]c2ccc(Br)cc12)c1cccc(Br)c1O,0.99492,NCC(=O)N(C[C@H]1CCCN1Cc1c[nH]c2ccc(Br)cc12)c1cccc(Br)c1O,0.991686
OCCCN(Cc1ccc(NC2CNC2)c(Br)c1)CC1CCN1,0.289694,O=C(C1CCN1)N(CCCO)Cc1ccc(NC2CNC2)c(Br)c1,0.108449
CC[C@H](N)CN(CCCCN)C[C@H](N)CO,0.057345,CC[C@H](N)CN(CCCCN)C(=O)[C@H](N)CO,0.004836
CCCN(CCN)C(C)(C)CN(Cc1c[nH]c2ccc(F)cc12)c1ccc(Br)cc1O,0.990074,CCCN(C(=O)CN)C(C)(C)CN(Cc1c[nH]c2ccc(F)cc12)c1ccc(Br)cc1O,0.61306
Nc1c(O)cccc1CNc1cc(F)ccc1O,0.03338,Nc1c(O)cccc1C(=O)Nc1cc(F)ccc1O,0.011039
CC[C@@H](CNc1cc(C#N)ccc1O)N(CCCN)CCNC,0.528303,CC[C@@H](CN(C(=O)CCN)c1cc(C#N)ccc1O)NCCNC,0.100053
NCCCN1C(c2c[nH]c3cc(Br)ccc23)c2cc(O)ccc2C[C@H]1C(=O)O,0.929285,NCCC(=O)N1C(c2c[nH]c3cc(Br)ccc23)c2cc(O)ccc2C[C@H]1C(=O)O,0.523106
CC[C@@H](CN1CCC1CN(CCBr)c1cc(F)ccc1O)NCc1c[nH]c2cc(Br)ccc12,0.996809,CC[C@@H](CN1CCC1CN(C(=O)CBr)c1cc(F)ccc1O)NCc1c[nH]c2cc(Br)ccc12,0.992674
NCCN(c1cccnc1Br)C1CN(CC[C@H](N)CNCCc2ccccc2)C1,0.958053,NCC(=O)N(CCc1ccccc1)C[C@@H](N)CCN1CC(Nc2cccnc2Br)C1,0.47256
NCCN(CCc1c[nH]c2ccccc12)CCC1c2cccc(Br)c2CCN1CC1CCN1,0.993269,NCCN(CCc1c[nH]c2ccccc12)CCC1c2cccc(Br)c2CCN1C(=O)C1CCN1,0.991003
NCCN(CCC1=NCCc2ccc(O)cc21)CC1CCN1Cc1c[nH]c2cc(Br)ccc12,0.999984,NCC(=O)N(CCC1=NCCc2ccc(O)cc21)CC1CCN1Cc1c[nH]c2cc(Br)ccc12,0.947954
CN(CCN(CCCN)c1cccnc1Br)C[C@@H](N)Cc1c[nH]c2ccccc12,0.977296,CN(CCN(C(=O)CCN)c1cccnc1Br)C[C@@H](N)Cc1c[nH]c2ccccc12,0.922572
O=C1CCN(CCO)C1,0.007169,O=C1CCN(C(=O)CO)C1,0.002171
COc1cccc2c1CCNC2CCN1CCC(NCCCNc2cccc3cc[nH]c23)CC1,0.928732,COc1cccc2c1CCNC2CCN1CCC(NCCC(=O)Nc2cccc3cc[nH]c23)CC1,0.868111
Nc1cccc(Br)c1N(C1CCCNC1)C1CCN(Cc2ccc(F)cc2)C1,0.994375,Nc1cccc(Br)c1N(C1CCCNC1)C1CCN(C(=O)c2ccc(F)cc2)C1,0.554331
C[C@@H](CN1CC(=O)C1)NCCCNc1cccc2cc[nH]c12,0.270552,C[C@@H](CN1CC(=O)C1)NCCC(=O)Nc1cccc2cc[nH]c12,0.026912
C[C@H](N)CNC1(CNCCc2ccccc2Br)CCC1,0.316945,C[C@H](N)CNC1(C(=O)NCCc2ccccc2Br)CCC1,0.011807
CC(C)(CN1CCCCC1)NC[C@H](N)Cc1c[nH]c2ccccc12,0.871614,CC(C)(NC[C@H](N)Cc1c[nH]c2ccccc12)C(=O)N1CCCCC1,0.035659
COc1ccc(N(CCBr)C[C@H]2CCCN2CCCN)c(N)c1,0.603526,COc1ccc(N(C[C@H]2CCCN2CCCN)C(=O)CBr)c(N)c1,0.717325
N[C@@H](Cc1ccccc1)CN1CCC[C@@H]1C(=O)O,0.055632,N[C@@H](Cc1ccccc1)C(=O)N1CCC[C@@H]1C(=O)O,0.005557
N[C@H](CCC(=O)O)CN1CCC(=O)CC1,0.021108,N[C@H](CCC(=O)N1CCC(=O)CC1)C(=O)O,0.002975
N#Cc1cc(Br)cc(NC[C@@H](N)CCN2CC(N3CCc4c(Br)cccc4C3c3c[nH]c4ccc(Br)cc34)C2)c1,0.850574,N#Cc1cc(Br)cc(NC(=O)[C@@H](N)CCN2CC(N3CCc4c(Br)cccc4C3c3c[nH]c4ccc(Br)cc34)C2)c1,0.782069
CC[C@@H](CN1CCC[C@H](O)C1)N(Cc1ccc(NCc2ccc(F)cc2)c(Br)c1)Cc1c[nH]c2cc(Br)ccc12,0.857301,CC[C@@H](CN1CCC[C@H](O)C1)N(Cc1ccc(NC(=O)c2ccc(F)cc2)c(Br)c1)Cc1c[nH]c2cc(Br)ccc12,0.793855
N#Cc1ccc(N(CCN)CC2CCN2)c(N)c1,0.079529,N#Cc1ccc(N(CCN)C(=O)C2CCN2)c(N)c1,0.127457
CNCCN1CC(Nc2ccc(Br)cc2)C1,0.030475,CNCC(=O)N(c1ccc(Br)cc1)C1CNC1,0.054343
C[C@H](N)CN(CCCN)c1cccc2cc[nH]c12,0.11319,C[C@H](N)CN(C(=O)CCN)c1cccc2cc[nH]c12,0.139936
c1ccc2c(CCNCCCNCc3ncc[nH]3)c[nH]c2c1,0.828494,O=C(CCNCc1ncc[nH]1)NCCc1c[nH]c2ccccc12,0.134867
COc1ccccc1CNC[C@H](N)CCCN1CCC1CNCCc1c[nH]c2ccccc12,0.978175,COc1ccccc1CNC[C@H](N)CCCN1CCC1C(=O)NCCc1c[nH]c2ccccc12,0.909058
O=C1CN(C[C@@H](CCCNc2cccc3cc[nH]c23)NCc2ccc(F)cc2)C1,0.963438,O=C1CN(C[C@@H](CCCNc2cccc3cc[nH]c23)NC(=O)c2ccc(F)cc2)C1,0.732179
Nc1ccc(CN(CCC[C@H](N)CN2CCCC(CO)C2)c2cc(Br)ccc2O)cc1Br,0.973776,Nc1ccc(C(=O)N(CCC[C@H](N)CN2CCCC(CO)C2)c2cc(Br)ccc2O)cc1Br,0.964204
CNCCN(CCCNCCc1c[nH]c2ccccc12)Cc1ccc(F)cc1,0.999993,CN(CCNCCCNCCc1c[nH]c2ccccc12)C(=O)c1ccc(F)cc1,0.819258
CNCCN(CC(CBr)N(CCN)CCc1ccccc1Br)c1cc(F)ccc1O,0.98118,CN(CCN(CC(CBr)NCCc1ccccc1Br)c1cc(F)ccc1O)C(=O)CN,0.277063
CN(CCN(C[C@@H]1CCCN1)c1cccc2cc[nH]c12)C1CCCNC1,0.741281,CN(CCN(C(=O)[C@@H]1CCCN1)c1cccc2cc[nH]c12)C1CCCNC1,0.744485
N[C@H](Cc1c[nH]c2ccccc12)CN(CCN1CCC(=O)C1)c1ccc(F)nc1Br,0.963203,N[C@H](Cc1c[nH]c2ccccc12)C(=O)N(CCN1CCC(=O)C1)c1ccc(F)nc1Br,0.926667
COc1ccccc1CCNCCCNC1CCNC1,0.402058,COc1ccccc1CCNC(=O)CCNC1CCNC1,0.068755
CC(C)(N)CN1CCC1CNc1ccccn1,0.210836,CC(C)(N)CN1CCC1C(=O)Nc1ccccn1,0.011268
OCCCNC1CCCN(CC2CCN2)C1,0.059145,O=C(C1CCN1)N(CCCO)C1CCCNC1,0.006747
CCCNCCCNc1ccccc1O,0.422723,CCCNCCC(=O)Nc1ccccc1O,0.022247
CNCCN(Cc1ccccc1O)CC1(N)CCC1,0.151582,CN(CCNCc1ccccc1O)C(=O)C1(N)CCC1,0.032855
C[C@@H](CN1CCCCC1)NCc1ccnc(F)c1,0.647374,C[C@H](NCc1ccnc(F)c1)C(=O)N1CCCCC1,0.003729
C=CCN(CCCNCCCCNC(CBr)c1cccs1)CCc1ccc(O)cc1,0.855337,C=CC(=O)N(CCCCNC(CBr)c1cccs1)CCCNCCc1ccc(O)cc1,0.183537
C[C@@H](O)[C@H](N)CNCCc1ccccc1Br,0.134206,C[C@@H](O)[C@H](N)C(=O)NCCc1ccccc1Br,0.000501
C[C@@H](NCCCN1CCCCC1)C(=O)O,0.018226,C[C@@H](NCCC(=O)N1CCCCC1)C(=O)O,0.001078
O=CCCN(CCCNCCCNc1cccc2cc[nH]c12)C1CC1,0.691433,O=CCCN(CCCNCCC(=O)Nc1cccc2cc[nH]c12)C1CC1,0.297694
NCCCNCCCCNCc1ccc(N)c(Br)c1,0.411984,NCCC(=O)NCCCCNCc1ccc(N)c(Br)c1,0.100154
N[C@@H](Cc1cccs1)CN1CCC[C@H]1C(=O)O,0.033179,N[C@@H](Cc1cccs1)C(=O)N1CCC[C@H]1C(=O)O,0.006625
C[C@@H](N)CN(C[C@H]1CCCN1CC1CCN1)c1ccc(Br)cc1,0.611772,C[C@@H](N)CN(C[C@H]1CCCN1C(=O)C1CCN1)c1ccc(Br)cc1,0.007997
C[C@H](N)CN1CCC[C@H]1CO,0.053591,C[C@H](N)C(=O)N1CCC[C@H]1CO,0.003333
CN(CCNc1cccc(Br)c1O)CC1CCN1,0.232186,CN(CC(=O)Nc1cccc(Br)c1O)CC1CCN1,0.014941
Oc1c(Br)cccc1NCCCN1CCC(CN(CCc2ccncc2)CC2CCN2)CC1,0.887272,O=C(C1CCN1)N(CCCN1CCC(CNCCc2ccncc2)CC1)c1cccc(Br)c1O,0.938996
COc1ccccc1CN(CC=O)CCNCc1cccc(Br)c1,0.228621,COc1ccccc1CN(CCNCc1cccc(Br)c1)C(=O)C=O,0.030747
NCCN(CCc1c[nH]c2ccccc12)C[C@@H]1CCCN1Cc1cccc(F)c1F,0.997249,NCC(=O)N(CCc1c[nH]c2ccccc12)C[C@@H]1CCCN1Cc1cccc(F)c1F,0.971494
Nc1ccc(Br)cc1OC(=O)C[C@@H](N)CNCCN1CC(CO)C1,0.073774,Nc1ccc(Br)cc1OC(=O)C[C@@H](N)CNCC(=O)N1CC(CO)C1,0.012712
CC(C)(NC[C@H]1CCCN1)C(=O)O,0.008072,CC(C)(NC(=O)[C@H]1CCCN1)C(=O)O,0.001929
CC[C@H](N)CN1CCC[C@H]1CNc1cccc2cc[nH]c12,0.802914,CC[C@H](N)CN1CCC[C@H]1C(=O)Nc1cccc2cc[nH]c12,0.24942
C[C@H](N)CN(c1ccccc1C=O)[C@@H](C)CN1CCC(NCCc2c[nH]c3ccccc23)C1,0.905829,C[C@H](N)C(=O)N(CCc1c[nH]c2ccccc12)C1CCN(C[C@H](C)Nc2ccccc2C=O)C1,0.446329
O=CCNCCCN(c1ccccc1O)C1CCN(Cc2c[nH]c3ccc(F)cc23)C1,0.999996,O=CC(=O)NCCCN(c1ccccc1O)C1CCN(Cc2c[nH]c3ccc(F)cc23)C1,0.927692
OCCN1CC(N2CC(CN(c3cccc(Br)c3O)C(CCl)c3ccc(Cl)c(Cl)c3)C2)C1,0.865247,O=C(CO)N1CC(N2CC(CN(c3cccc(Br)c3O)C(CCl)c3ccc(Cl)c(Cl)c3)C2)C1,0.709287
C[C@H](CN1CCCC(=O)C1)NCc1c[nH]c2ccccc12,0.356349,C[C@@H](NCc1c[nH]c2ccccc12)C(=O)N1CCCC(=O)C1,0.004462
N[C@H](CCNC1CC1)CN1CCc2ccc(O)cc2C1c1c[nH]c2cc(Br)ccc12,0.999995,N[C@H](CC(=O)NC1CC1)CN1CCc2ccc(O)cc2C1c1c[nH]c2cc(Br)ccc12,0.992085
Oc1ccc(Br)cc1N(Cc1c[nH]c2ccc(Br)cc12)CC1CCNCC1,0.946472,O=C(C1CCNCC1)N(Cc1c[nH]c2ccc(Br)cc12)c1cc(Br)ccc1O,0.916089
NCCN(CCc1ccncc1)Cc1ccc(F)cc1,0.728612,NCCN(CCc1ccncc1)C(=O)c1ccc(F)cc1,0.009817
O=C(CBr)CN(CCCN1CC[C@@H](O)C1)CCc1c[nH]c2ccccc12,0.128966,O=C(CBr)CN(CCC(=O)N1CC[C@@H](O)C1)CCc1c[nH]c2ccccc12,0.17027
CNCCN(c1cccc(Br)c1N)C1CCN(Cc2c[nH]c3ccc(Br)cc23)CC1,0.993824,CNCC(=O)N(c1cccc(Br)c1N)C1CCN(Cc2c[nH]c3ccc(Br)cc23)CC1,0.971436
O=C1CN(C[C@@H](CCN2CCCC(Nc3cc(Br)ccc3O)C2)NCc2cccc(F)c2F)C1,0.878462,O=C1CN(C(=O)[C@@H](CCN2CCCC(Nc3cc(Br)ccc3O)C2)NCc2cccc(F)c2F)C1,0.833798
COc1cccc2c1CCN(C1CCN(CCBr)CC1)C2c1c[nH]c2cc(Br)ccc12,0.999999,COc1cccc2c1CCN(C1CCN(C(=O)CBr)CC1)C2c1c[nH]c2cc(Br)ccc12,0.977283
COc1ccccc1CCN(Cc1ccc(N)c(Br)c1)C[C@@H]1CCCN1C[C@@H](N)CO,0.967983,COc1ccccc1CCN(C[C@@H]1CCCN1C[C@@H](N)CO)C(=O)c1ccc(N)c(Br)c1,0.952837
CCCN(CCCN)c1ccc(CN2CCC[C@H](O)C2)cc1Br,0.076101,CCCN(CCCN)c1ccc(C(=O)N2CCC[C@H](O)C2)cc1Br,0.005637
O=C(O)C1CCN1CCCNCc1ccc(F)cc1,0.090256,O=C(NCCCN1CCC1C(=O)O)c1ccc(F)cc1,0.00801
CC[C@H](N)CNc1cccc(Br)c1C(=O)O,0.002736,CC[C@H](N)C(=O)Nc1cccc(Br)c1C(=O)O,0.000189
N#Cc1cc(Br)cc(NCCC[C@@H](N)CNCc2ccccc2)c1,0.416992,N#Cc1cc(Br)cc(NC(=O)CC[C@@H](N)CNCc2ccccc2)c1,0.016919
C[C@@H](CN1CCC1CN(Cc1cccc(F)c1N)c1cc(Br)ccc1O)NC1CNC1,0.985088,C[C@@H](CN1CCC1CN(C(=O)c1cccc(F)c1N)c1cc(Br)ccc1O)NC1CNC1,0.989335
CN(CCN(CCNC[C@@H]1CCCN1)c1cccc(Br)c1O)c1ncccc1N,0.74087,CN(CCN(CCN)c1cccc(Br)c1O)c1ncccc1NC(=O)[C@@H]1CCCN1,0.168116
Nc1ccc(Br)cc1NCC[C@@H](N)CN1CCC1CNCCc1c[nH]c2ccccc12,0.968991,Nc1ccc(Br)cc1NCC[C@@H](N)CN1CCC1C(=O)NCCc1c[nH]c2ccccc12,0.871531
CNCCN(c1ccc(Br)cc1)C1CCCN(CCN)C1,0.412566,CN(CCN(c1ccc(Br)cc1)C1CCCNC1)C(=O)CN,0.02215
NCCCN(c1cccnc1Br)C(CBr)CN1CCC(CNc2cccc3cc[nH]c23)CC1,0.961802,NCCC(=O)N(CC1CCN(CC(CBr)Nc2cccnc2Br)CC1)c1cccc2cc[nH]c12,0.901121
NCCCN(Cc1ccc(F)cc1)c1ccc(Br)cc1O,0.229723,NCCC(=O)N(Cc1ccc(F)cc1)c1ccc(Br)cc1O,0.051689
O=C1CCN(CC2CN(Cc3c[nH]c4cc(Br)ccc34)C2)CC1,0.572426,O=C1CCN(C(=O)C2CN(Cc3c[nH]c4cc(Br)ccc34)C2)CC1,0.170287
O=C(O)C[C@@H](NCC1CCN1)C(=O)O,0.007786,O=C(O)C[C@@H](NC(=O)C1CCN1)C(=O)O,0.00261
COc1cccc(CN(CCS(N)(=O)=O)C[C@@H]2CCCN2)c1,0.042757,COc1cccc(CN(CCS(N)(=O)=O)C(=O)[C@@H]2CCCN2)c1,0.000897
COc1ccc(O)c(NC[C@@H]2CCCN2C[C@@H](C)N)c1,0.734592,COc1ccc(O)c(NC(=O)[C@@H]2CCCN2C[C@@H](C)N)c1,0.106207
Oc1ccc(F)cc1NCCCNCCc1ccccc1Br,0.846496,O=C(CCNCCc1ccccc1Br)Nc1cc(F)ccc1O,0.15435
N[C@H](CC(=O)O)CN(CCc1ccccc1Br)C(CBr)C(=O)O,0.005174,N[C@H](CC(=O)N(CCc1ccccc1Br)C(CBr)C(=O)O)C(=O)O,0.000677
COCCN(CCN)C[C@H]1CCCN1Cc1cccc(F)c1N,0.314417,COCCN(C[C@H]1CCCN1Cc1cccc(F)c1N)C(=O)CN,0.198915
Brc1ccc(NCC2CCN2C[C@@H]2CCCN2)cc1,0.528218,O=C(Nc1ccc(Br)cc1)C1CCN1C[C@@H]1CCCN1,0.036819
C=CCN(CC1CN(CC2CCN2)C1)c1cc(F)ccc1O,0.357071,C=CCN(CC1CN(C(=O)C2CCN2)C1)c1cc(F)ccc1O,0.035161
O[C@H]1CCCN(Cc2ccc(NC3CCNCC3)c(Br)c2)C1,0.215522,O=C(c1ccc(NC2CCNCC2)c(Br)c1)N1CCC[C@H](O)C1,0.027092
c1ccc(CCNC[C@@H]2CCCN2C2CNC2)cc1,0.783709,O=C(NCCc1ccccc1)[C@@H]1CCCN1C1CNC1,0.331478
C[C@H](CNCCc1c[nH]c2ccccc12)N(C[C@H]1CCCN1)C(CCl)c1ccc(F)cc1,0.986263,C[C@H](C(=O)NCCc1c[nH]c2ccccc12)N(C[C@H]1CCCN1)C(CCl)c1ccc(F)cc1,0.921434
CN(CCNCCc1c[nH]c2ccccc12)C[C@@H]1CCCN1,0.903089,CN(CCNCCc1c[nH]c2ccccc12)C(=O)[C@@H]1CCCN1,0.359399
C[C@H](N)CN(c1ccc(Br)cc1O)C1CCNC1,0.192599,C[C@H](N)C(=O)N(c1ccc(Br)cc1O)C1CCNC1,0.066431
NCCN1CCC(CNc2ccc(Br)cc2N)CC1,0.233798,NCC(=O)N(CC1CCNCC1)c1ccc(Br)cc1N,0.108502
Oc1cc(Br)ccc1N(Cc1c[nH]c2ccccc12)C[C@@H]1CCCN1C[C@H]1CCCN1,0.999982,O=C([C@H]1CCCN1)N1CCC[C@H]1CN(Cc1c[nH]c2ccccc12)c1ccc(Br)cc1O,0.488029
C[C@H](N)CN1CCC1CN(CCN)c1cccc(Br)c1O,0.229202,C[C@H](N)C(=O)N1CCC1CN(CCN)c1cccc(Br)c1O,0.013621
Oc1c(Br)cccc1NCC1CCN(C[C@H]2CCCN2)CC1,0.623047,O=C([C@H]1CCCN1)N(CC1CCNCC1)c1cccc(Br)c1O,0.201393
CC(C)C[C@H](C(=O)Oc1cc(Br)ccc1N)N(Cc1c[nH]c2ccc(Br)cc12)C1CN(CCCN)C1,0.97841,CC(C)C[C@H](C(=O)Oc1cc(Br)ccc1N)N(Cc1c[nH]c2ccc(Br)cc12)C1CN(C(=O)CCN)C1,0.488038
CNCCN(CCc1ccncc1)C[C@@H](Cc1ccc(O)cc1)N(CCN)Cc1ccnc(F)c1,0.61705,CN(CCN(CCc1ccncc1)C[C@@H](Cc1ccc(O)cc1)NCc1ccnc(F)c1)C(=O)CN,0.424711
N#Cc1ccc(O)c(NCC2CCN2)c1,0.18175,N#Cc1ccc(O)c(NC(=O)C2CCN2)c1,0.016809
NCCN1CCC(N(CC2CCN2Cc2c[nH]c3ccc(F)cc23)c2cc(F)ccc2O)CC1,0.99509,NCC(=O)N1CCC(N(CC2CCN2Cc2c[nH]c3ccc(F)cc23)c2cc(F)ccc2O)CC1,0.94775
N[C@H](CC(=O)O)CN(C[C@H](N)Cc1c[nH]c2ccccc12)c1cccnc1Br,0.125777,N[C@H](Cc1c[nH]c2ccccc12)CN(C(=O)C[C@@H](N)C(=O)O)c1cccnc1Br,0.031307
C[C@H](CN(CCBr)c1cccc2cc[nH]c12)N(Cc1ccc(N)c(O)c1)C1CCCNC1,0.962654,C[C@H](CN(C(=O)CBr)c1cccc2cc[nH]c12)N(Cc1ccc(N)c(O)c1)C1CCCNC1,0.827844
NC1(CN2CCC2CNC2CCC2)CCC1,0.021706,NC1(CN2CCC2C(=O)NC2CCC2)CCC1,0.004773
CC(C)(N)CN(C[C@@H](N)CCCCN)c1cc(F)c(F)cc1O,0.127919,CC(C)(N)CN(C(=O)[C@@H](N)CCCCN)c1cc(F)c(F)cc1O,0.184832
CN(CCN(c1ccc(O)c(NCC=O)c1)c1cccc2cc[nH]c12)C1CCNC1,0.962143,CN(CCN(c1ccc(O)c(NC(=O)C=O)c1)c1cccc2cc[nH]c12)C1CCNC1,0.675413
C[C@H](N)CN(CCCN)c1cccc(Br)c1O,0.020385,C[C@H](N)CN(C(=O)CCN)c1cccc(Br)c1O,0.04978
C=CCN(C[C@H](N)CCN1CCC(NCCc2ccccc2Br)C1)c1cc(OC)ccc1O,0.940284,C=CC(=O)N(CCc1ccccc1Br)C1CCN(CC[C@@H](N)CNc2cc(OC)ccc2O)C1,0.64834
C[C@@H](N)CN(CCc1ccc(O)cc1)C[C@@H](N)CCNCC#Cc1cc(N)cc(C#N)c1,0.709442,C[C@@H](N)C(=O)N(CC#Cc1cc(N)cc(C#N)c1)CC[C@H](N)CNCCc1ccc(O)cc1,0.291981
C[C@@H](N)CN(C[C@@H]1CCCN1Cc1ccc(F)cc1)c1cccc2cc[nH]c12,0.970943,C[C@@H](N)CN(C[C@@H]1CCCN1C(=O)c1ccc(F)cc1)c1cccc2cc[nH]c12,0.08357
N[C@@H](Cc1c[nH]c2ccccc12)CN(CC1CCN1)C1CC1,0.958446,N[C@@H](Cc1c[nH]c2ccccc12)CN(C(=O)C1CCN1)C1CC1,0.299823
Oc1ccc(CCN(CC2CCN2)C(CCl)c2ccc(F)cc2F)cc1,0.990172,O=C(C1CCN1)N(CCc1ccc(O)cc1)C(CCl)c1ccc(F)cc1F,0.629576
CC[C@@H](CN(c1ccc(Br)cc1N)C1CNC1)N(Cc1c[nH]c2ccc(Br)cc12)CC1CCN1,0.985773,CC[C@@H](CN(c1ccc(Br)cc1N)C1CN(C(=O)C2CCN2)C1)NCc1c[nH]c2ccc(Br)cc12,0.642838
N[C@H](CCN(CC=O)C1CC1)CNCCc1ccncc1,0.680794,N[C@H](CCN(CC=O)C1CC1)C(=O)NCCc1ccncc1,0.196159
N[C@H](CCNc1cccnc1Br)CN(CC1CCN1)c1cc(F)ccc1O,0.671481,N[C@H](CCN(C(=O)C1CCN1)c1cccnc1Br)CNc1cc(F)ccc1O,0.550614
COc1cccc(CNC[C@@H](C)NCC2(N)CCC2)c1,0.086115,COc1cccc(CNC(=O)[C@@H](C)NCC2(N)CCC2)c1,0.00485
CNCCN(CC=O)CCC[C@H](N)CNc1ccc(Br)cc1,0.228168,CNCCN(CC=O)CCC[C@H](N)C(=O)Nc1ccc(Br)cc1,0.01928
NCCCN1CCC1CNc1cc(Br)ccc1N,0.352033,NCCCN1CCC1C(=O)Nc1cc(Br)ccc1N,0.023695
C[C@H](CN(CCCO)C[C@H](N)CC(=O)O)NCc1cccc(F)c1F,0.150276,C[C@H](CN(CCCO)C(=O)C[C@@H](N)C(=O)O)NCc1cccc(F)c1F,0.013191
N[C@@H](CCN(CC1CCN1)c1cccc(Br)c1O)CN1CCCC(=O)C1,0.550727,N[C@@H](CCN(C(=O)C1CCN1)c1cccc(Br)c1O)CN1CCCC(=O)C1,0.846664
COc1cccc2c1CCNC2CN(CCc1ccccc1Br)CC1(N)CCC1,0.996405,COc1cccc2c1CCN(C(=O)C1(N)CCC1)C2CNCCc1ccccc1Br,0.526221
C[C@H](N)CN(CCCNCCc1ccc(O)cc1)c1ccc(Br)cc1O,0.991527,C[C@H](N)CN(CCC(=O)NCCc1ccc(O)cc1)c1ccc(Br)cc1O,0.156406
CNCCN(CCNCCc1ccccc1Br)CCc1c[nH]c2ccccc12,0.955757,CNCCN(CCc1c[nH]c2ccccc12)CC(=O)NCCc1ccccc1Br,0.5
Fc1ccc2[nH]cc(CN3CCC[C@@H]3CN3CCCCC3)c2c1,0.796636,O=C([C@H]1CCCN1Cc1c[nH]c2ccc(F)cc12)N1CCCCC1,0.123747
C=CCN(CCCN1CCC1CNCCc1ccccc1)CC1CCN1,0.282219,C=CCN(CCC(=O)N(CCc1ccccc1)CC1CCN1)CC1CCN1,0.183518
C[C@@H](O)[C@H](N)CN(CCc1ccccc1Br)C[C@H](N)CCCNc1cccc2cc[nH]c12,0.78067,C[C@@H](O)[C@H](N)CN(CCc1ccccc1Br)C[C@H](N)CCC(=O)Nc1cccc2cc[nH]c12,0.25284
Brc1ccc(NCCCNCCCNC2CC2)cc1,0.142358,O=C(CCNCCCNC1CC1)Nc1ccc(Br)cc1,0.026566
Fc1ccc(CNCCCNC23CC(C2)C3)cc1,0.224916,O=C(NCCCNC12CC(C1)C2)c1ccc(F)cc1,0.042742
Oc1cc(Br)ccc1N(C[C@H]1CCCN1)C1CN(C2CCNC2)C1,0.609015,O=C([C@H]1CCCN1)N(c1ccc(Br)cc1O)C1CN(C2CCNC2)C1,0.646259
c1cc(NCCNC2CCC2)c2[nH]ccc2c1,0.215988,O=C(CNC1CCC1)Nc1cccc2cc[nH]c12,0.028205
C[C@@H](O)CNc1c(O)cccc1CN(CCC=O)C1CC1,0.127563,C[C@@H](O)C(=O)Nc1c(O)cccc1CN(CCC=O)C1CC1,0.007602
CNCCNc1c(F)cccc1CN1CCCCC1,0.110098,CNCCNc1c(F)cccc1C(=O)N1CCCCC1,0.0045
COc1ccccc1CN(CC1CCNCC1)C[C@@H]1CCCN1,0.192875,COc1ccccc1CN(CC1CCNCC1)C(=O)[C@@H]1CCCN1,0.029962
Oc1c(Br)cccc1NCCCN1CC(CNCCc2c[nH]c3ccccc23)C1,0.98352,O=C(NCCc1c[nH]c2ccccc12)C1CN(CCCNc2cccc(Br)c2O)C1,0.703864
C=CCN(CCc1c[nH]c2ccccc12)C[C@H](N)CCCNCCc1ccc(O)cc1,0.993557,C=CC(=O)N(CCC[C@@H](N)CNCCc1c[nH]c2ccccc12)CCc1ccc(O)cc1,0.679232
N[C@H](Cc1ccc(O)cc1)CN1CCC[C@@H]1CO,0.835329,N[C@H](Cc1ccc(O)cc1)C(=O)N1CCC[C@@H]1CO,0.04044
CN(CCNCCc1ccccc1Br)C1CN(CCCN)C1,0.373776,CN(CC(=O)NCCc1ccccc1Br)C1CN(CCCN)C1,0.06463
C[C@H](N)CN1CCCC(N(c2cc(Br)ccc2O)C(CCl)c2ccc(Cl)c(Cl)c2)C1,0.993842,C[C@H](N)C(=O)N1CCCC(N(c2cc(Br)ccc2O)C(CCl)c2ccc(Cl)c(Cl)c2)C1,0.471464
CN(CCN(CC1CCN1CCBr)c1cc(F)c(F)cc1O)C(CCl)c1ccc(F)cc1,0.967147,CN(CCN(CC1CCN1C(=O)CBr)c1cc(F)c(F)cc1O)C(CCl)c1ccc(F)cc1,0.771771
N[C@H](CS)CNc1ccc(C(=O)O)cc1Br,0.006768,N[C@H](CS)C(=O)Nc1ccc(C(=O)O)cc1Br,0.000486
O=C(CBr)CN1CCC1CN(CCCNCc1c[nH]c2ccc(Br)cc12)c1ccccc1O,0.991279,O=C(CBr)C(=O)N(CCCN(CC1CCN1)c1ccccc1O)Cc1c[nH]c2ccc(Br)cc12,0.567919
CN(CCN)CCNC1CC1,0.031611,CN(CCNC1CC1)C(=O)CN,0.008523
C[C@@H](CN(CC1CCN1)c1ccccn1)NCc1ccc(F)cc1,0.231271,C[C@@H](CN(CC1CCN1)c1ccccn1)NC(=O)c1ccc(F)cc1,0.034702
NCCCN(C[C@H](N)CCNC1CC1)c1ccccc1S,0.198978,NCCC(=O)N(CC[C@@H](N)CNc1ccccc1S)C1CC1,0.059759
CN(CC(=O)O)c1c(F)cccc1CN1CC(=O)C1,0.001002,CN(CC(=O)N1CC(=O)C1)c1c(F)cccc1C(=O)O,0.000197
COc1ccc(N(Cc2c[nH]c3ccc(Br)cc23)C[C@@H]2CCCN2CCN)c(N)c1,0.999981,COc1ccc(N(Cc2c[nH]c3ccc(Br)cc23)C[C@@H]2CCCN2C(=O)CN)c(N)c1,0.427533
C[C@@H](N)CN[C@H](CCC(=O)O)CN(CCc1c[nH]c2ccccc12)Cc1ccc(F)cc1,0.973422,C[C@@H](N)CN(C(=O)c1ccc(F)cc1)[C@H](CCC(=O)O)CNCCc1c[nH]c2ccccc12,0.5
C[C@@H](O)[C@@H](N)CN1CCC(=O)CC1,0.025761,C[C@@H](O)[C@@H](N)C(=O)N1CCC(=O)CC1,0.003092
O=C(O)[C@H]1CCCN1Cc1c(Br)cccc1NCC1CNC1,0.060575,O=C(O)[C@H]1CCCN1C(=O)c1c(Br)cccc1NCC1CNC1,0.00889
COC(=O)CCN(CCc1ccccc1)C[C@@H](C)N,0.019861,COC(=O)CCN(CCc1ccccc1)C(=O)[C@@H](C)N,0.00032
CCC1c2cccc(N(C[C@@H](C)O)c3cc(F)ccc3O)c2CCN1C[C@@H]1CCCN1,0.974299,CCC1c2cccc(N(C(=O)[C@@H](C)O)c3cc(F)ccc3O)c2CCN1C[C@@H]1CCCN1,0.907928
CC[C@@H](CN(CCCN)C1CC1)NCCN,0.050895,CC[C@@H](CN(C(=O)CCN)C1CC1)NCCN,0.007303
C[C@H](CNCCc1ccccc1)NCC1CCN1,0.534341,C[C@@H](NCC1CCN1)C(=O)NCCc1ccccc1,0.04622
C[C@H](N)CN1CCC(NCc2ccc(O)cc2)C1,0.480629,C[C@H](N)C(=O)N(Cc1ccc(O)cc1)C1CCNC1,0.131133
CC[C@@H](CNc1ccc(Br)cc1O)N(CCBr)C[C@@H](C)N,0.165993,CC[C@@H](C(=O)Nc1ccc(Br)cc1O)N(CCBr)C[C@@H](C)N,0.014227
O=CCN1CC(=O)C1,0.002757,O=CC(=O)N1CC(=O)C1,0.000984
C[C@@H](O)CN1CCCC(N(Cc2ccc(N)c(Br)c2)c2cccc3cc[nH]c23)C1,0.980943,C[C@@H](O)CN1CCCC(N(C(=O)c2ccc(N)c(Br)c2)c2cccc3cc[nH]c23)C1,0.889128
CC[C@H](N)CNc1ccc(Br)cc1NCC(CBr)N1CCCCC1,0.494937,CC[C@H](N)C(=O)Nc1ccc(Br)cc1NCC(CBr)N1CCCCC1,0.216665
CN(CCNc1cccc2cc[nH]c12)C1CN(C[C@H](N)CCCNc2ccc(Br)cc2O)C1,0.819201,CN(CC(=O)Nc1cccc2cc[nH]c12)C1CN(C[C@H](N)CCCNc2ccc(Br)cc2O)C1,0.693425
C[C@@H](CNCCc1ccccc1Br)NC[C@H]1CCCN1,0.374949,C[C@H](NC[C@H]1CCCN1)C(=O)NCCc1ccccc1Br,0.040965
COc1ccccc1CCN(C[C@H]1CCCN1)C[C@H]1CCCN1,0.522148,COc1ccccc1CCN(C[C@H]1CCCN1)C(=O)[C@H]1CCCN1,0.040365
NCCNc1ccc(Br)cc1NCC1CCN(C[C@@H]2CCCNC2)CC1,0.300123,NCCN(C(=O)[C@@H]1CCCNC1)c1ccc(Br)cc1NCC1CCNCC1,0.063788
C[C@@H](N)CN1CCC1CNc1cc(F)ccc1O,0.455296,C[C@@H](N)CN1CCC1C(=O)Nc1cc(F)ccc1O,0.018649
N[C@@H](CCNCCc1c[nH]c2ccccc12)C(=O)O,0.70824,N[C@@H](CC(=O)NCCc1c[nH]c2ccccc12)C(=O)O,0.012708
COc1ccc(O)c(N(CC=O)CC2(N(Cc3c[nH]c4ccc(F)cc34)C[C@H]3CCCN3)CCC2)c1,0.910703,COc1ccc(O)c(N(CC2(N(Cc3c[nH]c4ccc(F)cc34)C[C@H]3CCCN3)CCC2)C(=O)C=O)c1,0.647844
COc1ccc(O)c(N(C[C@@H]2CCCN2)c2c(F)cccc2CN2CCCCC2)c1,0.72018,COc1ccc(O)c(N(C[C@@H]2CCCN2)c2c(F)cccc2C(=O)N2CCCCC2)c1,0.032711
C=CCN(CCCO)C[C@@H](N)CCNc1ccc(Br)cc1,0.103872,C=CCN(CCCO)C[C@@H](N)CC(=O)Nc1ccc(Br)cc1,0.007216
COc1ccc(N)c(N(CCN(C)CCCN)Cc2c[nH]c3cc(Br)ccc23)c1,0.988505,COc1ccc(N)c(N(CCN(C)C(=O)CCN)Cc2c[nH]c3cc(Br)ccc23)c1,0.395306
CC[C@@H](CNCCc1ccncc1)NC1CCNCC1,0.148506,CC[C@H](NC1CCNCC1)C(=O)NCCc1ccncc1,0.049049
N[C@H](CNc1cc(F)ccc1O)Cc1ccc(O)cc1,0.318186,N[C@@H](Cc1ccc(O)cc1)C(=O)Nc1cc(F)ccc1O,0.030047
Nc1c(Br)cccc1N(Cc1cccnc1F)C1CCCNC1,0.522345,Nc1c(Br)cccc1N(C(=O)c1cccnc1F)C1CCCNC1,0.178036
CNCCNc1cccc(Br)c1O,0.069894,CNCC(=O)Nc1cccc(Br)c1O,0.008758
NCCNCc1ccccc1O,0.433581,NCC(=O)NCc1ccccc1O,0.010439
N[C@@H](CCNc1ccccc1O)CNC1CC1,0.40292,N[C@H](CNC1CC1)CC(=O)Nc1ccccc1O,0.027868
N[C@H](CNc1cc(F)c(F)cc1O)Cc1ccc(O)cc1,0.390817,N[C@@H](Cc1ccc(O)cc1)C(=O)Nc1cc(F)c(F)cc1O,0.04016
Nc1ccc(Br)cc1OC(=O)C[C@@H](N)CN(CCc1c[nH]c2ccccc12)CC1CCNCC1,0.980306,Nc1ccc(Br)cc1OC(=O)C[C@@H](N)CN(CCc1c[nH]c2ccccc12)C(=O)C1CCNCC1,0.290583
OCCNC1CCC1,0.011443,O=C(CO)NC1CCC1,0.002272
Nc1ccc(N(CCN2CCC(=O)C2)C2CNC2)cc1,0.076551,Nc1ccc(N(CC(=O)N2CCC(=O)C2)C2CNC2)cc1,0.006499
O=C1CCCN(CCN2CC(CN(Cc3ccc(F)cc3)c3ccc(Br)cc3)C2)C1,0.927677,O=C1CCCN(C(=O)CN2CC(CN(Cc3ccc(F)cc3)c3ccc(Br)cc3)C2)C1,0.275754
COc1ccc(O)c(N(Cc2c[nH]c3ccc(Br)cc23)C[C@H]2CCCN2CC2CN(CCN)C2)c1,0.992449,COc1ccc(O)c(N(Cc2c[nH]c3ccc(Br)cc23)C[C@H]2CCCN2CC2CN(C(=O)CN)C2)c1,0.934622
N[C@H](CCNCCc1ccccc1Br)CN(c1ccnc2ccccc12)C1CCNCC1,0.470683,N[C@H](CC(=O)NCCc1ccccc1Br)CN(c1ccnc2ccccc12)C1CCNCC1,0.126492
CNCCNCCCCN,0.040613,CNCC(=O)NCCCCN,0.007673
NCCN(CCc1ccc(O)cc1)C[C@H]1CCCN1CCNc1ccccc1O,0.814084,NCCN(CCc1ccc(O)cc1)C[C@H]1CCCN1CC(=O)Nc1ccccc1O,0.341132
NCCN(CCc1ccc(O)cc1)C1CCCNC1,0.975149,NCC(=O)N(CCc1ccc(O)cc1)C1CCCNC1,0.514574
CC[C@H](N)CN1CCC(N[C@H](C(=O)O)c2ccccc2)CC1,0.337573,CC[C@H](N)C(=O)N(C1CCNCC1)[C@H](C(=O)O)c1ccccc1,0.003384
Nc1cc(Br)ccc1OC(=O)c1ccc(N(CC2CCN2)CC2CCN2CC2CCN2)c(Br)c1,0.958358,Nc1cc(Br)ccc1OC(=O)c1ccc(N(CC2CCN2CC2CCN2)C(=O)C2CCN2)c(Br)c1,0.87191
ClCC(c1ccc(Br)cc1)N1CCC[C@@H]1CN1CCCCC1,0.933721,O=C([C@H]1CCCN1C(CCl)c1ccc(Br)cc1)N1CCCCC1,0.141309
Oc1ccccc1NCCN(CC1CCN1)C[C@@H]1CCCNC1,0.5,O=C(C1CCN1)N(CCNC[C@@H]1CCCNC1)c1ccccc1O,0.15091
CNCCNc1c(F)cccc1C(=O)O,0.014087,CNCC(=O)Nc1c(F)cccc1C(=O)O,0.001963
NCCCN1CCC[C@@H]1CNc1ccc(Br)cc1N,0.536257,NCCCN1CCC[C@@H]1C(=O)Nc1cc(Br)ccc1N,0.088601
COc1ccccc1CCNC[C@@H](C)N(C[C@@H](C)N)C1CCN(Cc2ccc(F)cc2)C1,0.951588,COc1ccccc1CCN(C[C@@H](C)NC1CCN(Cc2ccc(F)cc2)C1)C(=O)[C@@H](C)N,0.546429
C[C@@H](O)[C@H](N)CN[C@@H](CNC1CC1)Cc1c[nH]c2ccccc12,0.478762,C[C@@H](O)[C@H](N)CN[C@H](Cc1c[nH]c2ccccc12)C(=O)NC1CC1,0.212005
Fc1ccc(CN(CCCNc2cccc3cc[nH]c23)C[C@@H]2CCCN2C2CCNC2)cc1,0.970866,O=C(CCN(Cc1ccc(F)cc1)C[C@@H]1CCCN1C1CCNC1)Nc1cccc2cc[nH]c12,0.91724
N[C@H](CO)CN(CCc1c[nH]c2ccccc12)C[C@@H]1CCCN1,0.760359,N[C@H](CO)CN(CCc1c[nH]c2ccccc12)C(=O)[C@@H]1CCCN1,0.164875
NCCCN(c1cc(Br)ccc1O)C1CCN(Cc2ccc(O)c(N)c2)C1,0.97925,NCCCN(c1cc(Br)ccc1O)C1CCN(C(=O)c2ccc(O)c(N)c2)C1,0.491781
CN(CCNCCCCN)C(CCl)c1ccc(F)cc1,0.212333,CN(CC(=O)NCCCCN)C(CCl)c1ccc(F)cc1,0.013791
O=C1CCN(CC2CNC2)C1,0.016112,O=C1CCN(C(=O)C2CNC2)C1,0.002877
CC[C@H](N)CN(CCNC)CCC(=O)O,0.018712,CC[C@H](N)CN(CCC(=O)O)C(=O)CNC,0.003939
C=CCN(c1ccc(OC)cc1NCc1ccc(F)cc1)C1CCN(CC2CCN2)C1,0.99354,C=CC(=O)N(Cc1ccc(F)cc1)c1cc(OC)ccc1NC1CCN(CC2CCN2)C1,0.866388
CCC1c2cccc(Br)c2CCN1CCC[C@H](N)C(=O)O,0.59885,CCC1c2cccc(Br)c2CCN1C(=O)CC[C@H](N)C(=O)O,0.042724
CN(CCCN)CC(=O)O,0.008318,CN(CC(=O)O)C(=O)CCN,0.002126
C[C@H](N)CN(CCN)c1ccc(Br)cc1O,0.024386,C[C@H](N)CN(C(=O)CN)c1ccc(Br)cc1O,0.024318
CN(CCN(CC1CCN1)c1cc(F)c(F)cc1O)Cc1cccc(O)c1NC1CNC1,0.92495,CN(CCN(C(=O)C1CCN1)c1cc(F)c(F)cc1O)Cc1cccc(O)c1NC1CNC1,0.920771
NCCN(c1cc(Br)ccc1N)C1CN(CC=O)C1,0.015619,NCCN(c1cc(Br)ccc1N)C1CN(C(=O)C=O)C1,0.003654
NCCN(CCc1ccc(O)cc1)C[C@H](N)CCN(C[C@@H]1CCCN1)c1cc(F)ccc1O,0.950345,NCC(=O)N(CCc1ccc(O)cc1)C[C@H](N)CCN(C[C@@H]1CCCN1)c1cc(F)ccc1O,0.5
Brc1ccccc1CCNCCCN(CCCNCCc1c[nH]c2ccccc12)CC1CCN1,0.527417,O=C(CCN(CCCNCCc1ccccc1Br)CC1CCN1)NCCc1c[nH]c2ccccc12,0.867521
Nc1ccc(CNCCCN2CC(CNCCc3ccccc3)C2)cc1Br,0.99346,Nc1ccc(C(=O)NCCCN2CC(CNCCc3ccccc3)C2)cc1Br,0.955535
COc1ccccc1CCNCC[C@@H](N)CNCCc1ccccc1OC,0.811041,COc1ccccc1CCNCC[C@@H](N)C(=O)NCCc1ccccc1OC,0.362104
C[C@@H](N)CN1CCCC(NC2(CN3CCc4ccc(O)cc4C3c3c[nH]c4cc(Br)ccc34)CCC2)C1,0.954669,C[C@@H](N)C(=O)N(C1CCCNC1)C1(CN2CCc3ccc(O)cc3C2c2c[nH]c3cc(Br)ccc23)CCC1,0.76832
O=C(O)CCNCCN(Cc1ccc(F)cc1)CC1CCN1,0.17696,O=C(O)C1CCN1C(=O)CCNCCNCc1ccc(F)cc1,0.052579
Nc1cc(CN2CCC(=O)CC2)ccc1O,0.093211,Nc1cc(C(=O)N2CCC(=O)CC2)ccc1O,0.003155
C[C@H](NCC[C@@H](N)C(=O)O)C(=O)O,0.005215,C[C@H](N)C(=O)N[C@H](CC(=O)O)C(=O)O,0.002176
N[C@H](CS)CN(CCCN(CCBr)C1CC1)c1cc(Br)ccc1O,0.445032,N[C@H](CS)C(=O)N(CCCN(CCBr)C1CC1)c1cc(Br)ccc1O,0.864126
Nc1cc(Br)ccc1NCC1CN(C[C@H](N)CS)C1,0.055651,Nc1cc(Br)ccc1NC(=O)C1CN(C[C@H](N)CS)C1,0.002565
CC[C@@H](CN1CCCCC1)NC[C@@H](N)[C@@H](C)O,0.036001,CC[C@@H](CN1CCCCC1)NC(=O)[C@@H](N)[C@@H](C)O,0.009864
N[C@@H](CO)CN(c1cccc(Br)c1O)C1CCN(C[C@H]2CCCN2)CC1,0.582414,N[C@@H](CO)CN(c1cccc(Br)c1O)C1CCN(C(=O)[C@H]2CCCN2)CC1,0.059266
Oc1c(Br)cccc1NCc1ccc(CCl)cc1,0.008494,O=C(Nc1cccc(Br)c1O)c1ccc(CCl)cc1,0.00145
N[C@@H](CNc1cc(Br)ccc1O)c1ccccc1,0.050166,N[C@@H](C(=O)Nc1cc(Br)ccc1O)c1ccccc1,0.002241
Nc1c(F)cccc1CNc1ccc(CN2CCC(=O)C2)cc1Br,0.552485,Nc1c(F)cccc1CNc1ccc(C(=O)N2CCC(=O)C2)cc1Br,0.005376
N[C@@H](CCCN1CCC[C@@H]1CO)CNc1cc(F)ccc1O,0.813931,N[C@@H](CCC(=O)N1CCC[C@@H]1CO)CNc1cc(F)ccc1O,0.032456
N#Cc1cc(Br)cc(N(CCBr)C[C@H]2CCCN2)c1,0.044814,N#Cc1cc(Br)cc(N(C[C@H]2CCCN2)C(=O)CBr)c1,0.070264
CN(CCCN1CCCCC1)CC(=O)Oc1ccccc1NCc1ccc(F)cc1,0.962292,CN(CCC(=O)N1CCCCC1)CC(=O)Oc1ccccc1NCc1ccc(F)cc1,0.071996
C[C@@H](N)CN[C@H](C)C(=O)O,0.004808,C[C@@H](N)C(=O)N[C@H](C)C(=O)O,0.001493
NCCCN(CCCNc1cccc(Br)c1N)C1CC1,0.473196,NCCC(=O)N(CCCNC1CC1)c1cccc(Br)c1N,0.305
Oc1c(Br)cccc1NCC1(NC2CN(Cc3c[nH]c4ccc(Br)cc34)C2)CCC1,0.974868,O=C(Nc1cccc(Br)c1O)C1(NC2CN(Cc3c[nH]c4ccc(Br)cc34)C2)CCC1,0.747008
NCCN1CCC[C@H](CNCCc2c[nH]c3ccccc23)C1,0.963709,NCCN1CCC[C@H](C(=O)NCCc2c[nH]c3ccccc23)C1,0.417425
CC(C)(NCC=O)C(=O)O,0.001649,CC(C)(NC(=O)C=O)C(=O)O,0.000701
Nc1ccc(CN(C[C@@H]2CCCN2)c2cc(F)ccc2O)cc1Br,0.887568,Nc1ccc(CN(C(=O)[C@@H]2CCCN2)c2cc(F)ccc2O)cc1Br,0.720603
Oc1ccc(F)cc1N(C1CCCN(C2CCN(CC3CCN3)CC2)C1)C(CCl)c1ccc(F)cc1,0.97272,O=C(C1CCN1)N1CCC(N2CCCC(N(c3cc(F)ccc3O)C(CCl)c3ccc(F)cc3)C2)CC1,0.915589
C=CCNC[C@@H](Cc1c[nH]c2ccccc12)N(Cc1nc(Br)cs1)C[C@H]1CCCN1,0.933095,C=CCNC(=O)[C@@H](Cc1c[nH]c2ccccc12)N(Cc1nc(Br)cs1)C[C@H]1CCCN1,0.830813
Fc1ccc(CN2CCC(N[C@H](CNc3cccnc3Br)Cc3c[nH]c4ccccc34)C2)cc1,0.899697,O=C(Nc1cccnc1Br)[C@H](Cc1c[nH]c2ccccc12)NC1CCN(Cc2ccc(F)cc2)C1,0.674613
CC[C@@H](CN(CCN)c1cc(F)ccc1O)NCC1CCN1Cc1cccc(Br)c1,0.977954,CC[C@@H](CN(C(=O)CN)c1cc(F)ccc1O)NCC1CCN1Cc1cccc(Br)c1,0.945009
N[C@@H](CCN1CCCC(=O)C1)CNc1ccc(Br)cc1O,0.307237,N[C@@H](CCN1CCCC(=O)C1)C(=O)Nc1ccc(Br)cc1O,0.017835
Oc1ccccc1N(Cc1cccnc1Br)C[C@@H]1CCCN1C1CCCNC1,0.975976,O=C(c1cccnc1Br)N(C[C@@H]1CCCN1C1CCCNC1)c1ccccc1O,0.972221
CCCN(CCN(C[C@@H](N)CO)c1ccccc1O)C[C@H]1CCCN1,0.5,CCCN(CC(=O)N(C[C@@H](N)CO)c1ccccc1O)C[C@H]1CCCN1,0.544307
CNCCN(C[C@@H](N)CCNc1cc(F)ccc1O)C1CC1,0.596092,CNCC(=O)N(CC[C@H](N)CNC1CC1)c1cc(F)ccc1O,0.263333
C=CCN(CCc1ccccc1)C[C@@H](C)NCCCNc1cccc(Br)c1O,0.631877,C=CC(=O)N(CCCN[C@H](C)CNCCc1ccccc1)c1cccc(Br)c1O,0.361436
NCCC[C@H](N)CN1CCC(CN(CCc2ccc(O)cc2)Cc2c[nH]c3ccc(Br)cc23)CC1,0.983504,NCCC[C@H](N)C(=O)N1CCC(CN(CCc2ccc(O)cc2)Cc2c[nH]c3ccc(Br)cc23)CC1,0.687455
NC1(CN(c2cc(F)c(F)cc2O)C2CCN(CC=O)C2)CCC1,0.5,NC1(CN(c2cc(F)c(F)cc2O)C2CCN(C(=O)C=O)C2)CCC1,0.028749
COc1ccccc1CCNCC1CCN1CCN(C)Cc1c[nH]c2ccccc12,0.989439,COc1ccccc1CCNC(=O)C1CCN1CCN(C)Cc1c[nH]c2ccccc12,0.750954
CC[C@H](N)CN(CC1CCN1)c1ccc(OC)cc1N,0.058146,CC[C@H](N)CN(C(=O)C1CCN1)c1ccc(OC)cc1N,0.071997
Nc1ccccc1CN(CCC[C@@H](N)CN1CC(=O)C1)c1ccc(Br)cc1O,0.885962,Nc1ccccc1CN(CCC[C@@H](N)C(=O)N1CC(=O)C1)c1ccc(Br)cc1O,0.03879
COc1ccccc1CCN(CCNCCc1c[nH]c2ccccc12)C1CCNCC1,0.983143,COc1ccccc1CCN(CC(=O)NCCc1c[nH]c2ccccc12)C1CCNCC1,0.870122
N[C@@H](CCN1CC(=O)C1)CNc1ccccc1S,0.078485,N[C@@H](CCN1CC(=O)C1)C(=O)Nc1ccccc1S,0.00231
Oc1ccc(F)cc1NC1CCN(C[C@H]2CCCN2)CC1,0.878802,O=C([C@H]1CCCN1)N(c1cc(F)ccc1O)C1CCNCC1,0.171233
Nc1ccc(CNCCCO)cc1Br,0.056954,Nc1ccc(C(=O)NCCCO)cc1Br,0.002745
Fc1ccc(C(CCl)NCCc2ccccc2Br)c(N2CCC[C@@H]2CN2CCCCC2)c1,0.992035,O=C([C@H]1CCCN1c1cc(F)ccc1C(CCl)NCCc1ccccc1Br)N1CCCCC1,0.130408
Oc1ccc(CCNCC2(NCc3ccc(F)cc3)CCC2)cc1,0.981189,O=C(NC1(CNCCc2ccc(O)cc2)CCC1)c1ccc(F)cc1,0.826243
N#Cc1ccc(O)c(NC[C@@H]2CCCN2C[C@H](N)CO)c1,0.748319,N#Cc1ccc(O)c(NC(=O)[C@@H]2CCCN2C[C@H](N)CO)c1,0.112479
COc1ccccc1CCNCCCNCCc1ccccc1Br,0.912203,COc1ccccc1CCNCCC(=O)NCCc1ccccc1Br,0.216363
Oc1ccc(Br)cc1Nc1ccc(NCC2CCNCC2)cc1,0.280013,O=C(Nc1ccc(Nc2cc(Br)ccc2O)cc1)C1CCNCC1,0.041101
NCCNCCN(CCc1ccccc1Br)Cc1cccc(F)c1N,0.946505,NCC(=O)NCCN(CCc1ccccc1Br)Cc1cccc(F)c1N,0.296556
N#Cc1ccc2[nH]cc(CN[C@@H](CO)CNCCc3ccccc3Br)c2c1,0.849782,N#Cc1ccc2[nH]cc(CN[C@@H](CO)C(=O)NCCc3ccccc3Br)c2c1,0.041899
C[C@H](CN(CCc1c[nH]c2ccccc12)CC1CCN1)N(CC=O)Cc1ccc(F)cc1,0.99999,C[C@H](CN(CCc1c[nH]c2ccccc12)CC1CCN1)N(Cc1ccc(F)cc1)C(=O)C=O,0.904547
NCCC[C@H](N)CN1CCC[C@@H]1C(=O)O,0.02187,NCCC[C@H](N)C(=O)N1CCC[C@@H]1C(=O)O,0.005802
C[C@H](C(=O)O)N(CCCN)C1CNC1,0.019372,C[C@@H](NC1CN(C(=O)CCN)C1)C(=O)O,0.003591
CN(CCNc1cc(Br)cc(C#N)c1)C1CCCNC1,0.519736,CN(CC(=O)Nc1cc(Br)cc(C#N)c1)C1CCCNC1,0.06197
O=CCN1CCC(N2CCCC(N(Cc3c[nH]c4ccc(Br)cc34)c3cc(F)ccc3O)C2)C1,0.992815,O=CC(=O)N1CCC(N2CCCC(N(Cc3c[nH]c4ccc(Br)cc34)c3cc(F)ccc3O)C2)C1,0.958534
C[C@H](CN(C)CCNCCc1ccccc1Br)NCc1ccc(F)cc1,0.936893,C[C@H](CN(C)CCNCCc1ccccc1Br)NC(=O)c1ccc(F)cc1,0.759459
O=C(O)[C@@H]1CCCN1CCNCC1CNC1,0.013743,O=C(O)CN(CC1CNC1)C(=O)[C@@H]1CCCN1,0.004129
CC[C@H](N)CN(C1CCCNC1)[C@@H](CC)CNCCc1c[nH]c2ccccc12,0.509099,CC[C@H](N)CN(C1CCCNC1)[C@@H](CC)C(=O)NCCc1c[nH]c2ccccc12,0.462894
COc1ccccc1CCN(CCN)C1CCCN(CCCNC(CCl)c2ccc(F)cc2F)C1,0.983835,COc1ccccc1CCN(C(=O)CN)C1CCCN(CCCNC(CCl)c2ccc(F)cc2F)C1,0.947891
c1ccc(N(CC2CCN2)C[C@@H]2CCCN2)nc1,0.202892,O=C(C1CCN1)N(C[C@@H]1CCCN1)c1ccccn1,0.101538
C[C@H](CNc1cc(Br)ccc1O)NC[C@@H](C)N(Cc1c[nH]c2cc(Br)ccc12)C[C@H]1CCCN1,0.867189,C[C@H](CN(C(=O)[C@H]1CCCN1)[C@H](C)CNc1cc(Br)ccc1O)NCc1c[nH]c2cc(Br)ccc12,0.453938
CC[C@@H](CNCCc1ccccc1Br)NC[C@H]1CCCN1,0.269977,CC[C@@H](CNCCc1ccccc1Br)NC(=O)[C@H]1CCCN1,0.081267
Oc1ccc(Br)cc1N(CCCNCc1c[nH]c2ccc(F)cc12)CCCN1CCCCC1,0.994886,O=C(CCN(CCCNCc1c[nH]c2ccc(F)cc12)c1cc(Br)ccc1O)N1CCCCC1,0.253211
CC[C@H](C)[C@H](N)CNCCc1c[nH]c2ccccc12,0.795053,CC[C@H](C)[C@H](N)C(=O)NCCc1c[nH]c2ccccc12,0.043863
NCCN(CCBr)c1ccccc1CN1CCC(NCCc2c[nH]c3ccccc23)C1,0.973203,NCC(=O)N(CCBr)c1ccccc1CN1CCC(NCCc2c[nH]c3ccccc23)C1,0.82161
N[C@@H](CCNc1ccc(Br)cc1)CN1C[C@H](O)C[C@H]1CNc1cccc2cc[nH]c12,0.509181,N[C@@H](CC(=O)Nc1ccc(Br)cc1)CN1C[C@H](O)C[C@H]1CNc1cccc2cc[nH]c12,0.139362
COCCN(CC1CCN1)C(CCl)c1ccc(Br)cc1,0.062619,COCCN(C(=O)C1CCN1)C(CCl)c1ccc(Br)cc1,0.007516
C#CCN(CC1CNC1)C[C@H](N)CC(=O)O,0.021154,C#CCN(C[C@H](N)CC(=O)O)C(=O)C1CNC1,0.004029
Oc1ccccc1N(CC1CCN1)C1CCNCC1,0.337667,O=C(C1CCN1)N(c1ccccc1O)C1CCNCC1,0.167346
NCCCN(c1ccc(C(=O)O)cc1Br)C1CCNC1,0.048439,NCCC(=O)N(c1ccc(C(=O)O)cc1Br)C1CCNC1,0.017328
CCCN(CC1CCN1)[C@H](Cc1c[nH]c2ccccc12)CN(CCN)c1ccc(Br)cc1O,0.999998,CCCN(C(=O)C1CCN1)[C@H](Cc1c[nH]c2ccccc12)CN(CCN)c1ccc(Br)cc1O,0.785941
CCC1c2ccccc2CCN1CC[C@H](N)CN(CC[C@H](N)C(=O)O)c1cc(F)ccc1O,0.975754,CCC1c2ccccc2CCN1CC[C@H](N)CN(C(=O)C[C@H](N)C(=O)O)c1cc(F)ccc1O,0.910927
O=C(O)c1cccc(F)c1NCC1CCNCC1,0.022735,O=C(O)c1cccc(F)c1NC(=O)C1CCNCC1,0.001568
CN(CCN)CCN(c1ccc(N)cc1)C12CC(C1)C2,0.148618,CN(CCN(c1ccc(N)cc1)C12CC(C1)C2)C(=O)CN,0.004046
C[C@H](CNc1cccc2cc[nH]c12)N(Cc1ccc(N)c(Br)c1)CC1(N)CCC1,0.875289,C[C@H](CN(C(=O)c1ccc(N)c(Br)c1)c1cccc2cc[nH]c12)NCC1(N)CCC1,0.621688
CN(CCCN)CCN1CCCC(=O)C1,0.037324,CN(CCCN)CC(=O)N1CCCC(=O)C1,0.005529
C=CCN1CCC[C@@H]1CN(C[C@H](N)CS)c1cc(Br)ccc1O,0.521643,C=CC(=O)N1CCC[C@@H]1CN(C[C@H](N)CS)c1cc(Br)ccc1O,0.0184
C[C@H](CN(CCCCN)Cc1c[nH]c2cc(Br)ccc12)N(CCN)C(CCl)c1ccc(Br)cc1,0.989641,C[C@H](CN(CCCCN)Cc1c[nH]c2cc(Br)ccc12)N(C(=O)CN)C(CCl)c1ccc(Br)cc1,0.891132
OC[C@H](CNc1cccc(Br)c1O)NCC1CCN1,0.222948,O=C(Nc1cccc(Br)c1O)[C@@H](CO)NCC1CCN1,0.030169
Cc1ccnc(Br)c1N(Cc1c[nH]c2ccc(Br)cc12)C1CN(CC2CNC2)C1,0.976127,Cc1ccnc(Br)c1N(Cc1c[nH]c2ccc(Br)cc12)C1CN(C(=O)C2CNC2)C1,0.467946
O=CCCN1CC(N(C[C@@H]2CCCN2)c2cc(F)ccc2O)C1,0.571102,O=CCCN1CC(N(C(=O)[C@@H]2CCCN2)c2cc(F)ccc2O)C1,0.664658
O=C1CCN(Cc2cccnc2)C1,0.005646,O=C1CCN(C(=O)c2cccnc2)C1,0.000716
CC[C@H](N)CN(CCN)[C@@H](CC)CNc1cc(C#N)ccc1O,0.583137,CC[C@H](N)CN(C(=O)CN)[C@@H](CC)CNc1cc(C#N)ccc1O,0.036064
COc1ccccc1CCN(CCCN)CC1CCN1,0.851822,COc1ccccc1CCN(CCCN)C(=O)C1CCN1,0.041194
N[C@@H](CCN1CCCCC1)C(=O)O,0.017269,N[C@@H](CC(=O)N1CCCCC1)C(=O)O,0.001369
NCCCN1CCC(CNc2ccccc2O)CC1,0.359723,NCCCN1CCC(C(=O)Nc2ccccc2O)CC1,0.033965
O=C(CBr)CN(c1cccc(Br)c1NCc1c[nH]c2cc(Br)ccc12)C1CCCN(CCBr)C1,0.967069,O=C(CBr)CN(c1cccc(Br)c1N(Cc1c[nH]c2cc(Br)ccc12)C(=O)CBr)C1CCCNC1,0.537643
C[C@@H](CNCCc1ccccc1)NC[C@H]1CCCN1,0.403789,C[C@H](NC[C@H]1CCCN1)C(=O)NCCc1ccccc1,0.04193
OC[C@@H](CNCCc1c[nH]c2ccccc12)N(CCBr)C1CNC1,0.703181,O=C(NCCc1c[nH]c2ccccc12)[C@H](CO)N(CCBr)C1CNC1,0.330104
C[C@@H](N)CN(C1CCC1)C1CC1,0.023847,C[C@@H](N)C(=O)N(C1CCC1)C1CC1,0.002944
Nc1cccc(N(CC2CCN2)C2CC2)c1O,0.13536,Nc1cccc(N(C(=O)C2CCN2)C2CC2)c1O,0.120096
CN(CCN(CC1CCN1)c1cc(Br)ccc1O)C(CCl)c1ccc(Cl)c(Cl)c1,0.965491,CN(CCN(C(=O)C1CCN1)c1cc(Br)ccc1O)C(CCl)c1ccc(Cl)c(Cl)c1,0.956889
N[C@H](CCNc1cccc(Br)c1O)CNCCc1c[nH]c2ccccc12,0.841153,N[C@H](CCNc1cccc(Br)c1O)C(=O)NCCc1c[nH]c2ccccc12,0.077032
N[C@H](CCNc1ccccn1)CN1CCC1C(=O)O,0.047212,N[C@H](CCN(C(=O)C1CCN1)c1ccccn1)C(=O)O,0.022315
C[C@H](CNC1CCC1)NC(CCl)c1ccc(Cl)c(Cl)c1,0.106975,C[C@@H](NC(CCl)c1ccc(Cl)c(Cl)c1)C(=O)NC1CCC1,0.016028
CC[C@H](NCc1c(N)cccc1Br)C(=O)O,0.002071,CC[C@H](N)C(=O)Nc1cccc(Br)c1C(=O)O,0.000189
N[C@@H](CCNc1ccccc1S)C(=O)O,0.034896,N[C@@H](CC(=O)Nc1ccccc1S)C(=O)O,0.001459
CN(CC(=O)O)CC(=O)CBr,0.002028,CN(CC(=O)O)C(=O)C(=O)CBr,0.000921
N#Cc1cc(Br)cc(N(C[C@@H]2C[C@@H](O)CN2)C2CN(CC(=O)CBr)C2)c1,0.139396,N#Cc1cc(Br)cc(N(C(=O)[C@@H]2C[C@@H](O)CN2)C2CN(CC(=O)CBr)C2)c1,0.083894
CNCCN(CCC=O)C1CC1,0.027817,CNCC(=O)N(CCC=O)C1CC1,0.003357
NCCNCCCN(Cc1c[nH]c2ccc(I)cc12)c1ccccc1O,0.985046,NCC(=O)NCCCN(Cc1c[nH]c2ccc(I)cc12)c1ccccc1O,0.368089
CC[C@H](N)CN1CCCC(Nc2cccnc2Br)C1,0.421056,CC[C@H](N)C(=O)N(c1cccnc1Br)C1CCCNC1,0.060026
N#Cc1cc(Br)cc(NC2CCCN(CC3CCN3)C2)c1,0.729094,N#Cc1cc(Br)cc(N(C(=O)C2CCN2)C2CCCNC2)c1,0.150209
C[C@H](N)CN(CCCN)CCc1ccccc1Br,0.310484,C[C@H](N)C(=O)N(CCCN)CCc1ccccc1Br,0.014625
NCCCN1CCC1CN(CC1NCCc2ccc(O)cc21)c1ccc(Br)cc1N,0.999994,NCCC(=O)N1CCC1CN(CC1NCCc2ccc(O)cc21)c1ccc(Br)cc1N,0.754995
N#Cc1ccc(C(CBr)N2CC(N(C[C@@H]3CCCNC3)c3cc(Br)ccc3O)C2)cc1,0.953228,N#Cc1ccc(C(CBr)N2CC(N(C(=O)[C@@H]3CCCNC3)c3cc(Br)ccc3O)C2)cc1,0.773871
C[C@H](CNCCc1c[nH]c2ccccc12)N(Cc1cccc(Br)c1)C[C@H]1CCCN1,0.988549,C[C@H](CN(CCc1c[nH]c2ccccc12)C(=O)[C@H]1CCCN1)NCc1cccc(Br)c1,0.481638
Oc1ccc(CCN(C[C@@H]2CCCN2)C[C@@H]2CCCN2)cc1,0.689856,O=C([C@@H]1CCCN1)N(CCc1ccc(O)cc1)C[C@@H]1CCCN1,0.121616
N#Cc1cc(Br)cc(NCCN(CCCN)CCCNc2cccc(Br)c2O)c1,0.836729,N#Cc1cc(Br)cc(NCCN(CCCN)CCC(=O)Nc2cccc(Br)c2O)c1,0.46724
CNCCN(Cc1c[nH]c2ccc(Br)cc12)[C@H](C)CNc1cccc(Br)c1O,0.910746,CNCC(=O)N(C[C@@H](C)NCc1c[nH]c2ccc(Br)cc12)c1cccc(Br)c1O,0.740649
N#Cc1ccc(O)c(N(CC2CNC2)C[C@H](N)CC(=O)O)c1,0.063078,N#Cc1ccc(O)c(N(C[C@H](N)CC(=O)O)C(=O)C2CNC2)c1,0.046406
CC[C@@H](CNc1cc(Br)ccc1N)N(CCCN)Cc1c[nH]c2ccc(Br)cc12,0.941508,CC[C@@H](C(=O)Nc1cc(Br)ccc1N)N(CCCN)Cc1c[nH]c2ccc(Br)cc12,0.758526
C[C@H](N)CN1CCc2c(Br)cccc2C1CCN(CCCO)Cc1c[nH]c2ccc(Br)cc12,0.99524,C[C@H](N)C(=O)N1CCc2c(Br)cccc2C1CCN(CCCO)Cc1c[nH]c2ccc(Br)cc12,0.989298
O=CCN(CC1(NCc2c[nH]c3cc(Br)ccc23)CCC1)c1cc(Br)ccc1O,0.83835,O=CC(=O)N(CC1(NCc2c[nH]c3cc(Br)ccc23)CCC1)c1cc(Br)ccc1O,0.482141
N[C@H](CCN(CCc1ccccc1)C[C@@H]1CCCN1)C(=O)O,0.370248,N[C@H](CCN(CCc1ccccc1)C(=O)[C@@H]1CCCN1)C(=O)O,0.012193
Oc1ccccc1NCCCNCC1CCN1,0.629508,O=C(NCCCNc1ccccc1O)C1CCN1,0.06062
Nc1ccc(CN2CCC[C@@H]2CN2CCC[C@@H](O)C2)cc1Br,0.563918,Nc1ccc(C(=O)N2CCC[C@@H]2CN2CCC[C@@H](O)C2)cc1Br,0.706449
COc1cccc(CN(CCCN)C[C@H]2CCCN2Cc2ccc(N)c(Br)c2)c1,0.947266,COc1cccc(CN(CCCN)C[C@H]2CCCN2C(=O)c2ccc(N)c(Br)c2)c1,0.684588
NCCCN(C[C@@H]1CCCN1CC1CCN1)c1ccccn1,0.860703,NCCCN(C[C@@H]1CCCN1C(=O)C1CCN1)c1ccccn1,0.027484
NCCCNCCN1CC(C(=O)O)C1,0.015749,NCCC(=O)NCCN1CC(C(=O)O)C1,0.005157
Oc1cc(Br)ccc1N(CC1CCN1)CC1CCN1CCNCCc1c[nH]c2ccccc12,0.999992,O=C(C1CCN1)N(CC1CCN1CCNCCc1c[nH]c2ccccc12)c1ccc(Br)cc1O,0.995894
OCCCNCCCNCCCNCc1ccc(F)cc1,0.099339,O=C(NCCCNCCCNCCCO)c1ccc(F)cc1,0.099009
COc1cccc(CNC[C@@H]2CCCN2)c1,0.154901,COc1cccc(CNC(=O)[C@@H]2CCCN2)c1,0.004363
CN(CCNC1CNC1)CC(=O)O,0.014878,CN(CC(=O)O)C(=O)CNC1CNC1,0.007044
O=C1CCN(Cc2cccc(F)c2F)C1,0.001744,O=C1CCN(C(=O)c2cccc(F)c2F)C1,0.000202
Nc1ccc(CN2CC(C(=O)O)C2)cc1Br,0.012679,Nc1ccc(C(=O)N2CC(C(=O)O)C2)cc1Br,0.001058
NCCCN(CCN)[C@H](CS)CNc1ccc(Br)cc1O,0.262275,NCCC(=O)N(CCN)[C@H](CS)CNc1ccc(Br)cc1O,0.030274
CN(CCN(C[C@@H]1CCCN1)c1cc(-c2cccc(F)c2F)ccc1O)C1CCNC1,0.942001,CN(CCN(C(=O)[C@@H]1CCCN1)c1cc(-c2cccc(F)c2F)ccc1O)C1CCNC1,0.914494
Fc1ccc(CNCCN(CCc2ccccc2Br)CC2CCN(Cc3c[nH]c4cc(Br)ccc34)CC2)cc1,0.901282,O=C(NCCN(CCc1ccccc1Br)CC1CCN(Cc2c[nH]c3cc(Br)ccc23)CC1)c1ccc(F)cc1,0.867231
COCCNC[C@@H]1C[C@@H](O)CN1CC[C@H](N)CN(Cc1c[nH]c2ccc(Br)cc12)c1cc(F)ccc1O,0.943065,COCCNC(=O)[C@@H]1C[C@@H](O)CN1CC[C@H](N)CN(Cc1c[nH]c2ccc(Br)cc12)c1cc(F)ccc1O,0.804266
COc1ccc(O)c(N(CC2CCN2)C[C@@H](N)Cc2c[nH]c3ccccc23)c1,0.893787,COc1ccc(O)c(N(C[C@@H](N)Cc2c[nH]c3ccccc23)C(=O)C2CCN2)c1,0.554001
CNCCN(CCc1c[nH]c2ccccc12)C1CCC1,0.922115,CNCC(=O)N(CCc1c[nH]c2ccccc12)C1CCC1,0.093998
COc1ccc(O)c(N(CCN)C[C@H]2CCCN2C2CCN(Cc3ccc(N)c(Br)c3)CC2)c1,0.964619,COc1ccc(O)c(N(C[C@H]2CCCN2C2CCN(Cc3ccc(N)c(Br)c3)CC2)C(=O)CN)c1,0.908316
O=C1CCN(C(CBr)CNc2cc(F)ccc2O)C1,0.070347,O=C1CCN(C(CBr)C(=O)Nc2cc(F)ccc2O)C1,0.003013
CC[C@H](N)CN(CC=O)CCC(=O)O,0.007988,CC[C@H](N)CN(CCC(=O)O)C(=O)C=O,0.00132
N[C@@H](Cc1c[nH]c2ccccc12)CN(CC1CCNCC1)c1cc(F)ccc1O,0.95615,N[C@@H](Cc1c[nH]c2ccccc12)C(=O)N(CC1CCNCC1)c1cc(F)ccc1O,0.907207
CN(CCN(C[C@H](N)CCCN1CCC[C@@H]1CO)c1cc(F)ccc1O)Cc1ccc(F)cc1,0.971654,CN(CCN(C[C@H](N)CCCN1CCC[C@@H]1CO)c1cc(F)ccc1O)C(=O)c1ccc(F)cc1,0.956931
N#Cc1ccc(O)c(N(CCBr)C[C@@H](CO)N(Cc2cccc(Br)c2)CC2CCN2)c1,0.929678,N#Cc1ccc(O)c(N(C[C@@H](CO)N(Cc2cccc(Br)c2)CC2CCN2)C(=O)CBr)c1,0.698121
Oc1cc(F)c(F)cc1NCC(CBr)NCCCNCCc1c[nH]c2ccccc12,0.859067,O=C(Nc1cc(F)c(F)cc1O)C(CBr)NCCCNCCc1c[nH]c2ccccc12,0.735958
NCCCNc1cc(C(=O)O)ccc1O,0.069669,NCCC(=O)Nc1cc(C(=O)O)ccc1O,0.006172
NCCCN(CCCN(c1ccccc1C=O)C1CNC1)c1ccccc1O,0.777284,NCCCN(C(=O)CCN(c1ccccc1C=O)C1CNC1)c1ccccc1O,0.341165
Nc1c(F)cccc1CN1CCC[C@H]1CN1CCC(O)CC1,0.378386,Nc1c(F)cccc1CN1CCC[C@H]1C(=O)N1CCC(O)CC1,0.269179
CC(C)[C@@H](N)CN(CCBr)c1ccc(Br)cc1O,0.004179,CC(C)[C@@H](N)CN(C(=O)CBr)c1ccc(Br)cc1O,0.00379
Brc1ccc(NCCCNC2CC2)cc1,0.050954,O=C(CCNC1CC1)Nc1ccc(Br)cc1,0.00148
NCCN(c1cc(Br)ccc1NCc1c[nH]c2cc(Br)ccc12)C1CN(C2CCNCC2)C1,0.972523,NCC(=O)N(Cc1c[nH]c2cc(Br)ccc12)c1ccc(Br)cc1NC1CN(C2CCNCC2)C1,0.982694
OCCN1CCC1CN1CCC(CN(Cc2c[nH]c3cc(Br)ccc23)c2ccc(Br)cc2)CC1,0.992088,O=C(CO)N1CCC1CN1CCC(CN(Cc2c[nH]c3cc(Br)ccc23)c2ccc(Br)cc2)CC1,0.94777
COc1ccccc1CCN(C[C@H](N)CS)C1CCNC1,0.607721,COc1ccccc1CCN(C(=O)[C@H](N)CS)C1CCNC1,0.018156
COc1ccccc1CCN(CCCNCCC=O)CC1CCNCC1,0.201989,COc1ccccc1CCN(CCCNCCC=O)C(=O)C1CCNCC1,0.014251
C[C@@H](CNCCc1ccccc1Br)NCC(=O)CBr,0.063238,C[C@H](NCC(=O)CBr)C(=O)NCCc1ccccc1Br,0.000631
COc1ccccc1CNC[C@H](C)N(CCNCCBr)C(CCl)c1ccc(F)cc1F,0.899763,COc1ccccc1CNC[C@H](C)N(CCNC(=O)CBr)C(CCl)c1ccc(F)cc1F,0.508276
NC(=O)CC[C@H](N)CNc1ccc(Br)cc1,0.002432,NC(=O)CC[C@H](N)C(=O)Nc1ccc(Br)cc1,0.000114
COc1ccccc1CCN(C[C@@H](N)[C@@H](C)O)C1CN(Cc2cccc(F)c2F)C1,0.934151,COc1ccccc1CCN(C[C@@H](N)[C@@H](C)O)C1CN(C(=O)c2cccc(F)c2F)C1,0.761907
COc1ccccc1CCNC[C@@H](C)NC[C@@H](C)NCCBr,0.16,COc1ccccc1CCNC(=O)[C@@H](C)NC[C@@H](C)NCCBr,0.025468
NCCN(CCc1ccccc1Br)C[C@H](N)CO,0.107151,NCC(=O)N(CCc1ccccc1Br)C[C@H](N)CO,0.009543
O=C(O)C[C@H](CNc1ccc(Br)cc1)NCC1CCN1,0.06441,O=C(O)C[C@H](CNc1ccc(Br)cc1)NC(=O)C1CCN1,0.00607
C=CCN(CCc1c[nH]c2ccccc12)C[C@@H](C)N(Cc1ccc(F)cc1)C1CCCNC1,0.993712,C=CC(=O)N(CCc1c[nH]c2ccccc12)C[C@@H](C)N(Cc1ccc(F)cc1)C1CCCNC1,0.828819
NCCCN(CCC=O)CCCN1CC(=O)C1,0.031949,NCCCN(CCC=O)CCC(=O)N1CC(=O)C1,0.009349
COc1ccccc1CCN(CC1CCN1Cc1ccc(N)c(Br)c1)C[C@@H](N)CS,0.963061,COc1ccccc1CCN(CC1CCN1C(=O)c1ccc(N)c(Br)c1)C[C@@H](N)CS,0.872899
Oc1ccc(F)cc1NC[C@@H](Cc1c[nH]c2ccccc12)NCC1CCN1,0.886577,O=C(Nc1cc(F)ccc1O)[C@@H](Cc1c[nH]c2ccccc12)NCC1CCN1,0.596907
COc1ccc(NCC2CCN2C2CCNC2)c(NCc2ccc(F)cc2)c1,0.949128,COc1ccc(NCC2CCN2C2CCNC2)c(NC(=O)c2ccc(F)cc2)c1,0.923483
NCCN1CCC(N(CC2CCN2Cc2c[nH]c3ccc(Br)cc23)c2ccccc2O)CC1,0.999986,NCC(=O)N1CCC(N(CC2CCN2Cc2c[nH]c3ccc(Br)cc23)c2ccccc2O)CC1,0.95173
O=CCN1CCc2c(Br)cccc2C1CNCCc1c[nH]c2ccccc12,0.989479,O=CC(=O)N(CCc1c[nH]c2ccccc12)CC1NCCc2c(Br)cccc21,0.329155
NCCCN(CCc1c[nH]c2ccccc12)CC[C@@H](N)CNc1cc(Br)ccc1O,0.98774,NCCCN(CCc1c[nH]c2ccccc12)CC[C@@H](N)C(=O)Nc1cc(Br)ccc1O,0.947102
CC[C@H](N)CN(CCNc1ccc(Br)cc1)Cc1cccc(Br)c1,0.717496,CC[C@H](N)CN(CC(=O)Nc1ccc(Br)cc1)Cc1cccc(Br)c1,0.024
N[C@@H](CO)CN1CCC(=O)C1,0.014291,N[C@@H](CO)C(=O)N1CCC(=O)C1,0.002872
OC[C@@H](CNc1ccccc1O)NC[C@H]1CCCN1,0.374532,O=C(N[C@@H](CO)CNc1ccccc1O)[C@H]1CCCN1,0.032191
O=CCNCCc1ccccc1N(CCCN1CCC[C@H](O)C1)c1cccc2cc[nH]c12,0.990886,O=CC(=O)NCCc1ccccc1N(CCCN1CCC[C@H](O)C1)c1cccc2cc[nH]c12,0.778386
CCCN1CCCC(N[C@@H](CNc2cc(F)c(F)cc2O)Cc2c[nH]c3ccccc23)C1,0.990502,CCCN1CCCC(N[C@H](Cc2c[nH]c3ccccc23)C(=O)Nc2cc(F)c(F)cc2O)C1,0.956974
C=CCN(CC[C@H](CNCCc1c[nH]c2ccccc12)NCCC)c1ccc(Br)cc1,0.947281,C=CC(=O)N(CCC)[C@H](CCNc1ccc(Br)cc1)CNCCc1c[nH]c2ccccc12,0.515472
CC[C@H](C)[C@H](N)CN[C@@H](C)C(=O)O,0.004151,CC[C@H](C)[C@H](N)C(=O)N[C@@H](C)C(=O)O,0.00122
Nc1ccc(CN2CCC[C@H]2CNCCc2c[nH]c3ccccc23)cc1Br,0.999985,Nc1ccc(CN2CCC[C@H]2C(=O)NCCc2c[nH]c3ccccc23)cc1Br,0.914821
N[C@H](CNc1cc(F)ccc1O)Cc1c[nH]c2ccccc12,0.192921,N[C@@H](Cc1c[nH]c2ccccc12)C(=O)Nc1cc(F)ccc1O,0.021753
c1ccc(NCCCNC2CCCNC2)nc1,0.206931,O=C(CCNC1CCCNC1)Nc1ccccn1,0.051081
Oc1ccc(F)cc1NC[C@H]1CCCN1C1CCCNC1,0.758461,O=C(Nc1cc(F)ccc1O)[C@H]1CCCN1C1CCCNC1,0.300737
COc1ccc(O)c(NC[C@@H]2CCCN2C2CN(C[C@@H](C)N)C2)c1,0.560096,COc1ccc(O)c(NC(=O)[C@@H]2CCCN2C2CN(C[C@@H](C)N)C2)c1,0.16076
C[C@@H](N)CN[C@H](Cc1c[nH]c2ccccc12)C(=O)O,0.27282,C[C@@H](N)C(=O)N[C@H](Cc1c[nH]c2ccccc12)C(=O)O,0.010639
COc1ccc(O)c(NC2CCN(C[C@@H](N)CCCNCCc3ccc(O)cc3)CC2)c1,0.946014,COc1ccc(O)c(NC2CCN(C[C@@H](N)CCC(=O)NCCc3ccc(O)cc3)CC2)c1,0.559071
CN(CCNc1cc(F)ccc1O)CC1(N)CCC1,0.320589,CN(CCNc1cc(F)ccc1O)C(=O)C1(N)CCC1,0.014832
NCCN(CC1CCN1)c1cc(Br)ccc1O,0.21797,NCCN(C(=O)C1CCN1)c1cc(Br)ccc1O,0.165548
N[C@@H](CS)CN(CCCO)C[C@@H](N)Cc1ccc(O)cc1,0.175554,N[C@@H](Cc1ccc(O)cc1)CN(CCCO)C(=O)[C@@H](N)CS,0.045068
Nc1ccc(Br)cc1N(CC1CCN1)C[C@@H](N)Cc1c[nH]c2ccccc12,0.735469,Nc1ccc(Br)cc1N(C[C@@H](N)Cc1c[nH]c2ccccc12)C(=O)C1CCN1,0.681131
O=C(O)C[C@H](CNc1ccc(Br)cc1O)NC[C@@H]1CCCNC1,0.153788,O=C(C[C@@H](NC[C@@H]1CCCNC1)C(=O)O)Nc1ccc(Br)cc1O,0.02432
Oc1ccc(F)cc1NC[C@@H](Cc1c[nH]c2ccccc12)NC1CCN(CC2CCN2)CC1,0.982246,O=C(Nc1cc(F)ccc1O)[C@@H](Cc1c[nH]c2ccccc12)NC1CCN(CC2CCN2)CC1,0.968496
CC[C@H](N)CNc1cc(C(=O)O)ccc1O,0.032373,CC[C@H](N)C(=O)Nc1cc(C(=O)O)ccc1O,0.002304
Nc1c(F)cccc1CN1CCC(N2CCC2CNc2cccc(Br)c2N)CC1,0.797249,Nc1c(Br)cccc1NCC1CCN1C1CCN(C(=O)c2cccc(F)c2N)CC1,0.601003
N[C@@H](CS)CNC1CC1,0.017054,N[C@@H](CS)C(=O)NC1CC1,0.003785
COc1ccccc1CCN(CCC[C@H](N)CNCCc1ccc(O)cc1)C[C@@H](C)N,0.980503,COc1ccccc1CCN(CCC[C@H](N)CNCCc1ccc(O)cc1)C(=O)[C@@H](C)N,0.289421
CNCCN(CC1(N)CCC1)c1c(N)cccc1Br,0.051541,CNCC(=O)N(CC1(N)CCC1)c1c(N)cccc1Br,0.049352
Brc1ccc(NC[C@H]2CCCN2Cc2c[nH]c3ccccc23)cc1,0.779105,O=C(Nc1ccc(Br)cc1)[C@H]1CCCN1Cc1c[nH]c2ccccc12,0.073847
N#Cc1cc(Br)cc(N(CCBr)C2CCCN(CC[C@@H](N)CNc3cccc(Br)c3O)C2)c1,0.986553,N#Cc1cc(Br)cc(N(C(=O)CBr)C2CCCN(CC[C@@H](N)CNc3cccc(Br)c3O)C2)c1,0.937568
Oc1ccc(F)cc1N(CCCNC1CC1)CC1CNC1,0.375026,O=C(CCN(CC1CNC1)c1cc(F)ccc1O)NC1CC1,0.087903
O=C(O)CN(CC1CNC1)c1ccccc1S,0.05249,O=C(O)C1CN(C(=O)CNc2ccccc2S)C1,0.008518
C[C@@H](NC[C@@H](N)CO)c1ccccc1,0.04799,C[C@@H](NC(=O)[C@@H](N)CO)c1ccccc1,0.00108
COc1cccc(CNCCNC2CCCNC2)c1,0.306793,COc1cccc(CNC(=O)CNC2CCCNC2)c1,0.094297
Fc1ccc(CNCCc2ccccc2N(C[C@H]2CCCN2)C2CC2)cc1,0.952493,O=C(NCCc1ccccc1N(C[C@H]1CCCN1)C1CC1)c1ccc(F)cc1,0.693174
CC[C@@H](CNc1cc(F)ccc1O)NCCNC,0.173096,CC[C@@H](CNc1cc(F)ccc1O)NC(=O)CNC,0.059847
Nc1ccccc1CN1CCC(=O)C1,0.012529,Nc1ccccc1C(=O)N1CCC(=O)C1,0.000727
CNCCN(C[C@H](N)CCN1CC(=O)C1)c1ccc(Br)cc1N,0.134311,CNCC(=O)N(C[C@H](N)CCN1CC(=O)C1)c1ccc(Br)cc1N,0.342959
CCCN(CC=O)[C@H](CCNc1cc(F)ccc1O)CNCc1ccccc1OC,0.9872,CCCN(C(=O)C=O)[C@H](CCNc1cc(F)ccc1O)CNCc1ccccc1OC,0.086865
N[C@@H](CCCN1CCC(O)CC1)C(=O)O,0.027154,N[C@@H](CCC(=O)N1CCC(O)CC1)C(=O)O,0.005725
BrCCN1CCC(N2CCC(N(Cc3c[nH]c4ccc(Br)cc34)c3ccc(Br)cc3)C2)CC1,0.995556,O=C(CBr)N1CCC(N2CCC(N(Cc3c[nH]c4ccc(Br)cc34)c3ccc(Br)cc3)C2)CC1,0.976038
NCCN(CCNCCc1c[nH]c2ccccc12)c1ccc(Br)cc1N,0.948596,NCCN(CC(=O)NCCc1c[nH]c2ccccc12)c1ccc(Br)cc1N,0.134038
CNCCN1CCC(N(CCCN)c2cc(Br)ccc2O)C1,0.427515,CNCC(=O)N1CCC(N(CCCN)c2cc(Br)ccc2O)C1,0.104984
N[C@@H](CCC(=O)O)CNCCc1ccc(O)cc1,0.602631,N[C@@H](CCC(=O)NCCc1ccc(O)cc1)C(=O)O,0.014398
C[C@H](N)CNC12CC(C1)C2,0.017506,C[C@H](N)C(=O)NC12CC(C1)C2,0.003596
O=C(O)C1CCN(CCO)CC1,0.015208,O=C(O)C1CCN(C(=O)CO)CC1,0.002929
CNCCN1CCC(N(CCCNc2ccccc2S)c2cc(F)ccc2O)C1,0.957448,CNCCN1CCC(N(CCC(=O)Nc2ccccc2S)c2cc(F)ccc2O)C1,0.699833
COc1cccc(CN(CC2CCN2)C[C@H](N)CS)c1,0.13361,COc1cccc(CN(C[C@H](N)CS)C(=O)C2CCN2)c1,0.015436
Oc1c(Br)cccc1NCCCNC1CCCNC1,0.37963,O=C(CCNC1CCCNC1)Nc1cccc(Br)c1O,0.08429
C[C@@H](O)[C@@H](CN(CCCN)CCc1ccccc1Br)N(CCBr)Cc1ccc(F)cc1,0.8155,C[C@@H](O)[C@@H](CN(CCCN)CCc1ccccc1Br)N(Cc1ccc(F)cc1)C(=O)CBr,0.579001
O=Cc1c[nH]c2cc(N(CC3CN(CC4CCN4)C3)c3cccc(Br)c3O)ccc12,0.976816,O=Cc1c[nH]c2cc(N(CC3CN(C(=O)C4CCN4)C3)c3cccc(Br)c3O)ccc12,0.198852
NCCC(=O)OC[C@@H](CN1CCCC(=O)C1)NC(CCl)c1ccc(F)cc1,0.408366,NCCC(=O)OC[C@H](NC(CCl)c1ccc(F)cc1)C(=O)N1CCCC(=O)C1,0.004238
OCC1CN(C[C@@H](Cc2c[nH]c3ccccc23)NCc2ccc(F)cc2)C1,0.935201,O=C(N[C@H](Cc1c[nH]c2ccccc12)CN1CC(CO)C1)c1ccc(F)cc1,0.647567
NCCN1CCCC(NC2CC2)C1,0.099623,NCC(=O)N(C1CC1)C1CCCNC1,0.00854
CNCCN(c1c(F)cccc1C(=O)O)C1CCCNC1,0.062708,CN(CC(=O)O)C(=O)c1cccc(F)c1NC1CCCNC1,0.018438
N[C@@H](CCC(=O)O)CN(c1ccc(Br)cc1)C1CCCN(Cc2c[nH]c3ccc(Br)cc23)C1,0.987377,N[C@@H](CCC(=O)N(c1ccc(Br)cc1)C1CCCN(Cc2c[nH]c3ccc(Br)cc23)C1)C(=O)O,0.872272
Sc1ccccc1NCC1CN(C2CNC2)C1,0.489562,O=C(Nc1ccccc1S)C1CN(C2CNC2)C1,0.039949
COc1ccccc1CCNC[C@@H](C)NC[C@H]1CCCN1,0.400479,COc1ccccc1CCNC(=O)[C@@H](C)NC[C@H]1CCCN1,0.056891
N#Cc1cc(Br)cc(NCC2(N)CCC2)c1,0.033481,N#Cc1cc(Br)cc(NC(=O)C2(N)CCC2)c1,0.000797
CN(CCNc1cc(F)c(F)cc1O)CC1(N)CCC1,0.261849,CN(CC(=O)Nc1cc(F)c(F)cc1O)CC1(N)CCC1,0.015018
Oc1c(Br)cccc1N(CC1CCNCC1)CC1CCNCC1,0.048444,O=C(C1CCNCC1)N(CC1CCNCC1)c1cccc(Br)c1O,0.059454
CC[C@@H](CNc1ccc(Br)cc1)NCCCN,0.048812,CC[C@H](NCCCN)C(=O)Nc1ccc(Br)cc1,0.003329
CNCCN(C[C@@H](N)CCNc1cc(Br)cc(C#N)c1)c1ccccc1S,0.88275,CNCCN(C[C@@H](N)CC(=O)Nc1cc(Br)cc(C#N)c1)c1ccccc1S,0.304332
CC[C@H](N)CN(C[C@H]([C@@H](C)O)N(Cc1c[nH]c2ccc(Br)cc12)CC1CCN1)c1cc(F)ccc1O,0.949288,CC[C@H](N)C(=O)N(C[C@H]([C@@H](C)O)N(Cc1c[nH]c2ccc(Br)cc12)CC1CCN1)c1cc(F)ccc1O,0.906077
N[C@@H](CCC(=O)O)CN1CC(C(=O)O)C1,0.011085,N[C@@H](CCC(=O)N1CC(C(=O)O)C1)C(=O)O,0.003097
NCCCCNCC1CNC1,0.035931,NCCCCNC(=O)C1CNC1,0.005801
N[C@H](CCCN1CCC(=O)C1)C(=O)O,0.012118,N[C@H](CCC(=O)N1CCC(=O)C1)C(=O)O,0.002277
N#Cc1ccc(N)c(N(CCC(=O)O)CC2CCN2)c1,0.013639,N#Cc1ccc(N)c(N(CCC(=O)O)C(=O)C2CCN2)c1,0.012532
N[C@H](Cc1c[nH]c2ccccc12)CN(c1cc(Br)ccc1NCC=O)C1CCC1,0.596006,N[C@H](Cc1c[nH]c2ccccc12)CN(c1cc(Br)ccc1NC(=O)C=O)C1CCC1,0.043991
CNCCN(CC1=NCCc2ccc(O)cc21)Cc1ccc(F)cc1,0.9563,CN(CCNCC1=NCCc2ccc(O)cc21)C(=O)c1ccc(F)cc1,0.340712
Fc1ccc(CN(c2ccccn2)C2CCNC2)cc1,0.288732,O=C(c1ccc(F)cc1)N(c1ccccn1)C1CCNC1,0.022977
O=CCN(C[C@H]1CCCN1)c1cc(Br)ccc1O,0.050781,O=CCN(C(=O)[C@H]1CCCN1)c1cc(Br)ccc1O,0.043643
C#CCN(Cc1ccc(N)c(O)c1)C[C@@H]1CCCN1,0.386354,C#CCN(Cc1ccc(N)c(O)c1)C(=O)[C@@H]1CCCN1,0.163754
Fc1ccc(C(CCl)N(CCBr)CCc2c[nH]c3ccccc23)c(NCCCCNC2CCNC2)c1,0.75297,O=C(CBr)N(CCCCNC1CCNC1)c1cc(F)ccc1C(CCl)NCCc1c[nH]c2ccccc12,0.342624
C[C@H](CN1CCC[C@H](O)C1)N(CCCN)C(CCl)c1ccc(Br)cc1,0.890573,C[C@H](CN1CCC[C@H](O)C1)N(C(=O)CCN)C(CCl)c1ccc(Br)cc1,0.65763
Nc1cccc(Br)c1CN1CCC[C@@H]1CNc1cccc2cc[nH]c12,0.556024,Nc1cccc(Br)c1CN1CCC[C@@H]1C(=O)Nc1cccc2cc[nH]c12,0.064138
C[C@@H](O)[C@H](NC[C@H]1CCCN1)C(=O)O,0.009662,C[C@@H](O)[C@H](NC(=O)[C@H]1CCCN1)C(=O)O,0.002509
CCCN[C@@H](CO)CN(Cc1cccc(F)c1N)c1cc(Br)ccc1O,0.605793,CCCN(C(=O)c1cccc(F)c1N)[C@@H](CO)CNc1cc(Br)ccc1O,0.038052
NCCN(CCCN1CCC1CNc1cccc2cc[nH]c12)C(CCl)c1ccc(Br)cc1,0.991088,NCC(=O)N(CC1CCN1CCCNC(CCl)c1ccc(Br)cc1)c1cccc2cc[nH]c12,0.987978
CC(C)[C@@H](CN(CCN)CCc1c[nH]c2ccccc12)N(CCBr)Cc1cccnc1Br,0.906226,CC(C)[C@@H](CN(CCN)CCc1c[nH]c2ccccc12)N(Cc1cccnc1Br)C(=O)CBr,0.724535
O[C@@H]1C[C@@H](CN(CCc2c[nH]c3ccccc23)Cc2ccc(F)cc2)N(CCNCc2cccc(F)n2)C1,0.941748,O=C(NCCN1C[C@H](O)C[C@H]1CN(CCc1c[nH]c2ccccc12)Cc1ccc(F)cc1)c1cccc(F)n1,0.896744
Nc1cccc(Br)c1CN1CC(N(CCc2c[nH]c3ccccc23)C[C@H]2CCCN2)C1,0.986192,Nc1cccc(Br)c1CN1CC(N(CCc2c[nH]c3ccccc23)C(=O)[C@H]2CCCN2)C1,0.857153
Nc1cccc(N(C[C@H]2CCCN2C[C@H]2CCCN2)C2CC2)c1N,0.645133,Nc1cccc(N(C[C@H]2CCCN2C(=O)[C@H]2CCCN2)C2CC2)c1N,0.025628
COc1ccccc1CCNC[C@@H]1CCCN(CCC(=O)O)C1,0.768408,COc1ccccc1CCNC(=O)CCN1CCC[C@@H](C(=O)O)C1,0.112003
Oc1c(Br)cccc1NC[C@@H]1C[C@@H](O)CN1,0.02626,O=C(Nc1cccc(Br)c1O)[C@@H]1C[C@@H](O)CN1,0.00284
C[C@@H](N)CN(C)CCN(c1cccc(Br)c1O)C1CCC1,0.204787,C[C@@H](N)C(=O)N(C)CCN(c1cccc(Br)c1O)C1CCC1,0.007965
N[C@@H](CNCCCNc1cccc(Br)c1O)Cc1ccccc1,0.767158,N[C@@H](CNCCC(=O)Nc1cccc(Br)c1O)Cc1ccccc1,0.084704
C[C@@H](CN(CC1CCN1)c1cc(Br)ccc1O)NCc1c[nH]c2ccccc12,0.841473,C[C@@H](CN(C(=O)C1CCN1)c1cc(Br)ccc1O)NCc1c[nH]c2ccccc12,0.663478
C[C@@H](NCc1ccc(N)c(Br)c1)C(=O)O,0.005876,C[C@@H](N)C(=O)Nc1ccc(C(=O)O)cc1Br,0.000423
O=C1CCN(C[C@H]2CCCN2Cc2c[nH]c3ccc(NC(CCl)c4ccc(Br)cc4)cc23)C1,0.986863,O=C1CCN(C(=O)[C@H]2CCCN2Cc2c[nH]c3ccc(NC(CCl)c4ccc(Br)cc4)cc23)C1,0.77492
NCCCN1CCC(CN(CCc2c[nH]c3ccccc23)Cc2ccc(F)cc2)CC1,0.999988,NCCCN1CCC(CN(CCc2c[nH]c3ccccc23)C(=O)c2ccc(F)cc2)CC1,0.99568
Nc1c(F)cccc1CN1CC(N(Cc2c[nH]c3ccc(Br)cc23)C23CC(C2)C3)C1,0.993006,Nc1c(F)cccc1C(=O)N1CC(N(Cc2c[nH]c3ccc(Br)cc23)C23CC(C2)C3)C1,0.840332
Nc1c(Br)cccc1N(C1CN(CC2CCN2)C1)C(CCl)c1ccc(F)cc1F,0.98417,Nc1c(Br)cccc1N(C1CN(C(=O)C2CCN2)C1)C(CCl)c1ccc(F)cc1F,0.403602
N[C@H](CCN1CCCC(=O)C1)CNc1ccccc1O,0.22791,N[C@H](CCN1CCCC(=O)C1)C(=O)Nc1ccccc1O,0.010941
COc1ccccc1CCN(CCN)C1CCCN(Cc2ccc(N)c(Br)c2)C1,0.9944,COc1ccccc1CCN(CCN)C1CCCN(C(=O)c2ccc(N)c(Br)c2)C1,0.968902
Nc1c(O)cccc1CN1CC(C(=O)O)C1,0.021209,Nc1c(O)cccc1C(=O)N1CC(C(=O)O)C1,0.003488
CCCN(CCCCNCc1ccc(N)c(Br)c1)C[C@H](C)N,0.968722,CCCN(CCCCN)C[C@H](C)NC(=O)c1ccc(N)c(Br)c1,0.963409
N[C@@H](CCCN(CCc1ccccc1Br)Cc1c[nH]c2ccc(Br)cc12)CN1CC(=O)C1,0.994791,N[C@@H](CCCN(CCc1ccccc1Br)Cc1c[nH]c2ccc(Br)cc12)C(=O)N1CC(=O)C1,0.84483
C[C@H](N)CN1CCC[C@@H]1CNCCc1ccccc1Br,0.86649,C[C@H](N)CN1CCC[C@@H]1C(=O)NCCc1ccccc1Br,0.152764
C=CCN1CCCC(=O)C1,0.013761,C=CC(=O)N1CCCC(=O)C1,0.001856
NCCN(C[C@@H]1CCCN1)c1ccc(Br)cc1N,0.060043,NCC(=O)N(C[C@@H]1CCCN1)c1ccc(Br)cc1N,0.115152
c1ccc(N(C[C@H]2CCCN2)C[C@@H]2CCCN2)nc1,0.140966,O=C([C@@H]1CCCN1)N(C[C@H]1CCCN1)c1ccccn1,0.097223
O=C(O)C1CCN1CCCNC(CCl)c1ccc(Br)cc1,0.080887,O=C(O)C1CCN1C(=O)CCNC(CCl)c1ccc(Br)cc1,0.008586
Fc1cc(C2c3cccc(Br)c3CCN2C2CCN(CCBr)C2)ccn1,0.949056,O=C(CBr)N1CCC(N2CCc3c(Br)cccc3C2c2ccnc(F)c2)C1,0.688597
CC[C@@H](CNc1ccc(Br)cc1)NC1CCCNC1,0.117041,CC[C@H](NC1CCCNC1)C(=O)Nc1ccc(Br)cc1,0.014925
COc1ccccc1CNCC1CNC1,0.148403,COc1ccccc1CNC(=O)C1CNC1,0.007062
CC[C@H](NCC1CNC1)C(=O)Oc1ccc(F)cc1N,0.040697,CC[C@H](N)C(=O)Oc1ccc(F)cc1NC(=O)C1CNC1,0.002323
Nc1ccc(CNc2c(F)cccc2C(=O)O)cc1O,0.007143,Nc1c(F)cccc1C(=O)Nc1ccc(C(=O)O)cc1O,0.002064
C[C@@H](N)CN(c1cc(F)ccc1O)C1CCCN(CC(CBr)Nc2cc(C#N)ccc2N)C1,0.954021,C[C@@H](N)C(=O)N(c1cc(C#N)ccc1N)C(CBr)CN1CCCC(Nc2cc(F)ccc2O)C1,0.766989
CC[C@H](N)CN1CCC1CN(C)CCNc1cccc2cc[nH]c12,0.598427,CC[C@H](N)CN1CCC1CN(C)CC(=O)Nc1cccc2cc[nH]c12,0.121748
C#Cc1ccc(O)c(N(Cc2c[nH]c3cc(Br)ccc23)C[C@H](CCCN)NCCN)c1,0.966663,C#Cc1ccc(O)c(N(Cc2c[nH]c3cc(Br)ccc23)C[C@@H](N)CCCNC(=O)CN)c1,0.795016
Oc1ccc(F)cc1NCCCN(Cc1c[nH]c2ccc(Br)cc12)C1CNC1,0.990094,O=C(CCN(Cc1c[nH]c2ccc(Br)cc12)C1CNC1)Nc1cc(F)ccc1O,0.959313
N[C@H](CNc1ccccn1)Cc1c[nH]c2ccccc12,0.088614,N[C@@H](Cc1c[nH]c2ccccc12)C(=O)Nc1ccccn1,0.011683
NCCCN(CC1CCN1CC1CNC1)c1ccccc1S,0.393057,NCCCN(CC1CCN1C(=O)C1CNC1)c1ccccc1S,0.0315
CC(C)[C@@H](N)CN(c1ccccc1S)C1CN(CCCN)C1,0.123274,CC(C)[C@@H](N)CN(c1ccccc1S)C1CN(C(=O)CCN)C1,0.007314
N[C@H](CO)CN1CCC[C@@H]1CNc1cccc(Br)c1O,0.344512,N[C@H](CO)C(=O)N(C[C@H]1CCCN1)c1cccc(Br)c1O,0.102078
O=C(O)C[C@H](CNc1cc(F)c(F)cc1O)NC1CNC1,0.143555,O=C(C[C@@H](NC1CNC1)C(=O)O)Nc1cc(F)c(F)cc1O,0.020993
N[C@@H](CS)CN1CCC[C@H]1CNc1cc(F)ccc1O,0.604581,N[C@@H](CS)CN1CCC[C@H]1C(=O)Nc1cc(F)ccc1O,0.084704
N[C@@H](CCC(=O)O)CN(CC1(N)CCC1)c1ccc(Br)cc1O,0.017131,N[C@@H](CCC(=O)O)CN(C(=O)C1(N)CCC1)c1ccc(Br)cc1O,0.029732
O=CCCN(CCBr)c1ccc(CN(CCc2ccccc2Br)C2CCCNC2)cc1Br,0.858112,O=CCCN(C(=O)CBr)c1ccc(CN(CCc2ccccc2Br)C2CCCNC2)cc1Br,0.551499
C#CCNCCn1cc(C[C@@H](N)CN2CCCCC2)c2ccccc21,0.569055,C#CCNCCn1cc(C[C@@H](N)C(=O)N2CCCCC2)c2ccccc21,0.011671
NCCNc1cccc(Br)c1O,0.059803,NCC(=O)Nc1cccc(Br)c1O,0.002971
CC(C)(N)CNCCc1c[nH]c2ccccc12,0.821162,CC(C)(N)C(=O)NCCc1c[nH]c2ccccc12,0.024698
Nc1cccc(Br)c1NC1CCCN(CCBr)C1,0.072765,Nc1cccc(Br)c1N(C(=O)CBr)C1CCCNC1,0.018613
Nc1ccc(CN2CCC2CN(CCc2c[nH]c3ccccc23)C[C@H](N)CO)cc1Br,0.985113,Nc1ccc(C(=O)N2CCC2CN(CCc2c[nH]c3ccccc23)C[C@H](N)CO)cc1Br,0.951821
Oc1ccc(Br)cc1NC[C@H](Cc1c[nH]c2ccccc12)N(CCBr)CC1CNC1,0.964222,O=C(CBr)N(CC1CNC1)[C@H](CNc1cc(Br)ccc1O)Cc1c[nH]c2ccccc12,0.443557
Oc1c(Br)cccc1N(C[C@H](CS)NCCBr)C1CCCN(Cc2c[nH]c3ccc(Br)cc23)C1,0.977762,O=C(CBr)N[C@@H](CS)CN(c1cccc(Br)c1O)C1CCCN(Cc2c[nH]c3ccc(Br)cc23)C1,0.907728
C[C@@H](CN(C[C@H]1CCCN1)c1ccccc1O)NCCCN,0.140523,C[C@@H](CN(C(=O)[C@H]1CCCN1)c1ccccc1O)NCCCN,0.216038
C#CCN(C[C@H](N)Cc1c[nH]c2ccccc12)C[C@H](CO)NC1CCC1,0.660913,C#CCN(C[C@H](CO)NC1CCC1)C(=O)[C@H](N)Cc1c[nH]c2ccccc12,0.109733
O=CCCN(C[C@H]1CCCN1CC1CNC1)c1cccc2cc[nH]c12,0.849427,O=CCCN(C[C@H]1CCCN1C(=O)C1CNC1)c1cccc2cc[nH]c12,0.024565
CN(CCNCCc1c[nH]c2ccccc12)C[C@H]1CCCN1,0.903089,CN(CCNCCc1c[nH]c2ccccc12)C(=O)[C@H]1CCCN1,0.359399
C[C@H](CN(CCCN)CCCNc1cc(Br)ccc1O)NC(CCl)c1ccc(Br)cc1,0.961089,C[C@H](CN(CCCNc1cc(Br)ccc1O)C(=O)CCN)NC(CCl)c1ccc(Br)cc1,0.361539
NCCCNCc1ccccc1O,0.506374,NCCC(=O)NCc1ccccc1O,0.012209
COc1ccccc1CNC[C@H](C)NCC[C@@H](N)C(=O)O,0.040292,COc1ccccc1CNC[C@H](C)NC(=O)C[C@@H](N)C(=O)O,0.008019
NC1(CNC2(C(=O)O)CCC2)CCC1,0.006802,NC1(C(=O)NC2(C(=O)O)CCC2)CCC1,0.001496
N[C@H](CCN1CC(=O)C1)CNCCc1ccncc1,0.362836,N[C@@H](CNCCc1ccncc1)CC(=O)N1CC(=O)C1,0.022561
C1CN[C@H](CN(C2CC2)C2CNC2)C1,0.047808,O=C([C@@H]1CCCN1)N(C1CC1)C1CNC1,0.005324
C[C@H](CN1CCC1CNCCc1ccccc1)NCc1ccc(O)c(N)c1,0.978861,C[C@H](CN1CCC1C(=O)NCCc1ccccc1)NCc1ccc(O)c(N)c1,0.51212
CC(C)C[C@H](N)CNc1c(N)cccc1Br,0.018485,CC(C)C[C@H](N)C(=O)Nc1c(N)cccc1Br,0.00098
Nc1c(F)cccc1CNc1cc(F)ccc1OC(=O)[C@@H]1CCCN1C1CCCN(Cc2ccc(F)cc2)C1,0.788175,Nc1c(F)cccc1C(=O)Nc1cc(F)ccc1OC(=O)[C@@H]1CCCN1C1CCCN(Cc2ccc(F)cc2)C1,0.702448
OC[C@H](CNCCc1ccc(O)cc1)N(Cc1ccc(F)cc1)C1CCCNC1,0.952574,O=C(NCCc1ccc(O)cc1)[C@@H](CO)N(Cc1ccc(F)cc1)C1CCCNC1,0.737263
COc1cccc2c1CCN(CC=O)C2CN(CCc1c[nH]c2ccc(O)cc12)C1CCNC1,0.994744,COc1cccc2c1CCN(C(=O)C=O)C2CN(CCc1c[nH]c2ccc(O)cc12)C1CCNC1,0.948407
NCCCN(CC1CNC1)c1cccnc1Br,0.076339,NCCC(=O)N(CC1CNC1)c1cccnc1Br,0.090083
C[C@@H](N)CN1CC(CNc2cccc(Br)c2O)C1,0.031553,C[C@@H](N)CN1CC(C(=O)Nc2cccc(Br)c2O)C1,0.001801
COc1ccccc1CCNC[C@@H]1CCCN1C(CBr)CN(CCCN)c1cc(F)ccc1O,0.98706,COc1ccccc1CCNC(=O)[C@@H]1CCCN1C(CBr)CN(CCCN)c1cc(F)ccc1O,0.945423
N[C@H](CCC(=O)O)CN(CCc1ccccc1)CC1CCN1,0.2013,N[C@H](CCC(=O)N1CCC1C(=O)O)CNCCc1ccccc1,0.050234
CN(CCNCCc1c[nH]c2ccccc12)C(CCl)c1ccc(Cl)c(Cl)c1,0.987828,CN(CC(=O)NCCc1c[nH]c2ccccc12)C(CCl)c1ccc(Cl)c(Cl)c1,0.482291
C[C@H](N)CN(CC1CCN1)c1cccc2cc[nH]c12,0.178524,C[C@H](N)CN(C(=O)C1CCN1)c1cccc2cc[nH]c12,0.297679
CC[C@H](N)CN(C[C@H]1CCCN1)c1cccc(Br)c1N,0.098985,CC[C@H](N)C(=O)N(C[C@H]1CCCN1)c1cccc(Br)c1N,0.164958
CC[C@@H](CN(CCc1c[nH]c2ccccc12)Cc1cccc(F)c1N)N(CCBr)CCCN,0.989746,CC[C@@H](CN(CCc1c[nH]c2ccccc12)Cc1cccc(F)c1N)N(CCCN)C(=O)CBr,0.870245
COc1ccc(O)c(N(CCC=O)CCCN)c1,0.019639,COc1ccc(O)c(N(CCC=O)C(=O)CCN)c1,0.009251
NCCC[C@H](N)CN(CCc1ccccc1Br)CC1CCN1Cc1ccc(F)cc1,0.935726,NCCC[C@H](N)CN(CCc1ccccc1Br)CC1CCN1C(=O)c1ccc(F)cc1,0.873262
N[C@H](CCNCCc1c[nH]c2ccccc12)CN1CC(=O)C1,0.751548,N[C@H](CCNCCc1c[nH]c2ccccc12)C(=O)N1CC(=O)C1,0.133323
NCCN1CCC[C@@H]1C(=O)O,0.008425,NCC(=O)N1CCC[C@@H]1C(=O)O,0.004345
N[C@@H](CCCNCCc1ccccc1)C(=O)O,0.295225,N[C@@H](CCC(=O)NCCc1ccccc1)C(=O)O,0.002954
CN(CC(=O)OC[C@H](N)C(=O)O)Cc1ccc(N)c(Br)c1,0.002415,CN(CC(=O)OC[C@H](N)C(=O)O)C(=O)c1ccc(N)c(Br)c1,0.000435
OCCN(CCCNc1ccc(Br)cc1O)C(CCl)c1ccc(Br)cc1,0.66827,O=C(CCN(CCO)C(CCl)c1ccc(Br)cc1)Nc1ccc(Br)cc1O,0.023295
COc1ccc(N)c(NCC2CCN2CCCNc2cccc(Br)c2O)c1,0.632565,COc1ccc(N)c(NC(=O)C2CCN2CCCNc2cccc(Br)c2O)c1,0.261029
C[C@H](CNCCc1ccccc1Br)NCCO,0.234968,C[C@@H](NCCO)C(=O)NCCc1ccccc1Br,0.00185
Nc1cc(Br)ccc1NC[C@H]1CCCN1CCC=O,0.318447,Nc1cc(Br)ccc1NC(=O)[C@H]1CCCN1CCC=O,0.02234
Nc1ccc(Br)cc1NCCBr,0.006518,Nc1cc(Br)ccc1NC(=O)CBr,0.000461
C[C@@H](N)CN(c1c(N)cccc1Br)C1CCCN(C[C@H]2CCCN2)C1,0.871682,C[C@@H](N)CN(c1c(N)cccc1Br)C1CCCN(C(=O)[C@H]2CCCN2)C1,0.048279
CN(CCN(c1ccccc1O)C(CCl)c1ccc(F)cc1)C1CCN(Cc2ccc(F)cc2)CC1,0.974687,CN(CCN(c1ccccc1O)C(CCl)c1ccc(F)cc1)C1CCN(C(=O)c2ccc(F)cc2)CC1,0.746331
N[C@@H](CCNC1CC1)CN1CCC(=O)C1,0.041831,N[C@@H](CC(=O)NC1CC1)CN1CCC(=O)C1,0.010012
CNCCN1CCC[C@@H]1CNc1ccc(Br)cc1O,0.539281,CNCCN1CCC[C@@H]1C(=O)Nc1ccc(Br)cc1O,0.05168
Nc1ccc(CN(CCBr)[C@H](CS)CN(Cc2cccc(O)c2)CC2CCN2)cc1Br,0.770633,Nc1ccc(CN(C(=O)CBr)[C@H](CS)CN(Cc2cccc(O)c2)CC2CCN2)cc1Br,0.694709
CC[C@H](N)CN(CC[C@@H](N)CNCCc1c[nH]c2ccccc12)c1cccc(Br)c1O,0.932617,CC[C@H](N)C(=O)N(CC[C@@H](N)CNCCc1c[nH]c2ccccc12)c1cccc(Br)c1O,0.815956
NCCCN1CCC1CN(c1cccc2cc[nH]c12)C(CCl)c1ccc(Cl)c(Cl)c1,0.996661,NCCC(=O)N1CCC1CN(c1cccc2cc[nH]c12)C(CCl)c1ccc(Cl)c(Cl)c1,0.564152
C[C@H](CN1CCC(N(CCBr)c2ccc(F)nc2Br)CC1)NCc1c[nH]c2ccccc12,0.947164,C[C@H](CN1CCC(N(C(=O)CBr)c2ccc(F)nc2Br)CC1)NCc1c[nH]c2ccccc12,0.867268
CN(CCNc1ccccc1O)C1CN(CCN)C1,0.12458,CN(CC(=O)Nc1ccccc1O)C1CN(CCN)C1,0.009817
N[C@@H](Cc1c[nH]c2ccccc12)CN(C[C@H]1CCCN1)c1ccc(Br)cc1O,0.93092,N[C@@H](Cc1c[nH]c2ccccc12)CN(C(=O)[C@H]1CCCN1)c1ccc(Br)cc1O,0.768694
N[C@H](CCN(CCc1ccc(O)cc1)Cc1c[nH]c2ccc(Br)cc12)CN(CC=O)CCc1ccccc1,0.942431,N[C@H](CCN(CCc1ccc(O)cc1)Cc1c[nH]c2ccc(Br)cc12)CN(CCc1ccccc1)C(=O)C=O,0.752953
C=CCN(C[C@H](CCCN1CCC(=O)CC1)NCc1cccc(Br)c1)c1cccc2cc[nH]c12,0.983919,C=CC(=O)N(C[C@H](CCCN1CCC(=O)CC1)NCc1cccc(Br)c1)c1cccc2cc[nH]c12,0.911489
N#Cc1ccc(N)c(NCCN)c1,0.054274,N#Cc1ccc(N)c(NC(=O)CN)c1,0.002885
C[C@@H](N)CN(C)CCN(CCCN)c1cccc(Br)c1O,0.177393,C[C@@H](N)CN(C)CCN(C(=O)CCN)c1cccc(Br)c1O,0.392794
Nc1ccc(CN(CCc2c[nH]c3ccccc23)C2CN(C[C@@H](N)CC(=O)O)C2)cc1Br,0.953698,Nc1ccc(CN(CCc2c[nH]c3ccccc23)C2CN(C(=O)C[C@H](N)C(=O)O)C2)cc1Br,0.875504
N[C@@H](CCCNCCc1ccccc1Br)CN(CCc1ccccc1Br)CC1CCN1,0.488003,N[C@@H](CCCN(CCc1ccccc1Br)C(=O)C1CCN1)CNCCc1ccccc1Br,0.069075
CN(CCN1CCC(=O)CC1)c1cccc(C=O)c1,0.036729,CN(CC(=O)N1CCC(=O)CC1)c1cccc(C=O)c1,0.000408
C[C@@H](CNc1cc(Br)ccc1O)N(C1CCCNC1)C1CNC1,0.461777,C[C@@H](C(=O)Nc1cc(Br)ccc1O)N(C1CCCNC1)C1CNC1,0.237406
CC(C)CN(C[C@H]1CCCN1)C1CCNCC1,0.016947,CC(C)CN(C(=O)[C@H]1CCCN1)C1CCNCC1,0.003161
N[C@@H](Cc1c[nH]cn1)CN(CC(=O)CBr)C1CCC1,0.072031,N[C@@H](Cc1c[nH]cn1)CN(C(=O)C(=O)CBr)C1CCC1,0.005335
CC(C)[C@H](N)CN1CCC(=O)C1,0.013993,CC(C)[C@H](N)C(=O)N1CCC(=O)C1,0.001606
C[C@H](N)CN[C@@H](C)CN(C)CCNc1cccc2cc[nH]c12,0.285606,C[C@H](N)CN[C@@H](C)CN(C)CC(=O)Nc1cccc2cc[nH]c12,0.041981
Brc1ccc(NC[C@H]2CCCN2)c(NCc2c[nH]c3ccc(Br)cc23)c1,0.466362,O=C(Nc1ccc(Br)cc1NCc1c[nH]c2ccc(Br)cc12)[C@H]1CCCN1,0.158718
Oc1ccc(F)cc1NCCN1CCC[C@H]1CNc1cc(F)ccc1O,0.444599,O=C(Nc1cc(F)ccc1O)[C@@H]1CCCN1CCNc1cc(F)ccc1O,0.308193
NCCCN(CCCNc1cccc2cc[nH]c12)CCC(=O)O,0.1961,NCCCN(CCC(=O)O)CCC(=O)Nc1cccc2cc[nH]c12,0.016786
N#Cc1ccc(O)c(N(CC2CCN2)c2cc(F)ccc2C(=O)CCl)c1,0.341392,N#Cc1ccc(O)c(N(C(=O)C2CCN2)c2cc(F)ccc2C(=O)CCl)c1,0.103222
CNCCN[C@H](CCNc1cc(OC)ccc1O)CNCCc1ccc(O)cc1,0.898675,CNCCN[C@H](CCNc1cc(OC)ccc1O)C(=O)NCCc1ccc(O)cc1,0.51449
Nc1ccc(CNCCc2ccc(O)cc2)cc1Br,0.54453,Nc1ccc(C(=O)NCCc2ccc(O)cc2)cc1Br,0.031044
COCCN(Cc1ccc(N)c(Br)c1)C[C@H](C)N,0.018905,COCCN(Cc1ccc(N)c(Br)c1)C(=O)[C@H](C)N,0.010997
COc1ccccc1CCNC[C@@H](N)[C@@H](C)O,0.235363,COc1ccccc1CCNC(=O)[C@@H](N)[C@@H](C)O,0.001086
CC[C@@H](CNc1ccc(Br)cc1)N(CC1CCN1)C1CCCNC1,0.362108,CC[C@@H](CN(C(=O)C1CCN1)c1ccc(Br)cc1)NC1CCCNC1,0.203251
O=C(O)[C@@H]1C[C@@H](O)CN1CCBr,0.003847,O=C(O)[C@@H]1C[C@@H](O)CN1C(=O)CBr,0.001908
C=CCN(C[C@H]1CCCN1)[C@@H](CCNc1cc(F)ccc1O)CNCCc1c[nH]c2ccccc12,0.904435,C=CC(=O)N(CC[C@@H](CNCCc1c[nH]c2ccccc12)NC[C@H]1CCCN1)c1cc(F)ccc1O,0.396003
O=CCN(c1cc(F)ccc1C(CCl)NCCc1c[nH]c2ccccc12)[C@H](CC(=O)O)CN1CCCCC1,0.978086,O=CC(=O)N(CCc1c[nH]c2ccccc12)C(CCl)c1ccc(F)cc1N[C@H](CC(=O)O)CN1CCCCC1,0.886516
Brc1ccccc1CCN(CC1CCN1)C1CCCNC1,0.843799,O=C(C1CCN1)N(CCc1ccccc1Br)C1CCCNC1,0.089752
N[C@@H](CCCNc1ccc(C(=O)O)cc1Br)C(=O)O,0.004189,N[C@@H](CCC(=O)Nc1ccc(C(=O)O)cc1Br)C(=O)O,0.000479
Oc1ccc(CNCCc2c[nH]c3ccccc23)cc1NC1CCNC1,0.934179,O=C(NCCc1c[nH]c2ccccc12)c1ccc(O)c(NC2CCNC2)c1,0.558064
CN(CCNc1cccc(Br)c1O)CCNC1CNC1,0.271103,CN(CCNC1CNC1)CC(=O)Nc1cccc(Br)c1O,0.059159
Nc1ccc(CNCCCNC2CCC2)cc1O,0.385103,Nc1ccc(C(=O)NCCCNC2CCC2)cc1O,0.07154
N[C@H](CCCN1CC(=O)C1)CNc1cccc2cc[nH]c12,0.252938,N[C@H](CCCN1CC(=O)C1)C(=O)Nc1cccc2cc[nH]c12,0.017062
Fc1ccc(CN(CCNCCCNCCc2c[nH]c3ccccc23)C2CC2)cc1,0.989842,O=C(c1ccc(F)cc1)N(CCCNCCNC1CC1)CCc1c[nH]c2ccccc12,0.746533
COc1ccc(O)c(N(Cc2c[nH]c3ccc(F)cc23)C2CCCN(CC3CCN3CCN)C2)c1,0.993541,COc1ccc(O)c(N(Cc2c[nH]c3ccc(F)cc23)C2CCCN(CC3CCN3C(=O)CN)C2)c1,0.972837
OC[C@H](CNCCc1c[nH]c2ccccc12)NC1CNC1,0.829023,O=C(NCCc1c[nH]c2ccccc12)[C@@H](CO)NC1CNC1,0.405017
C#CCN(Cc1cccc(O)c1N)C[C@@H](N)CC,0.176054,C#CCN(C[C@@H](N)CC)C(=O)c1cccc(O)c1N,0.04759
N[C@@H](Cc1c[nH]c2ccccc12)CN(CC(=O)O)C[C@H]1CCCN1,0.468911,N[C@@H](Cc1c[nH]c2ccccc12)CN(CC(=O)O)C(=O)[C@H]1CCCN1,0.119231
NCCN(C[C@H]1CCCN1)c1ccc(Br)cc1O,0.144474,NCCN(C(=O)[C@H]1CCCN1)c1ccc(Br)cc1O,0.201911
O=CCCN[C@@H](CS)CNCCc1c[nH]c2ccccc12,0.710707,O=CCCN[C@@H](CS)C(=O)NCCc1c[nH]c2ccccc12,0.028095
OC[C@H](CN(C[C@@H]1CCCN1)c1cccc(Br)c1O)NCC1CCN1,0.118466,O=C([C@@H]1CCCN1)N(CC1CCN1)[C@H](CO)CNc1cccc(Br)c1O,0.054014
Nc1c(Br)cccc1NC[C@@H](N)Cc1ccccc1,0.084505,Nc1c(Br)cccc1NC(=O)[C@@H](N)Cc1ccccc1,0.002983
COc1ccc(O)c(N(CC=O)CCCN(CCBr)CC2(N)CCC2)c1,0.156228,COc1ccc(O)c(N(CC=O)CCCN(CCBr)C(=O)C2(N)CCC2)c1,0.003256
CN(CCNc1cccc(Br)c1O)Cc1c[nH]c2ccc(Br)cc12,0.82238,CN(CC(=O)Nc1cccc(Br)c1O)Cc1c[nH]c2ccc(Br)cc12,0.116983
NCCCN1CCC1CN(C[C@@H](N)Cc1c[nH]c2ccccc12)c1cccc(Br)c1N,0.983672,NCCC(=O)N1CCC1CN(C[C@@H](N)Cc1c[nH]c2ccccc12)c1cccc(Br)c1N,0.363373
N[C@@H](Cc1ccc(O)cc1)CN1CCC[C@H]1C(=O)O,0.218925,N[C@@H](Cc1ccc(O)cc1)C(=O)N1CCC[C@H]1C(=O)O,0.032292
NCCCN(C[C@@H](N)CS)C1CC1,0.055769,NCCC(=O)N(C[C@@H](N)CS)C1CC1,0.00782
C[C@H](CN1CCC(=O)CC1)NCc1ccc(N)c(O)c1,0.527517,C[C@H](CN1CCC(=O)CC1)NC(=O)c1ccc(N)c(O)c1,0.114015
BrCCN1CCC(NCCc2c[nH]c3ccccc23)C1,0.668145,O=C(CBr)N(CCc1c[nH]c2ccccc12)C1CCNC1,0.132315
Nc1ccc(Br)cc1NC1CCN(CC2CCN2)CC1,0.680325,Nc1ccc(Br)cc1N(C(=O)C1CCN1)C1CCNCC1,0.072179
Nc1ccc(CNc2cc(Br)ccc2O)cc1Br,0.022646,Nc1ccc(C(=O)Nc2cc(Br)ccc2O)cc1Br,0.007221
NCCN(Cc1ccc(F)cc1)C1(CN2CCC[C@H]2CNCCc2c[nH]c3ccccc23)CCC1,0.989669,NCC(=O)N(CCc1c[nH]c2ccccc12)C[C@@H]1CCCN1CC1(NCc2ccc(F)cc2)CCC1,0.924645
NC1(CN(CC(=O)CBr)Cc2ccc(O)cc2)CCC1,0.044036,NC1(CN(Cc2ccc(O)cc2)C(=O)C(=O)CBr)CCC1,0.004799
Oc1cc(Br)ccc1N(Cc1c[nH]c2ccccc12)CC1CCN1C[C@H]1CCCN1,0.999994,O=C([C@H]1CCCN1)N1CCC1CN(Cc1c[nH]c2ccccc12)c1ccc(Br)cc1O,0.62609
COc1ccccc1CNC[C@H](N)CCNc1cc(F)ccc1O,0.608997,COc1ccccc1CNC[C@H](N)CC(=O)Nc1cc(F)ccc1O,0.027845
BrCCN1CCC1CNCCc1ccccc1,0.727683,O=C(CBr)N(CCc1ccccc1)CC1CCN1,0.018854
COc1ccccc1CCN(Cc1ccc(F)cc1)C[C@H](C)N,0.921231,COc1ccccc1CCN(C[C@H](C)N)C(=O)c1ccc(F)cc1,0.009948
CCCN1CCC1CN(CCN)c1cccc2cc[nH]c12,0.906138,CCCN1CCC1CN(C(=O)CN)c1cccc2cc[nH]c12,0.956284
C=CCN(c1ccccc1O)C1CNC1,0.121053,C=CC(=O)N(c1ccccc1O)C1CNC1,0.049856
Fc1ccc(CN(CCc2c[nH]c3ccccc23)C[C@H]2CCCN2)cc1,0.999988,O=C([C@H]1CCCN1)N(CCc1c[nH]c2ccccc12)Cc1ccc(F)cc1,0.450067
Oc1cc(F)c(F)cc1NCC1CCN1,0.060353,O=C(Nc1cc(F)c(F)cc1O)C1CCN1,0.008498
C[C@@H](N)CN(CCC(=O)O)c1ccc(O)c(N)c1,0.006107,C[C@@H](N)C(=O)N(CCC(=O)O)c1ccc(O)c(N)c1,0.011533
CC(C)CNCCNCCCNc1ccc(Br)cc1,0.076847,CC(C)CNCCNCCC(=O)Nc1ccc(Br)cc1,0.013901
N[C@@H](CNC1CC1)Cc1c[nH]cn1,0.066824,N[C@H](Cc1c[nH]cn1)C(=O)NC1CC1,0.014017
NCCC[C@H](N)CN1CCC(NCCc2ccccc2Br)CC1,0.802173,NCCC[C@H](N)C(=O)N(CCc1ccccc1Br)C1CCNCC1,0.045832
Brc1cccc(CN2CCC2CN(C[C@H]2CCCN2)c2cccc3cc[nH]c23)c1,0.993828,O=C([C@H]1CCCN1)N(CC1CCN1Cc1cccc(Br)c1)c1cccc2cc[nH]c12,0.978389
Brc1cccc(NC[C@@H]2CCCN2)c1NCC1CCN1,0.099185,O=C(Nc1cccc(Br)c1NCC1CCN1)[C@@H]1CCCN1,0.037326
CC[C@H](N)CN1CCC[C@@H]1CN(CCBr)c1cccc2cc[nH]c12,0.908134,CC[C@H](N)CN1CCC[C@@H]1CN(C(=O)CBr)c1cccc2cc[nH]c12,0.885554
CC[C@H](N)CN(C[C@@H](C)N(Cc1c[nH]c2ccc(Br)cc12)C[C@H]1CCCN1)c1cccc(Br)c1N,0.945208,CC[C@H](N)C(=O)N(C[C@@H](C)N(Cc1c[nH]c2ccc(Br)cc12)C[C@H]1CCCN1)c1cccc(Br)c1N,0.87879
COc1ccccc1CCNCCNCCC(=O)Oc1ccc(F)cc1N,0.963149,COc1ccccc1CCNC(=O)CNCCC(=O)Oc1ccc(F)cc1N,0.5055
C[C@@H](CN(Cc1c[nH]c2cc(Br)ccc12)c1cccc(Br)c1O)NCC=O,0.688582,C[C@@H](CN(Cc1c[nH]c2cc(Br)ccc12)c1cccc(Br)c1O)NC(=O)C=O,0.07542
N[C@H](CCCN1CCC1CNCCc1ccc(O)cc1)CNc1cccc2cc[nH]c12,0.989161,N[C@H](CCCN1CCC1CNCCc1ccc(O)cc1)C(=O)Nc1cccc2cc[nH]c12,0.951625
Nc1c(Br)cccc1NC[C@@H](N)Cc1c[nH]c2ccccc12,0.08749,Nc1c(Br)cccc1NC(=O)[C@@H](N)Cc1c[nH]c2ccccc12,0.007294
COc1ccc(N)c(N(C[C@@H](N)CO)C2CCCN(CCC=O)C2)c1,0.213659,COc1ccc(N)c(N(C(=O)[C@@H](N)CO)C2CCCN(CCC=O)C2)c1,0.124971
COc1ccccc1CCNC[C@H](C)NC[C@H]1CCCN1Cc1ccc(F)cc1,0.989168,COc1ccccc1CCNC(=O)[C@H](C)NC[C@H]1CCCN1Cc1ccc(F)cc1,0.710083
NCCN1CCc2c(Br)cccc2C1CCN(c1cccc2cc[nH]c12)C1CCNC1,0.997076,NCC(=O)N1CCC(N(CCC2NCCc3c(Br)cccc32)c2cccc3cc[nH]c23)C1,0.619017
Nc1ccc(CN(C[C@H](N)Cc2c[nH]c3ccccc23)C2CC2)cc1Br,0.979811,Nc1ccc(C(=O)N(C[C@H](N)Cc2c[nH]c3ccccc23)C2CC2)cc1Br,0.341262
NCCCN1CCC[C@@H]1CNCCc1ccccc1Br,0.905754,NCCCN1CCC[C@@H]1C(=O)NCCc1ccccc1Br,0.285327
N[C@@H](Cc1c[nH]c2ccccc12)CN1CC(CNc2ccc(Br)cc2)C1,0.855262,N[C@@H](Cc1c[nH]c2ccccc12)CN1CC(C(=O)Nc2ccc(Br)cc2)C1,0.081781
CN(CCBr)CCN(CC1CCN1Cc1ccc(F)cc1)c1cccnc1Br,0.91388,CN(CCN(CC1CCN1Cc1ccc(F)cc1)c1cccnc1Br)C(=O)CBr,0.318484
OC[C@H]1CCCN1C[C@@H]1CCCN1,0.084264,O=C([C@@H]1CCCN1)N1CCC[C@@H]1CO,0.004442
C[C@@H](CNc1ccccc1O)N(CC=O)CCN,0.102007,C[C@@H](CN(C(=O)C=O)c1ccccc1O)NCCN,0.042055
CC[C@H](C)[C@@H](CNc1cc(F)ccc1O)N(CCN)C(CBr)c1ccc(O)cc1,0.716369,CC[C@H](C)[C@@H](CN(C(=O)CN)c1cc(F)ccc1O)NC(CBr)c1ccc(O)cc1,0.382291
Oc1ccc(Br)cc1Nc1cccc(NCC2CCN2C[C@@H]2CCCN2)c1O,0.893639,O=C([C@@H]1CCCN1)N(CC1CCN1)c1cccc(Nc2cc(Br)ccc2O)c1O,0.674207
C=CCN1CC(CN(Cc2c[nH]c3ccc(Br)cc23)c2cc(I)ccc2N)C1,0.959069,C=CC(=O)N1CC(CN(Cc2c[nH]c3ccc(Br)cc23)c2cc(I)ccc2N)C1,0.327373
CC[C@@H](CN[C@H](C)CNCCc1ccccc1OC)NC[C@@H]1CCCN1,0.060081,CC[C@@H](CN[C@H](C)C(=O)NCCc1ccccc1OC)NC[C@@H]1CCCN1,0.03076
Oc1ccc(F)cc1NCC1CCN1,0.098992,O=C(Nc1cc(F)ccc1O)C1CCN1,0.011284
CC[C@H](N)CN(CCC1c2cccc(Br)c2CCN1CCCN)c1cc(Br)ccc1O,0.994093,CC[C@H](N)CN(CCC1c2cccc(Br)c2CCN1C(=O)CCN)c1cc(Br)ccc1O,0.632535
C=CCN(CCc1ccccc1Br)CC1(N)CCC1,0.287267,C=CCN(CCc1ccccc1Br)C(=O)C1(N)CCC1,0.003196
COc1ccccc1CCNC1CCN(C[C@@H](N)CCCNc2ccc(Br)cc2)C1,0.977564,COc1ccccc1CCNC1CCN(C[C@@H](N)CCC(=O)Nc2ccc(Br)cc2)C1,0.729591
N[C@@H](Cc1cccs1)CN1CC(=O)C1,0.019135,N[C@@H](Cc1cccs1)C(=O)N1CC(=O)C1,0.002113
O=CCCN[C@@H](CO)CN1CCC1C(=O)O,0.006463,O=CCCN(C(=O)C1CCN1)[C@@H](CO)C(=O)O,0.001567
CC[C@H](N)CN(c1ccc(Br)cc1)C1CCCN(C[C@H](N)Cc2c[nH]c3ccccc23)C1,0.997133,CC[C@H](N)C(=O)N(c1ccc(Br)cc1)C1CCCN(C[C@H](N)Cc2c[nH]c3ccccc23)C1,0.974581
CC[C@H](N)CN(CCCN)CCc1ccccc1OC,0.777758,CC[C@H](N)CN(CCc1ccccc1OC)C(=O)CCN,0.021733
ClCC(c1ccc(Cl)c(Cl)c1)N(CCc1ccccc1)CC1CCN1,0.973125,O=C(C1CCN1)N(CCc1ccccc1)C(CCl)c1ccc(Cl)c(Cl)c1,0.196257
O=C(O)c1ccccc1CN1CCC[C@H]1CNc1cc(F)ccc1O,0.591564,O=C(Nc1cc(F)ccc1O)c1ccccc1CN1CCC[C@H]1C(=O)O,0.029371
Nc1cccc(Br)c1NC[C@@H](N)CCN1CC(=O)C1,0.076683,Nc1c(Br)cccc1NC(=O)[C@@H](N)CCN1CC(=O)C1,0.003241
C=CCN[C@@H](CC)CN(c1ccc(O)c(N)c1)C1CC1,0.106123,C=CC(=O)N[C@@H](CC)CN(c1ccc(O)c(N)c1)C1CC1,0.015945
CNCCN[C@@H](CO)CNCCc1ccccc1Br,0.282877,CNCCN[C@@H](CO)C(=O)NCCc1ccccc1Br,0.012581
C[C@@H](N)CNc1ccccc1S,0.09138,C[C@@H](N)C(=O)Nc1ccccc1S,0.002798
Cc1cc(F)ccc1-c1ccc(O)c(N(CCN)C2CCN(C3CNC3)C2)c1,0.986126,Cc1cc(F)ccc1-c1ccc(O)c(N(C(=O)CN)C2CCN(C3CNC3)C2)c1,0.931292
N[C@H](CCCNc1ccccc1O)CN1CC[C@@H](O)C1,0.22856,N[C@H](CCC(=O)Nc1ccccc1O)CN1CC[C@@H](O)C1,0.012826
COc1ccc(N)c(N(Cc2cccc(Br)c2)C2CCCN(CC3CCN3Cc3ccc(F)cc3)C2)c1,0.973149,COc1ccc(N)c(N(Cc2cccc(Br)c2)C2CCCN(CC3CCN3C(=O)c3ccc(F)cc3)C2)c1,0.852438
CN(CCNCCc1ccccc1)C[C@H]1CCCN1,0.599676,CN(CCNCCc1ccccc1)C(=O)[C@H]1CCCN1,0.066336
NCCNC1(CNc2cc(F)c(F)cc2O)CCC1,0.182629,NCC(=O)NC1(CNc2cc(F)c(F)cc2O)CCC1,0.023694
Oc1cc(Br)ccc1NCC1CN(CC2CCN2)C1,0.295194,O=C(Nc1ccc(Br)cc1O)C1CN(CC2CCN2)C1,0.016182
N[C@H](Cc1ccc(O)cc1)CN(CCc1ccccc1)C1CCCNC1,0.971388,N[C@H](Cc1ccc(O)cc1)C(=O)N(CCc1ccccc1)C1CCCNC1,0.429812
CN(CCCN)CCNCCc1ccc(O)cc1,0.931785,CN(CCCN)CC(=O)NCCc1ccc(O)cc1,0.227664
C[C@H](CNc1ccc(Br)cc1O)NCc1c[nH]c2ccccc12,0.127993,C[C@@H](NCc1c[nH]c2ccccc12)C(=O)Nc1ccc(Br)cc1O,0.004975
N[C@H](CCNCCc1ccccc1)CN1CCCCC1,0.752937,N[C@H](CCNCCc1ccccc1)C(=O)N1CCCCC1,0.009166
Fc1ccc(CN2CC(N(CC3CCN3C[C@@H]3CCCN3)c3ccccc3S)C2)cc1,0.995505,O=C([C@@H]1CCCN1)N1CCC1CN(c1ccccc1S)C1CN(Cc2ccc(F)cc2)C1,0.901067
N#Cc1cc(Br)cc(N(Cc2ccc(F)cc2)CC2CCN(C[C@H]3CCCN3CCBr)CC2)c1,0.97057,N#Cc1cc(Br)cc(N(Cc2ccc(F)cc2)CC2CCN(C[C@H]3CCCN3C(=O)CBr)CC2)c1,0.913961
NCCC[C@H](N)CNCCc1ccc(O)cc1,0.941457,NCCC[C@H](N)C(=O)NCCc1ccc(O)cc1,0.14535
C[C@H](O)CN1CCC1CN(CCCO)Cc1ccc(N)c(Br)c1,0.064244,C[C@H](O)C(=O)N1CCC1CN(CCCO)Cc1ccc(N)c(Br)c1,0.053839
C[C@H](N)CN(C[C@H]1CCCN1)C1CC1,0.050572,C[C@H](N)C(=O)N(C[C@H]1CCCN1)C1CC1,0.00627
C[C@H](N)CNc1c(F)cccc1C(=O)O,0.005104,C[C@H](N)C(=O)Nc1c(F)cccc1C(=O)O,0.000365
C#CCNC[C@H](Cc1c[nH]c2ccccc12)NC1CCCNC1,0.509984,C#CCNC(=O)[C@H](Cc1c[nH]c2ccccc12)NC1CCCNC1,0.351112
CCCN(CCc1ccccc1OC)C[C@H](Cc1c[nH]c2ccccc12)NCCCN,0.985272,CCCN(CCc1ccccc1OC)C[C@H](Cc1c[nH]c2ccccc12)NC(=O)CCN,0.908801
C[C@H](N)CN1CCC1CN(c1cccc2cc[nH]c12)C1CCCNC1,0.895091,C[C@H](N)C(=O)N1CCC1CN(c1cccc2cc[nH]c12)C1CCCNC1,0.141461
Brc1ccccc1CCNCCCNC1CNC1,0.533351,O=C(CCNC1CNC1)NCCc1ccccc1Br,0.082519
C[C@@H](C(=O)O)N(CCCNCCCCN)Cc1ccc(N)c(Br)c1,0.24909,C[C@@H](C(=O)O)N(CCCNCCCCN)C(=O)c1ccc(N)c(Br)c1,0.079153
O=CCN1CCC[C@@H]1CNCCc1c[nH]c2ccccc12,0.959476,O=CC(=O)N(CCc1c[nH]c2ccccc12)C[C@H]1CCCN1,0.065482
COc1ccc(O)c(NC[C@H](N)CCN2CCC(=O)C2)c1,0.205708,COc1ccc(O)c(NC[C@H](N)CC(=O)N2CCC(=O)C2)c1,0.007691
COc1ccc(O)c(N(CC=O)C2CCN(Cc3c[nH]c4ccc(Br)cc34)CC2)c1,0.980747,COc1ccc(O)c(N(C(=O)C=O)C2CCN(Cc3c[nH]c4ccc(Br)cc34)CC2)c1,0.719989
CNCCN[C@@H](Cc1c[nH]c2ccccc12)C(=O)O,0.347102,CNCC(=O)N[C@@H](Cc1c[nH]c2ccccc12)C(=O)O,0.059872
COc1ccc(NCC2CNC2)c(N)c1,0.122672,COc1ccc(N)c(NC(=O)C2CNC2)c1,0.00725
COc1ccccc1CCN(CCBr)C[C@H](N)CCCNc1cc(Br)ccc1O,0.992735,COc1ccccc1CCN(CCBr)C[C@H](N)CCC(=O)Nc1cc(Br)ccc1O,0.76872
N[C@@H](CS)CNCc1c[nH]c2ccccc12,0.215087,N[C@@H](CS)C(=O)NCc1c[nH]c2ccccc12,0.011484
CC(C)[C@H](C(=O)O)N(CCN)C[C@H](N)Cc1c[nH]c2ccccc12,0.167471,CC(C)[C@H](C(=O)O)N(CCN)C(=O)[C@H](N)Cc1c[nH]c2ccccc12,0.024788
NCCN1CCC1CN1CCC1CN(Cc1cccc(Br)c1)c1cc(F)ccc1O,0.981418,NCC(=O)N1CCC1CN1CCC1CN(Cc1cccc(Br)c1)c1cc(F)ccc1O,0.949449
Fc1ccc(C(CCl)N2CC(N(CCBr)CCc3ccccc3Br)C2)cc1,0.838981,O=C(CBr)N(CCc1ccccc1Br)C1CN(C(CCl)c2ccc(F)cc2)C1,0.261126
COc1ccc(N(Cc2ccc(N)c(Br)c2)C2CCCNC2)c(N)c1,0.928163,COc1ccc(N(C(=O)c2ccc(N)c(Br)c2)C2CCCNC2)c(N)c1,0.742017
N[C@@H](CS)CNCCc1ccncc1,0.225063,N[C@@H](CS)C(=O)NCCc1ccncc1,0.004984
CC(C)C[C@H](N)CNCCc1c[nH]c2ccccc12,0.746409,CC(C)C[C@H](N)C(=O)NCCc1c[nH]c2ccccc12,0.035956
C[C@H](CNc1ccccc1S)NC1CCN(Cc2c[nH]c3cc(Br)ccc23)C1,0.972854,C[C@@H](NC1CCN(Cc2c[nH]c3cc(Br)ccc23)C1)C(=O)Nc1ccccc1S,0.578259
CNCCN(CCNC[C@@H]1CCCN1C(CCl)c1ccc(Br)cc1)c1ccccc1O,0.955795,CNCC(=O)N(CCNC[C@@H]1CCCN1C(CCl)c1ccc(Br)cc1)c1ccccc1O,0.910708
COc1ccccc1CCNC[C@H](C)NC[C@@H](C)N,0.37192,COc1ccccc1CCNC(=O)[C@H](C)NC[C@@H](C)N,0.014611
N[C@H](Cc1c[nH]c2ccccc12)CN(c1cccc(Br)c1O)C1CCCN(C[C@H]2CCCN2)C1,0.993274,N[C@H](Cc1c[nH]c2ccccc12)CN(c1cccc(Br)c1O)C1CCCN(C(=O)[C@H]2CCCN2)C1,0.328624
CC[C@@H](CNc1ccc(Br)cc1)NCC1CCNCC1,0.075292,CC[C@@H](CNc1ccc(Br)cc1)NC(=O)C1CCNCC1,0.015206
O=C1CCN(CC2c3cc(O)ccc3CCN2C(CCl)c2ccc(F)cc2F)C1,0.993443,O=C1CCN(C(=O)C2c3cc(O)ccc3CCN2C(CCl)c2ccc(F)cc2F)C1,0.610438
CC[C@H](C)[C@@H](N)CN(CCCNCCc1ccc(O)cc1)c1cc(Br)ccc1O,0.957207,CC[C@H](C)[C@@H](N)CN(CCC(=O)NCCc1ccc(O)cc1)c1cc(Br)ccc1O,0.241634
O=C(O)C1c2cc(O)ccc2CCN1C[C@H]1CCCN1,0.928353,O=C(O)C1c2cc(O)ccc2CCN1C(=O)[C@H]1CCCN1,0.045043
Nc1ccc(Br)cc1OC(=O)[C@@H](CO)N(CCBr)CC1CCN1Cc1c[nH]c2cc(Br)ccc12,0.938558,Nc1ccc(Br)cc1OC(=O)[C@@H](CO)N(CC1CCN1Cc1c[nH]c2cc(Br)ccc12)C(=O)CBr,0.785745
O[C@@H]1CCN(CCCN(CCBr)c2cccc3cc[nH]c23)C1,0.121092,O=C(CBr)N(CCCN1CC[C@@H](O)C1)c1cccc2cc[nH]c12,0.447496
O=C(O)CCNCC(=O)CBr,0.003854,O=C(O)CCNC(=O)C(=O)CBr,0.000889
COc1ccccc1CNC[C@H]1CCCN1Cc1ccc(N)c(N)c1,0.882276,COc1ccccc1CNC(=O)[C@H]1CCCN1Cc1ccc(N)c(N)c1,0.227133
COc1ccccc1CCN(C[C@@H](N)CO)C1CN(Cc2ccc(F)cc2)C1,0.968933,COc1ccccc1CCN(C[C@@H](N)CO)C1CN(C(=O)c2ccc(F)cc2)C1,0.744509
C#CCN(Cc1ccc(NCc2c[nH]c3cc(Br)ccc23)c(Br)c1)CC1CCN1CCBr,0.97986,C#CCN(Cc1ccc(N(Cc2c[nH]c3cc(Br)ccc23)C(=O)CBr)c(Br)c1)CC1CCN1,0.986439
CNCCN(CCc1c[nH]c2ccccc12)C[C@@H](N)CCN(CCC=O)c1cc(Br)cc(C#N)c1,0.979608,CNCC(=O)N(CCc1c[nH]c2ccccc12)C[C@@H](N)CCN(CCC=O)c1cc(Br)cc(C#N)c1,0.352748
Nc1ccc(CN2CCC[C@H]2CN2CCC[C@H](O)C2)cc1Br,0.563918,Nc1ccc(CN2CCC[C@H]2C(=O)N2CCC[C@H](O)C2)cc1Br,0.099057
CC(C)(CN(CCN)c1cc(Br)ccc1O)N(CCCN)Cc1c[nH]c2cc(Br)ccc12,0.958087,CC(C)(CN(CCN)c1cc(Br)ccc1O)N(Cc1c[nH]c2cc(Br)ccc12)C(=O)CCN,0.80012
Nc1ccc(CNCCc2c[nH]c3ccccc23)cc1N,0.092923,Nc1ccc(C(=O)NCCc2c[nH]c3ccccc23)cc1N,0.009787
Oc1ccccc1NCCNCCBr,0.246998,O=C(CNCCBr)Nc1ccccc1O,0.030236
COc1cccc2c1CCN(CCCNCCCN)C2c1cnccc1N,0.984519,COc1cccc2c1CCN(CCCN)C2c1cnccc1NC(=O)CCN,0.77329
COc1ccc(O)c(N(Cc2ccc(F)cc2)C2CCCNC2)c1,0.949216,COc1ccc(O)c(N(C(=O)c2ccc(F)cc2)C2CCCNC2)c1,0.359213
C[C@H](N)CN1CCC[C@H]1CNc1ccccc1S,0.592086,C[C@H](N)C(=O)N(C[C@@H]1CCCN1)c1ccccc1S,0.203425
N[C@H](CNc1ccccc1S)Cc1c[nH]c2ccccc12,0.067463,N[C@@H](Cc1c[nH]c2ccccc12)C(=O)Nc1ccccc1S,0.004402
NCCC[C@H](N)CN1CCC(N(Cc2cccc(F)c2F)c2ccc(Br)cc2)C1,0.982461,NCCC[C@H](N)CN1CCC(N(C(=O)c2cccc(F)c2F)c2ccc(Br)cc2)C1,0.953202
COc1ccccc1CCNC[C@@H](C)NC1CCN(Cc2ccc(F)cc2)C1,0.991495,COc1ccccc1CCN(C[C@@H](C)NC1CCNC1)C(=O)c1ccc(F)cc1,0.597331
C#CCNC1CCCN(C[C@@H](N)Cc2ccc(O)cc2)C1,0.871281,C#CCN(C(=O)[C@@H](N)Cc1ccc(O)cc1)C1CCCNC1,0.253077
C[C@H](N)CN(c1cccc2cc[nH]c12)C(CBr)CN1CCCC(=O)C1,0.559677,C[C@H](N)C(=O)N(c1cccc2cc[nH]c12)C(CBr)CN1CCCC(=O)C1,0.416353
C=CCN(Cc1ccc(N(CCN)Cc2cccc(Br)c2)c(Br)c1)C1CCCNC1,0.94895,C=CCN(Cc1ccc(N(Cc2cccc(Br)c2)C(=O)CN)c(Br)c1)C1CCCNC1,0.860588
CC[C@@H](CN1CCC[C@@H]1CNc1cc(Br)cc(C#N)c1)N(CCBr)Cc1ccc(F)cc1,0.965063,CC[C@@H](CN1CCC[C@@H]1CN(C(=O)CBr)c1cc(Br)cc(C#N)c1)NCc1ccc(F)cc1,0.984812
Cc1cc(Br)cnc1NCC1CNC1,0.046726,Cc1cc(Br)cnc1NC(=O)C1CNC1,0.002608
CC[C@@H](CN1CCC(=O)CC1)NCc1ccc(N)c(Br)c1,0.866518,CC[C@@H](CN1CCC(=O)CC1)NC(=O)c1ccc(N)c(Br)c1,0.707457
Oc1ccccc1NCC1CCN(CC2CCN2)CC1,0.535145,O=C(Nc1ccccc1O)C1CCN(CC2CCN2)CC1,0.083695
C[C@H](N)CN1CCC1CN(c1cccc(Br)c1O)C1CCN(Cc2c[nH]c3ccc(Br)cc23)C1,0.997224,C[C@H](N)C(=O)N1CCC1CN(c1cccc(Br)c1O)C1CCN(Cc2c[nH]c3ccc(Br)cc23)C1,0.966802
N#Cc1cc(Br)cc(NCC2CCN(CC3CNC3)CC2)c1,0.446362,N#Cc1cc(Br)cc(N(CC2CCNCC2)C(=O)C2CNC2)c1,0.130099
N[C@H](CCNc1cc(F)ccc1O)CN1CCC[C@H]1CO,0.575107,N[C@H](CC(=O)Nc1cc(F)ccc1O)CN1CCC[C@H]1CO,0.109299
Nc1ccc(CN2CC(=O)C2)cc1N,0.007912,Nc1ccc(C(=O)N2CC(=O)C2)cc1N,0.001097
N#Cc1cc(Br)cc(NC[C@@H](N)CCC(=O)O)c1,0.008365,N#Cc1cc(Br)cc(NC(=O)CC[C@H](N)C(=O)O)c1,0.000508
COc1ccccc1CCN(C[C@@H](N)CS)C[C@H]1CCCN1,0.47198,COc1ccccc1CCN(C[C@@H](N)CS)C(=O)[C@H]1CCCN1,0.020402
COc1ccc(NCCN(CCN)C2CC2)c(N)c1,0.307683,COc1ccc(N(CCNC2CC2)C(=O)CN)c(N)c1,0.0684
N#Cc1cc(Br)cc(NC[C@H](Cc2c[nH]c3ccccc23)NCCN)c1,0.66177,N#Cc1cc(Br)cc(NC(=O)[C@H](Cc2c[nH]c3ccccc23)NCCN)c1,0.191367
NCCCN1CCC(CNc2ccnc3ccccc23)CC1,0.435922,NCCCN1CCC(C(=O)Nc2ccnc3ccccc23)CC1,0.039118
COc1cccc(CNC[C@H](C)O)c1,0.006257,COc1cccc(CNC(=O)[C@H](C)O)c1,8.8e-05
C#CCN(CCC)CCC[C@@H](NCc1ccc(N)c(Br)c1)C(=O)O,0.942435,C#CCN(CCC)CCC[C@@H](N)C(=O)Nc1ccc(C(=O)O)cc1Br,0.20819
NCCN1CCC[C@H]1CN(CCc1ccccc1Br)C(CCl)c1ccc(F)cc1F,0.950437,NCC(=O)N1CCC[C@H]1CN(CCc1ccccc1Br)C(CCl)c1ccc(F)cc1F,0.600538
CC[C@@H](CN1CC(=O)C1)NC1CCNC1,0.021149,CC[C@H](NC1CCNC1)C(=O)N1CC(=O)C1,0.002545
O=C(CCl)c1ccc(F)cc1N(C[C@H]1CCCN1)[C@H](CS)C(=O)O,0.008588,O=C(CCl)c1ccc(F)cc1N(C(=O)[C@H]1CCCN1)[C@H](CS)C(=O)O,0.008827
Oc1ccc(Br)cc1N(Cc1c[nH]c2ccc(F)cc12)C[C@@H]1CCCN1C[C@H]1CCCN1CCBr,0.974151,O=C(CBr)N1CCC[C@@H]1CN1CCC[C@H]1CN(Cc1c[nH]c2ccc(F)cc12)c1cc(Br)ccc1O,0.960287
O=C(O)c1ccc(Nc2c(F)cccc2CN(CC2CCN2)C2CC2)c(O)c1,0.787841,O=C(O)C1CCN1C(=O)c1ccc(Nc2c(F)cccc2CNC2CC2)c(O)c1,0.06153
C=CCN(Cc1c[nH]c2ccccc12)C[C@H]1CCCN1,0.356534,C=CCN(Cc1c[nH]c2ccccc12)C(=O)[C@H]1CCCN1,0.095828
N[C@@H](CO)CN(CC1(N)CCC1)c1ccnc2ccccc12,0.076463,N[C@@H](CO)CN(C(=O)C1(N)CCC1)c1ccnc2ccccc12,0.011586
N[C@@H](CCNCCc1ccccc1Br)CNCCc1ccccc1Br,0.505045,N[C@H](CNCCc1ccccc1Br)CC(=O)NCCc1ccccc1Br,0.077462
C[C@H](CNc1cccc2cc[nH]c12)NCC1(N)CCC1,0.307221,C[C@@H](NCC1(N)CCC1)C(=O)Nc1cccc2cc[nH]c12,0.027705
C[C@H](N)CN(c1cccc(Br)c1O)C1CCN(CCCN)C1,0.413971,C[C@H](N)CN(c1cccc(Br)c1O)C1CCN(C(=O)CCN)C1,0.021941
COc1ccccc1CCNCC[C@@H](N)CN1CCCC(Nc2cc(Br)cc(C#N)c2)C1,0.981114,COc1ccccc1CCNC(=O)C[C@@H](N)CN1CCCC(Nc2cc(Br)cc(C#N)c2)C1,0.726459
Oc1ccc(F)cc1NCC[C@@H](CN1CC[C@@H](O)C1)NCc1ccc(F)cc1,0.942933,O=C(N[C@@H](CCNc1cc(F)ccc1O)CN1CC[C@@H](O)C1)c1ccc(F)cc1,0.807087
NCCCN1CCCC(N(C[C@H]2CCCN2)c2cccc3cc[nH]c23)C1,0.946698,NCCCN1CCCC(N(C(=O)[C@H]2CCCN2)c2cccc3cc[nH]c23)C1,0.931618
COc1ccccc1CCN(CCNCc1ccc(F)cc1)CC1CCN1Cc1ccc(F)cc1,0.959368,COc1ccccc1CCN(CCNC(=O)c1ccc(F)cc1)CC1CCN1Cc1ccc(F)cc1,0.887324
CC[C@H](N)CN[C@@H](CCCN)C(=O)O,0.011139,CC[C@H](N)C(=O)NCCC[C@H](N)C(=O)O,0.002508
CCCN1CCC[C@H]1CNCCNc1ccnc2ccccc12,0.861907,CCCN1CCC[C@H]1CNCC(=O)Nc1ccnc2ccccc12,0.514673
C#Cc1ccc(N(CCBr)C[C@H]2CCCN2)c(OC(=O)[C@H](N)Cc2ccc(O)cc2)c1,0.724683,C#Cc1ccc(N(CCBr)C(=O)[C@H]2CCCN2)c(OC(=O)[C@H](N)Cc2ccc(O)cc2)c1,0.245919
C=CCN(Cc1ccnc(F)c1)C1(CN(CCc2c[nH]c3ccc(O)cc23)C[C@@H]2CCCN2)CCC1,0.950262,C=CC(=O)N(Cc1ccnc(F)c1)C1(CN(CCc2c[nH]c3ccc(O)cc23)C[C@@H]2CCCN2)CCC1,0.814578
NCCN1CCC[C@H]1CNc1ccccc1S,0.629316,NCCN1CCC[C@H]1C(=O)Nc1ccccc1S,0.052824
N[C@@H](Cc1c[nH]c2ccccc12)CN1CCC1C(=O)O,0.143329,N[C@@H](Cc1c[nH]c2ccccc12)C(=O)N1CCC1C(=O)O,0.029453
O=CCN1CC(N(c2cccc(Br)c2O)C2CNC2)C1,0.064684,O=CC(=O)N1CC(N(c2cccc(Br)c2O)C2CNC2)C1,0.021209
CCC1c2cccc(OC)c2CCN1CC1CNC1,0.845524,CCC1c2cccc(OC)c2CCN1C(=O)C1CNC1,0.130637
O=C(O)CN(CCc1ccc(O)cc1)C[C@@H]1CCCN1,0.59313,O=C(O)CN(CCc1ccc(O)cc1)C(=O)[C@@H]1CCCN1,0.078285
N[C@H](CCCN1CCC1C(=O)O)CNc1cc(Br)ccc1O,0.214342,N[C@H](CCCN1CCC1C(=O)Nc1cc(Br)ccc1O)C(=O)O,0.026718
Oc1ccc(F)cc1N(Cc1ccnc(Br)c1)C[C@H]1CCCN1CC1CCN1,0.992688,O=C(C1CCN1)N1CCC[C@@H]1CN(Cc1ccnc(Br)c1)c1cc(F)ccc1O,0.270723
Fc1ccc(NC[C@H](Cc2c[nH]c3ccccc23)N(CCBr)C[C@@H]2CCCN2)c(Br)n1,0.904463,O=C([C@@H]1CCCN1)N(CCBr)[C@H](CNc1ccc(F)nc1Br)Cc1c[nH]c2ccccc12,0.300817
Oc1cc(Br)ccc1N(Cc1ccncc1)CC1CCN1CC1CCN1,0.984084,O=C(C1CCN1)N1CCC1CN(Cc1ccncc1)c1ccc(Br)cc1O,0.128991
C=CCN(CCCN[C@@H](CC)CNc1ccc(Br)cc1)Cc1c[nH]c2cc(Br)ccc12,0.974311,C=CC(=O)N(CCCNCc1c[nH]c2cc(Br)ccc12)[C@@H](CC)CNc1ccc(Br)cc1,0.459173
N[C@@H](Cc1ccc(O)cc1)CN1CCCC(N(CC2CCN2)c2cccc(Br)c2O)C1,0.99305,N[C@@H](Cc1ccc(O)cc1)C(=O)N1CCC1CN(c1cccc(Br)c1O)C1CCCNC1,0.655739
N[C@H](CS)CNc1ccc(Br)cc1O,0.032833,N[C@H](CS)C(=O)Nc1ccc(Br)cc1O,0.001167
O=C(O)CN(Cc1c[nH]c2ccccc12)CC1CCN1,0.115561,O=C(O)C1CCN1C(=O)CNCc1c[nH]c2ccccc12,0.012557
COc1ccccc1CCN(CCCN)C1CNC1,0.951776,COc1ccccc1CCN(C(=O)CCN)C1CNC1,0.062281
O=C(O)C[C@@H](NCC1CCN1)C(=O)O,0.007786,O=C(O)C[C@@H](NC(=O)C1CCN1)C(=O)O,0.00261
C1CC(NCC2CN(CC3CNC3)C2)C1,0.02077,O=C(NC1CCC1)C1CN(CC2CNC2)C1,0.006209
CC[C@@H](CNc1ccc(OC)cc1N)N(CCO)C[C@@H](N)CS,0.085525,CC[C@@H](C(=O)Nc1cc(OC)ccc1N)N(CCO)C[C@@H](N)CS,0.015665
Oc1ccc(Br)cc1N(CC1CCN1)CC1CCN1Cc1c[nH]c2ccc(Br)cc12,0.999986,O=C(C1CCN1)N(CC1CCN1Cc1c[nH]c2ccc(Br)cc12)c1cc(Br)ccc1O,0.995462
Fc1ccc(CN(CCCNCC2CCN2C2CCNC2)c2ccnc3ccccc23)cc1,0.879708,O=C(c1ccc(F)cc1)N(CCCNCC1CCN1C1CCNC1)c1ccnc2ccccc12,0.636904
C[C@H](N)CN(CCCN(CC1CCN1)C1CCC1)c1ccc(Br)cc1,0.465827,C[C@H](N)CN(CCCN(C(=O)C1CCN1)C1CCC1)c1ccc(Br)cc1,0.014104
NCCN(CCN(CCBr)CCc1c[nH]c2ccccc12)Cc1cccnc1F,0.818508,NCC(=O)N(CCN(CCBr)CCc1c[nH]c2ccccc12)Cc1cccnc1F,0.92928
N[C@H](CCN1CCC(CNCc2ccc(O)cc2)CC1)CNc1cc(Br)ccc1O,0.953281,N[C@H](CCN1CCC(CNCc2ccc(O)cc2)CC1)C(=O)Nc1cc(Br)ccc1O,0.760796
C[C@@H](N)CN1CCC1CNCCc1ccccc1Br,0.743797,C[C@@H](N)CN1CCC1C(=O)NCCc1ccccc1Br,0.048751
C[C@H](O)CN(Cc1c[nH]c2ccccc12)C[C@@H]1CCCN1,0.189216,C[C@H](O)CN(Cc1c[nH]c2ccccc12)C(=O)[C@@H]1CCCN1,0.075597
NCCC[C@H](N)CN(CCCN)CCc1ccccc1Br,0.65332,NCCC[C@H](N)CN(CCc1ccccc1Br)C(=O)CCN,0.055289
NCCCN(c1ccccc1O)C1CCCN(C[C@H](N)Cc2c[nH]c3ccccc23)C1,0.991055,NCCC(=O)N(c1ccccc1O)C1CCCN(C[C@H](N)Cc2c[nH]c3ccccc23)C1,0.943557
N[C@@H](CC(=O)O)CN1CCC1C(=O)O,0.006422,N[C@@H](CC(=O)N1CCC1C(=O)O)C(=O)O,0.003301
NCCCC[C@@H](N)CNc1cccnc1Br,0.077603,NCCCC[C@@H](N)C(=O)Nc1cccnc1Br,0.007162
C[C@H](CN1CCC1CN(CCc1c[nH]c2ccccc12)C1CCC1)NCc1cccc(F)c1F,0.99553,C[C@H](CN1CCC1CN(CCc1c[nH]c2ccccc12)C1CCC1)NC(=O)c1cccc(F)c1F,0.993847
CNCCN1Cc2ccccc2C[C@H]1CN(CCBr)CCc1c[nH]c2ccccc12,0.925178,CN(CCN1Cc2ccccc2C[C@H]1CNCCc1c[nH]c2ccccc12)C(=O)CBr,0.798904
NCCC[C@@H](CNc1ccccc1O)NC1CCNCC1,0.244475,NCCC[C@H](NC1CCNCC1)C(=O)Nc1ccccc1O,0.088091
O=C(CBr)CNCc1ccc(O)cc1,0.022306,O=C(CBr)C(=O)NCc1ccc(O)cc1,0.000401
CNCCN1CCC[C@@H]1CNc1ccc(Br)cc1,0.197075,CNCC(=O)N(C[C@H]1CCCN1)c1ccc(Br)cc1,0.12156
C[C@H](N)CN(CC[C@@H](N)CNCCc1c[nH]c2ccccc12)c1cc(F)c(F)cc1O,0.943931,C[C@H](N)CN(CC[C@@H](N)C(=O)NCCc1c[nH]c2ccccc12)c1cc(F)c(F)cc1O,0.584727
C[C@H](N)CNCCc1c[nH]c2ccc(O)cc12,0.999997,C[C@H](N)C(=O)NCCc1c[nH]c2ccc(O)cc12,0.783684
C[C@@H](N)CN(Cc1ccc(F)cc1)[C@H](CS)CNC1CC1,0.068523,C[C@@H](N)CN(Cc1ccc(F)cc1)[C@H](CS)C(=O)NC1CC1,0.01075
N#Cc1cc(N)cc(NCCCN2CC(=O)C2)c1,0.060918,N#Cc1cc(N)cc(NCCC(=O)N2CC(=O)C2)c1,0.00263
Nc1c(F)cccc1CNCCC[C@H](N)CN1CCCC(Nc2cc(Br)ccc2O)C1,0.917918,NCCC[C@@H](CN1CCCC(Nc2cc(Br)ccc2O)C1)NC(=O)c1cccc(F)c1N,0.930923
O=CCCN1CCC[C@H]1CNc1cc(F)ccc1O,0.478961,O=CCCN1CCC[C@H]1C(=O)Nc1cc(F)ccc1O,0.03747
Oc1ccc(Br)cc1N(C1CCC1)C1CCCN(CC2CCN2)C1,0.904172,O=C(C1CCN1)N1CCCC(N(c2cc(Br)ccc2O)C2CCC2)C1,0.034978
O=C(CCl)c1ccc(F)cc1N(CC1CNC1)c1cc(F)ccc1O,0.448107,O=C(CCl)c1ccc(F)cc1N(C(=O)C1CNC1)c1cc(F)ccc1O,0.265174
C[C@@H](c1ccccc1)N(CCCNCc1ccc(F)cc1)CC1CCN1C1CCC1,0.983118,C[C@@H](c1ccccc1)N(CCCNC(=O)c1ccc(F)cc1)CC1CCN1C1CCC1,0.691257
C[C@@H](O)[C@H](CN1CC(Nc2cccc3cc[nH]c23)C1)N(CC=O)Cc1ccc(N)c(Br)c1,0.692033,C[C@@H](O)[C@H](CN1CC(N(C(=O)C=O)c2cccc3cc[nH]c23)C1)NCc1ccc(N)c(Br)c1,0.457915
C#CCNCc1ccc(NC[C@H]2CCCN2C[C@@H](C)N)c(Br)c1,0.74599,C#CCNC(=O)c1ccc(NC[C@H]2CCCN2C[C@@H](C)N)c(Br)c1,0.807456
N[C@@H](CCCN1CCC(=O)C1)CNc1ccc(Br)cc1O,0.357381,N[C@@H](CCC(=O)N1CCC(=O)C1)CNc1ccc(Br)cc1O,0.018947
N[C@@H](CCCNCCc1ccc(O)cc1)CN(c1cc(F)ccc1O)C1CNC1,0.98869,N[C@@H](CCC(=O)NCCc1ccc(O)cc1)CN(c1cc(F)ccc1O)C1CNC1,0.883484
N[C@H](CCN1CCCCC1)C(=O)O,0.017269,N[C@H](CC(=O)N1CCCCC1)C(=O)O,0.001369
C[C@@H](N)CN1CCC(CNCCc2ccccc2)CC1,0.479558,C[C@@H](N)CN1CCC(C(=O)NCCc2ccccc2)CC1,0.0226
Oc1c(Br)cccc1NCC1c2ccccc2CCN1CC1CCN1,0.987546,O=C(Nc1cccc(Br)c1O)C1c2ccccc2CCN1CC1CCN1,0.696111
COc1ccccc1CNCCN(CCCN)C[C@H](N)CO,0.133436,COc1ccccc1CNC(=O)CN(CCCN)C[C@H](N)CO,0.025659
N[C@H](CCNCCc1c[nH]c2ccccc12)CN1CCC(Nc2ccccc2S)CC1,0.96763,N[C@H](CC(=O)NCCc1c[nH]c2ccccc12)CN1CCC(Nc2ccccc2S)CC1,0.807946
Brc1ccccc1CCN(CC1CNC1)C1CCC1,0.658367,O=C(C1CNC1)N(CCc1ccccc1Br)C1CCC1,0.011003
CN(CCN(CCC=O)c1cccc(Br)c1NCc1c[nH]c2ccc(Br)cc12)CC1CCN1,0.982152,CN(CCN(CCC=O)c1cccc(Br)c1NCc1c[nH]c2ccc(Br)cc12)C(=O)C1CCN1,0.366411
CNCCNCCN1CCC(=O)CC1,0.024537,CNCCNCC(=O)N1CCC(=O)CC1,0.006651
CC[C@H](C)[C@@H](CN(CC1CCN1)c1cc(F)ccc1O)N(CCN)C(CBr)c1ccc(O)cc1,0.862077,CC[C@H](C)[C@@H](CN(C(=O)C1CCN1)c1cc(F)ccc1O)N(CCN)C(CBr)c1ccc(O)cc1,0.698042
Oc1cccc(CNC[C@@H](CS)NC2CCNC2)c1,0.627638,O=C(NCc1cccc(O)c1)[C@@H](CS)NC1CCNC1,0.17897
N#Cc1ccc2[nH]cc(CN(CCc3ccccc3)C[C@@H]3CCCN3)c2c1,0.983834,N#Cc1ccc2[nH]cc(CN(CCc3ccccc3)C(=O)[C@@H]3CCCN3)c2c1,0.246278
OC[C@H]1CCCN1c1c(CN2CCC[C@H]2CNc2cccc3cc[nH]c23)ccc(F)c1F,0.967619,O=C(Nc1cccc2cc[nH]c12)[C@@H]1CCCN1Cc1ccc(F)c(F)c1N1CCC[C@@H]1CO,0.77583
O=C1CCCN(C[C@H](CCCNc2cc(F)ccc2O)NCc2c[nH]c3ccccc23)C1,0.978612,O=C1CCCN(C(=O)[C@H](CCCNc2cc(F)ccc2O)NCc2c[nH]c3ccccc23)C1,0.159653
C=CCN1CCC[C@@H]1CN1CCC(N(Cc2c[nH]c3ccc(Br)cc23)c2cc(Br)cc(C#N)c2)CC1,0.974742,C=CC(=O)N1CCC[C@@H]1CN1CCC(N(Cc2c[nH]c3ccc(Br)cc23)c2cc(Br)cc(C#N)c2)CC1,0.89975
Oc1ccc(F)cc1NCC1CN(C2CCNC2)C1,0.48872,O=C(Nc1cc(F)ccc1O)C1CN(C2CCNC2)C1,0.069343
O=CCN(Cc1cccc(Br)c1)[C@@H](CCCNCCc1ccc(O)cc1)CNC1CC1,0.943903,O=CC(=O)N(CCC[C@@H](CNC1CC1)NCc1cccc(Br)c1)CCc1ccc(O)cc1,0.085558
Nc1cccc(Br)c1N(Cc1c[nH]c2cc(Br)ccc12)CC1CCN1CC1CCN1CCBr,0.986906,Nc1cccc(Br)c1N(Cc1c[nH]c2cc(Br)ccc12)CC1CCN1CC1CCN1C(=O)CBr,0.974187
C=CCNc1cc(Br)cc(C#N)c1,0.00896,C=CC(=O)Nc1cc(Br)cc(C#N)c1,0.000472
C[C@@H](N)CN(CC1CCN1Cc1ccc(F)cc1)c1ccc(Br)cc1O,0.955974,C[C@@H](N)CN(CC1CCN1C(=O)c1ccc(F)cc1)c1ccc(Br)cc1O,0.081712
C=CCN(C[C@H](CC)NCc1ccc(F)cc1)C[C@@H]1C[C@@H](O)CN1,0.547888,C=CCN(C[C@@H]1C[C@@H](O)CN1)C[C@H](CC)NC(=O)c1ccc(F)cc1,0.51742
O=C1CN(Cc2cccc(O)c2NCC2CCN2)C1,0.076874,O=C1CN(Cc2cccc(O)c2NC(=O)C2CCN2)C1,0.009228
CC[C@H](C)[C@H](N)CN1CCC(CNCCc2ccccc2OC)CC1,0.443272,CC[C@H](C)[C@H](N)CN1CCC(C(=O)NCCc2ccccc2OC)CC1,0.063422
COc1cccc(CNCC[C@@H](C(=O)O)N(CCN)Cc2c[nH]c3ccc(Br)cc23)c1,0.968595,COc1cccc(CN(CC[C@H](NCc2c[nH]c3ccc(Br)cc23)C(=O)O)C(=O)CN)c1,0.201647
C=CCN(Cc1c[nH]c2ccc(Br)cc12)[C@H](CCCN1CCC[C@H]1CO)C(=O)Oc1ccc(F)cc1N,0.962678,C=CC(=O)N(Cc1c[nH]c2ccc(Br)cc12)[C@H](CCCN1CCC[C@H]1CO)C(=O)Oc1ccc(F)cc1N,0.690811
OCCNC[C@H]1CCCN1,0.025046,O=C(NCCO)[C@H]1CCCN1,0.004176
c1ccc(CCN(C[C@H]2CCCN2)C2CCNC2)cc1,0.650744,O=C([C@H]1CCCN1)N(CCc1ccccc1)C1CCNC1,0.046967
Nc1ccccc1CN(CC1CCN1C1CN(CC=O)C1)c1ccccn1,0.587377,Nc1ccccc1C(=O)N(CC1CCN1C1CN(CC=O)C1)c1ccccn1,0.637344
COc1cccc(CNCC[C@@H](N)CN2CCC[C@H]2CO)c1,0.583063,COc1cccc(CNCC[C@@H](N)C(=O)N2CCC[C@H]2CO)c1,0.004168
COc1cccc2c1CCN=C2[C@H](N)CCN(CCc1ccccc1Br)CC1CCN(CCBr)CC1,0.779206,COc1cccc2c1CCN=C2[C@H](N)CCN(CCc1ccccc1Br)CC1CCN(C(=O)CBr)CC1,0.288143
NCCN1CCC(N(CC2CCN2Cc2cccc(F)c2F)c2ccc(F)nc2Br)CC1,0.897309,NCC(=O)N1CCC(N(CC2CCN2Cc2cccc(F)c2F)c2ccc(F)nc2Br)CC1,0.563673
C[C@H](N)CNCCN1CCC1CN(Cc1c[nH]c2ccc(Br)cc12)c1ccc(Br)cc1N,0.994917,C[C@H](N)C(=O)NCCN1CCC1CN(Cc1c[nH]c2ccc(Br)cc12)c1ccc(Br)cc1N,0.971466
Nc1cccc(Br)c1N(CCC1NCCc2c(Br)cccc21)C1CN(CC=O)C1,0.952473,Nc1cccc(Br)c1N(CCC1NCCc2c(Br)cccc21)C1CN(C(=O)C=O)C1,0.24549
Oc1cc(F)c(F)cc1NCC1CCN1Cc1ccc(NC2CNC2)c(Br)c1,0.896662,O=C(Nc1cc(F)c(F)cc1O)C1CCN1Cc1ccc(NC2CNC2)c(Br)c1,0.715874
C=CCN(CC(=O)CBr)C1CNC1,0.014497,C=CCN(C(=O)C(=O)CBr)C1CNC1,0.001767
N#Cc1ccc(O)c(N(CC=O)C[C@@H]2CCCN2)c1,0.049314,N#Cc1ccc(O)c(N(CC=O)C(=O)[C@@H]2CCCN2)c1,0.056392
CNCCN(CC1CN(C[C@@H](C)N)C1)c1cc(OC)ccc1O,0.111015,CNCCN(CC1CN(C(=O)[C@@H](C)N)C1)c1cc(OC)ccc1O,0.009995
CN(CCNc1cccc2cc[nH]c12)C1CCCN(CCCN)C1,0.648063,CN(CC(=O)Nc1cccc2cc[nH]c12)C1CCCN(CCCN)C1,0.213967
Oc1ccc(Br)cc1NCCNC1CNC1,0.46673,O=C(CNC1CNC1)Nc1cc(Br)ccc1O,0.162916
COc1cccc2c1CCN(CC1CCN1)C2CCN(CCN)c1cc(C#N)ccc1O,0.988627,COc1cccc2c1CCN(C(=O)C1CCN1)C2CCN(CCN)c1cc(C#N)ccc1O,0.510115
N#Cc1ccc(OC(=O)CC[C@@H](N)CN2CCCCC2)c(N)c1,0.184321,N#Cc1ccc(OC(=O)CC[C@@H](N)C(=O)N2CCCCC2)c(N)c1,0.000385
C=CCN1CCC1CN(Cc1c[nH]c2ccc(Br)cc12)c1cc(CNC2CC2)ccc1O,0.999987,C=CC(=O)N(Cc1ccc(O)c(N(Cc2c[nH]c3ccc(Br)cc23)CC2CCN2)c1)C1CC1,0.801789
N[C@H](CCNc1ccc(Br)cc1)CNc1ccccc1O,0.103044,N[C@@H](CNc1ccccc1O)CC(=O)Nc1ccc(Br)cc1,0.004295
C[C@H](N)CN(CCCN(c1cc(Br)ccc1O)C1CCNC1)CCc1c[nH]c2ccccc12,0.999985,C[C@H](N)C(=O)N(CCCN(c1cc(Br)ccc1O)C1CCNC1)CCc1c[nH]c2ccccc12,0.841019
CCCNc1cc(Br)ccc1N(CC1CN(Cc2c[nH]c3ccc(Br)cc23)C1)C[C@@H](N)CS,0.935971,CCCN(C(=O)[C@@H](N)CS)c1cc(Br)ccc1NCC1CN(Cc2c[nH]c3ccc(Br)cc23)C1,0.934729
NCCNCCCN(CC1CNC1)c1ccccn1,0.147188,NCCN(CCCNc1ccccn1)C(=O)C1CNC1,0.028918
CC[C@@H](CN(Cc1cccc(OC)c1)CC1CN(CCBr)C1)NC(=O)c1cccc(F)c1N,0.783421,CC[C@@H](CN(Cc1cccc(OC)c1)CC1CN(C(=O)CBr)C1)NC(=O)c1cccc(F)c1N,0.112046
C[C@H](N)CN1CC(CNc2ccnc3ccccc23)C1,0.056896,C[C@H](N)CN1CC(C(=O)Nc2ccnc3ccccc23)C1,0.001633
Nc1cccc(Br)c1NC[C@H](N)CCN1CCC[C@H](O)C1,0.350827,Nc1cccc(Br)c1NC[C@H](N)CC(=O)N1CCC[C@H](O)C1,0.015459
Nc1ccc(Br)cc1NC[C@H](Cc1c[nH]c2ccccc12)NCC1CCN1,0.722787,Nc1cc(Br)ccc1NC(=O)[C@H](Cc1c[nH]c2ccccc12)NCC1CCN1,0.337042
C[C@H](N)CNC1(CNc2cc(Br)ccc2O)CCC1,0.186974,C[C@H](N)C(=O)NC1(CNc2cc(Br)ccc2O)CCC1,0.022255
C[C@H](N)CN(CCc1ccccc1Br)CC[C@@H](N)CNCCc1c[nH]c2ccccc12,0.970079,C[C@H](N)CN(CCc1ccccc1Br)CC[C@@H](N)C(=O)NCCc1c[nH]c2ccccc12,0.77792
COc1ccccc1CCN(Cc1ccc(F)cc1)C(CBr)C(=O)O,0.207936,COc1ccccc1CCN(C(=O)c1ccc(F)cc1)C(CBr)C(=O)O,0.001059
O=C(O)CCN(Cc1ccc(F)cc1)C[C@@H]1CCCN1,0.039741,O=C(O)CCN(Cc1ccc(F)cc1)C(=O)[C@@H]1CCCN1,0.007968
N[C@H](Cc1c[nH]c2ccccc12)CN1CCC1CN(CC1CCN1)c1ccc(Br)cc1,0.999991,N[C@H](Cc1c[nH]c2ccccc12)CN1CCC1CN(C(=O)C1CCN1)c1ccc(Br)cc1,0.994226
Brc1cc(CNc2cccc3cc[nH]c23)ccc1NCC1CCN1C1CCNC1,0.889192,O=C(Nc1cccc2cc[nH]c12)c1ccc(NCC2CCN2C2CCNC2)c(Br)c1,0.872388
BrCCN(CCCNCCc1ccccc1Br)Cc1cccc(Br)c1,0.976892,O=C(CBr)N(CCCNCCc1ccccc1Br)Cc1cccc(Br)c1,0.103541
NCCCN[C@H](CO)CNc1ccccc1O,0.388032,NCCC(=O)N[C@H](CO)CNc1ccccc1O,0.019572
N[C@@H](CCCNc1cc(F)c(F)cc1O)CN(CC=O)CCc1c[nH]c2ccccc12,0.984425,N[C@@H](CCC(=O)Nc1cc(F)c(F)cc1O)CN(CC=O)CCc1c[nH]c2ccccc12,0.768596
N[C@H](CCN1CCCC(=O)C1)CNCCc1c[nH]c2ccccc12,0.887963,N[C@@H](CNCCc1c[nH]c2ccccc12)CC(=O)N1CCCC(=O)C1,0.05077
CC[C@H](N)CN(CCN)c1ccccc1O,0.060649,CC[C@H](N)C(=O)N(CCN)c1ccccc1O,0.098187
COc1ccccc1CCNC[C@@H]1CCCN1CCCN,0.955373,COc1ccccc1CCN(C[C@@H]1CCCN1)C(=O)CCN,0.040681
N[C@H](CS)CN(CCC[C@H](N)CNCCc1ccccc1Br)CCc1ccc(O)cc1,0.968129,N[C@@H](CCCN(CCc1ccc(O)cc1)C(=O)[C@H](N)CS)CNCCc1ccccc1Br,0.257068
COc1ccc(O)c(N(Cc2cccc(F)c2N)C[C@H]2CCCN2)c1,0.911929,COc1ccc(O)c(N(C[C@H]2CCCN2)C(=O)c2cccc(F)c2N)c1,0.487204
Nc1ccc(CN(CCC(=O)O)C[C@@H]2CCCN2)cc1Br,0.175932,Nc1ccc(CN(CCC(=O)O)C(=O)[C@@H]2CCCN2)cc1Br,0.043595
C#CCNC[C@H](Cc1c[nH]c2ccccc12)N(Cc1cccc(Br)c1)CC1CNC1,0.935297,C#CCN(C[C@H](Cc1c[nH]c2ccccc12)NCc1cccc(Br)c1)C(=O)C1CNC1,0.5
Oc1ccc2[nH]cc(CCNCc3ccc(O)c(N(C[C@@H]4CCCN4)C4CCNC4)c3)c2c1,0.903202,O=C(NCCc1c[nH]c2ccc(O)cc12)c1ccc(O)c(N(C[C@@H]2CCCN2)C2CCNC2)c1,0.880841
C[C@@H](CN1CCCC(N(c2cc(Br)ccc2N)C2CCC2)C1)NCc1cccc(F)c1N,0.973561,C[C@@H](CN1CCCC(N(c2cc(Br)ccc2N)C2CCC2)C1)NC(=O)c1cccc(F)c1N,0.960535
CC[C@@H](CNc1cc(F)ccc1O)NCCNC,0.173096,CC[C@H](NCCNC)C(=O)Nc1cc(F)ccc1O,0.029468
COc1cccc2c1CCN=C2[C@@H](N)CCCN(CC=O)Cc1c[nH]c2cc(Br)ccc12,0.967884,COc1cccc2c1CCN=C2[C@@H](N)CCCN(Cc1c[nH]c2cc(Br)ccc12)C(=O)C=O,0.217608
NCCCNCCCN(CC(=O)CBr)c1ccccn1,0.041818,NCCC(=O)NCCCN(CC(=O)CBr)c1ccccn1,0.002525
C[C@@H](NC1CCCN(Cc2ccc(N)c(Br)c2)C1)C(=O)O,0.099469,C[C@@H](NC1CCCN(C(=O)c2ccc(N)c(Br)c2)C1)C(=O)O,0.008584
NCCCCN(Cc1ccc(N(CCN)Cc2c[nH]c3cc(Br)ccc23)c(O)c1)C[C@@H](N)CO,0.952549,NCCCCN(Cc1ccc(N(Cc2c[nH]c3cc(Br)ccc23)C(=O)CN)c(O)c1)C[C@@H](N)CO,0.937095
Cc1ccnc(Br)c1NC[C@H]1CCCN1,0.046562,Cc1ccnc(Br)c1NC(=O)[C@H]1CCCN1,0.006447
Nc1ccc(C(=O)OCCN(Cc2c[nH]c3ccccc23)CC2CNC2)cc1Br,0.856237,Nc1ccc(C(=O)OCCN(Cc2c[nH]c3ccccc23)C(=O)C2CNC2)cc1Br,0.155301
Cc1ccnc(Br)c1N(CC1CCN1Cc1ccc(F)cc1)C1CN(CC2CCN2)C1,0.986207,Cc1ccnc(Br)c1N(CC1CCN1)C1CN(CC2CCN2C(=O)c2ccc(F)cc2)C1,0.961439
C=CCN(CCCN)C[C@@H](N)CC,0.06015,C=CCN(C[C@@H](N)CC)C(=O)CCN,0.00513
O=C1CCN(CC2CCN(CC3CCN3)CC2)C1,0.037002,O=C1CCN(CC2CCN(C(=O)C3CCN3)CC2)C1,0.016799
c1ccc(CCNC2CCN(CC3CCN3)CC2)cc1,0.765458,O=C(C1CCN1)N(CCc1ccccc1)C1CCNCC1,0.034711
C[C@H](N)CN(CCc1ccc(O)cc1)CC1CCN1,0.839925,C[C@H](N)CN(CCc1ccc(O)cc1)C(=O)C1CCN1,0.229566
O=C(O)[C@H](Cc1c[nH]c2ccccc12)NC[C@H]1CCCN1,0.456642,O=C(O)[C@H](Cc1c[nH]c2ccccc12)NC(=O)[C@H]1CCCN1,0.041248
NCCCNc1ccc(CNC2CC2)cc1Br,0.257811,NCCCNc1ccc(C(=O)NC2CC2)cc1Br,0.07757
CC[C@H](N)CN(C[C@@H](C)N(C[C@@H]1CCCNC1)C(CCl)c1ccc(Br)cc1)c1ccnc2ccccc12,0.808177,CC[C@H](N)C(=O)N(C[C@@H](C)N(C[C@@H]1CCCNC1)C(CCl)c1ccc(Br)cc1)c1ccnc2ccccc12,0.539912
c1ccc(CCNC[C@H]2CCCN2)cc1,0.738751,O=C(NCCc1ccccc1)[C@H]1CCCN1,0.018561
C[C@@H](N)CN(CCCCN)CC1CCN1,0.061699,C[C@@H](N)C(=O)N(CCCCN)CC1CCN1,0.004561
N#Cc1cc(Br)cc(N(CC[C@H](N)CN2CC(=O)C2)C2CN(Cc3c[nH]c4cc(Br)ccc34)C2)c1,0.984794,N#Cc1cc(Br)cc(N(CC[C@H](N)C(=O)N2CC(=O)C2)C2CN(Cc3c[nH]c4cc(Br)ccc34)C2)c1,0.873129
O=CCN(CCO)C1CCCNC1,0.017408,O=CC(=O)N(CCO)C1CCCNC1,0.002643
COCCNC[C@H](N)Cc1c[nH]c2ccccc12,0.659968,COCCNC(=O)[C@H](N)Cc1c[nH]c2ccccc12,0.016595
NCCCCN(Cc1ccc(F)cc1)C1CCCNC1,0.579081,NCCCCN(C(=O)c1ccc(F)cc1)C1CCCNC1,0.093319
Nc1ccc(CN[C@H](CCC(=O)O)CN2CCC(=O)CC2)cc1Br,0.634946,N[C@H](CCC(=O)Nc1ccc(C(=O)O)cc1Br)CN1CCC(=O)CC1,0.031946
COc1ccc(O)c(N(C[C@@H](N)C(C)C)C2CCCNC2)c1,0.068642,COc1ccc(O)c(N(C(=O)[C@@H](N)C(C)C)C2CCCNC2)c1,0.023008
Oc1c(Br)cccc1N(CCCN(CC1CCN1)C(CCl)c1ccc(Br)cc1)CC1CCN1,0.976994,O=C(C1CCN1)N(CCCN(CC1CCN1)C(CCl)c1ccc(Br)cc1)c1cccc(Br)c1O,0.935809
N[C@H](CNc1ccc(Br)cc1)CC(=O)O,0.003863,N[C@@H](CC(=O)Nc1ccc(Br)cc1)C(=O)O,0.00021
CN(CCNc1cc(Br)ccc1N)CCN(CC=O)Cc1c[nH]c2ccc(Br)cc12,0.911674,CN(CCNCc1c[nH]c2ccc(Br)cc12)CCN(C(=O)C=O)c1cc(Br)ccc1N,0.958629
CCCN1CCC(CN2CC(=O)C2)CC1,0.050837,CCCN1CCC(C(=O)N2CC(=O)C2)CC1,0.012782
O=C1CCN(C[C@@H](Cc2c[nH]c3ccccc23)NC[C@H]2CCCN2)C1,0.735738,O=C1CCN(C(=O)[C@@H](Cc2c[nH]c3ccccc23)NC[C@H]2CCCN2)C1,0.110642
N[C@@H](CS)CN(C[C@@H]1CCCN1CC1CCN1)c1cccc(Br)c1O,0.68291,N[C@@H](CS)CN(C[C@@H]1CCCN1C(=O)C1CCN1)c1cccc(Br)c1O,0.025655
N[C@@H](CO)CNc1ccc(F)nc1Br,0.019391,N[C@@H](CO)C(=O)Nc1ccc(F)nc1Br,0.002482
C=CCNc1ccc(Br)cc1N(CCCN)C1CCNCC1,0.129895,C=CCN(C(=O)CCN)c1ccc(Br)cc1NC1CCNCC1,0.097891
C=CCN(C[C@@H](N)CCNc1cccc2cc[nH]c12)C[C@H](C)N,0.244296,C=CCN(C[C@@H](N)CC(=O)Nc1cccc2cc[nH]c12)C[C@H](C)N,0.052031
COc1ccccc1CCNC[C@@H](CCN(CCBr)CCc1ccc(O)cc1)NCC1CCN1,0.819244,COc1ccccc1CCN(C[C@@H](CCNCCc1ccc(O)cc1)NCC1CCN1)C(=O)CBr,0.219714
NCCN1CCC1CNc1cc(Br)ccc1O,0.449875,NCC(=O)N(CC1CCN1)c1cc(Br)ccc1O,0.174829
N[C@H](CCCNC1CC1)CNc1ccc(Br)cc1O,0.274857,N[C@H](CCC(=O)NC1CC1)CNc1ccc(Br)cc1O,0.030639
COc1ccccc1CCNCc1cccc(F)c1NCCCO,0.570641,COc1ccccc1CCNC(=O)c1cccc(F)c1NCCCO,0.041863
C=CCNCC[C@@H](N)CN(CCc1c[nH]c2ccccc12)Cc1cccc(Br)c1,0.992249,C=CCNC(=O)C[C@@H](N)CN(CCc1c[nH]c2ccccc12)Cc1cccc(Br)c1,0.880472
NCCN(CC1CCN1CCN)c1cccc(Br)c1O,0.242394,NCCN(CC1CCN1C(=O)CN)c1cccc(Br)c1O,0.023832
CC[C@H](N)CN1CCC[C@H]1C(=O)Oc1ccc(F)cc1N(CCBr)Cc1ccc(N)c(Br)c1,0.981542,CC[C@H](N)CN1CCC[C@H]1C(=O)Oc1ccc(F)cc1N(Cc1ccc(N)c(Br)c1)C(=O)CBr,0.957362
COc1cccc(CN(CC2CCN2)C[C@@H](C)N)c1,0.195831,COc1cccc(CN(C[C@@H](C)N)C(=O)C2CCN2)c1,0.018536
CC[C@@H](CN1CCCCC1)N(Cc1c[nH]c2ccc(Br)cc12)C[C@@H]1CCCN1,0.970227,CC[C@@H](CN1CCCCC1)N(Cc1c[nH]c2ccc(Br)cc12)C(=O)[C@@H]1CCCN1,0.980254
COc1cccc2c1CCN(CC1CCN1)C2c1cccc(Br)c1,0.999999,COc1cccc2c1CCN(C(=O)C1CCN1)C2c1cccc(Br)c1,0.7639
CC[C@@H](CN(CCBr)c1cccc(Br)c1O)NCC1CCN1,0.14511,CC[C@@H](CN(CCBr)c1cccc(Br)c1O)NC(=O)C1CCN1,0.01343
Oc1ccc(Br)cc1N(C[C@@H]1CCCNC1)C1CCN(CCCNC(CCl)c2ccc(F)cc2F)C1,0.840667,O=C([C@@H]1CCCNC1)N(CCCN1CCC(Nc2cc(Br)ccc2O)C1)C(CCl)c1ccc(F)cc1F,0.854469
Nc1ccc(Br)cc1N(CCCNCCc1ccccc1Br)CC1CCN1,0.933998,Nc1ccc(Br)cc1N(CCCNCCc1ccccc1Br)C(=O)C1CCN1,0.866649
O=Cc1cccc(N(CC2CCN2)c2cc(F)ccc2O)c1,0.360473,O=Cc1cccc(N(C(=O)C2CCN2)c2cc(F)ccc2O)c1,0.22918
NCCCN(CCC1c2cc(O)ccc2CCN1CCN)c1ccc(Br)cc1O,0.995437,NCCCN(CCC1c2cc(O)ccc2CCN1C(=O)CN)c1ccc(Br)cc1O,0.71288
Cc1ccnc(Br)c1NC[C@@H]1CCCNC1,0.111772,Cc1ccnc(Br)c1NC(=O)[C@@H]1CCCNC1,0.01054
N[C@H](CN(CC=O)CCc1c[nH]c2ccccc12)c1ccccc1,0.431705,N[C@H](CN(CCc1c[nH]c2ccccc12)C(=O)C=O)c1ccccc1,0.00736
Nc1c(O)cccc1CN1CC(CNC2CC2)C1,0.438046,Nc1c(O)cccc1CN1CC(C(=O)NC2CC2)C1,0.041391
CC[C@H](N)CN1CCc2c(OC)cccc2C1CCNCCC(=O)O,0.784014,CC[C@H](N)C(=O)N(CCC(=O)O)CCC1NCCc2c(OC)cccc21,0.031492
C[C@@H](CN(c1cc(Br)ccc1O)C1CCCN(CC2CCN2)C1)NCc1ccc(F)cc1,0.995125,C[C@@H](CN(c1cc(Br)ccc1O)C1CCCN(CC2CCN2)C1)NC(=O)c1ccc(F)cc1,0.99496
N[C@@H](Cc1ccc(O)cc1)CN1CCC[C@@H]1CN1CCC[C@@H]1C(=O)O,0.662198,N[C@@H](Cc1ccc(O)cc1)C(=O)N1CCC[C@@H]1CN1CCC[C@@H]1C(=O)O,0.223017
COc1ccccc1CCNCc1ccc(F)c(F)c1N1CCC(CN2CC(=O)C2)CC1,0.976119,COc1ccccc1CCNCc1ccc(F)c(F)c1N1CCC(C(=O)N2CC(=O)C2)CC1,0.080155
CNCCN(CCc1ccccc1Br)C1CCNC1,0.549058,CNCC(=O)N(CCc1ccccc1Br)C1CCNC1,0.042584
COc1ccc(NCC[C@H](N)C(=O)O)c(N)c1,0.0104,COc1ccc(N)c(NC(=O)C[C@H](N)C(=O)O)c1,0.001059
N[C@@H](CCN1CCNCC1)CNc1cc(F)ccc1O,0.252041,N[C@@H](CCN1CCNCC1)C(=O)Nc1cc(F)ccc1O,0.044374
C=CCN1CCC(N2CC(N(Cc3c[nH]c4ccc(F)cc34)c3cc(C#N)ccc3O)C2)C1,0.986599,C=CC(=O)N1CCC(N2CC(N(Cc3c[nH]c4ccc(F)cc34)c3cc(C#N)ccc3O)C2)C1,0.968981
N#Cc1ccc(O)c(NC2CCN(CCC[C@@H](N)CNc3ccccc3O)C2)c1,0.743812,N#Cc1ccc(O)c(NC2CCN(CCC[C@@H](N)C(=O)Nc3ccccc3O)C2)c1,0.377716
NC1(CN(CC2CNC2)c2cccc(Br)c2O)CCC1,0.100972,NC1(CN(C(=O)C2CNC2)c2cccc(Br)c2O)CCC1,0.18469
C[C@@H](CN1CCC[C@H]1CN(CC=O)c1cc(Br)ccc1N)NC(CCl)c1ccc(Cl)c(Cl)c1,0.94481,C[C@@H](CN1CCC[C@H]1CN(C(=O)C=O)c1cc(Br)ccc1N)NC(CCl)c1ccc(Cl)c(Cl)c1,0.922971
COc1ccccc1CCNCC1NCCc2c(OC)cccc21,0.989336,COc1ccccc1CCNC(=O)C1NCCc2c(OC)cccc21,0.400135
COc1ccc(CN(CCN)C[C@H](CCCN)N(CCBr)Cc2c[nH]c3cc(Br)ccc23)cc1,0.954745,COc1ccc(CN(CCN)C[C@H](CCCN)N(Cc2c[nH]c3cc(Br)ccc23)C(=O)CBr)cc1,0.880248
NCCCN1CCC[C@H]1CN1Cc2ccccc2C[C@H]1CNc1ccnc2ccccc12,0.850945,NCCC(=O)N(C[C@@H]1Cc2ccccc2CN1C[C@@H]1CCCN1)c1ccnc2ccccc12,0.44027
C=CCN(C[C@@H](N)CCN(CCc1ccccc1OC)C1CCNC1)c1ccc(C(=O)O)cc1Br,0.936096,C=CC(=O)N(C[C@@H](N)CCN(CCc1ccccc1OC)C1CCNC1)c1ccc(C(=O)O)cc1Br,0.70811
C[C@@H](N)CN(CCN)C1CC1,0.043461,C[C@@H](N)C(=O)N(CCN)C1CC1,0.006157
COc1ccccc1CCNCCNCCCNCCc1ccccc1,0.5,COc1ccccc1CCNCCNCCC(=O)NCCc1ccccc1,0.258039
NC1(CN(CCc2c[nH]c3ccccc23)CC2CNC2)CCC1,0.872688,NC1(CN(CCc2c[nH]c3ccccc23)C(=O)C2CNC2)CCC1,0.154285
NCCN1CCC(N(c2cccc(Br)c2O)C2CN(Cc3c[nH]c4cc(Br)ccc34)C2)CC1,0.996979,NCC(=O)N1CCC(N(c2cccc(Br)c2O)C2CN(Cc3c[nH]c4cc(Br)ccc34)C2)CC1,0.958936
N[C@@H](CS)CN1CCC[C@H]1C(=O)O,0.009395,N[C@@H](CS)C(=O)N1CCC[C@H]1C(=O)O,0.003853
NCCCN(CCc1c[nH]c2ccc(O)cc12)C[C@H]1CCCN1c1cccc(N)c1O,0.992983,NCCC(=O)N(CCc1c[nH]c2ccc(O)cc12)C[C@H]1CCCN1c1cccc(N)c1O,0.598131
Sc1cc(C(CCl)N(CCc2c[nH]c3ccccc23)C[C@@H]2CCCN2CCBr)ccc1Cl,0.990186,O=C(CBr)N1CCC[C@H]1CN(CCc1c[nH]c2ccccc12)C(CCl)c1ccc(Cl)c(S)c1,0.857767
CNCCNc1ccc(CN2CCC[C@@H]2CO)cc1Br,0.236431,CNCCNc1ccc(C(=O)N2CCC[C@@H]2CO)cc1Br,0.010323
NCCN(c1cc(F)ccc1O)C1CN(C(CCl)c2ccc(F)cc2F)C1,0.85324,NCC(=O)N(c1cc(F)ccc1O)C1CN(C(CCl)c2ccc(F)cc2F)C1,0.593724
Nc1c(F)cccc1CN(CCc1ccc(O)cc1)CC[C@H](N)CNC1CC1,0.993126,Nc1c(F)cccc1CN(CCc1ccc(O)cc1)CC[C@H](N)C(=O)NC1CC1,0.936553
COc1ccc(NCc2c[nH]c3ccc(Br)cc23)c(NC2CCCN(CCN(C)CCN)C2)c1,0.922562,CNCCN1CCCC(N(C(=O)CN)c2cc(OC)ccc2NCc2c[nH]c3ccc(Br)cc23)C1,0.905486
NCCCN(CCCO)C[C@H]1CCCN1,0.05493,NCCC(=O)N(CCCO)C[C@H]1CCCN1,0.006087
Oc1ccc(CCNCC2CCN2)cc1,0.965857,O=C(NCCc1ccc(O)cc1)C1CCN1,0.122253
C[C@@H](CN(CCN)c1ccccn1)NCc1ccc(F)cc1,0.037212,C[C@@H](CN(C(=O)CN)c1ccccn1)NCc1ccc(F)cc1,0.030635
Brc1ccc(NCC2CN(C[C@@H]3CCCN3)C2)cc1,0.232788,O=C(Nc1ccc(Br)cc1)C1CN(C[C@@H]2CCCN2)C1,0.011546
Nc1c(F)cccc1CN(CC1CCN1)[C@H](CO)CN(CC=O)CCc1c[nH]c2ccccc12,0.969756,Nc1c(F)cccc1CN(CC1CCN1)[C@H](CO)CN(CCc1c[nH]c2ccccc12)C(=O)C=O,0.719118
CNCCN1CCc2c(Br)cccc2C1CCN(CCO)c1cc(OC)ccc1O,0.985248,CNCC(=O)N1CCc2c(Br)cccc2C1CCN(CCO)c1cc(OC)ccc1O,0.488452
CC(C)[C@@H](N)CNCCCNc1cc(Br)ccc1O,0.191521,CC(C)[C@@H](N)CNCCC(=O)Nc1cc(Br)ccc1O,0.019092
C[C@H](N)CN(CCc1c[nH]c2ccc(O)cc12)CC1CCN1C[C@@H](N)Cc1ccc(O)cc1,0.907186,C[C@H](N)C(=O)N(CCc1c[nH]c2ccc(O)cc12)CC1CCN1C[C@@H](N)Cc1ccc(O)cc1,0.917821
c1ccc(C[C@H](CNCCc2c[nH]c3ccccc23)NC2CNC2)cc1,0.783997,O=C(NCCc1c[nH]c2ccccc12)[C@@H](Cc1ccccc1)NC1CNC1,0.361178
O=C(O)c1cccc(F)c1N(C[C@H]1CCCN1)c1ccc(Br)cc1,0.112223,O=C(O)[C@H]1CCCN1C(=O)c1cccc(F)c1Nc1ccc(Br)cc1,0.002006
Nc1ccc(CN[C@@H](Cc2c[nH]c3ccccc23)CN2CCC[C@@H]2C(=O)O)cc1Br,0.902935,N[C@@H](Cc1c[nH]c2ccccc12)CN1CCC[C@@H]1C(=O)Nc1ccc(C(=O)O)cc1Br,0.428529
CC[C@H](N)CN1CCC(N(C[C@@H](C)NCc2ccc(N)c(Br)c2)c2cccc(Br)c2O)CC1,0.976245,CC[C@@H](CN1CCC(N(C[C@@H](C)N)c2cccc(Br)c2O)CC1)NC(=O)c1ccc(N)c(Br)c1,0.976377
N[C@H](CCN(c1cc(F)c(F)cc1O)C1CN(CC2CCN2)C1)C(=O)O,0.420414,N[C@H](CCN(c1cc(F)c(F)cc1O)C1CN(C(=O)C2CCN2)C1)C(=O)O,0.057325
Oc1c(Br)cccc1N(Cc1c[nH]c2cc(Br)ccc12)C1CCCN(CC2CCN2CCBr)C1,0.997013,O=C(CBr)N1CCC1CN1CCCC(N(Cc2c[nH]c3cc(Br)ccc23)c2cccc(Br)c2O)C1,0.991432
Oc1cc(Br)ccc1N(CCCNCC1CNC1)Cc1c[nH]c2ccccc12,0.972783,O=C(NCCCN(Cc1c[nH]c2ccccc12)c1ccc(Br)cc1O)C1CNC1,0.653262
NCCCC[C@H](N)CNc1ccccc1O,0.261142,NCCCC[C@H](N)C(=O)Nc1ccccc1O,0.013167
COc1cccc2c1CCN=C2C[C@@H](N)CN(CC1CCN1)c1cccc(Br)c1O,0.821151,COc1cccc2c1CCN=C2C[C@@H](N)CN(C(=O)C1CCN1)c1cccc(Br)c1O,0.512107
NC1(CN2CCC[C@H]2CNc2cccc3cc[nH]c23)CCC1,0.757982,NC1(CN2CCC[C@H]2C(=O)Nc2cccc3cc[nH]c23)CCC1,0.189387
NCCCNCCCCN(Cc1ccc(F)cc1)Cc1c[nH]c2ccc(Br)cc12,0.990567,NCCCN(CCCCNCc1c[nH]c2ccc(Br)cc12)C(=O)c1ccc(F)cc1,0.5
C[C@@H](N)CN1CCC1CN(CCc1c[nH]c2ccccc12)Cc1ccc(N)c(N)c1,0.941679,C[C@@H](N)C(=O)N1CCC1CN(CCc1c[nH]c2ccccc12)Cc1ccc(N)c(N)c1,0.702433
CN(CCCN1CCC[C@H]1C(=O)O)CC(=O)O,0.015858,CN(CC(=O)O)C(=O)CCN1CCC[C@H]1C(=O)O,0.005044
NCC#Cc1ccc(NCc2ccc(F)cc2)cc1,0.026091,NCC#Cc1ccc(NC(=O)c2ccc(F)cc2)cc1,0.003007
C[C@@H](N)CN1CCC(=O)C1,0.013678,C[C@@H](N)C(=O)N1CCC(=O)C1,0.002314
C=CCNC[C@H](N)Cc1c[nH]c2ccccc12,0.792896,C=CCNC(=O)[C@H](N)Cc1c[nH]c2ccccc12,0.049167
COc1ccccc1CCNCCCN1CCC1CN1CCc2c(Br)cccc2C1c1cccc(Br)c1,0.959122,COc1ccccc1CCNC(=O)CCN1CCC1CN1CCc2c(Br)cccc2C1c1cccc(Br)c1,0.863466
OC1CCN(CC[C@H](CN(CCc2ccncc2)C(CCl)c2ccc(Br)cc2)NCc2ccc(F)cc2)CC1,0.852133,O=C(N[C@H](CCN1CCC(O)CC1)CN(CCc1ccncc1)C(CCl)c1ccc(Br)cc1)c1ccc(F)cc1,0.827138
NCCN(CCCNc1ccccc1O)C1CC1,0.647362,NCCN(CCC(=O)Nc1ccccc1O)C1CC1,0.061374
NC1(CN(Cc2c[nH]c3ccc(Br)cc23)[C@H](CNc2ccc(Br)cc2)c2ccccc2)CCC1,0.756176,NC1(CN(Cc2c[nH]c3ccc(Br)cc23)[C@H](C(=O)Nc2ccc(Br)cc2)c2ccccc2)CCC1,0.442612
NCCN(CCN1CCC(=O)C1)Cc1cccc(Br)c1,0.027748,NCCN(CC(=O)N1CCC(=O)C1)Cc1cccc(Br)c1,0.009489
Nc1n[nH]cc1N(CCCCNCC=O)C(CCl)c1ccc(F)cc1,0.369524,NCCCCN(c1c[nH]nc1NC(=O)C=O)C(CCl)c1ccc(F)cc1,0.011703
NCCCNCCCN1CC(N(Cc2cccc(C=O)c2)c2cc(Br)ccc2O)C1,0.991694,NCCCN(CCCN1CC(Nc2cc(Br)ccc2O)C1)C(=O)c1cccc(C=O)c1,0.915189
Nc1c(Br)cccc1NCC1CCN(CC=O)CC1,0.057684,Nc1c(Br)cccc1NC(=O)C1CCN(CC=O)CC1,0.002937
CC[C@H](C)[C@@H](CNCCc1c[nH]c2ccccc12)Nc1cc(F)ccc1C(=O)CCl,0.659174,CC[C@H](C)[C@H](Nc1cc(F)ccc1C(=O)CCl)C(=O)NCCc1c[nH]c2ccccc12,0.028281
COc1ccc(O)c(N(CC=O)C2CN(CCCNCCc3c[nH]c4ccccc34)C2)c1,0.991704,COc1ccc(O)c(N(C(=O)C=O)C2CN(CCCNCCc3c[nH]c4ccccc34)C2)c1,0.933021
N[C@H](CNc1cc(Br)ccc1O)Cc1c[nH]c2ccccc12,0.192921,N[C@@H](Cc1c[nH]c2ccccc12)C(=O)Nc1cc(Br)ccc1O,0.021753
COc1ccc(N)c(N(CC=O)C2CCCN(CCC[C@@H](N)CNCCc3c[nH]c4ccc(O)cc34)C2)c1,0.912175,COc1ccc(N)c(N(C(=O)C=O)C2CCCN(CCC[C@@H](N)CNCCc3c[nH]c4ccc(O)cc34)C2)c1,0.663203
O=CCCN1CCC[C@@H]1CNc1cc(F)ccc1O,0.478961,O=CCCN1CCC[C@@H]1C(=O)Nc1cc(F)ccc1O,0.03747
N[C@@H](CCCNc1ccccn1)CN(CC1CCN1CC1CCN1)c1cc(Br)ccc1O,0.964951,N[C@@H](CCC(=O)Nc1ccccn1)CN(CC1CCN1CC1CCN1)c1cc(Br)ccc1O,0.945871
NCCCCNC1CCN(Cc2ccc(N)c(Br)c2)C1,0.535996,NCCCCN(C(=O)c1ccc(N)c(Br)c1)C1CCNC1,0.075343
NCCN(c1ccccc1O)c1cc(F)ccc1C(CCl)N1CCC[C@@H]1C(=O)O,0.803947,NCC(=O)N(c1ccccc1O)c1cc(F)ccc1C(CCl)N1CCC[C@@H]1C(=O)O,0.735095
C[C@@H](N)CN(C)CCN(Cc1ccc(F)cc1)[C@H](CO)CNc1cccc(Br)c1O,0.673031,C[C@@H](N)CN(C)CCN(C(=O)c1ccc(F)cc1)[C@H](CO)CNc1cccc(Br)c1O,0.189404
N[C@H](Cc1c[nH]c2ccccc12)CN(CC1CCN1CCBr)c1cccnc1Br,0.973823,N[C@H](Cc1c[nH]c2ccccc12)CN(CC1CCN1C(=O)CBr)c1cccnc1Br,0.188686
Nc1cc(NCCCNC2CC2)ccc1O,0.41597,Nc1cc(NCCC(=O)NC2CC2)ccc1O,0.040347
N#Cc1cc(Br)cc(NC[C@@H](N)CCCN)c1,0.093574,N#Cc1cc(Br)cc(NC(=O)[C@@H](N)CCCN)c1,0.00598
Brc1cccc(NC2CNC2)c1NCC1CCNCC1,0.151472,O=C(Nc1c(Br)cccc1NC1CNC1)C1CCNCC1,0.044852
C=CCN1CCC(N(CC2CCN2Cc2c[nH]c3cc(Br)ccc23)c2ccc(Br)cc2N)C1,0.999987,C=CC(=O)N1CCC(N(CC2CCN2Cc2c[nH]c3cc(Br)ccc23)c2ccc(Br)cc2N)C1,0.955556
C[C@@H](N)CN(C[C@@H]1CCCN1C[C@H]1CCCN1)c1cc(Br)ccc1O,0.887125,C[C@@H](N)CN(C[C@@H]1CCCN1C(=O)[C@H]1CCCN1)c1cc(Br)ccc1O,0.061748
Oc1ccc(F)cc1N(C1CCN(CC2CCN2)CC1)C(CCl)c1ccc(Cl)c(Cl)c1,0.996114,O=C(C1CCN1)N1CCC(N(c2cc(F)ccc2O)C(CCl)c2ccc(Cl)c(Cl)c2)CC1,0.720217
O=CCNCC(=O)O,0.003047,O=CC(=O)NCC(=O)O,0.001397
C[C@@H](CNc1cccc(Br)c1O)NCC1CCN1CCN,0.432862,C[C@@H](CN(C(=O)CN)c1cccc(Br)c1O)NCC1CCN1,0.224063
NCCN(CC1CCNCC1)c1ccc(Br)cc1,0.033648,NCC(=O)N(CC1CCNCC1)c1ccc(Br)cc1,0.109785
Sc1ccccc1N(C[C@@H]1CCCNC1)C1CCNCC1,0.157839,O=C([C@@H]1CCCNC1)N(c1ccccc1S)C1CCNCC1,0.09897
NCCCN(CC1CCN1CCN)c1cccnc1Br,0.268545,NCCCN(CC1CCN1C(=O)CN)c1cccnc1Br,0.0185
C[C@@H](N)CN(Cc1ccc(N)c(Br)c1)c1cc(CN2CCCCC2)ccc1O,0.953976,C[C@@H](N)CN(Cc1ccc(N)c(Br)c1)c1cc(C(=O)N2CCCCC2)ccc1O,0.133072
CC(C)CNCCNCc1ccc(F)cc1,0.047053,CC(C)CNCCNC(=O)c1ccc(F)cc1,0.008412
COc1ccc(NC[C@H](N)CCN2CCC(=O)CC2)c(N)c1,0.3071,COc1ccc(N)c(NC(=O)[C@H](N)CCN2CCC(=O)CC2)c1,0.05017
CC[C@H](N)CN(CCNC[C@@H]1CCCN1)c1cc(Br)ccc1O,0.281888,CC[C@@H](CN(CCN)c1cc(Br)ccc1O)NC(=O)[C@@H]1CCCN1,0.061122
O=CCNc1ccccc1O,0.015035,O=CC(=O)Nc1ccccc1O,0.000583
O=CCN1CCC1CNc1ccc(Br)cc1,0.010574,O=CCN1CCC1C(=O)Nc1ccc(Br)cc1,0.000225
Nc1c(F)cccc1CN1CCCC(N(CCBr)c2ccc(Br)cc2)C1,0.929616,Nc1c(F)cccc1CN1CCCC(N(C(=O)CBr)c2ccc(Br)cc2)C1,0.357684
Nc1cc(Br)ccc1NC[C@@H]1C[C@@H](O)CN1,0.023965,Nc1cc(Br)ccc1NC(=O)[C@@H]1C[C@@H](O)CN1,0.002227
CNCCN(CC=O)CCc1c[nH]c2ccccc12,0.329582,CN(CCNCCc1c[nH]c2ccccc12)C(=O)C=O,0.118831
CC[C@H](NC[C@@H](N)CS)C(=O)O,0.005664,CC[C@H](N)C(=O)N[C@@H](CS)C(=O)O,0.001428
N[C@@H](CCCN(CCc1ccccc1Br)C[C@@H]1CCCN1)C(=O)O,0.735893,N[C@@H](CCC(=O)N(CCc1ccccc1Br)C[C@@H]1CCCN1)C(=O)O,0.02397
C[C@H](NC1CCCN(CCN)C1)C(=O)O,0.03669,C[C@@H](C(=O)O)N(C(=O)CN)C1CCCNC1,0.004829
COC(=O)c1ccccc1CN(C)CCNCCN(CCc1ccccc1OC)Cc1ccc(N)c(Br)c1,0.388514,COC(=O)c1ccccc1CN(C)CCN(CCNCCc1ccccc1OC)C(=O)c1ccc(N)c(Br)c1,0.058877
NCCNCCNCCc1ccccc1Br,0.403516,NCCNCC(=O)NCCc1ccccc1Br,0.052585
Nc1ccc(CNC2(C(=O)O)CCC2)cc1Br,0.017943,NC1(C(=O)Nc2ccc(C(=O)O)cc2Br)CCC1,0.000252
COc1ccccc1CCNCCC[C@H](N)CNCCc1ccccc1Br,0.854144,COc1ccccc1CCNCCC[C@H](N)C(=O)NCCc1ccccc1Br,0.243997
N[C@H](CCNc1cc(Br)ccc1O)CNCCc1ccccc1Br,0.89335,N[C@H](CCNc1cc(Br)ccc1O)C(=O)NCCc1ccccc1Br,0.057703
C[C@H](N)CN1CCC[C@H]1CNc1cccc(Br)c1O,0.399031,C[C@H](N)CN1CCC[C@H]1C(=O)Nc1cccc(Br)c1O,0.039308
CCCN[C@@H](CC)CNc1cc(OC)ccc1O,0.060327,CCCN[C@@H](CC)C(=O)Nc1cc(OC)ccc1O,0.005356
CC[C@H](N)CN1CC(N(Cc2c[nH]c3cc(Br)ccc23)[C@H](CNc2ccccc2O)Cc2ccc(O)cc2)C1,0.748167,CC[C@H](N)CN1CC(N(Cc2c[nH]c3cc(Br)ccc23)[C@@H](Cc2ccc(O)cc2)C(=O)Nc2ccccc2O)C1,0.707217
O=C(O)C(CBr)N(C[C@H]1CCCN1)c1ccccc1O,0.037886,O=C(O)C(CBr)N(C(=O)[C@H]1CCCN1)c1ccccc1O,0.039288
Nc1c(F)cccc1CN1CC(N(CCc2c[nH]c3ccccc23)Cc2ccc(F)cc2)C1,0.951925,Nc1c(F)cccc1CN1CC(N(CCc2c[nH]c3ccccc23)C(=O)c2ccc(F)cc2)C1,0.741651
CN(CCN(c1cccc(Br)c1N)C1CN(C[C@@H](N)CO)C1)Cc1ccc(F)cc1,0.937833,CN(CCN(c1cccc(Br)c1N)C1CN(C[C@@H](N)CO)C1)C(=O)c1ccc(F)cc1,0.838492
C[C@@H](CNC1CCC1)N(CC1CCN1)C(CCl)c1ccc(F)cc1,0.564253,C[C@@H](C(=O)NC1CCC1)N(CC1CCN1)C(CCl)c1ccc(F)cc1,0.33863
C[C@@H](N)CNCc1ccc(O)cc1,0.28901,C[C@@H](N)C(=O)NCc1ccc(O)cc1,0.007899
O=C1CCN(Cc2ccc(NCC3CCN3)c(Br)c2)CC1,0.256989,O=C1CCN(C(=O)c2ccc(NCC3CCN3)c(Br)c2)CC1,0.012836
CCCN(c1cccc(Br)c1N)C1CCCN(CCN)C1,0.664361,CCCN(c1cccc(Br)c1N)C1CCCN(C(=O)CN)C1,0.007765
CNCCN(CC=O)c1cccnc1Br,0.007457,CNCC(=O)N(CC=O)c1cccnc1Br,0.005087
C[C@@H](CNc1cccc(Br)c1O)NC1CCNCC1,0.224421,C[C@H](NC1CCNCC1)C(=O)Nc1cccc(Br)c1O,0.035131
Oc1ccccc1NC[C@H]1CCCNC1,0.513299,O=C(Nc1ccccc1O)[C@H]1CCCNC1,0.031692
Cc1cc(Br)cnc1NC[C@@H]1CCCN1Cc1ccccc1C(=O)O,0.352829,Cc1cc(Br)cnc1NC(=O)[C@@H]1CCCN1Cc1ccccc1C(=O)O,0.025369
N[C@@H](CCN(CCc1ccc(O)cc1)Cc1ccnc(Br)c1)CNCCc1ccccc1Br,0.980012,N[C@@H](CCN(CCc1ccc(O)cc1)Cc1ccnc(Br)c1)C(=O)NCCc1ccccc1Br,0.662006
CC[C@@H](CN1CCC(N(CCCN)c2ccccc2S)C1)NCc1c[nH]c2ccc(Br)cc12,0.999994,CC[C@@H](CN1CCC(N(C(=O)CCN)c2ccccc2S)C1)NCc1c[nH]c2ccc(Br)cc12,0.988892
C[C@@H](CNc1cccc2cc[nH]c12)NCCN(C)C[C@@H](N)CS,0.226647,CNCCN(C(=O)[C@@H](N)CS)[C@@H](C)CNc1cccc2cc[nH]c12,0.03757
O=CCN(c1cccc2cc[nH]c12)C1CCCNC1,0.206276,O=CC(=O)N(c1cccc2cc[nH]c12)C1CCCNC1,0.055952
Oc1ccc(Br)cc1NCCCN(CC1CNC1)C1CC1,0.800685,O=C(C1CNC1)N(CCCNC1CC1)c1cc(Br)ccc1O,0.537955
N[C@H](CCNc1cc(F)c(F)cc1O)CN(CCc1c[nH]c2ccccc12)C1CNC1,0.987603,N[C@H](CC(=O)Nc1cc(F)c(F)cc1O)CN(CCc1c[nH]c2ccccc12)C1CNC1,0.963995
C=CCNC1CCCN(CCCNCCc2ccccc2OC)C1,0.825748,C=CCNC1CCCN(CCC(=O)NCCc2ccccc2OC)C1,0.534587
COc1ccc(N(CCCN)CCN(C)CCBr)c(N)c1,0.14098,COc1ccc(N(CCN(C)CCBr)C(=O)CCN)c(N)c1,0.291902
CNCCN[C@H](C)CN(CC(=O)O)c1ccccc1O,0.067272,CNCC(=O)N[C@H](C)CN(CC(=O)O)c1ccccc1O,0.010152
N[C@H](CCN1CCC[C@H]1CNCCc1ccc(O)cc1)CNc1cccc2cc[nH]c12,0.988903,N[C@H](CCN1CCC[C@H]1CNCCc1ccc(O)cc1)C(=O)Nc1cccc2cc[nH]c12,0.952266
NCCC[C@@H](CN1CCC(=O)C1)N(CCBr)c1ccc2[nH]cc(C3NCCc4ccc(O)cc43)c2c1,0.970763,NCCC[C@@H](CN1CCC(=O)C1)N(C(=O)CBr)c1ccc2[nH]cc(C3NCCc4ccc(O)cc43)c2c1,0.759064
CC[C@H](N)CN(CCNCc1ccccc1OC)C1CCNC1,0.386002,CC[C@H](N)CN(CC(=O)NCc1ccccc1OC)C1CCNC1,0.140889
N#Cc1ccc(O)c(NC[C@@H]2CCCN2CC2CCN2)c1,0.938188,N#Cc1ccc(O)c(NC(=O)[C@@H]2CCCN2CC2CCN2)c1,0.449199
O=C1CCCN(CCN(C[C@H]2CCCN2)c2cccc(Br)c2O)C1,0.642677,O=C1CCCN(C(=O)CN(C[C@H]2CCCN2)c2cccc(Br)c2O)C1,0.008102
NCCNc1ccc(Br)cc1O,0.070923,NCC(=O)Nc1ccc(Br)cc1O,0.002563
N#Cc1cc(Br)cc(N(Cc2c[nH]c3ccc(C#N)cc23)CC2CCN2)c1,0.637271,N#Cc1cc(Br)cc(N(Cc2c[nH]c3ccc(C#N)cc23)C(=O)C2CCN2)c1,0.532268
COc1ccc(O)c(NCCN(CCc2ccccc2OC)C[C@H]2CCCN2)c1,0.985643,COc1ccc(O)c(N(CCNCCc2ccccc2OC)C(=O)[C@H]2CCCN2)c1,0.798377
CC[C@H](N)CN(c1ccc(Br)cc1O)C1CCN(CCN)CC1,0.633519,CC[C@H](N)C(=O)N(c1ccc(Br)cc1O)C1CCN(CCN)CC1,0.598938
COc1ccc(O)c(NCCCN[C@H](C)CN2CC(=O)C2)c1,0.220229,COc1ccc(O)c(NC(=O)CCN[C@H](C)CN2CC(=O)C2)c1,0.026811
NCCN1CCC(N(Cc2c[nH]c3ccc(Br)cc23)c2cc(F)ccc2O)C1,0.994057,NCC(=O)N1CCC(N(Cc2c[nH]c3ccc(Br)cc23)c2cc(F)ccc2O)C1,0.662846
NCCCN(C[C@H](CS)NCc1ccc(F)cc1)C1CC1,0.553964,NCCCN(C[C@H](CS)NC(=O)c1ccc(F)cc1)C1CC1,0.362283
Sc1ccccc1NC1CN(C[C@H]2CCCN2)C1,0.426837,O=C([C@H]1CCCN1)N(c1ccccc1S)C1CNC1,0.48766
Nc1ccc(CN2CC(N(CCO)CC3CCNCC3)C2)cc1Br,0.285642,Nc1ccc(C(=O)N2CC(N(CCO)CC3CCNCC3)C2)cc1Br,0.335466
NCCCN1CCC[C@H]1CNCCCNc1cccc2cc[nH]c12,0.737609,NCCCN1CCC[C@H]1CNCCC(=O)Nc1cccc2cc[nH]c12,0.5
OCCCNCc1ccccc1CCl,0.031418,O=C(NCCCO)c1ccccc1CCl,0.002315
Oc1ccc(Br)cc1NCC1(N(Cc2c[nH]c3ccccc23)CC2CNC2)CCC1,0.969326,O=C(C1CNC1)N(CC1(NCc2c[nH]c3ccccc23)CCC1)c1cc(Br)ccc1O,0.848597
CN(CCN1CCC[C@@H]1CN(Cc1ccc(N)c(Br)c1)c1cccc(Br)c1O)Cc1cccc(F)c1N,0.953301,CN(CCN1CCC[C@@H]1CN(Cc1ccc(N)c(Br)c1)c1cccc(Br)c1O)C(=O)c1cccc(F)c1N,0.823776
NCCCN(CCC(=O)O)Cc1cccc(O)c1N,0.073104,NCCC(=O)N(CCC(=O)O)Cc1cccc(O)c1N,0.02581
CNCCN(C[C@H](C)N)c1ccccc1O,0.078791,CNCC(=O)N(C[C@H](C)N)c1ccccc1O,0.105421
CNCCNCCCN1CCC[C@@H]1C(=O)O,0.021921,CN(CCNCCC(=O)O)C(=O)[C@H]1CCCN1,0.004714
CCCN[C@@H](CCNc1ccc(Br)cc1O)CNCCc1c[nH]c2ccccc12,0.92871,CCCN[C@@H](CCNc1ccc(Br)cc1O)C(=O)NCCc1c[nH]c2ccccc12,0.455742
Fc1ccc(CN(C[C@@H]2Cc3ccccc3CN2)C23CC(C2)C3)cc1,0.971741,O=C(c1ccc(F)cc1)N(C[C@@H]1Cc2ccccc2CN1)C12CC(C1)C2,0.403728
CCCN[C@@H](Cc1c[nH]c2ccccc12)CN1CCC(CNc2cc(Br)cc(C#N)c2)CC1,0.982511,CCCN[C@@H](Cc1c[nH]c2ccccc12)CN1CCC(C(=O)Nc2cc(Br)cc(C#N)c2)CC1,0.93122
C#CCN(CCCNCCCNCCc1c[nH]c2ccccc12)c1cccc(N)c1O,0.850965,C#CCN(CCCNCCC(=O)NCCc1c[nH]c2ccccc12)c1cccc(N)c1O,0.660814
C[C@@H](CNC1CC1)NCCN,0.021048,C[C@@H](CNC1CC1)NC(=O)CN,0.005662
NCCCN(Cc1cccc(Br)c1)[C@H](CCN1CCCCC1)CNc1ccc(F)nc1Br,0.885441,NCCCN(Cc1cccc(Br)c1)[C@H](CCN1CCCCC1)C(=O)Nc1ccc(F)nc1Br,0.780072
Nc1ccc(Br)cc1OC(=O)C1CN(Cc2ccc(F)cc2)C1,0.204602,Nc1ccc(Br)cc1OC(=O)C1CN(C(=O)c2ccc(F)cc2)C1,0.001136
C[C@@H](CNc1ccc(Br)cc1O)N(Cc1c[nH]c2ccccc12)C[C@@H]1CCCN1,0.947241,C[C@@H](C(=O)Nc1ccc(Br)cc1O)N(Cc1c[nH]c2ccccc12)C[C@@H]1CCCN1,0.525292
N[C@H](CS)CN(C[C@H](N)CCN1CCC[C@H]1CO)c1cc(Br)ccc1O,0.362349,N[C@H](CS)CN(C[C@H](N)CC(=O)N1CCC[C@H]1CO)c1cc(Br)ccc1O,0.028261
CCCN(CCCN1CCc2c(OC)cccc2C1c1ccncc1F)CC1CNC1,0.975494,CCCN(CCCN1CCc2c(OC)cccc2C1c1ccncc1F)C(=O)C1CNC1,0.743866
Nc1ccc(CN[C@@H](CO)CN2CCCC(=O)C2)cc1Br,0.372578,Nc1ccc(CN[C@@H](CO)C(=O)N2CCCC(=O)C2)cc1Br,0.006493
O[C@H]1CN[C@H](CNCCc2ccccc2)C1,0.487966,O=C(NCCc1ccccc1)[C@@H]1C[C@@H](O)CN1,0.009067
CN(CCN1CCCC(NCCCNc2cc(F)c(F)cc2O)C1)Cc1ccc(N)c(Br)c1,0.882255,CN(CCN1CCCC(NCCC(=O)Nc2cc(F)c(F)cc2O)C1)Cc1ccc(N)c(Br)c1,0.816619
C[C@H](N)CN1CCC[C@@H]1CNc1cc(Br)ccc1O,0.654309,C[C@H](N)C(=O)N(C[C@H]1CCCN1)c1cc(Br)ccc1O,0.158091
CC(CCl)N(CCN(C)CC1CCN1Cc1ccc(N)c(Br)c1)c1ccccn1,0.960847,CC(CCl)N(CCN(C)CC1CCN1C(=O)c1ccc(N)c(Br)c1)c1ccccn1,0.919529
N[C@@H](CNc1cc(F)c(F)cc1O)CC(=O)O,0.016025,N[C@H](CC(=O)Nc1cc(F)c(F)cc1O)C(=O)O,0.001655
NCCCCNC[C@H](N)Cc1c[nH]c2ccccc12,0.86941,NCCCCNC(=O)[C@H](N)Cc1c[nH]c2ccccc12,0.176434
COc1ccccc1CCNC[C@H](N)CCNC1CC1,0.615344,COc1ccccc1CCNC(=O)[C@H](N)CCNC1CC1,0.053514
CC(C)(N)CN(c1cc(Br)cc(C#N)c1)C1CCN(CCCN)C1,0.602447,CC(C)(N)CN(c1cc(Br)cc(C#N)c1)C1CCN(C(=O)CCN)C1,0.028047
CC[C@H](C)[C@H](CNCCc1ccccc1OC)NCCCN,0.149207,CC[C@H](C)[C@H](CNCCc1ccccc1OC)NC(=O)CCN,0.050735
CNCCN(C)CCN(CC1CCN1)c1ccc(Br)cc1O,0.349063,CN(CCNc1ccc(Br)cc1O)CCN(C)C(=O)C1CCN1,0.172878
O=C(O)[C@H](CCN1CCCCC1)NCc1cccc(F)n1,0.110167,O=C(O)C[C@H](NCc1cccc(F)n1)C(=O)N1CCCCC1,0.001143
C[C@H](CN1CCC[C@@H](O)C1)NCCCN(Cc1cccnc1Br)c1ccnc2ccccc12,0.921297,C[C@H](CN1CCC[C@@H](O)C1)N(CCCNc1ccnc2ccccc12)C(=O)c1cccnc1Br,0.378008
Brc1ccc(N(Cc2cccc(Br)c2)CC2CCN2)cc1,0.261603,O=C(C1CCN1)N(Cc1cccc(Br)c1)c1ccc(Br)cc1,0.060556
CN(CCNCCc1ccccc1)CCNc1c(N)cccc1Br,0.870278,CN(CCNc1c(N)cccc1Br)CC(=O)NCCc1ccccc1,0.072775
NCCCC[C@H](N)CNc1ccc(Br)cc1,0.034519,NCCCC[C@H](N)C(=O)Nc1ccc(Br)cc1,0.001299
NCCCCN(Cc1ccc(F)cc1)Cc1c[nH]c2ccc(I)cc12,0.980917,NCCCCN(Cc1c[nH]c2ccc(I)cc12)C(=O)c1ccc(F)cc1,0.306461
COc1ccc(NC2CCN(CC3CCN3)CC2)c(N)c1,0.649331,COc1ccc(N(C(=O)C2CCN2)C2CCNCC2)c(N)c1,0.041305
Brc1ccccc1CCNC[C@@H]1Cc2ccccc2CN1,0.799798,O=C(NCCc1ccccc1Br)[C@@H]1Cc2ccccc2CN1,0.04408
COc1ccccc1CCNCCCNC[C@H]1CCCN1Cc1ccc(N)c(Br)c1,0.984945,COc1ccccc1CCNC(=O)CCNC[C@H]1CCCN1Cc1ccc(N)c(Br)c1,0.937883
N#Cc1ccc(O)c(N(CCCN)CC2CCN2CC2CNC2)c1,0.437161,N#Cc1ccc(O)c(N(CCCN)CC2CCN2C(=O)C2CNC2)c1,0.02848
CNCCN1CCC1CN(C[C@H](C)N)c1ccccc1O,0.232907,CNCCN1CCC1CN(C(=O)[C@H](C)N)c1ccccc1O,0.637131
N[C@H](CCNCCCO)CNc1cc(F)c(F)cc1O,0.186359,N[C@H](CCNCCCO)C(=O)Nc1cc(F)c(F)cc1O,0.02846
C[C@@H](N)CNc1ccc(C(=O)O)cc1Br,0.005814,C[C@@H](N)C(=O)Nc1ccc(C(=O)O)cc1Br,0.000423
N[C@H](Cc1c[nH]c2ccccc12)CN1CCCC(=O)C1,0.355917,N[C@H](Cc1c[nH]c2ccccc12)C(=O)N1CCCC(=O)C1,0.008208
O=C(O)[C@@H]1CCCN1C[C@H]1CCCNC1,0.020367,O=C(O)[C@@H]1CCCN1C(=O)[C@H]1CCCNC1,0.003841
O=C(O)[C@H](Cc1ccccc1)NCC1CCN1,0.160428,O=C(N[C@@H](Cc1ccccc1)C(=O)O)C1CCN1,0.005895
BrCCN(CCCNc1cccc2cc[nH]c12)CC1CCN1,0.593648,O=C(C1CCN1)N(CCBr)CCCNc1cccc2cc[nH]c12,0.104254
CN(CC(=O)Oc1ccc(F)cc1N)C[C@@H]1CCCN1,0.05138,CN(CC(=O)Oc1ccc(F)cc1N)C(=O)[C@@H]1CCCN1,0.002655
COc1ccc(NC[C@@H](N)CCN2CCC(=O)CC2)c(N)c1,0.3071,COc1ccc(N)c(NC(=O)[C@@H](N)CCN2CCC(=O)CC2)c1,0.05017
C[C@H](CNc1ccc(Br)cc1)NCC1CCN1,0.122857,C[C@@H](NCC1CCN1)C(=O)Nc1ccc(Br)cc1,0.007693
Oc1ccc(F)cc1NC[C@H]1CCCN1C1CCNC1,0.719625,O=C(Nc1cc(F)ccc1O)[C@H]1CCCN1C1CCNC1,0.214702
C=CCN[C@H](CCCN(c1ccccn1)C(CCl)c1ccc(F)cc1)CN1CCC[C@H]1CO,0.973006,C=CC(=O)N[C@H](CCCN(c1ccccn1)C(CCl)c1ccc(F)cc1)CN1CCC[C@H]1CO,0.896494
C=CCN(CCN(C)C[C@H](CS)NCc1ccc(N)c(Br)c1)Cc1ccc(O)cc1,0.606813,C=CC(=O)N(CCN(C)C[C@H](CS)NCc1ccc(N)c(Br)c1)Cc1ccc(O)cc1,0.459736
CSCC[C@H](N)CNc1cc(Br)ccc1O,0.021059,CSCC[C@H](N)C(=O)Nc1cc(Br)ccc1O,0.000675
CNCCN(c1cc(Br)cc(C#N)c1)C1CCCN(C[C@@H](N)Cc2c[nH]c3ccccc23)C1,0.99594,CN(CCN(c1cc(Br)cc(C#N)c1)C1CCCNC1)C(=O)[C@@H](N)Cc1c[nH]c2ccccc12,0.753911
Oc1ccc(F)cc1N(Cc1ccc(CCl)cc1)C[C@@H]1CCCN1,0.816507,O=C(c1ccc(CCl)cc1)N(C[C@@H]1CCCN1)c1cc(F)ccc1O,0.429753
C[C@H](O)CN1CC(N2CCCC(N(Cc3cnccc3N)c3cccc4cc[nH]c34)C2)C1,0.916863,C[C@H](O)C(=O)N1CC(N2CCCC(N(Cc3cnccc3N)c3cccc4cc[nH]c34)C2)C1,0.736096
N#Cc1cc(Br)cc(N(CC2CCN2)CC2(N(CCBr)Cc3c[nH]c4cc(Br)ccc34)CCC2)c1,0.977675,N#Cc1cc(Br)cc(N(CC2(N(CCBr)Cc3c[nH]c4cc(Br)ccc34)CCC2)C(=O)C2CCN2)c1,0.897493
NCCNc1c(F)cccc1CN1C[C@H](O)C[C@H]1C(=O)O,0.013108,NCC(=O)Nc1c(F)cccc1CN1C[C@H](O)C[C@H]1C(=O)O,0.000601
Nc1cccc(Br)c1NC[C@H]1CCCNC1,0.18084,Nc1c(Br)cccc1NC(=O)[C@H]1CCCNC1,0.010658
COc1ccc(O)c(NC[C@H]2CCCN2CCCNc2c(C)ccnc2Br)c1,0.930891,COc1ccc(O)c(NC[C@H]2CCCN2CCC(=O)Nc2c(C)ccnc2Br)c1,0.561308
O=C(O)[C@H]1CCCN1CCBr,0.006115,O=C(O)[C@H]1CCCN1C(=O)CBr,0.002452
N[C@@H](CCN1CCC[C@H](O)C1)CNc1cccc2cc[nH]c12,0.391242,N[C@@H](CCN1CCC[C@H](O)C1)C(=O)Nc1cccc2cc[nH]c12,0.043287
N#Cc1ccc(N)c(N(CC2CCN2)C[C@H]2CCCN2)c1,0.11245,N#Cc1ccc(N)c(N(C[C@H]2CCCN2)C(=O)C2CCN2)c1,0.096849
Nc1cccc(Br)c1NCCNC1CC1,0.085097,Nc1cccc(Br)c1NCC(=O)NC1CC1,0.005596
CCCN1CCCC(N(CCCN)c2cc(Br)ccc2O)C1,0.927486,CCCN1CCCC(N(C(=O)CCN)c2cc(Br)ccc2O)C1,0.972544
N[C@H](CNc1ccc(Br)cc1O)Cc1c[nH]c2ccccc12,0.164778,N[C@@H](Cc1c[nH]c2ccccc12)C(=O)Nc1ccc(Br)cc1O,0.009558
Nc1cc(CN(CC=O)[C@@H](CO)CN(CCO)CCc2c[nH]c3ccccc23)ccc1O,0.52127,Nc1cc(CN(C(=O)C=O)[C@@H](CO)CN(CCO)CCc2c[nH]c3ccccc23)ccc1O,0.237258
NCCCN1CCC[C@@H]1CN(Cc1cccnc1F)c1cccc2cc[nH]c12,0.979187,NCCCN1CCC[C@@H]1CN(C(=O)c1cccnc1F)c1cccc2cc[nH]c12,0.962029
C=CCN(CCN1CCC[C@H]1CNCCc1ccccc1OC)c1ccc(Br)cc1N,0.999991,C=CCN(CCN1CCC[C@H]1C(=O)NCCc1ccccc1OC)c1ccc(Br)cc1N,0.951462
N[C@H](Cc1c[nH]c2ccccc12)CN(C1CCNCC1)C1CC1,0.854269,N[C@H](Cc1c[nH]c2ccccc12)C(=O)N(C1CCNCC1)C1CC1,0.111018
O=CCCN(CCCNCCc1c[nH]c2ccccc12)Cc1cccc(Br)c1,0.999998,O=CCCN(CCC(=O)NCCc1c[nH]c2ccccc12)Cc1cccc(Br)c1,0.896601
C[C@@H](CN(CCc1c[nH]c2ccccc12)C[C@@H]1CCCNC1)NCC(=O)CBr,0.653653,C[C@@H](CN(CCc1c[nH]c2ccccc12)C(=O)[C@@H]1CCCNC1)NCC(=O)CBr,0.066886
NCCCN(C[C@H]1CCCN1C[C@@H]1CCCN1)c1ccccc1S,0.649112,NCCCN(C[C@H]1CCCN1C(=O)[C@@H]1CCCN1)c1ccccc1S,0.024563
NC1(CN2CCCC(=O)C2)CCC1,0.017367,NC1(C(=O)N2CCCC(=O)C2)CCC1,0.001128
COc1ccccc1CCNCCN(C)C1CN(c2ccnc(F)c2)C1,0.993076,COc1ccccc1CCNC(=O)CN(C)C1CN(c2ccnc(F)c2)C1,0.244691
NCCCN(CC1CNC1)c1cc(Br)ccc1O,0.310131,NCCCN(C(=O)C1CNC1)c1cc(Br)ccc1O,0.370888
Fc1ccc(CNc2cccnc2Br)cc1,0.002375,O=C(Nc1cccnc1Br)c1ccc(F)cc1,0.000849
NCCCNCCCN1CC(=O)C1,0.021403,NCCC(=O)NCCCN1CC(=O)C1,0.008268
Oc1ccccc1NCC1CCN1CCBr,0.277887,O=C(CBr)N(CC1CCN1)c1ccccc1O,0.072533
COc1ccc(N)c(NC[C@@H]2CCCN2)c1,0.051626,COc1ccc(N)c(NC(=O)[C@@H]2CCCN2)c1,0.00706
Nc1cccc(Br)c1CN(CC1CCN1)c1ccc(Br)cc1,0.252131,Nc1cccc(Br)c1CN(C(=O)C1CCN1)c1ccc(Br)cc1,0.091951
CCCN(C)CCN(C)CC(=O)O,0.03029,CCCN(C)CC(=O)N(C)CC(=O)O,0.009715
NCCN(c1ccnc2ccccc12)C1CCN(CCCNCc2ccc(F)cc2)CC1,0.99736,NCCCN1CCC(N(CCNC(=O)c2ccc(F)cc2)c2ccnc3ccccc23)CC1,0.983879
C[C@H](CN(CC1CCN1)c1cc(C#N)ccc1N)NC1CNC1,0.117771,C[C@H](CN(C(=O)C1CCN1)c1cc(C#N)ccc1N)NC1CNC1,0.097498
CN(CCNc1cc(Br)ccc1O)C1CCN(C(CCl)c2ccc(F)cc2F)C1,0.90514,CN(CC(=O)Nc1cc(Br)ccc1O)C1CCN(C(CCl)c2ccc(F)cc2F)C1,0.444567
NCCN(C[C@@H](N)CCN(CCC=O)CCc1c[nH]c2ccccc12)c1ccccc1O,0.983326,NCC(=O)N(C[C@@H](N)CCN(CCC=O)CCc1c[nH]c2ccccc12)c1ccccc1O,0.965094
CNCCN(c1c(F)cccc1CNCCc1c[nH]c2ccccc12)C1CCCNC1,0.889835,CNCCN(c1c(F)cccc1C(=O)NCCc1c[nH]c2ccccc12)C1CCCNC1,0.888112
N[C@@H](CCN1CCCC(Nc2ccc(Br)cc2O)C1)CN(C[C@H]1CCCN1)c1cccc(Br)c1O,0.810158,N[C@@H](CCN1CCCC(N(C(=O)[C@H]2CCCN2)c2ccc(Br)cc2O)C1)CNc1cccc(Br)c1O,0.897461
C=CCN(CCC)CCCN(Cc1c[nH]c2ccc(Br)cc12)c1cc(Br)ccc1O,0.999993,C=CC(=O)N(CCC)CCCN(Cc1c[nH]c2ccc(Br)cc12)c1cc(Br)ccc1O,0.588769
c1ccc2c(NCC3CN(CC4CCN4)C3)ccnc2c1,0.356465,O=C(C1CCN1)N(CC1CNC1)c1ccnc2ccccc12,0.223544
CC[C@H](C)[C@H](CN1CCC(=O)CC1)NCc1ccc(F)cc1,0.671942,CC[C@H](C)[C@H](CN1CCC(=O)CC1)NC(=O)c1ccc(F)cc1,0.5
N[C@H](CS)CN(c1ccc(Br)cc1)C1CCN(C[C@@H]2CCCN2)C1,0.570903,N[C@H](CS)CN(c1ccc(Br)cc1)C1CCN(C(=O)[C@@H]2CCCN2)C1,0.019044
O=C(O)[C@@H](CCCN1CCC1CN(CCBr)c1ccc(Br)cc1)NCc1c[nH]c2ccc(Br)cc12,0.989578,O=C(O)[C@@H](CCCN1CCC1CN(C(=O)CBr)c1ccc(Br)cc1)NCc1c[nH]c2ccc(Br)cc12,0.977173
N[C@H](CNCCCO)CC(=O)O,0.008386,N[C@@H](CC(=O)NCCCO)C(=O)O,0.001797
N[C@@H](CCCNCCc1ccc(O)cc1)CN1CCCCC1,0.964877,N[C@@H](CCCNCCc1ccc(O)cc1)C(=O)N1CCCCC1,0.041546
N[C@H](Cc1c[nH]c2ccccc12)CN(C[C@@H](N)Cc1ccc(O)cc1)C1CCC1,0.972107,N[C@@H](Cc1ccc(O)cc1)CN(C(=O)[C@H](N)Cc1c[nH]c2ccccc12)C1CCC1,0.448039
COCCNC[C@@H]1CCCN1,0.01497,COCCNC(=O)[C@@H]1CCCN1,0.002672
CN(CCN(Cc1cccc(F)c1N)c1ccnc2ccccc12)C[C@H]1CCCN1,0.974814,CN(CCN(C(=O)c1cccc(F)c1N)c1ccnc2ccccc12)C[C@H]1CCCN1,0.86144
CN(CCN1CCCCC1)C1CCN(c2ccc(NCc3ccc(N)c(Br)c3)c(O)c2)C1,0.961126,CN(CCN1CCCCC1)C1CCN(c2ccc(NC(=O)c3ccc(N)c(Br)c3)c(O)c2)C1,0.942839
CCCN(CCCN1CCC1C(=O)O)c1cccc(Br)c1O,0.035717,CCCN(CCC(=O)N1CCC1C(=O)O)c1cccc(Br)c1O,0.003693
C[C@H](N)CN(CCCN)CCCCN,0.062058,C[C@H](N)C(=O)N(CCCN)CCCCN,0.006635
COc1ccc(O)c(NC[C@@H](N)CCCNc2cccc3cc[nH]c23)c1,0.294671,COc1ccc(O)c(NC(=O)[C@@H](N)CCCNc2cccc3cc[nH]c23)c1,0.036622
Fc1ccc(CNc2ccccc2S)cc1,0.005965,O=C(Nc1ccccc1S)c1ccc(F)cc1,0.001029
Nc1ccc(Br)cc1N(C[C@@H]1CCCN1Cc1cccc(F)c1N)C1CNC1,0.970498,Nc1ccc(Br)cc1N(C[C@@H]1CCCN1)C1CN(C(=O)c2cccc(F)c2N)C1,0.395559
COc1ccccc1CCN(CC1CCN1C[C@H]1CCCN1)C[C@@H](C)O,0.347511,COc1ccccc1CCN(CC1CCN1C(=O)[C@H]1CCCN1)C[C@@H](C)O,0.207258
N[C@H](CCN1CC(C(=O)O)C1)C(=O)O,0.010123,N[C@H](CC(=O)N1CC(C(=O)O)C1)C(=O)O,0.002683
Nc1c(F)cccc1CNc1ccc(C(=O)O)cc1Br,0.005899,Nc1c(F)cccc1C(=O)Nc1ccc(C(=O)O)cc1Br,0.001849
CN(CCNc1cc(F)ccc1OC(=O)C1CCN1)Cc1ccc(F)cc1,0.938994,CN(CCNc1cc(F)ccc1OC(=O)C1CCN1)C(=O)c1ccc(F)cc1,0.174137
Oc1cc(F)c(F)cc1NCc1ccc(NC2CCN(C3CCNCC3)CC2)c(Br)c1,0.897265,O=C(Nc1cc(F)c(F)cc1O)c1ccc(NC2CCN(C3CCNCC3)CC2)c(Br)c1,0.892124
C=CCN(c1cc(OC)ccc1O)C1CCN(C[C@H](C)NCc2c[nH]c3cc(Br)ccc23)C1,0.993745,C=CC(=O)N(Cc1c[nH]c2cc(Br)ccc12)[C@@H](C)CN1CCC(Nc2cc(OC)ccc2O)C1,0.890259
NCCN1CCC[C@@H]1CN1CCC1CNc1cc(F)ccc1O,0.814903,NCC(=O)N(CC1CCN1C[C@H]1CCCN1)c1cc(F)ccc1O,0.897575
NCCN(CCc1c[nH]c2ccccc12)CC1CCN1,0.920233,NCCN(CCc1c[nH]c2ccccc12)C(=O)C1CCN1,0.354849
COc1cccc2c1CCNC2CNc1cccc2cc[nH]c12,0.734122,COc1cccc2c1CCNC2C(=O)Nc1cccc2cc[nH]c12,0.153704
NCCN(CC1CCN1Cc1c[nH]c2ccc(F)cc12)c1ccc(CN2CCC[C@@H](O)C2)cc1Br,0.978212,NCCN(CC1CCN1Cc1c[nH]c2ccc(F)cc12)c1ccc(C(=O)N2CCC[C@@H](O)C2)cc1Br,0.897829
C[C@@H](CN1CCC[C@H]1CO)NCc1ccc(F)cc1,0.470724,C[C@H](NCc1ccc(F)cc1)C(=O)N1CCC[C@H]1CO,0.005076
NCCN1CCCC(Nc2cccc3cc[nH]c23)C1,0.378383,NCC(=O)N(c1cccc2cc[nH]c12)C1CCCNC1,0.312311
CCCN1CCC(N(CC2CCN2)c2cc(Br)ccc2O)C1,0.87172,CCCN1CCC(N(C(=O)C2CCN2)c2cc(Br)ccc2O)C1,0.887175
O=C(O)CNCCCNC1CCCNC1,0.016422,O=C(O)CNC(=O)CCNC1CCCNC1,0.006363
N[C@H](Cc1c[nH]c2ccccc12)CN(C[C@@H]1CCCN1)c1ccc(Br)cc1,0.841397,N[C@H](Cc1c[nH]c2ccccc12)CN(C(=O)[C@@H]1CCCN1)c1ccc(Br)cc1,0.649016
NCCCN1CC(N2CC(CNc3cccc4cc[nH]c34)C2)C1,0.374594,NCCCN1CC(N2CC(C(=O)Nc3cccc4cc[nH]c34)C2)C1,0.076511
N[C@@H](CNCCc1ccccc1Br)Cc1ccc(O)cc1,0.956558,N[C@H](Cc1ccc(O)cc1)C(=O)NCCc1ccccc1Br,0.035728
N[C@H](CC(=O)O)CN1CCC(CNc2ccc(Br)cc2)CC1,0.055409,N[C@H](CC(=O)Nc1ccc(Br)cc1)CN1CCC(C(=O)O)CC1,0.01439
COc1cccc(CNC[C@H]2CCCN2)c1,0.154901,COc1cccc(CNC(=O)[C@H]2CCCN2)c1,0.004363
CC[C@@H](CNCCc1ccccc1OC)NCC1CNC1,0.271601,CC[C@H](NCC1CNC1)C(=O)NCCc1ccccc1OC,0.053172
C[C@@H](O)[C@H](CNc1ccccc1O)NCC1CCN1,0.337726,C[C@@H](O)[C@H](CNc1ccccc1O)NC(=O)C1CCN1,0.021945
N[C@H](CCN(CCN1CC(=O)C1)Cc1c[nH]c2ccc(Br)cc12)CNc1cc(F)c(F)cc1O,0.911359,N[C@H](CCN(CC(=O)N1CC(=O)C1)Cc1c[nH]c2ccc(Br)cc12)CNc1cc(F)c(F)cc1O,0.808384
C[C@H](N)CN(c1cccc(Br)c1O)C1CCN(C2CCN(Cc3ccc(N)c(Br)c3)C2)C1,0.977236,C[C@H](N)CN(c1cccc(Br)c1O)C1CCN(C2CCN(C(=O)c3ccc(N)c(Br)c3)C2)C1,0.978144
CC[C@H](N)CN(CCN)CCc1ccccc1OC,0.650908,CC[C@H](N)CN(CCc1ccccc1OC)C(=O)CN,0.020022
BrCCN(Cc1c[nH]c2cc(Br)ccc12)c1c(Br)cccc1N(C1CCNC1)C1CNC1,0.968576,O=C(CBr)N(Cc1c[nH]c2cc(Br)ccc12)c1c(Br)cccc1N(C1CCNC1)C1CNC1,0.938981
C[C@@H](O)CN1CCC[C@H]1CN1CCc2ccccc2C1c1c[nH]c2ccc(Br)cc12,0.999991,C[C@@H](O)C(=O)N1CCC[C@H]1CN1CCc2ccccc2C1c1c[nH]c2ccc(Br)cc12,0.882888
COc1cccc2c1CCN=C2[C@@H]1CCCN1C[C@H](C)N(CCBr)C(CCl)c1ccc(Br)cc1,0.982214,COc1cccc2c1CCN=C2[C@@H]1CCCN1C[C@H](C)N(C(=O)CBr)C(CCl)c1ccc(Br)cc1,0.790601
COc1ccccc1CCN(CCNCC1(N)CCC1)Cc1ccc(N)c(Br)c1,0.99731,COc1ccccc1CCN(CCNCC1(N)CCC1)C(=O)c1ccc(N)c(Br)c1,0.668125
C#CCN(Cc1ccc(F)cc1)C[C@H](Cc1ccc(O)cc1)NCC1CNC1,0.967158,C#CCN(Cc1ccc(F)cc1)C[C@H](Cc1ccc(O)cc1)NC(=O)C1CNC1,0.805356
N#Cc1ccc(N)c(NCC(CBr)N(CCC=O)CCc2c[nH]c3ccccc23)c1,0.956844,N#Cc1ccc(N)c(NC(=O)C(CBr)N(CCC=O)CCc2c[nH]c3ccccc23)c1,0.542083
C[C@H](N)CN(CCc1ccc(O)cc1)C1CCCN(Cc2c[nH]c3ccc(F)cc23)C1,0.999981,C[C@H](N)C(=O)N(CCc1ccc(O)cc1)C1CCCN(Cc2c[nH]c3ccc(F)cc23)C1,0.970335
OCCCN(CCCNc1ccnc2ccccc12)C1CCNCC1,0.5,O=C(CCN(CCCO)C1CCNCC1)Nc1ccnc2ccccc12,0.104096
NCCCN(C1CNC1)C1(CN(c2cccc(Br)c2O)C(CCl)c2ccc(Br)cc2)CCC1,0.961015,NCCC(=O)N(C1CNC1)C1(CN(c2cccc(Br)c2O)C(CCl)c2ccc(Br)cc2)CCC1,0.4051
NC1(CNc2ccccc2C(=O)O)CCC1,0.009368,NC1(C(=O)Nc2ccccc2C(=O)O)CCC1,0.000385
Nc1cc(-c2cccc(Cl)c2)ccc1NC1CCN(CC2CCN2)C1,0.707568,Nc1cc(-c2cccc(Cl)c2)ccc1N(C(=O)C1CCN1)C1CCNC1,0.5
N[C@@H](CCNc1cc(F)ccc1O)CN1CCC(=O)CC1,0.448197,N[C@@H](CC(=O)Nc1cc(F)ccc1O)CN1CCC(=O)CC1,0.048997
NCCN(C[C@H](N)CCCNCCc1ccc(O)cc1)C1CC1,0.915177,NCC(=O)N(CCC[C@@H](N)CNC1CC1)CCc1ccc(O)cc1,0.075802
O=C(O)C[C@H](CN1CCC[C@@H]1CO)NCc1ccc(F)cc1,0.226374,O=C(O)C[C@@H](NCc1ccc(F)cc1)C(=O)N1CCC[C@@H]1CO,0.002826
O=CCN(C1CCCN(c2cccc(NCc3c[nH]c4ccc(Br)cc34)c2O)C1)C12CC(C1)C2,0.955481,O=CC(=O)N(C1CCCN(c2cccc(NCc3c[nH]c4ccc(Br)cc34)c2O)C1)C12CC(C1)C2,0.20987
C#CCN(CCCN(Cc1ccc(F)cc1)c1ccc(Br)cc1O)C1CCC1,0.99398,C#CCN(CCCN(C(=O)c1ccc(F)cc1)c1ccc(Br)cc1O)C1CCC1,0.990487
NCCNc1ccc(Br)cc1O,0.070923,NCC(=O)Nc1ccc(Br)cc1O,0.002563
ClCC(c1ccc(Cl)c(Cl)c1)N1CCC(N2CCC[C@@H]2CNc2cccc3cc[nH]c23)C1,0.990865,O=C(Nc1cccc2cc[nH]c12)[C@H]1CCCN1C1CCN(C(CCl)c2ccc(Cl)c(Cl)c2)C1,0.967593
N#Cc1cc(Br)cc(NCCO)c1,0.007499,N#Cc1cc(Br)cc(NC(=O)CO)c1,0.000314
COc1ccc(N(CCN(CCN)CCc2c[nH]c3ccccc23)C[C@H]2CCCN2)c(N)c1,0.999985,COc1ccc(N(CCN(CCc2c[nH]c3ccccc23)C(=O)CN)C[C@H]2CCCN2)c(N)c1,0.486472
NCCN(CC1CN(C[C@@H]2CCCN2)C1)c1cc(F)ccc1O,0.426204,NCC(=O)N(CC1CN(C[C@@H]2CCCN2)C1)c1cc(F)ccc1O,0.737645
CNCCN(C1CCNCC1)[C@H](CNc1cc(Br)ccc1O)Cc1c[nH]c2ccccc12,0.938623,CNCCN(C1CCNCC1)[C@@H](Cc1c[nH]c2ccccc12)C(=O)Nc1cc(Br)ccc1O,0.904187
Oc1ccc(Br)cc1N(CC1CCN1)C1CCN(CCC2NCCc3c(Br)cccc32)CC1,0.981923,O=C(C1CCN1)N(c1cc(Br)ccc1O)C1CCN(CCC2NCCc3c(Br)cccc32)CC1,0.939053
OCCCNCCCNc1cc(F)ccc1O,0.242547,O=C(CCNCCCO)Nc1cc(F)ccc1O,0.018308
C=CCN(CCc1c[nH]c2ccccc12)CC[C@H](CNc1ccc(Br)cc1)NCCC,0.987077,C=CC(=O)N(CCC)[C@H](CCNCCc1c[nH]c2ccccc12)CNc1ccc(Br)cc1,0.514553
CNCCN(CCN(C[C@@H](C)N)c1ccccc1O)Cc1c[nH]c2cc(Br)ccc12,0.992513,CNCC(=O)N(CCN(C[C@@H](C)N)c1ccccc1O)Cc1c[nH]c2cc(Br)ccc12,0.64725
COc1ccccc1CNC[C@H](N)CS,0.018464,COc1ccccc1CNC(=O)[C@H](N)CS,0.000782
O=C1CCN(Cc2ccc(F)c(F)c2N(C2CCNCC2)C2CC2)C1,0.5,O=C1CCN(C(=O)c2ccc(F)c(F)c2N(C2CCNCC2)C2CC2)C1,0.084718
N[C@@H](Cc1c[nH]c2ccccc12)CN1CCC(N(CC2CCN2)c2cc(Br)ccc2O)CC1,0.99596,N[C@@H](Cc1c[nH]c2ccccc12)CN1CCC(N(C(=O)C2CCN2)c2cc(Br)ccc2O)CC1,0.987806
N[C@@H](Cc1cccs1)CN1CCCC(=O)C1,0.107271,N[C@@H](Cc1cccs1)C(=O)N1CCCC(=O)C1,0.002634
CC(C)C[C@@H](N)CNC1CCC1,0.008342,CC(C)C[C@@H](N)C(=O)NC1CCC1,0.001827
Cc1cc(Br)cnc1NC[C@@H](C)NCc1cccc(Br)c1,0.0406,Cc1cc(Br)cnc1NC(=O)[C@@H](C)NCc1cccc(Br)c1,0.00267
CN(CCN1CCCCC1)Cc1c(Br)cccc1NCc1ccc(F)cc1,0.971395,CN(CCN1CCCCC1)Cc1c(Br)cccc1NC(=O)c1ccc(F)cc1,0.811207
O=CCN1CCc2ccc(O)cc2C1CNCCc1c[nH]c2ccccc12,0.993618,O=CC(=O)N(CCc1c[nH]c2ccccc12)CC1NCCc2ccc(O)cc21,0.605173
OC[C@@H](CNCCc1c[nH]c2ccccc12)NC(CCl)c1ccc(Cl)c(Cl)c1,0.894328,O=C(NCCc1c[nH]c2ccccc12)[C@H](CO)NC(CCl)c1ccc(Cl)c(Cl)c1,0.202727
NCCCN(CC1CCN1CC1CCN1)c1cccc(Br)c1O,0.672465,NCCCN(CC1CCN1C(=O)C1CCN1)c1cccc(Br)c1O,0.049713
C#CCNC[C@H](CC)NCc1cncc(F)c1,0.065897,C#CCNC(=O)[C@H](CC)NCc1cncc(F)c1,0.004748
N#Cc1cc(Br)cc(NCc2ccc(O)c(N)c2)c1,0.019941,N#Cc1cc(Br)cc(NC(=O)c2ccc(O)c(N)c2)c1,0.004511
O=C(CNCC1CCNCC1)Oc1cc(F)c(F)cc1NCCBr,0.089597,O=C(CBr)Nc1cc(F)c(F)cc1OC(=O)CNCC1CCNCC1,0.037872
CNCCNc1ccc(CNCCc2ccncc2)cc1Br,0.664872,CNCCNc1ccc(C(=O)NCCc2ccncc2)cc1Br,0.158369
Nc1c(O)cccc1CN1CCC[C@@H]1CNCCCO,0.578632,Nc1c(O)cccc1C(=O)N(CCCO)C[C@H]1CCCN1,0.0797
COc1ccccc1CCNC[C@@H]1CCCN1CC1CCNCC1,0.690711,COc1ccccc1CCNC(=O)[C@@H]1CCCN1CC1CCNCC1,0.328712
Nc1c(F)cccc1CN1CCC1CN(c1ccccc1S)C1CCCNC1,0.988524,Nc1c(F)cccc1C(=O)N1CCC1CN(c1ccccc1S)C1CCCNC1,0.710425
C#CCN(Cc1ccc(N)c(Br)c1)CC1CCN1,0.378784,C#CCN(Cc1ccc(N)c(Br)c1)C(=O)C1CCN1,0.151989
CC[C@H](C)[C@H](CN(CCCN)c1cc(Br)ccc1O)NCc1c[nH]c2cc(Br)ccc12,0.91421,CC[C@H](C)[C@H](CN(C(=O)CCN)c1cc(Br)ccc1O)NCc1c[nH]c2cc(Br)ccc12,0.680195
N[C@@H](CCNCCc1ccc(O)cc1)CN1CCC(Nc2cccc(Br)c2O)C1,0.970624,N[C@@H](CC(=O)NCCc1ccc(O)cc1)CN1CCC(Nc2cccc(Br)c2O)C1,0.610048
C[C@@H](N)CN1CCC(N2CC(=O)C2)C1,0.040842,C[C@@H](N)C(=O)N1CCC(N2CC(=O)C2)C1,0.009238
O=Cc1c[nH]c2ccc(N(CCCNCCc3ccccc3Br)C3CCNC3)cc12,0.988335,O=Cc1c[nH]c2ccc(N(CCC(=O)NCCc3ccccc3Br)C3CCNC3)cc12,0.629083
Nc1ccc(CN(C[C@@H]2CCCN2)c2cc(Br)ccc2N)cc1Br,0.462391,Nc1ccc(CN(C(=O)[C@@H]2CCCN2)c2cc(Br)ccc2N)cc1Br,0.431866
Nc1ccc(CN(CC2CCN2Cc2ccc(F)cc2)C2CC2)cc1Br,0.968043,Nc1ccc(CN(CC2CCN2C(=O)c2ccc(F)cc2)C2CC2)cc1Br,0.824289
N[C@@H](CCN1CCC[C@@H](O)C1)CNc1cc(F)c(F)cc1O,0.426638,N[C@H](CNc1cc(F)c(F)cc1O)CC(=O)N1CCC[C@@H](O)C1,0.035762
COc1cccc(CN(CC2CNC2)C[C@@H](N)CO)c1,0.081586,COc1cccc(CN(C[C@@H](N)CO)C(=O)C2CNC2)c1,0.017444
Clc1ccc2[nH]cc(C3c4cccc(Br)c4CCN3CC3CN(C[C@H]4CCCN4)C3)c2c1,0.995462,O=C(C1CN(C[C@H]2CCCN2)C1)N1CCc2c(Br)cccc2C1c1c[nH]c2ccc(Cl)cc12,0.980375
O=CCNCCCNCc1ccc(O)cc1,0.485579,O=CC(=O)NCCCNCc1ccc(O)cc1,0.009203
N#Cc1ccc(OC(=O)c2ccc(N)c(Br)c2)c(NC2CCN(C3CCCN(CCBr)C3)C2)c1,0.943844,N#Cc1ccc(OC(=O)c2ccc(N)c(Br)c2)c(N(C(=O)CBr)C2CCN(C3CCCNC3)C2)c1,0.763618
Oc1c(Br)cccc1N(CC1CCN1)C1CCN(CC2CCN2Cc2c[nH]c3ccc(Br)cc23)C1,0.996078,O=C(C1CCN1)N(c1cccc(Br)c1O)C1CCN(CC2CCN2Cc2c[nH]c3ccc(Br)cc23)C1,0.988174
CNCC(=O)OCC(=O)CNCCc1ccccc1OC,0.027724,CNCC(=O)OCC(=O)C(=O)NCCc1ccccc1OC,0.000749
C=CCNC[C@H](Cc1ccc(O)cc1)NC1CCCNC1,0.526473,C=CCNC(=O)[C@H](Cc1ccc(O)cc1)NC1CCCNC1,0.318222
CC[C@@H](CN1CCCC(N(Cc2ccc(F)cc2)c2ccc(Br)cc2)C1)NCCCN,0.989054,CC[C@@H](CN1CCCC(N(C(=O)c2ccc(F)cc2)c2ccc(Br)cc2)C1)NCCCN,0.966579
Fc1cccc(CN(CCc2ccccc2Br)CC2CCNCC2)c1F,0.915136,O=C(C1CCNCC1)N(CCc1ccccc1Br)Cc1cccc(F)c1F,0.095664
CNCCN(c1ccc(Br)cc1O)C1CCCN(C[C@@H](N)Cc2c[nH]c3ccccc23)C1,0.999995,CNCC(=O)N(c1ccc(Br)cc1O)C1CCCN(C[C@@H](N)Cc2c[nH]c3ccccc23)C1,0.987905
CCCN(Cc1ccc(N)c(Br)c1)[C@@H](CO)C(=O)O,0.010298,CCCN(C(=O)c1ccc(N)c(Br)c1)[C@@H](CO)C(=O)O,0.000928
O=C(O)[C@@H](CCNc1cc(Br)ccc1O)N(C[C@@H]1CCCN1)C(CCl)c1ccc(Br)cc1,0.773959,O=C(C[C@H](C(=O)O)N(C[C@@H]1CCCN1)C(CCl)c1ccc(Br)cc1)Nc1cc(Br)ccc1O,0.196443
NCCCN(c1cccc2cc[nH]c12)C(CCl)c1ccc(F)cc1,0.191896,NCCC(=O)N(c1cccc2cc[nH]c12)C(CCl)c1ccc(F)cc1,0.043326
NCCCN(c1ccc(Br)cc1O)C1CCCN(C2CCCN(Cc3c[nH]c4cc(Br)ccc34)C2)C1,0.971403,NCCC(=O)N(c1ccc(Br)cc1O)C1CCCN(C2CCCN(Cc3c[nH]c4cc(Br)ccc34)C2)C1,0.956432
N[C@H](CO)CN1CCC(=O)CC1,0.02502,N[C@H](CO)C(=O)N1CCC(=O)CC1,0.003547
C[C@H](N)CNCCc1ccc(O)cc1,0.870309,C[C@H](N)C(=O)NCCc1ccc(O)cc1,0.022808
Nc1c(F)cccc1CN(C[C@@H](Cc1c[nH]cn1)NC1CCNCC1)c1cc(Br)ccc1O,0.855924,Nc1c(F)cccc1C(=O)N(C1CCNCC1)[C@@H](CNc1cc(Br)ccc1O)Cc1c[nH]cn1,0.433104
C=CCN[C@@H](CCCNCCc1ccccc1Br)CNCCc1ccccc1OC,0.446349,C=CC(=O)N[C@@H](CCCNCCc1ccccc1Br)CNCCc1ccccc1OC,0.382948
Oc1ccc(F)cc1N(CCBr)Cc1ccc(NCC2CCN(C3CCNC3)CC2)c(Br)c1,0.941552,O=C(CBr)N(CC1CCN(C2CCNC2)CC1)c1ccc(CNc2cc(F)ccc2O)cc1Br,0.938478
N#Cc1ccc2[nH]cc(CN(C[C@H]3CCCN3)C3CC3)c2c1,0.907275,N#Cc1ccc2[nH]cc(CN(C(=O)[C@H]3CCCN3)C3CC3)c2c1,0.384686
C[C@H](N)CN[C@@H](C)CN1CC(N(Cc2cccc(F)c2F)c2ccc(Br)cc2)C1,0.952691,C[C@H](N)CN(C(=O)c1cccc(F)c1F)[C@@H](C)CN1CC(Nc2ccc(Br)cc2)C1,0.5
N[C@@H](Cc1c[nH]c2ccccc12)CN1CC(C(=O)O)C1,0.189156,N[C@@H](Cc1c[nH]c2ccccc12)C(=O)N1CC(C(=O)O)C1,0.025302
O=CCN1CCC[C@@H]1CN(c1ccccc1O)C1CNC1,0.362425,O=CC(=O)N1CC(N(C[C@H]2CCCN2)c2ccccc2O)C1,0.011073
CC[C@H](C)[C@@H](CNCCc1c[nH]c2ccccc12)NC(CCl)c1ccc(Br)cc1,0.844801,CC[C@H](C)[C@H](NC(CCl)c1ccc(Br)cc1)C(=O)NCCc1c[nH]c2ccccc12,0.148685
Fc1ccc(NCC2CCN2C[C@@H]2CCCNC2)c(-c2cccc(F)c2F)n1,0.878401,O=C([C@@H]1CCCNC1)N(CC1CCN1)c1ccc(F)nc1-c1cccc(F)c1F,0.381521
CC(C)[C@H](N)CNc1cccc2cc[nH]c12,0.064651,CC(C)[C@H](N)C(=O)Nc1cccc2cc[nH]c12,0.002405
c1cc(NC2CCN(CC3CCN3)C2)c2[nH]ccc2c1,0.560046,O=C(C1CCN1)N(c1cccc2cc[nH]c12)C1CCNC1,0.372733
C=CCN(Cc1c[nH]c2cc(Br)ccc12)C1(CN(C[C@H](N)CS)c2ccccc2O)CCC1,0.957183,C=CC(=O)N(Cc1c[nH]c2cc(Br)ccc12)C1(CN(C[C@H](N)CS)c2ccccc2O)CCC1,0.64524
COc1ccc(O)c(NC(CBr)CN2CCC[C@H]2CNCCc2c[nH]c3ccc(O)cc23)c1,0.986125,COc1ccc(O)c(NC(CBr)CN2CCC[C@H]2C(=O)NCCc2c[nH]c3ccc(O)cc23)c1,0.853
C[C@H](CN1CC(N(CCN)c2cc(F)ccc2O)C1)NCc1c[nH]c2cc(Br)ccc12,0.992141,C[C@H](CN1CC(N(C(=O)CN)c2cc(F)ccc2O)C1)NCc1c[nH]c2cc(Br)ccc12,0.963655
NCCN(CC1CCNCC1)c1cc(F)ccc1O,0.184783,NCC(=O)N(CC1CCNCC1)c1cc(F)ccc1O,0.167473
C=CCN(CCC=O)c1cc(CN2CCC(NCCc3c[nH]c4ccccc34)CC2)ccc1O,0.961434,C=CC(=O)N(CCC=O)c1cc(CN2CCC(NCCc3c[nH]c4ccccc34)CC2)ccc1O,0.852113
NCCN(CCc1ccccc1Br)Cc1cccc(F)c1N,0.787119,NCC(=O)N(CCc1ccccc1Br)Cc1cccc(F)c1N,0.05281
C[C@H](CNCCc1ccccc1Br)N(Cc1c[nH]c2ccc(Br)cc12)CC1CCN1,0.994748,C[C@H](C(=O)NCCc1ccccc1Br)N(Cc1c[nH]c2ccc(Br)cc12)CC1CCN1,0.933495
NCCN(CC1CCN1)c1cc(F)ccc1O,0.21797,NCC(=O)N(CC1CCN1)c1cc(F)ccc1O,0.174829
Sc1ccccc1NC[C@@H]1CCCN(CC2CCN2)C1,0.713778,O=C(Nc1ccccc1S)[C@@H]1CCCN(CC2CCN2)C1,0.125086
CCCN1CCC1CN[C@@H](CNCCc1ccccc1)Cc1c[nH]c2ccccc12,0.964879,CCCN1CCC1CN[C@H](Cc1c[nH]c2ccccc12)C(=O)NCCc1ccccc1,0.809808
C[C@@H](CNCCc1ccccc1Br)NC1CCNC1,0.353609,C[C@H](NC1CCNC1)C(=O)NCCc1ccccc1Br,0.024316
Nc1cccc(Br)c1NC[C@H](N)CCN1CCCC(=O)C1,0.341374,Nc1c(Br)cccc1NC(=O)[C@H](N)CCN1CCCC(=O)C1,0.023392
CC(C)C[C@@H](CN(Cc1c[nH]c2ccc(Br)cc12)c1cccnc1Br)NCC1CCN1,0.816532,CC(C)C[C@@H](CN(Cc1c[nH]c2ccc(Br)cc12)c1cccnc1Br)NC(=O)C1CCN1,0.361696
COc1cccc2c1CCN(CC1CN(CCCN)C1)C2c1c[nH]c2cc(Br)ccc12,0.999996,COc1cccc2c1CCN(CC1CN(C(=O)CCN)C1)C2c1c[nH]c2cc(Br)ccc12,0.971621
CNCCN(CCN(CCBr)CCc1c[nH]c2ccccc12)Cc1cccc(Br)c1,0.965871,CNCC(=O)N(CCN(CCBr)CCc1c[nH]c2ccccc12)Cc1cccc(Br)c1,0.936096
c1ccc2c(CCNCCCNCC3CCNCC3)c[nH]c2c1,0.273134,O=C(CCNCC1CCNCC1)NCCc1c[nH]c2ccccc12,0.203576
C[C@H](N)CN1CC(N2CCC(N(Cc3cccc(Br)c3)c3cccc(Br)c3O)CC2)C1,0.975532,C[C@H](N)C(=O)N1CC(N2CCC(N(Cc3cccc(Br)c3)c3cccc(Br)c3O)CC2)C1,0.880883
Nc1ccc(CN2CCC(CNc3cc(F)c(F)cc3O)CC2)cc1O,0.717857,Nc1ccc(CN2CCC(C(=O)Nc3cc(F)c(F)cc3O)CC2)cc1O,0.102224
OC[C@@H]1CCCN1CC1CCN1,0.090284,O=C(C1CCN1)N1CCC[C@H]1CO,0.004601
NCCNCCCNCCc1ccccc1Br,0.516759,NCC(=O)NCCCNCCc1ccccc1Br,0.069755
COc1ccccc1CCNCC[C@H](N)CN1CCC1CNc1cccc2cc[nH]c12,0.980632,COc1ccccc1CCNCC[C@H](N)CN1CCC1C(=O)Nc1cccc2cc[nH]c12,0.846811
CC[C@H](NC1CCN(C[C@H](N)Cc2c[nH]c3ccccc23)C1)C(=O)O,0.466505,CC[C@@H](C(=O)O)N(C(=O)[C@H](N)Cc1c[nH]c2ccccc12)C1CCNC1,0.077941
CC[C@@H](CN(CCCN)c1cc(F)ccc1O)N(CCNC)Cc1c[nH]c2ccc(Br)cc12,0.982325,CC[C@@H](CN(CCCN)c1cc(F)ccc1O)N(Cc1c[nH]c2ccc(Br)cc12)C(=O)CNC,0.804281
N[C@@H](CO)CN1CC(C(=O)O)C1,0.011373,N[C@@H](CO)C(=O)N1CC(C(=O)O)C1,0.002816
COc1ccccc1CCN(C[C@H](CCCN)NCc1c[nH]c2ccc(Br)cc12)C1CN(CCN)C1,0.987603,COc1ccccc1CCN(C[C@H](CCCN)N(Cc1c[nH]c2ccc(Br)cc12)C(=O)CN)C1CNC1,0.893191
NCCCN(CCCO)C1CCCN(c2cccc(NCc3ccc(F)cc3)c2O)C1,0.983791,NCCCN(CCCO)C1CCCN(c2cccc(NC(=O)c3ccc(F)cc3)c2O)C1,0.931504
C[C@H](CN(CCC(=O)O)C(CBr)c1cccc(C#N)c1)N(CCN)Cc1c[nH]c2cc(Br)ccc12,0.957939,C[C@H](CN(CCC(=O)O)C(CBr)c1cccc(C#N)c1)N(Cc1c[nH]c2cc(Br)ccc12)C(=O)CN,0.619213
Oc1c(Br)cccc1N(CC1CN(CC2CCN2)C1)C[C@@H]1CCCN1,0.492457,O=C(C1CCN1)N1CC(CN(C[C@@H]2CCCN2)c2cccc(Br)c2O)C1,0.05035
NCCN1CC(N(Cc2cccc(Br)c2)c2ccc(CNC3CC3)cc2N)C1,0.991158,NCCN1CC(N(Cc2cccc(Br)c2)c2ccc(C(=O)NC3CC3)cc2N)C1,0.976783
O=C(O)[C@H]1CCCN(CC2CNC2)C1,0.023817,O=C(O)C1CN(C(=O)[C@H]2CCCNC2)C1,0.00348
C[C@H](N)CN1CCC(N(C[C@@H]2CCCN2)c2cc(Br)cc(C#N)c2)CC1,0.726434,C[C@H](N)CN1CCC(N(C(=O)[C@@H]2CCCN2)c2cc(Br)cc(C#N)c2)CC1,0.783559
C[C@H](NCC(=O)CBr)C(=O)O,0.001842,C[C@H](NC(=O)C(=O)CBr)C(=O)O,0.000803
COc1ccc(O)c(N(Cc2c[nH]c3ccc(Br)cc23)C[C@@H]2CCCN2CCN)c1,0.99999,COc1ccc(O)c(N(Cc2c[nH]c3ccc(Br)cc23)C[C@@H]2CCCN2C(=O)CN)c1,0.550058
O=CCN[C@H](Cc1c[nH]c2ccccc12)C(=O)O,0.051924,O=CC(=O)N[C@H](Cc1c[nH]c2ccccc12)C(=O)O,0.001682
Cc1cc(Br)cnc1N(CCN(C)CC1CCN1)C1CCC1,0.695082,Cc1cc(Br)cnc1N(CCN(C)C(=O)C1CCN1)C1CCC1,0.017018
CN(CCNc1cccc(Br)c1O)C1CNC1,0.246999,CN(CC(=O)Nc1cccc(Br)c1O)C1CNC1,0.021317
N[C@H](CCCN1CCCC(=O)C1)CNCCc1c[nH]c2ccccc12,0.914169,N[C@H](CCC(=O)N1CCCC(=O)C1)CNCCc1c[nH]c2ccccc12,0.063362
N[C@@H](CCCN(Cc1ccc(F)cc1)c1ccccc1O)CN1CCC[C@@H](O)C1,0.964604,N[C@@H](CCCN(C(=O)c1ccc(F)cc1)c1ccccc1O)CN1CCC[C@@H](O)C1,0.975898
OCCNc1cc(Br)ccc1O,0.020851,O=C(CO)Nc1cc(Br)ccc1O,0.001243
CNCCN(CCNCC1CNC1)c1cc(F)ccc1O,0.248514,CNCC(=O)N(CCNCC1CNC1)c1cc(F)ccc1O,0.235534
NCCCN1CCC1CNCCCNc1ccnc2ccccc12,0.651829,NCCCN1CCC1CNCCC(=O)Nc1ccnc2ccccc12,0.243668
O=C1CCCN(CC[C@H](CNc2ccc(Br)cc2O)NCc2c[nH]c3ccc(Br)cc23)C1,0.983093,O=C1CCCN(CC[C@@H](NCc2c[nH]c3ccc(Br)cc23)C(=O)Nc2ccc(Br)cc2O)C1,0.879607
CC[C@H](N)CN(CCc1c[nH]c2ccccc12)CCN(C)CCN,0.634778,CC[C@H](N)CN(CCc1c[nH]c2ccccc12)CCN(C)C(=O)CN,0.69906
C=CCNc1cccc2cc[nH]c12,0.059712,C=CC(=O)Nc1cccc2cc[nH]c12,0.002616
Brc1ccc2c(CN(c3cccc4cc[nH]c34)C3CCN(C4CCN(CC5CCN5)C4)C3)c[nH]c2c1,0.984988,O=C(C1CCN1)N1CCC(N2CCC(N(Cc3c[nH]c4cc(Br)ccc34)c3cccc4cc[nH]c34)C2)C1,0.933119
COc1ccccc1CCNC[C@@H]1CCCN1C[C@@H]1CCCN1,0.93027,COc1ccccc1CCNC(=O)[C@@H]1CCCN1C[C@@H]1CCCN1,0.560764
N[C@@H](CC(=O)O)CN1CCC[C@H]1C(=O)O,0.006768,N[C@@H](CC(=O)N1CCC[C@H]1C(=O)O)C(=O)O,0.003182
C=CCN(CCN(Cc1cccc(OC)c1)C1CCCNC1)Cc1ccc(F)cc1,0.920895,C=CC(=O)N(CCN(Cc1cccc(OC)c1)C1CCCNC1)Cc1ccc(F)cc1,0.559596
N#Cc1ccc(O)c(N(Cc2c[nH]c3ccc(Br)cc23)C[C@@H](N)CCCN(CCBr)C2CCC2)c1,0.996236,N#Cc1ccc(O)c(N(Cc2c[nH]c3ccc(Br)cc23)C[C@@H](N)CCCN(C(=O)CBr)C2CCC2)c1,0.366273
Nc1ccc(CN(CCCN2CCC[C@H]2CO)C[C@H](N)Cc2c[nH]c3ccccc23)cc1Br,0.993835,Nc1ccc(C(=O)N(CCCN2CCC[C@H]2CO)C[C@H](N)Cc2c[nH]c3ccccc23)cc1Br,0.982793
Nc1cccc(Br)c1CN1CCC[C@@H]1CN(CC1CCN1)c1cccc2cc[nH]c12,0.979113,Nc1cccc(Br)c1CN1CCC[C@@H]1CN(C(=O)C1CCN1)c1cccc2cc[nH]c12,0.971339
COc1ccc(N(CCNCCc2c[nH]c3ccccc23)C[C@H]2CCCN2)c(N)c1,0.975113,COc1ccc(N(CC(=O)NCCc2c[nH]c3ccccc23)C[C@H]2CCCN2)c(N)c1,0.432668
COc1cccc2c1CCN(Cc1c[nH]c3ccc(Br)cc13)C2CN1CCCC(=O)C1,0.999997,COc1cccc2c1CCN(Cc1c[nH]c3ccc(Br)cc13)C2C(=O)N1CCCC(=O)C1,0.654397
Fc1ccc(C(CCl)N2CC(CN(C[C@@H]3CCCN3)c3ccc(Br)cc3)C2)c(F)c1,0.953086,O=C([C@@H]1CCCN1)N(CC1CN(C(CCl)c2ccc(F)cc2F)C1)c1ccc(Br)cc1,0.874212
COc1ccccc1CCNC[C@H](CO)NC1CCC1,0.348403,COc1ccccc1CCNC(=O)[C@H](CO)NC1CCC1,0.007475
CC(C)C[C@H](CNc1cc(F)ccc1O)NCc1ccc(F)cc1,0.125077,CC(C)C[C@H](CNc1cc(F)ccc1O)NC(=O)c1ccc(F)cc1,0.034001
N[C@@H](CCCN1CC(=O)C1)CNc1cccc2cc[nH]c12,0.252938,N[C@@H](CCCN1CC(=O)C1)C(=O)Nc1cccc2cc[nH]c12,0.017062
NCCCN1CCC(CN(c2ccnc3ccccc23)C2CCNC2)CC1,0.821267,NCCC(=O)N1CCC(CN(c2ccnc3ccccc23)C2CCNC2)CC1,0.112965
NCC#Cc1ccc2c(C3c4cc(O)ccc4CCN3C3CCN(CCN)C3)c[nH]c2c1,0.98107,NCC#Cc1ccc2c(C3c4cc(O)ccc4CCN3C3CCN(C(=O)CN)C3)c[nH]c2c1,0.920397
C[C@@H](O)CN(CC[C@H](N)CNc1cccc(Br)c1O)Cc1cccc(Br)c1,0.579187,C[C@@H](O)CN(CC[C@H](N)C(=O)Nc1cccc(Br)c1O)Cc1cccc(Br)c1,0.032203
C=CCNC[C@H]1CCCN1C[C@@H](Cc1c[nH]c2ccccc12)NCc1cccc(Br)c1,0.989841,C=CCNC(=O)[C@H]1CCCN1C[C@@H](Cc1c[nH]c2ccccc12)NCc1cccc(Br)c1,0.948765
C=CCN(C(CCl)c1ccc(F)cc1)[C@@H](CC)CN1CC(C2=NCCc3c(Br)cccc32)C1,0.856057,C=CC(=O)N(C(CCl)c1ccc(F)cc1)[C@@H](CC)CN1CC(C2=NCCc3c(Br)cccc32)C1,0.371847
C=CCNCC1CCN1C[C@@H](C(C)C)N(Cc1cccc(F)c1N)Cc1c[nH]c2ccc(Br)cc12,0.92874,C=CCNC(=O)C1CCN1C[C@@H](C(C)C)N(Cc1cccc(F)c1N)Cc1c[nH]c2ccc(Br)cc12,0.864823
Nc1ccc(CN(CCc2c[nH]c3ccccc23)C2CCNCC2)cc1O,0.983793,Nc1ccc(C(=O)N(CCc2c[nH]c3ccccc23)C2CCNCC2)cc1O,0.579302
C[C@H](N)CN(CCN(C)CC1CCN1)c1cc(C#N)ccc1N,0.275836,C[C@H](N)CN(CCN(C)C(=O)C1CCN1)c1cc(C#N)ccc1N,0.00805
COc1ccccc1CCN(CC(=O)CBr)C[C@H]1CCCN1,0.372084,COc1ccccc1CCN(CC(=O)CBr)C(=O)[C@H]1CCCN1,0.00606
NCCCCNCC1CCN1,0.036549,NCCCCNC(=O)C1CCN1,0.006091
N[C@@H](CCCNC1CC1)CNCc1ccc(O)cc1,0.636436,N[C@@H](CCCNC1CC1)C(=O)NCc1ccc(O)cc1,0.111667
NCCCN1CC(N(CC[C@H](N)CNc2cc(Br)ccc2O)c2cccc3cc[nH]c23)C1,0.98441,NCCC(=O)N(C[C@@H](N)CCN(c1cccc2cc[nH]c12)C1CNC1)c1cc(Br)ccc1O,0.908023
N[C@H](CCN1CCCC(Nc2cccc(Br)c2O)C1)CNCCc1ccccc1Br,0.944922,N[C@H](CCN1CCCC(Nc2cccc(Br)c2O)C1)C(=O)NCCc1ccccc1Br,0.575075
C[C@H](N)CNc1ccc(CNCCc2c[nH]c3ccccc23)cc1Br,0.583386,C[C@H](N)CNc1ccc(C(=O)NCCc2c[nH]c3ccccc23)cc1Br,0.122951
COc1cccc(CNC[C@H](N)CCSC)c1,0.011233,COc1cccc(CNC(=O)[C@H](N)CCSC)c1,0.000398
Cc1cc(Br)cnc1N(CC1CCN1)C[C@H]1CCCN1Cc1c[nH]c2ccc(Br)cc12,0.982713,Cc1cc(Br)cnc1N(C[C@H]1CCCN1Cc1c[nH]c2ccc(Br)cc12)C(=O)C1CCN1,0.980294
O=C(O)C(CBr)N(CCc1ccccc1Br)CC1CCN1,0.04784,O=C(O)C(CBr)N(CCc1ccccc1Br)C(=O)C1CCN1,0.003921
Nc1ccc(CN2CCCC(N(CC3CCN3)c3cc(Br)ccc3O)C2)cc1Br,0.996156,Nc1ccc(CN2CCCC(N(C(=O)C3CCN3)c3cc(Br)ccc3O)C2)cc1Br,0.942658
NCCCN1CCC(Nc2ccccn2)CC1,0.487307,NCCC(=O)N(c1ccccn1)C1CCNCC1,0.031592
C[C@@H](N)CN1CC(N(c2cc(Br)ccc2O)C2CCN(Cc3c[nH]c4ccc(Br)cc34)CC2)C1,0.992839,C[C@@H](N)C(=O)N1CC(N(c2cc(Br)ccc2O)C2CCN(Cc3c[nH]c4ccc(Br)cc34)CC2)C1,0.96827
Nc1ccc(CN(CC2CCN(C[C@@H](N)CO)CC2)c2cc(Br)ccc2O)cc1Br,0.962221,Nc1ccc(C(=O)N(CC2CCN(C[C@@H](N)CO)CC2)c2cc(Br)ccc2O)cc1Br,0.958886
Fc1cccc(CNCCc2ccccc2Br)c1F,0.068529,O=C(NCCc1ccccc1Br)c1cccc(F)c1F,0.00473
C[C@@H](O)CN1CCC(N2CCCC(N(Cc3ccc(N)c(Br)c3)c3ccc(Br)cc3)C2)CC1,0.97506,C[C@@H](O)C(=O)N1CCC(N2CCCC(N(Cc3ccc(N)c(Br)c3)c3ccc(Br)cc3)C2)CC1,0.885423
C[C@H](CNCc1ccc(O)cc1)NC[C@@H]1CCCN1,0.570966,C[C@H](CNCc1ccc(O)cc1)NC(=O)[C@@H]1CCCN1,0.199419
COc1ccccc1CCN(Cc1c[nH]c2ccc(Br)cc12)C[C@H](NCC1CCN1)[C@@H](C)O,0.987286,COc1ccccc1CCN(Cc1c[nH]c2ccc(Br)cc12)C[C@H](NC(=O)C1CCN1)[C@@H](C)O,0.95088
N[C@@H](Cc1c[nH]c2ccccc12)CN(CC1CCN1)c1cc(Br)ccc1O,0.909639,N[C@@H](Cc1c[nH]c2ccccc12)CN(C(=O)C1CCN1)c1cc(Br)ccc1O,0.811737
NCCCN(CCc1c[nH]c2ccccc12)C[C@@H](N)CCN(CC1CCN1)c1ccc(Br)cc1,0.991411,NCCCN(CCc1c[nH]c2ccccc12)C[C@@H](N)CCN(C(=O)C1CCN1)c1ccc(Br)cc1,0.979001
CC[C@H](N)CN(CCCN)CCc1ccc(O)cc1,0.931112,CC[C@H](N)CN(CCc1ccc(O)cc1)C(=O)CCN,0.177148
NCCCN(CCCN1CCCCC1)c1ccc(F)nc1Br,0.31789,NCCCN(CCC(=O)N1CCCCC1)c1ccc(F)nc1Br,0.002721
N[C@@H](Cc1c[nH]c2ccccc12)CN1CCC[C@@H]1C(=O)O,0.159717,N[C@@H](Cc1c[nH]c2ccccc12)C(=O)N1CCC[C@@H]1C(=O)O,0.021046
CC[C@H](C)[C@@H](N)CNc1ccccn1,0.024645,CC[C@H](C)[C@@H](N)C(=O)Nc1ccccn1,0.000909
NCCN(CC(=O)O)c1cccc(Br)c1O,0.006497,NCC(=O)N(CC(=O)O)c1cccc(Br)c1O,0.002181
C=CCN(Cc1c[nH]c2cc(Br)ccc12)[C@H](CCCCN)C(=O)O,0.171994,C=CC(=O)N(Cc1c[nH]c2cc(Br)ccc12)[C@H](CCCCN)C(=O)O,0.0786
COc1ccc(O)c(NC[C@@H](CO)NC2CNC2)c1,0.386375,COc1ccc(O)c(NC(=O)[C@@H](CO)NC2CNC2)c1,0.059378
CCCN(CCCNCCc1c[nH]c2ccccc12)[C@@H](CC)C(=O)O,0.878031,CCCN(CCC(=O)NCCc1c[nH]c2ccccc12)[C@@H](CC)C(=O)O,0.291358
NC1(CNCCN2CCCCC2)CCC1,0.030181,NC1(C(=O)NCCN2CCCCC2)CCC1,0.005769
O=CCN1CCC[C@H]1CN(CC1(NCc2c[nH]c3ccc(Br)cc23)CCC1)c1cc(F)ccc1O,0.992215,O=CC(=O)N(Cc1c[nH]c2ccc(Br)cc12)C1(CN(C[C@@H]2CCCN2)c2cc(F)ccc2O)CCC1,0.691633
NCCCN1CCC[C@@H]1CN(Cc1cccc(Br)c1)c1cc(Br)ccc1O,0.987892,NCCC(=O)N1CCC[C@@H]1CN(Cc1cccc(Br)c1)c1cc(Br)ccc1O,0.248926
CC[C@H](N)CN1CCC(NCCCO)CC1,0.050112,CC[C@H](N)C(=O)N(CCCO)C1CCNCC1,0.003196
N[C@@H](CCN1CC(=O)C1)CNc1ccccc1O,0.078485,N[C@@H](CCN1CC(=O)C1)C(=O)Nc1ccccc1O,0.00231
CCCN(CC1CCN1Cc1ccc(F)cc1)c1ccccn1,0.459423,CCCN(CC1CCN1C(=O)c1ccc(F)cc1)c1ccccn1,0.003537
N#Cc1ccc(N(CCC[C@H](N)CN2CCC(=O)C2)C2CN(Cc3c[nH]c4cc(Br)ccc34)C2)c(N)c1,0.976002,N#Cc1ccc(N(CCC[C@H](N)C(=O)N2CCC(=O)C2)C2CN(Cc3c[nH]c4cc(Br)ccc34)C2)c(N)c1,0.660523
NCCNc1cc(Br)ccc1OC(=O)[C@@H]1CCCN1Cc1c[nH]c2ccc(Br)cc12,0.975132,NCC(=O)Nc1cc(Br)ccc1OC(=O)[C@@H]1CCCN1Cc1c[nH]c2ccc(Br)cc12,0.616739
N[C@H](CCN(CCc1c[nH]c2ccccc12)Cc1cncc(F)c1)CNCCc1ccccc1Br,0.916336,N[C@H](CCN(CCc1c[nH]c2ccccc12)Cc1cncc(F)c1)C(=O)NCCc1ccccc1Br,0.611732
CNCCN(CCCN)CC(=O)Oc1ccc(F)cc1NCc1c[nH]c2ccccc12,0.917354,CNCC(=O)N(CCCN)CC(=O)Oc1ccc(F)cc1NCc1c[nH]c2ccccc12,0.164988
COc1ccc(O)c(N(CCCN)C[C@@H](C)N(CC2CCN2)C(CCl)c2ccc(F)cc2)c1,0.975747,COc1ccc(O)c(N(CCCN)C[C@@H](C)N(C(=O)C2CCN2)C(CCl)c2ccc(F)cc2)c1,0.425306
Brc1cccc(CN[C@@H](CCNc2cccc3cc[nH]c23)CNC2CC2)c1,0.662396,O=C(C[C@@H](CNC1CC1)NCc1cccc(Br)c1)Nc1cccc2cc[nH]c12,0.174251
COc1ccc(N)c(N(C[C@@H](N)CC(C)C)C[C@@H]2CCCN2)c1,0.030656,COc1ccc(N)c(N(C[C@@H](N)CC(C)C)C(=O)[C@@H]2CCCN2)c1,0.025904
C[C@@H](N)CNC1CC1,0.015577,C[C@@H](N)C(=O)NC1CC1,0.00374
NCCCNCCc1ccc(O)cc1,0.947374,NCCC(=O)NCCc1ccc(O)cc1,0.05545
Oc1ccc(F)cc1NCCN1CCC(Nc2cc(F)ccc2O)CC1,0.525567,O=C(CN1CCC(Nc2cc(F)ccc2O)CC1)Nc1cc(F)ccc1O,0.214084
CN(CCCNc1cccc2cc[nH]c12)CC(=O)O,0.051756,CN(CCC(=O)Nc1cccc2cc[nH]c12)CC(=O)O,0.00238
Oc1cc(Br)ccc1N(Cc1cccc(Br)c1)C[C@H]1CCCN1CC1CCN1,0.997013,O=C(C1CCN1)N1CCC[C@@H]1CN(Cc1cccc(Br)c1)c1ccc(Br)cc1O,0.271651
Nc1ccc(N(c2cccc3cc[nH]c23)C2CCN(CC3CCN3)CC2)cc1N,0.963059,Nc1ccc(N(c2cccc3cc[nH]c23)C2CCN(C(=O)C3CCN3)CC2)cc1N,0.301751
Nc1ccc(CNCCCCN(c2cccc(N)c2O)C2CN(CCC=O)C2)cc1Br,0.979185,NCCCCN(c1cccc(NC(=O)c2ccc(N)c(Br)c2)c1O)C1CN(CCC=O)C1,0.942076
Nc1c(Br)cccc1N(CC1CCN1)CC1CCN1CC1CCN1,0.674666,Nc1c(Br)cccc1N(CC1CCN1CC1CCN1)C(=O)C1CCN1,0.820144
CNCCN1CCCC(N(C[C@@H](C)N)c2cc(F)ccc2O)C1,0.619326,CNCC(=O)N1CCCC(N(C[C@@H](C)N)c2cc(F)ccc2O)C1,0.040268
Oc1ccccc1NCCNC1CCNC1,0.605599,O=C(CNC1CCNC1)Nc1ccccc1O,0.173438
N[C@H](CC(=O)O)CN(C[C@@H]1CCCN1)c1ccc(Br)cc1O,0.041263,N[C@@H](CNc1ccc(Br)cc1O)CC(=O)N1CCC[C@H]1C(=O)O,0.012076
CC[C@H](N)CN(Cc1c[nH]c2ccc(Br)cc12)[C@@H](C)CNc1cccnc1Br,0.877416,CC[C@H](N)CN(Cc1c[nH]c2ccc(Br)cc12)[C@@H](C)C(=O)Nc1cccnc1Br,0.454125
NCCC[C@@H](CNc1cccnc1Br)NCc1c[nH]c2cc(Br)ccc12,0.492395,NCCC[C@H](NCc1c[nH]c2cc(Br)ccc12)C(=O)Nc1cccnc1Br,0.178304
CC(C)[C@@H](N)CN(C[C@@H]1CCCN1)c1ccccc1O,0.047939,CC(C)[C@@H](N)CN(C(=O)[C@@H]1CCCN1)c1ccccc1O,0.11011
NCCCCNCCCNc1ccc(Br)cc1N,0.206987,NCCCCNC(=O)CCNc1ccc(Br)cc1N,0.016508
O=CCN(CC(=O)CBr)c1ccccc1O,0.000663,O=CCN(C(=O)C(=O)CBr)c1ccccc1O,0.000325
O=Cc1c[nH]c2ccc(N(C[C@@H]3CCCN3)C3CC3)cc12,0.294382,O=Cc1c[nH]c2ccc(N(C(=O)[C@@H]3CCCN3)C3CC3)cc12,0.220153
COc1cccc(CN(C[C@@H](C)N(C[C@@H](C)N)C2CCCNC2)C(CCl)c2ccc(Cl)c(Cl)c2)c1,0.875647,COc1cccc(CN(C[C@@H](C)N(C(=O)[C@@H](C)N)C2CCCNC2)C(CCl)c2ccc(Cl)c(Cl)c2)c1,0.296143
COc1ccc(O)c(NC[C@@H]2C[C@@H](O)CN2CC2CNC2)c1,0.344544,COc1ccc(O)c(NC(=O)[C@@H]2C[C@@H](O)CN2CC2CNC2)c1,0.04252
C[C@H](CNc1cc(F)ccc1O)NCC1CCNCC1,0.260003,C[C@@H](NCC1CCNCC1)C(=O)Nc1cc(F)ccc1O,0.049948
Oc1ccc(F)cc1NC1CCN(C[C@@H]2CCCN2)C1,0.642044,O=C([C@@H]1CCCN1)N(c1cc(F)ccc1O)C1CCNC1,0.254135
COc1ccc(O)c(NC2CN(C[C@H]3CCCN3)C2)c1,0.522085,COc1ccc(O)c(N(C(=O)[C@H]2CCCN2)C2CNC2)c1,0.19627
CN(CCNc1cccc(Br)c1O)C[C@@H](N)Cc1c[nH]c2ccccc12,0.714396,CN(CC(=O)Nc1cccc(Br)c1O)C[C@@H](N)Cc1c[nH]c2ccccc12,0.060704
Nc1ccccc1CN1CCCC(N2CCC[C@@H]2CNc2cc(Br)ccc2O)C1,0.905285,Nc1ccccc1CN1CCCC(N2CCC[C@@H]2C(=O)Nc2cc(Br)ccc2O)C1,0.689501
NCCCN1CCC(CN(c2ccc(Br)cc2O)c2cccc(N)c2O)CC1,0.790139,NCCC(=O)N1CCC(CN(c2ccc(Br)cc2O)c2cccc(N)c2O)CC1,0.052137
N[C@H](CCNCCc1ccccc1Br)CN1CC(=O)C1,0.235146,N[C@H](CC(=O)NCCc1ccccc1Br)CN1CC(=O)C1,0.008243
COc1ccccc1CCN(Cc1c[nH]c2ccc(Br)cc12)C1CCN(CCCN)C1,0.999999,COc1ccccc1CCN(Cc1c[nH]c2ccc(Br)cc12)C1CCN(C(=O)CCN)C1,0.973524
Brc1cccc(CN2CCC[C@H]2CNCCc2ccccc2Br)c1,0.973649,O=C(NCCc1ccccc1Br)[C@@H]1CCCN1Cc1cccc(Br)c1,0.185065
COc1ccccc1CCNCC1CCN1CCN,0.91032,COc1ccccc1CCN(CC1CCN1)C(=O)CN,0.049516
Oc1ccc(F)cc1NC[C@H]1CCCN1C[C@@H]1CCCN1,0.916911,O=C([C@@H]1CCCN1)N(C[C@H]1CCCN1)c1cc(F)ccc1O,0.283507
Oc1ccccc1NCC1CCN1CC1CCN1,0.83578,O=C(Nc1ccccc1O)C1CCN1CC1CCN1,0.07942
COc1ccc(N)c(N(CCN(C)Cc2ccc(F)cc2)C2CCNCC2)c1,0.982114,CNCCN(c1cc(OC)ccc1N)C1CCN(C(=O)c2ccc(F)cc2)CC1,0.221854
C[C@@H](N)CN(CCc1ccc(O)cc1)CCN(CCCN)c1cccc2cc[nH]c12,0.991254,C[C@@H](N)CN(CCc1ccc(O)cc1)CCN(C(=O)CCN)c1cccc2cc[nH]c12,0.976496
Nc1ccc(Br)cc1NC[C@@H](N)CC(=O)Oc1ccc(Br)cc1N,0.053491,Nc1cc(Br)ccc1NC(=O)[C@@H](N)CC(=O)Oc1ccc(Br)cc1N,0.006232
Fc1ccc(CNc2cc(Br)ccc2N(CCBr)C2CCCN(C3CNC3)C2)cc1,0.995333,O=C(CBr)N(Cc1ccc(F)cc1)c1cc(Br)ccc1NC1CCCN(C2CNC2)C1,0.980653
c1cc(NC[C@H]2CCCN2C2CCNCC2)c2[nH]ccc2c1,0.740515,O=C(Nc1cccc2cc[nH]c12)[C@H]1CCCN1C1CCNCC1,0.320548
CC[C@H](C)[C@@H](N)CNc1cc(Br)ccc1O,0.044372,CC[C@H](C)[C@@H](N)C(=O)Nc1cc(Br)ccc1O,0.001098
NCCN1CCC(CNc2cccc(Br)c2O)CC1,0.155424,NCC(=O)N(CC1CCNCC1)c1cccc(Br)c1O,0.140546
CC[C@@H](CN1CC(CNCCc2c[nH]c3ccccc23)C1)Nc1ccnc(F)c1,0.981263,CC[C@@H](CN1CC(C(=O)NCCc2c[nH]c3ccccc23)C1)Nc1ccnc(F)c1,0.686306
O=C1CCN(C[C@@H](CO)NCc2ccc(F)cc2)CC1,0.172505,O=C1CCN(C[C@@H](CO)NC(=O)c2ccc(F)cc2)CC1,0.049691
N[C@H](CS)CN(CCN(Cc1cccc(Br)c1)CC1CCN1)c1ccccn1,0.95278,N[C@H](CS)CN(CCN(Cc1cccc(Br)c1)C(=O)C1CCN1)c1ccccn1,0.062818
Nc1ccc(Br)cc1N(CCC(=O)O)C1CCN(CC2CNC2)CC1,0.264221,Nc1ccc(Br)cc1N(CCC(=O)N1CC(C(=O)O)C1)C1CCNCC1,0.02402
C=CCN(CC[C@@H](N)CN(CCc1ccc(O)cc1)CC1(N)CCC1)c1ccc(Br)cc1,0.948451,C=CC(=O)N(CC[C@@H](N)CN(CCc1ccc(O)cc1)CC1(N)CCC1)c1ccc(Br)cc1,0.855661
CNCCN(C[C@H]1CCCN1)[C@@H](CNC1CC1)Cc1c[nH]c2ccccc12,0.627224,CNCC(=O)N(C[C@@H](Cc1c[nH]c2ccccc12)NC[C@H]1CCCN1)C1CC1,0.163645
NCCN(Cc1c[nH]c2ccc(Br)cc12)[C@H](CCNC1CC1)CNc1cc(F)c(F)cc1O,0.933112,NCC(=O)N(CC[C@H](CNc1cc(F)c(F)cc1O)NCc1c[nH]c2ccc(Br)cc12)C1CC1,0.426519
NCCCN(CC1CCN1CC1CCN1Cc1c[nH]c2ccc(Br)cc12)c1c(N)cccc1Br,0.988646,NCCC(=O)N(CC1CCN1CC1CCN1Cc1c[nH]c2ccc(Br)cc12)c1c(N)cccc1Br,0.985369
Nc1cc(N2CCC[C@@H](O)C2)ccc1NC[C@H](N)Cc1c[nH]c2ccccc12,0.631915,Nc1cc(N2CCC[C@@H](O)C2)ccc1NC(=O)[C@H](N)Cc1c[nH]c2ccccc12,0.089459
C[C@@H](N)CN[C@@H](Cc1ccccc1)CN(CCCNCc1c[nH]c2ccccc12)C1CC1,0.896206,C[C@@H](N)CN[C@@H](Cc1ccccc1)C(=O)N(CCCNC1CC1)Cc1c[nH]c2ccccc12,0.129406
Brc1ncccc1NCC1(NC2CCNC2)CCC1,0.126638,O=C(Nc1cccnc1Br)C1(NC2CCNC2)CCC1,0.024486
O=C(CBr)CN(CCc1ccncc1)CC1CCN1,0.26201,O=C(CBr)CN(CCc1ccncc1)C(=O)C1CCN1,0.008535
N[C@H](CCNCCc1c[nH]c2ccccc12)CNc1ccc(Br)cc1O,0.904189,N[C@H](CCNCCc1c[nH]c2ccccc12)C(=O)Nc1ccc(Br)cc1O,0.451895
O=C(CBr)CN(CCc1c[nH]c2ccccc12)CC1CCN1,0.453254,O=C(CBr)CN(CCc1c[nH]c2ccccc12)C(=O)C1CCN1,0.028787
Fc1ccc(N(C[C@H]2CCCN2)C2CCCN(Cc3cccc(F)c3F)C2)c(Br)n1,0.878513,O=C([C@H]1CCCN1)N(c1ccc(F)nc1Br)C1CCCN(Cc2cccc(F)c2F)C1,0.636901
C[C@H](CN1CCCCC1)NCc1ccc(N)c(Br)c1,0.86746,C[C@H](CN1CCCCC1)NC(=O)c1ccc(N)c(Br)c1,0.473852
COc1ccc(O)c(N(C[C@H](C)O)C2CCN(Cc3ccc(NCCBr)c(Br)c3)C2)c1,0.852991,COc1ccc(O)c(N(C[C@H](C)O)C2CCN(Cc3ccc(NC(=O)CBr)c(Br)c3)C2)c1,0.449369
CC(C)[C@@H](N)CNc1ccccc1O,0.052446,CC(C)[C@@H](N)C(=O)Nc1ccccc1O,0.000844
COc1ccc(O)c(N(Cc2c[nH]c3ccc(Br)cc23)C2CCN(CCCN)CC2)c1,0.99595,COc1ccc(O)c(N(Cc2c[nH]c3ccc(Br)cc23)C2CCN(C(=O)CCN)CC2)c1,0.454539
Sc1ccccc1Nc1ncccc1CN(C[C@@H]1CCCN1CC1CCNCC1)C1CC1,0.812771,O=C(C1CCNCC1)N(c1ccccc1S)c1ncccc1CN(C[C@@H]1CCCN1)C1CC1,0.360116
Nc1cccc(N2CC(CNCCc3ccccc3Br)C2)c1O,0.873594,Nc1cccc(N2CC(C(=O)NCCc3ccccc3Br)C2)c1O,0.006097
CN(CCN(c1ccnc2ccccc12)C1CCCNC1)Cc1cccc(F)c1F,0.984713,CN(CCN(c1ccnc2ccccc12)C1CCCNC1)C(=O)c1cccc(F)c1F,0.522354
C[C@H](CNCCc1ccc(O)cc1)NCCCN1CCC(=O)CC1,0.790891,C[C@@H](NCCCN1CCC(=O)CC1)C(=O)NCCc1ccc(O)cc1,0.270616
NCCCCN(CC=O)Cc1c[nH]c2ccccc12,0.074727,NCCCCN(Cc1c[nH]c2ccccc12)C(=O)C=O,0.01034
CCCN(C[C@@H](C)N(CCC)CCCN)c1cc(C#N)ccc1O,0.641807,CCCN(C[C@@H](C)N(CCC)C(=O)CCN)c1cc(C#N)ccc1O,0.010056
COc1cccc2c1CCN(CC1CCN1)C2CN(Cc1cccc(F)c1N)C1CC1,0.999995,COc1cccc2c1CCN(CC1CCN1)C2CN(C(=O)c1cccc(F)c1N)C1CC1,0.972866
NCCN[C@@H](CS)C(=O)O,0.009326,NCC(=O)N[C@@H](CS)C(=O)O,0.002133
NC1(CN2C[C@H](O)C[C@H]2CNCCc2ccccc2Br)CCC1,0.460774,NC1(CN2C[C@H](O)C[C@H]2C(=O)NCCc2ccccc2Br)CCC1,0.025911
CCCN[C@H](C)CN[C@H](Cc1c[nH]c2ccccc12)C(=O)O,0.316036,CCCN[C@H](C)C(=O)N[C@H](Cc1c[nH]c2ccccc12)C(=O)O,0.022356
BrCCN1CCC[C@H]1CN1CCC1CNc1cccc2cc[nH]c12,0.771486,O=C(CBr)N(CC1CCN1C[C@@H]1CCCN1)c1cccc2cc[nH]c12,0.887032
Nc1ccc(CN(CCC(=O)O)C[C@@H](N)CO)cc1Br,0.017296,Nc1ccc(CN(CCC(=O)O)C(=O)[C@@H](N)CO)cc1Br,0.006412
C=CCNCC[C@H](N)CNCCc1ccccc1OC,0.456852,C=CCNCC[C@H](N)C(=O)NCCc1ccccc1OC,0.040625
CC(CCl)N[C@H](C)CNc1c(N)cccc1Br,0.022861,CC(CCl)N[C@H](C)C(=O)Nc1c(N)cccc1Br,0.001796
N[C@H](CCCNCCc1c[nH]c2ccccc12)CNCCc1ccc(O)cc1,0.978841,N[C@H](CCCNCCc1c[nH]c2ccccc12)C(=O)NCCc1ccc(O)cc1,0.829434
Nc1ccc(Br)cc1NCC[C@H](N)CN1CC(=O)C1,0.052747,Nc1cc(Br)ccc1NC(=O)C[C@H](N)CN1CC(=O)C1,0.002672
CC[C@@H](CN(CCc1c[nH]c2ccccc12)Cc1ccc(F)cc1)N(CC=O)C[C@@H](N)CS,0.983598,CC[C@@H](CN(CCc1c[nH]c2ccccc12)Cc1ccc(F)cc1)N(C[C@@H](N)CS)C(=O)C=O,0.719071
CNCCN(CCCNCCc1ccccc1Br)CCc1c[nH]c2ccccc12,0.988354,CNCC(=O)N(CCCNCCc1c[nH]c2ccccc12)CCc1ccccc1Br,0.471804
N#Cc1cc(Br)cc(NCCCN2CCC(=O)CC2)c1,0.33223,N#Cc1cc(Br)cc(NCCC(=O)N2CCC(=O)CC2)c1,0.005618
C[C@H](N)CN(Cc1ccc(F)cc1)C12CC(C1)C2,0.058221,C[C@H](N)CN(C(=O)c1ccc(F)cc1)C12CC(C1)C2,0.010224
N[C@H](CCCNc1cc(Br)ccc1O)CNC1CC1,0.303816,N[C@H](CCCNc1cc(Br)ccc1O)C(=O)NC1CC1,0.053083
C[C@H](CN(C)CCNc1cccc2cc[nH]c12)NCC1CCN1,0.506815,C[C@H](CN(C)CC(=O)Nc1cccc2cc[nH]c12)NCC1CCN1,0.133459
O=C(O)CC[C@H](CN1CC(=O)C1)NCc1cccc(Br)c1,0.010653,O=C(O)CC[C@@H](NCc1cccc(Br)c1)C(=O)N1CC(=O)C1,0.000719
O=C1CN(Cc2ccc(NCC3CNC3)c(Br)c2)C1,0.069945,O=C1CN(C(=O)c2ccc(NCC3CNC3)c(Br)c2)C1,0.012523
Oc1ccc(Br)cc1NC[C@@H](Cc1c[nH]c2ccccc12)N(CC1CCN1)C1CNC1,0.978792,O=C(C1CCN1)N(C1CNC1)[C@@H](CNc1cc(Br)ccc1O)Cc1c[nH]c2ccccc12,0.584428
Nc1cc(Br)ccc1N(Cc1c[nH]c2ccc(Br)cc12)CC1CCN1,0.805742,Nc1cc(Br)ccc1N(Cc1c[nH]c2ccc(Br)cc12)C(=O)C1CCN1,0.747344
C[C@@H](N)CN1CC(C(=O)O)C1,0.010133,C[C@@H](N)C(=O)N1CC(C(=O)O)C1,0.002226
N[C@@H](CCC(=O)O)CN(CCc1ccccc1O)C1CCC1,0.626819,N[C@@H](CCC(=O)N(CCc1ccccc1O)C1CCC1)C(=O)O,0.008274
Oc1cc(F)c(F)cc1NCC1CCN(C[C@H]2CCCN2)CC1,0.757449,O=C([C@H]1CCCN1)N(CC1CCNCC1)c1cc(F)c(F)cc1O,0.253572
BrCCN1CCC(NCCCCN(Cc2cccc(Br)c2)Cc2c[nH]c3cc(Br)ccc23)CC1,0.98817,O=C(CBr)N(CCCCN(Cc1cccc(Br)c1)Cc1c[nH]c2cc(Br)ccc12)C1CCNCC1,0.886395
Oc1ccccc1NCCN1CCC[C@@H]1CNc1cc(F)ccc1O,0.65804,O=C(CN1CCC[C@@H]1CNc1cc(F)ccc1O)Nc1ccccc1O,0.090266
CC[C@@H](CN1CCC[C@@H]1COCC(NCc1ccc(O)cc1)c1ccc(F)cc1)NCc1cccc(F)c1F,0.631255,CC[C@@H](CN1CCC[C@@H]1COCC(NCc1ccc(O)cc1)c1ccc(F)cc1)NC(=O)c1cccc(F)c1F,0.629705
N[C@H](CCN1CC(=O)C1)CNc1cc(F)ccc1O,0.102744,N[C@H](CCN1CC(=O)C1)C(=O)Nc1cc(F)ccc1O,0.004539
Nc1ccc(CN(CC2CNC2)c2ccccc2O)cc1Br,0.814366,Nc1ccc(CN(C(=O)C2CNC2)c2ccccc2O)cc1Br,0.789811
O=C(CBr)CN1CCC(O)CC1,0.010494,O=C(CBr)C(=O)N1CCC(O)CC1,0.003567
CNCCN(C[C@@H]1Cc2ccccc2C(c2ccncc2)N1)[C@H](C)CNc1cccc(Br)c1O,0.706074,CNCCN(C[C@@H]1Cc2ccccc2C(c2ccncc2)N1)[C@H](C)C(=O)Nc1cccc(Br)c1O,0.267062
C[C@H](N)CN(CCc1ccc(O)cc1)Cc1ccc(NC2CCCNC2)c(Br)c1,0.982861,C[C@H](N)C(=O)N(CCc1ccc(O)cc1)Cc1ccc(NC2CCCNC2)c(Br)c1,0.658802
CC[C@H](C)[C@H](CNc1cc(Br)ccc1O)N(CC1CCN1)C1CNC1,0.395096,CC[C@H](C)[C@H](CN(C(=O)C1CCN1)c1cc(Br)ccc1O)NC1CNC1,0.177931
Nc1cccc(Br)c1NCCCN1CCC[C@H]1CO,0.476094,Nc1c(Br)cccc1NC(=O)CCN1CCC[C@H]1CO,0.038218
COc1ccccc1CCNCCC[C@@H](N)CN1CCC(=O)C1,0.672462,COc1ccccc1CCNCCC[C@@H](N)C(=O)N1CCC(=O)C1,0.026415
CNCCN(CCc1c[nH]c2ccccc12)CC[C@@H](N)CN(CC=O)c1cc(Br)ccc1O,0.993806,CN(CCN(CCc1c[nH]c2ccccc12)CC[C@@H](N)CNc1cc(Br)ccc1O)C(=O)C=O,0.938744
N[C@H](Cc1c[nH]c2ccccc12)CN(C[C@H]1CCCN1)[C@H](CS)CN(CCBr)c1ccc(Br)cc1,0.972936,N[C@H](Cc1c[nH]c2ccccc12)CN(C[C@H]1CCCN1)[C@H](CS)CN(C(=O)CBr)c1ccc(Br)cc1,0.895602
Oc1ccc2c(c1)C(CCNCCCCNCc1cccc(F)c1F)NCC2,0.951488,O=C(NCCCCNCCC1NCCc2ccc(O)cc21)c1cccc(F)c1F,0.979151
SC[C@H](CNc1cccc2cc[nH]c12)NC[C@@H]1CCCN1,0.399138,O=C(Nc1cccc2cc[nH]c12)[C@@H](CS)NC[C@@H]1CCCN1,0.09641
C=CCN1CC(N(C)CCN(C[C@H](N)Cc2c[nH]c3ccccc23)c2ccc(OC)cc2N)C1,0.967127,C=CC(=O)N1CC(N(C)CCN(C[C@H](N)Cc2c[nH]c3ccccc23)c2ccc(OC)cc2N)C1,0.77597
C=CCN1CCC1CN(C)CCNc1ccc(Br)cc1,0.154058,C=CCN1CCC1CN(C)CC(=O)Nc1ccc(Br)cc1,0.007316
NCCN(CC1CCN(C[C@@H](N)CCNCCc2ccc(O)cc2)CC1)c1cc(Br)ccc1O,0.895149,NCC(=O)N(CC1CCN(C[C@@H](N)CCNCCc2ccc(O)cc2)CC1)c1cc(Br)ccc1O,0.839222
CC[C@H](N)CN[C@H](Cc1ccc(O)cc1)CN1CCCC(=O)C1,0.65948,CC[C@H](N)C(=O)N[C@H](Cc1ccc(O)cc1)CN1CCCC(=O)C1,0.228431
CNCCNc1ccc(Br)cc1O,0.088515,CNCC(=O)Nc1ccc(Br)cc1O,0.007421
CNCCNCCCCNCc1ccc(F)cc1,0.275143,CNCCNCCCCNC(=O)c1ccc(F)cc1,0.09265
CC(C)C[C@H](N)CN(C[C@@H](N)Cc1ccccc1)C1CC1,0.221534,CC(C)C[C@H](N)CN(C(=O)[C@@H](N)Cc1ccccc1)C1CC1,0.014561
OCCN1CCC1CN(C[C@@H]1CCCN1)c1ccccc1-n1cccc1,0.609987,O=C(CO)N1CCC1CN(C[C@@H]1CCCN1)c1ccccc1-n1cccc1,0.027638
CSCC[C@H](N)CNc1cc(Br)ccc1N,0.011696,CSCC[C@H](N)C(=O)Nc1cc(Br)ccc1N,0.000528
OC[C@@H]1CCCN1C[C@H](CO)N(C1CNC1)C(CCl)c1ccc(F)cc1,0.389995,O=C([C@H](CO)N(C1CNC1)C(CCl)c1ccc(F)cc1)N1CCC[C@H]1CO,0.060653
NCCN(C[C@H](N)Cc1c[nH]c2ccccc12)[C@@H](CCNC1CC1)CNc1cc(Br)ccc1O,0.923011,NCC(=O)N(CC[C@@H](CNc1cc(Br)ccc1O)NC[C@H](N)Cc1c[nH]c2ccccc12)C1CC1,0.335775
C=CCN(C[C@H]1CCCN1CCCN)c1c(O)cccc1C(=O)O,0.254782,C=CCN(C[C@H]1CCCN1C(=O)CCN)c1c(O)cccc1C(=O)O,0.003507
CN(CC(=O)O)C1CCN(C[C@@H](N)CCNc2ccccc2O)C1,0.139444,CN(CC(=O)Nc1ccccc1O)C1CCN(C[C@@H](N)CC(=O)O)C1,0.010313
N[C@H](Cc1c[nH]c2ccccc12)CN(CCc1ccc(O)cc1)CC1CNC1,0.992393,N[C@H](Cc1c[nH]c2ccccc12)CN(CCc1ccc(O)cc1)C(=O)C1CNC1,0.823183
NCCCC[C@H](N)CN(c1ccnc2ccccc12)C1CCCNC1,0.28495,NCCCC[C@H](N)C(=O)N(c1ccnc2ccccc12)C1CCCNC1,0.063118
NCCN(Cc1c[nH]c2ccc(F)cc12)[C@H](Cc1c[nH]c2ccccc12)CN1CCCCC1,0.990821,NCCN(Cc1c[nH]c2ccc(F)cc12)[C@H](Cc1c[nH]c2ccccc12)C(=O)N1CCCCC1,0.733682
N[C@@H](CCC(=O)O)CNc1ccc(Br)cc1,0.003594,N[C@@H](CCC(=O)Nc1ccc(Br)cc1)C(=O)O,0.000157
NCCCN(C[C@H]1CCCN1)c1ccnc2ccccc12,0.350148,NCCCN(C(=O)[C@H]1CCCN1)c1ccnc2ccccc12,0.234891
N#Cc1ccc(N)c(N(C[C@@H]2CCCN2)C[C@@H]2CCCN2Cc2c[nH]c3ccc(Br)cc23)c1,0.988049,N#Cc1ccc(N)c(N(C[C@@H]2CCCN2Cc2c[nH]c3ccc(Br)cc23)C(=O)[C@@H]2CCCN2)c1,0.966141
COc1ccc(O)c(N(CCN(C)CCBr)C2CCN(Cc3c[nH]c4cc(Br)ccc34)C2)c1,0.997169,COc1ccc(O)c(N(CCN(C)C(=O)CBr)C2CCN(Cc3c[nH]c4cc(Br)ccc34)C2)c1,0.966557
C=CCN1CCC(N2CCCC(N(c3ccc(C#N)cc3N)C(CCl)c3ccc(F)cc3)C2)CC1,0.977098,C=CC(=O)N1CCC(N2CCCC(N(c3ccc(C#N)cc3N)C(CCl)c3ccc(F)cc3)C2)CC1,0.874879
CN(CCNc1ccc(Br)cc1)C[C@@H]1CCCN1,0.161321,CN(CC(=O)Nc1ccc(Br)cc1)C[C@@H]1CCCN1,0.00559
NCCCN1CC(N(C[C@H](N)Cc2c[nH]c3ccccc23)c2cc(Br)ccc2O)C1,0.993034,NCCC(=O)N1CC(N(C[C@H](N)Cc2c[nH]c3ccccc23)c2cc(Br)ccc2O)C1,0.686915
COc1ccccc1CNC1CCN(CCCN(CCN)c2cccc(Br)c2O)CC1,0.996349,COc1ccccc1CN(C(=O)CN)C1CCN(CCCNc2cccc(Br)c2O)CC1,0.85741
O=C1CCCN(c2ccc(O)c(N(Cc3ccc(F)cc3)C3CCNCC3)c2)C1,0.822458,O=C1CCCN(c2ccc(O)c(N(C(=O)c3ccc(F)cc3)C3CCNCC3)c2)C1,0.43426
Brc1ccccc1CCNCCCNC1CCNC1,0.364371,O=C(CCNC1CCNC1)NCCc1ccccc1Br,0.051922
CC[C@@H](CN1CCC1C(=O)O)NCc1c[nH]c2ccc(Br)cc12,0.300303,CC[C@@H](C(=O)O)N(Cc1c[nH]c2ccc(Br)cc12)C(=O)C1CCN1,0.197677
C=CCN(CC1CCN1)[C@@H](C)CN1CCc2c(OC)cccc2C1CC,0.647811,C=CCN(C(=O)C1CCN1)[C@@H](C)CN1CCc2c(OC)cccc2C1CC,0.086041
CC[C@H](N)CNc1ccc(F)nc1Br,0.02083,CC[C@H](N)C(=O)Nc1ccc(F)nc1Br,0.002195
CC[C@H](N)CN(C)CCN1CC(=O)C1,0.030345,CC[C@H](N)CN(C)CC(=O)N1CC(=O)C1,0.006552
COCCNCCN(Cc1cccc(F)c1F)c1cccc(Br)c1O,0.694245,COCCN(CCNc1cccc(Br)c1O)C(=O)c1cccc(F)c1F,0.014906
N[C@H](CCN1CC(CNC2CC2)C1)CN(Cc1ccc(F)cc1)c1cc(Br)ccc1O,0.990804,N[C@H](CCN1CC(C(=O)NC2CC2)C1)CN(Cc1ccc(F)cc1)c1cc(Br)ccc1O,0.967512
CC[C@@H](CN1CC(N(Cc2cccc(F)c2F)c2cc(F)ccc2O)C1)NCCBr,0.975555,CC[C@@H](CN1CC(N(Cc2cccc(F)c2F)c2cc(F)ccc2O)C1)NC(=O)CBr,0.856251
CCCN[C@H](C)CN(CC=O)CCc1c[nH]c2ccccc12,0.712222,CCCN(C(=O)C=O)[C@H](C)CNCCc1c[nH]c2ccccc12,0.124458
C[C@@H](N)CN(CC1CN(CC2CCN2)C1)c1cc(Br)ccc1O,0.313545,C[C@@H](N)CN(CC1CN(C(=O)C2CCN2)C1)c1cc(Br)ccc1O,0.029604
C[C@@H](N)CN(CCN)c1cc(F)ccc1O,0.045923,C[C@@H](N)C(=O)N(CCN)c1cc(F)ccc1O,0.02705
CC[C@H](C)[C@@H](CN1CCC1CNc1cc(F)ccc1O)NCc1ccc(F)cc1,0.948874,CC[C@H](C)[C@@H](CN1CCC1C(=O)Nc1cc(F)ccc1O)NCc1ccc(F)cc1,0.477697
O=C(O)CCN(Cc1ccc(F)cc1)CC1CCN1,0.022573,O=C(O)CCN(CC1CCN1)C(=O)c1ccc(F)cc1,0.002412
CC[C@@H](CN1CCC1C1=NCCc2c(OC)cccc21)NCc1ccc(N)c(Br)c1,0.999992,CC[C@@H](CN1CCC1C1=NCCc2c(OC)cccc21)NC(=O)c1ccc(N)c(Br)c1,0.987786
N#Cc1cc(Br)cc(NC[C@H]2CCCN2CCCN)c1,0.715182,N#Cc1cc(Br)cc(N(C[C@H]2CCCN2)C(=O)CCN)c1,0.19032
COc1cccc2c1CCN(CCN(CC=O)CCC=O)C2c1cccc(Br)c1,0.985256,COc1cccc2c1CCN(CCN(CCC=O)C(=O)C=O)C2c1cccc(Br)c1,0.425914
O=C(CBr)CN1CCCC(=O)C1,0.006937,O=C1CCCN(C(=O)C(=O)CBr)C1,0.001098
C[C@@H](C(=O)O)N(CCN)C(CCl)c1ccc(F)cc1,0.001328,C[C@@H](C(=O)O)N(C(=O)CN)C(CCl)c1ccc(F)cc1,0.000368
Nc1ccccc1OC(=O)[C@H](CO)NCC1CCN1,0.032931,N[C@@H](CO)C(=O)Oc1ccccc1NC(=O)C1CCN1,0.001618
Oc1ccc(F)cc1N(CC1CCN1)C1CCNCC1,0.333211,O=C(C1CCN1)N(c1cc(F)ccc1O)C1CCNCC1,0.145204
c1cc(NC2CCN(CCCN3CCCCC3)C2)c2[nH]ccc2c1,0.474182,O=C(CCN1CCC(Nc2cccc3cc[nH]c23)C1)N1CCCCC1,0.345983
Nc1c(F)cccc1CN1CCC(NCCCO)C1,0.123416,Nc1c(F)cccc1C(=O)N(CCCO)C1CCNC1,0.026742
Nc1ccc(CN(CCc2ccccc2Br)C[C@@H]2CCCN2)cc1Br,0.987616,Nc1ccc(C(=O)N(CCc2ccccc2Br)C[C@@H]2CCCN2)cc1Br,0.26871
Nc1c(Br)cccc1N(CC=O)CCCN(Cc1c[nH]c2cc(Br)ccc12)C1CCCNC1,0.993344,Nc1c(Br)cccc1N(CCCN(Cc1c[nH]c2cc(Br)ccc12)C1CCCNC1)C(=O)C=O,0.963216
CCCNCCCN1CCC[C@H]1CNCCc1ccccc1OC,0.779741,CCCNCCCN1CCC[C@H]1C(=O)NCCc1ccccc1OC,0.462313
CNCCN1CCC(N2CC(N(c3cccnc3Br)C(CCl)c3ccc(F)cc3)C2)CC1,0.975213,CNCC(=O)N1CCC(N2CC(N(c3cccnc3Br)C(CCl)c3ccc(F)cc3)C2)CC1,0.948229
N[C@@H](CCNCCc1ccccc1Br)CN1CCC1C(=O)O,0.269872,N[C@@H](CC(=O)NCCc1ccccc1Br)CN1CCC1C(=O)O,0.01117
Nc1ccccc1CN1CCC1CN1CC(=O)C1,0.030013,Nc1ccccc1C(=O)N1CCC1CN1CC(=O)C1,0.007643
Nc1cccc(Br)c1OC(=O)C1CCN1CC1CCN1,0.225416,Nc1cccc(Br)c1OC(=O)C1CCN1C(=O)C1CCN1,0.003381
Nc1ccc(CN2CCC[C@@H]2CN2CCCC(=O)C2)cc1Br,0.646931,Nc1ccc(C(=O)N2CCC[C@@H]2CN2CCCC(=O)C2)cc1Br,0.550334
CNCCN[C@@H](C)C(=O)O,0.008464,CNCC(=O)N[C@@H](C)C(=O)O,0.002803
CC[C@H](N)CN(c1cc(F)ccc1O)C1CCN(C[C@@H]2CCCN(Cc3ccc(F)cc3)C2)C1,0.952254,CC[C@H](N)CN(c1cc(F)ccc1O)C1CCN(C[C@@H]2CCCN(C(=O)c3ccc(F)cc3)C2)C1,0.949251
CC[C@@H](CN1CCCCC1)NC1CCCNC1,0.038965,CC[C@H](NC1CCCNC1)C(=O)N1CCCCC1,0.002362
O=C(O)[C@@H](Cc1c[nH]c2ccccc12)NC1CCN(CCBr)C1,0.198372,O=C(O)[C@@H](Cc1c[nH]c2ccccc12)N(C(=O)CBr)C1CCNC1,0.044209
COc1ccccc1CCNC[C@H](N)CCN(C)CC(=O)O,0.492748,CNCC(=O)N(CCc1ccccc1OC)C[C@H](N)CC(=O)O,0.012432
CCCCCCn1cc(C[C@@H](CN2CCCCC2)N(CCN)Cc2ccc(F)cc2)c2ccccc21,0.856312,CCCCCCn1cc(C[C@@H](CN2CCCCC2)N(Cc2ccc(F)cc2)C(=O)CN)c2ccccc21,0.5817
CN(CCNCCc1ccccc1Br)C[C@@H](N)Cc1ccc(O)cc1,0.987751,CN(CCNCCc1ccccc1Br)C(=O)[C@@H](N)Cc1ccc(O)cc1,0.716349
Oc1ccccc1N(CC1CNC1)C[C@@H]1CCCN1,0.296741,O=C(C1CNC1)N(C[C@@H]1CCCN1)c1ccccc1O,0.413777
C[C@H](N)CN(CCCNc1cccc(Br)c1O)C[C@@H](C)N,0.099286,C[C@H](N)CN(CCC(=O)Nc1cccc(Br)c1O)C[C@@H](C)N,0.014876
C[C@@H](CN1CCC(=O)C1)NC(CCl)c1ccc(F)cc1,0.192003,C[C@H](NC(CCl)c1ccc(F)cc1)C(=O)N1CCC(=O)C1,0.005717
N[C@H](CCNCCc1ccccc1Br)CN1CCC[C@H]1C(=O)O,0.337502,N[C@H](CC(=O)NCCc1ccccc1Br)CN1CCC[C@H]1C(=O)O,0.022152
COCCNC[C@H](CCCN(CCBr)CCc1ccccc1OC)NCc1c[nH]c2cc(Br)ccc12,0.989855,COCCN(C[C@H](CCCNCCc1ccccc1OC)NCc1c[nH]c2cc(Br)ccc12)C(=O)CBr,0.484731
Oc1cc(Br)ccc1NC1CCCN(Cc2ccc(F)cc2)C1,0.5,O=C(c1ccc(F)cc1)N(c1ccc(Br)cc1O)C1CCCNC1,0.31261
Brc1ccc(NCC2CCN(CC3CCN3)CC2)cc1,0.441457,O=C(C1CCN1)N(CC1CCNCC1)c1ccc(Br)cc1,0.189026
O=C(O)CC[C@@H](CN1CCCCC1)NC(CCl)c1ccc(Br)cc1,0.857853,O=C(O)CC[C@H](NC(CCl)c1ccc(Br)cc1)C(=O)N1CCCCC1,0.005218
Nc1cccc(N2CCC(N(CCc3ccccc3Br)CC3(N)CCC3)C2)c1O,0.948309,Nc1cccc(N2CCC(N(CCc3ccccc3Br)C(=O)C3(N)CCC3)C2)c1O,0.074521
N[C@@H](CCN1CCC1CNc1cc(Br)ccc1O)CNCCc1c[nH]c2ccccc12,0.994571,N[C@@H](CCN1CCC1C(=O)Nc1cc(Br)ccc1O)CNCCc1c[nH]c2ccccc12,0.983063
OCCCNCC(CBr)NCCc1c[nH]c2ccccc12,0.717669,O=C(NCCCO)C(CBr)NCCc1c[nH]c2ccccc12,0.064463
O=CCN1CCC(N(c2ccc(S)cc2)C(CCl)c2ccc(Br)cc2)C1,0.837511,O=CC(=O)N1CCC(N(c2ccc(S)cc2)C(CCl)c2ccc(Br)cc2)C1,0.012708
N[C@@H](CCC(=O)O)CN(C[C@@H]1CCCN1)c1ccc(Br)cc1,0.013381,N[C@@H](CCC(=O)N1CCC[C@H]1C(=O)O)CNc1ccc(Br)cc1,0.008465
Brc1ccc(NCc2ccccc2NC2CN(CC3CCN3)C2)cc1,0.669444,O=C(Nc1ccc(Br)cc1)c1ccccc1NC1CN(CC2CCN2)C1,0.286591
CCC1c2cccc(NCCc3nc4c(Br)cccc4[nH]3)c2CCN1CC1CCN1,0.974511,CCC1NCCc2c1cccc2N(CCc1nc2c(Br)cccc2[nH]1)C(=O)C1CCN1,0.580489
COCCN(C[C@@H](Cc1c[nH]c2ccccc12)NCc1ccc(F)cc1)C1CCC1,0.997296,COCCN(C[C@@H](Cc1c[nH]c2ccccc12)NC(=O)c1ccc(F)cc1)C1CCC1,0.973062
O=C(O)C[C@H](CNc1cccc(Br)c1O)N(Cc1cccc(Br)c1)C1CCNCC1,0.743062,O=C(C[C@H](C(=O)O)N(Cc1cccc(Br)c1)C1CCNCC1)Nc1cccc(Br)c1O,0.11616
NCCCN(CC[C@@H](N)C(=O)O)c1cccc2cc[nH]c12,0.067957,NCCCN(C(=O)C[C@@H](N)C(=O)O)c1cccc2cc[nH]c12,0.061475
COc1ccc(N(CCN)C[C@H]2CCCN2CC2CCN2Cc2ccc(F)c(F)c2F)c(N)c1,0.956557,COc1ccc(N(CCN)C[C@H]2CCCN2CC2CCN2C(=O)c2ccc(F)c(F)c2F)c(N)c1,0.91211
CNCCN(CCCN)c1cccc(Br)c1N,0.105071,CNCC(=O)N(CCCN)c1cccc(Br)c1N,0.150116
NCCCN(CCc1c[nH]c2ccccc12)Cc1ccc(O)c(NC[C@@H](N)CS)c1,0.948161,NCCC(=O)N(CCc1c[nH]c2ccccc12)Cc1ccc(O)c(NC[C@@H](N)CS)c1,0.342438
NCCN1CCCC(N(C[C@H]2Cc3ccc(O)cc3C(c3c[nH]c4cc(Br)ccc34)N2)C2CC2)C1,0.995353,NCC(=O)N1C(c2c[nH]c3cc(Br)ccc23)c2cc(O)ccc2C[C@@H]1CN(C1CC1)C1CCCNC1,0.84974
Brc1ccccc1CCNC[C@H]1CCCNC1,0.568084,O=C(NCCc1ccccc1Br)[C@H]1CCCNC1,0.013232
CN(CCN)CCN1CCC[C@H](O)C1,0.035772,CN(CCN1CCC[C@H](O)C1)C(=O)CN,0.027235
CN(CCN1CC(=O)C1)C[C@H](N)Cc1ccc(O)cc1,0.119039,CN(CC(=O)N1CC(=O)C1)C[C@H](N)Cc1ccc(O)cc1,0.059483
Brc1ccnc(N(CC2CN(C[C@@H]3CCCN3)C2)C2CC2)c1,0.621432,O=C([C@@H]1CCCN1)N1CC(CN(c2cc(Br)ccn2)C2CC2)C1,0.025771
NCCCNCc1ccc(O)cc1,0.575398,NCCC(=O)NCc1ccc(O)cc1,0.019032
CC(C)[C@@H](N)CN1CCC[C@@H]1CN(C[C@H](C)N)c1cccc2cc[nH]c12,0.639642,CC(C)[C@@H](N)C(=O)N1CCC[C@@H]1CN(C[C@H](C)N)c1cccc2cc[nH]c12,0.025799
N[C@H](CCCNCCc1c[nH]c2ccc(O)cc12)CN(CCc1ccccc1Br)CC1CCN1,0.977175,N[C@H](CCC(=O)NCCc1c[nH]c2ccc(O)cc12)CN(CCc1ccccc1Br)CC1CCN1,0.959591
C#CCNCC(CBr)N(CC1CCN1)c1cccc(Br)c1O,0.145464,C#CCN(CC(CBr)Nc1cccc(Br)c1O)C(=O)C1CCN1,0.051031
CN(CCN(CC1CCN1)c1ccc(C#N)cc1N)Cc1c[nH]c2cc(Br)ccc12,0.994403,CN(CCN(C(=O)C1CCN1)c1ccc(C#N)cc1N)Cc1c[nH]c2cc(Br)ccc12,0.987769
CC[C@@H](CNc1cc(F)c(F)cc1O)NC[C@@H](N)CC(=O)O,0.036686,CC[C@H](NC[C@@H](N)CC(=O)Nc1cc(F)c(F)cc1O)C(=O)O,0.007783
CN(CCN(CCc1c[nH]c2ccccc12)C(CCl)c1ccc(Cl)c(Cl)c1)C[C@@H]1CCCN1,0.995982,CN(CCN(CCc1c[nH]c2ccccc12)C(CCl)c1ccc(Cl)c(Cl)c1)C(=O)[C@@H]1CCCN1,0.981179
C[C@@H](CN(CCCN)c1cc(Br)ccc1O)N(CCBr)Cc1c[nH]c2ccc(Br)cc12,0.978949,C[C@@H](CN(CCCN)c1cc(Br)ccc1O)N(Cc1c[nH]c2ccc(Br)cc12)C(=O)CBr,0.752761
CN(CCNC[C@H]1CCCN1)CC(=O)O,0.014222,CN(CC(=O)O)C(=O)CNC[C@H]1CCCN1,0.006327
CC[C@@H](CNc1cc(F)ccc1O)NCCN,0.177026,CC[C@@H](CNc1cc(F)ccc1O)NC(=O)CN,0.020991
NCCCN(C[C@H](CO)NCC1CNC1)c1cc(F)ccc1O,0.186413,NCCCN(C[C@H](CO)NC(=O)C1CNC1)c1cc(F)ccc1O,0.076002
c1cc(NCC2CN(C3CCNCC3)C2)c2[nH]ccc2c1,0.608249,O=C(Nc1cccc2cc[nH]c12)C1CN(C2CCNCC2)C1,0.131238
CNCCN(CCc1ccccc1Br)CC[C@H](CNc1cc(F)c(F)cc1O)NC[C@@H](C)N,0.781975,CNCC(=O)N(CCc1ccccc1Br)CC[C@H](CNc1cc(F)c(F)cc1O)NC[C@@H](C)N,0.233628
Brc1cccc2c1CCN(CC1CCN1)C2CN1CCC[C@@H]1CNc1ccccn1,0.984522,O=C(C1CCN1)N(C[C@H]1CCCN1CC1NCCc2c(Br)cccc21)c1ccccn1,0.955267
C=CCN(Cc1c[nH]c2ccc(F)cc12)[C@H](CO)CN(c1cccc(Br)c1O)C1CCNC1,0.977566,C=CC(=O)N(Cc1c[nH]c2ccc(F)cc12)[C@H](CO)CN(c1cccc(Br)c1O)C1CCNC1,0.731825
C[C@H](N)CN(CC1CCN1Cc1ccc(F)cc1)C[C@H](C)O,0.035793,C[C@H](N)CN(CC1CCN1C(=O)c1ccc(F)cc1)C[C@H](C)O,0.154337
Oc1ccc(Br)cc1NCCN1CCC(CN(CC2CCN2)c2cc(Br)ccc2O)CC1,0.925892,O=C(C1CCN1)N(CC1CCN(CCNc2cc(Br)ccc2O)CC1)c1cc(Br)ccc1O,0.934005
C[C@H](N)CN(c1ccc(Br)cc1)C1CCN(C[C@H]2CCCN2)C1,0.74681,C[C@H](N)C(=O)N(c1ccc(Br)cc1)C1CCN(C[C@H]2CCCN2)C1,0.824594
N[C@H](CCNC1CC1)CNCCc1ccccc1Br,0.538146,N[C@H](CCNC1CC1)C(=O)NCCc1ccccc1Br,0.03507
Oc1ccc(Br)cc1N(CC1CCN1)C1CCCNC1,0.407616,O=C(C1CCN1)N(c1cc(Br)ccc1O)C1CCCNC1,0.277859
NCCN(CCc1c[nH]c2ccc(O)cc12)C[C@H](N)CCNc1cc(Br)ccc1O,0.97416,NCC(=O)N(CC[C@@H](N)CNCCc1c[nH]c2ccc(O)cc12)c1cc(Br)ccc1O,0.967159
O=CCNCCc1cn(CC(c2ccc(F)cc2F)N2CCCCC2)c2ccccc12,0.960309,O=CC(=O)NCCc1cn(CC(c2ccc(F)cc2F)N2CCCCC2)c2ccccc12,0.275434
Fc1ccc(CN(C[C@H]2CCCN2)C2CC2)cc1,0.334311,O=C([C@H]1CCCN1)N(Cc1ccc(F)cc1)C1CC1,0.06866
COc1ccc(N(CCN)C[C@H]2CCCN2CC2CCN2)c(N)c1,0.597712,COc1ccc(N(CCN)C[C@H]2CCCN2C(=O)C2CCN2)c(N)c1,0.011241
COc1ccccc1CCNCCCNCCCO,0.414738,COc1ccccc1CCNC(=O)CCNCCCO,0.02142
COc1cccc2c1CCN=C2CC[C@H](CN1CC[C@@H](O)C1)N(Cc1ccc(F)cc1)Cc1cccc(Br)c1,0.797171,COc1cccc2c1CCN=C2CC[C@H](CN1CC[C@@H](O)C1)N(Cc1cccc(Br)c1)C(=O)c1ccc(F)cc1,0.529182
OC[C@@H](CNc1ccc(Br)cc1O)NC[C@@H]1CCCN1,0.255836,O=C(Nc1ccc(Br)cc1O)[C@H](CO)NC[C@@H]1CCCN1,0.033239
NC1(CN(CC2CCN2)C2CC2)CCC1,0.03678,NC1(CN(C(=O)C2CCN2)C2CC2)CCC1,0.004482
NCCNCCN1CC(=O)C1,0.011498,NCC(=O)NCCN1CC(=O)C1,0.003501
O=CCN1CCc2c(Br)cccc2C1CN(CC1CCN1)c1ccccc1O,0.959516,O=CC(=O)N1CCC1CN(CC1NCCc2c(Br)cccc21)c1ccccc1O,0.273608
C[C@H](N)CN(CC1CN(CC2CNC2)C1)c1cccc(Br)c1O,0.070445,C[C@H](N)CN(CC1CN(C(=O)C2CNC2)C1)c1cccc(Br)c1O,0.008675
NCCN(C[C@@H]1CCCN1)c1cc(Br)ccc1N,0.070876,NCCN(C(=O)[C@@H]1CCCN1)c1cc(Br)ccc1N,0.114071
Nc1cc(CN2C[C@H](O)C[C@H]2CNCCc2ccccc2Br)ccc1O,0.93755,Nc1cc(C(=O)N(CCc2ccccc2Br)C[C@@H]2C[C@@H](O)CN2)ccc1O,0.1235
C[C@@H](N)CN1CCC[C@@H]1CN1CCc2ccccc2C1c1ccnc(Br)c1,0.994292,C[C@@H](N)C(=O)N1CCC[C@@H]1CN1CCc2ccccc2C1c1ccnc(Br)c1,0.738298
O=C(O)C1(NCCBr)CCC1,0.004751,O=C(CBr)NC1(C(=O)O)CCC1,0.001001
Oc1ccccc1N(CC1CCN1)C[C@@H]1CCCN1,0.193583,O=C([C@@H]1CCCN1)N(CC1CCN1)c1ccccc1O,0.398222
C[C@H](CN1CC(N2CCC2CNCCc2ccccc2Br)C1)NCC=O,0.283504,C[C@H](CN1CC(N2CCC2C(=O)NCCc2ccccc2Br)C1)NCC=O,0.102414
O=C1CCN(C2CCN(c3c(CNc4ccccc4S)ccc(F)c3F)C2)C1,0.917112,O=C1CCN(C2CCN(c3c(C(=O)Nc4ccccc4S)ccc(F)c3F)C2)C1,0.510163
CCCN(CC1CN(C[C@H]2CCCN2)C1)c1cc(OC)ccc1O,0.252713,CCCN(CC1CN(C(=O)[C@H]2CCCN2)C1)c1cc(OC)ccc1O,0.006941
CC[C@H](N)CN1CC(N2CCC2C(=O)O)C1,0.036877,CC[C@H](N)C(=O)N1CC(N2CCC2C(=O)O)C1,0.005307
C=CCN1CCC[C@@H]1CNc1cc(OC)ccc1N(Cc1c[nH]c2ccc(Br)cc12)C[C@@H](C)N,0.988654,C=CC(=O)N(C[C@H]1CCCN1)c1cc(OC)ccc1N(Cc1c[nH]c2ccc(Br)cc12)C[C@@H](C)N,0.572071
C=CCN(Cc1c[nH]c2ccc(Br)cc12)[C@@H](C)CN1CCC(Nc2ccccc2O)CC1,0.992456,C=CC(=O)N(Cc1c[nH]c2ccc(Br)cc12)[C@@H](C)CN1CCC(Nc2ccccc2O)CC1,0.950768
NC1(CN(CCc2ccccc2Br)CC(=O)CBr)CCC1,0.073529,NC1(CN(CCc2ccccc2Br)C(=O)C(=O)CBr)CCC1,0.00145
Fc1ccc(CN2CCC(N(c3ccccn3)C3CCN(C(CCl)c4ccc(F)cc4)CC3)CC2)cc1,0.687411,O=C(c1ccc(F)cc1)N1CCC(N(c2ccccn2)C2CCN(C(CCl)c3ccc(F)cc3)CC2)CC1,0.53403
NCCN(CCc1ccccc1Br)C1CCNC1,0.653694,NCC(=O)N(CCc1ccccc1Br)C1CCNC1,0.040697
CNCCN(c1cc(F)c(F)cc1O)C1CCCN(C[C@H](N)Cc2c[nH]c3ccccc23)C1,0.995598,CNCC(=O)N(c1cc(F)c(F)cc1O)C1CCCN(C[C@H](N)Cc2c[nH]c3ccccc23)C1,0.981766
COc1ccccc1CCNCC1CCN1C[C@@H](Cc1ccc(O)cc1)NCc1ccc(F)cc1,0.946461,COc1ccccc1CCNCC1CCN1C[C@@H](Cc1ccc(O)cc1)NC(=O)c1ccc(F)cc1,0.801155
CC[C@@H](CN(CCc1ccccc1OC)C[C@@H]1CCCN(Cc2ccc(F)cc2)C1)NCc1ccc(F)cc1,0.819983,CC[C@@H](CN(CCc1ccccc1OC)C[C@@H]1CCCN(Cc2ccc(F)cc2)C1)NC(=O)c1ccc(F)cc1,0.715207
N[C@H](CCCNc1cc(Br)ccc1O)CN(CCc1c[nH]c2ccccc12)C1CCC1,0.993188,N[C@H](CCC(=O)Nc1cc(Br)ccc1O)CN(CCc1c[nH]c2ccccc12)C1CCC1,0.950138
Nc1ccc(N(CC=O)C2CC2)cc1N,0.003776,Nc1ccc(N(C(=O)C=O)C2CC2)cc1N,0.003221
O=C(O)C1(N(CC2CCN2)C(CCl)c2ccc(Br)cc2)CCC1,0.215299,O=C(C1CCN1)N(C(CCl)c1ccc(Br)cc1)C1(C(=O)O)CCC1,0.015194
CC(C)[C@@H](CN(CCN)C1CC1)NCc1ccc(F)cc1,0.5,CC(C)[C@@H](CN(CCN)C1CC1)NC(=O)c1ccc(F)cc1,0.440612
N[C@@H](Cc1ccc(O)cc1)CN1CCC(C(=O)O)CC1,0.655192,N[C@@H](Cc1ccc(O)cc1)C(=O)N1CCC(C(=O)O)CC1,0.033367
NCCN(C1CCNC1)[C@H](CS)C(=O)Oc1ccc(F)cc1N,0.055992,NCC(=O)N(C1CCNC1)[C@H](CS)C(=O)Oc1ccc(F)cc1N,0.006432
CNCCN(CCc1ccccc1OC)C(CCl)c1ccc(Br)cc1,0.964824,CNCC(=O)N(CCc1ccccc1OC)C(CCl)c1ccc(Br)cc1,0.067826
OCCN1CCC[C@@H]1CN(C[C@@H]1CCCN1Cc1c[nH]c2ccc(F)cc12)c1cc(Br)ccc1O,0.963878,O=C(CO)N1CCC[C@@H]1CN(C[C@@H]1CCCN1Cc1c[nH]c2ccc(F)cc12)c1cc(Br)ccc1O,0.88629
N[C@@H](CNC12CC(C1)C2)Cc1ccccc1,0.345724,N[C@H](Cc1ccccc1)C(=O)NC12CC(C1)C2,0.010492
COc1ccc(N(CCC2c3cc(O)ccc3CCN2CC2CCN2)CC2CCN2)c(N)c1,0.937379,COc1ccc(N(CCC2NCCc3ccc(O)cc32)CC2CCN2C(=O)C2CCN2)c(N)c1,0.249308
N#Cc1cc(Br)cc(N(CCCN)C[C@H]2CCCN2)c1,0.143186,N#Cc1cc(Br)cc(N(CCCN)C(=O)[C@H]2CCCN2)c1,0.374943
CC[C@@H](C(=O)O)N(CCCN)Cc1c[nH]c2ccc(Br)cc12,0.149287,CC[C@@H](C(=O)O)N(Cc1c[nH]c2ccc(Br)cc12)C(=O)CCN,0.08312
N[C@H](CO)CN1CCC(Nc2c(F)cccc2CNCCc2ccc(O)cc2)CC1,0.974115,N[C@H](CO)C(=O)N(CCc1ccc(O)cc1)Cc1cccc(F)c1NC1CCNCC1,0.522228
COc1ccccc1CCNC(=O)CN(CCN)C1CCNCC1,0.183859,COc1ccccc1CCNC(=O)CN(C(=O)CN)C1CCNCC1,0.007205
C[C@@H](N)CN(C[C@@H]1CCCN1)c1cc(Br)ccc1O,0.13205,C[C@@H](N)C(=O)N(C[C@@H]1CCCN1)c1cc(Br)ccc1O,0.158091
Nc1c(Br)cccc1NCC=O,0.004256,Nc1c(Br)cccc1NC(=O)C=O,0.000295
COc1ccc(O)c(N(C[C@H]2CCCN2)C[C@H]2CCCN2Cc2c[nH]c3ccc(F)cc23)c1,0.995139,COc1ccc(O)c(N(C[C@H]2CCCN2Cc2c[nH]c3ccc(F)cc23)C(=O)[C@H]2CCCN2)c1,0.976314
COc1cccc(CNC[C@@H](N)CO)c1,0.022739,COc1cccc(CNC(=O)[C@@H](N)CO)c1,0.000611
O=C(O)c1cccc(F)c1N(C[C@H]1CCCN1CCO)C1CCN(Cc2c[nH]c3cc(Br)ccc23)CC1,0.971607,O=C(O)c1cccc(F)c1N(C[C@H]1CCCN1C(=O)CO)C1CCN(Cc2c[nH]c3cc(Br)ccc23)CC1,0.764686
Oc1ccc(F)cc1N(c1c(CNC2CC2)ccc(F)c1F)C1CNC1,0.923,O=C(NC1CC1)c1ccc(F)c(F)c1N(c1cc(F)ccc1O)C1CNC1,0.865437
N[C@H](CCN(Cc1c[nH]c2ccc(Br)cc12)C1CC1)CNCCc1ccccc1Br,0.999993,N[C@H](CCN(Cc1c[nH]c2ccc(Br)cc12)C1CC1)C(=O)NCCc1ccccc1Br,0.968227
COc1cccc(CN(CCCN)C[C@H](CS)NCc2cccc(F)c2N)c1,0.897822,COc1cccc(CN(CCCN)C[C@H](CS)NC(=O)c2cccc(F)c2N)c1,0.794447
C[C@H](CN(C)CCNc1cc(F)ccc1O)NCc1c[nH]c2ccc(Br)cc12,0.930096,C[C@H](CN(C)CC(=O)Nc1cc(F)ccc1O)NCc1c[nH]c2ccc(Br)cc12,0.614534
C1CN[C@H](CNC23CC(C2)C3)C1,0.021217,O=C(NC12CC(C1)C2)[C@@H]1CCCN1,0.003893
COCCNC1CN(CC2CCN2)C1,0.03507,COCCN(C(=O)C1CCN1)C1CNC1,0.004351
N#Cc1ccc(N(CCN)CCC2c3cc(O)ccc3CCN2C[C@@H]2CCCN2)c(N)c1,0.975738,N#Cc1ccc(N(CCN)CCC2c3cc(O)ccc3CCN2C(=O)[C@@H]2CCCN2)c(N)c1,0.390312
Brc1cccc(CNCCCCNCCCNC2CC2)c1,0.151357,O=C(CCNCCCCNCc1cccc(Br)c1)NC1CC1,0.048486
CC[C@@H](C1=NCCc2ccc(O)cc21)N(CCN)Cc1c[nH]c2ccccc12,0.979554,CC[C@@H](C1=NCCc2ccc(O)cc21)N(Cc1c[nH]c2ccccc12)C(=O)CN,0.248987
Nc1ccc(CN[C@@H](CS)CN2CCCC(Nc3cccc4cc[nH]c34)C2)cc1Br,0.835179,Nc1ccc(C(=O)N[C@@H](CS)CN2CCCC(Nc3cccc4cc[nH]c34)C2)cc1Br,0.757955
C1CN[C@@H](CN2CC(NC3CC3)C2)C1,0.060467,O=C([C@H]1CCCN1)N(C1CC1)C1CNC1,0.005324
CC[C@@H](C(=O)O)N(Cc1c[nH]c2ccc(Br)cc12)CC1(N)CCC1,0.13202,CC[C@@H](C(=O)O)N(Cc1c[nH]c2ccc(Br)cc12)C(=O)C1(N)CCC1,0.059367
Brc1cccc(CN2CCC(CNCCc3ccccc3Br)CC2)c1,0.980066,O=C(NCCc1ccccc1Br)C1CCN(Cc2cccc(Br)c2)CC1,0.113724
C[C@H](N)CN1CCC1CN(C[C@H](N)Cc1c[nH]c2ccccc12)c1cccc(Br)c1O,0.987364,C[C@H](N)C(=O)N1CCC1CN(C[C@H](N)Cc1c[nH]c2ccccc12)c1cccc(Br)c1O,0.314088
N[C@H](CCN1CCCCC1)CNCCc1ccccc1,0.812813,N[C@@H](CNCCc1ccccc1)CC(=O)N1CCCCC1,0.009387
N[C@@H](CNCCc1ccccc1Br)CC(=O)O,0.072782,N[C@H](CC(=O)NCCc1ccccc1Br)C(=O)O,0.000551
COc1ccccc1CCNC[C@H](N)Cc1c[nH]cn1,0.717705,COc1ccccc1CCNC(=O)[C@H](N)Cc1c[nH]cn1,0.013877
COc1ccccc1CCN(Cc1ccc(F)cc1)CC1(NCCCNCc2ccc(F)cc2)CCC1,0.784982,COc1ccccc1CCN(Cc1ccc(F)cc1)CC1(NCCCNC(=O)c2ccc(F)cc2)CCC1,0.666326
CC(C)(CNCCc1ccccc1)NC1CCC1,0.259384,CC(C)(NC1CCC1)C(=O)NCCc1ccccc1,0.002692
Brc1ccccc1CCNC[C@H]1CCCN(CC2CNC2)C1,0.711372,O=C(C1CNC1)N(CCc1ccccc1Br)C[C@H]1CCCNC1,0.04037
Nc1cc(N2CC(N(CCCO)C3CCCN(Cc4ccc(F)cc4)C3)C2)ccc1O,0.898755,Nc1cc(N2CC(N(CCCO)C3CCCN(C(=O)c4ccc(F)cc4)C3)C2)ccc1O,0.623854
C[C@@H](N)CN(CC1CCN1C(CCl)c1ccc(F)cc1)C1CC1,0.722738,C[C@@H](N)C(=O)N(CC1CCN1C(CCl)c1ccc(F)cc1)C1CC1,0.482805
Oc1cc(Br)ccc1N(CCBr)C1CCN(CCCNCc2ccnc(Br)c2)CC1,0.984193,O=C(CBr)N(CCCN1CCC(Nc2ccc(Br)cc2O)CC1)Cc1ccnc(Br)c1,0.951024
Nc1cccc(Br)c1CN1CCC(C(=O)O)CC1,0.008512,Nc1cccc(Br)c1C(=O)N1CCC(C(=O)O)CC1,0.000738
COc1ccc(O)c(N(CCCNC2CC2)C[C@H]2CCCN2)c1,0.134748,COc1ccc(O)c(N(CCCNC2CC2)C(=O)[C@H]2CCCN2)c1,0.117376
NCCN(C[C@@H]1CCCN(CC2CCN2)C1)c1ccccc1S,0.381095,NCCN(C[C@@H]1CCCN(C(=O)C2CCN2)C1)c1ccccc1S,0.009691
COc1ccc(NCc2ccc(F)cc2)c(N)c1,0.003408,COc1ccc(N)c(NC(=O)c2ccc(F)cc2)c1,0.000629
N[C@H](CCCNCCc1c[nH]c2ccccc12)CNC1CC1,0.783865,N[C@H](CCCNCCc1c[nH]c2ccccc12)C(=O)NC1CC1,0.523661
C=CCNCCN(C)CCNc1cccc2cc[nH]c12,0.269683,C=CC(=O)NCCN(C)CCNc1cccc2cc[nH]c12,0.037138
COc1cccc2c1CCN(CCBr)C2CCN(C[C@H](N)C(C)C)c1ccc(Br)cc1O,0.991791,COc1cccc2c1CCN(C(=O)CBr)C2CCN(C[C@H](N)C(C)C)c1ccc(Br)cc1O,0.381422
NCCN(c1c(F)cccc1CNCCc1c[nH]c2ccccc12)C1CCNCC1,0.922694,NCC(=O)N(CCc1c[nH]c2ccccc12)Cc1cccc(F)c1NC1CCNCC1,0.620142
C=CCN1CCCC(N2CC(N(Cc3c[nH]c4ccc(Br)cc34)c3cccc(Br)c3N)C2)C1,0.991691,C=CC(=O)N1CCCC(N2CC(N(Cc3c[nH]c4ccc(Br)cc34)c3cccc(Br)c3N)C2)C1,0.924143
CCCN[C@@H](CC)CNc1ccc(Br)cc1O,0.050061,CCCN[C@@H](CC)C(=O)Nc1ccc(Br)cc1O,0.002575
Oc1ccc(Br)cc1N(Cc1cccc(Br)c1)C1CCN(C[C@@H]2CCCN2CCBr)C1,0.975875,O=C(CBr)N1CCC[C@H]1CN1CCC(N(Cc2cccc(Br)c2)c2cc(Br)ccc2O)C1,0.944798
NCCN1CC(CNc2cccc(Br)c2N)C1,0.071477,NCCN1CC(C(=O)Nc2c(N)cccc2Br)C1,0.004295
COc1ccc(O)c(N(CCCN(Cc2ccc(F)cc2)C2CC2)C[C@H]2CCCN2)c1,0.990429,COc1ccc(O)c(N(CCCN(C(=O)c2ccc(F)cc2)C2CC2)C[C@H]2CCCN2)c1,0.560574
Brc1ccccc1CCNCCCN1CCCCC1,0.768063,O=C(CCNCCc1ccccc1Br)N1CCCCC1,0.007668
CNCCNc1cc(C#N)ccc1N,0.067289,CNCC(=O)Nc1cc(C#N)ccc1N,0.008598
N[C@H](CCCNc1ccccc1S)CNCCc1ccccc1Br,0.810585,N[C@H](CCCNc1ccccc1S)C(=O)NCCc1ccccc1Br,0.028047
N[C@@H](CO)CN(C[C@@H]1CCCN1CC[C@H](N)C(=O)O)c1cc(Br)ccc1O,0.403305,N[C@@H](CO)CN(C[C@@H]1CCCN1C(=O)C[C@H](N)C(=O)O)c1cc(Br)ccc1O,0.019489
CC[C@H](N)CN(CC1CNC1)c1cc(F)ccc1O,0.197972,CC[C@H](N)C(=O)N(CC1CNC1)c1cc(F)ccc1O,0.118518
O=C1CCCN(CCCNc2cccnc2Br)C1,0.130204,O=C1CCCN(CCC(=O)Nc2cccnc2Br)C1,0.009871
CC[C@H](C)[C@H](N)CN(CCc1c[nH]c2ccccc12)CC1CCN1,0.85235,CC[C@H](C)[C@H](N)CN(CCc1c[nH]c2ccccc12)C(=O)C1CCN1,0.142651
C[C@@H](N)CN1CCC[C@H]1CN(CCc1ccccc1Br)Cc1ccc(F)cc1,0.966632,C[C@@H](N)C(=O)N1CCC[C@H]1CN(CCc1ccccc1Br)Cc1ccc(F)cc1,0.454996
N[C@@H](CCCNCCBr)CN1CCC[C@H](O)C1,0.052089,NCCC[C@@H](CN1CCC[C@H](O)C1)NC(=O)CBr,0.019548
O=CCN(C1CCCNC1)C1(CN(Cc2c[nH]c3cc(Br)ccc23)c2cc(Br)ccc2O)CCC1,0.96526,O=CC(=O)N(C1CCCNC1)C1(CN(Cc2c[nH]c3cc(Br)ccc23)c2cc(Br)ccc2O)CCC1,0.547075
Nc1c(O)cccc1CN1CCC(O)CC1,0.103496,Nc1c(O)cccc1C(=O)N1CCC(O)CC1,0.020629
NCCN(C[C@@H]1CCCN1C[C@H](N)Cc1c[nH]c2ccccc12)c1cccc(Br)c1N,0.983358,NCC(=O)N(C[C@@H]1CCCN1C[C@H](N)Cc1c[nH]c2ccccc12)c1cccc(Br)c1N,0.981035
COc1ccccc1CCNCC1CCN(Cc2ccc(NC3CCCNC3)c(Br)c2)CC1,0.776835,COc1ccccc1CCNC(=O)C1CCN(Cc2ccc(NC3CCCNC3)c(Br)c2)CC1,0.336327
C=CCN(C[C@H]1CCCN1)[C@@H](C)c1ccccc1,0.143812,C=CC(=O)N(C[C@H]1CCCN1)[C@@H](C)c1ccccc1,0.017497
CN(CCNc1ccc(Br)cc1N(CCCN)CC1CCN1)Cc1c[nH]c2ccc(Br)cc12,0.97306,CN(CCN(C(=O)C1CCN1)c1ccc(Br)cc1NCCCN)Cc1c[nH]c2ccc(Br)cc12,0.957787
COc1ccccc1CCNC[C@H](N)CCCNC1CC1,0.463208,COc1ccccc1CCNC(=O)[C@H](N)CCCNC1CC1,0.049397
CSCC[C@@H](N)CN(C[C@H]1CCCN1)c1cccnc1Br,0.03117,CSCC[C@@H](N)CN(C(=O)[C@H]1CCCN1)c1cccnc1Br,0.094427
CCCN(CCCN)[C@@H](CO)CN(Cc1c[nH]c2cc(Br)ccc12)c1cc(F)ccc1O,0.99652,CCCN(C(=O)CCN)[C@@H](CO)CN(Cc1c[nH]c2cc(Br)ccc12)c1cc(F)ccc1O,0.566735
Oc1ccc(CCN(CC2CCN2)C[C@@H]2CCCN2)cc1,0.884685,O=C(C1CCN1)N(CCc1ccc(O)cc1)C[C@@H]1CCCN1,0.199121
CNCCN(CCCN(c1cccc(Br)c1N)C1CCC1)CCc1c[nH]c2ccccc12,0.996149,CNCC(=O)N(CCCN(c1cccc(Br)c1N)C1CCC1)CCc1c[nH]c2ccccc12,0.375006
CCC1c2ccc(OC)c3c2C(=NCC3)[C@H](C)N1CC1CCN1,0.368325,CCC1c2ccc(OC)c3c2C(=NCC3)[C@H](C)N1C(=O)C1CCN1,0.013237
N#Cc1ccc(N(CCCN)C2CCNCC2)c(N)c1,0.139911,N#Cc1ccc(N(C(=O)CCN)C2CCNCC2)c(N)c1,0.056679
NCCN1CCC1CN[C@H](CO)CN1CCc2c(Br)cccc2C1c1c[nH]c2cc(Br)ccc12,0.992343,NCC(=O)N(CC1CCN1)[C@H](CO)CN1CCc2c(Br)cccc2C1c1c[nH]c2cc(Br)ccc12,0.925903
NCCC(=O)Oc1ccc(Br)cc1NCC1CCN1CC1CNC1,0.36263,NCCC(=O)Oc1ccc(Br)cc1N(CC1CCN1)C(=O)C1CNC1,0.074139
Nc1c(Br)cccc1N(Cc1ccc(F)cc1)C1CCN(CC2CNC2)C1,0.989101,Nc1c(Br)cccc1N(C(=O)c1ccc(F)cc1)C1CCN(CC2CNC2)C1,0.960982
Nc1ccc(CN2CCC(CNCCc3ccccc3Br)CC2)cc1Br,0.991993,Nc1ccc(C(=O)N(CCc2ccccc2Br)CC2CCNCC2)cc1Br,0.320785
CCC1c2cccc(Br)c2CCN1C[C@@H](N)CCN1CCCCC1,0.971632,CCC1c2cccc(Br)c2CCN1C[C@@H](N)CC(=O)N1CCCCC1,0.164998
C[C@@H](CN(c1ccc(Br)cc1N)C(CCl)c1ccc(F)cc1F)NC1CN(CCN)C1,0.894618,C[C@@H](CN(c1ccc(Br)cc1N)C(CCl)c1ccc(F)cc1F)N(C(=O)CN)C1CNC1,0.273239
CCCN[C@H](CN1CCCC(=O)C1)c1ccccc1,0.155884,CCCN[C@H](C(=O)N1CCCC(=O)C1)c1ccccc1,0.001261
Nc1c(Br)cccc1NCCCN(CCCO)C1CCC1,0.333562,Nc1c(Br)cccc1NC(=O)CCN(CCCO)C1CCC1,0.036867
OC[C@@H](CN1CCC[C@H]1CN(Cc1c[nH]c2cc(Br)ccc12)c1cc(F)ccc1O)NCCBr,0.987904,O=C(CBr)N[C@@H](CO)CN1CCC[C@H]1CN(Cc1c[nH]c2cc(Br)ccc12)c1cc(F)ccc1O,0.955393
OC[C@H]1CCCN1Cc1ccc(F)c(F)c1NCCc1ccccc1Br,0.73564,O=C(c1ccc(F)c(F)c1NCCc1ccccc1Br)N1CCC[C@@H]1CO,0.015898
COC(=O)c1ccccc1CN(C)CCNCC(=O)O,0.002528,COC(=O)c1ccccc1CN(C)CC(=O)NCC(=O)O,0.000427
COc1ccccc1CNCC1CN(C[C@@H]2CCCN2)C1,0.349487,COc1ccccc1CN(CC1CNC1)C(=O)[C@@H]1CCCN1,0.049064
CSCC[C@@H](N)CNc1ccccc1O,0.036423,CSCC[C@@H](N)C(=O)Nc1ccccc1O,0.000639
Fc1ccc(CN(CCCNC2CCNCC2)CCc2ccccc2Br)cc1,0.962978,O=C(c1ccc(F)cc1)N(CCCNC1CCNCC1)CCc1ccccc1Br,0.334743
NCCCN1CC(N(c2cc(F)ccc2O)c2c(F)cccc2C(=O)O)C1,0.551814,NCCC(=O)N1CC(N(c2cc(F)ccc2O)c2c(F)cccc2C(=O)O)C1,0.044115
C[C@H](N)CN(c1cc(Br)ccc1O)C1CCNCC1,0.221915,C[C@H](N)C(=O)N(c1cc(Br)ccc1O)C1CCNCC1,0.078023
CN(CCN(Cc1c[nH]c2ccc(F)cc12)c1c(N)cccc1Br)CC1CCN(CCBr)CC1,0.993296,CN(CCN(Cc1c[nH]c2ccc(F)cc12)c1c(N)cccc1Br)CC1CCN(C(=O)CBr)CC1,0.91261
CC[C@H](N)CN(CCNc1ccccc1O)C[C@@H]1CCCN1,0.5,CC[C@H](N)CN(CCNc1ccccc1O)C(=O)[C@@H]1CCCN1,0.057313
COc1ccccc1CCN(Cc1ccc(N)c(Br)c1)C[C@@H](N)CC(C)C,0.967335,COc1ccccc1CCN(C[C@@H](N)CC(C)C)C(=O)c1ccc(N)c(Br)c1,0.169826
COc1cccc2c1CCNC2CN1CCCC(N(CCN)Cc2ccc(O)cc2)C1,0.98388,COc1cccc2c1CCN(C(=O)CN)C2CN1CCCC(NCc2ccc(O)cc2)C1,0.973546
OC[C@H]1CCCN1CCCNCCc1c[nH]c2ccccc12,0.970433,O=C(CCNCCc1c[nH]c2ccccc12)N1CCC[C@@H]1CO,0.117192
COc1ccccc1CCNCC1CCN1,0.711896,COc1ccccc1CCNC(=O)C1CCN1,0.013689
C[C@@H](N)CN(CC1CNC1)c1ccc(Br)cc1O,0.085315,C[C@@H](N)CN(C(=O)C1CNC1)c1ccc(Br)cc1O,0.095817
Brc1ccc(N(CCCNC2CC2)C2CCNC2)cc1,0.15243,O=C(CCN(c1ccc(Br)cc1)C1CCNC1)NC1CC1,0.021097
COc1ccc(N)c(N(CCCN)C[C@@H]2CCCNC2)c1,0.079555,COc1ccc(N)c(N(CCCN)C(=O)[C@@H]2CCCNC2)c1,0.067426
N[C@@H](CS)CN(c1ccc(Br)cc1O)C1CN(Cc2ccc(F)c(F)c2F)C1,0.690891,N[C@@H](CS)C(=O)N(c1ccc(Br)cc1O)C1CN(Cc2ccc(F)c(F)c2F)C1,0.221598
C[C@H](CNc1cccc2cc[nH]c12)NCC1CCN1,0.534993,C[C@@H](NCC1CCN1)C(=O)Nc1cccc2cc[nH]c12,0.121623
N[C@@H](CNCCCN1CCC[C@H]1CO)Cc1c[nH]c2ccccc12,0.951838,N[C@@H](CNCCC(=O)N1CCC[C@H]1CO)Cc1c[nH]c2ccccc12,0.12011
NCCCN(Cc1c[nH]c2cc(Br)ccc12)[C@@H](CO)CN(CCN)c1cc(Br)ccc1N,0.937738,NCCCN(Cc1c[nH]c2cc(Br)ccc12)[C@@H](CO)CN(C(=O)CN)c1cc(Br)ccc1N,0.946092
Oc1ccc2c(c1)C(c1cccc(Br)c1)N(CC1CCN1)[C@@H](CN1CCC(O)CC1)C2,0.977007,O=C(C1CCN1)N1C(c2cccc(Br)c2)c2cc(O)ccc2C[C@@H]1CN1CCC(O)CC1,0.907259
NCCCN1CCC(CNCCc2ccccc2Br)CC1,0.721621,NCCCN1CCC(C(=O)NCCc2ccccc2Br)CC1,0.100903
NCCN1CCCC(N(CCc2ccccc2Br)Cc2ccc(N)c(Br)c2)C1,0.986576,NCC(=O)N1CCCC(N(CCc2ccccc2Br)Cc2ccc(N)c(Br)c2)C1,0.618986
COc1ccccc1CCNC[C@H]1CCCN1C[C@H](C)N,0.945996,COc1ccccc1CCNC(=O)[C@H]1CCCN1C[C@H](C)N,0.347257
Oc1c(Br)cccc1N(CCCNCc1ccc(F)cc1)C[C@H]1CCCN1,0.883934,O=C(NCCCN(C[C@H]1CCCN1)c1cccc(Br)c1O)c1ccc(F)cc1,0.65803
Nc1ccc(CN2CCC2C(=O)O)cc1Br,0.006787,Nc1ccc(C(=O)N2CCC2C(=O)O)cc1Br,0.000779
O=C1CN(CCNCCc2c[nH]c3ccccc23)C1,0.493564,O=C1CN(CC(=O)NCCc2c[nH]c3ccccc23)C1,0.012662
COc1ccccc1CCN(CC1CCN1Cc1c[nH]c2cc(Br)ccc12)CC(C)(C)N,0.997225,COc1ccccc1CCN(CC1CCN1Cc1c[nH]c2cc(Br)ccc12)C(=O)C(C)(C)N,0.945095
O=CCNCCCNC1CC1,0.010947,O=CC(=O)NCCCNC1CC1,0.001845
COc1ccc(O)c(N(CCCN)CCC[C@@H](N)C(=O)O)c1,0.04531,COc1ccc(O)c(N(CCCN)C(=O)CC[C@@H](N)C(=O)O)c1,0.021722
CC[C@H](N)CN(CCCN)CCCCN,0.079633,CC[C@H](N)CN(CCCCN)C(=O)CCN,0.005586
N[C@@H](Cc1nc2cc(Br)ccc2o1)CN(c1cc(F)ccc1O)C1CCN(CC2CCN2)C1,0.985527,N[C@@H](Cc1nc2cc(Br)ccc2o1)CN(c1cc(F)ccc1O)C1CCN(C(=O)C2CCN2)C1,0.520373
N[C@H](CS)CN(CCN(Cc1ccc(F)cc1)CC1CNC1)c1ccc(Br)cc1,0.951882,N[C@H](CS)CN(CCN(Cc1ccc(F)cc1)C(=O)C1CNC1)c1ccc(Br)cc1,0.195645
CC(C)(N)CN(CCCN)c1cc(F)ccc1O,0.055564,CC(C)(N)CN(C(=O)CCN)c1cc(F)ccc1O,0.058859
Nc1c(Br)cccc1N(CC=O)c1cc(F)ccc1C(CCl)N1CCCCC1,0.868387,Nc1c(Br)cccc1N(C(=O)C=O)c1cc(F)ccc1C(CCl)N1CCCCC1,0.807028
N[C@H](CCCNCCc1ccc(O)cc1)CN1CCCCC1,0.964877,N[C@H](CCCNCCc1ccc(O)cc1)C(=O)N1CCCCC1,0.041546
N#Cc1ccc(O)c(NC[C@@H]2CCCN(Cc3c[nH]c4ccc(Br)cc34)C2)c1,0.970358,N#Cc1ccc(O)c(NC(=O)[C@@H]2CCCN(Cc3c[nH]c4ccc(Br)cc34)C2)c1,0.450094
NCCCNc1cccc(Br)c1O,0.061808,NCCC(=O)Nc1cccc(Br)c1O,0.002897
Oc1ccc(F)cc1NC[C@H](Cc1c[nH]c2ccccc12)NCC1CCN1,0.886577,O=C(Nc1cc(F)ccc1O)[C@H](Cc1c[nH]c2ccccc12)NCC1CCN1,0.596907
Nc1ccc(CN2CC(N(c3cccc4cc[nH]c34)C3CCCNC3)C2)cc1Br,0.999986,Nc1ccc(C(=O)N2CC(N(c3cccc4cc[nH]c34)C3CCCNC3)C2)cc1Br,0.7998
CCCN1CCC[C@@H](CN(CCN)c2cc(Br)ccc2NCc2c[nH]c3cc(Br)ccc23)C1,0.991321,CCCN1CCC[C@@H](CN(C(=O)CN)c2cc(Br)ccc2NCc2c[nH]c3cc(Br)ccc23)C1,0.991295
C[C@@H](N)CN(C[C@H]1CCCN1CCC=O)c1ccc(Br)cc1NCc1c[nH]c2ccc(F)cc12,0.984572,C[C@@H](N)C(=O)N(C[C@H]1CCCN1CCC=O)c1ccc(Br)cc1NCc1c[nH]c2ccc(F)cc12,0.976389
Brc1cccc(CN(C[C@@H]2CCCNC2)c2ccc(CN3CCCCC3)cc2Br)c1,0.901493,O=C(c1ccc(N(Cc2cccc(Br)c2)C[C@@H]2CCCNC2)c(Br)c1)N1CCCCC1,0.055288
COc1cccc(CNCC(CBr)N[C@H](Cc2c[nH]c3ccccc23)CN2CCCCC2)c1,0.986517,COc1cccc(CNCC(CBr)N[C@H](Cc2c[nH]c3ccccc23)C(=O)N2CCCCC2)c1,0.201362
NCCCN1CCC(N(Cc2cccc(O)c2N)c2cccc3cc[nH]c23)CC1,0.991845,NCCC(=O)N1CCC(N(Cc2cccc(O)c2N)c2cccc3cc[nH]c23)CC1,0.375361
CSCC[C@H](N)CN1CCC(CNc2ccccc2O)CC1,0.194157,CSCC[C@H](N)CN1CCC(C(=O)Nc2ccccc2O)CC1,0.020407
C[C@H](CNc1cccc(Br)c1O)NCC1CNC1,0.203412,C[C@H](CNc1cccc(Br)c1O)NC(=O)C1CNC1,0.020493
COc1ccccc1CN(CCN)CC1CCN1,0.167589,COc1ccccc1CN(CC1CCN1)C(=O)CN,0.074988
Nc1ccc(CN(CC2CCN2CC2CCN2)c2ccccc2S)cc1Br,0.99713,Nc1ccc(CN(CC2CCN2C(=O)C2CCN2)c2ccccc2S)cc1Br,0.570409
N[C@H](CCN1CC(NCCc2ccc(O)cc2)C1)CNCCc1c[nH]c2ccccc12,0.983844,N[C@H](CCN1CC(NCCc2ccc(O)cc2)C1)C(=O)NCCc1c[nH]c2ccccc12,0.936685
Nc1cc(Br)ccc1NC[C@H]1CCCN1CC1CCN1,0.754147,Nc1cc(Br)ccc1N(C[C@H]1CCCN1)C(=O)C1CCN1,0.2246
COc1ccc(O)c(NCC[C@H](N)CN2CCC[C@H]2C(=O)O)c1,0.1269,COc1ccc(O)c(NC(=O)C[C@H](N)CN2CCC[C@H]2C(=O)O)c1,0.010949
NCCCN(C[C@H]1CCCN1)c1ccccc1O,0.200197,NCCC(=O)N(C[C@H]1CCCN1)c1ccccc1O,0.333881
CC[C@H](N)CN1Cc2ccccc2C[C@H]1C(=O)O,0.106451,CC[C@H](N)C(=O)N1Cc2ccccc2C[C@H]1C(=O)O,0.021193
Brc1ccc2[nH]cc(CN(CCc3ccccc3Br)CC3CNC3)c2c1,0.995906,O=C(C1CNC1)N(CCc1ccccc1Br)Cc1c[nH]c2ccc(Br)cc12,0.603014
N[C@H](CCNCCc1c[nH]c2ccc(O)cc12)CN(C[C@H]1CCCN1)c1cc(F)ccc1O,0.9095,N[C@H](CC(=O)NCCc1c[nH]c2ccc(O)cc12)CN(C[C@H]1CCCN1)c1cc(F)ccc1O,0.800505
CC[C@@H](CNC1CC1)N(Cc1cccc(F)c1N)C[C@@H]1CCCN1Cc1c[nH]c2cc(Br)ccc12,0.963218,CC[C@@H](C(=O)NC1CC1)N(Cc1cccc(F)c1N)C[C@@H]1CCCN1Cc1c[nH]c2cc(Br)ccc12,0.952187
SC[C@@H](CNc1ccccc1S)NC[C@@H]1CCCN1,0.374532,O=C(Nc1ccccc1S)[C@H](CS)NC[C@@H]1CCCN1,0.052612
C[C@@H](CNc1cc(F)c(F)cc1O)N(CCN(C)CC1CCN1)C(CCl)c1ccc(F)cc1F,0.851875,C[C@@H](C(=O)Nc1cc(F)c(F)cc1O)N(CCN(C)CC1CCN1)C(CCl)c1ccc(F)cc1F,0.698122
C#CCN(CCCN)Cc1ccc(N)c(Br)c1,0.194209,C#CCN(Cc1ccc(N)c(Br)c1)C(=O)CCN,0.065517
N#Cc1ccc(O)c(N(CCN)c2ccccc2CCN)c1,0.573406,N#Cc1ccc(O)c(N(C(=O)CN)c2ccccc2CCN)c1,0.547501
Nc1c(F)cccc1CN(Cc1ccc(O)cc1)C1CCCN(C[C@@H](N)Cc2cccs2)C1,0.923557,Nc1c(F)cccc1C(=O)N(Cc1ccc(O)cc1)C1CCCN(C[C@@H](N)Cc2cccs2)C1,0.806695
COc1ccc(N(Cc2c[nH]c3ccccc23)C2CCCN(CCCN)C2)c(N)c1,0.992753,COc1ccc(N(Cc2c[nH]c3ccccc23)C2CCCN(C(=O)CCN)C2)c(N)c1,0.123568
N[C@@H](CNc1cc(Br)ccc1O)Cc1ccc(O)cc1,0.318186,N[C@H](Cc1ccc(O)cc1)C(=O)Nc1cc(Br)ccc1O,0.030047
Oc1ccc(Br)cc1NCC(CBr)N(CCN1CCCCC1)Cc1c[nH]c2cc(Br)ccc12,0.987167,O=C(CN(Cc1c[nH]c2cc(Br)ccc12)C(CBr)CNc1cc(Br)ccc1O)N1CCCCC1,0.648352
O=C1CN(CC2CCN2C[C@@H](CCNc2cc(F)c(F)cc2O)NCc2c[nH]c3ccc(Br)cc23)C1,0.944612,O=C1CN(C(=O)C2CCN2C[C@@H](CCNc2cc(F)c(F)cc2O)NCc2c[nH]c3ccc(Br)cc23)C1,0.841496
Nc1ccc(CN2CC(CNCCc3c[nH]c4ccc(O)cc34)C2)cc1Br,0.999993,Nc1ccc(CN2CC(C(=O)NCCc3c[nH]c4ccc(O)cc34)C2)cc1Br,0.878432
C[C@H](N)CN(CCCNCc1ccc(F)cc1)CCc1c[nH]c2ccccc12,0.999994,C[C@@H](CN(CCCN)CCc1c[nH]c2ccccc12)NC(=O)c1ccc(F)cc1,0.988166
CCC1N[C@H](CNCCc2ccc(O)cc2)Cc2ccccc21,0.98467,CCC1N[C@H](C(=O)NCCc2ccc(O)cc2)Cc2ccccc21,0.39485
CC[C@H](NC1CCN(CCCN)C1)C(=O)O,0.034755,CC[C@@H](C(=O)O)N(C(=O)CCN)C1CCNC1,0.003264
N[C@H](CCNc1ccc(CN2CCCCC2)cc1O)C(=O)O,0.056033,N[C@H](CC(=O)Nc1ccc(CN2CCCCC2)cc1O)C(=O)O,0.004167
OCC1CCCN(C[C@@H]2CCCN2c2c[nH]cn2)C1,0.122833,O=C([C@@H]1CCCN1c1c[nH]cn1)N1CCCC(CO)C1,0.004573
CNCCN(CCc1ccccc1Br)C[C@@H](NCc1ccc(N)c(Br)c1)[C@@H](C)O,0.879325,CNCC(=O)N(CCc1ccccc1Br)C[C@@H](NCc1ccc(N)c(Br)c1)[C@@H](C)O,0.171279
Oc1ccc(Br)cc1N(CCCNC[C@H]1CCCN1)C[C@H]1CCCN1,0.164844,O=C([C@H]1CCCN1)N(CCCNC[C@H]1CCCN1)c1cc(Br)ccc1O,0.159369
O=CCN1CCC1CN1CCC[C@H]1CN[C@H](Cc1ccc(O)cc1)c1nc2cc(F)ccc2o1,0.973306,O=CC(=O)N(C[C@@H]1CCCN1CC1CCN1)[C@H](Cc1ccc(O)cc1)c1nc2cc(F)ccc2o1,0.858824
Brc1ccccc1CCN(C[C@H]1CCCN1)C1CNC1,0.83445,O=C([C@H]1CCCN1)N(CCc1ccccc1Br)C1CNC1,0.073416
CCC1c2cc(O)ccc2CCN1c1ccc(NC2CCCN(CCCN)C2)cc1,0.976812,CCC1c2cc(O)ccc2CCN1c1ccc(N(C(=O)CCN)C2CCCNC2)cc1,0.320882
C[C@H](N)CN(C[C@H]1CCCN1)c1cccc(Br)c1N,0.059966,C[C@H](N)CN(C(=O)[C@H]1CCCN1)c1cccc(Br)c1N,0.171081
NCCN(c1cccc2cc[nH]c12)C1CCN(Cc2cnccc2N)CC1,0.853256,NCC(=O)N(c1cccc2cc[nH]c12)C1CCN(Cc2cnccc2N)CC1,0.537559
N[C@H](CCN1CCC[C@H]1CNCCc1ccc(O)cc1)C(=O)O,0.952892,N[C@H](CCN1CCC[C@H]1C(=O)NCCc1ccc(O)cc1)C(=O)O,0.396242
Nc1cccc(Br)c1N(CC=O)C1CCN(CCNCCc2c[nH]c3ccccc23)CC1,0.992423,Nc1cccc(Br)c1N(C(=O)C=O)C1CCN(CCNCCc2c[nH]c3ccccc23)CC1,0.964459
NCCCN1CCC(N(c2ccccn2)C2CCC2)C1,0.689648,NCCC(=O)N1CCC(N(c2ccccn2)C2CCC2)C1,0.022277
Nc1cc(Br)ccc1NC[C@@H]1CCCN1,0.046538,Nc1cc(Br)ccc1NC(=O)[C@@H]1CCCN1,0.004118
N[C@@H](CCCNCCc1ccccc1Br)CN(C1CC1)C(CCl)c1ccc(F)cc1F,0.92248,N[C@@H](CCC(=O)NCCc1ccccc1Br)CN(C1CC1)C(CCl)c1ccc(F)cc1F,0.58582
C[C@H](CN1CCCC(=O)C1)NCc1c[nH]c2ccc(Br)cc12,0.774413,C[C@@H](NCc1c[nH]c2ccc(Br)cc12)C(=O)N1CCCC(=O)C1,0.015539
O=C1CN(CC(CBr)N(c2ccc(Br)cc2O)C2CCN(Cc3c[nH]c4ccc(Br)cc34)C2)C1,0.991067,O=C1CN(C(=O)C(CBr)N(c2ccc(Br)cc2O)C2CCN(Cc3c[nH]c4ccc(Br)cc34)C2)C1,0.938662
C=CCN(CCCN)CCc1ccc(O)cc1,0.697198,C=CC(=O)N(CCCN)CCc1ccc(O)cc1,0.121922
O=C(O)C1CCN1CCNc1ccnc2ccccc12,0.014408,O=C(CN1CCC1C(=O)O)Nc1ccnc2ccccc12,0.00058
Nc1ccc(CN[C@@H](CO)C(=O)O)cc1Br,0.006807,N[C@@H](CO)C(=O)Nc1ccc(C(=O)O)cc1Br,0.000486
C[C@@H](N)CN(C[C@H](N)CCCN1CCCCC1)c1ccccc1O,0.483679,C[C@@H](N)CN(C[C@H](N)CCC(=O)N1CCCCC1)c1ccccc1O,0.005584
NCCN(CCc1ccccc1Br)CC1CCN1C[C@@H](N)Cc1c[nH]c2ccccc12,0.963575,NCC(=O)N(CCc1ccccc1Br)CC1CCN1C[C@@H](N)Cc1c[nH]c2ccccc12,0.869057
O=C(CCl)c1ccc(F)cc1N(C[C@@H]1CCCN1CC1CCN1)c1cc(F)ccc1O,0.992846,O=C(CCl)c1ccc(F)cc1N(C[C@@H]1CCCN1C(=O)C1CCN1)c1cc(F)ccc1O,0.292315
N#Cc1cc(Br)cc(NCCN(CCc2c[nH]c3ccccc23)CC(CBr)NCCO)c1,0.942636,N#Cc1cc(Br)cc(NC(=O)CN(CCc2c[nH]c3ccccc23)CC(CBr)NCCO)c1,0.594143
Nc1cccc(Br)c1NC[C@@H]1CCCN1C1CCNC1,0.572693,Nc1c(Br)cccc1NC(=O)[C@@H]1CCCN1C1CCNC1,0.115655
OC[C@H](CNc1cc(Br)ccc1O)NCc1ccc(F)cc1,0.130877,O=C(Nc1cc(Br)ccc1O)[C@@H](CO)NCc1ccc(F)cc1,0.007762
CNCCNC(C)(C)CN1CCCC(Nc2cc(Br)ccc2O)C1,0.570747,CNCC(=O)NC(C)(C)CN1CCCC(Nc2cc(Br)ccc2O)C1,0.481324
O=CCN(Cc1c[nH]c2ccc(Br)cc12)C1CC1,0.112779,O=CC(=O)N(Cc1c[nH]c2ccc(Br)cc12)C1CC1,0.01985
C[C@H](O)CN(CCCN)CCNc1cc(Br)ccc1O,0.13868,C[C@H](O)CN(CCNc1cc(Br)ccc1O)C(=O)CCN,0.034419
COc1ccc(N)c(NCCCN(CC2CCN2)C2CCCNC2)c1,0.370822,COc1ccc(N)c(N(CCCNC2CCCNC2)C(=O)C2CCN2)c1,0.072505
CNCCN(CCCCN)C[C@@H](N)CS,0.042875,CNCC(=O)N(CCCCN)C[C@@H](N)CS,0.00744
C=CCN1CCc2ccc(O)cc2C1CN(c1cc(OC)ccc1N)C1CCCNC1,0.976688,C=CC(=O)N1CCCC(N(CC2NCCc3ccc(O)cc32)c2cc(OC)ccc2N)C1,0.186328
O=CCN(CCCN(CCc1ccncc1)C[C@H]1CCCN1)Cc1c[nH]c2cc(Br)ccc12,0.990014,O=CC(=O)N(CCCN(CCc1ccncc1)C[C@H]1CCCN1)Cc1c[nH]c2cc(Br)ccc12,0.969406
N[C@@H](CCNCCc1c[nH]c2ccccc12)CN(Cc1ccc(F)cc1)C1CC1,0.999987,N[C@@H](CCN(CCc1c[nH]c2ccccc12)C(=O)c1ccc(F)cc1)CNC1CC1,0.654007
Fc1ccc2[nH]cc(CN[C@@H](CCNC3CC3)CN3CCC(Nc4ccc(Br)cc4)C3)c2c1,0.938341,O=C(C[C@@H](CN1CCC(Nc2ccc(Br)cc2)C1)NCc1c[nH]c2ccc(F)cc12)NC1CC1,0.928722
C[C@@H](CN1CCCCC1)NC[C@H](N)Cc1ccc(O)cc1,0.927925,C[C@H](NC[C@H](N)Cc1ccc(O)cc1)C(=O)N1CCCCC1,0.031034
NCCCN1CCC(N(C[C@H](N)CCNc2ccc(Br)cc2O)c2cc(Br)ccc2O)C1,0.911445,NCCC(=O)N(CC[C@@H](N)CN(c1cc(Br)ccc1O)C1CCNC1)c1ccc(Br)cc1O,0.789498
C=CCN(C[C@H](CC)N(C1CCNC1)C(CCl)c1ccc(Cl)c(Cl)c1)c1ccc(Br)cc1,0.915245,C=CC(=O)N(C[C@H](CC)N(C1CCNC1)C(CCl)c1ccc(Cl)c(Cl)c1)c1ccc(Br)cc1,0.760978
NC1(CNCCO)CCC1,0.018669,NC1(C(=O)NCCO)CCC1,0.002186
CNCCN(CCc1ccccc1OC)C1CCNC1,0.727347,CNCC(=O)N(CCc1ccccc1OC)C1CCNC1,0.042978
CC[C@H](N)CN(c1cccc(Br)c1O)C1CCCN(CC=O)C1,0.390363,CC[C@H](N)CN(c1cccc(Br)c1O)C1CCCN(C(=O)C=O)C1,0.002929
COc1ccccc1CCN(Cc1ccc(F)cc1)C1CCCN(CC2(NCc3cccc(F)c3N)CCC2)C1,0.896479,COc1ccccc1CCN(Cc1ccc(F)cc1)C1CCCN(CC2(NC(=O)c3cccc(F)c3N)CCC2)C1,0.907029
NCCCN(CCN1CCc2c(Br)cccc2C1c1c[nH]c2ccc(Br)cc12)C[C@@H]1CCCN1,0.991197,NCCC(=O)N(CCN1CCc2c(Br)cccc2C1c1c[nH]c2ccc(Br)cc12)C[C@@H]1CCCN1,0.937054
N#Cc1ccc(N)c(N(CCCN)C2CCCN(CC3CCN3)C2)c1,0.714687,N#Cc1ccc(N)c(N(C(=O)CCN)C2CCCN(CC3CCN3)C2)c1,0.625242
CNCCN(Cc1ccc(F)cc1)[C@@H](CO)C(=O)OCCCN,0.004666,CNCC(=O)N(Cc1ccc(F)cc1)[C@@H](CO)C(=O)OCCCN,0.003447
Oc1ccc(CCNCC2CCN(Cc3cccc(Br)c3)CC2)cc1,0.999984,O=C(NCCc1ccc(O)cc1)C1CCN(Cc2cccc(Br)c2)CC1,0.356048
C=CCN1CC(N2CCC[C@@H]2CN(CCc2ccccc2Br)c2cccc(N)c2O)C1,0.96448,C=CC(=O)N1CC(N2CCC[C@@H]2CN(CCc2ccccc2Br)c2cccc(N)c2O)C1,0.729533
COc1ccccc1CCN(C[C@H](N)CCNc1cccc2cc[nH]c12)C[C@@H]1CCCN1,0.933993,COc1ccccc1CCN(C[C@H](N)CC(=O)Nc1cccc2cc[nH]c12)C[C@@H]1CCCN1,0.789714
CN(CCCN)CCN(C[C@@H](N)Cc1ccc(O)cc1)c1ccccc1S,0.950599,CN(CCN(C[C@@H](N)Cc1ccc(O)cc1)c1ccccc1S)C(=O)CCN,0.318622
CC[C@@H](CN(CC1CCN1CCO)c1ccc(C#N)cc1N)NCc1ccc(N)c(Br)c1,0.95038,CC[C@@H](CN(CC1CCN1CCO)c1ccc(C#N)cc1N)NC(=O)c1ccc(N)c(Br)c1,0.882353
O=C(O)C1(NCc2cccc(F)c2F)CCC1,0.002908,O=C(NC1(C(=O)O)CCC1)c1cccc(F)c1F,0.00052
NCCCNCCCO,0.022754,NCCC(=O)NCCCO,0.003238
CN(CCCNCc1ccc(N)c(Br)c1)CCN(CCc1ccc(O)cc1)Cc1ccc(F)cc1,0.968063,CN(CCCNC(=O)c1ccc(N)c(Br)c1)CCN(CCc1ccc(O)cc1)Cc1ccc(F)cc1,0.865081
CNCCN1CCC[C@@H]1CN(Cc1ccc(N)c(Br)c1)c1cccc(Br)c1O,0.992666,CNCC(=O)N1CCC[C@@H]1CN(Cc1ccc(N)c(Br)c1)c1cccc(Br)c1O,0.372606
Cc1cc(Br)cnc1NC[C@H](N)CS,0.01675,Cc1cc(Br)cnc1NC(=O)[C@H](N)CS,0.001273
COc1ccccc1CCN(CC1CCN1)C[C@@H](N)CCSC,0.452735,COc1ccccc1CCN(C[C@@H](N)CCSC)C(=O)C1CCN1,0.010465
N[C@H](Cc1c[nH]c2ccccc12)CN(C[C@@H](N)CCN1CCCCC1)c1cc(Br)ccc1O,0.993967,N[C@H](Cc1c[nH]c2ccccc12)CN(C[C@@H](N)CC(=O)N1CCCCC1)c1cc(Br)ccc1O,0.265958
NCCCN(C[C@@H]1CCCN1CC1CCN1)c1ccc(Br)cc1N,0.787064,NCCCN(C[C@@H]1CCCN1C(=O)C1CCN1)c1ccc(Br)cc1N,0.029865
NCCCN(CCN(c1ccccc1O)C1CCCNC1)Cc1cccc(Br)c1,0.996886,NCCC(=O)N(CCN(c1ccccc1O)C1CCCNC1)Cc1cccc(Br)c1,0.584828
C=CCN(C[C@@H](N)CCCN)c1cc(Br)ccc1N,0.039687,C=CC(=O)N(C[C@@H](N)CCCN)c1cc(Br)ccc1N,0.04053
O=C(O)[C@@H](CCNc1cc(Br)ccc1O)N(Cc1ccc(F)cc1)CC1CCN1,0.735048,O=C(O)[C@@H](CCN(C(=O)c1ccc(F)cc1)c1cc(Br)ccc1O)NCC1CCN1,0.581999
OC[C@@H](CN1CC(N(C[C@H]2CCCN2)c2cc(Br)ccc2O)C1)NCc1c[nH]c2ccc(F)cc12,0.984151,O=C([C@H]1CCCN1)N(Cc1c[nH]c2ccc(F)cc12)[C@@H](CO)CN1CC(Nc2cc(Br)ccc2O)C1,0.881417
NCCCN(c1ccc(Br)cc1O)C1CCCN(Cc2c[nH]c3ccccc23)C1,0.995767,NCCC(=O)N(c1ccc(Br)cc1O)C1CCCN(Cc2c[nH]c3ccccc23)C1,0.920284
O=C(O)[C@H](CCCNc1ccccc1O)NCC1CNC1,0.276667,O=C(CC[C@H](NCC1CNC1)C(=O)O)Nc1ccccc1O,0.030432
C[C@@H](CNc1cc(F)c(F)cc1O)NC[C@H](C)NCc1c[nH]c2ccc(Br)cc12,0.573522,C[C@H](NC[C@H](C)NCc1c[nH]c2ccc(Br)cc12)C(=O)Nc1cc(F)c(F)cc1O,0.281033
Oc1ccccc1CNCc1ccc(F)c(F)c1F,0.036317,O=C(NCc1ccccc1O)c1ccc(F)c(F)c1F,0.007064
CC(C)[C@H](N)CN1CC(=O)C1,0.008357,CC(C)[C@H](N)C(=O)N1CC(=O)C1,0.001287
COc1cccc2c1CCN(CCN(C)C[C@@H](N)Cc1cccs1)C2c1cccc(Br)c1,0.97299,COc1cccc2c1CCN(CCN(C)C(=O)[C@@H](N)Cc1cccs1)C2c1cccc(Br)c1,0.518796
NCCCNCCCN(Cc1ccc(F)cc1)C1CC1,0.456305,NCCCN(CCCNC1CC1)C(=O)c1ccc(F)cc1,0.098604
CNCCN(C)CCNC1CC1,0.026624,CNCC(=O)N(C)CCNC1CC1,0.006499
Nc1cccc(Br)c1N(CC1CCN1)C[C@@H]1C[C@@H](O)CN1,0.07067,Nc1cccc(Br)c1N(C[C@@H]1C[C@@H](O)CN1)C(=O)C1CCN1,0.128508
NCCC[C@H](N)CNCCc1ccccc1Br,0.484428,NCCC[C@H](N)C(=O)NCCc1ccccc1Br,0.009561
C=CCN[C@@H](CO)CN1CC(CNCCc2ccc(O)cc2)C1,0.336322,C=CCN[C@@H](CO)CN1CC(C(=O)NCCc2ccc(O)cc2)C1,0.05274
CN(CCN(Cc1c[nH]c2ccc(C#N)cc12)C1CC1)CC1CCN1,0.918782,CN(CCN(Cc1c[nH]c2ccc(C#N)cc12)C1CC1)C(=O)C1CCN1,0.447708
C[C@H](N)CN(CCCN(CCBr)c1cccc2cc[nH]c12)C(CCl)c1ccc(F)cc1F,0.963709,C[C@H](N)CN(CCCN(C(=O)CBr)c1cccc2cc[nH]c12)C(CCl)c1ccc(F)cc1F,0.926895
NCCN1CCCC(N(c2ccc(Br)cc2N)C2CCCN(Cc3c[nH]c4ccc(Br)cc34)C2)C1,0.96491,NCC(=O)N1CCCC(N(c2ccc(Br)cc2N)C2CCCN(Cc3c[nH]c4ccc(Br)cc34)C2)C1,0.884543
COc1ccccc1CCNC[C@@H]1CCCN1CCC[C@@H](N)CNc1cc(F)ccc1O,0.992227,COc1ccccc1CCNC(=O)[C@@H]1CCCN1CCC[C@@H](N)CNc1cc(F)ccc1O,0.95232
N#Cc1ccc(N(C2CN(C[C@@H]3CCCN3)C2)C(CCl)c2ccc(F)cc2)c(N)c1,0.995985,N#Cc1ccc(N(C2CN(C(=O)[C@@H]3CCCN3)C2)C(CCl)c2ccc(F)cc2)c(N)c1,0.404162
Oc1ccc(F)cc1NCC1CN(C[C@@H]2CCCN2C(CCl)c2ccc(Cl)c(Cl)c2)C1,0.937469,O=C(Nc1cc(F)ccc1O)C1CN(C[C@@H]2CCCN2C(CCl)c2ccc(Cl)c(Cl)c2)C1,0.72481
NCCN(c1ccccc1S)C1CCC1,0.037738,NCC(=O)N(c1ccccc1S)C1CCC1,0.026763
C[C@H](N)CN(CCN)C1CC1,0.043461,C[C@H](N)C(=O)N(CCN)C1CC1,0.006157
Nc1ccc(CNc2cc(Br)ccc2OC(=O)C2CN(CC3CCN3)C2)cc1Br,0.932716,Nc1ccc(CN(C(=O)C2CCN2)c2cc(Br)ccc2OC(=O)C2CNC2)cc1Br,0.909186
NCCCN(c1cc(F)ccc1O)C1CN(C2CNC2)C1,0.598349,NCCC(=O)N(c1cc(F)ccc1O)C1CN(C2CNC2)C1,0.577343
NCCN(c1cc(Br)ccc1O)C1CCN(CCCNCCc2c[nH]c3ccc(O)cc23)CC1,0.989757,NCC(=O)N(CCCN1CCC(Nc2cc(Br)ccc2O)CC1)CCc1c[nH]c2ccc(O)cc12,0.965804
Brc1ccc2[nH]cc(CN3CCc4ccccc4C3CN3CCCCC3)c2c1,1.0,O=C(C1c2ccccc2CCN1Cc1c[nH]c2ccc(Br)cc12)N1CCCCC1,0.869782
N[C@H](CCNc1cc(Br)ccc1O)CN1CCC[C@@H]1CN(CC1CCN1)c1ccccc1S,0.913951,N[C@H](CCN(C(=O)C1CCN1)c1cc(Br)ccc1O)CN1CCC[C@@H]1CNc1ccccc1S,0.895095
Sc1ccccc1NC[C@H]1CCCN1,0.22513,O=C(Nc1ccccc1S)[C@H]1CCCN1,0.01582
CC[C@H](N)CN(CCBr)CCc1c[nH]c2ccccc12,0.636034,CC[C@H](N)C(=O)N(CCBr)CCc1c[nH]c2ccccc12,0.072916
CNCCN(C1CCCNC1)C12CC(C1)C2,0.01439,CNCC(=O)N(C1CCCNC1)C12CC(C1)C2,0.005014
COc1ccccc1CCN(CCC[C@H](N)CN1CCCCC1)Cc1c[nH]c2ccc(Br)cc12,0.996162,COc1ccccc1CCN(CCC[C@H](N)C(=O)N1CCCCC1)Cc1c[nH]c2ccc(Br)cc12,0.719116
CC[C@H](N)CN(CCc1ccccc1OC)C(CBr)CN(c1c(N)cccc1Br)C1CCNCC1,0.947483,CC[C@H](N)C(=O)N(CCc1ccccc1OC)C(CBr)CN(c1c(N)cccc1Br)C1CCNCC1,0.335442
N[C@H](CNCCc1ccc(O)cc1)Cc1c[nH]c2ccccc12,0.939099,N[C@@H](Cc1c[nH]c2ccccc12)C(=O)NCCc1ccc(O)cc1,0.065507
Brc1cccc2c1CCN(C1CCNCC1)C2CNC1CC1,0.760828,O=C(NC1CC1)C1c2cccc(Br)c2CCN1C1CCNCC1,0.509669
N[C@@H](Cc1c[nH]c2ccccc12)CN(c1ccc(Br)cc1)C1CN(CC2CCN2)C1,0.999994,N[C@@H](Cc1c[nH]c2ccccc12)CN(c1ccc(Br)cc1)C1CN(C(=O)C2CCN2)C1,0.627392
CNCCN(C[C@H]1CCCN1)c1ccccn1,0.222954,CNCC(=O)N(C[C@H]1CCCN1)c1ccccn1,0.070435
N[C@@H](CCN1CCC[C@@H](O)C1)CN(CCc1c[nH]c2ccccc12)Cc1c[nH]c2ccc(Br)cc12,0.942854,N[C@@H](CC(=O)N1CCC[C@@H](O)C1)CN(CCc1c[nH]c2ccccc12)Cc1c[nH]c2ccc(Br)cc12,0.727572
NCCCN(C[C@H]1CCCN1CCC=O)c1cccc(Br)c1O,0.484999,NCCC(=O)N(C[C@H]1CCCN1CCC=O)c1cccc(Br)c1O,0.756918
N[C@@H](Cc1c[nH]c2ccccc12)CN(CCCNCCBr)c1cc(Br)ccc1O,0.960939,NCCCN(C[C@H](Cc1c[nH]c2ccccc12)NC(=O)CBr)c1cc(Br)ccc1O,0.569836
COc1ccc(NC[C@@H]2CCCN2CC2CCN2)c(NCc2c[nH]c3cc(Br)ccc23)c1,0.972074,COc1ccc(N(C[C@@H]2CCCN2)C(=O)C2CCN2)c(NCc2c[nH]c3cc(Br)ccc23)c1,0.706231
COc1ccccc1CCN(CCCN1CCC[C@@H](O)C1)Cc1ccc(N)c(Br)c1,0.98168,COc1ccccc1CCN(CCCN1CCC[C@@H](O)C1)C(=O)c1ccc(N)c(Br)c1,0.963284
NCCCNCCCNC1CCC1,0.018492,NCCC(=O)NCCCNC1CCC1,0.003927
Oc1ccc(CCNC[C@H]2CCCN2C[C@H](CS)Nc2cccnc2F)cc1,0.980621,O=C(NCCc1ccc(O)cc1)[C@H]1CCCN1C[C@H](CS)Nc1cccnc1F,0.488315
N[C@@H](CS)CNCCc1c[nH]c2ccccc12,0.884838,N[C@@H](CS)C(=O)NCCc1c[nH]c2ccccc12,0.027293
COc1ccccc1CCNCc1c(N)cccc1Br,0.140575,COc1ccccc1CCNC(=O)c1c(N)cccc1Br,0.004391
Nc1c(F)cccc1CN(c1ccc(Br)cc1)C1CN(CCC=O)C1,0.899846,Nc1c(F)cccc1C(=O)N(c1ccc(Br)cc1)C1CN(CCC=O)C1,0.632075
COc1ccccc1CCNC[C@@H](C)O,0.091222,COc1ccccc1CCNC(=O)[C@@H](C)O,0.000452
O=C(CCl)c1ccc(F)cc1N(c1cc(Br)ccc1O)C1CN(CC2CCNCC2)C1,0.9783,O=C(CCl)c1ccc(F)cc1N(c1cc(Br)ccc1O)C1CN(C(=O)C2CCNCC2)C1,0.285756
OC[C@@H]1CCCN1CC1(NCc2cccnc2)CCC1,0.696068,O=C(N1CCC[C@H]1CO)C1(NCc2cccnc2)CCC1,0.014239
COc1ccccc1CCNC[C@H]1CCCN1C1CCCNC1,0.593661,COc1ccccc1CCNC(=O)[C@H]1CCCN1C1CCCNC1,0.278107
Brc1ccccc1CCNCCNCCc1c[nH]c2ccccc12,0.740312,O=C(CNCCc1ccccc1Br)NCCc1c[nH]c2ccccc12,0.321094
N[C@@H](CCCNCCc1ccccc1Br)CNc1cccc2cc[nH]c12,0.695704,N[C@@H](CCC(=O)NCCc1ccccc1Br)CNc1cccc2cc[nH]c12,0.05558
N[C@H](CS)CN1CCCC(=O)C1,0.017678,N[C@H](CS)C(=O)N1CCCC(=O)C1,0.002017
Oc1ccc(Br)cc1NCC(CBr)NCCc1c[nH]c2ccccc12,0.625335,O=C(Nc1cc(Br)ccc1O)C(CBr)NCCc1c[nH]c2ccccc12,0.156864
O=C(O)CCN(C[C@H]1CCCN1)c1ccc(Br)cc1,0.002944,O=C(O)CCN(C(=O)[C@H]1CCCN1)c1ccc(Br)cc1,0.01893
CC[C@H](N)CN(C)CCN(c1cc(Br)ccc1O)C1CCN(Cc2c[nH]c3cc(Br)ccc23)CC1,0.995951,CC[C@H](N)C(=O)N(C)CCN(c1cc(Br)ccc1O)C1CCN(Cc2c[nH]c3cc(Br)ccc23)CC1,0.964975
Brc1ccc2c(CN3CCC[C@@H]3CNCCc3ccccc3Br)c[nH]c2c1,0.996716,O=C(NCCc1ccccc1Br)[C@H]1CCCN1Cc1c[nH]c2cc(Br)ccc12,0.868851
C#Cc1ccc2c(C3c4cccc(OC)c4CCN3CCCNCCCN)c[nH]c2c1,0.99417,C#Cc1ccc2c(C3c4cccc(OC)c4CCN3CCCNC(=O)CCN)c[nH]c2c1,0.901097
CCCN(CCCN)[C@@H](CNc1cc(Br)ccc1O)Cc1ccc(O)cc1,0.986659,CCCN(CCCN)[C@H](Cc1ccc(O)cc1)C(=O)Nc1cc(Br)ccc1O,0.910738
C=CCN1CCC(N(Cc2c[nH]c3ccc(Br)cc23)[C@H](CNc2ccnc3ccccc23)[C@@H](C)CC)CC1,0.888327,C=CC(=O)N(C[C@H]([C@@H](C)CC)N(Cc1c[nH]c2ccc(Br)cc12)C1CCNCC1)c1ccnc2ccccc12,0.365301
BrCCN(Cc1c[nH]c2ccc(Br)cc12)c1c(Br)cccc1NC1CCCN(C[C@@H]2CCCN2)C1,0.963974,O=C(CBr)N(Cc1c[nH]c2ccc(Br)cc12)c1c(Br)cccc1NC1CCCN(C[C@@H]2CCCN2)C1,0.946271
N[C@@H](CS)CN(CC1CCN1)c1cccnc1Br,0.034742,N[C@@H](CS)CN(C(=O)C1CCN1)c1cccnc1Br,0.073675
Nc1c(F)cccc1CN1CCC(Nc2cc(Br)ccc2O)C1,0.556937,Nc1c(F)cccc1C(=O)N(c1cc(Br)ccc1O)C1CCNC1,0.631221
Nc1ccc(CNc2ccc(Br)cc2NCC2CN(C3CNC3)C2)cc1Br,0.862327,Nc1ccc(C(=O)Nc2ccc(Br)cc2NCC2CN(C3CNC3)C2)cc1Br,0.862505
C#CCNCCN,0.020525,C#CCNC(=O)CN,0.002977
NCCCN1CCC[C@H]1CN(CC1(N)CCC1)c1cccc(Br)c1O,0.727679,NCCC(=O)N1CCC[C@H]1CN(CC1(N)CCC1)c1cccc(Br)c1O,0.02507
N[C@H](CNc1cccc(Br)c1N(CC1CNC1)CC1CCN1)Cc1c[nH]c2ccccc12,0.723782,N[C@@H](Cc1c[nH]c2ccccc12)C(=O)Nc1cccc(Br)c1N(CC1CNC1)CC1CCN1,0.322243
CC[C@H](N)CN(c1ccc(CN(CCc2c[nH]c3ccccc23)C[C@H](N)CS)cc1Br)C1CCC1,0.946121,CC[C@H](N)C(=O)N(c1ccc(CN(CCc2c[nH]c3ccccc23)C[C@H](N)CS)cc1Br)C1CCC1,0.772639
NCCN(c1ccc(Br)cc1NCc1c[nH]c2ccc(I)cc12)C1CCCNC1,0.944571,NCC(=O)N(Cc1c[nH]c2ccc(I)cc12)c1cc(Br)ccc1NC1CCCNC1,0.936654
C[C@@H](C(=O)O)N(C[C@@H]1CCCN1)C(CCl)c1ccc(F)cc1,0.035847,C[C@@H](C(=O)O)N(C(=O)[C@@H]1CCCN1)C(CCl)c1ccc(F)cc1,0.005014
NC1(CNC2CC2)CCC1,0.019197,NC1(C(=O)NC2CC2)CCC1,0.003269
NCCCN(CCc1c[nH]c2ccccc12)CC[C@H](N)CNCCc1ccc(O)cc1,0.99522,NCCCN(CCc1c[nH]c2ccccc12)CC[C@H](N)C(=O)NCCc1ccc(O)cc1,0.970828
N[C@H](CCCNCCc1ccccc1Br)CN1CC(=O)C1,0.459754,N[C@H](CCC(=O)NCCc1ccccc1Br)CN1CC(=O)C1,0.023073
NC1(CN2CCC(Nc3ccccc3CNCCc3c[nH]c4ccccc34)CC2)CCC1,0.96412,NC1(CN2CCC(Nc3ccccc3C(=O)NCCc3c[nH]c4ccccc34)CC2)CCC1,0.903843
CN(CCN1CCC[C@H]1CNc1ccc(Br)cc1)Cc1c[nH]c2ccc(Br)cc12,0.989765,CN(CCN1CCC[C@H]1C(=O)Nc1ccc(Br)cc1)Cc1c[nH]c2ccc(Br)cc12,0.899371
CCCN[C@H](CCN1CCC1CNCc1ccc(O)cc1)CNc1cc(Br)ccc1O,0.960561,CCCN[C@H](CCN1CCC1CNCc1ccc(O)cc1)C(=O)Nc1cc(Br)ccc1O,0.898479
CC[C@@H](CN(CCc1c[nH]c2ccccc12)CC1CCN1CCBr)Nc1cccnc1F,0.966767,CC[C@@H](CN(CCc1c[nH]c2ccccc12)CC1CCN1)N(C(=O)CBr)c1cccnc1F,0.958386
NC1(CN[C@@H](Cc2ccc(O)cc2)CN2CCC2C(=O)O)CCC1,0.592238,NC1(CN(C(=O)C2CCN2)[C@@H](Cc2ccc(O)cc2)C(=O)O)CCC1,0.048512
N[C@@H](CCCNC1CCC1)CN1CCc2ccc(O)cc2C1c1ccnc(Br)c1,0.987463,N[C@@H](CCC(=O)NC1CCC1)CN1CCc2ccc(O)cc2C1c1ccnc(Br)c1,0.903075
Oc1cc(Br)ccc1N(C[C@@H]1CCCN1)C(CCl)c1ccc(F)cc1,0.710078,O=C([C@@H]1CCCN1)N(c1ccc(Br)cc1O)C(CCl)c1ccc(F)cc1,0.165979
N[C@@H](Cc1c[nH]c2ccccc12)CN1CCC[C@@H]1CNc1cc(F)ccc1O,0.983072,N[C@@H](Cc1c[nH]c2ccccc12)CN1CCC[C@@H]1C(=O)Nc1cc(F)ccc1O,0.858089
Cc1ccccc1-c1cc(CN(CC=O)[C@@H](Cc2c[nH]c3ccccc23)CN2CCCCC2)ccc1N,0.990706,Cc1ccccc1-c1cc(CN(C(=O)C=O)[C@@H](Cc2c[nH]c3ccccc23)CN2CCCCC2)ccc1N,0.924001
Nc1ccc(CN2CCC2CN(CC2(N)CCC2)c2cccc3cc[nH]c23)cc1Br,0.988345,Nc1ccc(C(=O)N2CCC2CN(CC2(N)CCC2)c2cccc3cc[nH]c23)cc1Br,0.390746
N[C@H](Cc1c[nH]c2ccccc12)CN1CCC[C@H]1CN(CCNC1CCC1)c1cc(Br)ccc1O,0.986616,N[C@H](Cc1c[nH]c2ccccc12)CN1CCC[C@H]1CN(CC(=O)NC1CCC1)c1cc(Br)ccc1O,0.974315
C[C@H](NCC1c2ccccc2CCN1C[C@@H](N)CO)c1ccccc1,0.372797,C[C@H](NC(=O)C1c2ccccc2CCN1C[C@@H](N)CO)c1ccccc1,0.026708
CC[C@H](C)[C@@H](C(=O)O)N(Cc1ccc(F)cc1)C[C@@H](C)N,0.001959,CC[C@H](C)[C@@H](C(=O)O)N(Cc1ccc(F)cc1)C(=O)[C@@H](C)N,0.001437
Nc1cc(CN2CCC(C(=O)O)CC2)ccc1O,0.092769,Nc1cc(C(=O)N2CCC(C(=O)O)CC2)ccc1O,0.004029
NCCc1ccccc1N(CCCN1CCC[C@@H]1CNC1CC1)Cc1c[nH]c2cc(Br)ccc12,0.997267,NCCc1ccccc1N(CCCN1CCC[C@@H]1C(=O)NC1CC1)Cc1c[nH]c2cc(Br)ccc12,0.99502
c1ccc2c(CCN(CC3CCN3)C3CNC3)c[nH]c2c1,0.976734,O=C(C1CCN1)N(CCc1c[nH]c2ccccc12)C1CNC1,0.46828
CC[C@H](N)CN1CCc2c(Br)cccc2C1CCNCc1cccc(OC)c1,0.994622,CC[C@H](N)C(=O)N(CCC1NCCc2c(Br)cccc21)Cc1cccc(OC)c1,0.220813
O=C(O)[C@H](CCNC1CC1)NCc1ccc(F)cc1,0.033531,O=C(C[C@H](NCc1ccc(F)cc1)C(=O)O)NC1CC1,0.00169
Brc1ccccc1CCNC[C@@H]1CCCN1Cc1c[nH]c2ccccc12,0.982299,O=C(NCCc1ccccc1Br)[C@@H]1CCCN1Cc1c[nH]c2ccccc12,0.452126
C=CCN(CCC[C@H](CN1CC(=O)C1)NCc1ccc(F)cc1)c1cccc2cc[nH]c12,0.984689,C=CC(=O)N(CCC[C@H](CN1CC(=O)C1)NCc1ccc(F)cc1)c1cccc2cc[nH]c12,0.888761
c1ccc(CCN(CC2CCN2)CC2CCN2)cc1,0.445627,O=C(C1CCN1)N(CCc1ccccc1)CC1CCN1,0.055001
Brc1cccc(CN2CCC(N(C[C@@H]3CCCNC3)c3cccc4cc[nH]c34)CC2)c1,0.992576,O=C([C@@H]1CCCNC1)N(c1cccc2cc[nH]c12)C1CCN(Cc2cccc(Br)c2)CC1,0.912501
C[C@H](N)CN(CCc1c[nH]c2ccccc12)CC1CN(Cc2c(N)cccc2Br)C1,0.878052,C[C@H](N)C(=O)N(CCc1c[nH]c2ccccc12)CC1CN(Cc2c(N)cccc2Br)C1,0.579368
Nc1cc(Br)ccc1NC[C@@H](N)CO,0.0201,Nc1cc(Br)ccc1NC(=O)[C@@H](N)CO,0.001123
O=C(O)C1c2cccc(Br)c2CCN1Cc1cccc(F)c1F,0.155974,O=C(O)C1c2cccc(Br)c2CCN1C(=O)c1cccc(F)c1F,0.00301
COc1cccc2c1CCNC2CN1CCC(=O)CC1,0.800087,COc1cccc2c1CCNC2C(=O)N1CCC(=O)CC1,0.026617
CCCN(Cc1ccc(N)c(Br)c1)[C@@H](CO)CN(CCNC)C1CC1,0.526841,CCCN(Cc1ccc(N)c(Br)c1)[C@@H](CO)CN(C(=O)CNC)C1CC1,0.28957
Nc1c(Br)cccc1N(C[C@H]1CCCN1)CC1(N)CCC1,0.094905,Nc1c(Br)cccc1N(C[C@H]1CCCN1)C(=O)C1(N)CCC1,0.113209
NCCN(CCc1ccncc1)C[C@@H](CS)N(CC=O)Cc1c[nH]c2cc(Br)ccc12,0.955107,NCCN(CCc1ccncc1)C[C@@H](CS)N(Cc1c[nH]c2cc(Br)ccc12)C(=O)C=O,0.784871
CCCN(CCCCN)C[C@@H](N)CCCN,0.10072,CCCN(CCCCN)C(=O)[C@@H](N)CCCN,0.006164
CN(CCNc1cc(Br)ccc1N)CC1CCNCC1,0.27914,CN(CC(=O)Nc1cc(Br)ccc1N)CC1CCNCC1,0.038138
CNCCN(c1ccc(Br)cc1O)c1c(F)cccc1CN1CCC(=O)C1,0.748629,CNCC(=O)N(c1ccc(Br)cc1O)c1c(F)cccc1CN1CCC(=O)C1,0.595246
C=CCN(CC1CCN1CCNC[C@H](N)Cc1c[nH]c2ccccc12)c1cc(Br)ccc1O,0.994654,C=CC(=O)N(CC1CCN1CCNC[C@H](N)Cc1c[nH]c2ccccc12)c1cc(Br)ccc1O,0.989352
N[C@@H](CO)CNCCc1ccc(O)cc1,0.821716,N[C@@H](CO)C(=O)NCCc1ccc(O)cc1,0.014183
C[C@H](CN1CC(Nc2cccc3cc[nH]c23)C1)N(Cc1cccc(F)c1N)C[C@@H](N)CS,0.744023,C[C@H](CN1CC(N(C(=O)[C@@H](N)CS)c2cccc3cc[nH]c23)C1)NCc1cccc(F)c1N,0.518994
O=CCCN1CCC[C@H]1CNc1cccc(Br)c1O,0.247211,O=CCCN1CCC[C@H]1C(=O)Nc1cccc(Br)c1O,0.019756
CC[C@H](N)CN(CCCN(CCC=O)Cc1c[nH]c2ccc(Br)cc12)c1ccc(Br)cc1N,0.987952,CC[C@H](N)C(=O)N(CCCN(CCC=O)Cc1c[nH]c2ccc(Br)cc12)c1ccc(Br)cc1N,0.978634
COc1cccc2c1CCN(CCN(C)c1c(CN3CCCCC3)ccc(F)c1F)C2c1cccc(Br)c1,0.976647,COc1cccc2c1CCN(CCN(C)c1c(C(=O)N3CCCCC3)ccc(F)c1F)C2c1cccc(Br)c1,0.674524
C=CCN1CC(=O)C1,0.00638,C=CC(=O)N1CC(=O)C1,0.001521
COc1cccc(CN(Cc2cccc(F)c2N)C2CCN(CCCNC3CC3)C2)c1,0.956967,COc1cccc(CN(C(=O)c2cccc(F)c2N)C2CCN(CCCNC3CC3)C2)c1,0.916697
NC1(CNCCc2c[nH]c3ccc(O)cc23)CCC1,0.996593,NC1(C(=O)NCCc2c[nH]c3ccc(O)cc23)CCC1,0.557855
COc1cccc(CNCCCNCCNCCc2ccccc2OC)c1,0.916758,COc1cccc(CNC(=O)CCNCCNCCc2ccccc2OC)c1,0.693898
Nc1cccc(Br)c1NCc1ccc(NC2CCN(CC3CCN3)CC2)c(Br)c1,0.832613,Nc1c(Br)cccc1NC(=O)c1ccc(NC2CCN(CC3CCN3)CC2)c(Br)c1,0.851216
O=C1CCN(C[C@H]2CCCNC2)CC1,0.040168,O=C1CCN(C(=O)[C@H]2CCCNC2)CC1,0.003292
CNCCN(CCC[C@H](N)CNc1ccc(Br)cc1)CCc1c[nH]c2ccccc12,0.988992,CNCC(=O)N(CCC[C@H](N)CNc1ccc(Br)cc1)CCc1c[nH]c2ccccc12,0.394481
N[C@@H](CCCN1CCCCC1)CN(Cc1ccc(F)cc1)c1cccc2cc[nH]c12,0.999989,N[C@@H](CCCN1CCCCC1)CN(C(=O)c1ccc(F)cc1)c1cccc2cc[nH]c12,0.995689
C[C@@H](N)CN(CC1CCN1C[C@@H]1CCCN1)c1ccc(Br)cc1,0.43371,C[C@@H](N)CN(CC1CCN1C(=O)[C@@H]1CCCN1)c1ccc(Br)cc1,0.01769
Nc1ccc(CN(c2ccccc2O)C2CCCN(CC3CCN3)C2)cc1Br,0.999982,Nc1ccc(CN(c2ccccc2O)C2CCCN(C(=O)C3CCN3)C2)cc1Br,0.27706
COc1cccc2c1CCNC2CCN1CCC[C@@H](CN(CCBr)c2cccc3cc[nH]c23)C1,0.993207,COc1cccc2c1CCN(C(=O)CBr)C2CCN1CCC[C@@H](CNc2cccc3cc[nH]c23)C1,0.977406
Oc1ccc(Br)cc1NCCCNC12CC(C1)C2,0.24101,O=C(CCNc1cc(Br)ccc1O)NC12CC(C1)C2,0.017782
COc1ccc(O)c(NCC[C@@H](N)C(=O)O)c1,0.01693,COc1ccc(O)c(NC(=O)C[C@@H](N)C(=O)O)c1,0.001427
COc1ccccc1CCN(CCCN)C[C@H](N)CCCNc1cc(F)ccc1O,0.994326,COc1ccccc1CCN(CCCN)C[C@H](N)CCC(=O)Nc1cc(F)ccc1O,0.91186
COc1cccc(CN(CC=O)C[C@@H](C)O)c1,0.000676,COc1cccc(CN(C[C@@H](C)O)C(=O)C=O)c1,0.00021
N#Cc1ccc(N)c(N(CC[C@@H](N)C(=O)O)C2CCCN(Cc3c[nH]c4ccc(Br)cc34)C2)c1,0.952457,N#Cc1ccc(N)c(N(C(=O)C[C@@H](N)C(=O)O)C2CCCN(Cc3c[nH]c4ccc(Br)cc34)C2)c1,0.567799
COc1cccc2c1CCNC2CCN(CC1CCN1CCN)c1cccc(Br)c1N,0.999986,COc1cccc2c1CCN(C(=O)CN)C2CCN(CC1CCN1)c1cccc(Br)c1N,0.742961
C[C@@H](CN(c1cc(Br)ccc1O)C1CCN(CCBr)C1)NCc1c[nH]c2ccc(Br)cc12,0.995418,C[C@@H](CN(c1cc(Br)ccc1O)C1CCN(C(=O)CBr)C1)NCc1c[nH]c2ccc(Br)cc12,0.671818
NCCCN(CCCO)Cc1cccc(Br)c1,0.049963,NCCC(=O)N(CCCO)Cc1cccc(Br)c1,0.002782
COc1ccc(O)c(NC[C@@H](N)CCN(CC2(N)CCC2)C2CC2)c1,0.560333,COc1ccc(O)c(NC(=O)[C@@H](N)CCN(CC2(N)CCC2)C2CC2)c1,0.157837
CNCCN(c1cccc(Br)c1N)C(CBr)C(=O)O,0.008134,CN(CC(=O)O)C(=O)C(CBr)Nc1cccc(Br)c1N,0.000913
CN(CCN(Cc1c[nH]c2ccc(C#N)cc12)c1ccccc1S)C1CCCN(CCBr)C1,0.999987,CN(CCN(Cc1c[nH]c2ccc(C#N)cc12)c1ccccc1S)C1CCCN(C(=O)CBr)C1,0.839181
O=C(CO)Oc1ccc(F)cc1NCC1CCN1CC1CCN1,0.227809,O=C(CO)Oc1ccc(F)cc1N(CC1CCN1)C(=O)C1CCN1,0.025525
O=C1CCCN(C[C@@H](Cc2c[nH]c3ccccc23)NC(CCl)c2ccc(F)cc2)C1,0.991805,O=C1CCCN(C(=O)[C@@H](Cc2c[nH]c3ccccc23)NC(CCl)c2ccc(F)cc2)C1,0.147511
C=CCNC[C@@H](N)Cc1c[nH]c2ccccc12,0.792896,C=CCNC(=O)[C@@H](N)Cc1c[nH]c2ccccc12,0.049167
C[C@H](N)CN(CC1CCN(Cc2c[nH]c3cc(Br)ccc23)CC1)c1cc(Br)ccc1N,0.971041,C[C@H](N)C(=O)N(CC1CCN(Cc2c[nH]c3cc(Br)ccc23)CC1)c1cc(Br)ccc1N,0.976453
CC[C@H](N)CN1CC(N(C[C@@H](N)CO)c2cc(F)ccc2O)C1,0.232046,CC[C@H](N)C(=O)N1CC(N(C[C@@H](N)CO)c2cc(F)ccc2O)C1,0.022556
Nc1ccc(CN2CC(=O)C2)cc1Br,0.005552,Nc1ccc(C(=O)N2CC(=O)C2)cc1Br,0.000462
CNCCN(CC=O)[C@@H](CCNCCc1ccncc1)CNCCc1c[nH]c2ccccc12,0.660577,CN(CCN[C@@H](CCNCCc1ccncc1)CNCCc1c[nH]c2ccccc12)C(=O)C=O,0.183746
O=C1CCCN(Cc2c[nH]c3ccc(N(C[C@@H]4CCCN4)c4cc(F)ccc4O)cc23)C1,0.97377,O=C1CCCN(Cc2c[nH]c3ccc(N(C(=O)[C@@H]4CCCN4)c4cc(F)ccc4O)cc23)C1,0.9124
OC[C@H](CNCCc1ccc(O)cc1)N(Cc1cccc(Br)c1)C1CCNC1,0.976974,O=C(NCCc1ccc(O)cc1)[C@@H](CO)N(Cc1cccc(Br)c1)C1CCNC1,0.784348
Nc1ccc(CN(Cc2ccc(O)cc2)C[C@H]2CCCN2)cc1Br,0.903328,Nc1ccc(C(=O)N(Cc2ccc(O)cc2)C[C@H]2CCCN2)cc1Br,0.629606
CNCCN(CCBr)C1CC1,0.037436,CNCC(=O)N(CCBr)C1CC1,0.007319
c1cc(NCC2CN(CC3CCN3)C2)c2[nH]ccc2c1,0.49292,O=C(C1CCN1)N(CC1CNC1)c1cccc2cc[nH]c12,0.507617
CC[C@@H](CNc1cc(C#N)ccc1O)NCCCN,0.2447,CC[C@H](NCCCN)C(=O)Nc1cc(C#N)ccc1O,0.032556
C1CC(N(CC2CCN2)C23CC(C2)C3)CN1,0.019627,O=C(C1CCN1)N(C1CCNC1)C12CC(C1)C2,0.00389
Nc1ccc(CNc2cc(CN3CCCC(=O)C3)ccc2O)cc1Br,0.667752,Nc1ccc(C(=O)Nc2cc(CN3CCCC(=O)C3)ccc2O)cc1Br,0.221192
NCCN(CCc1ccccc1)CC1CCN1,0.509127,NCCN(CCc1ccccc1)C(=O)C1CCN1,0.060064
CNCCN(CCc1c[nH]c2ccccc12)C1CCN(c2ccc(O)c(N)c2)C1,0.985082,CNCC(=O)N(CCc1c[nH]c2ccccc12)C1CCN(c2ccc(O)c(N)c2)C1,0.576761
Nc1cc(CNC2(CNC3CC3)CCC2)ccc1O,0.431246,Nc1cc(CNC2(C(=O)NC3CC3)CCC2)ccc1O,0.046386
COc1ccccc1CCNCC1(NCCBr)CCC1,0.455437,COc1ccccc1CCNC(=O)C1(NCCBr)CCC1,0.016629
COc1ccccc1CCNCCC[C@H](N)CN1CCCC(Nc2cc(Br)ccc2O)C1,0.98357,COc1ccccc1CCNC(=O)CC[C@H](N)CN1CCCC(Nc2cc(Br)ccc2O)C1,0.816815
N#Cc1ccc(NCCCNCc2c[nH]c3cc(Br)ccc23)c(N)c1,0.391285,N#Cc1ccc(N)c(NC(=O)CCNCc2c[nH]c3cc(Br)ccc23)c1,0.05118
N[C@H](CN1C[C@H](O)C[C@H]1CNc1cccc2cc[nH]c12)c1ccccc1,0.337378,N[C@H](CN1C[C@H](O)C[C@H]1C(=O)Nc1cccc2cc[nH]c12)c1ccccc1,0.019737
COc1ccccc1CCN(CCC=O)Cc1cccc(F)c1F,0.854537,COc1ccccc1CCN(CCC=O)C(=O)c1cccc(F)c1F,0.013862
N[C@@H](CS)CNc1cccc(Br)c1O,0.024677,N[C@@H](CS)C(=O)Nc1cccc(Br)c1O,0.001348
C#CCN(CC(=O)CBr)c1ccc2c(C=O)c[nH]c2c1,0.0106,C#CCN(C(=O)C(=O)CBr)c1ccc2c(C=O)c[nH]c2c1,0.016641
NCCCN1CCCC(NC2(CN(c3ccccn3)C(CCl)c3ccc(F)cc3)CCC2)C1,0.995476,NCCC(=O)N(C1CCCNC1)C1(CN(c2ccccn2)C(CCl)c2ccc(F)cc2)CCC1,0.246818
O=C1CN(C[C@@H](Cc2c[nH]c3ccccc23)N(Cc2cccc(Br)c2)CC2CNC2)C1,0.973197,O=C1CN(C(=O)[C@@H](Cc2c[nH]c3ccccc23)N(Cc2cccc(Br)c2)CC2CNC2)C1,0.743256
Fc1cccc(CN2CCCCC2)c1N(CCc1c[nH]c2ccccc12)C[C@@H]1CCCN1,0.969818,O=C([C@@H]1CCCN1)N(CCc1c[nH]c2ccccc12)c1c(F)cccc1CN1CCCCC1,0.950754
C[C@@H](N)CNc1ccccc1O,0.09138,C[C@@H](N)C(=O)Nc1ccccc1O,0.002798
CC[C@H](N)CN(C[C@@H]1CCCN1)[C@@H](CC)C(=O)O,0.016899,CC[C@H](N)CN(C(=O)[C@@H]1CCCN1)[C@@H](CC)C(=O)O,0.002778
N#Cc1ccc(NCc2cccc(Br)c2)c(N(CC2CCN2)C2CNC2)c1,0.90997,N#Cc1ccc(N(Cc2cccc(Br)c2)C(=O)C2CCN2)c(NC2CNC2)c1,0.820841
Oc1ccc(CCNCCCNCC2CCN2)cc1,0.772211,O=C(CCNCC1CCN1)NCCc1ccc(O)cc1,0.381929
C=CCN(CCCNC1CCCN(Cc2c[nH]c3ccc(Br)cc23)C1)CCc1ccc(O)cc1,0.994962,C=CC(=O)N(CCCNC1CCCN(Cc2c[nH]c3ccc(Br)cc23)C1)CCc1ccc(O)cc1,0.934335
CC[C@@H](CNc1cccc(Br)c1O)N(CCC=O)C(C)CCl,0.093422,CC[C@@H](C(=O)Nc1cccc(Br)c1O)N(CCC=O)C(C)CCl,0.009065
O=CCN(CCBr)[C@H](Cc1ccc(O)cc1)CN(Cc1c[nH]c2ccc(Br)cc12)C1CC1,0.99734,O=CC(=O)N(CCBr)[C@H](Cc1ccc(O)cc1)CN(Cc1c[nH]c2ccc(Br)cc12)C1CC1,0.864546
CNCCNC12CC(C1)C2,0.024115,CNCC(=O)NC12CC(C1)C2,0.004391
C[C@H](CNc1ccc(Br)cc1)N(Cc1ccc(N)c(Br)c1)C1CCNCC1,0.804564,C[C@H](CN(C(=O)c1ccc(N)c(Br)c1)c1ccc(Br)cc1)NC1CCNCC1,0.71927
O=C(CBr)CNc1cccnc1Br,0.00263,O=C(CBr)C(=O)Nc1cccnc1Br,0.000315
N[C@H](Cc1c[nH]c2ccccc12)CN(C[C@@H]1CCCN1C[C@H]1CCCN1)c1cc(F)ccc1O,0.994169,N[C@H](Cc1c[nH]c2ccccc12)CN(C[C@@H]1CCCN1C(=O)[C@H]1CCCN1)c1cc(F)ccc1O,0.527391
N[C@@H](CCN1C[C@H](O)C[C@H]1C(=O)O)CNc1cc(F)ccc1O,0.035581,N[C@@H](CC(=O)O)CN(C(=O)[C@@H]1C[C@@H](O)CN1)c1cc(F)ccc1O,0.032721
Nc1c(Br)cccc1N(CC=O)C[C@H](N)CC(=O)O,0.002434,Nc1c(Br)cccc1N(C[C@H](N)CC(=O)O)C(=O)C=O,0.001316
COc1ccc(O)c(N(CCCN)C[C@@H](C)N)c1,0.057038,COc1ccc(O)c(N(C[C@@H](C)N)C(=O)CCN)c1,0.039639
N[C@H](CN[C@@H](CCNc1ccc(Br)cc1)CN1CC(=O)C1)Cc1c[nH]c2ccccc12,0.923141,N[C@@H](Cc1c[nH]c2ccccc12)C(=O)N[C@@H](CCNc1ccc(Br)cc1)CN1CC(=O)C1,0.708162
C=CCN(CCCNc1ccc(OC)cc1N)Cc1c[nH]c2ccc(Br)cc12,0.953907,C=CCN(CCC(=O)Nc1cc(OC)ccc1N)Cc1c[nH]c2ccc(Br)cc12,0.506641
N[C@@H](Cc1ccc(O)cc1)CN1CCC[C@@H]1C(=O)O,0.218925,N[C@@H](Cc1ccc(O)cc1)C(=O)N1CCC[C@@H]1C(=O)O,0.032292
Fc1ccc(CN2CCCC(NCCNc3ccc(Br)cc3)C2)cc1,0.86891,O=C(c1ccc(F)cc1)N(CCNC1CCCNC1)c1ccc(Br)cc1,0.394684
O=C1CCCN(CC(CBr)N(c2ccnc3ccccc23)C2CCCN(Cc3ccc(F)cc3)C2)C1,0.962533,O=C1CCCN(CC(CBr)N(c2ccnc3ccccc23)C2CCCN(C(=O)c3ccc(F)cc3)C2)C1,0.880886
CN(CCNc1cc(Br)cc(C#N)c1)CC(=O)CBr,0.011848,CN(CC(=O)CBr)CC(=O)Nc1cc(Br)cc(C#N)c1,0.00067
N[C@@H](CCNCCc1ccc(O)cc1)CNCCc1c[nH]c2ccccc12,0.98206,N[C@H](CNCCc1c[nH]c2ccccc12)CC(=O)NCCc1ccc(O)cc1,0.808166
C[C@@H](CNCCc1c[nH]c2ccccc12)NC1CCNC1,0.756239,C[C@H](NC1CCNC1)C(=O)NCCc1c[nH]c2ccccc12,0.249138
COc1ccccc1CN(CCCN(CCN)c1cccc(Br)c1N)CC(=O)O,0.696017,COc1ccccc1CN(CCCN(C(=O)CN)c1cccc(Br)c1N)CC(=O)O,0.359009
COc1ccc(O)c(N(Cc2c[nH]c3ccc(Br)cc23)C[C@H](CS)NCCCN)c1,0.946243,COc1ccc(O)c(N(Cc2c[nH]c3ccc(Br)cc23)C[C@H](CS)NC(=O)CCN)c1,0.475386
Sc1ccccc1NCC1CCN1CC1CCNCC1,0.704693,O=C(Nc1ccccc1S)C1CCN1CC1CCNCC1,0.099876
O=CCN1CCC(CNc2cccc3cc[nH]c23)CC1,0.115707,O=CC(=O)N(CC1CCNCC1)c1cccc2cc[nH]c12,0.070053
Brc1ccc(NC[C@H](Cc2c[nH]c3ccccc23)NCC2CNC2)cc1,0.688406,O=C(N[C@H](CNc1ccc(Br)cc1)Cc1c[nH]c2ccccc12)C1CNC1,0.245481
Oc1cc(Br)ccc1NC[C@H]1CCCN1Cc1c[nH]c2ccc(F)cc12,0.946783,O=C(Nc1ccc(Br)cc1O)[C@H]1CCCN1Cc1c[nH]c2ccc(F)cc12,0.463967
Nc1ccc(CNC2CCC2)cc1Br,0.060485,Nc1ccc(C(=O)NC2CCC2)cc1Br,0.008306
NCCN1CCc2c(Br)cccc2C1CCN1CCC[C@@H]1c1nc2cc(F)c(F)cc2o1,0.982878,NCC(=O)N1CCc2c(Br)cccc2C1CCN1CCC[C@@H]1c1nc2cc(F)c(F)cc2o1,0.948278
Oc1cccc(CNCCCN(c2cccc(Br)c2O)C2CCNCC2)c1,0.952989,O=C(CCN(c1cccc(Br)c1O)C1CCNCC1)NCc1cccc(O)c1,0.69828
C[C@H](N)CN(CC[C@H](N)CNc1ccc(Br)cc1)C1CC1,0.382277,C[C@H](N)C(=O)N(CC[C@H](N)CNc1ccc(Br)cc1)C1CC1,0.036228
CC[C@@H](CNC1CC1)NCC1CCN1,0.021617,CC[C@H](NCC1CCN1)C(=O)NC1CC1,0.006787
NCCCN(CCCN)c1cc(F)ccc1O,0.124142,NCCCN(C(=O)CCN)c1cc(F)ccc1O,0.153596
COc1ccc(O)c(N(CC2CN(CCCN)C2)C[C@H](N)CS)c1,0.091323,COc1ccc(O)c(N(CC2CN(C(=O)CCN)C2)C[C@H](N)CS)c1,0.008037
C[C@H](CNc1ccccc1O)NC1CCNCC1,0.42091,C[C@@H](NC1CCNCC1)C(=O)Nc1ccccc1O,0.055917
Fc1ccc(CNc2cc(Cl)ccc2NC2CCCN(CC3CCN3)C2)cc1,0.9172,O=C(Nc1cc(Cl)ccc1NC1CCCN(CC2CCN2)C1)c1ccc(F)cc1,0.88277
CN(CCNC1CC1)c1c(F)cccc1CN1CC(=O)C1,0.066816,CN(CC(=O)NC1CC1)c1c(F)cccc1CN1CC(=O)C1,0.006902
NCCN1CCC(N2CCC2CNc2cccc(Br)c2N)C1,0.387463,NCCN1CCC(N2CCC2C(=O)Nc2c(N)cccc2Br)C1,0.140897
CNCCN1CCCC(N(CCNC)c2cccc3cc[nH]c23)C1,0.723207,CNCC(=O)N(C)CCN1CCCC(Nc2cccc3cc[nH]c23)C1,0.5
NCCCN(C(CCl)c1ccc(Cl)c(Cl)c1)C1(CNc2ccc(Br)cc2)CCC1,0.800375,NCCCN(C(CCl)c1ccc(Cl)c(Cl)c1)C1(C(=O)Nc2ccc(Br)cc2)CCC1,0.281394
COc1ccccc1CCNC[C@H](CCC(=O)O)NC[C@@H]1CCCN1,0.169638,COc1ccccc1CCNC(=O)CC[C@H](NC[C@@H]1CCCN1)C(=O)O,0.025159
CC[C@@H](CN(CC=O)c1cc(Br)cc(C#N)c1)N(Cc1ccccc1CCl)C1CCCNC1,0.881535,CC[C@@H](CN(C(=O)C=O)c1cc(Br)cc(C#N)c1)N(Cc1ccccc1CCl)C1CCCNC1,0.442615
COc1ccccc1CCN(Cc1ccc(F)cc1)C1CCN(C[C@H]2CCCN(c3cc(Br)ccn3)C2)CC1,0.923926,COc1ccccc1CCN(C(=O)c1ccc(F)cc1)C1CCN(C[C@H]2CCCN(c3cc(Br)ccn3)C2)CC1,0.719125
NCCCN1CCC(NCCc2ccccc2Br)CC1,0.788903,NCCC(=O)N(CCc1ccccc1Br)C1CCNCC1,0.032883
C[C@H](CN(C1CCC1)C12CC(C1)C2)N(Cc1ccc(N)c(Br)c1)C[C@@H](N)Cc1c[nH]c2ccccc12,0.928399,C[C@H](CN(C1CCC1)C12CC(C1)C2)N(Cc1ccc(N)c(Br)c1)C(=O)[C@@H](N)Cc1c[nH]c2ccccc12,0.623469
CCC1c2cccc(Br)c2CCN1CC1(N(Cc2cccc(F)c2F)Cc2c[nH]c3cc(Br)ccc23)CCC1,0.761927,CCC1c2cccc(Br)c2CCN1CC1(N(Cc2c[nH]c3cc(Br)ccc23)C(=O)c2cccc(F)c2F)CCC1,0.644378
NCCC[C@H](N)CN(CCc1ccc(O)cc1)C1CCCN(Cc2ccc(F)cc2)C1,0.946964,NCCC[C@H](N)CN(CCc1ccc(O)cc1)C1CCCN(C(=O)c2ccc(F)cc2)C1,0.82458
N[C@H](CCCNc1cc(Br)ccc1O)CN1CCCCC1,0.769559,N[C@H](CCC(=O)Nc1cc(Br)ccc1O)CN1CCCCC1,0.206668
COc1ccccc1CCN(Cc1cccc(F)c1N)C[C@@H](CS)N(CCN)C[C@H](N)Cc1c[nH]c2ccccc12,0.822642,COc1ccccc1CCN(Cc1cccc(F)c1N)C[C@@H](CS)N(C[C@H](N)Cc1c[nH]c2ccccc12)C(=O)CN,0.489242
C=CCN(CC1CCN1CC(CBr)NCCc1c[nH]c2ccccc12)c1cc(Br)ccc1O,0.99687,C=CC(=O)N(CC1CCN1CC(CBr)NCCc1c[nH]c2ccccc12)c1cc(Br)ccc1O,0.990896
CNCCN1CCCC(N(c2ccc(Br)cc2)C2CCC2)C1,0.557583,CNCC(=O)N1CCCC(N(c2ccc(Br)cc2)C2CCC2)C1,0.005497
Oc1ccc2[nH]cc(CCNCCN(C3CCC3)C(CCl)c3ccc(F)cc3F)c2c1,0.999995,O=C(CN(C1CCC1)C(CCl)c1ccc(F)cc1F)NCCc1c[nH]c2ccc(O)cc12,0.966245
Nc1c(Br)cccc1N(Cc1c[nH]c2cc(Br)ccc12)C1CCN(C[C@H]2CCCN2)C1,0.999985,Nc1c(Br)cccc1N(Cc1c[nH]c2cc(Br)ccc12)C1CCN(C(=O)[C@H]2CCCN2)C1,0.612817
NCCN1CC(N(CCN)CCc2cn(Cc3cccc(F)c3)c3ccccc23)C1,0.926041,NCCN(CCc1cn(Cc2cccc(F)c2)c2ccccc12)C1CN(C(=O)CN)C1,0.839024
N[C@H](CCN1CCC(C(=O)O)CC1)CNc1cc(F)ccc1O,0.535852,N[C@H](CCN1CCC(C(=O)Nc2cc(F)ccc2O)CC1)C(=O)O,0.032864
CN(CCN(CCN)c1ccc(Br)cc1)CCN(C)C(CCl)c1ccc(Cl)c(Cl)c1,0.975364,CN(CCN(C(=O)CN)c1ccc(Br)cc1)CCN(C)C(CCl)c1ccc(Cl)c(Cl)c1,0.974368
NCCCN[C@H](Cc1c[nH]c2ccccc12)CN1CCCCC1,0.798232,NCCCN[C@H](Cc1c[nH]c2ccccc12)C(=O)N1CCCCC1,0.033681
C[C@H](N)CN(C[C@H]1CCCN1)c1cc(F)ccc1O,0.13205,C[C@H](N)CN(C(=O)[C@H]1CCCN1)c1cc(F)ccc1O,0.207435
CNCCN(CCc1ccccc1Br)Cc1cccc(-c2ccnc(F)c2)c1,0.918379,CNCC(=O)N(CCc1ccccc1Br)Cc1cccc(-c2ccnc(F)c2)c1,0.061006
NCCCCN(CCCN)C(CCl)c1ccc(Br)cc1,0.403976,NCCCCN(C(=O)CCN)C(CCl)c1ccc(Br)cc1,0.037586
CCCN(CCCNCc1ccc(F)c(F)c1F)CCc1c[nH]c2ccccc12,0.996053,CCCN(CCCNC(=O)c1ccc(F)c(F)c1F)CCc1c[nH]c2ccccc12,0.96683
Oc1c(Br)cccc1N(Cc1c[nH]c2cc(Br)ccc12)CC1CCN1C1CN(CC2CNC2)C1,0.992197,O=C(C1CNC1)N1CC(N2CCC2CN(Cc2c[nH]c3cc(Br)ccc23)c2cccc(Br)c2O)C1,0.950446
BrCCN1CCC[C@H]1CNc1cccc2cc[nH]c12,0.477026,O=C(Nc1cccc2cc[nH]c12)[C@@H]1CCCN1CCBr,0.038925
C[C@@H](O)[C@H](N)CN(CCc1ccccc1Br)C[C@H](N)CCCN(CC=O)c1cccc2cc[nH]c12,0.73195,C[C@@H](O)[C@H](N)CN(CCc1ccccc1Br)C[C@H](N)CCCN(C(=O)C=O)c1cccc2cc[nH]c12,0.437553
c1cc(NCC2CCN2C2CCNCC2)c2[nH]ccc2c1,0.77797,O=C(Nc1cccc2cc[nH]c12)C1CCN1C1CCNCC1,0.24938
COc1ccccc1CCN(Cc1ccc(F)cc1)C[C@@H](N)CCCN,0.987256,COc1ccccc1CCN(C[C@@H](N)CCCN)C(=O)c1ccc(F)cc1,0.218121
N#Cc1cc(N)cc(N2CCC[C@@H]2CN2CCCCC2)c1,0.516402,N#Cc1cc(N)cc(N2CCC[C@@H]2C(=O)N2CCCCC2)c1,0.002217
C=CCN(CC1CNC1)c1cc(OC)ccc1O,0.11601,C=CC(=O)N(CC1CNC1)c1cc(OC)ccc1O,0.017429
CC[C@H](NC[C@H](N)CCNCCc1ccccc1OC)C(=O)O,0.228893,CC[C@H](NC[C@H](N)CC(=O)NCCc1ccccc1OC)C(=O)O,0.015003
COc1ccccc1CCN(Cc1cc[nH]n1)C1CCN(C[C@@H](NCc2ccc(F)cc2)[C@@H](C)O)C1,0.912465,COc1ccccc1CCN(C(=O)c1cc[nH]n1)C1CCN(C[C@@H](NCc2ccc(F)cc2)[C@@H](C)O)C1,0.755309
Fc1cccc(CN(CCc2ccccc2Br)C2CN(C3CNC3)C2)c1F,0.972259,O=C(c1cccc(F)c1F)N(CCc1ccccc1Br)C1CN(C2CNC2)C1,0.896695
N[C@H](CCN1CCC(Nc2ccc(Br)cc2)CC1)CN(CC1CCN1)c1cc(F)c(F)cc1O,0.833945,N[C@H](CCN1CCC(N(C(=O)C2CCN2)c2ccc(Br)cc2)CC1)CNc1cc(F)c(F)cc1O,0.894782
CNCCN(CCc1ccccc1Br)C[C@@H](N)CCCN,0.482967,CNCC(=O)N(CCc1ccccc1Br)C[C@@H](N)CCCN,0.064368
COc1cccc2c1CCNC2CN1CCC[C@@H]1CNc1cccc2cc[nH]c12,0.995407,COc1cccc2c1CCNC2CN1CCC[C@@H]1C(=O)Nc1cccc2cc[nH]c12,0.947574
N[C@@H](Cc1c[nH]c2ccccc12)CN(CCCNCCCNC1CC1)c1ccc(Br)cc1,0.867784,N[C@@H](Cc1c[nH]c2ccccc12)C(=O)N(CCCNCCCNC1CC1)c1ccc(Br)cc1,0.673105
Nc1ccccc1CN1CCC[C@@H]1C(=O)O,0.00919,Nc1ccccc1C(=O)N1CCC[C@@H]1C(=O)O,0.000736
NCCCN1CCC(N2CCC[C@@H]2CN(c2ccc(Br)cc2)C(CCl)c2ccc(Cl)c(Cl)c2)C1,0.979618,NCCC(=O)N1CCC(N2CCC[C@@H]2CN(c2ccc(Br)cc2)C(CCl)c2ccc(Cl)c(Cl)c2)C1,0.843809
Nc1c(O)cccc1CN1CC(N2CC(N(Cc3ccc(O)cc3)Cc3c[nH]c4cc(Br)ccc34)C2)C1,0.488802,Nc1c(O)cccc1C(=O)N1CC(N2CC(N(Cc3ccc(O)cc3)Cc3c[nH]c4cc(Br)ccc34)C2)C1,0.660621
O=C(CCl)c1ccc(F)cc1N[C@H](CO)CNCCc1ccccc1Br,0.31664,O=C(CCl)c1ccc(F)cc1N[C@H](CO)C(=O)NCCc1ccccc1Br,0.001961
C[C@@H](O)[C@H](N)CN(c1ccc(Br)cc1)C1CCCN(CC2CCN2Cc2ccc(F)cc2)C1,0.972062,C[C@@H](O)[C@H](N)CN(c1ccc(Br)cc1)C1CCCN(CC2CCN2C(=O)c2ccc(F)cc2)C1,0.970077
CC[C@H](N)C(=O)OC[C@H]1CCCN1CC1CCN1Cc1ccc(N)c(O)c1,0.304776,CC[C@H](N)C(=O)OC[C@H]1CCCN1CC1CCN1C(=O)c1ccc(N)c(O)c1,0.183345
Nc1ccc(CN2CCC2CN(CC2CCN(CCBr)CC2)c2cccc(Br)c2O)cc1Br,0.980446,Nc1ccc(CN2CCC2CN(CC2CCN(C(=O)CBr)CC2)c2cccc(Br)c2O)cc1Br,0.753695
CNCCN(CCCNCC1CCN1Cc1ccc(N)c(Br)c1)c1cc(Br)cc(C#N)c1,0.982667,CNCC(=O)N(CCCNCC1CCN1Cc1ccc(N)c(Br)c1)c1cc(Br)cc(C#N)c1,0.895534
COc1ccccc1CCNCCC[C@H](N)CN1CCCCC1,0.879445,COc1ccccc1CCNCCC[C@H](N)C(=O)N1CCCCC1,0.009906
C[C@@H](N)CN(CCc1ccccc1Br)Cc1ccc(N(CC=O)CCN)c(Br)c1,0.835383,C[C@@H](N)CN(CCc1ccccc1Br)Cc1ccc(N(CC=O)C(=O)CN)c(Br)c1,0.648326
Sc1ccccc1NC[C@H]1CCCNC1,0.513299,O=C(Nc1ccccc1S)[C@H]1CCCNC1,0.031692
C#CCNC[C@H]1CCCN1C[C@H]1Cc2ccc(O)cc2C(c2c[nH]c3ccc(Br)cc23)N1,0.997128,C#CCNC(=O)[C@H]1CCCN1C[C@H]1Cc2ccc(O)cc2C(c2c[nH]c3ccc(Br)cc23)N1,0.983557
C[C@@H](N)CN1CCC1CN(CCN)c1ccccn1,0.361434,C[C@@H](N)CN1CCC1CN(C(=O)CN)c1ccccn1,0.225686
C[C@H](NCCN(C)CCNc1ccc(Br)cc1O)C(=O)O,0.034508,C[C@H](NC(=O)CN(C)CCNc1ccc(Br)cc1O)C(=O)O,0.005359
C[C@H](N)CN(CCN)CCCO,0.028972,C[C@H](N)CN(CCCO)C(=O)CN,0.006701
COc1ccc(O)c(NCC2CCN2CC2CCN2)c1,0.860117,COc1ccc(O)c(N(CC2CCN2)C(=O)C2CCN2)c1,0.138052
Oc1ccccc1NCC1CN(C[C@@H]2CCCN2)C1,0.373463,O=C(Nc1ccccc1O)C1CN(C[C@@H]2CCCN2)C1,0.025152
N#Cc1cc(Br)cc(NCCCNC2CNC2)c1,0.302591,N#Cc1cc(Br)cc(NC(=O)CCNC2CNC2)c1,0.050553
COc1ccc(O)c(NC[C@@H](N)CCN(CCc2c[nH]c3ccccc23)C[C@@H](C)N)c1,0.951362,COc1ccc(O)c(N(C[C@@H](N)CCNCCc2c[nH]c3ccccc23)C(=O)[C@@H](C)N)c1,0.665533
CC[C@H](N)CN1CCC(N(C)CCNCCc2ccccc2)C1,0.246057,CC[C@H](N)CN1CCC(N(C)CC(=O)NCCc2ccccc2)C1,0.03152
C=CCN(CCCCN(CCN)Cc1ccc(F)cc1)Cc1c[nH]c2ccc(Br)cc12,0.990535,C=CCN(CCCCN(Cc1ccc(F)cc1)C(=O)CN)Cc1c[nH]c2ccc(Br)cc12,0.979484
O=C1CN(Cc2ccc(NCc3cccc(Br)c3)c(Br)c2)C1,0.24946,O=C1CN(C(=O)c2ccc(NCc3cccc(Br)c3)c(Br)c2)C1,0.000769
N[C@H](CCCNc1ccc(Br)cc1)CN1CCC(=O)C1,0.156416,N[C@H](CCC(=O)Nc1ccc(Br)cc1)CN1CCC(=O)C1,0.005829
N[C@@H](CCNCC(=O)O)C(=O)O,0.006114,NCC(=O)N[C@@H](CC(=O)O)C(=O)O,0.002726
Oc1ccc(CCN(C[C@H]2CCCN2)C(CCl)c2ccc(F)cc2F)cc1,0.990391,O=C([C@H]1CCCN1)N(CCc1ccc(O)cc1)C(CCl)c1ccc(F)cc1F,0.639989
CCC1c2cccc(OC)c2CCN1CC[C@@H](N)CN(CC=O)c1cc(F)ccc1O,0.994695,CCC1c2cccc(OC)c2CCN1CC[C@@H](N)CN(C(=O)C=O)c1cc(F)ccc1O,0.963536
N[C@H](CO)CN1CCC1CNc1c(Br)cccc1N(Cc1c[nH]c2ccc(Br)cc12)CC1CCN1,0.953139,N[C@H](CO)C(=O)N(CC1CCN1)c1c(Br)cccc1N(Cc1c[nH]c2ccc(Br)cc12)CC1CCN1,0.581781
NCCCN(c1ccccc1O)C(CBr)CNC1CC1,0.211214,NCCC(=O)N(CC(CBr)Nc1ccccc1O)C1CC1,0.035946
C[C@H](O)CN(Cc1ccccc1NCC1CCN1)C[C@@H](C)N,0.024925,C[C@H](O)CN(Cc1ccccc1N)C[C@@H](C)NC(=O)C1CCN1,0.012722
COc1cccc(CNC[C@H](C)N(CCCN)Cc2c[nH]c3ccccc23)c1,0.964765,COc1cccc(CN(C[C@H](C)NCc2c[nH]c3ccccc23)C(=O)CCN)c1,0.126597
NCCCN(Cc1c[nH]c2cc(Br)ccc12)[C@@H](CO)CNc1cc(Br)ccc1N,0.882891,NCCC(=O)N(C[C@H](CO)NCc1c[nH]c2cc(Br)ccc12)c1cc(Br)ccc1N,0.532392
Cc1cc(F)ccc1-c1ccnc(N2CCC(N(CCO)C3CC3)C2)c1,0.754753,Cc1cc(F)ccc1-c1ccnc(N2CCC(N(C(=O)CO)C3CC3)C2)c1,0.017835
Oc1ccc(F)cc1N(Cc1ccc(F)cc1)C[C@H]1CCCN1C[C@@H]1CCCN1,0.995947,O=C(c1ccc(F)cc1)N(C[C@H]1CCCN1C[C@@H]1CCCN1)c1cc(F)ccc1O,0.997036
Fc1cccc(CN2CCCC(N(CC3CCN3)c3ccccn3)C2)c1F,0.962252,O=C(c1cccc(F)c1F)N1CCC1CN(c1ccccn1)C1CCCNC1,0.486699
Nc1cccc(Br)c1NC[C@@H](N)CCCNCCc1c[nH]c2ccccc12,0.744698,Nc1cccc(Br)c1NC[C@@H](N)CCC(=O)NCCc1c[nH]c2ccccc12,0.13108
NCCN(c1ccc(Br)cc1)C1CN(Cc2c[nH]c3ccccc23)C1,0.965123,NCC(=O)N(c1ccc(Br)cc1)C1CN(Cc2c[nH]c3ccccc23)C1,0.647499
O=C(O)CNCCN1CCC(=O)CC1,0.010749,O=C(O)CNCC(=O)N1CCC(=O)CC1,0.002858
Brc1ccc(N(CC2CCN2)C[C@@H]2CCCN2)cc1,0.056843,O=C([C@@H]1CCCN1)N(CC1CCN1)c1ccc(Br)cc1,0.281836
COc1cccc(CNC[C@@H](N)CCN2CCC[C@@H]2CNCCc2ccc(O)cc2)c1,0.983453,COc1cccc(CNC[C@@H](N)CCN2CCC[C@@H]2C(=O)NCCc2ccc(O)cc2)c1,0.815086
N[C@H](CC(=O)O)CN1CCCC(=O)C1,0.010307,N[C@H](CC(=O)N1CCCC(=O)C1)C(=O)O,0.001308
CN(CCBr)CCN(Cc1c[nH]c2ccccc12)c1ccc(CNC2CCC2)cc1Br,0.995222,CN(CCN(Cc1c[nH]c2ccccc12)c1ccc(CNC2CCC2)cc1Br)C(=O)CBr,0.344964
COc1ccccc1CCN(C[C@H](N)CO)C[C@@H](N)Cc1c[nH]c2ccccc12,0.846613,COc1ccccc1CCN(C[C@H](N)CO)C(=O)[C@@H](N)Cc1c[nH]c2ccccc12,0.128184
C[C@@H](O)[C@@H](N)CN(CC1CCN1)c1cc(F)ccc1O,0.080296,C[C@@H](O)[C@@H](N)CN(C(=O)C1CCN1)c1cc(F)ccc1O,0.106945
O=C1CCCN(CCCNC2CC2)C1,0.029535,O=C1CCCN(CCC(=O)NC2CC2)C1,0.008999
N[C@H](CS)CNCCCO,0.016582,N[C@H](CS)C(=O)NCCCO,0.002942
CN(CCC=O)CCNc1ccc(Br)cc1O,0.024789,CN(CCC=O)CC(=O)Nc1ccc(Br)cc1O,0.000482
NC1(CN2CCC[C@H]2CN2CCC[C@H]2C(=O)O)CCC1,0.023833,NC1(CN2CCC[C@H]2C(=O)N2CCC[C@H]2C(=O)O)CCC1,0.006767
Sc1ccccc1NC[C@H]1CCCN1C1CNC1,0.797143,O=C(Nc1ccccc1S)[C@H]1CCCN1C1CNC1,0.189341
N[C@H](CCCN(CCNc1cc(Br)ccc1O)CCc1c[nH]c2ccc(O)cc12)CN1CCCCC1,0.907754,N[C@H](CCCN(CCNc1cc(Br)ccc1O)CCc1c[nH]c2ccc(O)cc12)C(=O)N1CCCCC1,0.76542
Brc1ncccc1CN1CCC(CNC2CC2)CC1,0.255219,O=C(NC1CC1)C1CCN(Cc2cccnc2Br)CC1,0.029345
N[C@H](CCCN(CC1CCN1)c1ccc(C(=O)O)cc1Br)C(=O)O,0.008372,N[C@H](CCCN(C(=O)C1CCN1)c1ccc(C(=O)O)cc1Br)C(=O)O,0.003704
NCCN1CC(N2CCC[C@@H]2CN(Cc2c[nH]c3ccc(F)cc23)c2c(N)cccc2Br)C1,0.994398,NCC(=O)N1CC(N2CCC[C@@H]2CN(Cc2c[nH]c3ccc(F)cc23)c2c(N)cccc2Br)C1,0.970484
O=CCCN(c1ccc(Br)cc1)C1CCN(CC2CCN2)CC1,0.5,O=CCCN(c1ccc(Br)cc1)C1CCN(C(=O)C2CCN2)CC1,0.007811
C[C@H](CN(Cc1ccc(F)cc1)C12CC(C1)C2)NCCNc1ccc(Br)cc1,0.754964,C[C@H](CN(Cc1ccc(F)cc1)C12CC(C1)C2)NCC(=O)Nc1ccc(Br)cc1,0.254669
C[C@H](O)CN(C[C@H]1CCCN1CC1CCN1)c1ccccn1,0.669976,C[C@H](O)CN(C[C@H]1CCCN1C(=O)C1CCN1)c1ccccn1,0.01089
CNCCNCCCNCc1ccc(O)cc1,0.741391,CNCC(=O)NCCCNCc1ccc(O)cc1,0.250224
COc1cccc(CNC[C@@H]2CCCN2C[C@@H](C)O)c1,0.433235,COc1cccc(CN(C[C@@H]2CCCN2)C(=O)[C@@H](C)O)c1,0.007372
CNCCNc1ccc(C(=O)O)cc1Br,0.021746,CNCC(=O)Nc1ccc(C(=O)O)cc1Br,0.002202
CC[C@H](N)CN1CC(N2CCC2CNc2ccccc2O)C1,0.41322,CC[C@H](N)CN1CC(N2CCC2C(=O)Nc2ccccc2O)C1,0.059512
C[C@@H](O)CNc1ccccc1O,0.026753,C[C@@H](O)C(=O)Nc1ccccc1O,0.000856
Nc1cc(Br)ccc1N(C[C@@H](N)Cc1ccccc1)C1CCN(C[C@H]2CCCN2)C1,0.978242,Nc1cc(Br)ccc1N(C[C@@H](N)Cc1ccccc1)C1CCN(C(=O)[C@H]2CCCN2)C1,0.135339
N[C@H](CC(=O)O)CN(C[C@@H]1CCCN1)c1ccnc2ccccc12,0.090892,N[C@@H](CNc1ccnc2ccccc12)CC(=O)N1CCC[C@H]1C(=O)O,0.005895
O=C(O)c1ccc(NCC2CCN2C2CCNC2)c(Br)c1,0.217732,O=C(O)c1ccc(NC(=O)C2CCN2C2CCNC2)c(Br)c1,0.020175
C[C@@H](CN1CCC(N(Cc2cccc(F)c2N)c2ccnc3ccccc23)C1)NCCCN,0.945166,C[C@@H](CN1CCC(N(C(=O)c2cccc(F)c2N)c2ccnc3ccccc23)C1)NCCCN,0.762188
CCCNc1ccc(CN2CCC[C@@H]2C(=O)O)cc1Br,0.020562,CCCN(C(=O)[C@H]1CCCN1)c1ccc(C(=O)O)cc1Br,0.008973
CNCCN(CCc1ccccc1Br)C[C@H](N)Cc1ccc(O)cc1,0.970984,CNCC(=O)N(CCc1ccccc1Br)C[C@H](N)Cc1ccc(O)cc1,0.417924
CN(CCCNc1cc(Br)ccc1O)CCNCCc1ccccc1Br,0.980651,CN(CCNCCc1ccccc1Br)CCC(=O)Nc1cc(Br)ccc1O,0.599165
COc1cccc(CN(C[C@H]2CCCN2)C2CCNC2)c1,0.302685,COc1cccc(CN(C(=O)[C@H]2CCCN2)C2CCNC2)c1,0.023333
COc1ccc(O)c(N(CC2CCN2C[C@@H](N)Cc2cccs2)C[C@@H]2CCCN2Cc2ccc(N)c(Br)c2)c1,0.935642,COc1ccc(O)c(N(CC2CCN2C[C@@H](N)Cc2cccs2)C[C@@H]2CCCN2C(=O)c2ccc(N)c(Br)c2)c1,0.646652
NCCN1CCc2c(cccc2N2CCCC(=O)C2)C1c1c[nH]c2cc(Br)ccc12,0.999988,NCC(=O)N1CCc2c(cccc2N2CCCC(=O)C2)C1c1c[nH]c2cc(Br)ccc12,0.478825
CC[C@@H](CN(CCc1ccncc1)Cc1cccnc1F)NC1CCCNC1,0.788539,CC[C@@H](CN(CCc1ccncc1)C(=O)c1cccnc1F)NC1CCCNC1,0.15916
O=C(O)c1ccc(O)c(N(Cc2cccc(Br)c2)CC2CCN2)c1,0.396795,O=C(O)C1CCN1C(=O)c1ccc(O)c(NCc2cccc(Br)c2)c1,0.001976
CN(CC=O)CCN(C)CCNc1cc(F)ccc1O,0.084198,CN(CC=O)CCN(C)CC(=O)Nc1cc(F)ccc1O,0.0068
CN(CCNc1cc(F)c(F)cc1O)Cc1cccc(O)c1NC1CNC1,0.877896,CN(CC(=O)Nc1cc(F)c(F)cc1O)Cc1cccc(O)c1NC1CNC1,0.578915
NCCN(CC1CCN1)c1c(F)cccc1C(=O)O,0.016536,NCCN(C(=O)C1CCN1)c1c(F)cccc1C(=O)O,0.010039
CSCC[C@@H](N)CN1CC(=O)C1,0.010691,CSCC[C@@H](N)C(=O)N1CC(=O)C1,0.001558
c1ccc(NCC2CNC2)nc1,0.101016,O=C(Nc1ccccn1)C1CNC1,0.008824
NCCN[C@H](CS)CN(Cc1c[nH]c2cc(Br)ccc12)c1ccc(Br)cc1O,0.924907,NCC(=O)N[C@H](CS)CN(Cc1c[nH]c2cc(Br)ccc12)c1ccc(Br)cc1O,0.431515
NCCN(Cc1c[nH]c2ccc(Br)cc12)[C@@H](CS)C(=O)O,0.05995,NCC(=O)N(Cc1c[nH]c2ccc(Br)cc12)[C@@H](CS)C(=O)O,0.035248
COc1ccccc1CCNCCCNCCc1ccccc1OC,0.802484,COc1ccccc1CCNCCC(=O)NCCc1ccccc1OC,0.277076
Nc1ccc(Br)cc1N(Cc1ccc(F)cc1)C1CNC1,0.317368,Nc1ccc(Br)cc1N(C(=O)c1ccc(F)cc1)C1CNC1,0.138492
N[C@@H](CCNc1cccc2cc[nH]c12)C(=O)O,0.039422,N[C@@H](CC(=O)Nc1cccc2cc[nH]c12)C(=O)O,0.002692
N#Cc1ccc(O)c(N(CC2CNC2)c2cc(F)ccc2C(=O)CCl)c1,0.432452,N#Cc1ccc(O)c(N(C(=O)C2CNC2)c2cc(F)ccc2C(=O)CCl)c1,0.177673
CNCCN(CCNCCc1ccccc1Br)c1ccc(Br)cc1O,0.982226,CNCCN(CC(=O)NCCc1ccccc1Br)c1ccc(Br)cc1O,0.233239
CC[C@H](N)CN1CCC[C@H]1CN(Cc1ccc(N)c(Br)c1)c1cc(Br)ccc1N,0.965821,CC[C@H](N)C(=O)N1CCC[C@H]1CN(Cc1ccc(N)c(Br)c1)c1cc(Br)ccc1N,0.196838
NC1(CN2CCC(Nc3cc(Br)ccc3O)C2)CCC1,0.522703,NC1(C(=O)N(c2cc(Br)ccc2O)C2CCNC2)CCC1,0.076708
CNCCN1CCC(CNc2cc(Br)ccc2O)CC1,0.322795,CNCC(=O)N(CC1CCNCC1)c1cc(Br)ccc1O,0.173017
CNCCN(C)CCN1C[C@H](O)C[C@H]1CNc1cccc(Br)c1N,0.126689,CNCC(=O)N(C)CCN1C[C@H](O)C[C@H]1CNc1cccc(Br)c1N,0.133168
C[C@@H](CNc1ccc(Br)cc1)N(Cc1c[nH]c2cc(Br)ccc12)C[C@@H](CO)NC1CNC1,0.863406,C[C@@H](C(=O)Nc1ccc(Br)cc1)N(Cc1c[nH]c2cc(Br)ccc12)C[C@@H](CO)NC1CNC1,0.690609
C[C@@H](N)CN1CCC(N(CCCN)c2cc(Br)cc(C#N)c2)CC1,0.589912,C[C@@H](N)CN1CCC(N(C(=O)CCN)c2cc(Br)cc(C#N)c2)CC1,0.605493
C[C@@H](N)CN(CC1CCN1)c1cc(F)ccc1O,0.100454,C[C@@H](N)CN(C(=O)C1CCN1)c1cc(F)ccc1O,0.128293
N[C@H](CCN1CC(=O)C1)C(=O)O,0.007317,N[C@H](CC(=O)N1CC(=O)C1)C(=O)O,0.001451
N[C@@H](CN1CCC1CN1CCCC(Nc2ccccc2O)C1)c1ccccc1,0.604207,N[C@@H](C(=O)N(c1ccccc1O)C1CCCN(CC2CCN2)C1)c1ccccc1,0.512373
COc1ccccc1CCN(CC=O)C[C@H](C)NC1CCCN(C(CCl)c2ccc(F)cc2)C1,0.962227,COc1ccccc1CCN(C[C@H](C)NC1CCCN(C(CCl)c2ccc(F)cc2)C1)C(=O)C=O,0.654518
O=CCN1CCCC(N(CC2CCN2)c2cc(F)ccc2O)C1,0.624515,O=CC(=O)N1CCC1CN(c1cc(F)ccc1O)C1CCCNC1,0.044043
O=C1CCN(c2ccc(NCC3CCN3)cc2)C1,0.005708,O=C1CCN(c2ccc(NC(=O)C3CCN3)cc2)C1,0.000714
N[C@@H](CCNc1cccc(Br)c1O)CN(CC1CCN1)c1ccccc1O,0.653621,N[C@@H](CCN(C(=O)C1CCN1)c1cccc(Br)c1O)CNc1ccccc1O,0.5995
OC[C@H](CN(CCc1c[nH]c2ccccc12)CC1CCN1)NCc1cccc(Br)c1,0.985594,O=C(C1CCN1)N(CCc1c[nH]c2ccccc12)C[C@@H](CO)NCc1cccc(Br)c1,0.467575
OCCCNC1CCN(Cc2ccc(F)cc2)C1,0.046337,O=C(c1ccc(F)cc1)N(CCCO)C1CCNC1,0.012337
N[C@H](Cc1c[nH]c2ccccc12)CN(C[C@@H]1CCCN1CCBr)c1ccccc1S,0.986515,N[C@H](Cc1c[nH]c2ccccc12)CN(C[C@@H]1CCCN1C(=O)CBr)c1ccccc1S,0.293931
N[C@@H](CCC(=O)O)CN1CCCC(CO)C1,0.021573,N[C@@H](CCC(=O)N1CCCC(CO)C1)C(=O)O,0.001767
CN(CCNc1ccc(Br)cc1)Cc1cccc(F)c1N,0.290757,CN(CC(=O)Nc1ccc(Br)cc1)Cc1cccc(F)c1N,0.007741
N#Cc1cc(Br)cc(NC[C@@H](N)CCN2CCC(C(=O)O)CC2)c1,0.552594,N#Cc1cc(Br)cc(NC(=O)C2CCN(CC[C@H](N)C(=O)O)CC2)c1,0.045968
C[C@H](N)CN1CCC(Nc2cc(Br)ccc2N(Cc2c[nH]c3ccc(C#N)cc23)C[C@H]2CCCN2)C1,0.919628,C[C@H](N)C(=O)N(c1cc(Br)ccc1N(Cc1c[nH]c2ccc(C#N)cc12)C[C@H]1CCCN1)C1CCNC1,0.437675
CCCN(CCCNc1cc(Br)cc(C#N)c1)C1CC1,0.930952,CCCN(CCC(=O)Nc1cc(Br)cc(C#N)c1)C1CC1,0.410596
O=C1CCN(C[C@@H](Cc2ccc(O)cc2)NCC2CCN2)C1,0.694403,O=C1CCN(C(=O)[C@@H](Cc2ccc(O)cc2)NCC2CCN2)C1,0.074837
C#CCNCC[C@@H](CNCCc1ccccc1OC)NCc1c(N)cccc1Br,0.86806,C#CCNC(=O)C[C@@H](CNCCc1ccccc1OC)NCc1c(N)cccc1Br,0.575244
N[C@@H](Cc1cccs1)CN1CCC(C(=O)O)CC1,0.153129,N[C@@H](Cc1cccs1)C(=O)N1CCC(C(=O)O)CC1,0.007257
NCCCN(CC(=O)O)c1c(N)cccc1Br,0.003885,NCCC(=O)N(CC(=O)O)c1c(N)cccc1Br,0.002997
NCCN1CCC[C@H]1CN(C[C@H](N)Cc1c[nH]c2ccccc12)c1cc(F)ccc1O,0.996741,NCC(=O)N1CCC[C@H]1CN(C[C@H](N)Cc1c[nH]c2ccccc12)c1cc(F)ccc1O,0.599498
C#CCN(CC1CCNCC1)c1cc(F)ccc1C(CCl)Nc1cc(OC)ccc1O,0.871054,C#CCN(C(=O)C1CCNCC1)c1cc(F)ccc1C(CCl)Nc1cc(OC)ccc1O,0.444399
Nc1c(F)cccc1CN1CCC(CN2CC(=O)C2)CC1,0.122455,Nc1c(F)cccc1CN1CCC(C(=O)N2CC(=O)C2)CC1,0.012322
CC[C@H](N)CNc1cc(C#N)ccc1O,0.110953,CC[C@H](N)C(=O)Nc1cc(C#N)ccc1O,0.003018
CC[C@@H](CN(CCc1c[nH]c2ccccc12)CC1(N)CCC1)NCc1ccc(F)cc1,0.999993,CC[C@@H](CN(CCc1c[nH]c2ccccc12)CC1(N)CCC1)NC(=O)c1ccc(F)cc1,0.992823
C[C@@H](N)CN(C[C@@H]1CCCN1)c1ccc(C#N)cc1N,0.055696,C[C@@H](N)C(=O)N(C[C@@H]1CCCN1)c1ccc(C#N)cc1N,0.106332
NCCCN(c1ccc(N)c(NCc2c[nH]c3ccc(Br)cc23)c1)C1CCC1,0.767294,NCCC(=O)N(Cc1c[nH]c2ccc(Br)cc12)c1cc(NC2CCC2)ccc1N,0.64691
COc1ccc(O)c(N(Cc2ccc(F)cc2)C2CCN(CC3CCNCC3)C2)c1,0.995723,COc1ccc(O)c(N(C(=O)c2ccc(F)cc2)C2CCN(CC3CCNCC3)C2)c1,0.978068
COc1ccccc1CCN(Cc1ccc(N)c(Br)c1)CC1CN(Cc2ccnc(Br)c2)C1,0.930387,COc1ccccc1CCN(CC1CN(Cc2ccnc(Br)c2)C1)C(=O)c1ccc(N)c(Br)c1,0.533805
N[C@H](CCCNc1ccccn1)CNc1ccc(Br)cc1,0.069704,N[C@H](CCCNc1ccccn1)C(=O)Nc1ccc(Br)cc1,0.003858
Nc1ccc(N(C[C@@H]2CCCN2CC2CCN2)c2c(N)cccc2Br)cc1,0.919888,Nc1ccc(N(C[C@@H]2CCCN2C(=O)C2CCN2)c2c(N)cccc2Br)cc1,0.090605
COc1ccccc1CCN(CCCN)CC1CNC1,0.645976,COc1ccccc1CCN(CCCN)C(=O)C1CNC1,0.041
N[C@@H](CCN1CCCC(Nc2cccc(Br)c2O)C1)CNCCc1ccc(O)cc1,0.981089,N[C@@H](CCN1CCCC(Nc2cccc(Br)c2O)C1)C(=O)NCCc1ccc(O)cc1,0.7639
Nc1ccc(CN(C[C@@H]2CCCN2C[C@@H]2CCCNC2)c2cccc3cc[nH]c23)cc1Br,0.997127,Nc1ccc(CN(C[C@@H]2CCCN2C(=O)[C@@H]2CCCNC2)c2cccc3cc[nH]c23)cc1Br,0.330642
COc1ccc(O)c(N(C[C@H]2CCCN2CC2CCN2CCN)C(CCl)c2ccc(Br)cc2)c1,0.986287,COc1ccc(O)c(N(C[C@H]2CCCN2CC2CCN2C(=O)CN)C(CCl)c2ccc(Br)cc2)c1,0.93281
COc1ccccc1CNC[C@@H]1C[C@@H](O)CN1,0.049997,COc1ccccc1CNC(=O)[C@@H]1C[C@@H](O)CN1,0.002939
COc1ccccc1CNCCCNC1CC1,0.157257,COc1ccccc1CNCCC(=O)NC1CC1,0.008003
BrCCN1CCC[C@H]1CNc1ccc(Br)cc1,0.066276,O=C(Nc1ccc(Br)cc1)[C@@H]1CCCN1CCBr,0.002174
Oc1ccc(CCN(Cc2ccncc2)C[C@@H]2CCCN2)cc1,0.972233,O=C(c1ccncc1)N(CCc1ccc(O)cc1)C[C@@H]1CCCN1,0.36188
COc1ccccc1CCNC[C@@H](N)CCCNCCc1ccc(O)cc1,0.985287,COc1ccccc1CCNC(=O)[C@@H](N)CCCNCCc1ccc(O)cc1,0.751697
NCCN(CC=O)CCN(CC1CNC1)c1ccccn1,0.120908,NCCN(CC=O)CCN(C(=O)C1CNC1)c1ccccn1,0.077376
N[C@H](CNCCCN1CCCCC1)Cc1c[nH]c2ccccc12,0.873135,N[C@@H](Cc1c[nH]c2ccccc12)C(=O)NCCCN1CCCCC1,0.359256
COc1ccccc1CCN(CC(=O)O)C[C@@H]1CCCN1,0.274526,COc1ccccc1CCN(CC(=O)O)C(=O)[C@@H]1CCCN1,0.010901
Nc1c(F)cccc1CN[C@H](CS)CNc1cc(F)ccc1O,0.190886,Nc1c(F)cccc1CN[C@H](CS)C(=O)Nc1cc(F)ccc1O,0.017463
CN(CCN(C[C@@H]1CCCN1)c1cccnc1Br)Cc1ccc(N)c(Br)c1,0.885512,CN(CCN(C[C@@H]1CCCN1)c1cccnc1Br)C(=O)c1ccc(N)c(Br)c1,0.231545
CN(CC=O)CCN1CCCC(N(Cc2c[nH]c3cc(Br)ccc23)c2cccc(Br)c2N)C1,0.993748,CN(CCN1CCCC(N(Cc2c[nH]c3cc(Br)ccc23)c2cccc(Br)c2N)C1)C(=O)C=O,0.979437
N[C@@H](CCCN1CCC[C@@H]1CNc1ccccc1S)C(=O)O,0.427373,N[C@@H](CCCN1CCC[C@@H]1C(=O)Nc1ccccc1S)C(=O)O,0.049247
N[C@H](CCNc1ccc(Br)cc1)CN1CCC(=O)CC1,0.160061,N[C@H](CC(=O)Nc1ccc(Br)cc1)CN1CCC(=O)CC1,0.008312
Nc1cc(Br)ccc1N(CC1CNC1)C[C@H]1CCCN1,0.157347,Nc1cc(Br)ccc1N(CC1CNC1)C(=O)[C@H]1CCCN1,0.242575
CC[C@H](N)CN1CCCC(N2CC(N(c3cccnc3Br)C(CCl)c3ccc(Cl)c(Cl)c3)C2)C1,0.983161,CC[C@H](N)C(=O)N1CCCC(N2CC(N(c3cccnc3Br)C(CCl)c3ccc(Cl)c(Cl)c3)C2)C1,0.819147
COc1ccccc1CCN(C[C@@H](N)CO)C[C@@H]1CCCN1,0.47198,COc1ccccc1CCN(C[C@@H](N)CO)C(=O)[C@@H]1CCCN1,0.020402
CCC1c2cccc(Br)c2CCN1C[C@H](N)CC(=O)O,0.27266,CCC1c2cccc(Br)c2CCN1C(=O)C[C@@H](N)C(=O)O,0.01806
NC1(CN(CCCN(CC=O)CCc2c[nH]c3ccccc23)Cc2ccc(F)cc2)CCC1,0.999982,NC1(C(=O)N(CCCN(CC=O)CCc2c[nH]c3ccccc23)Cc2ccc(F)cc2)CCC1,0.979378
Nc1cc(Br)ccc1N(CC1CN(CC=O)C1)CC1CCN1C[C@H](N)Cc1c[nH]c2ccccc12,0.977527,Nc1cc(Br)ccc1N(CC1CN(C(=O)C=O)C1)CC1CCN1C[C@H](N)Cc1c[nH]c2ccccc12,0.8249
Oc1c(Br)cccc1NC(CBr)CN1CCCCC1,0.043192,O=C(C(CBr)Nc1cccc(Br)c1O)N1CCCCC1,0.001831
c1ccc2c(CCNCCCN(Cc3ncc[nH]3)CC3CCN3)c[nH]c2c1,0.945314,O=C(C1CCN1)N(CCCNCCc1c[nH]c2ccccc12)Cc1ncc[nH]1,0.538209
CC[C@H](N)CN1CCCC(Nc2cc(C#N)ccc2N)C1,0.583677,CC[C@H](N)C(=O)N(c1cc(C#N)ccc1N)C1CCCNC1,0.040642
C[C@H](CNc1cc(Br)ccc1O)N(c1cc(F)ccc1C(=O)CCl)C1CCNCC1,0.851567,C[C@H](C(=O)Nc1cc(Br)ccc1O)N(c1cc(F)ccc1C(=O)CCl)C1CCNCC1,0.430715
Nc1cccc(N(C[C@@H]2CCCN2)c2ccc(Br)cc2)c1O,0.3579,Nc1cccc(N(C(=O)[C@@H]2CCCN2)c2ccc(Br)cc2)c1O,0.331783
N[C@H](CCNCCc1ccccc1)CN1CCCCC1,0.752937,N[C@H](CC(=O)NCCc1ccccc1)CN1CCCCC1,0.101034
N[C@H](CCNc1ccc(Br)cc1O)CN(CCBr)CCc1c[nH]c2ccccc12,0.964165,N[C@H](CC(=O)Nc1ccc(Br)cc1O)CN(CCBr)CCc1c[nH]c2ccccc12,0.665288
C[C@H](N)CN(c1cc(Br)ccc1O)C1CNC1,0.173254,C[C@H](N)C(=O)N(c1cc(Br)ccc1O)C1CNC1,0.083753
COc1ccccc1CCNC[C@H](N)Cc1ccc(O)cc1,0.984993,COc1ccccc1CCNC(=O)[C@H](N)Cc1ccc(O)cc1,0.053696
NCCN1CCC(C(=O)O)CC1,0.024659,NCC(=O)N1CCC(C(=O)O)CC1,0.004084
C[C@@H](CN(C)CC(=O)O)NCCC=O,0.004607,CNCC(=O)N(CCC=O)[C@@H](C)C(=O)O,0.001627
C[C@H](CNCCc1ccccc1Br)N(Cc1c[nH]c2ccccc12)CC1CCN1,0.96276,C[C@H](C(=O)NCCc1ccccc1Br)N(Cc1c[nH]c2ccccc12)CC1CCN1,0.54213
C[C@@H](N)CN(CCC(=O)O)Cc1cccc(Br)c1,0.003539,C[C@@H](N)C(=O)N(CCC(=O)O)Cc1cccc(Br)c1,0.000527
COc1ccccc1CCN(CCN(CC=O)Cc1c[nH]c2cc(Br)ccc12)C[C@H](C)N,0.979967,COc1ccccc1CCN(CCN(Cc1c[nH]c2cc(Br)ccc12)C(=O)C=O)C[C@H](C)N,0.968763
N[C@H](Cc1c[nH]c2ccccc12)CN(CCN1CCC[C@H]1CO)Cc1ccc(F)cc1,0.995014,N[C@H](Cc1c[nH]c2ccccc12)CN(CCN1CCC[C@H]1CO)C(=O)c1ccc(F)cc1,0.995302
N[C@H](CCC(=O)O)CNc1cc(F)c(F)cc1O,0.01692,N[C@H](CCC(=O)Nc1cc(F)c(F)cc1O)C(=O)O,0.001535
N[C@H](CCC(=O)O)CNC1CC1,0.009449,N[C@H](CCC(=O)NC1CC1)C(=O)O,0.002765
N[C@H](CS)CN(CC(=O)O)C[C@@H]1CCCNC1,0.016769,N[C@H](CS)CN(CC(=O)O)C(=O)[C@@H]1CCCNC1,0.003625
CC(CCl)N(CC1CN(Cc2ccc(F)cc2)C1)C1CC1,0.184113,CC(CCl)N(CC1CN(C(=O)c2ccc(F)cc2)C1)C1CC1,0.216666
NCCCN(c1ccc(Br)cc1)C1CN(CCC[C@H](N)CNc2cc(F)ccc2O)C1,0.977572,NCCC(=O)N(C[C@@H](N)CCCN1CC(Nc2ccc(Br)cc2)C1)c1cc(F)ccc1O,0.927859
c1cc(NCCCNCCCCNC[C@H]2CCCN2)c2[nH]ccc2c1,0.110368,O=C(CCNCCCCNC[C@H]1CCCN1)Nc1cccc2cc[nH]c12,0.083324
C[C@H](N)CN(CC1CCN1)c1ccc(Br)cc1O,0.059275,C[C@H](N)CN(C(=O)C1CCN1)c1ccc(Br)cc1O,0.102445
C[C@H](N)CN(CCCN)c1ccc(F)nc1Br,0.014937,C[C@H](N)CN(C(=O)CCN)c1ccc(F)nc1Br,0.048207
NCCCN1CCCC(N(c2cc(F)ccc2O)c2cc(F)ccc2C(=O)CCl)C1,0.989058,NCCC(=O)N1CCCC(N(c2cc(F)ccc2O)c2cc(F)ccc2C(=O)CCl)C1,0.125005
C[C@H](CN(CCc1c[nH]c2ccccc12)Cc1cccnc1F)NCCN,0.901175,C[C@H](CN(CCc1c[nH]c2ccccc12)Cc1cccnc1F)NC(=O)CN,0.595623
O=C(O)C1CN(C(CBr)CN(CCBr)c2ccccc2O)C1,0.018511,O=C(O)C1CN(C(CBr)CN(C(=O)CBr)c2ccccc2O)C1,0.034779
O=C(O)CN(Cc1ccc(F)cc1)C[C@H]1CCCN1,0.013806,O=C(O)CN(Cc1ccc(F)cc1)C(=O)[C@H]1CCCN1,0.007004
CC[C@@H](CN(Cc1ccc(F)cc1)c1ccccc1S)NCCN(C)C1CNC1,0.97362,CC[C@@H](CN(C(=O)c1ccc(F)cc1)c1ccccc1S)NCCN(C)C1CNC1,0.931414
Oc1ccc(Br)cc1NCCNC[C@@H]1CCCNC1,0.437919,O=C(NCCNc1cc(Br)ccc1O)[C@@H]1CCCNC1,0.081108
Fc1ccc(CN(CC2CCN2)c2ccccn2)cc1,0.07615,O=C(C1CCN1)N(Cc1ccc(F)cc1)c1ccccn1,0.027773
Brc1ccccc1CCNCCCN1CC(NCCc2ccccc2)C1,0.824261,O=C(CCN1CC(NCCc2ccccc2)C1)NCCc1ccccc1Br,0.11393
C[C@@H](CN(CCC=O)C1CC1)NCc1cccc(F)c1F,0.5,C[C@@H](CN(CCC=O)C1CC1)NC(=O)c1cccc(F)c1F,0.330453
BrCCNc1ccccc1CN1CCC(NCCc2c[nH]c3ccccc23)C1,0.926306,O=C(CBr)Nc1ccccc1CN1CCC(NCCc2c[nH]c3ccccc23)C1,0.420968
Oc1ccc(Br)cc1NCC1CCN(CCC2NCCc3c(Br)cccc32)CC1,0.9904,O=C(Nc1cc(Br)ccc1O)C1CCN(CCC2NCCc3c(Br)cccc32)CC1,0.883885
O=C1CCCN(Cc2ccc(F)c(F)c2F)C1,0.00221,O=C1CCCN(C(=O)c2ccc(F)c(F)c2F)C1,0.000649
NCCCN(CCc1ccccc1Br)C[C@@H](N)CS,0.207334,NCCC(=O)N(CCc1ccccc1Br)C[C@@H](N)CS,0.012001
N[C@@H](CCCNCCc1c[nH]c2ccccc12)CNc1cccc(Br)c1O,0.867388,N[C@@H](CCC(=O)NCCc1c[nH]c2ccccc12)CNc1cccc(Br)c1O,0.128598
CN(CCNC1CC1)c1ccc2[nH]cc(C3NCCc4c(Br)cccc43)c2c1,0.987868,CN(CC(=O)NC1CC1)c1ccc2[nH]cc(C3NCCc4c(Br)cccc43)c2c1,0.705425
NCCCN1CC(N2CCC(N(Cc3ccnc(Br)c3)c3cccc4cc[nH]c34)CC2)C1,0.982109,NCCC(=O)N1CC(N2CCC(N(Cc3ccnc(Br)c3)c3cccc4cc[nH]c34)CC2)C1,0.883288
CC[C@@H](CNc1ccc(Br)cc1)NCCN(CCc1ccc(O)cc1)CC1CNC1,0.928845,CC[C@@H](CN(C(=O)C1CNC1)c1ccc(Br)cc1)NCCNCCc1ccc(O)cc1,0.70384
C[C@H](C(=O)Oc1ccc(CCN)cc1)N(Cc1c[nH]c2ccc(Br)cc12)CC1CCN1,0.985949,C[C@H](C(=O)Oc1ccc(CCN)cc1)N(Cc1c[nH]c2ccc(Br)cc12)C(=O)C1CCN1,0.451946
O=C(Oc1c(Br)cccc1N(CCBr)Cc1c[nH]c2cc(Br)ccc12)C1CCN1,0.739855,O=C(Oc1c(Br)cccc1N(Cc1c[nH]c2cc(Br)ccc12)C(=O)CBr)C1CCN1,0.567956
O=C1CCCN(C(CBr)CNc2cccc(Br)c2O)C1,0.06055,O=C1CCCN(C(CBr)C(=O)Nc2cccc(Br)c2O)C1,0.003692
N[C@H](Cc1c[nH]c2ccccc12)CN1CCC[C@H]1CN(CCO)c1cc(F)ccc1O,0.994183,N[C@H](Cc1c[nH]c2ccccc12)CN1CCC[C@H]1CN(C(=O)CO)c1cc(F)ccc1O,0.987821
CNCCN1CCC1CNc1ccccc1S,0.548363,CNCCN1CCC1C(=O)Nc1ccccc1S,0.021579
CC[C@@H](CNc1cc(Br)ccc1O)NCCNc1ccccc1O,0.323305,CC[C@H](NCCNc1ccccc1O)C(=O)Nc1cc(Br)ccc1O,0.086826
N[C@H](CCCN(c1cc(F)ccc1O)C1CCNC1)CNCCc1ccc(O)cc1,0.96861,N[C@H](CCCN(c1cc(F)ccc1O)C1CCNC1)C(=O)NCCc1ccc(O)cc1,0.850857
C[C@@H](O)CN1CCC[C@@H]1CN(Cc1c[nH]c2cc(Br)ccc12)c1ccc(Br)cc1,0.991392,C[C@@H](O)C(=O)N1CCC[C@@H]1CN(Cc1c[nH]c2cc(Br)ccc12)c1ccc(Br)cc1,0.220454
C1CC(CNC2CC2)N1,0.028706,O=C(NC1CC1)C1CCN1,0.005521
CC[C@@H](CNC1CC1)NCc1ccc(F)cc1,0.16951,CC[C@H](NCc1ccc(F)cc1)C(=O)NC1CC1,0.006961
N[C@H](Cc1c[nH]c2ccccc12)CN(Cc1ccc(O)cc1)CC1CNC1,0.979932,N[C@H](Cc1c[nH]c2ccccc12)CN(Cc1ccc(O)cc1)C(=O)C1CNC1,0.794379
CN(CCN[C@H](CCC(=O)O)C(=O)O)Cc1ccc(N)c(Br)c1,0.023106,CN(CCN[C@H](CCC(=O)O)C(=O)O)C(=O)c1ccc(N)c(Br)c1,0.00515
CN(CCNCCc1c[nH]c2ccccc12)C[C@H](N)CO,0.754259,CN(CCNCCc1c[nH]c2ccccc12)C(=O)[C@H](N)CO,0.277058
Cc1cc(Br)cnc1NCCN(C)C[C@@H]1C[C@@H](O)CN1,0.148108,CNCCN(C(=O)[C@@H]1C[C@@H](O)CN1)c1ncc(Br)cc1C,0.056923
CC[C@@H](CNc1cc(Br)ccc1O)N(Cc1cc(Br)cc(B(O)O)c1)C1CN(CCBr)C1,0.807126,CC[C@@H](CN(C(=O)CBr)c1cc(Br)ccc1O)N(Cc1cc(Br)cc(B(O)O)c1)C1CNC1,0.764102
Oc1ccc(F)cc1N(CC1CCN1CC1CCN1)C(CCl)c1ccc(F)cc1F,0.991738,O=C(C1CCN1)N1CCC1CN(c1cc(F)ccc1O)C(CCl)c1ccc(F)cc1F,0.590367
N[C@@H](CCN1CCCC(=O)C1)CNc1c(F)cccc1C(=O)O,0.064413,N[C@@H](CCN1CCCC(=O)C1)C(=O)Nc1c(F)cccc1C(=O)O,0.007329
O=C(O)c1cccc(F)c1N(CC1CCN1CC1CCN1)c1ccc(Br)cc1O,0.942991,O=C(O)C1CCN1C(=O)c1cccc(F)c1N(CC1CCN1)c1ccc(Br)cc1O,0.073336
O=C(O)CCNCC1CNC1,0.018247,O=C(O)CCNC(=O)C1CNC1,0.002392
NCCCN(CCc1c[nH]c2ccccc12)C[C@@H](N)CCNc1ccc(Br)cc1,0.975574,NCCC(=O)N(CC[C@H](N)CNCCc1c[nH]c2ccccc12)c1ccc(Br)cc1,0.835368
C[C@H](N)CN(C[C@H]1CCCN1)c1cccc(Br)c1O,0.060458,C[C@H](N)C(=O)N(C[C@H]1CCCN1)c1cccc(Br)c1O,0.125866
O=C1CCN(CCN(CC2CCN2)[C@@H](CNCc2ccc(O)cc2)Cc2ccccc2)CC1,0.672083,O=C1CCN(CCN(CC2CCN2)[C@H](Cc2ccccc2)C(=O)NCc2ccc(O)cc2)CC1,0.296625
Oc1c(Br)cccc1N(CC1CCN1)C1CCCNC1,0.283487,O=C(C1CCN1)N(c1cccc(Br)c1O)C1CCCNC1,0.210813
COc1ccccc1CCN(CC=O)CC[C@H](N)CNC1CC1,0.545512,COc1ccccc1CCN(CC[C@H](N)CNC1CC1)C(=O)C=O,0.007352
Oc1cc(Br)ccc1N(C[C@@H]1CCCN1)C1CCCN(Cc2ccc(F)cc2)C1,0.994119,O=C([C@@H]1CCCN1)N(c1ccc(Br)cc1O)C1CCCN(Cc2ccc(F)cc2)C1,0.930694
COc1ccccc1CCNCCCN(CC=O)c1ccc(Br)cc1O,0.994229,COc1ccccc1CCN(CCCNc1ccc(Br)cc1O)C(=O)C=O,0.02427
CN(CCO)CCN(c1ccc(Br)cc1N)C1CCN(Cc2c[nH]c3cc(Br)ccc23)CC1,0.995779,CN(CCN(c1ccc(Br)cc1N)C1CCN(Cc2c[nH]c3cc(Br)ccc23)CC1)C(=O)CO,0.956946
CNCCN1CCC(N(CCc2ccccc2OC)c2ccc(C#N)cc2)CC1,0.95007,CNCC(=O)N1CCC(N(CCc2ccccc2OC)c2ccc(C#N)cc2)CC1,0.034573
Nc1ccc(CN2CCC2CNCCC(=O)O)cc1Br,0.379193,Nc1ccc(C(=O)N(CCC(=O)O)CC2CCN2)cc1Br,0.013029
CCCN(c1c(N)cccc1-c1cccc(F)c1F)C1CCCN(CCN)C1,0.985294,CCCN(c1c(N)cccc1-c1cccc(F)c1F)C1CCCN(C(=O)CN)C1,0.146108
Nc1c(Br)cccc1NC[C@@H](N)CCNCCNCCC(=O)O,0.138371,Nc1c(Br)cccc1NC(=O)CCNCCNCC[C@H](N)C(=O)O,0.04237
C[C@@H](CN1CCC(O)CC1)N(CC=O)Cc1c[nH]c2ccc(Br)cc12,0.53051,C[C@@H](CN1CCC(O)CC1)N(Cc1c[nH]c2ccc(Br)cc12)C(=O)C=O,0.285678
COc1ccc(O)c(N(Cc2c(N)cccc2Br)C[C@H]2CCCN2)c1,0.836724,COc1ccc(O)c(N(C[C@H]2CCCN2)C(=O)c2c(N)cccc2Br)c1,0.327451
C#CCNCCCN(Cc1cccc(Br)c1)[C@H](C)CNCCc1ccccc1OC,0.95191,C#CCNC(=O)CCN(Cc1cccc(Br)c1)[C@H](C)CNCCc1ccccc1OC,0.80205
Nc1cc(CNCCCN(C[C@H]2CCCN2C(CCl)c2ccc(F)cc2)C2CC2)ccc1O,0.992238,Nc1cc(C(=O)NCCCN(C[C@H]2CCCN2C(CCl)c2ccc(F)cc2)C2CC2)ccc1O,0.967448
CC(C)(N)CNc1ccccc1O,0.053523,CC(C)(N)C(=O)Nc1ccccc1O,0.001201
NCCN(CC1CCN1CC1CCN1)c1cc(F)ccc1O,0.743252,NCCN(CC1CCN1C(=O)C1CCN1)c1cc(F)ccc1O,0.084413
NCCc1ccccc1N1CCC1CNCCc1ccccc1,0.722296,NCCc1ccccc1N1CCC1C(=O)NCCc1ccccc1,0.014174
BrCC(CNC1CC1)NCCc1ccccc1Br,0.216393,O=C(NC1CC1)C(CBr)NCCc1ccccc1Br,0.014545
N#Cc1cc(NCCN)cc(-c2ccc3[nH]ccc3c2)c1,0.059729,N#Cc1cc(NC(=O)CN)cc(-c2ccc3[nH]ccc3c2)c1,0.004183
C#CCN(CCCNc1ccc(Br)cc1)CC1CNC1,0.233735,C#CCN(CCC(=O)Nc1ccc(Br)cc1)CC1CNC1,0.019012
Oc1ccccc1NC1CCN(Cc2ccc(F)cc2)CC1,0.920531,O=C(c1ccc(F)cc1)N(c1ccccc1O)C1CCNCC1,0.400248
NCCN1CCC[C@H]1CN(C[C@H](N)Cc1ccc(O)cc1)c1cc(Br)ccc1O,0.993677,NCC(=O)N1CCC[C@H]1CN(C[C@H](N)Cc1ccc(O)cc1)c1cc(Br)ccc1O,0.517057
COc1ccc(O)c(NC2CN(CC[C@@H](N)CNC3CC3)C2)c1,0.574322,COc1ccc(O)c(NC2CN(CC[C@@H](N)C(=O)NC3CC3)C2)c1,0.330188
Oc1cc(F)c(F)cc1N(C[C@H]1CCCN1)C1CCNC1,0.360705,O=C([C@H]1CCCN1)N(c1cc(F)c(F)cc1O)C1CCNC1,0.232013
CCCN(C[C@@H](CCSC)NC[C@@H](N)CC)c1cc(Br)ccc1O,0.064454,CCCN(C[C@@H](CCSC)NC(=O)[C@@H](N)CC)c1cc(Br)ccc1O,0.024217
CC(C)(CN1CC(=O)C1)Nc1ccc(NCc2cccc(F)c2N)c(O)c1,0.116575,CC(C)(Nc1ccc(NCc2cccc(F)c2N)c(O)c1)C(=O)N1CC(=O)C1,0.008434
O=Cc1c[nH]c2ccc(N3CCC(CNCCc4ccc(O)cc4)CC3)cc12,0.95158,O=Cc1c[nH]c2ccc(N3CCC(C(=O)NCCc4ccc(O)cc4)CC3)cc12,0.038042
CC[C@@H](CN1CCC(CNc2cccc3cc[nH]c23)CC1)NCc1ccc(N)c(Br)c1,0.960864,CC[C@@H](CN1CCC(C(=O)Nc2cccc3cc[nH]c23)CC1)NCc1ccc(N)c(Br)c1,0.832678
C[C@H](N)CN(C)CCNCCc1ccccc1Br,0.223081,CNCCN(CCc1ccccc1Br)C(=O)[C@H](C)N,0.014419
CCCN[C@@H](C)CNc1ccc(Br)cc1,0.017496,CCCN[C@@H](C)C(=O)Nc1ccc(Br)cc1,0.000436
Nc1ccc(CN2CCC[C@@H]2CN(CCCNCCc2ccccc2)Cc2cccc(F)c2N)cc1Br,0.773673,Nc1ccc(CN2CCC[C@@H]2CN(CCC(=O)NCCc2ccccc2)Cc2cccc(F)c2N)cc1Br,0.563674
CN(CCNc1ccc(Br)cc1N)C[C@H]1CCCN1,0.2871,CN(CC(=O)Nc1cc(Br)ccc1N)C[C@H]1CCCN1,0.025874
C[C@@H](O)[C@@H](CN(CCCO)C1CCN(Cc2ccc(F)cc2)C1)NCc1ccc(N)c(Br)c1,0.745694,C[C@@H](O)[C@@H](CN(CCCO)C1CCN(Cc2ccc(F)cc2)C1)NC(=O)c1ccc(N)c(Br)c1,0.721765
CC[C@H](N)CN1CCC[C@@H]1CN(C)CCNc1ccc(Br)cc1N,0.755576,CC[C@H](N)C(=O)N(CCN(C)C[C@H]1CCCN1)c1ccc(Br)cc1N,0.895629
C[C@H](N)CN(C[C@@H]1CCCN1)c1ccc(Br)cc1N,0.036884,C[C@H](N)CN(C(=O)[C@@H]1CCCN1)c1ccc(Br)cc1N,0.134372
CC[C@@H](CNc1cc(Br)ccc1O)NC[C@H](N)CCNCCc1ccccc1OC,0.912399,CC[C@H](NC[C@H](N)CCNCCc1ccccc1OC)C(=O)Nc1cc(Br)ccc1O,0.752599
N[C@H](Cc1c[nH]c2ccccc12)CN1CCC[C@@H](O)C1,0.318994,N[C@H](Cc1c[nH]c2ccccc12)C(=O)N1CCC[C@@H](O)C1,0.019071
NCCCN(CCc1c[nH]c2ccccc12)C[C@H]1CCCN1,0.942424,NCCC(=O)N(CCc1c[nH]c2ccccc12)C[C@H]1CCCN1,0.258465
OC[C@@H](CNc1cc(F)ccc1O)NCC1c2cccc(Br)c2CCN1CC1CCN1,0.953019,O=C(C1CCN1)N(CC1NCCc2c(Br)cccc21)[C@@H](CO)CNc1cc(F)ccc1O,0.462659
Oc1c(Br)cccc1NCC1CCN1CC(CBr)NC1CC1,0.679424,O=C(Nc1cccc(Br)c1O)C1CCN1CC(CBr)NC1CC1,0.120378
CN(CCCNCCCCN)CCN(Cc1ccc(F)cc1)c1cc(Br)ccc1O,0.986002,CN(CCCN(CCCCN)C(=O)c1ccc(F)cc1)CCNc1cc(Br)ccc1O,0.860902
Sc1ccccc1NC1CN(CC2CCN2)C1,0.35413,O=C(C1CCN1)N(c1ccccc1S)C1CNC1,0.482515
COc1ccccc1CCN(CC[C@@H](N)C(=O)O)C[C@H](N)CC(=O)O,0.102716,COc1ccccc1CCN(C[C@H](N)CC(=O)O)C(=O)C[C@@H](N)C(=O)O,0.004316
N[C@H](Cc1c[nH]c2ccccc12)CN(CC1CNC1)c1ccc(Br)cc1,0.813409,N[C@H](Cc1c[nH]c2ccccc12)CN(C(=O)C1CNC1)c1ccc(Br)cc1,0.574975
N[C@@H](CO)CN(C[C@@H]1CCCN1)c1cccc(Br)c1O,0.06962,N[C@@H](CO)CN(C(=O)[C@@H]1CCCN1)c1cccc(Br)c1O,0.114357
NCCCN1CCC[C@@H]1CN(CC1(N)CCC1)c1ccnc2ccccc12,0.894879,NCCC(=O)N1CCC[C@@H]1CN(CC1(N)CCC1)c1ccnc2ccccc12,0.045722
COc1ccccc1CCNCCN(C)C[C@H](N)CC(=O)O,0.285741,CNCCN(CCc1ccccc1OC)C(=O)C[C@@H](N)C(=O)O,0.006483
COc1ccc(NC[C@H](CO)N(Cc2c[nH]c3ccc(F)cc23)C2CCCN(CCBr)C2)c(N)c1,0.964706,COc1ccc(N(C[C@H](CO)N(Cc2c[nH]c3ccc(F)cc23)C2CCCNC2)C(=O)CBr)c(N)c1,0.916117
CC[C@H](N)CNCCCNCCc1c[nH]c2ccccc12,0.795678,CC[C@H](N)CNCCC(=O)NCCc1c[nH]c2ccccc12,0.292182
N[C@H](CO)CNCCc1ccccc1Br,0.186559,N[C@H](CO)C(=O)NCCc1ccccc1Br,0.000799
O=CCN(CCc1ccccc1Br)C[C@H]1CCCN1,0.270193,O=CCN(CCc1ccccc1Br)C(=O)[C@H]1CCCN1,0.005373
C#CCN(CCCN)Cc1c[nH]c2ccc(-c3ccc(F)cc3C)cc12,0.936284,C#CCN(Cc1c[nH]c2ccc(-c3ccc(F)cc3C)cc12)C(=O)CCN,0.251135
Brc1ccc(NC2CCN(C[C@H]3CCCN3)C2)cc1,0.332791,O=C([C@H]1CCCN1)N(c1ccc(Br)cc1)C1CCNC1,0.139245
COc1ccccc1CCNCC1CCN(CCCN)CC1,0.790809,COc1ccccc1CCNC(=O)C1CCN(CCCN)CC1,0.141691
CNCCN(CCc1ccccc1Br)C[C@@H](N)CS,0.082458,CN(CCNCCc1ccccc1Br)C(=O)[C@@H](N)CS,0.020389
Nc1ccc(CN2CCC2CN2CCCC(N(CCC=O)c3cc(Br)ccc3O)C2)cc1Br,0.991803,Nc1ccc(C(=O)N2CCC2CN2CCCC(N(CCC=O)c3cc(Br)ccc3O)C2)cc1Br,0.985565
Nc1cccc(Br)c1NCC1CNC1,0.115683,Nc1c(Br)cccc1NC(=O)C1CNC1,0.006206
CN(CC(=O)O)Cc1ccc(N(Cc2cccc(F)c2F)CC2CN(CCN)C2)c(Br)c1,0.811258,CN(CC(=O)O)Cc1ccc(N(Cc2cccc(F)c2F)CC2CN(C(=O)CN)C2)c(Br)c1,0.101782
N[C@@H](CCNCCc1c[nH]c2ccc(O)cc12)CN(c1ccccc1S)C1CCNCC1,0.885972,N[C@@H](CC(=O)NCCc1c[nH]c2ccc(O)cc12)CN(c1ccccc1S)C1CCNCC1,0.777014
CC[C@@H](CNc1cc(Br)cc(C#N)c1)N(C[C@H](N)Cc1c[nH]c2ccccc12)C1CCCNC1,0.916079,CC[C@@H](C(=O)Nc1cc(Br)cc(C#N)c1)N(C[C@H](N)Cc1c[nH]c2ccccc12)C1CCCNC1,0.85348
Brc1cccc(CN[C@H](CCN2CCCCC2)CNCCc2c[nH]c3ccccc23)c1,0.999982,O=C(C[C@H](CNCCc1c[nH]c2ccccc12)NCc1cccc(Br)c1)N1CCCCC1,0.286386
CC[C@@H](CN1CCC[C@H](O)C1)NCc1ccc(N)c(Br)c1,0.810863,CC[C@@H](CN1CCC[C@H](O)C1)NC(=O)c1ccc(N)c(Br)c1,0.698126
CN(CCN(C[C@@H]1CCCN1)c1ccc(Br)cc1O)CC1CNC1,0.547186,CN(CCN(C(=O)[C@@H]1CCCN1)c1ccc(Br)cc1O)CC1CNC1,0.835604
COc1ccc(N)c(NCC2(N)CCC2)c1,0.031565,COc1ccc(N)c(NC(=O)C2(N)CCC2)c1,0.001182
NCCCN[C@H](Cc1ccc(O)cc1)C(=O)O,0.37658,NCCC(=O)N[C@H](Cc1ccc(O)cc1)C(=O)O,0.011122
NCCN1CCCC(N(Cc2ccc(N)c(Br)c2)c2c(N)cccc2Br)C1,0.938684,NCCN1CCCC(N(C(=O)c2ccc(N)c(Br)c2)c2c(N)cccc2Br)C1,0.915347
O[C@@H]1CCCN(CCNCCc2ccccc2Br)C1,0.268791,O=C(CN1CCC[C@@H](O)C1)NCCc1ccccc1Br,0.007497
N#Cc1cc(Br)cc(N(CC[C@@H](N)CN2CCC2CN2CC(CO)C2)Cc2c[nH]c3ccc(F)cc23)c1,0.970053,N#Cc1cc(Br)cc(N(CC[C@@H](N)CN2CCC2C(=O)N2CC(CO)C2)Cc2c[nH]c3ccc(F)cc23)c1,0.839834
COc1ccccc1CCN(CCN)CCN(C)CCN,0.252135,COc1ccccc1CCN(CCN)CCN(C)C(=O)CN,0.210617
C[C@@H](N)CN(CCN(C)CCNCc1ccc(F)cc1)c1cc(C#N)ccc1O,0.94228,C[C@@H](N)CN(CCN(C)CCNC(=O)c1ccc(F)cc1)c1cc(C#N)ccc1O,0.804343
N[C@@H](CCCN1CCC[C@@H](O)C1)C(=O)O,0.027899,N[C@@H](CCC(=O)N1CCC[C@@H](O)C1)C(=O)O,0.002804
NCCCN(Cc1ccc(NCc2ccccc2N)c(Br)c1)C1CC1,0.898218,NCCCN(Cc1ccc(NC(=O)c2ccccc2N)c(Br)c1)C1CC1,0.704859
Nc1ccccc1CN1CCC[C@@H]1CN1CCC[C@@H]1CNc1ccc(Br)cc1,0.895115,Nc1ccccc1C(=O)N(C[C@H]1CCCN1C[C@H]1CCCN1)c1ccc(Br)cc1,0.991991
C[C@H](NC[C@H]1CCCN1)c1ccccc1,0.230817,C[C@H](NC(=O)[C@H]1CCCN1)c1ccccc1,0.009232
CC[C@@H](CN1CCC(Nc2cc(Br)ccc2O)C1)NCc1ccc(F)cc1,0.954586,CC[C@@H](CN1CCC(Nc2cc(Br)ccc2O)C1)NC(=O)c1ccc(F)cc1,0.904649
COc1ccccc1CCNCC1CCN1C[C@@H](C)N,0.899565,COc1ccccc1CCNC(=O)C1CCN1C[C@@H](C)N,0.141896
OC[C@H](CNC1CC1)Nc1c(F)cccc1CNCCc1ccccc1Br,0.54729,O=C(NCCc1ccccc1Br)c1cccc(F)c1N[C@H](CO)CNC1CC1,0.119162
Cc1ccnc(Br)c1N(CC[C@H](N)C(=O)O)CCN(C)C[C@@H]1CCCN1,0.322256,Cc1ccnc(Br)c1N(CCN(C)C[C@@H]1CCCN1)C(=O)C[C@H](N)C(=O)O,0.273338
N[C@H](CNCCC(=O)O)Cc1c[nH]c2ccccc12,0.670004,NCCC(=O)N[C@@H](Cc1c[nH]c2ccccc12)C(=O)O,0.016806
NCCN(CCc1ccccc1Br)c1c(CN2CCC[C@H]2CO)ccc(F)c1F,0.924102,NCCN(CCc1ccccc1Br)c1c(C(=O)N2CCC[C@H]2CO)ccc(F)c1F,0.136722
CC[C@@H](CNCCc1ccccc1OC)N(CCNC)Cc1ccnc(Br)c1,0.980889,CC[C@@H](CN(CCc1ccccc1OC)C(=O)CNC)NCc1ccnc(Br)c1,0.235389
CN(CCN1CC(=O)C1)C[C@@H](N)CS,0.017707,CN(CC(=O)N1CC(=O)C1)C[C@@H](N)CS,0.005893
NC1(CN(Cc2ccc(O)cc2)C[C@H]2CCCN2)CCC1,0.534308,NC1(CN(Cc2ccc(O)cc2)C(=O)[C@H]2CCCN2)CCC1,0.108227
Oc1ccc(C[C@H](CNCCc2c[nH]c3ccccc23)NC2CNC2)cc1,0.974136,O=C(NCCc1c[nH]c2ccccc12)[C@@H](Cc1ccc(O)cc1)NC1CNC1,0.874139
N[C@@H](Cc1cccs1)CN1CCC(N(CC=O)c2cccc3cc[nH]c23)C1,0.839865,N[C@@H](Cc1cccs1)CN1CCC(N(C(=O)C=O)c2cccc3cc[nH]c23)C1,0.380015
CC[C@@H](C(=O)O)N(CCN)C[C@@H](N)CCC(=O)O,0.009734,CC[C@@H](C(=O)O)N(C[C@@H](N)CCC(=O)O)C(=O)CN,0.004053
COc1ccccc1CCN(CCN)CC1CN(C[C@@H](C)N)C1,0.140952,COc1ccccc1CCN(CC1CN(C[C@@H](C)N)C1)C(=O)CN,0.051312
CC[C@H](N)CN(CCCN(C)CC1=NCCc2c(OC)cccc21)c1cc(Br)ccc1O,0.983771,CC[C@H](N)C(=O)N(CCCN(C)CC1=NCCc2c(OC)cccc21)c1cc(Br)ccc1O,0.961952
Oc1ccc(F)cc1N(Cc1ccnc(Br)c1)C[C@H]1CCCN1CC1CCN1Cc1ccc(F)cc1,0.974548,O=C(c1ccc(F)cc1)N1CCC1CN1CCC[C@@H]1CN(Cc1ccnc(Br)c1)c1cc(F)ccc1O,0.839215
N[C@H](CS)CN(c1cc(F)ccc1O)C1CN(CC2CCN2)C1,0.342334,N[C@H](CS)CN(c1cc(F)ccc1O)C1CN(C(=O)C2CCN2)C1,0.044048
Oc1ccc2[nH]cc(CCNCCNc3ccnc(F)c3)c2c1,0.95047,O=C(CNc1ccnc(F)c1)NCCc1c[nH]c2ccc(O)cc12,0.245963
Nc1c(F)cccc1CN[C@H](Cc1c[nH]c2ccccc12)CN1CCC(=O)C1,0.898266,Nc1c(F)cccc1C(=O)N[C@H](Cc1c[nH]c2ccccc12)CN1CCC(=O)C1,0.597596
O=C(O)CCNCC1CCN1C(CCl)c1ccc(F)cc1F,0.136403,O=C(O)CCNC(=O)C1CCN1C(CCl)c1ccc(F)cc1F,0.005634
C[C@@H](N)CNc1c(F)cccc1C(=O)O,0.005104,C[C@@H](N)C(=O)Nc1c(F)cccc1C(=O)O,0.000365
CC[C@H](N)CN(C[C@H]1CCCN1)c1ccc(F)nc1Br,0.064016,CC[C@H](N)CN(C(=O)[C@H]1CCCN1)c1ccc(F)nc1Br,0.250265
C[C@@H](CNc1ccccc1O)NC(CBr)C(=O)O,0.018179,C[C@H](NC(CBr)C(=O)Nc1ccccc1O)C(=O)O,0.000873
CN(CCN(C[C@H]1CCCN1CC1CCN1)c1cc(F)ccc1O)Cc1cccnc1,0.989599,CN(CCN(C[C@H]1CCCN1C(=O)C1CCN1)c1cc(F)ccc1O)Cc1cccnc1,0.505572
NCCCN1CCC(CNc2cc(Br)ccc2O)CC1,0.5,NCCCN1CCC(C(=O)Nc2cc(Br)ccc2O)CC1,0.077599
Nc1c(Br)cccc1N(Cc1ccc(F)cc1)CC1CCN(CCC[C@H](N)C(=O)O)CC1,0.95992,Nc1c(Br)cccc1N(CC1CCN(CCC[C@H](N)C(=O)O)CC1)C(=O)c1ccc(F)cc1,0.966329
C=CCNCCN(Cc1c[nH]c2ccc(Br)cc12)C[C@@H](N)CC,0.651711,C=CCN(CCNCc1c[nH]c2ccc(Br)cc12)C(=O)[C@@H](N)CC,0.143613
N[C@@H](CCNc1ccccc1O)CN1CC(N(CCc2ccccc2Br)CC2CCN2)C1,0.661646,N[C@@H](CCN(C(=O)C1CCN1)c1ccccc1O)CN1CC(NCCc2ccccc2Br)C1,0.640717
COc1ccc(O)c(NCCNCCCN2CC(=O)C2)c1,0.207716,COc1ccc(O)c(NC(=O)CNCCCN2CC(=O)C2)c1,0.03696
N[C@H](CNc1ccccc1O)Cc1cccs1,0.061438,N[C@@H](Cc1cccs1)C(=O)Nc1ccccc1O,0.002271
Brc1ccc2c(CN(CC3CCNCC3)c3c(Br)cccc3NC3CCNC3)c[nH]c2c1,0.754832,O=C(C1CCNCC1)N(Cc1c[nH]c2cc(Br)ccc12)c1c(Br)cccc1NC1CCNC1,0.55373
N[C@H](CCNc1ccnc2ccccc12)CN1CCCCC1,0.424134,N[C@H](CC(=O)Nc1ccnc2ccccc12)CN1CCCCC1,0.034461
NCCN1CC(N(c2cc(Br)ccc2O)C2CCN(Cc3cccc(F)c3N)C2)C1,0.97634,NCC(=O)N1CC(N(c2cc(Br)ccc2O)C2CCN(Cc3cccc(F)c3N)C2)C1,0.952257
CC[C@@H](CNc1cc(Br)ccc1O)NCc1cc(Br)cc(B(O)O)c1,0.207191,CC[C@H](NCc1cc(Br)cc(B(O)O)c1)C(=O)Nc1cc(Br)ccc1O,0.024479
N[C@H](CCCNCCc1ccccc1Br)CNc1ccccn1,0.657363,N[C@H](CCC(=O)NCCc1ccccc1Br)CNc1ccccn1,0.020814
COc1ccccc1CCNCCC[C@@H](N)CN1CCCC(Nc2cc(F)ccc2O)C1,0.98357,COc1ccccc1CCNC(=O)CC[C@@H](N)CN1CCCC(Nc2cc(F)ccc2O)C1,0.816815
COc1cccc(CN(CC2CCN2)C(CCl)c2ccc(Br)cc2)c1,0.919203,COc1cccc(CN(C(=O)C2CCN2)C(CCl)c2ccc(Br)cc2)c1,0.065734
Oc1ccc(F)cc1NCC(CBr)N(CCc1c[nH]c2ccccc12)CC1CCN1,0.990062,O=C(Nc1cc(F)ccc1O)C(CBr)N(CCc1c[nH]c2ccccc12)CC1CCN1,0.954495
C=CCN1CCC[C@@H]1C(=O)O,0.008119,C=CC(=O)N1CCC[C@@H]1C(=O)O,0.00287
N#Cc1cc(Br)cc(NCCCN(CC2CN(C[C@H]3CCCN3)C2)c2cccc3cc[nH]c23)c1,0.971815,N#Cc1cc(Br)cc(NC(=O)CCN(CC2CN(C[C@H]3CCCN3)C2)c2cccc3cc[nH]c23)c1,0.914103
CN(CCCN)CCN(C)CC(=O)O,0.023117,CN(CCCN)CC(=O)N(C)CC(=O)O,0.007766
CC[C@H](N)CN1CC(N(c2cc(C#N)ccc2N)C2CN(Cc3c[nH]c4cc(Br)ccc34)C2)C1,0.967979,CC[C@H](N)C(=O)N1CC(N(c2cc(C#N)ccc2N)C2CN(Cc3c[nH]c4cc(Br)ccc34)C2)C1,0.928908
NCCCNc1ccc(CNCCc2c[nH]c3ccccc23)cc1Br,0.73435,NCCCNc1ccc(C(=O)NCCc2c[nH]c3ccccc23)cc1Br,0.251575
NCCCCNCCCNCCc1ccccc1,0.459167,NCCCCNCCC(=O)NCCc1ccccc1,0.067829
CN(CCNCCc1ccncc1)Cc1cccc(Br)c1,0.947308,CN(CC(=O)NCCc1ccncc1)Cc1cccc(Br)c1,0.058352
C[C@@H](O)[C@H](N)CNc1cccc(Br)c1O,0.016182,C[C@@H](O)[C@H](N)C(=O)Nc1cccc(Br)c1O,0.00075
CCCN(CCCCN)C[C@H](C)N,0.118868,CCCN(CCCCN)C(=O)[C@H](C)N,0.003507
NCCCN(C[C@@H]1C[C@@H](O)CN1)c1c(N)cccc1Br,0.045031,NCCC(=O)N(C[C@@H]1C[C@@H](O)CN1)c1c(N)cccc1Br,0.072609
CC[C@@H](CNCCc1ccccc1Br)N(CCCN)C[C@@H]1CCCNC1,0.43623,CC[C@@H](CN(CCc1ccccc1Br)C(=O)[C@@H]1CCCNC1)NCCCN,0.045743
CC[C@H](C)[C@@H](N)CN1CCC1CNc1ccc(Br)cc1O,0.577091,CC[C@H](C)[C@@H](N)C(=O)N(CC1CCN1)c1ccc(Br)cc1O,0.119477
CC[C@@H](CN1CCC[C@@H]1C(=O)O)NC1CNC1,0.02691,CC[C@@H](C(=O)O)N(C(=O)[C@H]1CCCN1)C1CNC1,0.003303
COc1ccccc1CNc1c(F)cccc1CN1CCC[C@H](O)C1,0.229535,COc1ccccc1CNc1c(F)cccc1C(=O)N1CCC[C@H](O)C1,0.002918
N#Cc1cc(Br)cc(NC2CN(Cc3cccc(F)c3N)C2)c1,0.532463,N#Cc1cc(Br)cc(N(C(=O)c2cccc(F)c2N)C2CNC2)c1,0.480746
COc1ccccc1CCNCCCN(CCC=O)c1ccc(Br)cc1,0.95924,COc1ccccc1CCNC(=O)CCN(CCC=O)c1ccc(Br)cc1,0.013799
C#Cc1cccc(CN(Cc2c[nH]c3ccccc23)C[C@H](CS)NCCNC)c1,0.620243,C#Cc1cccc(CN(Cc2c[nH]c3ccccc23)C[C@H](CS)NC(=O)CNC)c1,0.474931
NCCN(Cc1c[nH]c2cc(Br)ccc12)c1ccc(N(CC2CCN2)C2CCC2)cc1O,0.964889,NCC(=O)N(Cc1c[nH]c2cc(Br)ccc12)c1ccc(N(CC2CCN2)C2CCC2)cc1O,0.943835
NCCC[C@H](N)CN(CCN)c1cc(Br)ccc1O,0.201156,NCCC[C@H](N)C(=O)N(CCN)c1cc(Br)ccc1O,0.1854
COc1ccc(O)c(NCCCNC[C@@H]2CCCN2)c1,0.357149,COc1ccc(O)c(NC(=O)CCNC[C@@H]2CCCN2)c1,0.070739
C#CCN(Cc1cccc(O)c1N)C[C@H](CC)N(CCBr)Cc1c[nH]c2ccc(Br)cc12,0.953174,C#CCN(Cc1cccc(O)c1N)C[C@H](CC)N(Cc1c[nH]c2ccc(Br)cc12)C(=O)CBr,0.90034
O=C1CCN(CCCN(CC2CCN2)c2cc(F)ccc2O)C1,0.374004,O=C1CCN(CCCN(C(=O)C2CCN2)c2cc(F)ccc2O)C1,0.91635
COc1ccc(N(CCCN)CC2CCN2)c(N)c1,0.098719,COc1ccc(N(CC2CCN2)C(=O)CCN)c(N)c1,0.072968
NCCCC[C@@H](N)CNCCc1ccccc1Br,0.3568,NCCCC[C@@H](N)C(=O)NCCc1ccccc1Br,0.006828
NCCN(c1c(N)cccc1Br)C1CCN(CC2CCN2)CC1,0.630439,NCC(=O)N(c1c(N)cccc1Br)C1CCN(CC2CCN2)CC1,0.546655
NCCCN[C@H](Cc1c[nH]c2ccccc12)CN1CCC1CNCCc1ccccc1Br,0.942625,NCCC(=O)N[C@H](Cc1c[nH]c2ccccc12)CN1CCC1CNCCc1ccccc1Br,0.899093
N[C@H](CCN(C[C@H]1CCCN1)c1ccc(Br)cc1)CNc1ccc(Br)cc1O,0.761126,N[C@H](CCN(C[C@H]1CCCN1)c1ccc(Br)cc1)C(=O)Nc1ccc(Br)cc1O,0.168098
NCCN1CC(N(Cc2c[nH]c3cc(Br)ccc23)C2CCC2)C1,0.916464,NCC(=O)N1CC(N(Cc2c[nH]c3cc(Br)ccc23)C2CCC2)C1,0.41766
NCCCN(CCCN(CCN)Cc1ccnc(Br)c1)c1cccc2cc[nH]c12,0.975367,NCCC(=O)N(CCCN(CCN)Cc1ccnc(Br)c1)c1cccc2cc[nH]c12,0.951024
N#Cc1ccc(O)c(N(CCN)C2CCN(C[C@H](N)Cc3c[nH]c4ccccc34)C2)c1,0.976834,N#Cc1ccc(O)c(N(C(=O)CN)C2CCN(C[C@H](N)Cc3c[nH]c4ccccc34)C2)c1,0.870331
CNCCN1CCC(CNc2cc(OC)ccc2O)CC1,0.28325,CNCC(=O)N(CC1CCNCC1)c1cc(OC)ccc1O,0.069509
C=CCN(CC[C@H](CN1CCCCC1)NCc1ccc(F)cc1)c1cc(Br)cc(C#N)c1,0.999991,C=CC(=O)N(CC[C@H](CN1CCCCC1)NCc1ccc(F)cc1)c1cc(Br)cc(C#N)c1,0.988261
C[C@@H](N)CN1CCC(CN(CC2CCN2)c2cc(F)ccc2O)CC1,0.595123,C[C@@H](N)CN1CCC(CN(C(=O)C2CCN2)c2cc(F)ccc2O)CC1,0.907681
O=CCNCCNCCc1c[nH]c2ccccc12,0.780242,O=CC(=O)NCCNCCc1c[nH]c2ccccc12,0.195217
Oc1ccccc1CN(CCCNCc1cccc(Br)c1)CC1CCN1,0.971661,O=C(C1CCN1)N(CCCNCc1cccc(Br)c1)Cc1ccccc1O,0.360114
NC1(CN2CCC2CNc2ccnc3ccccc23)CCC1,0.603231,NC1(CN2CCC2C(=O)Nc2ccnc3ccccc23)CCC1,0.024704
CC[C@@H](CNC1CC1)N(Cc1c[nH]c2cc(Br)ccc12)C[C@@H](C)N,0.793557,CC[C@@H](CN(C(=O)[C@@H](C)N)C1CC1)NCc1c[nH]c2cc(Br)ccc12,0.298773
O=C(O)C[C@@H](NCC1CNC1)C(=O)O,0.009812,O=C(O)C[C@@H](NC(=O)C1CNC1)C(=O)O,0.002983
O=CCN1CCC[C@@H]1CNCCc1ccccc1,0.751859,O=CC(=O)N(CCc1ccccc1)C[C@H]1CCCN1,0.006983
CCCN(CCc1c[nH]c2ccccc12)CC1CCN1,0.965588,CCCN(CCc1c[nH]c2ccccc12)C(=O)C1CCN1,0.176876
C=CCN(CCCN(Cc1cccc(Br)c1)C[C@@H](N)CS)CCc1c[nH]c2ccccc12,0.983527,C=CC(=O)N(CCCN(Cc1cccc(Br)c1)C[C@@H](N)CS)CCc1c[nH]c2ccccc12,0.773847
Brc1cccc(C2c3[nH]c4ccccc4c3CCN2C2CCN(CC3CCN3)C2)c1,0.979256,O=C(C1CCN1)N1CCC(N2CCc3c([nH]c4ccccc34)C2c2cccc(Br)c2)C1,0.831269
O=C(O)c1ccc(O)c(NC[C@@H]2CCCN2CC2CCN2)c1,0.723364,O=C(O)C1CCN1C(=O)c1ccc(O)c(NC[C@@H]2CCCN2)c1,0.027907
Nc1ccc(CN[C@H](CS)CN(Cc2cccc(O)c2)CC2CCN2)cc1Br,0.955014,Nc1ccc(C(=O)N[C@H](CS)CN(Cc2cccc(O)c2)CC2CCN2)cc1Br,0.930535
CNCCN1CCC(N(CCN)c2cccc(Br)c2O)C1,0.156848,CN(CCN1CCC(Nc2cccc(Br)c2O)C1)C(=O)CN,0.14001
CCCN1CCC[C@H]1CN(CCc1ccccc1OC)CC1NCCc2c(Br)cccc21,0.978538,CCCN1CCC[C@H]1CN(CCc1ccccc1OC)C(=O)C1NCCc2c(Br)cccc21,0.904348
NCCCN1CCC[C@H]1CNCCc1ccccc1Br,0.905754,NCCCN1CCC[C@H]1C(=O)NCCc1ccccc1Br,0.285327
COc1ccccc1CNCCCN,0.061125,COc1ccccc1CNC(=O)CCN,0.002012
NCCN(CCC=O)CCc1c[nH]c2ccccc12,0.625062,NCC(=O)N(CCC=O)CCc1c[nH]c2ccccc12,0.035418
O=C(O)C1CCN1CCCNCCc1c[nH]c2ccccc12,0.775601,O=C(O)C1CCN1C(=O)CCNCCc1c[nH]c2ccccc12,0.220392
NCCCN1CCCC(Nc2cc(Br)ccc2O)C1,0.526963,NCCC(=O)N(c1cc(Br)ccc1O)C1CCCNC1,0.190679
Fc1ccc(CNC2CC2)cc1,0.011116,O=C(NC1CC1)c1ccc(F)cc1,0.000924
CCCN[C@H](C)CN(C[C@H](CC)NCc1ccc(F)cc1)C1CC1,0.762017,CCCN[C@H](C)CN(C[C@H](CC)NC(=O)c1ccc(F)cc1)C1CC1,0.634478
C=CC1N[C@H](CN2CCC[C@@H]2CO)Cc2ccc(O)cc21,0.950556,C=CC1N[C@H](C(=O)N2CCC[C@@H]2CO)Cc2ccc(O)cc21,0.089318
NCCCN(C[C@H]1CCCN1)c1ccccc1S,0.200197,NCCCN(C(=O)[C@H]1CCCN1)c1ccccc1S,0.533506
N[C@H](CC(=O)O)CN1CCC[C@H]1CN(CC1CCN1)c1ccccc1O,0.396991,N[C@H](CC(=O)N1CCC1C(=O)O)CN1CCC[C@H]1CNc1ccccc1O,0.293648
NCCN(CCC[C@@H](N)C(=O)O)CCc1ccccc1Br,0.220879,NCC(=O)N(CCC[C@@H](N)C(=O)O)CCc1ccccc1Br,0.002078
CNCCN(C[C@H](N)CCN(Cc1ccc(F)cc1)c1cc(OC)ccc1O)C1CC1,0.991606,CNCCN(C[C@H](N)CCN(C(=O)c1ccc(F)cc1)c1cc(OC)ccc1O)C1CC1,0.975953
N[C@@H](CNc1cc(C(=O)O)ccc1O)Cc1c[nH]c2ccccc12,0.059992,N[C@H](Cc1c[nH]c2ccccc12)C(=O)Nc1cc(C(=O)O)ccc1O,0.007547
Fc1ccc2[nH]cc(CN[C@H](CS)CNCCc3ccccc3Br)c2c1,0.882602,O=C(NCCc1ccccc1Br)[C@@H](CS)NCc1c[nH]c2ccc(F)cc12,0.094431
COc1ccc(NCCCNC2CNC2)c(N)c1,0.285427,COc1ccc(N)c(NC(=O)CCNC2CNC2)c1,0.065913
NCCN(CCN(Cc1c[nH]c2cc(Br)ccc12)c1ccccc1O)c1cc(F)ccc1O,0.130558,NCC(=O)N(CCN(Cc1c[nH]c2cc(Br)ccc12)c1ccccc1O)c1cc(F)ccc1O,0.177888
COc1ccccc1CNCCN,0.048891,COc1ccccc1CNC(=O)CN,0.001592
CC(C)C[C@@H](N)CN(Cc1ccccc1O)CC1CCN1Cc1ccc(N)c(Br)c1,0.65324,CC(C)C[C@@H](N)CN(Cc1ccccc1O)CC1CCN1C(=O)c1ccc(N)c(Br)c1,0.381574
NCCCN(c1ccc(Br)cc1)C(COC1CCN(CCN)CC1)c1ccc(Br)cc1,0.974365,NCCCN(c1ccc(Br)cc1)C(COC1CCN(C(=O)CN)CC1)c1ccc(Br)cc1,0.191341
O=C(O)C1CCN1C[C@@H](CCNc1cc(F)c(F)cc1O)NCc1c[nH]c2ccc(Br)cc12,0.876584,O=C(C[C@H](CN1CCC1C(=O)O)NCc1c[nH]c2ccc(Br)cc12)Nc1cc(F)c(F)cc1O,0.461105
CN(CCN(CCc1c[nH]c2ccccc12)CC1CCN1)Cc1cccc(O)c1N,0.970567,CN(CCN(CCc1c[nH]c2ccccc12)CC1CCN1)C(=O)c1cccc(O)c1N,0.983968
CCCN(CCNC)[C@H](CN(Cc1c[nH]c2cc(Br)ccc12)c1cccc(Br)c1N)[C@@H](C)CC,0.976812,CCCN(C(=O)CNC)[C@H](CN(Cc1c[nH]c2cc(Br)ccc12)c1cccc(Br)c1N)[C@@H](C)CC,0.410141
C[C@H](CNCCc1c[nH]c2ccccc12)N(C1CNC1)C(CCl)c1ccc(F)cc1,0.969691,C[C@H](C(=O)NCCc1c[nH]c2ccccc12)N(C1CNC1)C(CCl)c1ccc(F)cc1,0.837364
Nc1ccc(N(CCc2ccccc2Br)C2CN(C3CN(CCBr)C3)C2)cc1N,0.911731,Nc1ccc(N(CCc2ccccc2Br)C2CN(C3CN(C(=O)CBr)C3)C2)cc1N,0.798777
C=CCNCCCN1CCC1CN(CC=C)c1cc(Br)cc(C#N)c1,0.462068,C=CCN(CCCN1CCC1CNc1cc(Br)cc(C#N)c1)C(=O)C=C,0.345001
CC[C@H](N)CN1CCC(N(Cc2ccc(N)c(Br)c2)c2cc(Br)ccc2O)CC1,0.992401,CC[C@H](N)CN1CCC(N(C(=O)c2ccc(N)c(Br)c2)c2cc(Br)ccc2O)CC1,0.984567
NCCCN(c1ccc2c(CN(CCc3ccc(O)cc3)C3CCCNC3)c[nH]c2c1)c1ccccn1,0.835384,NCCC(=O)N(c1ccc2c(CN(CCc3ccc(O)cc3)C3CCCNC3)c[nH]c2c1)c1ccccn1,0.773558
Fc1ccc(CN2CCCC(N3CCCC(N(Cc4ccnc(Br)c4)c4cccc5cc[nH]c45)C3)C2)cc1,0.948774,O=C(c1ccc(F)cc1)N1CCCC(N2CCCC(N(Cc3ccnc(Br)c3)c3cccc4cc[nH]c34)C2)C1,0.792991
C[C@@H](N)CN1CCC1CN(Cc1c[nH]c2ccc(Br)cc12)c1cccc(Br)c1O,0.995315,C[C@@H](N)C(=O)N1CCC1CN(Cc1c[nH]c2ccc(Br)cc12)c1cccc(Br)c1O,0.421735
NCCC[C@H](N)CN1CC(=O)C1,0.026765,NCCC[C@H](N)C(=O)N1CC(=O)C1,0.004131
N#Cc1cc(Br)cc(N(CC2(N)CCC2)CC2(N(CCBr)Cc3c[nH]c4ccc(F)cc34)CCC2)c1,0.903214,N#Cc1cc(Br)cc(N(CC2(N)CCC2)CC2(N(Cc3c[nH]c4ccc(F)cc34)C(=O)CBr)CCC2)c1,0.542327
NCCN1CCCCC1,0.02323,NCC(=O)N1CCCCC1,0.002956
O=C(CBr)CN(CCCO)Cc1c[nH]c2ccc(Br)cc12,0.030872,O=C(CBr)C(=O)N(CCCO)Cc1c[nH]c2ccc(Br)cc12,0.003844
NCCCN(CCC=O)c1ccc(Br)cc1,0.000985,NCCC(=O)N(CCC=O)c1ccc(Br)cc1,0.004856
C[C@@H](CNC1CC1)NCCNCCc1ccccc1Br,0.265316,C[C@@H](CNC1CC1)NCC(=O)NCCc1ccccc1Br,0.043004
COc1ccccc1CCNCC[C@H](CNCCc1ccccc1OC)NC[C@@H]1CCCN1,0.129575,COc1ccccc1CCNC[C@@H](CC(=O)NCCc1ccccc1OC)NC[C@@H]1CCCN1,0.129771
N[C@@H](CNCCc1ccc(O)cc1)Cc1ccc(O)cc1,0.849064,N[C@H](Cc1ccc(O)cc1)C(=O)NCCc1ccc(O)cc1,0.071551
COc1ccccc1CCNC[C@H](N)CO,0.317557,COc1ccccc1CCNC(=O)[C@H](N)CO,0.001577
COc1ccccc1CCNCCCN(CC[C@H](N)CN1CCCCC1)c1ccc(F)nc1Br,0.97528,COc1ccccc1CCNC(=O)CCN(CC[C@H](N)CN1CCCCC1)c1ccc(F)nc1Br,0.839051
Oc1ccc(Br)cc1N(CC1CCN1CC1CCN1)C(CCl)c1ccc(Cl)c(Cl)c1,0.993753,O=C(C1CCN1)N1CCC1CN(c1cc(Br)ccc1O)C(CCl)c1ccc(Cl)c(Cl)c1,0.680929
COCCN(Cc1cccc(Br)c1)C1CCN(C[C@H](CCCN)NCc2ccc(F)cc2)C1,0.936124,COCCN(Cc1cccc(Br)c1)C1CCN(C[C@@H](N)CCCNC(=O)c2ccc(F)cc2)C1,0.792342
O=C(O)c1ccc(N(CC2CCN2)c2cc(F)ccc2C(=O)CCl)c(Br)c1,0.077979,O=C(CCl)c1ccc(F)cc1Nc1ccc(C(=O)N2CCC2C(=O)O)cc1Br,0.004008
CN(CCNc1cccc2cc[nH]c12)Cc1cccc(O)c1,0.382391,CN(CC(=O)Nc1cccc2cc[nH]c12)Cc1cccc(O)c1,0.013248
NCCNCCCN(C[C@@H]1CCCN1)c1cc(Br)ccc1O,0.375229,NCCN(CCCNc1cc(Br)ccc1O)C(=O)[C@@H]1CCCN1,0.139545
NC1(CN(CCCNc2ccnc3ccccc23)CCC(=O)O)CCC1,0.20474,NC1(CN(CCC(=O)O)CCC(=O)Nc2ccnc3ccccc23)CCC1,0.011116
Fc1ccc(C(CCl)N(CC2CCN2)[C@H](Cc2c[nH]c3ccccc23)CN2CCCCC2)cc1,0.999995,O=C(C1CCN1)N(C(CCl)c1ccc(F)cc1)[C@H](Cc1c[nH]c2ccccc12)CN1CCCCC1,0.986058
CN(CCBr)CCN(C[C@@H](N)CCCN)c1ccc(C(=O)O)cc1Br,0.077998,CN(CCN(C[C@@H](N)CCCN)c1ccc(C(=O)O)cc1Br)C(=O)CBr,0.005433
Oc1ccc(F)cc1N(CC1CCN1CCBr)C[C@@H]1CCCN1Cc1c[nH]c2ccc(F)cc12,0.991608,O=C(CBr)N1CCC1CN(C[C@@H]1CCCN1Cc1c[nH]c2ccc(F)cc12)c1cc(F)ccc1O,0.969903
Nc1ccc(Br)cc1NC1CN(C[C@H]2CCCN2)C1,0.363173,Nc1ccc(Br)cc1N(C(=O)[C@H]1CCCN1)C1CNC1,0.153654
NCCCN(Cc1c[nH]c2cc(Br)ccc12)[C@H](CCC(=O)O)CN(CCN)c1cccc(Br)c1O,0.960095,NCCCN(Cc1c[nH]c2cc(Br)ccc12)[C@H](CCC(=O)O)CN(C(=O)CN)c1cccc(Br)c1O,0.929006
C=CC1c2cccc(OC)c2CCN1C[C@H]1CCCN1,0.90423,C=CC1c2cccc(OC)c2CCN1C(=O)[C@H]1CCCN1,0.103964
NCCN(C[C@H](CO)N(Cc1c[nH]c2cc(Br)ccc12)CC1CCNCC1)c1cc(F)ccc1O,0.941976,NCC(=O)N(C[C@H](CO)N(Cc1c[nH]c2cc(Br)ccc12)CC1CCNCC1)c1cc(F)ccc1O,0.915277
COc1ccc(O)c(NC[C@@H](N)Cc2c[nH]c3ccccc23)c1,0.172818,COc1ccc(O)c(NC(=O)[C@@H](N)Cc2c[nH]c3ccccc23)c1,0.007161
COc1ccccc1CCN(C[C@@H](N)CCCNc1cc(Br)ccc1O)C[C@@H]1CCCN1,0.972979,COc1ccccc1CCN(C[C@@H](N)CCC(=O)Nc1cc(Br)ccc1O)C[C@@H]1CCCN1,0.892699
CC(C)[C@H](CN(CCBr)c1cccc2cc[nH]c12)N(Cc1cccc(Br)c1)C1CCCNC1,0.941613,CC(C)[C@H](CN(C(=O)CBr)c1cccc2cc[nH]c12)N(Cc1cccc(Br)c1)C1CCCNC1,0.668757
O=C(CBr)CN(CCNC1CC1)c1cccc(Br)c1O,0.01237,O=C(CBr)CN(CC(=O)NC1CC1)c1cccc(Br)c1O,0.000669
N#Cc1cc(Br)cc(NCC2c3cccc(Br)c3CCN2C2CCNCC2)c1,0.986428,N#Cc1cc(Br)cc(NC(=O)C2c3cccc(Br)c3CCN2C2CCNCC2)c1,0.904711
CCCN(CC1CCN1CCNC)c1cc(Br)ccc1N,0.346472,CCCN(CC1CCN1C(=O)CNC)c1cc(Br)ccc1N,0.029954
CC[C@@H](CN(CCCCN)Cc1c[nH]c2ccc(Br)cc12)NCc1ccc(F)cc1,0.996387,CC[C@@H](CN(CCCCN)Cc1c[nH]c2ccc(Br)cc12)NC(=O)c1ccc(F)cc1,0.984426
Oc1ccc(F)cc1N(Cc1cccnc1F)C[C@@H]1CCCN1CC1CN(CCBr)C1,0.973783,O=C(CBr)N1CC(CN2CCC[C@H]2CN(Cc2cccnc2F)c2cc(F)ccc2O)C1,0.88379
C[C@@H](N)CN(c1cc(Br)ccc1O)C1CCCN(Cc2c[nH]c3ccccc23)C1,0.988486,C[C@@H](N)C(=O)N(c1cc(Br)ccc1O)C1CCCN(Cc2c[nH]c3ccccc23)C1,0.913307
CNCCN1CC(N(CCN)c2ccccc2S)C1,0.102216,CN(CCN1CC(Nc2ccccc2S)C1)C(=O)CN,0.059454
NCCN(CCc1ccncc1)C1CN(CC2CCN2)C1,0.588709,NCCN(CCc1ccncc1)C1CN(C(=O)C2CCN2)C1,0.374751
O=CCN1CCC(CN(C[C@H]2CCCN2Cc2c[nH]c3cc(Br)ccc23)c2cc(Br)ccc2O)CC1,0.992401,O=CC(=O)N1CCC(CN(C[C@H]2CCCN2Cc2c[nH]c3cc(Br)ccc23)c2cc(Br)ccc2O)CC1,0.671383
CC[C@H](C)[C@@H](N)CN1CCC1CNCCc1ccccc1OC,0.714183,CC[C@H](C)[C@@H](N)C(=O)N(CCc1ccccc1OC)CC1CCN1,0.010733
OC[C@H](CNc1ccc(Br)cc1)NCC1CCN1,0.111267,O=C(Nc1ccc(Br)cc1)[C@@H](CO)NCC1CCN1,0.008034
CNCCN(CCCO)c1cc(F)ccc1C(=O)CCl,0.008176,CNCC(=O)N(CCCO)c1cc(F)ccc1C(=O)CCl,0.006839
C[C@@H](CN(C)CC(=O)O)NCc1cccc(F)c1F,0.008556,C[C@@H](CN(C)CC(=O)O)NC(=O)c1cccc(F)c1F,0.001532
CN(CCNc1cc(F)ccc1O)CC[C@H](N)CNc1cccc2cc[nH]c12,0.706421,CN(CC[C@H](N)CNc1cccc2cc[nH]c12)CC(=O)Nc1cc(F)ccc1O,0.226988
COc1ccc(O)c(N(CC=O)CCC[C@@H](N)CN(CCCCN)Cc2ccc(F)cc2)c1,0.845594,COc1ccc(O)c(N(CCC[C@@H](N)CN(CCCCN)Cc2ccc(F)cc2)C(=O)C=O)c1,0.254215
O=C(O)[C@@H]1CCCN1CCNc1cccc(Br)c1O,0.009763,O=C(CN1CCC[C@H]1C(=O)O)Nc1cccc(Br)c1O,0.000722
NCCCN1CCC1CN(C[C@@H]1CCCN1Cc1c[nH]c2ccc(Br)cc12)c1cc(F)ccc1O,0.98605,NCCC(=O)N1CCC1CN(C[C@@H]1CCCN1Cc1c[nH]c2ccc(Br)cc12)c1cc(F)ccc1O,0.924166
OCCN(C[C@@H](CS)N(Cc1c[nH]c2cc(Br)ccc12)CC1CCN1)c1ccccn1,0.872244,O=C(C1CCN1)N(Cc1c[nH]c2cc(Br)ccc12)[C@H](CS)CN(CCO)c1ccccn1,0.197373
N#Cc1ccc(O)c(N(CC2CCN2)C2CCN(Cc3c[nH]c4ccc(Br)cc34)C2)c1,0.999994,N#Cc1ccc(O)c(N(C(=O)C2CCN2)C2CCN(Cc3c[nH]c4ccc(Br)cc34)C2)c1,0.972144
CCCN(CCCCN)C[C@H](N)Cc1ccc(O)cc1,0.976592,CCCN(CCCCN)C(=O)[C@H](N)Cc1ccc(O)cc1,0.0597
CNCCN(c1cc(F)ccc1O)C1CCN(Cc2ccccc2CCl)C1,0.992158,CNCC(=O)N(c1cc(F)ccc1O)C1CCN(Cc2ccccc2CCl)C1,0.836993
CNCCN(C[C@@H]1CCCN1)c1ccnc2ccccc12,0.470324,CN(CCNc1ccnc2ccccc12)C(=O)[C@@H]1CCCN1,0.014876
N[C@H](CCCNCCc1ccc(O)cc1)CN1CCC1C(=O)O,0.859528,N[C@H](CCCN(CCc1ccc(O)cc1)C(=O)C1CCN1)C(=O)O,0.026401
CNCCN1CCC(Nc2cccc(Br)c2O)CC1,0.262332,CNCC(=O)N(c1cccc(Br)c1O)C1CCNCC1,0.081869
Oc1ccccc1NC(CBr)CN1CCCCC1,0.048822,O=C(C(CBr)Nc1ccccc1O)N1CCCCC1,0.002131
NCCCN(C[C@H](CS)N(Cc1c[nH]c2cc(Br)ccc12)CC1CCN1)c1ccc(Br)cc1O,0.985137,NCCCN(C[C@H](CS)N(Cc1c[nH]c2cc(Br)ccc12)C(=O)C1CCN1)c1ccc(Br)cc1O,0.715173
Oc1cc(F)c(F)cc1NC[C@@H]1CCCN1CC(CBr)NCCc1ccccc1Br,0.939087,O=C(Nc1cc(F)c(F)cc1O)[C@@H]1CCCN1CC(CBr)NCCc1ccccc1Br,0.691649
CNCCN(CCCN(CCO)C(CCl)c1ccc(Br)cc1)c1ccc(Br)cc1O,0.981295,CNCC(=O)N(CCCN(CCO)C(CCl)c1ccc(Br)cc1)c1ccc(Br)cc1O,0.89192
Cc1ccnc(Br)c1NCCN,0.033836,Cc1ccnc(Br)c1NC(=O)CN,0.002455
Nc1cccc(Br)c1N(C[C@H]1CCCN1)C[C@H]1CCCN1,0.116369,Nc1cccc(Br)c1N(C[C@H]1CCCN1)C(=O)[C@H]1CCCN1,0.183069
CCCN1CCC(N(CCN)c2cc(F)ccc2O)CC1,0.696725,CCCN1CCC(N(C(=O)CN)c2cc(F)ccc2O)CC1,0.720328
C=CCNC1CCC1,0.01383,C=CC(=O)NC1CCC1,0.004149
C[C@@H](O)[C@H](N)CN[C@H](Cc1c[nH]c2ccccc12)C(=O)O,0.155694,C[C@@H](O)[C@H](N)C(=O)N[C@H](Cc1c[nH]c2ccccc12)C(=O)O,0.006076
C#CCNC[C@@H]1CCCN1,0.025133,C#CCNC(=O)[C@@H]1CCCN1,0.004018
COc1ccccc1CCN(CC1c2cc(O)ccc2CCN1CC=O)CC1(N)CCC1,0.964599,COc1ccccc1CCN(CC1c2cc(O)ccc2CCN1C(=O)C=O)CC1(N)CCC1,0.567566
C[C@H](N)CN(CCc1ccccc1Br)C1CCN(Cc2ccc(N)c(Br)c2)CC1,0.973056,C[C@H](N)CN(CCc1ccccc1Br)C1CCN(C(=O)c2ccc(N)c(Br)c2)CC1,0.881823
C[C@H](N)CN[C@@H](CS)CNc1cc(Br)ccc1O,0.125161,C[C@H](N)CN[C@@H](CS)C(=O)Nc1cc(Br)ccc1O,0.010291
COc1cccc(C(C)N(CC=O)CCCN(C2CCC2)C(CCl)c2ccc(F)cc2)c1,0.968528,COc1cccc(C(C)N(CCCN(C2CCC2)C(CCl)c2ccc(F)cc2)C(=O)C=O)c1,0.309102
N[C@H](CCCN1CCC(=O)C1)CNc1cccc2cc[nH]c12,0.402007,N[C@H](CCCN1CCC(=O)C1)C(=O)Nc1cccc2cc[nH]c12,0.038447
C[C@@H](CN(CCN)CCc1c[nH]c2ccccc12)N(CCN)Cc1ccc(N)c(Br)c1,0.978562,C[C@@H](CN(CCc1c[nH]c2ccccc12)C(=O)CN)N(CCN)Cc1ccc(N)c(Br)c1,0.931702
CC[C@@H](CN(CCc1ccccc1)Cc1c[nH]c2ccc(Br)cc12)N(CCN)C(C)CCl,0.979592,CC[C@@H](CN(CCc1ccccc1)Cc1c[nH]c2ccc(Br)cc12)N(C(=O)CN)C(C)CCl,0.691952
COc1ccc(N(C[C@H]2CCCN2Cc2ccc(F)cc2)C[C@@H]2CCCN2Cc2ccc(F)cc2)c(N)c1,0.561332,COc1ccc(N(C[C@@H]2CCCN2Cc2ccc(F)cc2)C[C@H]2CCCN2C(=O)c2ccc(F)cc2)c(N)c1,0.48145
O=C1CCN(CCN(CC2CCN2)[C@H](Cc2ccccc2)C(=O)O)CC1,0.08203,O=C1CCN(CCN(C(=O)C2CCN2)[C@H](Cc2ccccc2)C(=O)O)CC1,0.038647
O=C(O)c1cccc(O)c1NC[C@H]1CCCN1,0.041189,O=C(O)c1cccc(O)c1NC(=O)[C@H]1CCCN1,0.005511
N#Cc1ccc(OC(=O)C2CN(C[C@H]3CCCN3Cc3ccc(F)c(F)c3F)C2)c(N)c1,0.816152,N#Cc1ccc(OC(=O)C2CN(C[C@H]3CCCN3C(=O)c3ccc(F)c(F)c3F)C2)c(N)c1,0.390883
COc1ccc(O)c(N(C[C@H](N)CCC(=O)O)C(CCl)c2ccc(-c3cccc(O)c3)cc2)c1,0.094776,COc1ccc(O)c(N(C(=O)CC[C@@H](N)C(=O)O)C(CCl)c2ccc(-c3cccc(O)c3)cc2)c1,0.032427
NCCN1CCC(O)CC1,0.032087,NCC(=O)N1CCC(O)CC1,0.013192
Brc1cc(CNCCc2c[nH]c3ccccc23)ccc1NC1CCNCC1,0.888389,O=C(NCCc1c[nH]c2ccccc12)c1ccc(NC2CCNCC2)c(Br)c1,0.647596
Cc1ccnc(N(C[C@@H]2CCCN2C2CN(CCN)C2)c2cccc(Br)c2O)c1N,0.948419,Cc1ccnc(N(C[C@@H]2CCCN2C2CN(C(=O)CN)C2)c2cccc(Br)c2O)c1N,0.665779
NC1(CN(CC2CCN2)c2cc(Br)ccc2O)CCC1,0.174155,NC1(CN(C(=O)C2CCN2)c2cc(Br)ccc2O)CCC1,0.197543
Brc1ccccc1CCNC[C@H]1CCCN1Cc1c(Br)cccc1NCC1CNC1,0.709371,O=C(NCCc1ccccc1Br)[C@H]1CCCN1Cc1c(Br)cccc1NCC1CNC1,0.392387
C[C@H](N)CNC1(CN(CCCCNCc2c[nH]c3ccc(F)cc23)Cc2cccc(Br)c2)CCC1,0.940102,C[C@H](N)C(=O)NC1(CN(CCCCNCc2c[nH]c3ccc(F)cc23)Cc2cccc(Br)c2)CCC1,0.917452
Fc1ccc(CN[C@@H](CCCN2CCCCC2)CNCCc2ccccc2Br)cc1,0.990798,O=C(CC[C@@H](CNCCc1ccccc1Br)NCc1ccc(F)cc1)N1CCCCC1,0.149473
NCCCN1CC(CNc2ccc(Br)cc2N)C1,0.165304,NCCC(=O)N(CC1CNC1)c1ccc(Br)cc1N,0.100591
CC[C@H](N)CN(CCN(C)C[C@H](C)N)c1cc(Br)ccc1O,0.277287,CC[C@H](N)C(=O)N(CCN(C)C[C@H](C)N)c1cc(Br)ccc1O,0.569167
CNCCN[C@@H](C)C(=O)Oc1ccc(F)cc1N,0.015111,CNCC(=O)N[C@@H](C)C(=O)Oc1ccc(F)cc1N,0.002625
COc1ccc(O)c(N(CCN(C)C2CCCN(CCN)C2)Cc2ccc(N)c(Br)c2)c1,0.995733,COc1ccc(O)c(N(CCN(C)C2CCCN(CCN)C2)C(=O)c2ccc(N)c(Br)c2)c1,0.992022
COc1ccc(O)c(NCC(=O)CBr)c1,0.003857,COc1ccc(O)c(NC(=O)C(=O)CBr)c1,0.000283
Nc1ccc(CN(Cc2ccnc(F)c2)[C@@H](Cc2c[nH]c3ccccc23)CN2CCC2CN2CCC[C@@H]2CO)cc1Br,0.675101,Nc1ccc(C(=O)N(Cc2ccnc(F)c2)[C@@H](Cc2c[nH]c3ccccc23)CN2CCC2CN2CCC[C@@H]2CO)cc1Br,0.708681
NCCC[C@H](N)CN1CCCCC1,0.050349,NCCC[C@H](N)C(=O)N1CCCCC1,0.002786
N#Cc1cc(Br)cc(NC[C@@H](Cc2ccc(O)cc2)N(CC2CCN2)C2CNC2)c1,0.981996,N#Cc1cc(Br)cc(NC(=O)[C@@H](Cc2ccc(O)cc2)N(CC2CCN2)C2CNC2)c1,0.974815
N[C@H](CCCN1CCc2c(Br)cccc2C1c1c[nH]c2ccc(F)cc12)CNC1CC1,0.995367,N[C@H](CCCN1CCc2c(Br)cccc2C1c1c[nH]c2ccc(F)cc12)C(=O)NC1CC1,0.986736
N[C@H](CCNc1ccc(Br)cc1)CN1CCCCC1,0.238291,N[C@H](CCNc1ccc(Br)cc1)C(=O)N1CCCCC1,0.002624
Nc1cc(Br)ccc1N(Cc1ccc(F)cc1)C[C@@H]1CCCNC1,0.65026,Nc1cc(Br)ccc1N(Cc1ccc(F)cc1)C(=O)[C@@H]1CCCNC1,0.306038
Brc1ccc(NCCNC[C@@H]2CCCN2)cc1,0.169345,O=C(NCCNc1ccc(Br)cc1)[C@@H]1CCCN1,0.00689
Brc1cccc(CN2CCC2CNCCc2ccccc2Br)c1,0.977375,O=C(NCCc1ccccc1Br)C1CCN1Cc1cccc(Br)c1,0.114922
COc1ccc(O)c(N(Cc2c[nH]c3cc(Br)ccc23)C[C@H](N)CCCN2CCCCC2)c1,0.995928,COc1ccc(O)c(N(Cc2c[nH]c3cc(Br)ccc23)C[C@H](N)CCC(=O)N2CCCCC2)c1,0.191975
N[C@@H](CC(=O)O)CN(Cc1c[nH]c2ccccc12)c1cccnc1Br,0.02183,N[C@@H](CC(=O)N(Cc1c[nH]c2ccccc12)c1cccnc1Br)C(=O)O,0.010879
N[C@H](CN(CC1CCN1)c1cc(Br)ccc1O)c1ccccc1,0.675194,N[C@H](CN(C(=O)C1CCN1)c1cc(Br)ccc1O)c1ccccc1,0.456327
CN(CCNCCc1c[nH]c2ccccc12)C[C@H](N)CS,0.754259,CN(CC(=O)NCCc1c[nH]c2ccccc12)C[C@H](N)CS,0.070494
Brc1ccc(NCC2CNC2)cc1,0.054774,O=C(Nc1ccc(Br)cc1)C1CNC1,0.001679
O=C1CN(C[C@H](CO)NCc2c[nH]c3ccc(F)cc23)C1,0.135909,O=C1CN(C(=O)[C@H](CO)NCc2c[nH]c3ccc(F)cc23)C1,0.010421
O=C(O)C1CCN1CCNc1cccnc1Br,0.012147,O=C(O)C1CCN1C(=O)CNc1cccnc1Br,0.004539
CC(C)[C@@H](N)CN(CCc1ccccc1Br)CC1CCN1,0.360197,CC(C)[C@@H](N)CN(CCc1ccccc1Br)C(=O)C1CCN1,0.016999
NCCN(Cc1c[nH]c2ccc(Br)cc12)[C@H](CO)C(=O)O,0.05995,NCC(=O)N(Cc1c[nH]c2ccc(Br)cc12)[C@H](CO)C(=O)O,0.035248
O=C(O)C1CCN1C[C@H]1CCCNC1,0.021956,O=C(O)C1CCN1C(=O)[C@H]1CCCNC1,0.005248
C[C@@H](O)[C@@H](CNc1ccnc2ccccc12)NC1CNC1,0.255885,C[C@@H](O)[C@H](NC1CNC1)C(=O)Nc1ccnc2ccccc12,0.025953
CCCN(CCc1ccc(O)cc1)C[C@@H](N)CCCNc1cc(F)c(F)cc1O,0.989527,CCCN(CCc1ccc(O)cc1)C[C@@H](N)CCC(=O)Nc1cc(F)c(F)cc1O,0.861968
NCCN(C[C@H](N)CCN1CCC[C@H]1CNc1cccc2cc[nH]c12)c1cc(F)ccc1O,0.952691,NCC(=O)N(C[C@@H]1CCCN1CC[C@@H](N)CNc1cc(F)ccc1O)c1cccc2cc[nH]c12,0.965455
CC(C)CNCCCN1CCC1CNc1ccccc1O,0.484387,CC(C)CNCCCN1CCC1C(=O)Nc1ccccc1O,0.054141
COc1ccc(O)c(N(CCBr)C[C@H](CCC(=O)O)NCc2c[nH]c3ccc(Br)cc23)c1,0.657783,COc1ccc(O)c(N(C[C@H](CCC(=O)O)NCc2c[nH]c3ccc(Br)cc23)C(=O)CBr)c1,0.193663
C[C@@H](N)CNCCCN1CCC(Nc2cccc3cc[nH]c23)C1,0.635277,C[C@@H](N)C(=O)NCCCN1CCC(Nc2cccc3cc[nH]c23)C1,0.240122
NCCCN(c1ccc(CNC2CC2)cc1Br)C1CCNCC1,0.207495,NCCC(=O)N(Cc1ccc(NC2CCNCC2)c(Br)c1)C1CC1,0.087892
NCCN(CCc1ccccc1Br)C1CCN(CC2CCN2)CC1,0.539647,NCCN(CCc1ccccc1Br)C1CCN(C(=O)C2CCN2)CC1,0.5
NCCCN(C(CCl)c1ccc(Cl)c(Cl)c1)C1(C(=O)O)CCC1,0.087329,NCCC(=O)N(C(CCl)c1ccc(Cl)c(Cl)c1)C1(C(=O)O)CCC1,0.016482
NCCN[C@H](CO)CN(CC1CCN1Cc1c[nH]c2ccccc12)c1cccc(Br)c1O,0.953585,NCC(=O)N[C@H](CO)CN(CC1CCN1Cc1c[nH]c2ccccc12)c1cccc(Br)c1O,0.769143
c1cc(NC[C@H]2CCCN2C2CCNC2)c2[nH]ccc2c1,0.774341,O=C(Nc1cccc2cc[nH]c12)[C@H]1CCCN1C1CCNC1,0.312631
Nc1ccc(N2CCC(N(CC3CCN3)c3cc(F)c(F)cc3O)CC2)cc1O,0.802155,Nc1ccc(N2CCC(N(C(=O)C3CCN3)c3cc(F)c(F)cc3O)CC2)cc1O,0.38661
Oc1ccc(Br)cc1N(C1CNC1)C1CCCN(C[C@H]2CCCN2)C1,0.831906,O=C([C@H]1CCCN1)N1CC(N(c2cc(Br)ccc2O)C2CCCNC2)C1,0.108123
N[C@@H](CC(=O)O)CN1CCC[C@@H]1CNCCc1c[nH]c2ccccc12,0.925933,N[C@@H](CC(=O)NCCc1c[nH]c2ccccc12)CN1CCC[C@@H]1C(=O)O,0.140461
Nc1cc(Br)ccc1N(Cc1c[nH]c2ccc(Br)cc12)C[C@H]1CCCN1,0.858243,Nc1cc(Br)ccc1N(Cc1c[nH]c2ccc(Br)cc12)C(=O)[C@H]1CCCN1,0.783541
O=C(O)C1(NC2CCN(Cc3cccc(F)c3F)C2)CCC1,0.042874,O=C(c1cccc(F)c1F)N(C1CCNC1)C1(C(=O)O)CCC1,0.005305
CC[C@H](N)CN1CCc2ccc(O)cc2C1c1c[nH]c2ccccc12,0.934826,CC[C@H](N)C(=O)N1CCc2ccc(O)cc2C1c1c[nH]c2ccccc12,0.26252
CN(CCN(Cc1c[nH]c2cc(Br)ccc12)c1cc(C#N)ccc1O)CC1CNC1,0.996454,CN(CCN(Cc1c[nH]c2cc(Br)ccc12)c1cc(C#N)ccc1O)C(=O)C1CNC1,0.760338
N[C@H](CCNC1CCC1)CNCCc1c[nH]c2ccccc12,0.751503,N[C@@H](CNCCc1c[nH]c2ccccc12)CC(=O)NC1CCC1,0.358363
Nc1cc(F)ccc1OC(=O)[C@@H](N)CCCN1CCC[C@H]1CO,0.307585,Nc1cc(F)ccc1OC(=O)[C@@H](N)CCC(=O)N1CCC[C@H]1CO,0.001851
C[C@@H](N)CN(CC1CCN1C[C@@H]1CCCN1)c1ccccc1O,0.510724,C[C@@H](N)CN(CC1CCN1C(=O)[C@@H]1CCCN1)c1ccccc1O,0.023047
C[C@H](CN(CCc1ccccc1Br)Cc1c[nH]c2ccc(Br)cc12)N(CCC=O)CC1(N)CCC1,0.993215,C[C@H](CN(CCc1ccccc1Br)Cc1c[nH]c2ccc(Br)cc12)N(CCC=O)C(=O)C1(N)CCC1,0.734375
O=C(O)CCN(CC1CCNCC1)C(CBr)c1ccc(O)cc1,0.297145,O=C(O)C1CCN(C(=O)CCNC(CBr)c2ccc(O)cc2)CC1,0.035104
Oc1c(Br)cccc1N(CCNCc1ccc(F)cc1)CC1CCN1C[C@@H]1CCCN1,0.996031,O=C(NCCN(CC1CCN1C[C@@H]1CCCN1)c1cccc(Br)c1O)c1ccc(F)cc1,0.992542
Nc1cc(Br)ccc1N(CC1CN(Cc2c[nH]c3cc(Br)ccc23)C1)C[C@@H](N)CCCN1CC(=O)C1,0.97104,Nc1cc(Br)ccc1N(CC1CN(Cc2c[nH]c3cc(Br)ccc23)C1)C[C@@H](N)CCC(=O)N1CC(=O)C1,0.673175
NC1(CN(CC=O)CCc2c[nH]c3ccccc23)CCC1,0.509337,NC1(CN(CCc2c[nH]c3ccccc23)C(=O)C=O)CCC1,0.016418
COc1ccccc1CCNC[C@H](N)CCSC,0.208961,COc1ccccc1CCNC(=O)[C@H](N)CCSC,0.001755
C=CCN1CCC1CN(CCc1ccccc1)c1cc(F)ccc1C(=O)CCl,0.833954,C=CC(=O)N1CCC1CN(CCc1ccccc1)c1cc(F)ccc1C(=O)CCl,0.014408
Oc1ccc(Br)cc1N(Cc1cccc(Br)c1)C1CCN(C[C@@H]2CCCN2)C1,0.993847,O=C([C@@H]1CCCN1)N1CCC(N(Cc2cccc(Br)c2)c2cc(Br)ccc2O)C1,0.393495
Sc1ccccc1NCC1CCNCC1,0.362984,O=C(Nc1ccccc1S)C1CCNCC1,0.017457
C[C@H](N)CN[C@H](Cc1c[nH]c2ccccc12)C(=O)O,0.27282,C[C@H](N)C(=O)N[C@H](Cc1c[nH]c2ccccc12)C(=O)O,0.010639
O=C1CCN(CCCNCCc2ccccc2Br)C1,0.355155,O=C1CCN(CCC(=O)NCCc2ccccc2Br)C1,0.010157
NCCN(C[C@H](N)CCNC1CC1)c1cccnc1Br,0.100159,NCCN(C[C@H](N)CC(=O)NC1CC1)c1cccnc1Br,0.014044
C[C@H](N)CN(CCN(C)CCNCc1ccc(F)cc1)c1cc(F)ccc1O,0.951161,C[C@@H](CN(CCN(C)CCN)c1cc(F)ccc1O)NC(=O)c1ccc(F)cc1,0.924605
C=CCN(CCc1ccncc1)C[C@@H]([C@@H](C)CC)N(CCCN)Cc1c[nH]c2ccccc12,0.832529,C=CC(=O)N(CCc1ccncc1)C[C@@H]([C@@H](C)CC)N(CCCN)Cc1c[nH]c2ccccc12,0.373177
C=CCN1CCCC(NCCC(=O)O)C1,0.045073,C=CC(=O)N(CCC(=O)O)C1CCCNC1,0.003234
NCCCN(CCc1ccccc1)C[C@@H]1CCCN1,0.654067,NCCCN(CCc1ccccc1)C(=O)[C@@H]1CCCN1,0.048842
N[C@@H](CS)CN(c1cccc(Br)c1O)C1CN(Cc2ccc(F)c(F)c2F)C1,0.57886,N[C@@H](CS)C(=O)N(c1cccc(Br)c1O)C1CN(Cc2ccc(F)c(F)c2F)C1,0.184681
C[C@H](N)CN(C[C@@H]1CCCN1)C1CC1,0.050572,C[C@H](N)CN(C(=O)[C@@H]1CCCN1)C1CC1,0.00595
C[C@@H](N)CNc1ccccn1,0.028187,C[C@@H](N)C(=O)Nc1ccccn1,0.001754
C#CCN(Cc1c[nH]c2ccc(Br)cc12)C1CN(Cc2cccc(F)c2NCCCN)C1,0.968173,C#CCN(Cc1c[nH]c2ccc(Br)cc12)C1CN(Cc2cccc(F)c2NC(=O)CCN)C1,0.907946
Fc1ccc(NC[C@H]2CCCN2CCC2c3cccc(Br)c3CCN2Cc2c[nH]c3cc(Br)ccc23)c(Br)n1,0.919001,O=C(Nc1ccc(F)nc1Br)[C@H]1CCCN1CCC1c2cccc(Br)c2CCN1Cc1c[nH]c2cc(Br)ccc12,0.87971
C[C@@H](N)CN(CC1CCN1C1CN(Cc2cccc(F)c2F)C1)c1ccccn1,0.856097,C[C@@H](N)CN(CC1CCN1C1CN(C(=O)c2cccc(F)c2F)C1)c1ccccn1,0.706603
Fc1ccc(CNCCCN(CCc2c[nH]c3ccccc23)CC2CCN2CC2CCN2)cc1,0.995408,O=C(C1CCN1)N(CCCN(CCc1c[nH]c2ccccc12)CC1CCN1)Cc1ccc(F)cc1,0.966949
N[C@H](CCNc1cccc(Br)c1O)CNCCc1ccccc1Br,0.770095,N[C@@H](CNCCc1ccccc1Br)CC(=O)Nc1cccc(Br)c1O,0.099677
NCCN(Cc1c[nH]c2cc(Br)ccc12)c1c(F)cccc1CN(C[C@@H]1CCCN1)C12CC(C1)C2,0.957436,NCC(=O)N(Cc1c[nH]c2cc(Br)ccc12)c1c(F)cccc1CN(C[C@@H]1CCCN1)C12CC(C1)C2,0.890819
C=CCN1CCC[C@@H]1CN(CC(=O)CBr)c1cc(OC)ccc1N,0.174956,C=CC(=O)N1CCC[C@@H]1CN(CC(=O)CBr)c1cc(OC)ccc1N,0.001554
C[C@H](N)CN(CCCN(CCc1c[nH]c2ccc(O)cc12)Cc1cccc(F)c1F)C[C@@H](C)N,0.952777,C[C@H](N)C(=O)N(CCCN(CCc1c[nH]c2ccc(O)cc12)Cc1cccc(F)c1F)C[C@@H](C)N,0.934397
Oc1ccc(F)cc1N(Cc1ccc(F)cc1)C(CCl)c1ccc(Br)cc1,0.111805,O=C(c1ccc(F)cc1)N(c1cc(F)ccc1O)C(CCl)c1ccc(Br)cc1,0.027945
NCCN(CCc1ccccc1Br)c1c(C(=O)O)ccc(F)c1F,0.049603,NCC(=O)N(CCc1ccccc1Br)c1c(C(=O)O)ccc(F)c1F,0.013927
Oc1ccc(Br)cc1N(C[C@H]1CCCN1)C1CCN(C2CCNC2)CC1,0.597396,O=C([C@H]1CCCN1)N(c1cc(Br)ccc1O)C1CCN(C2CCNC2)CC1,0.668132
N#Cc1cc(Br)cc(NCCCN(CC2(N)CCC2)C2CNC2)c1,0.685533,N#Cc1cc(Br)cc(NC(=O)CCN(CC2(N)CCC2)C2CNC2)c1,0.288938
O=C(O)C1CN(CCCNCc2cccc(F)c2F)C1,0.067575,O=C(O)C1CN(C(=O)CCNCc2cccc(F)c2F)C1,0.005925
O=C(O)[C@@H](CS)NC[C@@H]1CCCN1,0.010764,O=C(N[C@H](CS)C(=O)O)[C@@H]1CCCN1,0.002494
NC1(CN(c2c(F)cccc2CNCCc2c[nH]c3ccccc23)C2CC2)CCC1,0.896961,NC1(CN(c2c(F)cccc2C(=O)NCCc2c[nH]c3ccccc23)C2CC2)CCC1,0.667231
NCCCN(CCc1c[nH]c2ccccc12)Cc1cccc(F)c1N(CC=O)C1CCCNC1,0.963662,NCCCN(CCc1c[nH]c2ccccc12)Cc1cccc(F)c1N(C(=O)C=O)C1CCCNC1,0.803004
Oc1ccc(F)cc1NC[C@@H]1Cc2ccccc2CN1C1CCNC1,0.985787,O=C(Nc1cc(F)ccc1O)[C@@H]1Cc2ccccc2CN1C1CCNC1,0.804141
CC[C@@H](CN(CC=O)c1cc(Br)cc(C#N)c1)N(Cc1cccc(F)c1N)C1CCNCC1,0.928872,CC[C@@H](CN(C(=O)C=O)c1cc(Br)cc(C#N)c1)N(Cc1cccc(F)c1N)C1CCNCC1,0.556677
COc1ccccc1CCN(C[C@H](CC(=O)O)NCc1c[nH]c2ccc(Br)cc12)C[C@@H]1CCCN1CCN,0.978761,COc1ccccc1CCN(C[C@@H]1CCCN1)C[C@H](CC(=O)O)N(Cc1c[nH]c2ccc(Br)cc12)C(=O)CN,0.798058
COc1ccccc1CCNCC[C@H](N)CN(C)CC(=O)O,0.343832,COc1ccccc1CCNC(=O)CN(C)C[C@@H](N)CC(=O)O,0.016648
N#Cc1cc(Br)cc(NCCC[C@H](N)CN2CCC[C@@H]2CNCCc2ccccc2)c1,0.962021,N#Cc1cc(Br)cc(NC(=O)CC[C@H](N)CN2CCC[C@@H]2CNCCc2ccccc2)c1,0.830834
CNCCN(CCC[C@H](N)C(=O)O)c1cc(F)ccc1O,0.083665,CN(CC(=O)O)C(=O)[C@@H](N)CCCNc1cc(F)ccc1O,0.010745
COc1ccccc1CCN(CCBr)C[C@@H](N)CC(=O)O,0.075365,COc1ccccc1CCN(CCBr)C(=O)C[C@H](N)C(=O)O,0.001986
COc1ccccc1CCN(CC1NCCc2c(OC)cccc21)C[C@@H]1CCCN1,0.983627,COc1ccccc1CCN(CC1NCCc2c(OC)cccc21)C(=O)[C@@H]1CCCN1,0.334629
NCCN1CCCC(N(Cc2cccc(Br)c2)c2cc(Br)ccc2O)C1,0.988633,NCC(=O)N1CCCC(N(Cc2cccc(Br)c2)c2cc(Br)ccc2O)C1,0.1402
CC[C@H](N)C(=O)Oc1c(Br)cccc1N(Cc1c[nH]c2ccc(Br)cc12)CC1CCN1CCCN,0.987214,CC[C@H](N)C(=O)Oc1c(Br)cccc1N(Cc1c[nH]c2ccc(Br)cc12)CC1CCN1C(=O)CCN,0.307469
Oc1c(Br)cccc1NCCCNC1CC1,0.134919,O=C(CCNc1cccc(Br)c1O)NC1CC1,0.005796
CC[C@@H](CN1CCC(=O)CC1)NCCCN,0.049453,CC[C@H](NCCCN)C(=O)N1CCC(=O)CC1,0.002917
OCCN[C@H](CNc1cc(F)c(F)cc1O)Cc1c[nH]c2ccccc12,0.5,O=C(Nc1cc(F)c(F)cc1O)[C@H](Cc1c[nH]c2ccccc12)NCCO,0.093825
Nc1ccc(CN2CCCC(N(CC3(N)CCC3)c3ccc(Br)cc3O)C2)cc1Br,0.981495,Nc1ccc(C(=O)N2CCCC(N(CC3(N)CCC3)c3ccc(Br)cc3O)C2)cc1Br,0.187983
O=C(O)[C@@H]1CCCN1CCCNCCc1c[nH]c2ccccc12,0.762236,O=C(O)CCN(CCc1c[nH]c2ccccc12)C(=O)[C@@H]1CCCN1,0.054055
COc1ccccc1CCNCCN(C)CC1CCN1CCN,0.566139,COc1ccccc1CCNC(=O)CN(C)CC1CCN1CCN,0.163813
N[C@@H](Cc1c[nH]c2ccccc12)CN1CCC1CN(CCBr)c1cc(Br)ccc1O,0.996295,N[C@@H](Cc1c[nH]c2ccccc12)CN1CCC1CN(C(=O)CBr)c1cc(Br)ccc1O,0.985905
CN(CCN(Cc1c[nH]c2cc(Br)ccc12)c1cc(Br)ccc1O)CC1CCN1,0.999991,CN(CCN(Cc1c[nH]c2cc(Br)ccc12)c1cc(Br)ccc1O)C(=O)C1CCN1,0.884122
CCCN(c1cccc2cc[nH]c12)C1CCN(C[C@H](CCSC)NCc2ccc(F)cc2)C1,0.994136,CCCN(c1cccc2cc[nH]c12)C1CCN(C[C@H](CCSC)NC(=O)c2ccc(F)cc2)C1,0.952334
COc1ccc(N(CCCN)C2CN(CC3CCN(Cc4ccc(F)cc4)CC3)C2)c(N)c1,0.941392,COc1ccc(N(CCCN)C2CN(CC3CCN(C(=O)c4ccc(F)cc4)CC3)C2)c(N)c1,0.820334
N[C@@H](CCNCCN1CCCCC1)CNc1cccc2cc[nH]c12,0.542392,N[C@@H](CCNCC(=O)N1CCCCC1)CNc1cccc2cc[nH]c12,0.028269
BrCCNCCN(c1ccccn1)C1CCNCC1,0.140442,O=C(CBr)NCCN(c1ccccn1)C1CCNCC1,0.018367
O=CCN(Cc1c[nH]c2ccc(Br)cc12)c1ccc(Br)cc1NC1CCN(C2CCCNC2)C1,0.990632,O=CC(=O)N(Cc1c[nH]c2ccc(Br)cc12)c1ccc(Br)cc1NC1CCN(C2CCCNC2)C1,0.987703
N#Cc1cc(Br)cc(N(Cc2c[nH]c3ccc(Br)cc23)CC2CCN2C[C@H]2CCCN2CC=O)c1,0.994145,N#Cc1cc(Br)cc(N(Cc2c[nH]c3ccc(Br)cc23)CC2CCN2C[C@H]2CCCN2C(=O)C=O)c1,0.901339
NCCCN(CCCCNCc1ccc(N)c(Br)c1)C[C@@H]1CCCN1Cc1ccc(F)cc1,0.970717,NCCCCN(CCCNC(=O)c1ccc(N)c(Br)c1)C[C@@H]1CCCN1Cc1ccc(F)cc1,0.946822
C[C@H](N)CN(Cc1c[nH]c2ccc(C#N)cc12)C1(C(=O)O)CCC1,0.21416,C[C@H](N)C(=O)N(Cc1c[nH]c2ccc(C#N)cc12)C1(C(=O)O)CCC1,0.07164
NCCCN1CCC1C(=O)O,0.013727,NCCC(=O)N1CCC1C(=O)O,0.005187
CC[C@H](N)CN(CC1CN(CCCNCCc2ccccc2Br)C1)c1cc(Br)ccc1O,0.971606,CC[C@H](N)C(=O)N(CC1CN(CCCNCCc2ccccc2Br)C1)c1cc(Br)ccc1O,0.97327
N[C@H](CCCNc1cc(Br)ccc1O)CN1CCC[C@H]1CNCCc1ccc(O)cc1,0.980283,N[C@H](CCCNc1cc(Br)ccc1O)CN1CCC[C@H]1C(=O)NCCc1ccc(O)cc1,0.877132
COc1ccccc1CCNC1CCCN(C[C@@H]2CCCN2)C1,0.772548,COc1ccccc1CCN(C(=O)[C@@H]1CCCN1)C1CCCNC1,0.053085
COc1ccccc1CCN(C[C@H](CS)NCc1c[nH]c2ccc(F)cc12)C[C@@H]1CCCN1,0.99556,COc1ccccc1CCN(C[C@H](CS)NCc1c[nH]c2ccc(F)cc12)C(=O)[C@@H]1CCCN1,0.63186
c1cc(CCNCCCNC2CCCNC2)ccn1,0.192165,O=C(CCNC1CCCNC1)NCCc1ccncc1,0.067266
Oc1ccc(CCNCCCN(c2cc(Br)ccc2O)C2CCCNC2)cc1,0.987422,O=C(CCN(c1cc(Br)ccc1O)C1CCCNC1)NCCc1ccc(O)cc1,0.856091
Nc1ccc(CN(CCc2c[nH]c3ccccc23)CC2CCN2)cc1Br,0.99628,Nc1ccc(C(=O)N(CCc2c[nH]c3ccccc23)CC2CCN2)cc1Br,0.657167
N[C@@H](CS)CN(C[C@@H](N)Cc1c[nH]c2ccccc12)c1cc(F)c(F)cc1O,0.604652,N[C@@H](CS)CN(C(=O)[C@@H](N)Cc1c[nH]c2ccccc12)c1cc(F)c(F)cc1O,0.356287
COc1cccc(CN(CCN)C2CCN(CC3CCN3)C2)c1,0.347663,COc1cccc(CN(C(=O)CN)C2CCN(CC3CCN3)C2)c1,0.1338
O=C(O)CCN(C[C@@H]1CCCN1)c1cccc(Br)c1O,0.019965,O=C(O)CCN(C(=O)[C@@H]1CCCN1)c1cccc(Br)c1O,0.026868
N#Cc1cc(Br)cc(N(CCCN)C[C@@H](Cc2c[nH]c3ccccc23)NC2CCCN(CC=O)C2)c1,0.988132,N#Cc1cc(Br)cc(N(CCCN)C[C@@H](Cc2c[nH]c3ccccc23)N(C(=O)C=O)C2CCCNC2)c1,0.290612
Fc1ccc(CN(CC2CCN(C3CCCNC3)CC2)c2cccc3cc[nH]c23)cc1,0.995175,O=C(c1ccc(F)cc1)N(CC1CCN(C2CCCNC2)CC1)c1cccc2cc[nH]c12,0.988227
COCCN(Cc1c[nH]c2ccccc12)C[C@@H](Cc1ccc(O)cc1)N(CCN)CCBr,0.94319,COCCN(Cc1c[nH]c2ccccc12)C[C@@H](Cc1ccc(O)cc1)N(CCN)C(=O)CBr,0.469491
NC1(CN2C(c3c[nH]c4cc(Br)ccc34)c3cc(O)ccc3C[C@H]2CN2CC(=O)C2)CCC1,0.994052,NC1(CN2C(c3c[nH]c4cc(Br)ccc34)c3cc(O)ccc3C[C@H]2C(=O)N2CC(=O)C2)CCC1,0.802966
Brc1ccccc1CCNCC1CCN(C2CNC2)CC1,0.692423,O=C(NCCc1ccccc1Br)C1CCN(C2CNC2)CC1,0.137318
N[C@H](CCNc1cccc2cc[nH]c12)CN1CC(NCCc2ccccc2Br)C1,0.874894,N[C@H](CC(=O)Nc1cccc2cc[nH]c12)CN1CC(NCCc2ccccc2Br)C1,0.38736
N[C@@H](CCN1CCC(=O)C1)CNc1cc(Br)ccc1O,0.223423,N[C@H](CNc1cc(Br)ccc1O)CC(=O)N1CCC(=O)C1,0.014722
C[C@@H](CNc1cc(F)ccc1O)N(Cc1ccc(F)cc1)C[C@@H]1CCCN1,0.932929,C[C@@H](CN(C(=O)c1ccc(F)cc1)c1cc(F)ccc1O)NC[C@@H]1CCCN1,0.707635
CC[C@H](N)CN1CCC(CNc2ccccc2O)CC1,0.39969,CC[C@H](N)C(=O)N(CC1CCNCC1)c1ccccc1O,0.168818
C=CCN(CC[C@@H](N)C(=O)O)c1cc(F)ccc1O,0.007288,C=CCN(C(=O)C[C@@H](N)C(=O)O)c1cc(F)ccc1O,0.002536
Fc1ccc(CN2CCCC(N(CC3CCN3Cc3cccc(Br)c3)c3ccccn3)C2)cc1,0.957439,O=C(c1ccc(F)cc1)N1CCCC(N(CC2CCN2Cc2cccc(Br)c2)c2ccccn2)C1,0.650875
C[C@H](N)CN(C[C@@H]1CCCN1)c1ccc(Br)cc1O,0.074269,C[C@H](N)CN(C(=O)[C@@H]1CCCN1)c1ccc(Br)cc1O,0.177282
CC[C@H](N)CN(CCCN(CCBr)c1ccc(Br)cc1O)CCc1ccccc1,0.989167,CC[C@H](N)CN(CCCN(C(=O)CBr)c1ccc(Br)cc1O)CCc1ccccc1,0.935022
CCCN(Cc1ccc(O)c(N)c1)c1c(F)cccc1CNC1CC1,0.676695,CCCN(Cc1ccc(O)c(N)c1)c1c(F)cccc1C(=O)NC1CC1,0.247233
NCCN(CCC[C@H](CN1CCC[C@@H]1C(=O)O)NCc1c[nH]c2cc(Br)ccc12)c1ccccc1O,0.979458,NCC(=O)N(CCC[C@H](CN1CCC[C@@H]1C(=O)O)NCc1c[nH]c2cc(Br)ccc12)c1ccccc1O,0.940488
CN(CCN(CC1(N)CCC1)c1ccc(Br)cc1O)CC1CNC1,0.457947,CN(CCN(CC1(N)CCC1)c1ccc(Br)cc1O)C(=O)C1CNC1,0.018289
C[C@@H](N)CN(CCC=O)CCc1ccccc1Br,0.080711,C[C@@H](N)C(=O)N(CCC=O)CCc1ccccc1Br,0.001206
COc1ccccc1CCN(CCC1c2cccc(OC)c2CCN1CCN)C[C@@H](N)C(C)C,0.732043,COc1ccccc1CCN(CCC1c2cccc(OC)c2CCN1C(=O)CN)C[C@@H](N)C(C)C,0.360271
CC[C@@H](CN1CCC(N(CCBr)c2ccc(Br)cc2N)C1)NCc1ccc(F)cc1,0.992595,CC[C@@H](CN1CCC(N(C(=O)CBr)c2ccc(Br)cc2N)C1)NCc1ccc(F)cc1,0.940758
O=CCN1CCC[C@H]1CO,0.017754,O=CC(=O)N1CCC[C@H]1CO,0.001423
N[C@H](Cc1ccc(O)cc1)CN1CCCC(=O)C1,0.465431,N[C@H](Cc1ccc(O)cc1)C(=O)N1CCCC(=O)C1,0.009521
CN(CCN(CCO)C(CCl)c1ccc(F)cc1F)c1c(CN2CCC[C@@H]2CO)ccc(F)c1F,0.824448,CN(CCN(CCO)C(CCl)c1ccc(F)cc1F)c1c(C(=O)N2CCC[C@@H]2CO)ccc(F)c1F,0.526125
NCCCCN(CCN)Cc1ccc(N)c(Br)c1,0.318983,NCCCCN(CCN)C(=O)c1ccc(N)c(Br)c1,0.028195
COc1cccc(CN(CC2CCN2)c2cncc(F)c2)c1,0.283264,COc1cccc(CN(C(=O)C2CCN2)c2cncc(F)c2)c1,0.125983
COc1ccccc1CCNC(CBr)CN(Cc1cccc(F)c1N)C1CC1,0.991703,COc1ccccc1CCN(C(=O)c1cccc(F)c1N)C(CBr)CNC1CC1,0.380173
Nc1c(F)cccc1CN(CC1CCN1)[C@H](CO)CNCCc1c[nH]c2ccccc12,0.974397,Nc1c(F)cccc1CN(C(=O)C1CCN1)[C@H](CO)CNCCc1c[nH]c2ccccc12,0.689899
C=CCN1CCC(CN(Cc2c[nH]c3ccc(F)cc23)[C@@H](C)c2ccccc2)CC1,0.997234,C=CC(=O)N1CCC(CN(Cc2c[nH]c3ccc(F)cc23)[C@@H](C)c2ccccc2)CC1,0.564502
C#CCN(C[C@H]1CCCN1Cc1ccc(F)cc1)c1c(F)cccc1CNC1CCC1,0.970129,C#CCN(C[C@H]1CCCN1Cc1ccc(F)cc1)c1c(F)cccc1C(=O)NC1CCC1,0.96135
COc1ccc(O)c(N(CCCN)C[C@@H]2C[C@@H](O)CN2)c1,0.098394,COc1ccc(O)c(N(CCCN)C(=O)[C@@H]2C[C@@H](O)CN2)c1,0.098176
O=C1CCN(C[C@@H](Cc2c[nH]c3ccccc23)NCc2cccc(F)c2F)CC1,0.984011,O=C1CCN(C[C@@H](Cc2c[nH]c3ccccc23)NC(=O)c2cccc(F)c2F)CC1,0.924203
C[C@H](CNc1cc(F)ccc1O)NCCN,0.249711,C[C@H](CNc1cc(F)ccc1O)NC(=O)CN,0.014615
CN(CCN(CC1CCN(CCN)CC1)c1ccc(C#N)cc1N)Cc1c[nH]c2ccc(F)cc12,0.996628,CN(CCN(CC1CCN(C(=O)CN)CC1)c1ccc(C#N)cc1N)Cc1c[nH]c2ccc(F)cc12,0.795993
COc1ccc(O)c(N(CC=O)CC(=O)O)c1,0.001913,COc1ccc(O)c(N(CC(=O)O)C(=O)C=O)c1,0.000364
NCCCN1CCC1CN(C[C@H]1CCCN1C(CCl)c1ccc(Br)cc1)c1cccc(Br)c1N,0.980635,NCCC(=O)N1CCC1CN(C[C@H]1CCCN1C(CCl)c1ccc(Br)cc1)c1cccc(Br)c1N,0.845537
C[C@@H](N)CNC(C)(C)C(=O)O,0.004155,C[C@@H](N)C(=O)NC(C)(C)C(=O)O,0.001421
Oc1ccc(Br)cc1N(CCCNCC1CCN1)CC1CCN1,0.256744,O=C(C1CCN1)N(CCCNCC1CCN1)c1cc(Br)ccc1O,0.283902
NCCN(c1cc(F)ccc1O)C1CCCN(C2CCCN(Cc3c[nH]c4cc(Br)ccc34)C2)C1,0.979696,NCC(=O)N(c1cc(F)ccc1O)C1CCCN(C2CCCN(Cc3c[nH]c4cc(Br)ccc34)C2)C1,0.973168
C#Cc1ccccc1CCNC[C@@H](N)CCC(N)=O,0.347644,C#Cc1ccccc1CCNC(=O)[C@@H](N)CCC(N)=O,0.006937
Brc1ccc(N(CC2CCN2)C2CCCN(CCNCCc3c[nH]c4ccccc34)C2)cc1,0.999995,O=C(C1CCN1)N(CCc1c[nH]c2ccccc12)CCN1CCCC(Nc2ccc(Br)cc2)C1,0.971348
N[C@@H](CNC1CCC1)Cc1c[nH]c2ccccc12,0.681656,N[C@H](Cc1c[nH]c2ccccc12)C(=O)NC1CCC1,0.077014
CC[C@H](N)CN(C[C@H](C)N)C12CC(C1)C2,0.022208,CC[C@H](N)C(=O)N(C[C@H](C)N)C12CC(C1)C2,0.003077
c1cc(NCCNCC2CNC2)c2[nH]ccc2c1,0.540996,O=C(CNCC1CNC1)Nc1cccc2cc[nH]c12,0.294834
O=C1CN(Cc2cccc(F)c2NC2CCCNC2)C1,0.167557,O=C1CN(C(=O)c2cccc(F)c2NC2CCCNC2)C1,0.020153
Oc1cc(F)c(F)cc1NC[C@@H](Cc1c[nH]c2ccccc12)NC1CCN(CCBr)C1,0.954361,O=C(Nc1cc(F)c(F)cc1O)[C@@H](Cc1c[nH]c2ccccc12)NC1CCN(CCBr)C1,0.776099
Nc1cc(CN(C[C@H]2CCCN2C2CCNC2)c2cccc3cc[nH]c23)ccc1O,0.991102,Nc1cc(C(=O)N(C[C@H]2CCCN2C2CCNC2)c2cccc3cc[nH]c23)ccc1O,0.97711
CCCN(CC1(N(CC=O)C(CCl)c2ccc(Cl)c(Cl)c2)CCC1)c1cccc2cc[nH]c12,0.90029,CCCN(CC1(N(C(=O)C=O)C(CCl)c2ccc(Cl)c(Cl)c2)CCC1)c1cccc2cc[nH]c12,0.367198
N[C@H](CO)CNc1ccc(Br)cc1,0.007967,N[C@H](CO)C(=O)Nc1ccc(Br)cc1,0.000362
CNCCN(C[C@@H]1CCCN(Cc2c[nH]c3ccc(C#N)cc23)C1)c1ccccc1O,0.969149,CNCC(=O)N(C[C@@H]1CCCN(Cc2c[nH]c3ccc(C#N)cc23)C1)c1ccccc1O,0.879226
Brc1ccc2c(CN3CCC3CNC3CCC3)c[nH]c2c1,0.819521,O=C(NC1CCC1)C1CCN1Cc1c[nH]c2cc(Br)ccc12,0.242315
Oc1ccc(Br)cc1N(CC1CCNCC1)CC1CCNCC1,0.061999,O=C(C1CCNCC1)N(CC1CCNCC1)c1cc(Br)ccc1O,0.071813
N[C@H](CCC(=O)O)CN1CCC[C@H](O)C1,0.025637,N[C@H](CCC(=O)N1CCC[C@H](O)C1)C(=O)O,0.002804
COc1ccccc1CNCCN1CCC(=O)C1,0.034596,COc1ccccc1CNC(=O)CN1CCC(=O)C1,0.003525
NCCCN1CCC1CN(CC1(N)CCC1)c1cc(Br)ccc1O,0.682392,NCCC(=O)N1CCC1CN(CC1(N)CCC1)c1cc(Br)ccc1O,0.062416
C=CCNc1ccc(N(C[C@H]2CCCN2Cc2c[nH]c3ccc(Br)cc23)C2CC2)cc1,0.991543,C=CC(=O)Nc1ccc(N(C[C@H]2CCCN2Cc2c[nH]c3ccc(Br)cc23)C2CC2)cc1,0.902261
NCCCNCCCN(CCc1ccccc1)Cc1ccc(F)cc1,0.972032,NCCCN(CCCNCCc1ccccc1)C(=O)c1ccc(F)cc1,0.14869
NCCCCN(CC1CCN1)C[C@H](N)CCN(Cc1cccc(Br)c1)c1ccc(F)nc1Br,0.948264,NCCCCN(C[C@H](N)CCN(Cc1cccc(Br)c1)c1ccc(F)nc1Br)C(=O)C1CCN1,0.13623
Nc1c(F)cccc1CN(C[C@@H]1CCCN1C1CCNC1)c1ccc(F)nc1Br,0.937454,Nc1c(F)cccc1C(=O)N(C[C@@H]1CCCN1C1CCNC1)c1ccc(F)nc1Br,0.952858
COc1ccccc1CCNCCC[C@H](N)CNc1cccc2cc[nH]c12,0.850241,COc1ccccc1CCNC(=O)CC[C@H](N)CNc1cccc2cc[nH]c12,0.075506
NCCCNc1c(F)cccc1CN1CCCC(N(CCBr)c2ccc(Br)cc2)C1,0.950104,NCCC(=O)Nc1c(F)cccc1CN1CCCC(N(CCBr)c2ccc(Br)cc2)C1,0.587082
Oc1ccc(F)cc1NCC(CBr)NCCc1ccccc1Br,0.446771,O=C(Nc1cc(F)ccc1O)C(CBr)NCCc1ccccc1Br,0.035448
O=CCN1CCCC(=O)C1,0.004905,O=CC(=O)N1CCCC(=O)C1,0.001004
C[C@H](N)CN(CCN)c1ccc(Br)cc1,0.002166,C[C@H](N)C(=O)N(CCN)c1ccc(Br)cc1,0.007668
C[C@@H](O)[C@H](N)CN1CCC[C@@H](CN(CCN(C)C(CCl)c2ccc(Cl)c(Cl)c2)c2cc(F)ccc2O)C1,0.938792,C[C@@H](O)[C@H](N)C(=O)N1CCC[C@@H](CN(CCN(C)C(CCl)c2ccc(Cl)c(Cl)c2)c2cc(F)ccc2O)C1,0.538547
COc1ccc(O)c(NCCBr)c1,0.011542,COc1ccc(O)c(NC(=O)CBr)c1,0.000782
N[C@H](CS)CN(CCc1ccccc1)CC1CCN1,0.175636,N[C@H](CS)CN(CCc1ccccc1)C(=O)C1CCN1,0.022267
Nc1ccc(CN(CCC[C@@H](N)CN2CCC[C@@H](O)C2)c2cccnc2Br)cc1Br,0.948937,Nc1ccc(C(=O)N(CCC[C@@H](N)CN2CCC[C@@H](O)C2)c2cccnc2Br)cc1Br,0.93191
CC[C@H](N)CN(CC1CCN1)c1ccc(Br)cc1,0.011976,CC[C@H](N)C(=O)N(CC1CCN1)c1ccc(Br)cc1,0.089306
C[C@H](CN(CCc1c[nH]c2ccccc12)C[C@@H](C)N)NCc1cccc(F)c1N,0.882672,C[C@H](CN(CCc1c[nH]c2ccccc12)C[C@@H](C)N)NC(=O)c1cccc(F)c1N,0.763228
NCCN[C@@H](CS)CN1CCC[C@H]1CN(Cc1c[nH]c2ccc(Br)cc12)c1cc(F)ccc1O,0.987982,NCC(=O)N[C@@H](CS)CN1CCC[C@H]1CN(Cc1c[nH]c2ccc(Br)cc12)c1cc(F)ccc1O,0.961746
COc1ccccc1CCN(CCN(C)CCNCc1c[nH]c2ccc(Br)cc12)C[C@H](C)N,0.9893,COc1ccccc1CCN(CCN(C)CCNCc1c[nH]c2ccc(Br)cc12)C(=O)[C@H](C)N,0.953402
O=C1CCCN(C[C@@H](CCCNc2cc(Br)ccc2O)NCc2c[nH]c3ccc(Br)cc23)C1,0.985726,O=C1CCCN(C(=O)[C@@H](CCCNc2cc(Br)ccc2O)NCc2c[nH]c3ccc(Br)cc23)C1,0.275169
N[C@H](CS)CN1CCC(=O)C1,0.014291,N[C@H](CS)C(=O)N1CCC(=O)C1,0.002872
CNCCN(c1cc(F)ccc1O)C1CCN(Cc2c[nH]c3cc(Br)ccc23)CC1,0.996513,CNCC(=O)N(c1cc(F)ccc1O)C1CCN(Cc2c[nH]c3cc(Br)ccc23)CC1,0.979381
N#Cc1ccc(O)c(N(CCC=O)C2CCCN(CCBr)C2)c1,0.5,N#Cc1ccc(O)c(N(CCC=O)C2CCCN(C(=O)CBr)C2)c1,0.001037
N#Cc1cc(Br)cc(N(Cc2c[nH]c3cc(Br)ccc23)C2CN(C[C@@H](CS)NCCBr)C2)c1,0.982344,N#Cc1cc(Br)cc(N(Cc2c[nH]c3cc(Br)ccc23)C2CN(C[C@@H](CS)NC(=O)CBr)C2)c1,0.846503
Oc1cc(Br)ccc1N(C[C@@H]1CCCN1)C(CBr)CNCCc1ccccc1,0.975604,O=C(NCCc1ccccc1)C(CBr)N(C[C@@H]1CCCN1)c1ccc(Br)cc1O,0.286746
CCCN(CCCN(CCBr)CCc1c[nH]c2ccccc12)c1ccc(N)c(O)c1,0.993089,CCCN(CCCN(CCc1c[nH]c2ccccc12)C(=O)CBr)c1ccc(N)c(O)c1,0.409744
c1ccc(CCNCC2CN(C[C@@H]3CCCN3)C2)cc1,0.548089,O=C([C@@H]1CCCN1)N(CCc1ccccc1)CC1CNC1,0.031781
C=CCN(C[C@H](N)Cc1c[nH]c2ccccc12)C1CC1,0.831151,C=CCN(C(=O)[C@H](N)Cc1c[nH]c2ccccc12)C1CC1,0.080599
N#Cc1ccc(N)c(N(C[C@@H]2CCCN2)C2CCCNC2)c1,0.130265,N#Cc1ccc(N)c(N(C(=O)[C@@H]2CCCN2)C2CCCNC2)c1,0.075224
COc1ccccc1CCNC[C@H](C)NC1CCCNC1,0.367791,COc1ccccc1CCNC(=O)[C@H](C)NC1CCCNC1,0.047919
NCCCN(CC1(N)CCC1)C1CC1,0.043319,NCCC(=O)N(CC1(N)CCC1)C1CC1,0.006174
COc1ccccc1CCNC[C@H](Cc1c[nH]c2ccccc12)NC[C@@H](C)N,0.844404,COc1ccccc1CCNC[C@H](Cc1c[nH]c2ccccc12)NC(=O)[C@@H](C)N,0.553963
NCCCN1CCC[C@H]1CN(CC(=O)CBr)c1cccc(Br)c1O,0.298475,NCCC(=O)N1CCC[C@H]1CN(CC(=O)CBr)c1cccc(Br)c1O,0.008071
NCCC(=O)Oc1ccccc1NC1CCCN(CC2CCN2)C1,0.245876,NCCC(=O)Oc1ccccc1N(C(=O)C1CCN1)C1CCCNC1,0.023538
C[C@H](CNc1cccc(Br)c1O)NCC=O,0.021667,C[C@H](CNc1cccc(Br)c1O)NC(=O)C=O,0.00059
NCCN1CCC1CN(Cc1cccc(Br)c1)c1cc(F)ccc1O,0.978367,NCC(=O)N1CCC1CN(Cc1cccc(Br)c1)c1cc(F)ccc1O,0.210894
CC(C)(C(=O)O)N(Cc1c[nH]c2ccc(Br)cc12)C[C@H]1CCCN1,0.436211,CC(C)(C(=O)O)N(Cc1c[nH]c2ccc(Br)cc12)C(=O)[C@H]1CCCN1,0.136516
COc1ccc(O)c(NCC2CNC2)c1,0.237804,COc1ccc(O)c(NC(=O)C2CNC2)c1,0.012423
Nc1ccc(CN(CCc2ccccc2)C[C@@H]2CCCN2C2CNC2)cc1Br,0.991647,Nc1ccc(C(=O)N(CCc2ccccc2)C[C@@H]2CCCN2C2CNC2)cc1Br,0.971096
COc1ccccc1CCN(C[C@H](N)Cc1c[nH]c2ccccc12)C[C@@H]1CCCNC1,0.987341,COc1ccccc1CCN(C[C@H](N)Cc1c[nH]c2ccccc12)C(=O)[C@@H]1CCCNC1,0.430344
CC[C@H](N)CNCCCN1CCC(=O)C1,0.023269,CC[C@H](N)C(=O)NCCCN1CCC(=O)C1,0.010267
CC(C)(N)CN(C[C@@H]1CCCN1)c1cc(F)ccc1O,0.137828,CC(C)(N)CN(C(=O)[C@@H]1CCCN1)c1cc(F)ccc1O,0.253073
NCCCN(C[C@H]1CCCN1)[C@H](CNc1ccc(Br)cc1O)c1ccccc1,0.94188,NCCCN(C[C@H]1CCCN1)[C@H](C(=O)Nc1ccc(Br)cc1O)c1ccccc1,0.5
CNCCNC(C)(C)CN1CCc2c(Br)cccc2C1c1c[nH]c2ccc(Br)cc12,0.97357,CNCC(=O)NC(C)(C)CN1CCc2c(Br)cccc2C1c1c[nH]c2ccc(Br)cc12,0.925759
CNCCN1CCCC(N(Cc2c[nH]c3cc(Br)ccc23)c2c(N)cccc2Br)C1,0.99313,CNCC(=O)N1CCCC(N(Cc2c[nH]c3cc(Br)ccc23)c2c(N)cccc2Br)C1,0.482037
NCC#Cc1cc(CN2CCCC(=O)C2)ccc1N,0.093274,NCC#Cc1cc(C(=O)N2CCCC(=O)C2)ccc1N,0.004459
COc1ccc(N(CC2CCN2)c2cc(F)ccc2C(=O)CCl)c(N)c1,0.667611,COc1ccc(N(C(=O)C2CCN2)c2cc(F)ccc2C(=O)CCl)c(N)c1,0.219186
C#CCN(CCCN)CCNC,0.040928,C#CCN(CCNC)C(=O)CCN,0.008483
N[C@@H](Cc1ccccc1)CN1CCCC(=O)C1,0.100269,N[C@@H](Cc1ccccc1)C(=O)N1CCCC(=O)C1,0.001578
C[C@H](CN1CC(=O)C1)NCCC1NCCc2ccc(O)cc21,0.892455,C[C@@H](NCCC1NCCc2ccc(O)cc21)C(=O)N1CC(=O)C1,0.138859
CNCCNc1cccc(Br)c1NC[C@@H]1CCCNC1,0.156493,CNCCNc1cccc(Br)c1NC(=O)[C@@H]1CCCNC1,0.045367
NCCN(CC1CCN1C1CCN(Cc2cccc(F)c2F)CC1)c1c(N)cccc1Br,0.84735,NCC(=O)N(CC1CCN1C1CCN(Cc2cccc(F)c2F)CC1)c1c(N)cccc1Br,0.848602
NCCN(CCc1c[nH]c2ccccc12)C[C@H](N)CCCNCCc1ccc(O)cc1,0.994523,NCC(=O)N(CCC[C@@H](N)CNCCc1c[nH]c2ccccc12)CCc1ccc(O)cc1,0.767922
CC(C)[C@@H](N)CNc1ccc(Br)cc1O,0.019628,CC(C)[C@@H](N)C(=O)Nc1ccc(Br)cc1O,0.000363
NCCC[C@@H](CNCCc1c[nH]c2ccccc12)Nc1ccc(N)cc1,0.573696,NCCC[C@H](Nc1ccc(N)cc1)C(=O)NCCc1c[nH]c2ccccc12,0.068745
C[C@@H](N)CN1CCC(N(CC2CCN2)c2ccc(Br)cc2O)CC1,0.670717,C[C@@H](N)C(=O)N1CCC(N(CC2CCN2)c2ccc(Br)cc2O)CC1,0.052599
Nc1cccc(Br)c1N(CC1CCN1)CC1(N)CCC1,0.060814,Nc1cccc(Br)c1N(CC1(N)CCC1)C(=O)C1CCN1,0.108246
CC[C@@H](CNc1cc(OC)ccc1O)NCC1CCNCC1,0.091367,CC[C@H](NCC1CCNCC1)C(=O)Nc1cc(OC)ccc1O,0.02656
C[C@H](CNc1cc(F)c(F)cc1O)N(Cc1ccc(F)cc1)C1CCN(CCBr)CC1,0.958827,C[C@H](CN(C(=O)CBr)c1cc(F)c(F)cc1O)N(Cc1ccc(F)cc1)C1CCNCC1,0.854556
Nc1ccc(CN[C@H](CCC(=O)O)CN(C2CC2)C2CNC2)cc1Br,0.751417,N[C@H](CCC(=O)Nc1ccc(C(=O)O)cc1Br)CN(C1CC1)C1CNC1,0.105801
CC(C)CN(CCN)CCN(C)CCN,0.029242,CC(C)CN(CCN)CCN(C)C(=O)CN,0.011715
CC[C@H](N)CN[C@@H](CC)C(=O)O,0.00588,CC[C@H](NC(=O)[C@@H](N)CC)C(=O)O,0.001469
C[C@@H](N)CN(Cc1ccc(O)cc1)C[C@H]1CCCNC1,0.534213,C[C@@H](N)CN(Cc1ccc(O)cc1)C(=O)[C@H]1CCCNC1,0.170268
Brc1ccnc(N(CCc2c[nH]c3ccccc23)C[C@@H]2CCCN(CC3CCN3)C2)c1,0.995957,O=C(C1CCN1)N1CCC[C@@H](CN(CCc2c[nH]c3ccccc23)c2cc(Br)ccn2)C1,0.218907
CN(CCNc1cccc(Br)c1O)C1CN(CCC(=O)O)C1,0.024271,CN(CC(=O)Nc1cccc(Br)c1O)C1CN(CCC(=O)O)C1,0.003129
N[C@H](Cc1ccccc1)CN1CCC(N[C@H](CO)CNc2cccc(Br)c2O)C1,0.5,N[C@H](Cc1ccccc1)CN1CCC(N[C@H](CO)C(=O)Nc2cccc(Br)c2O)C1,0.061176
CC[C@@H](CN1CCC[C@H]1CNc1cc(Br)ccc1O)N(CCBr)Cc1c[nH]c2ccc(F)cc12,0.978373,CC[C@@H](CN1CCC[C@H]1CN(C(=O)CBr)c1cc(Br)ccc1O)NCc1c[nH]c2ccc(F)cc12,0.991983
C[C@@H](N)CN1CCC1CN1CCC(N(Cc2c[nH]c3ccc(Br)cc23)c2cc(Br)cc(C#N)c2)C1,0.984586,C[C@@H](N)C(=O)N1CCC1CN1CCC(N(Cc2c[nH]c3ccc(Br)cc23)c2cc(Br)cc(C#N)c2)C1,0.963113
CNCCN(CCN(C)CCCNc1cccc2cc[nH]c12)c1ccc(C(=O)O)cc1Br,0.899014,CNCCN(CCN(C)CCC(=O)Nc1cccc2cc[nH]c12)c1ccc(C(=O)O)cc1Br,0.26667
C=CCN(CCc1ccccc1Br)CC[C@@H](N)CN(CC1CNC1)c1cc(Br)ccc1O,0.958433,C=CC(=O)N(CCc1ccccc1Br)CC[C@@H](N)CN(CC1CNC1)c1cc(Br)ccc1O,0.359192
NCCCN(c1cccc(C=O)c1)C1CC1,0.007601,NCCC(=O)N(c1cccc(C=O)c1)C1CC1,0.014066
O=C(O)CCN1CCC[C@H]1CN(CCBr)c1cccc(Br)c1O,0.090875,O=C(O)CCN1CCC[C@H]1CN(C(=O)CBr)c1cccc(Br)c1O,0.260539
CC[C@@H](CN1CCCC(=O)C1)NC[C@H]1CCCN1,0.032993,CC[C@H](NC[C@H]1CCCN1)C(=O)N1CCCC(=O)C1,0.002639
CC[C@@H](CNC1CC1)NCc1cccc(O)c1N,0.5,CC[C@H](NCc1cccc(O)c1N)C(=O)NC1CC1,0.051621
N[C@H](CCCNc1ccc(Br)cc1O)CN1CCC1C(=O)O,0.129795,N[C@H](CCC(=O)Nc1ccc(Br)cc1O)CN1CCC1C(=O)O,0.006051
Oc1c(Br)cccc1NCC1CCN1C1CCNC1,0.552185,O=C(Nc1cccc(Br)c1O)C1CCN1C1CCNC1,0.06802
C[C@@H](N)CN1CCC[C@H]1CN(Cc1c[nH]c2ccc(Br)cc12)[C@@H](Cc1c[nH]c2ccccc12)C(=O)O,0.923395,C[C@@H](N)C(=O)N1CCC[C@H]1CN(Cc1c[nH]c2ccc(Br)cc12)[C@@H](Cc1c[nH]c2ccccc12)C(=O)O,0.42533
C[C@H](NC[C@@H](NC1CN(CC=O)C1)[C@@H](C)O)C(=O)O,0.008452,C[C@H](NC(=O)[C@@H](NC1CN(CC=O)C1)[C@@H](C)O)C(=O)O,0.004265
C[C@H](N)CN1CC(N(CC2CNC2)c2cc(F)c(F)cc2O)C1,0.303237,C[C@H](N)CN1CC(N(C(=O)C2CNC2)c2cc(F)c(F)cc2O)C1,0.199339
O=C(O)[C@@H]1CCCN1Cc1cccc(F)c1F,0.00164,O=C(O)[C@@H]1CCCN1C(=O)c1cccc(F)c1F,0.00025
C[C@H](N)CN1CCC[C@@H](CNc2ccc(Br)cc2N)C1,0.456769,C[C@H](N)CN1CCC[C@@H](C(=O)Nc2cc(Br)ccc2N)C1,0.040217
Oc1ccc(F)cc1NCCN(Cc1c[nH]c2cc(Br)ccc12)C[C@@H]1CCCN1,0.981381,O=C(CN(Cc1c[nH]c2cc(Br)ccc12)C[C@@H]1CCCN1)Nc1cc(F)ccc1O,0.894848
c1cc(NC[C@@H]2CCCN2CC2CCN2)c2[nH]ccc2c1,0.8869,O=C(Nc1cccc2cc[nH]c12)[C@@H]1CCCN1CC1CCN1,0.413577
NCCN1CCC(N(CC2CCN2)c2cccc(-c3cccc(F)c3)c2O)C1,0.968434,NCC(=O)N1CCC(N(CC2CCN2)c2cccc(-c3cccc(F)c3)c2O)C1,0.279188
CN(CCN(CCCN)CCc1ccccc1Br)C(CBr)CNc1cc(F)ccc1O,0.954575,CN(CCN(CCCN)CCc1ccccc1Br)C(CBr)C(=O)Nc1cc(F)ccc1O,0.737289
COc1ccccc1CCNC[C@@H](CCN1CC(NCCc2ccncc2)C1)NCc1ccc(F)cc1,0.76358,COc1ccccc1CCNC[C@@H](CCN1CC(NCCc2ccncc2)C1)NC(=O)c1ccc(F)cc1,0.72387
COc1ccccc1CNCCN(C)C[C@H](N)CCCNc1ccc(Br)cc1O,0.967061,COc1ccccc1CNC(=O)CN(C)C[C@H](N)CCCNc1ccc(Br)cc1O,0.553045
COc1ccc(N(CC2CCN2)C2CCNC2)c(N)c1,0.213502,COc1ccc(N(C(=O)C2CCN2)C2CCNC2)c(N)c1,0.070362
N#Cc1ccc(N)c(N(Cc2ccc(N)c(Br)c2)C2CCNCC2)c1,0.703834,N#Cc1ccc(N)c(N(C(=O)c2ccc(N)c(Br)c2)C2CCNCC2)c1,0.5
COc1ccccc1CCN(CCBr)C1CCN(C[C@@H](C)NCc2ccc(N)c(Br)c2)C1,0.98456,COc1ccccc1CCN(C(=O)CBr)C1CCN(C[C@@H](C)NCc2ccc(N)c(Br)c2)C1,0.939849
COc1ccccc1CNCC[C@H](N)CN(C[C@@H]1CCCN1)c1cc(Br)ccc1O,0.904726,COc1ccccc1CN(CC[C@H](N)CNc1cc(Br)ccc1O)C(=O)[C@@H]1CCCN1,0.5
COc1ccccc1CCN(Cc1ccc(N)c(Br)c1)CC1(N)CCC1,0.994049,COc1ccccc1CCN(CC1(N)CCC1)C(=O)c1ccc(N)c(Br)c1,0.237945
N[C@@H](CCCNc1ccnc2ccccc12)CN1CCC[C@@H](O)C1,0.464102,N[C@@H](CCC(=O)Nc1ccnc2ccccc12)CN1CCC[C@@H](O)C1,0.044324
C[C@@H](N)CN1CCCC(CO)C1,0.025599,C[C@@H](N)C(=O)N1CCCC(CO)C1,0.002339
C[C@H](CNCCc1ccc(O)cc1)N(C[C@H]1CCCN1)C(CCl)c1ccc(Cl)c(Cl)c1,0.980393,C[C@H](C(=O)NCCc1ccc(O)cc1)N(C[C@H]1CCCN1)C(CCl)c1ccc(Cl)c(Cl)c1,0.87367
CNCCN(CCc1c[nH]c2ccccc12)C[C@@H](N)CO,0.5,CNCC(=O)N(CCc1c[nH]c2ccccc12)C[C@@H](N)CO,0.161759
c1ccc(CCNC[C@H]2CCCN2CCNc2cccc3cc[nH]c23)cc1,0.966313,O=C(NCCc1ccccc1)[C@H]1CCCN1CCNc1cccc2cc[nH]c12,0.62172
COc1ccc(O)c(N(CC=O)C2CCCN(CC3CCN3)C2)c1,0.415037,COc1ccc(O)c(N(CC=O)C2CCCN(C(=O)C3CCN3)C2)c1,0.002262
C[C@H](CNc1ccc(Br)cc1O)NCCN1CC(NCCc2c[nH]c3ccccc23)C1,0.926804,C[C@@H](NCCN1CC(NCCc2c[nH]c3ccccc23)C1)C(=O)Nc1ccc(Br)cc1O,0.762769
NCCCN(c1cc(F)ccc1O)C1CCN(C2CCNC2)CC1,0.671911,NCCC(=O)N(c1cc(F)ccc1O)C1CCN(C2CCNC2)CC1,0.672048
NCCCN1CCC(N(CCN)c2cccc3cc[nH]c23)CC1,0.634871,NCCCN1CCC(N(C(=O)CN)c2cccc3cc[nH]c23)CC1,0.550861
CNCCN(CCc1c[nH]c2ccccc12)C[C@@H](CS)NCc1ccc(N)c(Br)c1,0.969202,CNCCN(CCc1c[nH]c2ccccc12)C[C@@H](CS)NC(=O)c1ccc(N)c(Br)c1,0.9409
CNCCN(CC[C@H](N)C(=O)O)Cc1ccccc1,0.071658,CN(CC(=O)O)C(=O)[C@@H](N)CCNCc1ccccc1,0.005426
Oc1ccc(CCNCc2ccc(NC[C@H]3CCCN3CCBr)c(O)c2)cc1,0.986748,O=C(CBr)N(CCc1ccc(O)cc1)Cc1ccc(NC[C@H]2CCCN2)c(O)c1,0.509666
NCCCN(CCc1ccccc1Br)C1CN(CCC=O)C1,0.437365,NCCC(=O)N(CCc1ccccc1Br)C1CN(CCC=O)C1,0.110147
Nc1ccc(CNCCCN2CCC(=O)CC2)cc1Br,0.800875,Nc1ccc(C(=O)NCCCN2CCC(=O)CC2)cc1Br,0.576255
COc1ccccc1CCN(Cc1cccc(F)c1N)C[C@H](N)CS,0.822286,COc1ccccc1CCN(C[C@H](N)CS)C(=O)c1cccc(F)c1N,0.047429
C[C@H](N)CN(C[C@H](N)CCCCN)c1cc(Br)cc(C#N)c1,0.046391,C[C@H](N)CN(C(=O)[C@H](N)CCCCN)c1cc(Br)cc(C#N)c1,0.11441
CN(CCNc1cccc(Br)c1O)CC1CCN1,0.232186,CN(CCNc1cccc(Br)c1O)C(=O)C1CCN1,0.014905
N[C@H](CCN1CC(=O)C1)CN(C[C@@H]1CCCN1C(CCl)c1ccc(Cl)c(Cl)c1)c1ccc(Br)cc1O,0.984996,N[C@H](CC(=O)N1CC(=O)C1)CN(C[C@@H]1CCCN1C(CCl)c1ccc(Cl)c(Cl)c1)c1ccc(Br)cc1O,0.71007
CNCCN(C[C@@H](N)CC(=O)O)c1cc(Br)ccc1N,0.017868,CN(CC(=O)O)C(=O)C[C@H](N)CNc1cc(Br)ccc1N,0.003789
Nc1c(Br)cccc1N(CCCNCc1ccc(F)cc1)C1CCCN(CC=O)C1,0.995827,NCCCN(c1cccc(Br)c1NC(=O)c1ccc(F)cc1)C1CCCN(CC=O)C1,0.850283
NCCC[C@@H](CN(CCN)CCc1ccc(O)cc1)N(CCBr)Cc1c[nH]c2cc(Br)ccc12,0.99277,NCCC[C@@H](CN(CCc1ccc(O)cc1)C(=O)CN)N(CCBr)Cc1c[nH]c2cc(Br)ccc12,0.954068
Oc1ccc(Br)cc1N(Cc1cccc(F)c1F)C[C@@H]1CCCN1,0.684971,O=C(c1cccc(F)c1F)N(C[C@@H]1CCCN1)c1cc(Br)ccc1O,0.392533
O=C(O)[C@@H](CCCNc1ccccn1)N(C[C@@H]1CCCNC1)C(CCl)c1ccc(F)cc1,0.632408,O=C(O)[C@@H](CCCN(C(=O)[C@@H]1CCCNC1)c1ccccn1)NC(CCl)c1ccc(F)cc1,0.169727
NCCCCN(CCCN(CCCN)Cc1ccc(N)c(Br)c1)Cc1c[nH]c2ccccc12,0.869641,NCCCCN(CCCN(Cc1ccc(N)c(Br)c1)C(=O)CCN)Cc1c[nH]c2ccccc12,0.759745
C[C@H](N)CN(CCBr)CCCNCCc1ccc(O)cc1,0.853472,C[C@H](N)CN(CCCNCCc1ccc(O)cc1)C(=O)CBr,0.320206
CCC1c2cccc(OC)c2CCN1C[C@H]1CCCN1,0.926876,CCC1c2cccc(OC)c2CCN1C(=O)[C@H]1CCCN1,0.168488
C[C@@H](N)CN1CCC[C@@H]1CN(Cc1c[nH]c2ccc(Br)cc12)c1cccc(Br)c1O,0.996958,C[C@@H](N)C(=O)N1CCC[C@@H]1CN(Cc1c[nH]c2ccc(Br)cc12)c1cccc(Br)c1O,0.420478
C#CCNCCCNC[C@H](N)Cc1c[nH]c2ccccc12,0.716733,C#CCNCCCNC(=O)[C@H](N)Cc1c[nH]c2ccccc12,0.331245
Nc1c(F)cccc1CNCCCCN(CC=O)C[C@H]1CCCN1Cc1c[nH]c2cc(Br)ccc12,0.990807,Nc1c(F)cccc1C(=O)NCCCCN(CC=O)C[C@H]1CCCN1Cc1c[nH]c2cc(Br)ccc12,0.990238
BrCCN1CCC1CN(CC1(NCc2c[nH]c3cc(Br)ccc23)CCC1)c1ccc(Br)cc1,0.993864,O=C(CBr)N(Cc1c[nH]c2cc(Br)ccc12)C1(CN(CC2CCN2)c2ccc(Br)cc2)CCC1,0.798507
NCCN(CCCN1CC(=O)C1)c1cccc(C=O)c1,0.012425,NCC(=O)N(CCCN1CC(=O)C1)c1cccc(C=O)c1,0.280757
COc1ccc(O)c(NC2CCN(C[C@H]3CCCN3)C2)c1,0.54344,COc1ccc(O)c(N(C(=O)[C@H]2CCCN2)C2CCNC2)c1,0.109036
Nc1cccc(Br)c1NC1CCCN(CC2CCN2Cc2ccc(F)cc2)C1,0.930856,Nc1cccc(Br)c1N(C(=O)c1ccc(F)cc1)C1CCCN(CC2CCN2)C1,0.990186
N[C@H](CCNc1cc(F)ccc1O)CN1CCC(=O)CC1,0.448197,N[C@H](CCNc1cc(F)ccc1O)C(=O)N1CCC(=O)CC1,0.026284
NCCCC[C@@H](N)CNc1ccccc1O,0.261142,NCCCC[C@@H](N)C(=O)Nc1ccccc1O,0.013167
Nc1ccc(CN(C[C@H]2CCCN2C2CCN(CCBr)C2)c2cc(F)ccc2O)cc1Br,0.989874,Nc1ccc(CN(C[C@H]2CCCN2C2CCN(C(=O)CBr)C2)c2cc(F)ccc2O)cc1Br,0.947282
Nc1cccc(Br)c1N(CC1CCN1)C(CCl)c1ccc(Br)cc1,0.298895,Nc1cccc(Br)c1N(C(=O)C1CCN1)C(CCl)c1ccc(Br)cc1,0.080361
C[C@H](N)CN(CC1CN(C[C@H](N)Cc2c[nH]c3ccccc23)C1)c1cc(Br)ccc1O,0.942444,C[C@H](N)C(=O)N(CC1CN(C[C@H](N)Cc2c[nH]c3ccccc23)C1)c1cc(Br)ccc1O,0.930718
C#CCN(CC1CCN1)c1c[nH]cn1,0.038931,C#CCN(C(=O)C1CCN1)c1c[nH]cn1,0.037333
NCCCN(c1cccc(Br)c1OC(=O)[C@@H](N)Cc1c[nH]c2ccccc12)C1CCN(C[C@@H](N)CO)C1,0.887074,NCCC(=O)N(c1cccc(Br)c1OC(=O)[C@@H](N)Cc1c[nH]c2ccccc12)C1CCN(C[C@@H](N)CO)C1,0.632522
N[C@H](CCNc1cccc(Br)c1O)CN1CCC[C@H]1CO,0.335578,N[C@H](CC(=O)Nc1cccc(Br)c1O)CN1CCC[C@H]1CO,0.053287
O=C(O)CNCc1ccc(F)cc1,0.001568,O=C(O)CNC(=O)c1ccc(F)cc1,0.000338
COc1ccccc1CCNC[C@H](N)CCN1CCCCC1,0.88067,COc1ccccc1CCNC(=O)[C@H](N)CCN1CCCCC1,0.283191
NCCN(c1cccc(Br)c1O)C1CCCN(CC(=O)O)C1,0.042754,NCC(=O)N(c1cccc(Br)c1O)C1CCCN(CC(=O)O)C1,0.034663
Nc1ccc(CN2CCC2CN2CCCC(Nc3cc(Br)ccc3O)C2)cc1Br,0.953183,Nc1ccc(C(=O)N(c2cc(Br)ccc2O)C2CCCN(CC3CCN3)C2)cc1Br,0.994812
N[C@H](CO)CNCCC(=O)O,0.010711,NCCC(=O)N[C@H](CO)C(=O)O,0.00197
N[C@H](CO)CN1CC(C(=O)O)C1,0.011373,N[C@H](CO)C(=O)N1CC(C(=O)O)C1,0.002816
C=CCN1CCC1CN1CCCC(N(Cc2c[nH]c3ccc(Br)cc23)c2cc(Br)ccc2N)C1,0.993307,C=CC(=O)N1CCC1CN1CCCC(N(Cc2c[nH]c3ccc(Br)cc23)c2cc(Br)ccc2N)C1,0.982051
COc1ccc(N)c(NC[C@@H]2CCCN2C[C@H]2CCCN2)c1,0.660074,COc1ccc(N)c(N(C[C@@H]2CCCN2)C(=O)[C@H]2CCCN2)c1,0.060173
NC1(CN(c2cc(F)ccc2O)C2CCCN(Cc3ccc(F)c(F)c3F)C2)CCC1,0.832727,NC1(C(=O)N(c2cc(F)ccc2O)C2CCCN(Cc3ccc(F)c(F)c3F)C2)CCC1,0.5
N[C@@H](CCC(=O)O)CNCCc1ccccc1,0.233724,N[C@@H](CCC(=O)NCCc1ccccc1)C(=O)O,0.002954
Oc1ccc(F)cc1NC[C@@H]1CCCN1CCNc1cccc2cc[nH]c12,0.79331,O=C(CN1CCC[C@H]1CNc1cc(F)ccc1O)Nc1cccc2cc[nH]c12,0.247033
C[C@H](CNc1cc(F)c(F)cc1O)NCCN,0.150095,C[C@@H](NCCN)C(=O)Nc1cc(F)c(F)cc1O,0.021077
NCCCN1CCC1CN1CC(N(Cc2c[nH]c3ccc(Br)cc23)c2cccc(Br)c2O)C1,0.995835,NCCC(=O)N1CCC1CN1CC(N(Cc2c[nH]c3ccc(Br)cc23)c2cccc(Br)c2O)C1,0.975959
C[C@@H](N)CN1CC(N(C[C@@H]2CCCN2)c2cc(F)ccc2O)C1,0.53995,C[C@@H](N)CN1CC(N(C(=O)[C@@H]2CCCN2)c2cc(F)ccc2O)C1,0.598415
CN(CCN(Cc1ccc(F)cc1)c1ccccc1O)C1CCCNC1,0.989156,CN(CCN(C(=O)c1ccc(F)cc1)c1ccccc1O)C1CCCNC1,0.980865
CC[C@H](N)CN1CC(=O)C1,0.014699,CC[C@H](N)C(=O)N1CC(=O)C1,0.001959
N[C@@H](CCC(=O)O)CNc1ccc(Br)cc1,0.003594,N[C@@H](CCC(=O)Nc1ccc(Br)cc1)C(=O)O,0.000157
COc1ccccc1CCNC[C@H]1CCCN1CCCN,0.955373,COc1ccccc1CCNC(=O)[C@H]1CCCN1CCCN,0.489564
N#Cc1ccc(O)c(N(CC2CN(Cc3c[nH]c4ccc(Br)cc34)C2)C[C@H](N)CCN2CCCCC2)c1,0.982251,N#Cc1ccc(O)c(N(CC2CN(Cc3c[nH]c4ccc(Br)cc34)C2)C[C@H](N)CC(=O)N2CCCCC2)c1,0.473769
COc1ccccc1CCN(CCBr)CCN1CCC1CNCCc1ccc(O)cc1,0.974226,COc1ccccc1CCN(CCBr)CCN1CCC1C(=O)NCCc1ccc(O)cc1,0.717888
O=C1CN(Cc2ccc(O)c(N(Cc3cccc(Br)c3)C[C@@H]3CCCN3Cc3ccc(F)cc3)c2)C1,0.908577,O=C1CN(Cc2ccc(O)c(N(Cc3cccc(Br)c3)C[C@@H]3CCCN3C(=O)c3ccc(F)cc3)c2)C1,0.432318
C[C@@H](CNC1CC1)NCc1cccc(Br)c1,0.041861,C[C@H](NCc1cccc(Br)c1)C(=O)NC1CC1,0.003206
O=C1CCN(CCCNc2cc(Br)ccc2O)C1,0.088499,O=C1CCN(CCC(=O)Nc2cc(Br)ccc2O)C1,0.003093
N[C@@H](CO)CN(C[C@H]1CCCN1)c1cc(Br)ccc1O,0.144098,N[C@@H](CO)CN(C(=O)[C@H]1CCCN1)c1cc(Br)ccc1O,0.146266
O=C1CCN(CC[C@H](CNc2ccc(Br)cc2O)NCc2c[nH]c3ccc(Br)cc23)C1,0.973777,O=C1CCN(C(=O)C[C@H](CNc2ccc(Br)cc2O)NCc2c[nH]c3ccc(Br)cc23)C1,0.189571
COC(=O)CCN(C)CCNc1cc(OC)ccc1O,0.023857,COC(=O)CCN(C)CC(=O)Nc1cc(OC)ccc1O,0.00102
N[C@H](CCN(c1cc(F)c(F)cc1O)C1CN(CC2CCN2)C1)CNc1cc(F)c(F)cc1O,0.590637,N[C@H](CCN(c1cc(F)c(F)cc1O)C1CN(CC2CCN2)C1)C(=O)Nc1cc(F)c(F)cc1O,0.5
NCCCCNCCNc1cccc(C=O)c1,0.163943,NCCCCNC(=O)CNc1cccc(C=O)c1,0.003622
CNCCN(Cc1ccc(F)cc1)[C@H](Cc1c[nH]c2ccccc12)CN1CCC[C@H]1C(=O)O,0.987626,CN(CC(=O)O)C(=O)[C@@H]1CCCN1C[C@@H](Cc1c[nH]c2ccccc12)NCc1ccc(F)cc1,0.924874
CC[C@H](N)CN(CCCNc1cc(OC)ccc1O)C1CCC1,0.570752,CC[C@H](N)C(=O)N(CCCNC1CCC1)c1cc(OC)ccc1O,0.051567
C=CCN(CCCN(c1cc(OC)ccc1O)C1CCC1)C(CCl)c1ccc(Br)cc1,0.988362,C=CC(=O)N(CCCN(c1cc(OC)ccc1O)C1CCC1)C(CCl)c1ccc(Br)cc1,0.164192
c1ccc2c(CCN(CC3CCN3)C[C@H]3CCCNC3)c[nH]c2c1,0.915386,O=C(C1CCN1)N(CCc1c[nH]c2ccccc12)C[C@H]1CCCNC1,0.182286
N[C@@H](Cc1c[nH]c2ccccc12)CN1CCC[C@@H]1C(=O)O,0.159717,N[C@@H](Cc1c[nH]c2ccccc12)C(=O)N1CCC[C@@H]1C(=O)O,0.021046
NCCN(c1cccc2cc[nH]c12)C1CCCN(C[C@H](CS)NCc2ccc(N)c(Br)c2)C1,0.988767,NCC(=O)N(Cc1ccc(N)c(Br)c1)[C@@H](CS)CN1CCCC(Nc2cccc3cc[nH]c23)C1,0.735942
C#CCN(C[C@H]1CCCN1)c1cc(F)ccc1C(=O)CCl,0.051069,C#CCN(C(=O)[C@H]1CCCN1)c1cc(F)ccc1C(=O)CCl,0.086584
N[C@H](CCNCCc1ccccc1Br)CNc1cc(F)c(F)cc1O,0.81317,N[C@@H](CNc1cc(F)c(F)cc1O)CC(=O)NCCc1ccccc1Br,0.098708
c1cc(N(CCN(CC2CCN2)C2CC2)C[C@@H]2CCCN2)c2[nH]ccc2c1,0.895241,O=C(CN(CC1CCN1)C1CC1)N(C[C@@H]1CCCN1)c1cccc2cc[nH]c12,0.724546
CNCCN(c1cccc(Br)c1N)C(CCl)c1ccc(Cl)c(Cl)c1,0.297379,CNCC(=O)N(c1cccc(Br)c1N)C(CCl)c1ccc(Cl)c(Cl)c1,0.102431
O=C(O)CCN[C@H](CCNCCc1ccc(O)cc1)C(=O)O,0.420942,O=C(O)CCN[C@H](CC(=O)NCCc1ccc(O)cc1)C(=O)O,0.02
ClCC(c1ccc(Br)cc1)N(CC1CNC1)C1CC1,0.275482,O=C(C1CNC1)N(C1CC1)C(CCl)c1ccc(Br)cc1,0.020129
CC[C@H](N)CN(CCNCCc1c[nH]c2ccccc12)c1cc(F)ccc1C(=O)CCl,0.957215,CC[C@H](N)C(=O)N(CCNCCc1c[nH]c2ccccc12)c1cc(F)ccc1C(=O)CCl,0.721724
CCCN(c1ccc(Br)cc1)c1ccc2c(CN3CCC3CNC3CC3)c[nH]c2c1,0.984573,CCCN(c1ccc(Br)cc1)c1ccc2c(CN3CCC3C(=O)NC3CC3)c[nH]c2c1,0.818742
CSCC[C@H](CN(CCc1c[nH]c2ccccc12)Cc1ccc(N)c(Br)c1)NCCBr,0.987725,CSCC[C@@H](N)CN(CCc1c[nH]c2ccccc12)Cc1ccc(NC(=O)CBr)c(Br)c1,0.625623
Nc1ccc(Br)cc1NCCC[C@H](N)CN(CCc1c[nH]c2ccccc12)C1CNC1,0.976119,Nc1cc(Br)ccc1NC(=O)CC[C@H](N)CN(CCc1c[nH]c2ccccc12)C1CNC1,0.942422
NC1(CN(C[C@@H]2CCCN2)c2ccccc2C(=O)O)CCC1,0.01232,NC1(CN(C(=O)[C@@H]2CCCN2)c2ccccc2C(=O)O)CCC1,0.027035
COc1cccc(CNC[C@H](N)CCC(N)=O)c1,0.008672,COc1cccc(CNC(=O)[C@H](N)CCC(N)=O)c1,0.000473
CN(CCNc1ccccc1S)C[C@@H]1CCCN1,0.516797,CN(CC(=O)Nc1ccccc1S)C[C@@H]1CCCN1,0.030544
Cc1cc(Br)cnc1NC[C@H](C)N,0.013079,Cc1cc(Br)cnc1NC(=O)[C@H](C)N,0.001264
COc1cccc(CN(CC2CNC2)C[C@H](CC(C)C)NCc2cccc(F)c2NCc2ccc(F)cc2)c1,0.465832,COc1cccc(CN(CC2CNC2)C[C@H](CC(C)C)NCc2cccc(F)c2NC(=O)c2ccc(F)cc2)c1,0.258113
Nc1ccc(CN(CCc2c[nH]c3ccccc23)CC2CCN2CC2CCN2)cc1Br,0.999991,Nc1ccc(CN(CCc2c[nH]c3ccccc23)CC2CCN2C(=O)C2CCN2)cc1Br,0.973614
C[C@@H](O)[C@@H](N)CN1CCC[C@@H]1C(=O)O,0.011218,C[C@@H](O)[C@@H](N)C(=O)N1CCC[C@@H]1C(=O)O,0.003604
C[C@@H](CNCCc1c[nH]c2ccc(O)cc12)NCCC1NCCc2c(Br)cccc21,0.981743,C[C@H](NCCC1NCCc2c(Br)cccc21)C(=O)NCCc1c[nH]c2ccc(O)cc12,0.928756
CC[C@H](N)CN(CCCO)Cc1cccc(Br)c1,0.017314,CC[C@H](N)C(=O)N(CCCO)Cc1cccc(Br)c1,0.002759
NCCCN(CCN)C1CC1,0.065268,NCCCN(C(=O)CN)C1CC1,0.011439
N#Cc1cc(Br)cc(NC[C@@H](N)CCCNc2cc(F)ccc2O)c1,0.321428,N#Cc1cc(Br)cc(NC(=O)[C@@H](N)CCCNc2cc(F)ccc2O)c1,0.057252
COc1ccccc1CCNCC[C@H](N)CN(CCCN)c1cccc(Br)c1O,0.970071,COc1ccccc1CCNC(=O)C[C@H](N)CN(CCCN)c1cccc(Br)c1O,0.35888
Oc1ccc(Br)cc1NCC1CCN1C1CCNC1,0.733396,O=C(Nc1cc(Br)ccc1O)C1CCN1C1CCNC1,0.141055
CN(CCCN)CCN1CCC[C@@H]1CO,0.059755,CN(CCCN)CC(=O)N1CCC[C@@H]1CO,0.009579
CC[C@H](N)CN(CCN(C)CCCN)c1cc(F)ccc1O,0.494422,CC[C@H](N)CN(CCN(C)C(=O)CCN)c1cc(F)ccc1O,0.044688
CN(CCCN)CCNc1ccc(Br)cc1N,0.109999,CN(CCCN)CC(=O)Nc1cc(Br)ccc1N,0.005313
COc1ccc(N)c(N(C[C@H](N)Cc2c[nH]c3ccccc23)C[C@H]2CCCN2CC2CCN2)c1,0.97465,COc1ccc(N)c(N(C[C@H](N)Cc2c[nH]c3ccccc23)C[C@H]2CCCN2C(=O)C2CCN2)c1,0.245351
C[C@@H](N)CN(CCC[C@H](N)C(=O)O)CC1CNC1,0.026066,C[C@@H](N)CN(CCC[C@H](N)C(=O)O)C(=O)C1CNC1,0.002554
O=Cc1cn(CC(=O)CN(Cc2c[nH]c3ccc(Br)cc23)C2(CNC3CC3)CCC2)c2ccc(F)cc12,0.601363,O=Cc1cn(CC(=O)CN(Cc2c[nH]c3ccc(Br)cc23)C2(C(=O)NC3CC3)CCC2)c2ccc(F)cc12,0.303706
C[C@H](O)CNCC1NCCc2c(Br)cccc21,0.291954,C[C@H](O)CNC(=O)C1NCCc2c(Br)cccc21,0.013808
CC[C@@H](CNc1cc(Br)ccc1O)N(CCN)Cc1cccc(Br)c1,0.898417,CC[C@@H](C(=O)Nc1cc(Br)ccc1O)N(CCN)Cc1cccc(Br)c1,0.305499
N[C@@H](CCN1CCCCC1)CNc1cccc2cc[nH]c12,0.456304,N[C@@H](CCN1CCCCC1)C(=O)Nc1cccc2cc[nH]c12,0.052579
CC[C@H](C)[C@@H](N)CN1CCC(=O)C1,0.016433,CC[C@H](C)[C@@H](N)C(=O)N1CCC(=O)C1,0.001595
N[C@H](CCN(CCBr)c1cc(Br)ccc1O)CN1CCC[C@H]1CNCCc1c[nH]c2ccccc12,0.99501,N[C@H](CCN(C(=O)CBr)c1cc(Br)ccc1O)CN1CCC[C@H]1CNCCc1c[nH]c2ccccc12,0.988197
Fc1ccc(CN(CCN2CCCC(Nc3cccc4cc[nH]c34)C2)Cc2cccnc2F)cc1,0.900553,O=C(c1ccc(F)cc1)N(CCN1CCCC(Nc2cccc3cc[nH]c23)C1)Cc1cccnc1F,0.842259
CC[C@H](N)C(=O)OCCCN(Cc1ccc(F)cc1)Cc1cccc(Br)c1,0.5,CC[C@H](N)C(=O)OCCCN(Cc1cccc(Br)c1)C(=O)c1ccc(F)cc1,0.002356
O=C1CN(C[C@@H](CO)N(Cc2cccc(Br)c2)Cc2c[nH]c3ccc(Br)cc23)C1,0.962444,O=C1CN(C(=O)[C@@H](CO)N(Cc2cccc(Br)c2)Cc2c[nH]c3ccc(Br)cc23)C1,0.430175
COc1ccccc1CCNCC[C@H](N)CN1CC(=O)C1,0.426209,COc1ccccc1CCNCC[C@H](N)C(=O)N1CC(=O)C1,0.018752
C[C@@H](N)CN(CCCN)c1ccc(Br)cc1O,0.027572,C[C@@H](N)CN(C(=O)CCN)c1ccc(Br)cc1O,0.044254
NCCN1CC(CN(C[C@@H](N)Cc2c[nH]c3ccccc23)c2ccc(Br)cc2O)C1,0.98729,NCC(=O)N1CC(CN(C[C@@H](N)Cc2c[nH]c3ccccc23)c2ccc(Br)cc2O)C1,0.458743
C[C@H](O)CN(c1ccc(C#N)cc1N)C1CCN(Cc2ccc(F)cc2)C1,0.861592,C[C@H](O)CN(c1ccc(C#N)cc1N)C1CCN(C(=O)c2ccc(F)cc2)C1,0.013651
Cc1ccnc(I)c1NC[C@@H](C)N,0.020984,Cc1ccnc(I)c1NC(=O)[C@@H](C)N,0.001704
C#CCN(CCNCC=O)Cc1c[nH]c2ccc(Br)cc12,0.273962,C#CCN(CCNC(=O)C=O)Cc1c[nH]c2ccc(Br)cc12,0.02112
COc1ccc(NCC[C@H](N)CN(CCCN)CCc2c[nH]c3ccccc23)c(N)c1,0.923534,COc1ccc(N(CC[C@H](N)CNCCc2c[nH]c3ccccc23)C(=O)CCN)c(N)c1,0.736361
CN(CCCNc1ccc(Br)cc1NCc1ccc(F)cc1)CCNC1CC1,0.914022,CN(CCCNc1ccc(Br)cc1NC(=O)c1ccc(F)cc1)CCNC1CC1,0.789656
c1cc(N(CC2CCN2)C2CNC2)c2[nH]ccc2c1,0.758118,O=C(C1CCN1)N(c1cccc2cc[nH]c12)C1CNC1,0.533437
Brc1ccc2c(CN3CCC3CNCCc3ccccc3Br)c[nH]c2c1,0.996364,O=C(NCCc1ccccc1Br)C1CCN1Cc1c[nH]c2cc(Br)ccc12,0.750512
NCCCCNCc1ccc(O)c(N)c1,0.539771,NCCCCNC(=O)c1ccc(O)c(N)c1,0.054425
NC1(CN2CC(NC3CCC3)C2)CCC1,0.027952,NC1(C(=O)N(C2CCC2)C2CNC2)CCC1,0.00196
CN(CCNc1cc(F)ccc1O)C[C@H](N)CCC(=O)O,0.07707,CN(CC(=O)Nc1cc(F)ccc1O)C[C@H](N)CCC(=O)O,0.004702
CC[C@@H](CNc1ccc(Br)cc1)N(Cc1c[nH]c2ccccc12)CC1CCN1,0.940423,CC[C@@H](C(=O)Nc1ccc(Br)cc1)N(Cc1c[nH]c2ccccc12)CC1CCN1,0.463289
Fc1ccc(CN(CCNC23CC(C2)C3)C2CCCN(Cc3c[nH]c4ccc(Br)cc34)C2)cc1,0.97706,O=C(CN(Cc1ccc(F)cc1)C1CCCN(Cc2c[nH]c3ccc(Br)cc23)C1)NC12CC(C1)C2,0.9207
COc1ccc(N)c(N(C[C@H](N)Cc2c[nH]c3ccccc23)C[C@H]2CCCN2CCN)c1,0.974006,COc1ccc(N)c(N(C[C@H](N)Cc2c[nH]c3ccccc23)C[C@H]2CCCN2C(=O)CN)c1,0.225687
Nc1ccc(CN(c2ccccc2S)C2CCN(C[C@H](N)CO)C2)cc1Br,0.916752,Nc1ccc(C(=O)N(c2ccccc2S)C2CCN(C[C@H](N)CO)C2)cc1Br,0.85388
N[C@@H](CCCN(c1ccc(Br)cc1)C1CCNC1)CN1CCCCC1,0.84426,N[C@@H](CCCN(c1ccc(Br)cc1)C1CCNC1)C(=O)N1CCCCC1,0.008362
NCCCN(CCc1c[nH]c2ccc(O)cc12)Cc1ccc(F)c(F)c1N1CCCCC1,0.995671,NCCC(=O)N(CCc1c[nH]c2ccc(O)cc12)Cc1ccc(F)c(F)c1N1CCCCC1,0.785201
Nc1c(F)cccc1CN1CC(NCCc2c[nH]c3ccccc23)C1,0.953241,Nc1c(F)cccc1C(=O)N(CCc1c[nH]c2ccccc12)C1CNC1,0.433002
NCCCN1CCC(N(CCc2c[nH]c3ccccc23)C(CCl)c2ccc(F)cc2F)CC1,0.999987,NCCC(=O)N1CCC(N(CCc2c[nH]c3ccccc23)C(CCl)c2ccc(F)cc2F)CC1,0.950775
Fc1cccc(CNCCN2CCC(N(CCc3c[nH]c4ccccc34)C(CCl)c3ccc(Br)cc3)CC2)c1F,0.949359,O=C(NCCN1CCC(N(CCc2c[nH]c3ccccc23)C(CCl)c2ccc(Br)cc2)CC1)c1cccc(F)c1F,0.937967
O=C1CCN(CC2c3cccc(Br)c3CCN2Cc2ccccc2Br)C1,0.787508,O=C1CCN(C(=O)C2c3cccc(Br)c3CCN2Cc2ccccc2Br)C1,0.02637
C#CCN(Cc1cncc(F)c1)CC1CNC1,0.061728,C#CCN(Cc1cncc(F)c1)C(=O)C1CNC1,0.026698
NCCCN(Cc1c[nH]c2ccccc12)C12CC(C1)C2,0.490106,NCCC(=O)N(Cc1c[nH]c2ccccc12)C12CC(C1)C2,0.082592
CC[C@H](N)CN(CCc1ccccc1Br)C(CBr)CNc1ccccn1,0.607268,CC[C@H](N)CN(CCc1ccccc1Br)C(CBr)C(=O)Nc1ccccn1,0.218378
C[C@H](N)CN[C@@H](C)C(=O)O,0.004808,C[C@H](N)C(=O)N[C@@H](C)C(=O)O,0.001493
NCCN(CCc1c[nH]c2ccc(O)cc12)CC[C@@H](N)CN(C[C@H]1CCCN1)c1cc(F)ccc1O,0.960588,NCC(=O)N(CCc1c[nH]c2ccc(O)cc12)CC[C@@H](N)CN(C[C@H]1CCCN1)c1cc(F)ccc1O,0.556648
O=C(CCl)c1ccc(F)cc1N(CCc1c[nH]c2ccccc12)C[C@@H]1CCCN1CC1CCN1,0.999987,O=C(CCl)c1ccc(F)cc1N(CCc1c[nH]c2ccccc12)C[C@@H]1CCCN1C(=O)C1CCN1,0.530254
NCCCN[C@@H](CS)C(=O)O,0.008522,NCCC(=O)N[C@@H](CS)C(=O)O,0.00197
Fc1ccc(CN(c2ccc(Br)cc2)C2CN(CC(CBr)NCCc3ccccc3Br)C2)cc1,0.803679,O=C(c1ccc(F)cc1)N(CCc1ccccc1Br)C(CBr)CN1CC(Nc2ccc(Br)cc2)C1,0.5
NCCCN(C[C@H]1CCCN1)C1CC1,0.066608,NCCC(=O)N(C[C@H]1CCCN1)C1CC1,0.007994
NCCc1ccc(OC(=O)CN(CC2CCN2Cc2ccc(F)cc2)C2CC2)cc1,0.945597,NCCc1ccc(OC(=O)CN(CC2CCN2C(=O)c2ccc(F)cc2)C2CC2)cc1,0.440497
CC[C@H](N)C(=O)OCC(c1ccc(F)cc1F)N(CC1CCN1)c1ccc(Br)cc1,0.343581,CC[C@H](N)C(=O)OCC(c1ccc(F)cc1F)N(C(=O)C1CCN1)c1ccc(Br)cc1,0.066931
C[C@H](N)CN(C[C@H](N)Cc1c[nH]c2ccccc12)C12CC(C1)C2,0.673836,C[C@H](N)CN(C(=O)[C@H](N)Cc1c[nH]c2ccccc12)C12CC(C1)C2,0.133043
C[C@@H](N)C(=O)Oc1c(Br)cccc1N(C[C@H]1CCCN1)C1CN(CCBr)C1,0.342066,C[C@@H](N)C(=O)Oc1c(Br)cccc1N(C(=O)[C@H]1CCCN1)C1CN(CCBr)C1,0.359703
CC[C@H](N)CN(CCc1c[nH]c2ccccc12)C[C@H](CC)NCc1ccc(N)c(Br)c1,0.975571,CC[C@H](N)CN(CCc1c[nH]c2ccccc12)C[C@H](CC)NC(=O)c1ccc(N)c(Br)c1,0.982233
COc1ccc(O)c(NC[C@@H]2CCCN2C[C@@H]2CCCN2)c1,0.870695,COc1ccc(O)c(N(C[C@@H]2CCCN2)C(=O)[C@@H]2CCCN2)c1,0.10187
Cc1cc(Br)cnc1N(CC1CCN1Cc1ccc(F)cc1)C[C@H](CO)NCCN,0.747912,Cc1cc(Br)cnc1N(CC1CCN1Cc1ccc(F)cc1)C[C@H](CO)NC(=O)CN,0.284583
N[C@H](CN[C@H](CC(=O)O)C(=O)O)Cc1c[nH]c2ccccc12,0.095198,N[C@@H](Cc1c[nH]c2ccccc12)C(=O)N[C@H](CC(=O)O)C(=O)O,0.005767
N[C@@H](Cc1c[nH]c2ccccc12)CN1CC(N(CC2CCN2)c2cc(Br)ccc2O)C1,0.995566,N[C@@H](Cc1c[nH]c2ccccc12)CN1CC(N(C(=O)C2CCN2)c2cc(Br)ccc2O)C1,0.978692
O=CCN[C@@H](CCN1CC(=O)C1)CN(Cc1c[nH]c2ccc(Br)cc12)c1ccccc1O,0.975274,O=CC(=O)N[C@@H](CCN1CC(=O)C1)CN(Cc1c[nH]c2ccc(Br)cc12)c1ccccc1O,0.65699
COc1cccc2c1CCN(C[C@@H](N)CCCNCCCN)C2c1cccc(Br)c1,0.993658,COc1cccc2c1CCN(C[C@@H](N)CCCNC(=O)CCN)C2c1cccc(Br)c1,0.924684
O=C(CBr)CN1CCC(Nc2ccccc2O)C1,0.01461,O=C(CBr)C(=O)N(c1ccccc1O)C1CCNC1,0.007264
CCCN(c1ccc(Br)cc1N)C1CCN(C[C@@H]2CCCN2)C1,0.796059,CCCN(c1ccc(Br)cc1N)C1CCN(C(=O)[C@@H]2CCCN2)C1,0.034612
NCCN(C[C@@H]1CCCN(C[C@@H](N)CCNc2cc(Br)ccc2O)C1)c1cc(F)c(F)cc1O,0.812433,NCC(=O)N(CC[C@H](N)CN1CCC[C@@H](CNc2cc(F)c(F)cc2O)C1)c1cc(Br)ccc1O,0.898513
CNCCN(CCc1ccncc1)CC[C@@H](N)CNCCCO,0.276891,CNCC(=O)N(CCCO)C[C@H](N)CCNCCc1ccncc1,0.05886
O=CCCN[C@H](CCNCCc1ccccc1Br)CN(c1ccc(Br)cc1)C1CCCNC1,0.3925,O=CCCN[C@H](CC(=O)NCCc1ccccc1Br)CN(c1ccc(Br)cc1)C1CCCNC1,0.223196
CC[C@H](C)[C@@H](CN1CCC1C(=O)O)NCc1ccc(F)cc1,0.066957,CC[C@H](C)[C@@H](C(=O)O)N(Cc1ccc(F)cc1)C(=O)C1CCN1,0.008675
NCCN(c1cccc(Br)c1O)C1CCN(CC2CCN2)CC1,0.6279,NCCN(c1cccc(Br)c1O)C1CCN(C(=O)C2CCN2)CC1,0.053289
COc1cccc(CN(CC2CCN2)CC2CCN2Cc2c[nH]c3cc(Br)ccc23)c1,0.99999,COc1cccc(CN(CC2CCN2Cc2c[nH]c3cc(Br)ccc23)C(=O)C2CCN2)c1,0.97124
Cc1ccnc(I)c1N(CC1(N)CCC1)C1CCN(C[C@H](N)Cc2c[nH]c3ccccc23)C1,0.977428,Cc1ccnc(I)c1N(C(=O)C1(N)CCC1)C1CCN(C[C@H](N)Cc2c[nH]c3ccccc23)C1,0.878209
BrCC(CNc1cccc2cc[nH]c12)N1CCC(Nc2cccnc2Br)CC1,0.746164,O=C(Nc1cccc2cc[nH]c12)C(CBr)N1CCC(Nc2cccnc2Br)CC1,0.408754
CC[C@H](N)CN(CCCN)C1CC1,0.070121,CC[C@H](N)C(=O)N(CCCN)C1CC1,0.006239
O=C(CBr)CNc1ccccc1O,0.006585,O=C(CBr)C(=O)Nc1ccccc1O,0.000236
Oc1cc(F)c(F)cc1NCCN1CCCC(Nc2cccc3cc[nH]c23)C1,0.782242,O=C(CN1CCCC(Nc2cccc3cc[nH]c23)C1)Nc1cc(F)c(F)cc1O,0.243232
CC[C@@H](CNc1cc(Br)cc(C#N)c1)NCc1ccc(N)c(Br)c1,0.195122,CC[C@H](NCc1ccc(N)c(Br)c1)C(=O)Nc1cc(Br)cc(C#N)c1,0.026024
Nc1ccc(CN(CC2CNC2)C23CC(C2)C3)cc1Br,0.47832,Nc1ccc(CN(C(=O)C2CNC2)C23CC(C2)C3)cc1Br,0.094826
C=CCN(CC1CN(C[C@@H](N)Cc2c[nH]c3ccccc23)C1)c1cc(OC)ccc1N,0.806204,C=CC(=O)N(CC1CN(C[C@@H](N)Cc2c[nH]c3ccccc23)C1)c1cc(OC)ccc1N,0.558395
Nc1ccc(CNc2ccc(C(=O)O)cc2Br)cc1Br,0.006875,Nc1ccc(C(=O)Nc2ccc(C(=O)O)cc2Br)cc1Br,0.002262
NCCCN(Cc1ccc(O)cc1)C[C@H](N)CO,0.191387,NCCCN(Cc1ccc(O)cc1)C(=O)[C@H](N)CO,0.060344
C[C@H](N)CN1CCCCC1,0.023555,C[C@H](N)C(=O)N1CCCCC1,0.001792
CCCNCCCN(CCNC)c1cc(C#N)ccc1O,0.300572,CCCN(CCCNc1cc(C#N)ccc1O)C(=O)CNC,0.06109
CCCN1CC(N(CCCOCC(=O)c2ccc(F)cc2F)Cc2cccc(F)c2N)C1,0.946832,CCCN1CC(N(CCCOCC(=O)c2ccc(F)cc2F)C(=O)c2cccc(F)c2N)C1,0.752743
C[C@@H](N)CNc1cccc2cc[nH]c12,0.098548,C[C@@H](N)C(=O)Nc1cccc2cc[nH]c12,0.007324
COc1ccc(O)c(NCC(=O)CBr)c1,0.003857,COc1ccc(O)c(NC(=O)C(=O)CBr)c1,0.000283
C[C@@H](NCCCN)C(=O)O,0.007101,C[C@@H](N)C(=O)NCCC(=O)O,0.001825
COc1ccccc1CCN(C[C@H](N)CCNc1cc(F)ccc1O)C1CNC1,0.997174,COc1ccccc1CCN(C[C@H](N)CC(=O)Nc1cc(F)ccc1O)C1CNC1,0.974848
CN(CCCNc1cc(Br)cc(C#N)c1)CCN(CCC=O)c1cccc2cc[nH]c12,0.98298,CN(CCC(=O)Nc1cc(Br)cc(C#N)c1)CCN(CCC=O)c1cccc2cc[nH]c12,0.601208
NCCCNCCCN1CCC(NC2CC2)C1,0.048483,NCCC(=O)NCCCN1CCC(NC2CC2)C1,0.031668
CCCN(C[C@H]1CCCN1)c1ccc(Br)cc1N,0.034575,CCCN(C(=O)[C@H]1CCCN1)c1ccc(Br)cc1N,0.15615
C#Cc1ccc(N)c(NC[C@@H](N)CC)c1,0.069461,C#Cc1ccc(N)c(NC(=O)[C@@H](N)CC)c1,0.003667
N#Cc1ccc(NCc2cccc(Br)c2)c(N(CCN)C[C@@H]2CCCNC2)c1,0.660114,N#Cc1ccc(N(Cc2cccc(Br)c2)C(=O)[C@@H]2CCCNC2)c(NCCN)c1,0.482634
C[C@@H](N)CN(CCc1c[nH]c2ccccc12)C[C@@H](N)Cc1ccc(O)cc1,0.933726,C[C@@H](N)CN(CCc1c[nH]c2ccccc12)C(=O)[C@@H](N)Cc1ccc(O)cc1,0.413119
CC[C@@H](CNc1cc(F)c(F)cc1O)NC1CCNC1,0.187415,CC[C@H](NC1CCNC1)C(=O)Nc1cc(F)c(F)cc1O,0.046095
COc1ccccc1CCN(CC=O)C[C@H]1CCCN1Cc1c(Br)cccc1Nc1cccnc1F,0.942028,COc1ccccc1CCN(C[C@H]1CCCN1Cc1c(Br)cccc1Nc1cccnc1F)C(=O)C=O,0.412398
C=CCN(Cc1ccc(F)cc1)[C@H](Cc1c[nH]c2ccccc12)CN(CCBr)C1CC1,0.995789,C=CC(=O)N(Cc1ccc(F)cc1)[C@H](Cc1c[nH]c2ccccc12)CN(CCBr)C1CC1,0.920638
C[C@@H](O)[C@@H](CNc1cc(F)ccc1O)NC[C@@H]1CCCN1Cc1ccc(F)cc1,0.883945,C[C@@H](O)[C@H](NC[C@@H]1CCCN1Cc1ccc(F)cc1)C(=O)Nc1cc(F)ccc1O,0.410361
CC[C@H](N)CN(CC1CCN1C1CN(Cc2ccc(F)cc2)C1)c1ccccc1S,0.985131,CC[C@H](N)CN(CC1CCN1C1CN(C(=O)c2ccc(F)cc2)C1)c1ccccc1S,0.942273
N[C@H](Cc1c[nH]c2ccccc12)CN1CCC(=O)C1,0.2606,N[C@H](Cc1c[nH]c2ccccc12)C(=O)N1CCC(=O)C1,0.019374
NCCN(CCC[C@H](N)CN(CCBr)c1cc(F)ccc1O)CCc1c[nH]c2ccccc12,0.999988,NCCN(CCC[C@H](N)CN(C(=O)CBr)c1cc(F)ccc1O)CCc1c[nH]c2ccccc12,0.993369
O=C(O)C[C@H](C(=O)O)N(C[C@@H]1CCCN1)C(CCl)c1ccc(Br)cc1,0.019486,O=C(O)C[C@@H](NC(CCl)c1ccc(Br)cc1)C(=O)N1CCC[C@H]1C(=O)O,0.006398
C=CCNCCCNc1ccc(CN(Cc2c[nH]c3ccc(Br)cc23)C2CC2)cc1Br,0.967709,C=CC(=O)NCCCNc1ccc(CN(Cc2c[nH]c3ccc(Br)cc23)C2CC2)cc1Br,0.86988
N#Cc1ccc(NC[C@H]2CCCN2CCCN)c(N)c1,0.703505,N#Cc1ccc(N(C[C@H]2CCCN2)C(=O)CCN)c(N)c1,0.125374
CC[C@H](N)CN(Cc1ccc(F)cc1)[C@@H](Cc1c[nH]c2ccccc12)CN1CCCC(=O)C1,0.994311,CC[C@H](N)CN(Cc1ccc(F)cc1)[C@@H](Cc1c[nH]c2ccccc12)C(=O)N1CCCC(=O)C1,0.623495
NCCCN(CCCNc1cccc(Br)c1O)CCc1c[nH]c2ccccc12,0.971521,NCCCN(CCC(=O)Nc1cccc(Br)c1O)CCc1c[nH]c2ccccc12,0.696563
O=C(O)CCN1CCC1CNc1ccccc1S,0.126843,O=C(CCN1CCC1C(=O)O)Nc1ccccc1S,0.00166
Cc1cc(F)ccc1-c1cc(CN2CCC[C@@H]2C(=O)O)ccc1N,0.058267,Cc1cc(F)ccc1-c1cc(C(=O)N2CCC[C@@H]2C(=O)O)ccc1N,0.001195
CC[C@@H](CNC1CC1)NCc1ccc(NCc2ccc(F)cc2)c(Br)c1,0.655548,CC[C@H](NCc1ccc(NCc2ccc(F)cc2)c(Br)c1)C(=O)NC1CC1,0.133974
C=CCNC[C@@H](N)Cc1ccccc1,0.340772,C=CCNC(=O)[C@@H](N)Cc1ccccc1,0.005283
Nc1ccc(Br)cc1NC[C@@H]1CCCN1C[C@H](N)CCC(=O)O,0.313356,Nc1cc(Br)ccc1NC(=O)CC[C@@H](N)CN1CCC[C@H]1C(=O)O,0.016132
N[C@H](Cc1ccc(O)cc1)CN1C[C@H](O)C[C@H]1C(=O)O,0.034125,N[C@H](Cc1ccc(O)cc1)C(=O)N1C[C@H](O)C[C@H]1C(=O)O,0.014713
CN(CCNCCc1ccc(O)cc1)CCNCc1ccc(F)cc1,0.98926,CN(CCNCCc1ccc(O)cc1)CCNC(=O)c1ccc(F)cc1,0.97004
N[C@H](Cc1c[nH]c2ccccc12)CN1CCC(N(CCBr)c2cc(F)ccc2O)C1,0.993998,N[C@H](Cc1c[nH]c2ccccc12)CN1CCC(N(C(=O)CBr)c2cc(F)ccc2O)C1,0.947344
N[C@H](CS)CN(CCBr)CCCO,0.020324,N[C@H](CS)CN(CCCO)C(=O)CBr,0.004623
C[C@@H](N)CN1CCC(Nc2cc(F)ccc2O)C1,0.125739,C[C@@H](N)C(=O)N(c1cc(F)ccc1O)C1CCNC1,0.083781
O=C(O)CCN(c1c(F)cccc1C(=O)O)C1CCN(C[C@@H]2CCCN2)C1,0.158103,O=C(O)CCN(c1c(F)cccc1C(=O)N1CCC[C@H]1C(=O)O)C1CCNC1,0.016529
CC(C)(N)CN1CC(N2CCC2CNc2cc(F)c(F)cc2O)C1,0.545813,CC(C)(N)CN1CC(N2CCC2C(=O)Nc2cc(F)c(F)cc2O)C1,0.152298
O=C1CN(CC(CBr)Nc2ccc(Br)cc2)C1,0.001298,O=C1CN(C(=O)C(CBr)Nc2ccc(Br)cc2)C1,0.000238
Brc1ccc(N(CCCN(CCc2ccccc2Br)CC2CCN2)CC2CCN2)cc1,0.983658,O=C(C1CCN1)N(CCCN(CC1CCN1)c1ccc(Br)cc1)CCc1ccccc1Br,0.203664
C[C@@H](N)CN1CCCC(N(Cc2ccc(F)cc2)c2ccccc2CNc2cccc3cc[nH]c23)C1,0.934321,C[C@@H](N)CN1CCCC(N(C(=O)c2ccc(F)cc2)c2ccccc2CNc2cccc3cc[nH]c23)C1,0.7255
O=C(O)[C@@H]1CCCN1C(CBr)CNc1cc(F)ccc1O,0.048227,O=C(Nc1cc(F)ccc1O)C(CBr)N1CCC[C@H]1C(=O)O,0.002491
C=CCN(C[C@H](C)N)c1ccccc1O,0.006564,C=CC(=O)N(C[C@H](C)N)c1ccccc1O,0.00597
C[C@@H](CNCCc1c[nH]c2ccccc12)NCC1CCN1,0.833572,C[C@@H](CNCCc1c[nH]c2ccccc12)NC(=O)C1CCN1,0.607049
O=C(O)c1ccccc1NC1CN(CC2CCN2)C1,0.041344,O=C(O)C1CCN1C(=O)c1ccccc1NC1CNC1,0.02141
NCCCN(C[C@@H]1C[C@@H](O)CN1CC1CCN1)c1c(N)cccc1Br,0.308761,NCCCN(C[C@@H]1C[C@@H](O)CN1C(=O)C1CCN1)c1c(N)cccc1Br,0.038846
CCCN(CC1CCN1CCN)c1cc(C#N)ccc1N,0.409637,CCCN(CC1CCN1C(=O)CN)c1cc(C#N)ccc1N,0.010829
N#Cc1ccc(NCC2CN(CCN)C2)c(N)c1,0.128504,N#Cc1ccc(N(CC2CNC2)C(=O)CN)c(N)c1,0.116604
CN(CCC[C@@H](N)C(=O)O)CC(=O)O,0.005984,CN(CC(=O)O)C(=O)CC[C@@H](N)C(=O)O,0.002149
CNCCN1CCC(N(C[C@H](N)Cc2ccc(O)cc2)c2cc(F)ccc2O)CC1,0.985363,CNCC(=O)N1CCC(N(C[C@H](N)Cc2ccc(O)cc2)c2cc(F)ccc2O)CC1,0.626446
CC(C)C[C@H](NCc1ccccc1N)C(=O)O,0.004063,CC(C)C[C@H](N)C(=O)Nc1ccccc1C(=O)O,0.000291
CC[C@H](N)CN1CCCC(N(CCc2c[nH]c3ccccc23)Cc2ccc(N)c(Br)c2)C1,0.996592,CC[C@H](N)C(=O)N1CCCC(N(CCc2c[nH]c3ccccc23)Cc2ccc(N)c(Br)c2)C1,0.869283
Nc1ccc(Br)cc1NC1CN(CC2CCN2)C1,0.253041,Nc1ccc(Br)cc1N(C(=O)C1CCN1)C1CNC1,0.117533
Nc1ccc(CN2CCC(N(CC3CCN3Cc3ccc(F)cc3)c3cccnc3Br)C2)cc1Br,0.981938,Nc1ccc(CN2CCC(N(CC3CCN3C(=O)c3ccc(F)cc3)c3cccnc3Br)C2)cc1Br,0.77879
NCCNc1c(F)cccc1CN(CCN)CCc1c[nH]c2ccccc12,0.925871,NCCN(C(=O)CN)c1c(F)cccc1CNCCc1c[nH]c2ccccc12,0.657616
CNCCN(CCN(C)C1CCNC1)c1ccc(F)nc1Br,0.29298,CNCC(=O)N(CCN(C)C1CCNC1)c1ccc(F)nc1Br,0.492313
NCCCN(CCc1c[nH]c2ccccc12)C[C@@H]1CCCNC1,0.929346,NCCCN(CCc1c[nH]c2ccccc12)C(=O)[C@@H]1CCCNC1,0.178323
CC[C@H](N)CNCCc1ccccc1Br,0.252418,CC[C@H](N)C(=O)NCCc1ccccc1Br,0.00131
O=C(O)C[C@@H](CNc1cccnc1Br)N(Cc1ccc(CCl)cc1)CC1CNC1,0.59234,O=C(C[C@@H](C(=O)O)N(Cc1ccc(CCl)cc1)CC1CNC1)Nc1cccnc1Br,0.146293
Fc1ccc(CN2CC(N3CCC[C@@H](CN[C@H](CNc4cccnc4Br)Cc4c[nH]c5ccccc45)C3)C2)cc1,0.915302,O=C(c1ccc(F)cc1)N(C[C@@H]1CCCN(C2CNC2)C1)[C@H](CNc1cccnc1Br)Cc1c[nH]c2ccccc12,0.597251
ClCC(c1ccc(Cl)c(Cl)c1)N(CCc1ccncc1)C[C@H]1CCCN1,0.946936,O=C([C@H]1CCCN1)N(CCc1ccncc1)C(CCl)c1ccc(Cl)c(Cl)c1,0.222189
O=C(CCl)c1ccc(F)cc1N(CC1CCN1)[C@@H](CS)CN(c1ccccc1O)C1CCNCC1,0.667672,O=C(CCl)c1ccc(F)cc1N(C(=O)C1CCN1)[C@@H](CS)CN(c1ccccc1O)C1CCNCC1,0.306677
CN(CCNc1cccc2cc[nH]c12)C[C@@H]1CCCN1c1c(F)cccc1CN1CC(=O)C1,0.906743,CN(CCNc1cccc2cc[nH]c12)C[C@@H]1CCCN1c1c(F)cccc1C(=O)N1CC(=O)C1,0.683091
CC[C@@H](CN1CCC1CNCc1ccccc1O)NCc1c[nH]c2ccc(Br)cc12,0.996377,CC[C@@H](CN1CCC1C(=O)NCc1ccccc1O)NCc1c[nH]c2ccc(Br)cc12,0.977519
NCCCN(C[C@@H](N)CO)c1ccc(Br)cc1,0.004444,NCCCN(C(=O)[C@@H](N)CO)c1ccc(Br)cc1,0.035745
CC[C@H](NC[C@H](N)CC(=O)O)C(=O)O,0.004858,CC[C@H](N)C(=O)N[C@H](CC(=O)O)C(=O)O,0.001861
NCCCCNCCCNc1cc(Br)ccc1O,0.460321,NCCCCNCCC(=O)Nc1cc(Br)ccc1O,0.093986
C[C@H](CNc1cc(F)c(F)cc1O)N(Cc1c[nH]c2cc(Br)ccc12)C1CNC1,0.927489,C[C@H](C(=O)Nc1cc(F)c(F)cc1O)N(Cc1c[nH]c2cc(Br)ccc12)C1CNC1,0.796292
NCCCN1CCC1CN(C[C@@H](N)Cc1c[nH]c2ccccc12)c1ccc(Br)cc1O,0.999989,NCCC(=O)N1CCC1CN(C[C@@H](N)Cc1c[nH]c2ccccc12)c1ccc(Br)cc1O,0.583233
C[C@@H](CN(Cc1cccc(F)c1F)c1ccccc1O)NC1CNC1,0.939416,C[C@@H](CN(C(=O)c1cccc(F)c1F)c1ccccc1O)NC1CNC1,0.863736
Oc1ccc(F)cc1N(C[C@@H]1CCCN1CCBr)C1CCN(Cc2c[nH]c3ccc(Br)cc23)CC1,0.991263,O=C(CBr)N1CCC[C@H]1CN(c1cc(F)ccc1O)C1CCN(Cc2c[nH]c3ccc(Br)cc23)CC1,0.934193
O=CCN(CC1c2cccc(Br)c2CCN1C1CCCNC1)c1cc(F)ccc1O,0.992833,O=CC(=O)N(CC1c2cccc(Br)c2CCN1C1CCCNC1)c1cc(F)ccc1O,0.972078
CC[C@H](N)CN(CCCCN)Cc1c[nH]c2ccccc12,0.355956,CC[C@H](N)C(=O)N(CCCCN)Cc1c[nH]c2ccccc12,0.08209
N[C@H](CCCN1CCC1CN(CCBr)c1cccc2cc[nH]c12)CNc1cc(F)ccc1O,0.989946,N[C@H](CCCN1CCC1CN(C(=O)CBr)c1cccc2cc[nH]c12)CNc1cc(F)ccc1O,0.971086
CN(CCNc1ccc(Br)cc1)C[C@H](N)Cc1c[nH]c2ccccc12,0.719297,CN(CC(=O)Nc1ccc(Br)cc1)C[C@H](N)Cc1c[nH]c2ccccc12,0.047801
Fc1ccc(CN[C@@H](CS)CN(CCc2ccccc2Br)CC2CCN2)cc1,0.959692,O=C(C1CCN1)N(CCc1ccccc1Br)C[C@H](CS)NCc1ccc(F)cc1,0.171112
CC(C)C[C@H](CN1CCCCC1)N(CCC=O)Cc1cccnc1F,0.675655,CC(C)C[C@H](C(=O)N1CCCCC1)N(CCC=O)Cc1cccnc1F,0.011237
C=CCN(CCC=O)C[C@@H](C)N(Cc1ccc(F)cc1)Cc1c[nH]c2cc(Br)ccc12,0.996396,C=CCN(CCC=O)C[C@@H](C)N(Cc1c[nH]c2cc(Br)ccc12)C(=O)c1ccc(F)cc1,0.974879
N[C@H](CNc1cc(Br)ccc1O)Cc1cccs1,0.068124,N[C@@H](Cc1cccs1)C(=O)Nc1cc(Br)ccc1O,0.005304
C#CCNC[C@H](CO)NCc1ccc(F)cc1,0.076483,C#CCNC[C@H](CO)NC(=O)c1ccc(F)cc1,0.013397
CNCCN[C@H](C)CN(CCNc1ccccc1O)c1ccccc1O,0.464785,CNCCN[C@H](C)CN(CC(=O)Nc1ccccc1O)c1ccccc1O,0.055065
N[C@H](Cc1ccc(O)cc1)CN(c1ccccn1)C1CN(CCBr)C1,0.718797,N[C@H](Cc1ccc(O)cc1)CN(c1ccccn1)C1CN(C(=O)CBr)C1,0.097891
C#CCN(C[C@@H](C)N)C1CCCN(CCCNCc2ccc(F)cc2)C1,0.9142,C#CCN(C[C@@H](C)N)C1CCCN(CCCNC(=O)c2ccc(F)cc2)C1,0.896673
C#CCN(Cc1ccc(O)c(N)c1)CC1CCN1,0.418039,C#CCN(Cc1ccc(O)c(N)c1)C(=O)C1CCN1,0.152714
C=CCN(C[C@@H]1CCCN1CC1CNC1)c1ccc(CNCCc2c[nH]c3ccc(O)cc23)cc1Br,0.973756,C=CC(=O)N(CCc1c[nH]c2ccc(O)cc12)Cc1ccc(NC[C@@H]2CCCN2CC2CNC2)c(Br)c1,0.805652
NCCN(C[C@@H](N)CCCN(CCBr)CCc1ccccc1Br)c1cccc2cc[nH]c12,0.989,NCC(=O)N(C[C@@H](N)CCCN(CCBr)CCc1ccccc1Br)c1cccc2cc[nH]c12,0.969941
COc1ccccc1CCN(CC1CN(C[C@H]2CCCN2Cc2ccc(F)cc2)C1)c1cccc(N)c1N,0.929763,COc1ccccc1CCN(CC1CN(C[C@H]2CCCN2C(=O)c2ccc(F)cc2)C1)c1cccc(N)c1N,0.542979
Nc1c(F)cccc1CNCCc1c[nH]c2ccccc12,0.195986,Nc1c(F)cccc1C(=O)NCCc1c[nH]c2ccccc12,0.013296
C[C@@H](CN1CCC(N(Cc2ccc(F)cc2)[C@@H](C)c2ccccc2)CC1)NC[C@@H](N)Cc1c[nH]cn1,0.811611,C[C@@H](CN1CCC(N(C(=O)c2ccc(F)cc2)[C@@H](C)c2ccccc2)CC1)NC[C@@H](N)Cc1c[nH]cn1,0.442576
NC(=O)CC[C@@H](N)CNc1ccc(Br)cc1,0.002432,NC(=O)CC[C@@H](N)C(=O)Nc1ccc(Br)cc1,0.000114
CN(CCN(Cc1cccc(F)c1N)c1cccc2cc[nH]c12)C1CNC1,0.983339,CN(CCN(C(=O)c1cccc(F)c1N)c1cccc2cc[nH]c12)C1CNC1,0.978097
OC[C@@H](CNCCCCN(CCBr)Cc1c[nH]c2ccc(Br)cc12)NC(CCl)c1ccc(Br)cc1,0.913689,O=C(CBr)N(C(CCl)c1ccc(Br)cc1)[C@@H](CO)CNCCCCNCc1c[nH]c2ccc(Br)cc12,0.283635
Oc1ccc(C[C@H](CNCCc2c[nH]c3ccccc23)NC2CCCNC2)cc1,0.952678,O=C(NCCc1c[nH]c2ccccc12)[C@@H](Cc1ccc(O)cc1)NC1CCCNC1,0.801478
OC[C@@H](CNc1cc(F)ccc1O)N(Cc1cccc(Br)c1)CC1CCN1,0.904551,O=C(C1CCN1)N(C[C@H](CO)NCc1cccc(Br)c1)c1cc(F)ccc1O,0.410537
Nc1cc(Br)ccc1OC(=O)[C@H]1CCCN1C[C@H](N)Cc1ccc(O)cc1,0.901797,Nc1cc(Br)ccc1OC(=O)[C@H]1CCCN1C(=O)[C@H](N)Cc1ccc(O)cc1,0.016752
OCCN(CC1CCN1)[C@@H](Cc1c[nH]c2ccccc12)CN(c1cc(F)c(F)cc1O)C1CNC1,0.98191,O=C(C1CCN1)N(CCO)[C@@H](Cc1c[nH]c2ccccc12)CN(c1cc(F)c(F)cc1O)C1CNC1,0.679
COc1ccc(O)c(N(CCBr)C2CCN(CCC3NCCc4ccc(O)cc43)C2)c1,0.993094,COc1ccc(O)c(N(C(=O)CBr)C2CCN(CCC3NCCc4ccc(O)cc43)C2)c1,0.896533
Oc1ccc(CN(Cc2ccc(F)c(F)c2F)CC2CNC2)cc1,0.784416,O=C(C1CNC1)N(Cc1ccc(O)cc1)Cc1ccc(F)c(F)c1F,0.5
CN(CCNc1cc(Br)ccc1O)C(CCl)c1ccc(F)cc1,0.379575,CN(CC(=O)Nc1cc(Br)ccc1O)C(CCl)c1ccc(F)cc1,0.016604
O=C(CCl)c1ccc(F)cc1N1CCC(CNCCc2ccc(O)cc2)CC1,0.91577,O=C(CCl)c1ccc(F)cc1N1CCC(C(=O)NCCc2ccc(O)cc2)CC1,0.016952
CC[C@H](N)CN1CCC[C@@H]1CNCCc1ccccc1OC,0.959848,CC[C@H](N)CN1CCC[C@@H]1C(=O)NCCc1ccccc1OC,0.478237
OC[C@H](CNc1cccc2cc[nH]c12)N(Cc1cccc(F)c1F)C[C@@H]1CCCN1,0.907587,O=C(Nc1cccc2cc[nH]c12)[C@@H](CO)N(Cc1cccc(F)c1F)C[C@@H]1CCCN1,0.442745
N[C@@H](Cc1c[nH]c2ccccc12)CN1CC(=O)C1,0.141265,N[C@@H](Cc1c[nH]c2ccccc12)C(=O)N1CC(=O)C1,0.013921
NCCCN(c1cccc(Br)c1N)C1CN(CCN)C1,0.171948,NCCC(=O)N(c1cccc(Br)c1N)C1CN(CCN)C1,0.170868
OC[C@@H]1CCCN1CCCN(CCNCc1ccc(F)cc1)c1cccc(Br)c1O,0.996191,O=C(NCCN(CCCN1CCC[C@H]1CO)c1cccc(Br)c1O)c1ccc(F)cc1,0.982238
O=C(O)C[C@H](CNc1cccc(Br)c1O)NC1CN(Cc2c[nH]c3ccc(Br)cc23)C1,0.853264,O=C(C[C@@H](NC1CN(Cc2c[nH]c3ccc(Br)cc23)C1)C(=O)O)Nc1cccc(Br)c1O,0.295389
C=CCN(C[C@H](N)Cc1c[nH]c2ccccc12)[C@H](C)CN(CCBr)Cc1cccc(OC)c1,0.915929,C=CCN(C[C@H](N)Cc1c[nH]c2ccccc12)[C@H](C)CN(Cc1cccc(OC)c1)C(=O)CBr,0.562381
CC[C@H](N)CNc1ccc(F)nc1Br,0.02083,CC[C@H](N)C(=O)Nc1ccc(F)nc1Br,0.002195
N[C@H](CS)CNc1ccccn1,0.036117,N[C@H](CS)C(=O)Nc1ccccn1,0.00178
N#Cc1cc(Br)cc(NCc2ccc(O)c(NC[C@@H]3CCCNC3)c2)c1,0.772075,N#Cc1cc(Br)cc(NCc2ccc(O)c(NC(=O)[C@@H]3CCCNC3)c2)c1,0.315056
CNCCN(CC1CN(C[C@@H]2CCCN2)C1)c1ccnc2ccccc12,0.605106,CNCC(=O)N(CC1CN(C[C@@H]2CCCN2)C1)c1ccnc2ccccc12,0.432232
Fc1ccc(CN2CCC2CN(c2cccc3cc[nH]c23)C(CBr)CNC2CCC2)cc1,0.993338,O=C(c1ccc(F)cc1)N(CC(CBr)N(CC1CCN1)c1cccc2cc[nH]c12)C1CCC1,0.638873
COc1ccc(O)c(N(Cc2c[nH]c3ccc(F)cc23)CC2CN(CC3CCN3CCBr)C2)c1,0.985599,COc1ccc(O)c(N(Cc2c[nH]c3ccc(F)cc23)CC2CN(CC3CCN3C(=O)CBr)C2)c1,0.917028
CCC1N[C@H](CN2CCC(=O)C2)Cc2ccc(O)cc21,0.891369,CCC1N[C@H](C(=O)N2CCC(=O)C2)Cc2ccc(O)cc21,0.076804
C1CN[C@H](CNC2CC2)C1,0.029013,O=C(NC1CC1)[C@@H]1CCCN1,0.005918
C[C@H](CNCCc1c[nH]c2ccccc12)N(CCNCCCO)C(CCl)c1ccc(Br)cc1,0.950887,C[C@H](C(=O)NCCc1c[nH]c2ccccc12)N(CCNCCCO)C(CCl)c1ccc(Br)cc1,0.817455
CN(CCNc1cc(C#N)ccc1O)C[C@H]1CCCN1,0.665321,CN(CC(=O)Nc1cc(C#N)ccc1O)C[C@H]1CCCN1,0.080708
C=CCNCCN(Cc1cccc(Br)c1)C[C@@H]1CCCN1Cc1c[nH]c2ccc(C#N)cc12,0.962795,C=CCNC(=O)CN(Cc1cccc(Br)c1)C[C@@H]1CCCN1Cc1c[nH]c2ccc(C#N)cc12,0.789456
CNCCNc1c(Br)cccc1N(Cc1ccc(F)cc1)C[C@@H]1CCCN1CCN,0.965206,CN(CCNc1c(Br)cccc1NC[C@@H]1CCCN1CCN)C(=O)c1ccc(F)cc1,0.811975
Fc1ccc(CNCCc2ccccc2)cc1,0.066797,O=C(NCCc1ccccc1)c1ccc(F)cc1,0.002467
C#CCNCC[C@H](N)CNc1ccc(Br)cc1O,0.244254,C#CCNCC[C@H](N)C(=O)Nc1ccc(Br)cc1O,0.016638
CN(CCNc1cc(F)c(F)cc1O)Cc1c[nH]c2ccc(Br)cc12,0.833088,CN(CC(=O)Nc1cc(F)c(F)cc1O)Cc1c[nH]c2ccc(Br)cc12,0.28761
CN(CCNc1cc(F)ccc1O)CC1CNC1,0.340266,CN(CC(=O)Nc1cc(F)ccc1O)CC1CNC1,0.028973
ClCC(c1ccc(Br)cc1)N(CC1CCN1)c1cccc2cc[nH]c12,0.505466,O=C(C1CCN1)N(c1cccc2cc[nH]c12)C(CCl)c1ccc(Br)cc1,0.156388
COc1ccc(O)c(N(C[C@H]2CCCN2)C(C)CCl)c1,0.080794,COc1ccc(O)c(N(C(=O)[C@H]2CCCN2)C(C)CCl)c1,0.03326
COc1ccccc1CCN(CC1CCNCC1)CC1(N)CCC1,0.527648,COc1ccccc1CCN(CC1CCNCC1)C(=O)C1(N)CCC1,0.011169
COc1ccccc1CCNC[C@@H]1Cc2ccccc2CN1CCN(C)CC1CNC1,0.514418,COc1ccccc1CCNC(=O)[C@@H]1Cc2ccccc2CN1CCN(C)CC1CNC1,0.328008
CC(C)C[C@H](N)CN1CCC1C(=O)O,0.010337,CC(C)C[C@H](N)C(=O)N1CCC1C(=O)O,0.002959
N#Cc1cc(Br)cc(NCC2CCN2CCCN)c1,0.563408,N#Cc1cc(Br)cc(NC(=O)C2CCN2CCCN)c1,0.048506
CC[C@H](N)CN(CCN)c1cc(F)ccc1O,0.069112,CC[C@H](N)CN(C(=O)CN)c1cc(F)ccc1O,0.058759
OC[C@H](CN(c1cc(F)ccc1O)C1CN(Cc2ccc(F)cc2)C1)NCC1CCN1,0.966854,O=C(N[C@H](CO)CN(c1cc(F)ccc1O)C1CN(Cc2ccc(F)cc2)C1)C1CCN1,0.872372
COc1ccccc1CCNC[C@@H](C)N(CCN)Cc1c[nH]c2ccc(Br)cc12,0.999994,COc1ccccc1CCN(C[C@@H](C)NCc1c[nH]c2ccc(Br)cc12)C(=O)CN,0.667122
N[C@@H](Cc1c[nH]c2ccccc12)CN(CC1CCN(CC2CCN2)CC1)c1ccccn1,0.981096,N[C@@H](Cc1c[nH]c2ccccc12)CN(CC1CCN(C(=O)C2CCN2)CC1)c1ccccn1,0.156737
Oc1ccc(F)cc1N(CCBr)C[C@@H]1CCCN1,0.079555,O=C([C@@H]1CCCN1)N(CCBr)c1cc(F)ccc1O,0.080079
Oc1ccc(Br)cc1N(CC1CCNCC1)C(CCl)c1ccc(F)cc1,0.880742,O=C(C1CCNCC1)N(c1cc(Br)ccc1O)C(CCl)c1ccc(F)cc1,0.410551
C[C@@H](CNc1ccnc2ccccc12)NC1CCN(CCCN)C1,0.532872,C[C@H](NC1CCN(CCCN)C1)C(=O)Nc1ccnc2ccccc12,0.086426
N[C@H](CCCN1CCC1C(=O)O)CNCCc1ccc(O)cc1,0.877586,N[C@H](CCC(=O)N1CCC1C(=O)O)CNCCc1ccc(O)cc1,0.222996
N[C@@H](CCNCCc1c[nH]c2ccccc12)CN1CCC1CNc1cc(Br)ccc1O,0.992273,N[C@@H](CC(=O)NCCc1c[nH]c2ccccc12)CN1CCC1CNc1cc(Br)ccc1O,0.937356
Sc1ccccc1N(CC1CNC1)C1CNC1,0.481936,O=C(C1CNC1)N(c1ccccc1S)C1CNC1,0.33557
N#Cc1ccc(N)c(NC[C@@H]2CCCN2)c1,0.069306,N#Cc1ccc(N)c(NC(=O)[C@@H]2CCCN2)c1,0.008561
C[C@@H](N)CN(CCc1ccccc1Br)Cc1c[nH]c2ccc(Br)cc12,0.977793,C[C@@H](N)C(=O)N(CCc1ccccc1Br)Cc1c[nH]c2ccc(Br)cc12,0.174462
CC[C@@H](C(=O)O)N(C[C@H](N)CS)C[C@H]1CCCN1,0.015001,CC[C@@H](C(=O)O)N(C[C@H](N)CS)C(=O)[C@H]1CCCN1,0.003239
COc1ccccc1CCNCC(CBr)N(CCc1ccccc1Br)C[C@H](N)CCC(=O)O,0.875484,COc1ccccc1CCN(CC(CBr)NCCc1ccccc1Br)C(=O)CC[C@@H](N)C(=O)O,0.066885
Nc1c(Br)cccc1N(Cc1c[nH]c2ccc(Br)cc12)C1CN(CC2CCN2CC2CCN2)C1,0.992656,Nc1c(Br)cccc1N(Cc1c[nH]c2ccc(Br)cc12)C1CN(CC2CCN2C(=O)C2CCN2)C1,0.96812
C[C@@H](N)CN1CCC[C@@H]1CO,0.053591,C[C@@H](N)C(=O)N1CCC[C@@H]1CO,0.003333
O=C1CCCN(C2CCCN(c3c(CNCCc4ccc(O)cc4)ccc(F)c3F)C2)C1,0.991872,O=C1CCCN(C2CCCN(c3c(C(=O)NCCc4ccc(O)cc4)ccc(F)c3F)C2)C1,0.953719
C[C@@H](N)CNc1c(F)cccc1CN1CCCC(=O)C1,0.079694,C[C@@H](N)CNc1c(F)cccc1C(=O)N1CCCC(=O)C1,0.00374
NCCN(c1cc(F)ccc1O)c1c(F)cccc1CN1CCC(NC2CC2)CC1,0.969106,NCC(=O)N(C1CC1)C1CCN(Cc2cccc(F)c2Nc2cc(F)ccc2O)CC1,0.345308
c1ccc2c(CCNCC3CNC3)c[nH]c2c1,0.932752,O=C(NCCc1c[nH]c2ccccc12)C1CNC1,0.150189
N[C@@H](CCC(=O)O)CNCc1ccc(O)cc1,0.104924,N[C@@H](CCC(=O)NCc1ccc(O)cc1)C(=O)O,0.004748
OB(O)c1cccc(N(CC2CCN2)C2CCN(C(CCl)c3ccc(Br)cc3)C2)c1,0.963995,O=C(C1CCN1)N(c1cccc(B(O)O)c1)C1CCN(C(CCl)c2ccc(Br)cc2)C1,0.509972
N[C@H](Cc1ccc(O)cc1)CN(CCC(=O)O)C1CC1,0.491427,N[C@H](Cc1ccc(O)cc1)C(=O)N(CCC(=O)O)C1CC1,0.033762
COc1ccc(O)c(N(Cc2ccc(N)c(Br)c2)CC(CBr)N2CCC[C@H]2CO)c1,0.976753,COc1ccc(O)c(N(CC(CBr)N2CCC[C@H]2CO)C(=O)c2ccc(N)c(Br)c2)c1,0.916735
N[C@H](Cc1c[nH]c2ccccc12)CN1CCC1CN1CCC[C@@H](O)C1,0.576649,N[C@H](Cc1c[nH]c2ccccc12)CN1CCC1C(=O)N1CCC[C@@H](O)C1,0.305988
CCCN1CCC1CN(CCc1ccccc1Br)c1ccc(NCCN)c(O)c1,0.989239,CCCN1CCC1CN(CCc1ccccc1Br)c1ccc(NC(=O)CN)c(O)c1,0.806888
C=CCNc1ccc(Br)cc1,0.003904,C=CC(=O)Nc1ccc(Br)cc1,0.000163
C[C@H](N)CN(CC1CCN1Cc1cccc(F)c1F)c1cc(Br)ccc1N,0.777183,C[C@H](N)CN(CC1CCN1C(=O)c1cccc(F)c1F)c1cc(Br)ccc1N,0.103403
O=CCN(CCCN1CCC[C@H](OCc2cccc(F)c2)C1)Cc1c[nH]c2cc(Br)ccc12,0.994517,O=CC(=O)N(CCCN1CCC[C@H](OCc2cccc(F)c2)C1)Cc1c[nH]c2cc(Br)ccc12,0.974372
NCCC[C@H](N)CN(C[C@@H]1CCCN1Cc1cccc(O)c1N)c1ccc(Br)cc1,0.95872,NCCC[C@H](N)C(=O)N(C[C@@H]1CCCN1Cc1cccc(O)c1N)c1ccc(Br)cc1,0.941023
C[C@@H](N)CN(C[C@H]1CCCN1)c1ccccc1O,0.083934,C[C@@H](N)C(=O)N(C[C@H]1CCCN1)c1ccccc1O,0.203425
N#Cc1cc(Br)cc(N(C[C@@H]2CCCN2)C2CCN(Cc3cccc(O)c3N)C2)c1,0.99514,N#Cc1cc(Br)cc(N(C(=O)[C@@H]2CCCN2)C2CCN(Cc3cccc(O)c3N)C2)c1,0.858396
Nc1cc(CNc2cc(F)ccc2O)ccc1O,0.036531,Nc1cc(C(=O)Nc2cc(F)ccc2O)ccc1O,0.011184
COc1ccc(O)c(N(C2CN(CCN(C)CC=O)C2)C(CCl)c2ccc(Br)cc2)c1,0.950199,COc1ccc(O)c(N(C2CN(CCN(C)C(=O)C=O)C2)C(CCl)c2ccc(Br)cc2)c1,0.767313
N#Cc1ccc(N)c(N(Cc2c[nH]c3ccc(F)cc23)CC2CCN2)c1,0.701678,N#Cc1ccc(N)c(N(Cc2c[nH]c3ccc(F)cc23)C(=O)C2CCN2)c1,0.693002
O[C@@H]1CCCN(Cc2ccccc2NCC2CCN2)C1,0.075971,O=C(c1ccccc1NCC1CCN1)N1CCC[C@@H](O)C1,0.006917
N[C@H](Cc1c[nH]c2ccccc12)CN1CC(CN(CCN2CCC[C@@H]2CO)c2cc(F)c(F)cc2O)C1,0.984536,N[C@H](Cc1c[nH]c2ccccc12)CN1CC(CN(CC(=O)N2CCC[C@@H]2CO)c2cc(F)c(F)cc2O)C1,0.803383
NCCCCN(CC1CCN1)C[C@@H](N)CO,0.05719,NCCCCN(C[C@@H](N)CO)C(=O)C1CCN1,0.005424
C[C@H](CNc1cc(Br)ccc1N)NCc1c[nH]c2cc(Br)ccc12,0.222869,C[C@@H](NCc1c[nH]c2cc(Br)ccc12)C(=O)Nc1cc(Br)ccc1N,0.035544
N[C@@H](CCCN1CCCC(=O)C1)CNCc1ccccc1O,0.662201,N[C@@H](CCCN1CCCC(=O)C1)C(=O)NCc1ccccc1O,0.11967
N#Cc1ccc(O)c(NCCCN(CC=O)CCc2c[nH]c3ccccc23)c1,0.940753,N#Cc1ccc(O)c(NC(=O)CCN(CC=O)CCc2c[nH]c3ccccc23)c1,0.217587
C[C@@H](N)CN(CC1CCN1C1CCCNC1)c1ccccc1O,0.40589,C[C@@H](N)C(=O)N(CC1CCN1C1CCCNC1)c1ccccc1O,0.654563
CC(C)[C@@H](N)CN1CCC[C@H]1C(=O)O,0.0095,CC(C)[C@@H](N)C(=O)N1CCC[C@H]1C(=O)O,0.002426
Oc1ccc(Br)cc1NC[C@@H]1C[C@@H](O)CN1,0.05418,O=C(Nc1cc(Br)ccc1O)[C@@H]1C[C@@H](O)CN1,0.005802
Oc1cc(F)c(F)cc1N(C[C@@H]1CCCN1CCBr)C1CCCN(C(CCl)c2ccc(F)cc2)C1,0.952324,O=C(CBr)N1CCC[C@H]1CN(c1cc(F)c(F)cc1O)C1CCCN(C(CCl)c2ccc(F)cc2)C1,0.836928
CC[C@H](N)CN1CCCC(N(CC2CCN2Cc2cccc(F)c2N)c2ccc(Br)cc2N)C1,0.983163,CC[C@H](N)C(=O)N1CCCC(N(CC2CCN2Cc2cccc(F)c2N)c2ccc(Br)cc2N)C1,0.529616
CC(C)C[C@@H](NCCNc1cc(F)ccc1O)C(=O)O,0.013127,CC(C)C[C@@H](NCC(=O)Nc1cc(F)ccc1O)C(=O)O,0.002023
CC[C@H](C)[C@@H](N)CNCCC(=O)O,0.008124,CC[C@H](C)[C@@H](N)C(=O)NCCC(=O)O,0.001478
C[C@@H](CNc1cc(F)ccc1O)NC[C@H]1CCCN1,0.386387,C[C@@H](CNc1cc(F)ccc1O)NC(=O)[C@H]1CCCN1,0.043508
N[C@@H](Cc1ccc(O)cc1)CN1CCC[C@H]1CN(CCc1c[nH]c2ccccc12)C1CNC1,0.991758,N[C@@H](Cc1ccc(O)cc1)C(=O)N1CC(N(CCc2c[nH]c3ccccc23)C[C@@H]2CCCN2)C1,0.936529
COc1ccc(O)c(NCC[C@H](N)CN2CC(=O)C2)c1,0.095127,COc1ccc(O)c(NC(=O)C[C@H](N)CN2CC(=O)C2)c1,0.006412
Nc1ccc(CN(CC(CBr)N2CCCC(NC3CC3)C2)c2ccccc2S)cc1Br,0.990807,Nc1ccc(C(=O)N(C2CC2)C2CCCN(C(CBr)CNc3ccccc3S)C2)cc1Br,0.833802
Nc1cc(F)c(F)cc1OC(=O)CCN(Cc1c[nH]c2ccccc12)C1CCN(Cc2ccc(F)cc2)C1,0.94994,Nc1cc(F)c(F)cc1OC(=O)CCN(Cc1c[nH]c2ccccc12)C1CCN(C(=O)c2ccc(F)cc2)C1,0.699313
CC(C)(CNC1CC1)N(Cc1cccc(F)c1N)C[C@H]1CCCN1,0.27023,CC(C)(CN(C(=O)c1cccc(F)c1N)C1CC1)NC[C@H]1CCCN1,0.11277
NCCCN(CC[C@@H](N)CNCCc1ccc(O)cc1)c1cccc(Br)c1O,0.97893,NCCCN(CC[C@@H](N)C(=O)NCCc1ccc(O)cc1)c1cccc(Br)c1O,0.438853
CC[C@@H](CN(CCCO)Cc1c[nH]c2ccc(F)cc12)N(CC=O)Cc1ccc(F)cc1,0.980815,CC[C@@H](CN(CCCO)Cc1c[nH]c2ccc(F)cc12)N(Cc1ccc(F)cc1)C(=O)C=O,0.798818
CNCCN(CCc1ccccc1OC)CC[C@H](N)C(=O)O,0.281309,CNCC(=O)N(CCc1ccccc1OC)CC[C@H](N)C(=O)O,0.010167
C[C@@H](O)CN(CC1CCN1c1cccnc1F)CC(C)(C)NCc1cccc(F)c1N,0.689804,C[C@@H](O)CN(CC1CCN1c1cccnc1F)CC(C)(C)NC(=O)c1cccc(F)c1N,0.490925
COc1ccc(O)c(NCCNC[C@H]2CCCN2CCN)c1,0.680684,COc1ccc(O)c(N(CCNC[C@H]2CCCN2)C(=O)CN)c1,0.147506
CC[C@H](C)[C@H](CNCCc1ccncc1)N(CCCN)Cc1c[nH]c2ccccc12,0.873661,CC[C@H](C)[C@H](CN(CCc1ccncc1)C(=O)CCN)NCc1c[nH]c2ccccc12,0.134712
O=CCCN1CCC1CN1CCC1CNCCc1ccccc1Br,0.605009,O=CCCN1CCC1CN1CCC1C(=O)NCCc1ccccc1Br,0.121795
Nc1cc(Br)ccc1N(Cc1c[nH]c2ccc(Br)cc12)C[C@@H]1CCCN1CC1CCN1,0.999993,Nc1cc(Br)ccc1N(Cc1c[nH]c2ccc(Br)cc12)C[C@@H]1CCCN1C(=O)C1CCN1,0.626895
C[C@H](CN(Cc1ccc(F)cc1)c1cccc2cc[nH]c12)NC[C@H](N)CCC(=O)O,0.228912,C[C@H](CN(C(=O)c1ccc(F)cc1)c1cccc2cc[nH]c12)NC[C@H](N)CCC(=O)O,0.114351
CC[C@H](NC[C@H](C)N)C(=O)O,0.005277,CC[C@H](N)C(=O)N[C@@H](C)C(=O)O,0.00128
O=C(O)[C@@H](CS)NCc1cccc(F)c1F,0.001511,O=C(N[C@H](CS)C(=O)O)c1cccc(F)c1F,0.000302
C[C@@H](CN1CCC(CNc2ccc(Br)cc2)CC1)N(Cc1cccc(F)c1N)Cc1c[nH]c2cc(Br)ccc12,0.772098,C[C@@H](CN1CCC(C(=O)Nc2ccc(Br)cc2)CC1)N(Cc1cccc(F)c1N)Cc1c[nH]c2cc(Br)ccc12,0.668873
N[C@@H](CCN1CC(CNc2cc(F)c(F)cc2O)C1)CNCCc1c[nH]c2ccccc12,0.98395,N[C@@H](CCN1CC(C(=O)Nc2cc(F)c(F)cc2O)C1)CNCCc1c[nH]c2ccccc12,0.940004
NCCN(C[C@@H]1CCCN1)[C@H](CNc1cc(F)c(F)cc1O)Cc1c[nH]c2ccccc12,0.973582,NCCN(C[C@@H]1CCCN1)[C@@H](Cc1c[nH]c2ccccc12)C(=O)Nc1cc(F)c(F)cc1O,0.949879
Oc1ccccc1N(CCCNCC1CCN(CCBr)CC1)Cc1c[nH]c2cc(Br)ccc12,0.997152,O=C(CBr)N(CCCN(Cc1c[nH]c2cc(Br)ccc12)c1ccccc1O)CC1CCNCC1,0.688453
Nc1c(O)cccc1CNCCc1ccccc1,0.263555,Nc1c(O)cccc1C(=O)NCCc1ccccc1,0.010029
CNCCN(C[C@H](C)NC[C@H](C)N)c1cccc(Br)c1O,0.090693,CNCC(=O)N(C[C@H](C)N)[C@@H](C)CNc1cccc(Br)c1O,0.016197
CN(CCN(CCBr)CCc1c[nH]c2ccccc12)c1ccc(N)cc1,0.935576,CN(CCN(CCc1c[nH]c2ccccc12)C(=O)CBr)c1ccc(N)cc1,0.050189
Nc1ccc(CN(CCc2c[nH]c3ccccc23)Cc2c(N)cccc2Br)cc1Cl,0.219704,Nc1ccc(CN(CCc2c[nH]c3ccccc23)C(=O)c2c(N)cccc2Br)cc1Cl,0.042357
N[C@H](CO)CN1CCC1CNc1ccccc1O,0.359259,N[C@H](CO)CN1CCC1C(=O)Nc1ccccc1O,0.009471
ClCC(c1ccc(Cl)c(Cl)c1)N(CCc1ccncc1)CC1CCN1,0.937224,O=C(C1CCN1)N(CCc1ccncc1)C(CCl)c1ccc(Cl)c(Cl)c1,0.173515
NC1(CN2CCC[C@H]2CNCCc2c[nH]c3ccccc23)CCC1,0.97296,NC1(CN2CCC[C@H]2C(=O)NCCc2c[nH]c3ccccc23)CCC1,0.688537
O=CCN(c1cc(Br)ccc1O)C1CCCN(Cc2cccc(F)c2F)C1,0.900257,O=CCN(c1cc(Br)ccc1O)C1CCCN(C(=O)c2cccc(F)c2F)C1,0.080766
N[C@H](CCCN1CCC(N(CCBr)c2ccc(Br)cc2)CC1)CNCCc1c[nH]c2ccc(O)cc12,0.997005,N[C@H](CCCN1CCC(N(C(=O)CBr)c2ccc(Br)cc2)CC1)CNCCc1c[nH]c2ccc(O)cc12,0.98482
CC[C@H](N)CN(C1CCC1)[C@@H](CN(CCC[C@@H](N)C(=O)O)c1ccc(Br)cc1O)c1ccccc1,0.653533,CC[C@H](N)CN(C1CCC1)[C@@H](CN(C(=O)CC[C@@H](N)C(=O)O)c1ccc(Br)cc1O)c1ccccc1,0.389597
COc1ccccc1CCN(Cc1c[nH]c2cc(Br)ccc12)CC1CCN1,0.999998,COc1ccccc1CCN(Cc1c[nH]c2cc(Br)ccc12)C(=O)C1CCN1,0.809616
C[C@@H](C(=O)O)N(Cc1c[nH]c2ccc(Br)cc12)C[C@H]1CCCN1,0.271223,C[C@@H](C(=O)O)N(Cc1c[nH]c2ccc(Br)cc12)C(=O)[C@H]1CCCN1,0.15439
C=CCNC1CCCN(Cc2c[nH]c3ccc(N(CC=C)c4cc(Br)ccc4O)cc23)C1,0.971871,C=CCN(C(=O)C=C)C1CCCN(Cc2c[nH]c3ccc(Nc4cc(Br)ccc4O)cc23)C1,0.598677
N#Cc1ccc(O)c(N(CCN)CC2CCN(Cc3c[nH]c4cc(Br)ccc34)CC2)c1,0.991378,N#Cc1ccc(O)c(N(CC2CCN(Cc3c[nH]c4cc(Br)ccc34)CC2)C(=O)CN)c1,0.975721
Oc1ccccc1NCCCN(CC1CCN1)C[C@@H]1CCCN1,0.527806,O=C(C1CCN1)N(CCCNC[C@@H]1CCCN1)c1ccccc1O,0.184323
CC[C@H](N)CN(CC1CNC1)[C@H](C)C(=O)O,0.012832,CC[C@H](N)CN(C(=O)C1CNC1)[C@H](C)C(=O)O,0.002087
Brc1ccc(NC[C@@H](Cc2c[nH]c3ccccc23)NC2CNC2)cc1,0.725385,O=C(Nc1ccc(Br)cc1)[C@@H](Cc1c[nH]c2ccccc12)NC1CNC1,0.196405
COc1ccccc1CCNC[C@@H](N)CCN1CCCC(=O)C1,0.729414,COc1ccccc1CCNC(=O)[C@@H](N)CCN1CCCC(=O)C1,0.122773
N[C@H](Cc1c[nH]c2ccccc12)CN(CC1CNC1)C1CC1,0.937705,N[C@H](Cc1c[nH]c2ccccc12)CN(C(=O)C1CNC1)C1CC1,0.269361
NCCCCNCc1ccc(N(CC2CCN2)c2ccccc2CCN)c(Br)c1,0.858676,NCCCCN(Cc1ccc(Nc2ccccc2CCN)c(Br)c1)C(=O)C1CCN1,0.473031
CC[C@@H](CN(CCc1c[nH]c2ccccc12)Cc1ccc(F)cc1)N(CCN)CC1(N)CCC1,0.992193,CC[C@@H](CN(CCc1c[nH]c2ccccc12)Cc1ccc(F)cc1)N(CC1(N)CCC1)C(=O)CN,0.898957
N#Cc1ccc(-c2ccc3c(CN4CCC(N(CC=O)C5CC5)C4)c[nH]c3c2)cc1F,0.971788,N#Cc1ccc(-c2ccc3c(CN4CCC(N(C(=O)C=O)C5CC5)C4)c[nH]c3c2)cc1F,0.402307
CN(CCNc1ccc(Br)cc1N)CC1CN(Cc2cccc(Br)c2)C1,0.877461,CN(CC(=O)Nc1cc(Br)ccc1N)CC1CN(Cc2cccc(Br)c2)C1,0.2337
O=Cc1cccc(NC2(CN3CCC[C@@H]3CO)CCC2)c1,0.145682,O=Cc1cccc(NC2(C(=O)N3CCC[C@@H]3CO)CCC2)c1,0.00051
C[C@H](CN1CCC[C@H](O)C1)NCc1ccc(N)c(O)c1,0.477737,C[C@H](CN1CCC[C@H](O)C1)NC(=O)c1ccc(N)c(O)c1,0.098836
Nc1cc(Br)ccc1N(C[C@H]1CCCN1)C(CCl)c1ccc(Br)cc1,0.494874,Nc1cc(Br)ccc1N(C(=O)[C@H]1CCCN1)C(CCl)c1ccc(Br)cc1,0.156785
O=CCN(CCCN(CCc1c[nH]c2ccccc12)C(CCl)c1ccc(Br)cc1)c1ccc(Br)cc1,0.803522,O=CC(=O)N(CCCN(CCc1c[nH]c2ccccc12)C(CCl)c1ccc(Br)cc1)c1ccc(Br)cc1,0.812624
C=CCN1CCC[C@@H]1CN(CCCNCc1cccc(Br)c1)c1cccc2cc[nH]c12,0.996302,C=CC(=O)N(CCCN(C[C@H]1CCCN1)c1cccc2cc[nH]c12)Cc1cccc(Br)c1,0.508547
CC[C@H](C)[C@H](CN(C[C@H](N)Cc1ccc(O)cc1)C1CC1)N(CCCN)Cc1cncc(F)c1,0.689695,CC[C@H](C)[C@H](CN(C(=O)[C@H](N)Cc1ccc(O)cc1)C1CC1)N(CCCN)Cc1cncc(F)c1,0.215374
NCCCN1CCC[C@H]1CNc1ccnc2ccccc12,0.651153,NCCCN1CCC[C@H]1C(=O)Nc1ccnc2ccccc12,0.09954
N#Cc1cc(Br)cc(NC[C@@H]2CCCN(C3CCN(Cc4c[nH]c5cc(Br)ccc45)C3)C2)c1,0.991146,N#Cc1cc(Br)cc(NC(=O)[C@@H]2CCCN(C3CCN(Cc4c[nH]c5cc(Br)ccc45)C3)C2)c1,0.955802
COc1ccccc1CCN(CCNC[C@H](C)N)Cc1ccccc1Br,0.84714,COc1ccccc1CCN(CCNC(=O)[C@H](C)N)Cc1ccccc1Br,0.060634
CC(CCl)N(C[C@@H]1CCCN1CCO)c1cc(Br)cc(C#N)c1,0.405733,CC(CCl)N(C[C@@H]1CCCN1C(=O)CO)c1cc(Br)cc(C#N)c1,0.006589
CNCCNCCCCNCc1ccc(N)c(Br)c1,0.408237,CNCCNCCCCNC(=O)c1ccc(N)c(Br)c1,0.280065
NCCCN(Cc1ccc(N)c(Br)c1)C1(CN2CCC(Nc3cccc4cc[nH]c34)CC2)CCC1,0.917911,NCCC(=O)N(Cc1ccc(N)c(Br)c1)C1(CN2CCC(Nc3cccc4cc[nH]c34)CC2)CCC1,0.803977
CSCC[C@@H](N)CN1CCC1C(=O)O,0.009518,CSCC[C@@H](N)C(=O)N1CCC1C(=O)O,0.003162
CNCCN(Cc1c[nH]c2ccc(F)cc12)[C@H](C)CN(CCCCN)Cc1ccc(F)cc1,0.990756,CNCCN(Cc1c[nH]c2ccc(F)cc12)[C@H](C)CN(CCCCN)C(=O)c1ccc(F)cc1,0.937077
CC[C@H](N)CNc1cccc2ccn(CC(c3ccc(Cl)c(Cl)c3)N(CCCN)C3CC3)c12,0.882408,CC[C@H](N)C(=O)NCCCN(C1CC1)C(Cn1ccc2cccc(N)c21)c1ccc(Cl)c(Cl)c1,0.70765
N[C@H](CO)CN(c1cc(F)ccc1O)C1CN(Cc2ccc(F)cc2)C1,0.897722,N[C@H](CO)CN(c1cc(F)ccc1O)C1CN(C(=O)c2ccc(F)cc2)C1,0.104922
CNCCN(CCN(C)c1ncccc1I)c1cccc2cc[nH]c12,0.200807,CNCC(=O)N(CCN(C)c1ncccc1I)c1cccc2cc[nH]c12,0.068771
COc1ccc(NC2CCN(CC3CCN3)C2)c(NCc2ccc(F)cc2)c1,0.943918,COc1ccc(NC2CCN(CC3CCN3)C2)c(NC(=O)c2ccc(F)cc2)c1,0.915046
Oc1cc(F)c(F)cc1N(CCCNCCc1c[nH]c2ccccc12)CC1CCN1,0.980579,O=C(CCN(CC1CCN1)c1cc(F)c(F)cc1O)NCCc1c[nH]c2ccccc12,0.866107
C[C@H](CNCCc1ccc(O)cc1)NC(CBr)CNc1ccc(Br)cc1,0.884155,C[C@@H](NC(CBr)CNc1ccc(Br)cc1)C(=O)NCCc1ccc(O)cc1,0.093728
N[C@@H](CC(=O)O)CN(CC1CNC1)c1ccccc1O,0.063337,N[C@@H](CC(=O)O)CN(C(=O)C1CNC1)c1ccccc1O,0.07507
NCCCN1CCC1CN(CC[C@H](N)C(=O)O)c1cc(F)ccc1O,0.349792,NCCCN1CCC1CN(C(=O)C[C@H](N)C(=O)O)c1cc(F)ccc1O,0.555835
NCCCN(c1c(O)cccc1C(=O)O)C1CCCNC1,0.167896,NCCC(=O)N(c1c(O)cccc1C(=O)O)C1CCCNC1,0.068267
NCCN(CCc1c[nH]c2ccccc12)C[C@@H](N)Cc1ccc(O)cc1,0.975714,NCC(=O)N(CCc1c[nH]c2ccccc12)C[C@@H](N)Cc1ccc(O)cc1,0.586385
CNCCN(C)CCN(CCC=O)c1ccccc1O,0.047012,CNCC(=O)N(C)CCN(CCC=O)c1ccccc1O,0.002904
O=CCN1CC(Nc2ccc(F)nc2Br)C1,0.013724,O=CC(=O)N(c1ccc(F)nc1Br)C1CNC1,0.012356
CC[C@@H](CNc1cc(Br)cc(C#N)c1)N(CCN)CCCN,0.430782,CC[C@@H](C(=O)Nc1cc(Br)cc(C#N)c1)N(CCN)CCCN,0.107953
N#Cc1ccc2[nH]cc(CN(CC3CCN3)c3c(N)cccc3Br)c2c1,0.531053,N#Cc1ccc2[nH]cc(CN(C(=O)C3CCN3)c3c(N)cccc3Br)c2c1,0.572583
N#Cc1ccc(O)c(N(C2CCN(CC=O)C2)C2CCN(Cc3c[nH]c4cc(Br)ccc34)C2)c1,0.979887,N#Cc1ccc(O)c(N(C2CCN(Cc3c[nH]c4cc(Br)ccc34)C2)C2CCN(C(=O)C=O)C2)c1,0.895084
C=CCNCCCN1CCC(N(Cc2c[nH]c3ccc(F)cc23)c2cc(OC)ccc2O)CC1,0.989985,C=CC(=O)NCCCN1CCC(N(Cc2c[nH]c3ccc(F)cc23)c2cc(OC)ccc2O)CC1,0.886444
COc1ccccc1CCNCC[C@H](N)CNc1cc(Br)ccc1O,0.981319,COc1ccccc1CCNC(=O)C[C@H](N)CNc1cc(Br)ccc1O,0.121023
C[C@H](NC[C@@H](N)Cc1c[nH]c2ccccc12)C(=O)O,0.233016,C[C@H](N)C(=O)N[C@@H](Cc1c[nH]c2ccccc12)C(=O)O,0.010639
N#Cc1ccc(NC2CN(CC3CCN3)C2)c(N)c1,0.374695,N#Cc1ccc(N(C(=O)C2CCN2)C2CNC2)c(N)c1,0.15283
C#CCNCC[C@@H](N)CN(CCc1ccc(O)cc1)Cc1ccc(N)c(Br)c1,0.990282,C#CCNC(=O)C[C@@H](N)CN(CCc1ccc(O)cc1)Cc1ccc(N)c(Br)c1,0.791243
CNCCNc1cc(Br)ccc1NCCCN1CCCCC1,0.429643,CNCC(=O)Nc1cc(Br)ccc1NCCCN1CCCCC1,0.220822
Nc1cc(F)ccc1OC(=O)CN(CCO)Cc1cccc(F)c1NCC1CNC1,0.735229,Nc1c(F)cccc1CN(CCO)CC(=O)Oc1ccc(F)cc1NC(=O)C1CNC1,0.296898
CC[C@H](N)CN(C[C@H](C)N)c1cc(F)ccc1O,0.031475,CC[C@H](N)C(=O)N(C[C@H](C)N)c1cc(F)ccc1O,0.039
CC[C@H](NC[C@H]1CCCN(Cc2ccc(N)c(Br)c2)C1)C(=O)O,0.33609,CC[C@@H](C(=O)O)N(C[C@H]1CCCNC1)C(=O)c1ccc(N)c(Br)c1,0.036689
COc1ccccc1CCNC[C@H](CCCNc1n[nH]cc1Br)N(Cc1ccc(F)cc1)CC1CCN1,0.88734,COc1ccccc1CCNC[C@H](CCC(=O)Nc1n[nH]cc1Br)N(Cc1ccc(F)cc1)CC1CCN1,0.877666
CNCCN1CCC[C@H]1CN(Cc1c[nH]c2ccc(Br)cc12)c1ccccc1S,0.999994,CNCC(=O)N1CCC[C@H]1CN(Cc1c[nH]c2ccc(Br)cc12)c1ccccc1S,0.629168
NCCC[C@H](N)CN(CC1CCNCC1)c1ccc(O)cc1,0.08832,NCCC[C@H](N)CN(C(=O)C1CCNCC1)c1ccc(O)cc1,0.146541
COc1ccc(O)c(NC2CN(CCNCCN)C2)c1,0.321324,COc1ccc(O)c(NC2CN(CCNC(=O)CN)C2)c1,0.045322
CNCCN1CCC1CN(CC(=O)O)c1ccc(OC)cc1N,0.161407,CNCC(=O)N1CCC1CN(CC(=O)O)c1ccc(OC)cc1N,0.009554
COc1ccc(N)c(N(C[C@@H]2CCCN2)C2CCNCC2)c1,0.102282,COc1ccc(N)c(N(C(=O)[C@@H]2CCCN2)C2CCNCC2)c1,0.032986
CC[C@H](NC[C@@H]1CCCN1)C(=O)O,0.00997,CC[C@H](NC(=O)[C@@H]1CCCN1)C(=O)O,0.002389
O=CCN1CCC1CN(Cc1c[nH]c2cc(Br)ccc12)c1ccccn1,0.892193,O=CC(=O)N1CCC1CN(Cc1c[nH]c2cc(Br)ccc12)c1ccccn1,0.027707
C[C@@H](CNc1cc(F)ccc1O)N(Cc1cccc(Br)c1)C1CCN(CCCN)C1,0.952909,C[C@@H](CN(C(=O)CCN)c1cc(F)ccc1O)N(Cc1cccc(Br)c1)C1CCNC1,0.876771
COc1ccc(O)c(N(C[C@H](C)O)C2CCN(Cc3ccc(N)c(Br)c3)C2)c1,0.924205,COc1ccc(O)c(N(C(=O)[C@H](C)O)C2CCN(Cc3ccc(N)c(Br)c3)C2)c1,0.090088
Oc1ccc(CCN(CC2CN(C(CCl)c3ccc(Cl)c(Cl)c3)C2)CC2CCN2)cc1,0.984383,O=C(C1CCN1)N(CCc1ccc(O)cc1)CC1CN(C(CCl)c2ccc(Cl)c(Cl)c2)C1,0.900541
CC[C@H](N)CN1CCc2c(OC)cccc2C1c1ccccc1,0.92741,CC[C@H](N)C(=O)N1CCc2c(OC)cccc2C1c1ccccc1,0.109853
N[C@H](Cc1c[nH]c2ccccc12)CN1CC(=O)C1,0.141265,N[C@H](Cc1c[nH]c2ccccc12)C(=O)N1CC(=O)C1,0.013921
Nc1ccc(CN2CCC[C@@H]2CN2CCCCC2)cc1Br,0.662325,Nc1ccc(CN2CCC[C@@H]2C(=O)N2CCCCC2)cc1Br,0.046929
NCCCN(CC1CCN1)C1CC1,0.082523,NCCC(=O)N(CC1CCN1)C1CC1,0.00895
CN(CCN)CCN(CCCNCCN)c1cccc2cc[nH]c12,0.761796,CN(CCN)CCN(CCCNC(=O)CN)c1cccc2cc[nH]c12,0.279222
NCCCN(c1cc(Br)ccc1N)C1CCN(C[C@H](N)Cc2c[nH]c3ccccc23)C1,0.988269,NCCC(=O)N(c1cc(Br)ccc1N)C1CCN(C[C@H](N)Cc2c[nH]c3ccccc23)C1,0.92058
CC[C@H](C)[C@@H](CNc1cc(F)ccc1O)NC1CCNC1,0.155506,CC[C@H](C)[C@H](NC1CCNC1)C(=O)Nc1cc(F)ccc1O,0.031771
OC1CCN(CCCNCCc2c[nH]c3ccccc23)CC1,0.788164,O=C(CCNCCc1c[nH]c2ccccc12)N1CCC(O)CC1,0.226042
C[C@@H](N)CN(C)CCNCCc1ccccc1Br,0.223081,C[C@@H](N)CN(C)CC(=O)NCCc1ccccc1Br,0.008376
N[C@H](CCCNc1cccc2cc[nH]c12)CN1CCC[C@@H]1CNCCc1ccccc1Br,0.962106,N[C@H](CCCNc1cccc2cc[nH]c12)CN1CCC[C@@H]1C(=O)NCCc1ccccc1Br,0.845026
N[C@@H](CCN(c1ccccc1O)C1CNC1)C(=O)O,0.111358,N[C@@H](CC(=O)N(c1ccccc1O)C1CNC1)C(=O)O,0.05147
C[C@H](N)CN1CCC[C@H]1CN(CCCO)Cc1ccc(N)c(O)c1,0.128015,C[C@H](N)C(=O)N1CCC[C@H]1CN(CCCO)Cc1ccc(N)c(O)c1,0.047634
OCCN(C[C@@H]1C[C@@H](O)CN1)c1cc(F)ccc1O,0.029464,O=C([C@@H]1C[C@@H](O)CN1)N(CCO)c1cc(F)ccc1O,0.024198
CC[C@@H](CNc1cc(Br)cc(C#N)c1)N(Cc1cccc(F)c1N)C1CCNCC1,0.880649,CC[C@@H](CN(C(=O)c1cccc(F)c1N)c1cc(Br)cc(C#N)c1)NC1CCNCC1,0.55837
N#Cc1ccc(O)c(N(CCN)CC2CCN2C2CCN(Cc3ccc(F)cc3)C2)c1,0.951545,N#Cc1ccc(O)c(N(CC2CCN2C2CCN(Cc3ccc(F)cc3)C2)C(=O)CN)c1,0.938108
C=CCN(CCCN(CCCN)CCc1ccccc1OC)c1cccc2cc[nH]c12,0.992637,C=CC(=O)N(CCCN(CCCN)CCc1ccccc1OC)c1cccc2cc[nH]c12,0.979108
O=C(O)[C@@H]1CCCN(Cc2ccc(F)cc2)C1,0.003575,O=C(O)[C@@H]1CCCN(C(=O)c2ccc(F)cc2)C1,0.00026
O=CCN[C@@H](Cc1ccc(O)cc1)CN1CCC(=O)CC1,0.349748,O=CC(=O)N[C@@H](Cc1ccc(O)cc1)CN1CCC(=O)CC1,0.047181
CC[C@H](N)CN(CC1CCN1)c1cc(Br)ccc1O,0.159929,CC[C@H](N)CN(C(=O)C1CCN1)c1cc(Br)ccc1O,0.210368
C=CCN1CCCCC1,0.018782,C=CC(=O)N1CCCCC1,0.001686
N#Cc1cc(Br)cc(N(CCCN2CC(CN3CCC[C@H]3CO)C2)Cc2ccc(F)cc2)c1,0.992347,N#Cc1cc(Br)cc(N(CCCN2CC(C(=O)N3CCC[C@H]3CO)C2)Cc2ccc(F)cc2)c1,0.827096
ClCC(c1ccc(Cl)c(Cl)c1)N1CCCC(N(CCc2ccccc2Br)C[C@H]2CCCN2)C1,0.946664,O=C([C@H]1CCCN1)N(CCc1ccccc1Br)C1CCCN(C(CCl)c2ccc(Cl)c(Cl)c2)C1,0.75998
c1ccc2c(CCNCCCNC3CCNC3)c[nH]c2c1,0.709593,O=C(CCNC1CCNC1)NCCc1c[nH]c2ccccc12,0.356866
C=CCN1CC(N2CCC(N(Cc3c[nH]c4ccc(Br)cc34)c3ccccc3O)C2)C1,0.994719,C=CC(=O)N1CC(N2CCC(N(Cc3c[nH]c4ccc(Br)cc34)c3ccccc3O)C2)C1,0.983752
CNCCN(C[C@@H](C)N)c1cc(Br)ccc1O,0.095198,CNCC(=O)N(C[C@@H](C)N)c1cc(Br)ccc1O,0.053422
CN(CCNC1CC1)CC1CCN1,0.039366,CN(CCNC1CC1)C(=O)C1CCN1,0.005461
NCCCCN(C[C@@H]1CCCN1)c1ccc(N)c(N)c1,0.157948,NCCCCN(C(=O)[C@@H]1CCCN1)c1ccc(N)c(N)c1,0.137172
CC(C)[C@H](N)CNc1cc(Br)ccc1O,0.029797,CC(C)[C@H](N)C(=O)Nc1cc(Br)ccc1O,0.000876
NCCCNc1c(F)cccc1C(=O)O,0.016531,NCCC(=O)Nc1c(F)cccc1C(=O)O,0.00064
COc1ccc(O)c(N(CC2CNC2)C2CCCN(Cc3ccc(F)cc3)C2)c1,0.99424,COc1ccc(O)c(N(CC2CN(C(=O)c3ccc(F)cc3)C2)C2CCCNC2)c1,0.686712
NC1(CN2CCC2CNc2cccc(Br)c2O)CCC1,0.5,NC1(C(=O)N(CC2CCN2)c2cccc(Br)c2O)CCC1,0.112239
NC1(CN(CC2CCN2C[C@H](CS)NCc2ccc(F)cc2)c2ccc(Br)cc2)CCC1,0.975142,NC1(CN(CC2CCN2C[C@H](CS)NC(=O)c2ccc(F)cc2)c2ccc(Br)cc2)CCC1,0.906274
C[C@@H](CNc1ccc(Br)cc1N)NCc1c[nH]c2cc(Br)ccc12,0.226078,C[C@H](NCc1c[nH]c2cc(Br)ccc12)C(=O)Nc1cc(Br)ccc1N,0.035544
N[C@@H](CCN(CCNc1cc(F)c(F)cc1O)C[C@H]1CCCN1)CNc1cc(Br)ccc1O,0.541933,N[C@@H](CCN(CC(=O)Nc1cc(F)c(F)cc1O)C[C@H]1CCCN1)CNc1cc(Br)ccc1O,0.61109
CN(CCBr)CCN(CC1CCN1)c1c(N)cccc1Br,0.129336,CN(CCN(CC1CCN1)c1c(N)cccc1Br)C(=O)CBr,0.008595
N#Cc1ccc(N(C[C@H](N)CO)C2CCN(Cc3ccc(F)cc3)CC2)c(N)c1,0.92744,N#Cc1ccc(N(C[C@H](N)CO)C2CCN(C(=O)c3ccc(F)cc3)CC2)c(N)c1,0.083906
O=C(Oc1ccc(CCNCC2CCN2)cc1)c1cncc(F)c1,0.72744,O=C(Oc1ccc(CCNC(=O)C2CCN2)cc1)c1cncc(F)c1,0.007862
c1ccc(CCN(C[C@@H]2CCCN2)C2CNC2)cc1,0.767551,O=C([C@@H]1CCCN1)N(CCc1ccccc1)C1CNC1,0.077508
CNCCN[C@H](C)CN(CCCN)c1cc(F)ccc1O,0.199844,CNCCN(C(=O)CCN)[C@H](C)CNc1cc(F)ccc1O,0.052713
NCCCN1CCC[C@H]1CNc1cccc(Br)c1N,0.5,NCCCN1CCC[C@H]1C(=O)Nc1c(N)cccc1Br,0.111701
CCCN1CCc2c(OC)cccc2C1CNc1ccccc1S,0.989692,CCCN1CCc2c(OC)cccc2C1C(=O)Nc1ccccc1S,0.519017
NCCN(CC1(NCC2CCN2)CCC1)c1cc(F)ccc1O,0.234852,NC1(CN(CCNC(=O)C2CCN2)c2cc(F)ccc2O)CCC1,0.051348
Nc1cc(CN2CCC[C@H]2CO)ccc1O,0.123857,Nc1cc(C(=O)N2CCC[C@H]2CO)ccc1O,0.003473
N[C@@H](CCN1CCC[C@H]1CO)CNCc1ccc(O)cc1,0.905547,N[C@@H](CCN1CCC[C@H]1CO)C(=O)NCc1ccc(O)cc1,0.455581
N#Cc1cc(Br)cc(N(CCC[C@@H](N)CN2CCCCC2)C[C@@H](N)Cc2c[nH]c3ccccc23)c1,0.989159,N#Cc1cc(Br)cc(N(CCC[C@@H](N)C(=O)N2CCCCC2)C[C@@H](N)Cc2c[nH]c3ccccc23)c1,0.141904
N[C@@H](CCCN1CCCCC1)CNc1cc(F)ccc1O,0.770121,N[C@@H](CCC(=O)N1CCCCC1)CNc1cc(F)ccc1O,0.016373
BrCCN(c1ccc(Br)cc1)C1CCN(CC2CCN2)C1,0.180999,O=C(C1CCN1)N1CCC(N(CCBr)c2ccc(Br)cc2)C1,0.006769
O=C(O)[C@@H](Cc1c[nH]c2ccccc12)NCC1CNC1,0.576532,O=C(N[C@H](Cc1c[nH]c2ccccc12)C(=O)O)C1CNC1,0.054133
Nc1ccccc1CNC1CC1,0.062305,Nc1ccccc1C(=O)NC1CC1,0.004681
N[C@@H](CO)CNCCNc1ccccc1S,0.355646,N[C@@H](CO)CNCC(=O)Nc1ccccc1S,0.063397
Oc1ccc(F)cc1N(CC1CCNCC1)C1CN(CCBr)C1,0.398973,O=C(C1CCNCC1)N(c1cc(F)ccc1O)C1CN(CCBr)C1,0.277737
C=CCNCC=O,0.006129,C=CCNC(=O)C=O,0.00113
NCCCN(c1cc(F)ccc1O)C1CCN(C[C@H]2CCCN2Cc2cccc(F)c2F)C1,0.969932,NCCCN(c1cc(F)ccc1O)C1CCN(C[C@H]2CCCN2C(=O)c2cccc(F)c2F)C1,0.960169
NCCCN1CCC[C@H]1CN(Cc1cccc(Br)c1)c1ccccc1S,0.975314,NCCC(=O)N1CCC[C@H]1CN(Cc1cccc(Br)c1)c1ccccc1S,0.101066
CNCCN(c1ccc(Br)cc1N)C(CBr)CN1CCC(CNc2cc(F)ccc2O)CC1,0.876687,CNCC(=O)N(CC1CCN(CC(CBr)Nc2ccc(Br)cc2N)CC1)c1cc(F)ccc1O,0.896676
CNCCNc1cc(C#N)ccc1O,0.201524,CNCC(=O)Nc1cc(C#N)ccc1O,0.021485
COCCNCC[C@@H](N)CN1CCC[C@H]1CNc1ccccc1O,0.494714,COCCNC(=O)C[C@@H](N)CN1CCC[C@H]1CNc1ccccc1O,0.142136
C[C@H](c1ccccc1)N(CCCN)C[C@H]1CCCN1,0.440244,C[C@H](c1ccccc1)N(CCCN)C(=O)[C@H]1CCCN1,0.06133
C[C@H](CN1CCC[C@H]1C(=O)O)NCc1ccc(F)cc1,0.044991,C[C@H](CN1CCC[C@H]1C(=O)O)NC(=O)c1ccc(F)cc1,0.006516
CC[C@@H](CN(CCBr)c1cc(Br)cc(C#N)c1)N(Cc1c[nH]c2ccc(Br)cc12)C[C@H](C)N,0.976722,CC[C@@H](CN(C(=O)CBr)c1cc(Br)cc(C#N)c1)N(Cc1c[nH]c2ccc(Br)cc12)C[C@H](C)N,0.914041
CC[C@H](N)CN1CCC(N(Cc2ccc(N)c(Br)c2)c2cc(OC)ccc2O)CC1,0.985349,CC[C@H](N)CN1CCC(N(C(=O)c2ccc(N)c(Br)c2)c2cc(OC)ccc2O)CC1,0.936437
COc1ccc(O)c(N(C(CBr)CNCCc2c[nH]c3ccccc23)C2CCCNC2)c1,0.954785,COc1ccc(O)c(N(C2CCCNC2)C(CBr)C(=O)NCCc2c[nH]c3ccccc23)c1,0.781539
COc1ccc(O)c(NC[C@@H](C)NC2CCCN(Cc3ccc(N)c(Br)c3)C2)c1,0.957611,COc1ccc(O)c(NC(=O)[C@@H](C)NC2CCCN(Cc3ccc(N)c(Br)c3)C2)c1,0.567262
NCCCCN(CC=O)C[C@H]1CCCN1,0.035967,NCCCCN(C[C@H]1CCCN1)C(=O)C=O,0.002515
NCCCCN(Cc1ccc(C=O)cc1)C(CBr)C(=O)O,0.011522,NCCCCN(C(=O)c1ccc(C=O)cc1)C(CBr)C(=O)O,0.000699
CC[C@H](C)[C@H](C(=O)Oc1ccccc1N)N(CCN)Cc1c[nH]c2ccc(F)cc12,0.770811,CC[C@H](C)[C@H](C(=O)Oc1ccccc1N)N(Cc1c[nH]c2ccc(F)cc12)C(=O)CN,0.061197
N[C@@H](Cc1c[nH]c2ccccc12)CN(CCCO)CCNCc1cccc(F)c1F,0.97715,NCCN(CCCO)C[C@H](Cc1c[nH]c2ccccc12)NC(=O)c1cccc(F)c1F,0.948253
CCCN(CC(CBr)N(CC=O)CCc1c[nH]c2ccccc12)c1cc(F)c(F)cc1O,0.992763,CCCN(CC(CBr)N(CCc1c[nH]c2ccccc12)C(=O)C=O)c1cc(F)c(F)cc1O,0.50663
NCCN1CCC(N2CC(N(Cc3ccc(O)c(N)c3)c3cccc(Br)c3O)C2)C1,0.955248,NCC(=O)N1CCC(N2CC(N(Cc3ccc(O)c(N)c3)c3cccc(Br)c3O)C2)C1,0.938021
CC[C@@H](CNc1cc(F)ccc1O)N(CCC=O)C[C@H]1CCCN1,0.798472,CC[C@@H](C(=O)Nc1cc(F)ccc1O)N(CCC=O)C[C@H]1CCCN1,0.289669
NCCN1CC(N(c2cccc(Br)c2O)C2CNC2)C1,0.218189,NCC(=O)N1CC(N(c2cccc(Br)c2O)C2CNC2)C1,0.069007
O=C(Cn1cc(CN2CC(CNC3CC3)C2)c2cc(Br)ccc21)c1ccc(F)cc1,0.876007,O=C(Cn1cc(CN2CC(C(=O)NC3CC3)C2)c2cc(Br)ccc21)c1ccc(F)cc1,0.316295
CC[C@H](N)CN1C(c2cncc(Br)c2)c2cc(O)ccc2C[C@@H]1CN1CCCC(=O)C1,0.949368,CC[C@H](N)CN1C(c2cncc(Br)c2)c2cc(O)ccc2C[C@@H]1C(=O)N1CCCC(=O)C1,0.197451
CC(CCl)N[C@H](C)CN(CC1CCN1)c1c(N)cccc1Br,0.061623,CC(CCl)N(C(=O)C1CCN1)[C@H](C)CNc1c(N)cccc1Br,0.010445
CC[C@H](N)CN[C@H](CS)CN1CCc2c(Br)cccc2C1CNc1cccc2cc[nH]c12,0.876646,CC[C@H](N)CN[C@H](CS)CN1CCc2c(Br)cccc2C1C(=O)Nc1cccc2cc[nH]c12,0.639812
CNCCN1Cc2ccccc2C[C@H]1CNCCc1c[nH]c2ccccc12,0.949583,CNCCN1Cc2ccccc2C[C@H]1C(=O)NCCc1c[nH]c2ccccc12,0.510857
C[C@@H](CNc1ccc(Br)cc1)NC1CCCNC1,0.147989,C[C@H](NC1CCCNC1)C(=O)Nc1ccc(Br)cc1,0.010968
NCCCN1CC(N2CCC(CN(Cc3ccc(N)c(Br)c3)c3ccccn3)CC2)C1,0.955821,NCCC(=O)N1CC(N2CCC(CN(Cc3ccc(N)c(Br)c3)c3ccccn3)CC2)C1,0.733948
Oc1ccccc1NCC1CNC1,0.428826,O=C(Nc1ccccc1O)C1CNC1,0.019761
Brc1csc(CN2CCC(NCCNCCc3ccccc3)C2)n1,0.86601,O=C(CNC1CCN(Cc2nc(Br)cs2)C1)NCCc1ccccc1,0.275907
CC[C@H](N)CN1CCCC(NCc2ccc(O)cc2)C1,0.928862,CC[C@H](N)C(=O)N(Cc1ccc(O)cc1)C1CCCNC1,0.21288
Nc1ccc(Br)cc1NC1CN(CC2CNC2)C1,0.186958,Nc1ccc(Br)cc1N(C(=O)C1CNC1)C1CNC1,0.086044
Oc1ccc2[nH]cc(CCNCCCN(Cc3ccc(F)cc3)C[C@@H]3CCCN3)c2c1,0.999997,O=C([C@@H]1CCCN1)N(CCCNCCc1c[nH]c2ccc(O)cc12)Cc1ccc(F)cc1,0.897803
Oc1ccccc1NCCCN1CCC[C@H]1CNc1cc(F)ccc1O,0.78697,O=C(Nc1cc(F)ccc1O)[C@@H]1CCCN1CCCNc1ccccc1O,0.470002
CN(CCNC1CC1)C[C@H](Cc1ccc(O)cc1)NCc1c[nH]c2ccc(Br)cc12,0.995567,CN(CC(=O)NC1CC1)C[C@H](Cc1ccc(O)cc1)NCc1c[nH]c2ccc(Br)cc12,0.970746
N[C@H](CCCN(CCN1CCCCC1)c1ccc(Br)cc1O)CNCCc1c[nH]c2ccccc12,0.999988,N[C@H](CCCN(CCN1CCCCC1)c1ccc(Br)cc1O)C(=O)NCCc1c[nH]c2ccccc12,0.995176
CN(CCNc1ccc(Br)cc1O)C[C@H](CS)N(Cc1c[nH]c2cc(Br)ccc12)CC1CCN1,0.958011,CN(CC(=O)Nc1ccc(Br)cc1O)C[C@H](CS)N(Cc1c[nH]c2cc(Br)ccc12)CC1CCN1,0.855259
COc1ccccc1CCN(CCCN)C(CCl)c1ccc(F)cc1,0.973423,COc1ccccc1CCN(C(=O)CCN)C(CCl)c1ccc(F)cc1,0.060084
c1ccc2c(c1)CN[C@H](CNC13CC(C1)C3)C2,0.646297,O=C(NC12CC(C1)C2)[C@@H]1Cc2ccccc2CN1,0.076813
Brc1cccc2c1CCN(CC1CCN1)C2CCNC12CC(C1)C2,0.862985,O=C(C1CCN1)N(CCC1NCCc2c(Br)cccc21)C12CC(C1)C2,0.140436
NCCN(c1cccc(Br)c1NCc1cccc(F)c1N)C1CCN(CCO)C1,0.80146,NCC(=O)N(Cc1cccc(F)c1N)c1c(Br)cccc1NC1CCN(CCO)C1,0.786514
COCCNCC[C@@H](N)CNc1cc(Br)ccc1N,0.089619,COCCNCC[C@@H](N)C(=O)Nc1cc(Br)ccc1N,0.010697
COc1ccccc1CN(C[C@@H]1CCCNC1)c1c(F)cccc1CN1CCC[C@H](O)C1,0.809592,COc1ccccc1CN(C(=O)[C@@H]1CCCNC1)c1c(F)cccc1CN1CCC[C@H](O)C1,0.472601
C=CCNc1cc(F)c(F)cc1O,0.018415,C=CC(=O)Nc1cc(F)c(F)cc1O,0.001496
N#Cc1cc(Br)cc(N(CCBr)C[C@H](N)CCCN(CCc2c[nH]c3ccccc23)CC2CCN2)c1,0.996151,N#Cc1cc(Br)cc(N(C[C@H](N)CCCN(CCc2c[nH]c3ccccc23)CC2CCN2)C(=O)CBr)c1,0.957646
NCCNc1ccccc1OC(=O)[C@@H]1CCCN1,0.044431,NCC(=O)Nc1ccccc1OC(=O)[C@@H]1CCCN1,0.00297
C#CCNCCCNCCNC,0.025686,C#CCNCCCNC(=O)CNC,0.008409
O=C(O)C[C@@H](CNC1CC1)NCc1c[nH]c2ccc(Br)cc12,0.29092,O=C(C[C@H](NCc1c[nH]c2ccc(Br)cc12)C(=O)O)NC1CC1,0.023042
N[C@H](CCCN(C[C@@H](N)CO)C1CC1)CNc1cc(F)ccc1O,0.719221,N[C@@H](CO)CN(CCC[C@@H](N)C(=O)Nc1cc(F)ccc1O)C1CC1,0.323554
NCCCN[C@H](CNc1cc(Br)ccc1N)Cc1c[nH]c2ccccc12,0.603678,NCCCN[C@@H](Cc1c[nH]c2ccccc12)C(=O)Nc1cc(Br)ccc1N,0.169833
NCCN(Cc1ccc(O)cc1)C[C@@H](N)CCCNCCCNCCc1c[nH]c2ccccc12,0.766644,NCC(=O)N(CCCNCCC[C@H](N)CNCc1ccc(O)cc1)CCc1c[nH]c2ccccc12,0.365427
NCCN(CCc1cn(Cc2ccccc2F)c2ccccc12)C1CCN(Cc2ccc(F)cc2)CC1,0.940655,NCC(=O)N(CCc1cn(Cc2ccccc2F)c2ccccc12)C1CCN(Cc2ccc(F)cc2)CC1,0.47987
COc1ccccc1CN(CC1CCN1)C[C@H](N)CS,0.081457,COc1ccccc1CN(CC1CCN1)C(=O)[C@H](N)CS,0.031814
Fc1cccc(CN(CCCN2CC(Nc3cccc4cc[nH]c34)C2)CCc2ccccc2Br)c1F,0.924181,O=C(c1cccc(F)c1F)N(CCCN1CC(Nc2cccc3cc[nH]c23)C1)CCc1ccccc1Br,0.86863
CC[C@H](N)CN(C)CCNCCc1ccccc1Br,0.399759,CC[C@H](N)CN(C)CC(=O)NCCc1ccccc1Br,0.021929
Brc1ccc(NC[C@@H]2CCCN2)cc1,0.018659,O=C(Nc1ccc(Br)cc1)[C@@H]1CCCN1,0.00118
C[C@H](O)CN(CC1(N)CCC1)C1CC1,0.022642,C[C@H](O)C(=O)N(CC1(N)CCC1)C1CC1,0.00307
NCCN(CCBr)c1cc(F)ccc1OC(=O)[C@@H]1CCCN(Cc2c[nH]c3ccc(F)cc23)C1,0.967911,NCC(=O)N(CCBr)c1cc(F)ccc1OC(=O)[C@@H]1CCCN(Cc2c[nH]c3ccc(F)cc23)C1,0.929043
O=C(O)CC[C@H](CN1CCC[C@H]1CNc1cc(Br)ccc1O)N(CCBr)Cc1c[nH]c2ccc(F)cc12,0.950451,O=C(O)CC[C@H](CN1CCC[C@H]1CN(C(=O)CBr)c1cc(Br)ccc1O)NCc1c[nH]c2ccc(F)cc12,0.971247
CC[C@H](N)CN1CCCC(N(Cc2ccc(N)c(Br)c2)c2cc(Br)cc(C#N)c2)C1,0.992858,CC[C@H](N)CN1CCCC(N(C(=O)c2ccc(N)c(Br)c2)c2cc(Br)cc(C#N)c2)C1,0.978407
O=CCN1CCC[C@H]1CN(CC(CBr)NCCc1c[nH]c2ccccc12)c1cc(Br)ccc1O,0.994613,O=CC(=O)N(CCc1c[nH]c2ccccc12)C(CBr)CN(C[C@@H]1CCCN1)c1cc(Br)ccc1O,0.648643
N[C@H](CCNCCc1c[nH]c2ccc(O)cc12)CN(C[C@@H]1CCCN1)c1ccc(Br)cc1,0.949545,N[C@H](CC(=O)NCCc1c[nH]c2ccc(O)cc12)CN(C[C@@H]1CCCN1)c1ccc(Br)cc1,0.692645
CN(CCCNCCN)CCNc1c(N)cccc1Br,0.312671,CN(CCCNCCN)CC(=O)Nc1c(N)cccc1Br,0.047028
CNCCN[C@H](C)CN(CCCN)c1cccc2cc[nH]c12,0.386425,CNCC(=O)NCCCN(C[C@@H](C)N)c1cccc2cc[nH]c12,0.088301
CNCCN(CCC(=O)O)c1cccc(Br)c1O,0.013392,CN(CC(=O)O)C(=O)CCNc1cccc(Br)c1O,0.000712
C=CCN(CCCN)c1c(Br)cccc1NCC1CCN(CC=O)CC1,0.306805,C=CCN(C(=O)CCN)c1c(Br)cccc1NCC1CCN(CC=O)CC1,0.26744
N[C@@H](CNc1cc(CN2CCCCC2)ccc1O)Cc1c[nH]c2ccccc12,0.97457,N[C@@H](CNc1cc(C(=O)N2CCCCC2)ccc1O)Cc1c[nH]c2ccccc12,0.193312
c1cc(NCCNC2CCCNC2)c2[nH]ccc2c1,0.615424,O=C(CNC1CCCNC1)Nc1cccc2cc[nH]c12,0.286213
N#Cc1cc(N(CC=O)Cc2c[nH]c3ccc(Br)cc23)cc(N2CC(CN3CCC[C@@H](O)C3)C2)c1,0.911912,N#Cc1cc(N2CC(CN3CCC[C@@H](O)C3)C2)cc(N(Cc2c[nH]c3ccc(Br)cc23)C(=O)C=O)c1,0.918702
NCCCNc1ccc(Br)cc1OC(=O)[C@H](CS)N(CCBr)Cc1c[nH]c2ccc(Br)cc12,0.863916,NCCC(=O)Nc1ccc(Br)cc1OC(=O)[C@H](CS)N(CCBr)Cc1c[nH]c2ccc(Br)cc12,0.385036
N#Cc1cc(Br)cc(NCCNC2CCN(Cc3c[nH]c4ccccc34)CC2)c1,0.981276,N#Cc1cc(Br)cc(NC(=O)CNC2CCN(Cc3c[nH]c4ccccc34)CC2)c1,0.909145
NCCN(C[C@@H]1CCCN1C[C@@H](N)Cc1c[nH]c2ccccc12)c1cc(Br)ccc1O,0.996059,NCC(=O)N(C[C@@H]1CCCN1C[C@@H](N)Cc1c[nH]c2ccccc12)c1cc(Br)ccc1O,0.99539
NCCN(C[C@@H]1CCCN1CCCNCc1ccc(F)cc1)c1cccc2cc[nH]c12,0.999996,NCC(=O)N(CCCN1CCC[C@H]1CNc1cccc2cc[nH]c12)Cc1ccc(F)cc1,0.945466
CNCCNCCN(C[C@@H]1C[C@@H](O)CN1)c1cc(Br)ccc1O,0.188869,CNCC(=O)NCCN(C[C@@H]1C[C@@H](O)CN1)c1cc(Br)ccc1O,0.071012
Brc1ccc(NCC2CCN2Cc2c[nH]c3cc(Br)ccc23)cc1,0.816009,O=C(Nc1ccc(Br)cc1)C1CCN1Cc1c[nH]c2cc(Br)ccc12,0.240939
Oc1ccc(Br)cc1N(Cc1cccnc1F)C1CN(CCBr)C1,0.556479,O=C(CBr)N1CC(N(Cc2cccnc2F)c2cc(Br)ccc2O)C1,0.01999
N[C@H](CCNCCc1c[nH]c2ccccc12)CN1CCC[C@@H]1C(=O)O,0.707524,N[C@H](CC(=O)NCCc1c[nH]c2ccccc12)CN1CCC[C@@H]1C(=O)O,0.140461
NCCCN1CCC(N(CCC2NCCc3c(Br)cccc32)c2cc(Br)ccc2O)CC1,0.990613,NCCC(=O)N1CCC(N(CCC2NCCc3c(Br)cccc32)c2cc(Br)ccc2O)CC1,0.4933
SC[C@H](CNC1CC1)NC1CCNC1,0.021247,O=C(NC1CC1)[C@@H](CS)NC1CCNC1,0.007083
O=CCNc1cc(F)ccc1O,0.007095,O=CC(=O)Nc1cc(F)ccc1O,0.000521
Oc1ccc(CCN(CC2CCN2)C2CCN(C(CCl)c3ccc(F)cc3F)C2)cc1,0.995703,O=C(C1CCN1)N(CCc1ccc(O)cc1)C1CCN(C(CCl)c2ccc(F)cc2F)C1,0.947058
CC[C@H](N)CN(CC1CNC1)c1ccc(CN(CCc2c[nH]c3ccccc23)C[C@H](C)N)cc1Br,0.914222,CC[C@H](N)CN(CC1CN(C(=O)[C@H](C)N)C1)c1ccc(CNCCc2c[nH]c3ccccc23)cc1Br,0.293688
NCCN(CCN)C1(CN(Cc2c[nH]c3ccc(Br)cc23)c2cc(F)c(F)cc2O)CCC1,0.948576,NCCN(C(=O)CN)C1(CN(Cc2c[nH]c3ccc(Br)cc23)c2cc(F)c(F)cc2O)CCC1,0.727024
NCCCN(CCCN)c1c(N)cccc1Br,0.038641,NCCCN(C(=O)CCN)c1c(N)cccc1Br,0.085296
N[C@@H](CCNC1CC1)CN1CCC[C@H]1CNc1cccc2cc[nH]c12,0.826125,N[C@@H](CC(=O)NC1CC1)CN1CCC[C@H]1CNc1cccc2cc[nH]c12,0.621581
O=C(O)CNCCCN1CCC(C(=O)O)CC1,0.021505,O=C(O)CCN(CC(=O)O)C(=O)C1CCNCC1,0.003024
CSCC[C@@H](N)CN(CCc1c[nH]c2ccccc12)Cc1ccc(F)cc1,0.975637,CSCC[C@@H](N)CN(CCc1c[nH]c2ccccc12)C(=O)c1ccc(F)cc1,0.081734
CC[C@@H](CN1CCC[C@H]1CO)NC(CCl)c1ccc(Cl)c(Cl)c1,0.862636,CC[C@H](NC(CCl)c1ccc(Cl)c(Cl)c1)C(=O)N1CCC[C@H]1CO,0.059905
C[C@@H](N)CN(C[C@@H]1CCCN1Cc1ccc(N)c(Br)c1)c1cc(F)ccc1O,0.982933,C[C@@H](N)CN(C[C@@H]1CCCN1C(=O)c1ccc(N)c(Br)c1)c1cc(F)ccc1O,0.289921
CNCCN(CCC=O)c1cc(OC)ccc1N,0.01505,CNCC(=O)N(CCC=O)c1cc(OC)ccc1N,0.00569
COc1ccccc1CCNC[C@H]1CCCN1Cc1cccc(Br)c1,0.997226,COc1ccccc1CCNC(=O)[C@H]1CCCN1Cc1cccc(Br)c1,0.428899
Nc1ccc(Br)cc1N(CC1CCN1)C(CCl)c1ccc(F)cc1,0.289447,Nc1ccc(Br)cc1N(C(=O)C1CCN1)C(CCl)c1ccc(F)cc1,0.150516
Nc1ccc(CN(C[C@@H](N)CS)C2CC2)cc1O,0.14251,Nc1ccc(C(=O)N(C[C@@H](N)CS)C2CC2)cc1O,0.02559
COc1ccccc1CCN(C1CCCN(C[C@H](C)N)C1)C(CCl)c1ccc(Br)cc1,0.994571,COc1ccccc1CCN(C1CCCN(C(=O)[C@H](C)N)C1)C(CCl)c1ccc(Br)cc1,0.619168
Fc1cccc(CN(CCBr)[C@@H](CNC2CC2)Cc2c[nH]c3ccccc23)c1F,0.972126,O=C(CBr)N(C[C@@H](Cc1c[nH]c2ccccc12)NCc1cccc(F)c1F)C1CC1,0.371393
NCCCCN(CC1CCN1CCCNCc1ccc(F)cc1)C(CCl)c1ccc(Br)cc1,0.952596,NCCCCN(CC1CCN1CCCNC(=O)c1ccc(F)cc1)C(CCl)c1ccc(Br)cc1,0.877896
C[C@H](N)CN(C[C@@H](C)NCCCN)c1cc(F)ccc1O,0.119823,C[C@@H](N)CN(C[C@H](C)NC(=O)CCN)c1cc(F)ccc1O,0.013994
NCCCN1CCCC(N2CCC2C(=O)O)C1,0.044785,NCCC(=O)N1CCCC(N2CCC2C(=O)O)C1,0.004234
NCCCN1CCC1CN(CC1CCN1Cc1ccc(F)cc1)c1cccc(Br)c1O,0.980198,NCCC(=O)N1CCC1CN(CC1CCN1Cc1ccc(F)cc1)c1cccc(Br)c1O,0.857246
Nc1ccc(CN2CC(N[C@@H](CCCNc3cc(F)ccc3O)CN3CC(=O)C3)C2)cc1Br,0.885335,Nc1ccc(CN2CC(N[C@@H](CCCNc3cc(F)ccc3O)C(=O)N3CC(=O)C3)C2)cc1Br,0.623835
Nc1ccc(CN2CC(N3CCC3CN(CCc3ccccc3Br)c3ccccn3)C2)cc1Br,0.941073,Nc1ccc(C(=O)N2CC(N3CCC3CN(CCc3ccccc3Br)c3ccccn3)C2)cc1Br,0.57322
N#Cc1ccc2[nH]cc(CN(C[C@H]3CCCN3Cc3ccc(F)cc3)C3CC3)c2c1,0.992021,N#Cc1ccc2[nH]cc(CN(C[C@H]3CCCN3C(=O)c3ccc(F)cc3)C3CC3)c2c1,0.856976
O[C@H]1CN[C@H](CN2CCC(Nc3ccccc3S)CC2)C1,0.41175,O=C([C@@H]1C[C@@H](O)CN1)N(c1ccccc1S)C1CCNCC1,0.086341
CC[C@H](N)CN(CCCNc1cc(F)ccc1O)c1cccc(Br)c1O,0.410361,CC[C@H](N)CN(CCC(=O)Nc1cc(F)ccc1O)c1cccc(Br)c1O,0.031281
N[C@H](CO)CN(CCc1ccccc1Br)C1CCN(Cc2cncc(F)c2)C1,0.49377,N[C@H](CO)CN(CCc1ccccc1Br)C1CCN(C(=O)c2cncc(F)c2)C1,0.401701
Nc1ccc(CN[C@H](Cc2ccccc2)CN2CCC[C@@H]2C(=O)O)cc1Br,0.792611,N[C@H](Cc1ccccc1)CN1CCC[C@@H]1C(=O)Nc1ccc(C(=O)O)cc1Br,0.067075
NCCCN1CCC[C@@H]1CN(Cc1c[nH]c2cc(Br)ccc12)c1ccccc1O,0.999995,NCCC(=O)N1CCC[C@@H]1CN(Cc1c[nH]c2cc(Br)ccc12)c1ccccc1O,0.624448
NCCN1CCC1CNCCCNc1cc(F)ccc1O,0.639661,NCCN1CCC1CNCCC(=O)Nc1cc(F)ccc1O,0.282708
CN(CCNc1cc(F)c(F)cc1O)C[C@@H]1C[C@@H](O)CN1Cc1c[nH]c2ccc(Br)cc12,0.918276,CN(CC(=O)Nc1cc(F)c(F)cc1O)C[C@@H]1C[C@@H](O)CN1Cc1c[nH]c2ccc(Br)cc12,0.656152
CC[C@@H](CN1CCCCC1)N(CC1CCN1)c1ccnc(F)c1,0.916138,CC[C@@H](CN1CCCCC1)N(C(=O)C1CCN1)c1ccnc(F)c1,0.925008
N#Cc1cc(Br)cc(NCC[C@H](N)CN2CC(=O)C2)c1,0.086096,N#Cc1cc(Br)cc(NC(=O)C[C@H](N)CN2CC(=O)C2)c1,0.006008
C=CCNCCc1ccncc1,0.24521,C=CC(=O)NCCc1ccncc1,0.00513
CC[C@@H](CNc1cc(Br)ccc1O)NC[C@H](C)N,0.082493,CC[C@H](NC[C@H](C)N)C(=O)Nc1cc(Br)ccc1O,0.011371
O=C(CBr)CN(CC1CCN1)c1cc(Br)ccc1O,0.019041,O=C(CBr)CN(C(=O)C1CCN1)c1cc(Br)ccc1O,0.013705
NCCNCCNc1cc(F)c(F)cc1O,0.185784,NCCNCC(=O)Nc1cc(F)c(F)cc1O,0.061521
COc1ccc(NC2CCNCC2)c(NCCN2CCCCC2)c1,0.245268,COc1ccc(NC2CCNCC2)c(NCC(=O)N2CCCCC2)c1,0.007766
CSCC[C@@H](N)CN(CCCCN)Cc1ccc(N)c(Br)c1,0.229611,CSCC[C@@H](N)CN(CCCCN)C(=O)c1ccc(N)c(Br)c1,0.026214
N[C@@H](CNc1ccc(Br)cc1)Cc1c[nH]c2ccccc12,0.064161,N[C@H](Cc1c[nH]c2ccccc12)C(=O)Nc1ccc(Br)cc1,0.004101
c1ccc(N(C[C@H]2CCCN2)C2CCCNC2)nc1,0.255173,O=C([C@H]1CCCN1)N(c1ccccn1)C1CCCNC1,0.085437
C[C@H](C(=O)O)N(CCN(C[C@@H]1CCCNC1)c1cc(Br)ccc1O)C[C@H](N)Cc1c[nH]c2ccccc12,0.94679,C[C@H](C(=O)N1CCC[C@@H](C(=O)O)C1)N(CCNc1cc(Br)ccc1O)C[C@H](N)Cc1c[nH]c2ccccc12,0.592508
Fc1cccc(CNCCN2CCC2CN(Cc2c[nH]c3ccc(Br)cc23)C2CCC2)c1F,0.995492,O=C(NCCN1CCC1CN(Cc1c[nH]c2ccc(Br)cc12)C1CCC1)c1cccc(F)c1F,0.995226
N[C@@H](CC(=O)O)CN(Cc1c[nH]c2ccc(F)cc12)C1(C(=O)O)CCC1,0.058512,N[C@@H](CC(=O)N(Cc1c[nH]c2ccc(F)cc12)C1(C(=O)O)CCC1)C(=O)O,0.015514
Nc1ccc(Br)cc1N(CC1CCN1)C[C@@H](N)c1ccccc1,0.284742,Nc1ccc(Br)cc1N(C[C@@H](N)c1ccccc1)C(=O)C1CCN1,0.28074
Fc1ccc(CNCCN2CCC(N(CCc3ccccc3)C(CCl)c3ccc(F)cc3)CC2)cc1,0.89829,O=C(NCCN1CCC(N(CCc2ccccc2)C(CCl)c2ccc(F)cc2)CC1)c1ccc(F)cc1,0.828898
O=CCN(c1cccc2cc[nH]c12)C(CCl)c1ccc(Br)cc1,0.016474,O=CC(=O)N(c1cccc2cc[nH]c12)C(CCl)c1ccc(Br)cc1,0.003308
C[C@@H](N)CNc1cccc(Br)c1O,0.023356,C[C@@H](N)C(=O)Nc1cccc(Br)c1O,0.001163
O=C(O)[C@@H]1CCCN1CCCNCCc1ccccc1Br,0.366613,O=C(CCN1CCC[C@H]1C(=O)O)NCCc1ccccc1Br,0.01268
Nc1cccc(Br)c1N(CC1CCN1CC1CCN1)C(CCl)c1ccc(Br)cc1,0.988178,Nc1cccc(Br)c1N(CC1CCN1C(=O)C1CCN1)C(CCl)c1ccc(Br)cc1,0.300179
O=C(O)[C@H]1CCCN1CC1CCN1,0.016861,O=C(O)C1CCN1C(=O)[C@H]1CCCN1,0.005408
CNCCN1CCCC(=O)C1,0.015663,CNCC(=O)N1CCCC(=O)C1,0.002806
N[C@H](Cc1c[nH]c2ccccc12)CN1CCC[C@@H](CNc2cc(F)ccc2O)C1,0.978348,N[C@H](Cc1c[nH]c2ccccc12)CN1CCC[C@@H](C(=O)Nc2cc(F)ccc2O)C1,0.762999
CC[C@H](N)CN(Cc1cccc(OC)c1)C[C@H](N)[C@@H](C)O,0.035303,CC[C@H](N)CN(Cc1cccc(OC)c1)C(=O)[C@H](N)[C@@H](C)O,0.003433
CC(C)[C@H](N)CNC1CC1,0.010997,CC(C)[C@H](N)C(=O)NC1CC1,0.00275
Nc1ccc(CN(C[C@H]2CCCN2C2CCNC2)c2cc(F)ccc2O)cc1Br,0.994441,Nc1ccc(C(=O)N(C[C@H]2CCCN2C2CCNC2)c2cc(F)ccc2O)cc1Br,0.99322
C[C@@H](N)CN(c1ccc(Br)cc1O)C1CCCN(C[C@@H](N)Cc2c[nH]c3ccccc23)C1,0.997457,C[C@@H](N)C(=O)N(c1ccc(Br)cc1O)C1CCCN(C[C@@H](N)Cc2c[nH]c3ccccc23)C1,0.982119
Oc1ccc(Br)cc1NCCCNCc1ccccc1Br,0.194097,O=C(CCNCc1ccccc1Br)Nc1cc(Br)ccc1O,0.007089
COc1ccccc1CCNC[C@H]1CCCN1C[C@H]1CCCN1,0.93027,COc1ccccc1CCNC(=O)[C@H]1CCCN1C[C@H]1CCCN1,0.560764
CN(CCN(c1cccc2cc[nH]c12)C(CCl)c1ccc(F)cc1F)CC1CCN1,0.990703,CN(CCN(c1cccc2cc[nH]c12)C(CCl)c1ccc(F)cc1F)C(=O)C1CCN1,0.560173
CNCCN(CCN(Cc1c[nH]c2ccc(Br)cc12)CC1CCN1)c1cc(F)ccc1O,0.999984,CNCC(=O)N(CCN(Cc1c[nH]c2ccc(Br)cc12)CC1CCN1)c1cc(F)ccc1O,0.994775
COc1ccc(N)c(NCC2CCN(Cc3cccc(Br)c3)CC2)c1,0.831568,COc1ccc(N)c(NC(=O)C2CCN(Cc3cccc(Br)c3)CC2)c1,0.077199
CCCN1CC(CNCCc2ccccc2Br)C1,0.673473,CCCN1CC(C(=O)NCCc2ccccc2Br)C1,0.030102
COc1ccccc1CCN(Cc1ccc(N)c(Br)c1)C[C@H]1CCCN1,0.999988,COc1ccccc1CCN(Cc1ccc(N)c(Br)c1)C(=O)[C@H]1CCCN1,0.621725
C[C@H](O)CN1CCC(CNc2ccc(Br)cc2N)CC1,0.094547,C[C@H](O)CN1CCC(C(=O)Nc2cc(Br)ccc2N)CC1,0.005228
CC[C@H](N)CN(C[C@H](C)N)C1CC1,0.04694,CC[C@H](N)C(=O)N(C[C@H](C)N)C1CC1,0.005555
CC[C@@H](CN(Cc1ccccc1)Cc1cccc(Br)c1)NCCCN,0.680407,CC[C@@H](CN(Cc1ccccc1)Cc1cccc(Br)c1)NC(=O)CCN,0.080363
COc1cccc2c1CCN(Cc1ccc(F)cc1)C2CCN[C@@H](C)C(=O)O,0.983122,COc1cccc2c1CCN(C(=O)c1ccc(F)cc1)C2CCN[C@@H](C)C(=O)O,0.180141
COc1ccccc1CCN(CCBr)C1CCN(C[C@H](N)CC(=O)O)C1,0.352003,COc1ccccc1CCN(CCBr)C1CCN(C(=O)C[C@@H](N)C(=O)O)C1,0.113479
NCCN1CC(Nc2cccc(Br)c2N)C1,0.076943,NCC(=O)N(c1cccc(Br)c1N)C1CNC1,0.091332
NCCNc1cc(CN2CCC[C@H]2CNc2cc(Br)ccc2O)ccc1O,0.784097,NCCNc1cc(CN2CCC[C@H]2C(=O)Nc2cc(Br)ccc2O)ccc1O,0.530754
N[C@@H](CCN1CCC[C@H]1CO)CNc1ccccc1O,0.654402,N[C@H](CNc1ccccc1O)CC(=O)N1CCC[C@H]1CO,0.012216
CN(CC(=O)O)CC1CCNCC1,0.011503,CN(CC(=O)O)C(=O)C1CCNCC1,0.001933
NCCNCCCN1CC(=O)C1,0.020099,NCC(=O)NCCCN1CC(=O)C1,0.007304
NCCCN(C1CC1)C(CCl)c1ccc(Cl)c(Cl)c1,0.165722,NCCC(=O)N(C1CC1)C(CCl)c1ccc(Cl)c(Cl)c1,0.018445
NCCCCN(CCCN)CCCN(Cc1ccc(F)cc1)c1cccc2cc[nH]c12,0.999989,NCCCCN(CCCN)CCCN(C(=O)c1ccc(F)cc1)c1cccc2cc[nH]c12,0.994329
Nc1cccc(Br)c1CNCCCN1CC(NCCc2ccc(O)cc2)C1,0.993219,Nc1cccc(Br)c1C(=O)NCCCN1CC(NCCc2ccc(O)cc2)C1,0.918574
Oc1cc(F)c(F)cc1NCCNC[C@@H]1CCCN1,0.277557,O=C(NCCNc1cc(F)c(F)cc1O)[C@@H]1CCCN1,0.041221
Brc1cc(CNC23CC(C2)C3)ccc1NCC1CCN1,0.271472,O=C(NC12CC(C1)C2)c1ccc(NCC2CCN2)c(Br)c1,0.063775
Nc1cccc(Br)c1NC1CCN(CCCN2CC(=O)C2)C1,0.201834,Nc1cccc(Br)c1NC1CCN(CCC(=O)N2CC(=O)C2)C1,0.186646
OCCCN(CCBr)C[C@H]1Cc2ccc(O)cc2C(c2ccnc(Br)c2F)N1,0.923757,O=C(CBr)N(CCCO)C[C@H]1Cc2ccc(O)cc2C(c2ccnc(Br)c2F)N1,0.241173
Nc1ccc(CN(C[C@H](CS)NCc2ccc(F)cc2)C2CC2)cc1O,0.837226,N[C@@H](CS)CN(Cc1ccc(NC(=O)c2ccc(F)cc2)c(O)c1)C1CC1,0.25188
C=CCNc1c(F)cccc1CN(c1cc(F)ccc1O)C1CCN(CC2CCN2)C1,0.98431,C=CC(=O)Nc1c(F)cccc1CN(c1cc(F)ccc1O)C1CCN(CC2CCN2)C1,0.927951
C=CCN(C[C@H](C)N(Cc1c[nH]c2ccc(Br)cc12)C[C@@H](N)CC)c1cccnc1Br,0.934809,C=CC(=O)N(C[C@H](C)N(Cc1c[nH]c2ccc(Br)cc12)C[C@@H](N)CC)c1cccnc1Br,0.898406
N[C@@H](CCN1CC(=O)C1)CN(c1cccc(-c2cccc(Cl)c2)c1O)C1CCNCC1,0.874901,N[C@@H](CC(=O)N1CC(=O)C1)CN(c1cccc(-c2cccc(Cl)c2)c1O)C1CCNCC1,0.126324
Fc1ccc(CNC2CCC2)cc1,0.010604,O=C(NC1CCC1)c1ccc(F)cc1,0.000868
CN(CCN(C[C@@H]1CCCN1Cc1ccc(N)c(Br)c1)c1ccc(Br)cc1O)CC1CNC1,0.994972,CN(CCN(C[C@@H]1CCCN1)c1ccc(Br)cc1O)CC1CN(C(=O)c2ccc(N)c(Br)c2)C1,0.943531
C[C@@H](N)CN(CCc1c[nH]c2ccccc12)CCN(c1cccc(Br)c1O)C1CCNC1,0.999993,C[C@@H](N)C(=O)N(CCc1c[nH]c2ccccc12)CCN(c1cccc(Br)c1O)C1CCNC1,0.783266
CC[C@@H](CN(CCCNc1cccc2cc[nH]c12)C12CC(C1)C2)NCc1ccc(F)cc1,0.983555,CC[C@@H](CN(CCCNc1cccc2cc[nH]c12)C12CC(C1)C2)NC(=O)c1ccc(F)cc1,0.924623
CNCCN1CC(CN(CC2NCCc3ccccc32)c2cc(Br)cc(C#N)c2)C1,0.966426,CNCC(=O)N1CC(CN(CC2NCCc3ccccc32)c2cc(Br)cc(C#N)c2)C1,0.476496
Oc1ccc(F)cc1N(CC1CCN1)C1CCN(C2CCC2)C1,0.821078,O=C(C1CCN1)N(c1cc(F)ccc1O)C1CCN(C2CCC2)C1,0.762782
N[C@@H](CCN1CCC(=O)CC1)CN(CCc1ccccc1Br)Cc1c[nH]c2cc(Br)ccc12,0.994633,N[C@@H](CC(=O)N1CCC(=O)CC1)CN(CCc1ccccc1Br)Cc1c[nH]c2cc(Br)ccc12,0.707644
Nc1ccc(CN(CCCO)CC[C@@H](N)CNc2cccc3cc[nH]c23)cc1Br,0.91264,Nc1ccc(C(=O)N(CCCO)CC[C@@H](N)CNc2cccc3cc[nH]c23)cc1Br,0.150732
SC[C@H](CNCCc1ccccc1Br)N(Cc1c[nH]c2ccc(Br)cc12)CC1CCN1,0.99087,O=C(NCCc1ccccc1Br)[C@@H](CS)N(Cc1c[nH]c2ccc(Br)cc12)CC1CCN1,0.903578
COc1ccccc1CCNCCNC1CC1,0.641989,COc1ccccc1CCNC(=O)CNC1CC1,0.033066
N[C@@H](CCN(CCc1c[nH]c2ccccc12)CC1CCN1CC=O)CNCCc1ccc(O)cc1,0.980228,N[C@@H](CCN(CCc1c[nH]c2ccccc12)CC1CCN1)CN(CCc1ccc(O)cc1)C(=O)C=O,0.896431
C[C@H](N)CN[C@@H](C)CN(C)CC(=O)O,0.011137,C[C@H](N)C(=O)N[C@@H](C)CN(C)CC(=O)O,0.004336
CC[C@H](N)CN(CCc1ccccc1OC)CC1(N)CCC1,0.657984,CC[C@H](N)CN(CCc1ccccc1OC)C(=O)C1(N)CCC1,0.007357
N[C@H](CCN1CCC[C@@H]1CNc1ccc(Br)cc1O)C(=O)O,0.339375,N[C@H](CCN1CCC[C@@H]1C(=O)Nc1ccc(Br)cc1O)C(=O)O,0.025408
Brc1cccc(CN(CC2CN(CC3CCN3)C2)c2ccccn2)c1,0.797961,O=C(C1CCN1)N1CC(CN(Cc2cccc(Br)c2)c2ccccn2)C1,0.020033
c1ccc2c(CNCCCNCC3CNC3)c[nH]c2c1,0.520101,O=C(CCNCC1CNC1)NCc1c[nH]c2ccccc12,0.263088
COc1ccccc1CCN(CCN)CC[C@@H](N)C(=O)O,0.311523,COc1ccccc1CCN(CC[C@@H](N)C(=O)O)C(=O)CN,0.006927
Nc1ccc(CN2CCC(CN(Cc3c[nH]c4ccc(Br)cc34)[C@@H](CC(=O)O)C(=O)O)CC2)cc1Br,0.860434,Nc1ccc(C(=O)N2CCC(CN(Cc3c[nH]c4ccc(Br)cc34)[C@@H](CC(=O)O)C(=O)O)CC2)cc1Br,0.220622
C[C@H](CN1CCCCC1)NCCNCCc1ccc(O)cc1,0.894234,C[C@@H](NCCNCCc1ccc(O)cc1)C(=O)N1CCCCC1,0.03955
N[C@@H](Cc1c[nH]c2ccccc12)CN(c1ccc(Br)cc1)C1CCCN(C[C@@H]2CCCN2)C1,0.999985,N[C@@H](Cc1c[nH]c2ccccc12)CN(c1ccc(Br)cc1)C1CCCN(C(=O)[C@@H]2CCCN2)C1,0.349553
C=CCN(CC1CCN1C[C@H]1CCCN1)c1ccc(Br)cc1O,0.805671,C=CC(=O)N(CC1CCN1C[C@H]1CCCN1)c1ccc(Br)cc1O,0.83643
c1cc(NC2CCN(CCNCC3CCN3)C2)c2[nH]ccc2c1,0.562698,O=C(NCCN1CCC(Nc2cccc3cc[nH]c23)C1)C1CCN1,0.195826
Oc1ccc(Br)cc1NCCCN(c1ccccc1S)C1CCN(CC2CNC2)C1,0.968174,O=C(CCN(c1ccccc1S)C1CCN(CC2CNC2)C1)Nc1cc(Br)ccc1O,0.85311
N[C@@H](CCCNCCc1c[nH]c2ccccc12)CN1CC(=O)C1,0.867429,N[C@@H](CCCNCCc1c[nH]c2ccccc12)C(=O)N1CC(=O)C1,0.174741
NCCCN1CCC[C@@H]1CNc1cccc(Br)c1O,0.561666,NCCCN1CCC[C@@H]1C(=O)Nc1cccc(Br)c1O,0.083809
CCCN(Cc1ccc(F)cc1)[C@@H](CCNc1cc(F)c(F)cc1O)CN1CCC(=O)C1,0.946725,CCCN(Cc1ccc(F)cc1)[C@@H](CC(=O)Nc1cc(F)c(F)cc1O)CN1CCC(=O)C1,0.624072
OC[C@H](CNc1cccc(Br)c1O)NCC1CCN1,0.222948,O=C(N[C@H](CO)CNc1cccc(Br)c1O)C1CCN1,0.013531
CC(C)CN(CCCN(Cc1ccnc(Br)c1)C[C@H](C)N)Cc1cccc(F)c1N,0.487546,CC(C)CN(CCCN(Cc1ccnc(Br)c1)C(=O)[C@H](C)N)Cc1cccc(F)c1N,0.29892
CSCC[C@H](CN(CCc1c[nH]c2ccccc12)Cc1ccc(F)cc1)N(CCO)Cc1cccc(O)c1N,0.865757,CSCC[C@H](CN(CCc1c[nH]c2ccccc12)Cc1ccc(F)cc1)N(Cc1cccc(O)c1N)C(=O)CO,0.651147
CNCCN(C[C@@H](N)CO)c1ccc(Br)cc1,0.009141,CNCC(=O)N(C[C@@H](N)CO)c1ccc(Br)cc1,0.013282
CC[C@H](N)CN1CCC[C@H]1CN(CCCN)c1ccc(O)cc1,0.390632,CC[C@H](N)C(=O)N1CCC[C@H]1CN(CCCN)c1ccc(O)cc1,0.006127
C#CCN(CC=O)Cc1cccc(F)c1N,0.004716,C#CCN(CC=O)C(=O)c1cccc(F)c1N,0.000875
CC[C@H](N)CNCC(C)C,0.01066,CC[C@H](N)C(=O)NCC(C)C,0.001966
O=C(O)C1CN(C[C@@H]2CCCN2)C1,0.022094,O=C(O)C1CN(C(=O)[C@@H]2CCCN2)C1,0.003677
ClCC(c1ccc(NCCc2ccccc2)cc1)N(CC1CCN1)C1CC1,0.841564,O=C(C1CCN1)N(C1CC1)C(CCl)c1ccc(NCCc2ccccc2)cc1,0.055508
Nc1c(F)cccc1CNCCCN1CCC(CNc2cccc(Br)c2O)CC1,0.942326,Nc1c(F)cccc1CNCCCN1CCC(C(=O)Nc2cccc(Br)c2O)CC1,0.600291
CC[C@H](N)CN(CCCN)[C@H](C)CN(CCc1ccccc1Br)Cc1ccc(F)cc1,0.963475,CC[C@H](N)CN(CCCN)[C@H](C)CN(CCc1ccccc1Br)C(=O)c1ccc(F)cc1,0.846403
CSCC[C@@H](N)CNc1cc(Br)ccc1O,0.021059,CSCC[C@@H](N)C(=O)Nc1cc(Br)ccc1O,0.000675
SC[C@H](CNCCc1ccccc1Br)N(Cc1c[nH]c2cc(Br)ccc12)C[C@H]1CCCN1,0.982557,O=C(NCCc1ccccc1Br)[C@@H](CS)N(Cc1c[nH]c2cc(Br)ccc12)C[C@H]1CCCN1,0.880558
N[C@H](CS)CN(CCc1c[nH]c2ccccc12)C1CCN(C[C@@H](N)Cc2ccc(O)cc2)C1,0.893242,N[C@H](CS)CN(CCc1c[nH]c2ccccc12)C1CCN(C(=O)[C@@H](N)Cc2ccc(O)cc2)C1,0.856997
O=C(O)[C@@H]1CCCN1CC1CNC1,0.015767,O=C(O)C1CN(C(=O)[C@@H]2CCCN2)C1,0.003677
Fc1ccc(CN(C[C@H]2CCCN2)c2ccc(Br)cc2)c(F)c1F,0.282614,O=C([C@H]1CCCN1)N(Cc1ccc(F)c(F)c1F)c1ccc(Br)cc1,0.130154
O=CCN1CC(CN2CCC(N(Cc3c[nH]c4ccc(Br)cc34)c3ccccn3)C2)C1,0.953035,O=CC(=O)N1CC(CN2CCC(N(Cc3c[nH]c4ccc(Br)cc34)c3ccccn3)C2)C1,0.904162
Nc1ccc(Br)cc1N(CC(=O)O)CC1CCN1,0.010769,Nc1ccc(Br)cc1N(CC(=O)O)C(=O)C1CCN1,0.002863
C[C@@H](N)CN1CCC(N(c2cccc3cc[nH]c23)C2CN(Cc3c[nH]c4cc(Br)ccc34)C2)C1,0.973983,C[C@@H](N)C(=O)N1CCC(N(c2cccc3cc[nH]c23)C2CN(Cc3c[nH]c4cc(Br)ccc34)C2)C1,0.925743
Oc1c(Br)cccc1N(C[C@H]1CCCN1)C1CNC1,0.330621,O=C([C@H]1CCCN1)N(c1cccc(Br)c1O)C1CNC1,0.295716
CC[C@@H](CN1CCC[C@H]1C(=O)O)NCc1c[nH]c2ccccc12,0.146701,CC[C@@H](C(=O)O)N(Cc1c[nH]c2ccccc12)C(=O)[C@@H]1CCCN1,0.07797
COc1ccc(N)c(N(CCCN)CC2c3cc(O)ccc3CCN2CCN)c1,0.969587,COc1ccc(N)c(N(CCCN)CC2c3cc(O)ccc3CCN2C(=O)CN)c1,0.536773
O=CCCN(C[C@@H]1CCCN1)c1ccccc1S,0.027299,O=CCCN(C(=O)[C@@H]1CCCN1)c1ccccc1S,0.102129
O=C1CCCN(Cc2ccc(NC[C@H]3CCCN3)c(Br)c2)C1,0.18585,O=C1CCCN(Cc2ccc(NC(=O)[C@H]3CCCN3)c(Br)c2)C1,0.036848
Nc1c(F)cccc1CN(CC1CCN1CC1CCN1)c1cc(Br)ccc1O,0.99452,Nc1c(F)cccc1CN(CC1CCN1C(=O)C1CCN1)c1cc(Br)ccc1O,0.556864
COc1ccc(O)c(N(Cc2c[nH]c3ccc(Br)cc23)CC2CCN(C3CCN(CCBr)C3)CC2)c1,0.979771,COc1ccc(O)c(N(Cc2c[nH]c3ccc(Br)cc23)CC2CCN(C3CCN(C(=O)CBr)C3)CC2)c1,0.893333
NCCCNCCCN1CCC[C@@H]1C(=O)O,0.021877,NCCC(=O)NCCCN1CCC[C@@H]1C(=O)O,0.007639
Nc1cc(Br)ccc1NC1CCN(CC2CCN2)CC1,0.682928,Nc1cc(Br)ccc1N(C(=O)C1CCN1)C1CCNCC1,0.087326
CC[C@@H](CN(CCc1ccccc1Br)C[C@@H]1CCCN1)NCc1ccccc1N,0.809379,CC[C@@H](CN(CCc1ccccc1Br)C[C@@H]1CCCN1)NC(=O)c1ccccc1N,0.60699
Oc1ccc(CCNCC(CBr)NCCc2c[nH]c3ccccc23)cc1,0.969322,O=C(NCCc1ccc(O)cc1)C(CBr)NCCc1c[nH]c2ccccc12,0.345439
COc1ccccc1CNCCCNC[C@H](N)CCCCN,0.107168,COc1ccccc1CNC(=O)CCNC[C@H](N)CCCCN,0.023304
CCCNc1ccc(OC)cc1N(CCCN)CC1CN(CC=O)C1,0.0335,CCCN(C(=O)CCN)c1ccc(OC)cc1NCC1CN(CC=O)C1,0.062107
Fc1ccc(CN2CCC(CNCCc3ccccc3Br)CC2)cc1,0.983169,O=C(NCCc1ccccc1Br)C1CCN(Cc2ccc(F)cc2)CC1,0.125423
CSCC[C@H](N)CNc1cc(Br)cc(C#N)c1,0.010124,CSCC[C@H](N)C(=O)Nc1cc(Br)cc(C#N)c1,0.000386
CC[C@H](N)CN(CC1CNC1)c1cccc(Br)c1O,0.089111,CC[C@H](N)CN(C(=O)C1CNC1)c1cccc(Br)c1O,0.164133
C[C@@H](CNCCc1c[nH]c2ccccc12)NC1CCNCC1,0.697677,C[C@H](NC1CCNCC1)C(=O)NCCc1c[nH]c2ccccc12,0.272368
CNCCN(CCNC)c1ccccc1C(=O)O,0.037881,CNCC(=O)N(C)CCNc1ccccc1C(=O)O,0.002835
CC[C@H](NC[C@@H]1CCCN1C1CNC1)C(=O)O,0.027487,CC[C@H](NC(=O)[C@@H]1CCCN1C1CNC1)C(=O)O,0.013057
Nc1ccc(CN(CC2CCN2CC=O)[C@@H](Cc2c[nH]c3ccccc23)C(=O)O)cc1Br,0.900041,Nc1ccc(CN(CC2CCN2C(=O)C=O)[C@@H](Cc2c[nH]c3ccccc23)C(=O)O)cc1Br,0.170467
CN(CCNc1cc(F)ccc1O)C[C@@H](N)CCCN,0.477208,CN(CC(=O)Nc1cc(F)ccc1O)C[C@@H](N)CCCN,0.061547
Nc1c(Br)cccc1N(C1CCNC1)C1CCCN(CCBr)C1,0.811054,Nc1c(Br)cccc1N(C1CCCNC1)C1CCN(C(=O)CBr)C1,0.04616
CN(CCNc1cccc2cc[nH]c12)C1CCN(CCC(=O)O)C1,0.158264,CN(CC(=O)Nc1cccc2cc[nH]c12)C1CCN(CCC(=O)O)C1,0.016398
COc1cccc2c1CCNC2CNC1CC1,0.704224,COc1cccc2c1CCNC2C(=O)NC1CC1,0.149391
COc1ccc(N)c(NCC2CCN2CC2CNC2)c1,0.44169,COc1ccc(N)c(N(CC2CCN2)C(=O)C2CNC2)c1,0.071788
COc1ccc(N)c(N(CCN)Cc2ccc(N)c(Br)c2)c1,0.089792,COc1ccc(N)c(N(CCN)C(=O)c2ccc(N)c(Br)c2)c1,0.03276
COc1ccccc1CCN(CC1CCN1)C[C@@H](N)CCNc1cc(Br)cc(C#N)c1,0.981027,COc1ccccc1CCN(CC1CCN1)C[C@@H](N)CC(=O)Nc1cc(Br)cc(C#N)c1,0.921501
CC[C@H](N)CN1CCCC(Nc2cc(Br)cc(C#N)c2)C1,0.673539,CC[C@H](N)C(=O)N(c1cc(Br)cc(C#N)c1)C1CCCNC1,0.085118
Fc1cccc(CN(CCc2c[nH]c3ccccc23)CC2CCN2)c1F,0.992272,O=C(c1cccc(F)c1F)N(CCc1c[nH]c2ccccc12)CC1CCN1,0.617089
Fc1ccc(C(CCl)N2CCC(N(CC3CCN3)c3cccc4cc[nH]c34)C2)cc1,0.997373,O=C(C1CCN1)N(c1cccc2cc[nH]c12)C1CCN(C(CCl)c2ccc(F)cc2)C1,0.95563
COc1cccc2c1CCN(C[C@H]1CCCN1C1CNC1)C2c1c[nH]c2cc(I)ccc12,1.0,COc1cccc2c1CCN(C(=O)[C@H]1CCCN1C1CNC1)C2c1c[nH]c2cc(I)ccc12,0.993985
CC[C@@H](CN[C@H](CNC1CCC1)Cc1ccc(O)cc1)N(CCBr)Cc1c[nH]c2ccccc12,0.893565,CC[C@@H](CN(C(=O)CBr)[C@H](CNC1CCC1)Cc1ccc(O)cc1)NCc1c[nH]c2ccccc12,0.254891
N#Cc1cc(Br)cc(NCCC[C@@H](N)CN2CCCC(=O)C2)c1,0.644242,N#Cc1cc(Br)cc(NCCC[C@@H](N)C(=O)N2CCCC(=O)C2)c1,0.005915
N[C@@H](CCNCCc1ccc(O)cc1)CNC1CC1,0.880766,N[C@H](CNC1CC1)CC(=O)NCCc1ccc(O)cc1,0.211653
Oc1c(Br)cccc1N(Cc1c[nH]c2ccc(Br)cc12)C1CN(C2CN(CC3CCN3)C2)C1,0.994598,O=C(C1CCN1)N1CC(N2CC(N(Cc3c[nH]c4ccc(Br)cc34)c3cccc(Br)c3O)C2)C1,0.989161
C[C@@H](O)[C@H](N)CN(C)CCNc1cccc2cc[nH]c12,0.101927,C[C@@H](O)[C@H](N)CN(C)CC(=O)Nc1cccc2cc[nH]c12,0.004576
NCCCC[C@H](N)CN[C@@H](Cc1c[nH]c2ccccc12)CN1CC(=O)C1,0.480517,NCCCC[C@H](N)C(=O)N[C@@H](Cc1c[nH]c2ccccc12)CN1CC(=O)C1,0.218186
O=C(O)[C@H](Cc1c[nH]c2ccccc12)NC1CCCN(Cc2ccc(F)cc2)C1,0.976072,O=C(O)[C@H](Cc1c[nH]c2ccccc12)N(C(=O)c1ccc(F)cc1)C1CCCNC1,0.188559
Fc1ccc(CN(c2cccnc2Br)C2CCN(CC3CCN3)CC2)cc1,0.987076,O=C(C1CCN1)N1CCC(N(Cc2ccc(F)cc2)c2cccnc2Br)CC1,0.115883
COc1cccc(CN(CC2CCN2)C[C@@H](N)CCN2CCC(=O)C2)c1,0.267464,COc1cccc(CN(C[C@@H](N)CCN2CCC(=O)C2)C(=O)C2CCN2)c1,0.061743
Nc1ccc(Br)cc1OC(=O)C1c2ccccc2CCN1CC1CCN1,0.985727,Nc1ccc(Br)cc1OC(=O)C1c2ccccc2CCN1C(=O)C1CCN1,0.296649
CNCCN(c1cc(F)c(F)cc1O)C1CCN(C[C@@H](Cc2c[nH]c3ccccc23)Nc2cccnc2F)C1,0.868756,CNCC(=O)N(c1cc(F)c(F)cc1O)C1CCN(C[C@@H](Cc2c[nH]c3ccccc23)Nc2cccnc2F)C1,0.779586
N[C@@H](Cc1c[nH]c2ccccc12)CN(CCBr)c1ccc(CN2CCC[C@H](O)C2)cc1O,0.927346,N[C@@H](Cc1c[nH]c2ccccc12)CN(C(=O)CBr)c1ccc(CN2CCC[C@H](O)C2)cc1O,0.799493
NCCCN(CCN)CCCNc1ccc(Br)cc1N,0.278809,NCCCN(CCN)CCC(=O)Nc1cc(Br)ccc1N,0.05707
COc1ccc2c3c1CCN=C3[C@@H](C)N(C1CCN(CCCN)C1)C2c1c[nH]c2cc(Br)ccc12,0.985771,COc1ccc2c3c1CCN=C3[C@@H](C)N(C1CCN(C(=O)CCN)C1)C2c1c[nH]c2cc(Br)ccc12,0.554086
Oc1cc(Br)ccc1N(CC1CCN1)C[C@H](CS)NCc1ccc(F)cc1,0.808332,O=C(N[C@@H](CS)CN(CC1CCN1)c1ccc(Br)cc1O)c1ccc(F)cc1,0.386154
COc1cccc(CN(CCN)C2CCNCC2)c1,0.333941,COc1cccc(CN(C(=O)CN)C2CCNCC2)c1,0.028273
Brc1ccc2[nH]cc(C3c4cccc(Br)c4CCN3CCN(CC3CCN3)C3CCC3)c2c1,0.999994,O=C(C1CCN1)N(CCN1CCc2c(Br)cccc2C1c1c[nH]c2ccc(Br)cc12)C1CCC1,0.967627
O=C1CCN(Cc2c(Br)cccc2NC[C@H]2CCCN2)CC1,0.182654,O=C1CCN(Cc2c(Br)cccc2NC(=O)[C@H]2CCCN2)CC1,0.04737
CC[C@H](N)CN1CCCC(Nc2ccc(Br)cc2)C1,0.248613,CC[C@H](N)C(=O)N(c1ccc(Br)cc1)C1CCCNC1,0.054235
C[C@@H](CNCCc1c[nH]c2ccccc12)N(C[C@H](N)Cc1ccc(O)cc1)C1CNC1,0.973557,C[C@@H](C(=O)NCCc1c[nH]c2ccccc12)N(C[C@H](N)Cc1ccc(O)cc1)C1CNC1,0.891242
CC[C@H](N)CN(CCCN)CCc1c[nH]c2ccccc12,0.9073,CC[C@H](N)CN(CCc1c[nH]c2ccccc12)C(=O)CCN,0.187862
COc1ccc(O)c(NCCO)c1,0.016852,COc1ccc(O)c(NC(=O)CO)c1,0.000843
Oc1ccc(F)cc1NC[C@@H](CC1=NCCc2c(Br)cccc21)NC1CCC1,0.527167,O=C(Nc1cc(F)ccc1O)[C@@H](CC1=NCCc2c(Br)cccc21)NC1CCC1,0.08141
N[C@H](CCCNc1cc(F)ccc1O)CN1CCCCC1,0.769559,N[C@H](CCCNc1cc(F)ccc1O)C(=O)N1CCCCC1,0.013869
NC1(CN(CC2CCN2)c2ccc(Br)cc2)CCC1,0.012582,NC1(CN(C(=O)C2CCN2)c2ccc(Br)cc2)CCC1,0.131545
Nc1ccc(CNc2ccc(Br)cc2)cc1O,0.009048,Nc1ccc(C(=O)Nc2ccc(Br)cc2)cc1O,0.001718
C[C@@H](CNC1CC1)NCC1CCN1Cc1cccc(Br)c1,0.385048,C[C@H](NCC1CCN1Cc1cccc(Br)c1)C(=O)NC1CC1,0.118706
COc1ccccc1CCNCC[C@@H](N)CN(CCBr)CCNCCc1c[nH]c2ccccc12,0.879043,COc1ccccc1CCN(CC[C@@H](N)CNCCNCCc1c[nH]c2ccccc12)C(=O)CBr,0.405946
N[C@@H](CNc1cc(Br)ccc1O)Cc1ccccc1,0.174623,N[C@H](Cc1ccccc1)C(=O)Nc1cc(Br)ccc1O,0.007172
CC[C@@H](CN(c1ccc(Br)cc1)C(CCl)c1ccc(F)cc1F)NCCCN,0.69054,CC[C@@H](CN(c1ccc(Br)cc1)C(CCl)c1ccc(F)cc1F)NC(=O)CCN,0.101126
CC[C@@H](CNC1CC1)NCCNC,0.021684,CC[C@H](NCCNC)C(=O)NC1CC1,0.006699
N#Cc1ccc(O)c(N(CCNCC2CCN2)CC2CCN2Cc2ccc(F)cc2)c1,0.981411,N#Cc1ccc(O)c(N(CCNC(=O)C2CCN2)CC2CCN2Cc2ccc(F)cc2)c1,0.870504
NCCN(c1nc(F)ccc1N)c1cccc2cc[nH]c12,0.015169,NCC(=O)N(c1nc(F)ccc1N)c1cccc2cc[nH]c12,0.014805
C[C@H](N)CNc1cc(F)ccc1O,0.043898,C[C@H](N)C(=O)Nc1cc(F)ccc1O,0.002319
C[C@H](N)CN(CC1(N(Cc2c[nH]c3ccc(Br)cc23)C[C@@H](C)N)CCC1)c1ccc(Br)cc1,0.92972,C[C@H](N)C(=O)N(CC1(N(Cc2c[nH]c3ccc(Br)cc23)C[C@@H](C)N)CCC1)c1ccc(Br)cc1,0.930294
CNCCN(c1ccccc1O)C(CCl)c1ccc(F)cc1,0.27607,CNCC(=O)N(c1ccccc1O)C(CCl)c1ccc(F)cc1,0.031228
COc1cccc(CNCC2CCN2C[C@H]2CCCN2)c1,0.774238,COc1cccc(CN(CC2CCN2)C(=O)[C@H]2CCCN2)c1,0.037361
COc1ccc(O)c(N(CCCN)C[C@H](C)N)c1,0.057038,COc1ccc(O)c(N(C[C@H](C)N)C(=O)CCN)c1,0.039639
NCCCN(CCCNCc1c[nH]c2ccc(Br)cc12)C1CC1,0.932083,NCCC(=O)N(CCCNC1CC1)Cc1c[nH]c2ccc(Br)cc12,0.302186
N#Cc1ccc2[nH]cc(CN(CC3CCN3CCCN)c3c(N)cccc3Br)c2c1,0.987764,N#Cc1ccc2[nH]cc(CN(CC3CCN3C(=O)CCN)c3c(N)cccc3Br)c2c1,0.253211
NCCCN(CCc1c[nH]c2ccccc12)C1CCCNC1,0.97334,NCCC(=O)N(CCc1c[nH]c2ccccc12)C1CCCNC1,0.343497
Nc1ccc(CN(C2CC2)C2CCN(C(CCl)c3ccc(F)cc3)CC2)cc1Br,0.993345,Nc1ccc(C(=O)N(C2CC2)C2CCN(C(CCl)c3ccc(F)cc3)CC2)cc1Br,0.817477
CN(CCN(CCNc1cc(F)ccc1O)c1ccc(Br)cc1O)C[C@@H](N)CCC(=O)O,0.877288,CN(CCN(CC(=O)Nc1cc(F)ccc1O)c1ccc(Br)cc1O)C[C@@H](N)CCC(=O)O,0.248081
C[C@H](N)CN1CCC(N2CCc3c(Br)cccc3C2c2c[nH]c3ccc(Br)cc23)C1,0.996811,C[C@H](N)C(=O)N1CCC(N2CCc3c(Br)cccc3C2c2c[nH]c3ccc(Br)cc23)C1,0.97759
C[C@H](N)C(=O)Oc1c(Br)cccc1N(Cc1c[nH]c2ccc(Br)cc12)C1CN(CC2CCN2)C1,0.984307,C[C@H](N)C(=O)Oc1c(Br)cccc1N(Cc1c[nH]c2ccc(Br)cc12)C1CN(C(=O)C2CCN2)C1,0.360379
NCCCN(C[C@H]1CCCN1)c1cccc(N2CCCC(=O)C2)c1O,0.030728,NCCCN(C(=O)[C@H]1CCCN1)c1cccc(N2CCCC(=O)C2)c1O,0.033516
Nc1c(F)cccc1CN1CCC[C@H]1CN1CCc2c(Br)cccc2C1c1c[nH]c2ccc(Br)cc12,0.927118,Nc1c(F)cccc1C(=O)N1CCC[C@H]1CN1CCc2c(Br)cccc2C1c1c[nH]c2ccc(Br)cc12,0.58025
Cc1cc(Br)cnc1NC[C@@H](N)CCN(CCc1c[nH]c2ccccc12)CC1CCN1,0.976655,Cc1cc(Br)cnc1N(C[C@@H](N)CCNCCc1c[nH]c2ccccc12)C(=O)C1CCN1,0.610883
C[C@H](N)CN(CCN(C)CCCN)c1ccccc1O,0.12255,C[C@H](N)CN(CCN(C)C(=O)CCN)c1ccccc1O,0.009354
COc1ccc(NC[C@@H]2CCCN2C2CN(Cc3ccc(N)c(Br)c3)C2)c(N)c1,0.94659,COc1ccc(N)c(NC(=O)[C@@H]2CCCN2C2CN(Cc3ccc(N)c(Br)c3)C2)c1,0.830317
NCCCN1CCC(N(C[C@@H](N)Cc2ccccc2)c2cc(F)ccc2O)CC1,0.991146,NCCC(=O)N1CCC(N(C[C@@H](N)Cc2ccccc2)c2cc(F)ccc2O)CC1,0.273873
C[C@@H](N)CN(CCCNCCc1c[nH]c2ccccc12)c1ccc(Br)cc1O,0.987991,C[C@@H](N)CN(CCC(=O)NCCc1c[nH]c2ccccc12)c1ccc(Br)cc1O,0.375464
CC[C@H](C)[C@H](N)CN1CCC(=O)CC1,0.026275,CC[C@H](C)[C@H](N)C(=O)N1CCC(=O)CC1,0.001785
NCCCN1CCC[C@H](C(=O)O)C1,0.028405,NCCC(=O)N1CCC[C@H](C(=O)O)C1,0.002994
Oc1ccc(CNCCc2ccccc2Br)cc1NC1CCCNC1,0.967299,O=C(NCCc1ccccc1Br)c1ccc(O)c(NC2CCCNC2)c1,0.687626
Oc1ccc(F)cc1NCCCN(c1cccc2cc[nH]c12)C1CCC1,0.520654,O=C(CCN(c1cccc2cc[nH]c12)C1CCC1)Nc1cc(F)ccc1O,0.033913
C[C@@H](N)CN1CCC1CN1CCC1CN(c1ccc(F)nc1Br)C(CCl)c1ccc(F)cc1,0.924651,C[C@@H](N)C(=O)N1CCC1CN1CCC1CN(c1ccc(F)nc1Br)C(CCl)c1ccc(F)cc1,0.896396
N[C@@H](CS)CNCCc1ccncc1,0.225063,N[C@@H](CS)C(=O)NCCc1ccncc1,0.004984
Nc1cccc(Br)c1NCCCNC1CCN(C2CCC2)CC1,0.742616,Nc1c(Br)cccc1NC(=O)CCNC1CCN(C2CCC2)CC1,0.318262
N[C@@H](CO)CN1CCC[C@H](C(=O)O)C1,0.019953,N[C@@H](CO)C(=O)N1CCC[C@H](C(=O)O)C1,0.002465
N[C@H](CO)CNc1cccc(Br)c1O,0.024677,N[C@H](CO)C(=O)Nc1cccc(Br)c1O,0.001348
COc1ccccc1CCNC[C@H]1CCCN1C[C@H](N)[C@@H](C)O,0.832315,COc1ccccc1CCNC(=O)[C@H]1CCCN1C[C@H](N)[C@@H](C)O,0.178035
Oc1c(Br)cccc1N(CC1CNC1)C1CN(C[C@@H]2CCCN2)C1,0.457569,O=C([C@@H]1CCCN1)N1CC(CN(c2cccc(Br)c2O)C2CNC2)C1,0.06097
C[C@@H](CN(Cc1ccc(F)cc1)c1ccccn1)NC1CCN(CCCN)C1,0.95777,C[C@@H](CN(C(=O)c1ccc(F)cc1)c1ccccn1)NC1CCN(CCCN)C1,0.954176
Oc1c(Br)cccc1NCCCNC1CC1,0.134919,O=C(CCNC1CC1)Nc1cccc(Br)c1O,0.007317
CC[C@H](N)CN1CCC(CNc2cccc(Br)c2O)CC1,0.372629,CC[C@H](N)CN1CCC(C(=O)Nc2cccc(Br)c2O)CC1,0.064046
Oc1c(Br)cccc1N(Cc1ccc(F)cc1)C1CN(CC2CCN2)C1,0.993569,O=C(c1ccc(F)cc1)N(c1cccc(Br)c1O)C1CN(CC2CCN2)C1,0.95615
CNCCN(CCCNC1CC1)c1cccnc1Br,0.098033,CNCCN(CCC(=O)NC1CC1)c1cccnc1Br,0.016443
CN(CCN[C@H](CO)CNc1cc(Br)ccc1O)C[C@@H]1CCCN1,0.333931,CN(CCN[C@H](CO)CNc1cc(Br)ccc1O)C(=O)[C@@H]1CCCN1,0.062652
Fc1ccc(C(CCl)NC2(CNCCc3c[nH]c4ccccc34)CCC2)cc1,0.958794,O=C(NCCc1c[nH]c2ccccc12)C1(NC(CCl)c2ccc(F)cc2)CCC1,0.292941
COc1ccccc1CN(CCCN(Cc1c[nH]c2ccc(Br)cc12)c1cc(Br)cc(C#N)c1)CC1CCN1,0.932245,COc1ccccc1CN(CCCN(Cc1c[nH]c2ccc(Br)cc12)c1cc(Br)cc(C#N)c1)C(=O)C1CCN1,0.304266
COc1ccc(OC(=O)CN2CCCCC2)c(N(CCBr)Cc2c[nH]c3ccc(Br)cc23)c1,0.970071,COc1ccc(OC(=O)CN2CCCCC2)c(N(Cc2c[nH]c3ccc(Br)cc23)C(=O)CBr)c1,0.958681
O=C(O)[C@H](CO)N(CC1CCN1)C(CCl)c1ccc(F)cc1,0.011581,O=C(O)C1CCN1C(=O)[C@H](CO)NC(CCl)c1ccc(F)cc1,0.003977
Oc1ccc(Br)cc1NC[C@H]1CCCN1CCCN(CCc1c[nH]c2ccccc12)C(CCl)c1ccc(Br)cc1,0.967439,O=C(Nc1cc(Br)ccc1O)[C@H]1CCCN1CCCN(CCc1c[nH]c2ccccc12)C(CCl)c1ccc(Br)cc1,0.962261
N[C@H](Cc1c[nH]c2ccccc12)CN(CCCN1CCCCC1)c1ccc(Br)cc1O,0.999998,N[C@H](Cc1c[nH]c2ccccc12)CN(CCC(=O)N1CCCCC1)c1ccc(Br)cc1O,0.150012
CN(CC=O)CCNc1cc(F)ccc1O,0.015449,CN(CCNc1cc(F)ccc1O)C(=O)C=O,0.001197
C[C@@H](N)CN(CCC=O)c1ccc(Br)cc1,0.000225,C[C@@H](N)C(=O)N(CCC=O)c1ccc(Br)cc1,0.002178
Nc1ccc(CNCCN2CCC(N(CCc3ccccc3Br)Cc3c[nH]c4ccc(Br)cc34)C2)cc1Br,0.945179,Nc1ccc(C(=O)NCCN2CCC(N(CCc3ccccc3Br)Cc3c[nH]c4ccc(Br)cc34)C2)cc1Br,0.936911
C[C@@H](CN(CCCNCc1ccc(F)cc1)C12CC(C1)C2)NC1CCC1,0.845632,C[C@@H](CN(CCCNC(=O)c1ccc(F)cc1)C12CC(C1)C2)NC1CCC1,0.670086
CN(CC(=O)O)CC(CBr)NCCCO,0.008008,CN(CC(=O)O)C(=O)C(CBr)NCCCO,0.002239
Oc1ccc(Br)cc1NCCCNCCBr,0.143452,O=C(CCNCCBr)Nc1cc(Br)ccc1O,0.009875
COc1cccc(CNCC[C@H](N)CNCCc2ccccc2OC)c1,0.970708,COc1cccc(CNC(=O)C[C@H](N)CNCCc2ccccc2OC)c1,0.527281
NCCN(C[C@H]1CCCN1CCC1NCCc2c(Br)cccc21)c1cc(F)ccc1O,0.996241,NCC(=O)N(C[C@H]1CCCN1CCC1NCCc2c(Br)cccc21)c1cc(F)ccc1O,0.991795
O=C(CBr)CN1CCC(Nc2cc(F)ccc2O)C1,0.026997,O=C(CBr)C(=O)N(c1cc(F)ccc1O)C1CCNC1,0.005195
C[C@@H](N)CN1CCC(CNc2ccnc3ccccc23)CC1,0.179775,C[C@@H](N)CN1CCC(C(=O)Nc2ccnc3ccccc23)CC1,0.008486
COCCNCCCNc1ccc(F)nc1Br,0.049463,COCCNCCC(=O)Nc1ccc(F)nc1Br,0.00673
Oc1ccc(CCN(CC2CCN2)c2ccc(C(CCl)N3CCC(O)CC3)cc2)cc1,0.74099,O=C(C1CCN1)N(CCc1ccc(O)cc1)c1ccc(C(CCl)N2CCC(O)CC2)cc1,0.628877
COc1ccccc1CCN(CCCN)C[C@H](C)NCCNCCc1ccccc1Br,0.862072,COc1ccccc1CCN(C[C@H](C)NCCNCCc1ccccc1Br)C(=O)CCN,0.180988
Sc1ccccc1NCC1CNC1,0.428826,O=C(Nc1ccccc1S)C1CNC1,0.019761
Nc1cccc(N2CCC[C@@H](CN3CCCCC3)C2)c1O,0.25297,Nc1cccc(N2CCC[C@@H](C(=O)N3CCCCC3)C2)c1O,0.00117
C=CCN(c1cc(Cl)cc(C#N)c1)C1CCN(C[C@@H](N)Cc2c[nH]c3ccccc23)CC1,0.995602,C=CC(=O)N(c1cc(Cl)cc(C#N)c1)C1CCN(C[C@@H](N)Cc2c[nH]c3ccccc23)CC1,0.953124
CN(CCCN)CCN(CCCN)c1cc(C#N)ccc1O,0.442076,CN(CCCN)CCN(C(=O)CCN)c1cc(C#N)ccc1O,0.629727
CSCC[C@@H](CN(Cc1c[nH]c2ccc(F)cc12)c1ccccc1O)N(CC=O)C1CCNC1,0.879896,CSCC[C@@H](CN(Cc1c[nH]c2ccc(F)cc12)c1ccccc1O)N(C(=O)C=O)C1CCNC1,0.220978
Fc1ccc(NC(CBr)CN2CCCCC2)c(Br)n1,0.088638,O=C(C(CBr)Nc1ccc(F)nc1Br)N1CCCCC1,0.004244
CN(CCNc1c(Br)cccc1NCc1cccc(F)c1N)CC1CCN1Cc1c[nH]c2ccc(Br)cc12,0.507839,CN(CCNc1c(Br)cccc1NC(=O)c1cccc(F)c1N)CC1CCN1Cc1c[nH]c2ccc(Br)cc12,0.542341
NCCN(CCCN(CCc1c[nH]c2ccccc12)C1CCNCC1)c1ccc(Br)cc1,0.997418,NCC(=O)N(CCCN(CCc1c[nH]c2ccccc12)C1CCNCC1)c1ccc(Br)cc1,0.992317
COc1ccccc1CCNCCNC[C@@H](C)N,0.479486,COc1ccccc1CCNC(=O)CNC[C@@H](C)N,0.059825
O=C1CCCN(Cc2cccc(O)c2NCC2CCN2)C1,0.161366,O=C1CCCN(Cc2cccc(O)c2NC(=O)C2CCN2)C1,0.019586
COc1ccccc1CCN(CCN)c1cc(C#N)cc(N(CCN)C2CNC2)c1,0.749466,COc1ccccc1CCN(C(=O)CN)c1cc(C#N)cc(N(CCN)C2CNC2)c1,0.714589
C=CCN(CC1CCN1C1CNC1)c1cc(OC)ccc1NCc1c[nH]c2ccc(Br)cc12,0.98735,C=CC(=O)N(CC1CCN1C1CNC1)c1cc(OC)ccc1NCc1c[nH]c2ccc(Br)cc12,0.940881
Oc1cccc(CNCCN2CCCCC2)c1NCC1CCN1,0.593366,O=C(CNCc1cccc(O)c1NCC1CCN1)N1CCCCC1,0.020754
Oc1c(Br)cccc1NC1CCN(C[C@@H]2CCCN2)C1,0.418104,O=C([C@@H]1CCCN1)N(c1cccc(Br)c1O)C1CCNC1,0.200063
Nc1ccc(CN[C@H](Cc2c[nH]c3ccccc23)CN(CCC=O)C2CC2)cc1Br,0.99735,Nc1ccc(C(=O)N[C@H](Cc2c[nH]c3ccccc23)CN(CCC=O)C2CC2)cc1Br,0.987799
Oc1ccc(CCNCCNC[C@@H]2CCCN2)cc1,0.773832,O=C(NCCNCCc1ccc(O)cc1)[C@@H]1CCCN1,0.570909
O=C(CCl)c1ccc(F)cc1N(CCCNCCBr)CCCN1Cc2ccccc2C[C@H]1C(=O)O,0.776767,O=C(CBr)NCCCN(CCCN1Cc2ccccc2C[C@H]1C(=O)O)c1cc(F)ccc1C(=O)CCl,0.20074
CC[C@@H](CNCCc1ccccc1OC)N(CCCN)Cc1c[nH]c2cc(Br)ccc12,0.999991,CC[C@@H](CN(CCc1ccccc1OC)C(=O)CCN)NCc1c[nH]c2cc(Br)ccc12,0.692981
Nc1c(F)cccc1CNCCCN(CCc1ccccc1Br)C[C@H](N)CO,0.94094,NCCCN(CCc1ccccc1Br)C[C@@H](CO)NC(=O)c1cccc(F)c1N,0.714476
N#Cc1ccc(N(CC[C@@H](N)CNc2cccc3cc[nH]c23)C2CCN(CCBr)C2)c(N)c1,0.95806,N#Cc1ccc(N(CC[C@@H](N)CN(C(=O)CBr)c2cccc3cc[nH]c23)C2CCNC2)c(N)c1,0.596518
C=CCN(CCCN(Cc1ccc(N)c(Br)c1)C[C@@H](N)CO)c1cc(F)c(F)cc1O,0.925116,C=CC(=O)N(CCCN(Cc1ccc(N)c(Br)c1)C[C@@H](N)CO)c1cc(F)c(F)cc1O,0.675271
CNCCN(CCCNc1cccc2cc[nH]c12)CCCNC(CCl)c1ccc(Cl)c(Cl)c1,0.938506,CNCC(=O)N(CCCNCCCNC(CCl)c1ccc(Cl)c(Cl)c1)c1cccc2cc[nH]c12,0.631054
COc1ccc(O)c(N(C2CCNCC2)C2CN(C[C@@H]3CCCN3)C2)c1,0.390404,COc1ccc(O)c(N(C2CCN(C(=O)[C@@H]3CCCN3)CC2)C2CNC2)c1,0.038242
CNCCNc1cc(N(CCCN)C2CC2)ccc1O,0.229334,CNCC(=O)NCCCN(c1ccc(O)c(N)c1)C1CC1,0.037126
COc1ccccc1CCN(CCCN)Cc1ccc(N)c(N2CCCCC2)c1,0.956013,COc1ccccc1CCN(Cc1ccc(N)c(N2CCCCC2)c1)C(=O)CCN,0.129969
C[C@H](O)CNc1ccc(C#N)cc1N,0.007828,C[C@H](O)C(=O)Nc1cc(C#N)ccc1N,0.000451
CC[C@H](N)CN(CCN(CCN)Cc1c[nH]c2ccc(Br)cc12)c1ccc(Br)cc1,0.995431,CC[C@H](N)CN(CCN(Cc1c[nH]c2ccc(Br)cc12)C(=O)CN)c1ccc(Br)cc1,0.54496
C[C@@H](CN1CCCCC1)NC[C@@H](N)Cc1ccc(O)cc1,0.927925,C[C@H](NC[C@@H](N)Cc1ccc(O)cc1)C(=O)N1CCCCC1,0.031034
NCCc1ccccc1N1CCC(CN2CCCCC2)CC1,0.372057,NCCc1ccccc1N1CCC(C(=O)N2CCCCC2)CC1,0.000684
C[C@@H](N)CN(c1cc(C#N)ccc1O)C1CCN(CC2CCN2)C1,0.552904,C[C@@H](N)CN(c1cc(C#N)ccc1O)C1CCN(C(=O)C2CCN2)C1,0.017208
COc1cccc(CNC[C@H](C)N(CC2CNC2)C2CCNC2)c1,0.142005,COc1cccc(CNC(=O)[C@H](C)N(CC2CNC2)C2CCNC2)c1,0.05493
C[C@H](N)CN(CCc1c[nH]c2ccccc12)C[C@@H](CS)N(CCN)C(CCl)c1ccc(F)cc1,0.967797,C[C@H](N)C(=O)N(CCc1c[nH]c2ccccc12)C[C@@H](CS)N(CCN)C(CCl)c1ccc(F)cc1,0.852607
Nc1ccc(CN(CC2CCN2)c2ccc(CN3CCC[C@H]3CO)cc2Br)cc1Br,0.949441,Nc1ccc(CN(C(=O)C2CCN2)c2ccc(CN3CCC[C@H]3CO)cc2Br)cc1Br,0.911274
N#Cc1ccc(O)c(NCC2CCN2CCN)c1,0.762386,N#Cc1ccc(O)c(N(CC2CCN2)C(=O)CN)c1,0.21808
NCCCN1CCC[C@H]1CN(CCc1ccccc1Br)C(CCl)c1ccc(F)cc1,0.972107,NCCC(=O)N1CCC[C@H]1CN(CCc1ccccc1Br)C(CCl)c1ccc(F)cc1,0.614888
NCCCNCCCN(Cc1ccc(N)c(O)c1)c1cccc(Br)c1O,0.950708,NCCCN(CCCNc1cccc(Br)c1O)C(=O)c1ccc(N)c(O)c1,0.115034
C[C@H](O)CN(CCCN(CC1CCN1)c1cc(F)ccc1C(=O)CCl)CCc1ccccc1Br,0.969682,C[C@H](O)C(=O)N(CCCN(CC1CCN1)c1cc(F)ccc1C(=O)CCl)CCc1ccccc1Br,0.171391
OCCNCCc1c[nH]c2ccccc12,0.820319,O=C(CO)NCCc1c[nH]c2ccccc12,0.015909
Nc1cccc(Br)c1N(Cc1c[nH]c2ccc(Br)cc12)C1CCCN(C[C@@H]2CCCNC2)C1,0.995501,Nc1cccc(Br)c1N(Cc1c[nH]c2ccc(Br)cc12)C1CCCN(C(=O)[C@@H]2CCCNC2)C1,0.426965
C[C@@H](CNc1ccccc1O)N(CCN)CC1CCN1,0.599645,C[C@@H](C(=O)Nc1ccccc1O)N(CCN)CC1CCN1,0.078033
O=C1CCCN(CCCNCc2c[nH]c3ccc(Br)cc23)C1,0.746444,O=C1CCCN(C(=O)CCNCc2c[nH]c3ccc(Br)cc23)C1,0.018872
Nc1c(Br)cccc1N(CC1CCN1CC1CNC1)C1CCNC1,0.465365,Nc1c(Br)cccc1N(CC1CCN1)C1CCN(C(=O)C2CNC2)C1,0.055068
N[C@H](CCN(CCc1c[nH]c2ccccc12)C[C@H]1CCCN1)CN(CCBr)c1cc(F)ccc1O,0.995415,N[C@H](CCN(CCc1c[nH]c2ccccc12)C[C@H]1CCCN1)CN(C(=O)CBr)c1cc(F)ccc1O,0.983
NCCNc1ccc(CN(CCc2c[nH]c3ccccc23)C2CCCN(CCC=O)C2)cc1Br,0.984276,NCC(=O)Nc1ccc(CN(CCc2c[nH]c3ccccc23)C2CCCN(CCC=O)C2)cc1Br,0.965839
CCCNc1ccc(CNCCc2c[nH]c3ccccc23)cc1Br,0.616937,CCCNc1ccc(C(=O)NCCc2c[nH]c3ccccc23)cc1Br,0.103847
Nc1ccc(CN2CCC[C@@H](O)C2)cc1Br,0.03136,Nc1ccc(C(=O)N2CCC[C@@H](O)C2)cc1Br,0.003959
Oc1c(Br)cccc1N(CC1CCN1Cc1c[nH]c2ccc(Br)cc12)C1CCCN(CCBr)C1,0.999995,O=C(CBr)N1CCCC(N(CC2CCN2Cc2c[nH]c3ccc(Br)cc23)c2cccc(Br)c2O)C1,0.890652
N[C@@H](CNCCc1ccccc1Br)Cc1c[nH]c2ccccc12,0.646647,N[C@H](Cc1c[nH]c2ccccc12)C(=O)NCCc1ccccc1Br,0.013757
OC[C@H](CNCCc1ccccc1Br)NCC1CCN1,0.357583,O=C(N[C@H](CO)CNCCc1ccccc1Br)C1CCN1,0.085878
N[C@H](Cc1c[nH]c2ccccc12)CN(CC1CNC1)c1cc(F)c(F)cc1O,0.929251,N[C@H](Cc1c[nH]c2ccccc12)CN(C(=O)C1CNC1)c1cc(F)c(F)cc1O,0.867966
N[C@H](Cc1c[nH]c2ccccc12)CN1CCC[C@@H]1CNC1CC1,0.965513,N[C@H](Cc1c[nH]c2ccccc12)CN1CCC[C@@H]1C(=O)NC1CC1,0.843169
O=C(O[C@H]1CCCN(C[C@@H](Cc2c[nH]c3ccccc23)NCCO)C1)c1ccc(F)cc1,0.979161,O=C(CO)N[C@H](Cc1c[nH]c2ccccc12)CN1CCC[C@H](OC(=O)c2ccc(F)cc2)C1,0.785279
COc1ccc(NCCCNCC2CNC2)c(N)c1,0.205142,COc1ccc(N)c(NC(=O)CCNCC2CNC2)c1,0.062012
O=C1CN(CCN2CCC(Nc3ccc(Br)cc3)C2)C1,0.03257,O=C1CN(C(=O)CN2CCC(Nc3ccc(Br)cc3)C2)C1,0.026933
CN(CC(=O)O)C[C@@H](N)CC(=O)O,0.005249,CN(CC(=O)O)C(=O)C[C@H](N)C(=O)O,0.001802
C[C@H](N)CN(Cc1ccc(F)cc1)C1CCC1,0.027309,C[C@H](N)C(=O)N(Cc1ccc(F)cc1)C1CCC1,0.00536
Brc1ccc(N(CCC2c3cccc(Br)c3CCN2C[C@@H]2CCCN2)C2CCNC2)cc1,0.972663,O=C([C@@H]1CCCN1)N1CCC(N(CCC2NCCc3c(Br)cccc32)c2ccc(Br)cc2)C1,0.285936
COc1ccccc1CCN(CC[C@H](N)CNc1ccc(C(=O)O)cc1Br)C1CCNC1,0.97891,COc1ccccc1CCN(CC[C@H](N)C(=O)Nc1ccc(C(=O)O)cc1Br)C1CCNC1,0.802583
CC[C@H](N)CN(c1cccc2cc[nH]c12)C1CN(CC2NCCc3c(OC)cccc32)C1,0.991061,CC[C@H](N)C(=O)N(c1cccc2cc[nH]c12)C1CN(CC2NCCc3c(OC)cccc32)C1,0.897719
NCCCN(CCC[C@@H](N)CN1CCC(Nc2cc(F)c(F)cc2O)CC1)CCc1c[nH]c2ccccc12,0.788959,NCCC(=O)N(CCC[C@@H](N)CN1CCC(Nc2cc(F)c(F)cc2O)CC1)CCc1c[nH]c2ccccc12,0.655665
NCCN(C[C@H]1CCCN1C1CCNCC1)c1cc(F)ccc1O,0.512221,NCC(=O)N(C[C@H]1CCCN1C1CCNCC1)c1cc(F)ccc1O,0.654751
C=CCN(C)CCN(CCC)[C@H](CNCCc1ccccc1Br)Cc1c[nH]c2ccccc12,0.969377,C=CC(=O)N(C)CCN(CCC)[C@H](CNCCc1ccccc1Br)Cc1c[nH]c2ccccc12,0.881809
O[C@@H]1CCN(CCN2CCc3c(Br)cccc3C2c2nc3ccccc3[nH]2)C1,0.607798,O=C(CN1CCc2c(Br)cccc2C1c1nc2ccccc2[nH]1)N1CC[C@@H](O)C1,0.189278
Oc1cc(Br)ccc1NCCN(Cc1c[nH]c2cc(Br)ccc12)C[C@H]1CCCN1,0.980653,O=C([C@H]1CCCN1)N(CCNCc1c[nH]c2cc(Br)ccc12)c1ccc(Br)cc1O,0.857645
C[C@@H](CNCCc1ccc(O)cc1)NCC=O,0.742377,C[C@H](NCC=O)C(=O)NCCc1ccc(O)cc1,0.011319
COc1ccccc1CCNCCC[C@@H](NCC1CCN1)C(=O)O,0.258601,COc1ccccc1CCNC(=O)CC[C@@H](NCC1CCN1)C(=O)O,0.025236
O=C(O)CCN(CC1CCN1)c1cc(F)c(F)cc1O,0.039038,O=C(O)C1CCN1C(=O)CCNc1cc(F)c(F)cc1O,0.010357
OCCCN(CCCNCc1c[nH]c2ccccc12)Cc1cccc(F)c1F,0.971648,O=C(c1cccc(F)c1F)N(CCCNCCCO)Cc1c[nH]c2ccccc12,0.525829
O=CCN1CCC(N2CCC(N(c3ccc(Br)cc3O)C(CCl)c3ccc(Br)cc3)C2)CC1,0.99527,O=CC(=O)N1CCC(N2CCC(N(c3ccc(Br)cc3O)C(CCl)c3ccc(Br)cc3)C2)CC1,0.960812
COc1ccccc1CCN(CC1CCN1)C[C@@H](N)C(C)C,0.386453,COc1ccccc1CCN(C[C@@H](N)C(C)C)C(=O)C1CCN1,0.010128
NCCN1CCC(N2CCC[C@@H]2CN(c2ccc(O)c(N)c2)c2cc(F)ccc2O)C1,0.96057,NCC(=O)N1CCC(N2CCC[C@@H]2CN(c2ccc(O)c(N)c2)c2cc(F)ccc2O)C1,0.810827
C#CCNCC[C@H](N)C(=O)O,0.01044,C#CCNC(=O)C[C@H](N)C(=O)O,0.001895
O=C(O)[C@H](CO)NCC1CCN1,0.009776,O=C(N[C@@H](CO)C(=O)O)C1CCN1,0.002279
N#Cc1ccc(N(CCCN)CC2CNC2)c(N)c1,0.133558,N#Cc1ccc(N(CCCN)C(=O)C2CNC2)c(N)c1,0.25138
C=CCN1CC(N[C@@H](CNc2cc(Br)ccc2O)Cc2c[nH]c3ccccc23)C1,0.9256,C=CC(=O)N(C1CNC1)[C@@H](CNc1cc(Br)ccc1O)Cc1c[nH]c2ccccc12,0.338229
N[C@H](CCC(=O)O)CNCc1ccccc1,0.020486,N[C@H](CCC(=O)NCc1ccccc1)C(=O)O,0.000943
C[C@H](CNCC(=O)O)NC(CCl)c1ccc(F)cc1,0.007628,C[C@@H](NC(CCl)c1ccc(F)cc1)C(=O)NCC(=O)O,0.000565
CN(CC(=O)O)C[C@@H](N)CO,0.006496,CN(CC(=O)O)C(=O)[C@@H](N)CO,0.002637
N#Cc1ccc(N(C[C@@H]2CCCN2)C2CCN(Cc3c[nH]c4cc(Br)ccc34)C2)c(N)c1,0.999991,N#Cc1ccc(N(C(=O)[C@@H]2CCCN2)C2CCN(Cc3c[nH]c4cc(Br)ccc34)C2)c(N)c1,0.968795
BrCCN1CCC(CNc2ccc(Br)cc2)CC1,0.036828,O=C(Nc1ccc(Br)cc1)C1CCN(CCBr)CC1,0.001105
O=Cc1c[nH]c2ccc(N(CCNc3ccc(Br)cc3O)C[C@H]3CCCN3)cc12,0.916167,O=Cc1c[nH]c2ccc(N(CC(=O)Nc3ccc(Br)cc3O)C[C@H]3CCCN3)cc12,0.229936
Nc1ccc(Br)cc1NCC[C@@H](CNCCc1ccc(O)cc1)NC1CCNCC1,0.656891,Nc1ccc(Br)cc1NCC[C@H](NC1CCNCC1)C(=O)NCCc1ccc(O)cc1,0.551086
C[C@@H](O)[C@@H](N)CN1CCC(N(CCCNCc2ccc(F)cc2)c2cccc3cc[nH]c23)C1,0.994426,C[C@@H](O)[C@@H](N)CN1CCC(N(CCCNC(=O)c2ccc(F)cc2)c2cccc3cc[nH]c23)C1,0.956215
CC(C)C[C@@H](N)CN(C[C@@H]1CCCN1)c1cccc(Br)c1O,0.068282,CC(C)C[C@@H](N)CN(C(=O)[C@@H]1CCCN1)c1cccc(Br)c1O,0.148193
COc1cccc2c1CCN(CCN)C2CCN1CCC[C@@H]1C(=O)Oc1ccccc1CN,0.938528,COc1cccc2c1CCN(C(=O)CN)C2CCN1CCC[C@@H]1C(=O)Oc1ccccc1CN,0.556542
O=C1CCN(Cc2ccccc2CCl)C1,0.016304,O=C1CCN(C(=O)c2ccccc2CCl)C1,0.001395
O=C(O)[C@@H](CCCNc1cc(F)c(F)cc1O)N(Cc1ccc(F)cc1)CC1CCN1,0.82927,O=C(CC[C@H](C(=O)O)N(Cc1ccc(F)cc1)CC1CCN1)Nc1cc(F)c(F)cc1O,0.195506
Brc1ccc(N(CC2CCN2)C[C@H]2CCCN2)cc1,0.056843,O=C(C1CCN1)N(C[C@H]1CCCN1)c1ccc(Br)cc1,0.242168
COc1ccc(N(Cc2c[nH]c3cc(Br)ccc23)CC2CCN2CC2CCN2CCBr)c(N)c1,0.994357,COc1ccc(N(Cc2c[nH]c3cc(Br)ccc23)CC2CCN2CC2CCN2C(=O)CBr)c(N)c1,0.969721
NCCCN(CC1c2ccccc2CCN1CC1CCN1)c1cccc2cc[nH]c12,0.989808,NCCC(=O)N(CC1c2ccccc2CCN1CC1CCN1)c1cccc2cc[nH]c12,0.938902
Oc1cc(Br)ccc1N(CC1CCN1Cc1cccc(F)c1F)C1CCNC1,0.989852,O=C(c1cccc(F)c1F)N1CCC(N(CC2CCN2)c2ccc(Br)cc2O)C1,0.506482
CC(C)(CN1CCC[C@H]1CNCCc1c[nH]c2ccccc12)NC(=O)Nc1ccc(Br)cc1,0.862,CC(C)(CN1CCC[C@H]1C(=O)NCCc1c[nH]c2ccccc12)NC(=O)Nc1ccc(Br)cc1,0.229937
COc1ccc(O)c(NCC2CN(C3CCCNC3)C2)c1,0.624999,COc1ccc(O)c(NC(=O)C2CN(C3CCCNC3)C2)c1,0.12857
CN(CCNc1ccc(Br)cc1O)C[C@H](N)CCNc1cc(Br)ccc1O,0.536958,CN(CC(=O)Nc1ccc(Br)cc1O)C[C@H](N)CCNc1cc(Br)ccc1O,0.141188
Nc1c(O)cccc1CN1CCC1CN1CCCC(=O)C1,0.279431,Nc1c(O)cccc1CN1CCC1C(=O)N1CCCC(=O)C1,0.019454
O=Cc1c[nH]c2cc(N3CCC[C@@H]3CN(C[C@@H]3CCCN3CCBr)c3ccccn3)ccc12,0.974545,O=Cc1c[nH]c2cc(N3CCC[C@@H]3CN(C[C@@H]3CCCN3C(=O)CBr)c3ccccn3)ccc12,0.121162
Oc1cc(F)c(F)cc1NCCCN(c1cccnc1F)C1CCN(C[C@@H]2CCCN2)C1,0.946596,O=C(CCN(c1cccnc1F)C1CCN(C[C@@H]2CCCN2)C1)Nc1cc(F)c(F)cc1O,0.840207
COCCNC[C@@H](CCN1CCCC(Nc2ccc(Br)cc2)C1)NCc1c[nH]c2ccccc12,0.914936,COCCNC(=O)[C@@H](CCN1CCCC(Nc2ccc(Br)cc2)C1)NCc1c[nH]c2ccccc12,0.748761
NCCc1ccccc1N(c1cccc(Br)c1O)C1CCN(C[C@@H]2CCCNC2)C1,0.996996,NCCc1ccccc1N(c1cccc(Br)c1O)C1CCN(C(=O)[C@@H]2CCCNC2)C1,0.318276
N[C@@H](CCN1CCC[C@H]1CO)CNc1ccc(Br)cc1,0.437141,N[C@@H](CCN1CCC[C@H]1CO)C(=O)Nc1ccc(Br)cc1,0.031477
N[C@@H](CCNc1cc(Br)ccc1O)C(=O)O,0.016797,N[C@@H](CC(=O)Nc1cc(Br)ccc1O)C(=O)O,0.00134
NC1(CN(CC2CCN2)c2ccc(CN(CC=O)c3ccccc3O)cc2Br)CCC1,0.646362,NC1(CN(CC2CCN2)c2ccc(CN(C(=O)C=O)c3ccccc3O)cc2Br)CCC1,0.201163
c1ccc2c(c1)CN[C@H](CN1CCC[C@@H]1CNc1cccc3cc[nH]c13)C2,0.974066,O=C(Nc1cccc2cc[nH]c12)[C@H]1CCCN1C[C@@H]1Cc2ccccc2CN1,0.722996
C[C@@H](N)CN(CC1CCN1)c1c(N)cccc1Br,0.02977,C[C@@H](N)CN(C(=O)C1CCN1)c1c(N)cccc1Br,0.074266
NCCCN(CCC=O)[C@@H](CNc1cc(Br)ccc1O)Cc1c[nH]c2ccccc12,0.988609,NCCCN(CCC=O)[C@H](Cc1c[nH]c2ccccc12)C(=O)Nc1cc(Br)ccc1O,0.904578
CC[C@@H](CN(CCN)CCc1ccccc1Br)NCc1c[nH]c2ccc(Br)cc12,0.997276,CC[C@@H](CN(CCc1ccccc1Br)C(=O)CN)NCc1c[nH]c2ccc(Br)cc12,0.518833
O=C(O)[C@@H](CS)N(Cc1c[nH]c2cc(Br)ccc12)C[C@H]1CCCN1,0.176596,O=C(O)[C@@H](CS)N(Cc1c[nH]c2cc(Br)ccc12)C(=O)[C@H]1CCCN1,0.105353
OCCN(CC1CCN1)c1cc(Br)ccc1O,0.058264,O=C(C1CCN1)N(CCO)c1cc(Br)ccc1O,0.039254
N[C@H](CCN1CCC(=O)C1)CNCc1ccc(O)cc1,0.52622,N[C@@H](CNCc1ccc(O)cc1)CC(=O)N1CCC(=O)C1,0.023438
CC[C@@H](CNCCc1c[nH]c2ccccc12)NCC1CCN1Cc1ccc(F)cc1,0.994604,CC[C@@H](CN(CCc1c[nH]c2ccccc12)C(=O)c1ccc(F)cc1)NCC1CCN1,0.845893
COc1ccc(N(CCN)C[C@@H]2CCCN2)c(N)c1,0.084757,COc1ccc(N(CCN)C(=O)[C@@H]2CCCN2)c(N)c1,0.095375
Nc1ccc(CN[C@H](Cc2ccccc2)CN2CCC[C@@H]2CNc2cc(F)c(F)cc2O)cc1Br,0.88701,Nc1ccc(CN[C@H](Cc2ccccc2)CN2CCC[C@@H]2C(=O)Nc2cc(F)c(F)cc2O)cc1Br,0.75675
Oc1ccc(Br)cc1N(CCBr)CC1CN(CC(CBr)NCCc2c[nH]c3ccccc23)C1,0.969274,O=C(CBr)N(CC1CN(CC(CBr)NCCc2c[nH]c3ccccc23)C1)c1cc(Br)ccc1O,0.938508
CNCC(=O)Oc1ccccc1NCc1ccc(F)cc1,0.013249,CNCC(=O)Oc1ccccc1NC(=O)c1ccc(F)cc1,0.002344
NCCN1CCC1CN(c1cc(F)c(F)cc1O)C1CNC1,0.534676,NCC(=O)N1CC(N(CC2CCN2)c2cc(F)c(F)cc2O)C1,0.112716
COCCNC[C@@H](N)CC(C)C,0.006362,COCCNC(=O)[C@@H](N)CC(C)C,0.001471
N[C@@H](CCN1CCC(C(=O)O)CC1)C(=O)O,0.022328,N[C@@H](CC(=O)N1CCC(C(=O)O)CC1)C(=O)O,0.003461
NCCN1CCC1CN(c1cccc2cc[nH]c12)C1CCN(Cc2ccnc(F)c2)C1,0.996867,NCC(=O)N1CCC1CN(c1cccc2cc[nH]c12)C1CCN(Cc2ccnc(F)c2)C1,0.926086
O[C@@H]1CCN(CCCN(c2ccccn2)C2CCNCC2)C1,0.339287,O=C(CCN(c1ccccn1)C1CCNCC1)N1CC[C@@H](O)C1,0.033425
C[C@H](N)CN1C[C@H](O)C[C@H]1C(=O)O,0.005364,C[C@H](N)C(=O)N1C[C@H](O)C[C@H]1C(=O)O,0.002308
C=CCN1CCCC(NCCCNc2ccnc3ccccc23)C1,0.754349,C=CCN1CCCC(NCCC(=O)Nc2ccnc3ccccc23)C1,0.255448
CN(CCN(CCc1c[nH]c2ccccc12)Cc1ccc(F)cc1)C[C@@H](CS)NCc1ccc(N)c(Br)c1,0.943493,CN(CCN(CCc1c[nH]c2ccccc12)Cc1ccc(F)cc1)C[C@@H](CS)NC(=O)c1ccc(N)c(Br)c1,0.92151
N[C@H](CCCNCCc1c[nH]c2ccc(O)cc12)CN(c1cc(Br)ccc1O)C1CCN(CC2CCN2)C1,0.873396,N[C@H](CCCN(CCc1c[nH]c2ccc(O)cc12)C(=O)C1CCN1)CN(c1cc(Br)ccc1O)C1CCNC1,0.3276
C[C@H](CN1CCC(=O)C1)Nc1ccc(N)c(O)c1,0.040419,C[C@@H](Nc1ccc(N)c(O)c1)C(=O)N1CCC(=O)C1,0.004123
NCCCN(CCc1c[nH]c2ccccc12)C[C@H](N)CC(=O)O,0.526502,NCCC(=O)N(CCc1c[nH]c2ccccc12)C[C@H](N)CC(=O)O,0.066573
C[C@@H](N)CN1CCC(CNc2cccc(Br)c2O)CC1,0.129839,C[C@@H](N)C(=O)N(CC1CCNCC1)c1cccc(Br)c1O,0.119761
CNCCN(CCCO)C[C@@H](C)N,0.023711,CNCC(=O)N(CCCO)C[C@@H](C)N,0.006824
N#Cc1cc(Br)cc(N(CC2CCN2CCN)C2CCN(Cc3c[nH]c4ccc(Br)cc34)C2)c1,0.999991,N#Cc1cc(Br)cc(N(CC2CCN2C(=O)CN)C2CCN(Cc3c[nH]c4ccc(Br)cc34)C2)c1,0.961941
C[C@H](CNCCN1CCC1CNc1cccc2cc[nH]c12)NC(CCl)c1ccc(F)cc1,0.947205,C[C@H](CNCCN1CCC1C(=O)Nc1cccc2cc[nH]c12)NC(CCl)c1ccc(F)cc1,0.815404
COc1ccc(O)c(N(C[C@@H]2CCCN2)C[C@@H](C)N)c1,0.087135,COc1ccc(O)c(N(C[C@@H](C)N)C(=O)[C@@H]2CCCN2)c1,0.09196
N[C@@H](Cc1c[nH]c2ccccc12)CN1CC[C@@H](O)C1,0.201699,N[C@@H](Cc1c[nH]c2ccccc12)C(=O)N1CC[C@@H](O)C1,0.039861
CN(CCN1CC(=O)C1)Cc1cccc(F)c1F,0.00648,CN(CC(=O)N1CC(=O)C1)Cc1cccc(F)c1F,0.001135
N[C@@H](CS)CN(CCCN1CCCCC1)C(CCl)c1ccc(F)cc1F,0.803572,N[C@@H](CS)CN(CCC(=O)N1CCCCC1)C(CCl)c1ccc(F)cc1F,0.211737
COc1ccccc1CCNC[C@@H](Cc1c[nH]c2ccccc12)NCCNCCBr,0.803049,COc1ccccc1CCNC[C@@H](Cc1c[nH]c2ccccc12)NCCNC(=O)CBr,0.559666
CC[C@@H](CNCCc1ccccc1)N(CC=O)CCC=O,0.24052,CC[C@@H](C(=O)NCCc1ccccc1)N(CC=O)CCC=O,0.00597
C#CCN(CCBr)C[C@H](N)CCNCCc1ccccc1OC,0.640067,C#CCN(CCBr)C[C@H](N)CC(=O)NCCc1ccccc1OC,0.158078
C[C@@H](O)[C@H](N)CN(CCCO)C1CCN(Cc2ccc(F)cc2)C1,0.03872,C[C@@H](O)[C@H](N)C(=O)N(CCCO)C1CCN(Cc2ccc(F)cc2)C1,0.016372
N#Cc1cc(Br)cc(N(CCBr)C2CCN(Cc3ccc(NC[C@@H]4CCCN4)c(Br)c3)CC2)c1,0.892806,N#Cc1cc(Br)cc(N(C(=O)CBr)C2CCN(Cc3ccc(NC[C@@H]4CCCN4)c(Br)c3)CC2)c1,0.481999
O=C1CN(CCCNc2cc(F)ccc2O)C1,0.03833,O=C1CN(C(=O)CCNc2cc(F)ccc2O)C1,0.002791
C=CCN(C)CCN(CC1CCN1Cc1c[nH]c2ccc(F)cc12)c1cc(C#N)ccc1O,0.997312,C=CC(=O)N(C)CCN(CC1CCN1Cc1c[nH]c2ccc(F)cc12)c1cc(C#N)ccc1O,0.896736
NCCN(CCCN(Cc1ccc(N)c(Br)c1)C1CCC1)CCc1c[nH]c2ccccc12,0.999997,NCC(=O)N(CCCN(Cc1ccc(N)c(Br)c1)C1CCC1)CCc1c[nH]c2ccccc12,0.948648
NCCC[C@@H](CNC1CC1)NCc1c[nH]c2ccc(Br)cc12,0.661377,NCCC[C@H](NCc1c[nH]c2ccc(Br)cc12)C(=O)NC1CC1,0.238054
OCCCNCCC1c2cc(O)ccc2CCN1CC1CCN1,0.820746,O=C(C1CCN1)N(CCCO)CCC1NCCc2ccc(O)cc21,0.182998
NCCCNCCN1CCCCC1,0.026653,NCCC(=O)NCCN1CCCCC1,0.007156
Brc1ccc2[nH]cc(CNCCNCCc3ccccc3Br)c2c1,0.853863,O=C(CNCc1c[nH]c2ccc(Br)cc12)NCCc1ccccc1Br,0.216583
Oc1cc(Br)ccc1N(CC1CCN1)C1CCNC1,0.384946,O=C(C1CCN1)N(c1ccc(Br)cc1O)C1CCNC1,0.187904
CNCCN(c1ccccc1S)C1CCCN(C(CCl)c2ccc(F)cc2F)C1,0.986891,CNCC(=O)N(c1ccccc1S)C1CCCN(C(CCl)c2ccc(F)cc2F)C1,0.888965
O=C(O)C1(N(CC2CCN2)c2cccnc2F)CCC1,0.009706,O=C(C1CCN1)N(c1cccnc1F)C1(C(=O)O)CCC1,0.017254
C[C@H](N)CNc1ccnc2ccccc12,0.01629,C[C@H](N)C(=O)Nc1ccnc2ccccc12,0.000664
C[C@@H](N)CN1CCC1CNc1cccc(Br)c1O,0.2315,C[C@@H](N)CN1CCC1C(=O)Nc1cccc(Br)c1O,0.008456
CNCCN1CCC[C@H]1CNCCCCN,0.047157,CNCC(=O)N(CCCCN)C[C@@H]1CCCN1,0.006691
NCCCN(Cc1cccc(Br)c1)c1cc(Br)ccc1O,0.272779,NCCC(=O)N(Cc1cccc(Br)c1)c1cc(Br)ccc1O,0.112788
CN(CCN(Cc1cccc(F)c1F)c1cc(F)ccc1O)C[C@@H](N)CCCN,0.976215,CN(CCN(C(=O)c1cccc(F)c1F)c1cc(F)ccc1O)C[C@@H](N)CCCN,0.971998
CNCCN(CC[C@H](N)CNCCCCN)c1cc(F)ccc1O,0.278249,CNCCN(CC[C@H](N)C(=O)NCCCCN)c1cc(F)ccc1O,0.111579
N#Cc1ccc(N)c(N(CCN)C[C@@H]2CCCN2CC2CCN2)c1,0.574799,N#Cc1ccc(N)c(N(CCN)C[C@@H]2CCCN2C(=O)C2CCN2)c1,0.013637
NCCN1CCCC(=O)C1,0.016994,NCC(=O)N1CCCC(=O)C1,0.002552
CNCCN(C[C@H](N)CCCN1CCC[C@@H]1CO)c1cc(F)ccc1O,0.782848,CNCCN(C[C@H](N)CCC(=O)N1CCC[C@@H]1CO)c1cc(F)ccc1O,0.055021
NC1(CNCCCNc2cc(F)ccc2O)CCC1,0.333068,NC1(C(=O)NCCCNc2cc(F)ccc2O)CCC1,0.015229
O=C1CCN(Cc2c(Br)cccc2N(Cc2c[nH]c3ccc(Br)cc23)C[C@@H]2CCCN2)C1,0.968427,O=C1CCN(Cc2c(Br)cccc2N(Cc2c[nH]c3ccc(Br)cc23)C(=O)[C@@H]2CCCN2)C1,0.970575
CC[C@H](C)[C@H](N)CN(C)CCNCc1cccc(OC)c1,0.10406,CC[C@H](C)[C@H](N)CN(C)CC(=O)NCc1cccc(OC)c1,0.012796
NCCN(C(CCl)c1ccc(F)cc1)[C@H](CO)CN(Cc1c[nH]c2ccc(F)cc12)C12CC(C1)C2,0.980251,NCC(=O)N(C(CCl)c1ccc(F)cc1)[C@H](CO)CN(Cc1c[nH]c2ccc(F)cc12)C12CC(C1)C2,0.704506
NCCNCCCN1CCCC(Nc2cccc3cc[nH]c23)C1,0.692303,NCC(=O)NCCCN1CCCC(Nc2cccc3cc[nH]c23)C1,0.204964
C[C@@H](O)[C@H](N)CNCCc1c[nH]c2ccccc12,0.805461,C[C@@H](O)[C@H](N)C(=O)NCCc1c[nH]c2ccccc12,0.014806
C[C@H](N)CN1CC(N(c2cccc(Br)c2O)C2CNC2)C1,0.21076,C[C@H](N)C(=O)N1CC(N(c2cccc(Br)c2O)C2CNC2)C1,0.037825
Brc1ccc(N(CCCNCCc2c[nH]c3ccccc23)C[C@H]2CCCN2)cc1,0.984194,O=C(CCN(C[C@H]1CCCN1)c1ccc(Br)cc1)NCCc1c[nH]c2ccccc12,0.619577
COc1ccc(O)c(N(CCBr)C[C@@H](N)CCNC2CC2)c1,0.180194,COc1ccc(O)c(N(C[C@@H](N)CCNC2CC2)C(=O)CBr)c1,0.082105
NCCCN(C[C@H](N)CS)c1cccc2cc[nH]c12,0.14979,NCCC(=O)N(C[C@H](N)CS)c1cccc2cc[nH]c12,0.101952
COc1cccc2c1CCN(CC(CBr)N(CCN)C1CC1)C2c1c[nH]c2ccc(Br)cc12,0.999999,COc1cccc2c1CCN(CC(CBr)N(C(=O)CN)C1CC1)C2c1c[nH]c2ccc(Br)cc12,0.929691
COc1ccc(O)c(NC2CCCN(CCCNCCc3ccc(O)cc3)C2)c1,0.98722,COc1ccc(O)c(NC2CCCN(CCC(=O)NCCc3ccc(O)cc3)C2)c1,0.554797
C=CCN(CC[C@@H](N)CN1CCCCC1)c1ccnc2ccccc12,0.877191,C=CC(=O)N(CC[C@@H](N)CN1CCCCC1)c1ccnc2ccccc12,0.721728
C[C@H](C(=O)O)N(C[C@H]1CCCN1)C(CCl)c1ccc(Br)cc1,0.035847,C[C@@H](NC(CCl)c1ccc(Br)cc1)C(=O)N1CCC[C@@H]1C(=O)O,0.006447
Brc1ccc2c(CNCCCNCCc3ccccc3Br)c[nH]c2c1,0.909153,O=C(CCNCc1c[nH]c2cc(Br)ccc12)NCCc1ccccc1Br,0.146665
CC(CCl)N(C[C@H](C)NCc1cccc(F)c1N)C1CC1,0.364073,CC(CCl)N(C[C@H](C)NC(=O)c1cccc(F)c1N)C1CC1,0.270612
C[C@H](c1ccccc1)N(CCCN)C1CCCN(Cc2ccc(F)cc2)C1,0.8592,C[C@H](c1ccccc1)N(CCCN)C1CCCN(C(=O)c2ccc(F)cc2)C1,0.427673
Oc1ccc(Br)cc1NCC1CCN(C(CCl)c2ccc(F)cc2)CC1,0.846434,O=C(Nc1cc(Br)ccc1O)C1CCN(C(CCl)c2ccc(F)cc2)CC1,0.070706
COc1ccccc1CCNCCCN(Cc1c[nH]c2cc(Br)ccc12)C1CCNC1,0.996861,COc1ccccc1CCNC(=O)CCN(Cc1c[nH]c2cc(Br)ccc12)C1CCNC1,0.981175
C1CN[C@H](CNC23CC(C2)C3)C1,0.021217,O=C(NC12CC(C1)C2)[C@@H]1CCCN1,0.003893
C[C@@H](N)CN1CCC(N2CCC[C@@H]2CN(Cc2cccc(F)c2F)c2ccnc3ccccc23)CC1,0.981984,C[C@@H](N)C(=O)N1CCC(N2CCC[C@@H]2CN(Cc2cccc(F)c2F)c2ccnc3ccccc23)CC1,0.839915
C=CCN(Cc1ccc(F)cc1)[C@H](Cc1c[nH]c2ccccc12)CN1CC(CO)C1,0.923502,C=CC(=O)N(Cc1ccc(F)cc1)[C@H](Cc1c[nH]c2ccccc12)CN1CC(CO)C1,0.610517
Oc1ccc(F)cc1N(CC1CCN1)CC1CCN1Cc1ccnc(Br)c1,0.98091,O=C(C1CCN1)N(CC1CCN1Cc1ccnc(Br)c1)c1cc(F)ccc1O,0.93463
N[C@H](CCCNCCc1ccccc1)CN1CCCCC1,0.812418,N[C@H](CCC(=O)NCCc1ccccc1)CN1CCCCC1,0.200627
OC[C@@H]1CCCN1C[C@@H]1Cc2ccc(O)cc2C(c2c[nH]c3cc(Br)ccc23)N1C[C@H]1CCCN1,0.991007,O=C([C@H]1CCCN1)N1C(c2c[nH]c3cc(Br)ccc23)c2cc(O)ccc2C[C@H]1CN1CCC[C@H]1CO,0.924673
CNCCN1CCNCC1,0.014572,CNCC(=O)N1CCNCC1,0.008972
C[C@H](NC[C@@H](N)CO)C(=O)O,0.005206,C[C@H](N)C(=O)N[C@@H](CO)C(=O)O,0.001616
Oc1ccc(F)cc1N(Cc1ccc(NC2CCNCC2)c(Br)c1)C[C@@H]1CCCN1,0.821786,O=C([C@@H]1CCCN1)N(Cc1ccc(NC2CCNCC2)c(Br)c1)c1cc(F)ccc1O,0.701041
C[C@@H](CNc1cccc2cc[nH]c12)N(C[C@@H]1CCCNC1)C[C@H]1CCCN1,0.552908,C[C@@H](CN(C(=O)[C@H]1CCCN1)c1cccc2cc[nH]c12)NC[C@@H]1CCCNC1,0.173878
Cc1ccnc(Br)c1N(Cc1c[nH]c2ccc(Br)cc12)C1CCN(CC2CCN2)CC1,0.991792,Cc1ccnc(Br)c1N(Cc1c[nH]c2ccc(Br)cc12)C1CCN(C(=O)C2CCN2)CC1,0.395938
CCC1c2cccc(OC)c2CCN1C1CN(Cc2ccc(N)c(Br)c2)C1,0.999999,CCC1c2cccc(OC)c2CCN1C1CN(C(=O)c2ccc(N)c(Br)c2)C1,0.978341
CNCCN1CC(CNc2cc(F)ccc2O)C1,0.117375,CNCCN1CC(C(=O)Nc2cc(F)ccc2O)C1,0.007717
C[C@@H](N)CN(CCC[C@H](N)CNc1cc(Br)ccc1O)CCc1ccccc1,0.935562,C[C@@H](N)CN(CCC[C@H](N)C(=O)Nc1cc(Br)ccc1O)CCc1ccccc1,0.393934
Oc1c(Br)cccc1NC[C@@H]1CCCN1CCCN(CCc1ccccc1Br)CC1CCN1,0.943649,O=C(C1CCN1)N(CCCN1CCC[C@H]1CNc1cccc(Br)c1O)CCc1ccccc1Br,0.718012
COc1ccc(O)c(N(CCN)CCNCC2CCN(Cc3c[nH]c4cc(Br)ccc34)CC2)c1,0.97539,COc1ccc(O)c(N(CCNCC2CCN(Cc3c[nH]c4cc(Br)ccc34)CC2)C(=O)CN)c1,0.936221
O=C(O)c1ccc(O)c(N(CC2CCN2)CC2CCN2)c1,0.128791,O=C(O)C1CCN1C(=O)c1ccc(O)c(NCC2CCN2)c1,0.022566
C[C@H](N)CN1CCC(CNc2cc(Br)ccc2N)CC1,0.205867,C[C@H](N)CN1CCC(C(=O)Nc2cc(Br)ccc2N)CC1,0.019467
Brc1ncccc1NC[C@@H]1CCCN1Cc1c[nH]c2ccccc12,0.722024,O=C(Nc1cccnc1Br)[C@@H]1CCCN1Cc1c[nH]c2ccccc12,0.13259
CC[C@@H](CNCc1cccc(OC)c1)NCCCNCc1ccccc1CCl,0.532273,CC[C@@H](CNCc1cccc(OC)c1)NCCCNC(=O)c1ccccc1CCl,0.337858
CNCCN(CC=O)[C@H](CO)CN(CCc1c[nH]c2ccccc12)Cc1cccc(F)c1F,0.968491,CN(CCN[C@H](CO)CN(CCc1c[nH]c2ccccc12)Cc1cccc(F)c1F)C(=O)C=O,0.677823
O=C(O)CCN(Cc1c[nH]c2cc(Br)ccc12)C[C@H]1CCCN1,0.376517,O=C(O)CCN(Cc1c[nH]c2cc(Br)ccc12)C(=O)[C@H]1CCCN1,0.124334
Fc1ccc(CN(c2cccnc2Br)C2CN(C[C@@H]3CCCN3)C2)cc1,0.972449,O=C(c1ccc(F)cc1)N(c1cccnc1Br)C1CN(C[C@@H]2CCCN2)C1,0.845267
CNCCN(CCc1ccc(O)cc1)C1CCCNC1,0.938956,CNCC(=O)N(CCc1ccc(O)cc1)C1CCCNC1,0.38816
C[C@H](N)CN[C@@H](Cc1ccc(O)cc1)C(=O)O,0.195744,C[C@H](N)C(=O)N[C@@H](Cc1ccc(O)cc1)C(=O)O,0.00524
OCCCNC[C@H]1CCCN1Cc1ccc(F)cc1,0.204664,O=C(NCCCO)[C@H]1CCCN1Cc1ccc(F)cc1,0.006128
Nc1c(NC2CCN(CC3CCN3CC=O)C2)cccc1-c1cccc(F)c1F,0.753089,Nc1c(-c2cccc(F)c2F)cccc1N(C(=O)C=O)C1CCN(CC2CCN2)C1,0.766965
N[C@@H](CS)CN1CCC1CNc1ccccc1O,0.359259,N[C@@H](CS)CN1CCC1C(=O)Nc1ccccc1O,0.009471
Nc1ccc(-c2cccc(F)c2F)cc1NC[C@H]1CCCN1C[C@H]1CCCN1,0.868046,Nc1ccc(-c2cccc(F)c2F)cc1N(C[C@H]1CCCN1)C(=O)[C@H]1CCCN1,0.284242
CN(CCN1CCCC(=O)C1)C1CNC1,0.031623,CN(CC(=O)N1CCCC(=O)C1)C1CNC1,0.003456
