recorded_amine,score_amine,counterfactual_amide,score_amide
N#Cc1cc(Br)cc(NC[C@H](N)CS)c1,0.015509,N#Cc1cc(Br)cc(NC(=O)[C@H](N)CS)c1,0.000809
CN(CCCN)CCN1CC(=O)C1,0.027867,CN(CCCN)CC(=O)N1CC(=O)C1,0.008482
Cc1ccnc(Br)c1NCCC1c2cccc(Br)c2CCN1C[C@@H]1CCCN1CC=O,0.947249,Cc1ccnc(Br)c1N(CCC1c2cccc(Br)c2CCN1C[C@@H]1CCCN1)C(=O)C=O,0.757703
O=C(O)C1(NCC2CCN2)CCC1,0.009233,O=C(NC1(C(=O)O)CCC1)C1CCN1,0.001963
CC[C@@H](CNCc1ccc(O)cc1)NCC1CNC1,0.533362,CC[C@H](NCC1CNC1)C(=O)NCc1ccc(O)cc1,0.136968
N#Cc1cc(Br)cc(N(Cc2c[nH]c3cc(Br)ccc23)C2CCCN(CC3(N)CCC3)C2)c1,0.995715,N#Cc1cc(Br)cc(N(Cc2c[nH]c3cc(Br)ccc23)C2CCCN(C(=O)C3(N)CCC3)C2)c1,0.289367
Oc1ccccc1N(Cc1c[nH]c2ccc(Br)cc12)C1CCCN(C[C@@H]2CCCNC2)C1,0.999995,O=C([C@@H]1CCCNC1)N1CCCC(N(Cc2c[nH]c3ccc(Br)cc23)c2ccccc2O)C1,0.434481
Oc1ccc(Br)cc1NCCCN(CCc1c[nH]c2ccccc12)CC1CNC1,0.993553,O=C(C1CNC1)N(CCCNCCc1c[nH]c2ccccc12)c1cc(Br)ccc1O,0.972008
O=C(O)C1CCN1CC1CN(Cc2c[nH]c3cc(Br)ccc23)C1,0.168006,O=C(O)C1CCN1C(=O)C1CN(Cc2c[nH]c3cc(Br)ccc23)C1,0.067938
NCCCN1CCc2c(cccc2N2CCN(CCN)CC2)C1c1c[nH]c2ccc(Br)cc12,0.999994,NCCC(=O)N1CCc2c(cccc2N2CCN(CCN)CC2)C1c1c[nH]c2ccc(Br)cc12,0.995752
C=CCNCCCN1CCC1CNc1ccc(Br)cc1O,0.697918,C=CCNC(=O)CCN1CCC1CNc1ccc(Br)cc1O,0.260822
COc1ccc(O)c(NC[C@H]2CCCN2CC2CN(C[C@H](N)Cc3ccc(O)cc3)C2)c1,0.861659,COc1ccc(O)c(NC(=O)[C@H]2CCCN2CC2CN(C[C@H](N)Cc3ccc(O)cc3)C2)c1,0.639213
CN(CCN1CC(CNC2CC2)C1)Cc1ccc(N)c(Br)c1,0.412644,CN(CCN1CC(C(=O)NC2CC2)C1)Cc1ccc(N)c(Br)c1,0.177098
c1ccc(NCC2CCN2C2CCCNC2)nc1,0.5,O=C(Nc1ccccn1)C1CCN1C1CCCNC1,0.089799
CC(C)C[C@@H](N)CNc1cc(F)ccc1O,0.032192,CC(C)C[C@@H](N)C(=O)Nc1cc(F)ccc1O,0.001168
CC[C@H](N)CN1CCc2c(Br)cccc2C1CN(C)CC(=O)O,0.438749,CC[C@H](N)C(=O)N1CCc2c(Br)cccc2C1CN(C)CC(=O)O,0.078468
OC[C@H](CN(c1cccc(B(O)O)c1)C1CCCN(Cc2c[nH]c3ccc(Br)cc23)C1)NCCBr,0.930767,O=C(CBr)N[C@H](CO)CN(c1cccc(B(O)O)c1)C1CCCN(Cc2c[nH]c3ccc(Br)cc23)C1,0.63289
C[C@@H](N)CN1CC(N(CCc2c[nH]c3ccccc23)Cc2c[nH]c3ccccc23)C1,0.610151,C[C@@H](N)C(=O)N1CC(N(CCc2c[nH]c3ccccc23)Cc2c[nH]c3ccccc23)C1,0.52651
C=CCN(c1cc(Br)ccc1N)C1CCCN(C[C@@H]2CCCN2)C1,0.880969,C=CCN(c1cc(Br)ccc1N)C1CCCN(C(=O)[C@@H]2CCCN2)C1,0.044989
S=C=Nc1cccc(CN(CCc2ccccc2Br)C2CCN(CCCNCCc3ccccc3Br)C2)c1,0.619733,O=C(c1cccc(N=C=S)c1)N(CCCN1CCC(NCCc2ccccc2Br)C1)CCc1ccccc1Br,0.36217
CN(CCC[C@H](N)C(=O)O)CC(=O)O,0.005984,CN(CC(=O)O)C(=O)CC[C@H](N)C(=O)O,0.002149
Oc1ccc(F)cc1NCC1CCN1C[C@@H]1CCCN1,0.87436,O=C(Nc1cc(F)ccc1O)C1CCN1C[C@@H]1CCCN1,0.209334
OC[C@H](CNc1cc(Br)ccc1O)NCc1c[nH]c2ccccc12,0.131109,O=C(Nc1cc(Br)ccc1O)[C@@H](CO)NCc1c[nH]c2ccccc12,0.012781
C1CN[C@@H](CNC23CC(C2)C3)C1,0.021217,O=C(NC12CC(C1)C2)[C@H]1CCCN1,0.003893
Oc1cc(Br)ccc1NC1CN(C[C@H]2CCCN2)C1,0.398354,O=C([C@H]1CCCN1)N(c1ccc(Br)cc1O)C1CNC1,0.321658
NCCc1ccccc1N(Cc1ccc(O)cc1)CC1CCN1,0.883315,NCCc1ccccc1N(Cc1ccc(O)cc1)C(=O)C1CCN1,0.862576
NCCNCCCN1CCCC(Nc2ccccc2S)C1,0.534891,NCC(=O)NCCCN1CCCC(Nc2ccccc2S)C1,0.105313
Oc1ccc(Br)cc1NCCCNC[C@@H]1Cc2ccccc2CN1,0.968983,O=C(CCNC[C@@H]1Cc2ccccc2CN1)Nc1cc(Br)ccc1O,0.66428
C[C@@H](N)CN(CCc1ccccc1Br)C1CN(Cc2c[nH]c3ccc(Br)cc23)C1,0.995806,C[C@@H](N)C(=O)N(CCc1ccccc1Br)C1CN(Cc2c[nH]c3ccc(Br)cc23)C1,0.918208
NCCCN(CCO)CCc1ccc(OC(=O)CCNCc2c[nH]c3ccc(Br)cc23)cc1,0.991595,NCCCN(CCc1ccc(OC(=O)CCNCc2c[nH]c3ccc(Br)cc23)cc1)C(=O)CO,0.226687
Oc1ccc2c(c1)C(CCN1CCC1CNCCc1ccccc1Br)NCC2,0.999991,O=C(NCCc1ccccc1Br)C1CCN1CCC1NCCc2ccc(O)cc21,0.980158
Nc1cccnc1N1CCN(CCN(Cc2c[nH]c3ccc(Br)cc23)CC2CCN2CCBr)CC1,0.921443,Nc1cccnc1N1CCN(CCN(Cc2c[nH]c3ccc(Br)cc23)CC2CCN2C(=O)CBr)CC1,0.982235
CN(CCNCCc1ccccc1)CC1CNC1,0.408739,CN(CC(=O)NCCc1ccccc1)CC1CNC1,0.030266
Brc1ccccc1CCN(CC1CCN1)c1ncccc1I,0.112077,O=C(C1CCN1)N(CCc1ccccc1Br)c1ncccc1I,0.026737
NCCN1CCCC(N(C[C@@H]2CCCN2Cc2c[nH]c3ccc(F)cc23)c2cccc(B(O)O)c2)C1,0.993222,NCC(=O)N1CCCC(N(C[C@@H]2CCCN2Cc2c[nH]c3ccc(F)cc23)c2cccc(B(O)O)c2)C1,0.734327
Brc1ccccc1CCNC[C@@H]1CCCN1,0.517665,O=C(NCCc1ccccc1Br)[C@@H]1CCCN1,0.00687
Brc1cccc2c1CCNC2CCN1CCC1CNC12CC(C1)C2,0.909983,O=C(NC12CC(C1)C2)C1CCN1CCC1NCCc2c(Br)cccc21,0.70728
NCCCNc1cc(F)c(F)cc1O,0.06007,NCCC(=O)Nc1cc(F)c(F)cc1O,0.004865
Ic1ccc2[nH]cc(CN(CC3CCN3Cc3ccncc3)C3CC3)c2c1,0.98317,O=C(c1ccncc1)N1CCC1CN(Cc1c[nH]c2ccc(I)cc12)C1CC1,0.822431
CC[C@H](N)CN1C(C(=O)O)c2ccccc2C[C@@H]1C(=O)O,0.02759,CC[C@H](N)C(=O)N1C(C(=O)O)c2ccccc2C[C@@H]1C(=O)O,0.002976
CSCC[C@@H](N)CN(CCBr)C1CC1,0.03185,CSCC[C@@H](N)CN(C(=O)CBr)C1CC1,0.003357
NCCCN(CCCN)c1cc(F)ccc1O,0.124142,NCCCN(C(=O)CCN)c1cc(F)ccc1O,0.153596
N#Cc1ccc(O)c(NCC=O)c1,0.010936,N#Cc1ccc(O)c(NC(=O)C=O)c1,0.000543
Oc1ccc(F)cc1N(C1CCN(C[C@H]2CCCN2CCBr)CC1)C(CCl)c1ccc(Br)cc1,0.967093,O=C(CBr)N1CCC[C@@H]1CN1CCC(N(c2cc(F)ccc2O)C(CCl)c2ccc(Br)cc2)CC1,0.951245
C[C@@H](C1=NCCc2c(Br)cccc21)N(CCCN)CCCN,0.5,C[C@@H](C1=NCCc2c(Br)cccc21)N(CCCN)C(=O)CCN,0.034573
NCCCNc1ccccc1O,0.226938,NCCC(=O)Nc1ccccc1O,0.008057
C#CCN(CCCN)CC1(N)CCC1,0.042845,C#CCN(CC1(N)CCC1)C(=O)CCN,0.0057
NCCN(c1ccccc1S)C1CCCN(C[C@H]2CCCN2Cc2c[nH]c3ccc(Br)cc23)C1,0.999981,NCC(=O)N(c1ccccc1S)C1CCCN(C[C@H]2CCCN2Cc2c[nH]c3ccc(Br)cc23)C1,0.993215
C=CCN(C[C@@H](C)N)[C@@H](C)c1ccccc1,0.017699,C=CCN(C(=O)[C@@H](C)N)[C@@H](C)c1ccccc1,0.004045
COc1ccccc1CCNCC1CN(CCC(=O)O)C1,0.25548,COc1ccccc1CCNC(=O)C1CN(CCC(=O)O)C1,0.008858
NCCCN(c1c(N)cccc1Br)C1CCCNC1,0.174773,NCCC(=O)N(c1c(N)cccc1Br)C1CCCNC1,0.09136
C[C@H](O)CN1CCC(CNc2ccc(CNC3CC3)cc2Br)CC1,0.64091,C[C@H](O)CN1CCC(CNc2ccc(C(=O)NC3CC3)cc2Br)CC1,0.587489
CNCCN(c1cc(Br)ccc1O)C1CCN(C[C@@H]2CCCN2)C1,0.694563,CN(CCN(c1cc(Br)ccc1O)C1CCNC1)C(=O)[C@@H]1CCCN1,0.127421
CC(C)(CNCCc1c[nH]c2ccccc12)NC[C@H]1CCCN1,0.623349,CC(C)(NC[C@H]1CCCN1)C(=O)NCCc1c[nH]c2ccccc12,0.159267
CC[C@@H](CNCCc1c[nH]c2ccccc12)NCCCN(Cc1ccc(F)cc1)C[C@H](C)N,0.973284,CC[C@@H](CN(CCc1c[nH]c2ccccc12)C(=O)[C@H](C)N)NCCCNCc1ccc(F)cc1,0.557914
N#Cc1ccc(O)c(NC[C@@H](N)Cc2ccc(O)cc2)c1,0.291884,N#Cc1ccc(O)c(NC(=O)[C@@H](N)Cc2ccc(O)cc2)c1,0.022237
COc1ccccc1CNCCCN,0.061125,COc1ccccc1CNC(=O)CCN,0.002012
N#Cc1ccc(N(Cc2c[nH]c3cc(Br)ccc23)C2CCN(C[C@@H](N)CCN3CC(=O)C3)CC2)c(N)c1,0.957852,N#Cc1ccc(N(Cc2c[nH]c3cc(Br)ccc23)C2CCN(C[C@@H](N)CC(=O)N3CC(=O)C3)CC2)c(N)c1,0.746629
C[C@@H](CN1CCC1CNc1cccc2cc[nH]c12)NC(CCl)c1ccc(Br)cc1,0.965814,C[C@@H](CN1CCC1C(=O)Nc1cccc2cc[nH]c12)NC(CCl)c1ccc(Br)cc1,0.557
Oc1ccc(CCN(CCNC2CC2)C[C@H]2CCCN2)cc1,0.820265,O=C([C@H]1CCCN1)N(CCNC1CC1)CCc1ccc(O)cc1,0.115566
CNCCN(c1ccccc1O)C(C)CCl,0.02898,CNCC(=O)N(c1ccccc1O)C(C)CCl,0.009902
NCCN(CCN)Cc1ccc(O)cc1,0.274487,NCCN(Cc1ccc(O)cc1)C(=O)CN,0.186952
Nc1ccc(CN(CC2CNC2)c2cc(Br)ccc2O)cc1Br,0.844588,Nc1ccc(CN(C(=O)C2CNC2)c2cc(Br)ccc2O)cc1Br,0.76737
CN(CCN(CCCN)c1cccc(Br)c1O)C[C@H]1CCCN1,0.577633,CN(CCN(C(=O)CCN)c1cccc(Br)c1O)C[C@H]1CCCN1,0.803487
CNCCN(CC1CCN1)[C@H](C)CNCCc1ccccc1OC,0.431483,CNCCN(C(=O)C1CCN1)[C@H](C)CNCCc1ccccc1OC,0.056178
NCCN[C@@H](CCNc1ccc(Br)cc1)CNCCc1ccncc1,0.702484,NCCN[C@@H](CCNc1ccc(Br)cc1)C(=O)NCCc1ccncc1,0.163348
CC[C@H](C)[C@@H](N)CN1CC(=O)C1,0.010678,CC[C@H](C)[C@@H](N)C(=O)N1CC(=O)C1,0.001342
C[C@H](N)CN1CCC[C@@H]1CN(C[C@H](N)Cc1ccc(O)cc1)c1cccc2cc[nH]c12,0.980471,C[C@H](N)C(=O)N1CCC[C@@H]1CN(C[C@H](N)Cc1ccc(O)cc1)c1cccc2cc[nH]c12,0.221708
COc1ccccc1CCNCCCN1CC(Nc2ccccc2O)C1,0.984185,COc1ccccc1CCNC(=O)CCN1CC(Nc2ccccc2O)C1,0.187801
O=C(O)C1CN(CC2CCN2)C1,0.019094,O=C(O)C1CCN1C(=O)C1CNC1,0.0044
CC(C)C[C@H](N)CN(C)CCNCCc1c[nH]c2ccccc12,0.739203,CC(C)C[C@H](N)CN(C)CC(=O)NCCc1c[nH]c2ccccc12,0.166882
O=C(CBr)CNc1cc(Br)ccc1O,0.003504,O=C(CBr)C(=O)Nc1cc(Br)ccc1O,0.000248
CN(CC(=O)Oc1ccc(CCN)cc1)C(CBr)CNc1cc(F)ccc1O,0.813281,CN(CC(=O)Oc1ccc(CCN)cc1)C(CBr)C(=O)Nc1cc(F)ccc1O,0.100741
Brc1ccccc1CCNCCCN(CCc1c[nH]c2ccccc12)C[C@H]1CCCN1,0.982371,O=C(CCN(CCc1c[nH]c2ccccc12)C[C@H]1CCCN1)NCCc1ccccc1Br,0.94373
CC[C@H](NCC1(N)CCC1)C(=O)OCCN,0.003339,CC[C@H](N)C(=O)OCCNC(=O)C1(N)CCC1,0.000788
CNCCN(CCCN(CCCN)c1c(C)ccnc1Br)Cc1c[nH]c2cc(Br)ccc12,0.94541,CNCCN(CCCN(C(=O)CCN)c1c(C)ccnc1Br)Cc1c[nH]c2cc(Br)ccc12,0.89437
CN(CCNc1cc(Br)ccc1O)Cc1c[nH]c2ccc(C#N)cc12,0.847269,CN(CC(=O)Nc1cc(Br)ccc1O)Cc1c[nH]c2ccc(C#N)cc12,0.163122
O=C1CCN(C[C@@H]2CCCNC2)C1,0.025992,O=C1CCN(C(=O)[C@@H]2CCCNC2)C1,0.002977
Oc1c(N2CCC[C@H](O)C2)cccc1N(Cc1c[nH]c2cc(Br)ccc12)C[C@H]1CCCN1,0.908997,O=C([C@H]1CCCN1)N(Cc1c[nH]c2cc(Br)ccc12)c1cccc(N2CCC[C@H](O)C2)c1O,0.938587
CNCCN(C[C@H](C)NCC=O)c1ccccc1S,0.062256,CNCC(=O)N(CC=O)[C@@H](C)CNc1ccccc1S,0.005392
CN(CCNCCc1c[nH]c2ccccc12)C1CCCN(Cc2cccc(F)c2F)C1,0.993198,CN(CCN(CCc1c[nH]c2ccccc12)C(=O)c1cccc(F)c1F)C1CCCNC1,0.965147
N#Cc1cc(N)cc(NCCCNC2CCC2)c1,0.084116,N#Cc1cc(N)cc(NCCC(=O)NC2CCC2)c1,0.007814
COc1ccccc1CCNCC[C@H](C(=O)O)N(CCCN)C1CCC1,0.356617,COc1ccccc1CCNC(=O)C[C@H](C(=O)O)N(CCCN)C1CCC1,0.02723
NCCCN(c1cccc(Br)c1N)C1CCCN(CCN)C1,0.601158,NCCCN(c1cccc(Br)c1N)C1CCCN(C(=O)CN)C1,0.017313
C[C@H](N)CN[C@H](Cc1c[nH]c2ccccc12)CN1CCCC(=O)C1,0.67304,C[C@H](N)CN[C@H](Cc1c[nH]c2ccccc12)C(=O)N1CCCC(=O)C1,0.030802
NCCNC1(CNCC(=O)O)CCC1,0.012523,NCC(=O)NCCNC1(C(=O)O)CCC1,0.002698
Brc1ccc2[nH]cc(CN3CCC(N4CCC[C@H]4CNc4cccnc4Br)C3)c2c1,0.968724,O=C(Nc1cccnc1Br)[C@@H]1CCCN1C1CCN(Cc2c[nH]c3ccc(Br)cc23)C1,0.931522
O=C(O)[C@@H]1CCCN1CCNc1ccc(B(O)O)cc1,0.013919,O=C(O)CN(C(=O)[C@@H]1CCCN1)c1ccc(B(O)O)cc1,0.007394
NCCCN1CC(CN(CC2CCN2Cc2c[nH]c3cc(Br)ccc23)c2c(N)cccc2Br)C1,0.986272,NCCC(=O)N1CC(CN(CC2CCN2Cc2c[nH]c3cc(Br)ccc23)c2c(N)cccc2Br)C1,0.894125
COc1ccccc1CCN(C[C@@H](N)CCC(=O)O)C1CCNCC1,0.399614,COc1ccccc1CCN(C(=O)CC[C@H](N)C(=O)O)C1CCNCC1,0.009788
CNCCN1CCC(CN2CC(CN(Cc3c[nH]c4ccc(Br)cc34)c3ccccc3S)C2)CC1,0.957684,CNCC(=O)N1CCC(CN2CC(CN(Cc3c[nH]c4ccc(Br)cc34)c3ccccc3S)C2)CC1,0.823833
CNCCNc1cc(F)ccc1O,0.118194,CNCC(=O)Nc1cc(F)ccc1O,0.017897
NCCCN(c1ccc(CNCCc2ccccc2Br)cc1Br)C1CNC1,0.943636,NCCCN(c1ccc(C(=O)NCCc2ccccc2Br)cc1Br)C1CNC1,0.880267
NCCCN1CCC[C@H]1C(=O)Oc1ccc(CN)cc1,0.145531,NCCC(=O)N1CCC[C@H]1C(=O)Oc1ccc(CN)cc1,0.000474
ClCC(NCCc1ccccc1N1CCC1CN(CCBr)C1CC1)c1ccc(Br)cc1,0.992696,O=C(CBr)N(CC1CCN1c1ccccc1CCNC(CCl)c1ccc(Br)cc1)C1CC1,0.399174
O=C1CCN(C[C@@H]2CCCN2)C1,0.031199,O=C1CCN(C(=O)[C@@H]2CCCN2)C1,0.003374
CC[C@@H](CNc1ccc(Br)cc1)N1CC2NCCc3ccc(O)c(c32)C1c1ccccc1,0.761475,CC[C@@H](C(=O)Nc1ccc(Br)cc1)N1CC2NCCc3ccc(O)c(c32)C1c1ccccc1,0.246352
C#Cc1ccc(O)c(NC[C@H]2CCCN2)c1,0.376508,C#Cc1ccc(O)c(NC(=O)[C@H]2CCCN2)c1,0.046874
COc1ccc(O)c(NCC[C@H](NCC2CCNCC2)C(=O)O)c1,0.090474,COc1ccc(O)c(NC(=O)C[C@H](NCC2CCNCC2)C(=O)O)c1,0.018854
O=C1CCN(CC2N[C@H](C(=O)O)Cc3ccc(O)cc32)C1,0.430501,O=C1CCN(C(=O)C2N[C@H](C(=O)O)Cc3ccc(O)cc32)C1,0.036034
C[C@H](CN(Cc1c[nH]c2ccc(F)cc12)c1cc(Br)ccc1O)NC1CN(CCN)C1,0.990539,C[C@H](CN(Cc1c[nH]c2ccc(F)cc12)c1cc(Br)ccc1O)N(C(=O)CN)C1CNC1,0.677153
Oc1cc(F)c(F)cc1NC[C@@H]1CCCN1Cc1cccc(Br)c1,0.779024,O=C(Nc1cc(F)c(F)cc1O)[C@@H]1CCCN1Cc1cccc(Br)c1,0.097835
Nc1cccc(Br)c1N(CC[C@H](N)CN1CCC[C@@H]1CO)C1CCN(Cc2c[nH]c3cc(Br)ccc23)C1,0.983552,Nc1cccc(Br)c1N(CC[C@H](N)C(=O)N1CCC[C@@H]1CO)C1CCN(Cc2c[nH]c3cc(Br)ccc23)C1,0.866817
Brc1ccc2[nH]cc(C3c4cccc(Br)c4CCN3C3CN(C[C@H]4CCCN4)C3)c2c1,0.999994,O=C([C@H]1CCCN1)N1CC(N2CCc3c(Br)cccc3C2c2c[nH]c3ccc(Br)cc23)C1,0.975483
CN(CCO)CCN(CCc1ccccc1Cl)Cc1c[nH]c2ccc(Br)cc12,0.981417,CN(CCN(CCc1ccccc1Cl)Cc1c[nH]c2ccc(Br)cc12)C(=O)CO,0.910969
CC[C@H](N)CN(CC(=O)O)Cc1cccnc1,0.00618,CC[C@H](N)CN(CC(=O)O)C(=O)c1cccnc1,0.001676
NCCN1CCC1CN(c1ccccc1S)C1CN(Cc2c[nH]c3ccc(Br)cc23)C1,0.999998,NCC(=O)N1CCC1CN(c1ccccc1S)C1CN(Cc2c[nH]c3ccc(Br)cc23)C1,0.977922
CC[C@H](NC[C@H](N)CS)C(=O)O,0.005664,CC[C@H](N)C(=O)N[C@H](CS)C(=O)O,0.001428
CNCCN(CCNc1ccccc1O)C[C@H]1CCCN1,0.276981,CN(CCNCCNc1ccccc1O)C(=O)[C@H]1CCCN1,0.063435
CNCCN1CCC[C@H](CNCCc2ccccc2Br)C1,0.768396,CNCCN1CCC[C@H](C(=O)NCCc2ccccc2Br)C1,0.080887
C[C@H](N)CNc1c(N)cccc1Br,0.02293,C[C@H](N)C(=O)Nc1c(N)cccc1Br,0.001736
Brc1cccc(CNCCCNC23CC(C2)C3)c1,0.115072,O=C(CCNCc1cccc(Br)c1)NC12CC(C1)C2,0.00597
O=CCCNCCN1CCNCC1,0.00988,O=CCCNCC(=O)N1CCNCC1,0.005088
NCCCN(C[C@@H]1CCCN1Cc1cccc(Br)c1)c1ccnc2ccccc12,0.970294,NCCC(=O)N(C[C@@H]1CCCN1Cc1cccc(Br)c1)c1ccnc2ccccc12,0.83246
Oc1ccccc1N(C[C@@H]1CCCN1CCBr)C1CCNCC1,0.618281,O=C(CBr)N1CCC(N(C[C@@H]2CCCN2)c2ccccc2O)CC1,0.036371
Oc1cc(Br)ccc1N(Cc1c[nH]c2ccc(Br)cc12)CC1CCN1C1CN(CC2CNC2)C1,0.995909,O=C(C1CNC1)N1CC(N2CCC2CN(Cc2c[nH]c3ccc(Br)cc23)c2ccc(Br)cc2O)C1,0.955859
CN(CC(=O)O)C[C@@H](N)c1ccccc1,0.009089,CN(CC(=O)O)C(=O)[C@@H](N)c1ccccc1,0.0007
C#CCN(CCCN)C[C@H](CC)Nc1cncc(O)c1,0.441568,C#CCN(C[C@H](CC)Nc1cncc(O)c1)C(=O)CCN,0.049819
N[C@@H](CNCCc1ccc(O)cc1)Cc1c[nH]c2ccccc12,0.939099,N[C@H](Cc1c[nH]c2ccccc12)C(=O)NCCc1ccc(O)cc1,0.065507
C[C@H](N)CNCCCNCCc1ccccc1Br,0.397928,C[C@H](N)C(=O)NCCCNCCc1ccccc1Br,0.059718
NCCCNC1(CN2CCCCC2)CCC1,0.02759,NCCCNC1(C(=O)N2CCCCC2)CCC1,0.001995
C[C@@H](CNCCc1ccccc1)NCC1CNC1,0.382586,C[C@H](NCC1CNC1)C(=O)NCCc1ccccc1,0.035708
CN(CCN1CCC(=O)C1)C(CCl)c1ccc(F)cc1F,0.073928,CN(CC(=O)N1CCC(=O)C1)C(CCl)c1ccc(F)cc1F,0.022119
Nc1ccc(Br)cc1NC[C@H](N)CS,0.022946,Nc1cc(Br)ccc1NC(=O)[C@H](N)CS,0.001123
CN(CCN1CCCC(=O)C1)CC1CCN1,0.040523,CN(CC(=O)N1CCCC(=O)C1)CC1CCN1,0.005105
CC[C@H](N)CN[C@@H](CC)CN(CCCN)CCc1ccc(O)cc1,0.728956,CC[C@@H](CN(CCCN)CCc1ccc(O)cc1)NC(=O)[C@@H](N)CC,0.429794
Oc1ccc(F)cc1NC[C@@H]1CCCN1Cc1cccc(F)c1F,0.667876,O=C(c1cccc(F)c1F)N(C[C@@H]1CCCN1)c1cc(F)ccc1O,0.392533
C[C@@H](N)CN(c1ccc(Br)cc1NC[C@@H]1CCCN1Cc1c[nH]c2cc(Br)ccc12)C1CCNCC1,0.901948,C[C@@H](N)C(=O)N(C[C@@H]1CCCN1Cc1c[nH]c2cc(Br)ccc12)c1cc(Br)ccc1NC1CCNCC1,0.845978
CNCCN1CC(N2CCCC(N(Cc3ccc(O)c(N)c3)c3cc(C#N)ccc3O)C2)C1,0.850348,CNCC(=O)N1CC(N2CCCC(N(Cc3ccc(O)c(N)c3)c3cc(C#N)ccc3O)C2)C1,0.720261
N#Cc1ccc(N(Cc2c[nH]c3ccc(Br)cc23)C[C@@H]2CCCN2CCBr)c(N)c1,0.995448,N#Cc1ccc(N(Cc2c[nH]c3ccc(Br)cc23)C[C@@H]2CCCN2C(=O)CBr)c(N)c1,0.348481
C#CCNCCNc1cc(F)ccc1O,0.186138,C#CCNC(=O)CNc1cc(F)ccc1O,0.006327
Nc1ccc(CN2CCC[C@@H]2CNc2cc(F)ccc2O)cc1Br,0.84266,Nc1ccc(C(=O)N(C[C@H]2CCCN2)c2cc(F)ccc2O)cc1Br,0.61738
NC1(CN(C[C@H]2CCCN2)c2ccnc3ccccc23)CCC1,0.278808,NC1(CN(C(=O)[C@H]2CCCN2)c2ccnc3ccccc23)CCC1,0.108778
N#Cc1cc(Br)cc(NCCCN(CCN)CCc2ccccc2)c1,0.974671,N#Cc1cc(Br)cc(NC(=O)CCN(CCN)CCc2ccccc2)c1,0.25507
Nc1cc(Br)ccc1N(CC1CCN1C[C@@H]1CCCN1)C(CCl)c1ccc(F)cc1,0.991907,Nc1cc(Br)ccc1N(CC1CCN1C(=O)[C@@H]1CCCN1)C(CCl)c1ccc(F)cc1,0.404849
COc1ccccc1CN(CCN)Cc1c(N)cccc1Br,0.190935,COc1ccccc1CN(CCN)C(=O)c1c(N)cccc1Br,0.0178
CC[C@@H](CN1CCc2c(Br)cccc2C1C(=O)O)N(CCBr)Cc1c[nH]c2ccc(C#N)cc12,0.960528,CC[C@@H](CN1CCc2c(Br)cccc2C1C(=O)O)N(Cc1c[nH]c2ccc(C#N)cc12)C(=O)CBr,0.672369
NCCCN(C[C@H]1CCCN1)c1cc(F)ccc1O,0.267239,NCCCN(C(=O)[C@H]1CCCN1)c1cc(F)ccc1O,0.397448
COc1ccccc1CCN(CCN(C)Cc1ccc(F)cc1)C1CN(c2ccccc2CCN)C1,0.925398,COc1ccccc1CCN(CCN(C)C(=O)c1ccc(F)cc1)C1CN(c2ccccc2CCN)C1,0.698344
C=CCNCc1cccc(F)c1NCC1CCN1,0.155726,C=CCNC(=O)c1cccc(F)c1NCC1CCN1,0.044215
Oc1ccc2[nH]cc(CCNC[C@@H]3CCCN3Cc3ccc(NC[C@H]4CCCN4)c(Br)c3)c2c1,0.941124,O=C(NCCc1c[nH]c2ccc(O)cc12)[C@@H]1CCCN1Cc1ccc(NC[C@H]2CCCN2)c(Br)c1,0.902857
Nc1cccc(N2CCC[C@@H]2CNC2CC2)c1O,0.128569,Nc1cccc(N2CCC[C@@H]2C(=O)NC2CC2)c1O,0.011721
NCCCN1CC(N(c2ccc(Br)cc2O)C2CCNC2)C1,0.611482,NCCC(=O)N1CC(N(c2ccc(Br)cc2O)C2CCNC2)C1,0.084875
Brc1ccc(NC[C@H]2CCCN2Cc2ccc(C3c4cccc(Br)c4CCN3CC3CCN3)cc2)cc1,0.844445,O=C(Nc1ccc(Br)cc1)[C@H]1CCCN1Cc1ccc(C2c3cccc(Br)c3CCN2CC2CCN2)cc1,0.75163
Fc1ccc(CN[C@H](CS)CN(CCc2c[nH]c3ccccc23)C2CNC2)cc1,0.995698,O=C(N[C@H](CS)CN(CCc1c[nH]c2ccccc12)C1CNC1)c1ccc(F)cc1,0.988494
Nc1ccc(CN2CCC[C@H]2CN2CCC[C@H]2CNCCc2ccc(O)cc2)cc1Br,0.977451,Nc1ccc(CN2CCC[C@H]2CN2CCC[C@H]2C(=O)NCCc2ccc(O)cc2)cc1Br,0.869358
NCCCN1CC(CN2CCC2C(=O)O)C1,0.027376,NCCCN1CC(C(=O)N2CCC2C(=O)O)C1,0.013417
C[C@@H](N)CNCC(=O)O,0.005452,C[C@@H](N)C(=O)NCC(=O)O,0.002128
COc1ccccc1CCN(Cc1ccccc1N)C[C@H]1CCCN1,0.934729,COc1ccccc1CCN(Cc1ccccc1N)C(=O)[C@H]1CCCN1,0.199297
CNCCN[C@H](C)CNCCc1ccccc1Br,0.339883,CNCC(=O)N[C@H](C)CNCCc1ccccc1Br,0.108316
CN(CC(=O)O)C1CCN(CCCN)C1,0.036938,CN(CC(=O)O)C1CCN(C(=O)CCN)C1,0.00606
NCCCN1CC(CN(Cc2ccc(F)cc2)Cc2ccccc2O)C1,0.93865,NCCCN1CC(CN(Cc2ccccc2O)C(=O)c2ccc(F)cc2)C1,0.845148
CC(C)CNCCN1CCC1C(=O)Oc1ccc(CN)cc1,0.054186,CC(C)CNC(=O)CN1CCC1C(=O)Oc1ccc(CN)cc1,0.007114
Oc1ccc(F)cc1N(CC1CCN1)CC1(N(Cc2c[nH]c3ccc(F)cc23)CC2CCNCC2)CCC1,0.59307,O=C(C1CCN1)N(CC1(N(Cc2c[nH]c3ccc(F)cc23)CC2CCNCC2)CCC1)c1cc(F)ccc1O,0.45338
CNCCN1CCC[C@H]1CNc1cc(Br)ccc1N,0.369966,CNCCN1CCC[C@H]1C(=O)Nc1cc(Br)ccc1N,0.05731
CNCCNCCNc1ccccc1O,0.466361,CNCCNCC(=O)Nc1ccccc1O,0.13128
N#Cc1ccc(NC[C@H]2CCCN2CC2CCN2)c(N)c1,0.797196,N#Cc1ccc(N)c(NC(=O)[C@H]2CCCN2CC2CCN2)c1,0.299677
O=C(O)[C@H]1CCCN1CC1CNC1,0.015767,O=C(O)C1CN(C(=O)[C@H]2CCCN2)C1,0.003677
COc1ccccc1CCNCC[C@@H](N)CN1CCC[C@H]1CNCc1ccccc1OC,0.885693,COc1ccccc1CCNC(=O)C[C@@H](N)CN1CCC[C@H]1CNCc1ccccc1OC,0.551507
ClCC(c1ccc(Br)cc1)N1CC(CNC2CC2)C1,0.151623,O=C(NC1CC1)C1CN(C(CCl)c2ccc(Br)cc2)C1,0.016471
N#Cc1ccc(N)c(N(CCN)CCCN(Cc2c[nH]c3cc(Br)ccc23)C2CCNCC2)c1,0.970555,N#Cc1ccc(N)c(N(CCCN(Cc2c[nH]c3cc(Br)ccc23)C2CCNCC2)C(=O)CN)c1,0.906037
CN(CCNc1cc(F)ccc1O)C[C@@H]1CCCN1Cc1c[nH]c2ccc(Br)cc12,0.989289,CN(CC(=O)Nc1cc(F)ccc1O)C[C@@H]1CCCN1Cc1c[nH]c2ccc(Br)cc12,0.92345
NCCC[C@H](N)CNCCCN1CCC(NCCc2c[nH]c3ccccc23)C1,0.598862,NCCC[C@H](N)C(=O)NCCCN1CCC(NCCc2c[nH]c3ccccc23)C1,0.569081
CC[C@H](N)CN1CCC(CNc2cccc(Br)c2O)CC1,0.372629,CC[C@H](N)CN1CCC(C(=O)Nc2cccc(Br)c2O)CC1,0.064046
C#CCN(Cc1ccc(F)cc1)Cc1cccc(F)c1N,0.308408,C#CCN(Cc1ccc(F)cc1)C(=O)c1cccc(F)c1N,0.009704
O=C(O)C1CCN1C[C@@H]1Cc2ccc(O)cc2C(c2c[nH]c3ccc(Br)cc23)N1C1CCN(C2CCC2)C1,0.934251,O=C(O)C1CCN1C(=O)[C@@H]1Cc2ccc(O)cc2C(c2c[nH]c3ccc(Br)cc23)N1C1CCN(C2CCC2)C1,0.906273
Fc1ccc(C(CCl)N2CCC(CN3CCC[C@H]3CNc3cccc4cc[nH]c34)CC2)cc1,0.990856,O=C(Nc1cccc2cc[nH]c12)[C@@H]1CCCN1CC1CCN(C(CCl)c2ccc(F)cc2)CC1,0.963313
C#CCN(CCBr)CCC[C@@H](CNCCc1ccccc1Br)NCc1c[nH]c2cc(Br)ccc12,0.983298,C#CCN(CCC[C@@H](CNCCc1ccccc1Br)NCc1c[nH]c2cc(Br)ccc12)C(=O)CBr,0.467275
NCCCCNC[C@H]1CCCN1,0.03246,NCCCCNC(=O)[C@H]1CCCN1,0.006535
CNCCNc1cc(OC)ccc1O,0.120697,CNCC(=O)Nc1cc(OC)ccc1O,0.014346
NCCNC1(CN(c2cc(F)ccc2O)C2CN(Cc3c[nH]c4ccc(F)cc34)C2)CCC1,0.995911,NCC(=O)NC1(CN(c2cc(F)ccc2O)C2CN(Cc3c[nH]c4ccc(F)cc34)C2)CCC1,0.972126
C[C@@H](N)CNCCCN(C)CCNCCc1c[nH]c2ccccc12,0.762536,C[C@@H](N)C(=O)NCCCN(C)CCNCCc1c[nH]c2ccccc12,0.653025
C=CCN(c1ccc(Br)cc1O)C1CCN(C[C@@H]2CCCN2)CC1,0.867291,C=CCN(c1ccc(Br)cc1O)C1CCN(C(=O)[C@@H]2CCCN2)CC1,0.071561
NCCN(CC1CNC1)c1ccc(Br)cc1O,0.204328,NCC(=O)N(CC1CNC1)c1ccc(Br)cc1O,0.117774
C[C@H](N)CN(CCNc1cccc(Br)c1O)C1CCNC1,0.334811,C[C@H](N)C(=O)N(CCNC1CCNC1)c1cccc(Br)c1O,0.177646
COc1ccccc1CCNCC1CCN1C[C@H](CO)N(Cc1c[nH]c2ccc(Br)cc12)C[C@H](C)N,0.983174,COc1ccccc1CCNC(=O)C1CCN1C[C@H](CO)N(Cc1c[nH]c2ccc(Br)cc12)C[C@H](C)N,0.896298
NCCN(CCc1c[nH]c2ccccc12)C[C@H]1CCCN1CC1CCN1c1ccc(C(=O)CCl)cc1,0.979351,NCC(=O)N(CCc1c[nH]c2ccccc12)C[C@H]1CCCN1CC1CCN1c1ccc(C(=O)CCl)cc1,0.761092
COc1ccc(N)c(N(CCN(C)CCCN)Cc2c[nH]c3ccc(Br)cc23)c1,0.987532,COc1ccc(N)c(N(CCN(C)C(=O)CCN)Cc2c[nH]c3ccc(Br)cc23)c1,0.375181
COc1ccccc1CCN(Cc1c[nH]c2cc(Br)ccc12)C[C@H](CCCN)N(CCBr)C1CNC1,0.990081,COc1ccccc1CCN(Cc1c[nH]c2cc(Br)ccc12)C[C@H](CCCN)N(C(=O)CBr)C1CNC1,0.829561
Nc1ccc(CN2CCC[C@H]2CO)cc1Br,0.073243,Nc1ccc(C(=O)N2CCC[C@H]2CO)cc1Br,0.001798
O=C(O)C1(NC[C@@H]2CCCN2)CCC1,0.009444,O=C(NC1(C(=O)O)CCC1)[C@@H]1CCCN1,0.002146
N[C@@H](CCNCCc1ccccc1Br)CN1CCCC(=O)C1,0.622753,N[C@@H](CC(=O)NCCc1ccccc1Br)CN1CCCC(=O)C1,0.070613
CC[C@H](N)CN1CCC[C@@H]1CNC1CC1,0.073106,CC[C@H](N)CN1CCC[C@@H]1C(=O)NC1CC1,0.021412
CC[C@H](C)[C@H](N)CN1CC(C(=O)O)C1,0.012394,CC[C@H](C)[C@H](N)C(=O)N1CC(C(=O)O)C1,0.00193
COc1cccc2c1CCN(C[C@@H](CO)NCC1CNC1)C2c1c[nH]c2cc(Br)ccc12,0.991965,COc1cccc2c1CCN(C[C@@H](CO)NC(=O)C1CNC1)C2c1c[nH]c2cc(Br)ccc12,0.975483
Fc1ccc(C(CCl)N2CCC(N(CC3CCN3)c3ccc(Br)cc3)CC2)c(F)c1,0.983871,O=C(C1CCN1)N(c1ccc(Br)cc1)C1CCN(C(CCl)c2ccc(F)cc2F)CC1,0.848475
C=CCN(C[C@H]1CCCN1CCCN)c1ncc(Br)cc1C,0.667736,C=CCN(C[C@H]1CCCN1C(=O)CCN)c1ncc(Br)cc1C,0.033573
COc1cccc2c1CCN(CC1CCN1)C2c1cncc(Br)c1,0.994319,COc1cccc2c1CCN(C(=O)C1CCN1)C2c1cncc(Br)c1,0.391484
C=CCNCCN(CCC)CCc1ccccc1OC,0.632832,C=CCNC(=O)CN(CCC)CCc1ccccc1OC,0.144031
NCCCN1CCC[C@H]1CN(c1ccc(Br)cc1O)C1CCN(Cc2c[nH]c3cc(Br)ccc23)C1,0.994939,NCCC(=O)N1CCC[C@H]1CN(c1ccc(Br)cc1O)C1CCN(Cc2c[nH]c3cc(Br)ccc23)C1,0.915816
C=CCN(CCc1ccccc1N1CCN(Cc2cccc(Br)c2)CC1)Cc1ccnc(Br)c1,0.995732,C=CC(=O)N(CCc1ccccc1N1CCN(Cc2cccc(Br)c2)CC1)Cc1ccnc(Br)c1,0.97975
CC[C@H](N)CNCCNc1ccccc1O,0.401435,CC[C@H](N)CNCC(=O)Nc1ccccc1O,0.064182
C=CCN1CC(N(CCBr)c2cccc(Br)c2N)C1,0.027157,C=CCN1CC(N(C(=O)CBr)c2cccc(Br)c2N)C1,0.022416
O=Cc1c[nH]c2cc(N3CCCC(NCCCCN(CC(=O)CBr)C(CCl)c4ccc(Br)cc4)C3)ccc12,0.830624,O=Cc1c[nH]c2cc(N3CCCC(N(CCCCNC(CCl)c4ccc(Br)cc4)C(=O)C(=O)CBr)C3)ccc12,0.120248
Brc1ccc2[nH]cc(CN(C[C@H]3CCCN3CC3CCN3)C3CC3)c2c1,0.973663,O=C(C1CCN1)N1CCC[C@@H]1CN(Cc1c[nH]c2ccc(Br)cc12)C1CC1,0.666857
Nc1ccc(CNCCc2c[nH]c3ccccc23)cc1O,0.256081,Nc1ccc(C(=O)NCCc2c[nH]c3ccccc23)cc1O,0.011606
Oc1ccc(C[C@H](CN2CCC2CNCCc2c[nH]c3ccc(O)cc23)NC2CNC2)cc1,0.965073,O=C(NCCc1c[nH]c2ccc(O)cc12)C1CCN1C[C@@H](Cc1ccc(O)cc1)NC1CNC1,0.963007
COc1ccc(O)c(N(Cc2c[nH]c3cc(Br)ccc23)C2CN(C[C@@H](C)NCC3CCN3)C2)c1,0.99034,COc1ccc(O)c(N(Cc2c[nH]c3cc(Br)ccc23)C2CN(C[C@@H](C)NC(=O)C3CCN3)C2)c1,0.972201
O=C(O)C1(NCC2CNC2)CCC1,0.010103,O=C(NC1(C(=O)O)CCC1)C1CNC1,0.002121
NCCN1CCC1CN(CC1CCN1)c1cccc(Br)c1O,0.580323,NCCN1CCC1CN(C(=O)C1CCN1)c1cccc(Br)c1O,0.84724
N[C@H](CS)CN1CCC1CN1CCCC(=O)C1,0.023848,N[C@H](CS)CN1CCC1C(=O)N1CCCC(=O)C1,0.003794
Oc1ccc(CNCC2CCN2C[C@@H]2CCCN2Cc2c[nH]c3cc(Br)ccc23)cc1,0.999995,O=C(NCc1ccc(O)cc1)C1CCN1C[C@@H]1CCCN1Cc1c[nH]c2cc(Br)ccc12,0.984661
OCCN1CCC(N(CC2CCN2C(CCl)c2ccc(Br)cc2)c2ccc(Br)cc2O)C1,0.991612,O=C(CO)N1CCC(N(CC2CCN2C(CCl)c2ccc(Br)cc2)c2ccc(Br)cc2O)C1,0.823226
NCCCN1CC(=O)C1,0.012654,NCCC(=O)N1CC(=O)C1,0.002882
O=C(CBr)CN1CCCC(N2CC(N(Cc3c[nH]c4ccc(Br)cc34)c3cc(Br)ccc3O)C2)C1,0.98916,O=C(CBr)C(=O)N1CCCC(N2CC(N(Cc3c[nH]c4ccc(Br)cc34)c3cc(Br)ccc3O)C2)C1,0.846559
Nc1c(F)cccc1CN[C@@H](Cc1ccc(O)cc1)CN1CCC1CNCCc1ccc(O)cc1,0.681627,Nc1c(F)cccc1C(=O)N[C@@H](Cc1ccc(O)cc1)CN1CCC1CNCCc1ccc(O)cc1,0.560057
Oc1ccc(CCNC[C@@H]2C[C@@H](O)CN2)cc1,0.865122,O=C(NCCc1ccc(O)cc1)[C@@H]1C[C@@H](O)CN1,0.063817
NCCCN(CCc1ccccc1Br)C(CCl)c1ccc(F)cc1F,0.833122,NCCC(=O)N(CCc1ccccc1Br)C(CCl)c1ccc(F)cc1F,0.043198
C[C@H](c1ccccc1)N(C[C@H]1CCCN1)C[C@@H](C)N,0.190486,C[C@@H](N)C(=O)N1CCC[C@@H]1CN[C@H](C)c1ccccc1,0.012553
COc1cccc(CN(CCNCC2CCN2)CCNc2cccc3cc[nH]c23)c1,0.934727,COc1cccc(CN(CCNCC2CCN2)CC(=O)Nc2cccc3cc[nH]c23)c1,0.663251
NCCN1CCc2ccc(O)cc2C1CN1CC(Nc2cccc3cc[nH]c23)C1,0.961999,NCC(=O)N(c1cccc2cc[nH]c12)C1CN(CC2NCCc3ccc(O)cc32)C1,0.959503
C=CCNC[C@@H]1CCCN1C[C@H](C)N(Cc1cccc(Br)c1)Cc1c[nH]c2ccc(Br)cc12,0.991486,C=CCNC(=O)[C@@H]1CCCN1C[C@H](C)N(Cc1cccc(Br)c1)Cc1c[nH]c2ccc(Br)cc12,0.967786
Brc1ccc(NC[C@@H]2CCCNC2)cc1,0.081033,O=C(Nc1ccc(Br)cc1)[C@@H]1CCCNC1,0.002792
Cc1cc(Br)cnc1NCCCNc1ccc(Br)cc1O,0.07693,Cc1cc(Br)cnc1NC(=O)CCNc1ccc(Br)cc1O,0.006499
c1cc(CCNCC2CCN2)ccn1,0.422911,O=C(NCCc1ccncc1)C1CCN1,0.017809
C=CCN(CCN(C)C1CCCNC1)Cc1cccc(F)c1F,0.205206,C=CCN(CCN(C)C1CCCNC1)C(=O)c1cccc(F)c1F,0.145516
O=C(O)C1CCN1Cc1cccc(F)c1F,0.001232,O=C(O)C1CCN1C(=O)c1cccc(F)c1F,0.000201
Oc1ccccc1NCCCNC1CC1,0.39876,O=C(CCNC1CC1)Nc1ccccc1O,0.017198
N[C@@H](CO)CN1CC(N2CCCCC2)C1,0.0287,N[C@@H](CO)C(=O)N1CC(N2CCCCC2)C1,0.009711
NCCCN(C[C@H]1CCCN1Cc1c[nH]c2cc(Br)ccc12)c1ccccc1O,0.996218,NCCC(=O)N(C[C@H]1CCCN1Cc1c[nH]c2cc(Br)ccc12)c1ccccc1O,0.992599
CN(CCN1CCC(C(=O)O)CC1)CC1CCN1,0.04871,CN(CC(=O)N1CCC(C(=O)O)CC1)CC1CCN1,0.010953
COc1cccc(CNCCNC2CCN(C[C@@H](N)CCCN)CC2)c1,0.329311,COc1cccc(CNC(=O)CNC2CCN(C[C@@H](N)CCCN)CC2)c1,0.226076
COc1cccc2c1CCNC2CCN(C)CCN(CCN)c1cc(F)ccc1O,0.999998,COc1cccc2c1CCN(C(=O)CN)C2CCN(C)CCNc1cc(F)ccc1O,0.984544
N#Cc1ccc(N)c(N(CCN)C[C@@H]2CCCN2)c1,0.086703,N#Cc1ccc(N)c(N(C[C@@H]2CCCN2)C(=O)CN)c1,0.084071
Nc1cccc(N2CCCC(N(CCc3ccccc3Br)C3CN(CC4CCN4)C3)C2)c1N,0.907169,Nc1cccc(N2CCCC(N(CCc3ccccc3Br)C3CN(C(=O)C4CCN4)C3)C2)c1N,0.481224
C[C@H](N)CN(C)CCN(CCN)c1ccccc1S,0.090504,C[C@H](N)CN(C)CCN(C(=O)CN)c1ccccc1S,0.34497
c1ccc([C@@H](CNC2CC2)NC2CCNCC2)cc1,0.190015,O=C(NC1CC1)[C@@H](NC1CCNCC1)c1ccccc1,0.053155
Nc1ccc(CN2CCC[C@@H]2CNC2CC2)cc1Br,0.716019,Nc1ccc(CN2CCC[C@@H]2C(=O)NC2CC2)cc1Br,0.20508
OCCCN(CCCN(Cc1ccc(F)cc1)C(CCl)c1ccc(F)cc1F)CC1CCN1,0.97217,O=C(c1ccc(F)cc1)N(CCCN(CCCO)CC1CCN1)C(CCl)c1ccc(F)cc1F,0.978914
C[C@H](c1ccccc1)N(C[C@@H](C)N)C[C@H](C)N(Cc1c[nH]c2ccc(Br)cc12)C1CCNCC1,0.85072,C[C@@H](N)C(=O)N1CCC(N(Cc2c[nH]c3ccc(Br)cc23)[C@@H](C)CN[C@H](C)c2ccccc2)CC1,0.623721
O=C1CCN(C[C@@H](CS)NC2CCN(Cc3c[nH]c4cc(Br)ccc34)C2)CC1,0.659431,O=C1CCN(C(=O)[C@@H](CS)NC2CCN(Cc3c[nH]c4cc(Br)ccc34)C2)CC1,0.362084
CNCCN1CCC[C@@H]1CN(CC1CCN1Cc1c[nH]c2ccc(Br)cc12)c1ccc(Br)cc1,0.994241,CNCC(=O)N1CCC[C@@H]1CN(CC1CCN1Cc1c[nH]c2ccc(Br)cc12)c1ccc(Br)cc1,0.86709
C[C@H](N)CN(CCN(C)C1CCCNC1)c1cc(F)ccc1O,0.488088,C[C@H](N)C(=O)N(CCN(C)C1CCCNC1)c1cc(F)ccc1O,0.828032
C[C@H](N)CNCCCO,0.014478,C[C@H](N)C(=O)NCCCO,0.002476
O=C(O)[C@@H](NCC1CNC1)c1ccccc1,0.111154,O=C(N[C@H](C(=O)O)c1ccccc1)C1CNC1,0.004593
Sc1ccccc1N(CC1CNC1)C1CCN(CC2CCN2)C1,0.410709,O=C(C1CCN1)N1CC(CN(c2ccccc2S)C2CCNC2)C1,0.047927
BrCCNCCCN1CCC(N(CCc2ccccc2)Cc2c[nH]c3cc(Br)ccc23)C1,0.995,O=C(CBr)NCCCN1CCC(N(CCc2ccccc2)Cc2c[nH]c3cc(Br)ccc23)C1,0.932423
NCCN1CCC[C@@H]1CNCCc1ccncc1,0.817715,NCCN1CCC[C@@H]1C(=O)NCCc1ccncc1,0.334357
NCCN1CCC(NCCCN(Cc2c[nH]c3ccc(Br)cc23)c2c(N)cccc2Br)C1,0.990165,NCC(=O)N(CCCN(Cc1c[nH]c2ccc(Br)cc12)c1c(N)cccc1Br)C1CCNC1,0.670311
C=CC1NCCc2ccc(OC(=O)CN(CCN)CCCN)cc21,0.273949,C=CC1NCCc2ccc(OC(=O)CN(CCN)C(=O)CCN)cc21,0.01471
N[C@H](CCN1CCC(=O)C1)CNc1cc(F)ccc1O,0.223423,N[C@@H](CNc1cc(F)ccc1O)CC(=O)N1CCC(=O)C1,0.014722
C=CCN(Cc1cccc(OC)c1)C[C@H]1CCCN1,0.138657,C=CC(=O)N(Cc1cccc(OC)c1)C[C@H]1CCCN1,0.011324
C[C@H](N)CN1CC(NC2(CNCc3ccc(O)cc3)CCC2)C1,0.608844,C[C@H](N)C(=O)N(C1CNC1)C1(CNCc2ccc(O)cc2)CCC1,0.047108
C[C@@H](CN1CCC[C@H]1C(=O)O)NCC1CNC1,0.013352,C[C@@H](C(=O)O)N(CC1CNC1)C(=O)[C@@H]1CCCN1,0.002974
c1ccc2c(CNCCCNC3CC3)c[nH]c2c1,0.47222,O=C(CCNCc1c[nH]c2ccccc12)NC1CC1,0.047407
NCCC[C@H](N)CNCCN(Cc1c[nH]c2ccccc12)c1cc(Br)ccc1O,0.928563,NCCC[C@H](N)C(=O)NCCN(Cc1c[nH]c2ccccc12)c1cc(Br)ccc1O,0.508779
Oc1ccc(F)cc1N(CC1CCN1)C1CCCNC1,0.407616,O=C(C1CCN1)N(c1cc(F)ccc1O)C1CCCNC1,0.277859
COc1cccc2c1CCN=C2C1CCN1CC1CCNCC1,0.630121,COc1cccc2c1CCN=C2C1CCN1C(=O)C1CCNCC1,0.015173
CN(CCNCCBr)CCN(Cc1c[nH]c2ccc(Br)cc12)c1ccccc1O,0.995161,CN(CCNC(=O)CBr)CCN(Cc1c[nH]c2ccc(Br)cc12)c1ccccc1O,0.817399
Oc1c(Br)cccc1N(Cc1ccccc1Br)CC1CCN1CC1CCN1,0.966619,O=C(C1CCN1)N1CCC1CN(Cc1ccccc1Br)c1cccc(Br)c1O,0.091454
N[C@@H](Cc1ccc(O)cc1)CN(c1cc(Br)ccc1O)C1CCN(CC2CCN2)C1,0.99288,N[C@@H](Cc1ccc(O)cc1)CN(c1cc(Br)ccc1O)C1CCN(C(=O)C2CCN2)C1,0.690024
COc1cccc2c1CCN(CC1CCN1)C2CNCCc1c[nH]c2ccccc12,0.997448,COc1cccc2c1CCN(C(=O)C1CCN1)C2CNCCc1c[nH]c2ccccc12,0.871025
C[C@H](N)CNCCCN(CC=O)C1CC1,0.019552,C[C@H](N)CN(CCCNC1CC1)C(=O)C=O,0.002996
C[C@@H](N)CN1CCC[C@@H]1CN(CC(C)(C)N)c1ccc(Br)cc1O,0.641484,C[C@@H](N)C(=O)N1CCC[C@@H]1CN(CC(C)(C)N)c1ccc(Br)cc1O,0.015024
COc1ccc(O)c(N(CCCNCC2CCN2)Cc2c[nH]c3cc(O)ccc23)c1,0.981134,COc1ccc(O)c(N(CCCNC(=O)C2CCN2)Cc2c[nH]c3cc(O)ccc23)c1,0.716879
CNCCN(CC1CNC1)[C@H](C(=O)O)c1ccccc1,0.065961,CN(CC(=O)O)C(=O)[C@@H](NCC1CNC1)c1ccccc1,0.017613
O=CCN1CCC1CN1CC(CNc2ccccc2S)C1,0.054459,O=CC(=O)N(CC1CN(CC2CCN2)C1)c1ccccc1S,0.148101
Brc1cccc(CNCCCN(C[C@H]2CCCN2)C23CC(C2)C3)c1,0.739085,O=C([C@H]1CCCN1)N(CCCNC12CC(C1)C2)Cc1cccc(Br)c1,0.064198
COc1ccccc1CCN(CCCN)C1CCN(c2ccc(O)c(N)c2)C1,0.990796,COc1ccccc1CCN(C(=O)CCN)C1CCN(c2ccc(O)c(N)c2)C1,0.439965
CC[C@H](N)CN1CCC[C@H]1CNCc1cccc(O)c1,0.966002,CC[C@H](N)CN1CCC[C@H]1C(=O)NCc1cccc(O)c1,0.46089
C[C@H](O)CN1CCC(=O)CC1,0.015994,C[C@H](O)C(=O)N1CCC(=O)CC1,0.002417
CC[C@H](N)CN1CCC[C@H]1CNCCOC,0.050246,CC[C@H](N)C(=O)N(CCOC)C[C@@H]1CCCN1,0.002989
C#Cc1ncccc1NC1CN(CC2CCNCC2)C1,0.377685,C#Cc1ncccc1N(C(=O)C1CCNCC1)C1CNC1,0.042671
Nc1cccc(Br)c1N(CCC1NCCc2c(Br)cccc21)C1CN(C[C@@H](N)CS)C1,0.940678,Nc1cccc(Br)c1N(CCC1NCCc2c(Br)cccc21)C1CN(C(=O)[C@@H](N)CS)C1,0.262403
CNCCN(CCc1ccccc1OC)CC(CBr)N(CCBr)c1cc(Br)ccc1O,0.989159,CNCC(=O)N(CCc1ccccc1OC)CC(CBr)N(CCBr)c1cc(Br)ccc1O,0.671639
O=C1CCCN(CCNc2ccccc2O)C1,0.049313,O=C1CCCN(C(=O)CNc2ccccc2O)C1,0.00329
C[C@H](N)CN(CCCCN)c1cccc(NCC2CCN2)c1O,0.093227,C[C@@H](CN(CCCCN)c1cccc(N)c1O)NC(=O)C1CCN1,0.056699
CC[C@@H](CN1CCC1CNc1cccc2cc[nH]c12)N(Cc1cccc(Br)c1)CC1CCN1,0.976347,CC[C@@H](CN1CCC1C(=O)Nc1cccc2cc[nH]c12)N(Cc1cccc(Br)c1)CC1CCN1,0.908504
O=C1CCCN(C2CN(CC3CCN3)C2)C1,0.04901,O=C1CCCN(C2CN(C(=O)C3CCN3)C2)C1,0.007715
Nc1ccc(CNc2ccc(Br)cc2O)cc1Br,0.01725,Nc1ccc(C(=O)Nc2ccc(Br)cc2O)cc1Br,0.003713
C[C@@H](O)[C@@H](CN1CCC1CN(Cc1c[nH]c2cc(Br)ccc12)c1ccccc1O)NCCBr,0.989012,C[C@@H](O)[C@@H](CN1CCC1CN(Cc1c[nH]c2cc(Br)ccc12)c1ccccc1O)NC(=O)CBr,0.896105
CC(C)[C@@H](NC[C@@H]1CCCN1)C(=O)O,0.006796,CC(C)[C@@H](NC(=O)[C@@H]1CCCN1)C(=O)O,0.001654
Nc1c(Br)cccc1NC1CCN(C[C@@H]2CCCN2)CC1,0.750287,Nc1c(Br)cccc1N(C(=O)[C@@H]1CCCN1)C1CCNCC1,0.121602
COc1ccccc1CCN(C[C@@H](N)CCCNCc1ccc(N)c(Br)c1)C1CNC1,0.995575,COc1ccccc1CCN(C[C@@H](N)CCCNC(=O)c1ccc(N)c(Br)c1)C1CNC1,0.993424
N#Cc1ccc(N(Cc2c[nH]c3ccc(Br)cc23)C[C@H]2CCCN2)c(N)c1,0.87709,N#Cc1ccc(N(Cc2c[nH]c3ccc(Br)cc23)C(=O)[C@H]2CCCN2)c(N)c1,0.783762
NCCCCN(CCCN)C(CCl)c1ccc(F)cc1F,0.304703,NCCCCN(C(=O)CCN)C(CCl)c1ccc(F)cc1F,0.053112
CNCCN(c1cccc(N)c1N)[C@@H](C)CN1CC(=O)C1,0.043968,CNCC(=O)N(c1cccc(N)c1N)[C@@H](C)CN1CC(=O)C1,0.026737
O=CCCN1CCC[C@H]1CNc1cc(F)c(F)cc1O,0.416787,O=CCCN1CCC[C@H]1C(=O)Nc1cc(F)c(F)cc1O,0.048128
Sc1ccccc1NCCCNC[C@@H]1CCCN1CC1CCN1,0.620627,O=C(C1CCN1)N(CCCNC[C@@H]1CCCN1)c1ccccc1S,0.184323
N[C@H](CNCCNCCc1ccc(O)cc1)Cc1cccs1,0.946804,N[C@H](CNCC(=O)NCCc1ccc(O)cc1)Cc1cccs1,0.560052
CC[C@H](NCC1CCN1)C(=O)O,0.008878,CC[C@H](NC(=O)C1CCN1)C(=O)O,0.002105
CC(C)(N)CN(Cc1ccc(O)cc1)CC1CCN1,0.357342,CC(C)(N)C(=O)N(Cc1ccc(O)cc1)CC1CCN1,0.09024
COc1ccc(N)c(N(C[C@H]2CCCN2Cc2c[nH]c3cc(Br)ccc23)C[C@H](C)N)c1,0.97473,COc1ccc(N)c(N(C[C@H]2CCCN2Cc2c[nH]c3cc(Br)ccc23)C(=O)[C@H](C)N)c1,0.959677
BrCC(CNC1CC1)NCCc1c[nH]c2ccccc12,0.770284,O=C(NC1CC1)C(CBr)NCCc1c[nH]c2ccccc12,0.226142
COc1ccc(N)c(N(CCN(C)Cc2c[nH]c3ccc(Br)cc23)C[C@@H]2CCCN(CCN)C2)c1,0.9928,COc1ccc(N)c(N(CCN(C)Cc2c[nH]c3ccc(Br)cc23)C[C@@H]2CCCN(C(=O)CN)C2)c1,0.68104
O=C(O)C1CN(C2CN(C[C@@H]3CCCN3)C2)C1,0.040579,O=C(O)C1CN(C2CN(C(=O)[C@@H]3CCCN3)C2)C1,0.008662
Oc1ccccc1N(Cc1c[nH]c2ccc(Br)cc12)C1CCN(CC2CCN2)CC1,0.999997,O=C(C1CCN1)N1CCC(N(Cc2c[nH]c3ccc(Br)cc23)c2ccccc2O)CC1,0.656186
C=CCN1CCC1C(=O)Oc1ccccc1N(CCCN)Cc1c[nH]c2cc(Br)ccc12,0.992123,C=CCN1CCC1C(=O)Oc1ccccc1N(Cc1c[nH]c2cc(Br)ccc12)C(=O)CCN,0.976139
C[C@H](O)CN(C)CCNC12CC(C1)C2,0.01722,C[C@H](O)CN(C)CC(=O)NC12CC(C1)C2,0.005034
COc1ccc(O)c(N(CCN(C)CCN)C2CNC2)c1,0.437693,CNCCN(c1cc(OC)ccc1O)C1CN(C(=O)CN)C1,0.035853
NCCCN1CCC[C@H]1CN(CC1CCN1)c1ccc(Br)cc1,0.639288,NCCC(=O)N1CCC1CN(C[C@@H]1CCCN1)c1ccc(Br)cc1,0.041151
C=CCNCC1c2cccc(OC)c2CCN1C[C@H]1CCCN1,0.681685,C=CCNC(=O)C1c2cccc(OC)c2CCN1C[C@H]1CCCN1,0.448621
O=C(O)[C@H](CCCNc1cc(F)ccc1O)NC[C@@H]1C[C@@H](O)CN1,0.112813,O=C(CC[C@H](NC[C@@H]1C[C@@H](O)CN1)C(=O)O)Nc1cc(F)ccc1O,0.014493
C=CCN1CCC(N(CC=C)CCc2ccccc2)CC1,0.029969,C=CCN(CCc1ccccc1)C1CCN(C(=O)C=C)CC1,0.059511
CNCCN(Cc1cccc(OC)c1)C[C@H](C)N,0.056944,CNCCN(Cc1cccc(OC)c1)C(=O)[C@H](C)N,0.009428
OC[C@@H]1CCCN1CCCNC1CCNCC1,0.043795,O=C(CCNC1CCNCC1)N1CCC[C@H]1CO,0.005814
Sc1ccccc1N(CC1CCN1)C1CN(CC2CCN2)C1,0.43491,O=C(C1CCN1)N(c1ccccc1S)C1CN(CC2CCN2)C1,0.421429
CCCN(C[C@@H]1CCCN1CC1CCN1)c1cc(F)ccc1O,0.911916,CCCN(C[C@@H]1CCCN1C(=O)C1CCN1)c1cc(F)ccc1O,0.046669
C[C@H](O)CNCC(=O)O,0.003936,C[C@H](O)C(=O)NCC(=O)O,0.001387
O=C(O)[C@H](CCNCc1ccc(O)cc1)N(C[C@H]1CCCN1Cc1ccc(F)cc1)C(CCl)c1ccc(F)cc1,0.6563,O=C(O)[C@H](CCN(Cc1ccc(O)cc1)C(=O)c1ccc(F)cc1)N(C[C@H]1CCCN1)C(CCl)c1ccc(F)cc1,0.279694
COc1ccccc1CCN(CCN(C)Cc1c[nH]c2ccc(Br)cc12)CC1CCN1,0.999998,COc1ccccc1CCN(CCN(C)Cc1c[nH]c2ccc(Br)cc12)C(=O)C1CCN1,0.973174
N[C@@H](CCN(CCO)C1CN(Cc2cccc(Br)c2)C1)CNc1ccccc1O,0.856412,N[C@@H](CCN(CCO)C1CN(Cc2cccc(Br)c2)C1)C(=O)Nc1ccccc1O,0.295579
C[C@@H](N)CN(Cc1c[nH]c2ccc(Br)cc12)C1(CNCCc2ccc(O)cc2)CCC1,0.999991,C[C@@H](N)CN(Cc1c[nH]c2ccc(Br)cc12)C1(C(=O)NCCc2ccc(O)cc2)CCC1,0.932556
Fc1cccc(CNCCCCN(Cc2c[nH]c3cc(Br)ccc23)C[C@@H]2CCCN2)c1F,0.973891,O=C(NCCCCN(Cc1c[nH]c2cc(Br)ccc12)C[C@@H]1CCCN1)c1cccc(F)c1F,0.985149
C[C@H](N)CN1CC(C(=O)O)C1,0.010133,C[C@H](N)C(=O)N1CC(C(=O)O)C1,0.002226
C=CCN(CCNCC1CNC1)CCc1ccccc1OC,0.183877,C=CCN(CCNC(=O)C1CNC1)CCc1ccccc1OC,0.052417
COc1cccc(CNC[C@H](N)CCN2CCC2CNCCc2ccc(O)cc2)c1,0.990989,COc1cccc(CNC[C@H](N)CCN2CCC2C(=O)NCCc2ccc(O)cc2)c1,0.803882
Oc1cccc(CNCC2CCNCC2)c1,0.773895,O=C(NCc1cccc(O)c1)C1CCNCC1,0.073494
NCCCN(CCCN1CCC[C@H]1CNCCc1ccccc1)CCc1c[nH]c2ccc(O)cc12,0.94178,NCCC(=O)N(CCCN1CCC[C@H]1CNCCc1ccccc1)CCc1c[nH]c2ccc(O)cc12,0.751022
BrCCN1CCC(CN(Cc2c[nH]c3cc(Br)ccc23)c2ccc(CN3CCCCC3)cc2Br)CC1,0.947411,O=C(CBr)N1CCC(CN(Cc2c[nH]c3cc(Br)ccc23)c2ccc(CN3CCCCC3)cc2Br)CC1,0.685577
Sc1ccccc1NC[C@@H]1CCCN1C1CCC1,0.511442,O=C(Nc1ccccc1S)[C@@H]1CCCN1C1CCC1,0.029855
CCCN(c1cc(Br)ccc1NCCNC)C1CCCNC1,0.134308,CCCN(c1cc(Br)ccc1NC(=O)CNC)C1CCCNC1,0.05838
CC[C@@H](CNc1ccc(F)nc1Br)N(CCCN)C[C@H]1CCCN1,0.579614,CC[C@@H](CN(C(=O)[C@H]1CCCN1)c1ccc(F)nc1Br)NCCCN,0.166908
Fc1ccc(NCC2CCN2)c(Br)n1,0.032721,O=C(Nc1ccc(F)nc1Br)C1CCN1,0.006741
CC[C@H](N)CN[C@H](C)C(=O)O,0.005232,CC[C@H](N)C(=O)N[C@H](C)C(=O)O,0.00128
Oc1ccc(Br)cc1NC[C@@H](CS)NC1CN(C2CNC2)C1,0.48899,O=C(Nc1cc(Br)ccc1O)[C@@H](CS)NC1CN(C2CNC2)C1,0.139499
NCCN1CCC1CN(Cc1ccc(N)c(Br)c1)c1ccc(C(=O)O)cc1Br,0.837046,NCCN1CCC1CN(C(=O)c1ccc(N)c(Br)c1)c1ccc(C(=O)O)cc1Br,0.797801
C[C@@H](CNc1ccc(Br)cc1)NC[C@@H]1C[C@@H](O)CN1,0.06748,C[C@H](NC[C@@H]1C[C@@H](O)CN1)C(=O)Nc1ccc(Br)cc1,0.005361
Oc1ccc(CNCCCNCC2CNC2)cc1,0.691504,O=C(CCNCC1CNC1)NCc1ccc(O)cc1,0.272366
CN(CCCN(CCCN)c1ccc(N)c(O)c1)CCNCCc1c[nH]c2ccc(O)cc12,0.975577,CN(CCCN(CCCN)c1ccc(N)c(O)c1)CC(=O)NCCc1c[nH]c2ccc(O)cc12,0.856996
CN(CCNc1ccccc1S)CC1CCN1,0.482293,CN(CCNc1ccccc1S)C(=O)C1CCN1,0.039349
O=CCCN(C[C@H]1CCCN1)c1ccc(F)nc1Br,0.015001,O=CCCN(C(=O)[C@H]1CCCN1)c1ccc(F)nc1Br,0.091105
CNCCN(CCNCCc1ccccc1OC)CCC(=O)O,0.158549,CNCCN(CCC(=O)NCCc1ccccc1OC)CC(=O)O,0.030651
C=CCNC1CCCN(C[C@@H](N)CCCN)C1,0.062646,C=CCN(C(=O)[C@@H](N)CCCN)C1CCCNC1,0.006514
NCCCN1CCC(N(CCCN)c2ccc(Br)cc2O)C1,0.57047,NCCCN1CCC(N(C(=O)CCN)c2ccc(Br)cc2O)C1,0.561654
CNCCN1CC(N(CCNC)c2cc(F)c(F)cc2O)C1,0.198554,CNCC(=O)N(C)CCN(c1cc(F)c(F)cc1O)C1CNC1,0.118625
CN(CCN1CCC(=O)C1)C[C@@H]1CCCN1,0.036875,CN(CC(=O)N1CCC(=O)C1)C[C@@H]1CCCN1,0.008438
COc1ccc(NCCCN2CCC(Nc3ccnc4ccccc34)C2)c(N)c1,0.538289,COc1ccc(N)c(NC(=O)CCN2CCC(Nc3ccnc4ccccc34)C2)c1,0.079167
CC[C@H](C)[C@@H](N)CN1CCC[C@@H]1CNCCCNCCc1ccc(O)cc1,0.340882,CC[C@H](C)[C@@H](N)CN1CCC[C@@H]1CNCCC(=O)NCCc1ccc(O)cc1,0.256675
CN(CCCN)CCNCCCCN,0.038955,CN(CCCN)CC(=O)NCCCCN,0.015638
CN(CCN(C)c1ccccc1CCN)CC(=O)O,0.024756,CN(CC(=O)O)C(=O)CN(C)c1ccccc1CCN,0.001823
O[C@H]1CCCN(C[C@H]2CCCN2Cc2c[nH]c3ccc(Br)cc23)C1,0.72011,O=C([C@H]1CCCN1Cc1c[nH]c2ccc(Br)cc12)N1CCC[C@H](O)C1,0.251739
Oc1ccc(F)cc1N(C1CCN(C[C@H]2CCCN2CC2CCN2)C1)C(CCl)c1ccc(Cl)c(Cl)c1,0.969222,O=C(C1CCN1)N1CCC[C@@H]1CN1CCC(N(c2cc(F)ccc2O)C(CCl)c2ccc(Cl)c(Cl)c2)C1,0.923896
O[C@H]1CCCN(C2CN(CCCNCc3ccc(F)cc3)C2)C1,0.853664,O=C(NCCCN1CC(N2CCC[C@H](O)C2)C1)c1ccc(F)cc1,0.751339
O=C(O)CNC[C@H]1CCCN1Cc1cccc(Br)c1,0.037764,O=C(O)CNC(=O)[C@H]1CCCN1Cc1cccc(Br)c1,0.003081
C[C@@H](N)CN(CCCCNCCC1NCCc2c(Br)cccc21)Cc1c[nH]c2cc(Br)ccc12,0.974422,C[C@@H](N)C(=O)N(CCCCNCCC1NCCc2c(Br)cccc21)Cc1c[nH]c2cc(Br)ccc12,0.695453
Nc1cc(Br)ccc1NCC1CN(Cc2cccc(F)c2F)C1,0.407523,Nc1cc(Br)ccc1NC(=O)C1CN(Cc2cccc(F)c2F)C1,0.017248
CC[C@H](N)CN1CCC1CN1CCC(=O)C1,0.04511,CC[C@H](N)C(=O)N1CCC1CN1CCC(=O)C1,0.00937
N#Cc1ccc(O)c(N(CCC=O)C[C@H]2CCCN2)c1,0.047978,N#Cc1ccc(O)c(N(CCC=O)C(=O)[C@H]2CCCN2)c1,0.06825
C=CCNc1cc(OC)ccc1N(Cc1c[nH]c2cc(Br)ccc12)C[C@@H]1CCCN1CC=O,0.975162,C=CC(=O)Nc1cc(OC)ccc1N(Cc1c[nH]c2cc(Br)ccc12)C[C@@H]1CCCN1CC=O,0.766428
NC1(CN(C[C@H]2CCCN2)c2ccccc2O)CCC1,0.088583,NC1(CN(C(=O)[C@H]2CCCN2)c2ccccc2O)CCC1,0.230477
Oc1cccc(CNCCCNCC2CCNCC2)c1,0.377822,O=C(CCNCC1CCNCC1)NCc1cccc(O)c1,0.142787
C#CCNC[C@@H](CO)NCCCN,0.022524,C#CCNC(=O)[C@@H](CO)NCCCN,0.005134
CNCCNCCN(CCCN)c1cccc(Br)c1N,0.21299,CN(CCNCCNc1cccc(Br)c1N)C(=O)CCN,0.051667
CC[C@@H](CN1CC(C(=O)O)C1)Nc1ccccc1CCN,0.147728,CC[C@@H](C(=O)O)N(C(=O)C1CNC1)c1ccccc1CCN,0.10815
N[C@H](Cc1ccc(O)cc1)CN(CCNCCc1c[nH]c2ccccc12)C[C@@H]1CCCN1,0.97825,N[C@H](Cc1ccc(O)cc1)CN(CC(=O)NCCc1c[nH]c2ccccc12)C[C@@H]1CCCN1,0.85167
COc1ccccc1CCNCc1ccc(NCC2CCNCC2)c(Br)c1,0.953048,COc1ccccc1CCNC(=O)c1ccc(NCC2CCNCC2)c(Br)c1,0.828565
NCCCN(CCc1c[nH]c2ccccc12)CC1CCN1Cc1c[nH]c2ccccc12,0.85441,NCCC(=O)N(CCc1c[nH]c2ccccc12)CC1CCN1Cc1c[nH]c2ccccc12,0.528672
CC[C@@H](CN(c1cc(OC)ccc1O)C1CCCN(Cc2c[nH]c3ccc(F)cc23)C1)NCC=O,0.981135,CC[C@@H](CN(c1cc(OC)ccc1O)C1CCCN(Cc2c[nH]c3ccc(F)cc23)C1)NC(=O)C=O,0.849493
Nc1cc(CN(c2cc(Br)ccc2O)C2CCN(CC3(N)CCC3)C2)ccc1O,0.978853,Nc1cc(C(=O)N(c2cc(Br)ccc2O)C2CCN(CC3(N)CCC3)C2)ccc1O,0.93326
Brc1ccc(NCC2CCN2Cc2c[nH]c3cc(Br)ccc23)cc1,0.816009,O=C(Nc1ccc(Br)cc1)C1CCN1Cc1c[nH]c2cc(Br)ccc12,0.240939
C=CCNCCCN1CCC[C@@H]1CN(CCc1c[nH]c2ccccc12)Cc1ccc(F)cc1,0.994617,C=CCN(CCCN1CCC[C@@H]1CNCCc1c[nH]c2ccccc12)C(=O)c1ccc(F)cc1,0.983177
CN(CC(=O)O)C[C@@H]1CCCN1Cc1ccc(F)cc1,0.017946,CN(CC(=O)O)C(=O)[C@@H]1CCCN1Cc1ccc(F)cc1,0.003798
COc1cccc2c1CCN(CC1CCN1C[C@@H]1CCCNC1)C2c1c[nH]c2ccc(N3CCC(=O)C3)cc12,0.592978,COc1cccc2c1CCN(CC1CCN1C(=O)[C@@H]1CCCNC1)C2c1c[nH]c2ccc(N3CCC(=O)C3)cc12,0.109602
N[C@H](Cc1ccc(O)cc1)CN(CC(=O)O)C[C@@H]1CCCN1,0.492743,N[C@@H](CNCC(=O)N1CCC[C@H]1C(=O)O)Cc1ccc(O)cc1,0.162801
N[C@@H](CCCNCc1c[nH]c2ccc(Br)cc12)CNc1cc(Br)ccc1O,0.780878,N[C@@H](CCCNCc1c[nH]c2ccc(Br)cc12)C(=O)Nc1cc(Br)ccc1O,0.406828
C[C@@H](NCCCN)C(=O)O,0.007101,C[C@@H](N)C(=O)NCCC(=O)O,0.001825
C[C@H](CN(CC1(NCCCN)CCC1)[C@H](C)c1ccccc1)NCc1c[nH]c2ccc(Br)cc12,0.919066,C[C@H](CN(CC1(NC(=O)CCN)CCC1)[C@H](C)c1ccccc1)NCc1c[nH]c2ccc(Br)cc12,0.779026
N#Cc1ccc(NC2CN(C[C@@H]3CCCNC3)C2)c(N)c1,0.582724,N#Cc1ccc(N(C(=O)[C@@H]2CCCNC2)C2CNC2)c(N)c1,0.09218
C[C@@H](N)CN1CCC(N2CCC(N(CCc3c[nH]c4ccccc34)c3ccc(N)cc3)CC2)C1,0.962842,C[C@@H](N)C(=O)N1CCC(N2CCC(N(CCc3c[nH]c4ccccc34)c3ccc(N)cc3)CC2)C1,0.880474
N[C@H](CCNc1cc(F)c(F)cc1O)CN1CCC1C(=O)O,0.080142,N[C@H](CC(=O)Nc1cc(F)c(F)cc1O)CN1CCC1C(=O)O,0.006859
Brc1ccc(N(C[C@H]2CCCN2)C[C@H]2CCCN2)cc1,0.063,O=C([C@H]1CCCN1)N(C[C@H]1CCCN1)c1ccc(Br)cc1,0.252013
O=C(O)[C@H](CS)N(Cc1c[nH]c2ccc(F)cc12)C1CCCN(Cc2cccc(F)c2F)C1,0.806939,O=C(O)[C@H](CS)N(Cc1c[nH]c2ccc(F)cc12)C1CCCN(C(=O)c2cccc(F)c2F)C1,0.400708
CC[C@H](N)CN[C@@H](C)CN1CCCC(=O)C1,0.043122,CC[C@H](N)CN[C@@H](C)C(=O)N1CCCC(=O)C1,0.001749
Nc1ccc(CN2CCC[C@H]2C(=O)O)cc1O,0.016972,Nc1ccc(C(=O)N2CCC[C@H]2C(=O)O)cc1O,0.001542
Oc1cc(F)c(F)cc1N(CC1CCN1Cc1c[nH]c2ccc(Br)cc12)C[C@@H]1CCCN1,0.99297,O=C([C@@H]1CCCN1)N(CC1CCN1Cc1c[nH]c2ccc(Br)cc12)c1cc(F)c(F)cc1O,0.983175
COc1cccc2c1CCNC2CCN(CCc1c[nH]c2ccccc12)CC1CCNCC1,0.98166,COc1cccc2c1CCN(C(=O)C1CCNCC1)C2CCNCCc1c[nH]c2ccccc12,0.34693
Oc1ccc(CN(CC2CCN(C[C@@H]3CCCN3)CC2)C(CCl)c2ccc(Cl)c(Cl)c2)cc1,0.957341,O=C([C@@H]1CCCN1)N1CCC(CN(Cc2ccc(O)cc2)C(CCl)c2ccc(Cl)c(Cl)c2)CC1,0.450747
Brc1cccc(C2c3ccccc3CCN2CC2CCN2CC2CCN2)c1,0.992969,O=C(C1CCN1)N1CCC1CN1CCc2ccccc2C1c1cccc(Br)c1,0.785207
CNCCN[C@H](CCCN1CC(=O)C1)CNc1ccc(Br)cc1O,0.354342,CNCCN[C@H](CCC(=O)N1CC(=O)C1)CNc1ccc(Br)cc1O,0.029723
CC[C@H](N)CN(CCc1c[nH]c2ccccc12)C1CNC1,0.97362,CC[C@H](N)C(=O)N(CCc1c[nH]c2ccccc12)C1CNC1,0.306361
COc1ccc(CNCCN(C)C[C@H](C)N)cc1,0.043344,COc1ccc(CNC(=O)CN(C)C[C@H](C)N)cc1,0.003186
O=C1CCCN(CCNCCc2ccc(O)cc2)C1,0.77573,O=C1CCCN(CC(=O)NCCc2ccc(O)cc2)C1,0.054692
Nc1cccc(Br)c1N(C1CCN(CC2CCN2)CC1)C1CN(Cc2c[nH]c3cc(Br)ccc23)C1,0.991841,Nc1cccc(Br)c1N(C1CCN(C(=O)C2CCN2)CC1)C1CN(Cc2c[nH]c3cc(Br)ccc23)C1,0.924607
NCCCN1CCC[C@H]1CN(CCNCc1c[nH]c2cc(Br)ccc12)c1ccc(Br)cc1,0.997028,NCCC(=O)N(CCN(C[C@@H]1CCCN1)c1ccc(Br)cc1)Cc1c[nH]c2cc(Br)ccc12,0.720757
C[C@H](N)CN1CCCC(NCCNc2ccc(Br)cc2O)C1,0.512574,C[C@H](N)CN1CCCC(NCC(=O)Nc2ccc(Br)cc2O)C1,0.191675
NCCN1CC(NC2CC2)C1,0.059752,NCC(=O)N(C1CC1)C1CNC1,0.008165
CCC1c2cc(O)ccc2C[C@H](C2=NCCc3c(OC)cccc32)N1C[C@@H]1CCCN1CCBr,0.960124,CCC1c2cc(O)ccc2C[C@H](C2=NCCc3c(OC)cccc32)N1C[C@@H]1CCCN1C(=O)CBr,0.287062
CNCCNc1ccc(Br)cc1O,0.088515,CNCC(=O)Nc1ccc(Br)cc1O,0.007421
Nc1c(Br)cccc1NCCN1CCCC(=O)C1,0.036672,Nc1c(Br)cccc1NCC(=O)N1CCCC(=O)C1,0.002672
C[C@@H](N)CNc1cccc2cc[nH]c12,0.098548,C[C@@H](N)C(=O)Nc1cccc2cc[nH]c12,0.007324
N[C@@H](CCCN(CCBr)Cc1ccc(F)cc1)CN(CCBr)c1ccc(Br)cc1O,0.921525,N[C@@H](CCCN(CCBr)C(=O)c1ccc(F)cc1)CN(CCBr)c1ccc(Br)cc1O,0.281532
NC1(CN2CC(N3CCc4c(Br)cccc4C3c3c[nH]c4ccc(Br)cc34)C2)CCC1,0.999996,NC1(C(=O)N2CC(N3CCc4c(Br)cccc4C3c3c[nH]c4ccc(Br)cc34)C2)CCC1,0.957555
Brc1cc(CNC2CC2)ccc1NC[C@H]1CCCN1,0.224625,O=C(Nc1ccc(CNC2CC2)cc1Br)[C@H]1CCCN1,0.044558
Nc1cc(Br)ccc1N(CC1CCN1)C1CN(CC=O)C1,0.072697,Nc1cc(Br)ccc1N(C(=O)C1CCN1)C1CN(CC=O)C1,0.082779
CN(CCNc1ccc(Br)cc1O)C1CCCNC1,0.608367,CN(CC(=O)Nc1ccc(Br)cc1O)C1CCCNC1,0.050109
Oc1ccccc1N(CC1CCN1CC1CCN1)CC1CCN1C(CCl)c1ccc(Br)cc1,0.98601,O=C(C1CCN1)N1CCC1CN(CC1CCN1C(CCl)c1ccc(Br)cc1)c1ccccc1O,0.859366
O=CCNc1cccc(Br)c1O,0.003952,O=CC(=O)Nc1cccc(Br)c1O,0.000285
O=C(O)c1ccc(O)c(NC[C@H]2CCCN2)c1,0.062838,O=C(O)c1ccc(O)c(NC(=O)[C@H]2CCCN2)c1,0.010375
c1ccc2c(NCC3CCN3C[C@H]3CCCN3)ccnc2c1,0.784168,O=C([C@H]1CCCN1)N(CC1CCN1)c1ccnc2ccccc12,0.19371
c1ccc(CCNC[C@@H]2CCCN(CC3CCN3)C2)cc1,0.867744,O=C(NCCc1ccccc1)[C@@H]1CCCN(CC2CCN2)C1,0.161211
COc1ccccc1CCN(Cc1c[nH]c2cc(Br)ccc12)C[C@H]1CCCN1CCBr,0.999998,COc1ccccc1CCN(Cc1c[nH]c2cc(Br)ccc12)C[C@H]1CCCN1C(=O)CBr,0.958316
Brc1ccccc1CCNC[C@@H]1CCCN1Cc1c[nH]c2ccccc12,0.982299,O=C(NCCc1ccccc1Br)[C@@H]1CCCN1Cc1c[nH]c2ccccc12,0.452126
NCCCN1CCc2ccc(O)cc2C1CN1CC(=O)C1,0.698812,NCCCN1CCc2ccc(O)cc2C1C(=O)N1CC(=O)C1,0.418055
Oc1ccc(CCN(CC2CCN2)C[C@@H]2CCCN2)cc1,0.884685,O=C(C1CCN1)N(CCc1ccc(O)cc1)C[C@@H]1CCCN1,0.199121
C#CCNCCN(CC1CCN1)C1CCC1,0.023655,C#CCNC(=O)CN(CC1CCN1)C1CCC1,0.008191
Oc1c(Br)cccc1N(C[C@@H]1CCCN1CC1CCN1)C1CN(Cc2cccc(F)c2F)C1,0.986374,O=C(C1CCN1)N1CCC[C@H]1CN(c1cccc(Br)c1O)C1CN(Cc2cccc(F)c2F)C1,0.762144
COc1ccccc1CCNC[C@H](N)CCCN1CCC(=O)C1,0.77325,COc1ccccc1CCNC(=O)[C@H](N)CCCN1CCC(=O)C1,0.113576
CNCCNc1ccc(F)nc1Br,0.038899,CNCC(=O)Nc1ccc(F)nc1Br,0.008264
CCCN[C@H](C)CNCCCO,0.013495,CCCN[C@H](C)C(=O)NCCCO,0.001951
Nc1ccc(F)nc1N(CC1CCN1CCBr)C12CC(C1)C2,0.579202,Nc1ccc(F)nc1N(CC1CCN1C(=O)CBr)C12CC(C1)C2,0.052603
COc1ccccc1CCN(Cc1ccc(F)cc1)C1CN(CCCNc2ccccc2CCN)C1,0.937204,COc1ccccc1CCN(C(=O)c1ccc(F)cc1)C1CN(CCCNc2ccccc2CCN)C1,0.840794
N[C@H](CO)CNc1ccc(CN2CCC[C@H]2CO)cc1Br,0.096692,N[C@H](CO)CNc1ccc(C(=O)N2CCC[C@H]2CO)cc1Br,0.006296
NCCC[C@H](N)CN(CCc1ccc(O)cc1)CC1CCN1,0.902485,NCCC[C@H](N)CN(CCc1ccc(O)cc1)C(=O)C1CCN1,0.198904
C[C@@H](NCCN)c1ccccc1,0.118279,C[C@@H](NC(=O)CN)c1ccccc1,0.002991
NCCN1CCC[C@@H]1C(=O)Oc1ccc(CNC[C@H](CO)NCc2ccc(F)cc2)cc1,0.834074,NCCN1CCC[C@@H]1C(=O)Oc1ccc(CNC[C@H](CO)NC(=O)c2ccc(F)cc2)cc1,0.665536
CC[C@H](N)CNC1CC1,0.017381,CC[C@H](N)C(=O)NC1CC1,0.003763
C=CCNCCCNCCc1ccncc1,0.25327,C=CC(=O)NCCCNCCc1ccncc1,0.060658
C[C@H](N)CNC1(CNCCc2ccccc2)CCC1,0.377016,C[C@H](N)CNC1(C(=O)NCCc2ccccc2)CCC1,0.012841
C[C@@H](O)CN1CCCC(=O)C1,0.011983,C[C@@H](O)C(=O)N1CCCC(=O)C1,0.001317
C=CCNc1ccc(N2CCN(C3CCN(Cc4c[nH]c5ccc(Br)cc45)C3)CC2)cc1,0.992423,C=CC(=O)Nc1ccc(N2CCN(C3CCN(Cc4c[nH]c5ccc(Br)cc45)C3)CC2)cc1,0.937754
CC[C@@H](CN(C)CC(=O)O)NC[C@H](C)N,0.012493,CC[C@@H](CN(C)CC(=O)O)NC(=O)[C@H](C)N,0.004691
c1ccc2c(c1)CCNC2CCN(CCc1ccncc1)C[C@H]1CCCN1,0.991087,O=C([C@H]1CCCN1)N(CCc1ccncc1)CCC1NCCc2ccccc21,0.3654
CNCCNCCCCN,0.040613,CNCC(=O)NCCCCN,0.007673
Brc1ccc(NC[C@H]2CCCNC2)cc1,0.081033,O=C(Nc1ccc(Br)cc1)[C@H]1CCCNC1,0.002792
NCCN1CCC1CN1CC(c2nc3cccc(Br)c3o2)C1,0.275153,NCC(=O)N1CCC1CN1CC(c2nc3cccc(Br)c3o2)C1,0.251403
N#Cc1cc(Br)cc(NC[C@@H](CO)NCCC2NCCc3ccc(O)cc32)c1,0.973952,N#Cc1cc(Br)cc(NC(=O)[C@@H](CO)NCCC2NCCc3ccc(O)cc32)c1,0.802973
C=CCNCCCN(C)CCNCCc1ccccc1Br,0.353867,C=CCNC(=O)CCN(C)CCNCCc1ccccc1Br,0.11469
O=C(O)CCNCCBr,0.006722,O=C(O)CCNC(=O)CBr,0.001233
N#Cc1cc(Br)cc(NC[C@@H](COC(=O)[C@H]2CCCN2Cc2c[nH]c3ccc(F)cc23)NCCN)c1,0.802792,N#Cc1cc(Br)cc(NC[C@@H](COC(=O)[C@H]2CCCN2Cc2c[nH]c3ccc(F)cc23)NC(=O)CN)c1,0.565763
CC[C@@H](CNc1cccc(Br)c1O)N(CCCN)CC1CCN1,0.682886,CC[C@@H](C(=O)Nc1cccc(Br)c1O)N(CCCN)CC1CCN1,0.277174
Nc1ccc(CNC2(C(=O)O)CCC2)cc1Br,0.017943,NC1(C(=O)Nc2ccc(C(=O)O)cc2Br)CCC1,0.000252
N#Cc1ccc(N)c(N(Cc2ccc(F)cc2)C[C@H]2CCCN2)c1,0.291121,N#Cc1ccc(N)c(N(C[C@H]2CCCN2)C(=O)c2ccc(F)cc2)c1,0.169002
CN(CCN(CCc1ccccc1)c1ccc(N)c(O)c1)CC1CCN1Cc1ccc(N)c(Br)c1,0.968486,CN(CCN(CCc1ccccc1)c1ccc(N)c(O)c1)CC1CCN1C(=O)c1ccc(N)c(Br)c1,0.731998
O[C@@H]1CCCN(CC(CBr)Nc2ccnc3ccccc23)C1,0.036597,O=C(C(CBr)Nc1ccnc2ccccc12)N1CCC[C@@H](O)C1,0.001546
CC[C@H](N)CN1CC(CNc2ccccc2S)C1,0.160313,CC[C@H](N)C(=O)N(CC1CNC1)c1ccccc1S,0.161658
C[C@@H](N)CNc1ccc(C(=O)O[C@@H]2CCCNC2)cc1Br,0.06133,C[C@@H](N)C(=O)Nc1ccc(C(=O)O[C@@H]2CCCNC2)cc1Br,0.005754
CN(CCNCCc1ccccc1Br)CC1CNC1,0.311145,CN(CCNCCc1ccccc1Br)C(=O)C1CNC1,0.054524
C=CCNC[C@@H]1Cc2ccc(O)cc2C([C@@H](N)CC)=N1,0.580481,C=CCNC(=O)[C@@H]1Cc2ccc(O)cc2C([C@@H](N)CC)=N1,0.060559
CNCCN[C@@H](C(=O)O)c1ccccc1,0.039924,CNCC(=O)N[C@@H](C(=O)O)c1ccccc1,0.00431
Oc1ccc2c(c1)C(CNc1ccc(F)nc1Br)NCC2,0.855187,O=C(Nc1ccc(F)nc1Br)C1NCCc2ccc(O)cc21,0.382081
Oc1ccc(CCN(Cc2cccc(F)c2F)CC2(NCC3CCN3)CCC2)cc1,0.984018,O=C(NC1(CN(CCc2ccc(O)cc2)Cc2cccc(F)c2F)CCC1)C1CCN1,0.793728
COc1ccc(O)c(N(CC=O)C2CCNC2)c1,0.099914,COc1ccc(O)c(N(C(=O)C=O)C2CCNC2)c1,0.009331
Cc1cc(Br)cnc1NCCCN,0.026955,Cc1cc(Br)cnc1NC(=O)CCN,0.002078
Oc1cc(F)c(F)cc1NCC1CCNCC1,0.123087,O=C(Nc1cc(F)c(F)cc1O)C1CCNCC1,0.012301
NCCN(CCNCCc1ccccc1Br)C[C@@H]1CCCN1,0.421901,NCC(=O)N(CCNCCc1ccccc1Br)C[C@@H]1CCCN1,0.118695
CNCCN1CCC(NCCc2ccc(O)cc2)C1,0.829139,CNCC(=O)N(CCc1ccc(O)cc1)C1CCNC1,0.320384
N#Cc1cccc(C(CBr)N(C[C@@H](CO)NCCCN)c2ccc(Br)cc2O)c1,0.823296,N#Cc1cccc(C(CBr)N(C(=O)[C@@H](CO)NCCCN)c2ccc(Br)cc2O)c1,0.30275
C[C@H](N)CN[C@H](CS)CN1CCC[C@H]1C(=O)O,0.014377,C[C@H](N)CN(C(=O)[C@@H]1CCCN1)[C@H](CS)C(=O)O,0.002987
CN(CCNC1CCC1)CC1NCCc2ccc(O)cc21,0.933365,CN(CC(=O)NC1CCC1)CC1NCCc2ccc(O)cc21,0.613323
CNCCN1CCc2c(OC)cccc2C1CCN(c1cccc(Br)c1O)C1CCCNC1,0.981053,CNCC(=O)N1CCCC(N(CCC2NCCc3c(OC)cccc32)c2cccc(Br)c2O)C1,0.354211
C[C@H](O)CN(c1cc(F)ccc1O)C1CCCN(C2CN(Cc3c[nH]c4cc(Br)ccc34)C2)C1,0.987355,C[C@H](O)C(=O)N(c1cc(F)ccc1O)C1CCCN(C2CN(Cc3c[nH]c4cc(Br)ccc34)C2)C1,0.965793
Oc1ccc(CCN(CC2CCN(Cc3ccc(F)cc3)CC2)C[C@@H]2CCCN2)cc1,0.942429,O=C([C@@H]1CCCN1)N(CCc1ccc(O)cc1)CC1CCN(Cc2ccc(F)cc2)CC1,0.597171
Nc1cccc(Br)c1CN(CCc1ccc(O)cc1)CC1CCN1,0.971986,Nc1cccc(Br)c1CN(CCc1ccc(O)cc1)C(=O)C1CCN1,0.619424
NCCCN(C[C@@H]1CCCN1Cc1c[nH]c2cc(Br)ccc12)c1ccccc1S,0.996218,NCCC(=O)N(C[C@@H]1CCCN1Cc1c[nH]c2cc(Br)ccc12)c1ccccc1S,0.992599
NC1(CNCCCN2CCC(=O)C2)CCC1,0.019404,NC1(C(=O)NCCCN2CCC(=O)C2)CCC1,0.006724
CNCCN[C@@H](CNc1cc(F)ccc1O)Cc1c[nH]c2ccccc12,0.718511,CNCCN[C@H](Cc1c[nH]c2ccccc12)C(=O)Nc1cc(F)ccc1O,0.313497
N#Cc1cc(Br)cc(NCCCN2CCC[C@H]2CN2CCC(=O)CC2)c1,0.781361,N#Cc1cc(Br)cc(NCCCN2CCC[C@H]2C(=O)N2CCC(=O)CC2)c1,0.343274
CCCN1CCCC(Nc2cc(Br)ccc2N(CCBr)Cc2c[nH]c3cc(Br)ccc23)C1,0.994473,CCCN1CCCC(N(C(=O)CBr)c2cc(Br)ccc2NCc2c[nH]c3cc(Br)ccc23)C1,0.990954
N[C@H](CCNc1ccc(Br)cc1)CN1CCC[C@H]1C(=O)O,0.034522,N[C@H](CC(=O)Nc1ccc(Br)cc1)CN1CCC[C@H]1C(=O)O,0.001587
COc1ccc(NCC2CCN2)c(NC[C@@H]2CCCN2)c1,0.060646,COc1ccc(NC(=O)C2CCN2)c(NC[C@@H]2CCCN2)c1,0.022376
CN(CCNc1cccnc1Br)Cc1c[nH]c2ccccc12,0.368205,CN(CC(=O)Nc1cccnc1Br)Cc1c[nH]c2ccccc12,0.028092
C[C@H](N)CN1C(c2c[nH]c3ccc(Br)cc23)c2cc(O)ccc2C[C@H]1CN1CC(=O)C1,0.983747,C[C@H](N)C(=O)N1C(c2c[nH]c3ccc(Br)cc23)c2cc(O)ccc2C[C@H]1CN1CC(=O)C1,0.793837
O=C(O)C[C@@H](C(=O)O)N(C[C@H]1CCCN1)C(CCl)c1ccc(F)cc1,0.019486,O=C(O)C[C@@H](C(=O)O)N(C(=O)[C@H]1CCCN1)C(CCl)c1ccc(F)cc1,0.005871
COc1cccc2c1CCNC2CN1CCC[C@H]1CNCCc1c[nH]c2ccccc12,0.995354,COc1cccc2c1CCNC2CN1CCC[C@H]1C(=O)NCCc1c[nH]c2ccccc12,0.974848
C[C@@H](CN1CCC(=O)C1)NCCCN,0.045409,C[C@@H](CN1CCC(=O)C1)NC(=O)CCN,0.008652
CC[C@H](N)CN[C@H](C)CNc1ccc(Br)cc1N,0.06703,CC[C@H](N)CN[C@H](C)C(=O)Nc1cc(Br)ccc1N,0.006334
Brc1ccc2[nH]cc(CN(c3ccccn3)C3CN(C[C@@H]4CCCN4)C3)c2c1,0.995671,O=C([C@@H]1CCCN1)N1CC(N(Cc2c[nH]c3ccc(Br)cc23)c2ccccn2)C1,0.568578
NCCN(CCN1CCN(c2ccc(O)c(NC(=O)CO)c2)CC1)Cc1c[nH]c2ccc(Br)cc12,0.82715,NCC(=O)N(CCN1CCN(c2ccc(O)c(NC(=O)CO)c2)CC1)Cc1c[nH]c2ccc(Br)cc12,0.899858
C#CCN(Cc1c[nH]c2cc(Br)ccc12)c1ccc(O)c(N(CCCN)C2CCCNC2)c1,0.969044,C#CCN(Cc1c[nH]c2cc(Br)ccc12)c1ccc(O)c(N(C(=O)CCN)C2CCCNC2)c1,0.789553
Brc1ccc2c(CN3CCCC(N(CCc4ccccc4)CC4CCN4)C3)c[nH]c2c1,0.999986,O=C(C1CCN1)N(CCc1ccccc1)C1CCCN(Cc2c[nH]c3cc(Br)ccc23)C1,0.955938
CC[C@H](NCCBr)C(=O)O,0.003657,CC[C@H](NC(=O)CBr)C(=O)O,0.000932
Fc1ccc(CN2CCC[C@H]2CN(CCc2ccccc2)C2CCNCC2)cc1,0.887801,O=C(c1ccc(F)cc1)N1CCC(N(CCc2ccccc2)C[C@@H]2CCCN2)CC1,0.777734
C#CCN(CCN)c1ccccc1CCNC1CNC1,0.262395,C#CCN(C(=O)CN)c1ccccc1CCNC1CNC1,0.375399
Oc1ccc(CCN(CCBr)C[C@@H]2CCCN2)cc1,0.887266,O=C(CBr)N(CCc1ccc(O)cc1)C[C@@H]1CCCN1,0.192347
NCCN1CCCC(N(CC2CCN2Cc2c[nH]c3ccc(Br)cc23)c2ccc(Br)cc2O)C1,0.999991,NCC(=O)N1CCCC(N(CC2CCN2Cc2c[nH]c3ccc(Br)cc23)c2ccc(Br)cc2O)C1,0.924731
Oc1cc(Br)ccc1N(C[C@H]1CCCN1)C1CN(Cc2c[nH]c3ccc(Br)cc23)C1,0.999993,O=C([C@H]1CCCN1)N(c1ccc(Br)cc1O)C1CN(Cc2c[nH]c3ccc(Br)cc23)C1,0.987211
COc1ccccc1CNC[C@@H](C)NCC1CCNCC1,0.089234,COc1ccccc1CNC(=O)[C@@H](C)NCC1CCNCC1,0.022239
C[C@H](N)CNc1cc(CN(C)CCNCCc2ccccc2Br)ccc1O,0.966357,C[C@H](N)C(=O)Nc1cc(CN(C)CCNCCc2ccccc2Br)ccc1O,0.764468
Nc1cc(CN2CCC(N3CCC[C@@H]3C(=O)O)C2)ccc1O,0.179957,Nc1cc(C(=O)N2CCC(N3CCC[C@@H]3C(=O)O)C2)ccc1O,0.052508
C[C@@H](N)CN1CCC[C@@H]1CN(CC=O)CCc1ccccc1Br,0.352703,C[C@@H](N)C(=O)N1CCC[C@@H]1CN(CC=O)CCc1ccccc1Br,0.110021
Sc1ccccc1NCC1CN(Cc2c[nH]c3cc(Br)ccc23)C1,0.853216,O=C(Nc1ccccc1S)C1CN(Cc2c[nH]c3cc(Br)ccc23)C1,0.097315
C[C@@H](N)CN1CCC(N(CCCN)c2ccc(Br)cc2O)CC1,0.577933,C[C@@H](N)C(=O)N1CCC(N(CCCN)c2ccc(Br)cc2O)CC1,0.038731
CC[C@@H](CNCCc1ccc(O)cc1)NC1CN(CC=O)C1,0.683215,CC[C@H](NC1CN(CC=O)C1)C(=O)NCCc1ccc(O)cc1,0.179416
C[C@@H](CN1CCC(N(CC2CNC2)c2cc(Br)cc(C#N)c2)C1)NCC=O,0.232294,C[C@@H](CN1CCC(N(CC2CNC2)c2cc(Br)cc(C#N)c2)C1)NC(=O)C=O,0.153384
Sc1ccccc1N(CCBr)C1CCCN(CCC2NCCc3c(Br)cccc32)C1,0.999984,O=C(CBr)N(c1ccccc1S)C1CCCN(CCC2NCCc3c(Br)cccc32)C1,0.970794
CNCCNCCOC,0.015188,CNCC(=O)NCCOC,0.003223
CC[C@H](N)CN(CCO)CCC1NCCc2c(OC)cccc21,0.751907,CC[C@H](N)C(=O)N(CCO)CCC1NCCc2c(OC)cccc21,0.042237
CN(CCN1CCc2c(Br)cccc2C1c1c[nH]c2cc(-c3cccc(F)c3F)ccc12)C[C@@H]1CCCN1,0.930859,CN(CCN1CCc2c(Br)cccc2C1c1c[nH]c2cc(-c3cccc(F)c3F)ccc12)C(=O)[C@@H]1CCCN1,0.803004
Brc1ccccc1CCN(C[C@H]1CCCN1)C[C@@H]1CCCN1,0.558629,O=C([C@@H]1CCCN1)N(CCc1ccccc1Br)C[C@H]1CCCN1,0.067035
CNCCN1CCC(Nc2cc(Br)ccc2O)C1,0.202825,CNCC(=O)N(c1cc(Br)ccc1O)C1CCNC1,0.130605
C[C@H](N)CNCCN(c1cc(C#N)ccc1O)C1CN(Cc2c[nH]c3cc(Br)ccc23)C1,0.991245,C[C@H](N)C(=O)NCCN(c1cc(C#N)ccc1O)C1CN(Cc2c[nH]c3cc(Br)ccc23)C1,0.911747
CC[C@H](N)CNCCCNCc1cccc(OC)c1,0.197134,CC[C@H](N)CNCCC(=O)NCc1cccc(OC)c1,0.016159
NCCN(c1ccc(Br)cc1)C1CCNCC1,0.058631,NCC(=O)N(c1ccc(Br)cc1)C1CCNCC1,0.038977
CC(CCl)N(CCc1c[nH]c2ccccc12)C[C@@H]1CCCN1,0.920028,CC(CCl)N(CCc1c[nH]c2ccccc12)C(=O)[C@@H]1CCCN1,0.135504
O=Cc1c[nH]c2ccc(N(C[C@@H]3CCCN3)c3ccc(Br)cc3)cc12,0.486592,O=Cc1c[nH]c2ccc(N(C(=O)[C@@H]3CCCN3)c3ccc(Br)cc3)cc12,0.360339
NCCN(CC(=O)O)C1CCCNC1,0.019243,NCC(=O)N(CC(=O)O)C1CCCNC1,0.006376
O=C1CCN(C[C@@H]2CCCN2)CC1,0.049546,O=C1CCN(C(=O)[C@@H]2CCCN2)CC1,0.003747
COc1ccccc1CN(CCCN(CCBr)Cc1c[nH]c2cc(Br)ccc12)CC1(N)CCC1,0.980148,COc1ccccc1CN(CCCN(Cc1c[nH]c2cc(Br)ccc12)C(=O)CBr)CC1(N)CCC1,0.934884
O=C1CCN(C[C@H](CCN(Cc2c[nH]c3ccc(F)cc23)c2cc(F)ccc2O)NCCBr)CC1,0.985154,O=C1CCN(C[C@H](CCN(Cc2c[nH]c3ccc(F)cc23)c2cc(F)ccc2O)NC(=O)CBr)CC1,0.929222
N[C@H](CS)CN1CCC(NCCCNc2ccccn2)CC1,0.264844,N[C@H](CS)CN1CCC(NCCC(=O)Nc2ccccn2)CC1,0.087719
NCCCN1CC(CN(CCN)c2ccccc2O)C1,0.087009,NCCCN1CC(CN(C(=O)CN)c2ccccc2O)C1,0.336145
CNCCN(CC1(N(Cc2c[nH]c3cc(Br)ccc23)C2CCCNC2)CCC1)c1cc(F)ccc1O,0.862131,CNCC(=O)N(CC1(N(Cc2c[nH]c3cc(Br)ccc23)C2CCCNC2)CCC1)c1cc(F)ccc1O,0.745034
N[C@@H](CN1CCC[C@H]1C(=O)O)c1ccccc1,0.023749,N[C@@H](C(=O)N1CCC[C@H]1C(=O)O)c1ccccc1,0.001831
O=C(O)C[C@@H](NC[C@@H]1CCCN1)C(=O)O,0.008381,O=C(O)C[C@@H](NC(=O)[C@@H]1CCCN1)C(=O)O,0.002717
C#CCN(CCCN)CC1(N)CCC1,0.042845,C#CCN(CCCN)C(=O)C1(N)CCC1,0.004972
COc1ccccc1CCN(Cc1c[nH]c2ccccc12)C[C@H]1CCCN1,0.98138,COc1ccccc1CCN(Cc1c[nH]c2ccccc12)C(=O)[C@H]1CCCN1,0.264014
CC(C)C[C@H](CNCCc1ccc(O)cc1)NCc1c[nH]c2ccc(C#N)cc12,0.919359,CC(C)C[C@@H](NCc1c[nH]c2ccc(C#N)cc12)C(=O)NCCc1ccc(O)cc1,0.171201
c1cc(NCCCNC2CCCN(C[C@H]3CCCN3)C2)c2[nH]ccc2c1,0.556543,O=C([C@H]1CCCN1)N(CCCNC1CCCNC1)c1cccc2cc[nH]c12,0.169704
Nc1ccc(NCCCN2CCC2CNCCc2c[nH]c3ccccc23)cc1O,0.972444,Nc1ccc(NCCCN2CCC2C(=O)NCCc2c[nH]c3ccccc23)cc1O,0.773404
Nc1cc(CN2CCC[C@H]2CN2CC(=O)C2)ccc1O,0.112155,Nc1cc(C(=O)N2CCC[C@H]2CN2CC(=O)C2)ccc1O,0.031633
c1cc(CCNC[C@@H]2CCCN2)ccn1,0.419007,O=C(NCCc1ccncc1)[C@@H]1CCCN1,0.021391
CN(CCN(CC1CCN1)c1ccccc1S)C(CCl)c1ccc(F)cc1,0.954287,CN(CCN(C(=O)C1CCN1)c1ccccc1S)C(CCl)c1ccc(F)cc1,0.9492
NCCc1ccccc1N(C[C@@H]1CCCN1CCN)C1CC1,0.69692,NCCc1ccccc1N(C[C@@H]1CCCN1C(=O)CN)C1CC1,0.019398
CN(CCNc1cccnc1Br)C[C@H]1CCCNC1,0.377569,CN(CC(=O)Nc1cccnc1Br)C[C@H]1CCCNC1,0.058832
O=C(CBr)CN(CCCO)C(CCl)c1ccc(Br)cc1,0.002709,O=C(CBr)C(=O)N(CCCO)C(CCl)c1ccc(Br)cc1,0.00047
NCCN(CCCN1CCN(c2cccc(N)c2N)CC1)Cc1c[nH]c2ccc(Br)cc12,0.994331,NCC(=O)N(CCCN1CCN(c2cccc(N)c2N)CC1)Cc1c[nH]c2ccc(Br)cc12,0.996204
COc1ccccc1CCN(CCCNCc1ccc(F)cc1)Cc1ccncc1F,0.953887,COc1ccccc1CCN(CCCNC(=O)c1ccc(F)cc1)Cc1ccncc1F,0.336026
CNCCN1CCC(N(Cc2ccncc2F)c2cc(Br)cc(C#N)c2)C1,0.789872,CNCC(=O)N1CCC(N(Cc2ccncc2F)c2cc(Br)cc(C#N)c2)C1,0.094334
Brc1cccc(C2c3cccc(Br)c3CCN2C[C@H]2CCCN2)c1,0.988858,O=C([C@H]1CCCN1)N1CCc2c(Br)cccc2C1c1cccc(Br)c1,0.320823
NCCN1CCC(CN(CCc2c[nH]c3ccccc23)C2CCN(c3ccc(N)cc3)C2)CC1,0.973763,NCC(=O)N1CCC(CN(CCc2c[nH]c3ccccc23)C2CCN(c3ccc(N)cc3)C2)CC1,0.486076
Nc1ccc(CN2CCCC(=O)C2)cc1Br,0.022482,Nc1ccc(C(=O)N2CCCC(=O)C2)cc1Br,0.00097
C#CCN(Cc1ccc(NC(=O)NCC=C)c(Br)c1)CC1CNC1,0.074898,C#CCN(Cc1ccc(NC(=O)NCC=C)c(Br)c1)C(=O)C1CNC1,0.022788
Brc1ccc(NC[C@@H]2CCCN2)c(NC2CCNCC2)c1,0.117488,O=C(Nc1ccc(Br)cc1NC1CCNCC1)[C@@H]1CCCN1,0.048236
Nc1ccc(-c2cc(F)ccc2O)cc1N(C[C@@H]1CCCN1C[C@H](N)CS)C1CCNC1,0.950906,Nc1ccc(-c2cc(F)ccc2O)cc1N(C[C@@H]1CCCN1)C1CCN(C(=O)[C@H](N)CS)C1,0.281766
COc1ccccc1CCN(CCCNc1cc(F)ccc1O)C1CNC1,0.999999,COc1ccccc1CCN(CCC(=O)Nc1cc(F)ccc1O)C1CNC1,0.977104
O=C(O)[C@@H]1CCCN(C[C@H](CO)NCc2c[nH]c3cc(Br)ccc23)C1,0.469209,O=C(O)[C@@H]1CCCN(C(=O)[C@H](CO)NCc2c[nH]c3cc(Br)ccc23)C1,0.017315
C[C@@H](N)CN(CCCN)CCc1ccc(O)cc1,0.822262,C[C@@H](N)C(=O)N(CCCN)CCc1ccc(O)cc1,0.181584
COc1ccc(N)c(N(CCN)C2CCCN(C[C@@H]3CCCN3Cc3c[nH]c4ccc(Br)cc34)C2)c1,0.984003,COc1ccc(N)c(N(C(=O)CN)C2CCCN(C[C@@H]3CCCN3Cc3c[nH]c4ccc(Br)cc34)C2)c1,0.949236
CC[C@H](N)CN(CCc1c[nH]c2ccccc12)C[C@H](C)NCc1cccc(Br)c1,0.974103,CC[C@H](N)C(=O)N(CCc1c[nH]c2ccccc12)C[C@H](C)NCc1cccc(Br)c1,0.270905
NCCCN1CC(N(C[C@H]2CCCN2)c2ccccc2O)C1,0.511505,NCCCN1CC(N(C(=O)[C@H]2CCCN2)c2ccccc2O)C1,0.6383
CN(CCN(CCc1ccccc1Br)Cc1c[nH]c2cc(Br)ccc12)C[C@H](N)CCNC12CC(C1)C2,0.953737,CN(CCN(CCc1ccccc1Br)Cc1c[nH]c2cc(Br)ccc12)C[C@H](N)CC(=O)NC12CC(C1)C2,0.920741
OCCCNCC1NCCc2ccccc21,0.676988,O=C(NCCCO)C1NCCc2ccccc21,0.067659
C=CCN1CCCC(N(CC2CCN2Cc2c[nH]c3cc(Br)ccc23)c2cccc(Br)c2N)C1,0.999994,C=CC(=O)N1CCCC(N(CC2CCN2Cc2c[nH]c3cc(Br)ccc23)c2cccc(Br)c2N)C1,0.910447
c1cc(CCNCC2(NC3CNC3)CCC2)ccn1,0.273919,O=C(NCCc1ccncc1)C1(NC2CNC2)CCC1,0.058648
Oc1c(Br)cccc1N(CCC1NCCc2c(Br)cccc21)CC1CCN1,0.943704,O=C(C1CCN1)N(CCC1NCCc2c(Br)cccc21)c1cccc(Br)c1O,0.876296
CSCC[C@H](N)CN(C)CC(=O)O,0.005898,CSCC[C@H](N)C(=O)N(C)CC(=O)O,0.001589
NCCN(Cc1c[nH]c2cc(Br)ccc12)c1ccccc1O,0.394113,NCC(=O)N(Cc1c[nH]c2cc(Br)ccc12)c1ccccc1O,0.386986
Oc1ccc2[nH]cc(CCNCC3CCN3CC(CBr)Nc3ccc(Br)cc3)c2c1,0.994959,O=C(NCCc1c[nH]c2ccc(O)cc12)C1CCN1CC(CBr)Nc1ccc(Br)cc1,0.90945
CC(C)C[C@H](N)CN1CCC[C@@H]1C(=O)O,0.010713,CC(C)C[C@H](N)C(=O)N1CCC[C@@H]1C(=O)O,0.002263
CC(C)C[C@H](N)CN(CCN(CCCN)Cc1ccc(N)c(Br)c1)c1cc(Br)ccc1O,0.979013,CC(C)C[C@H](N)CN(CCN(Cc1ccc(N)c(Br)c1)C(=O)CCN)c1cc(Br)ccc1O,0.356452
Oc1ccc(F)cc1NCC1CN(C[C@@H]2CCCN2)C1,0.539672,O=C(Nc1cc(F)ccc1O)C1CN(C[C@@H]2CCCN2)C1,0.070651
CC[C@@H](CN(C[C@@H](C)N)c1ccc(Br)cc1N)N(Cc1c[nH]c2ccc(Br)cc12)CC1CCN1,0.963641,CC[C@@H](CN(C[C@@H](C)N)c1ccc(Br)cc1N)N(Cc1c[nH]c2ccc(Br)cc12)C(=O)C1CCN1,0.556956
NC1(CN2CCC(=O)C2)CCC1,0.016138,NC1(C(=O)N2CCC(=O)C2)CCC1,0.001792
N#Cc1cc(Br)cc(N(CC2CCN2)C2CCCN(Cc3c[nH]c4cc(Br)ccc34)C2)c1,0.999989,N#Cc1cc(Br)cc(N(C(=O)C2CCN2)C2CCCN(Cc3c[nH]c4cc(Br)ccc34)C2)c1,0.968595
CN(CCN(Cc1ccc(F)cc1)C1CC1)C[C@H](CS)Nc1cc(F)ccc1C(=O)CCl,0.905907,CN(CCN(C(=O)c1ccc(F)cc1)C1CC1)C[C@H](CS)Nc1cc(F)ccc1C(=O)CCl,0.458985
N[C@H](CO)CN(CC1CNC1)c1ccccc1O,0.140726,N[C@H](CO)CN(C(=O)C1CNC1)c1ccccc1O,0.162323
CNCCN(CCC(=O)O)[C@@H](C)CNCc1cccc(O)c1,0.315799,CNCCN(CCC(=O)NCc1cccc(O)c1)[C@@H](C)C(=O)O,0.023266
COc1ccccc1CN(CCN(C)CC1CCN1)Cc1c[nH]c2ccccc12,0.889442,COc1ccccc1CN(CCN(C)C(=O)C1CCN1)Cc1c[nH]c2ccccc12,0.535118
Cc1cc(Br)cnc1NC1CN(C[C@H]2CCCN2)C1,0.533783,Cc1cc(Br)cnc1N(C(=O)[C@H]1CCCN1)C1CNC1,0.076716
Nc1cccc(N(CCc2ccccc2Br)C[C@@H]2CCCN2C[C@@H]2CCCN2)c1O,0.987567,Nc1cccc(N(CCc2ccccc2Br)C[C@@H]2CCCN2C(=O)[C@@H]2CCCN2)c1O,0.192733
C=CCNC[C@@H](N)CCCN(Cc1c[nH]c2cc(Br)ccc12)C1CN(Cc2ccc(F)cc2)C1,0.984657,C=CCNC(=O)[C@@H](N)CCCN(Cc1c[nH]c2cc(Br)ccc12)C1CN(Cc2ccc(F)cc2)C1,0.967741
C[C@H](N)CN(CC1CCN(CC2CCN2)CC1)c1ccc(Br)cc1O,0.673216,C[C@H](N)C(=O)N(CC1CCN(CC2CCN2)CC1)c1ccc(Br)cc1O,0.947586
Oc1ccc(F)cc1N(Cc1c[nH]c2cc(Br)ccc12)C1CCCN(C[C@@H]2CCCN2CC2CCN2)C1,0.974158,O=C(C1CCN1)N1CCC[C@H]1CN1CCCC(N(Cc2c[nH]c3cc(Br)ccc23)c2cc(F)ccc2O)C1,0.925613
COC(=O)CCN1CCCC(N(Cc2cccc(F)c2F)c2c(N)cccc2Br)C1,0.873799,COC(=O)CCN1CCCC(N(C(=O)c2cccc(F)c2F)c2c(N)cccc2Br)C1,0.777714
NCCCN1CCc2c(Br)cccc2C1CN(c1ccc(Br)cc1N)C1CCCNC1,0.9928,NCCC(=O)N1CCCC(N(CC2NCCc3c(Br)cccc32)c2ccc(Br)cc2N)C1,0.300757
COc1ccccc1CCNC[C@@H]1CCCN1CCCNC[C@@H](N)CO,0.526148,COc1ccccc1CCNC(=O)[C@@H]1CCCN1CCCNC[C@@H](N)CO,0.241641
Oc1ccc(F)cc1NCCCNC1CNC1,0.560346,O=C(CCNC1CNC1)Nc1cc(F)ccc1O,0.135332
N[C@H](CS)CNCCc1ccccc1Br,0.186559,N[C@H](CS)C(=O)NCCc1ccccc1Br,0.000799
COc1cccc(CN(CCN(C)Cc2c[nH]c3cc(Br)ccc23)C[C@H]2CCCN2CCN)c1,0.95873,COc1cccc(CN(CCN(C)Cc2c[nH]c3cc(Br)ccc23)C[C@H]2CCCN2C(=O)CN)c1,0.828099
Sc1ccccc1N(C[C@@H]1CCCN1Cc1c[nH]c2ccc(Br)cc12)C1CCN(CC2CCN2)C1,0.99732,O=C(C1CCN1)N1CCC(N(C[C@@H]2CCCN2Cc2c[nH]c3ccc(Br)cc23)c2ccccc2S)C1,0.919304
C[C@@H](O)[C@@H](N)CN(CC(CBr)N(CC1CCN1)c1cccc2cc[nH]c12)c1cc(F)ccc1O,0.721207,C[C@@H](O)[C@@H](N)CN(CC(CBr)N(C(=O)C1CCN1)c1cccc2cc[nH]c12)c1cc(F)ccc1O,0.445726
Brc1ccccc1CN(CCc1ccccc1I)C1CN(CC2CCN2)C1,0.682851,O=C(C1CCN1)N1CC(N(CCc2ccccc2I)Cc2ccccc2Br)C1,0.146301
COc1ccccc1CCN(CCCN)C[C@H]1CCCN1Cc1cccc(O)c1N,0.980969,COc1ccccc1CCN(CCCN)C[C@H]1CCCN1C(=O)c1cccc(O)c1N,0.925551
Oc1ccc(CCNCCNCCc2c[nH]c3ccccc23)cc1,0.951502,O=C(CNCCc1ccc(O)cc1)NCCc1c[nH]c2ccccc12,0.819689
CN(CCCN)CCN1CCC1CNc1ccccn1,0.367833,CN(CCN1CCC1CNc1ccccn1)C(=O)CCN,0.177135
c1ccc2c(CCNCCNCC3CNC3)c[nH]c2c1,0.645237,O=C(CNCC1CNC1)NCCc1c[nH]c2ccccc12,0.468368
CN(CCN1CC(NC2CC2)C1)Cc1ccc(N)c(Br)c1,0.591655,CN(CCN1CC(NC2CC2)C1)C(=O)c1ccc(N)c(Br)c1,0.777261
NCCN(CC1CCNCC1)c1ccc(Br)cc1O,0.113266,NCCN(C(=O)C1CCNCC1)c1ccc(Br)cc1O,0.094898
C[C@H](N)CNCCNc1cc(Br)ccc1N,0.092643,C[C@H](N)CNCC(=O)Nc1cc(Br)ccc1N,0.021578
CNCCN(c1cc(Br)ccc1NCCN)C1CCCNC1,0.164172,CNCC(=O)N(CCN)c1ccc(Br)cc1NC1CCCNC1,0.156909
CC[C@@H](CN(C(CCl)c1ccc(Br)cc1)C12CC(C1)C2)NCCBr,0.678816,CC[C@@H](CN(C(CCl)c1ccc(Br)cc1)C12CC(C1)C2)NC(=O)CBr,0.127253
Oc1cc(Br)ccc1N(CC1CCN1Cc1c[nH]c2ccc(Br)cc12)C1CCN(CC2CCN2)CC1,0.994044,O=C(C1CCN1)N1CCC(N(CC2CCN2Cc2c[nH]c3ccc(Br)cc23)c2ccc(Br)cc2O)CC1,0.840589
Nc1cccc(Br)c1CN1CCC1C(=O)O,0.001656,Nc1cccc(Br)c1C(=O)N1CCC1C(=O)O,0.000216
Nc1ccc(NCCCN(c2cccc3cc[nH]c23)C2CCCN(CC3CCN3)C2)cc1,0.894281,Nc1ccc(N(CCCN(c2cccc3cc[nH]c23)C2CCCNC2)C(=O)C2CCN2)cc1,0.57709
NCCCCN(Cc1cccc(F)n1)C1CCN(C[C@H](CO)NCc2ccc(CCl)cc2)C1,0.744348,NCCCCN(Cc1cccc(F)n1)C1CCN(C[C@H](CO)NC(=O)c2ccc(CCl)cc2)C1,0.568601
CNCCN(C1CCNC1)[C@H](CNCCc1ccccc1Br)CC(=O)O,0.127329,CNCCN(C1CCNC1)[C@@H](CC(=O)NCCc1ccccc1Br)C(=O)O,0.040373
CC(C)[C@@H](CNCCc1ccc(O)cc1)NCC1CNC1,0.267418,CC(C)[C@H](NCC1CNC1)C(=O)NCCc1ccc(O)cc1,0.060836
C[C@@H](N)CN(CCCN(CCBr)CCc1ccc(O)cc1)CCc1ccc(O)cc1,0.399571,C[C@@H](N)C(=O)N(CCCN(CCBr)CCc1ccc(O)cc1)CCc1ccc(O)cc1,0.608732
Oc1cc(F)cc(-c2ccc3[nH]cc(CN4CCC(CN(CC5CNC5)C5CC5)CC4)c3c2)c1,0.959,O=C(C1CNC1)N(CC1CCN(Cc2c[nH]c3ccc(-c4cc(O)cc(F)c4)cc23)CC1)C1CC1,0.568471
Brc1ccc2[nH]cc(CN(CCc3c[nH]c4ccccc34)CC3CCN3CC3CCN3)c2c1,0.988163,O=C(C1CCN1)N1CCC1CN(CCc1c[nH]c2ccccc12)Cc1c[nH]c2ccc(Br)cc12,0.908519
Oc1ccc(F)cc1N(Cc1ccc(F)cc1)CC1CNC1,0.650786,O=C(C1CNC1)N(Cc1ccc(F)cc1)c1cc(F)ccc1O,0.460843
C=CCN(CCC)[C@H](CCSC)CN(CCN)c1ccccc1O,0.132157,C=CC(=O)N(CCC)[C@H](CCSC)CN(CCN)c1ccccc1O,0.005357
Nc1c(Br)cccc1NCC(=O)CBr,0.002303,Nc1c(Br)cccc1NC(=O)C(=O)CBr,0.000128
CNCCN(CCNc1ccc(O)c(N)c1)CCc1ccccc1OC,0.904623,CNCC(=O)N(CCNCCc1ccccc1OC)c1ccc(O)c(N)c1,0.928175
Brc1ccc(N(C[C@H]2CCCN2)C[C@@H]2CCCN2Cc2c[nH]c3cc(Br)ccc23)cc1,0.996582,O=C([C@H]1CCCN1)N(C[C@@H]1CCCN1Cc1c[nH]c2cc(Br)ccc12)c1ccc(Br)cc1,0.994199
CN(CCNc1cc(Br)ccc1O)Cc1c[nH]c2ccc(Br)cc12,0.871026,CN(CC(=O)Nc1cc(Br)ccc1O)Cc1c[nH]c2ccc(Br)cc12,0.340753
Oc1ccc(CCNCc2ccc(O)c(N(CC3CNC3)CC3CCN3)c2)cc1,0.94512,O=C(C1CNC1)N(CC1CCN1)c1cc(CNCCc2ccc(O)cc2)ccc1O,0.891615
CCCN1CCC[C@@H]1CN(C)CCNCCc1ccc(O)cc1,0.955781,CCCN1CCC[C@@H]1CN(C)CC(=O)NCCc1ccc(O)cc1,0.756473
COc1ccccc1CCNCCCNCCCN(Cc1c[nH]c2cc(Br)ccc12)C[C@@H](C)O,0.968653,COc1ccccc1CCN(CCCNCCCNCc1c[nH]c2cc(Br)ccc12)C(=O)[C@@H](C)O,0.506975
CC(CCl)N(CC1CCN1)c1cc(F)c(F)cc1O,0.051684,CC(CCl)N(C(=O)C1CCN1)c1cc(F)c(F)cc1O,0.024103
CN(CCNC12CC(C1)C2)CC1CNC1,0.020701,CN(CC(=O)NC12CC(C1)C2)CC1CNC1,0.007029
CN(CCCNCCc1c[nH]c2ccccc12)CC(=O)O,0.713697,CN(CCC(=O)NCCc1c[nH]c2ccccc12)CC(=O)O,0.030184
C[C@H](CNc1ccc(Br)cc1)NCC1CNC1,0.100705,C[C@@H](NCC1CNC1)C(=O)Nc1ccc(Br)cc1,0.008843
CC[C@H](N)CN(C[C@@H]1CCCN1CCC=O)c1ccccc1S,0.436922,CC[C@H](N)C(=O)N(C[C@@H]1CCCN1CCC=O)c1ccccc1S,0.718643
C[C@H](CN(Cc1c[nH]c2cc(Br)ccc12)c1cc(F)ccc1O)N(C[C@H]1CCCN1)C1CCCNC1,0.904847,C[C@H](CN(Cc1c[nH]c2cc(Br)ccc12)c1cc(F)ccc1O)N(C(=O)[C@H]1CCCN1)C1CCCNC1,0.447489
CNCCNc1ccc(C(=O)O)cc1N,0.033315,CNCC(=O)Nc1cc(C(=O)O)ccc1N,0.00559
C#CCN(C[C@H]1CCCN1)c1ncccc1N1CCN(Cc2c[nH]c3cc(Br)ccc23)CC1,0.992521,C#CCN(C(=O)[C@H]1CCCN1)c1ncccc1N1CCN(Cc2c[nH]c3cc(Br)ccc23)CC1,0.992718
CC(C)C[C@H](CNC1CC1)Nc1ccnc(F)c1,0.117097,CC(C)C[C@@H](Nc1ccnc(F)c1)C(=O)NC1CC1,0.025595
CC[C@H](N)CN(C(CCl)c1ccc(F)cc1)[C@H](CCCN1CCCC(=O)C1)c1nc2ccc(Br)cc2o1,0.945971,CC[C@H](N)CN(C(CCl)c1ccc(F)cc1)[C@H](CCC(=O)N1CCCC(=O)C1)c1nc2ccc(Br)cc2o1,0.167215
Nc1ccc(F)nc1N1CCC[C@@H]1CNCCc1c[nH]c2ccccc12,0.793679,Nc1ccc(F)nc1N1CCC[C@@H]1C(=O)NCCc1c[nH]c2ccccc12,0.034385
NC1(CN[C@H](CO)CN2CC(N(CCBr)c3cc(Br)ccc3O)C2)CCC1,0.505342,NC1(C(=O)N[C@H](CO)CN2CC(N(CCBr)c3cc(Br)ccc3O)C2)CCC1,0.284848
CC(C)(N)CN1CCC(C(=O)O)CC1,0.029909,CC(C)(N)C(=O)N1CCC(C(=O)O)CC1,0.002289
C=CCN1CCC(N(CC2CCN2)c2cc(F)c(F)cc2O)C1,0.623573,C=CC(=O)N1CCC(N(CC2CCN2)c2cc(F)c(F)cc2O)C1,0.110444
CC[C@H](C)[C@@H](CN1CC(CN(c2ccccc2O)C(CCl)c2ccc(Br)cc2)C1)NCC1CCN1,0.751842,CC[C@H](C)[C@@H](CN1CC(CN(c2ccccc2O)C(CCl)c2ccc(Br)cc2)C1)NC(=O)C1CCN1,0.621746
O=CCN(CCc1c[nH]c2ccccc12)C(CCl)c1ccc(F)cc1N1CCC1CNC1CC1,0.995001,O=CC(=O)N(CC1CCN1c1cc(F)ccc1C(CCl)NCCc1c[nH]c2ccccc12)C1CC1,0.531094
C#Cc1ccc(O)c(N(C[C@@H](C)N)C2CCCNC2)c1,0.351408,C#Cc1ccc(O)c(N(C(=O)[C@@H](C)N)C2CCCNC2)c1,0.187882
C[C@H](N)CN1CCC[C@H]1CN1CC(N(Cc2ccc(F)c(F)c2F)c2ccccc2O)C1,0.962556,C[C@H](N)C(=O)N1CCC[C@H]1CN1CC(N(Cc2ccc(F)c(F)c2F)c2ccccc2O)C1,0.873022
BrCCN1CCNCC1,0.010192,O=C(CBr)N1CCNCC1,0.003546
C[C@@H](O)[C@H](CNCCC(=O)O)NC1CNC1,0.018123,C[C@@H](O)[C@@H](NC1CNC1)C(=O)NCCC(=O)O,0.004328
Oc1ccc(F)cc1NC[C@@H]1CCCN1C[C@H]1CCCN1C(CCl)c1ccc(F)cc1,0.972653,O=C(Nc1cc(F)ccc1O)[C@@H]1CCCN1C[C@H]1CCCN1C(CCl)c1ccc(F)cc1,0.886834
COc1cccc(CN(CCN2CC(=O)C2)CC(=O)O)c1,0.004842,COc1cccc(CN(CC(=O)O)CC(=O)N2CC(=O)C2)c1,0.000607
Sc1ccccc1N(CC1CCN(Cc2cccc(Br)c2)CC1)C[C@H]1CCCN1,0.945702,O=C([C@H]1CCCN1)N(CC1CCN(Cc2cccc(Br)c2)CC1)c1ccccc1S,0.895514
NCCN1CCC1CNc1cccnc1Br,0.240106,NCC(=O)N(CC1CCN1)c1cccnc1Br,0.096061
O=C(O)[C@@H](CO)NCC1CNC1,0.011989,O=C(N[C@H](CO)C(=O)O)C1CNC1,0.002401
NCCNc1cc(Br)ccc1NC[C@H]1CCCN1CC1CNC1,0.331479,NCC(=O)Nc1cc(Br)ccc1NC[C@H]1CCCN1CC1CNC1,0.229635
N[C@@H](CN[C@@H](Cc1c[nH]c2ccccc12)CN1CCC(N2CCNCC2)C1)c1ccccc1,0.64779,N[C@@H](C(=O)N[C@@H](Cc1c[nH]c2ccccc12)CN1CCC(N2CCNCC2)C1)c1ccccc1,0.590399
Oc1ccc(F)cc1NC[C@H]1CCCN1C1CCCN(Cc2c[nH]c3cc(Br)ccc23)C1,0.962195,O=C(Nc1cc(F)ccc1O)[C@H]1CCCN1C1CCCN(Cc2c[nH]c3cc(Br)ccc23)C1,0.929177
CNCCN(CCN)CCc1ccccc1N1CCN(Cc2c[nH]c3cc(Br)ccc23)CC1,0.999994,CN(CCNCCc1ccccc1N1CCN(Cc2c[nH]c3cc(Br)ccc23)CC1)C(=O)CN,0.994892
CC(C)(N)CNCC(=O)O,0.005891,CC(C)(N)C(=O)NCC(=O)O,0.001386
C[C@H](CN(C)CCNCc1ccc(O)cc1)NC1CNC1,0.545703,C[C@H](CN(C)CC(=O)NCc1ccc(O)cc1)NC1CNC1,0.208134
N[C@H](CCC(=O)O)CNCCc1ccncc1,0.099132,N[C@H](CCC(=O)NCCc1ccncc1)C(=O)O,0.004664
COc1ccc(O)c(NCC2CCNCC2)c1,0.19968,COc1ccc(O)c(NC(=O)C2CCNCC2)c1,0.012087
Fc1ccc(C(CCl)N(C[C@@H]2CCCN2C[C@@H]2CCCN2CC2CCN2)c2cccc3cc[nH]c23)c(F)c1,0.935601,O=C(C1CCN1)N1CCC[C@H]1CN1CCC[C@H]1CN(c1cccc2cc[nH]c12)C(CCl)c1ccc(F)cc1F,0.814186
NCCN1CC(c2nc3cc(F)ccc3o2)C1,0.062445,NCC(=O)N1CC(c2nc3cc(F)ccc3o2)C1,0.002044
NCCC[C@H](N)CN1CCC(N2CCC(Nc3ccccc3O)C2)CC1,0.347317,NCCC[C@H](N)C(=O)N(c1ccccc1O)C1CCN(C2CCNCC2)C1,0.2432
Brc1ccc(NC[C@H]2CCCN2)c(NC2CCNC2)c1,0.121252,O=C(Nc1ccc(Br)cc1NC1CCNC1)[C@H]1CCCN1,0.038981
CC[C@H](N)CN(CCCCN)c1ccccc1CCN,0.184828,CC[C@H](N)C(=O)N(CCCCN)c1ccccc1CCN,0.166033
CN(CCN(CC1CCN1)c1cc(Br)ccc1O)Cc1c[nH]c2ccc(Br)cc12,0.995642,CN(CCN(C(=O)C1CCN1)c1cc(Br)ccc1O)Cc1c[nH]c2ccc(Br)cc12,0.994526
Nc1ccc(Br)cc1N(C1CCN(CC2CCN2)CC1)C(CCl)c1ccc(Cl)c(Cl)c1,0.992133,Nc1ccc(Br)cc1N(C1CCN(C(=O)C2CCN2)CC1)C(CCl)c1ccc(Cl)c(Cl)c1,0.603342
NCCC[C@H](N)CNc1cccc(B(O)O)c1,0.105557,NCCC[C@H](N)C(=O)Nc1cccc(B(O)O)c1,0.008549
C=CCNCCN1CCN(c2nc(F)ccc2N)CC1,0.283774,C=CC(=O)NCCN1CCN(c2nc(F)ccc2N)CC1,0.100132
Oc1cc(Br)ccc1N(CCCNCC1CNC1)Cc1cccc(F)c1F,0.924654,O=C(NCCCN(Cc1cccc(F)c1F)c1ccc(Br)cc1O)C1CNC1,0.546214
C[C@@H](NC[C@@H](CCC(=O)O)NCC1CCN1)c1ccccc1,0.085457,C[C@@H](NC(=O)CC[C@@H](NCC1CCN1)C(=O)O)c1ccccc1,0.011171
NCCCN(CCC(=O)O)Cc1ccc(N)c(Br)c1,0.054507,NCCC(=O)N(CCC(=O)O)Cc1ccc(N)c(Br)c1,0.012828
C[C@@H](N)CN(CCNC1CCN(Cc2ccc(N)c(Br)c2)C1)c1cc(Br)cc(C#N)c1,0.952711,C[C@@H](N)C(=O)N(CCNC1CCN(Cc2ccc(N)c(Br)c2)C1)c1cc(Br)cc(C#N)c1,0.84819
CN(CCN(Cc1c[nH]c2cc(Br)ccc12)c1cc(F)ccc1O)C[C@@H]1CCCN1CCBr,0.997116,CN(CCN(Cc1c[nH]c2cc(Br)ccc12)c1cc(F)ccc1O)C[C@@H]1CCCN1C(=O)CBr,0.978606
N[C@@H](CS)CN1CCC(N(Cc2ccc(O)cc2)C[C@@H](N)CO)CC1,0.03528,N[C@@H](CS)CN1CCC(N(Cc2ccc(O)cc2)C(=O)[C@@H](N)CO)CC1,0.050094
O=C1CCCN(C[C@H]2CCCN2CCCN(Cc2c[nH]c3cc(Br)ccc23)c2c(F)cccc2C(=O)O)C1,0.953207,O=C1CCCN(C(=O)[C@H]2CCCN2CCCN(Cc2c[nH]c3cc(Br)ccc23)c2c(F)cccc2C(=O)O)C1,0.616888
c1ccc(CCNC2CN(C[C@H]3CCCN3)C2)cc1,0.483584,O=C([C@H]1CCCN1)N(CCc1ccccc1)C1CNC1,0.077508
Nc1c(Br)cccc1N(Cc1c[nH]c2cc(Br)ccc12)CC1CCN1CCNCC1CCN1,0.995199,NCCN1CCC1CN(Cc1c[nH]c2cc(Br)ccc12)c1cccc(Br)c1NC(=O)C1CCN1,0.975438
Brc1ccc2c(CN(CCNC[C@@H]3CCCN3)CCc3ccncc3)c[nH]c2c1,0.987498,O=C(NCCN(CCc1ccncc1)Cc1c[nH]c2cc(Br)ccc12)[C@@H]1CCCN1,0.932018
COc1ccccc1CCN(Cc1cccc(Br)c1)C[C@@H]1CCCN1C[C@H](C)N,0.982838,COc1ccccc1CCN(Cc1cccc(Br)c1)C[C@@H]1CCCN1C(=O)[C@H](C)N,0.506095
COc1ccccc1CCNCC1CCN1C1CCNC1,0.725641,COc1ccccc1CCNC(=O)C1CCN1C1CCNC1,0.223868
CSCC[C@@H](N)CN1CC(C(=O)O)C1,0.013137,CSCC[C@@H](N)C(=O)N1CC(C(=O)O)C1,0.002208
CN(CCN(Cc1c[nH]c2ccc(Br)cc12)c1cc(Br)ccc1O)C1CCCN(CCBr)C1,0.999989,CN(CCN(Cc1c[nH]c2ccc(Br)cc12)c1cc(Br)ccc1O)C1CCCN(C(=O)CBr)C1,0.952551
CC(C)(N)CNCCN1CCNCC1,0.015639,CC(C)(N)C(=O)NCCN1CCNCC1,0.005863
N[C@@H](CCCNc1cc(F)ccc1O)C(=O)O,0.020268,N[C@@H](CCC(=O)Nc1cc(F)ccc1O)C(=O)O,0.001055
C=CCN(C1CC1)C1CCCN(Cc2ccc(NCc3c[nH]c4ccc(Br)cc34)c(Br)c2)C1,0.973104,C=CC(=O)N(C1CC1)C1CCCN(Cc2ccc(NCc3c[nH]c4ccc(Br)cc34)c(Br)c2)C1,0.75627
N#Cc1cc(Br)cc(NCC(CBr)N2CC(=O)C2)c1,0.021845,N#Cc1cc(Br)cc(NC(=O)C(CBr)N2CC(=O)C2)c1,0.001657
C=CCN1CC(CNCCc2ccccc2)C1,0.197024,C=CC(=O)N(CCc1ccccc1)CC1CNC1,0.008107
NC(=O)CC[C@H](N)CNCCc1ccccc1,0.191032,NC(=O)CC[C@H](N)C(=O)NCCc1ccccc1,0.001259
CNCCN1CCC(N(CCc2ccccc2OC)Cc2c[nH]c3ccc(Br)cc23)CC1,0.999998,CNCC(=O)N1CCC(N(CCc2ccccc2OC)Cc2c[nH]c3ccc(Br)cc23)CC1,0.973405
CN(CCCNCCCCN)CC(=O)O,0.01961,CN(CC(=O)O)C(=O)CCNCCCCN,0.004719
Nc1ccccc1OC(=O)C1CCN1CC=O,0.002836,Nc1ccccc1OC(=O)C1CCN1C(=O)C=O,0.000145
C=CCNCCCN(CCc1ccccc1)C1CCN(Cc2c[nH]c3ccc(C#N)cc23)C1,0.918904,C=CCNC(=O)CCN(CCc1ccccc1)C1CCN(Cc2c[nH]c3ccc(C#N)cc23)C1,0.629595
COc1ccc(CNC[C@@H](N)CCNCCc2ccccc2Br)cc1,0.865996,COc1ccc(CNC[C@@H](N)CC(=O)NCCc2ccccc2Br)cc1,0.020308
O=CCCN1CCC1CN1CCC(=O)CC1,0.043963,O=CCCN1CCC1C(=O)N1CCC(=O)CC1,0.007795
COc1cccc(CNCCCNC23CC(C2)C3)c1,0.10634,COc1cccc(CNCCC(=O)NC23CC(C2)C3)c1,0.007727
N#Cc1ccc(O)c(N(CCCN)C2CCN(Cc3ccc(CCl)cc3)CC2)c1,0.930966,N#Cc1ccc(O)c(N(CCCN)C2CCN(C(=O)c3ccc(CCl)cc3)CC2)c1,0.158919
N#Cc1cc(Br)cc(N(CCBr)Cc2c[nH]c3ccc(Br)cc23)c1,0.185419,N#Cc1cc(Br)cc(N(Cc2c[nH]c3ccc(Br)cc23)C(=O)CBr)c1,0.182769
COc1cccc(CNC[C@H](CC(=O)O)NCC2CCN2)c1,0.120799,COc1cccc(CNC(=O)C[C@H](NCC2CCN2)C(=O)O)c1,0.01375
OB(O)c1ccccc1NC[C@@H]1CCCN1CC1CCN1,0.483015,O=C(C1CCN1)N(C[C@@H]1CCCN1)c1ccccc1B(O)O,0.12118
NCCc1cn(CCNCCc2ccc(O)cc2)c2ccccc12,0.935877,NCCc1cn(CC(=O)NCCc2ccc(O)cc2)c2ccccc12,0.053423
N[C@H](CCCN1CC(N(c2ccccc2S)C2CN(Cc3c[nH]c4ccccc34)C2)C1)C(=O)O,0.937829,N[C@H](CCC(=O)N1CC(N(c2ccccc2S)C2CN(Cc3c[nH]c4ccccc34)C2)C1)C(=O)O,0.771766
COc1ccc(CNC2CN(C[C@@H](N)CCNCCc3c[nH]c4ccccc34)C2)cc1,0.963473,COc1ccc(CNC2CN(C[C@@H](N)CC(=O)NCCc3c[nH]c4ccccc34)C2)cc1,0.514307
COc1cccc(CNC[C@@H]2CCCN2)c1,0.154901,COc1cccc(CNC(=O)[C@@H]2CCCN2)c1,0.004363
N[C@@H](CCC(=O)O)CNc1ccc(Br)cc1O,0.013449,N[C@@H](CCC(=O)Nc1ccc(Br)cc1O)C(=O)O,0.000492
CC(C)C[C@H](N)CN(CCNCc1ccc(N)c(Br)c1)c1cc(Br)ccc1O,0.857651,CC(C)C[C@@H](CN(CCN)c1cc(Br)ccc1O)NC(=O)c1ccc(N)c(Br)c1,0.507081
O=C1CN(CCCNc2ccc(Br)cc2)C1,0.006106,O=C1CN(CCC(=O)Nc2ccc(Br)cc2)C1,0.000125
ClCC(c1ccc(Br)cc1)N1CCC[C@@H]1CN(c1cccc2cc[nH]c12)C1CCN(CCBr)C1,0.997083,O=C(CBr)N1CCC(N(C[C@H]2CCCN2C(CCl)c2ccc(Br)cc2)c2cccc3cc[nH]c23)C1,0.911394
COc1cccc2c1CCNC2CCN[C@@H](CO)CNC12CC(C1)C2,0.18064,COc1cccc2c1CCNC2CCN[C@@H](CO)C(=O)NC12CC(C1)C2,0.052118
Nc1ccc(CN2CCC[C@@H]2CN2CCC(c3nc4cc(Br)ccc4o3)CC2)cc1O,0.987736,Nc1ccc(C(=O)N2CCC[C@@H]2CN2CCC(c3nc4cc(Br)ccc4o3)CC2)cc1O,0.965304
NCCc1ccccc1NCCN1CCCC(=O)C1,0.228542,NCCc1ccccc1NCC(=O)N1CCCC(=O)C1,0.01063
COc1ccc(NC2CCN(CC3CCN3)C2)c(NC(CCl)c2ccc(Br)cc2)c1,0.918,COc1ccc(N(C(=O)C2CCN2)C2CCNC2)c(NC(CCl)c2ccc(Br)cc2)c1,0.55233
N[C@H](Cc1ccc(O)cc1)CN1CCC[C@H]1CNC1CC1,0.970249,N[C@H](Cc1ccc(O)cc1)CN1CCC[C@H]1C(=O)NC1CC1,0.759585
COCCNC[C@H]1CCCN1Cc1cccc(F)c1F,0.21649,COCCNC(=O)[C@H]1CCCN1Cc1cccc(F)c1F,0.009427
Nc1ccc(CN2CCC[C@H]2CN2CCC2CNc2cc(Br)ccc2O)cc1Br,0.977535,Nc1ccc(CN2CCC[C@H]2CN2CCC2C(=O)Nc2cc(Br)ccc2O)cc1Br,0.821979
Fc1ccc(CN2CCNCC2)cc1,0.013637,O=C(c1ccc(F)cc1)N1CCNCC1,0.004083
N#Cc1ccc(O)c(NCC2CCN2CCC[C@H](N)C(=O)O)c1,0.667462,N#Cc1ccc(O)c(NC(=O)C2CCN2CCC[C@H](N)C(=O)O)c1,0.044995
N#Cc1cc(Br)cc(N(C[C@@H]2CCCN2)C2CCCN(c3cccc(C=O)c3)C2)c1,0.709629,N#Cc1cc(Br)cc(N(C(=O)[C@@H]2CCCN2)C2CCCN(c3cccc(C=O)c3)C2)c1,0.162277
CN(CC(=O)OCC(NC1CC1)c1ccc(F)cc1)CC1CCN1Cc1ccc(F)cc1,0.853435,CN(CC(=O)OCC(NC1CC1)c1ccc(F)cc1)CC1CCN1C(=O)c1ccc(F)cc1,0.482754
C[C@H](CN(CC1CNC1)c1cc(Br)ccc1O)N(Cc1ccncc1F)C1CCNC1,0.667518,C[C@H](CN(C(=O)C1CNC1)c1cc(Br)ccc1O)N(Cc1ccncc1F)C1CCNC1,0.542236
CNCCNc1ccc(Br)cc1N(CCCN)Cc1c[nH]c2ccc(Br)cc12,0.83119,CN(CCNc1ccc(Br)cc1NCc1c[nH]c2ccc(Br)cc12)C(=O)CCN,0.287933
NCCN1CCC(N2CCC[C@@H]2CN(Cc2c[nH]c3ccc(F)cc23)c2ccccc2O)CC1,0.996875,NCC(=O)N1CCC(N2CCC[C@@H]2CN(Cc2c[nH]c3ccc(F)cc23)c2ccccc2O)CC1,0.933971
NCCCCNC[C@@H]1CCCN1CCNc1ccc(Br)cc1O,0.686799,NCCCCNC(=O)[C@@H]1CCCN1CCNc1ccc(Br)cc1O,0.417118
C=CCN(C[C@@H]1CCCN1c1cc(C#N)cc(NCCBr)c1)C1CCC1,0.5,C=CCN(C[C@@H]1CCCN1c1cc(C#N)cc(NC(=O)CBr)c1)C1CCC1,0.201377
NCCOC(=O)[C@H]1CCCN1CCNCc1ccc(N)c(Br)c1,0.490744,NCCN1CCC[C@@H]1C(=O)OCCNC(=O)c1ccc(N)c(Br)c1,0.563222
CNCCN(CCCNCc1cccc(F)c1F)c1ccc(Br)cc1O,0.90417,CNCCN(CCCNC(=O)c1cccc(F)c1F)c1ccc(Br)cc1O,0.780855
C[C@H](N)CN1CCC1CN(c1ccccc1O)C1CCN(Cc2cccc(F)c2N)CC1,0.96411,C[C@H](N)C(=O)N1CCC1CN(c1ccccc1O)C1CCN(Cc2cccc(F)c2N)CC1,0.732246
Oc1ccc(CN(CC2CCN2)C2CCNCC2)cc1,0.621231,O=C(C1CCN1)N(Cc1ccc(O)cc1)C1CCNCC1,0.149421
C#CCNCCN1CCC[C@@H]1CNc1cccc(Br)c1O,0.5,C#CCNC(=O)CN1CCC[C@@H]1CNc1cccc(Br)c1O,0.126009
CNCCNCCN1CCN(c2ccc3[nH]cc(CN(C[C@@H](C)O)c4ccnc(F)c4)c3c2)CC1,0.902475,CNCC(=O)NCCN1CCN(c2ccc3[nH]cc(CN(C[C@@H](C)O)c4ccnc(F)c4)c3c2)CC1,0.820647
Nc1c(O)cccc1CN(c1ccccc1O)C1CN(CC2(NCCBr)CCC2)C1,0.971659,NC1(CN2CC(N(Cc3cccc(O)c3NC(=O)CBr)c3ccccc3O)C2)CCC1,0.436865
Oc1ccc(Br)cc1NC[C@@H]1CCCN1CCCN1CCC[C@H](O)C1,0.808258,O=C(Nc1cc(Br)ccc1O)[C@@H]1CCCN1CCCN1CCC[C@H](O)C1,0.591745
NCCc1ccccc1N(c1cccc2cc[nH]c12)C1CCCN(CC2CCN2)C1,0.999995,NCCc1ccccc1N(c1cccc2cc[nH]c12)C1CCCN(C(=O)C2CCN2)C1,0.415927
CNCCN(C)CCN(CC1(N)CCC1)c1ccccc1O,0.163095,CN(CCNc1ccccc1O)CCN(C)C(=O)C1(N)CCC1,0.086129
NCCCN1CCC(N(C[C@@H]2CCCN2Cc2c[nH]c3ccc(Br)cc23)c2ccccc2O)C1,0.997455,NCCC(=O)N1CCC(N(C[C@@H]2CCCN2Cc2c[nH]c3ccc(Br)cc23)c2ccccc2O)C1,0.93175
O=C1CCN(CCNc2cc(Br)ccc2O)C1,0.032277,O=C1CCN(CC(=O)Nc2cc(Br)ccc2O)C1,0.001069
CNCCN[C@@H](CCC(=O)O)CNC1CC1,0.016471,CNCCN[C@@H](CCC(=O)NC1CC1)C(=O)O,0.004379
CN(CCNC1CC1)c1ccc2[nH]cc(C=O)c2c1,0.265009,CN(CC(=O)NC1CC1)c1ccc2[nH]cc(C=O)c2c1,0.009085
CC[C@@H](CN(CCNC)c1ccc(Br)cc1O)NC(CCl)c1ccc(Cl)c(Cl)c1,0.904498,CC[C@@H](CN(C(=O)CNC)c1ccc(Br)cc1O)NC(CCl)c1ccc(Cl)c(Cl)c1,0.576455
COc1cccc2c1CCNC2CCN(C[C@H]1CCCN1CC1CCN1)c1cc(C#N)ccc1O,0.917706,COc1cccc2c1CCN(C(=O)C1CCN1)C2CCN(C[C@H]1CCCN1)c1cc(C#N)ccc1O,0.179453
C=CCN1CCC(N2CCCC(N(Cc3c[nH]c4ccc(Br)cc34)c3ccc(Br)cc3)C2)CC1,0.992388,C=CC(=O)N1CCC(N2CCCC(N(Cc3c[nH]c4ccc(Br)cc34)c3ccc(Br)cc3)C2)CC1,0.935257
SC[C@H](CNc1ccccc1S)NC[C@H]1CCCN1,0.374532,O=C(Nc1ccccc1S)[C@@H](CS)NC[C@H]1CCCN1,0.052612
CC[C@@H](CN1CCc2c(OC)cccc2C1c1c[nH]c2ccc(Br)cc12)N(C[C@H](C)N)C1CCNC1,0.979546,CC[C@@H](CN1CCc2c(OC)cccc2C1c1c[nH]c2ccc(Br)cc12)N(C(=O)[C@H](C)N)C1CCNC1,0.713072
O=CCCN1CC(CNCCCO)C1,0.012835,O=CCCN1CC(C(=O)NCCCO)C1,0.003449
CNCCN(C[C@H](N)CO)[C@@H](C)c1ccccc1,0.025509,CNCC(=O)N(C[C@H](N)CO)[C@@H](C)c1ccccc1,0.013158
C[C@H](CN[C@H](Cc1c[nH]c2ccccc12)C(=O)O)NCCCN,0.478775,C[C@@H](NCCCN)C(=O)N[C@H](Cc1c[nH]c2ccccc12)C(=O)O,0.064728
CN(CCN1CCC1C(=O)O)Cc1ccc(N)c(Br)c1,0.045091,CN(CC(=O)N1CCC1C(=O)O)Cc1ccc(N)c(Br)c1,0.013027
C[C@H](N)CN(CC1CNC1)c1cc(Br)ccc1O,0.133526,C[C@H](N)C(=O)N(CC1CNC1)c1cc(Br)ccc1O,0.080924
COc1ccccc1CCN(CCN(C)C[C@@H]1CCCN1)Cc1cccnc1F,0.939357,COc1ccccc1CCN(CCN(C)C(=O)[C@@H]1CCCN1)Cc1cccnc1F,0.458163
N#Cc1ccc(O)c(N(CCN)CC2CNC2)c1,0.270185,N#Cc1ccc(O)c(N(CC2CNC2)C(=O)CN)c1,0.174978
CN(CCNCCc1c[nH]c2ccccc12)CCN(C)c1ccc(N)c(O)c1,0.986607,CN(CCN(C)c1ccc(N)c(O)c1)CC(=O)NCCc1c[nH]c2ccccc12,0.413442
c1ccc(CCN(CCN(C[C@@H]2CCCN2)c2cccc3cc[nH]c23)C[C@H]2CCCN2)cc1,0.93794,O=C([C@@H]1CCCN1)N(CCN(CCc1ccccc1)C[C@H]1CCCN1)c1cccc2cc[nH]c12,0.68812
CN(CCN1CCC1C(=O)O)C[C@H](N)CO,0.018767,CN(CC(=O)N1CCC1C(=O)O)C[C@H](N)CO,0.010999
NCCc1ccccc1N(c1ccc(Br)cc1O)C1CCN(CC2CCN2)C1,0.999998,NCCc1ccccc1N(c1ccc(Br)cc1O)C1CCN(C(=O)C2CCN2)C1,0.541295
C[C@@H](CN(CCN)CCc1c[nH]c2ccccc12)NCc1cccc(F)c1N,0.957076,C[C@@H](CN(CCc1c[nH]c2ccccc12)C(=O)CN)NCc1cccc(F)c1N,0.302646
COc1ccccc1CCNC[C@@H](NC1CCN(CCN)C1)C(C)C,0.349788,COc1ccccc1CCNC(=O)[C@@H](NC1CCN(CCN)C1)C(C)C,0.115027
N[C@@H](CN1CCC[C@H]1CN1CC(=O)C1)c1ccccc1,0.064642,N[C@@H](CN1CCC[C@H]1C(=O)N1CC(=O)C1)c1ccccc1,0.023003
NC1(CN(Cc2cccc(Br)c2)[C@H](CS)CN2CC(=O)C2)CCC1,0.041698,NC1(C(=O)N(Cc2cccc(Br)c2)[C@H](CS)CN2CC(=O)C2)CCC1,0.011209
CNCCN(CCCN(Cc1c[nH]c2ccc(Br)cc12)C[C@@H]1CCCN1)CCc1ccc(O)cc1,0.983423,CN(CCN(CCCNCc1c[nH]c2ccc(Br)cc12)CCc1ccc(O)cc1)C(=O)[C@@H]1CCCN1,0.967811
COc1cccc2c1CCN(C1CCN(C[C@@H]3CCCN3)C1)C2c1cccc(Br)c1,0.996857,COc1cccc2c1CCN(C1CCN(C(=O)[C@@H]3CCCN3)C1)C2c1cccc(Br)c1,0.895732
C#CCNCCN(C)Cc1cccc(F)c1NC[C@H](C)N,0.126178,C#CCNC(=O)CN(C)Cc1cccc(F)c1NC[C@H](C)N,0.018139
CCCN[C@@H](C)CN(C[C@@H]1CCCNC1)c1ccccc1S,0.065736,CCCN(C(=O)[C@@H]1CCCNC1)[C@@H](C)CNc1ccccc1S,0.021182
COc1ccccc1CCNC[C@H](C)N,0.373094,COc1ccccc1CCNC(=O)[C@H](C)N,0.002928
NCCC[C@H](N)CN1CCC[C@H]1CNc1ccc(Br)cc1O,0.785093,NCCC[C@H](N)CN1CCC[C@H]1C(=O)Nc1ccc(Br)cc1O,0.287345
COc1ccccc1CCN(CC1(N)CCC1)C1CNC1,0.83141,COc1ccccc1CCN(C(=O)C1(N)CCC1)C1CNC1,0.015773
N#Cc1cc(Br)cc(N(Cc2c[nH]c3ccc(Br)cc23)C2CCN(CCCNCC=O)C2)c1,0.991634,N#Cc1cc(Br)cc(N(Cc2c[nH]c3ccc(Br)cc23)C2CCN(CCCNC(=O)C=O)C2)c1,0.888808
COc1ccccc1CCN(Cc1c[nH]c2ccccc12)C[C@@H](C)N,0.725706,COc1ccccc1CCN(Cc1c[nH]c2ccccc12)C(=O)[C@@H](C)N,0.029913
Sc1ccccc1NC[C@@H]1CCCN1CC1CCN1Cc1c[nH]c2ccc(Br)cc12,0.995938,O=C(Nc1ccccc1S)[C@@H]1CCCN1CC1CCN1Cc1c[nH]c2ccc(Br)cc12,0.969376
Brc1ccc2c(C3c4ccccc4CCN3C3CN(CCNC[C@H]4CCCN4)C3)c[nH]c2c1,0.989529,O=C(NCCN1CC(N2CCc3ccccc3C2c2c[nH]c3cc(Br)ccc23)C1)[C@H]1CCCN1,0.982029
C[C@@H](CNCCc1c[nH]c2ccccc12)NC(CBr)CN1CCC1C(=O)O,0.629838,C[C@H](NC(CBr)CN1CCC1C(=O)NCCc1c[nH]c2ccccc12)C(=O)O,0.28135
CC[C@H](N)CNc1ccc(CNC2CCC2)cc1Br,0.14771,CC[C@H](N)C(=O)Nc1ccc(CNC2CCC2)cc1Br,0.00891
CN(CCN(CCCN)CCc1c[nH]c2ccccc12)Cc1cccc(F)c1N,0.988525,CN(CCN(CCCN)CCc1c[nH]c2ccccc12)C(=O)c1cccc(F)c1N,0.97974
Brc1ccc2c(CNCC#Cc3ccccc3CCN(CC3CCN3)C[C@@H]3CCCN3)c[nH]c2c1,0.839317,O=C([C@@H]1CCCN1)N(CC#Cc1ccccc1CCNCC1CCN1)Cc1c[nH]c2cc(Br)ccc12,0.354473
Oc1ccc(F)cc1NCCN(CCc1c[nH]c2ccccc12)CC1CCN1CC1CCN1,0.988956,O=C(C1CCN1)N(CCN(CCc1c[nH]c2ccccc12)CC1CCN1)c1cc(F)ccc1O,0.996398
Oc1ccc2[nH]cc(CCNCC3CCN(C4CCCN(C(CCl)c5ccc(Br)cc5)C4)CC3)c2c1,0.988161,O=C(NCCc1c[nH]c2ccc(O)cc12)C1CCN(C2CCCN(C(CCl)c3ccc(Br)cc3)C2)CC1,0.955531
N[C@@H](Cc1cccs1)CN(CCCN1CC(NCCc2ccccc2Br)C1)Cc1c[nH]c2ccc(F)cc12,0.938705,N[C@@H](Cc1cccs1)C(=O)N(CCCN1CC(NCCc2ccccc2Br)C1)Cc1c[nH]c2ccc(F)cc12,0.84892
N[C@@H](CCN(Cc1c[nH]c2cc(Br)ccc12)c1cccc2cc[nH]c12)CN1CC(CN2CCNCC2)C1,0.809334,N[C@@H](CCN(Cc1c[nH]c2cc(Br)ccc12)c1cccc2cc[nH]c12)CN1CC(C(=O)N2CCNCC2)C1,0.787819
CN(CC(=O)O)C[C@@H]1C[C@@H](O)CN1,0.009771,CN(CC(=O)O)C(=O)[C@@H]1C[C@@H](O)CN1,0.002438
O=C(O)C1(NCC2CN(C(CCl)c3ccc(F)cc3F)C2)CCC1,0.075373,O=C(NC1(C(=O)O)CCC1)C1CN(C(CCl)c2ccc(F)cc2F)C1,0.019258
COc1cccc(CN(C2CCN(C[C@@H]3CCCNC3)C2)C(CCl)c2ccc(F)cc2F)c1,0.971337,COc1cccc(CN(C2CCN(C(=O)[C@@H]3CCCNC3)C2)C(CCl)c2ccc(F)cc2F)c1,0.456916
COc1cccc2c1CCN(CC1CCN1C[C@H](C)O)C2c1c[nH]c2ccc(Br)cc12,0.999992,COc1cccc2c1CCN(CC1CCN1C(=O)[C@H](C)O)C2c1c[nH]c2ccc(Br)cc12,0.915719
SC[C@@H](CNCCc1ccccc1Br)NC1CCNCC1,0.274097,O=C(NCCc1ccccc1Br)[C@H](CS)NC1CCNCC1,0.031195
O=C1CCN(Cc2cc(B(O)O)ccc2F)CC1,0.008463,O=C1CCN(C(=O)c2cc(B(O)O)ccc2F)CC1,0.000681
CC[C@H](C)[C@H](N)CNc1cc(OC)ccc1N,0.020543,CC[C@H](C)[C@H](N)C(=O)Nc1cc(OC)ccc1N,0.001093
Nc1cc(Br)ccc1N(Cc1ccc(F)cc1)C[C@@H]1CCCN(C[C@@H]2CCCN2)C1,0.993928,Nc1cc(Br)ccc1N(Cc1ccc(F)cc1)C[C@@H]1CCCN(C(=O)[C@@H]2CCCN2)C1,0.171368
O=Cc1c[nH]c2cc(N3CCC[C@@H]3CN3CCC[C@@H]3CO)ccc12,0.71508,O=Cc1c[nH]c2cc(N3CCC[C@@H]3C(=O)N3CCC[C@@H]3CO)ccc12,0.016094
N[C@H](CCN1CCC(=O)C1)CNc1cccc(Br)c1O,0.088788,N[C@H](CCN1CCC(=O)C1)C(=O)Nc1cccc(Br)c1O,0.0059
CNCCN(Cc1c[nH]c2cc(Br)ccc12)c1ccc(CN2CCN(CCCN)CC2)cc1Br,0.963375,CN(CCN(Cc1c[nH]c2cc(Br)ccc12)c1ccc(CN2CCNCC2)cc1Br)C(=O)CCN,0.933754
C#CCNc1cccc(C2c3cccc(Br)c3CCN2CC2CCN2)c1,0.972578,C#CCN(C(=O)C1CCN1)c1cccc(C2NCCc3c(Br)cccc32)c1,0.706724
N[C@H](CO)CN1CCC[C@H]1CNc1ccc(Br)cc1,0.180054,N[C@H](CO)CN1CCC[C@H]1C(=O)Nc1ccc(Br)cc1,0.010907
CNCCN(c1cc(C#N)ccc1O)C(CCl)c1ccc(Br)cc1,0.365718,CNCC(=O)N(c1cc(C#N)ccc1O)C(CCl)c1ccc(Br)cc1,0.052627
NC1(CN(c2ccc(Br)cc2O)C2CCN(Cc3c[nH]c4ccc(Br)cc34)C2)CCC1,0.997049,NC1(C(=O)N(c2ccc(Br)cc2O)C2CCN(Cc3c[nH]c4ccc(Br)cc34)C2)CCC1,0.973586
NCCCN(c1cc(F)ccc1O)C1CNC1,0.343503,NCCC(=O)N(c1cc(F)ccc1O)C1CNC1,0.176996
N[C@H](CS)CN1CCC(=O)C1,0.014291,N[C@H](CS)C(=O)N1CCC(=O)C1,0.002872
CCCN1CCC[C@@H]1C(=O)Oc1ccc(CN(Cc2c[nH]c3cc(Br)ccc23)C[C@@H](N)CC)cc1,0.981731,CCCN1CCC[C@@H]1C(=O)Oc1ccc(CN(Cc2c[nH]c3cc(Br)ccc23)C(=O)[C@@H](N)CC)cc1,0.810898
N[C@@H](Cc1ccc(O)cc1)CN1CCC[C@@H]1C(=O)OCC1CC1,0.438626,N[C@@H](Cc1ccc(O)cc1)C(=O)N1CCC[C@@H]1C(=O)OCC1CC1,0.003758
CNCCNCCN(CCc1ccncc1)Cc1c[nH]c2cc(Br)ccc12,0.974504,CNCC(=O)NCCN(CCc1ccncc1)Cc1c[nH]c2cc(Br)ccc12,0.902269
CC[C@@H](CN(Cc1ccc(F)cc1)c1cccc2cc[nH]c12)NCCCN,0.766391,CC[C@@H](CN(C(=O)c1ccc(F)cc1)c1cccc2cc[nH]c12)NCCCN,0.561058
C[C@@H](N)CN(CCN)[C@@H](CO)CN1CCC(Nc2ccc(Br)cc2)C1,0.13939,C[C@@H](N)CN(C(=O)CN)[C@@H](CO)CN1CCC(Nc2ccc(Br)cc2)C1,0.128648
O=C(O)[C@H]1CCCN1C[C@@H]1CCCN1,0.019151,O=C(O)[C@@H]1CCCN1C(=O)[C@H]1CCCN1,0.004255
Oc1cc(Br)ccc1NC[C@H]1CCCN1C[C@H]1CCCN1,0.875066,O=C(Nc1ccc(Br)cc1O)[C@H]1CCCN1C[C@H]1CCCN1,0.360335
Nc1c(Br)cccc1N(CCN(CC1CCN1)C(CCl)c1ccc(F)cc1)C1CNC1,0.987326,Nc1c(Br)cccc1N(CCN(C(=O)C1CCN1)C(CCl)c1ccc(F)cc1)C1CNC1,0.663714
OC[C@@H](CNc1ccccc1S)NC[C@H]1CCCN1CC1CCN1,0.532983,O=C(C1CCN1)N(C[C@H](CO)NC[C@H]1CCCN1)c1ccccc1S,0.088006
CN(CCNCCc1ccc(O)cc1)C1CNC1,0.91994,CN(CC(=O)NCCc1ccc(O)cc1)C1CNC1,0.405066
CNCCN[C@@H](C)CN(Cc1c[nH]c2ccc(Br)cc12)C1CC1,0.750656,CNCC(=O)N[C@@H](C)CN(Cc1c[nH]c2ccc(Br)cc12)C1CC1,0.703942
CN(CCNc1cccc2cc[nH]c12)c1cc(F)ccc1C(=O)CCl,0.065448,CN(CC(=O)Nc1cccc2cc[nH]c12)c1cc(F)ccc1C(=O)CCl,0.001204
COc1cccc2c1CCNC2CCN(Cc1c[nH]c2ccc(Br)cc12)[C@@H](CCCNC1CC1)C(=O)O,0.940812,COc1cccc2c1CCNC2CCN(Cc1c[nH]c2ccc(Br)cc12)[C@@H](CCC(=O)NC1CC1)C(=O)O,0.833384
NCCCNCCCNCCc1ccncc1,0.172381,NCCC(=O)NCCCNCCc1ccncc1,0.064144
N[C@@H](CCC(=O)O)CN(CCc1ccccc1Br)C[C@@H]1CCCN1,0.457467,N[C@@H](CCC(=O)N1CCC[C@H]1C(=O)O)CNCCc1ccccc1Br,0.039915
CCCN(CCCN)CCCNCCc1ccccc1Br,0.85387,CCCN(CCCNCCc1ccccc1Br)C(=O)CCN,0.097675
C=CCN(CCCNCCc1ccccc1)C1CN(CCC=O)C1,0.228497,C=CCN(CCC(=O)NCCc1ccccc1)C1CN(CCC=O)C1,0.059855
C=CCN1CCC[C@@H]1CN(CCCN)c1ccc(Br)cc1N,0.571019,C=CC(=O)N1CCC[C@@H]1CN(CCCN)c1ccc(Br)cc1N,0.009746
COc1ccccc1CCN(Cc1c[nH]c2ccc(I)cc12)CC1CCN1C[C@@H]1CCCNC1,0.997235,COc1ccccc1CCN(Cc1c[nH]c2ccc(I)cc12)CC1CCN1C(=O)[C@@H]1CCCNC1,0.83388
NCCCCNCCN,0.042181,NCCCCNC(=O)CN,0.005817
COc1ccccc1CCN(CC1CN(C2CCCNC2)C1)C[C@@H](N)CCNC1CC1,0.243649,COc1ccccc1CCN(C[C@@H](N)CCNC1CC1)C(=O)C1CN(C2CCCNC2)C1,0.083021
N[C@H](CCN1CCC[C@H]1C(=O)O)C(=O)O,0.008973,N[C@H](CC(=O)N1CCC[C@H]1C(=O)O)C(=O)O,0.003182
CNCCN1CCC[C@H]1CN1CCC(=O)C1,0.033452,CNCCN1CCC[C@H]1C(=O)N1CCC(=O)C1,0.009596
Sc1ccccc1NC1CCN(CC2CCN2)C1,0.373947,O=C(C1CCN1)N(c1ccccc1S)C1CCNC1,0.312279
CSCC[C@H](N)CN(CC1CNC1)c1ccc(C#N)cc1N,0.029859,CSCC[C@H](N)CN(C(=O)C1CNC1)c1ccc(C#N)cc1N,0.047481
C=CCN1CC(CN(CC2(N)CCC2)c2cc(Br)ccc2N)C1,0.303371,C=CC(=O)N1CC(CN(CC2(N)CCC2)c2cc(Br)ccc2N)C1,0.010055
CN(CCN1CCC(=O)C1)C[C@@H](N)Cc1cccs1,0.089728,CN(CCN1CCC(=O)C1)C(=O)[C@@H](N)Cc1cccs1,0.029152
CSCC[C@H](N)CNCCNC1CC1,0.015991,CSCC[C@H](N)C(=O)NCCNC1CC1,0.003332
Nc1cc(Br)ccc1N(CC1CCN1)C[C@H]1CCCN1,0.114121,Nc1cc(Br)ccc1N(C[C@H]1CCCN1)C(=O)C1CCN1,0.2246
O=C1CCN(CCCN2CCC(=O)C2)C1,0.022496,O=C1CCN(CCC(=O)N2CCC(=O)C2)C1,0.007093
CC(C)[C@@H](N)CN[C@H](C)C(=O)O,0.003846,CC(C)[C@@H](N)C(=O)N[C@H](C)C(=O)O,0.001183
Cc1cc(N2CCC2CN2CCC(N(CC3CCN3)c3cc(Br)ccc3O)C2)cnc1F,0.955111,Cc1cc(N2CCC2CN2CCC(N(C(=O)C3CCN3)c3cc(Br)ccc3O)C2)cnc1F,0.975442
C[C@@H](N)CN1CCC(N2CCc3ccccc3C2c2c[nH]c3ccc(Br)cc23)C1,0.999994,C[C@@H](N)C(=O)N1CCC(N2CCc3ccccc3C2c2c[nH]c3ccc(Br)cc23)C1,0.982406
C#CCN(c1ccc(N)cc1)C1CN(C[C@@H]2CCCN2)C1,0.226505,C#CCN(c1ccc(N)cc1)C1CN(C(=O)[C@@H]2CCCN2)C1,0.007832
CNCCN1CCC(N(C[C@H]2CCCN2)c2ccc(Br)cc2O)C1,0.643407,CN(CCN1CCC(Nc2ccc(Br)cc2O)C1)C(=O)[C@H]1CCCN1,0.584404
CN(CCNc1cc(Br)cc(C#N)c1)c1c(F)cccc1CN1CCCC(=O)C1,0.800417,CN(CC(=O)Nc1cc(Br)cc(C#N)c1)c1c(F)cccc1CN1CCCC(=O)C1,0.088349
NCCNc1cc(Br)ccc1N(CC1CCN1)CC1CCN1,0.121284,NCC(=O)Nc1cc(Br)ccc1N(CC1CCN1)CC1CCN1,0.02584
CNCCNc1cc(Br)ccc1N,0.052878,CNCC(=O)Nc1cc(Br)ccc1N,0.007961
CNCCN1CC(CN(CCCN)c2ccc(Br)cc2)C1,0.037986,CNCC(=O)N1CC(CN(CCCN)c2ccc(Br)cc2)C1,0.004197
COc1ccccc1CCNC[C@H](N)CCC(N)=O,0.166378,COc1ccccc1CCNC(=O)[C@H](N)CCC(N)=O,0.001693
Brc1ccc2[nH]cc(CN3CCC3CN3CCC[C@H]3CNCCc3ccccc3Br)c2c1,0.999985,O=C(NCCc1ccccc1Br)[C@@H]1CCCN1CC1CCN1Cc1c[nH]c2ccc(Br)cc12,0.980995
NCCCCN(CCCN)c1cccc(N)c1N,0.108572,NCCCCN(C(=O)CCN)c1cccc(N)c1N,0.058829
CC[C@@H](CN1CCC(=O)C1)Nc1ccc(N)c(O)c1,0.07495,CC[C@H](Nc1ccc(N)c(O)c1)C(=O)N1CCC(=O)C1,0.006915
C[C@@H](N)CN1CCC1CN(CCBr)c1ccc(Br)cc1,0.034957,C[C@@H](N)CN1CCC1CN(C(=O)CBr)c1ccc(Br)cc1,0.322944
Nc1cc(Br)ccc1N(C1CCN(CC2CNC2)C1)C(CCl)c1ccc(Br)cc1,0.993621,Nc1cc(Br)ccc1N(C1CCN(C(=O)C2CNC2)C1)C(CCl)c1ccc(Br)cc1,0.506711
COc1ccccc1CCN(CCN)CCCN,0.596217,COc1ccccc1CCN(CCCN)C(=O)CN,0.034463
Brc1ccc(NCCN2CC(NCCc3c[nH]c4ccccc34)C2)cc1,0.917411,O=C(CN1CC(NCCc2c[nH]c3ccccc23)C1)Nc1ccc(Br)cc1,0.205976
CNCCN(CCc1ccncc1)CC[C@H](N)C(=O)O,0.252696,CN(CC(=O)O)C(=O)[C@@H](N)CCNCCc1ccncc1,0.017318
CC[C@H](N)CN1CCCC(Nc2cc(OC)ccc2N)C1,0.378858,CC[C@H](N)C(=O)N(c1cc(OC)ccc1N)C1CCCNC1,0.020632
CNCCN(Cc1ccc(O)cc1)C[C@@H](N)CO,0.161841,CNCC(=O)N(Cc1ccc(O)cc1)C[C@@H](N)CO,0.119652
Oc1ccc2c(c1)C(c1c[nH]c3ccc(I)cc13)N(C1CCN(CCBr)CC1)CC2,0.999999,O=C(CBr)N1CCC(N2CCc3ccc(O)cc3C2c2c[nH]c3ccc(I)cc23)CC1,0.982435
COc1cccc(CNCCC[C@@H](N)CN(CCN(C)C[C@H](N)CS)c2cc(Br)ccc2O)c1,0.945031,COc1cccc(CNC(=O)CC[C@@H](N)CN(CCN(C)C[C@H](N)CS)c2cc(Br)ccc2O)c1,0.530971
COc1ccccc1CCN(Cc1c[nH]c2ccc(Br)cc12)C1CCN(C[C@H]2CCCN2)CC1,0.99999,COc1ccccc1CCN(Cc1c[nH]c2ccc(Br)cc12)C1CCN(C(=O)[C@H]2CCCN2)CC1,0.900748
C=CCNCC1(N)CCC1,0.021962,C=CCNC(=O)C1(N)CCC1,0.002769
N[C@@H](Cc1ccccc1)CN1CC(=O)C1,0.019249,N[C@@H](Cc1ccccc1)C(=O)N1CC(=O)C1,0.00231
CNCCN(Cc1cccc(Br)c1)c1ccc(Br)cc1O,0.439467,CNCC(=O)N(Cc1cccc(Br)c1)c1ccc(Br)cc1O,0.116748
Fc1cccc(CN(CCN2CCC[C@@H]2CNCCc2c[nH]c3ccccc23)C2CNC2)c1F,0.969864,O=C(NCCc1c[nH]c2ccccc12)[C@H]1CCCN1CCN(Cc1cccc(F)c1F)C1CNC1,0.982573
NCCN1CCc2ccc(O)cc2C1CNC12CC(C1)C2,0.954334,NCCN1CCc2ccc(O)cc2C1C(=O)NC12CC(C1)C2,0.641668
C[C@@H](N)CN1CCCC(N(CC2CCN2)c2cccc(Br)c2O)C1,0.735735,C[C@@H](N)CN1CCCC(N(C(=O)C2CCN2)c2cccc(Br)c2O)C1,0.810113
C[C@H](NC[C@@H](N)Cc1ccc(O)cc1)C(=O)O,0.169744,C[C@H](N)C(=O)N[C@@H](Cc1ccc(O)cc1)C(=O)O,0.00524
C[C@@H](N)CN(CCc1ccccc1Br)CC1CCNCC1,0.5,C[C@@H](N)CN(CCc1ccccc1Br)C(=O)C1CCNCC1,0.015908
C[C@@H](CNc1ccccc1S)N(CCN)CC1CCN(Cc2ccc(F)cc2)CC1,0.936753,C[C@@H](CN(C(=O)CN)c1ccccc1S)NCC1CCN(Cc2ccc(F)cc2)CC1,0.826006
N[C@@H](Cc1ccccc1)CN1CCC[C@H]1C(=O)O,0.055632,N[C@@H](Cc1ccccc1)C(=O)N1CCC[C@H]1C(=O)O,0.005557
Nc1cc(F)ccc1OC(=O)[C@@H]1CCCN1CC1CCN1,0.386501,Nc1cc(F)ccc1OC(=O)[C@@H]1CCCN1C(=O)C1CCN1,0.00183
CCCN[C@H](CS)CNCc1cccc(OC)c1,0.050211,CCCN[C@H](CS)C(=O)NCc1cccc(OC)c1,0.002258
O=C(O)[C@@H](CCNc1ccccc1O)NCC1CCN1,0.235698,O=C(C[C@@H](NCC1CCN1)C(=O)O)Nc1ccccc1O,0.018093
N[C@@H](CCN1CCCC(N2CC(Nc3cccc(Br)c3O)C2)C1)CNCCc1ccc(O)cc1,0.895145,N[C@@H](CCN1CCCC(N2CC(Nc3cccc(Br)c3O)C2)C1)C(=O)NCCc1ccc(O)cc1,0.780244
COc1ccccc1CCN(C[C@H]1CCCN1)C1CN(Cc2c[nH]c3cc(Br)ccc23)C1,0.999999,COc1ccccc1CCN(C(=O)[C@H]1CCCN1)C1CN(Cc2c[nH]c3cc(Br)ccc23)C1,0.982273
Oc1ccccc1N(CCCNC[C@H]1CCCN1)CC1CNC1,0.167769,O=C(C1CNC1)N(CCCNC[C@H]1CCCN1)c1ccccc1O,0.214331
COc1cccc2c1CCN(C1CN(C[C@H]3CCCN3)C1)C2c1c[nH]c2ccc(N3CCNCC3)cc12,0.811772,COc1cccc2c1CCN(C1CN(C(=O)[C@H]3CCCN3)C1)C2c1c[nH]c2ccc(N3CCNCC3)cc12,0.366864
O=C(CBr)CN1CCC[C@@H]1C(=O)O,0.003233,O=C(CBr)C(=O)N1CCC[C@@H]1C(=O)O,0.001533
COc1ccccc1CCNCCN(C)C[C@H](N)CCSC,0.334695,COc1ccccc1CCNC(=O)CN(C)C[C@H](N)CCSC,0.025458
COCCN(CCCN(Cc1cccc(Br)c1)CC1CCN1)Cc1c[nH]c2ccc(Br)cc12,0.992146,COCCN(CCCN(Cc1cccc(Br)c1)C(=O)C1CCN1)Cc1c[nH]c2ccc(Br)cc12,0.94115
N#Cc1cc(N)cc(N2CC(N(CCc3ccccc3Br)CC3CCN3)C2)c1,0.992332,N#Cc1cc(N)cc(N2CC(N(CCc3ccccc3Br)C(=O)C3CCN3)C2)c1,0.216459
Nc1ccc(Br)cc1N(C[C@@H](N)Cc1ccccc1)C[C@@H]1CCCN1,0.64692,Nc1ccc(Br)cc1N(C[C@@H](N)Cc1ccccc1)C(=O)[C@@H]1CCCN1,0.44091
C=CCN1CCC[C@@H]1CN1CCC(CN(Cc2c[nH]c3ccccc23)c2ccccc2O)CC1,0.978346,C=CC(=O)N1CCC[C@@H]1CN1CCC(CN(Cc2c[nH]c3ccccc23)c2ccccc2O)CC1,0.848672
C#CCN(CCCNC[C@@H]1CCCN1)Cc1ccc(F)cc1,0.424719,C#CCN(CCCNC[C@@H]1CCCN1)C(=O)c1ccc(F)cc1,0.148514
O=CCN1CCCCC1,0.006718,O=CC(=O)N1CCCCC1,0.000958
NCCCN(CCN)CCc1ccccc1Br,0.356653,NCCC(=O)N(CCN)CCc1ccccc1Br,0.019508
CN(CCCN)CCNc1cc(C#N)ccc1O,0.510222,CN(CCCN)CC(=O)Nc1cc(C#N)ccc1O,0.025227
C=CCN1CCC(Nc2ccc(CNCCO)cc2Br)CC1,0.46696,C=CC(=O)N(CCO)Cc1ccc(NC2CCNCC2)c(Br)c1,0.039178
NCCCN1CC(CN[C@H](CS)C(=O)O)C1,0.014745,NCCC(=O)N(CC1CNC1)[C@H](CS)C(=O)O,0.004071
C[C@H](NCCCN)C1=NCCc2c(Br)cccc21,0.081665,C[C@H](NC(=O)CCN)C1=NCCc2c(Br)cccc21,0.002818
CNCCN(c1cc(C#CCN)ccc1N)C1CCCN(Cc2c[nH]c3ccc(Br)cc23)C1,0.982834,CNCC(=O)N(c1cc(C#CCN)ccc1N)C1CCCN(Cc2c[nH]c3ccc(Br)cc23)C1,0.8316
CN(CCCN)CCN(C)CCN(Cc1c[nH]c2cc(Br)ccc12)c1ccccc1S,0.995775,CN(CCN(C)C(=O)CCN)CCN(Cc1c[nH]c2cc(Br)ccc12)c1ccccc1S,0.986492
Nc1ccc(CN(CCc2c[nH]c3ccccc23)C[C@H]2CCCN2CCC=O)cc1Br,0.999993,Nc1ccc(C(=O)N(CCc2c[nH]c3ccccc23)C[C@H]2CCCN2CCC=O)cc1Br,0.990769
C=CCN1CCC1CN1CCC(N(Cc2c[nH]c3cc(Br)ccc23)c2ccc(Br)cc2O)C1,0.99737,C=CC(=O)N1CCC1CN1CCC(N(Cc2c[nH]c3cc(Br)ccc23)c2ccc(Br)cc2O)C1,0.984667
Nc1cccc(Br)c1CN1CCC[C@@H]1CN(CCc1ccccc1)C1CN(C(CCl)c2ccc(Br)cc2)C1,0.823374,Nc1cccc(Br)c1C(=O)N1CCC[C@@H]1CN(CCc1ccccc1)C1CN(C(CCl)c2ccc(Br)cc2)C1,0.67749
N[C@H](CS)CN(CCc1ccc(O)cc1)C[C@@H]1CCCN1,0.734835,N[C@H](CS)C(=O)N(CCc1ccc(O)cc1)C[C@@H]1CCCN1,0.13502
C#Cc1ccc2[nH]cc(C3c4cccc(Br)c4CCN3CC3CCN(CCN)CC3)c2c1,0.989914,C#Cc1ccc2[nH]cc(C3c4cccc(Br)c4CCN3CC3CCN(C(=O)CN)CC3)c2c1,0.757149
O=C(CBr)CN1CCC1CN(Cc1c[nH]c2cc(Br)ccc12)c1cc(F)c(F)cc1O,0.968195,O=C(CBr)C(=O)N1CCC1CN(Cc1c[nH]c2cc(Br)ccc12)c1cc(F)c(F)cc1O,0.307219
Oc1cc(Br)ccc1NC[C@H](CS)NC[C@@H]1CCCN1,0.255836,O=C(Nc1ccc(Br)cc1O)[C@H](CS)NC[C@@H]1CCCN1,0.033239
CNCCNc1cccc(Br)c1N,0.055795,CNCC(=O)Nc1c(N)cccc1Br,0.008025
Nc1c(F)cccc1CN1CC(N(CCO)CCC[C@H](N)C(=O)O)C1,0.149305,Nc1c(F)cccc1CN1CC(N(CCO)C(=O)CC[C@H](N)C(=O)O)C1,0.022102
COc1cccc(CNCC[C@H](C(=O)O)N(Cc2c[nH]c3cc(Br)ccc23)C(C)CCl)c1,0.836972,COc1cccc(CNC(=O)C[C@H](C(=O)O)N(Cc2c[nH]c3cc(Br)ccc23)C(C)CCl)c1,0.147223
Oc1ccc(F)cc1N(Cc1c[nH]c2ccc(Br)cc12)C[C@@H]1CCCN1C1CCN(CCBr)C1,0.993235,O=C(CBr)N1CCC(N2CCC[C@H]2CN(Cc2c[nH]c3ccc(Br)cc23)c2cc(F)ccc2O)C1,0.959086
C[C@@H](N)CN1CCC[C@@H]1CN(CCc1c[nH]c2ccccc12)Cc1cccc(Cl)c1,0.997354,C[C@@H](N)C(=O)N1CCC[C@@H]1CN(CCc1c[nH]c2ccccc12)Cc1cccc(Cl)c1,0.90408
COc1ccccc1CCNC[C@H]1CCCN1,0.693644,COc1ccccc1CCNC(=O)[C@H]1CCCN1,0.016304
C=CCN(CCCNc1ccc(Br)cc1N)Cc1c[nH]c2ccc(F)cc12,0.942475,C=CCN(CCC(=O)Nc1cc(Br)ccc1N)Cc1c[nH]c2ccc(F)cc12,0.524421
C[C@@H](O)[C@H](NCCN)C(=O)O,0.007414,C[C@@H](O)[C@H](N)C(=O)NCC(=O)O,0.00194
CNCCN(CCc1ccccc1Br)CC1c2cccc(Br)c2CCN1C[C@@H]1CCCN1,0.781918,CN(CCN(CCc1ccccc1Br)CC1NCCc2c(Br)cccc21)C(=O)[C@@H]1CCCN1,0.645775
NCCCN1CCC(Nc2ccc(Br)cc2OC(=O)[C@H](N)CO)C1,0.151444,NCCC(=O)N(c1ccc(Br)cc1OC(=O)[C@H](N)CO)C1CCNC1,0.02913
COc1cccc2c1CCNC2CN(CC1CCN1)c1cc(Br)cc(C#N)c1,0.988954,COc1cccc2c1CCN(C(=O)C1CCN1)C2CNc1cc(Br)cc(C#N)c1,0.657206
NCCCN(CCCO)C1CN(c2ccc3[nH]cc(C4NCCc5c(Br)cccc54)c3c2)C1,0.992165,NCCC(=O)N(CCCO)C1CN(c2ccc3[nH]cc(C4NCCc5c(Br)cccc54)c3c2)C1,0.550723
COc1ccccc1CCN(Cc1c[nH]c2cc(Br)ccc12)C[C@H](C)NC[C@@H]1CCCN1C[C@H](C)N,0.974457,COc1ccccc1CCN(Cc1c[nH]c2cc(Br)ccc12)C[C@H](C)N(C[C@@H]1CCCN1)C(=O)[C@H](C)N,0.829917
C[C@@H](N)CN(C[C@@H](N)CO)C1CC1,0.036985,C[C@@H](N)C(=O)N(C[C@@H](N)CO)C1CC1,0.005932
N[C@H](CCN1CCc2c(Br)cccc2C1CN1CCC(O)CC1)C(=O)O,0.511725,N[C@H](CCN1CCc2c(Br)cccc2C1C(=O)N1CCC(O)CC1)C(=O)O,0.280665
N#Cc1ccc(N(CCC=O)C[C@H]2CCCN2CC2CCN2)c(N)c1,0.531852,N#Cc1ccc(N(CCC=O)C[C@H]2CCCN2C(=O)C2CCN2)c(N)c1,0.004165
CN(CC(=O)O)C[C@H]1CCCN1C1CNC1,0.030639,CN(CC(=O)O)C(=O)[C@H]1CCCN1C1CNC1,0.008893
Oc1cc(Br)ccc1N(C[C@H]1CCCN1)C1CCCN(CCBr)C1,0.916672,O=C(CBr)N1CCCC(N(C[C@H]2CCCN2)c2ccc(Br)cc2O)C1,0.019206
Oc1cc(Br)ccc1N(C[C@@H]1CCCNC1)C[C@@H]1CCCN1Cc1c[nH]c2ccc(Br)cc12,0.987709,O=C([C@@H]1CCCNC1)N(C[C@@H]1CCCN1Cc1c[nH]c2ccc(Br)cc12)c1ccc(Br)cc1O,0.983235
COc1ccc(O)c(N(Cc2c[nH]c3cc(Br)ccc23)C[C@@H]2CCCN2C2CN(CC3CCN3)C2)c1,0.994648,COc1ccc(O)c(N(Cc2c[nH]c3cc(Br)ccc23)C[C@@H]2CCCN2C2CN(C(=O)C3CCN3)C2)c1,0.909652
NCCN(CCCNc1cc(F)c(F)cc1O)Cc1cccc(F)c1N,0.803751,NCCN(CCCNc1cc(F)c(F)cc1O)C(=O)c1cccc(F)c1N,0.208184
N[C@H](CO)CNCCc1c[nH]c2ccccc12,0.884838,N[C@H](CO)C(=O)NCCc1c[nH]c2ccccc12,0.027293
COc1ccccc1CCN(CCCN)C(C)CCl,0.576107,COc1ccccc1CCN(C(=O)CCN)C(C)CCl,0.007025
N#Cc1ccc(N)c(NC[C@H]2CCCN2C[C@@H]2CCCN2)c1,0.787236,N#Cc1ccc(N)c(N(C[C@H]2CCCN2)C(=O)[C@@H]2CCCN2)c1,0.08573
N#Cc1ccc(O)c(NCCNCC2CNC2)c1,0.446886,N#Cc1ccc(O)c(NC(=O)CNCC2CNC2)c1,0.167226
C[C@H](N)CN1CCC[C@@H]1CNc1cccc2cc[nH]c12,0.680458,C[C@H](N)C(=O)N(C[C@H]1CCCN1)c1cccc2cc[nH]c12,0.265342
CNCCN(C)CCNCCc1ccccc1Br,0.184238,CNCCN(C)CC(=O)NCCc1ccccc1Br,0.009813
C[C@@H](N)CN1CCC1C(=O)Oc1ccc2c(c1)C(c1c[nH]c3cc(Br)ccc13)N(CC1CCN1)CC2,0.991561,C[C@@H](N)CN1CCC1C(=O)Oc1ccc2c(c1)C(c1c[nH]c3cc(Br)ccc13)N(C(=O)C1CCN1)CC2,0.834687
C=CCN1CC(N2CCC2CN(C[C@H](N)Cc2ccc(O)cc2)c2cccc3cc[nH]c23)C1,0.967819,C=CC(=O)N1CC(N2CCC2CN(C[C@H](N)Cc2ccc(O)cc2)c2cccc3cc[nH]c23)C1,0.762139
CC[C@H](N)CN(C)CC(=O)Oc1ccccc1NCC=O,0.007387,CC[C@@H](CN(C)CC(=O)Oc1ccccc1N)NC(=O)C=O,0.002066
NCCCN(CCBr)Cc1ccccc1,0.092276,NCCC(=O)N(CCBr)Cc1ccccc1,0.004183
C[C@@H](N)CNCCCCNCc1c[nH]c2ccc(C#N)cc12,0.672472,C[C@@H](N)C(=O)NCCCCNCc1c[nH]c2ccc(C#N)cc12,0.257839
Oc1cc(Br)ccc1NC[C@@H]1CCCN1Cc1c[nH]c2cc(Br)ccc12,0.9261,O=C(Nc1ccc(Br)cc1O)[C@@H]1CCCN1Cc1c[nH]c2cc(Br)ccc12,0.433731
O=C1CCN(CC2CCN(Cc3cccc(Br)c3)CC2)CC1,0.211275,O=C1CCN(C(=O)C2CCN(Cc3cccc(Br)c3)CC2)CC1,0.015997
N[C@H](CO)CN(CCc1ccc(O)cc1)Cc1ccc(F)cc1,0.699423,N[C@H](CO)CN(CCc1ccc(O)cc1)C(=O)c1ccc(F)cc1,0.035547
C[C@H](N)CN(c1ccc(CN2CC[C@@H](O)C2)cc1Br)C1CCCN(Cc2c[nH]c3cc(Br)ccc23)C1,0.967233,C[C@H](N)CN(c1ccc(C(=O)N2CC[C@@H](O)C2)cc1Br)C1CCCN(Cc2c[nH]c3cc(Br)ccc23)C1,0.933652
Brc1ccc2[nH]cc(CN(c3c(Br)cccc3NC[C@H]3CCCN3)C3CCCNC3)c2c1,0.782189,O=C(Nc1cccc(Br)c1N(Cc1c[nH]c2ccc(Br)cc12)C1CCCNC1)[C@H]1CCCN1,0.553806
O=CCN1CC(CN2CCC[C@@H]2CNc2ccccc2O)C1,0.2189,O=CCN1CC(CN2CCC[C@@H]2C(=O)Nc2ccccc2O)C1,0.031571
Oc1ccc(CCNC[C@H]2CCCN2C[C@@H]2CCCN2)cc1,0.973976,O=C([C@@H]1CCCN1)N(CCc1ccc(O)cc1)C[C@H]1CCCN1,0.121616
C=CCN(CC1CCN(C[C@@H](C)NCc2cccc(Br)c2)CC1)c1cccc2cc[nH]c12,0.976963,C=CC(=O)N(CC1CCN(C[C@@H](C)NCc2cccc(Br)c2)CC1)c1cccc2cc[nH]c12,0.963168
COc1ccc(O)c(NCCNC[C@H]2CCCN2)c1,0.39822,COc1ccc(O)c(NC(=O)CNC[C@H]2CCCN2)c1,0.109809
N#Cc1cc(Br)cc(NCC2CCN2CCCN(CCN)Cc2cccc(Br)c2)c1,0.975801,N#Cc1cc(Br)cc(NC(=O)C2CCN2CCCN(CCN)Cc2cccc(Br)c2)c1,0.873518
Oc1cccc(CNCC2CCN2CCN(CCBr)c2cccc(Br)c2O)c1,0.990049,O=C(CBr)N(CCN1CCC1CNCc1cccc(O)c1)c1cccc(Br)c1O,0.980066
O=C1CN(Cc2cccc(O)c2NCc2c[nH]c3ccc(Br)cc23)C1,0.688248,O=C1CN(C(=O)c2cccc(O)c2NCc2c[nH]c3ccc(Br)cc23)C1,0.041717
NCCN(C[C@H]1CCCN1CC1CCN1)c1cc(F)c(F)cc1O,0.847447,NCC(=O)N(C[C@H]1CCCN1CC1CCN1)c1cc(F)c(F)cc1O,0.927993
C[C@H](N)CN(CCNc1ccccc1O)C[C@@H]1CCCN1,0.335711,C[C@H](N)CN(CC(=O)Nc1ccccc1O)C[C@@H]1CCCN1,0.033265
CNCCN(Cc1c[nH]c2ccc(Br)cc12)[C@H](CC(C)C)CN1CCC[C@@H]1c1nc2cc(F)c(F)cc2o1,0.825426,CNCC(=O)N(Cc1c[nH]c2ccc(Br)cc12)[C@H](CC(C)C)CN1CCC[C@@H]1c1nc2cc(F)c(F)cc2o1,0.581394
C#CCN(CCNC)C(CCl)c1ccc(Cl)c(Cl)c1,0.02982,C#CCN(C(=O)CNC)C(CCl)c1ccc(Cl)c(Cl)c1,0.01864
Oc1ccc2c(c1)C(c1c[nH]c3cc(Br)ccc13)N(CC1CCN(CCCNC3CC3)CC1)CC2,0.988789,O=C(CCN1CCC(CN2CCc3ccc(O)cc3C2c2c[nH]c3cc(Br)ccc23)CC1)NC1CC1,0.97738
N[C@@H](CCC(=O)O)CNCCc1ccc(O)cc1,0.602631,N[C@@H](CCC(=O)NCCc1ccc(O)cc1)C(=O)O,0.014398
CC[C@@H](CN1CCC(Nc2cccc3cc[nH]c23)C1)NCC1CCN1,0.645738,CC[C@@H](CN1CCC(Nc2cccc3cc[nH]c23)C1)NC(=O)C1CCN1,0.5
COc1ccccc1CN(CC=O)C[C@H](N)CS,0.002036,COc1ccccc1CN(C[C@H](N)CS)C(=O)C=O,0.001761
NCCN(Cc1c[nH]c2cc(Br)ccc12)c1ccc(CN2CCC[C@H]2CN2CCC[C@@H](O)C2)cc1Br,0.986801,NCCN(Cc1c[nH]c2cc(Br)ccc12)c1ccc(CN2CCC[C@H]2C(=O)N2CCC[C@@H](O)C2)cc1Br,0.757448
C[C@@H](CN(C[C@@H]1CCCNC1)c1ccc(Br)cc1)NCc1cccc(F)c1F,0.712034,C[C@@H](CN(C(=O)[C@@H]1CCCNC1)c1ccc(Br)cc1)NCc1cccc(F)c1F,0.363046
CC[C@H](N)CN1CCCC(N(C)CCN(Cc2ccc(O)cc2)Cc2c[nH]c3ccc(F)cc23)C1,0.958183,CC[C@H](N)C(=O)N1CCCC(N(C)CCN(Cc2ccc(O)cc2)Cc2c[nH]c3ccc(F)cc23)C1,0.820544
O=C1CCN(CCCNCCc2ccc(O)cc2)C1,0.858316,O=C1CCN(CCC(=O)NCCc2ccc(O)cc2)C1,0.081891
O=CCCN1CCC[C@@H]1CNc1ccc(Br)cc1O,0.351814,O=CCCN1CCC[C@@H]1C(=O)Nc1ccc(Br)cc1O,0.017558
CN(CCN1CCC[C@@H]1CNc1cccc(Br)c1O)CC1CCN1,0.782235,CN(CCN1CCC[C@@H]1C(=O)Nc1cccc(Br)c1O)CC1CCN1,0.403598
c1ccc(N(C[C@@H]2CCCN2)C2CCCNC2)nc1,0.255173,O=C([C@@H]1CCCN1)N(c1ccccn1)C1CCCNC1,0.085437
CN(CCN(CCc1ccccc1Br)C[C@@H]1CCCN1CCN)Cc1c[nH]c2ccc(Br)cc12,0.971273,CN(CCN(CCc1ccccc1Br)C[C@@H]1CCCN1C(=O)CN)Cc1c[nH]c2ccc(Br)cc12,0.958183
Nc1ccc(CN2CCC2CN(c2cccc3c2CCNC3c2c[nH]c3ccc(F)cc23)C2CC2)cc1Br,0.945578,Nc1ccc(CN2CCC2C(=O)N(c2cccc3c2CCNC3c2c[nH]c3ccc(F)cc23)C2CC2)cc1Br,0.768431
N[C@@H](CC(=O)O)CN1CCC(=O)CC1,0.014489,N[C@@H](CC(=O)N1CCC(=O)CC1)C(=O)O,0.00234
O=C1CCN(CC(=O)CBr)CC1,0.009844,O=C1CCN(C(=O)C(=O)CBr)CC1,0.0019
CN(CCNc1cc(F)ccc1O)C1CCN(C2CN(C(CCl)c3ccc(Cl)c(Cl)c3)C2)C1,0.771288,CN(CC(=O)Nc1cc(F)ccc1O)C1CCN(C2CN(C(CCl)c3ccc(Cl)c(Cl)c3)C2)C1,0.536413
Oc1cc(Br)ccc1N(Cc1c[nH]c2cc(Br)ccc12)C[C@H]1CCCN1CC1CCN(CCBr)CC1,0.988856,O=C(CBr)N1CCC(CN2CCC[C@@H]2CN(Cc2c[nH]c3cc(Br)ccc23)c2ccc(Br)cc2O)CC1,0.868214
NCCCN1CCC[C@H]1CN(CCc1c[nH]c2ccccc12)Cc1cccc(Br)c1,0.999993,NCCC(=O)N1CCC[C@H]1CN(CCc1c[nH]c2ccccc12)Cc1cccc(Br)c1,0.924552
Nc1ccc(CN2CC(C(=O)O)C2)cc1O,0.02145,Nc1ccc(C(=O)N2CC(C(=O)O)C2)cc1O,0.002162
CC[C@H](N)CN(C[C@H]1CCCN1Cc1c[nH]c2ccc(Br)cc12)[C@@H](CC)C(=O)Oc1ccccc1N,0.97615,CC[C@H](N)C(=O)N(C[C@H]1CCCN1Cc1c[nH]c2ccc(Br)cc12)[C@@H](CC)C(=O)Oc1ccccc1N,0.58632
c1ccc2c(NC[C@H]3CCCN3CC3CCN3)ccnc2c1,0.831767,O=C(Nc1ccnc2ccccc12)[C@H]1CCCN1CC1CCN1,0.246497
Oc1cc(F)c(F)cc1N(CC1NCCc2ccccc21)C[C@@H]1CCCN1,0.990975,O=C([C@@H]1CCCN1)N(CC1NCCc2ccccc21)c1cc(F)c(F)cc1O,0.977738
N#Cc1ccc(N(Cc2c[nH]c3cc(Br)ccc23)CC2CCN2C[C@@H]2CCCN2)c(N)c1,0.999992,N#Cc1ccc(N(Cc2c[nH]c3cc(Br)ccc23)CC2CCN2C(=O)[C@@H]2CCCN2)c(N)c1,0.650431
Oc1ccc(Br)cc1NC[C@@H]1CCCN1C1CN(CC2CCN2)C1,0.832961,O=C(Nc1cc(Br)ccc1O)[C@@H]1CCCN1C1CN(CC2CCN2)C1,0.531274
Brc1cccc2nc(C3CN(CC4CCN4)C3)oc12,0.32782,O=C(C1CCN1)N1CC(c2nc3cccc(Br)c3o2)C1,0.01286
C[C@@H](N)CNc1cc(Br)ccc1N,0.020942,C[C@@H](N)C(=O)Nc1cc(Br)ccc1N,0.001474
Brc1ccc2[nH]cc(CN3CCC[C@@H]3CN3CCCCC3)c2c1,0.796636,O=C([C@H]1CCCN1Cc1c[nH]c2ccc(Br)cc12)N1CCCCC1,0.123747
Oc1cc(F)c(F)cc1NCCCN(Cc1cccc(Br)c1)CC1CCNCC1,0.96548,O=C(C1CCNCC1)N(CCCNCc1cccc(Br)c1)c1cc(F)c(F)cc1O,0.598361
CC[C@@H](CNC1CC1)NCC(=O)CBr,0.009162,CC[C@H](NCC(=O)CBr)C(=O)NC1CC1,0.002334
O=CCNc1cc(F)c(F)cc1O,0.006779,O=CC(=O)Nc1cc(F)c(F)cc1O,0.000747
Oc1ccc(Br)cc1NCCN1CCC[C@H]1CNc1ccc(Br)cc1,0.614,O=C(CN1CCC[C@H]1CNc1ccc(Br)cc1)Nc1cc(Br)ccc1O,0.124989
NCCCN(CCC[C@H](N)CN(CCBr)c1ccccc1O)Cc1ccc(F)cc1,0.965366,NCCCN(CCC[C@H](N)CN(CCBr)c1ccccc1O)C(=O)c1ccc(F)cc1,0.309694
Oc1cc(F)c(F)cc1N(C1CNC1)C1CCN(Cc2ccc(F)cc2)C1,0.994171,O=C(c1ccc(F)cc1)N1CC(N(c2cc(F)c(F)cc2O)C2CCNC2)C1,0.808846
NC1(CN2CC(C(=O)O)C2)CCC1,0.012826,NC1(C(=O)N2CC(C(=O)O)C2)CCC1,0.002309
O=C1CCN(C[C@@H](Cc2ccccc2)NC2CCNCC2)C1,0.159238,O=C1CCN(C(=O)[C@@H](Cc2ccccc2)NC2CCNCC2)C1,0.014646
O=CCN1CCC[C@H]1CN(C[C@H]1CCCN1Cc1c[nH]c2cc(Br)ccc12)c1cccnc1Br,0.962517,O=CC(=O)N1CCC[C@H]1CN(C[C@H]1CCCN1Cc1c[nH]c2cc(Br)ccc12)c1cccnc1Br,0.696239
COc1cccc(CNCCN(C2CCN(CCN)C2)C(CCl)c2ccc(Br)cc2)c1,0.978735,COc1cccc(CNC(=O)CN(C2CCN(CCN)C2)C(CCl)c2ccc(Br)cc2)c1,0.660141
CNCCN(CC=O)c1cc(Br)ccc1N,0.008787,CN(CCNc1cc(Br)ccc1N)C(=O)C=O,0.000894
C[C@@H](N)CN1CC(CN(C)CC(=O)Oc2ccc(F)cc2NCc2ccc(F)cc2)C1,0.841939,C[C@@H](N)CN1CC(CN(C)CC(=O)Oc2ccc(F)cc2NC(=O)c2ccc(F)cc2)C1,0.576269
Nc1ccc(CNCCN2CCC[C@H]2CN(C2CC2)C(CCl)c2ccc(F)cc2)cc1Br,0.991471,Nc1ccc(C(=O)NCCN2CCC[C@H]2CN(C2CC2)C(CCl)c2ccc(F)cc2)cc1Br,0.990173
Oc1ccc(Br)cc1N(C[C@H]1CCCN1)C1CCCN(C(CCl)c2ccc(F)cc2)C1,0.993586,O=C([C@H]1CCCN1)N(c1cc(Br)ccc1O)C1CCCN(C(CCl)c2ccc(F)cc2)C1,0.966667
COc1ccccc1CNCCCN(C)CCNCCc1ccccc1Br,0.96849,COc1ccccc1CNC(=O)CCN(C)CCNCCc1ccccc1Br,0.51696
NCCCN1CCC1CN(Cc1c[nH]c2ccccc12)c1ccccn1,0.940285,NCCC(=O)N1CCC1CN(Cc1c[nH]c2ccccc12)c1ccccn1,0.069115
CN(CCN(C[C@H](N)CCC(=O)O)c1cc(Br)ccc1O)C[C@H](N)CS,0.112774,CN(CCN(C(=O)CC[C@@H](N)C(=O)O)c1cc(Br)ccc1O)C[C@H](N)CS,0.198231
C[C@@H](CNCCc1ccncc1)NCCN(C)C[C@@H](N)Cc1ccccc1,0.699629,C[C@H](NCCN(C)C[C@@H](N)Cc1ccccc1)C(=O)NCCc1ccncc1,0.10564
c1cc(NCC2CCN2C2CNC2)c2[nH]ccc2c1,0.838781,O=C(Nc1cccc2cc[nH]c12)C1CCN1C1CNC1,0.310226
Oc1ccc(CNCC2CCN2)cc1,0.717401,O=C(NCc1ccc(O)cc1)C1CCN1,0.040072
CN(CCN1CCC(=O)CC1)Cc1ccc(F)cc1,0.057654,CN(CC(=O)N1CCC(=O)CC1)Cc1ccc(F)cc1,0.005018
C#Cc1ccc2c(CN[C@H](Cc3ccc(O)cc3)CN3CCN(CCCN)CC3)c[nH]c2c1,0.854014,C#Cc1ccc2c(CN(C(=O)CCN)[C@H](Cc3ccc(O)cc3)CN3CCNCC3)c[nH]c2c1,0.830026
C[C@@H](CNCCc1ccccc1)NCCC=O,0.322913,C[C@H](NCCC=O)C(=O)NCCc1ccccc1,0.002307
CC[C@H](N)CN[C@H](CS)CN1CC(=O)C1,0.015169,CC[C@H](N)C(=O)N[C@H](CS)CN1CC(=O)C1,0.005936
Nc1ccc(NCCCN2CCC2C(=O)O)cc1O,0.046381,Nc1ccc(N(CCC(=O)O)C(=O)C2CCN2)cc1O,0.059212
N#Cc1ccc(N(C[C@H](N)CS)C2CCN(C[C@@H]3CCCN3)CC2)c(NCc2c[nH]c3cc(Br)ccc23)c1,0.93316,N#Cc1ccc(N(C(=O)[C@H](N)CS)C2CCN(C[C@@H]3CCCN3)CC2)c(NCc2c[nH]c3cc(Br)ccc23)c1,0.747736
COc1cccc2c1CCN(CC1CCNCC1)C2c1c[nH]c2ccc(Br)cc12,0.999999,COc1cccc2c1CCN(C(=O)C1CCNCC1)C2c1c[nH]c2ccc(Br)cc12,0.857155
CNCCN1CCC1CN1CCc2ccc(O)cc2C1c1c[nH]c2cc(Br)ccc12,0.999998,CNCC(=O)N1CCC1CN1CCc2ccc(O)cc2C1c1c[nH]c2cc(Br)ccc12,0.986688
C[C@@H](N)CN(CC1CCN1)c1ccccc1S,0.074998,C[C@@H](N)C(=O)N(CC1CCN1)c1ccccc1S,0.197066
C#CCN(C[C@@H](C)N(Cc1ccc(N)c(Br)c1)C[C@@H](C)N)C(C)CCl,0.307679,C#CCN(C[C@@H](C)N(C[C@@H](C)N)C(=O)c1ccc(N)c(Br)c1)C(C)CCl,0.253279
O=C(O)C1CCN1Cc1ccc(NC2CCNC2)c(Br)c1,0.078009,O=C(O)C1CCN1C(=O)c1ccc(NC2CCNC2)c(Br)c1,0.013931
Sc1ccccc1N(CC1CCN1)CC1CCN1Cc1c[nH]c2ccc(N3CCCCC3)cc12,0.891167,O=C(C1CCN1)N(CC1CCN1Cc1c[nH]c2ccc(N3CCCCC3)cc12)c1ccccc1S,0.789625
CC[C@H](NCC1CCN1Cc1cccc(F)c1N)C(=O)O,0.197966,CC[C@@H](C(=O)O)N(CC1CCN1)C(=O)c1cccc(F)c1N,0.015208
N#Cc1cc(Br)cc(NC2CCCN(C[C@@H]3CCCN3)C2)c1,0.784934,N#Cc1cc(Br)cc(N(C(=O)[C@@H]2CCCN2)C2CCCNC2)c1,0.165065
COc1ccccc1CCN(Cc1c[nH]c2cc(Br)ccc12)CC1CCN1CCCNCC1(N)CCC1,0.978457,COc1ccccc1CCN(Cc1c[nH]c2cc(Br)ccc12)CC1CCN1CCCNC(=O)C1(N)CCC1,0.883142
CNCCN(CCN)CCc1ccccc1Br,0.129909,CNCC(=O)N(CCN)CCc1ccccc1Br,0.021
CNCCNCc1ccccc1,0.101144,CNCC(=O)NCc1ccccc1,0.008378
COc1cccc2c1CCN(C[C@H]1CCCN1)C2C(=O)O,0.687824,COc1cccc2c1CCN(C(=O)[C@H]1CCCN1)C2C(=O)O,0.011234
Nc1cc(Br)ccc1NCCC[C@@H](N)CN1CC(NC2CC2)C1,0.599762,Nc1cc(Br)ccc1NC(=O)CC[C@@H](N)CN1CC(NC2CC2)C1,0.277505
CC[C@@H](CN(c1cccc2cc[nH]c12)C(CCl)c1ccc(Br)cc1)N(CC1CCN1)CC1CCN1,0.956054,CC[C@@H](CN(c1cccc2cc[nH]c12)C(CCl)c1ccc(Br)cc1)N(CC1CCN1)C(=O)C1CCN1,0.428066
CC[C@H](N)CN1CC(N(CCCNCc2cccc(F)c2N)Cc2ccccc2O)C1,0.92885,CC[C@H](N)C(=O)N(CCCN(Cc1ccccc1O)C1CNC1)Cc1cccc(F)c1N,0.836993
NCCc1ccc(OC(=O)CNC[C@H]2CCCN2)cc1,0.171227,NCC(=O)Oc1ccc(CCNC(=O)[C@H]2CCCN2)cc1,0.006209
Nc1ccc(CN2CCCC(=O)C2)cc1NCCN1CC(C(=O)O)C1,0.050252,Nc1ccc(CN2CCCC(=O)C2)cc1N(CC(=O)O)C(=O)C1CNC1,0.020116
C#Cc1cccc(NCCNC)c1O,0.238668,C#Cc1cccc(NC(=O)CNC)c1O,0.026658
Oc1ccccc1CNCC1CCN1,0.666052,O=C(NCc1ccccc1O)C1CCN1,0.027009
Oc1c(Br)cccc1N(C[C@@H]1CCCN1)C1CCCN(Cc2c[nH]c3ccc(Br)cc23)C1,0.996455,O=C([C@@H]1CCCN1)N(c1cccc(Br)c1O)C1CCCN(Cc2c[nH]c3ccc(Br)cc23)C1,0.980827
OCCN1CCC(Nc2ccc(Br)cc2N(Cc2c[nH]c3cc(Br)ccc23)CC2CCN2)CC1,0.992755,O=C(CO)N(c1ccc(Br)cc1N(Cc1c[nH]c2cc(Br)ccc12)CC1CCN1)C1CCNCC1,0.755245
Nc1cc(N(CCCN2CCC2C(=O)O)C[C@H]2CCCN2)ccc1O,0.209997,Nc1cc(N(CCC(=O)N2CCC2C(=O)O)C[C@H]2CCCN2)ccc1O,0.021721
CN(CCN1CCC1C(=O)O)Cc1ccc(N)c(N(CCBr)Cc2c[nH]c3cc(Br)ccc23)c1,0.954206,CN(CCN1CCC1C(=O)O)Cc1ccc(N)c(N(Cc2c[nH]c3cc(Br)ccc23)C(=O)CBr)c1,0.9242
C[C@@H](CN(CCc1ccccc1)C1CCNCC1)N(CCN)Cc1ccc(N)c(Br)c1,0.911742,C[C@@H](CN(CCc1ccccc1)C1CCN(C(=O)CN)CC1)NCc1ccc(N)c(Br)c1,0.727613
C[C@@H](N)CN(C[C@@H](N)CCN1CC(=O)C1)c1cc(Br)ccc1O,0.103664,C[C@@H](N)CN(C[C@@H](N)CC(=O)N1CC(=O)C1)c1cc(Br)ccc1O,0.00884
COc1ccc(O)c(N(CCCN)C(CCl)c2ccc(F)cc2)c1,0.563361,COc1ccc(O)c(N(C(=O)CCN)C(CCl)c2ccc(F)cc2)c1,0.023324
NCCNCCCN(CCc1ccc(O)cc1)C1CN(Cc2c[nH]c3ccc(F)cc23)C1,0.999992,NCC(=O)NCCCN(CCc1ccc(O)cc1)C1CN(Cc2c[nH]c3ccc(F)cc23)C1,0.988897
N#Cc1ccc(O)c(N(c2ccc3c(C=O)c[nH]c3c2)C2CCN(CC3CCN3)C2)c1,0.976784,N#Cc1ccc(O)c(N(c2ccc3c(C=O)c[nH]c3c2)C2CCN(C(=O)C3CCN3)C2)c1,0.119548
C=CCN1CCC[C@@H]1CNc1cccc(Br)c1N,0.32249,C=CC(=O)N(C[C@H]1CCCN1)c1cccc(Br)c1N,0.060394
NCCN(CCC[C@H](N)CN(c1ccc(N)c(O)c1)C1CC1)Cc1c[nH]c2cc(Br)ccc12,0.984801,NCC(=O)N(CCC[C@H](N)CN(c1ccc(N)c(O)c1)C1CC1)Cc1c[nH]c2cc(Br)ccc12,0.600875
O=C1CCN(CC2N[C@@H](C(=O)O)Cc3ccc(O)cc32)C1,0.430501,O=C1CCN(C(=O)C2N[C@@H](C(=O)O)Cc3ccc(O)cc32)C1,0.036034
CNCCN1CCc2c(Br)cccc2C1CCN1CCC(O)CC1,0.739022,CNCC(=O)N1CCc2c(Br)cccc2C1CCN1CCC(O)CC1,0.875802
CCCN(CCc1c[nH]c2ccccc12)CCN(C)CCCNCc1ccc(F)cc1,0.999998,CCCN(CCc1c[nH]c2ccccc12)CCN(C)CCCNC(=O)c1ccc(F)cc1,0.986176
C=CCN(C)CCN1CCC1C(=O)O,0.018099,C=CCN(C)CC(=O)N1CCC1C(=O)O,0.009971
Nc1ccc(CN[C@H](CO)CN(CCNCCc2ccccc2Br)CC2CCN2)cc1Br,0.864629,Nc1ccc(C(=O)N[C@H](CO)CN(CCNCCc2ccccc2Br)CC2CCN2)cc1Br,0.916159
Nc1ccc(Br)cc1N(CCBr)CC1CCN1,0.013879,Nc1ccc(Br)cc1N(CC1CCN1)C(=O)CBr,0.017905
Brc1ccc2[nH]cc(C3c4cccc(I)c4CCN3C3CN(C[C@H]4CCCN4)C3)c2c1,0.999994,O=C([C@H]1CCCN1)N1CC(N2CCc3c(I)cccc3C2c2c[nH]c3ccc(Br)cc23)C1,0.975483
C=CCN(CCNC)Cc1ccccc1,0.022524,C=CC(=O)N(C)CCNCc1ccccc1,0.002183
Brc1ccccc1CCNCCN1CCN(C[C@@H](Cc2c[nH]c3ccccc23)NCc2ccccn2)CC1,0.600268,O=C(N[C@H](Cc1c[nH]c2ccccc12)CN1CCN(CCNCCc2ccccc2Br)CC1)c1ccccn1,0.646768
C[C@@H](c1ccccc1)N(CCO)C1CCN(C2CCNC2)CC1,0.112123,C[C@@H](c1ccccc1)N(C(=O)CO)C1CCN(C2CCNC2)CC1,0.104462
Brc1ccccc1CCNCCNc1cccc2cc[nH]c12,0.360689,O=C(CNCCc1ccccc1Br)Nc1cccc2cc[nH]c12,0.092222
NC1(CN2CC(N(Cc3cccnc3F)c3ccccc3S)C2)CCC1,0.910746,NC1(CN2CC(N(C(=O)c3cccnc3F)c3ccccc3S)C2)CCC1,0.720521
N#Cc1cc(Br)cc(NCC2CN(C[C@@H]3CCCN3)C2)c1,0.534126,N#Cc1cc(Br)cc(NC(=O)C2CN(C[C@@H]3CCCN3)C2)c1,0.07735
N[C@H](Cc1ccc(O)cc1)CN(CCc1c[nH]c2ccccc12)CC1CNC1,0.992211,N[C@H](Cc1ccc(O)cc1)CN(CCc1c[nH]c2ccccc12)C(=O)C1CNC1,0.81386
O=C(O)CCN1CCC[C@@H]1CNCCc1ccccc1,0.66605,O=C(CCN1CCC[C@@H]1C(=O)O)NCCc1ccccc1,0.018265
O=C1CN(c2cccc(CN(CCc3c[nH]c4ccccc34)C[C@H]3CCCN3)c2)C1,0.990814,O=C1CN(c2cccc(CN(CCc3c[nH]c4ccccc34)C(=O)[C@H]3CCCN3)c2)C1,0.226273
N[C@H](CCN(C[C@@H]1CCCN1)c1ccccc1O)C(=O)O,0.050402,N[C@H](CC(=O)N(C[C@@H]1CCCN1)c1ccccc1O)C(=O)O,0.06112
C[C@@H](N)CNCCCN1CCC(=O)CC1,0.040139,C[C@@H](N)CNCCC(=O)N1CCC(=O)CC1,0.003373
COc1ccc(O)c(NCCCN)c1,0.105582,COc1ccc(O)c(NC(=O)CCN)c1,0.004699
N#Cc1ccc(O)c(N(CCBr)C[C@H]2CCCN2Cc2c[nH]c3ccc(Br)cc23)c1,0.992172,N#Cc1ccc(O)c(N(C[C@H]2CCCN2Cc2c[nH]c3ccc(Br)cc23)C(=O)CBr)c1,0.969292
C=CCNCCCN(C[C@@H](N)CC)C1CNC1,0.033586,C=CCNC(=O)CCN(C[C@@H](N)CC)C1CNC1,0.019424
Oc1ccc(CCNC[C@H](CS)NC2CN(C(CCl)c3ccc(Br)cc3)C2)cc1,0.963184,O=C(NCCc1ccc(O)cc1)[C@H](CS)NC1CN(C(CCl)c2ccc(Br)cc2)C1,0.351298
Nc1c(F)cccc1CN1CCC1CN1CCCC(=O)C1,0.361946,Nc1c(F)cccc1CN1CCC1C(=O)N1CCCC(=O)C1,0.020632
NCCCN(c1cc(Br)ccc1O)C(CCl)c1ccc(F)cc1,0.378696,NCCC(=O)N(c1cc(Br)ccc1O)C(CCl)c1ccc(F)cc1,0.059819
Brc1ccc(NCC2CCN2C2CCN(Cc3c[nH]c4cc(Br)ccc34)CC2)cc1,0.987698,O=C(Nc1ccc(Br)cc1)C1CCN1C1CCN(Cc2c[nH]c3cc(Br)ccc23)CC1,0.911531
CN(CC(=O)O)CC(CBr)N1CCC[C@H]1CNCCc1ccccc1Br,0.373256,CN(CC(=O)NCCc1ccccc1Br)CC(CBr)N1CCC[C@H]1C(=O)O,0.035246
c1ccc(CNCCCNCC2CCN2)cc1,0.336987,O=C(NCCCNCc1ccccc1)C1CCN1,0.035525
Nc1c(F)cccc1CN1CC(N2CCC[C@H](O)C2)C1,0.168266,Nc1c(F)cccc1C(=O)N1CC(N2CCC[C@H](O)C2)C1,0.158503
Oc1cc(Br)ccc1N(Cc1c[nH]c2ccccc12)C1CCCN(C[C@@H]2CCCN2)C1,0.999989,O=C([C@@H]1CCCN1)N1CCCC(N(Cc2c[nH]c3ccccc23)c2ccc(Br)cc2O)C1,0.319856
COc1cccc(CNC2CN(CC3CNC3)C2)c1,0.283289,COc1cccc(CN(C(=O)C2CNC2)C2CNC2)c1,0.047526
O=C1CCN(CCNc2c(F)cccc2C(=O)O)C1,0.003169,O=C(O)CNc1c(F)cccc1C(=O)N1CCC(=O)C1,0.000847
CNCCN(CC1CCNCC1)c1cc(Br)ccc1O,0.233386,CNCC(=O)N(CC1CCNCC1)c1cc(Br)ccc1O,0.173017
C[C@@H](N)CN1CCc2ccccc2C1c1c[nH]c2ccc(Br)cc12,0.972821,C[C@@H](N)C(=O)N1CCc2ccccc2C1c1c[nH]c2ccc(Br)cc12,0.396084
C[C@@H](CNCc1ccc(O)cc1)NCC(=O)CBr,0.089348,C[C@H](NCC(=O)CBr)C(=O)NCc1ccc(O)cc1,0.002255
CN(CCN1CCC1CNc1ccc(Br)cc1)CC1NCCc2c(Br)cccc21,0.978547,CN(CCN1CCC1C(=O)Nc1ccc(Br)cc1)CC1NCCc2c(Br)cccc21,0.811919
CC[C@H](N)CN1CCC[C@H]1CN(CCc1ccccc1OC)Cc1c[nH]c2ccccc12,0.989966,CC[C@H](N)C(=O)N1CCC[C@H]1CN(CCc1ccccc1OC)Cc1c[nH]c2ccccc12,0.645425
C[C@H](NCC1NCCc2ccc(O)cc21)C(=O)O,0.707293,C[C@H](NC(=O)C1NCCc2ccc(O)cc21)C(=O)O,0.127433
Nc1cc(Br)ccc1NC[C@@H]1CCCN1Cc1cccc(F)c1F,0.56961,Nc1cc(Br)ccc1NC(=O)[C@@H]1CCCN1Cc1cccc(F)c1F,0.049209
C[C@@H](N)CN1CCCC(N2CCC2CNc2cccc(Br)c2O)C1,0.681119,C[C@@H](N)CN1CCCC(N2CCC2C(=O)Nc2cccc(Br)c2O)C1,0.253942
COc1ccc(O)c(N(CC2CCN2)C[C@H]2CCCN2Cc2c[nH]c3cc(Br)ccc23)c1,0.997411,COc1ccc(O)c(N(C[C@H]2CCCN2Cc2c[nH]c3cc(Br)ccc23)C(=O)C2CCN2)c1,0.987191
O=CCN(C(CCl)c1ccc(Br)cc1)[C@@H](CO)CN(CC1CCN1)c1ccc(Br)cc1O,0.923572,O=CCN(C(CCl)c1ccc(Br)cc1)[C@@H](CO)CN(C(=O)C1CCN1)c1ccc(Br)cc1O,0.589761
O=C(O)[C@H]1CCCN1C[C@@H]1C[C@@H](O)CN1,0.015402,O=C(O)[C@@H]1C[C@@H](O)CN1C(=O)[C@H]1CCCN1,0.003399
Nc1cc(Br)ccc1N(CC1CCN1)CC1CCN1,0.087494,Nc1cc(Br)ccc1N(CC1CCN1)C(=O)C1CCN1,0.191695
Fc1ccc(CN(CCc2ccncc2)C2CCN(CC3CCN3Cc3c[nH]c4ccc(F)cc34)CC2)cc1,0.76493,O=C(c1ccc(F)cc1)N(CCc1ccncc1)C1CCN(CC2CCN2Cc2c[nH]c3ccc(F)cc23)CC1,0.862876
SC[C@H](CN(C[C@@H]1CCCN1)C1CC1)NCc1cccc(Br)c1,0.529109,O=C([C@@H]1CCCN1)N(C[C@@H](CS)NCc1cccc(Br)c1)C1CC1,0.045855
NCCCNCCCN(CC1CCN1Cc1c[nH]c2ccc(Br)cc12)c1ccc(Br)cc1O,0.988562,NCCC(=O)NCCCN(CC1CCN1Cc1c[nH]c2ccc(Br)cc12)c1ccc(Br)cc1O,0.96565
COc1ccccc1CCNCCCNCC1CCN1,0.417468,COc1ccccc1CCNC(=O)CCNCC1CCN1,0.083243
N[C@H](CNCCc1ccc(O)cc1)Cc1ccc(O)cc1,0.849064,N[C@@H](Cc1ccc(O)cc1)C(=O)NCCc1ccc(O)cc1,0.071551
N#Cc1cc(Br)cc(N(CC2CCN2)C[C@@H]2CCCN2Cc2cccc(Br)c2)c1,0.991678,N#Cc1cc(Br)cc(N(C[C@@H]2CCCN2Cc2cccc(Br)c2)C(=O)C2CCN2)c1,0.962985
C#CCN(CC=O)C[C@H](N)CCNc1ccccc1O,0.07075,C#CCN(C[C@H](N)CCNc1ccccc1O)C(=O)C=O,0.015538
CC(C)[C@@H](N)CN1CCC(N(CC2CCN2)c2cc(F)c(F)cc2O)CC1,0.694957,CC(C)[C@@H](N)C(=O)N1CCC(N(CC2CCN2)c2cc(F)c(F)cc2O)CC1,0.133856
Brc1ccc(N(CC2CNC2)CC2CCN2)cc1,0.068846,O=C(C1CCN1)N(CC1CNC1)c1ccc(Br)cc1,0.162071
NCCCN1CCC1CN(CCC=O)CCc1ccc(O)cc1,0.647213,NCCC(=O)N1CCC1CN(CCC=O)CCc1ccc(O)cc1,0.428429
Oc1ccc2c(c1)C(CN(CC1CCN1)c1cccc3cc[nH]c13)NCC2,0.984957,O=C(C1CCN1)N(CC1NCCc2ccc(O)cc21)c1cccc2cc[nH]c12,0.954149
C[C@H](N)CN1CC(N(c2cc(C#N)ccc2O)C2CN(Cc3c[nH]c4cc(Br)ccc34)C2)C1,0.971426,C[C@H](N)C(=O)N1CC(N(c2cc(C#N)ccc2O)C2CN(Cc3c[nH]c4cc(Br)ccc34)C2)C1,0.964347
Cc1cc(F)ccc1-c1ccccc1CCN(CC1CCN1)C1CCCNC1,0.987454,Cc1cc(F)ccc1-c1ccccc1CCN(C(=O)C1CCN1)C1CCCNC1,0.5
Sc1ccccc1CCNC[C@@H]1CCCN1CC1CNC1,0.902091,O=C(C1CNC1)N(CCc1ccccc1S)C[C@@H]1CCCN1,0.117984
COc1ccc(N(C[C@@H]2CCCN2)C[C@@H]2CCCN2)c(N)c1,0.077832,COc1ccc(N(C[C@@H]2CCCN2)C(=O)[C@@H]2CCCN2)c(N)c1,0.084011
CC(C)[C@@H](N)CN1CCCC(Nc2ccc(CNCCc3c[nH]c4ccc(O)cc34)cc2Br)C1,0.952871,CC(C)[C@@H](N)CN1CCCC(Nc2ccc(C(=O)NCCc3c[nH]c4ccc(O)cc34)cc2Br)C1,0.908639
CN(CCN1CCC[C@H]1C(=O)O)Cc1ccc(F)cc1,0.01551,CN(CC(=O)N1CCC[C@H]1C(=O)O)Cc1ccc(F)cc1,0.001879
C#Cc1ccc2c(C3c4ccccc4CCN3C[C@@H]3CCCN3CCNC)c[nH]c2c1,0.986021,C#Cc1ccc2c(C3c4ccccc4CCN3C[C@@H]3CCCN3C(=O)CNC)c[nH]c2c1,0.74385
CC[C@H](N)CN(CC1CCN(CCN)CC1)c1cccc(Br)c1N,0.441367,CC[C@H](N)C(=O)N(CC1CCN(CCN)CC1)c1cccc(Br)c1N,0.868505
C[C@H](N)CN[C@@H](CO)CN1CCC1C(=O)O,0.014208,C[C@H](N)C(=O)N[C@@H](CO)CN1CCC1C(=O)O,0.005375
CNCCN1CCc2c(Br)cccc2C1c1c[nH]c2ccc(Br)cc12,0.985612,CNCC(=O)N1CCc2c(Br)cccc2C1c1c[nH]c2ccc(Br)cc12,0.644667
NCCCN1CCC1CN(Cc1c[nH]c2cc(Br)ccc12)c1ccc(Br)cc1O,0.999989,NCCC(=O)N1CCC1CN(Cc1c[nH]c2cc(Br)ccc12)c1ccc(Br)cc1O,0.680974
CN(CCN1CC(=O)C1)C[C@@H](N)CS,0.017707,CN(CCN1CC(=O)C1)C(=O)[C@@H](N)CS,0.005246
Oc1ccc(Br)cc1N(Cc1cccc(Br)c1)C[C@H]1CCCN1C[C@H]1CCCN1Cc1ccc(F)cc1,0.927107,O=C(c1ccc(F)cc1)N1CCC[C@@H]1CN1CCC[C@@H]1CN(Cc1cccc(Br)c1)c1cc(Br)ccc1O,0.755799
c1ccc2c(N(C3CCNC3)C3CCN(CC4CCN4)C3)ccnc2c1,0.90397,O=C(C1CCN1)N1CCC(N(c2ccnc3ccccc23)C2CCNC2)C1,0.178501
CN(CCN(CCCN)c1cc(Br)ccc1N)C[C@@H]1CCCN1,0.518598,CN(CCN(CCCN)c1cc(Br)ccc1N)C(=O)[C@@H]1CCCN1,0.048811
CN(CCNCCc1c[nH]c2ccccc12)C1CNC1,0.935489,CN(CC(=O)NCCc1c[nH]c2ccccc12)C1CNC1,0.469087
C=CCN(C1CC1)C1CNC1,0.044972,C=CC(=O)N(C1CC1)C1CNC1,0.003643
CN(CCN1CC(C(=O)OCc2cccc(F)c2)C1)C[C@@H]1CCCN1,0.429848,CN(CCN1CC(C(=O)OCc2cccc(F)c2)C1)C(=O)[C@@H]1CCCN1,0.129437
N[C@@H](Cc1ccccc1)CN1CCC(=O)C1,0.059568,N[C@@H](Cc1ccccc1)C(=O)N1CCC(=O)C1,0.003529
O=C1CCCN(CC2c3cc(O)ccc3CCN2C2CN(Cc3c[nH]c4cc(Br)ccc34)C2)C1,0.982625,O=C1CCCN(C(=O)C2c3cc(O)ccc3CCN2C2CN(Cc3c[nH]c4cc(Br)ccc34)C2)C1,0.926573
COc1ccccc1CCN(CCN)C1CCCN(Cc2c[nH]c3ccc(Br)cc23)C1,0.999999,COc1ccccc1CCN(C(=O)CN)C1CCCN(Cc2c[nH]c3ccc(Br)cc23)C1,0.9638
C[C@H](N)CN(CCc1ccccc1Br)CC(=O)O,0.012419,C[C@H](N)C(=O)N(CCc1ccccc1Br)CC(=O)O,0.000733
OC[C@@H](CN1CCCC(N(Cc2c[nH]c3ccc(Br)cc23)c2cccc(Br)c2O)C1)NCC1CNC1,0.963489,O=C(N[C@@H](CO)CN1CCCC(N(Cc2c[nH]c3ccc(Br)cc23)c2cccc(Br)c2O)C1)C1CNC1,0.940232
CNCCN1CCC[C@@H]1CN(CC1(N)CCC1)c1ccccc1O,0.5,CNCC(=O)N1CCC[C@@H]1CN(CC1(N)CCC1)c1ccccc1O,0.012554
N#Cc1ccc(O)c(N(CC2CCN2)C2CCN(Cc3c[nH]c4ccc(Br)cc34)C2)c1,0.999994,N#Cc1ccc(O)c(N(C(=O)C2CCN2)C2CCN(Cc3c[nH]c4ccc(Br)cc34)C2)c1,0.972144
C[C@H](N)CN(CC1CCN1CCCN)c1cc(Br)ccc1O,0.563581,C[C@H](N)CN(CC1CCN1C(=O)CCN)c1cc(Br)ccc1O,0.051444
Oc1c(Br)cccc1N(C1CN(CC2CNC2)C1)C1CN(c2nc3ccccc3[nH]2)C1,0.848214,O=C(C1CNC1)N1CC(N(c2cccc(Br)c2O)C2CN(c3nc4ccccc4[nH]3)C2)C1,0.222553
O=C(O)C1CCN1CC1c2cccc(Br)c2CCN1C[C@H]1CCCN1,0.7451,O=C(O)C1CCN1CC1c2cccc(Br)c2CCN1C(=O)[C@H]1CCCN1,0.446211
N#Cc1ccc(O)c(NCCCN)c1,0.20421,N#Cc1ccc(O)c(NC(=O)CCN)c1,0.00816
NCCNCCc1ccncc1,0.288962,NCC(=O)NCCc1ccncc1,0.006183
COc1ccccc1CCNCC1NCCc2c(OC)cccc21,0.989336,COc1ccccc1CCNC(=O)C1NCCc2c(OC)cccc21,0.400135
C=CCNCCN1CC(N(CCC)c2ccc(Br)cc2O)C1,0.291642,C=CC(=O)NCCN1CC(N(CCC)c2ccc(Br)cc2O)C1,0.069897
NCCCN(CCc1ccncc1)C1CCN(Cc2c[nH]c3cc(Br)ccc23)C1,0.991168,NCCC(=O)N(CCc1ccncc1)C1CCN(Cc2c[nH]c3cc(Br)ccc23)C1,0.869185
CC[C@H](N)CN(CCC=O)c1cc(Br)ccc1O,0.008731,CC[C@H](N)C(=O)N(CCC=O)c1cc(Br)ccc1O,0.011322
Oc1ccc2c(c1)C(c1c[nH]c3cc(Br)ccc13)N(C1CN(CC3CCN3)C1)CC2,0.999999,O=C(C1CCN1)N1CC(N2CCc3ccc(O)cc3C2c2c[nH]c3cc(Br)ccc23)C1,0.995838
OC[C@@H](CN(Cc1c[nH]c2cc(Br)ccc12)c1ccccc1S)NC[C@@H]1CCCN1CC1CNC1,0.980586,O=C(C1CNC1)N(C[C@@H]1CCCN1)[C@@H](CO)CN(Cc1c[nH]c2cc(Br)ccc12)c1ccccc1S,0.5
COc1ccc(O)c(N(CC2CCN2)C[C@H]2CCCN2)c1,0.16421,COc1ccc(O)c(N(CC2CCN2)C(=O)[C@H]2CCCN2)c1,0.143742
Fc1ccc(C(CCl)N2CCC(CNC3CCC3)CC2)cc1,0.652014,O=C(NC1CCC1)C1CCN(C(CCl)c2ccc(F)cc2)CC1,0.119087
O=C(O)C[C@@H](NCC1CNC1)C(=O)O,0.009812,O=C(O)C[C@@H](NC(=O)C1CNC1)C(=O)O,0.002983
N[C@@H](CC(=O)O)CN1CC(CN2CC(=O)C2)C1,0.016813,N[C@@H](CC(=O)N1CC(=O)C1)CN1CC(C(=O)O)C1,0.005635
Brc1ccc2[nH]cc(CN(CCCNCc3ccccc3)C[C@@H]3CCCN3)c2c1,0.997166,O=C([C@@H]1CCCN1)N(CCCNCc1c[nH]c2ccc(Br)cc12)Cc1ccccc1,0.46617
NCCN1CCC[C@H]1C1=NCCc2ccc(O)cc21,0.961756,NCC(=O)N1CCC[C@H]1C1=NCCc2ccc(O)cc21,0.050697
C=CCN1CCC(N(CC2CCN2)c2cccnc2Br)C1,0.387379,C=CC(=O)N1CCC(N(CC2CCN2)c2cccnc2Br)C1,0.018922
CNCCN1CC(CNc2ccccc2S)C1,0.096654,CNCCN1CC(C(=O)Nc2ccccc2S)C1,0.003652
COc1cccc2c1CCNC2c1cccc(N2CC(CN3CCNCC3)C2)c1,0.949408,COc1cccc2c1CCNC2c1cccc(N2CC(C(=O)N3CCNCC3)C2)c1,0.465191
O=C(O)C1c2cc(O)ccc2C[C@H](C(=O)O)N1CCCN(Cc1c[nH]c2cc(Br)ccc12)CC1CCN1,0.947905,O=C(O)C1CCN1C(=O)C1c2cc(O)ccc2C[C@H](C(=O)O)N1CCCNCc1c[nH]c2cc(Br)ccc12,0.726703
COc1ccc(N)c(NC2CCN(CCN)C2)c1,0.16911,COc1ccc(N)c(N(C(=O)CN)C2CCNC2)c1,0.033993
CNCCN(CCCCN)c1ccc(C(F)(F)F)cc1C1c2cccc(Br)c2CCN1CC1CCN1,0.75369,CNCC(=O)N(CCCCN)c1ccc(C(F)(F)F)cc1C1c2cccc(Br)c2CCN1CC1CCN1,0.318185
Oc1ccc(C[C@H](CNc2ccccc2S)NC2CCCN(CC3CCNCC3)C2)cc1,0.811106,O=C(C1CCNCC1)N(C1CCCNC1)[C@@H](CNc1ccccc1S)Cc1ccc(O)cc1,0.117722
COc1ccccc1CCN(CC=O)C[C@@H](C)N(CCCN)Cc1c[nH]c2cc(Br)ccc12,0.999995,COc1ccccc1CCN(C[C@@H](C)N(CCCN)Cc1c[nH]c2cc(Br)ccc12)C(=O)C=O,0.851026
CN(CCCN)CCNc1ccccc1S,0.33637,CN(CCNc1ccccc1S)C(=O)CCN,0.031115
C[C@H](CN1CC(N(CC=O)c2ccc(Br)cc2O)C1)NC(CCl)c1ccc(Br)cc1,0.980622,C[C@H](CN1CC(N(C(=O)C=O)c2ccc(Br)cc2O)C1)NC(CCl)c1ccc(Br)cc1,0.666317
COc1ccc(NCCN(C)CCC2NCCc3ccc(O)cc32)c(N)c1,0.987596,COc1ccc(N)c(NC(=O)CN(C)CCC2NCCc3ccc(O)cc32)c1,0.846084
N#Cc1ccc(N)c(NCCCNC2CCN(C[C@H]3CCCN3Cc3ccc(F)cc3)C2)c1,0.898908,N#Cc1ccc(N)c(N(CCCNC2CCN(C[C@H]3CCCN3)C2)C(=O)c2ccc(F)cc2)c1,0.80983
OCCCNCC1CNC1,0.024416,O=C(NCCCO)C1CNC1,0.003217
SC[C@H](CNCCc1ccncc1)NCC1CCN1,0.240782,O=C(N[C@H](CS)CNCCc1ccncc1)C1CCN1,0.077961
Brc1cccc(CN(CCc2ccccc2Br)C[C@@H]2CCCN2C[C@@H]2CCCN2)c1,0.933655,O=C([C@@H]1CCCN1)N1CCC[C@H]1CN(CCc1ccccc1Br)Cc1cccc(Br)c1,0.488711
Oc1ccccc1N(Cc1c[nH]c2cc(Br)ccc12)C1CCCN(CC2CN(CCBr)C2)C1,0.991237,O=C(CBr)N1CC(CN2CCCC(N(Cc3c[nH]c4cc(Br)ccc34)c3ccccc3O)C2)C1,0.990301
NCCC[C@H](N)CNC12CC(C1)C2,0.022822,NCCC[C@H](N)C(=O)NC12CC(C1)C2,0.005243
C[C@@H](CNCCc1c[nH]c2ccccc12)NC1CN(C(CBr)c2cccc(C#N)c2)C1,0.933159,C[C@H](NC1CN(C(CBr)c2cccc(C#N)c2)C1)C(=O)NCCc1c[nH]c2ccccc12,0.383499
CNCCN(Cc1cccc(OC)c1)CC1CCN1,0.239389,CNCCN(Cc1cccc(OC)c1)C(=O)C1CCN1,0.02898
COc1ccccc1CCN(CCNCc1c[nH]c2cc(Br)ccc12)C[C@@H]1CCCN1CCN,0.996871,COc1ccccc1CCN(CCN(Cc1c[nH]c2cc(Br)ccc12)C(=O)CN)C[C@@H]1CCCN1,0.992541
CN(CCNCCc1ccc(O)cc1)CC1(N(Cc2ccc(N)c(Br)c2)c2ncccc2I)CCC1,0.921207,CN(CCN(CCc1ccc(O)cc1)C(=O)c1ccc(N)c(Br)c1)CC1(Nc2ncccc2I)CCC1,0.605435
c1ccc(CNCCNCCCNCCCNC2CC2)cc1,0.073264,O=C(CCNCCCNCCNCc1ccccc1)NC1CC1,0.05178
C[C@H](NC[C@@H]1CCCN1CCCN)C(=O)O,0.053091,C[C@H](N)C(=O)NCCCN1CCC[C@H]1C(=O)O,0.009704
N#Cc1cc(Br)cc(N(Cc2c[nH]c3ccc(F)cc23)CC2CN(C[C@H]3CCCN(CCBr)C3)C2)c1,0.93445,N#Cc1cc(Br)cc(N(Cc2c[nH]c3ccc(F)cc23)CC2CN(C[C@H]3CCCN(C(=O)CBr)C3)C2)c1,0.828443
N#Cc1ccc(O)c(NCCN)c1,0.162268,N#Cc1ccc(O)c(NC(=O)CN)c1,0.006283
COc1ccccc1CCN(C[C@@H]1CCCN1)C1CNC1,0.895345,COc1ccccc1CCN(C(=O)[C@@H]1CCCN1)C1CNC1,0.059549
C=CCNC[C@@H](N)CC,0.016968,C=CCNC(=O)[C@@H](N)CC,0.002681
NCCCN1CCC1CN1CCC[C@@H](CNc2ccc(Br)cc2O)C1,0.835308,NCCC(=O)N(C[C@@H]1CCCN(CC2CCN2)C1)c1ccc(Br)cc1O,0.982036
O=CCN1CCC1CNCCc1c[nH]c2ccccc12,0.931132,O=CC(=O)N(CCc1c[nH]c2ccccc12)CC1CCN1,0.062974
O=C(O)c1ccc(NC2CCCN(CC3CCN3)C2)c(Br)c1,0.202805,O=C(O)C1CCN1C(=O)c1ccc(NC2CCCNC2)c(Br)c1,0.035397
Fc1ccc(NCC2CN(C[C@@H]3CCCNC3)C2)c(Br)n1,0.332525,O=C([C@@H]1CCCNC1)N(CC1CNC1)c1ccc(F)nc1Br,0.142604
N[C@H](CNC1CC1)Cc1ccccc1,0.444735,N[C@@H](Cc1ccccc1)C(=O)NC1CC1,0.02248
COc1ccccc1CCNCC1CCN1CC1CN(CCBr)C1,0.622864,COc1ccccc1CCNC(=O)C1CCN1CC1CN(CCBr)C1,0.199846
C=CCNC1CN(C[C@@H](N)CO)C1,0.03063,C=CCN(C(=O)[C@@H](N)CO)C1CNC1,0.00496
NCCCN(CC1c2ccccc2CCN1C[C@H]1CCCN1)c1ccc(Br)cc1,0.987861,NCCC(=O)N(CC1c2ccccc2CCN1C[C@H]1CCCN1)c1ccc(Br)cc1,0.932019
Oc1ccc(F)cc1N(CC1CCN1CCCNCC1CCN1)C(CCl)c1ccc(F)cc1,0.975944,O=C(NCCCN1CCC1CN(c1cc(F)ccc1O)C(CCl)c1ccc(F)cc1)C1CCN1,0.955423
Oc1ccccc1N(CC1CN(CC2CCN2)C1)C[C@@H]1CCCN1Cc1c[nH]c2cc(Br)ccc12,0.996202,O=C(C1CCN1)N1CC(CN(C[C@@H]2CCCN2Cc2c[nH]c3cc(Br)ccc23)c2ccccc2O)C1,0.90993
Cc1cc(Br)cnc1N(Cc1ccc(F)cc1)C[C@H]1CCCN1,0.167419,Cc1cc(Br)cnc1N(C[C@H]1CCCN1)C(=O)c1ccc(F)cc1,0.073944
NCCN(C[C@@H]1CCCN(Cc2c[nH]c3cc(Br)ccc23)C1)c1cc(Br)ccc1O,0.986118,NCC(=O)N(C[C@@H]1CCCN(Cc2c[nH]c3cc(Br)ccc23)C1)c1cc(Br)ccc1O,0.973761
N[C@@H](CNc1ccc(Br)cc1O)Cc1c[nH]c2ccccc12,0.164778,N[C@H](Cc1c[nH]c2ccccc12)C(=O)Nc1ccc(Br)cc1O,0.009558
Nc1ccc(CN(CCc2c[nH]c3ccccc23)C[C@@H]2CCCN2CCC=O)cc1O,0.995191,Nc1ccc(C(=O)N(CCc2c[nH]c3ccccc23)C[C@@H]2CCCN2CCC=O)cc1O,0.969758
N[C@H](CO)CN[C@@H](Cc1ccc(O)cc1)C(=O)O,0.155602,N[C@@H](Cc1ccc(O)cc1)C(=O)N[C@H](CO)C(=O)O,0.005433
Nc1c(Br)cccc1NCC1CN(CCCNc2cc(F)ccc2O)C1,0.64603,Nc1c(Br)cccc1NCC1CN(CCC(=O)Nc2cc(F)ccc2O)C1,0.189673
O[C@H]1CN[C@H](CN2CCC2CNC2CC2)C1,0.05166,O=C(NC1CC1)C1CCN1C[C@@H]1C[C@@H](O)CN1,0.01661
CSCC[C@@H](N)CN1CCC1CNc1cc(F)ccc1O,0.508778,CSCC[C@@H](N)CN1CCC1C(=O)Nc1cc(F)ccc1O,0.028518
N[C@H](CS)CN1CCC[C@H]1CNCCc1ccccc1Br,0.762691,N[C@H](CS)CN1CCC[C@H]1C(=O)NCCc1ccccc1Br,0.104191
NCCC[C@H](NCC1CCN1)C(=O)O,0.015115,NCCC[C@H](NC(=O)C1CCN1)C(=O)O,0.004256
NCCCCNCc1ccc(N(CC2CCN2)C[C@@H](N)Cc2c[nH]c3ccccc23)c(O)c1,0.703353,NCCCCN(Cc1ccc(NCC2CCN2)c(O)c1)C(=O)[C@@H](N)Cc1c[nH]c2ccccc12,0.365331
N[C@H](CO)CN1CCc2c(Br)cccc2C1C(=O)O,0.072062,N[C@H](CO)C(=O)N1CCc2c(Br)cccc2C1C(=O)O,0.000862
NCCCN1CCCC(N(C[C@H](N)CO)c2ccc(Br)cc2)C1,0.558412,NCCCN1CCCC(N(C(=O)[C@H](N)CO)c2ccc(Br)cc2)C1,0.790087
CNCCN1CCC1CNc1cccc2cc[nH]c12,0.620761,CNCCN1CCC1C(=O)Nc1cccc2cc[nH]c12,0.06509
O=C1CCCN(CCO)C1,0.008754,O=C1CCCN(C(=O)CO)C1,0.001688
O=C(O)CNCc1cccc(F)c1F,0.002001,O=C(O)CNC(=O)c1cccc(F)c1F,0.000486
CNCCN1CCc2c(Br)cccc2C1CCN(C[C@@H](N)C(C)C)c1c(N)cccc1Br,0.8123,CNCC(=O)N1CCc2c(Br)cccc2C1CCN(C[C@@H](N)C(C)C)c1c(N)cccc1Br,0.205165
C=CCN(C(CCl)c1ccc(Br)cc1)[C@H](CO)CN(Cc1c[nH]c2ccc(F)cc12)C1CC1,0.988511,C=CC(=O)N(C(CCl)c1ccc(Br)cc1)[C@H](CO)CN(Cc1c[nH]c2ccc(F)cc12)C1CC1,0.818933
C#CCN(C1CN(CCCN)C1)C(CCl)c1ccc(Br)cc1,0.397391,C#CCN(C1CN(C(=O)CCN)C1)C(CCl)c1ccc(Br)cc1,0.127437
CNCCN(c1cc(Br)ccc1N)C(CCl)c1ccc(F)cc1F,0.179441,CNCC(=O)N(c1cc(Br)ccc1N)C(CCl)c1ccc(F)cc1F,0.099141
C[C@H](N)CN(CCN(Cc1c[nH]c2ccccc12)C1CCCNC1)c1cc(F)ccc1O,0.993668,C[C@H](N)C(=O)N(CCN(Cc1c[nH]c2ccccc12)C1CCCNC1)c1cc(F)ccc1O,0.988528
Brc1ncccc1CN(CCNC[C@@H]1CCCN1)CCc1c[nH]c2ccccc12,0.977024,O=C(c1cccnc1Br)N(CCNCCc1c[nH]c2ccccc12)C[C@@H]1CCCN1,0.669459
NCCCCN(CCN)c1ccc(N)c(N)c1,0.104412,NCCCCN(C(=O)CN)c1ccc(N)c(N)c1,0.092329
NC1(CN2CCC2CN[C@@H](CO)CNc2cc(F)c(F)cc2O)CCC1,0.585344,NC1(C(=O)N(CC2CCN2)[C@@H](CO)CNc2cc(F)c(F)cc2O)CCC1,0.083217
O=CCN[C@H](CO)CN(C[C@H]1CCCN1Cc1c[nH]c2cc(Br)ccc12)c1ccc(Br)cc1,0.978369,O=CC(=O)N[C@H](CO)CN(C[C@H]1CCCN1Cc1c[nH]c2cc(Br)ccc12)c1ccc(Br)cc1,0.807009
Brc1ccc2c(C3c4cccc(Br)c4CCN3C[C@@H]3CCCN3CC3CCN3)c[nH]c2c1,0.999997,O=C(C1CCN1)N1CCC[C@H]1CN1CCc2c(Br)cccc2C1c1c[nH]c2cc(Br)ccc12,0.961862
CN(CCNCCO)Cc1c[nH]c2ccc(Br)cc12,0.366738,CN(CC(=O)NCCO)Cc1c[nH]c2ccc(Br)cc12,0.016874
COc1cccc2c1CCN=C2CCNCC1CCN1,0.264609,COc1cccc2c1CCN=C2CCNC(=O)C1CCN1,0.011578
COc1ccccc1CCNC[C@H](CS)N(C[C@H](N)CS)C1CNC1,0.185824,COc1ccccc1CCNC(=O)[C@H](CS)N(C[C@H](N)CS)C1CNC1,0.045235
COc1ccccc1CCN(Cc1c[nH]c2ccc(F)cc12)CC1CCN(C[C@@H]2CCCN2)CC1,0.994682,COc1ccccc1CCN(Cc1c[nH]c2ccc(F)cc12)CC1CCN(C(=O)[C@@H]2CCCN2)CC1,0.669805
COCCNC[C@H](C)N,0.008555,COCCNC(=O)[C@H](C)N,0.002009
O[C@H]1CCCN(Cc2ccc(NC3CCNC3)c(Br)c2)C1,0.151937,O=C(c1ccc(NC2CCNC2)c(Br)c1)N1CCC[C@H](O)C1,0.021365
C[C@H](N)CN1CCC[C@H]1CNCCc1ccccc1,0.862087,C[C@H](N)CN1CCC[C@H]1C(=O)NCCc1ccccc1,0.128321
c1ccc2c(NC3CCCN(CCNC[C@@H]4CCCN4)C3)ccnc2c1,0.595382,O=C(NCCN1CCCC(Nc2ccnc3ccccc23)C1)[C@@H]1CCCN1,0.20009
CNCCN(CCNCCc1ccncc1)CC1CNC1,0.089087,CN(CCNCCNCCc1ccncc1)C(=O)C1CNC1,0.0324
Nc1cccc(Br)c1N(CC1CCN1)C[C@@H](N)CCN1CCC(=O)C1,0.317315,Nc1cccc(Br)c1N(C[C@@H](N)CCN1CCC(=O)C1)C(=O)C1CCN1,0.65659
CN(CCN1CCNCC1)c1cc(F)ccc1C(=O)CCl,0.039449,CN(CC(=O)N1CCNCC1)c1cc(F)ccc1C(=O)CCl,0.007322
C=CCN(CCCCN)Cc1ccc2nc(CN)oc2c1,0.07327,C=CC(=O)N(CCCCN)Cc1ccc2nc(CN)oc2c1,0.006779
C[C@H](CN1CCC[C@H]1C(=O)O)NC1CN(C[C@@H](Cc2ccccc2)NCc2c[nH]c3cc(Br)ccc23)C1,0.714643,C[C@@H](NC1CN(C[C@@H](Cc2ccccc2)N(Cc2c[nH]c3cc(Br)ccc23)C(=O)[C@@H]2CCCN2)C1)C(=O)O,0.564518
NCCCN(CCNc1cc(F)ccc1O)C(CCl)c1ccc(Br)cc1,0.834326,NCCCN(CC(=O)Nc1cc(F)ccc1O)C(CCl)c1ccc(Br)cc1,0.175482
CCCN(Cc1ccc(N)c(Br)c1)[C@@H](CO)CN1CCC(=O)C1,0.357488,CCCN(C(=O)c1ccc(N)c(Br)c1)[C@@H](CO)CN1CCC(=O)C1,0.112194
CC[C@H](N)CN(CC=O)[C@@H](C)C(=O)O,0.00419,CC[C@H](N)CN(C(=O)C=O)[C@@H](C)C(=O)O,0.000993
N[C@@H](CS)CNc1cc(Br)ccc1O,0.044596,N[C@@H](CS)C(=O)Nc1cc(Br)ccc1O,0.00262
Nc1cc(CNCCCCNC2CCN(Cc3c[nH]c4ccc(Br)cc34)C2)ccc1O,0.983479,Nc1cc(C(=O)NCCCCNC2CCN(Cc3c[nH]c4ccc(Br)cc34)C2)ccc1O,0.982157
N[C@H](CS)CN1CCC[C@@H]1CNCc1ccccc1,0.479937,N[C@H](CS)CN1CCC[C@@H]1C(=O)NCc1ccccc1,0.029587
O=C1CCN(C[C@H]2CCCN2)CC1,0.049546,O=C1CCN(C(=O)[C@H]2CCCN2)CC1,0.003747
C=CCNc1cccc(Br)c1N(C1CCC1)C1CCN(Cc2c[nH]c3cc(Br)ccc23)CC1,0.967406,C=CC(=O)Nc1cccc(Br)c1N(C1CCC1)C1CCN(Cc2c[nH]c3cc(Br)ccc23)CC1,0.861043
NCCN(CCNCCBr)Cc1ccc(O)cc1,0.257307,NCCN(CCNC(=O)CBr)Cc1ccc(O)cc1,0.012691
N#Cc1cc(Br)cc(NCCN)c1,0.034799,N#Cc1cc(Br)cc(NC(=O)CN)c1,0.001494
NCCCN(C[C@H]1CCCN1CC1CCN1)c1cc(F)ccc1O,0.87323,NCCCN(C[C@H]1CCCN1C(=O)C1CCN1)c1cc(F)ccc1O,0.062381
C=CCN1CCC(N(Cc2c[nH]c3ccc(Br)cc23)c2cc(Br)ccc2N)CC1,0.989984,C=CC(=O)N1CCC(N(Cc2c[nH]c3ccc(Br)cc23)c2cc(Br)ccc2N)CC1,0.358328
Nc1cccnc1N(C[C@@H]1CCCN1)C1CC1,0.082533,Nc1cccnc1N(C(=O)[C@@H]1CCCN1)C1CC1,0.079678
N[C@H](Cc1ccc(O)cc1)CN1CCC[C@@H]1CNc1cccc2cc[nH]c12,0.958007,N[C@H](Cc1ccc(O)cc1)CN1CCC[C@@H]1C(=O)Nc1cccc2cc[nH]c12,0.643382
Fc1ccc(C(CCl)N(Cc2c[nH]c3cc(Br)ccc23)C2(CN3CCC3CNC3CC3)CCC2)cc1,0.976275,O=C(NC1CC1)C1CCN1CC1(N(Cc2c[nH]c3cc(Br)ccc23)C(CCl)c2ccc(F)cc2)CCC1,0.957601
CNCCN1CCC1CN(CCN)c1cccc2cc[nH]c12,0.748209,CN(CCN1CCC1CNc1cccc2cc[nH]c12)C(=O)CN,0.431159
Nc1c(Br)cccc1N(Cc1c[nH]c2ccc(Br)cc12)C1CN(C[C@@H]2CCCNC2)C1,0.995499,Nc1c(Br)cccc1N(Cc1c[nH]c2ccc(Br)cc12)C1CN(C(=O)[C@@H]2CCCNC2)C1,0.635639
NCCc1c[nH]c2ccc(OC(=O)[C@H]3CCCN3C[C@H]3CCCN3)cc12,0.919679,NCCc1c[nH]c2ccc(OC(=O)[C@H]3CCCN3C(=O)[C@H]3CCCN3)cc12,0.027087
CNCCN(C[C@@H](C)NC1CCCN(Cc2c[nH]c3ccc(F)cc23)C1)c1ccc(OC)cc1N,0.963057,CNCC(=O)N(C1CCCN(Cc2c[nH]c3ccc(F)cc23)C1)[C@H](C)CNc1ccc(OC)cc1N,0.434914
OB(O)c1ccc(NC[C@@H]2CCCN2)cc1,0.067953,O=C(Nc1ccc(B(O)O)cc1)[C@@H]1CCCN1,0.005579
C[C@H](N)CN1CC(N2CCC[C@H]2CN(Cc2ccc(N)c(Br)c2)c2cccc(Br)c2O)C1,0.990229,C[C@H](N)C(=O)N1CC(N2CCC[C@H]2CN(Cc2ccc(N)c(Br)c2)c2cccc(Br)c2O)C1,0.94445
COc1ccccc1CCN(Cc1c[nH]c2ccc(Br)cc12)CC1CCN1,0.999999,COc1ccccc1CCN(Cc1c[nH]c2ccc(Br)cc12)C(=O)C1CCN1,0.8251
Oc1cc(Br)ccc1N(C1CCCN(C2CCCN(CCBr)C2)C1)C(CCl)c1ccc(F)cc1,0.987804,O=C(CBr)N1CCCC(N2CCCC(N(c3ccc(Br)cc3O)C(CCl)c3ccc(F)cc3)C2)C1,0.909429
Nc1cc(Br)ccc1N(CC1CNC1)C1CCCNC1,0.164872,Nc1cc(Br)ccc1N(C(=O)C1CNC1)C1CCCNC1,0.122638
Nc1cccc(N2CCC[C@@H]2CNCCc2ccc(O)cc2)c1O,0.984998,Nc1cccc(N2CCC[C@@H]2C(=O)NCCc2ccc(O)cc2)c1O,0.093694
Nc1cc(Br)ccc1NC[C@H]1CCCN1CCCNC1CCNC1,0.544194,Nc1cc(Br)ccc1NC(=O)[C@H]1CCCN1CCCNC1CCNC1,0.379178
N[C@@H](Cc1ccc(O)cc1)CN(CC1CCN1)c1ccc(Br)cc1,0.798817,N[C@@H](Cc1ccc(O)cc1)CN(C(=O)C1CCN1)c1ccc(Br)cc1,0.594968
CNCCNc1cccc(Br)c1NCc1c[nH]c2ccc(Br)cc12,0.259815,CNCC(=O)Nc1cccc(Br)c1NCc1c[nH]c2ccc(Br)cc12,0.119925
O=C(O)CN(CC1CCN1)c1cccnc1F,0.009144,O=C(O)C1CCN1C(=O)CNc1cccnc1F,0.004539
C(CNC[C@@H]1CCCN1)CNC12CC(C1)C2,0.014949,O=C(NCCCNC12CC(C1)C2)[C@@H]1CCCN1,0.004627
N[C@H](Cc1ccccc1)CN1CCC(=O)C1,0.059568,N[C@H](Cc1ccccc1)C(=O)N1CCC(=O)C1,0.003529
C[C@@H](N)CN(CCc1ccccc1C#CCN)C[C@H](N)CO,0.243206,C[C@@H](N)CN(CCc1ccccc1C#CCN)C(=O)[C@H](N)CO,0.038908
C[C@@H](CNCCc1ccccc1)Nc1cc(CNC2CC2)ccc1N,0.796712,C[C@@H](CNCCc1ccccc1)Nc1cc(C(=O)NC2CC2)ccc1N,0.521577
O=C(O)CC[C@H](NCC1CNC1)C(=O)O,0.008871,O=C(O)CC[C@H](NC(=O)C1CNC1)C(=O)O,0.00309
CC(C)(CNc1cccc(Br)c1N)NC[C@@H]1CCCN1,0.135579,CC(C)(NC[C@@H]1CCCN1)C(=O)Nc1c(N)cccc1Br,0.020663
N[C@@H](CO)CN1CCC[C@@H]1C(=O)O,0.009395,N[C@@H](CO)C(=O)N1CCC[C@@H]1C(=O)O,0.003853
N[C@H](Cc1c[nH]c2ccccc12)CN1CCC[C@@H](O)C1,0.318994,N[C@H](Cc1c[nH]c2ccccc12)C(=O)N1CCC[C@@H](O)C1,0.019071
C[C@H](NCCN)c1ccccc1,0.118279,C[C@H](NC(=O)CN)c1ccccc1,0.002991
Oc1ccccc1N(C[C@@H]1CCCN1)C1CNC1,0.521449,O=C([C@@H]1CCCN1)N(c1ccccc1O)C1CNC1,0.48766
C=CCN(c1c(F)cccc1CNCCc1ccccc1OC)C1CCN(CCBr)C1,0.99095,C=CCN(c1c(F)cccc1C(=O)NCCc1ccccc1OC)C1CCN(CCBr)C1,0.980973
Nc1c(O)cccc1CN(C[C@H]1CCCN1CCC1NCCc2c(Br)cccc21)c1ccccc1O,0.964618,Nc1c(O)cccc1C(=O)N(C[C@H]1CCCN1CCC1NCCc2c(Br)cccc21)c1ccccc1O,0.914882
O=C(O)CCNCCC1c2cccc(Br)c2CCN1CC1CCN1,0.793265,O=C(O)C1CCN1C(=O)CCNCCC1NCCc2c(Br)cccc21,0.14772
Brc1cccc(CN(CCNCCc2ccccc2)C[C@@H]2CCCN2)c1,0.954673,O=C([C@@H]1CCCN1)N(CCNCCc1ccccc1)Cc1cccc(Br)c1,0.173205
Nc1cc(Br)ccc1OC(=O)[C@@H]1CCCN1C[C@H]1CCCN1,0.490716,Nc1cc(Br)ccc1OC(=O)[C@@H]1CCCN1C(=O)[C@H]1CCCN1,0.003119
C[C@H](CN1CCC[C@H]1CN1CCC[C@@H](O)C1)Nc1ccccn1,0.52572,C[C@H](CN1CCC[C@H]1C(=O)N1CCC[C@@H](O)C1)Nc1ccccn1,0.127114
NCCc1ccccc1N(CCc1c[nH]c2ccccc12)C[C@H]1CCCN1,0.885418,NCCc1ccccc1N(CCc1c[nH]c2ccccc12)C(=O)[C@H]1CCCN1,0.63462
C[C@H](N)CNCCc1ccccc1Br,0.207861,C[C@H](N)C(=O)NCCc1ccccc1Br,0.001256
COc1ccccc1CCN(C[C@@H](N)CCCN)CC(C)(C)NC(CCl)c1ccc(Cl)c(Cl)c1,0.963546,COc1ccccc1CCN(CC(C)(C)NC(CCl)c1ccc(Cl)c(Cl)c1)C(=O)[C@@H](N)CCCN,0.346984
CNCCN1C(C(=O)O)c2ccc(Br)c3c2C(=NCC3)[C@@H]1CO,0.046951,CN(CC(=O)O)C(=O)C1N[C@@H](CO)C2=NCCc3c(Br)ccc1c32,0.007516
CNCCN(C[C@@H]1CCCN1)c1cc(C#N)ccc1O,0.30244,CNCC(=O)N(C[C@@H]1CCCN1)c1cc(C#N)ccc1O,0.17548
COc1ccccc1CCN(C[C@H]1CCCNC1)C1CCCN(Cc2c[nH]c3ccc(Cl)cc23)C1,0.991786,COc1ccccc1CCN(C(=O)[C@H]1CCCNC1)C1CCCN(Cc2c[nH]c3ccc(Cl)cc23)C1,0.795227
CN(CCN(CCc1c[nH]c2ccccc12)c1ccccc1CCN)CC1CCN1,0.992721,CN(CCN(CCc1c[nH]c2ccccc12)c1ccccc1CCN)C(=O)C1CCN1,0.535268
N[C@@H](CC1=NCCc2c(Br)cccc21)CN1CCC1CN(CCc1ccc(O)cc1)Cc1ccc(F)cc1,0.840333,N[C@@H](CC1=NCCc2c(Br)cccc21)CN1CCC1CN(CCc1ccc(O)cc1)C(=O)c1ccc(F)cc1,0.608982
O=C1CCN(Cc2cccnc2F)CC1,0.01938,O=C1CCN(C(=O)c2cccnc2F)CC1,0.001289
NCCCN1CCCC(N(Cc2ccc(F)cc2)c2c(N)cccc2Br)C1,0.986689,NCCC(=O)N1CCCC(N(Cc2ccc(F)cc2)c2c(N)cccc2Br)C1,0.066984
Nc1cccc(I)c1N(CC1CN(CC(=O)CBr)C1)CC1CCN1,0.054015,Nc1cccc(I)c1N(CC1CN(CC(=O)CBr)C1)C(=O)C1CCN1,0.132143
Oc1ccc2c(c1)C(CCN(c1ccc(Br)cc1O)C1CCN(CC3CCN3)C1)NCC2,0.994945,O=C(C1CCN1)N1CCC(N(CCC2NCCc3ccc(O)cc32)c2ccc(Br)cc2O)C1,0.538072
Sc1ccccc1N(CCCNC[C@H]1CCCN1)C[C@@H]1CCCN1Cc1c[nH]c2cc(Br)ccc12,0.952107,O=C(NCCCN(C[C@@H]1CCCN1Cc1c[nH]c2cc(Br)ccc12)c1ccccc1S)[C@H]1CCCN1,0.932204
CC[C@H](N)CNc1cc(Br)ccc1N,0.022495,CC[C@H](N)C(=O)Nc1cc(Br)ccc1N,0.001223
CCCN(Cc1c[nH]c2cc(Br)ccc12)[C@@H](C)CN(CCc1ccccc1Br)C[C@@H]1CCCN1,0.995354,CCCN(Cc1c[nH]c2cc(Br)ccc12)[C@@H](C)CN(CCc1ccccc1Br)C(=O)[C@@H]1CCCN1,0.898723
N[C@H](CCN(CCBr)CCc1ccccc1Br)CN(Cc1c[nH]c2ccc(Br)cc12)C1CC1,0.999985,N[C@H](CCN(CCc1ccccc1Br)C(=O)CBr)CN(Cc1c[nH]c2ccc(Br)cc12)C1CC1,0.933535
C[C@H](N)CN(CCCCN(Cc1c[nH]c2cc(Br)ccc12)c1nc(F)ccc1N)C1CNC1,0.981386,C[C@H](N)C(=O)N(CCCCN(Cc1c[nH]c2cc(Br)ccc12)c1nc(F)ccc1N)C1CNC1,0.466596
Nc1ccc(CN(CCc2ccccc2Br)CC2CCN2CC2CCN2)cc1Br,0.989553,Nc1ccc(CN(CCc2ccccc2Br)CC2CCN2C(=O)C2CCN2)cc1Br,0.847559
CC(C)[C@H](N)CN1CCC[C@H]1C(=O)O,0.0095,CC(C)[C@H](N)C(=O)N1CCC[C@H]1C(=O)O,0.002426
NCCc1ccccc1N(CC1CCN(CC2CCN2Cc2ccc(F)cc2)CC1)c1ccc(Br)cc1,0.931543,NCCc1ccccc1N(CC1CCN(CC2CCN2C(=O)c2ccc(F)cc2)CC1)c1ccc(Br)cc1,0.712393
COc1ccccc1CCN(CCCN)C1CN(c2ncccc2I)C1,0.966256,COc1ccccc1CCN(C(=O)CCN)C1CN(c2ncccc2I)C1,0.031759
CC[C@H](N)CN1CCC[C@H]1CNc1ccc(Br)cc1O,0.737802,CC[C@H](N)C(=O)N(C[C@@H]1CCCN1)c1ccc(Br)cc1O,0.18643
NCCCN1CC(N(C[C@@H]2CCCN2)c2cccnc2Br)C1,0.523084,NCCCN1CC(N(C(=O)[C@@H]2CCCN2)c2cccnc2Br)C1,0.618687
COc1ccccc1CCNCC1CCN1C[C@@H]1CCCN1,0.910523,COc1ccccc1CCN(CC1CCN1)C(=O)[C@@H]1CCCN1,0.041106
COc1ccc(OC(=O)CN(C)C2CCN(Cc3cccc(F)c3N)C2)c(N)c1,0.701872,COc1ccc(OC(=O)CN(C)C2CCN(C(=O)c3cccc(F)c3N)C2)c(N)c1,0.112686
Brc1cccc2c1CCN=C2[C@@H]1CCCN1CC1CCN1,0.956358,O=C(C1CCN1)N1CCC[C@H]1C1=NCCc2c(Br)cccc21,0.029085
COc1ccccc1CCNCC1c2cc(O)ccc2CCN1CCNC1CCNC1,0.953463,COc1ccccc1CCNC(=O)C1c2cc(O)ccc2CCN1CCNC1CCNC1,0.869643
NCCCN1CC(N(c2ccccn2)C2CN(Cc3c[nH]c4cc(Br)ccc34)C2)C1,0.984052,NCCC(=O)N1CC(N(c2ccccn2)C2CN(Cc3c[nH]c4cc(Br)ccc34)C2)C1,0.958495
N[C@H](Cc1ccc(O)cc1)CN(CC1CCN1)c1ccc(Br)cc1,0.798817,N[C@H](Cc1ccc(O)cc1)C(=O)N(CC1CCN1)c1ccc(Br)cc1,0.653127
N[C@@H](CCNCCCN1CCC[C@@H](O)C1)CNc1cccc(Br)c1O,0.465448,N[C@@H](CCNCCCN1CCC[C@@H](O)C1)C(=O)Nc1cccc(Br)c1O,0.198897
C=CCN1CC(CN(CCN(C)Cc2c[nH]c3cc(Br)ccc23)c2ccc(OC)cc2N)C1,0.986337,C=CC(=O)N1CC(CN(CCN(C)Cc2c[nH]c3cc(Br)ccc23)c2ccc(OC)cc2N)C1,0.796367
COc1ccc(N)c(NC[C@@H]2CCCN2CCN)c1,0.419831,COc1ccc(N)c(N(C[C@@H]2CCCN2)C(=O)CN)c1,0.043672
Oc1ccc2[nH]cc(CCNCc3ccc(NC4CCCN(CC5CCN5)C4)c(O)c3)c2c1,0.955729,O=C(NCCc1c[nH]c2ccc(O)cc12)c1ccc(NC2CCCN(CC3CCN3)C2)c(O)c1,0.918049
NCCN[C@H](CCN1CCC[C@H]1CNc1ccccc1O)CNCCc1c[nH]c2ccccc12,0.77155,NCCN[C@H](CCN1CCC[C@H]1C(=O)Nc1ccccc1O)CNCCc1c[nH]c2ccccc12,0.797499
C=CCNCC1CNC1,0.024981,C=CCNC(=O)C1CNC1,0.003411
Brc1ccc2[nH]cc(CN(C[C@H]3CCCN3)C3CC3)c2c1,0.874494,O=C([C@H]1CCCN1)N(Cc1c[nH]c2ccc(Br)cc12)C1CC1,0.43844
C=CCN(CC=C)C[C@H](N)CS,0.021731,C=CCN(CC=C)C(=O)[C@H](N)CS,0.004495
Oc1ccc2[nH]cc(CCNC[C@H]3CCCN3C3CN(Cc4cccc(F)c4F)C3)c2c1,0.999996,O=C(NCCc1c[nH]c2ccc(O)cc12)[C@H]1CCCN1C1CN(Cc2cccc(F)c2F)C1,0.992597
O=C1CCN(Cc2cccc(CN3CCC[C@@H]3C(=O)O)c2)CC1,0.051323,O=C1CCN(C(=O)[C@H]2CCCN2Cc2cccc(C(=O)O)c2)CC1,0.008226
N[C@@H](Cc1cccs1)CN1CCC(CN2CCC(Nc3cc(F)c(F)cc3O)CC2)CC1,0.775152,N[C@@H](Cc1cccs1)C(=O)N(c1cc(F)c(F)cc1O)C1CCN(CC2CCNCC2)CC1,0.873765
CC[C@H](N)CNCCNC1CC1,0.020742,CC[C@H](N)CNCC(=O)NC1CC1,0.005992
CC[C@H](C)[C@H](N)CN1CCC(=O)C1,0.016433,CC[C@H](C)[C@H](N)C(=O)N1CCC(=O)C1,0.001595
CNCCN(CCBr)c1cc(Br)ccc1O,0.045583,CN(CCNc1cc(Br)ccc1O)C(=O)CBr,0.002115
C[C@H](N)CN1CCCC(N(c2ccccc2O)C2CCNC2)C1,0.64598,C[C@H](N)C(=O)N1CCC(N(c2ccccc2O)C2CCCNC2)C1,0.042592
Nc1cc(CN[C@H](CS)C(=O)O)ccc1O,0.018168,N[C@H](CS)C(=O)Nc1cc(C(=O)O)ccc1O,0.003091
COc1cccc2c1CCN(C[C@@H]1CCCN1)C2CN(CCCN)c1ccc(Br)cc1,0.993283,COc1cccc2c1CCN(C[C@@H]1CCCN1)C2CN(C(=O)CCN)c1ccc(Br)cc1,0.966566
CN(CCN(c1ccccc1S)C1CCCN(CCCN)C1)Cc1c[nH]c2ccc(Br)cc12,0.999999,CN(CCN(c1ccccc1S)C1CCCN(C(=O)CCN)C1)Cc1c[nH]c2ccc(Br)cc12,0.910024
Nc1ccc(Br)cc1NCC1CN(CC2CNC2)C1,0.143946,Nc1ccc(Br)cc1N(CC1CNC1)C(=O)C1CNC1,0.121483
Nc1c(F)cccc1CN[C@@H](CO)C(=O)O,0.005425,N[C@@H](CO)C(=O)Nc1c(F)cccc1C(=O)O,0.000419
CN(CCN1CCC(N(CCc2ccc(O)cc2)Cc2ccc(F)cc2)CC1)c1cccnc1F,0.974525,CN(CCN1CCC(N(CCc2ccc(O)cc2)C(=O)c2ccc(F)cc2)CC1)c1cccnc1F,0.896443
CN(CCN1CCC[C@@H]1CNCc1ccc(O)cc1)CC1CCN1,0.871138,CN(CCN1CCC[C@@H]1C(=O)NCc1ccc(O)cc1)CC1CCN1,0.580993
COc1ccccc1CNC[C@@H](N)CC(=O)O,0.008978,COc1ccccc1CNC(=O)C[C@H](N)C(=O)O,0.000922
C[C@@H](CNc1cccc(Br)c1O)NCCN,0.156804,C[C@@H](CNc1cccc(Br)c1O)NC(=O)CN,0.007378
OC1CCN(CCCN(Cc2c[nH]c3cc(Br)ccc23)c2c(F)cccc2CN2CCC(O)CC2)CC1,0.657088,O=C(c1cccc(F)c1N(CCCN1CCC(O)CC1)Cc1c[nH]c2cc(Br)ccc12)N1CCC(O)CC1,0.825974
C=CCN(CC1CCN1)c1cc(Br)ccc1NC1CCNC1,0.11311,C=CC(=O)N(CC1CCN1)c1cc(Br)ccc1NC1CCNC1,0.077238
CN(CCN1CCC1CNCCc1ccc(O)cc1)CC1CCN(c2ccc(N)c(O)c2)CC1,0.809816,CN(CCN1CCC1C(=O)NCCc1ccc(O)cc1)CC1CCN(c2ccc(N)c(O)c2)CC1,0.383181
Nc1ccc(N2C[C@H](O)C[C@H]2CN2CCCC(=O)C2)cc1,0.020835,Nc1ccc(N2C[C@H](O)C[C@H]2C(=O)N2CCCC(=O)C2)cc1,0.0005
CNCCN(CCc1ccc(O)cc1)Cc1ccc(N)c(O)c1,0.881127,CNCC(=O)N(CCc1ccc(O)cc1)Cc1ccc(N)c(O)c1,0.428866
O=C(O)[C@@H]1CCCN(CC2CCN2)C1,0.034942,O=C(O)C1CCN1C(=O)[C@@H]1CCCNC1,0.005248
O=C1CN(CCCNc2c(F)cccc2CN2CCNCC2)C1,0.065914,O=C1CN(CCCNc2c(F)cccc2C(=O)N2CCNCC2)C1,0.119331
CNCCN(Cc1ccc(O)cc1)C[C@@H](C)N,0.203455,CNCC(=O)N(Cc1ccc(O)cc1)C[C@@H](C)N,0.140214
O=C1CCN(CCNc2ccc(Br)cc2)CC1,0.018676,O=C1CCN(C(=O)CNc2ccc(Br)cc2)CC1,0.002388
NCCCNC1(CN2CCC[C@@H]2CNc2cccc(Br)c2O)CCC1,0.703938,NCCCNC1(CN2CCC[C@@H]2C(=O)Nc2cccc(Br)c2O)CCC1,0.37032
Oc1cc(Br)ccc1NC1CN(CCCNC2CCC2)C1,0.635696,O=C(CCN1CC(Nc2ccc(Br)cc2O)C1)NC1CCC1,0.172375
c1ccc(NC[C@@H]2CCCN2)nc1,0.136686,O=C(Nc1ccccn1)[C@@H]1CCCN1,0.007428
COc1cccc(CN(C[C@H](CS)NCC2CN(Cc3c[nH]c4ccc(Br)cc34)C2)C[C@H](C)N)c1,0.818399,COc1cccc(CN(C[C@H](CS)NCC2CN(Cc3c[nH]c4ccc(Br)cc34)C2)C(=O)[C@H](C)N)c1,0.598215
CCCN(Cc1ccccc1OC)C[C@@H]1CCCN1,0.223248,CCCN(Cc1ccccc1OC)C(=O)[C@@H]1CCCN1,0.018715
Nc1cc(Br)ccc1N(CC1CCN1)C1CCN(CC2CCN2)C1,0.628375,Nc1cc(Br)ccc1N(CC1CCN1)C1CCN(C(=O)C2CCN2)C1,0.048129
Nc1c(Br)cccc1N(C[C@H]1CCCN1C[C@H]1CCCN1)C1CCC1,0.842129,Nc1c(Br)cccc1N(C[C@H]1CCCN1C(=O)[C@H]1CCCN1)C1CCC1,0.038671
C[C@@H](c1ccccc1)N(Cc1c[nH]c2ccc(Br)cc12)C1CCCN(C[C@@H]2CCCNC2)C1,0.99517,C[C@@H](c1ccccc1)N(Cc1c[nH]c2ccc(Br)cc12)C1CCCN(C(=O)[C@@H]2CCCNC2)C1,0.469809
CNCCN1CCC[C@@H]1CN(CCCCN)c1cccc2c1CCNC2c1c[nH]c2ccc(Br)cc12,0.964042,CNCC(=O)N1CCC[C@@H]1CN(CCCCN)c1cccc2c1CCNC2c1c[nH]c2ccc(Br)cc12,0.333826
NCCN1CCC(N(CC2(N)CCC2)c2cccc(Br)c2O)C1,0.517269,NCC(=O)N1CCC(N(CC2(N)CCC2)c2cccc(Br)c2O)C1,0.023147
O=CCN(CCc1c[nH]c2ccc(O)cc12)C[C@H]1CCCN1Cc1ccc(NC2CCNCC2)c(O)c1,0.829431,O=CC(=O)N(CCc1c[nH]c2ccc(O)cc12)C[C@H]1CCCN1Cc1ccc(NC2CCNCC2)c(O)c1,0.348421
CNCCN(C)CCNc1ccccc1O,0.201423,CNCC(=O)N(C)CCNc1ccccc1O,0.03104
N#Cc1cc(Br)cc(N(CCN2CCCCC2)C2CCN(Cc3c[nH]c4ccc(Br)cc34)C2)c1,0.999996,N#Cc1cc(Br)cc(N(CC(=O)N2CCCCC2)C2CCN(Cc3c[nH]c4ccc(Br)cc34)C2)c1,0.825057
COc1ccc(N)c(N(CCN)C[C@H]2CCCN2Cc2c[nH]c3cc(Br)ccc23)c1,0.983221,COc1ccc(N)c(N(C[C@H]2CCCN2Cc2c[nH]c3cc(Br)ccc23)C(=O)CN)c1,0.97319
C[C@H](N)CN(CC1CCNCC1)c1c(N)cccc1Br,0.042288,C[C@H](N)C(=O)N(CC1CCNCC1)c1c(N)cccc1Br,0.083235
NCCCN1CCc2c(Br)cccc2C1CN1CCC1C(=O)O,0.460106,NCCC(=O)N1CCc2c(Br)cccc2C1CN1CCC1C(=O)O,0.334061
C=CCN1CC(N(C)CCNc2cc(Br)ccc2N)C1,0.089885,C=CCN1CC(N(C)CC(=O)Nc2cc(Br)ccc2N)C1,0.008919
Brc1ccccc1CCNC[C@H]1CCCN1C[C@H]1CCCN1,0.925337,O=C(NCCc1ccccc1Br)[C@H]1CCCN1C[C@H]1CCCN1,0.553319
O=C(O)[C@H](CS)NC[C@H]1CCCN1,0.010764,O=C(O)[C@H](CS)NC(=O)[C@H]1CCCN1,0.002494
NC1(CN[C@@H](CS)CN2CC(N(Cc3ccc(F)cc3)c3cc(Br)ccc3O)C2)CCC1,0.985383,NC1(CN(C(=O)c2ccc(F)cc2)[C@@H](CS)CN2CC(Nc3cc(Br)ccc3O)C2)CCC1,0.855061
NCCC[C@H](N)CN1CCC[C@@H]1CNc1ccccc1O,0.760709,NCCC[C@H](N)CN1CCC[C@@H]1C(=O)Nc1ccccc1O,0.231786
CC[C@H](N)CN(C[C@H]1CCCN1)c1cc(C#N)ccc1O,0.157592,CC[C@H](N)CN(C(=O)[C@H]1CCCN1)c1cc(C#N)ccc1O,0.213534
N[C@@H](CCC(=O)O)CN1CCC[C@H](O)C1,0.025637,N[C@@H](CCC(=O)N1CCC[C@H](O)C1)C(=O)O,0.002804
CNCCNc1cc(OC)ccc1N(C[C@@H]1CCCNC1)C(CCl)c1ccc(Br)cc1,0.792027,CNCCN(C(=O)[C@@H]1CCCNC1)c1cc(OC)ccc1NC(CCl)c1ccc(Br)cc1,0.462083
Oc1ccc2[nH]cc(CCNCc3cccc(F)c3NCC3CN(CC4CCN4)C3)c2c1,0.986314,O=C(NCCc1c[nH]c2ccc(O)cc12)c1cccc(F)c1NCC1CN(CC2CCN2)C1,0.980551
Oc1c(Br)cccc1NCC1CCNCC1,0.120282,O=C(Nc1cccc(Br)c1O)C1CCNCC1,0.007304
Cc1cc(Br)cnc1NCCN(CC1CCN1)C1CC1,0.57072,Cc1cc(Br)cnc1N(CCNC1CC1)C(=O)C1CCN1,0.089667
Nc1c(O)cccc1CN1CC(CN2CCC2C(=O)O)C1,0.055062,Nc1c(O)cccc1CN1CC(C(=O)N2CCC2C(=O)O)C1,0.017792
CCCN(Cc1c[nH]c2cc(Br)ccc12)[C@H](C)CN(CC1CCN1)c1ccccc1O,0.996955,CCCN(Cc1c[nH]c2cc(Br)ccc12)[C@H](C)CN(C(=O)C1CCN1)c1ccccc1O,0.993143
C#CCN(CCNC)C[C@H](C)N,0.025459,C#CCN(CCNC)C(=O)[C@H](C)N,0.005703
Nc1cc(Br)ccc1N(CC1CN(Cc2ccc(F)cc2)C1)C[C@H]1CCCN1C(CCl)c1ccc(F)cc1,0.861803,Nc1cc(Br)ccc1N(CC1CN(C(=O)c2ccc(F)cc2)C1)C[C@H]1CCCN1C(CCl)c1ccc(F)cc1,0.630902
CC(C)[C@H](N)CN(CCN(Cc1c[nH]c2ccc(Br)cc12)c1ccc(Br)cc1)C[C@H]1CCCN1,0.993136,CC(C)[C@H](N)CN(CCN(Cc1c[nH]c2ccc(Br)cc12)c1ccc(Br)cc1)C(=O)[C@H]1CCCN1,0.377397
COCCN(CCCN)CCN(C)Cc1ccc(N)c(Br)c1,0.161822,COCCN(CCCN)CCN(C)C(=O)c1ccc(N)c(Br)c1,0.25016
C=CCNCC1(N(Cc2c[nH]c3ccc(F)cc23)CC2CN(C(CCl)c3ccc(F)cc3F)C2)CCC1,0.907811,C=CCNC(=O)C1(N(Cc2c[nH]c3ccc(F)cc23)CC2CN(C(CCl)c3ccc(F)cc3F)C2)CCC1,0.853485
C[C@H](NC[C@H](N)CC(=O)O)C(=O)O,0.004726,C[C@H](N)C(=O)N[C@H](CC(=O)O)C(=O)O,0.002176
COc1cccc(CN(CC=O)C[C@@H]2CCCN2)c1,0.066142,COc1cccc(CN(C[C@@H]2CCCN2)C(=O)C=O)c1,0.005204
Oc1cc(F)c(F)cc1N(CCNCc1cccc(F)c1F)C1CCCN(CC2CCN2)C1,0.935348,O=C(NCCN(c1cc(F)c(F)cc1O)C1CCCN(CC2CCN2)C1)c1cccc(F)c1F,0.977107
COc1ccccc1CCNCCN(C)CC1NCCc2c(Br)cccc21,0.994335,COc1ccccc1CCNC(=O)CN(C)CC1NCCc2c(Br)cccc21,0.630688
O=C(O)C1CN(Cc2cccc(F)c2N(Cc2c[nH]c3cc(Br)ccc23)CC2CCN2CCBr)C1,0.978293,O=C(O)C1CN(Cc2cccc(F)c2N(Cc2c[nH]c3cc(Br)ccc23)CC2CCN2C(=O)CBr)C1,0.859266
CNCCN(c1ccc(Br)cc1)C1CCN(Cc2c[nH]c3ccc(Br)cc23)CC1,0.999991,CNCC(=O)N(c1ccc(Br)cc1)C1CCN(Cc2c[nH]c3ccc(Br)cc23)CC1,0.975909
CSCC[C@@H](N)CNCCc1ccccc1,0.246923,CSCC[C@@H](N)C(=O)NCCc1ccccc1,0.001377
N#Cc1cc(Br)cc(NC[C@H]2CCCN2C(CCl)c2ccc(Br)cc2)c1,0.793929,N#Cc1cc(Br)cc(NC(=O)[C@H]2CCCN2C(CCl)c2ccc(Br)cc2)c1,0.139501
N[C@@H](Cc1c[nH]c2ccccc12)CN(CCCNCCC=O)CCc1ccccc1,0.970713,N[C@@H](Cc1c[nH]c2ccccc12)C(=O)N(CCC=O)CCCNCCc1ccccc1,0.17157
CN(CCNc1cc(Br)cc(C#N)c1)C1CCN(CC2(N)CCC2)C1,0.674912,CN(CC(=O)Nc1cc(Br)cc(C#N)c1)C1CCN(CC2(N)CCC2)C1,0.226443
NCCNc1ccc(Br)cc1O,0.070923,NCC(=O)Nc1ccc(Br)cc1O,0.002563
CC[C@H](N)CN[C@@H](C)CN(CCCNCc1c[nH]c2ccc(F)cc12)CCc1ccccc1Br,0.974064,CC[C@H](N)C(=O)N[C@@H](C)CN(CCCNCc1c[nH]c2ccc(F)cc12)CCc1ccccc1Br,0.972532
CC[C@H](N)CN1CC(N2CCC2CNCc2ccc(O)cc2)C1,0.667287,CC[C@H](N)CN1CC(N2CCC2C(=O)NCc2ccc(O)cc2)C1,0.243766
NCCNc1ccc(Br)cc1OC(=O)C1CN(C2CCN(Cc3c[nH]c4cc(Br)ccc34)CC2)C1,0.978172,NCC(=O)Nc1ccc(Br)cc1OC(=O)C1CN(C2CCN(Cc3c[nH]c4cc(Br)ccc34)CC2)C1,0.907756
O[C@H]1CCCN(CC2CNC2)C1,0.036421,O=C(C1CNC1)N1CCC[C@H](O)C1,0.004264
N[C@@H](CN1CC(C(=O)O)C1)c1ccccc1,0.015455,N[C@@H](C(=O)N1CC(C(=O)O)C1)c1ccccc1,0.002175
C=CCNC[C@@H]1CCCN1CC1CNC1,0.045048,C=CCNC(=O)[C@@H]1CCCN1CC1CNC1,0.01663
CC[C@@H](CNCCc1ccccc1)N(CCN)C1CCNC1,0.239225,CC[C@@H](C(=O)NCCc1ccccc1)N(CCN)C1CCNC1,0.063904
NCCC[C@H](N)CN(c1ccccc1O)C1CN(CC2(N)CCC2)C1,0.346347,NCCC[C@H](N)C(=O)N(c1ccccc1O)C1CN(CC2(N)CCC2)C1,0.32839
C=CCN1CCc2ccc(O)cc2C1CN(C[C@H]1CCCN1)c1cc(F)c(F)cc1O,0.989368,C=CC(=O)N1CCC[C@@H]1CN(CC1NCCc2ccc(O)cc21)c1cc(F)c(F)cc1O,0.752642
Oc1cncc(N(CCBr)CCCCN(Cc2c[nH]c3cc(Br)ccc23)CC2CCN2)c1,0.99198,O=C(CBr)N(CCCCN(Cc1c[nH]c2cc(Br)ccc12)CC1CCN1)c1cncc(O)c1,0.919634
C[C@@H](CNc1cccc2cc[nH]c12)N(CCCN)C1CCCNC1,0.626833,C[C@@H](C(=O)Nc1cccc2cc[nH]c12)N(CCCN)C1CCCNC1,0.283704
C#Cc1ncccc1NCC1CCNCC1,0.086954,C#Cc1ncccc1NC(=O)C1CCNCC1,0.006128
NCCCCNCCCN(Cc1c[nH]c2ccc(Br)cc12)c1cc(CN2CCC[C@@H](O)C2)ccc1O,0.846491,NCCCCNCCCN(Cc1c[nH]c2ccc(Br)cc12)c1cc(C(=O)N2CCC[C@@H](O)C2)ccc1O,0.321601
NCCCN(c1cc(F)c(F)cc1O)C1CN(C[C@H](N)CS)C1,0.210375,NCCC(=O)N(c1cc(F)c(F)cc1O)C1CN(C[C@H](N)CS)C1,0.160534
OCCCNCC1c2ccccc2CCN1C1CN(Cc2c[nH]c3cc(Br)ccc23)C1,0.996232,O=C(NCCCO)C1c2ccccc2CCN1C1CN(Cc2c[nH]c3cc(Br)ccc23)C1,0.972502
NC1(CN(CCc2ccc(O)cc2)C[C@@H]2CCCN2)CCC1,0.909382,NC1(CN(CCc2ccc(O)cc2)C(=O)[C@@H]2CCCN2)CCC1,0.0787
C[C@H](CN1CCC(=O)C1)Nc1c(F)cccc1CNCCc1c[nH]c2ccccc12,0.933349,C[C@H](CN1CCC(=O)C1)Nc1c(F)cccc1C(=O)NCCc1c[nH]c2ccccc12,0.654382
Nc1c(F)cccc1CN1CC(N(CCCNCC2CCN2)c2cc(Br)ccc2O)C1,0.979791,Nc1c(F)cccc1C(=O)N(CCCN(c1cc(Br)ccc1O)C1CNC1)CC1CCN1,0.829191
C#Cc1ccccc1CCNC[C@@H](N)CC,0.725907,C#Cc1ccccc1CCNC(=O)[C@@H](N)CC,0.027278
CNCCN(c1ccc(Br)cc1)C1CCN(CC2CN(Cc3c[nH]c4ccc(Br)cc34)C2)CC1,0.992392,CNCC(=O)N(c1ccc(Br)cc1)C1CCN(CC2CN(Cc3c[nH]c4ccc(Br)cc34)C2)CC1,0.96056
C[C@H](N)CN(C[C@@H]1CCCN1)c1cccc2cc[nH]c12,0.211842,C[C@H](N)CN(C(=O)[C@@H]1CCCN1)c1cccc2cc[nH]c12,0.33847
Cc1cc(Br)cnc1NCC1CCN(CCBr)CC1,0.159949,Cc1cc(Br)cnc1N(CC1CCNCC1)C(=O)CBr,0.019329
N[C@H](CS)CNCCN[C@H](CS)CNCCc1ccccc1Br,0.110816,N[C@H](CS)CNCCN[C@H](CS)C(=O)NCCc1ccccc1Br,0.023775
COc1ccccc1CCNCc1ccc(NCC2CCN(C[C@H]3CCCN3)CC2)c(Br)c1,0.939106,COc1ccccc1CCNC(=O)c1ccc(NCC2CCN(C[C@H]3CCCN3)CC2)c(Br)c1,0.91902
N[C@H](CCNCCc1ccccc1Br)CNC1CC1,0.444458,N[C@H](CCNCCc1ccccc1Br)C(=O)NC1CC1,0.09001
CN(CCNc1cccc(Br)c1O)C[C@@H]1CCCN1,0.305448,CN(CC(=O)Nc1cccc(Br)c1O)C[C@@H]1CCCN1,0.024652
O=C1CN(CCN2CCC2CNCCc2c[nH]c3ccccc23)C1,0.607187,O=C1CN(CCN2CCC2C(=O)NCCc2c[nH]c3ccccc23)C1,0.125788
Nc1c(F)cccc1CN1CC(=O)C1,0.002836,Nc1c(F)cccc1C(=O)N1CC(=O)C1,0.000337
C=CCN(CC1CCN1)C[C@@H](N)CC,0.054632,C=CCN(C[C@@H](N)CC)C(=O)C1CCN1,0.004012
CC[C@H](N)CN1CCC[C@@H]1CN(Cc1c[nH]c2ccc(F)cc12)c1ccc(CN2CC(=O)C2)cc1Br,0.988918,CC[C@H](N)CN1CCC[C@@H]1CN(Cc1c[nH]c2ccc(F)cc12)c1ccc(C(=O)N2CC(=O)C2)cc1Br,0.91005
Oc1ccc(F)cc1N(Cc1ccc(F)cc1)C1CN(CC2CCN2)C1,0.993877,O=C(C1CCN1)N1CC(N(Cc2ccc(F)cc2)c2cc(F)ccc2O)C1,0.472215
NCCN[C@H](CO)CN1CCCC(=O)C1,0.021708,NCCN[C@H](CO)C(=O)N1CCCC(=O)C1,0.002437
CNCCN(CCc1c[nH]c2ccccc12)C1CCN(C2CCN(c3c(F)cccc3C(=O)O)C2)C1,0.939079,CN(CC(=O)O)C(=O)c1cccc(F)c1N1CCC(N2CCC(NCCc3c[nH]c4ccccc34)C2)C1,0.834967
CN(CCCN)CCN(CCc1ccc(O)cc1)Cc1ccc(N)c(O)c1,0.873174,CN(CCN(CCc1ccc(O)cc1)Cc1ccc(N)c(O)c1)C(=O)CCN,0.742007
C[C@H](CN(C[C@@H]1CCCN1)c1cccc(Br)c1N)NCc1c[nH]c2cc(Br)ccc12,0.863092,C[C@H](CN(C(=O)[C@@H]1CCCN1)c1cccc(Br)c1N)NCc1c[nH]c2cc(Br)ccc12,0.758128
COc1ccccc1CNC1CCN(CC=O)C1,0.046211,COc1ccccc1CN(C(=O)C=O)C1CCNC1,0.006253
C[C@@H](O)CN(C)CCN(C[C@@H]1CCCN1)c1ccccc1O,0.137957,C[C@@H](O)CN(C)CCN(C(=O)[C@@H]1CCCN1)c1ccccc1O,0.5
NCCN1CCC[C@@H]1CNc1ccccc1O,0.629316,NCC(=O)N(C[C@H]1CCCN1)c1ccccc1O,0.343438
NCCNCCCN(Cc1ccc(O)cc1)C1CCNCC1,0.389463,NCC(=O)NCCCN(Cc1ccc(O)cc1)C1CCNCC1,0.202596
C[C@@H](CN(C)CC(=O)O)NCc1ccc(F)cc1,0.005975,CNCC(=O)N(Cc1ccc(F)cc1)[C@@H](C)C(=O)O,0.00116
CN(CCN(CCN)c1cc(F)c(F)cc1O)C1CCC1,0.349021,CN(CCN(C(=O)CN)c1cc(F)c(F)cc1O)C1CCC1,0.585553
C#CCNCC1CCN(C[C@H](CC)N(Cc2cccc(Br)c2)Cc2c[nH]c3cc(Br)ccc23)CC1,0.947616,C#CCNC(=O)C1CCN(C[C@H](CC)N(Cc2cccc(Br)c2)Cc2c[nH]c3cc(Br)ccc23)CC1,0.894535
CNCCN(Cc1cccc(F)c1N)[C@@H](C)CNC1CCC1,0.239051,CNCCN(Cc1cccc(F)c1N)[C@@H](C)C(=O)NC1CCC1,0.063158
Nc1ccccc1CNc1cc(Br)ccc1O,0.010086,Nc1ccccc1C(=O)Nc1cc(Br)ccc1O,0.002657
COc1cccc(CNCCCN2CCC2CN(Cc2cccc(F)c2N)C2CC2)c1,0.991383,COc1cccc(CNC(=O)CCN2CCC2CN(Cc2cccc(F)c2N)C2CC2)c1,0.892246
C[C@H](N)CN1CCC[C@@H]1C(=O)O,0.008535,C[C@H](N)C(=O)N1CCC[C@@H]1C(=O)O,0.003135
N[C@@H](Cc1ccc(O)cc1)CN(CC1=NCCc2c(Br)cccc21)C[C@@H]1CCCN1,0.98169,N[C@@H](Cc1ccc(O)cc1)CN(CC1=NCCc2c(Br)cccc21)C(=O)[C@@H]1CCCN1,0.317887
O=C(CBr)CN[C@@H]1CCCC[C@H]1O,0.005499,O=C(CBr)C(=O)N[C@@H]1CCCC[C@H]1O,0.001307
C[C@@H](CN(CCC=O)c1cccc(Br)c1O)N(Cc1c[nH]c2ccc(Br)cc12)CC1CCN1,0.989761,C[C@@H](CN(CCC=O)c1cccc(Br)c1O)N(Cc1c[nH]c2ccc(Br)cc12)C(=O)C1CCN1,0.594331
Cc1cc(Br)cnc1NCC1CCN1C[C@H]1CCCN1Cc1cccc(F)c1F,0.841983,Cc1cc(Br)cnc1NC(=O)C1CCN1C[C@H]1CCCN1Cc1cccc(F)c1F,0.537573
O=C(O)CNCc1ccc(F)cc1,0.001568,O=C(O)CNC(=O)c1ccc(F)cc1,0.000338
C=CCN(CCCN(CCc1ccccc1OC)C[C@H]1CCCN1)c1cc(F)ccc1O,0.999984,C=CC(=O)N(CCCN(CCc1ccccc1OC)C[C@H]1CCCN1)c1cc(F)ccc1O,0.990884
NCCCN(c1ccccc1S)C1CCCN(CCN)C1,0.506894,NCCC(=O)N(c1ccccc1S)C1CCCN(CCN)C1,0.654101
CN(CCNCCc1ccc(O)cc1)C1CCCNC1,0.91601,CN(CC(=O)NCCc1ccc(O)cc1)C1CCCNC1,0.5
c1ccc2c(CCNCCCNC3CCC3)c[nH]c2c1,0.782804,O=C(CCNC1CCC1)NCCc1c[nH]c2ccccc12,0.090318
NCCN(C[C@@H]1CCCN1CC1CCN1Cc1c[nH]c2cc(Br)ccc12)c1ccccc1O,0.999985,NCC(=O)N(C[C@@H]1CCCN1CC1CCN1Cc1c[nH]c2cc(Br)ccc12)c1ccccc1O,0.99999
N[C@@H](Cc1ccc(O)cc1)CN1CCC[C@H]1CNc1cccc2cc[nH]c12,0.958007,N[C@@H](Cc1ccc(O)cc1)CN1CCC[C@H]1C(=O)Nc1cccc2cc[nH]c12,0.643382
Oc1ccc2c(c1)C(c1cccc(Br)c1)N(C[C@H]1CCCN1)CC2,0.999993,O=C([C@H]1CCCN1)N1CCc2ccc(O)cc2C1c1cccc(Br)c1,0.704073
NCCN(c1ccc(Br)cc1O)C(CBr)c1cccs1,0.071304,NCC(=O)N(c1ccc(Br)cc1O)C(CBr)c1cccs1,0.005474
CNCCN1CC(CN(C[C@H]2CCCN2Cc2c[nH]c3ccc(F)cc23)c2cc(Br)ccc2N)C1,0.974146,CNCC(=O)N1CC(CN(C[C@H]2CCCN2Cc2c[nH]c3ccc(F)cc23)c2cc(Br)ccc2N)C1,0.890359
CC[C@@H](CN(CCBr)Cc1cccc(O)c1)NCCCNCc1c[nH]c2cc(Br)ccc12,0.988897,CC[C@@H](CN(Cc1cccc(O)c1)C(=O)CBr)NCCCNCc1c[nH]c2cc(Br)ccc12,0.842479
NCCCNC1(CN(c2cccc3cc[nH]c23)C2CCCN(Cc3ccc(F)cc3)C2)CCC1,0.983774,NCCC(=O)NC1(CN(c2cccc3cc[nH]c23)C2CCCN(Cc3ccc(F)cc3)C2)CCC1,0.921975
C[C@@H](N)CN1CCC(Nc2cc(CNC3CC3)ccc2O)C1,0.649287,C[C@@H](N)C(=O)N(Cc1ccc(O)c(NC2CCNC2)c1)C1CC1,0.079294
Oc1ccc(F)cc1NCC1CCN1C[C@@H]1CCCN1Cc1cccc(Br)c1,0.975659,O=C(Nc1cc(F)ccc1O)C1CCN1C[C@@H]1CCCN1Cc1cccc(Br)c1,0.647796
Oc1cc(Br)ccc1NCC1CCN1C1CCN(CC2CCN2)CC1,0.739273,O=C(C1CCN1)N(CC1CCN1C1CCNCC1)c1ccc(Br)cc1O,0.572392
COc1ccc(O)c(N(Cc2c[nH]c3cc(Br)ccc23)CC2CCN2)c1,0.945483,COc1ccc(O)c(N(Cc2c[nH]c3cc(Br)ccc23)C(=O)C2CCN2)c1,0.822583
c1ccc(CCNC[C@H]2CCCN(C[C@@H]3CCCN3)C2)cc1,0.855241,O=C(NCCc1ccccc1)[C@H]1CCCN(C[C@@H]2CCCN2)C1,0.219186
Nc1cc(Br)ccc1N(Cc1c[nH]c2cc(Br)ccc12)C1CCCN(CCCN2CCC[C@@H](O)C2)C1,0.960029,Nc1cc(Br)ccc1N(Cc1c[nH]c2cc(Br)ccc12)C1CCCN(CCC(=O)N2CCC[C@@H](O)C2)C1,0.885873
CN(CCCN)CCN(C)CC(=O)O,0.023117,CN(CCN(C)C(=O)CCN)CC(=O)O,0.005466
C[C@H](CNc1cccc(Br)c1O)N(CCN)CCN,0.158593,C[C@H](CN(C(=O)CN)c1cccc(Br)c1O)NCCN,0.147739
C[C@@H](N)CNCCCN1CCC[C@@H]1C(=O)O,0.019851,C[C@@H](N)CN(CCC(=O)O)C(=O)[C@H]1CCCN1,0.00333
C[C@H](N)CN(C[C@H]1CCCN1)c1ccc(Br)cc1N,0.036884,C[C@H](N)C(=O)N(C[C@H]1CCCN1)c1ccc(Br)cc1N,0.100875
COc1ccc(N(Cc2c[nH]c3ccc(Br)cc23)C[C@@H]2CCCN2CC2CCN(C[C@@H]3CCCN3)CC2)c(N)c1,0.817039,COc1ccc(N(Cc2c[nH]c3ccc(Br)cc23)C[C@@H]2CCCN2CC2CCN(C(=O)[C@@H]3CCCN3)CC2)c(N)c1,0.22738
COc1ccc(N(CC2CCN2)C[C@H](N)Cc2ccc(O)cc2)c(N)c1,0.876228,COc1ccc(N(C[C@H](N)Cc2ccc(O)cc2)C(=O)C2CCN2)c(N)c1,0.706388
Nc1cc(NCCN2CCC[C@H]2CN(CCc2ccc(O)cc2)Cc2ccccc2CCl)ccc1O,0.73857,Nc1cc(N(CCN2CCC[C@H]2CNCCc2ccc(O)cc2)C(=O)c2ccccc2CCl)ccc1O,0.68862
C#CCNC[C@@H](N)CCCNc1ccc(Br)cc1,0.109507,C#CCNC[C@@H](N)CCC(=O)Nc1ccc(Br)cc1,0.007183
COc1ccccc1CCNC[C@H]1CCCN1CC1CCN1C1CCNC1,0.393276,COc1ccccc1CCNC(=O)[C@H]1CCCN1CC1CCN1C1CCNC1,0.260656
Nc1c(F)cccc1CN1CCC(O)CC1,0.039177,Nc1c(F)cccc1C(=O)N1CCC(O)CC1,0.005205
O=C(O)C1CCN1C[C@@H](CO)NCc1ccc(F)cc1,0.009969,O=C(O)C1CCN1C(=O)[C@@H](CO)NCc1ccc(F)cc1,0.001804
C[C@H](N)CN(CCNc1ccccc1S)C[C@@H](N)CS,0.061911,C[C@H](N)CN(CC(=O)Nc1ccccc1S)C[C@@H](N)CS,0.003842
CC[C@H](N)CN(C)CCNc1cc(C#N)ccc1O,0.426416,CC[C@H](N)C(=O)N(C)CCNc1cc(C#N)ccc1O,0.013929
COc1cccc2c1CCN(CCN1CCC(=O)C1)C2c1ccccn1,0.789252,COc1cccc2c1CCN(CC(=O)N1CCC(=O)C1)C2c1ccccn1,0.19113
Cc1sc(Cl)nc1CN(CC1CCN1C1CCNC1)c1cccnc1Br,0.505909,Cc1sc(Cl)nc1C(=O)N(CC1CCN1C1CCNC1)c1cccnc1Br,0.625444
CCC1c2cc(O)ccc2CCN1CCCN(C[C@H](C)N)C1CC1,0.944117,CCC1c2cc(O)ccc2CCN1CCCN(C(=O)[C@H](C)N)C1CC1,0.692184
C[C@H](N)CN(C)CCNCc1ccc(O)cc1,0.384887,C[C@H](N)CN(C)CC(=O)NCc1ccc(O)cc1,0.022542
C[C@H](N)CN(CC1CCN1)[C@@H](C)c1ccccc1,0.167711,C[C@H](N)CN(C(=O)C1CCN1)[C@@H](C)c1ccccc1,0.043325
Oc1ccccc1N(Cc1cccc(F)c1F)C1CCN(CCNC2CCNC2)C1,0.977105,O=C(c1cccc(F)c1F)N(CCN1CCC(Nc2ccccc2O)C1)C1CCNC1,0.915777
CC[C@H](N)CN(Cc1c[nH]c2cc(Br)ccc12)[C@@H](CCCN(CCc1ccccc1Br)CC1CCN1)C(=O)O,0.94683,CC[C@H](N)C(=O)N(Cc1c[nH]c2cc(Br)ccc12)[C@@H](CCCN(CCc1ccccc1Br)CC1CCN1)C(=O)O,0.891186
CCCN(C[C@@H]1CCCN1)[C@H](C)C(=O)O,0.03099,CCCN(C(=O)[C@@H]1CCCN1)[C@H](C)C(=O)O,0.001868
N[C@H](CNCCN1CC(=O)C1)Cc1cccs1,0.040642,N[C@@H](Cc1cccs1)C(=O)NCCN1CC(=O)C1,0.004111
CC(C)C[C@@H](CN(c1cc(C#N)ccc1O)C1CN(Cc2c[nH]c3ccc(Br)cc23)C1)NCCCN,0.951417,CC(C)C[C@@H](CN(c1cc(C#N)ccc1O)C1CN(Cc2c[nH]c3ccc(Br)cc23)C1)NC(=O)CCN,0.816447
Brc1ccc2[nH]cc(CN3CCC3CN3CCC(N(C[C@H]4CCCN4)c4cccnc4Br)C3)c2c1,0.989498,O=C([C@H]1CCCN1)N(c1cccnc1Br)C1CCN(CC2CCN2Cc2c[nH]c3ccc(Br)cc23)C1,0.972881
CN(CC(=O)O)CC1CCN1Cc1ccc(N)c(Br)c1,0.058067,CN(CC(=O)O)C(=O)C1CCN1Cc1ccc(N)c(Br)c1,0.012129
COc1ccccc1CCNCC1CN(CCC=O)C1,0.578503,COc1ccccc1CCNC(=O)C1CN(CCC=O)C1,0.021056
NCCCCN(CC1CCN1)c1ccc2[nH]cc(C=O)c2c1,0.516545,NCCCCN(C(=O)C1CCN1)c1ccc2[nH]cc(C=O)c2c1,0.243166
C[C@@H](CN1CCC[C@H]1CNc1cc(F)ccc1O)NC[C@@H](N)Cc1c[nH]c2ccccc12,0.974336,C[C@@H](CN1CCC[C@H]1C(=O)Nc1cc(F)ccc1O)NC[C@@H](N)Cc1c[nH]c2ccccc12,0.936772
BrCCN(c1ccnc2ccccc12)C1CCN(CC2CCN2)C1,0.832597,O=C(C1CCN1)N1CCC(N(CCBr)c2ccnc3ccccc23)C1,0.057777
COc1ccccc1CCN(CCN(C)CCC=O)C[C@H](N)Cc1c[nH]c2ccccc12,0.970974,COc1ccccc1CCN(CCN(C)CCC=O)C(=O)[C@H](N)Cc1c[nH]c2ccccc12,0.693887
C[C@H](N)CN(c1cccc2cc[nH]c12)C1CCCNC1,0.5,C[C@H](N)C(=O)N(c1cccc2cc[nH]c12)C1CCCNC1,0.256568
CC(C)CNCCN(C)CC1CCN1C(CCl)c1ccc(F)cc1F,0.394479,CC(C)CNC(=O)CN(C)CC1CCN1C(CCl)c1ccc(F)cc1F,0.277946
NCCN1CCC(N2CCc3ccccc3C2c2c[nH]c3ccc(Br)cc23)CC1,1.0,NCC(=O)N1CCC(N2CCc3ccccc3C2c2c[nH]c3ccc(Br)cc23)CC1,0.979736
C[C@@H](N)CN(CCCCNCc1c[nH]c2ccc(C#N)cc12)Cc1ccc(F)cc1,0.988414,C[C@@H](N)CN(CCCCNCc1c[nH]c2ccc(C#N)cc12)C(=O)c1ccc(F)cc1,0.358848
CNCCN1CCC(CN(C)CCNc2cc(Br)ccc2O)CC1,0.447267,CNCCN1CCC(CN(C)CC(=O)Nc2cc(Br)ccc2O)CC1,0.133396
O=C(O)[C@@H]1CCCN1C[C@@H]1CCCN1Cc1ccc(F)cc1,0.147871,O=C(O)[C@@H]1CCCN1C(=O)[C@@H]1CCCN1Cc1ccc(F)cc1,0.038891
CC[C@H](N)CN(C)CC(=O)O,0.006854,CC[C@H](N)C(=O)N(C)CC(=O)O,0.001687
O=CCNC1CC1,0.005301,O=CC(=O)NC1CC1,0.001329
CNCCN(CCOC)Cc1ccc(O)c(N)c1,0.030823,CNCCN(CCOC)C(=O)c1ccc(O)c(N)c1,0.009581
c1cc(NCC2CN(C3CCN(CC4CCN4)CC3)C2)c2[nH]ccc2c1,0.64899,O=C(Nc1cccc2cc[nH]c12)C1CN(C2CCN(CC3CCN3)CC2)C1,0.320335
O=C(O)[C@@H](CS)NCC1CNC1,0.011989,O=C(N[C@H](CS)C(=O)O)C1CNC1,0.002401
Nc1ccc(CN2CC(N3CC(CNc4cccc(Cl)c4O)C3)C2)cc1Br,0.8244,Nc1ccc(C(=O)N(CC2CN(C3CNC3)C2)c2cccc(Cl)c2O)cc1Br,0.987775
Fc1ccc(C(CCl)N2CCC(CNCCc3c[nH]c4ccccc34)CC2)cc1,0.997267,O=C(NCCc1c[nH]c2ccccc12)C1CCN(C(CCl)c2ccc(F)cc2)CC1,0.753604
CN(CCNc1cc(Br)cc(C#N)c1)CCN(C)Cc1c[nH]c2cc(Br)ccc12,0.983568,CN(CCN(C)Cc1c[nH]c2cc(Br)ccc12)CC(=O)Nc1cc(Br)cc(C#N)c1,0.867989
CC[C@@H](CN(CCN(C)CC1CCNCC1)c1ccc(Br)cc1O)NC(CCl)c1ccc(Cl)c(Cl)c1,0.930294,CC[C@@H](CN(CCN(C)C(=O)C1CCNCC1)c1ccc(Br)cc1O)NC(CCl)c1ccc(Cl)c(Cl)c1,0.289395
NCCNCCN1CCN(c2ccc(O)c(N)c2)CC1,0.196531,NCC(=O)NCCN1CCN(c2ccc(O)c(N)c2)CC1,0.022247
NCCN1CCCC(N(CCc2ccccc2Br)Cc2c[nH]c3ccc(Br)cc23)C1,0.999996,NCC(=O)N1CCCC(N(CCc2ccccc2Br)Cc2c[nH]c3ccc(Br)cc23)C1,0.929357
COc1ccccc1CCN(CCCN)CCNCCCN,0.443317,COc1ccccc1CCN(CCNCCCN)C(=O)CCN,0.048386
CNCCNc1cc(Br)ccc1NCCN,0.113665,CNCC(=O)NCCNc1ccc(Br)cc1N,0.020419
Nc1cccc(Br)c1N(C[C@@H](N)CO)C[C@@H]1CCCN1,0.055685,Nc1cccc(Br)c1N(C[C@@H]1CCCN1)C(=O)[C@@H](N)CO,0.080195
C[C@@H](O)CN1CCC[C@H](CN(C)CCN(Cc2c[nH]c3cc(Br)ccc23)c2cccc(Br)c2O)C1,0.990849,C[C@@H](O)C(=O)N1CCC[C@H](CN(C)CCN(Cc2c[nH]c3cc(Br)ccc23)c2cccc(Br)c2O)C1,0.820991
NCCCCNCC1(NCCN)CCC1,0.022253,NCC(=O)NCCCCNCC1(N)CCC1,0.006029
COc1cccc2c1CCNC2CCN[C@H](CCNC1CC1)CNCCc1ccccc1Br,0.304448,COc1cccc2c1CCNC2CCN[C@@H](CNCCc1ccccc1Br)CC(=O)NC1CC1,0.369657
NCCN1CCC[C@H]1CN(Cc1c[nH]c2cc(Br)ccc12)c1cc(Br)ccc1O,0.997296,NCC(=O)N1CCC[C@H]1CN(Cc1c[nH]c2cc(Br)ccc12)c1cc(Br)ccc1O,0.68564
NCCCNCCN(c1ccc(Br)cc1)C1CN(CCCN)C1,0.270767,NCCCNCC(=O)N(c1ccc(Br)cc1)C1CN(CCCN)C1,0.378127
Brc1ccccc1CCNCc1ccc(NC[C@H]2CCCN2)c(Br)c1,0.673257,O=C(Nc1ccc(CNCCc2ccccc2Br)cc1Br)[C@H]1CCCN1,0.146786
C[C@@H](O)CN1CCCC(Nc2ccc(Br)cc2)C1,0.023101,C[C@@H](O)C(=O)N(c1ccc(Br)cc1)C1CCCNC1,0.010643
COc1ccccc1CNC[C@@H]1CCCN1C[C@H](N)CC(=O)O,0.464469,COc1ccccc1CNC(=O)C[C@@H](N)CN1CCC[C@H]1C(=O)O,0.017049
CN(CCNCCc1ccccc1Br)C[C@H](CO)NCc1c[nH]c2cc(Br)ccc12,0.982713,CN(CC(=O)NCCc1ccccc1Br)C[C@H](CO)NCc1c[nH]c2cc(Br)ccc12,0.600479
O=C(O)CCN(C[C@H]1CCCN1)C(CCl)c1ccc(Br)cc1,0.077484,O=C(O)CCN(C(=O)[C@H]1CCCN1)C(CCl)c1ccc(Br)cc1,0.011667
COc1cccc2c1CCNC2c1cccc(N(CCCCN)CC2CCN2)c1,0.942534,COc1cccc2c1CCN(C(=O)C1CCN1)C2c1cccc(NCCCCN)c1,0.332806
CN(CCNc1cc(C#N)ccc1N)CC1CCN1,0.316635,CN(CCNc1cc(C#N)ccc1N)C(=O)C1CCN1,0.017308
Oc1ccc(CCNCC2CCN2CC2CCN2Cc2c[nH]c3ccc(Br)cc23)cc1,0.999998,O=C(NCCc1ccc(O)cc1)C1CCN1CC1CCN1Cc1c[nH]c2ccc(Br)cc12,0.987107
COc1ccc(CNC[C@H]2CCCN2)cc1,0.070358,COc1ccc(CNC(=O)[C@H]2CCCN2)cc1,0.001955
O=C1CCCN(C[C@@H]2CCCN2Cc2c[nH]c3ccccc23)C1,0.429556,O=C1CCCN(C(=O)[C@@H]2CCCN2Cc2c[nH]c3ccccc23)C1,0.045651
NCCN[C@H](CCC(=O)O)C(=O)O,0.006188,NCC(=O)N[C@H](CCC(=O)O)C(=O)O,0.00278
C[C@H](N)CN[C@@H](Cc1ccc(O)cc1)C(=O)O,0.195744,C[C@H](N)C(=O)N[C@@H](Cc1ccc(O)cc1)C(=O)O,0.00524
NCCN(CCc1ccccc1NCCc1ccccc1Br)C[C@H]1CCCN1,0.896114,NCC(=O)N(CCc1ccccc1Br)c1ccccc1CCNC[C@H]1CCCN1,0.344681
C[C@@H](CNCCNCCc1ccc(O)cc1)NC(CCl)c1ccc(F)cc1F,0.926375,C[C@@H](CNCC(=O)NCCc1ccc(O)cc1)NC(CCl)c1ccc(F)cc1F,0.691385
N#Cc1ccc(N)c(N(C[C@H](N)Cc2ccc(O)cc2)C[C@@H]2CCCN2)c1,0.813929,N#Cc1ccc(N)c(N(C[C@H](N)Cc2ccc(O)cc2)C(=O)[C@@H]2CCCN2)c1,0.557254
c1cc(NCCNC[C@@H]2CCCN2)c2[nH]ccc2c1,0.539231,O=C(CNC[C@@H]1CCCN1)Nc1cccc2cc[nH]c12,0.24219
Oc1ccccc1N(CCCN(CC1CCN1)CC1CCN1)Cc1c[nH]c2ccc(F)cc12,0.991014,O=C(C1CCN1)N(CCCN(Cc1c[nH]c2ccc(F)cc12)c1ccccc1O)CC1CCN1,0.683674
O=C1CN(C[C@@H](CS)N(Cc2c[nH]c3ccc(Br)cc23)CC2CCN2)C1,0.487132,O=C1CN(C[C@@H](CS)N(Cc2c[nH]c3ccc(Br)cc23)C(=O)C2CCN2)C1,0.262328
COc1cccc2c1CCN(CC1CCN1)C2CCNC1CCC1,0.712083,COc1cccc2c1CCN(C(=O)C1CCN1)C2CCNC1CCC1,0.061352
C=CCN(CCCN)[C@@H](CC)C(=O)O,0.014139,C=CC(=O)N(CCCN)[C@@H](CC)C(=O)O,0.002626
C=CCN(CC=O)CCc1ccccc1OC,0.023807,C=CCN(CCc1ccccc1OC)C(=O)C=O,0.00064
N[C@H](CCCN1CCC[C@H]1CN1CC(=O)C1)CN(Cc1c[nH]c2cc(Br)ccc12)c1cc(F)ccc1O,0.982592,N[C@H](CCCN1CCC[C@H]1C(=O)N1CC(=O)C1)CN(Cc1c[nH]c2cc(Br)ccc12)c1cc(F)ccc1O,0.873152
C=CC1NCCc2ccc(OC(=O)CNCCN)cc21,0.189546,C=CC1NCCc2ccc(OC(=O)CNC(=O)CN)cc21,0.014295
NCCCNc1cccnc1Br,0.042439,NCCC(=O)Nc1cccnc1Br,0.003513
C#CCNCCN(C(CCl)c1ccc(F)cc1)[C@H](CO)C(=O)O,0.009033,C#CCNC(=O)CN(C(CCl)c1ccc(F)cc1)[C@H](CO)C(=O)O,0.00063
NCCCN1CCCC(NCCCNc2cc(Br)ccc2N)C1,0.707963,NCCC(=O)N(CCCNC1CCCNC1)c1cc(Br)ccc1N,0.226783
C[C@H](CN1CC(CNCc2ccccc2)C1)NCC1CCN1,0.188561,C[C@H](CN1CC(CNCc2ccccc2)C1)NC(=O)C1CCN1,0.047152
C[C@H](N)CNCCCCN1CC2NCCc3c(Br)ccc(c32)C1c1c[nH]c2cc(Br)ccc12,0.977091,C[C@H](N)C(=O)NCCCCN1CC2NCCc3c(Br)ccc(c32)C1c1c[nH]c2cc(Br)ccc12,0.974276
CC[C@@H](CN1CCC[C@@H]1CO)N(Cc1ccc(F)cc1)c1ccc(N)c(N)c1,0.899872,CC[C@@H](CN1CCC[C@@H]1CO)N(C(=O)c1ccc(F)cc1)c1ccc(N)c(N)c1,0.782032
NCCCCNCc1ccc(N)c(O)c1,0.482646,NCCCCNC(=O)c1ccc(N)c(O)c1,0.036025
COc1ccc(O)c(N(C[C@@H]2C[C@@H](O)CN2Cc2c[nH]c3ccc(Br)cc23)C2CCN(CC3CCN3)C2)c1,0.945746,COc1ccc(O)c(N(C[C@@H]2C[C@@H](O)CN2Cc2c[nH]c3ccc(Br)cc23)C2CCN(C(=O)C3CCN3)C2)c1,0.574775
O=C(O)C1(N(C[C@H]2CCCN2)c2cc(Br)ccn2)CCC1,0.017301,O=C(O)[C@H]1CCCN1C(=O)C1(Nc2cc(Br)ccn2)CCC1,0.005388
COc1ccc(N(CCBr)C[C@H](N)[C@@H](C)O)c(N)c1,0.004008,COc1ccc(N(C[C@H](N)[C@@H](C)O)C(=O)CBr)c(N)c1,0.004429
Oc1ccc(CNC[C@@H]2CCCN2C2CCCN(Cc3c[nH]c4ccc(Br)cc34)C2)cc1,0.989623,O=C(NCc1ccc(O)cc1)[C@@H]1CCCN1C1CCCN(Cc2c[nH]c3ccc(Br)cc23)C1,0.963798
NCCCN(c1cc(F)c(F)cc1O)C1CN(CC2CCN2Cc2c[nH]c3ccc(Br)cc23)C1,0.990171,NCCC(=O)N(c1cc(F)c(F)cc1O)C1CN(CC2CCN2Cc2c[nH]c3ccc(Br)cc23)C1,0.973247
NCCN1CCC[C@@H]1CN1CCc2ccc(O)cc2C1c1c[nH]c2cc(I)ccc12,0.999999,NCC(=O)N1CCC[C@@H]1CN1CCc2ccc(O)cc2C1c1c[nH]c2cc(I)ccc12,0.985549
N[C@H](CC(=O)O)CN1CCC(=O)C1,0.008437,N[C@H](CC(=O)N1CCC(=O)C1)C(=O)O,0.00182
C[C@@H](N)CN1CC(N(CCCNCCc2c[nH]c3ccccc23)Cc2ccc(O)c(N)c2)C1,0.967811,C[C@@H](N)CN1CC(N(CCC(=O)NCCc2c[nH]c3ccccc23)Cc2ccc(O)c(N)c2)C1,0.858742
N[C@H](CS)CNCc1ccc(O)cc1,0.242635,N[C@H](CS)C(=O)NCc1ccc(O)cc1,0.006421
CN(CCNc1cc(F)ccc1O)C1CCN(Cc2cccc(Br)c2)C1,0.943852,CN(CC(=O)Nc1cc(F)ccc1O)C1CCN(Cc2cccc(Br)c2)C1,0.318721
NCCN(C[C@H]1CCCN1)c1ccc(Br)cc1N,0.060043,NCC(=O)N(C[C@H]1CCCN1)c1ccc(Br)cc1N,0.115152
CNCCN(CCCN)c1ccc(CN2CC(=O)C2)cc1N,0.052114,CN(CCNc1ccc(CN2CC(=O)C2)cc1N)C(=O)CCN,0.017236
NCCN1CCC(Nc2ccc(Br)cc2N)C1,0.103675,NCC(=O)N(c1ccc(Br)cc1N)C1CCNC1,0.062805
NCCCN1CCC1CN1CC(N(Cc2c[nH]c3cc(Br)ccc23)c2ccccn2)C1,0.99471,NCCC(=O)N1CCC1CN1CC(N(Cc2c[nH]c3cc(Br)ccc23)c2ccccn2)C1,0.963586
NCCN(CCN)CCc1ccccc1,0.172631,NCCN(CCc1ccccc1)C(=O)CN,0.03475
CC[C@@H](CN(Cc1c[nH]c2ccc(Br)cc12)c1cc(C#N)ccc1O)NC[C@@H]1CCCN1,0.935571,CC[C@@H](CN(Cc1c[nH]c2ccc(Br)cc12)c1cc(C#N)ccc1O)NC(=O)[C@@H]1CCCN1,0.68239
CNCCN(CCN(C)Cc1c[nH]c2ccc(F)cc12)c1cc(C#N)ccc1O,0.992527,CNCC(=O)N(CCN(C)Cc1c[nH]c2ccc(F)cc12)c1cc(C#N)ccc1O,0.973273
N[C@@H](CCN1CCC[C@H](C(=O)O)C1)C(=O)O,0.017963,N[C@@H](CC(=O)N1CCC[C@H](C(=O)O)C1)C(=O)O,0.002497
CC[C@H](N)CN(CCCN1CCNCC1)c1ccc(-c2cccc(F)c2)cc1,0.868083,CC[C@H](N)C(=O)N(CCCN1CCNCC1)c1ccc(-c2cccc(F)c2)cc1,0.924754
ClCc1ccc(CNc2ccc(Br)cc2)cc1,0.004322,O=C(Nc1ccc(Br)cc1)c1ccc(CCl)cc1,0.000737
C#CCNC[C@H](C)NCc1c[nH]c2cc(Br)ccc12,0.54709,C#CCNC(=O)[C@H](C)NCc1c[nH]c2cc(Br)ccc12,0.031632
CC(C)(C(=O)O)N(CCCN)CCC[C@@H](N)C(=O)O,0.016174,CC(C)(C(=O)O)N(CCCN)C(=O)CC[C@@H](N)C(=O)O,0.003076
OC[C@@H](CNc1ccccc1S)NC[C@@H]1CCCN1,0.374532,O=C(N[C@@H](CO)CNc1ccccc1S)[C@@H]1CCCN1,0.032191
C[C@H](N)CN1CCC[C@@H]1CN(C[C@@H]1CCCN1)c1ccc(Br)cc1O,0.842733,C[C@H](N)C(=O)N1CCC[C@@H]1CN(C[C@@H]1CCCN1)c1ccc(Br)cc1O,0.048548
NCCCCN(c1ccc(N)cc1)C1CN(C[C@@H]2CCCN2)C1,0.319676,NCCCCN(c1ccc(N)cc1)C1CN(C(=O)[C@@H]2CCCN2)C1,0.016979
N[C@H](CC(=O)O)CN1CC(NCCc2ccccc2)C1,0.102416,N[C@H](CC(=O)N(CCc1ccccc1)C1CNC1)C(=O)O,0.014525
N[C@H](CCNC1CCC1)CNCCNCc1ccc(O)cc1,0.315852,N[C@@H](CNCCNCc1ccc(O)cc1)CC(=O)NC1CCC1,0.1081
Brc1cccc(CN2CCC2CN2CCC[C@@H]2CNC2CC2)c1,0.796683,O=C(NC1CC1)[C@H]1CCCN1CC1CCN1Cc1cccc(Br)c1,0.362717
C#Cc1ccc(O)c(N(CCNC)C[C@@H](C)N)c1,0.196405,C#Cc1ccc(O)c(N(C[C@@H](C)N)C(=O)CNC)c1,0.145784
CNCCN(CCCN1CCC[C@H]1C(=O)Oc1ccc(CN)cc1)Cc1c[nH]c2cc(Br)ccc12,0.986436,CNCC(=O)N(CCCN1CCC[C@H]1C(=O)Oc1ccc(CN)cc1)Cc1c[nH]c2cc(Br)ccc12,0.802817
CNCCN[C@H](C)CN(c1ccc(Br)cc1O)C1CCCNC1,0.184308,CNCC(=O)N[C@H](C)CN(c1ccc(Br)cc1O)C1CCCNC1,0.08491
Nc1cccc(N(C2CC2)C2CCN(CC3CCN3)CC2)c1O,0.715393,Nc1cccc(N(C2CC2)C2CCN(C(=O)C3CCN3)CC2)c1O,0.031698
Oc1ccc(CCN(Cc2c[nH]c3ccc(Br)cc23)C[C@@H]2CCCN2)cc1,0.999997,O=C([C@@H]1CCCN1)N(CCc1ccc(O)cc1)Cc1c[nH]c2ccc(Br)cc12,0.921046
COc1ccc(O)c(NCCNS(=O)(=O)c2cccc(Br)c2)c1,0.013282,COc1ccc(O)c(NC(=O)CNS(=O)(=O)c2cccc(Br)c2)c1,0.000504
N[C@@H](Cc1cccs1)CN(CC[C@H](N)C(=O)O)C12CC(C1)C2,0.231887,N[C@@H](CCN(C(=O)[C@@H](N)Cc1cccs1)C12CC(C1)C2)C(=O)O,0.013489
NCCN(CCc1c[nH]c2ccccc12)CC1CCN1CC1CCN(c2cc(Br)ccn2)CC1,0.975816,NCC(=O)N(CCc1c[nH]c2ccccc12)CC1CCN1CC1CCN(c2cc(Br)ccn2)CC1,0.816641
O=CCN(c1ccc(Br)cc1)C1CCN(CC2CCN2)CC1,0.281669,O=CCN(c1ccc(Br)cc1)C1CCN(C(=O)C2CCN2)CC1,0.004263
Brc1ccccc1CCNCCNC1CCNC1,0.42331,O=C(CNC1CCNC1)NCCc1ccccc1Br,0.063572
CC[C@@H](C(=O)O)N(CC1CCN1)C(CCl)c1ccc(Cl)c(Cl)c1,0.086345,CC[C@@H](C(=O)O)N(C(=O)C1CCN1)C(CCl)c1ccc(Cl)c(Cl)c1,0.017417
Sc1ccccc1N(Cc1c[nH]c2ccc(Br)cc12)C1CCCN(C[C@H]2CCCN2)C1,0.999997,O=C([C@H]1CCCN1)N1CCCC(N(Cc2c[nH]c3ccc(Br)cc23)c2ccccc2S)C1,0.468098
Brc1ncccc1N(C1CCC1)C1CCN(C[C@H]2CCCN2)C1,0.742338,O=C([C@H]1CCCN1)N1CCC(N(c2cccnc2Br)C2CCC2)C1,0.025024
C=CCN(c1ccc(OC)cc1NCc1c[nH]c2cc(Br)ccc12)C(CBr)CN1CCC(=O)CC1,0.971722,C=CC(=O)N(Cc1c[nH]c2cc(Br)ccc12)c1cc(OC)ccc1NC(CBr)CN1CCC(=O)CC1,0.901196
OC[C@@H]1CCCN1CC1c2cc(O)ccc2CCN1Cc1c[nH]c2cc(Br)ccc12,0.999996,O=C(C1c2cc(O)ccc2CCN1Cc1c[nH]c2cc(Br)ccc12)N1CCC[C@H]1CO,0.881447
NCCN1CC(CNc2cc(F)ccc2O)C1,0.122069,NCCN1CC(C(=O)Nc2cc(F)ccc2O)C1,0.007362
O=C(O)CCNCC1CCN1C1CNC1,0.037964,O=C(O)CCNC(=O)C1CCN1C1CNC1,0.010386
CC[C@H](N)CN(CCc1c[nH]c2ccccc12)CCN(C)C1CNC1,0.835312,CC[C@H](N)C(=O)N(CCc1c[nH]c2ccccc12)CCN(C)C1CNC1,0.675573
NCCCCN(CC1CCN1Cc1ccc(O)c(N)c1)C(CCl)c1ccc(F)cc1,0.977301,NCCCCN(CC1CCN1C(=O)c1ccc(O)c(N)c1)C(CCl)c1ccc(F)cc1,0.923
C#CCN(CCN(CCCN)c1cc(OC)ccc1O)C(CCl)c1ccc(F)cc1,0.983172,C#CCN(CCN(C(=O)CCN)c1cc(OC)ccc1O)C(CCl)c1ccc(F)cc1,0.863244
NCCc1ccccc1N(Cc1ccc(F)cc1)C1(CNCCc2ccccc2Br)CCC1,0.620786,NCCc1ccccc1N(C(=O)c1ccc(F)cc1)C1(CNCCc2ccccc2Br)CCC1,0.168309
Cc1cc(N(CCc2c[nH]c3ccccc23)C2CCN(CCN(C)CCCN)CC2)cnc1F,0.971289,Cc1cc(N(CCc2c[nH]c3ccccc23)C2CCN(CCN(C)C(=O)CCN)CC2)cnc1F,0.956115
Nc1cccc(Br)c1CNCCC(=O)O,0.008923,NCCC(=O)Nc1cccc(Br)c1C(=O)O,0.000477
BrCCN1CCC[C@H]1CN(CCc1ccncc1)CC1CCN1Cc1c[nH]c2ccc(Br)cc12,0.878855,O=C(CBr)N1CCC[C@H]1CN(CCc1ccncc1)CC1CCN1Cc1c[nH]c2ccc(Br)cc12,0.951436
CC(C)C[C@@H](N)CN1CCC1CNCCc1ccccc1Br,0.616656,CC(C)C[C@@H](N)CN1CCC1C(=O)NCCc1ccccc1Br,0.079382
C=CCN(C)CC(=O)O,0.004648,C=CC(=O)N(C)CC(=O)O,0.001257
NCCCN(c1cccc(Br)c1N)C1CCCN(Cc2c[nH]c3ccc(Br)cc23)C1,0.995133,NCCC(=O)N(c1cccc(Br)c1N)C1CCCN(Cc2c[nH]c3ccc(Br)cc23)C1,0.946421
Oc1ccc(CCNCc2ccccc2N(C2CC2)C2CCN(CC3CCN3)C2)cc1,0.975057,O=C(C1CCN1)N(CCc1ccc(O)cc1)Cc1ccccc1N(C1CC1)C1CCNC1,0.447016
N[C@H](CCCN1CCC1C(=O)O)CNc1cc(F)ccc1O,0.214342,N[C@H](CCCN1CCC1C(=O)Nc1cc(F)ccc1O)C(=O)O,0.026718
CN(CCN1CCC(=O)CC1)Cc1ccnc(Br)c1F,0.089955,CN(CC(=O)N1CCC(=O)CC1)Cc1ccnc(Br)c1F,0.015735
O=C(O)C1CN(Cc2ccc(O)c(NC[C@H]3CCCN3)c2)C1,0.205128,O=C(O)C1CN(Cc2ccc(O)c(NC(=O)[C@H]3CCCN3)c2)C1,0.030904
C[C@@H](N)CN1CCC[C@H]1CNCCc1ccncc1,0.861382,C[C@@H](N)CN1CCC[C@H]1C(=O)NCCc1ccncc1,0.392794
CN(CCN(Cc1c[nH]c2ccc(Br)cc12)c1ccc(CN2CCC(=O)C2)cc1Br)CC1CCN1,0.995895,CN(CCN(Cc1c[nH]c2ccc(Br)cc12)c1ccc(CN2CCC(=O)C2)cc1Br)C(=O)C1CCN1,0.867221
CC(C)(CNc1ccccc1S)NCCCN,0.234419,CC(C)(NCCCN)C(=O)Nc1ccccc1S,0.013944
COc1cccc2c1CCN(CCN(C)C[C@H](N)CCNC1CC1)C2c1c[nH]c2cc(Br)ccc12,0.992321,COc1cccc2c1CCN(CCN(C)C[C@H](N)CC(=O)NC1CC1)C2c1c[nH]c2cc(Br)ccc12,0.983094
NCCN1CCC(N2CCC2CN(Cc2c[nH]c3ccc(F)cc23)c2c(N)cccc2Br)CC1,0.986507,NCC(=O)N1CCC(N2CCC2CN(Cc2c[nH]c3ccc(F)cc23)c2c(N)cccc2Br)CC1,0.950918
COc1ccccc1CCN(CC1CCN1)C[C@H]1CCCN1,0.728119,COc1ccccc1CCN(C[C@H]1CCCN1)C(=O)C1CCN1,0.041053
NC1(CN2CCCC(Nc3cccc(Br)c3O)C2)CCC1,0.486245,NC1(C(=O)N(c2cccc(Br)c2O)C2CCCNC2)CCC1,0.073141
Oc1cc(F)c(F)cc1NCCCNC1CCNC1,0.291621,O=C(CCNC1CCNC1)Nc1cc(F)c(F)cc1O,0.067108
Oc1cc(F)c(F)cc1NCC1NCCc2c(Br)cccc21,0.690573,O=C(Nc1cc(F)c(F)cc1O)C1NCCc2c(Br)cccc21,0.192554
CCC1c2cccc(Br)c2CCN1CC1CCN1CC1CCN1,0.918065,CCC1c2cccc(Br)c2CCN1CC1CCN1C(=O)C1CCN1,0.725275
Oc1ccccc1N(C1CCCN(CC2CCN2)C1)C(CCl)c1ccc(F)cc1F,0.999987,O=C(C1CCN1)N1CCCC(N(c2ccccc2O)C(CCl)c2ccc(F)cc2F)C1,0.38127
COc1ccc(CNCC2CCNCC2)cc1,0.071551,COc1ccc(CNC(=O)C2CCNCC2)cc1,0.002699
C[C@H](N)CN[C@@H](Cc1ccc(O)cc1)CN1CCC[C@@H]1CN(Cc1ccc(F)cc1)c1ccc(Br)cc1O,0.890826,C[C@H](N)CN(C(=O)c1ccc(F)cc1)[C@@H](Cc1ccc(O)cc1)CN1CCC[C@@H]1CNc1ccc(Br)cc1O,0.645874
O=CCN1CCC(CN2CCc3c(Br)cccc3C2c2c[nH]c3ccc(F)cc23)CC1,0.999983,O=CC(=O)N1CCC(CN2CCc3c(Br)cccc3C2c2c[nH]c3ccc(F)cc23)CC1,0.770975
C[C@@H](CNc1cccc(Br)c1O)N(CC1CCN1)C[C@@H]1CCCNC1,0.525697,C[C@@H](CN(C(=O)[C@@H]1CCCNC1)c1cccc(Br)c1O)NCC1CCN1,0.149834
Nc1c(F)cccc1CN1CCC1CN1CCCC(N(c2ccccc2O)C(CCl)c2ccc(Br)cc2)C1,0.991323,Nc1c(F)cccc1C(=O)N1CCC1CN1CCCC(N(c2ccccc2O)C(CCl)c2ccc(Br)cc2)C1,0.958585
NCCN1CC(CN2CC(C(=O)O)C2)C1,0.021369,NCCN1CC(C(=O)N2CC(C(=O)O)C2)C1,0.006918
Oc1ccccc1CNCCCNC1CCCNC1,0.610734,O=C(CCNC1CCCNC1)NCc1ccccc1O,0.187626
CC[C@@H](CNCCc1ccccc1Br)N(Cc1ccc(N)c(Br)c1)C1CN(CCCN)C1,0.97319,CC[C@@H](CN(CCc1ccccc1Br)C(=O)c1ccc(N)c(Br)c1)NC1CN(CCCN)C1,0.935936
O=[N+]([O-])c1ccc(CBr)cc1NCCCNCCc1ccncc1,0.317415,O=C(CCNc1cc(CBr)ccc1[N+](=O)[O-])NCCc1ccncc1,0.005478
O=Cc1cccc(N[C@H](CCCNCCC(=O)O)CN2CC(=O)C2)c1,0.050749,O=Cc1cccc(N[C@H](CCCNCCC(=O)N2CC(=O)C2)C(=O)O)c1,0.00242
CC[C@H](NCCN)C1=NCCc2c(OC)cccc21,0.098033,CC[C@H](NC(=O)CN)C1=NCCc2c(OC)cccc21,0.009222
COc1ccccc1CCNC[C@@H]1CCCN1CC1CNC1,0.830027,COc1ccccc1CCNC(=O)[C@@H]1CCCN1CC1CNC1,0.398089
NCCCCNC[C@@H](N)Cc1cccs1,0.245691,NCCCCNC(=O)[C@@H](N)Cc1cccs1,0.01622
CC(C)(N)CN1CCC(N2CCC(=O)CC2)C1,0.059608,CC(C)(N)C(=O)N1CCC(N2CCC(=O)CC2)C1,0.008451
CNCCN1CCC(CN(Cc2cccc(F)c2F)C2CC2)CC1,0.721746,CN(CCN1CCC(CNC2CC2)CC1)C(=O)c1cccc(F)c1F,0.647614
N[C@H](CCNc1ccc(CN2CCC(=O)C2)cc1Br)C(=O)O,0.038375,N[C@H](CCNc1ccc(C(=O)N2CCC(=O)C2)cc1Br)C(=O)O,0.003415
C[C@H](N)CN1CCC(C(=O)O)CC1,0.025337,C[C@H](N)C(=O)N1CCC(C(=O)O)CC1,0.002991
Brc1ccc2c(CN(CCc3ccccc3Br)C[C@H]3CCCN3)c[nH]c2c1,0.99669,O=C([C@H]1CCCN1)N(CCc1ccccc1Br)Cc1c[nH]c2cc(Br)ccc12,0.542341
Nc1cccc(Br)c1CN1CCC[C@H]1CN(c1c(N)cccc1Br)C1CCN(CCBr)C1,0.874523,Nc1cccc(Br)c1CN1CCC[C@H]1CN(c1c(N)cccc1Br)C1CCN(C(=O)CBr)C1,0.486198
C#CCNCCCN(Cc1c[nH]c2cc(Br)ccc12)C[C@H]1CCCN1,0.830145,C#CCN(CCCNCc1c[nH]c2cc(Br)ccc12)C(=O)[C@H]1CCCN1,0.346807
Nc1ccc(Br)cc1N(Cc1c[nH]c2ccc(Br)cc12)C1CCCN(C2CCN(CC3(N)CCC3)C2)C1,0.948007,Nc1ccc(Br)cc1N(Cc1c[nH]c2ccc(Br)cc12)C1CCCN(C2CCN(C(=O)C3(N)CCC3)C2)C1,0.712697
Oc1ccc2c(c1)C(c1c[nH]c3cc(Br)ccc13)N(C1CCN(C[C@H]3CCCN3)C1)CC2,0.999997,O=C([C@H]1CCCN1)N1CCC(N2CCc3ccc(O)cc3C2c2c[nH]c3cc(Br)ccc23)C1,0.977706
O=C(O)[C@H](CCNCc1ccccc1O)NC1CCCNC1,0.356296,O=C(C[C@H](NC1CCCNC1)C(=O)O)NCc1ccccc1O,0.05393
O=C1CCN(C(CBr)CNc2cccc(Br)c2O)CC1,0.10261,O=C1CCN(C(CBr)C(=O)Nc2cccc(Br)c2O)CC1,0.00687
COc1cccc(CNCC2(NC[C@@H]3CCCN3Cc3cccc(Br)c3)CCC2)c1,0.924931,COc1cccc(CNC(=O)C2(NC[C@@H]3CCCN3Cc3cccc(Br)c3)CCC2)c1,0.581255
C=CCN1CCC1CN(CCO)c1cccc(Br)c1O,0.050276,C=CCN1CCC1CN(C(=O)CO)c1cccc(Br)c1O,0.117847
C=CCN(Cc1cccc(OC)c1)C[C@H]1CCCN1C[C@H](N)CCNCCc1c[nH]c2ccccc12,0.884183,C=CC(=O)N(CCc1c[nH]c2ccccc12)CC[C@@H](N)CN1CCC[C@@H]1CNCc1cccc(OC)c1,0.638091
CNCCN(CCCN)CCOC,0.018568,CNCCN(CCOC)C(=O)CCN,0.004857
CN(CCNCCCO)CCN(C)Cc1ccc(F)cc1,0.040432,CN(CCNCCCO)CCN(C)C(=O)c1ccc(F)cc1,0.068976
CC(C)C[C@@H](N)CN[C@H](CNC1CCC1)Cc1ccccc1,0.053353,CC(C)C[C@@H](N)C(=O)N[C@H](CNC1CCC1)Cc1ccccc1,0.00938
COc1cccc2c1CCN(C1CCC1)C2c1c[nH]c2cc(N(CCCN)CCCCN)ccc12,0.785083,COc1cccc2c1CCN(C1CCC1)C2c1c[nH]c2cc(N(CCCCN)C(=O)CCN)ccc12,0.371659
N[C@H](CO)CNCc1ccccc1,0.043502,N[C@H](CO)C(=O)NCc1ccccc1,0.000922
CC[C@H](C)[C@@H](CN(Cc1c[nH]c2cc(Br)ccc12)c1ccc(Br)cc1)NCC1CCN(CCNC)CC1,0.882094,CC[C@H](C)[C@@H](CN(Cc1c[nH]c2cc(Br)ccc12)c1ccc(Br)cc1)N(CC1CCNCC1)C(=O)CNC,0.175496
N#Cc1cc(N)cc(N2CCC[C@@H]2CN2CCC2CN(CCCN)CCc2c[nH]c3ccccc23)c1,0.975839,N#Cc1cc(N)cc(N2CCC[C@@H]2CN2CCC2CN(CCc2c[nH]c3ccccc23)C(=O)CCN)c1,0.767477
NCCCN(CCNCCOCc1cccc(F)c1)Cc1c[nH]c2cc(Br)ccc12,0.988292,NCCC(=O)N(CCNCCOCc1cccc(F)c1)Cc1c[nH]c2cc(Br)ccc12,0.706722
N#Cc1ccc(OC(=O)[C@@H]2CCCN2C(CCl)c2ccc(F)cc2)c(NCCCN)c1,0.76639,N#Cc1ccc(OC(=O)[C@@H]2CCCN2C(CCl)c2ccc(F)cc2)c(NC(=O)CCN)c1,0.141825
NCCN(Cc1ccc(N)c(Br)c1)c1ccccc1O,0.21184,NCCN(C(=O)c1ccc(N)c(Br)c1)c1ccccc1O,0.102808
C[C@H](N)CN(C1CC1)C1CN(c2cc(Br)ccn2)C1,0.160896,C[C@H](N)C(=O)N(C1CC1)C1CN(c2cc(Br)ccn2)C1,0.005366
O[C@H]1CCCN(CC2CN(Cc3cccc(F)c3N(Cc3c[nH]c4cc(Br)ccc34)C3CCCNC3)C2)C1,0.882875,O=C(C1CN(Cc2cccc(F)c2N(Cc2c[nH]c3cc(Br)ccc23)C2CCCNC2)C1)N1CCC[C@H](O)C1,0.436836
Nc1cc(Br)ccc1NC1CCN(C[C@H]2CCCN2)C1,0.450669,Nc1cc(Br)ccc1N(C(=O)[C@H]1CCCN1)C1CCNC1,0.153859
CNCCN1CCC[C@@H]1CNc1ccc(B(O)O)cc1,0.25788,CNCC(=O)N(C[C@H]1CCCN1)c1ccc(B(O)O)cc1,0.066211
C[C@@H](CN1CCC[C@@H]1CO)N(Cc1c[nH]c2ccc(Br)cc12)c1cccc(N)c1O,0.991792,C[C@@H](C(=O)N1CCC[C@@H]1CO)N(Cc1c[nH]c2ccc(Br)cc12)c1cccc(N)c1O,0.222634
CNCCNc1cc(C#N)ccc1O,0.201524,CNCC(=O)Nc1cc(C#N)ccc1O,0.021485
COc1ccc(N)c(NCCCN(Cc2c[nH]c3cc(Br)ccc23)C2CN(CC3CCN3)C2)c1,0.973219,COc1ccc(N)c(NC(=O)CCN(Cc2c[nH]c3cc(Br)ccc23)C2CN(CC3CCN3)C2)c1,0.975522
SC[C@H](CNCCc1c[nH]c2ccccc12)NC1CCNC1,0.703753,O=C(NCCc1c[nH]c2ccccc12)[C@@H](CS)NC1CCNC1,0.252004
CNCCN(C)CCNc1ccc(Br)cc1N,0.066279,CNCCN(C)CC(=O)Nc1cc(Br)ccc1N,0.004312
CC[C@H](N)CNc1ccc(CN2CCNCC2)cc1Br,0.093368,CC[C@H](N)CNc1ccc(C(=O)N2CCNCC2)cc1Br,0.037615
NCCCN[C@@H](CS)CN1CCC(O)CC1,0.02988,NCCC(=O)N[C@@H](CS)CN1CCC(O)CC1,0.010568
C=CCN1CCC[C@H]1CN1CCC[C@H]1CN(Cc1c[nH]c2ccc(F)cc12)c1ccccc1S,0.990277,C=CC(=O)N1CCC[C@H]1CN1CCC[C@H]1CN(Cc1c[nH]c2ccc(F)cc12)c1ccccc1S,0.945554
C[C@@H](N)CN1CCC(N(CC2CCN(Cc3c[nH]c4ccc(Br)cc34)CC2)c2cc(F)ccc2O)CC1,0.944014,C[C@@H](N)C(=O)N1CCC(N(CC2CCN(Cc3c[nH]c4ccc(Br)cc34)CC2)c2cc(F)ccc2O)CC1,0.838565
N[C@@H](CS)CN1CCC[C@H](O)C1,0.03055,N[C@@H](CS)C(=O)N1CCC[C@H](O)C1,0.005429
COc1ccccc1CCN(CCNCc1cccc(F)c1F)C[C@H]1CCCN1C(CCl)c1ccc(Br)cc1,0.954955,COc1ccccc1CCN(CCNC(=O)c1cccc(F)c1F)C[C@H]1CCCN1C(CCl)c1ccc(Br)cc1,0.927816
c1ccc(CCNCC2CCN(C3CCNCC3)CC2)cc1,0.389454,O=C(NCCc1ccccc1)C1CCN(C2CCNCC2)CC1,0.055969
NCCN1CCC[C@@H]1CN1CCC[C@H]1CN(Cc1c[nH]c2cc(Br)ccc12)c1ccccc1S,0.992519,NCC(=O)N1CCC[C@@H]1CN1CCC[C@H]1CN(Cc1c[nH]c2cc(Br)ccc12)c1ccccc1S,0.975407
NCCCN1CCC[C@@H](CN(CC2CCN(C(CCl)c3ccc(F)cc3F)CC2)c2cc(Br)ccc2N)C1,0.662023,NCCC(=O)N1CCC[C@@H](CN(CC2CCN(C(CCl)c3ccc(F)cc3F)CC2)c2cc(Br)ccc2N)C1,0.342909
NCCCN(CC1CCN1c1ccc(N)cc1)c1ccc(Br)cc1,0.41904,NCCC(=O)N(CC1CCN1c1ccc(N)cc1)c1ccc(Br)cc1,0.111329
c1ccc2c(c1)CN[C@H](CNC13CC(C1)C3)C2,0.646297,O=C(NC12CC(C1)C2)[C@@H]1Cc2ccccc2CN1,0.076813
NCCC[C@H](N)CN(C[C@H]1CCCN1CCCN)c1ccc(Br)cc1,0.482579,NCCC[C@H](N)C(=O)N(C[C@H]1CCCN1CCCN)c1ccc(Br)cc1,0.875672
C[C@H](N)CNc1ccc(Br)cc1,0.007012,C[C@H](N)C(=O)Nc1ccc(Br)cc1,0.000312
NCCCN(CCBr)CCc1ccccc1,0.135159,NCCC(=O)N(CCBr)CCc1ccccc1,0.009755
Oc1ccc(F)cc1NC[C@@H]1CCCN1C1CN(CC2CCN2)C1,0.832961,O=C(C1CCN1)N(C[C@@H]1CCCN1C1CNC1)c1cc(F)ccc1O,0.868454
COc1ccccc1CCNCC1CCN(CC2CCN2Cc2c[nH]c3ccc(F)cc23)CC1,0.996915,COc1ccccc1CCNC(=O)C1CCN(CC2CCN2Cc2c[nH]c3ccc(F)cc23)CC1,0.960237
C[C@H](CN(CCc1ccccc1)C[C@@H](C)N)NCC1CCNCC1,0.084711,C[C@H](CN(CCc1ccccc1)C[C@@H](C)N)NC(=O)C1CCNCC1,0.026831
CN(CCNc1cc(F)ccc1O)C[C@@H]1CCCN1CCN,0.613986,CN(CC(=O)Nc1cc(F)ccc1O)C[C@@H]1CCCN1CCN,0.153057
CSCC[C@@H](N)CN(CCc1ccccc1Br)CC(C)(C)N,0.176834,CSCC[C@@H](N)CN(CCc1ccccc1Br)C(=O)C(C)(C)N,0.004963
C[C@@H](O)[C@@H](N)CN1CCC[C@H]1C(=O)O,0.011218,C[C@@H](O)[C@@H](N)C(=O)N1CCC[C@H]1C(=O)O,0.003604
CCCN1CCC1CNc1ccc(Br)cc1,0.338436,CCCN1CCC1C(=O)Nc1ccc(Br)cc1,0.007471
COc1cccc(CNC[C@H]2CCCN2CCN(C)CCC=O)c1,0.752534,COc1cccc(CNC(=O)[C@H]2CCCN2CCN(C)CCC=O)c1,0.231039
CN(CC(=O)O)C[C@H]1CCCN1Cc1ccc(O)c(N)c1,0.100383,CN(CC(=O)O)C(=O)[C@H]1CCCN1Cc1ccc(O)c(N)c1,0.019667
CNCCN(c1ccccc1S)C1CCNCC1,0.383979,CNCC(=O)N(c1ccccc1S)C1CCNCC1,0.153568
COc1ccc(O)c(NCC2CN(CC3CCN3)C2)c1,0.407977,COc1ccc(O)c(N(CC2CNC2)C(=O)C2CCN2)c1,0.134174
Fc1cccc(CNc2ccc(Br)cc2)c1F,0.006016,O=C(Nc1ccc(Br)cc1)c1cccc(F)c1F,0.001668
COc1cccc2c1CCNC2CN(CCBr)c1ccc(Br)cc1,0.916748,COc1cccc2c1CCN(C(=O)CBr)C2CNc1ccc(Br)cc1,0.085421
O=C(O)CN(C[C@H]1CCCNC1)C1CC1,0.017619,O=C(O)CN(C(=O)[C@H]1CCCNC1)C1CC1,0.002934
NC1(CN2CCc3c(Br)cccc3C2CNCCc2c[nH]c3ccccc23)CCC1,0.997013,NC1(C(=O)N(CCc2c[nH]c3ccccc23)CC2NCCc3c(Br)cccc32)CCC1,0.573141
C[C@@H](N)CN(C)CCNc1c(F)cccc1C(=O)O,0.010541,C[C@@H](N)CN(C)CC(=O)Nc1c(F)cccc1C(=O)O,0.000657
Nc1ccc(CN2CCC2CNC23CC(C2)C3)cc1Br,0.737094,Nc1ccc(CN2CCC2C(=O)NC23CC(C2)C3)cc1Br,0.12369
Nc1cc(Br)ccc1N(CC1CCN1)C[C@@H](N)CO,0.034835,Nc1cc(Br)ccc1N(C[C@@H](N)CO)C(=O)C1CCN1,0.060567
COc1ccccc1CCN(CC1CCN(Cc2ccc(F)cc2)CC1)CC1(N)CCC1,0.935058,COc1ccccc1CCN(CC1CCN(Cc2ccc(F)cc2)CC1)C(=O)C1(N)CCC1,0.346648
NCCN1CC(N(c2ccccn2)C2CCNCC2)C1,0.348494,NCC(=O)N1CC(N(c2ccccn2)C2CCNCC2)C1,0.046095
O=Cc1cccc(N2CCC2CN(CCNCCBr)Cc2ccc(O)cc2)c1,0.980212,O=Cc1cccc(N2CCC2CN(CCNC(=O)CBr)Cc2ccc(O)cc2)c1,0.229384
Brc1ccc2c(CNCCCNC3CCC3)c[nH]c2c1,0.476662,O=C(CCNCc1c[nH]c2cc(Br)ccc12)NC1CCC1,0.06572
C[C@H](N)CN(CCCN1CCC[C@H]1C(=O)O)Cc1cccc(F)c1F,0.129241,C[C@H](N)CN(CCCN1CCC[C@H]1C(=O)O)C(=O)c1cccc(F)c1F,0.263976
O=C(O)CN(Cc1ccc(F)cc1)C[C@@H]1CCCN1Cc1ccc(F)cc1,0.511297,O=C(O)CN(Cc1ccc(F)cc1)C[C@@H]1CCCN1C(=O)c1ccc(F)cc1,0.056401
NCCCN(CC1CCN1CCCN)c1cccc(Br)c1O,0.400004,NCCCN(CC1CCN1C(=O)CCN)c1cccc(Br)c1O,0.039971
CC[C@H](N)CN(Cc1cccc(OC)c1)C[C@H]1CCCN1,0.270577,CC[C@H](N)C(=O)N(Cc1cccc(OC)c1)C[C@H]1CCCN1,0.019969
CC[C@@H](CN1CCC[C@H]1C(=O)O)NCC=O,0.008176,CC[C@@H](CN1CCC[C@H]1C(=O)O)NC(=O)C=O,0.002322
Oc1cc(Br)ccc1N(Cc1c[nH]c2ccc(Br)cc12)CC1CCN(C2CCCN(CCBr)C2)CC1,0.989507,O=C(CBr)N1CCCC(N2CCC(CN(Cc3c[nH]c4ccc(Br)cc34)c3ccc(Br)cc3O)CC2)C1,0.828656
Fc1cccc(CNC2CC2)c1NC[C@@H]1CCCN1,0.210131,O=C(NC1CC1)c1cccc(F)c1NC[C@@H]1CCCN1,0.107329
O=C(O)[C@@H]1CCCN1CC1CCN1C1CCCN(c2cc(Br)ccn2)C1,0.372485,O=C(O)[C@@H]1CCCN1C(=O)C1CCN1C1CCCN(c2cc(Br)ccn2)C1,0.098685
C=CCN(CC1CCN1C(CBr)CNCCc1ccccc1OC)c1ccc(Br)cc1O,0.999985,C=CCN(C(=O)C1CCN1C(CBr)CNCCc1ccccc1OC)c1ccc(Br)cc1O,0.942829
C=CC1c2cccc(OC)c2CCN1CC1CCN1CCCN,0.944956,C=CC1c2cccc(OC)c2CCN1CC1CCN1C(=O)CCN,0.425128
Nc1ccncc1C1c2cccc(Br)c2CCN1C[C@@H]1CCCN1,0.96619,Nc1ccncc1C1c2cccc(Br)c2CCN1C(=O)[C@@H]1CCCN1,0.297842
C[C@H](N)CNCCN1CCC[C@@H]1CN(C[C@@H](N)Cc1c[nH]c2ccccc12)c1ccccn1,0.92489,C[C@H](N)C(=O)NCCN1CCC[C@@H]1CN(C[C@@H](N)Cc1c[nH]c2ccccc12)c1ccccn1,0.79209
O[C@H]1CN[C@H](CNC2CC2)C1,0.025891,O=C(NC1CC1)[C@@H]1C[C@@H](O)CN1,0.005766
N[C@@H](CCCN1CC(=O)C1)C(=O)O,0.008124,N[C@@H](CCC(=O)N1CC(=O)C1)C(=O)O,0.001717
N[C@H](Cc1ccc(O)cc1)CN1CCC(CNc2cccc3cc[nH]c23)CC1,0.959197,N[C@H](Cc1ccc(O)cc1)CN1CCC(C(=O)Nc2cccc3cc[nH]c23)CC1,0.51541
COc1ccc(O)c(N(CCCNCC2CCN2Cc2ccc(F)cc2)CC2CCN2)c1,0.984873,COc1ccc(O)c(N(CCCNCC2CCN2Cc2ccc(F)cc2)C(=O)C2CCN2)c1,0.918402
N[C@H](CNc1ccc(Br)cc1)Cc1ccc(O)cc1,0.116095,N[C@@H](Cc1ccc(O)cc1)C(=O)Nc1ccc(Br)cc1,0.004875
NCCCNC1(CN2CC(CN(Cc3c[nH]c4ccc(F)cc34)c3cccnc3Br)C2)CCC1,0.976892,NCCC(=O)NC1(CN2CC(CN(Cc3c[nH]c4ccc(F)cc34)c3cccnc3Br)C2)CCC1,0.919112
CN(CCN(C)Cc1c[nH]c2cc(Br)ccc12)CCN(C[C@H]1CCCN1)c1cc(F)ccc1O,0.993202,CN(CCN(C)Cc1c[nH]c2cc(Br)ccc12)CCN(C(=O)[C@H]1CCCN1)c1cc(F)ccc1O,0.994459
COc1ccc(CN(Cc2c[nH]c3ccc(Br)cc23)CC(C)(C)NCC2CCN2)cc1,0.952193,COc1ccc(CN(Cc2c[nH]c3ccc(Br)cc23)CC(C)(C)NC(=O)C2CCN2)cc1,0.614749
NCCCN1CC(CNCc2ccccc2O)C1,0.535491,NCCCN1CC(C(=O)NCc2ccccc2O)C1,0.03882
NCCCN1CCCC(N(Cc2cccc(Br)c2)c2cc(F)c(F)cc2O)C1,0.990766,NCCC(=O)N1CCCC(N(Cc2cccc(Br)c2)c2cc(F)c(F)cc2O)C1,0.197978
C[C@@H](CNc1cc(F)ccc1O)NC[C@@H](N)CCCN,0.296228,C[C@H](NC[C@@H](N)CCCN)C(=O)Nc1cc(F)ccc1O,0.050532
C[C@@H](N)CN(C[C@H]1CCCN1)c1ccc(Br)cc1,0.009741,C[C@@H](N)CN(C(=O)[C@H]1CCCN1)c1ccc(Br)cc1,0.114367
Nc1c(Br)cccc1N(Cc1c[nH]c2cc(Br)ccc12)C1CCCN(CC2CCN2CC=O)C1,0.995947,Nc1c(Br)cccc1N(Cc1c[nH]c2cc(Br)ccc12)C1CCCN(CC2CCN2C(=O)C=O)C1,0.968555
CC[C@H](C)[C@H](N)CNc1ccc(Br)cc1,0.006001,CC[C@H](C)[C@H](N)C(=O)Nc1ccc(Br)cc1,0.000106
O=Cc1ccccc1CN(C[C@H]1CCCN1)[C@@H](CO)C(=O)O,0.018147,O=Cc1ccccc1C(=O)N(C[C@H]1CCCN1)[C@@H](CO)C(=O)O,0.005929
NCCCN1CCC1CN1CCCC(N(Cc2c[nH]c3cc(Br)ccc23)c2ccccc2B(O)O)C1,0.987635,NCCC(=O)N1CCC1CN1CCCC(N(Cc2c[nH]c3cc(Br)ccc23)c2ccccc2B(O)O)C1,0.938381
C=CCN(CCCN)C1CN(C(CCl)c2ccc(Br)cc2)C1,0.404872,C=CCN(C(=O)CCN)C1CN(C(CCl)c2ccc(Br)cc2)C1,0.108163
O=C1CCN(C[C@@H](CCNCCc2c[nH]c3ccccc23)NCc2cccc(Br)c2)C1,0.991999,O=C1CCN(C(=O)[C@@H](CCNCCc2c[nH]c3ccccc23)NCc2cccc(Br)c2)C1,0.3707
Nc1cccc(N2CCC[C@H]2CN(CC2CCN2)C2CC2)c1O,0.7027,Nc1cccc(N2CCC[C@H]2CN(C(=O)C2CCN2)C2CC2)c1O,0.026804
C[C@H](N)CN(c1ccc(Br)cc1N)C1CCN(C(CCl)c2ccc(F)cc2F)CC1,0.919946,C[C@H](N)C(=O)N(c1ccc(Br)cc1N)C1CCN(C(CCl)c2ccc(F)cc2F)CC1,0.759812
NCCCN(CC1CCN1CCC=O)c1cccc2cc[nH]c12,0.689717,NCCC(=O)N(CC1CCN1CCC=O)c1cccc2cc[nH]c12,0.690162
CNCCN1CCC(CN(c2ccc(Br)cc2O)c2ncccc2N)CC1,0.5683,CNCC(=O)N1CCC(CN(c2ccc(Br)cc2O)c2ncccc2N)CC1,0.033377
Oc1ccc2c(c1)C(c1c[nH]c3cc(Br)ccc13)N(CC1CCN1)CC2,0.999997,O=C(C1CCN1)N1CCc2ccc(O)cc2C1c1c[nH]c2cc(Br)ccc12,0.929735
COc1ccccc1CCN(CCCNCc1c[nH]c2ccc(Br)cc12)C[C@@H]1CCCN1,0.999998,COc1ccccc1CCN(CCCNCc1c[nH]c2ccc(Br)cc12)C(=O)[C@@H]1CCCN1,0.658943
COc1ccc(N)c(NCCNCCCCN)c1,0.207902,COc1ccc(N)c(NCC(=O)NCCCCN)c1,0.018003
Nc1cc(Br)ccc1N(CC1CCN1)C[C@@H]1CCCN1C1CCN(Cc2c[nH]c3ccc(F)cc23)C1,0.974934,Nc1cc(Br)ccc1N(C[C@@H]1CCCN1C1CCN(Cc2c[nH]c3ccc(F)cc23)C1)C(=O)C1CCN1,0.975039
Nc1c(F)cccc1CN(CCBr)CCc1ccccc1Br,0.47015,Nc1c(F)cccc1CN(CCc1ccccc1Br)C(=O)CBr,0.012304
N[C@H](CS)CNc1cccc2cc[nH]c12,0.096957,N[C@H](CS)C(=O)Nc1cccc2cc[nH]c12,0.007243
Oc1cc(Br)ccc1N(CC1CCN1)C[C@@H]1CCCN1,0.183007,O=C(C1CCN1)N(C[C@@H]1CCCN1)c1ccc(Br)cc1O,0.296132
N[C@@H](CC(=O)O)CN1C[C@H](O)C[C@H]1C(=O)O,0.005299,N[C@@H](CC(=O)N1C[C@H](O)C[C@H]1C(=O)O)C(=O)O,0.002809
CNCCNC1CCC1,0.01892,CNCC(=O)NC1CCC1,0.004073
O=C(O)CCN1CCC1CNc1ccc(Br)cc1O,0.068745,O=C(CCN1CCC1C(=O)O)Nc1ccc(Br)cc1O,0.000925
CNCCN(Cc1cccc(Br)c1)[C@H](Cc1c[nH]c2ccccc12)CN1CCC(=O)CC1,0.991262,CNCC(=O)N(Cc1cccc(Br)c1)[C@H](Cc1c[nH]c2ccccc12)CN1CCC(=O)CC1,0.796034
NCCCN1CC(N(CCNCc2ccc(F)cc2)c2cccc(B(O)O)c2)C1,0.973123,NCCCN1CC(N(CCNC(=O)c2ccc(F)cc2)c2cccc(B(O)O)c2)C1,0.854054
N#Cc1cc(Br)cc(N(CCN)C2CCCN(CCNCc3c[nH]c4cc(Br)ccc34)C2)c1,0.997241,N#Cc1cc(Br)cc(N(C(=O)CN)C2CCCN(CCNCc3c[nH]c4cc(Br)ccc34)C2)c1,0.971498
CNCCN(Cc1c[nH]c2ccc(Br)cc12)c1ccc(Br)cc1O,0.83304,CNCC(=O)N(Cc1c[nH]c2ccc(Br)cc12)c1ccc(Br)cc1O,0.641749
c1ccc(CCNC[C@@H]2CCCN2CC2CCN2)cc1,0.914681,O=C(C1CCN1)N(CCc1ccccc1)C[C@@H]1CCCN1,0.047972
C[C@@H](NC[C@@H]1CCCN1C(CCl)c1ccc(Br)cc1)C(=O)O,0.103098,C[C@@H](NC(=O)[C@@H]1CCCN1C(CCl)c1ccc(Br)cc1)C(=O)O,0.011043
Oc1ccc2[nH]cc(CCNCCCN(C[C@H]3CCCN3)c3ccc(Br)cc3O)c2c1,0.984634,O=C(CCN(C[C@H]1CCCN1)c1ccc(Br)cc1O)NCCc1c[nH]c2ccc(O)cc12,0.86958
Oc1c(N(CC2CCN2)C[C@H]2CCCN2)cccc1N(Cc1c[nH]c2ccc(Br)cc12)C1CC1,0.763708,O=C([C@H]1CCCN1)N(CC1CCN1)c1cccc(N(Cc2c[nH]c3ccc(Br)cc23)C2CC2)c1O,0.682662
Nc1ccc(CN(CCc2ccccc2Br)C2CCCN(C[C@H]3CCCN3)C2)cc1Br,0.974644,Nc1ccc(CN(CCc2ccccc2Br)C2CCCN(C(=O)[C@H]3CCCN3)C2)cc1Br,0.538504
NCCC[C@H](N)CN1CCCC(Nc2cccc(Br)c2O)C1,0.5,NCCC[C@H](N)C(=O)N(c1cccc(Br)c1O)C1CCCNC1,0.174565
C[C@H](NC(CBr)CN1CCC1C(=O)O)C(=O)O,0.007285,C[C@@H](C(=O)O)N(C(=O)C1CCN1)C(CBr)C(=O)O,0.002698
Brc1cccc(CN(c2ccnc3ccccc23)C2CCN(CC3CCN(CC4CCN4)CC3)CC2)c1,0.871999,O=C(C1CCN1)N1CCC(CN2CCC(N(Cc3cccc(Br)c3)c3ccnc4ccccc34)CC2)CC1,0.475314
CN(CCN(c1ccc(Br)cc1O)C1CN(Cc2ccc(CCl)cc2)C1)C[C@H](N)CS,0.968709,CN(CCN(c1ccc(Br)cc1O)C1CN(C(=O)c2ccc(CCl)cc2)C1)C[C@H](N)CS,0.739326
CC[C@H](N)CN(CCc1c[nH]c2ccccc12)Cc1ccc(F)cc1,0.989335,CC[C@H](N)CN(CCc1c[nH]c2ccccc12)C(=O)c1ccc(F)cc1,0.12913
Brc1ccc2[nH]cc(CN(C[C@H]3CCCN3)c3cccc(Br)c3N(CC3CCN3)C3CNC3)c2c1,0.820762,O=C(C1CCN1)N(c1c(Br)cccc1N(Cc1c[nH]c2ccc(Br)cc12)C[C@H]1CCCN1)C1CNC1,0.566193
N[C@H](Cc1ccc(O)cc1)CN1CCC(N(CC2(N)CCC2)c2cc(Br)ccc2O)C1,0.97374,N[C@H](Cc1ccc(O)cc1)CN1CCC(N(C(=O)C2(N)CCC2)c2cc(Br)ccc2O)C1,0.889449
O=C1CCCN(C[C@@H]2CCCN2)C1,0.036016,O=C1CCCN(C(=O)[C@@H]2CCCN2)C1,0.00204
C[C@H](c1ccccc1)N(CCCN)C[C@H]1CCCN1,0.440244,C[C@H](c1ccccc1)N(CCCN)C(=O)[C@H]1CCCN1,0.06133
Nc1ccc(Br)cc1N(CC1CCN1)C[C@H]1CCCN1,0.129568,Nc1ccc(Br)cc1N(C[C@H]1CCCN1)C(=O)C1CCN1,0.19071
Oc1ccc(CCNCCCN2CCC2CNCCc2c[nH]c3ccccc23)cc1,0.994957,O=C(NCCc1c[nH]c2ccccc12)C1CCN1CCCNCCc1ccc(O)cc1,0.992178
Nc1c(F)cccc1CN1CCC(N2CCC2CN(Cc2ccc(O)cc2)Cc2cccc(F)c2N)CC1,0.356974,Nc1c(F)cccc1CN1CCC(N2CCC2CN(Cc2ccc(O)cc2)C(=O)c2cccc(F)c2N)CC1,0.592049
N[C@H](CC(=O)O)CN1CCC[C@@H]1C(=O)O,0.006768,N[C@H](CC(=O)N1CCC[C@@H]1C(=O)O)C(=O)O,0.003182
CCC1c2cc(OC(=O)C3CCN3C[C@@H](N)CS)ccc2CCN1Cc1ccc(N)c(Br)c1,0.890841,CCC1c2cc(OC(=O)C3CCN3C[C@@H](N)CS)ccc2CCN1C(=O)c1ccc(N)c(Br)c1,0.571045
NCCCN1CCC(N2CCc3ccc(O)cc3C2c2c[nH]c3ccc(Br)cc23)CC1,0.999999,NCCC(=O)N1CCC(N2CCc3ccc(O)cc3C2c2c[nH]c3ccc(Br)cc23)CC1,0.974932
NCCCN(c1cccc2cc[nH]c12)C1CCN(CCC=O)C1,0.680373,NCCC(=O)N(c1cccc2cc[nH]c12)C1CCN(CCC=O)C1,0.362242
CC[C@H](C)[C@H](N)CN(C)CC(=O)O,0.00675,CC[C@H](C)[C@H](N)C(=O)N(C)CC(=O)O,0.001664
Brc1cccc2c1CCN(CC1CCN1)C2CNC12CC(C1)C2,0.881228,O=C(NC12CC(C1)C2)C1c2cccc(Br)c2CCN1CC1CCN1,0.670673
Oc1ccc(Br)cc1N(Cc1cccc(F)c1F)C[C@@H]1CCCN1,0.684971,O=C(c1cccc(F)c1F)N(C[C@@H]1CCCN1)c1cc(Br)ccc1O,0.392533
C#CCNc1ccccc1CCNC[C@H]1CCCN1,0.526589,C#CCNc1ccccc1CCNC(=O)[C@H]1CCCN1,0.069398
OC[C@@H](CNCCc1ccccc1Br)N(CC1CCN1)C(CCl)c1ccc(F)cc1F,0.863428,O=C(C1CCN1)N(C(CCl)c1ccc(F)cc1F)[C@@H](CO)CNCCc1ccccc1Br,0.177667
C[C@H](N)CN(CC1CN(c2cccc(N)c2O)C1)C(C)(C)CNc1ccc(Br)cc1O,0.307601,C[C@H](N)CN(CC1CN(c2cccc(N)c2O)C1)C(C)(C)C(=O)Nc1ccc(Br)cc1O,0.113581
N#Cc1ccc(O)c(N(CCN)C[C@@H]2CCCN2CC2CCN2)c1,0.736892,N#Cc1ccc(O)c(N(CCN)C[C@@H]2CCCN2C(=O)C2CCN2)c1,0.01851
CC[C@H](N)CN[C@H](CCNCCc1c[nH]c2ccccc12)CNCc1ccc(O)cc1,0.885308,CC[C@H](N)C(=O)N[C@H](CCNCCc1c[nH]c2ccccc12)CNCc1ccc(O)cc1,0.836166
CN(CCCNC[C@@H](N)CC(=O)O)CC(=O)O,0.009706,CN(CCCN)CC(=O)N[C@@H](CC(=O)O)C(=O)O,0.005583
Cc1cc(N(CCCCN)CC2CCN2)cnc1N,0.145375,Cc1cc(N(CCCCN)C(=O)C2CCN2)cnc1N,0.076813
Nc1cc(Br)ccc1NC[C@H]1CCCN1C[C@H]1CCCN1,0.800532,Nc1cc(Br)ccc1N(C[C@H]1CCCN1)C(=O)[C@H]1CCCN1,0.219138
COc1ccc(N)c(N(Cc2c[nH]c3ccc(F)cc23)CC2CCN2C2CCN(CCBr)CC2)c1,0.985388,COc1ccc(N)c(N(Cc2c[nH]c3ccc(F)cc23)CC2CCN2C2CCN(C(=O)CBr)CC2)c1,0.909509
CCC1c2ccccc2CCN1C[C@@H](N)CC,0.86795,CCC1c2ccccc2CCN1C(=O)[C@@H](N)CC,0.09785
Nc1ccc(CN(c2ccc(Br)cc2N)C2CCN(C3CN(C[C@@H](N)CO)C3)C2)cc1Br,0.914273,Nc1ccc(CN(c2ccc(Br)cc2N)C2CCN(C3CN(C(=O)[C@@H](N)CO)C3)C2)cc1Br,0.816213
NCCCN1CCC(N(CCN)c2ccc(Br)cc2N)C1,0.268478,NCCCN1CCC(N(C(=O)CN)c2ccc(Br)cc2N)C1,0.315647
C[C@H](N)CN(CCN(C)CCN)c1cc(F)c(F)cc1O,0.200126,C[C@H](N)CN(CCN(C)C(=O)CN)c1cc(F)c(F)cc1O,0.031538
COc1ccc(OC(=O)C2CN(C[C@@H]3CCCN3)C2)c(N)c1,0.08817,COc1ccc(OC(=O)C2CN(C(=O)[C@@H]3CCCN3)C2)c(N)c1,0.002092
CC[C@H](N)CN(CCc1ccc(O)cc1)c1ccc2c(C=O)c[nH]c2c1,0.348073,CC[C@H](N)C(=O)N(CCc1ccc(O)cc1)c1ccc2c(C=O)c[nH]c2c1,0.341583
O=C1CCN(C[C@H]2CCCN2c2cccnc2F)C1,0.082333,O=C1CCN(C(=O)[C@H]2CCCN2c2cccnc2F)C1,0.005026
NCCCNc1cc(F)ccc1O,0.104086,NCCC(=O)Nc1cc(F)ccc1O,0.00598
CN(CC=O)CCN(CCc1ccc(O)cc1)Cc1c[nH]c2ccc(Cl)cc12,0.986762,CN(CCN(CCc1ccc(O)cc1)Cc1c[nH]c2ccc(Cl)cc12)C(=O)C=O,0.902017
C[C@@H](CN)OC(=O)C[C@@H](N)CN1CCC(=O)CC1,0.013963,C[C@@H](CN)OC(=O)C[C@@H](N)C(=O)N1CCC(=O)CC1,0.001436
Oc1ccc(CCNCc2ccc(N(C[C@@H]3CCCN3)C3CNC3)c(Br)c2)cc1,0.980444,O=C(NCCc1ccc(O)cc1)c1ccc(N(C[C@@H]2CCCN2)C2CNC2)c(Br)c1,0.959274
COc1cccc2c1CCN(C1CCNCC1)C2CNc1cc(F)c(F)cc1O,0.997446,COc1cccc2c1CCN(C1CCNCC1)C2C(=O)Nc1cc(F)c(F)cc1O,0.966255
N#Cc1cc(Br)cc(N(Cc2ccc(F)cc2)C2CCCN(CCN)C2)c1,0.995519,N#Cc1cc(Br)cc(N(C(=O)c2ccc(F)cc2)C2CCCN(CCN)C2)c1,0.983699
CNCCN1CCC[C@@H]1CNCCc1ccccc1OC,0.892809,CNCCN1CCC[C@@H]1C(=O)NCCc1ccccc1OC,0.337721
CN(CC1=NCCc2ccc(O)cc21)C1CCN(Cc2ccc(F)cc2)C1,0.971283,CN(CC1=NCCc2ccc(O)cc21)C1CCN(C(=O)c2ccc(F)cc2)C1,0.777174
Nc1cc(N(CCN2CC(=O)C2)C[C@@H]2CCCN2)ccc1O,0.196207,Nc1cc(N(CCN2CC(=O)C2)C(=O)[C@@H]2CCCN2)ccc1O,0.628763
NCCCN(CCc1ccccc1)Cc1c[nH]c2ccc(N(C[C@@H]3CCCN3)C3CC3)cc12,0.977646,NCCC(=O)N(CCc1ccccc1)Cc1c[nH]c2ccc(N(C[C@@H]3CCCN3)C3CC3)cc12,0.358031
CN(CCNc1cccnc1Br)CC1(N)CCC1,0.230755,CN(CC(=O)Nc1cccnc1Br)CC1(N)CCC1,0.012059
Nc1c(Br)cccc1N(CC1CCN1)CC1CCN1,0.126952,Nc1c(Br)cccc1N(CC1CCN1)C(=O)C1CCN1,0.227906
Nc1c(F)cccc1CN(C[C@H]1CCCN1)C1CCC1,0.511527,Nc1c(F)cccc1CN(C(=O)[C@H]1CCCN1)C1CCC1,0.086947
COc1ccc(N(CC(=O)CBr)CC2CCN2)c(N)c1,0.01086,COc1ccc(N(CC(=O)CBr)C(=O)C2CCN2)c(N)c1,0.010899
CC(CCl)N(CC=O)CCc1c[nH]c2ccccc12,0.193505,CC(CCl)N(CCc1c[nH]c2ccccc12)C(=O)C=O,0.004925
COc1ccccc1CCNC[C@@H]1CCCN1C1CN(C[C@H](C)N)C1,0.64141,COc1ccccc1CCNC(=O)[C@@H]1CCCN1C1CN(C[C@H](C)N)C1,0.270348
N[C@H](CS)CNCCN1CC(=O)C1,0.009671,N[C@H](CS)CNCC(=O)N1CC(=O)C1,0.004557
Oc1ccc(F)cc1N(CC1CCN1)C[C@@H]1CCCN1Cc1c[nH]c2cc(Br)ccc12,0.996846,O=C(C1CCN1)N(C[C@@H]1CCCN1Cc1c[nH]c2cc(Br)ccc12)c1cc(F)ccc1O,0.994557
Oc1ccc2c(CN(CCc3ccccc3)C[C@H]3CCCN3)c[nH]c2c1,0.996247,O=C([C@H]1CCCN1)N(CCc1ccccc1)Cc1c[nH]c2cc(O)ccc12,0.661813
Nc1ccc(Br)cc1NCCCNc1nc2ccccc2[nH]1,0.04265,Nc1cc(Br)ccc1NC(=O)CCNc1nc2ccccc2[nH]1,0.002354
N[C@@H](CC(=O)O)CN1CCCC(N(CCBr)c2cc(F)c(F)cc2O)C1,0.368811,N[C@@H](CC(=O)O)CN1CCCC(N(C(=O)CBr)c2cc(F)c(F)cc2O)C1,0.390204
CNCCN(Cc1cccc(OC)c1)C[C@H](N)CS,0.042511,CNCC(=O)N(Cc1cccc(OC)c1)C[C@H](N)CS,0.0105
C[C@H](N)CN(CC=O)c1cc(F)c(F)cc1O,0.008528,C[C@H](N)C(=O)N(CC=O)c1cc(F)c(F)cc1O,0.003901
COc1cccc(CNCCCN(CCO)C2CN(Cc3c[nH]c4ccc(Br)cc34)C2)c1,0.999984,COc1cccc(CN(CCCNC2CN(Cc3c[nH]c4ccc(Br)cc34)C2)C(=O)CO)c1,0.878918
CC[C@@H](CN(CC(=O)O)Cc1cccnc1)N(Cc1c[nH]c2cc(Br)ccc12)CC1CCN1,0.896431,CC[C@@H](CN(CC(=O)N1CCC1C(=O)O)Cc1cccnc1)NCc1c[nH]c2cc(Br)ccc12,0.535571
C[C@H](N)CN1CCC1CNc1ccc(Br)cc1O,0.338609,C[C@H](N)CN1CCC1C(=O)Nc1ccc(Br)cc1O,0.007416
N#Cc1ccc(O)c(NCC2(NC3CCN(CCCN)CC3)CCC2)c1,0.75823,N#Cc1ccc(O)c(NC(=O)C2(NC3CCN(CCCN)CC3)CCC2)c1,0.441359
COc1ccccc1CCNCCN1CC(N(Cc2c[nH]c3ccc(Br)cc23)[C@@H](CS)C(=O)O)C1,0.988979,COc1ccccc1CCNC(=O)CN1CC(N(Cc2c[nH]c3ccc(Br)cc23)[C@@H](CS)C(=O)O)C1,0.563436
O=C1CCN(CCNc2cc(F)ccc2C(CCl)N2CC(=O)C2)C1,0.11983,O=C1CCN(C(=O)CNc2cc(F)ccc2C(CCl)N2CC(=O)C2)C1,0.039347
CNCCNCCC(=O)Oc1c(N)cccc1Br,0.063782,CNCC(=O)NCCC(=O)Oc1c(N)cccc1Br,0.002598
CNCCN1CC(N(CCCN)c2ccccc2O)C1,0.143317,CN(CCN1CC(Nc2ccccc2O)C1)C(=O)CCN,0.09432
NCCCN(CCc1c[nH]c2ccccc12)CC1CCN1CC1CCN1c1ccc(N)cc1,0.992719,NCCC(=O)N(CCc1c[nH]c2ccccc12)CC1CCN1CC1CCN1c1ccc(N)cc1,0.914314
Brc1ccc(NC[C@H]2CCCN2CC2CCN2)cc1,0.588466,O=C(Nc1ccc(Br)cc1)[C@H]1CCCN1CC1CCN1,0.078983
N#Cc1cc(Br)cc(NCCNC2CCN(CC3(N)CCC3)C2)c1,0.67011,N#Cc1cc(Br)cc(NC(=O)CNC2CCN(CC3(N)CCC3)C2)c1,0.350877
CNCCN(CCN(C)C[C@@H]1CCCN1)c1c(N)cccc1Br,0.5,CNCCN(CCN(C)C(=O)[C@@H]1CCCN1)c1c(N)cccc1Br,0.045644
NCCN(CCc1c[nH]c2ccc(O)cc12)C[C@H]1CCCN1CC[C@@H](N)C(=O)Oc1ccccc1CN,0.9546,NCC(=O)N(CCc1c[nH]c2ccc(O)cc12)C[C@H]1CCCN1CC[C@@H](N)C(=O)Oc1ccccc1CN,0.717364
CC(C)(N)CNC1CC1,0.014952,CC(C)(N)C(=O)NC1CC1,0.002579
CC[C@@H](CNc1cc(F)c(F)cc1O)N(CCN)CCC=O,0.386137,CC[C@@H](C(=O)Nc1cc(F)c(F)cc1O)N(CCN)CCC=O,0.049155
N[C@H](CCN1CCC(=O)C1)CN(C[C@H]1CCCN1)c1ccc(Br)cc1,0.311916,N[C@H](CCN1CCC(=O)C1)CN(C(=O)[C@H]1CCCN1)c1ccc(Br)cc1,0.910181
C[C@@H](CNc1c(N)cccc1Br)NC[C@@H]1CCCN1,0.219926,C[C@H](NC[C@@H]1CCCN1)C(=O)Nc1c(N)cccc1Br,0.045895
COc1cccc(CN(CCNc2ccc(Br)cc2O)CCN2CC(=O)C2)c1,0.59394,COc1cccc(CN(CCN2CC(=O)C2)CC(=O)Nc2ccc(Br)cc2O)c1,0.030649
O=C(O)[C@H](CCNc1ccccc1S)NC1CN(C[C@H]2CCCN2)C1,0.273953,O=C(O)[C@H](CCN(C(=O)[C@H]1CCCN1)c1ccccc1S)NC1CNC1,0.191136
C[C@H](c1ccccc1)N(CCNc1cccc(Br)c1N)C[C@H]1CCCN1CC1CCN1,0.842412,C[C@H](c1ccccc1)N(CCN(C(=O)C1CCN1)c1cccc(Br)c1N)C[C@H]1CCCN1,0.712962
CC(C)C[C@@H](N)CN(C[C@@H](N)CCCNc1cc(F)c(F)cc1O)C1CC1,0.5,CC(C)C[C@@H](N)CN(C[C@@H](N)CCC(=O)Nc1cc(F)c(F)cc1O)C1CC1,0.298916
CC(C)CNCCNCCNC[C@@H](N)CCCNc1ccccc1S,0.048832,CC(C)CNCCNCCNC[C@@H](N)CCC(=O)Nc1ccccc1S,0.036739
C[C@@H](N)CN1CCC(C(=O)OCc2cccc(F)c2)CC1,0.026875,C[C@@H](N)C(=O)N1CCC(C(=O)OCc2cccc(F)c2)CC1,0.001681
COc1ccc(O)c(NCC2(N)CCC2)c1,0.06789,COc1ccc(O)c(NC(=O)C2(N)CCC2)c1,0.001571
Nc1ccccc1CN1CCC[C@@H]1C(=O)O,0.00919,Nc1ccccc1C(=O)N1CCC[C@@H]1C(=O)O,0.000736
O=C(O)CN(c1cc(F)ccc1O)C1CCCN(C[C@H]2CCCN2)C1,0.7468,O=C(O)CN(c1cc(F)ccc1O)C1CCCN(C(=O)[C@H]2CCCN2)C1,0.025748
COc1ccccc1CCNCCNC1CCC1,0.463314,COc1ccccc1CCNC(=O)CNC1CCC1,0.017745
N[C@@H](CCNC1CC1)CNc1ccccc1S,0.476371,N[C@H](CNc1ccccc1S)CC(=O)NC1CC1,0.041161
NCCCN(CCN1CC(=O)C1)Cc1cccc(Br)c1,0.02382,NCCC(=O)N(CCN1CC(=O)C1)Cc1cccc(Br)c1,0.01486
C[C@H](NC[C@@H]1CCCN1)C(=O)O,0.008917,C[C@H](NC(=O)[C@@H]1CCCN1)C(=O)O,0.002085
NCCN[C@H](CO)CN(c1ccc(Br)cc1O)C1CN(Cc2c[nH]c3ccc(Br)cc23)C1,0.989231,NCC(=O)N[C@H](CO)CN(c1ccc(Br)cc1O)C1CN(Cc2c[nH]c3ccc(Br)cc23)C1,0.940847
CNCCN[C@@H](CO)CN1CCC(N(Cc2c[nH]c3ccc(F)cc23)c2ccc(F)nc2Br)C1,0.921057,CNCC(=O)N[C@@H](CO)CN1CCC(N(Cc2c[nH]c3ccc(F)cc23)c2ccc(F)nc2Br)C1,0.867301
COc1cccc2c1CCN=C2CC[C@H](CN1CCC[C@H]1CO)N(CCN)Cc1c[nH]c2cc(Br)ccc12,0.946336,COc1cccc2c1CCN=C2CC[C@H](CN1CCC[C@H]1CO)N(Cc1c[nH]c2cc(Br)ccc12)C(=O)CN,0.757643
Fc1cccc(CNCCN2CCN(Cc3c[nH]c4ccc(Br)cc34)CC2)c1F,0.94925,O=C(NCCN1CCN(Cc2c[nH]c3ccc(Br)cc23)CC1)c1cccc(F)c1F,0.913016
COc1ccccc1CCN(C[C@H]1CCCN1)C1CCNCC1,0.588309,COc1ccccc1CCN(C(=O)[C@H]1CCCN1)C1CCNCC1,0.029456
Nc1ccc(Br)cc1NC1CN(CC2CNC2)C1,0.186958,Nc1ccc(Br)cc1N(C(=O)C1CNC1)C1CNC1,0.086044
NCCCNC12CC(C1)C2,0.024349,NCCC(=O)NC12CC(C1)C2,0.004196
NCCCN1CCC[C@@H]1C(=O)O,0.014949,NCCC(=O)N1CCC[C@@H]1C(=O)O,0.004681
Nc1ccc(N2CCC2CNCCc2c[nH]c3ccccc23)cc1,0.840038,Nc1ccc(N2CCC2C(=O)NCCc2c[nH]c3ccccc23)cc1,0.031156
C[C@@H](N)CN(CC[C@H](N)CN(CCc1ccncc1)Cc1c[nH]c2cc(Br)ccc12)C1CC1,0.983117,C[C@@H](N)C(=O)N(CC[C@H](N)CN(CCc1ccncc1)Cc1c[nH]c2cc(Br)ccc12)C1CC1,0.776021
N#Cc1cc(Br)cc(N(CC2CCN2)C2CCN(C[C@H]3CCCN3)C2)c1,0.807573,N#Cc1cc(Br)cc(N(CC2CCN2)C2CCN(C(=O)[C@H]3CCCN3)C2)c1,0.064039
O=CCCN1CCC[C@H]1CNc1ccc(Br)cc1,0.114162,O=CCCN1CCC[C@H]1C(=O)Nc1ccc(Br)cc1,0.005354
CC[C@@H](CN1CCC(=O)CC1)NCCN,0.046925,CC[C@H](NCCN)C(=O)N1CCC(=O)CC1,0.003617
Oc1cc(F)c(F)cc1N(CC1CCNCC1)C1CCN(Cc2ccc(F)cc2)CC1,0.973566,O=C(C1CCNCC1)N(c1cc(F)c(F)cc1O)C1CCN(Cc2ccc(F)cc2)CC1,0.823862
NCCCN1CCC1CN1CCC(N(CCc2c[nH]c3ccccc23)c2ccc(C(=O)O)cc2)C1,0.966107,NCCC(=O)N1CCC1CN1CCC(N(CCc2c[nH]c3ccccc23)c2ccc(C(=O)O)cc2)C1,0.810564
O=Cc1c[nH]c2cc(N(CCc3ccccc3Br)C3CCCN(C[C@@H]4CCCNC4)C3)ccc12,0.995998,O=Cc1c[nH]c2cc(N(CCc3ccccc3Br)C3CCCN(C(=O)[C@@H]4CCCNC4)C3)ccc12,0.177451
CNCCN(CCNC)c1cc(F)ccc1O,0.216471,CNCC(=O)N(C)CCNc1cc(F)ccc1O,0.025836
C[C@H](N)CN(Cc1c[nH]c2cc(Br)ccc12)[C@H](CCCNCCc1ccc(O)cc1)C(=O)O,0.988801,C[C@H](N)CN(Cc1c[nH]c2cc(Br)ccc12)[C@H](CCC(=O)NCCc1ccc(O)cc1)C(=O)O,0.632682
C[C@H](N)CN1CC(=O)C1,0.007976,C[C@H](N)C(=O)N1CC(=O)C1,0.001672
COc1ccccc1CNC[C@@H]1CCCN1C1CCCN(Cc2c[nH]c3cc(Br)ccc23)C1,0.991692,COc1ccccc1CNC(=O)[C@@H]1CCCN1C1CCCN(Cc2c[nH]c3cc(Br)ccc23)C1,0.970845
CNCCN(C[C@H](C)N)c1cc(CN(C)CCNCCc2ccccc2Br)ccc1O,0.909485,CNCC(=O)N(CCc1ccccc1Br)CCN(C)Cc1ccc(O)c(NC[C@H](C)N)c1,0.330058
c1ccc(CCNCCNc2cccc3cc[nH]c23)cc1,0.30764,O=C(CNCCc1ccccc1)Nc1cccc2cc[nH]c12,0.07124
C[C@H](N)CN1CCC(C(=O)O)CC1,0.025337,C[C@H](N)C(=O)N1CCC(C(=O)O)CC1,0.002991
CN(CCNC1CC1)CCC1NCCc2ccc(O)cc21,0.953747,CN(CCC1NCCc2ccc(O)cc21)CC(=O)NC1CC1,0.86204
Oc1ccc(CCNCCN(CC2CCNCC2)c2cccc3cc[nH]c23)cc1,0.975463,O=C(CN(CC1CCNCC1)c1cccc2cc[nH]c12)NCCc1ccc(O)cc1,0.536525
COc1ccccc1CN(CCCN)C1CCCN(C[C@@H](N)Cc2c[nH]c3ccccc23)C1,0.978259,COc1ccccc1CN(C(=O)CCN)C1CCCN(C[C@@H](N)Cc2c[nH]c3ccccc23)C1,0.880928
CC[C@@H](CNc1cc(C#N)ccc1O)N(Cc1ccc(N)c(Br)c1)C[C@H]1CCCN1,0.944777,CC[C@@H](CN(C(=O)c1ccc(N)c(Br)c1)c1cc(C#N)ccc1O)NC[C@H]1CCCN1,0.688723
CNCCN1CCC[C@@H]1C(=O)O,0.009834,CN(CC(=O)O)C(=O)[C@H]1CCCN1,0.002485
C=CCNC[C@@H](C)NC[C@H]1CCCN1,0.021273,C=CCNC(=O)[C@@H](C)NC[C@H]1CCCN1,0.005809
CNCCN(Cc1c[nH]c2cc(Br)ccc12)c1cc(Br)ccc1NC[C@H]1CCCN1CCCN,0.977999,CN(CCN(Cc1c[nH]c2cc(Br)ccc12)c1cc(Br)ccc1NC[C@H]1CCCN1)C(=O)CCN,0.575923
O=C(O)CN(CC1CCNCC1)c1cccc(Br)c1O,0.027398,O=C(O)C1CCN(C(=O)CNc2cccc(Br)c2O)CC1,0.004689
Oc1ccc(CNCC2CCN(CC3CCN3)CC2)cc1,0.842783,O=C(NCc1ccc(O)cc1)C1CCN(CC2CCN2)CC1,0.292233
C[C@@H](O)CNCC1(N)CCC1,0.015626,C[C@@H](O)CNC(=O)C1(N)CCC1,0.002048
C=CCN(Cc1c[nH]c2ccc(Br)cc12)[C@H](CS)CN(CCCCN)C(CCl)c1ccc(Br)cc1,0.987488,C=CC(=O)N(Cc1c[nH]c2ccc(Br)cc12)[C@H](CS)CN(CCCCN)C(CCl)c1ccc(Br)cc1,0.919323
N[C@H](Cc1ccc(O)cc1)CN1CCC[C@H]1C(=O)O,0.218925,N[C@H](Cc1ccc(O)cc1)C(=O)N1CCC[C@H]1C(=O)O,0.032292
O=Cc1cccc(NCCN2CCCC(=O)C2)c1,0.010922,O=Cc1cccc(NCC(=O)N2CCCC(=O)C2)c1,0.000429
C[C@H](N)CNc1ccc(N(C2CCC2)C2CCN(CC3CCNCC3)C2)cc1,0.27778,C[C@H](N)C(=O)Nc1ccc(N(C2CCC2)C2CCN(CC3CCNCC3)C2)cc1,0.13634
C[C@H](CN1CCC[C@@H]1CNCCCO)Nc1cc(Br)ccn1,0.624537,C[C@H](CN1CCC[C@@H]1C(=O)NCCCO)Nc1cc(Br)ccn1,0.218567
C=CCN1CCC[C@@H](CN(C[C@H]2CCCN2Cc2c[nH]c3cc(Br)ccc23)c2cc(Br)ccc2N)C1,0.983728,C=CC(=O)N1CCC[C@@H](CN(C[C@H]2CCCN2Cc2c[nH]c3cc(Br)ccc23)c2cc(Br)ccc2N)C1,0.740077
Oc1ccccc1N(Cc1ccncc1)C1CCN(CC2CCN2)CC1,0.948167,O=C(C1CCN1)N1CCC(N(Cc2ccncc2)c2ccccc2O)CC1,0.082345
Fc1ccc2oc([C@@H]3CCCN3C[C@H]3CCCN3)nc2c1,0.600923,O=C([C@H]1CCCN1)N1CCC[C@H]1c1nc2cc(F)ccc2o1,0.025063
NCCN(CCc1c[nH]c2ccccc12)C1CCN(C[C@H](N)Cc2ccc(O)cc2)C1,0.984912,NCC(=O)N(CCc1c[nH]c2ccccc12)C1CCN(C[C@H](N)Cc2ccc(O)cc2)C1,0.9527
CNCCN1CCC(CNCCc2ccccc2OC)CC1,0.610299,CNCCN1CCC(C(=O)NCCc2ccccc2OC)CC1,0.078766
CNCCNCCCN(CCc1ccccc1OC)c1cc(F)ccc1C(=O)CCl,0.93151,CNCCNCCC(=O)N(CCc1ccccc1OC)c1cc(F)ccc1C(=O)CCl,0.617173
C[C@@H](NCc1cccc(F)c1F)c1ccccc1,0.014863,C[C@@H](NC(=O)c1cccc(F)c1F)c1ccccc1,0.001337
CN(CCN(CCC(=O)O)c1cc(F)c(F)cc1O)C1CN(C[C@H](N)Cc2c[nH]c3ccccc23)C1,0.973418,CN(CCN(CCC(=O)O)c1cc(F)c(F)cc1O)C1CN(C(=O)[C@H](N)Cc2c[nH]c3ccccc23)C1,0.930216
NCCCN1CCC[C@H]1CNc1ccccn1,0.5,NCCCN1CCC[C@H]1C(=O)Nc1ccccn1,0.096414
C[C@H](N)CNC1CC1,0.015577,C[C@H](N)C(=O)NC1CC1,0.00374
COc1cccc(CN(Cc2cccc(Br)c2)C[C@@H]2CCCN2)c1,0.917512,COc1cccc(CN(Cc2cccc(Br)c2)C(=O)[C@@H]2CCCN2)c1,0.0925
CN(CCN1CCC1CNCCc1c[nH]c2ccccc12)Cc1ccc(F)cc1,0.999996,CN(CCN1CCC1C(=O)NCCc1c[nH]c2ccccc12)Cc1ccc(F)cc1,0.968624
Oc1cc(F)c(F)cc1NCCCNCc1cccc(Br)c1,0.236087,O=C(CCNCc1cccc(Br)c1)Nc1cc(F)c(F)cc1O,0.015126
COc1ccccc1CN(Cc1c[nH]c2cc(Br)ccc12)C1CCN(C[C@H](C)NCCN)CC1,0.988378,COc1ccccc1CN(Cc1c[nH]c2cc(Br)ccc12)C1CCN(C[C@H](C)NC(=O)CN)CC1,0.96642
COc1ccccc1CCN(CCCN(Cc1c[nH]c2cc(Br)ccc12)C[C@@H](C)N)C[C@H](C)N,0.978526,COc1ccccc1CCN(CCCN(Cc1c[nH]c2cc(Br)ccc12)C[C@@H](C)N)C(=O)[C@H](C)N,0.866635
CN(CCNCCc1c[nH]c2ccccc12)C[C@@H]1CCCN1,0.903089,CN(CCNCCc1c[nH]c2ccccc12)C(=O)[C@@H]1CCCN1,0.359399
O=C(O)CCNCCCNCc1c[nH]c2cc(Br)ccc12,0.5,O=C(O)CCNC(=O)CCNCc1c[nH]c2cc(Br)ccc12,0.020056
O=C(O)c1ccc(O)c(NC2CCN(CC3CCN3)C2)c1,0.261328,O=C(O)C1CCN1C(=O)c1ccc(O)c(NC2CCNC2)c1,0.034603
Nc1ccc(Br)cc1NCCCNC1CCNC1,0.203058,Nc1cc(Br)ccc1NC(=O)CCNC1CCNC1,0.03724
O=C(O)C1CN(CC2CNC2)C1,0.014256,O=C(O)C1CN(C(=O)C2CNC2)C1,0.003223
N[C@@H](CS)CNc1cc(F)ccc1O,0.044596,N[C@@H](CS)C(=O)Nc1cc(F)ccc1O,0.00262
N[C@H](CCC(=O)O)CNC1CC1,0.009449,N[C@H](CCC(=O)NC1CC1)C(=O)O,0.002765
O=C(O)CCNCC1CCN1,0.015784,O=C(O)CCNC(=O)C1CCN1,0.002275
Oc1ccccc1NC(CBr)CN1CCC1CNc1cccc2cc[nH]c12,0.42775,O=C(Nc1cccc2cc[nH]c12)C1CCN1CC(CBr)Nc1ccccc1O,0.048988
Nc1c(Br)cccc1N(C[C@H]1CCCN1)C1CCNCC1,0.188301,Nc1c(Br)cccc1N(C(=O)[C@H]1CCCN1)C1CCNCC1,0.121602
COc1ccc(O)c(NC[C@H](C)N)c1,0.041241,COc1ccc(O)c(NC(=O)[C@H](C)N)c1,0.001886
N[C@@H](CS)CN1CCc2c(Br)cccc2C1C(=O)O,0.072062,N[C@@H](CS)C(=O)N1CCc2c(Br)cccc2C1C(=O)O,0.000862
C=CCN[C@@H](Cc1ccc(O)cc1)CN(CC(C)C)C(CCl)c1ccc(F)cc1,0.773373,C=CC(=O)N[C@@H](Cc1ccc(O)cc1)CN(CC(C)C)C(CCl)c1ccc(F)cc1,0.263235
COc1ccccc1CCNC[C@@H](C)N,0.373094,COc1ccccc1CCNC(=O)[C@@H](C)N,0.002928
COc1ccccc1CCNCCCN(CCN)CCCO,0.672201,COc1ccccc1CCNC(=O)CCN(CCN)CCCO,0.120928
CN(CCN(CC1CNC1)c1cccc2cc[nH]c12)C[C@@H](N)Cc1ccc(O)cc1,0.967716,CN(CCN(C(=O)C1CNC1)c1cccc2cc[nH]c12)C[C@@H](N)Cc1ccc(O)cc1,0.963723
O=CCN(c1ccc(Br)cc1)C1CCNCC1,0.009605,O=CC(=O)N(c1ccc(Br)cc1)C1CCNCC1,0.004551
O=C1CN(C[C@@H](CS)NCc2cccc(Br)c2)C1,0.004258,O=C1CN(C(=O)[C@@H](CS)NCc2cccc(Br)c2)C1,0.000275
CC[C@H](N)CN(c1cccc2cc[nH]c12)C1CCNC1,0.560519,CC[C@H](N)C(=O)N(c1cccc2cc[nH]c12)C1CCNC1,0.166523
N[C@@H](CS)CNc1ccc(Br)cc1,0.007967,N[C@@H](CS)C(=O)Nc1ccc(Br)cc1,0.000362
CC[C@H](N)CNC1CC1,0.017381,CC[C@H](N)C(=O)NC1CC1,0.003763
CCCN(CCCN)c1ccc(CN2CCC[C@H]2CNCCc2c[nH]c3ccccc23)cc1Br,0.96957,CCCN(C(=O)CCN)c1ccc(CN2CCC[C@H]2CNCCc2c[nH]c3ccccc23)cc1Br,0.876685
Nc1ccc(CN(CCc2ccc(O)cc2)C[C@@H]2CCCN2CC(=O)CBr)cc1Br,0.9323,Nc1ccc(CN(CCc2ccc(O)cc2)C[C@@H]2CCCN2C(=O)C(=O)CBr)cc1Br,0.347992
NCCCN(C1CC1)C1CCCN(c2ccccn2)C1,0.573572,NCCC(=O)N(C1CC1)C1CCCN(c2ccccn2)C1,0.018283
O=C1CN(C2CCCN(Cc3ccc(F)cc3)C2)C1,0.025304,O=C1CN(C2CCCN(C(=O)c3ccc(F)cc3)C2)C1,0.008708
Oc1ccc(CNCC2CCN2Cc2c[nH]c3ccc(S)cc23)cc1,0.943299,O=C(NCc1ccc(O)cc1)C1CCN1Cc1c[nH]c2ccc(S)cc12,0.322003
COc1ccccc1CCN(Cc1ccc(O)c(N)c1)C[C@H]1CCCN1,0.99072,COc1ccccc1CCN(Cc1ccc(O)c(N)c1)C(=O)[C@H]1CCCN1,0.450457
COc1ccccc1CCN(CCCNCCN)C1CCC1,0.782634,COc1ccccc1CCN(CCCNC(=O)CN)C1CCC1,0.209012
CC[C@@H](CN1CCC[C@@H]1CN(Cc1c[nH]c2ccc(Br)cc12)c1ccc(Br)cc1N)NCCCN,0.989859,CC[C@@H](CN1CCC[C@@H]1CN(Cc1c[nH]c2ccc(Br)cc12)c1ccc(Br)cc1N)NC(=O)CCN,0.971436
Oc1ccc(CNCCBr)cc1,0.106692,O=C(CBr)NCc1ccc(O)cc1,0.002311
NCCCCN(CCCN)C1CCC1,0.051295,NCCCCN(C(=O)CCN)C1CCC1,0.004118
CN(CCN(C[C@@H]1CCCN1)c1ccccc1O)CC1CCN1,0.475757,CN(CCN(C(=O)[C@@H]1CCCN1)c1ccccc1O)CC1CCN1,0.804902
CCCN(CCc1ccccc1)C[C@H](CCCNCCc1ccccc1Br)NCc1ccc(N)c(Br)c1,0.602583,CCCN(CCc1ccccc1)C[C@H](CCCNCCc1ccccc1Br)NC(=O)c1ccc(N)c(Br)c1,0.644197
Oc1cc(F)c(F)cc1N(C[C@H]1CCCN1CCBr)C[C@@H]1CCCN1Cc1c[nH]c2cc(Br)ccc12,0.924433,O=C(CBr)N1CCC[C@@H]1CN(C[C@@H]1CCCN1Cc1c[nH]c2cc(Br)ccc12)c1cc(F)c(F)cc1O,0.880599
C[C@@H](N)CN(C[C@H]1CCCN1)c1ccccc1O,0.083934,C[C@@H](N)CN(C(=O)[C@H]1CCCN1)c1ccccc1O,0.274502
C[C@@H](N)CNC1(C(=O)O)CCC1,0.005755,C[C@@H](N)C(=O)NC1(C(=O)O)CCC1,0.001437
Brc1ccc(NC[C@@H]2CCCN2)cc1,0.018659,O=C(Nc1ccc(Br)cc1)[C@@H]1CCCN1,0.00118
C[C@@H](O)CN1CCCC(N(CC2CCN2)c2cccc3cc[nH]c23)C1,0.803493,C[C@@H](O)CN1CCCC(N(C(=O)C2CCN2)c2cccc3cc[nH]c23)C1,0.713684
Nc1ccc(N(CC2CCN2C[C@H]2CCCN2)C2CC2)cc1O,0.665399,Nc1ccc(N(CC2CCN2C(=O)[C@H]2CCCN2)C2CC2)cc1O,0.032351
C#Cc1ccc2[nH]cc(CN(CCCNCC3CCN3)Cc3cccc(OC)c3)c2c1,0.955843,C#Cc1ccc2[nH]cc(CN(CCCNC(=O)C3CCN3)Cc3cccc(OC)c3)c2c1,0.581734
CNCCN1CCC(CNc2cccc(Br)c2N)CC1,0.189875,CNCC(=O)N(CC1CCNCC1)c1cccc(Br)c1N,0.129767
NCCCN(c1cc(Br)ccc1N)C1CNC1,0.131284,NCCC(=O)N(c1cc(Br)ccc1N)C1CNC1,0.072102
CC[C@@H](CNc1ccc(Br)cc1O)N(CC1CCNCC1)C(CCl)c1ccc(Br)cc1,0.905538,CC[C@@H](CN(C(=O)C1CCNCC1)c1ccc(Br)cc1O)NC(CCl)c1ccc(Br)cc1,0.522372
COc1cccc(CNCC(=O)CBr)c1,0.002027,COc1cccc(CNC(=O)C(=O)CBr)c1,9.1e-05
Sc1ccccc1NCC1CNC1,0.428826,O=C(Nc1ccccc1S)C1CNC1,0.019761
N[C@H](Cc1ccccc1)CN(CCc1ccc(O)cc1)C1CCCN(CCC=O)C1,0.827359,N[C@H](Cc1ccccc1)C(=O)N(CCc1ccc(O)cc1)C1CCCN(CCC=O)C1,0.489568
BrCCN(CCc1c[nH]c2ccccc12)C[C@@H]1CCCN1,0.818207,O=C([C@@H]1CCCN1)N(CCBr)CCc1c[nH]c2ccccc12,0.177457
CN(CCN(CCN)c1ccc(Br)cc1O)Cc1ccc(N)c(O)c1,0.854631,CN(CCN(C(=O)CN)c1ccc(Br)cc1O)Cc1ccc(N)c(O)c1,0.75449
NCCN1CCN(c2ccc(N(Cc3c[nH]c4cc(Br)ccc34)C3CCN(CCO)C3)cc2)CC1,0.969399,NCCN1CCN(c2ccc(N(Cc3c[nH]c4cc(Br)ccc34)C3CCN(C(=O)CO)C3)cc2)CC1,0.934387
O=CCCN1CCC[C@H]1CNCCc1ccc(O)cc1,0.980629,O=CCCN1CCC[C@H]1C(=O)NCCc1ccc(O)cc1,0.420685
Nc1cc(Br)ccc1N(CCBr)CCC1c2cccc(Br)c2CCN1CC1CCN1,0.994002,Nc1cc(Br)ccc1N(CCC1c2cccc(Br)c2CCN1CC1CCN1)C(=O)CBr,0.983923
NCCCN[C@@H](CCCN)CN1CCc2ccc(O)cc2C1c1c[nH]c2ccc(Cl)cc12,0.993662,NCCC(=O)NCCC[C@H](N)CN1CCc2ccc(O)cc2C1c1c[nH]c2ccc(Cl)cc12,0.978788
O=C1CCCN(CCCNCc2c[nH]c3cc(Br)ccc23)C1,0.781246,O=C1CCCN(C(=O)CCNCc2c[nH]c3cc(Br)ccc23)C1,0.02351
CC(C)C[C@H](CNc1cc(F)ccc1O)NC[C@H]1CCCN1,0.153844,CC(C)C[C@@H](NC[C@H]1CCCN1)C(=O)Nc1cc(F)ccc1O,0.049095
NCCCN(CCc1ccccc1)CC1CCNCC1,0.457258,NCCC(=O)N(CCc1ccccc1)CC1CCNCC1,0.025563
C[C@H](c1ccccc1)N(CCCN1CCC(CNC2CC2)CC1)Cc1c[nH]c2cc(Br)ccc12,0.987157,C[C@H](c1ccccc1)N(CCCN1CCC(C(=O)NC2CC2)CC1)Cc1c[nH]c2cc(Br)ccc12,0.966635
O=CCCN(CCCN(CC1CCNCC1)c1cccc2cc[nH]c12)Cc1ccc(F)cc1,0.988368,O=CCCN(CCCN(C(=O)C1CCNCC1)c1cccc2cc[nH]c12)Cc1ccc(F)cc1,0.883254
NCCCN1CCC(N(c2ccccc2S)C2CN(Cc3c[nH]c4ccc(F)cc34)C2)C1,0.996995,NCCC(=O)N1CCC(N(c2ccccc2S)C2CN(Cc3c[nH]c4ccc(F)cc34)C2)C1,0.977822
Fc1ccc(C(CCl)N(CCBr)c2ccc(CN(C[C@@H]3CCCNC3)C3CC3)cc2Br)cc1,0.929024,O=C(CBr)N(c1ccc(CN(C[C@@H]2CCCNC2)C2CC2)cc1Br)C(CCl)c1ccc(F)cc1,0.786003
Nc1c(F)cccc1CN(CC1CCN1CCC(=O)O)C1CC1,0.359695,Nc1c(F)cccc1C(=O)N(CC1CCN1CCC(=O)O)C1CC1,0.217626
C=CCN1CC(CN(CCc2ccc(O)cc2)C2CCCN(Cc3c[nH]c4ccc(F)cc34)C2)C1,0.871254,C=CC(=O)N1CC(CN(CCc2ccc(O)cc2)C2CCCN(Cc3c[nH]c4ccc(F)cc34)C2)C1,0.908322
Nc1ccc(CN2CCC[C@@H]2CN(CCc2ccccc2Br)Cc2cccc(F)c2N)cc1I,0.911201,Nc1ccc(CN2CCC[C@@H]2CN(CCc2ccccc2Br)C(=O)c2cccc(F)c2N)cc1I,0.712357
COc1ccc(O)c(NC2CN(CCCN(Cc3c[nH]c4cc(Br)ccc34)CC3CCN3)C2)c1,0.987681,COc1ccc(O)c(N(C(=O)C2CCN2)C2CN(CCCNCc3c[nH]c4cc(Br)ccc34)C2)c1,0.979358
NC1(CN2CCCC(N(c3cc(Br)ccc3O)C3CCN(Cc4c[nH]c5ccc(F)cc45)C3)C2)CCC1,0.965803,NC1(C(=O)N2CCCC(N(c3cc(Br)ccc3O)C3CCN(Cc4c[nH]c5ccc(F)cc45)C3)C2)CCC1,0.670958
NCCCN(CCNC[C@H]1CCCN1)Cc1ccc(O)cc1,0.483076,NCCCN(CCNC(=O)[C@H]1CCCN1)Cc1ccc(O)cc1,0.116779
COc1ccccc1CCNC[C@@H](N)CCCNC[C@@H](C)N,0.320664,COc1ccccc1CCNC(=O)[C@@H](N)CCCNC[C@@H](C)N,0.06109
Brc1ccc2[nH]cc(CNCCNc3cccnc3Br)c2c1,0.204987,O=C(CNCc1c[nH]c2ccc(Br)cc12)Nc1cccnc1Br,0.075962
Oc1ccc(Br)cc1NCCCN(C[C@@H]1CCCN1)C1CCN(C(CCl)c2ccc(Br)cc2)C1,0.950575,O=C([C@@H]1CCCN1)N(CCCNC1CCN(C(CCl)c2ccc(Br)cc2)C1)c1cc(Br)ccc1O,0.882292
Brc1cccc(C2c3cccc(Br)c3CCN2C2CCN(C[C@H]3CCCN3)C2)c1,0.986509,O=C([C@H]1CCCN1)N1CCC(N2CCc3c(Br)cccc3C2c2cccc(Br)c2)C1,0.864265
CNCCN(Cc1ccc(F)cc1)c1ccc(CN2CCC[C@H](O)C2)cc1Br,0.884883,CNCCN(Cc1ccc(F)cc1)c1ccc(C(=O)N2CCC[C@H](O)C2)cc1Br,0.064667
CN(CCN(Cc1ccc(N)c(Cl)c1)C1CC1)C[C@H]1CCCN1,0.810302,CN(CCN(Cc1ccc(N)c(Cl)c1)C1CC1)C(=O)[C@H]1CCCN1,0.352919
Nc1ccc(N(CCc2ccc(O)cc2)C[C@@H]2CCCN2)cc1,0.535081,Nc1ccc(N(CCc2ccc(O)cc2)C(=O)[C@@H]2CCCN2)cc1,0.526422
NCCCN(C[C@H](N)CS)[C@H](CCC(=O)O)C(=O)O,0.01221,NCCCN(C(=O)[C@H](N)CS)[C@H](CCC(=O)O)C(=O)O,0.004353
C[C@H](NC[C@H]1CCCN1)C(=O)Oc1ccc(CN)cc1,0.03462,C[C@H](N)C(=O)Oc1ccc(CNC(=O)[C@H]2CCCN2)cc1,0.001408
Oc1cc(Br)ccc1N(Cc1ccc(F)cc1)C1CCCN(C2CCNCC2)C1,0.988944,O=C(c1ccc(F)cc1)N(c1ccc(Br)cc1O)C1CCCN(C2CCNCC2)C1,0.986701
CC[C@@H](CNc1ccccc1O)N(CC1CCN1)C1CNC1,0.572774,CC[C@@H](C(=O)Nc1ccccc1O)N(CC1CCN1)C1CNC1,0.189998
Oc1ccccc1NCC1CNC1,0.428826,O=C(Nc1ccccc1O)C1CNC1,0.019761
NCCCCNCCNCC1CCN1,0.029237,NCCCCNC(=O)CNCC1CCN1,0.010701
BrCCNc1cccc2cc[nH]c12,0.027578,O=C(CBr)Nc1cccc2cc[nH]c12,0.002452
C#CCNCCC[C@@H](CN1CCC1CNc1ccccc1O)NCc1c[nH]c2cc(Br)ccc12,0.968227,C#CCNC(=O)CC[C@@H](CN1CCC1CNc1ccccc1O)NCc1c[nH]c2cc(Br)ccc12,0.929857
O=C(O)CCN(Cc1c[nH]c2cc(Br)ccc12)C[C@H]1CCCN1,0.376517,O=C(O)CCN(Cc1c[nH]c2cc(Br)ccc12)C(=O)[C@H]1CCCN1,0.124334
CNCCN(C[C@H](CO)N(Cc1c[nH]c2cc(Br)ccc12)C1CCNC1)c1cc(F)ccc1O,0.949876,CNCC(=O)N(C[C@H](CO)N(Cc1c[nH]c2cc(Br)ccc12)C1CCNC1)c1cc(F)ccc1O,0.920243
CNCCN(C[C@@H]1CCCN1)c1cc(F)c(F)cc1O,0.33089,CNCC(=O)N(C[C@@H]1CCCN1)c1cc(F)c(F)cc1O,0.204705
Nc1cccc(Br)c1N(C1CCC1)C1CN(C[C@H]2CCCN2)C1,0.754642,Nc1cccc(Br)c1N(C1CCC1)C1CN(C(=O)[C@H]2CCCN2)C1,0.045006
CNCCNCCCNC1(C(=O)O)CCC1,0.012091,CNCCNCCC(=O)NC1(C(=O)O)CCC1,0.003442
O=C(O)C(CBr)N1CCC[C@H]1CNCCc1ccccc1Br,0.18857,O=C(NCCc1ccccc1Br)C(CBr)N1CCC[C@H]1C(=O)O,0.006015
C=CCN(C[C@@H]1CCCN1CC1CCN1)c1cc(OC)ccc1O,0.719673,C=CCN(C[C@@H]1CCCN1C(=O)C1CCN1)c1cc(OC)ccc1O,0.011952
Brc1cccc(CN(C[C@@H]2CCCN2CC2CCN2CC2CCN2)c2cccc3cc[nH]c23)c1,0.994834,O=C(C1CCN1)N1CCC1CN1CCC[C@H]1CN(Cc1cccc(Br)c1)c1cccc2cc[nH]c12,0.94299
C[C@@H](N)CN(CC1CN(C[C@@H]2CCCN2)C1)c1ccc(CNc2cccc(Br)c2O)cc1Br,0.867324,C[C@@H](N)C(=O)N(CC1CN(C[C@@H]2CCCN2)C1)c1ccc(CNc2cccc(Br)c2O)cc1Br,0.879855
NCCCNc1ccc(CN2CCC[C@H]2CNCCc2ccc(O)cc2)cc1Br,0.978541,NCCCNc1ccc(CN2CCC[C@H]2C(=O)NCCc2ccc(O)cc2)cc1Br,0.813542
NCCCN(C1CCCNC1)[C@H](Cc1ccc(O)cc1)C(=O)O,0.675027,NCCC(=O)N(C1CCCNC1)[C@H](Cc1ccc(O)cc1)C(=O)O,0.116169
CNCCN1CCC1CN1CCC[C@H]1CN(Cc1c[nH]c2cc(Br)ccc12)c1cc(C#N)ccc1O,0.985107,CNCC(=O)N1CCC1CN1CCC[C@H]1CN(Cc1c[nH]c2cc(Br)ccc12)c1cc(C#N)ccc1O,0.947642
O=CCCN(CC1CCN1CC1CCN1)c1ccc(Br)cc1O,0.542722,O=CCCN(CC1CCN1C(=O)C1CCN1)c1ccc(Br)cc1O,0.014386
CN(CCNCC1CCN1)Cc1nc2cc(Br)ccc2o1,0.312543,CN(CCNC(=O)C1CCN1)Cc1nc2cc(Br)ccc2o1,0.023653
C[C@@H](CNc1cccc(Br)c1O)NCC1CCN1C[C@@H]1CCCN1,0.585184,C[C@H](NCC1CCN1C[C@@H]1CCCN1)C(=O)Nc1cccc(Br)c1O,0.294928
N#Cc1ccc(O)c(NC(CBr)CN2CCC(=O)C2)c1,0.054807,N#Cc1ccc(O)c(NC(CBr)C(=O)N2CCC(=O)C2)c1,0.005465
CN(CCC=O)CCNC1CCC1,0.012705,CN(CCC=O)CC(=O)NC1CCC1,0.004021
N[C@@H](CCCN1CCC[C@H]1C(=O)O)CNc1ccccc1O,0.182232,N[C@@H](CCCN1CCC[C@H]1C(=O)Nc1ccccc1O)C(=O)O,0.049247
N#Cc1ccc(N(Cc2c[nH]c3ccc(Br)cc23)C[C@@H]2CCCN2C[C@@H]2CCCN2CCN)c(N)c1,0.98303,N#Cc1ccc(N(Cc2c[nH]c3ccc(Br)cc23)C[C@@H]2CCCN2C[C@@H]2CCCN2C(=O)CN)c(N)c1,0.918135
COc1ccc(O)c(NCCN2CCC2CN2CCC(=O)CC2)c1,0.378521,COc1ccc(O)c(NC(=O)CN2CCC2CN2CCC(=O)CC2)c1,0.060534
C[C@@H](c1nc2cccc(Br)c2o1)N(Cc1cccc(Br)c1)C1CCN(C[C@H]2CCCN2)C1,0.976672,C[C@@H](c1nc2cccc(Br)c2o1)N(Cc1cccc(Br)c1)C1CCN(C(=O)[C@H]2CCCN2)C1,0.702692
O=C(O)C1(NC2CN(CCNc3ccc(F)nc3Br)C2)CCC1,0.166223,O=C(CN1CC(NC2(C(=O)O)CCC2)C1)Nc1ccc(F)nc1Br,0.021564
NCCNCCc1ccc(O)cc1,0.925344,NCC(=O)NCCc1ccc(O)cc1,0.031956
OB(O)c1ccccc1NC1CCCN(CC2CCN2)C1,0.224967,O=C(C1CCN1)N(c1ccccc1B(O)O)C1CCCNC1,0.087387
NCCc1ccccc1N(CC1CCN1Cc1ccc(F)cc1)c1ccc(CN2CCCCC2)cc1Br,0.954589,NCCc1ccccc1N(CC1CCN1C(=O)c1ccc(F)cc1)c1ccc(CN2CCCCC2)cc1Br,0.768832
C[C@@H](NC[C@H](N)Cc1c[nH]c2ccccc12)C(=O)O,0.233016,C[C@@H](N)C(=O)N[C@H](Cc1c[nH]c2ccccc12)C(=O)O,0.010639
NCCCN(Cc1c[nH]c2ccc(Br)cc12)c1c(N)cccc1Br,0.32899,NCCC(=O)N(Cc1c[nH]c2ccc(Br)cc12)c1c(N)cccc1Br,0.411523
CN(CCN)CCN(Cc1ccccc1O)c1cc(F)ccc1C(CCl)NCCc1ccccc1Br,0.899521,CN(CCN(Cc1ccccc1O)c1cc(F)ccc1C(CCl)NCCc1ccccc1Br)C(=O)CN,0.174331
C[C@@H](N)CN1CCCC(N2CCC[C@@H]2CN(Cc2c[nH]c3cc(Br)ccc23)c2cccnc2Br)C1,0.991104,C[C@@H](N)C(=O)N1CCCC(N2CCC[C@@H]2CN(Cc2c[nH]c3cc(Br)ccc23)c2cccnc2Br)C1,0.837805
CSCC[C@H](CNc1c(N)cccc1Br)NCCN,0.055209,CSCC[C@@H](N)CNc1c(Br)cccc1NC(=O)CN,0.004817
NCCCN(c1cccnc1Br)C1CCNC1,0.121069,NCCC(=O)N(c1cccnc1Br)C1CCNC1,0.058918
O=Cc1c[nH]c2cc(C#CCNCC3CCN3)ccc12,0.781334,O=Cc1c[nH]c2cc(C#CCNC(=O)C3CCN3)ccc12,0.12964
Nc1ccc(N2CCN(Cc3c[nH]c4cc(I)ccc34)CC2)cc1NCC1CCNCC1,0.989849,Nc1cc(N2CCN(Cc3c[nH]c4cc(I)ccc34)CC2)ccc1NC(=O)C1CCNCC1,0.980545
c1ccc(CNCC2CCNCC2)cc1,0.230359,O=C(NCc1ccccc1)C1CCNCC1,0.006717
C#CCNCc1ccc(N(Cc2cccc(Br)c2)C2CCN(CC3CCN3)C2)c(Br)c1,0.979851,C#CCN(Cc1ccc(N(Cc2cccc(Br)c2)C2CCNC2)c(Br)c1)C(=O)C1CCN1,0.486123
COc1ccccc1CN(CCCN)C1CCN(C[C@H](N)Cc2ccccc2)C1,0.338566,COc1ccccc1CN(C(=O)CCN)C1CCN(C[C@H](N)Cc2ccccc2)C1,0.265675
C=CCN1CCC1CN1CCC(N(c2ccc(Br)cc2O)C(CCl)c2ccc(F)cc2)CC1,0.992315,C=CC(=O)N1CCC1CN1CCC(N(c2ccc(Br)cc2O)C(CCl)c2ccc(F)cc2)CC1,0.976618
CN(CCN1CCCCC1)c1ccc(NCC2CCN2)c(O)c1,0.560626,CN(CCN1CCCCC1)c1ccc(NC(=O)C2CCN2)c(O)c1,0.197292
CNCCNCc1ccccc1OC(=O)C1CCN1C[C@H](N)CC(C)C,0.063144,CNCC(=O)NCc1ccccc1OC(=O)C1CCN1C[C@H](N)CC(C)C,0.031688
CC[C@H](N)CN(C[C@H](C)N)c1ccc(Br)cc1O,0.016221,CC[C@H](N)CN(C(=O)[C@H](C)N)c1ccc(Br)cc1O,0.034044
C[C@@H](N)CN(C)CCN1CCC[C@@H]1CNCCc1ccncc1,0.70857,C[C@@H](N)CN(C)CCN1CCC[C@@H]1C(=O)NCCc1ccncc1,0.453651
Brc1ncccc1N(C[C@H]1CCCN1)c1ccccn1,0.061942,O=C([C@H]1CCCN1)N(c1ccccn1)c1cccnc1Br,0.017192
CNCCN(CCN)CCc1ccccc1Br,0.129909,CN(CCNCCc1ccccc1Br)C(=O)CN,0.061807
CN(CC(=O)O)CC1CCN1Cc1ccccc1N,0.034204,CN(CC(=O)O)C(=O)C1CCN1Cc1ccccc1N,0.004767
C[C@@H](N)CNc1cccc(Br)c1O,0.023356,C[C@@H](N)C(=O)Nc1cccc(Br)c1O,0.001163
N#Cc1cc(Br)cc(N(Cc2cccc(O)c2N)CC2CCN(CC3CCN3)CC2)c1,0.99504,N#Cc1cc(Br)cc(N(CC2CCN(CC3CCN3)CC2)C(=O)c2cccc(O)c2N)c1,0.987595
COc1cccc(CNC[C@H]2CCCN2Cc2c[nH]c3cc(Br)ccc23)c1,0.995256,COc1cccc(CNC(=O)[C@H]2CCCN2Cc2c[nH]c3cc(Br)ccc23)c1,0.827889
C[C@H](N)CN(Cc1c[nH]c2cc(Br)ccc12)[C@@H](CO)CN(C)CCNCCc1ccccc1Br,0.955505,C[C@H](N)C(=O)N(CCc1ccccc1Br)CCN(C)C[C@H](CO)NCc1c[nH]c2cc(Br)ccc12,0.776653
C[C@@H](N)CN1CC(CN(C[C@H](N)Cc2c[nH]c3ccccc23)c2cc(C#N)ccc2O)C1,0.858426,C[C@@H](N)CN1CC(C(=O)N(C[C@H](N)Cc2c[nH]c3ccccc23)c2cc(C#N)ccc2O)C1,0.789094
C#CCN(c1nccc(C)c1N)C1CCN(Cc2ccc(F)cc2)CC1,0.740296,C#CCN(c1nccc(C)c1N)C1CCN(C(=O)c2ccc(F)cc2)CC1,0.040842
CC[C@@H](C(=O)O)N(CCC1c2cc(O)ccc2CCN1Cc1c[nH]c2ccc(F)cc12)C[C@@H](C)N,0.99432,CC[C@@H](C(=O)O)N(CCC1c2cc(O)ccc2CCN1Cc1c[nH]c2ccc(F)cc12)C(=O)[C@@H](C)N,0.899361
CNCCN1CCC1CNCCC(=O)O,0.038387,CNCCN1CCC1C(=O)NCCC(=O)O,0.008223
Oc1ccc(F)cc1NC[C@@H]1Cc2ccccc2CN1C1CCNC1,0.985787,O=C(Nc1cc(F)ccc1O)[C@@H]1Cc2ccccc2CN1C1CCNC1,0.804141
CN(CCN(C)c1ccc(N)c(N)c1)CC(=O)O,0.011818,CN(CC(=O)O)C(=O)CN(C)c1ccc(N)c(N)c1,0.00142
N[C@@H](CS)CNC1CC1,0.017054,N[C@@H](CS)C(=O)NC1CC1,0.003785
CN(CCN(CCc1ccc(O)cc1)C[C@@H](N)Cc1ccc(O)cc1)CC1CCN1,0.607248,CN(CCN(CCc1ccc(O)cc1)C[C@@H](N)Cc1ccc(O)cc1)C(=O)C1CCN1,0.524286
CNCCN(C[C@@H]1CCCNC1)[C@@H](C)CN(Cc1cccc(Br)c1)c1ccc(Br)cc1N,0.948174,CNCCN(C(=O)[C@@H]1CCCNC1)[C@@H](C)CN(Cc1cccc(Br)c1)c1ccc(Br)cc1N,0.319897
O=C(O)C1c2cc(O)ccc2CCN1CCC1c2cc(O)ccc2CCN1CC1CCNCC1,0.854267,O=C(O)C1CCN(C(=O)C2c3cc(O)ccc3CCN2CCC2NCCc3ccc(O)cc32)CC1,0.406095
NC1(CN2CCCC(N(CCc3c[nH]c4ccccc34)C(CCl)c3ccc(Br)cc3)C2)CCC1,0.999995,NC1(C(=O)N2CCCC(N(CCc3c[nH]c4ccccc34)C(CCl)c3ccc(Br)cc3)C2)CCC1,0.772937
COc1ccc(O)c(NCC(CBr)NCCCN2CC(=O)C2)c1,0.274423,COc1ccc(O)c(NC(=O)C(CBr)NCCCN2CC(=O)C2)c1,0.0312
NCCN[C@@H](Cc1c[nH]c2ccccc12)C(=O)O,0.40511,NCC(=O)N[C@@H](Cc1c[nH]c2ccccc12)C(=O)O,0.019103
Brc1ccc2c(CN3CCC[C@H]3CN3CCCCC3)c[nH]c2c1,0.8342,O=C([C@@H]1CCCN1Cc1c[nH]c2cc(Br)ccc12)N1CCCCC1,0.166578
C[C@@H](N)CN(C[C@H]1CCCN1)c1ccccn1,0.109499,C[C@@H](N)CN(C(=O)[C@H]1CCCN1)c1ccccn1,0.065108
CCCN1CCC[C@H]1CN(CCc1ccccc1NCCc1ccccc1OC)Cc1ccc(F)cc1,0.942218,CCCN1CCC[C@H]1CN(CCc1ccccc1NCCc1ccccc1OC)C(=O)c1ccc(F)cc1,0.861527
Oc1ccccc1CNCC1CNC1,0.666486,O=C(NCc1ccccc1O)C1CNC1,0.037604
NCCN(CCN)CCc1ccccc1Br,0.148077,NCCN(CCc1ccccc1Br)C(=O)CN,0.013294
C[C@H](CN1CC(=O)C1)NCC[C@H](N)C(=O)O,0.016655,C[C@H](CN1CC(=O)C1)NC(=O)C[C@H](N)C(=O)O,0.009004
NCCN1CCC[C@@H]1CN1CCC(N(Cc2c[nH]c3ccc(Br)cc23)c2cc(Br)ccc2O)C1,0.992347,NCC(=O)N1CCC[C@@H]1CN1CCC(N(Cc2c[nH]c3ccc(Br)cc23)c2cc(Br)ccc2O)C1,0.978531
CC[C@@H](C(=O)O)N(Cc1ccc(F)cc1)C1CCCNC1,0.118391,CC[C@@H](C(=O)O)N(C(=O)c1ccc(F)cc1)C1CCCNC1,0.010411
C[C@@H](CN1CCC[C@H]1CO)NC[C@@H](CO)NCc1ccc(O)c(N)c1,0.349579,C[C@@H](CN1CCC[C@H]1CO)NC[C@@H](CO)NC(=O)c1ccc(O)c(N)c1,0.399704
COc1ccccc1CCNCCCNC[C@@H]1CCCN1,0.316171,COc1ccccc1CCNC(=O)CCNC[C@@H]1CCCN1,0.072228
CC[C@H](N)CN(CC1c2cccc(OC)c2CCN1CC1CCN1)c1cc(F)ccc1O,0.997451,CC[C@H](N)CN(CC1c2cccc(OC)c2CCN1C(=O)C1CCN1)c1cc(F)ccc1O,0.783478
N[C@H](Cc1ccc(O)cc1)CN(C[C@H]1CCCN1)c1cccc2cc[nH]c12,0.861133,N[C@H](Cc1ccc(O)cc1)CN(C(=O)[C@H]1CCCN1)c1cccc2cc[nH]c12,0.696976
Oc1ccc2[nH]cc(CCNCCCN(CC3CCN3)c3cccnc3F)c2c1,0.990594,O=C(C1CCN1)N(CCCNCCc1c[nH]c2ccc(O)cc12)c1cccnc1F,0.98022
COc1cccc2c1CCN(C[C@@H]1CCCN1)C2C(=O)O,0.687824,COc1cccc2c1CCN(C(=O)[C@@H]1CCCN1)C2C(=O)O,0.011234
Nc1ccc(CN[C@H](Cc2c[nH]c3ccccc23)CN2CCC[C@H]2CN2CC(=O)C2)cc1Br,0.98706,Nc1ccc(C(=O)N[C@H](Cc2c[nH]c3ccccc23)CN2CCC[C@H]2CN2CC(=O)C2)cc1Br,0.976464
Nc1c(Br)cccc1N(C[C@H](N)CS)C1CCNCC1,0.105606,Nc1c(Br)cccc1N(C(=O)[C@H](N)CS)C1CCNCC1,0.049384
O=C1CCCN(CC[C@H](CNCCc2ccccc2Br)NCc2c[nH]c3cc(Br)ccc23)C1,0.993532,O=C1CCCN(CC[C@@H](NCc2c[nH]c3cc(Br)ccc23)C(=O)NCCc2ccccc2Br)C1,0.945277
Oc1cc(Br)ccc1N(Cc1c[nH]c2cc(Br)ccc12)C[C@H]1CCCN1C1CN(CCBr)C1,0.999983,O=C(CBr)N1CC(N2CCC[C@@H]2CN(Cc2c[nH]c3cc(Br)ccc23)c2ccc(Br)cc2O)C1,0.975991
C=CCN(CCC1c2cccc(Br)c2CCN1CCNC)Cc1c[nH]c2cc(Br)ccc12,0.995437,C=CCN(CCC1c2cccc(Br)c2CCN1C(=O)CNC)Cc1c[nH]c2cc(Br)ccc12,0.985837
C=CCNC[C@@H](N)CCCN1CCC[C@H]1CN(Cc1c[nH]c2cc(Br)ccc12)c1cc(F)ccc1O,0.97421,C=CCNC(=O)[C@@H](N)CCCN1CCC[C@H]1CN(Cc1c[nH]c2cc(Br)ccc12)c1cc(F)ccc1O,0.951069
Oc1ccc(CCNCC2CCN2CCCN2CCCCC2)cc1,0.8129,O=C(NCCc1ccc(O)cc1)C1CCN1CCCN1CCCCC1,0.454439
CN(CCN1CCC[C@H]1CNc1ccccc1O)Cc1cccc(O)c1N,0.671645,CN(CCN1CCC[C@H]1CNc1ccccc1O)C(=O)c1cccc(O)c1N,0.675983
NCCCN(CCc1ccccc1Br)Cc1cccc(Br)c1,0.953011,NCCC(=O)N(CCc1ccccc1Br)Cc1cccc(Br)c1,0.012963
NCCN1CCC[C@@H]1CN1CCC(CN(Cc2c[nH]c3ccc(F)cc23)c2ccc(Br)cc2)CC1,0.990528,NCC(=O)N1CCC[C@@H]1CN1CCC(CN(Cc2c[nH]c3ccc(F)cc23)c2ccc(Br)cc2)CC1,0.939764
CN(CCN1CCC(CNc2cccc(Br)c2N)CC1)Cc1ccc(F)cc1,0.911612,CN(CCN1CCC(CNc2cccc(Br)c2N)CC1)C(=O)c1ccc(F)cc1,0.781142
Nc1ccc(Br)cc1N(Cc1c[nH]c2ccc(Br)cc12)C[C@@H]1C[C@@H](O)CN1CC1CCN(CCBr)CC1,0.963542,Nc1ccc(Br)cc1N(Cc1c[nH]c2ccc(Br)cc12)C[C@@H]1C[C@@H](O)CN1CC1CCN(C(=O)CBr)CC1,0.613373
O=Cc1c[nH]c2ccc(NCCNCCNC3CC3)cc12,0.452426,O=Cc1c[nH]c2ccc(NCCNCC(=O)NC3CC3)cc12,0.221978
CN(CCNC1CCC1)C[C@@H](N)CS,0.021491,CN(CC(=O)NC1CCC1)C[C@@H](N)CS,0.007738
c1cc(CCNCC2CN(C[C@H]3CCCNC3)C2)ccn1,0.359296,O=C(NCCc1ccncc1)C1CN(C[C@H]2CCCNC2)C1,0.166642
NCCCN(C[C@H]1CCCN1CCCNCc1c[nH]c2cc(Br)ccc12)c1ccc(Br)cc1O,0.994032,NCCC(=O)N(CCCN1CCC[C@@H]1CNc1ccc(Br)cc1O)Cc1c[nH]c2cc(Br)ccc12,0.943523
C#CCN(CCN)CCN(Cc1ccc(F)cc1)Cc1c[nH]c2cc(Br)ccc12,0.989963,C#CCN(CCN(Cc1ccc(F)cc1)Cc1c[nH]c2cc(Br)ccc12)C(=O)CN,0.957025
C[C@H](NC[C@H]1CCCN1C[C@@H]1CCCN1)C(=O)O,0.043157,C[C@H](NC(=O)[C@H]1CCCN1C[C@@H]1CCCN1)C(=O)O,0.017105
Fc1cccc(CN2CCC[C@@H]2CNc2ccccc2S)c1F,0.661218,O=C(c1cccc(F)c1F)N(C[C@H]1CCCN1)c1ccccc1S,0.367024
C=CCNCCCN1CCC(CN(CCc2ccc(O)cc2)Cc2c[nH]c3cc(Br)ccc23)CC1,0.978658,C=CCNC(=O)CCN1CCC(CN(CCc2ccc(O)cc2)Cc2c[nH]c3cc(Br)ccc23)CC1,0.953942
NCCCN1CCC(N(CC2CCN2)c2ccc(Br)cc2)CC1,0.613657,NCCCN1CCC(N(C(=O)C2CCN2)c2ccc(Br)cc2)CC1,0.864915
CN(CC(=O)O)CC1CCN1Cc1ccc(N)c(N2CC(=O)C2)c1,0.011724,CN(CC(=O)O)C(=O)C1CCN1Cc1ccc(N)c(N2CC(=O)C2)c1,0.002527
Oc1cc(F)c(F)cc1NCC1CCN1C1CCCN(C2CN(Cc3ccc(F)cc3)C2)C1,0.880531,O=C(Nc1cc(F)c(F)cc1O)C1CCN1C1CCCN(C2CN(Cc3ccc(F)cc3)C2)C1,0.704073
C[C@H](N)CN[C@@H](C)CN1CCC1C(=O)O,0.015849,C[C@H](N)CN(C(=O)C1CCN1)[C@@H](C)C(=O)O,0.002568
Brc1ccc(N(Cc2c[nH]c3cc(Br)ccc23)CC2CNC2)cc1,0.829667,O=C(C1CNC1)N(Cc1c[nH]c2cc(Br)ccc12)c1ccc(Br)cc1,0.765482
N[C@@H](Cc1c[nH]c2ccccc12)CN1CC(N(CCCO)C2CN(c3ccnc(F)c3)C2)C1,0.958693,N[C@@H](Cc1c[nH]c2ccccc12)C(=O)N1CC(N(CCCO)C2CN(c3ccnc(F)c3)C2)C1,0.887224
O=C(O)CCNC[C@@H]1CCCNC1,0.021321,O=C(O)CCNC(=O)[C@@H]1CCCNC1,0.00283
COc1ccccc1CN(CCN)C[C@@H](C)N(CCN)Cc1c[nH]c2cc(Br)ccc12,0.976048,COc1ccccc1CN(CCN)C[C@@H](C)N(Cc1c[nH]c2cc(Br)ccc12)C(=O)CN,0.874088
Brc1ccc(NC[C@H]2CCCN2CC2CCNCC2)cc1,0.617737,O=C(Nc1ccc(Br)cc1)[C@H]1CCCN1CC1CCNCC1,0.189334
NCCCN1CCC(N(CCCN)c2c(N)cccc2Br)C1,0.432384,NCCCN1CCC(N(C(=O)CCN)c2c(N)cccc2Br)C1,0.364361
Oc1ccc(Br)cc1N(C[C@@H]1CCCN1)C(CCl)c1ccc(Br)cc1,0.742801,O=C([C@@H]1CCCN1)N(c1cc(Br)ccc1O)C(CCl)c1ccc(Br)cc1,0.284105
Oc1cc(Br)ccc1NCCNC1CN(CCCNCc2c[nH]c3ccc(Br)cc23)C1,0.971251,O=C(CNC1CN(CCCNCc2c[nH]c3ccc(Br)cc23)C1)Nc1ccc(Br)cc1O,0.934063
N[C@@H](Cc1ccc(O)cc1)CN1CCC(NC2CCC2)C1,0.866611,N[C@@H](Cc1ccc(O)cc1)C(=O)N(C1CCC1)C1CCNC1,0.060668
COc1ccccc1CCNC[C@H](N)CO,0.317557,COc1ccccc1CCNC(=O)[C@H](N)CO,0.001577
COc1cccc2c1CCN(CCCN(C[C@@H](C)N)C1CCC1)C2c1cccc(Br)c1,0.999992,COc1cccc2c1CCN(CCCN(C(=O)[C@@H](C)N)C1CCC1)C2c1cccc(Br)c1,0.774811
C=CCN(c1ccccc1S)C1CCCN(C[C@@H](N)CCNCCc2c[nH]c3ccccc23)C1,0.979075,C=CC(=O)N(CCc1c[nH]c2ccccc12)CC[C@H](N)CN1CCCC(Nc2ccccc2S)C1,0.743749
CNCCN1CC(N(CCc2ccccc2Br)Cc2c[nH]c3ccc(Br)cc23)C1,0.996378,CNCC(=O)N1CC(N(CCc2ccccc2Br)Cc2c[nH]c3ccc(Br)cc23)C1,0.979347
OCCN(CCc1c[nH]c2ccccc12)C1CCN(C[C@H]2CCCN2c2csc(Br)n2)CC1,0.959075,O=C(CO)N(CCc1c[nH]c2ccccc12)C1CCN(C[C@H]2CCCN2c2csc(Br)n2)CC1,0.954284
Oc1ccc2c3c1C(c1c[nH]c4cc(Br)ccc14)N(C1CCC1)CC3N(CCBr)CC2,0.999996,O=C(CBr)N1CCc2ccc(O)c3c2C1CN(C1CCC1)C3c1c[nH]c2cc(Br)ccc12,0.977272
C#CCN(CCNCCc1ccc(O)cc1)CC1CCN1,0.787571,C#CCN(CCNCCc1ccc(O)cc1)C(=O)C1CCN1,0.264726
CC[C@H](N)CNCCNCCc1ccc(O)cc1,0.828389,CC[C@H](N)CNCC(=O)NCCc1ccc(O)cc1,0.301681
CC[C@H](N)CN[C@@H](CC)CN(CCNCc1c[nH]c2ccc(Br)cc12)CCc1ccccc1Br,0.954629,CC[C@@H](CN(CCNCc1c[nH]c2ccc(Br)cc12)CCc1ccccc1Br)NC(=O)[C@@H](N)CC,0.953985
O=C(O)[C@@H](CCNc1cc(Br)ccc1O)NCc1ccc(F)cc1,0.058805,O=C(C[C@@H](NCc1ccc(F)cc1)C(=O)O)Nc1cc(Br)ccc1O,0.002767
COc1ccccc1CCN(C[C@@H]1CCCN1)C1CN(Cc2c[nH]c3ccc(Br)cc23)C1,0.999999,COc1ccccc1CCN(C(=O)[C@@H]1CCCN1)C1CN(Cc2c[nH]c3ccc(Br)cc23)C1,0.981642
CC[C@H](N)CN[C@H](CN[C@@H](C)c1ccccc1)Cc1c[nH]c2ccccc12,0.312634,CC[C@H](N)CN[C@@H](Cc1c[nH]c2ccccc12)C(=O)N[C@@H](C)c1ccccc1,0.061527
O=CCN1CCC1CN1CCC[C@H]1C(=O)O,0.017598,O=CC(=O)N1CCC1CN1CCC[C@H]1C(=O)O,0.004657
CN(CC(=O)Oc1ccc(Br)cc1N)Cc1ccc(F)cc1,0.067552,CN(CC(=O)Oc1ccc(Br)cc1N)C(=O)c1ccc(F)cc1,0.000707
NCCc1ccccc1N(CCBr)CC1=NCCc2c1[nH]c1ccccc21,0.186198,NCCc1ccccc1N(CC1=NCCc2c1[nH]c1ccccc21)C(=O)CBr,0.041452
NCCN1CCC[C@@H]1CN(CCc1ccccc1I)Cc1c[nH]c2cc(Br)ccc12,0.99999,NCC(=O)N1CCC[C@@H]1CN(CCc1ccccc1I)Cc1c[nH]c2cc(Br)ccc12,0.945221
N#Cc1cc(Br)cc(NCCN2CCC(=O)CC2)c1,0.113114,N#Cc1cc(Br)cc(NC(=O)CN2CCC(=O)CC2)c1,0.00376
C=CCN1CCC(N(CC2CCN(Cc3c[nH]c4ccc(F)cc34)CC2)c2c(N)cccc2Br)CC1,0.948108,C=CC(=O)N1CCC(N(CC2CCN(Cc3c[nH]c4ccc(F)cc34)CC2)c2c(N)cccc2Br)CC1,0.798134
CC[C@H](N)CN(C[C@@H](N)CCCN)C12CC(C1)C2,0.023796,CC[C@H](N)CN(C(=O)[C@@H](N)CCCN)C12CC(C1)C2,0.004789
NCCN(c1ccc(Br)cc1O)C1CCN(C2CCCN(Cc3c[nH]c4cc(Br)ccc34)C2)CC1,0.987612,NCC(=O)N(c1ccc(Br)cc1O)C1CCN(C2CCCN(Cc3c[nH]c4cc(Br)ccc34)C2)CC1,0.966702
NC1(CN(c2cccc3cc[nH]c23)C2CCCN(Cc3ccc(F)cc3)C2)CCC1,0.996648,NC1(CN(c2cccc3cc[nH]c23)C2CCCN(C(=O)c3ccc(F)cc3)C2)CCC1,0.275091
N[C@H](CCNCCc1ccccc1Br)CN(CC1CCN1Cc1c[nH]c2ccc(F)cc12)[C@@H](Cc1cccs1)C(=O)O,0.813092,N[C@H](CC(=O)NCCc1ccccc1Br)CN(CC1CCN1Cc1c[nH]c2ccc(F)cc12)[C@@H](Cc1cccs1)C(=O)O,0.58749
c1ccc2c(c1)CCN(C[C@@H]1CCCN1)C2CNC1CCC1,0.672902,O=C([C@@H]1CCCN1)N(CC1NCCc2ccccc21)C1CCC1,0.100755
COc1ccccc1CCNCCN(c1ccc(Br)cc1)C1CN(CCN)C1,0.999997,COc1ccccc1CCN(CCN(c1ccc(Br)cc1)C1CNC1)C(=O)CN,0.901046
N[C@@H](CS)CN1CC(NC2(C(=O)O)CCC2)C1,0.019065,N[C@@H](CS)C(=O)N(C1CNC1)C1(C(=O)O)CCC1,0.002314
N[C@@H](CO)CN1CCCC(N(Cc2cccc(F)c2F)Cc2c[nH]c3ccccc23)C1,0.974164,N[C@@H](CO)CN1CCCC(N(Cc2c[nH]c3ccccc23)C(=O)c2cccc(F)c2F)C1,0.97355
Brc1ccc2c(CN(c3cccnc3Br)C3CCN(C4CCCN(CC5CCN5)C4)CC3)c[nH]c2c1,0.97955,O=C(C1CCN1)N1CCCC(N2CCC(N(Cc3c[nH]c4cc(Br)ccc34)c3cccnc3Br)CC2)C1,0.77194
Oc1ccc(F)cc1N(CC1CCN(C[C@H]2CCCN2)CC1)C(CCl)c1ccc(Cl)c(Cl)c1,0.984982,O=C([C@H]1CCCN1)N1CCC(CN(c2cc(F)ccc2O)C(CCl)c2ccc(Cl)c(Cl)c2)CC1,0.416283
CC[C@H](N)CN1CCC(N2CCC[C@H]2CN(Cc2c[nH]c3ccc(Br)cc23)c2cc(Br)cc(C#N)c2)C1,0.983882,CC[C@H](N)C(=O)N1CCC(N2CCC[C@H]2CN(Cc2c[nH]c3ccc(Br)cc23)c2cc(Br)cc(C#N)c2)C1,0.835902
NCCCN1CCC[C@@H]1CN[C@@H](CCNc1cc(Br)ccc1O)C(=O)O,0.664137,NCCCN1CCC[C@@H]1CN[C@@H](CC(=O)Nc1cc(Br)ccc1O)C(=O)O,0.334253
Nc1ccc(Br)cc1OC(=O)C1CCN(CCNCC2CCN2)CC1,0.272555,NCCN1CCC(C(=O)Oc2cc(Br)ccc2NC(=O)C2CCN2)CC1,0.08244
Oc1ccc(CCN(CCN(Cc2c[nH]c3cc(Br)ccc23)CC2CCN2)CC2CCN2)cc1,0.974,O=C(C1CCN1)N(CCN(CCc1ccc(O)cc1)CC1CCN1)Cc1c[nH]c2cc(Br)ccc12,0.988016
CNCCNCCc1ccc(O)cc1,0.908896,CNCC(=O)NCCc1ccc(O)cc1,0.121155
O=Cc1c[nH]c2ccc(N3CC(N(CCc4ccc(O)cc4)C[C@@H]4CCCNC4)C3)cc12,0.993571,O=Cc1c[nH]c2ccc(N3CC(N(CCc4ccc(O)cc4)C(=O)[C@@H]4CCCNC4)C3)cc12,0.416391
C[C@H](O)CNCCCN(Cc1ccc(F)cc1)C1CCN(Cc2c[nH]c3cc(Br)ccc23)C1,0.9744,C[C@H](O)CNC(=O)CCN(Cc1ccc(F)cc1)C1CCN(Cc2c[nH]c3cc(Br)ccc23)C1,0.920123
c1ccc(NC[C@@H]2CCCN2CC2CCN2)nc1,0.685616,O=C(C1CCN1)N(C[C@@H]1CCCN1)c1ccccn1,0.101538
C[C@@H](N)CN1CCC[C@@H]1CN(CC1CCN1)c1cc(Br)ccc1O,0.839182,C[C@@H](N)CN1CCC[C@@H]1CN(C(=O)C1CCN1)c1cc(Br)ccc1O,0.923927
N#Cc1ccc2[nH]cc(CN3CCC(N(c4ccccn4)C4CCN(CCBr)C4)C3)c2c1,0.937914,N#Cc1ccc2[nH]cc(CN3CCC(N(c4ccccn4)C4CCN(C(=O)CBr)C4)C3)c2c1,0.822092
NCCCN1CCC1C(=O)O,0.013727,NCCC(=O)N1CCC1C(=O)O,0.005187
O=C(Oc1cc(F)cc(B(O)O)c1)[C@H]1CCCN1CCN(CCBr)Cc1c[nH]c2cc(Br)ccc12,0.962752,O=C(Oc1cc(F)cc(B(O)O)c1)[C@H]1CCCN1CCN(Cc1c[nH]c2cc(Br)ccc12)C(=O)CBr,0.933476
CNCCN(Cc1cccc(Br)c1)[C@H](C)CN(Cc1c[nH]c2cc(Br)ccc12)CC(C)C,0.953975,CNCC(=O)N(Cc1cccc(Br)c1)[C@H](C)CN(Cc1c[nH]c2cc(Br)ccc12)CC(C)C,0.648827
COc1ccccc1CN(Cc1ccc(F)cc1)CC1CCN1C[C@H]1CCCN1,0.97297,COc1ccccc1CN(Cc1ccc(F)cc1)CC1CCN1C(=O)[C@H]1CCCN1,0.415643
C[C@@H](O)[C@H](N)CN1CCC(N(CCCN)c2cccc3cc[nH]c23)CC1,0.570605,C[C@@H](O)[C@H](N)C(=O)N1CCC(N(CCCN)c2cccc3cc[nH]c23)CC1,0.065728
Nc1ccc(CN(CCNCCc2ccccc2Br)CC2CCN2)cc1Br,0.992961,Nc1ccc(CN(CC(=O)NCCc2ccccc2Br)CC2CCN2)cc1Br,0.750041
CCCN(CCc1ccccc1Br)CC1CCN1CC1CCN1Cc1ccc(F)cc1,0.54339,CCCN(CCc1ccccc1Br)CC1CCN1CC1CCN1C(=O)c1ccc(F)cc1,0.91602
Nc1c(Br)cccc1N(Cc1c[nH]c2ccc(Br)cc12)C1CCN(C[C@H]2CCCN2)CC1,0.995043,Nc1c(Br)cccc1N(Cc1c[nH]c2ccc(Br)cc12)C1CCN(C(=O)[C@H]2CCCN2)CC1,0.466429
N[C@@H](CCN1CCC1CNCCc1c[nH]c2ccccc12)CNc1ccccc1O,0.976378,N[C@@H](CCN1CCC1C(=O)NCCc1c[nH]c2ccccc12)CNc1ccccc1O,0.864111
Oc1ccccc1CNCc1ccc(F)c(F)c1N1CCN(C2CCCNC2)CC1,0.997171,O=C(NCc1ccccc1O)c1ccc(F)c(F)c1N1CCN(C2CCCNC2)CC1,0.996779
O=CCCN1CCC[C@H]1CNCCC(=O)O,0.041659,O=CCCN1CCC[C@H]1C(=O)NCCC(=O)O,0.00878
NCCCN(c1ccc(Br)cc1N)C1CN(CC2CCN2)C1,0.454551,NCCCN(c1ccc(Br)cc1N)C1CN(C(=O)C2CCN2)C1,0.025496
C#CCN(CCNC)C1CCCN(Cc2ccc(N)c(O)c2)C1,0.1579,C#CCN(C(=O)CNC)C1CCCN(Cc2ccc(N)c(O)c2)C1,0.075118
Brc1ccc(NCC2CCN2)c(N(CC2CCN2Cc2c[nH]c3cc(Br)ccc23)C2CCNC2)c1,0.936769,O=C(Nc1ccc(Br)cc1N(CC1CCN1Cc1c[nH]c2cc(Br)ccc12)C1CCNC1)C1CCN1,0.930275
N[C@@H](CCN1CCC(=O)C1)CNc1cccc2cc[nH]c12,0.235736,N[C@@H](CCN1CCC(=O)C1)C(=O)Nc1cccc2cc[nH]c12,0.015516
Clc1ccc(NC[C@@H]2CCCN2)cc1,0.018659,O=C(Nc1ccc(Cl)cc1)[C@@H]1CCCN1,0.00118
CC[C@H](N)CN1CCC[C@H]1C(=O)OCc1cccc(F)c1,0.175292,CC[C@H](N)C(=O)N1CCC[C@H]1C(=O)OCc1cccc(F)c1,0.000568
CNCCN1CCC[C@H]1CN1CCc2c(Br)cccc2C1c1c[nH]c2cc(Br)ccc12,0.999991,CNCC(=O)N1CCC[C@H]1CN1CCc2c(Br)cccc2C1c1c[nH]c2cc(Br)ccc12,0.957993
COc1ccccc1CCN(CCBr)C1CCN(C[C@H]2CCCN2C[C@H](N)CCC(=O)O)CC1,0.17839,COc1ccccc1CCN(CCBr)C1CCN(C(=O)CC[C@@H](N)CN2CCC[C@@H]2C(=O)O)CC1,0.423214
COc1ccccc1CCNC[C@@H](N)CCCN,0.649119,COc1ccccc1CCNC(=O)[C@@H](N)CCCN,0.021537
C=CCN(CCCNCCc1ccccc1Br)C(CBr)C(=O)O,0.089391,C=CCN(CCC(=O)NCCc1ccccc1Br)C(CBr)C(=O)O,0.00496
CCCN1CCC(CN(Cc2ccc(O)c(N)c2)C2CC2)CC1,0.763834,CCCN1CCC(CN(C(=O)c2ccc(O)c(N)c2)C2CC2)CC1,0.713915
N#Cc1cc(N)cc(N2CCC2CN2CCCC(=O)C2)c1,0.199453,N#Cc1cc(N)cc(N2CCC2C(=O)N2CCCC(=O)C2)c1,0.002209
NCCN1C[C@H](O)C[C@H]1CN(Cc1c[nH]c2ccccc12)c1ccc(Br)cc1,0.951172,NCC(=O)N1C[C@H](O)C[C@H]1CN(Cc1c[nH]c2ccccc12)c1ccc(Br)cc1,0.154065
OC[C@@H]1CCCN1CC1CNC1,0.059867,O=C(C1CNC1)N1CCC[C@H]1CO,0.003714
Brc1ccc(NCC2CCN(C[C@H]3CCCN3)CC2)cc1,0.616371,O=C(Nc1ccc(Br)cc1)C1CCN(C[C@H]2CCCN2)CC1,0.128137
NCCN1CCC[C@H]1CN1CCC1CNc1cccc2cc[nH]c12,0.776903,NCCN1CCC[C@H]1CN1CCC1C(=O)Nc1cccc2cc[nH]c12,0.345325
CN(CCNc1cc(Br)cc(C#N)c1)CC1(NC2CCNC2)CCC1,0.401884,CN(CC(=O)Nc1cc(Br)cc(C#N)c1)CC1(NC2CCNC2)CCC1,0.093552
Brc1cc(CNC2CC2)ccc1NC1CCCNC1,0.391118,O=C(NC1CC1)c1ccc(NC2CCCNC2)c(Br)c1,0.24085
Nc1cc(Br)ccc1N(CC1CCN1)C(CCl)c1ccc(F)cc1,0.395632,Nc1cc(Br)ccc1N(C(=O)C1CCN1)C(CCl)c1ccc(F)cc1,0.100369
N[C@@H](Cc1ccccc1)CN1CCC(=O)CC1,0.172182,N[C@@H](Cc1ccccc1)C(=O)N1CCC(=O)CC1,0.004784
CNCCN1CCC[C@H]1CNc1cccc(Br)c1O,0.413841,CNCCN1CCC[C@H]1C(=O)Nc1cccc(Br)c1O,0.05211
CC[C@@H](CN(CC1CCN1Cc1c[nH]c2cc(Br)ccc12)c1cc(Br)ccc1O)NCCBr,0.993241,CC[C@@H](CN(CC1CCN1Cc1c[nH]c2cc(Br)ccc12)c1cc(Br)ccc1O)NC(=O)CBr,0.955665
CN(CCN1CCC(=O)CC1)c1c(F)cccc1C(=O)O,0.019773,CN(CC(=O)N1CCC(=O)CC1)c1c(F)cccc1C(=O)O,0.000998
Nc1c(F)cccc1CN1CCC1CNC12CC(C1)C2,0.682472,Nc1c(F)cccc1CN1CCC1C(=O)NC12CC(C1)C2,0.087676
OC[C@@H](CNc1ccccc1S)NC[C@H]1CCCN1,0.374532,O=C(Nc1ccccc1S)[C@H](CO)NC[C@H]1CCCN1,0.052612
Oc1cc(Br)ccc1N(Cc1c[nH]c2ccc(Br)cc12)C1CCN(CC2CCN2)CC1,0.999993,O=C(C1CCN1)N1CCC(N(Cc2c[nH]c3ccc(Br)cc23)c2ccc(Br)cc2O)CC1,0.603498
CC[C@@H](CNCc1ccc(O)cc1)NC[C@H](CC)NC[C@H](C)N,0.087297,CC[C@@H](CN[C@@H](CC)C(=O)NCc1ccc(O)cc1)NC[C@H](C)N,0.04015
C[C@H](CN1CCCC(=O)C1)Nc1ccc(O)c(N)c1,0.157763,C[C@@H](Nc1ccc(O)c(N)c1)C(=O)N1CCCC(=O)C1,0.005179
Sc1ccccc1NC[C@H]1CCCN1C1CCNCC1,0.646393,O=C(Nc1ccccc1S)[C@H]1CCCN1C1CCNCC1,0.130443
Cc1cc(N2CCC[C@@H]2CN(CCBr)CCc2c[nH]c3ccccc23)cnc1F,0.992569,Cc1cc(N2CCC[C@@H]2CN(CCc2c[nH]c3ccccc23)C(=O)CBr)cnc1F,0.343395
C[C@@H](N)CN1CCC(NCCCNc2ccc(Br)cc2O)CC1,0.623404,C[C@@H](N)CN1CCC(NCCC(=O)Nc2ccc(Br)cc2O)CC1,0.218704
CNCCN1CCCC(Nc2ccc(Br)cc2N)C1,0.194031,CNCC(=O)N(c1ccc(Br)cc1N)C1CCCNC1,0.109465
CC[C@@H](CN1CC(=O)C1)NCC1(N)CCC1,0.019891,CC[C@H](NCC1(N)CCC1)C(=O)N1CC(=O)C1,0.001414
NCCCN1CCC(N(Cc2c[nH]c3ccc(Br)cc23)c2ccc(CN3CCCC(=O)C3)cc2Br)C1,0.963165,NCCC(=O)N1CCC(N(Cc2c[nH]c3ccc(Br)cc23)c2ccc(CN3CCCC(=O)C3)cc2Br)C1,0.57636
COc1ccccc1CCNC[C@H]1CCCN1C1CCNCC1,0.625121,COc1ccccc1CCNC(=O)[C@H]1CCCN1C1CCNCC1,0.237032
NCCCNc1ccc(CN(C[C@@H]2CCCN2Cc2c[nH]c3ccccc23)C2CC2)cc1N,0.860255,NCCC(=O)Nc1cc(CN(C[C@@H]2CCCN2Cc2c[nH]c3ccccc23)C2CC2)ccc1N,0.723382
CNCCNc1ccc(N2CCN(C[C@@H]3CCCN3)CC2)cc1O,0.287992,CN(CCNc1ccc(N2CCNCC2)cc1O)C(=O)[C@@H]1CCCN1,0.034292
N[C@H](Cc1c[nH]c2ccccc12)CN1CCCC(N(C[C@@H]2CCCN2)c2ccccc2S)C1,0.987756,N[C@H](Cc1c[nH]c2ccccc12)C(=O)N1CCCC(N(C[C@@H]2CCCN2)c2ccccc2S)C1,0.32162
Brc1ccc2c(C3c4ccccc4CCN3C[C@H]3CCCN3)c[nH]c2c1,0.999984,O=C([C@H]1CCCN1)N1CCc2ccccc2C1c1c[nH]c2cc(Br)ccc12,0.770378
NCCCNc1ccc(Br)cc1N(CC1CCN1CC1CCN1)C(CCl)c1ccc(Br)cc1,0.965371,NCCC(=O)Nc1ccc(Br)cc1N(CC1CCN1CC1CCN1)C(CCl)c1ccc(Br)cc1,0.883795
CN(CC(=O)N1CCC(CN2CCC[C@@H](O)C2)CC1)Cc1c[nH]c2ccc(Br)cc12,0.931743,CN(CC(=O)N1CCC(C(=O)N2CCC[C@@H](O)C2)CC1)Cc1c[nH]c2ccc(Br)cc12,0.055645
CN(CCN1CCC[C@@H]1C(=O)O)C[C@@H](N)Cc1ccc(O)cc1,0.373993,CN(CCN1CCC[C@@H]1C(=O)O)C(=O)[C@@H](N)Cc1ccc(O)cc1,0.130033
NCCCN1CCC[C@@H]1CO,0.105035,NCCC(=O)N1CCC[C@@H]1CO,0.004934
CNCCN1CCC[C@H]1CN(CC1(N)CCC1)c1cccc(Br)c1O,0.700182,CN(CCN1CCC[C@H]1CNc1cccc(Br)c1O)C(=O)C1(N)CCC1,0.557787
CNCCNCCN[C@H](CNC1CC1)Cc1ccc(O)cc1,0.233286,CNCCNCCN[C@@H](Cc1ccc(O)cc1)C(=O)NC1CC1,0.1837
COc1cccc2c1CCNC2CN1CCC[C@@H]1CO,0.953654,COc1cccc2c1CCNC2C(=O)N1CCC[C@@H]1CO,0.022943
C[C@@H](CN(CCCN)c1cccc2cc[nH]c12)N(Cc1ccc(N)c(Br)c1)C[C@@H]1CCCNC1,0.95155,C[C@@H](CN(C(=O)CCN)c1cccc2cc[nH]c12)N(Cc1ccc(N)c(Br)c1)C[C@@H]1CCCNC1,0.842072
CN(CCN1CCC1CNCc1c[nH]c2ccccc12)Cc1ccc(N)c(Br)c1,0.988736,CN(CCN1CCC1C(=O)NCc1c[nH]c2ccccc12)Cc1ccc(N)c(Br)c1,0.945308
N[C@@H](Cc1c[nH]c2ccccc12)CN1CCC[C@H]1CN1CCCC(=O)C1,0.846784,N[C@@H](Cc1c[nH]c2ccccc12)CN1CCC[C@H]1C(=O)N1CCCC(=O)C1,0.313117
O=C(O)CCNC[C@H]1CCCNC1,0.021321,O=C(O)CCNC(=O)[C@H]1CCCNC1,0.00283
C[C@H](CN1CCC[C@@H]1C(F)(F)F)N(CCC1NCCc2c(Br)cccc21)Cc1c[nH]c2ccccc12,0.959703,C[C@H](C(=O)N1CCC[C@@H]1C(F)(F)F)N(CCC1NCCc2c(Br)cccc21)Cc1c[nH]c2ccccc12,0.601695
C[C@@H](O)[C@H](CN1CC(N(c2ccc3c(C=O)c[nH]c3c2)C2CC2)C1)NCc1ccc(F)cc1,0.988135,C[C@@H](O)[C@H](CN1CC(N(c2ccc3c(C=O)c[nH]c3c2)C2CC2)C1)NC(=O)c1ccc(F)cc1,0.938316
COc1cccc2c1CCN(C[C@@H](N)CCCN)C2CN1CCC1C(=O)O,0.643867,COc1cccc2c1CCN(C(=O)[C@@H](N)CCCN)C2CN1CCC1C(=O)O,0.194891
Oc1c(Br)cccc1N(CC1CNC1)C[C@@H]1CCCN1Cc1c[nH]c2ccc(Br)cc12,0.995662,O=C(C1CNC1)N(C[C@@H]1CCCN1Cc1c[nH]c2ccc(Br)cc12)c1cccc(Br)c1O,0.995312
O=C(O)C1CCN1CCNc1cc(F)ccc1O,0.015984,O=C(O)C1CCN1C(=O)CNc1cc(F)ccc1O,0.005092
COc1ccc(O)c(NC[C@H](C)NC[C@@H](C)N)c1,0.12108,COc1ccc(O)c(NC(=O)[C@H](C)NC[C@@H](C)N)c1,0.008656
NCCCN1CCc2ccc(O)cc2C1c1c[nH]c2ccc(F)cc12,0.999987,NCCC(=O)N1CCc2ccc(O)cc2C1c1c[nH]c2ccc(F)cc12,0.844105
CC[C@@H](CN(c1cc(Br)ccc1O)C1CCC1)N(Cc1c[nH]c2ccc(Br)cc12)C[C@@H]1CCCNC1,0.904603,CC[C@@H](CN(c1cc(Br)ccc1O)C1CCC1)N(Cc1c[nH]c2ccc(Br)cc12)C(=O)[C@@H]1CCCNC1,0.461992
Oc1ccccc1NCC1CCN1C1CN(CC2CCN2)C1,0.478042,O=C(Nc1ccccc1O)C1CCN1C1CN(CC2CCN2)C1,0.086757
O=C(CBr)CN(CC1CCN1)c1cc(F)c(F)cc1O,0.029349,O=C(CBr)C(=O)N(CC1CCN1)c1cc(F)c(F)cc1O,0.018776
CN(CCN1CC(Nc2ccccc2S)C1)C[C@H]1CCCN1,0.30228,CN(CCN1CC(Nc2ccccc2S)C1)C(=O)[C@H]1CCCN1,0.197272
O=C(O)C1CN(C[C@@H]2Cc3ccccc3CN2)C1,0.1834,O=C(O)C1CN(C(=O)[C@@H]2Cc3ccccc3CN2)C1,0.02924
COc1ccc(NCCC[C@@H](N)CNC2CC2)c(N)c1,0.120356,COc1ccc(N)c(NC(=O)CC[C@@H](N)CNC2CC2)c1,0.020162
NCCCN(CCCNc1nc(Br)cs1)CC1CN(Cc2c[nH]c3ccc(Br)cc23)C1,0.927285,NCCCN(CCC(=O)Nc1nc(Br)cs1)CC1CN(Cc2c[nH]c3ccc(Br)cc23)C1,0.935517
N[C@@H](CNCCc1c[nH]c2ccccc12)Cc1ccc(O)cc1,0.944839,N[C@H](Cc1ccc(O)cc1)C(=O)NCCc1c[nH]c2ccccc12,0.076934
N[C@H](Cc1ccccc1)CN1CCCC(=O)C1,0.100269,N[C@H](Cc1ccccc1)C(=O)N1CCCC(=O)C1,0.001578
NCCN1CCC[C@H]1CN1CCC[C@@H]1C(=O)O,0.034455,NCCN1CCC[C@H]1C(=O)N1CCC[C@@H]1C(=O)O,0.013053
C[C@H](N)CN1CCc2ccccc2C1c1c[nH]c2ccc(S)cc12,0.919178,C[C@H](N)C(=O)N1CCc2ccccc2C1c1c[nH]c2ccc(S)cc12,0.344236
Oc1c(Br)cccc1NC[C@H]1CCCN1CCCN(Cc1cscn1)C1CCC1,0.960113,O=C(c1cscn1)N(CCCN1CCC[C@@H]1CNc1cccc(Br)c1O)C1CCC1,0.76808
O=CCNCCCN1CCC(=O)C1,0.009904,O=CC(=O)NCCCN1CCC(=O)C1,0.004687
CC[C@H](N)CN(CCCN1CCC[C@H]1CNc1ccc(Br)cc1O)CCc1c[nH]c2ccccc12,0.989862,CC[C@H](N)C(=O)N(CCCN1CCC[C@H]1CNc1ccc(Br)cc1O)CCc1c[nH]c2ccccc12,0.920203
NCCC[C@H](N)CNCc1ccc(O)cc1,0.667257,NCCC[C@H](N)C(=O)NCc1ccc(O)cc1,0.056421
Oc1ccc2c(c1)C(CNCCc1c[nH]c3ccccc13)NCC2,0.988927,O=C(NCCc1c[nH]c2ccccc12)C1NCCc2ccc(O)cc21,0.630541
CC[C@H](N)CN1CCC1C(=O)O,0.012346,CC[C@H](N)C(=O)N1CCC1C(=O)O,0.003874
Oc1ccc(CCN(CCCNC[C@@H]2CCCN2)CC2CCNCC2)cc1,0.186871,O=C(NCCCN(CCc1ccc(O)cc1)CC1CCNCC1)[C@@H]1CCCN1,0.168223
COc1ccccc1CNCCCNCCCN,0.216013,COc1ccccc1CNC(=O)CCNCCCN,0.040731
Nc1cccc(N2CCN(CC3CCN3)CC2)c1N,0.167617,Nc1cccc(N2CCN(C(=O)C3CCN3)CC2)c1N,0.014626
CC(C)CN(CC1CCN1)c1ccc(N)c(O)c1,0.022738,CC(C)CN(C(=O)C1CCN1)c1ccc(N)c(O)c1,0.07266
CCCN1CCC(N(C)CCNc2ccccc2S)C1,0.39741,CCCN1CCC(N(C)CC(=O)Nc2ccccc2S)C1,0.036409
O=C1CCN(C[C@H]2Cc3ccc(O)cc3C(c3cccc(Br)c3)N2)C1,0.980255,O=C1CCN(C(=O)[C@H]2Cc3ccc(O)cc3C(c3cccc(Br)c3)N2)C1,0.095332
COc1ccccc1CCNCCCN(CC(=O)O)C1CCCN(Cc2c[nH]c3cc(Br)ccc23)C1,0.992842,COc1ccccc1CCNC(=O)CCN(CC(=O)O)C1CCCN(Cc2c[nH]c3cc(Br)ccc23)C1,0.90399
C[C@@H](N)CN(CCC[C@H](N)CN1CCC[C@H]1CNc1ccc(Br)cc1O)Cc1c[nH]c2ccc(Br)cc12,0.910913,C[C@@H](N)C(=O)N(CCC[C@H](N)CN1CCC[C@H]1CNc1ccc(Br)cc1O)Cc1c[nH]c2ccc(Br)cc12,0.855202
COc1cccc2c1CCNC2CN1CCCC(N(CCBr)c2ccc(Br)cc2O)C1,1.0,COc1cccc2c1CCN(C(=O)CBr)C2CN1CCCC(Nc2ccc(Br)cc2O)C1,0.987298
NCCC[C@H](N)CN1CCc2c(Br)cccc2C1CNCCc1ccccc1Br,0.947888,NCCC[C@H](N)C(=O)N(CCc1ccccc1Br)CC1NCCc2c(Br)cccc21,0.210922
COc1ccc(O)c(N(C[C@@H](N)Cc2ccc(O)cc2)C[C@H]2CCCN2)c1,0.924581,COc1ccc(O)c(N(C[C@@H](N)Cc2ccc(O)cc2)C(=O)[C@H]2CCCN2)c1,0.542064
NCCCN1CCC(CN(Cc2ccc(N)c(Br)c2)c2ccc(Br)cc2)CC1,0.988953,NCCC(=O)N1CCC(CN(Cc2ccc(N)c(Br)c2)c2ccc(Br)cc2)CC1,0.137196
COc1ccccc1CCNCC[C@@H](N)CN1CCCC(=O)C1,0.652958,COc1ccccc1CCNC(=O)C[C@@H](N)CN1CCCC(=O)C1,0.09355
Fc1ncccc1N1CCC[C@H]1CNC1CC1,0.051114,O=C(NC1CC1)[C@@H]1CCCN1c1cccnc1F,0.005539
NCCCN1CCC1CN(CCNCc1ccc(F)cc1)c1c(N)cccc1Br,0.98254,NCCCN1CCC1CN(CCN)c1c(Br)cccc1NC(=O)c1ccc(F)cc1,0.757355
NCCCN1CC(N(CCN)c2ccccc2O)C1,0.212773,NCCCN1CC(N(C(=O)CN)c2ccccc2O)C1,0.208505
COc1cccc2c1CCNC2CN1CCC[C@H]1C(=O)O,0.53853,COc1cccc2c1CCN(C(=O)[C@@H]1CCCN1)C2C(=O)O,0.011234
COc1ccccc1CCNC1CN(CCCN(CCc2ccc(O)cc2)Cc2ccc(N)c(Br)c2)C1,0.960619,COc1ccccc1CCN(C(=O)c1ccc(N)c(Br)c1)C1CN(CCCNCCc2ccc(O)cc2)C1,0.909952
N[C@@H](Cc1c[nH]c2ccccc12)CN1CCC(=O)C1,0.2606,N[C@@H](Cc1c[nH]c2ccccc12)C(=O)N1CCC(=O)C1,0.019374
O=C(O)[C@H]1CCCN1Cc1ccc(NCC2CCNCC2)c(Br)c1,0.12208,O=C(O)[C@H]1CCCN1C(=O)c1ccc(NCC2CCNCC2)c(Br)c1,0.020001
O=Cc1ccc(CNCCCN(CC2CCN(Cc3ccc(F)cc3)CC2)C2CC2)cc1,0.877643,O=Cc1ccc(CN(CCCN(CC2CCNCC2)C2CC2)C(=O)c2ccc(F)cc2)cc1,0.58973
C[C@@H](CN(C)CCN(Cc1c[nH]c2ccc(Br)cc12)c1ccc(Br)cc1N)NCCBr,0.984144,C[C@@H](CN(C)CCN(Cc1c[nH]c2ccc(Br)cc12)c1ccc(Br)cc1N)NC(=O)CBr,0.887186
CN(CCN(c1cccc2cc[nH]c12)C1CCNC1)Cc1cccc(F)c1N,0.994249,CN(CCN(c1cccc2cc[nH]c12)C1CCNC1)C(=O)c1cccc(F)c1N,0.725056
C[C@H](N)CN1CC(N2CCC(N(Cc3c[nH]c4cc(Br)ccc34)c3cccnc3Br)CC2)C1,0.984166,C[C@H](N)C(=O)N1CC(N2CCC(N(Cc3c[nH]c4cc(Br)ccc34)c3cccnc3Br)CC2)C1,0.955708
NCCN[C@@H](CS)CNCCc1ccncc1,0.279744,NCCN[C@@H](CS)C(=O)NCCc1ccncc1,0.021851
Oc1cc(F)c(F)cc1NC[C@H]1CCCN1CC1NCCc2ccccc21,0.999984,O=C(Nc1cc(F)c(F)cc1O)[C@H]1CCCN1CC1NCCc2ccccc21,0.964931
Nc1ccc(NCCN2CCC[C@H](O)C2)cc1N,0.083387,Nc1ccc(NCC(=O)N2CCC[C@H](O)C2)cc1N,0.021363
C[C@@H](CNc1ccccc1S)NC1CNC1,0.598079,C[C@H](NC1CNC1)C(=O)Nc1ccccc1S,0.076524
C[C@H](N)CN(c1cc(Br)ccc1N)C1CCCN(CCCN)C1,0.717539,C[C@H](N)C(=O)N(c1cc(Br)ccc1N)C1CCCN(CCCN)C1,0.829355
COc1ccc(O)c(N(Cc2cccc(Br)c2)CC2CCN2C2CN(C[C@H](C)N)C2)c1,0.966097,COc1ccc(O)c(N(Cc2cccc(Br)c2)CC2CCN2C2CN(C(=O)[C@H](C)N)C2)c1,0.756373
COc1ccccc1CCN(Cc1c[nH]c2cc(Br)ccc12)C[C@H]1CCCN1,0.999998,COc1ccccc1CCN(Cc1c[nH]c2cc(Br)ccc12)C(=O)[C@H]1CCCN1,0.800171
COCCNCCNCC1CCN1CCCN,0.032705,COCCN(CCNCC1CCN1)C(=O)CCN,0.005524
O=CCN(CCc1ccc(O)cc1)C1CCN(CC2CCN2c2ccc3c(C=O)c[nH]c3c2)C1,0.956044,O=CC(=O)N(CCc1ccc(O)cc1)C1CCN(CC2CCN2c2ccc3c(C=O)c[nH]c3c2)C1,0.68696
CN(CCN1CCC1CNc1ccccc1O)C1CCCNC1,0.55361,CN(CCN1CCC1C(=O)Nc1ccccc1O)C1CCCNC1,0.121393
NCCN(CC1CCN1)c1ccc(Br)cc1,0.016399,NCCN(C(=O)C1CCN1)c1ccc(Br)cc1,0.063762
C#CCNCC1c2cccc(OC)c2CCN1C[C@H]1CCCN1,0.664401,C#CCN(CC1NCCc2c(OC)cccc21)C(=O)[C@H]1CCCN1,0.098504
NCCN1CCN(CC[C@@H](N)CN2CCC2CN(Cc2c[nH]c3cc(Br)ccc23)c2ccccc2O)CC1,0.634171,NCCN1CCN(C(=O)C[C@@H](N)CN2CCC2CN(Cc2c[nH]c3cc(Br)ccc23)c2ccccc2O)CC1,0.897753
NCCNCCNc1ccc(Br)cc1,0.114956,NCCNCC(=O)Nc1ccc(Br)cc1,0.02054
Nc1cc(CN2CCC(=O)CC2)ccc1O,0.093211,Nc1cc(C(=O)N2CCC(=O)CC2)ccc1O,0.003155
BrCCNCCc1ccccc1Br,0.060287,O=C(CBr)NCCc1ccccc1Br,0.000224
COc1ccc(O)c(NCCCN(CCc2c[nH]c3ccccc23)C[C@H]2CCCN2)c1,0.995001,COc1ccc(O)c(N(CCCNCCc2c[nH]c3ccccc23)C(=O)[C@H]2CCCN2)c1,0.842297
CN(CCN(CCc1ccccc1Br)C[C@@H]1CCCN1)c1ccc(N)c(O)c1,0.994685,CN(CCN(CCc1ccccc1Br)C(=O)[C@@H]1CCCN1)c1ccc(N)c(O)c1,0.136257
NCCN1CC(N[C@H](CNc2cc(F)ccc2O)Cc2cccs2)C1,0.764711,NCCN1CC(N[C@@H](Cc2cccs2)C(=O)Nc2cc(F)ccc2O)C1,0.258446
CC[C@H](N)CN1CCCC(N(C[C@H](N)CCSC)c2ccc(Br)cc2O)C1,0.8001,CC[C@H](N)C(=O)N1CCCC(N(C[C@H](N)CCSC)c2ccc(Br)cc2O)C1,0.013962
SC[C@H](CNCCc1ccccc1Br)NC1CCC1,0.272904,O=C(NCCc1ccccc1Br)[C@@H](CS)NC1CCC1,0.004687
Nc1c(O)cccc1CNC1(CN(CCc2c[nH]c3ccccc23)C2CCNC2)CCC1,0.984027,Nc1c(O)cccc1C(=O)NC1(CN(CCc2c[nH]c3ccccc23)C2CCNC2)CCC1,0.978578
O=CCCN(CC=O)[C@H](CS)CN1CCC(Nc2ccnc3ccccc23)CC1,0.353932,O=CCCN(C(=O)C=O)[C@H](CS)CN1CCC(Nc2ccnc3ccccc23)CC1,0.049921
O=C1CN(CCO)C1,0.005379,O=C1CN(C(=O)CO)C1,0.001568
N[C@@H](Cc1ccc(O)cc1)CN1CCC(CNCCc2ccc(O)cc2)CC1,0.927459,N[C@@H](Cc1ccc(O)cc1)CN1CCC(C(=O)NCCc2ccc(O)cc2)CC1,0.312336
NCCCN(CCc1ccncc1)C[C@H]1CCCN1,0.83768,NCCC(=O)N(CCc1ccncc1)C[C@H]1CCCN1,0.07935
O=C(O)C1CCN1C(CBr)CNCCc1c[nH]c2ccccc12,0.638925,O=C(O)C(CBr)N1CCC1C(=O)NCCc1c[nH]c2ccccc12,0.02674
C[C@@H](O)[C@H](N)CN1CC(C(=O)O)C1,0.010755,C[C@@H](O)[C@H](N)C(=O)N1CC(C(=O)O)C1,0.002606
CC(C)C[C@H](CN1CC(Nc2cccc(Br)c2N)C1)N(Cc1c[nH]c2ccc(F)cc12)CC1CCN1,0.829991,CC(C)C[C@H](CN1CC(N(C(=O)C2CCN2)c2cccc(Br)c2N)C1)NCc1c[nH]c2ccc(F)cc12,0.817837
C[C@@H](O)CNc1cc(Br)ccc1N(CCBr)CC1CCNCC1,0.029223,C[C@@H](O)CN(C(=O)C1CCNCC1)c1cc(Br)ccc1NCCBr,0.034885
NCCCN1CCC(CNc2cc(Br)ccc2O)CC1,0.5,NCCCN1CCC(C(=O)Nc2cc(Br)ccc2O)CC1,0.077599
C1C[C@H](CNC2CC2)N(CC2CCN2)C1,0.080461,O=C(NC1CC1)[C@H]1CCCN1CC1CCN1,0.025999
Nc1c(Br)cccc1NC[C@@H]1CCCN1CCC=O,0.281277,Nc1c(Br)cccc1NC(=O)[C@@H]1CCCN1CCC=O,0.023673
CNCCN(CCNC)CCc1c[nH]c2ccccc12,0.405979,CNCC(=O)N(C)CCNCCc1c[nH]c2ccccc12,0.414064
Oc1ccc(Br)cc1N(C[C@H]1CCCN1)C1CNC1,0.456549,O=C([C@H]1CCCN1)N(c1cc(Br)ccc1O)C1CNC1,0.356211
C[C@H](CN1CCNCC1)N(CCC=O)Cc1cccc(Br)c1,0.131049,C[C@H](C(=O)N1CCNCC1)N(CCC=O)Cc1cccc(Br)c1,0.032372
c1ccc(N2CCN(C3CNC3)CC2)c(CCNCC2CCNCC2)c1,0.146905,O=C(NCCc1ccccc1N1CCN(C2CNC2)CC1)C1CCNCC1,0.098818
N[C@H](CS)CN(C[C@H]1CCCN1)C1CC1,0.04179,N[C@H](CS)C(=O)N(C[C@H]1CCCN1)C1CC1,0.0071
BrCCN1CCC(CN(Cc2c[nH]c3ccc(Br)cc23)c2c(Br)cccc2NCC2CCNCC2)CC1,0.906648,O=C(CBr)N(CC1CCNCC1)c1cccc(Br)c1N(Cc1c[nH]c2ccc(Br)cc12)CC1CCNCC1,0.248401
CC(C)C[C@@H](N)CNCCN1CCC1C(=O)O,0.010025,CC(C)C[C@@H](N)CN(CC(=O)O)C(=O)C1CCN1,0.002305
COc1ccccc1CCN(Cc1c[nH]c2ccc(S)cc12)CC1CCN1C[C@H]1CCCN1,0.995289,COc1ccccc1CCN(Cc1c[nH]c2ccc(S)cc12)CC1CCN1C(=O)[C@H]1CCCN1,0.899088
O=C(CBr)CNCCc1ccccc1,0.045397,O=C(CBr)C(=O)NCCc1ccccc1,0.000163
Oc1ccc(F)cc1NC[C@H]1CCCN1CC1CCN1Cc1c[nH]c2ccc(F)cc12,0.993693,O=C(Nc1cc(F)ccc1O)[C@H]1CCCN1CC1CCN1Cc1c[nH]c2ccc(F)cc12,0.97367
CSCC[C@H](N)CNc1cc(CN2CCC2C(=O)O)ccc1O,0.081321,CSCC[C@H](N)CN(C(=O)C1CCN1)c1cc(C(=O)O)ccc1O,0.034521
Sc1ccccc1NCC1CCN(CCCNC2CCCNC2)CC1,0.37031,O=C(Nc1ccccc1S)C1CCN(CCCNC2CCCNC2)CC1,0.233538
Nc1cccc(Br)c1NC[C@H]1CCCN1Cc1ccc(F)cc1,0.680127,Nc1cccc(Br)c1N(C[C@H]1CCCN1)C(=O)c1ccc(F)cc1,0.112775
CC[C@H](N)CN1CC(N(C[C@H]2CCCN2)c2ccc(Br)cc2N)C1,0.628324,CC[C@H](N)CN1CC(N(C(=O)[C@H]2CCCN2)c2ccc(Br)cc2N)C1,0.714711
COc1ccc(N(Cc2c[nH]c3ccc(Br)cc23)CC2CCN2)c(N)c1,0.857885,COc1ccc(N(Cc2c[nH]c3ccc(Br)cc23)C(=O)C2CCN2)c(N)c1,0.827398
N[C@@H](CCCN1CC(=O)C1)CNCCc1ccc(O)cc1,0.899544,N[C@@H](CCC(=O)N1CC(=O)C1)CNCCc1ccc(O)cc1,0.127489
CC[C@@H](CN(Cc1ccc(O)cc1)C[C@@H]1CCCN1Cc1ccc(F)cc1)Nc1cc(Br)ccn1,0.882549,CC[C@@H](CN(Cc1ccc(O)cc1)C[C@@H]1CCCN1)N(C(=O)c1ccc(F)cc1)c1cc(Br)ccn1,0.740051
O=C(O)[C@@H]1CCCN1C1CN(CC2CCN2)C1,0.037764,O=C(O)C1CCN1C(=O)[C@@H]1CCCN1C1CNC1,0.013701
NCCCN(CCN(CCCN)C(CCl)c1ccc(F)cc1)c1ccnc2ccccc12,0.982845,NCCCN(CCN(C(=O)CCN)C(CCl)c1ccc(F)cc1)c1ccnc2ccccc12,0.122498
Nc1cc(Br)ccc1NCC1CN(Cc2ccc(F)cc2)C1,0.596679,Nc1cc(Br)ccc1N(CC1CNC1)C(=O)c1ccc(F)cc1,0.147716
NCCCN1CCC[C@H]1CNCCC(=O)O,0.064548,NCCC(=O)NCCCN1CCC[C@H]1C(=O)O,0.007639
C[C@@H](CN(CCN)C1CC1)NC(CCl)c1ccc(F)cc1F,0.547119,C[C@@H](CN(C(=O)CN)C1CC1)NC(CCl)c1ccc(F)cc1F,0.072512
Oc1ccc2c(c1)C(c1c[nH]c3cc(Br)ccc13)N(CCCNC1CN(CC3CCN3)C1)CC2,0.990984,O=C(C1CCN1)N(CCCN1CCc2ccc(O)cc2C1c1c[nH]c2cc(Br)ccc12)C1CNC1,0.975803
Nc1c(F)cccc1CN1CC(N2CCC[C@H]2CNCCc2c[nH]c3ccc(O)cc23)C1,0.999991,Nc1c(F)cccc1CN1CC(N2CCC[C@H]2C(=O)NCCc2c[nH]c3ccc(O)cc23)C1,0.988381
COc1ccccc1CNCCN(Cc1ccc(F)cc1)C1CCNCC1,0.981599,COc1ccccc1CN(CCNC1CCNCC1)C(=O)c1ccc(F)cc1,0.638744
COc1ccccc1CCNC[C@@H](C)N,0.373094,COc1ccccc1CCNC(=O)[C@@H](C)N,0.002928
CNCCN(C[C@H]1CCCN1CCN)c1ccc(F)nc1Br,0.508281,CN(CCN(C[C@H]1CCCN1)c1ccc(F)nc1Br)C(=O)CN,0.034044
CNCCN1CCC(N(C[C@H](N)[C@@H](C)O)c2cccc(Br)c2O)C1,0.107878,CNCC(=O)N1CCC(N(C[C@H](N)[C@@H](C)O)c2cccc(Br)c2O)C1,0.019753
N[C@H](CCN1CCC1CN(Cc1c[nH]c2cc(Br)ccc12)c1ccccc1O)CNC1CC1,0.997134,N[C@H](CCN1CCC1CN(Cc1c[nH]c2cc(Br)ccc12)c1ccccc1O)C(=O)NC1CC1,0.993682
CNCCN(c1ccccn1)C1CCN(C[C@H]2CCCN2)C1,0.647333,CN(CCN(c1ccccn1)C1CCNC1)C(=O)[C@H]1CCCN1,0.060329
C[C@H](CNC1CC1)N(Cc1c[nH]c2ccc(F)cc12)C[C@@H]1CCCN1C(CCl)c1ccc(Br)cc1,0.989192,C[C@H](C(=O)NC1CC1)N(Cc1c[nH]c2ccc(F)cc12)C[C@@H]1CCCN1C(CCl)c1ccc(Br)cc1,0.978791
C=CCN(C)CCN(c1ccccc1O)C1CCCN(Cc2cccc(Br)c2)C1,0.989652,C=CC(=O)N(C)CCN(c1ccccc1O)C1CCCN(Cc2cccc(Br)c2)C1,0.735546
NCCCN(CCCN(CCc1ccc(O)cc1)CC1CCN1)CCc1ccc(O)cc1,0.448918,NCCCN(CCCN(CCc1ccc(O)cc1)C(=O)C1CCN1)CCc1ccc(O)cc1,0.543998
N[C@H](CO)CN(CC=O)c1ccc(Br)cc1,0.000442,N[C@H](CO)CN(C(=O)C=O)c1ccc(Br)cc1,0.000579
CNCCN[C@H](Cc1ccc(O)cc1)CN1CCC(=O)CC1,0.602219,CNCCN[C@H](Cc1ccc(O)cc1)C(=O)N1CCC(=O)CC1,0.059859
COc1cccc(CN(Cc2c[nH]c3cc(Br)ccc23)CC2CCNCC2)c1,0.995324,COc1cccc(CN(Cc2c[nH]c3cc(Br)ccc23)C(=O)C2CCNCC2)c1,0.679903
NCCN(c1ccc(CN2CCC[C@@H](O)C2)cc1Br)C1CCN(Cc2c[nH]c3ccc(Br)cc23)CC1,0.928363,NCCN(c1ccc(C(=O)N2CCC[C@@H](O)C2)cc1Br)C1CCN(Cc2c[nH]c3ccc(Br)cc23)CC1,0.860209
C=CCN(Cc1c[nH]c2cc(Br)ccc12)CC1CCN1C[C@H](C)NCc1cccc(F)c1F,0.982337,C=CCN(Cc1c[nH]c2cc(Br)ccc12)CC1CCN1C[C@H](C)NC(=O)c1cccc(F)c1F,0.98219
NCCN(C[C@@H]1CCCN1Cc1c[nH]c2ccc(Br)cc12)c1ccccc1O,0.995542,NCC(=O)N(C[C@@H]1CCCN1Cc1c[nH]c2ccc(Br)cc12)c1ccccc1O,0.994924
NCCN(Cc1ccc(O)cc1)C[C@H]1CCCN1C[C@H](N)Cc1c[nH]c2ccccc12,0.981692,NCC(=O)N(Cc1ccc(O)cc1)C[C@H]1CCCN1C[C@H](N)Cc1c[nH]c2ccccc12,0.976508
C[C@H](NC[C@@H]1CCCN1CC1CCN1)c1ccccc1,0.786604,C[C@@H](c1ccccc1)N(C[C@@H]1CCCN1)C(=O)C1CCN1,0.078713
COc1ccccc1CCNCCCN1CC(N(CCN)c2ccccc2O)C1,0.99351,COc1ccccc1CCN(CCCN1CC(Nc2ccccc2O)C1)C(=O)CN,0.693993
Brc1ccc2c(CNc3cccc(Br)c3NC3CN(C[C@H]4CCCN4)C3)c[nH]c2c1,0.925514,O=C([C@H]1CCCN1)N(Cc1c[nH]c2cc(Br)ccc12)c1cccc(Br)c1NC1CNC1,0.927919
O=C(O)CCNCCNCc1ccccc1,0.12118,O=C(O)CCNC(=O)CNCc1ccccc1,0.004183
CN(CCNc1ccc(Br)cc1)C[C@H]1CCCN1C[C@H]1CCCN1,0.797943,CN(CCN(C(=O)[C@H]1CCCN1)c1ccc(Br)cc1)C[C@H]1CCCN1,0.852375
CC[C@H](N)CN[C@@H](CS)CNCCc1ccccc1OC,0.274143,CC[C@H](N)CN[C@@H](CS)C(=O)NCCc1ccccc1OC,0.015022
CC(C)C[C@H](N)CNCCc1ccccc1,0.252334,CC(C)C[C@H](N)C(=O)NCCc1ccccc1,0.002517
Nc1ccc(CN(CC2CCN2C2CCN(Cc3ccc(F)cc3)C2)c2ccccc2S)cc1N,0.933611,Nc1ccc(CN(CC2CCN2C2CCN(C(=O)c3ccc(F)cc3)C2)c2ccccc2S)cc1N,0.747432
Oc1ccc(F)cc1NCCN(CCc1c[nH]c2ccccc12)CC1CCN1,0.99206,O=C(C1CCN1)N(CCNCCc1c[nH]c2ccccc12)c1cc(F)ccc1O,0.969363
COc1ccccc1CNCCCN(C[C@H](C)O)C1CNC1,0.319133,COc1ccccc1CNC(=O)CCN(C[C@H](C)O)C1CNC1,0.089583
COc1cccc2c1CCNC2CN(C)CCNCCc1c[nH]c2ccccc12,0.990609,COc1cccc2c1CCNC2CN(C)CC(=O)NCCc1c[nH]c2ccccc12,0.771182
COc1ccccc1CCNC[C@@H]1CCCN(C2CN(Cc3cccc(Br)c3)C2)C1,0.995645,COc1ccccc1CCNC(=O)[C@@H]1CCCN(C2CN(Cc3cccc(Br)c3)C2)C1,0.721554
C[C@@H](CNCCc1c[nH]c2ccccc12)NCC=O,0.809114,C[C@H](NCC=O)C(=O)NCCc1c[nH]c2ccccc12,0.024992
CC[C@@H](CN1CC(=O)C1)NCC1CCN1,0.026722,CC[C@H](NCC1CCN1)C(=O)N1CC(=O)C1,0.002849
O=C1CN(CCNCCCNC2CC2)C1,0.015363,O=C1CN(C(=O)CNCCCNC2CC2)C1,0.004548
CN(CCNCCc1ccc(O)cc1)C(CBr)C(=O)O,0.244903,CN(CC(=O)NCCc1ccc(O)cc1)C(CBr)C(=O)O,0.003703
NCCCN(CC=O)C1CC1,0.024666,NCCCN(C(=O)C=O)C1CC1,0.002948
NCCNc1c(F)cccc1CN1CCCC(=O)C1,0.066075,NCCNc1c(F)cccc1C(=O)N1CCCC(=O)C1,0.004362
Nc1c(Br)cccc1N(C[C@@H]1CCCN1)C1CNC1,0.25313,Nc1c(Br)cccc1N(C(=O)[C@@H]1CCCN1)C1CNC1,0.259746
O=C1CCCN(CCNCCc2ccccc2)C1,0.290257,O=C1CCCN(CC(=O)NCCc2ccccc2)C1,0.005742
COc1cccc(CN(CCCN)CC2CNC2)c1,0.258874,COc1cccc(CN(CC2CNC2)C(=O)CCN)c1,0.021787
COc1ccc(O)c(NC2CCN(CCN)CC2)c1,0.480955,COc1ccc(O)c(N(C(=O)CN)C2CCNCC2)c1,0.059489
Oc1ccc(CCNCC2CCN2CCN(CC2CCN2)c2cccc(Br)c2O)cc1,0.996039,O=C(NCCc1ccc(O)cc1)C1CCN1CCN(CC1CCN1)c1cccc(Br)c1O,0.94645
NCCNc1cccc(Br)c1O,0.059803,NCC(=O)Nc1cccc(Br)c1O,0.002971
NCCCN1CCC(N(CCCN)c2cccc3cc[nH]c23)CC1,0.72138,NCCCN1CCC(N(C(=O)CCN)c2cccc3cc[nH]c23)CC1,0.610943
Nc1ccc(CN2CCCC(N(CCO)Cc3c[nH]c4ccc(F)cc34)C2)cc1Br,0.986029,Nc1ccc(C(=O)N2CCCC(N(CCO)Cc3c[nH]c4ccc(F)cc34)C2)cc1Br,0.909282
CN(CC[C@@H](N)C(=O)O)CC(=O)O,0.006045,CN(CC(=O)O)C(=O)C[C@@H](N)C(=O)O,0.001802
NCCCN1CCC(N2CC(CNc3cccc4cc[nH]c34)C2)C1,0.453444,NCCCN1CCC(N2CC(C(=O)Nc3cccc4cc[nH]c34)C2)C1,0.12986
OC[C@H](CNCCc1ccccc1Br)NC[C@@H]1CCCN1,0.286888,O=C(NCCc1ccccc1Br)[C@@H](CO)NC[C@@H]1CCCN1,0.035704
Oc1ccccc1CNC[C@H]1CCCN1,0.667053,O=C(NCc1ccccc1O)[C@H]1CCCN1,0.029006
COc1ccc(O)c(NCCN(C)CC2CCN(Cc3ccc(F)cc3)CC2)c1,0.928694,COc1ccc(O)c(NC(=O)CN(C)CC2CCN(Cc3ccc(F)cc3)CC2)c1,0.270214
CC[C@H](N)CN(CCc1ccccc1N1CC(NC23CC(C2)C3)C1)Cc1c[nH]c2ccc(Br)cc12,0.983643,CC[C@H](N)C(=O)N(C1CN(c2ccccc2CCNCc2c[nH]c3ccc(Br)cc23)C1)C12CC(C1)C2,0.425231
NCCC[C@@H](CNC1CC1)N(CC1CCN1Cc1c[nH]c2ccc(Br)cc12)c1ccccc1CCN,0.936228,NCCC[C@@H](C(=O)NC1CC1)N(CC1CCN1Cc1c[nH]c2ccc(Br)cc12)c1ccccc1CCN,0.902144
NCCN(CCNC1CCNC1)CCc1c[nH]c2ccccc12,0.67124,NCC(=O)N(CCNC1CCNC1)CCc1c[nH]c2ccccc12,0.254657
OC[C@@H]1CCCN1C[C@@H]1CCCN1Cc1c[nH]c2ccc(Br)cc12,0.808322,O=C([C@@H]1CCCN1Cc1c[nH]c2ccc(Br)cc12)N1CCC[C@H]1CO,0.285613
NCCC[C@H](N)CN(CCc1ccccc1Br)C1CCN(Cc2c[nH]c3cc(I)ccc23)CC1,0.988796,NCCC[C@H](N)C(=O)N(CCc1ccccc1Br)C1CCN(Cc2c[nH]c3cc(I)ccc23)CC1,0.827492
N[C@@H](CCN1CCC1CNc1ccccc1O)C(=O)O,0.288999,N[C@@H](CC(=O)N(CC1CCN1)c1ccccc1O)C(=O)O,0.058924
C[C@H](NC[C@@H](N)CCCN)C(=O)O,0.010875,C[C@H](N)C(=O)NCCC[C@H](N)C(=O)O,0.002736
NCCCN1CCC1C(=O)Oc1cc(Br)ccc1N,0.076974,NCCC(=O)N1CCC1C(=O)Oc1cc(Br)ccc1N,0.001915
N[C@H](CS)C(=O)Oc1ccc(F)cc1NCC1CCNCC1,0.029688,N[C@H](CS)C(=O)Oc1ccc(F)cc1NC(=O)C1CCNCC1,0.002992
O=C1CN(Cc2cccc(C3c4cc(O)ccc4CCN3CC3CN(Cc4ccccc4CCl)C3)c2)C1,0.182839,O=C1CN(Cc2cccc(C3c4cc(O)ccc4CCN3CC3CN(C(=O)c4ccccc4CCl)C3)c2)C1,0.199091
N#Cc1ccc(N)c(N(Cc2c[nH]c3cc(Br)ccc23)C2CCCN(C3CN(CCO)C3)C2)c1,0.989523,N#Cc1ccc(N)c(N(Cc2c[nH]c3cc(Br)ccc23)C2CCCN(C3CN(C(=O)CO)C3)C2)c1,0.958868
C[C@@H](N)CNCCN1CCC[C@@H]1CN(Cc1c[nH]c2ccc(Br)cc12)c1ccc(Br)cc1O,0.996296,C[C@@H](N)C(=O)NCCN1CCC[C@@H]1CN(Cc1c[nH]c2ccc(Br)cc12)c1ccc(Br)cc1O,0.990352
CN(CCNCCc1c[nH]c2ccccc12)C[C@H]1CCCN1,0.903089,CN(CC(=O)NCCc1c[nH]c2ccccc12)C[C@H]1CCCN1,0.413947
NCCCN1CCc2c(Br)cccc2C1CCNCCNc1ccccc1O,0.986313,NCCC(=O)N(CCNCCC1NCCc2c(Br)cccc21)c1ccccc1O,0.875457
Oc1ccccc1N(C1CCCN(Cc2c[nH]c3cc(Br)ccc23)C1)C1CN(CCBr)C1,0.995077,O=C(CBr)N1CC(N(c2ccccc2O)C2CCCN(Cc3c[nH]c4cc(Br)ccc34)C2)C1,0.982941
NC1(CN2CCC(NCC(=O)O)C2)CCC1,0.022918,NC1(C(=O)N(CC(=O)O)C2CCNC2)CCC1,0.002096
C[C@H](CN1CCC[C@@H]1C(=O)O)NCc1cccc(O)c1N,0.159895,C[C@@H](NCc1cccc(O)c1N)C(=O)N1CCC[C@@H]1C(=O)O,0.01675
NCCCN1CCC(Nc2ccc(Br)cc2N)C1,0.206699,NCCC(=O)N(c1ccc(Br)cc1N)C1CCNC1,0.071401
CNCCN(C[C@H]1CCCN1C[C@H]1CCCN1Cc1c[nH]c2cc(Br)ccc12)c1ccc(Br)cc1N,0.968814,CNCC(=O)N(C[C@H]1CCCN1C[C@H]1CCCN1Cc1c[nH]c2cc(Br)ccc12)c1ccc(Br)cc1N,0.969485
O=C(O)[C@H](CS)NC[C@@H]1CCCN1,0.010764,O=C(O)[C@H](CS)NC(=O)[C@@H]1CCCN1,0.002494
Oc1ccc(C(CBr)N2CCN(CCN(Cc3c[nH]c4cc(O)ccc34)C[C@@H]3CCCN3)CC2)cc1,0.423109,O=C([C@@H]1CCCN1)N(CCN1CCN(C(CBr)c2ccc(O)cc2)CC1)Cc1c[nH]c2cc(O)ccc12,0.82652
CCCN[C@@H](CN(C)CCNc1ccccc1S)[C@@H](C)O,0.137233,CCCN[C@@H](CN(C)CC(=O)Nc1ccccc1S)[C@@H](C)O,0.008848
CC[C@H](N)CN(CCCN(CCBr)Cc1c[nH]c2ccc(F)cc12)CCc1ccc(O)cc1,0.996769,CC[C@H](N)CN(CCCN(Cc1c[nH]c2ccc(F)cc12)C(=O)CBr)CCc1ccc(O)cc1,0.996316
c1ccc(CCNCC2CNC2)cc1,0.721264,O=C(NCCc1ccccc1)C1CNC1,0.017886
CN(CCNc1ccc(Br)cc1O)C[C@H](N)CS,0.057937,CN(CC(=O)Nc1ccc(Br)cc1O)C[C@H](N)CS,0.001873
OC[C@@H]1CCCN1C[C@@H](Cc1ccc(O)cc1)NC[C@H]1CCCN1,0.809584,O=C([C@@H](Cc1ccc(O)cc1)NC[C@H]1CCCN1)N1CCC[C@H]1CO,0.059621
O=Cc1c[nH]c2cc(N3CC(CN(Cc4ccccc4)C[C@H]4CCCN4CC4CNC4)C3)ccc12,0.869841,O=Cc1c[nH]c2cc(N3CC(CN(Cc4ccccc4)C[C@H]4CCCN4C(=O)C4CNC4)C3)ccc12,0.23265
C=CCNCCc1ccccc1NCCCNCCCO,0.217507,C=CC(=O)NCCc1ccccc1NCCCNCCCO,0.042553
c1cc(CCN(C[C@@H]2CCCN2)C2CNC2)ccn1,0.792464,O=C([C@@H]1CCCN1)N(CCc1ccncc1)C1CNC1,0.061506
Nc1ccc(CN2CCC(=O)CC2)cc1Br,0.063489,Nc1ccc(C(=O)N2CCC(=O)CC2)cc1Br,0.002336
Oc1ccc2c(c1)C(CNC1CC1)N(C[C@@H]1CCCN1)CC2,0.916996,O=C(NC1CC1)C1c2cc(O)ccc2CCN1C[C@@H]1CCCN1,0.769948
CNCCNCCCNc1ccccc1O,0.601265,CNCCNCCC(=O)Nc1ccccc1O,0.093642
N[C@H](CCCNc1ccnc2ccccc12)CN1CC(NC2CCC2)C1,0.634218,N[C@H](CCC(=O)Nc1ccnc2ccccc12)CN1CC(NC2CCC2)C1,0.237973
COc1cccc2c1CCNC2CCN(CCCNCCc1c[nH]c2ccccc12)C[C@@H](C)N,0.960792,COc1cccc2c1CCNC2CCN(CCC(=O)NCCc1c[nH]c2ccccc12)C[C@@H](C)N,0.913094
COc1ccccc1CCN(Cc1ccc(N)c(Br)c1)C[C@H]1CCCN1CCCN,0.994306,COc1ccccc1CCN(Cc1ccc(N)c(Br)c1)C[C@H]1CCCN1C(=O)CCN,0.786231
N[C@@H](Cc1ccc(O)cc1)CN1CCC[C@H]1CNCCc1c[nH]c2ccccc12,0.999995,N[C@@H](Cc1ccc(O)cc1)CN1CCC[C@H]1C(=O)NCCc1c[nH]c2ccccc12,0.96335
CC(CCl)N(CCc1ccccc1)CC1CCN1,0.327748,CC(CCl)N(CCc1ccccc1)C(=O)C1CCN1,0.009175
C[C@@H](CNCCc1ccc(O)cc1)NCC(=O)O,0.549943,C[C@H](NCC(=O)NCCc1ccc(O)cc1)C(=O)O,0.020279
C=CCN(CCN)CCN(C)C(CCl)c1ccc(F)cc1F,0.153798,C=CCN(CCN(C)C(CCl)c1ccc(F)cc1F)C(=O)CN,0.091694
CC[C@H](N)CN(CCc1ccc(O)cc1)C[C@H](N)CS,0.534278,CC[C@H](N)C(=O)N(CCc1ccc(O)cc1)C[C@H](N)CS,0.068471
CN(CCNc1ccc(Br)cc1)C[C@@H]1Cc2ccccc2CN1,0.858752,CN(CC(=O)Nc1ccc(Br)cc1)C[C@@H]1Cc2ccccc2CN1,0.043103
C=CCN(Cc1cccc(O)c1)CC1(N(CCCN)Cc2cccc(F)c2F)CCC1,0.921435,C=CC(=O)N(Cc1cccc(O)c1)CC1(N(CCCN)Cc2cccc(F)c2F)CCC1,0.518769
N#Cc1cc(N(Cc2c[nH]c3cc(Br)ccc23)CC2CCN2)cc(N2CCC[C@H]2CO)c1,0.87361,N#Cc1cc(N(Cc2c[nH]c3cc(Br)ccc23)C(=O)C2CCN2)cc(N2CCC[C@H]2CO)c1,0.835484
COc1cccc(CNCC2c3ccccc3CCN2CCNCCCN)c1,0.963635,COc1cccc(CNC(=O)C2c3ccccc3CCN2CCNCCCN)c1,0.651198
C#CCN(C[C@@H](N)CC)CC(C)(C)N,0.043451,C#CCN(C[C@@H](N)CC)C(=O)C(C)(C)N,0.003697
NCCC[C@@H](CN1CCCC(=O)C1)Nc1cccnc1F,0.334298,NCCC[C@H](Nc1cccnc1F)C(=O)N1CCCC(=O)C1,0.007885
Nc1ccc(N(C[C@@H]2CCCN2)C2CC2)cc1O,0.095234,Nc1ccc(N(C(=O)[C@@H]2CCCN2)C2CC2)cc1O,0.214499
NC(=O)CC[C@@H](NCC1CCN1)C(=O)O,0.003945,NC(=O)CC[C@@H](NC(=O)C1CCN1)C(=O)O,0.001747
O=C1CN(CC2CCN(C3CCC3)CC2)C1,0.021846,O=C1CN(C(=O)C2CCN(C3CCC3)CC2)C1,0.002936
O=CCNc1cc(F)c(F)cc1O,0.006779,O=CC(=O)Nc1cc(F)c(F)cc1O,0.000747
COc1ccc(N)c(N(Cc2c[nH]c3ccc(Br)cc23)CC2CCN(C[C@H]3CCCN3CCN)CC2)c1,0.960405,COc1ccc(N)c(N(Cc2c[nH]c3ccc(Br)cc23)CC2CCN(C[C@H]3CCCN3C(=O)CN)CC2)c1,0.82427
Nc1c(F)cccc1CN1CC(CN(C[C@H]2CCCN2)c2ccc(Br)cc2O)C1,0.979107,Nc1c(F)cccc1CN1CC(CN(C(=O)[C@H]2CCCN2)c2ccc(Br)cc2O)C1,0.934946
Oc1cc(Br)ccc1NCC1CCN1CC1CCNCC1,0.722249,O=C(C1CCNCC1)N(CC1CCN1)c1ccc(Br)cc1O,0.137908
COc1ccccc1CCNC[C@H]1CCCN1CCCN,0.955373,COc1ccccc1CCNC(=O)[C@H]1CCCN1CCCN,0.489564
C[C@@H](N)CN1CCC1CN(C)CCNc1cc(F)ccc1O,0.470042,C[C@@H](N)CN1CCC1CN(C)CC(=O)Nc1cc(F)ccc1O,0.062773
NCCCN(CC1CCN(CCC=O)CC1)c1ccc(Br)cc1,0.161691,NCCC(=O)N(CC1CCN(CCC=O)CC1)c1ccc(Br)cc1,0.880851
C[C@H](O)CNCCc1ccncc1,0.097248,C[C@H](O)C(=O)NCCc1ccncc1,0.002282
Oc1ccc(Br)cc1NC[C@H]1CCCN1,0.115521,O=C(Nc1cc(Br)ccc1O)[C@H]1CCCN1,0.011751
C#CCN(CCCN)C[C@H]1CCCN1Cc1ccc(N)c(Br)c1,0.779757,C#CCN(C[C@H]1CCCN1Cc1ccc(N)c(Br)c1)C(=O)CCN,0.453374
NCCN1CC(N(c2ccnc3ccccc23)C2CCN(Cc3ccc(F)cc3)C2)C1,0.993471,NCCN1CC(N(c2ccnc3ccccc23)C2CCN(C(=O)c3ccc(F)cc3)C2)C1,0.9454
CC(C)C[C@@H](N)CN(CC1CNC1)C1CC1,0.015921,CC(C)C[C@@H](N)C(=O)N(CC1CNC1)C1CC1,0.002763
C=CCNCCCNc1c(N)cccc1Br,0.133773,C=CCNCCC(=O)Nc1c(N)cccc1Br,0.008912
Nc1ccc(Br)cc1N(C1CNC1)C1CN(CC2CCNCC2)C1,0.392964,Nc1ccc(Br)cc1N(C1CNC1)C1CN(C(=O)C2CCNCC2)C1,0.047895
N[C@H](CO)CNCCC(=O)O,0.010711,NCCC(=O)N[C@H](CO)C(=O)O,0.00197
Fc1ccc(C(CCl)N2CCC[C@H]2CNCCc2c[nH]c3ccccc23)c(N2CCNCC2)c1,0.976448,O=C(NCCc1c[nH]c2ccccc12)[C@@H]1CCCN1C(CCl)c1ccc(F)cc1N1CCNCC1,0.972364
NC1(CN2CCC[C@H]2CN(CCc2c[nH]c3ccc(O)cc23)Cc2ccc(F)cc2)CCC1,0.99999,NC1(C(=O)N2CCC[C@H]2CN(CCc2c[nH]c3ccc(O)cc23)Cc2ccc(F)cc2)CCC1,0.926214
CC[C@@H](CN1CC(CN(Cc2c[nH]c3cc(Br)ccc23)c2ccccc2S)C1)NCCCN,0.994436,CC[C@@H](CN1CC(CN(Cc2c[nH]c3cc(Br)ccc23)c2ccccc2S)C1)NC(=O)CCN,0.966803
O=C(O)C1CN(CC(CBr)NCCc2ccccc2Br)C1,0.044975,O=C(O)C(CBr)N(CCc1ccccc1Br)C(=O)C1CNC1,0.003096
Oc1ccc(F)cc1N(Cc1c[nH]c2ccccc12)C[C@@H]1CCCN1,0.838903,O=C([C@@H]1CCCN1)N(Cc1c[nH]c2ccccc12)c1cc(F)ccc1O,0.677988
N[C@@H](CCC(=O)O)CN1CCC[C@@H](CN(CC2CN(Cc3c[nH]c4cc(Br)ccc34)C2)c2ccc(Br)cc2)C1,0.904671,N[C@@H](CCC(=O)N1CCC[C@@H](CN(CC2CN(Cc3c[nH]c4cc(Br)ccc34)C2)c2ccc(Br)cc2)C1)C(=O)O,0.341312
Oc1c(Br)cccc1NCC1(NC2CCCNC2)CCC1,0.206632,O=C(Nc1cccc(Br)c1O)C1(NC2CCCNC2)CCC1,0.047809
O=CCNc1ccccn1,0.005294,O=CC(=O)Nc1ccccn1,0.000478
C#CCNC[C@H]1CCCN1C(CCl)c1ccc(Br)cc1,0.433302,C#CCNC(=O)[C@H]1CCCN1C(CCl)c1ccc(Br)cc1,0.036607
c1cc2c(c(N3CCNCC3)c1)CCNC2CNC1CC1,0.303772,O=C(NC1CC1)C1NCCc2c1cccc2N1CCNCC1,0.155735
COc1ccccc1CN(CCN)C[C@H]1CCCN1,0.201431,COc1ccccc1CN(C[C@H]1CCCN1)C(=O)CN,0.078173
CC[C@@H](CN(CCc1ccccc1-c1ccc(F)cc1C)CC1(N)CCC1)NCc1ccc(F)cc1,0.976212,CC[C@@H](CN(CCc1ccccc1-c1ccc(F)cc1C)CC1(N)CCC1)NC(=O)c1ccc(F)cc1,0.962817
N#Cc1ccc(NCC2CCN2C[C@H](N)CCC(=O)O)c(N)c1,0.273145,N#Cc1ccc(N(CC2CCN2)C(=O)CC[C@@H](N)C(=O)O)c(N)c1,0.0321
C=CCN1CCCC(N(C)CCN(Cc2c[nH]c3cc(Br)ccc23)c2cc(OC)ccc2O)C1,0.999983,C=CC(=O)N1CCCC(N(C)CCN(Cc2c[nH]c3cc(Br)ccc23)c2cc(OC)ccc2O)C1,0.889154
COc1ccc(O)c(N(C2CCN(C[C@@H]3CCCN3CCBr)C2)C(CCl)c2ccc(F)cc2F)c1,0.970531,COc1ccc(O)c(N(C2CCN(C[C@@H]3CCCN3C(=O)CBr)C2)C(CCl)c2ccc(F)cc2F)c1,0.90679
NCCCN1CCC[C@@H]1CNc1cccc(Br)c1O,0.561666,NCCCN1CCC[C@@H]1C(=O)Nc1cccc(Br)c1O,0.083809
NCCCCN(CC=O)CC1NCCc2c(Br)cccc21,0.806546,NCCCCN(CC1NCCc2c(Br)cccc21)C(=O)C=O,0.028233
CCCN1CCC1CN1CCN(CCNCc2ccc(F)cc2)CC1,0.302944,CCCN1CCC1CN1CCN(CCNC(=O)c2ccc(F)cc2)CC1,0.265571
N[C@H](CCCNCCc1ccc(O)cc1)CN1CCCC(=O)C1,0.911726,N[C@H](CCC(=O)NCCc1ccc(O)cc1)CN1CCCC(=O)C1,0.319378
CC(CCl)N(C[C@H]1CCCN1CCN)c1ccccc1O,0.455704,CC(CCl)N(C[C@H]1CCCN1C(=O)CN)c1ccccc1O,0.009079
Nc1ccc(CN2CCC2CN2CCC[C@H]2CNc2cc(Br)ccc2N)cc1Br,0.920863,Nc1ccc(C(=O)N(C[C@@H]2CCCN2CC2CCN2)c2cc(Br)ccc2N)cc1Br,0.988271
N[C@@H](CCNc1cccc(Br)c1O)CN1CCC1CN1CCC[C@@H]1C(=O)O,0.350382,N[C@@H](CC(=O)Nc1cccc(Br)c1O)CN1CCC1CN1CCC[C@@H]1C(=O)O,0.11447
COc1cccc(CNCC2CN(C[C@H]3CCCN3Cc3c[nH]c4cc(Br)ccc34)C2)c1,0.996428,COc1cccc(CNC(=O)C2CN(C[C@H]3CCCN3Cc3c[nH]c4cc(Br)ccc34)C2)c1,0.954886
COc1ccccc1CCNC[C@H](N)Cc1ccccc1,0.725653,COc1ccccc1CCNC(=O)[C@H](N)Cc1ccccc1,0.008147
OCCCN(C[C@@H]1CCCN1)c1cncc(F)c1,0.057214,O=C([C@@H]1CCCN1)N(CCCO)c1cncc(F)c1,0.127876
NCCCN1CC(N(Cc2ccccc2)Cc2c[nH]c3cc(Br)ccc23)C1,0.996556,NCCC(=O)N1CC(N(Cc2ccccc2)Cc2c[nH]c3cc(Br)ccc23)C1,0.90757
CNCCN(CC1CNC1)[C@H](CNc1cccc2cc[nH]c12)c1ccccc1,0.582698,CNCCN(CC1CNC1)[C@H](C(=O)Nc1cccc2cc[nH]c12)c1ccccc1,0.202018
Oc1cc(N2CCN(C[C@H]3CCCN3)CC2)ccc1NC1CCC1,0.541167,O=C([C@H]1CCCN1)N(c1ccc(N2CCNCC2)cc1O)C1CCC1,0.045182
C[C@H](N)CN1CCC1CN(C[C@@H]1CCCN1Cc1cccc(F)c1F)c1cc(F)ccc1O,0.976567,C[C@H](N)C(=O)N1CCC1CN(C[C@@H]1CCCN1Cc1cccc(F)c1F)c1cc(F)ccc1O,0.89187
Oc1c(Br)cccc1NCCCN1CCCCC1,0.140858,O=C(CCNc1cccc(Br)c1O)N1CCCCC1,0.001923
CC[C@H](N)CN1CCC[C@H]1CN(C[C@@H](N)CCCN)c1cccc2cc[nH]c12,0.761536,CC[C@H](N)CN1CCC[C@H]1CN(C(=O)[C@@H](N)CCCN)c1cccc2cc[nH]c12,0.746389
NCCCN(C[C@H]1CCCN1)[C@H](Cc1ccc(O)cc1)C(=O)O,0.734639,NCCC(=O)N(C[C@H]1CCCN1)[C@H](Cc1ccc(O)cc1)C(=O)O,0.10316
N#Cc1ccc2[nH]cc(CN(CCCNCCCN)CCc3nc4ccc(Br)cc4o3)c2c1,0.948488,N#Cc1ccc2[nH]cc(CN(CCCNC(=O)CCN)CCc3nc4ccc(Br)cc4o3)c2c1,0.529597
Oc1ccc(F)cc1N(CC1CCN1)C[C@@H]1CCCN1Cc1cccc(F)c1F,0.986003,O=C(C1CCN1)N(C[C@@H]1CCCN1Cc1cccc(F)c1F)c1cc(F)ccc1O,0.972212
NCCN1CCc2c(Br)cccc2C1CN(CCCO)C[C@H]1CCCN1,0.675777,NCC(=O)N1CCC[C@@H]1CN(CCCO)CC1NCCc2c(Br)cccc21,0.610934
C=CCN(CCCN(CCc1ccccc1OC)C1CNC1)c1cc(Br)ccc1O,0.999999,C=CC(=O)N(CCCN(CCc1ccccc1OC)C1CNC1)c1cc(Br)ccc1O,0.99999
Oc1ccc2c(c1)C(c1c[nH]c3cc(Br)ccc13)N(CC1CCN1CC1CCN1)CC2,1.0,O=C(C1CCN1)N1CCC1CN1CCc2ccc(O)cc2C1c1c[nH]c2cc(Br)ccc12,0.990669
COc1cccc(CNCCCNC[C@@H](C)N)c1,0.214143,COc1cccc(CNCCCNC(=O)[C@@H](C)N)c1,0.010089
OCCCN(CC1CN(c2ccc(NCc3ccc(F)cc3)c(O)c2)C1)C1CCC1,0.953061,O=C(Nc1ccc(N2CC(CN(CCCO)C3CCC3)C2)cc1O)c1ccc(F)cc1,0.76155
CSCC[C@@H](N)CN1CCC1C(=O)O,0.009518,CSCC[C@@H](N)C(=O)N1CCC1C(=O)O,0.003162
C=CCN1CCc2c(Br)cccc2C1c1c[nH]c2ccc(N3CC(CN4CCC(=O)CC4)C3)cc12,0.966446,C=CC(=O)N1CCc2c(Br)cccc2C1c1c[nH]c2ccc(N3CC(CN4CCC(=O)CC4)C3)cc12,0.749606
CC(C)C[C@@H](NC[C@@H](N)CO)C(=O)O,0.004056,CC(C)C[C@@H](N)C(=O)N[C@@H](CO)C(=O)O,0.001321
CC[C@H](N)CN(Cc1ccccc1)CC1CNC1,0.208685,CC[C@H](N)CN(Cc1ccccc1)C(=O)C1CNC1,0.018752
COCCNCCN(C)C[C@H](C)Nc1ccc(N)cc1,0.0456,COCCNC(=O)CN(C)C[C@H](C)Nc1ccc(N)cc1,0.005856
Cc1ccnc(Br)c1NCC1CNC1,0.068546,Cc1ccnc(Br)c1NC(=O)C1CNC1,0.005068
Oc1ccccc1N(Cc1ccc(F)cc1)C[C@@H]1CCCN1,0.546542,O=C([C@@H]1CCCN1)N(Cc1ccc(F)cc1)c1ccccc1O,0.197428
NCCCN1CCCC(N(CCNc2cccc3cc[nH]c23)CCc2ccccc2Br)C1,0.971216,NCCC(=O)N(CCN(CCc1ccccc1Br)C1CCCNC1)c1cccc2cc[nH]c12,0.970568
CSCC[C@H](N)CNc1cc(C#N)ccc1O,0.043948,CSCC[C@H](N)C(=O)Nc1cc(C#N)ccc1O,0.00116
COc1cccc2c1CCNC2CNCc1ccc(O)cc1,0.991207,COc1cccc2c1CCNC2C(=O)NCc1ccc(O)cc1,0.387509
O=C(O)[C@@H]1CCCN1C[C@H]1CCCN1,0.019151,O=C(O)[C@@H]1CCCN1C(=O)[C@H]1CCCN1,0.004255
Nc1ccc(CN2CCC[C@@H]2CNCCc2c[nH]c3ccc(O)cc23)cc1Br,0.999998,Nc1ccc(CN2CCC[C@@H]2C(=O)NCCc2c[nH]c3ccc(O)cc23)cc1Br,0.96704
CNCCN1CC(CNCCc2ccccc2)C1,0.260568,CNCCN1CC(C(=O)NCCc2ccccc2)C1,0.0092
NCCN(CC=O)c1ccccn1,0.005521,NCCN(C(=O)C=O)c1ccccn1,0.001526
Oc1cc(Br)ccc1NC[C@@H]1CCCN1C[C@@H]1CCCN1Cc1cccc(F)c1F,0.92702,O=C(c1cccc(F)c1F)N(C[C@@H]1CCCN1C[C@@H]1CCCN1)c1ccc(Br)cc1O,0.99009
C#CCNc1c(F)cccc1CN1CCC[C@H]1CNCCc1c[nH]c2ccccc12,0.981034,C#CCNc1c(F)cccc1CN1CCC[C@H]1C(=O)NCCc1c[nH]c2ccccc12,0.832709
NCCCN1CCCC(NCc2ccccc2O)C1,0.903921,NCCC(=O)N(Cc1ccccc1O)C1CCCNC1,0.297353
c1ccc2c(CCNC[C@H]3CCCN3C[C@@H]3CCCN3)c[nH]c2c1,0.973128,O=C([C@@H]1CCCN1)N(CCc1c[nH]c2ccccc12)C[C@H]1CCCN1,0.17413
NCCCCN(Cc1c[nH]c2ccc(Br)cc12)CC1CCN1,0.823125,NCCCCN(Cc1c[nH]c2ccc(Br)cc12)C(=O)C1CCN1,0.361828
Oc1ccc(CCN(CC2CCN2)C2CCN(Cc3ccc(NCc4ccc(F)cc4)c(Br)c3)CC2)cc1,0.946102,O=C(Nc1ccc(CN2CCC(N(CCc3ccc(O)cc3)CC3CCN3)CC2)cc1Br)c1ccc(F)cc1,0.905466
CNCCN1CCCC(N(Cc2cccc(OC)c2)Cc2c[nH]c3cc(Br)ccc23)C1,0.99999,CNCC(=O)N1CCCC(N(Cc2cccc(OC)c2)Cc2c[nH]c3cc(Br)ccc23)C1,0.779731
C[C@@H](O)[C@@H](N)CN1CCC1CNc1ccc(Br)cc1,0.0754,C[C@@H](O)[C@@H](N)CN1CCC1C(=O)Nc1ccc(Br)cc1,0.001941
N[C@H](CNc1cc(F)ccc1O)Cc1ccc(O)cc1,0.318186,N[C@@H](Cc1ccc(O)cc1)C(=O)Nc1cc(F)ccc1O,0.030047
O=C1CCN(CCCN(CCc2ccncc2)CC(=O)CBr)CC1,0.381701,O=C1CCN(C(=O)CCN(CCc2ccncc2)CC(=O)CBr)CC1,0.173857
Oc1ccccc1NCC1CCN1CCCNC1CCC1,0.740815,O=C(Nc1ccccc1O)C1CCN1CCCNC1CCC1,0.109268
CNCCN[C@H](CC(C)C)CN1CC(=O)C1,0.014244,CNCCN[C@H](CC(C)C)C(=O)N1CC(=O)C1,0.001905
CN(CCCNCc1c[nH]c2cc(Br)ccc12)CCNc1cccc(Br)c1O,0.971448,CN(CCCNCc1c[nH]c2cc(Br)ccc12)CC(=O)Nc1cccc(Br)c1O,0.639807
NCCCN(C[C@@H]1CCCN1)c1ccccc1S,0.200197,NCCC(=O)N(C[C@@H]1CCCN1)c1ccccc1S,0.333881
c1ccc2c(CCNCCCNC3CCCNC3)c[nH]c2c1,0.654872,O=C(CCNC1CCCNC1)NCCc1c[nH]c2ccccc12,0.372718
OC1CCN(Cc2ccc(N(CCBr)C3CN(Cc4c[nH]c5ccc(Br)cc45)C3)c(Br)c2)CC1,0.983311,O=C(CBr)N(c1ccc(CN2CCC(O)CC2)cc1Br)C1CN(Cc2c[nH]c3ccc(Br)cc23)C1,0.938894
COc1ccc(NCCCNCc2cccc(Br)c2)c(N)c1,0.24359,COc1ccc(N)c(NC(=O)CCNCc2cccc(Br)c2)c1,0.008727
NCCCN1CCC[C@@H]1CN(CC1CCN1Cc1c[nH]c2cc(Br)ccc12)c1cccc(Br)c1N,0.98876,NCCC(=O)N1CCC[C@@H]1CN(CC1CCN1Cc1c[nH]c2cc(Br)ccc12)c1cccc(Br)c1N,0.847915
COc1ccccc1CCNC[C@H]1CCCN1CC1c2ccccc2CCN1Cc1ccc(N)c(Br)c1,0.92199,COc1ccccc1CCNC(=O)[C@H]1CCCN1CC1c2ccccc2CCN1Cc1ccc(N)c(Br)c1,0.833318
Nc1ccc(CN(C[C@@H](N)CO)c2cccc(Br)c2O)cc1O,0.145412,Nc1ccc(CN(C(=O)[C@@H](N)CO)c2cccc(Br)c2O)cc1O,0.182075
Fc1ccc(C(CCl)N(C[C@@H]2CCCN2)c2cccc3cc[nH]c23)cc1,0.641569,O=C([C@@H]1CCCN1)N(c1cccc2cc[nH]c12)C(CCl)c1ccc(F)cc1,0.228273
N#Cc1ccc(O)c(N(Cc2c[nH]c3cc(Br)ccc23)C2CN(CC3CCNCC3)C2)c1,0.997427,N#Cc1ccc(O)c(N(Cc2c[nH]c3cc(Br)ccc23)C2CN(C(=O)C3CCNCC3)C2)c1,0.548208
COc1cccc2c1CCNC2c1cnccc1N(Cc1c[nH]c2ccc(Br)cc12)CC1CCN(CC2CCN2)CC1,0.78265,COc1cccc2c1CCN(C(=O)C1CCN1)C2c1cnccc1N(Cc1c[nH]c2ccc(Br)cc12)CC1CCNCC1,0.151541
CSCC[C@@H](CNCCc1ccc(O)cc1)NCC1CCN1,0.488092,CSCC[C@H](NCC1CCN1)C(=O)NCCc1ccc(O)cc1,0.106202
N[C@H](CO)CNc1ccc(Br)cc1,0.007967,N[C@H](CO)C(=O)Nc1ccc(Br)cc1,0.000362
O=C(O)C1CCN(CCCNc2cncc(O)c2)CC1,0.234477,O=C(O)C1CCN(C(=O)CCNc2cncc(O)c2)CC1,0.012071
C[C@@H](N)CN(CCN(C)C1CCN(Cc2c[nH]c3cc(Br)ccc23)C1)c1cc(Br)ccc1O,0.993368,C[C@@H](N)C(=O)N(CCN(C)C1CCN(Cc2c[nH]c3cc(Br)ccc23)C1)c1cc(Br)ccc1O,0.993974
C=CCN(c1cc(Br)ccc1NC(CCl)c1ccc(F)cc1)C1CCCN(CCCN)C1,0.992214,C=CCN(c1cc(Br)ccc1N(C(=O)CCN)C(CCl)c1ccc(F)cc1)C1CCCNC1,0.590251
Brc1cccc(C2c3ccccc3CCN2C[C@H]2CCCN2)c1,0.981053,O=C([C@H]1CCCN1)N1CCc2ccccc2C1c1cccc(Br)c1,0.242735
N[C@H](CS)CN1CCC[C@H]1CN1CCCC(=O)C1,0.024506,N[C@H](CS)CN1CCC[C@H]1C(=O)N1CCCC(=O)C1,0.003976
O=C1CCCN(Cc2ccc(NCc3ccc(F)cc3)c(Br)c2)C1,0.678289,O=C1CCCN(C(=O)c2ccc(NCc3ccc(F)cc3)c(Br)c2)C1,0.003794
Fc1ccc(N(Cc2c[nH]c3cc(Br)ccc23)CC2CN(C3CCN(CCBr)CC3)C2)c(Br)n1,0.967872,O=C(CBr)N1CCC(N2CC(CN(Cc3c[nH]c4cc(Br)ccc34)c3ccc(F)nc3Br)C2)CC1,0.906751
COc1ccc(O)c(N(CCBr)C2CCCN(C[C@H](N)CS)C2)c1,0.282761,COc1ccc(O)c(N(C(=O)CBr)C2CCCN(C[C@H](N)CS)C2)c1,0.239355
CC[C@H](N)CN1CCCC(N(C2CCCN(Cc3c[nH]c4ccc(F)cc34)C2)[C@H](C)c2ccccc2)C1,0.638573,CC[C@H](N)C(=O)N1CCCC(N(C2CCCN(Cc3c[nH]c4ccc(F)cc34)C2)[C@H](C)c2ccccc2)C1,0.469377
CC[C@H](N)CNCCN(Cc1c[nH]c2ccc(Br)cc12)[C@@H](CO)C(=O)Oc1ccc(CN)cc1,0.896694,CC[C@H](N)C(=O)NCCN(Cc1c[nH]c2ccc(Br)cc12)[C@@H](CO)C(=O)Oc1ccc(CN)cc1,0.193772
NC1(CN2CCC[C@@H]2CNc2ccccc2O)CCC1,0.682858,NC1(CN2CCC[C@@H]2C(=O)Nc2ccccc2O)CCC1,0.078479
Nc1ccc(Br)cc1N(CC1CN(C2CN(Cc3c[nH]c4ccc(F)cc34)C2)C1)CC1CCN1,0.972639,Nc1ccc(Br)cc1N(CC1CN(C2CN(Cc3c[nH]c4ccc(F)cc34)C2)C1)C(=O)C1CCN1,0.984462
CN(CCN)CCNCCC(=O)O,0.016718,CN(CCN)CC(=O)NCCC(=O)O,0.005647
COc1ccccc1CCNC[C@@H](CS)N(CCCN)C1CNC1,0.378838,COc1ccccc1CCN(C[C@@H](CS)NC1CNC1)C(=O)CCN,0.062357
C[C@@H](N)CN(CCCCNCc1c[nH]c2cc(Br)ccc12)CCCNc1ccc(B(O)O)cc1C#N,0.94376,C[C@@H](N)C(=O)N(CCCCNCCCNc1ccc(B(O)O)cc1C#N)Cc1c[nH]c2cc(Br)ccc12,0.346679
CN(CCN(CC1CCN1)c1ccc(Br)cc1O)Cc1ccc(F)cc1,0.972796,CN(CCN(C(=O)C1CCN1)c1ccc(Br)cc1O)Cc1ccc(F)cc1,0.929805
c1cc(NCCCNC2CCNC2)c2[nH]ccc2c1,0.552268,O=C(CCNC1CCNC1)Nc1cccc2cc[nH]c12,0.149201
COc1ccccc1CCNCCN(C)C[C@H](C)N(Cc1c[nH]c2ccc(F)cc12)CC1CCN1,0.990571,COc1ccccc1CCN(CCN(C)C[C@H](C)NCc1c[nH]c2ccc(F)cc12)C(=O)C1CCN1,0.89418
Oc1ccc(CN2CCC[C@@H]2CNC2CC2)cc1NCc1c[nH]c2cc(Br)ccc12,0.988328,O=C(NC1CC1)[C@H]1CCCN1Cc1ccc(O)c(NCc2c[nH]c3cc(Br)ccc23)c1,0.954001
CC[C@H](N)CN1CCCC(N(C[C@H](C)N)c2cc(OC)ccc2O)C1,0.539809,CC[C@H](N)CN1CCCC(N(C(=O)[C@H](C)N)c2cc(OC)ccc2O)C1,0.555981
COc1ccccc1CCNCCNC[C@@H]1C[C@@H](O)CN1,0.271434,COc1ccccc1CCNC(=O)CNC[C@@H]1C[C@@H](O)CN1,0.06172
NC1(CNCCN2CCC[C@H](O)C2)CCC1,0.039336,NC1(C(=O)NCCN2CCC[C@H](O)C2)CCC1,0.009087
Brc1cccc(N(c2ccccn2)C2CCNC2)c1NCC1CCN1,0.706416,O=C(Nc1c(Br)cccc1N(c1ccccn1)C1CCNC1)C1CCN1,0.228906
Fc1ccc(C(CCl)NCCCCNC[C@@H]2CCCN2)cc1,0.192502,O=C(NCCCCNC(CCl)c1ccc(F)cc1)[C@@H]1CCCN1,0.062455
C[C@H](N)CN1CC(CNc2ccccc2S)C1,0.060837,C[C@H](N)CN1CC(C(=O)Nc2ccccc2S)C1,0.001876
COc1ccccc1CCN(CCCN)CCCNCc1c[nH]c2cc(Br)ccc12,0.999998,COc1ccccc1CCN(CCCNCc1c[nH]c2cc(Br)ccc12)C(=O)CCN,0.745804
C=CCNc1ccc(Br)cc1N(CC1CN(C[C@@H]2CCCN2)C1)C(CCl)c1ccc(Br)cc1,0.932143,C=CCN(C(=O)[C@@H]1CCCN1)c1ccc(Br)cc1N(CC1CNC1)C(CCl)c1ccc(Br)cc1,0.586056
C#CCNCc1ccc(N(C[C@@H](C)N)C2CCN(Cc3ccc(F)cc3)CC2)c(Br)c1,0.959529,C#CCN(Cc1ccc(NC2CCN(Cc3ccc(F)cc3)CC2)c(Br)c1)C(=O)[C@@H](C)N,0.755214
NC1(CN2CCCC(=O)C2)CCC1,0.017367,NC1(C(=O)N2CCCC(=O)C2)CCC1,0.001128
NCCCCNCCCN1CCC(=O)CC1,0.036879,NCCCCNC(=O)CCN1CCC(=O)CC1,0.016666
Brc1ccc2c(CN(CCCN(C[C@H]3CCCN3)C3CCCNC3)Cc3ccccc3)c[nH]c2c1,0.914308,O=C([C@H]1CCCN1)N(CCCN(Cc1ccccc1)Cc1c[nH]c2cc(Br)ccc12)C1CCCNC1,0.485233
C=CCNC[C@@H]1CCCN1c1ncc(Br)cc1C,0.096937,C=CCNC(=O)[C@@H]1CCCN1c1ncc(Br)cc1C,0.005957
C=CCNCC(CBr)N(Cc1ccccc1OC)C1CCN(Cc2c[nH]c3ccc(Br)cc23)C1,0.970835,C=CCNC(=O)C(CBr)N(Cc1ccccc1OC)C1CCN(Cc2c[nH]c3ccc(Br)cc23)C1,0.821773
NCCN1CC(CNc2ccccc2S)C1,0.121514,NCCN1CC(C(=O)Nc2ccccc2S)C1,0.00436
COc1ccccc1CCNCCNC1CCNC1,0.5,COc1ccccc1CCNC(=O)CNC1CCNC1,0.11295
NCCN1Cc2ccccc2C[C@H]1C(=O)O,0.054638,NCC(=O)N1Cc2ccccc2C[C@H]1C(=O)O,0.020549
CNCCN1CCC1CN1CCC[C@H]1CNc1cc(F)ccc1O,0.769078,CNCCN1CCC1CN1CCC[C@H]1C(=O)Nc1cc(F)ccc1O,0.44949
Oc1ccccc1CNC[C@@H](CS)NC[C@@H]1CCCN1,0.407154,O=C(N[C@H](CS)CNCc1ccccc1O)[C@@H]1CCCN1,0.087761
O=CCN(c1cc(Br)ccc1O)C1CCNCC1,0.083827,O=CC(=O)N(c1cc(Br)ccc1O)C1CCNCC1,0.013831
COc1cccc2c1CCN(C[C@@H](C)N(CCCN)CCCN)C2c1c[nH]c2cc(Br)ccc12,0.99484,COc1cccc2c1CCN(C[C@@H](C)N(CCCN)C(=O)CCN)C2c1c[nH]c2cc(Br)ccc12,0.924591
NCCCN[C@@H](CO)CNCc1ccc(O)cc1,0.588258,NCCC(=O)N[C@@H](CO)CNCc1ccc(O)cc1,0.092499
N[C@H](CC(=O)O)CN1CCC1CNCCc1ccc(O)cc1,0.893632,N[C@H](CC(=O)NCCc1ccc(O)cc1)CN1CCC1C(=O)O,0.08353
CN(CCC=O)CCN(CCCNCc1ccc(F)cc1)CCc1c[nH]c2ccccc12,0.999999,CN(CCC=O)CCN(CCCNC(=O)c1ccc(F)cc1)CCc1c[nH]c2ccccc12,0.986092
Brc1cccc(NCC2CCN2)c1CN1CCC(NC2CCC2)CC1,0.350064,O=C(Nc1cccc(Br)c1CN1CCC(NC2CCC2)CC1)C1CCN1,0.191001
N[C@H](Cc1ccc(O)cc1)CN1CCC(C(=O)O)CC1,0.655192,N[C@H](Cc1ccc(O)cc1)C(=O)N1CCC(C(=O)O)CC1,0.033367
O=C(O)c1cccc(F)c1N1CCC(N2CCC(CN3CCCCC3)CC2)C1,0.55969,O=C(O)C1CCN(C2CCN(c3c(F)cccc3C(=O)N3CCCCC3)C2)CC1,0.062656
O=C(O)[C@H]1CCCN(CC2CNC2)C1,0.023817,O=C(O)C1CN(C(=O)[C@H]2CCCNC2)C1,0.00348
COc1cccc2c1CCN(Cc1ccc(N)c(Br)c1)C2CCN1CCC(=O)CC1,0.999985,COc1cccc2c1CCN(C(=O)c1ccc(N)c(Br)c1)C2CCN1CCC(=O)CC1,0.976256
O=C(O)C1CCN(CCNc2ccccc2O)CC1,0.118808,O=C(O)C1CCN(C(=O)CNc2ccccc2O)CC1,0.008618
Oc1ccc(F)cc1N(CCN1CCC[C@@H](O)C1)C1CCNC1,0.686759,O=C(CN(c1cc(F)ccc1O)C1CCNC1)N1CCC[C@@H](O)C1,0.035773
COc1ccccc1CCN(Cc1ccc(Nc2cc(N)cc(C#N)c2)c(Br)c1)C[C@@H]1CCCN1CCBr,0.885198,COc1ccccc1CCN(Cc1ccc(N(C(=O)CBr)c2cc(N)cc(C#N)c2)c(Br)c1)C[C@@H]1CCCN1,0.566569
Brc1ccc2[nH]cc(CN3CCC[C@@H]3CNCCc3ccccc3Br)c2c1,0.999988,O=C(NCCc1ccccc1Br)[C@H]1CCCN1Cc1c[nH]c2ccc(Br)cc12,0.88735
N[C@@H](CO)CNc1cc(F)ccc1O,0.044596,N[C@@H](CO)C(=O)Nc1cc(F)ccc1O,0.00262
NCCCN[C@H](Cc1ccc(O)cc1)CN1CC(C(=O)O)C1,0.493204,NCCC(=O)N[C@H](Cc1ccc(O)cc1)CN1CC(C(=O)O)C1,0.092771
C[C@H](N)CN1CCC[C@@H](CNc2ccccn2)C1,0.332744,C[C@H](N)CN1CCC[C@@H](C(=O)Nc2ccccn2)C1,0.033342
CN(CCN(CC1CCN1CCN)c1ccc(Br)cc1O)Cc1ccc(F)cc1,0.996905,CN(CCN(CC1CCN1C(=O)CN)c1ccc(Br)cc1O)Cc1ccc(F)cc1,0.737829
O=CCN1CCC(NCCc2ccccc2)C1,0.177613,O=CC(=O)N(CCc1ccccc1)C1CCNC1,0.006716
Nc1cc(Br)ccc1NC1CCN(CC2CCN2)CC1,0.682928,Nc1cc(Br)ccc1N(C(=O)C1CCN1)C1CCNCC1,0.087326
NCCCN1CCC(N2CCC(=O)C2)C1,0.054119,NCCC(=O)N1CCC(N2CCC(=O)C2)C1,0.011639
CCCN1CCC[C@H]1CN(Cc1ccc(NCCCN)c(Br)c1)c1cc(Br)ccc1O,0.990419,CCCN1CCC[C@H]1CN(Cc1ccc(NC(=O)CCN)c(Br)c1)c1cc(Br)ccc1O,0.966908
NC(=O)CC[C@H](N)CN1CCC[C@H]1C(=O)O,0.005923,NC(=O)CC[C@H](N)C(=O)N1CCC[C@H]1C(=O)O,0.001809
COc1ccc(N)c(NCC2CCN2)c1,0.04492,COc1ccc(N)c(NC(=O)C2CCN2)c1,0.005948
NC(=O)CC[C@H](N)CN1CCC[C@H]1CNCCc1ccc(O)cc1,0.901107,NC(=O)CC[C@H](N)CN1CCC[C@H]1C(=O)NCCc1ccc(O)cc1,0.20945
N#Cc1ccc(N)c(NCC2CCN2)c1,0.0611,N#Cc1ccc(N)c(NC(=O)C2CCN2)c1,0.007247
COc1ccc(O)c(N(C[C@@H]2CCCN2)C(CCl)c2ccc(Br)cc2)c1,0.876705,COc1ccc(O)c(N(C(=O)[C@@H]2CCCN2)C(CCl)c2ccc(Br)cc2)c1,0.193885
C[C@H](N)CNc1ccc(Br)cc1N,0.018217,C[C@H](N)C(=O)Nc1cc(Br)ccc1N,0.001474
Brc1ccc(NCc2c[nH]c3cc(Br)ccc23)c(NC[C@@H]2CCCN2C[C@@H]2CCCNC2)c1,0.930821,O=C([C@@H]1CCCNC1)N(C[C@@H]1CCCN1)c1cc(Br)ccc1NCc1c[nH]c2cc(Br)ccc12,0.603144
NCCN1C[C@H](O)C[C@H]1C(=O)O,0.005423,NCC(=O)N1C[C@H](O)C[C@H]1C(=O)O,0.003425
Nc1cc(Br)ccc1N(Cc1c[nH]c2ccc(Br)cc12)CC1CCN1C[C@@H]1CCCN1,0.999988,Nc1cc(Br)ccc1N(Cc1c[nH]c2ccc(Br)cc12)CC1CCN1C(=O)[C@@H]1CCCN1,0.685362
NCCN[C@H](CCN1CCC1CNc1ccccc1S)CNCCc1ccccc1Br,0.785187,NCCN[C@H](CCN1CCC1CNc1ccccc1S)C(=O)NCCc1ccccc1Br,0.553555
COc1cccc(CNCCN(CCC=O)C2CN(Cc3cccc(Br)c3)C2)c1,0.991201,COc1cccc(CNC(=O)CN(CCC=O)C2CN(Cc3cccc(Br)c3)C2)c1,0.523942
Oc1cc(F)c(F)cc1N(CC1CCNCC1)C1CN(C2CNC2)C1,0.402265,O=C(C1CCNCC1)N(c1cc(F)c(F)cc1O)C1CN(C2CNC2)C1,0.292453
COc1ccccc1CCNCC1CN(C[C@@H](N)CCCN)C1,0.671022,COc1ccccc1CCN(CC1CNC1)C(=O)[C@@H](N)CCCN,0.030185
O=C(O)C1CN(C[C@H](Cc2ccc(O)cc2)NCC2CCN2)C1,0.526128,O=C(O)C1CN(C[C@H](Cc2ccc(O)cc2)NC(=O)C2CCN2)C1,0.164807
O=C1CCN(Cc2ccc(NC3CCNC3)c(Br)c2)C1,0.154325,O=C1CCN(C(=O)c2ccc(NC3CCNC3)c(Br)c2)C1,0.014561
O=C1CCN(CCCNCc2c[nH]c3ccc(Br)cc23)CC1,0.788514,O=C1CCN(C(=O)CCNCc2c[nH]c3ccc(Br)cc23)CC1,0.056837
O=CCCN[C@@H](CO)CNc1cc(Br)ccc1O,0.041683,O=CCCN[C@@H](CO)C(=O)Nc1cc(Br)ccc1O,0.001865
CC[C@@H](CNc1cccc(Br)c1O)NC1CCCNC1,0.191843,CC[C@H](NC1CCCNC1)C(=O)Nc1cccc(Br)c1O,0.04676
NCCN(CC1CNC1)[C@@H](CS)C(=O)O,0.010258,NCCN(C(=O)C1CNC1)[C@@H](CS)C(=O)O,0.003262
NC1(CN2CCC[C@H]2CN2CC(CN(Cc3c[nH]c4cc(Br)ccc34)c3cc(Br)ccc3O)C2)CCC1,0.979935,NC1(C(=O)N2CCC[C@H]2CN2CC(CN(Cc3c[nH]c4cc(Br)ccc34)c3cc(Br)ccc3O)C2)CCC1,0.829466
ClCC(c1ccc(Cl)c(Cl)c1)N(CCc1ccccc1)C1CN(CC2CCN2)C1,0.976769,O=C(C1CCN1)N1CC(N(CCc2ccccc2)C(CCl)c2ccc(Cl)c(Cl)c2)C1,0.79198
c1ccc2c(CCNCCNC[C@@H]3CCCN3)c[nH]c2c1,0.716474,O=C(CNC[C@@H]1CCCN1)NCCc1c[nH]c2ccccc12,0.467136
C=CCN1CCC[C@@H]1CN(c1ccc(C#N)cc1NCc1c[nH]c2cc(Br)ccc12)C1CNC1,0.995324,C=CC(=O)N(Cc1c[nH]c2cc(Br)ccc12)c1cc(C#N)ccc1N(C[C@H]1CCCN1)C1CNC1,0.925967
NC1(CN2CCC(=O)CC2)CCC1,0.027822,NC1(C(=O)N2CCC(=O)CC2)CCC1,0.002209
CC[C@H](N)CNc1ccccc1O,0.102856,CC[C@H](N)C(=O)Nc1ccccc1O,0.002397
Nc1cccc(N(CC2CCN2)[C@@H](CO)CN(CCc2ccc(O)cc2)CC2CCN2)c1O,0.861129,Nc1cccc(N(C(=O)C2CCN2)[C@@H](CO)CN(CCc2ccc(O)cc2)CC2CCN2)c1O,0.561858
CN(CCNC1CCC1)C1CCC1,0.013574,CN(CC(=O)NC1CCC1)C1CCC1,0.003167
O=C(O)C1CN(CCNCC2CCN2)C1,0.01695,O=C(O)C1CN(C(=O)CNCC2CCN2)C1,0.007086
COc1ccc(O)c(NCC2CN(C[C@@H](N)CCCN)C2)c1,0.425617,COc1ccc(O)c(N(CC2CNC2)C(=O)[C@@H](N)CCCN)c1,0.12182
C[C@@H](N)CN1CCC1CN(CCCNCc1ccc(F)cc1)c1cc(F)ccc1O,0.995087,C[C@@H](N)C(=O)N(CCCN(CC1CCN1)c1cc(F)ccc1O)Cc1ccc(F)cc1,0.715574
C[C@H](N)CN(Cc1c[nH]c2cc(Br)ccc12)c1ccc(N2CCN(C3CCCNC3)CC2)cc1O,0.993689,C[C@H](N)C(=O)N(Cc1c[nH]c2cc(Br)ccc12)c1ccc(N2CCN(C3CCCNC3)CC2)cc1O,0.995354
CNCCN1CC(CNc2ccc(Br)cc2N)C1,0.076552,CNCC(=O)N(CC1CNC1)c1ccc(Br)cc1N,0.097175
N#Cc1ccc(N)c(N(C[C@@H]2CCCN2Cc2c[nH]c3cc(Br)ccc23)C2CN(C[C@@H]3CCCN3)C2)c1,0.987852,N#Cc1ccc(N)c(N(C[C@@H]2CCCN2Cc2c[nH]c3cc(Br)ccc23)C2CN(C(=O)[C@@H]3CCCN3)C2)c1,0.778267
CC[C@H](NCCN)C(=O)O,0.007231,CC[C@H](N)C(=O)NCC(=O)O,0.001801
CC(C)(N)CNc1ccc(Br)cc1,0.004623,CC(C)(N)C(=O)Nc1ccc(Br)cc1,0.000132
NC1(CN(CC2CCN2C[C@@H]2CCCN2)c2ccc(Br)cc2O)CCC1,0.722391,NC1(C(=O)N(CC2CCN2C[C@@H]2CCCN2)c2ccc(Br)cc2O)CCC1,0.891024
Nc1ccc(Br)cc1N(CCCNCCBr)C1CCCN(Cc2c[nH]c3ccc(Br)cc23)C1,0.992055,NCCCN(c1cc(Br)ccc1NC(=O)CBr)C1CCCN(Cc2c[nH]c3ccc(Br)cc23)C1,0.943557
CC[C@H](N)CN1CC(CN[C@@H](C)CNCc2cccc(OC)c2)C1,0.158584,CC[C@H](N)C(=O)N(CC1CNC1)[C@@H](C)CNCc1cccc(OC)c1,0.010195
NCCCN(C1CC1)C1CCN(Cc2c[nH]c3cc(Br)ccc23)C1,0.887583,NCCC(=O)N(C1CC1)C1CCN(Cc2c[nH]c3cc(Br)ccc23)C1,0.452253
O=C1CN(CCCNCCCO)C1,0.013354,O=C1CN(CCC(=O)NCCCO)C1,0.004011
BrCCN(CCBr)C1(CN(CCc2ccccc2Br)Cc2c[nH]c3ccc(Br)cc23)CCC1,0.951722,O=C(CBr)N(CCBr)C1(CN(CCc2ccccc2Br)Cc2c[nH]c3ccc(Br)cc23)CCC1,0.882631
NCCCN(CC#Cc1cccc(N)c1O)CC1CCN1,0.691393,NCCCN(CC#Cc1cccc(N)c1O)C(=O)C1CCN1,0.126776
COc1ccc(N)c(NC[C@@H]2CCCN2C[C@@H](N)CO)c1,0.372366,COc1ccc(N)c(NC(=O)[C@@H]2CCCN2C[C@@H](N)CO)c1,0.09384
Nc1cccc(Br)c1CNCCCN1CC(=O)C1,0.041723,Nc1cccc(Br)c1C(=O)NCCCN1CC(=O)C1,0.01044
CN(CCN(Cc1ccc(O)cc1)Cc1c[nH]c2ccc(S)cc12)C[C@H]1CCCN1,0.905532,CN(CCN(Cc1ccc(O)cc1)Cc1c[nH]c2ccc(S)cc12)C(=O)[C@H]1CCCN1,0.799236
C[C@@H](CN(C)CC(=O)O)N(CCN(C)Cc1ccc(N)c(Br)c1)Cc1c[nH]c2cc(Br)ccc12,0.924548,C[C@@H](C(=O)N(C)CC(=O)O)N(CCN(C)Cc1ccc(N)c(Br)c1)Cc1c[nH]c2cc(Br)ccc12,0.809205
Brc1ccc2[nH]cc(CN(C[C@H]3CCCN3CC3CCN3)c3cccnc3Br)c2c1,0.996946,O=C(C1CCN1)N1CCC[C@@H]1CN(Cc1c[nH]c2ccc(Br)cc12)c1cccnc1Br,0.362007
C[C@H](NC[C@H](N)CO)C(=O)O,0.005206,C[C@H](N)C(=O)N[C@H](CO)C(=O)O,0.001616
CN(CCNCCCCN)C1CN(c2nc3ccccc3[nH]2)C1,0.130353,CN(CC(=O)NCCCCN)C1CN(c2nc3ccccc3[nH]2)C1,0.013672
CNCCN1CC(Nc2ccccc2O)C1,0.124357,CNCC(=O)N(c1ccccc1O)C1CNC1,0.302439
COc1ccccc1CCNCC[C@@H](N)CN(CCCN)CCc1ccccc1,0.886805,COc1ccccc1CCN(CC[C@@H](N)CNCCc1ccccc1)C(=O)CCN,0.099067
CC[C@H](NC[C@H](C)NC1CCNCC1)C(=O)O,0.009505,CC[C@H](NC(=O)[C@H](C)NC1CCNCC1)C(=O)O,0.003349
CNCCN(CCN)C1CC1,0.042859,CN(CCNC1CC1)C(=O)CN,0.008523
C[C@@H](CNCc1ccc(O)cc1)N(CCC=O)CC1CCN1,0.832859,C[C@@H](CN(Cc1ccc(O)cc1)C(=O)C1CCN1)NCCC=O,0.048251
Nc1ccc(CN(CCc2ccc(O)cc2)CC2CCN2)cc1Br,0.994565,Nc1ccc(C(=O)N(CCc2ccc(O)cc2)CC2CCN2)cc1Br,0.801503
Nc1ccc(CN2CCC[C@H]2CN2CCCC(Nc3ccccc3O)C2)cc1O,0.623156,Nc1ccc(C(=O)N(c2ccccc2O)C2CCCN(C[C@@H]3CCCN3)C2)cc1O,0.948152
Nc1cc(Br)ccc1NCCN(C[C@@H]1CCCN1)CC1(N)CCC1,0.583122,Nc1cc(Br)ccc1N(CCNC[C@@H]1CCCN1)C(=O)C1(N)CCC1,0.145063
Nc1ccc(CN(CCc2c[nH]c3ccccc23)CC2CCN(C3CCC3)CC2)cc1Br,0.997373,Nc1ccc(C(=O)N(CCc2c[nH]c3ccccc23)CC2CCN(C3CCC3)CC2)cc1Br,0.957149
NC1(CN(C[C@@H]2CCCN2)c2cc(F)ccc2O)CCC1,0.191683,NC1(CN(C(=O)[C@@H]2CCCN2)c2cc(F)ccc2O)CCC1,0.259504
C#CCN(CCCN)CCC[C@@H](N)CN1CCc2c(OC)cccc2C1c1c[nH]c2ccc(Br)cc12,0.991162,C#CCN(CCC[C@@H](N)CN1CCc2c(OC)cccc2C1c1c[nH]c2ccc(Br)cc12)C(=O)CCN,0.706742
CC(C)CNC[C@@H]1CCCN1,0.016066,CC(C)CNC(=O)[C@@H]1CCCN1,0.002696
O=C(O)c1cccc(F)c1NCC1CN(CC2CCN2)C1,0.0582,O=C(O)c1cccc(F)c1NC(=O)C1CN(CC2CCN2)C1,0.004761
COc1cccc2c1CCN(C[C@H](N)CS)C2C(=O)O,0.144169,COc1cccc2c1CCN(C(=O)[C@H](N)CS)C2C(=O)O,0.002753
CNCCN(CC1CCN(Cc2c[nH]c3ccc(Br)cc23)CC1)c1ccc(Br)cc1,0.995131,CNCC(=O)N(CC1CCN(Cc2c[nH]c3ccc(Br)cc23)CC1)c1ccc(Br)cc1,0.987719
Nc1ccc(Br)cc1N(Cc1c[nH]c2ccc(Br)cc12)C[C@@H]1CCCN1CC=O,0.981046,Nc1ccc(Br)cc1N(Cc1c[nH]c2ccc(Br)cc12)C[C@@H]1CCCN1C(=O)C=O,0.24215
Nc1ccc(Br)cc1NCC1CCN(CC2CCN2Cc2c[nH]c3cc(Br)ccc23)CC1,0.974962,Nc1cc(Br)ccc1NC(=O)C1CCN(CC2CCN2Cc2c[nH]c3cc(Br)ccc23)CC1,0.930512
N#Cc1cc(N)cc(N(CC2CCN2)c2c(F)cccc2CN(CCCN)C2CC2)c1,0.943397,N#Cc1cc(N)cc(N(C(=O)C2CCN2)c2c(F)cccc2CN(CCCN)C2CC2)c1,0.671479
C=CCN1CCC1C(=O)O[C@@H]1CCN(Cc2c[nH]c3ccc(-c4ccc(Cl)cc4)cc23)C1,0.963045,C=CC(=O)N1CCC1C(=O)O[C@@H]1CCN(Cc2c[nH]c3ccc(-c4ccc(Cl)cc4)cc23)C1,0.516031
C[C@@H](O)CN(CCc1ccc(O)cc1)C1CCNC1,0.819036,C[C@@H](O)C(=O)N(CCc1ccc(O)cc1)C1CCNC1,0.09375
C=CCN(CCNc1cc(F)ccc1O)CC1CCNCC1,0.527593,C=CCN(CC(=O)Nc1cc(F)ccc1O)CC1CCNCC1,0.105206
C[C@H](O)CNCC(=O)CBr,0.003403,C[C@H](O)CNC(=O)C(=O)CBr,0.000748
Nc1c(Br)cccc1N(Cc1c[nH]c2cc(Br)ccc12)CC1CCN1,0.815443,Nc1c(Br)cccc1N(Cc1c[nH]c2cc(Br)ccc12)C(=O)C1CCN1,0.843131
Nc1ccc(Br)cc1N(Cc1c[nH]c2cc(Br)ccc12)C1CCN(CC2CCN2)CC1,0.9966,Nc1ccc(Br)cc1N(Cc1c[nH]c2cc(Br)ccc12)C1CCN(C(=O)C2CCN2)CC1,0.647207
Nc1ccc(CN2CCC2CN(CCC=O)c2cc(F)c(F)cc2O)cc1Br,0.942482,Nc1ccc(C(=O)N2CCC2CN(CCC=O)c2cc(F)c(F)cc2O)cc1Br,0.249573
COc1cccc2c1CCN(C[C@@H]1CCCN1Cc1c[nH]c3ccc(Br)cc13)C2CNC1CC1,0.999988,COc1cccc2c1CCN(C[C@@H]1CCCN1Cc1c[nH]c3ccc(Br)cc13)C2C(=O)NC1CC1,0.990844
Nc1ccc(Br)cc1NC1CCCN(C[C@H]2CCCN2)C1,0.586386,Nc1ccc(Br)cc1N(C(=O)[C@H]1CCCN1)C1CCCNC1,0.15244
CNCCN1CCC[C@@H]1CN(CCc1ccc(O)cc1)C(CCl)c1ccc(F)cc1,0.983901,CNCC(=O)N1CCC[C@@H]1CN(CCc1ccc(O)cc1)C(CCl)c1ccc(F)cc1,0.846757
Brc1ccc(NCCNCC2CNC2)cc1,0.169851,O=C(CNCC1CNC1)Nc1ccc(Br)cc1,0.046096
Brc1ccc2[nH]cc(CN3CCN(Cc4ccncc4)CC3)c2c1,0.539471,O=C(c1ccncc1)N1CCN(Cc2c[nH]c3ccc(Br)cc23)CC1,0.56343
C[C@H](N)CNCCN1CCC(O)CC1,0.026022,C[C@H](N)C(=O)NCCN1CCC(O)CC1,0.011171
O=CCNc1cc(Br)ccc1O,0.007095,O=CC(=O)Nc1cc(Br)ccc1O,0.000521
CN(CCN1CC(=O)C1)C[C@@H]1CCCN1,0.03281,CN(CC(=O)N1CC(=O)C1)C[C@@H]1CCCN1,0.007658
CC[C@H](N)CN1CCC[C@@H]1C(=O)OCC(c1ccc(Cl)c(Cl)c1)N(CCBr)CCc1c[nH]c2ccccc12,0.971021,CC[C@H](N)CN1CCC[C@@H]1C(=O)OCC(c1ccc(Cl)c(Cl)c1)N(CCc1c[nH]c2ccccc12)C(=O)CBr,0.841262
N#Cc1cc(Br)cc(NC2CCCN(C[C@H]3CCCN3)C2)c1,0.784934,N#Cc1cc(Br)cc(N(C(=O)[C@H]2CCCN2)C2CCCNC2)c1,0.165065
c1ccc2c(CCNCCCNCC3CCN3)c[nH]c2c1,0.711825,O=C(NCCCNCCc1c[nH]c2ccccc12)C1CCN1,0.582275
C[C@@H](N)CN(C[C@@H]1CCCNC1)c1ccc(Br)cc1O,0.088759,C[C@@H](N)CN(C(=O)[C@@H]1CCCNC1)c1ccc(Br)cc1O,0.182427
Brc1cccc2c1CCN(CC1CCN1)C2CNC12CC(C1)C2,0.881228,O=C(C1CCN1)N(CC1NCCc2c(Br)cccc21)C12CC(C1)C2,0.118292
NCCCN1CCC1CNCCc1ccc(O)cc1,0.98494,NCCCN1CCC1C(=O)NCCc1ccc(O)cc1,0.616854
C[C@H](CN1CCC1CNc1cccnc1Br)NCCNCc1c[nH]c2cc(Br)ccc12,0.907557,C[C@H](CN1CCC1C(=O)Nc1cccnc1Br)NCCNCc1c[nH]c2cc(Br)ccc12,0.804949
Fc1cc(N(CCc2c[nH]c3ccccc23)C2CCN(CC3CCN3C[C@@H]3CCCN3)C2)ccn1,0.987436,O=C([C@@H]1CCCN1)N1CCC1CN1CCC(N(CCc2c[nH]c3ccccc23)c2ccnc(F)c2)C1,0.964716
CN(CCNCCc1ccc(O)cc1)CC1CCN1,0.927883,CN(CC(=O)NCCc1ccc(O)cc1)CC1CCN1,0.393279
Nc1ccc(CN(CCc2ccc(O)cc2)C[C@@H]2CCCN2)cc1Br,0.994497,Nc1ccc(CN(CCc2ccc(O)cc2)C(=O)[C@@H]2CCCN2)cc1Br,0.743025
C[C@H](CN(C)CC(=O)O)NCCCN,0.013423,C[C@@H](N)CN(C)CC(=O)NCCC(=O)O,0.005574
CN(CCN)CCN(C[C@@H]1CCCN1)c1cccc2cc[nH]c12,0.785915,CN(CCN)CCN(C(=O)[C@@H]1CCCN1)c1cccc2cc[nH]c12,0.910423
C#CCNCCCN(C)CCNc1c(N)cccc1Br,0.296774,C#CCNC(=O)CCN(C)CCNc1c(N)cccc1Br,0.055744
Oc1cc(F)c(F)cc1N(CCNC[C@@H]1CCCN1)C1CCCNC1,0.176677,O=C(NCCN(c1cc(F)c(F)cc1O)C1CCCNC1)[C@@H]1CCCN1,0.13979
N#Cc1cc(Br)cc(NCCBr)c1,0.003966,N#Cc1cc(Br)cc(NC(=O)CBr)c1,0.000303
NCCN1CC(N(CCc2c[nH]c3ccccc23)C[C@H](N)Cc2c[nH]c3ccccc23)C1,0.526901,NCC(=O)N1CC(N(CCc2c[nH]c3ccccc23)C[C@H](N)Cc2c[nH]c3ccccc23)C1,0.464708
NCCC[C@H](N)CN1CCC[C@@H]1CNc1cc(Br)ccc1N,0.62588,NCCC[C@H](N)CN1CCC[C@@H]1C(=O)Nc1cc(Br)ccc1N,0.263184
C[C@H](N)CN[C@H](C)CN(CCc1ccc(O)cc1)C(CBr)CNc1ccccc1S,0.6836,C[C@H](N)CN[C@H](C)CN(CCc1ccc(O)cc1)C(CBr)C(=O)Nc1ccccc1S,0.341175
NCCCN1CCCC(NCCNc2cc(Br)ccc2O)C1,0.783756,NCCCN1CCCC(NCC(=O)Nc2cc(Br)ccc2O)C1,0.523697
N[C@H](Cc1ccc(O)cc1)CN(CCO)CCCNC1CC1,0.774589,N[C@@H](CNCCCN(C(=O)CO)C1CC1)Cc1ccc(O)cc1,0.113872
CC(C)C[C@H](NC[C@@H]1CCCN1)C(=O)O,0.005844,CC(C)C[C@H](NC(=O)[C@@H]1CCCN1)C(=O)O,0.001686
C[C@@H](N)CN1CCC[C@H]1CN(C)CCNc1ccccc1S,0.375129,C[C@@H](N)CN1CCC[C@H]1CN(C)CC(=O)Nc1ccccc1S,0.039292
CCCN(Cc1c[nH]c2cc(Br)ccc12)[C@@H](C)CNCCc1ccccc1Br,0.999983,CCCN(Cc1c[nH]c2cc(Br)ccc12)[C@@H](C)C(=O)NCCc1ccccc1Br,0.866995
N#Cc1cc(Br)cc(NCc2cccc(F)c2N)c1,0.01156,N#Cc1cc(Br)cc(NC(=O)c2cccc(F)c2N)c1,0.003227
C=CCN1CCC[C@H]1C(=O)O,0.008119,C=CC(=O)N1CCC[C@H]1C(=O)O,0.00287
Oc1ccc(F)cc1N(CCN1CCCCC1)C1CCCNC1,0.854967,O=C(CN(c1cc(F)ccc1O)C1CCCNC1)N1CCCCC1,0.017612
C=CCN(Cc1cccc(F)c1F)[C@H](CCSC)CN(CCc1c[nH]c2ccccc12)Cc1nc(Br)cs1,0.90287,C=CCN(C(=O)c1cccc(F)c1F)[C@H](CCSC)CN(CCc1c[nH]c2ccccc12)Cc1nc(Br)cs1,0.698234
NCCN(C[C@H]1CCCN1)c1ccc(Br)cc1O,0.144474,NCCN(C(=O)[C@H]1CCCN1)c1ccc(Br)cc1O,0.201911
O=CCN1CCC[C@H]1CN(C[C@@H]1CCCN1Cc1c[nH]c2cc(Br)ccc12)c1ccccc1O,0.987003,O=CC(=O)N1CCC[C@H]1CN(C[C@@H]1CCCN1Cc1c[nH]c2cc(Br)ccc12)c1ccccc1O,0.807746
N[C@@H](CCN(Cc1ccc(O)cc1)CC1CCN1)C(=O)O,0.303594,N[C@@H](CC(=O)N(Cc1ccc(O)cc1)CC1CCN1)C(=O)O,0.059831
Nc1ccc(CN(CC2(N)CCC2)C2CCC2)cc1Br,0.216962,Nc1ccc(CN(C(=O)C2(N)CCC2)C2CCC2)cc1Br,0.03359
NCCCN(Cc1ccc(O)cc1)c1cccc2c1CCN(C1CCNC1)C2c1cccc(Br)c1,0.879881,NCCC(=O)N(Cc1ccc(O)cc1)c1cccc2c1CCN(C1CCNC1)C2c1cccc(Br)c1,0.618101
C[C@@H](N)CN1CCC(CNCCc2ccccc2Br)CC1,0.565525,C[C@@H](N)C(=O)N(CCc1ccccc1Br)CC1CCNCC1,0.021776
Nc1ccc(CNCCCCN(CCC2NCCc3ccccc32)CC2CCN2)cc1Br,0.911271,Nc1ccc(C(=O)NCCCCN(CCC2NCCc3ccccc32)CC2CCN2)cc1Br,0.957303
Nc1c(F)cccc1CN(CCc1c[nH]c2ccccc12)CC1CCN1CC1CNC1,0.991243,Nc1c(F)cccc1CN(CCc1c[nH]c2ccccc12)CC1CCN1C(=O)C1CNC1,0.867215
NCCCN1CCCC(N(Cc2cccc(F)c2F)C23CC(C2)C3)C1,0.934847,NCCCN1CCCC(N(C(=O)c2cccc(F)c2F)C23CC(C2)C3)C1,0.943935
Oc1ccccc1NCCCNC[C@H]1CCCN1,0.527746,O=C(CCNC[C@H]1CCCN1)Nc1ccccc1O,0.102888
NCCN1CCC[C@@H]1C(=O)Oc1ccc2c(c1)C(c1c[nH]c3cc(Br)ccc13)N(CC1CCN1)CC2,0.995778,NCCN1CCC[C@@H]1C(=O)Oc1ccc2c(c1)C(c1c[nH]c3cc(Br)ccc13)N(C(=O)C1CCN1)CC2,0.881466
Oc1ccccc1CN(CC1CCN1Cc1c[nH]c2cc(Br)ccc12)C[C@@H]1CCCNC1,0.990922,O=C([C@@H]1CCCNC1)N(Cc1ccccc1O)CC1CCN1Cc1c[nH]c2cc(Br)ccc12,0.965858
N[C@@H](Cc1c[nH]c2ccccc12)CN(C[C@H]1CCCN1C[C@@H]1CCCN1)c1cc(Br)ccc1O,0.994169,N[C@@H](Cc1c[nH]c2ccccc12)C(=O)N(C[C@H]1CCCN1C[C@@H]1CCCN1)c1cc(Br)ccc1O,0.989781
Nc1cc(CN2CC(NCC(=O)O)C2)ccc1O,0.040791,Nc1cc(C(=O)N(CC(=O)O)C2CNC2)ccc1O,0.015905
O=C(CBr)CN1CCC1CNc1ccccn1,0.037747,O=C(CBr)CN1CCC1C(=O)Nc1ccccn1,0.001454
NCCCN(CCN)C12CC(C1)C2,0.037354,NCCCN(C(=O)CN)C12CC(C1)C2,0.006962
C#Cc1ccccc1CCN(Cc1ccc(F)cc1)CC1CCN1CCNC,0.986641,C#Cc1ccccc1CCN(Cc1ccc(F)cc1)CC1CCN1C(=O)CNC,0.820084
Oc1c(Br)cccc1N(Cc1ccc(F)cc1)C[C@H]1CCCN1CC1CCN1CCBr,0.986243,O=C(CBr)N1CCC1CN1CCC[C@@H]1CN(Cc1ccc(F)cc1)c1cccc(Br)c1O,0.949165
C#Cc1ccc(N(Cc2c[nH]c3cc(Br)ccc23)C[C@H]2CCCN2CCN)c(O)c1,0.999996,C#Cc1ccc(N(Cc2c[nH]c3cc(Br)ccc23)C[C@H]2CCCN2C(=O)CN)c(O)c1,0.657474
Cc1ccnc(Br)c1NC[C@H]1CCCN1,0.046562,Cc1ccnc(Br)c1NC(=O)[C@H]1CCCN1,0.006447
O=C(O)[C@H](CCCN(CCBr)c1cc(F)ccc1O)N(Cc1c[nH]c2ccc(Br)cc12)C[C@@H]1C[C@@H](O)CN1,0.893486,O=C(O)[C@H](CCCN(C(=O)CBr)c1cc(F)ccc1O)N(Cc1c[nH]c2ccc(Br)cc12)C[C@@H]1C[C@@H](O)CN1,0.740633
Oc1ccc(CCNCCCNC2CCNCC2)cc1,0.543198,O=C(CCNC1CCNCC1)NCCc1ccc(O)cc1,0.259962
CN(CCNCc1cccc(O)c1)C[C@@H]1CCCN1C(CCl)c1ccc(F)cc1,0.985445,CN(CC(=O)NCc1cccc(O)c1)C[C@@H]1CCCN1C(CCl)c1ccc(F)cc1,0.552917
CC[C@@H](C(=O)O)N(CCCN)C1CNC1,0.021444,CC[C@@H](C(=O)O)N(C(=O)CCN)C1CNC1,0.003776
CC[C@H](N)CN(c1ccc(CNCCc2c[nH]c3ccc(O)cc23)cc1Br)C1CCCNC1,0.975129,CC[C@H](N)CN(c1ccc(C(=O)NCCc2c[nH]c3ccc(O)cc23)cc1Br)C1CCCNC1,0.944538
C=CCN1CC(N2CCC2CNc2cccc(Br)c2N)C1,0.237642,C=CC(=O)N(CC1CCN1C1CNC1)c1cccc(Br)c1N,0.597063
COc1cccc(CN(CC2CCN2)C[C@@H]2CCCN2Cc2c(N)cccc2Br)c1,0.923137,COc1cccc(CN(C[C@@H]2CCCN2Cc2c(N)cccc2Br)C(=O)C2CCN2)c1,0.67938
Oc1c(Br)cccc1N(Cc1c[nH]c2cc(Br)ccc12)C1CN(CC2CCN2)C1,0.999994,O=C(C1CCN1)N1CC(N(Cc2c[nH]c3cc(Br)ccc23)c2cccc(Br)c2O)C1,0.819896
Nc1cccc(Br)c1NCCCN1CCC[C@H]1CN(CC1CCN1)c1cccc2cc[nH]c12,0.976063,Nc1cccc(Br)c1N(CCCN1CCC[C@H]1CNc1cccc2cc[nH]c12)C(=O)C1CCN1,0.914093
Nc1ccc(CN(CCc2ccc(O)cc2)C[C@H]2CCCN2)cc1N1CCC(=O)C1,0.886495,Nc1ccc(CN(CCc2ccc(O)cc2)C(=O)[C@H]2CCCN2)cc1N1CCC(=O)C1,0.148585
NCCCN(CC1CN(Cc2c[nH]c3ccc(Br)cc23)C1)c1cccc(Br)c1O,0.987208,NCCC(=O)N(CC1CN(Cc2c[nH]c3ccc(Br)cc23)C1)c1cccc(Br)c1O,0.969272
OCCN(CCc1ccccc1Br)C1CCC1,0.135928,O=C(CO)N(CCc1ccccc1Br)C1CCC1,0.001158
N#Cc1ccc(N)c(NC[C@H](N)Cc2ccc(O)cc2)c1,0.205951,N#Cc1ccc(N)c(NC(=O)[C@H](N)Cc2ccc(O)cc2)c1,0.014289
Brc1ccc(N(CC2CCN2)C2CCN(Cc3c[nH]c4ccc(Br)cc34)CC2)cc1,0.999995,O=C(C1CCN1)N(c1ccc(Br)cc1)C1CCN(Cc2c[nH]c3ccc(Br)cc23)CC1,0.988941
Oc1ccc(CCN(C[C@H]2CCCN2Cc2c[nH]c3cc(Br)ccc23)C2CN(CCBr)C2)cc1,0.970241,O=C(CBr)N1CC(N(CCc2ccc(O)cc2)C[C@H]2CCCN2Cc2c[nH]c3cc(Br)ccc23)C1,0.99101
COc1ccccc1CNCC(CBr)N1CCC[C@@H]1CNCCc1ccccc1Br,0.93824,COc1ccccc1CNCC(CBr)N1CCC[C@@H]1C(=O)NCCc1ccccc1Br,0.520058
Nc1c(Br)cccc1N(CC1CCN1)C[C@H]1CCCN1CC1CCNCC1,0.539082,Nc1c(Br)cccc1N(C[C@H]1CCCN1CC1CCNCC1)C(=O)C1CCN1,0.595381
N[C@@H](CO)CN1CCC[C@@H]1CNc1cc(F)ccc1O,0.604581,N[C@@H](CO)CN1CCC[C@@H]1C(=O)Nc1cc(F)ccc1O,0.084704
Oc1ccc(CCN(CC2CNC2)C2CCCNC2)cc1,0.900215,O=C(C1CNC1)N(CCc1ccc(O)cc1)C1CCCNC1,0.218764
Brc1ccccc1CCNCCCNCC1CN(C2CCNCC2)C1,0.117316,O=C(CCNCC1CN(C2CCNCC2)C1)NCCc1ccccc1Br,0.089501
C=CC1c2cccc(Br)c2CCN1CC1CCN1C[C@@H](N)CO,0.594911,C=CC1c2cccc(Br)c2CCN1CC1CCN1C(=O)[C@@H](N)CO,0.33071
CC[C@H](N)CN1CCC[C@H]1CN1CCC(N(Cc2c[nH]c3ccc(Br)cc23)c2cccc(Br)c2N)C1,0.974686,CC[C@H](N)C(=O)N1CCC[C@H]1CN1CCC(N(Cc2c[nH]c3ccc(Br)cc23)c2cccc(Br)c2N)C1,0.912509
CC[C@H](C)[C@@H](N)CN(Cc1ccccc1)C1CCN(Cc2c[nH]c3cc(Br)ccc23)CC1,0.966785,CC[C@H](C)[C@@H](N)C(=O)N(Cc1ccccc1)C1CCN(Cc2c[nH]c3cc(Br)ccc23)CC1,0.651971
NCCNc1ccc(C(=O)O)cc1O,0.046828,NCC(=O)Nc1ccc(C(=O)O)cc1O,0.003131
N[C@H](CCCN1CCCC(=O)C1)CNc1cc(F)ccc1O,0.680161,N[C@H](CCCN1CCCC(=O)C1)C(=O)Nc1cc(F)ccc1O,0.130874
C[C@@H](N)CN(CCN(C)CCC=O)c1cc(Br)ccc1O,0.093759,C[C@@H](N)C(=O)N(CCN(C)CCC=O)c1cc(Br)ccc1O,0.397556
CCCN1CCC[C@@H]1CN(CC1NCCc2ccccc21)c1cc(F)ccc1O,1.0,CCCN1CCC[C@@H]1C(=O)N(CC1NCCc2ccccc21)c1cc(F)ccc1O,0.999994
O[C@@H]1CCN(CC2CCN2CCBr)C1,0.038261,O=C(CBr)N1CCC1CN1CC[C@@H](O)C1,0.013083
COc1ccccc1CCNCCNCC1CCN(C(CCl)c2ccc(Br)cc2)CC1,0.928849,COc1ccccc1CCNC(=O)CNCC1CCN(C(CCl)c2ccc(Br)cc2)CC1,0.759142
N[C@H](CCCN(CC1CCN1Cc1c[nH]c2ccc(Br)cc12)c1cccc(Br)c1O)CN1CC(=O)C1,0.993458,N[C@H](CCCN(CC1CCN1Cc1c[nH]c2ccc(Br)cc12)c1cccc(Br)c1O)C(=O)N1CC(=O)C1,0.8
CC(CCl)N(CC1CCN1)c1cc(C#N)ccc1N,0.02396,CC(CCl)N(C(=O)C1CCN1)c1cc(C#N)ccc1N,0.01618
C#Cc1ccccc1CCN(CC1CCN1Cc1ccc(O)c(N)c1)C[C@@H](N)CC,0.906281,C#Cc1ccccc1CCN(C[C@@H](N)CC)C(=O)C1CCN1Cc1ccc(O)c(N)c1,0.460543
Nc1cccc(Br)c1NC[C@@H](N)CS,0.024533,Nc1c(Br)cccc1NC(=O)[C@@H](N)CS,0.001384
Fc1ccc2[nH]cc(CN3CCC(CN(CCc4ccccc4)C[C@@H]4CCCN4)CC3)c2c1,0.988256,O=C([C@@H]1CCCN1)N(CCc1ccccc1)CC1CCN(Cc2c[nH]c3ccc(F)cc23)CC1,0.801052
Nc1ccccc1CN1CCCC(N2CCC(N(Cc3ccc(F)cc3)c3cc(F)ccc3O)C2)C1,0.98302,Nc1ccccc1CN1CCCC(N2CCC(N(C(=O)c3ccc(F)cc3)c3cc(F)ccc3O)C2)C1,0.966016
COc1cccc2c1CCN(CCCN)C2CN(C)CC(=O)O,0.619938,COc1cccc2c1CCN(CCCN)C2C(=O)N(C)CC(=O)O,0.142774
NCCc1ccccc1N(CCc1ccccc1Br)CC1CCN1,0.705339,NCCc1ccccc1N(CCc1ccccc1Br)C(=O)C1CCN1,0.317257
C#CCN(CCCN)CCCN,0.059614,C#CCN(CCCN)C(=O)CCN,0.010513
CN(CCNc1ccccc1O)C1CCN(CC=O)C1,0.064583,CN(CCN(C(=O)C=O)c1ccccc1O)C1CCNC1,0.317435
CNCCN1CCC[C@@H]1CNc1ccccc1O,0.622056,CNCCN1CCC[C@@H]1C(=O)Nc1ccccc1O,0.062764
C=CCN(CCc1ccccc1)CC1c2cc(O)ccc2CCN1C[C@H]1CCCN1,0.80354,C=CCN(CCc1ccccc1)CC1c2cc(O)ccc2CCN1C(=O)[C@H]1CCCN1,0.479898
CC(C)(N)CN1CCC[C@H]1CO,0.061874,CC(C)(N)C(=O)N1CCC[C@H]1CO,0.002562
NCCCN(Cc1c[nH]c2cc(Br)ccc12)C1(CN(c2ccccc2O)C2CCC2)CCC1,0.972827,NCCC(=O)N(Cc1c[nH]c2cc(Br)ccc12)C1(CN(c2ccccc2O)C2CCC2)CCC1,0.692221
C#CCN(CCC=O)C1CCCN(c2c(F)cccc2CNCCc2ccc(O)cc2)C1,0.970662,C#CCN(CCC=O)C1CCCN(c2c(F)cccc2C(=O)NCCc2ccc(O)cc2)C1,0.913485
COCCN(CCN(C)CCNc1cccc(C=O)c1)Cc1ccc(F)cc1,0.472755,COCCN(CCN(C)CCNc1cccc(C=O)c1)C(=O)c1ccc(F)cc1,0.040165
O=C(O)C1CCN1C[C@@H](Cc1c[nH]c2ccccc12)NCC1CNC1,0.508228,O=C(N[C@H](Cc1c[nH]c2ccccc12)CN1CCC1C(=O)O)C1CNC1,0.144544
NCCCN1CCCC(N(c2ccccc2O)C(CCl)c2ccc(Br)cc2)C1,0.999998,NCCC(=O)N1CCCC(N(c2ccccc2O)C(CCl)c2ccc(Br)cc2)C1,0.212923
C[C@@H](CN1CCCC(Nc2ccc(Br)cc2)C1)N(Cc1c[nH]c2cc(Br)ccc12)CC1CCN1,0.982087,C[C@@H](CN1CCCC(N(C(=O)C2CCN2)c2ccc(Br)cc2)C1)NCc1c[nH]c2cc(Br)ccc12,0.983793
Brc1ccc(NC[C@H]2CCCNC2)cc1,0.081033,O=C(Nc1ccc(Br)cc1)[C@H]1CCCNC1,0.002792
CN(CCNc1ccccn1)C[C@@H](N)CS,0.057883,CN(CC(=O)Nc1ccccn1)C[C@@H](N)CS,0.003854
C[C@H](N)CNC12CC(C1)C2,0.017506,C[C@H](N)C(=O)NC12CC(C1)C2,0.003596
Nc1c(F)cccc1CN(C1CC1)C1CCCN(Cc2c[nH]c3ccc(Br)cc23)C1,0.989591,Nc1c(F)cccc1C(=O)N(C1CC1)C1CCCN(Cc2c[nH]c3ccc(Br)cc23)C1,0.90132
C=CCN(Cc1c[nH]c2ccc(Br)cc12)c1cc(CN2CCC(N(C)CC(=O)O)CC2)ccc1O,0.953447,C=CC(=O)N(Cc1c[nH]c2ccc(Br)cc12)c1cc(CN2CCC(N(C)CC(=O)O)CC2)ccc1O,0.952038
Oc1cc(Br)ccc1N(Cc1cccc(F)c1F)CC1CCN1C1CCNCC1,0.978167,O=C(c1cccc(F)c1F)N(CC1CCN1C1CCNCC1)c1ccc(Br)cc1O,0.969527
C[C@@H](CN1CCC1CN(CCc1ccccc1)C[C@@H](N)Cc1cccs1)NCc1ccc(N)c(N)c1,0.489466,C[C@@H](CN1CCC1CN(CCc1ccccc1)C[C@@H](N)Cc1cccs1)NC(=O)c1ccc(N)c(N)c1,0.438357
c1cc(NC[C@@H]2CCCN2)c2[nH]ccc2c1,0.196018,O=C(Nc1cccc2cc[nH]c12)[C@@H]1CCCN1,0.028668
Fc1ccc(C(CCl)N2CCC[C@H]2CNC23CC(C2)C3)c(F)c1,0.855122,O=C(NC12CC(C1)C2)[C@@H]1CCCN1C(CCl)c1ccc(F)cc1F,0.449843
O=C1CCN(CCN(C[C@H]2CCCN2)c2cccc3cc[nH]c23)C1,0.719922,O=C1CCN(C(=O)CN(C[C@H]2CCCN2)c2cccc3cc[nH]c23)C1,0.029932
N[C@@H](Cc1c[nH]c2ccccc12)CN(CCc1ccccc1Br)CC1CCN1,0.97785,N[C@@H](Cc1c[nH]c2ccccc12)CN(CCc1ccccc1Br)C(=O)C1CCN1,0.349491
CC[C@H](N)CN(CCCN1CC(=O)C1)CCc1c[nH]c2ccccc12,0.583095,CC[C@H](N)CN(CCC(=O)N1CC(=O)C1)CCc1c[nH]c2ccccc12,0.541978
CN(CC(=O)O)C[C@H]1CCCN1C[C@@H]1CCCN1,0.041039,CN(CC(=O)N1CCC[C@H]1C(=O)O)C[C@H]1CCCN1,0.010227
CC(C)[C@@H](CNCCc1c[nH]c2ccc(O)cc12)NCCC1NCCc2ccccc21,0.900029,CC(C)[C@H](NCCC1NCCc2ccccc21)C(=O)NCCc1c[nH]c2ccc(O)cc12,0.759112
C[C@@H](N)CN1CCC(N2CCCC(N(Cc3c[nH]c4cc(Br)ccc34)c3ccc(Br)cc3O)C2)C1,0.993953,C[C@@H](N)C(=O)N1CCC(N2CCCC(N(Cc3c[nH]c4cc(Br)ccc34)c3ccc(Br)cc3O)C2)C1,0.973162
NCCCN1CC(C(=O)O)C1,0.01442,NCCC(=O)N1CC(C(=O)O)C1,0.003573
Nc1cccc(Br)c1NCC1NCCc2c(Br)cccc21,0.491517,Nc1c(Br)cccc1NC(=O)C1NCCc2c(Br)cccc21,0.077715
Nc1c(F)cccc1CNCCC(=O)O,0.018344,NCCC(=O)Nc1c(F)cccc1C(=O)O,0.00064
C#CCNC[C@H]1CCCN1C(CCl)c1ccc(F)cc1,0.433302,C#CCNC(=O)[C@H]1CCCN1C(CCl)c1ccc(F)cc1,0.036607
CN(CCN1CCc2c(Br)cccc2C1c1c[nH]c2ccc(Br)cc12)C[C@@H]1CCCN1,0.99999,CN(CCN1CCc2c(Br)cccc2C1c1c[nH]c2ccc(Br)cc12)C(=O)[C@@H]1CCCN1,0.986832
NCCC[C@@H](C(=O)O)N(CCBr)c1cc(F)ccc1C(=O)CCl,0.005316,NCCC[C@@H](C(=O)O)N(C(=O)CBr)c1cc(F)ccc1C(=O)CCl,0.004496
CNCCN(CCN(C)CC1(N)CCC1)c1cc(Br)ccc1N,0.364586,CNCC(=O)N(CCN(C)CC1(N)CCC1)c1cc(Br)ccc1N,0.646045
O=C(O)c1ccc(NC[C@@H]2CCCN2CC2CNC2)c(Br)c1,0.312237,O=C(O)C1CN(C(=O)c2ccc(NC[C@@H]3CCCN3)c(Br)c2)C1,0.014192
Fc1ccc(C(CCl)N(C[C@@H]2CCCN2)c2ccccn2)c(F)c1,0.226603,O=C([C@@H]1CCCN1)N(c1ccccn1)C(CCl)c1ccc(F)cc1F,0.078494
O=Cc1c[nH]c2ccc(N(CCCN3CC(NCCc4ccccc4)C3)CC3CCN3)cc12,0.965511,O=Cc1c[nH]c2ccc(N(CCCN3CC(NCCc4ccccc4)C3)C(=O)C3CCN3)cc12,0.84389
CNCCN(CCN)[C@H](CO)CN1CCc2c(Br)cccc2C1c1c[nH]c2ccc(Br)cc12,0.982666,CN(CCN[C@H](CO)CN1CCc2c(Br)cccc2C1c1c[nH]c2ccc(Br)cc12)C(=O)CN,0.929956
N#Cc1ccc(O)c(NCC2CCN(C(CBr)CNCCc3c[nH]c4ccccc34)CC2)c1,0.984999,N#Cc1ccc(O)c(NCC2CCN(C(CBr)C(=O)NCCc3c[nH]c4ccccc34)CC2)c1,0.87709
NC1(CN2CCCC(Nc3ccccc3O)C2)CCC1,0.412457,NC1(C(=O)N(c2ccccc2O)C2CCCNC2)CCC1,0.088046
CN(CCN1CCC[C@@H]1CNCCc1ccccc1Br)c1ccc2c(C=O)c[nH]c2c1,0.999997,CN(CCN1CCC[C@@H]1C(=O)NCCc1ccccc1Br)c1ccc2c(C=O)c[nH]c2c1,0.921812
Nc1c(F)cccc1CN1CCC(NC2CC2)C1,0.310365,Nc1c(F)cccc1C(=O)N(C1CC1)C1CCNC1,0.032351
C[C@H](N)CNc1c(F)cccc1C(=O)O,0.005104,C[C@H](N)C(=O)Nc1c(F)cccc1C(=O)O,0.000365
C[C@@H](NCCN)c1ccccc1,0.118279,C[C@@H](NC(=O)CN)c1ccccc1,0.002991
N#Cc1ccc(O)c(NC[C@H](N)Cc2ccc(O)cc2)c1,0.291884,N#Cc1ccc(O)c(NC(=O)[C@H](N)Cc2ccc(O)cc2)c1,0.022237
NCCCN1CCC[C@H](CN(CCN)c2ccccc2O)C1,0.22108,NCCC(=O)N1CCC[C@H](CN(CCN)c2ccccc2O)C1,0.007918
N[C@H](CS)CN1CC[C@@H](O)C1,0.019703,N[C@H](CS)C(=O)N1CC[C@@H](O)C1,0.007048
C[C@@H](CN1CCC[C@H]1C(=O)O)NC1CCNC1,0.014743,C[C@@H](C(=O)O)N(C(=O)[C@@H]1CCCN1)C1CCNC1,0.003016
NCCN(CC#Cc1ccc(N)cc1)C1CN(C[C@@H](N)c2ccccc2)C1,0.461453,NCCN(CC#Cc1ccc(N)cc1)C1CN(C(=O)[C@@H](N)c2ccccc2)C1,0.339186
BrCCNCCc1ccncc1,0.099284,O=C(CBr)NCCc1ccncc1,0.001715
C[C@H](NC[C@H]1CCCN1)c1ccccc1,0.230817,C[C@H](NC(=O)[C@H]1CCCN1)c1ccccc1,0.009232
CN(CCBr)CCN1CC(CN2CCc3ccc(O)cc3C2c2c[nH]c3ccc(F)cc23)C1,0.917231,CN(CCN1CC(CN2CCc3ccc(O)cc3C2c2c[nH]c3ccc(F)cc23)C1)C(=O)CBr,0.985769
CN(CCN1CCC(N(CC2CCN2)c2cc(Br)cc(C#N)c2)CC1)Cc1ccc(N)c(Br)c1,0.969446,CN(CCN1CCC(N(C(=O)C2CCN2)c2cc(Br)cc(C#N)c2)CC1)Cc1ccc(N)c(Br)c1,0.881066
CCCNc1ccc(CN2CC(=O)C2)cc1Br,0.008813,CCCNc1ccc(C(=O)N2CC(=O)C2)cc1Br,0.000737
COc1ccccc1CCNC[C@H](N)CS,0.317557,COc1ccccc1CCNC(=O)[C@H](N)CS,0.001577
C[C@@H](O)[C@@H](N)CN1CCC1C(=O)O,0.010039,C[C@@H](O)[C@@H](N)C(=O)N1CCC1C(=O)O,0.003893
Nc1ccc(F)nc1N(CC1CCN1)C1CC1,0.055823,Nc1ccc(F)nc1N(C(=O)C1CCN1)C1CC1,0.046359
Brc1ccc2c(CN3CCC(CN(CCc4ccccc4Br)CC4CCN4)CC3)c[nH]c2c1,0.994694,O=C(C1CCN1)N(CCc1ccccc1Br)CC1CCN(Cc2c[nH]c3cc(Br)ccc23)CC1,0.900172
N[C@H](Cc1c[nH]c2ccccc12)CN1CC(N(CCCNC2CC2)c2ccccc2O)C1,0.988675,N[C@H](Cc1c[nH]c2ccccc12)C(=O)N(CCCN(c1ccccc1O)C1CNC1)C1CC1,0.551415
C[C@H](N)CN(CCc1ccc(O)cc1)C[C@H]1CCCN1Cc1cccc(F)c1N,0.968625,C[C@H](N)CN(CCc1ccc(O)cc1)C[C@H]1CCCN1C(=O)c1cccc(F)c1N,0.873826
N[C@@H](CCNC1CC1)CNCCc1ccncc1,0.409966,N[C@H](CNCCc1ccncc1)CC(=O)NC1CC1,0.085358
CN(CCN(CC=O)c1cccc(Br)c1O)C[C@H](N)CO,0.014966,CN(CCN(C(=O)C=O)c1cccc(Br)c1O)C[C@H](N)CO,0.027222
NCCC(=O)Oc1cc(CN2CC(N(C[C@H]3CCCN3)c3cccc4cc[nH]c34)C2)ccc1N,0.915225,NCCC(=O)Oc1cc(CN2CC(N(C(=O)[C@H]3CCCN3)c3cccc4cc[nH]c34)C2)ccc1N,0.510801
C[C@@H](N)CN(CCCCN(Cc1ccc(F)cc1)Cc1c[nH]c2ccc(Br)cc12)CC1(N)CCC1,0.988887,C[C@@H](N)CN(CCCCN(Cc1ccc(F)cc1)Cc1c[nH]c2ccc(Br)cc12)C(=O)C1(N)CCC1,0.718651
NCCCN(CC1CCN(CC2CCN2)CC1)c1ccc(Br)cc1O,0.705913,NCCCN(CC1CCN(C(=O)C2CCN2)CC1)c1ccc(Br)cc1O,0.05464
CN(CCN(CC=O)CCc1ccccc1Br)Cc1c[nH]c2ccc(Br)cc12,0.989454,CN(CCN(CCc1ccccc1Br)C(=O)C=O)Cc1c[nH]c2ccc(Br)cc12,0.705984
Oc1ccc(F)cc1N(Cc1c[nH]c2ccc(F)cc12)C1CCCN(CC2(NCC3CCN3)CCC2)C1,0.951786,O=C(NC1(CN2CCCC(N(Cc3c[nH]c4ccc(F)cc34)c3cc(F)ccc3O)C2)CCC1)C1CCN1,0.947263
c1cc(CCNCC2CCN(CC3CCN3)CC2)ccn1,0.693179,O=C(NCCc1ccncc1)C1CCN(CC2CCN2)CC1,0.353526
Oc1c(Br)cccc1NCC1CCN1C1CNC1,0.549741,O=C(Nc1cccc(Br)c1O)C1CCN1C1CNC1,0.072902
O=CCN1CCC[C@H]1CNc1cccc2cc[nH]c12,0.277245,O=CC(=O)N(C[C@@H]1CCCN1)c1cccc2cc[nH]c12,0.048923
NCCCN(CCCN1CCC[C@@H]1C(=O)O)c1ccc(Br)cc1,0.038268,NCCCN(CCC(=O)N1CCC[C@@H]1C(=O)O)c1ccc(Br)cc1,0.001477
CC[C@@H](CNc1ccccc1S)NCC1CCN1,0.310191,CC[C@H](NCC1CCN1)C(=O)Nc1ccccc1S,0.059117
C[C@@H](N)CN(CCN1CCC(Nc2ccccc2S)C1)Cc1c[nH]c2ccc(Br)cc12,0.91732,C[C@@H](N)C(=O)N(CCN1CCC(Nc2ccccc2S)C1)Cc1c[nH]c2ccc(Br)cc12,0.96766
NCCCN1CCC(CNCCc2ccccc2Br)CC1,0.721621,NCCCN1CCC(C(=O)NCCc2ccccc2Br)CC1,0.100903
Brc1ccc2c(CN3CCC[C@H]3CN3CCC(N(CC4CCN4)c4ccccn4)CC3)c[nH]c2c1,0.981718,O=C(C1CCN1)N(c1ccccn1)C1CCN(C[C@@H]2CCCN2Cc2c[nH]c3cc(Br)ccc23)CC1,0.975155
NCCN1CC(N(CC2CCN2Cc2ccc(N)c(Br)c2)c2cccc3cc[nH]c23)C1,0.994951,NCC(=O)N1CC(N(CC2CCN2Cc2ccc(N)c(Br)c2)c2cccc3cc[nH]c23)C1,0.958674
O=CCN1CCC(NCCc2c[nH]c3ccccc23)CC1,0.783067,O=CC(=O)N(CCc1c[nH]c2ccccc12)C1CCNCC1,0.059846
Oc1cc(Br)ccc1N(C[C@@H]1CCCN1)C[C@@H]1CCCN1,0.141147,O=C([C@@H]1CCCN1)N(C[C@@H]1CCCN1)c1ccc(Br)cc1O,0.270275
ClCC(c1ccc(Br)cc1)N(C[C@H]1CCCN1C[C@@H]1CCCN1)c1cccnc1Br,0.991188,O=C([C@@H]1CCCN1)N1CCC[C@@H]1CN(c1cccnc1Br)C(CCl)c1ccc(Br)cc1,0.196362
CC[C@H](N)CN(CCCN1CC(NCCc2c[nH]c3ccccc23)C1)c1cc(F)ccc1O,0.995727,CC[C@H](N)C(=O)N(CCCN1CC(NCCc2c[nH]c3ccccc23)C1)c1cc(F)ccc1O,0.995029
CNCCN1CCC[C@@H](CN(CCc2ccc(O)cc2)Cc2c[nH]c3ccc(Br)cc23)C1,0.995367,CNCC(=O)N1CCC[C@@H](CN(CCc2ccc(O)cc2)Cc2c[nH]c3ccc(Br)cc23)C1,0.924758
CN(CCNc1cc(Br)ccc1N)CC1CCN1,0.203297,CN(CCNc1cc(Br)ccc1N)C(=O)C1CCN1,0.017681
CC[C@H](N)CN[C@H](CC(C)C)C(=O)O,0.004015,CC[C@H](N)C(=O)N[C@H](CC(C)C)C(=O)O,0.001292
C=CCNCCN(Cc1ccccc1)C[C@@H]1CCCN1,0.154245,C=CCNC(=O)CN(Cc1ccccc1)C[C@@H]1CCCN1,0.01505
N#Cc1ccc(O)c(N(Cc2c[nH]c3cc(Br)ccc23)C[C@@H]2CCCN2CCCNCCBr)c1,0.99678,N#Cc1ccc(O)c(N(Cc2c[nH]c3cc(Br)ccc23)C[C@@H]2CCCN2CCCNC(=O)CBr)c1,0.967841
Brc1ccccc1CCN(CC1CCNCC1)C[C@H]1CCCNC1,0.436597,O=C([C@H]1CCCNC1)N(CCc1ccccc1Br)CC1CCNCC1,0.034598
C[C@@H](N)CN(CC1CCN1CC1CCN1)c1cc(Br)ccc1N,0.538186,C[C@@H](N)CN(CC1CCN1C(=O)C1CCN1)c1cc(Br)ccc1N,0.039882
N[C@@H](CO)CN[C@H](Cc1ccc(O)cc1)C(=O)O,0.155602,N[C@@H](CO)C(=O)N[C@H](Cc1ccc(O)cc1)C(=O)O,0.004882
C[C@H](c1ccccc1)N(Cc1c[nH]c2cc(Br)ccc12)CC1(NCC2CCN2)CCC1,0.98346,C[C@H](c1ccccc1)N(Cc1c[nH]c2cc(Br)ccc12)CC1(NC(=O)C2CCN2)CCC1,0.835121
Fc1ccc2[nH]cc(CN(CC3CCN3)C3(CN4CCC[C@@H]4CNc4ccc(Br)cc4)CCC3)c2c1,0.931157,O=C(C1CCN1)N(C[C@H]1CCCN1CC1(NCc2c[nH]c3ccc(F)cc23)CCC1)c1ccc(Br)cc1,0.914815
Nc1ccc(N(CCc2c[nH]c3ccccc23)C2CCCN(C3CCN(CCBr)C3)C2)cc1O,0.988089,Nc1ccc(N(CCc2c[nH]c3ccccc23)C2CCCN(C3CCN(C(=O)CBr)C3)C2)cc1O,0.943723
Nc1ccc(N(c2cc(Br)ccc2O)C2CCCN(CC3CCN3)C2)cc1,0.980577,Nc1ccc(N(c2cc(Br)ccc2O)C2CCCN(C(=O)C3CCN3)C2)cc1,0.118676
C#CCNCCNC[C@H](C)N,0.020879,C#CCNC(=O)CNC[C@H](C)N,0.005105
NCCCN(Cc1ccc(F)cc1)c1c(Br)cccc1NCCN,0.352602,NCC(=O)NCCCN(Cc1ccc(F)cc1)c1c(N)cccc1Br,0.018369
N[C@H](CCN1CC(=O)C1)CNCCO,0.018486,N[C@@H](CNCCO)CC(=O)N1CC(=O)C1,0.003031
C[C@H](N)CN1CCC[C@@H]1CNCCc1ccccc1,0.862087,C[C@H](N)CN1CCC[C@@H]1C(=O)NCCc1ccccc1,0.128321
Nc1ccc(CN(c2cccc(Br)c2O)C2CCN(C[C@@H]3CCCN3)C2)cc1Br,0.996473,Nc1ccc(CN(c2cccc(Br)c2O)C2CCN(C(=O)[C@@H]3CCCN3)C2)cc1Br,0.457934
C=CCN(Cc1ccc(N)c(Br)c1)c1ccc(N2CCN(CCN)CC2)cc1,0.95502,C=CC(=O)N(Cc1ccc(N)c(Br)c1)c1ccc(N2CCN(CCN)CC2)cc1,0.882458
CN(CCN(C[C@H]1CCCN1)c1ccc(Br)cc1O)C[C@H](N)CS,0.380975,CN(CCN(C(=O)[C@H]1CCCN1)c1ccc(Br)cc1O)C[C@H](N)CS,0.672425
N#Cc1cc(Br)cc(N(Cc2ccc(N)c(Br)c2)CC2CN(C[C@@H]3C[C@@H](O)CN3CCBr)C2)c1,0.81773,N#Cc1cc(Br)cc(N(Cc2ccc(N)c(Br)c2)CC2CN(C[C@@H]3C[C@@H](O)CN3C(=O)CBr)C2)c1,0.64702
Fc1cccc(CN2CCC2CN2CC(N(CC3CCN3)c3ccc(Br)cc3)C2)c1F,0.993883,O=C(c1cccc(F)c1F)N1CCC1CN(c1ccc(Br)cc1)C1CN(CC2CCN2)C1,0.970364
Oc1ccccc1NC[C@@H]1CCCN1C[C@@H]1CCCN1C1CN(c2cc(Br)ccn2)C1,0.938608,O=C(Nc1ccccc1O)[C@@H]1CCCN1C[C@@H]1CCCN1C1CN(c2cc(Br)ccn2)C1,0.803785
COc1ccc(O)c(N(C2CCNC2)C2CCN(CCBr)C2)c1,0.654022,COc1ccc(O)c(N(C2CCNC2)C2CCN(C(=O)CBr)C2)c1,0.029181
Oc1ccc(Br)cc1NCC1CCN1C1CCN(Cc2c[nH]c3ccccc23)C1,0.980661,O=C(Nc1cc(Br)ccc1O)C1CCN1C1CCN(Cc2c[nH]c3ccccc23)C1,0.811437
C=CCN1CCC[C@H]1CN1CCc2ccc(O)cc2C1C(=O)Oc1ccc(C#N)cc1N,0.90418,C=CC(=O)N1CCC[C@H]1CN1CCc2ccc(O)cc2C1C(=O)Oc1ccc(C#N)cc1N,0.080278
COc1ccccc1CCN(CCBr)C1CCN(C[C@H]2CCCN2c2ccc3[nH]cc(C=O)c3c2)C1,0.983308,COc1ccccc1CCN(C(=O)CBr)C1CCN(C[C@H]2CCCN2c2ccc3[nH]cc(C=O)c3c2)C1,0.825136
N#Cc1ccc2[nH]cc(C3c4cccc(Br)c4CCN3C[C@@H]3CCCNC3)c2c1,0.996051,N#Cc1ccc2[nH]cc(C3c4cccc(Br)c4CCN3C(=O)[C@@H]3CCCNC3)c2c1,0.584225
COc1ccc(OC(=O)c2ccc(F)cc2)c(NC[C@@H]2CCCN2CC2CCN2)c1,0.983312,COc1ccc(OC(=O)c2ccc(F)cc2)c(N(C[C@@H]2CCCN2)C(=O)C2CCN2)c1,0.346887
Fc1cc(N2CC(N3CCC[C@H]3CNCCc3c[nH]c4ccccc34)C2)ccn1,0.997242,O=C(NCCc1c[nH]c2ccccc12)[C@@H]1CCCN1C1CN(c2ccnc(F)c2)C1,0.956495
Nc1ccc(CN2CC(=O)C2)cc1N,0.007912,Nc1ccc(C(=O)N2CC(=O)C2)cc1N,0.001097
N#Cc1ccc(O)c(N(C2CN(CCBr)C2)C2CCCN(C(CCl)c3ccc(Br)cc3)C2)c1,0.97564,N#Cc1ccc(O)c(N(C2CN(C(=O)CBr)C2)C2CCCN(C(CCl)c3ccc(Br)cc3)C2)c1,0.870224
NC1(CN(CCNC[C@@H]2CCCN2)c2ccc(Br)cc2O)CCC1,0.142968,NC1(CN(CCNC(=O)[C@@H]2CCCN2)c2ccc(Br)cc2O)CCC1,0.022468
CN(Cc1nc2cc(Br)ccc2[nH]1)C[C@H]1CCCN1,0.072648,CN(Cc1nc2cc(Br)ccc2[nH]1)C(=O)[C@H]1CCCN1,0.010822
CC[C@H](N)CN(Cc1ccccc1OC)C[C@H]1CCCN1,0.245405,CC[C@H](N)C(=O)N(Cc1ccccc1OC)C[C@H]1CCCN1,0.045518
CN(CCNCCNCCc1ccc(O)cc1)Cc1c[nH]c2ccc(Br)cc12,0.996406,CN(CCNCC(=O)NCCc1ccc(O)cc1)Cc1c[nH]c2ccc(Br)cc12,0.989358
O=CCN1CCC[C@@H]1CNc1ccc(Br)cc1O,0.119068,O=CC(=O)N(C[C@H]1CCCN1)c1ccc(Br)cc1O,0.017209
C#Cc1cc(CN2CCC(=O)CC2)ccc1N,0.122169,C#Cc1cc(C(=O)N2CCC(=O)CC2)ccc1N,0.003712
CN(CCN1CC(N(C[C@@H]2CCCN2)c2cc(C#N)ccc2O)C1)Cc1c[nH]c2cc(Br)ccc12,0.989393,CN(CCN1CC(N(C(=O)[C@@H]2CCCN2)c2cc(C#N)ccc2O)C1)Cc1c[nH]c2cc(Br)ccc12,0.970378
COc1ccccc1CNC[C@@H]1CCCN1CCCN,0.810393,COc1ccccc1CNC(=O)[C@@H]1CCCN1CCCN,0.305863
O=C(O)CCN(Cc1c[nH]c2cc(Br)ccc12)C1CN(CC2CCN2)C1,0.566091,O=C(O)C1CCN1C(=O)CCN(Cc1c[nH]c2cc(Br)ccc12)C1CNC1,0.719449
CNCCN(C)CCN1CCC[C@H]1C(=O)O,0.018911,CN(CCN(C)C(=O)[C@@H]1CCCN1)CC(=O)O,0.004501
CC(C)C[C@@H](N)CN(CCN1CCCC(=O)C1)c1cccc2cc[nH]c12,0.757567,CC(C)C[C@@H](N)C(=O)N(CCN1CCCC(=O)C1)c1cccc2cc[nH]c12,0.767392
N#Cc1ccc(O)c(N(CCBr)C[C@@H](CO)NC2CN(Cc3c[nH]c4ccccc34)C2)c1,0.849273,N#Cc1ccc(O)c(N(C[C@@H](CO)NC2CN(Cc3c[nH]c4ccccc34)C2)C(=O)CBr)c1,0.480914
NCCCN1CC(CNCCCN(Cc2ccccc2O)Cc2c[nH]c3cc(Br)ccc23)C1,0.987402,NCCC(=O)N(CCCN(Cc1ccccc1O)Cc1c[nH]c2cc(Br)ccc12)CC1CNC1,0.828236
N[C@H](CS)CN1CCC(=O)CC1,0.02502,N[C@H](CS)C(=O)N1CCC(=O)CC1,0.003547
N#Cc1ccc(N)c(NC2CCCN(CCN)C2)c1,0.429568,N#Cc1ccc(N)c(N(C(=O)CN)C2CCCNC2)c1,0.07446
CN(CCN1CC(=O)C1)c1ccc(O)c(NCC2CCN2)c1,0.185016,CN(CC(=O)N1CC(=O)C1)c1ccc(O)c(NCC2CCN2)c1,0.006992
NCCCN1CCC1CN(C[C@@H]1CCCN1Cc1cccc(F)c1F)c1ccc(Br)cc1O,0.971047,NCCC(=O)N1CCC1CN(C[C@@H]1CCCN1Cc1cccc(F)c1F)c1ccc(Br)cc1O,0.828606
N[C@H](CCN1CCC[C@H](O)C1)CNc1cccc(Br)c1O,0.241128,N[C@H](CCN1CCC[C@H](O)C1)C(=O)Nc1cccc(Br)c1O,0.024515
N#Cc1ccc(N)c(NC[C@@H](N)CCCN2CCC(=O)CC2)c1,0.662543,N#Cc1ccc(N)c(NC(=O)[C@@H](N)CCCN2CCC(=O)CC2)c1,0.131033
Oc1ccccc1N(Cc1c[nH]c2ccc(Br)cc12)C1CCCN(C[C@H]2CCCN2)C1,0.999997,O=C([C@H]1CCCN1)N1CCCC(N(Cc2c[nH]c3ccc(Br)cc23)c2ccccc2O)C1,0.468098
COc1cccc2c1CCNC2CN1CCC[C@@H](O)C1,0.82698,COc1cccc2c1CCNC2C(=O)N1CCC[C@@H](O)C1,0.023959
NCCc1ccccc1N1CCC[C@H]1CNCCO,0.186729,NCCc1ccccc1N1CCC[C@H]1C(=O)NCCO,0.005311
Nc1ccc(CNCCN2CCNCC2)cc1Br,0.097908,Nc1ccc(C(=O)NCCN2CCNCC2)cc1Br,0.09115
Sc1ccccc1N(CC1CCNCC1)C(CCl)c1ccc(Br)cc1,0.86981,O=C(C1CCNCC1)N(c1ccccc1S)C(CCl)c1ccc(Br)cc1,0.247645
NCCCN1CCC[C@@H]1CN(CCc1c[nH]c2ccccc12)c1ccnc(F)c1,0.996996,NCCC(=O)N1CCC[C@@H]1CN(CCc1c[nH]c2ccccc12)c1ccnc(F)c1,0.467636
O=C1CCN(CCCNC2CC2)C1,0.027951,O=C1CCN(CCC(=O)NC2CC2)C1,0.008468
CC(C)[C@@H](N)CN1CCC[C@@H]1C(=O)O,0.0095,CC(C)[C@@H](N)C(=O)N1CCC[C@@H]1C(=O)O,0.002426
O=C1CCN(CC2CCN(CC3c4cc(O)ccc4CCN3Cc3c[nH]c4ccc(Br)cc34)CC2)C1,0.907174,O=C1CCN(C(=O)C2CCN(CC3c4cc(O)ccc4CCN3Cc3c[nH]c4ccc(Br)cc34)CC2)C1,0.82729
C=CCN1CCC(N(CCCN)c2cccc(Br)c2O)C1,0.252999,C=CCN1CCC(N(C(=O)CCN)c2cccc(Br)c2O)C1,0.18461
C=CCN(CCN)Cc1ccccc1,0.024967,C=CC(=O)N(CCN)Cc1ccccc1,0.003367
NC(=O)CC[C@H](N)CN(CCc1ccccc1Br)C[C@H]1CCCN1,0.468338,NC(=O)CC[C@H](N)CN(CCc1ccccc1Br)C(=O)[C@H]1CCCN1,0.013785
Fc1cccc(CN(CCCN(CCc2ccccc2Br)CC2CCN2)c2ccccc2S)c1F,0.98401,O=C(c1cccc(F)c1F)N(CCCN(CCc1ccccc1Br)CC1CCN1)c1ccccc1S,0.938557
CNCCN1CC(N(Cc2c[nH]c3ccc(C#N)cc23)c2ccc(Br)cc2O)C1,0.994079,CNCC(=O)N1CC(N(Cc2c[nH]c3ccc(C#N)cc23)c2ccc(Br)cc2O)C1,0.5
C=CCN(Cc1ccc(N)c(Br)c1)[C@H](Cc1c[nH]c2ccccc12)CN1CCC[C@H]1CN1CC(=O)C1,0.868487,C=CC(=O)N(Cc1ccc(N)c(Br)c1)[C@H](Cc1c[nH]c2ccccc12)CN1CCC[C@H]1CN1CC(=O)C1,0.753106
C[C@@H](N)CN1CC(=O)C1,0.007976,C[C@@H](N)C(=O)N1CC(=O)C1,0.001672
Oc1ccccc1N(CC1CNC1)C1CCCN(Cc2c[nH]c3ccc(Br)cc23)C1,0.999992,O=C(C1CNC1)N(c1ccccc1O)C1CCCN(Cc2c[nH]c3ccc(Br)cc23)C1,0.984607
NCCC[C@H](N)CN(CCC(=O)O)C[C@@H]1CCCN1Cc1ccc(F)cc1,0.471561,NCCC[C@H](N)C(=O)N(CCC(=O)O)C[C@@H]1CCCN1Cc1ccc(F)cc1,0.201533
NCCCN[C@@H](CS)CN1CCCC(N(Cc2c[nH]c3ccc(Br)cc23)c2ccc(B(O)O)cc2)C1,0.91235,NCCC(=O)N[C@@H](CS)CN1CCCC(N(Cc2c[nH]c3ccc(Br)cc23)c2ccc(B(O)O)cc2)C1,0.681753
CNCCN(CCC(=O)O)Cc1ccc(F)cc1,0.00459,CN(CCNCCC(=O)O)C(=O)c1ccc(F)cc1,0.003727
Brc1ccc2c(CN(CCc3ccccc3Br)C3CN(C[C@H]4CCCN4)C3)c[nH]c2c1,0.999988,O=C([C@H]1CCCN1)N1CC(N(CCc2ccccc2Br)Cc2c[nH]c3cc(Br)ccc23)C1,0.972765
CC[C@H](N)CN[C@H](C)CNc1cc(Br)ccc1N,0.066225,CC[C@H](N)C(=O)N[C@H](C)CNc1cc(Br)ccc1N,0.006482
NCCCN1CCC[C@H]1CNCCc1ccc(O)cc1,0.987246,NCCC(=O)N(CCc1ccc(O)cc1)C[C@@H]1CCCN1,0.261031
Oc1ccc(NCCN2CCCCC2)cc1,0.162258,O=C(CNc1ccc(O)cc1)N1CCCCC1,0.007977
NCCCN1CCC(N(Cc2c[nH]c3ccc(Br)cc23)c2ccccc2O)CC1,0.999985,NCCC(=O)N1CCC(N(Cc2c[nH]c3ccc(Br)cc23)c2ccccc2O)CC1,0.5
CN(CCC(=O)O)CCN1CC(CNc2cccc(Br)c2O)C1,0.024069,CN(CCC(=O)Nc1cccc(Br)c1O)CCN1CC(C(=O)O)C1,0.007008
COc1ccc(O)c(NC[C@@H]2CCCN2CCNC2CCCNC2)c1,0.542448,COc1ccc(O)c(NC(=O)[C@@H]2CCCN2CCNC2CCCNC2)c1,0.278674
Nc1ccc(Br)cc1OC(=O)C1CCN1C[C@@H]1CCCNC1,0.448334,Nc1ccc(Br)cc1OC(=O)C1CCN1C(=O)[C@@H]1CCCNC1,0.010498
Cc1cc(Br)cnc1NCc1ccc(N)c(Br)c1,0.010811,Cc1cc(Br)cnc1NC(=O)c1ccc(N)c(Br)c1,0.002518
NCCN1CC(C(=O)O)C1,0.011443,NCC(=O)N1CC(C(=O)O)C1,0.003382
C[C@H](O)CN1CCCC(N(c2cc(F)ccc2O)C2CCN(Cc3c[nH]c4ccc(Br)cc34)CC2)C1,0.971445,C[C@H](O)C(=O)N1CCCC(N(c2cc(F)ccc2O)C2CCN(Cc3c[nH]c4ccc(Br)cc34)CC2)C1,0.800823
Fc1ccc(C(CCl)N(CC2CCN2Cc2cccc(F)c2F)C2CCC2)c(F)c1,0.885222,O=C(c1cccc(F)c1F)N1CCC1CN(C1CCC1)C(CCl)c1ccc(F)cc1F,0.558458
CN(CCNC1CCC1)c1ccccc1CCN,0.199969,CN(CC(=O)NC1CCC1)c1ccccc1CCN,0.004115
c1ccc2c(N(C[C@H]3CCCN3)C3CCN(CC4CNC4)C3)ccnc2c1,0.786746,O=C([C@H]1CCCN1)N(c1ccnc2ccccc12)C1CCN(CC2CNC2)C1,0.454157
CN(CCNCCc1c[nH]c2ccccc12)CC1CCN1Cc1ccccc1N,0.975377,CN(CC(=O)NCCc1c[nH]c2ccccc12)CC1CCN1Cc1ccccc1N,0.548398
O=C(O)C[C@@H](CNCc1ccc(O)cc1)NC[C@@H]1CCCN1,0.366188,O=C(C[C@H](NC[C@@H]1CCCN1)C(=O)O)NCc1ccc(O)cc1,0.060031
C[C@@H](N)CN(C)CCN(CCCN)c1c(F)cccc1CNc1cc(F)ccc1O,0.900192,C[C@@H](N)CN(C)CCN(CCCN)c1c(F)cccc1C(=O)Nc1cc(F)ccc1O,0.738405
COc1cccc(CNC[C@H]2CCCN2C(C)CCl)c1,0.399065,COc1cccc(CNC(=O)[C@H]2CCCN2C(C)CCl)c1,0.057444
NCCCN1CCC[C@H]1CNc1c(Br)cccc1NCc1ccc(F)cc1,0.926801,NCCC(=O)N(C[C@@H]1CCCN1)c1c(Br)cccc1NCc1ccc(F)cc1,0.362539
NCCN1C[C@H](O)C[C@H]1CN1CCCC(N(Cc2c[nH]c3cc(Br)ccc23)c2ccccc2S)C1,0.987863,NCC(=O)N1C[C@H](O)C[C@H]1CN1CCCC(N(Cc2c[nH]c3cc(Br)ccc23)c2ccccc2S)C1,0.950083
C#CCN(CCC=O)CCCN,0.032294,C#CCN(CCC=O)C(=O)CCN,0.003299
NCCCN(C1CCNC1)C12CC(C1)C2,0.024682,NCCC(=O)N(C1CCNC1)C12CC(C1)C2,0.003844
C[C@H](N)CN(CC1CNC1)c1ccc(Br)cc1O,0.085315,C[C@H](N)CN(C(=O)C1CNC1)c1ccc(Br)cc1O,0.095817
C#CCN(C[C@@H]1CCCN1)c1cccc(C=O)c1,0.019955,C#CCN(C(=O)[C@@H]1CCCN1)c1cccc(C=O)c1,0.094076
NCCCNCCCN1CCC[C@@H]1CO,0.07161,NCCCNCCC(=O)N1CCC[C@@H]1CO,0.004992
N#Cc1cc(Br)cc(NCCCNC2CCCNC2)c1,0.270304,N#Cc1cc(Br)cc(NC(=O)CCNC2CCCNC2)c1,0.058174
O=CCN(c1c(F)cccc1CN(CCBr)CCc1ccccc1Br)C1CCNCC1,0.80665,O=CC(=O)N(c1c(F)cccc1CN(CCBr)CCc1ccccc1Br)C1CCNCC1,0.274498
Sc1ccccc1N(Cc1c[nH]c2ccc(Br)cc12)C1CCN(C[C@H]2CCCN2CCBr)CC1,0.992851,O=C(CBr)N1CCC[C@@H]1CN1CCC(N(Cc2c[nH]c3ccc(Br)cc23)c2ccccc2S)CC1,0.978537
CN(CCN(c1cc(Br)ccc1O)C1CCN(CC2CCN2)C1)Cc1c[nH]c2ccc(C#N)cc12,0.994048,CN(CCN(c1cc(Br)ccc1O)C1CCN(C(=O)C2CCN2)C1)Cc1c[nH]c2ccc(C#N)cc12,0.893089
Brc1cccc2c1CCN=C2C1(NCC2CCN2)CCC1,0.162671,O=C(NC1(C2=NCCc3c(Br)cccc32)CCC1)C1CCN1,0.009665
O=CCN(c1cc(Br)ccc1O)C1CNC1,0.056021,O=CC(=O)N(c1cc(Br)ccc1O)C1CNC1,0.013246
O=Cc1c[nH]c2cc(N(CCC(=O)OC3CCCC3)CC3CCN3)ccc12,0.016395,O=Cc1c[nH]c2cc(N(CCC(=O)OC3CCCC3)C(=O)C3CCN3)ccc12,0.013656
O=Cc1c[nH]c2ccc(N3CCc4ccccc4C3CN3CCC(=O)C3)cc12,0.862208,O=Cc1c[nH]c2ccc(N3CCc4ccccc4C3C(=O)N3CCC(=O)C3)cc12,0.008189
COc1cccc2c1CCN(CCN)C2CNC1CC1,0.881114,COc1cccc2c1CCN(CCN)C2C(=O)NC1CC1,0.5
O=C(O)C1CCN1CC(CBr)Nc1ccccc1S,0.005927,O=C(O)C(CBr)N(C(=O)C1CCN1)c1ccccc1S,0.022882
N#Cc1ccc(O)c(NCCCN2CCC[C@H]2CNC2CCC2)c1,0.836864,N#Cc1ccc(O)c(NCCCN2CCC[C@H]2C(=O)NC2CCC2)c1,0.399538
C[C@@H](N)CNc1cc(Br)cc(C#N)c1,0.014895,C[C@@H](N)C(=O)Nc1cc(Br)cc(C#N)c1,0.000797
COc1ccc(N(Cc2ccc(F)cc2)C[C@H](C)O)c(N)c1,0.00399,COc1ccc(N(C[C@H](C)O)C(=O)c2ccc(F)cc2)c(N)c1,0.001513
O=C(O)[C@H]1CCCN1CCNc1ccccc1O,0.029557,O=C(O)CN(C(=O)[C@H]1CCCN1)c1ccccc1O,0.02102
CN(CCN1C(c2cccc(Br)c2)c2cc(O)ccc2C[C@H]1C(=O)O)C[C@@H]1CCCN1Cc1ccc(O)c(N)c1,0.596317,CN(CCN1C(c2cccc(Br)c2)c2cc(O)ccc2C[C@H]1C(=O)O)C[C@@H]1CCCN1C(=O)c1ccc(O)c(N)c1,0.35316
C[C@@H](N)CN(C[C@H]1CCCN1CC1CCN1)c1cc(F)ccc1O,0.88379,C[C@@H](N)C(=O)N(C[C@H]1CCCN1CC1CCN1)c1cc(F)ccc1O,0.963735
CNCCN(Cc1c[nH]c2cc(Br)ccc12)c1ccc(CN(CCCCN)C2CNC2)cc1Br,0.984271,CNCC(=O)N(Cc1c[nH]c2cc(Br)ccc12)c1ccc(CN(CCCCN)C2CNC2)cc1Br,0.970012
Brc1ccc(N(CCNCc2c[nH]c3ccc(Br)cc23)C2CCN(CC3CCN3)CC2)cc1,0.999982,O=C(C1CCN1)N(CCN(c1ccc(Br)cc1)C1CCNCC1)Cc1c[nH]c2ccc(Br)cc12,0.754697
COc1cccc2c1CCN(C1CCCN(CCN)C1)C2c1c[nH]c2ccc(Br)cc12,1.0,COc1cccc2c1CCN(C1CCCN(C(=O)CN)C1)C2c1c[nH]c2ccc(Br)cc12,0.960935
N[C@H](CS)CN1CCC[C@H]1CN(c1cc(F)ccc1O)C1CCNC1,0.677201,N[C@H](CS)C(=O)N1CCC(N(C[C@@H]2CCCN2)c2cc(F)ccc2O)C1,0.066727
Nc1cc(N2CCN(CCC3c4cccc(Br)c4CCN3C[C@H]3CCCN3)CC2)ccc1O,0.999997,Nc1cc(N2CCN(CCC3c4cccc(Br)c4CCN3C(=O)[C@H]3CCCN3)CC2)ccc1O,0.99742
COc1cccc(CNCC2CCN(CCN)CC2)c1,0.315803,COc1cccc(CNC(=O)C2CCN(CCN)CC2)c1,0.033672
O=C(CBr)CNCCCO,0.004738,O=C(CBr)C(=O)NCCCO,0.000863
NCCCN(CCCN(c1nc2ccccc2[nH]1)C1CNC1)CCc1ccncc1,0.962267,NCCC(=O)N(CCCN(c1nc2ccccc2[nH]1)C1CNC1)CCc1ccncc1,0.205339
OC[C@H](CN(Cc1ccc(F)cc1)c1cccc(Br)c1O)N(C1CCNC1)C1CNC1,0.876167,O=C(c1ccc(F)cc1)N(C[C@@H](CO)N(C1CCNC1)C1CNC1)c1cccc(Br)c1O,0.8112
N[C@H](CCCN1CCC1C(=O)O)CN(CCc1ccc(O)cc1)Cc1c[nH]c2ccc(Br)cc12,0.995627,N[C@H](CCC(=O)N1CCC1C(=O)O)CN(CCc1ccc(O)cc1)Cc1c[nH]c2ccc(Br)cc12,0.940529
CSCC[C@H](N)CN(C[C@@H]1CCCN1)c1cccc2cc[nH]c12,0.140952,CSCC[C@H](N)CN(C(=O)[C@@H]1CCCN1)c1cccc2cc[nH]c12,0.161045
Fc1ccc(CN(CCc2c[nH]c3ccccc23)C2CCN(C[C@H]3CCCN3)C2)cc1,0.999989,O=C([C@H]1CCCN1)N1CCC(N(CCc2c[nH]c3ccccc23)Cc2ccc(F)cc2)C1,0.962886
COc1ccc(O)c(N(C[C@H]2CCCN2C[C@H](C)N)C2CN(Cc3c[nH]c4ccccc34)C2)c1,0.983445,COc1ccc(O)c(N(C[C@H]2CCCN2C(=O)[C@H](C)N)C2CN(Cc3c[nH]c4ccccc34)C2)c1,0.726802
COc1ccccc1CCNCC[C@H](NC[C@@H]1CCCN1)C(=O)O,0.262485,COc1ccccc1CCNCC[C@H](NC(=O)[C@@H]1CCCN1)C(=O)O,0.064553
NCCN1CCCC(N(C[C@@H]2Cc3ccccc3CN2)c2cccnc2Br)C1,0.992878,NCC(=O)N1CCCC(N(C[C@@H]2Cc3ccccc3CN2)c2cccnc2Br)C1,0.143883
C[C@H](NCC1CCN1CCN(C)C[C@H](N)Cc1c[nH]c2ccccc12)c1ccccc1,0.887192,CNCCN1CCC1CN(C(=O)[C@H](N)Cc1c[nH]c2ccccc12)[C@@H](C)c1ccccc1,0.75077
NC1(CN(C[C@@H]2CCCNC2)c2ccc(C(=O)O)cc2Br)CCC1,0.017303,NC1(CN(C(=O)[C@@H]2CCCNC2)c2ccc(C(=O)O)cc2Br)CCC1,0.027225
Fc1cncc(CN(CCCN2CCC[C@H]2C2=NCCc3c(Br)cccc32)CCc2c[nH]c3ccccc23)c1,0.890953,O=C(c1cncc(F)c1)N(CCCN1CCC[C@H]1C1=NCCc2c(Br)cccc21)CCc1c[nH]c2ccccc12,0.669464
NCCCN1CCC(N2CCC[C@H]2CNCc2ccccc2)C1,0.450418,NCCCN1CCC(N2CCC[C@H]2C(=O)NCc2ccccc2)C1,0.156782
C=CCN(C[C@@H]1CCCN1CC(CBr)NCCc1c[nH]c2ccccc12)c1cc(OC)ccc1O,0.990178,C=CC(=O)N(CCc1c[nH]c2ccccc12)C(CBr)CN1CCC[C@H]1CNc1cc(OC)ccc1O,0.85497
C[C@@H](CNCCc1ccc(O)cc1)NCCCN,0.902072,C[C@@H](CNCCc1ccc(O)cc1)NC(=O)CCN,0.457706
CN(CCNc1cccc(Br)c1O)C[C@H]1CCCN1Cc1ccc(O)c(N)c1,0.733716,CN(CC(=O)Nc1cccc(Br)c1O)C[C@H]1CCCN1Cc1ccc(O)c(N)c1,0.09358
Oc1c(Br)cccc1NC[C@@H]1CCCN1CC1CCN1,0.777114,O=C(C1CCN1)N(C[C@@H]1CCCN1)c1cccc(Br)c1O,0.266275
C[C@H](NCc1ccc(N)c(O)c1)c1ccccc1,0.023342,C[C@H](NC(=O)c1ccc(N)c(O)c1)c1ccccc1,0.00171
NCCN(CCCCNS(=O)(=O)c1cccc(Br)c1)Cc1c[nH]c2ccc(Br)cc12,0.98877,NCC(=O)N(CCCCNS(=O)(=O)c1cccc(Br)c1)Cc1c[nH]c2ccc(Br)cc12,0.18408
CNCCN1CC(CN(Cc2ccc(F)cc2)c2cc(Br)ccc2N)C1,0.868206,CNCC(=O)N1CC(CN(Cc2ccc(F)cc2)c2cc(Br)ccc2N)C1,0.130793
NCCN[C@@H](CCNc1ccc(Br)cc1)C(=O)O,0.026839,NCCN[C@@H](CC(=O)Nc1ccc(Br)cc1)C(=O)O,0.001552
C=CCN[C@@H](CCCN)CN(CC1CCN1Cc1c[nH]c2cc(Br)ccc12)c1cc(F)c(F)cc1O,0.957061,C=CC(=O)NCCC[C@H](N)CN(CC1CCN1Cc1c[nH]c2cc(Br)ccc12)c1cc(F)c(F)cc1O,0.930377
NCCc1ccccc1C#CCN(Cc1c[nH]c2cc(Br)ccc12)C[C@H]1CCCN1,0.996713,NCCc1ccccc1C#CCN(Cc1c[nH]c2cc(Br)ccc12)C(=O)[C@H]1CCCN1,0.862171
COc1cccc2c1CCNC2CCN(C)CCNCCNc1cccc2cc[nH]c12,0.955129,COc1cccc2c1CCNC2CCN(C)CCNCC(=O)Nc1cccc2cc[nH]c12,0.883898
Brc1ccc2c(CN(CCCNC[C@@H]3CCCN3)Cc3ccccc3)c[nH]c2c1,0.988775,O=C(NCCCN(Cc1ccccc1)Cc1c[nH]c2cc(Br)ccc12)[C@@H]1CCCN1,0.904326
NCCCN[C@@H](Cc1c[nH]c2ccccc12)CN1CCC[C@H]1CN(CCBr)c1ccccn1,0.97842,NCCC(=O)N[C@@H](Cc1c[nH]c2ccccc12)CN1CCC[C@H]1CN(CCBr)c1ccccn1,0.936397
COc1ccccc1CN(CC=O)CC1(N)CCC1,0.005512,COc1ccccc1CN(CC1(N)CCC1)C(=O)C=O,0.001834
ClCC(c1ccc(Br)cc1)N1CCC1CNC1CC1,0.472932,O=C(NC1CC1)C1CCN1C(CCl)c1ccc(Br)cc1,0.043304
CCCN(Cc1ccccc1NC1CCN(CC2CCN2)C1)c1c(N)cccc1Br,0.876502,CCCN(Cc1ccccc1N(C(=O)C1CCN1)C1CCNC1)c1c(N)cccc1Br,0.3404
N[C@H](Cc1c[nH]c2ccccc12)CN1CCC[C@@H]1CNCc1ccc(O)cc1,0.996313,N[C@H](Cc1c[nH]c2ccccc12)CN1CCC[C@@H]1C(=O)NCc1ccc(O)cc1,0.906529
C[C@@H](N)CN(c1ccc(Br)cc1O)C(CBr)c1cccc(C#N)c1,0.230998,C[C@@H](N)C(=O)N(c1ccc(Br)cc1O)C(CBr)c1cccc(C#N)c1,0.040766
NCCCN1CCC1CN(c1ccc(Br)cc1O)C1CN(c2ccccc2CCN)C1,0.991578,NCCC(=O)N1CCC1CN(c1ccc(Br)cc1O)C1CN(c2ccccc2CCN)C1,0.508097
N#Cc1ccc(O)c(NC[C@@H]2CCCN2C[C@@H]2CCCN2CCN)c1,0.776355,N#Cc1ccc(O)c(NC(=O)[C@@H]2CCCN2C[C@@H]2CCCN2CCN)c1,0.390089
Nc1cccc(Br)c1NC[C@@H](N)Cc1c[nH]c2ccccc12,0.087168,Nc1c(Br)cccc1NC(=O)[C@@H](N)Cc1c[nH]c2ccccc12,0.007294
Fc1ccc(C(CCl)NCCN(CC2CCN2)C2CC2)cc1,0.758214,O=C(C1CCN1)N(CCNC(CCl)c1ccc(F)cc1)C1CC1,0.097799
NCCc1ccccc1N[C@H](CS)CNC1CCC1,0.239999,NCCc1ccccc1N[C@H](CS)C(=O)NC1CCC1,0.019569
NCCN1CCC1CN(CCc1c[nH]c2ccccc12)CC1CCN1Cc1ccc(F)c(F)c1F,0.851585,NCC(=O)N1CCC1CN(CCc1c[nH]c2ccccc12)CC1CCN1Cc1ccc(F)c(F)c1F,0.965851
CC[C@@H](CNc1ccc(Br)cc1O)NC1CCCNC1,0.244331,CC[C@H](NC1CCCNC1)C(=O)Nc1ccc(Br)cc1O,0.045266
CC[C@H](C)[C@H](N)CN[C@H](C)C(=O)O,0.004151,CC[C@H](C)[C@H](N)C(=O)N[C@H](C)C(=O)O,0.00122
CC[C@H](N)CN1CCc2ccc(OC(=O)C3CCN3CCN)cc2C1c1c[nH]c2cc(Br)ccc12,0.996127,CC[C@H](N)C(=O)N1CCc2ccc(OC(=O)C3CCN3CCN)cc2C1c1c[nH]c2cc(Br)ccc12,0.907217
C[C@H](N)CN(Cc1c[nH]c2cc(Br)ccc12)C1(CN(CCCN)[C@H](C)c2ccccc2)CCC1,0.982994,C[C@H](N)C(=O)N(Cc1c[nH]c2cc(Br)ccc12)C1(CN(CCCN)[C@H](C)c2ccccc2)CCC1,0.89552
CNCCN1CCCC(=O)C1,0.015663,CNCC(=O)N1CCCC(=O)C1,0.002806
N[C@@H](CCN1CCC1CN(CC=O)CCc1ccc(O)cc1)C(=O)O,0.308002,N[C@@H](CC(=O)N1CCC1CN(CC=O)CCc1ccc(O)cc1)C(=O)O,0.075889
Nc1ccc(CN2CC(=O)C2)cc1O,0.008552,Nc1ccc(C(=O)N2CC(=O)C2)cc1O,0.000944
CNCCN1CCC(N(CC2CCN2)c2cccc3cc[nH]c23)CC1,0.746113,CN(CCN1CCC(Nc2cccc3cc[nH]c23)CC1)C(=O)C1CCN1,0.64298
Oc1ccc(CCN(C[C@@H]2CCCN2)c2cccnc2F)cc1,0.5,O=C([C@@H]1CCCN1)N(CCc1ccc(O)cc1)c1cccnc1F,0.57585
CCCNCCCCN(CC(=O)CBr)Cc1c[nH]c2ccc(Br)cc12,0.595856,CCCN(CCCCNCc1c[nH]c2ccc(Br)cc12)C(=O)C(=O)CBr,0.030715
COc1ccccc1CCNC[C@H]1CCCN1C[C@@H](C)NCC1CCN1,0.543166,COc1ccccc1CCNC[C@H]1CCCN1C[C@@H](C)NC(=O)C1CCN1,0.478974
C[C@H](N)CN(C)CCNCC(=O)O,0.01012,CNCCN(CC(=O)O)C(=O)[C@H](C)N,0.002613
NCCc1ccccc1N1CC(CN2CCC[C@@H]2C(=O)O)C1,0.048264,NCCc1ccccc1N1CC(C(=O)N2CCC[C@@H]2C(=O)O)C1,0.002497
COc1ccc(O)c(NC[C@H]2CCCN2C2CCCNC2)c1,0.702502,COc1ccc(O)c(NC(=O)[C@H]2CCCN2C2CCCNC2)c1,0.202453
CC[C@H](N)CN(c1cccc(Br)c1NC1CCNC1)C1CCNC1,0.121754,CC[C@H](N)C(=O)N(c1c(Br)cccc1NC1CCNC1)C1CCNC1,0.051825
NCCC[C@H](NC[C@@H](N)Cc1ccc(O)cc1)C(=O)O,0.539792,NCCC[C@H](N)C(=O)N[C@@H](Cc1ccc(O)cc1)C(=O)O,0.040828
CNCCN(CCNC)c1ccc(OC)cc1NCc1c[nH]c2cc(Br)ccc12,0.861203,CNCC(=O)N(C)CCNc1ccc(OC)cc1NCc1c[nH]c2cc(Br)ccc12,0.229818
C[C@H](N)CN(C)CCNc1ccccc1O,0.120579,CNCCN(C(=O)[C@H](C)N)c1ccccc1O,0.124175
O=C(O)[C@@H]1CCCN1CCN(c1ccc(Br)cc1O)C1CCNCC1,0.339439,O=C(O)CN(c1ccc(Br)cc1O)C1CCN(C(=O)[C@@H]2CCCN2)CC1,0.023518
N[C@H](Cc1ccc(O)cc1)CN1CCN(CC=O)CC1,0.050417,N[C@H](Cc1ccc(O)cc1)C(=O)N1CCN(CC=O)CC1,0.108611
CC[C@@H](CNCc1ccccc1OC)N(CCN(C)CCC=O)Cc1c[nH]c2cc(Br)ccc12,0.995728,CC[C@@H](C(=O)NCc1ccccc1OC)N(CCN(C)CCC=O)Cc1c[nH]c2cc(Br)ccc12,0.906382
CC[C@@H](CN(CCc1ccccc1OC)C1CCNC1)N(CCBr)Cc1c[nH]c2ccc(Br)cc12,0.995309,CC[C@@H](CN(CCc1ccccc1OC)C1CCN(C(=O)CBr)C1)NCc1c[nH]c2ccc(Br)cc12,0.972988
COc1ccccc1CN(Cc1c[nH]c2ccc(Br)cc12)C1CN(CC2CCN2)C1,0.995439,COc1ccccc1CN(Cc1c[nH]c2ccc(Br)cc12)C1CN(C(=O)C2CCN2)C1,0.919409
N[C@H](CNCCc1ccccc1)CC(=O)O,0.205751,N[C@@H](CC(=O)NCCc1ccccc1)C(=O)O,0.001708
Oc1ccccc1N(CCCNCC1CNC1)Cc1c[nH]c2ccc(Br)cc12,0.982698,O=C(NCCCN(Cc1c[nH]c2ccc(Br)cc12)c1ccccc1O)C1CNC1,0.769427
NCCN(C1CCNC1)C12CC(C1)C2,0.021512,NCC(=O)N(C1CCNC1)C12CC(C1)C2,0.004532
Cc1cc(Br)cnc1N(CC1CCN1)C1CCCN(CC(=O)O)C1,0.18599,Cc1cc(Br)cnc1N(C(=O)C1CCN1)C1CCCN(CC(=O)O)C1,0.146077
COc1ccccc1CCN(CCN(C)Cc1ccc(F)cc1)C1CCNC1,0.996223,CNCCN(CCc1ccccc1OC)C1CCN(C(=O)c2ccc(F)cc2)C1,0.957783
NCCCNc1ccc(C(=O)O)cc1Br,0.014139,NCCC(=O)Nc1ccc(C(=O)O)cc1Br,0.000761
Nc1ccc(Br)cc1NCc1cccc(F)c1F,0.009936,Nc1cc(Br)ccc1NC(=O)c1cccc(F)c1F,0.002469
O=C1CCCN(CC(CBr)Nc2cc(Br)ccc2O)C1,0.060403,O=C1CCCN(C(=O)C(CBr)Nc2cc(Br)ccc2O)C1,0.003332
C[C@H](N)CN(c1ccccc1CCN(Cc1ccc(F)cc1)C1CNC1)C1CC1,0.995213,C[C@H](N)CN(c1ccccc1CCN(C(=O)c1ccc(F)cc1)C1CNC1)C1CC1,0.668255
O=C(CCl)c1ccc(F)cc1N1CCC1CN1CC(C(=O)O)C1,0.037697,O=C(CCl)c1ccc(F)cc1N1CCC1C(=O)N1CC(C(=O)O)C1,0.002348
Oc1ccc(F)cc1N(CC1NCCc2ccccc21)C[C@@H]1CCCN1,0.992434,O=C([C@@H]1CCCN1)N(CC1NCCc2ccccc21)c1cc(F)ccc1O,0.981979
Nc1c(O)cccc1CN1CCNCC1,0.106884,Nc1c(O)cccc1C(=O)N1CCNCC1,0.076839
N[C@H](CCCN1CCC(C(=O)O)CC1)C(=O)O,0.024037,N[C@H](CCC(=O)N1CCC(C(=O)O)CC1)C(=O)O,0.003905
CC[C@@H](CNCc1ccc(O)cc1)NC1CCCNC1,0.569814,CC[C@H](NC1CCCNC1)C(=O)NCc1ccc(O)cc1,0.165245
Oc1ccc(F)cc1N(C[C@@H]1CCCN1)C1CCNC1,0.437375,O=C([C@@H]1CCCN1)N(c1cc(F)ccc1O)C1CCNC1,0.254135
Nc1ccc(CN2CCC[C@@H]2CN(CCc2c[nH]c3ccc(O)cc23)C[C@@H](N)CC2CCCCC2)cc1Br,0.710392,Nc1ccc(CN2CCC[C@@H]2CN(CCc2c[nH]c3ccc(O)cc23)C(=O)[C@@H](N)CC2CCCCC2)cc1Br,0.184303
CCCN(Cc1ccc(F)cc1)C1(CNc2ccc(Br)cc2N)CCC1,0.937688,CCCN(C(=O)c1ccc(F)cc1)C1(CNc2ccc(Br)cc2N)CCC1,0.137619
NCCCN(CC1CNC1)c1ccccn1,0.103918,NCCCN(C(=O)C1CNC1)c1ccccn1,0.123078
N[C@H](Cc1c[nH]c2ccccc12)CN(C[C@H]1CCCN1)c1ccc(Br)cc1O,0.93092,N[C@H](Cc1c[nH]c2ccccc12)CN(C(=O)[C@H]1CCCN1)c1ccc(Br)cc1O,0.768694
C[C@@H](O)[C@H](N)CN(C[C@@H]1CCCN1)c1ccccc1O,0.052966,C[C@@H](O)[C@H](N)CN(C(=O)[C@@H]1CCCN1)c1ccccc1O,0.160267
c1cc(CCNCC2CCNCC2)ccn1,0.21336,O=C(NCCc1ccncc1)C1CCNCC1,0.010875
NCCCCN(C[C@H]1CCCN1)c1ccc(N)c(O)c1,0.196099,NCCCCN(C(=O)[C@H]1CCCN1)c1ccc(N)c(O)c1,0.228051
Oc1ccccc1NCC1CCN(C[C@H]2CCCN2Cc2cccc(Br)c2)CC1,0.887436,O=C(Nc1ccccc1O)C1CCN(C[C@H]2CCCN2Cc2cccc(Br)c2)CC1,0.373393
NCCC(=O)OCC(=O)c1ccc(F)cc1N1CCN(Cc2ccc(N)c(Br)c2)CC1,0.840699,NCCC(=O)OCC(=O)c1ccc(F)cc1N1CCN(C(=O)c2ccc(N)c(Br)c2)CC1,0.015568
N#Cc1ccc(N)c(NC2CCCN(CC3CCN3)C2)c1,0.611319,N#Cc1ccc(N)c(N(C(=O)C2CCN2)C2CCCNC2)c1,0.076805
COc1cccc(CN(CCN)CCN(C)CCC2NCCc3ccc(O)cc32)c1,0.958751,COc1cccc(CN(CCN(C)CCC2NCCc3ccc(O)cc32)C(=O)CN)c1,0.797537
Nc1ccc(Br)cc1N(Cc1c[nH]c2ccc(Br)cc12)CC1CCN1C[C@H](N)CC(=O)O,0.940752,Nc1ccc(Br)cc1N(Cc1c[nH]c2ccc(Br)cc12)CC1CCN1C(=O)C[C@@H](N)C(=O)O,0.212174
Brc1ccc(NC2CCN(C[C@H]3CCCN3)CC2)cc1,0.712498,O=C([C@H]1CCCN1)N(c1ccc(Br)cc1)C1CCNCC1,0.138047
NCCCN(CCc1ccccc1Br)CC(=O)O,0.040502,NCCC(=O)N(CCc1ccccc1Br)CC(=O)O,0.002067
COc1ccccc1CCN(CC=O)CC1(N)CCC1,0.157347,COc1ccccc1CCN(CC=O)C(=O)C1(N)CCC1,0.000948
CNCCN(C[C@@H](N)CS)c1cc(Br)ccc1O,0.11647,CN(CCNc1cc(Br)ccc1O)C(=O)[C@@H](N)CS,0.007911
Nc1cc(CN[C@H](CS)CN2CCC(O)CC2)ccc1O,0.201383,Nc1cc(CN[C@H](CS)C(=O)N2CCC(O)CC2)ccc1O,0.040797
C[C@@H](O)CN(C)CC(=O)O,0.003857,C[C@@H](O)C(=O)N(C)CC(=O)O,0.00142
CN(CC[C@H](N)CN1CCC1CNc1cccc(Br)c1O)CC(=O)O,0.358899,CN(CC(=O)O)C(=O)C[C@H](N)CN1CCC1CNc1cccc(Br)c1O,0.090226
COc1ccccc1CCNC[C@H](CCCN)NCCCNC12CC(C1)C2,0.086185,COc1ccccc1CCNC(=O)[C@H](CCCN)NCCCNC12CC(C1)C2,0.028489
Oc1cc(F)c(F)cc1NCc1ccc(F)cc1,0.016567,O=C(Nc1cc(F)c(F)cc1O)c1ccc(F)cc1,0.004124
N#Cc1cc(Br)cc(NCC2CCN2CCCNCCc2ccccc2)c1,0.991229,N#Cc1cc(Br)cc(NC(=O)C2CCN2CCCNCCc2ccccc2)c1,0.842863
COc1ccccc1CCNC[C@@H]1CCCN1CC1CCNCC1,0.690711,COc1ccccc1CCNC(=O)[C@@H]1CCCN1CC1CCNCC1,0.328712
N[C@H](CO)CN1CCC1CNc1cc(Br)ccc1O,0.419267,N[C@H](CO)CN1CCC1C(=O)Nc1cc(Br)ccc1O,0.019657
Nc1ccc(CNCCCN2CCC(N(CC3(N)CCC3)c3cc(F)ccc3O)CC2)cc1Br,0.986055,NCCCN1CCC(N(CC2(NC(=O)c3ccc(N)c(Br)c3)CCC2)c2cc(F)ccc2O)CC1,0.972593
NCCCN(CCC[C@H](N)CN1CC(Nc2ccc(Br)cc2O)C1)Cc1c[nH]c2cc(Br)ccc12,0.948865,NCCC(=O)N(CCC[C@H](N)CN1CC(Nc2ccc(Br)cc2O)C1)Cc1c[nH]c2cc(Br)ccc12,0.887061
O=C(O)[C@H]1CCCN1C[C@H](CS)NCc1cccc(Br)c1,0.010146,O=C(O)[C@H](CS)N(Cc1cccc(Br)c1)C(=O)[C@H]1CCCN1,0.003835
C#CCN(C[C@@H](N)CO)c1cccc2c1CCN(CCNC)C2c1c[nH]c2ccc(F)cc12,0.986855,C#CCN(C[C@@H](N)CO)c1cccc2c1CCN(C(=O)CNC)C2c1c[nH]c2ccc(F)cc12,0.704852
Nc1ccc(CN2CCCC(N(c3cccc4cc[nH]c34)C3CCN(CC=O)C3)C2)cc1Br,0.9883,Nc1ccc(CN2CCCC(N(c3cccc4cc[nH]c34)C3CCN(C(=O)C=O)C3)C2)cc1Br,0.855519
COc1ccccc1CNCCNC[C@@H]1CCCN1,0.219872,COc1ccccc1CNC(=O)CNC[C@@H]1CCCN1,0.091373
CC[C@@H](CN1CCCCC1)N(Cc1c[nH]c2cc(Br)ccc12)c1ccc(C(=O)CCl)c(F)c1,0.996995,CC[C@@H](C(=O)N1CCCCC1)N(Cc1c[nH]c2cc(Br)ccc12)c1ccc(C(=O)CCl)c(F)c1,0.091542
N[C@H](CO)CNc1cc(F)ccc1O,0.044596,N[C@H](CO)C(=O)Nc1cc(F)ccc1O,0.00262
BrCCNc1ccc(Br)cc1NC[C@@H]1CCCN1,0.05162,O=C(Nc1cc(Br)ccc1NCCBr)[C@@H]1CCCN1,0.007635
Nc1ccc(CN(CCNC2CC2)c2cccc(Br)c2O)cc1Br,0.843318,Nc1ccc(C(=O)N(CCNC2CC2)c2cccc(Br)c2O)cc1Br,0.477227
C=CCN(CC1CCN1Cc1c[nH]c2cc(Br)ccc12)[C@H](CNCCc1ccncc1)CC(=O)O,0.936334,C=CC(=O)N(CC1CCN1Cc1c[nH]c2cc(Br)ccc12)[C@H](CNCCc1ccncc1)CC(=O)O,0.672507
CNCCN1CCC1CNCCc1ccc(O)cc1,0.957008,CNCC(=O)N(CCc1ccc(O)cc1)CC1CCN1,0.421588
NCCN1CCc2c(Br)cccc2C1CCN(CC1CCN1)c1cccc(Br)c1O,0.992609,NCCN1CCc2c(Br)cccc2C1CCN(C(=O)C1CCN1)c1cccc(Br)c1O,0.979137
Oc1ccc(CCNCCCNCCNc2cc(Br)ccc2O)cc1,0.96655,O=C(CNCCCNCCc1ccc(O)cc1)Nc1cc(Br)ccc1O,0.933929
c1ccc2c(CCN(CCNC3CNC3)CC3CCN3)c[nH]c2c1,0.760295,O=C(C1CCN1)N(CCNC1CNC1)CCc1c[nH]c2ccccc12,0.339603
C[C@@H](N)CN(CC1CN(c2ccc(N)c(NCc3ccc(F)cc3)c2)C1)C1CC1,0.911627,C[C@@H](N)CN(CC1CN(c2ccc(N)c(NC(=O)c3ccc(F)cc3)c2)C1)C1CC1,0.739899
Nc1c(Br)cccc1N(C[C@@H]1CCCN1Cc1c[nH]c2ccc(Br)cc12)C1CCN(C[C@H](N)CS)C1,0.9881,Nc1c(Br)cccc1N(C[C@@H]1CCCN1Cc1c[nH]c2ccc(Br)cc12)C1CCN(C(=O)[C@H](N)CS)C1,0.847235
COc1ccccc1CCNCCN(C[C@@H]1CCCNC1)c1ccccc1O,0.945016,COc1ccccc1CCN(CCNc1ccccc1O)C(=O)[C@@H]1CCCNC1,0.27
O=C(O)CCN(C[C@H]1CCCN1)c1ccc(Br)cc1O,0.024564,O=C(O)CCN(C(=O)[C@H]1CCCN1)c1ccc(Br)cc1O,0.025926
NCCCN1CCC(N(Cc2c[nH]c3ccc(Br)cc23)c2ccc(Br)cc2O)CC1,0.996705,NCCC(=O)N1CCC(N(Cc2c[nH]c3ccc(Br)cc23)c2ccc(Br)cc2O)CC1,0.454104
Nc1cc(Br)ccc1NCCCN(Cc1c[nH]c2ccc(Br)cc12)C1CCN(C[C@@H]2CCCN2)CC1,0.924684,Nc1cc(Br)ccc1N(CCCN(Cc1c[nH]c2ccc(Br)cc12)C1CCNCC1)C(=O)[C@@H]1CCCN1,0.777123
C=CCN1CCCC(N2CCCC(N(Cc3c[nH]c4ccc(Br)cc34)c3ccc(C#N)cc3N)C2)C1,0.978402,C=CC(=O)N1CCCC(N2CCCC(N(Cc3c[nH]c4ccc(Br)cc34)c3ccc(C#N)cc3N)C2)C1,0.781385
NCCCN(CCc1ccccc1)CC1CCN1,0.645448,NCCCN(CCc1ccccc1)C(=O)C1CCN1,0.057296
NCCCN1CCC1CN(CCNCCc1c[nH]c2ccccc12)c1csc(Br)n1,0.99178,NCCC(=O)N(CCc1c[nH]c2ccccc12)CCN(CC1CCN1)c1csc(Br)n1,0.467668
Fc1ccc(C(CCl)N(C2CCCN(Cc3c[nH]c4cc(Br)ccc34)C2)[C@@H](CS)CNC2CC2)cc1,0.966045,O=C(NC1CC1)[C@H](CS)N(C1CCCN(Cc2c[nH]c3cc(Br)ccc23)C1)C(CCl)c1ccc(F)cc1,0.931191
NCCCN1CCC(N2CCc3c(Br)cccc3C2CNCCc2c[nH]c3ccccc23)CC1,0.982535,NCCC(=O)N(CCc1c[nH]c2ccccc12)CC1c2cccc(Br)c2CCN1C1CCNCC1,0.793106
C[C@@H](CNc1cccc(Br)c1O)NCC1CCN1,0.263119,C[C@@H](CNc1cccc(Br)c1O)NC(=O)C1CCN1,0.015974
N[C@H](CS)CN(CC1CCN1)c1ccc(Br)cc1,0.009961,N[C@H](CS)CN(C(=O)C1CCN1)c1ccc(Br)cc1,0.041267
ClCC(c1ccc(Br)cc1)N1CCCC(N2CCC[C@H]2CNCCc2c[nH]c3ccccc23)C1,0.992692,O=C(NCCc1c[nH]c2ccccc12)[C@@H]1CCCN1C1CCCN(C(CCl)c2ccc(Br)cc2)C1,0.984455
CC[C@@H](CNc1cccc(Br)c1O)NCCN(C)CC1CCN1,0.266221,CC[C@@H](CN(C(=O)C1CCN1)c1cccc(Br)c1O)NCCNC,0.161043
Oc1c(Br)cccc1N(CC1CCN1)C[C@@H]1CCCNC1,0.17037,O=C(C1CCN1)N(C[C@@H]1CCCNC1)c1cccc(Br)c1O,0.31347
CC[C@H](N)CN(c1cc(F)ccc1O)C1CCN(CC2CCN2Cc2c[nH]c3ccc(Br)cc23)CC1,0.986176,CC[C@H](N)C(=O)N(c1cc(F)ccc1O)C1CCN(CC2CCN2Cc2c[nH]c3ccc(Br)cc23)CC1,0.966819
N[C@@H](CS)CN1CCNCC1,0.014313,N[C@@H](CS)C(=O)N1CCNCC1,0.005614
N[C@@H](Cc1ccccc1)CN1CCC(=O)CC1,0.172182,N[C@@H](Cc1ccccc1)C(=O)N1CCC(=O)CC1,0.004784
CNCCN(CCc1ccc(O)cc1)CC(=O)CBr,0.102791,CNCC(=O)N(CCc1ccc(O)cc1)CC(=O)CBr,0.02543
NCCN1CCC(CN2CCC(N(Cc3c[nH]c4cc(Br)ccc34)c3ccc(Br)cc3O)C2)CC1,0.9833,NCC(=O)N1CCC(CN2CCC(N(Cc3c[nH]c4cc(Br)ccc34)c3ccc(Br)cc3O)C2)CC1,0.928881
CC[C@@H](CN1CCC(NCCc2ccccc2)CC1)NCc1ccc(F)cc1,0.972413,CC[C@@H](CN1CCC(NCCc2ccccc2)CC1)NC(=O)c1ccc(F)cc1,0.852553
Oc1ccc(Br)cc1NC[C@@H]1CCCN1CCCNC1CCNC1,0.728758,O=C(Nc1cc(Br)ccc1O)[C@@H]1CCCN1CCCNC1CCNC1,0.531599
COc1ccccc1CCN(CCCN1CCC[C@@H]1C(=O)O)Cc1ccc(F)cc1,0.969933,COc1ccccc1CCN(CCCN1CCC[C@@H]1C(=O)O)C(=O)c1ccc(F)cc1,0.654601
O=C(O)[C@@H]1CCCN1CCNCc1c[nH]c2cc(Br)ccc12,0.192689,O=C(O)CN(Cc1c[nH]c2cc(Br)ccc12)C(=O)[C@@H]1CCCN1,0.144531
COc1ccc(CNC[C@@H]2CCCN2CC2CCN2)cc1,0.733486,COc1ccc(CN(C[C@@H]2CCCN2)C(=O)C2CCN2)cc1,0.01399
Brc1ccc(N(CCNCc2cccc(Br)c2)C[C@H]2CCCN2)cc1,0.830098,O=C([C@H]1CCCN1)N(CCNCc1cccc(Br)c1)c1ccc(Br)cc1,0.285594
NCCN(CC1(N)CCC1)c1ccc(Br)cc1O,0.035073,NCCN(C(=O)C1(N)CCC1)c1ccc(Br)cc1O,0.058763
c1ccc2c(NC3CCN(CC4CCN4)CC3)ccnc2c1,0.778693,O=C(C1CCN1)N(c1ccnc2ccccc12)C1CCNCC1,0.122141
COc1ccccc1CCN(Cc1c[nH]c2cc(Br)ccc12)CC1CCN1CCO,0.999986,COc1ccccc1CCN(Cc1c[nH]c2cc(Br)ccc12)CC1CCN1C(=O)CO,0.885546
CNCCN(CCc1ccccc1OC)c1cccnc1F,0.219509,CNCC(=O)N(CCc1ccccc1OC)c1cccnc1F,0.102635
N[C@H](CC(=O)O)CN1CCC(N(Cc2ccc(F)cc2)c2cccc(Br)c2O)C1,0.872517,N[C@H](CC(=O)N1CCC(N(Cc2ccc(F)cc2)c2cccc(Br)c2O)C1)C(=O)O,0.020009
COc1ccc(CNC[C@@H]2CCCN2)cc1,0.070358,COc1ccc(CNC(=O)[C@@H]2CCCN2)cc1,0.001955
CN(CCN(C[C@H]1CCCN1)c1cccc2cc[nH]c12)C1CCN(Cc2ccc(F)cc2)C1,0.99595,CN(CCN(C[C@H]1CCCN1)c1cccc2cc[nH]c12)C1CCN(C(=O)c2ccc(F)cc2)C1,0.959667
N[C@@H](CCCN1CCc2ccc(O)cc2C1c1c[nH]c2ccc(Br)cc12)CN1CCC[C@H]1CNC1CC1,0.94615,N[C@@H](CCCN1CCc2ccc(O)cc2C1c1c[nH]c2ccc(Br)cc12)CN1CCC[C@H]1C(=O)NC1CC1,0.955132
C=CCN[C@@H](C)CN(Cc1ccccc1O)C1CN(Cc2c[nH]c3ccc(F)cc23)C1,0.965517,C=CC(=O)N[C@@H](C)CN(Cc1ccccc1O)C1CN(Cc2c[nH]c3ccc(F)cc23)C1,0.844333
CNCCN(C)CCN(CCCN)c1cc(F)ccc1O,0.317083,CNCC(=O)N(C)CCN(CCCN)c1cc(F)ccc1O,0.045098
C=CCNCCCN(CCCN)CCc1ccccc1OC,0.560573,C=CCN(CCCNCCc1ccccc1OC)C(=O)CCN,0.053125
COc1cccc2c1CCN(CCBr)C2CN(CCCN)c1ccc(Br)cc1,0.991281,COc1cccc2c1CCN(C(=O)CBr)C2CN(CCCN)c1ccc(Br)cc1,0.492238
N[C@H](CC(=O)O)CN1CCC[C@H](O)C1,0.016924,N[C@H](CC(=O)N1CCC[C@H](O)C1)C(=O)O,0.002675
Oc1ccc(CCNCC2CCN(CC3CCN3)CC2)cc1,0.91864,O=C(C1CCN1)N(CCc1ccc(O)cc1)CC1CCNCC1,0.079508
CNCCNc1cc(C#N)ccc1O,0.201524,CNCC(=O)Nc1cc(C#N)ccc1O,0.021485
C#CCNCCCN[C@@H](CO)C(=O)O,0.010197,C#CCNCCC(=O)N[C@@H](CO)C(=O)O,0.002644
CC[C@H](N)CN1CCC[C@H]1CN1CCC[C@H]1CN(Cc1c[nH]c2cc(Br)ccc12)c1ccc(Br)cc1O,0.959873,CC[C@H](N)C(=O)N1CCC[C@H]1CN1CCC[C@H]1CN(Cc1c[nH]c2cc(Br)ccc12)c1ccc(Br)cc1O,0.870492
COc1cccc(CN(CC2CNC2)C[C@H](C)O)c1,0.026611,COc1cccc(CN(CC2CNC2)C(=O)[C@H](C)O)c1,0.004893
Oc1ccc(CCN(Cc2ccc(F)cc2)C[C@H]2CCCN2)cc1,0.987697,O=C([C@H]1CCCN1)N(CCc1ccc(O)cc1)Cc1ccc(F)cc1,0.399543
C=CCNCCCN(Cc1ccc(N)c(Br)c1)[C@@H](C)c1ccccc1,0.953731,C=CCN(CCCN[C@@H](C)c1ccccc1)C(=O)c1ccc(N)c(Br)c1,0.059723
Nc1ccc(CN[C@H](CS)C(=O)O)cc1Br,0.006807,N[C@H](CS)C(=O)Nc1ccc(C(=O)O)cc1Br,0.000486
C=CCN1CCC[C@H]1CN[C@H](C)CN1CCc2ccc(O)cc2C1c1c[nH]c2cc(Br)ccc12,0.999982,C=CC(=O)N(C[C@@H]1CCCN1)[C@H](C)CN1CCc2ccc(O)cc2C1c1c[nH]c2cc(Br)ccc12,0.953121
Brc1ccc(N(CC2CCN2Cc2c[nH]c3cc(Br)ccc23)C[C@@H]2CCCN2CC2CCN2)cc1,0.991954,O=C(C1CCN1)N1CCC[C@H]1CN(CC1CCN1Cc1c[nH]c2cc(Br)ccc12)c1ccc(Br)cc1,0.854954
C=CCN(C[C@@H]1CCCN1CC[C@@H](N)C(=O)O)c1ccc(Br)cc1O,0.5,C=CCN(C(=O)[C@@H]1CCCN1CC[C@@H](N)C(=O)O)c1ccc(Br)cc1O,0.576481
Nc1cc(Br)ccc1NCC1CCN1C[C@@H]1CCCN1,0.693461,Nc1cc(Br)ccc1N(CC1CCN1)C(=O)[C@@H]1CCCN1,0.258868
c1ccc(NCCCN(C[C@H]2CCCN2)C2CC2)nc1,0.663252,O=C([C@H]1CCCN1)N(CCCNC1CC1)c1ccccn1,0.118734
Oc1c(Br)cccc1NC[C@H]1CCCN1C[C@H]1CCCN1,0.818435,O=C([C@H]1CCCN1)N(C[C@H]1CCCN1)c1cccc(Br)c1O,0.237195
CNCCN(Cc1c[nH]c2ccc(Br)cc12)c1ccc(Br)cc1N(C[C@@H]1CCCNC1)C[C@H](C)N,0.806077,CNCCN(Cc1c[nH]c2ccc(Br)cc12)c1ccc(Br)cc1N(C[C@H](C)N)C(=O)[C@@H]1CCCNC1,0.642964
CCCN(CCc1ccccc1OC)C1CCN(C[C@@H](C)N)C1,0.75017,CCCN(CCc1ccccc1OC)C1CCN(C(=O)[C@@H](C)N)C1,0.624836
C[C@H](N)CN1CCCC(N(c2ncccc2CNCCc2ccncc2)C2CC2)C1,0.892217,C[C@H](N)CN1CCCC(N(c2ncccc2C(=O)NCCc2ccncc2)C2CC2)C1,0.754209
N[C@@H](CC(=O)O)CN1CCC[C@@H]1C(=O)O,0.006768,N[C@@H](CC(=O)N1CCC[C@@H]1C(=O)O)C(=O)O,0.003182
Fc1ccc(C(CCl)N(CCc2ccccc2S)C[C@@H]2CCCN(CCBr)C2)c(F)c1,0.936253,O=C(CBr)N1CCC[C@@H](CN(CCc2ccccc2S)C(CCl)c2ccc(F)cc2F)C1,0.634487
NCCN(Cc1c[nH]c2ccc(Br)cc12)c1cc(CN(C[C@@H]2CCCNC2)C2CCC2)ccc1O,0.94903,NCCN(Cc1c[nH]c2ccc(Br)cc12)c1cc(CN(C(=O)[C@@H]2CCCNC2)C2CCC2)ccc1O,0.426248
N[C@H](CS)CN1CCCC(=O)C1,0.017678,N[C@H](CS)C(=O)N1CCCC(=O)C1,0.002017
O[C@@H]1C[C@@H](CNc2ccccc2S)N(C[C@@H]2CCCN2)C1,0.439745,O=C(Nc1ccccc1S)[C@@H]1C[C@@H](O)CN1C[C@@H]1CCCN1,0.037321
CC[C@@H](C(=O)O)N(Cc1c[nH]c2ccc(Br)cc12)C[C@H](N)CCN(CCBr)Cc1ccccc1,0.969747,CC[C@@H](C(=O)O)N(Cc1c[nH]c2ccc(Br)cc12)C[C@H](N)CCN(Cc1ccccc1)C(=O)CBr,0.550176
O=C(O)C1CCN1Cc1ccc(F)cc1,0.001035,O=C(O)C1CCN1C(=O)c1ccc(F)cc1,8.4e-05
Nc1cc(CN2CCC(O)CC2)ccc1O,0.109023,Nc1cc(C(=O)N2CCC(O)CC2)ccc1O,0.013809
COc1ccccc1CCNC[C@@H]1C[C@@H](O)CN1CCNCC1CCN1,0.195845,COc1ccccc1CCNC[C@@H]1C[C@@H](O)CN1CCNC(=O)C1CCN1,0.10658
Oc1c(Br)cccc1N(Cc1c[nH]c2cc(Br)ccc12)CC1CCN(C[C@@H]2CCCN2CCBr)CC1,0.985494,O=C(CBr)N1CCC[C@H]1CN1CCC(CN(Cc2c[nH]c3cc(Br)ccc23)c2cccc(Br)c2O)CC1,0.949793
CC[C@@H](CNCc1ccccc1OC)N(CC1CN(C[C@@H](C)N)C1)c1ccnc(F)c1,0.874587,CC[C@@H](C(=O)NCc1ccccc1OC)N(CC1CN(C[C@@H](C)N)C1)c1ccnc(F)c1,0.5
C[C@@H](CNc1ccc(C(=O)O)cc1Br)NCCC=O,0.005883,C[C@H](NCCC=O)C(=O)Nc1ccc(C(=O)O)cc1Br,0.000401
Brc1ccc2[nH]cc(CN(CCN3CCCCC3)CC3CNC3)c2c1,0.764707,O=C(CN(Cc1c[nH]c2ccc(Br)cc12)CC1CNC1)N1CCCCC1,0.178084
Nc1c(Br)cccc1N(CC1CCN1)C[C@@H]1CCCN1,0.156584,Nc1c(Br)cccc1N(C[C@@H]1CCCN1)C(=O)C1CCN1,0.241831
C#CCNc1ccc2[nH]cc(CN(CCc3ccccc3Br)CCN(C)CC3(N)CCC3)c2c1,0.919501,C#CCN(C(=O)C1(N)CCC1)c1ccc2[nH]cc(CN(CCNC)CCc3ccccc3Br)c2c1,0.820492
CC[C@H](N)CN(CCCN)c1cc(Br)ccc1O,0.088463,CC[C@H](N)C(=O)N(CCCN)c1cc(Br)ccc1O,0.129788
Nc1ccc(Br)cc1NCC=O,0.004239,Nc1cc(Br)ccc1NC(=O)C=O,0.000244
NC1(CNCCc2ccncc2)CCC1,0.343808,NC1(C(=O)NCCc2ccncc2)CCC1,0.008732
C=CCN1CCC[C@H]1CN1CC(N(Cc2ccc(N)c(Br)c2)c2ccccc2S)C1,0.984155,C=CCN1CCC[C@H]1CN1CC(N(C(=O)c2ccc(N)c(Br)c2)c2ccccc2S)C1,0.975973
NCCC[C@H](N)CN(c1cccc(Br)c1N)C1CN(CC2CCN2)C1,0.569757,NCCC[C@H](N)C(=O)N(c1cccc(Br)c1N)C1CN(CC2CCN2)C1,0.526514
CNCCN(CCCN1CCC(NCCc2c[nH]c3ccc(O)cc23)CC1)c1cccnc1Br,0.984232,CNCC(=O)N(CCCN1CCC(NCCc2c[nH]c3ccc(O)cc23)CC1)c1cccnc1Br,0.984891
N[C@@H](Cc1ccc(O)cc1)CN1CCC(CN2CCc3c(S)cccc3C2c2c[nH]c3ccc(Br)cc23)CC1,0.823771,N[C@@H](Cc1ccc(O)cc1)CN1CCC(C(=O)N2CCc3c(S)cccc3C2c2c[nH]c3ccc(Br)cc23)CC1,0.628347
C[C@H](N)CN(CCCNc1ccccc1S)Cc1ccc(F)cc1,0.87076,C[C@H](N)CN(CCCNc1ccccc1S)C(=O)c1ccc(F)cc1,0.04192
O=Cc1cccc(CN2CCC[C@H]2CN(CCc2ccncc2)CC2CCN2Cc2c[nH]c3ccc(F)cc23)c1,0.657708,O=Cc1cccc(C(=O)N2CCC[C@H]2CN(CCc2ccncc2)CC2CCN2Cc2c[nH]c3ccc(F)cc23)c1,0.694784
CC(C)[C@@H](N)CN1CC(=O)C1,0.008357,CC(C)[C@@H](N)C(=O)N1CC(=O)C1,0.001287
CC[C@H](N)CN(C)CCN(CCc1c[nH]c2ccccc12)c1cccc(CN2CCC(=O)C2)c1,0.987626,CC[C@H](N)C(=O)N(C)CCN(CCc1c[nH]c2ccccc12)c1cccc(CN2CCC(=O)C2)c1,0.5
O=C1CCCN(C[C@@H](Cc2ccc(O)cc2)N(Cc2c[nH]c3ccc(Br)cc23)CC2CCNCC2)C1,0.96505,O=C1CCCN(C[C@@H](Cc2ccc(O)cc2)N(Cc2c[nH]c3ccc(Br)cc23)C(=O)C2CCNCC2)C1,0.673303
Oc1c(Br)cccc1N(CC1CCN(C(CCl)c2ccc(Br)cc2)CC1)C[C@H]1CCCN1,0.969386,O=C([C@H]1CCCN1)N(CC1CCN(C(CCl)c2ccc(Br)cc2)CC1)c1cccc(Br)c1O,0.939631
CN(CCNc1ccc(Br)cc1O)C(CCl)c1ccc(Br)cc1,0.339381,CN(CC(=O)Nc1ccc(Br)cc1O)C(CCl)c1ccc(Br)cc1,0.006535
CNCCNc1cc(Br)ccc1NC[C@H]1CCCN1,0.119152,CNCC(=O)Nc1cc(Br)ccc1NC[C@H]1CCCN1,0.041232
NCCCN1CCC[C@@H]1CN(Cc1c[nH]c2cc(Br)ccc12)c1ccc(Br)cc1,0.999994,NCCC(=O)N1CCC[C@@H]1CN(Cc1c[nH]c2cc(Br)ccc12)c1ccc(Br)cc1,0.474382
Nc1ccc(N2CC(CN(c3cc(Br)ccc3N)C3CN(CC4CCN4)C3)C2)cc1O,0.891621,Nc1ccc(N2CC(CN(c3cc(Br)ccc3N)C3CN(C(=O)C4CCN4)C3)C2)cc1O,0.272601
COc1ccccc1CCNC[C@H](CCC(N)=O)NC1CCN(Cc2c[nH]c3ccc(Br)cc23)C1,0.971083,COc1ccccc1CCNC(=O)[C@H](CCC(N)=O)NC1CCN(Cc2c[nH]c3ccc(Br)cc23)C1,0.59041
COc1cccc2c1CCN(CC1CCN1CCN)C2c1c[nH]c2cc(Br)ccc12,1.0,COc1cccc2c1CCN(CC1CCN1C(=O)CN)C2c1c[nH]c2cc(Br)ccc12,0.98304
NCCCN1CCC(CNCc2c[nH]c3ccccc23)CC1,0.521792,NCCCN1CCC(C(=O)NCc2c[nH]c3ccccc23)CC1,0.156908
COc1ccccc1CCN(CCBr)CCN(C)C[C@@H]1CCCN1,0.655545,COc1ccccc1CCN(CCBr)CCN(C)C(=O)[C@@H]1CCCN1,0.383559
NCCN1C[C@H](O)C[C@H]1CN1CCC(=O)C1,0.019392,NCC(=O)N1C[C@H](O)C[C@H]1CN1CCC(=O)C1,0.006117
CN(CC(=O)O)C1CCCN(Cc2ccc(O)c(N)c2)C1,0.069505,CN(CC(=O)O)C1CCCN(C(=O)c2ccc(O)c(N)c2)C1,0.007611
C#CCN(CCN)Cc1ccc(N(CCCN)Cc2c[nH]c3ccc(Br)cc23)c(Br)c1,0.9932,C#CCN(CCN)Cc1ccc(N(Cc2c[nH]c3ccc(Br)cc23)C(=O)CCN)c(Br)c1,0.988253
NCCCN(CCN)C1CC1,0.065268,NCCC(=O)N(CCN)C1CC1,0.009242
NCCCCNC[C@H]1CCCN1Cc1ccc(F)cc1,0.543559,NCCCCNC(=O)[C@H]1CCCN1Cc1ccc(F)cc1,0.064551
N[C@H](CCNCCc1c[nH]c2ccccc12)C(=O)O,0.70824,N[C@H](CC(=O)NCCc1c[nH]c2ccccc12)C(=O)O,0.012708
NCCCN1CCC1CN1CCC1CN(C[C@H](N)Cc1ccc(O)cc1)c1cc(Br)ccc1O,0.89932,NCCC(=O)N1CCC1CN1CCC1CN(C[C@H](N)Cc1ccc(O)cc1)c1cc(Br)ccc1O,0.841416
CN(CCNC1CCC1)CC(=O)O,0.00769,CN(CC(=O)O)C(=O)CNC1CCC1,0.002617
Nc1ccc(CN[C@@H](CS)CN2CCC[C@@H]2CO)cc1Br,0.463859,Nc1ccc(C(=O)N[C@@H](CS)CN2CCC[C@@H]2CO)cc1Br,0.421782
C[C@H](N)CN[C@H](CS)CN(C)CCNc1cc(Br)cc(C#N)c1,0.149911,C[C@H](N)CN[C@H](CS)CN(C)CC(=O)Nc1cc(Br)cc(C#N)c1,0.021717
Oc1cc(S)ccc1NCC1CCN1,0.44144,O=C(Nc1ccc(S)cc1O)C1CCN1,0.079806
N[C@@H](CS)CN1CCC1CN1CCC[C@@H](C(=O)O)C1,0.027623,N[C@@H](CS)CN1CCC1C(=O)N1CCC[C@@H](C(=O)O)C1,0.004731
C#CCNCc1ccc(N)c(N2CCC[C@H]2C(=O)O)c1,0.029478,C#CCNC(=O)[C@@H]1CCCN1c1cc(C(=O)O)ccc1N,0.002184
CNCCN(C[C@H]1CCCN1)c1ccc(F)nc1Br,0.099135,CNCC(=O)N(C[C@H]1CCCN1)c1ccc(F)nc1Br,0.165095
Oc1cc(F)c(F)cc1NCCCNC1CCCNC1,0.356459,O=C(CCNC1CCCNC1)Nc1cc(F)c(F)cc1O,0.102171
Nc1ccc(CNc2ccc(Br)cc2)cc1Br,0.007272,Nc1ccc(C(=O)Nc2ccc(Br)cc2)cc1Br,0.001782
COCCNCCN(C)C[C@@H](N)Cc1ccc(O)cc1,0.480434,COCCNC(=O)CN(C)C[C@@H](N)Cc1ccc(O)cc1,0.033749
C[C@@H](CNc1ccc(Br)cc1O)NCC1CCN1,0.322608,C[C@H](NCC1CCN1)C(=O)Nc1ccc(Br)cc1O,0.027125
Fc1ccc(C(CCl)N2CCC[C@@H]2CN2CCC[C@@H]2CNc2cccc3cc[nH]c23)c(F)c1,0.977161,O=C(Nc1cccc2cc[nH]c12)[C@H]1CCCN1C[C@H]1CCCN1C(CCl)c1ccc(F)cc1F,0.935822
NCCCC[C@@H](N)CN1CCC(=O)C1,0.027867,NCCCC[C@@H](N)C(=O)N1CCC(=O)C1,0.002916
Nc1ccc(CN(c2ccccc2O)C2CCCNC2)cc1Br,0.953365,Nc1ccc(C(=O)N(c2ccccc2O)C2CCCNC2)cc1Br,0.799174
Oc1ccc(Br)cc1N(C1CNC1)C1CCN(CC2CCN2)C1,0.721338,O=C(C1CCN1)N1CC(N(c2cc(Br)ccc2O)C2CCNC2)C1,0.140973
C=CCN1CCN(c2ccc(N)c(OC(=O)CCN)c2)CC1,0.120805,C=CC(=O)N1CCN(c2ccc(N)c(OC(=O)CCN)c2)CC1,0.003379
NCCCN1CCC1CN(CCC1NCCc2ccccc21)Cc1ccc(O)cc1,0.936656,NCCC(=O)N1CCC1CN(CCC1NCCc2ccccc21)Cc1ccc(O)cc1,0.72101
NCCN(Cc1cccc(Br)c1)c1ccccc1CN1CCC[C@@H]1CO,0.586881,NCC(=O)N(Cc1cccc(Br)c1)c1ccccc1CN1CCC[C@@H]1CO,0.469921
CN(CCN(C)Cc1c[nH]c2ccc(Br)cc12)CCN(C[C@H]1CCCN1)c1cc(Br)ccc1O,0.992634,CN(CCN(C)Cc1c[nH]c2ccc(Br)cc12)CCN(C(=O)[C@H]1CCCN1)c1cc(Br)ccc1O,0.99411
COc1ccccc1CCN(Cc1ccc(F)cc1)C[C@@H](N)CCCN1CCC1C(=O)O,0.980156,COc1ccccc1CCN(C[C@@H](N)CCCN1CCC1C(=O)O)C(=O)c1ccc(F)cc1,0.866695
O=C(CNCc1c[nH]c2cc(Br)ccc12)Oc1ccc2c(c1)C(CN1CCNCC1)NCC2,0.936804,O=C(CNCc1c[nH]c2cc(Br)ccc12)Oc1ccc2c(c1)C(C(=O)N1CCNCC1)NCC2,0.483906
OC[C@H](CN1CCC(N(CCBr)Cc2ccc(O)cc2)C1)NCc1c[nH]c2cc(Br)ccc12,0.964371,O=C(CBr)N(Cc1c[nH]c2cc(Br)ccc12)[C@H](CO)CN1CCC(NCc2ccc(O)cc2)C1,0.962979
N[C@@H](CCNc1cc(F)ccc1O)CNC1CC1,0.305735,N[C@@H](CCNc1cc(F)ccc1O)C(=O)NC1CC1,0.04108
CC[C@H](N)CN[C@@H](CC)CN(CCc1ccccc1OC)Cc1c[nH]c2cc(Br)ccc12,0.993034,CC[C@@H](CN(CCc1ccccc1OC)Cc1c[nH]c2cc(Br)ccc12)NC(=O)[C@@H](N)CC,0.957647
C#CCNCCN(C)c1ccc(N)cc1,0.0279,C#CCNC(=O)CN(C)c1ccc(N)cc1,0.000399
Nc1cc(Br)ccc1NC[C@@H]1CCCN1CC1(N)CCC1,0.638172,Nc1cc(Br)ccc1N(C[C@@H]1CCCN1)C(=O)C1(N)CCC1,0.118259
Nc1cccc(N(CCCN2CC(=O)C2)C2CCNC2)c1O,0.190091,Nc1cccc(N(CCC(=O)N2CC(=O)C2)C2CCNC2)c1O,0.013744
CC(C)(N)CN[C@@H](Cc1cccs1)C(=O)O,0.011046,CC(C)(N)C(=O)N[C@@H](Cc1cccs1)C(=O)O,0.001436
COc1cccc(CN(Cc2c[nH]c3ccc(Br)cc23)C[C@@H]2CCCN2CCN2CCC[C@H]2CO)c1,0.837549,COc1cccc(CN(Cc2c[nH]c3ccc(Br)cc23)C[C@@H]2CCCN2CC(=O)N2CCC[C@H]2CO)c1,0.656735
C[C@H](N)CNc1ccc(C(=O)O)cc1Br,0.005814,C[C@H](N)C(=O)Nc1ccc(C(=O)O)cc1Br,0.000423
Oc1c(Br)cccc1N(CC1CNC1)C1CCN(Cc2c[nH]c3ccc(Br)cc23)C1,0.997208,O=C(C1CNC1)N(c1cccc(Br)c1O)C1CCN(Cc2c[nH]c3ccc(Br)cc23)C1,0.97618
O=CCCN1CCC[C@@H]1CNc1cc(F)c(F)cc1O,0.416787,O=CCCN1CCC[C@@H]1C(=O)Nc1cc(F)c(F)cc1O,0.048128
NCCCCNCc1cccc(F)c1N,0.188058,NCCCCNC(=O)c1cccc(F)c1N,0.014394
C=CCN(c1ccccc1O)C1CCN(C2CCNCC2)C1,0.372973,C=CC(=O)N(c1ccccc1O)C1CCN(C2CCNCC2)C1,0.223306
N[C@@H](CS)CN1CCC1CNc1ccc(Br)cc1O,0.307061,N[C@@H](CS)CN1CCC1C(=O)Nc1ccc(Br)cc1O,0.008504
Oc1ccccc1NCC1CCN1C1CN(C[C@@H]2CCCN2)C1,0.538846,O=C(Nc1ccccc1O)C1CCN1C1CN(C[C@@H]2CCCN2)C1,0.141115
Oc1ccc(CCN(Cc2c[nH]c3ccc(Br)cc23)C2CN(CC3CCN3)C2)cc1,0.999998,O=C(C1CCN1)N1CC(N(CCc2ccc(O)cc2)Cc2c[nH]c3ccc(Br)cc23)C1,0.995683
CNCCN(C[C@H](C)N(CCCN)C[C@@H](N)Cc1ccc(O)cc1)c1cccc2cc[nH]c12,0.958103,CNCC(=O)N(C[C@H](C)N(CCCN)C[C@@H](N)Cc1ccc(O)cc1)c1cccc2cc[nH]c12,0.869854
C=CCNCCCN1CCCC(N(CCc2c[nH]c3ccccc23)Cc2c[nH]c3ccc(Br)cc23)C1,0.937089,C=CC(=O)NCCCN1CCCC(N(CCc2c[nH]c3ccccc23)Cc2c[nH]c3ccc(Br)cc23)C1,0.889411
COc1ccc(O)c(NCCCNC[C@H]2CCCN2)c1,0.357149,COc1ccc(O)c(NC(=O)CCNC[C@H]2CCCN2)c1,0.070739
C[C@@H](N)CN(C)CC(=O)Oc1ccc(CCN)cc1,0.032284,C[C@@H](N)C(=O)N(C)CC(=O)Oc1ccc(CCN)cc1,0.00166
C[C@@H](CN1CC[C@@H](O)C1)NCCN,0.045746,C[C@H](NCCN)C(=O)N1CC[C@@H](O)C1,0.006236
OCCN(C[C@H]1Cc2ccccc2C([C@H]2CCCN2Cc2c[nH]c3ccc(F)cc23)=N1)C1CCC1,0.989799,O=C(CO)N(C[C@H]1Cc2ccccc2C([C@H]2CCCN2Cc2c[nH]c3ccc(F)cc23)=N1)C1CCC1,0.677988
NCCN(Cc1c[nH]c2cc(Br)ccc12)[C@@H](CO)CN1CCC1CNCc1ccc(O)cc1,0.991326,NCC(=O)N(Cc1c[nH]c2cc(Br)ccc12)[C@@H](CO)CN1CCC1CNCc1ccc(O)cc1,0.979368
CC[C@H](N)CN(c1ccc(Br)cc1)C1CN(C[C@@H](C)N)C1,0.073763,CC[C@H](N)C(=O)N(c1ccc(Br)cc1)C1CN(C[C@@H](C)N)C1,0.090039
Oc1ccc2[nH]cc(CCN(CCNC(CCl)c3ccc(F)cc3)C[C@@H]3CCCN3)c2c1,0.999993,O=C(CNC(CCl)c1ccc(F)cc1)N(CCc1c[nH]c2ccc(O)cc12)C[C@@H]1CCCN1,0.883524
NCCCNc1ccc(Br)cc1N(CC1NCCc2c(Br)cccc21)C1CNC1,0.897545,NCCC(=O)Nc1ccc(Br)cc1N(CC1NCCc2c(Br)cccc21)C1CNC1,0.800283
N[C@H](CO)CN1CCC[C@H]1CN1CCC[C@H]1CNCCc1c[nH]c2ccccc12,0.731011,N[C@H](CO)CN1CCC[C@H]1CN1CCC[C@H]1C(=O)NCCc1c[nH]c2ccccc12,0.571319
Oc1cc(F)c(F)cc1N(CC1CNC1)C1CN(Cc2cccc(Br)c2)C1,0.987582,O=C(C1CNC1)N(c1cc(F)c(F)cc1O)C1CN(Cc2cccc(Br)c2)C1,0.874808
C[C@H](N)CN(CCc1c[nH]c2ccccc12)C1CN(Cc2ccc(N)c(Br)c2)C1,0.992535,C[C@H](N)CN(CCc1c[nH]c2ccccc12)C1CN(C(=O)c2ccc(N)c(Br)c2)C1,0.968881
N#Cc1cc(Br)cc(N(Cc2c[nH]c3cc(Br)ccc23)C[C@H]2CCCN2)c1,0.907081,N#Cc1cc(Br)cc(N(Cc2c[nH]c3cc(Br)ccc23)C(=O)[C@H]2CCCN2)c1,0.853744
O=C(O)[C@H](Cc1ccc(O)cc1)NCC1CCN1,0.548689,O=C(N[C@@H](Cc1ccc(O)cc1)C(=O)O)C1CCN1,0.035657
CC[C@@H](CNCCc1ccc(O)cc1)NCC1CNC1,0.627808,CC[C@@H](CNCCc1ccc(O)cc1)NC(=O)C1CNC1,0.398447
C[C@@H](O)[C@@H](NC[C@@H]1CCCN1)C(=O)O,0.009662,C[C@@H](O)[C@@H](NC(=O)[C@@H]1CCCN1)C(=O)O,0.002509
CC(C)CNCC1CCN1,0.015846,CC(C)CNC(=O)C1CCN1,0.002519
C[C@@H](CN(CCN(C)Cc1c[nH]c2ccc(Br)cc12)c1ccc(Br)cc1O)NCC=O,0.985757,C[C@@H](CN(CCN(C)Cc1c[nH]c2ccc(Br)cc12)c1ccc(Br)cc1O)NC(=O)C=O,0.809673
NCCCN(CC1CCN1CCC=O)C1CC1,0.052352,NCCC(=O)N(CC1CCN1CCC=O)C1CC1,0.009457
NCCCN1CCC(CNc2c(N)cccc2Br)CC1,0.39322,NCCCN1CCC(C(=O)Nc2c(N)cccc2Br)CC1,0.055868
c1ccc(CCN(CC2CCN2)C2CNC2)cc1,0.805439,O=C(C1CCN1)N(CCc1ccccc1)C1CNC1,0.10079
COc1cccc(CNCCN(C)Cc2c[nH]c3cc(Br)ccc23)c1,0.987127,COc1cccc(CNC(=O)CN(C)Cc2c[nH]c3cc(Br)ccc23)c1,0.265536
SC[C@H](CNCCc1ccccc1)NC[C@@H]1CCCN1,0.313496,O=C(NCCc1ccccc1)[C@@H](CS)NC[C@@H]1CCCN1,0.035723
NCCCN[C@@H](CO)CN1CCC(N2CCc3ccc(O)cc3C2c2c[nH]c3cc(Br)ccc23)C1,0.985296,NCCCN[C@@H](CO)C(=O)N1CCC(N2CCc3ccc(O)cc3C2c2c[nH]c3cc(Br)ccc23)C1,0.878746
NCCN(CCc1ccncc1)Cc1c[nH]c2ccc(Br)cc12,0.974446,NCC(=O)N(CCc1ccncc1)Cc1c[nH]c2ccc(Br)cc12,0.482428
COc1ccc(CN(CCN(Cc2cccc(OC)c2)CC2CCN2)Cc2ccc(F)cc2)cc1,0.455989,COc1ccc(CN(CCN(Cc2cccc(OC)c2)CC2CCN2)C(=O)c2ccc(F)cc2)cc1,0.147521
CC[C@H](N)CN[C@H](CO)CN1CCC(=O)CC1,0.028277,CC[C@H](N)C(=O)N[C@H](CO)CN1CCC(=O)CC1,0.010473
C[C@@H](N)CNCCCN[C@@H](Cc1ccc(O)cc1)C(=O)O,0.482188,C[C@@H](N)CNCCC(=O)N[C@@H](Cc1ccc(O)cc1)C(=O)O,0.059495
N#Cc1cc(Br)cc(N(CC=O)C2CCCN(C[C@H]3CCCN3Cc3c[nH]c4ccccc34)C2)c1,0.990776,N#Cc1cc(Br)cc(N(C(=O)C=O)C2CCCN(C[C@H]3CCCN3Cc3c[nH]c4ccccc34)C2)c1,0.920334
Oc1ccccc1CN(CCBr)CCNC[C@H]1CCCN1,0.193498,O=C(CBr)N(CCNC[C@H]1CCCN1)Cc1ccccc1O,0.127717
Oc1ccccc1CN(Cc1c[nH]c2ccc(Br)cc12)C1CCCN(CC2CCN2)C1,0.999988,O=C(C1CCN1)N1CCCC(N(Cc2ccccc2O)Cc2c[nH]c3ccc(Br)cc23)C1,0.866614
Nc1ccc(CNCCCN2CCC(NCCc3c[nH]c4ccccc34)CC2)cc1Br,0.996215,Nc1ccc(C(=O)NCCCN2CCC(NCCc3c[nH]c4ccccc34)CC2)cc1Br,0.988097
OCCCNC[C@@H]1CCCN1,0.024495,O=C(NCCCO)[C@@H]1CCCN1,0.003832
COc1ccc(N)c(N(C[C@@H]2CCCN(CCN)C2)C2CCN(Cc3c[nH]c4cc(Br)ccc34)CC2)c1,0.963085,COc1ccc(N)c(N(C[C@@H]2CCCN(C(=O)CN)C2)C2CCN(Cc3c[nH]c4cc(Br)ccc34)CC2)c1,0.567672
O=Cc1c[nH]c2cc(N3CCC3CN3CC(=O)C3)ccc12,0.087428,O=Cc1c[nH]c2cc(N3CCC3C(=O)N3CC(=O)C3)ccc12,0.006632
Nc1cc(CN2CCC2C(=O)O)ccc1O,0.015846,Nc1cc(C(=O)N2CCC2C(=O)O)ccc1O,0.001455
C1CC(NCCNC2CC2)CN1,0.024732,O=C(CNC1CCNC1)NC1CC1,0.008286
C[C@@H](N)CNCCc1ccccc1N1CC(N(C[C@H]2CCCN2)c2cc(Br)cc(C#N)c2)C1,0.820966,C[C@@H](N)CN(CCc1ccccc1N1CC(Nc2cc(Br)cc(C#N)c2)C1)C(=O)[C@H]1CCCN1,0.203634
COc1cccc2c1CCN(CCN)C2c1c[nH]c2ccc(N(C[C@H](N)CO)C3CC3)cc12,0.993986,COc1cccc2c1CCN(C(=O)CN)C2c1c[nH]c2ccc(N(C[C@H](N)CO)C3CC3)cc12,0.58646
Oc1cc(F)c(F)cc1NCC1CCNCC1,0.123087,O=C(Nc1cc(F)c(F)cc1O)C1CCNCC1,0.012301
CC[C@@H](CN1CCc2c(Br)cccc2C1c1c[nH]c2cc(Br)ccc12)NC1CCN(CC=O)C1,0.993316,CC[C@@H](CN1CCc2c(Br)cccc2C1c1c[nH]c2cc(Br)ccc12)N(C(=O)C=O)C1CCNC1,0.815362
NCCCC[C@H](N)CN(CCNc1ccc(CNCCc2ccc(O)cc2)cc1Br)CC1CNC1,0.527909,NCCCC[C@H](N)C(=O)N(CCNCC1CNC1)c1ccc(CNCCc2ccc(O)cc2)cc1Br,0.173595
NCCCN(C[C@@H](N)Cc1c[nH]c2ccccc12)c1cc(CN2CCC(=O)CC2)ccc1O,0.959068,NCCCN(C(=O)[C@@H](N)Cc1c[nH]c2ccccc12)c1cc(CN2CCC(=O)CC2)ccc1O,0.881693
O=C1CCN(CC[C@@H](CNc2cccc3cc[nH]c23)NCC2CCN2)C1,0.38925,O=C1CCN(CC[C@@H](CNc2cccc3cc[nH]c23)NC(=O)C2CCN2)C1,0.232948
CC[C@@H](CN(CC1CCN1)c1cc(Br)cc(C#N)c1)NCCCNCc1c[nH]c2ccc(Br)cc12,0.648882,CC[C@@H](CN(C(=O)C1CCN1)c1cc(Br)cc(C#N)c1)NCCCNCc1c[nH]c2ccc(Br)cc12,0.450183
COc1ccccc1CCN(CCCN)Cc1ccc(F)cc1,0.984695,COc1ccccc1CCN(Cc1ccc(F)cc1)C(=O)CCN,0.044193
CCC1c2ccccc2CCN1CCN,0.741636,CCC1c2ccccc2CCN1C(=O)CN,0.171281
NCCCN[C@H](Cc1ccc(O)cc1)C(=O)O,0.37658,NCCC(=O)N[C@H](Cc1ccc(O)cc1)C(=O)O,0.011122
N#Cc1cc(Br)cc(NCC2CN(CCCNC3CNC3)C2)c1,0.465119,N#Cc1cc(Br)cc(NC(=O)C2CN(CCCNC3CNC3)C2)c1,0.169548
NCCN(CC=O)[C@H](CNCCc1c[nH]c2ccc(O)cc12)Cc1cccs1,0.984874,NCCN(CC=O)[C@@H](Cc1cccs1)C(=O)NCCc1c[nH]c2ccc(O)cc12,0.749318
N[C@@H](CO)CN(c1cc(F)ccc1O)C1CCN(C[C@@H]2CCCN2)C1,0.618435,N[C@@H](CO)C(=O)N(c1cc(F)ccc1O)C1CCN(C[C@@H]2CCCN2)C1,0.599672
CNCCN(CCC[C@H](N)CNc1ccc(Br)cc1O)CC1CN(Cc2c[nH]c3ccc(Br)cc23)C1,0.934874,CNCC(=O)N(CCC[C@H](N)CNc1ccc(Br)cc1O)CC1CN(Cc2c[nH]c3ccc(Br)cc23)C1,0.701859
Oc1ccc(F)cc1N(CC1CCN(C[C@H]2CCCN2CC2CCN2)CC1)C(CCl)c1ccc(Cl)c(Cl)c1,0.849773,O=C(C1CCN1)N1CCC[C@@H]1CN1CCC(CN(c2cc(F)ccc2O)C(CCl)c2ccc(Cl)c(Cl)c2)CC1,0.71121
Oc1ccccc1NCC1CN(C[C@@H]2CCCN2)C1,0.373463,O=C(Nc1ccccc1O)C1CN(C[C@@H]2CCCN2)C1,0.025152
CC[C@@H](CN1CCC(=O)CC1)N(CCN)c1ccc2c(C3NCCc4c(Br)cccc43)c[nH]c2c1,0.98837,CC[C@@H](CN1CCC(=O)CC1)N(C(=O)CN)c1ccc2c(C3NCCc4c(Br)cccc43)c[nH]c2c1,0.869899
COc1cccc(CNCCN(C)CCNCCc2ccccc2OC)c1,0.976976,COc1cccc(CNCCN(C)CC(=O)NCCc2ccccc2OC)c1,0.293733
O=C(O)C1CCN1Cc1cncc(F)c1,0.002771,O=C(O)C1CCN1C(=O)c1cncc(F)c1,0.000499
CC[C@@H](CNC1CC1)NCC1CCN1,0.021617,CC[C@@H](CNC1CC1)NC(=O)C1CCN1,0.005148
Brc1ccc(NC[C@H]2CCCN2C[C@H]2CCCN2)cc1,0.693038,O=C(Nc1ccc(Br)cc1)[C@H]1CCCN1C[C@H]1CCCN1,0.167488
O=C(O)C1CCN1Cc1ccc(F)cc1,0.001035,O=C(O)C1CCN1C(=O)c1ccc(F)cc1,8.4e-05
CNCCNCC(C)C,0.014179,CNCC(=O)NCC(C)C,0.002943
c1ccc2c(CCNC[C@H]3CCCN3C[C@@H]3CCCN3)c[nH]c2c1,0.973128,O=C(NCCc1c[nH]c2ccccc12)[C@H]1CCCN1C[C@@H]1CCCN1,0.880575
Oc1ccc2c(c1)C(CNCCNc1ccccc1S)N(C[C@@H]1CCCN1)CC2,0.959833,O=C([C@@H]1CCCN1)N(CCNCC1NCCc2ccc(O)cc21)c1ccccc1S,0.862271
CC[C@H](N)CN1CCC[C@H]1C(=O)Oc1ccccc1N(CCN)Cc1c[nH]c2cc(Br)ccc12,0.991096,CC[C@H](N)CN1CCC[C@H]1C(=O)Oc1ccccc1N(Cc1c[nH]c2cc(Br)ccc12)C(=O)CN,0.984651
N[C@H](CS)CNCCCNc1cccc(Br)c1O,0.172647,N[C@H](CS)CNCCC(=O)Nc1cccc(Br)c1O,0.015996
COc1cccc(CN(c2ccc(N)c(O)c2)C2CCN(C3CN(CC4(N)CCC4)C3)C2)c1,0.905917,COc1cccc(CN(c2ccc(N)c(O)c2)C2CCN(C3CN(C(=O)C4(N)CCC4)C3)C2)c1,0.296572
O=CCCN1CCC[C@H]1CNCCc1c[nH]c2ccccc12,0.978338,O=CCCN1CCC[C@H]1C(=O)NCCc1c[nH]c2ccccc12,0.540064
C[C@H](N)CNCc1ccccc1,0.049265,C[C@H](N)C(=O)NCc1ccccc1,0.001236
C[C@@H](CN1CC(CN2CC(=O)C2)C1)N(Cc1c[nH]c2cc(Br)ccc12)c1cc(F)ccc1C(=O)CCl,0.883106,C[C@@H](CN1CC(C(=O)N2CC(=O)C2)C1)N(Cc1c[nH]c2cc(Br)ccc12)c1cc(F)ccc1C(=O)CCl,0.720215
O=C(O)C1CN(CCBr)C1,0.006719,O=C(O)C1CN(C(=O)CBr)C1,0.001673
Oc1ccccc1N(CC1CCN1)C[C@H](CS)N(Cc1c[nH]c2cc(Br)ccc12)C[C@H]1CCCN1,0.96025,O=C(C1CCN1)N(C[C@H](CS)N(Cc1c[nH]c2cc(Br)ccc12)C[C@H]1CCCN1)c1ccccc1O,0.891448
C[C@H](N)CN(CCc1ccccc1Br)C(CBr)CNCCc1ccc(O)cc1,0.987533,C[C@H](N)CN(CCc1ccccc1Br)C(CBr)C(=O)NCCc1ccc(O)cc1,0.609893
CC[C@@H](CN1CCCCC1)N(c1cccc(N)c1O)C1CCN(Cc2c[nH]c3ccc(Br)cc23)C1,0.989641,CC[C@@H](C(=O)N1CCCCC1)N(c1cccc(N)c1O)C1CCN(Cc2c[nH]c3ccc(Br)cc23)C1,0.715348
CC(C)(N)CN1CCC[C@H]1C(=O)O,0.009569,CC(C)(N)C(=O)N1CCC[C@H]1C(=O)O,0.002719
c1ccc(CCN(CC2CNC2)CC2CCN2)cc1,0.379074,O=C(C1CCN1)N(CCc1ccccc1)CC1CNC1,0.039241
CCCN(CCC1c2cccc(OC)c2CCN1C[C@@H]1CCCN1)Cc1cccc(OC)c1,0.795147,CCCN(CCC1c2cccc(OC)c2CCN1C(=O)[C@@H]1CCCN1)Cc1cccc(OC)c1,0.345315
CN(CCNCCc1ccccc1Br)C(CCl)c1ccc(F)cc1F,0.862369,CN(CC(=O)NCCc1ccccc1Br)C(CCl)c1ccc(F)cc1F,0.052425
Fc1cccc(CN(CC2CCNCC2)c2cccc(Br)c2NC[C@H]2CCCN2)c1F,0.525955,O=C(c1cccc(F)c1F)N(CC1CCNCC1)c1cccc(Br)c1NC[C@H]1CCCN1,0.323223
NCCN[C@H](CO)CN1CCC(CN(Cc2c[nH]c3cc(Br)ccc23)c2ccccc2O)CC1,0.988528,NCC(=O)N[C@H](CO)CN1CCC(CN(Cc2c[nH]c3cc(Br)ccc23)c2ccccc2O)CC1,0.93914
CC[C@H](N)CN1CCC[C@H]1CNc1cc(OC)ccc1O,0.830697,CC[C@H](N)CN1CCC[C@H]1C(=O)Nc1cc(OC)ccc1O,0.202667
O=CCCN1CCc2c(Br)cccc2C1CNCCc1ccccc1,0.989721,O=CCCN1CCc2c(Br)cccc2C1C(=O)NCCc1ccccc1,0.343871
Nc1ccc(CN2CCC(CNc3ccccc3O)CC2)cc1Br,0.886965,Nc1ccc(CN2CCC(C(=O)Nc3ccccc3O)CC2)cc1Br,0.102715
NCCN1CCN(C[C@H](N)CCNc2cc(F)ccc2O)CC1,0.149269,NCCN1CCN(C[C@H](N)CC(=O)Nc2cc(F)ccc2O)CC1,0.048224
C=CCN(CCNC)CCC(=O)OCc1ccccc1F,0.011574,C=CC(=O)N(C)CCNCCC(=O)OCc1ccccc1F,0.000687
NCCCCN(CCCN)c1cccnc1F,0.062027,NCCCCN(C(=O)CCN)c1cccnc1F,0.060255
N#Cc1cc(Br)cc(NC[C@H](N)CCCCNCCCN)c1,0.141698,N#Cc1cc(Br)cc(NC(=O)[C@H](N)CCCCNCCCN)c1,0.028662
CNCCN1CCC1CNc1ccc(C#N)cc1NCc1c[nH]c2ccc(Br)cc12,0.948123,CNCC(=O)N(CC1CCN1)c1ccc(C#N)cc1NCc1c[nH]c2ccc(Br)cc12,0.759545
CN(CCCN1CC(=O)C1)CCNc1ccc(Br)cc1,0.047798,CN(CCCN1CC(=O)C1)CC(=O)Nc1ccc(Br)cc1,0.001826
CC(C)[C@H](CN1CCC[C@@H]1CNCCc1ccccc1Br)NCc1ccc(F)cc1,0.959642,CC(C)[C@H](CN1CCC[C@@H]1CNCCc1ccccc1Br)NC(=O)c1ccc(F)cc1,0.900733
c1ccc2c(CCNCCNC3CCNC3)c[nH]c2c1,0.806695,O=C(CNC1CCNC1)NCCc1c[nH]c2ccccc12,0.473816
CC[C@H](N)CN(CCc1ccccc1)C[C@@H](N)CCCNc1cc(F)c(F)cc1O,0.899269,CC[C@H](N)CN(CCc1ccccc1)C[C@@H](N)CCC(=O)Nc1cc(F)c(F)cc1O,0.438878
N[C@@H](CS)CN1CCC(N(c2ccccc2O)C2CCCN(Cc3c[nH]c4ccc(Br)cc34)C2)CC1,0.975159,N[C@@H](CS)C(=O)N1CCC(N(c2ccccc2O)C2CCCN(Cc3c[nH]c4ccc(Br)cc34)C2)CC1,0.746279
C=CCN1CC(CN(CC2CCN2Cc2cccc(F)c2N)c2cccc3cc[nH]c23)C1,0.988874,C=CCN1CC(CN(CC2CCN2C(=O)c2cccc(F)c2N)c2cccc3cc[nH]c23)C1,0.868787
C[C@@H](NCCN(C)C1CCN(Cc2ccc(F)cc2)CC1)c1ccccc1,0.95856,C[C@@H](NC(=O)CN(C)C1CCN(Cc2ccc(F)cc2)CC1)c1ccccc1,0.290369
CNCCN(c1cc(C#N)ccc1N)C1CCCNC1,0.148209,CNCC(=O)N(c1cc(C#N)ccc1N)C1CCCNC1,0.066085
NCCCN1CCCC(N2CCC2CN(Cc2ccc(N)c(Br)c2)c2cc(Br)ccc2O)C1,0.991618,NCCC(=O)N1CCCC(N2CCC2CN(Cc2ccc(N)c(Br)c2)c2cc(Br)ccc2O)C1,0.796222
CC[C@H](N)CN(CCN)C1CC1,0.058466,CC[C@H](N)C(=O)N(CCN)C1CC1,0.006106
Oc1ccc(CCN(CC2CCN2)C2CCN(C[C@@H](CS)Nc3ccccn3)CC2)cc1,0.783493,O=C(C1CCN1)N(CCc1ccc(O)cc1)C1CCN(C[C@@H](CS)Nc2ccccn2)CC1,0.624126
Oc1ccccc1CNCC1CCN1C1CCN(Cc2c[nH]c3ccc(Br)cc23)CC1,0.996687,O=C(NCc1ccccc1O)C1CCN1C1CCN(Cc2c[nH]c3ccc(Br)cc23)CC1,0.983119
NCCCN(C[C@@H]1CCCN1C[C@H](N)CCNCCc1c[nH]c2ccccc12)c1cc(Br)ccc1O,0.96104,NCCC(=O)N(CCc1c[nH]c2ccccc12)CC[C@@H](N)CN1CCC[C@H]1CNc1cc(Br)ccc1O,0.831917
Cc1cnc(F)cc1N(CCCO)CCN(C)C[C@@H]1CCCN1,0.332183,Cc1cnc(F)cc1N(CCCO)CCN(C)C(=O)[C@@H]1CCCN1,0.013328
Nc1ccc(N2C[C@H](O)C[C@H]2CN2CCC(=O)CC2)cc1O,0.069203,Nc1ccc(N2C[C@H](O)C[C@H]2C(=O)N2CCC(=O)CC2)cc1O,0.003779
NCCN(CCN1CCC[C@@H]1C(=O)O)Cc1c[nH]c2cc(Br)ccc12,0.266994,NCCN(CC(=O)N1CCC[C@@H]1C(=O)O)Cc1c[nH]c2cc(Br)ccc12,0.145933
Nc1ccc(CN2CC(NCCCN3CCC(=O)C3)C2)cc1Br,0.414962,Nc1ccc(CN2CC(NCCC(=O)N3CCC(=O)C3)C2)cc1Br,0.192799
Oc1ccc(CCNCC2c3cc(O)ccc3CCN2C[C@@H]2CCCNC2)cc1,0.972689,O=C([C@@H]1CCCNC1)N(CCc1ccc(O)cc1)CC1NCCc2ccc(O)cc21,0.653511
Fc1cc(CN2CCC[C@@H]2CNCCCNc2cccc3cc[nH]c23)ccn1,0.939358,O=C(CCNC[C@H]1CCCN1Cc1ccnc(F)c1)Nc1cccc2cc[nH]c12,0.695893
N[C@@H](CS)CN(C[C@@H](N)Cc1c[nH]c2ccccc12)C1CC1,0.781489,N[C@@H](Cc1c[nH]c2ccccc12)CN(C(=O)[C@@H](N)CS)C1CC1,0.106908
NCCCN(CCCN1CCCCC1)c1ccc(Br)cc1,0.271638,NCCCN(CCC(=O)N1CCCCC1)c1ccc(Br)cc1,0.000458
c1ccc2c(c1)CCNC2CNCCN1CCC[C@H]1CNc1cccc2cc[nH]c12,0.950037,O=C(Nc1cccc2cc[nH]c12)[C@@H]1CCCN1CCNCC1NCCc2ccccc21,0.893175
CCCN(C[C@H]1CCCN1)c1ccccn1,0.118853,CCCN(C(=O)[C@H]1CCCN1)c1ccccn1,0.037859
O=CCNCCc1ccc(O)cc1,0.461802,O=CC(=O)NCCc1ccc(O)cc1,0.001965
CNCCN(C)CCN(CCN(C)c1ccc(O)c(N)c1)c1cc(Br)ccc1O,0.892255,CNCC(=O)N(C)CCN(CCN(C)c1ccc(O)c(N)c1)c1cc(Br)ccc1O,0.397757
COc1ccccc1CCN(CCCNc1cccc2cc[nH]c12)C1CCCNC1,0.991995,COc1ccccc1CCN(CCC(=O)Nc1cccc2cc[nH]c12)C1CCCNC1,0.894324
CC(C)[C@H](N)CN1CCCC(=O)C1,0.017211,CC(C)[C@H](N)C(=O)N1CCCC(=O)C1,0.000954
COc1ccc(O)c(NCC[C@@H](N)CN2CCC(=O)C2)c1,0.187282,COc1ccc(O)c(NC(=O)C[C@@H](N)CN2CCC(=O)C2)c1,0.014431
C[C@H](CN1CC(C(=O)O)C1)NCCCN,0.032497,C[C@@H](N)CN1CC(C(=O)NCCC(=O)O)C1,0.004525
COc1ccc(O)c(NCc2cccc(F)c2F)c1,0.024759,COc1ccc(O)c(NC(=O)c2cccc(F)c2F)c1,0.002216
NCCNCCN1CCCC(=O)C1,0.017134,NCCNCC(=O)N1CCCC(=O)C1,0.004141
O=C1CN(CC[C@H](NCC2NCCc3c(Cl)cccc32)C(=O)O)C1,0.271212,O=C(O)C[C@H](NCC1NCCc2c(Cl)cccc21)C(=O)N1CC(=O)C1,0.016466
C[C@@H](CNCCc1ccncc1)NCC1CCN1,0.274208,C[C@H](NCC1CCN1)C(=O)NCCc1ccncc1,0.040609
COc1ccccc1CCNC1CN(CCCNCCN)C1,0.569035,COc1ccccc1CCNC1CN(CCCNC(=O)CN)C1,0.224261
NCCN(CC[C@H](N)CN(CCc1ccccc1)CC1CCN1)c1cccc2cc[nH]c12,0.934798,NCCN(CC[C@H](N)CN(CCc1ccccc1)C(=O)C1CCN1)c1cccc2cc[nH]c12,0.277961
O=C1CCN(CCCNc2cc(Br)ccc2O)C1,0.088499,O=C1CCN(C(=O)CCNc2cc(Br)ccc2O)C1,0.005636
COc1ccc(N(CCN)C[C@@H]2CCCN2)c(N)c1,0.084757,COc1ccc(N(CCN)C(=O)[C@@H]2CCCN2)c(N)c1,0.095375
N[C@H](CS)CN1CC(CN2CCCC(=O)C2)C1,0.020034,N[C@H](CS)CN1CC(C(=O)N2CCCC(=O)C2)C1,0.003526
NCCCNC1(CN2CCC[C@H](O)C2)CCC1,0.034454,NCCC(=O)NC1(CN2CCC[C@H](O)C2)CCC1,0.01023
Nc1ccc(CN2CCC(N3CCN(c4ccc5[nH]cc(C=O)c5c4)CC3)CC2)cc1Br,0.999995,Nc1ccc(C(=O)N2CCC(N3CCN(c4ccc5[nH]cc(C=O)c5c4)CC3)CC2)cc1Br,0.969927
O=CCCN1CC(CNC2CC2)C1,0.022623,O=CCCN1CC(C(=O)NC2CC2)C1,0.005924
CC[C@H](N)CN(C)CCN(CC1CCN1Cc1c[nH]c2cc(Br)ccc12)c1cccnc1Br,0.996803,CC[C@H](N)C(=O)N(C)CCN(CC1CCN1Cc1c[nH]c2cc(Br)ccc12)c1cccnc1Br,0.871897
C#CCNC[C@@H]1CCCN1CCCNCCc1ccccc1,0.626351,C#CCNC[C@@H]1CCCN1CCC(=O)NCCc1ccccc1,0.306403
OC[C@H](CNCCc1ccc(O)cc1)NC1CNC1,0.815834,O=C(NCCc1ccc(O)cc1)[C@@H](CO)NC1CNC1,0.303704
CN(CCCN)CCN(C[C@H]1CCCN1)c1ccnc2ccccc12,0.902267,CN(CCCN)CCN(C(=O)[C@H]1CCCN1)c1ccnc2ccccc12,0.766958
COc1ccccc1CN(CC1CCN1)C[C@H]1CCCN1,0.318827,COc1ccccc1CN(C[C@H]1CCCN1)C(=O)C1CCN1,0.07103
NCCCN1CCC[C@H]1CNc1ccc(F)nc1Br,0.467367,NCCC(=O)N(C[C@@H]1CCCN1)c1ccc(F)nc1Br,0.144694
OCC1CN(CCN(C[C@H]2CCCN2Cc2ccc(F)cc2)c2cccc(Br)c2O)C1,0.987992,O=C(c1ccc(F)cc1)N1CCC[C@@H]1CN(CCN1CC(CO)C1)c1cccc(Br)c1O,0.915409
C#CCNCCCN(Cc1ccc(O)cc1)C1CCNC1,0.476873,C#CCNC(=O)CCN(Cc1ccc(O)cc1)C1CCNC1,0.153089
NCCCN1CCC(Nc2ccccc2S)CC1,0.526116,NCCC(=O)N(c1ccccc1S)C1CCNCC1,0.172463
NCCNc1cccc(Br)c1CN(CCc1ccc(O)cc1)CC1CCN1Cc1cccc(Br)c1,0.920601,NCC(=O)Nc1cccc(Br)c1CN(CCc1ccc(O)cc1)CC1CCN1Cc1cccc(Br)c1,0.646391
CC[C@H](N)CN(C)CCN(CC1CCN1)c1ccccc1S,0.364767,CC[C@H](N)CN(C)CCN(C(=O)C1CCN1)c1ccccc1S,0.750589
NCCCN1CCCC(N(c2cc(Br)ccc2O)C2CCN(Cc3c[nH]c4cc(Br)ccc34)CC2)C1,0.966391,NCCC(=O)N1CCCC(N(c2cc(Br)ccc2O)C2CCN(Cc3c[nH]c4cc(Br)ccc34)CC2)C1,0.751406
NC1(CN2CC(Nc3cc(F)ccc3O)C2)CCC1,0.356333,NC1(C(=O)N(c2cc(F)ccc2O)C2CNC2)CCC1,0.125627
Oc1cc(Br)ccc1N(CC1CNC1)CC1CCN1,0.27753,O=C(C1CNC1)N(CC1CCN1)c1ccc(Br)cc1O,0.304354
NC1(CN(CCCO)CC2CNC2)CCC1,0.021925,NC1(CN(CCCO)C(=O)C2CNC2)CCC1,0.002822
O=C(O)c1c(Br)cccc1N(CC1CCN1)C1CCC1,0.00186,O=C(O)C1CCN1C(=O)c1c(Br)cccc1NC1CCC1,0.00177
C=CCN1CCC(N(CCc2ccccc2Br)C[C@@H](N)CCc2nc3cc(F)c(F)cc3o2)CC1,0.905246,C=CC(=O)N1CCC(N(CCc2ccccc2Br)C[C@@H](N)CCc2nc3cc(F)c(F)cc3o2)CC1,0.615389
Brc1ccc(N(Cc2c[nH]c3ccc(Br)cc23)C[C@@H]2CCCN2CC2CNC2)cc1,0.999997,O=C(C1CNC1)N1CCC[C@H]1CN(Cc1c[nH]c2ccc(Br)cc12)c1ccc(Br)cc1,0.557332
CNCCN(CCN)c1cc(Br)cc(C#N)c1,0.064527,CNCC(=O)N(CCN)c1cc(Br)cc(C#N)c1,0.077285
C=CCN(CCN)C1CC1,0.041558,C=CC(=O)N(CCN)C1CC1,0.004798
NCCCN1CCC[C@H]1CN1CC(N(Cc2cccc(Br)c2)c2ccccc2O)C1,0.977408,NCCC(=O)N1CCC[C@H]1CN1CC(N(Cc2cccc(Br)c2)c2ccccc2O)C1,0.831007
C=CCN(CCN)C[C@H](N)Cc1c[nH]c2ccccc12,0.465263,C=CCN(C[C@H](N)Cc1c[nH]c2ccccc12)C(=O)CN,0.145354
CC(C)CN(Cc1ccc(NCCN)c(Br)c1)C1CCNC1,0.148826,CC(C)CN(Cc1ccc(NC(=O)CN)c(Br)c1)C1CCNC1,0.041658
Oc1ccccc1CNC[C@@H]1CCCN1CCCNC1CCCNC1,0.570898,O=C(NCc1ccccc1O)[C@@H]1CCCN1CCCNC1CCCNC1,0.410498
C=CCNC[C@@H](N)CCCN,0.028663,C=CCNC(=O)[C@@H](N)CCCN,0.00593
C[C@@H](O)[C@@H](N)CN[C@H](CO)C(=O)O,0.006513,C[C@@H](O)[C@@H](N)C(=O)N[C@H](CO)C(=O)O,0.001872
COc1ccc(O)c(N(C2CCCN(CCBr)C2)C2CCCN(Cc3c[nH]c4ccc(F)cc34)C2)c1,0.968415,COc1ccc(O)c(N(C2CCCN(Cc3c[nH]c4ccc(F)cc34)C2)C2CCCN(C(=O)CBr)C2)c1,0.750444
C=CCNCC1CCN1Cc1ccc(N)c(Br)c1,0.53006,C=CCNC(=O)C1CCN1Cc1ccc(N)c(Br)c1,0.032365
CCCCn1cc(C2c3cccc(OC)c3CCN2CCNC)c2ccc(Br)cc21,0.995781,CCCCn1cc(C2c3cccc(OC)c3CCN2C(=O)CNC)c2ccc(Br)cc21,0.690043
NCCCN[C@@H](CS)CNCCc1ccc(O)cc1,0.849281,NCCC(=O)N[C@@H](CS)CNCCc1ccc(O)cc1,0.436826
CC[C@@H](CN1CCC[C@H]1CO)N(c1cc(F)ccc1C(=O)CCl)C1CCN(Cc2c[nH]c3ccc(Br)cc23)CC1,0.884699,CC[C@@H](C(=O)N1CCC[C@H]1CO)N(c1cc(F)ccc1C(=O)CCl)C1CCN(Cc2c[nH]c3ccc(Br)cc23)CC1,0.511985
C[C@H](O)CN(c1cc(F)ccc1O)C1CN(CC2(N)CCC2)C1,0.217473,C[C@H](O)C(=O)N(c1cc(F)ccc1O)C1CN(CC2(N)CCC2)C1,0.174174
Oc1ccc2[nH]cc(CN3CCC(CNC4CC4)CC3)c2c1,0.842096,O=C(NC1CC1)C1CCN(Cc2c[nH]c3ccc(O)cc23)CC1,0.316137
C(CNC1CC1)NCC1CCN1,0.025873,O=C(CNCC1CCN1)NC1CC1,0.008831
C#CCN(CCCN(Cc1c[nH]c2ccc(Br)cc12)C[C@@H]1CCCNC1)Cc1ccnc(Br)c1,0.929228,C#CCN(CCCN(Cc1c[nH]c2ccc(Br)cc12)C(=O)[C@@H]1CCCNC1)Cc1ccnc(Br)c1,0.864822
C[C@H](N)CN1CCc2c(Br)cccc2C1CNC1CCC1,0.850209,C[C@H](N)C(=O)N(CC1NCCc2c(Br)cccc21)C1CCC1,0.092416
Oc1c(Br)cccc1N(Cc1cccc(Br)c1)C[C@@H]1CCCN1,0.627992,O=C([C@@H]1CCCN1)N(Cc1cccc(Br)c1)c1cccc(Br)c1O,0.259739
C=CCNCCO,0.014115,C=CCNC(=O)CO,0.002163
CN(CCN[C@@H](CS)CNCc1ccc(O)cc1)C[C@@H]1CCCN1,0.293945,CN(CCN[C@@H](CS)C(=O)NCc1ccc(O)cc1)C[C@@H]1CCCN1,0.107998
O=C(O)CC[C@H](CNc1cccc(Br)c1O)NC1CN(CCBr)C1,0.067941,O=C(CC[C@@H](NC1CN(CCBr)C1)C(=O)O)Nc1cccc(Br)c1O,0.012545
Sc1ccccc1N(C1CCN(CC2CCN2CC2CCN2)CC1)C(CCl)c1ccc(Cl)c(Cl)c1,0.981552,O=C(C1CCN1)N1CCC1CN1CCC(N(c2ccccc2S)C(CCl)c2ccc(Cl)c(Cl)c2)CC1,0.963318
c1ccc2c(c1)CCNC2CCN1CCC1CNc1cccc2cc[nH]c12,0.993195,O=C(Nc1cccc2cc[nH]c12)C1CCN1CCC1NCCc2ccccc21,0.886249
COc1ccccc1CCN(C[C@@H](N)CCCN)C1CN(CCCN)C1,0.526207,COc1ccccc1CCN(C(=O)[C@@H](N)CCCN)C1CN(CCCN)C1,0.242498
CNCCNCCCNc1ccccn1,0.178563,CNCCNCCC(=O)Nc1ccccn1,0.033116
Oc1ccccc1NCC1CN(C2CCNC2)C1,0.473237,O=C(Nc1ccccc1O)C1CN(C2CCNC2)C1,0.040585
Oc1ccc(Br)cc1NCC1CCNCC1,0.210523,O=C(Nc1cc(Br)ccc1O)C1CCNCC1,0.014447
BrCCN1CCC[C@@H]1CN1CCC1CN1CCc2ccccc2C1c1c[nH]c2cc(Br)ccc12,0.952958,O=C(CBr)N1CCC[C@@H]1CN1CCC1CN1CCc2ccccc2C1c1c[nH]c2cc(Br)ccc12,0.977784
CSCC[C@@H](N)CN[C@H](CS)C(=O)O,0.005501,CSCC[C@@H](N)C(=O)N[C@H](CS)C(=O)O,0.001418
C=CC1c2cccc(OC)c2CCN1CC1CCN1,0.913936,C=CC1c2cccc(OC)c2CCN1C(=O)C1CCN1,0.109346
C#CCNC[C@@H](N)CO,0.015766,C#CCNC(=O)[C@@H](N)CO,0.002497
O=CCNc1ccc(N(C[C@@H]2CCCN(Cc3c[nH]c4ccc(F)cc34)C2)C23CC(C2)C3)nc1Br,0.916686,O=CC(=O)Nc1ccc(N(C[C@@H]2CCCN(Cc3c[nH]c4ccc(F)cc34)C2)C23CC(C2)C3)nc1Br,0.705031
COc1ccccc1CCN(CCCN)CCN(C)CC=O,0.298762,COc1ccccc1CCN(CCCN)CCN(C)C(=O)C=O,0.06115
c1ccc2c(c1)CCN=C2CCNC[C@@H]1CCCN1,0.354078,O=C(NCCC1=NCCc2ccccc21)[C@@H]1CCCN1,0.016668
CN(CCN1CCC[C@H]1CNc1cccc2cc[nH]c12)Cc1ccc(F)cc1,0.986348,CN(CCN1CCC[C@H]1CNc1cccc2cc[nH]c12)C(=O)c1ccc(F)cc1,0.953527
N[C@H](CS)CN1CC(CNCCc2ccc(O)cc2)C1,0.652054,N[C@H](CS)CN1CC(C(=O)NCCc2ccc(O)cc2)C1,0.044418
C[C@H](N)CN1CC(N2CC(N(Cc3ccc(N)c(Br)c3)c3cc(F)ccc3O)C2)C1,0.96959,C[C@H](N)CN1CC(N2CC(N(C(=O)c3ccc(N)c(Br)c3)c3cc(F)ccc3O)C2)C1,0.936985
CC(C)C[C@@H](CNc1ccc(Br)cc1N)NC1CNC1,0.098176,CC(C)C[C@H](NC1CNC1)C(=O)Nc1cc(Br)ccc1N,0.022652
CC[C@H](N)CN1CCC(N2CCc3ccccc3C2c2c[nH]c3ccc(Br)cc23)CC1,0.999997,CC[C@H](N)C(=O)N1CCC(N2CCc3ccccc3C2c2c[nH]c3ccc(Br)cc23)CC1,0.947403
C[C@H](O)CNCC1CCN1,0.017541,C[C@H](O)CNC(=O)C1CCN1,0.002975
Oc1cc(Br)ccc1NCCNC[C@@H]1CCCN1,0.35981,O=C(NCCNc1ccc(Br)cc1O)[C@@H]1CCCN1,0.027218
N[C@H](CO)CN1CCC[C@@H]1CNCCc1ccccc1,0.695075,N[C@H](CO)CN1CCC[C@@H]1C(=O)NCCc1ccccc1,0.063633
NCCc1ccc(OC(=O)CCNCC2(N(Cc3c[nH]c4cc(Br)ccc34)CC3CNC3)CCC2)cc1,0.699892,NCCc1ccc(OC(=O)CCN(CC2(NCc3c[nH]c4cc(Br)ccc34)CCC2)C(=O)C2CNC2)cc1,0.112786
C=CCNCC1CCN1CCNC,0.048688,C=CCNC(=O)C1CCN1CCNC,0.014358
N[C@H](CCCNc1cccc2cc[nH]c12)CNCCc1ccc(O)cc1,0.93427,N[C@H](CCC(=O)Nc1cccc2cc[nH]c12)CNCCc1ccc(O)cc1,0.557304
Oc1cc(F)c(F)cc1N(CC1CCN1)C1CCCN(Cc2c[nH]c3ccc(Br)cc23)C1,0.994242,O=C(C1CCN1)N(c1cc(F)c(F)cc1O)C1CCCN(Cc2c[nH]c3ccc(Br)cc23)C1,0.964319
Oc1ccc(Br)cc1N(Cc1c[nH]c2cc(Br)ccc12)C[C@H]1CCCN1C[C@@H]1CCCNC1,0.996812,O=C([C@@H]1CCCNC1)N1CCC[C@@H]1CN(Cc1c[nH]c2cc(Br)ccc12)c1cc(Br)ccc1O,0.572285
NCCN1CCC[C@H]1CNCCc1ccccc1Br,0.842627,NCCN1CCC[C@H]1C(=O)NCCc1ccccc1Br,0.132544
CNCCN(Cc1c[nH]c2ccc(Br)cc12)c1cc(N(C[C@H]2CCCN2)C2CC2)ccc1O,0.960587,CNCC(=O)N(Cc1c[nH]c2ccc(Br)cc12)c1cc(N(C[C@H]2CCCN2)C2CC2)ccc1O,0.932351
COc1cccc2c1CCNC2CN1CCC[C@H]1CO,0.953654,COc1cccc2c1CCNC2C(=O)N1CCC[C@H]1CO,0.022943
NCCCN(CCCCN(CCBr)Cc1c[nH]c2ccccc12)c1cccnc1F,0.961854,NCCCN(CCCCN(Cc1c[nH]c2ccccc12)C(=O)CBr)c1cccnc1F,0.344857
N[C@H](CNCCN1CC(N2CCC(Nc3cc(F)ccc3O)CC2)C1)Cc1c[nH]c2ccccc12,0.968036,N[C@@H](Cc1c[nH]c2ccccc12)C(=O)NCCN1CC(N2CCC(Nc3cc(F)ccc3O)CC2)C1,0.930947
Oc1ccc(F)cc1NCCCNCCc1ccccc1Br,0.846496,O=C(CCNCCc1ccccc1Br)Nc1cc(F)ccc1O,0.15435
Oc1ccc(CCNCC2CCN(C3CCCNC3)CC2)cc1,0.820055,O=C(NCCc1ccc(O)cc1)C1CCN(C2CCCNC2)CC1,0.404073
CNCCN(CCCN)c1ccc(Br)cc1N,0.06069,CNCC(=O)N(CCCN)c1ccc(Br)cc1N,0.100794
NCCN1CCC1CN(CCc1c[nH]c2ccccc12)C1CCCN(Cc2cccc(F)c2F)C1,0.851268,NCC(=O)N1CCC1CN(CCc1c[nH]c2ccccc12)C1CCCN(Cc2cccc(F)c2F)C1,0.934117
N#Cc1cc(N)cc(N(CCc2ccccc2)C2CCN(C3CCN(Cc4ccc(F)cc4)C3)C2)c1,0.949918,N#Cc1cc(N)cc(N(CCc2ccccc2)C2CCN(C3CCN(C(=O)c4ccc(F)cc4)C3)C2)c1,0.872093
C=CCNc1cc(C#N)ccc1O,0.050359,C=CC(=O)Nc1cc(C#N)ccc1O,0.001761
NCCN1CCC(N(Cc2ccccc2O)C2CN(Cc3c[nH]c4ccc(Br)cc34)C2)C1,0.956845,NCC(=O)N1CCC(N(Cc2ccccc2O)C2CN(Cc3c[nH]c4ccc(Br)cc34)C2)C1,0.980691
Brc1ccccc1CCNCC1c2ccc(Br)c3c2C(=NCC3)CN1CC1CCN1,0.909736,O=C(C1CCN1)N(CCc1ccccc1Br)CC1NCC2=NCCc3c(Br)ccc1c32,0.173626
CN(CCN1CCC1C(=O)O)CC1CCN1c1cc(F)ccc1C(=O)CCl,0.387459,CN(CC(=O)N1CCC1C(=O)O)CC1CCN1c1cc(F)ccc1C(=O)CCl,0.144341
Oc1cc(Br)ccc1N(CC1CCN1CC1CCN1)C(CCl)c1ccc(Br)cc1,0.997471,O=C(C1CCN1)N1CCC1CN(c1ccc(Br)cc1O)C(CCl)c1ccc(Br)cc1,0.533055
OCCCNCCCNCc1ccc(F)cc1,0.12017,O=C(CCNCc1ccc(F)cc1)NCCCO,0.00205
C[C@@H](O)CN(C)CC(=O)O,0.003857,C[C@@H](O)C(=O)N(C)CC(=O)O,0.00142
Nc1ccc(NCCN2CCC2CNCCc2ccc(O)cc2)cc1,0.921015,Nc1ccc(NCCN2CCC2C(=O)NCCc2ccc(O)cc2)cc1,0.28905
CN(CC(=O)O)C[C@H](N)CS,0.006496,CN(CC(=O)O)C(=O)[C@H](N)CS,0.002637
c1cc(NCC2CN(C[C@@H]3CCCN3)C2)c2[nH]ccc2c1,0.569544,O=C(Nc1cccc2cc[nH]c12)C1CN(C[C@@H]2CCCN2)C1,0.072322
Brc1ccc2c(CN3CCC3CN(CC3CCNCC3)C3CC3)c[nH]c2c1,0.908294,O=C(C1CCNCC1)N(CC1CCN1Cc1c[nH]c2cc(Br)ccc12)C1CC1,0.569995
CNCCN1CCC(N(Cc2c[nH]c3ccc(Br)cc23)c2cc(Br)ccc2N)C1,0.988206,CNCC(=O)N1CCC(N(Cc2c[nH]c3ccc(Br)cc23)c2cc(Br)ccc2N)C1,0.571995
O=CCN1CCC(O)CC1,0.010706,O=CC(=O)N1CCC(O)CC1,0.004243
O=C1CN(c2cc(CN3CCCCC3)ccc2NC2CNC2)C1,0.038063,O=C1CN(c2cc(C(=O)N3CCCCC3)ccc2NC2CNC2)C1,0.00155
O=C(O)CC[C@H](CNCCc1c[nH]c2ccc(O)cc12)NCC1CCN1,0.81691,O=C(CC[C@@H](NCC1CCN1)C(=O)O)NCCc1c[nH]c2ccc(O)cc12,0.491477
NCCCN(c1ccc(B(O)O)cc1)C1CCN(C2CCN(Cc3c[nH]c4ccc(F)cc34)C2)C1,0.976529,NCCC(=O)N(c1ccc(B(O)O)cc1)C1CCN(C2CCN(Cc3c[nH]c4ccc(F)cc34)C2)C1,0.792638
CC[C@H](N)CN[C@H](C)CNCCCCN,0.020242,CC[C@H](N)CN[C@H](C)C(=O)NCCCCN,0.004747
CN(CCNCCc1ccccc1)C[C@@H](N)CO,0.243563,CN(CC(=O)NCCc1ccccc1)C[C@@H](N)CO,0.007353
C=CCNCc1ccc(N(CCNC)C[C@@H](N)CO)c(Br)c1,0.093361,C=CCN(Cc1ccc(NCCNC)c(Br)c1)C(=O)[C@@H](N)CO,0.037704
NCCCNc1cccnc1Br,0.042439,NCCC(=O)Nc1cccnc1Br,0.003513
NCCc1ccccc1N(CCc1c[nH]c2ccccc12)C[C@H]1CCCN1CCBr,0.993009,NCCc1ccccc1N(CCc1c[nH]c2ccccc12)C[C@H]1CCCN1C(=O)CBr,0.404723
CN(CCN1CCC(N(CCBr)CCc2ccc(O)cc2)CC1)c1ccnc(F)c1,0.987995,CN(CCN1CCC(N(CCc2ccc(O)cc2)C(=O)CBr)CC1)c1ccnc(F)c1,0.975403
N#Cc1ccc(O)c(N(CCBr)CCN2CCCC(NCCc3ccc(O)cc3)C2)c1,0.988737,N#Cc1ccc(O)c(N(CCN2CCCC(NCCc3ccc(O)cc3)C2)C(=O)CBr)c1,0.955365
C[C@H](N)CN1CCC[C@H]1CNc1cc(Br)cc(C#N)c1,0.620647,C[C@H](N)CN1CCC[C@H]1C(=O)Nc1cc(Br)cc(C#N)c1,0.102392
CN(CCN(C[C@@H]1CCCN1)c1ccc(Br)cc1)Cc1cccc(Br)c1,0.969677,CN(CCN(C(=O)[C@@H]1CCCN1)c1ccc(Br)cc1)Cc1cccc(Br)c1,0.913769
CCCN1CCC[C@@H]1CN[C@H](CS)CNCc1cccc(OC)c1,0.724736,CCCN1CCC[C@@H]1CN[C@H](CS)C(=O)NCc1cccc(OC)c1,0.395711
O[C@@H]1CCCN(Cc2ccc(NCCC3NCCc4c(Br)cccc43)c(Br)c2)C1,0.936209,O=C(c1ccc(NCCC2NCCc3c(Br)cccc32)c(Br)c1)N1CCC[C@@H](O)C1,0.288499
C#CCNCCCN(Cc1cccnc1)[C@@H](CO)CNCc1cccc(OC)c1,0.508587,C#CCN(CCCN[C@@H](CO)CNCc1cccc(OC)c1)C(=O)c1cccnc1,0.048447
Brc1ccc2[nH]cc(CN(CCCNCCc3ccncc3)C[C@H]3CCCN3)c2c1,0.987714,O=C(CCN(Cc1c[nH]c2ccc(Br)cc12)C[C@H]1CCCN1)NCCc1ccncc1,0.927387
N#Cc1ccc(N(Cc2c[nH]c3ccc(Br)cc23)C2CCCN(CC3CCN3CCN)C2)c(N)c1,0.994784,N#Cc1ccc(N(Cc2c[nH]c3ccc(Br)cc23)C2CCCN(CC3CCN3C(=O)CN)C2)c(N)c1,0.976752
C[C@@H](N)CN1CCC[C@H]1CN(C[C@H]1CCCN1C[C@@H](N)c1ccccc1)c1cc(F)c(F)cc1O,0.835179,C[C@@H](N)C(=O)N1CCC[C@H]1CN(C[C@H]1CCCN1C[C@@H](N)c1ccccc1)c1cc(F)c(F)cc1O,0.753697
Oc1ccc2[nH]cc(CCNC[C@@H]3CCCN3CCCNCCc3ccncc3)c2c1,0.976136,O=C(NCCc1c[nH]c2ccc(O)cc12)[C@@H]1CCCN1CCCNCCc1ccncc1,0.983458
Nc1c(Br)cccc1NCCCN(CCc1c[nH]c2ccccc12)CC1CCN1,0.978686,Nc1c(Br)cccc1N(CCCNCCc1c[nH]c2ccccc12)C(=O)C1CCN1,0.899307
C[C@H](N)CN(c1ccccc1O)C1CCN(CCCNCCc2c[nH]c3ccc(O)cc23)CC1,0.986857,C[C@H](N)C(=O)N(CCCN1CCC(Nc2ccccc2O)CC1)CCc1c[nH]c2ccc(O)cc12,0.908048
CC[C@H](N)CN(CC(=O)O)C[C@@H](N)Cc1c[nH]c2ccccc12,0.265987,CC[C@H](N)CN(CC(=O)O)C(=O)[C@@H](N)Cc1c[nH]c2ccccc12,0.045773
COc1cccc2c1CCNC2CCN(Cc1cccc(F)c1F)C1CC1,0.999998,COc1cccc2c1CCN(C(=O)c1cccc(F)c1F)C2CCNC1CC1,0.761038
NCCCN(CCc1ccc(O)cc1)C[C@@H]1CCCN1Cc1c[nH]c2ccc(Br)cc12,0.999998,NCCC(=O)N(CCc1ccc(O)cc1)C[C@@H]1CCCN1Cc1c[nH]c2ccc(Br)cc12,0.980484
NCCCN1CCNCC1,0.020941,NCCC(=O)N1CCNCC1,0.007437
O[C@H]1CCCN(C[C@@H]2CCCN2)C1,0.059864,O=C([C@@H]1CCCN1)N1CCC[C@H](O)C1,0.004513
COc1ccc(N(CCCN)C2CCN(C3CCN(Cc4ccc(F)cc4)CC3)C2)c(N)c1,0.969083,COc1ccc(N(C(=O)CCN)C2CCN(C3CCN(Cc4ccc(F)cc4)CC3)C2)c(N)c1,0.668675
COc1ccccc1CCN(C[C@H](N)Cc1ccc(O)cc1)C[C@H]1CCCN1,0.988301,COc1ccccc1CCN(C[C@H](N)Cc1ccc(O)cc1)C(=O)[C@H]1CCCN1,0.456804
NCCN1CCC(N(CC2CCN2Cc2c[nH]c3ccc(Br)cc23)c2ccc(Br)cc2O)CC1,0.996959,NCC(=O)N1CCC(N(CC2CCN2Cc2c[nH]c3ccc(Br)cc23)c2ccc(Br)cc2O)CC1,0.926144
NCCN1CCN(c2c(F)cccc2CN2CC(=O)C2)CC1,0.061177,NCCN1CCN(c2c(F)cccc2C(=O)N2CC(=O)C2)CC1,0.078247
Oc1cc(F)c(F)cc1NCC1CCN1CC1CCN1,0.719912,O=C(C1CCN1)N(CC1CCN1)c1cc(F)c(F)cc1O,0.245831
CC[C@@H](CN1CC(N2CCC2C(=O)O)C1)NCc1ccc(N)c(Br)c1,0.693431,CC[C@@H](CN1CC(N2CCC2C(=O)O)C1)NC(=O)c1ccc(N)c(Br)c1,0.743724
NCCCN(CCc1ccccc1)CC1CCN(c2c(F)cccc2CNC2CC2)CC1,0.680461,NCCCN(CCc1ccccc1)CC1CCN(c2c(F)cccc2C(=O)NC2CC2)CC1,0.493997
NC(=O)CC[C@H](N)CN(CCCN1CCC[C@H]1C(=O)Oc1cc(Br)ccc1N)Cc1c[nH]c2ccccc12,0.928205,NC(=O)CC[C@H](N)C(=O)N(CCCN1CCC[C@H]1C(=O)Oc1cc(Br)ccc1N)Cc1c[nH]c2ccccc12,0.634184
COc1ccccc1CNCCN,0.048891,COc1ccccc1CNC(=O)CN,0.001592
O=CCN1CCC1CN1CCC[C@H]1CNCc1ccc(O)cc1,0.781263,O=CCN1CCC1CN1CCC[C@H]1C(=O)NCc1ccc(O)cc1,0.219928
C=CCN(Cc1ccc(F)cc1)C[C@H]1CCCN1,0.122908,C=CCN(Cc1ccc(F)cc1)C(=O)[C@H]1CCCN1,0.025243
C[C@H](CN(C)CC(=O)O)NC[C@@H](C)N,0.011137,CNCC(=O)N(C[C@@H](C)N)[C@H](C)C(=O)O,0.003059
C[C@H](N)CN(Cc1ccccc1O)CC1(N(CCCN)Cc2c[nH]c3ccc(Br)cc23)CCC1,0.982668,C[C@H](N)C(=O)N(Cc1ccccc1O)CC1(N(CCCN)Cc2c[nH]c3ccc(Br)cc23)CCC1,0.911279
Cc1cc(N(CCc2c[nH]c3ccccc23)C2CCN(C3CCN(CCN)C3)CC2)cnc1F,0.973536,Cc1cc(N(CCc2c[nH]c3ccccc23)C2CCN(C3CCN(C(=O)CN)C3)CC2)cnc1F,0.940544
NCCN1CC(N(C[C@@H]2CCCN2C[C@@H](N)Cc2ccc(O)cc2)c2cccc3cc[nH]c23)C1,0.984259,NCC(=O)N1CC(N(C[C@@H]2CCCN2C[C@@H](N)Cc2ccc(O)cc2)c2cccc3cc[nH]c23)C1,0.916654
C[C@H](O)CNCCNc1cc(Br)cc(C#N)c1,0.035392,C[C@H](O)CNCC(=O)Nc1cc(Br)cc(C#N)c1,0.004367
Oc1ccc(Br)cc1NC[C@H]1CCCNC1,0.336199,O=C(Nc1cc(Br)ccc1O)[C@H]1CCCNC1,0.028591
Oc1cc(F)c(F)cc1NCC1CCN(CC2CCN2)CC1,0.65886,O=C(C1CCN1)N(CC1CCNCC1)c1cc(F)c(F)cc1O,0.214004
CC[C@H](C)[C@@H](N)CN(C)CCN1CC(CNc2cc(OC)ccc2O)C1,0.216313,CC[C@H](C)[C@@H](N)CN(C)CCN1CC(C(=O)Nc2cc(OC)ccc2O)C1,0.062541
Nc1cc(Br)ccc1NCC[C@@H](N)CNC1CC1,0.131637,Nc1cc(Br)ccc1NC(=O)C[C@@H](N)CNC1CC1,0.011383
CC[C@H](N)CN1CCC[C@@H]1CN(C)CCN(Cc1c[nH]c2ccc(Br)cc12)c1cccnc1Br,0.994939,CC[C@H](N)C(=O)N1CCC[C@@H]1CN(C)CCN(Cc1c[nH]c2ccc(Br)cc12)c1cccnc1Br,0.917044
O=C(O)[C@@H]1CCCN1CC1CCN1CCCNCc1c[nH]c2ccc(Br)cc12,0.826906,O=C(O)C1CCN1CCCN(Cc1c[nH]c2ccc(Br)cc12)C(=O)[C@@H]1CCCN1,0.821024
NCCCNc1cc(F)c(F)cc1O,0.06007,NCCC(=O)Nc1cc(F)c(F)cc1O,0.004865
CC[C@@H](CN1CCC1C(=O)O)NCCC=O,0.010575,CC[C@@H](C(=O)O)N(CCC=O)C(=O)C1CCN1,0.001576
C=CCN(c1ncc(Br)cc1C)C1(CN(CCc2ccccc2OC)C2CNC2)CCC1,0.966752,C=CC(=O)N(c1ncc(Br)cc1C)C1(CN(CCc2ccccc2OC)C2CNC2)CCC1,0.789067
NCCCN(C[C@@H]1Cc2ccccc2CN1C1CCNC1)c1cc(F)ccc1O,0.987224,NCCC(=O)N(C[C@@H]1Cc2ccccc2CN1C1CCNC1)c1cc(F)ccc1O,0.970352
CN(CCN1CCC(=O)C1)c1ccc(N)c(N)c1,0.045317,CN(CC(=O)N1CCC(=O)C1)c1ccc(N)c(N)c1,0.002834
CC[C@@H](CNCc1ccccc1)NC1CCNC1,0.230929,CC[C@H](NC1CCNC1)C(=O)NCc1ccccc1,0.024337
O=C(O)[C@@H]1CCCN1CC1CN(CCCNCc2cccc(Br)c2)C1,0.480413,O=C(O)C1CN(CCCN(Cc2cccc(Br)c2)C(=O)[C@@H]2CCCN2)C1,0.535429
Fc1ccc(CN(CCCN(C2CCC2)C2CCNC2)c2cccc3cc[nH]c23)cc1,0.994511,O=C(c1ccc(F)cc1)N(CCCN(C1CCC1)C1CCNC1)c1cccc2cc[nH]c12,0.979382
N[C@H](CCCN1CCC[C@@H]1C(=O)O)CNCCc1c[nH]c2ccccc12,0.772508,N[C@H](CCC(=O)N1CCC[C@@H]1C(=O)O)CNCCc1c[nH]c2ccccc12,0.144326
N#Cc1ccc(OC(=O)[C@@H]2CCCN(C[C@H](N)CO)C2)c(N)c1,0.042621,N#Cc1ccc(OC(=O)[C@@H]2CCCN(C(=O)[C@H](N)CO)C2)c(N)c1,0.000361
N[C@H](CCNc1cccnc1Br)CN1CCC(NCCc2c[nH]c3ccccc23)CC1,0.965557,N[C@H](CC(=O)Nc1cccnc1Br)CN1CCC(NCCc2c[nH]c3ccccc23)CC1,0.933065
C[C@H](CNc1c(O)cccc1CNCCc1c[nH]c2ccccc12)NC1CCCNC1,0.727185,C[C@H](CNc1c(O)cccc1C(=O)NCCc1c[nH]c2ccccc12)NC1CCCNC1,0.589241
CN(CCNC1CC1)c1cc(N)cc(C#N)c1,0.083461,CN(CC(=O)NC1CC1)c1cc(N)cc(C#N)c1,0.002874
C[C@@H](NCCN(C)CCCN)c1ccccc1,0.307082,CNCCN(C(=O)CCN)[C@H](C)c1ccccc1,0.033692
C[C@@H](CN1CCCC(N(CCN)c2cc(F)ccc2O)C1)NCc1c[nH]c2cc(Br)ccc12,0.997207,C[C@@H](CN1CCCC(N(C(=O)CN)c2cc(F)ccc2O)C1)NCc1c[nH]c2cc(Br)ccc12,0.989819
NC1(CN2CCC[C@H]2CNc2cccc3cc[nH]c23)CCC1,0.757982,NC1(CN2CCC[C@H]2C(=O)Nc2cccc3cc[nH]c23)CCC1,0.189387
C[C@@H](CN1CCC(N(CCN)c2ccccc2O)CC1)NCCBr,0.408408,C[C@@H](CN1CCC(N(CCN)c2ccccc2O)CC1)NC(=O)CBr,0.101585
CNCCN1CCC[C@H]1CN1CCc2c(Br)cccc2C1CNc1ccccc1S,0.961091,CNCCN1CCC[C@H]1CN1CCc2c(Br)cccc2C1C(=O)Nc1ccccc1S,0.830924
C=CCN1CCC[C@H]1CN[C@@H](CS)CN(Cc1c[nH]c2ccc(Br)cc12)c1ccc(Br)cc1O,0.994396,C=CC(=O)N(C[C@@H]1CCCN1)[C@@H](CS)CN(Cc1c[nH]c2ccc(Br)cc12)c1ccc(Br)cc1O,0.557512
CN(CCCN1CC(=O)C1)CCN(CCN)c1ccc(Br)cc1,0.085253,CN(CCCN1CC(=O)C1)CCN(C(=O)CN)c1ccc(Br)cc1,0.646453
Oc1ccc(CCNCCCN2CCCC(N(CCBr)c3cccnc3Br)C2)cc1,0.996876,O=C(CCN1CCCC(N(CCBr)c2cccnc2Br)C1)NCCc1ccc(O)cc1,0.926918
CC(C)C[C@H](N)CN1CCC[C@H]1C(=O)O,0.010713,CC(C)C[C@H](N)C(=O)N1CCC[C@H]1C(=O)O,0.002263
C[C@@H](CNc1cc(F)ccc1O)NC[C@@H]1CCCN1,0.386387,C[C@@H](CNc1cc(F)ccc1O)NC(=O)[C@@H]1CCCN1,0.043508
C[C@@H](CN(C)CCNc1ccccc1O)NC1CCCNC1,0.363042,C[C@@H](CN(C)CC(=O)Nc1ccccc1O)NC1CCCNC1,0.059743
N[C@@H](Cc1ccc(O)cc1)CN(C[C@@H]1CCCN1CC1CCN1)c1cc(Br)ccc1O,0.994378,N[C@@H](Cc1ccc(O)cc1)C(=O)N(C[C@@H]1CCCN1CC1CCN1)c1cc(Br)ccc1O,0.984285
Oc1cc(Br)ccc1N(CC1CCNCC1)C1CCNCC1,0.105508,O=C(C1CCNCC1)N(c1ccc(Br)cc1O)C1CCNCC1,0.052403
O=CCN(CCc1c[nH]c2ccccc12)CC1CN(CCCNCc2ccc(F)cc2)C1,0.995515,O=CC(=O)N(CCCN1CC(CNCCc2c[nH]c3ccccc23)C1)Cc1ccc(F)cc1,0.976859
Oc1ccccc1NCCNCC1CNC1,0.567345,O=C(NCCNc1ccccc1O)C1CNC1,0.070608
CNCCN1CCC[C@@H]1CN(Cc1c[nH]c2cc(Br)ccc12)c1cccc(B(O)O)c1,0.993447,CNCC(=O)N1CCC[C@@H]1CN(Cc1c[nH]c2cc(Br)ccc12)c1cccc(B(O)O)c1,0.323536
Fc1ccc(C(CCl)N2CCC2CN2CCC[C@@H]2CN(CCBr)c2ccnc3ccccc23)c(F)c1,0.975804,O=C(CBr)N(C[C@H]1CCCN1CC1CCN1C(CCl)c1ccc(F)cc1F)c1ccnc2ccccc12,0.946629
Oc1ccc(Br)cc1NC[C@@H](Cc1c[nH]c2ccccc12)N(CC1CCN1)CC1CCN1,0.940259,O=C(C1CCN1)N(CC1CCN1)[C@@H](CNc1cc(Br)ccc1O)Cc1c[nH]c2ccccc12,0.60797
NCCCN1CCC[C@@H]1CNc1ccc(Br)cc1,0.319562,NCCCN1CCC[C@@H]1C(=O)Nc1ccc(Br)cc1,0.023472
O=C(O)c1ccc(O)c(NCC2CCNCC2)c1,0.118021,O=C(O)c1ccc(O)c(NC(=O)C2CCNCC2)c1,0.011434
O=C1CN(CCNCC2NCCc3c(Br)cccc32)C1,0.202609,O=C1CN(C(=O)CNCC2NCCc3c(Br)cccc32)C1,0.071042
CN(CCNCCc1c[nH]c2ccc(O)cc12)Cc1ccc(O)c(N)c1,0.989457,CN(CC(=O)NCCc1c[nH]c2ccc(O)cc12)Cc1ccc(O)c(N)c1,0.4847
NCCCN1CCC1CN(c1ccc(Br)cc1)c1ccnc(F)c1,0.837887,NCCC(=O)N1CCC1CN(c1ccc(Br)cc1)c1ccnc(F)c1,0.03698
C[C@H](NCc1cccc(F)c1F)C(=O)O,0.001332,C[C@H](NC(=O)c1cccc(F)c1F)C(=O)O,0.000281
NC1(CN2CCC[C@@H]2CNc2ccc(Br)cc2)CCC1,0.462738,NC1(CN2CCC[C@@H]2C(=O)Nc2ccc(Br)cc2)CCC1,0.042527
NCCN(CC1CCN1CCN)c1cc(F)ccc1O,0.417836,NCCN1CCC1CN(C(=O)CN)c1cc(F)ccc1O,0.61969
Brc1cc(CNCCc2c[nH]c3ccccc23)ccc1N(C[C@@H]1CCCN1)C1CNC1,0.93903,O=C(NCCc1c[nH]c2ccccc12)c1ccc(N(C[C@@H]2CCCN2)C2CNC2)c(Br)c1,0.934492
O=C(O)CNC[C@H]1CCCN1CCO,0.023985,O=C(O)CN(C[C@H]1CCCN1)C(=O)CO,0.003282
C=CCN(CCCNc1cc(F)ccc1O)CC1CCN1,0.699703,C=CCN(CCCNc1cc(F)ccc1O)C(=O)C1CCN1,0.083146
COc1ccc(CN(CCCN)C2CCN(Cc3cccc(F)c3N)CC2)cc1,0.838914,COc1ccc(CN(C(=O)CCN)C2CCN(Cc3cccc(F)c3N)CC2)cc1,0.129626
NC1(CN2CCC[C@H]2CNc2ccnc3ccccc23)CCC1,0.718614,NC1(CN2CCC[C@H]2C(=O)Nc2ccnc3ccccc23)CCC1,0.115997
N[C@@H](CCN1CCCC(=O)C1)C(=O)O,0.01323,N[C@@H](CC(=O)N1CCCC(=O)C1)C(=O)O,0.001308
CNCCN(Cc1ccccc1OC)C1CCCNC1,0.265539,CNCC(=O)N(Cc1ccccc1OC)C1CCCNC1,0.091729
Fc1cccc(CN2CCCC(N(CC3CCN3)c3ccc(Br)cc3)C2)c1F,0.989501,O=C(C1CCN1)N(c1ccc(Br)cc1)C1CCCN(Cc2cccc(F)c2F)C1,0.719686
COc1ccccc1CCN(CCCN)CC1CCN1,0.851822,COc1ccccc1CCN(CCCN)C(=O)C1CCN1,0.041194
COc1cccc(CN(Cc2ccnc(F)c2)CC2CCN2CCN)c1,0.881195,COc1cccc(CN(Cc2ccnc(F)c2)CC2CCN2C(=O)CN)c1,0.152558
CN(CCCN)CCN(CCc1ccccc1Br)C[C@@H](N)Cc1c[nH]c2ccccc12,0.950094,CN(CCN(CCc1ccccc1Br)C[C@@H](N)Cc1c[nH]c2ccccc12)C(=O)CCN,0.857955
CN(CCBr)CCN1CCC(N(c2cccc3cc[nH]c23)C(CCl)c2ccc(F)cc2F)C1,0.968361,CN(CCN1CCC(N(c2cccc3cc[nH]c23)C(CCl)c2ccc(F)cc2F)C1)C(=O)CBr,0.968502
C#CCNC[C@@H](N)CO,0.015766,C#CCNC(=O)[C@@H](N)CO,0.002497
Nc1cc(CN2CCNCC2)ccc1OC(=O)[C@H]1CCCN1,0.060948,Nc1cc(C(=O)N2CCNCC2)ccc1OC(=O)[C@H]1CCCN1,0.011344
N[C@@H](Cc1ccc(O)cc1)CN(CCc1c[nH]c2ccccc12)CC1CCN1,0.993664,N[C@@H](Cc1ccc(O)cc1)CN(CCc1c[nH]c2ccccc12)C(=O)C1CCN1,0.80669
N[C@@H](CCNc1ccccc1S)CN1CCC(=O)C1,0.130146,N[C@@H](CC(=O)Nc1ccccc1S)CN1CCC(=O)C1,0.005125
C[C@@H](N)CN(C)CCN1CCC[C@@H]1CNc1ccc(B(O)O)cc1,0.146322,CNCCN1CCC[C@@H]1CN(C(=O)[C@@H](C)N)c1ccc(B(O)O)cc1,0.229643
NCCN1CCC1CN(Cc1c[nH]c2cc(Br)ccc12)c1cccc(Br)c1N,0.994573,NCC(=O)N1CCC1CN(Cc1c[nH]c2cc(Br)ccc12)c1cccc(Br)c1N,0.525448
NCCCN1CCC(N2CC(N(Cc3c[nH]c4ccccc34)c3ccccc3O)C2)C1,0.979496,NCCC(=O)N1CCC(N2CC(N(Cc3c[nH]c4ccccc34)c3ccccc3O)C2)C1,0.927261
CNCCN1CCC(N2CC(N(C[C@H](N)Cc3c[nH]c4ccccc34)c3ccccc3O)C2)C1,0.944494,CNCC(=O)N1CCC(N2CC(N(C[C@H](N)Cc3c[nH]c4ccccc34)c3ccccc3O)C2)C1,0.888228
BrCCN1CCC(N(CC2CCN(Cc3c[nH]c4cc(Br)ccc34)CC2)c2ccnc3ccccc23)C1,0.975217,O=C(CBr)N1CCC(N(CC2CCN(Cc3c[nH]c4cc(Br)ccc34)CC2)c2ccnc3ccccc23)C1,0.842333
Oc1ccccc1N(CC1CCN1)C1CN(Cc2ccncc2F)C1,0.886068,O=C(C1CCN1)N(c1ccccc1O)C1CN(Cc2ccncc2F)C1,0.536973
COc1cccc(CNC[C@H](CS)NCC2CNC2)c1,0.139414,COc1cccc(CNC(=O)[C@H](CS)NCC2CNC2)c1,0.024534
Nc1ccc(CN(c2cc(Br)ccc2N)C2CCN(CC3CCN3)C2)cc1Br,0.976754,Nc1ccc(CN(c2cc(Br)ccc2N)C2CCN(C(=O)C3CCN3)C2)cc1Br,0.397417
NCCNCCCN1CC(C(=O)O)C1,0.021802,NCC(=O)NCCCN1CC(C(=O)O)C1,0.008771
CC[C@H](N)CN1CC(N2CCc3c(OC)cccc3C2c2c[nH]c3cc(Br)ccc23)C1,0.999998,CC[C@H](N)C(=O)N1CC(N2CCc3c(OC)cccc3C2c2c[nH]c3cc(Br)ccc23)C1,0.979665
Nc1cc(CNc2cccc(Br)c2O)ccc1O,0.020581,Nc1cc(C(=O)Nc2cccc(Br)c2O)ccc1O,0.004334
Fc1ccc(CN(CCc2ccncc2)CC2CCN2CC2CCN(c3ccccn3)CC2)cc1,0.755149,O=C(c1ccc(F)cc1)N(CCc1ccncc1)CC1CCN1CC1CCN(c2ccccn2)CC1,0.359254
COc1ccccc1CCN(CCN(C)C1CN(c2ccc3c(C=O)c[nH]c3c2)C1)C[C@@H]1CCCN1,0.96156,COc1ccccc1CCN(CCN(C)C1CN(c2ccc3c(C=O)c[nH]c3c2)C1)C(=O)[C@@H]1CCCN1,0.460192
Oc1ccc2c(c1)C(c1c[nH]c3ccc(F)cc13)N(CC1CCNCC1)CC2,0.999999,O=C(C1CCNCC1)N1CCc2ccc(O)cc2C1c1c[nH]c2ccc(F)cc12,0.89204
CC[C@@H](CNc1cccc(Br)c1N)NCCN(C)CC1CCN1,0.260422,CC[C@@H](CN(C(=O)C1CCN1)c1cccc(Br)c1N)NCCNC,0.144165
Nc1ccc(N2CCC[C@@H]2CNC2CC2)nc1Br,0.051284,Nc1ccc(N2CCC[C@@H]2C(=O)NC2CC2)nc1Br,0.006963
C=CCN(CCCN(Cc1c[nH]c2ccc(Br)cc12)C[C@@H](N)CCCN)c1cc(F)c(F)cc1O,0.976597,C=CC(=O)N(CCCN(Cc1c[nH]c2ccc(Br)cc12)C[C@@H](N)CCCN)c1cc(F)c(F)cc1O,0.919914
C=CCNCC1(NC[C@@H](C)N)CCC1,0.014609,C=CCNC(=O)C1(NC[C@@H](C)N)CCC1,0.003381
N[C@@H](CCCNCc1cccnc1F)CN1CC(NCCc2c[nH]c3ccccc23)C1,0.971345,NCCC[C@@H](CN1CC(NCCc2c[nH]c3ccccc23)C1)NC(=O)c1cccnc1F,0.958797
COc1ccc(CNCC2CCN2C[C@@H](N)CCC(=O)O)cc1,0.18369,COc1ccc(CNC(=O)C2CCN2C[C@@H](N)CCC(=O)O)cc1,0.015656
CN(CCCNc1cc(Br)cc(C#N)c1)CC(=O)O,0.01456,CN(CCC(=O)Nc1cc(Br)cc(C#N)c1)CC(=O)O,0.000971
NCCN1CCC[C@H]1CN1CCC1C(=O)O,0.039635,NCCN1CCC[C@H]1C(=O)N1CCC1C(=O)O,0.02065
Brc1ncccc1NC[C@H]1CCCN1C1CCCNC1,0.52179,O=C(Nc1cccnc1Br)[C@H]1CCCN1C1CCCNC1,0.161792
Cc1cc(N(c2cc(Br)ccc2O)C2CCN(CCCN)C2)cnc1F,0.950584,Cc1cc(N(c2cc(Br)ccc2O)C2CCN(C(=O)CCN)C2)cnc1F,0.088654
CN(CCNc1cccc(Br)c1O)c1c(F)cccc1C(=O)O,0.017916,CN(CC(=O)Nc1cccc(Br)c1O)c1c(F)cccc1C(=O)O,0.000539
CN(CC=O)CCNc1cccc2cc[nH]c12,0.039808,CN(CCNc1cccc2cc[nH]c12)C(=O)C=O,0.002847
CC[C@@H](C(=O)O)N(Cc1ccc(F)cc1)C[C@H](N)CO,0.001598,CC[C@@H](C(=O)O)N(C[C@H](N)CO)C(=O)c1ccc(F)cc1,0.00045
Nc1ccc(CN2CCC(Nc3ccc(Br)cc3NCC3CNC3)C2)cc1Br,0.881464,Nc1ccc(C(=O)N(CC2CNC2)c2cc(Br)ccc2NC2CCNC2)cc1Br,0.69392
N[C@H](Cc1ccc(O)cc1)CN1CCNCC1,0.39997,N[C@H](Cc1ccc(O)cc1)C(=O)N1CCNCC1,0.299617
N[C@H](CS)CNCCCNCc1ccc(O)cc1,0.659092,N[C@H](CS)CNCCC(=O)NCc1ccc(O)cc1,0.085493
COc1cccc2c1CCN(C1CCCN(CC=O)C1)C2c1c[nH]c2cc(Br)ccc12,0.999999,COc1cccc2c1CCN(C1CCCN(C(=O)C=O)C1)C2c1c[nH]c2cc(Br)ccc12,0.815977
CN(CCN1CCC[C@H]1C(=O)O)C(CCl)c1ccc(F)cc1F,0.073515,CN(CC(=O)N1CCC[C@H]1C(=O)O)C(CCl)c1ccc(F)cc1F,0.02366
CC(C)[C@H](N)CN1CCC(=O)CC1,0.024931,CC(C)[C@H](N)C(=O)N1CCC(=O)CC1,0.00186
Oc1ccc(F)cc1NC[C@H]1CCCN1C1CCCNC1,0.758461,O=C(Nc1cc(F)ccc1O)[C@H]1CCCN1C1CCCNC1,0.300737
CC(C)CN(CC1CCN1)c1ccc(CBr)cc1[N+](=O)[O-],0.001536,CC(C)CN(C(=O)C1CCN1)c1ccc(CBr)cc1[N+](=O)[O-],0.006638
CN(CCN1CCC(=O)C1)CC(=O)CBr,0.016672,CN(CC(=O)CBr)CC(=O)N1CCC(=O)C1,0.004678
C=CCN1CC(CNCCc2ccccc2OC)C1,0.432685,C=CCN1CC(C(=O)NCCc2ccccc2OC)C1,0.01811
N[C@@H](CO)CNCCc1ccc(O)cc1,0.821716,N[C@@H](CO)C(=O)NCCc1ccc(O)cc1,0.014183
COc1ccccc1CCN(C[C@@H]1CCCN1Cc1ccc(F)cc1)C1CNC1,0.999989,COc1ccccc1CCN(C[C@@H]1CCCN1)C1CN(C(=O)c2ccc(F)cc2)C1,0.957402
Brc1ccc(N(CC2CCN2)CC2CCN2)cc1,0.041467,O=C(C1CCN1)N(CC1CCN1)c1ccc(Br)cc1,0.191211
Nc1c(Br)cccc1NCCCN1CC(=O)C1,0.02192,Nc1c(Br)cccc1NC(=O)CCN1CC(=O)C1,0.000732
NCCC[C@H](N)CNCCCNc1cc(F)c(F)cc1O,0.272399,NCCC[C@H](N)C(=O)NCCCNc1cc(F)c(F)cc1O,0.061806
C#CCNCCCNC(CCl)c1ccc(Br)cc1,0.113568,C#CCNC(=O)CCNC(CCl)c1ccc(Br)cc1,0.003218
NCCCN(Cc1ccccc1)CC1(N)CCC1,0.277046,NCCCN(Cc1ccccc1)C(=O)C1(N)CCC1,0.005767
O=C(O)C1CN(C2CCN(Cc3ccc(F)cc3)C2)C1,0.027329,O=C(O)C1CN(C2CCN(C(=O)c3ccc(F)cc3)C2)C1,0.025154
Nc1ccc(CN2CCCC(N(CC3CCN3)c3cccnc3Br)C2)cc1Br,0.980605,Nc1ccc(CN2CCCC(N(C(=O)C3CCN3)c3cccnc3Br)C2)cc1Br,0.750194
Oc1cc(Br)ccc1NCCNC1CCN(C[C@H]2CCCN2)C1,0.490998,O=C([C@H]1CCCN1)N(CCNC1CCNC1)c1ccc(Br)cc1O,0.207588
N[C@H](CCN1CCC[C@H]1CNCCc1ccc(O)cc1)CNCCc1c[nH]c2ccc(O)cc12,0.94307,N[C@H](CCN1CCC[C@H]1CNCCc1ccc(O)cc1)C(=O)NCCc1c[nH]c2ccc(O)cc12,0.964637
CN(CCCN)CC(=O)Oc1ccc(Br)cc1N,0.011937,CN(CC(=O)Oc1ccc(Br)cc1N)C(=O)CCN,0.000956
CN(CCC=O)CCNCCC(=O)O,0.009501,CN(CCC=O)CC(=O)NCCC(=O)O,0.003525
COc1ccc(O)c(NCCCN2CCC(NCCNCCc3c[nH]c4ccccc34)C2)c1,0.956847,COc1ccc(O)c(NCCCN2CCC(NCC(=O)NCCc3c[nH]c4ccccc34)C2)c1,0.937532
Nc1c(Br)cccc1NC[C@@H](CS)NC1CNC1,0.20105,Nc1c(Br)cccc1NC(=O)[C@@H](CS)NC1CNC1,0.031823
Fc1ccc(CN2CCC[C@H]2CN2CC(N(CC3CNC3)c3ccnc4ccccc34)C2)cc1,0.979062,O=C(C1CNC1)N(c1ccnc2ccccc12)C1CN(C[C@@H]2CCCN2Cc2ccc(F)cc2)C1,0.84168
NC1(CN2CCC(Nc3cccc(Br)c3CNCCc3c[nH]c4ccccc34)C2)CCC1,0.977849,NC1(C(=O)N(CCc2c[nH]c3ccccc23)Cc2c(Br)cccc2NC2CCNC2)CCC1,0.282914
COc1cccc2c1CCN(CCN(C)CCCN)C2c1cccc(Br)c1,0.999997,COc1cccc2c1CCN(CCN(C)C(=O)CCN)C2c1cccc(Br)c1,0.95265
NCCN1CCC[C@@H]1CNCCc1ccccc1Br,0.842627,NCCN1CCC[C@@H]1C(=O)NCCc1ccccc1Br,0.132544
CC[C@H](N)CN(C[C@H](C)N(Cc1ccc(F)cc1)C1CCCNC1)c1cccc2cc[nH]c12,0.950401,CC[C@H](N)C(=O)N(C[C@H](C)N(Cc1ccc(F)cc1)C1CCCNC1)c1cccc2cc[nH]c12,0.842613
CC[C@@H](CN1CCc2ccccc2C1c1c[nH]c2ccc(F)cc12)NC1CCN(CCO)C1,0.989728,CC[C@@H](CN1CCc2ccccc2C1c1c[nH]c2ccc(F)cc12)N(C(=O)CO)C1CCNC1,0.838919
C[C@@H](N)CN(CC1CCN1CC1CCN1Cc1c[nH]c2cc(Br)ccc12)c1cc(Br)ccc1O,0.993793,C[C@@H](N)C(=O)N(CC1CCN1CC1CCN1Cc1c[nH]c2cc(Br)ccc12)c1cc(Br)ccc1O,0.99442
CNCCN(C[C@H]1CCCN1)c1ccccc1S,0.290369,CN(CCNc1ccccc1S)C(=O)[C@H]1CCCN1,0.039642
CNCCN(C)CCNc1cc(OC)ccc1O,0.209947,CNCC(=O)N(C)CCNc1cc(OC)ccc1O,0.020187
C=CCN(CCCNCc1c[nH]c2cc(Br)ccc12)c1ccc(Br)cc1O,0.896956,C=CC(=O)N(CCCNCc1c[nH]c2cc(Br)ccc12)c1ccc(Br)cc1O,0.645286
CN(CCCN)CCN(C[C@@H]1CCCN1)c1ccccc1O,0.443901,CN(CCN(C[C@@H]1CCCN1)c1ccccc1O)C(=O)CCN,0.03361
Fc1cccc(CNCCCN2CCC[C@@H]2CNCCc2c[nH]c3ccccc23)c1F,0.997044,O=C(NCCCN1CCC[C@@H]1CNCCc1c[nH]c2ccccc12)c1cccc(F)c1F,0.99475
NCCCN(CCc1ccccc1Br)CC1CCNCC1,0.681021,NCCCN(CCc1ccccc1Br)C(=O)C1CCNCC1,0.024056
CNCCN(CC1CCN1)c1cc(Br)ccc1O,0.342418,CNCC(=O)N(CC1CCN1)c1cc(Br)ccc1O,0.209458
NCCN(Cc1ccc(F)cc1)c1ccc(CN2CCC(NC3CC3)C2)cc1Br,0.979745,NCC(=O)N(C1CC1)C1CCN(Cc2ccc(NCc3ccc(F)cc3)c(Br)c2)C1,0.611678
CN(CCN(CC=O)CCc1ccc(O)cc1)C(CBr)CNc1ccc(Br)cc1O,0.88175,CN(CCN(CC=O)CCc1ccc(O)cc1)C(CBr)C(=O)Nc1ccc(Br)cc1O,0.260651
Sc1ccccc1NCCCN1CCC[C@H]1CNC1CC1,0.825319,O=C(NC1CC1)[C@@H]1CCCN1CCCNc1ccccc1S,0.406016
Oc1ccc(F)cc1N(CC1NCCc2c(Br)cccc21)C[C@H]1CCCN1,0.980079,O=C([C@H]1CCCN1)N(CC1NCCc2c(Br)cccc21)c1cc(F)ccc1O,0.945744
NCCCNc1ccc(Br)cc1O,0.074935,NCCC(=O)Nc1ccc(Br)cc1O,0.00242
O=C1CCN(C[C@H]2CCCN2CC2CNC2)C1,0.028251,O=C1CCN(C[C@H]2CCCN2C(=O)C2CNC2)C1,0.005737
Nc1ccc(CNC2CCC2)cc1Br,0.060485,Nc1ccc(C(=O)NC2CCC2)cc1Br,0.008306
C=CCN(C[C@@H]1CCCN1)c1cc(F)c(F)cc1O,0.14603,C=CCN(C(=O)[C@@H]1CCCN1)c1cc(F)c(F)cc1O,0.146166
COc1ccccc1CCN(Cc1c[nH]c2ccc(Br)cc12)C[C@@H]1CCCN1,0.999999,COc1ccccc1CCN(Cc1c[nH]c2ccc(Br)cc12)C(=O)[C@@H]1CCCN1,0.810033
C[C@@H](N)CN1CCC[C@@H]1CN[C@@H](C)CNc1ccccc1O,0.55108,C[C@H](NC[C@H]1CCCN1C[C@@H](C)N)C(=O)Nc1ccccc1O,0.1462
C=CCNCCN(C[C@H]1CCCN1)c1ccccc1O,0.238166,C=CCNC(=O)CN(C[C@H]1CCCN1)c1ccccc1O,0.015142
O=C(O)[C@@H]1CCCN1C(CBr)CNCCc1c[nH]c2ccccc12,0.696505,O=C(NCCc1c[nH]c2ccccc12)C(CBr)N1CCC[C@H]1C(=O)O,0.063257
c1ccc2c(CNC[C@H]3CCCN3)c[nH]c2c1,0.472458,O=C(NCc1c[nH]c2ccccc12)[C@H]1CCCN1,0.04083
Cc1ccnc(Br)c1N(Cc1c[nH]c2cc(Br)ccc12)C1CCN(CCBr)CC1,0.958838,Cc1ccnc(Br)c1N(Cc1c[nH]c2cc(Br)ccc12)C1CCN(C(=O)CBr)CC1,0.192776
CC(CCl)N1CCC(N(Cc2c[nH]c3cc(Br)ccc23)c2c(Br)cccc2NCC2CNC2)C1,0.961602,CC(CCl)N1CCC(N(Cc2c[nH]c3cc(Br)ccc23)c2c(Br)cccc2NC(=O)C2CNC2)C1,0.811541
O=C(O)c1cccc(F)c1NCCCNCCCNCC1CNC1,0.068733,O=C(CCNCCCNCC1CNC1)Nc1c(F)cccc1C(=O)O,0.039705
Nc1ccc(N(CC2CCN2)C2CC2)cc1O,0.082448,Nc1ccc(N(C(=O)C2CCN2)C2CC2)cc1O,0.173972
N[C@H](CS)CN1CC(CN2CCC2C(=O)O)C1,0.019677,N[C@H](CS)CN1CC(C(=O)N2CCC2C(=O)O)C1,0.009618
CNCCN(CCc1ccccc1Br)CC1(N)CCC1,0.4067,CN(CCNCCc1ccccc1Br)C(=O)C1(N)CCC1,0.025293
NCCN1CCC[C@H]1CN1CCC[C@@H]1CNc1ccccc1S,0.589243,NCCN1CCC[C@H]1CN1CCC[C@@H]1C(=O)Nc1ccccc1S,0.230231
Fc1cccc(CN2CCC(N(Cc3c[nH]c4cc(I)ccc34)C3CCC3)CC2)c1F,0.986392,O=C(c1cccc(F)c1F)N1CCC(N(Cc2c[nH]c3cc(I)ccc23)C2CCC2)CC1,0.738189
N[C@H](CS)CN1CCCC(N[C@@H](CO)CNc2cccc(Br)c2O)C1,0.164641,N[C@H](CS)CN1CCCC(N[C@@H](CO)C(=O)Nc2cccc(Br)c2O)C1,0.056867
Brc1ccc2[nH]cc(CN(CCc3c[nH]c4ccccc34)CC3CNC3)c2c1,0.947266,O=C(C1CNC1)N(CCc1c[nH]c2ccccc12)Cc1c[nH]c2ccc(Br)cc12,0.400394
Brc1ccc(NC2CCNCC2)c(N(Cc2c[nH]c3cc(Br)ccc23)CC2CCN2)c1,0.848517,O=C(C1CCN1)N(Cc1c[nH]c2cc(Br)ccc12)c1cc(Br)ccc1NC1CCNCC1,0.785208
CC[C@@H](CN1CCC[C@H]1C(=O)O)NCCN,0.020755,CC[C@@H](C(=O)O)N(CCN)C(=O)[C@@H]1CCCN1,0.003228
CNCCN1CCC(N(Cc2ccc(F)cc2)c2cc(Br)cc(C#N)c2)CC1,0.991142,CN(CCN1CCC(Nc2cc(Br)cc(C#N)c2)CC1)C(=O)c1ccc(F)cc1,0.970583
CC[C@H](N)CNc1ccc(CN2CCC[C@H]2C(=O)O)cc1Br,0.069788,CC[C@H](N)C(=O)Nc1ccc(CN2CCC[C@H]2C(=O)O)cc1Br,0.005817
N#Cc1ccc(N(Cc2c[nH]c3cc(Br)ccc23)CC2CCN2C[C@H](N)CCCN2CC(=O)C2)c(N)c1,0.991738,N#Cc1ccc(N(Cc2c[nH]c3cc(Br)ccc23)CC2CCN2C[C@H](N)CCC(=O)N2CC(=O)C2)c(N)c1,0.823753
Brc1ccc2[nH]cc(CN3CC(NCCCCNC[C@H]4CCCN4)C3)c2c1,0.359155,O=C(NCCCCNC1CN(Cc2c[nH]c3ccc(Br)cc23)C1)[C@H]1CCCN1,0.42559
CCCN[C@H](Cc1ccc(O)cc1)CN(CCC[C@@H](N)CNCCc1ccccc1Br)C1CC1,0.796712,CCCN[C@H](Cc1ccc(O)cc1)CN(CCC[C@@H](N)C(=O)NCCc1ccccc1Br)C1CC1,0.576879
OC[C@@H](CN1CCC[C@H](O)C1)NC[C@@H]1CCCN1,0.034613,O=C([C@H](CO)NC[C@@H]1CCCN1)N1CCC[C@H](O)C1,0.004941
O=C(O)[C@@H](CS)NCC1CCN1,0.009776,O=C(N[C@H](CS)C(=O)O)C1CCN1,0.002279
NCCCN1CCC(NCCc2c[nH]c3ccccc23)C1,0.897543,NCCC(=O)N(CCc1c[nH]c2ccccc12)C1CCNC1,0.305124
CC[C@H](NC1CN(CC=O)C1)C(=O)O,0.006388,CC[C@@H](C(=O)O)N(C(=O)C=O)C1CNC1,0.001312
CC[C@H](N)CNCCc1ccccc1N1CCC1CNCc1ccc(O)cc1,0.974349,CC[C@H](N)CNCCc1ccccc1N1CCC1C(=O)NCc1ccc(O)cc1,0.576511
CCC1c2cccc(Br)c2CCN1CC1CCN1Cc1ccc(N)c(Br)c1,0.993143,CCC1c2cccc(Br)c2CCN1CC1CCN1C(=O)c1ccc(N)c(Br)c1,0.932245
C[C@@H](CNCCO)NCCNCCc1ccccc1Br,0.220293,C[C@H](NCCNCCc1ccccc1Br)C(=O)NCCO,0.035545
O=C1CCN(C[C@H]2CCCN2c2c[nH]cn2)C1,0.045766,O=C1CCN(C(=O)[C@H]2CCCN2c2c[nH]cn2)C1,0.005782
N#Cc1ccc(NCc2c[nH]c3cc(Br)ccc23)c(N(CC2CCN2)C2CCNCC2)c1,0.889482,N#Cc1ccc(N(Cc2c[nH]c3cc(Br)ccc23)C(=O)C2CCN2)c(NC2CCNCC2)c1,0.743742
NC1(CN(CC2CCN2Cc2ccc(F)cc2)c2cccc3cc[nH]c23)CCC1,0.990012,NC1(C(=O)N(CC2CCN2Cc2ccc(F)cc2)c2cccc3cc[nH]c23)CCC1,0.965262
CCC1c2cccc(N3CCC3C(=O)O)c2CCN1CCCN,0.382361,CCC1c2cccc(N3CCC3C(=O)O)c2CCN1C(=O)CCN,0.020349
Fc1ccc(CN2CCCC(NCCN3CCC[C@H]3CNc3ccccc3S)C2)cc1,0.961057,O=C(Nc1ccccc1S)[C@@H]1CCCN1CCNC1CCCN(Cc2ccc(F)cc2)C1,0.87626
NC1(CN(c2cccc(Br)c2O)C2CCNCC2)CCC1,0.110036,NC1(C(=O)N(c2cccc(Br)c2O)C2CCNCC2)CCC1,0.04909
COc1ccccc1CCN(CC1CCN1)C[C@H](Cc1cccs1)N(CCBr)Cc1cccc(Br)c1,0.971599,COc1ccccc1CCN(CC1CCN1)C[C@H](Cc1cccs1)N(Cc1cccc(Br)c1)C(=O)CBr,0.775307
Brc1ccc2[nH]cc(CN3CC(CNC4CC4)C3)c2c1,0.687939,O=C(NC1CC1)C1CN(Cc2c[nH]c3ccc(Br)cc23)C1,0.14941
C[C@@H](O)[C@@H](CN(C[C@@H]1CCCN1Cc1c[nH]c2ccc(F)cc12)c1ccccc1O)NCCN,0.97652,C[C@@H](O)[C@@H](CN(C[C@@H]1CCCN1Cc1c[nH]c2ccc(F)cc12)c1ccccc1O)NC(=O)CN,0.903143
C=CCN(CCCCN)C1CCN(c2ccc(N)c(O)c2)C1,0.262588,C=CC(=O)N(CCCCN)C1CCN(c2ccc(N)c(O)c2)C1,0.007619
Oc1ccc(Br)cc1N(Cc1cccc(Br)c1)C[C@H]1CCCN1,0.73638,O=C([C@H]1CCCN1)N(Cc1cccc(Br)c1)c1cc(Br)ccc1O,0.369778
C[C@@H](N)CN1CCCC(N(CC2CCN2)c2cccc3cc[nH]c23)C1,0.901857,C[C@@H](N)CN1CCCC(N(C(=O)C2CCN2)c2cccc3cc[nH]c23)C1,0.852971
C=CCN(CCN(CCc1ccccc1OC)C[C@H]1CCCN1)C[C@H](N)Cc1ccccc1,0.244841,C=CCN(CCN(CCc1ccccc1OC)C(=O)[C@H]1CCCN1)C[C@H](N)Cc1ccccc1,0.140504
C[C@H](N)CN1CCC[C@H]1CN1CCCC(N(Cc2c[nH]c3cc(Br)ccc23)c2cc(Br)cc(C#N)c2)C1,0.977172,C[C@H](N)C(=O)N1CCC[C@H]1CN1CCCC(N(Cc2c[nH]c3cc(Br)ccc23)c2cc(Br)cc(C#N)c2)C1,0.907952
CC[C@@H](CNCCCNc1cc(F)ccc1O)Nc1c(F)cccc1CN1CCCCC1,0.794386,CC[C@@H](CNCCCNc1cc(F)ccc1O)Nc1c(F)cccc1C(=O)N1CCCCC1,0.120313
C[C@H](CN1CC(CNCc2ccccc2)C1)NCC(=O)CBr,0.038451,C[C@H](CN1CC(C(=O)NCc2ccccc2)C1)NCC(=O)CBr,0.003356
O=C(O)CCNCCCNc1ccc(F)nc1Br,0.046306,O=C(O)CCNCCC(=O)Nc1ccc(F)nc1Br,0.007445
C=CCN1CC(Nc2ccc(F)nc2Br)C1,0.04226,C=CC(=O)N(c1ccc(F)nc1Br)C1CNC1,0.029852
CN(CCN(CCc1c[nH]c2ccccc12)C(CCl)c1ccc(Cl)c(Cl)c1)C[C@@H]1CCCN1,0.995982,CN(CCN(CCc1c[nH]c2ccccc12)C(CCl)c1ccc(Cl)c(Cl)c1)C(=O)[C@@H]1CCCN1,0.981179
Brc1ccccc1CCN(CCNc1cccc2cc[nH]c12)C1CCC1,0.967663,O=C(CN(CCc1ccccc1Br)C1CCC1)Nc1cccc2cc[nH]c12,0.174424
C[C@@H](CN1CCC[C@H](C(=O)O)C1)NC[C@H](N)CS,0.037069,C[C@@H](C(=O)O)N(C[C@H](N)CS)C(=O)[C@H]1CCCNC1,0.002581
OC[C@H](CNC1CC1)NC(CCl)c1ccc(Br)cc1,0.076207,O=C(NC1CC1)[C@@H](CO)NC(CCl)c1ccc(Br)cc1,0.006566
C[C@H](N)CN1CCC(NCCc2c[nH]c3ccccc23)CC1,0.88359,C[C@H](N)C(=O)N(CCc1c[nH]c2ccccc12)C1CCNCC1,0.174382
C#CCN(CCN)Cc1ccc(N(Cc2c[nH]c3ccc(Br)cc23)C2CCCNC2)c(O)c1,0.984522,C#CCN(Cc1ccc(N(Cc2c[nH]c3ccc(Br)cc23)C2CCCNC2)c(O)c1)C(=O)CN,0.768377
N[C@H](Cc1ccc(O)cc1)CN(C[C@@H]1CCCN1CC1CCN1)c1ccc(Br)cc1,0.995795,N[C@H](Cc1ccc(O)cc1)CN(C[C@@H]1CCCN1C(=O)C1CCN1)c1ccc(Br)cc1,0.213372
C[C@@H](N)CN(c1ccc(Br)cc1)C1CN(CCCN)C1,0.086104,C[C@@H](N)C(=O)N(c1ccc(Br)cc1)C1CN(CCCN)C1,0.251963
C=CCN(C[C@@H]1CCCN1)c1ccc(N2CCN(Cc3c[nH]c4ccc(Br)cc34)CC2)cc1N,0.993098,C=CCN(C(=O)[C@@H]1CCCN1)c1ccc(N2CCN(Cc3c[nH]c4ccc(Br)cc34)CC2)cc1N,0.993767
C=CCN(CCN)c1ccc(N2CCN(Cc3c[nH]c4ccc(Br)cc34)CC2)cc1N,0.991971,C=CC(=O)N(CCN)c1ccc(N2CCN(Cc3c[nH]c4ccc(Br)cc34)CC2)cc1N,0.995095
Oc1cc(Br)ccc1N(CCBr)C1CCN(CC2CCN2C(CCl)c2ccc(Br)cc2)CC1,0.976856,O=C(CBr)N(c1ccc(Br)cc1O)C1CCN(CC2CCN2C(CCl)c2ccc(Br)cc2)CC1,0.89353
CSCC[C@H](NCCBr)C(=O)O,0.002918,CSCC[C@H](NC(=O)CBr)C(=O)O,0.001142
CN(CCC=O)CCN1CCC1C(=O)O,0.015621,CN(CCC=O)CC(=O)N1CCC1C(=O)O,0.007222
N[C@H](CS)CNc1ccnc2ccccc12,0.017373,N[C@H](CS)C(=O)Nc1ccnc2ccccc12,0.000762
N#Cc1ccc(N)c(N(CC=O)CC2CCN2CCCN)c1,0.155085,N#Cc1ccc(N)c(N(CC2CCN2CCCN)C(=O)C=O)c1,0.192508
NCCN(CC1CCN(CC2CCN2Cc2cccc(F)c2F)CC1)c1cccc2cc[nH]c12,0.988162,NCC(=O)N(CC1CCN(CC2CCN2Cc2cccc(F)c2F)CC1)c1cccc2cc[nH]c12,0.971207
C=CCN1CCCC(N(C(CCl)c2ccc(Cl)c(Cl)c2)[C@@H](C)CNc2ccnc3ccccc23)C1,0.953267,C=CC(=O)N(C[C@H](C)N(C1CCCNC1)C(CCl)c1ccc(Cl)c(Cl)c1)c1ccnc2ccccc12,0.61153
N[C@@H](CS)CNCC(=O)O,0.006247,NCC(=O)N[C@@H](CS)C(=O)O,0.002133
COc1ccccc1CCN(CC1CCN1)C[C@H](C)Nc1ncc2[nH]ccc2n1,0.863947,COc1ccccc1CCN(C[C@H](C)Nc1ncc2[nH]ccc2n1)C(=O)C1CCN1,0.094654
OB(O)c1cccc(NC[C@H](CS)NC2CCCNC2)c1,0.104961,O=C(Nc1cccc(B(O)O)c1)[C@H](CS)NC1CCCNC1,0.021184
Oc1ccc(CCNC[C@H]2CCCN2CC2CCN2)cc1,0.986316,O=C(C1CCN1)N(CCc1ccc(O)cc1)C[C@H]1CCCN1,0.199121
O=C(O)CC[C@@H](CN1CCC[C@H]1C(=O)O)NC1CNC1,0.018876,O=C(O)CC[C@@H](C(=O)O)N(C(=O)[C@@H]1CCCN1)C1CNC1,0.004542
Oc1c(Br)cccc1NC[C@H]1CCCN1CCCNC1CCC1,0.817215,O=C(Nc1cccc(Br)c1O)[C@H]1CCCN1CCCNC1CCC1,0.396392
C[C@@H](CNc1ccc(Br)cc1O)NC[C@@H]1CCCN1,0.307411,C[C@H](NC[C@@H]1CCCN1)C(=O)Nc1ccc(Br)cc1O,0.034849
COc1ccccc1CNC[C@@H]1CCCN1CC1CCN1,0.871873,COc1ccccc1CN(C[C@@H]1CCCN1)C(=O)C1CCN1,0.07103
CNCCN[C@@H](CO)C(=O)O,0.010956,CNCC(=O)N[C@@H](CO)C(=O)O,0.003121
NCCNCCCNc1c(N)cccc1Br,0.239715,NCCNCCC(=O)Nc1c(N)cccc1Br,0.034746
O=C1CN(CCCN(Cc2c[nH]c3ccc(Br)cc23)c2ccc(CN3CCCC(=O)C3)cc2Br)C1,0.960024,O=C1CN(CCCN(Cc2c[nH]c3ccc(Br)cc23)c2ccc(C(=O)N3CCCC(=O)C3)cc2Br)C1,0.736976
CSCC[C@@H](N)CNc1ccccc1O,0.036423,CSCC[C@@H](N)C(=O)Nc1ccccc1O,0.000639
C=CCN(C[C@@H](N)CC)C[C@H](C)O,0.021756,C=CCN(C[C@H](C)O)C(=O)[C@@H](N)CC,0.00263
COc1ccc(N)c(N(Cc2c[nH]c3ccc(Br)cc23)C2CN(C[C@@H]3CCCN3C[C@H](C)N)C2)c1,0.978227,COc1ccc(N)c(N(Cc2c[nH]c3ccc(Br)cc23)C2CN(C[C@@H]3CCCN3C(=O)[C@H](C)N)C2)c1,0.843427
COc1ccc(NC[C@H]2CCCN2C2CNC2)c(NCCCN)c1,0.215006,COc1ccc(NC[C@H]2CCCN2C2CNC2)c(NC(=O)CCN)c1,0.200381
Oc1ccc(F)cc1NCCN(CCBr)C[C@@H]1CCCN1,0.459566,O=C(CN(CCBr)C[C@@H]1CCCN1)Nc1cc(F)ccc1O,0.06125
C[C@@H](O)[C@H](N)CN(C)CC(=O)O,0.005751,C[C@@H](O)[C@H](N)C(=O)N(C)CC(=O)O,0.001762
OCCCNCC1CCN1,0.024237,O=C(NCCCO)C1CCN1,0.003406
Nc1cccc(Br)c1N(Cc1cccc(F)c1F)C1CCN(C2CCNCC2)CC1,0.950756,Nc1cccc(Br)c1N(C(=O)c1cccc(F)c1F)C1CCN(C2CCNCC2)CC1,0.91893
O=C(O)CCN1CC(CN2CCNCC2)C1,0.015407,O=C(O)C1CN(CCC(=O)N2CCNCC2)C1,0.007713
C=CCNCC1CCN1Cc1cccc(F)c1F,0.16633,C=CCNC(=O)C1CCN1Cc1cccc(F)c1F,0.005604
Oc1ccc2c(c1)C(CCNCCNC1CC1)NCC2,0.878398,O=C(CNCCC1NCCc2ccc(O)cc21)NC1CC1,0.722783
C=CCN(C[C@H]1CCCN1)c1ccc2c(C=O)c[nH]c2c1,0.262128,C=CCN(C(=O)[C@H]1CCCN1)c1ccc2c(C=O)c[nH]c2c1,0.405973
CC[C@@H](CN(Cc1cccc(OC)c1)C1CCCN(C[C@H](N)c2ccccc2)C1)NCc1c[nH]c2cc(Br)ccc12,0.902043,CC[C@@H](CN(Cc1cccc(OC)c1)C1CCCN(C(=O)[C@H](N)c2ccccc2)C1)NCc1c[nH]c2cc(Br)ccc12,0.337192
C1CC(NC[C@@H]2CCCN2)C1,0.020196,O=C(NC1CCC1)[C@@H]1CCCN1,0.003894
COc1ccccc1CCN(Cc1cccc(Br)c1)C[C@@H]1CCCN1,0.993935,COc1ccccc1CCN(Cc1cccc(Br)c1)C(=O)[C@@H]1CCCN1,0.147291
Brc1ccccc1CCNCC1CCNCC1,0.413911,O=C(NCCc1ccccc1Br)C1CCNCC1,0.006968
CC[C@H](N)CN1CCC1CN1CCC(Nc2cccc3cc[nH]c23)C1,0.597586,CC[C@H](N)C(=O)N(c1cccc2cc[nH]c12)C1CCN(CC2CCN2)C1,0.76377
c1ccc2c(CCNCc3ccc(NCC4CCN4)c(N4CCNCC4)c3)c[nH]c2c1,0.748642,O=C(Nc1ccc(CNCCc2c[nH]c3ccccc23)cc1N1CCNCC1)C1CCN1,0.574636
C[C@H](N)CN1CCC(N(CCO)Cc2c[nH]c3cc(Br)ccc23)CC1,0.486296,C[C@H](N)C(=O)N1CCC(N(CCO)Cc2c[nH]c3cc(Br)ccc23)CC1,0.545517
CC[C@H](NC[C@H]1CCCN1)C(=O)Oc1ccccc1N,0.042039,CC[C@H](N)C(=O)Oc1ccccc1NC(=O)[C@H]1CCCN1,0.00227
N#Cc1ccc(N2CCN(CC3CNC3)CC2)nc1,0.232835,N#Cc1ccc(N2CCN(C(=O)C3CNC3)CC2)nc1,0.004235
Oc1ccc(F)cc1NCC1CCN1,0.098992,O=C(Nc1cc(F)ccc1O)C1CCN1,0.011284
C#CCNCCNCc1ccccc1Br,0.074558,C#CCNC(=O)CNCc1ccccc1Br,0.003083
C[C@H](O)CN(c1cccc2cc[nH]c12)C1CCCN(CCC=O)C1,0.5,C[C@H](O)C(=O)N(c1cccc2cc[nH]c12)C1CCCN(CCC=O)C1,0.240332
NCCCC[C@H](N)CN1CCC[C@H]1CNc1cc(F)c(F)cc1O,0.74984,NCCCC[C@H](N)CN1CCC[C@H]1C(=O)Nc1cc(F)c(F)cc1O,0.390049
C[C@H](c1ccccc1)N(Cc1cccc(Br)c1)C[C@@H](CO)NC[C@@H]1CCCN1,0.513578,C[C@H](c1ccccc1)N(Cc1cccc(Br)c1)C[C@@H](CO)NC(=O)[C@@H]1CCCN1,0.052989
C[C@H](CNc1ccccn1)NC(CBr)CN1CCC(=O)C1,0.114455,C[C@@H](NC(CBr)CN1CCC(=O)C1)C(=O)Nc1ccccn1,0.01262
N[C@@H](CCN1CC(=O)C1)CNc1ccc(F)nc1Br,0.074843,N[C@@H](CCN1CC(=O)C1)C(=O)Nc1ccc(F)nc1Br,0.009329
CNCCNc1ccc(Br)cc1,0.02483,CNCC(=O)Nc1ccc(Br)cc1,0.002272
C=CCN1CCC[C@@H]1CNc1cccc(Br)c1O,0.294375,C=CCN1CCC[C@@H]1C(=O)Nc1cccc(Br)c1O,0.019319
CN(CC=O)CCN(c1cc(C#N)ccc1O)C1CCCNC1,0.224056,CN(CCN(c1cc(C#N)ccc1O)C1CCCNC1)C(=O)C=O,0.008547
CSCC[C@H](CN(C)CCNCCc1ccccc1Br)NCc1c[nH]c2cc(Br)ccc12,0.976698,CSCC[C@H](CN(C)CC(=O)NCCc1ccccc1Br)NCc1c[nH]c2cc(Br)ccc12,0.565
NCCCN1CCC(Nc2c(N)cccc2Br)C1,0.221834,NCCC(=O)N(c1c(N)cccc1Br)C1CCNC1,0.067075
CC[C@H](N)CN1CCC(=O)C1,0.026892,CC[C@H](N)C(=O)N1CCC(=O)C1,0.002596
NCCN1CCC1CNc1ccc(Br)cc1O,0.342798,NCCN1CCC1C(=O)Nc1ccc(Br)cc1O,0.008655
Nc1c(F)cccc1CN1CCCC(=O)C1,0.010956,Nc1c(F)cccc1C(=O)N1CCCC(=O)C1,0.000618
Fc1ccc(NC[C@@H]2CCCN2)c(Br)n1,0.041368,O=C(Nc1ccc(F)nc1Br)[C@@H]1CCCN1,0.007934
NCCCCNCc1cccc(O)c1N,0.566063,NCCCCNC(=O)c1cccc(O)c1N,0.07157
C[C@H](c1ccccc1)N(Cc1cccc(Br)c1)C1CCN(C2CCN(Cc3ccc(F)cc3)C2)C1,0.537136,C[C@H](c1ccccc1)N(Cc1cccc(Br)c1)C1CCN(C2CCN(C(=O)c3ccc(F)cc3)C2)C1,0.690151
CC[C@H](N)CN1CCCC(N(C[C@@H](N)CC)c2cccnc2Br)C1,0.744586,CC[C@H](N)CN(c1cccnc1Br)C1CCCN(C(=O)[C@@H](N)CC)C1,0.014534
Nc1c(O)cccc1CNc1ccc(Br)cc1O,0.02524,Nc1c(O)cccc1C(=O)Nc1ccc(Br)cc1O,0.005989
Nc1cccc(Br)c1CN1CCC[C@H]1CN(c1c(N)cccc1Br)C1CCNC1,0.877388,Nc1cccc(Br)c1C(=O)N1CCC(N(C[C@@H]2CCCN2)c2c(N)cccc2Br)C1,0.181468
CNCCN(CCN(C)Cc1c[nH]c2cc(Br)ccc12)Cc1cccc(OC)c1,0.989716,CNCC(=O)N(CCN(C)Cc1c[nH]c2cc(Br)ccc12)Cc1cccc(OC)c1,0.831331
CC[C@@H](CN1CCC(N(Cc2c[nH]c3cc(Br)ccc23)c2ccccc2S)CC1)NC[C@@H](C)N,0.991193,CC[C@@H](CN1CCC(N(Cc2c[nH]c3cc(Br)ccc23)c2ccccc2S)CC1)NC(=O)[C@@H](C)N,0.972135
CCCN1CCCC(N(Cc2ccc(NCCBr)c(O)c2)c2cc(F)ccc2O)C1,0.986226,CCCN1CCCC(N(Cc2ccc(NC(=O)CBr)c(O)c2)c2cc(F)ccc2O)C1,0.895749
CNCCN(CC=O)CCc1ccccc1Br,0.024985,CNCC(=O)N(CC=O)CCc1ccccc1Br,0.002572
CC[C@H](N)CN1CCC[C@H]1CNc1ccccn1,0.55518,CC[C@H](N)C(=O)N(C[C@@H]1CCCN1)c1ccccn1,0.068128
O=C(O)[C@H]1CCCN1C[C@@H]1CCCN1Cc1c[nH]c2ccc(NC3CC3)cc12,0.671259,O=C(O)[C@@H]1CCCN1Cc1c[nH]c2ccc(N(C(=O)[C@H]3CCCN3)C3CC3)cc12,0.547162
C[C@@H](CN1CCC1CNC12CC(C1)C2)N(Cc1ccnc(Br)c1)Cc1c[nH]c2ccc(Br)cc12,0.978063,C[C@@H](CN1CCC1C(=O)NC12CC(C1)C2)N(Cc1ccnc(Br)c1)Cc1c[nH]c2ccc(Br)cc12,0.935193
CNCCN(CCN1CCC(=O)CC1)c1ccc(OC)cc1N,0.221451,CNCC(=O)N(CCN1CCC(=O)CC1)c1ccc(OC)cc1N,0.315371
C=CCNCCCN1CC(C(=O)OCc2cccc(F)c2)C1,0.127119,C=CC(=O)NCCCN1CC(C(=O)OCc2cccc(F)c2)C1,0.014043
NCCN1CCN(c2ccc(N)c(N(C[C@@H]3CCCN3)C(CCl)c3ccc(Br)cc3)c2)CC1,0.986421,NCC(=O)N1CCC[C@H]1CN(c1cc(N2CCNCC2)ccc1N)C(CCl)c1ccc(Br)cc1,0.395566
CSCC[C@@H](CN1CCC[C@@H]1CN(Cc1c[nH]c2cc(Br)ccc12)c1cc(F)c(F)cc1O)NC[C@@H]1CCCN1,0.704419,CSCC[C@@H](CN1CCC[C@@H]1CN(Cc1c[nH]c2cc(Br)ccc12)c1cc(F)c(F)cc1O)NC(=O)[C@@H]1CCCN1,0.740337
N[C@H](CNCCc1ccccc1Br)Cc1c[nH]c2ccccc12,0.646647,N[C@@H](Cc1c[nH]c2ccccc12)C(=O)NCCc1ccccc1Br,0.013757
CNCCN[C@@H](CCC(N)=O)CNCCc1ccc(O)cc1,0.433437,CNCCN[C@@H](CCC(N)=O)C(=O)NCCc1ccc(O)cc1,0.03307
NCCc1ccccc1N1CCC[C@@H]1CNCCc1ccc(O)cc1,0.988699,NCCc1ccccc1N1CCC[C@@H]1C(=O)NCCc1ccc(O)cc1,0.194999
NCCN1CCC[C@@H]1CN1CCCC(N(Cc2c[nH]c3ccc(Br)cc23)c2ccccc2O)C1,0.996236,NCC(=O)N1CCC[C@@H]1CN1CCCC(N(Cc2c[nH]c3ccc(Br)cc23)c2ccccc2O)C1,0.982898
O=C(O)[C@@H]1CCCN(CC2NCCc3ccc(O)cc32)C1,0.939329,O=C(O)C1c2cc(O)ccc2CCN1C(=O)[C@@H]1CCCNC1,0.039346
NCCCN(c1cc(F)ccc1O)C1CCCN(C[C@H](N)CS)C1,0.581485,NCCC(=O)N(c1cc(F)ccc1O)C1CCCN(C[C@H](N)CS)C1,0.698969
NC(=O)C[C@@H](N)CN1CCC[C@@H]1CNCCc1ccccc1Br,0.651273,NC(=O)C[C@@H](N)CN1CCC[C@@H]1C(=O)NCCc1ccccc1Br,0.04624
NCCN1CCC[C@H]1CN(CC1CCN1Cc1c[nH]c2ccc(F)cc12)c1cc(F)ccc1O,0.991984,NCC(=O)N1CCC[C@H]1CN(CC1CCN1Cc1c[nH]c2ccc(F)cc12)c1cc(F)ccc1O,0.939012
NCCCN[C@@H](CCCN)C(=O)O,0.015144,NCCC(=O)NCCC[C@H](N)C(=O)O,0.003007
CN(CCN(CCN)c1cccc2cc[nH]c12)C[C@H]1CCCN1,0.801333,CN(CCN(C(=O)CN)c1cccc2cc[nH]c12)C[C@H]1CCCN1,0.883496
COc1cccc(CNC[C@H](CO)NC2CCN(C3CCNC3)CC2)c1,0.290758,COc1cccc(CNC(=O)[C@H](CO)NC2CCN(C3CCNC3)CC2)c1,0.143994
O=C(CBr)CNCCCNc1ccccc1O,0.103821,O=C(CBr)CNCCC(=O)Nc1ccccc1O,0.003581
NCCCCN(Cc1ccc(F)cc1)CC1CCN1,0.33939,NCCCCN(Cc1ccc(F)cc1)C(=O)C1CCN1,0.054052
CC[C@@H](CN1CCC[C@@H](O)C1)Nc1ccc(C(=O)CCl)cc1,0.180355,CC[C@H](Nc1ccc(C(=O)CCl)cc1)C(=O)N1CCC[C@@H](O)C1,0.001673
C[C@H](c1ccccc1)N(CC1CCN1)C[C@H]1CCCN1,0.316083,C[C@@H](NCC1CCN1C(=O)[C@H]1CCCN1)c1ccccc1,0.0566
C[C@H](N)CN(C)CCN(c1ccccc1S)C1CCCN(Cc2c[nH]c3cc(Br)ccc23)C1,0.999996,C[C@H](N)C(=O)N(C)CCN(c1ccccc1S)C1CCCN(Cc2c[nH]c3cc(Br)ccc23)C1,0.983755
NCCC[C@H](N)CN(CCBr)c1ccc(Br)cc1O,0.046809,NCCC[C@H](N)CN(C(=O)CBr)c1ccc(Br)cc1O,0.040981
Oc1ccc(F)cc1N(CC1CCN1)C[C@H]1CCCN1Cc1c[nH]c2ccc(Br)cc12,0.99688,O=C(C1CCN1)N(C[C@H]1CCCN1Cc1c[nH]c2ccc(Br)cc12)c1cc(F)ccc1O,0.994532
Cc1cnc(F)cc1N(CCc1c[nH]c2ccccc12)CC1CCN1C1CCCN(CCBr)C1,0.981632,Cc1cnc(F)cc1N(CCc1c[nH]c2ccccc12)CC1CCN1C1CCCN(C(=O)CBr)C1,0.744182
c1cc(NC[C@@H]2CCCN2CC2CNC2)c2[nH]ccc2c1,0.833158,O=C(C1CNC1)N(C[C@@H]1CCCN1)c1cccc2cc[nH]c12,0.561885
COc1ccccc1CN(CC1CCN1)C1CN(CCCNCc2c[nH]c3ccc(Br)cc23)C1,0.995362,COc1ccccc1CN(C(=O)C1CCN1)C1CN(CCCNCc2c[nH]c3ccc(Br)cc23)C1,0.975797
NCCN1CCC(N2Cc3ccccc3C[C@H]2CNc2cc(F)c(F)cc2O)C1,0.985998,NCCN1CCC(N2Cc3ccccc3C[C@H]2C(=O)Nc2cc(F)c(F)cc2O)C1,0.900813
Oc1ccc(Br)cc1N(C[C@@H]1CCCN1)C1CCN(Cc2c[nH]c3cc(Br)ccc23)C1,0.999991,O=C([C@@H]1CCCN1)N(c1cc(Br)ccc1O)C1CCN(Cc2c[nH]c3cc(Br)ccc23)C1,0.985952
Oc1ccc(F)cc1NCCNCC1CCNCC1,0.312333,O=C(CNCC1CCNCC1)Nc1cc(F)ccc1O,0.116127
CNCCN(CCBr)CCc1ccccc1OC,0.157251,CNCCN(CCc1ccccc1OC)C(=O)CBr,0.010889
NCCC[C@@H](CNCCc1c[nH]c2ccccc12)N(CC1CCN1CCN)c1ccc(O)c(N)c1,0.962112,NCCC[C@@H](CN(CCc1c[nH]c2ccccc12)C(=O)CN)N(CC1CCN1)c1ccc(O)c(N)c1,0.453812
Oc1ccc(CCNCC2CCN2C[C@@H]2CCCN2CCNCCc2c[nH]c3ccccc23)cc1,0.875842,O=C(NCCc1ccc(O)cc1)C1CCN1C[C@@H]1CCCN1CCNCCc1c[nH]c2ccccc12,0.933934
NCCNc1cc(F)ccc1O,0.094163,NCC(=O)Nc1cc(F)ccc1O,0.005953
C[C@@H](O)[C@@H](N)CNc1cccc(Br)c1O,0.016182,C[C@@H](O)[C@@H](N)C(=O)Nc1cccc(Br)c1O,0.00075
C[C@H](N)CNc1cc(Br)ccc1OC(=O)[C@@H]1CCCN1,0.034431,C[C@H](N)C(=O)Nc1cc(Br)ccc1OC(=O)[C@@H]1CCCN1,0.003103
Oc1cc(Br)ccc1N(CC1CCN1)C[C@@H]1CCCN1Cc1cccc(F)c1F,0.987112,O=C(c1cccc(F)c1F)N1CCC1CN(C[C@@H]1CCCN1)c1ccc(Br)cc1O,0.546455
N[C@@H](CS)CN(CCCNCC1CCN1)c1cc(F)c(F)cc1O,0.220821,NCCCN(C[C@H](CS)NC(=O)C1CCN1)c1cc(F)c(F)cc1O,0.097837
C[C@H](N)CN1CCC(N(CC2CNC2)c2cc(Br)cc(C#N)c2)C1,0.360693,C[C@H](N)CN1CCC(N(C(=O)C2CNC2)c2cc(Br)cc(C#N)c2)C1,0.368413
c1cc(NC[C@@H]2CCCN2CC2CCN2)c2[nH]ccc2c1,0.8869,O=C(C1CCN1)N(C[C@@H]1CCCN1)c1cccc2cc[nH]c12,0.40031
Fc1ccc(CN2CCC(CN(CCCNCC3CCN3)c3ccccc3S)CC2)cc1,0.895989,O=C(NCCCN(CC1CCN(Cc2ccc(F)cc2)CC1)c1ccccc1S)C1CCN1,0.63706
COc1cccc(CNC[C@@H](CS)N(Cc2c[nH]c3ccc(Br)cc23)C2CCNC2)c1,0.984209,COc1cccc(CNC(=O)[C@@H](CS)N(Cc2c[nH]c3ccc(Br)cc23)C2CCNC2)c1,0.900711
O=C(O)CN(Cc1ccc(F)cc1)CC1CCN1,0.00813,O=C(O)C1CCN1C(=O)CNCc1ccc(F)cc1,0.002825
NCCc1ccccc1N1CCC[C@H](CNC2CC2)C1,0.134245,NCCc1ccccc1N1CCC[C@H](C(=O)NC2CC2)C1,0.017903
NCCCN1CCC[C@@H]1CNc1cccc2cc[nH]c12,0.758664,NCCCN1CCC[C@@H]1C(=O)Nc1cccc2cc[nH]c12,0.213061
C[C@H](CN(CCCN)c1cc(F)ccc1O)NCc1c[nH]c2ccc(Br)cc12,0.894153,C[C@H](CN(C(=O)CCN)c1cc(F)ccc1O)NCc1c[nH]c2ccc(Br)cc12,0.752018
N#Cc1cc(N)cc(N(C2CC2)C2CCN(C3CN(Cc4ccc(F)cc4)C3)CC2)c1,0.980315,N#Cc1cc(N)cc(N(C2CC2)C2CCN(C3CN(C(=O)c4ccc(F)cc4)C3)CC2)c1,0.924193
N[C@H](CO)CNc1ccc(Br)cc1O,0.032833,N[C@H](CO)C(=O)Nc1ccc(Br)cc1O,0.001167
C#CCN(C[C@@H](N)CO)C[C@H]1Cc2ccc(O)cc2C(c2c[nH]c3cc(Br)ccc23)N1C[C@@H](N)CO,0.604279,C#CCN(C[C@H]1Cc2ccc(O)cc2C(c2c[nH]c3cc(Br)ccc23)N1C[C@@H](N)CO)C(=O)[C@@H](N)CO,0.629091
COc1ccccc1CNC[C@@H]1CCCN1C[C@H]1CCCN1,0.854691,COc1ccccc1CN(C[C@@H]1CCCN1)C(=O)[C@H]1CCCN1,0.06144
CNCCN1CCc2ccc(O)cc2C1CN1CCC[C@@H]1CNCCc1ccccc1OC,0.970287,CNCCN1CCc2ccc(O)cc2C1CN1CCC[C@@H]1C(=O)NCCc1ccccc1OC,0.903669
Nc1ccc(Br)cc1NC[C@H]1CCCN1C[C@H]1CCCN1,0.76651,Nc1ccc(Br)cc1N(C[C@H]1CCCN1)C(=O)[C@H]1CCCN1,0.186495
CN(CCNC1CCC1)CC1(N)CCC1,0.01462,CN(CC(=O)NC1CCC1)CC1(N)CCC1,0.004309
O=C(O)c1cccc(F)c1N(CCCN1CCC(O)CC1)Cc1c[nH]c2cc(Br)ccc12,0.974275,O=C(O)CCN(Cc1c[nH]c2cc(Br)ccc12)c1c(F)cccc1C(=O)N1CCC(O)CC1,0.142524
N#Cc1cc(Br)cc(NC[C@H]2CCCN2C[C@@H]2CCCN2Cc2cccc(F)c2F)c1,0.9449,N#Cc1cc(Br)cc(NC(=O)[C@H]2CCCN2C[C@@H]2CCCN2Cc2cccc(F)c2F)c1,0.839378
Oc1ccccc1N(C[C@H]1CCCN1)C(CCl)c1ccc(Br)cc1,0.613283,O=C([C@H]1CCCN1)N(c1ccccc1O)C(CCl)c1ccc(Br)cc1,0.139192
Oc1ccccc1NCC1(NCCBr)CCC1,0.161096,O=C(Nc1ccccc1O)C1(NCCBr)CCC1,0.008314
CNCCN(C)CCN1CCCC(N(c2ccc3c(C=O)c[nH]c3c2)c2ccc(Br)cc2O)C1,0.977349,CNCC(=O)N(C)CCN1CCCC(N(c2ccc3c(C=O)c[nH]c3c2)c2ccc(Br)cc2O)C1,0.905386
NCCCN(CC1(NCc2ccccc2N)CCC1)C1CC1,0.693191,NCCC(=O)N(CC1(NCc2ccccc2N)CCC1)C1CC1,0.049478
CC[C@H](N)CN(C[C@@H]1CCCN1)c1cc(F)ccc1O,0.199085,CC[C@H](N)CN(C(=O)[C@@H]1CCCN1)c1cc(F)ccc1O,0.307235
NC1(CN(CCC=O)CCCNCCc2ccccc2)CCC1,0.551078,NC1(CN(CCC=O)CCC(=O)NCCc2ccccc2)CCC1,0.052866
CNCCN1CCCC(N(CCCN)c2cc(CNCCc3c[nH]c4ccccc34)ccc2O)C1,0.958241,CN(CCN1CCCC(Nc2cc(CNCCc3c[nH]c4ccccc34)ccc2O)C1)C(=O)CCN,0.890049
C=CCN(Cc1c[nH]c2cc(Br)ccc12)C[C@H]1CCCN1Cc1ccc(CNC2CC2)cc1,0.965223,C=CCN(Cc1c[nH]c2cc(Br)ccc12)C[C@H]1CCCN1Cc1ccc(C(=O)NC2CC2)cc1,0.93057
CNCCN(CC1CCN1)c1cc(OC)ccc1N,0.125524,CNCC(=O)N(CC1CCN1)c1cc(OC)ccc1N,0.048941
O=C(O)CNC[C@@H]1CCCN1CCNCc1cccc(Br)c1,0.22429,O=C(O)CNC(=O)[C@@H]1CCCN1CCNCc1cccc(Br)c1,0.060532
NCCCC[C@@H](N)CNCCC(=O)O,0.015739,NCCC(=O)NCCCC[C@@H](N)C(=O)O,0.002601
COc1cccc(CN(CCC(=O)O)C2CN(CC3(N)CCC3)C2)c1,0.050728,COc1cccc(CN(CCC(=O)O)C2CN(C(=O)C3(N)CCC3)C2)c1,0.00299
N[C@H](CN1CCC[C@@H]1C(=O)O)c1ccccc1,0.023749,N[C@H](C(=O)N1CCC[C@@H]1C(=O)O)c1ccccc1,0.001831
C[C@@H](C(=O)O)N(Cc1ccc(F)cc1)CC1CCN1,0.008495,C[C@@H](C(=O)O)N(Cc1ccc(F)cc1)C(=O)C1CCN1,0.003778
CCCN(C[C@@H]1CCCN1C[C@@H]1CCCN1)c1c(Br)cccc1NCc1ccc(F)cc1,0.986405,CCCN(C[C@@H]1CCCN1C[C@@H]1CCCN1)c1c(Br)cccc1NC(=O)c1ccc(F)cc1,0.953037
C=CCN1CCc2ccc(OC(=O)[C@H]3CCCN3)cc2C1c1c[nH]c2ccc(Br)cc12,0.994554,C=CC(=O)N1CCC[C@@H]1C(=O)Oc1ccc2c(c1)C(c1c[nH]c3ccc(Br)cc13)NCC2,0.187619
O=Cc1c[nH]c2cc(N(CCCN3CC[C@@H](O)C3)Cc3ccc(F)cc3)ccc12,0.978775,O=Cc1c[nH]c2cc(N(CCCN3CC[C@@H](O)C3)C(=O)c3ccc(F)cc3)ccc12,0.976289
NCCCN1CCC[C@@H]1CN1CCC[C@H]1C(=O)O,0.040012,NCCCN1CCC[C@@H]1C(=O)N1CCC[C@H]1C(=O)O,0.014426
COc1cccc2c1CCNC2CNc1ccccc1O,0.932162,COc1cccc2c1CCNC2C(=O)Nc1ccccc1O,0.20602
O=C(O)[C@@H](Cc1ccc(O)cc1)NC[C@@H]1CCCN1,0.552953,O=C(N[C@H](Cc1ccc(O)cc1)C(=O)O)[C@@H]1CCCN1,0.041718
COc1ccc(NCC(=O)CBr)c(N)c1,0.002782,COc1ccc(N)c(NC(=O)C(=O)CBr)c1,0.000173
Brc1ccc2c(CNCCCNCCc3ccccc3Br)c[nH]c2c1,0.909153,O=C(CCNCc1c[nH]c2cc(Br)ccc12)NCCc1ccccc1Br,0.146665
Oc1ccccc1CNC[C@H]1CCCN1CC1CCN1,0.957099,O=C(C1CCN1)N(Cc1ccccc1O)C[C@H]1CCCN1,0.214989
COc1ccccc1CCN(Cc1c[nH]c2cc(Br)ccc12)C[C@H]1CCCN1CC1CNC1,0.99999,COc1ccccc1CCN(Cc1c[nH]c2cc(Br)ccc12)C[C@H]1CCCN1C(=O)C1CNC1,0.913489
NCCN1CCC[C@H]1CN(Cc1ccc(F)cc1)c1cccc(Br)c1O,0.982478,NCC(=O)N1CCC[C@H]1CN(Cc1ccc(F)cc1)c1cccc(Br)c1O,0.094442
CCCN1CCC1CN1CCC(CNc2cc(F)ccc2O)CC1,0.779645,CCCN1CCC1CN1CCC(C(=O)Nc2cc(F)ccc2O)CC1,0.557043
Nc1ccc(CN2CC(CN3CC(CNC4CC4)C3)C2)cc1O,0.143331,Nc1ccc(CN2CC(CN3CC(C(=O)NC4CC4)C3)C2)cc1O,0.053484
C[C@@H](N)CN(c1cccc(Br)c1O)C1CN(Cc2ccc(N)c(Br)c2)C1,0.956062,C[C@@H](N)C(=O)N(c1cccc(Br)c1O)C1CN(Cc2ccc(N)c(Br)c2)C1,0.729776
N[C@H](CS)CN1CCC[C@H]1CO,0.050052,N[C@H](CS)C(=O)N1CCC[C@H]1CO,0.004602
N[C@@H](Cc1ccc(O)cc1)CN(c1ccc(Br)cc1O)C1CN(CC2CN(CCC=O)C2)C1,0.942338,N[C@@H](Cc1ccc(O)cc1)C(=O)N(c1ccc(Br)cc1O)C1CN(CC2CN(CCC=O)C2)C1,0.672561
NCCN(CCc1ccccc1Br)C1CN(Cc2cccc(F)c2F)C1,0.926643,NCC(=O)N(CCc1ccccc1Br)C1CN(Cc2cccc(F)c2F)C1,0.336499
C[C@@H](N)CN1CCCC(N(CC2CCN2)c2ccccn2)C1,0.724891,C[C@@H](N)C(=O)N1CCC1CN(c1ccccn1)C1CCCNC1,0.058312
Nc1cccc(Br)c1N(Cc1c[nH]c2ccc(Br)cc12)C[C@H]1CCCN1C[C@H]1CCCN1,0.995382,Nc1cccc(Br)c1N(Cc1c[nH]c2ccc(Br)cc12)C[C@H]1CCCN1C(=O)[C@H]1CCCN1,0.472367
CC[C@H](N)CNCCCN(CCNC1CC1)Cc1ccc(N)c(Br)c1,0.376933,CC[C@H](N)C(=O)NCCCN(CCNC1CC1)Cc1ccc(N)c(Br)c1,0.256025
CN(CCN1CCCC(=O)C1)C1CCCNC1,0.029299,CN(CC(=O)N1CCCC(=O)C1)C1CCCNC1,0.002776
Fc1ccc2[nH]cc(C3c4cccc(Br)c4CCN3Cc3cccc(F)c3N(CC3CCN3)C3CCNC3)c2c1,0.610494,O=C(c1cccc(F)c1N(CC1CCN1)C1CCNC1)N1CCc2c(Br)cccc2C1c1c[nH]c2ccc(F)cc12,0.337956
NC1(CN2CCC(CNc3cc(Br)ccc3O)CC2)CCC1,0.64755,NC1(CN2CCC(C(=O)Nc3cc(Br)ccc3O)CC2)CCC1,0.165059
NCCCN(CCC=O)C1(CNc2ccc(Br)cc2O)CCC1,0.40393,NCCCN(CCC=O)C1(C(=O)Nc2ccc(Br)cc2O)CCC1,0.042089
CN(CCN(CCCO)Cc1c[nH]c2ccc(Br)cc12)C[C@@H]1CCCN1,0.707831,CN(CCN(CCCO)Cc1c[nH]c2ccc(Br)cc12)C(=O)[C@@H]1CCCN1,0.516255
NCCCN(CC=O)c1cc(Br)ccc1O,0.017266,NCCC(=O)N(CC=O)c1cc(Br)ccc1O,0.004319
CC(CCl)N(c1ccccc1O)C1CCCN(C2CN(Cc3ccc(O)c(N)c3)C2)C1,0.871019,CC(CCl)N(c1ccccc1O)C1CCCN(C2CN(C(=O)c3ccc(O)c(N)c3)C2)C1,0.913618
C=CCN1CCC[C@@H]1CN(c1cc(Br)ccc1O)C1CNC1,0.733835,C=CC(=O)N1CC(N(C[C@H]2CCCN2)c2cc(Br)ccc2O)C1,0.053548
C[C@H](N)CNc1ccccn1,0.028187,C[C@H](N)C(=O)Nc1ccccn1,0.001754
NCCN(CCc1c[nH]c2ccccc12)Cc1ccc(N)c(Br)c1,0.966565,NCC(=O)N(CCc1c[nH]c2ccccc12)Cc1ccc(N)c(Br)c1,0.275137
C#CCNC[C@H](CCCN)N(CCBr)c1cc(F)ccc1C(=O)CCl,0.093241,C#CCNC(=O)[C@H](CCCN)N(CCBr)c1cc(F)ccc1C(=O)CCl,0.017726
C=CCNC[C@@H]1CCCN1CC1c2cccc(OC)c2CCN1Cc1c[nH]c2ccc(F)cc12,0.999984,C=CCNC(=O)[C@@H]1CCCN1CC1c2cccc(OC)c2CCN1Cc1c[nH]c2ccc(F)cc12,0.989081
C[C@@H](CN1CCC[C@@H]1CO)N(Cc1c[nH]c2ccc(Br)cc12)c1ccc(NCCCN)c(O)c1,0.981988,C[C@@H](CN1CCC[C@@H]1CO)N(Cc1c[nH]c2ccc(Br)cc12)c1ccc(NC(=O)CCN)c(O)c1,0.931752
NCCCN1CCC[C@@H]1CNCCc1ccc(O)cc1,0.987246,NCCC(=O)N(CCc1ccc(O)cc1)C[C@H]1CCCN1,0.261031
CNCCN(CCc1ccccc1Br)Cc1c[nH]c2cc(N3CCC(=O)C3)ccc12,0.971118,CNCC(=O)N(CCc1ccccc1Br)Cc1c[nH]c2cc(N3CCC(=O)C3)ccc12,0.140349
NCCCN(c1cc(Br)ccc1O)C1CN(CC2CCN2)C1,0.618345,NCCCN(c1cc(Br)ccc1O)C1CN(C(=O)C2CCN2)C1,0.083472
COc1ccccc1CNCCCN,0.061125,COc1ccccc1CNC(=O)CCN,0.002012
N#Cc1ccc(O)c(NCCCN2CCC2C(=O)O)c1,0.149519,N#Cc1ccc(O)c(NC(=O)C2CCN2CCC(=O)O)c1,0.007262
C[C@H](N)CN[C@@H](CNC1CC1)Cc1ccc(O)cc1,0.647067,C[C@H](N)C(=O)N[C@@H](CNC1CC1)Cc1ccc(O)cc1,0.306808
N[C@H](CS)CN1CCC[C@H]1C(=O)O,0.009395,N[C@H](CS)C(=O)N1CCC[C@H]1C(=O)O,0.003853
COCCNCc1ccc(N)c(Br)c1,0.026372,COCCNC(=O)c1ccc(N)c(Br)c1,0.001641
CC(C)C[C@H](C(=O)O)N(C[C@H](C)N(Cc1c[nH]c2ccc(F)cc12)C[C@@H](C)N)c1ccccc1CCN,0.679528,CC(C)C[C@H](C(=O)O)N(C[C@H](C)N(Cc1c[nH]c2ccc(F)cc12)C(=O)[C@@H](C)N)c1ccccc1CCN,0.137924
Oc1ccccc1CN(c1cccnc1F)C1CCN(C[C@@H]2CCCN2)CC1,0.990537,O=C([C@@H]1CCCN1)N1CCC(N(Cc2ccccc2O)c2cccnc2F)CC1,0.165055
O=Cc1cccnc1N1CC(CN(CCc2ccc(O)cc2)C[C@H]2CCCN2)C1,0.798507,O=Cc1cccnc1N1CC(CN(CCc2ccc(O)cc2)C(=O)[C@H]2CCCN2)C1,0.046436
COc1ccc(N)c(Nc2cccc(NC[C@@H]3CCCN3CC3CCN3CC=O)c2O)c1,0.488799,COc1ccc(N)c(N(C(=O)C=O)c2cccc(NC[C@@H]3CCCN3CC3CCN3)c2O)c1,0.617588
Brc1ccc2c(CNc3ccc(CN(CC4CNC4)C4CCC4)cc3Br)c[nH]c2c1,0.992642,O=C(C1CNC1)N(Cc1c[nH]c2cc(Br)ccc12)c1ccc(CNC2CCC2)cc1Br,0.956429
NCCN1CCC(N2CCC2CNCCc2ccccc2Br)CC1,0.44427,NCCN1CCC(N2CCC2C(=O)NCCc2ccccc2Br)CC1,0.164918
NS(=O)(=O)CCN1CCC1CNCCc1c[nH]c2ccccc12,0.836829,NS(=O)(=O)CCN1CCC1C(=O)NCCc1c[nH]c2ccccc12,0.076763
NCCNc1cc(C(=O)O)ccc1O,0.065769,NCC(=O)Nc1cc(C(=O)O)ccc1O,0.006083
NC1(CN2CCC(Nc3c(F)cccc3C(=O)O)C2)CCC1,0.080219,NC1(C(=O)N(c2c(F)cccc2C(=O)O)C2CCNC2)CCC1,0.005272
COc1cccc(CNC[C@@H]2CCCN2C[C@@H](N)C(C)C)c1,0.582786,COc1cccc(CNC(=O)[C@@H]2CCCN2C[C@@H](N)C(C)C)c1,0.120914
NCCN(CCc1ccc(O)cc1)Cc1c[nH]c2cc(Br)ccc12,0.986778,NCC(=O)N(CCc1ccc(O)cc1)Cc1c[nH]c2cc(Br)ccc12,0.71996
CN(CC(=O)O)CC1CCN1CC1c2cc(O)ccc2CCN1Cc1c[nH]c2ccc(Br)cc12,0.987207,CN(CC(=O)O)C(=O)C1CCN1CC1c2cc(O)ccc2CCN1Cc1c[nH]c2ccc(Br)cc12,0.98064
NCCN(Cc1ccc(N)c(Br)c1)c1c(F)cccc1CN1CCNCC1,0.879093,NCCN(Cc1ccc(N)c(Br)c1)c1c(F)cccc1C(=O)N1CCNCC1,0.72714
COc1ccccc1CN(CC1CCN1)C1CCC1,0.183272,COc1ccccc1CN(C(=O)C1CCN1)C1CCC1,0.009734
NCCCN1CC(CNc2ccncc2C=O)C1,0.085776,NCCCN1CC(C(=O)Nc2ccncc2C=O)C1,0.01903
OC[C@@H]1CCCN1CCN(CCc1ccc(O)cc1)Cc1c[nH]c2cc(Br)ccc12,0.99631,O=C(CN(CCc1ccc(O)cc1)Cc1c[nH]c2cc(Br)ccc12)N1CCC[C@H]1CO,0.906661
C[C@@H](N)CN(CCc1c[nH]c2ccccc12)C[C@H]1CCCN1Cc1ccc(N)c(Br)c1,0.994619,C[C@@H](N)CN(CCc1c[nH]c2ccccc12)C[C@H]1CCCN1C(=O)c1ccc(N)c(Br)c1,0.969856
OC[C@H](CNCCc1ccc(O)cc1)NC1CCNC1,0.718135,O=C(NCCc1ccc(O)cc1)[C@@H](CO)NC1CCNC1,0.212715
CN(CC(=O)O)Cc1cccc(F)c1N,0.003321,CN(CC(=O)O)C(=O)c1cccc(F)c1N,0.000346
O=C1CCN(CC2CCNCC2)CC1,0.030411,O=C1CCN(C(=O)C2CCNCC2)CC1,0.002585
N[C@@H](CNc1ccc(CN2CC(=O)C2)cc1Br)CC(=O)O,0.010694,N[C@H](CC(=O)Nc1ccc(CN2CC(=O)C2)cc1Br)C(=O)O,0.001365
O=CCCN1CC(N2CC(N(CC=O)c3cccc(Br)c3O)C2)C1,0.129352,O=CCCN1CC(N2CC(N(C(=O)C=O)c3cccc(Br)c3O)C2)C1,0.109729
N#Cc1ccc(N)c(N(Cc2ccc(F)cc2)C2CCN(CCN)CC2)c1,0.971902,N#Cc1ccc(N)c(N(Cc2ccc(F)cc2)C2CCN(C(=O)CN)CC2)c1,0.070193
Fc1ccc(CN2CC(CNc3cccc4cc[nH]c34)C2)cc1,0.831492,O=C(Nc1cccc2cc[nH]c12)C1CN(Cc2ccc(F)cc2)C1,0.070896
C=CCNC[C@H]1CCCN1CCCN,0.082197,C=CCNC(=O)[C@H]1CCCN1CCCN,0.029077
BrCCN(CCCCNCc1cccc(Br)c1)CC1CCN1,0.773371,O=C(CBr)N(CCCCNCC1CCN1)Cc1cccc(Br)c1,0.052971
NCCCNCCN1CCCC(=O)C1,0.019622,NCCC(=O)NCCN1CCCC(=O)C1,0.006615
NCCN(CCc1ccncc1)CC1CCN1,0.67246,NCCN(CCc1ccncc1)C(=O)C1CCN1,0.058286
Oc1ccccc1NC[C@@H]1C[C@@H](O)CN1,0.092003,O=C(Nc1ccccc1O)[C@@H]1C[C@@H](O)CN1,0.006486
CNCCN(Cc1ccnc(Br)c1)[C@@H](Cc1c[nH]c2ccccc12)CN1CCC[C@H](O)C1,0.952549,CNCC(=O)N(Cc1ccnc(Br)c1)[C@@H](Cc1c[nH]c2ccccc12)CN1CCC[C@H](O)C1,0.820091
N[C@H](Cc1ccc(O)cc1)CN1CCC1CNCCc1c[nH]c2ccccc12,0.999992,N[C@H](Cc1ccc(O)cc1)C(=O)N(CCc1c[nH]c2ccccc12)CC1CCN1,0.781899
NCCCN1CCCC(N(c2ccc(NCC3CCN3)c(O)c2)c2ccccc2S)C1,0.94756,NCCCN1CCCC(N(c2ccc(NC(=O)C3CCN3)c(O)c2)c2ccccc2S)C1,0.827818
CC[C@H](N)CN1CCC(CNC2CCC2)CC1,0.025608,CC[C@H](N)CN1CCC(C(=O)NC2CCC2)CC1,0.008221
NCCCN1CCCC(N(c2ccc(N)c(O)c2)c2ccccc2S)C1,0.894373,NCCC(=O)N1CCCC(N(c2ccc(N)c(O)c2)c2ccccc2S)C1,0.049355
c1cc(CCN(C[C@@H]2CCCN2)C2CCNC2)ccn1,0.721317,O=C([C@@H]1CCCN1)N(CCc1ccncc1)C1CCNC1,0.04677
CN(CCNc1ccc(C#N)cc1N)CC1CCN1,0.293747,CN(CCNc1ccc(C#N)cc1N)C(=O)C1CCN1,0.015661
C=CCN1CCC1CN(Cc1c[nH]c2cc(Br)ccc12)C1CC1,0.935483,C=CC(=O)N1CCC1CN(Cc1c[nH]c2cc(Br)ccc12)C1CC1,0.635685
Nc1c(F)cccc1CN1CCC(CN2CCC[C@@H]2CNc2ccnc3ccccc23)CC1,0.950611,Nc1c(F)cccc1CN1CCC(CN2CCC[C@@H]2C(=O)Nc2ccnc3ccccc23)CC1,0.851641
O=C(O)[C@@H](CCCNc1cc(Br)ccc1O)NCC1CCNCC1,0.132273,O=C(CC[C@@H](NCC1CCNCC1)C(=O)O)Nc1cc(Br)ccc1O,0.024934
N#Cc1cc(N)cc(N2CCC[C@@H]2CNC2CC2)c1,0.098029,N#Cc1cc(N)cc(N2CCC[C@@H]2C(=O)NC2CC2)c1,0.012596
N#Cc1ccc(O)c(NCCCNCCN)c1,0.584734,N#Cc1ccc(O)c(NCCCNC(=O)CN)c1,0.030067
N[C@@H](CO)CN(CCc1ccncc1)C1CCN(CCC=O)C1,0.389567,N[C@@H](CO)C(=O)N(CCc1ccncc1)C1CCN(CCC=O)C1,0.116387
C[C@H](N)CN(CC[C@H](N)C(=O)O)C1CC1,0.0289,C[C@H](N)CN(C(=O)C[C@H](N)C(=O)O)C1CC1,0.003763
Fc1cccc(CN2CCC(CN3CCC(N(CCBr)c4cccc5cc[nH]c45)CC3)CC2)c1F,0.959414,O=C(CBr)N(c1cccc2cc[nH]c12)C1CCN(CC2CCN(Cc3cccc(F)c3F)CC2)CC1,0.708874
CC[C@H](N)CNCCN1CC(=O)C1,0.012346,CC[C@H](N)C(=O)NCCN1CC(=O)C1,0.003767
CN(CCN)CCNCCCCN,0.035271,CN(CCN)CC(=O)NCCCCN,0.012761
CC[C@H](N)CN[C@@H](C)CN(C)CC(=O)O,0.01225,CC[C@H](N)C(=O)N[C@@H](C)CN(C)CC(=O)O,0.00414
Oc1cc(Br)ccc1N(CC1CCN1)C[C@H]1CCCN1CCBr,0.808532,O=C(CBr)N1CCC1CN(C[C@H]1CCCN1)c1ccc(Br)cc1O,0.072025
C[C@@H](CNCCc1c[nH]c2ccc(O)cc12)N(Cc1ccc(N)c(Br)c1)C[C@@H](N)CCCN,0.987038,C[C@@H](C(=O)NCCc1c[nH]c2ccc(O)cc12)N(Cc1ccc(N)c(Br)c1)C[C@@H](N)CCCN,0.943866
COc1cccc(CN(CCNCC2CCN2)CC(=O)O)c1,0.088231,COc1cccc(CN(CCNC(=O)C2CCN2)CC(=O)O)c1,0.005139
NCCCN(CC1(N(CCCN)Cc2c[nH]c3ccc(F)cc23)CCC1)c1cccc(B(O)O)c1,0.897418,NCCCN(Cc1c[nH]c2ccc(F)cc12)C1(CN(C(=O)CCN)c2cccc(B(O)O)c2)CCC1,0.693272
NCCCN(CCC(=O)O)C1CCNC1,0.032463,NCCC(=O)N(CCC(=O)O)C1CCNC1,0.00447
CN(CCN1CCC(=O)CC1)c1c(F)cccc1CNCCc1c[nH]c2ccccc12,0.996935,CN(CCN1CCC(=O)CC1)c1c(F)cccc1C(=O)NCCc1c[nH]c2ccccc12,0.989163
COc1cccc2c1CCNC2CCNCCN1CCC1C(=O)O,0.582352,COc1cccc2c1CCN(C(=O)C1CCN1)C2CCNCC(=O)O,0.08919
CC[C@@H](CN1CC(=O)C1)NCCCN,0.026482,CC[C@H](NCCCN)C(=O)N1CC(=O)C1,0.002479
CC[C@@H](CNCCc1ccc(O)cc1)NCc1ccc(N)c(Br)c1,0.979532,CC[C@H](NCc1ccc(N)c(Br)c1)C(=O)NCCc1ccc(O)cc1,0.243807
N[C@H](Cc1c[nH]c2ccccc12)CN1CC(N(Cc2ccc(F)cc2)[C@@H]2CCCC[C@@H]2O)C1,0.987386,N[C@H](Cc1c[nH]c2ccccc12)CN1CC(N(C(=O)c2ccc(F)cc2)[C@@H]2CCCC[C@@H]2O)C1,0.924085
NCCN(Cc1ccc(N)c(Br)c1)c1c(F)cccc1C(=O)O,0.037549,NCCN(C(=O)c1ccc(N)c(Br)c1)c1c(F)cccc1C(=O)O,0.011153
C[C@@H](N)CNc1c(F)cccc1C(=O)O,0.005104,C[C@@H](N)C(=O)Nc1c(F)cccc1C(=O)O,0.000365
NCCN(C1CC1)C1CCCN(C(=O)c2cccc(F)c2F)C1,0.095332,NCC(=O)N(C1CC1)C1CCCN(C(=O)c2cccc(F)c2F)C1,0.005361
O=CCN1CC(CNc2cc(F)ccc2O)C1,0.014312,O=CCN1CC(C(=O)Nc2cc(F)ccc2O)C1,0.000643
CNCCNCCNCCc1ccccc1,0.346872,CNCC(=O)NCCNCCc1ccccc1,0.263999
NC1(CN2CCC2CN2CC(C(=O)O)C2)CCC1,0.026874,NC1(C(=O)N2CCC2CN2CC(C(=O)O)C2)CCC1,0.006776
CN(CCN1CCc2ccc(O)cc2C1c1cccc(Br)c1)CC1CCN1,0.999986,CN(CCN1CCc2ccc(O)cc2C1c1cccc(Br)c1)C(=O)C1CCN1,0.982317
CNCCN(CC(CBr)N1CC(NCCc2ccc(O)cc2)C1)c1cc(F)c(F)cc1O,0.968329,CNCC(=O)N(CC(CBr)N1CC(NCCc2ccc(O)cc2)C1)c1cc(F)c(F)cc1O,0.948828
Nc1cc(F)c(F)cc1OC(=O)CNCC1CCN1,0.110529,NCC(=O)Oc1cc(F)c(F)cc1NC(=O)C1CCN1,0.010039
CCCN1CCC(N[C@H](C)CNc2cccc3cc[nH]c23)C1,0.71907,CCCN1CCC(N[C@H](C)C(=O)Nc2cccc3cc[nH]c23)C1,0.220046
N#Cc1cc(Br)cc(NCCNC2CCNCC2)c1,0.217644,N#Cc1cc(Br)cc(NC(=O)CNC2CCNCC2)c1,0.057708
COc1cccc(CNCC2CCN2CCN)c1,0.577936,COc1cccc(CN(CC2CCN2)C(=O)CN)c1,0.045685
C#Cc1ccccc1CCN(Cc1c[nH]c2cc(Br)ccc12)C[C@@H]1CCCN1CCN,0.999997,C#Cc1ccccc1CCN(Cc1c[nH]c2cc(Br)ccc12)C[C@@H]1CCCN1C(=O)CN,0.970748
CNCCN(CCCN1CCC[C@@H]1CNc1ccc(Br)cc1O)Cc1c[nH]c2ccc(Br)cc12,0.98238,CNCC(=O)N(CCCN1CCC[C@@H]1CNc1ccc(Br)cc1O)Cc1c[nH]c2ccc(Br)cc12,0.952118
CC[C@@H](CNc1cccc2cc[nH]c12)N(Cc1ccc(F)cc1)C1CCCNC1,0.939566,CC[C@@H](C(=O)Nc1cccc2cc[nH]c12)N(Cc1ccc(F)cc1)C1CCCNC1,0.749855
N[C@H](CCNC1CCC1)CN1CC(=O)C1,0.02361,N[C@H](CC(=O)NC1CCC1)CN1CC(=O)C1,0.005112
Brc1cc(C2c3cccc(Br)c3CCN2C[C@@H]2CCCN2)ccn1,0.98654,O=C([C@@H]1CCCN1)N1CCc2c(Br)cccc2C1c1ccnc(Br)c1,0.225222
NCC#Cc1ccc(N(CCCN)CC2CCN2CCBr)cc1,0.188335,NCC#Cc1ccc(N(CCCN)CC2CCN2C(=O)CBr)cc1,0.01492
Oc1ccc(CCNCCN(CCc2ccc(O)cc2)C2CCNCC2)cc1,0.936197,O=C(CN(CCc1ccc(O)cc1)C1CCNCC1)NCCc1ccc(O)cc1,0.703608
Nc1ccc(CNC2(CN(C[C@H]3CCCN3)C3CC3)CCC2)cc1Br,0.844085,Nc1ccc(CN(C(=O)[C@H]2CCCN2)C2(CNC3CC3)CCC2)cc1Br,0.12079
O=C1CCN(CC2CN(c3cc(F)ccc3C(CCl)N(CCBr)CCc3ccc(O)cc3)C2)C1,0.830742,O=C1CCN(CC2CN(c3cc(F)ccc3C(CCl)N(CCc3ccc(O)cc3)C(=O)CBr)C2)C1,0.660559
CCCN(CCc1ccccc1Br)C[C@H](CC)NCC1CCN1,0.856104,CCCN(CCc1ccccc1Br)C[C@H](CC)NC(=O)C1CCN1,0.5
C=CCN(CCCNCCNc1cc(Br)ccc1O)CCc1ccc(O)cc1,0.969762,C=CC(=O)N(CCCNCCNc1cc(Br)ccc1O)CCc1ccc(O)cc1,0.63138
Nc1c(Br)cccc1N(Cc1c[nH]c2ccc(Br)cc12)C[C@@H]1CCCN1,0.843635,Nc1c(Br)cccc1N(Cc1c[nH]c2ccc(Br)cc12)C(=O)[C@@H]1CCCN1,0.868886
CNCCN(CCC1=NCCc2ccc(O)cc21)CC1CCN1,0.781131,CN(CCNCCC1=NCCc2ccc(O)cc21)C(=O)C1CCN1,0.06361
N[C@H](CCNCCc1ccccc1)C(=O)O,0.236681,N[C@H](CC(=O)NCCc1ccccc1)C(=O)O,0.001708
C[C@H](N)CN(c1ccccc1O)C1CNC1,0.231669,C[C@H](N)C(=O)N(c1ccccc1O)C1CNC1,0.180364
N[C@H](CS)CN1CCC[C@@H]1CNCCc1ccc(O)cc1,0.945622,N[C@H](CS)CN1CCC[C@@H]1C(=O)NCCc1ccc(O)cc1,0.411161
NCCN1CCC(CN2CC(N(Cc3ccc(F)cc3)c3ccc(Br)cc3O)C2)CC1,0.981928,NCC(=O)N1CCC(CN2CC(N(Cc3ccc(F)cc3)c3ccc(Br)cc3O)C2)CC1,0.904165
C[C@@H](N)CN1CCC1CN(c1ccc(Br)cc1)C1CCCNC1,0.441603,C[C@@H](N)C(=O)N1CCC1CN(c1ccc(Br)cc1)C1CCCNC1,0.027103
O=C1CCN(CCBr)CC1,0.017813,O=C1CCN(C(=O)CBr)CC1,0.00274
NCCCN1CCC1CN(Cc1c[nH]c2cc(Br)ccc12)c1cccc(Br)c1O,0.996732,NCCC(=O)N1CCC1CN(Cc1c[nH]c2cc(Br)ccc12)c1cccc(Br)c1O,0.619242
Brc1ccc2[nH]cc(CN3CCCC(N(CCc4ccncc4)CC4CCN4)C3)c2c1,0.993702,O=C(C1CCN1)N(CCc1ccncc1)C1CCCN(Cc2c[nH]c3ccc(Br)cc23)C1,0.896794
C[C@@H](N)CNCCc1ccncc1,0.225205,C[C@@H](N)C(=O)NCCc1ccncc1,0.006493
NCCCN1CCCC(N(Cc2ccc(O)cc2)Cc2c[nH]c3ccc(Br)cc23)C1,0.999989,NCCC(=O)N1CCCC(N(Cc2ccc(O)cc2)Cc2c[nH]c3ccc(Br)cc23)C1,0.828715
O=C1CCN(CCN2CCC(=O)C2)CC1,0.026103,O=C1CCN(CC(=O)N2CCC(=O)C2)CC1,0.008734
OC[C@H]1CCCN1CC1CCN1,0.090284,O=C(C1CCN1)N1CCC[C@@H]1CO,0.004601
NCCCN1CCC[C@@H]1CN1CCCC(=O)C1,0.042779,NCCCN1CCC[C@@H]1C(=O)N1CCCC(=O)C1,0.006703
Brc1ccccc1CCN(CC1CCN1)C[C@@H]1CCCN1,0.710575,O=C([C@@H]1CCCN1)N(CCc1ccccc1Br)CC1CCN1,0.064634
C[C@@H](N)CN(C)CC(=O)Oc1c(N)cccc1Br,0.0058,C[C@@H](N)C(=O)N(C)CC(=O)Oc1c(N)cccc1Br,0.000452
CN(CCN1CCCC(N(Cc2ccc(N)c(Br)c2)c2ccccn2)C1)Cc1cccc(F)c1F,0.958621,CN(CCN1CCCC(N(Cc2ccc(N)c(Br)c2)c2ccccn2)C1)C(=O)c1cccc(F)c1F,0.931999
C[C@@H](CNCc1ccc(O)cc1)N(CCCN)CC1CCN1,0.826209,C[C@@H](C(=O)NCc1ccc(O)cc1)N(CCCN)CC1CCN1,0.396792
NCCCN1CCC1CNc1cccc2cc[nH]c12,0.70579,NCCCN1CCC1C(=O)Nc1cccc2cc[nH]c12,0.081144
CN(CCN(Cc1c[nH]c2ccc(Br)cc12)c1ccc(Br)cc1O)C[C@@H]1CCCN1,0.999995,CN(CCN(Cc1c[nH]c2ccc(Br)cc12)c1ccc(Br)cc1O)C(=O)[C@@H]1CCCN1,0.809261
N[C@@H](CC(=O)O)CN1CCC[C@@H](O)C1,0.016924,N[C@@H](CC(=O)N1CCC[C@@H](O)C1)C(=O)O,0.002675
CN(CCNc1ccc(Br)cc1)CC1(N)CCC1,0.066235,CN(CC(=O)Nc1ccc(Br)cc1)CC1(N)CCC1,0.001047
C[C@H](N)CN(C)CCN1CCCC(N(Cc2c[nH]c3ccc(Br)cc23)c2ccc(Br)cc2N)C1,0.991039,C[C@H](N)C(=O)N(C)CCN1CCCC(N(Cc2c[nH]c3ccc(Br)cc23)c2ccc(Br)cc2N)C1,0.982366
COc1ccccc1CNCCBr,0.006792,COc1ccccc1CNC(=O)CBr,0.000321
CNCCN(CCNCC1CCN1)c1cccc(Br)c1O,0.245651,CNCCN(CCNC(=O)C1CCN1)c1cccc(Br)c1O,0.05629
Nc1ccc(CN2CCC(N[C@H](CS)CNCCc3c[nH]c4ccccc34)C2)cc1Br,0.987969,Nc1ccc(C(=O)N(C2CCNC2)[C@H](CS)CNCCc2c[nH]c3ccccc23)cc1Br,0.646277
C#CCNCc1ccc(F)cc1,0.010772,C#CCNC(=O)c1ccc(F)cc1,0.00037
Oc1ccc2c(c1)C(CNC1CC1)N[C@@H](CNC1CC1)C2,0.516639,O=C(NC1CC1)C1N[C@@H](CNC2CC2)Cc2ccc(O)cc21,0.435447
CN(CCN(Cc1ccc(F)cc1)c1cc(Br)ccc1O)C1CCCN(CCBr)C1,0.993562,CN(CCN(Cc1ccc(F)cc1)c1cc(Br)ccc1O)C1CCCN(C(=O)CBr)C1,0.811343
NCCCN(C[C@@H]1CCCNC1)c1ccc(Br)cc1O,0.164773,NCCC(=O)N(C[C@@H]1CCCNC1)c1ccc(Br)cc1O,0.284826
N#Cc1cc(NCC=O)cc(N2CCN(C3CN(Cc4c[nH]c5cc(Br)ccc45)C3)CC2)c1,0.991795,N#Cc1cc(NC(=O)C=O)cc(N2CCN(C3CN(Cc4c[nH]c5cc(Br)ccc45)C3)CC2)c1,0.90029
C=CCN(CCNc1ccccc1S)C[C@H]1CCCN1,0.336997,C=CCN(CC(=O)Nc1ccccc1S)C[C@H]1CCCN1,0.020422
CCCN(CCNCCc1ccccc1Br)CC1CCN1c1ccc2c(C=O)c[nH]c2c1,0.996713,CCCN(CC(=O)NCCc1ccccc1Br)CC1CCN1c1ccc2c(C=O)c[nH]c2c1,0.803033
C#CCNC[C@H](CC)NC[C@H](N)Cc1ccc(O)cc1,0.582217,C#CCNC(=O)[C@H](CC)NC[C@H](N)Cc1ccc(O)cc1,0.161069
Nc1ccc(CN2CCC(N3CCc4c(Br)cccc4C3C(=O)O)C2)cc1Br,0.967556,Nc1ccc(C(=O)N2CCC(N3CCc4c(Br)cccc4C3C(=O)O)C2)cc1Br,0.625931
COc1ccc(N)c(N(Cc2c[nH]c3cc(Br)ccc23)C2CCCN(C[C@H]3CCCN3)C2)c1,0.995345,COc1ccc(N)c(N(Cc2c[nH]c3cc(Br)ccc23)C2CCCN(C(=O)[C@H]3CCCN3)C2)c1,0.359622
CN(CCNCCc1ccccc1Br)C[C@@H](Cc1c[nH]c2ccccc12)NCCCN,0.89629,CN(CCNCCc1ccccc1Br)C[C@@H](Cc1c[nH]c2ccccc12)NC(=O)CCN,0.772869
N#Cc1cc(Br)cc(NCCNCC2CNC2)c1,0.2067,N#Cc1cc(Br)cc(NC(=O)CNCC2CNC2)c1,0.068752
O=C(O)[C@H]1CCCN1CC1NCCc2ccccc21,0.590524,O=C(O)C1c2ccccc2CCN1C(=O)[C@H]1CCCN1,0.009486
C=CCN(CCc1ccccc1Br)C[C@@H]1CCCN1CCC=O,0.539469,C=CC(=O)N(CCc1ccccc1Br)C[C@@H]1CCCN1CCC=O,0.189657
OC[C@H](CN1CCC1CNCCc1ccccc1)N(Cc1ccc(F)cc1)C1CCC1,0.835964,O=C(NCCc1ccccc1)C1CCN1C[C@@H](CO)N(Cc1ccc(F)cc1)C1CCC1,0.278052
NCCCN[C@H](CS)C(=O)O,0.008522,NCCC(=O)N[C@H](CS)C(=O)O,0.00197
COc1cccc2c1CCNC2CNCCCCN,0.724326,COc1cccc2c1CCNC2C(=O)NCCCCN,0.176578
CC(C)(NC[C@@H](N)CCCNc1ccnc2ccccc12)C(=O)O,0.031118,CC(C)(NC[C@@H](N)CCC(=O)Nc1ccnc2ccccc12)C(=O)O,0.00202
C=CCN1CCC[C@@H]1CN(CCN)c1ccccc1O,0.302886,C=CCN1CCC[C@@H]1CN(C(=O)CN)c1ccccc1O,0.770765
CNCCN(CCCNc1ccc(Br)cc1O)C[C@@H]1CCCN1,0.558436,CNCC(=O)N(CCCNC[C@@H]1CCCN1)c1ccc(Br)cc1O,0.260086
COc1ccccc1CCNCC1CN(CCCNCCc2ccc(O)cc2)C1,0.991214,COc1ccccc1CCNCC1CN(CCC(=O)NCCc2ccc(O)cc2)C1,0.936883
COc1ccccc1CCN(Cc1c[nH]c2cc(Br)ccc12)C[C@@H](C)N,0.986552,COc1ccccc1CCN(Cc1c[nH]c2cc(Br)ccc12)C(=O)[C@@H](C)N,0.291106
Brc1cccc(CNCCNCCc2ccccc2)c1,0.549571,O=C(CNCc1cccc(Br)c1)NCCc1ccccc1,0.020701
C[C@H](O)CN(C[C@@H]1CCCN1)C(CCl)c1ccc(Br)cc1,0.173376,C[C@H](O)CN(C(=O)[C@@H]1CCCN1)C(CCl)c1ccc(Br)cc1,0.012575
NCCCN(c1ccccc1O)C1CN(C[C@@H](CO)NCc2ccc(N)c(O)c2)C1,0.8261,NCCC(=O)N(Cc1ccc(N)c(O)c1)[C@H](CO)CN1CC(Nc2ccccc2O)C1,0.154884
N[C@H](CS)CN1CCC(C(=O)O)CC1,0.024975,N[C@H](CS)C(=O)N1CCC(C(=O)O)CC1,0.003618
CCCN(CCc1ccc(O)cc1)Cc1c[nH]c2cc(N3CCN(C[C@@H](N)Cc4cccs4)CC3)ccc12,0.978388,CCCN(CCc1ccc(O)cc1)Cc1c[nH]c2cc(N3CCN(C(=O)[C@@H](N)Cc4cccs4)CC3)ccc12,0.507106
Brc1ccc2[nH]cc(CN3CCC[C@@H]3CNc3cccnc3Br)c2c1,0.896393,O=C(Nc1cccnc1Br)[C@H]1CCCN1Cc1c[nH]c2ccc(Br)cc12,0.416322
CN(CC(=O)Oc1ccc(Br)cc1N)C[C@@H]1CCCN1,0.05138,CN(CC(=O)Oc1ccc(Br)cc1N)C(=O)[C@@H]1CCCN1,0.002655
Nc1c(F)cccc1CN(c1ccc(Br)cc1)C1CN(C2CCCN(C(CCl)c3ccc(F)cc3)C2)C1,0.883534,Nc1c(F)cccc1C(=O)N(c1ccc(Br)cc1)C1CN(C2CCCN(C(CCl)c3ccc(F)cc3)C2)C1,0.705081
C[C@H](NCc1ccc(F)cc1)C(=O)O,0.000951,C[C@H](NC(=O)c1ccc(F)cc1)C(=O)O,0.000167
O=C1CN(CC(CBr)N2CC(=O)C2)C1,0.018269,O=C1CN(C(=O)C(CBr)N2CC(=O)C2)C1,0.004198
CNCCN1CCCC(N(Cc2c[nH]c3ccc(Br)cc23)c2cc(C#N)ccc2O)C1,0.997098,CNCC(=O)N1CCCC(N(Cc2c[nH]c3ccc(Br)cc23)c2cc(C#N)ccc2O)C1,0.490747
N[C@H](Cc1c[nH]c2ccccc12)CN1CCC1CNc1ccc(Br)cc1,0.92994,N[C@H](Cc1c[nH]c2ccccc12)CN1CCC1C(=O)Nc1ccc(Br)cc1,0.249274
O=C(CBr)CNC1CC1,0.004641,O=C(CBr)C(=O)NC1CC1,0.00115
O[C@H]1CCCN(CCCN(Cc2c[nH]c3ccc(Br)cc23)C2CCC2)C1,0.928893,O=C(CCN(Cc1c[nH]c2ccc(Br)cc12)C1CCC1)N1CCC[C@H](O)C1,0.232688
BrCCN1CCCC(Nc2cc(Br)ccc2N(Cc2c[nH]c3cc(Br)ccc23)C[C@@H]2CCCN2)C1,0.983378,O=C(CBr)N(c1cc(Br)ccc1N(Cc1c[nH]c2cc(Br)ccc12)C[C@@H]1CCCN1)C1CCCNC1,0.690858
Oc1ccc(F)cc1N(CC1CCN1)C1CCNCC1,0.333211,O=C(C1CCN1)N(c1cc(F)ccc1O)C1CCNCC1,0.145204
C[C@@H](CNc1ccccc1O)N(CCN(C)Cc1ccc(F)cc1)C[C@@H](N)Cc1ccc(O)cc1,0.623562,CNCCN(C[C@@H](N)Cc1ccc(O)cc1)[C@@H](C)CN(C(=O)c1ccc(F)cc1)c1ccccc1O,0.538293
N[C@@H](CCN(C[C@H]1CCCN1)c1cc(F)ccc1O)C(=O)O,0.076162,N[C@@H](CC(=O)N(C[C@H]1CCCN1)c1cc(F)ccc1O)C(=O)O,0.053028
N[C@H](CCN1CCC1C(=O)O)CNc1cc(Br)ccc1O,0.113529,N[C@H](CCN1CCC1C(=O)Nc1cc(Br)ccc1O)C(=O)O,0.012313
N[C@H](CCCN1CCC(Nc2ccc(Br)cc2)C1)CNCCc1ccc(O)cc1,0.988307,N[C@H](CCCN1CCC(Nc2ccc(Br)cc2)C1)C(=O)NCCc1ccc(O)cc1,0.856361
Nc1ccc(CN(CC(=O)O)CC2CCN2)cc1Br,0.054163,Nc1ccc(C(=O)N(CC(=O)O)CC2CCN2)cc1Br,0.01367
NCCN1CCC[C@H]1CN1CC(=O)C1,0.039039,NCCN1CCC[C@H]1C(=O)N1CC(=O)C1,0.01011
CC(C)(N)CN(Cc1cccc(O)c1N)C1CC1,0.220762,CC(C)(N)CN(C(=O)c1cccc(O)c1N)C1CC1,0.033299
CC[C@@H](CN[C@@H](C)c1ccccc1)NC(C)CCl,0.039648,CC[C@H](NC(C)CCl)C(=O)N[C@@H](C)c1ccccc1,0.00453
NCCNc1ccc(C(=O)O)cc1Br,0.019062,NCC(=O)Nc1ccc(C(=O)O)cc1Br,0.000984
Oc1ccc(CN(Cc2c[nH]c3ccccc23)C2CCCN(CC3CCN3)C2)cc1,0.990464,O=C(C1CCN1)N1CCCC(N(Cc2ccc(O)cc2)Cc2c[nH]c3ccccc23)C1,0.705772
c1ccc(CCN(CC2CCN2)C[C@H]2CCCN2)cc1,0.490805,O=C(C1CCN1)N(CCc1ccccc1)C[C@H]1CCCN1,0.047972
C[C@H](CN(CCc1ccccc1Br)CC1CCN1)NCC1(N)CCC1,0.72917,C[C@H](CN(CCc1ccccc1Br)CC1CCN1)NC(=O)C1(N)CCC1,0.538795
C=CCN1CCC[C@@H]1CN(C)CCN(Cc1c[nH]c2ccc(Br)cc12)c1cc(Br)ccc1O,0.999982,C=CC(=O)N1CCC[C@@H]1CN(C)CCN(Cc1c[nH]c2ccc(Br)cc12)c1cc(Br)ccc1O,0.964903
Nc1c(F)cccc1CN(CCc1c[nH]c2ccccc12)C1CCN(CCC=O)C1,0.995636,Nc1c(F)cccc1C(=O)N(CCc1c[nH]c2ccccc12)C1CCN(CCC=O)C1,0.978182
NCCCN1CCC(CN(Cc2c[nH]c3ccc(Br)cc23)c2ccc(F)nc2Br)CC1,0.975909,NCCC(=O)N1CCC(CN(Cc2c[nH]c3ccc(Br)cc23)c2ccc(F)nc2Br)CC1,0.220781
NCCN1CCCC(N2CC(CNc3ccccc3S)C2)C1,0.302027,NCC(=O)N(CC1CN(C2CCCNC2)C1)c1ccccc1S,0.511262
CNCCN(CC=O)CCc1ccccc1Br,0.024985,CN(CCNCCc1ccccc1Br)C(=O)C=O,0.004965
N[C@@H](CS)CN(c1cccc2cc[nH]c12)C1CCN(C[C@@H]2CCCN2)CC1,0.784077,N[C@@H](CS)CN(c1cccc2cc[nH]c12)C1CCN(C(=O)[C@@H]2CCCN2)CC1,0.095357
C=CCN(c1ccccc1CCNCC1CCN1)C1CCN(Cc2c[nH]c3cc(Br)ccc23)CC1,0.980668,C=CCN(c1ccccc1CCNC(=O)C1CCN1)C1CCN(Cc2c[nH]c3cc(Br)ccc23)CC1,0.947653
C=CCNCCN(C)c1cccc(C2c3cccc(OC)c3CCN2CC2CCNCC2)c1,0.570111,C=CCN(CCN(C)c1cccc(C2NCCc3c(OC)cccc32)c1)C(=O)C1CCNCC1,0.059354
C=CCNc1ccc(N2CCC[C@@H](O)C2)cc1,0.008425,C=CC(=O)Nc1ccc(N2CCC[C@@H](O)C2)cc1,0.000715
COc1cccc(CN(Cc2c[nH]c3ccc(Cl)cc23)CC2(NCC3CCN3)CCC2)c1,0.984393,COc1cccc(CN(Cc2c[nH]c3ccc(Cl)cc23)CC2(NC(=O)C3CCN3)CCC2)c1,0.882221
CN(CCNCCc1c[nH]c2ccc(O)cc12)CCN(C)c1ccccc1CCN,0.999985,CN(CCN(C)c1ccccc1CCN)CC(=O)NCCc1c[nH]c2ccc(O)cc12,0.912489
Oc1ccc(CNC[C@H]2CCCN2C2CCCNC2)cc1,0.812889,O=C(NCc1ccc(O)cc1)[C@H]1CCCN1C1CCCNC1,0.463988
C[C@@H](N)CN1CCC(N(CCC[C@@H](N)CNc2cc(F)ccc2O)c2ccc(Br)cc2O)C1,0.922712,C[C@@H](N)CN1CCC(N(CCC[C@@H](N)C(=O)Nc2cc(F)ccc2O)c2ccc(Br)cc2O)C1,0.79176
Fc1ccc(CN2CCCC(N(c3cccnc3Br)C3CCNCC3)C2)cc1,0.97351,O=C(c1ccc(F)cc1)N1CCC(N(c2cccnc2Br)C2CCCNC2)CC1,0.220095
C=CCN(c1cc(Br)ccc1N)C1CN(CC2CCN2Cc2ccc(N)c(Br)c2)C1,0.938956,C=CC(=O)N(c1cc(Br)ccc1N)C1CN(CC2CCN2Cc2ccc(N)c(Br)c2)C1,0.837455
N#Cc1ccc2[nH]cc(CN3CCC(N4CCCC(N(CCN)c5ccccc5S)C4)CC3)c2c1,0.981538,N#Cc1ccc2[nH]cc(CN3CCC(N4CCCC(N(C(=O)CN)c5ccccc5S)C4)CC3)c2c1,0.917769
NCCCN1CCC[C@@H]1CN1CCC1CNc1ccccn1,0.593793,NCCCN1CCC[C@@H]1CN1CCC1C(=O)Nc1ccccn1,0.223645
O=C(O)C1CN(C[C@@H](Cc2ccc(O)cc2)NC2CNC2)C1,0.576234,O=C(O)C1CN(C(=O)[C@@H](Cc2ccc(O)cc2)NC2CNC2)C1,0.312246
C#CCNCCCN,0.022272,C#CCNC(=O)CCN,0.003115
CC(C)C[C@H](N)CN[C@H](CO)CNC12CC(C1)C2,0.007163,CC(C)C[C@H](N)C(=O)N[C@H](CO)CNC12CC(C1)C2,0.00215
CNCCN1CC(N(c2ccccn2)C2CNC2)C1,0.152654,CNCC(=O)N1CC(N(c2ccccn2)C2CNC2)C1,0.048942
NCCCN1CCC(N2CC(N(Cc3c[nH]c4ccc(Br)cc34)c3cc(F)ccc3O)C2)C1,0.993466,NCCC(=O)N1CCC(N2CC(N(Cc3c[nH]c4ccc(Br)cc34)c3cc(F)ccc3O)C2)C1,0.980423
CC[C@H](C)[C@H](N)CN[C@@H]1CCCC[C@@H]1O,0.006046,CC[C@H](C)[C@H](N)C(=O)N[C@@H]1CCCC[C@@H]1O,0.001382
COc1ccc(N)c(N(c2ccc3[nH]cc(C=O)c3c2)C2CCCN(CC3CCN3)C2)c1,0.965334,COc1ccc(N)c(N(c2ccc3[nH]cc(C=O)c3c2)C2CCCN(C(=O)C3CCN3)C2)c1,0.092706
NCCc1ccccc1C#CCN(CC=O)Cc1ccc(NCC2CCNCC2)c(Br)c1,0.699702,NCCc1ccccc1C#CCN(Cc1ccc(NCC2CCNCC2)c(Br)c1)C(=O)C=O,0.144281
NCCCN1CCC1CN(Cc1ccc(O)c(N)c1)c1cc(F)ccc1O,0.978594,NCCC(=O)N1CCC1CN(Cc1ccc(O)c(N)c1)c1cc(F)ccc1O,0.468022
CC[C@H](N)CN(CCBr)CCC[C@H](N)C(=O)O,0.043495,CC[C@H](N)CN(CCC[C@H](N)C(=O)O)C(=O)CBr,0.002405
C=CCN(C[C@@H](N)CS)[C@@H](CS)CN1CCc2c(OC)cccc2C1c1c[nH]c2cc(Br)ccc12,0.939322,C=CC(=O)N(C[C@@H](N)CS)[C@@H](CS)CN1CCc2c(OC)cccc2C1c1c[nH]c2cc(Br)ccc12,0.64277
C#CCNC[C@@H](N)Cc1ccc(O)cc1,0.802551,C#CCNC(=O)[C@@H](N)Cc1ccc(O)cc1,0.036541
NCCCN(C[C@@H]1CCCN1Cc1c[nH]c2cc(Br)ccc12)c1ccccc1O,0.996218,NCCC(=O)N(C[C@@H]1CCCN1Cc1c[nH]c2cc(Br)ccc12)c1ccccc1O,0.992599
N[C@H](CCNc1ccccc1O)CN1CCC[C@@H]1C(=O)O,0.100346,N[C@H](CCN(C(=O)[C@H]1CCCN1)c1ccccc1O)C(=O)O,0.117199
Oc1ccc(CN(C[C@H]2CCCN2)C(CCl)c2ccc(F)cc2)cc1,0.856471,O=C([C@H]1CCCN1)N(Cc1ccc(O)cc1)C(CCl)c1ccc(F)cc1,0.17924
C[C@@H](O)[C@H](N)CN(CCc1ccc(O)cc1)CC1CCN1,0.645635,C[C@@H](O)[C@H](N)CN(CCc1ccc(O)cc1)C(=O)C1CCN1,0.109923
Oc1cc(Br)ccc1NC1CCN(CC2CCN2)C1,0.347237,O=C(C1CCN1)N(c1ccc(Br)cc1O)C1CCNC1,0.187904
C#CCN(C[C@H](C)N)CC1(NCc2ccc(N)c(Br)c2)CCC1,0.749178,C#CCN(C[C@H](C)N)CC1(NC(=O)c2ccc(N)c(Br)c2)CCC1,0.741664
COc1cccc2c1CCN(CCCNCC(=O)CBr)C2c1c[nH]c2ccc(F)cc12,0.997411,COc1cccc2c1CCN(CCCNC(=O)C(=O)CBr)C2c1c[nH]c2ccc(F)cc12,0.705439
Oc1ccc2c(c1)C(CNc1cc(Br)ccc1O)NCC2,0.966275,O=C(Nc1cc(Br)ccc1O)C1NCCc2ccc(O)cc21,0.666153
Fc1ccc(C(CCl)N2CCCC(N(CC3CCN3Cc3cccc(F)n3)c3ccccn3)C2)cc1,0.938538,O=C(c1cccc(F)n1)N1CCC1CN(c1ccccn1)C1CCCN(C(CCl)c2ccc(F)cc2)C1,0.777267
C=CCN(CCc1ccccc1Br)C[C@@H]1CCCN1Cc1c[nH]c2ccc(Br)cc12,0.997213,C=CC(=O)N(CCc1ccccc1Br)C[C@@H]1CCCN1Cc1c[nH]c2ccc(Br)cc12,0.958636
Oc1ccccc1NCC1CCN1C[C@@H]1C[C@@H](O)CN1Cc1c[nH]c2ccccc12,0.819115,O=C(Nc1ccccc1O)C1CCN1C[C@@H]1C[C@@H](O)CN1Cc1c[nH]c2ccccc12,0.258379
COc1cccc(CN(CCCN)CC(CBr)N(C[C@@H]2CCCNC2)c2ccccc2O)c1,0.900541,COc1cccc(CN(CCCN)CC(CBr)N(C(=O)[C@@H]2CCCNC2)c2ccccc2O)c1,0.417908
Sc1ccccc1NCC1CN(C2CCN(Cc3c[nH]c4cc(Br)ccc34)C2)C1,0.984431,O=C(Nc1ccccc1S)C1CN(C2CCN(Cc3c[nH]c4cc(Br)ccc34)C2)C1,0.75506
C[C@H](C(=O)O)N(CC1CCN1)C1CCCNC1,0.017868,C[C@@H](NC1CCCN(C(=O)C2CCN2)C1)C(=O)O,0.002801
NCCCN(C[C@H]1CCCN1C[C@H](N)CS)c1cccc(Br)c1O,0.469366,NCCCN(C[C@H]1CCCN1C(=O)[C@H](N)CS)c1cccc(Br)c1O,0.014206
Fc1ccc(NC2CCN(CC3CNC3)C2)c(Br)n1,0.221909,O=C(C1CNC1)N(c1ccc(F)nc1Br)C1CCNC1,0.082885
NCCN(C[C@@H]1CCCN1)c1ccccc1O,0.21299,NCC(=O)N(C[C@@H]1CCCN1)c1ccccc1O,0.343438
NCCN(CCN1CCC(NCc2ccccc2O)CC1)c1cc(F)c(F)cc1O,0.994558,NCC(=O)N(CCN1CCC(NCc2ccccc2O)CC1)c1cc(F)c(F)cc1O,0.986658
C[C@H](CNCCc1ccc(O)cc1)NCC1CCN1,0.846506,C[C@@H](NCC1CCN1)C(=O)NCCc1ccc(O)cc1,0.236969
C[C@@H](O)CN(c1cc(Br)ccc1O)C1CCN(CCN(C)Cc2cccc(F)c2N)CC1,0.925391,C[C@@H](O)C(=O)N(c1cc(Br)ccc1O)C1CCN(CCN(C)Cc2cccc(F)c2N)CC1,0.798668
COc1ccc(N(CCN)C2CCCN(C3CN(Cc4c[nH]c5ccc(F)cc45)C3)C2)c(N)c1,0.994803,COc1ccc(N(C(=O)CN)C2CCCN(C3CN(Cc4c[nH]c5ccc(F)cc45)C3)C2)c(N)c1,0.976394
Oc1ccc(F)cc1NCC1CCN(C[C@@H]2CCCN2)CC1,0.80092,O=C([C@@H]1CCCN1)N(CC1CCNCC1)c1cc(F)ccc1O,0.247229
O=C1CN(CCN2C[C@H](O)C[C@H]2CNc2ccc(Br)cc2O)C1,0.05968,O=C1CN(CCN2C[C@H](O)C[C@H]2C(=O)Nc2ccc(Br)cc2O)C1,0.00554
O=C1CN(Cc2cccc(O)c2N(Cc2c[nH]c3ccc(Br)cc23)C[C@H]2CCCN2)C1,0.974773,O=C1CN(Cc2cccc(O)c2N(Cc2c[nH]c3ccc(Br)cc23)C(=O)[C@H]2CCCN2)C1,0.957368
NCCCN1CCCC(N(c2cccc(Br)c2O)C(CCl)c2ccc(F)cc2F)C1,0.991912,NCCC(=O)N1CCCC(N(c2cccc(Br)c2O)C(CCl)c2ccc(F)cc2F)C1,0.215907
C[C@H](N)CN(CCc1ccc(O)cc1)C1CCCNC1,0.959981,C[C@H](N)C(=O)N(CCc1ccc(O)cc1)C1CCCNC1,0.288304
NCCCNCCC[C@@H](CN(CCc1ccc(O)cc1)CC1CCN1)NCc1c[nH]c2ccc(Br)cc12,0.726003,NCCC(=O)NCCC[C@@H](CN(CCc1ccc(O)cc1)CC1CCN1)NCc1c[nH]c2ccc(Br)cc12,0.841978
CN(CCNc1cccc(Br)c1N)C[C@@H]1CCCN1,0.270797,CN(CCNc1cccc(Br)c1N)C(=O)[C@@H]1CCCN1,0.025336
Brc1ccccc1CCNCC1CNC1,0.489143,O=C(NCCc1ccccc1Br)C1CNC1,0.00633
Oc1ccccc1N(Cc1c[nH]c2cc(Br)ccc12)C[C@H]1CCCN1C1CCCN(CC2CCN2)C1,0.98873,O=C(C1CCN1)N1CCCC(N2CCC[C@@H]2CN(Cc2c[nH]c3cc(Br)ccc23)c2ccccc2O)C1,0.790447
CCCN1CC(CN(CCCNc2cc(C#N)ccc2O)Cc2c[nH]c3ccccc23)C1,0.969859,CCCN1CC(CN(CCC(=O)Nc2cc(C#N)ccc2O)Cc2c[nH]c3ccccc23)C1,0.807004
Oc1ccc(Br)cc1N(CCCNCc1cccc(Br)c1)C[C@H]1CCCN1,0.881137,O=C([C@H]1CCCN1)N(CCCNCc1cccc(Br)c1)c1cc(Br)ccc1O,0.704862
O[C@@H]1CCN(CC2CCN2CC2CCN2)C1,0.042739,O=C(C1CCN1CC1CCN1)N1CC[C@@H](O)C1,0.017641
C=CCN1CC(N(CC2NCCc3c(OC)cccc32)c2ccc(Br)cc2)C1,0.997189,C=CC(=O)N1CC(N(CC2NCCc3c(OC)cccc32)c2ccc(Br)cc2)C1,0.5
COc1ccccc1CCNCC1CCN(CCCNc2cc(F)ccc2O)CC1,0.997138,COc1ccccc1CCNC(=O)C1CCN(CCCNc2cc(F)ccc2O)CC1,0.874404
CC[C@@H](CN1CC(=O)C1)NC[C@@H]1CCCN1,0.027066,CC[C@H](NC[C@@H]1CCCN1)C(=O)N1CC(=O)C1,0.003142
Nc1c(Br)cccc1NCC1CN(CC2CCN2)C1,0.237138,Nc1c(Br)cccc1N(CC1CNC1)C(=O)C1CCN1,0.236437
c1ccc2c(CN(CC3CCN3)C3CCNCC3)c[nH]c2c1,0.670354,O=C(C1CCN1)N(Cc1c[nH]c2ccccc12)C1CCNCC1,0.220378
C=CCNC1CN(C[C@H](CO)NCc2ccccc2N)C1,0.106044,C=CCNC1CN(C[C@H](CO)NC(=O)c2ccccc2N)C1,0.054243
C[C@@H](CN1CCC[C@@H]1CO)Nc1ccc(N)c(O)c1,0.232607,C[C@H](Nc1ccc(N)c(O)c1)C(=O)N1CCC[C@@H]1CO,0.006259
C[C@@H](NC[C@H]1CCCN1C1CCCN(CC=O)C1)c1ccccc1,0.480161,C[C@@H](NC(=O)[C@H]1CCCN1C1CCCN(CC=O)C1)c1ccccc1,0.176388
Oc1ccc(C[C@H](CNC2CC2)NC2CCCNC2)cc1,0.537614,O=C(NC1CC1)[C@@H](Cc1ccc(O)cc1)NC1CCCNC1,0.397338
O=CCN(C[C@@H]1CCCN1)[C@H](CNCc1ccccc1O)Cc1c[nH]c2ccccc12,0.966301,O=CCN(C[C@@H]1CCCN1)[C@@H](Cc1c[nH]c2ccccc12)C(=O)NCc1ccccc1O,0.762988
N[C@H](CCCN1CCNCC1)CNCCc1c[nH]c2ccccc12,0.703062,N[C@H](CCCN1CCNCC1)C(=O)NCCc1c[nH]c2ccccc12,0.484304
O=CCN(CC1CCN(C[C@@H]2CCCN2)CC1)c1cccc2cc[nH]c12,0.718882,O=CCN(CC1CCN(C(=O)[C@@H]2CCCN2)CC1)c1cccc2cc[nH]c12,0.037738
CN(CCNc1ccc(Br)cc1O)CC1CNC1,0.250396,CN(CC(=O)Nc1ccc(Br)cc1O)CC1CNC1,0.011502
NCCC[C@H](N)CNC1CCC1,0.019736,NCCC[C@H](N)C(=O)NC1CCC1,0.005077
CNCCNc1cccc(Br)c1O,0.069894,CNCC(=O)Nc1cccc(Br)c1O,0.008758
O=Cc1c[nH]c2ccc(N(CC3CCN3)C3CC3)cc12,0.300504,O=Cc1c[nH]c2ccc(N(C(=O)C3CCN3)C3CC3)cc12,0.197799
Fc1ccc(C(CCl)N2CCC(CNC34CC(C3)C4)CC2)cc1,0.779137,O=C(NC12CC(C1)C2)C1CCN(C(CCl)c2ccc(F)cc2)CC1,0.251101
O=C1CN(CCCNCc2c[nH]c3ccc(Br)cc23)C1,0.41704,O=C1CN(C(=O)CCNCc2c[nH]c3ccc(Br)cc23)C1,0.027707
C=CCNC[C@@H]1CCCN1c1c(F)cccc1CN1CC(=O)C1,0.074836,C=CCNC(=O)[C@@H]1CCCN1c1c(F)cccc1CN1CC(=O)C1,0.007901
CC[C@@H](CN(Cc1ccc(O)cc1)Cc1c[nH]c2cc(Br)ccc12)NCC1CCN1,0.988546,CC[C@@H](CN(Cc1ccc(O)cc1)Cc1c[nH]c2cc(Br)ccc12)NC(=O)C1CCN1,0.937697
C[C@@H](N)CN(Cc1ccc(N)c(Br)c1)c1ccc(Br)cc1,0.061092,C[C@@H](N)C(=O)N(Cc1ccc(N)c(Br)c1)c1ccc(Br)cc1,0.029849
C[C@H](CNc1cccc(Br)c1O)NC1CCN(CC=O)C1,0.118934,C[C@H](CN(C(=O)C=O)c1cccc(Br)c1O)NC1CCNC1,0.042887
CN(CCNc1cc(Br)cc(C#N)c1)C[C@@H]1CCCN1Cc1c[nH]c2cc(Br)ccc12,0.99329,CN(CC(=O)Nc1cc(Br)cc(C#N)c1)C[C@@H]1CCCN1Cc1c[nH]c2cc(Br)ccc12,0.952015
C=CCN1CCC(N(CCCNCc2c[nH]c3ccc(Br)cc23)CCc2ccccc2OC)C1,0.997186,C=CC(=O)N(CCCN(CCc1ccccc1OC)C1CCNC1)Cc1c[nH]c2ccc(Br)cc12,0.982529
O=C(O)c1ccc(O)c(NC2CCCN(CC3CCN3)C2)c1,0.341226,O=C(O)C1CCN1C(=O)c1ccc(O)c(NC2CCCNC2)c1,0.064384
C1CC(N2CCC(CN3CCNCC3)CC2)C1,0.026684,O=C(C1CCN(C2CCC2)CC1)N1CCNCC1,0.005715
O=C(O)[C@H]1CCCN1CC1NCCc2c(Br)cccc21,0.327784,O=C(O)C1c2cccc(Br)c2CCN1C(=O)[C@H]1CCCN1,0.00647
NCCN(C[C@@H]1C[C@@H](O)CN1CC1CCN1Cc1c[nH]c2cc(Br)ccc12)c1cc(F)ccc1O,0.976168,NCC(=O)N(C[C@@H]1C[C@@H](O)CN1CC1CCN1Cc1c[nH]c2cc(Br)ccc12)c1cc(F)ccc1O,0.980142
Oc1ccc(CCNCC2CCN2)cc1,0.965857,O=C(NCCc1ccc(O)cc1)C1CCN1,0.122253
O=C1CN(CCNCCc2ccc(O)cc2)C1,0.40977,O=C1CN(CC(=O)NCCc2ccc(O)cc2)C1,0.008871
NCCCN(c1cccc(C2c3cc(O)ccc3CCN2CC2CCN2)c1)C1CC1,0.988324,NCCCN(c1cccc(C2c3cc(O)ccc3CCN2C(=O)C2CCN2)c1)C1CC1,0.424429
COc1ccccc1CN(CCC=O)C[C@@H](CS)NCC1CCN1,0.056891,COc1ccccc1CN(CCC=O)C[C@@H](CS)NC(=O)C1CCN1,0.011042
Fc1ccc(N(Cc2c[nH]c3ccc(Br)cc23)C[C@H]2CCCN2C[C@H](CS)NCC2CCN2)c(Br)n1,0.954641,O=C(N[C@@H](CS)CN1CCC[C@@H]1CN(Cc1c[nH]c2ccc(Br)cc12)c1ccc(F)nc1Br)C1CCN1,0.919837
C[C@@H](CNc1cc(Br)cc(C#N)c1)NC1CCN(Cc2c[nH]c3ccc(Br)cc23)C1,0.983871,C[C@H](NC1CCN(Cc2c[nH]c3ccc(Br)cc23)C1)C(=O)Nc1cc(Br)cc(C#N)c1,0.839853
CN(CCN)CCNCCCNCCc1ccccc1,0.312168,CN(CCN)CCNCCC(=O)NCCc1ccccc1,0.062965
CCCNc1cc(Br)ccc1N(CCBr)C1CCNC1,0.067856,CCCN(C(=O)CBr)c1cc(Br)ccc1NC1CCNC1,0.050646
N[C@@H](CO)CN1CCC(=O)C1,0.014291,N[C@@H](CO)C(=O)N1CCC(=O)C1,0.002872
Oc1cc(Br)ccc1N(Cc1ccc(F)c(F)c1F)C[C@H]1CCCN1,0.455756,O=C([C@H]1CCCN1)N(Cc1ccc(F)c(F)c1F)c1ccc(Br)cc1O,0.290511
CSCC[C@H](CN(CCBr)C1CC1)Nc1c(F)cccc1CNCCc1ccc(O)cc1,0.947357,CSCC[C@H](CN(CCBr)C1CC1)Nc1c(F)cccc1C(=O)NCCc1ccc(O)cc1,0.764778
COc1ccc(N)c(N(CC2CCN2CC2CCN2CCBr)C(CCl)c2ccc(Br)cc2)c1,0.934592,COc1ccc(N)c(N(CC2CCN2CC2CCN2C(=O)CBr)C(CCl)c2ccc(Br)cc2)c1,0.838296
OC[C@@H]1CCCN1C(Cn1ccc2cccc(NCC3CCN3)c21)c1ccc(O)c(O)c1,0.745308,O=C(Nc1cccc2ccn(CC(c3ccc(O)c(O)c3)N3CCC[C@H]3CO)c12)C1CCN1,0.304046
C[C@@H](O)CN1CC(CN(Cc2c[nH]c3ccc(Br)cc23)c2cccc(Br)c2O)C1,0.9235,C[C@@H](O)C(=O)N1CC(CN(Cc2c[nH]c3ccc(Br)cc23)c2cccc(Br)c2O)C1,0.129258
Nc1cccc(N(CCc2ccccc2Br)CC2CCNCC2)c1N,0.584689,Nc1cccc(N(CCc2ccccc2Br)C(=O)C2CCNCC2)c1N,0.186585
C=CCN1CCC1CNCCc1c[nH]c2ccccc12,0.954806,C=CCN1CCC1C(=O)NCCc1c[nH]c2ccccc12,0.30039
CC(C)[C@H](N)CN1CC(CNCCc2ccccc2Br)C1,0.168899,CC(C)[C@H](N)CN1CC(C(=O)NCCc2ccccc2Br)C1,0.01117
NC1(CN[C@H](CS)CN2CC(=O)C2)CCC1,0.014682,NC1(C(=O)N[C@H](CS)CN2CC(=O)C2)CCC1,0.005121
CC[C@H](N)CNCCC(=O)O,0.010094,CC[C@H](N)C(=O)NCCC(=O)O,0.001561
CN(CCN(CC1CN(C[C@@H](N)CS)C1)c1ccc(Br)cc1)Cc1c[nH]c2cc(Br)ccc12,0.981595,CN(CCN(CC1CN(C(=O)[C@@H](N)CS)C1)c1ccc(Br)cc1)Cc1c[nH]c2cc(Br)ccc12,0.781316
Brc1ccccc1CCNCC1CCN1C1CCCNC1,0.637985,O=C(NCCc1ccccc1Br)C1CCN1C1CCCNC1,0.171912
NCCNCCO,0.020233,NCC(=O)NCCO,0.002824
NCCCNCCN1CCNCC1,0.017299,NCCC(=O)NCCN1CCNCC1,0.007118
NCCN(CCC=O)Cc1ccc(O)cc1,0.103523,NCC(=O)N(CCC=O)Cc1ccc(O)cc1,0.015599
COc1ccc(O)c(N(Cc2cccc(Br)c2)CC2CCN2)c1,0.834542,COc1ccc(O)c(N(Cc2cccc(Br)c2)C(=O)C2CCN2)c1,0.304271
NCCCN1CCc2c(Br)cccc2C1C(=O)O,0.211202,NCCC(=O)N1CCc2c(Br)cccc2C1C(=O)O,0.001738
C[C@H](N)CN1CCC[C@H]1CNc1ccc(Br)cc1,0.180536,C[C@H](N)CN1CCC[C@H]1C(=O)Nc1ccc(Br)cc1,0.008876
NCCc1ccc(OC(=O)CNCC2CCN2)cc1,0.227864,NCC(=O)Oc1ccc(CCNC(=O)C2CCN2)cc1,0.007328
Fc1ccc(CN(C2CCNC2)[C@H](CCNCc2ccccc2)CNCCc2ccccc2Br)cc1,0.16155,O=C(C[C@H](CNCCc1ccccc1Br)N(Cc1ccc(F)cc1)C1CCNC1)NCc1ccccc1,0.136004
C[C@@H](N)CN[C@@H](CCCN1CC(=O)C1)CN(CCc1ccccc1Br)Cc1c[nH]c2ccc(F)cc12,0.971654,C[C@@H](N)CN[C@@H](CCC(=O)N1CC(=O)C1)CN(CCc1ccccc1Br)Cc1c[nH]c2ccc(F)cc12,0.672238
SC[C@H](CNCCc1ccccc1Br)N(C1CCC1)C1CN(Cc2c[nH]c3ccc(Br)cc23)C1,0.989599,O=C(NCCc1ccccc1Br)[C@@H](CS)N(C1CCC1)C1CN(Cc2c[nH]c3ccc(Br)cc23)C1,0.93191
COc1cccc2c1CCN(CCN)C2c1cccc(Br)c1,0.994334,COc1cccc2c1CCN(C(=O)CN)C2c1cccc(Br)c1,0.365071
Oc1ccc(F)cc1NC1CN(CCNC2CC2)C1,0.438943,O=C(CN1CC(Nc2cc(F)ccc2O)C1)NC1CC1,0.11561
OC[C@H](CN1CCC[C@H]1CN(Cc1ccc(F)cc1)c1ccccc1S)NC[C@H]1CCCN1,0.93794,O=C(N[C@H](CO)CN1CCC[C@H]1CN(Cc1ccc(F)cc1)c1ccccc1S)[C@H]1CCCN1,0.824808
CC[C@H](NC[C@@H](C)N)C(=O)O,0.005277,CC[C@H](N)C(=O)N[C@H](C)C(=O)O,0.00128
Brc1ccccc1CCNCCCNC[C@@H]1CCCN1,0.297844,O=C(NCCCNCCc1ccccc1Br)[C@@H]1CCCN1,0.10653
N[C@H](CO)CN(CCCNCCN1CCC(=O)CC1)c1cccc2cc[nH]c12,0.522129,N[C@H](CO)CN(CCCNCC(=O)N1CCC(=O)CC1)c1cccc2cc[nH]c12,0.067171
CNCCN(CCNc1ccc(Br)cc1)C[C@H](N)CS,0.027279,CNCCN(CC(=O)Nc1ccc(Br)cc1)C[C@H](N)CS,0.001439
N[C@H](CS)CN1CCC[C@H]1CNc1ccc(Br)cc1,0.180054,N[C@H](CS)CN1CCC[C@H]1C(=O)Nc1ccc(Br)cc1,0.010907
C=CCN1CCC[C@H]1C(=O)Oc1ccccc1NCC1CCN1,0.167829,C=CC(=O)N(CC1CCN1)c1ccccc1OC(=O)[C@@H]1CCCN1,0.016204
Fc1ccc(CN(Cc2c[nH]c3ccccc23)C2CCCNC2)cc1,0.973757,O=C(c1ccc(F)cc1)N(Cc1c[nH]c2ccccc12)C1CCCNC1,0.362912
C[C@@H](O)[C@@H](N)CN1CCC[C@@H]1C(=O)O,0.011218,C[C@@H](O)[C@@H](N)C(=O)N1CCC[C@@H]1C(=O)O,0.003604
C[C@H](N)CN(C[C@H]1CCCN1Cc1c[nH]c2cc(Br)ccc12)c1cc(F)c(F)cc1O,0.988272,C[C@H](N)C(=O)N(C[C@H]1CCCN1Cc1c[nH]c2cc(Br)ccc12)c1cc(F)c(F)cc1O,0.976639
Fc1ccc(NCC2CCN2c2ccccc2CCNC2CNC2)c(Br)n1,0.889165,O=C(Nc1ccc(F)nc1Br)C1CCN1c1ccccc1CCNC1CNC1,0.727179
Nc1ccc(Br)cc1N(Cc1ccncc1F)CC1CCNCC1,0.330108,Nc1ccc(Br)cc1N(Cc1ccncc1F)C(=O)C1CCNCC1,0.198625
C=CCNCCC[C@H](N)CN1CCC1CN(CCc1c[nH]c2ccc(O)cc12)c1ccccc1CCN,0.869059,C=CCNC(=O)CC[C@H](N)CN1CCC1CN(CCc1c[nH]c2ccc(O)cc12)c1ccccc1CCN,0.806755
N[C@H](CS)CN(CCc1ccc(O)cc1)C1CCN(Cc2cccc(Br)c2)C1,0.909501,N[C@H](CS)C(=O)N(CCc1ccc(O)cc1)C1CCN(Cc2cccc(Br)c2)C1,0.510018
N[C@H](Cc1c[nH]c2ccccc12)CN1CC(=O)C1,0.141265,N[C@H](Cc1c[nH]c2ccccc12)C(=O)N1CC(=O)C1,0.013921
CN(CCN(CC(C)(C)N)c1ccccc1S)C[C@@H]1CCCN1Cc1c[nH]c2ccc(Br)cc12,0.994765,CN(CCN(C(=O)C(C)(C)N)c1ccccc1S)C[C@@H]1CCCN1Cc1c[nH]c2ccc(Br)cc12,0.98974
CNCCN(Cc1c[nH]c2ccc(Br)cc12)c1cc(Br)ccc1O,0.760767,CNCC(=O)N(Cc1c[nH]c2ccc(Br)cc12)c1cc(Br)ccc1O,0.696245
CN(CCO)CCN(C[C@H]1CCCN1Cc1c[nH]c2ccc(Br)cc12)c1ccc(Br)cc1,0.999989,CN(CCN(C[C@H]1CCCN1Cc1c[nH]c2ccc(Br)cc12)c1ccc(Br)cc1)C(=O)CO,0.913111
COc1ccccc1CCNCCN(CCN)C[C@@H](N)CC(=O)O,0.255332,COc1ccccc1CCNC(=O)CN(CCN)C[C@@H](N)CC(=O)O,0.041608
Oc1c(Br)cccc1N(CC1CN(CC2CCN2)C1)C1CCN(Cc2c[nH]c3ccc(Br)cc23)C1,0.993774,O=C(C1CCN1)N1CC(CN(c2cccc(Br)c2O)C2CCN(Cc3c[nH]c4ccc(Br)cc34)C2)C1,0.953396
Fc1cccc(CNCCc2ccccc2Br)c1F,0.068529,O=C(NCCc1ccccc1Br)c1cccc(F)c1F,0.00473
N[C@H](Cc1ccccc1)CN1CCC(N2CC(N(CCc3ccc(O)cc3)Cc3ccc(F)cc3)C2)CC1,0.5,N[C@H](Cc1ccccc1)CN1CCC(N2CC(N(CCc3ccc(O)cc3)C(=O)c3ccc(F)cc3)C2)CC1,0.571088
c1ccc(N(C[C@H]2CCCN2)C2CNC2)nc1,0.265931,O=C([C@H]1CCCN1)N(c1ccccn1)C1CNC1,0.080078
C=CCN(CCc1c[nH]c2ccc(O)cc12)C[C@H](C)N(CC1CCN1)c1ccccc1CCN,0.988282,C=CC(=O)N(CCc1c[nH]c2ccc(O)cc12)C[C@H](C)N(CC1CCN1)c1ccccc1CCN,0.688345
N[C@H](CCC(=O)O)CN1CCC[C@H]1C(=O)O,0.008828,N[C@H](CCC(=O)N1CCC[C@H]1C(=O)O)C(=O)O,0.003763
Brc1cccc2c1CCN(C[C@@H]1CCCN1)C2CNC1CCC1,0.781641,O=C(NC1CCC1)C1c2cccc(Br)c2CCN1C[C@@H]1CCCN1,0.573899
Fc1cncc(C#CCNC[C@@H]2CCCN2)c1,0.129939,O=C(NCC#Cc1cncc(F)c1)[C@@H]1CCCN1,0.011507
COc1cccc(CNC[C@H]2CCCN2)c1,0.154901,COc1cccc(CNC(=O)[C@H]2CCCN2)c1,0.004363
N#Cc1cc(Br)cc(N(Cc2c[nH]c3ccc(F)cc23)CC2CCN2CC2CN(CCCN)C2)c1,0.995618,N#Cc1cc(Br)cc(N(Cc2c[nH]c3ccc(F)cc23)CC2CCN2CC2CN(C(=O)CCN)C2)c1,0.958865
O=C1CCN(C[C@@H]2CCCN2CC2CCN2)C1,0.043656,O=C1CCN(C(=O)[C@@H]2CCCN2CC2CCN2)C1,0.010774
COc1ccc(O)c(N(CCN(C)CC2(N)CCC2)Cc2c[nH]c3ccc(Br)cc23)c1,0.996464,COc1ccc(O)c(N(CCN(C)C(=O)C2(N)CCC2)Cc2c[nH]c3ccc(Br)cc23)c1,0.51518
C[C@H](CNc1cc(Br)ccc1O)N(Cc1ccncc1F)C1CCNC1,0.702475,C[C@H](C(=O)Nc1cc(Br)ccc1O)N(Cc1ccncc1F)C1CCNC1,0.193365
CNCCN(C[C@H]1CCCN1CC=O)c1cccc(Br)c1O,0.293899,CN(CCN(C[C@H]1CCCN1)c1cccc(Br)c1O)C(=O)C=O,0.006746
N#Cc1ccc(N2CC(N3CCC[C@H]3CN(CCBr)CCc3ccccc3Br)C2)cc1CBr,0.942264,N#Cc1ccc(N2CC(N3CCC[C@H]3CN(CCc3ccccc3Br)C(=O)CBr)C2)cc1CBr,0.634409
Nc1c(F)cccc1CN(CCc1ccccc1Br)C1CCN(CC=O)C1,0.880027,Nc1c(F)cccc1CN(CCc1ccccc1Br)C1CCN(C(=O)C=O)C1,0.215082
Fc1ccc(C(CCl)N(CC2CCNCC2)c2ccc(Br)cc2)cc1,0.737808,O=C(C1CCNCC1)N(c1ccc(Br)cc1)C(CCl)c1ccc(F)cc1,0.082536
NC1(C(=O)Oc2c(Br)cccc2N(Cc2c[nH]c3ccc(Br)cc23)C2CN(CC3CCN3)C2)CCC1,0.987337,NC1(C(=O)Oc2c(Br)cccc2N(Cc2c[nH]c3ccc(Br)cc23)C2CN(C(=O)C3CCN3)C2)CCC1,0.258923
Fc1ccc(C(CCl)N2CCC(CNCCc3ccccc3Br)CC2)cc1,0.962887,O=C(NCCc1ccccc1Br)C1CCN(C(CCl)c2ccc(F)cc2)CC1,0.116695
COc1ccc(N(C[C@H]2CCCN2)C[C@@H]2CCCN2)c(N)c1,0.077832,COc1ccc(N(C[C@H]2CCCN2)C(=O)[C@@H]2CCCN2)c(N)c1,0.084011
NCCC[C@H](N)CN(c1cccc2cc[nH]c12)C1CN(CCNCCc2ccccc2Br)C1,0.975826,NCCC[C@H](N)C(=O)N(CCc1ccccc1Br)CCN1CC(Nc2cccc3cc[nH]c23)C1,0.753799
C=CCNCC1CCN1C[C@H](C)N,0.056455,C=CCNC(=O)C1CCN1C[C@H](C)N,0.014677
NCCCCN(C[C@@H]1CCCN1)C[C@@H]1CCCN1,0.045062,NCCCCN(C[C@@H]1CCCN1)C(=O)[C@@H]1CCCN1,0.008421
CNCCN[C@H](CNc1cc(OC)ccc1O)CC(C)C,0.061043,CNCCN[C@@H](CC(C)C)C(=O)Nc1cc(OC)ccc1O,0.01113
Oc1cc(F)c(F)cc1NC[C@@H]1C[C@@H](O)CN1,0.041234,O=C(Nc1cc(F)c(F)cc1O)[C@@H]1C[C@@H](O)CN1,0.005651
N[C@@H](CS)CN(CCCN(CCBr)CCc1ccncc1)Cc1c[nH]c2cc(Br)ccc12,0.960889,N[C@@H](CS)CN(CCCN(CCc1ccncc1)C(=O)CBr)Cc1c[nH]c2cc(Br)ccc12,0.739673
Nc1cc(Br)ccc1N(CCBr)CC1CCN1CC1CN(Cc2c[nH]c3ccc(Br)cc23)C1,0.993462,Nc1cc(Br)ccc1N(CC1CCN1CC1CN(Cc2c[nH]c3ccc(Br)cc23)C1)C(=O)CBr,0.989625
