tag,arm,step,cum_modes,cum_reactions,reactions_added,reward,source_hub,smiles
rgfn_drd2,best_candidate,1,1,4,4,0.9999998807907104,Brc1cccc(CN(CCCN2CCNCC2)C2CCC2)c1,O=Cc1c[nH]c2ccc(N3CCN(CCCN(Cc4cccc(Br)c4)C4CCC4)CC3)cc12
rgfn_drd2,best_candidate,2,2,8,4,0.9999933838844299,CCCN1CCC(N2CCN(c3cccc(C=O)c3)CC2)CC1,CCCN1CCC(N2CCN(c3cccc(-c4nc5cc(Br)ccc5o4)c3)CC2)CC1
rgfn_drd2,best_candidate,3,3,12,4,0.999993085861206,CCCN1CCN(c2ccc(O)c(NCc3cccc(Br)c3)c2)CC1,CCCN1CCN(c2ccc(O)c(N(Cc3cccc(Br)c3)C3CCNCC3)c2)CC1
rgfn_drd2,best_candidate,4,4,16,4,0.9999834299087524,CCCN1C(CN2CCNCC2)Cc2ccccc2C1CC,CCCN1C(CN2CCN(c3ccc(O)c(N)c3)CC2)Cc2ccccc2C1CC
rgfn_drd2,best_candidate,5,5,20,4,0.9999825358390808,CCCN1CCN(c2cccc(CNCCc3ccccc3)c2)CC1,CCCN1CCN(c2cccc(CN3CCc4ccccc4C3c3ccncc3F)c2)CC1
rgfn_drd2,best_candidate,6,6,24,4,0.9966621398925781,CCCN1CCN(c2ccc(O)c(NC(C)CCl)c2)CC1,CCCN1CCN(c2ccc(O)c(N(C(C)CCl)C(CCl)c3ccc(F)cc3)c2)CC1
rgfn_drd2,best_candidate,7,7,28,4,0.9966346025466919,CCCN1CCN(c2ncccc2NCc2cccc(O)c2)CC1,CCCN1CCN(c2ncccc2N(Cc2cccc(O)c2)C2CCNCC2)CC1
rgfn_drd2,best_candidate,8,8,32,4,0.9965096116065979,CCCN1CCN(c2cc(F)ccc2C(CCl)N2CCC(C(=O)O)CC2)CC1,CCCN1CCN(c2cc(F)ccc2C(CCl)N2CCC(c3nc4ccc(OC)cc4[nH]3)CC2)CC1
rgfn_drd2,best_candidate,9,9,36,4,0.9963969588279724,CCC1NC(CN2CCN(c3ncccc3I)CC2)Cc2ccc(O)cc21,CCC1c2cc(O)ccc2CC(CN2CCN(c3ncccc3I)CC2)N1CCCN
rgfn_drd2,best_candidate,10,10,40,4,0.9957959651947021,CCC1c2ccccc2CC(CN2CCC(C(=O)O)CC2)N1C1CCC1,CCC1c2ccccc2CC(CN2CCC(c3nc4cc(Br)ccc4o3)CC2)N1C1CCC1
rgfn_drd2,best_candidate,11,11,44,4,0.994560956954956,CCCN1CC(N(Cc2c[nH]c3ccc(F)cc23)c2cc(Br)ccc2O)C1,CCCN1CC(N(Cc2c[nH]c3ccc(F)cc23)c2cc(Cl)ccc2O)C1
rgfn_drd2,best_candidate,12,12,47,3,0.9944669008255005,CCC1c2ccccc2CC(C(=O)O)N1C1CNC1,CCC1c2ccccc2CC(CNc2cc(Br)ccc2O)N1C1CNC1
rgfn_drd2,best_candidate,13,13,51,4,0.9942310452461243,c1ccc(CC(CN2CCN(c3c[nH]cn3)CC2)NC2CCC2)cc1,Brc1cccc(CN(C2CCC2)C(Cc2ccccc2)CN2CCN(c3c[nH]cn3)CC2)c1
rgfn_drd2,best_candidate,14,14,55,4,0.9942147135734558,NCCCN1CCC(N(CCO)CCc2c[nH]c3ccccc23)CC1,OCCN(CCc1c[nH]c2ccccc12)C1CCN(CCCNCc2cccc(Br)c2)CC1
rgfn_drd2,best_candidate,15,15,58,3,0.9941859841346741,CCC1c2ccccc2CCN1CCCN,CCC1c2ccccc2CCN1CCCNCc1ccc(F)c(F)c1F
rgfn_drd2,best_candidate,16,16,62,4,0.9940061569213867,CCC1NC(CN2CCC(CNc3cc(Br)ccc3O)CC2)Cc2ccccc21,CCC1NC(CN2CCC(CNc3cc(Cl)ccc3O)CC2)Cc2ccccc21
rgfn_drd2,best_candidate,17,17,66,4,0.993985116481781,CCCN1CCN(c2ncccc2Nc2cc(Br)ccc2O)CC1,CCCN1CCN(c2ncccc2N(CCCN)c2cc(Br)ccc2O)CC1
rgfn_drd2,best_candidate,18,18,70,4,0.9937036037445068,CCC1NC(CN2CCN(c3c[nH]cn3)CC2)Cc2ccccc21,CCC1c2ccccc2CC(CN2CCN(c3c[nH]cn3)CC2)N1Cc1cccc(Br)c1
rgfn_drd2,best_candidate,19,19,74,4,0.9936321973800659,CCCN1CCCC1CN1CCN(c2cc(C(F)(F)F)ccc2C=O)CC1,CCCN1CCCC1CN1CCN(c2cc(C(F)(F)F)ccc2-c2nc3cc(Br)ccc3o2)CC1
rgfn_drd2,best_candidate,20,20,77,3,0.9931422472000122,CCCN1C(C(=O)O)Cc2ccccc2C1CC,CCCN1C(CNCc2cccc(O)c2)Cc2ccccc2C1CC
rgfn_drd2,best_candidate,21,21,81,4,0.9928394556045532,Nc1cc(N2CCN(CC3CCCN3CCO)CC2)ccc1O,OCCN1CCCC1CN1CCN(c2ccc3oc(-c4cccc(Br)c4)nc3c2)CC1
rgfn_drd2,best_candidate,22,22,85,4,0.9926800727844238,CC(c1cccc(B(O)O)c1)N1CCC(N2CCN(c3ccc(O)c(N)c3)CC2)CC1,Cc1c[nH]c(-c2cccc(C(C)N3CCC(N4CCN(c5ccc(O)c(N)c5)CC4)CC3)c2)n1
rgfn_drd2,best_candidate,23,23,89,4,0.9923162460327148,CCCN1CCCC1CN1CCN(c2nccc(C=O)c2F)CC1,CCCN1CCCC1CN1CCN(c2nccc(-c3nc4cccc(Br)c4[nH]3)c2F)CC1
rgfn_drd2,best_candidate,24,24,93,4,0.9920926690101624,CCCN1CCN(c2cccc(CN3CCNCC3)c2)CC1,CCCN1CCN(c2cccc(CN3CCN(c4cccc(C=O)c4)CC3)c2)CC1
rgfn_drd2,best_candidate,25,25,97,4,0.9915609359741211,CCC1NC(CN2CCN(c3cnc(F)c(B(O)O)c3)CC2)Cc2ccccc21,CCC1NC(CN2CCN(c3cnc(F)c(-c4ccc(O)c(N)c4)c3)CC2)Cc2ccccc21
rgfn_drd2,best_candidate,26,26,101,4,0.9911010265350342,CCC1c2ccccc2CC(CN2CCNCC2)N1C1CCC1,CCC1c2ccccc2CC(CN2CCN(c3nc4ccccc4[nH]3)CC2)N1C1CCC1
rgfn_drd2,best_candidate,27,27,105,4,0.9907132387161255,CCCNC(CS)CN1CCN(c2ccc(C#N)c(CBr)c2)CC1,CCCN(Cc1cccc(Br)c1)C(CS)CN1CCN(c2ccc(C#N)c(CBr)c2)CC1
rgfn_drd2,best_candidate,28,28,109,4,0.9905408024787903,CC(C)C(CN1CCNCC1)N(Cc1cccc(Br)c1)C1CCC1,CC(C)C(CN1CCN(c2cccc(C=O)c2)CC1)N(Cc1cccc(Br)c1)C1CCC1
rgfn_drd2,best_candidate,29,29,112,3,0.9902097582817078,CCCN(CC(N)Cc1ccccc1)C1CCCCC1O,CCCN(CC(Cc1ccccc1)NCc1c[nH]c2ccc(F)cc12)C1CCCCC1O
rgfn_drd2,best_candidate,30,30,116,4,0.9900415539741516,O=Cc1cccc(N2CCN(CC3CCCN3CCO)CC2)c1,OCCN1CCCC1CN1CCN(c2cccc(-c3nc4cccc(Br)c4[nH]3)c2)CC1
rgfn_drd2,best_candidate,31,31,120,4,0.9899437427520752,CCCNc1cc(N2CCN(CCC)CC2)ccc1O,CCCN1CCN(c2ccc(O)c(N(CCC)Cc3ccc(F)c(C(F)(F)F)c3)c2)CC1
rgfn_drd2,best_candidate,32,32,124,4,0.9898876547813416,OB(O)c1cc(CN2CCN(c3cccc(CN4CCNCC4)c3)CC2)ccc1F,Fc1ccc(CN2CCN(c3cccc(CN4CCNCC4)c3)CC2)cc1-c1cccnc1F
rgfn_drd2,best_candidate,33,33,128,4,0.9896054863929749,CCCN(C1CCC1)C(Cc1ccc(O)cc1)CN1CCNCC1,CCCN(C1CCC1)C(Cc1ccc(O)cc1)CN1CCN(c2nccc(C=O)c2F)CC1
rgfn_drd2,best_candidate,34,34,131,3,0.989342212677002,CCC1NC(CNCc2cccc(O)c2)Cc2ccccc21,CCC1NC(CN(Cc2cccc(O)c2)C2CNC2)Cc2ccccc21
rgfn_drd2,best_candidate,35,35,134,3,0.9887709617614746,NC(Cc1ccccc1)CN1CCN(c2cccc(C=O)c2)CC1,O=Cc1cccc(N2CCN(CC(Cc3ccccc3)NC3CNC3)CC2)c1
rgfn_drd2,best_candidate,36,36,138,4,0.9886845350265503,CCC1NC(CN2CCN(c3cccnc3OC)CC2)Cc2ccccc21,CCC1c2ccccc2CC(CN2CCN(c3cccnc3OC)CC2)N1CCCN
rgfn_drd2,best_candidate,37,37,142,4,0.9883965253829956,NC(CC1CCCCC1)CN1CCN(c2cccc(-c3nc4cc(Br)ccc4o3)c2)CC1,NC(CC1CCCCC1)CN1CCN(c2cccc(-c3nc4cc(I)ccc4o3)c2)CC1
rgfn_drd2,best_candidate,38,38,146,4,0.988369882106781,CCCN1CCCC1CNC(CS)CNc1cc(Br)ccc1O,CCCN1CCCC1CNC(CS)CN(Cc1cccc(Br)c1)c1cc(Br)ccc1O
rgfn_drd2,best_candidate,39,39,150,4,0.9881688356399536,CCC1c2ccccc2CC(CN2CCNCC2)N1C1CCNCC1,CCC1c2ccccc2CC(CN2CCN(c3ncccc3I)CC2)N1C1CCNCC1
rgfn_drd2,best_candidate,40,40,154,4,0.987629771232605,CCCN1C(CN2CC(C(=O)O)C2)Cc2ccccc2C1CC,CCCN1C(CN2CC(c3nc4c(Br)cccc4[nH]3)C2)Cc2ccccc2C1CC
rgfn_drd2,best_candidate,41,41,157,3,0.9874182939529419,O=C(O)C1CCCN1c1cc(F)ccc1C(CCl)NCc1cccc(O)c1,O=C(O)C1CCN(CC2CCCN2c2cc(F)ccc2C(CCl)NCc2cccc(O)c2)CC1
rgfn_drd2,best_candidate,42,42,161,4,0.9872825145721436,CCC1NC(CN2CCN(c3cccnc3F)CC2)Cc2ccccc21,CCC1c2ccccc2CC(CN2CCN(c3cccnc3F)CC2)N1Cc1cc[nH]n1
rgfn_drd2,best_candidate,43,43,165,4,0.9870637655258179,CCCNC(CN1CCN(c2ccc(O)c(N)c2)CC1)C(C)C,CCCN(Cc1cccc(Br)c1)C(CN1CCN(c2ccc(O)c(N)c2)CC1)C(C)C
rgfn_drd2,best_candidate,44,44,169,4,0.9867664575576782,CCCN(C(CCC(N)=O)CN1CCNCC1)C(CCl)c1ccc(F)cc1F,CCCN(C(CCC(N)=O)CN1CCN(c2cccc(C=O)c2)CC1)C(CCl)c1ccc(F)cc1F
rgfn_drd2,best_candidate,45,45,173,4,0.9866591691970825,CCCN1CCC(N(Cc2cccc(Br)c2)c2ccccc2B(O)O)CC1,CCCN1CCC(N(Cc2cccc(Br)c2)c2ccccc2-c2ccc(O)c(N)c2)CC1
rgfn_drd2,best_candidate,46,46,177,4,0.9866485595703125,Clc1ccccc1-c1cccc(CN2CCCC2CN2CCNCC2)c1,Clc1ccccc1-c1cccc(CN2CCCC2CN2CCN(c3csc(Br)n3)CC2)c1
rgfn_drd2,best_candidate,47,47,180,3,0.9866347908973694,Brc1cccc(CNC(CC2CCCCC2)CN2CCNCC2)c1,N#Cc1cc(N)cc(N2CCN(CC(CC3CCCCC3)NCc3cccc(Br)c3)CC2)c1
rgfn_drd2,best_candidate,48,48,184,4,0.9864821434020996,CCCN1CCN(c2nccc(C3NC(C(=O)O)Cc4ccccc43)c2F)CC1,CCCN1CCN(c2nccc(C3c4ccccc4CC(C(=O)O)N3CCCN)c2F)CC1
rgfn_drd2,best_candidate,49,49,187,3,0.9864184856414795,Oc1ccc(Br)cc1NC1CCN(Cc2cccc(Br)c2)CC1,Oc1ccc(Br)cc1N(C1CCNCC1)C1CCN(Cc2cccc(Br)c2)CC1
rgfn_drd2,best_candidate,50,50,191,4,0.9864171743392944,CCCN1CCN(c2ccc(CNc3cc(Br)ccc3O)cc2B(O)O)CC1,CCCN1CCN(c2ccc(CNc3cc(Br)ccc3O)cc2-c2nc(C)c[nH]2)CC1
rgfn_drd2,best_candidate,51,51,195,4,0.9863083958625793,C=CCNC(CCl)c1ccc(F)cc1N1CCN(CCC)CC1,C=CCN(Cc1ccc(C(=O)O)cc1)C(CCl)c1ccc(F)cc1N1CCN(CCC)CC1
rgfn_drd2,best_candidate,52,52,199,4,0.9861447215080261,Oc1ccc(Br)cc1N(CCCN1CCNCC1)CC1CCNCC1,Oc1ccc(Br)cc1N(CCCN1CCN(c2cccnc2F)CC1)CC1CCNCC1
rgfn_drd2,best_candidate,53,53,203,4,0.9857564568519592,CCC1c2cc(O)ccc2CC(CN2CC(C(=O)O)C2)N1C1CCC1,CCC1c2cc(O)ccc2CC(CN2CC(c3nc4cccc(Br)c4[nH]3)C2)N1C1CCC1
rgfn_drd2,best_candidate,54,54,207,4,0.9856754541397095,O=Cc1cccc(N2CCN(C3CCN(Cc4cc[nH]n4)CC3)CC2)c1,c1cc(-c2cnco2)cc(N2CCN(C3CCN(Cc4cc[nH]n4)CC3)CC2)c1
rgfn_drd2,best_candidate,55,55,211,4,0.9853264689445496,CCCN1CCN(c2ccc3oc(C(N)CCCCN)nc3c2)CC1,CCCN1CCN(c2ccc3oc(C(CCCCN)NCc4ccc(C(F)(F)F)cc4F)nc3c2)CC1
rgfn_drd2,best_candidate,56,56,215,4,0.9852198362350464,CCCN1CCN(c2cccc(N)c2NCc2ccc(C(=O)O)cc2)CC1,CCCN1CCN(c2cccc(N)c2N(Cc2ccc(C(=O)O)cc2)C2CCNCC2)CC1
rgfn_drd2,best_candidate,57,57,219,4,0.9850998520851135,CCCN1CCN(c2c(-c3nc4cc(Br)ccc4o3)ccc(F)c2F)CC1,CCCN1CCN(c2c(-c3nc4cc(N5CCC(=O)CC5)ccc4o3)ccc(F)c2F)CC1
rgfn_drd2,best_candidate,58,58,223,4,0.9846992492675781,CCC1NC(CN2CCN(c3nc(Br)cs3)CC2)Cc2ccccc21,CCC1c2ccccc2CC(CN2CCN(c3nc(Br)cs3)CC2)N1CCC(N)C(=O)O
rgfn_drd2,best_candidate,59,59,227,4,0.9845582842826843,NC(Cc1ccccc1)CN1CCC(N(Cc2cc[nH]n2)c2cc(Br)ccc2O)CC1,NC(Cc1ccccc1)CN1CCC(N(Cc2cc[nH]n2)c2cc(Cl)ccc2O)CC1
rgfn_drd2,best_candidate,60,60,231,4,0.9842451810836792,C=CCN(CCC)CC1Cc2ccccc2C(CC)N1,C=CCN(CCC)CC1Cc2ccccc2C(CC)N1c1ncccc1I
rgfn_drd2,best_candidate,61,61,235,4,0.9840656518936157,NC(CS)CNc1cc(N2CCN(Cc3cccc(Br)c3)CC2)ccc1O,NC(CS)CN(Cc1cc[nH]n1)c1cc(N2CCN(Cc3cccc(Br)c3)CC2)ccc1O
rgfn_drd2,best_candidate,62,62,239,4,0.9839815497398376,CCCN(c1cc(Br)ccc1O)C1CCN(CC(N)CS)CC1,CCCN(c1cc(Br)ccc1O)C1CCN(CC(CS)NCc2cccc(Br)c2)CC1
rgfn_drd2,best_candidate,63,63,243,4,0.9833070039749146,C=CCN(Cc1cccc(Br)c1)CC1Cc2ccccc2C(CC)N1,C=CCN(Cc1cccc(I)c1)CC1Cc2ccccc2C(CC)N1
rgfn_drd2,best_candidate,64,64,247,4,0.9830005764961243,CCCNc1cc(N2CCN(Cc3cc[nH]n3)CC2)ccc1O,CCCN(CC(N)Cc1ccccc1)c1cc(N2CCN(Cc3cc[nH]n3)CC2)ccc1O
rgfn_drd2,best_candidate,65,65,251,4,0.9822920560836792,CN1CCCC(Cn2cnc(-c3cc(CN4CCNCC4)ccc3F)c2)C1,CN1CCCC(Cn2cnc(-c3cc(CN4CCN(c5cccc(C=O)c5)CC4)ccc3F)c2)C1
rgfn_drd2,best_candidate,66,66,255,4,0.9822111129760742,C=CCN(CCC)Cc1cccc(N2CCNCC2)c1,C=CCN(CCC)Cc1cccc(N2CCN(Cc3ccc(C(=O)O)cc3)CC2)c1
rgfn_drd2,best_candidate,67,67,259,4,0.9820375442504883,CCCN1CCC(N2CCN(c3ncc(Br)cc3B(O)O)CC2)CC1,CCCN1CCC(N2CCN(c3ncc(Br)cc3-c3cccnc3OC)CC2)CC1
rgfn_drd2,best_candidate,68,68,263,4,0.9813876748085022,NC(=O)CC(CN1CCN(c2ccc(O)c(N)c2)CC1)NC1CCNCC1,NC(=O)CC(CN1CCN(c2ccc(O)c(N)c2)CC1)NC1CCN(Cc2cccc(Br)c2)CC1
rgfn_drd2,best_candidate,69,69,267,4,0.9813790917396545,Oc1ccc(Br)cc1N(C1CCNCC1)C(CBr)CN1CCNCC1,Nc1cc(N2CCN(CC(CBr)N(c3cc(Br)ccc3O)C3CCNCC3)CC2)ccc1O
rgfn_drd2,best_candidate,70,70,268,1,0.9809728860855103,CCCN1C(CN2CC(C(=O)O)C2)Cc2ccccc2C1CC,CCCN1C(CN2CC(CNc3cc(Br)cc(C#N)c3)C2)Cc2ccccc2C1CC
rgfn_drd2,best_candidate,71,71,271,3,0.9801081418991089,CCC1c2ccccc2CC(C(=O)O)N1C(CCl)c1ccc(F)cc1F,CCC1c2ccccc2CC(CN2CCNCC2)N1C(CCl)c1ccc(F)cc1F
rgfn_drd2,best_candidate,72,72,275,4,0.9799663424491882,CCC1NC(CN2CCN(c3ncc(Br)cc3B(O)O)CC2)Cc2ccccc21,CCC1NC(CN2CCN(c3ncc(Br)cc3-c3csc(N)n3)CC2)Cc2ccccc21
rgfn_drd2,best_candidate,73,73,279,4,0.9796899557113647,C=CCN(C1CCN(CCC=O)CC1)C(CCl)c1ccc(F)cc1F,C=CCN(C1CCN(CCc2nc3cc(Br)ccc3o2)CC1)C(CCl)c1ccc(F)cc1F
rgfn_drd2,best_candidate,74,74,283,4,0.9792386293411255,O=C(CCl)c1ccc(F)cc1N1CCN(Cc2cccc(-c3ccccc3Cl)c2)CC1,O=C(O)C1CN(C(CCl)c2ccc(F)cc2N2CCN(Cc3cccc(-c4ccccc4Cl)c3)CC2)C1
rgfn_drd2,best_candidate,75,75,287,4,0.977446973323822,CCCN1CCN(c2nccc(C3NC(C(=O)O)Cc4ccc(O)cc43)c2F)CC1,C=CCNCC1Cc2ccc(O)cc2C(c2ccnc(N3CCN(CCC)CC3)c2F)N1
rgfn_drd2,best_candidate,76,76,290,3,0.9766455888748169,Oc1cccc(CNCc2ccc(F)c(F)c2N2CCNCC2)c1,NC(CC1CCCCC1)CN1CCN(c2c(CNCc3cccc(O)c3)ccc(F)c2F)CC1
rgfn_drd2,best_candidate,77,77,294,4,0.976610541343689,CCCN1CCN(c2ccccc2CNc2cc(S(=O)(=O)F)ccc2C)CC1,CCCN1CCN(c2ccccc2CN(CCC)c2cc(S(=O)(=O)F)ccc2C)CC1
rgfn_drd2,best_candidate,78,78,297,3,0.9765759706497192,O=C1CCN(CC2Cc3ccccc3C(c3c[nH]c4ccc(F)cc34)N2)CC1,Fc1ccc2[nH]cc(C3NC(CN4CCC(N5CCNCC5)CC4)Cc4ccccc43)c2c1
rgfn_drd2,best_candidate,79,79,300,3,0.9764068126678467,c1ccc(CC(CN2CCNCC2)NC2CCNCC2)cc1,Fc1ncccc1N1CCN(CC(Cc2ccccc2)NC2CCNCC2)CC1
rgfn_drd2,best_candidate,80,80,303,3,0.9763292670249939,Ic1cccnc1N1CCN(C2CCNCC2)CC1,Fc1ccc(C(CCl)N2CCC(N3CCN(c4ncccc4I)CC3)CC2)cc1
rgfn_drd2,best_candidate,81,81,306,3,0.9755994081497192,NC(CS)CN1CCC(NCc2cccc(O)c2)CC1,Oc1cccc(CNC2CCN(CC(CS)NC(CCl)c3ccc(F)cc3)CC2)c1
rgfn_drd2,best_candidate,82,82,310,4,0.9755924344062805,CCCNC(CC(N)=O)CN1CCC(c2nc3cc(Br)ccc3o2)CC1,CCCN(Cc1cccc(Br)c1)C(CC(N)=O)CN1CCC(c2nc3cc(Br)ccc3o2)CC1
rgfn_drd2,best_candidate,83,83,313,3,0.9754706025123596,CCc1ccccc1Cn1cnc(N2CCNCC2)c1,CCCN1CCN(c2cn(Cc3ccccc3CC)cn2)CC1
rgfn_drd2,best_candidate,84,84,317,4,0.9746172428131104,O=C(O)CCN1CC(N(Cc2cccc(Br)c2)C2CCCCC2)C1,Brc1cccc(CN(C2CCCCC2)C2CN(CCc3nc4cc(Br)ccc4o3)C2)c1
rgfn_drd2,best_candidate,85,85,321,4,0.9744107127189636,N#Cc1ccc(N(C2CCNCC2)C(CS)CN2CCC(C(=O)O)CC2)cc1,N#Cc1ccc(N(C2CCNCC2)C(CS)CN2CCC(c3nc4cc(Br)ccc4o3)CC2)cc1
rgfn_drd2,best_candidate,86,86,325,4,0.9742934107780457,OB(O)c1ccccc1NC1CN(C2CCN(Cc3cccc(Br)c3)CC2)C1,Nc1cc(-c2ccccc2NC2CN(C3CCN(Cc4cccc(Br)c4)CC3)C2)ccc1O
rgfn_drd2,best_candidate,87,87,329,4,0.9741954803466797,Nc1cc(N2CCN(CC3CN(CCC(N)C(=O)O)C3)CC2)ccc1O,Nc1cc(N2CCN(CC3CN(CCC(N)c4nc5cc(Br)ccc5o4)C3)CC2)ccc1O
rgfn_drd2,best_candidate,88,88,333,4,0.974102258682251,CCCNc1cc(N2CCN(CC(N)CS)CC2)ccc1O,CCCN(Cc1cccc(Br)c1)c1cc(N2CCN(CC(N)CS)CC2)ccc1O
rgfn_drd2,best_candidate,89,89,337,4,0.9739067554473877,CCCN(CC1Cc2ccccc2C(c2cccc(Br)c2)N1)C1CCCCC1,CCCN(CC1Cc2ccccc2C(c2cccc(I)c2)N1)C1CCCCC1
rgfn_drd2,best_candidate,90,90,341,4,0.9737578630447388,CCCN(Cc1ccc(C(F)(F)F)c(F)c1)C(CS)CN1CCNCC1,CCCN(Cc1ccc(C(F)(F)F)c(F)c1)C(CS)CN1CCN(c2ccc3[nH]cc(C=O)c3c2)CC1
rgfn_drd2,best_candidate,91,91,345,4,0.9735400676727295,CCCNCc1cccc(OC(=O)C2CCN2CCO)c1,CCCN(Cc1cccc(OC(=O)C2CCN2CCO)c1)C(CCl)c1ccc(F)cc1F
rgfn_drd2,best_candidate,92,92,349,4,0.9734015464782715,O=C(O)c1ccc(CN2CCC(N3CCN(c4c[nH]cn4)CC3)CC2)cc1,Brc1ccc2oc(-c3ccc(CN4CCC(N5CCN(c6c[nH]cn6)CC5)CC4)cc3)nc2c1
rgfn_drd2,best_candidate,93,93,352,3,0.973320484161377,NC(CC1CCCCC1)CN1CCN(c2ccc3[nH]cc(C=O)c3c2)CC1,NC(CC1CCCCC1)CN1CCN(c2ccc3[nH]cc(-c4nc5ccccc5o4)c3c2)CC1
rgfn_drd2,best_candidate,94,94,356,4,0.9731882214546204,C=CCNCC1Cc2ccccc2C(CC)N1CCC,C=CCN(Cc1cccc(Br)c1)CC1Cc2ccccc2C(CC)N1CCC
rgfn_drd2,best_candidate,95,95,360,4,0.9730395674705505,CCCN(C1CCN(Cc2cccc(Br)c2)CC1)C(CC(N)=O)C(=O)O,CCCN(C1CCN(Cc2cccc(Br)c2)CC1)C(CC(N)=O)c1nc2cc(Br)ccc2o1
rgfn_drd2,best_candidate,96,96,364,4,0.9725997447967529,C=CCN(CCC)C1CCN(c2ccc(O)c(N)c2)CC1,C=CCN(CCC)C1CCN(c2ccc(O)c(NCc3cccc(Br)c3)c2)CC1
rgfn_drd2,best_candidate,97,97,368,4,0.9725253582000732,CCCN(CCCNCc1ccc(C(=O)O)cc1)C1CCCCC1O,CCCN(CCCNCc1ccc(-c2nc3cc(F)ccc3o2)cc1)C1CCCCC1O
rgfn_drd2,best_candidate,98,98,372,4,0.9725131988525391,CCCNC(CCCCN)CN(CCC)c1cc(Br)ccc1O,CCCN(CC(CCCCN)N(CCC)C(CCl)c1ccc(F)cc1)c1cc(Br)ccc1O
rgfn_drd2,best_candidate,99,99,376,4,0.9722068309783936,CCCNC(CCCN1CC(C(=O)O)C1)CNc1cc(Br)ccc1O,CCCNC(CCCN1CC(c2nc3cc(Br)ccc3o2)C1)CNc1cc(Br)ccc1O
rgfn_drd2,best_candidate,100,100,380,4,0.9718006253242493,OCCN(CCCNC1CCCCC1O)CCc1c[nH]c2ccccc12,OCCN(CCCN(Cc1cccc(Br)c1)C1CCCCC1O)CCc1c[nH]c2ccccc12
rgfn_drd2,best_candidate,101,101,384,4,0.9714952707290649,CCCN1CCCC1CN(CCCCC(N)C(=O)O)c1cccc(C=O)c1,CCCN1CCCC1CN(CCCCC(N)c1nc2c(Br)cccc2[nH]1)c1cccc(C=O)c1
rgfn_drd2,best_candidate,102,102,388,4,0.9709748029708862,C=CCNC1CCN(Cc2cccc(-c3ccc(N)cc3)c2)CC1,C=CCN(C1CCN(Cc2cccc(-c3ccc(N)cc3)c2)CC1)C(CCl)c1ccc(F)cc1F
rgfn_drd2,best_candidate,103,103,392,4,0.970928966999054,CCCN1CCC(N(CC(N)CS)c2cc(Br)ccc2O)CC1,CCCN1CCC(N(CC(CS)NCc2ccccc2Br)c2cc(Br)ccc2O)CC1
rgfn_drd2,best_candidate,104,104,396,4,0.9708969593048096,CCCNC(CCC(N)=O)CN1CCN(c2ncccc2I)CC1,CCCN(CCC)C(CCC(N)=O)CN1CCN(c2ncccc2I)CC1
rgfn_drd2,best_candidate,105,105,400,4,0.9706032872200012,C=CCN(CCNc1cc(Br)ccc1O)CC(N)Cc1ccccc1,C=CCN(CCN(Cc1ccnc(Br)c1F)c1cc(Br)ccc1O)CC(N)Cc1ccccc1
rgfn_drd2,best_candidate,106,106,404,4,0.9705322980880737,O=C(O)CCN1C(CN2CCNCC2)Cc2ccccc2C1c1c[nH]c2ccc(F)cc12,CCOC(=O)CCN1C(CN2CCNCC2)Cc2ccccc2C1c1c[nH]c2ccc(F)cc12
rgfn_drd2,best_candidate,107,107,408,4,0.9703856706619263,CCCN(CC1CCCN1)c1ccccc1-c1cc(N)cc(C#N)c1,CCCN(CC1CCCN1C(CCl)c1ccc(F)cc1F)c1ccccc1-c1cc(N)cc(C#N)c1
rgfn_drd2,best_candidate,108,108,412,4,0.9694428443908691,CCCN1CCN(c2cc(CN3CC(C(=O)O)C3)cc(B(O)O)c2)CC1,CCCN1CCN(c2cc(CN3CC(c4nc5cc(Br)ccc5o4)C3)cc(B(O)O)c2)CC1
rgfn_drd2,best_candidate,109,109,416,4,0.9694148302078247,O=Cc1ccnc(N2CCN(CC(CS)NC3CCNCC3)CC2)c1,SCC(CN1CCN(c2cc(-c3nc4cc(Br)ccc4o3)ccn2)CC1)NC1CCNCC1
rgfn_drd2,best_candidate,110,110,420,4,0.9685463905334473,CCCN(CC1CCCN1CCC)c1ccccc1B(O)O,CCCN(CC1CCCN1CCC)c1ccccc1-c1cccc(C=O)c1
rgfn_drd2,best_candidate,111,111,424,4,0.9685147404670715,Oc1cccc(CNCCCNC2CCN(c3nc(Br)cs3)CC2)c1,CCCN(CCCNCc1cccc(O)c1)C1CCN(c2nc(Br)cs2)CC1
rgfn_drd2,best_candidate,112,112,428,4,0.9684836864471436,CCCN1CCN(c2cn(CC(=O)c3ccc(F)cc3F)cn2)CC1,CCCN1CCN(c2cn(CC(NCc3cccc(O)c3)c3ccc(F)cc3F)cn2)CC1
rgfn_drd2,best_candidate,113,113,432,4,0.9682624340057373,O=C(O)c1ccc(CNCCCN2CCN(c3ncccc3I)CC2)cc1,O=C(O)c1ccc(CN(CCCN2CCN(c3ncccc3I)CC2)C2CCNCC2)cc1
rgfn_drd2,best_candidate,114,114,436,4,0.9677245616912842,CCCN1CCN(c2cnc(F)c(-c3cccc(C=O)c3)c2)CC1,CCCN1CCN(c2cnc(F)c(-c3cccc(CN4CCNCC4)c3)c2)CC1
rgfn_drd2,best_candidate,115,115,440,4,0.9675887823104858,CCCNC(CN1CCN(c2c[nH]cn2)CC1)C(C)C,CCCN(C(CCl)c1ccc(F)cc1)C(CN1CCN(c2c[nH]cn2)CC1)C(C)C
rgfn_drd2,best_candidate,116,116,444,4,0.9673250913619995,Cc1c[nH]c(-c2cc(CN3CCN(c4cc(F)ccc4C(=O)CCl)CC3)ccc2F)n1,Cc1c[nH]c(-c2cc(CN3CCN(c4cc(F)ccc4C(CCl)N4CCCC4C(=O)O)CC3)ccc2F)n1
rgfn_drd2,best_candidate,117,117,448,4,0.9669368267059326,CCC1c2ccccc2CC(C(=O)O)N1C1CCN(CC(N)CS)CC1,CCC1c2ccccc2CC(c2nc3c(Br)cccc3[nH]2)N1C1CCN(CC(N)CS)CC1
rgfn_drd2,best_candidate,118,118,452,4,0.9668734669685364,OCCN1CCCC1CN1CCN(c2csc(Br)n2)CC1,Cc1cc(F)ccc1-c1nc(N2CCN(CC3CCCN3CCO)CC2)cs1
rgfn_drd2,best_candidate,119,119,456,4,0.966740071773529,O=C1CN(CC(Cc2ccccc2)NCc2ccnc(-c3ccc(Cl)cc3)c2F)C1,O=C(O)C1CCN(C2CN(CC(Cc3ccccc3)NCc3ccnc(-c4ccc(Cl)cc4)c3F)C2)CC1
rgfn_drd2,best_candidate,120,120,460,4,0.9661979675292969,CCCN(CCCCC(N)CNCc1cccc(O)c1)C1CCC1,CCCN(CCCCC(N)CN(Cc1cccc(O)c1)c1ncccc1I)C1CCC1
rgfn_drd2,best_candidate,121,121,463,3,0.9661960005760193,CCC1NC(CN2CCNCC2)Cc2ccccc21,CCC1c2ccccc2CC(CN2CCNCC2)N1c1cccc(C=O)c1
rgfn_drd2,best_candidate,122,122,467,4,0.9660332798957825,CN1CCCC(Cn2cnc(N3CCN(Cc4cccc(Br)c4)CC3)c2)C1,CN1CCCC(Cn2cnc(N3CCN(Cc4cccc(-c5ccccc5N)c4)CC3)c2)C1
rgfn_drd2,best_candidate,123,123,471,4,0.9658225774765015,C=CCNC(CCl)c1ccc(F)cc1N1CCN(CC(N)CS)CC1,C=CCN(Cc1cccc(Br)c1)C(CCl)c1ccc(F)cc1N1CCN(CC(N)CS)CC1
rgfn_drd2,best_candidate,124,124,475,4,0.9657983183860779,NC(CS)CN1CCN(c2cccc(CN3CC(C(=O)O)C3)c2)CC1,NC(CS)CN1CCN(c2cccc(CN3CC(c4nc5c(Br)cccc5[nH]4)C3)c2)CC1
rgfn_drd2,best_candidate,125,125,479,4,0.9655636548995972,OCCN1CCN(c2cc(F)ccc2C(CCl)NC2CCCCC2O)CC1,OCCN1CCN(c2cc(F)ccc2C(CCl)N(Cc2cccc(Br)c2)C2CCCCC2O)CC1
rgfn_drd2,best_candidate,126,126,483,4,0.965526282787323,OB(O)c1ccccc1NCc1ccccc1N1CCN(CC2CCCN2)CC1,COc1ncc(-c2ccccc2NCc2ccccc2N2CCN(CC3CCCN3)CC2)cc1C
rgfn_drd2,best_candidate,127,127,487,4,0.9654598236083984,CC(C)C(CN1CCN(c2ccc(O)c(N)c2)CC1)NCc1cc[nH]n1,CC(C)C(CN1CCN(c2ccc(O)c(N)c2)CC1)N(Cc1cc[nH]n1)C(CCl)c1ccc(F)cc1F
rgfn_drd2,best_candidate,128,128,491,4,0.9650281667709351,OB(O)c1ccccc1N(Cc1cccc(Br)c1)C1CCN(C2CCNCC2)CC1,Cc1c[nH]c(-c2ccccc2N(Cc2cccc(Br)c2)C2CCN(C3CCNCC3)CC2)n1
rgfn_drd2,best_candidate,129,129,495,4,0.9649811387062073,CCCN1C(CNC(CS)C(=O)O)Cc2ccccc2C1CC,CCCN1C(CNC(CS)c2nc3cc(Br)ccc3o2)Cc2ccccc2C1CC
rgfn_drd2,best_candidate,130,130,498,3,0.9647892117500305,Cc1cc(F)ccc1-c1cccc(CN2CCC(=O)CC2)c1,Cc1cc(F)ccc1-c1cccc(CN2CCC(N3CCNCC3)CC2)c1
rgfn_drd2,best_candidate,131,131,502,4,0.9646551609039307,NC(CCN1CCNCC1)CN(Cc1cccc(Br)c1)c1cc(Br)ccc1O,Cc1cc(F)ccc1-c1cccc(CN(CC(N)CCN2CCNCC2)c2cc(Br)ccc2O)c1
rgfn_drd2,best_candidate,132,132,506,4,0.9646434187889099,N#Cc1cc(N)cc(-c2ccccc2NC2CCN(CC(N)CS)CC2)c1,N#Cc1cc(N)cc(-c2ccccc2N(C2CCN(CC(N)CS)CC2)C(CCl)c2ccc(F)cc2F)c1
rgfn_drd2,best_candidate,133,133,510,4,0.9645468592643738,CCC1NC(CN2CC(c3nc4c(Br)cccc4[nH]3)C2)Cc2ccccc21,CCC1NC(CN2CC(c3nc4c(I)cccc4[nH]3)C2)Cc2ccccc21
rgfn_drd2,best_candidate,134,134,514,4,0.9644938707351685,CCCN1CCC1CN(c1ccccc1B(O)O)C(CCl)c1ccc(F)cc1F,CCCN1CCC1CN(c1ccccc1-c1csc(Br)n1)C(CCl)c1ccc(F)cc1F
rgfn_drd2,best_candidate,135,135,518,4,0.9642795920372009,NC(CS)CN1CCN(c2ccc(O)c(NC3CCC3)c2)CC1,NC(CS)CN1CCN(c2ccc(O)c(N(Cc3ccc(C(F)(F)F)c(F)c3)C3CCC3)c2)CC1
rgfn_drd2,best_candidate,136,136,522,4,0.9641909599304199,Nc1cc(-c2ccccc2NCC2CCCN2CCO)ccc1O,Nc1cc(-c2ccccc2N(CC2CCCN2CCO)C(CCl)c2ccc(F)cc2F)ccc1O
rgfn_drd2,best_candidate,137,137,526,4,0.9638231992721558,CCCN(Cc1cccc(O)c1)CC(CCCCN)NCc1cccc(Br)c1,CCCN(Cc1cccc(O)c1)CC(CCCCN)NCc1cccc(N)c1
rgfn_drd2,best_candidate,138,138,529,3,0.9636903405189514,O=C(O)C1CN(CC2Cc3ccc(O)cc3C(c3cccc(Br)c3)N2)C1,O=C(O)C1CCN(CC2CN(CC3Cc4ccc(O)cc4C(c4cccc(Br)c4)N3)C2)CC1
rgfn_drd2,best_candidate,139,139,533,4,0.9635745286941528,NC(CS)CN(CCCN1CCNCC1)Cc1cccc(O)c1,NC(CS)CN(CCCN1CCN(c2cccc(C=O)c2)CC1)Cc1cccc(O)c1
rgfn_drd2,best_candidate,140,140,537,4,0.9627564549446106,CCCN(CCC)C(CNCc1cccc(O)c1)CC(N)=O,CCCN(CCC)C(CC(N)=O)CN(Cc1cccc(O)c1)C(CCl)c1ccc(F)cc1F
rgfn_drd2,best_candidate,141,141,541,4,0.9625367522239685,CCCN1CCN(c2ncccc2Nc2ccccc2B(O)O)CC1,CCCN1CCN(c2ncccc2N(c2ccccc2B(O)O)C(CCl)c2ccc(F)cc2F)CC1
rgfn_drd2,best_candidate,142,142,545,4,0.9622068405151367,CCCN1CC(N(c2cc(F)ccc2C(=O)CCl)C(CCC(N)=O)C(=O)O)C1,CCCN1CC(N(c2cc(F)ccc2C(=O)CCl)C(CCC(N)=O)CNCc2cccc(O)c2)C1
rgfn_drd2,best_candidate,143,143,548,3,0.9616902470588684,CCCN(CCCN)Cc1cccc(O)c1,CCCN(CCCNCc1ccc(C(F)(F)F)c(F)c1)Cc1cccc(O)c1
rgfn_drd2,best_candidate,144,144,552,4,0.9616748094558716,CCCN1CCN(Cc2cccc(-c3ccccc3N)c2)CC1,CCCN1CCN(Cc2cccc(-c3ccccc3NCc3cccc(Br)c3)c2)CC1
rgfn_drd2,best_candidate,145,145,556,4,0.9615700244903564,CCCN1CCN(c2cc(C3NC(C(=O)O)Cc4ccccc43)ccn2)CC1,C=CCNCC1Cc2ccccc2C(c2ccnc(N3CCN(CCC)CC3)c2)N1
rgfn_drd2,best_candidate,146,146,560,4,0.9615616202354431,O=C(O)C1CCCN1C(CCl)c1ccc(F)cc1N1CCN(Cc2cc[nH]n2)CC1,Fc1ccc(C(CCl)N2CCCC2c2nc3c(Br)cccc3[nH]2)c(N2CCN(Cc3cc[nH]n3)CC2)c1
rgfn_drd2,best_candidate,147,147,563,3,0.961387574672699,CCc1ccccc1Cn1cc(CN2CCCC2C(=O)O)c2cc(F)ccc21,CCc1ccccc1Cn1cc(CN2CCCC2CN2CC(C(=O)O)C2)c2cc(F)ccc21
rgfn_drd2,best_candidate,148,148,567,4,0.9613677859306335,Oc1ccc2c(c1)C(c1cccc(Br)c1)N(Cc1cc[nH]n1)C(CN1CCNCC1)C2,Oc1ccc2c(c1)C(c1cccc(Cl)c1)N(Cc1cc[nH]n1)C(CN1CCNCC1)C2
rgfn_drd2,best_candidate,149,149,571,4,0.9609014987945557,C=CCNc1cc(F)ccc1C(CCl)N1CC(CN2CCNCC2)C1,C=CCNc1cc(F)ccc1C(CCl)N1CC(CN2CCN(c3cccc(C=O)c3)CC2)C1
rgfn_drd2,best_candidate,150,150,575,4,0.9604119062423706,Nc1cc(N2CCN(CC3CCCN3Cc3cc[nH]n3)CC2)ccc1O,Fc1cnccc1-c1nc2cc(N3CCN(CC4CCCN4Cc4cc[nH]n4)CC3)ccc2o1
rgfn_drd2,best_candidate,151,151,579,4,0.9603559970855713,CCCNc1cc(C#N)cc(N2CCN(CCO)CC2)c1,CCCN(Cc1cccc(Br)c1)c1cc(C#N)cc(N2CCN(CCO)CC2)c1
rgfn_drd2,best_candidate,152,152,583,4,0.9601238965988159,NC(CCN(Cc1cccc(Br)c1)c1cc(Br)ccc1O)CN1CCNCC1,NC(CCN(Cc1cccc(S)c1)c1cc(Br)ccc1O)CN1CCNCC1
rgfn_drd2,best_candidate,153,153,587,4,0.9601055383682251,c1ccc(-c2c[nH]cn2)c(NCCCN2CCNCC2)c1,Brc1cccc(CN(CCCN2CCNCC2)c2ccccc2-c2c[nH]cn2)c1
rgfn_drd2,best_candidate,154,154,591,4,0.9600610733032227,CCC1c2ccccc2CC(CN2CCNCC2)N1c1ccc(O)c(N)c1,CCC1c2ccccc2CC(CN2CCN(C(CCl)c3ccc(F)cc3F)CC2)N1c1ccc(O)c(N)c1
rgfn_drd2,best_candidate,155,155,595,4,0.9600363373756409,CCCN(Cc1cccc(O)c1)CC(CC(=O)O)NC1CCNCC1,CCCN(Cc1cccc(O)c1)CC(Cc1nc2cc(Br)ccc2o1)NC1CCNCC1
rgfn_drd2,best_candidate,156,156,599,4,0.9593662619590759,NCCCNC(CS)CN1CCC(NCc2cccc(O)c2)CC1,NCCCN(c1cccnc1F)C(CS)CN1CCC(NCc2cccc(O)c2)CC1
rgfn_drd2,best_candidate,157,157,603,4,0.9591638445854187,O=C(O)CCNS(=O)(=O)c1ccc(N2CCN(Cc3c[nH]c4ccc(F)cc34)CC2)nc1,O=S(=O)(NCCCN1CCNCC1)c1ccc(N2CCN(Cc3c[nH]c4ccc(F)cc34)CC2)nc1
rgfn_drd2,best_candidate,158,158,606,3,0.9590410590171814,O=Cc1cccc(N2CCN(C3CCNCC3)CC2)c1,O=C(O)C1Cc2ccccc2C(c2cccc(N3CCN(C4CCNCC4)CC3)c2)N1
rgfn_drd2,best_candidate,159,159,610,4,0.958855390548706,CC(C)C(N)CN1C(CN2CC(C(=O)O)C2)Cc2ccccc2C1c1c[nH]c2ccc(Br)cc12,CC(C)C(N)CN1C(CN2CC(C(=O)O)C2)Cc2ccccc2C1c1c[nH]c2ccc(I)cc12
rgfn_drd2,best_candidate,160,160,614,4,0.9585879445075989,N#Cc1cncc(N2CCN(CCCNCc3cccc(O)c3)CC2)c1,N#Cc1cncc(N2CCN(CCCN(Cc3cccc(O)c3)Cc3cccc(Br)c3)CC2)c1
rgfn_drd2,best_candidate,161,161,618,4,0.9585819840431213,NCCCNC(CS)CN1CCN(C(CCl)c2ccc(F)cc2F)CC1,NCCCN(c1ccc2[nH]cc(C=O)c2c1)C(CS)CN1CCN(C(CCl)c2ccc(F)cc2F)CC1
rgfn_drd2,best_candidate,162,162,621,3,0.9584454894065857,O=C(O)C1Cc2ccc(O)cc2C(CNCc2cccc(O)c2)N1,O=C(O)C1CCN(CC2Cc3ccc(O)cc3C(CNCc3cccc(O)c3)N2)CC1
rgfn_drd2,best_candidate,163,163,625,4,0.9579083323478699,CCCN1CCN(c2ccccc2C2NC(C(=O)O)Cc3ccccc32)CC1,CCCN1CCN(c2ccccc2C2NC(c3nc4cccc(Br)c4[nH]3)Cc3ccccc32)CC1
rgfn_drd2,best_candidate,164,164,629,4,0.957855761051178,NCCCCC(N)CN1CCC(N2CCN(c3nccc(C=O)c3F)CC2)CC1,NCCCCC(N)CN1CCC(N2CCN(c3nccc(-c4nc5cc(Br)ccc5o4)c3F)CC2)CC1
rgfn_drd2,best_candidate,165,165,633,4,0.9575464129447937,C=CCNc1cc(F)ccc1C(CCl)NC(CS)CN1CCC(C(=O)O)CC1,C=CCNc1cc(F)ccc1C(CCl)NC(CS)CN1CCC(c2nc3cc(Br)ccc3o2)CC1
rgfn_drd2,best_candidate,166,166,637,4,0.957047164440155,CCCN1CCN(C(Cn2cnc(Br)c2)c2ccc(F)cc2F)CC1,CCCN1CCN(C(Cn2cnc(-c3ccc(F)cc3C)c2)c2ccc(F)cc2F)CC1
rgfn_drd2,best_candidate,167,167,641,4,0.9566495418548584,CCC1NC(CN2CCC(c3nc4cc(Br)ccc4o3)CC2)Cc2ccccc21,C#Cc1ccc2oc(C3CCN(CC4Cc5ccccc5C(CC)N4)CC3)nc2c1
rgfn_drd2,best_candidate,168,168,645,4,0.9559289813041687,Fc1ccc(C(CCl)N2CCC2CN2CC(c3nc4cc(Br)ccc4o3)C2)c(F)c1,Oc1ccc2oc(C3CN(CC4CCN4C(CCl)c4ccc(F)cc4F)C3)nc2c1
rgfn_drd2,best_candidate,169,169,649,4,0.955833911895752,NC(=O)CCC(N)CN1CCN(c2cnc(F)c(-c3ccc(O)c(N)c3)c2)CC1,CCCNC(CCC(N)=O)CN1CCN(c2cnc(F)c(-c3ccc(O)c(N)c3)c2)CC1
rgfn_drd2,best_candidate,170,170,653,4,0.9558303356170654,CCCNC(CC1CCCCC1)CN1CCN(c2cccnc2OC)CC1,CCCN(Cc1cccc(Br)c1)C(CC1CCCCC1)CN1CCN(c2cccnc2OC)CC1
rgfn_drd2,best_candidate,171,171,657,4,0.9556359052658081,CCCN1CCC(N2CCN(c3c[nH]cn3)CC2)CC1,CCCN1CCC(N2CCN(c3cn(CC(=O)c4ccc(F)cc4)cn3)CC2)CC1
rgfn_drd2,best_candidate,172,172,661,4,0.9556195735931396,NC(Cc1ccccc1)CN(CCC(N)c1nc2cc(Br)ccc2o1)C1CCC1,NC(Cc1ccccc1)CN(CCC(NCCC(=O)O)c1nc2cc(Br)ccc2o1)C1CCC1
rgfn_drd2,best_candidate,173,173,665,4,0.9555256366729736,CC(C)C(CN(CCO)Cc1cccc(O)c1)NCCCN,CC(C)C(CN(CCO)Cc1cccc(O)c1)N(CCCN)Cc1c[nH]c2ccc(F)cc12
rgfn_drd2,best_candidate,174,174,669,4,0.955406665802002,CCCN(c1ccc(C#N)c(CBr)c1)C(CC(N)=O)CN1CCC(C(=O)O)CC1,CCCN(c1ccc(C#N)c(CBr)c1)C(CC(N)=O)CN1CCC(c2nc3c(Br)cccc3[nH]2)CC1
rgfn_drd2,best_candidate,175,175,672,3,0.9553214311599731,CC(C)C(CN1CCNCC1)NCc1ccc(F)c(F)c1F,CC(C)C(CN1CCN(c2cccc(C=O)c2)CC1)NCc1ccc(F)c(F)c1F
rgfn_drd2,best_candidate,176,176,676,4,0.9552689790725708,CCCN(c1cc(F)ccc1C(=O)CCl)C(CS)CN1CCC(C(=O)O)CC1,CCCN(c1cc(F)ccc1C(CCl)NCc1cccc(O)c1)C(CS)CN1CCC(C(=O)O)CC1
rgfn_drd2,best_candidate,177,177,680,4,0.9552515149116516,CCCN1CCC(N(CC(N)Cc2ccccc2)c2ccccc2B(O)O)CC1,CCCN1CCC(N(CC(N)Cc2ccccc2)c2ccccc2-c2nc(C)c[nH]2)CC1
rgfn_drd2,best_candidate,178,178,684,4,0.9552015662193298,CCCN1CCN(c2ccc(O)c(NCc3ccc(C(=O)O)cc3)c2)CC1,CCCN1CCN(c2ccc(O)c(N(Cc3ccc(C(=O)O)cc3)C(CCl)c3ccc(F)cc3F)c2)CC1
rgfn_drd2,best_candidate,179,179,688,4,0.9550734758377075,N#Cc1cncc(N2CCN(CC3CCN3CCC(N)C(=O)O)CC2)c1,N#Cc1cncc(N2CCN(CC3CCN3CCC(N)c3nc4c(Br)cccc4[nH]3)CC2)c1
rgfn_drd2,best_candidate,180,180,692,4,0.9550188183784485,NC(CS)CN1CCC(N2CCN(c3ncccc3I)CC2)CC1,Cc1cc(F)ccc1-c1cccnc1N1CCN(C2CCN(CC(N)CS)CC2)CC1
rgfn_drd2,best_candidate,181,181,696,4,0.9546599388122559,C=CCNC(CCl)c1ccc(F)cc1N1CCCC1CN1CCNCC1,C=CCNC(CCl)c1ccc(F)cc1N1CCCC1CN1CCN(c2ccc(S(=O)(=O)F)cn2)CC1
rgfn_drd2,best_candidate,182,182,699,3,0.9543830156326294,CCC1NC(CN2CC(C(=O)O)C2)Cc2ccccc21,CCC1NC(CN2CC(CNCc3cccc(O)c3)C2)Cc2ccccc21
rgfn_drd2,best_candidate,183,183,703,4,0.9543707370758057,NC(CS)CN(c1cc(F)ccc1O)C1CN(Cc2cccc(Br)c2)C1,Oc1ccc(F)cc1N(CC(CS)NCc1cc[nH]n1)C1CN(Cc2cccc(Br)c2)C1
rgfn_drd2,best_candidate,184,184,704,1,0.9538556337356567,NC(CS)CN1CCC(NCc2cccc(O)c2)CC1,NC(CS)CN1CCC(N(Cc2cccc(O)c2)C(CCl)c2ccc(F)cc2)CC1
rgfn_drd2,best_candidate,185,185,707,3,0.9535746574401855,NC(CNC(CS)CN1CCNCC1)Cc1ccccc1,Nc1cc(N2CCN(CC(CS)NCC(N)Cc3ccccc3)CC2)ccc1O
rgfn_drd2,best_candidate,186,186,711,4,0.9534074664115906,CCC1NC(CN2CCN(C3CCC3)CC2)Cc2ccccc21,CCC1c2ccccc2CC(CN2CCN(C3CCC3)CC2)N1c1ncccc1N
rgfn_drd2,best_candidate,187,187,714,3,0.9528833031654358,O=C(CCl)c1ccc(F)cc1N1CCC(NCc2cccc(O)c2)CC1,Oc1cccc(CNC2CCN(c3cc(F)ccc3C(CCl)N3CCC(O)CC3)CC2)c1
rgfn_drd2,best_candidate,188,188,718,4,0.9527175426483154,CCCN1CCN(c2ncc(Br)cc2-c2cccnc2OC)CC1,CCCN1CCN(c2ncc(N3CCC(=O)CC3)cc2-c2cccnc2OC)CC1
rgfn_drd2,best_candidate,189,189,722,4,0.952186644077301,Oc1cccc(CNC2CCN(CC3CN(Cc4cccc(Br)c4)C3)CC2)c1,Nc1ccc(-c2cccc(CN3CC(CN4CCC(NCc5cccc(O)c5)CC4)C3)c2)cn1
rgfn_drd2,best_candidate,190,190,726,4,0.9520797729492188,Nc1cc(-c2cc(Br)cnc2N2CCN(CC(N)CC3CCCCC3)CC2)ccc1O,Nc1cc(-c2cc(Cl)cnc2N2CCN(CC(N)CC3CCCCC3)CC2)ccc1O
rgfn_drd2,best_candidate,191,191,730,4,0.9514394998550415,CCCNC(CN1CCN(c2ccc(C(F)(F)F)cn2)CC1)C(C)C,CCCN(CCC)C(CN1CCN(c2ccc(C(F)(F)F)cn2)CC1)C(C)C
rgfn_drd2,best_candidate,192,192,734,4,0.9509406685829163,SCC(CN1CCN(Cc2cccc(Br)c2)CC1)NC1CCC1,O=C(CCl)c1ccc(F)cc1N(C1CCC1)C(CS)CN1CCN(Cc2cccc(Br)c2)CC1
rgfn_drd2,best_candidate,193,193,737,3,0.9509070515632629,NC(Cc1ccccc1)CN1CCC(NC2CCC2)CC1,Ic1cccnc1NC(Cc1ccccc1)CN1CCC(NC2CCC2)CC1
rgfn_drd2,best_candidate,194,194,741,4,0.9507920145988464,NC(=O)CC(N)CN1CC(CN2CCN(c3cccc(C=O)c3)CC2)C1,NC(=O)CC(N)CN1CC(CN2CCN(c3cccc(-c4nc5cc(Br)ccc5o4)c3)CC2)C1
rgfn_drd2,best_candidate,195,195,745,4,0.9507632255554199,Nc1cc(N2CCN(CC3CCN3Cc3ccc(C(=O)O)cc3)CC2)ccc1O,Nc1cc(N2CCN(CC3CCN3Cc3ccc(-c4nc5cc(Br)ccc5o4)cc3)CC2)ccc1O
rgfn_drd2,best_candidate,196,196,749,4,0.9507343173027039,O=Cc1ccnc(N2CCN(CC3CCN(Cc4cc[nH]n4)CC3)CC2)c1,Fc1ccc2oc(-c3ccnc(N4CCN(CC5CCN(Cc6cc[nH]n6)CC5)CC4)c3)nc2c1
rgfn_drd2,best_candidate,197,197,753,4,0.9507268667221069,O=C1CCN(c2cccc(CN3CCCC3c3nc4cc(Br)ccc4[nH]3)c2)CC1,Brc1ccc2[nH]c(C3CCCN3Cc3cccc(N4CCC(N5CCNCC5)CC4)c3)nc2c1
rgfn_drd2,best_candidate,198,198,757,4,0.9504032135009766,CCCN1CCC(N(Cc2cccc(Br)c2)C(CS)C(=O)O)CC1,CCCN1CCC(N(Cc2cccc(Br)c2)C(CS)c2nc3c(Br)cccc3[nH]2)CC1
rgfn_drd2,best_candidate,199,199,761,4,0.9503599405288696,C=CCNCCCN1CC(Nc2cc(Br)ccc2O)C1,C=CCNCCCN1CC(N(c2ccc(N)cc2)c2cc(Br)ccc2O)C1
rgfn_drd2,best_candidate,200,200,765,4,0.9498353004455566,NCCCN(Cc1cccc(O)c1)C1CN(Cc2cc[nH]n2)C1,Oc1cccc(CN(CCCNCc2cccc(Br)c2)C2CN(Cc3cc[nH]n3)C2)c1
rgfn_drd2,best_candidate,201,201,769,4,0.9497690200805664,NC(=O)CC(CN1CCN(c2ccc3[nH]cc(C=O)c3c2)CC1)NC1CCNCC1,NC(=O)CC(CN1CCN(c2ccc3[nH]cc(-c4nc5cc(Br)ccc5o4)c3c2)CC1)NC1CCNCC1
rgfn_drd2,best_candidate,202,202,773,4,0.9494581818580627,CCCNC(CS)CN1CCC1CNCc1cccc(O)c1,CCCN(c1cccnc1F)C(CS)CN1CCC1CNCc1cccc(O)c1
rgfn_drd2,best_candidate,203,203,777,4,0.9493178725242615,CCCN(CCC)C(CNc1cc(Br)ccc1O)C(C)C,CCCN(CCC)C(CN(Cc1cccc(Br)c1)c1cc(Br)ccc1O)C(C)C
rgfn_drd2,best_candidate,204,204,781,4,0.9486913681030273,CCCN1CCN(c2nccc(-c3nc4cc(Br)ccc4o3)c2F)CC1,CCCN1CCN(c2nccc(-c3nc4cc(I)ccc4o3)c2F)CC1
rgfn_drd2,best_candidate,205,205,785,4,0.9485538601875305,CCC1c2cc(O)ccc2CC(CN2CCNCC2)N1Cc1cccc(Br)c1,CCC1c2cc(O)ccc2CC(CN2CCNCC2)N1Cc1cccc(-c2cccnc2Br)c1
rgfn_drd2,best_candidate,206,206,789,4,0.9483338594436646,NC(=O)CCC(N)CN1CCN(c2c(CNc3ccccc3B(O)O)ccc(F)c2F)CC1,COc1ncccc1-c1ccccc1NCc1ccc(F)c(F)c1N1CCN(CC(N)CCC(N)=O)CC1
rgfn_drd2,best_candidate,207,207,793,4,0.9477714896202087,CCCN1C(CN2CCCC2CO)Cc2ccccc2C1CC,CCCN1C(CN2CCCC2COCC(=O)c2ccc(F)cc2)Cc2ccccc2C1CC
rgfn_drd2,best_candidate,208,208,797,4,0.9477161169052124,C=CCNCC(CC(=O)O)N(CCC)CCC,C=CCNCC(Cc1nc2cc(Br)ccc2o1)N(CCC)CCC
rgfn_drd2,best_candidate,209,209,801,4,0.9476980566978455,CCCN1CCN(c2cccc(C3NC(C(=O)O)Cc4ccccc43)c2)CC1,CCCN1CCN(c2cccc(C3c4ccccc4CC(C(=O)O)N3CC(N)CS)c2)CC1
rgfn_drd2,best_candidate,210,210,805,4,0.947380781173706,CCC1c2ccccc2CC(CN2CCCC(CO)C2)N1Cc1cccc(Br)c1,CCC1c2ccccc2CC(CN2CCCC(CO)C2)N1Cc1cccc(-c2cccc(F)c2F)c1
rgfn_drd2,best_candidate,211,211,808,3,0.947120726108551,C=CCNc1cc(F)ccc1C(CCl)N1CCC(C(=O)O)CC1,C=CCNc1cc(F)ccc1C(CCl)N1CCC(CNCc2cccc(O)c2)CC1
rgfn_drd2,best_candidate,212,212,812,4,0.9468342661857605,CCCN(C(CCl)c1ccc(F)cc1)C(CN1CCC(C(=O)O)CC1)C(C)C,CCCN(C(CCl)c1ccc(F)cc1)C(CN1CCC(c2nc3c(Br)cccc3[nH]2)CC1)C(C)C
rgfn_drd2,best_candidate,213,213,816,4,0.9462758302688599,Oc1cccc(CNCCN2CCC(NC3CCCCC3O)CC2)c1,Oc1cccc(CN(CCN2CCC(NC3CCCCC3O)CC2)c2cccnc2F)c1
rgfn_drd2,best_candidate,214,214,819,3,0.9461325407028198,O=C1Cc2ccc(C(CCl)N3CCCC3CN3CCNCC3)cc2N1,O=C1Cc2ccc(C(CCl)N3CCCC3CN3CCN(c4cccnc4F)CC3)cc2N1
rgfn_drd2,best_candidate,215,215,823,4,0.9460672736167908,CCCN(C1CCNCC1)C(CNCc1cccc(O)c1)CC(N)=O,CCCN(C1CCN(C(CCl)c2ccc(F)cc2)CC1)C(CNCc1cccc(O)c1)CC(N)=O
rgfn_drd2,best_candidate,216,216,826,3,0.9456522464752197,O=Cc1cccc(N2CCN(Cc3ccc(C(F)(F)F)c(F)c3)CC2)c1,Fc1cc(CN2CCN(c3cccc(CNC4CCCCC4)c3)CC2)ccc1C(F)(F)F
rgfn_drd2,best_candidate,217,217,830,4,0.9455878138542175,CCCN(CC1Cc2ccccc2C(CC)N1)C(CS)C(=O)O,CCCN(CC1Cc2ccccc2C(CC)N1)C(CS)c1nc2cc(Br)ccc2o1
rgfn_drd2,best_candidate,218,218,834,4,0.9452937841415405,NC(=O)CC(N)CN1CCN(c2cc(F)ccc2C(CCl)Nc2ccccc2B(O)O)CC1,Cc1c[nH]c(-c2ccccc2NC(CCl)c2ccc(F)cc2N2CCN(CC(N)CC(N)=O)CC2)n1
rgfn_drd2,best_candidate,219,219,838,4,0.9447129368782043,O=C(O)CC(CN(Cc1cccc(O)c1)C(CCl)c1ccc(F)cc1F)NCc1cc[nH]n1,O=C(O)C1CCCN1CCC(CN(Cc1cccc(O)c1)C(CCl)c1ccc(F)cc1F)NCc1cc[nH]n1
rgfn_drd2,best_candidate,220,220,842,4,0.9445391297340393,Nc1cc(-c2cc(N3CCN(Cc4cccc(Br)c4)CC3)cnc2F)ccc1O,Nc1cc(-c2cc(N3CCN(Cc4cccc(N5CCC(=O)CC5)c4)CC3)cnc2F)ccc1O
rgfn_drd2,best_candidate,221,221,846,4,0.9442691206932068,CC(C)C(N)CN1CCC1CN(c1cc(Br)ccc1O)C1CCNCC1,CC(C)C(N)CN1CCC1CN(c1cc(Br)ccc1O)C1CCN(Cc2cccc(Br)c2)CC1
rgfn_drd2,best_candidate,222,222,850,4,0.9438764452934265,CCCN(CC(N)Cc1ccccc1)C(CS)CNc1cc(Br)ccc1O,CCCN(CC(N)Cc1ccccc1)C(CS)CN(c1cc(Br)ccc1O)C1CCNCC1
rgfn_drd2,best_candidate,223,223,854,4,0.943832516670227,CCC1c2ccccc2CC(CN2CCNCC2)N1Cc1ccnc(Br)c1F,CCC1c2ccccc2CC(CN2CCNCC2)N1Cc1ccnc(-c2ccc(N)cc2)c1F
rgfn_drd2,best_candidate,224,224,858,4,0.9438261389732361,CCCN(CCC)C(CNc1cc(Br)ccc1O)Cc1ccccc1,CCCN(CCC)C(Cc1ccccc1)CN(c1cc(Br)ccc1O)C(CCl)c1ccc(F)cc1F
rgfn_drd2,best_candidate,225,225,861,3,0.9437829256057739,CN1CCCC(Cn2cc(CN3CCNCC3)c3cc(F)ccc32)C1,Cc1cnc(F)cc1N1CCN(Cc2cn(CC3CCCN(C)C3)c3ccc(F)cc23)CC1
rgfn_drd2,best_candidate,226,226,865,4,0.9434506893157959,O=C1CCN(c2ccc3oc(C4CCN(CCO)CC4)nc3c2)CC1,OCCN1CCC(c2nc3cc(N4CCC(NCc5cccc(O)c5)CC4)ccc3o2)CC1
rgfn_drd2,best_candidate,227,227,869,4,0.9434153437614441,OCCN1CCC(N(Cc2c[nH]c3ccc(F)cc23)c2cc(Br)ccc2O)CC1,O=C1CCN(c2ccc(O)c(N(Cc3c[nH]c4ccc(F)cc34)C3CCN(CCO)CC3)c2)CC1
rgfn_drd2,best_candidate,228,228,873,4,0.9426477551460266,CC(C)C(N)CN1CCC(N(c2cc(Br)ccc2O)C(CCl)c2ccc3c(c2)NC(=O)C3)CC1,CC(C)C(N)CN1CCC(N(c2cc(Cl)ccc2O)C(CCl)c2ccc3c(c2)NC(=O)C3)CC1
rgfn_drd2,best_candidate,229,229,877,4,0.9415515661239624,O=Cc1ccc(C(F)(F)F)cc1N1CCN(C2CCN(Cc3cccc(Br)c3)CC2)CC1,O=Cc1ccc(C(F)(F)F)cc1N1CCN(C2CCN(Cc3cccc(Cl)c3)CC2)CC1
rgfn_drd2,best_candidate,230,230,881,4,0.9414204955101013,O=C(O)C1Cc2ccccc2C(c2cccc(N3CCN(Cc4cccc(Br)c4)CC3)c2)N1,O=C(O)C1CCCN1CC1Cc2ccccc2C(c2cccc(N3CCN(Cc4cccc(Br)c4)CC3)c2)N1
rgfn_drd2,best_candidate,231,231,885,4,0.9409798979759216,CCCN1C(CNc2cc(Br)ccc2O)Cc2ccccc2C1CC,CCCN1C(CN(CC(N)C(C)C)c2cc(Br)ccc2O)Cc2ccccc2C1CC
rgfn_drd2,best_candidate,232,232,889,4,0.9409787058830261,OCCN(c1cc(F)ccc1O)C1CCN(Cc2cccc(Br)c2)CC1,Nc1ccc(-c2cccc(CN3CCC(N(CCO)c4cc(F)ccc4O)CC3)c2)cc1
rgfn_drd2,best_candidate,233,233,893,4,0.9407383799552917,C=CCNCCCN(CC=C)Cc1cccc(Br)c1,C=CCN(CCCN(CC=C)C(CCl)c1ccc(F)cc1)Cc1cccc(Br)c1
rgfn_drd2,best_candidate,234,234,897,4,0.9406101703643799,CCCN1CCN(c2ccc(O)c(Nc3cc(C(F)(F)F)ccc3C=O)c2)CC1,CCCN1CCN(c2ccc(O)c(N(CC(N)C(C)C)c3cc(C(F)(F)F)ccc3C=O)c2)CC1
rgfn_drd2,best_candidate,235,235,901,4,0.9405092597007751,CCC1c2ccccc2CC(CN2CC(C(=O)O)C2)N1Cc1cccc(Br)c1,CCC1c2ccccc2CC(CN2CC(C(=O)O)C2)N1Cc1cccc(I)c1
rgfn_drd2,best_candidate,236,236,905,4,0.9403524398803711,O=C(O)C1Cc2ccccc2C(CCN2CCN(c3c[nH]cn3)CC2)N1,C=CCNCC1Cc2ccccc2C(CCN2CCN(c3c[nH]cn3)CC2)N1
rgfn_drd2,best_candidate,237,237,909,4,0.940200924873352,O=C1CCN(CC2Cc3ccc(O)cc3C(c3cccc(-c4ccccc4Cl)c3)N2)CC1,O=C1CCN(C2CCN(CC3Cc4ccc(O)cc4C(c4cccc(-c5ccccc5Cl)c4)N3)CC2)CC1
rgfn_drd2,best_candidate,238,238,913,4,0.9396629929542542,NC(=O)CC(N)CN1CCN(c2ncc(Br)cc2-c2ccc(O)c(N)c2)CC1,CCCNC(CC(N)=O)CN1CCN(c2ncc(Br)cc2-c2ccc(O)c(N)c2)CC1
rgfn_drd2,best_candidate,239,239,917,4,0.9395333528518677,CCCNC(CC(N)=O)CN1CC(c2nc3cc(Br)ccc3o2)C1,CCCN(C(CC(N)=O)CN1CC(c2nc3cc(Br)ccc3o2)C1)C(CCl)c1ccc(F)cc1F
rgfn_drd2,best_candidate,240,240,921,4,0.9394577741622925,CCCN1CCC(N(c2cccc(C=O)c2)C2CCCCC2O)CC1,CCCN1CCC(N(c2cccc(-c3nc4cc(Br)ccc4o3)c2)C2CCCCC2O)CC1
rgfn_drd2,best_candidate,241,241,924,3,0.939368724822998,CCCN1CCC(CNCCc2ccc(S(N)(=O)=O)cc2)CC1,CCCN1CCC(CN2CCc3ccc(S(N)(=O)=O)cc3C2c2cccc(Br)c2)CC1
rgfn_drd2,best_candidate,242,242,928,4,0.938223659992218,CC(C)(CN1CCC(C(=O)O)CC1)NC1CCN(c2c[nH]cn2)CC1,CC(C)(CN1CCC(c2nc3cc(Br)ccc3o2)CC1)NC1CCN(c2c[nH]cn2)CC1
rgfn_drd2,best_candidate,243,243,932,4,0.9379786252975464,CCCNC(CS)CN1CCN(c2ccc(O)c(N)c2)CC1,CCCN(C(CS)CN1CCN(c2ccc(O)c(N)c2)CC1)C(CBr)c1ccc(C#N)cc1
rgfn_drd2,best_candidate,244,244,936,4,0.9375192523002625,C=CCN(c1cccc(C=O)c1)C1CN(CCC)C1,C=CCN(c1cccc(C2NC(C(=O)O)Cc3ccc(O)cc32)c1)C1CN(CCC)C1
rgfn_drd2,best_candidate,245,245,940,4,0.9374834299087524,O=C(O)C1CN(CC2Cc3ccc(O)cc3C(c3ccnc(-c4ccccc4Cl)c3F)N2)C1,O=C(O)C1CCCN1CC1CN(CC2Cc3ccc(O)cc3C(c3ccnc(-c4ccccc4Cl)c3F)N2)C1
rgfn_drd2,best_candidate,246,246,944,4,0.9373941421508789,CCCN(CCC(N)C(=O)O)C(CS)CNCc1cccc(O)c1,CCCN(CCC(N)c1nc2cc(Br)ccc2o1)C(CS)CNCc1cccc(O)c1
rgfn_drd2,best_candidate,247,247,948,4,0.9368912577629089,CCCNC(CC(=O)O)CN1CCN(c2ccc(S(=O)(=O)F)cn2)CC1,CCCNC(CCNCc1cccc(O)c1)CN1CCN(c2ccc(S(=O)(=O)F)cn2)CC1
rgfn_drd2,best_candidate,248,248,952,4,0.9367846846580505,CC(C)C(N)CN1CCCC1CN(Cc1cc[nH]n1)c1cc(Br)ccc1O,Cc1cc(F)ccc1-c1ccc(O)c(N(Cc2cc[nH]n2)CC2CCCN2CC(N)C(C)C)c1
rgfn_drd2,best_candidate,249,249,956,4,0.9364622831344604,OCCN1CCN(c2ccc3[nH]cc(CNCc4cccc(O)c4)c3c2)CC1,NC(Cc1cccs1)CN(Cc1cccc(O)c1)Cc1c[nH]c2ccc(N3CCN(CCO)CC3)cc12
rgfn_drd2,best_candidate,250,250,960,4,0.9360184073448181,C=CCN(Cc1cccc(Br)c1)CC1CCN(Cc2ccc(F)cc2)CC1,C=CCN(Cc1cccc(-c2ccc(F)cc2C)c1)CC1CCN(Cc2ccc(F)cc2)CC1
rgfn_drd2,best_candidate,251,251,961,1,0.9357935786247253,O=C(O)C1Cc2ccc(O)cc2C(CNCc2cccc(O)c2)N1,O=C(O)C1Cc2ccc(O)cc2C(CN(Cc2cccc(O)c2)C2CCNCC2)N1
rgfn_drd2,best_candidate,252,252,965,4,0.9346025586128235,O=Cc1ccccc1N1CCN(CC2Cc3ccccc3C(c3cccc(Br)c3)N2)CC1,NC1(CN2C(CN3CCN(c4ccccc4C=O)CC3)Cc3ccccc3C2c2cccc(Br)c2)CCC1
rgfn_drd2,best_candidate,253,253,969,4,0.9325379729270935,Cc1cc(F)ccc1-c1cccc(C2NC(CN3CCNCC3)Cc3ccccc32)c1,Cc1cc(F)ccc1-c1cccc(C2c3ccccc3CC(CN3CCNCC3)N2CCO)c1
rgfn_drd2,best_candidate,254,254,973,4,0.932475745677948,CCCNC(Cc1ccccc1)CN1CCN(Cc2cccc(Br)c2)CC1,CCCNC(Cc1ccccc1)CN1CCN(Cc2cccc(-c3ccc(F)cc3C)c2)CC1
rgfn_drd2,best_candidate,255,255,977,4,0.9323303699493408,CCCN1CCN(c2cn(CC(=O)c3ccc(F)cc3)cn2)CC1,CCCN1CCN(c2cn(CC(Nc3cc(Br)cc(C#N)c3)c3ccc(F)cc3)cn2)CC1
rgfn_drd2,best_candidate,256,256,981,4,0.9319965243339539,CC(C)C(N)CN1CC(CN2CCN(c3ccccc3C=O)CC2)C1,CC(C)C(N)CN1CC(CN2CCN(c3ccccc3-c3nc4cc(Br)ccc4o3)CC2)C1
rgfn_drd2,best_candidate,257,257,985,4,0.9318639039993286,SCC(CN1CC(c2nc3cc(Br)ccc3o2)C1)NC1CCNCC1,SCC(CN1CC(c2nc3cc(Br)ccc3o2)C1)NC1CCN(C2CCC2)CC1
rgfn_drd2,best_candidate,258,258,989,4,0.931695818901062,CCCN1C(CNC(CS)C(=O)O)Cc2ccc(O)cc2C1CC,CCCN1C(CNC(CS)c2nc3cccc(Br)c3[nH]2)Cc2ccc(O)cc2C1CC
rgfn_drd2,best_candidate,259,259,993,4,0.9315258860588074,C=CCN(Cc1ccnc(Br)c1F)C1CCN(Cc2cccc(Br)c2)CC1,C=CCN(Cc1ccnc(Br)c1F)C1CCN(Cc2cccc(-c3ccccc3N)c2)CC1
rgfn_drd2,best_candidate,260,260,997,4,0.9314168691635132,CCCNC(CS)CN1CC(CNc2cc(Br)ccc2O)C1,CCCNC(CS)CN1CC(CN(Cc2cccc(Br)c2)c2cc(Br)ccc2O)C1
rgfn_drd2,best_candidate,261,261,1001,4,0.931388258934021,CCCN1CCC(N2CCN(c3ccc(O)c(N)c3)CC2)CC1,CCCN1CCC(N2CCN(c3ccc(O)c(Nc4ccc(S(=O)(=O)F)cn4)c3)CC2)CC1
rgfn_drd2,best_candidate,262,262,1004,3,0.9313791394233704,Oc1cccc(CN(Cc2cccc(Br)c2)CC2CCCN2)c1,Oc1cccc(CN(Cc2cccc(Br)c2)CC2CCCN2C2CCNCC2)c1
rgfn_drd2,best_candidate,263,263,1008,4,0.9312741756439209,N#Cc1cc(N)cc(N(Cc2cccc(O)c2)CC2CN(C3CCNCC3)C2)c1,N#Cc1cc(N)cc(N(Cc2cccc(O)c2)CC2CN(C3CCN(C(CCl)c4ccc(F)cc4F)CC3)C2)c1
rgfn_drd2,best_candidate,264,264,1012,4,0.9310383200645447,CCC1c2ccccc2CC(CN2CCNCC2)N1CCO,CCC1c2ccccc2CC(CN2CCN(c3ncccc3C(F)(F)F)CC2)N1CCO
rgfn_drd2,best_candidate,265,265,1016,4,0.931006133556366,C=CCN(CC(N)CCN1CCNCC1)c1ccc(O)c(N)c1,C=CCN(CC(N)CCN1CCN(C(CCl)c2ccc(F)cc2F)CC1)c1ccc(O)c(N)c1
rgfn_drd2,best_candidate,266,266,1020,4,0.9306904077529907,C=CCN(Cc1ccc(C(=O)O)cc1)C1CCN(CCC)CC1,C=CCN(Cc1ccc(-c2nc3cccc(Br)c3[nH]2)cc1)C1CCN(CCC)CC1
rgfn_drd2,best_candidate,267,267,1024,4,0.9305616617202759,Cc1cc(C)cc(-c2cccc(CN3CC(CN4CCNCC4)C3)c2)c1,Cc1cc(C)cc(-c2cccc(CN3CC(CN4CCN(c5ccc(O)c(N)c5)CC4)C3)c2)c1
rgfn_drd2,best_candidate,268,268,1028,4,0.9304471611976624,CCCN(Cc1cccc(O)c1)CC1CN(CC(N)CC(N)=O)C1,CCCN(Cc1cccc(O)c1)CC1CN(CC(CC(N)=O)NC(CCl)c2ccc(F)cc2)C1
rgfn_drd2,best_candidate,269,269,1032,4,0.9303279519081116,OB(O)c1cc(Br)cnc1N1CCN(CC(CS)NC2CCNCC2)CC1,O=Cc1cccc(-c2cc(Br)cnc2N2CCN(CC(CS)NC3CCNCC3)CC2)c1
rgfn_drd2,best_candidate,270,270,1036,4,0.9302768707275391,CCCN1CCC(N2C(C(=O)O)Cc3ccccc3C2CC)CC1,CCCN1CCC(N2C(c3nc4cc(C(=O)O)ccc4[nH]3)Cc3ccccc3C2CC)CC1
rgfn_drd2,best_candidate,271,271,1040,4,0.9302038550376892,CCCNC(CS)CN(c1cc(Br)ccc1O)C(CCl)c1ccc2c(c1)NC(=O)C2,CCCN(CCC)C(CS)CN(c1cc(Br)ccc1O)C(CCl)c1ccc2c(c1)NC(=O)C2
rgfn_drd2,best_candidate,272,272,1044,4,0.929897129535675,Cc1ccnc(N2CCN(C3CN(Cc4cccc(Br)c4)C3)CC2)c1N,Cc1ccnc(N2CCN(C3CN(Cc4cccc(Br)c4)C3)CC2)c1NC1CCNCC1
rgfn_drd2,best_candidate,273,273,1048,4,0.9298607110977173,C=CCNCC1CCN(CC2Cc3ccccc3C(c3cccc(Br)c3)N2)CC1,C=CCNCC1CCN(CC2Cc3ccccc3C(c3cccc(O)c3)N2)CC1
rgfn_drd2,best_candidate,274,274,1052,4,0.929800271987915,CCC1c2ccccc2CC(C(=O)O)N1C1CN(CC(N)CCSC)C1,CCC1c2ccccc2CC(c2nc3cc(Br)ccc3o2)N1C1CN(CC(N)CCSC)C1
rgfn_drd2,best_candidate,275,275,1056,4,0.9294574856758118,CCCN1CCN(c2ncc(Br)cc2-c2cccc(C=O)c2)CC1,CCCN1CCN(c2ncc(Br)cc2-c2cccc(C3NC(C(=O)O)Cc4ccccc43)c2)CC1
rgfn_drd2,best_candidate,276,276,1060,4,0.9293690323829651,c1cc(C2NCCc3ccccc32)cc(N2CCN(Cc3cc[nH]n3)CC2)c1,NC(CC(=O)O)CN1CCc2ccccc2C1c1cccc(N2CCN(Cc3cc[nH]n3)CC2)c1
rgfn_drd2,best_candidate,277,277,1063,3,0.9292560815811157,O=C1CCN(c2cc(F)ccc2C(CCl)NCc2cccc(O)c2)CC1,O=C1CCN(C2CCN(c3cc(F)ccc3C(CCl)NCc3cccc(O)c3)CC2)CC1
rgfn_drd2,best_candidate,278,278,1067,4,0.9285100698471069,C=CCNCC(N)CCN1CCC1c1nc2cc(Br)ccc2o1,C=CCN(Cc1ccc(C(F)(F)F)c(F)c1)CC(N)CCN1CCC1c1nc2cc(Br)ccc2o1
rgfn_drd2,best_candidate,279,279,1071,4,0.928193986415863,NC(=O)CC(N)CN1CC(N(Cc2cccc(O)c2)C(CCl)c2ccc(F)cc2F)C1,NCCCNC(CC(N)=O)CN1CC(N(Cc2cccc(O)c2)C(CCl)c2ccc(F)cc2F)C1
rgfn_drd2,best_candidate,280,280,1075,4,0.9278066754341125,NC(CS)CN1CCN(c2cc(F)ccc2C(CCl)NC2CCCCC2)CC1,COc1ncccc1N(C1CCCCC1)C(CCl)c1ccc(F)cc1N1CCN(CC(N)CS)CC1
rgfn_drd2,best_candidate,281,281,1079,4,0.9274976253509521,CCCNC(CCNCc1cccc(O)c1)CNc1cc(Br)ccc1O,CCCN(CC(N)CS)C(CCNCc1cccc(O)c1)CNc1cc(Br)ccc1O
rgfn_drd2,best_candidate,282,282,1083,4,0.9271036386489868,NC(=O)CC(N)CN1CCN(c2cc(F)ccc2C(CCl)NCc2cccc(O)c2)CC1,NC(=O)CC(N)CN1CCN(c2cc(F)ccc2C(CCl)N(Cc2cccc(O)c2)C2CCNCC2)CC1
rgfn_drd2,best_candidate,283,283,1087,4,0.9264903664588928,CCCN(Cc1cccc(O)c1)CC(CCC(N)=O)Nc1c[nH]cn1,CCCN(Cc1cccc(O)c1)CC(CCC(N)=O)N(c1c[nH]cn1)C(CCl)c1ccc(F)cc1F
rgfn_drd2,best_candidate,284,284,1091,4,0.9261960387229919,CCCN1CCC(NC(CNCc2cccc(O)c2)CC(N)=O)CC1,CCCN1CCC(N(Cc2cccc(Br)c2)C(CNCc2cccc(O)c2)CC(N)=O)CC1
rgfn_drd2,best_candidate,285,285,1095,4,0.9257357716560364,NCCCN1CCC(N(CC(N)CS)c2cc(Br)ccc2O)CC1,NC(CS)CN(c1cc(Br)ccc1O)C1CCN(CCCNCc2ccc(C(F)(F)F)c(F)c2)CC1
rgfn_drd2,best_candidate,286,286,1099,4,0.9256948828697205,CC(C)C(N)CN1CCN(c2ncc(Br)cc2-c2csc(Br)n2)CC1,CC(C)C(CN1CCN(c2ncc(Br)cc2-c2csc(Br)n2)CC1)NCCCN
rgfn_drd2,best_candidate,287,287,1103,4,0.9253395199775696,c1ccc2c(c1)CCNC2c1ccccc1N1CCN(Cc2cc[nH]n2)CC1,CC(C)C(N)CN1CCc2ccccc2C1c1ccccc1N1CCN(Cc2cc[nH]n2)CC1
rgfn_drd2,best_candidate,288,288,1107,4,0.9251611232757568,CCCN(CCCN)C1CCCCC1OCc1cccc(F)c1,CCCN(CCCNCc1cccc(Br)c1)C1CCCCC1OCc1cccc(F)c1
rgfn_drd2,best_candidate,289,289,1111,4,0.9249812364578247,CCCNC(CS)CN1CCN(c2cc(F)ccc2C(=O)CCl)CC1,CCCN(CCC)C(CS)CN1CCN(c2cc(F)ccc2C(=O)CCl)CC1
rgfn_drd2,best_candidate,290,290,1115,4,0.9249329566955566,OCCN1CC(N(c2cc(Br)ccc2O)C(CCl)c2ccc(F)cc2F)C1,O=C1CCN(c2ccc(O)c(N(C3CN(CCO)C3)C(CCl)c3ccc(F)cc3F)c2)CC1
rgfn_drd2,best_candidate,291,291,1119,4,0.9248570203781128,CCCN1CCCC1CN(CC(=O)CBr)c1ccccc1B(O)O,CCCN1CCCC1CN(CC(CBr)NCc1cccc(O)c1)c1ccccc1B(O)O
rgfn_drd2,best_candidate,292,292,1123,4,0.9246673583984375,Oc1cccc(CNC(COCCN2CCCC(O)C2)c2ccc(F)cc2F)c1,Oc1cccc(CN(C2CCNCC2)C(COCCN2CCCC(O)C2)c2ccc(F)cc2F)c1
rgfn_drd2,best_candidate,293,293,1126,3,0.924615204334259,NC(CS)CN(Cc1cccc(O)c1)C1CCNCC1,Oc1cccc(CN(CC(CS)NCc2cccc(Br)c2)C2CCNCC2)c1
rgfn_drd2,best_candidate,294,294,1130,4,0.924034595489502,COc1ncccc1NCCCN1CCCC1CNc1cc(Br)ccc1O,COc1ncccc1NCCCN1CCCC1CN(c1cc(Br)ccc1O)C(CCl)c1ccc(F)cc1F
rgfn_drd2,best_candidate,295,295,1134,4,0.9238904118537903,OB(O)c1ccccc1NCCCN1CCC(Nc2cc(Br)ccc2O)CC1,OB(O)c1ccccc1N(CCCN1CCC(Nc2cc(Br)ccc2O)CC1)C1CCNCC1
rgfn_drd2,best_candidate,296,296,1138,4,0.9234288334846497,NC(=O)CC(N)CN(Cc1cccc(O)c1)C1CCN(Cc2cccc(Br)c2)CC1,NC(=O)CC(N)CN(Cc1cccc(O)c1)C1CCN(Cc2cccc(-c3cccc(F)c3F)c2)CC1
rgfn_drd2,best_candidate,297,297,1142,4,0.9231879711151123,CC(C)(N)CN1CCN(c2cccc(CNC3CCCCC3)c2)CC1,CC(C)(N)CN1CCN(c2cccc(CN(Cc3cccc(Br)c3)C3CCCCC3)c2)CC1
rgfn_drd2,best_candidate,298,298,1146,4,0.9230002164840698,O=C1Cc2ccc(C(CCl)NC(CS)CN3CCN(c4nc(Br)cs4)CC3)cc2N1,CCCN(C(CS)CN1CCN(c2nc(Br)cs2)CC1)C(CCl)c1ccc2c(c1)NC(=O)C2
rgfn_drd2,best_candidate,299,299,1149,3,0.9228441715240479,O=C(O)C(CS)NCC1Cc2ccccc2C(c2cccc(Br)c2)N1,O=C(O)C1CCN(CC(CS)NCC2Cc3ccccc3C(c3cccc(Br)c3)N2)CC1
rgfn_drd2,best_candidate,300,300,1153,4,0.9225574731826782,N=C(N)NCCCC(N)CN1CCN(c2cc(F)ccc2C(CCl)NC(CS)C(=O)O)CC1,N=C(N)NCCCC(N)CN1CCN(c2cc(F)ccc2C(CCl)NC(CS)c2nc3cc(Br)ccc3o2)CC1
rgfn_drd2,hub_batching,1,1,3,3,0.9944125413894653,CCCN(CC(N)Cc1ccccc1)C1CCCCC1O,CCCN(CC1Cc2ccccc2C(c2c[nH]c3cc(Br)ccc23)N1)C1CCCCC1O
rgfn_drd2,hub_batching,2,2,4,1,0.9904481172561646,CCCN(CC(N)Cc1ccccc1)C1CCCCC1O,CCCN(CC(Cc1ccccc1)NCc1c[nH]c2cc(Br)ccc12)C1CCCCC1O
rgfn_drd2,hub_batching,3,3,5,1,0.977799117565155,CCCN(CC(N)Cc1ccccc1)C1CCCCC1O,CCCN(CC1Cc2ccccc2C(c2ccc(N)c(Br)c2)=N1)C1CCCCC1O
rgfn_drd2,hub_batching,4,4,6,1,0.9331638216972351,CCCN(CC(N)Cc1ccccc1)C1CCCCC1O,CCCN(CC1Cc2ccccc2C(C(N)Cc2c[nH]c3ccccc23)=N1)C1CCCCC1O
rgfn_drd2,hub_batching,5,5,7,1,0.9311897158622742,CCCN(CC(N)Cc1ccccc1)C1CCCCC1O,CCCN(CC(Cc1ccccc1)Nc1ccnc(F)c1)C1CCCCC1O
rgfn_drd2,hub_batching,6,6,8,1,0.9155023097991943,CCCN(CC(N)Cc1ccccc1)C1CCCCC1O,CCCN(CC(Cc1ccccc1)NC(CCl)c1ccc(Cl)c(Cl)c1)C1CCCCC1O
rgfn_drd2,hub_batching,7,7,9,1,0.8723602294921875,CCCN(CC(N)Cc1ccccc1)C1CCCCC1O,CCCN(CC(N)Cc1ccccc1)C1CCCCC1OC(=O)c1ccc(N)c(Br)c1
rgfn_drd2,hub_batching,8,8,10,1,0.8615089654922485,CCCN(CC(N)Cc1ccccc1)C1CCCCC1O,CCCN(CC(N)Cc1ccccc1)C1CCCCC1OCc1cc(F)ccc1C#N
rgfn_drd2,hub_batching,9,9,11,1,0.7627686262130737,CCCN(CC(N)Cc1ccccc1)C1CCCCC1O,CCCN(CC(Cc1ccccc1)NCC(N)Cc1cccs1)C1CCCCC1O
rgfn_drd2,hub_batching,10,10,12,1,0.7226089239120483,CCCN(CC(N)Cc1ccccc1)C1CCCCC1O,CCCN(CC(Cc1ccccc1)NC(=O)NCCc1c[nH]c2ccc(O)cc12)C1CCCCC1O
rgfn_drd2,hub_batching,11,11,13,1,0.7163724303245544,CCCN(CC(N)Cc1ccccc1)C1CCCCC1O,CCCN(CC(Cc1ccccc1)NC(=O)c1ccc(N)c(Br)c1)C1CCCCC1O
rgfn_drd2,hub_batching,12,12,16,3,0.9999997615814209,CCC1c2ccccc2CCN1CCCN,CCC1c2ccccc2CCN1CCCNCc1c[nH]c2ccc(F)cc12
rgfn_drd2,hub_batching,13,13,17,1,0.9999867081642151,CCC1c2ccccc2CCN1CCCN,CCC1c2ccccc2CCN1CCCNC(CCl)c1ccc(Cl)c(Cl)c1
rgfn_drd2,hub_batching,14,14,18,1,0.9965258240699768,CCC1c2ccccc2CCN1CCCN,CCC1c2ccccc2CCN1CCCNCC(N)Cc1ccc(O)cc1
rgfn_drd2,hub_batching,15,15,19,1,0.9912731051445007,CCC1c2ccccc2CCN1CCCN,CCC1c2ccccc2CCN1CCCNc1ccnc(F)c1
rgfn_drd2,hub_batching,16,16,20,1,0.9902963638305664,CCC1c2ccccc2CCN1CCCN,CCC1c2ccccc2CCN1CCCNCc1nc(Cl)sc1C
rgfn_drd2,hub_batching,17,17,21,1,0.9785088300704956,CCC1c2ccccc2CCN1CCCN,CCC1c2ccccc2CCN1CCCNC(=O)c1ccc(N)c(Br)c1
rgfn_drd2,hub_batching,18,18,22,1,0.9075790047645569,CCC1c2ccccc2CCN1CCCN,CCC1c2ccccc2CCN1CCCNS(=O)(=O)c1ccc(Br)cc1
rgfn_drd2,hub_batching,19,19,23,1,0.8836662769317627,CCC1c2ccccc2CCN1CCCN,CCC1c2ccccc2CCN1CCCNc1cc(B(O)O)ccc1C#N
rgfn_drd2,hub_batching,20,20,24,1,0.8802828192710876,CCC1c2ccccc2CCN1CCCN,CCC1c2ccccc2CCN1CCCNc1cc(CBr)ccc1[N+](=O)[O-]
rgfn_drd2,hub_batching,21,21,25,1,0.8178901672363281,CCC1c2ccccc2CCN1CCCN,CCC1c2ccccc2CCN1CCCNC(=O)C(N)Cc1c[nH]c2ccccc12
rgfn_drd2,hub_batching,22,22,26,1,0.7320579886436462,CCC1c2ccccc2CCN1CCCN,CCC1c2ccccc2CCN1CCCNC1CCNC1
rgfn_drd2,hub_batching,23,23,27,1,0.7221521735191345,CCC1c2ccccc2CCN1CCCN,CCC1c2ccccc2CCN1CCCNc1c(C(F)(F)F)nc2ccccc2c1O
rgfn_drd2,hub_batching,24,24,28,1,0.5938011407852173,CCC1c2ccccc2CCN1CCCN,CCC1c2ccccc2CCN1CCCNC(=O)Nc1cc(C#N)ccc1O
rgfn_drd2,hub_batching,25,25,31,3,0.9969355463981628,NC(Cc1ccccc1)CN1CCN(c2cccc(C=O)c2)CC1,CCC1NC(CN2CCN(c3cccc(C=O)c3)CC2)Cc2ccccc21
rgfn_drd2,hub_batching,26,26,32,1,0.9952087998390198,NC(Cc1ccccc1)CN1CCN(c2cccc(C=O)c2)CC1,NC1(C2=NC(CN3CCN(c4cccc(C=O)c4)CC3)Cc3ccccc32)CCC1
rgfn_drd2,hub_batching,27,27,33,1,0.9936677813529968,NC(Cc1ccccc1)CN1CCN(c2cccc(C=O)c2)CC1,NC(Cc1ccccc1)CN1CCN(c2cccc(CNC3CC3)c2)CC1
rgfn_drd2,hub_batching,28,28,34,1,0.9924666881561279,NC(Cc1ccccc1)CN1CCN(c2cccc(C=O)c2)CC1,NC(Cc1ccccc1)CN1CCN(c2cccc(-c3nc4ccc(Br)cc4[nH]3)c2)CC1
rgfn_drd2,hub_batching,29,29,35,1,0.9887709617614746,NC(Cc1ccccc1)CN1CCN(c2cccc(C=O)c2)CC1,O=Cc1cccc(N2CCN(CC(Cc3ccccc3)NC3CNC3)CC2)c1
rgfn_drd2,hub_batching,30,30,36,1,0.9852923154830933,NC(Cc1ccccc1)CN1CCN(c2cccc(C=O)c2)CC1,NC(Cc1ccccc1)CN1CCN(c2cccc(C3NCCc4c(Br)cccc43)c2)CC1
rgfn_drd2,hub_batching,31,31,37,1,0.9444893598556519,NC(Cc1ccccc1)CN1CCN(c2cccc(C=O)c2)CC1,NC(Cc1ccccc1)CN1CCN(c2cccc(-c3nc4cc(F)ccc4o3)c2)CC1
rgfn_drd2,hub_batching,32,32,38,1,0.9295992851257324,NC(Cc1ccccc1)CN1CCN(c2cccc(C=O)c2)CC1,NC(Cc1ccccc1)CN1CCN(c2cccc(C3NC(C(=O)O)Cc4ccc(O)cc43)c2)CC1
rgfn_drd2,hub_batching,33,33,39,1,0.7452652454376221,NC(Cc1ccccc1)CN1CCN(c2cccc(C=O)c2)CC1,O=Cc1cccc(N2CCN(CC(Cc3ccccc3)NC(=O)NCCc3c[nH]c4ccc(O)cc34)CC2)c1
rgfn_drd2,hub_batching,34,34,40,1,0.7319533824920654,NC(Cc1ccccc1)CN1CCN(c2cccc(C=O)c2)CC1,NC(Cc1ccccc1)CN1CCN(c2cccc(C3Nc4ccccc4-n4cccc43)c2)CC1
rgfn_drd2,hub_batching,35,35,41,1,0.6756141185760498,NC(Cc1ccccc1)CN1CCN(c2cccc(C=O)c2)CC1,O=Cc1cccc(N2CCN(CC(Cc3ccccc3)Nc3c(C(F)(F)F)nc4ccccc4c3O)CC2)c1
rgfn_drd2,hub_batching,36,36,44,3,0.9931422472000122,CCC1NC(CNCc2cccc(O)c2)Cc2ccccc21,CCCN1C(CNCc2cccc(O)c2)Cc2ccccc2C1CC
rgfn_drd2,hub_batching,37,37,45,1,0.9901273250579834,CCC1NC(CNCc2cccc(O)c2)Cc2ccccc21,CCC1NC(CN(CCN)Cc2cccc(O)c2)Cc2ccccc21
rgfn_drd2,hub_batching,38,38,46,1,0.7104339003562927,CCC1NC(CNCc2cccc(O)c2)Cc2ccccc21,CCC1NC(CNCc2cccc(OC(=O)CN)c2)Cc2ccccc21
rgfn_drd2,hub_batching,39,39,49,3,0.9944669008255005,CCC1c2ccccc2CC(C(=O)O)N1C1CNC1,CCC1c2ccccc2CC(CNc2cc(F)ccc2O)N1C1CNC1
rgfn_drd2,hub_batching,40,40,50,1,0.9932803511619568,CCC1c2ccccc2CC(C(=O)O)N1C1CNC1,CCC1c2ccccc2CC(CNCCc2c[nH]c3ccc(O)cc23)N1C1CNC1
rgfn_drd2,hub_batching,41,41,51,1,0.9923359751701355,CCC1c2ccccc2CC(C(=O)O)N1C1CNC1,CCC1c2ccccc2CC(C(=O)O)N1C1CN(Cc2c[nH]c3ccc(F)cc23)C1
rgfn_drd2,hub_batching,42,42,52,1,0.9884831309318542,CCC1c2ccccc2CC(C(=O)O)N1C1CNC1,CCC1c2ccccc2CC(C2=NCCc3ccc(O)cc32)N1C1CNC1
rgfn_drd2,hub_batching,43,43,53,1,0.9879312515258789,CCC1c2ccccc2CC(C(=O)O)N1C1CNC1,CCC1c2ccccc2CC(C(=O)Oc2cc(F)c(F)cc2N)N1C1CNC1
rgfn_drd2,hub_batching,44,44,54,1,0.9834307432174683,CCC1c2ccccc2CC(C(=O)O)N1C1CNC1,CCC1c2ccccc2CC(CNCc2cccc(OC)c2)N1C1CNC1
rgfn_drd2,hub_batching,45,45,55,1,0.9640697836875916,CCC1c2ccccc2CC(C(=O)O)N1C1CNC1,CCC1c2ccccc2CC(c2nc3cc(Br)ccc3[nH]2)N1C1CNC1
rgfn_drd2,hub_batching,46,46,56,1,0.9308093786239624,CCC1c2ccccc2CC(C(=O)O)N1C1CNC1,CCC1c2ccccc2CC(C(=O)O)N1C1CN(C(CCl)c2ccc(Cl)c(Cl)c2)C1
rgfn_drd2,hub_batching,47,47,57,1,0.9225311875343323,CCC1c2ccccc2CC(C(=O)O)N1C1CNC1,CCC1c2ccccc2CC(c2nc3cccc(Br)c3o2)N1C1CNC1
rgfn_drd2,hub_batching,48,48,58,1,0.9046371579170227,CCC1c2ccccc2CC(C(=O)O)N1C1CNC1,CCC1c2ccccc2CC(C(=O)NCCc2ccc(O)cc2)N1C1CNC1
rgfn_drd2,hub_batching,49,49,59,1,0.8795222043991089,CCC1c2ccccc2CC(C(=O)O)N1C1CNC1,CCC1c2ccccc2CC(C(=O)O)N1C1CN(CC(N)Cc2ccc(O)cc2)C1
rgfn_drd2,hub_batching,50,50,60,1,0.8721148371696472,CCC1c2ccccc2CC(C(=O)O)N1C1CNC1,CCC1c2ccccc2CC(CNC(Cc2c[nH]c3ccccc23)C(=O)O)N1C1CNC1
rgfn_drd2,hub_batching,51,51,61,1,0.8719455003738403,CCC1c2ccccc2CC(C(=O)O)N1C1CNC1,CCC1c2ccccc2CC(C(=O)Nc2cc(Br)cc(C#N)c2)N1C1CNC1
rgfn_drd2,hub_batching,52,52,62,1,0.8670968413352966,CCC1c2ccccc2CC(C(=O)O)N1C1CNC1,CCC1c2ccccc2CC(C2=NCCc3c2[nH]c2ccccc32)N1C1CNC1
rgfn_drd2,hub_batching,53,53,63,1,0.8659939765930176,CCC1c2ccccc2CC(C(=O)O)N1C1CNC1,CCC1c2ccccc2CC(CN2CCCCC2)N1C1CNC1
rgfn_drd2,hub_batching,54,54,64,1,0.6784877777099609,CCC1c2ccccc2CC(C(=O)O)N1C1CNC1,CCC1c2ccccc2CC(C(=O)OCc2csc(Cl)n2)N1C1CNC1
rgfn_drd2,hub_batching,55,55,65,1,0.6242727637290955,CCC1c2ccccc2CC(C(=O)O)N1C1CNC1,CCC1c2ccccc2CC(C(=O)O)N1C1CN(c2ccc(O)c(N)c2)C1
rgfn_drd2,hub_batching,56,56,66,1,0.581832766532898,CCC1c2ccccc2CC(C(=O)O)N1C1CNC1,CCC1c2ccccc2CC(C(=O)O)N1C1CN(C2CCCNC2)C1
rgfn_drd2,hub_batching,57,57,67,1,0.5805075168609619,CCC1c2ccccc2CC(C(=O)O)N1C1CNC1,CCC1c2ccccc2CC(C(=O)O)N1C1CN(CC2Cc3ccccc3CN2)C1
rgfn_drd2,hub_batching,58,58,68,1,0.5672983527183533,CCC1c2ccccc2CC(C(=O)O)N1C1CNC1,CCC1c2ccccc2CC(C(=O)NC(Cc2cccs2)C(=O)O)N1C1CNC1
rgfn_drd2,hub_batching,59,59,69,1,0.5192436575889587,CCC1c2ccccc2CC(C(=O)O)N1C1CNC1,CCC1c2ccccc2CC(C(=O)O)N1C1CN(Cc2cccc(N=C=S)c2)C1
rgfn_drd2,hub_batching,60,60,73,4,0.990633487701416,CCC1NC(CN2CCN(c3ncc(Br)cc3B(O)O)CC2)Cc2ccccc21,CCC1NC(CN2CCN(c3ncc(Br)cc3-c3cc(N)[nH]n3)CC2)Cc2ccccc21
rgfn_drd2,hub_batching,61,61,74,1,0.9687102437019348,CCC1NC(CN2CCN(c3ncc(Br)cc3B(O)O)CC2)Cc2ccccc21,CCC1c2ccccc2CC(CN2CCN(c3ncc(Br)cc3B(O)O)CC2)N1C1CCC1
rgfn_drd2,hub_batching,62,62,75,1,0.9270151257514954,CCC1NC(CN2CCN(c3ncc(Br)cc3B(O)O)CC2)Cc2ccccc21,CCC1NC(CN2CCN(c3ncc(N4CCCC4C(F)(F)F)cc3B(O)O)CC2)Cc2ccccc21
rgfn_drd2,hub_batching,63,63,76,1,0.7196762561798096,CCC1NC(CN2CCN(c3ncc(Br)cc3B(O)O)CC2)Cc2ccccc21,CCC1NC(CN2CCN(c3ncc(NCCc4c[nH]c5ccc(O)cc45)cc3B(O)O)CC2)Cc2ccccc21
rgfn_drd2,hub_batching,64,64,80,4,0.9973307251930237,CCC1NC(CN2CCN(c3nc(Br)cs3)CC2)Cc2ccccc21,CCCN1C(CN2CCN(c3nc(Br)cs3)CC2)Cc2ccccc2C1CC
rgfn_drd2,hub_batching,65,65,81,1,0.9875405430793762,CCC1NC(CN2CCN(c3nc(Br)cs3)CC2)Cc2ccccc21,CCC1NC(CN2CCN(c3nc(-c4ccc(F)cc4C)cs3)CC2)Cc2ccccc21
rgfn_drd2,hub_batching,66,66,82,1,0.9306565523147583,CCC1NC(CN2CCN(c3nc(Br)cs3)CC2)Cc2ccccc21,CCC1NC(CN2CCN(c3nc(NCCc4c[nH]c5ccccc45)cs3)CC2)Cc2ccccc21
rgfn_drd2,hub_batching,67,67,83,1,0.9015501141548157,CCC1NC(CN2CCN(c3nc(Br)cs3)CC2)Cc2ccccc21,CCC1c2ccccc2CC(CN2CCN(c3nc(Br)cs3)CC2)N1C(=O)C(N)Cc1c[nH]c2ccccc12
rgfn_drd2,hub_batching,68,68,86,3,0.999992847442627,CCC1NC(CN2CCNCC2)Cc2ccccc21,CCC1c2ccccc2CC(CN2CCNCC2)N1Cc1c[nH]c2ccc(F)cc12
rgfn_drd2,hub_batching,69,69,87,1,0.9939720630645752,CCC1NC(CN2CCNCC2)Cc2ccccc21,CCC1c2ccccc2CC(CN2CCNCC2)N1c1ccc(O)c(N)c1
rgfn_drd2,hub_batching,70,70,88,1,0.9843242168426514,CCC1NC(CN2CCNCC2)Cc2ccccc21,CCC1NC(CN2CCN(Cc3c[nH]c4ccc(F)cc34)CC2)Cc2ccccc21
rgfn_drd2,hub_batching,71,71,89,1,0.9811378717422485,CCC1NC(CN2CCNCC2)Cc2ccccc21,CCC1NC(CN2CCN(C(CCl)c3ccc(Br)cc3)CC2)Cc2ccccc21
rgfn_drd2,hub_batching,72,72,90,1,0.9801081418991089,CCC1NC(CN2CCNCC2)Cc2ccccc21,CCC1c2ccccc2CC(CN2CCNCC2)N1C(CCl)c1ccc(F)cc1F
rgfn_drd2,hub_batching,73,73,91,1,0.9782238602638245,CCC1NC(CN2CCNCC2)Cc2ccccc21,CCC1NC(CN2CCN(c3ncc4[nH]ccc4n3)CC2)Cc2ccccc21
rgfn_drd2,hub_batching,74,74,92,1,0.9675443172454834,CCC1NC(CN2CCNCC2)Cc2ccccc21,CCC1NC(CN2CCN(C(=O)c3ccc(N)c(Br)c3)CC2)Cc2ccccc21
rgfn_drd2,hub_batching,75,75,93,1,0.961925745010376,CCC1NC(CN2CCNCC2)Cc2ccccc21,CCC1NC(CN2CCN(c3c(C(F)(F)F)nc4ccccc4c3O)CC2)Cc2ccccc21
rgfn_drd2,hub_batching,76,76,94,1,0.9470922946929932,CCC1NC(CN2CCNCC2)Cc2ccccc21,CCC1c2ccccc2CC(CN2CCNCC2)N1C(=O)c1ccc(F)cc1
rgfn_drd2,hub_batching,77,77,95,1,0.8915896415710449,CCC1NC(CN2CCNCC2)Cc2ccccc21,CCC1NC(CN2CCN(c3ccc([N+](=O)[O-])c4ncccc34)CC2)Cc2ccccc21
rgfn_drd2,hub_batching,78,78,96,1,0.8792902827262878,CCC1NC(CN2CCNCC2)Cc2ccccc21,CCC1c2ccccc2CC(CN2CCNCC2)N1C(C)c1cccc(OC)c1
rgfn_drd2,hub_batching,79,79,97,1,0.8768818378448486,CCC1NC(CN2CCNCC2)Cc2ccccc21,CCC1c2ccccc2CC(CN2CCNCC2)N1CC(N)Cc1ccc(O)cc1
rgfn_drd2,hub_batching,80,80,98,1,0.8657981157302856,CCC1NC(CN2CCNCC2)Cc2ccccc21,CCC1c2ccccc2CC(CN2CCNCC2)N1c1nccc(C=O)c1F
rgfn_drd2,hub_batching,81,81,99,1,0.8100864291191101,CCC1NC(CN2CCNCC2)Cc2ccccc21,CCC1c2ccccc2CC(CN2CCNCC2)N1c1ccc(CBr)cc1[N+](=O)[O-]
rgfn_drd2,hub_batching,82,82,100,1,0.7794877886772156,CCC1NC(CN2CCNCC2)Cc2ccccc21,CCC1NC(CN2CCN(C(=O)Nc3cccc4cc[nH]c34)CC2)Cc2ccccc21
rgfn_drd2,hub_batching,83,83,101,1,0.7506091594696045,CCC1NC(CN2CCNCC2)Cc2ccccc21,CCC1c2ccccc2CC(CN2CCNCC2)N1c1c(C(F)(F)F)nc2ccccc2c1O
rgfn_drd2,hub_batching,84,84,102,1,0.7424094676971436,CCC1NC(CN2CCNCC2)Cc2ccccc21,CCC1c2ccccc2CC(CN2CCNCC2)N1S(=O)(=O)c1ccc(Br)cc1
rgfn_drd2,hub_batching,85,85,103,1,0.7034973502159119,CCC1NC(CN2CCNCC2)Cc2ccccc21,CCC1NC(CN2CCN(S(=O)(=O)c3cccc(Br)n3)CC2)Cc2ccccc21
rgfn_drd2,hub_batching,86,86,104,1,0.6452766060829163,CCC1NC(CN2CCNCC2)Cc2ccccc21,CCC1NC(CN2CCN(Cc3nc(Cl)sc3C)CC2)Cc2ccccc21
rgfn_drd2,hub_batching,87,87,105,1,0.612384021282196,CCC1NC(CN2CCNCC2)Cc2ccccc21,CCC1c2ccccc2CC(CN2CCNCC2)N1Cc1cccc(C(=O)OC)c1
rgfn_drd2,hub_batching,88,88,106,1,0.5667526721954346,CCC1NC(CN2CCNCC2)Cc2ccccc21,CCC1c2ccccc2CC(CN2CCNCC2)N1C(=O)NCc1c[nH]c2ccccc12
rgfn_drd2,hub_batching,89,89,107,1,0.5427545309066772,CCC1NC(CN2CCNCC2)Cc2ccccc21,CCC1NC(CN2CCN(CC(N)Cc3ccc(O)cc3)CC2)Cc2ccccc21
rgfn_drd2,hub_batching,90,90,110,3,0.9959999918937683,NC(Cc1ccccc1)CN1CCC(NC2CCC2)CC1,NC(Cc1ccccc1)CN1CCC(N(Cc2c[nH]c3cc(Br)ccc23)C2CCC2)CC1
rgfn_drd2,hub_batching,91,91,111,1,0.9894789457321167,NC(Cc1ccccc1)CN1CCC(NC2CCC2)CC1,Fc1ccc(C2=NC(CN3CCC(NC4CCC4)CC3)Cc3ccccc32)cc1
rgfn_drd2,hub_batching,92,92,112,1,0.9894177913665771,NC(Cc1ccccc1)CN1CCC(NC2CCC2)CC1,Brc1ccc2c(C3NC(CN4CCC(NC5CCC5)CC4)Cc4ccccc43)c[nH]c2c1
rgfn_drd2,hub_batching,93,93,113,1,0.9859497547149658,NC(Cc1ccccc1)CN1CCC(NC2CCC2)CC1,Fc1ccc2[nH]cc(CNC(Cc3ccccc3)CN3CCC(NC4CCC4)CC3)c2c1
rgfn_drd2,hub_batching,94,94,114,1,0.9813172817230225,NC(Cc1ccccc1)CN1CCC(NC2CCC2)CC1,NC(Cc1ccccc1)CN1CCC(N(c2ccnc(F)c2)C2CCC2)CC1
rgfn_drd2,hub_batching,95,95,115,1,0.9679915308952332,NC(Cc1ccccc1)CN1CCC(NC2CCC2)CC1,Brc1ccnc(NC(Cc2ccccc2)CN2CCC(NC3CCC3)CC2)c1
rgfn_drd2,hub_batching,96,96,116,1,0.9650192856788635,NC(Cc1ccccc1)CN1CCC(NC2CCC2)CC1,NC(Cc1ccccc1)CN1CCC(N(c2cc(F)ccc2C(=O)CCl)C2CCC2)CC1
rgfn_drd2,hub_batching,97,97,117,1,0.9494893550872803,NC(Cc1ccccc1)CN1CCC(NC2CCC2)CC1,NC(Cc1ccccc1)CN1CCC(N(C2CCC2)C(CCl)c2ccc(F)cc2F)CC1
rgfn_drd2,hub_batching,98,98,118,1,0.943981409072876,NC(Cc1ccccc1)CN1CCC(NC2CCC2)CC1,O=Cc1c[nH]c2ccc(NC(Cc3ccccc3)CN3CCC(NC4CCC4)CC3)cc12
rgfn_drd2,hub_batching,99,99,119,1,0.9335562586784363,NC(Cc1ccccc1)CN1CCC(NC2CCC2)CC1,NC(Cc1ccccc1)CN1CCC(N(c2ncc3[nH]ccc3n2)C2CCC2)CC1
rgfn_drd2,hub_batching,100,100,120,1,0.9205654859542847,NC(Cc1ccccc1)CN1CCC(NC2CCC2)CC1,c1ccc(CC(CN2CCC(NC3CCC3)CC2)Nc2ncc3[nH]ccc3n2)cc1
rgfn_drd2,hub_batching,101,101,121,1,0.9173465371131897,NC(Cc1ccccc1)CN1CCC(NC2CCC2)CC1,NC(Cc1cccs1)C1=NC(CN2CCC(NC3CCC3)CC2)Cc2ccccc21
rgfn_drd2,hub_batching,102,102,122,1,0.9111931324005127,NC(Cc1ccccc1)CN1CCC(NC2CCC2)CC1,ClCC(NC(Cc1ccccc1)CN1CCC(NC2CCC2)CC1)c1ccc(Cl)c(Cl)c1
rgfn_drd2,hub_batching,103,103,123,1,0.9109969735145569,NC(Cc1ccccc1)CN1CCC(NC2CCC2)CC1,Nc1ccc(N(C2CCC2)C2CCN(CC(N)Cc3ccccc3)CC2)nc1Br
rgfn_drd2,hub_batching,104,104,124,1,0.9045850038528442,NC(Cc1ccccc1)CN1CCC(NC2CCC2)CC1,Nc1ccc(C(=O)NC(Cc2ccccc2)CN2CCC(NC3CCC3)CC2)cc1Br
rgfn_drd2,hub_batching,105,105,125,1,0.8979557156562805,NC(Cc1ccccc1)CN1CCC(NC2CCC2)CC1,NC(Cc1ccccc1)CN1CCC(N(Cc2cncc(F)c2)C2CCC2)CC1
rgfn_drd2,hub_batching,106,106,126,1,0.8935607075691223,NC(Cc1ccccc1)CN1CCC(NC2CCC2)CC1,O=C(CCl)c1ccc(F)cc1NC(Cc1ccccc1)CN1CCC(NC2CCC2)CC1
rgfn_drd2,hub_batching,107,107,127,1,0.8863652944564819,NC(Cc1ccccc1)CN1CCC(NC2CCC2)CC1,Brc1csc(CNC(Cc2ccccc2)CN2CCC(NC3CCC3)CC2)n1
rgfn_drd2,hub_batching,108,108,128,1,0.841962993144989,NC(Cc1ccccc1)CN1CCC(NC2CCC2)CC1,NC(Cc1ccccc1)CN1CCC(N(c2c(C(F)(F)F)nc3ccccc3c2O)C2CCC2)CC1
rgfn_drd2,hub_batching,109,109,129,1,0.8033773303031921,NC(Cc1ccccc1)CN1CCC(NC2CCC2)CC1,N#Cc1ccc(N(C2CCC2)C2CCN(CC(N)Cc3ccccc3)CC2)c(C(F)(F)F)c1
rgfn_drd2,hub_batching,110,110,130,1,0.7744993567466736,NC(Cc1ccccc1)CN1CCC(NC2CCC2)CC1,NC(Cc1ccccc1)CN1CCC(N(c2ccc([N+](=O)[O-])c3ccccc23)C2CCC2)CC1
rgfn_drd2,hub_batching,111,111,131,1,0.7733352780342102,NC(Cc1ccccc1)CN1CCC(NC2CCC2)CC1,O=S(=O)(NC(Cc1ccccc1)CN1CCC(NC2CCC2)CC1)c1ccncc1
rgfn_drd2,hub_batching,112,112,132,1,0.7464685440063477,NC(Cc1ccccc1)CN1CCC(NC2CCC2)CC1,Nc1ccc(C(=O)N(C2CCC2)C2CCN(CC(N)Cc3ccccc3)CC2)cc1Br
rgfn_drd2,hub_batching,113,113,133,1,0.7029103636741638,NC(Cc1ccccc1)CN1CCC(NC2CCC2)CC1,O=C(Nc1cccc2cc[nH]c12)NC(Cc1ccccc1)CN1CCC(NC2CCC2)CC1
rgfn_drd2,hub_batching,114,114,134,1,0.7009508013725281,NC(Cc1ccccc1)CN1CCC(NC2CCC2)CC1,C=CC1NC(CN2CCC(NC3CCC3)CC2)Cc2ccccc21
rgfn_drd2,hub_batching,115,115,135,1,0.6817153692245483,NC(Cc1ccccc1)CN1CCC(NC2CCC2)CC1,NC(Cc1ccccc1)CN1CCC(N(c2cnc3cccnn23)C2CCC2)CC1
rgfn_drd2,hub_batching,116,116,136,1,0.6635987162590027,NC(Cc1ccccc1)CN1CCC(NC2CCC2)CC1,O=C(NCCc1c[nH]c2ccccc12)NC(Cc1ccccc1)CN1CCC(NC2CCC2)CC1
rgfn_drd2,hub_batching,117,117,137,1,0.6478981375694275,NC(Cc1ccccc1)CN1CCC(NC2CCC2)CC1,O=[N+]([O-])c1ccc(NC(Cc2ccccc2)CN2CCC(NC3CCC3)CC2)c2cccnc12
rgfn_drd2,hub_batching,118,118,138,1,0.6472923159599304,NC(Cc1ccccc1)CN1CCC(NC2CCC2)CC1,N#Cc1cccc(C(CBr)N(C2CCC2)C2CCN(CC(N)Cc3ccccc3)CC2)c1
rgfn_drd2,hub_batching,119,119,139,1,0.6425775289535522,NC(Cc1ccccc1)CN1CCC(NC2CCC2)CC1,COc1cccc(C(C)N(C2CCC2)C2CCN(CC(N)Cc3ccccc3)CC2)c1
rgfn_drd2,hub_batching,120,120,140,1,0.639119565486908,NC(Cc1ccccc1)CN1CCC(NC2CCC2)CC1,NC(Cc1ccccc1)CN1CCC(N(CC(N)Cc2cccs2)C2CCC2)CC1
rgfn_drd2,hub_batching,121,121,141,1,0.6085883378982544,NC(Cc1ccccc1)CN1CCC(NC2CCC2)CC1,NC(CCC1=NC(CN2CCC(NC3CCC3)CC2)Cc2ccccc21)C(=O)O
rgfn_drd2,hub_batching,122,122,142,1,0.5489576458930969,NC(Cc1ccccc1)CN1CCC(NC2CCC2)CC1,NC(CNC(Cc1ccccc1)CN1CCC(NC2CCC2)CC1)Cc1c[nH]cn1
rgfn_drd2,hub_batching,123,123,143,1,0.5,NC(Cc1ccccc1)CN1CCC(NC2CCC2)CC1,NC(Cc1ccccc1)CN1CCC(N(C(=O)NCCc2c[nH]c3ccc(O)cc23)C2CCC2)CC1
rgfn_drd2,hub_batching,124,124,144,1,0.5,NC(Cc1ccccc1)CN1CCC(NC2CCC2)CC1,COC(=O)c1cccc(C2NC(CN3CCC(NC4CCC4)CC3)Cc3ccccc32)c1
rgfn_drd2,hub_batching,125,125,148,4,0.9944919943809509,CCCN1CCC(N(CC(N)CS)c2cc(Br)ccc2O)CC1,CCCN1CCC(N(CC(CS)NCc2c[nH]c3cc(Br)ccc23)c2cc(Br)ccc2O)CC1
rgfn_drd2,hub_batching,126,126,149,1,0.986868679523468,CCCN1CCC(N(CC(N)CS)c2cc(Br)ccc2O)CC1,CCCN1CCC(N(CC(N)CS)c2cc(Br)ccc2OC(=O)c2ccc(F)cc2)CC1
rgfn_drd2,hub_batching,127,127,150,1,0.9748967289924622,CCCN1CCC(N(CC(N)CS)c2cc(Br)ccc2O)CC1,CCCN1CCC(N(CC(CS)NC(CBr)c2cccc(C#N)c2)c2cc(Br)ccc2O)CC1
rgfn_drd2,hub_batching,128,128,151,1,0.9743256568908691,CCCN1CCC(N(CC(N)CS)c2cc(Br)ccc2O)CC1,CCCN1CCC(N(CC(N)CS)c2cc(-c3ccc(F)cc3C)ccc2O)CC1
rgfn_drd2,hub_batching,129,129,152,1,0.9693532586097717,CCCN1CCC(N(CC(N)CS)c2cc(Br)ccc2O)CC1,CCCN1CCC(N(CC(CS)Nc2cc(F)ccc2C(=O)CCl)c2cc(Br)ccc2O)CC1
rgfn_drd2,hub_batching,130,130,153,1,0.9621684551239014,CCCN1CCC(N(CC(N)CS)c2cc(Br)ccc2O)CC1,CCCN1CCC(N(CC(N)CS)c2cc(NCCc3c[nH]c4ccccc34)ccc2O)CC1
rgfn_drd2,hub_batching,131,131,154,1,0.9536170959472656,CCCN1CCC(N(CC(N)CS)c2cc(Br)ccc2O)CC1,CCCN1CCC(N(CC(N)CS)c2cc(Nc3cc(Br)cc(C#N)c3)ccc2O)CC1
rgfn_drd2,hub_batching,132,132,155,1,0.8888490200042725,CCCN1CCC(N(CC(N)CS)c2cc(Br)ccc2O)CC1,CCCN1CCC(N(CC(CS)NC(=O)C2Cc3ccccc3CN2)c2cc(Br)ccc2O)CC1
rgfn_drd2,hub_batching,133,133,156,1,0.8231576681137085,CCCN1CCC(N(CC(N)CS)c2cc(Br)ccc2O)CC1,CCCN1CCC(N(CC(N)CS)c2cc(N3Cc4ccccc4CC3C(=O)O)ccc2O)CC1
rgfn_drd2,hub_batching,134,134,159,3,0.9736738801002502,O=C(CCl)c1ccc(F)cc1N1CCC(NCc2cccc(O)c2)CC1,Oc1cccc(CNC2CCN(c3cc(F)ccc3C(CCl)N3CCCCC3)CC2)c1
rgfn_drd2,hub_batching,135,135,160,1,0.9550833106040955,O=C(CCl)c1ccc(F)cc1N1CCC(NCc2cccc(O)c2)CC1,NCCN1CCN(c2ccc(C(=O)CCl)c(N3CCC(NCc4cccc(O)c4)CC3)c2)CC1
rgfn_drd2,hub_batching,136,136,161,1,0.9210191369056702,O=C(CCl)c1ccc(F)cc1N1CCC(NCc2cccc(O)c2)CC1,O=C(CCl)c1ccc(F)cc1N1CCC(N(Cc2cccc(O)c2)C2CNC2)CC1
rgfn_drd2,hub_batching,137,137,162,1,0.8654615879058838,O=C(CCl)c1ccc(F)cc1N1CCC(NCc2cccc(O)c2)CC1,O=C(COC1CN2CCC1CC2)c1ccc(F)cc1N1CCC(NCc2cccc(O)c2)CC1
rgfn_drd2,hub_batching,138,138,163,1,0.5788742303848267,O=C(CCl)c1ccc(F)cc1N1CCC(NCc2cccc(O)c2)CC1,O=C(CCl)c1ccc(F)cc1N1CCC(NCc2cccc(OC(=O)C3CNC3)c2)CC1
rgfn_drd2,hub_batching,139,139,167,4,0.9999914169311523,CCCN1CCN(c2ncccc2Nc2cc(Br)ccc2O)CC1,CCCN1CCN(c2ncccc2N(CC2(N)CCC2)c2cc(Br)ccc2O)CC1
rgfn_drd2,hub_batching,140,140,168,1,0.9939926862716675,CCCN1CCN(c2ncccc2Nc2cc(Br)ccc2O)CC1,CCCN1CCN(c2ncccc2Nc2cc(Br)ccc2OC(=O)C2CCCN2)CC1
rgfn_drd2,hub_batching,141,141,169,1,0.9927652478218079,CCCN1CCN(c2ncccc2Nc2cc(Br)ccc2O)CC1,CCCN1CCN(c2ncccc2Nc2cc(N3CCCC3C(F)(F)F)ccc2O)CC1
rgfn_drd2,hub_batching,142,142,170,1,0.9915673732757568,CCCN1CCN(c2ncccc2Nc2cc(Br)ccc2O)CC1,CCCN1CCN(c2ncccc2N(C(=O)N2CCCC2C(F)(F)F)c2cc(Br)ccc2O)CC1
rgfn_drd2,hub_batching,143,143,171,1,0.9824565052986145,CCCN1CCN(c2ncccc2Nc2cc(Br)ccc2O)CC1,CCCN1CCN(c2ncccc2N(c2cc(Br)ccc2O)C(CCl)c2ccc(Cl)c(Cl)c2)CC1
rgfn_drd2,hub_batching,144,144,172,1,0.94014972448349,CCCN1CCN(c2ncccc2Nc2cc(Br)ccc2O)CC1,CCCN1CCN(c2ncccc2N(c2cc(Br)ccc2O)c2cc(F)ccc2C(=O)CCl)CC1
rgfn_drd2,hub_batching,145,145,173,1,0.859817624092102,CCCN1CCN(c2ncccc2Nc2cc(Br)ccc2O)CC1,CCCN1CCN(c2ncccc2Nc2cc(NCCc3ccccc3OC)ccc2O)CC1
rgfn_drd2,hub_batching,146,146,174,1,0.8554386496543884,CCCN1CCN(c2ncccc2Nc2cc(Br)ccc2O)CC1,CCCN1CCN(c2ncccc2N(c2ccc3[nH]cc(C=O)c3c2)c2cc(Br)ccc2O)CC1
rgfn_drd2,hub_batching,147,147,175,1,0.8509325981140137,CCCN1CCN(c2ncccc2Nc2cc(Br)ccc2O)CC1,CCCN1CCN(c2ncccc2N(C(=O)NCCc2c[nH]c3ccc(O)cc23)c2cc(Br)ccc2O)CC1
rgfn_drd2,hub_batching,148,148,176,1,0.8245882391929626,CCCN1CCN(c2ncccc2Nc2cc(Br)ccc2O)CC1,CCCN1CCN(c2ncccc2Nc2cc(-c3cccc(C#N)c3)ccc2O)CC1
rgfn_drd2,hub_batching,149,149,177,1,0.7448556423187256,CCCN1CCN(c2ncccc2Nc2cc(Br)ccc2O)CC1,CCCN1CCN(c2ncccc2N(c2cc(Br)ccc2O)S(=O)(=O)c2cccc3ccccc23)CC1
rgfn_drd2,hub_batching,150,150,178,1,0.6290160417556763,CCCN1CCN(c2ncccc2Nc2cc(Br)ccc2O)CC1,CCCN1CCN(c2ncccc2Nc2cc(NC(Cc3c[nH]c4ccccc34)C(=O)O)ccc2O)CC1
rgfn_drd2,hub_batching,151,151,179,1,0.5,CCCN1CCN(c2ncccc2Nc2cc(Br)ccc2O)CC1,CCCN1CCN(c2ncccc2N(c2cc(Br)ccc2O)c2c(C(F)(F)F)nc3ccccc3c2O)CC1
rgfn_drd2,hub_batching,152,152,183,4,0.9999874830245972,CCCN1CCN(c2ccc3oc(C(N)CCCCN)nc3c2)CC1,CCCN1CCN(c2ccc3oc(C(N)CCCCNCc4ccc(F)cc4)nc3c2)CC1
rgfn_drd2,hub_batching,153,153,184,1,0.9999840259552002,CCCN1CCN(c2ccc3oc(C(N)CCCCN)nc3c2)CC1,CCCN1CCN(c2ccc3oc(C(CCCCN)NCc4cccc(F)c4F)nc3c2)CC1
rgfn_drd2,hub_batching,154,154,185,1,0.9747713804244995,CCCN1CCN(c2ccc3oc(C(N)CCCCN)nc3c2)CC1,CCCN1CCN(c2ccc3oc(C(CCCCN)Nc4ccc5[nH]cc(C=O)c5c4)nc3c2)CC1
rgfn_drd2,hub_batching,155,155,186,1,0.9306890368461609,CCCN1CCN(c2ccc3oc(C(N)CCCCN)nc3c2)CC1,CCCN1CCN(c2ccc3oc(C(CCCCN)NC(=O)Nc4cc(Br)cc(C#N)c4)nc3c2)CC1
rgfn_drd2,hub_batching,156,156,187,1,0.8944141864776611,CCCN1CCN(c2ccc3oc(C(N)CCCCN)nc3c2)CC1,CCCN1CCN(c2ccc3oc(C(CCCCN)NC(CCl)c4ccc5c(c4)NC(=O)C5)nc3c2)CC1
rgfn_drd2,hub_batching,157,157,188,1,0.8395166397094727,CCCN1CCN(c2ccc3oc(C(N)CCCCN)nc3c2)CC1,CCCN1CCN(c2ccc3oc(C(N)CCCCNC(=O)NCCc4c[nH]c5ccc(O)cc45)nc3c2)CC1
rgfn_drd2,hub_batching,158,158,191,3,0.9999895095825195,Fc1ccc2[nH]cc(C3NC(CN4CCNCC4)Cc4ccccc43)c2c1,Fc1ccc2[nH]cc(C3c4ccccc4CC(CN4CCNCC4)N3C3CCC3)c2c1
rgfn_drd2,hub_batching,159,159,192,1,0.9936255812644958,Fc1ccc2[nH]cc(C3NC(CN4CCNCC4)Cc4ccccc43)c2c1,Fc1ccc2[nH]cc(C3NC(CN4CCN(C5CCC5)CC4)Cc4ccccc43)c2c1
rgfn_drd2,hub_batching,160,160,193,1,0.9593437910079956,Fc1ccc2[nH]cc(C3NC(CN4CCNCC4)Cc4ccccc43)c2c1,CCCCn1cc(C2NC(CN3CCNCC3)Cc3ccccc32)c2cc(F)ccc21
rgfn_drd2,hub_batching,161,161,197,4,0.9928346872329712,CCCN1C(CN2CC(C(=O)O)C2)Cc2ccccc2C1CC,CCCN1C(CN2CC(c3nc4cc(F)ccc4o3)C2)Cc2ccccc2C1CC
rgfn_drd2,hub_batching,162,162,198,1,0.987744927406311,CCCN1C(CN2CC(C(=O)O)C2)Cc2ccccc2C1CC,CCCN1C(CN2CC(CNc3cc(Br)ccc3O)C2)Cc2ccccc2C1CC
rgfn_drd2,hub_batching,163,163,199,1,0.987629771232605,CCCN1C(CN2CC(C(=O)O)C2)Cc2ccccc2C1CC,CCCN1C(CN2CC(c3nc4c(Br)cccc4[nH]3)C2)Cc2ccccc2C1CC
rgfn_drd2,hub_batching,164,164,200,1,0.9827821850776672,CCCN1C(CN2CC(C(=O)O)C2)Cc2ccccc2C1CC,CCCN1C(CN2CC(C(=O)Oc3cc(F)c(F)cc3N)C2)Cc2ccccc2C1CC
rgfn_drd2,hub_batching,165,165,201,1,0.8812835812568665,CCCN1C(CN2CC(C(=O)O)C2)Cc2ccccc2C1CC,CCCN1C(CN2CC(C3=NCCc4c3[nH]c3ccc(O)cc43)C2)Cc2ccccc2C1CC
rgfn_drd2,hub_batching,166,166,202,1,0.855470597743988,CCCN1C(CN2CC(C(=O)O)C2)Cc2ccccc2C1CC,CCCN1C(CN2CC(C(=O)NCCc3c[nH]c4ccc(O)cc34)C2)Cc2ccccc2C1CC
rgfn_drd2,hub_batching,167,167,203,1,0.8092343807220459,CCCN1C(CN2CC(C(=O)O)C2)Cc2ccccc2C1CC,CCCN1C(CN2CC(C(=O)Nc3cc(Br)cc(C#N)c3)C2)Cc2ccccc2C1CC
rgfn_drd2,hub_batching,168,168,206,3,0.9886590242385864,CC(C)C(N)CN1CCN(c2ccc(O)c(N)c2)CC1,CC(C)C(CN1CCN(c2ccc(O)c(N)c2)CC1)NCc1c[nH]c2cc(Br)ccc12
rgfn_drd2,hub_batching,169,169,207,1,0.9790985584259033,CC(C)C(N)CN1CCN(c2ccc(O)c(N)c2)CC1,CC(C)C(N)CN1CCN(c2ccc(O)c(NCc3c[nH]c4ccc(F)cc34)c2)CC1
rgfn_drd2,hub_batching,170,170,208,1,0.978280246257782,CC(C)C(N)CN1CCN(c2ccc(O)c(N)c2)CC1,CC(C)C(CN1CCN(c2ccc(O)c(N)c2)CC1)NC(CCl)c1ccc(Cl)c(Cl)c1
rgfn_drd2,hub_batching,171,171,209,1,0.9530834555625916,CC(C)C(N)CN1CCN(c2ccc(O)c(N)c2)CC1,CC(C)C(N)CN1CCN(c2ccc3oc(-c4cccc(F)c4F)nc3c2)CC1
rgfn_drd2,hub_batching,172,172,210,1,0.9521049857139587,CC(C)C(N)CN1CCN(c2ccc(O)c(N)c2)CC1,CC(C)C(N)CN1CCN(c2ccc(OC(=O)c3cccc(F)c3F)c(N)c2)CC1
rgfn_drd2,hub_batching,173,173,211,1,0.9482837319374084,CC(C)C(N)CN1CCN(c2ccc(O)c(N)c2)CC1,CC(C)C(CN1CCN(c2ccc(O)c(N)c2)CC1)NC(=O)c1cccc(F)c1F
rgfn_drd2,hub_batching,174,174,212,1,0.9461224675178528,CC(C)C(N)CN1CCN(c2ccc(O)c(N)c2)CC1,CC(C)C(CN1CCN(c2ccc(O)c(N)c2)CC1)NCC1Cc2ccccc2CN1
rgfn_drd2,hub_batching,175,175,213,1,0.9325322508811951,CC(C)C(N)CN1CCN(c2ccc(O)c(N)c2)CC1,CC(C)C(CN1CCN(c2ccc(O)c(N)c2)CC1)NC(=O)C(N)Cc1c[nH]c2ccccc12
rgfn_drd2,hub_batching,176,176,214,1,0.9305911660194397,CC(C)C(N)CN1CCN(c2ccc(O)c(N)c2)CC1,CC(C)C(N)CN1CCN(c2ccc(O)c(Nc3ccccc3CCN)c2)CC1
rgfn_drd2,hub_batching,177,177,215,1,0.9255576133728027,CC(C)C(N)CN1CCN(c2ccc(O)c(N)c2)CC1,CC(C)C(N)CN1CCN(c2ccc3oc(C(N)Cc4c[nH]c5ccccc45)nc3c2)CC1
rgfn_drd2,hub_batching,178,178,216,1,0.9167463779449463,CC(C)C(N)CN1CCN(c2ccc(O)c(N)c2)CC1,CC(C)C(N)CN1CCN(c2ccc(O)c(NC(CCl)c3ccc(F)cc3F)c2)CC1
rgfn_drd2,hub_batching,179,179,217,1,0.8947731256484985,CC(C)C(N)CN1CCN(c2ccc(O)c(N)c2)CC1,CC(C)C(N)CN1CCN(c2ccc3oc(C4Cc5ccccc5CN4)nc3c2)CC1
rgfn_drd2,hub_batching,180,180,218,1,0.894045352935791,CC(C)C(N)CN1CCN(c2ccc(O)c(N)c2)CC1,CC(C)C(N)CN1CCN(c2ccc(O)c(NC(=O)NCCc3c[nH]c4ccccc34)c2)CC1
rgfn_drd2,hub_batching,181,181,219,1,0.8751659393310547,CC(C)C(N)CN1CCN(c2ccc(O)c(N)c2)CC1,CC(C)C(CN1CCN(c2ccc(O)c(N)c2)CC1)NCc1cccc(C=O)c1
rgfn_drd2,hub_batching,182,182,220,1,0.8543293476104736,CC(C)C(N)CN1CCN(c2ccc(O)c(N)c2)CC1,CC(C)C(CN1CCN(c2ccc(O)c(N)c2)CC1)NS(=O)(=O)c1cccc(Br)c1
rgfn_drd2,hub_batching,183,183,221,1,0.850039005279541,CC(C)C(N)CN1CCN(c2ccc(O)c(N)c2)CC1,CC(C)C(N)CN1CCN(c2ccc(OC(=O)C3Cc4ccccc4CN3)c(N)c2)CC1
rgfn_drd2,hub_batching,184,184,222,1,0.8285017013549805,CC(C)C(N)CN1CCN(c2ccc(O)c(N)c2)CC1,COc1ccccc1CCNC(=O)NC(CN1CCN(c2ccc(O)c(N)c2)CC1)C(C)C
rgfn_drd2,hub_batching,185,185,223,1,0.8134382367134094,CC(C)C(N)CN1CCN(c2ccc(O)c(N)c2)CC1,CC(C)C(CN1CCN(c2ccc(O)c(N)c2)CC1)Nc1ccc2[nH]cc(C=O)c2c1
rgfn_drd2,hub_batching,186,186,224,1,0.771346390247345,CC(C)C(N)CN1CCN(c2ccc(O)c(N)c2)CC1,CC(C)C(N)CN1CCN(c2ccc(O)c(NC(=O)c3ccc(F)c(F)c3F)c2)CC1
rgfn_drd2,hub_batching,187,187,225,1,0.7707287669181824,CC(C)C(N)CN1CCN(c2ccc(O)c(N)c2)CC1,CC(C)C(N)CN1CCN(c2ccc(O)c(Nc3ccc4c(C=O)c[nH]c4c3)c2)CC1
rgfn_drd2,hub_batching,188,188,226,1,0.7456054091453552,CC(C)C(N)CN1CCN(c2ccc(O)c(N)c2)CC1,CC(C)C(CN1CCN(c2ccc(O)c(N)c2)CC1)Nc1ncccc1I
rgfn_drd2,hub_batching,189,189,227,1,0.7399383187294006,CC(C)C(N)CN1CCN(c2ccc(O)c(N)c2)CC1,CC(C)C(CN1CCN(c2ccc(O)c(N)c2)CC1)Nc1ccc(C#N)cc1C(F)(F)F
rgfn_drd2,hub_batching,190,190,228,1,0.732326090335846,CC(C)C(N)CN1CCN(c2ccc(O)c(N)c2)CC1,CC(C)C(CN1CCN(c2ccc(O)c(N)c2)CC1)NC(=O)Nc1cc(Br)cc(C#N)c1
rgfn_drd2,hub_batching,191,191,229,1,0.7179899215698242,CC(C)C(N)CN1CCN(c2ccc(O)c(N)c2)CC1,CC(C)C(N)CN1CCN(c2ccc(O)c(NCC(N)Cc3ccc(O)cc3)c2)CC1
rgfn_drd2,hub_batching,192,192,230,1,0.7149137258529663,CC(C)C(N)CN1CCN(c2ccc(O)c(N)c2)CC1,CC(C)C(CN1CCN(c2ccc(O)c(N)c2)CC1)NCC(N)Cc1cccs1
rgfn_drd2,hub_batching,193,193,231,1,0.7135701775550842,CC(C)C(N)CN1CCN(c2ccc(O)c(N)c2)CC1,COc1cccc(C(C)Nc2cc(N3CCN(CC(N)C(C)C)CC3)ccc2O)c1
rgfn_drd2,hub_batching,194,194,232,1,0.6913741827011108,CC(C)C(N)CN1CCN(c2ccc(O)c(N)c2)CC1,CC(C)C(N)CN1CCN(c2ccc(O)c(NCc3ncccc3C(F)(F)F)c2)CC1
rgfn_drd2,hub_batching,195,195,233,1,0.6727508902549744,CC(C)C(N)CN1CCN(c2ccc(O)c(N)c2)CC1,CC(C)C(N)CN1CCN(c2ccc(O)c(NS(=O)(=O)c3ccc(Br)cc3)c2)CC1
rgfn_drd2,hub_batching,196,196,234,1,0.6243410110473633,CC(C)C(N)CN1CCN(c2ccc(O)c(N)c2)CC1,CC(C)C(N)CN1CCN(c2ccc(O)c(Nc3c(C(F)(F)F)nc4ccccc4c3O)c2)CC1
rgfn_drd2,hub_batching,197,197,235,1,0.5,CC(C)C(N)CN1CCN(c2ccc(O)c(N)c2)CC1,CC(C)C(CN1CCN(c2ccc(O)c(N)c2)CC1)NC(=O)N1Cc2ccccc2CC1C(=O)O
rgfn_drd2,hub_batching,198,198,239,4,0.978176474571228,NC(Cc1ccccc1)CN(CCC(N)c1nc2cc(Br)ccc2o1)C1CCC1,NC(Cc1ccccc1)CN(CCC(NCCBr)c1nc2cc(Br)ccc2o1)C1CCC1
rgfn_drd2,hub_batching,199,199,240,1,0.976421594619751,NC(Cc1ccccc1)CN(CCC(N)c1nc2cc(Br)ccc2o1)C1CCC1,C=CC1=NC(CN(CCC(N)c2nc3cc(Br)ccc3o2)C2CCC2)Cc2ccccc21
rgfn_drd2,hub_batching,200,200,241,1,0.9405776858329773,NC(Cc1ccccc1)CN(CCC(N)c1nc2cc(Br)ccc2o1)C1CCC1,NC(CCN(CC1Cc2ccccc2C(c2ncc[nH]2)N1)C1CCC1)c1nc2cc(Br)ccc2o1
rgfn_drd2,hub_batching,201,201,242,1,0.9167705774307251,NC(Cc1ccccc1)CN(CCC(N)c1nc2cc(Br)ccc2o1)C1CCC1,NCCN1CCN(c2ccc3oc(C(N)CCN(CC(N)Cc4ccccc4)C4CCC4)nc3c2)CC1
rgfn_drd2,hub_batching,202,202,243,1,0.9145921468734741,NC(Cc1ccccc1)CN(CCC(N)c1nc2cc(Br)ccc2o1)C1CCC1,NC(CCN(CC(Cc1ccccc1)NCc1ncc[nH]1)C1CCC1)c1nc2cc(Br)ccc2o1
rgfn_drd2,hub_batching,203,203,244,1,0.5697107315063477,NC(Cc1ccccc1)CN(CCC(N)c1nc2cc(Br)ccc2o1)C1CCC1,NC(Cc1ccccc1)CN(CCC(N)c1nc2cc(NCCc3c[nH]c4ccc(O)cc34)ccc2o1)C1CCC1
rgfn_drd2,hub_batching,204,204,247,3,0.9971483945846558,Ic1cccnc1N1CCN(C2CCNCC2)CC1,NC(Cc1c[nH]c2ccccc12)CN1CCC(N2CCN(c3ncccc3I)CC2)CC1
rgfn_drd2,hub_batching,205,205,248,1,0.9949232935905457,Ic1cccnc1N1CCN(C2CCNCC2)CC1,N#Cc1ccc2[nH]cc(CN3CCC(N4CCN(c5ncccc5I)CC4)CC3)c2c1
rgfn_drd2,hub_batching,206,206,249,1,0.9941681623458862,Ic1cccnc1N1CCN(C2CCNCC2)CC1,COc1cccc(C(C)N2CCC(N3CCN(c4ncccc4I)CC3)CC2)c1
rgfn_drd2,hub_batching,207,207,250,1,0.9919702410697937,Ic1cccnc1N1CCN(C2CCNCC2)CC1,c1cnc(N2CCN(C3CCNCC3)CC2)c(NCCc2c[nH]c3ccccc23)c1
rgfn_drd2,hub_batching,208,208,251,1,0.9914214611053467,Ic1cccnc1N1CCN(C2CCNCC2)CC1,Ic1cccnc1N1CCN(C2CCN(CC3Cc4ccccc4CN3)CC2)CC1
rgfn_drd2,hub_batching,209,209,252,1,0.9910120368003845,Ic1cccnc1N1CCN(C2CCNCC2)CC1,COc1cccc(CNc2cccnc2N2CCN(C3CCNCC3)CC2)c1
rgfn_drd2,hub_batching,210,210,253,1,0.9884637594223022,Ic1cccnc1N1CCN(C2CCNCC2)CC1,N#Cc1cccc(C(CBr)N2CCC(N3CCN(c4ncccc4I)CC3)CC2)c1
rgfn_drd2,hub_batching,211,211,254,1,0.9802042245864868,Ic1cccnc1N1CCN(C2CCNCC2)CC1,Nc1ccc(CN2CCC(N3CCN(c4ncccc4I)CC3)CC2)cc1Br
rgfn_drd2,hub_batching,212,212,255,1,0.9797217845916748,Ic1cccnc1N1CCN(C2CCNCC2)CC1,O=C(NCCc1c[nH]c2ccc(O)cc12)N1CCC(N2CCN(c3ncccc3I)CC2)CC1
rgfn_drd2,hub_batching,213,213,256,1,0.9723138809204102,Ic1cccnc1N1CCN(C2CCNCC2)CC1,O=C(c1ccccc1CCl)N1CCC(N2CCN(c3ncccc3I)CC2)CC1
rgfn_drd2,hub_batching,214,214,257,1,0.9715588688850403,Ic1cccnc1N1CCN(C2CCNCC2)CC1,N#Cc1cc(Br)cc(Nc2cccnc2N2CCN(C3CCNCC3)CC2)c1
rgfn_drd2,hub_batching,215,215,258,1,0.9667545557022095,Ic1cccnc1N1CCN(C2CCNCC2)CC1,c1cnc(N2CCN(C3CCNCC3)CC2)c(-c2ccc3[nH]ccc3c2)c1
rgfn_drd2,hub_batching,216,216,259,1,0.958656907081604,Ic1cccnc1N1CCN(C2CCNCC2)CC1,CC(Nc1cccnc1N1CCN(C2CCNCC2)CC1)c1ccccc1
rgfn_drd2,hub_batching,217,217,260,1,0.9548429846763611,Ic1cccnc1N1CCN(C2CCNCC2)CC1,Cc1cc(F)ccc1-c1cccnc1N1CCN(C2CCNCC2)CC1
rgfn_drd2,hub_batching,218,218,261,1,0.9470856189727783,Ic1cccnc1N1CCN(C2CCNCC2)CC1,NC(Cc1cccs1)C(=O)N1CCC(N2CCN(c3ncccc3I)CC2)CC1
rgfn_drd2,hub_batching,219,219,262,1,0.9413806796073914,Ic1cccnc1N1CCN(C2CCNCC2)CC1,O=C1Cc2ccc(C(CCl)N3CCC(N4CCN(c5ncccc5I)CC4)CC3)cc2N1
rgfn_drd2,hub_batching,220,220,263,1,0.9409471750259399,Ic1cccnc1N1CCN(C2CCNCC2)CC1,COc1cc(C(F)(F)F)ccc1CN1CCC(N2CCN(c3ncccc3I)CC2)CC1
rgfn_drd2,hub_batching,221,221,264,1,0.9321316480636597,Ic1cccnc1N1CCN(C2CCNCC2)CC1,O=C(Nc1cccc2cc[nH]c12)N1CCC(N2CCN(c3ncccc3I)CC2)CC1
rgfn_drd2,hub_batching,222,222,265,1,0.9234593510627747,Ic1cccnc1N1CCN(C2CCNCC2)CC1,O=C(O)C1Cc2ccccc2CN1c1cccnc1N1CCN(C2CCNCC2)CC1
rgfn_drd2,hub_batching,223,223,266,1,0.9146468639373779,Ic1cccnc1N1CCN(C2CCNCC2)CC1,O=S(=O)(c1cccc2ccccc12)N1CCC(N2CCN(c3ncccc3I)CC2)CC1
rgfn_drd2,hub_batching,224,224,267,1,0.8899174332618713,Ic1cccnc1N1CCN(C2CCNCC2)CC1,Ic1cccnc1N1CCN(C2CCN(c3ccccn3)CC2)CC1
rgfn_drd2,hub_batching,225,225,268,1,0.8886241316795349,Ic1cccnc1N1CCN(C2CCNCC2)CC1,O=Cc1c[nH]c2cc(N3CCC(N4CCN(c5ncccc5I)CC4)CC3)ccc12
rgfn_drd2,hub_batching,226,226,269,1,0.8256903290748596,Ic1cccnc1N1CCN(C2CCNCC2)CC1,O=C(O)C1Cc2ccccc2CN1C(=O)N1CCC(N2CCN(c3ncccc3I)CC2)CC1
rgfn_drd2,hub_batching,227,227,270,1,0.8193749785423279,Ic1cccnc1N1CCN(C2CCNCC2)CC1,O=C(O)c1cccc(F)c1Nc1cccnc1N1CCN(C2CCNCC2)CC1
rgfn_drd2,hub_batching,228,228,271,1,0.8000876903533936,Ic1cccnc1N1CCN(C2CCNCC2)CC1,O=C(O)C(Cc1ccc(O)cc1)NC(=O)N1CCC(N2CCN(c3ncccc3I)CC2)CC1
rgfn_drd2,hub_batching,229,229,272,1,0.7939496040344238,Ic1cccnc1N1CCN(C2CCNCC2)CC1,Oc1c(N2CCC(N3CCN(c4ncccc4I)CC3)CC2)c(C(F)(F)F)nc2ccccc12
rgfn_drd2,hub_batching,230,230,273,1,0.6481091976165771,Ic1cccnc1N1CCN(C2CCNCC2)CC1,C#Cc1cccnc1N1CCN(C2CCNCC2)CC1
rgfn_drd2,hub_batching,231,231,277,4,0.9555256366729736,CC(C)C(CN(CCO)Cc1cccc(O)c1)NCCCN,CC(C)C(CN(CCO)Cc1cccc(O)c1)N(CCCN)Cc1c[nH]c2ccc(F)cc12
rgfn_drd2,hub_batching,232,232,278,1,0.9314287304878235,CC(C)C(CN(CCO)Cc1cccc(O)c1)NCCCN,CC(C)C(CN(CCO)Cc1cccc(O)c1)NCCCNCc1c[nH]c2ccc(Br)cc12
rgfn_drd2,hub_batching,233,233,279,1,0.9014962911605835,CC(C)C(CN(CCO)Cc1cccc(O)c1)NCCCN,CC(C)C(CN(CCO)Cc1cccc(O)c1)N(CCCN)c1ccc2[nH]cc(C=O)c2c1
rgfn_drd2,hub_batching,234,234,280,1,0.8680179715156555,CC(C)C(CN(CCO)Cc1cccc(O)c1)NCCCN,CC(C)C(CN(CCO)Cc1cccc(O)c1)N(CCCN)C(CCl)c1ccc(F)cc1F
rgfn_drd2,hub_batching,235,235,281,1,0.7909436225891113,CC(C)C(CN(CCO)Cc1cccc(O)c1)NCCCN,CC(C)C(CN(CCO)Cc1cccc(O)c1)NCCCNC(CCl)c1ccc(Cl)c(Cl)c1
rgfn_drd2,hub_batching,236,236,282,1,0.7775384783744812,CC(C)C(CN(CCO)Cc1cccc(O)c1)NCCCN,CC(C)C(CN(CCO)Cc1cccc(OC(=O)c2ccc(F)c(F)c2F)c1)NCCCN
rgfn_drd2,hub_batching,237,237,283,1,0.7103908061981201,CC(C)C(CN(CCO)Cc1cccc(O)c1)NCCCN,CC(C)C(CN(CCO)Cc1cccc(O)c1)N(CCCN)c1ccccc1CCN
rgfn_drd2,hub_batching,238,238,284,1,0.6912669539451599,CC(C)C(CN(CCO)Cc1cccc(O)c1)NCCCN,CC(C)C(CN(CCOC(=O)c1cccc(F)c1F)Cc1cccc(O)c1)NCCCN
rgfn_drd2,hub_batching,239,239,287,3,0.9825165867805481,CC(C)C(CN1CCNCC1)NCc1ccc(F)c(F)c1F,CC(C)C(CN1CCN(c2ccccc2CCN)CC1)NCc1ccc(F)c(F)c1F
rgfn_drd2,hub_batching,240,240,288,1,0.9788506031036377,CC(C)C(CN1CCNCC1)NCc1ccc(F)c(F)c1F,CC(C)C(CN1CCN(c2ccc3[nH]cc(C=O)c3c2)CC1)NCc1ccc(F)c(F)c1F
rgfn_drd2,hub_batching,241,241,289,1,0.9239521622657776,CC(C)C(CN1CCNCC1)NCc1ccc(F)c(F)c1F,CC(C)C(CN1CCNCC1)N(Cc1ccc(F)c(F)c1F)c1ccc2[nH]cc(C=O)c2c1
rgfn_drd2,hub_batching,242,242,290,1,0.8950561881065369,CC(C)C(CN1CCNCC1)NCc1ccc(F)c(F)c1F,CC(C)C(CN1CCNCC1)N(Cc1ccc(F)c(F)c1F)Cc1c[nH]c2ccccc12
rgfn_drd2,hub_batching,243,243,291,1,0.8701694011688232,CC(C)C(CN1CCNCC1)NCc1ccc(F)c(F)c1F,CC(C)C(CN1CCNCC1)N(Cc1ccc(F)c(F)c1F)c1ccccc1CCN
rgfn_drd2,hub_batching,244,244,292,1,0.819374144077301,CC(C)C(CN1CCNCC1)NCc1ccc(F)c(F)c1F,CC(C)C(CN1CCN(C(=O)C(N)Cc2c[nH]c3ccccc23)CC1)NCc1ccc(F)c(F)c1F
rgfn_drd2,hub_batching,245,245,293,1,0.815768301486969,CC(C)C(CN1CCNCC1)NCc1ccc(F)c(F)c1F,COc1cccc(C(C)N(Cc2ccc(F)c(F)c2F)C(CN2CCNCC2)C(C)C)c1
rgfn_drd2,hub_batching,246,246,294,1,0.8003882765769958,CC(C)C(CN1CCNCC1)NCc1ccc(F)c(F)c1F,CC(C)C(CN1CCN(C(CBr)c2cccc(C#N)c2)CC1)NCc1ccc(F)c(F)c1F
rgfn_drd2,hub_batching,247,247,295,1,0.7862160801887512,CC(C)C(CN1CCNCC1)NCc1ccc(F)c(F)c1F,CC(C)C(CN1CCN(Cc2c[nH]c3ccc(C#N)cc23)CC1)NCc1ccc(F)c(F)c1F
rgfn_drd2,hub_batching,248,248,296,1,0.7820529937744141,CC(C)C(CN1CCNCC1)NCc1ccc(F)c(F)c1F,CC(C)C(CN1CCN(c2c(C(F)(F)F)nc3ccccc3c2O)CC1)NCc1ccc(F)c(F)c1F
rgfn_drd2,hub_batching,249,249,297,1,0.7344884872436523,CC(C)C(CN1CCNCC1)NCc1ccc(F)c(F)c1F,CC(C)C(CN1CCN(Cc2cccc(C=O)c2)CC1)NCc1ccc(F)c(F)c1F
rgfn_drd2,hub_batching,250,250,298,1,0.6698794960975647,CC(C)C(CN1CCNCC1)NCc1ccc(F)c(F)c1F,CC(C)C(CN1CCNCC1)N(Cc1ccc(F)c(F)c1F)C(=O)c1cccc(O)c1N
rgfn_drd2,hub_batching,251,251,299,1,0.6624674201011658,CC(C)C(CN1CCNCC1)NCc1ccc(F)c(F)c1F,CC(C)C(CN1CCNCC1)N(Cc1ccc(F)c(F)c1F)CC1Cc2ccccc2CN1
rgfn_drd2,hub_batching,252,252,300,1,0.6597461104393005,CC(C)C(CN1CCNCC1)NCc1ccc(F)c(F)c1F,CC(C)C(CN1CCNCC1)N(Cc1ccc(F)c(F)c1F)C(=O)NCCc1c[nH]c2ccc(O)cc12
rgfn_drd2,hub_batching,253,253,301,1,0.655144989490509,CC(C)C(CN1CCNCC1)NCc1ccc(F)c(F)c1F,CC(C)C(CN1CCN(C(=O)c2ccc(N)c(O)c2)CC1)NCc1ccc(F)c(F)c1F
rgfn_drd2,hub_batching,254,254,302,1,0.6309462785720825,CC(C)C(CN1CCNCC1)NCc1ccc(F)c(F)c1F,CC(C)C(CN1CCN(c2ncc3[nH]ccc3n2)CC1)NCc1ccc(F)c(F)c1F
rgfn_drd2,hub_batching,255,255,303,1,0.6011431217193604,CC(C)C(CN1CCNCC1)NCc1ccc(F)c(F)c1F,CC(C)C(CN1CCNCC1)N(Cc1ccc(F)c(F)c1F)C(=O)Nc1cccc2cc[nH]c12
rgfn_drd2,hub_batching,256,256,304,1,0.5858955383300781,CC(C)C(CN1CCNCC1)NCc1ccc(F)c(F)c1F,CC(C)C(CN1CCN(C(CCl)c2ccc3c(c2)NC(=O)C3)CC1)NCc1ccc(F)c(F)c1F
rgfn_drd2,hub_batching,257,257,305,1,0.5591922998428345,CC(C)C(CN1CCNCC1)NCc1ccc(F)c(F)c1F,COc1ccccc1CCNC(=O)N1CCN(CC(NCc2ccc(F)c(F)c2F)C(C)C)CC1
rgfn_drd2,hub_batching,258,258,306,1,0.5561190247535706,CC(C)C(CN1CCNCC1)NCc1ccc(F)c(F)c1F,CC(C)C(CN1CCN(C(=O)Nc2cccc3cc[nH]c23)CC1)NCc1ccc(F)c(F)c1F
rgfn_drd2,hub_batching,259,259,307,1,0.5429239273071289,CC(C)C(CN1CCNCC1)NCc1ccc(F)c(F)c1F,CC(C)C(CN1CCNCC1)N(Cc1ccc(F)c(F)c1F)S(=O)(=O)c1cccc(F)c1
rgfn_drd2,hub_batching,260,260,308,1,0.5284051299095154,CC(C)C(CN1CCNCC1)NCc1ccc(F)c(F)c1F,CC(C)C(CN1CCN(C(=O)C2Cc3ccccc3CN2)CC1)NCc1ccc(F)c(F)c1F
rgfn_drd2,hub_batching,261,261,312,4,0.9827507138252258,CCC1NC(CN2CC(c3nc4cc(Br)ccc4o3)C2)Cc2ccccc21,CCC1c2ccccc2CC(CN2CC(c3nc4cc(Br)ccc4o3)C2)N1C1CCNC1
rgfn_drd2,hub_batching,262,262,313,1,0.9602070450782776,CCC1NC(CN2CC(c3nc4cc(Br)ccc4o3)C2)Cc2ccccc21,CCC1NC(CN2CC(c3nc4cc(Cl)ccc4o3)C2)Cc2ccccc21
rgfn_drd2,hub_batching,263,263,317,4,0.987396776676178,CCCNC(CCCCN)CN(CCC)c1cc(Br)ccc1O,CCCN(CC(CCCCN)N(CCC)Cc1c[nH]c2cc(Br)ccc12)c1cc(Br)ccc1O
rgfn_drd2,hub_batching,264,264,318,1,0.9725131988525391,CCCNC(CCCCN)CN(CCC)c1cc(Br)ccc1O,CCCN(CC(CCCCN)N(CCC)C(CCl)c1ccc(Br)cc1)c1cc(Br)ccc1O
rgfn_drd2,hub_batching,265,265,319,1,0.8621228337287903,CCCNC(CCCCN)CN(CCC)c1cc(Br)ccc1O,CCCN(CC(CCCCN)N(CCC)CC(N)Cc1ccc([N+](=O)[O-])cc1)c1cc(Br)ccc1O
rgfn_drd2,hub_batching,266,266,320,1,0.8068327903747559,CCCNC(CCCCN)CN(CCC)c1cc(Br)ccc1O,CCCNC(CCCCNCc1ccc(F)cc1)CN(CCC)c1cc(Br)ccc1O
rgfn_drd2,hub_batching,267,267,321,1,0.6791320443153381,CCCNC(CCCCN)CN(CCC)c1cc(Br)ccc1O,CCCNC(CCCCN)CN(CCC)c1cc(Br)ccc1OC(=O)c1ccc(N)c(Br)c1
rgfn_drd2,hub_batching,268,268,322,1,0.5879738926887512,CCCNC(CCCCN)CN(CCC)c1cc(Br)ccc1O,CCCN(CC(CCCCN)N(CCC)c1cc(N)cc(C#N)c1)c1cc(Br)ccc1O
rgfn_drd2,hub_batching,269,269,323,1,0.5822582244873047,CCCNC(CCCCN)CN(CCC)c1cc(Br)ccc1O,CCCNC(CCCCN)CN(CCC)c1cc(Nc2cc(Br)cc(C#N)c2)ccc1O
rgfn_drd2,hub_batching,270,270,324,1,0.5688289999961853,CCCNC(CCCCN)CN(CCC)c1cc(Br)ccc1O,CCCNC(CCCCN)CN(CCC)c1cc(-c2ccc(F)cc2C)ccc1O
rgfn_drd2,hub_batching,271,271,325,1,0.5573822855949402,CCCNC(CCCCN)CN(CCC)c1cc(Br)ccc1O,CCCNC(CCCCN)CN(CCC)c1cc(NCc2c[nH]c3ccccc23)ccc1O
rgfn_drd2,hub_batching,272,272,328,3,0.9999992847442627,CCCN(CCCN)Cc1cccc(O)c1,CCCN(CCCNCc1c[nH]c2ccc(F)cc12)Cc1cccc(O)c1
rgfn_drd2,hub_batching,273,273,329,1,0.9999848008155823,CCCN(CCCN)Cc1cccc(O)c1,CCCN(CCCNCc1ccc(N)c(Br)c1)Cc1cccc(O)c1
rgfn_drd2,hub_batching,274,274,330,1,0.9949482083320618,CCCN(CCCN)Cc1cccc(O)c1,CCCN(CCCNC(CCl)c1ccc(Br)cc1)Cc1cccc(O)c1
rgfn_drd2,hub_batching,275,275,331,1,0.9910428524017334,CCCN(CCCN)Cc1cccc(O)c1,CCCN(CCCNCC1Cc2ccccc2CN1)Cc1cccc(O)c1
rgfn_drd2,hub_batching,276,276,332,1,0.9888681173324585,CCCN(CCCN)Cc1cccc(O)c1,CCCN(CCCNc1ccccc1CCN)Cc1cccc(O)c1
rgfn_drd2,hub_batching,277,277,333,1,0.9817095994949341,CCCN(CCCN)Cc1cccc(O)c1,CCCN(CCCN)Cc1cccc(OC(=O)c2ccc(N)c(Br)c2)c1
rgfn_drd2,hub_batching,278,278,334,1,0.9800620675086975,CCCN(CCCN)Cc1cccc(O)c1,CCCN(CCCNc1ccc2c(C=O)c[nH]c2c1)Cc1cccc(O)c1
rgfn_drd2,hub_batching,279,279,335,1,0.9781875014305115,CCCN(CCCN)Cc1cccc(O)c1,CCCN(CCCN)Cc1cccc(OC(=O)C(N)Cc2c[nH]c3ccccc23)c1
rgfn_drd2,hub_batching,280,280,336,1,0.9670696258544922,CCCN(CCCN)Cc1cccc(O)c1,CCCN(CCCNCC(N)Cc1c[nH]cn1)Cc1cccc(O)c1
rgfn_drd2,hub_batching,281,281,337,1,0.9558585286140442,CCCN(CCCN)Cc1cccc(O)c1,CCCN(CCCNc1cc(Br)ccn1)Cc1cccc(O)c1
rgfn_drd2,hub_batching,282,282,338,1,0.9252749085426331,CCCN(CCCN)Cc1cccc(O)c1,CCCN(CCCN)Cc1cccc(OC(=O)C2Cc3ccccc3CN2)c1
rgfn_drd2,hub_batching,283,283,339,1,0.9170310497283936,CCCN(CCCN)Cc1cccc(O)c1,CCCN(CCCNc1cc(N)cc(C#N)c1)Cc1cccc(O)c1
rgfn_drd2,hub_batching,284,284,340,1,0.9054642915725708,CCCN(CCCN)Cc1cccc(O)c1,CCCN(CCCNC(=O)c1cccc(F)c1F)Cc1cccc(O)c1
rgfn_drd2,hub_batching,285,285,341,1,0.8674629926681519,CCCN(CCCN)Cc1cccc(O)c1,CCCN(CCCNc1ncc2[nH]ccc2n1)Cc1cccc(O)c1
rgfn_drd2,hub_batching,286,286,342,1,0.7771876454353333,CCCN(CCCN)Cc1cccc(O)c1,CCCN(CCCNS(=O)(=O)c1cccc(F)c1)Cc1cccc(O)c1
rgfn_drd2,hub_batching,287,287,343,1,0.7550897598266602,CCCN(CCCN)Cc1cccc(O)c1,CCCN(CCCNC(=O)NCCc1c[nH]c2ccccc12)Cc1cccc(O)c1
rgfn_drd2,hub_batching,288,288,344,1,0.7327308654785156,CCCN(CCCN)Cc1cccc(O)c1,CCCN(CCCNC1CCNC1)Cc1cccc(O)c1
rgfn_drd2,hub_batching,289,289,345,1,0.6378502249717712,CCCN(CCCN)Cc1cccc(O)c1,CCCN(CCCNc1c(C(F)(F)F)nc2ccccc2c1O)Cc1cccc(O)c1
rgfn_drd2,hub_batching,290,290,346,1,0.5612451434135437,CCCN(CCCN)Cc1cccc(O)c1,CCCN(CCCNC(=O)Nc1ncc(Br)cc1C)Cc1cccc(O)c1
rgfn_drd2,hub_batching,291,291,350,4,0.9999991059303284,CCCN1CCN(c2ccc(O)c(NC(C)CCl)c2)CC1,CCCN1CCN(c2ccc(O)c(N(Cc3c[nH]c4cc(Br)ccc34)C(C)CCl)c2)CC1
rgfn_drd2,hub_batching,292,292,351,1,0.9999974370002747,CCCN1CCN(c2ccc(O)c(NC(C)CCl)c2)CC1,CCCN1CCN(c2ccc(O)c(N(c3ccccc3CCN)C(C)CCl)c2)CC1
rgfn_drd2,hub_batching,293,293,352,1,0.9971936941146851,CCCN1CCN(c2ccc(O)c(NC(C)CCl)c2)CC1,CCCN1CCN(c2ccc(O)c(N(C(=O)C(N)Cc3c[nH]c4ccccc34)C(C)CCl)c2)CC1
rgfn_drd2,hub_batching,294,294,353,1,0.9969193339347839,CCCN1CCN(c2ccc(O)c(NC(C)CCl)c2)CC1,CCCN1CCN(c2ccc(O)c(N(C(C)CCl)C(CCl)c3ccc(Cl)c(Cl)c3)c2)CC1
rgfn_drd2,hub_batching,295,295,354,1,0.9966392517089844,CCCN1CCN(c2ccc(O)c(NC(C)CCl)c2)CC1,CCCN1CCN(c2ccc(O)c(N(CC3Cc4ccccc4CN3)C(C)CCl)c2)CC1
rgfn_drd2,hub_batching,296,296,355,1,0.9962283372879028,CCCN1CCN(c2ccc(O)c(NC(C)CCl)c2)CC1,CCCN1CCN(c2ccc(OC(=O)c3cccc(F)c3F)c(NC(C)CCl)c2)CC1
rgfn_drd2,hub_batching,297,297,356,1,0.9950820803642273,CCCN1CCN(c2ccc(O)c(NC(C)CCl)c2)CC1,CCCN1CCN(c2ccc(O)c(N(C(=O)c3cccc(F)c3F)C(C)CCl)c2)CC1
rgfn_drd2,hub_batching,298,298,357,1,0.9900808930397034,CCCN1CCN(c2ccc(O)c(NC(C)CCl)c2)CC1,CCCN1CCN(c2ccc(O)c(N(c3ccc4[nH]cc(C=O)c4c3)C(C)CCl)c2)CC1
rgfn_drd2,hub_batching,299,299,358,1,0.987911581993103,CCCN1CCN(c2ccc(O)c(NC(C)CCl)c2)CC1,CCCN1CCN(c2ccc(O)c(N(CC(N)Cc3cccs3)C(C)CCl)c2)CC1
rgfn_drd2,hub_batching,300,300,359,1,0.9862539172172546,CCCN1CCN(c2ccc(O)c(NC(C)CCl)c2)CC1,CCCN1CCN(c2ccc(O)c(N(C(C)CCl)S(=O)(=O)c3cccc(F)c3)c2)CC1
rgfn_drd2,greedy_oracle,1,1,3,3,0.9959999918937683,NC(Cc1ccccc1)CN1CCC(NC2CCC2)CC1,NC(Cc1ccccc1)CN1CCC(N(Cc2c[nH]c3cc(Br)ccc23)C2CCC2)CC1
rgfn_drd2,greedy_oracle,2,2,4,1,0.9894789457321167,NC(Cc1ccccc1)CN1CCC(NC2CCC2)CC1,Fc1ccc(C2=NC(CN3CCC(NC4CCC4)CC3)Cc3ccccc32)cc1
rgfn_drd2,greedy_oracle,3,3,5,1,0.9894177913665771,NC(Cc1ccccc1)CN1CCC(NC2CCC2)CC1,Brc1ccc2c(C3NC(CN4CCC(NC5CCC5)CC4)Cc4ccccc43)c[nH]c2c1
rgfn_drd2,greedy_oracle,4,4,6,1,0.9862749576568604,NC(Cc1ccccc1)CN1CCC(NC2CCC2)CC1,Brc1ccc2c(CNC(Cc3ccccc3)CN3CCC(NC4CCC4)CC3)c[nH]c2c1
rgfn_drd2,greedy_oracle,5,5,7,1,0.9813172817230225,NC(Cc1ccccc1)CN1CCC(NC2CCC2)CC1,NC(Cc1ccccc1)CN1CCC(N(c2ccnc(F)c2)C2CCC2)CC1
rgfn_drd2,greedy_oracle,6,6,8,1,0.9679915308952332,NC(Cc1ccccc1)CN1CCC(NC2CCC2)CC1,Brc1ccnc(NC(Cc2ccccc2)CN2CCC(NC3CCC3)CC2)c1
rgfn_drd2,greedy_oracle,7,7,9,1,0.9650192856788635,NC(Cc1ccccc1)CN1CCC(NC2CCC2)CC1,NC(Cc1ccccc1)CN1CCC(N(c2cc(F)ccc2C(=O)CCl)C2CCC2)CC1
rgfn_drd2,greedy_oracle,8,8,10,1,0.9494893550872803,NC(Cc1ccccc1)CN1CCC(NC2CCC2)CC1,NC(Cc1ccccc1)CN1CCC(N(C2CCC2)C(CCl)c2ccc(F)cc2F)CC1
rgfn_drd2,greedy_oracle,9,9,11,1,0.943981409072876,NC(Cc1ccccc1)CN1CCC(NC2CCC2)CC1,O=Cc1c[nH]c2ccc(NC(Cc3ccccc3)CN3CCC(NC4CCC4)CC3)cc12
rgfn_drd2,greedy_oracle,10,10,12,1,0.9335562586784363,NC(Cc1ccccc1)CN1CCC(NC2CCC2)CC1,NC(Cc1ccccc1)CN1CCC(N(c2ncc3[nH]ccc3n2)C2CCC2)CC1
rgfn_drd2,greedy_oracle,11,11,13,1,0.9205654859542847,NC(Cc1ccccc1)CN1CCC(NC2CCC2)CC1,c1ccc(CC(CN2CCC(NC3CCC3)CC2)Nc2ncc3[nH]ccc3n2)cc1
rgfn_drd2,greedy_oracle,12,12,14,1,0.9173465371131897,NC(Cc1ccccc1)CN1CCC(NC2CCC2)CC1,NC(Cc1cccs1)C1=NC(CN2CCC(NC3CCC3)CC2)Cc2ccccc21
rgfn_drd2,greedy_oracle,13,13,15,1,0.9111931324005127,NC(Cc1ccccc1)CN1CCC(NC2CCC2)CC1,ClCC(NC(Cc1ccccc1)CN1CCC(NC2CCC2)CC1)c1ccc(Cl)c(Cl)c1
rgfn_drd2,greedy_oracle,14,14,16,1,0.9109969735145569,NC(Cc1ccccc1)CN1CCC(NC2CCC2)CC1,Nc1ccc(N(C2CCC2)C2CCN(CC(N)Cc3ccccc3)CC2)nc1Br
rgfn_drd2,greedy_oracle,15,15,17,1,0.9045850038528442,NC(Cc1ccccc1)CN1CCC(NC2CCC2)CC1,Nc1ccc(C(=O)NC(Cc2ccccc2)CN2CCC(NC3CCC3)CC2)cc1Br
rgfn_drd2,greedy_oracle,16,16,18,1,0.8979557156562805,NC(Cc1ccccc1)CN1CCC(NC2CCC2)CC1,NC(Cc1ccccc1)CN1CCC(N(Cc2cncc(F)c2)C2CCC2)CC1
rgfn_drd2,greedy_oracle,17,17,19,1,0.8935607075691223,NC(Cc1ccccc1)CN1CCC(NC2CCC2)CC1,O=C(CCl)c1ccc(F)cc1NC(Cc1ccccc1)CN1CCC(NC2CCC2)CC1
rgfn_drd2,greedy_oracle,18,18,20,1,0.841962993144989,NC(Cc1ccccc1)CN1CCC(NC2CCC2)CC1,NC(Cc1ccccc1)CN1CCC(N(c2c(C(F)(F)F)nc3ccccc3c2O)C2CCC2)CC1
rgfn_drd2,greedy_oracle,19,19,21,1,0.8308332562446594,NC(Cc1ccccc1)CN1CCC(NC2CCC2)CC1,Fc1cccc(CNC(Cc2ccccc2)CN2CCC(NC3CCC3)CC2)n1
rgfn_drd2,greedy_oracle,20,20,22,1,0.8180875778198242,NC(Cc1ccccc1)CN1CCC(NC2CCC2)CC1,O=C(NCCc1c[nH]c2ccc(O)cc12)NC(Cc1ccccc1)CN1CCC(NC2CCC2)CC1
rgfn_drd2,greedy_oracle,21,21,23,1,0.8033773303031921,NC(Cc1ccccc1)CN1CCC(NC2CCC2)CC1,N#Cc1ccc(N(C2CCC2)C2CCN(CC(N)Cc3ccccc3)CC2)c(C(F)(F)F)c1
rgfn_drd2,greedy_oracle,22,22,24,1,0.7744993567466736,NC(Cc1ccccc1)CN1CCC(NC2CCC2)CC1,NC(Cc1ccccc1)CN1CCC(N(c2ccc([N+](=O)[O-])c3ccccc23)C2CCC2)CC1
rgfn_drd2,greedy_oracle,23,23,25,1,0.7733352780342102,NC(Cc1ccccc1)CN1CCC(NC2CCC2)CC1,O=S(=O)(NC(Cc1ccccc1)CN1CCC(NC2CCC2)CC1)c1ccncc1
rgfn_drd2,greedy_oracle,24,24,26,1,0.7719630599021912,NC(Cc1ccccc1)CN1CCC(NC2CCC2)CC1,CCC1NC(CN2CCC(NC3CCC3)CC2)Cc2ccccc21
rgfn_drd2,greedy_oracle,25,25,27,1,0.7464685440063477,NC(Cc1ccccc1)CN1CCC(NC2CCC2)CC1,Nc1ccc(C(=O)N(C2CCC2)C2CCN(CC(N)Cc3ccccc3)CC2)cc1Br
rgfn_drd2,greedy_oracle,26,26,28,1,0.7029103636741638,NC(Cc1ccccc1)CN1CCC(NC2CCC2)CC1,O=C(Nc1cccc2cc[nH]c12)NC(Cc1ccccc1)CN1CCC(NC2CCC2)CC1
rgfn_drd2,greedy_oracle,27,27,29,1,0.7026886940002441,NC(Cc1ccccc1)CN1CCC(NC2CCC2)CC1,Oc1c(NC(Cc2ccccc2)CN2CCC(NC3CCC3)CC2)c(C(F)(F)F)nc2ccccc12
rgfn_drd2,greedy_oracle,28,28,30,1,0.6817153692245483,NC(Cc1ccccc1)CN1CCC(NC2CCC2)CC1,NC(Cc1ccccc1)CN1CCC(N(c2cnc3cccnn23)C2CCC2)CC1
rgfn_drd2,greedy_oracle,29,29,31,1,0.6478981375694275,NC(Cc1ccccc1)CN1CCC(NC2CCC2)CC1,O=[N+]([O-])c1ccc(NC(Cc2ccccc2)CN2CCC(NC3CCC3)CC2)c2cccnc12
rgfn_drd2,greedy_oracle,30,30,32,1,0.6472923159599304,NC(Cc1ccccc1)CN1CCC(NC2CCC2)CC1,N#Cc1cccc(C(CBr)N(C2CCC2)C2CCN(CC(N)Cc3ccccc3)CC2)c1
rgfn_drd2,greedy_oracle,31,31,33,1,0.6425775289535522,NC(Cc1ccccc1)CN1CCC(NC2CCC2)CC1,COc1cccc(C(C)N(C2CCC2)C2CCN(CC(N)Cc3ccccc3)CC2)c1
rgfn_drd2,greedy_oracle,32,32,34,1,0.639119565486908,NC(Cc1ccccc1)CN1CCC(NC2CCC2)CC1,NC(Cc1ccccc1)CN1CCC(N(CC(N)Cc2cccs2)C2CCC2)CC1
rgfn_drd2,greedy_oracle,33,33,35,1,0.6085883378982544,NC(Cc1ccccc1)CN1CCC(NC2CCC2)CC1,NC(CCC1=NC(CN2CCC(NC3CCC3)CC2)Cc2ccccc21)C(=O)O
rgfn_drd2,greedy_oracle,34,34,38,3,0.9886590242385864,CC(C)C(N)CN1CCN(c2ccc(O)c(N)c2)CC1,CC(C)C(CN1CCN(c2ccc(O)c(N)c2)CC1)NCc1c[nH]c2cc(Br)ccc12
rgfn_drd2,greedy_oracle,35,35,39,1,0.9790985584259033,CC(C)C(N)CN1CCN(c2ccc(O)c(N)c2)CC1,CC(C)C(N)CN1CCN(c2ccc(O)c(NCc3c[nH]c4ccc(F)cc34)c2)CC1
rgfn_drd2,greedy_oracle,36,36,40,1,0.978280246257782,CC(C)C(N)CN1CCN(c2ccc(O)c(N)c2)CC1,CC(C)C(CN1CCN(c2ccc(O)c(N)c2)CC1)NC(CCl)c1ccc(Cl)c(Cl)c1
rgfn_drd2,greedy_oracle,37,37,41,1,0.9530834555625916,CC(C)C(N)CN1CCN(c2ccc(O)c(N)c2)CC1,CC(C)C(N)CN1CCN(c2ccc3oc(-c4cccc(F)c4F)nc3c2)CC1
rgfn_drd2,greedy_oracle,38,38,42,1,0.9521049857139587,CC(C)C(N)CN1CCN(c2ccc(O)c(N)c2)CC1,CC(C)C(N)CN1CCN(c2ccc(OC(=O)c3cccc(F)c3F)c(N)c2)CC1
rgfn_drd2,greedy_oracle,39,39,43,1,0.9482837319374084,CC(C)C(N)CN1CCN(c2ccc(O)c(N)c2)CC1,CC(C)C(CN1CCN(c2ccc(O)c(N)c2)CC1)NC(=O)c1cccc(F)c1F
rgfn_drd2,greedy_oracle,40,40,44,1,0.9461224675178528,CC(C)C(N)CN1CCN(c2ccc(O)c(N)c2)CC1,CC(C)C(CN1CCN(c2ccc(O)c(N)c2)CC1)NCC1Cc2ccccc2CN1
rgfn_drd2,greedy_oracle,41,41,45,1,0.9325322508811951,CC(C)C(N)CN1CCN(c2ccc(O)c(N)c2)CC1,CC(C)C(CN1CCN(c2ccc(O)c(N)c2)CC1)NC(=O)C(N)Cc1c[nH]c2ccccc12
rgfn_drd2,greedy_oracle,42,42,46,1,0.9305911660194397,CC(C)C(N)CN1CCN(c2ccc(O)c(N)c2)CC1,CC(C)C(N)CN1CCN(c2ccc(O)c(Nc3ccccc3CCN)c2)CC1
rgfn_drd2,greedy_oracle,43,43,47,1,0.9255576133728027,CC(C)C(N)CN1CCN(c2ccc(O)c(N)c2)CC1,CC(C)C(N)CN1CCN(c2ccc3oc(C(N)Cc4c[nH]c5ccccc45)nc3c2)CC1
rgfn_drd2,greedy_oracle,44,44,48,1,0.9167463779449463,CC(C)C(N)CN1CCN(c2ccc(O)c(N)c2)CC1,CC(C)C(N)CN1CCN(c2ccc(O)c(NC(CCl)c3ccc(F)cc3F)c2)CC1
rgfn_drd2,greedy_oracle,45,45,49,1,0.8947731256484985,CC(C)C(N)CN1CCN(c2ccc(O)c(N)c2)CC1,CC(C)C(N)CN1CCN(c2ccc3oc(C4Cc5ccccc5CN4)nc3c2)CC1
rgfn_drd2,greedy_oracle,46,46,50,1,0.894045352935791,CC(C)C(N)CN1CCN(c2ccc(O)c(N)c2)CC1,CC(C)C(N)CN1CCN(c2ccc(O)c(NC(=O)NCCc3c[nH]c4ccccc34)c2)CC1
rgfn_drd2,greedy_oracle,47,47,51,1,0.8751659393310547,CC(C)C(N)CN1CCN(c2ccc(O)c(N)c2)CC1,CC(C)C(CN1CCN(c2ccc(O)c(N)c2)CC1)NCc1cccc(C=O)c1
rgfn_drd2,greedy_oracle,48,48,52,1,0.8543293476104736,CC(C)C(N)CN1CCN(c2ccc(O)c(N)c2)CC1,CC(C)C(CN1CCN(c2ccc(O)c(N)c2)CC1)NS(=O)(=O)c1cccc(Br)c1
rgfn_drd2,greedy_oracle,49,49,53,1,0.850039005279541,CC(C)C(N)CN1CCN(c2ccc(O)c(N)c2)CC1,CC(C)C(N)CN1CCN(c2ccc(OC(=O)C3Cc4ccccc4CN3)c(N)c2)CC1
rgfn_drd2,greedy_oracle,50,50,54,1,0.8285017013549805,CC(C)C(N)CN1CCN(c2ccc(O)c(N)c2)CC1,COc1ccccc1CCNC(=O)NC(CN1CCN(c2ccc(O)c(N)c2)CC1)C(C)C
rgfn_drd2,greedy_oracle,51,51,55,1,0.8134382367134094,CC(C)C(N)CN1CCN(c2ccc(O)c(N)c2)CC1,CC(C)C(CN1CCN(c2ccc(O)c(N)c2)CC1)Nc1ccc2[nH]cc(C=O)c2c1
rgfn_drd2,greedy_oracle,52,52,56,1,0.771346390247345,CC(C)C(N)CN1CCN(c2ccc(O)c(N)c2)CC1,CC(C)C(N)CN1CCN(c2ccc(O)c(NC(=O)c3ccc(F)c(F)c3F)c2)CC1
rgfn_drd2,greedy_oracle,53,53,57,1,0.7707287669181824,CC(C)C(N)CN1CCN(c2ccc(O)c(N)c2)CC1,CC(C)C(N)CN1CCN(c2ccc(O)c(Nc3ccc4c(C=O)c[nH]c4c3)c2)CC1
rgfn_drd2,greedy_oracle,54,54,58,1,0.7456054091453552,CC(C)C(N)CN1CCN(c2ccc(O)c(N)c2)CC1,CC(C)C(CN1CCN(c2ccc(O)c(N)c2)CC1)Nc1ncccc1I
rgfn_drd2,greedy_oracle,55,55,59,1,0.7399383187294006,CC(C)C(N)CN1CCN(c2ccc(O)c(N)c2)CC1,CC(C)C(CN1CCN(c2ccc(O)c(N)c2)CC1)Nc1ccc(C#N)cc1C(F)(F)F
rgfn_drd2,greedy_oracle,56,56,60,1,0.732326090335846,CC(C)C(N)CN1CCN(c2ccc(O)c(N)c2)CC1,CC(C)C(CN1CCN(c2ccc(O)c(N)c2)CC1)NC(=O)Nc1cc(Br)cc(C#N)c1
rgfn_drd2,greedy_oracle,57,57,61,1,0.7179899215698242,CC(C)C(N)CN1CCN(c2ccc(O)c(N)c2)CC1,CC(C)C(N)CN1CCN(c2ccc(O)c(NCC(N)Cc3ccc(O)cc3)c2)CC1
rgfn_drd2,greedy_oracle,58,58,62,1,0.7149137258529663,CC(C)C(N)CN1CCN(c2ccc(O)c(N)c2)CC1,CC(C)C(CN1CCN(c2ccc(O)c(N)c2)CC1)NCC(N)Cc1cccs1
rgfn_drd2,greedy_oracle,59,59,63,1,0.7135701775550842,CC(C)C(N)CN1CCN(c2ccc(O)c(N)c2)CC1,COc1cccc(C(C)Nc2cc(N3CCN(CC(N)C(C)C)CC3)ccc2O)c1
rgfn_drd2,greedy_oracle,60,60,64,1,0.6913741827011108,CC(C)C(N)CN1CCN(c2ccc(O)c(N)c2)CC1,CC(C)C(N)CN1CCN(c2ccc(O)c(NCc3ncccc3C(F)(F)F)c2)CC1
rgfn_drd2,greedy_oracle,61,61,65,1,0.6727508902549744,CC(C)C(N)CN1CCN(c2ccc(O)c(N)c2)CC1,CC(C)C(N)CN1CCN(c2ccc(O)c(NS(=O)(=O)c3ccc(Br)cc3)c2)CC1
rgfn_drd2,greedy_oracle,62,62,66,1,0.6243410110473633,CC(C)C(N)CN1CCN(c2ccc(O)c(N)c2)CC1,CC(C)C(N)CN1CCN(c2ccc(O)c(Nc3c(C(F)(F)F)nc4ccccc4c3O)c2)CC1
rgfn_drd2,greedy_oracle,63,63,67,1,0.5,CC(C)C(N)CN1CCN(c2ccc(O)c(N)c2)CC1,CC(C)C(CN1CCN(c2ccc(O)c(N)c2)CC1)NC(=O)N1Cc2ccccc2CC1C(=O)O
rgfn_drd2,greedy_oracle,64,64,70,3,0.9999997615814209,O=Cc1cccc(N2CCN(C3CCNCC3)CC2)c1,O=Cc1cccc(N2CCN(C3CCN(Cc4c[nH]c5cc(Br)ccc45)CC3)CC2)c1
rgfn_drd2,greedy_oracle,65,65,71,1,0.9973977208137512,O=Cc1cccc(N2CCN(C3CCNCC3)CC2)c1,Oc1ccc2[nH]cc(CCNCc3cccc(N4CCN(C5CCNCC5)CC4)c3)c2c1
rgfn_drd2,greedy_oracle,66,66,72,1,0.996122419834137,O=Cc1cccc(N2CCN(C3CCNCC3)CC2)c1,Brc1cccc2nc(-c3cccc(N4CCN(C5CCNCC5)CC4)c3)oc12
rgfn_drd2,greedy_oracle,67,67,73,1,0.9947149753570557,O=Cc1cccc(N2CCN(C3CCNCC3)CC2)c1,O=Cc1cccc(N2CCN(C3CCN(C(CCl)c4ccc(Cl)c(Cl)c4)CC3)CC2)c1
rgfn_drd2,greedy_oracle,68,68,74,1,0.994220495223999,O=Cc1cccc(N2CCN(C3CCNCC3)CC2)c1,Oc1ccc(F)cc1NCc1cccc(N2CCN(C3CCNCC3)CC2)c1
rgfn_drd2,greedy_oracle,69,69,75,1,0.9932858347892761,O=Cc1cccc(N2CCN(C3CCNCC3)CC2)c1,Brc1ccc2nc(-c3cccc(N4CCN(C5CCNCC5)CC4)c3)[nH]c2c1
rgfn_drd2,greedy_oracle,70,70,76,1,0.9919754862785339,O=Cc1cccc(N2CCN(C3CCNCC3)CC2)c1,Oc1ccc2c(c1)C(c1cccc(N3CCN(C4CCNCC4)CC3)c1)NCC2
rgfn_drd2,greedy_oracle,71,71,77,1,0.988885223865509,O=Cc1cccc(N2CCN(C3CCNCC3)CC2)c1,COc1ccccc1CNCc1cccc(N2CCN(C3CCNCC3)CC2)c1
rgfn_drd2,greedy_oracle,72,72,78,1,0.9876863360404968,O=Cc1cccc(N2CCN(C3CCNCC3)CC2)c1,c1cc(C2NCCc3c2[nH]c2ccccc32)cc(N2CCN(C3CCNCC3)CC2)c1
rgfn_drd2,greedy_oracle,73,73,79,1,0.9811547994613647,O=Cc1cccc(N2CCN(C3CCNCC3)CC2)c1,c1cc(-c2nc3ccccc3s2)cc(N2CCN(C3CCNCC3)CC2)c1
rgfn_drd2,greedy_oracle,74,74,80,1,0.9789530634880066,O=Cc1cccc(N2CCN(C3CCNCC3)CC2)c1,COc1cccc(C(C)N2CCC(N3CCN(c4cccc(C=O)c4)CC3)CC2)c1
rgfn_drd2,greedy_oracle,75,75,81,1,0.9783323407173157,O=Cc1cccc(N2CCN(C3CCNCC3)CC2)c1,O=Cc1cccc(N2CCN(C3CCN(CC4Cc5ccccc5CN4)CC3)CC2)c1
rgfn_drd2,greedy_oracle,76,76,82,1,0.9723615050315857,O=Cc1cccc(N2CCN(C3CCNCC3)CC2)c1,NC(Cc1c[nH]c2ccccc12)C(=O)N1CCC(N2CCN(c3cccc(C=O)c3)CC2)CC1
rgfn_drd2,greedy_oracle,77,77,83,1,0.9693062901496887,O=Cc1cccc(N2CCN(C3CCNCC3)CC2)c1,NC(Cc1ccc(O)cc1)CN1CCC(N2CCN(c3cccc(C=O)c3)CC2)CC1
rgfn_drd2,greedy_oracle,78,78,84,1,0.9643310308456421,O=Cc1cccc(N2CCN(C3CCNCC3)CC2)c1,c1cc(C2Nc3ccccc3-n3cccc32)cc(N2CCN(C3CCNCC3)CC2)c1
rgfn_drd2,greedy_oracle,79,79,85,1,0.9634047746658325,O=Cc1cccc(N2CCN(C3CCNCC3)CC2)c1,c1cc(-c2cnco2)cc(N2CCN(C3CCNCC3)CC2)c1
rgfn_drd2,greedy_oracle,80,80,86,1,0.9625697135925293,O=Cc1cccc(N2CCN(C3CCNCC3)CC2)c1,O=Cc1cccc(N2CCN(C3CCN(Cc4cncc(F)c4)CC3)CC2)c1
rgfn_drd2,greedy_oracle,81,81,87,1,0.9590410590171814,O=Cc1cccc(N2CCN(C3CCNCC3)CC2)c1,O=C(O)C1Cc2ccccc2C(c2cccc(N3CCN(C4CCNCC4)CC3)c2)N1
rgfn_drd2,greedy_oracle,82,82,88,1,0.9309912323951721,O=Cc1cccc(N2CCN(C3CCNCC3)CC2)c1,Nc1ccc(C(=O)N2CCC(N3CCN(c4cccc(C=O)c4)CC3)CC2)cc1Br
rgfn_drd2,greedy_oracle,83,83,89,1,0.9260091781616211,O=Cc1cccc(N2CCN(C3CCNCC3)CC2)c1,NCCc1ccccc1N1CCC(N2CCN(c3cccc(C=O)c3)CC2)CC1
rgfn_drd2,greedy_oracle,84,84,90,1,0.9096375107765198,O=Cc1cccc(N2CCN(C3CCNCC3)CC2)c1,O=C(O)C1Cc2ccccc2CN1Cc1cccc(N2CCN(C3CCNCC3)CC2)c1
rgfn_drd2,greedy_oracle,85,85,91,1,0.8327203989028931,O=Cc1cccc(N2CCN(C3CCNCC3)CC2)c1,O=Cc1cccc(N2CCN(C3CCN(C(=O)Nc4cccc5cc[nH]c45)CC3)CC2)c1
rgfn_drd2,greedy_oracle,86,86,92,1,0.7567794322967529,O=Cc1cccc(N2CCN(C3CCNCC3)CC2)c1,O=Cc1cccc(N2CCN(C3CCN(c4ncccc4C(F)(F)F)CC3)CC2)c1
rgfn_drd2,greedy_oracle,87,87,93,1,0.7497212290763855,O=Cc1cccc(N2CCN(C3CCNCC3)CC2)c1,O=Cc1cccc(N2CCN(C3CCN(c4c(C(F)(F)F)nc5ccccc5c4O)CC3)CC2)c1
rgfn_drd2,greedy_oracle,88,88,94,1,0.7335376739501953,O=Cc1cccc(N2CCN(C3CCNCC3)CC2)c1,O=Cc1cccc(N2CCN(C3CCN(S(=O)(=O)c4cccc5ccccc45)CC3)CC2)c1
rgfn_drd2,greedy_oracle,89,89,95,1,0.6790022850036621,O=Cc1cccc(N2CCN(C3CCNCC3)CC2)c1,O=Cc1cccc(N2CCN(C3CCN(c4ccc5[nH]cc(C=O)c5c4)CC3)CC2)c1
rgfn_drd2,greedy_oracle,90,90,96,1,0.6370000243186951,O=Cc1cccc(N2CCN(C3CCNCC3)CC2)c1,O=C(O)C(Cc1ccc([N+](=O)[O-])cc1)NCc1cccc(N2CCN(C3CCNCC3)CC2)c1
rgfn_drd2,greedy_oracle,91,91,97,1,0.5557128190994263,O=Cc1cccc(N2CCN(C3CCNCC3)CC2)c1,COc1ccccc1CNC(=O)N1CCC(N2CCN(c3cccc(C=O)c3)CC2)CC1
rgfn_drd2,greedy_oracle,92,92,98,1,0.5475951433181763,O=Cc1cccc(N2CCN(C3CCNCC3)CC2)c1,O=Cc1cccc(N2CCN(C3CCN(c4ncc5[nH]ccc5n4)CC3)CC2)c1
rgfn_drd2,greedy_oracle,93,93,101,3,0.9971483945846558,Ic1cccnc1N1CCN(C2CCNCC2)CC1,NC(Cc1c[nH]c2ccccc12)CN1CCC(N2CCN(c3ncccc3I)CC2)CC1
rgfn_drd2,greedy_oracle,94,94,102,1,0.9949232935905457,Ic1cccnc1N1CCN(C2CCNCC2)CC1,N#Cc1ccc2[nH]cc(CN3CCC(N4CCN(c5ncccc5I)CC4)CC3)c2c1
rgfn_drd2,greedy_oracle,95,95,103,1,0.9919702410697937,Ic1cccnc1N1CCN(C2CCNCC2)CC1,c1cnc(N2CCN(C3CCNCC3)CC2)c(NCCc2c[nH]c3ccccc23)c1
rgfn_drd2,greedy_oracle,96,96,104,1,0.9910120368003845,Ic1cccnc1N1CCN(C2CCNCC2)CC1,COc1cccc(CNc2cccnc2N2CCN(C3CCNCC3)CC2)c1
rgfn_drd2,greedy_oracle,97,97,105,1,0.9884637594223022,Ic1cccnc1N1CCN(C2CCNCC2)CC1,N#Cc1cccc(C(CBr)N2CCC(N3CCN(c4ncccc4I)CC3)CC2)c1
rgfn_drd2,greedy_oracle,98,98,106,1,0.9815189838409424,Ic1cccnc1N1CCN(C2CCNCC2)CC1,O=C(C1Cc2ccccc2CN1)N1CCC(N2CCN(c3ncccc3I)CC2)CC1
rgfn_drd2,greedy_oracle,99,99,107,1,0.9802042245864868,Ic1cccnc1N1CCN(C2CCNCC2)CC1,Nc1ccc(CN2CCC(N3CCN(c4ncccc4I)CC3)CC2)cc1Br
rgfn_drd2,greedy_oracle,100,100,108,1,0.9797217845916748,Ic1cccnc1N1CCN(C2CCNCC2)CC1,O=C(NCCc1c[nH]c2ccc(O)cc12)N1CCC(N2CCN(c3ncccc3I)CC2)CC1
rgfn_drd2,greedy_oracle,101,101,109,1,0.9715588688850403,Ic1cccnc1N1CCN(C2CCNCC2)CC1,N#Cc1cc(Br)cc(Nc2cccnc2N2CCN(C3CCNCC3)CC2)c1
rgfn_drd2,greedy_oracle,102,102,110,1,0.9667545557022095,Ic1cccnc1N1CCN(C2CCNCC2)CC1,c1cnc(N2CCN(C3CCNCC3)CC2)c(-c2ccc3[nH]ccc3c2)c1
rgfn_drd2,greedy_oracle,103,103,111,1,0.9625806212425232,Ic1cccnc1N1CCN(C2CCNCC2)CC1,NC(Cc1ccc(O)cc1)C(=O)N1CCC(N2CCN(c3ncccc3I)CC2)CC1
rgfn_drd2,greedy_oracle,104,104,112,1,0.958656907081604,Ic1cccnc1N1CCN(C2CCNCC2)CC1,CC(Nc1cccnc1N1CCN(C2CCNCC2)CC1)c1ccccc1
rgfn_drd2,greedy_oracle,105,105,113,1,0.9548429846763611,Ic1cccnc1N1CCN(C2CCNCC2)CC1,Cc1cc(F)ccc1-c1cccnc1N1CCN(C2CCNCC2)CC1
rgfn_drd2,greedy_oracle,106,106,114,1,0.9413806796073914,Ic1cccnc1N1CCN(C2CCNCC2)CC1,O=C1Cc2ccc(C(CCl)N3CCC(N4CCN(c5ncccc5I)CC4)CC3)cc2N1
rgfn_drd2,greedy_oracle,107,107,115,1,0.9409471750259399,Ic1cccnc1N1CCN(C2CCNCC2)CC1,COc1cc(C(F)(F)F)ccc1CN1CCC(N2CCN(c3ncccc3I)CC2)CC1
rgfn_drd2,greedy_oracle,108,108,116,1,0.928731381893158,Ic1cccnc1N1CCN(C2CCNCC2)CC1,CC(c1cccc(B(O)O)c1)N1CCC(N2CCN(c3ncccc3I)CC2)CC1
rgfn_drd2,greedy_oracle,109,109,117,1,0.9234593510627747,Ic1cccnc1N1CCN(C2CCNCC2)CC1,O=C(O)C1Cc2ccccc2CN1c1cccnc1N1CCN(C2CCNCC2)CC1
rgfn_drd2,greedy_oracle,110,110,118,1,0.9167463183403015,Ic1cccnc1N1CCN(C2CCNCC2)CC1,COc1ccc(N)c(NC(=O)N2CCC(N3CCN(c4ncccc4I)CC3)CC2)c1
rgfn_drd2,greedy_oracle,111,111,119,1,0.8899174332618713,Ic1cccnc1N1CCN(C2CCNCC2)CC1,Ic1cccnc1N1CCN(C2CCN(c3ccccn3)CC2)CC1
rgfn_drd2,greedy_oracle,112,112,120,1,0.8886241316795349,Ic1cccnc1N1CCN(C2CCNCC2)CC1,O=Cc1c[nH]c2cc(N3CCC(N4CCN(c5ncccc5I)CC4)CC3)ccc12
rgfn_drd2,greedy_oracle,113,113,121,1,0.8474244475364685,Ic1cccnc1N1CCN(C2CCNCC2)CC1,O=C(c1ncccc1C(F)(F)F)N1CCC(N2CCN(c3ncccc3I)CC2)CC1
rgfn_drd2,greedy_oracle,114,114,122,1,0.8193749785423279,Ic1cccnc1N1CCN(C2CCNCC2)CC1,O=C(O)c1cccc(F)c1Nc1cccnc1N1CCN(C2CCNCC2)CC1
rgfn_drd2,greedy_oracle,115,115,123,1,0.8111730217933655,Ic1cccnc1N1CCN(C2CCNCC2)CC1,O=C(O)C(Cc1cccs1)NC(=O)N1CCC(N2CCN(c3ncccc3I)CC2)CC1
rgfn_drd2,greedy_oracle,116,116,124,1,0.8036217093467712,Ic1cccnc1N1CCN(C2CCNCC2)CC1,O=S(=O)(c1cccc(F)c1)N1CCC(N2CCN(c3ncccc3I)CC2)CC1
rgfn_drd2,greedy_oracle,117,117,125,1,0.7989374995231628,Ic1cccnc1N1CCN(C2CCNCC2)CC1,O=C(CCl)c1ccc(F)cc1N1CCC(N2CCN(c3ncccc3I)CC2)CC1
rgfn_drd2,greedy_oracle,118,118,126,1,0.6481091976165771,Ic1cccnc1N1CCN(C2CCNCC2)CC1,C#Cc1cccnc1N1CCN(C2CCNCC2)CC1
rgfn_drd2,greedy_oracle,119,119,129,3,0.9999940395355225,CCC1NC(CN2CCNCC2)Cc2ccccc21,CCC1NC(CN2CCN(c3ccc4[nH]cc(C=O)c4c3)CC2)Cc2ccccc21
rgfn_drd2,greedy_oracle,120,120,130,1,0.999992847442627,CCC1NC(CN2CCNCC2)Cc2ccccc21,CCC1c2ccccc2CC(CN2CCNCC2)N1Cc1c[nH]c2ccc(F)cc12
rgfn_drd2,greedy_oracle,121,121,131,1,0.9999922513961792,CCC1NC(CN2CCNCC2)Cc2ccccc21,CCC1NC(CN2CCN(c3cc(F)ccc3C(=O)CCl)CC2)Cc2ccccc21
rgfn_drd2,greedy_oracle,122,122,132,1,0.9939720630645752,CCC1NC(CN2CCNCC2)Cc2ccccc21,CCC1c2ccccc2CC(CN2CCNCC2)N1c1ccc(O)c(N)c1
rgfn_drd2,greedy_oracle,123,123,133,1,0.9926122426986694,CCC1NC(CN2CCNCC2)Cc2ccccc21,CCC1NC(CN2CCN(c3ncc(Br)cc3C)CC2)Cc2ccccc21
rgfn_drd2,greedy_oracle,124,124,134,1,0.9821130633354187,CCC1NC(CN2CCNCC2)Cc2ccccc21,CCC1NC(CN2CCN(Cc3c[nH]c4cc(Br)ccc34)CC2)Cc2ccccc21
rgfn_drd2,greedy_oracle,125,125,135,1,0.9801081418991089,CCC1NC(CN2CCNCC2)Cc2ccccc21,CCC1c2ccccc2CC(CN2CCNCC2)N1C(CCl)c1ccc(F)cc1F
rgfn_drd2,greedy_oracle,126,126,136,1,0.9789434671401978,CCC1NC(CN2CCNCC2)Cc2ccccc21,CCC1NC(CN2CCN(C(CCl)c3ccc(Cl)c(Cl)c3)CC2)Cc2ccccc21
rgfn_drd2,greedy_oracle,127,127,137,1,0.9675443172454834,CCC1NC(CN2CCNCC2)Cc2ccccc21,CCC1NC(CN2CCN(C(=O)c3ccc(N)c(Br)c3)CC2)Cc2ccccc21
rgfn_drd2,greedy_oracle,128,128,138,1,0.961925745010376,CCC1NC(CN2CCNCC2)Cc2ccccc21,CCC1NC(CN2CCN(c3c(C(F)(F)F)nc4ccccc4c3O)CC2)Cc2ccccc21
rgfn_drd2,greedy_oracle,129,129,139,1,0.9470922946929932,CCC1NC(CN2CCNCC2)Cc2ccccc21,CCC1c2ccccc2CC(CN2CCNCC2)N1C(=O)c1ccc(F)cc1
rgfn_drd2,greedy_oracle,130,130,140,1,0.8915896415710449,CCC1NC(CN2CCNCC2)Cc2ccccc21,CCC1NC(CN2CCN(c3ccc([N+](=O)[O-])c4ncccc34)CC2)Cc2ccccc21
rgfn_drd2,greedy_oracle,131,131,141,1,0.8792902827262878,CCC1NC(CN2CCNCC2)Cc2ccccc21,CCC1c2ccccc2CC(CN2CCNCC2)N1C(C)c1cccc(OC)c1
rgfn_drd2,greedy_oracle,132,132,142,1,0.8785008788108826,CCC1NC(CN2CCNCC2)Cc2ccccc21,CCC1NC(CN2CCN(C(=O)NCCc3c[nH]c4ccc(O)cc34)CC2)Cc2ccccc21
rgfn_drd2,greedy_oracle,133,133,143,1,0.8768818378448486,CCC1NC(CN2CCNCC2)Cc2ccccc21,CCC1c2ccccc2CC(CN2CCNCC2)N1CC(N)Cc1ccc(O)cc1
rgfn_drd2,greedy_oracle,134,134,144,1,0.8657981157302856,CCC1NC(CN2CCNCC2)Cc2ccccc21,CCC1c2ccccc2CC(CN2CCNCC2)N1c1nccc(C=O)c1F
rgfn_drd2,greedy_oracle,135,135,145,1,0.8100864291191101,CCC1NC(CN2CCNCC2)Cc2ccccc21,CCC1c2ccccc2CC(CN2CCNCC2)N1c1ccc(CBr)cc1[N+](=O)[O-]
rgfn_drd2,greedy_oracle,136,136,146,1,0.7943117022514343,CCC1NC(CN2CCNCC2)Cc2ccccc21,CCC1NC(CN2CCN(Cc3ccc(C(F)(F)F)c(F)c3)CC2)Cc2ccccc21
rgfn_drd2,greedy_oracle,137,137,147,1,0.7794877886772156,CCC1NC(CN2CCNCC2)Cc2ccccc21,CCC1NC(CN2CCN(C(=O)Nc3cccc4cc[nH]c34)CC2)Cc2ccccc21
rgfn_drd2,greedy_oracle,138,138,148,1,0.7506091594696045,CCC1NC(CN2CCNCC2)Cc2ccccc21,CCC1c2ccccc2CC(CN2CCNCC2)N1c1c(C(F)(F)F)nc2ccccc2c1O
rgfn_drd2,greedy_oracle,139,139,149,1,0.7424094676971436,CCC1NC(CN2CCNCC2)Cc2ccccc21,CCC1c2ccccc2CC(CN2CCNCC2)N1S(=O)(=O)c1ccc(Br)cc1
rgfn_drd2,greedy_oracle,140,140,150,1,0.7195255160331726,CCC1NC(CN2CCNCC2)Cc2ccccc21,CCC1NC(CN2CCN(c3nc(N)c4nc[nH]c4n3)CC2)Cc2ccccc21
rgfn_drd2,greedy_oracle,141,141,151,1,0.6539821624755859,CCC1NC(CN2CCNCC2)Cc2ccccc21,CCC1c2ccccc2CC(CN2CCNCC2)N1C(=O)C(N)Cc1c[nH]c2ccccc12
rgfn_drd2,greedy_oracle,142,142,152,1,0.612384021282196,CCC1NC(CN2CCNCC2)Cc2ccccc21,CCC1c2ccccc2CC(CN2CCNCC2)N1Cc1cccc(C(=O)OC)c1
rgfn_drd2,greedy_oracle,143,143,153,1,0.6118109226226807,CCC1NC(CN2CCNCC2)Cc2ccccc21,CCC1NC(CN2CCN(S(=O)(=O)c3cnc(Cl)s3)CC2)Cc2ccccc21
rgfn_drd2,greedy_oracle,144,144,156,3,0.9862956404685974,NC(CNC(CS)CN1CCNCC1)Cc1ccccc1,NC(CNC(CS)CN1CCN(c2ccc3[nH]cc(C=O)c3c2)CC1)Cc1ccccc1
rgfn_drd2,greedy_oracle,145,145,157,1,0.9661300778388977,NC(CNC(CS)CN1CCNCC1)Cc1ccccc1,NC(CNC(CS)CN1CCN(c2cc(F)ccc2C(=O)CCl)CC1)Cc1ccccc1
rgfn_drd2,greedy_oracle,146,146,158,1,0.9435727596282959,NC(CNC(CS)CN1CCNCC1)Cc1ccccc1,NC(Cc1ccccc1)CN(Cc1c[nH]c2ccc(F)cc12)C(CS)CN1CCNCC1
rgfn_drd2,greedy_oracle,147,147,159,1,0.9404277801513672,NC(CNC(CS)CN1CCNCC1)Cc1ccccc1,NC(Cc1ccccc1)CN(c1ccc2[nH]cc(C=O)c2c1)C(CS)CN1CCNCC1
rgfn_drd2,greedy_oracle,148,148,160,1,0.9345372915267944,NC(CNC(CS)CN1CCNCC1)Cc1ccccc1,Fc1ccc2[nH]cc(C3NC(CNC(CS)CN4CCNCC4)Cc4ccccc43)c2c1
rgfn_drd2,greedy_oracle,149,149,161,1,0.923528254032135,NC(CNC(CS)CN1CCNCC1)Cc1ccccc1,Fc1ccc2[nH]cc(CNC(CNC(CS)CN3CCNCC3)Cc3ccccc3)c2c1
rgfn_drd2,greedy_oracle,150,150,162,1,0.9061556458473206,NC(CNC(CS)CN1CCNCC1)Cc1ccccc1,NC(CNC(CS)CN1CCN(c2cc(Br)ccn2)CC1)Cc1ccccc1
rgfn_drd2,greedy_oracle,151,151,163,1,0.8846755623817444,NC(CNC(CS)CN1CCNCC1)Cc1ccccc1,Nc1ccc(C2=NC(CNC(CS)CN3CCNCC3)Cc3ccccc32)cc1Br
rgfn_drd2,greedy_oracle,152,152,164,1,0.7857869863510132,NC(CNC(CS)CN1CCNCC1)Cc1ccccc1,NC(CNC(CS)CN1CCN(c2c(C(F)(F)F)nc3ccccc3c2O)CC1)Cc1ccccc1
rgfn_drd2,greedy_oracle,153,153,165,1,0.7836849093437195,NC(CNC(CS)CN1CCNCC1)Cc1ccccc1,NC(Cc1ccccc1)CN(c1cc(F)ccc1C(=O)CCl)C(CS)CN1CCNCC1
rgfn_drd2,greedy_oracle,154,154,166,1,0.7456315159797668,NC(CNC(CS)CN1CCNCC1)Cc1ccccc1,O=Cc1c[nH]c2cc(NC(CNC(CS)CN3CCNCC3)Cc3ccccc3)ccc12
rgfn_drd2,greedy_oracle,155,155,167,1,0.7260795831680298,NC(CNC(CS)CN1CCNCC1)Cc1ccccc1,NC(Cc1ccccc1)CN(C(CS)CN1CCNCC1)C(CCl)c1ccc(Cl)c(Cl)c1
rgfn_drd2,greedy_oracle,156,156,168,1,0.6825757026672363,NC(CNC(CS)CN1CCNCC1)Cc1ccccc1,O=C(NC(CNC(CS)CN1CCNCC1)Cc1ccccc1)c1ccc(F)c(F)c1F
rgfn_drd2,greedy_oracle,157,157,169,1,0.6772767305374146,NC(CNC(CS)CN1CCNCC1)Cc1ccccc1,NC(CNC(CS)CN1CCN(C(=O)NCCc2c[nH]c3ccc(O)cc23)CC1)Cc1ccccc1
rgfn_drd2,greedy_oracle,158,158,170,1,0.6534559726715088,NC(CNC(CS)CN1CCNCC1)Cc1ccccc1,NC(CNC(CS)CN1CCN(C(CCl)c2ccc(Cl)c(Cl)c2)CC1)Cc1ccccc1
rgfn_drd2,greedy_oracle,159,159,171,1,0.6274577379226685,NC(CNC(CS)CN1CCNCC1)Cc1ccccc1,NC(CNC(CS)CN1CCN(c2ccc([N+](=O)[O-])c3ncccc23)CC1)Cc1ccccc1
rgfn_drd2,greedy_oracle,160,160,172,1,0.6216283440589905,NC(CNC(CS)CN1CCNCC1)Cc1ccccc1,O=S(=O)(NC(CNC(CS)CN1CCNCC1)Cc1ccccc1)c1ccc(Br)cc1
rgfn_drd2,greedy_oracle,161,161,173,1,0.6054300665855408,NC(CNC(CS)CN1CCNCC1)Cc1ccccc1,NC(Cc1c[nH]c2ccccc12)C1=NC(CNC(CS)CN2CCNCC2)Cc2ccccc21
rgfn_drd2,greedy_oracle,162,162,174,1,0.5875298976898193,NC(CNC(CS)CN1CCNCC1)Cc1ccccc1,NC(Cc1ccccc1)CN(C(=O)c1ccc(F)c(F)c1F)C(CS)CN1CCNCC1
rgfn_drd2,greedy_oracle,163,163,175,1,0.5696887969970703,NC(CNC(CS)CN1CCNCC1)Cc1ccccc1,Fc1ccc(C(CCl)NC(CNC(CS)CN2CCNCC2)Cc2ccccc2)cc1
rgfn_drd2,greedy_oracle,164,164,176,1,0.5624035596847534,NC(CNC(CS)CN1CCNCC1)Cc1ccccc1,Nc1cc(C(=O)N2CCN(CC(CS)NCC(N)Cc3ccccc3)CC2)ccc1O
rgfn_drd2,greedy_oracle,165,165,177,1,0.5510140657424927,NC(CNC(CS)CN1CCNCC1)Cc1ccccc1,Cc1cnc(NC(CNC(CS)CN2CCNCC2)Cc2ccccc2)cc1I
rgfn_drd2,greedy_oracle,166,166,178,1,0.5444297194480896,NC(CNC(CS)CN1CCNCC1)Cc1ccccc1,NC(Cc1ccccc1)CN(c1ncc2[nH]ccc2n1)C(CS)CN1CCNCC1
rgfn_drd2,greedy_oracle,167,167,181,3,0.9825165867805481,CC(C)C(CN1CCNCC1)NCc1ccc(F)c(F)c1F,CC(C)C(CN1CCN(c2ccccc2CCN)CC1)NCc1ccc(F)c(F)c1F
rgfn_drd2,greedy_oracle,168,168,182,1,0.9788506031036377,CC(C)C(CN1CCNCC1)NCc1ccc(F)c(F)c1F,CC(C)C(CN1CCN(c2ccc3[nH]cc(C=O)c3c2)CC1)NCc1ccc(F)c(F)c1F
rgfn_drd2,greedy_oracle,169,169,183,1,0.9239521622657776,CC(C)C(CN1CCNCC1)NCc1ccc(F)c(F)c1F,CC(C)C(CN1CCNCC1)N(Cc1ccc(F)c(F)c1F)c1ccc2[nH]cc(C=O)c2c1
rgfn_drd2,greedy_oracle,170,170,184,1,0.8950561881065369,CC(C)C(CN1CCNCC1)NCc1ccc(F)c(F)c1F,CC(C)C(CN1CCNCC1)N(Cc1ccc(F)c(F)c1F)Cc1c[nH]c2ccccc12
rgfn_drd2,greedy_oracle,171,171,185,1,0.8701694011688232,CC(C)C(CN1CCNCC1)NCc1ccc(F)c(F)c1F,CC(C)C(CN1CCNCC1)N(Cc1ccc(F)c(F)c1F)c1ccccc1CCN
rgfn_drd2,greedy_oracle,172,172,186,1,0.819374144077301,CC(C)C(CN1CCNCC1)NCc1ccc(F)c(F)c1F,CC(C)C(CN1CCN(C(=O)C(N)Cc2c[nH]c3ccccc23)CC1)NCc1ccc(F)c(F)c1F
rgfn_drd2,greedy_oracle,173,173,187,1,0.815768301486969,CC(C)C(CN1CCNCC1)NCc1ccc(F)c(F)c1F,COc1cccc(C(C)N(Cc2ccc(F)c(F)c2F)C(CN2CCNCC2)C(C)C)c1
rgfn_drd2,greedy_oracle,174,174,188,1,0.8003882765769958,CC(C)C(CN1CCNCC1)NCc1ccc(F)c(F)c1F,CC(C)C(CN1CCN(C(CBr)c2cccc(C#N)c2)CC1)NCc1ccc(F)c(F)c1F
rgfn_drd2,greedy_oracle,175,175,189,1,0.7862160801887512,CC(C)C(CN1CCNCC1)NCc1ccc(F)c(F)c1F,CC(C)C(CN1CCN(Cc2c[nH]c3ccc(C#N)cc23)CC1)NCc1ccc(F)c(F)c1F
rgfn_drd2,greedy_oracle,176,176,190,1,0.7820529937744141,CC(C)C(CN1CCNCC1)NCc1ccc(F)c(F)c1F,CC(C)C(CN1CCN(c2c(C(F)(F)F)nc3ccccc3c2O)CC1)NCc1ccc(F)c(F)c1F
rgfn_drd2,greedy_oracle,177,177,191,1,0.7344884872436523,CC(C)C(CN1CCNCC1)NCc1ccc(F)c(F)c1F,CC(C)C(CN1CCN(Cc2cccc(C=O)c2)CC1)NCc1ccc(F)c(F)c1F
rgfn_drd2,greedy_oracle,178,178,192,1,0.6698794960975647,CC(C)C(CN1CCNCC1)NCc1ccc(F)c(F)c1F,CC(C)C(CN1CCNCC1)N(Cc1ccc(F)c(F)c1F)C(=O)c1cccc(O)c1N
rgfn_drd2,greedy_oracle,179,179,193,1,0.6624674201011658,CC(C)C(CN1CCNCC1)NCc1ccc(F)c(F)c1F,CC(C)C(CN1CCNCC1)N(Cc1ccc(F)c(F)c1F)CC1Cc2ccccc2CN1
rgfn_drd2,greedy_oracle,180,180,194,1,0.6597461104393005,CC(C)C(CN1CCNCC1)NCc1ccc(F)c(F)c1F,CC(C)C(CN1CCNCC1)N(Cc1ccc(F)c(F)c1F)C(=O)NCCc1c[nH]c2ccc(O)cc12
rgfn_drd2,greedy_oracle,181,181,195,1,0.655144989490509,CC(C)C(CN1CCNCC1)NCc1ccc(F)c(F)c1F,CC(C)C(CN1CCN(C(=O)c2ccc(N)c(O)c2)CC1)NCc1ccc(F)c(F)c1F
rgfn_drd2,greedy_oracle,182,182,196,1,0.6309462785720825,CC(C)C(CN1CCNCC1)NCc1ccc(F)c(F)c1F,CC(C)C(CN1CCN(c2ncc3[nH]ccc3n2)CC1)NCc1ccc(F)c(F)c1F
rgfn_drd2,greedy_oracle,183,183,197,1,0.6011431217193604,CC(C)C(CN1CCNCC1)NCc1ccc(F)c(F)c1F,CC(C)C(CN1CCNCC1)N(Cc1ccc(F)c(F)c1F)C(=O)Nc1cccc2cc[nH]c12
rgfn_drd2,greedy_oracle,184,184,198,1,0.5858955383300781,CC(C)C(CN1CCNCC1)NCc1ccc(F)c(F)c1F,CC(C)C(CN1CCN(C(CCl)c2ccc3c(c2)NC(=O)C3)CC1)NCc1ccc(F)c(F)c1F
rgfn_drd2,greedy_oracle,185,185,199,1,0.5591922998428345,CC(C)C(CN1CCNCC1)NCc1ccc(F)c(F)c1F,COc1ccccc1CCNC(=O)N1CCN(CC(NCc2ccc(F)c(F)c2F)C(C)C)CC1
rgfn_drd2,greedy_oracle,186,186,200,1,0.5561190247535706,CC(C)C(CN1CCNCC1)NCc1ccc(F)c(F)c1F,CC(C)C(CN1CCN(C(=O)Nc2cccc3cc[nH]c23)CC1)NCc1ccc(F)c(F)c1F
rgfn_drd2,greedy_oracle,187,187,201,1,0.5429239273071289,CC(C)C(CN1CCNCC1)NCc1ccc(F)c(F)c1F,CC(C)C(CN1CCNCC1)N(Cc1ccc(F)c(F)c1F)S(=O)(=O)c1cccc(F)c1
rgfn_drd2,greedy_oracle,188,188,202,1,0.5284051299095154,CC(C)C(CN1CCNCC1)NCc1ccc(F)c(F)c1F,CC(C)C(CN1CCN(C(=O)C2Cc3ccccc3CN2)CC1)NCc1ccc(F)c(F)c1F
rgfn_drd2,greedy_oracle,189,189,205,3,0.99663245677948,Oc1ccc(Br)cc1NC1CCN(Cc2cccc(Br)c2)CC1,Oc1ccc(Br)cc1N(C1CCN(Cc2cccc(Br)c2)CC1)C1CNC1
rgfn_drd2,greedy_oracle,190,190,206,1,0.9964931607246399,Oc1ccc(Br)cc1NC1CCN(Cc2cccc(Br)c2)CC1,NCCN1CCN(c2ccc(O)c(NC3CCN(Cc4cccc(Br)c4)CC3)c2)CC1
rgfn_drd2,greedy_oracle,191,191,207,1,0.9957566261291504,Oc1ccc(Br)cc1NC1CCN(Cc2cccc(Br)c2)CC1,Oc1ccc(Br)cc1NC1CCN(Cc2cccc(N3CCNCC3)c2)CC1
rgfn_drd2,greedy_oracle,192,192,208,1,0.9886967539787292,Oc1ccc(Br)cc1NC1CCN(Cc2cccc(Br)c2)CC1,NC(Cc1c[nH]cn1)CN(c1cc(Br)ccc1O)C1CCN(Cc2cccc(Br)c2)CC1
rgfn_drd2,greedy_oracle,193,193,209,1,0.9828054904937744,Oc1ccc(Br)cc1NC1CCN(Cc2cccc(Br)c2)CC1,O=C(Oc1ccc(Br)cc1NC1CCN(Cc2cccc(Br)c2)CC1)C1CNC1
rgfn_drd2,greedy_oracle,194,194,210,1,0.9713048934936523,Oc1ccc(Br)cc1NC1CCN(Cc2cccc(Br)c2)CC1,COc1cccc(C(C)N(c2cc(Br)ccc2O)C2CCN(Cc3cccc(Br)c3)CC2)c1
rgfn_drd2,greedy_oracle,195,195,211,1,0.9559680819511414,Oc1ccc(Br)cc1NC1CCN(Cc2cccc(Br)c2)CC1,Nc1c(F)cccc1CN(c1cc(Br)ccc1O)C1CCN(Cc2cccc(Br)c2)CC1
rgfn_drd2,greedy_oracle,196,196,212,1,0.9469115734100342,Oc1ccc(Br)cc1NC1CCN(Cc2cccc(Br)c2)CC1,O=Cc1ccccc1-c1ccc(O)c(NC2CCN(Cc3cccc(Br)c3)CC2)c1
rgfn_drd2,greedy_oracle,197,197,213,1,0.942949652671814,Oc1ccc(Br)cc1NC1CCN(Cc2cccc(Br)c2)CC1,COc1ccccc1CCNc1ccc(O)c(NC2CCN(Cc3cccc(Br)c3)CC2)c1
rgfn_drd2,greedy_oracle,198,198,214,1,0.9405077695846558,Oc1ccc(Br)cc1NC1CCN(Cc2cccc(Br)c2)CC1,N#Cc1ccc(N(c2cc(Br)ccc2O)C2CCN(Cc3cccc(Br)c3)CC2)cc1CBr
rgfn_drd2,greedy_oracle,199,199,215,1,0.9006298780441284,Oc1ccc(Br)cc1NC1CCN(Cc2cccc(Br)c2)CC1,Oc1ccc(Br)cc1NC1CCN(Cc2cccc(NCCc3c[nH]c4ccccc34)c2)CC1
rgfn_drd2,greedy_oracle,200,200,216,1,0.8923407196998596,Oc1ccc(Br)cc1NC1CCN(Cc2cccc(Br)c2)CC1,O=C(CCl)c1ccc(F)cc1N(c1cc(Br)ccc1O)C1CCN(Cc2cccc(Br)c2)CC1
rgfn_drd2,greedy_oracle,201,201,217,1,0.884642481803894,Oc1ccc(Br)cc1NC1CCN(Cc2cccc(Br)c2)CC1,NC(Cc1c[nH]c2ccccc12)C(=O)N(c1cc(Br)ccc1O)C1CCN(Cc2cccc(Br)c2)CC1
rgfn_drd2,greedy_oracle,202,202,218,1,0.8665857911109924,Oc1ccc(Br)cc1NC1CCN(Cc2cccc(Br)c2)CC1,O=C1Cc2ccc(C(CCl)N(c3cc(Br)ccc3O)C3CCN(Cc4cccc(Br)c4)CC3)cc2N1
rgfn_drd2,greedy_oracle,203,203,219,1,0.8557450175285339,Oc1ccc(Br)cc1NC1CCN(Cc2cccc(Br)c2)CC1,Cc1ccnc(N(c2cc(Br)ccc2O)C2CCN(Cc3cccc(Br)c3)CC2)c1N
rgfn_drd2,greedy_oracle,204,204,220,1,0.8051413297653198,Oc1ccc(Br)cc1NC1CCN(Cc2cccc(Br)c2)CC1,O=C(C1Cc2ccccc2CN1)N(c1cc(Br)ccc1O)C1CCN(Cc2cccc(Br)c2)CC1
rgfn_drd2,greedy_oracle,205,205,221,1,0.8041508197784424,Oc1ccc(Br)cc1NC1CCN(Cc2cccc(Br)c2)CC1,O=C(O)C(Cc1c[nH]cn1)Nc1ccc(O)c(NC2CCN(Cc3cccc(Br)c3)CC2)c1
rgfn_drd2,greedy_oracle,206,206,222,1,0.7542870044708252,Oc1ccc(Br)cc1NC1CCN(Cc2cccc(Br)c2)CC1,O=C(O)c1ccc(F)c(-c2cccc(CN3CCC(Nc4cc(Br)ccc4O)CC3)c2)c1
rgfn_drd2,greedy_oracle,207,207,223,1,0.689345121383667,Oc1ccc(Br)cc1NC1CCN(Cc2cccc(Br)c2)CC1,O=C(c1cncc(F)c1)N(c1cc(Br)ccc1O)C1CCN(Cc2cccc(Br)c2)CC1
rgfn_drd2,greedy_oracle,208,208,224,1,0.6458458304405212,Oc1ccc(Br)cc1NC1CCN(Cc2cccc(Br)c2)CC1,O=C(O)C(Cc1cccs1)Nc1cccc(CN2CCC(Nc3cc(Br)ccc3O)CC2)c1
rgfn_drd2,greedy_oracle,209,209,225,1,0.5678375363349915,Oc1ccc(Br)cc1NC1CCN(Cc2cccc(Br)c2)CC1,N#Cc1ccc(N)c(Nc2ccc(O)c(NC3CCN(Cc4cccc(Br)c4)CC3)c2)c1
rgfn_drd2,greedy_oracle,210,210,226,1,0.5412421822547913,Oc1ccc(Br)cc1NC1CCN(Cc2cccc(Br)c2)CC1,COc1ccccc1CNC(=O)N(c1cc(Br)ccc1O)C1CCN(Cc2cccc(Br)c2)CC1
rgfn_drd2,greedy_oracle,211,211,229,3,0.9944669008255005,CCC1c2ccccc2CC(C(=O)O)N1C1CNC1,CCC1c2ccccc2CC(CNc2cc(F)ccc2O)N1C1CNC1
rgfn_drd2,greedy_oracle,212,212,230,1,0.9932803511619568,CCC1c2ccccc2CC(C(=O)O)N1C1CNC1,CCC1c2ccccc2CC(CNCCc2c[nH]c3ccc(O)cc23)N1C1CNC1
rgfn_drd2,greedy_oracle,213,213,231,1,0.9923359751701355,CCC1c2ccccc2CC(C(=O)O)N1C1CNC1,CCC1c2ccccc2CC(C(=O)O)N1C1CN(Cc2c[nH]c3ccc(F)cc23)C1
rgfn_drd2,greedy_oracle,214,214,232,1,0.9884831309318542,CCC1c2ccccc2CC(C(=O)O)N1C1CNC1,CCC1c2ccccc2CC(C2=NCCc3ccc(O)cc32)N1C1CNC1
rgfn_drd2,greedy_oracle,215,215,233,1,0.9879312515258789,CCC1c2ccccc2CC(C(=O)O)N1C1CNC1,CCC1c2ccccc2CC(C(=O)Oc2cc(F)c(F)cc2N)N1C1CNC1
rgfn_drd2,greedy_oracle,216,216,234,1,0.9834307432174683,CCC1c2ccccc2CC(C(=O)O)N1C1CNC1,CCC1c2ccccc2CC(CNCc2cccc(OC)c2)N1C1CNC1
rgfn_drd2,greedy_oracle,217,217,235,1,0.9640697836875916,CCC1c2ccccc2CC(C(=O)O)N1C1CNC1,CCC1c2ccccc2CC(c2nc3cc(Br)ccc3[nH]2)N1C1CNC1
rgfn_drd2,greedy_oracle,218,218,236,1,0.9308093786239624,CCC1c2ccccc2CC(C(=O)O)N1C1CNC1,CCC1c2ccccc2CC(C(=O)O)N1C1CN(C(CCl)c2ccc(Cl)c(Cl)c2)C1
rgfn_drd2,greedy_oracle,219,219,237,1,0.9225311875343323,CCC1c2ccccc2CC(C(=O)O)N1C1CNC1,CCC1c2ccccc2CC(c2nc3cccc(Br)c3o2)N1C1CNC1
rgfn_drd2,greedy_oracle,220,220,238,1,0.9046371579170227,CCC1c2ccccc2CC(C(=O)O)N1C1CNC1,CCC1c2ccccc2CC(C(=O)NCCc2ccc(O)cc2)N1C1CNC1
rgfn_drd2,greedy_oracle,221,221,239,1,0.8795222043991089,CCC1c2ccccc2CC(C(=O)O)N1C1CNC1,CCC1c2ccccc2CC(C(=O)O)N1C1CN(CC(N)Cc2ccc(O)cc2)C1
rgfn_drd2,greedy_oracle,222,222,240,1,0.8721148371696472,CCC1c2ccccc2CC(C(=O)O)N1C1CNC1,CCC1c2ccccc2CC(CNC(Cc2c[nH]c3ccccc23)C(=O)O)N1C1CNC1
rgfn_drd2,greedy_oracle,223,223,241,1,0.8719455003738403,CCC1c2ccccc2CC(C(=O)O)N1C1CNC1,CCC1c2ccccc2CC(C(=O)Nc2cc(Br)cc(C#N)c2)N1C1CNC1
rgfn_drd2,greedy_oracle,224,224,242,1,0.8670968413352966,CCC1c2ccccc2CC(C(=O)O)N1C1CNC1,CCC1c2ccccc2CC(C2=NCCc3c2[nH]c2ccccc32)N1C1CNC1
rgfn_drd2,greedy_oracle,225,225,243,1,0.8659939765930176,CCC1c2ccccc2CC(C(=O)O)N1C1CNC1,CCC1c2ccccc2CC(CN2CCCCC2)N1C1CNC1
rgfn_drd2,greedy_oracle,226,226,244,1,0.6784877777099609,CCC1c2ccccc2CC(C(=O)O)N1C1CNC1,CCC1c2ccccc2CC(C(=O)OCc2csc(Cl)n2)N1C1CNC1
rgfn_drd2,greedy_oracle,227,227,245,1,0.6242727637290955,CCC1c2ccccc2CC(C(=O)O)N1C1CNC1,CCC1c2ccccc2CC(C(=O)O)N1C1CN(c2ccc(O)c(N)c2)C1
rgfn_drd2,greedy_oracle,228,228,246,1,0.581832766532898,CCC1c2ccccc2CC(C(=O)O)N1C1CNC1,CCC1c2ccccc2CC(C(=O)O)N1C1CN(C2CCCNC2)C1
rgfn_drd2,greedy_oracle,229,229,247,1,0.5805075168609619,CCC1c2ccccc2CC(C(=O)O)N1C1CNC1,CCC1c2ccccc2CC(C(=O)O)N1C1CN(CC2Cc3ccccc3CN2)C1
rgfn_drd2,greedy_oracle,230,230,248,1,0.5672983527183533,CCC1c2ccccc2CC(C(=O)O)N1C1CNC1,CCC1c2ccccc2CC(C(=O)NC(Cc2cccs2)C(=O)O)N1C1CNC1
rgfn_drd2,greedy_oracle,231,231,249,1,0.5192436575889587,CCC1c2ccccc2CC(C(=O)O)N1C1CNC1,CCC1c2ccccc2CC(C(=O)O)N1C1CN(Cc2cccc(N=C=S)c2)C1
rgfn_drd2,greedy_oracle,232,232,252,3,0.9999992847442627,CCCN(CCCN)Cc1cccc(O)c1,CCCN(CCCNCc1c[nH]c2ccc(F)cc12)Cc1cccc(O)c1
rgfn_drd2,greedy_oracle,233,233,253,1,0.9999848008155823,CCCN(CCCN)Cc1cccc(O)c1,CCCN(CCCNCc1ccc(N)c(Br)c1)Cc1cccc(O)c1
rgfn_drd2,greedy_oracle,234,234,254,1,0.9951022267341614,CCCN(CCCN)Cc1cccc(O)c1,CCCN(CCCNC(CCl)c1ccc(Cl)c(Cl)c1)Cc1cccc(O)c1
rgfn_drd2,greedy_oracle,235,235,255,1,0.9910428524017334,CCCN(CCCN)Cc1cccc(O)c1,CCCN(CCCNCC1Cc2ccccc2CN1)Cc1cccc(O)c1
rgfn_drd2,greedy_oracle,236,236,256,1,0.9888681173324585,CCCN(CCCN)Cc1cccc(O)c1,CCCN(CCCNc1ccccc1CCN)Cc1cccc(O)c1
rgfn_drd2,greedy_oracle,237,237,257,1,0.9817095994949341,CCCN(CCCN)Cc1cccc(O)c1,CCCN(CCCN)Cc1cccc(OC(=O)c2ccc(N)c(Br)c2)c1
rgfn_drd2,greedy_oracle,238,238,258,1,0.9800620675086975,CCCN(CCCN)Cc1cccc(O)c1,CCCN(CCCNc1ccc2c(C=O)c[nH]c2c1)Cc1cccc(O)c1
rgfn_drd2,greedy_oracle,239,239,259,1,0.9781875014305115,CCCN(CCCN)Cc1cccc(O)c1,CCCN(CCCN)Cc1cccc(OC(=O)C(N)Cc2c[nH]c3ccccc23)c1
rgfn_drd2,greedy_oracle,240,240,260,1,0.9670696258544922,CCCN(CCCN)Cc1cccc(O)c1,CCCN(CCCNCC(N)Cc1c[nH]cn1)Cc1cccc(O)c1
rgfn_drd2,greedy_oracle,241,241,261,1,0.9558585286140442,CCCN(CCCN)Cc1cccc(O)c1,CCCN(CCCNc1cc(Br)ccn1)Cc1cccc(O)c1
rgfn_drd2,greedy_oracle,242,242,262,1,0.9252749085426331,CCCN(CCCN)Cc1cccc(O)c1,CCCN(CCCN)Cc1cccc(OC(=O)C2Cc3ccccc3CN2)c1
rgfn_drd2,greedy_oracle,243,243,263,1,0.9170310497283936,CCCN(CCCN)Cc1cccc(O)c1,CCCN(CCCNc1cc(N)cc(C#N)c1)Cc1cccc(O)c1
rgfn_drd2,greedy_oracle,244,244,264,1,0.9054642915725708,CCCN(CCCN)Cc1cccc(O)c1,CCCN(CCCNC(=O)c1cccc(F)c1F)Cc1cccc(O)c1
rgfn_drd2,greedy_oracle,245,245,265,1,0.8674629926681519,CCCN(CCCN)Cc1cccc(O)c1,CCCN(CCCNc1ncc2[nH]ccc2n1)Cc1cccc(O)c1
rgfn_drd2,greedy_oracle,246,246,266,1,0.7771876454353333,CCCN(CCCN)Cc1cccc(O)c1,CCCN(CCCNS(=O)(=O)c1cccc(F)c1)Cc1cccc(O)c1
rgfn_drd2,greedy_oracle,247,247,267,1,0.7550897598266602,CCCN(CCCN)Cc1cccc(O)c1,CCCN(CCCNC(=O)NCCc1c[nH]c2ccccc12)Cc1cccc(O)c1
rgfn_drd2,greedy_oracle,248,248,268,1,0.7327308654785156,CCCN(CCCN)Cc1cccc(O)c1,CCCN(CCCNC1CCNC1)Cc1cccc(O)c1
rgfn_drd2,greedy_oracle,249,249,269,1,0.6378502249717712,CCCN(CCCN)Cc1cccc(O)c1,CCCN(CCCNc1c(C(F)(F)F)nc2ccccc2c1O)Cc1cccc(O)c1
rgfn_drd2,greedy_oracle,250,250,270,1,0.5612451434135437,CCCN(CCCN)Cc1cccc(O)c1,CCCN(CCCNC(=O)Nc1ncc(Br)cc1C)Cc1cccc(O)c1
rgfn_drd2,greedy_oracle,251,251,273,3,0.9835301637649536,C=CCNc1cc(F)ccc1C(CCl)N1CCC(C(=O)O)CC1,C=CCNc1cc(F)ccc1C(CCl)N1CCC(CNCCc2c[nH]c3ccc(O)cc23)CC1
rgfn_drd2,greedy_oracle,252,252,274,1,0.9830006957054138,C=CCNc1cc(F)ccc1C(CCl)N1CCC(C(=O)O)CC1,C=CCN(Cc1c[nH]c2cc(Br)ccc12)c1cc(F)ccc1C(CCl)N1CCC(C(=O)O)CC1
rgfn_drd2,greedy_oracle,253,253,275,1,0.9801104068756104,C=CCNc1cc(F)ccc1C(CCl)N1CCC(C(=O)O)CC1,C=CCNc1cc(F)ccc1C(CCl)N1CCC(c2nc3cccc(Br)c3o2)CC1
rgfn_drd2,greedy_oracle,254,254,276,1,0.9607440829277039,C=CCNc1cc(F)ccc1C(CCl)N1CCC(C(=O)O)CC1,C=CCN(c1ccccc1CCN)c1cc(F)ccc1C(CCl)N1CCC(C(=O)O)CC1
rgfn_drd2,greedy_oracle,255,255,277,1,0.9577832818031311,C=CCNc1cc(F)ccc1C(CCl)N1CCC(C(=O)O)CC1,C=CCNc1cc(F)ccc1C(CCl)N1CCC(c2nc3ccc(C#N)cc3[nH]2)CC1
rgfn_drd2,greedy_oracle,256,256,278,1,0.9295445084571838,C=CCNc1cc(F)ccc1C(CCl)N1CCC(C(=O)O)CC1,C=CCN(C(=O)c1ccc(N)c(Br)c1)c1cc(F)ccc1C(CCl)N1CCC(C(=O)O)CC1
rgfn_drd2,greedy_oracle,257,257,279,1,0.9204854965209961,C=CCNc1cc(F)ccc1C(CCl)N1CCC(C(=O)O)CC1,C=CCNc1cc(F)ccc1C(CCl)N1CCC(C2=NCCc3c2[nH]c2ccc(O)cc32)CC1
rgfn_drd2,greedy_oracle,258,258,280,1,0.9128968119621277,C=CCNc1cc(F)ccc1C(CCl)N1CCC(C(=O)O)CC1,C=CCNc1cc(F)ccc1C(Cn1cc(CCN)c2cc(O)ccc21)N1CCC(C(=O)O)CC1
rgfn_drd2,greedy_oracle,259,259,281,1,0.9078201651573181,C=CCNc1cc(F)ccc1C(CCl)N1CCC(C(=O)O)CC1,C=CCN(c1cc(F)ccc1C(CCl)N1CCC(C(=O)O)CC1)C(C)c1cccc(OC)c1
rgfn_drd2,greedy_oracle,260,260,282,1,0.9065060615539551,C=CCNc1cc(F)ccc1C(CCl)N1CCC(C(=O)O)CC1,C=CCNc1cc(F)ccc1C(CCl)N1CCC(CN2CCCCC2)CC1
rgfn_drd2,greedy_oracle,261,261,283,1,0.8992137908935547,C=CCNc1cc(F)ccc1C(CCl)N1CCC(C(=O)O)CC1,C=CCN(CC(N)Cc1ccc(O)cc1)c1cc(F)ccc1C(CCl)N1CCC(C(=O)O)CC1
rgfn_drd2,greedy_oracle,262,262,284,1,0.8878363966941833,C=CCNc1cc(F)ccc1C(CCl)N1CCC(C(=O)O)CC1,C=CCN(C(=O)NCCc1c[nH]c2ccc(O)cc12)c1cc(F)ccc1C(CCl)N1CCC(C(=O)O)CC1
rgfn_drd2,greedy_oracle,263,263,285,1,0.8177261352539062,C=CCNc1cc(F)ccc1C(CCl)N1CCC(C(=O)O)CC1,C=CCNc1cc(F)ccc1C(COC(=O)C(N)Cc1c[nH]c2ccccc12)N1CCC(C(=O)O)CC1
rgfn_drd2,greedy_oracle,264,264,286,1,0.7950718402862549,C=CCNc1cc(F)ccc1C(CCl)N1CCC(C(=O)O)CC1,C=CCNc1cc(F)ccc1C(CCl)N1CCC(C(=O)Oc2cc(Br)ccc2N)CC1
rgfn_drd2,greedy_oracle,265,265,287,1,0.6942421197891235,C=CCNc1cc(F)ccc1C(CCl)N1CCC(C(=O)O)CC1,C=CCN(c1cc(F)ccc1C(CCl)N1CCC(C(=O)O)CC1)S(=O)(=O)c1cccc2ccccc12
rgfn_drd2,greedy_oracle,266,266,288,1,0.6514351963996887,C=CCNc1cc(F)ccc1C(CCl)N1CCC(C(=O)O)CC1,C=CCNc1cc(F)ccc1C(CCl)N1CCC(C2=NC(C(=O)O)Cc3ccccc32)CC1
rgfn_drd2,greedy_oracle,267,267,289,1,0.6184571385383606,C=CCNc1cc(F)ccc1C(CCl)N1CCC(C(=O)O)CC1,C=CCN(C(=O)Nc1cccc2cc[nH]c12)c1cc(F)ccc1C(CCl)N1CCC(C(=O)O)CC1
rgfn_drd2,greedy_oracle,268,268,290,1,0.6051554679870605,C=CCNc1cc(F)ccc1C(CCl)N1CCC(C(=O)O)CC1,C=CCNc1cc(F)ccc1C(COC(=O)c1cc(Br)cc(B(O)O)c1)N1CCC(C(=O)O)CC1
rgfn_drd2,greedy_oracle,269,269,291,1,0.5783029794692993,C=CCNc1cc(F)ccc1C(CCl)N1CCC(C(=O)O)CC1,C=CCNc1cc(F)ccc1C(Cn1c(=O)cc(CBr)c2ccccc21)N1CCC(C(=O)O)CC1
rgfn_drd2,greedy_oracle,270,270,294,3,0.9962285757064819,CCCN1C(C(=O)O)Cc2ccccc2C1CC,CCCN1C(CNCCc2ccc(O)cc2)Cc2ccccc2C1CC
rgfn_drd2,greedy_oracle,271,271,295,1,0.9946682453155518,CCCN1C(C(=O)O)Cc2ccccc2C1CC,CCCN1C(CNc2cc(Br)ccc2O)Cc2ccccc2C1CC
rgfn_drd2,greedy_oracle,272,272,296,1,0.9827121496200562,CCCN1C(C(=O)O)Cc2ccccc2C1CC,CCCN1C(C(=O)Oc2ccc3[nH]cc(CCN)c3c2)Cc2ccccc2C1CC
rgfn_drd2,greedy_oracle,273,273,297,1,0.982641339302063,CCCN1C(C(=O)O)Cc2ccccc2C1CC,CCCN1C(CNCc2c[nH]c3ccccc23)Cc2ccccc2C1CC
rgfn_drd2,greedy_oracle,274,274,298,1,0.9701703786849976,CCCN1C(C(=O)O)Cc2ccccc2C1CC,CCCN1C(C2=NCCc3c(OC)cccc32)Cc2ccccc2C1CC
rgfn_drd2,greedy_oracle,275,275,299,1,0.9671834707260132,CCCN1C(C(=O)O)Cc2ccccc2C1CC,CCCN1C(C2=NCCc3c2[nH]c2ccc(O)cc32)Cc2ccccc2C1CC
rgfn_drd2,greedy_oracle,276,276,300,1,0.9441725015640259,CCCN1C(C(=O)O)Cc2ccccc2C1CC,CCCN1C(C(=O)Oc2cc(Br)ccc2N)Cc2ccccc2C1CC
rgfn_drd2,greedy_oracle,277,277,301,1,0.9356418251991272,CCCN1C(C(=O)O)Cc2ccccc2C1CC,CCCN1C(CN2CCCC2C(F)(F)F)Cc2ccccc2C1CC
rgfn_drd2,greedy_oracle,278,278,302,1,0.9352162480354309,CCCN1C(C(=O)O)Cc2ccccc2C1CC,CCCN1C(C2=NC(C(=O)O)Cc3ccc(O)cc32)Cc2ccccc2C1CC
rgfn_drd2,greedy_oracle,279,279,303,1,0.9318360090255737,CCCN1C(C(=O)O)Cc2ccccc2C1CC,CCCN1C(c2nc3ccc(Br)cc3[nH]2)Cc2ccccc2C1CC
rgfn_drd2,greedy_oracle,280,280,304,1,0.8924134969711304,CCCN1C(C(=O)O)Cc2ccccc2C1CC,CCCN1C(CNC(Cc2cccs2)C(=O)O)Cc2ccccc2C1CC
rgfn_drd2,greedy_oracle,281,281,305,1,0.8296374082565308,CCCN1C(C(=O)O)Cc2ccccc2C1CC,CCCN1C(c2nc3cc(F)c(F)cc3o2)Cc2ccccc2C1CC
rgfn_drd2,greedy_oracle,282,282,306,1,0.8030809164047241,CCCN1C(C(=O)O)Cc2ccccc2C1CC,CCCN1C(CNc2c(F)cccc2C(=O)O)Cc2ccccc2C1CC
rgfn_drd2,greedy_oracle,283,283,307,1,0.7538982033729553,CCCN1C(C(=O)O)Cc2ccccc2C1CC,CCCN1C(C(=O)Nc2cc(F)c(F)cc2O)Cc2ccccc2C1CC
rgfn_drd2,greedy_oracle,284,284,308,1,0.684607744216919,CCCN1C(C(=O)O)Cc2ccccc2C1CC,CCCN1C(C(=O)OCc2ccc(C)c(F)c2)Cc2ccccc2C1CC
rgfn_drd2,greedy_oracle,285,285,309,1,0.6343317627906799,CCCN1C(C(=O)O)Cc2ccccc2C1CC,CCCN1C(CN(C)CC(=O)O)Cc2ccccc2C1CC
rgfn_drd2,greedy_oracle,286,286,310,1,0.5370653867721558,CCCN1C(C(=O)O)Cc2ccccc2C1CC,CCCN1C(C(=O)N2CCN(CCN)CC2)Cc2ccccc2C1CC
rgfn_drd2,greedy_oracle,287,287,314,4,0.9999991059303284,CCCN1CCN(c2ccc(O)c(NC(C)CCl)c2)CC1,CCCN1CCN(c2ccc(O)c(N(Cc3c[nH]c4cc(Br)ccc34)C(C)CCl)c2)CC1
rgfn_drd2,greedy_oracle,288,288,315,1,0.9999974370002747,CCCN1CCN(c2ccc(O)c(NC(C)CCl)c2)CC1,CCCN1CCN(c2ccc(O)c(N(c3ccccc3CCN)C(C)CCl)c2)CC1
rgfn_drd2,greedy_oracle,289,289,316,1,0.9971936941146851,CCCN1CCN(c2ccc(O)c(NC(C)CCl)c2)CC1,CCCN1CCN(c2ccc(O)c(N(C(=O)C(N)Cc3c[nH]c4ccccc34)C(C)CCl)c2)CC1
rgfn_drd2,greedy_oracle,290,290,317,1,0.9969193339347839,CCCN1CCN(c2ccc(O)c(NC(C)CCl)c2)CC1,CCCN1CCN(c2ccc(O)c(N(C(C)CCl)C(CCl)c3ccc(Cl)c(Cl)c3)c2)CC1
rgfn_drd2,greedy_oracle,291,291,318,1,0.9966392517089844,CCCN1CCN(c2ccc(O)c(NC(C)CCl)c2)CC1,CCCN1CCN(c2ccc(O)c(N(CC3Cc4ccccc4CN3)C(C)CCl)c2)CC1
rgfn_drd2,greedy_oracle,292,292,319,1,0.9962283372879028,CCCN1CCN(c2ccc(O)c(NC(C)CCl)c2)CC1,CCCN1CCN(c2ccc(OC(=O)c3cccc(F)c3F)c(NC(C)CCl)c2)CC1
rgfn_drd2,greedy_oracle,293,293,320,1,0.9950820803642273,CCCN1CCN(c2ccc(O)c(NC(C)CCl)c2)CC1,CCCN1CCN(c2ccc(O)c(N(C(=O)c3cccc(F)c3F)C(C)CCl)c2)CC1
rgfn_drd2,greedy_oracle,294,294,321,1,0.9900808930397034,CCCN1CCN(c2ccc(O)c(NC(C)CCl)c2)CC1,CCCN1CCN(c2ccc(O)c(N(c3ccc4[nH]cc(C=O)c4c3)C(C)CCl)c2)CC1
rgfn_drd2,greedy_oracle,295,295,322,1,0.987911581993103,CCCN1CCN(c2ccc(O)c(NC(C)CCl)c2)CC1,CCCN1CCN(c2ccc(O)c(N(CC(N)Cc3cccs3)C(C)CCl)c2)CC1
rgfn_drd2,greedy_oracle,296,296,323,1,0.9862539172172546,CCCN1CCN(c2ccc(O)c(NC(C)CCl)c2)CC1,CCCN1CCN(c2ccc(O)c(N(C(C)CCl)S(=O)(=O)c3cccc(F)c3)c2)CC1
rgfn_drd2,greedy_oracle,297,297,324,1,0.9806909561157227,CCCN1CCN(c2ccc(O)c(NC(C)CCl)c2)CC1,CCCN1CCN(c2ccc(O)c(NC(C)Cn3cc(CCN)c4ccccc43)c2)CC1
rgfn_drd2,greedy_oracle,298,298,325,1,0.978203535079956,CCCN1CCN(c2ccc(O)c(NC(C)CCl)c2)CC1,CCCN1CCN(c2ccc(O)c(N(C(=O)Nc3cc(Br)cc(C#N)c3)C(C)CCl)c2)CC1
rgfn_drd2,greedy_oracle,299,299,326,1,0.9609856009483337,CCCN1CCN(c2ccc(O)c(NC(C)CCl)c2)CC1,CCCN1CCN(c2ccc(O)c(NC(C)COC(=O)c3ccc(F)c(F)c3F)c2)CC1
rgfn_drd2,greedy_oracle,300,300,327,1,0.9604285359382629,CCCN1CCN(c2ccc(O)c(NC(C)CCl)c2)CC1,CCCN1CCN(c2ccc(O)c(N(C(=O)NCCc3ccccc3OC)C(C)CCl)c2)CC1
rgfn_drd2,greedy_oracle_static,1,1,3,3,0.9944125413894653,CCCN(CC(N)Cc1ccccc1)C1CCCCC1O,CCCN(CC1Cc2ccccc2C(c2c[nH]c3cc(Br)ccc23)N1)C1CCCCC1O
rgfn_drd2,greedy_oracle_static,2,2,4,1,0.9904481172561646,CCCN(CC(N)Cc1ccccc1)C1CCCCC1O,CCCN(CC(Cc1ccccc1)NCc1c[nH]c2cc(Br)ccc12)C1CCCCC1O
rgfn_drd2,greedy_oracle_static,3,3,5,1,0.977799117565155,CCCN(CC(N)Cc1ccccc1)C1CCCCC1O,CCCN(CC1Cc2ccccc2C(c2ccc(N)c(Br)c2)=N1)C1CCCCC1O
rgfn_drd2,greedy_oracle_static,4,4,6,1,0.9331638216972351,CCCN(CC(N)Cc1ccccc1)C1CCCCC1O,CCCN(CC1Cc2ccccc2C(C(N)Cc2c[nH]c3ccccc23)=N1)C1CCCCC1O
rgfn_drd2,greedy_oracle_static,5,5,7,1,0.9311897158622742,CCCN(CC(N)Cc1ccccc1)C1CCCCC1O,CCCN(CC(Cc1ccccc1)Nc1ccnc(F)c1)C1CCCCC1O
rgfn_drd2,greedy_oracle_static,6,6,8,1,0.9155023097991943,CCCN(CC(N)Cc1ccccc1)C1CCCCC1O,CCCN(CC(Cc1ccccc1)NC(CCl)c1ccc(Cl)c(Cl)c1)C1CCCCC1O
rgfn_drd2,greedy_oracle_static,7,7,9,1,0.8723602294921875,CCCN(CC(N)Cc1ccccc1)C1CCCCC1O,CCCN(CC(N)Cc1ccccc1)C1CCCCC1OC(=O)c1ccc(N)c(Br)c1
rgfn_drd2,greedy_oracle_static,8,8,10,1,0.8615089654922485,CCCN(CC(N)Cc1ccccc1)C1CCCCC1O,CCCN(CC(N)Cc1ccccc1)C1CCCCC1OCc1cc(F)ccc1C#N
rgfn_drd2,greedy_oracle_static,9,9,11,1,0.7627686262130737,CCCN(CC(N)Cc1ccccc1)C1CCCCC1O,CCCN(CC(Cc1ccccc1)NCC(N)Cc1cccs1)C1CCCCC1O
rgfn_drd2,greedy_oracle_static,10,10,12,1,0.7226089239120483,CCCN(CC(N)Cc1ccccc1)C1CCCCC1O,CCCN(CC(Cc1ccccc1)NC(=O)NCCc1c[nH]c2ccc(O)cc12)C1CCCCC1O
rgfn_drd2,greedy_oracle_static,11,11,13,1,0.7163724303245544,CCCN(CC(N)Cc1ccccc1)C1CCCCC1O,CCCN(CC(Cc1ccccc1)NC(=O)c1ccc(N)c(Br)c1)C1CCCCC1O
rgfn_drd2,greedy_oracle_static,12,12,16,3,0.9999997615814209,CCC1c2ccccc2CCN1CCCN,CCC1c2ccccc2CCN1CCCNCc1c[nH]c2ccc(F)cc12
rgfn_drd2,greedy_oracle_static,13,13,17,1,0.9999867081642151,CCC1c2ccccc2CCN1CCCN,CCC1c2ccccc2CCN1CCCNC(CCl)c1ccc(Cl)c(Cl)c1
rgfn_drd2,greedy_oracle_static,14,14,18,1,0.9965258240699768,CCC1c2ccccc2CCN1CCCN,CCC1c2ccccc2CCN1CCCNCC(N)Cc1ccc(O)cc1
rgfn_drd2,greedy_oracle_static,15,15,19,1,0.9912731051445007,CCC1c2ccccc2CCN1CCCN,CCC1c2ccccc2CCN1CCCNc1ccnc(F)c1
rgfn_drd2,greedy_oracle_static,16,16,20,1,0.9902963638305664,CCC1c2ccccc2CCN1CCCN,CCC1c2ccccc2CCN1CCCNCc1nc(Cl)sc1C
rgfn_drd2,greedy_oracle_static,17,17,21,1,0.9785088300704956,CCC1c2ccccc2CCN1CCCN,CCC1c2ccccc2CCN1CCCNC(=O)c1ccc(N)c(Br)c1
rgfn_drd2,greedy_oracle_static,18,18,22,1,0.9075790047645569,CCC1c2ccccc2CCN1CCCN,CCC1c2ccccc2CCN1CCCNS(=O)(=O)c1ccc(Br)cc1
rgfn_drd2,greedy_oracle_static,19,19,23,1,0.8836662769317627,CCC1c2ccccc2CCN1CCCN,CCC1c2ccccc2CCN1CCCNc1cc(B(O)O)ccc1C#N
rgfn_drd2,greedy_oracle_static,20,20,24,1,0.8802828192710876,CCC1c2ccccc2CCN1CCCN,CCC1c2ccccc2CCN1CCCNc1cc(CBr)ccc1[N+](=O)[O-]
rgfn_drd2,greedy_oracle_static,21,21,25,1,0.8178901672363281,CCC1c2ccccc2CCN1CCCN,CCC1c2ccccc2CCN1CCCNC(=O)C(N)Cc1c[nH]c2ccccc12
rgfn_drd2,greedy_oracle_static,22,22,26,1,0.7320579886436462,CCC1c2ccccc2CCN1CCCN,CCC1c2ccccc2CCN1CCCNC1CCNC1
rgfn_drd2,greedy_oracle_static,23,23,27,1,0.7221521735191345,CCC1c2ccccc2CCN1CCCN,CCC1c2ccccc2CCN1CCCNc1c(C(F)(F)F)nc2ccccc2c1O
rgfn_drd2,greedy_oracle_static,24,24,28,1,0.5938011407852173,CCC1c2ccccc2CCN1CCCN,CCC1c2ccccc2CCN1CCCNC(=O)Nc1cc(C#N)ccc1O
rgfn_drd2,greedy_oracle_static,25,25,31,3,0.9969355463981628,NC(Cc1ccccc1)CN1CCN(c2cccc(C=O)c2)CC1,CCC1NC(CN2CCN(c3cccc(C=O)c3)CC2)Cc2ccccc21
rgfn_drd2,greedy_oracle_static,26,26,32,1,0.9952087998390198,NC(Cc1ccccc1)CN1CCN(c2cccc(C=O)c2)CC1,NC1(C2=NC(CN3CCN(c4cccc(C=O)c4)CC3)Cc3ccccc32)CCC1
rgfn_drd2,greedy_oracle_static,27,27,33,1,0.9936677813529968,NC(Cc1ccccc1)CN1CCN(c2cccc(C=O)c2)CC1,NC(Cc1ccccc1)CN1CCN(c2cccc(CNC3CC3)c2)CC1
rgfn_drd2,greedy_oracle_static,28,28,34,1,0.9924666881561279,NC(Cc1ccccc1)CN1CCN(c2cccc(C=O)c2)CC1,NC(Cc1ccccc1)CN1CCN(c2cccc(-c3nc4ccc(Br)cc4[nH]3)c2)CC1
rgfn_drd2,greedy_oracle_static,29,29,35,1,0.9887709617614746,NC(Cc1ccccc1)CN1CCN(c2cccc(C=O)c2)CC1,O=Cc1cccc(N2CCN(CC(Cc3ccccc3)NC3CNC3)CC2)c1
rgfn_drd2,greedy_oracle_static,30,30,36,1,0.9852923154830933,NC(Cc1ccccc1)CN1CCN(c2cccc(C=O)c2)CC1,NC(Cc1ccccc1)CN1CCN(c2cccc(C3NCCc4c(Br)cccc43)c2)CC1
rgfn_drd2,greedy_oracle_static,31,31,37,1,0.9444893598556519,NC(Cc1ccccc1)CN1CCN(c2cccc(C=O)c2)CC1,NC(Cc1ccccc1)CN1CCN(c2cccc(-c3nc4cc(F)ccc4o3)c2)CC1
rgfn_drd2,greedy_oracle_static,32,32,38,1,0.9295992851257324,NC(Cc1ccccc1)CN1CCN(c2cccc(C=O)c2)CC1,NC(Cc1ccccc1)CN1CCN(c2cccc(C3NC(C(=O)O)Cc4ccc(O)cc43)c2)CC1
rgfn_drd2,greedy_oracle_static,33,33,39,1,0.7452652454376221,NC(Cc1ccccc1)CN1CCN(c2cccc(C=O)c2)CC1,O=Cc1cccc(N2CCN(CC(Cc3ccccc3)NC(=O)NCCc3c[nH]c4ccc(O)cc34)CC2)c1
rgfn_drd2,greedy_oracle_static,34,34,40,1,0.7319533824920654,NC(Cc1ccccc1)CN1CCN(c2cccc(C=O)c2)CC1,NC(Cc1ccccc1)CN1CCN(c2cccc(C3Nc4ccccc4-n4cccc43)c2)CC1
rgfn_drd2,greedy_oracle_static,35,35,41,1,0.6756141185760498,NC(Cc1ccccc1)CN1CCN(c2cccc(C=O)c2)CC1,O=Cc1cccc(N2CCN(CC(Cc3ccccc3)Nc3c(C(F)(F)F)nc4ccccc4c3O)CC2)c1
rgfn_drd2,greedy_oracle_static,36,36,44,3,0.9931422472000122,CCC1NC(CNCc2cccc(O)c2)Cc2ccccc21,CCCN1C(CNCc2cccc(O)c2)Cc2ccccc2C1CC
rgfn_drd2,greedy_oracle_static,37,37,45,1,0.9901273250579834,CCC1NC(CNCc2cccc(O)c2)Cc2ccccc21,CCC1NC(CN(CCN)Cc2cccc(O)c2)Cc2ccccc21
rgfn_drd2,greedy_oracle_static,38,38,46,1,0.7104339003562927,CCC1NC(CNCc2cccc(O)c2)Cc2ccccc21,CCC1NC(CNCc2cccc(OC(=O)CN)c2)Cc2ccccc21
rgfn_drd2,greedy_oracle_static,39,39,49,3,0.9944669008255005,CCC1c2ccccc2CC(C(=O)O)N1C1CNC1,CCC1c2ccccc2CC(CNc2cc(F)ccc2O)N1C1CNC1
rgfn_drd2,greedy_oracle_static,40,40,50,1,0.9932803511619568,CCC1c2ccccc2CC(C(=O)O)N1C1CNC1,CCC1c2ccccc2CC(CNCCc2c[nH]c3ccc(O)cc23)N1C1CNC1
rgfn_drd2,greedy_oracle_static,41,41,51,1,0.9923359751701355,CCC1c2ccccc2CC(C(=O)O)N1C1CNC1,CCC1c2ccccc2CC(C(=O)O)N1C1CN(Cc2c[nH]c3ccc(F)cc23)C1
rgfn_drd2,greedy_oracle_static,42,42,52,1,0.9884831309318542,CCC1c2ccccc2CC(C(=O)O)N1C1CNC1,CCC1c2ccccc2CC(C2=NCCc3ccc(O)cc32)N1C1CNC1
rgfn_drd2,greedy_oracle_static,43,43,53,1,0.9879312515258789,CCC1c2ccccc2CC(C(=O)O)N1C1CNC1,CCC1c2ccccc2CC(C(=O)Oc2cc(F)c(F)cc2N)N1C1CNC1
rgfn_drd2,greedy_oracle_static,44,44,54,1,0.9834307432174683,CCC1c2ccccc2CC(C(=O)O)N1C1CNC1,CCC1c2ccccc2CC(CNCc2cccc(OC)c2)N1C1CNC1
rgfn_drd2,greedy_oracle_static,45,45,55,1,0.9640697836875916,CCC1c2ccccc2CC(C(=O)O)N1C1CNC1,CCC1c2ccccc2CC(c2nc3cc(Br)ccc3[nH]2)N1C1CNC1
rgfn_drd2,greedy_oracle_static,46,46,56,1,0.9308093786239624,CCC1c2ccccc2CC(C(=O)O)N1C1CNC1,CCC1c2ccccc2CC(C(=O)O)N1C1CN(C(CCl)c2ccc(Cl)c(Cl)c2)C1
rgfn_drd2,greedy_oracle_static,47,47,57,1,0.9225311875343323,CCC1c2ccccc2CC(C(=O)O)N1C1CNC1,CCC1c2ccccc2CC(c2nc3cccc(Br)c3o2)N1C1CNC1
rgfn_drd2,greedy_oracle_static,48,48,58,1,0.9046371579170227,CCC1c2ccccc2CC(C(=O)O)N1C1CNC1,CCC1c2ccccc2CC(C(=O)NCCc2ccc(O)cc2)N1C1CNC1
rgfn_drd2,greedy_oracle_static,49,49,59,1,0.8795222043991089,CCC1c2ccccc2CC(C(=O)O)N1C1CNC1,CCC1c2ccccc2CC(C(=O)O)N1C1CN(CC(N)Cc2ccc(O)cc2)C1
rgfn_drd2,greedy_oracle_static,50,50,60,1,0.8721148371696472,CCC1c2ccccc2CC(C(=O)O)N1C1CNC1,CCC1c2ccccc2CC(CNC(Cc2c[nH]c3ccccc23)C(=O)O)N1C1CNC1
rgfn_drd2,greedy_oracle_static,51,51,61,1,0.8719455003738403,CCC1c2ccccc2CC(C(=O)O)N1C1CNC1,CCC1c2ccccc2CC(C(=O)Nc2cc(Br)cc(C#N)c2)N1C1CNC1
rgfn_drd2,greedy_oracle_static,52,52,62,1,0.8670968413352966,CCC1c2ccccc2CC(C(=O)O)N1C1CNC1,CCC1c2ccccc2CC(C2=NCCc3c2[nH]c2ccccc32)N1C1CNC1
rgfn_drd2,greedy_oracle_static,53,53,63,1,0.8659939765930176,CCC1c2ccccc2CC(C(=O)O)N1C1CNC1,CCC1c2ccccc2CC(CN2CCCCC2)N1C1CNC1
rgfn_drd2,greedy_oracle_static,54,54,64,1,0.6784877777099609,CCC1c2ccccc2CC(C(=O)O)N1C1CNC1,CCC1c2ccccc2CC(C(=O)OCc2csc(Cl)n2)N1C1CNC1
rgfn_drd2,greedy_oracle_static,55,55,65,1,0.6242727637290955,CCC1c2ccccc2CC(C(=O)O)N1C1CNC1,CCC1c2ccccc2CC(C(=O)O)N1C1CN(c2ccc(O)c(N)c2)C1
rgfn_drd2,greedy_oracle_static,56,56,66,1,0.581832766532898,CCC1c2ccccc2CC(C(=O)O)N1C1CNC1,CCC1c2ccccc2CC(C(=O)O)N1C1CN(C2CCCNC2)C1
rgfn_drd2,greedy_oracle_static,57,57,67,1,0.5805075168609619,CCC1c2ccccc2CC(C(=O)O)N1C1CNC1,CCC1c2ccccc2CC(C(=O)O)N1C1CN(CC2Cc3ccccc3CN2)C1
rgfn_drd2,greedy_oracle_static,58,58,68,1,0.5672983527183533,CCC1c2ccccc2CC(C(=O)O)N1C1CNC1,CCC1c2ccccc2CC(C(=O)NC(Cc2cccs2)C(=O)O)N1C1CNC1
rgfn_drd2,greedy_oracle_static,59,59,69,1,0.5192436575889587,CCC1c2ccccc2CC(C(=O)O)N1C1CNC1,CCC1c2ccccc2CC(C(=O)O)N1C1CN(Cc2cccc(N=C=S)c2)C1
rgfn_drd2,greedy_oracle_static,60,60,73,4,0.990633487701416,CCC1NC(CN2CCN(c3ncc(Br)cc3B(O)O)CC2)Cc2ccccc21,CCC1NC(CN2CCN(c3ncc(Br)cc3-c3cc(N)[nH]n3)CC2)Cc2ccccc21
rgfn_drd2,greedy_oracle_static,61,61,74,1,0.9687102437019348,CCC1NC(CN2CCN(c3ncc(Br)cc3B(O)O)CC2)Cc2ccccc21,CCC1c2ccccc2CC(CN2CCN(c3ncc(Br)cc3B(O)O)CC2)N1C1CCC1
rgfn_drd2,greedy_oracle_static,62,62,75,1,0.9270151257514954,CCC1NC(CN2CCN(c3ncc(Br)cc3B(O)O)CC2)Cc2ccccc21,CCC1NC(CN2CCN(c3ncc(N4CCCC4C(F)(F)F)cc3B(O)O)CC2)Cc2ccccc21
rgfn_drd2,greedy_oracle_static,63,63,76,1,0.7196762561798096,CCC1NC(CN2CCN(c3ncc(Br)cc3B(O)O)CC2)Cc2ccccc21,CCC1NC(CN2CCN(c3ncc(NCCc4c[nH]c5ccc(O)cc45)cc3B(O)O)CC2)Cc2ccccc21
rgfn_drd2,greedy_oracle_static,64,64,80,4,0.9973307251930237,CCC1NC(CN2CCN(c3nc(Br)cs3)CC2)Cc2ccccc21,CCCN1C(CN2CCN(c3nc(Br)cs3)CC2)Cc2ccccc2C1CC
rgfn_drd2,greedy_oracle_static,65,65,81,1,0.9875405430793762,CCC1NC(CN2CCN(c3nc(Br)cs3)CC2)Cc2ccccc21,CCC1NC(CN2CCN(c3nc(-c4ccc(F)cc4C)cs3)CC2)Cc2ccccc21
rgfn_drd2,greedy_oracle_static,66,66,82,1,0.9306565523147583,CCC1NC(CN2CCN(c3nc(Br)cs3)CC2)Cc2ccccc21,CCC1NC(CN2CCN(c3nc(NCCc4c[nH]c5ccccc45)cs3)CC2)Cc2ccccc21
rgfn_drd2,greedy_oracle_static,67,67,83,1,0.9015501141548157,CCC1NC(CN2CCN(c3nc(Br)cs3)CC2)Cc2ccccc21,CCC1c2ccccc2CC(CN2CCN(c3nc(Br)cs3)CC2)N1C(=O)C(N)Cc1c[nH]c2ccccc12
rgfn_drd2,greedy_oracle_static,68,68,86,3,0.999992847442627,CCC1NC(CN2CCNCC2)Cc2ccccc21,CCC1c2ccccc2CC(CN2CCNCC2)N1Cc1c[nH]c2ccc(F)cc12
rgfn_drd2,greedy_oracle_static,69,69,87,1,0.9939720630645752,CCC1NC(CN2CCNCC2)Cc2ccccc21,CCC1c2ccccc2CC(CN2CCNCC2)N1c1ccc(O)c(N)c1
rgfn_drd2,greedy_oracle_static,70,70,88,1,0.9843242168426514,CCC1NC(CN2CCNCC2)Cc2ccccc21,CCC1NC(CN2CCN(Cc3c[nH]c4ccc(F)cc34)CC2)Cc2ccccc21
rgfn_drd2,greedy_oracle_static,71,71,89,1,0.9811378717422485,CCC1NC(CN2CCNCC2)Cc2ccccc21,CCC1NC(CN2CCN(C(CCl)c3ccc(Br)cc3)CC2)Cc2ccccc21
rgfn_drd2,greedy_oracle_static,72,72,90,1,0.9801081418991089,CCC1NC(CN2CCNCC2)Cc2ccccc21,CCC1c2ccccc2CC(CN2CCNCC2)N1C(CCl)c1ccc(F)cc1F
rgfn_drd2,greedy_oracle_static,73,73,91,1,0.9782238602638245,CCC1NC(CN2CCNCC2)Cc2ccccc21,CCC1NC(CN2CCN(c3ncc4[nH]ccc4n3)CC2)Cc2ccccc21
rgfn_drd2,greedy_oracle_static,74,74,92,1,0.9675443172454834,CCC1NC(CN2CCNCC2)Cc2ccccc21,CCC1NC(CN2CCN(C(=O)c3ccc(N)c(Br)c3)CC2)Cc2ccccc21
rgfn_drd2,greedy_oracle_static,75,75,93,1,0.961925745010376,CCC1NC(CN2CCNCC2)Cc2ccccc21,CCC1NC(CN2CCN(c3c(C(F)(F)F)nc4ccccc4c3O)CC2)Cc2ccccc21
rgfn_drd2,greedy_oracle_static,76,76,94,1,0.9470922946929932,CCC1NC(CN2CCNCC2)Cc2ccccc21,CCC1c2ccccc2CC(CN2CCNCC2)N1C(=O)c1ccc(F)cc1
rgfn_drd2,greedy_oracle_static,77,77,95,1,0.8915896415710449,CCC1NC(CN2CCNCC2)Cc2ccccc21,CCC1NC(CN2CCN(c3ccc([N+](=O)[O-])c4ncccc34)CC2)Cc2ccccc21
rgfn_drd2,greedy_oracle_static,78,78,96,1,0.8792902827262878,CCC1NC(CN2CCNCC2)Cc2ccccc21,CCC1c2ccccc2CC(CN2CCNCC2)N1C(C)c1cccc(OC)c1
rgfn_drd2,greedy_oracle_static,79,79,97,1,0.8768818378448486,CCC1NC(CN2CCNCC2)Cc2ccccc21,CCC1c2ccccc2CC(CN2CCNCC2)N1CC(N)Cc1ccc(O)cc1
rgfn_drd2,greedy_oracle_static,80,80,98,1,0.8657981157302856,CCC1NC(CN2CCNCC2)Cc2ccccc21,CCC1c2ccccc2CC(CN2CCNCC2)N1c1nccc(C=O)c1F
rgfn_drd2,greedy_oracle_static,81,81,99,1,0.8100864291191101,CCC1NC(CN2CCNCC2)Cc2ccccc21,CCC1c2ccccc2CC(CN2CCNCC2)N1c1ccc(CBr)cc1[N+](=O)[O-]
rgfn_drd2,greedy_oracle_static,82,82,100,1,0.7794877886772156,CCC1NC(CN2CCNCC2)Cc2ccccc21,CCC1NC(CN2CCN(C(=O)Nc3cccc4cc[nH]c34)CC2)Cc2ccccc21
rgfn_drd2,greedy_oracle_static,83,83,101,1,0.7506091594696045,CCC1NC(CN2CCNCC2)Cc2ccccc21,CCC1c2ccccc2CC(CN2CCNCC2)N1c1c(C(F)(F)F)nc2ccccc2c1O
rgfn_drd2,greedy_oracle_static,84,84,102,1,0.7424094676971436,CCC1NC(CN2CCNCC2)Cc2ccccc21,CCC1c2ccccc2CC(CN2CCNCC2)N1S(=O)(=O)c1ccc(Br)cc1
rgfn_drd2,greedy_oracle_static,85,85,103,1,0.7034973502159119,CCC1NC(CN2CCNCC2)Cc2ccccc21,CCC1NC(CN2CCN(S(=O)(=O)c3cccc(Br)n3)CC2)Cc2ccccc21
rgfn_drd2,greedy_oracle_static,86,86,104,1,0.6452766060829163,CCC1NC(CN2CCNCC2)Cc2ccccc21,CCC1NC(CN2CCN(Cc3nc(Cl)sc3C)CC2)Cc2ccccc21
rgfn_drd2,greedy_oracle_static,87,87,105,1,0.612384021282196,CCC1NC(CN2CCNCC2)Cc2ccccc21,CCC1c2ccccc2CC(CN2CCNCC2)N1Cc1cccc(C(=O)OC)c1
rgfn_drd2,greedy_oracle_static,88,88,106,1,0.5667526721954346,CCC1NC(CN2CCNCC2)Cc2ccccc21,CCC1c2ccccc2CC(CN2CCNCC2)N1C(=O)NCc1c[nH]c2ccccc12
rgfn_drd2,greedy_oracle_static,89,89,107,1,0.5427545309066772,CCC1NC(CN2CCNCC2)Cc2ccccc21,CCC1NC(CN2CCN(CC(N)Cc3ccc(O)cc3)CC2)Cc2ccccc21
rgfn_drd2,greedy_oracle_static,90,90,110,3,0.9959999918937683,NC(Cc1ccccc1)CN1CCC(NC2CCC2)CC1,NC(Cc1ccccc1)CN1CCC(N(Cc2c[nH]c3cc(Br)ccc23)C2CCC2)CC1
rgfn_drd2,greedy_oracle_static,91,91,111,1,0.9894789457321167,NC(Cc1ccccc1)CN1CCC(NC2CCC2)CC1,Fc1ccc(C2=NC(CN3CCC(NC4CCC4)CC3)Cc3ccccc32)cc1
rgfn_drd2,greedy_oracle_static,92,92,112,1,0.9894177913665771,NC(Cc1ccccc1)CN1CCC(NC2CCC2)CC1,Brc1ccc2c(C3NC(CN4CCC(NC5CCC5)CC4)Cc4ccccc43)c[nH]c2c1
rgfn_drd2,greedy_oracle_static,93,93,113,1,0.9859497547149658,NC(Cc1ccccc1)CN1CCC(NC2CCC2)CC1,Fc1ccc2[nH]cc(CNC(Cc3ccccc3)CN3CCC(NC4CCC4)CC3)c2c1
rgfn_drd2,greedy_oracle_static,94,94,114,1,0.9813172817230225,NC(Cc1ccccc1)CN1CCC(NC2CCC2)CC1,NC(Cc1ccccc1)CN1CCC(N(c2ccnc(F)c2)C2CCC2)CC1
rgfn_drd2,greedy_oracle_static,95,95,115,1,0.9679915308952332,NC(Cc1ccccc1)CN1CCC(NC2CCC2)CC1,Brc1ccnc(NC(Cc2ccccc2)CN2CCC(NC3CCC3)CC2)c1
rgfn_drd2,greedy_oracle_static,96,96,116,1,0.9650192856788635,NC(Cc1ccccc1)CN1CCC(NC2CCC2)CC1,NC(Cc1ccccc1)CN1CCC(N(c2cc(F)ccc2C(=O)CCl)C2CCC2)CC1
rgfn_drd2,greedy_oracle_static,97,97,117,1,0.9494893550872803,NC(Cc1ccccc1)CN1CCC(NC2CCC2)CC1,NC(Cc1ccccc1)CN1CCC(N(C2CCC2)C(CCl)c2ccc(F)cc2F)CC1
rgfn_drd2,greedy_oracle_static,98,98,118,1,0.943981409072876,NC(Cc1ccccc1)CN1CCC(NC2CCC2)CC1,O=Cc1c[nH]c2ccc(NC(Cc3ccccc3)CN3CCC(NC4CCC4)CC3)cc12
rgfn_drd2,greedy_oracle_static,99,99,119,1,0.9335562586784363,NC(Cc1ccccc1)CN1CCC(NC2CCC2)CC1,NC(Cc1ccccc1)CN1CCC(N(c2ncc3[nH]ccc3n2)C2CCC2)CC1
rgfn_drd2,greedy_oracle_static,100,100,120,1,0.9205654859542847,NC(Cc1ccccc1)CN1CCC(NC2CCC2)CC1,c1ccc(CC(CN2CCC(NC3CCC3)CC2)Nc2ncc3[nH]ccc3n2)cc1
rgfn_drd2,greedy_oracle_static,101,101,121,1,0.9173465371131897,NC(Cc1ccccc1)CN1CCC(NC2CCC2)CC1,NC(Cc1cccs1)C1=NC(CN2CCC(NC3CCC3)CC2)Cc2ccccc21
rgfn_drd2,greedy_oracle_static,102,102,122,1,0.9111931324005127,NC(Cc1ccccc1)CN1CCC(NC2CCC2)CC1,ClCC(NC(Cc1ccccc1)CN1CCC(NC2CCC2)CC1)c1ccc(Cl)c(Cl)c1
rgfn_drd2,greedy_oracle_static,103,103,123,1,0.9109969735145569,NC(Cc1ccccc1)CN1CCC(NC2CCC2)CC1,Nc1ccc(N(C2CCC2)C2CCN(CC(N)Cc3ccccc3)CC2)nc1Br
rgfn_drd2,greedy_oracle_static,104,104,124,1,0.9045850038528442,NC(Cc1ccccc1)CN1CCC(NC2CCC2)CC1,Nc1ccc(C(=O)NC(Cc2ccccc2)CN2CCC(NC3CCC3)CC2)cc1Br
rgfn_drd2,greedy_oracle_static,105,105,125,1,0.8979557156562805,NC(Cc1ccccc1)CN1CCC(NC2CCC2)CC1,NC(Cc1ccccc1)CN1CCC(N(Cc2cncc(F)c2)C2CCC2)CC1
rgfn_drd2,greedy_oracle_static,106,106,126,1,0.8935607075691223,NC(Cc1ccccc1)CN1CCC(NC2CCC2)CC1,O=C(CCl)c1ccc(F)cc1NC(Cc1ccccc1)CN1CCC(NC2CCC2)CC1
rgfn_drd2,greedy_oracle_static,107,107,127,1,0.8863652944564819,NC(Cc1ccccc1)CN1CCC(NC2CCC2)CC1,Brc1csc(CNC(Cc2ccccc2)CN2CCC(NC3CCC3)CC2)n1
rgfn_drd2,greedy_oracle_static,108,108,128,1,0.841962993144989,NC(Cc1ccccc1)CN1CCC(NC2CCC2)CC1,NC(Cc1ccccc1)CN1CCC(N(c2c(C(F)(F)F)nc3ccccc3c2O)C2CCC2)CC1
rgfn_drd2,greedy_oracle_static,109,109,129,1,0.8033773303031921,NC(Cc1ccccc1)CN1CCC(NC2CCC2)CC1,N#Cc1ccc(N(C2CCC2)C2CCN(CC(N)Cc3ccccc3)CC2)c(C(F)(F)F)c1
rgfn_drd2,greedy_oracle_static,110,110,130,1,0.7744993567466736,NC(Cc1ccccc1)CN1CCC(NC2CCC2)CC1,NC(Cc1ccccc1)CN1CCC(N(c2ccc([N+](=O)[O-])c3ccccc23)C2CCC2)CC1
rgfn_drd2,greedy_oracle_static,111,111,131,1,0.7733352780342102,NC(Cc1ccccc1)CN1CCC(NC2CCC2)CC1,O=S(=O)(NC(Cc1ccccc1)CN1CCC(NC2CCC2)CC1)c1ccncc1
rgfn_drd2,greedy_oracle_static,112,112,132,1,0.7464685440063477,NC(Cc1ccccc1)CN1CCC(NC2CCC2)CC1,Nc1ccc(C(=O)N(C2CCC2)C2CCN(CC(N)Cc3ccccc3)CC2)cc1Br
rgfn_drd2,greedy_oracle_static,113,113,133,1,0.7029103636741638,NC(Cc1ccccc1)CN1CCC(NC2CCC2)CC1,O=C(Nc1cccc2cc[nH]c12)NC(Cc1ccccc1)CN1CCC(NC2CCC2)CC1
rgfn_drd2,greedy_oracle_static,114,114,134,1,0.7009508013725281,NC(Cc1ccccc1)CN1CCC(NC2CCC2)CC1,C=CC1NC(CN2CCC(NC3CCC3)CC2)Cc2ccccc21
rgfn_drd2,greedy_oracle_static,115,115,135,1,0.6817153692245483,NC(Cc1ccccc1)CN1CCC(NC2CCC2)CC1,NC(Cc1ccccc1)CN1CCC(N(c2cnc3cccnn23)C2CCC2)CC1
rgfn_drd2,greedy_oracle_static,116,116,136,1,0.6635987162590027,NC(Cc1ccccc1)CN1CCC(NC2CCC2)CC1,O=C(NCCc1c[nH]c2ccccc12)NC(Cc1ccccc1)CN1CCC(NC2CCC2)CC1
rgfn_drd2,greedy_oracle_static,117,117,137,1,0.6478981375694275,NC(Cc1ccccc1)CN1CCC(NC2CCC2)CC1,O=[N+]([O-])c1ccc(NC(Cc2ccccc2)CN2CCC(NC3CCC3)CC2)c2cccnc12
rgfn_drd2,greedy_oracle_static,118,118,138,1,0.6472923159599304,NC(Cc1ccccc1)CN1CCC(NC2CCC2)CC1,N#Cc1cccc(C(CBr)N(C2CCC2)C2CCN(CC(N)Cc3ccccc3)CC2)c1
rgfn_drd2,greedy_oracle_static,119,119,139,1,0.6425775289535522,NC(Cc1ccccc1)CN1CCC(NC2CCC2)CC1,COc1cccc(C(C)N(C2CCC2)C2CCN(CC(N)Cc3ccccc3)CC2)c1
rgfn_drd2,greedy_oracle_static,120,120,140,1,0.639119565486908,NC(Cc1ccccc1)CN1CCC(NC2CCC2)CC1,NC(Cc1ccccc1)CN1CCC(N(CC(N)Cc2cccs2)C2CCC2)CC1
rgfn_drd2,greedy_oracle_static,121,121,141,1,0.6085883378982544,NC(Cc1ccccc1)CN1CCC(NC2CCC2)CC1,NC(CCC1=NC(CN2CCC(NC3CCC3)CC2)Cc2ccccc21)C(=O)O
rgfn_drd2,greedy_oracle_static,122,122,142,1,0.5489576458930969,NC(Cc1ccccc1)CN1CCC(NC2CCC2)CC1,NC(CNC(Cc1ccccc1)CN1CCC(NC2CCC2)CC1)Cc1c[nH]cn1
rgfn_drd2,greedy_oracle_static,123,123,143,1,0.5,NC(Cc1ccccc1)CN1CCC(NC2CCC2)CC1,NC(Cc1ccccc1)CN1CCC(N(C(=O)NCCc2c[nH]c3ccc(O)cc23)C2CCC2)CC1
rgfn_drd2,greedy_oracle_static,124,124,144,1,0.5,NC(Cc1ccccc1)CN1CCC(NC2CCC2)CC1,COC(=O)c1cccc(C2NC(CN3CCC(NC4CCC4)CC3)Cc3ccccc32)c1
rgfn_drd2,greedy_oracle_static,125,125,148,4,0.9944919943809509,CCCN1CCC(N(CC(N)CS)c2cc(Br)ccc2O)CC1,CCCN1CCC(N(CC(CS)NCc2c[nH]c3cc(Br)ccc23)c2cc(Br)ccc2O)CC1
rgfn_drd2,greedy_oracle_static,126,126,149,1,0.986868679523468,CCCN1CCC(N(CC(N)CS)c2cc(Br)ccc2O)CC1,CCCN1CCC(N(CC(N)CS)c2cc(Br)ccc2OC(=O)c2ccc(F)cc2)CC1
rgfn_drd2,greedy_oracle_static,127,127,150,1,0.9748967289924622,CCCN1CCC(N(CC(N)CS)c2cc(Br)ccc2O)CC1,CCCN1CCC(N(CC(CS)NC(CBr)c2cccc(C#N)c2)c2cc(Br)ccc2O)CC1
rgfn_drd2,greedy_oracle_static,128,128,151,1,0.9743256568908691,CCCN1CCC(N(CC(N)CS)c2cc(Br)ccc2O)CC1,CCCN1CCC(N(CC(N)CS)c2cc(-c3ccc(F)cc3C)ccc2O)CC1
rgfn_drd2,greedy_oracle_static,129,129,152,1,0.9693532586097717,CCCN1CCC(N(CC(N)CS)c2cc(Br)ccc2O)CC1,CCCN1CCC(N(CC(CS)Nc2cc(F)ccc2C(=O)CCl)c2cc(Br)ccc2O)CC1
rgfn_drd2,greedy_oracle_static,130,130,153,1,0.9621684551239014,CCCN1CCC(N(CC(N)CS)c2cc(Br)ccc2O)CC1,CCCN1CCC(N(CC(N)CS)c2cc(NCCc3c[nH]c4ccccc34)ccc2O)CC1
rgfn_drd2,greedy_oracle_static,131,131,154,1,0.9536170959472656,CCCN1CCC(N(CC(N)CS)c2cc(Br)ccc2O)CC1,CCCN1CCC(N(CC(N)CS)c2cc(Nc3cc(Br)cc(C#N)c3)ccc2O)CC1
rgfn_drd2,greedy_oracle_static,132,132,155,1,0.8888490200042725,CCCN1CCC(N(CC(N)CS)c2cc(Br)ccc2O)CC1,CCCN1CCC(N(CC(CS)NC(=O)C2Cc3ccccc3CN2)c2cc(Br)ccc2O)CC1
rgfn_drd2,greedy_oracle_static,133,133,156,1,0.8231576681137085,CCCN1CCC(N(CC(N)CS)c2cc(Br)ccc2O)CC1,CCCN1CCC(N(CC(N)CS)c2cc(N3Cc4ccccc4CC3C(=O)O)ccc2O)CC1
rgfn_drd2,greedy_oracle_static,134,134,159,3,0.9736738801002502,O=C(CCl)c1ccc(F)cc1N1CCC(NCc2cccc(O)c2)CC1,Oc1cccc(CNC2CCN(c3cc(F)ccc3C(CCl)N3CCCCC3)CC2)c1
rgfn_drd2,greedy_oracle_static,135,135,160,1,0.9550833106040955,O=C(CCl)c1ccc(F)cc1N1CCC(NCc2cccc(O)c2)CC1,NCCN1CCN(c2ccc(C(=O)CCl)c(N3CCC(NCc4cccc(O)c4)CC3)c2)CC1
rgfn_drd2,greedy_oracle_static,136,136,161,1,0.9210191369056702,O=C(CCl)c1ccc(F)cc1N1CCC(NCc2cccc(O)c2)CC1,O=C(CCl)c1ccc(F)cc1N1CCC(N(Cc2cccc(O)c2)C2CNC2)CC1
rgfn_drd2,greedy_oracle_static,137,137,162,1,0.8654615879058838,O=C(CCl)c1ccc(F)cc1N1CCC(NCc2cccc(O)c2)CC1,O=C(COC1CN2CCC1CC2)c1ccc(F)cc1N1CCC(NCc2cccc(O)c2)CC1
rgfn_drd2,greedy_oracle_static,138,138,163,1,0.5788742303848267,O=C(CCl)c1ccc(F)cc1N1CCC(NCc2cccc(O)c2)CC1,O=C(CCl)c1ccc(F)cc1N1CCC(NCc2cccc(OC(=O)C3CNC3)c2)CC1
rgfn_drd2,greedy_oracle_static,139,139,167,4,0.9999914169311523,CCCN1CCN(c2ncccc2Nc2cc(Br)ccc2O)CC1,CCCN1CCN(c2ncccc2N(CC2(N)CCC2)c2cc(Br)ccc2O)CC1
rgfn_drd2,greedy_oracle_static,140,140,168,1,0.9939926862716675,CCCN1CCN(c2ncccc2Nc2cc(Br)ccc2O)CC1,CCCN1CCN(c2ncccc2Nc2cc(Br)ccc2OC(=O)C2CCCN2)CC1
rgfn_drd2,greedy_oracle_static,141,141,169,1,0.9927652478218079,CCCN1CCN(c2ncccc2Nc2cc(Br)ccc2O)CC1,CCCN1CCN(c2ncccc2Nc2cc(N3CCCC3C(F)(F)F)ccc2O)CC1
rgfn_drd2,greedy_oracle_static,142,142,170,1,0.9915673732757568,CCCN1CCN(c2ncccc2Nc2cc(Br)ccc2O)CC1,CCCN1CCN(c2ncccc2N(C(=O)N2CCCC2C(F)(F)F)c2cc(Br)ccc2O)CC1
rgfn_drd2,greedy_oracle_static,143,143,171,1,0.9824565052986145,CCCN1CCN(c2ncccc2Nc2cc(Br)ccc2O)CC1,CCCN1CCN(c2ncccc2N(c2cc(Br)ccc2O)C(CCl)c2ccc(Cl)c(Cl)c2)CC1
rgfn_drd2,greedy_oracle_static,144,144,172,1,0.94014972448349,CCCN1CCN(c2ncccc2Nc2cc(Br)ccc2O)CC1,CCCN1CCN(c2ncccc2N(c2cc(Br)ccc2O)c2cc(F)ccc2C(=O)CCl)CC1
rgfn_drd2,greedy_oracle_static,145,145,173,1,0.859817624092102,CCCN1CCN(c2ncccc2Nc2cc(Br)ccc2O)CC1,CCCN1CCN(c2ncccc2Nc2cc(NCCc3ccccc3OC)ccc2O)CC1
rgfn_drd2,greedy_oracle_static,146,146,174,1,0.8554386496543884,CCCN1CCN(c2ncccc2Nc2cc(Br)ccc2O)CC1,CCCN1CCN(c2ncccc2N(c2ccc3[nH]cc(C=O)c3c2)c2cc(Br)ccc2O)CC1
rgfn_drd2,greedy_oracle_static,147,147,175,1,0.8509325981140137,CCCN1CCN(c2ncccc2Nc2cc(Br)ccc2O)CC1,CCCN1CCN(c2ncccc2N(C(=O)NCCc2c[nH]c3ccc(O)cc23)c2cc(Br)ccc2O)CC1
rgfn_drd2,greedy_oracle_static,148,148,176,1,0.8245882391929626,CCCN1CCN(c2ncccc2Nc2cc(Br)ccc2O)CC1,CCCN1CCN(c2ncccc2Nc2cc(-c3cccc(C#N)c3)ccc2O)CC1
rgfn_drd2,greedy_oracle_static,149,149,177,1,0.7448556423187256,CCCN1CCN(c2ncccc2Nc2cc(Br)ccc2O)CC1,CCCN1CCN(c2ncccc2N(c2cc(Br)ccc2O)S(=O)(=O)c2cccc3ccccc23)CC1
rgfn_drd2,greedy_oracle_static,150,150,178,1,0.6290160417556763,CCCN1CCN(c2ncccc2Nc2cc(Br)ccc2O)CC1,CCCN1CCN(c2ncccc2Nc2cc(NC(Cc3c[nH]c4ccccc34)C(=O)O)ccc2O)CC1
rgfn_drd2,greedy_oracle_static,151,151,179,1,0.5,CCCN1CCN(c2ncccc2Nc2cc(Br)ccc2O)CC1,CCCN1CCN(c2ncccc2N(c2cc(Br)ccc2O)c2c(C(F)(F)F)nc3ccccc3c2O)CC1
rgfn_drd2,greedy_oracle_static,152,152,183,4,0.9999874830245972,CCCN1CCN(c2ccc3oc(C(N)CCCCN)nc3c2)CC1,CCCN1CCN(c2ccc3oc(C(N)CCCCNCc4ccc(F)cc4)nc3c2)CC1
rgfn_drd2,greedy_oracle_static,153,153,184,1,0.9999840259552002,CCCN1CCN(c2ccc3oc(C(N)CCCCN)nc3c2)CC1,CCCN1CCN(c2ccc3oc(C(CCCCN)NCc4cccc(F)c4F)nc3c2)CC1
rgfn_drd2,greedy_oracle_static,154,154,185,1,0.9747713804244995,CCCN1CCN(c2ccc3oc(C(N)CCCCN)nc3c2)CC1,CCCN1CCN(c2ccc3oc(C(CCCCN)Nc4ccc5[nH]cc(C=O)c5c4)nc3c2)CC1
rgfn_drd2,greedy_oracle_static,155,155,186,1,0.9306890368461609,CCCN1CCN(c2ccc3oc(C(N)CCCCN)nc3c2)CC1,CCCN1CCN(c2ccc3oc(C(CCCCN)NC(=O)Nc4cc(Br)cc(C#N)c4)nc3c2)CC1
rgfn_drd2,greedy_oracle_static,156,156,187,1,0.8944141864776611,CCCN1CCN(c2ccc3oc(C(N)CCCCN)nc3c2)CC1,CCCN1CCN(c2ccc3oc(C(CCCCN)NC(CCl)c4ccc5c(c4)NC(=O)C5)nc3c2)CC1
rgfn_drd2,greedy_oracle_static,157,157,188,1,0.8395166397094727,CCCN1CCN(c2ccc3oc(C(N)CCCCN)nc3c2)CC1,CCCN1CCN(c2ccc3oc(C(N)CCCCNC(=O)NCCc4c[nH]c5ccc(O)cc45)nc3c2)CC1
rgfn_drd2,greedy_oracle_static,158,158,191,3,0.9999895095825195,Fc1ccc2[nH]cc(C3NC(CN4CCNCC4)Cc4ccccc43)c2c1,Fc1ccc2[nH]cc(C3c4ccccc4CC(CN4CCNCC4)N3C3CCC3)c2c1
rgfn_drd2,greedy_oracle_static,159,159,192,1,0.9936255812644958,Fc1ccc2[nH]cc(C3NC(CN4CCNCC4)Cc4ccccc43)c2c1,Fc1ccc2[nH]cc(C3NC(CN4CCN(C5CCC5)CC4)Cc4ccccc43)c2c1
rgfn_drd2,greedy_oracle_static,160,160,193,1,0.9593437910079956,Fc1ccc2[nH]cc(C3NC(CN4CCNCC4)Cc4ccccc43)c2c1,CCCCn1cc(C2NC(CN3CCNCC3)Cc3ccccc32)c2cc(F)ccc21
rgfn_drd2,greedy_oracle_static,161,161,197,4,0.9928346872329712,CCCN1C(CN2CC(C(=O)O)C2)Cc2ccccc2C1CC,CCCN1C(CN2CC(c3nc4cc(F)ccc4o3)C2)Cc2ccccc2C1CC
rgfn_drd2,greedy_oracle_static,162,162,198,1,0.987744927406311,CCCN1C(CN2CC(C(=O)O)C2)Cc2ccccc2C1CC,CCCN1C(CN2CC(CNc3cc(Br)ccc3O)C2)Cc2ccccc2C1CC
rgfn_drd2,greedy_oracle_static,163,163,199,1,0.987629771232605,CCCN1C(CN2CC(C(=O)O)C2)Cc2ccccc2C1CC,CCCN1C(CN2CC(c3nc4c(Br)cccc4[nH]3)C2)Cc2ccccc2C1CC
rgfn_drd2,greedy_oracle_static,164,164,200,1,0.9827821850776672,CCCN1C(CN2CC(C(=O)O)C2)Cc2ccccc2C1CC,CCCN1C(CN2CC(C(=O)Oc3cc(F)c(F)cc3N)C2)Cc2ccccc2C1CC
rgfn_drd2,greedy_oracle_static,165,165,201,1,0.8812835812568665,CCCN1C(CN2CC(C(=O)O)C2)Cc2ccccc2C1CC,CCCN1C(CN2CC(C3=NCCc4c3[nH]c3ccc(O)cc43)C2)Cc2ccccc2C1CC
rgfn_drd2,greedy_oracle_static,166,166,202,1,0.855470597743988,CCCN1C(CN2CC(C(=O)O)C2)Cc2ccccc2C1CC,CCCN1C(CN2CC(C(=O)NCCc3c[nH]c4ccc(O)cc34)C2)Cc2ccccc2C1CC
rgfn_drd2,greedy_oracle_static,167,167,203,1,0.8092343807220459,CCCN1C(CN2CC(C(=O)O)C2)Cc2ccccc2C1CC,CCCN1C(CN2CC(C(=O)Nc3cc(Br)cc(C#N)c3)C2)Cc2ccccc2C1CC
rgfn_drd2,greedy_oracle_static,168,168,206,3,0.9886590242385864,CC(C)C(N)CN1CCN(c2ccc(O)c(N)c2)CC1,CC(C)C(CN1CCN(c2ccc(O)c(N)c2)CC1)NCc1c[nH]c2cc(Br)ccc12
rgfn_drd2,greedy_oracle_static,169,169,207,1,0.9790985584259033,CC(C)C(N)CN1CCN(c2ccc(O)c(N)c2)CC1,CC(C)C(N)CN1CCN(c2ccc(O)c(NCc3c[nH]c4ccc(F)cc34)c2)CC1
rgfn_drd2,greedy_oracle_static,170,170,208,1,0.978280246257782,CC(C)C(N)CN1CCN(c2ccc(O)c(N)c2)CC1,CC(C)C(CN1CCN(c2ccc(O)c(N)c2)CC1)NC(CCl)c1ccc(Cl)c(Cl)c1
rgfn_drd2,greedy_oracle_static,171,171,209,1,0.9530834555625916,CC(C)C(N)CN1CCN(c2ccc(O)c(N)c2)CC1,CC(C)C(N)CN1CCN(c2ccc3oc(-c4cccc(F)c4F)nc3c2)CC1
rgfn_drd2,greedy_oracle_static,172,172,210,1,0.9521049857139587,CC(C)C(N)CN1CCN(c2ccc(O)c(N)c2)CC1,CC(C)C(N)CN1CCN(c2ccc(OC(=O)c3cccc(F)c3F)c(N)c2)CC1
rgfn_drd2,greedy_oracle_static,173,173,211,1,0.9482837319374084,CC(C)C(N)CN1CCN(c2ccc(O)c(N)c2)CC1,CC(C)C(CN1CCN(c2ccc(O)c(N)c2)CC1)NC(=O)c1cccc(F)c1F
rgfn_drd2,greedy_oracle_static,174,174,212,1,0.9461224675178528,CC(C)C(N)CN1CCN(c2ccc(O)c(N)c2)CC1,CC(C)C(CN1CCN(c2ccc(O)c(N)c2)CC1)NCC1Cc2ccccc2CN1
rgfn_drd2,greedy_oracle_static,175,175,213,1,0.9325322508811951,CC(C)C(N)CN1CCN(c2ccc(O)c(N)c2)CC1,CC(C)C(CN1CCN(c2ccc(O)c(N)c2)CC1)NC(=O)C(N)Cc1c[nH]c2ccccc12
rgfn_drd2,greedy_oracle_static,176,176,214,1,0.9305911660194397,CC(C)C(N)CN1CCN(c2ccc(O)c(N)c2)CC1,CC(C)C(N)CN1CCN(c2ccc(O)c(Nc3ccccc3CCN)c2)CC1
rgfn_drd2,greedy_oracle_static,177,177,215,1,0.9255576133728027,CC(C)C(N)CN1CCN(c2ccc(O)c(N)c2)CC1,CC(C)C(N)CN1CCN(c2ccc3oc(C(N)Cc4c[nH]c5ccccc45)nc3c2)CC1
rgfn_drd2,greedy_oracle_static,178,178,216,1,0.9167463779449463,CC(C)C(N)CN1CCN(c2ccc(O)c(N)c2)CC1,CC(C)C(N)CN1CCN(c2ccc(O)c(NC(CCl)c3ccc(F)cc3F)c2)CC1
rgfn_drd2,greedy_oracle_static,179,179,217,1,0.8947731256484985,CC(C)C(N)CN1CCN(c2ccc(O)c(N)c2)CC1,CC(C)C(N)CN1CCN(c2ccc3oc(C4Cc5ccccc5CN4)nc3c2)CC1
rgfn_drd2,greedy_oracle_static,180,180,218,1,0.894045352935791,CC(C)C(N)CN1CCN(c2ccc(O)c(N)c2)CC1,CC(C)C(N)CN1CCN(c2ccc(O)c(NC(=O)NCCc3c[nH]c4ccccc34)c2)CC1
rgfn_drd2,greedy_oracle_static,181,181,219,1,0.8751659393310547,CC(C)C(N)CN1CCN(c2ccc(O)c(N)c2)CC1,CC(C)C(CN1CCN(c2ccc(O)c(N)c2)CC1)NCc1cccc(C=O)c1
rgfn_drd2,greedy_oracle_static,182,182,220,1,0.8543293476104736,CC(C)C(N)CN1CCN(c2ccc(O)c(N)c2)CC1,CC(C)C(CN1CCN(c2ccc(O)c(N)c2)CC1)NS(=O)(=O)c1cccc(Br)c1
rgfn_drd2,greedy_oracle_static,183,183,221,1,0.850039005279541,CC(C)C(N)CN1CCN(c2ccc(O)c(N)c2)CC1,CC(C)C(N)CN1CCN(c2ccc(OC(=O)C3Cc4ccccc4CN3)c(N)c2)CC1
rgfn_drd2,greedy_oracle_static,184,184,222,1,0.8285017013549805,CC(C)C(N)CN1CCN(c2ccc(O)c(N)c2)CC1,COc1ccccc1CCNC(=O)NC(CN1CCN(c2ccc(O)c(N)c2)CC1)C(C)C
rgfn_drd2,greedy_oracle_static,185,185,223,1,0.8134382367134094,CC(C)C(N)CN1CCN(c2ccc(O)c(N)c2)CC1,CC(C)C(CN1CCN(c2ccc(O)c(N)c2)CC1)Nc1ccc2[nH]cc(C=O)c2c1
rgfn_drd2,greedy_oracle_static,186,186,224,1,0.771346390247345,CC(C)C(N)CN1CCN(c2ccc(O)c(N)c2)CC1,CC(C)C(N)CN1CCN(c2ccc(O)c(NC(=O)c3ccc(F)c(F)c3F)c2)CC1
rgfn_drd2,greedy_oracle_static,187,187,225,1,0.7707287669181824,CC(C)C(N)CN1CCN(c2ccc(O)c(N)c2)CC1,CC(C)C(N)CN1CCN(c2ccc(O)c(Nc3ccc4c(C=O)c[nH]c4c3)c2)CC1
rgfn_drd2,greedy_oracle_static,188,188,226,1,0.7456054091453552,CC(C)C(N)CN1CCN(c2ccc(O)c(N)c2)CC1,CC(C)C(CN1CCN(c2ccc(O)c(N)c2)CC1)Nc1ncccc1I
rgfn_drd2,greedy_oracle_static,189,189,227,1,0.7399383187294006,CC(C)C(N)CN1CCN(c2ccc(O)c(N)c2)CC1,CC(C)C(CN1CCN(c2ccc(O)c(N)c2)CC1)Nc1ccc(C#N)cc1C(F)(F)F
rgfn_drd2,greedy_oracle_static,190,190,228,1,0.732326090335846,CC(C)C(N)CN1CCN(c2ccc(O)c(N)c2)CC1,CC(C)C(CN1CCN(c2ccc(O)c(N)c2)CC1)NC(=O)Nc1cc(Br)cc(C#N)c1
rgfn_drd2,greedy_oracle_static,191,191,229,1,0.7179899215698242,CC(C)C(N)CN1CCN(c2ccc(O)c(N)c2)CC1,CC(C)C(N)CN1CCN(c2ccc(O)c(NCC(N)Cc3ccc(O)cc3)c2)CC1
rgfn_drd2,greedy_oracle_static,192,192,230,1,0.7149137258529663,CC(C)C(N)CN1CCN(c2ccc(O)c(N)c2)CC1,CC(C)C(CN1CCN(c2ccc(O)c(N)c2)CC1)NCC(N)Cc1cccs1
rgfn_drd2,greedy_oracle_static,193,193,231,1,0.7135701775550842,CC(C)C(N)CN1CCN(c2ccc(O)c(N)c2)CC1,COc1cccc(C(C)Nc2cc(N3CCN(CC(N)C(C)C)CC3)ccc2O)c1
rgfn_drd2,greedy_oracle_static,194,194,232,1,0.6913741827011108,CC(C)C(N)CN1CCN(c2ccc(O)c(N)c2)CC1,CC(C)C(N)CN1CCN(c2ccc(O)c(NCc3ncccc3C(F)(F)F)c2)CC1
rgfn_drd2,greedy_oracle_static,195,195,233,1,0.6727508902549744,CC(C)C(N)CN1CCN(c2ccc(O)c(N)c2)CC1,CC(C)C(N)CN1CCN(c2ccc(O)c(NS(=O)(=O)c3ccc(Br)cc3)c2)CC1
rgfn_drd2,greedy_oracle_static,196,196,234,1,0.6243410110473633,CC(C)C(N)CN1CCN(c2ccc(O)c(N)c2)CC1,CC(C)C(N)CN1CCN(c2ccc(O)c(Nc3c(C(F)(F)F)nc4ccccc4c3O)c2)CC1
rgfn_drd2,greedy_oracle_static,197,197,235,1,0.5,CC(C)C(N)CN1CCN(c2ccc(O)c(N)c2)CC1,CC(C)C(CN1CCN(c2ccc(O)c(N)c2)CC1)NC(=O)N1Cc2ccccc2CC1C(=O)O
rgfn_drd2,greedy_oracle_static,198,198,239,4,0.978176474571228,NC(Cc1ccccc1)CN(CCC(N)c1nc2cc(Br)ccc2o1)C1CCC1,NC(Cc1ccccc1)CN(CCC(NCCBr)c1nc2cc(Br)ccc2o1)C1CCC1
rgfn_drd2,greedy_oracle_static,199,199,240,1,0.976421594619751,NC(Cc1ccccc1)CN(CCC(N)c1nc2cc(Br)ccc2o1)C1CCC1,C=CC1=NC(CN(CCC(N)c2nc3cc(Br)ccc3o2)C2CCC2)Cc2ccccc21
rgfn_drd2,greedy_oracle_static,200,200,241,1,0.9405776858329773,NC(Cc1ccccc1)CN(CCC(N)c1nc2cc(Br)ccc2o1)C1CCC1,NC(CCN(CC1Cc2ccccc2C(c2ncc[nH]2)N1)C1CCC1)c1nc2cc(Br)ccc2o1
rgfn_drd2,greedy_oracle_static,201,201,242,1,0.9167705774307251,NC(Cc1ccccc1)CN(CCC(N)c1nc2cc(Br)ccc2o1)C1CCC1,NCCN1CCN(c2ccc3oc(C(N)CCN(CC(N)Cc4ccccc4)C4CCC4)nc3c2)CC1
rgfn_drd2,greedy_oracle_static,202,202,243,1,0.9145921468734741,NC(Cc1ccccc1)CN(CCC(N)c1nc2cc(Br)ccc2o1)C1CCC1,NC(CCN(CC(Cc1ccccc1)NCc1ncc[nH]1)C1CCC1)c1nc2cc(Br)ccc2o1
rgfn_drd2,greedy_oracle_static,203,203,244,1,0.5697107315063477,NC(Cc1ccccc1)CN(CCC(N)c1nc2cc(Br)ccc2o1)C1CCC1,NC(Cc1ccccc1)CN(CCC(N)c1nc2cc(NCCc3c[nH]c4ccc(O)cc34)ccc2o1)C1CCC1
rgfn_drd2,greedy_oracle_static,204,204,247,3,0.9971483945846558,Ic1cccnc1N1CCN(C2CCNCC2)CC1,NC(Cc1c[nH]c2ccccc12)CN1CCC(N2CCN(c3ncccc3I)CC2)CC1
rgfn_drd2,greedy_oracle_static,205,205,248,1,0.9949232935905457,Ic1cccnc1N1CCN(C2CCNCC2)CC1,N#Cc1ccc2[nH]cc(CN3CCC(N4CCN(c5ncccc5I)CC4)CC3)c2c1
rgfn_drd2,greedy_oracle_static,206,206,249,1,0.9941681623458862,Ic1cccnc1N1CCN(C2CCNCC2)CC1,COc1cccc(C(C)N2CCC(N3CCN(c4ncccc4I)CC3)CC2)c1
rgfn_drd2,greedy_oracle_static,207,207,250,1,0.9919702410697937,Ic1cccnc1N1CCN(C2CCNCC2)CC1,c1cnc(N2CCN(C3CCNCC3)CC2)c(NCCc2c[nH]c3ccccc23)c1
rgfn_drd2,greedy_oracle_static,208,208,251,1,0.9914214611053467,Ic1cccnc1N1CCN(C2CCNCC2)CC1,Ic1cccnc1N1CCN(C2CCN(CC3Cc4ccccc4CN3)CC2)CC1
rgfn_drd2,greedy_oracle_static,209,209,252,1,0.9910120368003845,Ic1cccnc1N1CCN(C2CCNCC2)CC1,COc1cccc(CNc2cccnc2N2CCN(C3CCNCC3)CC2)c1
rgfn_drd2,greedy_oracle_static,210,210,253,1,0.9884637594223022,Ic1cccnc1N1CCN(C2CCNCC2)CC1,N#Cc1cccc(C(CBr)N2CCC(N3CCN(c4ncccc4I)CC3)CC2)c1
rgfn_drd2,greedy_oracle_static,211,211,254,1,0.9802042245864868,Ic1cccnc1N1CCN(C2CCNCC2)CC1,Nc1ccc(CN2CCC(N3CCN(c4ncccc4I)CC3)CC2)cc1Br
rgfn_drd2,greedy_oracle_static,212,212,255,1,0.9797217845916748,Ic1cccnc1N1CCN(C2CCNCC2)CC1,O=C(NCCc1c[nH]c2ccc(O)cc12)N1CCC(N2CCN(c3ncccc3I)CC2)CC1
rgfn_drd2,greedy_oracle_static,213,213,256,1,0.9723138809204102,Ic1cccnc1N1CCN(C2CCNCC2)CC1,O=C(c1ccccc1CCl)N1CCC(N2CCN(c3ncccc3I)CC2)CC1
rgfn_drd2,greedy_oracle_static,214,214,257,1,0.9715588688850403,Ic1cccnc1N1CCN(C2CCNCC2)CC1,N#Cc1cc(Br)cc(Nc2cccnc2N2CCN(C3CCNCC3)CC2)c1
rgfn_drd2,greedy_oracle_static,215,215,258,1,0.9667545557022095,Ic1cccnc1N1CCN(C2CCNCC2)CC1,c1cnc(N2CCN(C3CCNCC3)CC2)c(-c2ccc3[nH]ccc3c2)c1
rgfn_drd2,greedy_oracle_static,216,216,259,1,0.958656907081604,Ic1cccnc1N1CCN(C2CCNCC2)CC1,CC(Nc1cccnc1N1CCN(C2CCNCC2)CC1)c1ccccc1
rgfn_drd2,greedy_oracle_static,217,217,260,1,0.9548429846763611,Ic1cccnc1N1CCN(C2CCNCC2)CC1,Cc1cc(F)ccc1-c1cccnc1N1CCN(C2CCNCC2)CC1
rgfn_drd2,greedy_oracle_static,218,218,261,1,0.9470856189727783,Ic1cccnc1N1CCN(C2CCNCC2)CC1,NC(Cc1cccs1)C(=O)N1CCC(N2CCN(c3ncccc3I)CC2)CC1
rgfn_drd2,greedy_oracle_static,219,219,262,1,0.9413806796073914,Ic1cccnc1N1CCN(C2CCNCC2)CC1,O=C1Cc2ccc(C(CCl)N3CCC(N4CCN(c5ncccc5I)CC4)CC3)cc2N1
rgfn_drd2,greedy_oracle_static,220,220,263,1,0.9409471750259399,Ic1cccnc1N1CCN(C2CCNCC2)CC1,COc1cc(C(F)(F)F)ccc1CN1CCC(N2CCN(c3ncccc3I)CC2)CC1
rgfn_drd2,greedy_oracle_static,221,221,264,1,0.9321316480636597,Ic1cccnc1N1CCN(C2CCNCC2)CC1,O=C(Nc1cccc2cc[nH]c12)N1CCC(N2CCN(c3ncccc3I)CC2)CC1
rgfn_drd2,greedy_oracle_static,222,222,265,1,0.9234593510627747,Ic1cccnc1N1CCN(C2CCNCC2)CC1,O=C(O)C1Cc2ccccc2CN1c1cccnc1N1CCN(C2CCNCC2)CC1
rgfn_drd2,greedy_oracle_static,223,223,266,1,0.9146468639373779,Ic1cccnc1N1CCN(C2CCNCC2)CC1,O=S(=O)(c1cccc2ccccc12)N1CCC(N2CCN(c3ncccc3I)CC2)CC1
rgfn_drd2,greedy_oracle_static,224,224,267,1,0.8899174332618713,Ic1cccnc1N1CCN(C2CCNCC2)CC1,Ic1cccnc1N1CCN(C2CCN(c3ccccn3)CC2)CC1
rgfn_drd2,greedy_oracle_static,225,225,268,1,0.8886241316795349,Ic1cccnc1N1CCN(C2CCNCC2)CC1,O=Cc1c[nH]c2cc(N3CCC(N4CCN(c5ncccc5I)CC4)CC3)ccc12
rgfn_drd2,greedy_oracle_static,226,226,269,1,0.8256903290748596,Ic1cccnc1N1CCN(C2CCNCC2)CC1,O=C(O)C1Cc2ccccc2CN1C(=O)N1CCC(N2CCN(c3ncccc3I)CC2)CC1
rgfn_drd2,greedy_oracle_static,227,227,270,1,0.8193749785423279,Ic1cccnc1N1CCN(C2CCNCC2)CC1,O=C(O)c1cccc(F)c1Nc1cccnc1N1CCN(C2CCNCC2)CC1
rgfn_drd2,greedy_oracle_static,228,228,271,1,0.8000876903533936,Ic1cccnc1N1CCN(C2CCNCC2)CC1,O=C(O)C(Cc1ccc(O)cc1)NC(=O)N1CCC(N2CCN(c3ncccc3I)CC2)CC1
rgfn_drd2,greedy_oracle_static,229,229,272,1,0.7939496040344238,Ic1cccnc1N1CCN(C2CCNCC2)CC1,Oc1c(N2CCC(N3CCN(c4ncccc4I)CC3)CC2)c(C(F)(F)F)nc2ccccc12
rgfn_drd2,greedy_oracle_static,230,230,273,1,0.6481091976165771,Ic1cccnc1N1CCN(C2CCNCC2)CC1,C#Cc1cccnc1N1CCN(C2CCNCC2)CC1
rgfn_drd2,greedy_oracle_static,231,231,277,4,0.9555256366729736,CC(C)C(CN(CCO)Cc1cccc(O)c1)NCCCN,CC(C)C(CN(CCO)Cc1cccc(O)c1)N(CCCN)Cc1c[nH]c2ccc(F)cc12
rgfn_drd2,greedy_oracle_static,232,232,278,1,0.9314287304878235,CC(C)C(CN(CCO)Cc1cccc(O)c1)NCCCN,CC(C)C(CN(CCO)Cc1cccc(O)c1)NCCCNCc1c[nH]c2ccc(Br)cc12
rgfn_drd2,greedy_oracle_static,233,233,279,1,0.9014962911605835,CC(C)C(CN(CCO)Cc1cccc(O)c1)NCCCN,CC(C)C(CN(CCO)Cc1cccc(O)c1)N(CCCN)c1ccc2[nH]cc(C=O)c2c1
rgfn_drd2,greedy_oracle_static,234,234,280,1,0.8680179715156555,CC(C)C(CN(CCO)Cc1cccc(O)c1)NCCCN,CC(C)C(CN(CCO)Cc1cccc(O)c1)N(CCCN)C(CCl)c1ccc(F)cc1F
rgfn_drd2,greedy_oracle_static,235,235,281,1,0.7909436225891113,CC(C)C(CN(CCO)Cc1cccc(O)c1)NCCCN,CC(C)C(CN(CCO)Cc1cccc(O)c1)NCCCNC(CCl)c1ccc(Cl)c(Cl)c1
rgfn_drd2,greedy_oracle_static,236,236,282,1,0.7775384783744812,CC(C)C(CN(CCO)Cc1cccc(O)c1)NCCCN,CC(C)C(CN(CCO)Cc1cccc(OC(=O)c2ccc(F)c(F)c2F)c1)NCCCN
rgfn_drd2,greedy_oracle_static,237,237,283,1,0.7103908061981201,CC(C)C(CN(CCO)Cc1cccc(O)c1)NCCCN,CC(C)C(CN(CCO)Cc1cccc(O)c1)N(CCCN)c1ccccc1CCN
rgfn_drd2,greedy_oracle_static,238,238,284,1,0.6912669539451599,CC(C)C(CN(CCO)Cc1cccc(O)c1)NCCCN,CC(C)C(CN(CCOC(=O)c1cccc(F)c1F)Cc1cccc(O)c1)NCCCN
rgfn_drd2,greedy_oracle_static,239,239,287,3,0.9825165867805481,CC(C)C(CN1CCNCC1)NCc1ccc(F)c(F)c1F,CC(C)C(CN1CCN(c2ccccc2CCN)CC1)NCc1ccc(F)c(F)c1F
rgfn_drd2,greedy_oracle_static,240,240,288,1,0.9788506031036377,CC(C)C(CN1CCNCC1)NCc1ccc(F)c(F)c1F,CC(C)C(CN1CCN(c2ccc3[nH]cc(C=O)c3c2)CC1)NCc1ccc(F)c(F)c1F
rgfn_drd2,greedy_oracle_static,241,241,289,1,0.9239521622657776,CC(C)C(CN1CCNCC1)NCc1ccc(F)c(F)c1F,CC(C)C(CN1CCNCC1)N(Cc1ccc(F)c(F)c1F)c1ccc2[nH]cc(C=O)c2c1
rgfn_drd2,greedy_oracle_static,242,242,290,1,0.8950561881065369,CC(C)C(CN1CCNCC1)NCc1ccc(F)c(F)c1F,CC(C)C(CN1CCNCC1)N(Cc1ccc(F)c(F)c1F)Cc1c[nH]c2ccccc12
rgfn_drd2,greedy_oracle_static,243,243,291,1,0.8701694011688232,CC(C)C(CN1CCNCC1)NCc1ccc(F)c(F)c1F,CC(C)C(CN1CCNCC1)N(Cc1ccc(F)c(F)c1F)c1ccccc1CCN
rgfn_drd2,greedy_oracle_static,244,244,292,1,0.819374144077301,CC(C)C(CN1CCNCC1)NCc1ccc(F)c(F)c1F,CC(C)C(CN1CCN(C(=O)C(N)Cc2c[nH]c3ccccc23)CC1)NCc1ccc(F)c(F)c1F
rgfn_drd2,greedy_oracle_static,245,245,293,1,0.815768301486969,CC(C)C(CN1CCNCC1)NCc1ccc(F)c(F)c1F,COc1cccc(C(C)N(Cc2ccc(F)c(F)c2F)C(CN2CCNCC2)C(C)C)c1
rgfn_drd2,greedy_oracle_static,246,246,294,1,0.8003882765769958,CC(C)C(CN1CCNCC1)NCc1ccc(F)c(F)c1F,CC(C)C(CN1CCN(C(CBr)c2cccc(C#N)c2)CC1)NCc1ccc(F)c(F)c1F
rgfn_drd2,greedy_oracle_static,247,247,295,1,0.7862160801887512,CC(C)C(CN1CCNCC1)NCc1ccc(F)c(F)c1F,CC(C)C(CN1CCN(Cc2c[nH]c3ccc(C#N)cc23)CC1)NCc1ccc(F)c(F)c1F
rgfn_drd2,greedy_oracle_static,248,248,296,1,0.7820529937744141,CC(C)C(CN1CCNCC1)NCc1ccc(F)c(F)c1F,CC(C)C(CN1CCN(c2c(C(F)(F)F)nc3ccccc3c2O)CC1)NCc1ccc(F)c(F)c1F
rgfn_drd2,greedy_oracle_static,249,249,297,1,0.7344884872436523,CC(C)C(CN1CCNCC1)NCc1ccc(F)c(F)c1F,CC(C)C(CN1CCN(Cc2cccc(C=O)c2)CC1)NCc1ccc(F)c(F)c1F
rgfn_drd2,greedy_oracle_static,250,250,298,1,0.6698794960975647,CC(C)C(CN1CCNCC1)NCc1ccc(F)c(F)c1F,CC(C)C(CN1CCNCC1)N(Cc1ccc(F)c(F)c1F)C(=O)c1cccc(O)c1N
rgfn_drd2,greedy_oracle_static,251,251,299,1,0.6624674201011658,CC(C)C(CN1CCNCC1)NCc1ccc(F)c(F)c1F,CC(C)C(CN1CCNCC1)N(Cc1ccc(F)c(F)c1F)CC1Cc2ccccc2CN1
rgfn_drd2,greedy_oracle_static,252,252,300,1,0.6597461104393005,CC(C)C(CN1CCNCC1)NCc1ccc(F)c(F)c1F,CC(C)C(CN1CCNCC1)N(Cc1ccc(F)c(F)c1F)C(=O)NCCc1c[nH]c2ccc(O)cc12
rgfn_drd2,greedy_oracle_static,253,253,301,1,0.655144989490509,CC(C)C(CN1CCNCC1)NCc1ccc(F)c(F)c1F,CC(C)C(CN1CCN(C(=O)c2ccc(N)c(O)c2)CC1)NCc1ccc(F)c(F)c1F
rgfn_drd2,greedy_oracle_static,254,254,302,1,0.6309462785720825,CC(C)C(CN1CCNCC1)NCc1ccc(F)c(F)c1F,CC(C)C(CN1CCN(c2ncc3[nH]ccc3n2)CC1)NCc1ccc(F)c(F)c1F
rgfn_drd2,greedy_oracle_static,255,255,303,1,0.6011431217193604,CC(C)C(CN1CCNCC1)NCc1ccc(F)c(F)c1F,CC(C)C(CN1CCNCC1)N(Cc1ccc(F)c(F)c1F)C(=O)Nc1cccc2cc[nH]c12
rgfn_drd2,greedy_oracle_static,256,256,304,1,0.5858955383300781,CC(C)C(CN1CCNCC1)NCc1ccc(F)c(F)c1F,CC(C)C(CN1CCN(C(CCl)c2ccc3c(c2)NC(=O)C3)CC1)NCc1ccc(F)c(F)c1F
rgfn_drd2,greedy_oracle_static,257,257,305,1,0.5591922998428345,CC(C)C(CN1CCNCC1)NCc1ccc(F)c(F)c1F,COc1ccccc1CCNC(=O)N1CCN(CC(NCc2ccc(F)c(F)c2F)C(C)C)CC1
rgfn_drd2,greedy_oracle_static,258,258,306,1,0.5561190247535706,CC(C)C(CN1CCNCC1)NCc1ccc(F)c(F)c1F,CC(C)C(CN1CCN(C(=O)Nc2cccc3cc[nH]c23)CC1)NCc1ccc(F)c(F)c1F
rgfn_drd2,greedy_oracle_static,259,259,307,1,0.5429239273071289,CC(C)C(CN1CCNCC1)NCc1ccc(F)c(F)c1F,CC(C)C(CN1CCNCC1)N(Cc1ccc(F)c(F)c1F)S(=O)(=O)c1cccc(F)c1
rgfn_drd2,greedy_oracle_static,260,260,308,1,0.5284051299095154,CC(C)C(CN1CCNCC1)NCc1ccc(F)c(F)c1F,CC(C)C(CN1CCN(C(=O)C2Cc3ccccc3CN2)CC1)NCc1ccc(F)c(F)c1F
rgfn_drd2,greedy_oracle_static,261,261,312,4,0.9827507138252258,CCC1NC(CN2CC(c3nc4cc(Br)ccc4o3)C2)Cc2ccccc21,CCC1c2ccccc2CC(CN2CC(c3nc4cc(Br)ccc4o3)C2)N1C1CCNC1
rgfn_drd2,greedy_oracle_static,262,262,313,1,0.9602070450782776,CCC1NC(CN2CC(c3nc4cc(Br)ccc4o3)C2)Cc2ccccc21,CCC1NC(CN2CC(c3nc4cc(Cl)ccc4o3)C2)Cc2ccccc21
rgfn_drd2,greedy_oracle_static,263,263,317,4,0.987396776676178,CCCNC(CCCCN)CN(CCC)c1cc(Br)ccc1O,CCCN(CC(CCCCN)N(CCC)Cc1c[nH]c2cc(Br)ccc12)c1cc(Br)ccc1O
rgfn_drd2,greedy_oracle_static,264,264,318,1,0.9725131988525391,CCCNC(CCCCN)CN(CCC)c1cc(Br)ccc1O,CCCN(CC(CCCCN)N(CCC)C(CCl)c1ccc(Br)cc1)c1cc(Br)ccc1O
rgfn_drd2,greedy_oracle_static,265,265,319,1,0.8621228337287903,CCCNC(CCCCN)CN(CCC)c1cc(Br)ccc1O,CCCN(CC(CCCCN)N(CCC)CC(N)Cc1ccc([N+](=O)[O-])cc1)c1cc(Br)ccc1O
rgfn_drd2,greedy_oracle_static,266,266,320,1,0.8068327903747559,CCCNC(CCCCN)CN(CCC)c1cc(Br)ccc1O,CCCNC(CCCCNCc1ccc(F)cc1)CN(CCC)c1cc(Br)ccc1O
rgfn_drd2,greedy_oracle_static,267,267,321,1,0.6791320443153381,CCCNC(CCCCN)CN(CCC)c1cc(Br)ccc1O,CCCNC(CCCCN)CN(CCC)c1cc(Br)ccc1OC(=O)c1ccc(N)c(Br)c1
rgfn_drd2,greedy_oracle_static,268,268,322,1,0.5879738926887512,CCCNC(CCCCN)CN(CCC)c1cc(Br)ccc1O,CCCN(CC(CCCCN)N(CCC)c1cc(N)cc(C#N)c1)c1cc(Br)ccc1O
rgfn_drd2,greedy_oracle_static,269,269,323,1,0.5822582244873047,CCCNC(CCCCN)CN(CCC)c1cc(Br)ccc1O,CCCNC(CCCCN)CN(CCC)c1cc(Nc2cc(Br)cc(C#N)c2)ccc1O
rgfn_drd2,greedy_oracle_static,270,270,324,1,0.5688289999961853,CCCNC(CCCCN)CN(CCC)c1cc(Br)ccc1O,CCCNC(CCCCN)CN(CCC)c1cc(-c2ccc(F)cc2C)ccc1O
rgfn_drd2,greedy_oracle_static,271,271,325,1,0.5573822855949402,CCCNC(CCCCN)CN(CCC)c1cc(Br)ccc1O,CCCNC(CCCCN)CN(CCC)c1cc(NCc2c[nH]c3ccccc23)ccc1O
rgfn_drd2,greedy_oracle_static,272,272,328,3,0.9999992847442627,CCCN(CCCN)Cc1cccc(O)c1,CCCN(CCCNCc1c[nH]c2ccc(F)cc12)Cc1cccc(O)c1
rgfn_drd2,greedy_oracle_static,273,273,329,1,0.9999848008155823,CCCN(CCCN)Cc1cccc(O)c1,CCCN(CCCNCc1ccc(N)c(Br)c1)Cc1cccc(O)c1
rgfn_drd2,greedy_oracle_static,274,274,330,1,0.9949482083320618,CCCN(CCCN)Cc1cccc(O)c1,CCCN(CCCNC(CCl)c1ccc(Br)cc1)Cc1cccc(O)c1
rgfn_drd2,greedy_oracle_static,275,275,331,1,0.9910428524017334,CCCN(CCCN)Cc1cccc(O)c1,CCCN(CCCNCC1Cc2ccccc2CN1)Cc1cccc(O)c1
rgfn_drd2,greedy_oracle_static,276,276,332,1,0.9888681173324585,CCCN(CCCN)Cc1cccc(O)c1,CCCN(CCCNc1ccccc1CCN)Cc1cccc(O)c1
rgfn_drd2,greedy_oracle_static,277,277,333,1,0.9817095994949341,CCCN(CCCN)Cc1cccc(O)c1,CCCN(CCCN)Cc1cccc(OC(=O)c2ccc(N)c(Br)c2)c1
rgfn_drd2,greedy_oracle_static,278,278,334,1,0.9800620675086975,CCCN(CCCN)Cc1cccc(O)c1,CCCN(CCCNc1ccc2c(C=O)c[nH]c2c1)Cc1cccc(O)c1
rgfn_drd2,greedy_oracle_static,279,279,335,1,0.9781875014305115,CCCN(CCCN)Cc1cccc(O)c1,CCCN(CCCN)Cc1cccc(OC(=O)C(N)Cc2c[nH]c3ccccc23)c1
rgfn_drd2,greedy_oracle_static,280,280,336,1,0.9670696258544922,CCCN(CCCN)Cc1cccc(O)c1,CCCN(CCCNCC(N)Cc1c[nH]cn1)Cc1cccc(O)c1
rgfn_drd2,greedy_oracle_static,281,281,337,1,0.9558585286140442,CCCN(CCCN)Cc1cccc(O)c1,CCCN(CCCNc1cc(Br)ccn1)Cc1cccc(O)c1
rgfn_drd2,greedy_oracle_static,282,282,338,1,0.9252749085426331,CCCN(CCCN)Cc1cccc(O)c1,CCCN(CCCN)Cc1cccc(OC(=O)C2Cc3ccccc3CN2)c1
rgfn_drd2,greedy_oracle_static,283,283,339,1,0.9170310497283936,CCCN(CCCN)Cc1cccc(O)c1,CCCN(CCCNc1cc(N)cc(C#N)c1)Cc1cccc(O)c1
rgfn_drd2,greedy_oracle_static,284,284,340,1,0.9054642915725708,CCCN(CCCN)Cc1cccc(O)c1,CCCN(CCCNC(=O)c1cccc(F)c1F)Cc1cccc(O)c1
rgfn_drd2,greedy_oracle_static,285,285,341,1,0.8674629926681519,CCCN(CCCN)Cc1cccc(O)c1,CCCN(CCCNc1ncc2[nH]ccc2n1)Cc1cccc(O)c1
rgfn_drd2,greedy_oracle_static,286,286,342,1,0.7771876454353333,CCCN(CCCN)Cc1cccc(O)c1,CCCN(CCCNS(=O)(=O)c1cccc(F)c1)Cc1cccc(O)c1
rgfn_drd2,greedy_oracle_static,287,287,343,1,0.7550897598266602,CCCN(CCCN)Cc1cccc(O)c1,CCCN(CCCNC(=O)NCCc1c[nH]c2ccccc12)Cc1cccc(O)c1
rgfn_drd2,greedy_oracle_static,288,288,344,1,0.7327308654785156,CCCN(CCCN)Cc1cccc(O)c1,CCCN(CCCNC1CCNC1)Cc1cccc(O)c1
rgfn_drd2,greedy_oracle_static,289,289,345,1,0.6378502249717712,CCCN(CCCN)Cc1cccc(O)c1,CCCN(CCCNc1c(C(F)(F)F)nc2ccccc2c1O)Cc1cccc(O)c1
rgfn_drd2,greedy_oracle_static,290,290,346,1,0.5612451434135437,CCCN(CCCN)Cc1cccc(O)c1,CCCN(CCCNC(=O)Nc1ncc(Br)cc1C)Cc1cccc(O)c1
rgfn_drd2,greedy_oracle_static,291,291,350,4,0.9999991059303284,CCCN1CCN(c2ccc(O)c(NC(C)CCl)c2)CC1,CCCN1CCN(c2ccc(O)c(N(Cc3c[nH]c4cc(Br)ccc34)C(C)CCl)c2)CC1
rgfn_drd2,greedy_oracle_static,292,292,351,1,0.9999974370002747,CCCN1CCN(c2ccc(O)c(NC(C)CCl)c2)CC1,CCCN1CCN(c2ccc(O)c(N(c3ccccc3CCN)C(C)CCl)c2)CC1
rgfn_drd2,greedy_oracle_static,293,293,352,1,0.9971936941146851,CCCN1CCN(c2ccc(O)c(NC(C)CCl)c2)CC1,CCCN1CCN(c2ccc(O)c(N(C(=O)C(N)Cc3c[nH]c4ccccc34)C(C)CCl)c2)CC1
rgfn_drd2,greedy_oracle_static,294,294,353,1,0.9969193339347839,CCCN1CCN(c2ccc(O)c(NC(C)CCl)c2)CC1,CCCN1CCN(c2ccc(O)c(N(C(C)CCl)C(CCl)c3ccc(Cl)c(Cl)c3)c2)CC1
rgfn_drd2,greedy_oracle_static,295,295,354,1,0.9966392517089844,CCCN1CCN(c2ccc(O)c(NC(C)CCl)c2)CC1,CCCN1CCN(c2ccc(O)c(N(CC3Cc4ccccc4CN3)C(C)CCl)c2)CC1
rgfn_drd2,greedy_oracle_static,296,296,355,1,0.9962283372879028,CCCN1CCN(c2ccc(O)c(NC(C)CCl)c2)CC1,CCCN1CCN(c2ccc(OC(=O)c3cccc(F)c3F)c(NC(C)CCl)c2)CC1
rgfn_drd2,greedy_oracle_static,297,297,356,1,0.9950820803642273,CCCN1CCN(c2ccc(O)c(NC(C)CCl)c2)CC1,CCCN1CCN(c2ccc(O)c(N(C(=O)c3cccc(F)c3F)C(C)CCl)c2)CC1
rgfn_drd2,greedy_oracle_static,298,298,357,1,0.9900808930397034,CCCN1CCN(c2ccc(O)c(NC(C)CCl)c2)CC1,CCCN1CCN(c2ccc(O)c(N(c3ccc4[nH]cc(C=O)c4c3)C(C)CCl)c2)CC1
rgfn_drd2,greedy_oracle_static,299,299,358,1,0.987911581993103,CCCN1CCN(c2ccc(O)c(NC(C)CCl)c2)CC1,CCCN1CCN(c2ccc(O)c(N(CC(N)Cc3cccs3)C(C)CCl)c2)CC1
rgfn_drd2,greedy_oracle_static,300,300,359,1,0.9862539172172546,CCCN1CCN(c2ccc(O)c(NC(C)CCl)c2)CC1,CCCN1CCN(c2ccc(O)c(N(C(C)CCl)S(=O)(=O)c3cccc(F)c3)c2)CC1
