tag,arm,step,cum_modes,cum_reactions,reactions_added,reward,source_hub,smiles
scent_seh,best_candidate,1,1,4,4,8.403778076171875,c1nc(-c2ccc(NCc3ccc4oc(C5CNC5)nc4c3)cc2)c[nH]1,c1cc2oc(C3CNC3)nc2cc1CNc1ccc(-c2cn(CC3CC3)cn2)cc1
scent_seh,best_candidate,2,2,8,4,8.377166748046875,NCc1cn(Cc2ccc(-c3nc4ccc(C(=O)NC5CC5)cc4o3)cc2)c2ccccc12,O=C(NC1CC1)c1ccc2nc(-c3ccc(Cn4cc(CNC(=O)C5CNC5)c5ccccc54)cc3)oc2c1
scent_seh,best_candidate,3,3,12,4,8.366395950317383,O=C(O)c1ccc2nc(C3CNC3)[nH]c2c1,c1cc2nc(C3CNC3)[nH]c2cc1CNc1ccc(-c2cn(CC3CC3)nn2)cc1
scent_seh,best_candidate,4,4,16,4,8.363300323486328,c1nc(-c2ccc(NCc3ccc4[nH]c(C5CNC5)nc4c3)nc2)c[nH]1,c1cc2[nH]c(C3CNC3)nc2cc1CNc1ccc(-c2cn(CC3CC3)cn2)cn1
scent_seh,best_candidate,5,5,20,4,8.35849666595459,C#Cc1cc(NCc2ccc3[nH]c(C4CNC4)nc3c2)[nH]n1,c1cc2[nH]c(C3CNC3)nc2cc1CNc1cc(-c2cn(CC3CC3)nn2)n[nH]1
scent_seh,best_candidate,6,6,24,4,8.351493835449219,O=C(Nc1ccc(Br)cc1)C1CNC1,O=C(Nc1ccc(NCc2cn(Cc3ccc(-c4nnn(CC5CC5)n4)cc3)c3ccccc23)cc1)C1CNC1
scent_seh,best_candidate,7,7,28,4,8.342899322509766,O=C(O)c1ccc2oc(-c3cccc(C(=O)NC4CC4)c3)nc2c1,O=C(NCc1cn(CC2CC2)c2ccccc12)c1ccc2oc(-c3cccc(C(=O)NC4CC4)c3)nc2c1
scent_seh,best_candidate,8,8,32,4,8.340373992919922,NCc1cn(CC2CC2)c2ccccc12,O=C(NC1CC1)c1ccc(CNc2ccc(NCc3cn(CC4CC4)c4ccccc34)cc2)cc1
scent_seh,best_candidate,9,9,36,4,8.328975677490234,O=C(O)c1ccc2nc(C3CNC3)oc2c1,O=C(Nc1ccc(NCc2cn(CC3CC3)c3ccccc23)cc1)c1ccc2nc(C3CNC3)oc2c1
scent_seh,best_candidate,10,10,38,2,8.327659606933594,c1ccc2c(CNc3ccc(-c4cn(CC5CC5)nn4)cc3)c[nH]c2c1,c1ccc2c(c1)c(CNc1ccc(-c3cn(CC4CC4)nn3)cc1)cn2CC1CC1
scent_seh,best_candidate,11,11,42,4,8.312286376953125,O=C(NC1CC1)c1ccc(CNc2ccc(-c3c[nH]cn3)cc2)cc1,O=C(NC1CC1)c1ccc(CNc2ccc(-c3cn(CC4CC4)cn3)cc2)cc1
scent_seh,best_candidate,12,12,46,4,8.308737754821777,OB(O)c1cccc(NCc2ccc(-c3nnn(CC4CC4)n3)nc2)c1,O=C(Nc1cc(-c2cccc(NCc3ccc(-c4nnn(CC5CC5)n4)nc3)c2)n[nH]1)C1CNC1
scent_seh,best_candidate,13,13,48,2,8.304656982421875,O=Cc1ccc(C2=NCCc3ccccc32)cc1,c1ccc2c(c1)CCN=C2c1ccc(CNc2ccc(-c3cn(CC4CC4)nn3)cc2)cc1
scent_seh,best_candidate,14,14,52,4,8.303597450256348,N#Cc1ccc(CNc2ccc(-c3cn(CC4CC4)nn3)cc2)cn1,c1cc(-c2nnn(CC3CC3)n2)ncc1CNc1ccc(-c2cn(CC3CC3)nn2)cc1
scent_seh,best_candidate,15,15,55,3,8.303201675415039,BrCc1ccc(-c2nnn(CC3CC3)n2)cc1,O=C(Nc1cc(-c2ccc3c(ccn3Cc3ccc(-c4nnn(CC5CC5)n4)cc3)c2)n[nH]1)C1CNC1
scent_seh,best_candidate,16,16,58,3,8.298055648803711,O=C(Nc1cc(Br)n[nH]1)C1CNC1,O=C(Nc1cc(-c2cccc(NCc3ccc4oc(C5CNC5)nc4c3)c2)n[nH]1)C1CNC1
scent_seh,best_candidate,17,17,62,4,8.282533645629883,OB(O)c1ccc2c(ccn2CC2CC2)c1,c1cc(-c2nnn(CC3CC3)n2)ncc1CNc1cc(-c2ccc3c(ccn3CC3CC3)c2)n[nH]1
scent_seh,best_candidate,18,18,66,4,8.275936126708984,,O=C(NCc1cn(CC2CC2)c2ccccc12)c1cccc(-c2cncc(-c3nnn(CC4CC4)n3)c2)c1
scent_seh,best_candidate,19,19,70,4,8.275179862976074,N#Cc1cncc(-c2cccc(NCc3ccc4oc(C5CNC5)nc4c3)c2)c1,c1cc(NCc2ccc3oc(C4CNC4)nc3c2)cc(-c2cncc(-c3nnn(CC4CC4)n3)c2)c1
scent_seh,best_candidate,20,20,74,4,8.272676467895508,Brc1ccc2nc(C3CNC3)[nH]c2c1,c1ccc2c(c1)c(CNc1ccc(-c3ccc4nc(C5CNC5)[nH]c4c3)cc1)cn2CC1CC1
scent_seh,best_candidate,21,21,78,4,8.2646484375,O=C(NCCc1cn(CC2CC2)c2ccccc12)c1cccc(B(O)O)c1,O=C(NCCc1cn(CC2CC2)c2ccccc12)c1cccc(-c2ccc3oc(C4CNC4)nc3c2)c1
scent_seh,best_candidate,22,22,81,3,8.260461807250977,O=C(O)c1ccc2nc(C3CNC3)[nH]c2c1,c1cc(-c2cc(NCc3ccc4nc(C5CNC5)[nH]c4c3)[nH]n2)cc(-c2nnn(CC3CC3)n2)c1
scent_seh,best_candidate,23,23,85,4,8.258442878723145,O=C(O)c1ccc(-c2nnn(CC3CC3)n2)nc1,O=C(NCc1cn(Cc2ccc(C(=O)NC3CC3)cc2)c2ccccc12)c1ccc(-c2nnn(CC3CC3)n2)nc1
scent_seh,best_candidate,24,24,87,2,8.257254600524902,OB(O)c1ccc(NCc2ccc3oc(C4CNC4)nc3c2)cc1,c1ccc2c(c1)CNC(CNc1cc(-c3ccc(NCc4ccc5oc(C6CNC6)nc5c4)cc3)n[nH]1)C2
scent_seh,best_candidate,25,25,90,3,8.256061553955078,O=C(Nc1cc(Br)n[nH]1)C1CNC1,O=C(Nc1cc(-c2ccc(NCc3ccc(C4Nc5ccccc5-n5cccc54)cc3)cc2)n[nH]1)C1CNC1
scent_seh,best_candidate,26,26,94,4,8.252752304077148,OB(O)c1cccc(NCc2ccc3[nH]c(C4CNC4)nc3c2)c1,c1cc(NCc2ccc3[nH]c(C4CNC4)nc3c2)cc(-c2ccc3oc(C4CNC4)nc3c2)c1
scent_seh,best_candidate,27,27,97,3,8.248421669006348,,O=C(Nc1cc(-c2ccc(NCc3c[nH]c4ccc(-c5nnn(CC6CC6)n5)cc34)cc2)n[nH]1)C1CNC1
scent_seh,best_candidate,28,28,100,3,8.246877670288086,O=C(O)c1ccc2nc(C3CNC3)[nH]c2c1,O=C(NCCc1cn(Cc2ccc(-c3nnn(CC4CC4)n3)cc2)c2ccccc12)c1ccc2nc(C3CNC3)[nH]c2c1
scent_seh,best_candidate,29,29,104,4,8.246101379394531,OB(O)c1cccc(-c2nnn(CC3CC3)n2)c1,c1cc(CNc2ccc(-c3cccc(-c4nnn(CC5CC5)n4)c3)cc2)cc(C2=NCCc3ccccc32)c1
scent_seh,best_candidate,30,30,108,4,8.246091842651367,Brc1cn(CC2CC2)cn1,c1cc(NCc2cccc3oc(C4CNC4)nc23)cc(-c2cn(CC3CC3)cn2)c1
scent_seh,best_candidate,31,31,112,4,8.245773315429688,Nc1ccc(C(=O)NC2CC2)cc1O,O=C(NC1CC1)c1ccc(CNC2(c3nc4ccc(C(=O)NC5CC5)cc4o3)CCC2)cc1
scent_seh,best_candidate,32,32,115,3,8.243902206420898,O=C(O)c1ccc(-c2nnn(CC3CC3)n2)nc1,c1cc(NCC2Cc3ccccc3CN2)cc(-c2ccc(NCc3ccc(-c4nnn(CC5CC5)n4)nc3)cc2)c1
scent_seh,best_candidate,33,33,117,2,8.243233680725098,,O=C(NC1CC1)c1cccc(CNc2ccc(-c3cn(CC4CC4)nn3)cc2)c1
scent_seh,best_candidate,34,34,121,4,8.237668991088867,,c1cc2nc(C3CNC3)oc2cc1CNc1ccc2oc(C3CNC3)nc2c1
scent_seh,best_candidate,35,35,125,4,8.236039161682129,O=C(NCc1c[nH]c2ccccc12)C1CCN1,O=C(NCc1cn(Cc2ccc(-c3nc4cc(-c5nnn(CC6CC6)n5)ccc4o3)cc2)c2ccccc12)C1CCN1
scent_seh,best_candidate,36,36,129,4,8.234329223632812,OB(O)c1ccc(CNCc2cn(CC3CC3)c3ccccc23)cc1,O=C(Nc1ccc(-c2ccc(CNCc3cn(CC4CC4)c4ccccc34)cc2)cc1)C1CCN1
scent_seh,best_candidate,37,37,132,3,8.233972549438477,O=C(O)c1ccc(-c2nc3ccc(C4=NCCc5ccccc54)cc3o2)cc1,O=C(NCc1cn(CC2CC2)c2ccccc12)c1ccc(-c2nc3ccc(C4=NCCc5ccccc54)cc3o2)cc1
scent_seh,best_candidate,38,38,135,3,8.228988647460938,O=C(O)c1ccc2nc(C3CNC3)[nH]c2c1,O=C(Nc1cccc(-c2cn(CC3CC3)cn2)c1)c1ccc2nc(C3CNC3)[nH]c2c1
scent_seh,best_candidate,39,39,138,3,8.223793029785156,OB(O)c1ccc(NCc2ccc3[nH]c(C4Cc5ccccc5CN4)nc3c2)cc1,O=C(Nc1cc(-c2ccc(NCc3ccc4[nH]c(C5Cc6ccccc6CN5)nc4c3)cc2)n[nH]1)C1CNC1
scent_seh,best_candidate,40,40,142,4,8.221185684204102,OB(O)c1cccc(NCC2CCN2)c1,c1cc(NCC2CCN2)cc(-c2ccnc(NCc3cn(CC4CC4)c4ccccc34)c2)c1
scent_seh,best_candidate,41,41,145,3,8.21731185913086,OB(O)c1ccc(Nc2ccc(-c3nnn(CC4CC4)n3)cc2)cc1,c1ccc2c(c1)CNC(CNc1cc(-c3ccc(Nc4ccc(-c5nnn(CC6CC6)n5)cc4)cc3)n[nH]1)C2
scent_seh,best_candidate,42,42,149,4,8.215570449829102,O=C(O)c1ccc(-c2nnn(CC3CC3)n2)nc1,O=C(NCc1nc2cc(-c3nnn(CC4CC4)n3)ccc2o1)c1ccc(-c2nnn(CC3CC3)n2)nc1
scent_seh,best_candidate,43,43,152,3,8.215529441833496,OB(O)c1cccc(-c2nnn(CC3CC3)n2)c1,c1cc(-c2ccc(NCc3nc4ccccc4n3CC3CC3)cc2)cc(-c2nnn(CC3CC3)n2)c1
scent_seh,best_candidate,44,44,156,4,8.214948654174805,c1cc(NCCc2c[nH]c3ccccc23)nc(-c2nc3cc(-c4nnn(CC5CC5)n4)ccc3o2)c1,c1cc(NCCc2cn(CC3CC3)c3ccccc23)nc(-c2nc3cc(-c4nnn(CC5CC5)n4)ccc3o2)c1
scent_seh,best_candidate,45,45,160,4,8.214920043945312,Nc1cc(CNc2ccc(-c3cn(CC4CC4)nn3)cc2)ccc1O,c1ccc2c(c1)CNC(c1nc3cc(CNc4ccc(-c5cn(CC6CC6)nn5)cc4)ccc3o1)C2
scent_seh,best_candidate,46,46,164,4,8.211917877197266,BrCc1ccc(-c2nnnn2Cc2ccc(-c3nc4cc(-c5nnn(CC6CC6)n5)ccc4o3)cc2)cc1,c1cc(-c2nnnn2Cc2ccc(-c3nc4cc(-c5nnn(CC6CC6)n5)ccc4o3)cc2)ccc1COC1CN2CCC1CC2
scent_seh,best_candidate,47,47,168,4,8.21096420288086,Ic1cn(CC2CC2)cn1,c1cc(-c2nnnn2CC2CC2)ncc1CNc1ccc(-c2cn(CC3CC3)cn2)cc1
scent_seh,best_candidate,48,48,171,3,8.209450721740723,OB(O)c1ccc(NCc2ccc3nc(-c4ccccc4)oc3c2)cc1,O=C(Nc1cc(-c2ccc(NCc3ccc4nc(-c5ccccc5)oc4c3)cc2)n[nH]1)C1CNC1
scent_seh,best_candidate,49,49,175,4,8.208141326904297,c1cc(NCc2ccc3nc(C4CCN4)[nH]c3c2)cc(-c2c[nH]cn2)c1,c1cc(NCc2ccc3nc(C4CCN4)[nH]c3c2)cc(-c2cn(CC3CC3)cn2)c1
scent_seh,best_candidate,50,50,179,4,8.204991340637207,Nc1cc(CNc2ccc(NCc3cn(CC4CC4)c4ccccc34)cc2)ccc1O,c1ccc2c(c1)c(CNc1ccc(NCc3ccc4oc(C5CCN5)nc4c3)cc1)cn2CC1CC1
scent_seh,best_candidate,51,51,183,4,8.204207420349121,O=Cc1cccc(C2=NCCc3ccccc32)c1,c1cc(CNc2cc(-c3cn(CC4CC4)nn3)n[nH]2)cc(C2=NCCc3ccccc32)c1
scent_seh,best_candidate,52,52,186,3,8.202393531799316,O=C(NCc1c[nH]c2ccccc12)c1cccc(CNc2ccc(B(O)O)cc2)c1,O=C(NCc1c[nH]c2ccccc12)c1cccc(CNc2ccc(-c3cc(NC(=O)C4CNC4)[nH]n3)cc2)c1
scent_seh,best_candidate,53,53,190,4,8.200393676757812,O=C(O)c1cccc(-c2cc(NCC3Cc4ccccc4CN3)[nH]n2)c1,O=C(NCc1cn(CC2CC2)c2ccccc12)c1cccc(-c2cc(NCC3Cc4ccccc4CN3)[nH]n2)c1
scent_seh,best_candidate,54,54,194,4,8.200178146362305,NCCc1cn(CC2CC2)c2ccccc12,c1ccc2c(c1)c(CCNCc1ccc(-c3cn(CC4CC4)cn3)cc1)cn2CC1CC1
scent_seh,best_candidate,55,55,198,4,8.199974060058594,O=C(O)c1cccc2oc(C3CNC3)nc12,O=C(Nc1cc(-c2cccc(NCC3Cc4ccccc4CN3)c2)n[nH]1)c1cccc2oc(C3CNC3)nc12
scent_seh,best_candidate,56,56,201,3,8.199167251586914,OB(O)c1cccc(NCc2ccc(C3=NCCc4ccccc43)cc2)c1,O=C(Nc1cc(-c2cccc(NCc3ccc(C4=NCCc5ccccc54)cc3)c2)n[nH]1)C1CNC1
scent_seh,best_candidate,57,57,203,2,8.198641777038574,O=C(NCc1c[nH]c2ccccc12)Nc1cccc(-c2cn(CC3CC3)cn2)c1,O=C(NCc1cn(CC2CC2)c2ccccc12)Nc1cccc(-c2cn(CC3CC3)cn2)c1
scent_seh,best_candidate,58,58,206,3,8.197124481201172,O=C(NCc1cn(CC2CC2)c2ccccc12)C1CC(O)CN1,O=C(NCc1cn(CC2CC2)c2ccccc12)C1CC(OCc2ccc(-c3nnn(CC4CC4)n3)cc2)CN1
scent_seh,best_candidate,59,59,209,3,8.195442199707031,O=C(Nc1nc2ccccc2[nH]1)C1CCN1,O=C(Nc1nc2ccccc2n1Cc1ccc(-c2nnn(CC3CC3)n2)cc1)C1CCN1
scent_seh,best_candidate,60,60,213,4,8.194599151611328,O=C(NC1CC1)c1ccc(CNc2ccc(Br)cc2)cc1,O=C(NC1CC1)c1ccc(CNc2ccc(-c3ccc(CNC45CC(C4)C5)cc3)cc2)cc1
scent_seh,best_candidate,61,61,215,2,8.19343090057373,O=C(Nc1ccnc2ccccc12)C1CCNCC1,O=C(Nc1ccnc2ccccc12)C1CCN(Cc2ccc(-c3cn(CC4CC4)cn3)cc2)CC1
scent_seh,best_candidate,62,62,219,4,8.192401885986328,NCc1cn(CC2CC2)c2ccccc12,O=C(NCc1cn(CC2CC2)c2ccccc12)C1CCCN(C(=O)NCc2cn(CC3CC3)c3ccccc23)C1
scent_seh,best_candidate,63,63,222,3,8.192103385925293,Nc1cccc(-c2cccc3nc(-c4cccc(C(=O)NC5CC5)c4)oc23)c1,O=C(NC1CC1)c1cccc(-c2nc3cccc(-c4cccc(NCC5Cc6ccccc6CN5)c4)c3o2)c1
scent_seh,best_candidate,64,64,224,2,8.191062927246094,O=C(NC1CC1)c1ccc(CNc2cccc(B(O)O)c2)cc1,O=C(NC1CC1)c1ccc(CNc2cccc(-c3cc(NCC4Cc5ccccc5CN4)[nH]n3)c2)cc1
scent_seh,best_candidate,65,65,228,4,8.19051742553711,O=C(NCc1c[nH]c2ccccc12)c1ccc(Cn2cc(CNC(=O)C3CNC3)c3ccccc32)cc1,O=C(NCc1cn(CC2CC2)c2ccccc12)c1ccc(Cn2cc(CNC(=O)C3CNC3)c3ccccc32)cc1
scent_seh,best_candidate,66,66,231,3,8.189647674560547,O=C(O)c1ccc2nc(C3CNC3)oc2c1,c1cc(NCC2CNC2)cc(-c2cc(NCc3ccc4nc(C5CNC5)oc4c3)[nH]n2)c1
scent_seh,best_candidate,67,67,235,4,8.18745231628418,OB(O)c1cccc(NCc2ccc3nc(C4CNC4)[nH]c3c2)c1,O=C(Nc1cc(-c2cccc(NCc3ccc4nc(C5CNC5)[nH]c4c3)c2)n[nH]1)C1Cc2ccccc2CN1
scent_seh,best_candidate,68,68,238,3,8.185819625854492,BrCc1ccc(-c2nnn(CC3CC3)n2)cc1,O=C(Nc1cccc2ccn(Cc3ccc(-c4nnn(CC5CC5)n4)cc3)c12)c1ccc2nc(C3CNC3)oc2c1
scent_seh,best_candidate,69,69,241,3,8.185070037841797,O=Cc1cccc(C2=NCCc3ccccc32)c1,c1cc(CNc2ccc(-c3cc(NCC4Cc5ccccc5CN4)[nH]n3)cn2)cc(C2=NCCc3ccccc32)c1
scent_seh,best_candidate,70,70,244,3,8.184792518615723,CC(N)c1nc2ccc(C(=O)NC3CC3)cc2o1,CC(NCc1ccc(-c2nnn(CC3CC3)n2)nc1)c1nc2ccc(C(=O)NC3CC3)cc2o1
scent_seh,best_candidate,71,71,248,4,8.184294700622559,NCc1cn(CC2CC2)c2ccccc12,c1ccc2c(c1)c(CNCc1ccc(-c3nc4ccc(-c5nnn(CC6CC6)n5)cc4[nH]3)cc1)cn2CC1CC1
scent_seh,best_candidate,72,72,251,3,8.183576583862305,O=C(O)c1ccc2nc(C3Cc4ccccc4CN3)oc2c1,O=C(NCc1cn(Cc2ccc(-c3nnn(CC4CC4)n3)cc2)c2ccccc12)c1ccc2nc(C3Cc4ccccc4CN3)oc2c1
scent_seh,best_candidate,73,73,255,4,8.178525924682617,Nc1ccc(-c2cccc(C3=NCCc4ccccc43)c2)cc1,c1cc(C2=NCCc3ccccc32)cc(-c2ccc(NCc3ccc4oc(C5CNC5)nc4c3)cc2)c1
scent_seh,best_candidate,74,74,259,4,8.178279876708984,,c1cc(CNc2cccc(-c3ccc4[nH]c(C5CNC5)nc4c3)c2)cc(C2=NCCc3ccccc32)c1
scent_seh,best_candidate,75,75,262,3,8.176576614379883,O=C(O)c1ccc2nc(-c3cncc(NC45CC(C4)C5)c3)oc2c1,O=C(NCc1cn(CC2CC2)c2ccccc12)c1ccc2nc(-c3cncc(NC45CC(C4)C5)c3)oc2c1
scent_seh,best_candidate,76,76,266,4,8.175016403198242,,O=C(Nc1ccc(-c2ccc3c(ccn3Cc3cccc(-c4nnn(CC5CC5)n4)c3)c2)cc1)C1CCN1
scent_seh,best_candidate,77,77,270,4,8.174792289733887,NCc1cn(CC2CC2)c2ccccc12,c1ccc2c(c1)c(CNCc1ccc3oc(-c4ccc(-c5nnn(CC6CC6)n5)nc4)nc3c1)cn2CC1CC1
scent_seh,best_candidate,78,78,273,3,8.17251968383789,,c1cc(NCc2c[nH]c3ccc(-c4nnn(CC5CC5)n4)cc23)cc(-c2ccc3[nH]c(C4CNC4)nc3c2)c1
scent_seh,best_candidate,79,79,277,4,8.172243118286133,Nc1c(O)cccc1CNc1ccc(-c2cn(CC3CC3)nn2)cc1,c1cc(CNc2ccc(-c3cn(CC4CC4)nn3)cc2)c2nc(C3CCN3)oc2c1
scent_seh,best_candidate,80,80,279,2,8.167381286621094,O=C(NC1CC1)c1cccc(-c2nc3cccc(Br)c3[nH]2)c1,O=C(NC1CC1)c1cccc(-c2nc3cccc(-c4ccc(CNC56CC(C5)C6)cc4)c3[nH]2)c1
scent_seh,best_candidate,81,81,282,3,8.167357444763184,OB(O)c1cccc(-c2nnn(CC3CC3)n2)c1,O=C(Nc1cc(-c2cccc(-c3nnn(CC4CC4)n3)c2)n[nH]1)c1cccc2oc(C3Cc4ccccc4CN3)nc12
scent_seh,best_candidate,82,82,286,4,8.167160987854004,O=C(Nc1ccc(-c2cn(CC3CC3)nn2)cc1)Nc1cccc2cc[nH]c12,O=C(Nc1ccc(-c2cn(CC3CC3)nn2)cc1)Nc1cccc2ccn(CC3CC3)c12
scent_seh,best_candidate,83,83,290,4,8.166131973266602,,O=C(Nc1cc(-c2cccc(NCc3cn(CC4CC4)c4ccccc34)c2)n[nH]1)C1CCN1
scent_seh,best_candidate,84,84,294,4,8.164970397949219,O=C(Nc1ccc(-c2ccnc(NCCc3c[nH]c4ccccc34)c2)cc1)C1CNC1,O=C(Nc1ccc(-c2ccnc(NCCc3cn(CC4CC4)c4ccccc34)c2)cc1)C1CNC1
scent_seh,best_candidate,85,85,298,4,8.162358283996582,N#Cc1ccc2oc(-c3cccc(-c4cn(CC5CC5)nn4)c3)nc2c1,c1cc(-c2cn(CC3CC3)nn2)cc(-c2nc3cc(-c4nnn(CC5CC5)n4)ccc3o2)c1
scent_seh,best_candidate,86,86,302,4,8.161325454711914,c1cc(-c2c[nH]cn2)cc(-c2nc3ccc(-c4nnn(CC5CC5)n4)cc3[nH]2)c1,c1cc(-c2cn(CC3CC3)cn2)cc(-c2nc3ccc(-c4nnn(CC5CC5)n4)cc3[nH]2)c1
scent_seh,best_candidate,87,87,306,4,8.160168647766113,Nc1cccc2ccn(CC3CC3)c12,O=C(Nc1cccc2ccn(CC3CC3)c12)c1ccc(-c2nc3ccc(C(=O)NC4CC4)cc3o2)cc1
scent_seh,best_candidate,88,88,309,3,8.159614562988281,O=C(O)C1CCCN1Cc1ccc2oc(C3CNC3)nc2c1,O=C(NCc1cn(CC2CC2)c2ccccc12)C1CCCN1Cc1ccc2oc(C3CNC3)nc2c1
scent_seh,best_candidate,89,89,311,2,8.159355163574219,O=C(NC1CC1)c1ccc2nc(-c3ccc(Cn4nnc(-c5cccc(CBr)c5)n4)cc3)oc2c1,O=C(NC1CC1)c1ccc2nc(-c3ccc(Cn4nnc(-c5cccc(COC6CN7CCC6CC7)c5)n4)cc3)oc2c1
scent_seh,best_candidate,90,90,315,4,8.159199714660645,Nc1cc(-c2cccc(NCc3ccc4nc(C5CCCN5)oc4c3)c2)n[nH]1,O=C(Nc1cc(-c2cccc(NCc3ccc4nc(C5CCCN5)oc4c3)c2)n[nH]1)NC1CC1
scent_seh,best_candidate,91,91,317,2,8.159151077270508,NCCc1cn(CC2CC2)c2ccccc12,O=C(NCCc1cn(CC2CC2)c2ccccc12)C1(NCc2ccc(-c3nnn(CC4CC4)n3)nc2)CCC1
scent_seh,best_candidate,92,92,321,4,8.157022476196289,O=Cc1ccc(-c2nc3cc(-c4nnn(CC5CC5)n4)ccc3o2)cc1,O=C(NC1CC1)C1(NCc2ccc(-c3nc4cc(-c5nnn(CC6CC6)n5)ccc4o3)cc2)CCC1
scent_seh,best_candidate,93,93,324,3,8.15623950958252,c1ccc2c(NCc3ccc(-c4nnn(CC5CC5)n4)nc3)ccnc2c1,c1ccc2c(N(Cc3ccc(-c4nnn(CC5CC5)n4)nc3)Cc3ccc4nc(C5CNC5)oc4c3)ccnc2c1
scent_seh,best_candidate,94,94,328,4,8.154243469238281,C#CCNC(=O)c1cccc(-c2nc3ccc(C(=O)NC4CC4)cc3o2)c1,O=C(NCc1cn(CC2CC2)nn1)c1cccc(-c2nc3ccc(C(=O)NC4CC4)cc3o2)c1
scent_seh,best_candidate,95,95,331,3,8.151018142700195,O=Cc1c[nH]c2cc(-c3cccc(-c4nnn(CC5CC5)n4)c3)ccc12,O=C(NC1CC1)C1(NCc2c[nH]c3cc(-c4cccc(-c5nnn(CC6CC6)n5)c4)ccc23)CCC1
scent_seh,best_candidate,96,96,334,3,8.149480819702148,OB(O)c1cccc(NCc2ccc3oc(C4CCCN4)nc3c2)c1,O=C(Nc1ccc(-c2cccc(NCc3ccc4oc(C5CCCN5)nc4c3)c2)cc1)C1CCN1
scent_seh,best_candidate,97,97,336,2,8.148642539978027,OB(O)c1cccc(NCc2ccc3nc(C4CNC4)[nH]c3c2)c1,c1cc(NCc2ccc3nc(C4CNC4)[nH]c3c2)cc(-c2ccc(NCC3CCN3)cc2)c1
scent_seh,best_candidate,98,98,339,3,8.148571968078613,c1cc(-c2nnn(CC3CC3)n2)ccc1COCC1CCCN1,c1cc(-c2nnn(CC3CC3)n2)ccc1COCC1CCCN1Cc1ccc2oc(C3CNC3)nc2c1
scent_seh,best_candidate,99,99,343,4,8.147769927978516,OB(O)c1ccc(NCC2Cc3ccccc3CN2)cc1,O=C(Nc1cc(-c2ccc(NCC3Cc4ccccc4CN3)cc2)n[nH]1)c1ccc(CNc2ccnc3ccccc23)cc1
scent_seh,best_candidate,100,100,346,3,8.147680282592773,O=C(NCCc1c[nH]c2ccccc12)c1cccc(-c2cc(C3NCCc4ccccc43)ccn2)c1,O=C(NCCc1cn(CC2CC2)c2ccccc12)c1cccc(-c2cc(C3NCCc4ccccc43)ccn2)c1
scent_seh,best_candidate,101,101,350,4,8.146588325500488,Nc1ccc(CNc2ccc(-c3cccc(-c4nnn(CC5CC5)n4)c3)cc2)cc1O,c1cc(-c2ccc(NCc3ccc4nc(C5Cc6ccccc6CN5)oc4c3)cc2)cc(-c2nnn(CC3CC3)n2)c1
scent_seh,best_candidate,102,102,353,3,8.1458158493042,Ic1cn(CC2CC2)cn1,c1cc(NCc2ccc(-c3cn(CC4CC4)cn3)cc2)c2c(c1)ccn2CC1CC1
scent_seh,best_candidate,103,103,356,3,8.144866943359375,NC(c1ccccc1)c1nc2ccc(C(=O)Nc3cccc(B(O)O)c3)cc2o1,NC(c1ccccc1)c1nc2ccc(C(=O)Nc3cccc(-c4cc(NC(=O)C5CNC5)[nH]n4)c3)cc2o1
scent_seh,best_candidate,104,104,358,2,8.144153594970703,c1cc(-c2cn(CC3CC3)nn2)ccc1NC1CCNCC1,O=C(NCc1c[nH]c2ccccc12)N1CCC(Nc2ccc(-c3cn(CC4CC4)nn3)cc2)CC1
scent_seh,best_candidate,105,105,361,3,8.142906188964844,,O=C(Nc1cc(NCCc2cn(Cc3cccc(-c4nnn(CC5CC5)n4)c3)c3ccccc23)n[nH]1)C1CNC1
scent_seh,best_candidate,106,106,365,4,8.141284942626953,O=C(NCc1c[nH]c2ccccc12)c1ccc2[nH]c(-c3ccnc(NC45CC(C4)C5)c3)nc2c1,O=C(NCc1cn(CC2CC2)c2ccccc12)c1ccc2[nH]c(-c3ccnc(NC45CC(C4)C5)c3)nc2c1
scent_seh,best_candidate,107,107,368,3,8.139970779418945,OB(O)c1cccc(NCc2ccc(-c3nnnn3CC3CC3)nc2)c1,c1cc(NCc2ccc(-c3nnnn3CC3CC3)nc2)cc(-c2ccc3[nH]c(C4CNC4)nc3c2)c1
scent_seh,best_candidate,108,108,372,4,8.13665771484375,O=Cc1ccc(C(=O)NC2CC2)cc1,O=C(NC1CC1)c1ccc(CNc2cc(-c3nnn(CC4CC4)n3)n[nH]2)cc1
scent_seh,best_candidate,109,109,373,1,8.134309768676758,O=C(O)c1ccc2nc(C3Cc4ccccc4CN3)oc2c1,O=C(Nc1cc(-c2cccc(NCC3CNC3)c2)n[nH]1)c1ccc2nc(C3Cc4ccccc4CN3)oc2c1
scent_seh,best_candidate,110,110,377,4,8.133973121643066,c1cc(-c2ccnc(Nc3cccc4cc[nH]c34)c2)cc(-c2nnn(CC3CC3)n2)c1,c1cc(-c2ccnc(Nc3cccc4ccn(CC5CC5)c34)c2)cc(-c2nnn(CC3CC3)n2)c1
scent_seh,best_candidate,111,111,380,3,8.13247013092041,O=C(NC1CC1)c1cccc(Nc2cccc(B(O)O)c2)n1,O=C(NC1CC1)c1cccc(Nc2cccc(-c3cc(NC(=O)C4CNC4)[nH]n3)c2)n1
scent_seh,best_candidate,112,112,383,3,8.132434844970703,CC(Nc1cccc2ccn(CC3CC3)c12)c1cccc(B(O)O)c1,CC(Nc1cccc2ccn(CC3CC3)c12)c1cccc(-c2cc(NC(=O)C3CNC3)[nH]n2)c1
scent_seh,best_candidate,113,113,386,3,8.13224983215332,OB(O)c1cccc(-c2nnnn2Cc2ccc(-c3nnn(CC4CC4)n3)cc2)c1,O=C(Nc1cc(-c2cccc(-c3nnnn3Cc3ccc(-c4nnn(CC5CC5)n4)cc3)c2)n[nH]1)C1Cc2ccccc2CN1
scent_seh,best_candidate,114,114,389,3,8.132085800170898,O=C(Nc1cccc2ccn(CC3CC3)c12)C1CCNCC1,O=C(Nc1cccc2ccn(CC3CC3)c12)C1CCN(Cc2ccc(-c3nnn(CC4CC4)n3)nc2)CC1
scent_seh,best_candidate,115,115,392,3,8.13131332397461,OB(O)c1ccc(NCc2nc3ccccc3n2CC2CC2)cc1,O=C(Nc1cc(-c2ccc(NCc3nc4ccccc4n3CC3CC3)cc2)n[nH]1)C1CNC1
scent_seh,best_candidate,116,116,396,4,8.131271362304688,Nc1ccc(C(=O)Nc2cc(-c3ccc4c(ccn4CC4CC4)c3)n[nH]2)cc1N,O=C(Nc1cc(-c2ccc3c(ccn3CC3CC3)c2)n[nH]1)c1ccc2nc(C3CNC3)[nH]c2c1
scent_seh,best_candidate,117,117,400,4,8.130746841430664,O=C(NCc1c[nH]c2ccccc12)Nc1cc(-c2ccc(NCC3CNC3)cc2)n[nH]1,O=C(NCc1cn(CC2CC2)c2ccccc12)Nc1cc(-c2ccc(NCC3CNC3)cc2)n[nH]1
scent_seh,best_candidate,118,118,404,4,8.12923812866211,Nc1ccc(-c2nc3cc(-c4ccc(CNC56CC(C5)C6)cc4)ccc3o2)cc1N,c1cc(-c2ccc3oc(-c4ccc5nc(C6CNC6)[nH]c5c4)nc3c2)ccc1CNC12CC(C1)C2
scent_seh,best_candidate,119,119,407,3,8.12883472442627,O=C(NCc1ccccc1)c1ccc(Cn2nnc(-c3cccc(B(O)O)c3)n2)cc1,O=C(NCc1ccccc1)c1ccc(Cn2nnc(-c3cccc(-c4cc(NC(=O)C5CNC5)[nH]n4)c3)n2)cc1
scent_seh,best_candidate,120,120,410,3,8.128286361694336,OB(O)c1ccc(NCc2ccc3[nH]c(C4CNC4)nc3c2)cc1,c1cc2[nH]c(C3CNC3)nc2cc1CNc1ccc(-c2cc(NCC3CNC3)[nH]n2)cc1
scent_seh,best_candidate,121,121,413,3,8.127188682556152,O=C(Nc1cccc2ccn(Cc3ccc(-c4nnn(CC5CC5)n4)cc3)c12)C1CCNCC1,O=C(Nc1cccc2ccn(Cc3ccc(-c4nnn(CC5CC5)n4)cc3)c12)C1CCN(C(=O)C2Cc3ccccc3CN2)CC1
scent_seh,best_candidate,122,122,417,4,8.125840187072754,OB(O)c1cccc(NCC2Cc3ccccc3CN2)c1,c1cc(NCC2Cc3ccccc3CN2)cc(-c2cc(-c3nc4cc(CNC56CC(C5)C6)ccc4o3)ccn2)c1
scent_seh,best_candidate,123,123,420,3,8.12468147277832,c1cc2cc(-c3ccc(NCc4ccc5nc(C6CNC6)oc5c4)cc3)ccc2[nH]1,c1cc2nc(C3CNC3)oc2cc1CNc1ccc(-c2ccc3c(ccn3CC3CC3)c2)cc1
scent_seh,best_candidate,124,124,424,4,8.124159812927246,N#Cc1ccc(Cn2c(=O)cc(Cn3ccc4cccc(NC(=O)C5CCN5)c43)c3ccccc32)cc1,O=C(Nc1cccc2ccn(Cc3cc(=O)n(Cc4ccc(-c5nnn(CC6CC6)n5)cc4)c4ccccc34)c12)C1CCN1
scent_seh,best_candidate,125,125,428,4,8.124066352844238,O=C(NC1CC1)c1ccc(CCl)cc1,O=C(NC1CC1)c1ccc(Cn2ccc3cc(-c4ccc(NC(=O)C5CNC5)cc4)ccc32)cc1
scent_seh,best_candidate,126,126,431,3,8.12403678894043,BrCc1ccc(-c2nnn(CC3CC3)n2)cc1,c1cc(NCc2ccc(-c3nnn(CC4CC4)n3)nc2)c2c(c1)ccn2Cc1ccc(-c2nnn(CC3CC3)n2)cc1
scent_seh,best_candidate,127,127,434,3,8.123245239257812,Ic1cn(CC2CC2)cn1,c1cc(-c2cn(CC3CC3)cn2)cc(-c2nc3ccc(CNC45CC(C4)C5)cc3o2)c1
scent_seh,best_candidate,128,128,437,3,8.122406005859375,O=C(NC1CC1)c1ccc2nc(C3CCCN3)oc2c1,O=C(NC1CC1)c1ccc2nc(C3CCCN3Cc3ccc4nc(C5CNC5)oc4c3)oc2c1
scent_seh,best_candidate,129,129,440,3,8.122360229492188,Nc1cccc(-c2nc(-c3cccc(NCC4CCN4)c3)cs2)c1,c1cc(NCC2CCN2)cc(-c2csc(-c3cccc(NCC4Cc5ccccc5CN4)c3)n2)c1
scent_seh,best_candidate,130,130,442,2,8.121601104736328,c1cc(-c2ccc(NC3CCNCC3)cc2)cc(-c2nnn(CC3CC3)n2)c1,O=C(Nc1ccnc2ccccc12)N1CCC(Nc2ccc(-c3cccc(-c4nnn(CC5CC5)n4)c3)cc2)CC1
scent_seh,best_candidate,131,131,446,4,8.121456146240234,Nc1cc(CNc2ccc(-c3nnn(CC4CC4)n3)cc2)ccc1O,c1cc2oc(C3CCCN3)nc2cc1CNc1ccc(-c2nnn(CC3CC3)n2)cc1
scent_seh,best_candidate,132,132,450,4,8.120768547058105,OB(O)c1ccc(-c2nnn(CC3CC3)n2)s1,c1cc2nc(C3CNC3)oc2cc1CNc1cc(-c2ccc(-c3nnn(CC4CC4)n3)s2)n[nH]1
scent_seh,best_candidate,133,133,454,4,8.120119094848633,,O=C(Nc1cccc(-c2cn(Cc3ccc(-c4nnn(CC5CC5)n4)cc3)cn2)c1)C1CCN1
scent_seh,best_candidate,134,134,457,3,8.12010383605957,O=C(NC1CC1)c1ccc(CCl)cc1,O=C(NC1CC1)c1ccc(Cn2cc(CCNc3ccc(NC(=O)C4CNC4)cc3)c3ccccc32)cc1
scent_seh,best_candidate,135,135,460,3,8.11976146697998,N#Cc1cccc(-c2ccc3oc(C4CNC4)nc3c2)c1,c1cc(-c2ccc3oc(C4CNC4)nc3c2)cc(-c2nnnn2Cc2ccc(-c3nnn(CC4CC4)n3)cc2)c1
scent_seh,best_candidate,136,136,462,2,8.118908882141113,O=Cc1nc2ccccc2n1CC1CC1,c1ccc2c(c1)nc(CNc1cc(-c3cn(CC4CC4)nn3)n[nH]1)n2CC1CC1
scent_seh,best_candidate,137,137,465,3,8.117793083190918,Nc1cccnc1-c1cccc(NC(=O)C2CCN2)c1,O=C(Nc1cccc(-c2ncccc2NCc2ccc(-c3nnn(CC4CC4)n3)nc2)c1)C1CCN1
scent_seh,best_candidate,138,138,468,3,8.117571830749512,O=C(O)c1cccc(-c2nc3ccc(-c4nnnn4CC4CC4)cc3[nH]2)c1,O=C(NCc1cn(CC2CC2)c2ccccc12)c1cccc(-c2nc3ccc(-c4nnnn4CC4CC4)cc3[nH]2)c1
scent_seh,best_candidate,139,139,471,3,8.1173677444458,N#Cc1ccc2nc(C3(NCc4ccc(-c5nnn(CC6CC6)n5)nc4)CCC3)[nH]c2c1,c1cc(-c2nnn(CC3CC3)n2)ncc1CNC1(c2nc3ccc(-c4nnn(CC5CC5)n4)cc3[nH]2)CCC1
scent_seh,best_candidate,140,140,474,3,8.116864204406738,O=C(Nc1cccc2cc[nH]c12)c1cccc(-c2ccc(NCC3CCN3)cc2)c1,O=C(Nc1cccc2ccn(CC3CC3)c12)c1cccc(-c2ccc(NCC3CCN3)cc2)c1
scent_seh,best_candidate,141,141,478,4,8.115296363830566,O=C(NC1CC1)c1ccc2nc(-c3ccc(CNc4ccnc5ccccc45)cc3)oc2c1,O=C(NC1CC1)c1ccc2nc(-c3ccc(CN(C(=O)C4CNC4)c4ccnc5ccccc45)cc3)oc2c1
scent_seh,best_candidate,142,142,482,4,8.115081787109375,O=C(NC12CC(C1)C2)c1ccc(CCl)cc1,O=C(NCc1cn(Cc2ccc(C(=O)NC34CC(C3)C4)cc2)c2ccccc12)c1ccc2oc(C3CNC3)nc2c1
scent_seh,best_candidate,143,143,485,3,8.114286422729492,Nc1ccc(NCCc2cn(CC3CC3)c3ccccc23)cc1O,c1ccc2c(c1)c(CCNc1ccc3nc(-c4ccc5nc(C6CNC6)oc5c4)oc3c1)cn2CC1CC1
scent_seh,best_candidate,144,144,486,1,8.112776756286621,O=C(Nc1ccnc2ccccc12)C1CCNCC1,O=C(Nc1ccnc2ccccc12)C1CCN(Cc2ccc3oc(-c4ccc(-c5nnn(CC6CC6)n5)nc4)nc3c2)CC1
scent_seh,best_candidate,145,145,490,4,8.111968040466309,O=C(Nc1cccc(-c2cccc(CNc3ccc(Br)cc3)c2)c1)C1CCN1,O=C(Nc1cccc(-c2cccc(CNc3ccc(-c4cccnc4)cc3)c2)c1)C1CCN1
scent_seh,best_candidate,146,146,494,4,8.111308097839355,O=C(O)c1ccc2nc(-c3cccc(-c4ccc(NCC5Cc6ccccc6CN5)cc4)c3)[nH]c2c1,O=C(NC1CC1)c1ccc2nc(-c3cccc(-c4ccc(NCC5Cc6ccccc6CN5)cc4)c3)[nH]c2c1
scent_seh,best_candidate,147,147,498,4,8.110430717468262,O=C(NCc1c[nH]c2ccccc12)c1ccc2nc(-c3cccc4oc(C5CNC5)nc34)[nH]c2c1,O=C(NCc1cn(CC2CC2)c2ccccc12)c1ccc2nc(-c3cccc4oc(C5CNC5)nc34)[nH]c2c1
scent_seh,best_candidate,148,148,501,3,8.109436988830566,CC(N)c1nc2cc(-c3nnn(CC4CC4)n3)ccc2[nH]1,CC(NCc1ccc(-c2nnn(CC3CC3)n2)nc1)c1nc2cc(-c3nnn(CC4CC4)n3)ccc2[nH]1
scent_seh,best_candidate,149,149,505,4,8.109325408935547,Nc1ccc(-c2cccc(NC(=O)c3ccc4nc(C5CNC5)oc4c3)c2)cc1,O=C(Nc1cccc(-c2ccc(NCC3Cc4ccccc4CN3)cc2)c1)c1ccc2nc(C3CNC3)oc2c1
scent_seh,best_candidate,150,150,509,4,8.1084566116333,c1cc2cc(-c3ccc(Nc4ccc(-c5nnn(CC6CC6)n5)cc4)cc3)ccc2[nH]1,c1cc(-c2ccc3c(ccn3CC3CC3)c2)ccc1Nc1ccc(-c2nnn(CC3CC3)n2)cc1
scent_seh,best_candidate,151,151,512,3,8.108163833618164,O=C(Nc1ccnc2ccccc12)c1ccc(N2CCC(O)C2)cc1,O=C(Nc1ccnc2ccccc12)c1ccc(N2CCC(OCc3ccc(-c4nnn(CC5CC5)n4)cc3)C2)cc1
scent_seh,best_candidate,152,152,516,4,8.107402801513672,O=C(Nc1ccc(-c2cn(CC3CC3)cn2)cc1)C1CCCN1,O=C(Nc1ccc(-c2cn(CC3CC3)cn2)cc1)C1CCCN1CC1Cc2ccccc2CN1
scent_seh,best_candidate,153,153,519,3,8.105996131896973,O=C(NCc1cn(Cc2cc(=O)[nH]c3ccccc23)c2ccccc12)c1cccc(B(O)O)c1,O=C(NCc1cn(Cc2cc(=O)[nH]c3ccccc23)c2ccccc12)c1cccc(-c2cc(NC(=O)C3CNC3)[nH]n2)c1
scent_seh,best_candidate,154,154,522,3,8.105523109436035,Nc1ccc(-c2nc3ccc(CNC45CC(C4)C5)cc3[nH]2)cc1O,O=C(NC1CC1)c1cccc(-c2nc3ccc(-c4nc5ccc(CNC67CC(C6)C7)cc5[nH]4)cc3o2)c1
scent_seh,best_candidate,155,155,526,4,8.104597091674805,O=C(Nc1cccc(-c2cc(NCC3Cc4ccccc4CN3)[nH]n2)c1)Nc1cccc2cc[nH]c12,O=C(Nc1cccc(-c2cc(NCC3Cc4ccccc4CN3)[nH]n2)c1)Nc1cccc2ccn(CC3CC3)c12
scent_seh,best_candidate,156,156,530,4,8.102890014648438,c1cc(-c2nnn(CC3CC3)n2)ccc1COCC1CNC1,c1cc(-c2nnn(CC3CC3)n2)ccc1COCC1CN(Cc2ccc3nc(C4CNC4)[nH]c3c2)C1
scent_seh,best_candidate,157,157,534,4,8.102829933166504,O=C(NCc1c[nH]c2ccccc12)c1ccc(Cn2nnnc2-c2cccc(COC3CN4CCC3CC4)c2)cc1,O=C(NCc1cn(CC2CC2)c2ccccc12)c1ccc(Cn2nnnc2-c2cccc(COC3CN4CCC3CC4)c2)cc1
scent_seh,best_candidate,158,158,537,3,8.100642204284668,Nc1ccc(-c2ccc3nc(C4CCCN4)oc3c2)cn1,c1cc(-c2nnn(CC3CC3)n2)ncc1CNc1ccc(-c2ccc3nc(C4CCCN4)oc3c2)cn1
scent_seh,best_candidate,159,159,539,2,8.100513458251953,O=Cc1cccc(NCc2nc3cc(-c4nnn(CC5CC5)n4)ccc3o2)c1,c1cc(NCc2nc3cc(-c4nnn(CC5CC5)n4)ccc3o2)cc(C2NCCc3ccccc32)c1
scent_seh,best_candidate,160,160,542,3,8.100480079650879,N#Cc1ccc(Cn2nnc(-c3ccc4[nH]c(-c5cccc(C(=O)NC6CC6)c5)nc4c3)n2)cc1,O=C(NC1CC1)c1cccc(-c2nc3cc(-c4nnn(Cc5ccc(-c6nnn(CC7CC7)n6)cc5)n4)ccc3[nH]2)c1
scent_seh,best_candidate,161,161,546,4,8.100196838378906,Brc1cc(NCC2CCN2)[nH]n1,c1cc(NCc2ccc3[nH]c(C4CCCN4)nc3c2)cc(-c2cc(NCC3CCN3)[nH]n2)c1
scent_seh,best_candidate,162,162,549,3,8.099997520446777,Nc1cc(-c2nnn(CC3CC3)n2)ccc1O,c1cc(-c2nnn(CC3CC3)n2)ncc1CN1CCC(c2nc3cc(-c4nnn(CC5CC5)n4)ccc3o2)CC1
scent_seh,best_candidate,163,163,550,1,8.099786758422852,OB(O)c1cccc(-c2nc3ccc(CNC45CC(C4)C5)cc3o2)c1,c1cc(-c2cc(NCC3Cc4ccccc4CN3)[nH]n2)cc(-c2nc3ccc(CNC45CC(C4)C5)cc3o2)c1
scent_seh,best_candidate,164,164,553,3,8.09958553314209,OC1CN2CCC1CC2,O=c1cc(COC2CN3CCC2CC3)c2ccccc2n1Cc1ccc(-c2nnn(CC3CC3)n2)cc1
scent_seh,best_candidate,165,165,555,2,8.099471092224121,,c1ccc2c(c1)CCN=C2c1ccc(CNCCc2cn(Cc3ccc(-c4nnn(CC5CC5)n4)cc3)c3ccccc23)cc1
scent_seh,best_candidate,166,166,559,4,8.09880256652832,O=C(NC1CC1)c1ccc(-c2nc3ccc(CNCCc4c[nH]c5ccccc45)cc3o2)cc1,O=C(NC1CC1)c1ccc(-c2nc3ccc(CNCCc4cn(CC5CC5)c5ccccc45)cc3o2)cc1
scent_seh,best_candidate,167,167,563,4,8.098416328430176,O=C=Nc1ccc(-c2cccc(NCc3ccc4nc(C5CNC5)oc4c3)c2)cc1,O=C(Nc1ccc(-c2cccc(NCc3ccc4nc(C5CNC5)oc4c3)c2)cc1)Nc1ccnc2ccccc12
scent_seh,best_candidate,168,168,567,4,8.097945213317871,O=C(O)c1ccc2nc(C3CCCNC3)[nH]c2c1,O=C(Nc1cccc(-c2cc(NCC3Cc4ccccc4CN3)[nH]n2)c1)c1ccc2nc(C3CCCNC3)[nH]c2c1
scent_seh,best_candidate,169,169,571,4,8.096455574035645,c1cc(COC2CCNC2)cc(-c2nnnn2Cc2ccc(-c3nnn(CC4CC4)n3)cc2)c1,O=C(C1CNC1)N1CCC(OCc2cccc(-c3nnnn3Cc3ccc(-c4nnn(CC5CC5)n4)cc3)c2)C1
scent_seh,best_candidate,170,170,573,2,8.094457626342773,O=C(O)c1ccc(-c2nnnn2CC2CC2)nc1,c1cc(NCC2Cc3ccccc3CN2)cc(-c2cc(NCc3ccc(-c4nnnn4CC4CC4)nc3)[nH]n2)c1
scent_seh,best_candidate,171,171,577,4,8.093741416931152,O=C(NCCc1c[nH]c2ccccc12)C1CCCN(c2ccc(-c3nnn(CC4CC4)n3)cc2)C1,O=C(NCCc1cn(CC2CC2)c2ccccc12)C1CCCN(c2ccc(-c3nnn(CC4CC4)n3)cc2)C1
scent_seh,best_candidate,172,172,581,4,8.09272289276123,CC(Nc1ccc(-c2nnn(CC3CC3)n2)cc1)c1nc2cc(C#N)ccc2o1,CC(Nc1ccc(-c2nnn(CC3CC3)n2)cc1)c1nc2cc(-c3nnn(CC4CC4)n3)ccc2o1
scent_seh,best_candidate,173,173,584,3,8.090620994567871,O=C(O)c1cccc(CNc2cccc(-c3ccc(NCC4CCN4)cc3)c2)c1,O=C(NC1CC1)c1cccc(CNc2cccc(-c3ccc(NCC4CCN4)cc3)c2)c1
scent_seh,best_candidate,174,174,587,3,8.090581893920898,c1nc(-c2ccc3c(ccn3CC3CC3)c2)c[nH]1,c1cc2c(ccn2CC2CC2)cc1-c1cn(CC2CC2)cn1
scent_seh,best_candidate,175,175,590,3,8.089982032775879,CC(NCc1ccc2oc(-c3cccc(B(O)O)c3)nc2c1)c1ccccc1,CC(NCc1ccc2oc(-c3cccc(-c4cc(NC(=O)C5CNC5)[nH]n4)c3)nc2c1)c1ccccc1
scent_seh,best_candidate,176,176,594,4,8.089884757995605,OB(O)c1cccc(-c2nnnn2CC2CC2)c1,c1cc(-c2cc(NCc3ccc4oc(C5CNC5)nc4c3)[nH]n2)cc(-c2nnnn2CC2CC2)c1
scent_seh,best_candidate,177,177,597,3,8.089320182800293,O=C(Nc1cc(-c2cccc(-c3nnnn3Cc3cc(=O)[nH]c4ccccc34)c2)n[nH]1)C1CNC1,O=C(Nc1cc(-c2cccc(-c3nnnn3Cc3cc(=O)n(CC4CC4)c4ccccc34)c2)n[nH]1)C1CNC1
scent_seh,best_candidate,178,178,600,3,8.088624000549316,c1nc(-c2ccc(Nc3ccc(NCC4CCN4)cc3)cc2)c[nH]1,c1cc(Nc2ccc(-c3cn(CC4CC4)cn3)cc2)ccc1NCC1CCN1
scent_seh,best_candidate,179,179,604,4,8.08852767944336,OB(O)c1cccc(NCc2ccc3oc(C4Cc5ccccc5CN4)nc3c2)c1,c1cc(NCc2ccc3oc(C4Cc5ccccc5CN4)nc3c2)cc(-c2ccc3nc(C4CNC4)[nH]c3c2)c1
scent_seh,best_candidate,180,180,608,4,8.088279724121094,Nc1cccc(-c2ncccc2Nc2ccc(-c3nnn(CC4CC4)n3)cc2)c1,O=C(Nc1cccc(-c2ncccc2Nc2ccc(-c3nnn(CC4CC4)n3)cc2)c1)C1CNC1
scent_seh,best_candidate,181,181,612,4,8.088062286376953,BrCc1cccc(-c2nnnn2CC2CC2)c1,O=C(Nc1cc(-c2ccc3c(ccn3Cc3cccc(-c4nnnn4CC4CC4)c3)c2)n[nH]1)C1CCN1
scent_seh,best_candidate,182,182,615,3,8.087732315063477,Nc1cccc(-c2cc(CNCc3cn(CC4CC4)c4ccccc34)ccn2)c1,O=C(Nc1cccc(-c2cc(CNCc3cn(CC4CC4)c4ccccc34)ccn2)c1)C1CNC1
scent_seh,best_candidate,183,183,619,4,8.087716102600098,BrCc1ccccc1-c1nnn(CC2CC2)n1,c1ccc(-c2nnn(CC3CC3)n2)c(Cn2cc(CNc3ccc4nc(C5CNC5)oc4c3)c3ccccc32)c1
scent_seh,best_candidate,184,184,623,4,8.087574005126953,c1cc(C2=NCCc3ccccc32)cc(-c2nc3cc(NCCc4c[nH]c5ccccc45)ccc3o2)c1,c1cc(C2=NCCc3ccccc32)cc(-c2nc3cc(NCCc4cn(CC5CC5)c5ccccc45)ccc3o2)c1
scent_seh,best_candidate,185,185,627,4,8.087288856506348,c1cc(NCc2c[nH]c3ccccc23)cc(-c2cccc3nc(C4CNC4)oc23)c1,c1cc(NCc2cn(CC3CC3)c3ccccc23)cc(-c2cccc3nc(C4CNC4)oc23)c1
scent_seh,best_candidate,186,186,631,4,8.086536407470703,O=C(Nc1cccc(B(O)O)c1)C1CCN1,O=C(Nc1cccc(-c2cc(NCc3ccc(-c4cnc(F)nc4)cc3)[nH]n2)c1)C1CCN1
scent_seh,best_candidate,187,187,635,4,8.086403846740723,O=C(NCCc1c[nH]c2ccccc12)c1ccc2nc(-c3ccc4nc(C5CCCN5)[nH]c4c3)oc2c1,O=C(NCCc1cn(CC2CC2)c2ccccc12)c1ccc2nc(-c3ccc4nc(C5CCCN5)[nH]c4c3)oc2c1
scent_seh,best_candidate,188,188,637,2,8.08561897277832,Cc1cc(-c2ccc(NCc3cn(CC4CC4)c4ccccc34)cc2)cnc1N,Cc1cc(-c2ccc(NCc3cn(CC4CC4)c4ccccc34)cc2)cnc1NCC1CCN1
scent_seh,best_candidate,189,189,640,3,8.085245132446289,C#CCNC(=O)c1ccc2oc(C3CNC3)nc2c1,O=C(NCc1cn(Cc2ccc(-c3nnn(CC4CC4)n3)cc2)nn1)c1ccc2oc(C3CNC3)nc2c1
scent_seh,best_candidate,190,190,644,4,8.084693908691406,O=C(O)c1ccc2nc(C3CCN(c4cccc(C(=O)NCc5ccccc5)n4)CC3)oc2c1,O=C(NC1CC1)c1ccc2nc(C3CCN(c4cccc(C(=O)NCc5ccccc5)n4)CC3)oc2c1
scent_seh,best_candidate,191,191,645,1,8.084651947021484,NCc1nc2cc(-c3nnn(CC4CC4)n3)ccc2o1,c1cc2nc(C3CNC3)oc2cc1CNCc1nc2cc(-c3nnn(CC4CC4)n3)ccc2o1
scent_seh,best_candidate,192,192,648,3,8.084371566772461,Nc1cccc(-c2nnn(CC3CC3)n2)c1O,O=C(NC1CC1)c1cccc(-c2nc3cccc(-c4nnn(CC5CC5)n4)c3o2)c1
scent_seh,best_candidate,193,193,652,4,8.083178520202637,NCCc1cn(Cc2ccc(-c3nc4cc(-c5nnn(CC6CC6)n5)ccc4[nH]3)cc2)c2ccccc12,O=C(NCCc1cn(Cc2ccc(-c3nc4cc(-c5nnn(CC6CC6)n5)ccc4[nH]3)cc2)c2ccccc12)C1Cc2ccccc2CN1
scent_seh,best_candidate,194,194,655,3,8.08176326751709,OB(O)c1ccc2c(ccn2Cc2ccc(C3=NCCc4ccccc43)cc2)c1,O=C(Nc1cc(-c2ccc3c(ccn3Cc3ccc(C4=NCCc5ccccc54)cc3)c2)n[nH]1)C1Cc2ccccc2CN1
scent_seh,best_candidate,195,195,658,3,8.081740379333496,O=C(Nc1cc(-c2cccc(-c3nc4cccc(Br)c4[nH]3)c2)n[nH]1)C1CNC1,O=C(Nc1cc(-c2cccc(-c3nc4cccc(-c5cccnc5)c4[nH]3)c2)n[nH]1)C1CNC1
scent_seh,best_candidate,196,196,661,3,8.081733703613281,OC1CCN(Cc2ccc(-c3nnn(CC4CC4)n3)nc2)C1,c1cc(-c2nnn(CC3CC3)n2)ccc1COC1CCN(Cc2ccc(-c3nnn(CC4CC4)n3)nc2)C1
scent_seh,best_candidate,197,197,663,2,8.08080005645752,O=Cc1ccc(C(=O)NCc2ccccc2)cc1,O=C(NCc1ccccc1)c1ccc(CNc2cc(-c3cn(CC4CC4)nn3)n[nH]2)cc1
scent_seh,best_candidate,198,198,665,2,8.080710411071777,O=Cc1c[nH]c2cc(-c3cccc(NCc4ccc5oc(C6CNC6)nc5c4)c3)ccc12,c1cc(NCc2ccc3oc(C4CNC4)nc3c2)cc(-c2ccc3c(C4NCCc5ccccc54)c[nH]c3c2)c1
scent_seh,best_candidate,199,199,669,4,8.080053329467773,N#Cc1cccc(-c2ccc(Nc3ccc(-c4nnnn4CC4CC4)cc3)cc2)c1,c1cc(-c2ccc(Nc3ccc(-c4nnnn4CC4CC4)cc3)cc2)cc(-c2nnn(CC3CC3)n2)c1
scent_seh,best_candidate,200,200,673,4,8.079535484313965,O=C(Nc1cccc2ccn(CC3CC3)c12)c1ccccc1Cn1nnc(-c2cccc(CBr)c2)n1,O=C(Nc1cccc2ccn(CC3CC3)c12)c1ccccc1Cn1nnc(-c2cccc(COC3CN4CCC3CC4)c2)n1
scent_seh,best_candidate,201,201,676,3,8.07933521270752,O=C(NCc1ccccc1)c1ccc2nc(C3CNC3)oc2c1,O=C(NCc1ccccc1)c1ccc2nc(C3CN(Cc4ccc(-c5nnn(CC6CC6)n5)nc4)C3)oc2c1
scent_seh,best_candidate,202,202,680,4,8.078346252441406,c1cc(NCc2ccc(-c3nnn(CC4CC4)n3)nc2)c2c(c1)ccn2CC1CC1,c1cc(N(Cc2ccc(-c3nnn(CC4CC4)n3)nc2)C2CNC2)c2c(c1)ccn2CC1CC1
scent_seh,best_candidate,203,203,684,4,8.078192710876465,OB(O)c1cccc(NCc2cccc(CNC34CC(C3)C4)c2)c1,c1cc(CNc2cccc(-c3ccc4nc(C5CNC5)oc4c3)c2)cc(CNC23CC(C2)C3)c1
scent_seh,best_candidate,204,204,686,2,8.078105926513672,Nc1cc(NCc2c[nH]c3ccccc23)n[nH]1,O=C(Nc1cc(NCc2c[nH]c3ccccc23)n[nH]1)Nc1cc(-c2cccc(-c3nnn(CC4CC4)n3)c2)n[nH]1
scent_seh,best_candidate,205,205,689,3,8.078058242797852,Fc1ncc(-c2ccc(-c3nnn(CC4CC4)n3)s2)cn1,c1ccc2c(c1)c(CNc1ncc(-c3ccc(-c4nnn(CC5CC5)n4)s3)cn1)cn2CC1CC1
scent_seh,best_candidate,206,206,692,3,8.077101707458496,OB(O)c1ccc(-c2nnnn2Cc2ccc(-c3nnn(CC4CC4)n3)cc2)s1,c1cc(-c2nnn(CC3CC3)n2)ccc1Cn1nnnc1-c1ccc(-c2cc(NCC3CCN3)[nH]n2)s1
scent_seh,best_candidate,207,207,696,4,8.075904846191406,OB(O)c1cccc(NCC2CNC2)c1,c1cc(NCC2CNC2)cc(-c2ccc3oc(-c4ccc(CNC56CC(C5)C6)cc4)nc3c2)c1
scent_seh,best_candidate,208,208,699,3,8.07425594329834,O=C(NC1CC1)c1ccc2nc(-c3c[nH]c4ccccc34)oc2c1,O=C(NC1CC1)c1ccc2nc(-c3cn(CC4CC4)c4ccccc34)oc2c1
scent_seh,best_candidate,209,209,703,4,8.073586463928223,O=C(NCc1c[nH]c2ccccc12)C1(NCc2c[nH]c3ccc(-c4nnn(CC5CC5)n4)cc23)CCC1,O=C(NCc1cn(CC2CC2)c2ccccc12)C1(NCc2c[nH]c3ccc(-c4nnn(CC5CC5)n4)cc23)CCC1
scent_seh,best_candidate,210,210,706,3,8.072186470031738,NCCc1cn(CC2CC2)c2ccccc12,c1cc(CNCCc2cn(CC3CC3)c3ccccc23)cc(-c2cccc(-c3nnn(CC4CC4)n3)c2)c1
scent_seh,best_candidate,211,211,710,4,8.071767807006836,O=C(Nc1ccc(-c2cn(CC3CC3)cn2)cc1)C1CCNCC1,O=C(Nc1ccc(-c2cn(CC3CC3)cn2)cc1)C1CCN(c2ccc3ccccc3n2)CC1
scent_seh,best_candidate,212,212,714,4,8.071707725524902,OB(O)c1ccc(NCc2ccc3oc(C4CCN4)nc3c2)cc1,NC(C(=O)Nc1cc(-c2ccc(NCc3ccc4oc(C5CCN5)nc4c3)cc2)n[nH]1)c1ccccc1
scent_seh,best_candidate,213,213,716,2,8.071185111999512,OB(O)c1cccc(NCc2cn(CC3CC3)c3ccccc23)c1,c1cc(NCc2cn(CC3CC3)c3ccccc23)cc(-c2ccc3[nH]c(C4CCCN4)nc3c2)c1
scent_seh,best_candidate,214,214,718,2,8.070639610290527,O=Cc1ccc(C(=O)Nc2ccc(-c3cccc(NCC4Cc5ccccc5CN4)c3)cc2)cc1,O=C(Nc1ccc(-c2cccc(NCC3Cc4ccccc4CN3)c2)cc1)c1ccc(CNC23CC(C2)C3)cc1
scent_seh,best_candidate,215,215,722,4,8.070164680480957,O=C(Nc1cccc2cc[nH]c12)C1CCCN(Cc2ccc3oc(C4CNC4)nc3c2)C1,O=C(Nc1cccc2ccn(CC3CC3)c12)C1CCCN(Cc2ccc3oc(C4CNC4)nc3c2)C1
scent_seh,best_candidate,216,216,726,4,8.069513320922852,Nc1ccc(Nc2ccnc3ccccc23)cc1,O=C(Nc1ccc(Nc2ccnc3ccccc23)cc1)Nc1cccc(-c2cc(NC(=O)C3CNC3)[nH]n2)c1
scent_seh,best_candidate,217,217,730,4,8.069250106811523,O=C(O)c1cccc(-c2cc(NC(=O)c3ccc4nc(C5CNC5)oc4c3)[nH]n2)c1,O=C(NCc1ccccc1)c1cccc(-c2cc(NC(=O)c3ccc4nc(C5CNC5)oc4c3)[nH]n2)c1
scent_seh,best_candidate,218,218,734,4,8.068982124328613,O=C(Nc1cccc(-c2cc(NCC3Cc4ccccc4CN3)[nH]n2)c1)C1CCNCC1,O=C(Nc1cccc(-c2cc(NCC3Cc4ccccc4CN3)[nH]n2)c1)C1CCN(C(=O)Nc2ccnc3ccccc23)CC1
scent_seh,best_candidate,219,219,738,4,8.06783390045166,c1cc(NCC2CNC2)cc(-c2cncc(-c3nnn(CC4CC4)n3)c2)c1,c1cc(NCC2CN(CC3Cc4ccccc4CN3)C2)cc(-c2cncc(-c3nnn(CC4CC4)n3)c2)c1
scent_seh,best_candidate,220,220,742,4,8.067441940307617,N#Cc1ccc(Cn2nncc2CNc2ccc(-c3nnn(CC4CC4)n3)cc2)cc1,c1cc(-c2nnn(CC3CC3)n2)ccc1Cn1nncc1CNc1ccc(-c2nnn(CC3CC3)n2)cc1
scent_seh,best_candidate,221,221,746,4,8.066815376281738,O=C(O)c1ccc2oc(-c3cccc(-c4cn(CC5CC5)nn4)c3)nc2c1,O=C(NCc1c[nH]c2ccccc12)c1ccc2oc(-c3cccc(-c4cn(CC5CC5)nn4)c3)nc2c1
scent_seh,best_candidate,222,222,749,3,8.066007614135742,CC(N)c1nc2cc(C(=O)NC3CC3)ccc2o1,CC(NCc1ccc(C(=O)NC2CC2)cc1)c1nc2cc(C(=O)NC3CC3)ccc2o1
scent_seh,best_candidate,223,223,753,4,8.0658540725708,O=C(NCc1c[nH]c2ccccc12)C1CCCNC1,O=C(NCc1c[nH]c2ccccc12)C1CCCN(Cc2ccc3nc(-c4ccc(-c5nnn(CC6CC6)n5)nc4)oc3c2)C1
scent_seh,best_candidate,224,224,755,2,8.065543174743652,c1ccc2oc(C3CCCNC3)nc2c1,c1ccc2oc(C3CCCN(c4ccc(NCc5ccc(-c6nnn(CC7CC7)n6)nc5)cc4)C3)nc2c1
scent_seh,best_candidate,225,225,759,4,8.06542682647705,O=C(O)c1cccc(N2CCC(OCc3ccc(-c4nnn(CC5CC5)n4)cc3)C2)n1,O=C(NCc1ccccc1)c1cccc(N2CCC(OCc3ccc(-c4nnn(CC5CC5)n4)cc3)C2)n1
scent_seh,best_candidate,226,226,762,3,8.065378189086914,OB(O)c1ccc(NCc2cccc3oc(C4CNC4)nc23)cc1,c1cc(CNc2ccc(-c3cc(NCC4CCN4)[nH]n3)cc2)c2nc(C3CNC3)oc2c1
scent_seh,best_candidate,227,227,766,4,8.064794540405273,O=C(O)c1ccc(Cn2nnc(-c3cncc(-c4ccc(CNC56CC(C5)C6)cc4)c3)n2)cc1,O=C(NC1CC1)c1ccc(Cn2nnc(-c3cncc(-c4ccc(CNC56CC(C5)C6)cc4)c3)n2)cc1
scent_seh,best_candidate,228,228,770,4,8.06453800201416,O=C(Nc1cccc2ccn(CC3CC3)c12)C1CCN(C(=O)NCc2c[nH]c3ccccc23)CC1,O=C(Nc1cccc2ccn(CC3CC3)c12)C1CCN(C(=O)NCc2cn(CC3CC3)c3ccccc23)CC1
scent_seh,best_candidate,229,229,773,3,8.064521789550781,c1cc2[nH]c(C3CCCN3)nc2cc1-c1nnn(CC2CC2)n1,O=C(NC1CC1)c1ccc(CN2CCCC2c2nc3cc(-c4nnn(CC5CC5)n4)ccc3[nH]2)cc1
scent_seh,best_candidate,230,230,777,4,8.064372062683105,O=C(O)c1ccc2nc(C3CCN(c4ccc(-c5nnn(CC6CC6)n5)cc4)CC3)oc2c1,O=C(NCc1c[nH]c2ccccc12)c1ccc2nc(C3CCN(c4ccc(-c5nnn(CC6CC6)n5)cc4)CC3)oc2c1
scent_seh,best_candidate,231,231,780,3,8.064156532287598,c1cc2nc(C3CCNCC3)[nH]c2cc1-c1nnn(CC2CC2)n1,c1cc2nc(C3CNC3)oc2cc1CN1CCC(c2nc3ccc(-c4nnn(CC5CC5)n4)cc3[nH]2)CC1
scent_seh,best_candidate,232,232,784,4,8.06363296508789,O=C(NC1CC1)c1ccc2nc(-c3ccc4nc(C5CNC5)oc4c3)oc2c1,O=C(NC1CC1)c1ccc2nc(-c3ccc4nc(C5CN(CC6Cc7ccccc7CN6)C5)oc4c3)oc2c1
scent_seh,best_candidate,233,233,787,3,8.063350677490234,Brc1ccc2nc(C3CNC3)oc2c1,c1cc(-c2nnn(CC3CC3)n2)ccc1COC1CCCN(c2ccc3nc(C4CNC4)oc3c2)C1
scent_seh,best_candidate,234,234,790,3,8.062838554382324,OB(O)c1cccc(-c2nc3ccc(CNC45CC(C4)C5)cc3[nH]2)c1,O=C(Nc1cc(-c2cccc(-c3nc4ccc(CNC56CC(C5)C6)cc4[nH]3)c2)n[nH]1)C1CNC1
scent_seh,best_candidate,235,235,794,4,8.06257438659668,Nc1cc(CNc2ccc(-c3ccc(CNC45CC(C4)C5)cc3)cc2)ccc1O,c1cc2oc(C3CCN3)nc2cc1CNc1ccc(-c2ccc(CNC34CC(C3)C4)cc2)cc1
scent_seh,best_candidate,236,236,798,4,8.062244415283203,c1cc(NC2CCNCC2)cc(-c2cncc(-c3nnn(CC4CC4)n3)c2)c1,O=C(NCc1c[nH]c2ccccc12)N1CCC(Nc2cccc(-c3cncc(-c4nnn(CC5CC5)n4)c3)c2)CC1
scent_seh,best_candidate,237,237,802,4,8.061527252197266,O=C(NCc1cn(CC2CC2)nn1)c1cccc(B(O)O)c1,O=C(NCc1cn(CC2CC2)nn1)c1cccc(-c2cc(NC(=O)C3Cc4ccccc4CN3)[nH]n2)c1
scent_seh,best_candidate,238,238,806,4,8.059903144836426,O=C(O)c1ccc2nc(-c3ccc4nc(-c5ccc(CNC67CC(C6)C7)cc5)[nH]c4c3)oc2c1,c1ccc2c(c1)CCN=C2c1ccc2nc(-c3ccc4nc(-c5ccc(CNC67CC(C6)C7)cc5)[nH]c4c3)oc2c1
scent_seh,best_candidate,239,239,808,2,8.059874534606934,O=C(O)C1CCN(C(=O)Nc2ccnc3ccccc23)CC1,O=C(NCCc1cn(Cc2ccc(-c3nnn(CC4CC4)n3)cc2)c2ccccc12)C1CCN(C(=O)Nc2ccnc3ccccc23)CC1
scent_seh,best_candidate,240,240,812,4,8.059062004089355,O=C(NCc1c[nH]c2ccccc12)C1CN(c2cccc(-c3nc4ccccc4o3)n2)C1,O=C(NCc1cn(CC2CC2)c2ccccc12)C1CN(c2cccc(-c3nc4ccccc4o3)n2)C1
scent_seh,best_candidate,241,241,816,4,8.05894947052002,c1cc(-c2nnn(CC3CC3)n2)cc(-c2cccc3nc(C4CNC4)oc23)c1,c1cc(-c2nnn(CC3CC3)n2)cc(-c2cccc3nc(C4CN(CC5Cc6ccccc6CN5)C4)oc23)c1
scent_seh,best_candidate,242,242,819,3,8.05707836151123,O=C(Nc1cccc2cc[nH]c12)N1CCCC(OCc2ccc(-c3nnn(CC4CC4)n3)cc2)C1,O=C(Nc1cccc2ccn(CC3CC3)c12)N1CCCC(OCc2ccc(-c3nnn(CC4CC4)n3)cc2)C1
scent_seh,best_candidate,243,243,823,4,8.05698299407959,c1ccc2c(CCNc3ccc(-c4nnnn4Cc4ccc(-c5nnn(CC6CC6)n5)cc4)cc3)c[nH]c2c1,c1ccc2c(c1)c(CCNc1ccc(-c3nnnn3Cc3ccc(-c4nnn(CC5CC5)n4)cc3)cc1)cn2CC1CC1
scent_seh,best_candidate,244,244,827,4,8.056204795837402,Nc1ccc(-c2cccc(NCc3nc4ccccc4n3CC3CC3)c2)cc1N,c1cc(NCc2nc3ccccc3n2CC2CC2)cc(-c2ccc3nc(C4CNC4)[nH]c3c2)c1
scent_seh,best_candidate,245,245,831,4,8.055981636047363,Nc1ccc(-c2cccc(Nc3ccc(-c4nnn(CC5CC5)n4)cc3)c2)cc1N,c1cc(Nc2ccc(-c3nnn(CC4CC4)n3)cc2)cc(-c2ccc3nc(C4CNC4)[nH]c3c2)c1
scent_seh,best_candidate,246,246,835,4,8.054844856262207,c1ccc2c(NCc3ccc(-c4nc5cc(-c6nnn(CC7CC7)n6)ccc5o4)cc3)ccnc2c1,c1ccc2c(N(Cc3ccc(-c4nc5cc(-c6nnn(CC7CC7)n6)ccc5o4)cc3)C3CNC3)ccnc2c1
scent_seh,best_candidate,247,247,838,3,8.053868293762207,OB(O)c1ccc(NCC2Cc3ccccc3CN2)cc1,O=C(Nc1ccc(Nc2cc(-c3ccc(NCC4Cc5ccccc5CN4)cc3)n[nH]2)cc1)C1CCN1
scent_seh,best_candidate,248,248,841,3,8.051995277404785,c1cc2oc(C3CNC3)nc2cc1-c1nnn(CC2CC2)n1,c1cc2[nH]c(C3CNC3)nc2cc1CN1CC(c2nc3cc(-c4nnn(CC5CC5)n4)ccc3o2)C1
scent_seh,best_candidate,249,249,844,3,8.05134391784668,Nc1cccc2ccn(CC3CC3)c12,c1cc(CNc2cccc3ccn(CC4CC4)c23)cc(-c2nc3cc(-c4nnn(CC5CC5)n4)ccc3o2)c1
scent_seh,best_candidate,250,250,848,4,8.050320625305176,N#Cc1ccccc1Cn1ccc2cccc(NC(=O)c3ccc(-c4nnn(CC5CC5)n4)nc3)c21,O=C(Nc1cccc2ccn(Cc3ccccc3-c3nnn(CC4CC4)n3)c12)c1ccc(-c2nnn(CC3CC3)n2)nc1
scent_seh,best_candidate,251,251,851,3,8.049728393554688,Brc1cn(CC2CC2)cn1,Oc1ccc(-c2nnn(CC3CC3)n2)cc1NCc1ccc(-c2cn(CC3CC3)cn2)cc1
scent_seh,best_candidate,252,252,852,1,8.049161911010742,NCCc1cn(CC2CC2)c2ccccc12,c1ccc2c(c1)c(CCNc1cc(NCc3ccc4[nH]c(C5CNC5)nc4c3)[nH]n1)cn2CC1CC1
scent_seh,best_candidate,253,253,856,4,8.048288345336914,C#Cc1ccc(Nc2ccc(-c3nnnn3CC3CC3)cc2)cc1,c1cc(-c2cn(CC3CC3)nn2)ccc1Nc1ccc(-c2nnnn2CC2CC2)cc1
scent_seh,best_candidate,254,254,860,4,8.048035621643066,O=C(Nc1cccc(-c2ccc3oc(-c4nc5ccccc5[nH]4)nc3c2)c1)C1CNC1,O=C(Nc1cccc(-c2ccc3oc(-c4nc5ccccc5n4CC4CC4)nc3c2)c1)C1CNC1
scent_seh,best_candidate,255,255,864,4,8.047618865966797,OB(O)c1cccc(NCC2CCN2)c1,c1cc(NCC2CCN2)cc(-c2ccc(NCc3ccc(CNC45CC(C4)C5)cc3)cc2)c1
scent_seh,best_candidate,256,256,868,4,8.047423362731934,O=C(O)c1ccc(CNc2cccc(-c3ccc(NCC4Cc5ccccc5CN4)cc3)c2)cc1,c1cc(NCc2ccc(C3=NCCc4ccccc43)cc2)cc(-c2ccc(NCC3Cc4ccccc4CN3)cc2)c1
scent_seh,best_candidate,257,257,872,4,8.047056198120117,Nc1cccc(-c2ccc3[nH]cc(-c4nc5cc(-c6nnn(CC7CC7)n6)ccc5o4)c3c2)c1,c1cc(NCC2Cc3ccccc3CN2)cc(-c2ccc3[nH]cc(-c4nc5cc(-c6nnn(CC7CC7)n6)ccc5o4)c3c2)c1
scent_seh,best_candidate,258,258,875,3,8.046980857849121,O=C(NC1CC1)c1ccccc1Cn1ccc2cc(B(O)O)ccc21,O=C(NC1CC1)c1ccccc1Cn1ccc2cc(-c3cc(NCC4Cc5ccccc5CN4)[nH]n3)ccc21
scent_seh,best_candidate,259,259,879,4,8.04683780670166,O=C(O)c1ccc(-c2nc3ccc(-c4ccc(NC(=O)C5CCCN5)cc4)cc3o2)cc1,O=C(Nc1ccc(-c2ccc3nc(-c4ccc(CNC56CC(C5)C6)cc4)oc3c2)cc1)C1CCCN1
scent_seh,best_candidate,260,260,883,4,8.046470642089844,Nc1ccc(C(=O)Nc2cccc(-c3ccc4oc(C5CNC5)nc4c3)c2)cc1N,O=C(Nc1cccc(-c2ccc3oc(C4CNC4)nc3c2)c1)c1ccc2nc(C3Cc4ccccc4CN3)[nH]c2c1
scent_seh,best_candidate,261,261,886,3,8.045949935913086,O=C(Nc1ccc(B(O)O)cc1)C1(NCc2ccc(-c3nnn(CC4CC4)n3)nc2)CCC1,O=C(Nc1ccc(-c2cnc(F)nc2)cc1)C1(NCc2ccc(-c3nnn(CC4CC4)n3)nc2)CCC1
scent_seh,best_candidate,262,262,889,3,8.045875549316406,C#Cc1cncc(-c2nnn(CC3CC3)n2)c1,c1ncc(-c2nnn(CC3CC3)n2)cc1-c1cn(CC2CC2)nn1
scent_seh,best_candidate,263,263,893,4,8.04528522491455,c1cc(NCC2Cc3ccccc3CN2)cc(-c2ccc3nc(-c4ncc[nH]4)oc3c2)c1,c1cc(NCC2Cc3ccccc3CN2)cc(-c2ccc3nc(-c4nccn4CC4CC4)oc3c2)c1
scent_seh,best_candidate,264,264,897,4,8.044721603393555,O=C(Nc1ccnc2ccccc12)c1ccc2nc(-c3ccc(CNC45CC(C4)C5)cc3)oc2c1,O=C(Nc1ccnc2ccccc12)c1ccc2nc(-c3ccc(CN(C4CNC4)C45CC(C4)C5)cc3)oc2c1
scent_seh,best_candidate,265,265,900,3,8.044112205505371,O=C(NCc1cn(Cc2cccc(-c3nnn(CC4CC4)n3)c2)c2ccccc12)C1CCCNC1,O=C(NCc1cn(Cc2cccc(-c3nnn(CC4CC4)n3)c2)c2ccccc12)C1CCCN(C(=O)C2Cc3ccccc3CN2)C1
scent_seh,best_candidate,266,266,903,3,8.04407787322998,O=C(NC1CC1)c1cccc(CNc2ccc(B(O)O)cc2)c1,O=C(NC1CC1)c1cccc(CNc2ccc(-c3cc(NC(=O)C4Cc5ccccc5CN4)[nH]n3)cc2)c1
scent_seh,best_candidate,267,267,907,4,8.043731689453125,c1ccc2c(c1)c(CNCc1ccc(-c3nnn(CC4CC4)n3)nc1)cn2CC1CC1,c1ccc2c(c1)CNC(CN(Cc1ccc(-c3nnn(CC4CC4)n3)nc1)Cc1cn(CC3CC3)c3ccccc13)C2
scent_seh,best_candidate,268,268,910,3,8.043363571166992,OB(O)c1ccc2c(ccn2CC2CC2)c1,c1cc(-c2ccc3c(ccn3CC3CC3)c2)cc(NCc2cn(CC3CC3)nn2)n1
scent_seh,best_candidate,269,269,914,4,8.04305648803711,N#Cc1ccc2nc(C3CCCN3Cc3cccc4oc(C5CNC5)nc34)[nH]c2c1,c1cc(CN2CCCC2c2nc3ccc(-c4nnn(CC5CC5)n4)cc3[nH]2)c2nc(C3CNC3)oc2c1
scent_seh,best_candidate,270,270,918,4,8.042274475097656,O=C(O)C1CCCN1Cc1ccc(-c2cncc(-c3nnn(CC4CC4)n3)c2)cc1,O=C(Nc1ccnc2ccccc12)C1CCCN1Cc1ccc(-c2cncc(-c3nnn(CC4CC4)n3)c2)cc1
scent_seh,best_candidate,271,271,922,4,8.042259216308594,O=C(Nc1cccc2cc[nH]c12)C1CNC1,O=C(NC1CC1)c1ccc2oc(-c3ccc(Cn4ccc5cccc(NC(=O)C6CNC6)c54)cc3)nc2c1
scent_seh,best_candidate,272,272,924,2,8.041068077087402,O=Cc1c[nH]c2ccc(-c3nnnn3CC3CC3)cc12,c1cc2[nH]cc(CNc3cc(-c4cn(CC5CC5)nn4)n[nH]3)c2cc1-c1nnnn1CC1CC1
scent_seh,best_candidate,273,273,927,3,8.040384292602539,O=Cc1ccc(-c2nc3c(C(=O)NC4CC4)cccc3o2)cc1,O=C(NC1CC1)c1cccc2oc(-c3ccc(CNCc4cn(CC5CC5)c5ccccc45)cc3)nc12
scent_seh,best_candidate,274,274,930,3,8.039990425109863,O=C(Nc1cc(NCc2c[nH]c3ccccc23)n[nH]1)c1ccc(CNC23CC(C2)C3)cc1,O=C(Nc1cc(NCc2cn(CC3CC3)c3ccccc23)n[nH]1)c1ccc(CNC23CC(C2)C3)cc1
scent_seh,best_candidate,275,275,933,3,8.039777755737305,Nc1ccc(-c2ccc3oc(C4CCCN4)nc3c2)cn1,O=C(NC1CC1)c1ccc(CNc2ccc(-c3ccc4oc(C5CCCN5)nc4c3)cn2)cc1
scent_seh,best_candidate,276,276,936,3,8.038078308105469,O=C(NCc1c[nH]c2ccccc12)C1CN(C(=O)c2ccc3nc(C4CCCN4)oc3c2)C1,O=C(NCc1cn(CC2CC2)c2ccccc12)C1CN(C(=O)c2ccc3nc(C4CCCN4)oc3c2)C1
scent_seh,best_candidate,277,277,940,4,8.037134170532227,N#Cc1ccc(CNc2cccc(-c3ccc(NCC4CCN4)cc3)c2O)cn1,Oc1c(NCc2ccc(-c3nnn(CC4CC4)n3)nc2)cccc1-c1ccc(NCC2CCN2)cc1
scent_seh,best_candidate,278,278,944,4,8.036849021911621,O=C(NCCc1c[nH]c2ccccc12)Nc1cccc(-c2ccc(NCC3Cc4ccccc4CN3)cc2)c1,O=C(NCCc1cn(CC2CC2)c2ccccc12)Nc1cccc(-c2ccc(NCC3Cc4ccccc4CN3)cc2)c1
scent_seh,best_candidate,279,279,948,4,8.03672981262207,O=C(Nc1cccc2cc[nH]c12)c1cccc(CNC2(C(=O)NC3CC3)CCC2)c1,O=C(Nc1cccc2ccn(CC3CC3)c12)c1cccc(CNC2(C(=O)NC3CC3)CCC2)c1
scent_seh,best_candidate,280,280,952,4,8.036713600158691,c1cc(-c2ccc3oc(C4CCCN4)nc3c2)cc(-c2nnn(CC3CC3)n2)c1,c1cc(-c2ccc3oc(C4CCCN4CC4Cc5ccccc5CN4)nc3c2)cc(-c2nnn(CC3CC3)n2)c1
scent_seh,best_candidate,281,281,954,2,8.03646469116211,c1ccc2oc(C3CCNCC3)nc2c1,O=C(NC1CC1)c1ccc2nc(-c3ccc(CN4CCC(c5nc6ccccc6o5)CC4)cc3)oc2c1
scent_seh,best_candidate,282,282,957,3,8.036035537719727,O=C(Nc1ccnc2ccccc12)c1ccc2nc(C3Cc4ccccc4CN3)oc2c1,O=C(Nc1ccnc2ccccc12)c1ccc2nc(C3Cc4ccccc4CN3Cc3ccc(-c4nnn(CC5CC5)n4)nc3)oc2c1
scent_seh,best_candidate,283,283,960,3,8.035801887512207,OB(O)c1ccc(NCC2CCCN2c2ccc3ccccc3n2)cc1,c1ccc2c(c1)CNC(CNc1cc(-c3ccc(NCC4CCCN4c4ccc5ccccc5n4)cc3)n[nH]1)C2
scent_seh,best_candidate,284,284,963,3,8.035683631896973,c1cc(-c2nnn(CC3CC3)n2)ccc1Cn1nnc(-c2ccc3oc(C4CCCNC4)nc3c2)n1,O=C(C1Cc2ccccc2CN1)N1CCCC(c2nc3cc(-c4nnn(Cc5ccc(-c6nnn(CC7CC7)n6)cc5)n4)ccc3o2)C1
scent_seh,best_candidate,285,285,967,4,8.035499572753906,c1nc(-c2ccc(Nc3cncc(-c4nnn(CC5CC5)n4)c3)cc2)c[nH]1,c1cc(-c2cn(CC3CC3)cn2)ccc1Nc1cncc(-c2nnn(CC3CC3)n2)c1
scent_seh,best_candidate,286,286,969,2,8.03531551361084,O=C(Nc1ccccn1)C1CCCN1,O=C(NC1CC1)c1ccc2nc(-c3ccc(CN4CCCC4C(=O)Nc4ccccn4)cc3)oc2c1
scent_seh,best_candidate,287,287,973,4,8.035305976867676,O=C(Nc1cccc(-c2cc(CNc3ccc(B(O)O)cc3)ccn2)c1)C1CNC1,O=C(Nc1cccc(-c2cc(CNc3ccc(-c4cnc(F)nc4)cc3)ccn2)c1)C1CNC1
scent_seh,best_candidate,288,288,975,2,8.034944534301758,O=C(NCc1cn(CC2CC2)nn1)c1cccc(B(O)O)c1,O=C(NCc1cn(CC2CC2)nn1)c1cccc(-c2ccc3oc(C4CCCN4)nc3c2)c1
scent_seh,best_candidate,289,289,979,4,8.03469467163086,Nc1cc(-c2ccc(CN3CCCC3C(=O)NC3CC3)cc2)ccc1O,O=C(NC1CC1)C1CCCN1Cc1ccc(-c2ccc3oc(C4CNC4)nc3c2)cc1
scent_seh,best_candidate,290,290,983,4,8.031854629516602,,c1ccc(-c2cn(CC3CC3)nn2)c(CCNc2ccc(-c3nnn(CC4CC4)n3)cc2)c1
scent_seh,best_candidate,291,291,986,3,8.030431747436523,Brc1cc(NCc2ccc3nc(C4CCCN4)oc3c2)[nH]n1,c1cc2nc(C3CCCN3)oc2cc1CNc1cc(-c2ccc(NCC3CCN3)cc2)n[nH]1
scent_seh,best_candidate,292,292,990,4,8.030311584472656,N#Cc1cncc(-c2cccc(-c3nnn(Cc4ccc(-c5nnn(CC6CC6)n5)cc4)n3)c2)c1,c1cc(-c2cncc(-c3nnn(CC4CC4)n3)c2)cc(-c2nnn(Cc3ccc(-c4nnn(CC5CC5)n4)cc3)n2)c1
scent_seh,best_candidate,293,293,994,4,8.02822208404541,O=C(Nc1cccc(-c2ccc3[nH]cc(CNCCc4c[nH]c5ccccc45)c3c2)c1)C1CCN1,O=C(Nc1cccc(-c2ccc3[nH]cc(CNCCc4cn(CC5CC5)c5ccccc45)c3c2)c1)C1CCN1
scent_seh,best_candidate,294,294,996,2,8.028141975402832,c1ccc2c(c1)CCN=C2C1CCN1,c1ccc2c(c1)CCN=C2C1CCN1Cc1ccc(-c2cn(CC3CC3)cn2)cc1
scent_seh,best_candidate,295,295,999,3,8.027947425842285,OB(O)c1cccc(-c2nnnn2CC2CC2)c1,O=C(NC1CC1)c1ccc(CNc2ccc(-c3cccc(-c4nnnn4CC4CC4)c3)cc2)cc1
scent_seh,best_candidate,296,296,1003,4,8.027432441711426,O=C(Nc1cccc2cc[nH]c12)c1ccc2oc(-c3cccc(C4=NCCc5ccccc54)c3)nc2c1,O=C(Nc1cccc2ccn(CC3CC3)c12)c1ccc2oc(-c3cccc(C4=NCCc5ccccc54)c3)nc2c1
scent_seh,best_candidate,297,297,1005,2,8.027262687683105,O=C(O)c1ccc2oc(C3Cc4ccccc4CN3)nc2c1,O=C(Nc1cc(-c2ccc3c(ccn3CC3CC3)c2)n[nH]1)c1ccc2oc(C3Cc4ccccc4CN3)nc2c1
scent_seh,best_candidate,298,298,1008,3,8.02720832824707,Nc1ccccc1-c1nc2ccc(C3=NCCc4ccccc43)cc2[nH]1,c1ccc2c(c1)CCN=C2c1ccc2nc(-c3ccccc3NCc3ccc(-c4nnn(CC5CC5)n4)nc3)[nH]c2c1
scent_seh,best_candidate,299,299,1012,4,8.02700138092041,O=C(Nc1cccc2cc[nH]c12)c1ccc(Cn2cc(CCNC(=O)C3CCN3)c3ccccc32)cc1,O=C(Nc1cccc2ccn(CC3CC3)c12)c1ccc(Cn2cc(CCNC(=O)C3CCN3)c3ccccc32)cc1
scent_seh,best_candidate,300,300,1015,3,8.026846885681152,O=C(Nc1ccnc2ccccc12)c1cccc(N2CCC2C(=O)O)n1,O=C(Nc1ccnc2ccccc12)c1cccc(N2CCC2C(=O)NCc2cn(CC3CC3)c3ccccc23)n1
scent_seh,hub_batching,1,1,23,3,8.198641777038574,Nc1cccc(-c2cn(CC3CC3)cn2)c1,O=C(NCc1cn(CC2CC2)c2ccccc12)Nc1cccc(-c2cn(CC3CC3)cn2)c1
scent_seh,hub_batching,2,2,24,1,8.05732250213623,Nc1cccc(-c2cn(CC3CC3)cn2)c1,c1cc(NCC2CCN2)cc(-c2cn(CC3CC3)cn2)c1
scent_seh,hub_batching,3,3,25,1,8.029559135437012,Nc1cccc(-c2cn(CC3CC3)cn2)c1,O=C(Nc1cccc(-c2cn(CC3CC3)cn2)c1)C1Cc2ccccc2CN1
scent_seh,hub_batching,4,4,26,1,8.023804664611816,Nc1cccc(-c2cn(CC3CC3)cn2)c1,O=C(Nc1cc(Nc2cccc(-c3cn(CC4CC4)cn3)c2)n[nH]1)C1CNC1
scent_seh,hub_batching,5,5,27,1,7.979691028594971,Nc1cccc(-c2cn(CC3CC3)cn2)c1,c1cc(Nc2ccc3nc(C4CNC4)[nH]c3c2)cc(-c2cn(CC3CC3)cn2)c1
scent_seh,hub_batching,6,6,28,1,7.774229049682617,Nc1cccc(-c2cn(CC3CC3)cn2)c1,Nc1c(NC(=O)C2CCN2)cccc1Nc1cccc(-c2cn(CC3CC3)cn2)c1
scent_seh,hub_batching,7,7,29,1,7.583466053009033,Nc1cccc(-c2cn(CC3CC3)cn2)c1,O=C(Nc1cccc(-c2cn(CC3CC3)cn2)c1)Nc1cccc2cc[nH]c12
scent_seh,hub_batching,8,8,30,1,7.436767101287842,Nc1cccc(-c2cn(CC3CC3)cn2)c1,O=C(Nc1cccc(-c2cn(CC3CC3)cn2)c1)c1ccc(C(F)(F)F)cn1
scent_seh,hub_batching,9,9,31,1,7.383947849273682,Nc1cccc(-c2cn(CC3CC3)cn2)c1,O=C(Nc1cccc(-c2cn(CC3CC3)cn2)c1)N1CCC1CNc1ccc(Br)cc1
scent_seh,hub_batching,10,10,32,1,7.375397682189941,Nc1cccc(-c2cn(CC3CC3)cn2)c1,O=C1Cc2ccc(C(CCl)Nc3cccc(-c4cn(CC5CC5)cn4)c3)cc2N1
scent_seh,hub_batching,11,11,33,1,7.166100978851318,Nc1cccc(-c2cn(CC3CC3)cn2)c1,O=C(NCCc1c[nH]c2ccc(O)cc12)Nc1cccc(-c2cn(CC3CC3)cn2)c1
scent_seh,hub_batching,12,12,35,2,8.061344146728516,Nc1cccc2ccn(CC3CC3)c12,O=C(Nc1cccc2ccn(CC3CC3)c12)C1CNC1
scent_seh,hub_batching,13,13,36,1,7.848794460296631,Nc1cccc2ccn(CC3CC3)c12,O=C(NCc1cn(CC2CC2)c2ccccc12)Nc1cccc2ccn(CC3CC3)c12
scent_seh,hub_batching,14,14,37,1,7.622629642486572,Nc1cccc2ccn(CC3CC3)c12,c1cc(Nc2ccc3oc(C4CNC4)nc3c2)c2c(c1)ccn2CC1CC1
scent_seh,hub_batching,15,15,38,1,7.404008388519287,Nc1cccc2ccn(CC3CC3)c12,O=C(Nc1cc(Nc2cccc3ccn(CC4CC4)c23)n[nH]1)C1Cc2ccccc2CN1
scent_seh,hub_batching,16,16,39,1,7.353892803192139,Nc1cccc2ccn(CC3CC3)c12,c1cc(Nc2cccc3[nH]c(C4CNC4)nc23)c2c(c1)ccn2CC1CC1
scent_seh,hub_batching,17,17,40,1,7.335854530334473,Nc1cccc2ccn(CC3CC3)c12,c1cc(Nc2ccc(NCC3CCN3)cc2)c2c(c1)ccn2CC1CC1
scent_seh,hub_batching,18,18,41,1,7.188287258148193,Nc1cccc2ccn(CC3CC3)c12,O=C(Nc1ccc(Br)cc1NCC1CCN1)Nc1cccc2ccn(CC3CC3)c12
scent_seh,hub_batching,19,19,42,1,7.116314888000488,Nc1cccc2ccn(CC3CC3)c12,O=C(NCCc1ccccc1Br)C1CCN1C(=O)Nc1cccc2ccn(CC3CC3)c12
scent_seh,hub_batching,20,20,43,1,7.072954177856445,Nc1cccc2ccn(CC3CC3)c12,c1ccc2c(c1)CNC(CNc1cccc3ccn(CC4CC4)c13)C2
scent_seh,hub_batching,21,21,44,1,7.049505710601807,Nc1cccc2ccn(CC3CC3)c12,O=C(Nc1cccc2ccn(CC3CC3)c12)N1CC(c2nc3ccc(Br)cc3o2)C1
scent_seh,hub_batching,22,22,46,2,7.520693302154541,Nc1ccc(C(=O)NC2CC2)cc1O,O=C(NC1CC1)c1ccc(Nc2ccc3nc(C4CNC4)[nH]c3c2)c(O)c1
scent_seh,hub_batching,23,23,47,1,7.500150680541992,Nc1ccc(C(=O)NC2CC2)cc1O,O=C(NC1CC1)c1ccc(Nc2ccc(NC(=O)C3CCN3)cc2)c(O)c1
scent_seh,hub_batching,24,24,48,1,7.37089729309082,Nc1ccc(C(=O)NC2CC2)cc1O,O=C(NC1CC1)c1ccc(NCC2Cc3ccccc3CN2)c(O)c1
scent_seh,hub_batching,25,25,49,1,7.370645999908447,Nc1ccc(C(=O)NC2CC2)cc1O,O=C(NC1CC1)c1ccc(Nc2cc(NC(=O)C3CNC3)[nH]n2)c(O)c1
scent_seh,hub_batching,26,26,50,1,7.266762733459473,Nc1ccc(C(=O)NC2CC2)cc1O,O=C(NC1CC1)c1ccc(Nc2ccccc2CCNC(=O)C2CCN2)c(O)c1
scent_seh,hub_batching,27,27,51,1,7.175633430480957,Nc1ccc(C(=O)NC2CC2)cc1O,O=C(NC1CC1)c1ccc(Nc2ccc3c(CNC45CC(C4)C5)c[nH]c3c2)c(O)c1
scent_seh,hub_batching,28,28,52,1,7.135591983795166,Nc1ccc(C(=O)NC2CC2)cc1O,O=C(NC1CC1)c1ccc(Nc2ccc3oc(C4CCCN4)nc3c2)c(O)c1
scent_seh,hub_batching,29,29,53,1,7.044841289520264,Nc1ccc(C(=O)NC2CC2)cc1O,O=C(NC1CC1)c1ccc(NC(=O)C2CCCNC2)c(O)c1
scent_seh,hub_batching,30,30,54,1,7.029998779296875,Nc1ccc(C(=O)NC2CC2)cc1O,O=C(Nc1ccc(C(=O)NC2CC2)cc1O)Nc1ccnc2ccccc12
scent_seh,hub_batching,31,31,55,1,8.085169792175293,O=C(O)C1CNC1,O=C(NCc1cn(CC2CC2)c2ccccc12)C1CNC1
scent_seh,hub_batching,32,32,56,1,7.328906059265137,O=C(O)C1CNC1,O=C(Nc1ccnc2ccccc12)C1CNC1
scent_seh,hub_batching,33,33,57,1,7.114670276641846,O=C(O)C1CNC1,O=C(NCc1c[nH]c2ccccc12)C1CNC1
scent_seh,hub_batching,34,34,59,2,7.7254462242126465,Nc1cc(-c2nnn(CC3CC3)n2)ccc1O,Oc1ccc(-c2nnn(CC3CC3)n2)cc1NCC1Cc2ccccc2CN1
scent_seh,hub_batching,35,35,60,1,7.721775054931641,Nc1cc(-c2nnn(CC3CC3)n2)ccc1O,O=C(NCc1cn(CC2CC2)c2ccccc12)Nc1cc(-c2nnn(CC3CC3)n2)ccc1O
scent_seh,hub_batching,36,36,61,1,7.584847927093506,Nc1cc(-c2nnn(CC3CC3)n2)ccc1O,Oc1ccc(-c2nnn(CC3CC3)n2)cc1Nc1ccc2oc(C3CNC3)nc2c1
scent_seh,hub_batching,37,37,62,1,7.53972053527832,Nc1cc(-c2nnn(CC3CC3)n2)ccc1O,Oc1ccc(-c2nnn(CC3CC3)n2)cc1Nc1cccc2[nH]c(C3CNC3)nc12
scent_seh,hub_batching,38,38,63,1,7.519895076751709,Nc1cc(-c2nnn(CC3CC3)n2)ccc1O,O=C(Nc1cc(Nc2cc(-c3nnn(CC4CC4)n3)ccc2O)n[nH]1)C1CNC1
scent_seh,hub_batching,39,39,64,1,7.402892589569092,Nc1cc(-c2nnn(CC3CC3)n2)ccc1O,O=C(NCCc1ccccc1Nc1cc(-c2nnn(CC3CC3)n2)ccc1O)C1CCN1
scent_seh,hub_batching,40,40,65,1,7.277934551239014,Nc1cc(-c2nnn(CC3CC3)n2)ccc1O,Oc1ccc(-c2nnn(CC3CC3)n2)cc1Nc1ccc2c(CNC34CC(C3)C4)c[nH]c2c1
scent_seh,hub_batching,41,41,66,1,7.15699577331543,Nc1cc(-c2nnn(CC3CC3)n2)ccc1O,NC(C(=O)Nc1cc(-c2nnn(CC3CC3)n2)ccc1O)c1ccccc1
scent_seh,hub_batching,42,42,68,2,8.197061538696289,NCCc1cn(CC2CC2)c2ccccc12,c1ccc2c(c1)c(CCNc1ccc3[nH]c(C4CNC4)nc3c1)cn2CC1CC1
scent_seh,hub_batching,43,43,69,1,8.04012393951416,NCCc1cn(CC2CC2)c2ccccc12,O=C(Nc1cc(NCCc2cn(CC3CC3)c3ccccc23)n[nH]1)C1CNC1
scent_seh,hub_batching,44,44,70,1,7.622651100158691,NCCc1cn(CC2CC2)c2ccccc12,O=C(NCCc1cn(CC2CC2)c2ccccc12)NC12CC(C1)C2
scent_seh,hub_batching,45,45,71,1,7.535131454467773,NCCc1cn(CC2CC2)c2ccccc12,c1ccc2c(c1)CNC(CNCCc1cn(CC3CC3)c3ccccc13)C2
scent_seh,hub_batching,46,46,72,1,7.512195110321045,NCCc1cn(CC2CC2)c2ccccc12,Nc1c(NCCc2cn(CC3CC3)c3ccccc23)cccc1NC(=O)C1CCN1
scent_seh,hub_batching,47,47,73,1,7.496743679046631,NCCc1cn(CC2CC2)c2ccccc12,Nc1ccc(NCCc2cn(CC3CC3)c3ccccc23)cc1NCC1CCN1
scent_seh,hub_batching,48,48,74,1,7.327356338500977,NCCc1cn(CC2CC2)c2ccccc12,O=C(NCCc1cn(CC2CC2)c2ccccc12)N1CC(c2nc3cc(Br)ccc3o2)C1
scent_seh,hub_batching,49,49,75,1,7.166402339935303,NCCc1cn(CC2CC2)c2ccccc12,O=C(NCCc1cn(CC2CC2)c2ccccc12)N(CC1CCN1)c1ccc(Br)cc1
scent_seh,hub_batching,50,50,76,1,7.070652484893799,NCCc1cn(CC2CC2)c2ccccc12,O=C1Cc2ccc(C(CCl)NCCc3cn(CC4CC4)c4ccccc34)cc2N1
scent_seh,hub_batching,51,51,78,2,7.7501301765441895,Brc1cn(CC2CC2)cn1,c1ccc2c(c1)c(CNc1cn(CC3CC3)cn1)cn2CC1CC1
scent_seh,hub_batching,52,52,79,1,7.075819492340088,Brc1cn(CC2CC2)cn1,O=C(Nc1cccc(Br)c1Nc1cn(CC2CC2)cn1)C1CCN1
scent_seh,hub_batching,53,53,81,2,7.4493489265441895,Brc1ccc2nc(C3CNC3)[nH]c2c1,c1cc2nc(C3CNC3)[nH]c2cc1NC12CC(C1)C2
scent_seh,hub_batching,54,54,82,1,7.441839694976807,Brc1ccc2nc(C3CNC3)[nH]c2c1,O=C(Nc1cccc(Br)c1Nc1ccc2nc(C3CNC3)[nH]c2c1)C1CCN1
scent_seh,hub_batching,55,55,83,1,7.296876430511475,Brc1ccc2nc(C3CNC3)[nH]c2c1,O=C(NCc1cn(CC2CC2)c2ccccc12)N1CC(c2nc3ccc(Br)cc3[nH]2)C1
scent_seh,hub_batching,56,56,84,1,7.259602069854736,Brc1ccc2nc(C3CNC3)[nH]c2c1,CC(Nc1ccc2nc(C3CNC3)[nH]c2c1)c1ccccc1
scent_seh,hub_batching,57,57,85,1,7.2430901527404785,Brc1ccc2nc(C3CNC3)[nH]c2c1,c1ccc2c(CNc3ccc4nc(C5CNC5)[nH]c4c3)c[nH]c2c1
scent_seh,hub_batching,58,58,86,1,7.220583438873291,Brc1ccc2nc(C3CNC3)[nH]c2c1,Brc1ccc(NCC2CCN2c2ccc3nc(C4CNC4)[nH]c3c2)cc1
scent_seh,hub_batching,59,59,87,1,7.154712200164795,Brc1ccc2nc(C3CNC3)[nH]c2c1,O=C(NCCc1ccccc1Br)C1CCN1c1ccc2nc(C3CNC3)[nH]c2c1
scent_seh,hub_batching,60,60,88,1,7.134370803833008,Brc1ccc2nc(C3CNC3)[nH]c2c1,c1cncc(-c2ccc3nc(C4CNC4)[nH]c3c2)c1
scent_seh,hub_batching,61,61,89,1,7.096343994140625,Brc1ccc2nc(C3CNC3)[nH]c2c1,Brc1ccc(Nc2ccc3nc(C4CNC4)[nH]c3c2)c(NCC2CCN2)c1
scent_seh,hub_batching,62,62,90,1,7.054425239562988,Brc1ccc2nc(C3CNC3)[nH]c2c1,c1cc(CCNc2ccc3nc(C4CNC4)[nH]c3c2)ccn1
scent_seh,hub_batching,63,63,91,1,7.011948108673096,Brc1ccc2nc(C3CNC3)[nH]c2c1,C#Cc1ccc2nc(C3CNC3)[nH]c2c1
scent_seh,hub_batching,64,64,93,2,7.792909622192383,O=C(O)c1ccc2nc(C3CNC3)oc2c1,O=C(NC1CC1)c1ccc2nc(C3CNC3)oc2c1
scent_seh,hub_batching,65,65,94,1,7.3569111824035645,O=C(O)c1ccc2nc(C3CNC3)oc2c1,O=C(c1ccc2nc(C3CNC3)oc2c1)N1CCC1CNc1ccc(Br)cc1
scent_seh,hub_batching,66,66,95,1,7.100330352783203,O=C(O)c1ccc2nc(C3CNC3)oc2c1,O=C(c1ccc2nc(C3CNC3)oc2c1)N1CC(c2nc3cc(Br)ccc3o2)C1
scent_seh,hub_batching,67,67,96,1,7.066390037536621,O=C(O)c1ccc2nc(C3CNC3)oc2c1,O=C(c1ccc2nc(C3CNC3)oc2c1)N(CC1Cc2ccccc2CN1)c1cc(Br)n[nH]1
scent_seh,hub_batching,68,68,97,1,7.0171284675598145,O=C(O)c1ccc2nc(C3CNC3)oc2c1,O=C(NCCc1c[nH]c2ccc(O)cc12)c1ccc2nc(C3CNC3)oc2c1
scent_seh,hub_batching,69,69,98,1,7.016695022583008,O=C(O)c1ccc2nc(C3CNC3)oc2c1,O=C(c1ccc2nc(C3CNC3)oc2c1)N(CC1CCN1)c1ccc(Br)cc1
scent_seh,hub_batching,70,70,100,2,8.078818321228027,OB(O)c1ccc(NCC2Cc3ccccc3CN2)cc1,c1ccc2c(c1)CNC(CNc1ccc(-c3cc(NCC4Cc5ccccc5CN4)[nH]n3)cc1)C2
scent_seh,hub_batching,71,71,101,1,7.871230125427246,OB(O)c1ccc(NCC2Cc3ccccc3CN2)cc1,c1ccc2c(c1)CNC(CNc1ccc(-c3ccc4oc(C5CNC5)nc4c3)cc1)C2
scent_seh,hub_batching,72,72,102,1,7.73753547668457,OB(O)c1ccc(NCC2Cc3ccccc3CN2)cc1,c1ccc2c(c1)CNC(CNc1ccc(-c3cccc4nc(C5CNC5)[nH]c34)cc1)C2
scent_seh,hub_batching,73,73,103,1,7.680466175079346,OB(O)c1ccc(NCC2Cc3ccccc3CN2)cc1,c1ccc2c(c1)CNC(CNc1ccc(-c3ccc4c(CNC56CC(C5)C6)c[nH]c4c3)cc1)C2
scent_seh,hub_batching,74,74,104,1,7.599301338195801,OB(O)c1ccc(NCC2Cc3ccccc3CN2)cc1,Nc1c(NC(=O)C2CCN2)cccc1-c1ccc(NCC2Cc3ccccc3CN2)cc1
scent_seh,hub_batching,75,75,106,2,7.8615522384643555,OB(O)c1ccc(-c2nnn(CC3CC3)n2)s1,c1cc(-c2ccc(-c3nnn(CC4CC4)n3)s2)ccc1NCC1CCN1
scent_seh,hub_batching,76,76,107,1,7.821521282196045,OB(O)c1ccc(-c2nnn(CC3CC3)n2)s1,NC(C(=O)Nc1cc(-c2ccc(-c3nnn(CC4CC4)n3)s2)n[nH]1)c1ccccc1
scent_seh,hub_batching,77,77,108,1,7.810238838195801,OB(O)c1ccc(-c2nnn(CC3CC3)n2)s1,O=C(NCCc1ccccc1-c1ccc(-c2nnn(CC3CC3)n2)s1)C1CCN1
scent_seh,hub_batching,78,78,109,1,7.774138927459717,OB(O)c1ccc(-c2nnn(CC3CC3)n2)s1,c1cc2oc(C3CCCN3)nc2cc1-c1ccc(-c2nnn(CC3CC3)n2)s1
scent_seh,hub_batching,79,79,110,1,7.769114017486572,OB(O)c1ccc(-c2nnn(CC3CC3)n2)s1,c1cc(-c2ccc(-c3nnn(CC4CC4)n3)s2)c2nc(C3CNC3)[nH]c2c1
scent_seh,hub_batching,80,80,112,2,8.036407470703125,O=Cc1ccc(C(=O)NC2CC2)cc1,O=C(NC1CC1)c1ccc(CNCc2cn(CC3CC3)c3ccccc23)cc1
scent_seh,hub_batching,81,81,113,1,7.731696605682373,O=Cc1ccc(C(=O)NC2CC2)cc1,O=C(NC1CC1)c1ccc(CNC23CC(C2)C3)cc1
scent_seh,hub_batching,82,82,114,1,7.401340007781982,O=Cc1ccc(C(=O)NC2CC2)cc1,O=C(NC1CC1)c1ccc(CNc2c(Br)cccc2NC(=O)C2CCN2)cc1
scent_seh,hub_batching,83,83,115,1,7.350040912628174,O=Cc1ccc(C(=O)NC2CC2)cc1,O=C(NC1CC1)c1ccc(CNc2ccnc3ccccc23)cc1
scent_seh,hub_batching,84,84,116,1,7.3297505378723145,O=Cc1ccc(C(=O)NC2CC2)cc1,O=C(NC1CC1)c1ccc(CN2CC(c3nc4cc(Br)ccc4o3)C2)cc1
scent_seh,hub_batching,85,85,117,1,7.2777886390686035,O=Cc1ccc(C(=O)NC2CC2)cc1,O=C(NC1CC1)c1ccc(CNCc2c[nH]c3ccccc23)cc1
scent_seh,hub_batching,86,86,118,1,7.188083648681641,O=Cc1ccc(C(=O)NC2CC2)cc1,O=C(NC1CC1)c1ccc(CNc2ccc(Br)cc2NCC2CCN2)cc1
scent_seh,hub_batching,87,87,119,1,7.165685653686523,O=Cc1ccc(C(=O)NC2CC2)cc1,O=C(NC1CC1)c1ccc(CN2CC(c3nc4cccc(Br)c4[nH]3)C2)cc1
scent_seh,hub_batching,88,88,120,1,7.122122764587402,O=Cc1ccc(C(=O)NC2CC2)cc1,O=C(NC1CC1)c1ccc(CN2CCC2CNc2ccc(Br)cc2)cc1
scent_seh,hub_batching,89,89,121,1,7.099496841430664,O=Cc1ccc(C(=O)NC2CC2)cc1,O=C(NC1CC1)c1ccc(CN2CCC2C(=O)NCCc2ccccc2Br)cc1
scent_seh,hub_batching,90,90,122,1,7.092392444610596,O=Cc1ccc(C(=O)NC2CC2)cc1,O=C(NC1CC1)c1ccc(C2NCCc3ccccc32)cc1
scent_seh,hub_batching,91,91,123,1,7.086090087890625,O=Cc1ccc(C(=O)NC2CC2)cc1,O=C(NC1CC1)c1ccc(-c2nc3ccccc3o2)cc1
scent_seh,hub_batching,92,92,124,1,7.03484582901001,O=Cc1ccc(C(=O)NC2CC2)cc1,O=C(NC1CC1)c1ccc(CNCCc2ccccc2)cc1
scent_seh,hub_batching,93,93,126,2,8.072936058044434,OB(O)c1cccc(-c2nnn(CC3CC3)n2)c1,c1cc(-c2ccc3nc(C4CNC4)[nH]c3c2)cc(-c2nnn(CC3CC3)n2)c1
scent_seh,hub_batching,94,94,127,1,8.021984100341797,OB(O)c1cccc(-c2nnn(CC3CC3)n2)c1,c1cc(-c2cc(NCC3CCN3)[nH]n2)cc(-c2nnn(CC3CC3)n2)c1
scent_seh,hub_batching,95,95,128,1,7.838138103485107,OB(O)c1cccc(-c2nnn(CC3CC3)n2)c1,Nc1c(NC(=O)C2CCN2)cccc1-c1cccc(-c2nnn(CC3CC3)n2)c1
scent_seh,hub_batching,96,96,129,1,7.462717056274414,OB(O)c1cccc(-c2nnn(CC3CC3)n2)c1,Fc1ncc(-c2cccc(-c3nnn(CC4CC4)n3)c2)cn1
scent_seh,hub_batching,97,97,131,2,7.859042644500732,Nc1ccc(-c2nnn(CC3CC3)n2)cc1N,Nc1ccc(-c2nnn(CC3CC3)n2)cc1NCc1ccc(C(=O)NC2CC2)cc1
scent_seh,hub_batching,98,98,132,1,7.7585625648498535,Nc1ccc(-c2nnn(CC3CC3)n2)cc1N,Nc1cc(-c2nnn(CC3CC3)n2)ccc1Nc1ccc2[nH]c(C3CNC3)nc2c1
scent_seh,hub_batching,99,99,133,1,7.584573745727539,Nc1ccc(-c2nnn(CC3CC3)n2)cc1N,Nc1ccc(-c2nnn(CC3CC3)n2)cc1Nc1cccc2nc(C3CNC3)[nH]c12
scent_seh,hub_batching,100,100,134,1,7.570845603942871,Nc1ccc(-c2nnn(CC3CC3)n2)cc1N,Nc1cc(-c2nnn(CC3CC3)n2)ccc1NC(=O)C1Cc2ccccc2CN1
scent_seh,hub_batching,101,101,135,1,7.405994892120361,Nc1ccc(-c2nnn(CC3CC3)n2)cc1N,Nc1ccc(-c2nnn(CC3CC3)n2)cc1NC(=O)Nc1ccnc2ccccc12
scent_seh,hub_batching,102,102,136,1,7.156123638153076,Nc1ccc(-c2nnn(CC3CC3)n2)cc1N,Nc1cc(-c2nnn(CC3CC3)n2)ccc1NC(=O)NCCc1c[nH]c2ccccc12
scent_seh,hub_batching,103,103,137,1,7.15514612197876,Nc1ccc(-c2nnn(CC3CC3)n2)cc1N,Nc1ccc(Nc2cc(-c3nnn(CC4CC4)n3)ccc2N)cc1NCC1CCN1
scent_seh,hub_batching,104,104,138,1,7.024738788604736,Nc1ccc(-c2nnn(CC3CC3)n2)cc1N,Nc1cc(-c2nnn(CC3CC3)n2)ccc1NC(=O)Nc1ccc(Br)cc1NCC1CCN1
scent_seh,hub_batching,105,105,139,1,7.011616230010986,Nc1ccc(-c2nnn(CC3CC3)n2)cc1N,Nc1cc(-c2nnn(CC3CC3)n2)ccc1NCc1nc2ccccc2[nH]1
scent_seh,hub_batching,106,106,142,3,8.308502197265625,OB(O)c1cccc(NCc2ccc(-c3nnn(CC4CC4)n3)nc2)c1,O=C(Nc1cc(-c2cccc(NCc3ccc(-c4nnn(CC5CC5)n4)nc3)c2)n[nH]1)C1CNC1
scent_seh,hub_batching,107,107,143,1,7.1188459396362305,OB(O)c1cccc(NCc2ccc(-c3nnn(CC4CC4)n3)nc2)c1,Oc1c(-c2cccc(NCc3ccc(-c4nnn(CC5CC5)n4)nc3)c2)c(C(F)(F)F)nc2ccccc12
scent_seh,hub_batching,108,108,144,1,7.043988227844238,OB(O)c1cccc(NCc2ccc(-c3nnn(CC4CC4)n3)nc2)c1,OB(O)c1cccc(N(Cc2ccc(-c3nnn(CC4CC4)n3)nc2)c2cc(NCC3Cc4ccccc4CN3)[nH]n2)c1
scent_seh,hub_batching,109,109,146,2,7.936527729034424,O=C(O)c1ccc2nc(C3Cc4ccccc4CN3)oc2c1,O=C(NCc1cn(CC2CC2)c2ccccc12)c1ccc2nc(C3Cc4ccccc4CN3)oc2c1
scent_seh,hub_batching,110,110,147,1,7.323243141174316,O=C(O)c1ccc2nc(C3Cc4ccccc4CN3)oc2c1,O=C(Nc1ccc(Br)cc1NCC1CCN1)c1ccc2nc(C3Cc4ccccc4CN3)oc2c1
scent_seh,hub_batching,111,111,148,1,7.295373439788818,O=C(O)c1ccc2nc(C3Cc4ccccc4CN3)oc2c1,O=C(c1ccc2nc(C3Cc4ccccc4CN3)oc2c1)N1CC(c2nc3cc(Br)ccc3[nH]2)C1
scent_seh,hub_batching,112,112,149,1,7.20606803894043,O=C(O)c1ccc2nc(C3Cc4ccccc4CN3)oc2c1,O=C(NCCc1ccccc1Br)C1CCN1C(=O)c1ccc2nc(C3Cc4ccccc4CN3)oc2c1
scent_seh,hub_batching,113,113,151,2,7.549699783325195,O=C(O)c1ccc2nc(C3CNC3)[nH]c2c1,O=C(NCc1ccccc1)c1ccc2nc(C3CNC3)[nH]c2c1
scent_seh,hub_batching,114,114,152,1,7.21322774887085,O=C(O)c1ccc2nc(C3CNC3)[nH]c2c1,O=C(Nc1ccc(Br)cc1)C1CCN1C(=O)c1ccc2nc(C3CNC3)[nH]c2c1
scent_seh,hub_batching,115,115,153,1,7.155415058135986,O=C(O)c1ccc2nc(C3CNC3)[nH]c2c1,O=C(c1ccc2nc(C3CNC3)[nH]c2c1)N1CC(c2nc3cc(Br)ccc3[nH]2)C1
scent_seh,hub_batching,116,116,154,1,7.123693943023682,O=C(O)c1ccc2nc(C3CNC3)[nH]c2c1,O=C(Nc1cccc2cc[nH]c12)c1ccc2nc(C3CNC3)[nH]c2c1
scent_seh,hub_batching,117,117,155,1,7.109241485595703,O=C(O)c1ccc2nc(C3CNC3)[nH]c2c1,O=C(c1ccc2nc(C3CNC3)[nH]c2c1)N1CCCC1c1nc2cc(Br)ccc2o1
scent_seh,hub_batching,118,118,156,1,7.019070148468018,O=C(O)c1ccc2nc(C3CNC3)[nH]c2c1,O=C(Nc1nc(F)nc2[nH]cnc12)c1ccc2nc(C3CNC3)[nH]c2c1
scent_seh,hub_batching,119,119,159,3,8.286947250366211,Nc1ccc(-c2cn(CC3CC3)nn2)cc1,O=C(NC1CC1)c1ccc(CNc2ccc(-c3cn(CC4CC4)nn3)cc2)cc1
scent_seh,hub_batching,120,120,160,1,8.200479507446289,Nc1ccc(-c2cn(CC3CC3)nn2)cc1,c1cc(-c2cn(CC3CC3)nn2)ccc1Nc1ccc2oc(C3CNC3)nc2c1
scent_seh,hub_batching,121,121,161,1,8.140591621398926,Nc1ccc(-c2cn(CC3CC3)nn2)cc1,O=C(Nc1ccc(Nc2ccc(-c3cn(CC4CC4)nn3)cc2)cc1)C1CCN1
scent_seh,hub_batching,122,122,162,1,8.133258819580078,Nc1ccc(-c2cn(CC3CC3)nn2)cc1,c1cc(Nc2ccc(-c3cn(CC4CC4)nn3)cc2)c2[nH]c(C3CNC3)nc2c1
scent_seh,hub_batching,123,123,163,1,8.015612602233887,Nc1ccc(-c2cn(CC3CC3)nn2)cc1,c1ccc2c(c1)CNC(CNc1cc(Nc3ccc(-c4cn(CC5CC5)nn4)cc3)n[nH]1)C2
scent_seh,hub_batching,124,124,164,1,8.00110912322998,Nc1ccc(-c2cn(CC3CC3)nn2)cc1,O=C(Nc1ccc(-c2cn(CC3CC3)nn2)cc1)Nc1ccnc2ccccc12
scent_seh,hub_batching,125,125,165,1,7.730938911437988,Nc1ccc(-c2cn(CC3CC3)nn2)cc1,O=C(NCCc1c[nH]c2ccccc12)Nc1ccc(-c2cn(CC3CC3)nn2)cc1
scent_seh,hub_batching,126,126,166,1,7.573763370513916,Nc1ccc(-c2cn(CC3CC3)nn2)cc1,c1ccc2[nH]c(CNc3ccc(-c4cn(CC5CC5)nn4)cc3)nc2c1
scent_seh,hub_batching,127,127,167,1,7.466856479644775,Nc1ccc(-c2cn(CC3CC3)nn2)cc1,c1ccc2nc(Nc3ccc(-c4cn(CC5CC5)nn4)cc3)ccc2c1
scent_seh,hub_batching,128,128,168,1,7.440120220184326,Nc1ccc(-c2cn(CC3CC3)nn2)cc1,O=C(Nc1ccc(-c2cn(CC3CC3)nn2)cc1)Nc1nc(F)nc2[nH]cnc12
scent_seh,hub_batching,129,129,169,1,7.406495094299316,Nc1ccc(-c2cn(CC3CC3)nn2)cc1,N#Cc1ccc(C(=O)Nc2ccc(-c3cn(CC4CC4)nn3)cc2)cn1
scent_seh,hub_batching,130,130,170,1,7.286428928375244,Nc1ccc(-c2cn(CC3CC3)nn2)cc1,O=C(Nc1ccc(-c2cn(CC3CC3)nn2)cc1)N1CCC1CNc1ccc(Br)cc1
scent_seh,hub_batching,131,131,171,1,7.169148921966553,Nc1ccc(-c2cn(CC3CC3)nn2)cc1,O=C(Nc1ccc(-c2cn(CC3CC3)nn2)cc1)N(CC1Cc2ccccc2CN1)c1cc(Br)n[nH]1
scent_seh,hub_batching,132,132,172,1,7.155729293823242,Nc1ccc(-c2cn(CC3CC3)nn2)cc1,Brc1ccc2c(CNc3ccc(-c4cn(CC5CC5)nn4)cc3)c[nH]c2c1
scent_seh,hub_batching,133,133,173,1,7.145613193511963,Nc1ccc(-c2cn(CC3CC3)nn2)cc1,ClCC(Nc1ccc(-c2cn(CC3CC3)nn2)cc1)c1ccccc1
scent_seh,hub_batching,134,134,174,1,7.066540718078613,Nc1ccc(-c2cn(CC3CC3)nn2)cc1,COc1ccc(C(F)(F)F)cc1CNc1ccc(-c2cn(CC3CC3)nn2)cc1
scent_seh,hub_batching,135,135,175,1,7.019869327545166,Nc1ccc(-c2cn(CC3CC3)nn2)cc1,c1cc(-c2cn(CC3CC3)nn2)ccc1NCC1CCCNC1
scent_seh,hub_batching,136,136,176,1,7.006931304931641,Nc1ccc(-c2cn(CC3CC3)nn2)cc1,O=C(Nc1ccc(-c2cn(CC3CC3)nn2)cc1)N1CC(c2nc3c(Br)cccc3[nH]2)C1
scent_seh,hub_batching,137,137,178,2,7.9479522705078125,O=C(NC1CC1)c1cccc(B(O)O)c1,O=C(NC1CC1)c1cccc(-c2cc(NC(=O)C3Cc4ccccc4CN3)[nH]n2)c1
scent_seh,hub_batching,138,138,179,1,7.872474193572998,O=C(NC1CC1)c1cccc(B(O)O)c1,O=C(NC1CC1)c1cccc(-c2ccc(NCC3CCN3)cc2)c1
scent_seh,hub_batching,139,139,180,1,7.686997890472412,O=C(NC1CC1)c1cccc(B(O)O)c1,O=C(NC1CC1)c1cccc(-c2ccccc2CCNC(=O)C2CCN2)c1
scent_seh,hub_batching,140,140,181,1,7.460282325744629,O=C(NC1CC1)c1cccc(B(O)O)c1,O=C(NC1CC1)c1cccc(-c2cccc3[nH]c(C4CNC4)nc23)c1
scent_seh,hub_batching,141,141,182,1,7.108837604522705,O=C(NC1CC1)c1cccc(B(O)O)c1,O=C(NC1CC1)c1cccc(-c2cnc(F)nc2)c1
scent_seh,hub_batching,142,142,184,2,8.2710599899292,O=Cc1cccc(C2=NCCc3ccccc32)c1,c1cc(CNc2ccc(-c3cn(CC4CC4)nn3)cc2)cc(C2=NCCc3ccccc32)c1
scent_seh,hub_batching,143,143,185,1,7.717276096343994,O=Cc1cccc(C2=NCCc3ccccc32)c1,c1cc(CNCc2cn(CC3CC3)c3ccccc23)cc(C2=NCCc3ccccc32)c1
scent_seh,hub_batching,144,144,186,1,7.46534538269043,O=Cc1cccc(C2=NCCc3ccccc32)c1,c1cc(C2=NCCc3ccccc32)cc(C2NCCc3ccccc32)c1
scent_seh,hub_batching,145,145,187,1,7.3355231285095215,O=Cc1cccc(C2=NCCc3ccccc32)c1,Brc1ccc2c(CN(Cc3cccc(C4=NCCc5ccccc54)c3)C34CC(C3)C4)c[nH]c2c1
scent_seh,hub_batching,146,146,188,1,7.313938140869141,O=Cc1cccc(C2=NCCc3ccccc32)c1,O=C(Nc1cccc(Br)c1NCc1cccc(C2=NCCc3ccccc32)c1)C1CCN1
scent_seh,hub_batching,147,147,189,1,7.082337856292725,O=Cc1cccc(C2=NCCc3ccccc32)c1,c1cc(C2=NCCc3ccccc32)cc(-c2nc3ccccc3o2)c1
scent_seh,hub_batching,148,148,190,1,7.072824954986572,O=Cc1cccc(C2=NCCc3ccccc32)c1,O=C(Nc1ccc(Br)cc1)C1CCN1Cc1cccc(C2=NCCc3ccccc32)c1
scent_seh,hub_batching,149,149,191,1,7.068039417266846,O=Cc1cccc(C2=NCCc3ccccc32)c1,Brc1cc(N(Cc2cccc(C3=NCCc4ccccc43)c2)CC2Cc3ccccc3CN2)[nH]n1
scent_seh,hub_batching,150,150,193,2,7.429516315460205,O=C(O)c1ccc2[nH]c(C3CNC3)nc2c1,O=C(Nc1ccnc2ccccc12)c1ccc2[nH]c(C3CNC3)nc2c1
scent_seh,hub_batching,151,151,194,1,7.387990474700928,O=C(O)c1ccc2[nH]c(C3CNC3)nc2c1,O=C(NCc1ccc(C(F)(F)F)cc1)c1ccc2[nH]c(C3CNC3)nc2c1
scent_seh,hub_batching,152,152,195,1,7.3618245124816895,O=C(O)c1ccc2[nH]c(C3CNC3)nc2c1,O=C(NCCc1c[nH]c2ccccc12)c1ccc2[nH]c(C3CNC3)nc2c1
scent_seh,hub_batching,153,153,196,1,7.343421936035156,O=C(O)c1ccc2[nH]c(C3CNC3)nc2c1,CC(NC(=O)c1ccc2[nH]c(C3CNC3)nc2c1)c1ccccc1
scent_seh,hub_batching,154,154,198,2,7.469055652618408,O=C(O)c1ccc2nc(C3CCN3)oc2c1,O=C(NCc1c[nH]c2ccccc12)c1ccc2nc(C3CCN3)oc2c1
scent_seh,hub_batching,155,155,199,1,7.266999244689941,O=C(O)c1ccc2nc(C3CCN3)oc2c1,CC(NC(=O)c1ccc2nc(C3CCN3)oc2c1)c1ccccc1
scent_seh,hub_batching,156,156,200,1,7.099968433380127,O=C(O)c1ccc2nc(C3CCN3)oc2c1,O=C(O)c1ccc2nc(C3CCN3c3cc(NC(=O)C4CNC4)[nH]n3)oc2c1
scent_seh,hub_batching,157,157,202,2,7.664749622344971,O=C(O)c1ccc2oc(C3CNC3)nc2c1,O=C(NCc1ccccc1)c1ccc2oc(C3CNC3)nc2c1
scent_seh,hub_batching,158,158,204,2,7.958462238311768,O=C(NC1CC1)c1ccc(CCl)cc1,O=C(NC1CC1)c1ccc(COC2CN3CCC2CC3)cc1
scent_seh,hub_batching,159,159,205,1,7.7255940437316895,O=C(NC1CC1)c1ccc(CCl)cc1,O=C(NC1CC1)c1ccc(COCC2CNC2)cc1
scent_seh,hub_batching,160,160,206,1,7.289546966552734,O=C(NC1CC1)c1ccc(CCl)cc1,O=C(NC1CC1)c1ccc(Cn2c(C3CNC3)nc3cc(Br)ccc32)cc1
scent_seh,hub_batching,161,161,207,1,7.203577518463135,O=C(NC1CC1)c1ccc(CCl)cc1,O=C(NC1CC1)c1ccc(Cn2cc(CNC34CC(C3)C4)c3ccc(Br)cc32)cc1
scent_seh,hub_batching,162,162,209,2,7.276583194732666,O=Cc1cn(CC2CC2)c2ccccc12,c1ccc2c(c1)CCNC2c1cn(CC2CC2)c2ccccc12
scent_seh,hub_batching,163,163,210,1,7.058981895446777,O=Cc1cn(CC2CC2)c2ccccc12,O=C(NCCc1ccccc1Br)C1CCN1Cc1cn(CC2CC2)c2ccccc12
scent_seh,hub_batching,164,164,213,3,8.29788875579834,OB(O)c1cccc(NCc2ccc3oc(C4CNC4)nc3c2)c1,O=C(Nc1cc(-c2cccc(NCc3ccc4oc(C5CNC5)nc4c3)c2)n[nH]1)C1CNC1
scent_seh,hub_batching,165,165,214,1,8.069985389709473,OB(O)c1cccc(NCc2ccc3oc(C4CNC4)nc3c2)c1,c1cc(NCc2ccc3oc(C4CNC4)nc3c2)cc(-c2ccc3c(CNC45CC(C4)C5)c[nH]c3c2)c1
scent_seh,hub_batching,166,166,215,1,7.019896030426025,OB(O)c1cccc(NCc2ccc3oc(C4CNC4)nc3c2)c1,O=C(Nc1cc(N(Cc2ccc3oc(C4CNC4)nc3c2)c2cccc(B(O)O)c2)n[nH]1)C1Cc2ccccc2CN1
scent_seh,hub_batching,167,167,217,2,7.347329616546631,O=Cc1cccc(C(=O)NC2CC2)c1,O=C(NC1CC1)c1cccc(C2Nc3ccccc3-n3cccc32)c1
scent_seh,hub_batching,168,168,218,1,7.05363130569458,O=Cc1cccc(C(=O)NC2CC2)c1,O=C(NC1CC1)c1cccc(C2NCCc3ccc(O)cc32)c1
scent_seh,hub_batching,169,169,220,2,7.635872840881348,O=C(O)c1cccc2oc(C3CNC3)nc12,O=C(NC1CC1)c1cccc2oc(C3CNC3)nc12
scent_seh,hub_batching,170,170,221,1,7.0958476066589355,O=C(O)c1cccc2oc(C3CNC3)nc12,O=C(NCCc1ccccc1Br)C1CCN1C(=O)c1cccc2oc(C3CNC3)nc12
scent_seh,hub_batching,171,171,224,3,8.24394416809082,NCCc1cn(Cc2ccc(-c3nnn(CC4CC4)n3)cc2)c2ccccc12,c1ccc2c(c1)c(CCNc1ccc3oc(C4CNC4)nc3c1)cn2Cc1ccc(-c2nnn(CC3CC3)n2)cc1
scent_seh,hub_batching,172,172,225,1,7.7345099449157715,NCCc1cn(Cc2ccc(-c3nnn(CC4CC4)n3)cc2)c2ccccc12,O=C(NCCc1cn(Cc2ccc(-c3nnn(CC4CC4)n3)cc2)c2ccccc12)Nc1c(Br)cccc1NC(=O)C1CCN1
scent_seh,hub_batching,173,173,226,1,7.595061779022217,NCCc1cn(Cc2ccc(-c3nnn(CC4CC4)n3)cc2)c2ccccc12,c1ccc2c(c1)c1c(n2Cc2ccc(-c3nnn(CC4CC4)n3)cc2)C(C2CCN2)=NCC1
scent_seh,hub_batching,174,174,227,1,7.302018165588379,NCCc1cn(Cc2ccc(-c3nnn(CC4CC4)n3)cc2)c2ccccc12,O=C(NCCc1cn(Cc2ccc(-c3nnn(CC4CC4)n3)cc2)c2ccccc12)N(Cc1c[nH]c2cc(Br)ccc12)C12CC(C1)C2
scent_seh,hub_batching,175,175,228,1,7.050966739654541,NCCc1cn(Cc2ccc(-c3nnn(CC4CC4)n3)cc2)c2ccccc12,Fc1cc(C2NCCc3c2n(Cc2ccc(-c4nnn(CC5CC5)n4)cc2)c2ccccc32)ccn1
scent_seh,hub_batching,176,176,230,2,7.792018890380859,O=C(NCc1c[nH]c2ccccc12)C1CCN1,O=C(NCc1c[nH]c2ccccc12)C1CCN1c1cc(NCC2Cc3ccccc3CN2)[nH]n1
scent_seh,hub_batching,177,177,231,1,7.57595682144165,O=C(NCc1c[nH]c2ccccc12)C1CCN1,O=C(NCc1c[nH]c2ccccc12)C1CCN1c1ccc2oc(C3CNC3)nc2c1
scent_seh,hub_batching,178,178,232,1,7.298681735992432,O=C(NCc1c[nH]c2ccccc12)C1CCN1,Nc1c(NC(=O)C2CCN2)cccc1N1CCC1C(=O)NCc1c[nH]c2ccccc12
scent_seh,hub_batching,179,179,234,2,7.634172439575195,O=C(NCc1c[nH]c2ccccc12)C1CNC1,O=C(NCc1c[nH]c2ccccc12)C1CN(c2cc(NC(=O)C3Cc4ccccc4CN3)[nH]n2)C1
scent_seh,hub_batching,180,180,235,1,7.435288906097412,O=C(NCc1c[nH]c2ccccc12)C1CNC1,Nc1ccc(N2CC(C(=O)NCc3c[nH]c4ccccc34)C2)cc1NCC1CCN1
scent_seh,hub_batching,181,181,236,1,7.364098072052002,O=C(NCc1c[nH]c2ccccc12)C1CNC1,O=C(NCc1c[nH]c2ccccc12)C1CN(c2ccccc2CCNC(=O)C2CCN2)C1
scent_seh,hub_batching,182,182,237,1,7.10195779800415,O=C(NCc1c[nH]c2ccccc12)C1CNC1,O=C(NCc1c[nH]c2ccccc12)C1CN(C(=O)N2CC(c3nc4cc(Br)ccc4o3)C2)C1
scent_seh,hub_batching,183,183,238,1,7.074402332305908,O=C(NCc1c[nH]c2ccccc12)C1CNC1,O=C(NCc1c[nH]c2ccccc12)C1CN(C(=O)N2CCC2C(=O)Nc2ccc(Br)cc2)C1
scent_seh,hub_batching,184,184,239,1,7.049600601196289,O=C(NCc1c[nH]c2ccccc12)C1CNC1,O=C(NCc1c[nH]c2ccccc12)C1CN(C(=O)Nc2ccnc3ccccc23)C1
scent_seh,hub_batching,185,185,241,2,7.973347187042236,BrCc1cccc(-c2nnn(CC3CC3)n2)c1,c1cc(COC2CN3CCC2CC3)cc(-c2nnn(CC3CC3)n2)c1
scent_seh,hub_batching,186,186,242,1,7.2185187339782715,BrCc1cccc(-c2nnn(CC3CC3)n2)c1,Brc1ccc2c(c1)nc(C1CNC1)n2Cc1cccc(-c2nnn(CC3CC3)n2)c1
scent_seh,hub_batching,187,187,243,1,7.096429824829102,BrCc1cccc(-c2nnn(CC3CC3)n2)c1,Brc1ccc2c(CNC34CC(C3)C4)cn(Cc3cccc(-c4nnn(CC5CC5)n4)c3)c2c1
scent_seh,hub_batching,188,188,245,2,8.114702224731445,OB(O)c1cccc(NCC2Cc3ccccc3CN2)c1,O=C(Nc1cc(-c2cccc(NCC3Cc4ccccc4CN3)c2)n[nH]1)C1CNC1
scent_seh,hub_batching,189,189,246,1,7.974534511566162,OB(O)c1cccc(NCC2Cc3ccccc3CN2)c1,c1cc(NCC2Cc3ccccc3CN2)cc(-c2cccc3[nH]c(C4CNC4)nc23)c1
scent_seh,hub_batching,190,190,247,1,7.84287691116333,OB(O)c1cccc(NCC2Cc3ccccc3CN2)c1,Nc1ccc(-c2cccc(NCC3Cc4ccccc4CN3)c2)cc1NCC1CCN1
scent_seh,hub_batching,191,191,248,1,7.75093936920166,OB(O)c1cccc(NCC2Cc3ccccc3CN2)c1,O=C(NCCc1ccccc1-c1cccc(NCC2Cc3ccccc3CN2)c1)C1CCN1
scent_seh,hub_batching,192,192,251,3,8.134528160095215,Nc1cccc2ccn(Cc3ccc(-c4nnn(CC5CC5)n4)cc3)c12,O=C(Nc1cccc2ccn(Cc3ccc(-c4nnn(CC5CC5)n4)cc3)c12)C1CCN1
scent_seh,hub_batching,193,193,252,1,7.787919044494629,Nc1cccc2ccn(Cc3ccc(-c4nnn(CC5CC5)n4)cc3)c12,c1ccc2c(c1)CNC(CNc1cc(Nc3cccc4ccn(Cc5ccc(-c6nnn(CC7CC7)n6)cc5)c34)n[nH]1)C2
scent_seh,hub_batching,194,194,255,3,8.201417922973633,NCc1cn(Cc2ccc(C(=O)NC3CC3)cc2)c2ccccc12,O=C(NC1CC1)c1ccc(Cn2cc(CNc3ccc4nc(C5CNC5)oc4c3)c3ccccc32)cc1
scent_seh,hub_batching,195,195,256,1,7.984673976898193,NCc1cn(Cc2ccc(C(=O)NC3CC3)cc2)c2ccccc12,O=C(NC1CC1)c1ccc(Cn2cc(CNc3cc(NC(=O)C4Cc5ccccc5CN4)[nH]n3)c3ccccc32)cc1
scent_seh,hub_batching,196,196,257,1,7.772251605987549,NCc1cn(Cc2ccc(C(=O)NC3CC3)cc2)c2ccccc12,O=C(NC1CC1)c1ccc(Cn2cc(CNc3ccccc3CCNC(=O)C3CCN3)c3ccccc32)cc1
scent_seh,hub_batching,197,197,258,1,7.511835098266602,NCc1cn(Cc2ccc(C(=O)NC3CC3)cc2)c2ccccc12,O=C(NC1CC1)c1ccc(Cn2cc(CNC(=O)N3CCCC3c3nc4cc(Br)ccc4o3)c3ccccc32)cc1
scent_seh,hub_batching,198,198,259,1,7.447989463806152,NCc1cn(Cc2ccc(C(=O)NC3CC3)cc2)c2ccccc12,O=C(NC1CC1)c1ccc(Cn2cc(CNC(=O)N3CC(c4nc5c(Br)cccc5[nH]4)C3)c3ccccc32)cc1
scent_seh,hub_batching,199,199,260,1,7.196389675140381,NCc1cn(Cc2ccc(C(=O)NC3CC3)cc2)c2ccccc12,O=C(NCc1cn(Cc2ccc(C(=O)NC3CC3)cc2)c2ccccc12)c1cccc(N=C=S)c1
scent_seh,hub_batching,200,200,261,1,7.16745138168335,NCc1cn(Cc2ccc(C(=O)NC3CC3)cc2)c2ccccc12,O=C(NC1CC1)c1ccc(Cn2cc(CNC(=O)N(CC3CCN3)c3cc(Br)n[nH]3)c3ccccc32)cc1
scent_seh,hub_batching,201,201,262,1,7.1097283363342285,NCc1cn(Cc2ccc(C(=O)NC3CC3)cc2)c2ccccc12,O=C(NCc1cn(Cc2ccc(C(=O)NC3CC3)cc2)c2ccccc12)Nc1nc(F)nc2[nH]cnc12
scent_seh,hub_batching,202,202,264,2,8.15133285522461,O=C(NCc1ccccc1)c1cccc(B(O)O)c1,O=C(NCc1ccccc1)c1cccc(-c2cc(NC(=O)C3CNC3)[nH]n2)c1
scent_seh,hub_batching,203,203,265,1,7.7944817543029785,O=C(NCc1ccccc1)c1cccc(B(O)O)c1,O=C(NCc1ccccc1)c1cccc(-c2ccc(NC(=O)C3CCN3)cc2)c1
scent_seh,hub_batching,204,204,266,1,7.773890495300293,O=C(NCc1ccccc1)c1cccc(B(O)O)c1,O=C(NCc1ccccc1)c1cccc(-c2ccc3oc(C4CCCN4)nc3c2)c1
scent_seh,hub_batching,205,205,267,1,7.5046772956848145,O=C(NCc1ccccc1)c1cccc(B(O)O)c1,O=C(NCc1ccccc1)c1cccc(-c2ccc3c(CNC45CC(C4)C5)c[nH]c3c2)c1
scent_seh,hub_batching,206,206,269,2,7.936507701873779,OB(O)c1cccc(NCC2CCN2)c1,NC(C(=O)Nc1cc(-c2cccc(NCC3CCN3)c2)n[nH]1)c1ccccc1
scent_seh,hub_batching,207,207,270,1,7.925957202911377,OB(O)c1cccc(NCC2CCN2)c1,c1cc(NCC2CCN2)cc(-c2ccc3nc(C4CNC4)[nH]c3c2)c1
scent_seh,hub_batching,208,208,271,1,7.495345592498779,OB(O)c1cccc(NCC2CCN2)c1,O=C(Nc1ccc(-c2cccc(NCC3CCN3)c2)cc1)C1CCN1
scent_seh,hub_batching,209,209,272,1,7.151316165924072,OB(O)c1cccc(NCC2CCN2)c1,COc1ccc(-c2cccc(NCC3CCN3)c2)cn1
scent_seh,hub_batching,210,210,274,2,7.893416881561279,O=C(NCc1c[nH]c2ccccc12)c1cccc(B(O)O)c1,O=C(NCc1c[nH]c2ccccc12)c1cccc(-c2cc(NCC3CCN3)[nH]n2)c1
scent_seh,hub_batching,211,211,275,1,7.70357084274292,O=C(NCc1c[nH]c2ccccc12)c1cccc(B(O)O)c1,O=C(NCc1c[nH]c2ccccc12)c1cccc(-c2cccc3nc(C4CNC4)[nH]c23)c1
scent_seh,hub_batching,212,212,277,2,8.096388816833496,O=C(O)c1ccc2[nH]c(C3CCN3)nc2c1,O=C(NCc1cn(CC2CC2)c2ccccc12)c1ccc2[nH]c(C3CCN3)nc2c1
scent_seh,hub_batching,213,213,278,1,7.099676132202148,O=C(O)c1ccc2[nH]c(C3CCN3)nc2c1,O=C(NCCc1ccccc1)c1ccc2[nH]c(C3CCN3)nc2c1
scent_seh,hub_batching,214,214,279,1,7.029061317443848,O=C(O)c1ccc2[nH]c(C3CCN3)nc2c1,O=C(Nc1ccccc1-n1cccc1)c1ccc2[nH]c(C3CCN3)nc2c1
scent_seh,hub_batching,215,215,280,1,7.0020976066589355,O=C(O)c1ccc2[nH]c(C3CCN3)nc2c1,O=C(c1ccc2[nH]c(C3CCN3)nc2c1)N1CCC1CNc1ccc(Br)cc1
scent_seh,hub_batching,216,216,281,1,7.000707626342773,O=C(O)c1ccc2[nH]c(C3CCN3)nc2c1,O=C(O)c1ccc2[nH]c(C3CCN3c3cc(NCC4Cc5ccccc5CN4)[nH]n3)nc2c1
scent_seh,hub_batching,217,217,283,2,7.9690632820129395,O=Cc1c[nH]c2ccc(-c3nnn(CC4CC4)n3)cc12,O=C(NC1CC1)c1ccc(Cn2cc(CNCc3c[nH]c4ccc(-c5nnn(CC6CC6)n5)cc34)c3ccccc32)cc1
scent_seh,hub_batching,218,218,284,1,7.863127708435059,O=Cc1c[nH]c2ccc(-c3nnn(CC4CC4)n3)cc12,c1ccc2c(c1)CCNC2c1c[nH]c2ccc(-c3nnn(CC4CC4)n3)cc12
scent_seh,hub_batching,219,219,285,1,7.428904056549072,O=Cc1c[nH]c2ccc(-c3nnn(CC4CC4)n3)cc12,O=C(Nc1cccc(Br)c1NCc1c[nH]c2ccc(-c3nnn(CC4CC4)n3)cc12)C1CCN1
scent_seh,hub_batching,220,220,286,1,7.272111892700195,O=Cc1c[nH]c2ccc(-c3nnn(CC4CC4)n3)cc12,O=C(Nc1ccc(Br)cc1)C1CCN1Cc1c[nH]c2ccc(-c3nnn(CC4CC4)n3)cc12
scent_seh,hub_batching,221,221,287,1,7.102147102355957,O=Cc1c[nH]c2ccc(-c3nnn(CC4CC4)n3)cc12,c1ccc2oc(-c3c[nH]c4ccc(-c5nnn(CC6CC6)n5)cc34)nc2c1
scent_seh,hub_batching,222,222,288,1,7.064622402191162,O=Cc1c[nH]c2ccc(-c3nnn(CC4CC4)n3)cc12,Brc1ccc2c(CN(Cc3c[nH]c4ccc(-c5nnn(CC6CC6)n5)cc34)C34CC(C3)C4)c[nH]c2c1
scent_seh,hub_batching,223,223,289,1,7.020020484924316,O=Cc1c[nH]c2ccc(-c3nnn(CC4CC4)n3)cc12,O=Cc1cn(CC2CC2)c2ccc(-c3nnn(CC4CC4)n3)cc12
scent_seh,hub_batching,224,224,291,2,7.310983180999756,O=C(O)c1ccc(CNC23CC(C2)C3)cc1,O=C(Nc1ccnc2ccccc12)c1ccc(CNC23CC(C2)C3)cc1
scent_seh,hub_batching,225,225,292,1,7.158999919891357,O=C(O)c1ccc(CNC23CC(C2)C3)cc1,O=C(c1ccc(CNC23CC(C2)C3)cc1)N1CC(c2nc3ccc(Br)cc3o2)C1
scent_seh,hub_batching,226,226,293,1,7.12405252456665,O=C(O)c1ccc(CNC23CC(C2)C3)cc1,O=C(NCc1c[nH]c2ccccc12)c1ccc(CNC23CC(C2)C3)cc1
scent_seh,hub_batching,227,227,294,1,7.118167400360107,O=C(O)c1ccc(CNC23CC(C2)C3)cc1,O=C(c1ccc(CNC23CC(C2)C3)cc1)N1CC(c2nc3c(Br)cccc3[nH]2)C1
scent_seh,hub_batching,228,228,295,1,7.043263912200928,O=C(O)c1ccc(CNC23CC(C2)C3)cc1,O=C(NCCc1ccccc1Br)C1CCN1C(=O)c1ccc(CNC23CC(C2)C3)cc1
scent_seh,hub_batching,229,229,296,1,7.035125732421875,O=C(O)c1ccc(CNC23CC(C2)C3)cc1,O=C(O)c1ccc(CN(c2cc(NCC3Cc4ccccc4CN3)[nH]n2)C23CC(C2)C3)cc1
scent_seh,hub_batching,230,230,297,1,7.014219284057617,O=C(O)c1ccc(CNC23CC(C2)C3)cc1,O=C(c1ccc(CNC23CC(C2)C3)cc1)N1CCC1CNc1ccc(Br)cc1
scent_seh,hub_batching,231,231,300,3,8.24132251739502,OB(O)c1cccc(NCc2ccc3[nH]c(C4CNC4)nc3c2)c1,c1cc(NCc2ccc3[nH]c(C4CNC4)nc3c2)cc(-c2ccc3[nH]c(C4CNC4)nc3c2)c1
scent_seh,hub_batching,232,232,303,3,8.13460922241211,O=C(O)c1ccc2nc(-c3ccc(-c4nnn(CC5CC5)n4)nc3)oc2c1,c1ccc2c(c1)c(CNCc1ccc3nc(-c4ccc(-c5nnn(CC6CC6)n5)nc4)oc3c1)cn2CC1CC1
scent_seh,hub_batching,233,233,304,1,7.845058917999268,O=C(O)c1ccc2nc(-c3ccc(-c4nnn(CC5CC5)n4)nc3)oc2c1,O=C(Nc1ccnc2ccccc12)c1ccc2nc(-c3ccc(-c4nnn(CC5CC5)n4)nc3)oc2c1
scent_seh,hub_batching,234,234,305,1,7.758962154388428,O=C(O)c1ccc2nc(-c3ccc(-c4nnn(CC5CC5)n4)nc3)oc2c1,c1ccc2c(c1)CCN=C2c1ccc2nc(-c3ccc(-c4nnn(CC5CC5)n4)nc3)oc2c1
scent_seh,hub_batching,235,235,306,1,7.6688232421875,O=C(O)c1ccc2nc(-c3ccc(-c4nnn(CC5CC5)n4)nc3)oc2c1,Brc1ccc2oc(C3CCCN3Cc3ccc4nc(-c5ccc(-c6nnn(CC7CC7)n6)nc5)oc4c3)nc2c1
scent_seh,hub_batching,236,236,307,1,7.5753092765808105,O=C(O)c1ccc2nc(-c3ccc(-c4nnn(CC5CC5)n4)nc3)oc2c1,O=C(Nc1cccc(Br)c1NCc1ccc2nc(-c3ccc(-c4nnn(CC5CC5)n4)nc3)oc2c1)C1CCN1
scent_seh,hub_batching,237,237,308,1,7.432616710662842,O=C(O)c1ccc2nc(-c3ccc(-c4nnn(CC5CC5)n4)nc3)oc2c1,Brc1cc(N(Cc2ccc3nc(-c4ccc(-c5nnn(CC6CC6)n5)nc4)oc3c2)CC2Cc3ccccc3CN2)[nH]n1
scent_seh,hub_batching,238,238,309,1,7.251247406005859,O=C(O)c1ccc2nc(-c3ccc(-c4nnn(CC5CC5)n4)nc3)oc2c1,O=C(NCCc1ccccc1Br)C1CCN1C(=O)c1ccc2nc(-c3ccc(-c4nnn(CC5CC5)n4)nc3)oc2c1
scent_seh,hub_batching,239,239,310,1,7.027339458465576,O=C(O)c1ccc2nc(-c3ccc(-c4nnn(CC5CC5)n4)nc3)oc2c1,Nc1ccc(Br)cc1N(CC1CCN1)C(=O)c1ccc2nc(-c3ccc(-c4nnn(CC5CC5)n4)nc3)oc2c1
scent_seh,hub_batching,240,240,313,3,7.599391460418701,Nc1ccc(NCCc2cn(CC3CC3)c3ccccc23)cc1,c1ccc2c(c1)c(CCNc1ccc(Nc3ccc4oc(C5CCCN5)nc4c3)cc1)cn2CC1CC1
scent_seh,hub_batching,241,241,314,1,7.589416980743408,Nc1ccc(NCCc2cn(CC3CC3)c3ccccc23)cc1,NC(C(=O)Nc1ccc(NCCc2cn(CC3CC3)c3ccccc23)cc1)c1ccccc1
scent_seh,hub_batching,242,242,315,1,7.496246337890625,Nc1ccc(NCCc2cn(CC3CC3)c3ccccc23)cc1,Nc1ccc(N(CCc2cn(CC3CC3)c3ccccc23)c2cc(NC(=O)C3Cc4ccccc4CN3)[nH]n2)cc1
scent_seh,hub_batching,243,243,316,1,7.452945232391357,Nc1ccc(NCCc2cn(CC3CC3)c3ccccc23)cc1,O=C(Nc1ccc(NCCc2cn(CC3CC3)c3ccccc23)cc1)N1CC(c2nc3cccc(Br)c3[nH]2)C1
scent_seh,hub_batching,244,244,317,1,7.437234401702881,Nc1ccc(NCCc2cn(CC3CC3)c3ccccc23)cc1,c1ccc2c(c1)c(CCNc1ccc(Nc3ccc4c(CNC56CC(C5)C6)c[nH]c4c3)cc1)cn2CC1CC1
scent_seh,hub_batching,245,245,318,1,7.321950912475586,Nc1ccc(NCCc2cn(CC3CC3)c3ccccc23)cc1,Nc1ccc(N(CCc2cn(CC3CC3)c3ccccc23)c2ccc3oc(C4CNC4)nc3c2)cc1
scent_seh,hub_batching,246,246,319,1,7.0912981033325195,Nc1ccc(NCCc2cn(CC3CC3)c3ccccc23)cc1,Nc1ccc(N(CCc2cn(CC3CC3)c3ccccc23)c2ccccc2CCNC(=O)C2CCN2)cc1
scent_seh,hub_batching,247,247,322,3,8.303201675415039,OB(O)c1ccc2c(ccn2Cc2ccc(-c3nnn(CC4CC4)n3)cc2)c1,O=C(Nc1cc(-c2ccc3c(ccn3Cc3ccc(-c4nnn(CC5CC5)n4)cc3)c2)n[nH]1)C1CNC1
scent_seh,hub_batching,248,248,323,1,7.152383327484131,OB(O)c1ccc2c(ccn2Cc2ccc(-c3nnn(CC4CC4)n3)cc2)c1,c1cnn2c(-c3ccc4c(ccn4Cc4ccc(-c5nnn(CC6CC6)n5)cc4)c3)cnc2c1
scent_seh,hub_batching,249,249,325,2,8.22064208984375,O=C(O)c1ccc(-c2nnnn2CC2CC2)nc1,c1cc(-c2nnnn2CC2CC2)ncc1CNc1ccc(-c2cn(CC3CC3)nn2)cc1
scent_seh,hub_batching,250,250,326,1,8.009576797485352,O=C(O)c1ccc(-c2nnnn2CC2CC2)nc1,c1ccc2c(c1)c(CCNCc1ccc(-c3nnnn3CC3CC3)nc1)cn2Cc1ccc(-c2nnn(CC3CC3)n2)cc1
scent_seh,hub_batching,251,251,327,1,7.793538570404053,O=C(O)c1ccc(-c2nnnn2CC2CC2)nc1,O=C(NCc1cn(CC2CC2)c2ccccc12)c1ccc(-c2nnnn2CC2CC2)nc1
scent_seh,hub_batching,252,252,328,1,7.2771124839782715,O=C(O)c1ccc(-c2nnnn2CC2CC2)nc1,O=C(Nc1cccc(Br)c1NCc1ccc(-c2nnnn2CC2CC2)nc1)C1CCN1
scent_seh,hub_batching,253,253,329,1,7.128390789031982,O=C(O)c1ccc(-c2nnnn2CC2CC2)nc1,c1ccc2c(NCc3ccc(-c4nnnn4CC4CC4)nc3)ccnc2c1
scent_seh,hub_batching,254,254,330,1,7.1254048347473145,O=C(O)c1ccc(-c2nnnn2CC2CC2)nc1,Brc1ccc2oc(C3CN(Cc4ccc(-c5nnnn5CC5CC5)nc4)C3)nc2c1
scent_seh,hub_batching,255,255,331,1,7.087510585784912,O=C(O)c1ccc(-c2nnnn2CC2CC2)nc1,Brc1ccc(NCc2ccc(-c3nnnn3CC3CC3)nc2)c(NCC2CCN2)c1
scent_seh,hub_batching,256,256,333,2,8.082015991210938,OB(O)c1ccc2c(ccn2CC2CC2)c1,c1cc2c(ccn2CC2CC2)cc1-c1cc(NCC2CCN2)[nH]n1
scent_seh,hub_batching,257,257,334,1,8.026056289672852,OB(O)c1ccc2c(ccn2CC2CC2)c1,O=C(Nc1ccc(-c2ccc3c(ccn3CC3CC3)c2)cc1)C1CCN1
scent_seh,hub_batching,258,258,335,1,7.996979236602783,OB(O)c1ccc2c(ccn2CC2CC2)c1,c1cc2c(ccn2CC2CC2)cc1-c1ccc2nc(C3CNC3)[nH]c2c1
scent_seh,hub_batching,259,259,336,1,7.73600435256958,OB(O)c1ccc2c(ccn2CC2CC2)c1,c1cc2c(ccn2CC2CC2)cc1-c1ccc2oc(C3CCCN3)nc2c1
scent_seh,hub_batching,260,260,337,1,7.7343363761901855,OB(O)c1ccc2c(ccn2CC2CC2)c1,O=C(NCCc1ccccc1-c1ccc2c(ccn2CC2CC2)c1)C1CCN1
scent_seh,hub_batching,261,261,338,1,7.6607890129089355,OB(O)c1ccc2c(ccn2CC2CC2)c1,c1cc2c(ccn2CC2CC2)cc1-c1ccc2c(CNC34CC(C3)C4)c[nH]c2c1
scent_seh,hub_batching,262,262,341,3,8.144084930419922,OB(O)c1cccc(NCc2ccc3nc(C4CNC4)oc3c2)c1,c1cc(NCc2ccc3nc(C4CNC4)oc3c2)cc(-c2ccc(NCC3CCN3)cc2)c1
scent_seh,hub_batching,263,263,343,2,7.898247241973877,OB(O)c1cccc(NCC2CNC2)c1,c1cc(NCC2CNC2)cc(-c2ccc3oc(C4CNC4)nc3c2)c1
scent_seh,hub_batching,264,264,344,1,7.784994125366211,OB(O)c1cccc(NCC2CNC2)c1,c1cc(NCC2CNC2)cc(-c2cccc3nc(C4CNC4)[nH]c23)c1
scent_seh,hub_batching,265,265,345,1,7.627565860748291,OB(O)c1cccc(NCC2CNC2)c1,Nc1c(NC(=O)C2CCN2)cccc1-c1cccc(NCC2CNC2)c1
scent_seh,hub_batching,266,266,346,1,7.070000171661377,OB(O)c1cccc(NCC2CNC2)c1,Fc1ncc(-c2cccc(NCC3CNC3)c2)cn1
scent_seh,hub_batching,267,267,348,2,7.943503379821777,OB(O)c1cccc(-c2nnnn2CC2CC2)c1,c1cc(-c2ccc3oc(C4CNC4)nc3c2)cc(-c2nnnn2CC2CC2)c1
scent_seh,hub_batching,268,268,349,1,7.90924596786499,OB(O)c1cccc(-c2nnnn2CC2CC2)c1,O=C(Nc1cc(-c2cccc(-c3nnnn3CC3CC3)c2)n[nH]1)C1CNC1
scent_seh,hub_batching,269,269,350,1,7.882725238800049,OB(O)c1cccc(-c2nnnn2CC2CC2)c1,c1cc(-c2ccc(NCC3CCN3)cc2)cc(-c2nnnn2CC2CC2)c1
scent_seh,hub_batching,270,270,351,1,7.746603488922119,OB(O)c1cccc(-c2nnnn2CC2CC2)c1,c1cc(-c2cccc3[nH]c(C4CNC4)nc23)cc(-c2nnnn2CC2CC2)c1
scent_seh,hub_batching,271,271,353,2,7.732602119445801,O=C(Nc1ccc(B(O)O)cc1)C1CCCN1,O=C(Nc1ccc(-c2ccc3nc(C4CNC4)[nH]c3c2)cc1)C1CCCN1
scent_seh,hub_batching,272,272,354,1,7.623507022857666,O=C(Nc1ccc(B(O)O)cc1)C1CCCN1,O=C(Nc1ccc(-c2ccc3oc(C4CCCN4)nc3c2)cc1)C1CCCN1
scent_seh,hub_batching,273,273,355,1,7.587287425994873,O=C(Nc1ccc(B(O)O)cc1)C1CCCN1,O=C(Nc1ccc(-c2cc(NCC3CCN3)[nH]n2)cc1)C1CCCN1
scent_seh,hub_batching,274,274,356,1,7.0323805809021,O=C(Nc1ccc(B(O)O)cc1)C1CCCN1,O=C(Nc1ccc(-c2cnc(F)nc2)cc1)C1CCCN1
scent_seh,hub_batching,275,275,359,3,8.18745231628418,OB(O)c1cccc(NCc2ccc3nc(C4CNC4)[nH]c3c2)c1,O=C(Nc1cc(-c2cccc(NCc3ccc4nc(C5CNC5)[nH]c4c3)c2)n[nH]1)C1Cc2ccccc2CN1
scent_seh,hub_batching,276,276,360,1,8.059374809265137,OB(O)c1cccc(NCc2ccc3nc(C4CNC4)[nH]c3c2)c1,c1cc(NCc2ccc3nc(C4CNC4)[nH]c3c2)cc(-c2ccc3oc(C4CCCN4)nc3c2)c1
scent_seh,hub_batching,277,277,361,1,7.6200337409973145,OB(O)c1cccc(NCc2ccc3nc(C4CNC4)[nH]c3c2)c1,COc1ncccc1-c1cccc(NCc2ccc3nc(C4CNC4)[nH]c3c2)c1
scent_seh,hub_batching,278,278,363,2,7.42962121963501,O=C(NCCc1c[nH]c2ccccc12)C1CNC1,NC(C(=O)Nc1cc(N2CC(C(=O)NCCc3c[nH]c4ccccc34)C2)n[nH]1)c1ccccc1
scent_seh,hub_batching,279,279,364,1,7.4066162109375,O=C(NCCc1c[nH]c2ccccc12)C1CNC1,O=C(NCCc1c[nH]c2ccccc12)C1CN(c2ccc3nc(C4CNC4)oc3c2)C1
scent_seh,hub_batching,280,280,365,1,7.287079334259033,O=C(NCCc1c[nH]c2ccccc12)C1CNC1,O=C(NCCc1c[nH]c2ccccc12)C1CN(C(=O)C2Cc3ccccc3CN2)C1
scent_seh,hub_batching,281,281,367,2,7.717126369476318,O=C(Nc1ccc(Br)cc1)C1CCN1,O=C(Nc1ccc(-c2cccnc2)cc1)C1CCN1
scent_seh,hub_batching,282,282,368,1,7.449124813079834,O=C(Nc1ccc(Br)cc1)C1CCN1,O=C(Nc1ccc(NCc2c[nH]c3ccccc23)cc1)C1CCN1
scent_seh,hub_batching,283,283,369,1,7.426106929779053,O=C(Nc1ccc(Br)cc1)C1CCN1,O=C(Nc1ccc(-c2ccc3[nH]ccc3c2)cc1)C1CCN1
scent_seh,hub_batching,284,284,370,1,7.420731544494629,O=C(Nc1ccc(Br)cc1)C1CCN1,O=C(Nc1ccc(-c2ccccc2Cl)cc1)C1CCN1
scent_seh,hub_batching,285,285,371,1,7.321597576141357,O=C(Nc1ccc(Br)cc1)C1CCN1,O=C(Nc1ccc(NC23CC(C2)C3)cc1)C1CCN1
scent_seh,hub_batching,286,286,372,1,7.292524814605713,O=C(Nc1ccc(Br)cc1)C1CCN1,O=C(Nc1cc(N2CCC2C(=O)Nc2ccc(Br)cc2)n[nH]1)C1CNC1
scent_seh,hub_batching,287,287,373,1,7.267529487609863,O=C(Nc1ccc(Br)cc1)C1CCN1,CC(Nc1ccc(NC(=O)C2CCN2)cc1)c1ccccc1
scent_seh,hub_batching,288,288,374,1,7.19757604598999,O=C(Nc1ccc(Br)cc1)C1CCN1,O=C(Nc1ccc(N2CCC2CNc2ccc(Br)cc2)cc1)C1CCN1
scent_seh,hub_batching,289,289,375,1,7.189550399780273,O=C(Nc1ccc(Br)cc1)C1CCN1,O=C(Nc1ccc(N2CCCC2c2nc3cc(Br)ccc3o2)cc1)C1CCN1
scent_seh,hub_batching,290,290,376,1,7.136610984802246,O=C(Nc1ccc(Br)cc1)C1CCN1,O=C(Nc1ccc(Nc2ccc(Br)cc2NCC2CCN2)cc1)C1CCN1
scent_seh,hub_batching,291,291,377,1,7.09323263168335,O=C(Nc1ccc(Br)cc1)C1CCN1,O=C(Nc1ccc(NCc2ccc(C(F)(F)F)cc2)cc1)C1CCN1
scent_seh,hub_batching,292,292,378,1,7.08725118637085,O=C(Nc1ccc(Br)cc1)C1CCN1,O=C(Nc1ccc(N(CC2CCN2)c2ccc(Br)cc2)cc1)C1CCN1
scent_seh,hub_batching,293,293,379,1,7.045268535614014,O=C(Nc1ccc(Br)cc1)C1CCN1,O=C(Nc1ccc(N2CCC2C(=O)NCCc2ccccc2Br)cc1)C1CCN1
scent_seh,hub_batching,294,294,380,1,7.021696090698242,O=C(Nc1ccc(Br)cc1)C1CCN1,O=C(Nc1ccc(Nc2ccnc3ccccc23)cc1)C1CCN1
scent_seh,hub_batching,295,295,384,4,8.253454208374023,Nc1ccc(-c2cccc(C(=O)NCc3cn(CC4CC4)c4ccccc34)c2)cc1,O=C(Nc1ccc(-c2cccc(C(=O)NCc3cn(CC4CC4)c4ccccc34)c2)cc1)NC1CC1
scent_seh,hub_batching,296,296,386,2,8.012447357177734,O=C(Nc1cccc(B(O)O)c1)Nc1ccnc2ccccc12,O=C(Nc1cccc(-c2cc(NCC3Cc4ccccc4CN3)[nH]n2)c1)Nc1ccnc2ccccc12
scent_seh,hub_batching,297,297,387,1,7.94550085067749,O=C(Nc1cccc(B(O)O)c1)Nc1ccnc2ccccc12,O=C(Nc1cccc(-c2ccc3oc(C4CNC4)nc3c2)c1)Nc1ccnc2ccccc12
scent_seh,hub_batching,298,298,388,1,7.747859477996826,O=C(Nc1cccc(B(O)O)c1)Nc1ccnc2ccccc12,Nc1c(NC(=O)C2CCN2)cccc1-c1cccc(NC(=O)Nc2ccnc3ccccc23)c1
scent_seh,hub_batching,299,299,389,1,7.675416469573975,O=C(Nc1cccc(B(O)O)c1)Nc1ccnc2ccccc12,O=C(Nc1cccc(-c2ccc3c(CNC45CC(C4)C5)c[nH]c3c2)c1)Nc1ccnc2ccccc12
scent_seh,hub_batching,300,300,391,2,7.358922481536865,O=C(Nc1cccc(B(O)O)c1)C1CNC1,O=C(Nc1cccc(-c2cc(NCC3CCN3)[nH]n2)c1)C1CNC1
scent_seh,greedy_oracle,1,1,21,1,8.237445831298828,Brc1ccc2nc(C3CNC3)oc2c1,c1ccc2c(c1)c(CNc1ccc3nc(C4CNC4)oc3c1)cn2CC1CC1
scent_seh,greedy_oracle,2,2,22,1,7.403864860534668,Brc1ccc2nc(C3CNC3)oc2c1,c1cc2nc(C3CNC3)oc2cc1NC12CC(C1)C2
scent_seh,greedy_oracle,3,3,23,1,7.341780185699463,Brc1ccc2nc(C3CNC3)oc2c1,O=C(Nc1cccc(Br)c1Nc1ccc2nc(C3CNC3)oc2c1)C1CCN1
scent_seh,greedy_oracle,4,4,24,1,7.308492660522461,Brc1ccc2nc(C3CNC3)oc2c1,c1ccc2c(CCNc3ccc4nc(C5CNC5)oc4c3)c[nH]c2c1
scent_seh,greedy_oracle,5,5,25,1,7.2582502365112305,Brc1ccc2nc(C3CNC3)oc2c1,c1cncc(-c2ccc3nc(C4CNC4)oc3c2)c1
scent_seh,greedy_oracle,6,6,26,1,7.1622772216796875,Brc1ccc2nc(C3CNC3)oc2c1,Brc1ccc(NCC2CCN2c2ccc3nc(C4CNC4)oc3c2)cc1
scent_seh,greedy_oracle,7,7,27,1,7.156198978424072,Brc1ccc2nc(C3CNC3)oc2c1,FC(F)(F)c1ccc(CNc2ccc3nc(C4CNC4)oc3c2)cc1
scent_seh,greedy_oracle,8,8,28,1,7.112873077392578,Brc1ccc2nc(C3CNC3)oc2c1,C#Cc1ccc2nc(C3CNC3)oc2c1
scent_seh,greedy_oracle,9,9,29,1,7.108455657958984,Brc1ccc2nc(C3CNC3)oc2c1,Brc1ccc(Nc2ccc3nc(C4CNC4)oc3c2)c(NCC2CCN2)c1
scent_seh,greedy_oracle,10,10,30,1,7.016852855682373,Brc1ccc2nc(C3CNC3)oc2c1,O=C(NCCc1ccccc1Br)C1CCN1c1ccc2nc(C3CNC3)oc2c1
scent_seh,greedy_oracle,11,11,31,1,8.085169792175293,O=C(O)C1CNC1,O=C(NCc1cn(CC2CC2)c2ccccc12)C1CNC1
scent_seh,greedy_oracle,12,12,32,1,7.328906059265137,O=C(O)C1CNC1,O=C(Nc1ccnc2ccccc12)C1CNC1
scent_seh,greedy_oracle,13,13,33,1,7.114670276641846,O=C(O)C1CNC1,O=C(NCc1c[nH]c2ccccc12)C1CNC1
scent_seh,greedy_oracle,14,14,35,2,7.527807712554932,O=C(Nc1ccc(Br)cc1)C1CNC1,O=C(Nc1ccc(NCCc2c[nH]c3ccccc23)cc1)C1CNC1
scent_seh,greedy_oracle,15,15,36,1,7.52592134475708,O=C(Nc1ccc(Br)cc1)C1CNC1,CC(Nc1ccc(NC(=O)C2CNC2)cc1)c1ccccc1
scent_seh,greedy_oracle,16,16,37,1,7.517176628112793,O=C(Nc1ccc(Br)cc1)C1CNC1,O=C(Nc1ccc(-c2cccnc2)cc1)C1CNC1
scent_seh,greedy_oracle,17,17,38,1,7.513715744018555,O=C(Nc1ccc(Br)cc1)C1CNC1,O=C(Nc1ccc(NCc2ccccc2)cc1)C1CNC1
scent_seh,greedy_oracle,18,18,39,1,7.40069580078125,O=C(Nc1ccc(Br)cc1)C1CNC1,C#Cc1ccc(NC(=O)C2CNC2)cc1
scent_seh,greedy_oracle,19,19,40,1,7.395016193389893,O=C(Nc1ccc(Br)cc1)C1CNC1,O=C(Nc1ccc(-c2ccc3[nH]ccc3c2)cc1)C1CNC1
scent_seh,greedy_oracle,20,20,41,1,7.259284496307373,O=C(Nc1ccc(Br)cc1)C1CNC1,O=C(Nc1ccc(Br)cc1)C1CN(c2cc(NCC3Cc4ccccc4CN3)[nH]n2)C1
scent_seh,greedy_oracle,21,21,42,1,7.240316390991211,O=C(Nc1ccc(Br)cc1)C1CNC1,O=C(Nc1ccc(NCCc2ccncc2)cc1)C1CNC1
scent_seh,greedy_oracle,22,22,43,1,7.213831901550293,O=C(Nc1ccc(Br)cc1)C1CNC1,O=C(Nc1ccc(N2CCC2CNc2ccc(Br)cc2)cc1)C1CNC1
scent_seh,greedy_oracle,23,23,44,1,7.179222106933594,O=C(Nc1ccc(Br)cc1)C1CNC1,O=C(Nc1ccc(N2CCCC2c2nc3cc(Br)ccc3o2)cc1)C1CNC1
scent_seh,greedy_oracle,24,24,45,1,7.150286674499512,O=C(Nc1ccc(Br)cc1)C1CNC1,NC(C(=O)Nc1cc(N2CC(C(=O)Nc3ccc(Br)cc3)C2)n[nH]1)c1ccccc1
scent_seh,greedy_oracle,25,25,46,1,7.118077754974365,O=C(Nc1ccc(Br)cc1)C1CNC1,O=C(Nc1ccc(Nc2ccccc2-n2cccc2)cc1)C1CNC1
scent_seh,greedy_oracle,26,26,47,1,7.091354846954346,O=C(Nc1ccc(Br)cc1)C1CNC1,O=C(Nc1ccc(N2CCNCC2)cc1)C1CNC1
scent_seh,greedy_oracle,27,27,48,1,7.089516639709473,O=C(Nc1ccc(Br)cc1)C1CNC1,O=C(Nc1ccc(Nc2ccccn2)cc1)C1CNC1
scent_seh,greedy_oracle,28,28,49,1,7.063312530517578,O=C(Nc1ccc(Br)cc1)C1CNC1,O=C(Nc1ccc(-c2ccccc2Cl)cc1)C1CNC1
scent_seh,greedy_oracle,29,29,50,1,7.055734157562256,O=C(Nc1ccc(Br)cc1)C1CNC1,N#Cc1ccc(-c2ccc(NC(=O)C3CNC3)cc2)cc1F
scent_seh,greedy_oracle,30,30,51,1,7.044780731201172,O=C(Nc1ccc(Br)cc1)C1CNC1,O=C(Nc1ccc(N(CC2CCN2)c2ccc(Br)cc2)cc1)C1CNC1
scent_seh,greedy_oracle,31,31,52,1,7.030717372894287,O=C(Nc1ccc(Br)cc1)C1CNC1,O=C(Nc1ccc(Br)cc1)C1CN(c2ccc(NCC3CCN3)cc2)C1
scent_seh,greedy_oracle,32,32,53,1,7.023282527923584,O=C(Nc1ccc(Br)cc1)C1CNC1,O=C(Nc1ccc(Nc2cccc3cc[nH]c23)cc1)C1CNC1
scent_seh,greedy_oracle,33,33,55,2,8.130678176879883,Nc1cccc(-c2cc(NC(=O)C3CNC3)[nH]n2)c1,O=C(Nc1cc(-c2cccc(Nc3ccc4c(CNC56CC(C5)C6)c[nH]c4c3)c2)n[nH]1)C1CNC1
scent_seh,greedy_oracle,34,34,56,1,8.124299049377441,Nc1cccc(-c2cc(NC(=O)C3CNC3)[nH]n2)c1,O=C(Nc1cccc(-c2cc(NC(=O)C3CNC3)[nH]n2)c1)Nc1cccc2ccccc12
scent_seh,greedy_oracle,35,35,57,1,8.114702224731445,Nc1cccc(-c2cc(NC(=O)C3CNC3)[nH]n2)c1,O=C(Nc1cc(-c2cccc(NCC3Cc4ccccc4CN3)c2)n[nH]1)C1CNC1
scent_seh,greedy_oracle,36,36,58,1,8.102629661560059,Nc1cccc(-c2cc(NC(=O)C3CNC3)[nH]n2)c1,NC(C(=O)Nc1cc(Nc2cccc(-c3cc(NC(=O)C4CNC4)[nH]n3)c2)n[nH]1)c1ccccc1
scent_seh,greedy_oracle,37,37,59,1,8.04311752319336,Nc1cccc(-c2cc(NC(=O)C3CNC3)[nH]n2)c1,O=C(Nc1cc(-c2cccc(Nc3cccc4[nH]c(C5CNC5)nc34)c2)n[nH]1)C1CNC1
scent_seh,greedy_oracle,38,38,60,1,8.03022289276123,Nc1cccc(-c2cc(NC(=O)C3CNC3)[nH]n2)c1,O=C(Nc1cc(-c2cccc(Nc3ccc4oc(C5CCCN5)nc4c3)c2)n[nH]1)C1CNC1
scent_seh,greedy_oracle,39,39,61,1,7.664407253265381,Nc1cccc(-c2cc(NC(=O)C3CNC3)[nH]n2)c1,Nc1cccc(-c2cc(NC(=O)C3CN(C(=O)NCc4cn(CC5CC5)c5ccccc45)C3)[nH]n2)c1
scent_seh,greedy_oracle,40,40,62,1,7.63985538482666,Nc1cccc(-c2cc(NC(=O)C3CNC3)[nH]n2)c1,N#Cc1ccc(C(=O)Nc2cccc(-c3cc(NC(=O)C4CNC4)[nH]n3)c2)cn1
scent_seh,greedy_oracle,41,41,63,1,7.62374210357666,Nc1cccc(-c2cc(NC(=O)C3CNC3)[nH]n2)c1,O=C(Nc1cc(-c2cccc(Nc3cnc4cccnn34)c2)n[nH]1)C1CNC1
scent_seh,greedy_oracle,42,42,64,1,7.576266765594482,Nc1cccc(-c2cc(NC(=O)C3CNC3)[nH]n2)c1,O=C(NCCc1c[nH]c2ccc(O)cc12)Nc1cccc(-c2cc(NC(=O)C3CNC3)[nH]n2)c1
scent_seh,greedy_oracle,43,43,65,1,7.455408573150635,Nc1cccc(-c2cc(NC(=O)C3CNC3)[nH]n2)c1,COc1cccc(C(C)Nc2cccc(-c3cc(NC(=O)C4CNC4)[nH]n3)c2)c1
scent_seh,greedy_oracle,44,44,66,1,7.454738140106201,Nc1cccc(-c2cc(NC(=O)C3CNC3)[nH]n2)c1,Nc1cccc(-c2cc(NC(=O)C3CN(c4cc(NC(=O)C5Cc6ccccc6CN5)[nH]n4)C3)[nH]n2)c1
scent_seh,greedy_oracle,45,45,67,1,7.422043323516846,Nc1cccc(-c2cc(NC(=O)C3CNC3)[nH]n2)c1,O=C(Nc1cc(-c2cccc(NCc3cc(C(F)(F)F)ccc3Br)c2)n[nH]1)C1CNC1
scent_seh,greedy_oracle,46,46,68,1,7.322625637054443,Nc1cccc(-c2cc(NC(=O)C3CNC3)[nH]n2)c1,Nc1cccc(-c2cc(NC(=O)C3CN(c4ccc5nc(C6CNC6)[nH]c5c4)C3)[nH]n2)c1
scent_seh,greedy_oracle,47,47,69,1,7.312699794769287,Nc1cccc(-c2cc(NC(=O)C3CNC3)[nH]n2)c1,O=C(Nc1cc(-c2cccc(NC(=O)N3CCCC3c3nc4cc(Br)ccc4o3)c2)n[nH]1)C1CNC1
scent_seh,greedy_oracle,48,48,70,1,7.27747106552124,Nc1cccc(-c2cc(NC(=O)C3CNC3)[nH]n2)c1,O=C(Nc1cc(-c2cccc(NC(=O)N(CC3CCN3)c3ccc(Br)cc3)c2)n[nH]1)C1CNC1
scent_seh,greedy_oracle,49,49,71,1,7.266026496887207,Nc1cccc(-c2cc(NC(=O)C3CNC3)[nH]n2)c1,Nc1cccc(-c2cc(NC(=O)C3CN(c4ccccc4CCNC(=O)C4CCN4)C3)[nH]n2)c1
scent_seh,greedy_oracle,50,50,72,1,7.131724834442139,Nc1cccc(-c2cc(NC(=O)C3CNC3)[nH]n2)c1,Nc1nc(Nc2cccc(-c3cc(NC(=O)C4CNC4)[nH]n3)c2)nc2[nH]cnc12
scent_seh,greedy_oracle,51,51,73,1,7.1106133460998535,Nc1cccc(-c2cc(NC(=O)C3CNC3)[nH]n2)c1,O=C(Nc1cc(-c2cccc(Nc3c(C(F)(F)F)nc4ccccc4c3O)c2)n[nH]1)C1CNC1
scent_seh,greedy_oracle,52,52,74,1,7.0906901359558105,Nc1cccc(-c2cc(NC(=O)C3CNC3)[nH]n2)c1,O=C(Nc1cc(-c2cccc(NC(=O)N3CCC3C(=O)NCCc3ccccc3Br)c2)n[nH]1)C1CNC1
scent_seh,greedy_oracle,53,53,76,2,8.036407470703125,O=Cc1ccc(C(=O)NC2CC2)cc1,O=C(NC1CC1)c1ccc(CNCc2cn(CC3CC3)c3ccccc23)cc1
scent_seh,greedy_oracle,54,54,77,1,7.731696605682373,O=Cc1ccc(C(=O)NC2CC2)cc1,O=C(NC1CC1)c1ccc(CNC23CC(C2)C3)cc1
scent_seh,greedy_oracle,55,55,78,1,7.401340007781982,O=Cc1ccc(C(=O)NC2CC2)cc1,O=C(NC1CC1)c1ccc(CNc2c(Br)cccc2NC(=O)C2CCN2)cc1
scent_seh,greedy_oracle,56,56,79,1,7.350040912628174,O=Cc1ccc(C(=O)NC2CC2)cc1,O=C(NC1CC1)c1ccc(CNc2ccnc3ccccc23)cc1
scent_seh,greedy_oracle,57,57,80,1,7.3297505378723145,O=Cc1ccc(C(=O)NC2CC2)cc1,O=C(NC1CC1)c1ccc(CN2CC(c3nc4cc(Br)ccc4o3)C2)cc1
scent_seh,greedy_oracle,58,58,81,1,7.2777886390686035,O=Cc1ccc(C(=O)NC2CC2)cc1,O=C(NC1CC1)c1ccc(CNCc2c[nH]c3ccccc23)cc1
scent_seh,greedy_oracle,59,59,82,1,7.188083648681641,O=Cc1ccc(C(=O)NC2CC2)cc1,O=C(NC1CC1)c1ccc(CNc2ccc(Br)cc2NCC2CCN2)cc1
scent_seh,greedy_oracle,60,60,83,1,7.165685653686523,O=Cc1ccc(C(=O)NC2CC2)cc1,O=C(NC1CC1)c1ccc(CN2CC(c3nc4cccc(Br)c4[nH]3)C2)cc1
scent_seh,greedy_oracle,61,61,84,1,7.122122764587402,O=Cc1ccc(C(=O)NC2CC2)cc1,O=C(NC1CC1)c1ccc(CN2CCC2CNc2ccc(Br)cc2)cc1
scent_seh,greedy_oracle,62,62,85,1,7.099496841430664,O=Cc1ccc(C(=O)NC2CC2)cc1,O=C(NC1CC1)c1ccc(CN2CCC2C(=O)NCCc2ccccc2Br)cc1
scent_seh,greedy_oracle,63,63,86,1,7.092392444610596,O=Cc1ccc(C(=O)NC2CC2)cc1,O=C(NC1CC1)c1ccc(C2NCCc3ccccc32)cc1
scent_seh,greedy_oracle,64,64,87,1,7.086090087890625,O=Cc1ccc(C(=O)NC2CC2)cc1,O=C(NC1CC1)c1ccc(-c2nc3ccccc3o2)cc1
scent_seh,greedy_oracle,65,65,88,1,7.03484582901001,O=Cc1ccc(C(=O)NC2CC2)cc1,O=C(NC1CC1)c1ccc(CNCCc2ccccc2)cc1
scent_seh,greedy_oracle,66,66,89,1,7.442657470703125,Nc1cccc(-c2cc(NC(=O)C3CNC3)[nH]n2)c1,Nc1cccc(-c2cc(NC(=O)C3CN(Cc4ccc(C(=O)NC5CC5)cc4)C3)[nH]n2)c1
scent_seh,greedy_oracle,67,67,91,2,7.859042644500732,Nc1ccc(-c2nnn(CC3CC3)n2)cc1N,Nc1ccc(-c2nnn(CC3CC3)n2)cc1NCc1ccc(C(=O)NC2CC2)cc1
scent_seh,greedy_oracle,68,68,92,1,7.817684650421143,Nc1ccc(-c2nnn(CC3CC3)n2)cc1N,Nc1ccc(-c2nnn(CC3CC3)n2)cc1NC(=O)NCc1cn(CC2CC2)c2ccccc12
scent_seh,greedy_oracle,69,69,93,1,7.8135480880737305,Nc1ccc(-c2nnn(CC3CC3)n2)cc1N,Nc1cc(-c2nnn(CC3CC3)n2)ccc1Nc1ccc2nc(C3CNC3)[nH]c2c1
scent_seh,greedy_oracle,70,70,94,1,7.694581985473633,Nc1ccc(-c2nnn(CC3CC3)n2)cc1N,Nc1ccc(-c2nnn(CC3CC3)n2)cc1Nc1ccc2nc(C3CNC3)oc2c1
scent_seh,greedy_oracle,71,71,95,1,7.675719738006592,Nc1ccc(-c2nnn(CC3CC3)n2)cc1N,Nc1cc(-c2nnn(CC3CC3)n2)ccc1Nc1cc(NC(=O)C2CNC2)[nH]n1
scent_seh,greedy_oracle,72,72,96,1,7.59466028213501,Nc1ccc(-c2nnn(CC3CC3)n2)cc1N,Nc1ccc(-c2nnn(CC3CC3)n2)cc1Nc1cccc2[nH]c(C3CNC3)nc12
scent_seh,greedy_oracle,73,73,97,1,7.58560848236084,Nc1ccc(-c2nnn(CC3CC3)n2)cc1N,Nc1ccc(-c2nnn(CC3CC3)n2)cc1NC(=O)C1Cc2ccccc2CN1
scent_seh,greedy_oracle,74,74,98,1,7.550503253936768,Nc1ccc(-c2nnn(CC3CC3)n2)cc1N,Nc1cc(-c2nnn(CC3CC3)n2)ccc1Nc1ccccc1CCNC(=O)C1CCN1
scent_seh,greedy_oracle,75,75,99,1,7.431257247924805,Nc1ccc(-c2nnn(CC3CC3)n2)cc1N,Nc1ccc(-c2nnn(CC3CC3)n2)cc1Nc1ccc2c(CNC34CC(C3)C4)c[nH]c2c1
scent_seh,greedy_oracle,76,76,100,1,7.420816421508789,Nc1ccc(-c2nnn(CC3CC3)n2)cc1N,Nc1ccc(-c2nnn(CC3CC3)n2)cc1Nc1cc(NCC2CCN2)[nH]n1
scent_seh,greedy_oracle,77,77,101,1,7.397385120391846,Nc1ccc(-c2nnn(CC3CC3)n2)cc1N,Nc1cc(-c2nnn(CC3CC3)n2)ccc1NC(=O)Nc1ccnc2ccccc12
scent_seh,greedy_oracle,78,78,102,1,7.054828643798828,Nc1ccc(-c2nnn(CC3CC3)n2)cc1N,Nc1cc(-c2nnn(CC3CC3)n2)ccc1NCc1c[nH]c2ccccc12
scent_seh,greedy_oracle,79,79,103,1,7.020380020141602,Nc1ccc(-c2nnn(CC3CC3)n2)cc1N,Nc1ccc(-c2nnn(CC3CC3)n2)cc1NC(=O)Nc1cccc2cc[nH]c12
scent_seh,greedy_oracle,80,80,105,2,7.8466596603393555,O=C(O)c1cccc(-c2ccc3nc(C4CNC4)oc3c2)c1,O=C(NCc1ccccc1)c1cccc(-c2ccc3nc(C4CNC4)oc3c2)c1
scent_seh,greedy_oracle,81,81,106,1,7.739067077636719,O=C(O)c1cccc(-c2ccc3nc(C4CNC4)oc3c2)c1,c1cc(C2=NCCc3ccccc32)cc(-c2ccc3nc(C4CNC4)oc3c2)c1
scent_seh,greedy_oracle,82,82,107,1,7.52437686920166,O=C(O)c1cccc(-c2ccc3nc(C4CNC4)oc3c2)c1,c1cc(CNCc2c[nH]c3ccccc23)cc(-c2ccc3nc(C4CNC4)oc3c2)c1
scent_seh,greedy_oracle,83,83,108,1,7.4926838874816895,O=C(O)c1cccc(-c2ccc3nc(C4CNC4)oc3c2)c1,Brc1cc(N(Cc2cccc(-c3ccc4nc(C5CNC5)oc4c3)c2)CC2Cc3ccccc3CN2)[nH]n1
scent_seh,greedy_oracle,84,84,109,1,7.474181652069092,O=C(O)c1cccc(-c2ccc3nc(C4CNC4)oc3c2)c1,c1cc(CNc2cccc3cc[nH]c23)cc(-c2ccc3nc(C4CNC4)oc3c2)c1
scent_seh,greedy_oracle,85,85,110,1,7.44116735458374,O=C(O)c1cccc(-c2ccc3nc(C4CNC4)oc3c2)c1,O=C(Nc1cc(Br)n[nH]1)C1Cc2ccccc2CN1Cc1cccc(-c2ccc3nc(C4CNC4)oc3c2)c1
scent_seh,greedy_oracle,86,86,111,1,7.43576717376709,O=C(O)c1cccc(-c2ccc3nc(C4CNC4)oc3c2)c1,O=C(O)c1cccc(-c2ccc3nc(C4CN(C(=O)NCc5cn(CC6CC6)c6ccccc56)C4)oc3c2)c1
scent_seh,greedy_oracle,87,87,112,1,7.3751654624938965,O=C(O)c1cccc(-c2ccc3nc(C4CNC4)oc3c2)c1,Fc1ccc2oc(-c3cccc(-c4ccc5nc(C6CNC6)oc5c4)c3)nc2c1
scent_seh,greedy_oracle,88,88,113,1,7.291842460632324,O=C(O)c1cccc(-c2ccc3nc(C4CNC4)oc3c2)c1,Brc1ccc2oc(C3CN(Cc4cccc(-c5ccc6nc(C7CNC7)oc6c5)c4)C3)nc2c1
scent_seh,greedy_oracle,89,89,114,1,7.266661167144775,O=C(O)c1cccc(-c2ccc3nc(C4CNC4)oc3c2)c1,FC(F)(F)c1ccc2[nH]c(-c3cccc(-c4ccc5nc(C6CNC6)oc5c4)c3)nc2c1
scent_seh,greedy_oracle,90,90,115,1,7.259593963623047,O=C(O)c1cccc(-c2ccc3nc(C4CNC4)oc3c2)c1,Brc1ccc2c(CN(Cc3cccc(-c4ccc5nc(C6CNC6)oc5c4)c3)C34CC(C3)C4)c[nH]c2c1
scent_seh,greedy_oracle,91,91,116,1,7.1956634521484375,O=C(O)c1cccc(-c2ccc3nc(C4CNC4)oc3c2)c1,O=C(O)c1cccc(-c2ccc3nc(C4CN(C(=O)C5Cc6ccccc6CN5)C4)oc3c2)c1
scent_seh,greedy_oracle,92,92,117,1,7.139110088348389,O=C(O)c1cccc(-c2ccc3nc(C4CNC4)oc3c2)c1,O=C(c1cccc(-c2ccc3nc(C4CNC4)oc3c2)c1)N1CCC1CNc1cc(Br)n[nH]1
scent_seh,greedy_oracle,93,93,119,2,7.41075325012207,O=C(O)C1CCN(C(=O)C2CNC2)CC1,O=C(NCCc1c[nH]c2ccccc12)C1CCN(C(=O)C2CNC2)CC1
scent_seh,greedy_oracle,94,94,120,1,7.38077974319458,O=C(O)C1CCN(C(=O)C2CNC2)CC1,O=C(Nc1cccc2cc[nH]c12)C1CCN(C(=O)C2CNC2)CC1
scent_seh,greedy_oracle,95,95,121,1,7.327449321746826,O=C(O)C1CCN(C(=O)C2CNC2)CC1,O=C(NCc1ccc(C(F)(F)F)cc1)C1CCN(C(=O)C2CNC2)CC1
scent_seh,greedy_oracle,96,96,122,1,7.225775241851807,O=C(O)C1CCN(C(=O)C2CNC2)CC1,O=C(Nc1ccccc1-n1cccc1)C1CCN(C(=O)C2CNC2)CC1
scent_seh,greedy_oracle,97,97,123,1,7.212388515472412,O=C(O)C1CCN(C(=O)C2CNC2)CC1,O=C(Nc1ccc(Br)cc1NCC1CCN1)C1CCN(C(=O)C2CNC2)CC1
scent_seh,greedy_oracle,98,98,124,1,7.166590690612793,O=C(O)C1CCN(C(=O)C2CNC2)CC1,CC(NC(=O)C1CCN(C(=O)C2CNC2)CC1)c1ccccc1
scent_seh,greedy_oracle,99,99,125,1,7.155354976654053,O=C(O)C1CCN(C(=O)C2CNC2)CC1,O=C(Nc1ccc(Br)cc1)C1CCN(C(=O)C2CNC2)CC1
scent_seh,greedy_oracle,100,100,126,1,7.1241350173950195,O=C(O)C1CCN(C(=O)C2CNC2)CC1,O=C(C1CNC1)N1CCC(C(=O)N2CCCC2c2nc3cc(Br)ccc3o2)CC1
scent_seh,greedy_oracle,101,101,127,1,7.0810017585754395,O=C(O)C1CCN(C(=O)C2CNC2)CC1,O=C(C1CNC1)N1CCC(C(=O)N2CC(c3nc4cc(Br)ccc4[nH]3)C2)CC1
scent_seh,greedy_oracle,102,102,128,1,7.068463325500488,O=C(O)C1CCN(C(=O)C2CNC2)CC1,COc1ccccc1CNC(=O)C1CCN(C(=O)C2CNC2)CC1
scent_seh,greedy_oracle,103,103,129,1,7.021756649017334,O=C(O)C1CCN(C(=O)C2CNC2)CC1,O=C(Nc1nc(F)nc2[nH]cnc12)C1CCN(C(=O)C2CNC2)CC1
scent_seh,greedy_oracle,104,104,130,1,7.004769802093506,O=C(O)C1CCN(C(=O)C2CNC2)CC1,O=C(C1CNC1)N1CCC(C(=O)N(CC2CCN2)c2ccc(Br)cc2)CC1
scent_seh,greedy_oracle,105,105,132,2,8.061344146728516,Nc1cccc2ccn(CC3CC3)c12,O=C(Nc1cccc2ccn(CC3CC3)c12)C1CNC1
scent_seh,greedy_oracle,106,106,133,1,7.848794460296631,Nc1cccc2ccn(CC3CC3)c12,O=C(NCc1cn(CC2CC2)c2ccccc12)Nc1cccc2ccn(CC3CC3)c12
scent_seh,greedy_oracle,107,107,134,1,7.775518894195557,Nc1cccc2ccn(CC3CC3)c12,O=C(NC1CC1)c1ccc(CNc2cccc3ccn(CC4CC4)c23)cc1
scent_seh,greedy_oracle,108,108,135,1,7.622629642486572,Nc1cccc2ccn(CC3CC3)c12,c1cc(Nc2ccc3oc(C4CNC4)nc3c2)c2c(c1)ccn2CC1CC1
scent_seh,greedy_oracle,109,109,136,1,7.404008388519287,Nc1cccc2ccn(CC3CC3)c12,O=C(Nc1cc(Nc2cccc3ccn(CC4CC4)c23)n[nH]1)C1Cc2ccccc2CN1
scent_seh,greedy_oracle,110,110,137,1,7.353892803192139,Nc1cccc2ccn(CC3CC3)c12,c1cc(Nc2cccc3[nH]c(C4CNC4)nc23)c2c(c1)ccn2CC1CC1
scent_seh,greedy_oracle,111,111,138,1,7.335854530334473,Nc1cccc2ccn(CC3CC3)c12,c1cc(Nc2ccc(NCC3CCN3)cc2)c2c(c1)ccn2CC1CC1
scent_seh,greedy_oracle,112,112,139,1,7.188287258148193,Nc1cccc2ccn(CC3CC3)c12,O=C(Nc1ccc(Br)cc1NCC1CCN1)Nc1cccc2ccn(CC3CC3)c12
scent_seh,greedy_oracle,113,113,140,1,7.116314888000488,Nc1cccc2ccn(CC3CC3)c12,O=C(NCCc1ccccc1Br)C1CCN1C(=O)Nc1cccc2ccn(CC3CC3)c12
scent_seh,greedy_oracle,114,114,141,1,7.072954177856445,Nc1cccc2ccn(CC3CC3)c12,c1ccc2c(c1)CNC(CNc1cccc3ccn(CC4CC4)c13)C2
scent_seh,greedy_oracle,115,115,142,1,7.049505710601807,Nc1cccc2ccn(CC3CC3)c12,O=C(Nc1cccc2ccn(CC3CC3)c12)N1CC(c2nc3ccc(Br)cc3o2)C1
scent_seh,greedy_oracle,116,116,144,2,7.55697774887085,Nc1ccc(C(=O)NC2CC2)cc1O,O=C(NC1CC1)c1ccc(CNc2ccc(C(=O)NC3CC3)cc2O)cc1
scent_seh,greedy_oracle,117,117,145,1,7.520693302154541,Nc1ccc(C(=O)NC2CC2)cc1O,O=C(NC1CC1)c1ccc(Nc2ccc3nc(C4CNC4)[nH]c3c2)c(O)c1
scent_seh,greedy_oracle,118,118,146,1,7.500150680541992,Nc1ccc(C(=O)NC2CC2)cc1O,O=C(NC1CC1)c1ccc(Nc2ccc(NC(=O)C3CCN3)cc2)c(O)c1
scent_seh,greedy_oracle,119,119,147,1,7.37089729309082,Nc1ccc(C(=O)NC2CC2)cc1O,O=C(NC1CC1)c1ccc(NCC2Cc3ccccc3CN2)c(O)c1
scent_seh,greedy_oracle,120,120,148,1,7.370645999908447,Nc1ccc(C(=O)NC2CC2)cc1O,O=C(NC1CC1)c1ccc(Nc2cc(NC(=O)C3CNC3)[nH]n2)c(O)c1
scent_seh,greedy_oracle,121,121,149,1,7.266762733459473,Nc1ccc(C(=O)NC2CC2)cc1O,O=C(NC1CC1)c1ccc(Nc2ccccc2CCNC(=O)C2CCN2)c(O)c1
scent_seh,greedy_oracle,122,122,150,1,7.175633430480957,Nc1ccc(C(=O)NC2CC2)cc1O,O=C(NC1CC1)c1ccc(Nc2ccc3c(CNC45CC(C4)C5)c[nH]c3c2)c(O)c1
scent_seh,greedy_oracle,123,123,151,1,7.135591983795166,Nc1ccc(C(=O)NC2CC2)cc1O,O=C(NC1CC1)c1ccc(Nc2ccc3oc(C4CCCN4)nc3c2)c(O)c1
scent_seh,greedy_oracle,124,124,152,1,7.044841289520264,Nc1ccc(C(=O)NC2CC2)cc1O,O=C(NC1CC1)c1ccc(NC(=O)C2CCCNC2)c(O)c1
scent_seh,greedy_oracle,125,125,153,1,7.029998779296875,Nc1ccc(C(=O)NC2CC2)cc1O,O=C(Nc1ccc(C(=O)NC2CC2)cc1O)Nc1ccnc2ccccc12
scent_seh,greedy_oracle,126,126,156,3,8.312080383300781,Nc1ccc(-c2cn(CC3CC3)cn2)cc1,O=C(NC1CC1)c1ccc(CNc2ccc(-c3cn(CC4CC4)cn3)cc2)cc1
scent_seh,greedy_oracle,127,127,157,1,8.189712524414062,Nc1ccc(-c2cn(CC3CC3)cn2)cc1,c1cc(-c2cn(CC3CC3)cn2)ccc1Nc1ccc2oc(C3CNC3)nc2c1
scent_seh,greedy_oracle,128,128,158,1,8.151542663574219,Nc1ccc(-c2cn(CC3CC3)cn2)cc1,O=C(Nc1ccc(Nc2ccc(-c3cn(CC4CC4)cn3)cc2)cc1)C1CCN1
scent_seh,greedy_oracle,129,129,159,1,8.125419616699219,Nc1ccc(-c2cn(CC3CC3)cn2)cc1,c1cc(Nc2ccc(-c3cn(CC4CC4)cn3)cc2)c2[nH]c(C3CNC3)nc2c1
scent_seh,greedy_oracle,130,130,160,1,8.091848373413086,Nc1ccc(-c2cn(CC3CC3)cn2)cc1,O=C(NCc1cn(CC2CC2)c2ccccc12)Nc1ccc(-c2cn(CC3CC3)cn2)cc1
scent_seh,greedy_oracle,131,131,161,1,8.08933162689209,Nc1ccc(-c2cn(CC3CC3)cn2)cc1,c1ccc2c(c1)CNC(CNc1ccc(-c3cn(CC4CC4)cn3)cc1)C2
scent_seh,greedy_oracle,132,132,162,1,7.956315040588379,Nc1ccc(-c2cn(CC3CC3)cn2)cc1,NC(C(=O)Nc1ccc(-c2cn(CC3CC3)cn2)cc1)c1ccccc1
scent_seh,greedy_oracle,133,133,163,1,7.8997979164123535,Nc1ccc(-c2cn(CC3CC3)cn2)cc1,c1cc(-c2cn(CC3CC3)cn2)ccc1Nc1cc(NCC2CCN2)[nH]n1
scent_seh,greedy_oracle,134,134,164,1,7.817724704742432,Nc1ccc(-c2cn(CC3CC3)cn2)cc1,c1cc(-c2cn(CC3CC3)cn2)ccc1Nc1ccc2c(CNC34CC(C3)C4)c[nH]c2c1
scent_seh,greedy_oracle,135,135,165,1,7.594620227813721,Nc1ccc(-c2cn(CC3CC3)cn2)cc1,O=C(Nc1ccc(-c2cn(CC3CC3)cn2)cc1)Nc1cccc2cc[nH]c12
scent_seh,greedy_oracle,136,136,166,1,7.4542622566223145,Nc1ccc(-c2cn(CC3CC3)cn2)cc1,c1ccc2[nH]c(CNc3ccc(-c4cn(CC5CC5)cn4)cc3)nc2c1
scent_seh,greedy_oracle,137,137,167,1,7.42964506149292,Nc1ccc(-c2cn(CC3CC3)cn2)cc1,O=C1Cc2ccc(C(CCl)Nc3ccc(-c4cn(CC5CC5)cn4)cc3)cc2N1
scent_seh,greedy_oracle,138,138,168,1,7.428344249725342,Nc1ccc(-c2cn(CC3CC3)cn2)cc1,N#Cc1ccc(C(=O)Nc2ccc(-c3cn(CC4CC4)cn3)cc2)cn1
scent_seh,greedy_oracle,139,139,169,1,7.418966293334961,Nc1ccc(-c2cn(CC3CC3)cn2)cc1,c1cc(-c2cn(CC3CC3)cn2)ccc1NC1CCNC1
scent_seh,greedy_oracle,140,140,170,1,7.3534417152404785,Nc1ccc(-c2cn(CC3CC3)cn2)cc1,O=C(Nc1ccc(-c2cn(CC3CC3)cn2)cc1)N1CCC1CNc1ccc(Br)cc1
scent_seh,greedy_oracle,141,141,171,1,7.279360294342041,Nc1ccc(-c2cn(CC3CC3)cn2)cc1,c1ccc2nc(Nc3ccc(-c4cn(CC5CC5)cn4)cc3)ccc2c1
scent_seh,greedy_oracle,142,142,172,1,7.1708221435546875,Nc1ccc(-c2cn(CC3CC3)cn2)cc1,O=C(NCCc1c[nH]c2ccc(O)cc12)Nc1ccc(-c2cn(CC3CC3)cn2)cc1
scent_seh,greedy_oracle,143,143,173,1,7.104569435119629,Nc1ccc(-c2cn(CC3CC3)cn2)cc1,O=C(Nc1ccc(-c2cn(CC3CC3)cn2)cc1)N1CC(c2nc3c(Br)cccc3[nH]2)C1
scent_seh,greedy_oracle,144,144,174,1,7.030810832977295,Nc1ccc(-c2cn(CC3CC3)cn2)cc1,FC(F)(F)c1ccc(Br)c(CNc2ccc(-c3cn(CC4CC4)cn3)cc2)c1
scent_seh,greedy_oracle,145,145,177,3,8.06594467163086,Nc1cccc(-c2ccc(NCC3CNC3)cc2)c1,O=C(NC1CC1)c1ccc(CNc2cccc(-c3ccc(NCC4CNC4)cc3)c2)cc1
scent_seh,greedy_oracle,146,146,178,1,7.948521137237549,Nc1cccc(-c2ccc(NCC3CNC3)cc2)c1,c1cc(Nc2ccc3[nH]c(C4CNC4)nc3c2)cc(-c2ccc(NCC3CNC3)cc2)c1
scent_seh,greedy_oracle,147,147,179,1,7.940744876861572,Nc1cccc(-c2ccc(NCC3CNC3)cc2)c1,O=C(Nc1ccc(Nc2cccc(-c3ccc(NCC4CNC4)cc3)c2)cc1)C1CCN1
scent_seh,greedy_oracle,148,148,180,1,7.837225914001465,Nc1cccc(-c2ccc(NCC3CNC3)cc2)c1,O=C(Nc1cccc(-c2ccc(NCC3CNC3)cc2)c1)Nc1ccnc2ccccc12
scent_seh,greedy_oracle,149,149,181,1,7.789060115814209,Nc1cccc(-c2ccc(NCC3CNC3)cc2)c1,O=C(Nc1cc(Nc2cccc(-c3ccc(NCC4CNC4)cc3)c2)n[nH]1)C1Cc2ccccc2CN1
scent_seh,greedy_oracle,150,150,182,1,7.712867259979248,Nc1cccc(-c2ccc(NCC3CNC3)cc2)c1,NC(C(=O)Nc1cccc(-c2ccc(NCC3CNC3)cc2)c1)c1ccccc1
scent_seh,greedy_oracle,151,151,183,1,7.606434345245361,Nc1cccc(-c2ccc(NCC3CNC3)cc2)c1,O=C(NCCc1c[nH]c2ccccc12)Nc1cccc(-c2ccc(NCC3CNC3)cc2)c1
scent_seh,greedy_oracle,152,152,184,1,7.532059192657471,Nc1cccc(-c2ccc(NCC3CNC3)cc2)c1,Nc1cccc(-c2ccc(NCC3CN(c4cc(NC(=O)C5CNC5)[nH]n4)C3)cc2)c1
scent_seh,greedy_oracle,153,153,185,1,7.3155598640441895,Nc1cccc(-c2ccc(NCC3CNC3)cc2)c1,O=C1Cc2ccc(C(CCl)Nc3cccc(-c4ccc(NCC5CNC5)cc4)c3)cc2N1
scent_seh,greedy_oracle,154,154,186,1,7.2851033210754395,Nc1cccc(-c2ccc(NCC3CNC3)cc2)c1,Nc1cccc(-c2ccc(NCC3CN(c4ccc5oc(C6CNC6)nc5c4)C3)cc2)c1
scent_seh,greedy_oracle,155,155,187,1,7.2258782386779785,Nc1cccc(-c2ccc(NCC3CNC3)cc2)c1,Fc1cccc(CNc2cccc(-c3ccc(NCC4CNC4)cc3)c2)n1
scent_seh,greedy_oracle,156,156,188,1,7.188527584075928,Nc1cccc(-c2ccc(NCC3CNC3)cc2)c1,c1cc(NC2CCNC2)cc(-c2ccc(NCC3CNC3)cc2)c1
scent_seh,greedy_oracle,157,157,189,1,7.171658515930176,Nc1cccc(-c2ccc(NCC3CNC3)cc2)c1,O=C(Nc1cccc(-c2ccc(NCC3CNC3)cc2)c1)N1CCC1CNc1ccc(Br)cc1
scent_seh,greedy_oracle,158,158,190,1,7.147983551025391,Nc1cccc(-c2ccc(NCC3CNC3)cc2)c1,Nc1cccc(-c2ccc(N(CC3CNC3)c3cc(NCC4Cc5ccccc5CN4)[nH]n3)cc2)c1
scent_seh,greedy_oracle,159,159,191,1,7.044782638549805,Nc1cccc(-c2ccc(NCC3CNC3)cc2)c1,Brc1ccc2c(CNc3cccc(-c4ccc(NCC5CNC5)cc4)c3)c[nH]c2c1
scent_seh,greedy_oracle,160,160,192,1,7.041465759277344,Nc1cccc(-c2ccc(NCC3CNC3)cc2)c1,Nc1cccc(-c2ccc(N(CC3CNC3)C(=O)NCc3cn(CC4CC4)c4ccccc34)cc2)c1
scent_seh,greedy_oracle,161,161,193,1,7.028622627258301,Nc1cccc(-c2ccc(NCC3CNC3)cc2)c1,O=C(Nc1cccc(-c2ccc(NCC3CNC3)cc2)c1)c1cccc(N=C=S)c1
scent_seh,greedy_oracle,162,162,194,1,7.011592388153076,Nc1cccc(-c2ccc(NCC3CNC3)cc2)c1,O=C(Nc1cccc(-c2ccc(NCC3CNC3)cc2)c1)N(CC1Cc2ccccc2CN1)c1cc(Br)n[nH]1
scent_seh,greedy_oracle,163,163,195,1,7.502223968505859,Nc1ccc(-c2nnn(CC3CC3)n2)cc1N,Nc1cc(-c2nnn(CC3CC3)n2)ccc1NC(=O)Nc1cccc(-c2ccc(NCC3CNC3)cc2)c1
scent_seh,greedy_oracle,164,164,197,2,8.197061538696289,NCCc1cn(CC2CC2)c2ccccc12,c1ccc2c(c1)c(CCNc1ccc3[nH]c(C4CNC4)nc3c1)cn2CC1CC1
scent_seh,greedy_oracle,165,165,198,1,8.04012393951416,NCCc1cn(CC2CC2)c2ccccc12,O=C(Nc1cc(NCCc2cn(CC3CC3)c3ccccc23)n[nH]1)C1CNC1
scent_seh,greedy_oracle,166,166,199,1,7.622651100158691,NCCc1cn(CC2CC2)c2ccccc12,O=C(NCCc1cn(CC2CC2)c2ccccc12)NC12CC(C1)C2
scent_seh,greedy_oracle,167,167,200,1,7.535131454467773,NCCc1cn(CC2CC2)c2ccccc12,c1ccc2c(c1)CNC(CNCCc1cn(CC3CC3)c3ccccc13)C2
scent_seh,greedy_oracle,168,168,201,1,7.512195110321045,NCCc1cn(CC2CC2)c2ccccc12,Nc1c(NCCc2cn(CC3CC3)c3ccccc23)cccc1NC(=O)C1CCN1
scent_seh,greedy_oracle,169,169,202,1,7.496743679046631,NCCc1cn(CC2CC2)c2ccccc12,Nc1ccc(NCCc2cn(CC3CC3)c3ccccc23)cc1NCC1CCN1
scent_seh,greedy_oracle,170,170,203,1,7.343456745147705,NCCc1cn(CC2CC2)c2ccccc12,Nc1cccc(-c2ccc(NCC3CN(C(=O)NCCc4cn(CC5CC5)c5ccccc45)C3)cc2)c1
scent_seh,greedy_oracle,171,171,204,1,7.327356338500977,NCCc1cn(CC2CC2)c2ccccc12,O=C(NCCc1cn(CC2CC2)c2ccccc12)N1CC(c2nc3cc(Br)ccc3o2)C1
scent_seh,greedy_oracle,172,172,205,1,7.166402339935303,NCCc1cn(CC2CC2)c2ccccc12,O=C(NCCc1cn(CC2CC2)c2ccccc12)N(CC1CCN1)c1ccc(Br)cc1
scent_seh,greedy_oracle,173,173,206,1,7.070652484893799,NCCc1cn(CC2CC2)c2ccccc12,O=C1Cc2ccc(C(CCl)NCCc3cn(CC4CC4)c4ccccc34)cc2N1
scent_seh,greedy_oracle,174,174,208,2,7.549699783325195,O=C(O)c1ccc2nc(C3CNC3)[nH]c2c1,O=C(NCc1ccccc1)c1ccc2nc(C3CNC3)[nH]c2c1
scent_seh,greedy_oracle,175,175,209,1,7.358557224273682,O=C(O)c1ccc2nc(C3CNC3)[nH]c2c1,Nc1cccc(-c2ccc(NCC3CN(C(=O)c4ccc5nc(C6CNC6)[nH]c5c4)C3)cc2)c1
scent_seh,greedy_oracle,176,176,210,1,7.349380970001221,O=C(O)c1ccc2nc(C3CNC3)[nH]c2c1,O=C(c1ccc2nc(C3CNC3)[nH]c2c1)N1CCC1CNc1ccc(Br)cc1
scent_seh,greedy_oracle,177,177,211,1,7.292365550994873,O=C(O)c1ccc2nc(C3CNC3)[nH]c2c1,O=C(Nc1ccc(Br)cc1NCC1CCN1)c1ccc2nc(C3CNC3)[nH]c2c1
scent_seh,greedy_oracle,178,178,212,1,7.268111705780029,O=C(O)c1ccc2nc(C3CNC3)[nH]c2c1,O=C(c1ccc2nc(C3CNC3)[nH]c2c1)N1CC(c2nc3cc(Br)ccc3o2)C1
scent_seh,greedy_oracle,179,179,213,1,7.123693943023682,O=C(O)c1ccc2nc(C3CNC3)[nH]c2c1,O=C(Nc1cccc2cc[nH]c12)c1ccc2nc(C3CNC3)[nH]c2c1
scent_seh,greedy_oracle,180,180,214,1,7.041558742523193,O=C(O)c1ccc2nc(C3CNC3)[nH]c2c1,O=C(c1ccc2nc(C3CNC3)[nH]c2c1)N(CC1Cc2ccccc2CN1)c1cc(Br)n[nH]1
scent_seh,greedy_oracle,181,181,215,1,7.024021625518799,O=C(O)c1ccc2nc(C3CNC3)[nH]c2c1,O=C(c1ccc2nc(C3CNC3)[nH]c2c1)N(CC1CCN1)c1ccc(Br)cc1
scent_seh,greedy_oracle,182,182,216,1,7.019070148468018,O=C(O)c1ccc2nc(C3CNC3)[nH]c2c1,O=C(Nc1nc(F)nc2[nH]cnc12)c1ccc2nc(C3CNC3)[nH]c2c1
scent_seh,greedy_oracle,183,183,218,2,7.485051155090332,O=C(Nc1ccc(Br)cc1)C1CCN1,O=C(Nc1ccc(-c2ccc(F)cc2)cc1)C1CCN1
scent_seh,greedy_oracle,184,184,219,1,7.449124813079834,O=C(Nc1ccc(Br)cc1)C1CCN1,O=C(Nc1ccc(NCc2c[nH]c3ccccc23)cc1)C1CCN1
scent_seh,greedy_oracle,185,185,220,1,7.321597576141357,O=C(Nc1ccc(Br)cc1)C1CCN1,O=C(Nc1ccc(NC23CC(C2)C3)cc1)C1CCN1
scent_seh,greedy_oracle,186,186,221,1,7.292524814605713,O=C(Nc1ccc(Br)cc1)C1CCN1,O=C(Nc1cc(N2CCC2C(=O)Nc2ccc(Br)cc2)n[nH]1)C1CNC1
scent_seh,greedy_oracle,187,187,222,1,7.27583122253418,O=C(Nc1ccc(Br)cc1)C1CCN1,N#Cc1ccccc1-c1ccc(NC(=O)C2CCN2)cc1
scent_seh,greedy_oracle,188,188,223,1,7.136610984802246,O=C(Nc1ccc(Br)cc1)C1CCN1,O=C(Nc1ccc(Nc2ccc(Br)cc2NCC2CCN2)cc1)C1CCN1
scent_seh,greedy_oracle,189,189,224,1,7.09323263168335,O=C(Nc1ccc(Br)cc1)C1CCN1,O=C(Nc1ccc(NCc2ccc(C(F)(F)F)cc2)cc1)C1CCN1
scent_seh,greedy_oracle,190,190,225,1,7.0801568031311035,O=C(Nc1ccc(Br)cc1)C1CCN1,O=C(Nc1ccc(Br)cc1)C1CCN1c1ccc2nc(C3CNC3)[nH]c2c1
scent_seh,greedy_oracle,191,191,226,1,7.021696090698242,O=C(Nc1ccc(Br)cc1)C1CCN1,O=C(Nc1ccc(Nc2ccnc3ccccc23)cc1)C1CCN1
scent_seh,greedy_oracle,192,192,228,2,7.239899158477783,O=C(O)C1CCCN(C(=O)NC2CC2)C1,O=C(NCc1ccc(C(F)(F)F)cc1)C1CCCN(C(=O)NC2CC2)C1
scent_seh,greedy_oracle,193,193,229,1,7.1869635581970215,O=C(O)C1CCCN(C(=O)NC2CC2)C1,O=C(NC1CC1)N1CCCC(CNCc2c[nH]c3ccccc23)C1
scent_seh,greedy_oracle,194,194,230,1,7.184895038604736,O=C(O)C1CCCN(C(=O)NC2CC2)C1,O=C(NC1CC1)N1CCCC(CNc2ccnc3ccccc23)C1
scent_seh,greedy_oracle,195,195,231,1,7.1377081871032715,O=C(O)C1CCCN(C(=O)NC2CC2)C1,Nc1cccc(-c2ccc(NCC3CN(C(=O)C4CCCN(C(=O)NC5CC5)C4)C3)cc2)c1
scent_seh,greedy_oracle,196,196,232,1,7.086440563201904,O=C(O)C1CCCN(C(=O)NC2CC2)C1,O=C(Nc1cccc(Br)c1NCC1CCCN(C(=O)NC2CC2)C1)C1CCN1
scent_seh,greedy_oracle,197,197,233,1,7.060208320617676,O=C(O)C1CCCN(C(=O)NC2CC2)C1,O=C(Nc1ccc(Br)cc1)C1CCN1CC1CCCN(C(=O)NC2CC2)C1
scent_seh,greedy_oracle,198,198,234,1,7.041746616363525,O=C(O)C1CCCN(C(=O)NC2CC2)C1,O=C(NC1CC1)N1CCCC(C(=O)N2CCC2CNc2ccc(Br)cc2)C1
scent_seh,greedy_oracle,199,199,235,1,7.023153781890869,O=C(O)C1CCCN(C(=O)NC2CC2)C1,O=C(NC1CC1)N1CCCC(CNc2ccc(Br)cc2NCC2CCN2)C1
scent_seh,greedy_oracle,200,200,236,1,7.005468845367432,O=C(O)C1CCCN(C(=O)NC2CC2)C1,CC(NC(=O)C1CCCN(C(=O)NC2CC2)C1)c1ccccc1
scent_seh,greedy_oracle,201,201,239,3,8.170147895812988,O=C(O)c1cccc(-c2ccc(NC(=O)C3CCCN3)cc2)c1,O=C(NCc1cn(CC2CC2)c2ccccc12)c1cccc(-c2ccc(NC(=O)C3CCCN3)cc2)c1
scent_seh,greedy_oracle,202,202,240,1,7.724664211273193,O=C(O)c1cccc(-c2ccc(NC(=O)C3CCCN3)cc2)c1,O=C(Nc1ccc(-c2cccc(C3=NCCc4ccccc43)c2)cc1)C1CCCN1
scent_seh,greedy_oracle,203,203,241,1,7.600273609161377,O=C(O)c1cccc(-c2ccc(NC(=O)C3CCCN3)cc2)c1,O=C(Nc1ccnc2ccccc12)c1cccc(-c2ccc(NC(=O)C3CCCN3)cc2)c1
scent_seh,greedy_oracle,204,204,242,1,7.572627544403076,O=C(O)c1cccc(-c2ccc(NC(=O)C3CCCN3)cc2)c1,O=C(Nc1ccc(-c2cccc(-c3nc4ccccc4o3)c2)cc1)C1CCCN1
scent_seh,greedy_oracle,205,205,243,1,7.5208234786987305,O=C(O)c1cccc(-c2ccc(NC(=O)C3CCCN3)cc2)c1,O=C(OC1CN2CCC1CC2)c1cccc(-c2ccc(NC(=O)C3CCCN3)cc2)c1
scent_seh,greedy_oracle,206,206,244,1,7.497974872589111,O=C(O)c1cccc(-c2ccc(NC(=O)C3CCCN3)cc2)c1,O=C(O)c1cccc(-c2ccc(NC(=O)C3CCCN3Cc3ccc(C(=O)NC4CC4)cc3)cc2)c1
scent_seh,greedy_oracle,207,207,245,1,7.399278163909912,O=C(O)c1cccc(-c2ccc(NC(=O)C3CCCN3)cc2)c1,O=C(Nc1ccc(-c2cccc(CNc3ccccn3)c2)cc1)C1CCCN1
scent_seh,greedy_oracle,208,208,246,1,7.336724758148193,O=C(O)c1cccc(-c2ccc(NC(=O)C3CCCN3)cc2)c1,O=C(Nc1ccc(-c2cccc(C(=O)N3CC(c4nc5cc(Br)ccc5o4)C3)c2)cc1)C1CCCN1
scent_seh,greedy_oracle,209,209,247,1,7.334023952484131,O=C(O)c1cccc(-c2ccc(NC(=O)C3CCCN3)cc2)c1,O=C(O)c1cccc(-c2ccc(NC(=O)C3CCCN3c3cc(NCC4Cc5ccccc5CN4)[nH]n3)cc2)c1
scent_seh,greedy_oracle,210,210,248,1,7.280613422393799,O=C(O)c1cccc(-c2ccc(NC(=O)C3CCCN3)cc2)c1,O=C(Nc1ccc(-c2cccc(-c3nc4cc(Br)ccc4[nH]3)c2)cc1)C1CCCN1
scent_seh,greedy_oracle,211,211,249,1,7.239238262176514,O=C(O)c1cccc(-c2ccc(NC(=O)C3CCCN3)cc2)c1,O=C(Nc1ccc(-c2cccc(C(=O)N(CC3Cc4ccccc4CN3)c3cc(Br)n[nH]3)c2)cc1)C1CCCN1
scent_seh,greedy_oracle,212,212,250,1,7.238114833831787,O=C(O)c1cccc(-c2ccc(NC(=O)C3CCCN3)cc2)c1,O=C(Nc1ccc(-c2cccc(CN3CCC3C(=O)NCCc3ccccc3Br)c2)cc1)C1CCCN1
scent_seh,greedy_oracle,213,213,251,1,7.160798072814941,O=C(O)c1cccc(-c2ccc(NC(=O)C3CCCN3)cc2)c1,O=C(O)c1cccc(-c2ccc(NC(=O)C3CCCN3c3ccccc3CCNC(=O)C3CCN3)cc2)c1
scent_seh,greedy_oracle,214,214,252,1,7.158022880554199,O=C(O)c1cccc(-c2ccc(NC(=O)C3CCCN3)cc2)c1,O=C(Nc1ccc(-c2cccc(CN3CC(c4nc5ccc(Br)cc5[nH]4)C3)c2)cc1)C1CCCN1
scent_seh,greedy_oracle,215,215,253,1,7.154555797576904,O=C(O)c1cccc(-c2ccc(NC(=O)C3CCCN3)cc2)c1,O=C(NCCc1c[nH]c2ccc(O)cc12)c1cccc(-c2ccc(NC(=O)C3CCCN3)cc2)c1
scent_seh,greedy_oracle,216,216,254,1,7.082473278045654,O=C(O)c1cccc(-c2ccc(NC(=O)C3CCCN3)cc2)c1,O=C(Nc1ccc(-c2cccc(CN3Cc4ccccc4CC3CNc3cc(Br)n[nH]3)c2)cc1)C1CCCN1
scent_seh,greedy_oracle,217,217,255,1,7.017367362976074,O=C(O)c1cccc(-c2ccc(NC(=O)C3CCCN3)cc2)c1,O=C(O)c1cccc(-c2ccc(NC(=O)C3CCCN3c3ccc4c(CNC56CC(C5)C6)c[nH]c4c3)cc2)c1
scent_seh,greedy_oracle,218,218,256,1,7.056107997894287,Nc1cccc2ccn(CC3CC3)c12,O=C(O)c1cccc(-c2ccc(NC(=O)C3CCCN3C(=O)Nc3cccc4ccn(CC5CC5)c34)cc2)c1
scent_seh,greedy_oracle,219,219,257,1,7.191740989685059,O=C(O)c1ccc2nc(C3CNC3)[nH]c2c1,O=C(O)c1cccc(-c2ccc(NC(=O)C3CCCN3C(=O)c3ccc4nc(C5CNC5)[nH]c4c3)cc2)c1
scent_seh,greedy_oracle,220,220,258,1,7.142425060272217,O=C(O)C1CCCN(C(=O)NC2CC2)C1,O=C(O)c1cccc(-c2ccc(NC(=O)C3CCCN3C(=O)C3CCCN(C(=O)NC4CC4)C3)cc2)c1
scent_seh,greedy_oracle,221,221,260,2,8.21936321258545,O=Cc1cccc(C2=NCCc3ccccc32)c1,c1cc(CNc2ccc(-c3cn(CC4CC4)cn3)cc2)cc(C2=NCCc3ccccc32)c1
scent_seh,greedy_oracle,222,222,261,1,7.717276096343994,O=Cc1cccc(C2=NCCc3ccccc32)c1,c1cc(CNCc2cn(CC3CC3)c3ccccc23)cc(C2=NCCc3ccccc32)c1
scent_seh,greedy_oracle,223,223,262,1,7.46534538269043,O=Cc1cccc(C2=NCCc3ccccc32)c1,c1cc(C2=NCCc3ccccc32)cc(C2NCCc3ccccc32)c1
scent_seh,greedy_oracle,224,224,263,1,7.313938140869141,O=Cc1cccc(C2=NCCc3ccccc32)c1,O=C(Nc1cccc(Br)c1NCc1cccc(C2=NCCc3ccccc32)c1)C1CCN1
scent_seh,greedy_oracle,225,225,264,1,7.082337856292725,O=Cc1cccc(C2=NCCc3ccccc32)c1,c1cc(C2=NCCc3ccccc32)cc(-c2nc3ccccc3o2)c1
scent_seh,greedy_oracle,226,226,265,1,7.072824954986572,O=Cc1cccc(C2=NCCc3ccccc32)c1,O=C(Nc1ccc(Br)cc1)C1CCN1Cc1cccc(C2=NCCc3ccccc32)c1
scent_seh,greedy_oracle,227,227,266,1,7.038735389709473,O=Cc1cccc(C2=NCCc3ccccc32)c1,Nc1cccc(-c2ccc(NCC3CN(Cc4cccc(C5=NCCc6ccccc65)c4)C3)cc2)c1
scent_seh,greedy_oracle,228,228,267,1,7.0023722648620605,O=Cc1cccc(C2=NCCc3ccccc32)c1,Brc1ccc(N(Cc2cccc(C3=NCCc4ccccc43)c2)CC2CCN2)cc1
scent_seh,greedy_oracle,229,229,269,2,8.227751731872559,O=Cc1c[nH]c2ccc(-c3nnn(CC4CC4)n3)cc12,c1cc(-c2cn(CC3CC3)cn2)ccc1NCc1c[nH]c2ccc(-c3nnn(CC4CC4)n3)cc12
scent_seh,greedy_oracle,230,230,270,1,7.863127708435059,O=Cc1c[nH]c2ccc(-c3nnn(CC4CC4)n3)cc12,c1ccc2c(c1)CCNC2c1c[nH]c2ccc(-c3nnn(CC4CC4)n3)cc12
scent_seh,greedy_oracle,231,231,271,1,7.428904056549072,O=Cc1c[nH]c2ccc(-c3nnn(CC4CC4)n3)cc12,O=C(Nc1cccc(Br)c1NCc1c[nH]c2ccc(-c3nnn(CC4CC4)n3)cc12)C1CCN1
scent_seh,greedy_oracle,232,232,272,1,7.3665690422058105,O=Cc1c[nH]c2ccc(-c3nnn(CC4CC4)n3)cc12,O=C(O)c1cccc(-c2ccc(NC(=O)C3CCCN3Cc3c[nH]c4ccc(-c5nnn(CC6CC6)n5)cc34)cc2)c1
scent_seh,greedy_oracle,233,233,273,1,7.270938396453857,O=Cc1c[nH]c2ccc(-c3nnn(CC4CC4)n3)cc12,Brc1ccc2oc(C3CN(Cc4c[nH]c5ccc(-c6nnn(CC7CC7)n6)cc45)C3)nc2c1
scent_seh,greedy_oracle,234,234,274,1,7.12593412399292,O=Cc1c[nH]c2ccc(-c3nnn(CC4CC4)n3)cc12,Brc1ccc(N(Cc2c[nH]c3ccc(-c4nnn(CC5CC5)n4)cc23)CC2CCN2)cc1
scent_seh,greedy_oracle,235,235,275,1,7.102147102355957,O=Cc1c[nH]c2ccc(-c3nnn(CC4CC4)n3)cc12,c1ccc2oc(-c3c[nH]c4ccc(-c5nnn(CC6CC6)n5)cc34)nc2c1
scent_seh,greedy_oracle,236,236,276,1,7.020020484924316,O=Cc1c[nH]c2ccc(-c3nnn(CC4CC4)n3)cc12,O=Cc1cn(CC2CC2)c2ccc(-c3nnn(CC4CC4)n3)cc12
scent_seh,greedy_oracle,237,237,278,2,7.310983180999756,O=C(O)c1ccc(CNC23CC(C2)C3)cc1,O=C(Nc1ccnc2ccccc12)c1ccc(CNC23CC(C2)C3)cc1
scent_seh,greedy_oracle,238,238,279,1,7.160806655883789,O=C(O)c1ccc(CNC23CC(C2)C3)cc1,O=C(c1ccc(CNC23CC(C2)C3)cc1)N1CC(c2nc3cc(Br)ccc3[nH]2)C1
scent_seh,greedy_oracle,239,239,280,1,7.12405252456665,O=C(O)c1ccc(CNC23CC(C2)C3)cc1,O=C(NCc1c[nH]c2ccccc12)c1ccc(CNC23CC(C2)C3)cc1
scent_seh,greedy_oracle,240,240,281,1,7.118673324584961,O=C(O)c1ccc(CNC23CC(C2)C3)cc1,O=C(c1ccc(CNC23CC(C2)C3)cc1)N1CCCC1c1nc2cc(Br)ccc2o1
scent_seh,greedy_oracle,241,241,282,1,7.10541296005249,O=C(O)c1ccc(CNC23CC(C2)C3)cc1,O=C(O)c1ccc(CN(C(=O)c2cccc(-c3ccc(NC(=O)C4CCCN4)cc3)c2)C23CC(C2)C3)cc1
scent_seh,greedy_oracle,242,242,283,1,7.043263912200928,O=C(O)c1ccc(CNC23CC(C2)C3)cc1,O=C(NCCc1ccccc1Br)C1CCN1C(=O)c1ccc(CNC23CC(C2)C3)cc1
scent_seh,greedy_oracle,243,243,284,1,7.035125732421875,O=C(O)c1ccc(CNC23CC(C2)C3)cc1,O=C(O)c1ccc(CN(c2cc(NCC3Cc4ccccc4CN3)[nH]n2)C23CC(C2)C3)cc1
scent_seh,greedy_oracle,244,244,285,1,7.014219284057617,O=C(O)c1ccc(CNC23CC(C2)C3)cc1,O=C(c1ccc(CNC23CC(C2)C3)cc1)N1CCC1CNc1ccc(Br)cc1
scent_seh,greedy_oracle,245,245,287,2,8.152608871459961,OB(O)c1ccc2c(ccn2CC2CC2)c1,O=C(Nc1cc(-c2ccc3c(ccn3CC3CC3)c2)n[nH]1)C1CNC1
scent_seh,greedy_oracle,246,246,288,1,8.143391609191895,OB(O)c1ccc2c(ccn2CC2CC2)c1,c1ccc2c(c1)CNC(CNc1cc(-c3ccc4c(ccn4CC4CC4)c3)n[nH]1)C2
scent_seh,greedy_oracle,247,247,289,1,8.026056289672852,OB(O)c1ccc2c(ccn2CC2CC2)c1,O=C(Nc1ccc(-c2ccc3c(ccn3CC3CC3)c2)cc1)C1CCN1
scent_seh,greedy_oracle,248,248,290,1,7.996979236602783,OB(O)c1ccc2c(ccn2CC2CC2)c1,c1cc2c(ccn2CC2CC2)cc1-c1ccc2nc(C3CNC3)[nH]c2c1
scent_seh,greedy_oracle,249,249,291,1,7.760510444641113,OB(O)c1ccc2c(ccn2CC2CC2)c1,Nc1ccc(-c2ccc3c(ccn3CC3CC3)c2)cc1NCC1CCN1
scent_seh,greedy_oracle,250,250,292,1,7.73600435256958,OB(O)c1ccc2c(ccn2CC2CC2)c1,c1cc2c(ccn2CC2CC2)cc1-c1ccc2oc(C3CCCN3)nc2c1
scent_seh,greedy_oracle,251,251,293,1,7.7343363761901855,OB(O)c1ccc2c(ccn2CC2CC2)c1,O=C(NCCc1ccccc1-c1ccc2c(ccn2CC2CC2)c1)C1CCN1
scent_seh,greedy_oracle,252,252,294,1,7.6607890129089355,OB(O)c1ccc2c(ccn2CC2CC2)c1,c1cc2c(ccn2CC2CC2)cc1-c1ccc2c(CNC34CC(C3)C4)c[nH]c2c1
scent_seh,greedy_oracle,253,253,297,3,8.046409606933594,c1cc(-c2nnn(CC3CC3)n2)ccc1COC1CCNC1,c1cc(-c2nnn(CC3CC3)n2)ccc1COC1CCN(c2ccc3nc(C4CNC4)[nH]c3c2)C1
scent_seh,greedy_oracle,254,254,298,1,8.041337013244629,c1cc(-c2nnn(CC3CC3)n2)ccc1COC1CCNC1,c1ccc2c(c1)CNC(CNc1cc(N3CCC(OCc4ccc(-c5nnn(CC6CC6)n5)cc4)C3)n[nH]1)C2
scent_seh,greedy_oracle,255,255,299,1,8.041096687316895,c1cc(-c2nnn(CC3CC3)n2)ccc1COC1CCNC1,O=C(NC1CC1)c1ccc(CN2CCC(OCc3ccc(-c4nnn(CC5CC5)n4)cc3)C2)cc1
scent_seh,greedy_oracle,256,256,300,1,7.971442222595215,c1cc(-c2nnn(CC3CC3)n2)ccc1COC1CCNC1,O=C(NCc1c[nH]c2ccccc12)N1CCC(OCc2ccc(-c3nnn(CC4CC4)n3)cc2)C1
scent_seh,greedy_oracle,257,257,301,1,7.9634480476379395,c1cc(-c2nnn(CC3CC3)n2)ccc1COC1CCNC1,c1ccc2nc(N3CCC(OCc4ccc(-c5nnn(CC6CC6)n5)cc4)C3)ccc2c1
scent_seh,greedy_oracle,258,258,302,1,7.876743793487549,c1cc(-c2nnn(CC3CC3)n2)ccc1COC1CCNC1,O=C(NCCc1ccccc1N1CCC(OCc2ccc(-c3nnn(CC4CC4)n3)cc2)C1)C1CCN1
scent_seh,greedy_oracle,259,259,303,1,7.639580726623535,c1cc(-c2nnn(CC3CC3)n2)ccc1COC1CCNC1,O=C(N1CCC(OCc2ccc(-c3nnn(CC4CC4)n3)cc2)C1)N1CC(c2nc3cc(Br)ccc3o2)C1
scent_seh,greedy_oracle,260,260,304,1,7.391708850860596,c1cc(-c2nnn(CC3CC3)n2)ccc1COC1CCNC1,O=C1Cc2ccc(C(CCl)N3CCC(OCc4ccc(-c5nnn(CC6CC6)n5)cc4)C3)cc2N1
scent_seh,greedy_oracle,261,261,305,1,7.331206321716309,c1cc(-c2nnn(CC3CC3)n2)ccc1COC1CCNC1,Nc1nc(N2CCC(OCc3ccc(-c4nnn(CC5CC5)n4)cc3)C2)nc2[nH]cnc12
scent_seh,greedy_oracle,262,262,306,1,7.319063663482666,c1cc(-c2nnn(CC3CC3)n2)ccc1COC1CCNC1,O=C(c1cc(C(F)(F)F)ccn1)N1CCC(OCc2ccc(-c3nnn(CC4CC4)n3)cc2)C1
scent_seh,greedy_oracle,263,263,307,1,7.300435543060303,c1cc(-c2nnn(CC3CC3)n2)ccc1COC1CCNC1,COc1cccc(C(C)N2CCC(OCc3ccc(-c4nnn(CC5CC5)n4)cc3)C2)c1
scent_seh,greedy_oracle,264,264,308,1,7.2065653800964355,c1cc(-c2nnn(CC3CC3)n2)ccc1COC1CCNC1,O=C(N1CCC(OCc2ccc(-c3nnn(CC4CC4)n3)cc2)C1)N(CC1CCN1)c1cc(Br)n[nH]1
scent_seh,greedy_oracle,265,265,309,1,7.1529974937438965,c1cc(-c2nnn(CC3CC3)n2)ccc1COC1CCNC1,O=[N+]([O-])c1ccc(N2CCC(OCc3ccc(-c4nnn(CC5CC5)n4)cc3)C2)c2cccnc12
scent_seh,greedy_oracle,266,266,310,1,7.101527690887451,c1cc(-c2nnn(CC3CC3)n2)ccc1COC1CCNC1,Nc1c(Br)cccc1NC(=O)C1CCN1C(=O)N1CCC(OCc2ccc(-c3nnn(CC4CC4)n3)cc2)C1
scent_seh,greedy_oracle,267,267,311,1,7.09685754776001,c1cc(-c2nnn(CC3CC3)n2)ccc1COC1CCNC1,c1cc(-c2nnn(CC3CC3)n2)ccc1COC1CCN(C2CCCNC2)C1
scent_seh,greedy_oracle,268,268,314,3,8.196430206298828,Nc1ccc(-c2cn(CC3CC3)nn2)cc1,c1cc(-c2cn(CC3CC3)nn2)ccc1Nc1ccc2[nH]c(C3CNC3)nc2c1
scent_seh,greedy_oracle,269,269,315,1,8.108511924743652,Nc1ccc(-c2cn(CC3CC3)nn2)cc1,c1cc(Nc2ccc(-c3cn(CC4CC4)nn3)cc2)ccc1NCC1CCN1
scent_seh,greedy_oracle,270,270,316,1,8.087772369384766,Nc1ccc(-c2cn(CC3CC3)nn2)cc1,O=C(Nc1cc(Nc2ccc(-c3cn(CC4CC4)nn3)cc2)n[nH]1)C1CNC1
scent_seh,greedy_oracle,271,271,317,1,8.00110912322998,Nc1ccc(-c2cn(CC3CC3)nn2)cc1,O=C(Nc1ccc(-c2cn(CC3CC3)nn2)cc1)Nc1ccnc2ccccc12
scent_seh,greedy_oracle,272,272,318,1,7.986043930053711,Nc1ccc(-c2cn(CC3CC3)nn2)cc1,O=C(Nc1ccc(-c2cn(CC3CC3)nn2)cc1)C1Cc2ccccc2CN1
scent_seh,greedy_oracle,273,273,319,1,7.851078510284424,Nc1ccc(-c2cn(CC3CC3)nn2)cc1,Nc1c(NC(=O)C2CCN2)cccc1Nc1ccc(-c2cn(CC3CC3)nn2)cc1
scent_seh,greedy_oracle,274,274,320,1,7.730938911437988,Nc1ccc(-c2cn(CC3CC3)nn2)cc1,O=C(NCCc1c[nH]c2ccccc12)Nc1ccc(-c2cn(CC3CC3)nn2)cc1
scent_seh,greedy_oracle,275,275,321,1,7.672844409942627,Nc1ccc(-c2cn(CC3CC3)nn2)cc1,O=C(Nc1ccc(-c2cn(CC3CC3)nn2)cc1)c1ccncc1
scent_seh,greedy_oracle,276,276,322,1,7.440120220184326,Nc1ccc(-c2cn(CC3CC3)nn2)cc1,O=C(Nc1ccc(-c2cn(CC3CC3)nn2)cc1)Nc1nc(F)nc2[nH]cnc12
scent_seh,greedy_oracle,277,277,323,1,7.426284313201904,Nc1ccc(-c2cn(CC3CC3)nn2)cc1,c1ccc(CNc2ccc(-c3cn(CC4CC4)nn3)cc2)nc1
scent_seh,greedy_oracle,278,278,324,1,7.252108573913574,Nc1ccc(-c2cn(CC3CC3)nn2)cc1,O=C(Nc1ccc(-c2cn(CC3CC3)nn2)cc1)N(CC1CCN1)c1ccc(Br)cc1
scent_seh,greedy_oracle,279,279,325,1,7.21482515335083,Nc1ccc(-c2cn(CC3CC3)nn2)cc1,O=C(Nc1ccc(-c2cn(CC3CC3)nn2)cc1)N1CC(c2nc3cc(Br)ccc3o2)C1
scent_seh,greedy_oracle,280,280,326,1,7.179714202880859,Nc1ccc(-c2cn(CC3CC3)nn2)cc1,O=C(NCCc1ccccc1Br)C1CCN1C(=O)Nc1ccc(-c2cn(CC3CC3)nn2)cc1
scent_seh,greedy_oracle,281,281,327,1,7.155729293823242,Nc1ccc(-c2cn(CC3CC3)nn2)cc1,Brc1ccc2c(CNc3ccc(-c4cn(CC5CC5)nn4)cc3)c[nH]c2c1
scent_seh,greedy_oracle,282,282,328,1,7.8914875984191895,O=C(O)C1CCCN(C(=O)NC2CC2)C1,O=C(NC1CC1)N1CCCC(CNc2ccc(-c3cn(CC4CC4)nn3)cc2)C1
scent_seh,greedy_oracle,283,283,330,2,8.054248809814453,Fc1ccc(-c2nnn(CC3CC3)n2)cn1,c1cc(-c2cn(CC3CC3)nn2)ccc1Nc1ccc(-c2nnn(CC3CC3)n2)cn1
scent_seh,greedy_oracle,284,284,331,1,7.377424716949463,Fc1ccc(-c2nnn(CC3CC3)n2)cn1,CC(Nc1ccc(-c2nnn(CC3CC3)n2)cn1)c1ccccc1
scent_seh,greedy_oracle,285,285,332,1,7.244876384735107,Fc1ccc(-c2nnn(CC3CC3)n2)cn1,Nc1cccc(-c2ccc(NCC3CN(c4ccc(-c5nnn(CC6CC6)n5)cn4)C3)cc2)c1
scent_seh,greedy_oracle,286,286,333,1,7.187028884887695,Fc1ccc(-c2nnn(CC3CC3)n2)cn1,FC(F)(F)c1ccc(CNc2ccc(-c3nnn(CC4CC4)n3)cn2)cc1
scent_seh,greedy_oracle,287,287,334,1,7.086599349975586,Fc1ccc(-c2nnn(CC3CC3)n2)cn1,COc1ccccc1CCNc1ccc(-c2nnn(CC3CC3)n2)cn1
scent_seh,greedy_oracle,288,288,335,1,7.065279006958008,Fc1ccc(-c2nnn(CC3CC3)n2)cn1,Brc1ccc(NCC2CCN2c2ccc(-c3nnn(CC4CC4)n3)cn2)cc1
scent_seh,greedy_oracle,289,289,336,1,7.013720512390137,Fc1ccc(-c2nnn(CC3CC3)n2)cn1,c1ccc(-n2cccc2)c(Nc2ccc(-c3nnn(CC4CC4)n3)cn2)c1
scent_seh,greedy_oracle,290,290,337,1,7.0038533210754395,Fc1ccc(-c2nnn(CC3CC3)n2)cn1,Brc1ccc(Nc2ccc(-c3nnn(CC4CC4)n3)cn2)c(NCC2CCN2)c1
scent_seh,greedy_oracle,291,291,340,3,7.7400994300842285,O=C(O)c1cccc(-c2ccc3oc(C4CCN4)nc3c2)c1,O=C(NCc1c[nH]c2ccccc12)c1cccc(-c2ccc3oc(C4CCN4)nc3c2)c1
scent_seh,greedy_oracle,292,292,341,1,7.483651161193848,O=C(O)c1cccc(-c2ccc3oc(C4CCN4)nc3c2)c1,c1ccc(NCc2cccc(-c3ccc4oc(C5CCN5)nc4c3)c2)nc1
scent_seh,greedy_oracle,293,293,342,1,7.424778461456299,O=C(O)c1cccc(-c2ccc3oc(C4CCN4)nc3c2)c1,O=C(OC1CN2CCC1CC2)c1cccc(-c2ccc3oc(C4CCN4)nc3c2)c1
scent_seh,greedy_oracle,294,294,343,1,7.384722709655762,O=C(O)c1cccc(-c2ccc3oc(C4CCN4)nc3c2)c1,c1cc(-c2ccc3oc(C4CCN4)nc3c2)cc(-c2nc3ccccc3o2)c1
scent_seh,greedy_oracle,295,295,344,1,7.233643531799316,O=C(O)c1cccc(-c2ccc3oc(C4CCN4)nc3c2)c1,O=C(O)C1Cc2ccccc2CN1Cc1cccc(-c2ccc3oc(C4CCN4)nc3c2)c1
scent_seh,greedy_oracle,296,296,345,1,7.2273406982421875,O=C(O)c1cccc(-c2ccc3oc(C4CCN4)nc3c2)c1,O=C(Nc1cccc2cc[nH]c12)c1cccc(-c2ccc3oc(C4CCN4)nc3c2)c1
scent_seh,greedy_oracle,297,297,346,1,7.1074442863464355,O=C(O)c1cccc(-c2ccc3oc(C4CCN4)nc3c2)c1,O=C(O)c1cccc(-c2ccc3oc(C4CCN4Cc4ccc(C(=O)NC5CC5)cc4)nc3c2)c1
scent_seh,greedy_oracle,298,298,347,1,7.0658793449401855,O=C(O)c1cccc(-c2ccc3oc(C4CCN4)nc3c2)c1,Brc1ccc2[nH]c(C3CN(Cc4cccc(-c5ccc6oc(C7CCN7)nc6c5)c4)C3)nc2c1
scent_seh,greedy_oracle,299,299,348,1,7.053902626037598,O=C(O)c1cccc(-c2ccc3oc(C4CCN4)nc3c2)c1,Brc1ccc(N(Cc2cccc(-c3ccc4oc(C5CCN5)nc4c3)c2)CC2CCN2)cc1
scent_seh,greedy_oracle,300,300,349,1,7.043670177459717,O=C(O)c1cccc(-c2ccc3oc(C4CCN4)nc3c2)c1,O=C(O)C1Cc2ccccc2C(c2cccc(-c3ccc4oc(C5CCN5)nc4c3)c2)=N1
scent_seh,greedy_oracle_static,1,1,23,3,8.198641777038574,Nc1cccc(-c2cn(CC3CC3)cn2)c1,O=C(NCc1cn(CC2CC2)c2ccccc12)Nc1cccc(-c2cn(CC3CC3)cn2)c1
scent_seh,greedy_oracle_static,2,2,24,1,8.05732250213623,Nc1cccc(-c2cn(CC3CC3)cn2)c1,c1cc(NCC2CCN2)cc(-c2cn(CC3CC3)cn2)c1
scent_seh,greedy_oracle_static,3,3,25,1,8.029559135437012,Nc1cccc(-c2cn(CC3CC3)cn2)c1,O=C(Nc1cccc(-c2cn(CC3CC3)cn2)c1)C1Cc2ccccc2CN1
scent_seh,greedy_oracle_static,4,4,26,1,8.023804664611816,Nc1cccc(-c2cn(CC3CC3)cn2)c1,O=C(Nc1cc(Nc2cccc(-c3cn(CC4CC4)cn3)c2)n[nH]1)C1CNC1
scent_seh,greedy_oracle_static,5,5,27,1,7.979691028594971,Nc1cccc(-c2cn(CC3CC3)cn2)c1,c1cc(Nc2ccc3nc(C4CNC4)[nH]c3c2)cc(-c2cn(CC3CC3)cn2)c1
scent_seh,greedy_oracle_static,6,6,28,1,7.774229049682617,Nc1cccc(-c2cn(CC3CC3)cn2)c1,Nc1c(NC(=O)C2CCN2)cccc1Nc1cccc(-c2cn(CC3CC3)cn2)c1
scent_seh,greedy_oracle_static,7,7,29,1,7.583466053009033,Nc1cccc(-c2cn(CC3CC3)cn2)c1,O=C(Nc1cccc(-c2cn(CC3CC3)cn2)c1)Nc1cccc2cc[nH]c12
scent_seh,greedy_oracle_static,8,8,30,1,7.436767101287842,Nc1cccc(-c2cn(CC3CC3)cn2)c1,O=C(Nc1cccc(-c2cn(CC3CC3)cn2)c1)c1ccc(C(F)(F)F)cn1
scent_seh,greedy_oracle_static,9,9,31,1,7.383947849273682,Nc1cccc(-c2cn(CC3CC3)cn2)c1,O=C(Nc1cccc(-c2cn(CC3CC3)cn2)c1)N1CCC1CNc1ccc(Br)cc1
scent_seh,greedy_oracle_static,10,10,32,1,7.375397682189941,Nc1cccc(-c2cn(CC3CC3)cn2)c1,O=C1Cc2ccc(C(CCl)Nc3cccc(-c4cn(CC5CC5)cn4)c3)cc2N1
scent_seh,greedy_oracle_static,11,11,33,1,7.166100978851318,Nc1cccc(-c2cn(CC3CC3)cn2)c1,O=C(NCCc1c[nH]c2ccc(O)cc12)Nc1cccc(-c2cn(CC3CC3)cn2)c1
scent_seh,greedy_oracle_static,12,12,35,2,8.061344146728516,Nc1cccc2ccn(CC3CC3)c12,O=C(Nc1cccc2ccn(CC3CC3)c12)C1CNC1
scent_seh,greedy_oracle_static,13,13,36,1,7.848794460296631,Nc1cccc2ccn(CC3CC3)c12,O=C(NCc1cn(CC2CC2)c2ccccc12)Nc1cccc2ccn(CC3CC3)c12
scent_seh,greedy_oracle_static,14,14,37,1,7.622629642486572,Nc1cccc2ccn(CC3CC3)c12,c1cc(Nc2ccc3oc(C4CNC4)nc3c2)c2c(c1)ccn2CC1CC1
scent_seh,greedy_oracle_static,15,15,38,1,7.404008388519287,Nc1cccc2ccn(CC3CC3)c12,O=C(Nc1cc(Nc2cccc3ccn(CC4CC4)c23)n[nH]1)C1Cc2ccccc2CN1
scent_seh,greedy_oracle_static,16,16,39,1,7.353892803192139,Nc1cccc2ccn(CC3CC3)c12,c1cc(Nc2cccc3[nH]c(C4CNC4)nc23)c2c(c1)ccn2CC1CC1
scent_seh,greedy_oracle_static,17,17,40,1,7.335854530334473,Nc1cccc2ccn(CC3CC3)c12,c1cc(Nc2ccc(NCC3CCN3)cc2)c2c(c1)ccn2CC1CC1
scent_seh,greedy_oracle_static,18,18,41,1,7.188287258148193,Nc1cccc2ccn(CC3CC3)c12,O=C(Nc1ccc(Br)cc1NCC1CCN1)Nc1cccc2ccn(CC3CC3)c12
scent_seh,greedy_oracle_static,19,19,42,1,7.116314888000488,Nc1cccc2ccn(CC3CC3)c12,O=C(NCCc1ccccc1Br)C1CCN1C(=O)Nc1cccc2ccn(CC3CC3)c12
scent_seh,greedy_oracle_static,20,20,43,1,7.072954177856445,Nc1cccc2ccn(CC3CC3)c12,c1ccc2c(c1)CNC(CNc1cccc3ccn(CC4CC4)c13)C2
scent_seh,greedy_oracle_static,21,21,44,1,7.049505710601807,Nc1cccc2ccn(CC3CC3)c12,O=C(Nc1cccc2ccn(CC3CC3)c12)N1CC(c2nc3ccc(Br)cc3o2)C1
scent_seh,greedy_oracle_static,22,22,46,2,7.520693302154541,Nc1ccc(C(=O)NC2CC2)cc1O,O=C(NC1CC1)c1ccc(Nc2ccc3nc(C4CNC4)[nH]c3c2)c(O)c1
scent_seh,greedy_oracle_static,23,23,47,1,7.500150680541992,Nc1ccc(C(=O)NC2CC2)cc1O,O=C(NC1CC1)c1ccc(Nc2ccc(NC(=O)C3CCN3)cc2)c(O)c1
scent_seh,greedy_oracle_static,24,24,48,1,7.37089729309082,Nc1ccc(C(=O)NC2CC2)cc1O,O=C(NC1CC1)c1ccc(NCC2Cc3ccccc3CN2)c(O)c1
scent_seh,greedy_oracle_static,25,25,49,1,7.370645999908447,Nc1ccc(C(=O)NC2CC2)cc1O,O=C(NC1CC1)c1ccc(Nc2cc(NC(=O)C3CNC3)[nH]n2)c(O)c1
scent_seh,greedy_oracle_static,26,26,50,1,7.266762733459473,Nc1ccc(C(=O)NC2CC2)cc1O,O=C(NC1CC1)c1ccc(Nc2ccccc2CCNC(=O)C2CCN2)c(O)c1
scent_seh,greedy_oracle_static,27,27,51,1,7.175633430480957,Nc1ccc(C(=O)NC2CC2)cc1O,O=C(NC1CC1)c1ccc(Nc2ccc3c(CNC45CC(C4)C5)c[nH]c3c2)c(O)c1
scent_seh,greedy_oracle_static,28,28,52,1,7.135591983795166,Nc1ccc(C(=O)NC2CC2)cc1O,O=C(NC1CC1)c1ccc(Nc2ccc3oc(C4CCCN4)nc3c2)c(O)c1
scent_seh,greedy_oracle_static,29,29,53,1,7.044841289520264,Nc1ccc(C(=O)NC2CC2)cc1O,O=C(NC1CC1)c1ccc(NC(=O)C2CCCNC2)c(O)c1
scent_seh,greedy_oracle_static,30,30,54,1,7.029998779296875,Nc1ccc(C(=O)NC2CC2)cc1O,O=C(Nc1ccc(C(=O)NC2CC2)cc1O)Nc1ccnc2ccccc12
scent_seh,greedy_oracle_static,31,31,55,1,8.085169792175293,O=C(O)C1CNC1,O=C(NCc1cn(CC2CC2)c2ccccc12)C1CNC1
scent_seh,greedy_oracle_static,32,32,56,1,7.328906059265137,O=C(O)C1CNC1,O=C(Nc1ccnc2ccccc12)C1CNC1
scent_seh,greedy_oracle_static,33,33,57,1,7.114670276641846,O=C(O)C1CNC1,O=C(NCc1c[nH]c2ccccc12)C1CNC1
scent_seh,greedy_oracle_static,34,34,59,2,7.7254462242126465,Nc1cc(-c2nnn(CC3CC3)n2)ccc1O,Oc1ccc(-c2nnn(CC3CC3)n2)cc1NCC1Cc2ccccc2CN1
scent_seh,greedy_oracle_static,35,35,60,1,7.721775054931641,Nc1cc(-c2nnn(CC3CC3)n2)ccc1O,O=C(NCc1cn(CC2CC2)c2ccccc12)Nc1cc(-c2nnn(CC3CC3)n2)ccc1O
scent_seh,greedy_oracle_static,36,36,61,1,7.584847927093506,Nc1cc(-c2nnn(CC3CC3)n2)ccc1O,Oc1ccc(-c2nnn(CC3CC3)n2)cc1Nc1ccc2oc(C3CNC3)nc2c1
scent_seh,greedy_oracle_static,37,37,62,1,7.53972053527832,Nc1cc(-c2nnn(CC3CC3)n2)ccc1O,Oc1ccc(-c2nnn(CC3CC3)n2)cc1Nc1cccc2[nH]c(C3CNC3)nc12
scent_seh,greedy_oracle_static,38,38,63,1,7.519895076751709,Nc1cc(-c2nnn(CC3CC3)n2)ccc1O,O=C(Nc1cc(Nc2cc(-c3nnn(CC4CC4)n3)ccc2O)n[nH]1)C1CNC1
scent_seh,greedy_oracle_static,39,39,64,1,7.402892589569092,Nc1cc(-c2nnn(CC3CC3)n2)ccc1O,O=C(NCCc1ccccc1Nc1cc(-c2nnn(CC3CC3)n2)ccc1O)C1CCN1
scent_seh,greedy_oracle_static,40,40,65,1,7.277934551239014,Nc1cc(-c2nnn(CC3CC3)n2)ccc1O,Oc1ccc(-c2nnn(CC3CC3)n2)cc1Nc1ccc2c(CNC34CC(C3)C4)c[nH]c2c1
scent_seh,greedy_oracle_static,41,41,66,1,7.15699577331543,Nc1cc(-c2nnn(CC3CC3)n2)ccc1O,NC(C(=O)Nc1cc(-c2nnn(CC3CC3)n2)ccc1O)c1ccccc1
scent_seh,greedy_oracle_static,42,42,68,2,8.197061538696289,NCCc1cn(CC2CC2)c2ccccc12,c1ccc2c(c1)c(CCNc1ccc3[nH]c(C4CNC4)nc3c1)cn2CC1CC1
scent_seh,greedy_oracle_static,43,43,69,1,8.04012393951416,NCCc1cn(CC2CC2)c2ccccc12,O=C(Nc1cc(NCCc2cn(CC3CC3)c3ccccc23)n[nH]1)C1CNC1
scent_seh,greedy_oracle_static,44,44,70,1,7.622651100158691,NCCc1cn(CC2CC2)c2ccccc12,O=C(NCCc1cn(CC2CC2)c2ccccc12)NC12CC(C1)C2
scent_seh,greedy_oracle_static,45,45,71,1,7.535131454467773,NCCc1cn(CC2CC2)c2ccccc12,c1ccc2c(c1)CNC(CNCCc1cn(CC3CC3)c3ccccc13)C2
scent_seh,greedy_oracle_static,46,46,72,1,7.512195110321045,NCCc1cn(CC2CC2)c2ccccc12,Nc1c(NCCc2cn(CC3CC3)c3ccccc23)cccc1NC(=O)C1CCN1
scent_seh,greedy_oracle_static,47,47,73,1,7.496743679046631,NCCc1cn(CC2CC2)c2ccccc12,Nc1ccc(NCCc2cn(CC3CC3)c3ccccc23)cc1NCC1CCN1
scent_seh,greedy_oracle_static,48,48,74,1,7.327356338500977,NCCc1cn(CC2CC2)c2ccccc12,O=C(NCCc1cn(CC2CC2)c2ccccc12)N1CC(c2nc3cc(Br)ccc3o2)C1
scent_seh,greedy_oracle_static,49,49,75,1,7.166402339935303,NCCc1cn(CC2CC2)c2ccccc12,O=C(NCCc1cn(CC2CC2)c2ccccc12)N(CC1CCN1)c1ccc(Br)cc1
scent_seh,greedy_oracle_static,50,50,76,1,7.070652484893799,NCCc1cn(CC2CC2)c2ccccc12,O=C1Cc2ccc(C(CCl)NCCc3cn(CC4CC4)c4ccccc34)cc2N1
scent_seh,greedy_oracle_static,51,51,78,2,7.7501301765441895,Brc1cn(CC2CC2)cn1,c1ccc2c(c1)c(CNc1cn(CC3CC3)cn1)cn2CC1CC1
scent_seh,greedy_oracle_static,52,52,79,1,7.075819492340088,Brc1cn(CC2CC2)cn1,O=C(Nc1cccc(Br)c1Nc1cn(CC2CC2)cn1)C1CCN1
scent_seh,greedy_oracle_static,53,53,81,2,7.4493489265441895,Brc1ccc2nc(C3CNC3)[nH]c2c1,c1cc2nc(C3CNC3)[nH]c2cc1NC12CC(C1)C2
scent_seh,greedy_oracle_static,54,54,82,1,7.441839694976807,Brc1ccc2nc(C3CNC3)[nH]c2c1,O=C(Nc1cccc(Br)c1Nc1ccc2nc(C3CNC3)[nH]c2c1)C1CCN1
scent_seh,greedy_oracle_static,55,55,83,1,7.296876430511475,Brc1ccc2nc(C3CNC3)[nH]c2c1,O=C(NCc1cn(CC2CC2)c2ccccc12)N1CC(c2nc3ccc(Br)cc3[nH]2)C1
scent_seh,greedy_oracle_static,56,56,84,1,7.259602069854736,Brc1ccc2nc(C3CNC3)[nH]c2c1,CC(Nc1ccc2nc(C3CNC3)[nH]c2c1)c1ccccc1
scent_seh,greedy_oracle_static,57,57,85,1,7.2430901527404785,Brc1ccc2nc(C3CNC3)[nH]c2c1,c1ccc2c(CNc3ccc4nc(C5CNC5)[nH]c4c3)c[nH]c2c1
scent_seh,greedy_oracle_static,58,58,86,1,7.220583438873291,Brc1ccc2nc(C3CNC3)[nH]c2c1,Brc1ccc(NCC2CCN2c2ccc3nc(C4CNC4)[nH]c3c2)cc1
scent_seh,greedy_oracle_static,59,59,87,1,7.154712200164795,Brc1ccc2nc(C3CNC3)[nH]c2c1,O=C(NCCc1ccccc1Br)C1CCN1c1ccc2nc(C3CNC3)[nH]c2c1
scent_seh,greedy_oracle_static,60,60,88,1,7.134370803833008,Brc1ccc2nc(C3CNC3)[nH]c2c1,c1cncc(-c2ccc3nc(C4CNC4)[nH]c3c2)c1
scent_seh,greedy_oracle_static,61,61,89,1,7.096343994140625,Brc1ccc2nc(C3CNC3)[nH]c2c1,Brc1ccc(Nc2ccc3nc(C4CNC4)[nH]c3c2)c(NCC2CCN2)c1
scent_seh,greedy_oracle_static,62,62,90,1,7.054425239562988,Brc1ccc2nc(C3CNC3)[nH]c2c1,c1cc(CCNc2ccc3nc(C4CNC4)[nH]c3c2)ccn1
scent_seh,greedy_oracle_static,63,63,91,1,7.011948108673096,Brc1ccc2nc(C3CNC3)[nH]c2c1,C#Cc1ccc2nc(C3CNC3)[nH]c2c1
scent_seh,greedy_oracle_static,64,64,93,2,7.792909622192383,O=C(O)c1ccc2nc(C3CNC3)oc2c1,O=C(NC1CC1)c1ccc2nc(C3CNC3)oc2c1
scent_seh,greedy_oracle_static,65,65,94,1,7.3569111824035645,O=C(O)c1ccc2nc(C3CNC3)oc2c1,O=C(c1ccc2nc(C3CNC3)oc2c1)N1CCC1CNc1ccc(Br)cc1
scent_seh,greedy_oracle_static,66,66,95,1,7.100330352783203,O=C(O)c1ccc2nc(C3CNC3)oc2c1,O=C(c1ccc2nc(C3CNC3)oc2c1)N1CC(c2nc3cc(Br)ccc3o2)C1
scent_seh,greedy_oracle_static,67,67,96,1,7.066390037536621,O=C(O)c1ccc2nc(C3CNC3)oc2c1,O=C(c1ccc2nc(C3CNC3)oc2c1)N(CC1Cc2ccccc2CN1)c1cc(Br)n[nH]1
scent_seh,greedy_oracle_static,68,68,97,1,7.0171284675598145,O=C(O)c1ccc2nc(C3CNC3)oc2c1,O=C(NCCc1c[nH]c2ccc(O)cc12)c1ccc2nc(C3CNC3)oc2c1
scent_seh,greedy_oracle_static,69,69,98,1,7.016695022583008,O=C(O)c1ccc2nc(C3CNC3)oc2c1,O=C(c1ccc2nc(C3CNC3)oc2c1)N(CC1CCN1)c1ccc(Br)cc1
scent_seh,greedy_oracle_static,70,70,100,2,8.078818321228027,OB(O)c1ccc(NCC2Cc3ccccc3CN2)cc1,c1ccc2c(c1)CNC(CNc1ccc(-c3cc(NCC4Cc5ccccc5CN4)[nH]n3)cc1)C2
scent_seh,greedy_oracle_static,71,71,101,1,7.871230125427246,OB(O)c1ccc(NCC2Cc3ccccc3CN2)cc1,c1ccc2c(c1)CNC(CNc1ccc(-c3ccc4oc(C5CNC5)nc4c3)cc1)C2
scent_seh,greedy_oracle_static,72,72,102,1,7.73753547668457,OB(O)c1ccc(NCC2Cc3ccccc3CN2)cc1,c1ccc2c(c1)CNC(CNc1ccc(-c3cccc4nc(C5CNC5)[nH]c34)cc1)C2
scent_seh,greedy_oracle_static,73,73,103,1,7.680466175079346,OB(O)c1ccc(NCC2Cc3ccccc3CN2)cc1,c1ccc2c(c1)CNC(CNc1ccc(-c3ccc4c(CNC56CC(C5)C6)c[nH]c4c3)cc1)C2
scent_seh,greedy_oracle_static,74,74,104,1,7.599301338195801,OB(O)c1ccc(NCC2Cc3ccccc3CN2)cc1,Nc1c(NC(=O)C2CCN2)cccc1-c1ccc(NCC2Cc3ccccc3CN2)cc1
scent_seh,greedy_oracle_static,75,75,106,2,7.8615522384643555,OB(O)c1ccc(-c2nnn(CC3CC3)n2)s1,c1cc(-c2ccc(-c3nnn(CC4CC4)n3)s2)ccc1NCC1CCN1
scent_seh,greedy_oracle_static,76,76,107,1,7.821521282196045,OB(O)c1ccc(-c2nnn(CC3CC3)n2)s1,NC(C(=O)Nc1cc(-c2ccc(-c3nnn(CC4CC4)n3)s2)n[nH]1)c1ccccc1
scent_seh,greedy_oracle_static,77,77,108,1,7.810238838195801,OB(O)c1ccc(-c2nnn(CC3CC3)n2)s1,O=C(NCCc1ccccc1-c1ccc(-c2nnn(CC3CC3)n2)s1)C1CCN1
scent_seh,greedy_oracle_static,78,78,109,1,7.774138927459717,OB(O)c1ccc(-c2nnn(CC3CC3)n2)s1,c1cc2oc(C3CCCN3)nc2cc1-c1ccc(-c2nnn(CC3CC3)n2)s1
scent_seh,greedy_oracle_static,79,79,110,1,7.769114017486572,OB(O)c1ccc(-c2nnn(CC3CC3)n2)s1,c1cc(-c2ccc(-c3nnn(CC4CC4)n3)s2)c2nc(C3CNC3)[nH]c2c1
scent_seh,greedy_oracle_static,80,80,112,2,8.036407470703125,O=Cc1ccc(C(=O)NC2CC2)cc1,O=C(NC1CC1)c1ccc(CNCc2cn(CC3CC3)c3ccccc23)cc1
scent_seh,greedy_oracle_static,81,81,113,1,7.731696605682373,O=Cc1ccc(C(=O)NC2CC2)cc1,O=C(NC1CC1)c1ccc(CNC23CC(C2)C3)cc1
scent_seh,greedy_oracle_static,82,82,114,1,7.401340007781982,O=Cc1ccc(C(=O)NC2CC2)cc1,O=C(NC1CC1)c1ccc(CNc2c(Br)cccc2NC(=O)C2CCN2)cc1
scent_seh,greedy_oracle_static,83,83,115,1,7.350040912628174,O=Cc1ccc(C(=O)NC2CC2)cc1,O=C(NC1CC1)c1ccc(CNc2ccnc3ccccc23)cc1
scent_seh,greedy_oracle_static,84,84,116,1,7.3297505378723145,O=Cc1ccc(C(=O)NC2CC2)cc1,O=C(NC1CC1)c1ccc(CN2CC(c3nc4cc(Br)ccc4o3)C2)cc1
scent_seh,greedy_oracle_static,85,85,117,1,7.2777886390686035,O=Cc1ccc(C(=O)NC2CC2)cc1,O=C(NC1CC1)c1ccc(CNCc2c[nH]c3ccccc23)cc1
scent_seh,greedy_oracle_static,86,86,118,1,7.188083648681641,O=Cc1ccc(C(=O)NC2CC2)cc1,O=C(NC1CC1)c1ccc(CNc2ccc(Br)cc2NCC2CCN2)cc1
scent_seh,greedy_oracle_static,87,87,119,1,7.165685653686523,O=Cc1ccc(C(=O)NC2CC2)cc1,O=C(NC1CC1)c1ccc(CN2CC(c3nc4cccc(Br)c4[nH]3)C2)cc1
scent_seh,greedy_oracle_static,88,88,120,1,7.122122764587402,O=Cc1ccc(C(=O)NC2CC2)cc1,O=C(NC1CC1)c1ccc(CN2CCC2CNc2ccc(Br)cc2)cc1
scent_seh,greedy_oracle_static,89,89,121,1,7.099496841430664,O=Cc1ccc(C(=O)NC2CC2)cc1,O=C(NC1CC1)c1ccc(CN2CCC2C(=O)NCCc2ccccc2Br)cc1
scent_seh,greedy_oracle_static,90,90,122,1,7.092392444610596,O=Cc1ccc(C(=O)NC2CC2)cc1,O=C(NC1CC1)c1ccc(C2NCCc3ccccc32)cc1
scent_seh,greedy_oracle_static,91,91,123,1,7.086090087890625,O=Cc1ccc(C(=O)NC2CC2)cc1,O=C(NC1CC1)c1ccc(-c2nc3ccccc3o2)cc1
scent_seh,greedy_oracle_static,92,92,124,1,7.03484582901001,O=Cc1ccc(C(=O)NC2CC2)cc1,O=C(NC1CC1)c1ccc(CNCCc2ccccc2)cc1
scent_seh,greedy_oracle_static,93,93,126,2,8.072936058044434,OB(O)c1cccc(-c2nnn(CC3CC3)n2)c1,c1cc(-c2ccc3nc(C4CNC4)[nH]c3c2)cc(-c2nnn(CC3CC3)n2)c1
scent_seh,greedy_oracle_static,94,94,127,1,8.021984100341797,OB(O)c1cccc(-c2nnn(CC3CC3)n2)c1,c1cc(-c2cc(NCC3CCN3)[nH]n2)cc(-c2nnn(CC3CC3)n2)c1
scent_seh,greedy_oracle_static,95,95,128,1,7.838138103485107,OB(O)c1cccc(-c2nnn(CC3CC3)n2)c1,Nc1c(NC(=O)C2CCN2)cccc1-c1cccc(-c2nnn(CC3CC3)n2)c1
scent_seh,greedy_oracle_static,96,96,129,1,7.462717056274414,OB(O)c1cccc(-c2nnn(CC3CC3)n2)c1,Fc1ncc(-c2cccc(-c3nnn(CC4CC4)n3)c2)cn1
scent_seh,greedy_oracle_static,97,97,131,2,7.859042644500732,Nc1ccc(-c2nnn(CC3CC3)n2)cc1N,Nc1ccc(-c2nnn(CC3CC3)n2)cc1NCc1ccc(C(=O)NC2CC2)cc1
scent_seh,greedy_oracle_static,98,98,132,1,7.7585625648498535,Nc1ccc(-c2nnn(CC3CC3)n2)cc1N,Nc1cc(-c2nnn(CC3CC3)n2)ccc1Nc1ccc2[nH]c(C3CNC3)nc2c1
scent_seh,greedy_oracle_static,99,99,133,1,7.584573745727539,Nc1ccc(-c2nnn(CC3CC3)n2)cc1N,Nc1ccc(-c2nnn(CC3CC3)n2)cc1Nc1cccc2nc(C3CNC3)[nH]c12
scent_seh,greedy_oracle_static,100,100,134,1,7.570845603942871,Nc1ccc(-c2nnn(CC3CC3)n2)cc1N,Nc1cc(-c2nnn(CC3CC3)n2)ccc1NC(=O)C1Cc2ccccc2CN1
scent_seh,greedy_oracle_static,101,101,135,1,7.405994892120361,Nc1ccc(-c2nnn(CC3CC3)n2)cc1N,Nc1ccc(-c2nnn(CC3CC3)n2)cc1NC(=O)Nc1ccnc2ccccc12
scent_seh,greedy_oracle_static,102,102,136,1,7.156123638153076,Nc1ccc(-c2nnn(CC3CC3)n2)cc1N,Nc1cc(-c2nnn(CC3CC3)n2)ccc1NC(=O)NCCc1c[nH]c2ccccc12
scent_seh,greedy_oracle_static,103,103,137,1,7.15514612197876,Nc1ccc(-c2nnn(CC3CC3)n2)cc1N,Nc1ccc(Nc2cc(-c3nnn(CC4CC4)n3)ccc2N)cc1NCC1CCN1
scent_seh,greedy_oracle_static,104,104,138,1,7.024738788604736,Nc1ccc(-c2nnn(CC3CC3)n2)cc1N,Nc1cc(-c2nnn(CC3CC3)n2)ccc1NC(=O)Nc1ccc(Br)cc1NCC1CCN1
scent_seh,greedy_oracle_static,105,105,139,1,7.011616230010986,Nc1ccc(-c2nnn(CC3CC3)n2)cc1N,Nc1cc(-c2nnn(CC3CC3)n2)ccc1NCc1nc2ccccc2[nH]1
scent_seh,greedy_oracle_static,106,106,142,3,8.308502197265625,OB(O)c1cccc(NCc2ccc(-c3nnn(CC4CC4)n3)nc2)c1,O=C(Nc1cc(-c2cccc(NCc3ccc(-c4nnn(CC5CC5)n4)nc3)c2)n[nH]1)C1CNC1
scent_seh,greedy_oracle_static,107,107,143,1,7.1188459396362305,OB(O)c1cccc(NCc2ccc(-c3nnn(CC4CC4)n3)nc2)c1,Oc1c(-c2cccc(NCc3ccc(-c4nnn(CC5CC5)n4)nc3)c2)c(C(F)(F)F)nc2ccccc12
scent_seh,greedy_oracle_static,108,108,144,1,7.043988227844238,OB(O)c1cccc(NCc2ccc(-c3nnn(CC4CC4)n3)nc2)c1,OB(O)c1cccc(N(Cc2ccc(-c3nnn(CC4CC4)n3)nc2)c2cc(NCC3Cc4ccccc4CN3)[nH]n2)c1
scent_seh,greedy_oracle_static,109,109,146,2,7.936527729034424,O=C(O)c1ccc2nc(C3Cc4ccccc4CN3)oc2c1,O=C(NCc1cn(CC2CC2)c2ccccc12)c1ccc2nc(C3Cc4ccccc4CN3)oc2c1
scent_seh,greedy_oracle_static,110,110,147,1,7.323243141174316,O=C(O)c1ccc2nc(C3Cc4ccccc4CN3)oc2c1,O=C(Nc1ccc(Br)cc1NCC1CCN1)c1ccc2nc(C3Cc4ccccc4CN3)oc2c1
scent_seh,greedy_oracle_static,111,111,148,1,7.295373439788818,O=C(O)c1ccc2nc(C3Cc4ccccc4CN3)oc2c1,O=C(c1ccc2nc(C3Cc4ccccc4CN3)oc2c1)N1CC(c2nc3cc(Br)ccc3[nH]2)C1
scent_seh,greedy_oracle_static,112,112,149,1,7.20606803894043,O=C(O)c1ccc2nc(C3Cc4ccccc4CN3)oc2c1,O=C(NCCc1ccccc1Br)C1CCN1C(=O)c1ccc2nc(C3Cc4ccccc4CN3)oc2c1
scent_seh,greedy_oracle_static,113,113,151,2,7.549699783325195,O=C(O)c1ccc2nc(C3CNC3)[nH]c2c1,O=C(NCc1ccccc1)c1ccc2nc(C3CNC3)[nH]c2c1
scent_seh,greedy_oracle_static,114,114,152,1,7.21322774887085,O=C(O)c1ccc2nc(C3CNC3)[nH]c2c1,O=C(Nc1ccc(Br)cc1)C1CCN1C(=O)c1ccc2nc(C3CNC3)[nH]c2c1
scent_seh,greedy_oracle_static,115,115,153,1,7.155415058135986,O=C(O)c1ccc2nc(C3CNC3)[nH]c2c1,O=C(c1ccc2nc(C3CNC3)[nH]c2c1)N1CC(c2nc3cc(Br)ccc3[nH]2)C1
scent_seh,greedy_oracle_static,116,116,154,1,7.123693943023682,O=C(O)c1ccc2nc(C3CNC3)[nH]c2c1,O=C(Nc1cccc2cc[nH]c12)c1ccc2nc(C3CNC3)[nH]c2c1
scent_seh,greedy_oracle_static,117,117,155,1,7.109241485595703,O=C(O)c1ccc2nc(C3CNC3)[nH]c2c1,O=C(c1ccc2nc(C3CNC3)[nH]c2c1)N1CCCC1c1nc2cc(Br)ccc2o1
scent_seh,greedy_oracle_static,118,118,156,1,7.019070148468018,O=C(O)c1ccc2nc(C3CNC3)[nH]c2c1,O=C(Nc1nc(F)nc2[nH]cnc12)c1ccc2nc(C3CNC3)[nH]c2c1
scent_seh,greedy_oracle_static,119,119,159,3,8.286947250366211,Nc1ccc(-c2cn(CC3CC3)nn2)cc1,O=C(NC1CC1)c1ccc(CNc2ccc(-c3cn(CC4CC4)nn3)cc2)cc1
scent_seh,greedy_oracle_static,120,120,160,1,8.200479507446289,Nc1ccc(-c2cn(CC3CC3)nn2)cc1,c1cc(-c2cn(CC3CC3)nn2)ccc1Nc1ccc2oc(C3CNC3)nc2c1
scent_seh,greedy_oracle_static,121,121,161,1,8.140591621398926,Nc1ccc(-c2cn(CC3CC3)nn2)cc1,O=C(Nc1ccc(Nc2ccc(-c3cn(CC4CC4)nn3)cc2)cc1)C1CCN1
scent_seh,greedy_oracle_static,122,122,162,1,8.133258819580078,Nc1ccc(-c2cn(CC3CC3)nn2)cc1,c1cc(Nc2ccc(-c3cn(CC4CC4)nn3)cc2)c2[nH]c(C3CNC3)nc2c1
scent_seh,greedy_oracle_static,123,123,163,1,8.015612602233887,Nc1ccc(-c2cn(CC3CC3)nn2)cc1,c1ccc2c(c1)CNC(CNc1cc(Nc3ccc(-c4cn(CC5CC5)nn4)cc3)n[nH]1)C2
scent_seh,greedy_oracle_static,124,124,164,1,8.00110912322998,Nc1ccc(-c2cn(CC3CC3)nn2)cc1,O=C(Nc1ccc(-c2cn(CC3CC3)nn2)cc1)Nc1ccnc2ccccc12
scent_seh,greedy_oracle_static,125,125,165,1,7.730938911437988,Nc1ccc(-c2cn(CC3CC3)nn2)cc1,O=C(NCCc1c[nH]c2ccccc12)Nc1ccc(-c2cn(CC3CC3)nn2)cc1
scent_seh,greedy_oracle_static,126,126,166,1,7.573763370513916,Nc1ccc(-c2cn(CC3CC3)nn2)cc1,c1ccc2[nH]c(CNc3ccc(-c4cn(CC5CC5)nn4)cc3)nc2c1
scent_seh,greedy_oracle_static,127,127,167,1,7.466856479644775,Nc1ccc(-c2cn(CC3CC3)nn2)cc1,c1ccc2nc(Nc3ccc(-c4cn(CC5CC5)nn4)cc3)ccc2c1
scent_seh,greedy_oracle_static,128,128,168,1,7.440120220184326,Nc1ccc(-c2cn(CC3CC3)nn2)cc1,O=C(Nc1ccc(-c2cn(CC3CC3)nn2)cc1)Nc1nc(F)nc2[nH]cnc12
scent_seh,greedy_oracle_static,129,129,169,1,7.406495094299316,Nc1ccc(-c2cn(CC3CC3)nn2)cc1,N#Cc1ccc(C(=O)Nc2ccc(-c3cn(CC4CC4)nn3)cc2)cn1
scent_seh,greedy_oracle_static,130,130,170,1,7.286428928375244,Nc1ccc(-c2cn(CC3CC3)nn2)cc1,O=C(Nc1ccc(-c2cn(CC3CC3)nn2)cc1)N1CCC1CNc1ccc(Br)cc1
scent_seh,greedy_oracle_static,131,131,171,1,7.169148921966553,Nc1ccc(-c2cn(CC3CC3)nn2)cc1,O=C(Nc1ccc(-c2cn(CC3CC3)nn2)cc1)N(CC1Cc2ccccc2CN1)c1cc(Br)n[nH]1
scent_seh,greedy_oracle_static,132,132,172,1,7.155729293823242,Nc1ccc(-c2cn(CC3CC3)nn2)cc1,Brc1ccc2c(CNc3ccc(-c4cn(CC5CC5)nn4)cc3)c[nH]c2c1
scent_seh,greedy_oracle_static,133,133,173,1,7.145613193511963,Nc1ccc(-c2cn(CC3CC3)nn2)cc1,ClCC(Nc1ccc(-c2cn(CC3CC3)nn2)cc1)c1ccccc1
scent_seh,greedy_oracle_static,134,134,174,1,7.066540718078613,Nc1ccc(-c2cn(CC3CC3)nn2)cc1,COc1ccc(C(F)(F)F)cc1CNc1ccc(-c2cn(CC3CC3)nn2)cc1
scent_seh,greedy_oracle_static,135,135,175,1,7.019869327545166,Nc1ccc(-c2cn(CC3CC3)nn2)cc1,c1cc(-c2cn(CC3CC3)nn2)ccc1NCC1CCCNC1
scent_seh,greedy_oracle_static,136,136,176,1,7.006931304931641,Nc1ccc(-c2cn(CC3CC3)nn2)cc1,O=C(Nc1ccc(-c2cn(CC3CC3)nn2)cc1)N1CC(c2nc3c(Br)cccc3[nH]2)C1
scent_seh,greedy_oracle_static,137,137,178,2,7.9479522705078125,O=C(NC1CC1)c1cccc(B(O)O)c1,O=C(NC1CC1)c1cccc(-c2cc(NC(=O)C3Cc4ccccc4CN3)[nH]n2)c1
scent_seh,greedy_oracle_static,138,138,179,1,7.872474193572998,O=C(NC1CC1)c1cccc(B(O)O)c1,O=C(NC1CC1)c1cccc(-c2ccc(NCC3CCN3)cc2)c1
scent_seh,greedy_oracle_static,139,139,180,1,7.686997890472412,O=C(NC1CC1)c1cccc(B(O)O)c1,O=C(NC1CC1)c1cccc(-c2ccccc2CCNC(=O)C2CCN2)c1
scent_seh,greedy_oracle_static,140,140,181,1,7.460282325744629,O=C(NC1CC1)c1cccc(B(O)O)c1,O=C(NC1CC1)c1cccc(-c2cccc3[nH]c(C4CNC4)nc23)c1
scent_seh,greedy_oracle_static,141,141,182,1,7.108837604522705,O=C(NC1CC1)c1cccc(B(O)O)c1,O=C(NC1CC1)c1cccc(-c2cnc(F)nc2)c1
scent_seh,greedy_oracle_static,142,142,184,2,8.2710599899292,O=Cc1cccc(C2=NCCc3ccccc32)c1,c1cc(CNc2ccc(-c3cn(CC4CC4)nn3)cc2)cc(C2=NCCc3ccccc32)c1
scent_seh,greedy_oracle_static,143,143,185,1,7.717276096343994,O=Cc1cccc(C2=NCCc3ccccc32)c1,c1cc(CNCc2cn(CC3CC3)c3ccccc23)cc(C2=NCCc3ccccc32)c1
scent_seh,greedy_oracle_static,144,144,186,1,7.46534538269043,O=Cc1cccc(C2=NCCc3ccccc32)c1,c1cc(C2=NCCc3ccccc32)cc(C2NCCc3ccccc32)c1
scent_seh,greedy_oracle_static,145,145,187,1,7.3355231285095215,O=Cc1cccc(C2=NCCc3ccccc32)c1,Brc1ccc2c(CN(Cc3cccc(C4=NCCc5ccccc54)c3)C34CC(C3)C4)c[nH]c2c1
scent_seh,greedy_oracle_static,146,146,188,1,7.313938140869141,O=Cc1cccc(C2=NCCc3ccccc32)c1,O=C(Nc1cccc(Br)c1NCc1cccc(C2=NCCc3ccccc32)c1)C1CCN1
scent_seh,greedy_oracle_static,147,147,189,1,7.082337856292725,O=Cc1cccc(C2=NCCc3ccccc32)c1,c1cc(C2=NCCc3ccccc32)cc(-c2nc3ccccc3o2)c1
scent_seh,greedy_oracle_static,148,148,190,1,7.072824954986572,O=Cc1cccc(C2=NCCc3ccccc32)c1,O=C(Nc1ccc(Br)cc1)C1CCN1Cc1cccc(C2=NCCc3ccccc32)c1
scent_seh,greedy_oracle_static,149,149,191,1,7.068039417266846,O=Cc1cccc(C2=NCCc3ccccc32)c1,Brc1cc(N(Cc2cccc(C3=NCCc4ccccc43)c2)CC2Cc3ccccc3CN2)[nH]n1
scent_seh,greedy_oracle_static,150,150,193,2,7.429516315460205,O=C(O)c1ccc2[nH]c(C3CNC3)nc2c1,O=C(Nc1ccnc2ccccc12)c1ccc2[nH]c(C3CNC3)nc2c1
scent_seh,greedy_oracle_static,151,151,194,1,7.387990474700928,O=C(O)c1ccc2[nH]c(C3CNC3)nc2c1,O=C(NCc1ccc(C(F)(F)F)cc1)c1ccc2[nH]c(C3CNC3)nc2c1
scent_seh,greedy_oracle_static,152,152,195,1,7.3618245124816895,O=C(O)c1ccc2[nH]c(C3CNC3)nc2c1,O=C(NCCc1c[nH]c2ccccc12)c1ccc2[nH]c(C3CNC3)nc2c1
scent_seh,greedy_oracle_static,153,153,196,1,7.343421936035156,O=C(O)c1ccc2[nH]c(C3CNC3)nc2c1,CC(NC(=O)c1ccc2[nH]c(C3CNC3)nc2c1)c1ccccc1
scent_seh,greedy_oracle_static,154,154,198,2,7.469055652618408,O=C(O)c1ccc2nc(C3CCN3)oc2c1,O=C(NCc1c[nH]c2ccccc12)c1ccc2nc(C3CCN3)oc2c1
scent_seh,greedy_oracle_static,155,155,199,1,7.266999244689941,O=C(O)c1ccc2nc(C3CCN3)oc2c1,CC(NC(=O)c1ccc2nc(C3CCN3)oc2c1)c1ccccc1
scent_seh,greedy_oracle_static,156,156,200,1,7.099968433380127,O=C(O)c1ccc2nc(C3CCN3)oc2c1,O=C(O)c1ccc2nc(C3CCN3c3cc(NC(=O)C4CNC4)[nH]n3)oc2c1
scent_seh,greedy_oracle_static,157,157,202,2,7.664749622344971,O=C(O)c1ccc2oc(C3CNC3)nc2c1,O=C(NCc1ccccc1)c1ccc2oc(C3CNC3)nc2c1
scent_seh,greedy_oracle_static,158,158,204,2,7.958462238311768,O=C(NC1CC1)c1ccc(CCl)cc1,O=C(NC1CC1)c1ccc(COC2CN3CCC2CC3)cc1
scent_seh,greedy_oracle_static,159,159,205,1,7.7255940437316895,O=C(NC1CC1)c1ccc(CCl)cc1,O=C(NC1CC1)c1ccc(COCC2CNC2)cc1
scent_seh,greedy_oracle_static,160,160,206,1,7.289546966552734,O=C(NC1CC1)c1ccc(CCl)cc1,O=C(NC1CC1)c1ccc(Cn2c(C3CNC3)nc3cc(Br)ccc32)cc1
scent_seh,greedy_oracle_static,161,161,207,1,7.203577518463135,O=C(NC1CC1)c1ccc(CCl)cc1,O=C(NC1CC1)c1ccc(Cn2cc(CNC34CC(C3)C4)c3ccc(Br)cc32)cc1
scent_seh,greedy_oracle_static,162,162,209,2,7.276583194732666,O=Cc1cn(CC2CC2)c2ccccc12,c1ccc2c(c1)CCNC2c1cn(CC2CC2)c2ccccc12
scent_seh,greedy_oracle_static,163,163,210,1,7.058981895446777,O=Cc1cn(CC2CC2)c2ccccc12,O=C(NCCc1ccccc1Br)C1CCN1Cc1cn(CC2CC2)c2ccccc12
scent_seh,greedy_oracle_static,164,164,213,3,8.29788875579834,OB(O)c1cccc(NCc2ccc3oc(C4CNC4)nc3c2)c1,O=C(Nc1cc(-c2cccc(NCc3ccc4oc(C5CNC5)nc4c3)c2)n[nH]1)C1CNC1
scent_seh,greedy_oracle_static,165,165,214,1,8.069985389709473,OB(O)c1cccc(NCc2ccc3oc(C4CNC4)nc3c2)c1,c1cc(NCc2ccc3oc(C4CNC4)nc3c2)cc(-c2ccc3c(CNC45CC(C4)C5)c[nH]c3c2)c1
scent_seh,greedy_oracle_static,166,166,215,1,7.019896030426025,OB(O)c1cccc(NCc2ccc3oc(C4CNC4)nc3c2)c1,O=C(Nc1cc(N(Cc2ccc3oc(C4CNC4)nc3c2)c2cccc(B(O)O)c2)n[nH]1)C1Cc2ccccc2CN1
scent_seh,greedy_oracle_static,167,167,217,2,7.347329616546631,O=Cc1cccc(C(=O)NC2CC2)c1,O=C(NC1CC1)c1cccc(C2Nc3ccccc3-n3cccc32)c1
scent_seh,greedy_oracle_static,168,168,218,1,7.05363130569458,O=Cc1cccc(C(=O)NC2CC2)c1,O=C(NC1CC1)c1cccc(C2NCCc3ccc(O)cc32)c1
scent_seh,greedy_oracle_static,169,169,220,2,7.635872840881348,O=C(O)c1cccc2oc(C3CNC3)nc12,O=C(NC1CC1)c1cccc2oc(C3CNC3)nc12
scent_seh,greedy_oracle_static,170,170,221,1,7.0958476066589355,O=C(O)c1cccc2oc(C3CNC3)nc12,O=C(NCCc1ccccc1Br)C1CCN1C(=O)c1cccc2oc(C3CNC3)nc12
scent_seh,greedy_oracle_static,171,171,224,3,8.24394416809082,NCCc1cn(Cc2ccc(-c3nnn(CC4CC4)n3)cc2)c2ccccc12,c1ccc2c(c1)c(CCNc1ccc3oc(C4CNC4)nc3c1)cn2Cc1ccc(-c2nnn(CC3CC3)n2)cc1
scent_seh,greedy_oracle_static,172,172,225,1,7.7345099449157715,NCCc1cn(Cc2ccc(-c3nnn(CC4CC4)n3)cc2)c2ccccc12,O=C(NCCc1cn(Cc2ccc(-c3nnn(CC4CC4)n3)cc2)c2ccccc12)Nc1c(Br)cccc1NC(=O)C1CCN1
scent_seh,greedy_oracle_static,173,173,226,1,7.595061779022217,NCCc1cn(Cc2ccc(-c3nnn(CC4CC4)n3)cc2)c2ccccc12,c1ccc2c(c1)c1c(n2Cc2ccc(-c3nnn(CC4CC4)n3)cc2)C(C2CCN2)=NCC1
scent_seh,greedy_oracle_static,174,174,227,1,7.302018165588379,NCCc1cn(Cc2ccc(-c3nnn(CC4CC4)n3)cc2)c2ccccc12,O=C(NCCc1cn(Cc2ccc(-c3nnn(CC4CC4)n3)cc2)c2ccccc12)N(Cc1c[nH]c2cc(Br)ccc12)C12CC(C1)C2
scent_seh,greedy_oracle_static,175,175,228,1,7.050966739654541,NCCc1cn(Cc2ccc(-c3nnn(CC4CC4)n3)cc2)c2ccccc12,Fc1cc(C2NCCc3c2n(Cc2ccc(-c4nnn(CC5CC5)n4)cc2)c2ccccc32)ccn1
scent_seh,greedy_oracle_static,176,176,230,2,7.792018890380859,O=C(NCc1c[nH]c2ccccc12)C1CCN1,O=C(NCc1c[nH]c2ccccc12)C1CCN1c1cc(NCC2Cc3ccccc3CN2)[nH]n1
scent_seh,greedy_oracle_static,177,177,231,1,7.57595682144165,O=C(NCc1c[nH]c2ccccc12)C1CCN1,O=C(NCc1c[nH]c2ccccc12)C1CCN1c1ccc2oc(C3CNC3)nc2c1
scent_seh,greedy_oracle_static,178,178,232,1,7.298681735992432,O=C(NCc1c[nH]c2ccccc12)C1CCN1,Nc1c(NC(=O)C2CCN2)cccc1N1CCC1C(=O)NCc1c[nH]c2ccccc12
scent_seh,greedy_oracle_static,179,179,234,2,7.634172439575195,O=C(NCc1c[nH]c2ccccc12)C1CNC1,O=C(NCc1c[nH]c2ccccc12)C1CN(c2cc(NC(=O)C3Cc4ccccc4CN3)[nH]n2)C1
scent_seh,greedy_oracle_static,180,180,235,1,7.435288906097412,O=C(NCc1c[nH]c2ccccc12)C1CNC1,Nc1ccc(N2CC(C(=O)NCc3c[nH]c4ccccc34)C2)cc1NCC1CCN1
scent_seh,greedy_oracle_static,181,181,236,1,7.364098072052002,O=C(NCc1c[nH]c2ccccc12)C1CNC1,O=C(NCc1c[nH]c2ccccc12)C1CN(c2ccccc2CCNC(=O)C2CCN2)C1
scent_seh,greedy_oracle_static,182,182,237,1,7.10195779800415,O=C(NCc1c[nH]c2ccccc12)C1CNC1,O=C(NCc1c[nH]c2ccccc12)C1CN(C(=O)N2CC(c3nc4cc(Br)ccc4o3)C2)C1
scent_seh,greedy_oracle_static,183,183,238,1,7.074402332305908,O=C(NCc1c[nH]c2ccccc12)C1CNC1,O=C(NCc1c[nH]c2ccccc12)C1CN(C(=O)N2CCC2C(=O)Nc2ccc(Br)cc2)C1
scent_seh,greedy_oracle_static,184,184,239,1,7.049600601196289,O=C(NCc1c[nH]c2ccccc12)C1CNC1,O=C(NCc1c[nH]c2ccccc12)C1CN(C(=O)Nc2ccnc3ccccc23)C1
scent_seh,greedy_oracle_static,185,185,241,2,7.973347187042236,BrCc1cccc(-c2nnn(CC3CC3)n2)c1,c1cc(COC2CN3CCC2CC3)cc(-c2nnn(CC3CC3)n2)c1
scent_seh,greedy_oracle_static,186,186,242,1,7.2185187339782715,BrCc1cccc(-c2nnn(CC3CC3)n2)c1,Brc1ccc2c(c1)nc(C1CNC1)n2Cc1cccc(-c2nnn(CC3CC3)n2)c1
scent_seh,greedy_oracle_static,187,187,243,1,7.096429824829102,BrCc1cccc(-c2nnn(CC3CC3)n2)c1,Brc1ccc2c(CNC34CC(C3)C4)cn(Cc3cccc(-c4nnn(CC5CC5)n4)c3)c2c1
scent_seh,greedy_oracle_static,188,188,245,2,8.114702224731445,OB(O)c1cccc(NCC2Cc3ccccc3CN2)c1,O=C(Nc1cc(-c2cccc(NCC3Cc4ccccc4CN3)c2)n[nH]1)C1CNC1
scent_seh,greedy_oracle_static,189,189,246,1,7.974534511566162,OB(O)c1cccc(NCC2Cc3ccccc3CN2)c1,c1cc(NCC2Cc3ccccc3CN2)cc(-c2cccc3[nH]c(C4CNC4)nc23)c1
scent_seh,greedy_oracle_static,190,190,247,1,7.84287691116333,OB(O)c1cccc(NCC2Cc3ccccc3CN2)c1,Nc1ccc(-c2cccc(NCC3Cc4ccccc4CN3)c2)cc1NCC1CCN1
scent_seh,greedy_oracle_static,191,191,248,1,7.75093936920166,OB(O)c1cccc(NCC2Cc3ccccc3CN2)c1,O=C(NCCc1ccccc1-c1cccc(NCC2Cc3ccccc3CN2)c1)C1CCN1
scent_seh,greedy_oracle_static,192,192,251,3,8.134528160095215,Nc1cccc2ccn(Cc3ccc(-c4nnn(CC5CC5)n4)cc3)c12,O=C(Nc1cccc2ccn(Cc3ccc(-c4nnn(CC5CC5)n4)cc3)c12)C1CCN1
scent_seh,greedy_oracle_static,193,193,252,1,7.787919044494629,Nc1cccc2ccn(Cc3ccc(-c4nnn(CC5CC5)n4)cc3)c12,c1ccc2c(c1)CNC(CNc1cc(Nc3cccc4ccn(Cc5ccc(-c6nnn(CC7CC7)n6)cc5)c34)n[nH]1)C2
scent_seh,greedy_oracle_static,194,194,255,3,8.201417922973633,NCc1cn(Cc2ccc(C(=O)NC3CC3)cc2)c2ccccc12,O=C(NC1CC1)c1ccc(Cn2cc(CNc3ccc4nc(C5CNC5)oc4c3)c3ccccc32)cc1
scent_seh,greedy_oracle_static,195,195,256,1,7.984673976898193,NCc1cn(Cc2ccc(C(=O)NC3CC3)cc2)c2ccccc12,O=C(NC1CC1)c1ccc(Cn2cc(CNc3cc(NC(=O)C4Cc5ccccc5CN4)[nH]n3)c3ccccc32)cc1
scent_seh,greedy_oracle_static,196,196,257,1,7.772251605987549,NCc1cn(Cc2ccc(C(=O)NC3CC3)cc2)c2ccccc12,O=C(NC1CC1)c1ccc(Cn2cc(CNc3ccccc3CCNC(=O)C3CCN3)c3ccccc32)cc1
scent_seh,greedy_oracle_static,197,197,258,1,7.511835098266602,NCc1cn(Cc2ccc(C(=O)NC3CC3)cc2)c2ccccc12,O=C(NC1CC1)c1ccc(Cn2cc(CNC(=O)N3CCCC3c3nc4cc(Br)ccc4o3)c3ccccc32)cc1
scent_seh,greedy_oracle_static,198,198,259,1,7.447989463806152,NCc1cn(Cc2ccc(C(=O)NC3CC3)cc2)c2ccccc12,O=C(NC1CC1)c1ccc(Cn2cc(CNC(=O)N3CC(c4nc5c(Br)cccc5[nH]4)C3)c3ccccc32)cc1
scent_seh,greedy_oracle_static,199,199,260,1,7.196389675140381,NCc1cn(Cc2ccc(C(=O)NC3CC3)cc2)c2ccccc12,O=C(NCc1cn(Cc2ccc(C(=O)NC3CC3)cc2)c2ccccc12)c1cccc(N=C=S)c1
scent_seh,greedy_oracle_static,200,200,261,1,7.16745138168335,NCc1cn(Cc2ccc(C(=O)NC3CC3)cc2)c2ccccc12,O=C(NC1CC1)c1ccc(Cn2cc(CNC(=O)N(CC3CCN3)c3cc(Br)n[nH]3)c3ccccc32)cc1
scent_seh,greedy_oracle_static,201,201,262,1,7.1097283363342285,NCc1cn(Cc2ccc(C(=O)NC3CC3)cc2)c2ccccc12,O=C(NCc1cn(Cc2ccc(C(=O)NC3CC3)cc2)c2ccccc12)Nc1nc(F)nc2[nH]cnc12
scent_seh,greedy_oracle_static,202,202,264,2,8.15133285522461,O=C(NCc1ccccc1)c1cccc(B(O)O)c1,O=C(NCc1ccccc1)c1cccc(-c2cc(NC(=O)C3CNC3)[nH]n2)c1
scent_seh,greedy_oracle_static,203,203,265,1,7.7944817543029785,O=C(NCc1ccccc1)c1cccc(B(O)O)c1,O=C(NCc1ccccc1)c1cccc(-c2ccc(NC(=O)C3CCN3)cc2)c1
scent_seh,greedy_oracle_static,204,204,266,1,7.773890495300293,O=C(NCc1ccccc1)c1cccc(B(O)O)c1,O=C(NCc1ccccc1)c1cccc(-c2ccc3oc(C4CCCN4)nc3c2)c1
scent_seh,greedy_oracle_static,205,205,267,1,7.5046772956848145,O=C(NCc1ccccc1)c1cccc(B(O)O)c1,O=C(NCc1ccccc1)c1cccc(-c2ccc3c(CNC45CC(C4)C5)c[nH]c3c2)c1
scent_seh,greedy_oracle_static,206,206,269,2,7.936507701873779,OB(O)c1cccc(NCC2CCN2)c1,NC(C(=O)Nc1cc(-c2cccc(NCC3CCN3)c2)n[nH]1)c1ccccc1
scent_seh,greedy_oracle_static,207,207,270,1,7.925957202911377,OB(O)c1cccc(NCC2CCN2)c1,c1cc(NCC2CCN2)cc(-c2ccc3nc(C4CNC4)[nH]c3c2)c1
scent_seh,greedy_oracle_static,208,208,271,1,7.495345592498779,OB(O)c1cccc(NCC2CCN2)c1,O=C(Nc1ccc(-c2cccc(NCC3CCN3)c2)cc1)C1CCN1
scent_seh,greedy_oracle_static,209,209,272,1,7.151316165924072,OB(O)c1cccc(NCC2CCN2)c1,COc1ccc(-c2cccc(NCC3CCN3)c2)cn1
scent_seh,greedy_oracle_static,210,210,274,2,7.893416881561279,O=C(NCc1c[nH]c2ccccc12)c1cccc(B(O)O)c1,O=C(NCc1c[nH]c2ccccc12)c1cccc(-c2cc(NCC3CCN3)[nH]n2)c1
scent_seh,greedy_oracle_static,211,211,275,1,7.70357084274292,O=C(NCc1c[nH]c2ccccc12)c1cccc(B(O)O)c1,O=C(NCc1c[nH]c2ccccc12)c1cccc(-c2cccc3nc(C4CNC4)[nH]c23)c1
scent_seh,greedy_oracle_static,212,212,277,2,8.096388816833496,O=C(O)c1ccc2[nH]c(C3CCN3)nc2c1,O=C(NCc1cn(CC2CC2)c2ccccc12)c1ccc2[nH]c(C3CCN3)nc2c1
scent_seh,greedy_oracle_static,213,213,278,1,7.099676132202148,O=C(O)c1ccc2[nH]c(C3CCN3)nc2c1,O=C(NCCc1ccccc1)c1ccc2[nH]c(C3CCN3)nc2c1
scent_seh,greedy_oracle_static,214,214,279,1,7.029061317443848,O=C(O)c1ccc2[nH]c(C3CCN3)nc2c1,O=C(Nc1ccccc1-n1cccc1)c1ccc2[nH]c(C3CCN3)nc2c1
scent_seh,greedy_oracle_static,215,215,280,1,7.0020976066589355,O=C(O)c1ccc2[nH]c(C3CCN3)nc2c1,O=C(c1ccc2[nH]c(C3CCN3)nc2c1)N1CCC1CNc1ccc(Br)cc1
scent_seh,greedy_oracle_static,216,216,281,1,7.000707626342773,O=C(O)c1ccc2[nH]c(C3CCN3)nc2c1,O=C(O)c1ccc2[nH]c(C3CCN3c3cc(NCC4Cc5ccccc5CN4)[nH]n3)nc2c1
scent_seh,greedy_oracle_static,217,217,283,2,7.9690632820129395,O=Cc1c[nH]c2ccc(-c3nnn(CC4CC4)n3)cc12,O=C(NC1CC1)c1ccc(Cn2cc(CNCc3c[nH]c4ccc(-c5nnn(CC6CC6)n5)cc34)c3ccccc32)cc1
scent_seh,greedy_oracle_static,218,218,284,1,7.863127708435059,O=Cc1c[nH]c2ccc(-c3nnn(CC4CC4)n3)cc12,c1ccc2c(c1)CCNC2c1c[nH]c2ccc(-c3nnn(CC4CC4)n3)cc12
scent_seh,greedy_oracle_static,219,219,285,1,7.428904056549072,O=Cc1c[nH]c2ccc(-c3nnn(CC4CC4)n3)cc12,O=C(Nc1cccc(Br)c1NCc1c[nH]c2ccc(-c3nnn(CC4CC4)n3)cc12)C1CCN1
scent_seh,greedy_oracle_static,220,220,286,1,7.272111892700195,O=Cc1c[nH]c2ccc(-c3nnn(CC4CC4)n3)cc12,O=C(Nc1ccc(Br)cc1)C1CCN1Cc1c[nH]c2ccc(-c3nnn(CC4CC4)n3)cc12
scent_seh,greedy_oracle_static,221,221,287,1,7.102147102355957,O=Cc1c[nH]c2ccc(-c3nnn(CC4CC4)n3)cc12,c1ccc2oc(-c3c[nH]c4ccc(-c5nnn(CC6CC6)n5)cc34)nc2c1
scent_seh,greedy_oracle_static,222,222,288,1,7.064622402191162,O=Cc1c[nH]c2ccc(-c3nnn(CC4CC4)n3)cc12,Brc1ccc2c(CN(Cc3c[nH]c4ccc(-c5nnn(CC6CC6)n5)cc34)C34CC(C3)C4)c[nH]c2c1
scent_seh,greedy_oracle_static,223,223,289,1,7.020020484924316,O=Cc1c[nH]c2ccc(-c3nnn(CC4CC4)n3)cc12,O=Cc1cn(CC2CC2)c2ccc(-c3nnn(CC4CC4)n3)cc12
scent_seh,greedy_oracle_static,224,224,291,2,7.310983180999756,O=C(O)c1ccc(CNC23CC(C2)C3)cc1,O=C(Nc1ccnc2ccccc12)c1ccc(CNC23CC(C2)C3)cc1
scent_seh,greedy_oracle_static,225,225,292,1,7.158999919891357,O=C(O)c1ccc(CNC23CC(C2)C3)cc1,O=C(c1ccc(CNC23CC(C2)C3)cc1)N1CC(c2nc3ccc(Br)cc3o2)C1
scent_seh,greedy_oracle_static,226,226,293,1,7.12405252456665,O=C(O)c1ccc(CNC23CC(C2)C3)cc1,O=C(NCc1c[nH]c2ccccc12)c1ccc(CNC23CC(C2)C3)cc1
scent_seh,greedy_oracle_static,227,227,294,1,7.118167400360107,O=C(O)c1ccc(CNC23CC(C2)C3)cc1,O=C(c1ccc(CNC23CC(C2)C3)cc1)N1CC(c2nc3c(Br)cccc3[nH]2)C1
scent_seh,greedy_oracle_static,228,228,295,1,7.043263912200928,O=C(O)c1ccc(CNC23CC(C2)C3)cc1,O=C(NCCc1ccccc1Br)C1CCN1C(=O)c1ccc(CNC23CC(C2)C3)cc1
scent_seh,greedy_oracle_static,229,229,296,1,7.035125732421875,O=C(O)c1ccc(CNC23CC(C2)C3)cc1,O=C(O)c1ccc(CN(c2cc(NCC3Cc4ccccc4CN3)[nH]n2)C23CC(C2)C3)cc1
scent_seh,greedy_oracle_static,230,230,297,1,7.014219284057617,O=C(O)c1ccc(CNC23CC(C2)C3)cc1,O=C(c1ccc(CNC23CC(C2)C3)cc1)N1CCC1CNc1ccc(Br)cc1
scent_seh,greedy_oracle_static,231,231,300,3,8.24132251739502,OB(O)c1cccc(NCc2ccc3[nH]c(C4CNC4)nc3c2)c1,c1cc(NCc2ccc3[nH]c(C4CNC4)nc3c2)cc(-c2ccc3[nH]c(C4CNC4)nc3c2)c1
scent_seh,greedy_oracle_static,232,232,303,3,8.13460922241211,O=C(O)c1ccc2nc(-c3ccc(-c4nnn(CC5CC5)n4)nc3)oc2c1,c1ccc2c(c1)c(CNCc1ccc3nc(-c4ccc(-c5nnn(CC6CC6)n5)nc4)oc3c1)cn2CC1CC1
scent_seh,greedy_oracle_static,233,233,304,1,7.845058917999268,O=C(O)c1ccc2nc(-c3ccc(-c4nnn(CC5CC5)n4)nc3)oc2c1,O=C(Nc1ccnc2ccccc12)c1ccc2nc(-c3ccc(-c4nnn(CC5CC5)n4)nc3)oc2c1
scent_seh,greedy_oracle_static,234,234,305,1,7.758962154388428,O=C(O)c1ccc2nc(-c3ccc(-c4nnn(CC5CC5)n4)nc3)oc2c1,c1ccc2c(c1)CCN=C2c1ccc2nc(-c3ccc(-c4nnn(CC5CC5)n4)nc3)oc2c1
scent_seh,greedy_oracle_static,235,235,306,1,7.6688232421875,O=C(O)c1ccc2nc(-c3ccc(-c4nnn(CC5CC5)n4)nc3)oc2c1,Brc1ccc2oc(C3CCCN3Cc3ccc4nc(-c5ccc(-c6nnn(CC7CC7)n6)nc5)oc4c3)nc2c1
scent_seh,greedy_oracle_static,236,236,307,1,7.5753092765808105,O=C(O)c1ccc2nc(-c3ccc(-c4nnn(CC5CC5)n4)nc3)oc2c1,O=C(Nc1cccc(Br)c1NCc1ccc2nc(-c3ccc(-c4nnn(CC5CC5)n4)nc3)oc2c1)C1CCN1
scent_seh,greedy_oracle_static,237,237,308,1,7.432616710662842,O=C(O)c1ccc2nc(-c3ccc(-c4nnn(CC5CC5)n4)nc3)oc2c1,Brc1cc(N(Cc2ccc3nc(-c4ccc(-c5nnn(CC6CC6)n5)nc4)oc3c2)CC2Cc3ccccc3CN2)[nH]n1
scent_seh,greedy_oracle_static,238,238,309,1,7.251247406005859,O=C(O)c1ccc2nc(-c3ccc(-c4nnn(CC5CC5)n4)nc3)oc2c1,O=C(NCCc1ccccc1Br)C1CCN1C(=O)c1ccc2nc(-c3ccc(-c4nnn(CC5CC5)n4)nc3)oc2c1
scent_seh,greedy_oracle_static,239,239,310,1,7.027339458465576,O=C(O)c1ccc2nc(-c3ccc(-c4nnn(CC5CC5)n4)nc3)oc2c1,Nc1ccc(Br)cc1N(CC1CCN1)C(=O)c1ccc2nc(-c3ccc(-c4nnn(CC5CC5)n4)nc3)oc2c1
scent_seh,greedy_oracle_static,240,240,313,3,7.599391460418701,Nc1ccc(NCCc2cn(CC3CC3)c3ccccc23)cc1,c1ccc2c(c1)c(CCNc1ccc(Nc3ccc4oc(C5CCCN5)nc4c3)cc1)cn2CC1CC1
scent_seh,greedy_oracle_static,241,241,314,1,7.589416980743408,Nc1ccc(NCCc2cn(CC3CC3)c3ccccc23)cc1,NC(C(=O)Nc1ccc(NCCc2cn(CC3CC3)c3ccccc23)cc1)c1ccccc1
scent_seh,greedy_oracle_static,242,242,315,1,7.496246337890625,Nc1ccc(NCCc2cn(CC3CC3)c3ccccc23)cc1,Nc1ccc(N(CCc2cn(CC3CC3)c3ccccc23)c2cc(NC(=O)C3Cc4ccccc4CN3)[nH]n2)cc1
scent_seh,greedy_oracle_static,243,243,316,1,7.452945232391357,Nc1ccc(NCCc2cn(CC3CC3)c3ccccc23)cc1,O=C(Nc1ccc(NCCc2cn(CC3CC3)c3ccccc23)cc1)N1CC(c2nc3cccc(Br)c3[nH]2)C1
scent_seh,greedy_oracle_static,244,244,317,1,7.437234401702881,Nc1ccc(NCCc2cn(CC3CC3)c3ccccc23)cc1,c1ccc2c(c1)c(CCNc1ccc(Nc3ccc4c(CNC56CC(C5)C6)c[nH]c4c3)cc1)cn2CC1CC1
scent_seh,greedy_oracle_static,245,245,318,1,7.321950912475586,Nc1ccc(NCCc2cn(CC3CC3)c3ccccc23)cc1,Nc1ccc(N(CCc2cn(CC3CC3)c3ccccc23)c2ccc3oc(C4CNC4)nc3c2)cc1
scent_seh,greedy_oracle_static,246,246,319,1,7.0912981033325195,Nc1ccc(NCCc2cn(CC3CC3)c3ccccc23)cc1,Nc1ccc(N(CCc2cn(CC3CC3)c3ccccc23)c2ccccc2CCNC(=O)C2CCN2)cc1
scent_seh,greedy_oracle_static,247,247,322,3,8.303201675415039,OB(O)c1ccc2c(ccn2Cc2ccc(-c3nnn(CC4CC4)n3)cc2)c1,O=C(Nc1cc(-c2ccc3c(ccn3Cc3ccc(-c4nnn(CC5CC5)n4)cc3)c2)n[nH]1)C1CNC1
scent_seh,greedy_oracle_static,248,248,323,1,7.152383327484131,OB(O)c1ccc2c(ccn2Cc2ccc(-c3nnn(CC4CC4)n3)cc2)c1,c1cnn2c(-c3ccc4c(ccn4Cc4ccc(-c5nnn(CC6CC6)n5)cc4)c3)cnc2c1
scent_seh,greedy_oracle_static,249,249,325,2,8.22064208984375,O=C(O)c1ccc(-c2nnnn2CC2CC2)nc1,c1cc(-c2nnnn2CC2CC2)ncc1CNc1ccc(-c2cn(CC3CC3)nn2)cc1
scent_seh,greedy_oracle_static,250,250,326,1,8.009576797485352,O=C(O)c1ccc(-c2nnnn2CC2CC2)nc1,c1ccc2c(c1)c(CCNCc1ccc(-c3nnnn3CC3CC3)nc1)cn2Cc1ccc(-c2nnn(CC3CC3)n2)cc1
scent_seh,greedy_oracle_static,251,251,327,1,7.793538570404053,O=C(O)c1ccc(-c2nnnn2CC2CC2)nc1,O=C(NCc1cn(CC2CC2)c2ccccc12)c1ccc(-c2nnnn2CC2CC2)nc1
scent_seh,greedy_oracle_static,252,252,328,1,7.2771124839782715,O=C(O)c1ccc(-c2nnnn2CC2CC2)nc1,O=C(Nc1cccc(Br)c1NCc1ccc(-c2nnnn2CC2CC2)nc1)C1CCN1
scent_seh,greedy_oracle_static,253,253,329,1,7.128390789031982,O=C(O)c1ccc(-c2nnnn2CC2CC2)nc1,c1ccc2c(NCc3ccc(-c4nnnn4CC4CC4)nc3)ccnc2c1
scent_seh,greedy_oracle_static,254,254,330,1,7.1254048347473145,O=C(O)c1ccc(-c2nnnn2CC2CC2)nc1,Brc1ccc2oc(C3CN(Cc4ccc(-c5nnnn5CC5CC5)nc4)C3)nc2c1
scent_seh,greedy_oracle_static,255,255,331,1,7.087510585784912,O=C(O)c1ccc(-c2nnnn2CC2CC2)nc1,Brc1ccc(NCc2ccc(-c3nnnn3CC3CC3)nc2)c(NCC2CCN2)c1
scent_seh,greedy_oracle_static,256,256,333,2,8.082015991210938,OB(O)c1ccc2c(ccn2CC2CC2)c1,c1cc2c(ccn2CC2CC2)cc1-c1cc(NCC2CCN2)[nH]n1
scent_seh,greedy_oracle_static,257,257,334,1,8.026056289672852,OB(O)c1ccc2c(ccn2CC2CC2)c1,O=C(Nc1ccc(-c2ccc3c(ccn3CC3CC3)c2)cc1)C1CCN1
scent_seh,greedy_oracle_static,258,258,335,1,7.996979236602783,OB(O)c1ccc2c(ccn2CC2CC2)c1,c1cc2c(ccn2CC2CC2)cc1-c1ccc2nc(C3CNC3)[nH]c2c1
scent_seh,greedy_oracle_static,259,259,336,1,7.73600435256958,OB(O)c1ccc2c(ccn2CC2CC2)c1,c1cc2c(ccn2CC2CC2)cc1-c1ccc2oc(C3CCCN3)nc2c1
scent_seh,greedy_oracle_static,260,260,337,1,7.7343363761901855,OB(O)c1ccc2c(ccn2CC2CC2)c1,O=C(NCCc1ccccc1-c1ccc2c(ccn2CC2CC2)c1)C1CCN1
scent_seh,greedy_oracle_static,261,261,338,1,7.6607890129089355,OB(O)c1ccc2c(ccn2CC2CC2)c1,c1cc2c(ccn2CC2CC2)cc1-c1ccc2c(CNC34CC(C3)C4)c[nH]c2c1
scent_seh,greedy_oracle_static,262,262,341,3,8.144084930419922,OB(O)c1cccc(NCc2ccc3nc(C4CNC4)oc3c2)c1,c1cc(NCc2ccc3nc(C4CNC4)oc3c2)cc(-c2ccc(NCC3CCN3)cc2)c1
scent_seh,greedy_oracle_static,263,263,343,2,7.898247241973877,OB(O)c1cccc(NCC2CNC2)c1,c1cc(NCC2CNC2)cc(-c2ccc3oc(C4CNC4)nc3c2)c1
scent_seh,greedy_oracle_static,264,264,344,1,7.784994125366211,OB(O)c1cccc(NCC2CNC2)c1,c1cc(NCC2CNC2)cc(-c2cccc3nc(C4CNC4)[nH]c23)c1
scent_seh,greedy_oracle_static,265,265,345,1,7.627565860748291,OB(O)c1cccc(NCC2CNC2)c1,Nc1c(NC(=O)C2CCN2)cccc1-c1cccc(NCC2CNC2)c1
scent_seh,greedy_oracle_static,266,266,346,1,7.070000171661377,OB(O)c1cccc(NCC2CNC2)c1,Fc1ncc(-c2cccc(NCC3CNC3)c2)cn1
scent_seh,greedy_oracle_static,267,267,348,2,7.943503379821777,OB(O)c1cccc(-c2nnnn2CC2CC2)c1,c1cc(-c2ccc3oc(C4CNC4)nc3c2)cc(-c2nnnn2CC2CC2)c1
scent_seh,greedy_oracle_static,268,268,349,1,7.90924596786499,OB(O)c1cccc(-c2nnnn2CC2CC2)c1,O=C(Nc1cc(-c2cccc(-c3nnnn3CC3CC3)c2)n[nH]1)C1CNC1
scent_seh,greedy_oracle_static,269,269,350,1,7.882725238800049,OB(O)c1cccc(-c2nnnn2CC2CC2)c1,c1cc(-c2ccc(NCC3CCN3)cc2)cc(-c2nnnn2CC2CC2)c1
scent_seh,greedy_oracle_static,270,270,351,1,7.746603488922119,OB(O)c1cccc(-c2nnnn2CC2CC2)c1,c1cc(-c2cccc3[nH]c(C4CNC4)nc23)cc(-c2nnnn2CC2CC2)c1
scent_seh,greedy_oracle_static,271,271,353,2,7.732602119445801,O=C(Nc1ccc(B(O)O)cc1)C1CCCN1,O=C(Nc1ccc(-c2ccc3nc(C4CNC4)[nH]c3c2)cc1)C1CCCN1
scent_seh,greedy_oracle_static,272,272,354,1,7.623507022857666,O=C(Nc1ccc(B(O)O)cc1)C1CCCN1,O=C(Nc1ccc(-c2ccc3oc(C4CCCN4)nc3c2)cc1)C1CCCN1
scent_seh,greedy_oracle_static,273,273,355,1,7.587287425994873,O=C(Nc1ccc(B(O)O)cc1)C1CCCN1,O=C(Nc1ccc(-c2cc(NCC3CCN3)[nH]n2)cc1)C1CCCN1
scent_seh,greedy_oracle_static,274,274,356,1,7.0323805809021,O=C(Nc1ccc(B(O)O)cc1)C1CCCN1,O=C(Nc1ccc(-c2cnc(F)nc2)cc1)C1CCCN1
scent_seh,greedy_oracle_static,275,275,359,3,8.18745231628418,OB(O)c1cccc(NCc2ccc3nc(C4CNC4)[nH]c3c2)c1,O=C(Nc1cc(-c2cccc(NCc3ccc4nc(C5CNC5)[nH]c4c3)c2)n[nH]1)C1Cc2ccccc2CN1
scent_seh,greedy_oracle_static,276,276,360,1,8.059374809265137,OB(O)c1cccc(NCc2ccc3nc(C4CNC4)[nH]c3c2)c1,c1cc(NCc2ccc3nc(C4CNC4)[nH]c3c2)cc(-c2ccc3oc(C4CCCN4)nc3c2)c1
scent_seh,greedy_oracle_static,277,277,361,1,7.6200337409973145,OB(O)c1cccc(NCc2ccc3nc(C4CNC4)[nH]c3c2)c1,COc1ncccc1-c1cccc(NCc2ccc3nc(C4CNC4)[nH]c3c2)c1
scent_seh,greedy_oracle_static,278,278,363,2,7.42962121963501,O=C(NCCc1c[nH]c2ccccc12)C1CNC1,NC(C(=O)Nc1cc(N2CC(C(=O)NCCc3c[nH]c4ccccc34)C2)n[nH]1)c1ccccc1
scent_seh,greedy_oracle_static,279,279,364,1,7.4066162109375,O=C(NCCc1c[nH]c2ccccc12)C1CNC1,O=C(NCCc1c[nH]c2ccccc12)C1CN(c2ccc3nc(C4CNC4)oc3c2)C1
scent_seh,greedy_oracle_static,280,280,365,1,7.287079334259033,O=C(NCCc1c[nH]c2ccccc12)C1CNC1,O=C(NCCc1c[nH]c2ccccc12)C1CN(C(=O)C2Cc3ccccc3CN2)C1
scent_seh,greedy_oracle_static,281,281,367,2,7.717126369476318,O=C(Nc1ccc(Br)cc1)C1CCN1,O=C(Nc1ccc(-c2cccnc2)cc1)C1CCN1
scent_seh,greedy_oracle_static,282,282,368,1,7.449124813079834,O=C(Nc1ccc(Br)cc1)C1CCN1,O=C(Nc1ccc(NCc2c[nH]c3ccccc23)cc1)C1CCN1
scent_seh,greedy_oracle_static,283,283,369,1,7.426106929779053,O=C(Nc1ccc(Br)cc1)C1CCN1,O=C(Nc1ccc(-c2ccc3[nH]ccc3c2)cc1)C1CCN1
scent_seh,greedy_oracle_static,284,284,370,1,7.420731544494629,O=C(Nc1ccc(Br)cc1)C1CCN1,O=C(Nc1ccc(-c2ccccc2Cl)cc1)C1CCN1
scent_seh,greedy_oracle_static,285,285,371,1,7.321597576141357,O=C(Nc1ccc(Br)cc1)C1CCN1,O=C(Nc1ccc(NC23CC(C2)C3)cc1)C1CCN1
scent_seh,greedy_oracle_static,286,286,372,1,7.292524814605713,O=C(Nc1ccc(Br)cc1)C1CCN1,O=C(Nc1cc(N2CCC2C(=O)Nc2ccc(Br)cc2)n[nH]1)C1CNC1
scent_seh,greedy_oracle_static,287,287,373,1,7.267529487609863,O=C(Nc1ccc(Br)cc1)C1CCN1,CC(Nc1ccc(NC(=O)C2CCN2)cc1)c1ccccc1
scent_seh,greedy_oracle_static,288,288,374,1,7.19757604598999,O=C(Nc1ccc(Br)cc1)C1CCN1,O=C(Nc1ccc(N2CCC2CNc2ccc(Br)cc2)cc1)C1CCN1
scent_seh,greedy_oracle_static,289,289,375,1,7.189550399780273,O=C(Nc1ccc(Br)cc1)C1CCN1,O=C(Nc1ccc(N2CCCC2c2nc3cc(Br)ccc3o2)cc1)C1CCN1
scent_seh,greedy_oracle_static,290,290,376,1,7.136610984802246,O=C(Nc1ccc(Br)cc1)C1CCN1,O=C(Nc1ccc(Nc2ccc(Br)cc2NCC2CCN2)cc1)C1CCN1
scent_seh,greedy_oracle_static,291,291,377,1,7.09323263168335,O=C(Nc1ccc(Br)cc1)C1CCN1,O=C(Nc1ccc(NCc2ccc(C(F)(F)F)cc2)cc1)C1CCN1
scent_seh,greedy_oracle_static,292,292,378,1,7.08725118637085,O=C(Nc1ccc(Br)cc1)C1CCN1,O=C(Nc1ccc(N(CC2CCN2)c2ccc(Br)cc2)cc1)C1CCN1
scent_seh,greedy_oracle_static,293,293,379,1,7.045268535614014,O=C(Nc1ccc(Br)cc1)C1CCN1,O=C(Nc1ccc(N2CCC2C(=O)NCCc2ccccc2Br)cc1)C1CCN1
scent_seh,greedy_oracle_static,294,294,380,1,7.021696090698242,O=C(Nc1ccc(Br)cc1)C1CCN1,O=C(Nc1ccc(Nc2ccnc3ccccc23)cc1)C1CCN1
scent_seh,greedy_oracle_static,295,295,384,4,8.253454208374023,Nc1ccc(-c2cccc(C(=O)NCc3cn(CC4CC4)c4ccccc34)c2)cc1,O=C(Nc1ccc(-c2cccc(C(=O)NCc3cn(CC4CC4)c4ccccc34)c2)cc1)NC1CC1
scent_seh,greedy_oracle_static,296,296,386,2,8.012447357177734,O=C(Nc1cccc(B(O)O)c1)Nc1ccnc2ccccc12,O=C(Nc1cccc(-c2cc(NCC3Cc4ccccc4CN3)[nH]n2)c1)Nc1ccnc2ccccc12
scent_seh,greedy_oracle_static,297,297,387,1,7.94550085067749,O=C(Nc1cccc(B(O)O)c1)Nc1ccnc2ccccc12,O=C(Nc1cccc(-c2ccc3oc(C4CNC4)nc3c2)c1)Nc1ccnc2ccccc12
scent_seh,greedy_oracle_static,298,298,388,1,7.747859477996826,O=C(Nc1cccc(B(O)O)c1)Nc1ccnc2ccccc12,Nc1c(NC(=O)C2CCN2)cccc1-c1cccc(NC(=O)Nc2ccnc3ccccc23)c1
scent_seh,greedy_oracle_static,299,299,389,1,7.675416469573975,O=C(Nc1cccc(B(O)O)c1)Nc1ccnc2ccccc12,O=C(Nc1cccc(-c2ccc3c(CNC45CC(C4)C5)c[nH]c3c2)c1)Nc1ccnc2ccccc12
scent_seh,greedy_oracle_static,300,300,391,2,7.358922481536865,O=C(Nc1cccc(B(O)O)c1)C1CNC1,O=C(Nc1cccc(-c2cc(NCC3CCN3)[nH]n2)c1)C1CNC1
