tag,arm,step,cum_modes,cum_reactions,reactions_added,reward,source_hub,smiles
scent_drd2,best_candidate,1,1,4,4,1.0,CCCN1CCc2c(OC)cccc2C1CNC1CC1,CCCN1CCc2c(OC)cccc2C1CN(Cc1c[nH]c2ccc(Br)cc12)C1CC1
scent_drd2,best_candidate,2,2,8,4,0.9999999403953552,NCCN(CCNc1ccc(Br)cc1O)CCc1c[nH]c2ccccc12,CCCN(CCN(CCN)CCc1c[nH]c2ccccc12)c1ccc(Br)cc1O
scent_drd2,best_candidate,3,3,12,4,0.9999999403953552,Oc1ccc(CCNCc2c[nH]c3cc(Br)ccc23)cc1,CCCN(CC1c2cc(O)ccc2CCN1Cc1c[nH]c2cc(Br)ccc12)C1CC1
scent_drd2,best_candidate,4,4,16,4,0.9999999403953552,COc1cccc2c1CCN(Cc1c[nH]c3ccc(Br)cc13)C2CN1CCCCC1,COc1cccc2c1CCN(Cc1c[nH]c3ccc(Cl)cc13)C2CN1CCCCC1
scent_drd2,best_candidate,5,5,20,4,0.9999999403953552,CCC1c2cccc(Br)c2CCN1CCCNCCc1c[nH]c2ccc(O)cc12,CCC1c2cccc(Cl)c2CCN1CCCNCCc1c[nH]c2ccc(O)cc12
scent_drd2,best_candidate,6,6,24,4,0.9999999403953552,Ic1ccc2[nH]cc(CN3CCC(NCCc4ccccc4)CC3)c2c1,CCC1c2ccccc2CCN1C1CCN(Cc2c[nH]c3ccc(I)cc23)CC1
scent_drd2,best_candidate,7,7,28,4,0.9999999403953552,CCC1c2cccc3c2C(CN1C1CC1)NCC3,CCC1c2cccc3c2C(CN1C1CC1)N(Cc1c[nH]c2ccc(F)cc12)CC3
scent_drd2,best_candidate,8,8,32,4,0.9999999403953552,COc1cccc2c1CCNC2CN(CCCN)C1CC1,COc1cccc2c1CCN(Cc1c[nH]c3ccc(F)cc13)C2CN(CCCN)C1CC1
scent_drd2,best_candidate,9,9,36,4,0.9999999403953552,C=CCN(CCNCc1c[nH]c2ccc(F)cc12)c1ccccc1CCN,C=CCN(CCN(CCC)Cc1c[nH]c2ccc(F)cc12)c1ccccc1CCN
scent_drd2,best_candidate,10,10,40,4,0.9999999403953552,Brc1ccc(N(CCNCCc2c[nH]c3ccccc23)CC2CCN2)cc1,CCCN(CCc1c[nH]c2ccccc12)CCN(CC1CCN1)c1ccc(Br)cc1
scent_drd2,best_candidate,11,11,43,3,0.9999998807907104,CCCN1CCCC(NCCc2ccccc2OC)C1,CCCN1CCCC(N2CCc3c(OC)cccc3C2c2c[nH]c3cc(Br)ccc23)C1
scent_drd2,best_candidate,12,12,47,4,0.9999998807907104,COc1cccc2c1CCN(CCCNC1CC1)C2c1c[nH]c2ccc(F)cc12,C=CCN(CCCN1CCc2c(OC)cccc2C1c1c[nH]c2ccc(F)cc12)C1CC1
scent_drd2,best_candidate,13,13,50,3,0.9999998807907104,COc1ccccc1CCNCC1CCCN1C1CNC1,COc1cccc2c1CCN(CC1CCCN1C1CNC1)C2c1c[nH]c2ccc(Br)cc12
scent_drd2,best_candidate,14,14,54,4,0.9999998807907104,Oc1cc(Br)ccc1NCCN1CCCC(NCCc2c[nH]c3ccccc23)C1,CC(CCl)N(CCN1CCCC(NCCc2c[nH]c3ccccc23)C1)c1ccc(Br)cc1O
scent_drd2,best_candidate,15,15,58,4,0.9999998807907104,CCCN(CCNCCc1ccccc1OC)C1CC1,CCCN(CCN(CCc1ccccc1OC)Cc1c[nH]c2cc(Br)ccc12)C1CC1
scent_drd2,best_candidate,16,16,62,4,0.9999998807907104,O=CCN(CC1CCN1Cc1c[nH]c2ccc(F)cc12)c1ccccc1O,Oc1ccccc1N(CCN1CCCCC1)CC1CCN1Cc1c[nH]c2ccc(F)cc12
scent_drd2,best_candidate,17,17,66,4,0.9999998807907104,Oc1ccccc1NCCN(CC1CCN1)C1CC1,Oc1ccccc1N(CCN(CC1CCN1)C1CC1)Cc1c[nH]c2cc(Br)ccc12
scent_drd2,best_candidate,18,18,70,4,0.9999998807907104,CCCN1CCCC1CN1CCc2c(OC)cccc2C1c1c[nH]c2cc(Br)ccc12,CCCN1CCCC1CN1CCc2c(OC)cccc2C1c1c[nH]c2cc(Cl)ccc12
scent_drd2,best_candidate,19,19,74,4,0.9999998807907104,COc1cccc2c1CCNC2CN(CC1CCCN1)c1cc(F)ccc1O,CCCN1CCCC1CN(CC1NCCc2c(OC)cccc21)c1cc(F)ccc1O
scent_drd2,best_candidate,20,20,78,4,0.9999998211860657,CN(CCN(CCCN)C1CC1)c1ccc(O)c(N)c1,CN(CCN(CCCNCc1c[nH]c2cc(Br)ccc12)C1CC1)c1ccc(O)c(N)c1
scent_drd2,best_candidate,21,21,82,4,0.9999998211860657,Oc1ccc(F)cc1NCCN(CCc1c[nH]c2ccccc12)CC1CCN1,O=CCCN(CCN(CCc1c[nH]c2ccccc12)CC1CCN1)c1cc(F)ccc1O
scent_drd2,best_candidate,22,22,86,4,0.9999998211860657,N#Cc1ccc(O)c(N(CCNCC2CCN2)Cc2c[nH]c3ccc(F)cc23)c1,CCCN(CCN(Cc1c[nH]c2ccc(F)cc12)c1cc(C#N)ccc1O)CC1CCN1
scent_drd2,best_candidate,23,23,89,3,0.9999998211860657,Fc1ccc(CNCCCNCCc2c[nH]c3ccccc23)cc1,CCCN(CCCNCCc1c[nH]c2ccccc12)Cc1ccc(F)cc1
scent_drd2,best_candidate,24,24,92,3,0.9999998211860657,COc1ccccc1CCNC1CCCN(C2CNC2)C1,COc1cccc2c1CCN(C1CCCN(C3CNC3)C1)C2c1c[nH]c2ccc(F)cc12
scent_drd2,best_candidate,25,25,96,4,0.9999998211860657,CCC1c2cccc(OC)c2CCN1C1CCN(Cc2c[nH]c3cc(Br)ccc23)CC1,CCC1c2cccc(OC)c2CCN1C1CCN(Cc2c[nH]c3cc(Cl)ccc23)CC1
scent_drd2,best_candidate,26,26,99,3,0.9999998211860657,c1ccc2c(CCNCCN3CCCCC3)c[nH]c2c1,O=C(CCl)c1ccc(F)cc1N(CCc1c[nH]c2ccccc12)CCN1CCCCC1
scent_drd2,best_candidate,27,27,103,4,0.9999998211860657,COc1ccccc1CCN(CC1CCCN1Cc1c[nH]c2cc(Br)ccc12)C1CNC1,COc1ccccc1CCN(CC1CCCN1Cc1c[nH]c2cc(Cl)ccc12)C1CNC1
scent_drd2,best_candidate,28,28,107,4,0.9999998211860657,COc1ccccc1CCN(CCCNc1cc(F)ccc1O)C1CNC1,COc1ccccc1CCN(CCCN(CCBr)c1cc(F)ccc1O)C1CNC1
scent_drd2,best_candidate,29,29,111,4,0.9999998211860657,Oc1ccc(F)cc1N(CCN1CCCCC1)Cc1c[nH]c2cc(Br)ccc12,C#Cc1ccc2c(CN(CCN3CCCCC3)c3cc(F)ccc3O)c[nH]c2c1
scent_drd2,best_candidate,30,30,115,4,0.9999998211860657,C=CC1c2cccc(OC)c2CCN1CC1CCN1Cc1c[nH]c2ccc(Br)cc12,C=CC1c2cccc(OC)c2CCN1CC1CCN1Cc1c[nH]c2ccc(I)cc12
scent_drd2,best_candidate,31,31,119,4,0.9999997615814209,COc1ccccc1CCN(CCN)C1CCN(Cc2c[nH]c3ccc(Br)cc23)CC1,COc1ccccc1CCN(CCN)C1CCN(Cc2c[nH]c3ccc(I)cc23)CC1
scent_drd2,best_candidate,32,32,123,4,0.9999997615814209,COc1ccccc1CCNCC1CCN1CCNc1cc(F)ccc1O,CCCN(CCN1CCC1CNCCc1ccccc1OC)c1cc(F)ccc1O
scent_drd2,best_candidate,33,33,127,4,0.9999997615814209,CCC(CN1CCCCC1)N(Cc1c[nH]c2cc(Br)ccc12)c1ccccc1CCN,CCC(CN1CCCCC1)N(Cc1c[nH]c2cc(I)ccc12)c1ccccc1CCN
scent_drd2,best_candidate,34,34,129,2,0.9999997615814209,O=C(O)C1CCCN1Cc1c[nH]c2ccc(Br)cc12,COc1ccccc1CCNCC1CCCN1Cc1c[nH]c2ccc(Br)cc12
scent_drd2,best_candidate,35,35,133,4,0.9999997615814209,COc1ccccc1CCNCCCN(Cc1c[nH]c2ccc(Br)cc12)C1CCC1,COc1ccccc1CCNCCCN(Cc1c[nH]c2ccc(Cl)cc12)C1CCC1
scent_drd2,best_candidate,36,36,137,4,0.9999997615814209,Oc1ccc(Br)cc1NCC1c2ccccc2CCN1C1CNC1,CCC1c2cccc3c2C(CN1c1cc(Br)ccc1O)N(C1CNC1)CC3
scent_drd2,best_candidate,37,37,141,4,0.9999997615814209,C=CC1c2cccc(OC)c2CCN1CCCNCc1c[nH]c2cc(Br)ccc12,C=CC1c2cccc(OC)c2CCN1CCCNCc1c[nH]c2cc(I)ccc12
scent_drd2,best_candidate,38,38,145,4,0.9999997019767761,CCCN(CCCN)CCNc1cc(Br)cc(C#N)c1,CCCN(CCCN)CCN(Cc1c[nH]c2ccc(F)cc12)c1cc(Br)cc(C#N)c1
scent_drd2,best_candidate,39,39,149,4,0.9999997019767761,COc1ccccc1CCNCCN(CC1CCN1)c1cc(F)ccc1O,CCC1c2cccc(OC)c2CCN1CCN(CC1CCN1)c1cc(F)ccc1O
scent_drd2,best_candidate,40,40,153,4,0.9999997019767761,c1ccc2c(c1)CCNC2CCN1CC(NC2CC2)C1,Brc1ccc2c(CN(C3CC3)C3CN(CCC4NCCc5ccccc54)C3)c[nH]c2c1
scent_drd2,best_candidate,41,41,156,3,0.9999997019767761,O=C1CNC1,COc1cccc2c1CCN(C1CNC1)C2CCNCc1ccc(O)cc1
scent_drd2,best_candidate,42,42,158,2,0.9999997019767761,COc1ccccc1CCN(Cc1c[nH]c2ccc(Br)cc12)CC1CCCN1C1CNC1,COc1ccccc1CCN(Cc1c[nH]c2ccc(Cl)cc12)CC1CCCN1C1CNC1
scent_drd2,best_candidate,43,43,162,4,0.9999997019767761,COc1ccccc1CCNCCCN1CC(Nc2ccc(Br)cc2O)C1,COc1ccccc1CCNCCCN1CC(N(CCBr)c2ccc(Br)cc2O)C1
scent_drd2,best_candidate,44,44,166,4,0.9999997019767761,CCCN1CCCC(N2CCc3ccccc3C2c2c[nH]c3ccc(Br)cc23)C1,CCCN1CCCC(N2CCc3ccccc3C2c2c[nH]c3ccc(Cl)cc23)C1
scent_drd2,best_candidate,45,45,168,2,0.9999996423721313,CCCN(CCNc1cccc2cc[nH]c12)C1CC1,CCCN(CCN(c1cccc2cc[nH]c12)C(CCl)c1ccc(Cl)c(Cl)c1)C1CC1
scent_drd2,best_candidate,46,46,172,4,0.9999996423721313,CCC(N)CN(CCN1CCCCC1)c1ccccc1S,CCC(CN(CCN1CCCCC1)c1ccccc1S)NCc1c[nH]c2cc(Br)ccc12
scent_drd2,best_candidate,47,47,176,4,0.9999996423721313,Fc1ccc2[nH]cc(C3c4ccccc4CCN3CCCNC3CC3)c2c1,O=CCCN(CCCN1CCc2ccccc2C1c1c[nH]c2ccc(F)cc12)C1CC1
scent_drd2,best_candidate,48,48,180,4,0.9999996423721313,O=C(O)CN(CCCNCc1cccc(Br)c1)C1CC1,Oc1ccc2[nH]cc(CCNCCN(CCCNCc3cccc(Br)c3)C3CC3)c2c1
scent_drd2,best_candidate,49,49,183,3,0.9999996423721313,COc1ccccc1CCNC1CCCN(CCCN)C1,COc1ccccc1CCN(Cc1c[nH]c2ccc(Br)cc12)C1CCCN(CCCN)C1
scent_drd2,best_candidate,50,50,187,4,0.9999996423721313,Brc1ccc2[nH]cc(C3c4ccccc4CCN3CC3CCCN3C3CNC3)c2c1,Clc1ccc2[nH]cc(C3c4ccccc4CCN3CC3CCCN3C3CNC3)c2c1
scent_drd2,best_candidate,51,51,191,4,0.9999996423721313,CN(CCN1CC(=O)C1)c1cccc2c1CCNC2c1c[nH]c2cc(Br)ccc12,CN(CCN1CC(NC2CC2)C1)c1cccc2c1CCNC2c1c[nH]c2cc(Br)ccc12
scent_drd2,best_candidate,52,52,195,4,0.9999996423721313,C=CC1c2ccccc2CCN1CC1CCCN1Cc1c[nH]c2cc(Br)ccc12,C=CC1c2ccccc2CCN1CC1CCCN1Cc1c[nH]c2cc(I)ccc12
scent_drd2,best_candidate,53,53,198,3,0.9999995827674866,COc1ccccc1CCN,COc1cccc2c1CCNC2CCN(Cc1ccc(F)cc1)C1CC1
scent_drd2,best_candidate,54,54,201,3,0.9999995827674866,CNCCN(CCc1ccccc1OC)C1CNC1,COc1ccccc1CCN(CCN(C)Cc1c[nH]c2ccc(F)cc12)C1CNC1
scent_drd2,best_candidate,55,55,204,3,0.9999995827674866,COc1cccc2c1CCNC2CNCCc1ccccc1Br,CCCN1CCc2c(OC)cccc2C1CNCCc1ccccc1Br
scent_drd2,best_candidate,56,56,208,4,0.9999995827674866,CCCN1C(CN2CCCCC2)Cc2ccccc2C1c1c[nH]c2cc(Br)ccc12,CCCN1C(CN2CCCCC2)Cc2ccccc2C1c1c[nH]c2cc(Cl)ccc12
scent_drd2,best_candidate,57,57,211,3,0.9999995827674866,Brc1ccc2[nH]cc(C3c4ccccc4CCN3C3CCNC3)c2c1,Brc1ccc2[nH]cc(C3c4ccccc4CCN3C3CCN(C4CNC4)C3)c2c1
scent_drd2,best_candidate,58,58,215,4,0.9999995827674866,COc1cccc2c1CCNC2CN1CCCC(Nc2cc(Br)ccc2O)C1,CCCN(c1cc(Br)ccc1O)C1CCCN(CC2NCCc3c(OC)cccc32)C1
scent_drd2,best_candidate,59,59,219,4,0.9999995827674866,CCCNCCN(c1ccc(OC)cc1N)C1CNC1,CCCN(CCN(c1ccc(OC)cc1N)C1CNC1)Cc1c[nH]c2ccc(F)cc12
scent_drd2,best_candidate,60,60,222,3,0.9999995827674866,ClCC(c1ccc(Br)cc1)N(CCc1c[nH]c2ccccc12)C1CCCNC1,O=CCCN1CCCC(N(CCc2c[nH]c3ccccc23)C(CCl)c2ccc(Br)cc2)C1
scent_drd2,best_candidate,61,61,226,4,0.9999995231628418,COc1cccc2c1CCN(CCCNC1CNC1)C2c1c[nH]c2ccc(Br)cc12,COc1cccc2c1CCN(CCCNC1CNC1)C2c1c[nH]c2ccc(Cl)cc12
scent_drd2,best_candidate,62,62,230,4,0.9999995231628418,CNCCN(CC1CCN1Cc1c[nH]c2cc(Br)ccc12)c1ccc(C#N)cc1N,CCCN(C)CCN(CC1CCN1Cc1c[nH]c2cc(Br)ccc12)c1ccc(C#N)cc1N
scent_drd2,best_candidate,63,63,234,4,0.9999995231628418,COc1ccccc1CCNCCN(c1ccc(Br)cc1O)C1CNC1,COc1ccccc1CCN(CCN(c1ccc(Br)cc1O)C1CNC1)C1CNC1
scent_drd2,best_candidate,64,64,238,4,0.9999995231628418,CCCN1CCCC1CN(Cc1c[nH]c2cc(Br)ccc12)c1ccc(Br)cc1,C#Cc1ccc2c(CN(CC3CCCN3CCC)c3ccc(Br)cc3)c[nH]c2c1
scent_drd2,best_candidate,65,65,241,3,0.9999995231628418,COc1ccccc1CCN(CCCN)CC1CCN1,COc1ccccc1CCN(CCCNCc1c[nH]c2ccc(F)cc12)CC1CCN1
scent_drd2,best_candidate,66,66,245,4,0.9999995231628418,CN(CCN(c1ccc(Br)cc1)C1CCCNC1)Cc1c[nH]c2ccc(Br)cc12,CN(CCN(c1ccc(Br)cc1)C1CCCN(CCN)C1)Cc1c[nH]c2ccc(Br)cc12
scent_drd2,best_candidate,67,67,248,3,0.9999995231628418,O=C1CCCN(CCCNCc2ccc(F)cc2)C1,Oc1ccc2[nH]cc(CCNC3CCCN(CCCNCc4ccc(F)cc4)C3)c2c1
scent_drd2,best_candidate,68,68,251,3,0.9999995231628418,C=CC=O,C=CC1c2ccccc2CCN1CCCNCc1c[nH]c2cc(Br)ccc12
scent_drd2,best_candidate,69,69,255,4,0.9999995231628418,O=C1CCCN(CCC2c3cc(O)ccc3CCN2Cc2c[nH]c3cc(Br)ccc23)C1,O=C1CCCN(CCC2c3cc(O)ccc3CCN2Cc2c[nH]c3cc(Cl)ccc23)C1
scent_drd2,best_candidate,70,70,259,4,0.999999463558197,COc1cccc2c1CCNC2CCN1CCC1CNc1cc(Br)ccc1O,COc1cccc2c1CCNC2CCN1CCC1CNc1cc(Cl)ccc1O
scent_drd2,best_candidate,71,71,262,3,0.999999463558197,COc1cccc2c1CCNC2CN1CCCC1CO,COc1cccc2c1CCN(Cc1c[nH]c3cc(Br)ccc13)C2CN1CCCC1CO
scent_drd2,best_candidate,72,72,266,4,0.999999463558197,COc1cccc2c1CCN(Cc1ccc(F)cc1)C2CCNCCCCN,COc1cccc2c1CCN(Cc1ccc(F)cc1)C2CCN(CCBr)CCCCN
scent_drd2,best_candidate,73,73,270,4,0.999999463558197,NCCc1ccccc1N(CCCN1CCCC1CO)Cc1c[nH]c2cc(Br)ccc12,NCCc1ccccc1N(CCCN1CCCC1CO)Cc1c[nH]c2cc(I)ccc12
scent_drd2,best_candidate,74,74,274,4,0.999999463558197,COc1ccccc1CCNCC1CCN1CCCNCc1c[nH]c2ccc(Br)cc12,COc1ccccc1CCNCC1CCN1CCCNCc1c[nH]c2ccc(I)cc12
scent_drd2,best_candidate,75,75,278,4,0.999999463558197,CCCN1CCCC(N(Cc2c[nH]c3cc(Br)ccc23)c2ccc(Br)cc2O)C1,C#Cc1ccc2c(CN(c3ccc(Br)cc3O)C3CCCN(CCC)C3)c[nH]c2c1
scent_drd2,best_candidate,76,76,282,4,0.999999463558197,c1ccc2c(CCNCCN(CC3CCN3)C3CC3)c[nH]c2c1,Fc1cc(N(CCc2c[nH]c3ccccc23)CCN(CC2CCN2)C2CC2)ccn1
scent_drd2,best_candidate,77,77,286,4,0.999999463558197,NCCCN(CCNc1ccc(Br)cc1)C1CCC1,NCCCN(CCN(Cc1c[nH]c2ccc(F)cc12)c1ccc(Br)cc1)C1CCC1
scent_drd2,best_candidate,78,78,290,4,0.9999994039535522,CCCN1CCC(N2CCc3ccc(O)cc3C2c2c[nH]c3cc(Br)ccc23)CC1,CCCN1CCC(N2CCc3ccc(O)cc3C2c2c[nH]c3cc(Cl)ccc23)CC1
scent_drd2,best_candidate,79,79,294,4,0.9999994039535522,O=C(O)CN(c1ccccc1CCNCc1c[nH]c2ccc(Br)cc12)C1CNC1,Brc1ccc2[nH]cc(CNCCc3ccccc3N(CCN3CCCCC3)C3CNC3)c2c1
scent_drd2,best_candidate,80,80,297,3,0.9999994039535522,COc1ccccc1CCNC(CCl)c1ccc(F)cc1N(C)CC(=O)O,COc1ccccc1CCNC(CCl)c1ccc(F)cc1N(C)CCN1CCCCC1
scent_drd2,best_candidate,81,81,300,3,0.9999994039535522,COc1ccccc1CCNCCNCCc1ccc(O)cc1,COc1ccccc1CCNCCN(CCc1ccc(O)cc1)C1CCC1
scent_drd2,best_candidate,82,82,303,3,0.9999994039535522,Oc1ccc2[nH]cc(CCNC3CCN(C(CCl)c4ccc(F)cc4)C3)c2c1,CCCN(CCc1c[nH]c2ccc(O)cc12)C1CCN(C(CCl)c2ccc(F)cc2)C1
scent_drd2,best_candidate,83,83,307,4,0.9999994039535522,CCCNCCCN(CCc1ccccc1Br)Cc1c[nH]c2cc(Br)ccc12,CCCNCCCN(CCc1ccccc1S)Cc1c[nH]c2cc(Br)ccc12
scent_drd2,best_candidate,84,84,310,3,0.9999994039535522,CN(CCN1CCC1C(=O)O)Cc1ccc(F)cc1,CN(CCN1CCC1CNCCc1c[nH]c2ccc(O)cc12)Cc1ccc(F)cc1
scent_drd2,best_candidate,85,85,313,3,0.9999993443489075,Oc1ccc2[nH]cc(CCNCC3CCCN3C(CCl)c3ccc(Br)cc3)c2c1,Oc1ccc2[nH]cc(CCN(CC3CCCN3C(CCl)c3ccc(Br)cc3)C3CNC3)c2c1
scent_drd2,best_candidate,86,86,317,4,0.9999993443489075,Sc1ccc2c(C3c4cccc(Br)c4CCN3C3CCNCC3)c[nH]c2c1,Sc1ccc2c(C3c4cccc(Br)c4CCN3C3CCN(C4CNC4)CC3)c[nH]c2c1
scent_drd2,best_candidate,87,87,321,4,0.9999993443489075,NC(Cc1c[nH]c2ccccc12)CN(CCNC1CC1)c1cc(Br)ccc1O,NC(Cc1c[nH]c2ccccc12)CN(CCN(CCC=O)C1CC1)c1cc(Br)ccc1O
scent_drd2,best_candidate,88,88,325,4,0.9999993443489075,C#CCN(CC(=O)O)c1ccc2c(C3NCCc4c(Br)cccc43)c[nH]c2c1,C#CCN(CCN1CCCCC1)c1ccc2c(C3NCCc4c(Br)cccc43)c[nH]c2c1
scent_drd2,best_candidate,89,89,329,4,0.9999993443489075,Oc1ccccc1N(CCN1CCCCC1)Cc1c[nH]c2cc(Br)ccc12,Oc1ccccc1N(CCN1CCCCC1)Cc1c[nH]c2cc(I)ccc12
scent_drd2,best_candidate,90,90,333,4,0.9999993443489075,NC1(CN(CCNCCc2c[nH]c3ccccc23)c2cccnc2Br)CCC1,CCCN(CCc1c[nH]c2ccccc12)CCN(CC1(N)CCC1)c1cccnc1Br
scent_drd2,best_candidate,91,91,337,4,0.9999993443489075,COc1cccc2c1CCNC2CN1CCC1CNc1ccc(Br)cc1O,COc1cccc2c1CCNC2CN1CCC1CN(c1ccc(Br)cc1O)C(C)CCl
scent_drd2,best_candidate,92,92,341,4,0.9999993443489075,c1ccc2c(CCN(CCNC3CCC3)C3CNC3)c[nH]c2c1,Nc1cc(N(CCN(CCc2c[nH]c3ccccc23)C2CNC2)C2CCC2)ccc1O
scent_drd2,best_candidate,93,93,344,3,0.9999993443489075,Brc1ccc2[nH]cc(CNC(CN3CCCCC3)c3ccccc3)c2c1,Brc1ccc2[nH]cc(CN(CC3CCN3)C(CN3CCCCC3)c3ccccc3)c2c1
scent_drd2,best_candidate,94,94,348,4,0.9999993443489075,CCCN(CCCN)CCNc1cccc(Br)c1O,CCCN(CCCN)CCN(Cc1c[nH]c2cc(Br)ccc12)c1cccc(Br)c1O
scent_drd2,best_candidate,95,95,352,4,0.9999993443489075,COc1cccc2c1CCNC2CCN1CC(NC2CC2)C1,COc1cccc2c1CCNC2CCN1CC(N(Cc2c[nH]c3ccc(Br)cc23)C2CC2)C1
scent_drd2,best_candidate,96,96,355,3,0.9999993443489075,Oc1ccc2c(c1)C(CCNC1CC1)NCC2,Oc1ccc2c(c1)C(CCNC1CC1)N(Cc1c[nH]c3ccc(F)cc13)CC2
scent_drd2,best_candidate,97,97,359,4,0.9999992847442627,Sc1ccccc1N(Cc1c[nH]c2cc(Br)ccc12)CC1CCCN1CC1CCN1,Sc1ccccc1N(Cc1c[nH]c2cc(I)ccc12)CC1CCCN1CC1CCN1
scent_drd2,best_candidate,98,98,362,3,0.9999992847442627,Oc1ccc(CCNC2CN(C3CCCNC3)C2)cc1,Oc1ccc2c(c1)C(c1c[nH]c3ccc(Br)cc13)N(C1CN(C3CCCNC3)C1)CC2
scent_drd2,best_candidate,99,99,366,4,0.9999992847442627,CCC(N)CN(CCNc1cc(Br)cc(C#N)c1)CCc1c[nH]c2ccccc12,CCC(N)CN(CCc1c[nH]c2ccccc12)CCN(c1cc(Br)cc(C#N)c1)C1CCC1
scent_drd2,best_candidate,100,100,369,3,0.9999992847442627,O=CCCN(CCC(=O)O)C(CCl)c1ccc(Br)cc1,O=CCCN(CCCNCCc1c[nH]c2ccc(O)cc12)C(CCl)c1ccc(Br)cc1
scent_drd2,best_candidate,101,101,373,4,0.9999992847442627,CC(O)CN(CCC1NCCc2ccccc21)C1CC1,CC(O)CN(CCC1c2ccccc2CCN1Cc1c[nH]c2ccc(Br)cc12)C1CC1
scent_drd2,best_candidate,102,102,376,3,0.9999992847442627,NCCN1CCCC1CNCCc1ccc(O)cc1,NCCN1CCCC1CN1CCc2ccc(O)cc2C1c1c[nH]c2ccc(Br)cc12
scent_drd2,best_candidate,103,103,379,3,0.9999992847442627,O=C(O)c1ccc(F)cc1,COc1ccccc1CCNCC1CCCN(CCCNCc2ccc(F)cc2)C1
scent_drd2,best_candidate,104,104,382,3,0.9999992251396179,Fc1ccc(C(CCl)N2CCCC2CNCCc2c[nH]c3ccccc23)cc1,O=CCCN(CCc1c[nH]c2ccccc12)CC1CCCN1C(CCl)c1ccc(F)cc1
scent_drd2,best_candidate,105,105,386,4,0.9999992251396179,Brc1ccc(N(Cc2c[nH]c3cc(Br)ccc23)C2CCCN(C3CNC3)C2)cc1,Oc1ccc2c(CN(c3ccc(Br)cc3)C3CCCN(C4CNC4)C3)c[nH]c2c1
scent_drd2,best_candidate,106,106,390,4,0.9999992251396179,O=C1CCN(CC2CCN2)CC1,COc1cccc2c1CCN(C1CCN(CC3CCN3)CC1)C2c1c[nH]c2ccc(I)cc12
scent_drd2,best_candidate,107,107,393,3,0.9999992251396179,NCCN(Cc1ccc(F)cc1)C(Cc1c[nH]c2ccccc12)C(=O)O,NCCN(Cc1ccc(F)cc1)C(Cc1c[nH]c2ccccc12)CN1CCCCC1
scent_drd2,best_candidate,108,108,397,4,0.9999992251396179,O=C1CCN(CCC2c3cccc(Br)c3CCN2Cc2c[nH]c3cc(Br)ccc23)C1,O=C1CCN(CCC2c3cccc(O)c3CCN2Cc2c[nH]c3cc(Br)ccc23)C1
scent_drd2,best_candidate,109,109,401,4,0.9999991655349731,NCCN(CCCNc1ccccc1S)C1CC1,NCCN(CCCN(Cc1c[nH]c2ccc(Br)cc12)c1ccccc1S)C1CC1
scent_drd2,best_candidate,110,110,405,4,0.9999991059303284,CNCCN(CC1CCN1CCN)c1ccc(Br)cc1O,CN(CCN(CC1CCN1CCN)c1ccc(Br)cc1O)Cc1c[nH]c2ccc(Br)cc12
scent_drd2,best_candidate,111,111,409,4,0.9999991059303284,CC(N)CN(c1cccc2c1CCNC2c1c[nH]c2ccc(F)cc12)C1CC1,CCCN1CCc2c(cccc2N(CC(C)N)C2CC2)C1c1c[nH]c2ccc(F)cc12
scent_drd2,best_candidate,112,112,413,4,0.9999991059303284,NCCCN1CC(=O)C1,NCCCN1CC(N2CCc3ccc(O)cc3C2c2c[nH]c3ccc(I)cc23)C1
scent_drd2,best_candidate,113,113,417,4,0.9999990463256836,Brc1ccc(NCCN2CCCC2CNC2CC2)cc1,Brc1ccc(N(CCN2CCCC2CNC2CC2)Cc2c[nH]c3cc(Br)ccc23)cc1
scent_drd2,best_candidate,114,114,419,2,0.9999990463256836,,COc1cccc2c1CCN(C1CCCNC1)C2c1cccc(Br)c1
scent_drd2,best_candidate,115,115,423,4,0.9999990463256836,COc1ccccc1CCNC1CCCN(CCCNCc2c[nH]c3cc(Br)ccc23)C1,COc1ccccc1CCNC1CCCN(CCCNCc2c[nH]c3cc(I)ccc23)C1
scent_drd2,best_candidate,116,116,427,4,0.9999990463256836,C#Cc1ccccc1CCN(CCC)C1CCNC1,C#Cc1ccccc1CCN(CCC)C1CCN(Cc2c[nH]c3ccc(Br)cc23)C1
scent_drd2,best_candidate,117,117,431,4,0.9999990463256836,COc1cccc2c1CCNC2CCN(CC1CCN1)c1cc(Br)ccc1O,COc1cccc2c1CCNC2CCN(CC1CCN1CCBr)c1cc(Br)ccc1O
scent_drd2,best_candidate,118,118,435,4,0.9999990463256836,CC(CN(CC(=O)O)c1cc(F)ccc1O)NCc1c[nH]c2ccccc12,CC(CN(CCN1CCCCC1)c1cc(F)ccc1O)NCc1c[nH]c2ccccc12
scent_drd2,best_candidate,119,119,438,3,0.9999990463256836,CCCN(CC=O)CCc1ccccc1OC,CCCN(CCc1ccccc1OC)CC1NCCc2ccc(O)cc21
scent_drd2,best_candidate,120,120,442,4,0.9999990463256836,NCCN1CCCC(N(CCc2ccc(O)cc2)Cc2c[nH]c3ccc(Br)cc23)C1,NCCN1CCCC(N(CCc2ccc(O)cc2)Cc2c[nH]c3ccc(I)cc23)C1
scent_drd2,best_candidate,121,121,446,4,0.9999989867210388,O=CCCN1CCCC(N2CCc3ccc(O)cc3C2c2c[nH]c3cc(Br)ccc23)C1,O=CCCN1CCCC(N2CCc3ccc(O)cc3C2c2c[nH]c3cc(I)ccc23)C1
scent_drd2,best_candidate,122,122,450,4,0.9999989867210388,CCCN1CC(N(CC2CCCN2)c2ccccc2S)C1,CCCN1CC(N(CC2CCCN2Cc2c[nH]c3ccc(F)cc23)c2ccccc2S)C1
scent_drd2,best_candidate,123,123,454,4,0.9999989867210388,COc1cccc2c1CCNC2CCN(C1CC1)C(CCl)c1ccc(F)cc1F,CCCN1CCc2c(OC)cccc2C1CCN(C1CC1)C(CCl)c1ccc(F)cc1F
scent_drd2,best_candidate,124,124,458,4,0.9999989867210388,O=C(O)CCN(CC1NCCc2ccccc21)c1ccc(Br)cc1O,Oc1cc(Br)ccc1N(CCCN1CCCCC1)CC1NCCc2ccccc21
scent_drd2,best_candidate,125,125,462,4,0.999998927116394,NCCCN(CC1NCCc2ccccc21)C1CC1,Fc1ccc2[nH]cc(CNCCCN(CC3NCCc4ccccc43)C3CC3)c2c1
scent_drd2,best_candidate,126,126,466,4,0.999998927116394,CNCCN(CCCN1CCCCC1)c1cccc(Br)c1O,CN(CCN(CCCN1CCCCC1)c1cccc(Br)c1O)Cc1c[nH]c2ccc(F)cc12
scent_drd2,best_candidate,127,127,469,3,0.999998927116394,COc1ccccc1CCNCC1CCCN1c1ccnc(F)c1,COc1ccccc1CCN(CC1CCCN1c1ccnc(F)c1)C1CNC1
scent_drd2,best_candidate,128,128,472,3,0.999998927116394,NCCN(CCc1ccccc1)C1CCC1,Fc1ccc2[nH]cc(CNCCN(CCc3ccccc3)C3CCC3)c2c1
scent_drd2,best_candidate,129,129,475,3,0.999998927116394,O=CCCN1CCCC1CNCCc1c[nH]c2ccccc12,O=CCCN1CCCC1CN(CCc1c[nH]c2ccccc12)Cc1ccc(F)cc1
scent_drd2,best_candidate,130,130,479,4,0.999998927116394,COc1ccc(O)c(N(CCCN)CCN2CCCCC2)c1,COc1ccc(O)c(N(CCCNCc2c[nH]c3cc(Br)ccc23)CCN2CCCCC2)c1
scent_drd2,best_candidate,131,131,483,4,0.9999988675117493,NCCCN1CC(N(CCc2ccccc2Br)Cc2c[nH]c3ccc(F)cc23)C1,N#Cc1ccccc1CCN(Cc1c[nH]c2ccc(F)cc12)C1CN(CCCN)C1
scent_drd2,best_candidate,132,132,486,3,0.9999988675117493,Brc1cccc2c1CCNC2CCN1CCCCC1,Brc1ccc2[nH]cc(CN3CCc4c(Br)cccc4C3CCN3CCCCC3)c2c1
scent_drd2,best_candidate,133,133,490,4,0.9999988675117493,CCCN(C)CCN(CC1CCCN1)c1cccc2cc[nH]c12,CCCN(C)CCN(CC1CCCN1C(CCl)c1ccc(Br)cc1)c1cccc2cc[nH]c12
scent_drd2,best_candidate,134,134,494,4,0.9999988675117493,COc1ccc(O)c(NCCN(C2CC2)C2CNC2)c1,COc1ccc(O)c(N(CCN(C2CC2)C2CNC2)Cc2c[nH]c3ccc(F)cc23)c1
scent_drd2,best_candidate,135,135,498,4,0.9999988675117493,NCCc1ccccc1N(CCN1CCCCC1)Cc1cccc(Br)c1,CCC1NCCc2c1cccc2N(CCN1CCCCC1)Cc1cccc(Br)c1
scent_drd2,best_candidate,136,136,502,4,0.9999988079071045,O=CCCN(c1ccc(Br)cc1)C1CN(Cc2c[nH]c3cc(Br)ccc23)C1,Brc1ccc(N(CCCN2CCCCC2)C2CN(Cc3c[nH]c4cc(Br)ccc34)C2)cc1
scent_drd2,best_candidate,137,137,506,4,0.9999988079071045,O=C1CCCN(CCN(Cc2c[nH]c3ccccc23)c2cc(Br)ccc2O)C1,Oc1ccc(Br)cc1N(CCN1CCCC(NC2CC2)C1)Cc1c[nH]c2ccccc12
scent_drd2,best_candidate,138,138,510,4,0.9999988079071045,O=CCN(CCNc1cc(Br)ccc1O)C1CC1,COc1cccc2c1CCNC2CN(CCNc1cc(Br)ccc1O)C1CC1
scent_drd2,best_candidate,139,139,514,4,0.9999988079071045,COc1cccc2c1CCNC2CCN(c1cc(Br)ccc1O)C1CNC1,COc1cccc2c1CCN(CCN)C2CCN(c1cc(Br)ccc1O)C1CNC1
scent_drd2,best_candidate,140,140,518,4,0.9999988079071045,NCCc1ccccc1N(CCN1CCCC(O)C1)Cc1c[nH]c2ccc(Br)cc12,CCC1NCCc2c1cccc2N(CCN1CCCC(O)C1)Cc1c[nH]c2ccc(Br)cc12
scent_drd2,best_candidate,141,141,522,4,0.9999988079071045,NCCCN1CCC1CN1CCc2c(Br)cccc2C1c1c[nH]c2cc(Br)ccc12,NCCCN1CCC1CN1CCc2c(O)cccc2C1c1c[nH]c2cc(Br)ccc12
scent_drd2,best_candidate,142,142,525,3,0.9999988079071045,Oc1ccc2[nH]cc(CCNCC3(NC(CCl)c4ccc(Br)cc4)CCC3)c2c1,CCCN(CCc1c[nH]c2ccc(O)cc12)CC1(NC(CCl)c2ccc(Br)cc2)CCC1
scent_drd2,best_candidate,143,143,529,4,0.9999988079071045,CCCN1Cc2ccccc2CC1CN(Cc1c[nH]c2ccc(Br)cc12)C1CC1,CCCN1Cc2ccccc2CC1CN(Cc1c[nH]c2ccc(I)cc12)C1CC1
scent_drd2,best_candidate,144,144,533,4,0.9999988079071045,NCCc1ccccc1N(C1CC1)C1CN(Cc2c[nH]c3cc(Br)ccc23)C1,NCCc1ccccc1N(C1CC1)C1CN(Cc2c[nH]c3cc(Cl)ccc23)C1
scent_drd2,best_candidate,145,145,537,4,0.9999988079071045,Sc1ccccc1N(CC1CCN1)C1CCN(Cc2c[nH]c3cc(Br)ccc23)C1,Sc1ccccc1N(CC1CCN1)C1CCN(Cc2c[nH]c3cc(Cl)ccc23)C1
scent_drd2,best_candidate,146,146,540,3,0.9999988079071045,NCCN(CC(N)Cc1ccc(O)cc1)C1CC1,NCCN(CC1Cc2ccc(O)cc2C(c2c[nH]c3ccc(Br)cc23)N1)C1CC1
scent_drd2,best_candidate,147,147,543,3,0.9999987483024597,NCCC(=O)O,NCCCN(CCc1c[nH]c2ccc(O)cc12)C1CCN(Cc2cccc(Br)c2)CC1
scent_drd2,best_candidate,148,148,546,3,0.9999987483024597,,Brc1ccc2[nH]cc(CN3CCCC3CN(CCc3ccccc3)C3CNC3)c2c1
scent_drd2,best_candidate,149,149,550,4,0.9999987483024597,Oc1ccc(F)cc1NCCN1CCC1CNCCc1c[nH]c2ccccc12,Oc1ccc(F)cc1N(CCN1CCC1CNCCc1c[nH]c2ccccc12)C1CCC1
scent_drd2,best_candidate,150,150,554,4,0.9999987483024597,Nc1c(Br)cccc1N(CCN1CCCC(=O)C1)Cc1c[nH]c2cc(Br)ccc12,C=CCNC1CCCN(CCN(Cc2c[nH]c3cc(Br)ccc23)c2cccc(Br)c2N)C1
scent_drd2,best_candidate,151,151,558,4,0.9999987483024597,CCCN(CCc1ccccc1Br)CCC1NCCc2ccc(O)cc21,CCCN(CCc1ccccc1Cl)CCC1NCCc2ccc(O)cc21
scent_drd2,best_candidate,152,152,559,1,0.9999987483024597,Oc1ccc(CCNC2CN(C3CCCNC3)C2)cc1,Oc1ccc(CCN(Cc2c[nH]c3ccc(F)cc23)C2CN(C3CCCNC3)C2)cc1
scent_drd2,best_candidate,153,153,562,3,0.9999987483024597,Oc1ccccc1N(Cc1c[nH]c2ccc(Br)cc12)C1CCCNC1,Oc1ccccc1N(Cc1c[nH]c2ccc(Br)cc12)C1CCCN(CC2CCN2)C1
scent_drd2,best_candidate,154,154,566,4,0.9999986886978149,COc1ccccc1CCN(CCN1CCCCC1)Cc1c[nH]c2ccc(Br)cc12,COc1ccccc1CCN(CCN1CCCCC1)Cc1c[nH]c2ccc(I)cc12
scent_drd2,best_candidate,155,155,569,3,0.9999986886978149,COc1cccc2c1CCNC2CNc1cc(Br)ccc1O,COc1cccc2c1CCN(C1CNC1)C2CNc1cc(Br)ccc1O
scent_drd2,best_candidate,156,156,573,4,0.9999986886978149,CCC(CN1CCC1CNCCc1ccccc1OC)NCc1c[nH]c2cc(Br)ccc12,CCC(CN1CCC1CNCCc1ccccc1OC)NCc1c[nH]c2cc(Cl)ccc12
scent_drd2,best_candidate,157,157,577,4,0.9999986886978149,C=CCN(CCCNCCc1ccc(O)cc1)C1CNC1,C=CCN(CCCN1CCc2ccc(O)cc2C1c1c[nH]c2cc(Br)ccc12)C1CNC1
scent_drd2,best_candidate,158,158,581,4,0.9999986886978149,NCCCN(CCc1ccccc1)C1CN(Cc2c[nH]c3ccc(Br)cc23)C1,NCCCN(CCc1ccccc1)C1CN(Cc2c[nH]c3ccc(Cl)cc23)C1
scent_drd2,best_candidate,159,159,585,4,0.9999986290931702,COc1cccc2c1CCNC2CCN(CCN)CCO,COc1cccc2c1CCN(C(CCl)c1ccc(Br)cc1)C2CCN(CCN)CCO
scent_drd2,best_candidate,160,160,589,4,0.9999986290931702,N#Cc1ccc(N(CCCN)CCN2CCCCC2)c(N)c1,N#Cc1ccc(N(CCCNCc2c[nH]c3ccc(F)cc23)CCN2CCCCC2)c(N)c1
scent_drd2,best_candidate,161,161,593,4,0.9999986290931702,CCC(N)CNCCCN1CCc2c(Br)cccc2C1c1c[nH]c2ccc(Br)cc12,CCC(N)CNCCCN1CCc2c(O)cccc2C1c1c[nH]c2ccc(Br)cc12
scent_drd2,best_candidate,162,162,596,3,0.9999986290931702,Brc1ccc(NCC2CCCN2CC2CCN2)cc1,Fc1ccc2[nH]cc(CN(CC3CCCN3CC3CCN3)c3ccc(Br)cc3)c2c1
scent_drd2,best_candidate,163,163,600,4,0.9999986290931702,CC(N)CN(CCN1CCCCC1)c1ccc(O)c(N)c1,CC(CN(CCN1CCCCC1)c1ccc(O)c(N)c1)NCc1c[nH]c2ccc(Br)cc12
scent_drd2,best_candidate,164,164,603,3,0.9999986290931702,Oc1ccc(CCNCCCNCCc2c[nH]c3ccccc23)cc1,O=CCCN(CCCNCCc1ccc(O)cc1)CCc1c[nH]c2ccccc12
scent_drd2,best_candidate,165,165,606,3,0.9999985694885254,C=CC1c2cccc(OC)c2CCN1C1CCNC1,C=CC1c2cccc(OC)c2CCN1C1CCN(Cc2c[nH]c3ccc(F)cc23)C1
scent_drd2,best_candidate,166,166,610,4,0.9999985694885254,Oc1cc(Br)ccc1NCc1c[nH]c2ccccc12,CCCN(CCC(N)CN(Cc1c[nH]c2ccccc12)c1ccc(Br)cc1O)C1CC1
scent_drd2,best_candidate,167,167,614,4,0.9999985694885254,NCCN(CCCNC1CCC1)CCc1ccccc1Br,NCCN(CCCN(Cc1c[nH]c2ccc(F)cc12)C1CCC1)CCc1ccccc1Br
scent_drd2,best_candidate,168,168,618,4,0.9999985694885254,NCCCN1CCC(=O)CC1,NCCCN1CCC(N2CCc3c(O)cccc3C2c2c[nH]c3ccc(Br)cc23)CC1
scent_drd2,best_candidate,169,169,621,3,0.9999985098838806,Fc1ccc(CN(CCc2c[nH]c3ccccc23)C2CCCNC2)cc1,CCCN1CCCC(N(CCc2c[nH]c3ccccc23)Cc2ccc(F)cc2)C1
scent_drd2,best_candidate,170,170,624,3,0.9999985098838806,Oc1ccc2[nH]cc(CCNCCCNCCc3ccccc3Br)c2c1,Oc1ccc2[nH]cc(CCNCCCN(CCBr)CCc3ccccc3Br)c2c1
scent_drd2,best_candidate,171,171,628,4,0.9999985098838806,COc1cccc2c1CCNC2CNCCc1ccccc1S,COc1cccc2c1CCNC2CN(CCCN)CCc1ccccc1S
scent_drd2,best_candidate,172,172,631,3,0.9999985098838806,O=CCCN(Cc1c[nH]c2cc(Br)ccc12)C1CCC1,Oc1ccc2c(c1)C(CCN(Cc1c[nH]c3cc(Br)ccc13)C1CCC1)NCC2
scent_drd2,best_candidate,173,173,634,3,0.9999985098838806,NC1(CN2CCCC(Nc3cccc4cc[nH]c34)C2)CCC1,NC1(CN2CCCC(N(c3cccc4cc[nH]c34)C(CCl)c3ccc(F)cc3)C2)CCC1
scent_drd2,best_candidate,174,174,637,3,0.9999985098838806,O=C(O)C1c2ccccc2CCN1Cc1c[nH]c2cc(Br)ccc12,O=C1CCCN(CC2c3ccccc3CCN2Cc2c[nH]c3cc(Br)ccc23)C1
scent_drd2,best_candidate,175,175,641,4,0.9999984502792358,COc1ccccc1CCN(CCC=O)CCNc1cc(Br)ccc1O,COc1ccccc1CCN(CCC=O)CCN(c1cc(Br)ccc1O)C1CCC1
scent_drd2,best_candidate,176,176,645,4,0.9999984502792358,COc1ccccc1CCNC1CCN(CC2CCN2Cc2c[nH]c3cc(Br)ccc23)C1,COc1ccccc1CCNC1CCN(CC2CCN2Cc2c[nH]c3cc(Cl)ccc23)C1
scent_drd2,best_candidate,177,177,648,3,0.9999984502792358,Oc1ccccc1N(CC1CCCN1)C1CCNC1,Oc1ccccc1N(CC1CCCN1)C1CCN(Cc2c[nH]c3ccc(F)cc23)C1
scent_drd2,best_candidate,178,178,651,3,0.9999984502792358,Oc1ccc(CCNCC2CCCN2Cc2c[nH]c3ccc(Br)cc23)cc1,CCC1c2cc(O)ccc2CCN1CC1CCCN1Cc1c[nH]c2ccc(Br)cc12
scent_drd2,best_candidate,179,179,654,3,0.9999983906745911,c1ccc2c(c1)CCNC2CCN1CCCCC1,Fc1ccc(C(CCl)N2CCc3ccccc3C2CCN2CCCCC2)cc1
scent_drd2,best_candidate,180,180,657,3,0.9999983906745911,O=CCN(CCc1ccc(O)cc1)Cc1c[nH]c2ccc(Br)cc12,Oc1ccc(CCN(CCNC2CCC2)Cc2c[nH]c3ccc(Br)cc23)cc1
scent_drd2,best_candidate,181,181,661,4,0.9999983906745911,CCCN(CCCNCc1c[nH]c2ccc(Br)cc12)CCc1ccccc1,CCCN(CCCNCc1c[nH]c2ccc(I)cc12)CCc1ccccc1
scent_drd2,best_candidate,182,182,664,3,0.9999983906745911,C=CCN1C(C(=O)O)Cc2ccccc2C1c1c[nH]c2ccc(F)cc12,C=CCN1C(CN2CCCCC2)Cc2ccccc2C1c1c[nH]c2ccc(F)cc12
scent_drd2,best_candidate,183,183,668,4,0.9999983906745911,Brc1ccc2c(CNCCCN(CC3CCN3)C3CC3)c[nH]c2c1,Fc1ccc(CN(CCCN(CC2CCN2)C2CC2)Cc2c[nH]c3cc(Br)ccc23)cc1
scent_drd2,best_candidate,184,184,672,4,0.9999983906745911,Sc1ccccc1NC1CN(CCCNC2CCC2)C1,Sc1ccccc1N(Cc1c[nH]c2cc(Br)ccc12)C1CN(CCCNC2CCC2)C1
scent_drd2,best_candidate,185,185,676,4,0.9999983906745911,O=CCCN1C(CNC2CC2)Cc2ccc(O)cc2C1c1c[nH]c2cc(Br)ccc12,NCCN(CC1Cc2ccc(O)cc2C(c2c[nH]c3cc(Br)ccc23)N1CCC=O)C1CC1
scent_drd2,best_candidate,186,186,680,4,0.9999983906745911,C=CCN(CCNCCc1c[nH]c2ccc(O)cc12)c1ccc(Br)cc1N,C=CCN(CCN(CCc1c[nH]c2ccc(O)cc12)CC1CCN1)c1ccc(Br)cc1N
scent_drd2,best_candidate,187,187,684,4,0.9999983310699463,COc1cccc(CNCCCN(Cc2c[nH]c3ccc(Br)cc23)C2CNC2)c1,COc1cccc(CNCCCN(Cc2c[nH]c3ccc(I)cc23)C2CNC2)c1
scent_drd2,best_candidate,188,188,688,4,0.9999983310699463,NCCCNCCCN1CCc2ccc(O)cc2C1c1c[nH]c2cc(Br)ccc12,NCCCNCCCN1CCc2ccc(O)cc2C1c1c[nH]c2cc(Cl)ccc12
scent_drd2,best_candidate,189,189,692,4,0.9999983310699463,COc1ccccc1CCNCCC1c2cccc(Br)c2CCN1CCCN,COc1ccccc1CCNCCC1c2cccc(I)c2CCN1CCCN
scent_drd2,best_candidate,190,190,695,3,0.9999983310699463,CCCN1CCCC1C(=O)Oc1ccc(CCN)cc1,CCCN1CCCC1C(=O)Oc1ccc2c(c1)C(c1c[nH]c3ccc(Br)cc13)NCC2
scent_drd2,best_candidate,191,191,699,4,0.9999983310699463,O=CCN(CCc1c[nH]c2ccccc12)CC1(NCc2ccc(F)cc2)CCC1,CCCN(Cc1ccc(F)cc1)C1(CN(CC=O)CCc2c[nH]c3ccccc23)CCC1
scent_drd2,best_candidate,192,192,701,2,0.9999983310699463,CN(CC(=O)O)C1CCC1,CN(CCN1CCc2ccc(O)cc2C1c1c[nH]c2ccc(I)cc12)C1CCC1
scent_drd2,best_candidate,193,193,705,4,0.9999982714653015,NCCN(CC1CCN1CCC=O)c1ccc(Br)cc1,NCCN(CC1CCN1CCCNCCc1c[nH]c2ccc(O)cc12)c1ccc(Br)cc1
scent_drd2,best_candidate,194,194,709,4,0.9999982714653015,N#Cc1cc(Br)cc(NCCN2CCC(NC3CCC3)C2)c1,N#Cc1cc(Br)cc(N(CCN2CCC(NC3CCC3)C2)Cc2c[nH]c3cc(Br)ccc23)c1
scent_drd2,best_candidate,195,195,713,4,0.9999982714653015,CC(N)CN(CCCNc1ccc(Br)cc1)CCc1c[nH]c2ccccc12,CC(N)CN(CCCN(c1ccc(Br)cc1)C1CNC1)CCc1c[nH]c2ccccc12
scent_drd2,best_candidate,196,196,716,3,0.9999982714653015,NCCCN(CCc1c[nH]c2ccccc12)C1CCNCC1,NCCCN(CCc1c[nH]c2ccccc12)C1CCN(Cc2ccc(F)cc2)CC1
scent_drd2,best_candidate,197,197,720,4,0.9999982714653015,CCCNCCN(CC(N)CC)c1ccccc1S,CCCN(CCN(CC(N)CC)c1ccccc1S)Cc1c[nH]c2ccc(Br)cc12
scent_drd2,best_candidate,198,198,724,4,0.9999982714653015,NCCCCN(CCNc1ccccc1O)Cc1c[nH]c2ccc(F)cc12,NCCCCN(CCN(c1ccccc1O)C1CCC1)Cc1c[nH]c2ccc(F)cc12
scent_drd2,best_candidate,199,199,728,4,0.9999982714653015,CCCN(CC1Cc2ccc(O)cc2C(c2c[nH]c3ccc(F)cc23)N1)C1CCC1,CCCN(CC1Cc2ccc(O)cc2C(c2c[nH]c3ccc(F)cc23)N1CCBr)C1CCC1
scent_drd2,best_candidate,200,200,732,4,0.9999982714653015,Oc1ccc2c(c1)C(C1CCCN1CCCNCc1c[nH]c3cc(Br)ccc13)=NCC2,Oc1ccc2c(c1)C(C1CCCN1CCCNCc1c[nH]c3cc(Cl)ccc13)=NCC2
scent_drd2,best_candidate,201,201,736,4,0.9999982118606567,Brc1ccc(N(CC2CCN2)C2CN(Cc3c[nH]c4cc(Br)ccc34)C2)cc1,C#Cc1ccc2c(CN3CC(N(CC4CCN4)c4ccc(Br)cc4)C3)c[nH]c2c1
scent_drd2,best_candidate,202,202,739,3,0.9999982118606567,COc1ccccc1CCNCC1(NCc2c[nH]c3ccc(Br)cc23)CCC1,COc1ccccc1CCN(CC1(NCc2c[nH]c3ccc(Br)cc23)CCC1)C1CNC1
scent_drd2,best_candidate,203,203,743,4,0.9999982118606567,Brc1ccc2[nH]cc(C3NCCc4c(Br)cccc43)c2c1,Brc1ccc2[nH]cc(C3c4cccc(Br)c4CCN3CCCN(CC3CCN3)C3CC3)c2c1
scent_drd2,best_candidate,204,204,747,4,0.9999982118606567,Brc1ccc2c(CN3CCC3CN(CC3Cc4ccccc4CN3)C3CC3)c[nH]c2c1,Clc1ccc2c(CN3CCC3CN(CC3Cc4ccccc4CN3)C3CC3)c[nH]c2c1
scent_drd2,best_candidate,205,205,751,4,0.9999982118606567,COc1ccccc1CCN(Cc1c[nH]c2ccc(Br)cc12)CC(C)NCCC=O,CCCN(CCC=O)C(C)CN(CCc1ccccc1OC)Cc1c[nH]c2ccc(Br)cc12
scent_drd2,best_candidate,206,206,755,4,0.9999982118606567,Oc1ccc(CC(CN2CCCCC2)N(Cc2c[nH]c3cc(Br)ccc23)C2CNC2)cc1,Oc1ccc(CC(CN2CCCCC2)N(Cc2c[nH]c3cc(I)ccc23)C2CNC2)cc1
scent_drd2,best_candidate,207,207,759,4,0.9999982118606567,NCCCCN(CCNc1ccc(Br)cc1)CC1(N)CCC1,NCCCCN(CCN(Cc1c[nH]c2cc(Br)ccc12)c1ccc(Br)cc1)CC1(N)CCC1
scent_drd2,best_candidate,208,208,763,4,0.9999982118606567,Oc1ccccc1N(CCCNCc1c[nH]c2cc(Br)ccc12)C1CNC1,CCCN1CC(N(CCCNCc2c[nH]c3cc(Br)ccc23)c2ccccc2O)C1
scent_drd2,best_candidate,209,209,767,4,0.999998152256012,NC1(CN(CCCNCc2c[nH]c3cc(Br)ccc23)CCc2ccccc2)CCC1,NC1(CN(CCCNCc2c[nH]c3cc(Cl)ccc23)CCc2ccccc2)CCC1
scent_drd2,best_candidate,210,210,771,4,0.999998152256012,Oc1c(Br)cccc1N(CC1CCN1Cc1c[nH]c2ccc(Br)cc12)C1CNC1,Oc1c(Br)cccc1N(CC1CCN1Cc1c[nH]c2ccc(Br)cc12)C1CN(C2CCC2)C1
scent_drd2,best_candidate,211,211,775,4,0.999998152256012,,NCCN(CCc1ccc(O)cc1)CC1CCCN1Cc1c[nH]c2ccc(Cl)cc12
scent_drd2,best_candidate,212,212,779,4,0.999998152256012,CCCN1CCCC(N(CCC=O)c2ccc(Br)cc2)C1,CCCN1CCCC(N(CCC2NCCc3ccc(O)cc32)c2ccc(Br)cc2)C1
scent_drd2,best_candidate,213,213,783,4,0.999998152256012,CCC1c2ccc(OC)c3c2C(CN1c1cc(F)ccc1O)NCC3,CCC1c2ccc(OC)c3c2C(CN1c1cc(F)ccc1O)N(CC1CCN1)CC3
scent_drd2,best_candidate,214,214,786,3,0.999998152256012,,Brc1ccc2c(CN3CCC3CN(CCc3ccccc3Br)C3CCC3)c[nH]c2c1
scent_drd2,best_candidate,215,215,789,3,0.9999980926513672,COc1ccccc1CCNC1CCCN(Cc2c[nH]c3cc(Br)ccc23)C1,COc1ccccc1CCN(C1CNC1)C1CCCN(Cc2c[nH]c3cc(Br)ccc23)C1
scent_drd2,best_candidate,216,216,793,4,0.9999980926513672,O=C1CN(CCN(CC2CCN2)c2ccc(Br)cc2O)C1,O=C1CN(CCN(CC2CCN2Cc2c[nH]c3cc(Br)ccc23)c2ccc(Br)cc2O)C1
scent_drd2,best_candidate,217,217,796,3,0.9999980926513672,NCCc1ccccc1N1CCCC1CN1CCCCC1,Brc1ccc2c(CNCCc3ccccc3N3CCCC3CN3CCCCC3)c[nH]c2c1
scent_drd2,best_candidate,218,218,800,4,0.9999980926513672,Oc1ccc(F)cc1N(CCNCc1c[nH]c2cc(Br)ccc12)C1CCCNC1,CCCN(CCN(c1cc(F)ccc1O)C1CCCNC1)Cc1c[nH]c2cc(Br)ccc12
scent_drd2,best_candidate,219,219,804,4,0.9999980330467224,CNCCN(c1cccc(Br)c1O)C1CCCN(CCCN)C1,CN(CCN(c1cccc(Br)c1O)C1CCCN(CCCN)C1)Cc1c[nH]c2cc(Br)ccc12
scent_drd2,best_candidate,220,220,808,4,0.9999979734420776,Brc1ccc2[nH]cc(CNCCN3CCC3C3=NCCc4ccccc43)c2c1,CCCN(CCN1CCC1C1=NCCc2ccccc21)Cc1c[nH]c2ccc(Br)cc12
scent_drd2,best_candidate,221,221,812,4,0.9999979734420776,CC(CCl)N(CCc1c[nH]c2ccc(O)cc12)CCC1NCCc2c(Br)cccc21,CC(CCl)N(CCc1c[nH]c2ccc(O)cc12)CCC1NCCc2c(Cl)cccc21
scent_drd2,best_candidate,222,222,816,4,0.9999979138374329,O=CCCN(CC1CCN1c1ccnc(F)c1)C1CC1,Oc1ccc2c(c1)C(CCN(CC1CCN1c1ccnc(F)c1)C1CC1)NCC2
scent_drd2,best_candidate,223,223,820,4,0.9999979138374329,COc1cccc2c1CCN(C1CCNC1)C2CCNc1cc(Br)ccc1O,COc1cccc2c1CCN(C1CCNC1)C2CCNc1cc(Cl)ccc1O
scent_drd2,best_candidate,224,224,823,3,0.9999979138374329,O=C(O)C1CN(CCCNCc2c[nH]c3ccc(Br)cc23)C1,Oc1ccc(CCNCC2CN(CCCNCc3c[nH]c4ccc(Br)cc34)C2)cc1
scent_drd2,best_candidate,225,225,826,3,0.9999979138374329,COc1ccccc1CCNCCCNC(CCl)c1ccc(Cl)c(Cl)c1,C=CC1c2cccc(OC)c2CCN1CCCNC(CCl)c1ccc(Cl)c(Cl)c1
scent_drd2,best_candidate,226,226,830,4,0.9999979138374329,CN(CCN(CCc1ccccc1Br)C1CCC1)Cc1c[nH]c2ccc(Br)cc12,CN(CCN(CCc1ccccc1Br)C1CCC1)Cc1c[nH]c2ccc(Cl)cc12
scent_drd2,best_candidate,227,227,834,4,0.9999978542327881,CCCN1CCCC1CN(Cc1c[nH]c2cc(Br)ccc12)c1ccccc1O,CCCN1CCCC1CN(Cc1c[nH]c2cc(Cl)ccc12)c1ccccc1O
scent_drd2,best_candidate,228,228,838,4,0.9999978542327881,O=CCN(CCC1NCCc2ccccc21)C1CC1,Nc1ccc(CN2CCc3ccccc3C2CCN(CC=O)C2CC2)cc1Br
scent_drd2,best_candidate,229,229,842,4,0.9999978542327881,NCCc1ccccc1N(C1CC1)C1CCCN(Cc2c[nH]c3ccc(Br)cc23)C1,NCCc1ccccc1N(C1CC1)C1CCCN(Cc2c[nH]c3ccc(I)cc23)C1
scent_drd2,best_candidate,230,230,846,4,0.9999978542327881,COc1cccc2c1CCNC2CN(CCCN)c1cc(F)ccc1O,COc1cccc2c1CCN(C1CNC1)C2CN(CCCN)c1cc(F)ccc1O
scent_drd2,best_candidate,231,231,850,4,0.9999978542327881,Oc1ccc(F)cc1NCCN1CCC(NCCc2c[nH]c3ccccc23)C1,NCCN(CCN1CCC(NCCc2c[nH]c3ccccc23)C1)c1cc(F)ccc1O
scent_drd2,best_candidate,232,232,854,4,0.9999978542327881,COc1cccc2c1CCNC2CCNCCc1ccccc1N,COc1cccc2c1CCN(CCBr)C2CCNCCc1ccccc1N
scent_drd2,best_candidate,233,233,858,4,0.9999978542327881,COc1cccc2c1CCN(CCCNCc1c[nH]c3ccc(F)cc13)C2C(=O)O,COc1cccc2c1CCN(CCCNCc1c[nH]c3ccc(F)cc13)C2CNC1CC1
scent_drd2,best_candidate,234,234,861,3,0.9999977946281433,CCC1c2cccc(OC)c2CCN1CCC=O,CCC1c2cccc(OC)c2CCN1CCC1NCCc2c(Br)cccc21
scent_drd2,best_candidate,235,235,865,4,0.9999977946281433,COc1cccc2c1CCNC2CCN(C)CCNc1cc(F)ccc1O,COc1cccc2c1CCNC2CCN(C)CCN(c1cc(F)ccc1O)C1CNC1
scent_drd2,best_candidate,236,236,869,4,0.9999977946281433,Sc1ccccc1N(C1CCNC1)C1CCCN(Cc2c[nH]c3cc(Br)ccc23)C1,Sc1ccccc1N(C1CCNC1)C1CCCN(Cc2c[nH]c3cc(I)ccc23)C1
scent_drd2,best_candidate,237,237,873,4,0.9999977946281433,NC(CCN1CCCCC1)CN(Cc1c[nH]c2ccc(Br)cc12)c1ccccc1O,NC(CCN1CCCCC1)CN(Cc1c[nH]c2ccc(Cl)cc12)c1ccccc1O
scent_drd2,best_candidate,238,238,876,3,0.9999977946281433,CCCNC(CC)CNCCc1ccccc1OC,CCCN(Cc1c[nH]c2cc(Br)ccc12)C(CC)CNCCc1ccccc1OC
scent_drd2,best_candidate,239,239,877,1,0.9999977946281433,c1ccc2c(CCNCCN3CCCCC3)c[nH]c2c1,Fc1ccc(C(CCl)N(CCc2c[nH]c3ccccc23)CCN2CCCCC2)cc1
scent_drd2,best_candidate,240,240,881,4,0.9999977946281433,Oc1ccc2[nH]cc(CCNCCCN3CC(NC4CC4)C3)c2c1,Oc1ccc2[nH]cc(CCNCCCN3CC(N(C4CC4)C(CCl)c4ccc(F)cc4)C3)c2c1
scent_drd2,best_candidate,241,241,885,4,0.9999977946281433,CCCN1CC(N2CCC2CNc2ccc(Br)cc2O)C1,CCCN1CC(N2CCC2CN(Cc2c[nH]c3cc(Br)ccc23)c2ccc(Br)cc2O)C1
scent_drd2,best_candidate,242,242,889,4,0.9999977350234985,COc1ccccc1CCN(CCCN)CC(C)NCc1c[nH]c2cc(Br)ccc12,COc1ccccc1CCN(CCCN)CC(C)NCc1c[nH]c2cc(Cl)ccc12
scent_drd2,best_candidate,243,243,892,3,0.9999977350234985,COc1ccccc1CCN(CCN)C1CNC1,COc1ccccc1CCN(CCNCc1ccc(N)c(Br)c1)C1CNC1
scent_drd2,best_candidate,244,244,896,4,0.9999977350234985,Oc1ccc2c(c1)C(CN1CCCC(Nc3ccc(Br)cc3O)C1)NCC2,Oc1ccc2c(c1)C(CN1CCCC(N(CCBr)c3ccc(Br)cc3O)C1)NCC2
scent_drd2,best_candidate,245,245,899,3,0.9999977350234985,CCCNCCCNCCc1ccccc1,CCCNCCCN1CCc2ccccc2C1c1c[nH]c2cc(Br)ccc12
scent_drd2,best_candidate,246,246,903,4,0.9999977350234985,Brc1ccccc1CCNCC1CN(CCNc2cccc3cc[nH]c23)C1,Brc1ccccc1CCNCC1CN(CCN(c2cccc3cc[nH]c23)C2CCC2)C1
scent_drd2,best_candidate,247,247,905,2,0.9999976754188538,NC(Cc1ccc(O)cc1)CN1CCCCC1,Oc1ccc2c(c1)C(c1c[nH]c3cc(Br)ccc13)NC(CN1CCCCC1)C2
scent_drd2,best_candidate,248,248,909,4,0.9999976754188538,CNCCN(CCNc1ccc(Br)cc1O)CCc1ccccc1OC,CNCCN(CCc1ccccc1OC)CCN(c1ccc(Br)cc1O)C(C)CCl
scent_drd2,best_candidate,249,249,912,3,0.9999976754188538,Oc1ccccc1NC1CCCN(CC2CCN2)C1,Oc1ccccc1N(C1CCCN(CC2CCN2)C1)C(CCl)c1ccc(Cl)c(Cl)c1
scent_drd2,best_candidate,250,250,915,3,0.9999976754188538,c1ccc(CCNCC2CCN2CC2CCCN2)cc1,Brc1ccc2[nH]cc(C3c4ccccc4CCN3CC3CCN3CC3CCCN3)c2c1
scent_drd2,best_candidate,251,251,919,4,0.9999976754188538,O=C1CN(CC2CCCN2)C1,Sc1cccc2c1CCN(C1CN(CC3CCCN3)C1)C2c1c[nH]c2ccc(Br)cc12
scent_drd2,best_candidate,252,252,923,4,0.9999976754188538,CN(CCN(Cc1c[nH]c2ccc(F)cc12)c1ccc(Br)cc1O)C1CCNCC1,CN(CCN(Cc1c[nH]c2ccc(F)cc12)c1ccc(Br)cc1O)C1CCN(CCBr)CC1
scent_drd2,best_candidate,253,253,926,3,0.9999976754188538,Sc1ccccc1N(C1CCCNC1)C1CCNC1,Sc1ccccc1N(C1CCCNC1)C1CCN(Cc2c[nH]c3ccc(Br)cc23)C1
scent_drd2,best_candidate,254,254,930,4,0.9999976754188538,NCCN(CCCNc1ccc(Br)cc1O)CC1CCN1,NCCN(CCCN(Cc1c[nH]c2cc(Br)ccc12)c1ccc(Br)cc1O)CC1CCN1
scent_drd2,best_candidate,255,255,934,4,0.9999976754188538,Oc1cc(Br)ccc1NCCN(CCc1c[nH]c2ccccc12)CC1CCCN1,Oc1cc(Br)ccc1N(CCN(CCc1c[nH]c2ccccc12)CC1CCCN1)C1CNC1
scent_drd2,best_candidate,256,256,938,4,0.9999976754188538,Nc1c(Br)cccc1N(CCNCc1c[nH]c2cc(Br)ccc12)CC1(N)CCC1,CCCN(CCN(CC1(N)CCC1)c1cccc(Br)c1N)Cc1c[nH]c2cc(Br)ccc12
scent_drd2,best_candidate,257,257,942,4,0.9999976754188538,O=C(O)C1CCCN1CCN(Cc1ccc(F)cc1)c1cccc2cc[nH]c12,Fc1ccc(CN(CCN2CCCC2CNC2CC2)c2cccc3cc[nH]c23)cc1
scent_drd2,best_candidate,258,258,946,4,0.999997615814209,NCCCN1CCCC(N(Cc2c[nH]c3ccc(Br)cc23)c2ccccc2S)C1,NCCCN1CCCC(N(Cc2c[nH]c3ccc(Cl)cc23)c2ccccc2S)C1
scent_drd2,best_candidate,259,259,950,4,0.999997615814209,COc1ccccc1CNCC1CCN1CC1CCCN1Cc1c[nH]c2ccc(Br)cc12,COc1ccccc1CNCC1CCN1CC1CCCN1Cc1c[nH]c2ccc(Cl)cc12
scent_drd2,best_candidate,260,260,954,4,0.999997615814209,Oc1ccc(CCN(CCNCc2c[nH]c3ccc(Br)cc23)CC2CCCN2)cc1,Oc1ccc(CCN(CCNCc2c[nH]c3ccc(Cl)cc23)CC2CCCN2)cc1
scent_drd2,best_candidate,261,261,957,3,0.999997615814209,c1ccc2c(CCNC3CCN(C4CCC4)C3)c[nH]c2c1,Nc1ccc(CN(CCc2c[nH]c3ccccc23)C2CCN(C3CCC3)C2)cc1Br
scent_drd2,best_candidate,262,262,961,4,0.999997615814209,Oc1cc(Br)ccc1NCC1c2ccccc2CCN1CC1CCCN1,C=CC1c2cccc3c2C(CN1c1ccc(Br)cc1O)N(CC1CCCN1)CC3
scent_drd2,best_candidate,263,263,965,4,0.9999975562095642,COc1ccccc1CCNCCCN(c1ccc(Br)cc1)C1CCNC1,CCC1c2cccc(OC)c2CCN1CCCN(c1ccc(Br)cc1)C1CCNC1
scent_drd2,best_candidate,264,264,969,4,0.9999975562095642,COc1cccc2c1CCN=C2C1CCN1C1CN(Cc2c[nH]c3ccc(Br)cc23)C1,COc1cccc2c1CCN=C2C1CCN1C1CN(Cc2c[nH]c3ccc(Cl)cc23)C1
scent_drd2,best_candidate,265,265,973,4,0.9999975562095642,ClCC(c1ccc(Br)cc1)N(c1cccc2cc[nH]c12)C1CCN(C2CNC2)C1,ClCC(c1ccc(Cl)cc1)N(c1cccc2cc[nH]c12)C1CCN(C2CNC2)C1
scent_drd2,best_candidate,266,266,976,3,0.9999975562095642,NCCCN1CCCC(Nc2ccccc2S)C1,NCCCN1CCCC(N(c2ccccc2S)C(CCl)c2ccc(Br)cc2)C1
scent_drd2,best_candidate,267,267,980,4,0.9999975562095642,CCCN1CC(N(CC=O)c2ccc(Br)cc2O)C1,CCCN1CC(N(CC2NCCc3c(Br)cccc32)c2ccc(Br)cc2O)C1
scent_drd2,best_candidate,268,268,983,3,0.9999974966049194,NC(CCNc1ccccc1S)CN1CCCCC1,NC(CCN(Cc1c[nH]c2cc(Br)ccc12)c1ccccc1S)CN1CCCCC1
scent_drd2,best_candidate,269,269,987,4,0.9999974966049194,CNCCN1CCC1CN1CCc2ccc(O)cc2C1c1c[nH]c2cc(Br)ccc12,CNCCN1CCC1CN1CCc2ccc(O)cc2C1c1c[nH]c2cc(I)ccc12
scent_drd2,best_candidate,270,270,991,4,0.9999974370002747,Oc1ccc2c(c1)C(CCN(CCBr)C1CCC1)NCC2,Oc1ccc2c(c1)C(CCN(CCBr)C1CCC1)N(Cc1cccc(Br)c1)CC2
scent_drd2,best_candidate,271,271,995,4,0.9999974370002747,NCCCN1CCC(N(CCc2c[nH]c3ccc(O)cc23)C(CCl)c2ccc(Br)cc2)C1,NCCCN1CCC(N(CCc2c[nH]c3ccc(O)cc23)C(CCl)c2ccc(Cl)cc2)C1
scent_drd2,best_candidate,272,272,999,4,0.9999974370002747,Oc1ccc(CCNC2CCN(CCCNCc3c[nH]c4cc(Br)ccc34)CC2)cc1,Oc1ccc(CCNC2CCN(CCCNCc3c[nH]c4cc(I)ccc34)CC2)cc1
scent_drd2,best_candidate,273,273,1003,4,0.9999974370002747,CN(CCN1CCC(=O)C1)c1ccccc1CCNC1CCC1,CN(CCN1CCC(=O)C1)c1cccc2c1CCN(C1CCC1)C2c1c[nH]c2ccc(F)cc12
scent_drd2,best_candidate,274,274,1007,4,0.9999974370002747,CC(CNCCc1ccccc1)N(CCC=O)Cc1c[nH]c2cc(Br)ccc12,CCC1c2ccccc2CCN1CC(C)N(CCC=O)Cc1c[nH]c2cc(Br)ccc12
scent_drd2,best_candidate,275,275,1011,4,0.9999973773956299,Fc1ccc(CNc2cccc3cc[nH]c23)cc1,CCCN(CCCN)CCN(Cc1ccc(F)cc1)c1cccc2cc[nH]c12
scent_drd2,best_candidate,276,276,1014,3,0.9999973773956299,NC(Cc1c[nH]c2ccccc12)CN(c1cc(Br)ccc1O)C1CCCNC1,CCCN1CCCC(N(CC(N)Cc2c[nH]c3ccccc23)c2cc(Br)ccc2O)C1
scent_drd2,best_candidate,277,277,1017,3,0.9999973773956299,COc1cccc2c1CCNC2CCNCCCCN,COc1cccc2c1CCNC2CCN(CCCCN)Cc1c[nH]c2cc(Br)ccc12
scent_drd2,best_candidate,278,278,1021,4,0.9999973773956299,COc1ccc(O)c(N(CCC=O)CCN2CCCCC2)c1,COc1ccc(O)c(N(CCC2NCCc3c(Br)cccc32)CCN2CCCCC2)c1
scent_drd2,best_candidate,279,279,1023,2,0.9999973177909851,COc1ccc(O)c(Nc2ccccc2CCN)c1,CCCN(CCN(c1cc(OC)ccc1O)c1ccccc1CCN)C1CC1
scent_drd2,best_candidate,280,280,1027,4,0.9999973177909851,CC(N)CN(c1ccccc1O)C1CN(C2CCC2)C1,CC(CN(c1ccccc1O)C1CN(C2CCC2)C1)NCc1c[nH]c2cc(Br)ccc12
scent_drd2,best_candidate,281,281,1031,4,0.9999973177909851,C=CCN(CCC1NCCc2ccc(O)cc21)C1CC1,C=CCN(CCC1c2cc(O)ccc2CCN1C(CCl)c1ccc(Br)cc1)C1CC1
scent_drd2,best_candidate,282,282,1035,4,0.9999972581863403,CCCN(CCC(N)CNCc1ccccc1OC)C1CC1,CCCN(CCC(N)CN(Cc1ccccc1OC)Cc1c[nH]c2ccc(F)cc12)C1CC1
scent_drd2,best_candidate,283,283,1039,4,0.9999972581863403,NCCCN(CC1Cc2ccccc2C(c2c[nH]c3cc(Br)ccc23)N1)C1CC1,NCCCN(CC1Cc2ccccc2C(c2c[nH]c3cc(O)ccc23)N1)C1CC1
scent_drd2,best_candidate,284,284,1042,3,0.9999972581863403,Oc1ccccc1NCCN1CCCCC1,NC(Cc1c[nH]c2ccccc12)CN(CCN1CCCCC1)c1ccccc1O
scent_drd2,best_candidate,285,285,1046,4,0.9999972581863403,Oc1ccc2[nH]cc(CCNCC3CCN3CC3CCCN3Cc3cccc(Br)c3)c2c1,Oc1ccc2[nH]cc(CCNCC3CCN3CC3CCCN3Cc3cccc(Cl)c3)c2c1
scent_drd2,best_candidate,286,286,1049,3,0.9999972581863403,COc1ccccc1CCNCC(N)CCN1CCCCC1,COc1ccccc1CCNCC(CCN1CCCCC1)NCc1c[nH]c2ccc(F)cc12
scent_drd2,best_candidate,287,287,1053,4,0.9999971985816956,NCCc1ccccc1N(CCN1CCCCC1)Cc1c[nH]c2cc(Br)ccc12,O=CC1=NCCc2c1cccc2N(CCN1CCCCC1)Cc1c[nH]c2cc(Br)ccc12
scent_drd2,best_candidate,288,288,1057,4,0.9999971985816956,C#CCNC1CCN(CCNc2ccccc2O)C1,C#CCNC1CCN(CCN(Cc2c[nH]c3ccc(F)cc23)c2ccccc2O)C1
scent_drd2,best_candidate,289,289,1061,4,0.9999971389770508,Brc1ccc(N(CC2CCN2Cc2c[nH]c3cc(Br)ccc23)C2CNC2)cc1,CCC(N)CN1CC(N(CC2CCN2Cc2c[nH]c3cc(Br)ccc23)c2ccc(Br)cc2)C1
scent_drd2,best_candidate,290,290,1065,4,0.9999971389770508,CCC1c2cc(O)ccc2CCN1CC(C)NCc1c[nH]c2ccc(F)cc12,CCCN(Cc1c[nH]c2ccc(F)cc12)C(C)CN1CCc2ccc(O)cc2C1CC
scent_drd2,best_candidate,291,291,1069,4,0.9999971389770508,COc1cccc2c1CCNC2CN1CCCC1CNc1cc(F)c(F)cc1O,C=CCN(CC1CCCN1CC1NCCc2c(OC)cccc21)c1cc(F)c(F)cc1O
scent_drd2,best_candidate,292,292,1073,4,0.9999971389770508,CN(CCN(c1cccc2cc[nH]c12)C1CNC1)Cc1ccc(F)cc1,CN(CCN(c1cccc2cc[nH]c12)C1CN(C2CNC2)C1)Cc1ccc(F)cc1
scent_drd2,best_candidate,293,293,1077,4,0.9999971389770508,O=CCN1CC(N(C2CC2)C(CCl)c2ccc(F)cc2)C1,COc1cccc2c1CCNC2CN1CC(N(C2CC2)C(CCl)c2ccc(F)cc2)C1
scent_drd2,best_candidate,294,294,1081,4,0.9999971389770508,CCCN(CCN1CCCCC1)c1cc(F)ccc1C(=O)CCl,CCCN(CCN1CCCCC1)c1cc(F)ccc1C(CCl)NCc1cccc(OC)c1
scent_drd2,best_candidate,295,295,1084,3,0.9999971389770508,COc1ccccc1CCN(CC(C)N)CC1CCCN1,COc1ccccc1CCN(CC(C)N)CC1CCCN1Cc1c[nH]c2ccc(F)cc12
scent_drd2,best_candidate,296,296,1087,3,0.999997079372406,NC(CCCNC(CCl)c1ccc(F)cc1)CNCCc1c[nH]c2ccc(O)cc12,CCCN(CCc1c[nH]c2ccc(O)cc12)CC(N)CCCNC(CCl)c1ccc(F)cc1
scent_drd2,best_candidate,297,297,1091,4,0.999997079372406,CC(N)CN(CCN)CCc1ccccc1NC1CC1,CC(N)CN(CCN)CCc1ccccc1N(Cc1c[nH]c2ccc(F)cc12)C1CC1
scent_drd2,best_candidate,298,298,1095,4,0.9999970197677612,Brc1ccc2c(C3c4cccc(Br)c4CCN3CCNC3CCC3)c[nH]c2c1,Brc1ccc2c(C3c4cccc(Br)c4CCN3CCN(C3CCC3)C3CNC3)c[nH]c2c1
scent_drd2,best_candidate,299,299,1098,3,0.9999970197677612,O=CCN(CCc1c[nH]c2ccccc12)C1CCC1,Brc1cccc2c1CCNC2CN(CCc1c[nH]c2ccccc12)C1CCC1
scent_drd2,best_candidate,300,300,1102,4,0.9999970197677612,Brc1ccc2[nH]cc(CN(CCc3ccccc3Br)C3CCN(C4CCNC4)C3)c2c1,Oc1ccccc1CCN(Cc1c[nH]c2ccc(Br)cc12)C1CCN(C2CCNC2)C1
scent_drd2,hub_batching,1,1,21,1,0.7419177293777466,O=C(O)c1ccc(F)cc1,O=C(NC(CCNCCc1c[nH]c2ccc(O)cc12)C(=O)O)c1ccc(F)cc1
scent_drd2,hub_batching,2,2,22,1,0.5846131443977356,O=CC(=O)O,NC(CCN(CCc1c[nH]c2ccc(O)cc12)CC(=O)O)C(=O)O
scent_drd2,hub_batching,3,3,23,1,0.9602156281471252,O=Cc1c[nH]c2ccc(Br)cc12,O=C(O)C(Cc1ccccc1)NCC1CN(Cc2c[nH]c3ccc(Br)cc23)C1
scent_drd2,hub_batching,4,4,24,1,0.8964805603027344,O=Cc1c[nH]c2ccc(Br)cc12,O=C(O)C(Cc1ccccc1)N(Cc1c[nH]c2ccc(Br)cc12)CC1CNC1
scent_drd2,hub_batching,5,5,25,1,0.7037776112556458,O=Cc1c[nH]c2ccc(Br)cc12,Oc1ccc(CCNCc2c[nH]c3ccc(Br)cc23)cc1
scent_drd2,hub_batching,6,6,26,1,0.7003074884414673,O=Cc1c[nH]c2ccc(Br)cc12,O=C(O)C(CCCN1CCCCC1)NCc1c[nH]c2ccc(Br)cc12
scent_drd2,hub_batching,7,7,27,1,0.5510835647583008,O=Cc1c[nH]c2ccc(Br)cc12,Nc1cc(C(=O)O)ccc1N(Cc1c[nH]c2ccc(Br)cc12)C1CNC1
scent_drd2,hub_batching,8,8,29,2,0.9999963045120239,O=C1CN(CC2CCCN2)C1,N#Cc1cccc(C(CBr)N(c2ccc(Br)cc2O)C2CN(CC3CCCN3)C2)c1
scent_drd2,hub_batching,9,9,30,1,0.9971621632575989,O=C1CN(CC2CCCN2)C1,COc1ccccc1CCN(c1ccnc(F)c1)C1CN(CC2CCCN2)C1
scent_drd2,hub_batching,10,10,31,1,0.9951410293579102,O=C1CN(CC2CCCN2)C1,CC(c1ccccc1)N(Cc1c[nH]c2cc(Br)ccc12)C1CN(CC2CCCN2)C1
scent_drd2,hub_batching,11,11,32,1,0.9922592639923096,O=C1CN(CC2CCCN2)C1,O=C(CCl)c1ccc(F)cc1N(C1CN(CC2CCCN2)C1)C(Cc1c[nH]c2ccccc12)C(=O)O
scent_drd2,hub_batching,12,12,33,1,0.9705697298049927,O=C1CN(CC2CCCN2)C1,Oc1ccc2[nH]cc(CCNC3CN(CC4CCCN4)C3)c2c1
scent_drd2,hub_batching,13,13,34,1,0.958460807800293,O=C1CN(CC2CCCN2)C1,O=C1CN(CC2CCCN2C(CCl)c2ccc(F)cc2NC(Cc2c[nH]c3ccccc23)C(=O)O)C1
scent_drd2,hub_batching,14,14,35,1,0.9453402161598206,O=C1CN(CC2CCCN2)C1,O=C1CN(CC2CCCN2c2cc(NCCc3c[nH]c4ccccc34)ccn2)C1
scent_drd2,hub_batching,15,15,36,1,0.9125808477401733,O=C1CN(CC2CCCN2)C1,CC(NCc1c[nH]c2cc(N3CCCC3CN3CC(=O)C3)ccc12)c1ccccc1
scent_drd2,hub_batching,16,16,37,1,0.8195470571517944,O=C1CN(CC2CCCN2)C1,Oc1cccc(CNC2CN(CC3CCCN3)C2)c1
scent_drd2,hub_batching,17,17,38,1,0.7383030652999878,O=C1CN(CC2CCCN2)C1,O=C1CN(CC2CCCN2C(=O)C(NCc2c[nH]c3cc(Br)ccc23)c2ccccc2)C1
scent_drd2,hub_batching,18,18,39,1,0.6962937116622925,O=C1CN(CC2CCCN2)C1,COc1ccccc1CCNC1CN(CC2CCCN2)C1
scent_drd2,hub_batching,19,19,40,1,0.6898754239082336,O=C1CN(CC2CCCN2)C1,N#Cc1ccc(O)c(NC2CN(CC3CCCN3)C2)c1
scent_drd2,hub_batching,20,20,41,1,0.6565935015678406,O=C1CN(CC2CCCN2)C1,N#Cc1cccc(C(CBr)Nc2ccc(N3CCCC3CN3CC(=O)C3)cc2O)c1
scent_drd2,hub_batching,21,21,42,1,0.6522635221481323,O=C1CN(CC2CCCN2)C1,O=C(O)C(Cc1ccc(O)cc1)NC1CN(CC2CCCN2)C1
scent_drd2,hub_batching,22,22,43,1,0.6373504996299744,O=C1CN(CC2CCCN2)C1,c1ccc2c(CNC3CN(CC4CCCN4)C3)c[nH]c2c1
scent_drd2,hub_batching,23,23,44,1,0.6172963976860046,O=C1CN(CC2CCCN2)C1,c1cc(NC2CN(CC3CCCN3)C2)c2[nH]ccc2c1
scent_drd2,hub_batching,24,24,45,1,0.5748738050460815,O=C1CN(CC2CCCN2)C1,NC(CCNCCc1c[nH]c2ccc(O)cc12)C(=O)N1CCCC1CN1CC(=O)C1
scent_drd2,hub_batching,25,25,46,1,0.533783495426178,O=C1CN(CC2CCCN2)C1,Cc1cc(Br)cnc1NC1CN(CC2CCCN2)C1
scent_drd2,hub_batching,26,26,47,1,0.5,O=C1CN(CC2CCCN2)C1,N#Cc1ccc2[nH]cc(CN3CCCC3CN3CC(=O)C3)c2c1
scent_drd2,hub_batching,27,27,49,2,0.9824069738388062,CN(CC(=O)O)C1CCNCC1,CN(CC(=O)N(CCc1c[nH]c2ccccc12)c1ccnc(F)c1)C1CCNCC1
scent_drd2,hub_batching,28,28,50,1,0.9578322768211365,CN(CC(=O)O)C1CCNCC1,CC(c1ccccc1)N(Cc1c[nH]c2cc(Br)ccc12)C(=O)CN(C)C1CCNCC1
scent_drd2,hub_batching,29,29,51,1,0.9454740881919861,CN(CC(=O)O)C1CCNCC1,CN(CC(=O)N(c1ccc(Br)cc1O)C(CBr)c1cccc(C#N)c1)C1CCNCC1
scent_drd2,hub_batching,30,30,52,1,0.9372038841247559,CN(CC(=O)O)C1CCNCC1,CN(CC(=O)NCCc1c[nH]c2ccc(O)cc12)C1CCNCC1
scent_drd2,hub_batching,31,31,53,1,0.9084816575050354,CN(CC(=O)O)C1CCNCC1,CN(CC(=O)N(c1cccnc1F)C(Cc1c[nH]c2ccccc12)C(=O)O)C1CCNCC1
scent_drd2,hub_batching,32,32,54,1,0.5,CN(CC(=O)O)C1CCNCC1,CN(CC(=O)O)C1CCN(Cc2c[nH]c3ccc(C#N)cc23)CC1
scent_drd2,hub_batching,33,33,56,2,0.9868123531341553,O=CCCNCCO,OCCNCCCNCCc1c[nH]c2ccc(O)cc12
scent_drd2,hub_batching,34,34,57,1,0.982886552810669,O=CCCNCCO,CC(c1ccccc1)N(CCCNCCO)Cc1c[nH]c2cc(Br)ccc12
scent_drd2,hub_batching,35,35,58,1,0.924809992313385,O=CCCNCCO,N#Cc1cccc(C(CBr)N(CCCNCCO)c2ccc(Br)cc2O)c1
scent_drd2,hub_batching,36,36,59,1,0.8693659901618958,O=CCCNCCO,OCCNCCCNCCc1ccc(O)cc1
scent_drd2,hub_batching,37,37,60,1,0.8490805625915527,O=CCCNCCO,OCCNCCCN(CCc1c[nH]c2ccccc12)c1ccnc(F)c1
scent_drd2,hub_batching,38,38,61,1,0.7798874378204346,O=CCCNCCO,OCCNCCCNCc1cccc(O)c1
scent_drd2,hub_batching,39,39,62,1,0.7086009979248047,O=CCCNCCO,O=CCCN(CCO)C(CCl)c1ccc(F)cc1NC(Cc1c[nH]c2ccccc12)C(=O)O
scent_drd2,hub_batching,40,40,63,1,0.5873598456382751,O=CCCNCCO,OCCNCCCNCc1ccccc1O
scent_drd2,hub_batching,41,41,64,1,0.5133349299430847,O=CCCNCCO,O=C(O)C(Cc1c[nH]c2ccccc12)N(CCCNCCO)c1cccnc1F
scent_drd2,hub_batching,42,42,66,2,0.9968706369400024,CNCCN1CCCC(=O)C1,CNCCN1CCCC(N(CCc2c[nH]c3ccccc23)c2ccnc(F)c2)C1
scent_drd2,hub_batching,43,43,67,1,0.9883383512496948,CNCCN1CCCC(=O)C1,CNCCN1CCCC(N(Cc2c[nH]c3cc(Br)ccc23)C(C(=O)O)c2ccccc2)C1
scent_drd2,hub_batching,44,44,68,1,0.9866582751274109,CNCCN1CCCC(=O)C1,CC(NCc1c[nH]c2cc(N(C)CCN3CCCC(=O)C3)ccc12)c1ccccc1
scent_drd2,hub_batching,45,45,69,1,0.9822466373443604,CNCCN1CCCC(=O)C1,CNCCN1CCCC(N(c2cccnc2F)C(Cc2c[nH]c3ccccc23)C(=O)O)C1
scent_drd2,hub_batching,46,46,70,1,0.9290487766265869,CNCCN1CCCC(=O)C1,COc1ccccc1CCNc1ccnc(N(C)CCN2CCCC(=O)C2)c1
scent_drd2,hub_batching,47,47,71,1,0.9241617918014526,CNCCN1CCCC(=O)C1,CN(CCN1CCCC(=O)C1)c1ccc(C(=O)CCl)c(NC(Cc2c[nH]c3ccccc23)C(=O)O)c1
scent_drd2,hub_batching,48,48,72,1,0.9229599237442017,CNCCN1CCCC(=O)C1,CNCCN1CCCC(NCCc2ccc(O)cc2)C1
scent_drd2,hub_batching,49,49,73,1,0.8909057378768921,CNCCN1CCCC(=O)C1,CNCCN1CCCC(NCCc2c[nH]c3ccccc23)C1
scent_drd2,hub_batching,50,50,74,1,0.8835681676864624,CNCCN1CCCC(=O)C1,CNCCN1CCCC(N(CCc2c[nH]c3ccc(O)cc23)CCC(N)C(=O)O)C1
scent_drd2,hub_batching,51,51,75,1,0.8610395193099976,CNCCN1CCCC(=O)C1,CN(CCN1CCCC(=O)C1)c1ccc(NC(CBr)c2cccc(C#N)c2)c(O)c1
scent_drd2,hub_batching,52,52,76,1,0.6141272187232971,CNCCN1CCCC(=O)C1,CNCCN1CCCC(NCc2cccc(OC)c2)C1
scent_drd2,hub_batching,53,53,77,1,0.6016444563865662,CNCCN1CCCC(=O)C1,CN(CCN1CCCC(=O)C1)C(=O)NCCc1c[nH]c2ccc(O)cc12
scent_drd2,hub_batching,54,54,79,2,0.9573633074760437,NCCCN1CCC(=O)CC1,NCCCN1CCC(NCCc2ccc(O)cc2)CC1
scent_drd2,hub_batching,55,55,80,1,0.9560026526451111,NCCCN1CCC(=O)CC1,CC(NCc1c[nH]c2cc(NCCCN3CCC(=O)CC3)ccc12)c1ccccc1
scent_drd2,hub_batching,56,56,81,1,0.9447462558746338,NCCCN1CCC(=O)CC1,O=C1CCN(CCCNc2cc(NCCc3c[nH]c4ccccc34)ccn2)CC1
scent_drd2,hub_batching,57,57,82,1,0.9081445336341858,NCCCN1CCC(=O)CC1,NCCCN1CCC(NCc2cccc(O)c2)CC1
scent_drd2,hub_batching,58,58,83,1,0.8599216938018799,NCCCN1CCC(=O)CC1,COc1ccccc1CCNC1CCN(CCCN)CC1
scent_drd2,hub_batching,59,59,84,1,0.8549542427062988,NCCCN1CCC(=O)CC1,N#Cc1ccc2[nH]cc(CNCCCN3CCC(=O)CC3)c2c1
scent_drd2,hub_batching,60,60,85,1,0.834560751914978,NCCCN1CCC(=O)CC1,O=C1CCN(CCCNC(=O)C(NCc2c[nH]c3cc(Br)ccc23)c2ccccc2)CC1
scent_drd2,hub_batching,61,61,86,1,0.8280360698699951,NCCCN1CCC(=O)CC1,N#Cc1ccc(O)c(NC2CCN(CCCN)CC2)c1
scent_drd2,hub_batching,62,62,87,1,0.806069552898407,NCCCN1CCC(=O)CC1,NCCCN1CCC(NC(Cc2ccc(O)cc2)C(=O)O)CC1
scent_drd2,hub_batching,63,63,88,1,0.7907921075820923,NCCCN1CCC(=O)CC1,N#Cc1cccc(C(CBr)Nc2ccc(NCCCN3CCC(=O)CC3)cc2O)c1
scent_drd2,hub_batching,64,64,89,1,0.7384711503982544,NCCCN1CCC(=O)CC1,O=C1CCN(CCCNc2ncccc2NC(Cc2c[nH]c3ccccc23)C(=O)O)CC1
scent_drd2,hub_batching,65,65,90,1,0.7257061004638672,NCCCN1CCC(=O)CC1,N#Cc1cc(Br)cc(NC2CCN(CCCN)CC2)c1
scent_drd2,hub_batching,66,66,91,1,0.7074422836303711,NCCCN1CCC(=O)CC1,NCCCN1CCC(NCc2c[nH]c3ccccc23)CC1
scent_drd2,hub_batching,67,67,92,1,0.7061530947685242,NCCCN1CCC(=O)CC1,O=C1CCN(CCCNC(=O)C(Cc2c[nH]c3ccccc23)Nc2cc(F)ccc2C(=O)CCl)CC1
scent_drd2,hub_batching,68,68,93,1,0.6836399435997009,NCCCN1CCC(=O)CC1,CC(NC1CCN(CCCN)CC1)c1ccccc1
scent_drd2,hub_batching,69,69,94,1,0.6737784147262573,NCCCN1CCC(=O)CC1,O=C1CCN(CCCNC(CBr)c2ccc(O)cc2)CC1
scent_drd2,hub_batching,70,70,95,1,0.6619068384170532,NCCCN1CCC(=O)CC1,NCCCN1CCC(Nc2ccccc2-n2cccc2)CC1
scent_drd2,hub_batching,71,71,96,1,0.6521398425102234,NCCCN1CCC(=O)CC1,Cc1cc(Br)cnc1NC1CCN(CCCN)CC1
scent_drd2,hub_batching,72,72,97,1,0.6465713977813721,NCCCN1CCC(=O)CC1,COc1cc(C(F)(F)F)ccc1CNCCCN1CCC(=O)CC1
scent_drd2,hub_batching,73,73,98,1,0.6447383761405945,NCCCN1CCC(=O)CC1,NCCCN1CCC(Nc2cccc3cc[nH]c23)CC1
scent_drd2,hub_batching,74,74,99,1,0.6445890069007874,NCCCN1CCC(=O)CC1,O=C1CCN(CCCNC(=O)NCCc2c[nH]c3ccc(O)cc23)CC1
scent_drd2,hub_batching,75,75,100,1,0.6355282068252563,NCCCN1CCC(=O)CC1,NCCCN1CCC(Nc2ccnc3ccccc23)CC1
scent_drd2,hub_batching,76,76,101,1,0.6168581247329712,NCCCN1CCC(=O)CC1,O=C1CCN(CCCNC(CCl)c2ccc(Cl)c(Cl)c2)CC1
scent_drd2,hub_batching,77,77,102,1,0.5762553215026855,NCCCN1CCC(=O)CC1,Nc1ccc(C(=O)NCCCN2CCC(=O)CC2)cc1Br
scent_drd2,hub_batching,78,78,103,1,0.5713533759117126,NCCCN1CCC(=O)CC1,O=C1CCN(CCCNC(CCl)c2ccc(F)cc2N2CCC2C(=O)O)CC1
scent_drd2,hub_batching,79,79,104,1,0.5397422909736633,NCCCN1CCC(=O)CC1,NCCc1ccccc1NCCCN1CCC(=O)CC1
scent_drd2,hub_batching,80,80,105,1,0.5240257978439331,NCCCN1CCC(=O)CC1,O=C1CCN(CCCNCc2cccnc2Br)CC1
scent_drd2,hub_batching,81,81,106,1,0.5112218260765076,NCCCN1CCC(=O)CC1,NCCCN1CCC(N2Cc3ccccc3CC2C(=O)O)CC1
scent_drd2,hub_batching,82,82,107,1,0.5,NCCCN1CCC(=O)CC1,NCCCN1CCC(Nc2c(N)cccc2Br)CC1
scent_drd2,hub_batching,83,83,109,2,0.9999886155128479,Oc1cc(Br)ccc1NCc1c[nH]c2ccccc12,NC(CCCN1CCCCC1)C(=O)N(Cc1c[nH]c2ccccc12)c1ccc(Br)cc1O
scent_drd2,hub_batching,84,84,110,1,0.9962183237075806,Oc1cc(Br)ccc1NCc1c[nH]c2ccccc12,OCC1CCCN1CCCN(Cc1c[nH]c2ccccc12)c1ccc(Br)cc1O
scent_drd2,hub_batching,85,85,111,1,0.9519407153129578,Oc1cc(Br)ccc1NCc1c[nH]c2ccccc12,NCCN1CCN(c2ccc(NCc3c[nH]c4ccccc34)c(O)c2)CC1
scent_drd2,hub_batching,86,86,112,1,0.9157271385192871,Oc1cc(Br)ccc1NCc1c[nH]c2ccccc12,Oc1cc(Br)ccc1N(Cc1c[nH]c2ccccc12)C1CCCNC1
scent_drd2,hub_batching,87,87,113,1,0.7295274138450623,Oc1cc(Br)ccc1NCc1c[nH]c2ccccc12,O=C(O)C(CCCN1CCCCC1)Nc1ccc(NCc2c[nH]c3ccccc23)c(O)c1
scent_drd2,hub_batching,88,88,115,2,0.8222854733467102,NCCCN1CC(=O)C1,COc1ccccc1CCNc1ccnc(NCCCN2CC(=O)C2)c1
scent_drd2,hub_batching,89,89,116,1,0.723312258720398,NCCCN1CC(=O)C1,NCCCN1CC(NCc2ccc(O)cc2)C1
scent_drd2,hub_batching,90,90,117,1,0.5088251233100891,NCCCN1CC(=O)C1,NCCCN1CC(NCCc2ccccc2)C1
scent_drd2,hub_batching,91,91,118,1,0.8642887473106384,C=CC=O,C=CCNCCc1c[nH]c2ccccc12
scent_drd2,hub_batching,92,92,119,1,0.8368746042251587,C=CC=O,C=CCNCCc1ccc(O)cc1
scent_drd2,hub_batching,93,93,121,2,0.9718352556228638,O=C1CCN(CC2CCN2)CC1,COc1ccccc1CCNc1ccnc(N2CCC2CN2CCC(=O)CC2)c1
scent_drd2,hub_batching,94,94,122,1,0.9269879460334778,O=C1CCN(CC2CCN2)CC1,Oc1ccc(CNC2CCN(CC3CCN3)CC2)cc1
scent_drd2,hub_batching,95,95,123,1,0.8285423517227173,O=C1CCN(CC2CCN2)CC1,Oc1ccc(Br)cc1NC1CCN(CC2CCN2)CC1
scent_drd2,hub_batching,96,96,124,1,0.8189346790313721,O=C1CCN(CC2CCN2)CC1,Brc1ccccc1CCNC1CCN(CC2CCN2)CC1
scent_drd2,hub_batching,97,97,125,1,0.8183708190917969,O=C1CCN(CC2CCN2)CC1,O=C1CCN(CC2CCN2C(=O)C(Cc2c[nH]c3ccccc23)Nc2cccnc2F)CC1
scent_drd2,hub_batching,98,98,126,1,0.807695746421814,O=C1CCN(CC2CCN2)CC1,N#Cc1ccc(N)c(NC2CCN(CC3CCN3)CC2)c1
scent_drd2,hub_batching,99,99,127,1,0.8045880794525146,O=C1CCN(CC2CCN2)CC1,O=C(O)C(Cc1c[nH]c2ccccc12)NC1CCN(CC2CCN2)CC1
scent_drd2,hub_batching,100,100,128,1,0.7628580331802368,O=C1CCN(CC2CCN2)CC1,COc1ccccc1CNC1CCN(CC2CCN2)CC1
scent_drd2,hub_batching,101,101,129,1,0.7244157195091248,O=C1CCN(CC2CCN2)CC1,O=C1CCN(CC2CCN2Cc2c[nH]c3cc(Br)ccc23)CC1
scent_drd2,hub_batching,102,102,130,1,0.6902440786361694,O=C1CCN(CC2CCN2)CC1,Sc1ccccc1NC1CCN(CC2CCN2)CC1
scent_drd2,hub_batching,103,103,131,1,0.649643063545227,O=C1CCN(CC2CCN2)CC1,Cc1ccnc(Br)c1NC1CCN(CC2CCN2)CC1
scent_drd2,hub_batching,104,104,132,1,0.639411985874176,O=C1CCN(CC2CCN2)CC1,O=C1CCN(CC2CCN2C(=O)C2CCN2c2cc(F)ccc2C(=O)CCl)CC1
scent_drd2,hub_batching,105,105,133,1,0.629712700843811,O=C1CCN(CC2CCN2)CC1,O=C1CCN(CC2CCN2C(CCl)c2ccc(F)cc2F)CC1
scent_drd2,hub_batching,106,106,134,1,0.5981336832046509,O=C1CCN(CC2CCN2)CC1,O=C1CCN(CC2CCN2C(=O)c2ccc(F)c(C(F)(F)F)c2)CC1
scent_drd2,hub_batching,107,107,135,1,0.5928219556808472,O=C1CCN(CC2CCN2)CC1,Brc1csc(NC2CCN(CC3CCN3)CC2)n1
scent_drd2,hub_batching,108,108,136,1,0.5770784616470337,O=C1CCN(CC2CCN2)CC1,N#Cc1cccc(C(CBr)N2CCC2CN2CCC(=O)CC2)c1
scent_drd2,hub_batching,109,109,137,1,0.5221400856971741,O=C1CCN(CC2CCN2)CC1,COc1cc(C(F)(F)F)ccc1CN1CCC1CN1CCC(=O)CC1
scent_drd2,hub_batching,110,110,138,1,0.5,O=C1CCN(CC2CCN2)CC1,OB(O)c1ccc(NC2CCN(CC3CCN3)CC2)cc1
scent_drd2,hub_batching,111,111,139,1,0.5,O=C1CCN(CC2CCN2)CC1,NC(Cc1ccc(O)cc1)C(=O)N1CCC1CN1CCC(=O)CC1
scent_drd2,hub_batching,112,112,141,2,0.6825029850006104,NCCCN1CCC(=O)C1,NCCCN1CCC(NCc2ccccc2O)C1
scent_drd2,hub_batching,113,113,142,1,0.681867778301239,NCCCN1CCC(=O)C1,NCCCN1CCC(NCCc2ccncc2)C1
scent_drd2,hub_batching,114,114,143,1,0.6162967085838318,NCCCN1CCC(=O)C1,O=C1CCN(CCCNCc2c[nH]c3cc(Br)ccc23)C1
scent_drd2,hub_batching,115,115,144,1,0.9482831954956055,O=C1CNC1,Oc1ccc(CCNC2CNC2)cc1
scent_drd2,hub_batching,116,116,145,1,0.8947440385818481,O=C1CNC1,Oc1cccc(CNC2CNC2)c1
scent_drd2,hub_batching,117,117,146,1,0.675979495048523,O=C1CNC1,Oc1ccccc1CNC1CNC1
scent_drd2,hub_batching,118,118,148,2,0.9021604061126709,CCC(N)CN1CCC(=O)C1,CCC(N)CN1CCC(NCCc2ccc(O)cc2)C1
scent_drd2,hub_batching,119,119,149,1,0.880833625793457,CCC(N)CN1CCC(=O)C1,CCC(N)CN1CCC(NC(CCNCCc2c[nH]c3ccc(O)cc23)C(=O)O)C1
scent_drd2,hub_batching,120,120,150,1,0.6871622800827026,CCC(N)CN1CCC(=O)C1,CCC(CN1CCC(=O)C1)NCc1c[nH]c2ccc(Br)cc12
scent_drd2,hub_batching,121,121,151,1,0.6432555317878723,CCC(N)CN1CCC(=O)C1,CCC(CN1CCC(=O)C1)NC(CBr)c1cccc(C#N)c1
scent_drd2,hub_batching,122,122,152,1,0.6275487542152405,CCC(N)CN1CCC(=O)C1,CCC(CN1CCC(=O)C1)Nc1ccc2c(CNC(C(=O)O)c3ccccc3)c[nH]c2c1
scent_drd2,hub_batching,123,123,153,1,0.5855720043182373,CCC(N)CN1CCC(=O)C1,CCC(CN1CCC(=O)C1)NC(CCl)c1ccc(Cl)c(Cl)c1
scent_drd2,hub_batching,124,124,154,1,0.5076665282249451,CCC(N)CN1CCC(=O)C1,CCC(CN1CCC(=O)C1)NCc1ccc(C(F)(F)F)cc1OC
scent_drd2,hub_batching,125,125,156,2,0.9417837262153625,CN(CC(=O)O)C1CCC1,CN(CCNCCc1ccc(O)cc1)C1CCC1
scent_drd2,hub_batching,126,126,157,1,0.7658340930938721,CN(CC(=O)O)C1CCC1,CN(CCNCc1cccc(O)c1)C1CCC1
scent_drd2,hub_batching,127,127,158,1,0.718740701675415,CN(CC(=O)O)C1CCC1,COc1ccccc1CCNCCN(C)C1CCC1
scent_drd2,hub_batching,128,128,159,1,0.5950883626937866,CN(CC(=O)O)C1CCC1,CN(CCNCc1ccccc1O)C1CCC1
scent_drd2,hub_batching,129,129,160,1,0.5844916701316833,CN(CC(=O)O)C1CCC1,CN(CC(=O)Oc1cc(Br)ccc1NC(CBr)c1cccc(C#N)c1)C1CCC1
scent_drd2,hub_batching,130,130,161,1,0.575061023235321,CN(CC(=O)O)C1CCC1,CN(CC(=O)Oc1ccc2[nH]cc(CCN)c2c1)C1CCC1
scent_drd2,hub_batching,131,131,163,2,0.9892438054084778,O=C(O)C1CCCN1CC1CCN1,COc1ccccc1CCN(C(=O)C1CCCN1CC1CCN1)c1ccnc(F)c1
scent_drd2,hub_batching,132,132,164,1,0.9815056920051575,O=C(O)C1CCCN1CC1CCN1,O=C(NCCc1c[nH]c2ccc(O)cc12)C1CCCN1CC1CCN1
scent_drd2,hub_batching,133,133,165,1,0.9486886858940125,O=C(O)C1CCCN1CC1CCN1,O=C(O)C(c1ccccc1)N(Cc1c[nH]c2cc(Br)ccc12)C(=O)C1CCCN1CC1CCN1
scent_drd2,hub_batching,134,134,166,1,0.6879499554634094,O=C(O)C1CCCN1CC1CCN1,O=C(NCc1ccc(O)cc1)C1CCCN1CC1CCN1
scent_drd2,hub_batching,135,135,167,1,0.5847609639167786,O=C(O)C1CCCN1CC1CCN1,O=C(CCl)c1ccc(N2CCC2CN2CCCC2C(=O)O)cc1NC(Cc1c[nH]c2ccccc12)C(=O)O
scent_drd2,hub_batching,136,136,168,1,0.5313201546669006,O=C(O)C1CCCN1CC1CCN1,O=C(O)C1Cc2ccccc2CN1C(=O)C1CCCN1CC1CCN1
scent_drd2,hub_batching,137,137,169,1,0.5309696793556213,O=C(O)C1CCCN1CC1CCN1,N#Cc1ccc(N)c(N(CCN)C(=O)C2CCCN2CC2CCN2)c1
scent_drd2,hub_batching,138,138,171,2,0.6890013217926025,O=C1CCN(CC2CCCN2)C1,N#Cc1cc(Br)cc(NC2CCN(CC3CCCN3)C2)c1
scent_drd2,hub_batching,139,139,172,1,0.6420441269874573,O=C1CCN(CC2CCCN2)C1,Oc1ccc(F)cc1NC1CCN(CC2CCCN2)C1
scent_drd2,hub_batching,140,140,173,1,0.6020137667655945,O=C1CCN(CC2CCCN2)C1,O=C1CCN(CC2CCCN2C(CCl)c2ccc(Cl)c(Cl)c2)C1
scent_drd2,hub_batching,141,141,174,1,0.560253918170929,O=C1CCN(CC2CCCN2)C1,O=C1CCN(CC2CCCN2C(CCl)c2ccc(F)cc2N2CCC2C(=O)O)C1
scent_drd2,hub_batching,142,142,175,1,0.5513740181922913,O=C1CCN(CC2CCCN2)C1,c1ccc(CCNC2CCN(CC3CCCN3)C2)cc1
scent_drd2,hub_batching,143,143,176,1,0.5484758615493774,O=C1CCN(CC2CCCN2)C1,c1ccc(-n2cccc2)c(NC2CCN(CC3CCCN3)C2)c1
scent_drd2,hub_batching,144,144,178,2,0.9124395847320557,CCC(N)CN1CCCC1C(=O)O,CCC(N)CN1CCCC1C(=O)N(c1ccc(Br)cc1O)C(CBr)c1cccc(C#N)c1
scent_drd2,hub_batching,145,145,179,1,0.8978386521339417,CCC(N)CN1CCCC1C(=O)O,CCC(N)CN1CCCC1C(=O)N(c1cc(F)ccc1C(=O)CCl)C(Cc1c[nH]c2ccccc12)C(=O)O
scent_drd2,hub_batching,146,146,180,1,0.8534741401672363,CCC(N)CN1CCCC1C(=O)O,CCC(CN1CCCC1C(=O)O)Nc1cc(NCCc2c[nH]c3ccccc23)ccn1
scent_drd2,hub_batching,147,147,181,1,0.8295987248420715,CCC(N)CN1CCCC1C(=O)O,CCC(N)CN1CCCC1C(=O)NCCc1c[nH]c2ccccc12
scent_drd2,hub_batching,148,148,182,1,0.5569807887077332,CCC(N)CN1CCCC1C(=O)O,CCC(CN1CCCC1C(=O)O)NCc1c[nH]c2ccc(C#N)cc12
scent_drd2,hub_batching,149,149,185,3,0.9999989867210388,COc1ccccc1CCN(CCN)C1CNC1,COc1ccccc1CCN(CCNCc1c[nH]c2ccc(Br)cc12)C1CNC1
scent_drd2,hub_batching,150,150,186,1,0.9999983906745911,COc1ccccc1CCN(CCN)C1CNC1,COc1ccccc1CCN(CCN)C1CN(Cc2c[nH]c3ccc(F)cc23)C1
scent_drd2,hub_batching,151,151,187,1,0.9999973177909851,COc1ccccc1CCN(CCN)C1CNC1,COc1ccccc1CCN(CCNC(=O)c1ccc(N)c(Br)c1)C1CNC1
scent_drd2,hub_batching,152,152,188,1,0.9999934434890747,COc1ccccc1CCN(CCN)C1CNC1,COc1ccccc1CCN(CCNC(CCl)c1ccc(Cl)c(Cl)c1)C1CNC1
scent_drd2,hub_batching,153,153,189,1,0.9950633645057678,COc1ccccc1CCN(CCN)C1CNC1,COc1ccccc1CCN(CCNCC(N)Cc1ccc(O)cc1)C1CNC1
scent_drd2,hub_batching,154,154,190,1,0.9945154190063477,COc1ccccc1CCN(CCN)C1CNC1,COc1ccccc1CCN(CCN)C1CN(C(CCl)c2ccc(F)cc2F)C1
scent_drd2,hub_batching,155,155,191,1,0.993407130241394,COc1ccccc1CCN(CCN)C1CNC1,COc1ccccc1CCN(CCNc1cc(F)ccc1C(=O)CCl)C1CNC1
scent_drd2,hub_batching,156,156,192,1,0.9902817606925964,COc1ccccc1CCN(CCN)C1CNC1,COc1ccccc1CCN(CCN)C1CN(CC2CCN2c2cc(F)ccc2C(=O)CCl)C1
scent_drd2,hub_batching,157,157,193,1,0.9885890483856201,COc1ccccc1CCN(CCN)C1CNC1,COc1ccccc1CCN(CCN)C1CN(c2ccc(O)c(N)c2)C1
scent_drd2,hub_batching,158,158,194,1,0.9882827401161194,COc1ccccc1CCN(CCN)C1CNC1,COc1ccccc1CCN(CCNc1ccc2c(C=O)c[nH]c2c1)C1CNC1
scent_drd2,hub_batching,159,159,195,1,0.9862029552459717,COc1ccccc1CCN(CCN)C1CNC1,COc1ccccc1CCN(CCNCc1cccc(N=C=S)c1)C1CNC1
scent_drd2,hub_batching,160,160,196,1,0.9637631773948669,COc1ccccc1CCN(CCN)C1CNC1,COc1ccccc1CCN(CCN)C1CN(C(=O)c2cccc(F)c2F)C1
scent_drd2,hub_batching,161,161,197,1,0.9563535451889038,COc1ccccc1CCN(CCN)C1CNC1,COc1ccccc1CCN(CCN)C1CN(CC(NCc2c[nH]c3cc(Br)ccc23)c2ccccc2)C1
scent_drd2,hub_batching,162,162,198,1,0.9532476663589478,COc1ccccc1CCN(CCN)C1CNC1,COc1ccccc1CCN(CCNS(=O)(=O)c1cccc(Br)n1)C1CNC1
scent_drd2,hub_batching,163,163,199,1,0.9377303123474121,COc1ccccc1CCN(CCN)C1CNC1,COc1ccccc1CCN(CCN)C1CN(CC(Cc2c[nH]c3ccccc23)Nc2cccnc2F)C1
scent_drd2,hub_batching,164,164,200,1,0.9332502484321594,COc1ccccc1CCN(CCN)C1CNC1,COc1ccccc1CCN(CCNc1ncc2[nH]ccc2n1)C1CNC1
scent_drd2,hub_batching,165,165,201,1,0.9240515828132629,COc1ccccc1CCN(CCN)C1CNC1,COc1ccccc1CCN(CCNC(=O)C(N)Cc1c[nH]c2ccccc12)C1CNC1
scent_drd2,hub_batching,166,166,202,1,0.9148194193840027,COc1ccccc1CCN(CCN)C1CNC1,COc1ccccc1CCN(CCN)C1CN(Cc2ccc(NC3CNC3)c(N)c2)C1
scent_drd2,hub_batching,167,167,203,1,0.9107251167297363,COc1ccccc1CCN(CCN)C1CNC1,COc1ccccc1CCN(CCNCC1Cc2ccccc2CN1)C1CNC1
scent_drd2,hub_batching,168,168,204,1,0.9096729755401611,COc1ccccc1CCN(CCN)C1CNC1,COc1ccccc1CCN(CCNC(=O)Nc1cc(C#N)ccc1O)C1CNC1
scent_drd2,hub_batching,169,169,205,1,0.8747003078460693,COc1ccccc1CCN(CCN)C1CNC1,COc1ccccc1CCN(CCN)C1CN(C(=O)C(N)CCNCCc2c[nH]c3ccc(O)cc23)C1
scent_drd2,hub_batching,170,170,206,1,0.8569603562355042,COc1ccccc1CCN(CCN)C1CNC1,COc1ccccc1CCN(CCN)C1CN(c2nccc(C=O)c2F)C1
scent_drd2,hub_batching,171,171,207,1,0.8441816568374634,COc1ccccc1CCN(CCN)C1CNC1,COc1ccccc1CCN(CCN)C1CN(CC(N)Cc2cccs2)C1
scent_drd2,hub_batching,172,172,208,1,0.8429490327835083,COc1ccccc1CCN(CCN)C1CNC1,COc1ccccc1CCN(CCNCCNc1cc(N)cc(C#N)c1)C1CNC1
scent_drd2,hub_batching,173,173,209,1,0.8393260836601257,COc1ccccc1CCN(CCN)C1CNC1,COc1ccccc1CCN(CCN)C1CN(C(=O)Nc2cc(Br)cc(C#N)c2)C1
scent_drd2,hub_batching,174,174,210,1,0.8033500909805298,COc1ccccc1CCN(CCN)C1CNC1,COc1ccccc1CCN(CCNc1c(C(F)(F)F)nc2ccccc2c1O)C1CNC1
scent_drd2,hub_batching,175,175,211,1,0.785531222820282,COc1ccccc1CCN(CCN)C1CNC1,COc1ccccc1CCN(CCN)C1CN(c2ccccc2CNC(C)C(=O)O)C1
scent_drd2,hub_batching,176,176,212,1,0.7846103310585022,COc1ccccc1CCN(CCN)C1CNC1,COc1ccccc1CCN(CCN)C1CN(S(=O)(=O)c2cccc(Br)c2)C1
scent_drd2,hub_batching,177,177,213,1,0.784566342830658,COc1ccccc1CCN(CCN)C1CNC1,COc1ccccc1CCN(CCN)C1CN(C(C)c2cccc(B(O)O)c2)C1
scent_drd2,hub_batching,178,178,214,1,0.7326228618621826,COc1ccccc1CCN(CCN)C1CNC1,COc1ccccc1CCN(CCNc1ccc(NC(CBr)c2cccc(C#N)c2)c(O)c1)C1CNC1
scent_drd2,hub_batching,179,179,215,1,0.6998215913772583,COc1ccccc1CCN(CCN)C1CNC1,COc1ccccc1CCN(CCN)C1CN(C2CCCNC2)C1
scent_drd2,hub_batching,180,180,216,1,0.6181194186210632,COc1ccccc1CCN(CCN)C1CNC1,COc1ccccc1CCN(CCN)C1CN(C(=O)NC(Cc2ccc(O)cc2)C(=O)O)C1
scent_drd2,hub_batching,181,181,217,1,0.5652033090591431,COc1ccccc1CCN(CCN)C1CNC1,COc1ccccc1CCN(CCNCCCN1CCCC1C(F)(F)F)C1CNC1
scent_drd2,hub_batching,182,182,218,1,0.5617174506187439,COc1ccccc1CCN(CCN)C1CNC1,COc1ccccc1CCN(CCN)C1CN(c2ccc(C(=O)CCl)c(NC(Cc3c[nH]c4ccccc34)C(=O)O)c2)C1
scent_drd2,hub_batching,183,183,219,1,0.5567650198936462,COc1ccccc1CCN(CCN)C1CNC1,COc1ccccc1CCN(CCN)C1CN(C(=O)N(c2ccc(Br)cc2O)C(CBr)c2cccc(C#N)c2)C1
scent_drd2,hub_batching,184,184,220,1,0.5191762447357178,COc1ccccc1CCN(CCN)C1CNC1,COc1ccccc1CCN(C(=O)NCCN(CCc1ccccc1OC)C1CNC1)c1ccnc(F)c1
scent_drd2,hub_batching,185,185,221,1,0.5187310576438904,COc1ccccc1CCN(CCN)C1CNC1,COc1ccccc1CCN(CCN)C1CN(C(=O)N(c2ccc(C(=O)O)cc2N)C2CNC2)C1
scent_drd2,hub_batching,186,186,223,2,0.9950636029243469,Fc1ccc(CNc2cccc3cc[nH]c23)cc1,NC(CCCN1CCCCC1)C(=O)N(Cc1ccc(F)cc1)c1cccc2cc[nH]c12
scent_drd2,hub_batching,187,187,224,1,0.9940382242202759,Fc1ccc(CNc2cccc3cc[nH]c23)cc1,OCC1CCCN1CCCN(Cc1ccc(F)cc1)c1cccc2cc[nH]c12
scent_drd2,hub_batching,188,188,225,1,0.7884445786476135,Fc1ccc(CNc2cccc3cc[nH]c23)cc1,Fc1ccc(CN(c2cccc3cc[nH]c23)C2CCCNC2)cc1
scent_drd2,hub_batching,189,189,228,3,0.9999990463256836,COc1ccccc1CCNCCN(C)CCCN,COc1cccc2c1CCN(CCN(C)CCCN)C2c1c[nH]c2ccc(Br)cc12
scent_drd2,hub_batching,190,190,229,1,0.999998152256012,COc1ccccc1CCNCCN(C)CCCN,COc1ccccc1CCNCCN(C)CCCNCc1c[nH]c2ccc(F)cc12
scent_drd2,hub_batching,191,191,230,1,0.9999973773956299,COc1ccccc1CCNCCN(C)CCCN,COc1ccccc1CCN(CCN(C)CCCN)Cc1c[nH]c2ccc(Br)cc12
scent_drd2,hub_batching,192,192,231,1,0.9972912073135376,COc1ccccc1CCNCCN(C)CCCN,COc1ccccc1CCN(CCN(C)CCCN)C(CCl)c1ccc(Cl)c(Cl)c1
scent_drd2,hub_batching,193,193,232,1,0.9947925209999084,COc1ccccc1CCNCCN(C)CCCN,COc1ccccc1CCNCCN(C)CCCNC(CCl)c1ccc(Br)cc1
scent_drd2,hub_batching,194,194,233,1,0.9907538294792175,COc1ccccc1CCNCCN(C)CCCN,COc1ccccc1CCNCCN(C)CCCNc1ccnc(F)c1
scent_drd2,hub_batching,195,195,234,1,0.9873471856117249,COc1ccccc1CCNCCN(C)CCCN,COc1ccccc1CCN(CCN(C)CCCN)c1ccc2[nH]cc(C=O)c2c1
scent_drd2,hub_batching,196,196,235,1,0.9717854261398315,COc1ccccc1CCNCCN(C)CCCN,COc1ccccc1CCN(CCN(C)CCCN)c1cc(F)ccc1C(=O)CCl
scent_drd2,hub_batching,197,197,236,1,0.9717047214508057,COc1ccccc1CCNCCN(C)CCCN,COc1ccccc1CCNCCN(C)CCCNC(=O)c1ccc(O)c(N)c1
scent_drd2,hub_batching,198,198,237,1,0.9407302141189575,COc1ccccc1CCNCCN(C)CCCN,COc1ccccc1CCN(CCN(C)CCCN)c1ncc(Br)cc1C
scent_drd2,hub_batching,199,199,238,1,0.9336824417114258,COc1ccccc1CCNCCN(C)CCCN,COc1ccccc1CCN(CCN(C)CCCN)CC(N)Cc1ccc(O)cc1
scent_drd2,hub_batching,200,200,239,1,0.9284951686859131,COc1ccccc1CCNCCN(C)CCCN,COc1ccccc1CCN(CCN(C)CCCN)C(=O)c1ccc(N)c(Br)c1
scent_drd2,hub_batching,201,201,240,1,0.9283860325813293,COc1ccccc1CCNCCN(C)CCCN,COc1ccccc1CCNCCN(C)CCCNCC(N)Cc1cccs1
scent_drd2,hub_batching,202,202,241,1,0.9207735657691956,COc1ccccc1CCNCCN(C)CCCN,COc1ccccc1CCN(CCN(C)CCCN)CC(Cc1c[nH]c2ccccc12)Nc1cc(F)ccc1C(=O)CCl
scent_drd2,hub_batching,203,203,242,1,0.9157900810241699,COc1ccccc1CCNCCN(C)CCCN,COc1ccccc1CCNCCN(C)CCCNC(=O)Nc1cc(Br)cc(C#N)c1
scent_drd2,hub_batching,204,204,243,1,0.9153605103492737,COc1ccccc1CCNCCN(C)CCCN,COc1ccccc1CCN(CCN(C)CCCN)C(=O)NCCc1c[nH]c2ccc(O)cc12
scent_drd2,hub_batching,205,205,244,1,0.8847886919975281,COc1ccccc1CCNCCN(C)CCCN,COc1ccccc1CCN(CCN(C)CCCN)c1cc(NCCc2c[nH]c3ccccc23)ccn1
scent_drd2,hub_batching,206,206,245,1,0.8803644776344299,COc1ccccc1CCNCCN(C)CCCN,CCC1c2cccc(OC)c2CCN1CCN(C)CCCN
scent_drd2,hub_batching,207,207,246,1,0.8669155836105347,COc1ccccc1CCNCCN(C)CCCN,COc1ccccc1CCN(CCN(C)CCCN)Cc1cccc(F)n1
scent_drd2,hub_batching,208,208,247,1,0.8461138606071472,COc1ccccc1CCNCCN(C)CCCN,COc1ccccc1CCN(CCN(C)CCCN)C1CCC1
scent_drd2,hub_batching,209,209,248,1,0.8317241668701172,COc1ccccc1CCNCCN(C)CCCN,COc1ccccc1CCN(CCN(C)CCCN)C(=O)C(N)Cc1c[nH]c2ccccc12
scent_drd2,hub_batching,210,210,249,1,0.8272894620895386,COc1ccccc1CCNCCN(C)CCCN,COc1ccccc1CCN(CCN(C)CCCN)CC1Cc2ccccc2CN1
scent_drd2,hub_batching,211,211,250,1,0.8163582682609558,COc1ccccc1CCNCCN(C)CCCN,COc1ccccc1CCNCCN(C)CCCNC(=O)C1CCN1c1cc(F)ccc1C(=O)CCl
scent_drd2,hub_batching,212,212,251,1,0.7880075573921204,COc1ccccc1CCNCCN(C)CCCN,COc1ccccc1CCN(CCN(C)CCCN)c1c(C(F)(F)F)nc2ccccc2c1O
scent_drd2,hub_batching,213,213,252,1,0.7753955125808716,COc1ccccc1CCNCCN(C)CCCN,COc1ccccc1CCN(CCN(C)CCCN)c1ncc2[nH]ccc2n1
scent_drd2,hub_batching,214,214,253,1,0.771155059337616,COc1ccccc1CCNCCN(C)CCCN,COc1ccccc1CCNCCN(C)CCCNCc1ccc(NC2CNC2)c(N)c1
scent_drd2,hub_batching,215,215,254,1,0.6743654012680054,COc1ccccc1CCNCCN(C)CCCN,COc1ccccc1CCN(CCN(C)CCCN)C(C)c1cccc(B(O)O)c1
scent_drd2,hub_batching,216,216,255,1,0.608909010887146,COc1ccccc1CCNCCN(C)CCCN,COc1ccccc1CCN(CCCN1CCCC1C(F)(F)F)CCN(C)CCCN
scent_drd2,hub_batching,217,217,256,1,0.6056542992591858,COc1ccccc1CCNCCN(C)CCCN,COc1ccccc1CCNCCN(C)CCCNC(CCl)c1ccc(F)cc1NC(Cc1c[nH]c2ccccc12)C(=O)O
scent_drd2,hub_batching,218,218,257,1,0.5609617829322815,COc1ccccc1CCNCCN(C)CCCN,COc1ccccc1CCN(CCN(C)CCCN)c1cnc2cccnn12
scent_drd2,hub_batching,219,219,258,1,0.5297422409057617,COc1ccccc1CCNCCN(C)CCCN,COc1ccccc1CCN(CCN(C)CCCN)C(=O)N(Cc1c[nH]c2cc(Br)ccc12)C(C)c1ccccc1
scent_drd2,hub_batching,220,220,259,1,0.522177517414093,COc1ccccc1CCNCCN(C)CCCN,COc1ccccc1CCN(CCN(C)CCCN)C(=O)Nc1cccc2cc[nH]c12
scent_drd2,hub_batching,221,221,260,1,0.9303322434425354,COc1ccccc1CCN,COc1ccccc1CCNCCCN1CCCC1CO
scent_drd2,hub_batching,222,222,261,1,0.8517152070999146,COc1ccccc1CCN,COc1ccccc1CCNC(CCl)c1ccc(O)c(O)c1
scent_drd2,hub_batching,223,223,262,1,0.6236184239387512,COc1ccccc1CCN,COc1ccccc1CCNC(=O)c1ccc(NC2CNC2)c(N)c1
scent_drd2,hub_batching,224,224,265,3,0.9967620372772217,O=C(O)C1CN(CCCNCc2c[nH]c3ccc(Br)cc23)C1,Brc1ccc2[nH]cc(CNCCCN3CC(CNCCc4ccccc4Br)C3)c2c1
scent_drd2,hub_batching,225,225,266,1,0.9960978031158447,O=C(O)C1CN(CCCNCc2c[nH]c3ccc(Br)cc23)C1,NCCc1ccccc1N(CCCN1CC(C(=O)O)C1)Cc1c[nH]c2ccc(Br)cc12
scent_drd2,hub_batching,226,226,267,1,0.9943469166755676,O=C(O)C1CN(CCCNCc2c[nH]c3ccc(Br)cc23)C1,Oc1ccc2c(c1)C(C1CN(CCCNCc3c[nH]c4ccc(Br)cc34)C1)=NCC2
scent_drd2,hub_batching,227,227,268,1,0.9937077164649963,O=C(O)C1CN(CCCNCc2c[nH]c3ccc(Br)cc23)C1,COc1cccc(C(C)N(CCCN2CC(C(=O)O)C2)Cc2c[nH]c3ccc(Br)cc23)c1
scent_drd2,hub_batching,228,228,269,1,0.9927546977996826,O=C(O)C1CN(CCCNCc2c[nH]c3ccc(Br)cc23)C1,O=C(O)C1CN(CCCN(Cc2c[nH]c3ccc(Br)cc23)CC2Cc3ccccc3CN2)C1
scent_drd2,hub_batching,229,229,270,1,0.9895823001861572,O=C(O)C1CN(CCCNCc2c[nH]c3ccc(Br)cc23)C1,NCc1cccc(OC(=O)C2CN(CCCNCc3c[nH]c4ccc(Br)cc34)C2)c1
scent_drd2,hub_batching,230,230,271,1,0.9834911227226257,O=C(O)C1CN(CCCNCc2c[nH]c3ccc(Br)cc23)C1,CCc1ccccc1Cn1cc(CNCCCN2CC(C(=O)O)C2)c2cc(Br)ccc21
scent_drd2,hub_batching,231,231,272,1,0.9795022010803223,O=C(O)C1CN(CCCNCc2c[nH]c3ccc(Br)cc23)C1,Fc1ccc2oc(C3CN(CCCNCc4c[nH]c5ccc(Br)cc45)C3)nc2c1
scent_drd2,hub_batching,232,232,273,1,0.9743909239768982,O=C(O)C1CN(CCCNCc2c[nH]c3ccc(Br)cc23)C1,COc1ccccc1CCNc1ccc2[nH]cc(CNCCCN3CC(C(=O)O)C3)c2c1
scent_drd2,hub_batching,233,233,274,1,0.9715588688850403,O=C(O)C1CN(CCCNCc2c[nH]c3ccc(Br)cc23)C1,N#Cc1ccc(N)c(N(CCN)CC2CN(CCCNCc3c[nH]c4ccc(Br)cc34)C2)c1
scent_drd2,hub_batching,234,234,275,1,0.9595583081245422,O=C(O)C1CN(CCCNCc2c[nH]c3ccc(Br)cc23)C1,O=C(CCl)c1ccc(F)cc1N1CCC1C(=O)N(CCCN1CC(C(=O)O)C1)Cc1c[nH]c2ccc(Br)cc12
scent_drd2,hub_batching,235,235,276,1,0.9544508457183838,O=C(O)C1CN(CCCNCc2c[nH]c3ccc(Br)cc23)C1,O=C(O)C1CN(CCCN(Cc2c[nH]c3ccc(Br)cc23)C(=O)C(NCCBr)c2ccccc2)C1
scent_drd2,hub_batching,236,236,277,1,0.9498707056045532,O=C(O)C1CN(CCCNCc2c[nH]c3ccc(Br)cc23)C1,COc1ccccc1CCN(CC1CN(CCCNCc2c[nH]c3ccc(Br)cc23)C1)c1ccnc(F)c1
scent_drd2,hub_batching,237,237,278,1,0.9314719438552856,O=C(O)C1CN(CCCNCc2c[nH]c3ccc(Br)cc23)C1,Nc1cc(CN(CCCN2CC(C(=O)O)C2)Cc2c[nH]c3ccc(Br)cc23)ccc1NC1CNC1
scent_drd2,hub_batching,238,238,279,1,0.9258100986480713,O=C(O)C1CN(CCCNCc2c[nH]c3ccc(Br)cc23)C1,O=C(O)c1ccc2c(c1)nc(C1CN(CCCNCc3c[nH]c4ccc(Br)cc34)C1)n2C1CNC1
scent_drd2,hub_batching,239,239,280,1,0.9066374897956848,O=C(O)C1CN(CCCNCc2c[nH]c3ccc(Br)cc23)C1,N#Cc1ccc(N)c(N(CCN)C(=O)N(CCCN2CC(C(=O)O)C2)Cc2c[nH]c3ccc(Br)cc23)c1
scent_drd2,hub_batching,240,240,281,1,0.8952226638793945,O=C(O)C1CN(CCCNCc2c[nH]c3ccc(Br)cc23)C1,O=C(O)C1CN(CCCNCc2c[nH]c3ccc(-c4cc(O)cc(F)c4)cc23)C1
scent_drd2,hub_batching,241,241,282,1,0.8935754299163818,O=C(O)C1CN(CCCNCc2c[nH]c3ccc(Br)cc23)C1,COc1ccccc1CCN(C(=O)N(CCCN1CC(C(=O)O)C1)Cc1c[nH]c2ccc(Br)cc12)c1ccnc(F)c1
scent_drd2,hub_batching,242,242,283,1,0.8507047891616821,O=C(O)C1CN(CCCNCc2c[nH]c3ccc(Br)cc23)C1,Nc1cc(C(=O)O)ccc1NC1CN(C(=O)C2CN(CCCNCc3c[nH]c4ccc(Br)cc34)C2)C1
scent_drd2,hub_batching,243,243,284,1,0.825619101524353,O=C(O)C1CN(CCCNCc2c[nH]c3ccc(Br)cc23)C1,NC(CCNCCc1c[nH]c2ccc(O)cc12)CN(CCCN1CC(C(=O)O)C1)Cc1c[nH]c2ccc(Br)cc12
scent_drd2,hub_batching,244,244,285,1,0.8223572373390198,O=C(O)C1CN(CCCNCc2c[nH]c3ccc(Br)cc23)C1,N#Cc1cc(N)cc(N(CC(=O)O)C(=O)C2CN(CCCNCc3c[nH]c4ccc(Br)cc34)C2)c1
scent_drd2,hub_batching,245,245,286,1,0.8123728632926941,O=C(O)C1CN(CCCNCc2c[nH]c3ccc(Br)cc23)C1,O=C(O)C1CN(CCCNCc2c[nH]c3ccc(N(CCBr)C(C(=O)O)c4ccccc4)cc23)C1
scent_drd2,hub_batching,246,246,287,1,0.7948940396308899,O=C(O)C1CN(CCCNCc2c[nH]c3ccc(Br)cc23)C1,N#Cc1cccc(C(CBr)Nc2ccc(N(CCCN3CC(C(=O)O)C3)Cc3c[nH]c4ccc(Br)cc34)cc2O)c1
scent_drd2,hub_batching,247,247,288,1,0.7846190333366394,O=C(O)C1CN(CCCNCc2c[nH]c3ccc(Br)cc23)C1,O=C(O)C1Cc2c([nH]c3ccccc23)C(C2CN(CCCNCc3c[nH]c4ccc(Br)cc34)C2)=N1
scent_drd2,hub_batching,248,248,289,1,0.7824684381484985,O=C(O)C1CN(CCCNCc2c[nH]c3ccc(Br)cc23)C1,O=C(O)C1CN(CCCNCc2c[nH]c3ccc(N4Cc5ccccc5CC4C(=O)O)cc23)C1
scent_drd2,hub_batching,249,249,290,1,0.7356100678443909,O=C(O)C1CN(CCCNCc2c[nH]c3ccc(Br)cc23)C1,O=C(O)C1CN(CCCN(Cc2c[nH]c3ccc(Br)cc23)S(=O)(=O)c2ccc(F)nc2)C1
scent_drd2,hub_batching,250,250,291,1,0.6516506671905518,O=C(O)C1CN(CCCNCc2c[nH]c3ccc(Br)cc23)C1,N#Cc1ccc(Nc2ccc3[nH]cc(CNCCCN4CC(C(=O)O)C4)c3c2)c(NCCN)c1
scent_drd2,hub_batching,251,251,292,1,0.5715326070785522,O=C(O)C1CN(CCCNCc2c[nH]c3ccc(Br)cc23)C1,O=C(O)C1CN(CCCN(Cc2c[nH]c3ccc(Br)cc23)CC(Cc2c[nH]c3ccccc23)Nc2cccnc2F)C1
scent_drd2,hub_batching,252,252,293,1,0.5670174956321716,O=C(O)C1CN(CCCNCc2c[nH]c3ccc(Br)cc23)C1,CC(c1ccccc1)N(Cc1c[nH]c2cc(Br)ccc12)CC1CN(CCCNCc2c[nH]c3ccc(Br)cc23)C1
scent_drd2,hub_batching,253,253,294,1,0.5248215198516846,O=C(O)C1CN(CCCNCc2c[nH]c3ccc(Br)cc23)C1,N#Cc1cccc(C(Cn2cc(CNCCCN3CC(C(=O)O)C3)c3cc(Br)ccc32)Nc2ccc(Br)cc2O)c1
scent_drd2,hub_batching,254,254,297,3,0.9999992847442627,c1cc(NC2CCN(CC3CCN3)CC2)c2[nH]ccc2c1,ClCC(c1ccc(Br)cc1)N(c1cccc2cc[nH]c12)C1CCN(CC2CCN2)CC1
scent_drd2,hub_batching,255,255,298,1,0.9999962449073792,c1cc(NC2CCN(CC3CCN3)CC2)c2[nH]ccc2c1,O=C(CCl)c1ccc(F)cc1N(c1cccc2cc[nH]c12)C1CCN(CC2CCN2)CC1
scent_drd2,hub_batching,256,256,299,1,0.9999927282333374,c1cc(NC2CCN(CC3CCN3)CC2)c2[nH]ccc2c1,Fc1cccc(CN(c2cccc3cc[nH]c23)C2CCN(CC3CCN3)CC2)c1F
scent_drd2,hub_batching,257,257,300,1,0.9972044825553894,c1cc(NC2CCN(CC3CCN3)CC2)c2[nH]ccc2c1,N#Cc1ccc(N(c2cccc3cc[nH]c23)C2CCN(CC3CCN3)CC2)cc1CBr
scent_drd2,hub_batching,258,258,301,1,0.9951387643814087,c1cc(NC2CCN(CC3CCN3)CC2)c2[nH]ccc2c1,O=C(CCl)c1ccc(F)cc1N1CCC1CN1CCC(Nc2cccc3cc[nH]c23)CC1
scent_drd2,hub_batching,259,259,302,1,0.9944283962249756,c1cc(NC2CCN(CC3CCN3)CC2)c2[nH]ccc2c1,Nc1ccc(C(=O)N(c2cccc3cc[nH]c23)C2CCN(CC3CCN3)CC2)cc1Br
scent_drd2,hub_batching,260,260,303,1,0.992990255355835,c1cc(NC2CCN(CC3CCN3)CC2)c2[nH]ccc2c1,ClCC(c1ccc(Br)cc1)N1CCC1CN1CCC(Nc2cccc3cc[nH]c23)CC1
scent_drd2,hub_batching,261,261,304,1,0.9883162379264832,c1cc(NC2CCN(CC3CCN3)CC2)c2[nH]ccc2c1,Fc1cccc(Cn2ccc3cccc(NC4CCN(CC5CCN5)CC4)c32)c1
scent_drd2,hub_batching,262,262,305,1,0.9716588854789734,c1cc(NC2CCN(CC3CCN3)CC2)c2[nH]ccc2c1,Cc1ccnc(N(c2cccc3cc[nH]c23)C2CCN(CC3CCN3)CC2)c1N
scent_drd2,hub_batching,263,263,306,1,0.9652597308158875,c1cc(NC2CCN(CC3CCN3)CC2)c2[nH]ccc2c1,NC(Cc1c[nH]c2ccccc12)CN(c1cccc2cc[nH]c12)C1CCN(CC2CCN2)CC1
scent_drd2,hub_batching,264,264,307,1,0.9617170691490173,c1cc(NC2CCN(CC3CCN3)CC2)c2[nH]ccc2c1,O=S(=O)(c1ccc(F)nc1)N(c1cccc2cc[nH]c12)C1CCN(CC2CCN2)CC1
scent_drd2,hub_batching,265,265,308,1,0.9531702399253845,c1cc(NC2CCN(CC3CCN3)CC2)c2[nH]ccc2c1,N#Cc1ccc2[nH]cc(CN3CCC3CN3CCC(Nc4cccc5cc[nH]c45)CC3)c2c1
scent_drd2,hub_batching,266,266,309,1,0.9514506459236145,c1cc(NC2CCN(CC3CCN3)CC2)c2[nH]ccc2c1,N#Cc1cc(N)cc(NCCN(c2cccc3cc[nH]c23)C2CCN(CC3CCN3)CC2)c1
scent_drd2,hub_batching,267,267,310,1,0.9452601671218872,c1cc(NC2CCN(CC3CCN3)CC2)c2[nH]ccc2c1,Oc1c(N(c2cccc3cc[nH]c23)C2CCN(CC3CCN3)CC2)c(C(F)(F)F)nc2ccccc12
scent_drd2,hub_batching,268,268,311,1,0.9383008480072021,c1cc(NC2CCN(CC3CCN3)CC2)c2[nH]ccc2c1,O=C(NCCc1c[nH]c2ccc(O)cc12)N(c1cccc2cc[nH]c12)C1CCN(CC2CCN2)CC1
scent_drd2,hub_batching,269,269,312,1,0.9354163408279419,c1cc(NC2CCN(CC3CCN3)CC2)c2[nH]ccc2c1,NC(Cc1ccc(O)cc1)CN1CCC1CN1CCC(Nc2cccc3cc[nH]c23)CC1
scent_drd2,hub_batching,270,270,313,1,0.9105716347694397,c1cc(NC2CCN(CC3CCN3)CC2)c2[nH]ccc2c1,Nc1cc(C(=O)N2CCC2CN2CCC(Nc3cccc4cc[nH]c34)CC2)ccc1O
scent_drd2,hub_batching,271,271,314,1,0.9037503004074097,c1cc(NC2CCN(CC3CCN3)CC2)c2[nH]ccc2c1,COc1ccccc1CCNc1ccnc(N(c2cccc3cc[nH]c23)C2CCN(CC3CCN3)CC2)c1
scent_drd2,hub_batching,272,272,315,1,0.8840292692184448,c1cc(NC2CCN(CC3CCN3)CC2)c2[nH]ccc2c1,c1cc(N(C2CCN(CC3CCN3)CC2)C2CCNC2)c2[nH]ccc2c1
scent_drd2,hub_batching,273,273,316,1,0.831383466720581,c1cc(NC2CCN(CC3CCN3)CC2)c2[nH]ccc2c1,Oc1c(N2CCC2CN2CCC(Nc3cccc4cc[nH]c34)CC2)c(C(F)(F)F)nc2ccccc12
scent_drd2,hub_batching,274,274,317,1,0.7547685503959656,c1cc(NC2CCN(CC3CCN3)CC2)c2[nH]ccc2c1,COc1ccccc1CCN(C(=O)N1CCC1CN1CCC(Nc2cccc3cc[nH]c23)CC1)c1ccnc(F)c1
scent_drd2,hub_batching,275,275,318,1,0.7539937496185303,c1cc(NC2CCN(CC3CCN3)CC2)c2[nH]ccc2c1,O=S(=O)(c1ccc(F)nc1)N1CCC1CN1CCC(Nc2cccc3cc[nH]c23)CC1
scent_drd2,hub_batching,276,276,319,1,0.7312061190605164,c1cc(NC2CCN(CC3CCN3)CC2)c2[nH]ccc2c1,O=C(Nc1ccnc2ccccc12)N(c1cccc2cc[nH]c12)C1CCN(CC2CCN2)CC1
scent_drd2,hub_batching,277,277,320,1,0.618855893611908,c1cc(NC2CCN(CC3CCN3)CC2)c2[nH]ccc2c1,O=C(N(CCc1c[nH]c2ccccc12)c1ccnc(F)c1)N(c1cccc2cc[nH]c12)C1CCN(CC2CCN2)CC1
scent_drd2,hub_batching,278,278,321,1,0.6066001653671265,c1cc(NC2CCN(CC3CCN3)CC2)c2[nH]ccc2c1,Brc1ccc2c(CNC(CN3CCC3CN3CCC(Nc4cccc5cc[nH]c45)CC3)c3ccccc3)c[nH]c2c1
scent_drd2,hub_batching,279,279,322,1,0.5932983160018921,c1cc(NC2CCN(CC3CCN3)CC2)c2[nH]ccc2c1,O=C(O)C1Cc2ccccc2CN1C(=O)N(c1cccc2cc[nH]c12)C1CCN(CC2CCN2)CC1
scent_drd2,hub_batching,280,280,323,1,0.580373227596283,c1cc(NC2CCN(CC3CCN3)CC2)c2[nH]ccc2c1,N#Cc1cccc(C(Cn2ccc3cccc(NC4CCN(CC5CCN5)CC4)c32)Nc2ccc(Br)cc2O)c1
scent_drd2,hub_batching,281,281,324,1,0.5652784109115601,c1cc(NC2CCN(CC3CCN3)CC2)c2[nH]ccc2c1,O=C1Cc2ccc(C(=O)Cn3ccc4cccc(NC5CCN(CC6CCN6)CC5)c43)cc2N1
scent_drd2,hub_batching,282,282,325,1,0.5562053322792053,c1cc(NC2CCN(CC3CCN3)CC2)c2[nH]ccc2c1,N#Cc1cccc(C(CBr)N(C(=O)N2CCC2CN2CCC(Nc3cccc4cc[nH]c34)CC2)c2ccc(Br)cc2O)c1
scent_drd2,hub_batching,283,283,326,1,0.5109006762504578,c1cc(NC2CCN(CC3CCN3)CC2)c2[nH]ccc2c1,Nc1nc(N2CCC2CN2CCC(Nc3cccc4cc[nH]c34)CC2)nc2[nH]cnc12
scent_drd2,hub_batching,284,284,328,2,0.9468413591384888,O=C(O)C1CCCN1Cc1c[nH]c2ccc(Br)cc12,O=C(NCCc1ccc(O)cc1)C1CCCN1Cc1c[nH]c2ccc(Br)cc12
scent_drd2,hub_batching,285,285,329,1,0.7992715835571289,O=C(O)C1CCCN1Cc1c[nH]c2ccc(Br)cc12,O=C(O)C1CCCN1Cc1c[nH]c2ccc(NCCc3ccccc3Br)cc12
scent_drd2,hub_batching,286,286,330,1,0.7699649930000305,O=C(O)C1CCCN1Cc1c[nH]c2ccc(Br)cc12,NC(CCN(CCc1c[nH]c2ccc(O)cc12)C(=O)C1CCCN1Cc1c[nH]c2ccc(Br)cc12)C(=O)O
scent_drd2,hub_batching,287,287,331,1,0.7097577452659607,O=C(O)C1CCCN1Cc1c[nH]c2ccc(Br)cc12,Nc1cc(C(=O)O)ccc1N(c1ccc2[nH]cc(CN3CCCC3C(=O)O)c2c1)C1CNC1
scent_drd2,hub_batching,288,288,332,1,0.6637260913848877,O=C(O)C1CCCN1Cc1c[nH]c2ccc(Br)cc12,NCCN1CCN(c2ccc3[nH]cc(CN4CCCC4C(=O)O)c3c2)CC1
scent_drd2,hub_batching,289,289,333,1,0.6481063365936279,O=C(O)C1CCCN1Cc1c[nH]c2ccc(Br)cc12,O=C(O)C1CCCN1Cc1c[nH]c2ccc(N(CC3CNC3)C(Cc3ccccc3)C(=O)O)cc12
scent_drd2,hub_batching,290,290,334,1,0.62473064661026,O=C(O)C1CCCN1Cc1c[nH]c2ccc(Br)cc12,CC(C(=O)O)N(Cc1ccccc1Br)C(=O)C1CCCN1Cc1c[nH]c2ccc(Br)cc12
scent_drd2,hub_batching,291,291,335,1,0.6064305901527405,O=C(O)C1CCCN1Cc1c[nH]c2ccc(Br)cc12,N#Cc1ccc(N)c(N(CCN)c2ccc3[nH]cc(CN4CCCC4C(=O)O)c3c2)c1
scent_drd2,hub_batching,292,292,336,1,0.5148032903671265,O=C(O)C1CCCN1Cc1c[nH]c2ccc(Br)cc12,O=C(O)C(CCNCCc1c[nH]c2ccc(O)cc12)Nc1ccc2[nH]cc(CN3CCCC3C(=O)O)c2c1
scent_drd2,hub_batching,293,293,337,1,0.5071861743927002,O=C(O)C1CCCN1Cc1c[nH]c2ccc(Br)cc12,O=C(C1CCCN1Cc1c[nH]c2ccc(Br)cc12)N(CCc1c[nH]c2ccccc12)c1ccnc(F)c1
scent_drd2,hub_batching,294,294,340,3,0.9999998211860657,COc1ccccc1CCN(Cc1c[nH]c2cc(Br)ccc12)C1CCCNC1,COc1ccccc1CCN(Cc1c[nH]c2cc(Br)ccc12)C1CCCN(C2CNC2)C1
scent_drd2,hub_batching,295,295,341,1,0.9929254055023193,COc1ccccc1CCN(Cc1c[nH]c2cc(Br)ccc12)C1CCCNC1,COc1ccccc1CCN(Cc1c[nH]c2cc(N3CCN(CCN)CC3)ccc12)C1CCCNC1
scent_drd2,hub_batching,296,296,342,1,0.9807929396629333,COc1ccccc1CCN(Cc1c[nH]c2cc(Br)ccc12)C1CCCNC1,CCn1cc(CN(CCc2ccccc2OC)C2CCCNC2)c2ccc(Br)cc21
scent_drd2,hub_batching,297,297,345,3,0.9999997019767761,COc1ccccc1CCNC1CCCN(CCCN)C1,COc1cccc2c1CCN(C1CCCN(CCCN)C1)C2c1c[nH]c2cc(Br)ccc12
scent_drd2,hub_batching,298,298,346,1,0.9999991655349731,COc1ccccc1CCNC1CCCN(CCCN)C1,COc1ccccc1CCNC1CCCN(CCCNCc2ccc(F)cc2)C1
scent_drd2,hub_batching,299,299,347,1,0.999991774559021,COc1ccccc1CCNC1CCCN(CCCN)C1,COc1ccccc1CCN(C1CCCN(CCCN)C1)C(CCl)c1ccc(F)cc1F
scent_drd2,hub_batching,300,300,348,1,0.9999894499778748,COc1ccccc1CCNC1CCCN(CCCN)C1,COc1ccccc1CCN(c1ccc(O)c(N)c1)C1CCCN(CCCN)C1
scent_drd2,greedy_oracle,1,1,21,1,0.9999980330467224,O=C1CNC1,Oc1ccc2[nH]cc(CCNC3CNC3)c2c1
scent_drd2,greedy_oracle,2,2,22,1,0.9959071278572083,O=C1CNC1,NC(CCN(CCc1c[nH]c2ccc(O)cc12)C1CNC1)C(=O)O
scent_drd2,greedy_oracle,3,3,23,1,0.9721574187278748,O=C1CNC1,N#Cc1cccc(C(CBr)N(c2ccc(Br)cc2O)C2CNC2)c1
scent_drd2,greedy_oracle,4,4,24,1,0.9482831954956055,O=C1CNC1,Oc1ccc(CCNC2CNC2)cc1
scent_drd2,greedy_oracle,5,5,25,1,0.9439541101455688,O=C1CNC1,CC(c1ccccc1)N(Cc1c[nH]c2cc(Br)ccc12)C1CNC1
scent_drd2,greedy_oracle,6,6,26,1,0.8947440385818481,O=C1CNC1,Oc1cccc(CNC2CNC2)c1
scent_drd2,greedy_oracle,7,7,27,1,0.7693046927452087,O=C1CNC1,COc1ccccc1CCN(c1ccnc(F)c1)C1CNC1
scent_drd2,greedy_oracle,8,8,28,1,0.7194204330444336,O=C1CNC1,c1ccc2c(CNC3CNC3)c[nH]c2c1
scent_drd2,greedy_oracle,9,9,29,1,0.675979495048523,O=C1CNC1,Oc1ccccc1CNC1CNC1
scent_drd2,greedy_oracle,10,10,30,1,0.6458958387374878,O=C1CNC1,COc1ccccc1CCNC1CNC1
scent_drd2,greedy_oracle,11,11,31,1,0.5829736590385437,O=C1CNC1,NC(CCNCCc1c[nH]c2ccc(O)cc12)C(=O)N1CC(=O)C1
scent_drd2,greedy_oracle,12,12,32,1,0.5582675933837891,O=C1CNC1,O=C(O)C(Cc1ccc(O)cc1)NC1CNC1
scent_drd2,greedy_oracle,13,13,33,1,0.5265417695045471,O=C1CNC1,O=C(CCl)c1ccc(F)cc1N(C1CNC1)C(Cc1c[nH]c2ccccc12)C(=O)O
scent_drd2,greedy_oracle,14,14,34,1,0.9311776161193848,COc1ccccc1CCN,COc1ccccc1CCNCCCN1CCCC1C(F)(F)F
scent_drd2,greedy_oracle,15,15,35,1,0.8517152070999146,COc1ccccc1CCN,COc1ccccc1CCNC(CCl)c1ccc(O)c(O)c1
scent_drd2,greedy_oracle,16,16,36,1,0.8291198015213013,COc1ccccc1CCN,COc1ccccc1CCNC(CBr)CN1CCCC1CO
scent_drd2,greedy_oracle,17,17,37,1,0.6281084418296814,COc1ccccc1CCN,COc1ccccc1CCNC(CCl)c1ccc(F)cc1N1CCC1C(=O)O
scent_drd2,greedy_oracle,18,18,38,1,0.6236184239387512,COc1ccccc1CCN,COc1ccccc1CCNC(=O)c1ccc(NC2CNC2)c(N)c1
scent_drd2,greedy_oracle,19,19,39,1,0.5319554805755615,COc1ccccc1CCN,COc1ccccc1CCNC(=O)NC(CCNCCc1c[nH]c2ccc(O)cc12)C(=O)O
scent_drd2,greedy_oracle,20,20,40,1,0.5171992778778076,COc1ccccc1CCN,COc1ccccc1CCNCc1c[nH]c2ccc(Br)cc12
scent_drd2,greedy_oracle,21,21,41,1,0.9602156281471252,O=Cc1c[nH]c2ccc(Br)cc12,O=C(O)C(Cc1ccccc1)NCC1CN(Cc2c[nH]c3ccc(Br)cc23)C1
scent_drd2,greedy_oracle,22,22,42,1,0.8964805603027344,O=Cc1c[nH]c2ccc(Br)cc12,O=C(O)C(Cc1ccccc1)N(Cc1c[nH]c2ccc(Br)cc12)CC1CNC1
scent_drd2,greedy_oracle,23,23,43,1,0.7039491534233093,O=Cc1c[nH]c2ccc(Br)cc12,O=C(O)C(CCNCCc1c[nH]c2ccc(O)cc12)NCc1c[nH]c2ccc(Br)cc12
scent_drd2,greedy_oracle,24,24,44,1,0.7003074884414673,O=Cc1c[nH]c2ccc(Br)cc12,O=C(O)C(CCCN1CCCCC1)NCc1c[nH]c2ccc(Br)cc12
scent_drd2,greedy_oracle,25,25,45,1,0.5510835647583008,O=Cc1c[nH]c2ccc(Br)cc12,Nc1cc(C(=O)O)ccc1N(Cc1c[nH]c2ccc(Br)cc12)C1CNC1
scent_drd2,greedy_oracle,26,26,46,1,0.8642887473106384,C=CC=O,C=CCNCCc1c[nH]c2ccccc12
scent_drd2,greedy_oracle,27,27,47,1,0.8368746042251587,C=CC=O,C=CCNCCc1ccc(O)cc1
scent_drd2,greedy_oracle,28,28,49,2,0.9999990463256836,Oc1ccc(CCNC2CCCNC2)cc1,Oc1ccc(CCN(Cc2c[nH]c3ccc(Br)cc23)C2CCCNC2)cc1
scent_drd2,greedy_oracle,29,29,50,1,0.9999953508377075,Oc1ccc(CCNC2CCCNC2)cc1,Oc1ccc(CCNC2CCCN(Cc3c[nH]c4ccc(Br)cc34)C2)cc1
scent_drd2,greedy_oracle,30,30,51,1,0.9960498809814453,Oc1ccc(CCNC2CCCNC2)cc1,CCCN(CCc1ccc(O)cc1)C1CCCNC1
scent_drd2,greedy_oracle,31,31,52,1,0.993620753288269,Oc1ccc(CCNC2CCCNC2)cc1,Oc1ccc(CCNC2CCCN(C(CCl)c3ccc(Cl)c(Cl)c3)C2)cc1
scent_drd2,greedy_oracle,32,32,53,1,0.9934431910514832,Oc1ccc(CCNC2CCCNC2)cc1,Oc1ccc(CCN(C2CCCNC2)C(CCl)c2ccc(Cl)c(Cl)c2)cc1
scent_drd2,greedy_oracle,33,33,54,1,0.9916473627090454,Oc1ccc(CCNC2CCCNC2)cc1,CCCN1CCCC(NCCc2ccc(O)cc2)C1
scent_drd2,greedy_oracle,34,34,55,1,0.991340160369873,Oc1ccc(CCNC2CCCNC2)cc1,COc1cccc(C(C)N(CCc2ccc(O)cc2)C2CCCNC2)c1
scent_drd2,greedy_oracle,35,35,56,1,0.9822648763656616,Oc1ccc(CCNC2CCCNC2)cc1,COc1cccc(C(C)N2CCCC(NCCc3ccc(O)cc3)C2)c1
scent_drd2,greedy_oracle,36,36,57,1,0.9806192517280579,Oc1ccc(CCNC2CCCNC2)cc1,NCCc1ccccc1N(CCc1ccc(O)cc1)C1CCCNC1
scent_drd2,greedy_oracle,37,37,58,1,0.9732472896575928,Oc1ccc(CCNC2CCCNC2)cc1,O=Cc1c[nH]c2ccc(N(CCc3ccc(O)cc3)C3CCCNC3)cc12
scent_drd2,greedy_oracle,38,38,59,1,0.9705336689949036,Oc1ccc(CCNC2CCCNC2)cc1,Oc1ccc(CCNC2CCCN(C3CCCNC3)C2)cc1
scent_drd2,greedy_oracle,39,39,60,1,0.9627906680107117,Oc1ccc(CCNC2CCCNC2)cc1,O=C(O)C1CCN1c1cc(F)ccc1C(CCl)N(CCc1ccc(O)cc1)C1CCCNC1
scent_drd2,greedy_oracle,40,40,61,1,0.9615755677223206,Oc1ccc(CCNC2CCCNC2)cc1,NCCc1ccccc1N1CCCC(NCCc2ccc(O)cc2)C1
scent_drd2,greedy_oracle,41,41,62,1,0.9529237151145935,Oc1ccc(CCNC2CCCNC2)cc1,N#Cc1cc(N)cc(N(CCc2ccc(O)cc2)C2CCCNC2)c1
scent_drd2,greedy_oracle,42,42,63,1,0.9370366334915161,Oc1ccc(CCNC2CCCNC2)cc1,Nc1ccc(C(=O)N(CCc2ccc(O)cc2)C2CCCNC2)cc1Br
scent_drd2,greedy_oracle,43,43,64,1,0.933350682258606,Oc1ccc(CCNC2CCCNC2)cc1,Cc1cc(N2CCCC(NCCc3ccc(O)cc3)C2)cnc1F
scent_drd2,greedy_oracle,44,44,65,1,0.9058968424797058,Oc1ccc(CCNC2CCCNC2)cc1,O=Cc1c[nH]c2ccc(N3CCCC(NCCc4ccc(O)cc4)C3)cc12
scent_drd2,greedy_oracle,45,45,66,1,0.9047284126281738,Oc1ccc(CCNC2CCCNC2)cc1,O=C(CCl)c1ccc(F)cc1N(CCc1ccc(O)cc1)C1CCCNC1
scent_drd2,greedy_oracle,46,46,67,1,0.8697806000709534,Oc1ccc(CCNC2CCCNC2)cc1,O=C(O)C(Cc1c[nH]c2ccccc12)Nc1cc(F)ccc1C(CCl)N1CCCC(NCCc2ccc(O)cc2)C1
scent_drd2,greedy_oracle,47,47,68,1,0.8561069965362549,Oc1ccc(CCNC2CCCNC2)cc1,NC(Cc1c[nH]c2ccccc12)C(=O)N(CCc1ccc(O)cc1)C1CCCNC1
scent_drd2,greedy_oracle,48,48,69,1,0.8419560194015503,Oc1ccc(CCNC2CCCNC2)cc1,Oc1ccc(CCN(c2cscn2)C2CCCNC2)cc1
scent_drd2,greedy_oracle,49,49,70,1,0.8316972851753235,Oc1ccc(CCNC2CCCNC2)cc1,O=C(NCCc1c[nH]c2ccc(O)cc12)N(CCc1ccc(O)cc1)C1CCCNC1
scent_drd2,greedy_oracle,50,50,71,1,0.8267664909362793,Oc1ccc(CCNC2CCCNC2)cc1,OCC1CCCN1CC(CBr)N1CCCC(NCCc2ccc(O)cc2)C1
scent_drd2,greedy_oracle,51,51,72,1,0.7555532455444336,Oc1ccc(CCNC2CCCNC2)cc1,O=C(O)c1cccc(F)c1N(CCc1ccc(O)cc1)C1CCCNC1
scent_drd2,greedy_oracle,52,52,73,1,0.7381347417831421,Oc1ccc(CCNC2CCCNC2)cc1,OB(O)c1cc(Br)cnc1N(CCc1ccc(O)cc1)C1CCCNC1
scent_drd2,greedy_oracle,53,53,74,1,0.7255446910858154,Oc1ccc(CCNC2CCCNC2)cc1,O=C(C1Cc2ccccc2CN1)N(CCc1ccc(O)cc1)C1CCCNC1
scent_drd2,greedy_oracle,54,54,75,1,0.6609950661659241,Oc1ccc(CCNC2CCCNC2)cc1,Nc1cc(C(=O)N2CCCC(NCCc3ccc(O)cc3)C2)ccc1NC1CNC1
scent_drd2,greedy_oracle,55,55,76,1,0.6555168628692627,Oc1ccc(CCNC2CCCNC2)cc1,Oc1ccc(CCN(c2nc3ccccc3[nH]2)C2CCCNC2)cc1
scent_drd2,greedy_oracle,56,56,77,1,0.6392578482627869,Oc1ccc(CCNC2CCCNC2)cc1,O=C(O)c1ccc(F)c(F)c1N1CCCC(NCCc2ccc(O)cc2)C1
scent_drd2,greedy_oracle,57,57,78,1,0.6354048848152161,Oc1ccc(CCNC2CCCNC2)cc1,Oc1ccc(CCN(c2cc(NCCc3c[nH]c4ccccc34)ccn2)C2CCCNC2)cc1
scent_drd2,greedy_oracle,58,58,79,1,0.594135046005249,Oc1ccc(CCNC2CCCNC2)cc1,Oc1ccc(CCNC2CCCN(c3nc(Br)cs3)C2)cc1
scent_drd2,greedy_oracle,59,59,80,1,0.5814200639724731,Oc1ccc(CCNC2CCCNC2)cc1,O=C(Nc1cc(F)c(F)cc1O)N(CCc1ccc(O)cc1)C1CCCNC1
scent_drd2,greedy_oracle,60,60,81,1,0.5790271162986755,Oc1ccc(CCNC2CCCNC2)cc1,O=C(O)C(CBr)N(CCc1ccc(O)cc1)C1CCCNC1
scent_drd2,greedy_oracle,61,61,82,1,0.5602635145187378,Oc1ccc(CCNC2CCCNC2)cc1,NC(CCCN1CCCCC1)C(=O)N1CCCC(NCCc2ccc(O)cc2)C1
scent_drd2,greedy_oracle,62,62,83,1,0.5461176633834839,Oc1ccc(CCNC2CCCNC2)cc1,Oc1ccc(CCNC2CCCN(c3ncc4[nH]ccc4n3)C2)cc1
scent_drd2,greedy_oracle,63,63,84,1,0.5339438319206238,Oc1ccc(CCNC2CCCNC2)cc1,O=C(NCCc1c[nH]c2ccc(O)cc12)N1CCCC(NCCc2ccc(O)cc2)C1
scent_drd2,greedy_oracle,64,64,85,1,0.5323180556297302,Oc1ccc(CCNC2CCCNC2)cc1,O=C(c1ccccc1CCl)N1CCCC(NCCc2ccc(O)cc2)C1
scent_drd2,greedy_oracle,65,65,86,1,0.5094735026359558,Oc1ccc(CCNC2CCCNC2)cc1,CC(NCc1c[nH]c2cc(N(CCc3ccc(O)cc3)C3CCCNC3)ccc12)c1ccccc1
scent_drd2,greedy_oracle,66,66,87,1,0.5,Oc1ccc(CCNC2CCCNC2)cc1,Oc1ccc(CCNC2CCCN(c3cc(NCCc4c[nH]c5ccccc45)ccn3)C2)cc1
scent_drd2,greedy_oracle,67,67,88,1,0.5,Oc1ccc(CCNC2CCCNC2)cc1,N#Cc1cccc(C(CBr)Nc2ccc(N(CCc3ccc(O)cc3)C3CCCNC3)cc2O)c1
scent_drd2,greedy_oracle,68,68,90,2,0.9999948740005493,NC(Cc1ccc(O)cc1)CN1CCCCC1,Oc1ccc(CC(CN2CCCCC2)NCc2c[nH]c3ccc(F)cc23)cc1
scent_drd2,greedy_oracle,69,69,91,1,0.991460919380188,NC(Cc1ccc(O)cc1)CN1CCCCC1,Oc1ccc(CC(CN2CCCCC2)NC(CCl)c2ccc(Br)cc2)cc1
scent_drd2,greedy_oracle,70,70,92,1,0.9879072308540344,NC(Cc1ccc(O)cc1)CN1CCCCC1,Oc1ccc(CC(CN2CCCCC2)NCc2cccc(Br)c2)cc1
scent_drd2,greedy_oracle,71,71,93,1,0.983429491519928,NC(Cc1ccc(O)cc1)CN1CCCCC1,NCCc1ccccc1NC(Cc1ccc(O)cc1)CN1CCCCC1
scent_drd2,greedy_oracle,72,72,94,1,0.9803265929222107,NC(Cc1ccc(O)cc1)CN1CCCCC1,O=C(O)C1CCN1c1cc(F)ccc1C(CCl)NC(Cc1ccc(O)cc1)CN1CCCCC1
scent_drd2,greedy_oracle,73,73,95,1,0.9802107214927673,NC(Cc1ccc(O)cc1)CN1CCCCC1,O=Cc1c[nH]c2ccc(NC(Cc3ccc(O)cc3)CN3CCCCC3)cc12
scent_drd2,greedy_oracle,74,74,96,1,0.9767321944236755,NC(Cc1ccc(O)cc1)CN1CCCCC1,O=C(CCl)c1ccc(F)cc1NC(Cc1ccc(O)cc1)CN1CCCCC1
scent_drd2,greedy_oracle,75,75,97,1,0.9722636938095093,NC(Cc1ccc(O)cc1)CN1CCCCC1,NC(Cc1c[nH]c2ccccc12)C(=O)NC(Cc1ccc(O)cc1)CN1CCCCC1
scent_drd2,greedy_oracle,76,76,98,1,0.9621385931968689,NC(Cc1ccc(O)cc1)CN1CCCCC1,Cc1cc(Br)cnc1NC(Cc1ccc(O)cc1)CN1CCCCC1
scent_drd2,greedy_oracle,77,77,99,1,0.9593854546546936,NC(Cc1ccc(O)cc1)CN1CCCCC1,Oc1ccc(CC(CN2CCCCC2)Nc2cc(NCCc3c[nH]c4ccccc34)ccn2)cc1
scent_drd2,greedy_oracle,78,78,100,1,0.9571678638458252,NC(Cc1ccc(O)cc1)CN1CCCCC1,COc1cccc(C(C)NC(Cc2ccc(O)cc2)CN2CCCCC2)c1
scent_drd2,greedy_oracle,79,79,101,1,0.9518599510192871,NC(Cc1ccc(O)cc1)CN1CCCCC1,N#Cc1ccc(NC(Cc2ccc(O)cc2)CN2CCCCC2)cc1CBr
scent_drd2,greedy_oracle,80,80,102,1,0.9454973936080933,NC(Cc1ccc(O)cc1)CN1CCCCC1,COc1cc(C(F)(F)F)ccc1CNC(Cc1ccc(O)cc1)CN1CCCCC1
scent_drd2,greedy_oracle,81,81,103,1,0.9453669786453247,NC(Cc1ccc(O)cc1)CN1CCCCC1,O=C(NC(Cc1ccc(O)cc1)CN1CCCCC1)C(NCc1c[nH]c2cc(Br)ccc12)c1ccccc1
scent_drd2,greedy_oracle,82,82,104,1,0.9409099221229553,NC(Cc1ccc(O)cc1)CN1CCCCC1,Nc1ccc(C(=O)NC(Cc2ccc(O)cc2)CN2CCCCC2)cc1Br
scent_drd2,greedy_oracle,83,83,105,1,0.9352074861526489,NC(Cc1ccc(O)cc1)CN1CCCCC1,Oc1ccc(CC(CN2CCCCC2)NC2CNC2)cc1
scent_drd2,greedy_oracle,84,84,106,1,0.9110190272331238,NC(Cc1ccc(O)cc1)CN1CCCCC1,Oc1ccc(CC(CN2CCCCC2)Nc2nc3ccccc3[nH]2)cc1
scent_drd2,greedy_oracle,85,85,107,1,0.8976631164550781,NC(Cc1ccc(O)cc1)CN1CCCCC1,O=C(NCCc1c[nH]c2ccc(O)cc12)NC(Cc1ccc(O)cc1)CN1CCCCC1
scent_drd2,greedy_oracle,86,86,108,1,0.8926495313644409,NC(Cc1ccc(O)cc1)CN1CCCCC1,O=S(=O)(NC(Cc1ccc(O)cc1)CN1CCCCC1)c1cccc(F)c1
scent_drd2,greedy_oracle,87,87,109,1,0.8784400820732117,NC(Cc1ccc(O)cc1)CN1CCCCC1,N#Cc1ccc(NC(Cc2ccc(O)cc2)CN2CCCCC2)c(C(F)(F)F)c1
scent_drd2,greedy_oracle,88,88,110,1,0.8676331639289856,NC(Cc1ccc(O)cc1)CN1CCCCC1,Oc1ccc(CC(CN2CCCCC2)NCCCN2CCCC2C(F)(F)F)cc1
scent_drd2,greedy_oracle,89,89,111,1,0.8641972541809082,NC(Cc1ccc(O)cc1)CN1CCCCC1,O=Cc1ccnc(NC(Cc2ccc(O)cc2)CN2CCCCC2)c1
scent_drd2,greedy_oracle,90,90,112,1,0.8629106283187866,NC(Cc1ccc(O)cc1)CN1CCCCC1,O=C(NC(Cc1ccc(O)cc1)CN1CCCCC1)C1Cc2ccccc2CN1
scent_drd2,greedy_oracle,91,91,113,1,0.8439387083053589,NC(Cc1ccc(O)cc1)CN1CCCCC1,COc1ccnc(NC(Cc2ccc(O)cc2)CN2CCCCC2)n1
scent_drd2,greedy_oracle,92,92,114,1,0.843169629573822,NC(Cc1ccc(O)cc1)CN1CCCCC1,Oc1ccc(CC(CN2CCCCC2)Nc2c(C(F)(F)F)nc3ccccc3c2O)cc1
scent_drd2,greedy_oracle,93,93,115,1,0.8103188872337341,NC(Cc1ccc(O)cc1)CN1CCCCC1,N#Cc1cc(Br)cc(NC(=O)NC(Cc2ccc(O)cc2)CN2CCCCC2)c1
scent_drd2,greedy_oracle,94,94,116,1,0.7765172719955444,NC(Cc1ccc(O)cc1)CN1CCCCC1,O=C(O)c1cccc(F)c1NC(Cc1ccc(O)cc1)CN1CCCCC1
scent_drd2,greedy_oracle,95,95,117,1,0.7410129308700562,NC(Cc1ccc(O)cc1)CN1CCCCC1,CC(NCc1ccccc1Br)C(=O)NC(Cc1ccc(O)cc1)CN1CCCCC1
scent_drd2,greedy_oracle,96,96,118,1,0.7381487488746643,NC(Cc1ccc(O)cc1)CN1CCCCC1,Oc1ccc(CC(CN2CCCCC2)Nc2cnc3cccnn23)cc1
scent_drd2,greedy_oracle,97,97,119,1,0.7362492680549622,NC(Cc1ccc(O)cc1)CN1CCCCC1,N#Cc1ccc(N)c(N(CCN)C(=O)NC(Cc2ccc(O)cc2)CN2CCCCC2)c1
scent_drd2,greedy_oracle,98,98,120,1,0.7244428396224976,NC(Cc1ccc(O)cc1)CN1CCCCC1,OCC1CCCN1CC(CBr)NC(Cc1ccc(O)cc1)CN1CCCCC1
scent_drd2,greedy_oracle,99,99,121,1,0.7240099906921387,NC(Cc1ccc(O)cc1)CN1CCCCC1,Oc1ccc(CC(CN2CCCCC2)Nc2nc(CCl)cs2)cc1
scent_drd2,greedy_oracle,100,100,122,1,0.7152591943740845,NC(Cc1ccc(O)cc1)CN1CCCCC1,O=[N+]([O-])c1ccc(CBr)cc1NC(Cc1ccc(O)cc1)CN1CCCCC1
scent_drd2,greedy_oracle,101,101,123,1,0.7053712606430054,NC(Cc1ccc(O)cc1)CN1CCCCC1,Oc1ccc(CC(CN2CCCCC2)Nc2cncc(C(F)(F)F)c2)cc1
scent_drd2,greedy_oracle,102,102,124,1,0.6968870759010315,NC(Cc1ccc(O)cc1)CN1CCCCC1,O=C(Nc1cccc2cc[nH]c12)NC(Cc1ccc(O)cc1)CN1CCCCC1
scent_drd2,greedy_oracle,103,103,125,1,0.6216031908988953,NC(Cc1ccc(O)cc1)CN1CCCCC1,COc1ccccc1CNC(=O)NC(Cc1ccc(O)cc1)CN1CCCCC1
scent_drd2,greedy_oracle,104,104,126,1,0.6189009547233582,NC(Cc1ccc(O)cc1)CN1CCCCC1,N#Cc1cccc(C(CBr)N(C(=O)NC(Cc2ccc(O)cc2)CN2CCCCC2)c2ccc(Br)cc2O)c1
scent_drd2,greedy_oracle,105,105,127,1,0.614654541015625,NC(Cc1ccc(O)cc1)CN1CCCCC1,Nc1cc(C(=O)O)ccc1N(C(=O)NC(Cc1ccc(O)cc1)CN1CCCCC1)C1CNC1
scent_drd2,greedy_oracle,106,106,128,1,0.5790221691131592,NC(Cc1ccc(O)cc1)CN1CCCCC1,O=C(NC(Cc1ccc(O)cc1)CN1CCCCC1)c1ncccc1C(F)(F)F
scent_drd2,greedy_oracle,107,107,130,2,0.9999893307685852,O=C1CCN(CC2CCN2)CC1,Fc1cc(N(CCc2c[nH]c3ccccc23)C2CCN(CC3CCN3)CC2)ccn1
scent_drd2,greedy_oracle,108,108,131,1,0.9953029155731201,O=C1CCN(CC2CCN2)CC1,O=C(O)C(c1ccccc1)N(Cc1c[nH]c2cc(Br)ccc12)C1CCN(CC2CCN2)CC1
scent_drd2,greedy_oracle,109,109,132,1,0.9860913753509521,O=C1CCN(CC2CCN2)CC1,O=C(O)C(Cc1c[nH]c2ccccc12)N(c1cccnc1F)C1CCN(CC2CCN2)CC1
scent_drd2,greedy_oracle,110,110,133,1,0.9839562177658081,O=C1CCN(CC2CCN2)CC1,O=C1CCN(CC2CCN2c2cc(NCCc3c[nH]c4ccccc34)ccn2)CC1
scent_drd2,greedy_oracle,111,111,134,1,0.9782136678695679,O=C1CCN(CC2CCN2)CC1,CC(NCc1c[nH]c2cc(N3CCC3CN3CCC(=O)CC3)ccc12)c1ccccc1
scent_drd2,greedy_oracle,112,112,135,1,0.9555774927139282,O=C1CCN(CC2CCN2)CC1,Oc1ccc(CCNC2CCN(CC3CCN3)CC2)cc1
scent_drd2,greedy_oracle,113,113,136,1,0.9402056932449341,O=C1CCN(CC2CCN2)CC1,c1ccc2c(CCNC3CCN(CC4CCN4)CC3)c[nH]c2c1
scent_drd2,greedy_oracle,114,114,137,1,0.9199873805046082,O=C1CCN(CC2CCN2)CC1,O=C1CCN(CC2CCN2C(=O)C(NCc2c[nH]c3cc(Br)ccc23)c2ccccc2)CC1
scent_drd2,greedy_oracle,115,115,138,1,0.9092974662780762,O=C1CCN(CC2CCN2)CC1,O=C1CCN(CC2CCN2c2ncccc2NC(Cc2c[nH]c3ccccc23)C(=O)O)CC1
scent_drd2,greedy_oracle,116,116,139,1,0.8802355527877808,O=C1CCN(CC2CCN2)CC1,N#Cc1ccc(O)c(NC2CCN(CC3CCN3)CC2)c1
scent_drd2,greedy_oracle,117,117,140,1,0.869999885559082,O=C1CCN(CC2CCN2)CC1,N#Cc1cccc(C(CBr)Nc2ccc(N3CCC3CN3CCC(=O)CC3)cc2O)c1
scent_drd2,greedy_oracle,118,118,141,1,0.861008882522583,O=C1CCN(CC2CCN2)CC1,N#Cc1cc(Br)cc(NC2CCN(CC3CCN3)CC2)c1
scent_drd2,greedy_oracle,119,119,142,1,0.8588612079620361,O=C1CCN(CC2CCN2)CC1,Oc1ccccc1CNC1CCN(CC2CCN2)CC1
scent_drd2,greedy_oracle,120,120,143,1,0.8112185001373291,O=C1CCN(CC2CCN2)CC1,O=C1CCN(CC2CCN2C(=O)C(Cc2c[nH]c3ccccc23)Nc2cc(F)ccc2C(=O)CCl)CC1
scent_drd2,greedy_oracle,121,121,144,1,0.8094612956047058,O=C1CCN(CC2CCN2)CC1,c1cc(NC2CCN(CC3CCN3)CC2)c2[nH]ccc2c1
scent_drd2,greedy_oracle,122,122,145,1,0.796323299407959,O=C1CCN(CC2CCN2)CC1,O=C(O)C(CCNCCc1c[nH]c2ccc(O)cc12)NC1CCN(CC2CCN2)CC1
scent_drd2,greedy_oracle,123,123,146,1,0.7824907898902893,O=C1CCN(CC2CCN2)CC1,Cc1cc(Br)cnc1NC1CCN(CC2CCN2)CC1
scent_drd2,greedy_oracle,124,124,147,1,0.7786930203437805,O=C1CCN(CC2CCN2)CC1,c1ccc2c(NC3CCN(CC4CCN4)CC3)ccnc2c1
scent_drd2,greedy_oracle,125,125,148,1,0.7719645500183105,O=C1CCN(CC2CCN2)CC1,O=C1CCN(CC2CCN2C(=O)NCCc2c[nH]c3ccc(O)cc23)CC1
scent_drd2,greedy_oracle,126,126,149,1,0.7584245800971985,O=C1CCN(CC2CCN2)CC1,c1ccc(-n2cccc2)c(NC2CCN(CC3CCN3)CC2)c1
scent_drd2,greedy_oracle,127,127,150,1,0.7370625734329224,O=C1CCN(CC2CCN2)CC1,COc1cccc(CNC2CCN(CC3CCN3)CC2)c1
scent_drd2,greedy_oracle,128,128,151,1,0.6967056393623352,O=C1CCN(CC2CCN2)CC1,Nc1cccc(Br)c1NC1CCN(CC2CCN2)CC1
scent_drd2,greedy_oracle,129,129,152,1,0.6963931918144226,O=C1CCN(CC2CCN2)CC1,N#Cc1ccc2[nH]cc(CN3CCC3CN3CCC(=O)CC3)c2c1
scent_drd2,greedy_oracle,130,130,153,1,0.6699919700622559,O=C1CCN(CC2CCN2)CC1,CC(NC1CCN(CC2CCN2)CC1)c1ccccc1
scent_drd2,greedy_oracle,131,131,154,1,0.6493309736251831,O=C1CCN(CC2CCN2)CC1,COc1ccc(NC2CCN(CC3CCN3)CC2)c(N)c1
scent_drd2,greedy_oracle,132,132,155,1,0.639411985874176,O=C1CCN(CC2CCN2)CC1,O=C1CCN(CC2CCN2C(=O)C2CCN2c2cc(F)ccc2C(=O)CCl)CC1
scent_drd2,greedy_oracle,133,133,156,1,0.629712700843811,O=C1CCN(CC2CCN2)CC1,O=C1CCN(CC2CCN2C(CCl)c2ccc(F)cc2F)CC1
scent_drd2,greedy_oracle,134,134,157,1,0.6028692126274109,O=C1CCN(CC2CCN2)CC1,Fc1ccc(NC2CCN(CC3CCN3)CC2)c(Br)n1
scent_drd2,greedy_oracle,135,135,158,1,0.5981336832046509,O=C1CCN(CC2CCN2)CC1,O=C1CCN(CC2CCN2C(=O)c2ccc(F)c(C(F)(F)F)c2)CC1
scent_drd2,greedy_oracle,136,136,159,1,0.5928219556808472,O=C1CCN(CC2CCN2)CC1,Brc1csc(NC2CCN(CC3CCN3)CC2)n1
scent_drd2,greedy_oracle,137,137,160,1,0.5837542414665222,O=C1CCN(CC2CCN2)CC1,O=C(O)C1Cc2ccccc2CN1C1CCN(CC2CCN2)CC1
scent_drd2,greedy_oracle,138,138,161,1,0.5770784616470337,O=C1CCN(CC2CCN2)CC1,N#Cc1cccc(C(CBr)N2CCC2CN2CCC(=O)CC2)c1
scent_drd2,greedy_oracle,139,139,162,1,0.5221400856971741,O=C1CCN(CC2CCN2)CC1,COc1cc(C(F)(F)F)ccc1CN1CCC1CN1CCC(=O)CC1
scent_drd2,greedy_oracle,140,140,163,1,0.5,O=C1CCN(CC2CCN2)CC1,OB(O)c1ccc(NC2CCN(CC3CCN3)CC2)cc1
scent_drd2,greedy_oracle,141,141,164,1,0.5,O=C1CCN(CC2CCN2)CC1,NC(Cc1ccc(O)cc1)C(=O)N1CCC1CN1CCC(=O)CC1
scent_drd2,greedy_oracle,142,142,167,3,0.9999989867210388,Brc1ccc(NCC2CCCN2CC2CCN2)cc1,Brc1ccc(N(Cc2c[nH]c3cc(Br)ccc23)CC2CCCN2CC2CCN2)cc1
scent_drd2,greedy_oracle,143,143,168,1,0.999989926815033,Brc1ccc(NCC2CCCN2CC2CCN2)cc1,COc1cccc(C(C)N(CC2CCCN2CC2CCN2)c2ccc(Br)cc2)c1
scent_drd2,greedy_oracle,144,144,169,1,0.9999834299087524,Brc1ccc(NCC2CCCN2CC2CCN2)cc1,NCCc1ccccc1N(CC1CCCN1CC1CCN1)c1ccc(Br)cc1
scent_drd2,greedy_oracle,145,145,170,1,0.9972343444824219,Brc1ccc(NCC2CCCN2CC2CCN2)cc1,Nc1ccc(C(=O)N(CC2CCCN2CC2CCN2)c2ccc(Br)cc2)cc1Br
scent_drd2,greedy_oracle,146,146,171,1,0.9965828061103821,Brc1ccc(NCC2CCCN2CC2CCN2)cc1,NC(Cc1c[nH]c2ccccc12)C(=O)N(CC1CCCN1CC1CCN1)c1ccc(Br)cc1
scent_drd2,greedy_oracle,147,147,172,1,0.9957946538925171,Brc1ccc(NCC2CCCN2CC2CCN2)cc1,NC(Cc1ccc(O)cc1)CN(CC1CCCN1CC1CCN1)c1ccc(Br)cc1
scent_drd2,greedy_oracle,148,148,173,1,0.9955621361732483,Brc1ccc(NCC2CCCN2CC2CCN2)cc1,O=C(NCCc1c[nH]c2ccc(O)cc12)N(CC1CCCN1CC1CCN1)c1ccc(Br)cc1
scent_drd2,greedy_oracle,149,149,174,1,0.9939548373222351,Brc1ccc(NCC2CCCN2CC2CCN2)cc1,Brc1ccc(N(CC2Cc3ccccc3CN2)CC2CCCN2CC2CCN2)cc1
scent_drd2,greedy_oracle,150,150,175,1,0.9930169582366943,Brc1ccc(NCC2CCCN2CC2CCN2)cc1,Fc1ccc(C(CCl)N(CC2CCCN2CC2CCN2)c2ccc(Br)cc2)c(F)c1
scent_drd2,greedy_oracle,151,151,176,1,0.9920597672462463,Brc1ccc(NCC2CCCN2CC2CCN2)cc1,Brc1ccc(NCC2CCCN2CC2CCN2Cc2c[nH]c3ccc(Br)cc23)cc1
scent_drd2,greedy_oracle,152,152,177,1,0.992058277130127,Brc1ccc(NCC2CCCN2CC2CCN2)cc1,O=Cc1c[nH]c2cc(N(CC3CCCN3CC3CCN3)c3ccc(Br)cc3)ccc12
scent_drd2,greedy_oracle,153,153,178,1,0.991919755935669,Brc1ccc(NCC2CCCN2CC2CCN2)cc1,O=S(=O)(c1cccc(Br)c1)N(CC1CCCN1CC1CCN1)c1ccc(Br)cc1
scent_drd2,greedy_oracle,154,154,179,1,0.9902505278587341,Brc1ccc(NCC2CCCN2CC2CCN2)cc1,NCCc1ccccc1N1CCC1CN1CCCC1CNc1ccc(Br)cc1
scent_drd2,greedy_oracle,155,155,180,1,0.9820043444633484,Brc1ccc(NCC2CCCN2CC2CCN2)cc1,O=Cc1c[nH]c2cc(N3CCC3CN3CCCC3CNc3ccc(Br)cc3)ccc12
scent_drd2,greedy_oracle,156,156,181,1,0.9804774522781372,Brc1ccc(NCC2CCCN2CC2CCN2)cc1,O=C(CCl)c1ccc(F)cc1N1CCC1CN(CC1CCCN1CC1CCN1)c1ccc(Br)cc1
scent_drd2,greedy_oracle,157,157,182,1,0.978702187538147,Brc1ccc(NCC2CCCN2CC2CCN2)cc1,N#Cc1cc(Br)cc(NC(=O)N(CC2CCCN2CC2CCN2)c2ccc(Br)cc2)c1
scent_drd2,greedy_oracle,158,158,183,1,0.9749295115470886,Brc1ccc(NCC2CCCN2CC2CCN2)cc1,N#Cc1cccc(C(CBr)N2CCC2CN2CCCC2CNc2ccc(Br)cc2)c1
scent_drd2,greedy_oracle,159,159,184,1,0.9692792296409607,Brc1ccc(NCC2CCCN2CC2CCN2)cc1,N#Cc1cc(N)cc(NCCN(CC2CCCN2CC2CCN2)c2ccc(Br)cc2)c1
scent_drd2,greedy_oracle,160,160,185,1,0.9687420129776001,Brc1ccc(NCC2CCCN2CC2CCN2)cc1,Brc1ccc(NCC2CCCN2CC2CCN2CC2Cc3ccccc3CN2)cc1
scent_drd2,greedy_oracle,161,161,186,1,0.9655176997184753,Brc1ccc(NCC2CCCN2CC2CCN2)cc1,Nc1cc(CN(CC2CCCN2CC2CCN2)c2ccc(Br)cc2)ccc1NC1CNC1
scent_drd2,greedy_oracle,162,162,187,1,0.9644662737846375,Brc1ccc(NCC2CCCN2CC2CCN2)cc1,Oc1c(N(CC2CCCN2CC2CCN2)c2ccc(Br)cc2)c(C(F)(F)F)nc2ccccc12
scent_drd2,greedy_oracle,163,163,188,1,0.9637967944145203,Brc1ccc(NCC2CCCN2CC2CCN2)cc1,COc1ccccc1CCNc1ccnc(N(CC2CCCN2CC2CCN2)c2ccc(Br)cc2)c1
scent_drd2,greedy_oracle,164,164,189,1,0.9624319672584534,Brc1ccc(NCC2CCCN2CC2CCN2)cc1,N#Cc1cc(N)cc(N2CCC2CN2CCCC2CNc2ccc(Br)cc2)c1
scent_drd2,greedy_oracle,165,165,190,1,0.9533915519714355,Brc1ccc(NCC2CCCN2CC2CCN2)cc1,NC(Cc1ccc(O)cc1)CN1CCC1CN1CCCC1CNc1ccc(Br)cc1
scent_drd2,greedy_oracle,166,166,191,1,0.9463266134262085,Brc1ccc(NCC2CCCN2CC2CCN2)cc1,NC(Cc1c[nH]c2ccccc12)C(=O)N1CCC1CN1CCCC1CNc1ccc(Br)cc1
scent_drd2,greedy_oracle,167,167,192,1,0.937281608581543,Brc1ccc(NCC2CCCN2CC2CCN2)cc1,CC(c1ccccc1)N(Cc1c[nH]c2cc(Br)ccc12)c1ccc(NCC2CCCN2CC2CCN2)cc1
scent_drd2,greedy_oracle,168,168,193,1,0.9218654632568359,Brc1ccc(NCC2CCCN2CC2CCN2)cc1,O=C(c1ccccc1CCl)N1CCC1CN1CCCC1CNc1ccc(Br)cc1
scent_drd2,greedy_oracle,169,169,194,1,0.9126023650169373,Brc1ccc(NCC2CCCN2CC2CCN2)cc1,Brc1ccc(N(CC2CCCN2CC2CCN2)c2ncc3[nH]ccc3n2)cc1
scent_drd2,greedy_oracle,170,170,195,1,0.9092420935630798,Brc1ccc(NCC2CCCN2CC2CCN2)cc1,N#Cc1cccc(C(CBr)Nc2ccc(N(CC3CCCN3CC3CCN3)c3ccc(Br)cc3)cc2O)c1
scent_drd2,greedy_oracle,171,171,196,1,0.907924473285675,Brc1ccc(NCC2CCCN2CC2CCN2)cc1,Cc1cc(F)ccc1-c1ccc(NCC2CCCN2CC2CCN2)cc1
scent_drd2,greedy_oracle,172,172,197,1,0.9056812524795532,Brc1ccc(NCC2CCCN2CC2CCN2)cc1,S=C=Nc1cccc(CN2CCC2CN2CCCC2CNc2ccc(Br)cc2)c1
scent_drd2,greedy_oracle,173,173,198,1,0.9043943285942078,Brc1ccc(NCC2CCCN2CC2CCN2)cc1,COc1ccccc1CCN(c1ccc(NCC2CCCN2CC2CCN2)cc1)c1ccnc(F)c1
scent_drd2,greedy_oracle,174,174,199,1,0.8949692249298096,Brc1ccc(NCC2CCCN2CC2CCN2)cc1,COc1ccccc1CCNc1ccnc(N2CCC2CN2CCCC2CNc2ccc(Br)cc2)c1
scent_drd2,greedy_oracle,175,175,200,1,0.8947311043739319,Brc1ccc(NCC2CCCN2CC2CCN2)cc1,O=C(O)C1CCN1c1cc(F)ccc1C(CCl)N1CCC1CN1CCCC1CNc1ccc(Br)cc1
scent_drd2,greedy_oracle,176,176,201,1,0.889040470123291,Brc1ccc(NCC2CCCN2CC2CCN2)cc1,O=C(O)C1Cc2ccccc2CN1c1ccc(NCC2CCCN2CC2CCN2)cc1
scent_drd2,greedy_oracle,177,177,202,1,0.8777469992637634,Brc1ccc(NCC2CCCN2CC2CCN2)cc1,O=C1Cc2ccc(C(CCl)N3CCC3CN3CCCC3CNc3ccc(Br)cc3)cc2N1
scent_drd2,greedy_oracle,178,178,203,1,0.8758845925331116,Brc1ccc(NCC2CCCN2CC2CCN2)cc1,ClCc1csc(N(CC2CCCN2CC2CCN2)c2ccc(Br)cc2)n1
scent_drd2,greedy_oracle,179,179,204,1,0.8757815361022949,Brc1ccc(NCC2CCCN2CC2CCN2)cc1,NC(CCN(CCc1c[nH]c2ccc(O)cc12)c1ccc(NCC2CCCN2CC2CCN2)cc1)C(=O)O
scent_drd2,greedy_oracle,180,180,205,1,0.8746963143348694,Brc1ccc(NCC2CCCN2CC2CCN2)cc1,CC(c1ccc(S(=O)(=O)F)cc1)N1CCC1CN1CCCC1CNc1ccc(Br)cc1
scent_drd2,greedy_oracle,181,181,206,1,0.8739939332008362,Brc1ccc(NCC2CCCN2CC2CCN2)cc1,N#Cc1cccc(C(CBr)N(c2ccc(NCC3CCCN3CC3CCN3)cc2)c2ccc(Br)cc2O)c1
scent_drd2,greedy_oracle,182,182,207,1,0.8669817447662354,Brc1ccc(NCC2CCCN2CC2CCN2)cc1,O=C(O)C1Cc2ccccc2CN1C(=O)N(CC1CCCN1CC1CCN1)c1ccc(Br)cc1
scent_drd2,greedy_oracle,183,183,208,1,0.8569636940956116,Brc1ccc(NCC2CCCN2CC2CCN2)cc1,O=[N+]([O-])c1ccc(N(CC2CCCN2CC2CCN2)c2ccc(Br)cc2)c2cccnc12
scent_drd2,greedy_oracle,184,184,209,1,0.8422351479530334,Brc1ccc(NCC2CCCN2CC2CCN2)cc1,Oc1c(N2CCC2CN2CCCC2CNc2ccc(Br)cc2)c(C(F)(F)F)nc2ccccc12
scent_drd2,greedy_oracle,185,185,210,1,0.8248339891433716,Brc1ccc(NCC2CCCN2CC2CCN2)cc1,N#Cc1cc(N)cc(N(CC(=O)O)c2ccc(NCC3CCCN3CC3CCN3)cc2)c1
scent_drd2,greedy_oracle,186,186,211,1,0.8166728019714355,Brc1ccc(NCC2CCCN2CC2CCN2)cc1,N#Cc1cc(Br)cc(Nc2ccc(NCC3CCCN3CC3CCN3)cc2)c1
scent_drd2,greedy_oracle,187,187,212,1,0.8063324093818665,Brc1ccc(NCC2CCCN2CC2CCN2)cc1,CC(C(=O)O)N(Cc1ccccc1Br)C(=O)N(CC1CCCN1CC1CCN1)c1ccc(Br)cc1
scent_drd2,greedy_oracle,188,188,213,1,0.7944676280021667,Brc1ccc(NCC2CCCN2CC2CCN2)cc1,FC(F)(F)C1CCCN1CCCN(CC1CCCN1CC1CCN1)c1ccc(Br)cc1
scent_drd2,greedy_oracle,189,189,214,1,0.775585412979126,Brc1ccc(NCC2CCCN2CC2CCN2)cc1,Cc1sc(Cl)nc1CN1CCC1CN1CCCC1CNc1ccc(Br)cc1
scent_drd2,greedy_oracle,190,190,215,1,0.7732006311416626,Brc1ccc(NCC2CCCN2CC2CCN2)cc1,Brc1ccc(N(CC2CCCN2CC2CCN2)C2CCNC2)cc1
scent_drd2,greedy_oracle,191,191,216,1,0.7720443606376648,Brc1ccc(NCC2CCCN2CC2CCN2)cc1,Brc1ccc(N(CC2CCCN2CC2CCN2)c2cnc3cccnn23)cc1
scent_drd2,greedy_oracle,192,192,217,1,0.7676727771759033,Brc1ccc(NCC2CCCN2CC2CCN2)cc1,Brc1ccc(NCC2CCCN2CC2CCN2c2ncc3[nH]ccc3n2)cc1
scent_drd2,greedy_oracle,193,193,218,1,0.7545223236083984,Brc1ccc(NCC2CCCN2CC2CCN2)cc1,Nc1cc(C(=O)O)ccc1N(c1ccc(NCC2CCCN2CC2CCN2)cc1)C1CNC1
scent_drd2,greedy_oracle,194,194,219,1,0.7497579455375671,Brc1ccc(NCC2CCCN2CC2CCN2)cc1,OCC1CCCN1CC(CBr)N(CC1CCCN1CC1CCN1)c1ccc(Br)cc1
scent_drd2,greedy_oracle,195,195,220,1,0.7407585978507996,Brc1ccc(NCC2CCCN2CC2CCN2)cc1,Oc1cccc(CNc2ccc(NCC3CCCN3CC3CCN3)cc2)c1
scent_drd2,greedy_oracle,196,196,221,1,0.7145936489105225,Brc1ccc(NCC2CCCN2CC2CCN2)cc1,c1ccc2c(CCNc3ccc(NCC4CCCN4CC4CCN4)cc3)c[nH]c2c1
scent_drd2,greedy_oracle,197,197,222,1,0.6593235731124878,Brc1ccc(NCC2CCCN2CC2CCN2)cc1,O=[N+]([O-])c1ccc(N2CCC2CN2CCCC2CNc2ccc(Br)cc2)c2cccnc12
scent_drd2,greedy_oracle,198,198,223,1,0.6321332454681396,Brc1ccc(NCC2CCCN2CC2CCN2)cc1,O=C(NCCc1ccncc1)N1CCC1CN1CCCC1CNc1ccc(Br)cc1
scent_drd2,greedy_oracle,199,199,224,1,0.5964541435241699,Brc1ccc(NCC2CCCN2CC2CCN2)cc1,Brc1ccc(NCC2CCCN2CC2CCN2C2CCCNC2)cc1
scent_drd2,greedy_oracle,200,200,225,1,0.5657551288604736,Brc1ccc(NCC2CCCN2CC2CCN2)cc1,N#Cc1ccc(N)c(N(CCN)C(=O)N2CCC2CN2CCCC2CNc2ccc(Br)cc2)c1
scent_drd2,greedy_oracle,201,201,226,1,0.5645889639854431,Brc1ccc(NCC2CCCN2CC2CCN2)cc1,O=C(Nc1cccc2cc[nH]c12)N1CCC1CN1CCCC1CNc1ccc(Br)cc1
scent_drd2,greedy_oracle,202,202,227,1,0.5603865385055542,Brc1ccc(NCC2CCCN2CC2CCN2)cc1,O=Cc1cnccc1Nc1ccc(NCC2CCCN2CC2CCN2)cc1
scent_drd2,greedy_oracle,203,203,228,1,0.5439528822898865,Brc1ccc(NCC2CCCN2CC2CCN2)cc1,O=C(O)C(CCNCCc1c[nH]c2ccc(O)cc12)NC(=O)N1CCC1CN1CCCC1CNc1ccc(Br)cc1
scent_drd2,greedy_oracle,204,204,229,1,0.5382913947105408,Brc1ccc(NCC2CCCN2CC2CCN2)cc1,O=S(=O)(c1cccc2ccccc12)N1CCC1CN1CCCC1CNc1ccc(Br)cc1
scent_drd2,greedy_oracle,205,205,230,1,0.5079736113548279,Brc1ccc(NCC2CCCN2CC2CCN2)cc1,NCCN1CCN(c2ccc(NCC3CCCN3CC3CCN3)cc2)CC1
scent_drd2,greedy_oracle,206,206,231,1,0.5055848360061646,Brc1ccc(NCC2CCCN2CC2CCN2)cc1,Brc1ccc(NCC2CCCN2CC2CCN2c2cnc3cccnn23)cc1
scent_drd2,greedy_oracle,207,207,234,3,0.9999992847442627,NCCN(CC(N)Cc1ccc(O)cc1)C1CC1,NCCN(CC1Cc2ccc(O)cc2C(c2c[nH]c3cc(Br)ccc23)N1)C1CC1
scent_drd2,greedy_oracle,208,208,235,1,0.9999977946281433,NCCN(CC(N)Cc1ccc(O)cc1)C1CC1,NCCN(CC(Cc1ccc(O)cc1)NCc1c[nH]c2ccc(Br)cc12)C1CC1
scent_drd2,greedy_oracle,209,209,236,1,0.9999957084655762,NCCN(CC(N)Cc1ccc(O)cc1)C1CC1,NC(Cc1ccc(O)cc1)CN(CCNCc1c[nH]c2ccc(F)cc12)C1CC1
scent_drd2,greedy_oracle,210,210,237,1,0.9999869465827942,NCCN(CC(N)Cc1ccc(O)cc1)C1CC1,NCCN(CC1Cc2ccc(O)cc2C(c2ccc(N)c(Br)c2)=N1)C1CC1
scent_drd2,greedy_oracle,211,211,238,1,0.9935491681098938,NCCN(CC(N)Cc1ccc(O)cc1)C1CC1,NCCN(CC(Cc1ccc(O)cc1)NC(CCl)c1ccc(Cl)c(Cl)c1)C1CC1
scent_drd2,greedy_oracle,212,212,239,1,0.9921329617500305,NCCN(CC(N)Cc1ccc(O)cc1)C1CC1,NCCN(CC(Cc1ccc(O)cc1)NCc1ccnc(F)c1)C1CC1
scent_drd2,greedy_oracle,213,213,240,1,0.9908959865570068,NCCN(CC(N)Cc1ccc(O)cc1)C1CC1,NCCN(CC1Cc2ccc(O)cc2C(C(N)Cc2c[nH]c3ccccc23)=N1)C1CC1
scent_drd2,greedy_oracle,214,214,241,1,0.9901946783065796,NCCN(CC(N)Cc1ccc(O)cc1)C1CC1,NC(Cc1ccc(O)cc1)CN(CCNC(CCl)c1ccc(Br)cc1)C1CC1
scent_drd2,greedy_oracle,215,215,242,1,0.9886720180511475,NCCN(CC(N)Cc1ccc(O)cc1)C1CC1,Nc1cccc(Br)c1CNCCN(CC(N)Cc1ccc(O)cc1)C1CC1
scent_drd2,greedy_oracle,216,216,243,1,0.9875780940055847,NCCN(CC(N)Cc1ccc(O)cc1)C1CC1,NCCN(CC(Cc1ccc(O)cc1)NCC1CCN1c1cc(F)ccc1C(=O)CCl)C1CC1
scent_drd2,greedy_oracle,217,217,244,1,0.9874885082244873,NCCN(CC(N)Cc1ccc(O)cc1)C1CC1,NCCN(CC1Cc2ccc(O)cc2C(C2Cc3ccccc3CN2)=N1)C1CC1
scent_drd2,greedy_oracle,218,218,245,1,0.9869779944419861,NCCN(CC(N)Cc1ccc(O)cc1)C1CC1,COc1cccc(C(C)NCCN(CC(N)Cc2ccc(O)cc2)C2CC2)c1
scent_drd2,greedy_oracle,219,219,246,1,0.9858814477920532,NCCN(CC(N)Cc1ccc(O)cc1)C1CC1,NCCN(CC(Cc1ccc(O)cc1)Nc1ccc2c(C=O)c[nH]c2c1)C1CC1
scent_drd2,greedy_oracle,220,220,247,1,0.982819676399231,NCCN(CC(N)Cc1ccc(O)cc1)C1CC1,NCCN(CC(Cc1ccc(O)cc1)Nc1ncccc1I)C1CC1
scent_drd2,greedy_oracle,221,221,248,1,0.9781773090362549,NCCN(CC(N)Cc1ccc(O)cc1)C1CC1,NCCN(CC(Cc1ccc(O)cc1)NC(=O)c1cccc(F)c1F)C1CC1
scent_drd2,greedy_oracle,222,222,249,1,0.9754810333251953,NCCN(CC(N)Cc1ccc(O)cc1)C1CC1,NCCN(CC1Cc2ccc(O)cc2C(C2CCN2c2cc(F)ccc2C(=O)CCl)=N1)C1CC1
scent_drd2,greedy_oracle,223,223,250,1,0.9744575023651123,NCCN(CC(N)Cc1ccc(O)cc1)C1CC1,NCCc1ccccc1NCCN(CC(N)Cc1ccc(O)cc1)C1CC1
scent_drd2,greedy_oracle,224,224,251,1,0.9700360298156738,NCCN(CC(N)Cc1ccc(O)cc1)C1CC1,NC(Cc1ccc(O)cc1)CN(CCNCC1Cc2ccccc2CN1)C1CC1
scent_drd2,greedy_oracle,225,225,252,1,0.9688584804534912,NCCN(CC(N)Cc1ccc(O)cc1)C1CC1,N#Cc1cc(N)cc(NC(Cc2ccc(O)cc2)CN(CCN)C2CC2)c1
scent_drd2,greedy_oracle,226,226,253,1,0.9686724543571472,NCCN(CC(N)Cc1ccc(O)cc1)C1CC1,Cc1cc(Br)cnc1NCCN(CC(N)Cc1ccc(O)cc1)C1CC1
scent_drd2,greedy_oracle,227,227,254,1,0.96820467710495,NCCN(CC(N)Cc1ccc(O)cc1)C1CC1,NCCN(CC(Cc1ccc(O)cc1)NCC(N)Cc1cccs1)C1CC1
scent_drd2,greedy_oracle,228,228,255,1,0.9674726128578186,NCCN(CC(N)Cc1ccc(O)cc1)C1CC1,NCCN(CC1Cc2ccc(O)cc2C(c2cccc(C(=O)O)c2)N1)C1CC1
scent_drd2,greedy_oracle,229,229,256,1,0.9652690887451172,NCCN(CC(N)Cc1ccc(O)cc1)C1CC1,NCCN(CC1Cc2ccc(O)cc2C(C(NCCBr)c2ccccc2)=N1)C1CC1
scent_drd2,greedy_oracle,230,230,257,1,0.9600999355316162,NCCN(CC(N)Cc1ccc(O)cc1)C1CC1,NC(Cc1ccc(O)cc1)CN(CCNc1ccc(C(=O)CCl)c(F)c1)C1CC1
scent_drd2,greedy_oracle,231,231,258,1,0.9599220752716064,NCCN(CC(N)Cc1ccc(O)cc1)C1CC1,NCCN(CC(Cc1ccc(O)cc1)NS(=O)(=O)c1cccc(Br)c1)C1CC1
scent_drd2,greedy_oracle,232,232,259,1,0.9534831643104553,NCCN(CC(N)Cc1ccc(O)cc1)C1CC1,NCCN(CC(Cc1ccc(O)cc1)NC(=O)NCCc1c[nH]c2ccccc12)C1CC1
scent_drd2,greedy_oracle,233,233,260,1,0.9464923143386841,NCCN(CC(N)Cc1ccc(O)cc1)C1CC1,NCCN(CC(N)Cc1ccc(OC(=O)c2cccc(F)c2F)cc1)C1CC1
scent_drd2,greedy_oracle,234,234,261,1,0.9238892197608948,NCCN(CC(N)Cc1ccc(O)cc1)C1CC1,NCCN(CC(Cc1ccc(O)cc1)NC1CNC1)C1CC1
scent_drd2,greedy_oracle,235,235,262,1,0.918917179107666,NCCN(CC(N)Cc1ccc(O)cc1)C1CC1,NC(CNCCN(CC(N)Cc1ccc(O)cc1)C1CC1)Cc1c[nH]cn1
scent_drd2,greedy_oracle,236,236,263,1,0.9158939123153687,NCCN(CC(N)Cc1ccc(O)cc1)C1CC1,NC(Cc1ccc(O)cc1)CN(CCNc1ncc2[nH]ccc2n1)C1CC1
scent_drd2,greedy_oracle,237,237,264,1,0.9134248495101929,NCCN(CC(N)Cc1ccc(O)cc1)C1CC1,N#Cc1cc(N)cc(NCC2=NC(CN(CCN)C3CC3)Cc3ccc(O)cc32)c1
scent_drd2,greedy_oracle,238,238,265,1,0.9118334650993347,NCCN(CC(N)Cc1ccc(O)cc1)C1CC1,COc1ccccc1CCNc1ccnc(NC(Cc2ccc(O)cc2)CN(CCN)C2CC2)c1
scent_drd2,greedy_oracle,239,239,266,1,0.8981872200965881,NCCN(CC(N)Cc1ccc(O)cc1)C1CC1,NCCN(CC(N)Cc1ccc(OC(=O)C(N)Cc2c[nH]c3ccccc23)cc1)C1CC1
scent_drd2,greedy_oracle,240,240,267,1,0.8908736109733582,NCCN(CC(N)Cc1ccc(O)cc1)C1CC1,Nc1cc(C(=O)NCCN(CC(N)Cc2ccc(O)cc2)C2CC2)ccc1NC1CNC1
scent_drd2,greedy_oracle,241,241,268,1,0.8842064142227173,NCCN(CC(N)Cc1ccc(O)cc1)C1CC1,NC(Cc1ccc(O)cc1)CN(CCNS(=O)(=O)c1cccc(F)c1)C1CC1
scent_drd2,greedy_oracle,242,242,269,1,0.8837901949882507,NCCN(CC(N)Cc1ccc(O)cc1)C1CC1,NC(Cc1ccc(O)cc1)CN(CCNC(=O)c1cccnc1Br)C1CC1
scent_drd2,greedy_oracle,243,243,270,1,0.878776490688324,NCCN(CC(N)Cc1ccc(O)cc1)C1CC1,NCCN(CC1Cc2ccc(O)cc2C(CCN2CCCC2C(F)(F)F)N1)C1CC1
scent_drd2,greedy_oracle,244,244,271,1,0.8712112307548523,NCCN(CC(N)Cc1ccc(O)cc1)C1CC1,CC(NC(Cc1ccc(O)cc1)CN(CCN)C1CC1)c1cccc(B(O)O)c1
scent_drd2,greedy_oracle,245,245,272,1,0.8642776012420654,NCCN(CC(N)Cc1ccc(O)cc1)C1CC1,NCCN(CC(Cc1ccc(O)cc1)NC(=O)Nc1nc(Br)cs1)C1CC1
scent_drd2,greedy_oracle,246,246,273,1,0.8598904609680176,NCCN(CC(N)Cc1ccc(O)cc1)C1CC1,Cc1sc(NC(Cc2ccc(O)cc2)CN(CCN)C2CC2)nc1C(=O)O
scent_drd2,greedy_oracle,247,247,274,1,0.8585071563720703,NCCN(CC(N)Cc1ccc(O)cc1)C1CC1,NC(Cc1ccc(O)cc1)CN(CCNC(=O)N(CCc1c[nH]c2ccccc12)c1ccnc(F)c1)C1CC1
scent_drd2,greedy_oracle,248,248,275,1,0.8551177382469177,NCCN(CC(N)Cc1ccc(O)cc1)C1CC1,NCCN(CC(Cc1ccc(O)cc1)NCC(Cc1c[nH]c2ccccc12)Nc1cccnc1F)C1CC1
scent_drd2,greedy_oracle,249,249,276,1,0.8482186794281006,NCCN(CC(N)Cc1ccc(O)cc1)C1CC1,NCCN(CC(Cc1ccc(O)cc1)Nc1ccc(C=O)cc1C(F)(F)F)C1CC1
scent_drd2,greedy_oracle,250,250,277,1,0.8471853137016296,NCCN(CC(N)Cc1ccc(O)cc1)C1CC1,CC(NCc1ccccc1NC(Cc1ccc(O)cc1)CN(CCN)C1CC1)C(=O)O
scent_drd2,greedy_oracle,251,251,278,1,0.8452069759368896,NCCN(CC(N)Cc1ccc(O)cc1)C1CC1,N#Cc1cc(Br)cc(NC(=O)NCCN(CC(N)Cc2ccc(O)cc2)C2CC2)c1
scent_drd2,greedy_oracle,252,252,279,1,0.834996223449707,NCCN(CC(N)Cc1ccc(O)cc1)C1CC1,NC(Cc1ccc(O)cc1)CN(CCNCC(NCc1c[nH]c2cc(Br)ccc12)c1ccccc1)C1CC1
scent_drd2,greedy_oracle,253,253,280,1,0.816190242767334,NCCN(CC(N)Cc1ccc(O)cc1)C1CC1,NCCN(CC(Cc1ccc(O)cc1)NC(=O)C(N)Cc1c[nH]cn1)C1CC1
scent_drd2,greedy_oracle,254,254,281,1,0.7807759642601013,NCCN(CC(N)Cc1ccc(O)cc1)C1CC1,NCCN(CC(Cc1ccc(O)cc1)NC(CCl)c1ccc(F)cc1NC(Cc1c[nH]c2ccccc12)C(=O)O)C1CC1
scent_drd2,greedy_oracle,255,255,282,1,0.763076901435852,NCCN(CC(N)Cc1ccc(O)cc1)C1CC1,NCCN(CC(N)Cc1ccc(OC(=O)C2Cc3ccccc3CN2)cc1)C1CC1
scent_drd2,greedy_oracle,256,256,283,1,0.7580036520957947,NCCN(CC(N)Cc1ccc(O)cc1)C1CC1,NCCN(CC(N)Cc1ccc(OC(=O)C2CCN2c2cc(F)ccc2C(=O)CCl)cc1)C1CC1
scent_drd2,greedy_oracle,257,257,284,1,0.7460137009620667,NCCN(CC(N)Cc1ccc(O)cc1)C1CC1,NC(Cc1ccc(O)cc1)CN(CCNCCCN1CCCC1C(F)(F)F)C1CC1
scent_drd2,greedy_oracle,258,258,285,1,0.7369018197059631,NCCN(CC(N)Cc1ccc(O)cc1)C1CC1,NC(Cc1ccc(O)cc1)CN(CCNc1c(C(F)(F)F)nc2ccccc2c1O)C1CC1
scent_drd2,greedy_oracle,259,259,286,1,0.7108909487724304,NCCN(CC(N)Cc1ccc(O)cc1)C1CC1,NC(Cc1ccc(O)cc1)CN(CCNCC(Cc1c[nH]c2ccccc12)Nc1cc(F)ccc1C(=O)CCl)C1CC1
scent_drd2,greedy_oracle,260,260,287,1,0.6893282532691956,NCCN(CC(N)Cc1ccc(O)cc1)C1CC1,NCCN(CC1Cc2ccc(O)cc2C(C2CCCCC2)N1)C1CC1
scent_drd2,greedy_oracle,261,261,288,1,0.6558905839920044,NCCN(CC(N)Cc1ccc(O)cc1)C1CC1,CC(c1ccccc1)N(Cc1c[nH]c2cc(Br)ccc12)C(=O)NC(Cc1ccc(O)cc1)CN(CCN)C1CC1
scent_drd2,greedy_oracle,262,262,289,1,0.644499659538269,NCCN(CC(N)Cc1ccc(O)cc1)C1CC1,N#Cc1ccc(N)c(NCCNC(=O)NC(Cc2ccc(O)cc2)CN(CCN)C2CC2)c1
scent_drd2,greedy_oracle,263,263,290,1,0.6126025319099426,NCCN(CC(N)Cc1ccc(O)cc1)C1CC1,NCCN(CC(Cc1ccc(O)cc1)NCCCN1CCCC1CO)C1CC1
scent_drd2,greedy_oracle,264,264,291,1,0.612138032913208,NCCN(CC(N)Cc1ccc(O)cc1)C1CC1,CC(NCc1ccccc1Br)C(=O)Oc1ccc(CC(N)CN(CCN)C2CC2)cc1
scent_drd2,greedy_oracle,265,265,292,1,0.5940710306167603,NCCN(CC(N)Cc1ccc(O)cc1)C1CC1,NC(Cc1ccc(O)cc1)CN(CCNc1csc(C=O)n1)C1CC1
scent_drd2,greedy_oracle,266,266,293,1,0.557915449142456,NCCN(CC(N)Cc1ccc(O)cc1)C1CC1,N#Cc1cccc(C(CBr)Nc2ccc(NCCN(CC(N)Cc3ccc(O)cc3)C3CC3)cc2O)c1
scent_drd2,greedy_oracle,267,267,294,1,0.5348843336105347,NCCN(CC(N)Cc1ccc(O)cc1)C1CC1,NC(Cc1ccc(O)cc1)CN(CCNC(=O)C(N)CCCN1CCCCC1)C1CC1
scent_drd2,greedy_oracle,268,268,295,1,0.5291376709938049,NCCN(CC(N)Cc1ccc(O)cc1)C1CC1,N#Cc1cc(N)cc(NCC(=O)Oc2ccc(CC(N)CN(CCN)C3CC3)cc2)c1
scent_drd2,greedy_oracle,269,269,296,1,0.5201099514961243,NCCN(CC(N)Cc1ccc(O)cc1)C1CC1,NC(Cc1ccc(O)cc1)CN(CCNC(=O)C(NCCBr)c1ccccc1)C1CC1
scent_drd2,greedy_oracle,270,270,297,1,0.5,NCCN(CC(N)Cc1ccc(O)cc1)C1CC1,NCCN(CC(Cc1ccc(O)cc1)NC(=O)N1CC(Nc2ccc(C(=O)O)cc2N)C1)C1CC1
scent_drd2,greedy_oracle,271,271,300,3,0.9999987483024597,N#Cc1ccc(NCCN2CCCCC2)c(N)c1,N#Cc1ccc(N(CCN2CCCCC2)Cc2c[nH]c3cc(Br)ccc23)c(N)c1
scent_drd2,greedy_oracle,272,272,301,1,0.997015118598938,N#Cc1ccc(NCCN2CCCCC2)c(N)c1,N#Cc1ccc(N(CCN2CCCCC2)CC(NCCBr)c2ccccc2)c(N)c1
scent_drd2,greedy_oracle,273,273,302,1,0.9969533681869507,N#Cc1ccc(NCCN2CCCCC2)c(N)c1,N#Cc1ccc(N(CCN2CCCCC2)CC2CCN2c2cc(F)ccc2C(=O)CCl)c(N)c1
scent_drd2,greedy_oracle,274,274,303,1,0.9950290322303772,N#Cc1ccc(NCCN2CCCCC2)c(N)c1,N#Cc1ccc(N(CCN2CCCCC2)C(=O)C(N)Cc2c[nH]c3ccccc23)c(N)c1
scent_drd2,greedy_oracle,275,275,304,1,0.9950113296508789,N#Cc1ccc(NCCN2CCCCC2)c(N)c1,N#Cc1ccc(N(CCN2CCCCC2)CC2Cc3ccccc3CN2)c(N)c1
scent_drd2,greedy_oracle,276,276,305,1,0.9944655895233154,N#Cc1ccc(NCCN2CCCCC2)c(N)c1,N#Cc1ccc(N(CCN2CCCCC2)C(CCl)c2ccc(Cl)c(Cl)c2)c(N)c1
scent_drd2,greedy_oracle,277,277,306,1,0.9925378561019897,N#Cc1ccc(NCCN2CCCCC2)c(N)c1,N#Cc1ccc(N(CCN2CCCCC2)C(=O)c2ccc(F)cc2)c(N)c1
scent_drd2,greedy_oracle,278,278,307,1,0.9908193945884705,N#Cc1ccc(NCCN2CCCCC2)c(N)c1,N#Cc1ccc(N(CCN2CCCCC2)c2ccccc2CCN)c(N)c1
scent_drd2,greedy_oracle,279,279,308,1,0.9884530901908875,N#Cc1ccc(NCCN2CCCCC2)c(N)c1,N#Cc1ccc(N(CCN2CCCCC2)CC(N)CCNCCc2c[nH]c3ccc(O)cc23)c(N)c1
scent_drd2,greedy_oracle,280,280,309,1,0.9841669201850891,N#Cc1ccc(NCCN2CCCCC2)c(N)c1,CC(NCc1ccccc1Br)C(=O)N(CCN1CCCCC1)c1ccc(C#N)cc1N
scent_drd2,greedy_oracle,281,281,310,1,0.9789350032806396,N#Cc1ccc(NCCN2CCCCC2)c(N)c1,COc1cc(C(F)(F)F)ccc1CN(CCN1CCCCC1)c1ccc(C#N)cc1N
scent_drd2,greedy_oracle,282,282,311,1,0.9744594693183899,N#Cc1ccc(NCCN2CCCCC2)c(N)c1,N#Cc1ccc(N(CCN2CCCCC2)S(=O)(=O)c2cccc(Br)c2)c(N)c1
scent_drd2,greedy_oracle,283,283,312,1,0.9708471894264221,N#Cc1ccc(NCCN2CCCCC2)c(N)c1,COc1cccc(C(C)N(CCN2CCCCC2)c2ccc(C#N)cc2N)c1
scent_drd2,greedy_oracle,284,284,313,1,0.9612071514129639,N#Cc1ccc(NCCN2CCCCC2)c(N)c1,N#Cc1ccc(NCCN2CCCCC2)c(NCc2c[nH]c3ccc(Br)cc23)c1
scent_drd2,greedy_oracle,285,285,314,1,0.9559521675109863,N#Cc1ccc(NCCN2CCCCC2)c(N)c1,N#Cc1ccc(N(CCN2CCCCC2)Cc2nc3ccccc3[nH]2)c(N)c1
scent_drd2,greedy_oracle,286,286,315,1,0.9356837272644043,N#Cc1ccc(NCCN2CCCCC2)c(N)c1,CC(NCc1c[nH]c2cc(N(CCN3CCCCC3)c3ccc(C#N)cc3N)ccc12)c1ccccc1
scent_drd2,greedy_oracle,287,287,316,1,0.9354220628738403,N#Cc1ccc(NCCN2CCCCC2)c(N)c1,N#Cc1ccc(N(CCN2CCCCC2)Cc2ccc(NC3CNC3)c(N)c2)c(N)c1
scent_drd2,greedy_oracle,288,288,317,1,0.9348989129066467,N#Cc1ccc(NCCN2CCCCC2)c(N)c1,N#Cc1ccc(N(CCN2CCCCC2)C(=O)Nc2cc(Br)ccc2O)c(N)c1
scent_drd2,greedy_oracle,289,289,318,1,0.9301760792732239,N#Cc1ccc(NCCN2CCCCC2)c(N)c1,N#Cc1ccc(N(CCCN2CCCC2C(F)(F)F)CCN2CCCCC2)c(N)c1
scent_drd2,greedy_oracle,290,290,319,1,0.9275331497192383,N#Cc1ccc(NCCN2CCCCC2)c(N)c1,N#Cc1ccc(NCCN2CCCCC2)c(NC(=O)NCCc2c[nH]c3ccc(O)cc23)c1
scent_drd2,greedy_oracle,291,291,320,1,0.9256691336631775,N#Cc1ccc(NCCN2CCCCC2)c(N)c1,N#Cc1ccc(N(CCN2CCCCC2)c2ccc3[nH]cc(C=O)c3c2)c(N)c1
scent_drd2,greedy_oracle,292,292,321,1,0.9222859144210815,N#Cc1ccc(NCCN2CCCCC2)c(N)c1,N#Cc1ccc(NCCN2CCCCC2)c(NC(CCl)c2ccc(Br)cc2)c1
scent_drd2,greedy_oracle,293,293,322,1,0.9154216051101685,N#Cc1ccc(NCCN2CCCCC2)c(N)c1,N#Cc1ccc2c(c1)nc(C1CCN1c1cc(F)ccc1C(=O)CCl)n2CCN1CCCCC1
scent_drd2,greedy_oracle,294,294,323,1,0.9149191379547119,N#Cc1ccc(NCCN2CCCCC2)c(N)c1,COc1ccccc1CCNc1ccnc(N(CCN2CCCCC2)c2ccc(C#N)cc2N)c1
scent_drd2,greedy_oracle,295,295,324,1,0.9138813614845276,N#Cc1ccc(NCCN2CCCCC2)c(N)c1,N#Cc1ccc(NCCN2CCCCC2)c(Nc2ccccc2CCN)c1
scent_drd2,greedy_oracle,296,296,325,1,0.9073695540428162,N#Cc1ccc(NCCN2CCCCC2)c(N)c1,N#Cc1ccc2c(c1)nc(-c1c[nH]c3cc(Br)ccc13)n2CCN1CCCCC1
scent_drd2,greedy_oracle,297,297,326,1,0.9046574831008911,N#Cc1ccc(NCCN2CCCCC2)c(N)c1,N#Cc1ccc(NCCN2CCCCC2)c(NC(=O)C2CCN2c2cc(F)ccc2C(=O)CCl)c1
scent_drd2,greedy_oracle,298,298,327,1,0.8987995982170105,N#Cc1ccc(NCCN2CCCCC2)c(N)c1,N#Cc1ccc(NCCN2CCCCC2)c(NC(=O)N(CCc2c[nH]c3ccccc23)c2ccnc(F)c2)c1
scent_drd2,greedy_oracle,299,299,328,1,0.888454794883728,N#Cc1ccc(NCCN2CCCCC2)c(N)c1,N#Cc1ccc(N(CCN2CCCCC2)c2c(C(F)(F)F)nc3ccccc3c2O)c(N)c1
scent_drd2,greedy_oracle,300,300,329,1,0.8826926350593567,N#Cc1ccc(NCCN2CCCCC2)c(N)c1,N#Cc1ccc(NCCN2CCCCC2)c(NCC(N)Cc2ccc(O)cc2)c1
scent_drd2,greedy_oracle_static,1,1,21,1,0.7419177293777466,O=C(O)c1ccc(F)cc1,O=C(NC(CCNCCc1c[nH]c2ccc(O)cc12)C(=O)O)c1ccc(F)cc1
scent_drd2,greedy_oracle_static,2,2,22,1,0.5846131443977356,O=CC(=O)O,NC(CCN(CCc1c[nH]c2ccc(O)cc12)CC(=O)O)C(=O)O
scent_drd2,greedy_oracle_static,3,3,23,1,0.9602156281471252,O=Cc1c[nH]c2ccc(Br)cc12,O=C(O)C(Cc1ccccc1)NCC1CN(Cc2c[nH]c3ccc(Br)cc23)C1
scent_drd2,greedy_oracle_static,4,4,24,1,0.8964805603027344,O=Cc1c[nH]c2ccc(Br)cc12,O=C(O)C(Cc1ccccc1)N(Cc1c[nH]c2ccc(Br)cc12)CC1CNC1
scent_drd2,greedy_oracle_static,5,5,25,1,0.7037776112556458,O=Cc1c[nH]c2ccc(Br)cc12,Oc1ccc(CCNCc2c[nH]c3ccc(Br)cc23)cc1
scent_drd2,greedy_oracle_static,6,6,26,1,0.7003074884414673,O=Cc1c[nH]c2ccc(Br)cc12,O=C(O)C(CCCN1CCCCC1)NCc1c[nH]c2ccc(Br)cc12
scent_drd2,greedy_oracle_static,7,7,27,1,0.5510835647583008,O=Cc1c[nH]c2ccc(Br)cc12,Nc1cc(C(=O)O)ccc1N(Cc1c[nH]c2ccc(Br)cc12)C1CNC1
scent_drd2,greedy_oracle_static,8,8,29,2,0.9999963045120239,O=C1CN(CC2CCCN2)C1,N#Cc1cccc(C(CBr)N(c2ccc(Br)cc2O)C2CN(CC3CCCN3)C2)c1
scent_drd2,greedy_oracle_static,9,9,30,1,0.9971621632575989,O=C1CN(CC2CCCN2)C1,COc1ccccc1CCN(c1ccnc(F)c1)C1CN(CC2CCCN2)C1
scent_drd2,greedy_oracle_static,10,10,31,1,0.9951410293579102,O=C1CN(CC2CCCN2)C1,CC(c1ccccc1)N(Cc1c[nH]c2cc(Br)ccc12)C1CN(CC2CCCN2)C1
scent_drd2,greedy_oracle_static,11,11,32,1,0.9922592639923096,O=C1CN(CC2CCCN2)C1,O=C(CCl)c1ccc(F)cc1N(C1CN(CC2CCCN2)C1)C(Cc1c[nH]c2ccccc12)C(=O)O
scent_drd2,greedy_oracle_static,12,12,33,1,0.9705697298049927,O=C1CN(CC2CCCN2)C1,Oc1ccc2[nH]cc(CCNC3CN(CC4CCCN4)C3)c2c1
scent_drd2,greedy_oracle_static,13,13,34,1,0.958460807800293,O=C1CN(CC2CCCN2)C1,O=C1CN(CC2CCCN2C(CCl)c2ccc(F)cc2NC(Cc2c[nH]c3ccccc23)C(=O)O)C1
scent_drd2,greedy_oracle_static,14,14,35,1,0.9453402161598206,O=C1CN(CC2CCCN2)C1,O=C1CN(CC2CCCN2c2cc(NCCc3c[nH]c4ccccc34)ccn2)C1
scent_drd2,greedy_oracle_static,15,15,36,1,0.9125808477401733,O=C1CN(CC2CCCN2)C1,CC(NCc1c[nH]c2cc(N3CCCC3CN3CC(=O)C3)ccc12)c1ccccc1
scent_drd2,greedy_oracle_static,16,16,37,1,0.8195470571517944,O=C1CN(CC2CCCN2)C1,Oc1cccc(CNC2CN(CC3CCCN3)C2)c1
scent_drd2,greedy_oracle_static,17,17,38,1,0.7383030652999878,O=C1CN(CC2CCCN2)C1,O=C1CN(CC2CCCN2C(=O)C(NCc2c[nH]c3cc(Br)ccc23)c2ccccc2)C1
scent_drd2,greedy_oracle_static,18,18,39,1,0.6962937116622925,O=C1CN(CC2CCCN2)C1,COc1ccccc1CCNC1CN(CC2CCCN2)C1
scent_drd2,greedy_oracle_static,19,19,40,1,0.6898754239082336,O=C1CN(CC2CCCN2)C1,N#Cc1ccc(O)c(NC2CN(CC3CCCN3)C2)c1
scent_drd2,greedy_oracle_static,20,20,41,1,0.6565935015678406,O=C1CN(CC2CCCN2)C1,N#Cc1cccc(C(CBr)Nc2ccc(N3CCCC3CN3CC(=O)C3)cc2O)c1
scent_drd2,greedy_oracle_static,21,21,42,1,0.6522635221481323,O=C1CN(CC2CCCN2)C1,O=C(O)C(Cc1ccc(O)cc1)NC1CN(CC2CCCN2)C1
scent_drd2,greedy_oracle_static,22,22,43,1,0.6373504996299744,O=C1CN(CC2CCCN2)C1,c1ccc2c(CNC3CN(CC4CCCN4)C3)c[nH]c2c1
scent_drd2,greedy_oracle_static,23,23,44,1,0.6172963976860046,O=C1CN(CC2CCCN2)C1,c1cc(NC2CN(CC3CCCN3)C2)c2[nH]ccc2c1
scent_drd2,greedy_oracle_static,24,24,45,1,0.5748738050460815,O=C1CN(CC2CCCN2)C1,NC(CCNCCc1c[nH]c2ccc(O)cc12)C(=O)N1CCCC1CN1CC(=O)C1
scent_drd2,greedy_oracle_static,25,25,46,1,0.533783495426178,O=C1CN(CC2CCCN2)C1,Cc1cc(Br)cnc1NC1CN(CC2CCCN2)C1
scent_drd2,greedy_oracle_static,26,26,47,1,0.5,O=C1CN(CC2CCCN2)C1,N#Cc1ccc2[nH]cc(CN3CCCC3CN3CC(=O)C3)c2c1
scent_drd2,greedy_oracle_static,27,27,49,2,0.9824069738388062,CN(CC(=O)O)C1CCNCC1,CN(CC(=O)N(CCc1c[nH]c2ccccc12)c1ccnc(F)c1)C1CCNCC1
scent_drd2,greedy_oracle_static,28,28,50,1,0.9578322768211365,CN(CC(=O)O)C1CCNCC1,CC(c1ccccc1)N(Cc1c[nH]c2cc(Br)ccc12)C(=O)CN(C)C1CCNCC1
scent_drd2,greedy_oracle_static,29,29,51,1,0.9454740881919861,CN(CC(=O)O)C1CCNCC1,CN(CC(=O)N(c1ccc(Br)cc1O)C(CBr)c1cccc(C#N)c1)C1CCNCC1
scent_drd2,greedy_oracle_static,30,30,52,1,0.9372038841247559,CN(CC(=O)O)C1CCNCC1,CN(CC(=O)NCCc1c[nH]c2ccc(O)cc12)C1CCNCC1
scent_drd2,greedy_oracle_static,31,31,53,1,0.9084816575050354,CN(CC(=O)O)C1CCNCC1,CN(CC(=O)N(c1cccnc1F)C(Cc1c[nH]c2ccccc12)C(=O)O)C1CCNCC1
scent_drd2,greedy_oracle_static,32,32,54,1,0.5,CN(CC(=O)O)C1CCNCC1,CN(CC(=O)O)C1CCN(Cc2c[nH]c3ccc(C#N)cc23)CC1
scent_drd2,greedy_oracle_static,33,33,56,2,0.9868123531341553,O=CCCNCCO,OCCNCCCNCCc1c[nH]c2ccc(O)cc12
scent_drd2,greedy_oracle_static,34,34,57,1,0.982886552810669,O=CCCNCCO,CC(c1ccccc1)N(CCCNCCO)Cc1c[nH]c2cc(Br)ccc12
scent_drd2,greedy_oracle_static,35,35,58,1,0.924809992313385,O=CCCNCCO,N#Cc1cccc(C(CBr)N(CCCNCCO)c2ccc(Br)cc2O)c1
scent_drd2,greedy_oracle_static,36,36,59,1,0.8693659901618958,O=CCCNCCO,OCCNCCCNCCc1ccc(O)cc1
scent_drd2,greedy_oracle_static,37,37,60,1,0.8490805625915527,O=CCCNCCO,OCCNCCCN(CCc1c[nH]c2ccccc12)c1ccnc(F)c1
scent_drd2,greedy_oracle_static,38,38,61,1,0.7798874378204346,O=CCCNCCO,OCCNCCCNCc1cccc(O)c1
scent_drd2,greedy_oracle_static,39,39,62,1,0.7086009979248047,O=CCCNCCO,O=CCCN(CCO)C(CCl)c1ccc(F)cc1NC(Cc1c[nH]c2ccccc12)C(=O)O
scent_drd2,greedy_oracle_static,40,40,63,1,0.5873598456382751,O=CCCNCCO,OCCNCCCNCc1ccccc1O
scent_drd2,greedy_oracle_static,41,41,64,1,0.5133349299430847,O=CCCNCCO,O=C(O)C(Cc1c[nH]c2ccccc12)N(CCCNCCO)c1cccnc1F
scent_drd2,greedy_oracle_static,42,42,66,2,0.9968706369400024,CNCCN1CCCC(=O)C1,CNCCN1CCCC(N(CCc2c[nH]c3ccccc23)c2ccnc(F)c2)C1
scent_drd2,greedy_oracle_static,43,43,67,1,0.9883383512496948,CNCCN1CCCC(=O)C1,CNCCN1CCCC(N(Cc2c[nH]c3cc(Br)ccc23)C(C(=O)O)c2ccccc2)C1
scent_drd2,greedy_oracle_static,44,44,68,1,0.9866582751274109,CNCCN1CCCC(=O)C1,CC(NCc1c[nH]c2cc(N(C)CCN3CCCC(=O)C3)ccc12)c1ccccc1
scent_drd2,greedy_oracle_static,45,45,69,1,0.9822466373443604,CNCCN1CCCC(=O)C1,CNCCN1CCCC(N(c2cccnc2F)C(Cc2c[nH]c3ccccc23)C(=O)O)C1
scent_drd2,greedy_oracle_static,46,46,70,1,0.9290487766265869,CNCCN1CCCC(=O)C1,COc1ccccc1CCNc1ccnc(N(C)CCN2CCCC(=O)C2)c1
scent_drd2,greedy_oracle_static,47,47,71,1,0.9241617918014526,CNCCN1CCCC(=O)C1,CN(CCN1CCCC(=O)C1)c1ccc(C(=O)CCl)c(NC(Cc2c[nH]c3ccccc23)C(=O)O)c1
scent_drd2,greedy_oracle_static,48,48,72,1,0.9229599237442017,CNCCN1CCCC(=O)C1,CNCCN1CCCC(NCCc2ccc(O)cc2)C1
scent_drd2,greedy_oracle_static,49,49,73,1,0.8909057378768921,CNCCN1CCCC(=O)C1,CNCCN1CCCC(NCCc2c[nH]c3ccccc23)C1
scent_drd2,greedy_oracle_static,50,50,74,1,0.8835681676864624,CNCCN1CCCC(=O)C1,CNCCN1CCCC(N(CCc2c[nH]c3ccc(O)cc23)CCC(N)C(=O)O)C1
scent_drd2,greedy_oracle_static,51,51,75,1,0.8610395193099976,CNCCN1CCCC(=O)C1,CN(CCN1CCCC(=O)C1)c1ccc(NC(CBr)c2cccc(C#N)c2)c(O)c1
scent_drd2,greedy_oracle_static,52,52,76,1,0.6141272187232971,CNCCN1CCCC(=O)C1,CNCCN1CCCC(NCc2cccc(OC)c2)C1
scent_drd2,greedy_oracle_static,53,53,77,1,0.6016444563865662,CNCCN1CCCC(=O)C1,CN(CCN1CCCC(=O)C1)C(=O)NCCc1c[nH]c2ccc(O)cc12
scent_drd2,greedy_oracle_static,54,54,79,2,0.9573633074760437,NCCCN1CCC(=O)CC1,NCCCN1CCC(NCCc2ccc(O)cc2)CC1
scent_drd2,greedy_oracle_static,55,55,80,1,0.9560026526451111,NCCCN1CCC(=O)CC1,CC(NCc1c[nH]c2cc(NCCCN3CCC(=O)CC3)ccc12)c1ccccc1
scent_drd2,greedy_oracle_static,56,56,81,1,0.9447462558746338,NCCCN1CCC(=O)CC1,O=C1CCN(CCCNc2cc(NCCc3c[nH]c4ccccc34)ccn2)CC1
scent_drd2,greedy_oracle_static,57,57,82,1,0.9081445336341858,NCCCN1CCC(=O)CC1,NCCCN1CCC(NCc2cccc(O)c2)CC1
scent_drd2,greedy_oracle_static,58,58,83,1,0.8599216938018799,NCCCN1CCC(=O)CC1,COc1ccccc1CCNC1CCN(CCCN)CC1
scent_drd2,greedy_oracle_static,59,59,84,1,0.8549542427062988,NCCCN1CCC(=O)CC1,N#Cc1ccc2[nH]cc(CNCCCN3CCC(=O)CC3)c2c1
scent_drd2,greedy_oracle_static,60,60,85,1,0.834560751914978,NCCCN1CCC(=O)CC1,O=C1CCN(CCCNC(=O)C(NCc2c[nH]c3cc(Br)ccc23)c2ccccc2)CC1
scent_drd2,greedy_oracle_static,61,61,86,1,0.8280360698699951,NCCCN1CCC(=O)CC1,N#Cc1ccc(O)c(NC2CCN(CCCN)CC2)c1
scent_drd2,greedy_oracle_static,62,62,87,1,0.806069552898407,NCCCN1CCC(=O)CC1,NCCCN1CCC(NC(Cc2ccc(O)cc2)C(=O)O)CC1
scent_drd2,greedy_oracle_static,63,63,88,1,0.7907921075820923,NCCCN1CCC(=O)CC1,N#Cc1cccc(C(CBr)Nc2ccc(NCCCN3CCC(=O)CC3)cc2O)c1
scent_drd2,greedy_oracle_static,64,64,89,1,0.7384711503982544,NCCCN1CCC(=O)CC1,O=C1CCN(CCCNc2ncccc2NC(Cc2c[nH]c3ccccc23)C(=O)O)CC1
scent_drd2,greedy_oracle_static,65,65,90,1,0.7257061004638672,NCCCN1CCC(=O)CC1,N#Cc1cc(Br)cc(NC2CCN(CCCN)CC2)c1
scent_drd2,greedy_oracle_static,66,66,91,1,0.7074422836303711,NCCCN1CCC(=O)CC1,NCCCN1CCC(NCc2c[nH]c3ccccc23)CC1
scent_drd2,greedy_oracle_static,67,67,92,1,0.7061530947685242,NCCCN1CCC(=O)CC1,O=C1CCN(CCCNC(=O)C(Cc2c[nH]c3ccccc23)Nc2cc(F)ccc2C(=O)CCl)CC1
scent_drd2,greedy_oracle_static,68,68,93,1,0.6836399435997009,NCCCN1CCC(=O)CC1,CC(NC1CCN(CCCN)CC1)c1ccccc1
scent_drd2,greedy_oracle_static,69,69,94,1,0.6737784147262573,NCCCN1CCC(=O)CC1,O=C1CCN(CCCNC(CBr)c2ccc(O)cc2)CC1
scent_drd2,greedy_oracle_static,70,70,95,1,0.6619068384170532,NCCCN1CCC(=O)CC1,NCCCN1CCC(Nc2ccccc2-n2cccc2)CC1
scent_drd2,greedy_oracle_static,71,71,96,1,0.6521398425102234,NCCCN1CCC(=O)CC1,Cc1cc(Br)cnc1NC1CCN(CCCN)CC1
scent_drd2,greedy_oracle_static,72,72,97,1,0.6465713977813721,NCCCN1CCC(=O)CC1,COc1cc(C(F)(F)F)ccc1CNCCCN1CCC(=O)CC1
scent_drd2,greedy_oracle_static,73,73,98,1,0.6447383761405945,NCCCN1CCC(=O)CC1,NCCCN1CCC(Nc2cccc3cc[nH]c23)CC1
scent_drd2,greedy_oracle_static,74,74,99,1,0.6445890069007874,NCCCN1CCC(=O)CC1,O=C1CCN(CCCNC(=O)NCCc2c[nH]c3ccc(O)cc23)CC1
scent_drd2,greedy_oracle_static,75,75,100,1,0.6355282068252563,NCCCN1CCC(=O)CC1,NCCCN1CCC(Nc2ccnc3ccccc23)CC1
scent_drd2,greedy_oracle_static,76,76,101,1,0.6168581247329712,NCCCN1CCC(=O)CC1,O=C1CCN(CCCNC(CCl)c2ccc(Cl)c(Cl)c2)CC1
scent_drd2,greedy_oracle_static,77,77,102,1,0.5762553215026855,NCCCN1CCC(=O)CC1,Nc1ccc(C(=O)NCCCN2CCC(=O)CC2)cc1Br
scent_drd2,greedy_oracle_static,78,78,103,1,0.5713533759117126,NCCCN1CCC(=O)CC1,O=C1CCN(CCCNC(CCl)c2ccc(F)cc2N2CCC2C(=O)O)CC1
scent_drd2,greedy_oracle_static,79,79,104,1,0.5397422909736633,NCCCN1CCC(=O)CC1,NCCc1ccccc1NCCCN1CCC(=O)CC1
scent_drd2,greedy_oracle_static,80,80,105,1,0.5240257978439331,NCCCN1CCC(=O)CC1,O=C1CCN(CCCNCc2cccnc2Br)CC1
scent_drd2,greedy_oracle_static,81,81,106,1,0.5112218260765076,NCCCN1CCC(=O)CC1,NCCCN1CCC(N2Cc3ccccc3CC2C(=O)O)CC1
scent_drd2,greedy_oracle_static,82,82,107,1,0.5,NCCCN1CCC(=O)CC1,NCCCN1CCC(Nc2c(N)cccc2Br)CC1
scent_drd2,greedy_oracle_static,83,83,109,2,0.9999886155128479,Oc1cc(Br)ccc1NCc1c[nH]c2ccccc12,NC(CCCN1CCCCC1)C(=O)N(Cc1c[nH]c2ccccc12)c1ccc(Br)cc1O
scent_drd2,greedy_oracle_static,84,84,110,1,0.9962183237075806,Oc1cc(Br)ccc1NCc1c[nH]c2ccccc12,OCC1CCCN1CCCN(Cc1c[nH]c2ccccc12)c1ccc(Br)cc1O
scent_drd2,greedy_oracle_static,85,85,111,1,0.9519407153129578,Oc1cc(Br)ccc1NCc1c[nH]c2ccccc12,NCCN1CCN(c2ccc(NCc3c[nH]c4ccccc34)c(O)c2)CC1
scent_drd2,greedy_oracle_static,86,86,112,1,0.9157271385192871,Oc1cc(Br)ccc1NCc1c[nH]c2ccccc12,Oc1cc(Br)ccc1N(Cc1c[nH]c2ccccc12)C1CCCNC1
scent_drd2,greedy_oracle_static,87,87,113,1,0.7295274138450623,Oc1cc(Br)ccc1NCc1c[nH]c2ccccc12,O=C(O)C(CCCN1CCCCC1)Nc1ccc(NCc2c[nH]c3ccccc23)c(O)c1
scent_drd2,greedy_oracle_static,88,88,115,2,0.8222854733467102,NCCCN1CC(=O)C1,COc1ccccc1CCNc1ccnc(NCCCN2CC(=O)C2)c1
scent_drd2,greedy_oracle_static,89,89,116,1,0.723312258720398,NCCCN1CC(=O)C1,NCCCN1CC(NCc2ccc(O)cc2)C1
scent_drd2,greedy_oracle_static,90,90,117,1,0.5088251233100891,NCCCN1CC(=O)C1,NCCCN1CC(NCCc2ccccc2)C1
scent_drd2,greedy_oracle_static,91,91,118,1,0.8642887473106384,C=CC=O,C=CCNCCc1c[nH]c2ccccc12
scent_drd2,greedy_oracle_static,92,92,119,1,0.8368746042251587,C=CC=O,C=CCNCCc1ccc(O)cc1
scent_drd2,greedy_oracle_static,93,93,121,2,0.9718352556228638,O=C1CCN(CC2CCN2)CC1,COc1ccccc1CCNc1ccnc(N2CCC2CN2CCC(=O)CC2)c1
scent_drd2,greedy_oracle_static,94,94,122,1,0.9269879460334778,O=C1CCN(CC2CCN2)CC1,Oc1ccc(CNC2CCN(CC3CCN3)CC2)cc1
scent_drd2,greedy_oracle_static,95,95,123,1,0.8285423517227173,O=C1CCN(CC2CCN2)CC1,Oc1ccc(Br)cc1NC1CCN(CC2CCN2)CC1
scent_drd2,greedy_oracle_static,96,96,124,1,0.8189346790313721,O=C1CCN(CC2CCN2)CC1,Brc1ccccc1CCNC1CCN(CC2CCN2)CC1
scent_drd2,greedy_oracle_static,97,97,125,1,0.8183708190917969,O=C1CCN(CC2CCN2)CC1,O=C1CCN(CC2CCN2C(=O)C(Cc2c[nH]c3ccccc23)Nc2cccnc2F)CC1
scent_drd2,greedy_oracle_static,98,98,126,1,0.807695746421814,O=C1CCN(CC2CCN2)CC1,N#Cc1ccc(N)c(NC2CCN(CC3CCN3)CC2)c1
scent_drd2,greedy_oracle_static,99,99,127,1,0.8045880794525146,O=C1CCN(CC2CCN2)CC1,O=C(O)C(Cc1c[nH]c2ccccc12)NC1CCN(CC2CCN2)CC1
scent_drd2,greedy_oracle_static,100,100,128,1,0.7628580331802368,O=C1CCN(CC2CCN2)CC1,COc1ccccc1CNC1CCN(CC2CCN2)CC1
scent_drd2,greedy_oracle_static,101,101,129,1,0.7244157195091248,O=C1CCN(CC2CCN2)CC1,O=C1CCN(CC2CCN2Cc2c[nH]c3cc(Br)ccc23)CC1
scent_drd2,greedy_oracle_static,102,102,130,1,0.6902440786361694,O=C1CCN(CC2CCN2)CC1,Sc1ccccc1NC1CCN(CC2CCN2)CC1
scent_drd2,greedy_oracle_static,103,103,131,1,0.649643063545227,O=C1CCN(CC2CCN2)CC1,Cc1ccnc(Br)c1NC1CCN(CC2CCN2)CC1
scent_drd2,greedy_oracle_static,104,104,132,1,0.639411985874176,O=C1CCN(CC2CCN2)CC1,O=C1CCN(CC2CCN2C(=O)C2CCN2c2cc(F)ccc2C(=O)CCl)CC1
scent_drd2,greedy_oracle_static,105,105,133,1,0.629712700843811,O=C1CCN(CC2CCN2)CC1,O=C1CCN(CC2CCN2C(CCl)c2ccc(F)cc2F)CC1
scent_drd2,greedy_oracle_static,106,106,134,1,0.5981336832046509,O=C1CCN(CC2CCN2)CC1,O=C1CCN(CC2CCN2C(=O)c2ccc(F)c(C(F)(F)F)c2)CC1
scent_drd2,greedy_oracle_static,107,107,135,1,0.5928219556808472,O=C1CCN(CC2CCN2)CC1,Brc1csc(NC2CCN(CC3CCN3)CC2)n1
scent_drd2,greedy_oracle_static,108,108,136,1,0.5770784616470337,O=C1CCN(CC2CCN2)CC1,N#Cc1cccc(C(CBr)N2CCC2CN2CCC(=O)CC2)c1
scent_drd2,greedy_oracle_static,109,109,137,1,0.5221400856971741,O=C1CCN(CC2CCN2)CC1,COc1cc(C(F)(F)F)ccc1CN1CCC1CN1CCC(=O)CC1
scent_drd2,greedy_oracle_static,110,110,138,1,0.5,O=C1CCN(CC2CCN2)CC1,OB(O)c1ccc(NC2CCN(CC3CCN3)CC2)cc1
scent_drd2,greedy_oracle_static,111,111,139,1,0.5,O=C1CCN(CC2CCN2)CC1,NC(Cc1ccc(O)cc1)C(=O)N1CCC1CN1CCC(=O)CC1
scent_drd2,greedy_oracle_static,112,112,141,2,0.6825029850006104,NCCCN1CCC(=O)C1,NCCCN1CCC(NCc2ccccc2O)C1
scent_drd2,greedy_oracle_static,113,113,142,1,0.681867778301239,NCCCN1CCC(=O)C1,NCCCN1CCC(NCCc2ccncc2)C1
scent_drd2,greedy_oracle_static,114,114,143,1,0.6162967085838318,NCCCN1CCC(=O)C1,O=C1CCN(CCCNCc2c[nH]c3cc(Br)ccc23)C1
scent_drd2,greedy_oracle_static,115,115,144,1,0.9482831954956055,O=C1CNC1,Oc1ccc(CCNC2CNC2)cc1
scent_drd2,greedy_oracle_static,116,116,145,1,0.8947440385818481,O=C1CNC1,Oc1cccc(CNC2CNC2)c1
scent_drd2,greedy_oracle_static,117,117,146,1,0.675979495048523,O=C1CNC1,Oc1ccccc1CNC1CNC1
scent_drd2,greedy_oracle_static,118,118,148,2,0.9021604061126709,CCC(N)CN1CCC(=O)C1,CCC(N)CN1CCC(NCCc2ccc(O)cc2)C1
scent_drd2,greedy_oracle_static,119,119,149,1,0.880833625793457,CCC(N)CN1CCC(=O)C1,CCC(N)CN1CCC(NC(CCNCCc2c[nH]c3ccc(O)cc23)C(=O)O)C1
scent_drd2,greedy_oracle_static,120,120,150,1,0.6871622800827026,CCC(N)CN1CCC(=O)C1,CCC(CN1CCC(=O)C1)NCc1c[nH]c2ccc(Br)cc12
scent_drd2,greedy_oracle_static,121,121,151,1,0.6432555317878723,CCC(N)CN1CCC(=O)C1,CCC(CN1CCC(=O)C1)NC(CBr)c1cccc(C#N)c1
scent_drd2,greedy_oracle_static,122,122,152,1,0.6275487542152405,CCC(N)CN1CCC(=O)C1,CCC(CN1CCC(=O)C1)Nc1ccc2c(CNC(C(=O)O)c3ccccc3)c[nH]c2c1
scent_drd2,greedy_oracle_static,123,123,153,1,0.5855720043182373,CCC(N)CN1CCC(=O)C1,CCC(CN1CCC(=O)C1)NC(CCl)c1ccc(Cl)c(Cl)c1
scent_drd2,greedy_oracle_static,124,124,154,1,0.5076665282249451,CCC(N)CN1CCC(=O)C1,CCC(CN1CCC(=O)C1)NCc1ccc(C(F)(F)F)cc1OC
scent_drd2,greedy_oracle_static,125,125,156,2,0.9417837262153625,CN(CC(=O)O)C1CCC1,CN(CCNCCc1ccc(O)cc1)C1CCC1
scent_drd2,greedy_oracle_static,126,126,157,1,0.7658340930938721,CN(CC(=O)O)C1CCC1,CN(CCNCc1cccc(O)c1)C1CCC1
scent_drd2,greedy_oracle_static,127,127,158,1,0.718740701675415,CN(CC(=O)O)C1CCC1,COc1ccccc1CCNCCN(C)C1CCC1
scent_drd2,greedy_oracle_static,128,128,159,1,0.5950883626937866,CN(CC(=O)O)C1CCC1,CN(CCNCc1ccccc1O)C1CCC1
scent_drd2,greedy_oracle_static,129,129,160,1,0.5844916701316833,CN(CC(=O)O)C1CCC1,CN(CC(=O)Oc1cc(Br)ccc1NC(CBr)c1cccc(C#N)c1)C1CCC1
scent_drd2,greedy_oracle_static,130,130,161,1,0.575061023235321,CN(CC(=O)O)C1CCC1,CN(CC(=O)Oc1ccc2[nH]cc(CCN)c2c1)C1CCC1
scent_drd2,greedy_oracle_static,131,131,163,2,0.9892438054084778,O=C(O)C1CCCN1CC1CCN1,COc1ccccc1CCN(C(=O)C1CCCN1CC1CCN1)c1ccnc(F)c1
scent_drd2,greedy_oracle_static,132,132,164,1,0.9815056920051575,O=C(O)C1CCCN1CC1CCN1,O=C(NCCc1c[nH]c2ccc(O)cc12)C1CCCN1CC1CCN1
scent_drd2,greedy_oracle_static,133,133,165,1,0.9486886858940125,O=C(O)C1CCCN1CC1CCN1,O=C(O)C(c1ccccc1)N(Cc1c[nH]c2cc(Br)ccc12)C(=O)C1CCCN1CC1CCN1
scent_drd2,greedy_oracle_static,134,134,166,1,0.6879499554634094,O=C(O)C1CCCN1CC1CCN1,O=C(NCc1ccc(O)cc1)C1CCCN1CC1CCN1
scent_drd2,greedy_oracle_static,135,135,167,1,0.5847609639167786,O=C(O)C1CCCN1CC1CCN1,O=C(CCl)c1ccc(N2CCC2CN2CCCC2C(=O)O)cc1NC(Cc1c[nH]c2ccccc12)C(=O)O
scent_drd2,greedy_oracle_static,136,136,168,1,0.5313201546669006,O=C(O)C1CCCN1CC1CCN1,O=C(O)C1Cc2ccccc2CN1C(=O)C1CCCN1CC1CCN1
scent_drd2,greedy_oracle_static,137,137,169,1,0.5309696793556213,O=C(O)C1CCCN1CC1CCN1,N#Cc1ccc(N)c(N(CCN)C(=O)C2CCCN2CC2CCN2)c1
scent_drd2,greedy_oracle_static,138,138,171,2,0.6890013217926025,O=C1CCN(CC2CCCN2)C1,N#Cc1cc(Br)cc(NC2CCN(CC3CCCN3)C2)c1
scent_drd2,greedy_oracle_static,139,139,172,1,0.6420441269874573,O=C1CCN(CC2CCCN2)C1,Oc1ccc(F)cc1NC1CCN(CC2CCCN2)C1
scent_drd2,greedy_oracle_static,140,140,173,1,0.6020137667655945,O=C1CCN(CC2CCCN2)C1,O=C1CCN(CC2CCCN2C(CCl)c2ccc(Cl)c(Cl)c2)C1
scent_drd2,greedy_oracle_static,141,141,174,1,0.560253918170929,O=C1CCN(CC2CCCN2)C1,O=C1CCN(CC2CCCN2C(CCl)c2ccc(F)cc2N2CCC2C(=O)O)C1
scent_drd2,greedy_oracle_static,142,142,175,1,0.5513740181922913,O=C1CCN(CC2CCCN2)C1,c1ccc(CCNC2CCN(CC3CCCN3)C2)cc1
scent_drd2,greedy_oracle_static,143,143,176,1,0.5484758615493774,O=C1CCN(CC2CCCN2)C1,c1ccc(-n2cccc2)c(NC2CCN(CC3CCCN3)C2)c1
scent_drd2,greedy_oracle_static,144,144,178,2,0.9124395847320557,CCC(N)CN1CCCC1C(=O)O,CCC(N)CN1CCCC1C(=O)N(c1ccc(Br)cc1O)C(CBr)c1cccc(C#N)c1
scent_drd2,greedy_oracle_static,145,145,179,1,0.8978386521339417,CCC(N)CN1CCCC1C(=O)O,CCC(N)CN1CCCC1C(=O)N(c1cc(F)ccc1C(=O)CCl)C(Cc1c[nH]c2ccccc12)C(=O)O
scent_drd2,greedy_oracle_static,146,146,180,1,0.8534741401672363,CCC(N)CN1CCCC1C(=O)O,CCC(CN1CCCC1C(=O)O)Nc1cc(NCCc2c[nH]c3ccccc23)ccn1
scent_drd2,greedy_oracle_static,147,147,181,1,0.8295987248420715,CCC(N)CN1CCCC1C(=O)O,CCC(N)CN1CCCC1C(=O)NCCc1c[nH]c2ccccc12
scent_drd2,greedy_oracle_static,148,148,182,1,0.5569807887077332,CCC(N)CN1CCCC1C(=O)O,CCC(CN1CCCC1C(=O)O)NCc1c[nH]c2ccc(C#N)cc12
scent_drd2,greedy_oracle_static,149,149,185,3,0.9999989867210388,COc1ccccc1CCN(CCN)C1CNC1,COc1ccccc1CCN(CCNCc1c[nH]c2ccc(Br)cc12)C1CNC1
scent_drd2,greedy_oracle_static,150,150,186,1,0.9999983906745911,COc1ccccc1CCN(CCN)C1CNC1,COc1ccccc1CCN(CCN)C1CN(Cc2c[nH]c3ccc(F)cc23)C1
scent_drd2,greedy_oracle_static,151,151,187,1,0.9999973177909851,COc1ccccc1CCN(CCN)C1CNC1,COc1ccccc1CCN(CCNC(=O)c1ccc(N)c(Br)c1)C1CNC1
scent_drd2,greedy_oracle_static,152,152,188,1,0.9999934434890747,COc1ccccc1CCN(CCN)C1CNC1,COc1ccccc1CCN(CCNC(CCl)c1ccc(Cl)c(Cl)c1)C1CNC1
scent_drd2,greedy_oracle_static,153,153,189,1,0.9950633645057678,COc1ccccc1CCN(CCN)C1CNC1,COc1ccccc1CCN(CCNCC(N)Cc1ccc(O)cc1)C1CNC1
scent_drd2,greedy_oracle_static,154,154,190,1,0.9945154190063477,COc1ccccc1CCN(CCN)C1CNC1,COc1ccccc1CCN(CCN)C1CN(C(CCl)c2ccc(F)cc2F)C1
scent_drd2,greedy_oracle_static,155,155,191,1,0.993407130241394,COc1ccccc1CCN(CCN)C1CNC1,COc1ccccc1CCN(CCNc1cc(F)ccc1C(=O)CCl)C1CNC1
scent_drd2,greedy_oracle_static,156,156,192,1,0.9902817606925964,COc1ccccc1CCN(CCN)C1CNC1,COc1ccccc1CCN(CCN)C1CN(CC2CCN2c2cc(F)ccc2C(=O)CCl)C1
scent_drd2,greedy_oracle_static,157,157,193,1,0.9885890483856201,COc1ccccc1CCN(CCN)C1CNC1,COc1ccccc1CCN(CCN)C1CN(c2ccc(O)c(N)c2)C1
scent_drd2,greedy_oracle_static,158,158,194,1,0.9882827401161194,COc1ccccc1CCN(CCN)C1CNC1,COc1ccccc1CCN(CCNc1ccc2c(C=O)c[nH]c2c1)C1CNC1
scent_drd2,greedy_oracle_static,159,159,195,1,0.9862029552459717,COc1ccccc1CCN(CCN)C1CNC1,COc1ccccc1CCN(CCNCc1cccc(N=C=S)c1)C1CNC1
scent_drd2,greedy_oracle_static,160,160,196,1,0.9637631773948669,COc1ccccc1CCN(CCN)C1CNC1,COc1ccccc1CCN(CCN)C1CN(C(=O)c2cccc(F)c2F)C1
scent_drd2,greedy_oracle_static,161,161,197,1,0.9563535451889038,COc1ccccc1CCN(CCN)C1CNC1,COc1ccccc1CCN(CCN)C1CN(CC(NCc2c[nH]c3cc(Br)ccc23)c2ccccc2)C1
scent_drd2,greedy_oracle_static,162,162,198,1,0.9532476663589478,COc1ccccc1CCN(CCN)C1CNC1,COc1ccccc1CCN(CCNS(=O)(=O)c1cccc(Br)n1)C1CNC1
scent_drd2,greedy_oracle_static,163,163,199,1,0.9377303123474121,COc1ccccc1CCN(CCN)C1CNC1,COc1ccccc1CCN(CCN)C1CN(CC(Cc2c[nH]c3ccccc23)Nc2cccnc2F)C1
scent_drd2,greedy_oracle_static,164,164,200,1,0.9332502484321594,COc1ccccc1CCN(CCN)C1CNC1,COc1ccccc1CCN(CCNc1ncc2[nH]ccc2n1)C1CNC1
scent_drd2,greedy_oracle_static,165,165,201,1,0.9240515828132629,COc1ccccc1CCN(CCN)C1CNC1,COc1ccccc1CCN(CCNC(=O)C(N)Cc1c[nH]c2ccccc12)C1CNC1
scent_drd2,greedy_oracle_static,166,166,202,1,0.9148194193840027,COc1ccccc1CCN(CCN)C1CNC1,COc1ccccc1CCN(CCN)C1CN(Cc2ccc(NC3CNC3)c(N)c2)C1
scent_drd2,greedy_oracle_static,167,167,203,1,0.9107251167297363,COc1ccccc1CCN(CCN)C1CNC1,COc1ccccc1CCN(CCNCC1Cc2ccccc2CN1)C1CNC1
scent_drd2,greedy_oracle_static,168,168,204,1,0.9096729755401611,COc1ccccc1CCN(CCN)C1CNC1,COc1ccccc1CCN(CCNC(=O)Nc1cc(C#N)ccc1O)C1CNC1
scent_drd2,greedy_oracle_static,169,169,205,1,0.8747003078460693,COc1ccccc1CCN(CCN)C1CNC1,COc1ccccc1CCN(CCN)C1CN(C(=O)C(N)CCNCCc2c[nH]c3ccc(O)cc23)C1
scent_drd2,greedy_oracle_static,170,170,206,1,0.8569603562355042,COc1ccccc1CCN(CCN)C1CNC1,COc1ccccc1CCN(CCN)C1CN(c2nccc(C=O)c2F)C1
scent_drd2,greedy_oracle_static,171,171,207,1,0.8441816568374634,COc1ccccc1CCN(CCN)C1CNC1,COc1ccccc1CCN(CCN)C1CN(CC(N)Cc2cccs2)C1
scent_drd2,greedy_oracle_static,172,172,208,1,0.8429490327835083,COc1ccccc1CCN(CCN)C1CNC1,COc1ccccc1CCN(CCNCCNc1cc(N)cc(C#N)c1)C1CNC1
scent_drd2,greedy_oracle_static,173,173,209,1,0.8393260836601257,COc1ccccc1CCN(CCN)C1CNC1,COc1ccccc1CCN(CCN)C1CN(C(=O)Nc2cc(Br)cc(C#N)c2)C1
scent_drd2,greedy_oracle_static,174,174,210,1,0.8033500909805298,COc1ccccc1CCN(CCN)C1CNC1,COc1ccccc1CCN(CCNc1c(C(F)(F)F)nc2ccccc2c1O)C1CNC1
scent_drd2,greedy_oracle_static,175,175,211,1,0.785531222820282,COc1ccccc1CCN(CCN)C1CNC1,COc1ccccc1CCN(CCN)C1CN(c2ccccc2CNC(C)C(=O)O)C1
scent_drd2,greedy_oracle_static,176,176,212,1,0.7846103310585022,COc1ccccc1CCN(CCN)C1CNC1,COc1ccccc1CCN(CCN)C1CN(S(=O)(=O)c2cccc(Br)c2)C1
scent_drd2,greedy_oracle_static,177,177,213,1,0.784566342830658,COc1ccccc1CCN(CCN)C1CNC1,COc1ccccc1CCN(CCN)C1CN(C(C)c2cccc(B(O)O)c2)C1
scent_drd2,greedy_oracle_static,178,178,214,1,0.7326228618621826,COc1ccccc1CCN(CCN)C1CNC1,COc1ccccc1CCN(CCNc1ccc(NC(CBr)c2cccc(C#N)c2)c(O)c1)C1CNC1
scent_drd2,greedy_oracle_static,179,179,215,1,0.6998215913772583,COc1ccccc1CCN(CCN)C1CNC1,COc1ccccc1CCN(CCN)C1CN(C2CCCNC2)C1
scent_drd2,greedy_oracle_static,180,180,216,1,0.6181194186210632,COc1ccccc1CCN(CCN)C1CNC1,COc1ccccc1CCN(CCN)C1CN(C(=O)NC(Cc2ccc(O)cc2)C(=O)O)C1
scent_drd2,greedy_oracle_static,181,181,217,1,0.5652033090591431,COc1ccccc1CCN(CCN)C1CNC1,COc1ccccc1CCN(CCNCCCN1CCCC1C(F)(F)F)C1CNC1
scent_drd2,greedy_oracle_static,182,182,218,1,0.5617174506187439,COc1ccccc1CCN(CCN)C1CNC1,COc1ccccc1CCN(CCN)C1CN(c2ccc(C(=O)CCl)c(NC(Cc3c[nH]c4ccccc34)C(=O)O)c2)C1
scent_drd2,greedy_oracle_static,183,183,219,1,0.5567650198936462,COc1ccccc1CCN(CCN)C1CNC1,COc1ccccc1CCN(CCN)C1CN(C(=O)N(c2ccc(Br)cc2O)C(CBr)c2cccc(C#N)c2)C1
scent_drd2,greedy_oracle_static,184,184,220,1,0.5191762447357178,COc1ccccc1CCN(CCN)C1CNC1,COc1ccccc1CCN(C(=O)NCCN(CCc1ccccc1OC)C1CNC1)c1ccnc(F)c1
scent_drd2,greedy_oracle_static,185,185,221,1,0.5187310576438904,COc1ccccc1CCN(CCN)C1CNC1,COc1ccccc1CCN(CCN)C1CN(C(=O)N(c2ccc(C(=O)O)cc2N)C2CNC2)C1
scent_drd2,greedy_oracle_static,186,186,223,2,0.9950636029243469,Fc1ccc(CNc2cccc3cc[nH]c23)cc1,NC(CCCN1CCCCC1)C(=O)N(Cc1ccc(F)cc1)c1cccc2cc[nH]c12
scent_drd2,greedy_oracle_static,187,187,224,1,0.9940382242202759,Fc1ccc(CNc2cccc3cc[nH]c23)cc1,OCC1CCCN1CCCN(Cc1ccc(F)cc1)c1cccc2cc[nH]c12
scent_drd2,greedy_oracle_static,188,188,225,1,0.7884445786476135,Fc1ccc(CNc2cccc3cc[nH]c23)cc1,Fc1ccc(CN(c2cccc3cc[nH]c23)C2CCCNC2)cc1
scent_drd2,greedy_oracle_static,189,189,228,3,0.9999990463256836,COc1ccccc1CCNCCN(C)CCCN,COc1cccc2c1CCN(CCN(C)CCCN)C2c1c[nH]c2ccc(Br)cc12
scent_drd2,greedy_oracle_static,190,190,229,1,0.999998152256012,COc1ccccc1CCNCCN(C)CCCN,COc1ccccc1CCNCCN(C)CCCNCc1c[nH]c2ccc(F)cc12
scent_drd2,greedy_oracle_static,191,191,230,1,0.9999973773956299,COc1ccccc1CCNCCN(C)CCCN,COc1ccccc1CCN(CCN(C)CCCN)Cc1c[nH]c2ccc(Br)cc12
scent_drd2,greedy_oracle_static,192,192,231,1,0.9972912073135376,COc1ccccc1CCNCCN(C)CCCN,COc1ccccc1CCN(CCN(C)CCCN)C(CCl)c1ccc(Cl)c(Cl)c1
scent_drd2,greedy_oracle_static,193,193,232,1,0.9947925209999084,COc1ccccc1CCNCCN(C)CCCN,COc1ccccc1CCNCCN(C)CCCNC(CCl)c1ccc(Br)cc1
scent_drd2,greedy_oracle_static,194,194,233,1,0.9907538294792175,COc1ccccc1CCNCCN(C)CCCN,COc1ccccc1CCNCCN(C)CCCNc1ccnc(F)c1
scent_drd2,greedy_oracle_static,195,195,234,1,0.9873471856117249,COc1ccccc1CCNCCN(C)CCCN,COc1ccccc1CCN(CCN(C)CCCN)c1ccc2[nH]cc(C=O)c2c1
scent_drd2,greedy_oracle_static,196,196,235,1,0.9717854261398315,COc1ccccc1CCNCCN(C)CCCN,COc1ccccc1CCN(CCN(C)CCCN)c1cc(F)ccc1C(=O)CCl
scent_drd2,greedy_oracle_static,197,197,236,1,0.9717047214508057,COc1ccccc1CCNCCN(C)CCCN,COc1ccccc1CCNCCN(C)CCCNC(=O)c1ccc(O)c(N)c1
scent_drd2,greedy_oracle_static,198,198,237,1,0.9407302141189575,COc1ccccc1CCNCCN(C)CCCN,COc1ccccc1CCN(CCN(C)CCCN)c1ncc(Br)cc1C
scent_drd2,greedy_oracle_static,199,199,238,1,0.9336824417114258,COc1ccccc1CCNCCN(C)CCCN,COc1ccccc1CCN(CCN(C)CCCN)CC(N)Cc1ccc(O)cc1
scent_drd2,greedy_oracle_static,200,200,239,1,0.9284951686859131,COc1ccccc1CCNCCN(C)CCCN,COc1ccccc1CCN(CCN(C)CCCN)C(=O)c1ccc(N)c(Br)c1
scent_drd2,greedy_oracle_static,201,201,240,1,0.9283860325813293,COc1ccccc1CCNCCN(C)CCCN,COc1ccccc1CCNCCN(C)CCCNCC(N)Cc1cccs1
scent_drd2,greedy_oracle_static,202,202,241,1,0.9207735657691956,COc1ccccc1CCNCCN(C)CCCN,COc1ccccc1CCN(CCN(C)CCCN)CC(Cc1c[nH]c2ccccc12)Nc1cc(F)ccc1C(=O)CCl
scent_drd2,greedy_oracle_static,203,203,242,1,0.9157900810241699,COc1ccccc1CCNCCN(C)CCCN,COc1ccccc1CCNCCN(C)CCCNC(=O)Nc1cc(Br)cc(C#N)c1
scent_drd2,greedy_oracle_static,204,204,243,1,0.9153605103492737,COc1ccccc1CCNCCN(C)CCCN,COc1ccccc1CCN(CCN(C)CCCN)C(=O)NCCc1c[nH]c2ccc(O)cc12
scent_drd2,greedy_oracle_static,205,205,244,1,0.8847886919975281,COc1ccccc1CCNCCN(C)CCCN,COc1ccccc1CCN(CCN(C)CCCN)c1cc(NCCc2c[nH]c3ccccc23)ccn1
scent_drd2,greedy_oracle_static,206,206,245,1,0.8803644776344299,COc1ccccc1CCNCCN(C)CCCN,CCC1c2cccc(OC)c2CCN1CCN(C)CCCN
scent_drd2,greedy_oracle_static,207,207,246,1,0.8669155836105347,COc1ccccc1CCNCCN(C)CCCN,COc1ccccc1CCN(CCN(C)CCCN)Cc1cccc(F)n1
scent_drd2,greedy_oracle_static,208,208,247,1,0.8461138606071472,COc1ccccc1CCNCCN(C)CCCN,COc1ccccc1CCN(CCN(C)CCCN)C1CCC1
scent_drd2,greedy_oracle_static,209,209,248,1,0.8317241668701172,COc1ccccc1CCNCCN(C)CCCN,COc1ccccc1CCN(CCN(C)CCCN)C(=O)C(N)Cc1c[nH]c2ccccc12
scent_drd2,greedy_oracle_static,210,210,249,1,0.8272894620895386,COc1ccccc1CCNCCN(C)CCCN,COc1ccccc1CCN(CCN(C)CCCN)CC1Cc2ccccc2CN1
scent_drd2,greedy_oracle_static,211,211,250,1,0.8163582682609558,COc1ccccc1CCNCCN(C)CCCN,COc1ccccc1CCNCCN(C)CCCNC(=O)C1CCN1c1cc(F)ccc1C(=O)CCl
scent_drd2,greedy_oracle_static,212,212,251,1,0.7880075573921204,COc1ccccc1CCNCCN(C)CCCN,COc1ccccc1CCN(CCN(C)CCCN)c1c(C(F)(F)F)nc2ccccc2c1O
scent_drd2,greedy_oracle_static,213,213,252,1,0.7753955125808716,COc1ccccc1CCNCCN(C)CCCN,COc1ccccc1CCN(CCN(C)CCCN)c1ncc2[nH]ccc2n1
scent_drd2,greedy_oracle_static,214,214,253,1,0.771155059337616,COc1ccccc1CCNCCN(C)CCCN,COc1ccccc1CCNCCN(C)CCCNCc1ccc(NC2CNC2)c(N)c1
scent_drd2,greedy_oracle_static,215,215,254,1,0.6743654012680054,COc1ccccc1CCNCCN(C)CCCN,COc1ccccc1CCN(CCN(C)CCCN)C(C)c1cccc(B(O)O)c1
scent_drd2,greedy_oracle_static,216,216,255,1,0.608909010887146,COc1ccccc1CCNCCN(C)CCCN,COc1ccccc1CCN(CCCN1CCCC1C(F)(F)F)CCN(C)CCCN
scent_drd2,greedy_oracle_static,217,217,256,1,0.6056542992591858,COc1ccccc1CCNCCN(C)CCCN,COc1ccccc1CCNCCN(C)CCCNC(CCl)c1ccc(F)cc1NC(Cc1c[nH]c2ccccc12)C(=O)O
scent_drd2,greedy_oracle_static,218,218,257,1,0.5609617829322815,COc1ccccc1CCNCCN(C)CCCN,COc1ccccc1CCN(CCN(C)CCCN)c1cnc2cccnn12
scent_drd2,greedy_oracle_static,219,219,258,1,0.5297422409057617,COc1ccccc1CCNCCN(C)CCCN,COc1ccccc1CCN(CCN(C)CCCN)C(=O)N(Cc1c[nH]c2cc(Br)ccc12)C(C)c1ccccc1
scent_drd2,greedy_oracle_static,220,220,259,1,0.522177517414093,COc1ccccc1CCNCCN(C)CCCN,COc1ccccc1CCN(CCN(C)CCCN)C(=O)Nc1cccc2cc[nH]c12
scent_drd2,greedy_oracle_static,221,221,260,1,0.9303322434425354,COc1ccccc1CCN,COc1ccccc1CCNCCCN1CCCC1CO
scent_drd2,greedy_oracle_static,222,222,261,1,0.8517152070999146,COc1ccccc1CCN,COc1ccccc1CCNC(CCl)c1ccc(O)c(O)c1
scent_drd2,greedy_oracle_static,223,223,262,1,0.6236184239387512,COc1ccccc1CCN,COc1ccccc1CCNC(=O)c1ccc(NC2CNC2)c(N)c1
scent_drd2,greedy_oracle_static,224,224,265,3,0.9967620372772217,O=C(O)C1CN(CCCNCc2c[nH]c3ccc(Br)cc23)C1,Brc1ccc2[nH]cc(CNCCCN3CC(CNCCc4ccccc4Br)C3)c2c1
scent_drd2,greedy_oracle_static,225,225,266,1,0.9960978031158447,O=C(O)C1CN(CCCNCc2c[nH]c3ccc(Br)cc23)C1,NCCc1ccccc1N(CCCN1CC(C(=O)O)C1)Cc1c[nH]c2ccc(Br)cc12
scent_drd2,greedy_oracle_static,226,226,267,1,0.9943469166755676,O=C(O)C1CN(CCCNCc2c[nH]c3ccc(Br)cc23)C1,Oc1ccc2c(c1)C(C1CN(CCCNCc3c[nH]c4ccc(Br)cc34)C1)=NCC2
scent_drd2,greedy_oracle_static,227,227,268,1,0.9937077164649963,O=C(O)C1CN(CCCNCc2c[nH]c3ccc(Br)cc23)C1,COc1cccc(C(C)N(CCCN2CC(C(=O)O)C2)Cc2c[nH]c3ccc(Br)cc23)c1
scent_drd2,greedy_oracle_static,228,228,269,1,0.9927546977996826,O=C(O)C1CN(CCCNCc2c[nH]c3ccc(Br)cc23)C1,O=C(O)C1CN(CCCN(Cc2c[nH]c3ccc(Br)cc23)CC2Cc3ccccc3CN2)C1
scent_drd2,greedy_oracle_static,229,229,270,1,0.9895823001861572,O=C(O)C1CN(CCCNCc2c[nH]c3ccc(Br)cc23)C1,NCc1cccc(OC(=O)C2CN(CCCNCc3c[nH]c4ccc(Br)cc34)C2)c1
scent_drd2,greedy_oracle_static,230,230,271,1,0.9834911227226257,O=C(O)C1CN(CCCNCc2c[nH]c3ccc(Br)cc23)C1,CCc1ccccc1Cn1cc(CNCCCN2CC(C(=O)O)C2)c2cc(Br)ccc21
scent_drd2,greedy_oracle_static,231,231,272,1,0.9795022010803223,O=C(O)C1CN(CCCNCc2c[nH]c3ccc(Br)cc23)C1,Fc1ccc2oc(C3CN(CCCNCc4c[nH]c5ccc(Br)cc45)C3)nc2c1
scent_drd2,greedy_oracle_static,232,232,273,1,0.9743909239768982,O=C(O)C1CN(CCCNCc2c[nH]c3ccc(Br)cc23)C1,COc1ccccc1CCNc1ccc2[nH]cc(CNCCCN3CC(C(=O)O)C3)c2c1
scent_drd2,greedy_oracle_static,233,233,274,1,0.9715588688850403,O=C(O)C1CN(CCCNCc2c[nH]c3ccc(Br)cc23)C1,N#Cc1ccc(N)c(N(CCN)CC2CN(CCCNCc3c[nH]c4ccc(Br)cc34)C2)c1
scent_drd2,greedy_oracle_static,234,234,275,1,0.9595583081245422,O=C(O)C1CN(CCCNCc2c[nH]c3ccc(Br)cc23)C1,O=C(CCl)c1ccc(F)cc1N1CCC1C(=O)N(CCCN1CC(C(=O)O)C1)Cc1c[nH]c2ccc(Br)cc12
scent_drd2,greedy_oracle_static,235,235,276,1,0.9544508457183838,O=C(O)C1CN(CCCNCc2c[nH]c3ccc(Br)cc23)C1,O=C(O)C1CN(CCCN(Cc2c[nH]c3ccc(Br)cc23)C(=O)C(NCCBr)c2ccccc2)C1
scent_drd2,greedy_oracle_static,236,236,277,1,0.9498707056045532,O=C(O)C1CN(CCCNCc2c[nH]c3ccc(Br)cc23)C1,COc1ccccc1CCN(CC1CN(CCCNCc2c[nH]c3ccc(Br)cc23)C1)c1ccnc(F)c1
scent_drd2,greedy_oracle_static,237,237,278,1,0.9314719438552856,O=C(O)C1CN(CCCNCc2c[nH]c3ccc(Br)cc23)C1,Nc1cc(CN(CCCN2CC(C(=O)O)C2)Cc2c[nH]c3ccc(Br)cc23)ccc1NC1CNC1
scent_drd2,greedy_oracle_static,238,238,279,1,0.9258100986480713,O=C(O)C1CN(CCCNCc2c[nH]c3ccc(Br)cc23)C1,O=C(O)c1ccc2c(c1)nc(C1CN(CCCNCc3c[nH]c4ccc(Br)cc34)C1)n2C1CNC1
scent_drd2,greedy_oracle_static,239,239,280,1,0.9066374897956848,O=C(O)C1CN(CCCNCc2c[nH]c3ccc(Br)cc23)C1,N#Cc1ccc(N)c(N(CCN)C(=O)N(CCCN2CC(C(=O)O)C2)Cc2c[nH]c3ccc(Br)cc23)c1
scent_drd2,greedy_oracle_static,240,240,281,1,0.8952226638793945,O=C(O)C1CN(CCCNCc2c[nH]c3ccc(Br)cc23)C1,O=C(O)C1CN(CCCNCc2c[nH]c3ccc(-c4cc(O)cc(F)c4)cc23)C1
scent_drd2,greedy_oracle_static,241,241,282,1,0.8935754299163818,O=C(O)C1CN(CCCNCc2c[nH]c3ccc(Br)cc23)C1,COc1ccccc1CCN(C(=O)N(CCCN1CC(C(=O)O)C1)Cc1c[nH]c2ccc(Br)cc12)c1ccnc(F)c1
scent_drd2,greedy_oracle_static,242,242,283,1,0.8507047891616821,O=C(O)C1CN(CCCNCc2c[nH]c3ccc(Br)cc23)C1,Nc1cc(C(=O)O)ccc1NC1CN(C(=O)C2CN(CCCNCc3c[nH]c4ccc(Br)cc34)C2)C1
scent_drd2,greedy_oracle_static,243,243,284,1,0.825619101524353,O=C(O)C1CN(CCCNCc2c[nH]c3ccc(Br)cc23)C1,NC(CCNCCc1c[nH]c2ccc(O)cc12)CN(CCCN1CC(C(=O)O)C1)Cc1c[nH]c2ccc(Br)cc12
scent_drd2,greedy_oracle_static,244,244,285,1,0.8223572373390198,O=C(O)C1CN(CCCNCc2c[nH]c3ccc(Br)cc23)C1,N#Cc1cc(N)cc(N(CC(=O)O)C(=O)C2CN(CCCNCc3c[nH]c4ccc(Br)cc34)C2)c1
scent_drd2,greedy_oracle_static,245,245,286,1,0.8123728632926941,O=C(O)C1CN(CCCNCc2c[nH]c3ccc(Br)cc23)C1,O=C(O)C1CN(CCCNCc2c[nH]c3ccc(N(CCBr)C(C(=O)O)c4ccccc4)cc23)C1
scent_drd2,greedy_oracle_static,246,246,287,1,0.7948940396308899,O=C(O)C1CN(CCCNCc2c[nH]c3ccc(Br)cc23)C1,N#Cc1cccc(C(CBr)Nc2ccc(N(CCCN3CC(C(=O)O)C3)Cc3c[nH]c4ccc(Br)cc34)cc2O)c1
scent_drd2,greedy_oracle_static,247,247,288,1,0.7846190333366394,O=C(O)C1CN(CCCNCc2c[nH]c3ccc(Br)cc23)C1,O=C(O)C1Cc2c([nH]c3ccccc23)C(C2CN(CCCNCc3c[nH]c4ccc(Br)cc34)C2)=N1
scent_drd2,greedy_oracle_static,248,248,289,1,0.7824684381484985,O=C(O)C1CN(CCCNCc2c[nH]c3ccc(Br)cc23)C1,O=C(O)C1CN(CCCNCc2c[nH]c3ccc(N4Cc5ccccc5CC4C(=O)O)cc23)C1
scent_drd2,greedy_oracle_static,249,249,290,1,0.7356100678443909,O=C(O)C1CN(CCCNCc2c[nH]c3ccc(Br)cc23)C1,O=C(O)C1CN(CCCN(Cc2c[nH]c3ccc(Br)cc23)S(=O)(=O)c2ccc(F)nc2)C1
scent_drd2,greedy_oracle_static,250,250,291,1,0.6516506671905518,O=C(O)C1CN(CCCNCc2c[nH]c3ccc(Br)cc23)C1,N#Cc1ccc(Nc2ccc3[nH]cc(CNCCCN4CC(C(=O)O)C4)c3c2)c(NCCN)c1
scent_drd2,greedy_oracle_static,251,251,292,1,0.5715326070785522,O=C(O)C1CN(CCCNCc2c[nH]c3ccc(Br)cc23)C1,O=C(O)C1CN(CCCN(Cc2c[nH]c3ccc(Br)cc23)CC(Cc2c[nH]c3ccccc23)Nc2cccnc2F)C1
scent_drd2,greedy_oracle_static,252,252,293,1,0.5670174956321716,O=C(O)C1CN(CCCNCc2c[nH]c3ccc(Br)cc23)C1,CC(c1ccccc1)N(Cc1c[nH]c2cc(Br)ccc12)CC1CN(CCCNCc2c[nH]c3ccc(Br)cc23)C1
scent_drd2,greedy_oracle_static,253,253,294,1,0.5248215198516846,O=C(O)C1CN(CCCNCc2c[nH]c3ccc(Br)cc23)C1,N#Cc1cccc(C(Cn2cc(CNCCCN3CC(C(=O)O)C3)c3cc(Br)ccc32)Nc2ccc(Br)cc2O)c1
scent_drd2,greedy_oracle_static,254,254,297,3,0.9999992847442627,c1cc(NC2CCN(CC3CCN3)CC2)c2[nH]ccc2c1,ClCC(c1ccc(Br)cc1)N(c1cccc2cc[nH]c12)C1CCN(CC2CCN2)CC1
scent_drd2,greedy_oracle_static,255,255,298,1,0.9999962449073792,c1cc(NC2CCN(CC3CCN3)CC2)c2[nH]ccc2c1,O=C(CCl)c1ccc(F)cc1N(c1cccc2cc[nH]c12)C1CCN(CC2CCN2)CC1
scent_drd2,greedy_oracle_static,256,256,299,1,0.9999927282333374,c1cc(NC2CCN(CC3CCN3)CC2)c2[nH]ccc2c1,Fc1cccc(CN(c2cccc3cc[nH]c23)C2CCN(CC3CCN3)CC2)c1F
scent_drd2,greedy_oracle_static,257,257,300,1,0.9972044825553894,c1cc(NC2CCN(CC3CCN3)CC2)c2[nH]ccc2c1,N#Cc1ccc(N(c2cccc3cc[nH]c23)C2CCN(CC3CCN3)CC2)cc1CBr
scent_drd2,greedy_oracle_static,258,258,301,1,0.9951387643814087,c1cc(NC2CCN(CC3CCN3)CC2)c2[nH]ccc2c1,O=C(CCl)c1ccc(F)cc1N1CCC1CN1CCC(Nc2cccc3cc[nH]c23)CC1
scent_drd2,greedy_oracle_static,259,259,302,1,0.9944283962249756,c1cc(NC2CCN(CC3CCN3)CC2)c2[nH]ccc2c1,Nc1ccc(C(=O)N(c2cccc3cc[nH]c23)C2CCN(CC3CCN3)CC2)cc1Br
scent_drd2,greedy_oracle_static,260,260,303,1,0.992990255355835,c1cc(NC2CCN(CC3CCN3)CC2)c2[nH]ccc2c1,ClCC(c1ccc(Br)cc1)N1CCC1CN1CCC(Nc2cccc3cc[nH]c23)CC1
scent_drd2,greedy_oracle_static,261,261,304,1,0.9883162379264832,c1cc(NC2CCN(CC3CCN3)CC2)c2[nH]ccc2c1,Fc1cccc(Cn2ccc3cccc(NC4CCN(CC5CCN5)CC4)c32)c1
scent_drd2,greedy_oracle_static,262,262,305,1,0.9716588854789734,c1cc(NC2CCN(CC3CCN3)CC2)c2[nH]ccc2c1,Cc1ccnc(N(c2cccc3cc[nH]c23)C2CCN(CC3CCN3)CC2)c1N
scent_drd2,greedy_oracle_static,263,263,306,1,0.9652597308158875,c1cc(NC2CCN(CC3CCN3)CC2)c2[nH]ccc2c1,NC(Cc1c[nH]c2ccccc12)CN(c1cccc2cc[nH]c12)C1CCN(CC2CCN2)CC1
scent_drd2,greedy_oracle_static,264,264,307,1,0.9617170691490173,c1cc(NC2CCN(CC3CCN3)CC2)c2[nH]ccc2c1,O=S(=O)(c1ccc(F)nc1)N(c1cccc2cc[nH]c12)C1CCN(CC2CCN2)CC1
scent_drd2,greedy_oracle_static,265,265,308,1,0.9531702399253845,c1cc(NC2CCN(CC3CCN3)CC2)c2[nH]ccc2c1,N#Cc1ccc2[nH]cc(CN3CCC3CN3CCC(Nc4cccc5cc[nH]c45)CC3)c2c1
scent_drd2,greedy_oracle_static,266,266,309,1,0.9514506459236145,c1cc(NC2CCN(CC3CCN3)CC2)c2[nH]ccc2c1,N#Cc1cc(N)cc(NCCN(c2cccc3cc[nH]c23)C2CCN(CC3CCN3)CC2)c1
scent_drd2,greedy_oracle_static,267,267,310,1,0.9452601671218872,c1cc(NC2CCN(CC3CCN3)CC2)c2[nH]ccc2c1,Oc1c(N(c2cccc3cc[nH]c23)C2CCN(CC3CCN3)CC2)c(C(F)(F)F)nc2ccccc12
scent_drd2,greedy_oracle_static,268,268,311,1,0.9383008480072021,c1cc(NC2CCN(CC3CCN3)CC2)c2[nH]ccc2c1,O=C(NCCc1c[nH]c2ccc(O)cc12)N(c1cccc2cc[nH]c12)C1CCN(CC2CCN2)CC1
scent_drd2,greedy_oracle_static,269,269,312,1,0.9354163408279419,c1cc(NC2CCN(CC3CCN3)CC2)c2[nH]ccc2c1,NC(Cc1ccc(O)cc1)CN1CCC1CN1CCC(Nc2cccc3cc[nH]c23)CC1
scent_drd2,greedy_oracle_static,270,270,313,1,0.9105716347694397,c1cc(NC2CCN(CC3CCN3)CC2)c2[nH]ccc2c1,Nc1cc(C(=O)N2CCC2CN2CCC(Nc3cccc4cc[nH]c34)CC2)ccc1O
scent_drd2,greedy_oracle_static,271,271,314,1,0.9037503004074097,c1cc(NC2CCN(CC3CCN3)CC2)c2[nH]ccc2c1,COc1ccccc1CCNc1ccnc(N(c2cccc3cc[nH]c23)C2CCN(CC3CCN3)CC2)c1
scent_drd2,greedy_oracle_static,272,272,315,1,0.8840292692184448,c1cc(NC2CCN(CC3CCN3)CC2)c2[nH]ccc2c1,c1cc(N(C2CCN(CC3CCN3)CC2)C2CCNC2)c2[nH]ccc2c1
scent_drd2,greedy_oracle_static,273,273,316,1,0.831383466720581,c1cc(NC2CCN(CC3CCN3)CC2)c2[nH]ccc2c1,Oc1c(N2CCC2CN2CCC(Nc3cccc4cc[nH]c34)CC2)c(C(F)(F)F)nc2ccccc12
scent_drd2,greedy_oracle_static,274,274,317,1,0.7547685503959656,c1cc(NC2CCN(CC3CCN3)CC2)c2[nH]ccc2c1,COc1ccccc1CCN(C(=O)N1CCC1CN1CCC(Nc2cccc3cc[nH]c23)CC1)c1ccnc(F)c1
scent_drd2,greedy_oracle_static,275,275,318,1,0.7539937496185303,c1cc(NC2CCN(CC3CCN3)CC2)c2[nH]ccc2c1,O=S(=O)(c1ccc(F)nc1)N1CCC1CN1CCC(Nc2cccc3cc[nH]c23)CC1
scent_drd2,greedy_oracle_static,276,276,319,1,0.7312061190605164,c1cc(NC2CCN(CC3CCN3)CC2)c2[nH]ccc2c1,O=C(Nc1ccnc2ccccc12)N(c1cccc2cc[nH]c12)C1CCN(CC2CCN2)CC1
scent_drd2,greedy_oracle_static,277,277,320,1,0.618855893611908,c1cc(NC2CCN(CC3CCN3)CC2)c2[nH]ccc2c1,O=C(N(CCc1c[nH]c2ccccc12)c1ccnc(F)c1)N(c1cccc2cc[nH]c12)C1CCN(CC2CCN2)CC1
scent_drd2,greedy_oracle_static,278,278,321,1,0.6066001653671265,c1cc(NC2CCN(CC3CCN3)CC2)c2[nH]ccc2c1,Brc1ccc2c(CNC(CN3CCC3CN3CCC(Nc4cccc5cc[nH]c45)CC3)c3ccccc3)c[nH]c2c1
scent_drd2,greedy_oracle_static,279,279,322,1,0.5932983160018921,c1cc(NC2CCN(CC3CCN3)CC2)c2[nH]ccc2c1,O=C(O)C1Cc2ccccc2CN1C(=O)N(c1cccc2cc[nH]c12)C1CCN(CC2CCN2)CC1
scent_drd2,greedy_oracle_static,280,280,323,1,0.580373227596283,c1cc(NC2CCN(CC3CCN3)CC2)c2[nH]ccc2c1,N#Cc1cccc(C(Cn2ccc3cccc(NC4CCN(CC5CCN5)CC4)c32)Nc2ccc(Br)cc2O)c1
scent_drd2,greedy_oracle_static,281,281,324,1,0.5652784109115601,c1cc(NC2CCN(CC3CCN3)CC2)c2[nH]ccc2c1,O=C1Cc2ccc(C(=O)Cn3ccc4cccc(NC5CCN(CC6CCN6)CC5)c43)cc2N1
scent_drd2,greedy_oracle_static,282,282,325,1,0.5562053322792053,c1cc(NC2CCN(CC3CCN3)CC2)c2[nH]ccc2c1,N#Cc1cccc(C(CBr)N(C(=O)N2CCC2CN2CCC(Nc3cccc4cc[nH]c34)CC2)c2ccc(Br)cc2O)c1
scent_drd2,greedy_oracle_static,283,283,326,1,0.5109006762504578,c1cc(NC2CCN(CC3CCN3)CC2)c2[nH]ccc2c1,Nc1nc(N2CCC2CN2CCC(Nc3cccc4cc[nH]c34)CC2)nc2[nH]cnc12
scent_drd2,greedy_oracle_static,284,284,328,2,0.9468413591384888,O=C(O)C1CCCN1Cc1c[nH]c2ccc(Br)cc12,O=C(NCCc1ccc(O)cc1)C1CCCN1Cc1c[nH]c2ccc(Br)cc12
scent_drd2,greedy_oracle_static,285,285,329,1,0.7992715835571289,O=C(O)C1CCCN1Cc1c[nH]c2ccc(Br)cc12,O=C(O)C1CCCN1Cc1c[nH]c2ccc(NCCc3ccccc3Br)cc12
scent_drd2,greedy_oracle_static,286,286,330,1,0.7699649930000305,O=C(O)C1CCCN1Cc1c[nH]c2ccc(Br)cc12,NC(CCN(CCc1c[nH]c2ccc(O)cc12)C(=O)C1CCCN1Cc1c[nH]c2ccc(Br)cc12)C(=O)O
scent_drd2,greedy_oracle_static,287,287,331,1,0.7097577452659607,O=C(O)C1CCCN1Cc1c[nH]c2ccc(Br)cc12,Nc1cc(C(=O)O)ccc1N(c1ccc2[nH]cc(CN3CCCC3C(=O)O)c2c1)C1CNC1
scent_drd2,greedy_oracle_static,288,288,332,1,0.6637260913848877,O=C(O)C1CCCN1Cc1c[nH]c2ccc(Br)cc12,NCCN1CCN(c2ccc3[nH]cc(CN4CCCC4C(=O)O)c3c2)CC1
scent_drd2,greedy_oracle_static,289,289,333,1,0.6481063365936279,O=C(O)C1CCCN1Cc1c[nH]c2ccc(Br)cc12,O=C(O)C1CCCN1Cc1c[nH]c2ccc(N(CC3CNC3)C(Cc3ccccc3)C(=O)O)cc12
scent_drd2,greedy_oracle_static,290,290,334,1,0.62473064661026,O=C(O)C1CCCN1Cc1c[nH]c2ccc(Br)cc12,CC(C(=O)O)N(Cc1ccccc1Br)C(=O)C1CCCN1Cc1c[nH]c2ccc(Br)cc12
scent_drd2,greedy_oracle_static,291,291,335,1,0.6064305901527405,O=C(O)C1CCCN1Cc1c[nH]c2ccc(Br)cc12,N#Cc1ccc(N)c(N(CCN)c2ccc3[nH]cc(CN4CCCC4C(=O)O)c3c2)c1
scent_drd2,greedy_oracle_static,292,292,336,1,0.5148032903671265,O=C(O)C1CCCN1Cc1c[nH]c2ccc(Br)cc12,O=C(O)C(CCNCCc1c[nH]c2ccc(O)cc12)Nc1ccc2[nH]cc(CN3CCCC3C(=O)O)c2c1
scent_drd2,greedy_oracle_static,293,293,337,1,0.5071861743927002,O=C(O)C1CCCN1Cc1c[nH]c2ccc(Br)cc12,O=C(C1CCCN1Cc1c[nH]c2ccc(Br)cc12)N(CCc1c[nH]c2ccccc12)c1ccnc(F)c1
scent_drd2,greedy_oracle_static,294,294,340,3,0.9999998211860657,COc1ccccc1CCN(Cc1c[nH]c2cc(Br)ccc12)C1CCCNC1,COc1ccccc1CCN(Cc1c[nH]c2cc(Br)ccc12)C1CCCN(C2CNC2)C1
scent_drd2,greedy_oracle_static,295,295,341,1,0.9929254055023193,COc1ccccc1CCN(Cc1c[nH]c2cc(Br)ccc12)C1CCCNC1,COc1ccccc1CCN(Cc1c[nH]c2cc(N3CCN(CCN)CC3)ccc12)C1CCCNC1
scent_drd2,greedy_oracle_static,296,296,342,1,0.9807929396629333,COc1ccccc1CCN(Cc1c[nH]c2cc(Br)ccc12)C1CCCNC1,CCn1cc(CN(CCc2ccccc2OC)C2CCCNC2)c2ccc(Br)cc21
scent_drd2,greedy_oracle_static,297,297,345,3,0.9999997019767761,COc1ccccc1CCNC1CCCN(CCCN)C1,COc1cccc2c1CCN(C1CCCN(CCCN)C1)C2c1c[nH]c2cc(Br)ccc12
scent_drd2,greedy_oracle_static,298,298,346,1,0.9999991655349731,COc1ccccc1CCNC1CCCN(CCCN)C1,COc1ccccc1CCNC1CCCN(CCCNCc2ccc(F)cc2)C1
scent_drd2,greedy_oracle_static,299,299,347,1,0.999991774559021,COc1ccccc1CCNC1CCCN(CCCN)C1,COc1ccccc1CCN(C1CCCN(CCCN)C1)C(CCl)c1ccc(F)cc1F
scent_drd2,greedy_oracle_static,300,300,348,1,0.9999894499778748,COc1ccccc1CCNC1CCCN(CCCN)C1,COc1ccccc1CCN(c1ccc(O)c(N)c1)C1CCCN(CCCN)C1
