tag,arm,step,cum_modes,cum_reactions,reactions_added,reward,source_hub,smiles
fraggfn_seh,best_candidate,1,1,5,5,8.499491691589355,c1c[nH]c(-c2cc(C3CCC(c4ccc(C5CCCN5)cc4)OC3)c[nH]2)c1,c1ccc2cc(-c3c[nH]c(-c4cc(C5CCC(c6ccc(C7CCCN7)cc6)OC5)c[nH]4)c3)ccc2c1
fraggfn_seh,best_candidate,2,2,10,5,8.372932434082031,c1ccc(-c2c[nH]c(-c3c[nH]c(C4CCC(c5ccc6ccccc6c5)OC4)c3)c2)nc1,c1cc(-c2c[nH]c(-c3c[nH]c(C4CCC(c5ccc6ccccc6c5)OC4)c3)c2)nc(C2CCNC2)c1
fraggfn_seh,best_candidate,3,3,15,5,8.342184066772461,c1ccc(C2CCC(c3cc(-c4cc(C5CCNC5)c[nH]4)c[nH]3)OC2)cc1,c1cc(-c2ccc3ccccc3c2)cc(C2CCC(c3cc(-c4cc(C5CCNC5)c[nH]4)c[nH]3)OC2)c1
fraggfn_seh,best_candidate,4,4,20,5,8.34164047241211,c1ccc(-c2nccc(-c3cccc(C4CCC(c5ccc6ccccc6c5)OC4)c3)n2)cc1,c1cc(-c2nccc(-c3cccc(C4CCC(c5ccc6ccccc6c5)OC4)c3)n2)cc(C2CCNC2)c1
fraggfn_seh,best_candidate,5,5,25,5,8.339109420776367,c1cc(-c2cc(-c3c[nH]c(C4CCCN4)c3)n[nH]2)cc(C2CCCCO2)c1,c1cc(-c2cc(-c3c[nH]c(C4CCCN4)c3)n[nH]2)cc(C2CCC(c3ccc4ccccc4c3)CO2)c1
fraggfn_seh,best_candidate,6,6,30,5,8.326266288757324,O=c1nc(C2CCCN2)ccn1-c1cc(-c2cccc(C3CCCOC3)c2)c[nH]1,O=c1nc(C2CCCN2)ccn1-c1cc(-c2cccc(C3CCC(c4ccc5ccccc5c4)OC3)c2)c[nH]1
fraggfn_seh,best_candidate,7,7,35,5,8.30616569519043,c1ccc(C2CCC(c3cccc(-c4cc(C5CCCN5)c[nH]4)n3)OC2)cc1,c1cc(-c2cc(C3CCCN3)c[nH]2)nc(C2CCC(c3ccc(C4CCCN4)cc3)CO2)c1
fraggfn_seh,best_candidate,8,8,40,5,8.291511535644531,O=C(NCc1ccccn1)c1cccc(-c2cc(-c3ccccc3)c[nH]2)c1,O=C(NCc1cccc(C2CCNC2)n1)c1cccc(-c2cc(-c3ccccc3)c[nH]2)c1
fraggfn_seh,best_candidate,9,9,45,5,8.290274620056152,c1ccc(C2CCC(c3cccc(-c4c[nH]c(-c5ccc6ccccc6c5)c4)n3)OC2)cc1,c1cc(C2CCNC2)cc(C2CCC(c3cccc(-c4c[nH]c(-c5ccc6ccccc6c5)c4)n3)OC2)c1
fraggfn_seh,best_candidate,10,10,50,5,8.286428451538086,c1ccc(-c2ccn(-c3cccc(C4CCC(c5ccc6ccccc6c5)OC4)n3)n2)nc1,c1cc(-c2ccn(-c3cccc(C4CCC(c5ccc6ccccc6c5)OC4)n3)n2)nc(C2CCCN2)c1
fraggfn_seh,best_candidate,11,11,55,5,8.284052848815918,O=C(NCc1ccccc1)c1cc(C2CCC(c3ccc4ccccc4c3)CO2)n[nH]1,O=C(NCc1ccc(C2CCNC2)cc1)c1cc(C2CCC(c3ccc4ccccc4c3)CO2)n[nH]1
fraggfn_seh,best_candidate,12,12,60,5,8.277484893798828,c1cc(-c2ccnc(C3CCCN3)c2)cc(-c2cc(C3CCCOC3)c[nH]2)c1,c1cc(-c2ccnc(C3CCCN3)c2)cc(-c2cc(C3CCC(c4ccc5ccccc5c4)OC3)c[nH]2)c1
fraggfn_seh,best_candidate,13,13,65,5,8.270265579223633,O=C(NCc1ccc(-c2ccccn2)nc1)c1cc(C2CCNC2)n[nH]1,O=C(NCc1ccc(-c2cccc(-c3ccccc3)n2)nc1)c1cc(C2CCNC2)n[nH]1
fraggfn_seh,best_candidate,14,14,70,5,8.268908500671387,O=C(NCc1ccccc1)c1cccc(-c2c[nH]c(C3CCCN3)c2)c1,O=C(NCc1ccc(-c2ccccc2)cc1)c1cccc(-c2c[nH]c(C3CCCN3)c2)c1
fraggfn_seh,best_candidate,15,15,75,5,8.265606880187988,O=C(NCc1cccnc1)c1cccc(-c2ccnc(-c3ccccc3)c2)c1,O=C(NCc1ccc(C2CCNC2)nc1)c1cccc(-c2ccnc(-c3ccccc3)c2)c1
fraggfn_seh,best_candidate,16,16,80,5,8.259160041809082,c1cc(-c2cc[nH]n2)cc(C2CCC(c3ccc(C4CCNC4)cc3)CO2)c1,c1ccc(-c2cc(-c3cccc(C4CCC(c5ccc(C6CCNC6)cc5)CO4)c3)n[nH]2)cc1
fraggfn_seh,best_candidate,17,17,85,5,8.253130912780762,c1cc(-c2cc(-c3cc(C4CCNC4)c[nH]3)ncn2)nc(C2CCCCO2)c1,c1cc(-c2cc(-c3cc(C4CCNC4)c[nH]3)ncn2)nc(C2CCC(c3ccc4ccccc4c3)CO2)c1
fraggfn_seh,best_candidate,18,18,90,5,8.246406555175781,c1cc(-c2cc[nH]n2)cc(C2CCC(c3cccc(C4CCCN4)c3)OC2)c1,c1cc(-c2ccn(-c3ccc4ccccc4c3)n2)cc(C2CCC(c3cccc(C4CCCN4)c3)OC2)c1
fraggfn_seh,best_candidate,19,19,95,5,8.239311218261719,O=C(NCc1ccc(-c2ccccc2)cn1)c1cccc(-c2ccccc2)n1,O=C(NCc1ccc(-c2ccccc2)cn1)c1cccc(-c2cccc(C3CCNC3)c2)n1
fraggfn_seh,best_candidate,20,20,100,5,8.239060401916504,O=C(NCc1ccc(C2CCNC2)cn1)c1cccc(-c2ccccc2)c1,O=C(NCc1ccc(C2CCNC2)cn1)c1cccc(-c2cccc(-c3ccccc3)c2)c1
fraggfn_seh,best_candidate,21,21,105,5,8.237115859985352,O=C(NCc1cc[nH]n1)C1CCC(c2cccc(C3CCNC3)n2)O1,O=C(NCc1ccn(-c2ccc3ccccc3c2)n1)C1CCC(c2cccc(C3CCNC3)n2)O1
fraggfn_seh,best_candidate,22,22,110,5,8.235084533691406,O=C(NCc1cccc(-c2cccc(-c3ccncn3)c2)c1)C1CCNC1,O=C(NCc1cccc(-c2cccc(-c3ccnc(-c4ccc5ccccc5c4)n3)c2)c1)C1CCNC1
fraggfn_seh,best_candidate,23,23,115,5,8.233516693115234,O=C(NCc1cccnc1)c1cccc(-c2cc(-c3ccccc3)c[nH]2)n1,O=C(NCc1ccc(C2=CNC=CC2)nc1)c1cccc(-c2cc(-c3ccccc3)c[nH]2)n1
fraggfn_seh,best_candidate,24,24,120,5,8.232612609863281,c1cc(-c2cc(C3CC(C4CCCN4)CO3)n[nH]2)cc(C2CCCOC2)c1,c1cc(-c2cc(C3CC(C4CCCN4)CO3)n[nH]2)cc(C2CCC(c3ccc4ccccc4c3)OC2)c1
fraggfn_seh,best_candidate,25,25,125,5,8.231355667114258,O=C(NCc1ccc(-c2ccc3ccccc3c2)cn1)c1cccc(-c2ccccc2)c1,O=C(NCc1ccc(-c2ccc3ccccc3c2)cn1)c1cccc(-c2ccc(C3CCCN3)cc2)c1
fraggfn_seh,best_candidate,26,26,130,5,8.231073379516602,c1cc(-c2ccnc(-c3cc(C4CCCCO4)ccn3)n2)nc(C2CCNC2)c1,c1cc(-c2ccnc(-c3cc(C4CCC(c5ccc6ccccc6c5)CO4)ccn3)n2)nc(C2CCNC2)c1
fraggfn_seh,best_candidate,27,27,135,5,8.230280876159668,c1[nH]c(C2CCC(C3CCCN3)OC2)cc1-c1cc(C2CCCCO2)n[nH]1,c1ccc2cc(C3CCC(c4cc(-c5c[nH]c(C6CCC(C7CCCN7)OC6)c5)[nH]n4)OC3)ccc2c1
fraggfn_seh,best_candidate,28,28,140,5,8.22677993774414,c1cc(-c2ccncn2)cc(C2CCC(c3cc(C4CCCN4)c[nH]3)OC2)c1,c1cc(-c2cc(-c3ccc4ccccc4c3)ncn2)cc(C2CCC(c3cc(C4CCCN4)c[nH]3)OC2)c1
fraggfn_seh,best_candidate,29,29,145,5,8.224422454833984,O=C(NCn1cccn1)C1C=C(c2cccc(-c3ccc4ccccc4c3)c2)CCC1,O=C(NCn1ccc(C2CCNC2)n1)C1C=C(c2cccc(-c3ccc4ccccc4c3)c2)CCC1
fraggfn_seh,best_candidate,30,30,150,5,8.222578048706055,c1cc(-c2c[nH]c(C3CCNC3)c2)cc(-c2cc(C3CCCCO3)c[nH]2)c1,c1cc(-c2c[nH]c(C3CCNC3)c2)cc(-c2cc(C3CCC(c4ccc5ccccc5c4)CO3)c[nH]2)c1
fraggfn_seh,best_candidate,31,31,155,5,8.221637725830078,c1cc(-c2cccc(C3CCCN3)c2)cc(-c2c[nH]c(C3CCCOC3)c2)c1,c1cc(-c2cccc(C3CCCN3)c2)cc(-c2c[nH]c(C3CCC(c4ccc5ccccc5c4)OC3)c2)c1
fraggfn_seh,best_candidate,32,32,160,5,8.220026016235352,c1ccc(C2CCC(c3cc(-c4cccc(-c5cccc6ccccc56)c4)c[nH]3)CO2)cc1,c1cc(-c2c[nH]c(C3CCC(c4ccc(C5CCNC5)cc4)OC3)c2)cc(-c2cccc3ccccc23)c1
fraggfn_seh,best_candidate,33,33,165,5,8.216268539428711,c1cc(-c2cc(-c3ccc[nH]3)[nH]n2)cc(C2CCC(c3cccc4ccccc34)CO2)c1,c1cc(-c2cc(-c3cc(C4CCNC4)c[nH]3)[nH]n2)cc(C2CCC(c3cccc4ccccc34)CO2)c1
fraggfn_seh,best_candidate,34,34,170,5,8.215202331542969,O=C(NCc1ccc(-c2ccccc2)nc1)c1c[nH]c(C2CCCN2)c1,O=C(NCc1ccc(-c2cccc(-c3ccccc3)c2)nc1)c1c[nH]c(C2CCCN2)c1
fraggfn_seh,best_candidate,35,35,175,5,8.212782859802246,c1ccc(-c2cccc(C3CCC(c4c[nH]c(C5CCNC5)c4)CO3)c2)nc1,c1cc(-c2cccc(-c3ccc4ccccc4c3)n2)cc(C2CCC(c3c[nH]c(C4CCNC4)c3)CO2)c1
fraggfn_seh,best_candidate,36,36,180,5,8.212221145629883,c1cc(-c2cc(-c3cc(C4CCCOC4)ccn3)n[nH]2)cc(C2CCNC2)c1,c1cc(-c2cc(-c3cc(C4CCC(c5cccc6ccccc56)OC4)ccn3)n[nH]2)cc(C2CCNC2)c1
fraggfn_seh,best_candidate,37,37,185,5,8.210104942321777,O=C(Nc1cccc(-c2cccc(C3CCCOC3)n2)c1)C1=CNC=CC1,O=C(Nc1cccc(-c2cccc(C3CCC(c4ccc5ccccc5c4)OC3)n2)c1)C1=CNC=CC1
fraggfn_seh,best_candidate,38,38,190,5,8.209371566772461,c1ccc2cc(C3CCC(c4c[nH]c(-c5cc(C6CCCOC6)n[nH]5)c4)CO3)ccc2c1,c1ccc2cc(C3CCC(c4c[nH]c(-c5cc(C6CCC(c7ccc8ccccc8c7)OC6)n[nH]5)c4)CO3)ccc2c1
fraggfn_seh,best_candidate,39,39,195,5,8.209169387817383,c1ccc(-c2cc(-c3cc(C4CCC(c5ccccc5)OC4)ccn3)c[nH]2)cc1,c1ccc(-c2cc(-c3cc(C4CCC(c5ccc(C6CCNC6)cc5)OC4)ccn3)c[nH]2)cc1
fraggfn_seh,best_candidate,40,40,200,5,8.20761489868164,c1cc(-c2cc(-c3ccn(C4CCCCO4)n3)c[nH]2)cc(C2CCNCC2)c1,c1cc(-c2cc(-c3ccn(C4CCC(c5ccc6ccccc6c5)CO4)n3)c[nH]2)cc(C2CCNCC2)c1
fraggfn_seh,best_candidate,41,41,205,5,8.204313278198242,c1ccc(C2CCC(c3cccc(-c4cc(C5CCCN5)n[nH]4)n3)OC2)cc1,c1cc(-c2ccc3ccccc3c2)cc(C2CCC(c3cccc(-c4cc(C5CCCN5)n[nH]4)n3)OC2)c1
fraggfn_seh,best_candidate,42,42,210,5,8.2036714553833,c1ccc(-c2cccc(NCn3ccc(C4CCNC4)n3)c2)nc1,c1cc(NCn2ccc(C3CCNC3)n2)cc(-c2cccc(C3CCCN3)n2)c1
fraggfn_seh,best_candidate,43,43,215,5,8.203396797180176,c1ccc(-c2cc(-c3cccc(C4CCC(c5ccccc5)OC4)c3)c[nH]2)cc1,c1ccc(-c2cc(-c3cccc(C4CCC(c5cccc(C6CCCN6)c5)OC4)c3)c[nH]2)cc1
fraggfn_seh,best_candidate,44,44,220,5,8.203125,c1ccc(-c2cccc(C3CCC(c4cccc(-c5cc[nH]c5)n4)CO3)c2)cc1,c1ccc(-c2cccc(C3CCC(c4cccc(-c5c[nH]c(C6CCCN6)c5)n4)CO3)c2)cc1
fraggfn_seh,best_candidate,45,45,225,5,8.200139999389648,O=C(NCc1ccccn1)c1cccc(-c2ccnc(C3CCNC3)c2)c1,O=C(NCc1cccc(-c2ccc3ccccc3c2)n1)c1cccc(-c2ccnc(C3CCNC3)c2)c1
fraggfn_seh,best_candidate,46,46,230,5,8.199422836303711,c1ccc(-c2cc(-c3cc(C4CCC(C5CCCN5)OC4)n[nH]3)c[nH]2)cc1,c1cc(-c2cc(-c3cc(C4CCC(C5CCCN5)OC4)n[nH]3)c[nH]2)cc(-c2cccc3ccccc23)c1
fraggfn_seh,best_candidate,47,47,235,5,8.198446273803711,c1cc(-c2cc(-c3cccc(C4CCCCO4)c3)n[nH]2)cc(-c2cccc3ccccc23)c1,c1cc(-c2cc(-c3cccc(C4CCC(C5CCNC5)CO4)c3)n[nH]2)cc(-c2cccc3ccccc23)c1
fraggfn_seh,best_candidate,48,48,240,5,8.194725036621094,c1ccc(-c2cc(-c3cccc(-c4cccc(C5CCCN5)c4)c3)n[nH]2)cc1,c1cc(-c2cccc(C3CCCN3)c2)cc(-c2cc(-c3cccc(-c4ccc5ccccc5c4)c3)[nH]n2)c1
fraggfn_seh,best_candidate,49,49,245,5,8.19461441040039,c1ccc(-c2cccc(-c3c[nH]c(-c4cccc(C5CCCN5)c4)c3)c2)cc1,c1cc(-c2cccc(-c3cccc4ccccc34)c2)cc(-c2c[nH]c(-c3cccc(C4CCCN4)c3)c2)c1
fraggfn_seh,best_candidate,50,50,250,5,8.194597244262695,O=C(NCc1cccc(C2CCC(C3CCNC3)O2)n1)c1ccccn1,O=C(NCc1cccc(C2CCC(C3CCNC3)O2)n1)c1cccc(-c2ccccc2)n1
fraggfn_seh,best_candidate,51,51,255,5,8.193818092346191,O=CNCc1cccc(-c2cccc(-c3ccnc(-c4cccc5ccccc45)n3)n2)c1,O=C(NCc1cccc(-c2cccc(-c3ccnc(-c4cccc5ccccc45)n3)n2)c1)C1CCNC1
fraggfn_seh,best_candidate,52,52,260,5,8.184946060180664,c1ccc(C2CCC(c3cccc(-c4ccnc(C5CCNC5)c4)c3)CO2)cc1,c1ccc(-c2cccc(C3CCC(c4cccc(-c5ccnc(C6CCNC6)c5)c4)CO3)c2)cc1
fraggfn_seh,best_candidate,53,53,265,5,8.183879852294922,c1ccc(-c2cccc(C3CCC(c4ccn(C5CCCN5)n4)CO3)c2)cc1,c1cc(-c2cccc(C3CCC(c4ccn(C5CCCN5)n4)CO3)c2)cc(-c2ccc3ccccc3c2)c1
fraggfn_seh,best_candidate,54,54,270,5,8.18280029296875,O=C(NCc1ccnc(C2CCNC2)n1)c1cccc(N2C=CCC=C2)c1,O=C(NCc1ccnc(C2CCNC2)n1)c1cccc(N2C=CCC(c3ccc4ccccc4c3)=C2)c1
fraggfn_seh,best_candidate,55,55,275,5,8.182563781738281,c1ccc(C2CCC(c3cc(-c4cc(C5CCNC5)ccn4)c[nH]3)OC2)cc1,c1cc(-c2cccc3ccccc23)cc(C2CCC(c3cc(-c4cc(C5CCNC5)ccn4)c[nH]3)OC2)c1
fraggfn_seh,best_candidate,56,56,280,5,8.181697845458984,c1ccc(C2CCC(c3cccc(-c4cc(C5CCNC5)n[nH]4)c3)CO2)nc1,c1ccc(-c2cccc(C3CCC(c4cccc(-c5cc(C6CCNC6)n[nH]5)c4)CO3)n2)cc1
fraggfn_seh,best_candidate,57,57,285,5,8.180566787719727,c1ccc(-c2cc(CCc3ccc(C4CCNC4)cn3)n[nH]2)cc1,c1ccc(-c2cccc(-c3cc(CCc4ccc(C5CCNC5)cn4)n[nH]3)c2)cc1
fraggfn_seh,best_candidate,58,58,290,5,8.17947006225586,O=C(NCc1ccn(C2CCCN2)n1)c1cccc(-c2ccccc2)n1,O=C(NCc1ccn(C2CCCN2)n1)c1cccc(-c2cccc(C3CCCN3)c2)n1
fraggfn_seh,best_candidate,59,59,295,5,8.177431106567383,c1ccc(C2CCC(c3cc(-c4cccc(-c5ccc6ccccc6c5)c4)[nH]n3)CO2)cc1,c1cc(-c2ccc3ccccc3c2)cc(-c2cc(C3CCC(c4cccc(C5CCNC5)c4)OC3)n[nH]2)c1
fraggfn_seh,best_candidate,60,60,300,5,8.175941467285156,c1ccc(-c2cccc(C3CCC(C4CC(C5CCNC5)CO4)CO3)c2)cc1,c1cc(-c2cccc(C3CCC(C4CC(C5CCNC5)CO4)CO3)c2)cc(-c2ccc3ccccc3c2)c1
fraggfn_seh,best_candidate,61,61,305,5,8.17477798461914,c1cc(C2CCC(c3ccc(C4CCCN4)cc3)OC2)cc(C2CCCCO2)c1,c1cc(C2CCC(c3ccc(C4CCCN4)cc3)OC2)cc(C2CCC(C3CCNC3)CO2)c1
fraggfn_seh,best_candidate,62,62,310,5,8.173162460327148,O=C(NCn1ccc(C2CCNC2)n1)c1cccc(-c2ccccc2)c1,O=C(NCn1ccc(C2CCNC2)n1)c1cccc(-c2cccc(C3CCCN3)c2)c1
fraggfn_seh,best_candidate,63,63,315,5,8.172170639038086,c1ccc(C2CCC(c3cccc(-n4ccc(C5CCNC5)n4)c3)CO2)cc1,c1cncc(-c2cccc(C3CCC(c4cccc(-n5ccc(C6CCNC6)n5)c4)CO3)c2)c1
fraggfn_seh,best_candidate,64,64,320,5,8.171791076660156,O=C(NCc1c[nH]c(-c2cc(-c3ccccc3)c[nH]2)c1)c1cc[nH]c1,O=C(NCc1c[nH]c(-c2cc(-c3ccccc3)c[nH]2)c1)c1c[nH]c(C2CCNC2)c1
fraggfn_seh,best_candidate,65,65,325,5,8.170948028564453,O=C(NCc1cccc(-c2ccccn2)c1)c1c[nH]c(-c2ccccc2)c1,O=C(NCc1cccc(-c2cccc(C3CCNC3)n2)c1)c1c[nH]c(-c2ccccc2)c1
fraggfn_seh,best_candidate,66,66,330,5,8.16894817352295,C1=C(c2c[nH]c(-c3cccc(-c4cccc(C5CCCN5)c4)c3)c2)CCCC1,C1=C(c2c[nH]c(-c3cccc(-c4cccc(C5CCCN5)c4)c3)c2)CCCC1c1ccc2ccccc2c1
fraggfn_seh,best_candidate,67,67,335,5,8.167778968811035,c1c[nH]c(-c2ccc(-c3ccnc(C4CCC(c5cccc6ccccc56)OC4)c3)s2)c1,c1ccc2c(C3CCC(c4cc(-c5ccc(-c6cc(C7CCCN7)c[nH]6)s5)ccn4)CO3)cccc2c1
fraggfn_seh,best_candidate,68,68,340,5,8.167570114135742,O=C(NCc1nccc(-c2c[nH]c(C3CCCN3)c2)n1)c1ccccc1,O=C(NCc1nccc(-c2c[nH]c(C3CCCN3)c2)n1)c1cccc(-c2ccc3ccccc3c2)c1
fraggfn_seh,best_candidate,69,69,345,5,8.166645050048828,O=C(NCc1ccc(-c2ccccc2)nc1)c1ccn(-c2ccccc2)n1,O=C(NCc1ccc(-c2cccc(C3CCCN3)c2)nc1)c1ccn(-c2ccccc2)n1
fraggfn_seh,best_candidate,70,70,350,5,8.166417121887207,c1cc(-c2ccc[n+](C3CCNC3)c2)cc(-c2cccc(C3CCCOC3)n2)c1,c1cc(-c2ccc[n+](C3CCNC3)c2)cc(-c2cccc(C3CCC(c4ccc5ccccc5c4)OC3)n2)c1
fraggfn_seh,best_candidate,71,71,355,5,8.165409088134766,O=C(NCc1ccn(-c2cccc(-c3ccccc3)c2)n1)c1cc[nH]n1,O=C(NCc1ccn(-c2cccc(-c3ccccc3)c2)n1)c1ccn(C2CCNC2)n1
fraggfn_seh,best_candidate,72,72,360,5,8.163810729980469,c1cnc(CNc2cc(-c3cccc(C4CCNC4)c3)ccn2)nc1,c1cc(-c2ccnc(NCc3nccc(C4CCNC4)n3)c2)cc(C2CCNC2)c1
fraggfn_seh,best_candidate,73,73,365,5,8.16097640991211,c1ccc(-c2cccc(C3CCC(c4cc(-c5ccccc5)c[nH]4)OC3)c2)cc1,C1=CNC=C(c2cccc(-c3cccc(C4CCC(c5cc(-c6ccccc6)c[nH]5)OC4)c3)c2)C1
fraggfn_seh,best_candidate,74,74,370,5,8.158958435058594,c1cnc(-c2cccc(-c3cc(-c4cccc(C5CCCN5)c4)ncn3)c2)nc1,c1cc(-c2cc(-c3cccc(C4CCCN4)c3)ncn2)cc(-c2nccc(-c3ccc4ccccc4c3)n2)c1
fraggfn_seh,best_candidate,75,75,375,5,8.157512664794922,c1ccc(C2CCC(c3cccc(-c4ccnc(C5CCNC5)c4)n3)OC2)cc1,c1cc(C2CCC(c3cccc(-c4ccnc(C5CCNC5)c4)n3)OC2)cc(C2CCCN2)c1
fraggfn_seh,best_candidate,76,76,380,5,8.157333374023438,c1ccc(-c2c[nH]c(-c3cc(C4CCC(c5ccccc5)OC4)c[nH]3)c2)cc1,c1ccc(-c2c[nH]c(-c3cc(C4CCC(c5cccc(C6CCNC6)c5)OC4)c[nH]3)c2)cc1
fraggfn_seh,best_candidate,77,77,385,5,8.156698226928711,c1ccc(-c2cccc(-c3cccc(-c4ccc(-c5ccccc5)s4)c3)n2)cc1,c1ccc(-c2cccc(-c3cccc(-c4ccc(-c5cccc(C6CCCN6)c5)s4)c3)n2)cc1
fraggfn_seh,best_candidate,78,78,390,5,8.155430793762207,c1ccc(-c2nccc(-c3cccc(C4CCC(c5cc[nH]c5)CO4)c3)n2)cc1,c1ccc(-c2nccc(-c3cccc(C4CCC(c5c[nH]c(C6CCCN6)c5)CO4)c3)n2)cc1
fraggfn_seh,best_candidate,79,79,395,5,8.152997016906738,O=C(NCc1ccc(-c2cccc(-c3ccccc3)n2)cn1)C1CCNCC1,O=C(NCc1ccc(-c2cccc(-c3ccccc3)n2)cn1)C1CCN(C2CCCN2)CC1
fraggfn_seh,best_candidate,80,80,400,5,8.152393341064453,O=C(NCc1cc[nH]n1)c1cccc(-c2ccn(-c3ccccc3)n2)c1,O=C(NCc1cc(C2CCNC2)[nH]n1)c1cccc(-c2ccn(-c3ccccc3)n2)c1
fraggfn_seh,best_candidate,81,81,405,5,8.15146541595459,O=C(NCc1c[nH]c(-c2cccc(-c3cc[nH]n3)c2)c1)c1ccc2ccccc2c1,O=C(NCc1c[nH]c(-c2cccc(-c3cc(C4CCCN4)[nH]n3)c2)c1)c1ccc2ccccc2c1
fraggfn_seh,best_candidate,82,82,410,5,8.150084495544434,c1cc(-c2ccc(-c3cc(C4CCCOC4)ccn3)s2)nc(C2CCCN2)c1,c1cc(-c2ccc(-c3cc(C4CCC(c5cccc6ccccc56)OC4)ccn3)s2)nc(C2CCCN2)c1
fraggfn_seh,best_candidate,83,83,415,5,8.149805068969727,O=C(NCc1ccnc(C2CCNC2)n1)c1cccc(-c2ccccn2)c1,O=C(NCc1ccnc(C2CCNC2)n1)c1cccc(-c2cccc(C3CCCN3)n2)c1
fraggfn_seh,best_candidate,84,84,420,5,8.148746490478516,O=C(NCc1ccc[n+](-c2ccncn2)c1)c1cccc(C2CCNC2)n1,O=C(NCc1ccc[n+](-c2cc(C3CCNC3)ncn2)c1)c1cccc(C2CCNC2)n1
fraggfn_seh,best_candidate,85,85,425,5,8.14838695526123,C1=CNC=C(c2cccc(-c3cccc(C4CCC(c5ccccc5)OC4)c3)n2)C1,C1=CNC=C(c2cccc(-c3cccc(C4CCC(c5cccc(-c6cccnc6)c5)OC4)c3)n2)C1
fraggfn_seh,best_candidate,86,86,430,5,8.14608383178711,c1ccc(-c2cc(-c3cccc(C4CCCC(C5CCCN5)C4)c3)[nH]n2)nc1,c1cc(-c2cc(-c3cccc(-c4cccc5ccccc45)n3)n[nH]2)cc(C2CCCC(C3CCCN3)C2)c1
fraggfn_seh,best_candidate,87,87,435,5,8.14436149597168,c1ccc(-c2ccnc(-c3ccnc(C4CCC(c5ccccc5)OC4)c3)n2)cc1,c1ccc(-c2ccnc(-c3ccnc(C4CCC(c5ccc(C6CCCN6)cc5)OC4)c3)n2)cc1
fraggfn_seh,best_candidate,88,88,440,5,8.14393424987793,c1ccc(C2CCC(c3cccc(-c4ccn(C5CCCN5)n4)c3)CO2)cc1,c1cc(-c2ccn(C3CCCN3)n2)cc(C2CCC(c3cccc(-c4ccncc4)c3)OC2)c1
fraggfn_seh,best_candidate,89,89,445,5,8.143877983093262,O=c1[nH]c(=O)n(C2CCNC2)cc1NCc1ccc(C2CCCCC2)cn1,O=c1[nH]c(=O)n(C2CCNC2)cc1NCc1ccc(C2CCCC(C3CCNC3)C2)cn1
fraggfn_seh,best_candidate,90,90,450,5,8.143695831298828,O=C(NCc1ccccc1)c1cccc(-n2ccc(-c3ccncn3)n2)c1,O=C(NCc1ccc(C2CCNC2)cc1)c1cccc(-n2ccc(-c3ccncn3)n2)c1
fraggfn_seh,best_candidate,91,91,455,5,8.143425941467285,O=C(NCc1cccnc1)c1cccc(C2CCCC(c3ccc4ccccc4c3)C2)c1,O=C(NCc1ccc(C2CCNC2)nc1)c1cccc(C2CCCC(c3ccc4ccccc4c3)C2)c1
fraggfn_seh,best_candidate,92,92,460,5,8.143135070800781,O=c1[nH]cc(-c2cccc(C3CCC(c4c[nH]c(C5CCCN5)c4)OC3)c2)c(=O)[nH]1,O=c1[nH]c(=O)n(-c2ccc3ccccc3c2)cc1-c1cccc(C2CCC(c3c[nH]c(C4CCCN4)c3)OC2)c1
fraggfn_seh,best_candidate,93,93,465,5,8.14211654663086,O=C(NCc1cccnc1)c1cc(-c2cccc(-c3ccccn3)c2)c[nH]1,O=C(NCc1ccc(C2CCCN2)nc1)c1cc(-c2cccc(-c3ccccn3)c2)c[nH]1
fraggfn_seh,best_candidate,94,94,470,5,8.141473770141602,O=c1[nH]cc(-c2cccc(-c3cccc(C4CCC(c5ccc6ccccc6c5)OC4)c3)c2)c(=O)[nH]1,O=c1[nH]c(=O)n(C2CCCN2)cc1-c1cccc(-c2cccc(C3CCC(c4ccc5ccccc5c4)OC3)c2)c1
fraggfn_seh,best_candidate,95,95,475,5,8.1410493850708,O=C(NCc1cccc(C2CCNC2)n1)c1c[nH]c(-c2ccccn2)c1,O=C(NCc1cccc(C2CCNC2)n1)c1c[nH]c(-c2cccc(-c3cccnc3)n2)c1
fraggfn_seh,best_candidate,96,96,480,5,8.140361785888672,O=C(NCc1cccc(-c2ccccc2)c1)c1cc(C2CCNC2)c[nH]1,O=C(NCc1cccc(-c2cccc(-c3ccc4ccccc4c3)c2)c1)c1cc(C2CCNC2)c[nH]1
fraggfn_seh,best_candidate,97,97,485,5,8.138847351074219,O=C(NCc1ccc(C2CCCN2)nc1)c1cccc(-c2ncccn2)c1,O=C(NCc1ccc(C2CCCN2)nc1)c1cccc(-c2nccc(C3CCCN3)n2)c1
fraggfn_seh,best_candidate,98,98,490,5,8.138833045959473,O=C(NCc1c[nH]c(-c2cccc(C3CCNC3)n2)c1)c1cccnc1,O=C(NCc1c[nH]c(-c2cccc(C3CCNC3)n2)c1)c1ccc(-c2ccccc2)nc1
fraggfn_seh,best_candidate,99,99,495,5,8.13597583770752,O=C(NCc1ccnc(-c2ccccc2)n1)c1cc(-c2ccccc2)c[nH]1,O=C(NCc1ccnc(-c2cccc(C3CCCN3)c2)n1)c1cc(-c2ccccc2)c[nH]1
fraggfn_seh,best_candidate,100,100,500,5,8.135661125183105,c1ccc(-c2cc(C3CCC(c4cccc(-c5ccncn5)c4)CO3)c[nH]2)cc1,c1ccc(-c2cc(C3CCC(c4cccc(-c5ccnc(C6CCNC6)n5)c4)CO3)c[nH]2)cc1
fraggfn_seh,best_candidate,101,101,505,5,8.134787559509277,c1ccc(-c2cc(-c3c[nH]c(-c4cccc(C5CCCN5)c4)c3)ncn2)nc1,c1ccc(-c2cccc(-c3cc(-c4c[nH]c(-c5cccc(C6CCCN6)c5)c4)ncn3)n2)cc1
fraggfn_seh,best_candidate,102,102,510,5,8.13294506072998,c1ccc(-c2c[nH]c(-c3cccc(C4CCC(c5ccccn5)CO4)c3)c2)cc1,c1ccc(-c2c[nH]c(-c3cccc(C4CCC(c5cccc(C6CCNC6)n5)CO4)c3)c2)cc1
fraggfn_seh,best_candidate,103,103,515,5,8.132381439208984,O=C(NCc1nc2[nH]cnc2c(=O)[nH]1)c1cccc(-c2cccc(C3CCNC3)c2)c1,O=C(NCc1nc2c(ncn2C2CCCN2)c(=O)[nH]1)c1cccc(-c2cccc(C3CCNC3)c2)c1
fraggfn_seh,best_candidate,104,104,520,5,8.13162612915039,O=c1nc(-c2ccc(-c3cccc(C4CCC(c5ccc6ccccc6c5)OC4)c3)s2)cc[nH]1,O=c1nc(-c2ccc(-c3cccc(C4CCC(c5ccc6ccccc6c5)OC4)c3)s2)ccn1-c1ccc2ccccc2c1
fraggfn_seh,best_candidate,105,105,525,5,8.131610870361328,O=C(NCn1ccc(-c2ccnc(-c3ccccc3)c2)n1)C1CCNC1,O=C(NCn1ccc(-c2ccnc(-c3cccc(-c4cccc5ccccc45)c3)c2)n1)C1CCNC1
fraggfn_seh,best_candidate,106,106,530,5,8.131226539611816,c1ccc(-c2c[nH]c(-c3cccc(-c4cccc(C5CCNCC5)c4)c3)c2)cc1,c1ccc(-c2cccc(-c3c[nH]c(-c4cccc(-c5cccc(C6CCNCC6)c5)c4)c3)c2)cc1
fraggfn_seh,best_candidate,107,107,535,5,8.12861442565918,O=C(NCc1cccc(-c2cc(C3CCNC3)n[nH]2)c1)c1ccc[nH]1,O=C(NCc1cccc(-c2cc(C3CCNC3)n[nH]2)c1)c1cc(-c2ccccc2)c[nH]1
fraggfn_seh,best_candidate,108,108,540,5,8.127615928649902,O=C(NCc1nc2c(c(=O)[nH]1)NCCN2)c1cccc(-c2cc(C3CCCN3)ccn2)n1,O=C(NCc1nc2c(c(=O)[nH]1)NC(c1ccc3ccccc3c1)CN2)c1cccc(-c2cc(C3CCCN3)ccn2)n1
fraggfn_seh,best_candidate,109,109,545,5,8.126409530639648,O=C(NCc1nccc(C2CCNC2)n1)c1ccnc(-c2ccccc2)n1,O=C(NCc1nccc(C2CCNC2)n1)c1ccnc(-c2cccc(-c3ccc4ccccc4c3)c2)n1
fraggfn_seh,best_candidate,110,110,550,5,8.126131057739258,c1ccc(-c2cccc(-c3cccc(-c4cccc(-c5cccc6ccccc56)c4)c3)c2)nc1,c1cc(-c2cccc(-c3cccc(C4CCNC4)n3)c2)cc(-c2cccc(-c3cccc4ccccc34)c2)c1
fraggfn_seh,best_candidate,111,111,555,5,8.125100135803223,c1ccc(-c2cccc(-c3cccc(-c4cccc(-c5ccc6ccccc6c5)n4)c3)c2)nc1,c1cc(-c2cccc(-c3cccc(C4CCCN4)n3)c2)cc(-c2cccc(-c3ccc4ccccc4c3)n2)c1
fraggfn_seh,best_candidate,112,112,560,5,8.124917984008789,c1ccc(-c2ccc(CNn3ccc(C4CCCN4)n3)cn2)nc1,c1cc(-c2ccc(CNn3ccc(C4CCCN4)n3)cn2)nc(C2CCNC2)c1
fraggfn_seh,best_candidate,113,113,565,5,8.122282981872559,c1cc(-c2cc(C3CCNC3)ccn2)cc(C2CCC(c3ccc[nH]3)CO2)c1,c1ccc(-c2c[nH]c(C3CCC(c4cccc(-c5cc(C6CCNC6)ccn5)c4)OC3)c2)cc1
fraggfn_seh,best_candidate,114,114,570,5,8.122125625610352,O=C(NCc1cccc(-c2cc(-c3ccccc3)n[nH]2)c1)c1ccccc1,O=C(NCc1cccc(-c2cc(-c3ccccc3)n[nH]2)c1)c1cccc(C2CCNC2)c1
fraggfn_seh,best_candidate,115,115,575,5,8.122003555297852,O=C(NCc1ccc(-c2ccccc2)nc1)C1CCN(c2ccc3ccccc3c2)C1,O=C(NCc1ccc(-c2cccc(C3CCNC3)c2)nc1)C1CCN(c2ccc3ccccc3c2)C1
fraggfn_seh,best_candidate,116,116,580,5,8.121907234191895,O=C(NCc1nccc(C2CCCO2)n1)c1cccc(-c2ccccc2)c1,O=C(NCc1nccc(C2CCC(C3CCNC3)O2)n1)c1cccc(-c2ccccc2)c1
fraggfn_seh,best_candidate,117,117,585,5,8.121652603149414,O=C(NCc1ccc(-c2ccccc2)cn1)c1cccc(-c2ccc[nH]2)c1,O=C(NCc1ccc(-c2ccccc2)cn1)c1cccc(-c2cc(C3=CNC=CC3)c[nH]2)c1
fraggfn_seh,best_candidate,118,118,590,5,8.120481491088867,O=C(NCc1ccn(-c2cccc(-c3ccccc3)c2)n1)c1ccc2ccccc2c1,O=C(NCc1ccn(-c2cccc(-c3cccc(C4=CNC=CC4)c3)c2)n1)c1ccc2ccccc2c1
fraggfn_seh,best_candidate,119,119,595,5,8.120359420776367,c1ccc(C2CCC(c3cccc(-c4ccnc(-c5ccncn5)n4)c3)CO2)cc1,c1cc(-c2ccnc(-c3ccncn3)n2)cc(C2CCC(c3ccc(C4CCCN4)cc3)OC2)c1
fraggfn_seh,best_candidate,120,120,600,5,8.120285034179688,O=C(NCc1cccc(-c2ccccc2)c1)c1cccc(-n2cccn2)n1,O=C(NCc1cccc(-c2ccccc2)c1)c1cccc(-n2cc(C3CCNC3)cn2)n1
fraggfn_seh,best_candidate,121,121,605,5,8.119514465332031,c1ccc(-c2c[nH]c(-c3cccc(-c4cccc(C5CCNC5)c4)c3)c2)nc1,c1cc(-c2cccc(C3CCNC3)c2)cc(-c2cc(-c3cccc(-c4cccc5ccccc45)n3)c[nH]2)c1
fraggfn_seh,best_candidate,122,122,610,5,8.118719100952148,O=C(NCc1ccc(-c2ccc(-c3ccccc3)s2)cn1)c1ccccc1,O=C(NCc1ccc(-c2ccc(-c3cccc(C4CCCN4)c3)s2)cn1)c1ccccc1
fraggfn_seh,best_candidate,123,123,615,5,8.118611335754395,O=c1[nH]c(=O)n(-c2c[nH]c(-c3cccc(-c4ccccc4)c3)c2)cc1C1CCNC1,O=c1[nH]c(=O)n(-c2c[nH]c(-c3cccc(-c4cccc(-c5cccc6ccccc56)c4)c3)c2)cc1C1CCNC1
fraggfn_seh,best_candidate,124,124,620,5,8.118315696716309,O=C(NCc1ccn(-c2ccccc2)n1)c1c[nH]c(C2CCCN2)c1,O=C(NCc1ccn(-c2cccc(C3CCCN3)c2)n1)c1c[nH]c(C2CCCN2)c1
fraggfn_seh,best_candidate,125,125,625,5,8.117391586303711,c1ccc(-c2cccc(CNc3nccc(C4CCNC4)n3)c2)nc1,c1cc(CNc2nccc(C3CCNC3)n2)cc(-c2cccc(C3CCNC3)n2)c1
fraggfn_seh,best_candidate,126,126,630,5,8.116064071655273,O=C(NCc1ccccn1)c1cc(-c2cc(-c3ccc4ccccc4c3)[nH]n2)c[nH]1,O=C(NCc1cccc(C2CCNC2)n1)c1cc(-c2cc(-c3ccc4ccccc4c3)[nH]n2)c[nH]1
fraggfn_seh,best_candidate,127,127,635,5,8.113959312438965,c1ccc(-c2cccc(CNc3ccc[n+](C4CCCN4)c3)c2)cc1,c1cc(CNc2ccc[n+](C3CCCN3)c2)cc(-c2cccc(C3CCNC3)c2)c1
fraggfn_seh,best_candidate,128,128,640,5,8.113703727722168,O=C(NCc1cccc(C2CCNC2)c1)c1ccc[n+](-c2ccccc2)c1,O=C(NCc1cccc(C2CCNC2)c1)c1ccc[n+](-c2cccc(C3CCNC3)c2)c1
fraggfn_seh,best_candidate,129,129,645,5,8.112801551818848,c1ccc(C2CCC(c3cccc(-c4cccc(C5CCNC5)c4)c3)OC2)nc1,c1cc(-c2cccc(C3CCC(c4cccc(C5CCCN5)n4)CO3)c2)cc(C2CCNC2)c1
fraggfn_seh,best_candidate,130,130,650,5,8.111905097961426,c1ccc(CNc2cccc(-c3cccc(C4CCNC4)c3)n2)cc1,c1cc(CNc2cccc(-c3cccc(C4CCNC4)c3)n2)cc(C2CCNC2)c1
fraggfn_seh,best_candidate,131,131,655,5,8.111191749572754,c1cnc(-c2cccc(C3CCC(c4cc(-c5cccnc5)c[nH]4)OC3)c2)nc1,c1cncc(-c2c[nH]c(C3CCC(c4cccc(-c5nccc(C6CCNC6)n5)c4)CO3)c2)c1
fraggfn_seh,best_candidate,132,132,660,5,8.110635757446289,c1cc(C2CCCO2)cc(C2CCC(c3cccc(C4CCNC4)n3)CO2)c1,c1cc(C2CCC(c3cccc(C4CCNC4)n3)CO2)cc(C2CC(c3ccc4ccccc4c3)CO2)c1
fraggfn_seh,best_candidate,133,133,665,5,8.110578536987305,c1cncc(-c2ccn(-c3cccc(C4CCC(c5cc[nH]c5)OC4)c3)n2)c1,c1cncc(-c2ccn(-c3cccc(C4CCC(c5c[nH]c(C6CCCN6)c5)OC4)c3)n2)c1
fraggfn_seh,best_candidate,134,134,670,5,8.110102653503418,c1ccc(-c2cccc(-c3cccc(C4CCC(c5ccccn5)OC4)c3)n2)cc1,c1ccc(-c2cccc(-c3cccc(C4CCC(c5cccc(C6CCCN6)n5)OC4)c3)n2)cc1
fraggfn_seh,best_candidate,135,135,675,5,8.10921859741211,O=C(NCn1ccc(-c2cccc(-c3ccccc3)n2)n1)c1ccccc1,O=C(NCn1ccc(-c2cccc(-c3ccccc3)n2)n1)c1cccc(C2CCCN2)c1
fraggfn_seh,best_candidate,136,136,680,5,8.10905647277832,c1ccc(C2CCC(c3cccc(-c4ccc(C5CCNC5)s4)c3)CO2)cc1,c1cc(-c2ccc(C3CCNC3)s2)cc(C2CCC(c3cccc(-c4cncnc4)c3)OC2)c1
fraggfn_seh,best_candidate,137,137,685,5,8.108695030212402,c1cc(-c2cc(-c3cc[nH]n3)c[nH]2)cc(C2CCC(C3CCNC3)OC2)c1,c1cc(-c2cc(-c3cc(-c4c[nH]c5ccccc45)[nH]n3)c[nH]2)cc(C2CCC(C3CCNC3)OC2)c1
fraggfn_seh,best_candidate,138,138,690,5,8.106949806213379,O=C(NCc1cnc(-c2ccccc2)nc1)c1cccc(C2CCCN2)c1,O=C(NCc1cnc(-c2cccc(C3CCNC3)c2)nc1)c1cccc(C2CCCN2)c1
fraggfn_seh,best_candidate,139,139,695,5,8.106648445129395,O=C(NCc1nccc(C2CCC(c3ccccc3)OC2)n1)C1=CNC=CC1,O=C(NCc1nccc(C2CCC(c3cccc(-c4ccccc4)c3)OC2)n1)C1=CNC=CC1
fraggfn_seh,best_candidate,140,140,700,5,8.106626510620117,c1cc(C2CCC(c3nccc(C4CCC(C5CCCN5)CO4)n3)OC2)ncn1,c1ccc2cc(-c3nccc(C4CCC(c5nccc(C6CCC(C7CCCN7)CO6)n5)OC4)n3)ccc2c1
fraggfn_seh,best_candidate,141,141,705,5,8.10655403137207,O=C(NCc1nccc(-c2ccccc2)n1)c1c[nH]c(-c2ccccc2)c1,O=C(NCc1nccc(-c2cccc(C3CCCN3)c2)n1)c1c[nH]c(-c2ccccc2)c1
fraggfn_seh,best_candidate,142,142,709,4,8.10521411895752,c1ccc(CNn2ccc(C3CCNC3)n2)cc1,c1cc(CNn2ccc(C3CCNC3)n2)cc(C2CCNC2)c1
fraggfn_seh,best_candidate,143,143,714,5,8.104991912841797,O=C(NCc1ccncc1)c1cc(-c2cccc(-c3ccc4ccccc4c3)c2)[nH]n1,O=C(NCc1ccnc(C2CCNC2)c1)c1cc(-c2cccc(-c3ccc4ccccc4c3)c2)[nH]n1
fraggfn_seh,best_candidate,144,144,719,5,8.104899406433105,O=C(NCc1c[nH]c(-c2cccc(-c3ccccc3)n2)c1)C1=CNC=CC1,O=C(NCc1c[nH]c(-c2cccc(-c3cccc(C4CCCN4)c3)n2)c1)C1=CNC=CC1
fraggfn_seh,best_candidate,145,145,724,5,8.10474681854248,C1=CN(c2cccc(NCc3ccc(C4CCNC4)nc3)c2)C=CC1,C1=CN(c2cccc(NCc3ccc(C4CCNC4)nc3)c2)C=C(c2ccccn2)C1
fraggfn_seh,best_candidate,146,146,729,5,8.10413646697998,O=C(NCc1cccc(-c2ccccc2)c1)c1cccc(C2CCNC2)n1,O=C(NCc1cccc(-c2cccc(C3CCCN3)c2)c1)c1cccc(C2CCNC2)n1
fraggfn_seh,best_candidate,147,147,734,5,8.103717803955078,C1=C(c2cccc(-c3cccc(-c4cccc(C5CCCN5)c4)c3)c2)CCCC1,C1=C(c2cccc(-c3cccc(-c4cccc(C5CCCN5)c4)c3)c2)CCCC1c1cccc2ccccc12
fraggfn_seh,best_candidate,148,148,739,5,8.10323715209961,O=C(NCc1ccc(-c2cc[nH]n2)cc1)c1cccc(-c2ccccc2)c1,O=C(NCc1ccc(-c2ccn(C3CCNC3)n2)cc1)c1cccc(-c2ccccc2)c1
fraggfn_seh,best_candidate,149,149,744,5,8.101884841918945,c1ccc(-c2cccc(NCc3ccnc(C4CCNC4)c3)c2)cc1,c1cc(NCc2ccnc(C3CCNC3)c2)cc(-c2cccc(C3CCNC3)c2)c1
fraggfn_seh,best_candidate,150,150,749,5,8.100860595703125,c1cc(-c2cc(C3CCC(c4ccc(C5CCCN5)cc4)CO3)c[nH]2)ncn1,c1cc(-c2cc(-c3cc(C4CCC(c5ccc(C6CCCN6)cc5)CO4)c[nH]3)ncn2)ncn1
fraggfn_seh,best_candidate,151,151,754,5,8.100703239440918,O=C(NCc1ccc(C2CCCN2)cn1)c1cccc(-n2cnc3cncnc32)n1,O=C(NCc1ccc(C2CCCN2)cn1)c1cccc(-n2cnc3c(C4CCNC4)ncnc32)n1
fraggfn_seh,best_candidate,152,152,759,5,8.10031509399414,c1cc(-c2cccc(C3CCCN3)n2)cc(C2CCC(c3ccc4ccccc4c3)OC2)c1,c1cc(-c2cccc(C3CC(c4cccc5ccccc45)CN3)n2)cc(C2CCC(c3ccc4ccccc4c3)OC2)c1
fraggfn_seh,best_candidate,153,153,764,5,8.099502563476562,O=C(NCc1ccc(-c2ccnc(C3CCNC3)c2)cc1)c1ccccc1,O=C(NCc1ccc(-c2ccnc(C3CCNC3)c2)cc1)c1cccc(C2CCNC2)c1
fraggfn_seh,best_candidate,154,154,769,5,8.097973823547363,O=C(NCc1ccn(-c2ccccc2)n1)c1cccc(-c2ccc[nH]2)n1,O=C(NCc1ccn(-c2ccccc2)n1)c1cccc(-c2cc(C3CCNC3)c[nH]2)n1
fraggfn_seh,best_candidate,155,155,774,5,8.097058296203613,c1ccc(-c2ccc(NCc3cnc(C4CCNC4)nc3)nc2)cc1,c1cc(-c2ccc(NCc3cnc(C4CCNC4)nc3)nc2)cc(C2CCNC2)c1
fraggfn_seh,best_candidate,156,156,779,5,8.096379280090332,c1ccc(-c2ccnc(-c3cccc(-c4cccc(C5CCCOC5)c4)c3)n2)cc1,c1ccc(-c2ccnc(-c3cccc(-c4cccc(C5CCC(C6CCNC6)OC5)c4)c3)n2)cc1
fraggfn_seh,best_candidate,157,157,784,5,8.094817161560059,C1=C(c2ccc3ccccc3c2)CCC(c2cccc(C3CCC(c4cc[nH]c4)CO3)c2)C1,C1=C(c2ccc3ccccc3c2)CCC(c2cccc(C3CCC(c4c[nH]c(C5CCCN5)c4)CO3)c2)C1
fraggfn_seh,best_candidate,158,158,789,5,8.094605445861816,O=C(NCc1ccccn1)c1ccnc(-c2c[nH]c(-c3ccccc3)c2)c1,O=C(NCc1ccc(C2CCCN2)cn1)c1ccnc(-c2c[nH]c(-c3ccccc3)c2)c1
fraggfn_seh,best_candidate,159,159,794,5,8.094181060791016,c1ccc(-c2cccc(C3CCC(c4cc(C5CCNC5)n[nH]4)OC3)c2)nc1,c1cc(-c2cccc(-c3ccncc3)n2)cc(C2CCC(c3cc(C4CCNC4)n[nH]3)OC2)c1
fraggfn_seh,best_candidate,160,160,799,5,8.093681335449219,c1ccc(-c2cc(-c3cccc(C4CCC(C5CCNC5)O4)c3)ncn2)cc1,c1cc(-c2ccc3ccccc3c2)cc(-c2cc(-c3cccc(C4CCC(C5CCNC5)O4)c3)ncn2)c1
fraggfn_seh,best_candidate,161,161,804,5,8.093213081359863,O=C(NCc1cccc(-c2cccc(-c3ccncc3)c2)n1)c1ccc[nH]1,O=C(NCc1cccc(-c2cccc(-c3ccncc3)c2)n1)c1cc(C2CCNC2)c[nH]1
fraggfn_seh,best_candidate,162,162,809,5,8.092756271362305,O=C(NCc1cc(-c2ccccc2)ncn1)c1cnn(-c2ccccc2)c1,O=C(NCc1cc(-c2cccc(C3CCNC3)c2)ncn1)c1cnn(-c2ccccc2)c1
fraggfn_seh,best_candidate,163,163,814,5,8.091666221618652,O=C(NCc1cccc(-c2cccc(C3CCNC3)n2)n1)c1ccccc1,O=C(NCc1cccc(-c2cccc(C3CCNC3)n2)n1)c1cccc(C2CCNC2)c1
fraggfn_seh,best_candidate,164,164,819,5,8.091540336608887,O=C(NCc1cccc(C2CCCN2)n1)c1cccc(-c2cc[nH]n2)n1,O=C(NCc1cccc(C2CCCN2)n1)c1cccc(-c2cc(C3CCCN3)[nH]n2)n1
fraggfn_seh,best_candidate,165,165,824,5,8.091520309448242,O=C(NCc1ccn(C2CCNC2)n1)c1cccc(-c2ccccc2)c1,O=C(NCc1ccn(C2CCNC2)n1)c1cccc(-c2cccc(-c3cncnc3)c2)c1
fraggfn_seh,best_candidate,166,166,829,5,8.090896606445312,O=C(NCc1ccnc(-c2cc[nH]n2)n1)c1cccc(-c2ccccc2)c1,O=C(NCc1ccnc(-c2cc(C3CCCN3)[nH]n2)n1)c1cccc(-c2ccccc2)c1
fraggfn_seh,best_candidate,167,167,834,5,8.090258598327637,O=C(NCc1c[nH]c(-c2ccccc2)c1)c1cccc(-c2cc[nH]n2)c1,O=C(NCc1c[nH]c(-c2ccccc2)c1)c1cccc(-c2cc(C3CCNC3)[nH]n2)c1
fraggfn_seh,best_candidate,168,168,839,5,8.089932441711426,c1ccc(-c2cccc(-c3cccc(-c4cccc(C5CCNCC5)c4)c3)c2)cc1,c1cc(-c2cccc(-c3cccc(C4CCNCC4)c3)c2)cc(-c2cccc(-c3ccc4ccccc4c3)c2)c1
fraggfn_seh,best_candidate,169,169,844,5,8.088983535766602,O=c1[nH]c(C2CCC(c3cccc(C4CCNC4)c3)CO2)nc2c1NC(c1ccccc1)CN2,O=c1[nH]c(C2CCC(c3cccc(C4CCNC4)c3)CO2)nc2c1NC(c1cccc(-c3ccc4ccccc4c3)c1)CN2
fraggfn_seh,best_candidate,170,170,849,5,8.088703155517578,O=C(NCc1ccnc(-c2ccccc2)n1)c1cccc(C2CCNC2)n1,O=C(NCc1ccnc(-c2cccc(-c3cncnc3)c2)n1)c1cccc(C2CCNC2)n1
fraggfn_seh,best_candidate,171,171,854,5,8.088683128356934,c1ccc(C2CCC(c3cc(-c4cnn(C5CCNC5)c4)c[nH]3)CO2)nc1,c1ccc(-c2cccc(C3CCC(c4cc(-c5cnn(C6CCNC6)c5)c[nH]4)CO3)n2)cc1
fraggfn_seh,best_candidate,172,172,859,5,8.088028907775879,O=C(NCc1cc(-c2ccc3ccccc3c2)[nH]n1)c1ccn(-c2ccccc2)n1,O=C(NCc1cc(-c2ccc3ccccc3c2)[nH]n1)c1ccn(-c2cccc(C3CCNC3)c2)n1
fraggfn_seh,best_candidate,173,173,864,5,8.087265968322754,c1ccc(-c2cccc(-c3cc(-c4cccc(C5CCCN5)c4)ncn3)c2)nc1,c1cc(-c2cc(-c3cccc(C4CCCN4)c3)ncn2)cc(-c2cccc(-c3cccc4ccccc34)n2)c1
fraggfn_seh,best_candidate,174,174,869,5,8.086986541748047,O=C(Nc1cc[nH]c1)C(=O)Nc1ccn(-c2ccccc2)n1,O=C(Nc1c[nH]c(C2CCNC2)c1)C(=O)Nc1ccn(-c2ccccc2)n1
fraggfn_seh,best_candidate,175,175,874,5,8.0869722366333,c1cnc(-c2cccc(NCc3cccc(C4CCCN4)c3)c2)nc1,c1cc(NCc2cccc(C3CCCN3)c2)cc(-c2nccc(C3CCNC3)n2)c1
fraggfn_seh,best_candidate,176,176,879,5,8.086958885192871,c1ccc(-c2cccc(-c3cccc(-c4ccc(-c5ccncn5)s4)c3)c2)cc1,c1ccc(-c2cccc(-c3cccc(-c4ccc(-c5cc(C6CCCN6)ncn5)s4)c3)c2)cc1
fraggfn_seh,best_candidate,177,177,884,5,8.086902618408203,O=c1[nH]cc(CCc2cnc(-c3cccc(C4CCNC4)c3)nc2)c(=O)[nH]1,O=c1[nH]c(=O)n(C2CCCN2)cc1CCc1cnc(-c2cccc(C3CCNC3)c2)nc1
fraggfn_seh,best_candidate,178,178,889,5,8.086407661437988,c1ccc(-c2nccc(-c3cc(NCc4cccnc4)n[nH]3)n2)cc1,c1ccc(-c2nccc(-c3cc(NCc4ccc(C5CCNC5)nc4)n[nH]3)n2)cc1
fraggfn_seh,best_candidate,179,179,894,5,8.086298942565918,C1=CNC=C(c2ccn(CNc3cccc(-c4ccccc4)c3)n2)C1,C1=CNC=C(c2ccn(CNc3cccc(-c4cccc(C5CCCN5)c4)c3)n2)C1
fraggfn_seh,best_candidate,180,180,899,5,8.086095809936523,c1ccc(-c2cc(-c3cccc(C4CCC(c5ccc6ccccc6c5)OC4)c3)c[nH]2)cc1,c1cc(-c2c[nH]c(-c3cccc(N4CCNCC4)c3)c2)cc(C2CCC(c3ccc4ccccc4c3)OC2)c1
fraggfn_seh,best_candidate,181,181,904,5,8.086042404174805,O=C(NCc1cccc(C2CCC(C3CCNC3)O2)c1)C1=CNC=CC1,O=C(NCc1cccc(C2CCC(C3CCNC3)O2)c1)C1=CN(c2ccc3ccccc3c2)C=CC1
fraggfn_seh,best_candidate,182,182,909,5,8.085134506225586,c1ccc(-c2c[nH]c(-c3c[nH]c(-c4cccc(C5CCCOC5)c4)c3)c2)cc1,c1ccc(-c2c[nH]c(-c3c[nH]c(-c4cccc(C5CCC(C6CCCN6)OC5)c4)c3)c2)cc1
fraggfn_seh,best_candidate,183,183,914,5,8.084261894226074,c1ccc(-c2cc(-c3cccc(C4CCC(c5ccccc5)OC4)n3)[nH]n2)cc1,c1ccc(-c2cc(-c3cccc(C4CCC(c5cccc(C6CCNC6)c5)OC4)n3)[nH]n2)cc1
fraggfn_seh,best_candidate,184,184,919,5,8.083453178405762,O=C(NCc1cccc(-c2cc[nH]n2)n1)c1cccc(C2CCCN2)c1,O=C(NCc1cccc(-c2cc(-c3ccc4ccccc4c3)[nH]n2)n1)c1cccc(C2CCCN2)c1
fraggfn_seh,best_candidate,185,185,924,5,8.082870483398438,O=C(NCc1cccc(-c2ccccc2)c1)c1cc(C2CCCN2)[nH]n1,O=C(NCc1cccc(-c2cccc(-c3ccccc3)c2)c1)c1cc(C2CCCN2)[nH]n1
fraggfn_seh,best_candidate,186,186,929,5,8.082571029663086,O=C(NCc1ccccn1)c1c[nH]c(-c2ccn(C3CCNC3)n2)c1,O=C(NCc1cccc(-c2cccc3ccccc23)n1)c1c[nH]c(-c2ccn(C3CCNC3)n2)c1
fraggfn_seh,best_candidate,187,187,934,5,8.082160949707031,O=C(NCn1ccc(-c2cccc(-c3ccc4ccccc4c3)c2)n1)C1CCCN1,O=C(NCn1ccc(-c2cccc(-c3ccc4ccccc4c3)c2)n1)C1CCC(C2CCNC2)N1
fraggfn_seh,best_candidate,188,188,939,5,8.081877708435059,O=C(NCc1ccncn1)c1cc(-c2cc(C3CCNC3)c[nH]2)c[nH]1,O=C(NCc1cc(-c2ccc3ccccc3c2)ncn1)c1cc(-c2cc(C3CCNC3)c[nH]2)c[nH]1
fraggfn_seh,best_candidate,189,189,944,5,8.081746101379395,O=C(NCc1cc(-n2ccc(-c3ccccc3)n2)ncn1)c1ccccc1,O=C(NCc1cc(-n2ccc(-c3ccccc3)n2)ncn1)c1cccc(C2CCNC2)c1
fraggfn_seh,best_candidate,190,190,949,5,8.081083297729492,c1cc[n+](-c2cccc(C3CCC(c4cccc(C5CCNC5)c4)CO3)c2)cc1,c1cc(C2CCNC2)cc(C2CCC(c3cccc(-[n+]4cccc(C5CCNC5)c4)c3)OC2)c1
fraggfn_seh,best_candidate,191,191,954,5,8.08079719543457,O=C(Nc1ccnc(C2CCC(c3ccccn3)OC2)n1)C1CCNC1,O=C(Nc1ccnc(C2CCC(c3cccc(C4CCCN4)n3)OC2)n1)C1CCNC1
fraggfn_seh,best_candidate,192,192,959,5,8.078933715820312,c1ccc(-c2ccc[n+](C3CCC(c4ccc(C5CCNC5)cc4)OC3)c2)nc1,c1cncc(-c2cccc(-c3ccc[n+](C4CCC(c5ccc(C6CCNC6)cc5)OC4)c3)n2)c1
fraggfn_seh,best_candidate,193,193,964,5,8.078700065612793,O=C(NCc1ccc(-c2ccncn2)cc1)c1ccnc(C2CCNC2)n1,O=C(NCc1ccc(-c2cc(-c3cccnc3)ncn2)cc1)c1ccnc(C2CCNC2)n1
fraggfn_seh,best_candidate,194,194,969,5,8.078548431396484,c1cc(-n2ccc(C3CCC(c4cc(C5CCCN5)c[nH]4)CO3)n2)ncn1,c1ccc2cc(-c3nccc(-n4ccc(C5CCC(c6cc(C7CCCN7)c[nH]6)CO5)n4)n3)ccc2c1
fraggfn_seh,best_candidate,195,195,974,5,8.077550888061523,O=C(NCc1c[nH]c(-c2ccccc2)c1)N1CCC(C2CCCN2)CC1,O=C(NCc1c[nH]c(-c2cccc(-c3ccccc3)c2)c1)N1CCC(C2CCCN2)CC1
fraggfn_seh,best_candidate,196,196,979,5,8.077010154724121,c1ccc(-c2ccn(-c3cccc(C4CCC(c5ccncn5)OC4)c3)n2)cc1,c1cc(-c2ccn(-c3cccc(C4CCC(c5ccncn5)OC4)c3)n2)cc(C2CCNC2)c1
fraggfn_seh,best_candidate,197,197,984,5,8.076083183288574,O=C(NCc1cccc(-c2ccccc2)n1)c1c[nH]c(C2CCNC2)c1,O=C(NCc1cccc(-c2cccc(-c3cccc4ccccc34)c2)n1)c1c[nH]c(C2CCNC2)c1
fraggfn_seh,best_candidate,198,198,989,5,8.075933456420898,O=C(NCc1cccc(-c2ccccc2)n1)c1ccc[n+](C2CCNC2)c1,O=C(NCc1cccc(-c2cccc(C3CCNC3)c2)n1)c1ccc[n+](C2CCNC2)c1
fraggfn_seh,best_candidate,199,199,994,5,8.075407981872559,c1cc(-c2cccc(C3CCCCO3)c2)cc(C2COC(C3CCCN3)C2)c1,c1cc(-c2cccc(C3CCC(c4ccc5ccccc5c4)CO3)c2)cc(C2COC(C3CCCN3)C2)c1
fraggfn_seh,best_candidate,200,200,999,5,8.075224876403809,c1ccc(-c2cccc(C3CCC(c4cc(-c5ccccc5)n[nH]4)CO3)c2)cc1,c1ccc(-c2cc(C3CCC(c4cccc(-c5cccc(C6CCCN6)c5)c4)OC3)[nH]n2)cc1
fraggfn_seh,best_candidate,201,201,1004,5,8.075112342834473,O=C(NCc1cc(C2CCCCO2)ncn1)c1cccc(C2CCCN2)c1,O=C(NCc1cc(C2CCC(c3ccc4ccccc4c3)CO2)ncn1)c1cccc(C2CCCN2)c1
fraggfn_seh,best_candidate,202,202,1009,5,8.07483196258545,O=C(NCc1ccc(-c2ccccc2)cc1)c1cc(-c2ccc3ccccc3c2)ncn1,O=C(NCc1ccc(-c2cccc(C3CCNC3)c2)cc1)c1cc(-c2ccc3ccccc3c2)ncn1
fraggfn_seh,best_candidate,203,203,1014,5,8.074195861816406,c1[nH]c(-c2c[nH]c(C3CCCCO3)c2)cc1-c1cc(C2CCCN2)[nH]n1,c1ccc2c(C3CCC(c4cc(-c5cc(-c6cc(C7CCCN7)[nH]n6)c[nH]5)c[nH]4)OC3)cccc2c1
fraggfn_seh,best_candidate,204,204,1019,5,8.074191093444824,O=C(NCc1ccccn1)c1ccnc(-c2ccnc(-c3cccnc3)c2)n1,O=C(NCc1ccc(C2CCNC2)cn1)c1ccnc(-c2ccnc(-c3cccnc3)c2)n1
fraggfn_seh,best_candidate,205,205,1024,5,8.07359790802002,O=c1[nH]c(=O)n(-c2c[nH]c(C3CCC(c4ccccc4)CO3)c2)cc1-c1ccccc1,O=c1[nH]c(=O)n(-c2c[nH]c(C3CCC(c4ccc(C5CCNC5)cc4)CO3)c2)cc1-c1ccccc1
fraggfn_seh,best_candidate,206,206,1029,5,8.073175430297852,O=C(NCc1cccc(-c2cc[nH]n2)c1)C1CCC(C2CCNC2)CO1,O=C(NCc1cccc(-c2ccn(-c3ccc4ccccc4c3)n2)c1)C1CCC(C2CCNC2)CO1
fraggfn_seh,best_candidate,207,207,1034,5,8.073003768920898,O=C(NCc1ccccc1)C1CCC(c2cc(C3CCNC3)ccn2)O1,O=C(NCc1cccc(-c2ccccc2)c1)C1CCC(c2cc(C3CCNC3)ccn2)O1
fraggfn_seh,best_candidate,208,208,1039,5,8.072319984436035,O=C(NCc1cccc(-c2ccccc2)c1)c1ccn(-c2cccnc2)n1,O=C(NCc1cccc(-c2cccc(C3CCNC3)c2)c1)c1ccn(-c2cccnc2)n1
fraggfn_seh,best_candidate,209,209,1044,5,8.072237014770508,c1ccc(-c2cc(CCc3cccc(C4CCNC4)c3)n[nH]2)cc1,c1cc(CCc2cc(-c3cccc(C4CCNC4)c3)[nH]n2)cc(C2CCNC2)c1
fraggfn_seh,best_candidate,210,210,1049,5,8.071736335754395,O=C(NCc1cccc(-c2ccncc2)c1)c1ccn(C2CCNC2)n1,O=C(NCc1cccc(-c2ccnc(-c3cccnc3)c2)c1)c1ccn(C2CCNC2)n1
fraggfn_seh,best_candidate,211,211,1054,5,8.070528030395508,O=C(NCn1cccn1)c1cccc(-c2c[nH]c(-c3ccccc3)c2)n1,O=C(NCn1ccc(C2CCCN2)n1)c1cccc(-c2c[nH]c(-c3ccccc3)c2)n1
fraggfn_seh,best_candidate,212,212,1059,5,8.070430755615234,c1ccc(C2CCC(c3cccc(-c4cc(-n5cnc6cncnc65)ccn4)c3)OC2)cc1,c1cc(C2CCNC2)cc(C2CCC(c3cccc(-c4cc(-n5cnc6cncnc65)ccn4)c3)OC2)c1
fraggfn_seh,best_candidate,213,213,1064,5,8.06949234008789,O=C(NCc1cc(C2CCC(C3CCCN3)O2)[nH]n1)c1ccccc1,O=C(NCc1cc(C2CCC(C3CCCN3)O2)[nH]n1)c1cccc(-c2ccc3ccccc3c2)c1
fraggfn_seh,best_candidate,214,214,1069,5,8.06917667388916,C1=CNC=C(c2cccc(-c3cc(-c4cccc(-c5ccncc5)c4)ncn3)c2)C1,C1=CNC=C(c2cccc(-c3cc(-c4cccc(-c5ccnc(-c6cccc7ccccc67)c5)c4)ncn3)c2)C1
fraggfn_seh,best_candidate,215,215,1074,5,8.069158554077148,c1ccc(-c2cccc(-c3c[nH]c(C4CCC(c5cccc6ccccc56)OC4)c3)c2)cc1,C1=CNC=C(c2cccc(-c3cccc(-c4c[nH]c(C5CCC(c6cccc7ccccc67)OC5)c4)c3)c2)C1
fraggfn_seh,best_candidate,216,216,1079,5,8.069087028503418,c1cc(-c2ccncn2)cc(-c2cc(-c3cccc(C4CCCN4)n3)c[nH]2)c1,c1cc(-c2cc(-c3c[nH]c4ccccc34)ncn2)cc(-c2cc(-c3cccc(C4CCCN4)n3)c[nH]2)c1
fraggfn_seh,best_candidate,217,217,1084,5,8.068570137023926,c1ccc(-c2cc(NCc3cc(C4CCNC4)[nH]n3)n[nH]2)cc1,c1cc(-c2cc(NCc3cc(C4CCNC4)[nH]n3)n[nH]2)cc(C2CCCN2)c1
fraggfn_seh,best_candidate,218,218,1089,5,8.06849479675293,c1ccc(-c2ccc(-c3cnn(C4CCC(c5ccc6ccccc6c5)CO4)c3)s2)cc1,c1cc(-c2ccc(-c3cnn(C4CCC(c5ccc6ccccc6c5)CO4)c3)s2)cc(C2CCCN2)c1
fraggfn_seh,best_candidate,219,219,1094,5,8.068449974060059,c1cncc(-c2cccc(-c3cc(-c4cccc(C5CCCOC5)c4)[nH]n3)c2)c1,c1cncc(-c2cccc(-c3cc(-c4cccc(C5CCC(C6CCNC6)OC5)c4)[nH]n3)c2)c1
fraggfn_seh,best_candidate,220,220,1099,5,8.067906379699707,O=C(NCc1ccn(C2CCCN2)c(=O)n1)c1cccc(-c2ccccn2)c1,O=C(NCc1ccn(C2CCCN2)c(=O)n1)c1cccc(-c2cc(-c3cccnc3)ccn2)c1
fraggfn_seh,best_candidate,221,221,1104,5,8.06774616241455,c1ccc2cc(-c3ccc[n+](-c4cc(-c5c[nH]c(C6CCCCO6)c5)[nH]n4)c3)ccc2c1,c1ccc2cc(-c3ccc[n+](-c4cc(-c5c[nH]c(C6CCC(C7CCNC7)CO6)c5)[nH]n4)c3)ccc2c1
fraggfn_seh,best_candidate,222,222,1109,5,8.06616497039795,O=C(NCc1cccnc1)c1cc(-c2cccc(-c3ccccn3)c2)n[nH]1,O=C(NCc1ccc(C2CCNC2)nc1)c1cc(-c2cccc(-c3ccccn3)c2)n[nH]1
fraggfn_seh,best_candidate,223,223,1114,5,8.06571102142334,c1cc(-c2cc(C3CCCO3)c[nH]2)cc(C2CCC(C3CCCN3)CO2)c1,c1cc(-c2cc(C3CCC(c4ccc5ccccc5c4)O3)c[nH]2)cc(C2CCC(C3CCCN3)CO2)c1
fraggfn_seh,best_candidate,224,224,1119,5,8.06568717956543,O=C(NCc1ccnc(-c2ccn(-c3ccccc3)n2)n1)c1ccccc1,O=C(NCc1ccnc(-c2ccn(-c3ccccc3)n2)n1)c1cccc(C2CCCN2)c1
fraggfn_seh,best_candidate,225,225,1124,5,8.06531047821045,O=C(NCc1c[nH]c(-c2ccnc(C3CCCN3)n2)c1)c1cc[nH]c1,O=C(NCc1c[nH]c(-c2ccnc(C3CCCN3)n2)c1)c1c[nH]c(C2CCCN2)c1
fraggfn_seh,best_candidate,226,226,1129,5,8.0650053024292,O=C(NCc1cccc(-c2ccncn2)c1)c1cc(C2CCCN2)c[nH]1,O=C(NCc1cccc(-c2cc(-c3ccccc3)ncn2)c1)c1cc(C2CCCN2)c[nH]1
fraggfn_seh,best_candidate,227,227,1134,5,8.064526557922363,c1cnc(CNc2cccc(-c3cc(C4CCCN4)ncn3)n2)nc1,c1cc(NCc2nccc(C3CCNC3)n2)nc(-c2cc(C3CCCN3)ncn2)c1
fraggfn_seh,best_candidate,228,228,1139,5,8.064501762390137,O=C(NCc1cc[nH]c1)c1cccc(-c2cc(-c3ccccc3)ncn2)n1,O=C(NCc1c[nH]c(C2CCCN2)c1)c1cccc(-c2cc(-c3ccccc3)ncn2)n1
fraggfn_seh,best_candidate,229,229,1144,5,8.06402587890625,c1ccc(-c2ccn(-c3c[nH]c(C4CCC(c5cccc6ccccc56)CO4)c3)n2)nc1,c1cc(-c2ccn(-c3c[nH]c(C4CCC(c5cccc6ccccc56)CO4)c3)n2)nc(C2CCCN2)c1
fraggfn_seh,best_candidate,230,230,1149,5,8.06379222869873,O=C(NCc1ccc(-c2ccccc2)cn1)c1cc(C2CCNC2)n[nH]1,O=C(NCc1ccc(-c2cccc(-c3ccc4ccccc4c3)c2)cn1)c1cc(C2CCNC2)n[nH]1
fraggfn_seh,best_candidate,231,231,1154,5,8.063737869262695,c1cc(C2CCC(c3cc(C4CCNC4)c[nH]3)CO2)cc(N2CCCCC2)c1,c1cc(C2CCC(c3cc(C4CCNC4)c[nH]3)CO2)cc(N2CCC(c3ccc4ccccc4c3)CC2)c1
fraggfn_seh,best_candidate,232,232,1159,5,8.063600540161133,c1cc(C2CCNC2)nc(C2CCC(c3ccnc(-c4cc[nH]n4)c3)OC2)c1,c1cc(C2CCNC2)nc(C2CCC(c3ccnc(-c4cc(-c5ccc6ccccc6c5)[nH]n4)c3)OC2)c1
fraggfn_seh,best_candidate,233,233,1164,5,8.062983512878418,O=C(NCc1cccc(-c2cccc(C3CCCN3)n2)n1)c1ccccc1,O=C(NCc1cccc(-c2cccc(C3CCCN3)n2)n1)c1cccc(C2=CNC=CC2)c1
fraggfn_seh,best_candidate,234,234,1169,5,8.062527656555176,c1cc(-c2cc(-c3cccc(C4CCCOC4)c3)ncn2)cc(C2CCNC2)c1,c1ccc(C2CCC(c3cccc(-c4cc(-c5cccc(C6CCNC6)c5)ncn4)c3)CO2)cc1
fraggfn_seh,best_candidate,235,235,1174,5,8.06240463256836,O=C(NCc1ccn(-c2ccncn2)n1)c1nccc(C2CCNC2)n1,O=C(NCc1ccn(-c2cc(-c3ccccc3)ncn2)n1)c1nccc(C2CCNC2)n1
fraggfn_seh,best_candidate,236,236,1179,5,8.062281608581543,O=C(NCc1cccc(-c2cc(-c3ncccn3)c[nH]2)c1)c1ccc2ccccc2c1,O=C(NCc1cccc(-c2cc(-c3nccc(C4CCNC4)n3)c[nH]2)c1)c1ccc2ccccc2c1
fraggfn_seh,best_candidate,237,237,1184,5,8.061941146850586,O=c1nc(C2CCC(c3cccc(-c4ncccn4)c3)CO2)ccn1C1CCCN1,O=c1nc(C2CCC(c3cccc(-c4nccc(-c5ccccc5)n4)c3)CO2)ccn1C1CCCN1
fraggfn_seh,best_candidate,238,238,1189,5,8.061300277709961,O=c1[nH]c(=O)n(C2CCNC2)cc1-c1cccc(C2CCC(c3ccccc3)OC2)c1,O=c1[nH]c(=O)n(C2CCNC2)cc1-c1cccc(C2CCC(c3cccc(C4CCNC4)c3)OC2)c1
fraggfn_seh,best_candidate,239,239,1194,5,8.060543060302734,c1ccc(-c2cc(-c3c[nH]c(-c4cccc(-c5c[nH]c6ccccc56)c4)c3)ccn2)nc1,c1cc(-c2cc(-c3ccnc(-c4cc(C5CCCN5)ccn4)c3)c[nH]2)cc(-c2c[nH]c3ccccc23)c1
fraggfn_seh,best_candidate,240,240,1199,5,8.060543060302734,O=C(NCc1cccc(C2CCCN2)c1)c1cccc(-c2ccccn2)n1,O=C(NCc1cccc(C2CCCN2)c1)c1cccc(-c2cccc(C3CCCN3)n2)n1
fraggfn_seh,best_candidate,241,241,1204,5,8.060050010681152,O=C(NCc1cc(C2CCCN2)[nH]n1)c1nccc(-c2ccccc2)n1,O=C(NCc1cc(C2CCCN2)[nH]n1)c1nccc(-c2cccc(-c3ccc4ccccc4c3)c2)n1
fraggfn_seh,best_candidate,242,242,1209,5,8.05949878692627,O=C(NCc1cccc(C2CCC(c3ccc4ccccc4c3)CO2)c1)c1cccs1,O=C(NCc1cccc(C2CCC(c3ccc4ccccc4c3)CO2)c1)c1ccc(C2CCCN2)s1
fraggfn_seh,best_candidate,243,243,1214,5,8.05810260772705,c1ccc(-c2ccc(CCc3cc(C4CCNC4)ncn3)nc2)cc1,c1cc(-c2ccc(CCc3cc(C4CCNC4)ncn3)nc2)cc(C2CCCN2)c1
fraggfn_seh,best_candidate,244,244,1219,5,8.057687759399414,c1[nH]c(C2COC(n3ccc(C4CCCCO4)n3)C2)cc1C1CCNC1,c1ccc2cc(C3CCC(c4ccn(C5CC(c6cc(C7CCNC7)c[nH]6)CO5)n4)OC3)ccc2c1
fraggfn_seh,best_candidate,245,245,1224,5,8.057060241699219,O=C(NCc1cccc(C2CCNC2)c1)c1cccc(-c2cc[nH]c2)c1,O=C(NCc1cccc(C2CCNC2)c1)c1cccc(-c2c[nH]c(-c3cncnc3)c2)c1
fraggfn_seh,best_candidate,246,246,1229,5,8.056782722473145,O=C(NCc1cccc(C2CCNC2)c1)C1CCC(c2ccn[nH]2)O1,O=C(NCc1cccc(C2CCNC2)c1)C1CCC(c2cc(-c3ccc4ccccc4c3)n[nH]2)O1
fraggfn_seh,best_candidate,247,247,1234,5,8.056188583374023,O=C(NCc1cc[nH]c1)c1cccc(-c2cccc(C3CCNCC3)n2)n1,O=C(NCc1c[nH]c(C2CCNC2)c1)c1cccc(-c2cccc(C3CCNCC3)n2)n1
fraggfn_seh,best_candidate,248,248,1239,5,8.056042671203613,c1ccc(C2CCC(c3cc(-c4cc(C5CCNC5)ncn4)c[nH]3)CO2)nc1,c1cc(C2CCCN2)nc(C2CCC(c3cc(-c4cc(C5CCNC5)ncn4)c[nH]3)CO2)c1
fraggfn_seh,best_candidate,249,249,1244,5,8.055774688720703,c1ccc(-c2cc(-c3c[nH]c(-c4cccc(C5CCCN5)n4)c3)ncn2)cc1,c1ccc(-c2cccc(-c3cc(-c4c[nH]c(-c5cccc(C6CCCN6)n5)c4)ncn3)c2)cc1
fraggfn_seh,best_candidate,250,250,1249,5,8.05547046661377,c1ccc(-c2cccc(-c3cccc(-c4nccc(C5CCCN5)n4)c3)c2)cc1,c1cc(-c2cccc(-c3nccc(C4CCCN4)n3)c2)cc(-c2cccc(-c3cccc4ccccc34)c2)c1
fraggfn_seh,best_candidate,251,251,1254,5,8.055288314819336,CC=Cc1ccc(CNC(=O)c2cccc(C3CCNC3)n2)nc1,CC(=Cc1ccc(CNC(=O)c2cccc(C3CCNC3)n2)nc1)c1ccc2ccccc2c1
fraggfn_seh,best_candidate,252,252,1259,5,8.055089950561523,O=C(NCc1ccn(-c2ccncn2)n1)c1cc(-c2ccccc2)ccn1,O=C(NCc1ccn(-c2ccnc(C3CCNC3)n2)n1)c1cc(-c2ccccc2)ccn1
fraggfn_seh,best_candidate,253,253,1264,5,8.055008888244629,c1cc(C2CCNC2)cc(C2CCC(c3ccc(-c4ccncc4)cc3)OC2)c1,c1cc(C2CCNC2)cc(C2CCC(c3ccc(-c4ccnc(C5CCCN5)c4)cc3)OC2)c1
fraggfn_seh,best_candidate,254,254,1269,5,8.054435729980469,C1=CNC=C(c2cccc(-c3cc(-c4cccc(C5CCCN5)c4)ccn3)c2)C1,C1=CN(c2cccc3ccccc23)C=C(c2cccc(-c3cc(-c4cccc(C5CCCN5)c4)ccn3)c2)C1
fraggfn_seh,best_candidate,255,255,1274,5,8.054357528686523,c1cc(-c2cccc(C3CCC(C4CCCO4)O3)c2)cc(C2CCNC2)c1,c1cc(-c2cccc(C3CCC(C4CCC(c5ccc6ccccc6c5)O4)O3)c2)cc(C2CCNC2)c1
fraggfn_seh,best_candidate,256,256,1279,5,8.054143905639648,O=C(NCc1ccccc1)c1ccc[n+](-c2nc(-c3cccnc3)cs2)c1,O=C(NCc1ccc(C2CCNC2)cc1)c1ccc[n+](-c2nc(-c3cccnc3)cs2)c1
fraggfn_seh,best_candidate,257,257,1284,5,8.054080963134766,O=C(NCn1ccc(-c2ccccc2)nc1=O)c1cccc(C2CCNC2)n1,O=C(NCn1ccc(-c2cccc(C3CCNC3)c2)nc1=O)c1cccc(C2CCNC2)n1
fraggfn_seh,best_candidate,258,258,1289,5,8.053862571716309,O=C(NCc1ccccc1)c1cccc(-c2ccnc(C3CCNC3)n2)c1,O=C(NCc1cccc(-c2ccccc2)c1)c1cccc(-c2ccnc(C3CCNC3)n2)c1
fraggfn_seh,best_candidate,259,259,1294,5,8.053511619567871,c1cc(-c2cccc(-c3cccc(C4CCCCO4)c3)n2)cc(C2CCNC2)c1,c1cc(-c2cccc(-c3cccc(C4CCC(c5ccncn5)CO4)c3)n2)cc(C2CCNC2)c1
fraggfn_seh,best_candidate,260,260,1299,5,8.052604675292969,O=C(Nc1cccc(C2CCCCO2)n1)c1ccc[n+](C2CCCN2)c1,O=C(Nc1cccc(C2CCC(c3ccccc3)CO2)n1)c1ccc[n+](C2CCCN2)c1
fraggfn_seh,best_candidate,261,261,1304,5,8.052603721618652,O=C(NCc1cccc(-c2cccc(C3CCNC3)c2)c1)c1ncccn1,O=C(NCc1cccc(-c2cccc(C3CCNC3)c2)c1)c1nccc(-c2ccccc2)n1
fraggfn_seh,best_candidate,262,262,1309,5,8.052032470703125,O=C(NCc1ccccc1)c1c[nH]c(-c2cccc(-c3ccccc3)n2)c1,O=C(NCc1cccc(C2CCCN2)c1)c1c[nH]c(-c2cccc(-c3ccccc3)n2)c1
fraggfn_seh,best_candidate,263,263,1314,5,8.051717758178711,c1ccc(-c2ccnc(-c3c[nH]c(C4CCC(c5ccccc5)CO4)c3)c2)cc1,c1ccc(-c2ccnc(-c3c[nH]c(C4CCC(c5cccc(C6CCCN6)c5)CO4)c3)c2)cc1
fraggfn_seh,best_candidate,264,264,1319,5,8.051240921020508,O=C(NCc1cccc(-c2cc(-c3ccccc3)c[nH]2)c1)c1ccccn1,O=C(NCc1cccc(-c2cc(-c3ccccc3)c[nH]2)c1)c1cc(C2CCNC2)ccn1
fraggfn_seh,best_candidate,265,265,1324,5,8.050575256347656,O=CNCc1ccc(-c2cccc(-c3cc(C4CCNC4)ncn3)c2)cc1,O=C(NCc1ccc(-c2cccc(-c3cc(C4CCNC4)ncn3)c2)cc1)N1C=CCC=C1
fraggfn_seh,best_candidate,266,266,1329,5,8.050537109375,O=C(NCn1cc(-c2cccc(C3CCCCO3)c2)cn1)c1ccc2ccccc2c1,O=C(NCn1cc(-c2cccc(C3CCC(C4CCCN4)CO3)c2)cn1)c1ccc2ccccc2c1
fraggfn_seh,best_candidate,267,267,1334,5,8.05053424835205,C1=CN(c2ccc3ccccc3c2)C=C(c2cc(-c3ccc(-c4ccccc4)s3)c[nH]2)C1,C1=CN(c2ccc3ccccc3c2)C=C(c2cc(-c3ccc(-c4cccc(-c5ccccc5)c4)s3)c[nH]2)C1
fraggfn_seh,best_candidate,268,268,1339,5,8.050504684448242,c1cncc(-c2cccc(C3CCC(c4ccc(C5CCCCO5)s4)CO3)n2)c1,c1cncc(-c2cccc(C3CCC(c4ccc(C5CCC(C6CCNC6)CO5)s4)CO3)n2)c1
fraggfn_seh,best_candidate,269,269,1344,5,8.050439834594727,O=C(NCc1ccnc(C2=CNC=CC2)n1)c1cccc(C2CCNC2)c1,O=C(NCc1ccnc(C2=CN(c3ccccc3)C=CC2)n1)c1cccc(C2CCNC2)c1
fraggfn_seh,best_candidate,270,270,1349,5,8.050273895263672,O=C(NCc1cnn(-c2ccccc2)c1)C1CCCC(C2CCNC2)C1,O=C(NCc1cnn(-c2cccc(-c3ccc4ccccc4c3)c2)c1)C1CCCC(C2CCNC2)C1
fraggfn_seh,best_candidate,271,271,1354,5,8.050180435180664,c1ccc(C2CCC(c3cccc(-c4c[nH]c(C5CCCN5)c4)c3)CO2)nc1,c1cc(-c2c[nH]c(C3CCCN3)c2)cc(C2CCC(c3cccc(C4CCCNC4)n3)OC2)c1
fraggfn_seh,best_candidate,272,272,1359,5,8.049151420593262,C1=CN(c2cccc(NCc3cccc(C4CCNC4)n3)c2)C=CC1,C1=CN(c2cccc(NCc3cccc(C4CCNC4)n3)c2)C=C(c2ccccc2)C1
fraggfn_seh,best_candidate,273,273,1364,5,8.04893684387207,O=CNCc1cc(-c2cccc(-c3cc(-c4ccccc4)[nH]n3)c2)ncn1,O=C(NCc1cc(-c2cccc(-c3cc(-c4ccccc4)[nH]n3)c2)ncn1)C1CCNC1
fraggfn_seh,best_candidate,274,274,1369,5,8.048920631408691,c1ccc(-c2cc(-c3cc(-c4cccc(-c5ccccn5)c4)[nH]n3)ncn2)cc1,c1ccc(-c2cc(-c3cc(-c4cccc(-c5cccc(C6CCCN6)n5)c4)[nH]n3)ncn2)cc1
fraggfn_seh,best_candidate,275,275,1374,5,8.048910140991211,O=C(NCc1nccc(-c2ccc[nH+]c2)n1)c1cccc(-c2ccccc2)n1,O=C(NCc1nccc(-c2ccc[n+](C3CCCN3)c2)n1)c1cccc(-c2ccccc2)n1
fraggfn_seh,best_candidate,276,276,1379,5,8.048678398132324,O=C(NCc1cncnc1)c1cccc(-c2cccc(C3=CNC=CC3)c2)c1,O=C(NCc1cnc(-c2ccccc2)nc1)c1cccc(-c2cccc(C3=CNC=CC3)c2)c1
fraggfn_seh,best_candidate,277,277,1384,5,8.048357963562012,c1cc(-c2ccncc2)cc(-c2cccc(C3CCC(c4cc[nH]n4)CO3)c2)c1,c1cc(-c2ccncc2)cc(-c2cccc(C3CCC(c4ccn(C5CCNC5)n4)CO3)c2)c1
fraggfn_seh,best_candidate,278,278,1389,5,8.047858238220215,O=C(NCc1cnn(C2CCCN2)c1)c1cccc(-c2ccccn2)c1,O=C(NCc1cnn(C2CCCN2)c1)c1cccc(-c2cccc(C3CCNC3)n2)c1
fraggfn_seh,best_candidate,279,279,1394,5,8.047799110412598,O=C(NCc1nccc(-c2cccc(C3CCNC3)c2)n1)c1cccc2ccccc12,O=C(NCc1nccc(-c2cccc(C3CCNC3)c2)n1)c1cc(C2CCNC2)cc2ccccc12
fraggfn_seh,best_candidate,280,280,1399,5,8.047767639160156,O=C(NCc1ccc(-c2cccc(-c3ccccc3)c2)cc1)c1c[nH]c2ccccc12,O=C(NCc1ccc(-c2cccc(-c3cccc(C4=CNC=CC4)c3)c2)cc1)c1c[nH]c2ccccc12
fraggfn_seh,best_candidate,281,281,1404,5,8.047752380371094,C1=CNC=C(c2cccc(-c3cccc(-c4cccc(-c5ccccn5)n4)c3)c2)C1,C1=CNC=C(c2cccc(-c3cccc(-c4cccc(-c5cccc(-c6ccccc6)n5)n4)c3)c2)C1
fraggfn_seh,best_candidate,282,282,1409,5,8.046571731567383,O=C(NCc1cccc(-c2ccncn2)n1)c1cc(-c2ccccc2)n[nH]1,O=C(NCc1cccc(-c2cc(C3CCNC3)ncn2)n1)c1cc(-c2ccccc2)n[nH]1
fraggfn_seh,best_candidate,283,283,1414,5,8.04636001586914,C1=C(C2CCNC2)CCCC1C1CCC(c2ccnc(-c3ccccc3)n2)OC1,C1=C(C2CCNC2)CCCC1C1CCC(c2ccnc(-c3cccc(-c4ccc5ccccc5c4)c3)n2)OC1
fraggfn_seh,best_candidate,284,284,1419,5,8.04576587677002,c1ccc(-c2cccc(-c3cc(-c4cccc(C5CCNCC5)n4)[nH]n3)c2)cc1,c1ccc(-c2cccc(-c3cccc(-c4cc(-c5cccc(C6CCNCC6)n5)[nH]n4)c3)c2)cc1
fraggfn_seh,best_candidate,285,285,1424,5,8.045635223388672,c1ccc(-c2cccc(C3CCC(c4c[nH]c(C5CCNC5)c4)OC3)c2)cc1,c1cc(-c2ccncc2)cc(-c2cccc(C3CCC(c4c[nH]c(C5CCNC5)c4)OC3)c2)c1
fraggfn_seh,best_candidate,286,286,1429,5,8.045243263244629,c1cc(-c2ccc(-c3ccc[n+](C4CCCOC4)c3)s2)cc(C2CCCN2)c1,c1cc(-c2ccc(-c3ccc[n+](C4CCC(c5ccc6ccccc6c5)OC4)c3)s2)cc(C2CCCN2)c1
fraggfn_seh,best_candidate,287,287,1434,5,8.044211387634277,O=C(NCc1ncccn1)c1c[nH]c(-c2cccc(-c3ccccc3)c2)c1,O=C(NCc1nccc(C2CCNC2)n1)c1c[nH]c(-c2cccc(-c3ccccc3)c2)c1
fraggfn_seh,best_candidate,288,288,1439,5,8.042832374572754,O=C(NCc1cccc(C2CCC(C3CCCN3)CO2)c1)c1ccncc1,O=C(NCc1cccc(C2CCC(C3CCCN3)CO2)c1)c1ccnc(-c2ccccc2)c1
fraggfn_seh,best_candidate,289,289,1444,5,8.042549133300781,CNC(=O)c1cccc(-c2ccnc(-c3cccc(C4CCNC4)c3)n2)n1,O=C(NCc1cccc2ccccc12)c1cccc(-c2ccnc(-c3cccc(C4CCNC4)c3)n2)n1
fraggfn_seh,best_candidate,290,290,1449,5,8.04199504852295,O=C(NCc1cnc(C2CCCN2)nc1)c1ccc(-c2ccccc2)nc1,O=C(NCc1cnc(C2CCCN2)nc1)c1ccc(-c2cccc(-c3cncnc3)c2)nc1
fraggfn_seh,best_candidate,291,291,1454,5,8.041606903076172,c1ccc(-c2cccc(-c3c[nH]c(C4CCC(c5cc[nH]n5)CO4)c3)c2)cc1,c1ccc(-c2cccc(-c3c[nH]c(C4CCC(c5cc(C6CCCN6)[nH]n5)CO4)c3)c2)cc1
fraggfn_seh,best_candidate,292,292,1459,5,8.041441917419434,O=C(NCc1ncccn1)c1cccc(C2CCC(c3cccnc3)OC2)c1,O=C(NCc1nccc(C2CCNC2)n1)c1cccc(C2CCC(c3cccnc3)OC2)c1
fraggfn_seh,best_candidate,293,293,1464,5,8.041245460510254,O=C(NCc1ccnc(-c2cc(-c3ccccc3)ccn2)n1)C1CCNC1,O=C(NCc1ccnc(-c2cc(-c3cccc(-c4ccccc4)c3)ccn2)n1)C1CCNC1
fraggfn_seh,best_candidate,294,294,1469,5,8.04076099395752,O=C(NCc1cc[nH]c1)c1ccc(-c2cccc(C3CCCN3)c2)s1,O=C(NCc1c[nH]c(-c2ccc3ccccc3c2)c1)c1ccc(-c2cccc(C3CCCN3)c2)s1
fraggfn_seh,best_candidate,295,295,1474,5,8.039776802062988,c1ccc(-c2cccc(C3CCC(n4ccc(-c5ccc6ccccc6c5)n4)CO3)c2)cc1,c1cc(-c2cccc(C3CCC(n4ccc(-c5ccc6ccccc6c5)n4)CO3)c2)cc(C2CCNC2)c1
fraggfn_seh,best_candidate,296,296,1479,5,8.039713859558105,O=C(NCc1c[nH]c(-c2cccc(-c3cncnc3)c2)c1)c1ccncc1,O=C(NCc1c[nH]c(-c2cccc(-c3cncnc3)c2)c1)c1ccnc(C2CCNC2)c1
fraggfn_seh,best_candidate,297,297,1484,5,8.039650917053223,O=C(NCc1ccc(-c2cnn(C3CCCN3)c2)nc1)c1ccccc1,O=C(NCc1ccc(-c2cnn(C3CCCN3)c2)nc1)c1cccc(-c2ccncn2)c1
fraggfn_seh,best_candidate,298,298,1489,5,8.039520263671875,c1cc(-c2cccc(-c3cc[nH]c3)n2)cc(C2CCC(C3CCNC3)CO2)c1,c1ccc(-c2cc(-c3cccc(-c4cccc(C5CCC(C6CCNC6)CO5)c4)n3)c[nH]2)cc1
fraggfn_seh,best_candidate,299,299,1494,5,8.039380073547363,O=C(NCc1nccc(-c2cc(C3CCCN3)ncn2)n1)c1ccccc1,O=C(NCc1nccc(-c2cc(C3CCCN3)ncn2)n1)c1cccc(C2CCNC2)c1
fraggfn_seh,best_candidate,300,300,1499,5,8.037203788757324,c1cnc(-c2ccnc(-c3c[nH]c(C4CCC(c5cccc6ccccc56)OC4)c3)n2)nc1,c1ccc2c(C3CCC(c4cc(-c5nccc(-c6nccc(C7CCCN7)n6)n5)c[nH]4)CO3)cccc2c1
fraggfn_seh,hub_batching,1,1,5,5,8.15873908996582,c1ccc(C2CCC(c3cccc(-c4ccnc(-c5ccncn5)n4)c3)CO2)cc1,c1cc(-c2ccnc(-c3ccncn3)n2)cc(C2CCC(c3ccc(C4CCNC4)cc3)OC2)c1
fraggfn_seh,hub_batching,2,2,6,1,7.9642767906188965,c1ccc(C2CCC(c3cccc(-c4ccnc(-c5ccncn5)n4)c3)CO2)cc1,O=c1nc2[nH]c3ccc(-c4cc(-c5nccc(-c6cccc(C7CCC(c8ccccc8)OC7)c6)n5)ncn4)cc3nc-2c(=O)[nH]1
fraggfn_seh,hub_batching,3,3,7,1,7.919659614562988,c1ccc(C2CCC(c3cccc(-c4ccnc(-c5ccncn5)n4)c3)CO2)cc1,c1ccc(C2CCC(c3cccc(-c4ccnc(-c5ccnc(-c6ccc7ccccc7c6)n5)n4)c3)CO2)cc1
fraggfn_seh,hub_batching,4,4,8,1,7.641360282897949,c1ccc(C2CCC(c3cccc(-c4ccnc(-c5ccncn5)n4)c3)CO2)cc1,c1ccc(C2CCC(c3cccc(-c4ccnc(-c5cc(-n6cnc7cncnc76)ncn5)n4)c3)CO2)cc1
fraggfn_seh,hub_batching,5,5,9,1,7.233180522918701,c1ccc(C2CCC(c3cccc(-c4ccnc(-c5ccncn5)n4)c3)CO2)cc1,C1=CC(c2cncnc2-c2nccc(-c3cccc(C4CCC(c5ccccc5)OC4)c3)n2)CCC1
fraggfn_seh,hub_batching,6,6,10,1,7.184645652770996,c1ccc(C2CCC(c3cccc(-c4ccnc(-c5ccncn5)n4)c3)CO2)cc1,O=c1nc2n(-c3ccccc3C3CCC(c4cccc(-c5ccnc(-c6ccncn6)n5)c4)CO3)c3ccccc3nc-2c(=O)[nH]1
fraggfn_seh,hub_batching,7,7,11,1,7.167507171630859,c1ccc(C2CCC(c3cccc(-c4ccnc(-c5ccncn5)n4)c3)CO2)cc1,Cc1ccc(C2CCC(c3ccccc3)OC2)cc1-c1ccnc(-c2ccncn2)n1
fraggfn_seh,hub_batching,8,8,12,1,7.111337184906006,c1ccc(C2CCC(c3cccc(-c4ccnc(-c5ccncn5)n4)c3)CO2)cc1,COc1cc(-c2cccc(C3CCC(c4ccccc4)OC3)c2)nc(-c2ccncn2)n1
fraggfn_seh,hub_batching,9,9,17,5,8.11580753326416,c1ccc(-c2cccc(-c3cc(-c4ccc(C5CCCN5)cc4)ncn3)c2)cc1,c1cc(-c2cccc(-c3cccc4ccccc34)c2)cc(-c2cc(-c3ccc(C4CCCN4)cc3)ncn2)c1
fraggfn_seh,hub_batching,10,10,18,1,7.89398193359375,c1ccc(-c2cccc(-c3cc(-c4ccc(C5CCCN5)cc4)ncn3)c2)cc1,c1cc(-c2cccc(-n3cnc4cncnc43)c2)cc(-c2cc(-c3ccc(C4CCCN4)cc3)ncn2)c1
fraggfn_seh,hub_batching,11,11,19,1,7.80923318862915,c1ccc(-c2cccc(-c3cc(-c4ccc(C5CCCN5)cc4)ncn3)c2)cc1,Fc1c(-c2ccccc2)cccc1-c1cc(-c2ccc(C3CCCN3)cc2)ncn1
fraggfn_seh,hub_batching,12,12,20,1,7.619822978973389,c1ccc(-c2cccc(-c3cc(-c4ccc(C5CCCN5)cc4)ncn3)c2)cc1,Fc1cc(-c2cc(-c3cccc(-c4ccccc4)c3)ncn2)ccc1C1CCCN1
fraggfn_seh,hub_batching,13,13,21,1,7.56876802444458,c1ccc(-c2cccc(-c3cc(-c4ccc(C5CCCN5)cc4)ncn3)c2)cc1,O=c1nc2[nH]c3cc(-c4cccc(-c5cccc(-c6cc(-c7ccc(C8CCCN8)cc7)ncn6)c5)c4)ccc3nc-2c(=O)[nH]1
fraggfn_seh,hub_batching,14,14,22,1,7.555189609527588,c1ccc(-c2cccc(-c3cc(-c4ccc(C5CCCN5)cc4)ncn3)c2)cc1,O=c1[nH]cnc2c1ncn2-c1ccccc1-c1cccc(-c2cc(-c3ccc(C4CCCN4)cc3)ncn2)c1
fraggfn_seh,hub_batching,15,15,23,1,7.490596771240234,c1ccc(-c2cccc(-c3cc(-c4ccc(C5CCCN5)cc4)ncn3)c2)cc1,O=c1[nH]cnc2c1NC(c1cccc(-c3cccc(-c4cc(-c5ccc(C6CCCN6)cc5)ncn4)c3)c1)CN2
fraggfn_seh,hub_batching,16,16,24,1,7.474475383758545,c1ccc(-c2cccc(-c3cc(-c4ccc(C5CCCN5)cc4)ncn3)c2)cc1,c1ccc(-c2cccc(-c3cc(-c4ccc(C5CCC(c6cccc7ccccc67)N5)cc4)ncn3)c2)cc1
fraggfn_seh,hub_batching,17,17,25,1,7.439857482910156,c1ccc(-c2cccc(-c3cc(-c4ccc(C5CCCN5)cc4)ncn3)c2)cc1,c1ccc(-c2cccc(-c3cc(-c4ccc(C5CCCN5c5ccccc5)cc4)ncn3)c2)cc1
fraggfn_seh,hub_batching,18,18,26,1,7.41107177734375,c1ccc(-c2cccc(-c3cc(-c4ccc(C5CCCN5)cc4)ncn3)c2)cc1,Fc1nc(-c2ccc(C3CCCN3)cc2)cc(-c2cccc(-c3ccccc3)c2)n1
fraggfn_seh,hub_batching,19,19,27,1,7.1961989402771,c1ccc(-c2cccc(-c3cc(-c4ccc(C5CCCN5)cc4)ncn3)c2)cc1,c1ccc(-c2cccc(-c3cc(-c4ccc(C5NCCC5C5CCCC5)cc4)ncn3)c2)cc1
fraggfn_seh,hub_batching,20,20,28,1,7.044744968414307,c1ccc(-c2cccc(-c3cc(-c4ccc(C5CCCN5)cc4)ncn3)c2)cc1,O=c1[nH]cnc2c1NC(N1CCCC1c1ccc(-c3cc(-c4cccc(-c5ccccc5)c4)ncn3)cc1)CN2
fraggfn_seh,hub_batching,21,21,33,5,8.36481761932373,c1cc(-c2cc[nH]n2)cc(C2CCC(c3ccc(C4CCNC4)cc3)CO2)c1,c1cc(-c2ccn(-c3ccc4ccccc4c3)n2)cc(C2CCC(c3ccc(C4CCNC4)cc3)CO2)c1
fraggfn_seh,hub_batching,22,22,34,1,8.314837455749512,c1cc(-c2cc[nH]n2)cc(C2CCC(c3ccc(C4CCNC4)cc3)CO2)c1,O=c1nc2[nH]c3ccc(-c4cc(-c5cccc(C6CCC(c7ccc(C8CCNC8)cc7)CO6)c5)n[nH]4)cc3nc-2c(=O)[nH]1
fraggfn_seh,hub_batching,23,23,35,1,8.20389175415039,c1cc(-c2cc[nH]n2)cc(C2CCC(c3ccc(C4CCNC4)cc3)CO2)c1,c1cc(-c2cc(C3CCCN3)[nH]n2)cc(C2CCC(c3ccc(C4CCNC4)cc3)CO2)c1
fraggfn_seh,hub_batching,24,24,36,1,8.18088436126709,c1cc(-c2cc[nH]n2)cc(C2CCC(c3ccc(C4CCNC4)cc3)CO2)c1,c1cc(-c2ccn(-n3cnc4cncnc43)n2)cc(C2CCC(c3ccc(C4CCNC4)cc3)CO2)c1
fraggfn_seh,hub_batching,25,25,37,1,7.810854434967041,c1cc(-c2cc[nH]n2)cc(C2CCC(c3ccc(C4CCNC4)cc3)CO2)c1,O=c1[nH]cnc2c1NC(n1ccc(-c3cccc(C4CCC(c5ccc(C6CCNC6)cc5)CO4)c3)n1)CN2
fraggfn_seh,hub_batching,26,26,38,1,7.782534122467041,c1cc(-c2cc[nH]n2)cc(C2CCC(c3ccc(C4CCNC4)cc3)CO2)c1,c1cc(-c2n[nH]cc2-c2cccc3ccccc23)cc(C2CCC(c3ccc(C4CCNC4)cc3)CO2)c1
fraggfn_seh,hub_batching,27,27,39,1,7.7147603034973145,c1cc(-c2cc[nH]n2)cc(C2CCC(c3ccc(C4CCNC4)cc3)CO2)c1,O=c1nc2n(-c3c[nH]nc3-c3cccc(C4CCC(c5ccc(C6CCNC6)cc5)CO4)c3)c3ccccc3nc-2c(=O)[nH]1
fraggfn_seh,hub_batching,28,28,40,1,7.469967365264893,c1cc(-c2cc[nH]n2)cc(C2CCC(c3ccc(C4CCNC4)cc3)CO2)c1,O=c1nc2[nH]c3cc(N4CCC(c5ccc(C6CCC(c7cccc(-c8cc[nH]n8)c7)OC6)cc5)C4)ccc3nc-2c(=O)[nH]1
fraggfn_seh,hub_batching,29,29,41,1,7.46650505065918,c1cc(-c2cc[nH]n2)cc(C2CCC(c3ccc(C4CCNC4)cc3)CO2)c1,c1cc(-c2cc[nH]n2)cc(C2CCC(c3ccc(C4CNC(C5CCNC5)C4)cc3)CO2)c1
fraggfn_seh,hub_batching,30,30,42,1,7.42788028717041,c1cc(-c2cc[nH]n2)cc(C2CCC(c3ccc(C4CCNC4)cc3)CO2)c1,c1ccc2cc(-c3ccc(C4CCC(c5ccc(C6CCNC6)cc5)CO4)cc3-c3cc[nH]n3)ccc2c1
fraggfn_seh,hub_batching,31,31,43,1,7.391655445098877,c1cc(-c2cc[nH]n2)cc(C2CCC(c3ccc(C4CCNC4)cc3)CO2)c1,Fc1cc(-c2cc[nH]n2)cc(C2CCC(c3ccc(C4CCNC4)cc3)CO2)c1
fraggfn_seh,hub_batching,32,32,44,1,7.279090404510498,c1cc(-c2cc[nH]n2)cc(C2CCC(c3ccc(C4CCNC4)cc3)CO2)c1,FC1OC(c2cccc(-c3cc[nH]n3)c2)CCC1c1ccc(C2CCNC2)cc1
fraggfn_seh,hub_batching,33,33,45,1,7.150923252105713,c1cc(-c2cc[nH]n2)cc(C2CCC(c3ccc(C4CCNC4)cc3)CO2)c1,Clc1c(-c2cc[nH]n2)cccc1C1CCC(c2ccc(C3CCNC3)cc2)CO1
fraggfn_seh,hub_batching,34,34,50,5,8.106352806091309,c1ccc(C2CCC(c3cccc(-c4cccc(C5CCCN5)c4)c3)OC2)cc1,c1cc(-c2cccc(C3CCC(c4cccc(C5CCCN5)c4)CO3)c2)cc(C2CCCN2)c1
fraggfn_seh,hub_batching,35,35,51,1,7.822640895843506,c1ccc(C2CCC(c3cccc(-c4cccc(C5CCCN5)c4)c3)OC2)cc1,c1ccc(C2CCC(c3cccc(-c4cccc(C5CCC(C6CCNC6)N5)c4)c3)OC2)cc1
fraggfn_seh,hub_batching,36,36,52,1,7.723411560058594,c1ccc(C2CCC(c3cccc(-c4cccc(C5CCCN5)c4)c3)OC2)cc1,c1ccc(C2CCC(c3cccc(-c4cccc(C5CCCN5C5CC5)c4)c3)OC2)cc1
fraggfn_seh,hub_batching,37,37,53,1,7.719704627990723,c1ccc(C2CCC(c3cccc(-c4cccc(C5CCCN5)c4)c3)OC2)cc1,FC1OC(c2cccc(-c3cccc(C4CCCN4)c3)c2)CCC1c1ccccc1
fraggfn_seh,hub_batching,38,38,54,1,7.717075824737549,c1ccc(C2CCC(c3cccc(-c4cccc(C5CCCN5)c4)c3)OC2)cc1,c1ccc(C2CCC(c3cccc(-c4cccc(C5CC(c6ccc7ccccc7c6)CN5)c4)c3)OC2)cc1
fraggfn_seh,hub_batching,39,39,55,1,7.584798336029053,c1ccc(C2CCC(c3cccc(-c4cccc(C5CCCN5)c4)c3)OC2)cc1,O=c1[nH]cnc2c1NC(C1CNC(c3cccc(-c4cccc(C5CCC(c6ccccc6)CO5)c4)c3)C1)CN2
fraggfn_seh,hub_batching,40,40,56,1,7.509474277496338,c1ccc(C2CCC(c3cccc(-c4cccc(C5CCCN5)c4)c3)OC2)cc1,O=c1nc2[nH]c3ccc(N4CCCC4c4cccc(-c5cccc(C6CCC(c7ccccc7)CO6)c5)c4)cc3nc-2c(=O)[nH]1
fraggfn_seh,hub_batching,41,41,57,1,7.466751575469971,c1ccc(C2CCC(c3cccc(-c4cccc(C5CCCN5)c4)c3)OC2)cc1,Fc1c(-c2cccc(C3CCCN3)c2)cccc1C1CCC(c2ccccc2)CO1
fraggfn_seh,hub_batching,42,42,58,1,7.443936824798584,c1ccc(C2CCC(c3cccc(-c4cccc(C5CCCN5)c4)c3)OC2)cc1,FC1CC(c2ccccc2)COC1c1cccc(-c2cccc(C3CCCN3)c2)c1
fraggfn_seh,hub_batching,43,43,59,1,7.406729221343994,c1ccc(C2CCC(c3cccc(-c4cccc(C5CCCN5)c4)c3)OC2)cc1,O=c1[nH]c(C2CCC(c3cccc(-c4cccc(C5CCC(c6ccccc6)CO5)c4)c3)N2)nc2[nH]cnc12
fraggfn_seh,hub_batching,44,44,60,1,7.396999835968018,c1ccc(C2CCC(c3cccc(-c4cccc(C5CCCN5)c4)c3)OC2)cc1,c1ccc(C2CCC(c3cccc(-c4cccc(C5CC(n6cnc7cncnc76)CN5)c4)c3)OC2)cc1
fraggfn_seh,hub_batching,45,45,61,1,7.348408222198486,c1ccc(C2CCC(c3cccc(-c4cccc(C5CCCN5)c4)c3)OC2)cc1,c1ccc(C2COC(c3cccc(-c4cccc(C5CCCN5)c4)c3)CC2c2ccc3ccccc3c2)cc1
fraggfn_seh,hub_batching,46,46,62,1,7.299905300140381,c1ccc(C2CCC(c3cccc(-c4cccc(C5CCCN5)c4)c3)OC2)cc1,O=c1[nH]cnc2c1ncn2-c1ccccc1C1CCC(c2cccc(-c3cccc(C4CCCN4)c3)c2)OC1
fraggfn_seh,hub_batching,47,47,63,1,7.184659957885742,c1ccc(C2CCC(c3cccc(-c4cccc(C5CCCN5)c4)c3)OC2)cc1,O=c1[nH]c(-c2ccccc2C2CCC(c3cccc(-c4cccc(C5CCCN5)c4)c3)OC2)nc2c1NCCN2
fraggfn_seh,hub_batching,48,48,64,1,7.164710521697998,c1ccc(C2CCC(c3cccc(-c4cccc(C5CCCN5)c4)c3)OC2)cc1,O=c1nc2n(N3CCCC3c3cccc(-c4cccc(C5CCC(c6ccccc6)CO5)c4)c3)c3ccccc3nc-2c(=O)[nH]1
fraggfn_seh,hub_batching,49,49,65,1,7.157057762145996,c1ccc(C2CCC(c3cccc(-c4cccc(C5CCCN5)c4)c3)OC2)cc1,O=c1[nH]cnc2c1ncn2N1CCCC1c1cccc(-c2cccc(C3CCC(c4ccccc4)CO3)c2)c1
fraggfn_seh,hub_batching,50,50,66,1,7.083125591278076,c1ccc(C2CCC(c3cccc(-c4cccc(C5CCCN5)c4)c3)OC2)cc1,O=c1[nH]cnc2c1NC(C1OC(c3cccc(-c4cccc(C5CCCN5)c4)c3)CCC1c1ccccc1)CN2
fraggfn_seh,hub_batching,51,51,71,5,8.248184204101562,c1ccc(-c2cccc(C3CCC(c4cccc(C5CCNC5)c4)OC3)c2)cc1,c1cc(-c2cccc(C3CCC(c4cccc(C5CCNC5)c4)OC3)c2)cc(-c2ccc3ccccc3c2)c1
fraggfn_seh,hub_batching,52,52,72,1,8.136087417602539,c1ccc(-c2cccc(C3CCC(c4cccc(C5CCNC5)c4)OC3)c2)cc1,c1cc(-c2cccc(-n3cnc4cncnc43)c2)cc(C2CCC(c3cccc(C4CCNC4)c3)OC2)c1
fraggfn_seh,hub_batching,53,53,73,1,8.009488105773926,c1ccc(-c2cccc(C3CCC(c4cccc(C5CCNC5)c4)OC3)c2)cc1,FC1NCCC1c1cccc(C2CCC(c3cccc(-c4ccccc4)c3)CO2)c1
fraggfn_seh,hub_batching,54,54,74,1,7.90882682800293,c1ccc(-c2cccc(C3CCC(c4cccc(C5CCNC5)c4)OC3)c2)cc1,O=c1nc2[nH]c3ccc(C4CC(c5cccc(C6CCC(c7cccc(-c8ccccc8)c7)CO6)c5)CN4)cc3nc-2c(=O)[nH]1
fraggfn_seh,hub_batching,55,55,75,1,7.797243118286133,c1ccc(-c2cccc(C3CCC(c4cccc(C5CCNC5)c4)OC3)c2)cc1,c1ccc(-c2cccc(C3CCC(c4cccc(C5CCN(c6ccc7ccccc7c6)C5)c4)OC3)c2)cc1
fraggfn_seh,hub_batching,56,56,76,1,7.714157581329346,c1ccc(-c2cccc(C3CCC(c4cccc(C5CCNC5)c4)OC3)c2)cc1,Cc1ccc(C2CCNC2)cc1C1CCC(c2cccc(-c3ccccc3)c2)CO1
fraggfn_seh,hub_batching,57,57,77,1,7.704222202301025,c1ccc(-c2cccc(C3CCC(c4cccc(C5CCNC5)c4)OC3)c2)cc1,O=c1[nH]cnc2c1NC(N1CCC(c3cccc(C4CCC(c5cccc(-c6ccccc6)c5)CO4)c3)C1)CN2
fraggfn_seh,hub_batching,58,58,78,1,7.6697611808776855,c1ccc(-c2cccc(C3CCC(c4cccc(C5CCNC5)c4)OC3)c2)cc1,C1=CN(c2ccccc2-c2cccc(C3CCC(c4cccc(C5CCNC5)c4)OC3)c2)C=CC1
fraggfn_seh,hub_batching,59,59,79,1,7.665572643280029,c1ccc(-c2cccc(C3CCC(c4cccc(C5CCNC5)c4)OC3)c2)cc1,Oc1c(-c2ccccc2)cccc1C1CCC(c2cccc(C3CCNC3)c2)OC1
fraggfn_seh,hub_batching,60,60,80,1,7.606380462646484,c1ccc(-c2cccc(C3CCC(c4cccc(C5CCNC5)c4)OC3)c2)cc1,FC1OC(c2cccc(C3CCNC3)c2)CCC1c1cccc(-c2ccccc2)c1
fraggfn_seh,hub_batching,61,61,81,1,7.512963771820068,c1ccc(-c2cccc(C3CCC(c4cccc(C5CCNC5)c4)OC3)c2)cc1,O=c1[nH]cnc2c1NC(c1ccccc1-c1cccc(C3CCC(c4cccc(C5CCNC5)c4)OC3)c1)CN2
fraggfn_seh,hub_batching,62,62,82,1,7.460623264312744,c1ccc(-c2cccc(C3CCC(c4cccc(C5CCNC5)c4)OC3)c2)cc1,O=c1[nH]cnc2c1ncn2C1CC(c2cccc(C3CCC(c4cccc(-c5ccccc5)c4)CO3)c2)CN1
fraggfn_seh,hub_batching,63,63,83,1,7.3820414543151855,c1ccc(-c2cccc(C3CCC(c4cccc(C5CCNC5)c4)OC3)c2)cc1,O=c1nc2n(C3NCCC3c3cccc(C4CCC(c5cccc(-c6ccccc6)c5)CO4)c3)c3ccccc3nc-2c(=O)[nH]1
fraggfn_seh,hub_batching,64,64,84,1,7.292270183563232,c1ccc(-c2cccc(C3CCC(c4cccc(C5CCNC5)c4)OC3)c2)cc1,O=c1ncccn1N1CCC(c2cccc(C3CCC(c4cccc(-c5ccccc5)c4)CO3)c2)C1
fraggfn_seh,hub_batching,65,65,85,1,7.2633843421936035,c1ccc(-c2cccc(C3CCC(c4cccc(C5CCNC5)c4)OC3)c2)cc1,ClC1CC(c2cccc(-c3ccccc3)c2)COC1c1cccc(C2CCNC2)c1
fraggfn_seh,hub_batching,66,66,86,1,7.076581001281738,c1ccc(-c2cccc(C3CCC(c4cccc(C5CCNC5)c4)OC3)c2)cc1,O=c1ncccn1-c1ccc(C2CCC(c3cccc(C4CCNC4)c3)OC2)cc1-c1ccccc1
fraggfn_seh,hub_batching,67,67,91,5,8.154607772827148,c1ccc(-c2cc(-c3cccc(C4CCC(c5ccccc5)CO4)c3)[nH]n2)cc1,c1ccc(-c2cc(-c3cccc(C4CCC(c5cccc(C6CCNC6)c5)CO4)c3)[nH]n2)cc1
fraggfn_seh,hub_batching,68,68,92,1,7.862246036529541,c1ccc(-c2cc(-c3cccc(C4CCC(c5ccccc5)CO4)c3)[nH]n2)cc1,c1ccc(C2CCC(c3cccc(-c4cc(-c5cccc(-c6cccc7ccccc67)c5)n[nH]4)c3)OC2)cc1
fraggfn_seh,hub_batching,69,69,93,1,7.760178089141846,c1ccc(-c2cc(-c3cccc(C4CCC(c5ccccc5)CO4)c3)[nH]n2)cc1,c1ccc(C2CCC(c3cccc(-c4cc(-c5ccc(-n6cnc7cncnc76)cc5)n[nH]4)c3)OC2)cc1
fraggfn_seh,hub_batching,70,70,94,1,7.718897819519043,c1ccc(-c2cc(-c3cccc(C4CCC(c5ccccc5)CO4)c3)[nH]n2)cc1,O=c1nc2n(-c3cccc(C4CCC(c5cccc(-c6cc(-c7ccccc7)n[nH]6)c5)OC4)c3)c3ccccc3nc-2c(=O)[nH]1
fraggfn_seh,hub_batching,71,71,95,1,7.545456886291504,c1ccc(-c2cc(-c3cccc(C4CCC(c5ccccc5)CO4)c3)[nH]n2)cc1,Fn1nc(-c2ccccc2)cc1-c1cccc(C2CCC(c3ccccc3)CO2)c1
fraggfn_seh,hub_batching,72,72,96,1,7.402629375457764,c1ccc(-c2cc(-c3cccc(C4CCC(c5ccccc5)CO4)c3)[nH]n2)cc1,Cc1ccc(C2CCC(c3ccccc3)CO2)cc1-c1cc(-c2ccccc2)n[nH]1
fraggfn_seh,hub_batching,73,73,97,1,7.310189723968506,c1ccc(-c2cc(-c3cccc(C4CCC(c5ccccc5)CO4)c3)[nH]n2)cc1,Fc1c(-c2ccccc2)n[nH]c1-c1cccc(C2CCC(c3ccccc3)CO2)c1
fraggfn_seh,hub_batching,74,74,98,1,7.249556541442871,c1ccc(-c2cc(-c3cccc(C4CCC(c5ccccc5)CO4)c3)[nH]n2)cc1,c1ccc(-c2cc(-c3cccc(C4CCC(c5ccccc5)C(C5CCNC5)O4)c3)[nH]n2)cc1
fraggfn_seh,hub_batching,75,75,99,1,7.1816020011901855,c1ccc(-c2cc(-c3cccc(C4CCC(c5ccccc5)CO4)c3)[nH]n2)cc1,O=c1[nH]cnc2c1NC(c1ccccc1C1CCC(c3cccc(-c4cc(-c5ccccc5)n[nH]4)c3)OC1)CN2
fraggfn_seh,hub_batching,76,76,100,1,7.027434349060059,c1ccc(-c2cc(-c3cccc(C4CCC(c5ccccc5)CO4)c3)[nH]n2)cc1,O=c1ncccn1-c1ccccc1-c1cc(-c2cccc(C3CCC(c4ccccc4)CO3)c2)[nH]n1
fraggfn_seh,hub_batching,77,77,105,5,8.1126127243042,c1ccc(-c2cccc(-c3nccc(-c4cccc(C5CCCN5)c4)n3)c2)cc1,c1cc(-c2cccc(-c3nccc(-c4cccc(C5CCCN5)c4)n3)c2)cc(-c2ccc3ccccc3c2)c1
fraggfn_seh,hub_batching,78,78,106,1,7.840722560882568,c1ccc(-c2cccc(-c3nccc(-c4cccc(C5CCCN5)c4)n3)c2)cc1,Oc1c(-c2ccccc2)cccc1-c1nccc(-c2cccc(C3CCCN3)c2)n1
fraggfn_seh,hub_batching,79,79,107,1,7.771529674530029,c1ccc(-c2cccc(-c3nccc(-c4cccc(C5CCCN5)c4)n3)c2)cc1,c1ccc(-c2cccc(-c3nccc(-c4cccc(C5CC(c6cccc7ccccc67)CN5)c4)n3)c2)cc1
fraggfn_seh,hub_batching,80,80,108,1,7.739037990570068,c1ccc(-c2cccc(-c3nccc(-c4cccc(C5CCCN5)c4)n3)c2)cc1,c1ccc(-c2cccc(-c3nccc(-c4cccc(C5CCCN5C5CC5)c4)n3)c2)cc1
fraggfn_seh,hub_batching,81,81,109,1,7.714145660400391,c1ccc(-c2cccc(-c3nccc(-c4cccc(C5CCCN5)c4)n3)c2)cc1,Cc1ccc(C2CCCN2)cc1-c1ccnc(-c2cccc(-c3ccccc3)c2)n1
fraggfn_seh,hub_batching,82,82,110,1,7.655588150024414,c1ccc(-c2cccc(-c3nccc(-c4cccc(C5CCCN5)c4)n3)c2)cc1,Fc1cc(-c2cccc(C3CCCN3)c2)nc(-c2cccc(-c3ccccc3)c2)n1
fraggfn_seh,hub_batching,83,83,111,1,7.6400065422058105,c1ccc(-c2cccc(-c3nccc(-c4cccc(C5CCCN5)c4)n3)c2)cc1,c1cc(-c2nccc(-c3cccc(C4CCCN4)c3)n2)cc(-c2ccccc2-n2cnc3cncnc32)c1
fraggfn_seh,hub_batching,84,84,112,1,7.636223316192627,c1ccc(-c2cccc(-c3nccc(-c4cccc(C5CCCN5)c4)n3)c2)cc1,O=c1[nH]cnc2c1NC(C1CCC(c3cccc(-c4ccnc(-c5cccc(-c6ccccc6)c5)n4)c3)N1)CN2
fraggfn_seh,hub_batching,85,85,113,1,7.444911003112793,c1ccc(-c2cccc(-c3nccc(-c4cccc(C5CCCN5)c4)n3)c2)cc1,O=c1nc2[nH]c3cc(C4CCC(c5cccc(-c6ccnc(-c7cccc(-c8ccccc8)c7)n6)c5)N4)ccc3nc-2c(=O)[nH]1
fraggfn_seh,hub_batching,86,86,114,1,7.375328540802002,c1ccc(-c2cccc(-c3nccc(-c4cccc(C5CCCN5)c4)n3)c2)cc1,c1ccc(-c2cccc(-c3nccc(-c4cccc(C5CCC(n6cnc7cncnc76)N5)c4)n3)c2)cc1
fraggfn_seh,hub_batching,87,87,115,1,7.0530266761779785,c1ccc(-c2cccc(-c3nccc(-c4cccc(C5CCCN5)c4)n3)c2)cc1,N#Cc1ccc(-c2ccnc(-c3cccc(-c4ccccc4)c3)n2)cc1C1CCCN1
fraggfn_seh,hub_batching,88,88,120,5,8.306173324584961,c1ccc(C2CCC(c3cccc(-c4cc(C5CCCN5)c[nH]4)n3)OC2)cc1,c1cc(-c2cc(C3CCCN3)c[nH]2)nc(C2CCC(c3ccc(C4CCCN4)cc3)CO2)c1
fraggfn_seh,hub_batching,89,89,121,1,7.828741550445557,c1ccc(C2CCC(c3cccc(-c4cc(C5CCCN5)c[nH]4)n3)OC2)cc1,O=c1nc2[nH]c3cc(C4CCC(c5c[nH]c(-c6cccc(C7CCC(c8ccccc8)CO7)n6)c5)N4)ccc3nc-2c(=O)[nH]1
fraggfn_seh,hub_batching,90,90,122,1,7.737547397613525,c1ccc(C2CCC(c3cccc(-c4cc(C5CCCN5)c[nH]4)n3)OC2)cc1,O=c1nc2n(-c3ccccc3C3CCC(c4cccc(-c5cc(C6CCCN6)c[nH]5)n4)OC3)c3ccccc3nc-2c(=O)[nH]1
fraggfn_seh,hub_batching,91,91,123,1,7.7035322189331055,c1ccc(C2CCC(c3cccc(-c4cc(C5CCCN5)c[nH]4)n3)OC2)cc1,c1ccc(C2CCC(c3cccc(-c4cc(C5CCCN5C5CC5)c[nH]4)n3)OC2)cc1
fraggfn_seh,hub_batching,92,92,124,1,7.522252559661865,c1ccc(C2CCC(c3cccc(-c4cc(C5CCCN5)c[nH]4)n3)OC2)cc1,O=c1[nH]cnc2c1NC(C1CCC(c3c[nH]c(-c4cccc(C5CCC(c6ccccc6)CO5)n4)c3)N1)CN2
fraggfn_seh,hub_batching,93,93,125,1,7.444420337677002,c1ccc(C2CCC(c3cccc(-c4cc(C5CCCN5)c[nH]4)n3)OC2)cc1,c1ccc(C2CCC(c3cccc(-c4cc(C5CCCN5)c[nH]4)n3)OC2c2cccc3ccccc23)cc1
fraggfn_seh,hub_batching,94,94,126,1,7.381129741668701,c1ccc(C2CCC(c3cccc(-c4cc(C5CCCN5)c[nH]4)n3)OC2)cc1,c1ccc(C2CCC(c3cccc(-c4cc(C5CC(c6ncnc7[nH]cnc67)CN5)c[nH]4)n3)OC2)cc1
fraggfn_seh,hub_batching,95,95,127,1,7.375725269317627,c1ccc(C2CCC(c3cccc(-c4cc(C5CCCN5)c[nH]4)n3)OC2)cc1,c1ccc(C2CCC(c3cccc(-c4cc(C5CCC(n6cnc7cncnc76)N5)c[nH]4)n3)OC2)cc1
fraggfn_seh,hub_batching,96,96,128,1,7.292104244232178,c1ccc(C2CCC(c3cccc(-c4cc(C5CCCN5)c[nH]4)n3)OC2)cc1,c1ccc(C2COC(c3cccc(-c4cc(C5CCCN5)c[nH]4)n3)C(c3ccc4ccccc4c3)C2)cc1
fraggfn_seh,hub_batching,97,97,129,1,7.066379070281982,c1ccc(C2CCC(c3cccc(-c4cc(C5CCCN5)c[nH]4)n3)OC2)cc1,O=c1[nH]c(C2CC(c3cccc(-c4cc(C5CCCN5)c[nH]4)n3)OCC2c2ccccc2)nc2[nH]cnc12
fraggfn_seh,hub_batching,98,98,134,5,8.0806245803833,c1cc(-c2ccc(C3CCCN3)cc2)cc(-c2cccc(C3CCCOC3)c2)c1,c1cc(-c2ccc(C3CCCN3)cc2)cc(-c2cccc(C3CCC(c4cccc5ccccc45)OC3)c2)c1
fraggfn_seh,hub_batching,99,99,135,1,7.972506046295166,c1cc(-c2ccc(C3CCCN3)cc2)cc(-c2cccc(C3CCCOC3)c2)c1,c1cc(-c2ccc(C3CCCN3)cc2)cc(-c2cccc(C3CCC(n4cnc5cncnc54)OC3)c2)c1
fraggfn_seh,hub_batching,100,100,136,1,7.681467533111572,c1cc(-c2ccc(C3CCCN3)cc2)cc(-c2cccc(C3CCCOC3)c2)c1,c1cc(-c2ccc(C3CCCN3)cc2)cc(-c2cccc(C3CCCOC3c3ccc4ccccc4c3)c2)c1
fraggfn_seh,hub_batching,101,101,137,1,7.632162570953369,c1cc(-c2ccc(C3CCCN3)cc2)cc(-c2cccc(C3CCCOC3)c2)c1,c1cc(-c2ccc(C3CCCN3)cc2)cc(-c2cccc(C3COCC(c4c[nH]c5ccccc45)C3)c2)c1
fraggfn_seh,hub_batching,102,102,138,1,7.381765365600586,c1cc(-c2ccc(C3CCCN3)cc2)cc(-c2cccc(C3CCCOC3)c2)c1,O=c1[nH]cnc2c1ncn2C1COCC(c2cccc(-c3cccc(-c4ccc(C5CCCN5)cc4)c3)c2)C1
fraggfn_seh,hub_batching,103,103,139,1,7.364033222198486,c1cc(-c2ccc(C3CCCN3)cc2)cc(-c2cccc(C3CCCOC3)c2)c1,c1cc(-c2ccc(C3CCCN3)cc2)cc(-c2cccc(C3COCCC3C3CCNC3)c2)c1
fraggfn_seh,hub_batching,104,104,140,1,7.34126615524292,c1cc(-c2ccc(C3CCCN3)cc2)cc(-c2cccc(C3CCCOC3)c2)c1,Oc1c(-c2cccc(-c3ccc(C4CCCN4)cc3)c2)cccc1C1CCCOC1
fraggfn_seh,hub_batching,105,105,141,1,7.2903618812561035,c1cc(-c2ccc(C3CCCN3)cc2)cc(-c2cccc(C3CCCOC3)c2)c1,O=c1[nH]c(C2CCOCC2c2cccc(-c3cccc(-c4ccc(C5CCCN5)cc4)c3)c2)nc2[nH]cnc12
fraggfn_seh,hub_batching,106,106,142,1,7.158654689788818,c1cc(-c2ccc(C3CCCN3)cc2)cc(-c2cccc(C3CCCOC3)c2)c1,O=c1ccn(C2OCCCC2c2cccc(-c3cccc(-c4ccc(C5CCCN5)cc4)c3)c2)c(=O)[nH]1
fraggfn_seh,hub_batching,107,107,147,5,8.019670486450195,c1ccc(-c2cccc(-c3cccc(-c4ccnc(C5CCCN5)c4)c3)c2)cc1,c1cc(-c2cccc(-c3ccnc(C4CCCN4)c3)c2)cc(-c2cccc(-c3c[nH]c4ccccc34)c2)c1
fraggfn_seh,hub_batching,108,108,148,1,7.852773189544678,c1ccc(-c2cccc(-c3cccc(-c4ccnc(C5CCCN5)c4)c3)c2)cc1,O=c1[nH]c(-c2cccc(-c3cccc(-c4cccc(-c5ccnc(C6CCCN6)c5)c4)c3)c2)nc2[nH]cnc12
fraggfn_seh,hub_batching,109,109,149,1,7.805920124053955,c1ccc(-c2cccc(-c3cccc(-c4ccnc(C5CCCN5)c4)c3)c2)cc1,C1=CN(c2cccc(-c3cccc(-c4cccc(-c5ccnc(C6CCCN6)c5)c4)c3)c2)C=CC1
fraggfn_seh,hub_batching,110,110,150,1,7.63561487197876,c1ccc(-c2cccc(-c3cccc(-c4ccnc(C5CCCN5)c4)c3)c2)cc1,c1ccc(-c2cccc(-c3cccc(-c4ccnc(C5NCCC5C5CCNC5)c4)c3)c2)cc1
fraggfn_seh,hub_batching,111,111,151,1,7.603914737701416,c1ccc(-c2cccc(-c3cccc(-c4ccnc(C5CCCN5)c4)c3)c2)cc1,c1ccc(-c2cccc(-c3cccc(-c4ccnc(C5CCC(c6ccc7ccccc7c6)N5)c4)c3)c2)cc1
fraggfn_seh,hub_batching,112,112,152,1,7.587803840637207,c1ccc(-c2cccc(-c3cccc(-c4ccnc(C5CCCN5)c4)c3)c2)cc1,c1ccc(-c2cccc(-c3cccc(-c4ccnc(C5CCCN5C5CC5)c4)c3)c2)cc1
fraggfn_seh,hub_batching,113,113,153,1,7.481469631195068,c1ccc(-c2cccc(-c3cccc(-c4ccnc(C5CCCN5)c4)c3)c2)cc1,c1cc(-c2cccc(-c3ccnc(C4CCCN4)c3)c2)cc(-c2cccc(C3CCCCO3)c2)c1
fraggfn_seh,hub_batching,114,114,154,1,7.426705360412598,c1ccc(-c2cccc(-c3cccc(-c4ccnc(C5CCCN5)c4)c3)c2)cc1,O=c1ccn(-c2ccccc2-c2cccc(-c3cccc(-c4ccnc(C5CCCN5)c4)c3)c2)c(=O)[nH]1
fraggfn_seh,hub_batching,115,115,155,1,7.406408786773682,c1ccc(-c2cccc(-c3cccc(-c4ccnc(C5CCCN5)c4)c3)c2)cc1,Fc1c(-c2cccc(-c3cccc(-c4ccccc4)c3)c2)ccnc1C1CCCN1
fraggfn_seh,hub_batching,116,116,156,1,7.398601531982422,c1ccc(-c2cccc(-c3cccc(-c4ccnc(C5CCCN5)c4)c3)c2)cc1,c1ccc(-c2cccc(-c3cccc(-c4ccnc(C5NCCC5c5cccc6ccccc56)c4)c3)c2)cc1
fraggfn_seh,hub_batching,117,117,157,1,7.366481304168701,c1ccc(-c2cccc(-c3cccc(-c4ccnc(C5CCCN5)c4)c3)c2)cc1,Cc1cnc(C2CCCN2)cc1-c1cccc(-c2cccc(-c3ccccc3)c2)c1
fraggfn_seh,hub_batching,118,118,158,1,7.35235071182251,c1ccc(-c2cccc(-c3cccc(-c4ccnc(C5CCCN5)c4)c3)c2)cc1,C1=CC(C2CCC(c3cc(-c4cccc(-c5cccc(-c6ccccc6)c5)c4)ccn3)N2)CCC1
fraggfn_seh,hub_batching,119,119,159,1,7.271463394165039,c1ccc(-c2cccc(-c3cccc(-c4ccnc(C5CCCN5)c4)c3)c2)cc1,O=c1[nH]c(N2CCCC2c2cc(-c3cccc(-c4cccc(-c5ccccc5)c4)c3)ccn2)nc2c1NCCN2
fraggfn_seh,hub_batching,120,120,160,1,7.269729137420654,c1ccc(-c2cccc(-c3cccc(-c4ccnc(C5CCCN5)c4)c3)c2)cc1,c1ccc(-c2cccc(-c3cccc(-c4ccnc(C5CCCN5c5c[nH]c6ccccc56)c4)c3)c2)cc1
fraggfn_seh,hub_batching,121,121,161,1,7.217329502105713,c1ccc(-c2cccc(-c3cccc(-c4ccnc(C5CCCN5)c4)c3)c2)cc1,O=c1nc2[nH]c3cc(N4CCCC4c4cc(-c5cccc(-c6cccc(-c7ccccc7)c6)c5)ccn4)ccc3nc-2c(=O)[nH]1
fraggfn_seh,hub_batching,122,122,162,1,7.206576824188232,c1ccc(-c2cccc(-c3cccc(-c4ccnc(C5CCCN5)c4)c3)c2)cc1,NC(=O)c1ccc(-c2cccc(-c3ccnc(C4CCCN4)c3)c2)cc1-c1ccccc1
fraggfn_seh,hub_batching,123,123,163,1,7.185792922973633,c1ccc(-c2cccc(-c3cccc(-c4ccnc(C5CCCN5)c4)c3)c2)cc1,c1cc(-c2ccc(-n3cnc4cncnc43)cc2)cc(-c2cccc(-c3ccnc(C4CCCN4)c3)c2)c1
fraggfn_seh,hub_batching,124,124,164,1,7.168160438537598,c1ccc(-c2cccc(-c3cccc(-c4ccnc(C5CCCN5)c4)c3)c2)cc1,c1ccc(-c2cccc(-c3cccc(-c4ccnc(C5CCCN5n5cnc6cncnc65)c4)c3)c2)cc1
fraggfn_seh,hub_batching,125,125,165,1,7.122592449188232,c1ccc(-c2cccc(-c3cccc(-c4ccnc(C5CCCN5)c4)c3)c2)cc1,c1ccc(-c2cccc(-c3cccc(-c4ccnc(C5NCCC5n5cnc6cncnc65)c4)c3)c2)cc1
fraggfn_seh,hub_batching,126,126,166,1,7.106525897979736,c1ccc(-c2cccc(-c3cccc(-c4ccnc(C5CCCN5)c4)c3)c2)cc1,c1ccc(-c2cccc(-c3cccc(-c4ccnc(C5CCC(N6CCNCC6)N5)c4)c3)c2)cc1
fraggfn_seh,hub_batching,127,127,171,5,8.243354797363281,c1cc(C2CCC(c3ccc(C4CCCN4)cc3)OC2)cc(C2CCCCO2)c1,O=c1nc2[nH]c3cc(C4CCC(c5cccc(C6CCC(c7ccc(C8CCCN8)cc7)OC6)c5)OC4)ccc3nc-2c(=O)[nH]1
fraggfn_seh,hub_batching,128,128,172,1,8.128300666809082,c1cc(C2CCC(c3ccc(C4CCCN4)cc3)OC2)cc(C2CCCCO2)c1,c1cc(C2CCC(c3ccc(C4CCCN4)cc3)OC2)cc(C2CC(c3ccc4ccccc4c3)CCO2)c1
fraggfn_seh,hub_batching,129,129,173,1,8.0821533203125,c1cc(C2CCC(c3ccc(C4CCCN4)cc3)OC2)cc(C2CCCCO2)c1,c1cc(C2CCC(c3ccc(C4CCCN4)cc3)OC2)cc(C2CCCC(C3CCNC3)O2)c1
fraggfn_seh,hub_batching,130,130,174,1,7.934952259063721,c1cc(C2CCC(c3ccc(C4CCCN4)cc3)OC2)cc(C2CCCCO2)c1,c1cc(C2CCC(c3ccc(C4CCCN4)cc3)OC2)cc(C2CCC(c3ncnc4[nH]cnc34)CO2)c1
fraggfn_seh,hub_batching,131,131,175,1,7.739280700683594,c1cc(C2CCC(c3ccc(C4CCCN4)cc3)OC2)cc(C2CCCCO2)c1,O=c1[nH]cnc2c1NC(C1CCOC(c3cccc(C4CCC(c5ccc(C6CCCN6)cc5)OC4)c3)C1)CN2
fraggfn_seh,hub_batching,132,132,176,1,7.6990838050842285,c1cc(C2CCC(c3ccc(C4CCCN4)cc3)OC2)cc(C2CCCCO2)c1,c1cc(C2CCC(c3ccc(C4CCCN4)cc3)OC2)cc(C2CC(n3cnc4cncnc43)CCO2)c1
fraggfn_seh,hub_batching,133,133,177,1,7.539707660675049,c1cc(C2CCC(c3ccc(C4CCCN4)cc3)OC2)cc(C2CCCCO2)c1,C1=CNC=C(C2CCCOC2c2cccc(C3CCC(c4ccc(C5CCCN5)cc4)OC3)c2)C1
fraggfn_seh,hub_batching,134,134,178,1,7.440700054168701,c1cc(C2CCC(c3ccc(C4CCCN4)cc3)OC2)cc(C2CCCCO2)c1,Clc1cc(C2CCC(c3ccc(C4CCCN4)cc3)OC2)cc(C2CCCCO2)c1
fraggfn_seh,hub_batching,135,135,179,1,7.314965724945068,c1cc(C2CCC(c3ccc(C4CCCN4)cc3)OC2)cc(C2CCCCO2)c1,c1ccc2cc(-c3ccc(C4CCC(c5ccc(C6CCCN6)cc5)OC4)cc3C3CCCCO3)ccc2c1
fraggfn_seh,hub_batching,136,136,180,1,7.218082904815674,c1cc(C2CCC(c3ccc(C4CCCN4)cc3)OC2)cc(C2CCCCO2)c1,O=c1[nH]cnc2c1ncn2C1CCCOC1c1cccc(C2CCC(c3ccc(C4CCCN4)cc3)OC2)c1
fraggfn_seh,hub_batching,137,137,181,1,7.212133407592773,c1cc(C2CCC(c3ccc(C4CCCN4)cc3)OC2)cc(C2CCCCO2)c1,c1cc(C2CCC(c3ccc(C4CC(c5cccc6ccccc56)CN4)cc3)OC2)cc(C2CCCCO2)c1
fraggfn_seh,hub_batching,138,138,182,1,7.197696685791016,c1cc(C2CCC(c3ccc(C4CCCN4)cc3)OC2)cc(C2CCCCO2)c1,Fc1cc(C2CCC(c3cccc(C4CCCCO4)c3)CO2)ccc1C1CCCN1
fraggfn_seh,hub_batching,139,139,183,1,7.128472805023193,c1cc(C2CCC(c3ccc(C4CCCN4)cc3)OC2)cc(C2CCCCO2)c1,c1cc(C2CCC(c3ccc(C4CCC(C5CCCNC5)N4)cc3)OC2)cc(C2CCCCO2)c1
fraggfn_seh,hub_batching,140,140,184,1,7.061584949493408,c1cc(C2CCC(c3ccc(C4CCCN4)cc3)OC2)cc(C2CCCCO2)c1,c1cc(C2CCC(c3ccc(C4CCCN4)cc3)OC2)c(C2CCNC2)c(C2CCCCO2)c1
fraggfn_seh,hub_batching,141,141,185,1,7.014980792999268,c1cc(C2CCC(c3ccc(C4CCCN4)cc3)OC2)cc(C2CCCCO2)c1,c1cc(C2CCC(c3ccc(C4CCCN4C4CC4)cc3)OC2)cc(C2CCCCO2)c1
fraggfn_seh,hub_batching,142,142,190,5,8.016205787658691,c1ccc(-c2cccc(-c3cccc(-c4cccc(C5CCCN5)c4)c3)c2)cc1,c1cc(-c2cccc(-c3ccccc3C3CCNC3)c2)cc(-c2cccc(C3CCCN3)c2)c1
fraggfn_seh,hub_batching,143,143,191,1,7.990368843078613,c1ccc(-c2cccc(-c3cccc(-c4cccc(C5CCCN5)c4)c3)c2)cc1,c1cc(-c2cncnc2)cc(-c2cccc(-c3cccc(-c4cccc(C5CCCN5)c4)c3)c2)c1
fraggfn_seh,hub_batching,144,144,192,1,7.7146477699279785,c1ccc(-c2cccc(-c3cccc(-c4cccc(C5CCCN5)c4)c3)c2)cc1,O=c1nc2[nH]c3ccc(-c4cccc(-c5cccc(-c6cccc(-c7cccc(C8CCCN8)c7)c6)c5)c4)cc3nc-2c(=O)[nH]1
fraggfn_seh,hub_batching,145,145,193,1,7.629642009735107,c1ccc(-c2cccc(-c3cccc(-c4cccc(C5CCCN5)c4)c3)c2)cc1,O=c1ncccn1-c1cccc(-c2cccc(-c3cccc(-c4cccc(C5CCCN5)c4)c3)c2)c1
fraggfn_seh,hub_batching,146,146,194,1,7.603429317474365,c1ccc(-c2cccc(-c3cccc(-c4cccc(C5CCCN5)c4)c3)c2)cc1,c1ccc(-c2cccc(-c3cccc(-c4cccc(C5CCC(c6ccccc6)N5)c4)c3)c2)cc1
fraggfn_seh,hub_batching,147,147,195,1,7.5628156661987305,c1ccc(-c2cccc(-c3cccc(-c4cccc(C5CCCN5)c4)c3)c2)cc1,C1=CNC=C(N2CCCC2c2cccc(-c3cccc(-c4cccc(-c5ccccc5)c4)c3)c2)C1
fraggfn_seh,hub_batching,148,148,196,1,7.540607929229736,c1ccc(-c2cccc(-c3cccc(-c4cccc(C5CCCN5)c4)c3)c2)cc1,c1ccc(-c2cccc(-c3cccc(-c4cccc(C5CC(C6CCCN6)CN5)c4)c3)c2)cc1
fraggfn_seh,hub_batching,149,149,197,1,7.467478275299072,c1ccc(-c2cccc(-c3cccc(-c4cccc(C5CCCN5)c4)c3)c2)cc1,c1cc(-c2ccc(-c3ncnc4[nH]cnc34)cc2)cc(-c2cccc(-c3cccc(C4CCCN4)c3)c2)c1
fraggfn_seh,hub_batching,150,150,198,1,7.448154926300049,c1ccc(-c2cccc(-c3cccc(-c4cccc(C5CCCN5)c4)c3)c2)cc1,Clc1ccc(-c2ccccc2)cc1-c1cccc(-c2cccc(C3CCCN3)c2)c1
fraggfn_seh,hub_batching,151,151,199,1,7.437257766723633,c1ccc(-c2cccc(-c3cccc(-c4cccc(C5CCCN5)c4)c3)c2)cc1,c1ccc(-c2cccc(-c3cccc(-c4cccc(C5CCCN5C5CCCN5)c4)c3)c2)cc1
fraggfn_seh,hub_batching,152,152,200,1,7.4030866622924805,c1ccc(-c2cccc(-c3cccc(-c4cccc(C5CCCN5)c4)c3)c2)cc1,c1ccc(-c2cccc(-c3cccc(-c4cccc(C5CC(c6c[nH]c7ccccc67)CN5)c4)c3)c2)cc1
fraggfn_seh,hub_batching,153,153,201,1,7.31160831451416,c1ccc(-c2cccc(-c3cccc(-c4cccc(C5CCCN5)c4)c3)c2)cc1,Cc1cc(-c2cccc(-c3cccc(-c4ccccc4)c3)c2)cc(C2CCCN2)c1
fraggfn_seh,hub_batching,154,154,202,1,7.289188861846924,c1ccc(-c2cccc(-c3cccc(-c4cccc(C5CCCN5)c4)c3)c2)cc1,C1=CN(C2CNC(c3cccc(-c4cccc(-c5cccc(-c6ccccc6)c5)c4)c3)C2)C=CC1
fraggfn_seh,hub_batching,155,155,203,1,7.2709856033325195,c1ccc(-c2cccc(-c3cccc(-c4cccc(C5CCCN5)c4)c3)c2)cc1,Oc1c(-c2cccc(-c3cccc(-c4ccccc4)c3)c2)cccc1C1CCCN1
fraggfn_seh,hub_batching,156,156,204,1,7.178240776062012,c1ccc(-c2cccc(-c3cccc(-c4cccc(C5CCCN5)c4)c3)c2)cc1,O=c1[nH]c(C2CNC(c3cccc(-c4cccc(-c5cccc(-c6ccccc6)c5)c4)c3)C2)nc2[nH]cnc12
fraggfn_seh,hub_batching,157,157,205,1,7.160116672515869,c1ccc(-c2cccc(-c3cccc(-c4cccc(C5CCCN5)c4)c3)c2)cc1,O=c1[nH]c(N2CCCC2c2cccc(-c3cccc(-c4cccc(-c5ccccc5)c4)c3)c2)nc2[nH]cnc12
fraggfn_seh,hub_batching,158,158,206,1,7.077670574188232,c1ccc(-c2cccc(-c3cccc(-c4cccc(C5CCCN5)c4)c3)c2)cc1,O=c1[nH]cnc2c1ncn2C1CNC(c2cccc(-c3cccc(-c4cccc(-c5ccccc5)c4)c3)c2)C1
fraggfn_seh,hub_batching,159,159,207,1,7.031688213348389,c1ccc(-c2cccc(-c3cccc(-c4cccc(C5CCCN5)c4)c3)c2)cc1,C1=CN(N2CCCC2c2cccc(-c3cccc(-c4cccc(-c5ccccc5)c4)c3)c2)C=CC1
fraggfn_seh,hub_batching,160,160,212,5,7.672893524169922,c1ccc(-c2cccc(C3CCC(c4cccc(-c5ccccc5)c4)OC3)c2)cc1,c1ccc(-c2cccc(C3CCC(c4cccc(-c5cccc(-c6c[nH]c7ccccc67)c5)c4)CO3)c2)cc1
fraggfn_seh,hub_batching,161,161,213,1,7.445690631866455,c1ccc(-c2cccc(C3CCC(c4cccc(-c5ccccc5)c4)OC3)c2)cc1,Cc1cc(-c2ccccc2)cc(C2CCC(c3cccc(-c4ccccc4)c3)OC2)c1
fraggfn_seh,hub_batching,162,162,214,1,7.381138324737549,c1ccc(-c2cccc(C3CCC(c4cccc(-c5ccccc5)c4)OC3)c2)cc1,c1ccc(-c2cccc(C3CCC(c4cccc(-c5ccc(-c6ncnc7[nH]cnc67)cc5)c4)CO3)c2)cc1
fraggfn_seh,hub_batching,163,163,215,1,7.283183574676514,c1ccc(-c2cccc(C3CCC(c4cccc(-c5ccccc5)c4)OC3)c2)cc1,c1ccc(-c2cccc(C3CCC(c4cccc(-c5ccccc5-c5ccccn5)c4)CO3)c2)cc1
fraggfn_seh,hub_batching,164,164,216,1,7.194948196411133,c1ccc(-c2cccc(C3CCC(c4cccc(-c5ccccc5)c4)OC3)c2)cc1,Oc1c(-c2ccccc2)cccc1C1CCC(c2cccc(-c3ccccc3)c2)CO1
fraggfn_seh,hub_batching,165,165,217,1,7.084919452667236,c1ccc(-c2cccc(C3CCC(c4cccc(-c5ccccc5)c4)OC3)c2)cc1,c1ccc(-c2cccc(C3CCC(c4ccc(-c5cncnc5)c(-c5ccccc5)c4)OC3)c2)cc1
fraggfn_seh,hub_batching,166,166,218,1,7.030063152313232,c1ccc(-c2cccc(C3CCC(c4cccc(-c5ccccc5)c4)OC3)c2)cc1,c1ccc(-c2cccc(C3CCC(c4ccc(C5CCNCC5)c(-c5ccccc5)c4)CO3)c2)cc1
fraggfn_seh,hub_batching,167,167,223,5,8.159796714782715,O=C(NCc1ccc(-c2ccccc2)cn1)c1cc(-c2ccccc2)[nH]n1,O=C(NCc1ccc(-c2ccccc2)cn1)c1cc(-c2cccc(C3CCNC3)c2)[nH]n1
fraggfn_seh,hub_batching,168,168,224,1,7.974294185638428,O=C(NCc1ccc(-c2ccccc2)cn1)c1cc(-c2ccccc2)[nH]n1,O=C(NCc1ccc(-c2cccc(C3=CNC=CC3)c2)cn1)c1cc(-c2ccccc2)[nH]n1
fraggfn_seh,hub_batching,169,169,225,1,7.886663436889648,O=C(NCc1ccc(-c2ccccc2)cn1)c1cc(-c2ccccc2)[nH]n1,O=C(NCc1ccc(-c2ccccc2)cn1)c1cc(-c2cccc(-c3ccc4nc5c(=O)[nH]c(=O)nc-5[nH]c4c3)c2)[nH]n1
fraggfn_seh,hub_batching,170,170,226,1,7.745348930358887,O=C(NCc1ccc(-c2ccccc2)cn1)c1cc(-c2ccccc2)[nH]n1,O=C(NCc1ccc(-c2ccccc2)cn1)c1cc(-c2ccccc2)n(C2CCCN2)n1
fraggfn_seh,hub_batching,171,171,227,1,7.739105224609375,O=C(NCc1ccc(-c2ccccc2)cn1)c1cc(-c2ccccc2)[nH]n1,O=C(NCc1ccc(-c2cccc(C3CNc4nc[nH]c(=O)c4N3)c2)cn1)c1cc(-c2ccccc2)[nH]n1
fraggfn_seh,hub_batching,172,172,228,1,7.619328498840332,O=C(NCc1ccc(-c2ccccc2)cn1)c1cc(-c2ccccc2)[nH]n1,O=C(NCc1ccc(-c2ccccc2)cn1)c1cc(-c2ccc(-c3c[nH]c4ccccc34)cc2)[nH]n1
fraggfn_seh,hub_batching,173,173,229,1,7.558990001678467,O=C(NCc1ccc(-c2ccccc2)cn1)c1cc(-c2ccccc2)[nH]n1,O=C(NCc1ccc(-c2ccccc2-c2ccc3ccccc3c2)cn1)c1cc(-c2ccccc2)[nH]n1
fraggfn_seh,hub_batching,174,174,230,1,7.516735076904297,O=C(NCc1ccc(-c2ccccc2)cn1)c1cc(-c2ccccc2)[nH]n1,O=C(NCc1ccc(-c2ccccc2)c(C2CCNC2)n1)c1cc(-c2ccccc2)[nH]n1
fraggfn_seh,hub_batching,175,175,231,1,7.311529159545898,O=C(NCc1ccc(-c2ccccc2)cn1)c1cc(-c2ccccc2)[nH]n1,O=C(NCc1ccc(-c2ccccc2)cn1)c1cc(-c2ccccc2N2C=CCC=C2)[nH]n1
fraggfn_seh,hub_batching,176,176,232,1,7.276197910308838,O=C(NCc1ccc(-c2ccccc2)cn1)c1cc(-c2ccccc2)[nH]n1,O=C(NCc1ccc(-c2ccc(-c3nc4c(c(=O)[nH]3)NCCN4)cc2)cn1)c1cc(-c2ccccc2)[nH]n1
fraggfn_seh,hub_batching,177,177,233,1,7.270474910736084,O=C(NCc1ccc(-c2ccccc2)cn1)c1cc(-c2ccccc2)[nH]n1,O=C(NCc1cc(Cl)c(-c2ccccc2)cn1)c1cc(-c2ccccc2)[nH]n1
fraggfn_seh,hub_batching,178,178,234,1,7.199436187744141,O=C(NCc1ccc(-c2ccccc2)cn1)c1cc(-c2ccccc2)[nH]n1,O=C(NCc1ccc(-c2cccc(-n3c4nc(=O)[nH]c(=O)c-4nc4ccccc43)c2)cn1)c1cc(-c2ccccc2)[nH]n1
fraggfn_seh,hub_batching,179,179,235,1,7.195770740509033,O=C(NCc1ccc(-c2ccccc2)cn1)c1cc(-c2ccccc2)[nH]n1,O=C(NCc1ccc(-c2ccccc2)cn1)c1n[nH]c(-c2ccccc2)c1F
fraggfn_seh,hub_batching,180,180,236,1,7.178783416748047,O=C(NCc1ccc(-c2ccccc2)cn1)c1cc(-c2ccccc2)[nH]n1,O=C(NCc1ccc(-c2ccccc2)cn1)c1cc(-c2ccccc2)n(-c2ccc3ccccc3c2)n1
fraggfn_seh,hub_batching,181,181,237,1,7.177890777587891,O=C(NCc1ccc(-c2ccccc2)cn1)c1cc(-c2ccccc2)[nH]n1,O=C(NCc1ncc(-c2ccccc2)cc1F)c1cc(-c2ccccc2)[nH]n1
fraggfn_seh,hub_batching,182,182,238,1,7.0957865715026855,O=C(NCc1ccc(-c2ccccc2)cn1)c1cc(-c2ccccc2)[nH]n1,O=C(NCc1ccc(-c2ccccc2-n2cnc3c(=O)[nH]cnc32)cn1)c1cc(-c2ccccc2)[nH]n1
fraggfn_seh,hub_batching,183,183,243,5,8.237264633178711,O=C(NCc1ccccc1)c1cccc(-c2ccnc(C3CCNC3)n2)c1,O=C(NCc1ccc(C2CCCN2)cc1)c1cccc(-c2ccnc(C3CCNC3)n2)c1
fraggfn_seh,hub_batching,184,184,244,1,7.996024131774902,O=C(NCc1ccccc1)c1cccc(-c2ccnc(C3CCNC3)n2)c1,O=C(NCc1ccccc1)c1cccc(-c2ccnc(C3CCNC3F)n2)c1
fraggfn_seh,hub_batching,185,185,245,1,7.8742570877075195,O=C(NCc1ccccc1)c1cccc(-c2ccnc(C3CCNC3)n2)c1,O=C(NCc1cccc(-n2c3nc(=O)[nH]c(=O)c-3nc3ccccc32)c1)c1cccc(-c2ccnc(C3CCNC3)n2)c1
fraggfn_seh,hub_batching,186,186,246,1,7.752012252807617,O=C(NCc1ccccc1)c1cccc(-c2ccnc(C3CCNC3)n2)c1,O=C(NCc1ccccc1-c1ccc2[nH]c3nc(=O)[nH]c(=O)c-3nc2c1)c1cccc(-c2ccnc(C3CCNC3)n2)c1
fraggfn_seh,hub_batching,187,187,247,1,7.70475435256958,O=C(NCc1ccccc1)c1cccc(-c2ccnc(C3CCNC3)n2)c1,O=C(NCc1ccccc1)c1cccc(-c2ccnc(C3CCN(c4ccc5nc6c(=O)[nH]c(=O)nc-6[nH]c5c4)C3)n2)c1
fraggfn_seh,hub_batching,188,188,248,1,7.640963077545166,O=C(NCc1ccccc1)c1cccc(-c2ccnc(C3CCNC3)n2)c1,O=C(NCc1ccccc1)c1cccc(-c2nc(C3CCNC3)ncc2F)c1
fraggfn_seh,hub_batching,189,189,249,1,7.4775710105896,O=C(NCc1ccccc1)c1cccc(-c2ccnc(C3CCNC3)n2)c1,O=C(NCc1ccccc1-n1cnc2cncnc21)c1cccc(-c2ccnc(C3CCNC3)n2)c1
fraggfn_seh,hub_batching,190,190,250,1,7.468556880950928,O=C(NCc1ccccc1)c1cccc(-c2ccnc(C3CCNC3)n2)c1,O=C(NCc1ccccc1)c1cccc(-c2ccnc(C3CCN(C4CNc5nc[nH]c(=O)c5N4)C3)n2)c1
fraggfn_seh,hub_batching,191,191,251,1,7.429589748382568,O=C(NCc1ccccc1)c1cccc(-c2ccnc(C3CCNC3)n2)c1,Cc1c(C(=O)NCc2ccccc2)cccc1-c1ccnc(C2CCNC2)n1
fraggfn_seh,hub_batching,192,192,252,1,7.220887660980225,O=C(NCc1ccccc1)c1cccc(-c2ccnc(C3CCNC3)n2)c1,O=C(NCc1ccccc1)c1cccc(-c2ccnc(C3CCN(n4cnc5cncnc54)C3)n2)c1
fraggfn_seh,hub_batching,193,193,253,1,7.148894786834717,O=C(NCc1ccccc1)c1cccc(-c2ccnc(C3CCNC3)n2)c1,O=C(NCc1ccccc1)c1cccc(-c2ccnc(C3CNC(c4nc5[nH]cnc5c(=O)[nH]4)C3)n2)c1
fraggfn_seh,hub_batching,194,194,258,5,7.873641490936279,c1ccc(-c2cccc(-c3ccnc(-c4cccc(C5CCCN5)c4)n3)c2)cc1,O=c1[nH]cnc2c1ncn2-c1cccc(-c2cccc(-c3ccnc(-c4cccc(C5CCCN5)c4)n3)c2)c1
fraggfn_seh,hub_batching,195,195,259,1,7.733260154724121,c1ccc(-c2cccc(-c3ccnc(-c4cccc(C5CCCN5)c4)n3)c2)cc1,C1=CNC=C(c2ccccc2-c2cccc(-c3ccnc(-c4cccc(C5CCCN5)c4)n3)c2)C1
fraggfn_seh,hub_batching,196,196,260,1,7.659637928009033,c1ccc(-c2cccc(-c3ccnc(-c4cccc(C5CCCN5)c4)n3)c2)cc1,c1ccc(-c2cccc(-c3ccnc(-c4cccc(C5CCC(c6c[nH]c7ccccc67)N5)c4)n3)c2)cc1
fraggfn_seh,hub_batching,197,197,261,1,7.537215232849121,c1ccc(-c2cccc(-c3ccnc(-c4cccc(C5CCCN5)c4)n3)c2)cc1,c1ccc(-c2cccc(-c3ccnc(-c4cccc(C5CC(C6CCCNC6)CN5)c4)n3)c2)cc1
fraggfn_seh,hub_batching,198,198,262,1,7.262721061706543,c1ccc(-c2cccc(-c3ccnc(-c4cccc(C5CCCN5)c4)n3)c2)cc1,OCc1cc(-c2ccccc2)cc(-c2ccnc(-c3cccc(C4CCCN4)c3)n2)c1
fraggfn_seh,hub_batching,199,199,263,1,7.259928226470947,c1ccc(-c2cccc(-c3ccnc(-c4cccc(C5CCCN5)c4)n3)c2)cc1,COc1cnc(-c2cccc(C3CCCN3)c2)nc1-c1cccc(-c2ccccc2)c1
fraggfn_seh,hub_batching,200,200,264,1,7.099801540374756,c1ccc(-c2cccc(-c3ccnc(-c4cccc(C5CCCN5)c4)n3)c2)cc1,COc1cc(-c2nccc(-c3cccc(-c4ccccc4)c3)n2)cc(C2CCCN2)c1
fraggfn_seh,hub_batching,201,201,269,5,8.19404125213623,O=C(NCc1cccnc1)c1cccc(-c2cccc(C3CCCN3)c2)c1,O=C(NCc1ccc(C2CCCN2)nc1)c1cccc(-c2cccc(C3CCCN3)c2)c1
fraggfn_seh,hub_batching,202,202,270,1,7.770361423492432,O=C(NCc1cccnc1)c1cccc(-c2cccc(C3CCCN3)c2)c1,O=C(NCc1cncc(-c2ccc3nc4c(=O)[nH]c(=O)nc-4[nH]c3c2)c1)c1cccc(-c2cccc(C3CCCN3)c2)c1
fraggfn_seh,hub_batching,203,203,271,1,7.67146635055542,O=C(NCc1cccnc1)c1cccc(-c2cccc(C3CCCN3)c2)c1,O=C(NCc1cccnc1-n1c2nc(=O)[nH]c(=O)c-2nc2ccccc21)c1cccc(-c2cccc(C3CCCN3)c2)c1
fraggfn_seh,hub_batching,204,204,272,1,7.651297569274902,O=C(NCc1cccnc1)c1cccc(-c2cccc(C3CCCN3)c2)c1,O=C(NCc1cccnc1)c1cccc(-c2cccc(C3CCC(c4cccc5ccccc45)N3)c2)c1
fraggfn_seh,hub_batching,205,205,273,1,7.522700309753418,O=C(NCc1cccnc1)c1cccc(-c2cccc(C3CCCN3)c2)c1,O=C(NCc1cnccc1-c1nc2c(c(=O)[nH]1)NCCN2)c1cccc(-c2cccc(C3CCCN3)c2)c1
fraggfn_seh,hub_batching,206,206,274,1,7.458459377288818,O=C(NCc1cccnc1)c1cccc(-c2cccc(C3CCCN3)c2)c1,Cc1ccc(C2CCCN2)cc1-c1cccc(C(=O)NCc2cccnc2)c1
fraggfn_seh,hub_batching,207,207,275,1,7.439018726348877,O=C(NCc1cccnc1)c1cccc(-c2cccc(C3CCCN3)c2)c1,O=C(NCc1cccnc1C1CNc2nc[nH]c(=O)c2N1)c1cccc(-c2cccc(C3CCCN3)c2)c1
fraggfn_seh,hub_batching,208,208,276,1,7.419047832489014,O=C(NCc1cccnc1)c1cccc(-c2cccc(C3CCCN3)c2)c1,O=C(NCc1cccnc1)c1cccc(-c2cccc(C3CC(c4ccc5[nH]c6nc(=O)[nH]c(=O)c-6nc5c4)CN3)c2)c1
fraggfn_seh,hub_batching,209,209,277,1,7.379817008972168,O=C(NCc1cccnc1)c1cccc(-c2cccc(C3CCCN3)c2)c1,O=C(NCc1cnccc1-n1cnc2cncnc21)c1cccc(-c2cccc(C3CCCN3)c2)c1
fraggfn_seh,hub_batching,210,210,278,1,7.301003932952881,O=C(NCc1cccnc1)c1cccc(-c2cccc(C3CCCN3)c2)c1,O=C(NCc1cccnc1)c1cccc(-c2cccc(C3CCCN3C3CCCN3)c2)c1
fraggfn_seh,hub_batching,211,211,283,5,8.140209197998047,c1ccc(-c2c[nH]c(-c3cccc(-c4cccc(C5CCNC5)c4)c3)c2)cc1,c1cc(-c2cccc(C3CCNC3)c2)cc(-c2cc(-c3cccc(-c4cccc5ccccc45)c3)c[nH]2)c1
fraggfn_seh,hub_batching,212,212,284,1,7.830329895019531,c1ccc(-c2c[nH]c(-c3cccc(-c4cccc(C5CCNC5)c4)c3)c2)cc1,Oc1c(-c2cccc(-c3cc(-c4ccccc4)c[nH]3)c2)cccc1C1CCNC1
fraggfn_seh,hub_batching,213,213,285,1,7.813416957855225,c1ccc(-c2c[nH]c(-c3cccc(-c4cccc(C5CCNC5)c4)c3)c2)cc1,O=c1[nH]cnc2c1ncn2-c1cccc(-c2c[nH]c(-c3cccc(-c4cccc(C5CCNC5)c4)c3)c2)c1
fraggfn_seh,hub_batching,214,214,286,1,7.766662120819092,c1ccc(-c2c[nH]c(-c3cccc(-c4cccc(C5CCNC5)c4)c3)c2)cc1,c1ccc(-c2c[nH]c(-c3cccc(-c4cccc(C5CNC(c6cccc7ccccc67)C5)c4)c3)c2)cc1
fraggfn_seh,hub_batching,215,215,287,1,7.689028263092041,c1ccc(-c2c[nH]c(-c3cccc(-c4cccc(C5CCNC5)c4)c3)c2)cc1,FC1NCCC1c1cccc(-c2cccc(-c3cc(-c4ccccc4)c[nH]3)c2)c1
fraggfn_seh,hub_batching,216,216,288,1,7.610675811767578,c1ccc(-c2c[nH]c(-c3cccc(-c4cccc(C5CCNC5)c4)c3)c2)cc1,c1cc(-c2cccc(C3CCNC3)c2)cc(-c2cc(-c3ccccc3-n3cnc4cncnc43)c[nH]2)c1
fraggfn_seh,hub_batching,217,217,289,1,7.6040143966674805,c1ccc(-c2c[nH]c(-c3cccc(-c4cccc(C5CCNC5)c4)c3)c2)cc1,O=c1nc2[nH]c3ccc(N4CCC(c5cccc(-c6cccc(-c7cc(-c8ccccc8)c[nH]7)c6)c5)C4)cc3nc-2c(=O)[nH]1
fraggfn_seh,hub_batching,218,218,290,1,7.5220842361450195,c1ccc(-c2c[nH]c(-c3cccc(-c4cccc(C5CCNC5)c4)c3)c2)cc1,c1cc(-c2cccc(C3CCNC3)c2)cc(-c2cc(-c3ccccc3-c3ncnc4[nH]cnc34)c[nH]2)c1
fraggfn_seh,hub_batching,219,219,291,1,7.468234539031982,c1ccc(-c2c[nH]c(-c3cccc(-c4cccc(C5CCNC5)c4)c3)c2)cc1,O=c1[nH]cnc2c1NC(C1CC(c3cccc(-c4cccc(-c5cc(-c6ccccc6)c[nH]5)c4)c3)CN1)CN2
fraggfn_seh,hub_batching,220,220,292,1,7.326816558837891,c1ccc(-c2c[nH]c(-c3cccc(-c4cccc(C5CCNC5)c4)c3)c2)cc1,C1=CN(N2CCC(c3cccc(-c4cccc(-c5cc(-c6ccccc6)c[nH]5)c4)c3)C2)C=CC1
fraggfn_seh,hub_batching,221,221,293,1,7.306839466094971,c1ccc(-c2c[nH]c(-c3cccc(-c4cccc(C5CCNC5)c4)c3)c2)cc1,Fc1ccc(-c2cccc(C3CCNC3)c2)cc1-c1cc(-c2ccccc2)c[nH]1
fraggfn_seh,hub_batching,222,222,294,1,7.215002059936523,c1ccc(-c2c[nH]c(-c3cccc(-c4cccc(C5CCNC5)c4)c3)c2)cc1,Fc1cc(-c2cccc(-c3cc(-c4ccccc4)c[nH]3)c2)cc(C2CCNC2)c1
fraggfn_seh,hub_batching,223,223,295,1,7.179112434387207,c1ccc(-c2c[nH]c(-c3cccc(-c4cccc(C5CCNC5)c4)c3)c2)cc1,c1ccc(-c2c[nH]c(-c3cccc(-c4cccc(C5CNC(n6cnc7cncnc76)C5)c4)c3)c2)cc1
fraggfn_seh,hub_batching,224,224,300,5,8.115707397460938,c1cc(-c2nccc(C3CCCOC3)n2)cc(C2COCC(C3CCNC3)C2)c1,c1cc(-c2nccc(C3CCC(c4ccc5ccccc5c4)OC3)n2)cc(C2COCC(C3CCNC3)C2)c1
fraggfn_seh,hub_batching,225,225,301,1,7.161717891693115,c1cc(-c2nccc(C3CCCOC3)n2)cc(C2COCC(C3CCNC3)C2)c1,O=c1nc2[nH]c3cc(N4CCC(C5COCC(c6cccc(-c7nccc(C8CCCOC8)n7)c6)C5)C4)ccc3nc-2c(=O)[nH]1
fraggfn_seh,hub_batching,226,226,302,1,7.155512809753418,c1cc(-c2nccc(C3CCCOC3)n2)cc(C2COCC(C3CCNC3)C2)c1,Fc1cc(C2CCCOC2)nc(-c2cccc(C3COCC(C4CCNC4)C3)c2)n1
fraggfn_seh,hub_batching,227,227,303,1,7.136351585388184,c1cc(-c2nccc(C3CCCOC3)n2)cc(C2COCC(C3CCNC3)C2)c1,c1cc(-c2nccc(C3COCCC3c3c[nH]c4ccccc34)n2)cc(C2COCC(C3CCNC3)C2)c1
fraggfn_seh,hub_batching,228,228,304,1,7.049758434295654,c1cc(-c2nccc(C3CCCOC3)n2)cc(C2COCC(C3CCNC3)C2)c1,O=c1[nH]c(C2OCCCC2c2ccnc(-c3cccc(C4COCC(C5CCNC5)C4)c3)n2)nc2[nH]cnc12
fraggfn_seh,hub_batching,229,229,309,5,8.104790687561035,O=C(NCc1ccc(C2CCCN2)nc1)c1ccc(-c2ccccc2)cc1,O=C(NCc1ccc(C2CCCN2)nc1)c1ccc(-c2cccc(-n3cnc4cncnc43)c2)cc1
fraggfn_seh,hub_batching,230,230,310,1,7.924271106719971,O=C(NCc1ccc(C2CCCN2)nc1)c1ccc(-c2ccccc2)cc1,O=C(NCc1ccc(C2CCCN2)nc1)c1ccc(-c2cccc(-c3nc4c(c(=O)[nH]3)NCCN4)c2)cc1
fraggfn_seh,hub_batching,231,231,311,1,7.864195346832275,O=C(NCc1ccc(C2CCCN2)nc1)c1ccc(-c2ccccc2)cc1,O=C(NCc1ccc(C2CCCN2)nc1)c1ccc(-c2ccccc2C2CCNC2)cc1
fraggfn_seh,hub_batching,232,232,312,1,7.862022876739502,O=C(NCc1ccc(C2CCCN2)nc1)c1ccc(-c2ccccc2)cc1,O=C(NCc1ccc(C2CC(C3CCNC3)CN2)nc1)c1ccc(-c2ccccc2)cc1
fraggfn_seh,hub_batching,233,233,313,1,7.8226470947265625,O=C(NCc1ccc(C2CCCN2)nc1)c1ccc(-c2ccccc2)cc1,O=C(NCc1ccc(C2CCC(c3ccc4[nH]c5nc(=O)[nH]c(=O)c-5nc4c3)N2)nc1)c1ccc(-c2ccccc2)cc1
fraggfn_seh,hub_batching,234,234,314,1,7.727753639221191,O=C(NCc1ccc(C2CCCN2)nc1)c1ccc(-c2ccccc2)cc1,Cc1nc(C2CCCN2)ccc1CNC(=O)c1ccc(-c2ccccc2)cc1
fraggfn_seh,hub_batching,235,235,315,1,7.680052280426025,O=C(NCc1ccc(C2CCCN2)nc1)c1ccc(-c2ccccc2)cc1,O=C(NCc1cnc(C2CCCN2)c(F)c1)c1ccc(-c2ccccc2)cc1
fraggfn_seh,hub_batching,236,236,316,1,7.677013874053955,O=C(NCc1ccc(C2CCCN2)nc1)c1ccc(-c2ccccc2)cc1,O=C(NCc1ccc(C2CCCN2C2CC2)nc1)c1ccc(-c2ccccc2)cc1
fraggfn_seh,hub_batching,237,237,317,1,7.552191257476807,O=C(NCc1ccc(C2CCCN2)nc1)c1ccc(-c2ccccc2)cc1,O=C(NCc1ccc(C2CCCN2)nc1)c1ccc(-c2ccc(-c3ncnc4[nH]cnc34)cc2)cc1
fraggfn_seh,hub_batching,238,238,318,1,7.457944393157959,O=C(NCc1ccc(C2CCCN2)nc1)c1ccc(-c2ccccc2)cc1,O=C(NCc1ccc(C2CCC(C3CNc4nc[nH]c(=O)c4N3)N2)nc1)c1ccc(-c2ccccc2)cc1
fraggfn_seh,hub_batching,239,239,319,1,7.408142566680908,O=C(NCc1ccc(C2CCCN2)nc1)c1ccc(-c2ccccc2)cc1,O=C(NCc1ccc(C2CCCN2)nc1)c1ccc(-c2ccccc2)c(C2=CNC=CC2)c1
fraggfn_seh,hub_batching,240,240,320,1,7.2820210456848145,O=C(NCc1ccc(C2CCCN2)nc1)c1ccc(-c2ccccc2)cc1,O=C(NCc1ccc(C2CCCN2n2c3nc(=O)[nH]c(=O)c-3nc3ccccc32)nc1)c1ccc(-c2ccccc2)cc1
fraggfn_seh,hub_batching,241,241,321,1,7.2771992683410645,O=C(NCc1ccc(C2CCCN2)nc1)c1ccc(-c2ccccc2)cc1,O=C(NCc1ccc(C2CCC(n3ccc(=O)[nH]c3=O)N2)nc1)c1ccc(-c2ccccc2)cc1
fraggfn_seh,hub_batching,242,242,322,1,7.096569061279297,O=C(NCc1ccc(C2CCCN2)nc1)c1ccc(-c2ccccc2)cc1,CCc1cc(-c2ccccc2)ccc1C(=O)NCc1ccc(C2CCCN2)nc1
fraggfn_seh,hub_batching,243,243,327,5,8.294120788574219,O=C(NCc1ccc(C2CCNC2)cn1)c1cccc(-c2ccccc2)c1,O=C(NCc1ccc(C2CCNC2)cn1)c1cccc(-c2cccc(-c3ccc4ccccc4c3)c2)c1
fraggfn_seh,hub_batching,244,244,328,1,8.100869178771973,O=C(NCc1ccc(C2CCNC2)cn1)c1cccc(-c2ccccc2)c1,O=C(NCc1ccc(C2CCNC2F)cn1)c1cccc(-c2ccccc2)c1
fraggfn_seh,hub_batching,245,245,329,1,7.9015374183654785,O=C(NCc1ccc(C2CCNC2)cn1)c1cccc(-c2ccccc2)c1,O=C(NCc1ccc(C2CCNC2)c(F)n1)c1cccc(-c2ccccc2)c1
fraggfn_seh,hub_batching,246,246,330,1,7.809584140777588,O=C(NCc1ccc(C2CCNC2)cn1)c1cccc(-c2ccccc2)c1,O=C(NCc1ccc(C2CCNC2)cn1)c1cc(-c2ccccc2)ccc1F
fraggfn_seh,hub_batching,247,247,331,1,7.557792663574219,O=C(NCc1ccc(C2CCNC2)cn1)c1cccc(-c2ccccc2)c1,O=C(NCc1ccc(C2CCN(c3nc4c(c(=O)[nH]3)NCCN4)C2)cn1)c1cccc(-c2ccccc2)c1
fraggfn_seh,hub_batching,248,248,332,1,7.455275535583496,O=C(NCc1ccc(C2CCNC2)cn1)c1cccc(-c2ccccc2)c1,O=C(NCc1ccc(C2CCNC2)cn1)c1ccc(-c2c[nH]c3ccccc23)c(-c2ccccc2)c1
fraggfn_seh,hub_batching,249,249,333,1,7.41001558303833,O=C(NCc1ccc(C2CCNC2)cn1)c1cccc(-c2ccccc2)c1,O=C(NCc1ccc(C2CNC(n3cnc4cncnc43)C2)cn1)c1cccc(-c2ccccc2)c1
fraggfn_seh,hub_batching,250,250,334,1,7.164825439453125,O=C(NCc1ccc(C2CCNC2)cn1)c1cccc(-c2ccccc2)c1,O=C(NCc1ccc(C2CCNC2)cn1)c1cccc(-c2ccccc2-c2ccc3nc4c(=O)[nH]c(=O)nc-4[nH]c3c2)c1
fraggfn_seh,hub_batching,251,251,335,1,7.103013038635254,O=C(NCc1ccc(C2CCNC2)cn1)c1cccc(-c2ccccc2)c1,O=C(NCc1ccc(C2CCN(n3c4nc(=O)[nH]c(=O)c-4nc4ccccc43)C2)cn1)c1cccc(-c2ccccc2)c1
fraggfn_seh,hub_batching,252,252,336,1,7.100776195526123,O=C(NCc1ccc(C2CCNC2)cn1)c1cccc(-c2ccccc2)c1,O=C(NCc1ccc(C2CCNC2)cn1)c1cccc(-c2ccccc2)c1-n1c2nc(=O)[nH]c(=O)c-2nc2ccccc21
fraggfn_seh,hub_batching,253,253,341,5,7.840857982635498,c1ccc(-c2cccc(-c3cccc(-c4cccc(C5CCNC5)c4)c3)c2)cc1,c1cncc(-c2cccc(-c3cccc(-c4cccc(-c5cccc(C6CCNC6)c5)c4)c3)c2)c1
fraggfn_seh,hub_batching,254,254,342,1,7.755041599273682,c1ccc(-c2cccc(-c3cccc(-c4cccc(C5CCNC5)c4)c3)c2)cc1,NC1NCCC1c1cccc(-c2cccc(-c3cccc(-c4ccccc4)c3)c2)c1
fraggfn_seh,hub_batching,255,255,343,1,7.748287677764893,c1ccc(-c2cccc(-c3cccc(-c4cccc(C5CCNC5)c4)c3)c2)cc1,Fc1c(-c2ccccc2)cccc1-c1cccc(-c2cccc(C3CCNC3)c2)c1
fraggfn_seh,hub_batching,256,256,344,1,7.619091987609863,c1ccc(-c2cccc(-c3cccc(-c4cccc(C5CCNC5)c4)c3)c2)cc1,Cc1c(-c2cccc(-c3cccc(-c4ccccc4)c3)c2)cccc1C1CCNC1
fraggfn_seh,hub_batching,257,257,345,1,7.600172519683838,c1ccc(-c2cccc(-c3cccc(-c4cccc(C5CCNC5)c4)c3)c2)cc1,c1cc(-c2cccc(-c3ccccc3-c3c[nH]c4ccccc34)c2)cc(-c2cccc(C3CCNC3)c2)c1
fraggfn_seh,hub_batching,258,258,346,1,7.504920482635498,c1ccc(-c2cccc(-c3cccc(-c4cccc(C5CCNC5)c4)c3)c2)cc1,c1ccc(-c2cccc(-c3cccc(-c4cccc(C5CCN(C6CCNC6)C5)c4)c3)c2)cc1
fraggfn_seh,hub_batching,259,259,347,1,7.491501808166504,c1ccc(-c2cccc(-c3cccc(-c4cccc(C5CCNC5)c4)c3)c2)cc1,c1ccc(-c2cccc(-c3cccc(-c4cccc(C5CNC(C6CCCNC6)C5)c4)c3)c2)cc1
fraggfn_seh,hub_batching,260,260,348,1,7.406728267669678,c1ccc(-c2cccc(-c3cccc(-c4cccc(C5CCNC5)c4)c3)c2)cc1,c1ccc(-c2cccc(-c3cccc(-c4cccc(C5CNC(c6ccncc6)C5)c4)c3)c2)cc1
fraggfn_seh,hub_batching,261,261,349,1,7.397441387176514,c1ccc(-c2cccc(-c3cccc(-c4cccc(C5CCNC5)c4)c3)c2)cc1,c1ccc(-c2cccc(-c3cccc(-c4cccc(C5CCN(c6cccc7ccccc67)C5)c4)c3)c2)cc1
fraggfn_seh,hub_batching,262,262,350,1,7.373884201049805,c1ccc(-c2cccc(-c3cccc(-c4cccc(C5CCNC5)c4)c3)c2)cc1,O=c1ncccn1-c1ccccc1-c1cccc(-c2cccc(-c3cccc(C4CCNC4)c3)c2)c1
fraggfn_seh,hub_batching,263,263,351,1,7.352957248687744,c1ccc(-c2cccc(-c3cccc(-c4cccc(C5CCNC5)c4)c3)c2)cc1,CC(=O)NCc1ccc(-c2cccc(-c3cccc(-c4cccc(C5CCNC5)c4)c3)c2)cc1
fraggfn_seh,hub_batching,264,264,352,1,7.342772960662842,c1ccc(-c2cccc(-c3cccc(-c4cccc(C5CCNC5)c4)c3)c2)cc1,O=c1[nH]cnc2c1NC(C1NCCC1c1cccc(-c3cccc(-c4cccc(-c5ccccc5)c4)c3)c1)CN2
fraggfn_seh,hub_batching,265,265,353,1,7.239064693450928,c1ccc(-c2cccc(-c3cccc(-c4cccc(C5CCNC5)c4)c3)c2)cc1,O=c1[nH]c(C2NCCC2c2cccc(-c3cccc(-c4cccc(-c5ccccc5)c4)c3)c2)nc2c1NCCN2
fraggfn_seh,hub_batching,266,266,354,1,7.23329496383667,c1ccc(-c2cccc(-c3cccc(-c4cccc(C5CCNC5)c4)c3)c2)cc1,O=c1[nH]c(-c2ccccc2-c2cccc(-c3cccc(-c4cccc(C5CCNC5)c4)c3)c2)nc2[nH]cnc12
fraggfn_seh,hub_batching,267,267,355,1,7.21376895904541,c1ccc(-c2cccc(-c3cccc(-c4cccc(C5CCNC5)c4)c3)c2)cc1,Clc1ccc(C2CCNC2)cc1-c1cccc(-c2cccc(-c3ccccc3)c2)c1
fraggfn_seh,hub_batching,268,268,356,1,7.192168235778809,c1ccc(-c2cccc(-c3cccc(-c4cccc(C5CCNC5)c4)c3)c2)cc1,c1ccc(-c2cccc(-c3cccc(-c4cccc(C5CNC(N6CCNCC6)C5)c4)c3)c2)cc1
fraggfn_seh,hub_batching,269,269,357,1,7.094888210296631,c1ccc(-c2cccc(-c3cccc(-c4cccc(C5CCNC5)c4)c3)c2)cc1,c1ccc(-c2cccc(-c3cccc(-c4cccc(C5CCN(n6cnc7cncnc76)C5)c4)c3)c2)cc1
fraggfn_seh,hub_batching,270,270,358,1,7.07824182510376,c1ccc(-c2cccc(-c3cccc(-c4cccc(C5CCNC5)c4)c3)c2)cc1,Oc1cc(-c2cccc(-c3cccc(-c4ccccc4)c3)c2)cc(C2CCNC2)c1
fraggfn_seh,hub_batching,271,271,359,1,7.059228897094727,c1ccc(-c2cccc(-c3cccc(-c4cccc(C5CCNC5)c4)c3)c2)cc1,c1ccc(-c2cccc(-c3cccc(-c4cccc(C5CCNC5c5ncnc6[nH]cnc56)c4)c3)c2)cc1
fraggfn_seh,hub_batching,272,272,364,5,8.03265380859375,c1ccc(-c2cccc(-c3ccc(-c4cccc(C5CCCN5)c4)s3)c2)cc1,c1ccc(-c2ccccc2-c2cccc(-c3ccc(-c4cccc(C5CCCN5)c4)s3)c2)cc1
fraggfn_seh,hub_batching,273,273,365,1,7.772531509399414,c1ccc(-c2cccc(-c3ccc(-c4cccc(C5CCCN5)c4)s3)c2)cc1,c1ccc(-c2cccc(-c3ccc(-c4cccc(C5NCCC5C5CCNC5)c4)s3)c2)cc1
fraggfn_seh,hub_batching,274,274,366,1,7.73785400390625,c1ccc(-c2cccc(-c3ccc(-c4cccc(C5CCCN5)c4)s3)c2)cc1,c1ccc(-c2cccc(-c3ccc(-c4cccc(C5CCCN5c5ccccc5)c4)s3)c2)cc1
fraggfn_seh,hub_batching,275,275,367,1,7.735543727874756,c1ccc(-c2cccc(-c3ccc(-c4cccc(C5CCCN5)c4)s3)c2)cc1,CNC1CCC(c2cccc(-c3ccc(-c4cccc(-c5ccccc5)c4)s3)c2)N1
fraggfn_seh,hub_batching,276,276,368,1,7.686521530151367,c1ccc(-c2cccc(-c3ccc(-c4cccc(C5CCCN5)c4)s3)c2)cc1,Fc1ccc(C2CCCN2)cc1-c1ccc(-c2cccc(-c3ccccc3)c2)s1
fraggfn_seh,hub_batching,277,277,369,1,7.609054088592529,c1ccc(-c2cccc(-c3ccc(-c4cccc(C5CCCN5)c4)s3)c2)cc1,c1cc(-c2ccc(C3CCCOC3)cc2)cc(-c2ccc(-c3cccc(C4CCCN4)c3)s2)c1
fraggfn_seh,hub_batching,278,278,370,1,7.491087913513184,c1ccc(-c2cccc(-c3ccc(-c4cccc(C5CCCN5)c4)s3)c2)cc1,c1ccc(-c2cccc(-c3ccc(-c4cccc(C5NCCC5c5c[nH]c6ccccc56)c4)s3)c2)cc1
fraggfn_seh,hub_batching,279,279,371,1,7.299453258514404,c1ccc(-c2cccc(-c3ccc(-c4cccc(C5CCCN5)c4)s3)c2)cc1,CCc1ccc(-c2ccc(-c3cccc(-c4ccccc4)c3)s2)cc1C1CCCN1
fraggfn_seh,hub_batching,280,280,372,1,7.267281532287598,c1ccc(-c2cccc(-c3ccc(-c4cccc(C5CCCN5)c4)s3)c2)cc1,O=c1[nH]cnc2c1ncn2C1CCNC1c1cccc(-c2ccc(-c3cccc(-c4ccccc4)c3)s2)c1
fraggfn_seh,hub_batching,281,281,373,1,7.188791275024414,c1ccc(-c2cccc(-c3ccc(-c4cccc(C5CCCN5)c4)s3)c2)cc1,CC(=O)NCc1cccc(-c2cccc(-c3ccc(-c4cccc(C5CCCN5)c4)s3)c2)c1
fraggfn_seh,hub_batching,282,282,378,5,8.167959213256836,O=C(NCc1ccn(-c2ccccc2)n1)c1cccc(C2CCCN2)c1,O=C(NCc1ccn(-c2ccc(C3CCCN3)cc2)n1)c1cccc(C2CCCN2)c1
fraggfn_seh,hub_batching,283,283,379,1,7.797740936279297,O=C(NCc1ccn(-c2ccccc2)n1)c1cccc(C2CCCN2)c1,O=C(NCc1ccn(-c2ccccc2)n1)c1cccc(C2CCC(c3ccc4nc5c(=O)[nH]c(=O)nc-5[nH]c4c3)N2)c1
fraggfn_seh,hub_batching,284,284,380,1,7.749940395355225,O=C(NCc1ccn(-c2ccccc2)n1)c1cccc(C2CCCN2)c1,O=C(NCc1ccn(-c2ccccc2)n1)c1cccc(C2CC(c3cccc4ccccc34)CN2)c1
fraggfn_seh,hub_batching,285,285,381,1,7.661192417144775,O=C(NCc1ccn(-c2ccccc2)n1)c1cccc(C2CCCN2)c1,O=C(NCc1ccn(-c2ccccc2)n1)c1cccc(C2CCCN2C2CC2)c1
fraggfn_seh,hub_batching,286,286,382,1,7.544649600982666,O=C(NCc1ccn(-c2ccccc2)n1)c1cccc(C2CCCN2)c1,O=C(NCc1cc(-c2ccc3ccccc3c2)n(-c2ccccc2)n1)c1cccc(C2CCCN2)c1
fraggfn_seh,hub_batching,287,287,383,1,7.522640228271484,O=C(NCc1ccn(-c2ccccc2)n1)c1cccc(C2CCCN2)c1,O=C(NCc1ccn(-c2ccccc2)n1)c1cccc(C2CCC(C3CNc4nc[nH]c(=O)c4N3)N2)c1
fraggfn_seh,hub_batching,288,288,384,1,7.400689125061035,O=C(NCc1ccn(-c2ccccc2)n1)c1cccc(C2CCCN2)c1,O=C(NCc1ccn(-c2ccccc2)n1)c1cccc(C2CCC(n3cnc4cncnc43)N2)c1
fraggfn_seh,hub_batching,289,289,385,1,7.21396017074585,O=C(NCc1ccn(-c2ccccc2)n1)c1cccc(C2CCCN2)c1,O=C(NCc1nn(-c2ccccc2)cc1C1CCNC1)c1cccc(C2CCCN2)c1
fraggfn_seh,hub_batching,290,290,386,1,7.2015700340271,O=C(NCc1ccn(-c2ccccc2)n1)c1cccc(C2CCCN2)c1,O=C(NCc1ccn(-c2ccccc2)n1)c1cccc(C2CCCN2)c1F
fraggfn_seh,hub_batching,291,291,387,1,7.19858980178833,O=C(NCc1ccn(-c2ccccc2)n1)c1cccc(C2CCCN2)c1,O=C(NCc1ccn(-c2ccccc2)n1)c1cccc(C2CC(n3c4nc(=O)[nH]c(=O)c-4nc4ccccc43)CN2)c1
fraggfn_seh,hub_batching,292,292,392,5,8.203775405883789,O=C(NCc1ccccc1)c1cccc(-c2ccc(C3CCNC3)cc2)n1,O=C(NCc1ccc(-c2ccc3ccccc3c2)cc1)c1cccc(-c2ccc(C3CCNC3)cc2)n1
fraggfn_seh,hub_batching,293,293,393,1,7.914715766906738,O=C(NCc1ccccc1)c1cccc(-c2ccc(C3CCNC3)cc2)n1,O=C(NCc1cccc(-n2cnc3cncnc32)c1)c1cccc(-c2ccc(C3CCNC3)cc2)n1
fraggfn_seh,hub_batching,294,294,394,1,7.9079766273498535,O=C(NCc1ccccc1)c1cccc(-c2ccc(C3CCNC3)cc2)n1,O=C(NCc1cccc(-c2ccc3nc4c(=O)[nH]c(=O)nc-4[nH]c3c2)c1)c1cccc(-c2ccc(C3CCNC3)cc2)n1
fraggfn_seh,hub_batching,295,295,395,1,7.7412848472595215,O=C(NCc1ccccc1)c1cccc(-c2ccc(C3CCNC3)cc2)n1,O=C(NCc1ccccc1-n1c2nc(=O)[nH]c(=O)c-2nc2ccccc21)c1cccc(-c2ccc(C3CCNC3)cc2)n1
fraggfn_seh,hub_batching,296,296,396,1,7.685135364532471,O=C(NCc1ccccc1)c1cccc(-c2ccc(C3CCNC3)cc2)n1,O=C(NCc1ccccc1)c1cccc(-c2ccc(C3CCNC3F)cc2)n1
fraggfn_seh,hub_batching,297,297,397,1,7.577424049377441,O=C(NCc1ccccc1)c1cccc(-c2ccc(C3CCNC3)cc2)n1,O=C(NCc1ccccc1-c1nc2c(c(=O)[nH]1)NCCN2)c1cccc(-c2ccc(C3CCNC3)cc2)n1
fraggfn_seh,hub_batching,298,298,398,1,7.497115612030029,O=C(NCc1ccccc1)c1cccc(-c2ccc(C3CCNC3)cc2)n1,O=C(NCc1ccccc1)c1cccc(-c2ccc(C3CCNC3)cc2F)n1
fraggfn_seh,hub_batching,299,299,399,1,7.340923309326172,O=C(NCc1ccccc1)c1cccc(-c2ccc(C3CCNC3)cc2)n1,O=C(NCc1ccccc1)c1nc(-c2ccc(C3CCNC3)cc2)ccc1F
fraggfn_seh,hub_batching,300,300,400,1,7.105654716491699,O=C(NCc1ccccc1)c1cccc(-c2ccc(C3CCNC3)cc2)n1,O=C(NCc1ccccc1)c1cccc(-c2ccc(C3CNC(C4CNc5nc[nH]c(=O)c5N4)C3)cc2)n1
fraggfn_seh,greedy_oracle,1,1,5,5,8.156261444091797,c1ccc(-c2cccc(-c3cccc(-c4cccc(C5CCCN5)c4)c3)c2)cc1,c1cc(-c2cccc(-c3cccc(C4CCCN4)c3)c2)cc(-c2cccc(-c3ccc4ccccc4c3)c2)c1
fraggfn_seh,greedy_oracle,2,2,6,1,8.016205787658691,c1ccc(-c2cccc(-c3cccc(-c4cccc(C5CCCN5)c4)c3)c2)cc1,c1cc(-c2cccc(-c3ccccc3C3CCNC3)c2)cc(-c2cccc(C3CCCN3)c2)c1
fraggfn_seh,greedy_oracle,3,3,7,1,7.956148624420166,c1ccc(-c2cccc(-c3cccc(-c4cccc(C5CCCN5)c4)c3)c2)cc1,c1cc(-c2cccc(-c3cccc(-n4cnc5cncnc54)c3)c2)cc(-c2cccc(C3CCCN3)c2)c1
fraggfn_seh,greedy_oracle,4,4,8,1,7.955373287200928,c1ccc(-c2cccc(-c3cccc(-c4cccc(C5CCCN5)c4)c3)c2)cc1,O=c1nc2[nH]c3cc(-c4cccc(-c5cccc(-c6cccc(-c7cccc(C8CCCN8)c7)c6)c5)c4)ccc3nc-2c(=O)[nH]1
fraggfn_seh,greedy_oracle,5,5,9,1,7.857630252838135,c1ccc(-c2cccc(-c3cccc(-c4cccc(C5CCCN5)c4)c3)c2)cc1,O=c1[nH]c(-c2cccc(-c3cccc(-c4cccc(-c5cccc(C6CCCN6)c5)c4)c3)c2)nc2[nH]cnc12
fraggfn_seh,greedy_oracle,6,6,10,1,7.8443145751953125,c1ccc(-c2cccc(-c3cccc(-c4cccc(C5CCCN5)c4)c3)c2)cc1,C1=CN(c2cccc(-c3cccc(-c4cccc(-c5cccc(C6CCCN6)c5)c4)c3)c2)C=CC1
fraggfn_seh,greedy_oracle,7,7,11,1,7.724733829498291,c1ccc(-c2cccc(-c3cccc(-c4cccc(C5CCCN5)c4)c3)c2)cc1,c1ccc(-c2cccc(-c3cccc(-c4cccc(C5CCC(c6cccc7ccccc67)N5)c4)c3)c2)cc1
fraggfn_seh,greedy_oracle,8,8,12,1,7.628349781036377,c1ccc(-c2cccc(-c3cccc(-c4cccc(C5CCCN5)c4)c3)c2)cc1,c1ccc(-c2cccc(-c3cccc(-c4cccc(C5CC(c6ccc7ccccc7c6)CN5)c4)c3)c2)cc1
fraggfn_seh,greedy_oracle,9,9,13,1,7.6262526512146,c1ccc(-c2cccc(-c3cccc(-c4cccc(C5CCCN5)c4)c3)c2)cc1,O=c1[nH]cnc2c1NC(C1CCC(c3cccc(-c4cccc(-c5cccc(-c6ccccc6)c5)c4)c3)N1)CN2
fraggfn_seh,greedy_oracle,10,10,14,1,7.58271598815918,c1ccc(-c2cccc(-c3cccc(-c4cccc(C5CCCN5)c4)c3)c2)cc1,c1ccc(-c2cccc(-c3cccc(-c4cccc(C5CCCN5C5CC5)c4)c3)c2)cc1
fraggfn_seh,greedy_oracle,11,11,15,1,7.5628156661987305,c1ccc(-c2cccc(-c3cccc(-c4cccc(C5CCCN5)c4)c3)c2)cc1,C1=CNC=C(N2CCCC2c2cccc(-c3cccc(-c4cccc(-c5ccccc5)c4)c3)c2)C1
fraggfn_seh,greedy_oracle,12,12,16,1,7.549550533294678,c1ccc(-c2cccc(-c3cccc(-c4cccc(C5CCCN5)c4)c3)c2)cc1,Cc1ccc(-c2ccccc2)cc1-c1cccc(-c2cccc(C3CCCN3)c2)c1
fraggfn_seh,greedy_oracle,13,13,17,1,7.544466495513916,c1ccc(-c2cccc(-c3cccc(-c4cccc(C5CCCN5)c4)c3)c2)cc1,c1ccc(-c2cccc(-c3cccc(-c4cccc(C5CCC(C6CCNCC6)N5)c4)c3)c2)cc1
fraggfn_seh,greedy_oracle,14,14,18,1,7.541380405426025,c1ccc(-c2cccc(-c3cccc(-c4cccc(C5CCCN5)c4)c3)c2)cc1,c1cc(-c2ccc(-c3c[nH]c4ccccc34)cc2)cc(-c2cccc(-c3cccc(C4CCCN4)c3)c2)c1
fraggfn_seh,greedy_oracle,15,15,19,1,7.540607929229736,c1ccc(-c2cccc(-c3cccc(-c4cccc(C5CCCN5)c4)c3)c2)cc1,c1ccc(-c2cccc(-c3cccc(-c4cccc(C5CC(C6CCCN6)CN5)c4)c3)c2)cc1
fraggfn_seh,greedy_oracle,16,16,20,1,7.5053558349609375,c1ccc(-c2cccc(-c3cccc(-c4cccc(C5CCCN5)c4)c3)c2)cc1,O=c1ncccn1-c1ccc(-c2cccc(-c3cccc(-c4cccc(C5CCCN5)c4)c3)c2)cc1
fraggfn_seh,greedy_oracle,17,17,21,1,7.430102825164795,c1ccc(-c2cccc(-c3cccc(-c4cccc(C5CCCN5)c4)c3)c2)cc1,O=c1[nH]cnc2c1ncn2-c1ccccc1-c1cccc(-c2cccc(-c3cccc(C4CCCN4)c3)c2)c1
fraggfn_seh,greedy_oracle,18,18,22,1,7.422209739685059,c1ccc(-c2cccc(-c3cccc(-c4cccc(C5CCCN5)c4)c3)c2)cc1,c1cc(-c2cccc(-c3ccccc3-c3ncnc4[nH]cnc34)c2)cc(-c2cccc(C3CCCN3)c2)c1
fraggfn_seh,greedy_oracle,19,19,23,1,7.41483736038208,c1ccc(-c2cccc(-c3cccc(-c4cccc(C5CCCN5)c4)c3)c2)cc1,Fc1c(-c2cccc(-c3cccc(-c4ccccc4)c3)c2)cccc1C1CCCN1
fraggfn_seh,greedy_oracle,20,20,24,1,7.4030866622924805,c1ccc(-c2cccc(-c3cccc(-c4cccc(C5CCCN5)c4)c3)c2)cc1,c1ccc(-c2cccc(-c3cccc(-c4cccc(C5CC(c6c[nH]c7ccccc67)CN5)c4)c3)c2)cc1
fraggfn_seh,greedy_oracle,21,21,25,1,7.342790126800537,c1ccc(-c2cccc(-c3cccc(-c4cccc(C5CCCN5)c4)c3)c2)cc1,c1ccc(-c2cccc(-c3cccc(-c4cccc(C5CCC(c6ccncn6)N5)c4)c3)c2)cc1
fraggfn_seh,greedy_oracle,22,22,26,1,7.315600872039795,c1ccc(-c2cccc(-c3cccc(-c4cccc(C5CCCN5)c4)c3)c2)cc1,O=c1nc2[nH]c3cc(N4CCCC4c4cccc(-c5cccc(-c6cccc(-c7ccccc7)c6)c5)c4)ccc3nc-2c(=O)[nH]1
fraggfn_seh,greedy_oracle,23,23,27,1,7.312464237213135,c1ccc(-c2cccc(-c3cccc(-c4cccc(C5CCCN5)c4)c3)c2)cc1,O=c1[nH]c(N2CCCC2c2cccc(-c3cccc(-c4cccc(-c5ccccc5)c4)c3)c2)nc2c1NCCN2
fraggfn_seh,greedy_oracle,24,24,28,1,7.31160831451416,c1ccc(-c2cccc(-c3cccc(-c4cccc(C5CCCN5)c4)c3)c2)cc1,Cc1cc(-c2cccc(-c3cccc(-c4ccccc4)c3)c2)cc(C2CCCN2)c1
fraggfn_seh,greedy_oracle,25,25,29,1,7.289188861846924,c1ccc(-c2cccc(-c3cccc(-c4cccc(C5CCCN5)c4)c3)c2)cc1,C1=CN(C2CNC(c3cccc(-c4cccc(-c5cccc(-c6ccccc6)c5)c4)c3)C2)C=CC1
fraggfn_seh,greedy_oracle,26,26,30,1,7.225977420806885,c1ccc(-c2cccc(-c3cccc(-c4cccc(C5CCCN5)c4)c3)c2)cc1,O=c1[nH]c(C2CCC(c3cccc(-c4cccc(-c5cccc(-c6ccccc6)c5)c4)c3)N2)nc2[nH]cnc12
fraggfn_seh,greedy_oracle,27,27,31,1,7.205730438232422,c1ccc(-c2cccc(-c3cccc(-c4cccc(C5CCCN5)c4)c3)c2)cc1,c1ccc(-c2cccc(-c3cccc(-c4cccc(C5CCC(n6cnc7cncnc76)N5)c4)c3)c2)cc1
fraggfn_seh,greedy_oracle,28,28,32,1,7.1727705001831055,c1ccc(-c2cccc(-c3cccc(-c4cccc(C5CCCN5)c4)c3)c2)cc1,c1cc(-c2cccc(-c3cccc([NH+]4CCOCC4)c3)c2)cc(-c2cccc(C3CCCN3)c2)c1
fraggfn_seh,greedy_oracle,29,29,33,1,7.161470890045166,c1ccc(-c2cccc(-c3cccc(-c4cccc(C5CCCN5)c4)c3)c2)cc1,O=c1[nH]cnc2c1NC(c1ccc(-c3cccc(-c4cccc(-c5cccc(C6CCCN6)c5)c4)c3)cc1)CN2
fraggfn_seh,greedy_oracle,30,30,34,1,7.158153057098389,c1ccc(-c2cccc(-c3cccc(-c4cccc(C5CCCN5)c4)c3)c2)cc1,c1ccc(-c2cccc(-c3cccc(-c4cccc(C5CC(c6ncnc7[nH]cnc67)CN5)c4)c3)c2)cc1
fraggfn_seh,greedy_oracle,31,31,35,1,7.136072635650635,c1ccc(-c2cccc(-c3cccc(-c4cccc(C5CCCN5)c4)c3)c2)cc1,c1ccc(-c2cccc(-c3cccc(-c4cccc(C5CCCN5n5cnc6cncnc65)c4)c3)c2)cc1
fraggfn_seh,greedy_oracle,32,32,36,1,7.122011184692383,c1ccc(-c2cccc(-c3cccc(-c4cccc(C5CCCN5)c4)c3)c2)cc1,O=c1[nH]c(C2CNC(c3cccc(-c4cccc(-c5cccc(-c6ccccc6)c5)c4)c3)C2)nc2c1NCCN2
fraggfn_seh,greedy_oracle,33,33,37,1,7.077670574188232,c1ccc(-c2cccc(-c3cccc(-c4cccc(C5CCCN5)c4)c3)c2)cc1,O=c1[nH]cnc2c1ncn2C1CNC(c2cccc(-c3cccc(-c4cccc(-c5ccccc5)c4)c3)c2)C1
fraggfn_seh,greedy_oracle,34,34,38,1,7.043796539306641,c1ccc(-c2cccc(-c3cccc(-c4cccc(C5CCCN5)c4)c3)c2)cc1,CC(=O)NCc1cccc(-c2cccc(-c3cccc(-c4cccc(C5CCCN5)c4)c3)c2)c1
fraggfn_seh,greedy_oracle,35,35,43,5,8.03873062133789,c1ccc(-c2cccc(-c3cccc(-c4cccc(C5CCNCC5)c4)c3)c2)cc1,c1cc(-c2cccc(-c3cccc(C4CCNCC4)c3)c2)cc(-c2cccc(-c3cccc4ccccc34)c2)c1
fraggfn_seh,greedy_oracle,36,36,44,1,7.948980808258057,c1ccc(-c2cccc(-c3cccc(-c4cccc(C5CCNCC5)c4)c3)c2)cc1,c1ccc(-c2cccc(-c3cccc(-c4cccc(-c5cccc(C6CCNCC6)c5)c4)c3)c2)nc1
fraggfn_seh,greedy_oracle,37,37,45,1,7.788749694824219,c1ccc(-c2cccc(-c3cccc(-c4cccc(C5CCNCC5)c4)c3)c2)cc1,O=c1[nH]cnc2c1ncn2-c1cccc(-c2cccc(-c3cccc(-c4cccc(C5CCNCC5)c4)c3)c2)c1
fraggfn_seh,greedy_oracle,38,38,46,1,7.778716087341309,c1ccc(-c2cccc(-c3cccc(-c4cccc(C5CCNCC5)c4)c3)c2)cc1,c1cc(-c2cccc(-c3cccc(C4CCNCC4)c3)c2)cc(-c2cccc(-c3ncnc4[nH]cnc34)c2)c1
fraggfn_seh,greedy_oracle,39,39,47,1,7.758254051208496,c1ccc(-c2cccc(-c3cccc(-c4cccc(C5CCNCC5)c4)c3)c2)cc1,O=c1nc2[nH]c3ccc(-c4cccc(-c5cccc(-c6cccc(-c7cccc(C8CCNCC8)c7)c6)c5)c4)cc3nc-2c(=O)[nH]1
fraggfn_seh,greedy_oracle,40,40,48,1,7.729100704193115,c1ccc(-c2cccc(-c3cccc(-c4cccc(C5CCNCC5)c4)c3)c2)cc1,C1=CC(c2ccc(-c3cccc(-c4cccc(-c5cccc(C6CCNCC6)c5)c4)c3)cc2)CCC1
fraggfn_seh,greedy_oracle,41,41,49,1,7.650367736816406,c1ccc(-c2cccc(-c3cccc(-c4cccc(C5CCNCC5)c4)c3)c2)cc1,c1ccc(-c2cccc(-c3cccc(-c4cccc(C5CCNCC5C5CCNC5)c4)c3)c2)cc1
fraggfn_seh,greedy_oracle,42,42,50,1,7.6061015129089355,c1ccc(-c2cccc(-c3cccc(-c4cccc(C5CCNCC5)c4)c3)c2)cc1,c1ccc(-c2cccc(-c3cccc(-c4cccc(C5CCNCC5c5ccc6ccccc6c5)c4)c3)c2)cc1
fraggfn_seh,greedy_oracle,43,43,51,1,7.594223499298096,c1ccc(-c2cccc(-c3cccc(-c4cccc(C5CCNCC5)c4)c3)c2)cc1,C1=CNC=C(c2cccc(-c3cccc(-c4cccc(-c5cccc(C6CCNCC6)c5)c4)c3)c2)C1
fraggfn_seh,greedy_oracle,44,44,52,1,7.5447869300842285,c1ccc(-c2cccc(-c3cccc(-c4cccc(C5CCNCC5)c4)c3)c2)cc1,c1ccc(-c2cccc(-c3cccc(-c4cccc(C5CCN(c6ccc7ccccc7c6)CC5)c4)c3)c2)cc1
fraggfn_seh,greedy_oracle,45,45,53,1,7.485959529876709,c1ccc(-c2cccc(-c3cccc(-c4cccc(C5CCNCC5)c4)c3)c2)cc1,O=c1[nH]c(-c2cccc(-c3cccc(-c4cccc(-c5cccc(C6CCNCC6)c5)c4)c3)c2)nc2c1NCCN2
fraggfn_seh,greedy_oracle,46,46,54,1,7.476895332336426,c1ccc(-c2cccc(-c3cccc(-c4cccc(C5CCNCC5)c4)c3)c2)cc1,c1ccc(-c2cccc(-c3cccc(-c4cccc(C5CCN(C6CCNC6)CC5)c4)c3)c2)cc1
fraggfn_seh,greedy_oracle,47,47,55,1,7.446017742156982,c1ccc(-c2cccc(-c3cccc(-c4cccc(C5CCNCC5)c4)c3)c2)cc1,Cc1ccc(C2CCNCC2)cc1-c1cccc(-c2cccc(-c3ccccc3)c2)c1
fraggfn_seh,greedy_oracle,48,48,56,1,7.4320197105407715,c1ccc(-c2cccc(-c3cccc(-c4cccc(C5CCNCC5)c4)c3)c2)cc1,c1cc(-c2cccc(-c3ccccc3-n3cnc4cncnc43)c2)cc(-c2cccc(C3CCNCC3)c2)c1
fraggfn_seh,greedy_oracle,49,49,57,1,7.424543857574463,c1ccc(-c2cccc(-c3cccc(-c4cccc(C5CCNCC5)c4)c3)c2)cc1,O=c1ccn(-c2ccc(-c3cccc(-c4cccc(-c5cccc(C6CCNCC6)c5)c4)c3)cc2)c(=O)[nH]1
fraggfn_seh,greedy_oracle,50,50,58,1,7.418731689453125,c1ccc(-c2cccc(-c3cccc(-c4cccc(C5CCNCC5)c4)c3)c2)cc1,Oc1c(-c2cccc(-c3cccc(-c4ccccc4)c3)c2)cccc1C1CCNCC1
fraggfn_seh,greedy_oracle,51,51,59,1,7.357639789581299,c1ccc(-c2cccc(-c3cccc(-c4cccc(C5CCNCC5)c4)c3)c2)cc1,c1cc(-c2cccc(-c3cccc(N4CCCCC4)c3)c2)cc(-c2cccc(C3CCNCC3)c2)c1
fraggfn_seh,greedy_oracle,52,52,60,1,7.338264465332031,c1ccc(-c2cccc(-c3cccc(-c4cccc(C5CCNCC5)c4)c3)c2)cc1,c1cc[n+](-c2cccc(-c3cccc(-c4cccc(-c5cccc(C6CCNCC6)c5)c4)c3)c2)cc1
fraggfn_seh,greedy_oracle,53,53,61,1,7.335850715637207,c1ccc(-c2cccc(-c3cccc(-c4cccc(C5CCNCC5)c4)c3)c2)cc1,COc1ccc(-c2cccc(-c3cccc(C4CCNCC4)c3)c2)cc1-c1ccccc1
fraggfn_seh,greedy_oracle,54,54,62,1,7.187337875366211,c1ccc(-c2cccc(-c3cccc(-c4cccc(C5CCNCC5)c4)c3)c2)cc1,O=c1nc2n(N3CCC(c4cccc(-c5cccc(-c6cccc(-c7ccccc7)c6)c5)c4)CC3)c3ccccc3nc-2c(=O)[nH]1
fraggfn_seh,greedy_oracle,55,55,63,1,7.183937072753906,c1ccc(-c2cccc(-c3cccc(-c4cccc(C5CCNCC5)c4)c3)c2)cc1,c1ccc(-c2cccc(-c3cccc(-c4cccc(C5CCN(c6c[nH]c7ccccc67)CC5)c4)c3)c2)cc1
fraggfn_seh,greedy_oracle,56,56,64,1,7.16871452331543,c1ccc(-c2cccc(-c3cccc(-c4cccc(C5CCNCC5)c4)c3)c2)cc1,CCc1ccc(-c2cccc(-c3cccc(-c4ccccc4)c3)c2)cc1C1CCNCC1
fraggfn_seh,greedy_oracle,57,57,65,1,7.132105350494385,c1ccc(-c2cccc(-c3cccc(-c4cccc(C5CCNCC5)c4)c3)c2)cc1,O=c1[nH]c(-c2ccccc2-c2cccc(-c3cccc(-c4cccc(C5CCNCC5)c4)c3)c2)nc2[nH]cnc12
fraggfn_seh,greedy_oracle,58,58,66,1,7.128313064575195,c1ccc(-c2cccc(-c3cccc(-c4cccc(C5CCNCC5)c4)c3)c2)cc1,Clc1cc(-c2cccc(-c3cccc(-c4ccccc4)c3)c2)cc(C2CCNCC2)c1
fraggfn_seh,greedy_oracle,59,59,67,1,7.070196151733398,c1ccc(-c2cccc(-c3cccc(-c4cccc(C5CCNCC5)c4)c3)c2)cc1,O=c1[nH]cnc2c1ncn2N1CCC(c2cccc(-c3cccc(-c4cccc(-c5ccccc5)c4)c3)c2)CC1
fraggfn_seh,greedy_oracle,60,60,68,1,7.062535762786865,c1ccc(-c2cccc(-c3cccc(-c4cccc(C5CCNCC5)c4)c3)c2)cc1,O=c1ncccn1C1CNCCC1c1cccc(-c2cccc(-c3cccc(-c4ccccc4)c3)c2)c1
fraggfn_seh,greedy_oracle,61,61,73,5,8.116329193115234,c1ccc(-c2cccc(-c3cccc(-c4c[nH]c(-c5ccccc5)c4)c3)c2)cc1,c1ccc(-c2cccc(-c3cccc(-c4c[nH]c(-c5cccc(C6CCNCC6)c5)c4)c3)c2)cc1
fraggfn_seh,greedy_oracle,62,62,74,1,7.964049816131592,c1ccc(-c2cccc(-c3cccc(-c4c[nH]c(-c5ccccc5)c4)c3)c2)cc1,C1=CN(c2cccc(-c3cc(-c4cccc(-c5cccc(-c6ccccc6)c5)c4)c[nH]3)c2)C=CC1
fraggfn_seh,greedy_oracle,63,63,75,1,7.84337854385376,c1ccc(-c2cccc(-c3cccc(-c4c[nH]c(-c5ccccc5)c4)c3)c2)cc1,C1=CC(c2ccc(-c3cc(-c4cccc(-c5cccc(-c6ccccc6)c5)c4)c[nH]3)cc2)CCC1
fraggfn_seh,greedy_oracle,64,64,76,1,7.716734409332275,c1ccc(-c2cccc(-c3cccc(-c4c[nH]c(-c5ccccc5)c4)c3)c2)cc1,C1=C(c2cccc(-c3cccc(-c4cccc(-c5c[nH]c(-c6ccccc6)c5)c4)c3)c2)CCCC1
fraggfn_seh,greedy_oracle,65,65,77,1,7.704002857208252,c1ccc(-c2cccc(-c3cccc(-c4c[nH]c(-c5ccccc5)c4)c3)c2)cc1,c1ccc(-c2cc(-c3cccc(-c4cccc(-c5ccccc5C5CCCN5)c4)c3)c[nH]2)cc1
fraggfn_seh,greedy_oracle,66,66,78,1,7.660613536834717,c1ccc(-c2cccc(-c3cccc(-c4c[nH]c(-c5ccccc5)c4)c3)c2)cc1,C1=CNC=C(c2cccc(-c3cc(-c4cccc(-c5cccc(-c6ccccc6)c5)c4)c[nH]3)c2)C1
fraggfn_seh,greedy_oracle,67,67,79,1,7.643548965454102,c1ccc(-c2cccc(-c3cccc(-c4c[nH]c(-c5ccccc5)c4)c3)c2)cc1,O=c1[nH]cc(-c2cccc(-c3cc(-c4cccc(-c5cccc(-c6ccccc6)c5)c4)c[nH]3)c2)c(=O)[nH]1
fraggfn_seh,greedy_oracle,68,68,80,1,7.606278896331787,c1ccc(-c2cccc(-c3cccc(-c4c[nH]c(-c5ccccc5)c4)c3)c2)cc1,c1ccc(-c2cc(-c3cccc(-c4cccc(-c5cccc(N6CCNCC6)c5)c4)c3)c[nH]2)cc1
fraggfn_seh,greedy_oracle,69,69,81,1,7.576436996459961,c1ccc(-c2cccc(-c3cccc(-c4c[nH]c(-c5ccccc5)c4)c3)c2)cc1,c1ccc(-c2cccc(-c3cccc(-c4c[nH]c(-c5cccc(-c6ccncn6)c5)c4)c3)c2)cc1
fraggfn_seh,greedy_oracle,70,70,82,1,7.54789400100708,c1ccc(-c2cccc(-c3cccc(-c4c[nH]c(-c5ccccc5)c4)c3)c2)cc1,O=c1[nH]c(-c2cccc(-c3cc(-c4cccc(-c5cccc(-c6ccccc6)c5)c4)c[nH]3)c2)nc2[nH]cnc12
fraggfn_seh,greedy_oracle,71,71,83,1,7.5077433586120605,c1ccc(-c2cccc(-c3cccc(-c4c[nH]c(-c5ccccc5)c4)c3)c2)cc1,c1ccc(-c2cccc(-c3cccc(-c4c[nH]c(-c5cccc(-n6cnc7cncnc76)c5)c4)c3)c2)cc1
fraggfn_seh,greedy_oracle,72,72,84,1,7.49207067489624,c1ccc(-c2cccc(-c3cccc(-c4c[nH]c(-c5ccccc5)c4)c3)c2)cc1,c1ccc(-c2cc(-c3cccc(-c4cccc(-c5cccc(-c6c[nH]c7ccccc67)c5)c4)c3)c[nH]2)cc1
fraggfn_seh,greedy_oracle,73,73,85,1,7.441689968109131,c1ccc(-c2cccc(-c3cccc(-c4c[nH]c(-c5ccccc5)c4)c3)c2)cc1,O=c1nc(-c2ccc(-c3cc(-c4cccc(-c5cccc(-c6ccccc6)c5)c4)c[nH]3)cc2)cc[nH]1
fraggfn_seh,greedy_oracle,74,74,86,1,7.3259053230285645,c1ccc(-c2cccc(-c3cccc(-c4c[nH]c(-c5ccccc5)c4)c3)c2)cc1,Cc1ccc(-c2ccccc2)cc1-c1cccc(-c2c[nH]c(-c3ccccc3)c2)c1
fraggfn_seh,greedy_oracle,75,75,87,1,7.281896114349365,c1ccc(-c2cccc(-c3cccc(-c4c[nH]c(-c5ccccc5)c4)c3)c2)cc1,c1ccc(-c2cc(-c3cccc(-c4cccc(-c5cccc(C6CCCOC6)c5)c4)c3)c[nH]2)cc1
fraggfn_seh,greedy_oracle,76,76,88,1,7.274510860443115,c1ccc(-c2cccc(-c3cccc(-c4c[nH]c(-c5ccccc5)c4)c3)c2)cc1,NC(=O)c1ccc(-c2cccc(-c3cccc(-c4c[nH]c(-c5ccccc5)c4)c3)c2)cc1
fraggfn_seh,greedy_oracle,77,77,89,1,7.266444683074951,c1ccc(-c2cccc(-c3cccc(-c4c[nH]c(-c5ccccc5)c4)c3)c2)cc1,c1ccc(-c2cccc(-c3cccc(-c4c[nH]c(-c5cccc(-[n+]6ccccc6)c5)c4)c3)c2)cc1
fraggfn_seh,greedy_oracle,78,78,90,1,7.239833831787109,c1ccc(-c2cccc(-c3cccc(-c4c[nH]c(-c5ccccc5)c4)c3)c2)cc1,O=c1ccn(-c2ccc(-c3cc(-c4cccc(-c5cccc(-c6ccccc6)c5)c4)c[nH]3)cc2)c(=O)[nH]1
fraggfn_seh,greedy_oracle,79,79,91,1,7.199744701385498,c1ccc(-c2cccc(-c3cccc(-c4c[nH]c(-c5ccccc5)c4)c3)c2)cc1,c1ccc(-c2cccc(-c3cccc(-c4c[nH]c(-c5ccc([NH+]6CCOCC6)cc5)c4)c3)c2)cc1
fraggfn_seh,greedy_oracle,80,80,92,1,7.197566509246826,c1ccc(-c2cccc(-c3cccc(-c4c[nH]c(-c5ccccc5)c4)c3)c2)cc1,COc1ccccc1-c1cc(-c2cccc(-c3cccc(-c4ccccc4)c3)c2)c[nH]1
fraggfn_seh,greedy_oracle,81,81,93,1,7.112842082977295,c1ccc(-c2cccc(-c3cccc(-c4c[nH]c(-c5ccccc5)c4)c3)c2)cc1,c1ccc(-c2cccc(-c3cccc(-c4c[nH]c(-c5ccccc5C5CCCNC5)c4)c3)c2)cc1
fraggfn_seh,greedy_oracle,82,82,94,1,7.035585880279541,c1ccc(-c2cccc(-c3cccc(-c4c[nH]c(-c5ccccc5)c4)c3)c2)cc1,c1ccc(-c2cc(-c3cccc(-c4cccc(-c5ccccc5-n5cccn5)c4)c3)c[nH]2)cc1
fraggfn_seh,greedy_oracle,83,83,99,5,8.260856628417969,c1ccc(C2CCC(c3cccc(-c4cccc(C5CCNC5)c4)c3)CO2)cc1,c1cc(-c2cccc(C3CCC(c4ccc(C5CCCN5)cc4)OC3)c2)cc(C2CCNC2)c1
fraggfn_seh,greedy_oracle,84,84,100,1,8.080937385559082,c1ccc(C2CCC(c3cccc(-c4cccc(C5CCNC5)c4)c3)CO2)cc1,c1cc(-c2cccc(C3CCC(c4cccc(-n5cnc6cncnc65)c4)OC3)c2)cc(C2CCNC2)c1
fraggfn_seh,greedy_oracle,85,85,101,1,8.007450103759766,c1ccc(C2CCC(c3cccc(-c4cccc(C5CCNC5)c4)c3)CO2)cc1,FC1NCCC1c1cccc(-c2cccc(C3CCC(c4ccccc4)OC3)c2)c1
fraggfn_seh,greedy_oracle,86,86,102,1,7.974523067474365,c1ccc(C2CCC(c3cccc(-c4cccc(C5CCNC5)c4)c3)CO2)cc1,O=c1[nH]cnc2c1NC(c1cccc(C3CCC(c4cccc(-c5cccc(C6CCNC6)c5)c4)CO3)c1)CN2
fraggfn_seh,greedy_oracle,87,87,103,1,7.921991348266602,c1ccc(C2CCC(c3cccc(-c4cccc(C5CCNC5)c4)c3)CO2)cc1,O=c1nc2[nH]c3cc(N4CCC(c5cccc(-c6cccc(C7CCC(c8ccccc8)OC7)c6)c5)C4)ccc3nc-2c(=O)[nH]1
fraggfn_seh,greedy_oracle,88,88,104,1,7.9048237800598145,c1ccc(C2CCC(c3cccc(-c4cccc(C5CCNC5)c4)c3)CO2)cc1,O=c1nc2n(-c3cccc(C4CCC(c5cccc(-c6cccc(C7CCNC7)c6)c5)CO4)c3)c3ccccc3nc-2c(=O)[nH]1
fraggfn_seh,greedy_oracle,89,89,105,1,7.899399280548096,c1ccc(C2CCC(c3cccc(-c4cccc(C5CCNC5)c4)c3)CO2)cc1,c1cc(-c2cccc(C3CCC(c4ccccc4-c4ccc5ccccc5c4)OC3)c2)cc(C2CCNC2)c1
fraggfn_seh,greedy_oracle,90,90,106,1,7.799654483795166,c1ccc(C2CCC(c3cccc(-c4cccc(C5CCNC5)c4)c3)CO2)cc1,c1ccc(C2CCC(c3cccc(-c4cccc(C5CNC(c6cccc7ccccc67)C5)c4)c3)CO2)cc1
fraggfn_seh,greedy_oracle,91,91,107,1,7.7357587814331055,c1ccc(C2CCC(c3cccc(-c4cccc(C5CCNC5)c4)c3)CO2)cc1,C1=CNC=C(N2CCC(c3cccc(-c4cccc(C5CCC(c6ccccc6)OC5)c4)c3)C2)C1
fraggfn_seh,greedy_oracle,92,92,108,1,7.674923419952393,c1ccc(C2CCC(c3cccc(-c4cccc(C5CCNC5)c4)c3)CO2)cc1,FC1OC(c2ccccc2)CCC1c1cccc(-c2cccc(C3CCNC3)c2)c1
fraggfn_seh,greedy_oracle,93,93,109,1,7.64758825302124,c1ccc(C2CCC(c3cccc(-c4cccc(C5CCNC5)c4)c3)CO2)cc1,Oc1c(-c2cccc(C3CCC(c4ccccc4)OC3)c2)cccc1C1CCNC1
fraggfn_seh,greedy_oracle,94,94,110,1,7.615518093109131,c1ccc(C2CCC(c3cccc(-c4cccc(C5CCNC5)c4)c3)CO2)cc1,c1ccc(C2CCC(c3cccc(-c4cccc(C5CNC(n6cnc7cncnc76)C5)c4)c3)CO2)cc1
fraggfn_seh,greedy_oracle,95,95,111,1,7.38381814956665,c1ccc(C2CCC(c3cccc(-c4cccc(C5CCNC5)c4)c3)CO2)cc1,O=c1ncccn1-c1ccccc1C1CCC(c2cccc(-c3cccc(C4CCNC4)c3)c2)CO1
fraggfn_seh,greedy_oracle,96,96,112,1,7.383375644683838,c1ccc(C2CCC(c3cccc(-c4cccc(C5CCNC5)c4)c3)CO2)cc1,c1ccc(C2OCC(c3cccc(-c4cccc(C5CCNC5)c4)c3)CC2c2ccc3ccccc3c2)cc1
fraggfn_seh,greedy_oracle,97,97,113,1,7.3639044761657715,c1ccc(C2CCC(c3cccc(-c4cccc(C5CCNC5)c4)c3)CO2)cc1,O=c1ccn(N2CCC(c3cccc(-c4cccc(C5CCC(c6ccccc6)OC5)c4)c3)C2)c(=O)[nH]1
fraggfn_seh,greedy_oracle,98,98,114,1,7.27201509475708,c1ccc(C2CCC(c3cccc(-c4cccc(C5CCNC5)c4)c3)CO2)cc1,c1ccc(C2CC(c3cccc4ccccc34)C(c3cccc(-c4cccc(C5CCNC5)c4)c3)CO2)cc1
fraggfn_seh,greedy_oracle,99,99,115,1,7.187698841094971,c1ccc(C2CCC(c3cccc(-c4cccc(C5CCNC5)c4)c3)CO2)cc1,O=c1nc2n(C3NCCC3c3cccc(-c4cccc(C5CCC(c6ccccc6)OC5)c4)c3)c3ccccc3nc-2c(=O)[nH]1
fraggfn_seh,greedy_oracle,100,100,116,1,7.138385772705078,c1ccc(C2CCC(c3cccc(-c4cccc(C5CCNC5)c4)c3)CO2)cc1,CCc1ccc(-c2cccc(C3CCNC3)c2)cc1C1CCC(c2ccccc2)OC1
fraggfn_seh,greedy_oracle,101,101,117,1,7.0754075050354,c1ccc(C2CCC(c3cccc(-c4cccc(C5CCNC5)c4)c3)CO2)cc1,c1ccc(C2OCC(c3cccc(-c4cccc(C5CCNC5)c4)c3)CC2n2cnc3cncnc32)cc1
fraggfn_seh,greedy_oracle,102,102,122,5,8.113790512084961,c1ccc(-c2cccc(-c3cccc(-c4ccnc(C5CCCN5)c4)c3)c2)cc1,c1cc(-c2cccc(-c3ccnc(C4CCCN4)c3)c2)cc(-c2cccc(-c3cccc4ccccc34)c2)c1
fraggfn_seh,greedy_oracle,103,103,123,1,7.798700332641602,c1ccc(-c2cccc(-c3cccc(-c4ccnc(C5CCCN5)c4)c3)c2)cc1,C1=CC(c2cccc(-c3cccc(-c4cccc(-c5ccnc(C6CCCN6)c5)c4)c3)c2)CCC1
fraggfn_seh,greedy_oracle,104,104,124,1,7.719482898712158,c1ccc(-c2cccc(-c3cccc(-c4ccnc(C5CCCN5)c4)c3)c2)cc1,O=c1ccn(-c2cccc(-c3cccc(-c4cccc(-c5ccnc(C6CCCN6)c5)c4)c3)c2)c(=O)[nH]1
fraggfn_seh,greedy_oracle,105,105,125,1,7.63561487197876,c1ccc(-c2cccc(-c3cccc(-c4ccnc(C5CCCN5)c4)c3)c2)cc1,c1ccc(-c2cccc(-c3cccc(-c4ccnc(C5NCCC5C5CCNC5)c4)c3)c2)cc1
fraggfn_seh,greedy_oracle,106,106,126,1,7.603914737701416,c1ccc(-c2cccc(-c3cccc(-c4ccnc(C5CCCN5)c4)c3)c2)cc1,c1ccc(-c2cccc(-c3cccc(-c4ccnc(C5CCC(c6ccc7ccccc7c6)N5)c4)c3)c2)cc1
fraggfn_seh,greedy_oracle,107,107,127,1,7.514301300048828,c1ccc(-c2cccc(-c3cccc(-c4ccnc(C5CCCN5)c4)c3)c2)cc1,c1ccc(-c2cccc(-c3cccc(-c4ccnc(C5CCCN5c5ccc6ccccc6c5)c4)c3)c2)cc1
fraggfn_seh,greedy_oracle,108,108,128,1,7.497381687164307,c1ccc(-c2cccc(-c3cccc(-c4ccnc(C5CCCN5)c4)c3)c2)cc1,c1ccc(-c2cccc(-c3cccc(-c4ccnc(C5CCCN5C5CCCN5)c4)c3)c2)cc1
fraggfn_seh,greedy_oracle,109,109,129,1,7.398601531982422,c1ccc(-c2cccc(-c3cccc(-c4ccnc(C5CCCN5)c4)c3)c2)cc1,c1ccc(-c2cccc(-c3cccc(-c4ccnc(C5NCCC5c5cccc6ccccc56)c4)c3)c2)cc1
fraggfn_seh,greedy_oracle,110,110,130,1,7.358643054962158,c1ccc(-c2cccc(-c3cccc(-c4ccnc(C5CCCN5)c4)c3)c2)cc1,c1cc(-c2ccc([NH+]3CCOCC3)cc2)cc(-c2cccc(-c3ccnc(C4CCCN4)c3)c2)c1
fraggfn_seh,greedy_oracle,111,111,131,1,7.35235071182251,c1ccc(-c2cccc(-c3cccc(-c4ccnc(C5CCCN5)c4)c3)c2)cc1,C1=CC(C2CCC(c3cc(-c4cccc(-c5cccc(-c6ccccc6)c5)c4)ccn3)N2)CCC1
fraggfn_seh,greedy_oracle,112,112,132,1,7.316583633422852,c1ccc(-c2cccc(-c3cccc(-c4ccnc(C5CCCN5)c4)c3)c2)cc1,Clc1cc(-c2cccc(-c3cccc(-c4ccccc4)c3)c2)cc(C2CCCN2)n1
fraggfn_seh,greedy_oracle,113,113,133,1,7.2245612144470215,c1ccc(-c2cccc(-c3cccc(-c4ccnc(C5CCCN5)c4)c3)c2)cc1,O=c1[nH]cnc2c1ncn2-c1ccc(-c2cccc(-c3cccc(-c4ccnc(C5CCCN5)c4)c3)c2)cc1
fraggfn_seh,greedy_oracle,114,114,134,1,7.160501956939697,c1ccc(-c2cccc(-c3cccc(-c4ccnc(C5CCCN5)c4)c3)c2)cc1,Oc1c(-c2cccc(-c3cccc(-c4ccccc4)c3)c2)ccnc1C1CCCN1
fraggfn_seh,greedy_oracle,115,115,135,1,7.122592449188232,c1ccc(-c2cccc(-c3cccc(-c4ccnc(C5CCCN5)c4)c3)c2)cc1,c1ccc(-c2cccc(-c3cccc(-c4ccnc(C5NCCC5n5cnc6cncnc65)c4)c3)c2)cc1
fraggfn_seh,greedy_oracle,116,116,136,1,7.110124111175537,c1ccc(-c2cccc(-c3cccc(-c4ccnc(C5CCCN5)c4)c3)c2)cc1,Nc1ccc(-c2cccc(-c3ccccc3)c2)cc1-c1ccnc(C2CCCN2)c1
fraggfn_seh,greedy_oracle,117,117,137,1,7.106525897979736,c1ccc(-c2cccc(-c3cccc(-c4ccnc(C5CCCN5)c4)c3)c2)cc1,c1ccc(-c2cccc(-c3cccc(-c4ccnc(C5CCC(N6CCNCC6)N5)c4)c3)c2)cc1
fraggfn_seh,greedy_oracle,118,118,138,1,7.060058116912842,c1ccc(-c2cccc(-c3cccc(-c4ccnc(C5CCCN5)c4)c3)c2)cc1,O=c1ncccn1N1CCCC1c1cc(-c2cccc(-c3cccc(-c4ccccc4)c3)c2)ccn1
fraggfn_seh,greedy_oracle,119,119,139,1,7.0094523429870605,c1ccc(-c2cccc(-c3cccc(-c4ccnc(C5CCCN5)c4)c3)c2)cc1,c1ccc(-c2cccc(-c3cccc(-c4ccnc(C5CCCN5c5ncnc6[nH]cnc56)c4)c3)c2)cc1
fraggfn_seh,greedy_oracle,120,120,144,5,7.966998100280762,c1ccc(-c2cccc(-c3cccc(-c4ccnc(C5CCNC5)c4)c3)c2)cc1,c1cc(-c2cccc(-c3ccnc(C4CCNC4)c3)c2)cc(-c2cccc(-c3c[nH]c4ccccc34)c2)c1
fraggfn_seh,greedy_oracle,121,121,145,1,7.771349906921387,c1ccc(-c2cccc(-c3cccc(-c4ccnc(C5CCNC5)c4)c3)c2)cc1,C1=CC(c2ccccc2-c2cccc(-c3cccc(-c4ccnc(C5CCNC5)c4)c3)c2)CCC1
fraggfn_seh,greedy_oracle,122,122,146,1,7.721031665802002,c1ccc(-c2cccc(-c3cccc(-c4ccnc(C5CCNC5)c4)c3)c2)cc1,FC1NCCC1c1cc(-c2cccc(-c3cccc(-c4ccccc4)c3)c2)ccn1
fraggfn_seh,greedy_oracle,123,123,147,1,7.634405612945557,c1ccc(-c2cccc(-c3cccc(-c4ccnc(C5CCNC5)c4)c3)c2)cc1,c1cc(-c2ccc(C3CCCO3)cc2)cc(-c2cccc(-c3ccnc(C4CCNC4)c3)c2)c1
fraggfn_seh,greedy_oracle,124,124,148,1,7.6332316398620605,c1ccc(-c2cccc(-c3cccc(-c4ccnc(C5CCNC5)c4)c3)c2)cc1,O=c1nc2[nH]c3ccc(N4CCC(c5cc(-c6cccc(-c7cccc(-c8ccccc8)c7)c6)ccn5)C4)cc3nc-2c(=O)[nH]1
fraggfn_seh,greedy_oracle,125,125,149,1,7.593759059906006,c1ccc(-c2cccc(-c3cccc(-c4ccnc(C5CCNC5)c4)c3)c2)cc1,O=c1[nH]cnc2c1NC(N1CCC(c3cc(-c4cccc(-c5cccc(-c6ccccc6)c5)c4)ccn3)C1)CN2
fraggfn_seh,greedy_oracle,126,126,150,1,7.533462047576904,c1ccc(-c2cccc(-c3cccc(-c4ccnc(C5CCNC5)c4)c3)c2)cc1,Fc1c(-c2cccc(-c3cccc(-c4ccccc4)c3)c2)ccnc1C1CCNC1
fraggfn_seh,greedy_oracle,127,127,151,1,7.5310516357421875,c1ccc(-c2cccc(-c3cccc(-c4ccnc(C5CCNC5)c4)c3)c2)cc1,O=c1ccn(-c2ccccc2-c2cccc(-c3cccc(-c4ccnc(C5CCNC5)c4)c3)c2)c(=O)[nH]1
fraggfn_seh,greedy_oracle,128,128,152,1,7.412086009979248,c1ccc(-c2cccc(-c3cccc(-c4ccnc(C5CCNC5)c4)c3)c2)cc1,c1ccc(-c2cccc(-c3cccc(-c4ccnc(C5CNC(c6ccccc6)C5)c4)c3)c2)cc1
fraggfn_seh,greedy_oracle,129,129,153,1,7.401515960693359,c1ccc(-c2cccc(-c3cccc(-c4ccnc(C5CCNC5)c4)c3)c2)cc1,c1ccc(-c2cccc(-c3cccc(-c4ccnc(C5CCN(c6cccc7ccccc67)C5)c4)c3)c2)cc1
fraggfn_seh,greedy_oracle,130,130,154,1,7.3593878746032715,c1ccc(-c2cccc(-c3cccc(-c4ccnc(C5CCNC5)c4)c3)c2)cc1,Fc1cc(-c2cccc(-c3cccc(-c4ccccc4)c3)c2)cc(C2CCNC2)n1
fraggfn_seh,greedy_oracle,131,131,155,1,7.351114273071289,c1ccc(-c2cccc(-c3cccc(-c4ccnc(C5CCNC5)c4)c3)c2)cc1,c1cc(-c2cccc(-c3ccnc(C4CCNC4)c3)c2)cc(-c2cccc(-n3cccn3)c2)c1
fraggfn_seh,greedy_oracle,132,132,156,1,7.3028106689453125,c1ccc(-c2cccc(-c3cccc(-c4ccnc(C5CCNC5)c4)c3)c2)cc1,C1=CN(N2CCC(c3cc(-c4cccc(-c5cccc(-c6ccccc6)c5)c4)ccn3)C2)C=CC1
fraggfn_seh,greedy_oracle,133,133,157,1,7.278346538543701,c1ccc(-c2cccc(-c3cccc(-c4ccnc(C5CCNC5)c4)c3)c2)cc1,O=C([O-])c1ccc(-c2cccc(-c3ccnc(C4CCNC4)c3)c2)cc1-c1ccccc1
fraggfn_seh,greedy_oracle,134,134,158,1,7.121613025665283,c1ccc(-c2cccc(-c3cccc(-c4ccnc(C5CCNC5)c4)c3)c2)cc1,O=c1[nH]c(N2CCC(c3cc(-c4cccc(-c5cccc(-c6ccccc6)c5)c4)ccn3)C2)nc2c1NCCN2
fraggfn_seh,greedy_oracle,135,135,159,1,7.102099418640137,c1ccc(-c2cccc(-c3cccc(-c4ccnc(C5CCNC5)c4)c3)c2)cc1,CC(=O)NCc1ccccc1-c1cccc(-c2cccc(-c3ccnc(C4CCNC4)c3)c2)c1
fraggfn_seh,greedy_oracle,136,136,160,1,7.015575408935547,c1ccc(-c2cccc(-c3cccc(-c4ccnc(C5CCNC5)c4)c3)c2)cc1,O=c1nc2[nH]c3cc(C4NCCC4c4cc(-c5cccc(-c6cccc(-c7ccccc7)c6)c5)ccn4)ccc3nc-2c(=O)[nH]1
fraggfn_seh,greedy_oracle,137,137,165,5,8.050780296325684,c1ccc(-c2cccc(-c3cc(-c4cccc(-c5cccnc5)c4)c[nH]3)c2)cc1,c1cncc(-c2cccc(-c3c[nH]c(-c4cccc(-c5cccc(C6CCCN6)c5)c4)c3)c2)c1
fraggfn_seh,greedy_oracle,138,138,166,1,7.881102561950684,c1ccc(-c2cccc(-c3cc(-c4cccc(-c5cccnc5)c4)c[nH]3)c2)cc1,c1ccc(-c2cccc(-c3cc(-c4cccc(-c5cccnc5C5CCNC5)c4)c[nH]3)c2)cc1
fraggfn_seh,greedy_oracle,139,139,167,1,7.713549613952637,c1ccc(-c2cccc(-c3cc(-c4cccc(-c5cccnc5)c4)c[nH]3)c2)cc1,C1=CN(c2ccccc2-c2cccc(-c3cc(-c4cccc(-c5cccnc5)c4)c[nH]3)c2)C=CC1
fraggfn_seh,greedy_oracle,140,140,168,1,7.7051591873168945,c1ccc(-c2cccc(-c3cc(-c4cccc(-c5cccnc5)c4)c[nH]3)c2)cc1,C1=CCC(c2cncc(-c3cccc(-c4c[nH]c(-c5cccc(-c6ccccc6)c5)c4)c3)c2)CC1
fraggfn_seh,greedy_oracle,141,141,169,1,7.597664833068848,c1ccc(-c2cccc(-c3cc(-c4cccc(-c5cccnc5)c4)c[nH]3)c2)cc1,O=c1nc2[nH]c3cc(-c4cccc(-c5cccc(-c6cc(-c7cccc(-c8cccnc8)c7)c[nH]6)c5)c4)ccc3nc-2c(=O)[nH]1
fraggfn_seh,greedy_oracle,142,142,170,1,7.524006366729736,c1ccc(-c2cccc(-c3cc(-c4cccc(-c5cccnc5)c4)c[nH]3)c2)cc1,c1ccc(-c2cccc(-c3cc(-c4cccc(-c5cnccc5C5CCCC5)c4)c[nH]3)c2)cc1
fraggfn_seh,greedy_oracle,143,143,171,1,7.486217975616455,c1ccc(-c2cccc(-c3cc(-c4cccc(-c5cccnc5)c4)c[nH]3)c2)cc1,O=c1ncccn1-c1cccc(-c2cccc(-c3cc(-c4cccc(-c5cccnc5)c4)c[nH]3)c2)c1
fraggfn_seh,greedy_oracle,144,144,172,1,7.434911727905273,c1ccc(-c2cccc(-c3cc(-c4cccc(-c5cccnc5)c4)c[nH]3)c2)cc1,O=c1[nH]c(-c2cccc(-c3cccc(-c4cc(-c5cccc(-c6cccnc6)c5)c[nH]4)c3)c2)nc2c1NCCN2
fraggfn_seh,greedy_oracle,145,145,173,1,7.397433757781982,c1ccc(-c2cccc(-c3cc(-c4cccc(-c5cccnc5)c4)c[nH]3)c2)cc1,CNC(=O)c1ccc(-c2cccc(-c3cc(-c4cccc(-c5cccnc5)c4)c[nH]3)c2)cc1
fraggfn_seh,greedy_oracle,146,146,174,1,7.352456092834473,c1ccc(-c2cccc(-c3cc(-c4cccc(-c5cccnc5)c4)c[nH]3)c2)cc1,O=C(NO)c1ccc(-c2cccc(-c3c[nH]c(-c4cccc(-c5ccccc5)c4)c3)c2)cn1
fraggfn_seh,greedy_oracle,147,147,175,1,7.323073387145996,c1ccc(-c2cccc(-c3cc(-c4cccc(-c5cccnc5)c4)c[nH]3)c2)cc1,Clc1ccc(-c2cc(-c3cccc(-c4cccnc4)c3)c[nH]2)cc1-c1ccccc1
fraggfn_seh,greedy_oracle,148,148,176,1,7.263223171234131,c1ccc(-c2cccc(-c3cc(-c4cccc(-c5cccnc5)c4)c[nH]3)c2)cc1,Fc1c(-c2cccnc2)cccc1-c1c[nH]c(-c2cccc(-c3ccccc3)c2)c1
fraggfn_seh,greedy_oracle,149,149,177,1,7.171989440917969,c1ccc(-c2cccc(-c3cc(-c4cccc(-c5cccnc5)c4)c[nH]3)c2)cc1,O=c1[nH]cnc2c1NC(c1ccc(-c3cccc(-c4c[nH]c(-c5cccc(-c6ccccc6)c5)c4)c3)cn1)CN2
fraggfn_seh,greedy_oracle,150,150,178,1,7.170884132385254,c1ccc(-c2cccc(-c3cc(-c4cccc(-c5cccnc5)c4)c[nH]3)c2)cc1,c1ccc(-c2cccc(-c3cc(-c4cccc(-c5cccnc5-c5cccc6ccccc56)c4)c[nH]3)c2)cc1
fraggfn_seh,greedy_oracle,151,151,179,1,7.123897552490234,c1ccc(-c2cccc(-c3cc(-c4cccc(-c5cccnc5)c4)c[nH]3)c2)cc1,O=c1[nH]cnc2c1ncn2-c1cncc(-c2cccc(-c3c[nH]c(-c4cccc(-c5ccccc5)c4)c3)c2)c1
fraggfn_seh,greedy_oracle,152,152,180,1,7.11933708190918,c1ccc(-c2cccc(-c3cc(-c4cccc(-c5cccnc5)c4)c[nH]3)c2)cc1,c1ccc(-c2cccc(-c3cc(-c4cccc(-c5cncc(-c6ncnc7[nH]cnc67)c5)c4)c[nH]3)c2)cc1
fraggfn_seh,greedy_oracle,153,153,181,1,7.09351110458374,c1ccc(-c2cccc(-c3cc(-c4cccc(-c5cccnc5)c4)c[nH]3)c2)cc1,O=c1ncccn1-c1ncccc1-c1cccc(-c2c[nH]c(-c3cccc(-c4ccccc4)c3)c2)c1
fraggfn_seh,greedy_oracle,154,154,186,5,8.103764533996582,c1ccc(-c2ccc(NCc3cnc(C4CCNC4)nc3)nc2)cc1,c1cc(-c2ccc(NCc3cnc(C4CCNC4)nc3)nc2)cc(C2CCCN2)c1
fraggfn_seh,greedy_oracle,155,155,187,1,7.965065956115723,c1ccc(-c2ccc(NCc3cnc(C4CCNC4)nc3)nc2)cc1,FC1NCCC1c1ncc(CNc2ccc(-c3ccccc3)cn2)cn1
fraggfn_seh,greedy_oracle,156,156,188,1,7.934682846069336,c1ccc(-c2ccc(NCc3cnc(C4CCNC4)nc3)nc2)cc1,O=c1nc2[nH]c3cc(-c4cccc(-c5ccc(NCc6cnc(C7CCNC7)nc6)nc5)c4)ccc3nc-2c(=O)[nH]1
fraggfn_seh,greedy_oracle,157,157,189,1,7.799206256866455,c1ccc(-c2ccc(NCc3cnc(C4CCNC4)nc3)nc2)cc1,Fc1nc(NCc2cnc(C3CCNC3)nc2)ccc1-c1ccccc1
fraggfn_seh,greedy_oracle,158,158,190,1,7.780829429626465,c1ccc(-c2ccc(NCc3cnc(C4CCNC4)nc3)nc2)cc1,c1ccc(-c2ccc3ccccc3c2)c(-c2ccc(NCc3cnc(C4CCNC4)nc3)nc2)c1
fraggfn_seh,greedy_oracle,159,159,191,1,7.754978656768799,c1ccc(-c2ccc(NCc3cnc(C4CCNC4)nc3)nc2)cc1,O=c1nc2[nH]c3ccc(C4CC(c5ncc(CNc6ccc(-c7ccccc7)cn6)cn5)CN4)cc3nc-2c(=O)[nH]1
fraggfn_seh,greedy_oracle,160,160,192,1,7.685013294219971,c1ccc(-c2ccc(NCc3cnc(C4CCNC4)nc3)nc2)cc1,Cc1nc(C2CCNC2)ncc1CNc1ccc(-c2ccccc2)cn1
fraggfn_seh,greedy_oracle,161,161,193,1,7.6744537353515625,c1ccc(-c2ccc(NCc3cnc(C4CCNC4)nc3)nc2)cc1,C1=CNC=C(N2CCC(c3ncc(CNc4ccc(-c5ccccc5)cn4)cn3)C2)C1
fraggfn_seh,greedy_oracle,162,162,194,1,7.6425065994262695,c1ccc(-c2ccc(NCc3cnc(C4CCNC4)nc3)nc2)cc1,Cc1cc(-c2ccccc2)cnc1NCc1cnc(C2CCNC2)nc1
fraggfn_seh,greedy_oracle,163,163,195,1,7.59938907623291,c1ccc(-c2ccc(NCc3cnc(C4CCNC4)nc3)nc2)cc1,c1ccc(-n2cnc3cncnc32)c(-c2ccc(NCc3cnc(C4CCNC4)nc3)nc2)c1
fraggfn_seh,greedy_oracle,164,164,196,1,7.51787805557251,c1ccc(-c2ccc(NCc3cnc(C4CCNC4)nc3)nc2)cc1,O=c1[nH]cnc2c1NC(c1ccccc1-c1ccc(NCc3cnc(C4CCNC4)nc3)nc1)CN2
fraggfn_seh,greedy_oracle,165,165,197,1,7.459585189819336,c1ccc(-c2ccc(NCc3cnc(C4CCNC4)nc3)nc2)cc1,O=c1[nH]cnc2c1NC(C1CC(c3ncc(CNc4ccc(-c5ccccc5)cn4)cn3)CN1)CN2
fraggfn_seh,greedy_oracle,166,166,198,1,7.452134609222412,c1ccc(-c2ccc(NCc3cnc(C4CCNC4)nc3)nc2)cc1,O=c1ncccn1-c1ccc(-c2ccc(NCc3cnc(C4CCNC4)nc3)nc2)cc1
fraggfn_seh,greedy_oracle,167,167,199,1,7.327576160430908,c1ccc(-c2ccc(NCc3cnc(C4CCNC4)nc3)nc2)cc1,c1ccc(-c2ccc(NCc3cnc(C4CNC(c5c[nH]c6ccccc56)C4)nc3)nc2)cc1
fraggfn_seh,greedy_oracle,168,168,200,1,7.267492771148682,c1ccc(-c2ccc(NCc3cnc(C4CCNC4)nc3)nc2)cc1,c1ccc(-c2ccc(NCc3cnc(C4CNC(n5cnc6cncnc65)C4)nc3)nc2)cc1
fraggfn_seh,greedy_oracle,169,169,201,1,7.092955589294434,c1ccc(-c2ccc(NCc3cnc(C4CCNC4)nc3)nc2)cc1,O=c1nc2n(C3NCCC3c3ncc(CNc4ccc(-c5ccccc5)cn4)cn3)c3ccccc3nc-2c(=O)[nH]1
fraggfn_seh,greedy_oracle,170,170,202,1,7.06695556640625,c1ccc(-c2ccc(NCc3cnc(C4CCNC4)nc3)nc2)cc1,O=c1[nH]cnc2c1ncn2N1CCC(c2ncc(CNc3ccc(-c4ccccc4)cn3)cn2)C1
fraggfn_seh,greedy_oracle,171,171,207,5,8.102701187133789,c1ccc(-c2cccc(NCc3ccc(C4CCNC4)cc3)n2)cc1,c1cc(-c2cccc(NCc3ccc(C4CCNC4)cc3)n2)cc(C2CCNC2)c1
fraggfn_seh,greedy_oracle,172,172,208,1,7.972034931182861,c1ccc(-c2cccc(NCc3ccc(C4CCNC4)cc3)n2)cc1,FC1NCCC1c1ccc(CNc2cccc(-c3ccccc3)n2)cc1
fraggfn_seh,greedy_oracle,173,173,209,1,7.776758193969727,c1ccc(-c2cccc(NCc3ccc(C4CCNC4)cc3)n2)cc1,c1ccc(-c2nc(NCc3ccc(C4CCNC4)cc3)ccc2C2CCNC2)cc1
fraggfn_seh,greedy_oracle,174,174,210,1,7.670183181762695,c1ccc(-c2cccc(NCc3ccc(C4CCNC4)cc3)n2)cc1,C1=CNC=C(c2ccccc2-c2cccc(NCc3ccc(C4CCNC4)cc3)n2)C1
fraggfn_seh,greedy_oracle,175,175,211,1,7.659583568572998,c1ccc(-c2cccc(NCc3ccc(C4CCNC4)cc3)n2)cc1,Oc1ccc(-c2ccccc2)nc1NCc1ccc(C2CCNC2)cc1
fraggfn_seh,greedy_oracle,176,176,212,1,7.652696132659912,c1ccc(-c2cccc(NCc3ccc(C4CCNC4)cc3)n2)cc1,Cc1cc(C2CCNC2)ccc1CNc1cccc(-c2ccccc2)n1
fraggfn_seh,greedy_oracle,177,177,213,1,7.627985000610352,c1ccc(-c2cccc(NCc3ccc(C4CCNC4)cc3)n2)cc1,C1=CNC=C(N2CCC(c3ccc(CNc4cccc(-c5ccccc5)n4)cc3)C2)C1
fraggfn_seh,greedy_oracle,178,178,214,1,7.603827953338623,c1ccc(-c2cccc(NCc3ccc(C4CCNC4)cc3)n2)cc1,O=c1nc2[nH]c3cc(C4CC(c5ccc(CNc6cccc(-c7ccccc7)n6)cc5)CN4)ccc3nc-2c(=O)[nH]1
fraggfn_seh,greedy_oracle,179,179,215,1,7.502287864685059,c1ccc(-c2cccc(NCc3ccc(C4CCNC4)cc3)n2)cc1,c1ccc(-c2cc(-c3cccnc3)cc(NCc3ccc(C4CCNC4)cc3)n2)cc1
fraggfn_seh,greedy_oracle,180,180,216,1,7.4637064933776855,c1ccc(-c2cccc(NCc3ccc(C4CCNC4)cc3)n2)cc1,O=c1[nH]cnc2c1NC(N1CCC(c3ccc(CNc4cccc(-c5ccccc5)n4)cc3)C1)CN2
fraggfn_seh,greedy_oracle,181,181,217,1,7.418147563934326,c1ccc(-c2cccc(NCc3ccc(C4CCNC4)cc3)n2)cc1,O=c1nc2[nH]c3ccc(-c4ccccc4-c4cccc(NCc5ccc(C6CCNC6)cc5)n4)cc3nc-2c(=O)[nH]1
fraggfn_seh,greedy_oracle,182,182,218,1,7.397855758666992,c1ccc(-c2cccc(NCc3ccc(C4CCNC4)cc3)n2)cc1,c1cc(NCc2ccc(C3CCNC3)cc2)nc(-c2ccc(-n3cnc4cncnc43)cc2)c1
fraggfn_seh,greedy_oracle,183,183,219,1,7.308939456939697,c1ccc(-c2cccc(NCc3ccc(C4CCNC4)cc3)n2)cc1,O=c1[nH]cnc2c1ncn2-c1ccccc1-c1cccc(NCc2ccc(C3CCNC3)cc2)n1
fraggfn_seh,greedy_oracle,184,184,220,1,7.2600908279418945,c1ccc(-c2cccc(NCc3ccc(C4CCNC4)cc3)n2)cc1,c1ccc(-c2cccc(NCc3ccc(C4CCNC4)c(C4CCNCC4)c3)n2)cc1
fraggfn_seh,greedy_oracle,185,185,221,1,7.2405900955200195,c1ccc(-c2cccc(NCc3ccc(C4CCNC4)cc3)n2)cc1,c1ccc(-c2cccc(NCc3ccc(C4CNC(c5c[nH]c6ccccc56)C4)cc3)n2)cc1
fraggfn_seh,greedy_oracle,186,186,222,1,7.166140079498291,c1ccc(-c2cccc(NCc3ccc(C4CCNC4)cc3)n2)cc1,O=c1[nH]cnc2c1NC(c1cc(NCc3ccc(C4CCNC4)cc3)nc(-c3ccccc3)c1)CN2
fraggfn_seh,greedy_oracle,187,187,223,1,7.062901020050049,c1ccc(-c2cccc(NCc3ccc(C4CCNC4)cc3)n2)cc1,O=c1ccn(C2CC(c3ccc(CNc4cccc(-c5ccccc5)n4)cc3)CN2)c(=O)[nH]1
fraggfn_seh,greedy_oracle,188,188,228,5,8.190707206726074,O=C(NCc1ccc(-c2ccccc2)cc1)c1cccc(-c2ccccc2)n1,O=C(NCc1ccc(-c2ccccc2)cc1)c1cccc(-c2ccc(C3CCCN3)cc2)n1
fraggfn_seh,greedy_oracle,189,189,229,1,7.948081016540527,O=C(NCc1ccc(-c2ccccc2)cc1)c1cccc(-c2ccccc2)n1,O=C(NCc1ccc(-c2ccccc2)cc1)c1cccc(-c2cccc(-c3nc4c(c(=O)[nH]3)NCCN4)c2)n1
fraggfn_seh,greedy_oracle,190,190,230,1,7.834131717681885,O=C(NCc1ccc(-c2ccccc2)cc1)c1cccc(-c2ccccc2)n1,O=C(NCc1ccc(-c2ccccc2)cc1)c1cccc(-c2cccc(-c3ccc4nc5c(=O)[nH]c(=O)nc-5[nH]c4c3)c2)n1
fraggfn_seh,greedy_oracle,191,191,231,1,7.723252296447754,O=C(NCc1ccc(-c2ccccc2)cc1)c1cccc(-c2ccccc2)n1,O=C(NCc1ccc(-c2ccccc2)cc1)c1cccc(-c2cccc(C3CNc4nc[nH]c(=O)c4N3)c2)n1
fraggfn_seh,greedy_oracle,192,192,232,1,7.694326400756836,O=C(NCc1ccc(-c2ccccc2)cc1)c1cccc(-c2ccccc2)n1,O=C(NCc1ccc(-c2ccccc2)cc1)c1ccc(C2CCNC2)c(-c2ccccc2)n1
fraggfn_seh,greedy_oracle,193,193,233,1,7.571551322937012,O=C(NCc1ccc(-c2ccccc2)cc1)c1cccc(-c2ccccc2)n1,O=C(NCc1ccc(-c2ccccc2)cc1)c1cccc(-c2cccc(-n3cnc4cncnc43)c2)n1
fraggfn_seh,greedy_oracle,194,194,234,1,7.512881755828857,O=C(NCc1ccc(-c2ccccc2)cc1)c1cccc(-c2ccccc2)n1,O=C(NCc1ccc(-c2cccc(N3C=CCC=C3)c2)cc1)c1cccc(-c2ccccc2)n1
fraggfn_seh,greedy_oracle,195,195,235,1,7.470866680145264,O=C(NCc1ccc(-c2ccccc2)cc1)c1cccc(-c2ccccc2)n1,O=C(NCc1ccc(-c2ccccc2C2=CNC=CC2)cc1)c1cccc(-c2ccccc2)n1
fraggfn_seh,greedy_oracle,196,196,236,1,7.395693302154541,O=C(NCc1ccc(-c2ccccc2)cc1)c1cccc(-c2ccccc2)n1,O=C(NCc1ccc(-c2ccccc2)cc1)c1cccc(-c2cccc(-c3ncnc4[nH]cnc34)c2)n1
fraggfn_seh,greedy_oracle,197,197,237,1,7.326457500457764,O=C(NCc1ccc(-c2ccccc2)cc1)c1cccc(-c2ccccc2)n1,O=C(NCc1ccc(-c2ccccc2)cc1)c1ccc(-c2ccc3ccccc3c2)c(-c2ccccc2)n1
fraggfn_seh,greedy_oracle,198,198,238,1,7.270905494689941,O=C(NCc1ccc(-c2ccccc2)cc1)c1cccc(-c2ccccc2)n1,Cc1ccc(-c2ccccc2)nc1C(=O)NCc1ccc(-c2ccccc2)cc1
fraggfn_seh,greedy_oracle,199,199,239,1,7.204453945159912,O=C(NCc1ccc(-c2ccccc2)cc1)c1cccc(-c2ccccc2)n1,O=C(NCc1ccc(-c2ccccc2)cc1)c1cc(F)cc(-c2ccccc2)n1
fraggfn_seh,greedy_oracle,200,200,240,1,7.134332180023193,O=C(NCc1ccc(-c2ccccc2)cc1)c1cccc(-c2ccccc2)n1,O=C(NCc1ccc(-c2ccccc2)cc1)c1cccc(-c2ccccc2-c2cncnc2)n1
fraggfn_seh,greedy_oracle,201,201,241,1,7.134307384490967,O=C(NCc1ccc(-c2ccccc2)cc1)c1cccc(-c2ccccc2)n1,Cc1cc(-c2ccccc2)ccc1CNC(=O)c1cccc(-c2ccccc2)n1
fraggfn_seh,greedy_oracle,202,202,242,1,7.133960723876953,O=C(NCc1ccc(-c2ccccc2)cc1)c1cccc(-c2ccccc2)n1,O=C(NCc1ccc(-c2ccccc2-n2c3nc(=O)[nH]c(=O)c-3nc3ccccc32)cc1)c1cccc(-c2ccccc2)n1
fraggfn_seh,greedy_oracle,203,203,243,1,7.092835903167725,O=C(NCc1ccc(-c2ccccc2)cc1)c1cccc(-c2ccccc2)n1,O=C(NCc1ccc(-c2ccc(-n3cnc4c(=O)[nH]cnc43)cc2)cc1)c1cccc(-c2ccccc2)n1
fraggfn_seh,greedy_oracle,204,204,244,1,7.088613033294678,O=C(NCc1ccc(-c2ccccc2)cc1)c1cccc(-c2ccccc2)n1,O=C(NCc1ccc(-c2ccccc2)c(C2CCNC2)c1)c1cccc(-c2ccccc2)n1
fraggfn_seh,greedy_oracle,205,205,249,5,8.026945114135742,c1ccc(C2CCC(c3cccc(-c4cccc(C5CCCN5)c4)c3)OC2)cc1,c1cc(-c2cccc3ccccc23)cc(C2CCC(c3cccc(-c4cccc(C5CCCN5)c4)c3)OC2)c1
fraggfn_seh,greedy_oracle,206,206,250,1,7.822640895843506,c1ccc(C2CCC(c3cccc(-c4cccc(C5CCCN5)c4)c3)OC2)cc1,c1ccc(C2CCC(c3cccc(-c4cccc(C5CCC(C6CCNC6)N5)c4)c3)OC2)cc1
fraggfn_seh,greedy_oracle,207,207,251,1,7.739297866821289,c1ccc(C2CCC(c3cccc(-c4cccc(C5CCCN5)c4)c3)OC2)cc1,O=c1nc2[nH]c3ccc(C4CCC(c5cccc(-c6cccc(C7CCC(c8ccccc8)CO7)c6)c5)N4)cc3nc-2c(=O)[nH]1
fraggfn_seh,greedy_oracle,208,208,252,1,7.719704627990723,c1ccc(C2CCC(c3cccc(-c4cccc(C5CCCN5)c4)c3)OC2)cc1,FC1OC(c2cccc(-c3cccc(C4CCCN4)c3)c2)CCC1c1ccccc1
fraggfn_seh,greedy_oracle,209,209,253,1,7.665958881378174,c1ccc(C2CCC(c3cccc(-c4cccc(C5CCCN5)c4)c3)OC2)cc1,O=c1[nH]c(-c2ccc(C3CCC(c4cccc(-c5cccc(C6CCCN6)c5)c4)OC3)cc2)nc2c1NCCN2
fraggfn_seh,greedy_oracle,210,210,254,1,7.626437664031982,c1ccc(C2CCC(c3cccc(-c4cccc(C5CCCN5)c4)c3)OC2)cc1,Fc1cc(-c2cccc(C3CCCN3)c2)cc(C2CCC(c3ccccc3)CO2)c1
fraggfn_seh,greedy_oracle,211,211,255,1,7.613000392913818,c1ccc(C2CCC(c3cccc(-c4cccc(C5CCCN5)c4)c3)OC2)cc1,c1ccc(C2CCC(c3cccc(-c4cccc(C5CC(c6cccnc6)CN5)c4)c3)OC2)cc1
fraggfn_seh,greedy_oracle,212,212,256,1,7.554148197174072,c1ccc(C2CCC(c3cccc(-c4cccc(C5CCCN5)c4)c3)OC2)cc1,c1ccc(C2CCC(c3cccc(-c4cccc(C5CCCN5c5ccc6ccccc6c5)c4)c3)OC2)cc1
fraggfn_seh,greedy_oracle,213,213,257,1,7.430793285369873,c1ccc(C2CCC(c3cccc(-c4cccc(C5CCCN5)c4)c3)OC2)cc1,C1=CN(c2ccccc2C2CCC(c3cccc(-c4cccc(C5CCCN5)c4)c3)OC2)C=CC1
fraggfn_seh,greedy_oracle,214,214,258,1,7.398257732391357,c1ccc(C2CCC(c3cccc(-c4cccc(C5CCCN5)c4)c3)OC2)cc1,O=c1[nH]cnc2c1NC(N1CCCC1c1cccc(-c3cccc(C4CCC(c5ccccc5)CO4)c3)c1)CN2
fraggfn_seh,greedy_oracle,215,215,259,1,7.348408222198486,c1ccc(C2CCC(c3cccc(-c4cccc(C5CCCN5)c4)c3)OC2)cc1,c1ccc(C2COC(c3cccc(-c4cccc(C5CCCN5)c4)c3)CC2c2ccc3ccccc3c2)cc1
fraggfn_seh,greedy_oracle,216,216,260,1,7.300172328948975,c1ccc(C2CCC(c3cccc(-c4cccc(C5CCCN5)c4)c3)OC2)cc1,O=c1[nH]cnc2c1ncn2C1CCC(c2cccc(-c3cccc(C4CCC(c5ccccc5)CO4)c3)c2)N1
fraggfn_seh,greedy_oracle,217,217,261,1,7.230591773986816,c1ccc(C2CCC(c3cccc(-c4cccc(C5CCCN5)c4)c3)OC2)cc1,CC1CC(c2ccccc2)COC1c1cccc(-c2cccc(C3CCCN3)c2)c1
fraggfn_seh,greedy_oracle,218,218,262,1,7.18308687210083,c1ccc(C2CCC(c3cccc(-c4cccc(C5CCCN5)c4)c3)OC2)cc1,COc1ccc(-c2cccc(C3CCC(c4ccccc4)CO3)c2)cc1C1CCCN1
fraggfn_seh,greedy_oracle,219,219,263,1,7.167339324951172,c1ccc(C2CCC(c3cccc(-c4cccc(C5CCCN5)c4)c3)OC2)cc1,O=c1ncccn1N1CCCC1c1cccc(-c2cccc(C3CCC(c4ccccc4)CO3)c2)c1
fraggfn_seh,greedy_oracle,220,220,264,1,7.136798858642578,c1ccc(C2CCC(c3cccc(-c4cccc(C5CCCN5)c4)c3)OC2)cc1,O=c1[nH]cnc2c1NC(C1CC(c3cccc(-c4cccc(C5CCCN5)c4)c3)OCC1c1ccccc1)CN2
fraggfn_seh,greedy_oracle,221,221,269,5,8.095699310302734,O=C(NCc1cccc(-c2ccccc2)c1)c1cc(C2CCCN2)[nH]n1,O=C(NCc1cccc(-c2cccc(-c3ccc4ccccc4c3)c2)c1)c1cc(C2CCCN2)[nH]n1
fraggfn_seh,greedy_oracle,222,222,270,1,7.9154205322265625,O=C(NCc1cccc(-c2ccccc2)c1)c1cc(C2CCCN2)[nH]n1,O=C(NCc1cccc(-c2ccccc2)c1)c1cc(C2CCC(C3CCNC3)N2)[nH]n1
fraggfn_seh,greedy_oracle,223,223,271,1,7.913897514343262,O=C(NCc1cccc(-c2ccccc2)c1)c1cc(C2CCCN2)[nH]n1,O=C(NCc1cccc(-c2ccccc2)c1)c1cc(C2CCCN2)n(F)n1
fraggfn_seh,greedy_oracle,224,224,272,1,7.794999599456787,O=C(NCc1cccc(-c2ccccc2)c1)c1cc(C2CCCN2)[nH]n1,Cc1ccc(-c2ccccc2)cc1CNC(=O)c1cc(C2CCCN2)[nH]n1
fraggfn_seh,greedy_oracle,225,225,273,1,7.740543842315674,O=C(NCc1cccc(-c2ccccc2)c1)c1cc(C2CCCN2)[nH]n1,O=C(NCc1cccc(-c2ccccc2)c1)c1cc(C2CCC(c3ccc4nc5c(=O)[nH]c(=O)nc-5[nH]c4c3)N2)[nH]n1
fraggfn_seh,greedy_oracle,226,226,274,1,7.677388668060303,O=C(NCc1cccc(-c2ccccc2)c1)c1cc(C2CCCN2)[nH]n1,O=C(NCc1ccc(C2CCNC2)c(-c2ccccc2)c1)c1cc(C2CCCN2)[nH]n1
fraggfn_seh,greedy_oracle,227,227,275,1,7.642521381378174,O=C(NCc1cccc(-c2ccccc2)c1)c1cc(C2CCCN2)[nH]n1,O=C(NCc1cccc(-c2ccccc2-n2cnc3cncnc32)c1)c1cc(C2CCCN2)[nH]n1
fraggfn_seh,greedy_oracle,228,228,276,1,7.616876125335693,O=C(NCc1cccc(-c2ccccc2)c1)c1cc(C2CCCN2)[nH]n1,O=C(NCc1cccc(-c2ccccc2)c1)c1cc(C2CCCN2C2=CNC=CC2)[nH]n1
fraggfn_seh,greedy_oracle,229,229,277,1,7.529860019683838,O=C(NCc1cccc(-c2ccccc2)c1)c1cc(C2CCCN2)[nH]n1,O=C(NCc1cccc(-c2ccccc2)c1)c1cc(C2NCCC2c2cccnc2)[nH]n1
fraggfn_seh,greedy_oracle,230,230,278,1,7.449937343597412,O=C(NCc1cccc(-c2ccccc2)c1)c1cc(C2CCCN2)[nH]n1,O=C(NCc1cccc(-c2ccccc2C2CNc3nc[nH]c(=O)c3N2)c1)c1cc(C2CCCN2)[nH]n1
fraggfn_seh,greedy_oracle,231,231,279,1,7.4030232429504395,O=C(NCc1cccc(-c2ccccc2)c1)c1cc(C2CCCN2)[nH]n1,O=C(NCc1cccc(-c2ccccc2)c1)c1cc(C2CCCN2C2CNc3nc[nH]c(=O)c3N2)[nH]n1
fraggfn_seh,greedy_oracle,232,232,280,1,7.357109546661377,O=C(NCc1cccc(-c2ccccc2)c1)c1cc(C2CCCN2)[nH]n1,O=C(NCc1cccc(-c2ccccc2)c1)c1cc(C2NCCC2n2c3nc(=O)[nH]c(=O)c-3nc3ccccc32)[nH]n1
fraggfn_seh,greedy_oracle,233,233,281,1,7.275537490844727,O=C(NCc1cccc(-c2ccccc2)c1)c1cc(C2CCCN2)[nH]n1,O=C(NCc1cccc(-c2ccccc2)c1-c1c[nH]c2ccccc12)c1cc(C2CCCN2)[nH]n1
fraggfn_seh,greedy_oracle,234,234,282,1,7.2362260818481445,O=C(NCc1cccc(-c2ccccc2)c1)c1cc(C2CCCN2)[nH]n1,O=C(NCc1cccc(-c2ccccc2)c1-n1c2nc(=O)[nH]c(=O)c-2nc2ccccc21)c1cc(C2CCCN2)[nH]n1
fraggfn_seh,greedy_oracle,235,235,283,1,7.217928886413574,O=C(NCc1cccc(-c2ccccc2)c1)c1cc(C2CCCN2)[nH]n1,O=C(NCc1cccc(-c2ccccc2)c1)c1n[nH]c(C2CCCN2)c1C1CCNC1
fraggfn_seh,greedy_oracle,236,236,284,1,7.211133003234863,O=C(NCc1cccc(-c2ccccc2)c1)c1cc(C2CCCN2)[nH]n1,O=C(NCc1cc(-c2ccccc2)cc(-c2nc3[nH]cnc3c(=O)[nH]2)c1)c1cc(C2CCCN2)[nH]n1
fraggfn_seh,greedy_oracle,237,237,289,5,7.903483867645264,c1ccc(-c2cccc(-c3cccc(-c4ccc(-c5ccccc5)s4)c3)c2)cc1,c1ccc(-c2cccc(-c3cccc(-c4ccc(-c5ccc(C6CCNCC6)cc5)s4)c3)c2)cc1
fraggfn_seh,greedy_oracle,238,238,290,1,7.771866798400879,c1ccc(-c2cccc(-c3cccc(-c4ccc(-c5ccccc5)s4)c3)c2)cc1,C1=CCC(c2cccc(-c3ccc(-c4cccc(-c5cccc(-c6ccccc6)c5)c4)s3)c2)CC1
fraggfn_seh,greedy_oracle,239,239,291,1,7.714478969573975,c1ccc(-c2cccc(-c3cccc(-c4ccc(-c5ccccc5)s4)c3)c2)cc1,C1=CN(c2ccc(-c3ccc(-c4cccc(-c5cccc(-c6ccccc6)c5)c4)s3)cc2)C=CC1
fraggfn_seh,greedy_oracle,240,240,292,1,7.567108631134033,c1ccc(-c2cccc(-c3cccc(-c4ccc(-c5ccccc5)s4)c3)c2)cc1,c1ccc(-c2cccc(-c3cccc(-c4ccc(-c5cccc(-c6cncnc6)c5)s4)c3)c2)cc1
fraggfn_seh,greedy_oracle,241,241,293,1,7.485121250152588,c1ccc(-c2cccc(-c3cccc(-c4ccc(-c5ccccc5)s4)c3)c2)cc1,O=c1ccn(-c2cccc(-c3ccc(-c4cccc(-c5cccc(-c6ccccc6)c5)c4)s3)c2)c(=O)[nH]1
fraggfn_seh,greedy_oracle,242,242,294,1,7.390000820159912,c1ccc(-c2cccc(-c3cccc(-c4ccc(-c5ccccc5)s4)c3)c2)cc1,c1ccc(-c2cccc(-c3cccc(-c4ccc(-c5cccc(-c6cccc7ccccc67)c5)s4)c3)c2)cc1
fraggfn_seh,greedy_oracle,243,243,295,1,7.324804306030273,c1ccc(-c2cccc(-c3cccc(-c4ccc(-c5ccccc5)s4)c3)c2)cc1,C1=CC(c2cccc(-c3cccc(-c4cccc(-c5ccc(-c6ccccc6)s5)c4)c3)c2)CCC1
fraggfn_seh,greedy_oracle,244,244,296,1,7.2867560386657715,c1ccc(-c2cccc(-c3cccc(-c4ccc(-c5ccccc5)s4)c3)c2)cc1,c1ccc(-c2cccc(-c3cccc(-c4ccc(-c5cccc(-c6ncnc7[nH]cnc67)c5)s4)c3)c2)cc1
fraggfn_seh,greedy_oracle,245,245,297,1,7.278388500213623,c1ccc(-c2cccc(-c3cccc(-c4ccc(-c5ccccc5)s4)c3)c2)cc1,c1ccc(-c2ccc(-c3cccc(-c4cccc(-c5cccc(-c6ccc7ccccc7c6)c5)c4)c3)s2)cc1
fraggfn_seh,greedy_oracle,246,246,298,1,7.251308917999268,c1ccc(-c2cccc(-c3cccc(-c4ccc(-c5ccccc5)s4)c3)c2)cc1,c1ccc(-c2ccc(-c3cccc(-c4cccc(-c5cccc(-c6ccccn6)c5)c4)c3)s2)cc1
fraggfn_seh,greedy_oracle,247,247,299,1,7.216739654541016,c1ccc(-c2cccc(-c3cccc(-c4ccc(-c5ccccc5)s4)c3)c2)cc1,c1ccc(-c2cccc(-c3cccc(-c4ccc(-c5ccc(-c6c[nH]c7ccccc67)cc5)s4)c3)c2)cc1
fraggfn_seh,greedy_oracle,248,248,300,1,7.16875696182251,c1ccc(-c2cccc(-c3cccc(-c4ccc(-c5ccccc5)s4)c3)c2)cc1,C1=CNC=C(c2ccccc2-c2cccc(-c3cccc(-c4ccc(-c5ccccc5)s4)c3)c2)C1
fraggfn_seh,greedy_oracle,249,249,301,1,7.109563827514648,c1ccc(-c2cccc(-c3cccc(-c4ccc(-c5ccccc5)s4)c3)c2)cc1,c1ccc(-c2ccc(-c3cccc(-c4cccc(-c5cccc(N6CCCC6)c5)c4)c3)s2)cc1
fraggfn_seh,greedy_oracle,250,250,302,1,7.070611000061035,c1ccc(-c2cccc(-c3cccc(-c4ccc(-c5ccccc5)s4)c3)c2)cc1,c1ccc(-c2ccc(-c3cccc(-c4cccc(-c5ccccc5C5CCCNC5)c4)c3)s2)cc1
fraggfn_seh,greedy_oracle,251,251,303,1,7.015902519226074,c1ccc(-c2cccc(-c3cccc(-c4ccc(-c5ccccc5)s4)c3)c2)cc1,c1ccc(-c2ccc(-c3cccc(-c4cccc(-c5ccc(C6CCCO6)cc5)c4)c3)s2)cc1
fraggfn_seh,greedy_oracle,252,252,304,1,7.001165866851807,c1ccc(-c2cccc(-c3cccc(-c4ccc(-c5ccccc5)s4)c3)c2)cc1,c1ccc(-c2cccc(-c3cccc(-c4ccc(-c5ccccc5N5CCNCC5)s4)c3)c2)cc1
fraggfn_seh,greedy_oracle,253,253,309,5,8.243354797363281,c1cc(C2CCC(c3ccc(C4CCCN4)cc3)OC2)cc(C2CCCCO2)c1,O=c1nc2[nH]c3cc(C4CCC(c5cccc(C6CCC(c7ccc(C8CCCN8)cc7)OC6)c5)OC4)ccc3nc-2c(=O)[nH]1
fraggfn_seh,greedy_oracle,254,254,310,1,8.128300666809082,c1cc(C2CCC(c3ccc(C4CCCN4)cc3)OC2)cc(C2CCCCO2)c1,c1cc(C2CCC(c3ccc(C4CCCN4)cc3)OC2)cc(C2CC(c3ccc4ccccc4c3)CCO2)c1
fraggfn_seh,greedy_oracle,255,255,311,1,7.999857425689697,c1cc(C2CCC(c3ccc(C4CCCN4)cc3)OC2)cc(C2CCCCO2)c1,c1cc(C2CCC(c3ccc(C4CCCN4)cc3)OC2)cc(C2CCC(n3cnc4cncnc43)CO2)c1
fraggfn_seh,greedy_oracle,256,256,312,1,7.953840732574463,c1cc(C2CCC(c3ccc(C4CCCN4)cc3)OC2)cc(C2CCCCO2)c1,C1=CNC=C(C2CCCC(c3cccc(C4CCC(c5ccc(C6CCCN6)cc5)OC4)c3)O2)C1
fraggfn_seh,greedy_oracle,257,257,313,1,7.859605312347412,c1cc(C2CCC(c3ccc(C4CCCN4)cc3)OC2)cc(C2CCCCO2)c1,O=c1[nH]cnc2c1NC(C1CCC(c3cccc(C4CCC(c5ccc(C6CCCN6)cc5)OC4)c3)OC1)CN2
fraggfn_seh,greedy_oracle,258,258,314,1,7.678383827209473,c1cc(C2CCC(c3ccc(C4CCCN4)cc3)OC2)cc(C2CCCCO2)c1,O=c1[nH]cnc2c1ncn2C1CCCC(c2cccc(C3CCC(c4ccc(C5CCCN5)cc4)OC3)c2)O1
fraggfn_seh,greedy_oracle,259,259,315,1,7.52921199798584,c1cc(C2CCC(c3ccc(C4CCCN4)cc3)OC2)cc(C2CCCCO2)c1,c1cc(C2CCC(c3ccc(C4CCCN4)cc3)OC2)cc(C2OCCCC2c2cccc3ccccc23)c1
fraggfn_seh,greedy_oracle,260,260,316,1,7.440700054168701,c1cc(C2CCC(c3ccc(C4CCCN4)cc3)OC2)cc(C2CCCCO2)c1,Clc1cc(C2CCC(c3ccc(C4CCCN4)cc3)OC2)cc(C2CCCCO2)c1
fraggfn_seh,greedy_oracle,261,261,317,1,7.35663366317749,c1cc(C2CCC(c3ccc(C4CCCN4)cc3)OC2)cc(C2CCCCO2)c1,c1cc(C2CCC(c3ccc(C4CC(C5CCNC5)CN4)cc3)OC2)cc(C2CCCCO2)c1
fraggfn_seh,greedy_oracle,262,262,318,1,7.314965724945068,c1cc(C2CCC(c3ccc(C4CCCN4)cc3)OC2)cc(C2CCCCO2)c1,c1ccc2cc(-c3ccc(C4CCC(c5ccc(C6CCCN6)cc5)OC4)cc3C3CCCCO3)ccc2c1
fraggfn_seh,greedy_oracle,263,263,319,1,7.2072014808654785,c1cc(C2CCC(c3ccc(C4CCCN4)cc3)OC2)cc(C2CCCCO2)c1,c1cc(C2CCC(c3ccc(C4CCC(c5cccc6ccccc56)N4)cc3)OC2)cc(C2CCCCO2)c1
fraggfn_seh,greedy_oracle,264,264,320,1,7.1823554039001465,c1cc(C2CCC(c3ccc(C4CCCN4)cc3)OC2)cc(C2CCCCO2)c1,O=c1nc2[nH]c3ccc(N4CCCC4c4ccc(C5CCC(c6cccc(C7CCCCO7)c6)CO5)cc4)cc3nc-2c(=O)[nH]1
fraggfn_seh,greedy_oracle,265,265,321,1,7.028503894805908,c1cc(C2CCC(c3ccc(C4CCCN4)cc3)OC2)cc(C2CCCCO2)c1,c1cc(C2CCC(c3ccc(C4CCCN4)cc3)OC2)c(C2CCNCC2)c(C2CCCCO2)c1
fraggfn_seh,greedy_oracle,266,266,322,1,7.014980792999268,c1cc(C2CCC(c3ccc(C4CCCN4)cc3)OC2)cc(C2CCCCO2)c1,c1cc(C2CCC(c3ccc(C4CCCN4C4CC4)cc3)OC2)cc(C2CCCCO2)c1
fraggfn_seh,greedy_oracle,267,267,323,1,7.000268459320068,c1cc(C2CCC(c3ccc(C4CCCN4)cc3)OC2)cc(C2CCCCO2)c1,Fc1cc(C2CCCN2)ccc1C1CCC(c2cccc(C3CCCCO3)c2)CO1
fraggfn_seh,greedy_oracle,268,268,328,5,8.159796714782715,O=C(NCc1ccc(-c2ccccc2)cn1)c1cc(-c2ccccc2)[nH]n1,O=C(NCc1ccc(-c2ccccc2)cn1)c1cc(-c2cccc(C3CCNC3)c2)[nH]n1
fraggfn_seh,greedy_oracle,269,269,329,1,7.974294185638428,O=C(NCc1ccc(-c2ccccc2)cn1)c1cc(-c2ccccc2)[nH]n1,O=C(NCc1ccc(-c2cccc(C3=CNC=CC3)c2)cn1)c1cc(-c2ccccc2)[nH]n1
fraggfn_seh,greedy_oracle,270,270,330,1,7.853587627410889,O=C(NCc1ccc(-c2ccccc2)cn1)c1cc(-c2ccccc2)[nH]n1,O=C(NCc1ccc(-c2ccccc2)cn1)c1cc(-c2cccc(-c3ccc4[nH]c5nc(=O)[nH]c(=O)c-5nc4c3)c2)[nH]n1
fraggfn_seh,greedy_oracle,271,271,331,1,7.745348930358887,O=C(NCc1ccc(-c2ccccc2)cn1)c1cc(-c2ccccc2)[nH]n1,O=C(NCc1ccc(-c2ccccc2)cn1)c1cc(-c2ccccc2)n(C2CCCN2)n1
fraggfn_seh,greedy_oracle,272,272,332,1,7.619328498840332,O=C(NCc1ccc(-c2ccccc2)cn1)c1cc(-c2ccccc2)[nH]n1,O=C(NCc1ccc(-c2ccccc2)cn1)c1cc(-c2ccc(-c3c[nH]c4ccccc34)cc2)[nH]n1
fraggfn_seh,greedy_oracle,273,273,333,1,7.558990001678467,O=C(NCc1ccc(-c2ccccc2)cn1)c1cc(-c2ccccc2)[nH]n1,O=C(NCc1ccc(-c2ccccc2-c2ccc3ccccc3c2)cn1)c1cc(-c2ccccc2)[nH]n1
fraggfn_seh,greedy_oracle,274,274,334,1,7.516735076904297,O=C(NCc1ccc(-c2ccccc2)cn1)c1cc(-c2ccccc2)[nH]n1,O=C(NCc1ccc(-c2ccccc2)c(C2CCNC2)n1)c1cc(-c2ccccc2)[nH]n1
fraggfn_seh,greedy_oracle,275,275,335,1,7.45962381362915,O=C(NCc1ccc(-c2ccccc2)cn1)c1cc(-c2ccccc2)[nH]n1,O=C(NCc1ccc(-c2ccc(C3CNc4nc[nH]c(=O)c4N3)cc2)cn1)c1cc(-c2ccccc2)[nH]n1
fraggfn_seh,greedy_oracle,276,276,336,1,7.311529159545898,O=C(NCc1ccc(-c2ccccc2)cn1)c1cc(-c2ccccc2)[nH]n1,O=C(NCc1ccc(-c2ccccc2)cn1)c1cc(-c2ccccc2N2C=CCC=C2)[nH]n1
fraggfn_seh,greedy_oracle,277,277,337,1,7.270474910736084,O=C(NCc1ccc(-c2ccccc2)cn1)c1cc(-c2ccccc2)[nH]n1,O=C(NCc1cc(Cl)c(-c2ccccc2)cn1)c1cc(-c2ccccc2)[nH]n1
fraggfn_seh,greedy_oracle,278,278,338,1,7.199436187744141,O=C(NCc1ccc(-c2ccccc2)cn1)c1cc(-c2ccccc2)[nH]n1,O=C(NCc1ccc(-c2cccc(-n3c4nc(=O)[nH]c(=O)c-4nc4ccccc43)c2)cn1)c1cc(-c2ccccc2)[nH]n1
fraggfn_seh,greedy_oracle,279,279,339,1,7.195770740509033,O=C(NCc1ccc(-c2ccccc2)cn1)c1cc(-c2ccccc2)[nH]n1,O=C(NCc1ccc(-c2ccccc2)cn1)c1n[nH]c(-c2ccccc2)c1F
fraggfn_seh,greedy_oracle,280,280,340,1,7.178783416748047,O=C(NCc1ccc(-c2ccccc2)cn1)c1cc(-c2ccccc2)[nH]n1,O=C(NCc1ccc(-c2ccccc2)cn1)c1cc(-c2ccccc2)n(-c2ccc3ccccc3c2)n1
fraggfn_seh,greedy_oracle,281,281,341,1,7.177890777587891,O=C(NCc1ccc(-c2ccccc2)cn1)c1cc(-c2ccccc2)[nH]n1,O=C(NCc1ncc(-c2ccccc2)cc1F)c1cc(-c2ccccc2)[nH]n1
fraggfn_seh,greedy_oracle,282,282,342,1,7.0957865715026855,O=C(NCc1ccc(-c2ccccc2)cn1)c1cc(-c2ccccc2)[nH]n1,O=C(NCc1ccc(-c2ccccc2-n2cnc3c(=O)[nH]cnc32)cn1)c1cc(-c2ccccc2)[nH]n1
fraggfn_seh,greedy_oracle,283,283,347,5,7.840857982635498,c1ccc(-c2cccc(-c3cccc(-c4cccc(C5CCNC5)c4)c3)c2)cc1,c1cncc(-c2cccc(-c3cccc(-c4cccc(-c5cccc(C6CCNC6)c5)c4)c3)c2)c1
fraggfn_seh,greedy_oracle,284,284,348,1,7.748287677764893,c1ccc(-c2cccc(-c3cccc(-c4cccc(C5CCNC5)c4)c3)c2)cc1,Fc1c(-c2ccccc2)cccc1-c1cccc(-c2cccc(C3CCNC3)c2)c1
fraggfn_seh,greedy_oracle,285,285,349,1,7.602278232574463,c1ccc(-c2cccc(-c3cccc(-c4cccc(C5CCNC5)c4)c3)c2)cc1,COC1NCCC1c1cccc(-c2cccc(-c3cccc(-c4ccccc4)c3)c2)c1
fraggfn_seh,greedy_oracle,286,286,350,1,7.552694797515869,c1ccc(-c2cccc(-c3cccc(-c4cccc(C5CCNC5)c4)c3)c2)cc1,Cc1ccc(-c2cccc(-c3cccc(-c4ccccc4)c3)c2)cc1C1CCNC1
fraggfn_seh,greedy_oracle,287,287,351,1,7.491501808166504,c1ccc(-c2cccc(-c3cccc(-c4cccc(C5CCNC5)c4)c3)c2)cc1,c1ccc(-c2cccc(-c3cccc(-c4cccc(C5CNC(C6CCCNC6)C5)c4)c3)c2)cc1
fraggfn_seh,greedy_oracle,288,288,352,1,7.358647346496582,c1ccc(-c2cccc(-c3cccc(-c4cccc(C5CCNC5)c4)c3)c2)cc1,C1=CNC=C(C2NCCC2c2cccc(-c3cccc(-c4cccc(-c5ccccc5)c4)c3)c2)C1
fraggfn_seh,greedy_oracle,289,289,353,1,7.352957248687744,c1ccc(-c2cccc(-c3cccc(-c4cccc(C5CCNC5)c4)c3)c2)cc1,CC(=O)NCc1ccc(-c2cccc(-c3cccc(-c4cccc(C5CCNC5)c4)c3)c2)cc1
fraggfn_seh,greedy_oracle,290,290,354,1,7.323602676391602,c1ccc(-c2cccc(-c3cccc(-c4cccc(C5CCNC5)c4)c3)c2)cc1,c1ccc(-c2cccc(-c3cccc(-c4cccc(C5CNC(c6ccccn6)C5)c4)c3)c2)cc1
fraggfn_seh,greedy_oracle,291,291,355,1,7.293616771697998,c1ccc(-c2cccc(-c3cccc(-c4cccc(C5CCNC5)c4)c3)c2)cc1,O=c1nc(-c2ccccc2-c2cccc(-c3cccc(-c4cccc(C5CCNC5)c4)c3)c2)cc[nH]1
fraggfn_seh,greedy_oracle,292,292,356,1,7.2416863441467285,c1ccc(-c2cccc(-c3cccc(-c4cccc(C5CCNC5)c4)c3)c2)cc1,c1ccc(-c2cccc(-c3cccc(-c4cccc(C5CCN(c6cccnc6)C5)c4)c3)c2)cc1
fraggfn_seh,greedy_oracle,293,293,357,1,7.21376895904541,c1ccc(-c2cccc(-c3cccc(-c4cccc(C5CCNC5)c4)c3)c2)cc1,Clc1ccc(C2CCNC2)cc1-c1cccc(-c2cccc(-c3ccccc3)c2)c1
fraggfn_seh,greedy_oracle,294,294,358,1,7.163724422454834,c1ccc(-c2cccc(-c3cccc(-c4cccc(C5CCNC5)c4)c3)c2)cc1,c1ccc(-c2cccc(-c3cccc(-c4cccc(C5CNC(N6CCCC6)C5)c4)c3)c2)cc1
fraggfn_seh,greedy_oracle,295,295,359,1,7.160918712615967,c1ccc(-c2cccc(-c3cccc(-c4cccc(C5CCNC5)c4)c3)c2)cc1,C1=CC(N2CCC(c3cccc(-c4cccc(-c5cccc(-c6ccccc6)c5)c4)c3)C2)CCC1
fraggfn_seh,greedy_oracle,296,296,360,1,7.070435523986816,c1ccc(-c2cccc(-c3cccc(-c4cccc(C5CCNC5)c4)c3)c2)cc1,NCc1c(-c2cccc(-c3cccc(-c4ccccc4)c3)c2)cccc1C1CCNC1
fraggfn_seh,greedy_oracle,297,297,361,1,7.020659446716309,c1ccc(-c2cccc(-c3cccc(-c4cccc(C5CCNC5)c4)c3)c2)cc1,COc1cc(-c2cccc(-c3cccc(-c4ccccc4)c3)c2)cc(C2CCNC2)c1
fraggfn_seh,greedy_oracle,298,298,366,5,8.0462007522583,c1ccc(-c2cccc(-c3cccc(-c4cccc(C5CCNC5)c4)c3)c2)nc1,c1cc(-c2cccc(-c3cccc(-c4ccc5ccccc5c4)n3)c2)cc(-c2cccc(C3CCNC3)c2)c1
fraggfn_seh,greedy_oracle,299,299,367,1,7.669417858123779,c1ccc(-c2cccc(-c3cccc(-c4cccc(C5CCNC5)c4)c3)c2)nc1,O=c1[nH]cc(-c2ccnc(-c3cccc(-c4cccc(-c5cccc(C6CCNC6)c5)c4)c3)c2)c(=O)[nH]1
fraggfn_seh,greedy_oracle,300,300,368,1,7.6675848960876465,c1ccc(-c2cccc(-c3cccc(-c4cccc(C5CCNC5)c4)c3)c2)nc1,C1=CC(c2cccnc2-c2cccc(-c3cccc(-c4cccc(C5CCNC5)c4)c3)c2)CCC1
fraggfn_seh,greedy_oracle_static,1,1,5,5,8.15873908996582,c1ccc(C2CCC(c3cccc(-c4ccnc(-c5ccncn5)n4)c3)CO2)cc1,c1cc(-c2ccnc(-c3ccncn3)n2)cc(C2CCC(c3ccc(C4CCNC4)cc3)OC2)c1
fraggfn_seh,greedy_oracle_static,2,2,6,1,7.9642767906188965,c1ccc(C2CCC(c3cccc(-c4ccnc(-c5ccncn5)n4)c3)CO2)cc1,O=c1nc2[nH]c3ccc(-c4cc(-c5nccc(-c6cccc(C7CCC(c8ccccc8)OC7)c6)n5)ncn4)cc3nc-2c(=O)[nH]1
fraggfn_seh,greedy_oracle_static,3,3,7,1,7.919659614562988,c1ccc(C2CCC(c3cccc(-c4ccnc(-c5ccncn5)n4)c3)CO2)cc1,c1ccc(C2CCC(c3cccc(-c4ccnc(-c5ccnc(-c6ccc7ccccc7c6)n5)n4)c3)CO2)cc1
fraggfn_seh,greedy_oracle_static,4,4,8,1,7.641360282897949,c1ccc(C2CCC(c3cccc(-c4ccnc(-c5ccncn5)n4)c3)CO2)cc1,c1ccc(C2CCC(c3cccc(-c4ccnc(-c5cc(-n6cnc7cncnc76)ncn5)n4)c3)CO2)cc1
fraggfn_seh,greedy_oracle_static,5,5,9,1,7.233180522918701,c1ccc(C2CCC(c3cccc(-c4ccnc(-c5ccncn5)n4)c3)CO2)cc1,C1=CC(c2cncnc2-c2nccc(-c3cccc(C4CCC(c5ccccc5)OC4)c3)n2)CCC1
fraggfn_seh,greedy_oracle_static,6,6,10,1,7.184645652770996,c1ccc(C2CCC(c3cccc(-c4ccnc(-c5ccncn5)n4)c3)CO2)cc1,O=c1nc2n(-c3ccccc3C3CCC(c4cccc(-c5ccnc(-c6ccncn6)n5)c4)CO3)c3ccccc3nc-2c(=O)[nH]1
fraggfn_seh,greedy_oracle_static,7,7,11,1,7.167507171630859,c1ccc(C2CCC(c3cccc(-c4ccnc(-c5ccncn5)n4)c3)CO2)cc1,Cc1ccc(C2CCC(c3ccccc3)OC2)cc1-c1ccnc(-c2ccncn2)n1
fraggfn_seh,greedy_oracle_static,8,8,12,1,7.111337184906006,c1ccc(C2CCC(c3cccc(-c4ccnc(-c5ccncn5)n4)c3)CO2)cc1,COc1cc(-c2cccc(C3CCC(c4ccccc4)OC3)c2)nc(-c2ccncn2)n1
fraggfn_seh,greedy_oracle_static,9,9,17,5,8.11580753326416,c1ccc(-c2cccc(-c3cc(-c4ccc(C5CCCN5)cc4)ncn3)c2)cc1,c1cc(-c2cccc(-c3cccc4ccccc34)c2)cc(-c2cc(-c3ccc(C4CCCN4)cc3)ncn2)c1
fraggfn_seh,greedy_oracle_static,10,10,18,1,7.89398193359375,c1ccc(-c2cccc(-c3cc(-c4ccc(C5CCCN5)cc4)ncn3)c2)cc1,c1cc(-c2cccc(-n3cnc4cncnc43)c2)cc(-c2cc(-c3ccc(C4CCCN4)cc3)ncn2)c1
fraggfn_seh,greedy_oracle_static,11,11,19,1,7.80923318862915,c1ccc(-c2cccc(-c3cc(-c4ccc(C5CCCN5)cc4)ncn3)c2)cc1,Fc1c(-c2ccccc2)cccc1-c1cc(-c2ccc(C3CCCN3)cc2)ncn1
fraggfn_seh,greedy_oracle_static,12,12,20,1,7.619822978973389,c1ccc(-c2cccc(-c3cc(-c4ccc(C5CCCN5)cc4)ncn3)c2)cc1,Fc1cc(-c2cc(-c3cccc(-c4ccccc4)c3)ncn2)ccc1C1CCCN1
fraggfn_seh,greedy_oracle_static,13,13,21,1,7.56876802444458,c1ccc(-c2cccc(-c3cc(-c4ccc(C5CCCN5)cc4)ncn3)c2)cc1,O=c1nc2[nH]c3cc(-c4cccc(-c5cccc(-c6cc(-c7ccc(C8CCCN8)cc7)ncn6)c5)c4)ccc3nc-2c(=O)[nH]1
fraggfn_seh,greedy_oracle_static,14,14,22,1,7.555189609527588,c1ccc(-c2cccc(-c3cc(-c4ccc(C5CCCN5)cc4)ncn3)c2)cc1,O=c1[nH]cnc2c1ncn2-c1ccccc1-c1cccc(-c2cc(-c3ccc(C4CCCN4)cc3)ncn2)c1
fraggfn_seh,greedy_oracle_static,15,15,23,1,7.490596771240234,c1ccc(-c2cccc(-c3cc(-c4ccc(C5CCCN5)cc4)ncn3)c2)cc1,O=c1[nH]cnc2c1NC(c1cccc(-c3cccc(-c4cc(-c5ccc(C6CCCN6)cc5)ncn4)c3)c1)CN2
fraggfn_seh,greedy_oracle_static,16,16,24,1,7.474475383758545,c1ccc(-c2cccc(-c3cc(-c4ccc(C5CCCN5)cc4)ncn3)c2)cc1,c1ccc(-c2cccc(-c3cc(-c4ccc(C5CCC(c6cccc7ccccc67)N5)cc4)ncn3)c2)cc1
fraggfn_seh,greedy_oracle_static,17,17,25,1,7.439857482910156,c1ccc(-c2cccc(-c3cc(-c4ccc(C5CCCN5)cc4)ncn3)c2)cc1,c1ccc(-c2cccc(-c3cc(-c4ccc(C5CCCN5c5ccccc5)cc4)ncn3)c2)cc1
fraggfn_seh,greedy_oracle_static,18,18,26,1,7.41107177734375,c1ccc(-c2cccc(-c3cc(-c4ccc(C5CCCN5)cc4)ncn3)c2)cc1,Fc1nc(-c2ccc(C3CCCN3)cc2)cc(-c2cccc(-c3ccccc3)c2)n1
fraggfn_seh,greedy_oracle_static,19,19,27,1,7.1961989402771,c1ccc(-c2cccc(-c3cc(-c4ccc(C5CCCN5)cc4)ncn3)c2)cc1,c1ccc(-c2cccc(-c3cc(-c4ccc(C5NCCC5C5CCCC5)cc4)ncn3)c2)cc1
fraggfn_seh,greedy_oracle_static,20,20,28,1,7.044744968414307,c1ccc(-c2cccc(-c3cc(-c4ccc(C5CCCN5)cc4)ncn3)c2)cc1,O=c1[nH]cnc2c1NC(N1CCCC1c1ccc(-c3cc(-c4cccc(-c5ccccc5)c4)ncn3)cc1)CN2
fraggfn_seh,greedy_oracle_static,21,21,33,5,8.36481761932373,c1cc(-c2cc[nH]n2)cc(C2CCC(c3ccc(C4CCNC4)cc3)CO2)c1,c1cc(-c2ccn(-c3ccc4ccccc4c3)n2)cc(C2CCC(c3ccc(C4CCNC4)cc3)CO2)c1
fraggfn_seh,greedy_oracle_static,22,22,34,1,8.314837455749512,c1cc(-c2cc[nH]n2)cc(C2CCC(c3ccc(C4CCNC4)cc3)CO2)c1,O=c1nc2[nH]c3ccc(-c4cc(-c5cccc(C6CCC(c7ccc(C8CCNC8)cc7)CO6)c5)n[nH]4)cc3nc-2c(=O)[nH]1
fraggfn_seh,greedy_oracle_static,23,23,35,1,8.20389175415039,c1cc(-c2cc[nH]n2)cc(C2CCC(c3ccc(C4CCNC4)cc3)CO2)c1,c1cc(-c2cc(C3CCCN3)[nH]n2)cc(C2CCC(c3ccc(C4CCNC4)cc3)CO2)c1
fraggfn_seh,greedy_oracle_static,24,24,36,1,8.18088436126709,c1cc(-c2cc[nH]n2)cc(C2CCC(c3ccc(C4CCNC4)cc3)CO2)c1,c1cc(-c2ccn(-n3cnc4cncnc43)n2)cc(C2CCC(c3ccc(C4CCNC4)cc3)CO2)c1
fraggfn_seh,greedy_oracle_static,25,25,37,1,7.810854434967041,c1cc(-c2cc[nH]n2)cc(C2CCC(c3ccc(C4CCNC4)cc3)CO2)c1,O=c1[nH]cnc2c1NC(n1ccc(-c3cccc(C4CCC(c5ccc(C6CCNC6)cc5)CO4)c3)n1)CN2
fraggfn_seh,greedy_oracle_static,26,26,38,1,7.782534122467041,c1cc(-c2cc[nH]n2)cc(C2CCC(c3ccc(C4CCNC4)cc3)CO2)c1,c1cc(-c2n[nH]cc2-c2cccc3ccccc23)cc(C2CCC(c3ccc(C4CCNC4)cc3)CO2)c1
fraggfn_seh,greedy_oracle_static,27,27,39,1,7.7147603034973145,c1cc(-c2cc[nH]n2)cc(C2CCC(c3ccc(C4CCNC4)cc3)CO2)c1,O=c1nc2n(-c3c[nH]nc3-c3cccc(C4CCC(c5ccc(C6CCNC6)cc5)CO4)c3)c3ccccc3nc-2c(=O)[nH]1
fraggfn_seh,greedy_oracle_static,28,28,40,1,7.469967365264893,c1cc(-c2cc[nH]n2)cc(C2CCC(c3ccc(C4CCNC4)cc3)CO2)c1,O=c1nc2[nH]c3cc(N4CCC(c5ccc(C6CCC(c7cccc(-c8cc[nH]n8)c7)OC6)cc5)C4)ccc3nc-2c(=O)[nH]1
fraggfn_seh,greedy_oracle_static,29,29,41,1,7.46650505065918,c1cc(-c2cc[nH]n2)cc(C2CCC(c3ccc(C4CCNC4)cc3)CO2)c1,c1cc(-c2cc[nH]n2)cc(C2CCC(c3ccc(C4CNC(C5CCNC5)C4)cc3)CO2)c1
fraggfn_seh,greedy_oracle_static,30,30,42,1,7.42788028717041,c1cc(-c2cc[nH]n2)cc(C2CCC(c3ccc(C4CCNC4)cc3)CO2)c1,c1ccc2cc(-c3ccc(C4CCC(c5ccc(C6CCNC6)cc5)CO4)cc3-c3cc[nH]n3)ccc2c1
fraggfn_seh,greedy_oracle_static,31,31,43,1,7.391655445098877,c1cc(-c2cc[nH]n2)cc(C2CCC(c3ccc(C4CCNC4)cc3)CO2)c1,Fc1cc(-c2cc[nH]n2)cc(C2CCC(c3ccc(C4CCNC4)cc3)CO2)c1
fraggfn_seh,greedy_oracle_static,32,32,44,1,7.279090404510498,c1cc(-c2cc[nH]n2)cc(C2CCC(c3ccc(C4CCNC4)cc3)CO2)c1,FC1OC(c2cccc(-c3cc[nH]n3)c2)CCC1c1ccc(C2CCNC2)cc1
fraggfn_seh,greedy_oracle_static,33,33,45,1,7.150923252105713,c1cc(-c2cc[nH]n2)cc(C2CCC(c3ccc(C4CCNC4)cc3)CO2)c1,Clc1c(-c2cc[nH]n2)cccc1C1CCC(c2ccc(C3CCNC3)cc2)CO1
fraggfn_seh,greedy_oracle_static,34,34,50,5,8.106352806091309,c1ccc(C2CCC(c3cccc(-c4cccc(C5CCCN5)c4)c3)OC2)cc1,c1cc(-c2cccc(C3CCC(c4cccc(C5CCCN5)c4)CO3)c2)cc(C2CCCN2)c1
fraggfn_seh,greedy_oracle_static,35,35,51,1,7.822640895843506,c1ccc(C2CCC(c3cccc(-c4cccc(C5CCCN5)c4)c3)OC2)cc1,c1ccc(C2CCC(c3cccc(-c4cccc(C5CCC(C6CCNC6)N5)c4)c3)OC2)cc1
fraggfn_seh,greedy_oracle_static,36,36,52,1,7.723411560058594,c1ccc(C2CCC(c3cccc(-c4cccc(C5CCCN5)c4)c3)OC2)cc1,c1ccc(C2CCC(c3cccc(-c4cccc(C5CCCN5C5CC5)c4)c3)OC2)cc1
fraggfn_seh,greedy_oracle_static,37,37,53,1,7.719704627990723,c1ccc(C2CCC(c3cccc(-c4cccc(C5CCCN5)c4)c3)OC2)cc1,FC1OC(c2cccc(-c3cccc(C4CCCN4)c3)c2)CCC1c1ccccc1
fraggfn_seh,greedy_oracle_static,38,38,54,1,7.717075824737549,c1ccc(C2CCC(c3cccc(-c4cccc(C5CCCN5)c4)c3)OC2)cc1,c1ccc(C2CCC(c3cccc(-c4cccc(C5CC(c6ccc7ccccc7c6)CN5)c4)c3)OC2)cc1
fraggfn_seh,greedy_oracle_static,39,39,55,1,7.584798336029053,c1ccc(C2CCC(c3cccc(-c4cccc(C5CCCN5)c4)c3)OC2)cc1,O=c1[nH]cnc2c1NC(C1CNC(c3cccc(-c4cccc(C5CCC(c6ccccc6)CO5)c4)c3)C1)CN2
fraggfn_seh,greedy_oracle_static,40,40,56,1,7.509474277496338,c1ccc(C2CCC(c3cccc(-c4cccc(C5CCCN5)c4)c3)OC2)cc1,O=c1nc2[nH]c3ccc(N4CCCC4c4cccc(-c5cccc(C6CCC(c7ccccc7)CO6)c5)c4)cc3nc-2c(=O)[nH]1
fraggfn_seh,greedy_oracle_static,41,41,57,1,7.466751575469971,c1ccc(C2CCC(c3cccc(-c4cccc(C5CCCN5)c4)c3)OC2)cc1,Fc1c(-c2cccc(C3CCCN3)c2)cccc1C1CCC(c2ccccc2)CO1
fraggfn_seh,greedy_oracle_static,42,42,58,1,7.443936824798584,c1ccc(C2CCC(c3cccc(-c4cccc(C5CCCN5)c4)c3)OC2)cc1,FC1CC(c2ccccc2)COC1c1cccc(-c2cccc(C3CCCN3)c2)c1
fraggfn_seh,greedy_oracle_static,43,43,59,1,7.406729221343994,c1ccc(C2CCC(c3cccc(-c4cccc(C5CCCN5)c4)c3)OC2)cc1,O=c1[nH]c(C2CCC(c3cccc(-c4cccc(C5CCC(c6ccccc6)CO5)c4)c3)N2)nc2[nH]cnc12
fraggfn_seh,greedy_oracle_static,44,44,60,1,7.396999835968018,c1ccc(C2CCC(c3cccc(-c4cccc(C5CCCN5)c4)c3)OC2)cc1,c1ccc(C2CCC(c3cccc(-c4cccc(C5CC(n6cnc7cncnc76)CN5)c4)c3)OC2)cc1
fraggfn_seh,greedy_oracle_static,45,45,61,1,7.348408222198486,c1ccc(C2CCC(c3cccc(-c4cccc(C5CCCN5)c4)c3)OC2)cc1,c1ccc(C2COC(c3cccc(-c4cccc(C5CCCN5)c4)c3)CC2c2ccc3ccccc3c2)cc1
fraggfn_seh,greedy_oracle_static,46,46,62,1,7.299905300140381,c1ccc(C2CCC(c3cccc(-c4cccc(C5CCCN5)c4)c3)OC2)cc1,O=c1[nH]cnc2c1ncn2-c1ccccc1C1CCC(c2cccc(-c3cccc(C4CCCN4)c3)c2)OC1
fraggfn_seh,greedy_oracle_static,47,47,63,1,7.184659957885742,c1ccc(C2CCC(c3cccc(-c4cccc(C5CCCN5)c4)c3)OC2)cc1,O=c1[nH]c(-c2ccccc2C2CCC(c3cccc(-c4cccc(C5CCCN5)c4)c3)OC2)nc2c1NCCN2
fraggfn_seh,greedy_oracle_static,48,48,64,1,7.164710521697998,c1ccc(C2CCC(c3cccc(-c4cccc(C5CCCN5)c4)c3)OC2)cc1,O=c1nc2n(N3CCCC3c3cccc(-c4cccc(C5CCC(c6ccccc6)CO5)c4)c3)c3ccccc3nc-2c(=O)[nH]1
fraggfn_seh,greedy_oracle_static,49,49,65,1,7.157057762145996,c1ccc(C2CCC(c3cccc(-c4cccc(C5CCCN5)c4)c3)OC2)cc1,O=c1[nH]cnc2c1ncn2N1CCCC1c1cccc(-c2cccc(C3CCC(c4ccccc4)CO3)c2)c1
fraggfn_seh,greedy_oracle_static,50,50,66,1,7.083125591278076,c1ccc(C2CCC(c3cccc(-c4cccc(C5CCCN5)c4)c3)OC2)cc1,O=c1[nH]cnc2c1NC(C1OC(c3cccc(-c4cccc(C5CCCN5)c4)c3)CCC1c1ccccc1)CN2
fraggfn_seh,greedy_oracle_static,51,51,71,5,8.248184204101562,c1ccc(-c2cccc(C3CCC(c4cccc(C5CCNC5)c4)OC3)c2)cc1,c1cc(-c2cccc(C3CCC(c4cccc(C5CCNC5)c4)OC3)c2)cc(-c2ccc3ccccc3c2)c1
fraggfn_seh,greedy_oracle_static,52,52,72,1,8.136087417602539,c1ccc(-c2cccc(C3CCC(c4cccc(C5CCNC5)c4)OC3)c2)cc1,c1cc(-c2cccc(-n3cnc4cncnc43)c2)cc(C2CCC(c3cccc(C4CCNC4)c3)OC2)c1
fraggfn_seh,greedy_oracle_static,53,53,73,1,8.009488105773926,c1ccc(-c2cccc(C3CCC(c4cccc(C5CCNC5)c4)OC3)c2)cc1,FC1NCCC1c1cccc(C2CCC(c3cccc(-c4ccccc4)c3)CO2)c1
fraggfn_seh,greedy_oracle_static,54,54,74,1,7.90882682800293,c1ccc(-c2cccc(C3CCC(c4cccc(C5CCNC5)c4)OC3)c2)cc1,O=c1nc2[nH]c3ccc(C4CC(c5cccc(C6CCC(c7cccc(-c8ccccc8)c7)CO6)c5)CN4)cc3nc-2c(=O)[nH]1
fraggfn_seh,greedy_oracle_static,55,55,75,1,7.797243118286133,c1ccc(-c2cccc(C3CCC(c4cccc(C5CCNC5)c4)OC3)c2)cc1,c1ccc(-c2cccc(C3CCC(c4cccc(C5CCN(c6ccc7ccccc7c6)C5)c4)OC3)c2)cc1
fraggfn_seh,greedy_oracle_static,56,56,76,1,7.714157581329346,c1ccc(-c2cccc(C3CCC(c4cccc(C5CCNC5)c4)OC3)c2)cc1,Cc1ccc(C2CCNC2)cc1C1CCC(c2cccc(-c3ccccc3)c2)CO1
fraggfn_seh,greedy_oracle_static,57,57,77,1,7.704222202301025,c1ccc(-c2cccc(C3CCC(c4cccc(C5CCNC5)c4)OC3)c2)cc1,O=c1[nH]cnc2c1NC(N1CCC(c3cccc(C4CCC(c5cccc(-c6ccccc6)c5)CO4)c3)C1)CN2
fraggfn_seh,greedy_oracle_static,58,58,78,1,7.6697611808776855,c1ccc(-c2cccc(C3CCC(c4cccc(C5CCNC5)c4)OC3)c2)cc1,C1=CN(c2ccccc2-c2cccc(C3CCC(c4cccc(C5CCNC5)c4)OC3)c2)C=CC1
fraggfn_seh,greedy_oracle_static,59,59,79,1,7.665572643280029,c1ccc(-c2cccc(C3CCC(c4cccc(C5CCNC5)c4)OC3)c2)cc1,Oc1c(-c2ccccc2)cccc1C1CCC(c2cccc(C3CCNC3)c2)OC1
fraggfn_seh,greedy_oracle_static,60,60,80,1,7.606380462646484,c1ccc(-c2cccc(C3CCC(c4cccc(C5CCNC5)c4)OC3)c2)cc1,FC1OC(c2cccc(C3CCNC3)c2)CCC1c1cccc(-c2ccccc2)c1
fraggfn_seh,greedy_oracle_static,61,61,81,1,7.512963771820068,c1ccc(-c2cccc(C3CCC(c4cccc(C5CCNC5)c4)OC3)c2)cc1,O=c1[nH]cnc2c1NC(c1ccccc1-c1cccc(C3CCC(c4cccc(C5CCNC5)c4)OC3)c1)CN2
fraggfn_seh,greedy_oracle_static,62,62,82,1,7.460623264312744,c1ccc(-c2cccc(C3CCC(c4cccc(C5CCNC5)c4)OC3)c2)cc1,O=c1[nH]cnc2c1ncn2C1CC(c2cccc(C3CCC(c4cccc(-c5ccccc5)c4)CO3)c2)CN1
fraggfn_seh,greedy_oracle_static,63,63,83,1,7.3820414543151855,c1ccc(-c2cccc(C3CCC(c4cccc(C5CCNC5)c4)OC3)c2)cc1,O=c1nc2n(C3NCCC3c3cccc(C4CCC(c5cccc(-c6ccccc6)c5)CO4)c3)c3ccccc3nc-2c(=O)[nH]1
fraggfn_seh,greedy_oracle_static,64,64,84,1,7.292270183563232,c1ccc(-c2cccc(C3CCC(c4cccc(C5CCNC5)c4)OC3)c2)cc1,O=c1ncccn1N1CCC(c2cccc(C3CCC(c4cccc(-c5ccccc5)c4)CO3)c2)C1
fraggfn_seh,greedy_oracle_static,65,65,85,1,7.2633843421936035,c1ccc(-c2cccc(C3CCC(c4cccc(C5CCNC5)c4)OC3)c2)cc1,ClC1CC(c2cccc(-c3ccccc3)c2)COC1c1cccc(C2CCNC2)c1
fraggfn_seh,greedy_oracle_static,66,66,86,1,7.076581001281738,c1ccc(-c2cccc(C3CCC(c4cccc(C5CCNC5)c4)OC3)c2)cc1,O=c1ncccn1-c1ccc(C2CCC(c3cccc(C4CCNC4)c3)OC2)cc1-c1ccccc1
fraggfn_seh,greedy_oracle_static,67,67,91,5,8.154607772827148,c1ccc(-c2cc(-c3cccc(C4CCC(c5ccccc5)CO4)c3)[nH]n2)cc1,c1ccc(-c2cc(-c3cccc(C4CCC(c5cccc(C6CCNC6)c5)CO4)c3)[nH]n2)cc1
fraggfn_seh,greedy_oracle_static,68,68,92,1,7.862246036529541,c1ccc(-c2cc(-c3cccc(C4CCC(c5ccccc5)CO4)c3)[nH]n2)cc1,c1ccc(C2CCC(c3cccc(-c4cc(-c5cccc(-c6cccc7ccccc67)c5)n[nH]4)c3)OC2)cc1
fraggfn_seh,greedy_oracle_static,69,69,93,1,7.760178089141846,c1ccc(-c2cc(-c3cccc(C4CCC(c5ccccc5)CO4)c3)[nH]n2)cc1,c1ccc(C2CCC(c3cccc(-c4cc(-c5ccc(-n6cnc7cncnc76)cc5)n[nH]4)c3)OC2)cc1
fraggfn_seh,greedy_oracle_static,70,70,94,1,7.718897819519043,c1ccc(-c2cc(-c3cccc(C4CCC(c5ccccc5)CO4)c3)[nH]n2)cc1,O=c1nc2n(-c3cccc(C4CCC(c5cccc(-c6cc(-c7ccccc7)n[nH]6)c5)OC4)c3)c3ccccc3nc-2c(=O)[nH]1
fraggfn_seh,greedy_oracle_static,71,71,95,1,7.545456886291504,c1ccc(-c2cc(-c3cccc(C4CCC(c5ccccc5)CO4)c3)[nH]n2)cc1,Fn1nc(-c2ccccc2)cc1-c1cccc(C2CCC(c3ccccc3)CO2)c1
fraggfn_seh,greedy_oracle_static,72,72,96,1,7.402629375457764,c1ccc(-c2cc(-c3cccc(C4CCC(c5ccccc5)CO4)c3)[nH]n2)cc1,Cc1ccc(C2CCC(c3ccccc3)CO2)cc1-c1cc(-c2ccccc2)n[nH]1
fraggfn_seh,greedy_oracle_static,73,73,97,1,7.310189723968506,c1ccc(-c2cc(-c3cccc(C4CCC(c5ccccc5)CO4)c3)[nH]n2)cc1,Fc1c(-c2ccccc2)n[nH]c1-c1cccc(C2CCC(c3ccccc3)CO2)c1
fraggfn_seh,greedy_oracle_static,74,74,98,1,7.249556541442871,c1ccc(-c2cc(-c3cccc(C4CCC(c5ccccc5)CO4)c3)[nH]n2)cc1,c1ccc(-c2cc(-c3cccc(C4CCC(c5ccccc5)C(C5CCNC5)O4)c3)[nH]n2)cc1
fraggfn_seh,greedy_oracle_static,75,75,99,1,7.1816020011901855,c1ccc(-c2cc(-c3cccc(C4CCC(c5ccccc5)CO4)c3)[nH]n2)cc1,O=c1[nH]cnc2c1NC(c1ccccc1C1CCC(c3cccc(-c4cc(-c5ccccc5)n[nH]4)c3)OC1)CN2
fraggfn_seh,greedy_oracle_static,76,76,100,1,7.027434349060059,c1ccc(-c2cc(-c3cccc(C4CCC(c5ccccc5)CO4)c3)[nH]n2)cc1,O=c1ncccn1-c1ccccc1-c1cc(-c2cccc(C3CCC(c4ccccc4)CO3)c2)[nH]n1
fraggfn_seh,greedy_oracle_static,77,77,105,5,8.1126127243042,c1ccc(-c2cccc(-c3nccc(-c4cccc(C5CCCN5)c4)n3)c2)cc1,c1cc(-c2cccc(-c3nccc(-c4cccc(C5CCCN5)c4)n3)c2)cc(-c2ccc3ccccc3c2)c1
fraggfn_seh,greedy_oracle_static,78,78,106,1,7.840722560882568,c1ccc(-c2cccc(-c3nccc(-c4cccc(C5CCCN5)c4)n3)c2)cc1,Oc1c(-c2ccccc2)cccc1-c1nccc(-c2cccc(C3CCCN3)c2)n1
fraggfn_seh,greedy_oracle_static,79,79,107,1,7.771529674530029,c1ccc(-c2cccc(-c3nccc(-c4cccc(C5CCCN5)c4)n3)c2)cc1,c1ccc(-c2cccc(-c3nccc(-c4cccc(C5CC(c6cccc7ccccc67)CN5)c4)n3)c2)cc1
fraggfn_seh,greedy_oracle_static,80,80,108,1,7.739037990570068,c1ccc(-c2cccc(-c3nccc(-c4cccc(C5CCCN5)c4)n3)c2)cc1,c1ccc(-c2cccc(-c3nccc(-c4cccc(C5CCCN5C5CC5)c4)n3)c2)cc1
fraggfn_seh,greedy_oracle_static,81,81,109,1,7.714145660400391,c1ccc(-c2cccc(-c3nccc(-c4cccc(C5CCCN5)c4)n3)c2)cc1,Cc1ccc(C2CCCN2)cc1-c1ccnc(-c2cccc(-c3ccccc3)c2)n1
fraggfn_seh,greedy_oracle_static,82,82,110,1,7.655588150024414,c1ccc(-c2cccc(-c3nccc(-c4cccc(C5CCCN5)c4)n3)c2)cc1,Fc1cc(-c2cccc(C3CCCN3)c2)nc(-c2cccc(-c3ccccc3)c2)n1
fraggfn_seh,greedy_oracle_static,83,83,111,1,7.6400065422058105,c1ccc(-c2cccc(-c3nccc(-c4cccc(C5CCCN5)c4)n3)c2)cc1,c1cc(-c2nccc(-c3cccc(C4CCCN4)c3)n2)cc(-c2ccccc2-n2cnc3cncnc32)c1
fraggfn_seh,greedy_oracle_static,84,84,112,1,7.636223316192627,c1ccc(-c2cccc(-c3nccc(-c4cccc(C5CCCN5)c4)n3)c2)cc1,O=c1[nH]cnc2c1NC(C1CCC(c3cccc(-c4ccnc(-c5cccc(-c6ccccc6)c5)n4)c3)N1)CN2
fraggfn_seh,greedy_oracle_static,85,85,113,1,7.444911003112793,c1ccc(-c2cccc(-c3nccc(-c4cccc(C5CCCN5)c4)n3)c2)cc1,O=c1nc2[nH]c3cc(C4CCC(c5cccc(-c6ccnc(-c7cccc(-c8ccccc8)c7)n6)c5)N4)ccc3nc-2c(=O)[nH]1
fraggfn_seh,greedy_oracle_static,86,86,114,1,7.375328540802002,c1ccc(-c2cccc(-c3nccc(-c4cccc(C5CCCN5)c4)n3)c2)cc1,c1ccc(-c2cccc(-c3nccc(-c4cccc(C5CCC(n6cnc7cncnc76)N5)c4)n3)c2)cc1
fraggfn_seh,greedy_oracle_static,87,87,115,1,7.0530266761779785,c1ccc(-c2cccc(-c3nccc(-c4cccc(C5CCCN5)c4)n3)c2)cc1,N#Cc1ccc(-c2ccnc(-c3cccc(-c4ccccc4)c3)n2)cc1C1CCCN1
fraggfn_seh,greedy_oracle_static,88,88,120,5,8.306173324584961,c1ccc(C2CCC(c3cccc(-c4cc(C5CCCN5)c[nH]4)n3)OC2)cc1,c1cc(-c2cc(C3CCCN3)c[nH]2)nc(C2CCC(c3ccc(C4CCCN4)cc3)CO2)c1
fraggfn_seh,greedy_oracle_static,89,89,121,1,7.828741550445557,c1ccc(C2CCC(c3cccc(-c4cc(C5CCCN5)c[nH]4)n3)OC2)cc1,O=c1nc2[nH]c3cc(C4CCC(c5c[nH]c(-c6cccc(C7CCC(c8ccccc8)CO7)n6)c5)N4)ccc3nc-2c(=O)[nH]1
fraggfn_seh,greedy_oracle_static,90,90,122,1,7.737547397613525,c1ccc(C2CCC(c3cccc(-c4cc(C5CCCN5)c[nH]4)n3)OC2)cc1,O=c1nc2n(-c3ccccc3C3CCC(c4cccc(-c5cc(C6CCCN6)c[nH]5)n4)OC3)c3ccccc3nc-2c(=O)[nH]1
fraggfn_seh,greedy_oracle_static,91,91,123,1,7.7035322189331055,c1ccc(C2CCC(c3cccc(-c4cc(C5CCCN5)c[nH]4)n3)OC2)cc1,c1ccc(C2CCC(c3cccc(-c4cc(C5CCCN5C5CC5)c[nH]4)n3)OC2)cc1
fraggfn_seh,greedy_oracle_static,92,92,124,1,7.522252559661865,c1ccc(C2CCC(c3cccc(-c4cc(C5CCCN5)c[nH]4)n3)OC2)cc1,O=c1[nH]cnc2c1NC(C1CCC(c3c[nH]c(-c4cccc(C5CCC(c6ccccc6)CO5)n4)c3)N1)CN2
fraggfn_seh,greedy_oracle_static,93,93,125,1,7.444420337677002,c1ccc(C2CCC(c3cccc(-c4cc(C5CCCN5)c[nH]4)n3)OC2)cc1,c1ccc(C2CCC(c3cccc(-c4cc(C5CCCN5)c[nH]4)n3)OC2c2cccc3ccccc23)cc1
fraggfn_seh,greedy_oracle_static,94,94,126,1,7.381129741668701,c1ccc(C2CCC(c3cccc(-c4cc(C5CCCN5)c[nH]4)n3)OC2)cc1,c1ccc(C2CCC(c3cccc(-c4cc(C5CC(c6ncnc7[nH]cnc67)CN5)c[nH]4)n3)OC2)cc1
fraggfn_seh,greedy_oracle_static,95,95,127,1,7.375725269317627,c1ccc(C2CCC(c3cccc(-c4cc(C5CCCN5)c[nH]4)n3)OC2)cc1,c1ccc(C2CCC(c3cccc(-c4cc(C5CCC(n6cnc7cncnc76)N5)c[nH]4)n3)OC2)cc1
fraggfn_seh,greedy_oracle_static,96,96,128,1,7.292104244232178,c1ccc(C2CCC(c3cccc(-c4cc(C5CCCN5)c[nH]4)n3)OC2)cc1,c1ccc(C2COC(c3cccc(-c4cc(C5CCCN5)c[nH]4)n3)C(c3ccc4ccccc4c3)C2)cc1
fraggfn_seh,greedy_oracle_static,97,97,129,1,7.066379070281982,c1ccc(C2CCC(c3cccc(-c4cc(C5CCCN5)c[nH]4)n3)OC2)cc1,O=c1[nH]c(C2CC(c3cccc(-c4cc(C5CCCN5)c[nH]4)n3)OCC2c2ccccc2)nc2[nH]cnc12
fraggfn_seh,greedy_oracle_static,98,98,134,5,8.0806245803833,c1cc(-c2ccc(C3CCCN3)cc2)cc(-c2cccc(C3CCCOC3)c2)c1,c1cc(-c2ccc(C3CCCN3)cc2)cc(-c2cccc(C3CCC(c4cccc5ccccc45)OC3)c2)c1
fraggfn_seh,greedy_oracle_static,99,99,135,1,7.972506046295166,c1cc(-c2ccc(C3CCCN3)cc2)cc(-c2cccc(C3CCCOC3)c2)c1,c1cc(-c2ccc(C3CCCN3)cc2)cc(-c2cccc(C3CCC(n4cnc5cncnc54)OC3)c2)c1
fraggfn_seh,greedy_oracle_static,100,100,136,1,7.681467533111572,c1cc(-c2ccc(C3CCCN3)cc2)cc(-c2cccc(C3CCCOC3)c2)c1,c1cc(-c2ccc(C3CCCN3)cc2)cc(-c2cccc(C3CCCOC3c3ccc4ccccc4c3)c2)c1
fraggfn_seh,greedy_oracle_static,101,101,137,1,7.632162570953369,c1cc(-c2ccc(C3CCCN3)cc2)cc(-c2cccc(C3CCCOC3)c2)c1,c1cc(-c2ccc(C3CCCN3)cc2)cc(-c2cccc(C3COCC(c4c[nH]c5ccccc45)C3)c2)c1
fraggfn_seh,greedy_oracle_static,102,102,138,1,7.381765365600586,c1cc(-c2ccc(C3CCCN3)cc2)cc(-c2cccc(C3CCCOC3)c2)c1,O=c1[nH]cnc2c1ncn2C1COCC(c2cccc(-c3cccc(-c4ccc(C5CCCN5)cc4)c3)c2)C1
fraggfn_seh,greedy_oracle_static,103,103,139,1,7.364033222198486,c1cc(-c2ccc(C3CCCN3)cc2)cc(-c2cccc(C3CCCOC3)c2)c1,c1cc(-c2ccc(C3CCCN3)cc2)cc(-c2cccc(C3COCCC3C3CCNC3)c2)c1
fraggfn_seh,greedy_oracle_static,104,104,140,1,7.34126615524292,c1cc(-c2ccc(C3CCCN3)cc2)cc(-c2cccc(C3CCCOC3)c2)c1,Oc1c(-c2cccc(-c3ccc(C4CCCN4)cc3)c2)cccc1C1CCCOC1
fraggfn_seh,greedy_oracle_static,105,105,141,1,7.2903618812561035,c1cc(-c2ccc(C3CCCN3)cc2)cc(-c2cccc(C3CCCOC3)c2)c1,O=c1[nH]c(C2CCOCC2c2cccc(-c3cccc(-c4ccc(C5CCCN5)cc4)c3)c2)nc2[nH]cnc12
fraggfn_seh,greedy_oracle_static,106,106,142,1,7.158654689788818,c1cc(-c2ccc(C3CCCN3)cc2)cc(-c2cccc(C3CCCOC3)c2)c1,O=c1ccn(C2OCCCC2c2cccc(-c3cccc(-c4ccc(C5CCCN5)cc4)c3)c2)c(=O)[nH]1
fraggfn_seh,greedy_oracle_static,107,107,147,5,8.019670486450195,c1ccc(-c2cccc(-c3cccc(-c4ccnc(C5CCCN5)c4)c3)c2)cc1,c1cc(-c2cccc(-c3ccnc(C4CCCN4)c3)c2)cc(-c2cccc(-c3c[nH]c4ccccc34)c2)c1
fraggfn_seh,greedy_oracle_static,108,108,148,1,7.852773189544678,c1ccc(-c2cccc(-c3cccc(-c4ccnc(C5CCCN5)c4)c3)c2)cc1,O=c1[nH]c(-c2cccc(-c3cccc(-c4cccc(-c5ccnc(C6CCCN6)c5)c4)c3)c2)nc2[nH]cnc12
fraggfn_seh,greedy_oracle_static,109,109,149,1,7.805920124053955,c1ccc(-c2cccc(-c3cccc(-c4ccnc(C5CCCN5)c4)c3)c2)cc1,C1=CN(c2cccc(-c3cccc(-c4cccc(-c5ccnc(C6CCCN6)c5)c4)c3)c2)C=CC1
fraggfn_seh,greedy_oracle_static,110,110,150,1,7.63561487197876,c1ccc(-c2cccc(-c3cccc(-c4ccnc(C5CCCN5)c4)c3)c2)cc1,c1ccc(-c2cccc(-c3cccc(-c4ccnc(C5NCCC5C5CCNC5)c4)c3)c2)cc1
fraggfn_seh,greedy_oracle_static,111,111,151,1,7.603914737701416,c1ccc(-c2cccc(-c3cccc(-c4ccnc(C5CCCN5)c4)c3)c2)cc1,c1ccc(-c2cccc(-c3cccc(-c4ccnc(C5CCC(c6ccc7ccccc7c6)N5)c4)c3)c2)cc1
fraggfn_seh,greedy_oracle_static,112,112,152,1,7.587803840637207,c1ccc(-c2cccc(-c3cccc(-c4ccnc(C5CCCN5)c4)c3)c2)cc1,c1ccc(-c2cccc(-c3cccc(-c4ccnc(C5CCCN5C5CC5)c4)c3)c2)cc1
fraggfn_seh,greedy_oracle_static,113,113,153,1,7.481469631195068,c1ccc(-c2cccc(-c3cccc(-c4ccnc(C5CCCN5)c4)c3)c2)cc1,c1cc(-c2cccc(-c3ccnc(C4CCCN4)c3)c2)cc(-c2cccc(C3CCCCO3)c2)c1
fraggfn_seh,greedy_oracle_static,114,114,154,1,7.426705360412598,c1ccc(-c2cccc(-c3cccc(-c4ccnc(C5CCCN5)c4)c3)c2)cc1,O=c1ccn(-c2ccccc2-c2cccc(-c3cccc(-c4ccnc(C5CCCN5)c4)c3)c2)c(=O)[nH]1
fraggfn_seh,greedy_oracle_static,115,115,155,1,7.406408786773682,c1ccc(-c2cccc(-c3cccc(-c4ccnc(C5CCCN5)c4)c3)c2)cc1,Fc1c(-c2cccc(-c3cccc(-c4ccccc4)c3)c2)ccnc1C1CCCN1
fraggfn_seh,greedy_oracle_static,116,116,156,1,7.398601531982422,c1ccc(-c2cccc(-c3cccc(-c4ccnc(C5CCCN5)c4)c3)c2)cc1,c1ccc(-c2cccc(-c3cccc(-c4ccnc(C5NCCC5c5cccc6ccccc56)c4)c3)c2)cc1
fraggfn_seh,greedy_oracle_static,117,117,157,1,7.366481304168701,c1ccc(-c2cccc(-c3cccc(-c4ccnc(C5CCCN5)c4)c3)c2)cc1,Cc1cnc(C2CCCN2)cc1-c1cccc(-c2cccc(-c3ccccc3)c2)c1
fraggfn_seh,greedy_oracle_static,118,118,158,1,7.35235071182251,c1ccc(-c2cccc(-c3cccc(-c4ccnc(C5CCCN5)c4)c3)c2)cc1,C1=CC(C2CCC(c3cc(-c4cccc(-c5cccc(-c6ccccc6)c5)c4)ccn3)N2)CCC1
fraggfn_seh,greedy_oracle_static,119,119,159,1,7.271463394165039,c1ccc(-c2cccc(-c3cccc(-c4ccnc(C5CCCN5)c4)c3)c2)cc1,O=c1[nH]c(N2CCCC2c2cc(-c3cccc(-c4cccc(-c5ccccc5)c4)c3)ccn2)nc2c1NCCN2
fraggfn_seh,greedy_oracle_static,120,120,160,1,7.269729137420654,c1ccc(-c2cccc(-c3cccc(-c4ccnc(C5CCCN5)c4)c3)c2)cc1,c1ccc(-c2cccc(-c3cccc(-c4ccnc(C5CCCN5c5c[nH]c6ccccc56)c4)c3)c2)cc1
fraggfn_seh,greedy_oracle_static,121,121,161,1,7.217329502105713,c1ccc(-c2cccc(-c3cccc(-c4ccnc(C5CCCN5)c4)c3)c2)cc1,O=c1nc2[nH]c3cc(N4CCCC4c4cc(-c5cccc(-c6cccc(-c7ccccc7)c6)c5)ccn4)ccc3nc-2c(=O)[nH]1
fraggfn_seh,greedy_oracle_static,122,122,162,1,7.206576824188232,c1ccc(-c2cccc(-c3cccc(-c4ccnc(C5CCCN5)c4)c3)c2)cc1,NC(=O)c1ccc(-c2cccc(-c3ccnc(C4CCCN4)c3)c2)cc1-c1ccccc1
fraggfn_seh,greedy_oracle_static,123,123,163,1,7.185792922973633,c1ccc(-c2cccc(-c3cccc(-c4ccnc(C5CCCN5)c4)c3)c2)cc1,c1cc(-c2ccc(-n3cnc4cncnc43)cc2)cc(-c2cccc(-c3ccnc(C4CCCN4)c3)c2)c1
fraggfn_seh,greedy_oracle_static,124,124,164,1,7.168160438537598,c1ccc(-c2cccc(-c3cccc(-c4ccnc(C5CCCN5)c4)c3)c2)cc1,c1ccc(-c2cccc(-c3cccc(-c4ccnc(C5CCCN5n5cnc6cncnc65)c4)c3)c2)cc1
fraggfn_seh,greedy_oracle_static,125,125,165,1,7.122592449188232,c1ccc(-c2cccc(-c3cccc(-c4ccnc(C5CCCN5)c4)c3)c2)cc1,c1ccc(-c2cccc(-c3cccc(-c4ccnc(C5NCCC5n5cnc6cncnc65)c4)c3)c2)cc1
fraggfn_seh,greedy_oracle_static,126,126,166,1,7.106525897979736,c1ccc(-c2cccc(-c3cccc(-c4ccnc(C5CCCN5)c4)c3)c2)cc1,c1ccc(-c2cccc(-c3cccc(-c4ccnc(C5CCC(N6CCNCC6)N5)c4)c3)c2)cc1
fraggfn_seh,greedy_oracle_static,127,127,171,5,8.243354797363281,c1cc(C2CCC(c3ccc(C4CCCN4)cc3)OC2)cc(C2CCCCO2)c1,O=c1nc2[nH]c3cc(C4CCC(c5cccc(C6CCC(c7ccc(C8CCCN8)cc7)OC6)c5)OC4)ccc3nc-2c(=O)[nH]1
fraggfn_seh,greedy_oracle_static,128,128,172,1,8.128300666809082,c1cc(C2CCC(c3ccc(C4CCCN4)cc3)OC2)cc(C2CCCCO2)c1,c1cc(C2CCC(c3ccc(C4CCCN4)cc3)OC2)cc(C2CC(c3ccc4ccccc4c3)CCO2)c1
fraggfn_seh,greedy_oracle_static,129,129,173,1,8.0821533203125,c1cc(C2CCC(c3ccc(C4CCCN4)cc3)OC2)cc(C2CCCCO2)c1,c1cc(C2CCC(c3ccc(C4CCCN4)cc3)OC2)cc(C2CCCC(C3CCNC3)O2)c1
fraggfn_seh,greedy_oracle_static,130,130,174,1,7.934952259063721,c1cc(C2CCC(c3ccc(C4CCCN4)cc3)OC2)cc(C2CCCCO2)c1,c1cc(C2CCC(c3ccc(C4CCCN4)cc3)OC2)cc(C2CCC(c3ncnc4[nH]cnc34)CO2)c1
fraggfn_seh,greedy_oracle_static,131,131,175,1,7.739280700683594,c1cc(C2CCC(c3ccc(C4CCCN4)cc3)OC2)cc(C2CCCCO2)c1,O=c1[nH]cnc2c1NC(C1CCOC(c3cccc(C4CCC(c5ccc(C6CCCN6)cc5)OC4)c3)C1)CN2
fraggfn_seh,greedy_oracle_static,132,132,176,1,7.6990838050842285,c1cc(C2CCC(c3ccc(C4CCCN4)cc3)OC2)cc(C2CCCCO2)c1,c1cc(C2CCC(c3ccc(C4CCCN4)cc3)OC2)cc(C2CC(n3cnc4cncnc43)CCO2)c1
fraggfn_seh,greedy_oracle_static,133,133,177,1,7.539707660675049,c1cc(C2CCC(c3ccc(C4CCCN4)cc3)OC2)cc(C2CCCCO2)c1,C1=CNC=C(C2CCCOC2c2cccc(C3CCC(c4ccc(C5CCCN5)cc4)OC3)c2)C1
fraggfn_seh,greedy_oracle_static,134,134,178,1,7.440700054168701,c1cc(C2CCC(c3ccc(C4CCCN4)cc3)OC2)cc(C2CCCCO2)c1,Clc1cc(C2CCC(c3ccc(C4CCCN4)cc3)OC2)cc(C2CCCCO2)c1
fraggfn_seh,greedy_oracle_static,135,135,179,1,7.314965724945068,c1cc(C2CCC(c3ccc(C4CCCN4)cc3)OC2)cc(C2CCCCO2)c1,c1ccc2cc(-c3ccc(C4CCC(c5ccc(C6CCCN6)cc5)OC4)cc3C3CCCCO3)ccc2c1
fraggfn_seh,greedy_oracle_static,136,136,180,1,7.218082904815674,c1cc(C2CCC(c3ccc(C4CCCN4)cc3)OC2)cc(C2CCCCO2)c1,O=c1[nH]cnc2c1ncn2C1CCCOC1c1cccc(C2CCC(c3ccc(C4CCCN4)cc3)OC2)c1
fraggfn_seh,greedy_oracle_static,137,137,181,1,7.212133407592773,c1cc(C2CCC(c3ccc(C4CCCN4)cc3)OC2)cc(C2CCCCO2)c1,c1cc(C2CCC(c3ccc(C4CC(c5cccc6ccccc56)CN4)cc3)OC2)cc(C2CCCCO2)c1
fraggfn_seh,greedy_oracle_static,138,138,182,1,7.197696685791016,c1cc(C2CCC(c3ccc(C4CCCN4)cc3)OC2)cc(C2CCCCO2)c1,Fc1cc(C2CCC(c3cccc(C4CCCCO4)c3)CO2)ccc1C1CCCN1
fraggfn_seh,greedy_oracle_static,139,139,183,1,7.128472805023193,c1cc(C2CCC(c3ccc(C4CCCN4)cc3)OC2)cc(C2CCCCO2)c1,c1cc(C2CCC(c3ccc(C4CCC(C5CCCNC5)N4)cc3)OC2)cc(C2CCCCO2)c1
fraggfn_seh,greedy_oracle_static,140,140,184,1,7.061584949493408,c1cc(C2CCC(c3ccc(C4CCCN4)cc3)OC2)cc(C2CCCCO2)c1,c1cc(C2CCC(c3ccc(C4CCCN4)cc3)OC2)c(C2CCNC2)c(C2CCCCO2)c1
fraggfn_seh,greedy_oracle_static,141,141,185,1,7.014980792999268,c1cc(C2CCC(c3ccc(C4CCCN4)cc3)OC2)cc(C2CCCCO2)c1,c1cc(C2CCC(c3ccc(C4CCCN4C4CC4)cc3)OC2)cc(C2CCCCO2)c1
fraggfn_seh,greedy_oracle_static,142,142,190,5,8.016205787658691,c1ccc(-c2cccc(-c3cccc(-c4cccc(C5CCCN5)c4)c3)c2)cc1,c1cc(-c2cccc(-c3ccccc3C3CCNC3)c2)cc(-c2cccc(C3CCCN3)c2)c1
fraggfn_seh,greedy_oracle_static,143,143,191,1,7.990368843078613,c1ccc(-c2cccc(-c3cccc(-c4cccc(C5CCCN5)c4)c3)c2)cc1,c1cc(-c2cncnc2)cc(-c2cccc(-c3cccc(-c4cccc(C5CCCN5)c4)c3)c2)c1
fraggfn_seh,greedy_oracle_static,144,144,192,1,7.7146477699279785,c1ccc(-c2cccc(-c3cccc(-c4cccc(C5CCCN5)c4)c3)c2)cc1,O=c1nc2[nH]c3ccc(-c4cccc(-c5cccc(-c6cccc(-c7cccc(C8CCCN8)c7)c6)c5)c4)cc3nc-2c(=O)[nH]1
fraggfn_seh,greedy_oracle_static,145,145,193,1,7.629642009735107,c1ccc(-c2cccc(-c3cccc(-c4cccc(C5CCCN5)c4)c3)c2)cc1,O=c1ncccn1-c1cccc(-c2cccc(-c3cccc(-c4cccc(C5CCCN5)c4)c3)c2)c1
fraggfn_seh,greedy_oracle_static,146,146,194,1,7.603429317474365,c1ccc(-c2cccc(-c3cccc(-c4cccc(C5CCCN5)c4)c3)c2)cc1,c1ccc(-c2cccc(-c3cccc(-c4cccc(C5CCC(c6ccccc6)N5)c4)c3)c2)cc1
fraggfn_seh,greedy_oracle_static,147,147,195,1,7.5628156661987305,c1ccc(-c2cccc(-c3cccc(-c4cccc(C5CCCN5)c4)c3)c2)cc1,C1=CNC=C(N2CCCC2c2cccc(-c3cccc(-c4cccc(-c5ccccc5)c4)c3)c2)C1
fraggfn_seh,greedy_oracle_static,148,148,196,1,7.540607929229736,c1ccc(-c2cccc(-c3cccc(-c4cccc(C5CCCN5)c4)c3)c2)cc1,c1ccc(-c2cccc(-c3cccc(-c4cccc(C5CC(C6CCCN6)CN5)c4)c3)c2)cc1
fraggfn_seh,greedy_oracle_static,149,149,197,1,7.467478275299072,c1ccc(-c2cccc(-c3cccc(-c4cccc(C5CCCN5)c4)c3)c2)cc1,c1cc(-c2ccc(-c3ncnc4[nH]cnc34)cc2)cc(-c2cccc(-c3cccc(C4CCCN4)c3)c2)c1
fraggfn_seh,greedy_oracle_static,150,150,198,1,7.448154926300049,c1ccc(-c2cccc(-c3cccc(-c4cccc(C5CCCN5)c4)c3)c2)cc1,Clc1ccc(-c2ccccc2)cc1-c1cccc(-c2cccc(C3CCCN3)c2)c1
fraggfn_seh,greedy_oracle_static,151,151,199,1,7.437257766723633,c1ccc(-c2cccc(-c3cccc(-c4cccc(C5CCCN5)c4)c3)c2)cc1,c1ccc(-c2cccc(-c3cccc(-c4cccc(C5CCCN5C5CCCN5)c4)c3)c2)cc1
fraggfn_seh,greedy_oracle_static,152,152,200,1,7.4030866622924805,c1ccc(-c2cccc(-c3cccc(-c4cccc(C5CCCN5)c4)c3)c2)cc1,c1ccc(-c2cccc(-c3cccc(-c4cccc(C5CC(c6c[nH]c7ccccc67)CN5)c4)c3)c2)cc1
fraggfn_seh,greedy_oracle_static,153,153,201,1,7.31160831451416,c1ccc(-c2cccc(-c3cccc(-c4cccc(C5CCCN5)c4)c3)c2)cc1,Cc1cc(-c2cccc(-c3cccc(-c4ccccc4)c3)c2)cc(C2CCCN2)c1
fraggfn_seh,greedy_oracle_static,154,154,202,1,7.289188861846924,c1ccc(-c2cccc(-c3cccc(-c4cccc(C5CCCN5)c4)c3)c2)cc1,C1=CN(C2CNC(c3cccc(-c4cccc(-c5cccc(-c6ccccc6)c5)c4)c3)C2)C=CC1
fraggfn_seh,greedy_oracle_static,155,155,203,1,7.2709856033325195,c1ccc(-c2cccc(-c3cccc(-c4cccc(C5CCCN5)c4)c3)c2)cc1,Oc1c(-c2cccc(-c3cccc(-c4ccccc4)c3)c2)cccc1C1CCCN1
fraggfn_seh,greedy_oracle_static,156,156,204,1,7.178240776062012,c1ccc(-c2cccc(-c3cccc(-c4cccc(C5CCCN5)c4)c3)c2)cc1,O=c1[nH]c(C2CNC(c3cccc(-c4cccc(-c5cccc(-c6ccccc6)c5)c4)c3)C2)nc2[nH]cnc12
fraggfn_seh,greedy_oracle_static,157,157,205,1,7.160116672515869,c1ccc(-c2cccc(-c3cccc(-c4cccc(C5CCCN5)c4)c3)c2)cc1,O=c1[nH]c(N2CCCC2c2cccc(-c3cccc(-c4cccc(-c5ccccc5)c4)c3)c2)nc2[nH]cnc12
fraggfn_seh,greedy_oracle_static,158,158,206,1,7.077670574188232,c1ccc(-c2cccc(-c3cccc(-c4cccc(C5CCCN5)c4)c3)c2)cc1,O=c1[nH]cnc2c1ncn2C1CNC(c2cccc(-c3cccc(-c4cccc(-c5ccccc5)c4)c3)c2)C1
fraggfn_seh,greedy_oracle_static,159,159,207,1,7.031688213348389,c1ccc(-c2cccc(-c3cccc(-c4cccc(C5CCCN5)c4)c3)c2)cc1,C1=CN(N2CCCC2c2cccc(-c3cccc(-c4cccc(-c5ccccc5)c4)c3)c2)C=CC1
fraggfn_seh,greedy_oracle_static,160,160,212,5,7.672893524169922,c1ccc(-c2cccc(C3CCC(c4cccc(-c5ccccc5)c4)OC3)c2)cc1,c1ccc(-c2cccc(C3CCC(c4cccc(-c5cccc(-c6c[nH]c7ccccc67)c5)c4)CO3)c2)cc1
fraggfn_seh,greedy_oracle_static,161,161,213,1,7.445690631866455,c1ccc(-c2cccc(C3CCC(c4cccc(-c5ccccc5)c4)OC3)c2)cc1,Cc1cc(-c2ccccc2)cc(C2CCC(c3cccc(-c4ccccc4)c3)OC2)c1
fraggfn_seh,greedy_oracle_static,162,162,214,1,7.381138324737549,c1ccc(-c2cccc(C3CCC(c4cccc(-c5ccccc5)c4)OC3)c2)cc1,c1ccc(-c2cccc(C3CCC(c4cccc(-c5ccc(-c6ncnc7[nH]cnc67)cc5)c4)CO3)c2)cc1
fraggfn_seh,greedy_oracle_static,163,163,215,1,7.283183574676514,c1ccc(-c2cccc(C3CCC(c4cccc(-c5ccccc5)c4)OC3)c2)cc1,c1ccc(-c2cccc(C3CCC(c4cccc(-c5ccccc5-c5ccccn5)c4)CO3)c2)cc1
fraggfn_seh,greedy_oracle_static,164,164,216,1,7.194948196411133,c1ccc(-c2cccc(C3CCC(c4cccc(-c5ccccc5)c4)OC3)c2)cc1,Oc1c(-c2ccccc2)cccc1C1CCC(c2cccc(-c3ccccc3)c2)CO1
fraggfn_seh,greedy_oracle_static,165,165,217,1,7.084919452667236,c1ccc(-c2cccc(C3CCC(c4cccc(-c5ccccc5)c4)OC3)c2)cc1,c1ccc(-c2cccc(C3CCC(c4ccc(-c5cncnc5)c(-c5ccccc5)c4)OC3)c2)cc1
fraggfn_seh,greedy_oracle_static,166,166,218,1,7.030063152313232,c1ccc(-c2cccc(C3CCC(c4cccc(-c5ccccc5)c4)OC3)c2)cc1,c1ccc(-c2cccc(C3CCC(c4ccc(C5CCNCC5)c(-c5ccccc5)c4)CO3)c2)cc1
fraggfn_seh,greedy_oracle_static,167,167,223,5,8.159796714782715,O=C(NCc1ccc(-c2ccccc2)cn1)c1cc(-c2ccccc2)[nH]n1,O=C(NCc1ccc(-c2ccccc2)cn1)c1cc(-c2cccc(C3CCNC3)c2)[nH]n1
fraggfn_seh,greedy_oracle_static,168,168,224,1,7.974294185638428,O=C(NCc1ccc(-c2ccccc2)cn1)c1cc(-c2ccccc2)[nH]n1,O=C(NCc1ccc(-c2cccc(C3=CNC=CC3)c2)cn1)c1cc(-c2ccccc2)[nH]n1
fraggfn_seh,greedy_oracle_static,169,169,225,1,7.886663436889648,O=C(NCc1ccc(-c2ccccc2)cn1)c1cc(-c2ccccc2)[nH]n1,O=C(NCc1ccc(-c2ccccc2)cn1)c1cc(-c2cccc(-c3ccc4nc5c(=O)[nH]c(=O)nc-5[nH]c4c3)c2)[nH]n1
fraggfn_seh,greedy_oracle_static,170,170,226,1,7.745348930358887,O=C(NCc1ccc(-c2ccccc2)cn1)c1cc(-c2ccccc2)[nH]n1,O=C(NCc1ccc(-c2ccccc2)cn1)c1cc(-c2ccccc2)n(C2CCCN2)n1
fraggfn_seh,greedy_oracle_static,171,171,227,1,7.739105224609375,O=C(NCc1ccc(-c2ccccc2)cn1)c1cc(-c2ccccc2)[nH]n1,O=C(NCc1ccc(-c2cccc(C3CNc4nc[nH]c(=O)c4N3)c2)cn1)c1cc(-c2ccccc2)[nH]n1
fraggfn_seh,greedy_oracle_static,172,172,228,1,7.619328498840332,O=C(NCc1ccc(-c2ccccc2)cn1)c1cc(-c2ccccc2)[nH]n1,O=C(NCc1ccc(-c2ccccc2)cn1)c1cc(-c2ccc(-c3c[nH]c4ccccc34)cc2)[nH]n1
fraggfn_seh,greedy_oracle_static,173,173,229,1,7.558990001678467,O=C(NCc1ccc(-c2ccccc2)cn1)c1cc(-c2ccccc2)[nH]n1,O=C(NCc1ccc(-c2ccccc2-c2ccc3ccccc3c2)cn1)c1cc(-c2ccccc2)[nH]n1
fraggfn_seh,greedy_oracle_static,174,174,230,1,7.516735076904297,O=C(NCc1ccc(-c2ccccc2)cn1)c1cc(-c2ccccc2)[nH]n1,O=C(NCc1ccc(-c2ccccc2)c(C2CCNC2)n1)c1cc(-c2ccccc2)[nH]n1
fraggfn_seh,greedy_oracle_static,175,175,231,1,7.311529159545898,O=C(NCc1ccc(-c2ccccc2)cn1)c1cc(-c2ccccc2)[nH]n1,O=C(NCc1ccc(-c2ccccc2)cn1)c1cc(-c2ccccc2N2C=CCC=C2)[nH]n1
fraggfn_seh,greedy_oracle_static,176,176,232,1,7.276197910308838,O=C(NCc1ccc(-c2ccccc2)cn1)c1cc(-c2ccccc2)[nH]n1,O=C(NCc1ccc(-c2ccc(-c3nc4c(c(=O)[nH]3)NCCN4)cc2)cn1)c1cc(-c2ccccc2)[nH]n1
fraggfn_seh,greedy_oracle_static,177,177,233,1,7.270474910736084,O=C(NCc1ccc(-c2ccccc2)cn1)c1cc(-c2ccccc2)[nH]n1,O=C(NCc1cc(Cl)c(-c2ccccc2)cn1)c1cc(-c2ccccc2)[nH]n1
fraggfn_seh,greedy_oracle_static,178,178,234,1,7.199436187744141,O=C(NCc1ccc(-c2ccccc2)cn1)c1cc(-c2ccccc2)[nH]n1,O=C(NCc1ccc(-c2cccc(-n3c4nc(=O)[nH]c(=O)c-4nc4ccccc43)c2)cn1)c1cc(-c2ccccc2)[nH]n1
fraggfn_seh,greedy_oracle_static,179,179,235,1,7.195770740509033,O=C(NCc1ccc(-c2ccccc2)cn1)c1cc(-c2ccccc2)[nH]n1,O=C(NCc1ccc(-c2ccccc2)cn1)c1n[nH]c(-c2ccccc2)c1F
fraggfn_seh,greedy_oracle_static,180,180,236,1,7.178783416748047,O=C(NCc1ccc(-c2ccccc2)cn1)c1cc(-c2ccccc2)[nH]n1,O=C(NCc1ccc(-c2ccccc2)cn1)c1cc(-c2ccccc2)n(-c2ccc3ccccc3c2)n1
fraggfn_seh,greedy_oracle_static,181,181,237,1,7.177890777587891,O=C(NCc1ccc(-c2ccccc2)cn1)c1cc(-c2ccccc2)[nH]n1,O=C(NCc1ncc(-c2ccccc2)cc1F)c1cc(-c2ccccc2)[nH]n1
fraggfn_seh,greedy_oracle_static,182,182,238,1,7.0957865715026855,O=C(NCc1ccc(-c2ccccc2)cn1)c1cc(-c2ccccc2)[nH]n1,O=C(NCc1ccc(-c2ccccc2-n2cnc3c(=O)[nH]cnc32)cn1)c1cc(-c2ccccc2)[nH]n1
fraggfn_seh,greedy_oracle_static,183,183,243,5,8.237264633178711,O=C(NCc1ccccc1)c1cccc(-c2ccnc(C3CCNC3)n2)c1,O=C(NCc1ccc(C2CCCN2)cc1)c1cccc(-c2ccnc(C3CCNC3)n2)c1
fraggfn_seh,greedy_oracle_static,184,184,244,1,7.996024131774902,O=C(NCc1ccccc1)c1cccc(-c2ccnc(C3CCNC3)n2)c1,O=C(NCc1ccccc1)c1cccc(-c2ccnc(C3CCNC3F)n2)c1
fraggfn_seh,greedy_oracle_static,185,185,245,1,7.8742570877075195,O=C(NCc1ccccc1)c1cccc(-c2ccnc(C3CCNC3)n2)c1,O=C(NCc1cccc(-n2c3nc(=O)[nH]c(=O)c-3nc3ccccc32)c1)c1cccc(-c2ccnc(C3CCNC3)n2)c1
fraggfn_seh,greedy_oracle_static,186,186,246,1,7.752012252807617,O=C(NCc1ccccc1)c1cccc(-c2ccnc(C3CCNC3)n2)c1,O=C(NCc1ccccc1-c1ccc2[nH]c3nc(=O)[nH]c(=O)c-3nc2c1)c1cccc(-c2ccnc(C3CCNC3)n2)c1
fraggfn_seh,greedy_oracle_static,187,187,247,1,7.70475435256958,O=C(NCc1ccccc1)c1cccc(-c2ccnc(C3CCNC3)n2)c1,O=C(NCc1ccccc1)c1cccc(-c2ccnc(C3CCN(c4ccc5nc6c(=O)[nH]c(=O)nc-6[nH]c5c4)C3)n2)c1
fraggfn_seh,greedy_oracle_static,188,188,248,1,7.640963077545166,O=C(NCc1ccccc1)c1cccc(-c2ccnc(C3CCNC3)n2)c1,O=C(NCc1ccccc1)c1cccc(-c2nc(C3CCNC3)ncc2F)c1
fraggfn_seh,greedy_oracle_static,189,189,249,1,7.4775710105896,O=C(NCc1ccccc1)c1cccc(-c2ccnc(C3CCNC3)n2)c1,O=C(NCc1ccccc1-n1cnc2cncnc21)c1cccc(-c2ccnc(C3CCNC3)n2)c1
fraggfn_seh,greedy_oracle_static,190,190,250,1,7.468556880950928,O=C(NCc1ccccc1)c1cccc(-c2ccnc(C3CCNC3)n2)c1,O=C(NCc1ccccc1)c1cccc(-c2ccnc(C3CCN(C4CNc5nc[nH]c(=O)c5N4)C3)n2)c1
fraggfn_seh,greedy_oracle_static,191,191,251,1,7.429589748382568,O=C(NCc1ccccc1)c1cccc(-c2ccnc(C3CCNC3)n2)c1,Cc1c(C(=O)NCc2ccccc2)cccc1-c1ccnc(C2CCNC2)n1
fraggfn_seh,greedy_oracle_static,192,192,252,1,7.220887660980225,O=C(NCc1ccccc1)c1cccc(-c2ccnc(C3CCNC3)n2)c1,O=C(NCc1ccccc1)c1cccc(-c2ccnc(C3CCN(n4cnc5cncnc54)C3)n2)c1
fraggfn_seh,greedy_oracle_static,193,193,253,1,7.148894786834717,O=C(NCc1ccccc1)c1cccc(-c2ccnc(C3CCNC3)n2)c1,O=C(NCc1ccccc1)c1cccc(-c2ccnc(C3CNC(c4nc5[nH]cnc5c(=O)[nH]4)C3)n2)c1
fraggfn_seh,greedy_oracle_static,194,194,258,5,7.873641490936279,c1ccc(-c2cccc(-c3ccnc(-c4cccc(C5CCCN5)c4)n3)c2)cc1,O=c1[nH]cnc2c1ncn2-c1cccc(-c2cccc(-c3ccnc(-c4cccc(C5CCCN5)c4)n3)c2)c1
fraggfn_seh,greedy_oracle_static,195,195,259,1,7.733260154724121,c1ccc(-c2cccc(-c3ccnc(-c4cccc(C5CCCN5)c4)n3)c2)cc1,C1=CNC=C(c2ccccc2-c2cccc(-c3ccnc(-c4cccc(C5CCCN5)c4)n3)c2)C1
fraggfn_seh,greedy_oracle_static,196,196,260,1,7.659637928009033,c1ccc(-c2cccc(-c3ccnc(-c4cccc(C5CCCN5)c4)n3)c2)cc1,c1ccc(-c2cccc(-c3ccnc(-c4cccc(C5CCC(c6c[nH]c7ccccc67)N5)c4)n3)c2)cc1
fraggfn_seh,greedy_oracle_static,197,197,261,1,7.537215232849121,c1ccc(-c2cccc(-c3ccnc(-c4cccc(C5CCCN5)c4)n3)c2)cc1,c1ccc(-c2cccc(-c3ccnc(-c4cccc(C5CC(C6CCCNC6)CN5)c4)n3)c2)cc1
fraggfn_seh,greedy_oracle_static,198,198,262,1,7.262721061706543,c1ccc(-c2cccc(-c3ccnc(-c4cccc(C5CCCN5)c4)n3)c2)cc1,OCc1cc(-c2ccccc2)cc(-c2ccnc(-c3cccc(C4CCCN4)c3)n2)c1
fraggfn_seh,greedy_oracle_static,199,199,263,1,7.259928226470947,c1ccc(-c2cccc(-c3ccnc(-c4cccc(C5CCCN5)c4)n3)c2)cc1,COc1cnc(-c2cccc(C3CCCN3)c2)nc1-c1cccc(-c2ccccc2)c1
fraggfn_seh,greedy_oracle_static,200,200,264,1,7.099801540374756,c1ccc(-c2cccc(-c3ccnc(-c4cccc(C5CCCN5)c4)n3)c2)cc1,COc1cc(-c2nccc(-c3cccc(-c4ccccc4)c3)n2)cc(C2CCCN2)c1
fraggfn_seh,greedy_oracle_static,201,201,269,5,8.19404125213623,O=C(NCc1cccnc1)c1cccc(-c2cccc(C3CCCN3)c2)c1,O=C(NCc1ccc(C2CCCN2)nc1)c1cccc(-c2cccc(C3CCCN3)c2)c1
fraggfn_seh,greedy_oracle_static,202,202,270,1,7.770361423492432,O=C(NCc1cccnc1)c1cccc(-c2cccc(C3CCCN3)c2)c1,O=C(NCc1cncc(-c2ccc3nc4c(=O)[nH]c(=O)nc-4[nH]c3c2)c1)c1cccc(-c2cccc(C3CCCN3)c2)c1
fraggfn_seh,greedy_oracle_static,203,203,271,1,7.67146635055542,O=C(NCc1cccnc1)c1cccc(-c2cccc(C3CCCN3)c2)c1,O=C(NCc1cccnc1-n1c2nc(=O)[nH]c(=O)c-2nc2ccccc21)c1cccc(-c2cccc(C3CCCN3)c2)c1
fraggfn_seh,greedy_oracle_static,204,204,272,1,7.651297569274902,O=C(NCc1cccnc1)c1cccc(-c2cccc(C3CCCN3)c2)c1,O=C(NCc1cccnc1)c1cccc(-c2cccc(C3CCC(c4cccc5ccccc45)N3)c2)c1
fraggfn_seh,greedy_oracle_static,205,205,273,1,7.522700309753418,O=C(NCc1cccnc1)c1cccc(-c2cccc(C3CCCN3)c2)c1,O=C(NCc1cnccc1-c1nc2c(c(=O)[nH]1)NCCN2)c1cccc(-c2cccc(C3CCCN3)c2)c1
fraggfn_seh,greedy_oracle_static,206,206,274,1,7.458459377288818,O=C(NCc1cccnc1)c1cccc(-c2cccc(C3CCCN3)c2)c1,Cc1ccc(C2CCCN2)cc1-c1cccc(C(=O)NCc2cccnc2)c1
fraggfn_seh,greedy_oracle_static,207,207,275,1,7.439018726348877,O=C(NCc1cccnc1)c1cccc(-c2cccc(C3CCCN3)c2)c1,O=C(NCc1cccnc1C1CNc2nc[nH]c(=O)c2N1)c1cccc(-c2cccc(C3CCCN3)c2)c1
fraggfn_seh,greedy_oracle_static,208,208,276,1,7.419047832489014,O=C(NCc1cccnc1)c1cccc(-c2cccc(C3CCCN3)c2)c1,O=C(NCc1cccnc1)c1cccc(-c2cccc(C3CC(c4ccc5[nH]c6nc(=O)[nH]c(=O)c-6nc5c4)CN3)c2)c1
fraggfn_seh,greedy_oracle_static,209,209,277,1,7.379817008972168,O=C(NCc1cccnc1)c1cccc(-c2cccc(C3CCCN3)c2)c1,O=C(NCc1cnccc1-n1cnc2cncnc21)c1cccc(-c2cccc(C3CCCN3)c2)c1
fraggfn_seh,greedy_oracle_static,210,210,278,1,7.301003932952881,O=C(NCc1cccnc1)c1cccc(-c2cccc(C3CCCN3)c2)c1,O=C(NCc1cccnc1)c1cccc(-c2cccc(C3CCCN3C3CCCN3)c2)c1
fraggfn_seh,greedy_oracle_static,211,211,283,5,8.140209197998047,c1ccc(-c2c[nH]c(-c3cccc(-c4cccc(C5CCNC5)c4)c3)c2)cc1,c1cc(-c2cccc(C3CCNC3)c2)cc(-c2cc(-c3cccc(-c4cccc5ccccc45)c3)c[nH]2)c1
fraggfn_seh,greedy_oracle_static,212,212,284,1,7.830329895019531,c1ccc(-c2c[nH]c(-c3cccc(-c4cccc(C5CCNC5)c4)c3)c2)cc1,Oc1c(-c2cccc(-c3cc(-c4ccccc4)c[nH]3)c2)cccc1C1CCNC1
fraggfn_seh,greedy_oracle_static,213,213,285,1,7.813416957855225,c1ccc(-c2c[nH]c(-c3cccc(-c4cccc(C5CCNC5)c4)c3)c2)cc1,O=c1[nH]cnc2c1ncn2-c1cccc(-c2c[nH]c(-c3cccc(-c4cccc(C5CCNC5)c4)c3)c2)c1
fraggfn_seh,greedy_oracle_static,214,214,286,1,7.766662120819092,c1ccc(-c2c[nH]c(-c3cccc(-c4cccc(C5CCNC5)c4)c3)c2)cc1,c1ccc(-c2c[nH]c(-c3cccc(-c4cccc(C5CNC(c6cccc7ccccc67)C5)c4)c3)c2)cc1
fraggfn_seh,greedy_oracle_static,215,215,287,1,7.689028263092041,c1ccc(-c2c[nH]c(-c3cccc(-c4cccc(C5CCNC5)c4)c3)c2)cc1,FC1NCCC1c1cccc(-c2cccc(-c3cc(-c4ccccc4)c[nH]3)c2)c1
fraggfn_seh,greedy_oracle_static,216,216,288,1,7.610675811767578,c1ccc(-c2c[nH]c(-c3cccc(-c4cccc(C5CCNC5)c4)c3)c2)cc1,c1cc(-c2cccc(C3CCNC3)c2)cc(-c2cc(-c3ccccc3-n3cnc4cncnc43)c[nH]2)c1
fraggfn_seh,greedy_oracle_static,217,217,289,1,7.6040143966674805,c1ccc(-c2c[nH]c(-c3cccc(-c4cccc(C5CCNC5)c4)c3)c2)cc1,O=c1nc2[nH]c3ccc(N4CCC(c5cccc(-c6cccc(-c7cc(-c8ccccc8)c[nH]7)c6)c5)C4)cc3nc-2c(=O)[nH]1
fraggfn_seh,greedy_oracle_static,218,218,290,1,7.5220842361450195,c1ccc(-c2c[nH]c(-c3cccc(-c4cccc(C5CCNC5)c4)c3)c2)cc1,c1cc(-c2cccc(C3CCNC3)c2)cc(-c2cc(-c3ccccc3-c3ncnc4[nH]cnc34)c[nH]2)c1
fraggfn_seh,greedy_oracle_static,219,219,291,1,7.468234539031982,c1ccc(-c2c[nH]c(-c3cccc(-c4cccc(C5CCNC5)c4)c3)c2)cc1,O=c1[nH]cnc2c1NC(C1CC(c3cccc(-c4cccc(-c5cc(-c6ccccc6)c[nH]5)c4)c3)CN1)CN2
fraggfn_seh,greedy_oracle_static,220,220,292,1,7.326816558837891,c1ccc(-c2c[nH]c(-c3cccc(-c4cccc(C5CCNC5)c4)c3)c2)cc1,C1=CN(N2CCC(c3cccc(-c4cccc(-c5cc(-c6ccccc6)c[nH]5)c4)c3)C2)C=CC1
fraggfn_seh,greedy_oracle_static,221,221,293,1,7.306839466094971,c1ccc(-c2c[nH]c(-c3cccc(-c4cccc(C5CCNC5)c4)c3)c2)cc1,Fc1ccc(-c2cccc(C3CCNC3)c2)cc1-c1cc(-c2ccccc2)c[nH]1
fraggfn_seh,greedy_oracle_static,222,222,294,1,7.215002059936523,c1ccc(-c2c[nH]c(-c3cccc(-c4cccc(C5CCNC5)c4)c3)c2)cc1,Fc1cc(-c2cccc(-c3cc(-c4ccccc4)c[nH]3)c2)cc(C2CCNC2)c1
fraggfn_seh,greedy_oracle_static,223,223,295,1,7.179112434387207,c1ccc(-c2c[nH]c(-c3cccc(-c4cccc(C5CCNC5)c4)c3)c2)cc1,c1ccc(-c2c[nH]c(-c3cccc(-c4cccc(C5CNC(n6cnc7cncnc76)C5)c4)c3)c2)cc1
fraggfn_seh,greedy_oracle_static,224,224,300,5,8.115707397460938,c1cc(-c2nccc(C3CCCOC3)n2)cc(C2COCC(C3CCNC3)C2)c1,c1cc(-c2nccc(C3CCC(c4ccc5ccccc5c4)OC3)n2)cc(C2COCC(C3CCNC3)C2)c1
fraggfn_seh,greedy_oracle_static,225,225,301,1,7.161717891693115,c1cc(-c2nccc(C3CCCOC3)n2)cc(C2COCC(C3CCNC3)C2)c1,O=c1nc2[nH]c3cc(N4CCC(C5COCC(c6cccc(-c7nccc(C8CCCOC8)n7)c6)C5)C4)ccc3nc-2c(=O)[nH]1
fraggfn_seh,greedy_oracle_static,226,226,302,1,7.155512809753418,c1cc(-c2nccc(C3CCCOC3)n2)cc(C2COCC(C3CCNC3)C2)c1,Fc1cc(C2CCCOC2)nc(-c2cccc(C3COCC(C4CCNC4)C3)c2)n1
fraggfn_seh,greedy_oracle_static,227,227,303,1,7.136351585388184,c1cc(-c2nccc(C3CCCOC3)n2)cc(C2COCC(C3CCNC3)C2)c1,c1cc(-c2nccc(C3COCCC3c3c[nH]c4ccccc34)n2)cc(C2COCC(C3CCNC3)C2)c1
fraggfn_seh,greedy_oracle_static,228,228,304,1,7.049758434295654,c1cc(-c2nccc(C3CCCOC3)n2)cc(C2COCC(C3CCNC3)C2)c1,O=c1[nH]c(C2OCCCC2c2ccnc(-c3cccc(C4COCC(C5CCNC5)C4)c3)n2)nc2[nH]cnc12
fraggfn_seh,greedy_oracle_static,229,229,309,5,8.104790687561035,O=C(NCc1ccc(C2CCCN2)nc1)c1ccc(-c2ccccc2)cc1,O=C(NCc1ccc(C2CCCN2)nc1)c1ccc(-c2cccc(-n3cnc4cncnc43)c2)cc1
fraggfn_seh,greedy_oracle_static,230,230,310,1,7.924271106719971,O=C(NCc1ccc(C2CCCN2)nc1)c1ccc(-c2ccccc2)cc1,O=C(NCc1ccc(C2CCCN2)nc1)c1ccc(-c2cccc(-c3nc4c(c(=O)[nH]3)NCCN4)c2)cc1
fraggfn_seh,greedy_oracle_static,231,231,311,1,7.864195346832275,O=C(NCc1ccc(C2CCCN2)nc1)c1ccc(-c2ccccc2)cc1,O=C(NCc1ccc(C2CCCN2)nc1)c1ccc(-c2ccccc2C2CCNC2)cc1
fraggfn_seh,greedy_oracle_static,232,232,312,1,7.862022876739502,O=C(NCc1ccc(C2CCCN2)nc1)c1ccc(-c2ccccc2)cc1,O=C(NCc1ccc(C2CC(C3CCNC3)CN2)nc1)c1ccc(-c2ccccc2)cc1
fraggfn_seh,greedy_oracle_static,233,233,313,1,7.8226470947265625,O=C(NCc1ccc(C2CCCN2)nc1)c1ccc(-c2ccccc2)cc1,O=C(NCc1ccc(C2CCC(c3ccc4[nH]c5nc(=O)[nH]c(=O)c-5nc4c3)N2)nc1)c1ccc(-c2ccccc2)cc1
fraggfn_seh,greedy_oracle_static,234,234,314,1,7.727753639221191,O=C(NCc1ccc(C2CCCN2)nc1)c1ccc(-c2ccccc2)cc1,Cc1nc(C2CCCN2)ccc1CNC(=O)c1ccc(-c2ccccc2)cc1
fraggfn_seh,greedy_oracle_static,235,235,315,1,7.680052280426025,O=C(NCc1ccc(C2CCCN2)nc1)c1ccc(-c2ccccc2)cc1,O=C(NCc1cnc(C2CCCN2)c(F)c1)c1ccc(-c2ccccc2)cc1
fraggfn_seh,greedy_oracle_static,236,236,316,1,7.677013874053955,O=C(NCc1ccc(C2CCCN2)nc1)c1ccc(-c2ccccc2)cc1,O=C(NCc1ccc(C2CCCN2C2CC2)nc1)c1ccc(-c2ccccc2)cc1
fraggfn_seh,greedy_oracle_static,237,237,317,1,7.552191257476807,O=C(NCc1ccc(C2CCCN2)nc1)c1ccc(-c2ccccc2)cc1,O=C(NCc1ccc(C2CCCN2)nc1)c1ccc(-c2ccc(-c3ncnc4[nH]cnc34)cc2)cc1
fraggfn_seh,greedy_oracle_static,238,238,318,1,7.457944393157959,O=C(NCc1ccc(C2CCCN2)nc1)c1ccc(-c2ccccc2)cc1,O=C(NCc1ccc(C2CCC(C3CNc4nc[nH]c(=O)c4N3)N2)nc1)c1ccc(-c2ccccc2)cc1
fraggfn_seh,greedy_oracle_static,239,239,319,1,7.408142566680908,O=C(NCc1ccc(C2CCCN2)nc1)c1ccc(-c2ccccc2)cc1,O=C(NCc1ccc(C2CCCN2)nc1)c1ccc(-c2ccccc2)c(C2=CNC=CC2)c1
fraggfn_seh,greedy_oracle_static,240,240,320,1,7.2820210456848145,O=C(NCc1ccc(C2CCCN2)nc1)c1ccc(-c2ccccc2)cc1,O=C(NCc1ccc(C2CCCN2n2c3nc(=O)[nH]c(=O)c-3nc3ccccc32)nc1)c1ccc(-c2ccccc2)cc1
fraggfn_seh,greedy_oracle_static,241,241,321,1,7.2771992683410645,O=C(NCc1ccc(C2CCCN2)nc1)c1ccc(-c2ccccc2)cc1,O=C(NCc1ccc(C2CCC(n3ccc(=O)[nH]c3=O)N2)nc1)c1ccc(-c2ccccc2)cc1
fraggfn_seh,greedy_oracle_static,242,242,322,1,7.096569061279297,O=C(NCc1ccc(C2CCCN2)nc1)c1ccc(-c2ccccc2)cc1,CCc1cc(-c2ccccc2)ccc1C(=O)NCc1ccc(C2CCCN2)nc1
fraggfn_seh,greedy_oracle_static,243,243,327,5,8.294120788574219,O=C(NCc1ccc(C2CCNC2)cn1)c1cccc(-c2ccccc2)c1,O=C(NCc1ccc(C2CCNC2)cn1)c1cccc(-c2cccc(-c3ccc4ccccc4c3)c2)c1
fraggfn_seh,greedy_oracle_static,244,244,328,1,8.100869178771973,O=C(NCc1ccc(C2CCNC2)cn1)c1cccc(-c2ccccc2)c1,O=C(NCc1ccc(C2CCNC2F)cn1)c1cccc(-c2ccccc2)c1
fraggfn_seh,greedy_oracle_static,245,245,329,1,7.9015374183654785,O=C(NCc1ccc(C2CCNC2)cn1)c1cccc(-c2ccccc2)c1,O=C(NCc1ccc(C2CCNC2)c(F)n1)c1cccc(-c2ccccc2)c1
fraggfn_seh,greedy_oracle_static,246,246,330,1,7.809584140777588,O=C(NCc1ccc(C2CCNC2)cn1)c1cccc(-c2ccccc2)c1,O=C(NCc1ccc(C2CCNC2)cn1)c1cc(-c2ccccc2)ccc1F
fraggfn_seh,greedy_oracle_static,247,247,331,1,7.557792663574219,O=C(NCc1ccc(C2CCNC2)cn1)c1cccc(-c2ccccc2)c1,O=C(NCc1ccc(C2CCN(c3nc4c(c(=O)[nH]3)NCCN4)C2)cn1)c1cccc(-c2ccccc2)c1
fraggfn_seh,greedy_oracle_static,248,248,332,1,7.455275535583496,O=C(NCc1ccc(C2CCNC2)cn1)c1cccc(-c2ccccc2)c1,O=C(NCc1ccc(C2CCNC2)cn1)c1ccc(-c2c[nH]c3ccccc23)c(-c2ccccc2)c1
fraggfn_seh,greedy_oracle_static,249,249,333,1,7.41001558303833,O=C(NCc1ccc(C2CCNC2)cn1)c1cccc(-c2ccccc2)c1,O=C(NCc1ccc(C2CNC(n3cnc4cncnc43)C2)cn1)c1cccc(-c2ccccc2)c1
fraggfn_seh,greedy_oracle_static,250,250,334,1,7.164825439453125,O=C(NCc1ccc(C2CCNC2)cn1)c1cccc(-c2ccccc2)c1,O=C(NCc1ccc(C2CCNC2)cn1)c1cccc(-c2ccccc2-c2ccc3nc4c(=O)[nH]c(=O)nc-4[nH]c3c2)c1
fraggfn_seh,greedy_oracle_static,251,251,335,1,7.103013038635254,O=C(NCc1ccc(C2CCNC2)cn1)c1cccc(-c2ccccc2)c1,O=C(NCc1ccc(C2CCN(n3c4nc(=O)[nH]c(=O)c-4nc4ccccc43)C2)cn1)c1cccc(-c2ccccc2)c1
fraggfn_seh,greedy_oracle_static,252,252,336,1,7.100776195526123,O=C(NCc1ccc(C2CCNC2)cn1)c1cccc(-c2ccccc2)c1,O=C(NCc1ccc(C2CCNC2)cn1)c1cccc(-c2ccccc2)c1-n1c2nc(=O)[nH]c(=O)c-2nc2ccccc21
fraggfn_seh,greedy_oracle_static,253,253,341,5,7.840857982635498,c1ccc(-c2cccc(-c3cccc(-c4cccc(C5CCNC5)c4)c3)c2)cc1,c1cncc(-c2cccc(-c3cccc(-c4cccc(-c5cccc(C6CCNC6)c5)c4)c3)c2)c1
fraggfn_seh,greedy_oracle_static,254,254,342,1,7.755041599273682,c1ccc(-c2cccc(-c3cccc(-c4cccc(C5CCNC5)c4)c3)c2)cc1,NC1NCCC1c1cccc(-c2cccc(-c3cccc(-c4ccccc4)c3)c2)c1
fraggfn_seh,greedy_oracle_static,255,255,343,1,7.748287677764893,c1ccc(-c2cccc(-c3cccc(-c4cccc(C5CCNC5)c4)c3)c2)cc1,Fc1c(-c2ccccc2)cccc1-c1cccc(-c2cccc(C3CCNC3)c2)c1
fraggfn_seh,greedy_oracle_static,256,256,344,1,7.619091987609863,c1ccc(-c2cccc(-c3cccc(-c4cccc(C5CCNC5)c4)c3)c2)cc1,Cc1c(-c2cccc(-c3cccc(-c4ccccc4)c3)c2)cccc1C1CCNC1
fraggfn_seh,greedy_oracle_static,257,257,345,1,7.600172519683838,c1ccc(-c2cccc(-c3cccc(-c4cccc(C5CCNC5)c4)c3)c2)cc1,c1cc(-c2cccc(-c3ccccc3-c3c[nH]c4ccccc34)c2)cc(-c2cccc(C3CCNC3)c2)c1
fraggfn_seh,greedy_oracle_static,258,258,346,1,7.504920482635498,c1ccc(-c2cccc(-c3cccc(-c4cccc(C5CCNC5)c4)c3)c2)cc1,c1ccc(-c2cccc(-c3cccc(-c4cccc(C5CCN(C6CCNC6)C5)c4)c3)c2)cc1
fraggfn_seh,greedy_oracle_static,259,259,347,1,7.491501808166504,c1ccc(-c2cccc(-c3cccc(-c4cccc(C5CCNC5)c4)c3)c2)cc1,c1ccc(-c2cccc(-c3cccc(-c4cccc(C5CNC(C6CCCNC6)C5)c4)c3)c2)cc1
fraggfn_seh,greedy_oracle_static,260,260,348,1,7.406728267669678,c1ccc(-c2cccc(-c3cccc(-c4cccc(C5CCNC5)c4)c3)c2)cc1,c1ccc(-c2cccc(-c3cccc(-c4cccc(C5CNC(c6ccncc6)C5)c4)c3)c2)cc1
fraggfn_seh,greedy_oracle_static,261,261,349,1,7.397441387176514,c1ccc(-c2cccc(-c3cccc(-c4cccc(C5CCNC5)c4)c3)c2)cc1,c1ccc(-c2cccc(-c3cccc(-c4cccc(C5CCN(c6cccc7ccccc67)C5)c4)c3)c2)cc1
fraggfn_seh,greedy_oracle_static,262,262,350,1,7.373884201049805,c1ccc(-c2cccc(-c3cccc(-c4cccc(C5CCNC5)c4)c3)c2)cc1,O=c1ncccn1-c1ccccc1-c1cccc(-c2cccc(-c3cccc(C4CCNC4)c3)c2)c1
fraggfn_seh,greedy_oracle_static,263,263,351,1,7.352957248687744,c1ccc(-c2cccc(-c3cccc(-c4cccc(C5CCNC5)c4)c3)c2)cc1,CC(=O)NCc1ccc(-c2cccc(-c3cccc(-c4cccc(C5CCNC5)c4)c3)c2)cc1
fraggfn_seh,greedy_oracle_static,264,264,352,1,7.342772960662842,c1ccc(-c2cccc(-c3cccc(-c4cccc(C5CCNC5)c4)c3)c2)cc1,O=c1[nH]cnc2c1NC(C1NCCC1c1cccc(-c3cccc(-c4cccc(-c5ccccc5)c4)c3)c1)CN2
fraggfn_seh,greedy_oracle_static,265,265,353,1,7.239064693450928,c1ccc(-c2cccc(-c3cccc(-c4cccc(C5CCNC5)c4)c3)c2)cc1,O=c1[nH]c(C2NCCC2c2cccc(-c3cccc(-c4cccc(-c5ccccc5)c4)c3)c2)nc2c1NCCN2
fraggfn_seh,greedy_oracle_static,266,266,354,1,7.23329496383667,c1ccc(-c2cccc(-c3cccc(-c4cccc(C5CCNC5)c4)c3)c2)cc1,O=c1[nH]c(-c2ccccc2-c2cccc(-c3cccc(-c4cccc(C5CCNC5)c4)c3)c2)nc2[nH]cnc12
fraggfn_seh,greedy_oracle_static,267,267,355,1,7.21376895904541,c1ccc(-c2cccc(-c3cccc(-c4cccc(C5CCNC5)c4)c3)c2)cc1,Clc1ccc(C2CCNC2)cc1-c1cccc(-c2cccc(-c3ccccc3)c2)c1
fraggfn_seh,greedy_oracle_static,268,268,356,1,7.192168235778809,c1ccc(-c2cccc(-c3cccc(-c4cccc(C5CCNC5)c4)c3)c2)cc1,c1ccc(-c2cccc(-c3cccc(-c4cccc(C5CNC(N6CCNCC6)C5)c4)c3)c2)cc1
fraggfn_seh,greedy_oracle_static,269,269,357,1,7.094888210296631,c1ccc(-c2cccc(-c3cccc(-c4cccc(C5CCNC5)c4)c3)c2)cc1,c1ccc(-c2cccc(-c3cccc(-c4cccc(C5CCN(n6cnc7cncnc76)C5)c4)c3)c2)cc1
fraggfn_seh,greedy_oracle_static,270,270,358,1,7.07824182510376,c1ccc(-c2cccc(-c3cccc(-c4cccc(C5CCNC5)c4)c3)c2)cc1,Oc1cc(-c2cccc(-c3cccc(-c4ccccc4)c3)c2)cc(C2CCNC2)c1
fraggfn_seh,greedy_oracle_static,271,271,359,1,7.059228897094727,c1ccc(-c2cccc(-c3cccc(-c4cccc(C5CCNC5)c4)c3)c2)cc1,c1ccc(-c2cccc(-c3cccc(-c4cccc(C5CCNC5c5ncnc6[nH]cnc56)c4)c3)c2)cc1
fraggfn_seh,greedy_oracle_static,272,272,364,5,8.03265380859375,c1ccc(-c2cccc(-c3ccc(-c4cccc(C5CCCN5)c4)s3)c2)cc1,c1ccc(-c2ccccc2-c2cccc(-c3ccc(-c4cccc(C5CCCN5)c4)s3)c2)cc1
fraggfn_seh,greedy_oracle_static,273,273,365,1,7.772531509399414,c1ccc(-c2cccc(-c3ccc(-c4cccc(C5CCCN5)c4)s3)c2)cc1,c1ccc(-c2cccc(-c3ccc(-c4cccc(C5NCCC5C5CCNC5)c4)s3)c2)cc1
fraggfn_seh,greedy_oracle_static,274,274,366,1,7.73785400390625,c1ccc(-c2cccc(-c3ccc(-c4cccc(C5CCCN5)c4)s3)c2)cc1,c1ccc(-c2cccc(-c3ccc(-c4cccc(C5CCCN5c5ccccc5)c4)s3)c2)cc1
fraggfn_seh,greedy_oracle_static,275,275,367,1,7.735543727874756,c1ccc(-c2cccc(-c3ccc(-c4cccc(C5CCCN5)c4)s3)c2)cc1,CNC1CCC(c2cccc(-c3ccc(-c4cccc(-c5ccccc5)c4)s3)c2)N1
fraggfn_seh,greedy_oracle_static,276,276,368,1,7.686521530151367,c1ccc(-c2cccc(-c3ccc(-c4cccc(C5CCCN5)c4)s3)c2)cc1,Fc1ccc(C2CCCN2)cc1-c1ccc(-c2cccc(-c3ccccc3)c2)s1
fraggfn_seh,greedy_oracle_static,277,277,369,1,7.609054088592529,c1ccc(-c2cccc(-c3ccc(-c4cccc(C5CCCN5)c4)s3)c2)cc1,c1cc(-c2ccc(C3CCCOC3)cc2)cc(-c2ccc(-c3cccc(C4CCCN4)c3)s2)c1
fraggfn_seh,greedy_oracle_static,278,278,370,1,7.491087913513184,c1ccc(-c2cccc(-c3ccc(-c4cccc(C5CCCN5)c4)s3)c2)cc1,c1ccc(-c2cccc(-c3ccc(-c4cccc(C5NCCC5c5c[nH]c6ccccc56)c4)s3)c2)cc1
fraggfn_seh,greedy_oracle_static,279,279,371,1,7.299453258514404,c1ccc(-c2cccc(-c3ccc(-c4cccc(C5CCCN5)c4)s3)c2)cc1,CCc1ccc(-c2ccc(-c3cccc(-c4ccccc4)c3)s2)cc1C1CCCN1
fraggfn_seh,greedy_oracle_static,280,280,372,1,7.267281532287598,c1ccc(-c2cccc(-c3ccc(-c4cccc(C5CCCN5)c4)s3)c2)cc1,O=c1[nH]cnc2c1ncn2C1CCNC1c1cccc(-c2ccc(-c3cccc(-c4ccccc4)c3)s2)c1
fraggfn_seh,greedy_oracle_static,281,281,373,1,7.188791275024414,c1ccc(-c2cccc(-c3ccc(-c4cccc(C5CCCN5)c4)s3)c2)cc1,CC(=O)NCc1cccc(-c2cccc(-c3ccc(-c4cccc(C5CCCN5)c4)s3)c2)c1
fraggfn_seh,greedy_oracle_static,282,282,378,5,8.167959213256836,O=C(NCc1ccn(-c2ccccc2)n1)c1cccc(C2CCCN2)c1,O=C(NCc1ccn(-c2ccc(C3CCCN3)cc2)n1)c1cccc(C2CCCN2)c1
fraggfn_seh,greedy_oracle_static,283,283,379,1,7.797740936279297,O=C(NCc1ccn(-c2ccccc2)n1)c1cccc(C2CCCN2)c1,O=C(NCc1ccn(-c2ccccc2)n1)c1cccc(C2CCC(c3ccc4nc5c(=O)[nH]c(=O)nc-5[nH]c4c3)N2)c1
fraggfn_seh,greedy_oracle_static,284,284,380,1,7.749940395355225,O=C(NCc1ccn(-c2ccccc2)n1)c1cccc(C2CCCN2)c1,O=C(NCc1ccn(-c2ccccc2)n1)c1cccc(C2CC(c3cccc4ccccc34)CN2)c1
fraggfn_seh,greedy_oracle_static,285,285,381,1,7.661192417144775,O=C(NCc1ccn(-c2ccccc2)n1)c1cccc(C2CCCN2)c1,O=C(NCc1ccn(-c2ccccc2)n1)c1cccc(C2CCCN2C2CC2)c1
fraggfn_seh,greedy_oracle_static,286,286,382,1,7.544649600982666,O=C(NCc1ccn(-c2ccccc2)n1)c1cccc(C2CCCN2)c1,O=C(NCc1cc(-c2ccc3ccccc3c2)n(-c2ccccc2)n1)c1cccc(C2CCCN2)c1
fraggfn_seh,greedy_oracle_static,287,287,383,1,7.522640228271484,O=C(NCc1ccn(-c2ccccc2)n1)c1cccc(C2CCCN2)c1,O=C(NCc1ccn(-c2ccccc2)n1)c1cccc(C2CCC(C3CNc4nc[nH]c(=O)c4N3)N2)c1
fraggfn_seh,greedy_oracle_static,288,288,384,1,7.400689125061035,O=C(NCc1ccn(-c2ccccc2)n1)c1cccc(C2CCCN2)c1,O=C(NCc1ccn(-c2ccccc2)n1)c1cccc(C2CCC(n3cnc4cncnc43)N2)c1
fraggfn_seh,greedy_oracle_static,289,289,385,1,7.21396017074585,O=C(NCc1ccn(-c2ccccc2)n1)c1cccc(C2CCCN2)c1,O=C(NCc1nn(-c2ccccc2)cc1C1CCNC1)c1cccc(C2CCCN2)c1
fraggfn_seh,greedy_oracle_static,290,290,386,1,7.2015700340271,O=C(NCc1ccn(-c2ccccc2)n1)c1cccc(C2CCCN2)c1,O=C(NCc1ccn(-c2ccccc2)n1)c1cccc(C2CCCN2)c1F
fraggfn_seh,greedy_oracle_static,291,291,387,1,7.19858980178833,O=C(NCc1ccn(-c2ccccc2)n1)c1cccc(C2CCCN2)c1,O=C(NCc1ccn(-c2ccccc2)n1)c1cccc(C2CC(n3c4nc(=O)[nH]c(=O)c-4nc4ccccc43)CN2)c1
fraggfn_seh,greedy_oracle_static,292,292,392,5,8.203775405883789,O=C(NCc1ccccc1)c1cccc(-c2ccc(C3CCNC3)cc2)n1,O=C(NCc1ccc(-c2ccc3ccccc3c2)cc1)c1cccc(-c2ccc(C3CCNC3)cc2)n1
fraggfn_seh,greedy_oracle_static,293,293,393,1,7.914715766906738,O=C(NCc1ccccc1)c1cccc(-c2ccc(C3CCNC3)cc2)n1,O=C(NCc1cccc(-n2cnc3cncnc32)c1)c1cccc(-c2ccc(C3CCNC3)cc2)n1
fraggfn_seh,greedy_oracle_static,294,294,394,1,7.9079766273498535,O=C(NCc1ccccc1)c1cccc(-c2ccc(C3CCNC3)cc2)n1,O=C(NCc1cccc(-c2ccc3nc4c(=O)[nH]c(=O)nc-4[nH]c3c2)c1)c1cccc(-c2ccc(C3CCNC3)cc2)n1
fraggfn_seh,greedy_oracle_static,295,295,395,1,7.7412848472595215,O=C(NCc1ccccc1)c1cccc(-c2ccc(C3CCNC3)cc2)n1,O=C(NCc1ccccc1-n1c2nc(=O)[nH]c(=O)c-2nc2ccccc21)c1cccc(-c2ccc(C3CCNC3)cc2)n1
fraggfn_seh,greedy_oracle_static,296,296,396,1,7.685135364532471,O=C(NCc1ccccc1)c1cccc(-c2ccc(C3CCNC3)cc2)n1,O=C(NCc1ccccc1)c1cccc(-c2ccc(C3CCNC3F)cc2)n1
fraggfn_seh,greedy_oracle_static,297,297,397,1,7.577424049377441,O=C(NCc1ccccc1)c1cccc(-c2ccc(C3CCNC3)cc2)n1,O=C(NCc1ccccc1-c1nc2c(c(=O)[nH]1)NCCN2)c1cccc(-c2ccc(C3CCNC3)cc2)n1
fraggfn_seh,greedy_oracle_static,298,298,398,1,7.497115612030029,O=C(NCc1ccccc1)c1cccc(-c2ccc(C3CCNC3)cc2)n1,O=C(NCc1ccccc1)c1cccc(-c2ccc(C3CCNC3)cc2F)n1
fraggfn_seh,greedy_oracle_static,299,299,399,1,7.340923309326172,O=C(NCc1ccccc1)c1cccc(-c2ccc(C3CCNC3)cc2)n1,O=C(NCc1ccccc1)c1nc(-c2ccc(C3CCNC3)cc2)ccc1F
fraggfn_seh,greedy_oracle_static,300,300,400,1,7.105654716491699,O=C(NCc1ccccc1)c1cccc(-c2ccc(C3CCNC3)cc2)n1,O=C(NCc1ccccc1)c1cccc(-c2ccc(C3CNC(C4CNc5nc[nH]c(=O)c5N4)C3)cc2)n1
