tag,arm,step,cum_modes,cum_reactions,reactions_added,reward,source_hub,smiles
fraggfn_6td3,best_candidate,1,1,5,5,-7.012370000000001,O=c1nc2[nH]c3ccc(C4COC(c5ncncc5-c5cccnc5)C4n4cnc5c(=O)[nH]cnc54)cc3nc-2c(=O)[nH]1,O=c1nc2[nH]c3ccc(C4COC(c5ncncc5-c5cccnc5-c5ccncn5)C4n4cnc5c(=O)[nH]cnc54)cc3nc-2c(=O)[nH]1
fraggfn_6td3,best_candidate,2,2,10,5,-6.979309999999999,O=c1nc2[nH]c3ccc(C4CCC(C5CCCO5)C(c5nc6[nH]cnc6c(=O)[nH]5)C4C4CCCCO4)cc3nc-2c(=O)[nH]1,O=c1nc2[nH]c3ccc(C4CC(n5cnc6cncnc65)C(C5CCCO5)C(c5nc6[nH]cnc6c(=O)[nH]5)C4C4CCCCO4)cc3nc-2c(=O)[nH]1
fraggfn_6td3,best_candidate,3,3,15,5,-6.795139999999999,O=C(NO)c1ccc(C2CCCCC2)c(C(=O)NC2CCCCC2)c1,O=C(NO)c1cc(C(=O)NC2CCCCC2)c(C2CCCCC2)cc1-c1ccc2[nH]c3nc(=O)[nH]c(=O)c-3nc2c1
fraggfn_6td3,best_candidate,4,4,20,5,-6.6366499999999995,O=c1nc2[nH]c3ccc(-c4nc(-c5cc[nH]c5)c(C5CCCCC5)cc4-c4ccccc4)cc3nc-2c(=O)[nH]1,O=c1nc2[nH]c3ccc(-c4nc(-c5cc[nH]c5)c(C5CCCC(C6CCCN6)C5)cc4-c4ccccc4)cc3nc-2c(=O)[nH]1
fraggfn_6td3,best_candidate,5,5,25,5,-6.612190000000001,O=CNC1CC(n2c3nc(=O)[nH]c(=O)c-3nc3ccccc32)CC(c2ccc3[nH]c4nc(=O)[nH]c(=O)c-4nc3c2)C1C1CCCO1,O=CNC1CC(n2c3nc(=O)[nH]c(=O)c-3nc3ccccc32)CC(c2ccc3[nH]c4nc(=O)[nH]c(=O)c-4nc3c2)C1C1CCC(c2nc3[nH]cnc3c(=O)[nH]2)O1
fraggfn_6td3,best_candidate,6,6,30,5,-6.5686,C1=CNC=C(c2ccccc2C2CCCC(C3CC(c4cccc5ccccc45)CCO3)O2)C1,O=c1nc2[nH]c3ccc(C4CCC(C5CC(c6cccc7ccccc67)CCO5)OC4c4ccccc4C4=CNC=CC4)cc3nc-2c(=O)[nH]1
fraggfn_6td3,best_candidate,7,7,35,5,-6.45569,O=C(NCc1cccc(C2CCCC(C3CCCCC3)C2)c1)c1cn[nH]c1,O=C(NCc1cccc(C2CCCC(C3CCCCC3)C2)c1)c1cn[nH]c1-c1ccc2[nH]c3nc(=O)[nH]c(=O)c-3nc2c1
fraggfn_6td3,best_candidate,8,8,40,5,-6.38167,O=c1nc2n(-c3cnn(C4CCCCC4C4CNc5nc[nH]c(=O)c5N4)c3)c3ccc(C4CCCCC4)cc3nc-2c(=O)[nH]1,O=c1nc2n(-c3cn(C4CCCCC4C4CNc5nc[nH]c(=O)c5N4)nc3-c3cccc4ccccc34)c3ccc(C4CCCCC4)cc3nc-2c(=O)[nH]1
fraggfn_6td3,best_candidate,9,9,45,5,-6.36402,CNC(=O)C1CC(c2ccccc2)CC(C2CCCC(c3nc4c(c(=O)[nH]3)NCCN4)C2)C1,CNC(=O)C1CC(C2CCCC(c3nc4c(c(=O)[nH]3)NCCN4)C2)CC(c2ccccc2)C1c1ccccc1
fraggfn_6td3,best_candidate,10,10,50,5,-6.354779999999999,O=c1nc2[nH]c3cc(-c4ccc[n+](-n5c6nc(=O)[nH]c(=O)c-6nc6ccc(-c7cccc(F)c7)cc65)c4)ccc3nc-2c(=O)[nH]1,O=c1nc2[nH]c3cc(-c4ccc[n+](-n5c6nc(=O)[nH]c(=O)c-6nc6ccc(-c7cc(F)ccc7-c7ccccn7)cc65)c4)ccc3nc-2c(=O)[nH]1
fraggfn_6td3,best_candidate,11,11,55,5,-6.3511500000000005,O=c1nc(-c2ccncc2-c2ccc(-c3cccc(-n4c5nc(=O)[nH]c(=O)c-5nc5ccccc54)c3)cc2)cc[nH]1,O=c1nc(-c2ccncc2-c2ccc(-c3cccc(-n4c5nc(=O)[nH]c(=O)c-5nc5ccc(-c6cncnc6)cc54)c3)cc2)cc[nH]1
fraggfn_6td3,best_candidate,12,12,60,5,-6.26128,O=c1nc2[nH]c3cc(-n4ccc(C5CC(c6ccc[nH]6)CCC5n5c6nc(=O)[nH]c(=O)c-6nc6ccccc65)n4)ccc3nc-2c(=O)[nH]1,O=C(NO)c1cn(-c2ccc3nc4c(=O)[nH]c(=O)nc-4[nH]c3c2)nc1C1CC(c2ccc[nH]2)CCC1n1c2nc(=O)[nH]c(=O)c-2nc2ccccc21
fraggfn_6td3,best_candidate,13,13,65,5,-6.2388,O=c1nc2n(C3CCC(c4ccccn4)O3)c3cc(C4CCOC(c5ccc6ccccc6c5)C4)ccc3nc-2c(=O)[nH]1,O=c1nc2n(C3OC(c4ccccn4)CC3C3CCCCO3)c3cc(C4CCOC(c5ccc6ccccc6c5)C4)ccc3nc-2c(=O)[nH]1
fraggfn_6td3,best_candidate,14,14,70,5,-6.23803,O=c1nc2[nH]c3ccc(C4CCC(c5c[nH]c(-c6ccccn6)c5)N4c4ccc5ccccc5c4)cc3nc-2c(=O)[nH]1,O=c1nc2[nH]c3ccc(C4CCC(c5c[nH]c(-c6cccc(-c7ccc[nH]7)n6)c5)N4c4ccc5ccccc5c4)cc3nc-2c(=O)[nH]1
fraggfn_6td3,best_candidate,15,15,75,5,-6.2363800000000005,CNC(=O)C1CC(c2ccccc2)CC(C2CCC(c3ccc4ccccc4c3)O2)C1,CNC(=O)C1CC(c2ccccc2)C(c2ccc3[nH]c4nc(=O)[nH]c(=O)c-4nc3c2)C(C2CCC(c3ccc4ccccc4c3)O2)C1
fraggfn_6td3,best_candidate,16,16,80,5,-6.2142100000000005,O=c1nc2[nH]c3cc(C4CCCC(n5cccn5)C4)c(C4CCCCC4c4ccccc4)cc3nc-2c(=O)[nH]1,O=c1nc2[nH]c3cc(C4CCCC(n5nccc5O)C4)c(C4CCCCC4c4ccccc4)cc3nc-2c(=O)[nH]1
fraggfn_6td3,best_candidate,17,17,85,5,-6.189749999999999,CNc1cc(-c2ccc3[nH]c4nc(=O)[nH]c(=O)c-4nc3c2)cnc1C1CCCCC1c1ccccn1,CNc1cc(-c2ccc3[nH]c4nc(=O)[nH]c(=O)c-4nc3c2)c(-c2ccccc2)nc1C1CCCCC1c1ccccn1
fraggfn_6td3,best_candidate,18,18,90,5,-6.1211199999999995,O=c1nc2[nH]c3cc(C4CC(n5c6nc(=O)[nH]c(=O)c-6nc6ccccc65)CCC4c4c[nH]c([PH](=O)[O-])c4)ccc3nc-2c(=O)[nH]1,O=c1nc2[nH]c3cc(C4CC(n5c6nc(=O)[nH]c(=O)c-6nc6ccccc65)C(CS)CC4c4c[nH]c([PH](=O)[O-])c4)ccc3nc-2c(=O)[nH]1
fraggfn_6td3,best_candidate,19,19,95,5,-6.0997699999999995,O=c1nc2[nH]c3ccc(N4CCCC(C5CNCCC5C5CCCC(C6CCCCC6)C5)C4)cc3nc-2c(=O)[nH]1,O=c1nc(N2CCC(C3CCCC(C4CCCCC4)C3)C(C3CCCN(c4ccc5[nH]c6nc(=O)[nH]c(=O)c-6nc5c4)C3)C2)cc[nH]1
fraggfn_6td3,best_candidate,20,20,100,5,-6.08573,O=c1nc2[nH]c3ccc(-c4cc(C5CCCCC5)cc(-n5c6nc(=O)[nH]c(=O)c-6nc6ccc(C7CCCCC7)cc65)c4)cc3nc-2c(=O)[nH]1,O=c1nc2[nH]c3ccc(-c4cc(C5CCCCC5c5ccc6ccccc6c5)cc(-n5c6nc(=O)[nH]c(=O)c-6nc6ccc(C7CCCCC7)cc65)c4)cc3nc-2c(=O)[nH]1
fraggfn_6td3,best_candidate,21,21,105,5,-6.082840000000001,O=c1nc2[nH]c3ccc(-c4c(COc5ccc6ccccc6c5)ccnc4-c4cc[nH]n4)cc3nc-2c(=O)[nH]1,O=c1nc2n(-c3ccccc3)c3ccc(-c4c(COc5ccc6ccccc6c5)ccnc4-c4cc[nH]n4)cc3nc-2c(=O)[nH]1
fraggfn_6td3,best_candidate,22,22,110,5,-6.08216,O=c1nc2[nH]c3cc(C4CCC(Cl)N4)c(OCc4cc[nH]n4)cc3nc-2c(=O)[nH]1,O=c1nc2[nH]c3cc(C4CCC(Cl)N4)c(OCc4n[nH]cc4C4CCCCC4)cc3nc-2c(=O)[nH]1
fraggfn_6td3,best_candidate,23,23,115,5,-6.0785800000000005,c1ccc(C2CCC(C3CCCCC3C3CCCC(c4ccc5ccccc5c4)O3)N2)cc1,O=c1nc2[nH]c3ccc(-c4cccc(C5CCC(C6CCCCC6C6CCCC(c7ccc8ccccc8c7)O6)N5)c4)cc3nc-2c(=O)[nH]1
fraggfn_6td3,best_candidate,24,24,120,5,-6.071350000000001,O=c1nc2[nH]c3cc(-n4cnc5c(=O)[nH]c(C6COC(c7nc(-c8ccccc8)cs7)C6)nc54)ccc3nc-2c(=O)[nH]1,O=c1nc2[nH]c3cc(-n4cnc5c(=O)[nH]c(C6COC(c7nc(-c8ccccc8)cs7)C6C6CCCO6)nc54)ccc3nc-2c(=O)[nH]1
fraggfn_6td3,best_candidate,25,25,125,5,-6.07069,O=c1nc2[nH]c3ccc(-c4c(-c5cn[nH]c5)cc([PH](=O)O)nc4C4CCCCO4)cc3nc-2c(=O)[nH]1,O=c1nc2[nH]c3ccc(-c4c(-c5cn[nH]c5)cc([PH](=O)O)nc4C4CC(c5ccccc5)CCO4)cc3nc-2c(=O)[nH]1
fraggfn_6td3,best_candidate,26,26,130,5,-6.053559999999999,c1cc(-c2c[nH]c3ccccc23)nc(C2CCC(c3ccnc(C4CCCCO4)c3)N2)c1,c1cc(-c2c[nH]c3ccccc23)nc(C2CCC(c3ccnc(C4OCCCC4C4CCCCO4)c3)N2)c1
fraggfn_6td3,best_candidate,27,27,135,5,-6.01892,O=c1nc2n(C3CCNC3)c3ccc(C4CC(c5cccnc5)CCC4c4cc[nH]c4)cc3nc-2c(=O)[nH]1,O=c1nc2n(C3CCNC3)c3ccc(C4CC(c5cccnc5-c5cccnc5)CCC4c4cc[nH]c4)cc3nc-2c(=O)[nH]1
fraggfn_6td3,best_candidate,28,28,140,5,-5.99704,O=c1nc2[nH]c3ccc(-c4cn(-c5ccncc5)nc4-c4cccc(C(F)(F)F)c4)cc3nc-2c(=O)[nH]1,O=c1nc2[nH]c3ccc(-c4c(-c5cccc(C(F)(F)F)c5)nn(-c5ccncc5)c4[N+](=O)[O-])cc3nc-2c(=O)[nH]1
fraggfn_6td3,best_candidate,29,29,145,5,-5.994859999999999,O=c1nc2[nH]c3ccc(C4CC(C5C=CCCC5)C(c5cc[nH]n5)CC4c4ccccc4)cc3nc-2c(=O)[nH]1,O=c1nc2[nH]c3ccc(C4CC(C5C=CCCC5)C(c5cc[nH]n5)C(C5CCOC5)C4c4ccccc4)cc3nc-2c(=O)[nH]1
fraggfn_6td3,best_candidate,30,30,150,5,-5.9872700000000005,Fc1cnn(-c2c[nH]c3ccccc23)c1-c1ccnc(-c2ccccc2)n1,O=c1nc2n(-c3cccc(-c4nccc(-c5c(F)cnn5-c5c[nH]c6ccccc56)n4)c3)c3ccccc3nc-2c(=O)[nH]1
fraggfn_6td3,best_candidate,31,31,155,5,-5.979159999999999,O=CNN1C=CCC(C2CCC(c3ccc4[nH]c5nc(=O)[nH]c(=O)c-5nc4c3)C(c3ccccn3)C2)=C1,O=CNN1C=CCC(C2CCC(c3ccc4[nH]c5nc(=O)[nH]c(=O)c-5nc4c3)C(c3ncccc3-c3ccccn3)C2)=C1
fraggfn_6td3,best_candidate,32,32,160,5,-5.97787,O=C([O-])C1CCC(C2CCCC(c3ccc4[nH]c5nc(=O)[nH]c(=O)c-5nc4c3)C2c2ccccc2)CC1,[NH3+]CC1CC(c2ccc3[nH]c4nc(=O)[nH]c(=O)c-4nc3c2)C(c2ccccc2)C(C2CCC(C(=O)[O-])CC2)C1
fraggfn_6td3,best_candidate,33,33,165,5,-5.96781,O=c1nc2n(N3C=CCC(C4CC(c5ccccn5)CO4)=C3)c3ccc(C4CCOC4)cc3nc-2c(=O)[nH]1,O=c1nc2n(N3C=CCC(C4CC(c5cccc(-c6ccc[nH]6)n5)CO4)=C3)c3ccc(C4CCOC4)cc3nc-2c(=O)[nH]1
fraggfn_6td3,best_candidate,34,34,170,5,-5.9666,O=c1nc2[nH]c3ccc(C4CCCC(c5ccnc(-n6cc(-c7nc8[nH]cnc8c(=O)[nH]7)c(=O)[nH]c6=O)c5)C4)cc3nc-2c(=O)[nH]1,O=c1nc(C2CCC(c3ccnc(-n4cc(-c5nc6[nH]cnc6c(=O)[nH]5)c(=O)[nH]c4=O)c3)CC2c2ccc3[nH]c4nc(=O)[nH]c(=O)c-4nc3c2)cc[nH]1
fraggfn_6td3,best_candidate,35,35,175,5,-5.961790000000001,c1ccc2cc(C3CCCC(C4C(c5cn[nH]c5)CCOC4c4c[nH]c5ccccc45)O3)ccc2c1,O=c1nc2[nH]c3cc(-c4cc(C5CCCC(C6C(c7cn[nH]c7)CCOC6c6c[nH]c7ccccc67)O5)cc5ccccc45)ccc3nc-2c(=O)[nH]1
fraggfn_6td3,best_candidate,36,36,180,5,-5.95587,O=c1ccn(C2CC(C3CCC(c4ccc5ccccc5c4)CC3)CCC2C2CCCCO2)c(=O)[nH]1,O=c1ccn(C2C(C3CCCCO3)CCC(C3CCC(c4ccc5ccccc5c4)CC3)C2c2ccncn2)c(=O)[nH]1
fraggfn_6td3,best_candidate,37,37,185,5,-5.954219999999999,c1ccc(-c2n[nH]cc2-c2cccc(C3CCC(c4ccc5ccccc5c4)O3)n2)nc1,c1cc(-c2c[nH]nc2-c2cc(-c3cccc4ccccc34)ccn2)nc(C2CCC(c3ccc4ccccc4c3)O2)c1
fraggfn_6td3,best_candidate,38,38,190,5,-5.94603,O=c1nc2[nH]c3ccc(-c4ccc(C5CCCCC5N5CCNCC5)cc4C4CCCCO4)cc3nc-2c(=O)[nH]1,O=c1nc2[nH]c3ccc(-c4ccc(C5CCCCC5N5CCN(c6ccccn6)CC5)cc4C4CCCCO4)cc3nc-2c(=O)[nH]1
fraggfn_6td3,best_candidate,39,39,195,5,-5.922409999999999,[NH3+]Cc1cc(-c2ccc3[nH]c4nc(=O)[nH]c(=O)c-4nc3c2)ccc1C1COCCC1I,[NH3+]Cc1c(C2COCCC2I)ccc(-c2ccc3[nH]c4nc(=O)[nH]c(=O)c-4nc3c2)c1C1CC=CCC1
fraggfn_6td3,best_candidate,40,40,200,5,-5.918220000000001,CC=CC1CC(c2ccccc2)OC1C1CCOC(c2ccccc2)C1,CC=CC1CC(c2ccccc2)OC1C1CC(c2ccccc2)OCC1c1ccc2[nH]c3nc(=O)[nH]c(=O)c-3nc2c1
fraggfn_6td3,best_candidate,41,41,205,5,-5.910559999999999,O=c1nc2n(N3C=CCC(C4CCCOC4)=C3)c3cc(-c4cn(C5CCCCC5)c(=O)[nH]c4=O)ccc3nc-2c(=O)[nH]1,O=c1nc2n(N3C=CCC(C4CCCOC4c4nc5c(c(=O)[nH]4)NCCN5)=C3)c3cc(-c4cn(C5CCCCC5)c(=O)[nH]c4=O)ccc3nc-2c(=O)[nH]1
fraggfn_6td3,best_candidate,42,42,210,5,-5.90395,O=c1nc2[nH]c3cc(-c4ccc(-c5cccc6ccccc56)c(-c5ccc[n+](-c6ccccn6)c5)n4)ccc3nc-2c(=O)[nH]1,O=c1nc2[nH]c3cc(-c4ccc(-c5cccc6ccccc56)c(-c5ccc[n+](-c6ccc(C7CCCO7)cn6)c5)n4)ccc3nc-2c(=O)[nH]1
fraggfn_6td3,best_candidate,43,43,215,5,-5.89816,O=c1nc2n(-c3cn(-c4cccs4)c(=O)[nH]c3=O)c3cc(C4CCC(c5ccccc5)CC4)ccc3nc-2c(=O)[nH]1,O=c1nc2n(-c3cn(-c4cccs4)c(=O)[nH]c3=O)c3cc(C4CCC(c5cccc(-c6nccs6)c5)CC4)ccc3nc-2c(=O)[nH]1
fraggfn_6td3,best_candidate,44,44,220,5,-5.89503,O=c1nc2[nH]c3ccc(-c4[nH]nc(C5COCCC5[n+]5ccccc5)c4C4CCCO4)cc3nc-2c(=O)[nH]1,O=c1nc2[nH]c3ccc(-c4c(C5CCCO5)c(C5COCCC5[n+]5ccccc5)nn4-c4ccc5nc6c(=O)[nH]c(=O)nc-6[nH]c5c4)cc3nc-2c(=O)[nH]1
fraggfn_6td3,best_candidate,45,45,225,5,-5.89073,O=C(NCC1CCC(n2c3nc(=O)[nH]c(=O)c-3nc3ccccc32)N1c1ccccc1)c1nc2c(c(=O)[nH]1)NCCN2,O=C(NCC1CC(C2CCCN2)C(n2c3nc(=O)[nH]c(=O)c-3nc3ccccc32)N1c1ccccc1)c1nc2c(c(=O)[nH]1)NCCN2
fraggfn_6td3,best_candidate,46,46,230,5,-5.87075,O=c1nc2n(N3CCC(c4ccc(C5CCCCC5N5CCOCC5)cc4)C3)c3ccccc3nc-2c(=O)[nH]1,O=c1nc2n(N3CCC(c4ccc(C5CCCCC5N5CCOCC5)cc4)C3)c3cc(C4CC=CCC4)ccc3nc-2c(=O)[nH]1
fraggfn_6td3,best_candidate,47,47,235,5,-5.864439999999999,O=c1nc2n(-c3cccc(-c4ccc(CO)cn4)c3)c3cc(CS)ccc3nc-2c(=O)[nH]1,O=c1nc2n(-c3cccc(-c4ccc(COc5c[nH]c6ccccc56)cn4)c3)c3cc(CS)ccc3nc-2c(=O)[nH]1
fraggfn_6td3,best_candidate,48,48,240,5,-5.85848,O=c1nc2[nH]c3cc(-c4n[nH]cc4C4CCC(c5ncccc5-n5cccn5)O4)ccc3nc-2c(=O)[nH]1,O=c1nc2[nH]c3cc(-c4n[nH]cc4C4CC(c5cccc6ccccc56)C(c5ncccc5-n5cccn5)O4)ccc3nc-2c(=O)[nH]1
fraggfn_6td3,best_candidate,49,49,245,5,-5.8478200000000005,O=c1nc2[nH]c3cc(C4CC(c5ccccc5)CCC4c4cccc(-c5cc[nH]c5)c4)ccc3nc-2c(=O)[nH]1,O=c1nc2[nH]c3cc(C4CC(c5ccccc5S(=O)(=O)O)CCC4c4cccc(-c5cc[nH]c5)c4)ccc3nc-2c(=O)[nH]1
fraggfn_6td3,best_candidate,50,50,250,5,-5.84577,O=c1[nH]c(C2NCCC2c2cc(-c3cn[nH]c3)c3ccccc3c2)nc2c1ncn2C1CCCCC1,O=c1[nH]c(-c2[nH]ncc2-c2cc(C3CCNC3c3nc4c(ncn4C4CCCCC4)c(=O)[nH]3)cc3ccccc23)nc2[nH]cnc12
fraggfn_6td3,best_candidate,51,51,255,5,-5.842780000000001,O=c1[nH]c(C2CCCCC2c2ccc(C3CCCCC3)cc2-c2c[nH]c3ccccc23)nc2c1NCCN2,O=c1[nH]c(C2CCCCC2c2ccc(C3CCC(c4ccncc4)CC3)cc2-c2c[nH]c3ccccc23)nc2c1NCCN2
fraggfn_6td3,best_candidate,52,52,260,5,-5.842099999999999,O=c1nc2[nH]c3ccc(C4CCC(c5cccc(N6CCCCC6)c5)CC4C4CCCCC4)cc3nc-2c(=O)[nH]1,O=c1nc2[nH]c3ccc(C4CCC(c5cc(N6CCCCC6)ccc5-c5ncnc6[nH]cnc56)CC4C4CCCCC4)cc3nc-2c(=O)[nH]1
fraggfn_6td3,best_candidate,53,53,265,5,-5.839390000000001,C1=C(c2ncnc3[nH]cnc23)CCC(c2cccc(N3CCCC3)n2)C1C1CCCCC1,O=c1nc2[nH]c3ccc(C4CCCCC4C4C=C(c5ncnc6[nH]cnc56)CCC4c4cccc(N5CCCC5)n4)cc3nc-2c(=O)[nH]1
fraggfn_6td3,best_candidate,54,54,270,5,-5.8353399999999995,O=c1nc(-c2cncc(-c3ccccc3-c3cccc(-c4ccc5nc6c(=O)[nH]c(=O)nc-6[nH]c5c4)c3)c2)cc[nH]1,O=c1nc(-c2cncc(-c3c(-c4ccccc4)cccc3-c3cccc(-c4ccc5nc6c(=O)[nH]c(=O)nc-6[nH]c5c4)c3)c2)cc[nH]1
fraggfn_6td3,best_candidate,55,55,275,5,-5.830489999999999,O=c1nc2n(-c3cccc(C4CCC(c5ccccc5)OC4)c3)c3cc(C4CCCCC4)ccc3nc-2c(=O)[nH]1,O=c1nc2n(-c3cccc(C4CCC(c5ccccc5)OC4)c3)c3cc(C4CCCCC4C4CCOC4)ccc3nc-2c(=O)[nH]1
fraggfn_6td3,best_candidate,56,56,280,5,-5.82841,O=c1nc2[nH]c3cc(C4CCCC(n5nccc5-c5ccnc(-c6ccccn6)n5)C4)ccc3nc-2c(=O)[nH]1,O=C([O-])c1cc(-c2ccnc(-c3ccccn3)n2)n(C2CCCC(c3ccc4nc5c(=O)[nH]c(=O)nc-5[nH]c4c3)C2)n1
fraggfn_6td3,best_candidate,57,57,285,5,-5.82782,O=c1nc2[nH]c3cc(-c4cc(CCc5ncccn5)ccc4C4=CCCCC4)ccc3nc-2c(=O)[nH]1,O=c1nc2[nH]c3cc(-c4cc(CCc5nccc(-c6ccccc6)n5)ccc4C4=CCCCC4)ccc3nc-2c(=O)[nH]1
fraggfn_6td3,best_candidate,58,58,290,5,-5.82399,c1cc(C2CCCC(C3CCCOC3C3CCCCC3c3cncnc3)C2)ccn1,O=c1nc2n(-c3cc(C4CCCC(C5CCCOC5C5CCCCC5c5cncnc5)C4)ccn3)c3ccccc3nc-2c(=O)[nH]1
fraggfn_6td3,best_candidate,59,59,295,5,-5.81858,O=c1[nH]c(C2CCCCC2)nc2c1ncn2-c1cc(-c2ccccc2)ccc1-c1cncnc1,O=c1[nH]c(C2CCCCC2)nc2c1ncn2-c1cc(-c2ccccc2)c(C2CCCCC2)cc1-c1cncnc1
fraggfn_6td3,best_candidate,60,60,300,5,-5.81829,C[SH+]C1CCC(C2CCCC(c3ccnc(-n4c5nc(=O)[nH]c(=O)c-5nc5ccccc54)c3)C2)CC1,C[SH+]C1CCC(C2CCCC(c3ccnc(-n4c5nc(=O)[nH]c(=O)c-5nc5ccc(-c6ccc7nc8c(=O)[nH]c(=O)nc-8[nH]c7c6)cc54)c3)C2)CC1
fraggfn_6td3,best_candidate,61,61,305,5,-5.8133099999999995,O=C(Nc1ccccn1)C1C(c2ccccc2)CCOC1c1cccc2ccccc12,O=C(Nc1ccccn1)C1C(c2cccc(-c3ccc4nc5c(=O)[nH]c(=O)nc-5[nH]c4c3)c2)CCOC1c1cccc2ccccc12
fraggfn_6td3,best_candidate,62,62,310,5,-5.8095,O=c1nc2[nH]c3cc(C4CCC(c5ccccc5)C(c5nccc(-c6cn[nH]c6)n5)O4)ccc3nc-2c(=O)[nH]1,NS(=O)(=O)C1CC(c2ccccc2)C(c2nccc(-c3cn[nH]c3)n2)OC1c1ccc2nc3c(=O)[nH]c(=O)nc-3[nH]c2c1
fraggfn_6td3,best_candidate,63,63,315,5,-5.7939300000000005,O=c1[nH]c(C2CCC(c3c[nH]c4ccccc34)CC2c2ncccn2)nc2c1ncn2C1CCCCC1,O=c1[nH]c(C2C(c3ncccn3)CC(c3c[nH]c4ccccc34)CC2c2c[nH]c3ccccc23)nc2c1ncn2C1CCCCC1
fraggfn_6td3,best_candidate,64,64,320,5,-5.7934600000000005,O=c1nc2[nH]c3cc(C4CCC(C5CCCC(n6c7nc(=O)[nH]c(=O)c-7nc7ccccc76)C5)N4C4CCCOC4)ccc3nc-2c(=O)[nH]1,O=c1nc2[nH]c3cc(C4CCC(C5CCCC(n6c7nc(=O)[nH]c(=O)c-7nc7ccccc76)C5)N4C4COCC(C5=CNC=CC5)C4)ccc3nc-2c(=O)[nH]1
fraggfn_6td3,best_candidate,65,65,325,5,-5.7930600000000005,O=C(NCc1cccc(C2CC(c3cccnc3)CCO2)n1)n1c2nc(=O)[nH]c(=O)c-2nc2ccccc21,O=C(NCc1cccc(C2CC(c3ccc(-c4ccccc4)nc3)CCO2)n1)n1c2nc(=O)[nH]c(=O)c-2nc2ccccc21
fraggfn_6td3,best_candidate,66,66,330,5,-5.788690000000001,O=c1nc2[nH]c3cc(C4CNc5nc[nH]c(=O)c5N4)c(C4=CN(C5CC=C(C6CCCN6)CC5)C=CC4)cc3nc-2c(=O)[nH]1,O=c1nc2[nH]c3cc(C4CNc5nc[nH]c(=O)c5N4)c(C4=CN(C5CCC(C6CCCN6)=CC5c5ccccc5)C=CC4)cc3nc-2c(=O)[nH]1
fraggfn_6td3,best_candidate,67,67,335,5,-5.78769,CC(=O)Nc1cc2[nH]c3nc(=O)[nH]c(=O)c-3nc2cc1-c1cc(-c2ccccc2C2CCCCC2)n[nH]1,CC(=O)Nc1cc2[nH]c3nc(=O)[nH]c(=O)c-3nc2cc1-c1[nH]nc(-c2ccccc2C2CCCCC2)c1-c1ccccc1
fraggfn_6td3,best_candidate,68,68,340,5,-5.78385,O=c1nc2n(-c3cccc(-c4cccnc4)n3)c3ccc(C4CCCCC4O)cc3nc-2c(=O)[nH]1,O=c1nc2n(-c3cccc(-c4ccc(C5CCCO5)nc4)n3)c3ccc(C4CCCCC4O)cc3nc-2c(=O)[nH]1
fraggfn_6td3,best_candidate,69,69,345,5,-5.769910000000001,O=c1nc2n(C3CCC(C4COCC4C4CCC(c5ccccc5)CC4)CC3)c3ccccc3nc-2c(=O)[nH]1,O=c1nc2[nH]c3cc(-c4ccc5nc6c(=O)[nH]c(=O)nc-6n(C6CCC(C7COCC7C7CCC(c8ccccc8)CC7)CC6)c5c4)ccc3nc-2c(=O)[nH]1
fraggfn_6td3,best_candidate,70,70,350,5,-5.76662,O=c1nc2[nH]c3ccc(-c4cc(-c5c[nH]c(-c6cc[nH]n6)c5)ccc4-c4ccn[nH]4)cc3nc-2c(=O)[nH]1,O=c1nc2[nH]c3ccc(-c4cc(-c5c[nH]c(-c6cc(C7CNc8nc[nH]c(=O)c8N7)[nH]n6)c5)ccc4-c4ccn[nH]4)cc3nc-2c(=O)[nH]1
fraggfn_6td3,best_candidate,71,71,355,5,-5.74089,O=c1nc2[nH]c3ccc(-c4ncccc4-c4ccccc4CNc4ccccc4)cc3nc-2c(=O)[nH]1,O=c1nc2[nH]c3ccc(-c4nc(C5CCCOC5)ccc4-c4ccccc4CNc4ccccc4)cc3nc-2c(=O)[nH]1
fraggfn_6td3,best_candidate,72,72,360,5,-5.73981,CNC(=O)n1c2nc(=O)[nH]c(=O)c-2nc2cc([NH+]3CCOCC3)c(-c3ccccc3-c3ccn[nH]3)cc21,O=C(NCc1ccc2[nH]c3nc(=O)[nH]c(=O)c-3nc2c1)n1c2nc(=O)[nH]c(=O)c-2nc2cc([NH+]3CCOCC3)c(-c3ccccc3-c3ccn[nH]3)cc21
fraggfn_6td3,best_candidate,73,73,365,5,-5.738999999999999,O=c1[nH]c(C2CC(c3csc(-c4ccc5ccccc5c4)n3)C(n3cnc4cncnc43)CO2)nc2c1NCCN2,O=c1[nH]c(C2CC(c3csc(-c4ccc5ccccc5c4)n3)C(n3cnc4c(-n5cccnc5=O)ncnc43)CO2)nc2c1NCCN2
fraggfn_6td3,best_candidate,74,74,370,5,-5.73029,c1cc(-c2ccc3ccccc3c2)cc(C2CCCC(c3cccc(-c4ccc5ccccc5c4)n3)C2)c1,CC1C(c2cccc(-c3ccc4ccccc4c3)c2)CCCC1c1cccc(-c2ccc3ccccc3c2)n1
fraggfn_6td3,best_candidate,75,75,375,5,-5.726709999999999,C1=CN(c2ccc(C3=CN(c4ccccn4)C=CC3)cc2-c2ccccc2)C=CC1,C1=CN(c2ccc(C3=CN(c4ccccn4)C=CC3)cc2-c2ccccc2C2CCCCC2)C=CC1
fraggfn_6td3,best_candidate,76,76,380,5,-5.719269999999999,O=c1nc2[nH]c3ccc(-c4cccc(C5CCCC(C6=CC(C7CCCN7)CCC6)O5)c4)cc3nc-2c(=O)[nH]1,O=c1nc2[nH]c3ccc(-c4cc(C5CCCC(C6=CC(C7CCCN7)CCC6)O5)ccc4-c4ccccn4)cc3nc-2c(=O)[nH]1
fraggfn_6td3,best_candidate,77,77,385,5,-5.71518,N=C(N)C1COC(c2ccccc2)C1n1c2nc(=O)[nH]c(=O)c-2nc2cc(-c3ccc4[nH]c5nc(=O)[nH]c(=O)c-5nc4c3)ccc21,N#CC1OC(c2ccccc2)C(n2c3nc(=O)[nH]c(=O)c-3nc3cc(-c4ccc5[nH]c6nc(=O)[nH]c(=O)c-6nc5c4)ccc32)C1C(=N)N
fraggfn_6td3,best_candidate,78,78,390,5,-5.70529,N#Cc1ccc2c(c1)nc1c(=O)[nH]c(=O)nc-1n2-c1cccc(C2CCCC(C3C=CCCC3)C2)c1,N#Cc1ccc2c(c1)nc1c(=O)[nH]c(=O)nc-1n2-c1cccc(C2CCCC(C3C=CCCC3)C2C2CNc3nc[nH]c(=O)c3N2)c1
fraggfn_6td3,best_candidate,79,79,395,5,-5.70488,O=c1nc2[nH]c3ccc(C4CCCC(C5CCC(C6CCOC6)=CC5C5CCCCC5)C4)cc3nc-2c(=O)[nH]1,O=CNC1CCCCC1C1C=C(C2CCOC2)CCC1C1CCCC(c2ccc3[nH]c4nc(=O)[nH]c(=O)c-4nc3c2)C1
fraggfn_6td3,best_candidate,80,80,400,5,-5.704160000000001,O=c1nc2[nH]c3ccc(-c4cc(-c5ncncc5C5CCCCC5)ccc4-c4ccn[nH]4)cc3nc-2c(=O)[nH]1,N=Cc1ncc(C2CCCCC2)c(-c2ccc(-c3ccn[nH]3)c(-c3ccc4[nH]c5nc(=O)[nH]c(=O)c-5nc4c3)c2)n1
fraggfn_6td3,best_candidate,81,81,405,5,-5.6976,O=c1nc2n(-c3cccc(C4CC(C5CCCCO5)C(C5CCCN5)O4)n3)c3ccccc3nc-2c(=O)[nH]1,O=c1nc2n(-c3cccc(C4CC(C5CCCCO5)C(C5CC(C6CCCCC6)CN5)O4)n3)c3ccccc3nc-2c(=O)[nH]1
fraggfn_6td3,best_candidate,82,82,410,5,-5.6959100000000005,O=c1nc2[nH]c3cc(C4CC(C5=CCCCC5)NC4c4ccccc4-c4c[nH]c5ccccc45)ccc3nc-2c(=O)[nH]1,O=c1nc2[nH]c3cc(C4CC(C5=CCCCC5)NC4c4cc(-c5ccccn5)ccc4-c4c[nH]c5ccccc45)ccc3nc-2c(=O)[nH]1
fraggfn_6td3,best_candidate,83,83,415,5,-5.6892,c1ccc(-c2nc(-c3cc(-c4cccc(-c5c[nH]c6ccccc56)n4)c4ccccc4c3)cs2)cc1,c1ccc(-c2cccc(-c3nc(-c4cc(-c5cccc(-c6c[nH]c7ccccc67)n5)c5ccccc5c4)cs3)c2)cc1
fraggfn_6td3,best_candidate,84,84,420,5,-5.6852800000000006,O=c1nc2[nH]c3ccc(-c4ccc5nc6c(=O)[nH]c(=O)nc-6n(-c6cccc(N7CCCC(C(F)(F)F)C7)n6)c5c4)cc3nc-2c(=O)[nH]1,Cc1cc2nc3c(=O)[nH]c(=O)nc-3n(-c3cccc(N4CCCC(C(F)(F)F)C4)n3)c2cc1-c1ccc2[nH]c3nc(=O)[nH]c(=O)c-3nc2c1
fraggfn_6td3,best_candidate,85,85,425,5,-5.68497,O=c1nc2[nH]c3ccc(-c4cc(-n5cnc6c(=O)[nH]c(-c7cccc(-c8cc[nH]c8)c7)nc65)n[nH]4)cc3nc-2c(=O)[nH]1,O=c1nc2[nH]c3ccc(-c4cc(-n5cnc6c(=O)[nH]c(-c7cccc(-c8cc[nH]c8)c7)nc65)nn4-n4cccnc4=O)cc3nc-2c(=O)[nH]1
fraggfn_6td3,best_candidate,86,86,430,5,-5.678200000000001,O=c1nc2[nH]c3ccc(-c4ccc(-c5c(-c6cc[nH]n6)cccc5C5CCCCC5)cc4)cc3nc-2c(=O)[nH]1,O=c1nc2[nH]c3ccc(-c4ccc(-c5c(-c6cc[nH]n6)cccc5C5CCCCC5)cc4-c4nc5[nH]cnc5c(=O)[nH]4)cc3nc-2c(=O)[nH]1
fraggfn_6td3,best_candidate,87,87,435,5,-5.67104,O=c1[nH]c(-c2cccc(-c3nc(C4CCC(N5C=CCC=C5)CC4)cs3)c2)nc2[nH]cnc12,O=c1[nH]c(-c2cccc(-c3nc(C4CCC(N5C=CCC=C5)CC4C4CC=CCC4)cs3)c2)nc2[nH]cnc12
fraggfn_6td3,best_candidate,88,88,440,5,-5.665069999999999,O=c1nc2[nH]c3ccc(-c4ncncc4-c4cn(-c5ccn(C6CCCO6)n5)c(=O)[nH]c4=O)cc3nc-2c(=O)[nH]1,O=C([O-])n1c2nc(=O)[nH]c(=O)c-2nc2cc(-c3ncncc3-c3cn(-c4ccn(C5CCCO5)n4)c(=O)[nH]c3=O)ccc21
fraggfn_6td3,best_candidate,89,89,445,5,-5.66125,O=c1nc2[nH]c3cc(-c4cccc(-n5c6nc(=O)[nH]c(=O)c-6nc6cc(-c7ccnc(C8CCCOC8)c7)ccc65)c4)ccc3nc-2c(=O)[nH]1,O=c1nc2[nH]c3cc(-c4cccc(-n5c6nc(=O)[nH]c(=O)c-6nc6cc(-c7ccnc(C8CCCOC8)c7)c(-c7cccs7)cc65)c4)ccc3nc-2c(=O)[nH]1
fraggfn_6td3,best_candidate,90,90,450,5,-5.657289999999999,Cc1cc(-c2c[nH]c3ccccc23)c(C2CCCOC2)nc1C1CCNC1,Cc1cc(-c2c[nH]c3ccccc23)c(C2COCCC2c2ccc3[nH]c4nc(=O)[nH]c(=O)c-4nc3c2)nc1C1CCNC1
fraggfn_6td3,best_candidate,91,91,455,5,-5.652440000000001,CNC(=O)C1CCC(C2CCC(CN)CC2c2ccc3[nH]c4nc(=O)[nH]c(=O)c-4nc3c2)CO1,CNC(=O)C1CCC(C2CCC(CNc3ccccc3)CC2c2ccc3[nH]c4nc(=O)[nH]c(=O)c-4nc3c2)CO1
fraggfn_6td3,best_candidate,92,92,460,5,-5.65146,O=c1nc2[nH]c3ccc(C4CC(c5ccnc([PH](=O)O)n5)COC4Br)cc3nc-2c(=O)[nH]1,O=c1nc2[nH]c3ccc(C4CC(c5ccnc([PH](=O)O)n5)C(C5CCCOC5)OC4Br)cc3nc-2c(=O)[nH]1
fraggfn_6td3,best_candidate,93,93,465,5,-5.64841,CC(C)(C)c1cc(C2CCCC(C3CCCCC3)C2)ccc1C1CC=CCC1,CC(C)(C)c1cc(C2CCCC(C3CCCC(c4nc5[nH]cnc5c(=O)[nH]4)C3)C2)ccc1C1CC=CCC1
fraggfn_6td3,best_candidate,94,94,470,5,-5.645880000000001,O=c1nc2n(-c3nccc(-c4ncnc5c4ncn5C4CCNCC4)n3)c3cc(C4CCCO4)ccc3nc-2c(=O)[nH]1,[NH3+]Cc1cc(-c2ncnc3c2ncn3C2CCNCC2)nc(-n2c3nc(=O)[nH]c(=O)c-3nc3ccc(C4CCCO4)cc32)n1
fraggfn_6td3,best_candidate,95,95,475,5,-5.64517,O=c1nc2[nH]c3cc(-c4cc(C5CCCCC5)nc(-c5nc6[nH]cnc6c(=O)[nH]5)c4C4CCNCC4)ccc3nc-2c(=O)[nH]1,O=CNc1c(C2CCCCC2)nc(-c2nc3[nH]cnc3c(=O)[nH]2)c(C2CCNCC2)c1-c1ccc2nc3c(=O)[nH]c(=O)nc-3[nH]c2c1
fraggfn_6td3,best_candidate,96,96,480,5,-5.63729,CC(=O)NC1CC(n2cnc3c(=O)[nH]cnc32)CC(c2ccc3nc4c(=O)[nH]c(=O)nc-4[nH]c3c2)C1c1ccncc1,CC(=O)NC1CC(n2cnc3c(=O)[nH]c(C4CCCN4)nc32)CC(c2ccc3nc4c(=O)[nH]c(=O)nc-4[nH]c3c2)C1c1ccncc1
fraggfn_6td3,best_candidate,97,97,485,5,-5.63699,O=c1nc2n(-c3nc4c(ncn4C4CCCC(C5CCCCC5)C4C4CCCCC4)c(=O)[nH]3)c3ccccc3nc-2c(=O)[nH]1,O=c1nc2n(-c3nc4c(ncn4C4CCCC(C5CCCCC5)C4C4CCCCC4n4cccnc4=O)c(=O)[nH]3)c3ccccc3nc-2c(=O)[nH]1
fraggfn_6td3,best_candidate,98,98,490,5,-5.63616,N=Cc1cccc(C2C(c3ccc4nc5c(=O)[nH]c(=O)nc-5[nH]c4c3)CCCC2c2ccn[nH]2)c1,C=Cc1cn[nH]c1C1CCCC(c2ccc3nc4c(=O)[nH]c(=O)nc-4[nH]c3c2)C1c1cccc(C=N)c1
fraggfn_6td3,best_candidate,99,99,495,5,-5.6338,O=c1nc2[nH]c3ccc(C4CCC(C5CCCN5)C(c5cccc(C6CCCCO6)c5)C4)cc3nc-2c(=O)[nH]1,O=c1nc2[nH]c3ccc(C4CCC(C5CCCN5n5cnc6c(=O)[nH]cnc65)C(c5cccc(C6CCCCO6)c5)C4)cc3nc-2c(=O)[nH]1
fraggfn_6td3,best_candidate,100,100,500,5,-5.628229999999999,O=c1nc2n(-c3cc(-c4ccccc4)ncn3)c3cc(-c4c[nH]c(=O)[nH]c4=O)c(-c4ccccc4)cc3nc-2c(=O)[nH]1,O=c1nc2n(-c3cc(-c4ccccc4)ncn3)c3cc(-c4c[nH]c(=O)[nH]c4=O)c(-c4ccc([N+](=O)[O-])cc4)cc3nc-2c(=O)[nH]1
fraggfn_6td3,best_candidate,101,101,505,5,-5.62738,CC=Cc1ncnc(-c2cccnc2)c1-c1ccc2c(c1)nc1c(=O)[nH]c(=O)nc-1n2N,CC(=Cc1ncnc(-c2cccnc2)c1-c1ccc2c(c1)nc1c(=O)[nH]c(=O)nc-1n2N)n1cnc2c(=O)[nH]cnc21
fraggfn_6td3,best_candidate,102,102,510,5,-5.62707,C=CC1CCNCC1c1cc2[nH]c3nc(=O)[nH]c(=O)c-3nc2cc1C1CCCCC1c1ccccc1,C=CC1CCNCC1c1cc2[nH]c3nc(=O)[nH]c(=O)c-3nc2cc1C1CC(N2CCCCC2)CCC1c1ccccc1
fraggfn_6td3,best_candidate,103,103,515,5,-5.6253199999999985,CC(=O)c1cc2nc3c(=O)[nH]c(=O)nc-3n(-c3cccc(-c4ccccc4)c3)c2cc1-c1ccc2ccccc2c1,CC(=O)c1cc2nc3c(=O)[nH]c(=O)nc-3n(-c3cccc(-c4cccc(C5CCCCC5)c4)c3)c2cc1-c1ccc2ccccc2c1
fraggfn_6td3,best_candidate,104,104,520,5,-5.62188,Nn1c2nc(=O)[nH]c(=O)c-2nc2ccc(C3CC(C4CCC(c5ccc6ccccc6c5)CC4)CO3)cc21,Nn1c2nc(=O)[nH]c(=O)c-2nc2ccc(C3CC(C4CCC(c5ccc6ccccc6c5)C(c5cccc6ccccc56)C4)CO3)cc21
fraggfn_6td3,best_candidate,105,105,525,5,-5.616969999999999,C1=CCC(C2CCC(c3cccc(-c4ccc5ccccc5c4)c3)C(c3ccncc3)C2)CC1,O=c1[nH]c(-c2cc(C3CC(C4CC=CCC4)CCC3c3cccc(-c4ccc5ccccc5c4)c3)ccn2)nc2c1NCCN2
fraggfn_6td3,best_candidate,106,106,530,5,-5.61494,CC(=O)Nn1c2nc(=O)[nH]c(=O)c-2nc2ccc(-c3ccc(C4CCCCO4)cc3C3CCCOC3)cc21,CC(=O)Nn1c2nc(=O)[nH]c(=O)c-2nc2ccc(-c3ccc(C4CCCCO4)cc3C3CCC(c4ccccc4)OC3)cc21
fraggfn_6td3,best_candidate,107,107,535,5,-5.61418,O=c1nc2[nH]c3cc(F)c(C4CCCC(c5cc(C6CCCCC6)cc6ccccc56)C4)cc3nc-2c(=O)[nH]1,O=c1nc2[nH]c3ccc(C4CCCC(c5cc(C6CCCC(c7cc8nc9c(=O)[nH]c(=O)nc-9[nH]c8cc7F)C6)c6ccccc6c5)C4)cc3nc-2c(=O)[nH]1
fraggfn_6td3,best_candidate,108,108,540,5,-5.6110999999999995,O=c1nc2n(-c3nccc(C4CCC(F)CC4)n3)c3cc(-c4c[nH]c(=O)[nH]c4=O)ccc3nc-2c(=O)[nH]1,O=c1nc2n(-c3nccc(C4CCC(F)C(C5CCCN5)C4)n3)c3cc(-c4c[nH]c(=O)[nH]c4=O)ccc3nc-2c(=O)[nH]1
fraggfn_6td3,best_candidate,109,109,545,5,-5.610779999999999,CC(=O)NCC1C(c2ccccc2)CCCC1C1OCCCC1c1ccc2[nH]c3nc(=O)[nH]c(=O)c-3nc2c1,CC(=O)NCC1C(c2ccccc2)CCCC1C1OC(c2ccccc2)CCC1c1ccc2[nH]c3nc(=O)[nH]c(=O)c-3nc2c1
fraggfn_6td3,best_candidate,110,110,550,5,-5.6099,NC1C(C2CCCC(c3ccc4[nH]c5nc(=O)[nH]c(=O)c-5nc4c3)C2)CCOC1N1CCOCC1,NC1C(C2CCCC(c3cc4nc5c(=O)[nH]c(=O)nc-5[nH]c4cc3-c3ccc4nc5c(=O)[nH]c(=O)nc-5[nH]c4c3)C2)CCOC1N1CCOCC1
fraggfn_6td3,best_candidate,111,111,555,5,-5.603759999999999,O=c1ccn(-c2nc3c(ncn3C3CCCC(c4cc(-c5c[nH]c6ccccc56)cc5ccccc45)C3)c(=O)[nH]2)c(=O)[nH]1,O=c1ccn(-c2nc3c(ncn3C3CC(c4cc(-c5c[nH]c6ccccc56)cc5ccccc45)CC(C4CCCCC4)C3)c(=O)[nH]2)c(=O)[nH]1
fraggfn_6td3,best_candidate,112,112,560,5,-5.59996,O=c1nc2n(C3CCCN3)c3cc(-c4cccc(C5CCCCC5Br)c4)ccc3nc-2c(=O)[nH]1,O=c1nc2n(C3CCC(C4CCCCC4)N3)c3cc(-c4cccc(C5CCCCC5Br)c4)ccc3nc-2c(=O)[nH]1
fraggfn_6td3,best_candidate,113,113,565,5,-5.59901,O=c1nc2[nH]c3ccc(C4C=C(c5cccc(-c6ccc(N7C=CCC=C7)cc6)c5)CCC4)cc3nc-2c(=O)[nH]1,O=c1nc2[nH]c3ccc(C4C=C(c5cccc(-c6ccc(N7C=CCC=C7)c(-n7c8nc(=O)[nH]c(=O)c-8nc8ccccc87)c6)c5)CCC4)cc3nc-2c(=O)[nH]1
fraggfn_6td3,best_candidate,114,114,570,5,-5.59264,O=c1nc2[nH]c3ccc(-c4cc(-c5cccs5)c(-c5cscn5)cc4-c4ccccc4)cc3nc-2c(=O)[nH]1,O=c1nc2[nH]c3ccc(-c4c(-c5ccccc5)cc(-c5cscn5)c(-c5cccs5)c4-c4ccccn4)cc3nc-2c(=O)[nH]1
fraggfn_6td3,best_candidate,115,115,575,5,-5.59262,COC1CC(c2ccccc2)C(c2ccc3[nH]c4nc(=O)[nH]c(=O)c-4nc3c2)C(C2CCCCO2)C1,COC1CC(c2ccccc2)C(c2ccc3[nH]c4nc(=O)[nH]c(=O)c-4nc3c2)C(C2CCCCO2)C1C1CCNCC1
fraggfn_6td3,best_candidate,116,116,580,5,-5.5875900000000005,O=c1nc2n(NCc3nc(-c4ncnc5[nH]cnc45)ccc3-c3ccccc3)c3ccccc3nc-2c(=O)[nH]1,O=c1nc2n(NCc3nc(-c4ncnc5[nH]cnc45)c(C4CCCCC4)cc3-c3ccccc3)c3ccccc3nc-2c(=O)[nH]1
fraggfn_6td3,best_candidate,117,117,585,5,-5.58507,CC(=CC=Cc1ccc2nc3c(=O)[nH]c(=O)nc-3[nH]c2c1)C1CCC(c2ccncn2)O1,CC(=CC=Cc1ccc2nc3c(=O)[nH]c(=O)nc-3[nH]c2c1)C1CCC(c2cc(-c3ccc4ccccc4c3)ncn2)O1
fraggfn_6td3,best_candidate,118,118,590,5,-5.58421,O=c1nc2[nH]c3ccc(NCc4ccc(-c5ccccn5)cc4C4CCCO4)cc3nc-2c(=O)[nH]1,O=c1nc2[nH]c3ccc(NCc4cc(-c5ccc6ccccc6c5)c(-c5ccccn5)cc4C4CCCO4)cc3nc-2c(=O)[nH]1
fraggfn_6td3,best_candidate,119,119,595,5,-5.58317,CC1NCCC1C1=CC(c2ccncn2)C(c2ccc3nc4c(=O)[nH]c(=O)nc-4[nH]c3c2)CC1,CC1NCCC1C1=CC(c2cc(-c3ccc4[nH]c5nc(=O)[nH]c(=O)c-5nc4c3)ncn2)C(c2ccc3nc4c(=O)[nH]c(=O)nc-4[nH]c3c2)CC1
fraggfn_6td3,best_candidate,120,120,600,5,-5.578360000000001,CC(C)=CC1CCCC(c2ccc3[nH]c4nc(=O)[nH]c(=O)c-4nc3c2)C1OCc1ncccn1,CC(C)=CC1CCCC(c2ccc3[nH]c4nc(=O)[nH]c(=O)c-4nc3c2)C1OCc1nccc(-c2ccccc2)n1
fraggfn_6td3,best_candidate,121,121,605,5,-5.57716,O=c1nc2n(-c3ncccc3C3CCCC(c4cc(-c5c[nH]c(=O)[nH]c5=O)c5ccccc5c4)C3)c3ccccc3nc-2c(=O)[nH]1,O=c1nc(-c2ccc3nc4c(=O)[nH]c(=O)nc-4n(-c4ncccc4C4CCCC(c5cc(-c6c[nH]c(=O)[nH]c6=O)c6ccccc6c5)C4)c3c2)cc[nH]1
fraggfn_6td3,best_candidate,122,122,610,5,-5.570900000000001,CC(=O)NCc1cc2[nH]c3nc(=O)[nH]c(=O)c-3nc2cc1-c1c(NC(C)=O)cccc1C1CCOC1,CC(=O)NCc1cc2[nH]c3nc(=O)[nH]c(=O)c-3nc2cc1-c1c(NC(C)=O)cc(C2CCCCC2)cc1C1CCOC1
fraggfn_6td3,best_candidate,123,123,615,5,-5.568770000000001,O=c1[nH]c(-c2c[nH]nc2C2CCC(n3cnc4c(=O)[nH]c(-c5ccncc5)nc43)CC2)nc2[nH]cnc12,O=c1[nH]c(-c2c[nH]nc2C2CCC(n3cnc4c(=O)[nH]c(-c5ccncc5-c5ccc6ccccc6c5)nc43)CC2)nc2[nH]cnc12
fraggfn_6td3,best_candidate,124,124,620,5,-5.567270000000001,O=c1nc2[nH]c3cc(C4CC(C5CCCCC5c5ccccc5)OCC4c4cccs4)ccc3nc-2c(=O)[nH]1,O=c1nc2[nH]c3cc(C4CC(C5CCCCC5c5cccc(-c6ncccn6)c5)OCC4c4cccs4)ccc3nc-2c(=O)[nH]1
fraggfn_6td3,best_candidate,125,125,625,5,-5.56559,O=C(NCc1ccc2nc3c(=O)[nH]c(=O)nc-3[nH]c2c1)C1CCCC(c2ccncc2-c2ccccn2)C1,O=C(NCc1ccc2nc3c(=O)[nH]c(=O)nc-3[nH]c2c1)C1CC(c2ccncc2-c2ccccn2)CCC1C1CCCNC1
fraggfn_6td3,best_candidate,126,126,630,5,-5.5561300000000005,O=c1nc2n(C3C(c4ccncc4)CC(C4CCCN4)CC3N3CCNCC3)c3ccccc3nc-2c(=O)[nH]1,O=c1nc2n(C3C(c4ccncc4)CC(C4NCCC4c4ccccc4)CC3N3CCNCC3)c3ccccc3nc-2c(=O)[nH]1
fraggfn_6td3,best_candidate,127,127,635,5,-5.554549999999999,O=c1nc2n(-c3ccc4ccccc4c3)c3ccc(-c4c(C5CCCN5)ccnc4-n4cccn4)cc3nc-2c(=O)[nH]1,O=c1nc2n(-c3ccc4ccccc4c3)c3ccc(-c4c(C5CCCN5)ccnc4-n4ccc(-c5nc6[nH]cnc6c(=O)[nH]5)n4)cc3nc-2c(=O)[nH]1
fraggfn_6td3,best_candidate,128,128,640,5,-5.55283,O=c1nc2[nH]c3cc(C4CCC(C5CCCCC5)C(C5CCCCC5C5CCCCO5)C4)ccc3nc-2c(=O)[nH]1,O=c1nc2[nH]c3ccc(C4CCCCC4C4CCC(c5ccc6nc7c(=O)[nH]c(=O)nc-7[nH]c6c5)CC4C4CCCCC4C4CCCCO4)cc3nc-2c(=O)[nH]1
fraggfn_6td3,best_candidate,129,129,645,5,-5.548330000000001,O=c1nc2[nH]c3cc(C4CCCCC4[n+]4cccc(-c5cccc([N+](=O)[O-])c5)c4)ccc3nc-2c(=O)[nH]1,N=C(N)c1cc2nc3c(=O)[nH]c(=O)nc-3[nH]c2cc1C1CCCCC1[n+]1cccc(-c2cccc([N+](=O)[O-])c2)c1
fraggfn_6td3,best_candidate,130,130,650,5,-5.546390000000001,O=C(NCc1ccc2[nH]c3nc(=O)[nH]c(=O)c-3nc2c1)C(=O)NCn1cc(C2CCCO2)c(=O)[nH]c1=O,O=C(NCc1cc2nc3c(=O)[nH]c(=O)nc-3[nH]c2cc1-c1ccccc1)C(=O)NCn1cc(C2CCCO2)c(=O)[nH]c1=O
fraggfn_6td3,best_candidate,131,131,655,5,-5.54636,NCC1CCNC1C1CCCC(c2ccccc2-c2ccc3[nH]c4nc(=O)[nH]c(=O)c-4nc3c2)C1,O=c1nc2[nH]c3ccc(-c4ccccc4C4CCCC(C5NCCC5CNn5c6nc(=O)[nH]c(=O)c-6nc6ccccc65)C4)cc3nc-2c(=O)[nH]1
fraggfn_6td3,best_candidate,132,132,660,5,-5.54539,O=c1nc2n(-c3nc4c(ncn4-c4cccc(C5CCCC(P(=O)(O)O)C5)c4)c(=O)[nH]3)c3ccccc3nc-2c(=O)[nH]1,O=c1nc2n(-c3nc4c(ncn4-c4cccc(C5CCCC(P(=O)(O)O)C5)c4)c(=O)[nH]3)c3cc(-c4nc5[nH]cnc5c(=O)[nH]4)ccc3nc-2c(=O)[nH]1
fraggfn_6td3,best_candidate,133,133,665,5,-5.543890000000001,O=c1nc2[nH]c3cc(-c4c[nH]c(C5CCCCC5C5CCCCC5c5ccccc5)c4)ccc3nc-2c(=O)[nH]1,O=c1nc2[nH]c3cc(-c4c[nH]c(C5CCCCC5C5CCC(c6ccc7nc8c(=O)[nH]c(=O)nc-8[nH]c7c6)CC5c5ccccc5)c4)ccc3nc-2c(=O)[nH]1
fraggfn_6td3,best_candidate,134,134,670,5,-5.543810000000001,O=c1nc2[nH]c3cc(N4CCCC4)c(-c4cnccc4-c4cc(C5CCCCC5)ncn4)cc3nc-2c(=O)[nH]1,O=c1nc2[nH]c3cc(N4CCCC4)c(-c4cnccc4-c4cc(C5CCCC(c6nc7c(c(=O)[nH]6)NCCN7)C5)ncn4)cc3nc-2c(=O)[nH]1
fraggfn_6td3,best_candidate,135,135,675,5,-5.542020000000001,C1=CCC(C2CCNC2C2CCCC(c3csc(-c4cccnc4)n3)C2)CC1,O=c1nc2[nH]c3cc(C4C=CCCC4C4CCNC4C4CCCC(c5csc(-c6cccnc6)n5)C4)ccc3nc-2c(=O)[nH]1
fraggfn_6td3,best_candidate,136,136,680,5,-5.540800000000001,O=c1nc2[nH]c3cc(C4CCC(c5cscn5)CC4n4cnc5c(=O)[nH]c(C6CCCCO6)nc54)ccc3nc-2c(=O)[nH]1,O=c1nc2[nH]c3cc(C4CCC(c5cscn5)CC4n4cnc5c(=O)[nH]c(C6CCCC(C7CCCOC7)O6)nc54)ccc3nc-2c(=O)[nH]1
fraggfn_6td3,best_candidate,137,137,685,5,-5.53754,O=c1[nH]c(C2CCCCC2C2OCCC2c2ccc3ccccc3c2)nc2c1ncn2C1CCCOC1,O=c1[nH]c(C2CCCCC2C2OCCC2c2ccc3ccccc3c2)nc2c1ncn2C1CCC(C2CCCCC2)OC1
fraggfn_6td3,best_candidate,138,138,690,5,-5.5370099999999995,c1ccc(C2CCCC(C3CCC(C4CCOC4)CC3N3CCCC3)C2)cc1,O=c1nc2[nH]c3ccc(C4C(C5CCOC5)CCC(C5CCCC(c6ccccc6)C5)C4N4CCCC4)cc3nc-2c(=O)[nH]1
fraggfn_6td3,best_candidate,139,139,695,5,-5.5307200000000005,O=c1nc2[nH]c3ccc(-c4ccc(-c5cccnc5)cc4C4OCCC4C4CCCOC4)cc3nc-2c(=O)[nH]1,O=c1nc2[nH]c3ccc(-c4ccc(-c5cccnc5)cc4C4OCCC4C4CCC(C5CC=CCC5)OC4)cc3nc-2c(=O)[nH]1
fraggfn_6td3,best_candidate,140,140,700,5,-5.52947,O=[PH](O)C1CCC(c2ccccc2)CC1C1CCCCC1c1ccccc1,O=c1nc2[nH]c3cc(-c4cccc(C5CCCCC5C5CC(c6ccccc6)CCC5[PH](=O)O)c4)ccc3nc-2c(=O)[nH]1
fraggfn_6td3,best_candidate,141,141,705,5,-5.528840000000001,O=c1[nH]c(CCC2CC(C3OCCC3c3ccccc3)CO2)nc2[nH]cnc12,O=c1nc2[nH]c3cc(C4CC(c5ccccc5)C(C5COC(CCc6nc7[nH]cnc7c(=O)[nH]6)C5)O4)ccc3nc-2c(=O)[nH]1
fraggfn_6td3,best_candidate,142,142,710,5,-5.52798,O=c1[nH]c(C2CCCCC2c2cc(C3CCCCC3C3CC=CCC3)cc3ccccc23)nc2[nH]cnc12,O=c1[nH]c(C2CCCC(C3CC=CCC3)C2c2cc(C3CCCCC3C3CC=CCC3)cc3ccccc23)nc2[nH]cnc12
fraggfn_6td3,best_candidate,143,143,715,5,-5.522960000000001,O=c1nc2[nH]c3cc(-c4ccccn4)c(N4CCCC4c4ncccc4-c4nc5[nH]cnc5c(=O)[nH]4)cc3nc-2c(=O)[nH]1,O=c1nc2[nH]c3cc(-c4ccccn4)c(N4CCCC4c4ncccc4-c4nc5c(ncn5-c5ccncc5)c(=O)[nH]4)cc3nc-2c(=O)[nH]1
fraggfn_6td3,best_candidate,144,144,720,5,-5.522920000000001,O=c1nc2n(-c3cccc(-c4ccncc4C4CCCCC4)n3)c3cc(-c4ccccn4)ccc3nc-2c(=O)[nH]1,O=c1nc2n(-c3cccc(-c4ccncc4C4CCCCC4)n3)c3cc(-c4cc(C5CCCOC5)ccn4)ccc3nc-2c(=O)[nH]1
fraggfn_6td3,best_candidate,145,145,725,5,-5.522799999999999,CC(C)(C)c1ccc(C2CCOC2C2=CN(C3CCCOC3)C=CC2)cc1,CC(C)(C)c1ccc(C2CC(c3ccc4nc5c(=O)[nH]c(=O)nc-5[nH]c4c3)OC2C2=CN(C3CCCOC3)C=CC2)cc1
fraggfn_6td3,best_candidate,146,146,730,5,-5.52057,O=C(NCc1cc(-c2cccc3ccccc23)ccc1-c1cccnc1)c1ccccn1,O=C(NCc1cc(-c2cccc3ccccc23)c(-c2c[nH]c3ccccc23)cc1-c1cccnc1)c1ccccn1
fraggfn_6td3,best_candidate,147,147,735,5,-5.5193200000000004,O=c1nc2[nH]c3ccc(N4C(c5cc(-c6cc[nH]c6)c6ccccc6c5)CCC4c4ncnc5[nH]cnc45)cc3nc-2c(=O)[nH]1,O=c1nc2[nH]c3ccc(N4C(c5cc(-c6cc[nH]c6)c6ccccc6c5)CCC4c4ncnc5c4ncn5O)cc3nc-2c(=O)[nH]1
fraggfn_6td3,best_candidate,148,148,740,5,-5.51878,O=C(NO)c1ccc(-c2ccnc(-n3c4nc(=O)[nH]c(=O)c-4nc4ccccc43)n2)nc1-c1nc2[nH]cnc2c(=O)[nH]1,O=C(NO)c1ccc(-c2nc(-n3c4nc(=O)[nH]c(=O)c-4nc4ccccc43)ncc2-c2ccccc2)nc1-c1nc2[nH]cnc2c(=O)[nH]1
fraggfn_6td3,best_candidate,149,149,745,5,-5.518609999999999,O=c1nc2[nH]c3ccc(C4CCCC(C5CCC(c6ccc7[nH]c8nc(=O)[nH]c(=O)c-8nc7c6)N5c5cncnc5)C4)cc3nc-2c(=O)[nH]1,CC(=O)NC1C(c2ccc3[nH]c4nc(=O)[nH]c(=O)c-4nc3c2)CCCC1C1CCC(c2ccc3[nH]c4nc(=O)[nH]c(=O)c-4nc3c2)N1c1cncnc1
fraggfn_6td3,best_candidate,150,150,750,5,-5.5148399999999995,O=C(NN1C(c2ccncn2)CCC1n1c2nc(=O)[nH]c(=O)c-2nc2ccccc21)c1ccccn1,O=C(NN1C(c2ccncn2)CCC1n1c2nc(=O)[nH]c(=O)c-2nc2ccccc21)c1ncccc1-c1ccc2nc3c(=O)[nH]c(=O)nc-3[nH]c2c1
fraggfn_6td3,best_candidate,151,151,755,5,-5.513840000000001,O=c1[nH]c(-c2ccnc(NCc3ccc(-c4ccccc4)cc3)c2)nc2c1NCCN2,O=c1nc2n(-c3ccccc3-c3ccc(CNc4cc(-c5nc6c(c(=O)[nH]5)NCCN6)ccn4)cc3)c3ccccc3nc-2c(=O)[nH]1
fraggfn_6td3,best_candidate,152,152,760,5,-5.51201,O=c1nc2[nH]c3cc(C4CCC(c5cccc(-c6cc(-c7nc8[nH]cnc8c(=O)[nH]7)cc7ccccc67)n5)O4)ccc3nc-2c(=O)[nH]1,O=c1nc2[nH]c3cc(C4CCC(c5ccc(C6CCCO6)c(-c6cc(-c7nc8[nH]cnc8c(=O)[nH]7)cc7ccccc67)n5)O4)ccc3nc-2c(=O)[nH]1
fraggfn_6td3,best_candidate,153,153,765,5,-5.50989,O=c1nc2[nH]c3ccc(NCc4ccc([PH](=O)[O-])nc4-c4ccccn4)cc3nc-2c(=O)[nH]1,O=c1nc2[nH]c3ccc(NCc4ccc([PH](=O)[O-])nc4-c4cccc(-c5ccccc5)n4)cc3nc-2c(=O)[nH]1
fraggfn_6td3,best_candidate,154,154,770,5,-5.5083899999999995,CC(C)(O)c1cccc(N2CCCCC2)c1-c1ccccc1C1CCCCC1,CC(C)(O)c1cccc(N2CCCCC2)c1-c1ccc(-c2ccc3nc4c(=O)[nH]c(=O)nc-4[nH]c3c2)cc1C1CCCCC1
fraggfn_6td3,best_candidate,155,155,775,5,-5.505259999999999,O=C(NC1CCC(c2ccccc2)CO1)n1c2nc(=O)[nH]c(=O)c-2nc2ccc(C3=CNC=CC3)cc21,O=C(NC1CCC(c2ccccc2-c2c[nH]c(=O)[nH]c2=O)CO1)n1c2nc(=O)[nH]c(=O)c-2nc2ccc(C3=CNC=CC3)cc21
fraggfn_6td3,best_candidate,156,156,780,5,-5.50186,O=c1nc2[nH]c3cc(-c4nn(C5OCCCC5c5ccc6ccccc6c5)cc4C4CCCCC4)ccc3nc-2c(=O)[nH]1,O=c1nc2[nH]c3cc(-c4nn(C5OCCCC5c5ccc6ccccc6c5)c(-c5nc6[nH]cnc6c(=O)[nH]5)c4C4CCCCC4)ccc3nc-2c(=O)[nH]1
fraggfn_6td3,best_candidate,157,157,785,5,-5.494939999999999,O=c1[nH]c(-c2c(C3CCCN3)cccc2C2OCCCC2c2cc[nH]c2)nc2[nH]cnc12,O=c1nc2n(-c3cc(C4CCCOC4c4cccc(C5CCCN5)c4-c4nc5[nH]cnc5c(=O)[nH]4)c[nH]3)c3ccccc3nc-2c(=O)[nH]1
fraggfn_6td3,best_candidate,158,158,790,5,-5.494400000000001,O=c1nc2[nH]c3ccc(-c4nc(C5CCCC(C6CCCCC6)C5)ncc4C4CCCCC4)cc3nc-2c(=O)[nH]1,O=c1nc2[nH]c3ccc(-c4nc(C5CCCC(C6CCCCC6)C5)nc(-c5cccc6ccccc56)c4C4CCCCC4)cc3nc-2c(=O)[nH]1
fraggfn_6td3,best_candidate,159,159,795,5,-5.49301,O=c1[nH]c(C2CCCC(C3CCCC(c4ccc[n+](-[n+]5ccccc5)c4)C3)C2)nc2[nH]cnc12,O=c1nc2[nH]c3ccc(-c4ccc[n+](-[n+]5cccc(C6CCCC(C7CCCC(c8nc9[nH]cnc9c(=O)[nH]8)C7)C6)c5)c4)cc3nc-2c(=O)[nH]1
fraggfn_6td3,best_candidate,160,160,800,5,-5.48939,O=c1[nH]c(-c2cc(C3CCC(c4nc5c(ncn5C5CCOCC5)c(=O)[nH]4)CC3)ccn2)nc2[nH]cnc12,O=c1[nH]c(-c2cc(C3CCC(c4nc5c(ncn5C5CCOCC5)c(=O)[nH]4)CC3c3ccc4ccccc4c3)ccn2)nc2[nH]cnc12
fraggfn_6td3,best_candidate,161,161,805,5,-5.488,O=c1nc2[nH]c3cc(C4CCCN(c5ccccc5C5CCCCC5C5CCCCC5)C4)ccc3nc-2c(=O)[nH]1,O=c1nc2[nH]c3cc(C4CCCN(c5ccccc5C5CCCCC5C5CCCC(C6CCOCC6)C5)C4)ccc3nc-2c(=O)[nH]1
fraggfn_6td3,best_candidate,162,162,810,5,-5.485390000000001,O=c1nc2[nH]c3cc(-c4cccc(-c5ccccc5)c4)c(-c4cccc(C5CCCCO5)c4)cc3nc-2c(=O)[nH]1,O=c1nc2n(-c3ccccc3)c3cc(-c4cccc(-c5ccccc5)c4)c(-c4cccc(C5CCCCO5)c4)cc3nc-2c(=O)[nH]1
fraggfn_6td3,best_candidate,163,163,815,5,-5.476090000000001,O=c1nc2[nH]c3ccc(-c4cc(-c5ccccc5C5CCCCC5)cnc4-c4ccncc4)cc3nc-2c(=O)[nH]1,O=c1nc2[nH]c3ccc(-c4cc(-c5c(C6CCCCC6)cccc5C5CCNCC5)cnc4-c4ccncc4)cc3nc-2c(=O)[nH]1
fraggfn_6td3,best_candidate,164,164,820,5,-5.46948,CC(=O)c1cc(-c2ccnn2-c2ccc3nc4c(=O)[nH]c(=O)nc-4[nH]c3c2)cnc1C1CCCO1,CC(=O)c1c(C2CCCO2)ncc(-c2ccnn2-c2ccc3nc4c(=O)[nH]c(=O)nc-4[nH]c3c2)c1C1CCCOC1
fraggfn_6td3,best_candidate,165,165,825,5,-5.469150000000001,O=c1nc2[nH]c3ccc(C4CCCC(c5ccccc5-c5cc(-c6ccccn6)[nH]n5)C4)cc3nc-2c(=O)[nH]1,O=c1nc2[nH]c3ccc(C4CCCC(c5ccccc5-c5cc(-c6ccccn6)[nH]n5)C4c4ccc5[nH]c6nc(=O)[nH]c(=O)c-6nc5c4)cc3nc-2c(=O)[nH]1
fraggfn_6td3,best_candidate,166,166,830,5,-5.46674,C1=CN(C2CCC(c3ccc(-c4n[nH]cc4-c4ccccn4)cc3)CC2)C=CC1,O=c1nc2[nH]c3cc(-c4cc(-c5n[nH]cc5-c5ccccn5)ccc4C4CCC(N5C=CCC=C5)CC4)ccc3nc-2c(=O)[nH]1
fraggfn_6td3,best_candidate,167,167,835,5,-5.463660000000001,O=c1nc2[nH]c3cc(C4CC(C5CCCC(C6CCCO6)C5)OCC4C4CCOCC4)ccc3nc-2c(=O)[nH]1,O=c1nc2[nH]c3cc(C4CC(C5CCCC(C6CCCO6)C5)OCC4C4CCOC(C5CCCCC5)C4)ccc3nc-2c(=O)[nH]1
fraggfn_6td3,best_candidate,168,168,840,5,-5.456250000000001,CC(=O)NCn1cnc2c(=O)[nH]c(C3CCCC(c4cc(-c5ccc6nc7c(=O)[nH]c(=O)nc-7[nH]c6c5)ccn4)C3)nc21,CC(=O)NCn1cnc2c(=O)[nH]c(C3CCCC(c4cc(-c5cc6[nH]c7nc(=O)[nH]c(=O)c-7nc6cc5-c5ccc6ccccc6c5)ccn4)C3)nc21
fraggfn_6td3,best_candidate,169,169,845,5,-5.45311,O=C(NC1OCCC(c2ccc3ccccc3c2)C1C1CCCCC1)c1ccc2nc3c(=O)[nH]c(=O)nc-3[nH]c2c1,O=C(NC1OC(C2CCCCC2)CC(c2ccc3ccccc3c2)C1C1CCCCC1)c1ccc2nc3c(=O)[nH]c(=O)nc-3[nH]c2c1
fraggfn_6td3,best_candidate,170,170,850,5,-5.45179,N=C(N)C1=CN(c2cn(-c3cc[nH]c3)nc2C2CCCNC2)C=CC1,N=C(N)C1=CN(c2cn(-c3cc[nH]c3)nc2C2CCCN(c3ncnc4[nH]cnc34)C2)C=CC1
fraggfn_6td3,best_candidate,171,171,855,5,-5.45003,CCC1CCC(c2ccccn2)C(n2cnc3c(=O)[nH]cnc32)C1c1ccc2[nH]c3nc(=O)[nH]c(=O)c-3nc2c1,CCC1CCC(c2ccccn2)C(n2cnc3c(=O)[nH]c(C4=CNC=CC4)nc32)C1c1ccc2[nH]c3nc(=O)[nH]c(=O)c-3nc2c1
fraggfn_6td3,best_candidate,172,172,860,5,-5.44718,O=c1nc2n(-c3c(C4CCCCC4)cc(-c4ccn[nH]4)cc3-n3cccn3)c3ccccc3nc-2c(=O)[nH]1,O=c1nc2n(-c3c(C4CCCC(c5ccc6ccccc6c5)C4)cc(-c4ccn[nH]4)cc3-n3cccn3)c3ccccc3nc-2c(=O)[nH]1
fraggfn_6td3,best_candidate,173,173,865,5,-5.4440800000000005,C1=CC(c2nc(C3CCCN3)ccc2-c2cc(-c3ccccc3)c3ccccc3c2)CCC1,C1=CC(c2nc(C3CCCN3)ccc2-c2cc(-c3cccc(-c4ccccc4)c3)c3ccccc3c2)CCC1
fraggfn_6td3,best_candidate,174,174,870,5,-5.4423699999999995,O=c1[nH]c(C2OCCC2c2cc(-c3ccccc3)ccc2-n2cnc3c(=O)[nH]cnc32)nc2[nH]cnc12,O=c1[nH]cnc2c1ncn2-c1ccc(-c2ccccc2)cc1C1CCOC1c1nc2c(ncn2-n2cnc3c(=O)[nH]cnc32)c(=O)[nH]1
fraggfn_6td3,best_candidate,175,175,875,5,-5.44229,O=c1nc2n([SH](=O)=O)c3cc(-c4ccnc(C5CCCC(C6CCOC6)C5)n4)ccc3nc-2c(=O)[nH]1,O=c1nc2n([SH](=O)=O)c3cc(-c4ccnc(C5CCC(c6c[nH]c(=O)[nH]c6=O)C(C6CCOC6)C5)n4)ccc3nc-2c(=O)[nH]1
fraggfn_6td3,best_candidate,176,176,880,5,-5.44184,O=CNCC1CCCC(C2CCC(C3CC=CCC3)CC2)C1C1CCCNC1,O=C(NCC1CCCC(C2CCC(C3CC=CCC3)CC2)C1C1CCCNC1)n1c2nc(=O)[nH]c(=O)c-2nc2ccccc21
fraggfn_6td3,best_candidate,177,177,885,5,-5.440799999999999,O=c1nc2[nH]c3ccc(C4CCC(c5ccccc5)CC4c4nc(-c5c[nH]c(=O)[nH]c5=O)cs4)cc3nc-2c(=O)[nH]1,O=c1nc2[nH]c3ccc(C4CCC(c5cccc(O)c5)CC4c4nc(-c5c[nH]c(=O)[nH]c5=O)cs4)cc3nc-2c(=O)[nH]1
fraggfn_6td3,best_candidate,178,178,890,5,-5.44053,O=C(Nc1ccccc1C1CCCC1)C1OCCCC1C1CCCCC1,O=C(Nc1ccccc1C1CCCC1)C1OCCCC1C1CCCC(c2nc3c(c(=O)[nH]2)NCCN3)C1
fraggfn_6td3,best_candidate,179,179,895,5,-5.44028,O=c1nc2[nH]c3ccc(-c4ccccc4C4CCC(CNC5CNc6nc[nH]c(=O)c6N5)N4)cc3nc-2c(=O)[nH]1,O=c1nc2[nH]c3ccc(-c4ccc(C5CC=CCC5)cc4C4CCC(CNC5CNc6nc[nH]c(=O)c6N5)N4)cc3nc-2c(=O)[nH]1
fraggfn_6td3,best_candidate,180,180,900,5,-5.4387,CNc1cccc(-c2cccc(C3CCC(n4cnc5c(=O)[nH]cnc54)OC3)c2)c1,O=c1[nH]cnc2c1ncn2C1CCC(c2cccc(-c3cccc(NCc4cccc5ccccc45)c3)c2)CO1
fraggfn_6td3,best_candidate,181,181,905,5,-5.43651,O=c1nc2n(N3CCN(c4cccc(-c5c[nH]c6ccccc56)c4)CC3)c3cc(-n4cccnc4=O)ccc3nc-2c(=O)[nH]1,O=c1nc2n(N3CCN(c4cccc(-c5c[nH]c6ccccc56)c4)CC3)c3cc(-n4ccc(-c5ccccc5)nc4=O)ccc3nc-2c(=O)[nH]1
fraggfn_6td3,best_candidate,182,182,910,5,-5.436349999999999,O=c1[nH]c(=O)n(C2OCCCC2CNC2CCCCO2)cc1-c1ccccc1,O=c1nc2[nH]c3cc(C4CCCOC4NCC4CCCOC4n4cc(-c5ccccc5)c(=O)[nH]c4=O)ccc3nc-2c(=O)[nH]1
fraggfn_6td3,best_candidate,183,183,915,5,-5.43631,O=CNc1cc(-c2ccc3nc4c(=O)[nH]c(=O)nc-4n(-c4cccc5ccccc45)c3c2)ccc1-c1ncccn1,O=CNc1cc(-c2ccc3nc4c(=O)[nH]c(=O)nc-4n(-c4cccc5ccccc45)c3c2)cc(-c2ccc3ccccc3c2)c1-c1ncccn1
fraggfn_6td3,best_candidate,184,184,920,5,-5.4343,C1=CC(c2nccc(-c3cc(-c4ccccc4)ncn3)n2)C(C2CCCCC2)CC1,C1=CCC(C2CCCCC2C2CCC=CC2c2nccc(-c3cc(-c4ccccc4)ncn3)n2)CC1
fraggfn_6td3,best_candidate,185,185,925,5,-5.433509999999999,O=c1nc2[nH]c3cc(C4CCC(c5ccccc5-c5ccccn5)C(CS)C4)ccc3nc-2c(=O)[nH]1,O=c1nc2[nH]c3cc(C4CC(CS)C(c5ccccc5-c5ccccn5)C(c5ccccc5)C4)ccc3nc-2c(=O)[nH]1
fraggfn_6td3,best_candidate,186,186,930,5,-5.43281,O=c1nc2n(-n3cc(-c4ccccc4-c4ccn[nH]4)c(=O)[nH]c3=O)c3cc(-c4ccc5ccccc5c4)ccc3nc-2c(=O)[nH]1,O=c1nc2n(-n3cc(-c4ccccc4-c4ccn[nH]4)c(=O)[nH]c3=O)c3cc(-c4cc(C5CCOC5)c5ccccc5c4)ccc3nc-2c(=O)[nH]1
fraggfn_6td3,best_candidate,187,187,935,5,-5.42981,C=Cc1ncc(C2CC(C3CCCCC3)CO2)c(-c2ccc3nc4c(=O)[nH]c(=O)nc-4[nH]c3c2)n1,C=Cc1ncc(C2CC(C3CCCCC3)CO2)c(-c2ccc3nc4c(=O)[nH]c(=O)nc-4n(-c4ccc5nc6c(=O)[nH]c(=O)nc-6[nH]c5c4)c3c2)n1
fraggfn_6td3,best_candidate,188,188,940,5,-5.426809999999999,O=c1nc2[nH]c3cc(C4=CC(C5CCNCC5c5ccccc5-c5ccc[nH+]c5)CCC4)ccc3nc-2c(=O)[nH]1,O=c1nc2[nH]c3cc(C4=CC(C5CCN(S)CC5c5ccccc5-c5ccc[nH+]c5)CCC4)ccc3nc-2c(=O)[nH]1
fraggfn_6td3,best_candidate,189,189,945,5,-5.425420000000001,c1csc(C2CCCN(C3CC(C4CCC(c5ccncn5)CC4)CCO3)C2)c1,O=c1nc2n(-c3nccc(C4CCC(C5CCOC(N6CCCC(c7cccs7)C6)C5)CC4)n3)c3ccccc3nc-2c(=O)[nH]1
fraggfn_6td3,best_candidate,190,190,950,5,-5.42026,CC(C)c1cn[nH]c1C1CCCCC1C1CCCCC1c1ccc2ccccc2c1,CC(C)c1cn[nH]c1C1CC(c2ccc3ccccc3c2)CCC1C1CCCCC1c1ccc2ccccc2c1
fraggfn_6td3,best_candidate,191,191,955,5,-5.419759999999999,O=c1nc2[nH]c3cc(C4OC(C5CCCN5)CCC4c4cnn(C5CCCCO5)c4)ccc3nc-2c(=O)[nH]1,O=c1nc2[nH]c3cc(C4OC(C5CCCN5)CCC4c4cnn(C5CCCCO5)c4)c(S)cc3nc-2c(=O)[nH]1
fraggfn_6td3,best_candidate,192,192,960,5,-5.41953,O=c1nc2n(-c3cccc(C4COCC(c5ccccc5-c5c[nH]c6ccccc56)C4)c3)c3ccccc3nc-2c(=O)[nH]1,O=c1nc2n(-c3cccc(C4COC(C5CCCCC5)C(c5ccccc5-c5c[nH]c6ccccc56)C4)c3)c3ccccc3nc-2c(=O)[nH]1
fraggfn_6td3,best_candidate,193,193,965,5,-5.4154599999999995,O=c1nc2n(C3CC(C4CCCC(C5CNc6nc[nH]c(=O)c6N5)C4)CO3)c3cc(-c4ccncn4)ccc3nc-2c(=O)[nH]1,O=c1nc2n(C3CC(C4CCCC(C5CNc6nc[nH]c(=O)c6N5)C4)CO3)c3cc(-c4ccnc(C5CCCO5)n4)ccc3nc-2c(=O)[nH]1
fraggfn_6td3,best_candidate,194,194,970,5,-5.4135100000000005,O=c1[nH]cnc2c1NC(C1CCC(C3CC(c4ccccc4)CCC3N3CCCCC3)N1)CN2,O=c1[nH]cnc2c1NC(C1CCC(C3CC(c4cccc(C5CCCCC5)c4)CCC3N3CCCCC3)N1)CN2
fraggfn_6td3,best_candidate,195,195,975,5,-5.412850000000001,O=S(=O)([O-])C1CCOC(C2CC(C3CCCOC3)NC2c2ccc3ccccc3c2)C1,O=S(=O)([O-])C1CCOC(C2CC(C3CCCOC3)N(c3c[nH]c4ccccc34)C2c2ccc3ccccc3c2)C1
fraggfn_6td3,best_candidate,196,196,980,5,-5.411989999999999,O=c1nc2[nH]c3ccc(-c4cccc(N5C=CCC(C6CCNC6)=C5)c4-n4cnc5c(=O)[nH]cnc54)cc3nc-2c(=O)[nH]1,O=c1nc2[nH]c3ccc(-c4c(-c5ccccc5)ccc(N5C=CCC(C6CCNC6)=C5)c4-n4cnc5c(=O)[nH]cnc54)cc3nc-2c(=O)[nH]1
fraggfn_6td3,best_candidate,197,197,985,5,-5.4115899999999995,C1=CC(c2ccc(C3CCN(c4cccs4)CC3)c(C3CCCCC3)c2)CCC1,O=c1nc2[nH]c3ccc(-c4c(C5C=CCCC5)ccc(C5CCN(c6cccs6)CC5)c4C4CCCCC4)cc3nc-2c(=O)[nH]1
fraggfn_6td3,best_candidate,198,198,990,5,-5.41074,O=c1[nH]cc(C2CCC(c3cccnc3)CC2c2c[nH]c(-c3ccccn3)c2)c(=O)[nH]1,O=c1nc2n(-c3ccc(C4CCC(c5c[nH]c(=O)[nH]c5=O)C(c5c[nH]c(-c6ccccn6)c5)C4)cn3)c3ccccc3nc-2c(=O)[nH]1
fraggfn_6td3,best_candidate,199,199,995,5,-5.41065,O=c1nc2[nH]c3ccc(-c4ccc5nc6c(=O)[nH]c(=O)nc-6n(-c6cc(C7CCCOC7[NH+]7CCOCC7)ccn6)c5c4)cc3nc-2c(=O)[nH]1,O=c1nc2[nH]c3ccc(-c4cc5c(cc4C4CCCO4)nc4c(=O)[nH]c(=O)nc-4n5-c4cc(C5CCCOC5[NH+]5CCOCC5)ccn4)cc3nc-2c(=O)[nH]1
fraggfn_6td3,best_candidate,200,200,1000,5,-5.40917,O=P(O)(O)C1CCCC(C2CCCCC2C2CCC=CC2C2CCOC2)C1,O=c1nc2[nH]c3cc(C4CCC(C5CCC=CC5C5CCOC5)C(C5CCCC(P(=O)(O)O)C5)C4)ccc3nc-2c(=O)[nH]1
fraggfn_6td3,best_candidate,201,201,1005,5,-5.40522,O=c1nc2[nH]c3cc(-c4ccc(-c5ccccn5)cc4-n4cnc5c(=O)[nH]c(-c6ccccc6)nc54)ccc3nc-2c(=O)[nH]1,O=c1nc2[nH]c3cc(-c4ccc(-c5ccc(O)cn5)cc4-n4cnc5c(=O)[nH]c(-c6ccccc6)nc54)ccc3nc-2c(=O)[nH]1
fraggfn_6td3,best_candidate,202,202,1010,5,-5.400720000000001,Cc1ccccc1-c1cc(-n2cnc3c(=O)[nH]c(-n4c5nc(=O)[nH]c(=O)c-5nc5ccccc54)nc32)cc2ccccc12,Cc1c(Cl)cccc1-c1cc(-n2cnc3c(=O)[nH]c(-n4c5nc(=O)[nH]c(=O)c-5nc5ccccc54)nc32)cc2ccccc12
fraggfn_6td3,best_candidate,203,203,1015,5,-5.39922,c1ccc(-c2cc(C3CC(n4cc(C5CCCCO5)cn4)CO3)cc3ccccc23)cc1,c1ccc(-c2cccc(-c3cc(C4CC(n5cc(C6CCCCO6)cn5)CO4)cc4ccccc34)c2)cc1
fraggfn_6td3,best_candidate,204,204,1020,5,-5.3970400000000005,O=C(NC1CCC(c2ccccc2-c2ccc3nc4c(=O)[nH]c(=O)nc-4[nH]c3c2)OC1)n1c2nc(=O)[nH]c(=O)c-2nc2ccccc21,O=C(NC1CCC(c2c(-c3ccc4nc5c(=O)[nH]c(=O)nc-5[nH]c4c3)cccc2-n2cnc3cncnc32)OC1)n1c2nc(=O)[nH]c(=O)c-2nc2ccccc21
fraggfn_6td3,best_candidate,205,205,1025,5,-5.39387,O=c1nc2n(C3CCC(C4CCCN4)CC3c3ccccc3)c3cc(C4=CNC=CC4)ccc3nc-2c(=O)[nH]1,O=c1nc2n(C3CCC(C4CCCN4)CC3c3cccc(C4CCNCC4)c3)c3cc(C4=CNC=CC4)ccc3nc-2c(=O)[nH]1
fraggfn_6td3,best_candidate,206,206,1030,5,-5.393610000000001,BrC1CCC(c2nccc(C3CCCCC3C3CCCCC3)n2)CO1,O=c1nc2[nH]c3ccc(C4CCCC(c5ccnc(C6CCC(Br)OC6)n5)C4C4CCCCC4)cc3nc-2c(=O)[nH]1
fraggfn_6td3,best_candidate,207,207,1035,5,-5.391120000000001,O=c1nc2[nH]c3cc(-c4cc5nc6c(=O)[nH]c(=O)nc-6[nH]c5cc4C4CCC(n5c6nc(=O)[nH]c(=O)c-6nc6ccc(F)cc65)O4)ccc3nc-2c(=O)[nH]1,O=c1nc2[nH]c3cc(-c4cc5nc6c(=O)[nH]c(=O)nc-6n(C6CCOC6)c5cc4C4CCC(n5c6nc(=O)[nH]c(=O)c-6nc6ccc(F)cc65)O4)ccc3nc-2c(=O)[nH]1
fraggfn_6td3,best_candidate,208,208,1040,5,-5.390139999999999,O=c1nc2[nH]c3ccc(-c4cccc(C5CCOC(c6cccc(F)c6)C5)c4)cc3nc-2c(=O)[nH]1,O=c1nc2[nH]c3cc(-c4ccc5ccccc5c4)c(-c4cccc(C5CCOC(c6cccc(F)c6)C5)c4)cc3nc-2c(=O)[nH]1
fraggfn_6td3,best_candidate,209,209,1045,5,-5.3892999999999995,c1ccc2cc(-c3cc(C4CCNC4c4ccc5ccccc5c4)nn3-c3cccc4ccccc34)ccc2c1,c1ccc(-c2cc(-n3nc(C4CCNC4c4ccc5ccccc5c4)cc3-c3ccc4ccccc4c3)c3ccccc3c2)cc1
fraggfn_6td3,best_candidate,210,210,1050,5,-5.386849999999999,C=C(C)c1cnc(C2CCNC2)nc1C1CCNC1c1cccnc1,C=C(C)c1cnc(C2CNC(c3ccc4nc5c(=O)[nH]c(=O)nc-5[nH]c4c3)C2)nc1C1CCNC1c1cccnc1
fraggfn_6td3,best_candidate,211,211,1055,5,-5.38658,O=c1nc2n(-c3cncnc3-c3cccc(-c4ccc(C5CCCC5)cc4)c3)c3ccccc3nc-2c(=O)[nH]1,O=c1nc2n(-c3cnc(-c4ccccc4)nc3-c3cccc(-c4ccc(C5CCCC5)cc4)c3)c3ccccc3nc-2c(=O)[nH]1
fraggfn_6td3,best_candidate,212,212,1060,5,-5.384859999999999,O=C(Nc1ccc[n+](-c2ccc3nc4c(=O)[nH]c(=O)nc-4n(-c4ccccn4)c3c2)c1)n1ccc(=O)[nH]c1=O,O=C(Nc1ccc[n+](-c2ccc3nc4c(=O)[nH]c(=O)nc-4n(-c4ncccc4-c4ccccn4)c3c2)c1)n1ccc(=O)[nH]c1=O
fraggfn_6td3,best_candidate,213,213,1065,5,-5.38137,O=c1nc2[nH]c3cc(-c4nccc(-c5csc(C6CCCN(C7CCCCC7)C6)n5)n4)ccc3nc-2c(=O)[nH]1,O=c1nc2[nH]c3cc(-c4ncc(-c5cc[nH]c5)c(-c5csc(C6CCCN(C7CCCCC7)C6)n5)n4)ccc3nc-2c(=O)[nH]1
fraggfn_6td3,best_candidate,214,214,1070,5,-5.380950000000001,c1ccc(C2CCCC(c3ccccn3)C2c2ncnc3c2ncn3C2CCCN2)cc1,O=c1nc2[nH]c3cc(-c4cccc(C5CCCC(c6ccccn6)C5c5ncnc6c5ncn6C5CCCN5)c4)ccc3nc-2c(=O)[nH]1
fraggfn_6td3,best_candidate,215,215,1075,5,-5.37927,c1cnc(C2CCC(C3CCCOC3C3CCCC(C4CCCNC4)C3)CC2)nc1,c1cnc(C2CCC(C3CCCOC3C3CCCC(C4CCCN(C5CCCCC5)C4)C3)CC2)nc1
fraggfn_6td3,best_candidate,216,216,1080,5,-5.376430000000001,CNC(=O)N1CCN(n2c3nc(=O)[nH]c(=O)c-3nc3ccc(C4CCCCC4c4ccc5[nH]c6nc(=O)[nH]c(=O)c-6nc5c4)cc32)CC1,CNC(=O)N1CCN(n2c3nc(=O)[nH]c(=O)c-3nc3ccc(C4C(c5ccc6[nH]c7nc(=O)[nH]c(=O)c-7nc6c5)CCCC4C4CCCCC4)cc32)CC1
fraggfn_6td3,best_candidate,217,217,1085,5,-5.374980000000001,c1ccc2cc(-c3ccc(C4CCCCC4n4cnc5cncnc54)cc3-c3cc[nH]c3)ccc2c1,c1ccc(-c2cc(-c3cc(C4CCCCC4n4cnc5cncnc54)ccc3-c3ccc4ccccc4c3)c[nH]2)cc1
fraggfn_6td3,best_candidate,218,218,1090,5,-5.372809999999999,O=c1nc2[nH]c3cc(-c4cccc(-c5cc(C6CCCC(c7ccncn7)C6)cc6ccccc56)c4)ccc3nc-2c(=O)[nH]1,O=c1nc2[nH]c3cc(-c4cccc(-c5cc(C6CCCC(c7ccnc(N8CCCC8)n7)C6)cc6ccccc56)c4)ccc3nc-2c(=O)[nH]1
fraggfn_6td3,best_candidate,219,219,1095,5,-5.37213,O=C(NC1OCCCC1c1ccc2ccccc2c1)c1cccc(-c2cc[nH]c(=O)n2)c1,O=C(NC1OC(c2cccc3ccccc23)CCC1c1ccc2ccccc2c1)c1cccc(-c2cc[nH]c(=O)n2)c1
fraggfn_6td3,best_candidate,220,220,1100,5,-5.371930000000001,CC=CC1CC(c2ccc3nc4c(=O)[nH]c(=O)nc-4[nH]c3c2)CC(c2ccccc2-n2ccc(=O)[nH]c2=O)O1,CC=CC1CC(c2ccc3nc4c(=O)[nH]c(=O)nc-4[nH]c3c2)CC(c2cc(-c3ccccn3)ccc2-n2ccc(=O)[nH]c2=O)O1
fraggfn_6td3,best_candidate,221,221,1105,5,-5.37118,O=c1nc2[nH]c3cc(C4CCCCC4c4cccc(-c5ccccc5C5C=CCCC5)c4)ccc3nc-2c(=O)[nH]1,NC(=O)n1c2nc(=O)[nH]c(=O)c-2nc2ccc(C3CCCCC3c3cccc(-c4ccccc4C4C=CCCC4)c3)cc21
fraggfn_6td3,best_candidate,222,222,1110,5,-5.371,CNc1cc2c(cc1C(C)(C)C)nc1c(=O)[nH]c(=O)nc-1n2-c1ccc[n+](-c2ccc3nc4c(=O)[nH]c(=O)nc-4[nH]c3c2)c1,CC(C)(C)c1cc2nc3c(=O)[nH]c(=O)nc-3n(-c3ccc[n+](-c4ccc5nc6c(=O)[nH]c(=O)nc-6[nH]c5c4)c3)c2cc1NCc1ccccc1
fraggfn_6td3,best_candidate,223,223,1115,5,-5.3708100000000005,O=c1nc2[nH]c3cc(C4CCC(c5ccccn5)C(C5CCC(c6ccccc6)N5)C4)ccc3nc-2c(=O)[nH]1,O=c1nc2[nH]c3cc(C4CCC(c5ccccn5)C(C5CCC(c6ccccc6)N5O)C4)ccc3nc-2c(=O)[nH]1
fraggfn_6td3,best_candidate,224,224,1120,5,-5.36552,O=c1nc2[nH]c3ccc(N4CCCC4c4cc(-c5nc6c(ncn6-c6ncnc7[nH]cnc67)c(=O)[nH]5)ccn4)cc3nc-2c(=O)[nH]1,O=c1nc2[nH]c3ccc(N4C(c5cn[nH]c5)CCC4c4cc(-c5nc6c(ncn6-c6ncnc7[nH]cnc67)c(=O)[nH]5)ccn4)cc3nc-2c(=O)[nH]1
fraggfn_6td3,best_candidate,225,225,1125,5,-5.363850000000001,O=c1nc2[nH]c3cc(C4CCC(C5CCOC5c5nc6c(ncn6-c6ncccn6)c(=O)[nH]5)CC4)ccc3nc-2c(=O)[nH]1,O=c1nc2[nH]c3cc(C4CCC(C5CCOC5c5nc6c(ncn6-c6nccc(-c7ccc8ccccc8c7)n6)c(=O)[nH]5)CC4)ccc3nc-2c(=O)[nH]1
fraggfn_6td3,best_candidate,226,226,1130,5,-5.363479999999999,O=c1nc2n(-c3cn(-n4cc(C5CCC(c6ccc[nH+]c6)CO5)c(=O)[nH]c4=O)c(=O)[nH]c3=O)c3ccccc3nc-2c(=O)[nH]1,O=c1nc2n(-c3cn(-n4cc(C5CCC(c6ccc[nH+]c6)CO5)c(=O)[nH]c4=O)c(=O)[nH]c3=O)c3cc(C4CCCCC4)ccc3nc-2c(=O)[nH]1
fraggfn_6td3,best_candidate,227,227,1135,5,-5.36046,O=c1nc2[nH]c3cc(C4CCCN4c4cn(-c5[nH]ncc5C5CCCN5)c(=O)[nH]c4=O)ccc3nc-2c(=O)[nH]1,O=c1nc2[nH]c3cc(C4CCCN4c4cn(-c5c(C6CCCN6)cnn5-n5c6nc(=O)[nH]c(=O)c-6nc6ccccc65)c(=O)[nH]c4=O)ccc3nc-2c(=O)[nH]1
fraggfn_6td3,best_candidate,228,228,1140,5,-5.358890000000001,CNC(=O)n1c2nc(=O)[nH]c(=O)c-2nc2ccc(-c3cc(-c4cncnc4-c4ccc5ccccc5c4)c[nH]3)cc21,O=C(NCc1ccc2ccccc2c1)n1c2nc(=O)[nH]c(=O)c-2nc2ccc(-c3cc(-c4cncnc4-c4ccc5ccccc5c4)c[nH]3)cc21
fraggfn_6td3,best_candidate,229,229,1145,5,-5.357780000000001,c1ccc(-c2cccc(-c3c[nH]nc3-c3cc(C4CCCOC4)[nH]n3)c2)nc1,O=c1nc2[nH]c3ccc(-c4ccc(-c5c[nH]nc5-c5cc(C6CCCOC6)[nH]n5)cc4-c4ccccn4)cc3nc-2c(=O)[nH]1
fraggfn_6td3,best_candidate,230,230,1150,5,-5.35631,O=c1nc2[nH]c3cc(C4CCCN4C4OCCCC4COc4cncnc4)ccc3nc-2c(=O)[nH]1,O=c1nc2[nH]c3cc(C4CCCN4C4OCCC(c5ccccn5)C4COc4cncnc4)ccc3nc-2c(=O)[nH]1
fraggfn_6td3,best_candidate,231,231,1155,5,-5.355700000000001,O=c1nc2n(-c3cc(-c4ccn[nH]4)c[nH]3)c3cc(-c4cc(C5CCNCC5)c5ccccc5c4)ccc3nc-2c(=O)[nH]1,O=c1nc2n(-c3cc(-c4ccnn4C4CCNCC4)c[nH]3)c3cc(-c4cc(C5CCNCC5)c5ccccc5c4)ccc3nc-2c(=O)[nH]1
fraggfn_6td3,best_candidate,232,232,1160,5,-5.35091,O=c1[nH]c(-c2nc(C3CCCC3)cc(C3CCCC(c4cccnc4)C3)n2)nc2[nH]cnc12,O=c1nc2[nH]c3cc(-c4c(C5CCCC5)nc(-c5nc6[nH]cnc6c(=O)[nH]5)nc4C4CCCC(c5cccnc5)C4)ccc3nc-2c(=O)[nH]1
fraggfn_6td3,best_candidate,233,233,1165,5,-5.3506599999999995,c1cc(-c2cccc3ccccc23)cc(C2CC(c3ccc(-c4ccncn4)cc3)CCO2)c1,c1cc(-c2cccc3ccccc23)cc(C2CC(c3ccc(-c4ccnc(-c5ccc6ccccc6c5)n4)cc3)CCO2)c1
fraggfn_6td3,best_candidate,234,234,1170,5,-5.349340000000001,c1ccc(C2CCCN(C3CCC(C4CCC(c5ccccc5)N4)CC3)C2)cc1,O=c1nc2n(C3CC(C4CCC(c5ccccc5)N4)CCC3N3CCCC(c4ccccc4)C3)c3ccccc3nc-2c(=O)[nH]1
fraggfn_6td3,best_candidate,235,235,1175,5,-5.34766,c1ccc2cc(-c3cc(C4CCCCC4C4CCCCO4)n(C4CCOC4)n3)ccc2c1,c1ccc2cc(-c3cc(C4CCCCC4C4CCCCO4)n(C4COC(C5CCCCO5)C4)n3)ccc2c1
fraggfn_6td3,best_candidate,236,236,1180,5,-5.345500000000001,O=c1[nH]cnc2c1ncn2-c1ccc[n+](C2CCCC(C3NCCC3C3CCCN3)C2)c1,O=c1nc2[nH]c3ccc(C4C(C5NCCC5C5CCCN5)CCCC4[n+]4cccc(-n5cnc6c(=O)[nH]cnc65)c4)cc3nc-2c(=O)[nH]1
fraggfn_6td3,best_candidate,237,237,1185,5,-5.343310000000001,O=c1nc2[nH]c3ccc(C4CC(C5C(c6ccccc6)CCN5C5C=CCCC5)CCO4)cc3nc-2c(=O)[nH]1,O=c1nc2[nH]c3ccc(C4CC(C5C(c6cccc(-n7c8nc(=O)[nH]c(=O)c-8nc8ccccc87)c6)CCN5C5C=CCCC5)CCO4)cc3nc-2c(=O)[nH]1
fraggfn_6td3,best_candidate,238,238,1190,5,-5.34318,O=c1nc2n(-c3cc(C4CCCOC4)c4ccccc4c3)c3cc(-c4ccnc(C5CCCCO5)n4)ccc3nc-2c(=O)[nH]1,O=c1nc2n(-c3cc(C4COCCC4c4ccc[nH]4)c4ccccc4c3)c3cc(-c4ccnc(C5CCCCO5)n4)ccc3nc-2c(=O)[nH]1
fraggfn_6td3,best_candidate,239,239,1195,5,-5.34208,O=c1nc2[nH]c3cc(C4CCCCC4C4COC(C5CCCCC5)C(C5CCNC5)C4)ccc3nc-2c(=O)[nH]1,O=c1nc2[nH]c3cc(C4CCCCC4C4COC(C5CCCCC5c5nc6[nH]cnc6c(=O)[nH]5)C(C5CCNC5)C4)ccc3nc-2c(=O)[nH]1
fraggfn_6td3,best_candidate,240,240,1200,5,-5.34163,C1=C(c2nccs2)CCC(c2cc(-c3c[nH]nc3-c3ccncn3)c3ccccc3c2)C1,C1=C(c2nc(-c3ccc4ccccc4c3)cs2)CCC(c2cc(-c3c[nH]nc3-c3ccncn3)c3ccccc3c2)C1
fraggfn_6td3,best_candidate,241,241,1205,5,-5.3406400000000005,O=c1ccn(-c2cccc(-c3ccn(-c4cccc(-n5c6nc(=O)[nH]c(=O)c-6nc6ccccc65)c4)n3)c2)c(=O)[nH]1,O=c1ccn(-c2cccc(-c3ccn(-c4cccc(-n5c6nc(=O)[nH]c(=O)c-6nc6ccccc65)c4)n3)c2C2CNc3nc[nH]c(=O)c3N2)c(=O)[nH]1
fraggfn_6td3,best_candidate,242,242,1210,5,-5.33935,NCc1ccc(-c2cc3nc4c(=O)[nH]c(=O)nc-4n(CN)c3cc2-n2cnc3c(=O)[nH]cnc32)cc1,NCc1ccc(-c2cc3nc4c(=O)[nH]c(=O)nc-4n(CNC4CCCCO4)c3cc2-n2cnc3c(=O)[nH]cnc32)cc1
fraggfn_6td3,best_candidate,243,243,1215,5,-5.338380000000001,O=c1nc2[nH]c3cc(C4CCCC(n5nccc5N5CCCC5c5ccn[nH]5)C4)ccc3nc-2c(=O)[nH]1,O=c1nc2[nH]c3cc(-c4cc(N5CCCC5c5ccn[nH]5)n(C5CCCC(c6ccc7nc8c(=O)[nH]c(=O)nc-8[nH]c7c6)C5)n4)ccc3nc-2c(=O)[nH]1
fraggfn_6td3,best_candidate,244,244,1220,5,-5.33669,O=c1nc2[nH]c3ccc(-c4ccccc4C4CCC=CC4C4CC=C(n5cccnc5=O)CC4)cc3nc-2c(=O)[nH]1,O=c1nc2[nH]c3ccc(-c4ccccc4C4CCC=CC4C4CC=C(n5ccc(-c6c[nH]c7ccccc67)nc5=O)CC4)cc3nc-2c(=O)[nH]1
fraggfn_6td3,best_candidate,245,245,1225,5,-5.336069999999999,O=c1nc2n(F)c3cc(C4CC(C5CNc6nc[nH]c(=O)c6N5)NC4c4ccc5ccccc5c4)ccc3nc-2c(=O)[nH]1,O=c1nc2n(F)c3cc(C4CC(C5CNc6nc[nH]c(=O)c6N5)NC4c4cc(-c5cccnc5)c5ccccc5c4)ccc3nc-2c(=O)[nH]1
fraggfn_6td3,best_candidate,246,246,1230,5,-5.33475,NS(=O)(=O)c1ncnc(-c2ccccc2)c1-c1ccc(-c2ccc3nc4c(=O)[nH]c(=O)nc-4[nH]c3c2)cc1,NS(=O)(=O)c1ncnc(-c2ccccc2)c1-c1ccc(-c2ccc3nc4c(=O)[nH]c(=O)nc-4[nH]c3c2)cc1-c1nccs1
fraggfn_6td3,best_candidate,247,247,1235,5,-5.33389,c1cnc(-c2ccc(-c3ccc4ccccc4c3)cc2C2COC(c3ccc4ccccc4c3)C2)nc1,C1=CNC=C(c2cc(-c3ccc(-c4ncccn4)c(C4COC(c5ccc6ccccc6c5)C4)c3)cc3ccccc23)C1
fraggfn_6td3,best_candidate,248,248,1240,5,-5.332299999999999,CC(=O)NC1CC(c2c[nH]c3ccccc23)CC(C2CCCCC2C2CC=CCC2)C1,CC(=O)NC1CC(c2c[nH]c3ccccc23)CC(C2CCCC(c3ccc4nc5c(=O)[nH]c(=O)nc-5[nH]c4c3)C2C2CC=CCC2)C1
fraggfn_6td3,best_candidate,249,249,1245,5,-5.331589999999999,O=c1[nH]c(C2CCCCC2c2ccccc2C2CCC(C3CCCN3)CO2)nc2[nH]cnc12,O=c1nc2n(-c3ccc(C4CCCCC4c4nc5[nH]cnc5c(=O)[nH]4)c(C4CCC(C5CCCN5)CO4)c3)c3ccccc3nc-2c(=O)[nH]1
fraggfn_6td3,best_candidate,250,250,1250,5,-5.330690000000001,Cc1cnc(-c2ccncn2)nc1-c1ccccc1-c1ccc2[nH]c3nc(=O)[nH]c(=O)c-3nc2c1,Cc1cnc(-c2ccnc(-c3ncnc4[nH]cnc34)n2)nc1-c1ccccc1-c1ccc2[nH]c3nc(=O)[nH]c(=O)c-3nc2c1
fraggfn_6td3,best_candidate,251,251,1255,5,-5.32749,N=C(N)C1CC(c2ccc3ccccc3c2)CCC1c1ccccc1-n1ccc(=O)[nH]c1=O,N=C(N)C1CC(c2ccc3ccccc3c2)CCC1c1ccccc1-n1cc(-c2ccc3[nH]c4nc(=O)[nH]c(=O)c-4nc3c2)c(=O)[nH]c1=O
fraggfn_6td3,best_candidate,252,252,1260,5,-5.325609999999999,O=c1nc2[nH]c3ccc(-c4cc(C5CCCC(C6CCCOC6)C5)ccc4-c4ccccn4)cc3nc-2c(=O)[nH]1,O=c1nc2[nH]c3ccc(-c4cc(C5CCCC(C6COCC(c7ccc8ccccc8c7)C6)C5)ccc4-c4ccccn4)cc3nc-2c(=O)[nH]1
fraggfn_6td3,best_candidate,253,253,1265,5,-5.32492,O=C(NO)n1c2nc(=O)[nH]c(=O)c-2nc2cc(-c3ccccc3)c(-c3ccccc3-c3ccc4nc5c(=O)[nH]c(=O)nc-5[nH]c4c3)cc21,O=C(NO)n1c2nc(=O)[nH]c(=O)c-2nc2cc(-c3ccccc3C3CCCCC3)c(-c3ccccc3-c3ccc4nc5c(=O)[nH]c(=O)nc-5[nH]c4c3)cc21
fraggfn_6td3,best_candidate,254,254,1270,5,-5.323919999999999,O=c1nc2n(-c3nc(-c4ccccc4)cs3)c3cc(C4CCCN4n4cnc5c(=O)[nH]cnc54)ccc3nc-2c(=O)[nH]1,O=c1nc2n(-c3nc(-c4ccccc4)cs3)c3cc(C4CC(c5ccncn5)CN4n4cnc5c(=O)[nH]cnc54)ccc3nc-2c(=O)[nH]1
fraggfn_6td3,best_candidate,255,255,1275,5,-5.322989999999999,C1=CN(C2CCCC(c3cccnc3C3CCCN3c3ccccc3)C2)C=CC1,O=c1nc2[nH]c3cc(-c4ccc(N5CCCC5c5ncccc5C5CCCC(N6C=CCC=C6)C5)cc4)ccc3nc-2c(=O)[nH]1
fraggfn_6td3,best_candidate,256,256,1280,5,-5.31715,O=c1nc2[nH]c3cc(C4CC(c5c[nH]c6ccccc56)COC4C4CCC(C5CCOCC5)O4)ccc3nc-2c(=O)[nH]1,O=c1nc2[nH]c3cc(C4CC(c5c[nH]c6ccccc56)COC4C4CCC(C5CCOC(C6CCCCO6)C5)O4)ccc3nc-2c(=O)[nH]1
fraggfn_6td3,best_candidate,257,257,1285,5,-5.31508,O=c1[nH]cnc2c1NC(c1cc(C3CCCOC3C3CCC(C4CCOCC4)N3)c3ccccc3c1)CN2,O=c1[nH]cnc2c1NC(c1cc(C3CCCOC3C3CC(c4ccc[nH]4)C(C4CCOCC4)N3)c3ccccc3c1)CN2
fraggfn_6td3,best_candidate,258,258,1290,5,-5.313369999999999,O=c1nc2[nH]c3ccc(C4C(C5CCCN5)CCC(n5cnc6c(=O)[nH]cnc65)C4C4CCCCC4)cc3nc-2c(=O)[nH]1,O=c1nc2[nH]c3ccc(C4C(C5CCC(c6nc7[nH]cnc7c(=O)[nH]6)N5)CCC(n5cnc6c(=O)[nH]cnc65)C4C4CCCCC4)cc3nc-2c(=O)[nH]1
fraggfn_6td3,best_candidate,259,259,1295,5,-5.31035,O=c1nc2[nH]c3ccc(-c4cc(C5CCCN5)n(C5=CN(C6CCCCO6)C=CC5)n4)cc3nc-2c(=O)[nH]1,O=c1nc2[nH]c3ccc(-c4nn(C5=CN(C6CCCCO6)C=CC5)c(C5CCCN5)c4-c4ccc5[nH]c6nc(=O)[nH]c(=O)c-6nc5c4)cc3nc-2c(=O)[nH]1
fraggfn_6td3,best_candidate,260,260,1300,5,-5.309770000000001,O=c1nc2[nH]c3ccc(C4CCCC(c5cccc(-c6nccs6)c5)C4c4ccccc4)cc3nc-2c(=O)[nH]1,O=c1nc2[nH]c3ccc(C4C(c5ccc6ccccc6c5)CCC(c5cccc(-c6nccs6)c5)C4c4ccccc4)cc3nc-2c(=O)[nH]1
fraggfn_6td3,best_candidate,261,261,1305,5,-5.30945,O=c1[nH]c(-c2cc(-n3cnc4c(=O)[nH]c(-c5cnccc5-c5c[nH]c6ccccc56)nc43)ncn2)nc2c1NCCN2,O=c1[nH]c(-c2cc(-n3cnc4c(=O)[nH]c(-c5cnc(O)cc5-c5c[nH]c6ccccc56)nc43)ncn2)nc2c1NCCN2
fraggfn_6td3,best_candidate,262,262,1310,5,-5.308929999999999,O=c1nc2[nH]c3cc(-c4cccnc4)c(CCc4ccnc(-c5ccccn5)c4)cc3nc-2c(=O)[nH]1,O=c1nc2[nH]c3cc(-c4cccnc4-c4ccc5ccccc5c4)c(CCc4ccnc(-c5ccccn5)c4)cc3nc-2c(=O)[nH]1
fraggfn_6td3,best_candidate,263,263,1315,5,-5.30884,O=c1nc2n(-c3ccncn3)c3cc(C4CCCN4)c(-c4cccc(-c5ccccc5)c4)cc3nc-2c(=O)[nH]1,O=c1nc2[nH]c3cc(-c4cc(-n5c6nc(=O)[nH]c(=O)c-6nc6cc(-c7cccc(-c8ccccc8)c7)c(C7CCCN7)cc65)ncn4)ccc3nc-2c(=O)[nH]1
fraggfn_6td3,best_candidate,264,264,1320,5,-5.308179999999999,O=C(O)c1cc(C2OCCC2c2cc(-n3c4nc(=O)[nH]c(=O)c-4nc4ccccc43)[nH]n2)cc2ccccc12,O=C(O)c1cc(C2OCCC2c2cc(-n3c4nc(=O)[nH]c(=O)c-4nc4ccccc43)n(-c3ccc4ccccc4c3)n2)cc2ccccc12
fraggfn_6td3,best_candidate,265,265,1325,5,-5.30796,c1ccc2c(-c3cc(C4CNC(c5ccncn5)C4)[nH]n3)cc(-c3ccncn3)cc2c1,O=c1nc2n(-c3nccc(-c4cc(-c5cc(C6CNC(c7ccncn7)C6)[nH]n5)c5ccccc5c4)n3)c3ccccc3nc-2c(=O)[nH]1
fraggfn_6td3,best_candidate,266,266,1330,5,-5.306159999999999,O=P([O-])(O)C1C=C(C2CC(c3cccc(C4CCCCC4)n3)CN2)CCC1,O=c1nc2[nH]c3cc(C4NC(C5=CC(P(=O)([O-])O)CCC5)CC4c4cccc(C5CCCCC5)n4)ccc3nc-2c(=O)[nH]1
fraggfn_6td3,best_candidate,267,267,1335,5,-5.305009999999999,O=c1nc2[nH]c3cc(-c4cn(C5CCCN5)nc4-c4ccccc4-c4c[nH]c(=O)[nH]c4=O)ccc3nc-2c(=O)[nH]1,O=c1nc2[nH]c3cc(-c4cn(C5CCCN5)nc4-c4cc(-c5cccc6ccccc56)ccc4-c4c[nH]c(=O)[nH]c4=O)ccc3nc-2c(=O)[nH]1
fraggfn_6td3,best_candidate,268,268,1340,5,-5.30109,CC(C)=CC1CCCCC1c1cc2nc3c(=O)[nH]c(=O)nc-3n(-[n+]3ccccc3)c2cc1-c1ccccn1,CC(C)=CC1CCCCC1c1cc2nc3c(=O)[nH]c(=O)nc-3n(-[n+]3cccc(C4CCOC4)c3)c2cc1-c1ccccn1
fraggfn_6td3,best_candidate,269,269,1345,5,-5.299969999999998,c1ccc(-c2cc(NCc3cccc(N4CCCCC4)c3)cc3ccccc23)cc1,O=c1nc2[nH]c3cc(-c4cccc(-c5cc(NCc6cccc(N7CCCCC7)c6)cc6ccccc56)c4)ccc3nc-2c(=O)[nH]1
fraggfn_6td3,best_candidate,270,270,1350,5,-5.29979,O=c1nc2n(-c3cccc(C4CCCCC4)c3)c3cc(C4CCCC(C5CCCOC5)O4)ccc3nc-2c(=O)[nH]1,O=c1nc2n(-c3cccc(C4CCC(C5=CNC=CC5)CC4)c3)c3cc(C4CCCC(C5CCCOC5)O4)ccc3nc-2c(=O)[nH]1
fraggfn_6td3,best_candidate,271,271,1355,5,-5.29597,O=c1nc2[nH]c3ccc(N4CCCC4c4ccnc(-c5ccn(-c6c[nH]c(=O)[nH]c6=O)n5)n4)cc3nc-2c(=O)[nH]1,O=c1nc2[nH]c3ccc(N4CCC(C5CCCCC5)C4c4ccnc(-c5ccn(-c6c[nH]c(=O)[nH]c6=O)n5)n4)cc3nc-2c(=O)[nH]1
fraggfn_6td3,best_candidate,272,272,1360,5,-5.29458,O=c1nc2n(-c3ccccc3)c3ccc(-c4c[nH]c(-n5cnc6c(=O)[nH]c(-c7ccc[nH+]c7)nc65)c4)cc3nc-2c(=O)[nH]1,O=c1nc2n(-c3cccc(C4CCCCC4)c3)c3ccc(-c4c[nH]c(-n5cnc6c(=O)[nH]c(-c7ccc[nH+]c7)nc65)c4)cc3nc-2c(=O)[nH]1
fraggfn_6td3,best_candidate,273,273,1365,5,-5.2912300000000005,O=c1nc2[nH]c3cc(-c4cc(-c5cccnc5C5CCCC(C6CCCO6)C5)c5ccccc5c4)ccc3nc-2c(=O)[nH]1,O=c1nc2[nH]c3cc(-c4cc(-c5cccnc5C5CCC(C6CCCOC6)C(C6CCCO6)C5)c5ccccc5c4)ccc3nc-2c(=O)[nH]1
fraggfn_6td3,best_candidate,274,274,1370,5,-5.290890000000001,CNC1CC(C2CCOC2)CCC1c1nc(-c2ccc3ccccc3c2)cs1,O=c1nc2[nH]c3ccc(CNC4CC(C5CCOC5)CCC4c4nc(-c5ccc6ccccc6c5)cs4)cc3nc-2c(=O)[nH]1
fraggfn_6td3,best_candidate,275,275,1375,5,-5.289649999999999,c1c(C2CCC(N3CCOCC3)CC2)nc([NH+]2CCOCC2)nc1C1CCNC1,O=c1nc2[nH]c3ccc(-c4c(C5CCC(N6CCOCC6)CC5)nc([NH+]5CCOCC5)nc4C4CCNC4)cc3nc-2c(=O)[nH]1
fraggfn_6td3,best_candidate,276,276,1380,5,-5.28814,O=c1nc2[nH]c3cc(C4CC(c5ccc[n+](C6CCCCC6)c5)CC(C5CCCO5)C4)ccc3nc-2c(=O)[nH]1,O=c1nc2[nH]c3cc(C4CC(c5ccc[n+](C6CCCCC6)c5)CC(C5CCCO5)C4c4ccc5ccccc5c4)ccc3nc-2c(=O)[nH]1
fraggfn_6td3,best_candidate,277,277,1385,5,-5.284009999999999,c1ccc(-c2cccc(C3CCC(C4CCC(c5ccc6ccccc6c5)O4)CO3)c2)nc1,O=c1nc2[nH]c3cc(C4CC(C5CCC(c6ccc7ccccc7c6)O5)COC4c4cccc(-c5ccccn5)c4)ccc3nc-2c(=O)[nH]1
fraggfn_6td3,best_candidate,278,278,1390,5,-5.28175,O=c1nc2n(C3CCC(c4ccnc(N5CCNCC5)n4)CO3)c3ccc(N4CCNCC4)cc3nc-2c(=O)[nH]1,O=c1nc2n(C3CCC(c4ccnc(N5CCN(c6ncnc7[nH]cnc67)CC5)n4)CO3)c3ccc(N4CCNCC4)cc3nc-2c(=O)[nH]1
fraggfn_6td3,best_candidate,279,279,1395,5,-5.28171,O=c1[nH]c(-c2ccc[n+](N3CCCC3C3COC(c4nc5[nH]cnc5c(=O)[nH]4)C3)c2)nc2[nH]cnc12,O=c1[nH]c(-c2ccc[n+](N3CCCC3C3COC(c4nc5c(ncn5-c5ccc6ccccc6c5)c(=O)[nH]4)C3)c2)nc2[nH]cnc12
fraggfn_6td3,best_candidate,280,280,1400,5,-5.279229999999999,CCC1CCCC(c2ccc3[nH]c4nc(=O)[nH]c(=O)c-4nc3c2)C1C1=CN(C2CCNCC2)C=CC1,O=c1nc2[nH]c3ccc(C4CCCC(CCn5cnc6c(=O)[nH]cnc65)C4C4=CN(C5CCNCC5)C=CC4)cc3nc-2c(=O)[nH]1
fraggfn_6td3,best_candidate,281,281,1405,5,-5.278300000000001,O=c1nc2n(-c3ccccc3-c3ccccc3)c3cc(C4CCC(C5CCCO5)N4)ccc3nc-2c(=O)[nH]1,O=c1nc2n(-c3ccccc3-c3ccc(-c4ccc5ccccc5c4)cc3)c3cc(C4CCC(C5CCCO5)N4)ccc3nc-2c(=O)[nH]1
fraggfn_6td3,best_candidate,282,282,1410,5,-5.27829,C1=CNC=C(C2CCCC(c3c[nH]c(C4CCCN4c4ccccc4)c3)O2)C1,O=c1nc2n(N3C=CCC(C4CCCC(c5c[nH]c(C6CCCN6c6ccccc6)c5)O4)=C3)c3ccccc3nc-2c(=O)[nH]1
fraggfn_6td3,best_candidate,283,283,1415,5,-5.27294,O=C(NC1CCCC(c2nc3c(c(=O)[nH]2)NCCN3)O1)C1CCCC(c2ncnc3[nH]cnc23)C1,O=C(NC1CCCC(c2nc3c(c(=O)[nH]2)NCCN3)O1)C1CC(c2ncnc3[nH]cnc23)CCC1c1ccc2[nH]c3nc(=O)[nH]c(=O)c-3nc2c1
fraggfn_6td3,best_candidate,284,284,1420,5,-5.271040000000001,c1ccc(N2CCN(c3ccccc3N3CCCC(c4ccncn4)C3)CC2)cc1,c1ccc(N2CCN(c3ccccc3N3CCCC(c4ccnc(-c5ccc6ccccc6c5)n4)C3)CC2)cc1
fraggfn_6td3,best_candidate,285,285,1425,5,-5.270199999999999,C1=CCC(C2CCCCC2c2ncccc2-c2ccnc(-c3cccc4ccccc34)n2)CC1,O=c1ccn(-c2cc(-c3nccc(-c4cccnc4C4CCCCC4C4CC=CCC4)n3)c3ccccc3c2)c(=O)[nH]1
fraggfn_6td3,best_candidate,286,286,1430,5,-5.262899999999998,O=c1nc2n(N3C=CCC(c4cccc5ccccc45)=C3)c3ccc(C4CC(C5CCCCC5)CO4)cc3nc-2c(=O)[nH]1,O=c1nc2n(N3C=CCC(c4cccc5ccccc45)=C3)c3ccc(C4CC(C5CCCC(C6CCCCC6)C5)CO4)cc3nc-2c(=O)[nH]1
fraggfn_6td3,best_candidate,287,287,1435,5,-5.2627299999999995,O=c1nc2n(CNN3CCC(c4cccnc4)C3c3cccnc3)c3ccccc3nc-2c(=O)[nH]1,O=c1nc2n(CNN3CCC(c4cccnc4)C3c3cccnc3-n3cnc4c(=O)[nH]cnc43)c3ccccc3nc-2c(=O)[nH]1
fraggfn_6td3,best_candidate,288,288,1440,5,-5.25891,O=c1nc2[nH]c3ccc(C4CC(c5nc6c(c(=O)[nH]5)NCCN6)COC4C4CCOCC4c4ccccn4)cc3nc-2c(=O)[nH]1,O=c1nc2[nH]c3ccc(C4CC(c5nc6c(c(=O)[nH]5)NC(c5ccccc5)CN6)COC4C4CCOCC4c4ccccn4)cc3nc-2c(=O)[nH]1
fraggfn_6td3,best_candidate,289,289,1445,5,-5.25772,O=CNn1nccc1C1C(c2ccc3ccccc3c2)CCCC1n1c2nc(=O)[nH]c(=O)c-2nc2ccccc21,O=C(Nn1nccc1C1C(c2ccc3ccccc3c2)CCCC1n1c2nc(=O)[nH]c(=O)c-2nc2ccccc21)c1ccc2ccccc2c1
fraggfn_6td3,best_candidate,290,290,1450,5,-5.256779999999999,O=C(NCn1cc(-c2ccc3c(c2)nc2c(=O)[nH]c(=O)nc-2n3C2CCCOC2)c(=O)[nH]c1=O)c1nc2[nH]cnc2c(=O)[nH]1,O=C(NCn1cc(-c2cc3nc4c(=O)[nH]c(=O)nc-4n(C4CCCOC4)c3cc2-c2nc3c(c(=O)[nH]2)NCCN3)c(=O)[nH]c1=O)c1nc2[nH]cnc2c(=O)[nH]1
fraggfn_6td3,best_candidate,291,291,1455,5,-5.255559999999999,O=c1nc2[nH]c3ccc(-c4ccc(C5CNCCC5C5CCCCC5c5c[nH]c6ccccc56)cc4)cc3nc-2c(=O)[nH]1,O=c1nc2[nH]c3ccc(-c4ccc(C5CNCCC5C5CCC(c6ccc7nc8c(=O)[nH]c(=O)nc-8[nH]c7c6)CC5c5c[nH]c6ccccc56)cc4)cc3nc-2c(=O)[nH]1
fraggfn_6td3,best_candidate,292,292,1460,5,-5.251340000000001,CC(=O)NC1CCCC(N2C=CCC(C3COCC3c3ccc4nc5c(=O)[nH]c(=O)nc-5[nH]c4c3)=C2)C1,CC(=O)NC1CC(c2ccccc2)CC(N2C=CCC(C3COCC3c3ccc4nc5c(=O)[nH]c(=O)nc-5[nH]c4c3)=C2)C1
fraggfn_6td3,best_candidate,293,293,1465,5,-5.248849999999999,c1cc(C2CCCC(C3CCCN3)C2)cc(C2COCC2N2CCNCC2)c1,O=c1nc2[nH]c3ccc(C4OCC(N5CCNCC5)C4c4cccc(C5CCCC(C6CCCN6)C5)c4)cc3nc-2c(=O)[nH]1
fraggfn_6td3,best_candidate,294,294,1470,5,-5.244930000000001,c1ccc(C2CCOC2c2ccc(C3CC(c4ccc[nH+]c4)CCO3)cc2)cc1,O=c1nc2[nH]c3cc(-c4cc(C5CC(c6ccc[nH+]c6)CCO5)ccc4C4OCCC4c4ccccc4)ccc3nc-2c(=O)[nH]1
fraggfn_6td3,best_candidate,295,295,1475,5,-5.243529999999999,O=c1nc2[nH]c3cc(-c4cccc5ccccc45)c(CNc4c[nH]nc4-c4ncccn4)cc3nc-2c(=O)[nH]1,O=c1nc2[nH]c3cc(-c4cccc5ccccc45)c(CNc4c(-c5ncccn5)n[nH]c4[N+](=O)[O-])cc3nc-2c(=O)[nH]1
fraggfn_6td3,best_candidate,296,296,1480,5,-5.2424599999999995,O=c1[nH]c(C2CCC(n3cnc4c(=O)[nH]cnc43)CC2)nc2c1ncn2-c1cc(C2C=CCCC2)cc2ccccc12,O=c1[nH]c(C2CCC(n3cnc4c(=O)[nH]cnc43)CC2)nc2c1ncn2-c1cc(C2C=CCCC2C2=CNC=CC2)cc2ccccc12
fraggfn_6td3,best_candidate,297,297,1485,5,-5.2422699999999995,c1cnc(-c2ccccc2-c2ncc(N3CCC(c4cccc5ccccc45)C3)cn2)nc1,O=c1nc2[nH]c3cc(-c4ccnc(-c5ccccc5-c5ncc(N6CCC(c7cccc8ccccc78)C6)cn5)n4)ccc3nc-2c(=O)[nH]1
fraggfn_6td3,best_candidate,298,298,1490,5,-5.24174,O=c1[nH]c(=O)n(-n2cnc3c(=O)[nH]c(-c4cc[nH]c4)nc32)cc1-c1ccccc1C1CCOC1,O=c1[nH]c(=O)n(-n2cnc3c(=O)[nH]c(-c4c[nH]c(-c5nc6[nH]cnc6c(=O)[nH]5)c4)nc32)cc1-c1ccccc1C1CCOC1
fraggfn_6td3,best_candidate,299,299,1495,5,-5.24137,O=c1[nH]cnc2c1NC(c1cccc(C3CCCCC3C3CCCOC3C3CCOCC3)n1)CN2,O=c1nc2n(C3CC(C4OCCCC4C4CCCCC4c4cccc(C5CNc6nc[nH]c(=O)c6N5)n4)CCO3)c3ccccc3nc-2c(=O)[nH]1
fraggfn_6td3,best_candidate,300,300,1500,5,-5.241300000000001,O=c1nc2[nH]c3ccc(-c4cc(C5CCNCC5C5CCOC5c5cccs5)ncn4)cc3nc-2c(=O)[nH]1,NC(=O)C1COC(c2cccs2)C1C1CNCCC1c1cc(-c2ccc3[nH]c4nc(=O)[nH]c(=O)c-4nc3c2)ncn1
fraggfn_6td3,hub_batching,1,1,5,5,-7.041189999999999,O=c1nc2[nH]c3ccc(C4CCC(C5CCCO5)C(c5nc6[nH]cnc6c(=O)[nH]5)C4C4CCCCO4)cc3nc-2c(=O)[nH]1,NC(=O)C1CC(c2ccc3[nH]c4nc(=O)[nH]c(=O)c-4nc3c2)C(C2CCCCO2)C(c2nc3[nH]cnc3c(=O)[nH]2)C1C1CCCO1
fraggfn_6td3,hub_batching,2,2,6,1,-5.97138,O=c1nc2[nH]c3ccc(C4CCC(C5CCCO5)C(c5nc6[nH]cnc6c(=O)[nH]5)C4C4CCCCO4)cc3nc-2c(=O)[nH]1,Nn1c2nc(=O)[nH]c(=O)c-2nc2cc(C3CCC(C4CCCO4)C(c4nc5[nH]cnc5c(=O)[nH]4)C3C3CCCCO3)ccc21
fraggfn_6td3,hub_batching,3,3,7,1,-4.840590000000001,O=c1nc2[nH]c3ccc(C4CCC(C5CCCO5)C(c5nc6[nH]cnc6c(=O)[nH]5)C4C4CCCCO4)cc3nc-2c(=O)[nH]1,O=c1nc2[nH]c3ccc(C4CCC(C5CCCO5)C(c5nc6c(ncn6-n6cccnc6=O)c(=O)[nH]5)C4C4CCCCO4)cc3nc-2c(=O)[nH]1
fraggfn_6td3,hub_batching,4,4,8,1,-3.4767199999999994,O=c1nc2[nH]c3ccc(C4CCC(C5CCCO5)C(c5nc6[nH]cnc6c(=O)[nH]5)C4C4CCCCO4)cc3nc-2c(=O)[nH]1,O=c1nc2[nH]c3cc(-c4nc5c(c(=O)[nH]4)NCCN5)c(C4CCC(C5CCCO5)C(c5nc6[nH]cnc6c(=O)[nH]5)C4C4CCCCO4)cc3nc-2c(=O)[nH]1
fraggfn_6td3,hub_batching,5,5,9,1,-2.31302,O=c1nc2[nH]c3ccc(C4CCC(C5CCCO5)C(c5nc6[nH]cnc6c(=O)[nH]5)C4C4CCCCO4)cc3nc-2c(=O)[nH]1,O=c1nc2[nH]c3ccc(C4CCC(C5CCCO5)C(c5nc6[nH]cnc6c(=O)[nH]5)C4C4OCCCC4C4CNc5nc[nH]c(=O)c5N4)cc3nc-2c(=O)[nH]1
fraggfn_6td3,hub_batching,6,6,14,5,-6.35503,O=c1nc2n(-c3cncnc3-c3cccc(-c4ccc(C5CCCC5)cc4)c3)c3ccccc3nc-2c(=O)[nH]1,O=C([O-])c1ccc(-c2ncncc2-n2c3nc(=O)[nH]c(=O)c-3nc3ccccc32)cc1-c1ccc(C2CCCC2)cc1
fraggfn_6td3,hub_batching,7,7,15,1,-6.05947,O=c1nc2n(-c3cncnc3-c3cccc(-c4ccc(C5CCCC5)cc4)c3)c3ccccc3nc-2c(=O)[nH]1,O=c1nc2n(-c3c(-c4cccc(-c5ccc(C6CCCC6)cc5)c4)ncnc3[NH+]3CCOCC3)c3ccccc3nc-2c(=O)[nH]1
fraggfn_6td3,hub_batching,8,8,16,1,-5.36381,O=c1nc2n(-c3cncnc3-c3cccc(-c4ccc(C5CCCC5)cc4)c3)c3ccccc3nc-2c(=O)[nH]1,O=c1nc2[nH]c3ccc(-c4ncc(-n5c6nc(=O)[nH]c(=O)c-6nc6ccccc65)c(-c5cccc(-c6ccc(C7CCCC7)cc6)c5)n4)cc3nc-2c(=O)[nH]1
fraggfn_6td3,hub_batching,9,9,17,1,-3.0613199999999994,O=c1nc2n(-c3cncnc3-c3cccc(-c4ccc(C5CCCC5)cc4)c3)c3ccccc3nc-2c(=O)[nH]1,O=c1nc2n(-c3cncnc3-c3cccc(-c4ccc(C5CCCC5)cc4)c3)c3ccc(C4=CNC=CC4)cc3nc-2c(=O)[nH]1
fraggfn_6td3,hub_batching,10,10,18,1,-2.32592,O=c1nc2n(-c3cncnc3-c3cccc(-c4ccc(C5CCCC5)cc4)c3)c3ccccc3nc-2c(=O)[nH]1,O=c1nc2n(-c3cncnc3-c3cccc(-c4ccc(C5CCCC5)c(C5CNc6nc[nH]c(=O)c6N5)c4)c3)c3ccccc3nc-2c(=O)[nH]1
fraggfn_6td3,hub_batching,11,11,23,5,-6.68389,O=c1nc2n(-c3cccc(C4CC(C5CCCCO5)C(C5CCCN5)O4)n3)c3ccccc3nc-2c(=O)[nH]1,O=c1nc2n(-c3cccc(C4CC(C5CC(c6ccc[nH]6)CCO5)C(C5CCCN5)O4)n3)c3ccccc3nc-2c(=O)[nH]1
fraggfn_6td3,hub_batching,12,12,24,1,-6.16501,O=c1nc2n(-c3cccc(C4CC(C5CCCCO5)C(C5CCCN5)O4)n3)c3ccccc3nc-2c(=O)[nH]1,O=c1nc2n(-c3cccc(C4OC(C5CCCN5)C(C5CCCCO5)C4c4c[nH]c5ccccc45)n3)c3ccccc3nc-2c(=O)[nH]1
fraggfn_6td3,hub_batching,13,13,25,1,-5.953439999999999,O=c1nc2n(-c3cccc(C4CC(C5CCCCO5)C(C5CCCN5)O4)n3)c3ccccc3nc-2c(=O)[nH]1,O=c1nc2n(-c3cccc(C4CC(C5CCCCO5)C(C5CCCN5c5nc6c(c(=O)[nH]5)NCCN6)O4)n3)c3ccccc3nc-2c(=O)[nH]1
fraggfn_6td3,hub_batching,14,14,26,1,-4.76405,O=c1nc2n(-c3cccc(C4CC(C5CCCCO5)C(C5CCCN5)O4)n3)c3ccccc3nc-2c(=O)[nH]1,O=c1nc2n(-c3cc(C4CNc5nc[nH]c(=O)c5N4)cc(C4CC(C5CCCCO5)C(C5CCCN5)O4)n3)c3ccccc3nc-2c(=O)[nH]1
fraggfn_6td3,hub_batching,15,15,27,1,-3.4272599999999995,O=c1nc2n(-c3cccc(C4CC(C5CCCCO5)C(C5CCCN5)O4)n3)c3ccccc3nc-2c(=O)[nH]1,O=c1nc2[nH]c3ccc(-c4ccc(-n5c6nc(=O)[nH]c(=O)c-6nc6ccccc65)nc4C4CC(C5CCCCO5)C(C5CCCN5)O4)cc3nc-2c(=O)[nH]1
fraggfn_6td3,hub_batching,16,16,32,5,-6.18567,O=C(NN1C(c2ccncn2)CCC1n1c2nc(=O)[nH]c(=O)c-2nc2ccccc21)c1ccccn1,O=C(NN1C(c2ccncn2)CCC1n1c2nc(=O)[nH]c(=O)c-2nc2ccccc21)c1ncccc1-c1ccc2nc3c(=O)[nH]c(=O)nc-3[nH]c2c1
fraggfn_6td3,hub_batching,17,17,33,1,-4.736940000000001,O=C(NN1C(c2ccncn2)CCC1n1c2nc(=O)[nH]c(=O)c-2nc2ccccc21)c1ccccn1,O=C(NN1C(c2ccnc(-c3cc[nH]c(=O)n3)n2)CCC1n1c2nc(=O)[nH]c(=O)c-2nc2ccccc21)c1ccccn1
fraggfn_6td3,hub_batching,18,18,34,1,-4.21312,O=C(NN1C(c2ccncn2)CCC1n1c2nc(=O)[nH]c(=O)c-2nc2ccccc21)c1ccccn1,O=C(NN1C(c2ccncn2)CCC1n1c2nc(=O)[nH]c(=O)c-2nc2ccc(-c3nccs3)cc21)c1ccccn1
fraggfn_6td3,hub_batching,19,19,35,1,-4.0932200000000005,O=C(NN1C(c2ccncn2)CCC1n1c2nc(=O)[nH]c(=O)c-2nc2ccccc21)c1ccccn1,O=C(NN1C(c2ccncn2)C(n2cnc3cncnc32)CC1n1c2nc(=O)[nH]c(=O)c-2nc2ccccc21)c1ccccn1
fraggfn_6td3,hub_batching,20,20,36,1,-2.2913200000000007,O=C(NN1C(c2ccncn2)CCC1n1c2nc(=O)[nH]c(=O)c-2nc2ccccc21)c1ccccn1,O=C(NN1C(c2ccncn2)CCC1n1c2nc(=O)[nH]c(=O)c-2nc2ccccc21)c1cc(C2CNc3nc[nH]c(=O)c3N2)ccn1
fraggfn_6td3,hub_batching,21,21,41,5,-5.67278,C1=C(C2CNC(c3cccc(C4CCCCC4)n3)C2)CCCC1c1cccc2ccccc12,C1=C(C2CNC(c3cccc(C4CCCCC4)n3)C2)CCCC1c1cc(-n2cnc3cncnc32)cc2ccccc12
fraggfn_6td3,hub_batching,22,22,42,1,-5.614209999999999,C1=C(C2CNC(c3cccc(C4CCCCC4)n3)C2)CCCC1c1cccc2ccccc12,C1=C(C2CC(c3cccc(C4CCCCC4)n3)N(N3CCOCC3)C2)CCCC1c1cccc2ccccc12
fraggfn_6td3,hub_batching,23,23,43,1,-5.399290000000001,C1=C(C2CNC(c3cccc(C4CCCCC4)n3)C2)CCCC1c1cccc2ccccc12,C1=C(C2CNC(c3cccc(C4CCCCC4C4CCNC4)n3)C2)CCCC1c1cccc2ccccc12
fraggfn_6td3,hub_batching,24,24,44,1,-5.0926100000000005,C1=C(C2CNC(c3cccc(C4CCCCC4)n3)C2)CCCC1c1cccc2ccccc12,O=c1ncccn1-c1ccc(C2CCCCC2)nc1C1CC(C2=CC(c3cccc4ccccc34)CCC2)CN1
fraggfn_6td3,hub_batching,25,25,45,1,-4.65817,C1=C(C2CNC(c3cccc(C4CCCCC4)n3)C2)CCCC1c1cccc2ccccc12,O=c1[nH]c(-c2ccc(C3CC(C4=CC(c5cccc6ccccc56)CCC4)CN3)nc2C2CCCCC2)nc2[nH]cnc12
fraggfn_6td3,hub_batching,26,26,46,1,-4.63053,C1=C(C2CNC(c3cccc(C4CCCCC4)n3)C2)CCCC1c1cccc2ccccc12,O=c1nc2[nH]c3cc(C4CCCC(c5cccc(C6CC(C7=CC(c8cccc9ccccc89)CCC7)CN6)n5)C4)ccc3nc-2c(=O)[nH]1
fraggfn_6td3,hub_batching,27,27,47,1,-4.497129999999999,C1=C(C2CNC(c3cccc(C4CCCCC4)n3)C2)CCCC1c1cccc2ccccc12,C1=C(C2CNC(c3cccc(C4CCCCC4)n3)C2)CCC(c2ncnc3[nH]cnc23)C1c1cccc2ccccc12
fraggfn_6td3,hub_batching,28,28,48,1,-4.195430000000001,C1=C(C2CNC(c3cccc(C4CCCCC4)n3)C2)CCCC1c1cccc2ccccc12,O=[PH](O)C1NC(c2cccc(C3CCCCC3)n2)CC1C1=CC(c2cccc3ccccc23)CCC1
fraggfn_6td3,hub_batching,29,29,49,1,-3.84197,C1=C(C2CNC(c3cccc(C4CCCCC4)n3)C2)CCCC1c1cccc2ccccc12,O=c1[nH]c(-c2cc(C3CCCCC3)nc(C3CC(C4=CC(c5cccc6ccccc56)CCC4)CN3)c2)nc2c1NCCN2
fraggfn_6td3,hub_batching,30,30,50,1,-2.6008700000000005,C1=C(C2CNC(c3cccc(C4CCCCC4)n3)C2)CCCC1c1cccc2ccccc12,O=c1nc2n(C3CCC(C4CNC(c5cccc(C6CCCCC6)n5)C4)=CC3c3cccc4ccccc34)c3ccccc3nc-2c(=O)[nH]1
fraggfn_6td3,hub_batching,31,31,55,5,-5.220300000000001,c1cc(-c2cscn2)cc(-c2cc(C3CCC(c4ccn[nH]4)OC3)cc3ccccc23)c1,O=c1nc2n(-c3cn[nH]c3C3CCC(c4cc(-c5cccc(-c6cscn6)c5)c5ccccc5c4)CO3)c3ccccc3nc-2c(=O)[nH]1
fraggfn_6td3,hub_batching,32,32,56,1,-5.109449999999999,c1cc(-c2cscn2)cc(-c2cc(C3CCC(c4ccn[nH]4)OC3)cc3ccccc23)c1,c1cc(-c2cscn2)cc(-c2cc(C3COC(c4ccn[nH]4)C(c4ccncn4)C3)cc3ccccc23)c1
fraggfn_6td3,hub_batching,33,33,57,1,-4.825830000000001,c1cc(-c2cscn2)cc(-c2cc(C3CCC(c4ccn[nH]4)OC3)cc3ccccc23)c1,c1cc(-c2cscn2)cc(-c2cc(C3CCC(c4cc(-c5ccc[nH]5)n[nH]4)OC3)cc3ccccc23)c1
fraggfn_6td3,hub_batching,34,34,58,1,-4.407739999999999,c1cc(-c2cscn2)cc(-c2cc(C3CCC(c4ccn[nH]4)OC3)cc3ccccc23)c1,O=c1nc2[nH]c3cc(C4CC(c5ccn[nH]5)OCC4c4cc(-c5cccc(-c6cscn6)c5)c5ccccc5c4)ccc3nc-2c(=O)[nH]1
fraggfn_6td3,hub_batching,35,35,59,1,-4.261080000000001,c1cc(-c2cscn2)cc(-c2cc(C3CCC(c4ccn[nH]4)OC3)cc3ccccc23)c1,c1ccc2c(-c3ccc(-c4ccncc4)c(-c4cscn4)c3)cc(C3CCC(c4ccn[nH]4)OC3)cc2c1
fraggfn_6td3,hub_batching,36,36,60,1,-3.341269999999999,c1cc(-c2cscn2)cc(-c2cc(C3CCC(c4ccn[nH]4)OC3)cc3ccccc23)c1,O=c1[nH]cnc2c1ncn2C1OC(c2ccn[nH]2)CCC1c1cc(-c2cccc(-c3cscn3)c2)c2ccccc2c1
fraggfn_6td3,hub_batching,37,37,61,1,-3.31065,c1cc(-c2cscn2)cc(-c2cc(C3CCC(c4ccn[nH]4)OC3)cc3ccccc23)c1,O=c1nc2[nH]c3ccc(-c4nc(-c5cccc(-c6cc(C7CCC(c8ccn[nH]8)OC7)cc7ccccc67)c5)cs4)cc3nc-2c(=O)[nH]1
fraggfn_6td3,hub_batching,38,38,62,1,-3.1856299999999997,c1cc(-c2cscn2)cc(-c2cc(C3CCC(c4ccn[nH]4)OC3)cc3ccccc23)c1,O=c1[nH]cnc2c1NC(c1c(-c3cscn3)cccc1-c1cc(C3CCC(c4ccn[nH]4)OC3)cc3ccccc13)CN2
fraggfn_6td3,hub_batching,39,39,67,5,-5.84977,O=c1[nH]c(-c2cc(-c3ccccc3-c3cncnc3-c3ccccc3)cc3ccccc23)nc2[nH]cnc12,O=c1[nH]c(-c2cc(-c3ccccc3-c3cncnc3-c3ccccc3)cc3ccccc23)nc2c1ncn2-c1ccccn1
fraggfn_6td3,hub_batching,40,40,68,1,-5.308650000000001,O=c1[nH]c(-c2cc(-c3ccccc3-c3cncnc3-c3ccccc3)cc3ccccc23)nc2[nH]cnc12,O=c1[nH]c(-c2cc(-c3ccccc3-c3cncnc3-c3cccc(-c4ccncn4)c3)cc3ccccc23)nc2[nH]cnc12
fraggfn_6td3,hub_batching,41,41,69,1,-5.15756,O=c1[nH]c(-c2cc(-c3ccccc3-c3cncnc3-c3ccccc3)cc3ccccc23)nc2[nH]cnc12,O=c1[nH]c(-c2cc(-c3ccccc3-c3c(-c4ccccc4)ncnc3N3CCOCC3)cc3ccccc23)nc2[nH]cnc12
fraggfn_6td3,hub_batching,42,42,70,1,-4.9829799999999995,O=c1[nH]c(-c2cc(-c3ccccc3-c3cncnc3-c3ccccc3)cc3ccccc23)nc2[nH]cnc12,O=c1[nH]c(-c2cc(-c3c(-c4cncnc4-c4ccccc4)cccc3-n3cnc4c(=O)[nH]cnc43)cc3ccccc23)nc2[nH]cnc12
fraggfn_6td3,hub_batching,43,43,71,1,-4.2847800000000005,O=c1[nH]c(-c2cc(-c3ccccc3-c3cncnc3-c3ccccc3)cc3ccccc23)nc2[nH]cnc12,O=c1nc2n(-c3ccc(-c4cc(-c5nc6[nH]cnc6c(=O)[nH]5)c5ccccc5c4)c(-c4cncnc4-c4ccccc4)c3)c3ccccc3nc-2c(=O)[nH]1
fraggfn_6td3,hub_batching,44,44,72,1,-4.137200000000001,O=c1[nH]c(-c2cc(-c3ccccc3-c3cncnc3-c3ccccc3)cc3ccccc23)nc2[nH]cnc12,O=c1nc2[nH]c3cc(-c4ncc(-c5ccccc5-c5cc(-c6nc7[nH]cnc7c(=O)[nH]6)c6ccccc6c5)c(-c5ccccc5)n4)ccc3nc-2c(=O)[nH]1
fraggfn_6td3,hub_batching,45,45,77,5,-6.666450000000001,O=c1[nH]c(C2CCCCC2c2ccccc2C2CCC(C3CCCN3)CO2)nc2[nH]cnc12,O=C([O-])n1cnc2c(=O)[nH]c(C3CCCCC3c3ccccc3C3CCC(C4CCCN4)CO3)nc21
fraggfn_6td3,hub_batching,46,46,78,1,-6.09729,O=c1[nH]c(C2CCCCC2c2ccccc2C2CCC(C3CCCN3)CO2)nc2[nH]cnc12,O=c1[nH]c(C2CCCCC2c2ccc(C3=CCCCC3)cc2C2CCC(C3CCCN3)CO2)nc2[nH]cnc12
fraggfn_6td3,hub_batching,47,47,79,1,-5.007029999999999,O=c1[nH]c(C2CCCCC2c2ccccc2C2CCC(C3CCCN3)CO2)nc2[nH]cnc12,O=c1[nH]c(C2C(c3ccccc3C3CCC(C4CCCN4)CO3)CCCC2N2C=CCC=C2)nc2[nH]cnc12
fraggfn_6td3,hub_batching,48,48,80,1,-4.75232,O=c1[nH]c(C2CCCCC2c2ccccc2C2CCC(C3CCCN3)CO2)nc2[nH]cnc12,O=c1[nH]c(C2CCC(C3CCC(c4ccccc4C4CCCCC4c4nc5[nH]cnc5c(=O)[nH]4)OC3)N2)nc2c1NCCN2
fraggfn_6td3,hub_batching,49,49,81,1,-4.72819,O=c1[nH]c(C2CCCCC2c2ccccc2C2CCC(C3CCCN3)CO2)nc2[nH]cnc12,O=c1nc2[nH]c3cc(N4CCCC4C4CCC(c5ccccc5C5CCCCC5c5nc6[nH]cnc6c(=O)[nH]5)OC4)ccc3nc-2c(=O)[nH]1
fraggfn_6td3,hub_batching,50,50,82,1,-4.46289,O=c1[nH]c(C2CCCCC2c2ccccc2C2CCC(C3CCCN3)CO2)nc2[nH]cnc12,O=c1nc2[nH]c3ccc(-c4cccc(C5CCC(C6CCCN6)CO5)c4C4CCCCC4c4nc5[nH]cnc5c(=O)[nH]4)cc3nc-2c(=O)[nH]1
fraggfn_6td3,hub_batching,51,51,83,1,-4.360469999999999,O=c1[nH]c(C2CCCCC2c2ccccc2C2CCC(C3CCCN3)CO2)nc2[nH]cnc12,O=c1[nH]c(C2CCCCC2c2ccccc2C2OCC(C3CCCN3)CC2[NH+]2CCOCC2)nc2[nH]cnc12
fraggfn_6td3,hub_batching,52,52,84,1,-4.150719999999999,O=c1[nH]c(C2CCCCC2c2ccccc2C2CCC(C3CCCN3)CO2)nc2[nH]cnc12,O=c1nc(C2OC(c3ccccc3C3CCCCC3c3nc4[nH]cnc4c(=O)[nH]3)CCC2C2CCCN2)cc[nH]1
fraggfn_6td3,hub_batching,53,53,85,1,-3.812290000000001,O=c1[nH]c(C2CCCCC2c2ccccc2C2CCC(C3CCCN3)CO2)nc2[nH]cnc12,O=c1nc2n(-c3cccc(C4CCCCC4c4nc5[nH]cnc5c(=O)[nH]4)c3C3CCC(C4CCCN4)CO3)c3ccccc3nc-2c(=O)[nH]1
fraggfn_6td3,hub_batching,54,54,90,5,-6.33903,O=c1nc2n(-c3cc(-c4ncncc4C4CCOC4)c[nH]3)c3cc(-c4ncccn4)ccc3nc-2c(=O)[nH]1,O=c1nc2n(-c3cc(-c4ncncc4C4CCOC4)c[nH]3)c3cc(-c4ncccn4)c(C4CCOCC4)cc3nc-2c(=O)[nH]1
fraggfn_6td3,hub_batching,55,55,91,1,-5.1639100000000004,O=c1nc2n(-c3cc(-c4ncncc4C4CCOC4)c[nH]3)c3cc(-c4ncccn4)ccc3nc-2c(=O)[nH]1,CC(C)=Cc1ncnc(-c2c[nH]c(-n3c4nc(=O)[nH]c(=O)c-4nc4ccc(-c5ncccn5)cc43)c2)c1C1CCOC1
fraggfn_6td3,hub_batching,56,56,92,1,-4.895239999999999,O=c1nc2n(-c3cc(-c4ncncc4C4CCOC4)c[nH]3)c3cc(-c4ncccn4)ccc3nc-2c(=O)[nH]1,O=c1nc2[nH]c3cc(C4OCCC4c4cncnc4-c4c[nH]c(-n5c6nc(=O)[nH]c(=O)c-6nc6ccc(-c7ncccn7)cc65)c4)ccc3nc-2c(=O)[nH]1
fraggfn_6td3,hub_batching,57,57,97,5,-5.177079999999999,O=c1nc2[nH]c3cc(-c4cccnc4)c(CCc4ccnc(-c5ccccn5)c4)cc3nc-2c(=O)[nH]1,O=c1nc2[nH]c3cc(-c4cccnc4)c(CCc4cc(-c5ccccn5)ncc4N4CCOCC4)cc3nc-2c(=O)[nH]1
fraggfn_6td3,hub_batching,58,58,98,1,-4.8809499999999995,O=c1nc2[nH]c3cc(-c4cccnc4)c(CCc4ccnc(-c5ccccn5)c4)cc3nc-2c(=O)[nH]1,O=c1nc2[nH]c3cc(-c4cnccc4-c4ccc5ccccc5c4)c(CCc4ccnc(-c5ccccn5)c4)cc3nc-2c(=O)[nH]1
fraggfn_6td3,hub_batching,59,59,99,1,-4.382339999999999,O=c1nc2[nH]c3cc(-c4cccnc4)c(CCc4ccnc(-c5ccccn5)c4)cc3nc-2c(=O)[nH]1,O=c1nc2[nH]c3cc(-c4cccc(-c5cc(CCc6cc7nc8c(=O)[nH]c(=O)nc-8[nH]c7cc6-c6cccnc6)ccn5)n4)ccc3nc-2c(=O)[nH]1
fraggfn_6td3,hub_batching,60,60,100,1,-4.132809999999999,O=c1nc2[nH]c3cc(-c4cccnc4)c(CCc4ccnc(-c5ccccn5)c4)cc3nc-2c(=O)[nH]1,O=c1nc2n(-c3nc4[nH]cnc4c(=O)[nH]3)c3cc(-c4cccnc4)c(CCc4ccnc(-c5ccccn5)c4)cc3nc-2c(=O)[nH]1
fraggfn_6td3,hub_batching,61,61,105,5,-6.74888,O=c1nc2[nH]c3ccc(C4CC(C5CCCC([PH](=O)O)C5)NC4c4ccccc4)cc3nc-2c(=O)[nH]1,O=C(O)c1ccccc1C1NC(C2CCCC([PH](=O)O)C2)CC1c1ccc2[nH]c3nc(=O)[nH]c(=O)c-3nc2c1
fraggfn_6td3,hub_batching,62,62,106,1,-5.9042200000000005,O=c1nc2[nH]c3ccc(C4CC(C5CCCC([PH](=O)O)C5)NC4c4ccccc4)cc3nc-2c(=O)[nH]1,O=c1nc2[nH]c3ccc(C4CC(C5CCCC([PH](=O)O)C5c5c[nH]c6ccccc56)NC4c4ccccc4)cc3nc-2c(=O)[nH]1
fraggfn_6td3,hub_batching,63,63,107,1,-5.3705300000000005,O=c1nc2[nH]c3ccc(C4CC(C5CCCC([PH](=O)O)C5)NC4c4ccccc4)cc3nc-2c(=O)[nH]1,O=c1nc2[nH]c3ccc(C4CC(C5CCCC([PH](=O)O)C5)N(n5cnc6c(=O)[nH]cnc65)C4c4ccccc4)cc3nc-2c(=O)[nH]1
fraggfn_6td3,hub_batching,64,64,108,1,-5.219219999999999,O=c1nc2[nH]c3ccc(C4CC(C5CCCC([PH](=O)O)C5)NC4c4ccccc4)cc3nc-2c(=O)[nH]1,O=c1nc2[nH]c3ccc(C4CC(C5CC(C6=CNC=CC6)CC([PH](=O)O)C5)NC4c4ccccc4)cc3nc-2c(=O)[nH]1
fraggfn_6td3,hub_batching,65,65,109,1,-5.05628,O=c1nc2[nH]c3ccc(C4CC(C5CCCC([PH](=O)O)C5)NC4c4ccccc4)cc3nc-2c(=O)[nH]1,O=c1nc2[nH]c3cc(-c4ccc5ccccc5c4)c(C4CC(C5CCCC([PH](=O)O)C5)NC4c4ccccc4)cc3nc-2c(=O)[nH]1
fraggfn_6td3,hub_batching,66,66,110,1,-4.547820000000001,O=c1nc2[nH]c3ccc(C4CC(C5CCCC([PH](=O)O)C5)NC4c4ccccc4)cc3nc-2c(=O)[nH]1,NS(=O)(=O)n1c2nc(=O)[nH]c(=O)c-2nc2cc(C3CC(C4CCCC([PH](=O)O)C4)NC3c3ccccc3)ccc21
fraggfn_6td3,hub_batching,67,67,111,1,-3.9952299999999994,O=c1nc2[nH]c3ccc(C4CC(C5CCCC([PH](=O)O)C5)NC4c4ccccc4)cc3nc-2c(=O)[nH]1,O=c1nc2[nH]c3ccc(C4CC(C5CC([PH](=O)O)CCC5n5cnc6cncnc65)NC4c4ccccc4)cc3nc-2c(=O)[nH]1
fraggfn_6td3,hub_batching,68,68,116,5,-6.28948,C1=C(c2cc(-c3ccc4ccccc4c3)c(-c3cccc4ccccc34)cc2C2CCCN2)CCCC1,O=c1nc2[nH]c3ccc(-c4c(C5=CCCCC5)c(C5CCCN5)cc(-c5cccc6ccccc56)c4-c4ccc5ccccc5c4)cc3nc-2c(=O)[nH]1
fraggfn_6td3,hub_batching,69,69,117,1,-6.0423800000000005,C1=C(c2cc(-c3ccc4ccccc4c3)c(-c3cccc4ccccc34)cc2C2CCCN2)CCCC1,C1=C(c2cc(-c3ccc4ccccc4c3)c(-c3cccc4ccccc34)cc2C2CC(N3CCCCC3)CN2)CCCC1
fraggfn_6td3,hub_batching,70,70,118,1,-5.35991,C1=C(c2cc(-c3ccc4ccccc4c3)c(-c3cccc4ccccc34)cc2C2CCCN2)CCCC1,C1=C(c2cc(-c3ccc4ccccc4c3)c(-c3cccc4ccccc34)cc2C2CCCN2)CCC(C2CCNCC2)C1
fraggfn_6td3,hub_batching,71,71,119,1,-5.1277099999999995,C1=C(c2cc(-c3ccc4ccccc4c3)c(-c3cccc4ccccc34)cc2C2CCCN2)CCCC1,O=c1ccn(-c2cc(-c3cc(C4=CCCCC4)c(C4CCCN4)cc3-c3cccc4ccccc34)cc3ccccc23)c(=O)[nH]1
fraggfn_6td3,hub_batching,72,72,120,1,-4.89707,C1=C(c2cc(-c3ccc4ccccc4c3)c(-c3cccc4ccccc34)cc2C2CCCN2)CCCC1,C1=CNC=C(c2cc(-c3cc(C4CCCN4)c(C4=CCCCC4)cc3-c3ccc4ccccc4c3)c3ccccc3c2)C1
fraggfn_6td3,hub_batching,73,73,121,1,-4.60017,C1=C(c2cc(-c3ccc4ccccc4c3)c(-c3cccc4ccccc34)cc2C2CCCN2)CCCC1,O=c1nc2[nH]c3cc(N4CCCC4c4cc(-c5cccc6ccccc56)c(-c5ccc6ccccc6c5)cc4C4=CCCCC4)ccc3nc-2c(=O)[nH]1
fraggfn_6td3,hub_batching,74,74,122,1,-4.3617300000000006,C1=C(c2cc(-c3ccc4ccccc4c3)c(-c3cccc4ccccc34)cc2C2CCCN2)CCCC1,Oc1c(-c2cccc3ccccc23)c(-c2ccc3ccccc3c2)cc(C2=CCCCC2)c1C1CCCN1
fraggfn_6td3,hub_batching,75,75,123,1,-3.87836,C1=C(c2cc(-c3ccc4ccccc4c3)c(-c3cccc4ccccc34)cc2C2CCCN2)CCCC1,C1=C(c2c(C3CCCN3)cc(-c3cccc4ccccc34)c(-c3ccc4ccccc4c3)c2-n2cnc3cncnc32)CCCC1
fraggfn_6td3,hub_batching,76,76,128,5,-5.44515,O=c1nc2n(-c3ccccn3)c3cc(CCc4ncncc4C4CCCN4)ccc3nc-2c(=O)[nH]1,O=c1nc2n(-c3ncccc3-c3ccc4ccccc4c3)c3cc(CCc4ncncc4C4CCCN4)ccc3nc-2c(=O)[nH]1
fraggfn_6td3,hub_batching,77,77,129,1,-5.301289999999999,O=c1nc2n(-c3ccccn3)c3cc(CCc4ncncc4C4CCCN4)ccc3nc-2c(=O)[nH]1,O=c1nc2n(-c3ccccn3)c3cc(CCc4ncncc4C4CC(c5c[nH]c6ccccc56)CN4)ccc3nc-2c(=O)[nH]1
fraggfn_6td3,hub_batching,78,78,130,1,-4.91024,O=c1nc2n(-c3ccccn3)c3cc(CCc4ncncc4C4CCCN4)ccc3nc-2c(=O)[nH]1,C[SH+]c1cc2nc3c(=O)[nH]c(=O)nc-3n(-c3ccccn3)c2cc1CCc1ncncc1C1CCCN1
fraggfn_6td3,hub_batching,79,79,131,1,-4.8946499999999995,O=c1nc2n(-c3ccccn3)c3cc(CCc4ncncc4C4CCCN4)ccc3nc-2c(=O)[nH]1,O=c1nc2[nH]c3ccc(-c4ncc(C5CCCN5)c(CCc5ccc6nc7c(=O)[nH]c(=O)nc-7n(-c7ccccn7)c6c5)n4)cc3nc-2c(=O)[nH]1
fraggfn_6td3,hub_batching,80,80,132,1,-3.6802,O=c1nc2n(-c3ccccn3)c3cc(CCc4ncncc4C4CCCN4)ccc3nc-2c(=O)[nH]1,O=c1nc2n(-c3ccccn3)c3cc(CCc4ncnc(C5CNc6nc[nH]c(=O)c6N5)c4C4CCCN4)ccc3nc-2c(=O)[nH]1
fraggfn_6td3,hub_batching,81,81,137,5,-5.835100000000001,O=c1[nH]c(-c2cccc(C3CCCC(c4cccnc4)C3C3CCCCC3)n2)nc2[nH]cnc12,O=c1[nH]c(-c2ccc(C3CCCO3)c(C3CCCC(c4cccnc4)C3C3CCCCC3)n2)nc2[nH]cnc12
fraggfn_6td3,hub_batching,82,82,138,1,-5.81372,O=c1[nH]c(-c2cccc(C3CCCC(c4cccnc4)C3C3CCCCC3)n2)nc2[nH]cnc12,O=c1[nH]c(-c2cccc(C3CCCC(c4cccnc4-c4c[nH]c5ccccc45)C3C3CCCCC3)n2)nc2[nH]cnc12
fraggfn_6td3,hub_batching,83,83,139,1,-5.521749999999999,O=c1[nH]c(-c2cccc(C3CCCC(c4cccnc4)C3C3CCCCC3)n2)nc2[nH]cnc12,O=c1[nH]c(-c2cccc(C3CCCC(c4ccc(C5C=CCCC5)nc4)C3C3CCCCC3)n2)nc2[nH]cnc12
fraggfn_6td3,hub_batching,84,84,140,1,-5.473129999999999,O=c1[nH]c(-c2cccc(C3CCCC(c4cccnc4)C3C3CCCCC3)n2)nc2[nH]cnc12,NS(=O)(=O)C1CCCCC1C1C(c2cccnc2)CCCC1c1cccc(-c2nc3[nH]cnc3c(=O)[nH]2)n1
fraggfn_6td3,hub_batching,85,85,141,1,-4.8304,O=c1[nH]c(-c2cccc(C3CCCC(c4cccnc4)C3C3CCCCC3)n2)nc2[nH]cnc12,O=c1nc2n(-c3cncc(C4CCCC(c5cccc(-c6nc7[nH]cnc7c(=O)[nH]6)n5)C4C4CCCCC4)c3)c3ccccc3nc-2c(=O)[nH]1
fraggfn_6td3,hub_batching,86,86,142,1,-4.618639999999999,O=c1[nH]c(-c2cccc(C3CCCC(c4cccnc4)C3C3CCCCC3)n2)nc2[nH]cnc12,CC(=O)n1cnc2c(=O)[nH]c(-c3cccc(C4CCCC(c5cccnc5)C4C4CCCCC4)n3)nc21
fraggfn_6td3,hub_batching,87,87,143,1,-4.53248,O=c1[nH]c(-c2cccc(C3CCCC(c4cccnc4)C3C3CCCCC3)n2)nc2[nH]cnc12,O=c1nc2[nH]c3ccc(C4CC(c5cccnc5)C(C5CCCCC5)C(c5cccc(-c6nc7[nH]cnc7c(=O)[nH]6)n5)C4)cc3nc-2c(=O)[nH]1
fraggfn_6td3,hub_batching,88,88,144,1,-3.952210000000001,O=c1[nH]c(-c2cccc(C3CCCC(c4cccnc4)C3C3CCCCC3)n2)nc2[nH]cnc12,O=c1[nH]c(C2CCC(c3cccc(-c4nc5[nH]cnc5c(=O)[nH]4)n3)C(C3CCCCC3)C2c2cccnc2)nc2c1NCCN2
fraggfn_6td3,hub_batching,89,89,145,1,-3.689679999999999,O=c1[nH]c(-c2cccc(C3CCCC(c4cccnc4)C3C3CCCCC3)n2)nc2[nH]cnc12,O=c1[nH]c(-c2cccc(C3CCCC(c4cnccc4-n4cnc5cncnc54)C3C3CCCCC3)n2)nc2[nH]cnc12
fraggfn_6td3,hub_batching,90,90,146,1,-3.45395,O=c1[nH]c(-c2cccc(C3CCCC(c4cccnc4)C3C3CCCCC3)n2)nc2[nH]cnc12,O=c1[nH]c(-c2cccc(C3C(c4c[nH]c5ccccc45)CCC(c4cccnc4)C3C3CCCCC3)n2)nc2[nH]cnc12
fraggfn_6td3,hub_batching,91,91,147,1,-3.40677,O=c1[nH]c(-c2cccc(C3CCCC(c4cccnc4)C3C3CCCCC3)n2)nc2[nH]cnc12,O=c1[nH]c(-c2ccc(C3CCCC(c4cccnc4)C3C3CCCCC3)nc2-c2nc3[nH]cnc3c(=O)[nH]2)nc2c1NCCN2
fraggfn_6td3,hub_batching,92,92,152,5,-4.636399999999999,COC1CCCC(c2ccc(C3CCCCC3)cc2)C1C1CCCO1,COC1CCCC(c2ccc(C3CCCCC3)cc2)C1C1CC(c2ccc3nc4c(=O)[nH]c(=O)nc-4[nH]c3c2)CO1
fraggfn_6td3,hub_batching,93,93,153,1,-4.47864,COC1CCCC(c2ccc(C3CCCCC3)cc2)C1C1CCCO1,COC1CCCC(c2ccc(C3CCCCC3)cc2)C1C1CCC(c2nc3c(c(=O)[nH]2)NCCN3)O1
fraggfn_6td3,hub_batching,94,94,154,1,-4.057370000000001,COC1CCCC(c2ccc(C3CCCCC3)cc2)C1C1CCCO1,COC1CCCC(c2ccc(C3CCCCC3c3ccc4[nH]c5nc(=O)[nH]c(=O)c-5nc4c3)cc2)C1C1CCCO1
fraggfn_6td3,hub_batching,95,95,155,1,-3.984280000000001,COC1CCCC(c2ccc(C3CCCCC3)cc2)C1C1CCCO1,COC1CCCC(c2ccc(C3CCCCC3)cc2-n2cnc3c(=O)[nH]cnc32)C1C1CCCO1
fraggfn_6td3,hub_batching,96,96,156,1,-3.9242100000000004,COC1CCCC(c2ccc(C3CCCCC3)cc2)C1C1CCCO1,COC1CC(n2cnc3c(=O)[nH]cnc32)CC(c2ccc(C3CCCCC3)cc2)C1C1CCCO1
fraggfn_6td3,hub_batching,97,97,157,1,-3.5843499999999997,COC1CCCC(c2ccc(C3CCCCC3)cc2)C1C1CCCO1,COC1CCCC(c2ccc(C3CCCCC3)c(-c3ccc4ccccc4c3)c2)C1C1CCCO1
fraggfn_6td3,hub_batching,98,98,158,1,-3.56285,COC1CCCC(c2ccc(C3CCCCC3)cc2)C1C1CCCO1,COC1CC(c2ccccc2)CC(c2ccc(C3CCCCC3)cc2)C1C1CCCO1
fraggfn_6td3,hub_batching,99,99,159,1,-3.5238500000000004,COC1CCCC(c2ccc(C3CCCCC3)cc2)C1C1CCCO1,COC1C(C2CC=CCC2)CCC(c2ccc(C3CCCCC3)cc2)C1C1CCCO1
fraggfn_6td3,hub_batching,100,100,160,1,-3.420090000000001,COC1CCCC(c2ccc(C3CCCCC3)cc2)C1C1CCCO1,CNC(=O)C1CCC(OC)C(C2CCCO2)C1c1ccc(C2CCCCC2)cc1
fraggfn_6td3,hub_batching,101,101,161,1,-3.1126300000000002,COC1CCCC(c2ccc(C3CCCCC3)cc2)C1C1CCCO1,COC1CCCC(c2ccc(C3CCCC(c4ncnc5[nH]cnc45)C3)cc2)C1C1CCCO1
fraggfn_6td3,hub_batching,102,102,162,1,-3.08612,COC1CCCC(c2ccc(C3CCCCC3)cc2)C1C1CCCO1,COC1CCCC(c2ccc(C3CCCCC3)cc2)C1C1CCC(C2CNc3nc[nH]c(=O)c3N2)O1
fraggfn_6td3,hub_batching,103,103,163,1,-3.0778499999999998,COC1CCCC(c2ccc(C3CCCCC3)cc2)C1C1CCCO1,c1n[nH]cc1COC1CCCC(c2ccc(C3CCCCC3)cc2)C1C1CCCO1
fraggfn_6td3,hub_batching,104,104,164,1,-2.9926899999999996,COC1CCCC(c2ccc(C3CCCCC3)cc2)C1C1CCCO1,COC1CCCC(c2ccc(C3CCCCC3)cc2)C1C1CC(N2CCCC2)CO1
fraggfn_6td3,hub_batching,105,105,165,1,-2.986180000000001,COC1CCCC(c2ccc(C3CCCCC3)cc2)C1C1CCCO1,COC1CCCC(c2ccc(C3CCC(CN)CC3)cc2)C1C1CCCO1
fraggfn_6td3,hub_batching,106,106,166,1,-2.9844299999999997,COC1CCCC(c2ccc(C3CCCCC3)cc2)C1C1CCCO1,COC1CCCC(c2ccc(C3CCCCC3)cc2)C1C1CCC(CNC(C)=O)O1
fraggfn_6td3,hub_batching,107,107,167,1,-2.961129999999999,COC1CCCC(c2ccc(C3CCCCC3)cc2)C1C1CCCO1,COC1CCCC(c2ccc(C3CCCCC3)cc2)C1C1OCCC1c1ccc[nH]1
fraggfn_6td3,hub_batching,108,108,168,1,-2.9021300000000005,COC1CCCC(c2ccc(C3CCCCC3)cc2)C1C1CCCO1,COC1CCCC(c2ccc(C3CCCCC3)c(-n3c4nc(=O)[nH]c(=O)c-4nc4ccccc43)c2)C1C1CCCO1
fraggfn_6td3,hub_batching,109,109,169,1,-2.85407,COC1CCCC(c2ccc(C3CCCCC3)cc2)C1C1CCCO1,COC1C(C2CCCO2)C(c2ccc(C3CCCCC3)cc2)CCC1n1cnc2cncnc21
fraggfn_6td3,hub_batching,110,110,170,1,-2.54373,COC1CCCC(c2ccc(C3CCCCC3)cc2)C1C1CCCO1,COC1CCC(n2c3nc(=O)[nH]c(=O)c-3nc3ccccc32)C(c2ccc(C3CCCCC3)cc2)C1C1CCCO1
fraggfn_6td3,hub_batching,111,111,171,1,-2.4173500000000008,COC1CCCC(c2ccc(C3CCCCC3)cc2)C1C1CCCO1,COC1C(c2c[nH]c(=O)[nH]c2=O)CCC(c2ccc(C3CCCCC3)cc2)C1C1CCCO1
fraggfn_6td3,hub_batching,112,112,172,1,-2.26739,COC1CCCC(c2ccc(C3CCCCC3)cc2)C1C1CCCO1,COC1CCCC(c2ccc(C3CCCC(n4cccnc4=O)C3)cc2)C1C1CCCO1
fraggfn_6td3,hub_batching,113,113,173,1,-2.252319999999999,COC1CCCC(c2ccc(C3CCCCC3)cc2)C1C1CCCO1,COC1CCCC(c2ccc(C3CCCC(c4cccc5ccccc45)C3)cc2)C1C1CCCO1
fraggfn_6td3,hub_batching,114,114,178,5,-6.66273,O=c1nc2[nH]c3cc(C4CCCCC4C4CCCCC4c4nccc(-c5ccccc5)n4)ccc3nc-2c(=O)[nH]1,O=c1nc2[nH]c3cc(C4C(Cl)CCCC4C4CCCCC4c4nccc(-c5ccccc5)n4)ccc3nc-2c(=O)[nH]1
fraggfn_6td3,hub_batching,115,115,179,1,-6.08615,O=c1nc2[nH]c3cc(C4CCCCC4C4CCCCC4c4nccc(-c5ccccc5)n4)ccc3nc-2c(=O)[nH]1,NC(=O)n1c2nc(=O)[nH]c(=O)c-2nc2ccc(C3CCCCC3C3CCCCC3c3nccc(-c4ccccc4)n3)cc21
fraggfn_6td3,hub_batching,116,116,180,1,-5.57233,O=c1nc2[nH]c3cc(C4CCCCC4C4CCCCC4c4nccc(-c5ccccc5)n4)ccc3nc-2c(=O)[nH]1,O=c1nc2[nH]c3cc(C4CCCCC4C4CCCCC4c4ncc(-c5nccs5)c(-c5ccccc5)n4)ccc3nc-2c(=O)[nH]1
fraggfn_6td3,hub_batching,117,117,181,1,-4.404019999999999,O=c1nc2[nH]c3cc(C4CCCCC4C4CCCCC4c4nccc(-c5ccccc5)n4)ccc3nc-2c(=O)[nH]1,O=c1nc2[nH]c3cc(C4CCCCC4C4CCCCC4c4nccc(-c5ccccc5-c5ncnc6[nH]cnc56)n4)ccc3nc-2c(=O)[nH]1
fraggfn_6td3,hub_batching,118,118,186,5,-5.340980000000001,O=c1[nH]c(-c2ncccc2C2CCCC(C3CCCC(CO)C3)C2)nc2[nH]cnc12,O=c1nc2n(OCC3CCCC(C4CCCC(c5cccnc5-c5nc6[nH]cnc6c(=O)[nH]5)C4)C3)c3ccccc3nc-2c(=O)[nH]1
fraggfn_6td3,hub_batching,119,119,187,1,-5.000109999999999,O=c1[nH]c(-c2ncccc2C2CCCC(C3CCCC(CO)C3)C2)nc2[nH]cnc12,O=c1nc2[nH]c3ccc(C4CCC(CO)CC4C4CCCC(c5cccnc5-c5nc6[nH]cnc6c(=O)[nH]5)C4)cc3nc-2c(=O)[nH]1
fraggfn_6td3,hub_batching,120,120,188,1,-4.97124,O=c1[nH]c(-c2ncccc2C2CCCC(C3CCCC(CO)C3)C2)nc2[nH]cnc12,O=c1[nH]c(-c2ncccc2C2CC(c3ccc[nH]3)CC(C3CCCC(CO)C3)C2)nc2[nH]cnc12
fraggfn_6td3,hub_batching,121,121,189,1,-4.701880000000001,O=c1[nH]c(-c2ncccc2C2CCCC(C3CCCC(CO)C3)C2)nc2[nH]cnc12,O=c1[nH]c(-c2ncc(C3=CCCCC3)cc2C2CCCC(C3CCCC(CO)C3)C2)nc2[nH]cnc12
fraggfn_6td3,hub_batching,122,122,190,1,-4.39959,O=c1[nH]c(-c2ncccc2C2CCCC(C3CCCC(CO)C3)C2)nc2[nH]cnc12,O=c1[nH]c(-c2ncccc2C2CCCC(C3CCCC(CO)C3)C2)nc2c1ncn2-c1ccc2ccccc2c1
fraggfn_6td3,hub_batching,123,123,191,1,-4.105509999999999,O=c1[nH]c(-c2ncccc2C2CCCC(C3CCCC(CO)C3)C2)nc2[nH]cnc12,O=c1[nH]c(-c2nc(-c3c[nH]c4ccccc34)ccc2C2CCCC(C3CCCC(CO)C3)C2)nc2[nH]cnc12
fraggfn_6td3,hub_batching,124,124,192,1,-3.811539999999999,O=c1[nH]c(-c2ncccc2C2CCCC(C3CCCC(CO)C3)C2)nc2[nH]cnc12,O=c1[nH]c(-c2ncccc2C2CC(C3CCCC(CO)C3)CCC2n2cnc3cncnc32)nc2[nH]cnc12
fraggfn_6td3,hub_batching,125,125,193,1,-3.73926,O=c1[nH]c(-c2ncccc2C2CCCC(C3CCCC(CO)C3)C2)nc2[nH]cnc12,O=c1[nH]c(-c2nccc(-n3cccn3)c2C2CCCC(C3CCCC(CO)C3)C2)nc2[nH]cnc12
fraggfn_6td3,hub_batching,126,126,194,1,-3.6813600000000006,O=c1[nH]c(-c2ncccc2C2CCCC(C3CCCC(CO)C3)C2)nc2[nH]cnc12,O=c1[nH]c(-c2ncccc2C2CCCC(C3CCC(C4=CCCCC4)C(CO)C3)C2)nc2[nH]cnc12
fraggfn_6td3,hub_batching,127,127,195,1,-2.7466100000000004,O=c1[nH]c(-c2ncccc2C2CCCC(C3CCCC(CO)C3)C2)nc2[nH]cnc12,O=c1[nH]c(C2C(CO)CCCC2C2CCCC(c3cccnc3-c3nc4[nH]cnc4c(=O)[nH]3)C2)nc2c1NCCN2
fraggfn_6td3,hub_batching,128,128,196,1,-2.007909999999999,O=c1[nH]c(-c2ncccc2C2CCCC(C3CCCC(CO)C3)C2)nc2[nH]cnc12,O=c1[nH]c(-c2ncccc2C2CCCC(C3CCCC(CO)C3)C2c2c[nH]c3ccccc23)nc2[nH]cnc12
fraggfn_6td3,hub_batching,129,129,201,5,-5.70334,O=c1nc2[nH]c3ccc(C4CC(c5nc6c(c(=O)[nH]5)NCCN6)COC4C4CCOCC4c4ccccn4)cc3nc-2c(=O)[nH]1,O=c1nc2[nH]c3ccc(C4CC(c5nc6c(c(=O)[nH]5)NCCN6)COC4C4CCOC(c5ncnc6[nH]cnc56)C4c4ccccn4)cc3nc-2c(=O)[nH]1
fraggfn_6td3,hub_batching,130,130,202,1,-5.616959999999999,O=c1nc2[nH]c3ccc(C4CC(c5nc6c(c(=O)[nH]5)NCCN6)COC4C4CCOCC4c4ccccn4)cc3nc-2c(=O)[nH]1,O=c1nc2[nH]c3ccc(C4C(C5CCOCC5c5ccccn5)OCC(c5nc6c(c(=O)[nH]5)NCCN6)C4C4CC=CCC4)cc3nc-2c(=O)[nH]1
fraggfn_6td3,hub_batching,131,131,203,1,-5.126270000000001,O=c1nc2[nH]c3ccc(C4CC(c5nc6c(c(=O)[nH]5)NCCN6)COC4C4CCOCC4c4ccccn4)cc3nc-2c(=O)[nH]1,O=C(NO)n1c2nc(=O)[nH]c(=O)c-2nc2cc(C3CC(c4nc5c(c(=O)[nH]4)NCCN5)COC3C3CCOCC3c3ccccn3)ccc21
fraggfn_6td3,hub_batching,132,132,204,1,-4.369039999999999,O=c1nc2[nH]c3ccc(C4CC(c5nc6c(c(=O)[nH]5)NCCN6)COC4C4CCOCC4c4ccccn4)cc3nc-2c(=O)[nH]1,O=c1nc2[nH]c3ccc(C4CC(c5nc6c(c(=O)[nH]5)NC(n5cnc7cncnc75)CN6)COC4C4CCOCC4c4ccccn4)cc3nc-2c(=O)[nH]1
fraggfn_6td3,hub_batching,133,133,205,1,-2.0717100000000004,O=c1nc2[nH]c3ccc(C4CC(c5nc6c(c(=O)[nH]5)NCCN6)COC4C4CCOCC4c4ccccn4)cc3nc-2c(=O)[nH]1,O=c1nc2[nH]c3cc(C4CNc5nc[nH]c(=O)c5N4)c(C4CC(c5nc6c(c(=O)[nH]5)NCCN6)COC4C4CCOCC4c4ccccn4)cc3nc-2c(=O)[nH]1
fraggfn_6td3,hub_batching,134,134,210,5,-5.99146,O=CNC1CC(n2c3nc(=O)[nH]c(=O)c-3nc3ccccc32)CC(c2ccc3[nH]c4nc(=O)[nH]c(=O)c-4nc3c2)C1C1CCCO1,O=CNC1C(c2cccs2)C(n2c3nc(=O)[nH]c(=O)c-3nc3ccccc32)CC(c2ccc3[nH]c4nc(=O)[nH]c(=O)c-4nc3c2)C1C1CCCO1
fraggfn_6td3,hub_batching,135,135,211,1,-5.697509999999999,O=CNC1CC(n2c3nc(=O)[nH]c(=O)c-3nc3ccccc32)CC(c2ccc3[nH]c4nc(=O)[nH]c(=O)c-4nc3c2)C1C1CCCO1,O=CNC1CC(n2c3nc(=O)[nH]c(=O)c-3nc3cc(-c4nc5[nH]cnc5c(=O)[nH]4)ccc32)CC(c2ccc3[nH]c4nc(=O)[nH]c(=O)c-4nc3c2)C1C1CCCO1
fraggfn_6td3,hub_batching,136,136,212,1,-4.97387,O=CNC1CC(n2c3nc(=O)[nH]c(=O)c-3nc3ccccc32)CC(c2ccc3[nH]c4nc(=O)[nH]c(=O)c-4nc3c2)C1C1CCCO1,CC(=O)NCc1cc2[nH]c3nc(=O)[nH]c(=O)c-3nc2cc1C1CC(n2c3nc(=O)[nH]c(=O)c-3nc3ccccc32)CC(NC=O)C1C1CCCO1
fraggfn_6td3,hub_batching,137,137,213,1,-4.75928,O=CNC1CC(n2c3nc(=O)[nH]c(=O)c-3nc3ccccc32)CC(c2ccc3[nH]c4nc(=O)[nH]c(=O)c-4nc3c2)C1C1CCCO1,O=CNC1CC(n2c3nc(=O)[nH]c(=O)c-3nc3ccccc32)CC(c2ccc3[nH]c4nc(=O)[nH]c(=O)c-4nc3c2)C1C1OCCC1c1cccc2ccccc12
fraggfn_6td3,hub_batching,138,138,214,1,-3.2033999999999994,O=CNC1CC(n2c3nc(=O)[nH]c(=O)c-3nc3ccccc32)CC(c2ccc3[nH]c4nc(=O)[nH]c(=O)c-4nc3c2)C1C1CCCO1,O=CNC1CC(n2c3nc(=O)[nH]c(=O)c-3nc3ccccc32)CC(c2ccc3c(c2)nc2c(=O)[nH]c(=O)nc-2n3-c2nc3c(c(=O)[nH]2)NCCN3)C1C1CCCO1
fraggfn_6td3,hub_batching,139,139,219,5,-6.71985,O=c1nc2[nH]c3ccc(-c4ccc(C5CCCCC5N5CCNCC5)cc4C4CCCCO4)cc3nc-2c(=O)[nH]1,CC(C)=Cc1cc2[nH]c3nc(=O)[nH]c(=O)c-3nc2cc1-c1ccc(C2CCCCC2N2CCNCC2)cc1C1CCCCO1
fraggfn_6td3,hub_batching,140,140,220,1,-6.61407,O=c1nc2[nH]c3ccc(-c4ccc(C5CCCCC5N5CCNCC5)cc4C4CCCCO4)cc3nc-2c(=O)[nH]1,O=c1nc2[nH]c3ccc(-c4ccc(C5C(C6CNc7nc[nH]c(=O)c7N6)CCCC5N5CCNCC5)cc4C4CCCCO4)cc3nc-2c(=O)[nH]1
fraggfn_6td3,hub_batching,141,141,221,1,-6.38473,O=c1nc2[nH]c3ccc(-c4ccc(C5CCCCC5N5CCNCC5)cc4C4CCCCO4)cc3nc-2c(=O)[nH]1,O=c1nc2[nH]c3ccc(-c4c(C5CC=CCC5)cc(C5CCCCC5N5CCNCC5)cc4C4CCCCO4)cc3nc-2c(=O)[nH]1
fraggfn_6td3,hub_batching,142,142,222,1,-5.694819999999999,O=c1nc2[nH]c3ccc(-c4ccc(C5CCCCC5N5CCNCC5)cc4C4CCCCO4)cc3nc-2c(=O)[nH]1,O=c1nc2n(C3C=CCCC3)c3ccc(-c4ccc(C5CCCCC5N5CCNCC5)cc4C4CCCCO4)cc3nc-2c(=O)[nH]1
fraggfn_6td3,hub_batching,143,143,223,1,-5.472300000000001,O=c1nc2[nH]c3ccc(-c4ccc(C5CCCCC5N5CCNCC5)cc4C4CCCCO4)cc3nc-2c(=O)[nH]1,O=c1nc2[nH]c3ccc(-c4ccc(C5CCCCC5N5CCN(c6ccc7ccccc7c6)CC5)cc4C4CCCCO4)cc3nc-2c(=O)[nH]1
fraggfn_6td3,hub_batching,144,144,224,1,-5.224850000000001,O=c1nc2[nH]c3ccc(-c4ccc(C5CCCCC5N5CCNCC5)cc4C4CCCCO4)cc3nc-2c(=O)[nH]1,O=c1nc2[nH]c3ccc(-c4ccc(C5CCCCC5N5CCNCC5)cc4C4CCCC(n5cnc6cncnc65)O4)cc3nc-2c(=O)[nH]1
fraggfn_6td3,hub_batching,145,145,225,1,-4.51695,O=c1nc2[nH]c3ccc(-c4ccc(C5CCCCC5N5CCNCC5)cc4C4CCCCO4)cc3nc-2c(=O)[nH]1,O=c1nc2[nH]c3ccc(-c4ccc(C5CCCCC5N5CCNCC5)c(-c5ncnc6[nH]cnc56)c4C4CCCCO4)cc3nc-2c(=O)[nH]1
fraggfn_6td3,hub_batching,146,146,230,5,-6.09707,O=c1nc2n(-c3ccccc3)c3ccc(C4CCC(C5COCC5C5CCCCC5)OC4)cc3nc-2c(=O)[nH]1,O=c1nc2n(-c3ccccc3)c3ccc(C4CCC(C5C(C6CCCCC6)COC5n5c6nc(=O)[nH]c(=O)c-6nc6ccccc65)OC4)cc3nc-2c(=O)[nH]1
fraggfn_6td3,hub_batching,147,147,231,1,-5.94914,O=c1nc2n(-c3ccccc3)c3ccc(C4CCC(C5COCC5C5CCCCC5)OC4)cc3nc-2c(=O)[nH]1,O=c1nc2n(-c3cccc(-c4c[nH]c(=O)[nH]c4=O)c3)c3ccc(C4CCC(C5COCC5C5CCCCC5)OC4)cc3nc-2c(=O)[nH]1
fraggfn_6td3,hub_batching,148,148,232,1,-4.52231,O=c1nc2n(-c3ccccc3)c3ccc(C4CCC(C5COCC5C5CCCCC5)OC4)cc3nc-2c(=O)[nH]1,O=c1nc2n(-c3ccccc3)c3cc(-c4ccc5ccccc5c4)c(C4CCC(C5COCC5C5CCCCC5)OC4)cc3nc-2c(=O)[nH]1
fraggfn_6td3,hub_batching,149,149,233,1,-4.3364699999999985,O=c1nc2n(-c3ccccc3)c3ccc(C4CCC(C5COCC5C5CCCCC5)OC4)cc3nc-2c(=O)[nH]1,O=c1nc2n(-c3ccccc3)c3ccc(C4CCC(C5COCC5C5CCCC(c6nc7c(c(=O)[nH]6)NCCN7)C5)OC4)cc3nc-2c(=O)[nH]1
fraggfn_6td3,hub_batching,150,150,234,1,-4.22987,O=c1nc2n(-c3ccccc3)c3ccc(C4CCC(C5COCC5C5CCCCC5)OC4)cc3nc-2c(=O)[nH]1,O=c1nc2[nH]c3cc(C4CC(C5COCC5C5CCCCC5)OCC4c4ccc5c(c4)nc4c(=O)[nH]c(=O)nc-4n5-c4ccccc4)ccc3nc-2c(=O)[nH]1
fraggfn_6td3,hub_batching,151,151,235,1,-4.000089999999999,O=c1nc2n(-c3ccccc3)c3ccc(C4CCC(C5COCC5C5CCCCC5)OC4)cc3nc-2c(=O)[nH]1,O=c1nc2n(-c3ccccc3)c3ccc(C4COC(C5COCC5C5CCCCC5)C(c5ncnc6[nH]cnc56)C4)cc3nc-2c(=O)[nH]1
fraggfn_6td3,hub_batching,152,152,240,5,-6.20569,O=c1nc2[nH]c3cc(C4CC(C5CCCCC5c5ccccc5)OCC4c4cccs4)ccc3nc-2c(=O)[nH]1,O=c1nc2[nH]c3cc(C4CC(C5CCCCC5c5ccccc5)OCC4c4ccc([PH](=O)[O-])s4)ccc3nc-2c(=O)[nH]1
fraggfn_6td3,hub_batching,153,153,241,1,-5.17579,O=c1nc2[nH]c3cc(C4CC(C5CCCCC5c5ccccc5)OCC4c4cccs4)ccc3nc-2c(=O)[nH]1,CC(=O)Nn1c2nc(=O)[nH]c(=O)c-2nc2ccc(C3CC(C4CCCCC4c4ccccc4)OCC3c3cccs3)cc21
fraggfn_6td3,hub_batching,154,154,242,1,-4.45561,O=c1nc2[nH]c3cc(C4CC(C5CCCCC5c5ccccc5)OCC4c4cccs4)ccc3nc-2c(=O)[nH]1,O=c1nc2[nH]c3cc(C4C(c5cccs5)COC(C5CCCCC5c5ccccc5)C4C4CC4)ccc3nc-2c(=O)[nH]1
fraggfn_6td3,hub_batching,155,155,243,1,-4.13103,O=c1nc2[nH]c3cc(C4CC(C5CCCCC5c5ccccc5)OCC4c4cccs4)ccc3nc-2c(=O)[nH]1,O=c1nc2[nH]c3cc(C4CC(C5C(c6ccccc6)CCCC5c5cccc6ccccc56)OCC4c4cccs4)ccc3nc-2c(=O)[nH]1
fraggfn_6td3,hub_batching,156,156,244,1,-3.61787,O=c1nc2[nH]c3cc(C4CC(C5CCCCC5c5ccccc5)OCC4c4cccs4)ccc3nc-2c(=O)[nH]1,O=c1nc2[nH]c3cc(C4CC(C5CCCCC5c5ccccc5)OCC4c4cccs4)c(-n4cccnc4=O)cc3nc-2c(=O)[nH]1
fraggfn_6td3,hub_batching,157,157,245,1,-2.56112,O=c1nc2[nH]c3cc(C4CC(C5CCCCC5c5ccccc5)OCC4c4cccs4)ccc3nc-2c(=O)[nH]1,O=c1nc2[nH]c3cc(C4CC(C5CC(C6CNc7nc[nH]c(=O)c7N6)CCC5c5ccccc5)OCC4c4cccs4)ccc3nc-2c(=O)[nH]1
fraggfn_6td3,hub_batching,158,158,250,5,-5.79441,O=c1nc2[nH]c3cc(-c4cccc(C5CC(c6c[nH]c7ccccc67)OC5C5CCCO5)c4)ccc3nc-2c(=O)[nH]1,O=c1nc2[nH]c3cc(-c4cccc(C5C(I)C(c6c[nH]c7ccccc67)OC5C5CCCO5)c4)ccc3nc-2c(=O)[nH]1
fraggfn_6td3,hub_batching,159,159,251,1,-5.622649999999999,O=c1nc2[nH]c3cc(-c4cccc(C5CC(c6c[nH]c7ccccc67)OC5C5CCCO5)c4)ccc3nc-2c(=O)[nH]1,O=c1nc2n(S(=O)(=O)[O-])c3cc(-c4cccc(C5CC(c6c[nH]c7ccccc67)OC5C5CCCO5)c4)ccc3nc-2c(=O)[nH]1
fraggfn_6td3,hub_batching,160,160,252,1,-5.383659999999999,O=c1nc2[nH]c3cc(-c4cccc(C5CC(c6c[nH]c7ccccc67)OC5C5CCCO5)c4)ccc3nc-2c(=O)[nH]1,O=c1nc2[nH]c3cc(-c4ccc(C5CNc6nc[nH]c(=O)c6N5)c(C5CC(c6c[nH]c7ccccc67)OC5C5CCCO5)c4)ccc3nc-2c(=O)[nH]1
fraggfn_6td3,hub_batching,161,161,253,1,-4.019459999999999,O=c1nc2[nH]c3cc(-c4cccc(C5CC(c6c[nH]c7ccccc67)OC5C5CCCO5)c4)ccc3nc-2c(=O)[nH]1,O=c1nc2[nH]c3cc(-c4cccc(C5CC(c6c[nH]c7ccccc67)OC5C5CCC(c6nc7[nH]cnc7c(=O)[nH]6)O5)c4)ccc3nc-2c(=O)[nH]1
fraggfn_6td3,hub_batching,162,162,258,5,-6.66897,O=c1nc2[nH]c3ccc(C=CC4CCCC(c5ccccc5)C4C4CCCNC4)cc3nc-2c(=O)[nH]1,N=C(N)N1CCCC(C2C(C=Cc3ccc4[nH]c5nc(=O)[nH]c(=O)c-5nc4c3)CCCC2c2ccccc2)C1
fraggfn_6td3,hub_batching,163,163,259,1,-5.75783,O=c1nc2[nH]c3ccc(C=CC4CCCC(c5ccccc5)C4C4CCCNC4)cc3nc-2c(=O)[nH]1,O=c1nc2[nH]c3ccc(C=CC4C(C5CCCNC5)C(c5ccccc5)CCC4N4CCNCC4)cc3nc-2c(=O)[nH]1
fraggfn_6td3,hub_batching,164,164,260,1,-4.8830100000000005,O=c1nc2[nH]c3ccc(C=CC4CCCC(c5ccccc5)C4C4CCCNC4)cc3nc-2c(=O)[nH]1,O=c1nc2[nH]c3ccc(C=CC4CCCC(c5ccccc5-c5nc6c(c(=O)[nH]5)NCCN6)C4C4CCCNC4)cc3nc-2c(=O)[nH]1
fraggfn_6td3,hub_batching,165,165,261,1,-4.857779999999999,O=c1nc2[nH]c3ccc(C=CC4CCCC(c5ccccc5)C4C4CCCNC4)cc3nc-2c(=O)[nH]1,O=c1nc2[nH]c3cc(-c4ncnc5[nH]cnc45)c(C=CC4CCCC(c5ccccc5)C4C4CCCNC4)cc3nc-2c(=O)[nH]1
fraggfn_6td3,hub_batching,166,166,262,1,-4.72523,O=c1nc2[nH]c3ccc(C=CC4CCCC(c5ccccc5)C4C4CCCNC4)cc3nc-2c(=O)[nH]1,O=c1nc2n([N+](=O)[O-])c3ccc(C=CC4CCCC(c5ccccc5)C4C4CCCNC4)cc3nc-2c(=O)[nH]1
fraggfn_6td3,hub_batching,167,167,263,1,-3.3518099999999986,O=c1nc2[nH]c3ccc(C=CC4CCCC(c5ccccc5)C4C4CCCNC4)cc3nc-2c(=O)[nH]1,O=c1nc2[nH]c3ccc(C=CC4CCCC(c5ccccc5)C4C4CNCCC4C4CNc5nc[nH]c(=O)c5N4)cc3nc-2c(=O)[nH]1
fraggfn_6td3,hub_batching,168,168,268,5,-6.27593,O=c1nc2n(C3CCCC(c4[nH]ncc4C4CCCCC4c4ncnc5[nH]cnc45)C3)c3ccccc3nc-2c(=O)[nH]1,NC(=O)n1ncc(C2CCCCC2c2ncnc3[nH]cnc23)c1C1CCCC(n2c3nc(=O)[nH]c(=O)c-3nc3ccccc32)C1
fraggfn_6td3,hub_batching,169,169,269,1,-4.557840000000001,O=c1nc2n(C3CCCC(c4[nH]ncc4C4CCCCC4c4ncnc5[nH]cnc45)C3)c3ccccc3nc-2c(=O)[nH]1,O=c1nc2n(C3CCCC(c4[nH]ncc4C4CCCCC4c4ncnc5c4ncn5-c4cccc5ccccc45)C3)c3ccccc3nc-2c(=O)[nH]1
fraggfn_6td3,hub_batching,170,170,270,1,-4.440569999999999,O=c1nc2n(C3CCCC(c4[nH]ncc4C4CCCCC4c4ncnc5[nH]cnc45)C3)c3ccccc3nc-2c(=O)[nH]1,O=c1nc2[nH]c3ccc(C4CCCC(c5cn[nH]c5C5CCCC(n6c7nc(=O)[nH]c(=O)c-7nc7ccccc76)C5)C4c4ncnc5[nH]cnc45)cc3nc-2c(=O)[nH]1
fraggfn_6td3,hub_batching,171,171,271,1,-4.082599999999999,O=c1nc2n(C3CCCC(c4[nH]ncc4C4CCCCC4c4ncnc5[nH]cnc45)C3)c3ccccc3nc-2c(=O)[nH]1,O=c1nc2n(C3CC(c4[nH]ncc4C4CCCCC4c4ncnc5[nH]cnc45)CCC3C3CNc4nc[nH]c(=O)c4N3)c3ccccc3nc-2c(=O)[nH]1
fraggfn_6td3,hub_batching,172,172,272,1,-2.94944,O=c1nc2n(C3CCCC(c4[nH]ncc4C4CCCCC4c4ncnc5[nH]cnc45)C3)c3ccccc3nc-2c(=O)[nH]1,O=c1nc2n(C3CCCC(c4[nH]ncc4C4CCCCC4c4ncnc5[nH]cnc45)C3)c3ccc(-c4nc5c(c(=O)[nH]4)NCCN5)cc3nc-2c(=O)[nH]1
fraggfn_6td3,hub_batching,173,173,277,5,-5.76366,c1ccc(-c2nn(-c3ccncc3C3CCCO3)cc2C2CCCCC2)nc1,O=C(O)c1ccnc(-c2nn(-c3ccncc3C3CCCO3)cc2C2CCCCC2)c1
fraggfn_6td3,hub_batching,174,174,278,1,-5.316739999999999,c1ccc(-c2nn(-c3ccncc3C3CCCO3)cc2C2CCCCC2)nc1,O=CNCC1CCOC1c1cnccc1-n1cc(C2CCCCC2)c(-c2ccccn2)n1
fraggfn_6td3,hub_batching,175,175,279,1,-4.709319999999999,c1ccc(-c2nn(-c3ccncc3C3CCCO3)cc2C2CCCCC2)nc1,c1ccc(-c2nn(-c3ccncc3C3CCCO3)cc2C2CCCC(N3CCNCC3)C2)nc1
fraggfn_6td3,hub_batching,176,176,280,1,-4.70458,c1ccc(-c2nn(-c3ccncc3C3CCCO3)cc2C2CCCCC2)nc1,O=c1nc2[nH]c3cc(C4CCCCC4c4cn(-c5ccncc5C5CCCO5)nc4-c4ccccn4)ccc3nc-2c(=O)[nH]1
fraggfn_6td3,hub_batching,177,177,281,1,-4.68146,c1ccc(-c2nn(-c3ccncc3C3CCCO3)cc2C2CCCCC2)nc1,C1=CNC=C(c2cncc(C3CCCO3)c2-n2cc(C3CCCCC3)c(-c3ccccn3)n2)C1
fraggfn_6td3,hub_batching,178,178,282,1,-4.531420000000001,c1ccc(-c2nn(-c3ccncc3C3CCCO3)cc2C2CCCCC2)nc1,c1ccc(-c2nn(-c3ccnc(-c4cn[nH]c4)c3C3CCCO3)cc2C2CCCCC2)nc1
fraggfn_6td3,hub_batching,179,179,283,1,-4.44948,c1ccc(-c2nn(-c3ccncc3C3CCCO3)cc2C2CCCCC2)nc1,O=c1[nH]cnc2c1ncn2C1CCCCC1c1cn(-c2ccncc2C2CCCO2)nc1-c1ccccn1
fraggfn_6td3,hub_batching,180,180,284,1,-4.213889999999999,c1ccc(-c2nn(-c3ccncc3C3CCCO3)cc2C2CCCCC2)nc1,O=c1nc2n(-c3c(C4CCCCC4)c(-c4ccccn4)nn3-c3ccncc3C3CCCO3)c3ccccc3nc-2c(=O)[nH]1
fraggfn_6td3,hub_batching,181,181,285,1,-4.2013,c1ccc(-c2nn(-c3ccncc3C3CCCO3)cc2C2CCCCC2)nc1,c1ccc(-c2nn(-c3cc([NH+]4CCOCC4)ncc3C3CCCO3)cc2C2CCCCC2)nc1
fraggfn_6td3,hub_batching,182,182,286,1,-4.14203,c1ccc(-c2nn(-c3ccncc3C3CCCO3)cc2C2CCCCC2)nc1,C1=CCC(c2c(C3CCCCC3)c(-c3ccccn3)nn2-c2ccncc2C2CCCO2)CC1
fraggfn_6td3,hub_batching,183,183,287,1,-3.7730999999999995,c1ccc(-c2nn(-c3ccncc3C3CCCO3)cc2C2CCCCC2)nc1,O=c1[nH]cnc2c1NC(c1cccnc1-c1nn(-c3ccncc3C3CCCO3)cc1C1CCCCC1)CN2
fraggfn_6td3,hub_batching,184,184,288,1,-3.72014,c1ccc(-c2nn(-c3ccncc3C3CCCO3)cc2C2CCCCC2)nc1,O=c1ccn(C2CCC(c3cnccc3-n3cc(C4CCCCC4)c(-c4ccccn4)n3)O2)c(=O)[nH]1
fraggfn_6td3,hub_batching,185,185,289,1,-3.491410000000001,c1ccc(-c2nn(-c3ccncc3C3CCCO3)cc2C2CCCCC2)nc1,c1ccc(-c2nn(-c3ccncc3C3CC(c4ncnc5[nH]cnc45)CO3)cc2C2CCCCC2)nc1
fraggfn_6td3,hub_batching,186,186,290,1,-3.1788500000000006,c1ccc(-c2nn(-c3ccncc3C3CCCO3)cc2C2CCCCC2)nc1,O=c1nc2n(C3COC(c4cnccc4-n4cc(C5CCCCC5)c(-c5ccccn5)n4)C3)c3ccccc3nc-2c(=O)[nH]1
fraggfn_6td3,hub_batching,187,187,291,1,-2.4856999999999996,c1ccc(-c2nn(-c3ccncc3C3CCCO3)cc2C2CCCCC2)nc1,O=c1nc2[nH]c3ccc(-c4cccnc4-c4nn(-c5ccncc5C5CCCO5)cc4C4CCCCC4)cc3nc-2c(=O)[nH]1
fraggfn_6td3,hub_batching,188,188,292,1,-2.4596099999999996,c1ccc(-c2nn(-c3ccncc3C3CCCO3)cc2C2CCCCC2)nc1,c1cnc(-c2nn(-c3ccncc3C3CCCO3)cc2C2CCCCC2)c(-n2cnc3cncnc32)c1
fraggfn_6td3,hub_batching,189,189,297,5,-6.609449999999999,O=C(NC1OCCCC1c1ccc2ccccc2c1)c1cccc(-c2cc[nH]c(=O)n2)c1,O=C(NC1OCCC(Br)C1c1ccc2ccccc2c1)c1cccc(-c2cc[nH]c(=O)n2)c1
fraggfn_6td3,hub_batching,190,190,298,1,-5.99056,O=C(NC1OCCCC1c1ccc2ccccc2c1)c1cccc(-c2cc[nH]c(=O)n2)c1,O=C(NC1OCCCC1c1ccc2ccccc2c1)c1cc(-c2cc[nH]c(=O)n2)ccc1-c1ccc2[nH]c3nc(=O)[nH]c(=O)c-3nc2c1
fraggfn_6td3,hub_batching,191,191,299,1,-5.856010000000001,O=C(NC1OCCCC1c1ccc2ccccc2c1)c1cccc(-c2cc[nH]c(=O)n2)c1,O=C(NC1OC(n2c3nc(=O)[nH]c(=O)c-3nc3ccccc32)CCC1c1ccc2ccccc2c1)c1cccc(-c2cc[nH]c(=O)n2)c1
fraggfn_6td3,hub_batching,192,192,300,1,-5.25726,O=C(NC1OCCCC1c1ccc2ccccc2c1)c1cccc(-c2cc[nH]c(=O)n2)c1,O=C(NC1OCCCC1c1cc(P(=O)(O)O)c2ccccc2c1)c1cccc(-c2cc[nH]c(=O)n2)c1
fraggfn_6td3,hub_batching,193,193,301,1,-5.2473600000000005,O=C(NC1OCCCC1c1ccc2ccccc2c1)c1cccc(-c2cc[nH]c(=O)n2)c1,O=C(NC1OCCCC1c1ccc2ccccc2c1)c1ccc(CS)c(-c2cc[nH]c(=O)n2)c1
fraggfn_6td3,hub_batching,194,194,302,1,-4.06427,O=C(NC1OCCCC1c1ccc2ccccc2c1)c1cccc(-c2cc[nH]c(=O)n2)c1,NS(=O)(=O)n1ccc(-c2cccc(C(=O)NC3OCCCC3c3ccc4ccccc4c3)c2)nc1=O
fraggfn_6td3,hub_batching,195,195,303,1,-3.897029999999999,O=C(NC1OCCCC1c1ccc2ccccc2c1)c1cccc(-c2cc[nH]c(=O)n2)c1,O=C(NC1OC(C2CNc3nc[nH]c(=O)c3N2)CCC1c1ccc2ccccc2c1)c1cccc(-c2cc[nH]c(=O)n2)c1
fraggfn_6td3,hub_batching,196,196,304,1,-3.8474699999999995,O=C(NC1OCCCC1c1ccc2ccccc2c1)c1cccc(-c2cc[nH]c(=O)n2)c1,O=C(NC1OCC(c2ccc3nc4c(=O)[nH]c(=O)nc-4[nH]c3c2)CC1c1ccc2ccccc2c1)c1cccc(-c2cc[nH]c(=O)n2)c1
fraggfn_6td3,hub_batching,197,197,309,5,-5.64085,O=c1nc2[nH]c3cc(-c4ccnc(C5CCCC(C6CCCC(c7c[nH]c(=O)[nH]c7=O)C6)C5)n4)ccc3nc-2c(=O)[nH]1,O=c1nc2[nH]c3cc(-c4ccnc(C5CCCC(C6CCC(N7CCNCC7)C(c7c[nH]c(=O)[nH]c7=O)C6)C5)n4)ccc3nc-2c(=O)[nH]1
fraggfn_6td3,hub_batching,198,198,310,1,-5.31262,O=c1nc2[nH]c3cc(-c4ccnc(C5CCCC(C6CCCC(c7c[nH]c(=O)[nH]c7=O)C6)C5)n4)ccc3nc-2c(=O)[nH]1,CC(=O)Nc1cc2nc3c(=O)[nH]c(=O)nc-3[nH]c2cc1-c1ccnc(C2CCCC(C3CCCC(c4c[nH]c(=O)[nH]c4=O)C3)C2)n1
fraggfn_6td3,hub_batching,199,199,311,1,-5.067879999999999,O=c1nc2[nH]c3cc(-c4ccnc(C5CCCC(C6CCCC(c7c[nH]c(=O)[nH]c7=O)C6)C5)n4)ccc3nc-2c(=O)[nH]1,O=Cn1c2nc(=O)[nH]c(=O)c-2nc2ccc(-c3ccnc(C4CCCC(C5CCCC(c6c[nH]c(=O)[nH]c6=O)C5)C4)n3)cc21
fraggfn_6td3,hub_batching,200,200,312,1,-4.41838,O=c1nc2[nH]c3cc(-c4ccnc(C5CCCC(C6CCCC(c7c[nH]c(=O)[nH]c7=O)C6)C5)n4)ccc3nc-2c(=O)[nH]1,O=c1nc2[nH]c3cc(-c4nc(C5CCCC(C6CCCC(c7c[nH]c(=O)[nH]c7=O)C6)C5)ncc4-c4nc5c(c(=O)[nH]4)NCCN5)ccc3nc-2c(=O)[nH]1
fraggfn_6td3,hub_batching,201,201,313,1,-4.038690000000001,O=c1nc2[nH]c3cc(-c4ccnc(C5CCCC(C6CCCC(c7c[nH]c(=O)[nH]c7=O)C6)C5)n4)ccc3nc-2c(=O)[nH]1,O=c1nc2[nH]c3cc(-c4ccnc(C5CCCC(C6CCCC(c7c[nH]c(=O)[nH]c7=O)C6)C5n5cnc6cncnc65)n4)ccc3nc-2c(=O)[nH]1
fraggfn_6td3,hub_batching,202,202,318,5,-6.705349999999999,O=c1nc2[nH]c3cc(C4CCCN(c5ccccc5C5CCCCC5C5CCCCC5)C4)ccc3nc-2c(=O)[nH]1,O=c1nc2[nH]c3cc(C4CCCN(c5ccccc5C5C(c6cscn6)CCCC5C5CCCCC5)C4)ccc3nc-2c(=O)[nH]1
fraggfn_6td3,hub_batching,203,203,319,1,-5.848109999999999,O=c1nc2[nH]c3cc(C4CCCN(c5ccccc5C5CCCCC5C5CCCCC5)C4)ccc3nc-2c(=O)[nH]1,O=c1nc2n([PH](=O)O)c3cc(C4CCCN(c5ccccc5C5CCCCC5C5CCCCC5)C4)ccc3nc-2c(=O)[nH]1
fraggfn_6td3,hub_batching,204,204,320,1,-5.57182,O=c1nc2[nH]c3cc(C4CCCN(c5ccccc5C5CCCCC5C5CCCCC5)C4)ccc3nc-2c(=O)[nH]1,O=c1nc2[nH]c3cc(C4CN(c5ccccc5C5CCCCC5C5CCCCC5)CCC4[NH+]4CCOCC4)ccc3nc-2c(=O)[nH]1
fraggfn_6td3,hub_batching,205,205,321,1,-4.32408,O=c1nc2[nH]c3cc(C4CCCN(c5ccccc5C5CCCCC5C5CCCCC5)C4)ccc3nc-2c(=O)[nH]1,O=c1nc2[nH]c3cc(C4CCCN(c5c(-c6cccc7ccccc67)cccc5C5CCCCC5C5CCCCC5)C4)ccc3nc-2c(=O)[nH]1
fraggfn_6td3,hub_batching,206,206,322,1,-4.15683,O=c1nc2[nH]c3cc(C4CCCN(c5ccccc5C5CCCCC5C5CCCCC5)C4)ccc3nc-2c(=O)[nH]1,O=c1nc2[nH]c3cc(C4CCCN(c5ccccc5C5CCCCC5C5CCCCC5)C4)c(-c4nc5c(c(=O)[nH]4)NCCN5)cc3nc-2c(=O)[nH]1
fraggfn_6td3,hub_batching,207,207,323,1,-3.8412700000000006,O=c1nc2[nH]c3cc(C4CCCN(c5ccccc5C5CCCCC5C5CCCCC5)C4)ccc3nc-2c(=O)[nH]1,O=c1nc2[nH]c3cc(C4CCCN(c5ccccc5C5CCCCC5C5CCCCC5C5CNc6nc[nH]c(=O)c6N5)C4)ccc3nc-2c(=O)[nH]1
fraggfn_6td3,hub_batching,208,208,324,1,-2.1345399999999994,O=c1nc2[nH]c3cc(C4CCCN(c5ccccc5C5CCCCC5C5CCCCC5)C4)ccc3nc-2c(=O)[nH]1,O=c1nc2[nH]c3cc(C4CCCN(c5cccc(-n6cnc7cncnc76)c5C5CCCCC5C5CCCCC5)C4)ccc3nc-2c(=O)[nH]1
fraggfn_6td3,hub_batching,209,209,329,5,-5.9969600000000005,O=c1nc2n(-n3cnc4c(=O)[nH]c(C5CCCCC5C5C=CCCC5)nc43)c3cc(-c4ccccc4)ccc3nc-2c(=O)[nH]1,O=c1nc2[nH]c3cc(C4CCC=CC4C4CCCCC4c4nc5c(ncn5-n5c6nc(=O)[nH]c(=O)c-6nc6ccc(-c7ccccc7)cc65)c(=O)[nH]4)ccc3nc-2c(=O)[nH]1
fraggfn_6td3,hub_batching,210,210,330,1,-5.227589999999999,O=c1nc2n(-n3cnc4c(=O)[nH]c(C5CCCCC5C5C=CCCC5)nc43)c3cc(-c4ccccc4)ccc3nc-2c(=O)[nH]1,O=c1nc2n(-n3cnc4c(=O)[nH]c(C5CCCCC5C5C=CCCC5)nc43)c3cc(-c4cccc(-n5cnc6cncnc65)c4)ccc3nc-2c(=O)[nH]1
fraggfn_6td3,hub_batching,211,211,331,1,-3.2675099999999997,O=c1nc2n(-n3cnc4c(=O)[nH]c(C5CCCCC5C5C=CCCC5)nc43)c3cc(-c4ccccc4)ccc3nc-2c(=O)[nH]1,O=c1nc2n(-n3cnc4c(=O)[nH]c(C5C(C6C=CCCC6)CCCC5n5cnc6c(=O)[nH]cnc65)nc43)c3cc(-c4ccccc4)ccc3nc-2c(=O)[nH]1
fraggfn_6td3,hub_batching,212,212,336,5,-6.12423,O=c1nc2[nH]c3cc(-c4ccccc4C4CCCC(C5CCOC5C5CCCCC5)C4)ccc3nc-2c(=O)[nH]1,O=c1nc2[nH]c3cc(-c4ccccc4C4CC(C5CCOC5C5CCCCC5)CCC4C4C=CCCC4)ccc3nc-2c(=O)[nH]1
fraggfn_6td3,hub_batching,213,213,337,1,-5.65826,O=c1nc2[nH]c3cc(-c4ccccc4C4CCCC(C5CCOC5C5CCCCC5)C4)ccc3nc-2c(=O)[nH]1,O=c1nc2[nH]c3cc(-c4ccccc4C4CCCC(C5C(c6c[nH]c7ccccc67)COC5C5CCCCC5)C4)ccc3nc-2c(=O)[nH]1
fraggfn_6td3,hub_batching,214,214,338,1,-5.6401900000000005,O=c1nc2[nH]c3cc(-c4ccccc4C4CCCC(C5CCOC5C5CCCCC5)C4)ccc3nc-2c(=O)[nH]1,O=c1nc2[nH]c3ccc(-n4c5nc(=O)[nH]c(=O)c-5nc5ccc(-c6ccccc6C6CCCC(C7CCOC7C7CCCCC7)C6)cc54)cc3nc-2c(=O)[nH]1
fraggfn_6td3,hub_batching,215,215,339,1,-4.613199999999999,O=c1nc2[nH]c3cc(-c4ccccc4C4CCCC(C5CCOC5C5CCCCC5)C4)ccc3nc-2c(=O)[nH]1,O=c1nc2[nH]c3cc(-c4ccccc4C4CCCC(C5CCOC5C5CCCCC5[NH+]5CCOCC5)C4)ccc3nc-2c(=O)[nH]1
fraggfn_6td3,hub_batching,216,216,340,1,-4.07396,O=c1nc2[nH]c3cc(-c4ccccc4C4CCCC(C5CCOC5C5CCCCC5)C4)ccc3nc-2c(=O)[nH]1,O=c1nc2[nH]c3cc(-c4cccc(C5CNc6nc[nH]c(=O)c6N5)c4C4CCCC(C5CCOC5C5CCCCC5)C4)ccc3nc-2c(=O)[nH]1
fraggfn_6td3,hub_batching,217,217,345,5,-6.5429,O=c1nc2[nH]c3cc(C4CCCCC4C4COC(C5CCCCC5)C(C5CCNC5)C4)ccc3nc-2c(=O)[nH]1,O=c1nc2[nH]c3cc(C4CCC(N5CCCCC5)CC4C4COC(C5CCCCC5)C(C5CCNC5)C4)ccc3nc-2c(=O)[nH]1
fraggfn_6td3,hub_batching,218,218,346,1,-5.948860000000001,O=c1nc2[nH]c3cc(C4CCCCC4C4COC(C5CCCCC5)C(C5CCNC5)C4)ccc3nc-2c(=O)[nH]1,O=c1nc(C2NCCC2C2CC(C3CCCCC3c3ccc4nc5c(=O)[nH]c(=O)nc-5[nH]c4c3)COC2C2CCCCC2)cc[nH]1
fraggfn_6td3,hub_batching,219,219,347,1,-4.97662,O=c1nc2[nH]c3cc(C4CCCCC4C4COC(C5CCCCC5)C(C5CCNC5)C4)ccc3nc-2c(=O)[nH]1,O=c1nc2n(O)c3cc(C4CCCCC4C4COC(C5CCCCC5)C(C5CCNC5)C4)ccc3nc-2c(=O)[nH]1
fraggfn_6td3,hub_batching,220,220,348,1,-4.77182,O=c1nc2[nH]c3cc(C4CCCCC4C4COC(C5CCCCC5)C(C5CCNC5)C4)ccc3nc-2c(=O)[nH]1,O=c1nc2[nH]c3cc(C4CCCCC4C4COC(C5CCCCC5)C(C5CCNC5)C4C4=CCCCC4)ccc3nc-2c(=O)[nH]1
fraggfn_6td3,hub_batching,221,221,349,1,-4.30399,O=c1nc2[nH]c3cc(C4CCCCC4C4COC(C5CCCCC5)C(C5CCNC5)C4)ccc3nc-2c(=O)[nH]1,O=c1nc2[nH]c3cc(C4CCCCC4C4COC(C5CCCCC5)C(C5CCNC5)C4)c(-c4ccc5ccccc5c4)cc3nc-2c(=O)[nH]1
fraggfn_6td3,hub_batching,222,222,350,1,-4.0188500000000005,O=c1nc2[nH]c3cc(C4CCCCC4C4COC(C5CCCCC5)C(C5CCNC5)C4)ccc3nc-2c(=O)[nH]1,O=c1nc2[nH]c3cc(C4CCCCC4C4COC(C5CCCCC5n5cnc6cncnc65)C(C5CCNC5)C4)ccc3nc-2c(=O)[nH]1
fraggfn_6td3,hub_batching,223,223,351,1,-3.42389,O=c1nc2[nH]c3cc(C4CCCCC4C4COC(C5CCCCC5)C(C5CCNC5)C4)ccc3nc-2c(=O)[nH]1,O=c1nc2[nH]c3cc(C4CCCCC4C4CC(C5CCNC5)C(C5CCCCC5)OC4n4c5nc(=O)[nH]c(=O)c-5nc5ccccc54)ccc3nc-2c(=O)[nH]1
fraggfn_6td3,hub_batching,224,224,356,5,-6.463729999999999,O=c1nc2n(-c3cccc(C4CCC(c5ccccc5)OC4)c3)c3cc(C4CCCCC4)ccc3nc-2c(=O)[nH]1,O=c1nc2n(-c3cccc(C4CCC(c5cccc(N6C=CCC=C6)c5)OC4)c3)c3cc(C4CCCCC4)ccc3nc-2c(=O)[nH]1
fraggfn_6td3,hub_batching,225,225,357,1,-5.86448,O=c1nc2n(-c3cccc(C4CCC(c5ccccc5)OC4)c3)c3cc(C4CCCCC4)ccc3nc-2c(=O)[nH]1,O=c1nc2n(-c3cccc(C4CCC(c5ccccc5)OC4c4cccc5ccccc45)c3)c3cc(C4CCCCC4)ccc3nc-2c(=O)[nH]1
fraggfn_6td3,hub_batching,226,226,358,1,-5.664109999999999,O=c1nc2n(-c3cccc(C4CCC(c5ccccc5)OC4)c3)c3cc(C4CCCCC4)ccc3nc-2c(=O)[nH]1,O=c1nc2n(-c3cccc(C4CCC(c5ccccc5)OC4)c3)c3cc(C4CCCCC4C4CNc5nc[nH]c(=O)c5N4)ccc3nc-2c(=O)[nH]1
fraggfn_6td3,hub_batching,227,227,359,1,-5.2737300000000005,O=c1nc2n(-c3cccc(C4CCC(c5ccccc5)OC4)c3)c3cc(C4CCCCC4)ccc3nc-2c(=O)[nH]1,O=c1nc2[nH]c3cc(-c4cc5nc6c(=O)[nH]c(=O)nc-6n(-c6cccc(C7CCC(c8ccccc8)OC7)c6)c5cc4C4CCCCC4)ccc3nc-2c(=O)[nH]1
fraggfn_6td3,hub_batching,228,228,360,1,-4.52801,O=c1nc2n(-c3cccc(C4CCC(c5ccccc5)OC4)c3)c3cc(C4CCCCC4)ccc3nc-2c(=O)[nH]1,O=c1nc2n(-c3ccc(-c4nc5c(c(=O)[nH]4)NCCN5)c(C4CCC(c5ccccc5)OC4)c3)c3cc(C4CCCCC4)ccc3nc-2c(=O)[nH]1
fraggfn_6td3,hub_batching,229,229,361,1,-3.8977999999999993,O=c1nc2n(-c3cccc(C4CCC(c5ccccc5)OC4)c3)c3cc(C4CCCCC4)ccc3nc-2c(=O)[nH]1,O=c1nc2n(-c3cccc(C4CCC(c5ccccc5)OC4)c3-n3cnc4c(=O)[nH]cnc43)c3cc(C4CCCCC4)ccc3nc-2c(=O)[nH]1
fraggfn_6td3,hub_batching,230,230,366,5,-5.71429,O=c1nc2[nH]c3ccc(C4CCCC(c5ccnc(-n6cc(-c7nc8[nH]cnc8c(=O)[nH]7)c(=O)[nH]c6=O)c5)C4)cc3nc-2c(=O)[nH]1,CC(C)=CC1CCC(c2ccnc(-n3cc(-c4nc5[nH]cnc5c(=O)[nH]4)c(=O)[nH]c3=O)c2)CC1c1ccc2[nH]c3nc(=O)[nH]c(=O)c-3nc2c1
fraggfn_6td3,hub_batching,231,231,367,1,-4.08034,O=c1nc2[nH]c3ccc(C4CCCC(c5ccnc(-n6cc(-c7nc8[nH]cnc8c(=O)[nH]7)c(=O)[nH]c6=O)c5)C4)cc3nc-2c(=O)[nH]1,O=c1nc2[nH]c3ccc(C4CCCC(c5ccnc(-n6cc(-c7nc8c(ncn8-c8cccc9ccccc89)c(=O)[nH]7)c(=O)[nH]c6=O)c5)C4)cc3nc-2c(=O)[nH]1
fraggfn_6td3,hub_batching,232,232,368,1,-3.8609899999999993,O=c1nc2[nH]c3ccc(C4CCCC(c5ccnc(-n6cc(-c7nc8[nH]cnc8c(=O)[nH]7)c(=O)[nH]c6=O)c5)C4)cc3nc-2c(=O)[nH]1,O=c1nc2[nH]c3ccc(C4CCCC(c5ccnc(-n6cc(-c7nc8[nH]cnc8c(=O)[nH]7)c(=O)[nH]c6=O)c5-n5cccnc5=O)C4)cc3nc-2c(=O)[nH]1
fraggfn_6td3,hub_batching,233,233,369,1,-3.601419999999999,O=c1nc2[nH]c3ccc(C4CCCC(c5ccnc(-n6cc(-c7nc8[nH]cnc8c(=O)[nH]7)c(=O)[nH]c6=O)c5)C4)cc3nc-2c(=O)[nH]1,O=c1nc2n(-n3cnc4c(=O)[nH]cnc43)c3ccc(C4CCCC(c5ccnc(-n6cc(-c7nc8[nH]cnc8c(=O)[nH]7)c(=O)[nH]c6=O)c5)C4)cc3nc-2c(=O)[nH]1
fraggfn_6td3,hub_batching,234,234,374,5,-5.6306899999999995,c1cc(C2CCCCC2)c(C2CCCCC2N2CCCC2)c(C2CCCCC2)c1,O=c1nc(C2CCCC(c3cccc(C4CCCCC4)c3C3CCCCC3N3CCCC3)C2)cc[nH]1
fraggfn_6td3,hub_batching,235,235,375,1,-5.40827,c1cc(C2CCCCC2)c(C2CCCCC2N2CCCC2)c(C2CCCCC2)c1,O=c1nc2[nH]c3ccc(-c4ccc(C5CCCCC5)c(C5CCCCC5N5CCCC5)c4C4CCCCC4)cc3nc-2c(=O)[nH]1
fraggfn_6td3,hub_batching,236,236,376,1,-5.099069999999999,c1cc(C2CCCCC2)c(C2CCCCC2N2CCCC2)c(C2CCCCC2)c1,c1cc(C2CCCCC2)c(C2CC(c3ccc4ccccc4c3)CCC2N2CCCC2)c(C2CCCCC2)c1
fraggfn_6td3,hub_batching,237,237,377,1,-4.8902399999999995,c1cc(C2CCCCC2)c(C2CCCCC2N2CCCC2)c(C2CCCCC2)c1,c1ccc2c(-c3cc(C4CCCCC4)c(C4CCCCC4N4CCCC4)c(C4CCCCC4)c3)cccc2c1
fraggfn_6td3,hub_batching,238,238,378,1,-4.80614,c1cc(C2CCCCC2)c(C2CCCCC2N2CCCC2)c(C2CCCCC2)c1,O=c1nc2[nH]c3cc(C4CCCC(N5CCCC5)C4c4c(C5CCCCC5)cccc4C4CCCCC4)ccc3nc-2c(=O)[nH]1
fraggfn_6td3,hub_batching,239,239,379,1,-4.49987,c1cc(C2CCCCC2)c(C2CCCCC2N2CCCC2)c(C2CCCCC2)c1,O=c1[nH]cnc2c1NC(C1CCCC(N3CCCC3)C1c1c(C3CCCCC3)cccc1C1CCCCC1)CN2
fraggfn_6td3,hub_batching,240,240,380,1,-4.41555,c1cc(C2CCCCC2)c(C2CCCCC2N2CCCC2)c(C2CCCCC2)c1,O=C(NO)c1cc(C2CCCCC2)c(C2CCCCC2N2CCCC2)c(C2CCCCC2)c1
fraggfn_6td3,hub_batching,241,241,381,1,-4.3619,c1cc(C2CCCCC2)c(C2CCCCC2N2CCCC2)c(C2CCCCC2)c1,O=[PH](O)C1CCCN1C1CCCCC1c1c(C2CCCCC2)cccc1C1CCCCC1
fraggfn_6td3,hub_batching,242,242,382,1,-4.35693,c1cc(C2CCCCC2)c(C2CCCCC2N2CCCC2)c(C2CCCCC2)c1,c1cc(C2CCCCC2)c(C2CC(c3ncnc4[nH]cnc34)CCC2N2CCCC2)c(C2CCCCC2)c1
fraggfn_6td3,hub_batching,243,243,383,1,-4.3223,c1cc(C2CCCCC2)c(C2CCCCC2N2CCCC2)c(C2CCCCC2)c1,O=[N+]([O-])C1CCCCC1c1cccc(C2CCCCC2)c1C1CCCCC1N1CCCC1
fraggfn_6td3,hub_batching,244,244,384,1,-4.21162,c1cc(C2CCCCC2)c(C2CCCCC2N2CCCC2)c(C2CCCCC2)c1,c1cc(C2CCCCC2)c(C2CCCC(c3ccncc3)C2N2CCCC2)c(C2CCCCC2)c1
fraggfn_6td3,hub_batching,245,245,385,1,-4.16714,c1cc(C2CCCCC2)c(C2CCCCC2N2CCCC2)c(C2CCCCC2)c1,c1cc(C2CCCCC2)c(C2CC(N3CCNCC3)CCC2N2CCCC2)c(C2CCCCC2)c1
fraggfn_6td3,hub_batching,246,246,386,1,-4.08374,c1cc(C2CCCCC2)c(C2CCCCC2N2CCCC2)c(C2CCCCC2)c1,COc1ccc(C2CCCCC2)c(C2CCCCC2N2CCCC2)c1C1CCCCC1
fraggfn_6td3,hub_batching,247,247,387,1,-4.083060000000001,c1cc(C2CCCCC2)c(C2CCCCC2N2CCCC2)c(C2CCCCC2)c1,O=CNCC1CCC(c2c(C3CCCCC3)cccc2C2CCCCC2)C(N2CCCC2)C1
fraggfn_6td3,hub_batching,248,248,388,1,-4.0429900000000005,c1cc(C2CCCCC2)c(C2CCCCC2N2CCCC2)c(C2CCCCC2)c1,c1cc(C2CCCCC2)c(C2CCCCC2N2CCC(c3cc[nH]n3)C2)c(C2CCCCC2)c1
fraggfn_6td3,hub_batching,249,249,389,1,-3.88758,c1cc(C2CCCCC2)c(C2CCCCC2N2CCCC2)c(C2CCCCC2)c1,O=c1[nH]c(C2CCC(N3CCCC3)C(c3c(C4CCCCC4)cccc3C3CCCCC3)C2)nc2c1NCCN2
fraggfn_6td3,hub_batching,250,250,390,1,-3.8814900000000003,c1cc(C2CCCCC2)c(C2CCCCC2N2CCCC2)c(C2CCCCC2)c1,c1ccc2c(-c3ccc(C4CCCCC4)c(C4CCCCC4N4CCCC4)c3C3CCCCC3)c[nH]c2c1
fraggfn_6td3,hub_batching,251,251,391,1,-3.8611,c1cc(C2CCCCC2)c(C2CCCCC2N2CCCC2)c(C2CCCCC2)c1,c1c[nH+]cc(C2CCC(c3c(C4CCCCC4)cccc3C3CCCCC3)C(N3CCCC3)C2)c1
fraggfn_6td3,hub_batching,252,252,392,1,-3.85759,c1cc(C2CCCCC2)c(C2CCCCC2N2CCCC2)c(C2CCCCC2)c1,c1cc(C2CCCCC2)c(C2C(c3cccc4ccccc34)CCCC2N2CCCC2)c(C2CCCCC2)c1
fraggfn_6td3,hub_batching,253,253,393,1,-3.84441,c1cc(C2CCCCC2)c(C2CCCCC2N2CCCC2)c(C2CCCCC2)c1,O=c1[nH]c(-c2cc(C3CCCCC3)c(C3CCCCC3N3CCCC3)c(C3CCCCC3)c2)nc2c1NCCN2
fraggfn_6td3,hub_batching,254,254,394,1,-3.7250199999999998,c1cc(C2CCCCC2)c(C2CCCCC2N2CCCC2)c(C2CCCCC2)c1,C1=CCC(C2CCCC(N3CCCC3)C2c2c(C3CCCCC3)cccc2C2CCCCC2)CC1
fraggfn_6td3,hub_batching,255,255,395,1,-3.59225,c1cc(C2CCCCC2)c(C2CCCCC2N2CCCC2)c(C2CCCCC2)c1,O=c1[nH]c(C2CCCC(c3c(C4CCCCC4)cccc3C3CCCCC3)C2N2CCCC2)nc2[nH]cnc12
fraggfn_6td3,hub_batching,256,256,396,1,-3.5796400000000004,c1cc(C2CCCCC2)c(C2CCCCC2N2CCCC2)c(C2CCCCC2)c1,O=c1[nH]cnc2c1NC(c1cc(C3CCCCC3)c(C3CCCCC3N3CCCC3)c(C3CCCCC3)c1)CN2
fraggfn_6td3,hub_batching,257,257,397,1,-3.5447500000000005,c1cc(C2CCCCC2)c(C2CCCCC2N2CCCC2)c(C2CCCCC2)c1,O=c1[nH]cnc2c1ncn2C1CCCC(N2CCCC2)C1c1c(C2CCCCC2)cccc1C1CCCCC1
fraggfn_6td3,hub_batching,258,258,398,1,-3.2702,c1cc(C2CCCCC2)c(C2CCCCC2N2CCCC2)c(C2CCCCC2)c1,c1nc(-c2ccc(C3CCCCC3)c(C3CCCCC3N3CCCC3)c2C2CCCCC2)c2nc[nH]c2n1
fraggfn_6td3,hub_batching,259,259,399,1,-3.22547,c1cc(C2CCCCC2)c(C2CCCCC2N2CCCC2)c(C2CCCCC2)c1,c1cc(C2CCCCC2)c(C2C(N3CCCC3)CCCC2n2cccn2)c(C2CCCCC2)c1
fraggfn_6td3,hub_batching,260,260,400,1,-3.1191200000000006,c1cc(C2CCCCC2)c(C2CCCCC2N2CCCC2)c(C2CCCCC2)c1,O=c1[nH]cnc2c1ncn2-c1ccc(C2CCCCC2)c(C2CCCCC2N2CCCC2)c1C1CCCCC1
fraggfn_6td3,hub_batching,261,261,401,1,-3.03986,c1cc(C2CCCCC2)c(C2CCCCC2N2CCCC2)c(C2CCCCC2)c1,O=c1nc2n(-c3cc(C4CCCCC4)c(C4CCCCC4N4CCCC4)c(C4CCCCC4)c3)c3ccccc3nc-2c(=O)[nH]1
fraggfn_6td3,hub_batching,262,262,402,1,-3.0335800000000006,c1cc(C2CCCCC2)c(C2CCCCC2N2CCCC2)c(C2CCCCC2)c1,O=c1nc2n(C3CCCC(c4c(C5CCCCC5)cccc4C4CCCCC4)C3N3CCCC3)c3ccccc3nc-2c(=O)[nH]1
fraggfn_6td3,hub_batching,263,263,403,1,-2.8672500000000003,c1cc(C2CCCCC2)c(C2CCCCC2N2CCCC2)c(C2CCCCC2)c1,c1c[nH+]cc(C2CCCN2C2CCCCC2c2c(C3CCCCC3)cccc2C2CCCCC2)c1
fraggfn_6td3,hub_batching,264,264,404,1,-2.65024,c1cc(C2CCCCC2)c(C2CCCCC2N2CCCC2)c(C2CCCCC2)c1,c1cc(C2CCCCC2)c(C2CC(C3CCCOC3)CCC2N2CCCC2)c(C2CCCCC2)c1
fraggfn_6td3,hub_batching,265,265,405,1,-2.29094,c1cc(C2CCCCC2)c(C2CCCCC2N2CCCC2)c(C2CCCCC2)c1,CC(=O)NC1CCCC(N2CCCC2)C1c1c(C2CCCCC2)cccc1C1CCCCC1
fraggfn_6td3,hub_batching,266,266,406,1,-2.0332800000000004,c1cc(C2CCCCC2)c(C2CCCCC2N2CCCC2)c(C2CCCCC2)c1,O=c1ncccn1C1CCN(C2CCCCC2c2c(C3CCCCC3)cccc2C2CCCCC2)C1
fraggfn_6td3,hub_batching,267,267,411,5,-5.64449,c1ccc(C2CCCC(c3cc[nH]n3)O2)c(-c2cc(-c3cncnc3)cc3ccccc23)c1,O=c1ccn(-c2cc(C3CCCC(c4ccccc4-c4cc(-c5cncnc5)cc5ccccc45)O3)n[nH]2)c(=O)[nH]1
fraggfn_6td3,hub_batching,268,268,412,1,-5.4196,c1ccc(C2CCCC(c3cc[nH]n3)O2)c(-c2cc(-c3cncnc3)cc3ccccc23)c1,c1ccc(C2CC(C3CC3)CC(c3cc[nH]n3)O2)c(-c2cc(-c3cncnc3)cc3ccccc23)c1
fraggfn_6td3,hub_batching,269,269,413,1,-5.40226,c1ccc(C2CCCC(c3cc[nH]n3)O2)c(-c2cc(-c3cncnc3)cc3ccccc23)c1,O=C([O-])c1ncncc1-c1cc(-c2ccccc2C2CCCC(c3cc[nH]n3)O2)c2ccccc2c1
fraggfn_6td3,hub_batching,270,270,414,1,-5.047389999999999,c1ccc(C2CCCC(c3cc[nH]n3)O2)c(-c2cc(-c3cncnc3)cc3ccccc23)c1,Cc1cccc(C2CCCC(c3cc[nH]n3)O2)c1-c1cc(-c2cncnc2)cc2ccccc12
fraggfn_6td3,hub_batching,271,271,415,1,-4.80691,c1ccc(C2CCCC(c3cc[nH]n3)O2)c(-c2cc(-c3cncnc3)cc3ccccc23)c1,O=c1nc2[nH]c3ccc(-c4ccc(C5CCCC(c6cc[nH]n6)O5)c(-c5cc(-c6cncnc6)cc6ccccc56)c4)cc3nc-2c(=O)[nH]1
fraggfn_6td3,hub_batching,272,272,416,1,-4.645200000000001,c1ccc(C2CCCC(c3cc[nH]n3)O2)c(-c2cc(-c3cncnc3)cc3ccccc23)c1,O=c1[nH]c(-c2cccc(-c3cc(-c4cncnc4)cc4ccccc34)c2C2CCCC(c3cc[nH]n3)O2)nc2c1NCCN2
fraggfn_6td3,hub_batching,273,273,417,1,-3.9903899999999997,c1ccc(C2CCCC(c3cc[nH]n3)O2)c(-c2cc(-c3cncnc3)cc3ccccc23)c1,O=c1nc2n(C3CCC(c4ccccc4-c4cc(-c5cncnc5)cc5ccccc45)OC3c3cc[nH]n3)c3ccccc3nc-2c(=O)[nH]1
fraggfn_6td3,hub_batching,274,274,418,1,-3.2483000000000004,c1ccc(C2CCCC(c3cc[nH]n3)O2)c(-c2cc(-c3cncnc3)cc3ccccc23)c1,c1ccc(C2CCCC(c3n[nH]cc3-c3ncnc4[nH]cnc34)O2)c(-c2cc(-c3cncnc3)cc3ccccc23)c1
fraggfn_6td3,hub_batching,275,275,419,1,-2.9160500000000003,c1ccc(C2CCCC(c3cc[nH]n3)O2)c(-c2cc(-c3cncnc3)cc3ccccc23)c1,O=c1[nH]cnc2c1NC(c1ccc(-c3cc(-c4cncnc4)cc4ccccc34)c(C3CCCC(c4cc[nH]n4)O3)c1)CN2
fraggfn_6td3,hub_batching,276,276,424,5,-5.83123,O=c1nc2[nH]c3ccc(-c4cccc(C5CCCCC5C5COCC5c5nc6[nH]cnc6c(=O)[nH]5)c4)cc3nc-2c(=O)[nH]1,O=c1nc2[nH]c3ccc(-c4cccc(C5C(C6CCCNC6)CCCC5C5COCC5c5nc6[nH]cnc6c(=O)[nH]5)c4)cc3nc-2c(=O)[nH]1
fraggfn_6td3,hub_batching,277,277,425,1,-5.245520000000001,O=c1nc2[nH]c3ccc(-c4cccc(C5CCCCC5C5COCC5c5nc6[nH]cnc6c(=O)[nH]5)c4)cc3nc-2c(=O)[nH]1,O=c1nc2[nH]c3ccc(-c4cccc(C5CCCCC5C5COC(c6cccc7ccccc67)C5c5nc6[nH]cnc6c(=O)[nH]5)c4)cc3nc-2c(=O)[nH]1
fraggfn_6td3,hub_batching,278,278,426,1,-5.1614,O=c1nc2[nH]c3ccc(-c4cccc(C5CCCCC5C5COCC5c5nc6[nH]cnc6c(=O)[nH]5)c4)cc3nc-2c(=O)[nH]1,O=c1nc2[nH]c3ccc(-c4cccc(C5CCCCC5C5COCC5c5nc6c(ncn6N6C=CCC=C6)c(=O)[nH]5)c4)cc3nc-2c(=O)[nH]1
fraggfn_6td3,hub_batching,279,279,427,1,-4.80863,O=c1nc2[nH]c3ccc(-c4cccc(C5CCCCC5C5COCC5c5nc6[nH]cnc6c(=O)[nH]5)c4)cc3nc-2c(=O)[nH]1,O=c1nc2n([N+](=O)[O-])c3ccc(-c4cccc(C5CCCCC5C5COCC5c5nc6[nH]cnc6c(=O)[nH]5)c4)cc3nc-2c(=O)[nH]1
fraggfn_6td3,hub_batching,280,280,428,1,-3.37331,O=c1nc2[nH]c3ccc(-c4cccc(C5CCCCC5C5COCC5c5nc6[nH]cnc6c(=O)[nH]5)c4)cc3nc-2c(=O)[nH]1,O=c1nc2[nH]c3cc(C4CNc5nc[nH]c(=O)c5N4)c(-c4cccc(C5CCCCC5C5COCC5c5nc6[nH]cnc6c(=O)[nH]5)c4)cc3nc-2c(=O)[nH]1
fraggfn_6td3,hub_batching,281,281,429,1,-3.2122600000000006,O=c1nc2[nH]c3ccc(-c4cccc(C5CCCCC5C5COCC5c5nc6[nH]cnc6c(=O)[nH]5)c4)cc3nc-2c(=O)[nH]1,O=c1nc2[nH]c3ccc(-c4cc(C5CCCCC5C5COCC5c5nc6[nH]cnc6c(=O)[nH]5)ccc4-n4cnc5cncnc54)cc3nc-2c(=O)[nH]1
fraggfn_6td3,hub_batching,282,282,434,5,-6.058779999999999,O=c1nc2[nH]c3cc(C4CCCCC4C4CNCCC4c4ccccc4C4CCCCC4)ccc3nc-2c(=O)[nH]1,O=c1nc2[nH]c3cc(C4CCC(n5cccn5)CC4C4CNCCC4c4ccccc4C4CCCCC4)ccc3nc-2c(=O)[nH]1
fraggfn_6td3,hub_batching,283,283,435,1,-5.55475,O=c1nc2[nH]c3cc(C4CCCCC4C4CNCCC4c4ccccc4C4CCCCC4)ccc3nc-2c(=O)[nH]1,O=Cn1c2nc(=O)[nH]c(=O)c-2nc2ccc(C3CCCCC3C3CNCCC3c3ccccc3C3CCCCC3)cc21
fraggfn_6td3,hub_batching,284,284,436,1,-5.1098799999999995,O=c1nc2[nH]c3cc(C4CCCCC4C4CNCCC4c4ccccc4C4CCCCC4)ccc3nc-2c(=O)[nH]1,O=c1nc2[nH]c3cc(C4CCCCC4C4CNCCC4c4cccc(-c5cscn5)c4C4CCCCC4)ccc3nc-2c(=O)[nH]1
fraggfn_6td3,hub_batching,285,285,437,1,-5.09916,O=c1nc2[nH]c3cc(C4CCCCC4C4CNCCC4c4ccccc4C4CCCCC4)ccc3nc-2c(=O)[nH]1,O=c1nc2[nH]c3ccc(N4CCC(c5ccccc5C5CCCCC5)C(C5CCCCC5c5ccc6nc7c(=O)[nH]c(=O)nc-7[nH]c6c5)C4)cc3nc-2c(=O)[nH]1
fraggfn_6td3,hub_batching,286,286,438,1,-4.379950000000001,O=c1nc2[nH]c3cc(C4CCCCC4C4CNCCC4c4ccccc4C4CCCCC4)ccc3nc-2c(=O)[nH]1,O=c1nc2[nH]c3cc(C4CCCCC4C4CNCCC4c4ccccc4C4CCCCC4)c(-c4ccc[nH+]c4)cc3nc-2c(=O)[nH]1
fraggfn_6td3,hub_batching,287,287,443,5,-6.278639999999999,O=c1nc2[nH]c3cc(C4OCC(C5CCNCC5c5ccccc5)CC4C4CCCCC4)ccc3nc-2c(=O)[nH]1,O=c1nc2n(S(=O)(=O)O)c3cc(C4OCC(C5CCNCC5c5ccccc5)CC4C4CCCCC4)ccc3nc-2c(=O)[nH]1
fraggfn_6td3,hub_batching,288,288,444,1,-5.800180000000001,O=c1nc2[nH]c3cc(C4OCC(C5CCNCC5c5ccccc5)CC4C4CCCCC4)ccc3nc-2c(=O)[nH]1,O=c1nc2[nH]c3cc(C4OCC(C5CCNCC5c5ccccc5)CC4C4CCCC(n5cccnc5=O)C4)ccc3nc-2c(=O)[nH]1
fraggfn_6td3,hub_batching,289,289,445,1,-5.68994,O=c1nc2[nH]c3cc(C4OCC(C5CCNCC5c5ccccc5)CC4C4CCCCC4)ccc3nc-2c(=O)[nH]1,O=c1nc2[nH]c3cc(C4OCC(C5CCNCC5c5ccccc5)C(c5cncnc5)C4C4CCCCC4)ccc3nc-2c(=O)[nH]1
fraggfn_6td3,hub_batching,290,290,446,1,-4.434670000000001,O=c1nc2[nH]c3cc(C4OCC(C5CCNCC5c5ccccc5)CC4C4CCCCC4)ccc3nc-2c(=O)[nH]1,O=c1nc2[nH]c3cc(C4OCC(C5CCNCC5c5ccccc5)CC4C4CCCCC4)c(-n4cnc5cncnc54)cc3nc-2c(=O)[nH]1
fraggfn_6td3,hub_batching,291,291,447,1,-3.3126700000000007,O=c1nc2[nH]c3cc(C4OCC(C5CCNCC5c5ccccc5)CC4C4CCCCC4)ccc3nc-2c(=O)[nH]1,O=c1nc2[nH]c3cc(C4OCC(C5CCN(c6cccc7ccccc67)CC5c5ccccc5)CC4C4CCCCC4)ccc3nc-2c(=O)[nH]1
fraggfn_6td3,hub_batching,292,292,452,5,-5.8142,C1=CC(C2CCCCC2)C(c2nccc(-c3cccc(C4CCNCC4)c3)n2)CC1,O=c1nc2[nH]c3cc(C4CCCCC4C4C=CCCC4c4nccc(-c5cccc(C6CCNCC6)c5)n4)ccc3nc-2c(=O)[nH]1
fraggfn_6td3,hub_batching,293,293,453,1,-5.719129999999999,C1=CC(C2CCCCC2)C(c2nccc(-c3cccc(C4CCNCC4)c3)n2)CC1,C1=CC(C2CCCCC2)C(c2nccc(-c3cc(C4CCNCC4)ccc3C3CCOC3)n2)CC1
fraggfn_6td3,hub_batching,294,294,454,1,-5.66976,C1=CC(C2CCCCC2)C(c2nccc(-c3cccc(C4CCNCC4)c3)n2)CC1,C1=CC(C2CCCCC2)C(c2nc(-c3cccc(C4CCNCC4)c3)cc(C3CCCO3)n2)CC1
fraggfn_6td3,hub_batching,295,295,455,1,-5.607779999999999,C1=CC(C2CCCCC2)C(c2nccc(-c3cccc(C4CCNCC4)c3)n2)CC1,C1=CC(C2CCCCC2)C(c2nccc(-c3cccc(C4CCNCC4c4cccc5ccccc45)c3)n2)CC1
fraggfn_6td3,hub_batching,296,296,456,1,-5.5545,C1=CC(C2CCCCC2)C(c2nccc(-c3cccc(C4CCNCC4)c3)n2)CC1,C1=CC(C2CCCCC2)C(c2ncc(-c3cccnc3)c(-c3cccc(C4CCNCC4)c3)n2)CC1
fraggfn_6td3,hub_batching,297,297,457,1,-5.4240200000000005,C1=CC(C2CCCCC2)C(c2nccc(-c3cccc(C4CCNCC4)c3)n2)CC1,O=C(NO)c1ccc(-c2ccnc(C3CCC=CC3C3CCCCC3)n2)cc1C1CCNCC1
fraggfn_6td3,hub_batching,298,298,458,1,-4.89717,C1=CC(C2CCCCC2)C(c2nccc(-c3cccc(C4CCNCC4)c3)n2)CC1,C1=CC(C2CCCCC2)C(c2nccc(-c3cccc(C4CCN(n5cnc6cncnc65)CC4)c3)n2)CC1
fraggfn_6td3,hub_batching,299,299,459,1,-4.772589999999999,C1=CC(C2CCCCC2)C(c2nccc(-c3cccc(C4CCNCC4)c3)n2)CC1,O=c1nc(C2CCC(C3C=CCCC3c3nccc(-c4cccc(C5CCNCC5)c4)n3)CC2)cc[nH]1
fraggfn_6td3,hub_batching,300,300,460,1,-4.2978700000000005,C1=CC(C2CCCCC2)C(c2nccc(-c3cccc(C4CCNCC4)c3)n2)CC1,C1=C(N2CCNCC2)CCC(c2nccc(-c3cccc(C4CCNCC4)c3)n2)C1C1CCCCC1
fraggfn_6td3,greedy_oracle,1,1,5,5,-5.6306899999999995,c1cc(C2CCCCC2)c(C2CCCCC2N2CCCC2)c(C2CCCCC2)c1,O=c1nc(C2CCCC(c3cccc(C4CCCCC4)c3C3CCCCC3N3CCCC3)C2)cc[nH]1
fraggfn_6td3,greedy_oracle,2,2,6,1,-5.40827,c1cc(C2CCCCC2)c(C2CCCCC2N2CCCC2)c(C2CCCCC2)c1,O=c1nc2[nH]c3ccc(-c4ccc(C5CCCCC5)c(C5CCCCC5N5CCCC5)c4C4CCCCC4)cc3nc-2c(=O)[nH]1
fraggfn_6td3,greedy_oracle,3,3,7,1,-5.099069999999999,c1cc(C2CCCCC2)c(C2CCCCC2N2CCCC2)c(C2CCCCC2)c1,c1cc(C2CCCCC2)c(C2CC(c3ccc4ccccc4c3)CCC2N2CCCC2)c(C2CCCCC2)c1
fraggfn_6td3,greedy_oracle,4,4,8,1,-4.8902399999999995,c1cc(C2CCCCC2)c(C2CCCCC2N2CCCC2)c(C2CCCCC2)c1,c1ccc2c(-c3cc(C4CCCCC4)c(C4CCCCC4N4CCCC4)c(C4CCCCC4)c3)cccc2c1
fraggfn_6td3,greedy_oracle,5,5,9,1,-4.80614,c1cc(C2CCCCC2)c(C2CCCCC2N2CCCC2)c(C2CCCCC2)c1,O=c1nc2[nH]c3cc(C4CCCC(N5CCCC5)C4c4c(C5CCCCC5)cccc4C4CCCCC4)ccc3nc-2c(=O)[nH]1
fraggfn_6td3,greedy_oracle,6,6,10,1,-4.49987,c1cc(C2CCCCC2)c(C2CCCCC2N2CCCC2)c(C2CCCCC2)c1,O=c1[nH]cnc2c1NC(C1CCCC(N3CCCC3)C1c1c(C3CCCCC3)cccc1C1CCCCC1)CN2
fraggfn_6td3,greedy_oracle,7,7,11,1,-4.41555,c1cc(C2CCCCC2)c(C2CCCCC2N2CCCC2)c(C2CCCCC2)c1,O=C(NO)c1cc(C2CCCCC2)c(C2CCCCC2N2CCCC2)c(C2CCCCC2)c1
fraggfn_6td3,greedy_oracle,8,8,12,1,-4.3619,c1cc(C2CCCCC2)c(C2CCCCC2N2CCCC2)c(C2CCCCC2)c1,O=[PH](O)C1CCCN1C1CCCCC1c1c(C2CCCCC2)cccc1C1CCCCC1
fraggfn_6td3,greedy_oracle,9,9,13,1,-4.35693,c1cc(C2CCCCC2)c(C2CCCCC2N2CCCC2)c(C2CCCCC2)c1,c1cc(C2CCCCC2)c(C2CC(c3ncnc4[nH]cnc34)CCC2N2CCCC2)c(C2CCCCC2)c1
fraggfn_6td3,greedy_oracle,10,10,14,1,-4.3223,c1cc(C2CCCCC2)c(C2CCCCC2N2CCCC2)c(C2CCCCC2)c1,O=[N+]([O-])C1CCCCC1c1cccc(C2CCCCC2)c1C1CCCCC1N1CCCC1
fraggfn_6td3,greedy_oracle,11,11,15,1,-4.21162,c1cc(C2CCCCC2)c(C2CCCCC2N2CCCC2)c(C2CCCCC2)c1,c1cc(C2CCCCC2)c(C2CCCC(c3ccncc3)C2N2CCCC2)c(C2CCCCC2)c1
fraggfn_6td3,greedy_oracle,12,12,16,1,-4.16714,c1cc(C2CCCCC2)c(C2CCCCC2N2CCCC2)c(C2CCCCC2)c1,c1cc(C2CCCCC2)c(C2CC(N3CCNCC3)CCC2N2CCCC2)c(C2CCCCC2)c1
fraggfn_6td3,greedy_oracle,13,13,17,1,-4.08374,c1cc(C2CCCCC2)c(C2CCCCC2N2CCCC2)c(C2CCCCC2)c1,COc1ccc(C2CCCCC2)c(C2CCCCC2N2CCCC2)c1C1CCCCC1
fraggfn_6td3,greedy_oracle,14,14,18,1,-4.083060000000001,c1cc(C2CCCCC2)c(C2CCCCC2N2CCCC2)c(C2CCCCC2)c1,O=CNCC1CCC(c2c(C3CCCCC3)cccc2C2CCCCC2)C(N2CCCC2)C1
fraggfn_6td3,greedy_oracle,15,15,19,1,-4.0429900000000005,c1cc(C2CCCCC2)c(C2CCCCC2N2CCCC2)c(C2CCCCC2)c1,c1cc(C2CCCCC2)c(C2CCCCC2N2CCC(c3cc[nH]n3)C2)c(C2CCCCC2)c1
fraggfn_6td3,greedy_oracle,16,16,20,1,-3.88758,c1cc(C2CCCCC2)c(C2CCCCC2N2CCCC2)c(C2CCCCC2)c1,O=c1[nH]c(C2CCC(N3CCCC3)C(c3c(C4CCCCC4)cccc3C3CCCCC3)C2)nc2c1NCCN2
fraggfn_6td3,greedy_oracle,17,17,21,1,-3.8814900000000003,c1cc(C2CCCCC2)c(C2CCCCC2N2CCCC2)c(C2CCCCC2)c1,c1ccc2c(-c3ccc(C4CCCCC4)c(C4CCCCC4N4CCCC4)c3C3CCCCC3)c[nH]c2c1
fraggfn_6td3,greedy_oracle,18,18,22,1,-3.8611,c1cc(C2CCCCC2)c(C2CCCCC2N2CCCC2)c(C2CCCCC2)c1,c1c[nH+]cc(C2CCC(c3c(C4CCCCC4)cccc3C3CCCCC3)C(N3CCCC3)C2)c1
fraggfn_6td3,greedy_oracle,19,19,23,1,-3.85759,c1cc(C2CCCCC2)c(C2CCCCC2N2CCCC2)c(C2CCCCC2)c1,c1cc(C2CCCCC2)c(C2C(c3cccc4ccccc34)CCCC2N2CCCC2)c(C2CCCCC2)c1
fraggfn_6td3,greedy_oracle,20,20,24,1,-3.84441,c1cc(C2CCCCC2)c(C2CCCCC2N2CCCC2)c(C2CCCCC2)c1,O=c1[nH]c(-c2cc(C3CCCCC3)c(C3CCCCC3N3CCCC3)c(C3CCCCC3)c2)nc2c1NCCN2
fraggfn_6td3,greedy_oracle,21,21,25,1,-3.7250199999999998,c1cc(C2CCCCC2)c(C2CCCCC2N2CCCC2)c(C2CCCCC2)c1,C1=CCC(C2CCCC(N3CCCC3)C2c2c(C3CCCCC3)cccc2C2CCCCC2)CC1
fraggfn_6td3,greedy_oracle,22,22,26,1,-3.59225,c1cc(C2CCCCC2)c(C2CCCCC2N2CCCC2)c(C2CCCCC2)c1,O=c1[nH]c(C2CCCC(c3c(C4CCCCC4)cccc3C3CCCCC3)C2N2CCCC2)nc2[nH]cnc12
fraggfn_6td3,greedy_oracle,23,23,27,1,-3.5796400000000004,c1cc(C2CCCCC2)c(C2CCCCC2N2CCCC2)c(C2CCCCC2)c1,O=c1[nH]cnc2c1NC(c1cc(C3CCCCC3)c(C3CCCCC3N3CCCC3)c(C3CCCCC3)c1)CN2
fraggfn_6td3,greedy_oracle,24,24,28,1,-3.5447500000000005,c1cc(C2CCCCC2)c(C2CCCCC2N2CCCC2)c(C2CCCCC2)c1,O=c1[nH]cnc2c1ncn2C1CCCC(N2CCCC2)C1c1c(C2CCCCC2)cccc1C1CCCCC1
fraggfn_6td3,greedy_oracle,25,25,29,1,-3.2702,c1cc(C2CCCCC2)c(C2CCCCC2N2CCCC2)c(C2CCCCC2)c1,c1nc(-c2ccc(C3CCCCC3)c(C3CCCCC3N3CCCC3)c2C2CCCCC2)c2nc[nH]c2n1
fraggfn_6td3,greedy_oracle,26,26,30,1,-3.22547,c1cc(C2CCCCC2)c(C2CCCCC2N2CCCC2)c(C2CCCCC2)c1,c1cc(C2CCCCC2)c(C2C(N3CCCC3)CCCC2n2cccn2)c(C2CCCCC2)c1
fraggfn_6td3,greedy_oracle,27,27,31,1,-3.1191200000000006,c1cc(C2CCCCC2)c(C2CCCCC2N2CCCC2)c(C2CCCCC2)c1,O=c1[nH]cnc2c1ncn2-c1ccc(C2CCCCC2)c(C2CCCCC2N2CCCC2)c1C1CCCCC1
fraggfn_6td3,greedy_oracle,28,28,32,1,-3.03986,c1cc(C2CCCCC2)c(C2CCCCC2N2CCCC2)c(C2CCCCC2)c1,O=c1nc2n(-c3cc(C4CCCCC4)c(C4CCCCC4N4CCCC4)c(C4CCCCC4)c3)c3ccccc3nc-2c(=O)[nH]1
fraggfn_6td3,greedy_oracle,29,29,33,1,-3.0335800000000006,c1cc(C2CCCCC2)c(C2CCCCC2N2CCCC2)c(C2CCCCC2)c1,O=c1nc2n(C3CCCC(c4c(C5CCCCC5)cccc4C4CCCCC4)C3N3CCCC3)c3ccccc3nc-2c(=O)[nH]1
fraggfn_6td3,greedy_oracle,30,30,34,1,-2.8672500000000003,c1cc(C2CCCCC2)c(C2CCCCC2N2CCCC2)c(C2CCCCC2)c1,c1c[nH+]cc(C2CCCN2C2CCCCC2c2c(C3CCCCC3)cccc2C2CCCCC2)c1
fraggfn_6td3,greedy_oracle,31,31,35,1,-2.65024,c1cc(C2CCCCC2)c(C2CCCCC2N2CCCC2)c(C2CCCCC2)c1,c1cc(C2CCCCC2)c(C2CC(C3CCCOC3)CCC2N2CCCC2)c(C2CCCCC2)c1
fraggfn_6td3,greedy_oracle,32,32,36,1,-2.29094,c1cc(C2CCCCC2)c(C2CCCCC2N2CCCC2)c(C2CCCCC2)c1,CC(=O)NC1CCCC(N2CCCC2)C1c1c(C2CCCCC2)cccc1C1CCCCC1
fraggfn_6td3,greedy_oracle,33,33,37,1,-2.0332800000000004,c1cc(C2CCCCC2)c(C2CCCCC2N2CCCC2)c(C2CCCCC2)c1,O=c1ncccn1C1CCN(C2CCCCC2c2c(C3CCCCC3)cccc2C2CCCCC2)C1
fraggfn_6td3,greedy_oracle,34,34,42,5,-5.632580000000001,BrN1CCCC1C1CCC(c2ccccc2)CC1c1ccccn1,O=c1[nH]cnc2c1ncn2-c1cccc(C2CCC(C3CCCN3Br)C(c3ccccn3)C2)c1
fraggfn_6td3,greedy_oracle,35,35,43,1,-4.97653,BrN1CCCC1C1CCC(c2ccccc2)CC1c1ccccn1,O=c1nc(C2CC(C3CCCN3Br)C(c3ccccn3)CC2c2ccccc2)cc[nH]1
fraggfn_6td3,greedy_oracle,36,36,44,1,-4.713939999999999,BrN1CCCC1C1CCC(c2ccccc2)CC1c1ccccn1,O=c1nc2[nH]c3ccc(-c4cccnc4C4CC(c5ccccc5)CCC4C4CCCN4Br)cc3nc-2c(=O)[nH]1
fraggfn_6td3,greedy_oracle,37,37,45,1,-4.61946,BrN1CCCC1C1CCC(c2ccccc2)CC1c1ccccn1,NC(=O)C1C(c2ccccc2)CCC(C2CCCN2Br)C1c1ccccn1
fraggfn_6td3,greedy_oracle,38,38,46,1,-4.614050000000001,BrN1CCCC1C1CCC(c2ccccc2)CC1c1ccccn1,BrN1CCCC1C1C(C2=CCCCC2)CC(c2ccccc2)CC1c1ccccn1
fraggfn_6td3,greedy_oracle,39,39,47,1,-4.439359999999999,BrN1CCCC1C1CCC(c2ccccc2)CC1c1ccccn1,BrN1CC(c2cncnc2)CC1C1CCC(c2ccccc2)CC1c1ccccn1
fraggfn_6td3,greedy_oracle,40,40,48,1,-4.1784799999999995,BrN1CCCC1C1CCC(c2ccccc2)CC1c1ccccn1,BrN1CCCC1C1CC(n2cnc3cncnc32)C(c2ccccc2)CC1c1ccccn1
fraggfn_6td3,greedy_oracle,41,41,49,1,-4.0782799999999995,BrN1CCCC1C1CCC(c2ccccc2)CC1c1ccccn1,BrN1CCCC1C1CCC(c2ccccc2)CC1c1cc(C2CC=CCC2)ccn1
fraggfn_6td3,greedy_oracle,42,42,50,1,-4.078110000000001,BrN1CCCC1C1CCC(c2ccccc2)CC1c1ccccn1,CC(C)(C)c1cccc(C2CC(c3ccccc3)CCC2C2CCCN2Br)n1
fraggfn_6td3,greedy_oracle,43,43,51,1,-4.04842,BrN1CCCC1C1CCC(c2ccccc2)CC1c1ccccn1,BrN1CCCC1C1CCC(c2ccccc2)CC1c1ncccc1C1CCOC1
fraggfn_6td3,greedy_oracle,44,44,52,1,-3.996999999999999,BrN1CCCC1C1CCC(c2ccccc2)CC1c1ccccn1,O=c1[nH]c(-c2ccnc(C3CC(c4ccccc4)CCC3C3CCCN3Br)c2)nc2[nH]cnc12
fraggfn_6td3,greedy_oracle,45,45,53,1,-3.92176,BrN1CCCC1C1CCC(c2ccccc2)CC1c1ccccn1,O=c1nc2[nH]c3cc(C4CC(c5ccccc5)CC(c5ccccn5)C4C4CCCN4Br)ccc3nc-2c(=O)[nH]1
fraggfn_6td3,greedy_oracle,46,46,54,1,-3.756989999999999,BrN1CCCC1C1CCC(c2ccccc2)CC1c1ccccn1,BrN1CCCC1C1CCC(c2ccccc2)CC1c1ccc(-n2cnc3cncnc32)cn1
fraggfn_6td3,greedy_oracle,47,47,55,1,-3.50967,BrN1CCCC1C1CCC(c2ccccc2)CC1c1ccccn1,BrN1CCCC1C1CC([NH+]2CCOCC2)C(c2ccccc2)CC1c1ccccn1
fraggfn_6td3,greedy_oracle,48,48,56,1,-3.5070799999999993,BrN1CCCC1C1CCC(c2ccccc2)CC1c1ccccn1,BrN1CCCC1C1CCC(c2ccccc2)CC1c1ccc(-c2c[nH]c3ccccc23)cn1
fraggfn_6td3,greedy_oracle,49,49,57,1,-3.4215,BrN1CCCC1C1CCC(c2ccccc2)CC1c1ccccn1,BrN1CCCC1C1CCC(c2cccc(-c3cccc4ccccc34)c2)CC1c1ccccn1
fraggfn_6td3,greedy_oracle,50,50,58,1,-3.37941,BrN1CCCC1C1CCC(c2ccccc2)CC1c1ccccn1,O=c1[nH]cnc2c1NC(c1cccc(C3CC(c4ccccc4)CCC3C3CCCN3Br)n1)CN2
fraggfn_6td3,greedy_oracle,51,51,59,1,-3.24756,BrN1CCCC1C1CCC(c2ccccc2)CC1c1ccccn1,BrN1C(c2cccc3ccccc23)CCC1C1CCC(c2ccccc2)CC1c1ccccn1
fraggfn_6td3,greedy_oracle,52,52,60,1,-3.0953800000000005,BrN1CCCC1C1CCC(c2ccccc2)CC1c1ccccn1,O=c1[nH]cnc2c1ncn2C1CCC(C2CCC(c3ccccc3)CC2c2ccccn2)N1Br
fraggfn_6td3,greedy_oracle,53,53,61,1,-3.0758199999999993,BrN1CCCC1C1CCC(c2ccccc2)CC1c1ccccn1,O=c1[nH]cnc2c1NC(C1C(c3ccccc3)CCC(C3CCCN3Br)C1c1ccccn1)CN2
fraggfn_6td3,greedy_oracle,54,54,62,1,-3.0572599999999994,BrN1CCCC1C1CCC(c2ccccc2)CC1c1ccccn1,O=c1nc2n(-c3cccc(C4CC(c5ccccc5)CCC4C4CCCN4Br)n3)c3ccccc3nc-2c(=O)[nH]1
fraggfn_6td3,greedy_oracle,55,55,63,1,-2.96331,BrN1CCCC1C1CCC(c2ccccc2)CC1c1ccccn1,O=c1[nH]c(-c2ccc(C3CCC(C4CCCN4Br)C(c4ccccn4)C3)cc2)nc2c1NCCN2
fraggfn_6td3,greedy_oracle,56,56,64,1,-2.371149999999999,BrN1CCCC1C1CCC(c2ccccc2)CC1c1ccccn1,BrN1CCCC1C1CCC(c2ccccc2N2CCCCC2)CC1c1ccccn1
fraggfn_6td3,greedy_oracle,57,57,65,1,-2.35288,BrN1CCCC1C1CCC(c2ccccc2)CC1c1ccccn1,O=c1nc2n(C3CC(C4CCC(c5ccccc5)CC4c4ccccn4)N(Br)C3)c3ccccc3nc-2c(=O)[nH]1
fraggfn_6td3,greedy_oracle,58,58,70,5,-5.38648,NCc1cc(-c2ccc3ccccc3c2)ccc1-c1ccccc1-c1ccccc1,O=c1nc2n(NCc3cc(-c4ccc5ccccc5c4)ccc3-c3ccccc3-c3ccccc3)c3ccccc3nc-2c(=O)[nH]1
fraggfn_6td3,greedy_oracle,59,59,71,1,-5.16525,NCc1cc(-c2ccc3ccccc3c2)ccc1-c1ccccc1-c1ccccc1,NCc1cc(-c2ccc3ccccc3c2)ccc1-c1ccccc1-c1ccc(-c2ccc3nc4c(=O)[nH]c(=O)nc-4[nH]c3c2)cc1
fraggfn_6td3,greedy_oracle,60,60,72,1,-5.06484,NCc1cc(-c2ccc3ccccc3c2)ccc1-c1ccccc1-c1ccccc1,NCc1cc(-c2ccc3ccccc3c2)cc(C2CNc3nc[nH]c(=O)c3N2)c1-c1ccccc1-c1ccccc1
fraggfn_6td3,greedy_oracle,61,61,73,1,-4.5946,NCc1cc(-c2ccc3ccccc3c2)ccc1-c1ccccc1-c1ccccc1,NCc1cc(-c2ccc3ccccc3c2)cc(-n2ccc(=O)[nH]c2=O)c1-c1ccccc1-c1ccccc1
fraggfn_6td3,greedy_oracle,62,62,74,1,-4.413680000000001,NCc1cc(-c2ccc3ccccc3c2)ccc1-c1ccccc1-c1ccccc1,NCc1cc(-c2ccc3ccccc3c2)ccc1-c1ccccc1-c1cccc(-c2cccc3ccccc23)c1
fraggfn_6td3,greedy_oracle,63,63,75,1,-4.14314,NCc1cc(-c2ccc3ccccc3c2)ccc1-c1ccccc1-c1ccccc1,NCc1cc(-c2ccc3ccccc3c2)c(-c2cccc3ccccc23)cc1-c1ccccc1-c1ccccc1
fraggfn_6td3,greedy_oracle,64,64,76,1,-4.0994399999999995,NCc1cc(-c2ccc3ccccc3c2)ccc1-c1ccccc1-c1ccccc1,c1ccc(-c2ccccc2-c2ccc(-c3ccc4ccccc4c3)cc2CNc2ccc3ccccc3c2)cc1
fraggfn_6td3,greedy_oracle,65,65,77,1,-4.05861,NCc1cc(-c2ccc3ccccc3c2)ccc1-c1ccccc1-c1ccccc1,NCc1cc(-c2ccc3ccccc3c2)ccc1-c1ccccc1-c1ccccc1-n1cnc2c(=O)[nH]cnc21
fraggfn_6td3,greedy_oracle,66,66,78,1,-3.81623,NCc1cc(-c2ccc3ccccc3c2)ccc1-c1ccccc1-c1ccccc1,NCc1cc(-c2ccc3ccccc3c2)c(-n2cnc3cncnc32)cc1-c1ccccc1-c1ccccc1
fraggfn_6td3,greedy_oracle,67,67,79,1,-3.812169999999999,NCc1cc(-c2ccc3ccccc3c2)ccc1-c1ccccc1-c1ccccc1,NCc1c(-c2ccccc2-c2ccccc2)ccc(-c2ccc3ccccc3c2)c1-c1ccc2[nH]c3nc(=O)[nH]c(=O)c-3nc2c1
fraggfn_6td3,greedy_oracle,68,68,80,1,-3.7249,NCc1cc(-c2ccc3ccccc3c2)ccc1-c1ccccc1-c1ccccc1,NCc1c(-c2ccccc2-c2ccccc2)ccc(-c2ccc3ccccc3c2)c1-n1cnc2c(=O)[nH]cnc21
fraggfn_6td3,greedy_oracle,69,69,81,1,-3.6770999999999994,NCc1cc(-c2ccc3ccccc3c2)ccc1-c1ccccc1-c1ccccc1,NCc1cc(-c2ccc3ccccc3c2)ccc1-c1cc(-c2c[nH]c3ccccc23)ccc1-c1ccccc1
fraggfn_6td3,greedy_oracle,70,70,82,1,-3.58404,NCc1cc(-c2ccc3ccccc3c2)ccc1-c1ccccc1-c1ccccc1,NCc1cc(-c2ccc3ccccc3c2)ccc1-c1cc(-c2nc3c(c(=O)[nH]2)NCCN3)ccc1-c1ccccc1
fraggfn_6td3,greedy_oracle,71,71,83,1,-3.45969,NCc1cc(-c2ccc3ccccc3c2)ccc1-c1ccccc1-c1ccccc1,NCc1cc(-c2cc(-c3nc4[nH]cnc4c(=O)[nH]3)c3ccccc3c2)ccc1-c1ccccc1-c1ccccc1
fraggfn_6td3,greedy_oracle,72,72,84,1,-3.199519999999999,NCc1cc(-c2ccc3ccccc3c2)ccc1-c1ccccc1-c1ccccc1,NCc1cc(-c2ccc3ccccc3c2)ccc1-c1ccccc1-c1ccccc1C1CCCO1
fraggfn_6td3,greedy_oracle,73,73,85,1,-3.194749999999999,NCc1cc(-c2ccc3ccccc3c2)ccc1-c1ccccc1-c1ccccc1,NCc1cc(-c2ccc3ccccc3c2)ccc1-c1cccc(-[n+]2ccccc2)c1-c1ccccc1
fraggfn_6td3,greedy_oracle,74,74,86,1,-3.18525,NCc1cc(-c2ccc3ccccc3c2)ccc1-c1ccccc1-c1ccccc1,NCc1cc(-c2ccc3ccccc3c2)c(-n2c3nc(=O)[nH]c(=O)c-3nc3ccccc32)cc1-c1ccccc1-c1ccccc1
fraggfn_6td3,greedy_oracle,75,75,87,1,-3.183909999999999,NCc1cc(-c2ccc3ccccc3c2)ccc1-c1ccccc1-c1ccccc1,NCc1cc(-c2ccc3ccccc3c2)ccc1-c1ccccc1-c1ccccc1-c1ncnc2[nH]cnc12
fraggfn_6td3,greedy_oracle,76,76,88,1,-3.133959999999999,NCc1cc(-c2ccc3ccccc3c2)ccc1-c1ccccc1-c1ccccc1,NCc1cc(-c2ccc3ccccc3c2)ccc1-c1ccccc1-c1ccc(-n2cccnc2=O)cc1
fraggfn_6td3,greedy_oracle,77,77,89,1,-3.0996799999999993,NCc1cc(-c2ccc3ccccc3c2)ccc1-c1ccccc1-c1ccccc1,NCc1cc(-c2ccc3ccccc3c2)ccc1-c1ccccc1-c1ccccc1C(=O)NO
fraggfn_6td3,greedy_oracle,78,78,90,1,-3.0890999999999993,NCc1cc(-c2ccc3ccccc3c2)ccc1-c1ccccc1-c1ccccc1,NCc1cc(-c2ccc3ccccc3c2)ccc1-c1ccc(-c2cc[nH]n2)cc1-c1ccccc1
fraggfn_6td3,greedy_oracle,79,79,91,1,-2.981819999999999,NCc1cc(-c2ccc3ccccc3c2)ccc1-c1ccccc1-c1ccccc1,NCc1cc(-c2cc(C3CCCCC3)c3ccccc3c2)ccc1-c1ccccc1-c1ccccc1
fraggfn_6td3,greedy_oracle,80,80,92,1,-2.5740799999999986,NCc1cc(-c2ccc3ccccc3c2)ccc1-c1ccccc1-c1ccccc1,NCc1cc(-c2ccc3ccccc3c2)ccc1-c1cc(C2C=CCCC2)ccc1-c1ccccc1
fraggfn_6td3,greedy_oracle,81,81,93,1,-2.137649999999999,NCc1cc(-c2ccc3ccccc3c2)ccc1-c1ccccc1-c1ccccc1,NCc1c(-c2ccccc2-c2ccccc2)ccc(-c2ccc3ccccc3c2)c1-c1c[nH]c2ccccc12
fraggfn_6td3,greedy_oracle,82,82,98,5,-4.636399999999999,COC1CCCC(c2ccc(C3CCCCC3)cc2)C1C1CCCO1,COC1CCCC(c2ccc(C3CCCCC3)cc2)C1C1CC(c2ccc3nc4c(=O)[nH]c(=O)nc-4[nH]c3c2)CO1
fraggfn_6td3,greedy_oracle,83,83,99,1,-4.47864,COC1CCCC(c2ccc(C3CCCCC3)cc2)C1C1CCCO1,COC1CCCC(c2ccc(C3CCCCC3)cc2)C1C1CCC(c2nc3c(c(=O)[nH]2)NCCN3)O1
fraggfn_6td3,greedy_oracle,84,84,100,1,-4.057370000000001,COC1CCCC(c2ccc(C3CCCCC3)cc2)C1C1CCCO1,COC1CCCC(c2ccc(C3CCCCC3c3ccc4[nH]c5nc(=O)[nH]c(=O)c-5nc4c3)cc2)C1C1CCCO1
fraggfn_6td3,greedy_oracle,85,85,101,1,-3.984280000000001,COC1CCCC(c2ccc(C3CCCCC3)cc2)C1C1CCCO1,COC1CCCC(c2ccc(C3CCCCC3)cc2-n2cnc3c(=O)[nH]cnc32)C1C1CCCO1
fraggfn_6td3,greedy_oracle,86,86,102,1,-3.9242100000000004,COC1CCCC(c2ccc(C3CCCCC3)cc2)C1C1CCCO1,COC1CC(n2cnc3c(=O)[nH]cnc32)CC(c2ccc(C3CCCCC3)cc2)C1C1CCCO1
fraggfn_6td3,greedy_oracle,87,87,103,1,-3.5843499999999997,COC1CCCC(c2ccc(C3CCCCC3)cc2)C1C1CCCO1,COC1CCCC(c2ccc(C3CCCCC3)c(-c3ccc4ccccc4c3)c2)C1C1CCCO1
fraggfn_6td3,greedy_oracle,88,88,104,1,-3.56285,COC1CCCC(c2ccc(C3CCCCC3)cc2)C1C1CCCO1,COC1CC(c2ccccc2)CC(c2ccc(C3CCCCC3)cc2)C1C1CCCO1
fraggfn_6td3,greedy_oracle,89,89,105,1,-3.5238500000000004,COC1CCCC(c2ccc(C3CCCCC3)cc2)C1C1CCCO1,COC1C(C2CC=CCC2)CCC(c2ccc(C3CCCCC3)cc2)C1C1CCCO1
fraggfn_6td3,greedy_oracle,90,90,106,1,-3.420090000000001,COC1CCCC(c2ccc(C3CCCCC3)cc2)C1C1CCCO1,CNC(=O)C1CCC(OC)C(C2CCCO2)C1c1ccc(C2CCCCC2)cc1
fraggfn_6td3,greedy_oracle,91,91,107,1,-3.1126300000000002,COC1CCCC(c2ccc(C3CCCCC3)cc2)C1C1CCCO1,COC1CCCC(c2ccc(C3CCCC(c4ncnc5[nH]cnc45)C3)cc2)C1C1CCCO1
fraggfn_6td3,greedy_oracle,92,92,108,1,-3.08612,COC1CCCC(c2ccc(C3CCCCC3)cc2)C1C1CCCO1,COC1CCCC(c2ccc(C3CCCCC3)cc2)C1C1CCC(C2CNc3nc[nH]c(=O)c3N2)O1
fraggfn_6td3,greedy_oracle,93,93,109,1,-3.0778499999999998,COC1CCCC(c2ccc(C3CCCCC3)cc2)C1C1CCCO1,c1n[nH]cc1COC1CCCC(c2ccc(C3CCCCC3)cc2)C1C1CCCO1
fraggfn_6td3,greedy_oracle,94,94,110,1,-2.9926899999999996,COC1CCCC(c2ccc(C3CCCCC3)cc2)C1C1CCCO1,COC1CCCC(c2ccc(C3CCCCC3)cc2)C1C1CC(N2CCCC2)CO1
fraggfn_6td3,greedy_oracle,95,95,111,1,-2.986180000000001,COC1CCCC(c2ccc(C3CCCCC3)cc2)C1C1CCCO1,COC1CCCC(c2ccc(C3CCC(CN)CC3)cc2)C1C1CCCO1
fraggfn_6td3,greedy_oracle,96,96,112,1,-2.9844299999999997,COC1CCCC(c2ccc(C3CCCCC3)cc2)C1C1CCCO1,COC1CCCC(c2ccc(C3CCCCC3)cc2)C1C1CCC(CNC(C)=O)O1
fraggfn_6td3,greedy_oracle,97,97,113,1,-2.961129999999999,COC1CCCC(c2ccc(C3CCCCC3)cc2)C1C1CCCO1,COC1CCCC(c2ccc(C3CCCCC3)cc2)C1C1OCCC1c1ccc[nH]1
fraggfn_6td3,greedy_oracle,98,98,114,1,-2.9021300000000005,COC1CCCC(c2ccc(C3CCCCC3)cc2)C1C1CCCO1,COC1CCCC(c2ccc(C3CCCCC3)c(-n3c4nc(=O)[nH]c(=O)c-4nc4ccccc43)c2)C1C1CCCO1
fraggfn_6td3,greedy_oracle,99,99,115,1,-2.85407,COC1CCCC(c2ccc(C3CCCCC3)cc2)C1C1CCCO1,COC1C(C2CCCO2)C(c2ccc(C3CCCCC3)cc2)CCC1n1cnc2cncnc21
fraggfn_6td3,greedy_oracle,100,100,116,1,-2.54373,COC1CCCC(c2ccc(C3CCCCC3)cc2)C1C1CCCO1,COC1CCC(n2c3nc(=O)[nH]c(=O)c-3nc3ccccc32)C(c2ccc(C3CCCCC3)cc2)C1C1CCCO1
fraggfn_6td3,greedy_oracle,101,101,117,1,-2.4173500000000008,COC1CCCC(c2ccc(C3CCCCC3)cc2)C1C1CCCO1,COC1C(c2c[nH]c(=O)[nH]c2=O)CCC(c2ccc(C3CCCCC3)cc2)C1C1CCCO1
fraggfn_6td3,greedy_oracle,102,102,118,1,-2.26739,COC1CCCC(c2ccc(C3CCCCC3)cc2)C1C1CCCO1,COC1CCCC(c2ccc(C3CCCC(n4cccnc4=O)C3)cc2)C1C1CCCO1
fraggfn_6td3,greedy_oracle,103,103,119,1,-2.252319999999999,COC1CCCC(c2ccc(C3CCCCC3)cc2)C1C1CCCO1,COC1CCCC(c2ccc(C3CCCC(c4cccc5ccccc45)C3)cc2)C1C1CCCO1
fraggfn_6td3,greedy_oracle,104,104,124,5,-4.77342,OC1CCC(c2cccc(-c3cccs3)n2)CC1c1cccnc1,OC1CCC(c2cccc(-c3cccs3)n2)CC1c1cncc(-c2ccc[nH+]c2)c1
fraggfn_6td3,greedy_oracle,105,105,125,1,-4.639550000000001,OC1CCC(c2cccc(-c3cccs3)n2)CC1c1cccnc1,OC1CCC(c2cccc(-c3cccs3)n2)CC1c1cnccc1C1CCCO1
fraggfn_6td3,greedy_oracle,106,106,126,1,-4.5366599999999995,OC1CCC(c2cccc(-c3cccs3)n2)CC1c1cccnc1,O=c1nc2[nH]c3ccc(-c4ccncc4C4CC(c5cccc(-c6cccs6)n5)CCC4O)cc3nc-2c(=O)[nH]1
fraggfn_6td3,greedy_oracle,107,107,127,1,-4.511679999999999,OC1CCC(c2cccc(-c3cccs3)n2)CC1c1cccnc1,OC1CCC(c2cccc(-c3ccc(-c4ccncc4)s3)n2)CC1c1cccnc1
fraggfn_6td3,greedy_oracle,108,108,128,1,-4.510299999999999,OC1CCC(c2cccc(-c3cccs3)n2)CC1c1cccnc1,OC1CCC(c2cccc(-c3cccs3)n2)C(C2CCCN2)C1c1cccnc1
fraggfn_6td3,greedy_oracle,109,109,129,1,-4.49099,OC1CCC(c2cccc(-c3cccs3)n2)CC1c1cccnc1,O=c1nc2n(C3CC(O)C(c4cccnc4)CC3c3cccc(-c4cccs4)n3)c3ccccc3nc-2c(=O)[nH]1
fraggfn_6td3,greedy_oracle,110,110,130,1,-4.24682,OC1CCC(c2cccc(-c3cccs3)n2)CC1c1cccnc1,O=CNc1ccc(-c2cccs2)nc1C1CCC(O)C(c2cccnc2)C1
fraggfn_6td3,greedy_oracle,111,111,131,1,-3.9737799999999996,OC1CCC(c2cccc(-c3cccs3)n2)CC1c1cccnc1,OC1CCC(c2ccc(-c3ncccn3)c(-c3cccs3)n2)CC1c1cccnc1
fraggfn_6td3,greedy_oracle,112,112,132,1,-3.9466199999999994,OC1CCC(c2cccc(-c3cccs3)n2)CC1c1cccnc1,O=c1nc2[nH]c3cc(C4CC(c5cccc(-c6cccs6)n5)CC(c5cccnc5)C4O)ccc3nc-2c(=O)[nH]1
fraggfn_6td3,greedy_oracle,113,113,133,1,-3.86869,OC1CCC(c2cccc(-c3cccs3)n2)CC1c1cccnc1,O=c1nc2n(-c3cncc(C4CC(c5cccc(-c6cccs6)n5)CCC4O)c3)c3ccccc3nc-2c(=O)[nH]1
fraggfn_6td3,greedy_oracle,114,114,134,1,-3.7550600000000003,OC1CCC(c2cccc(-c3cccs3)n2)CC1c1cccnc1,O=c1[nH]c(-c2ncccc2C2CC(c3cccc(-c4cccs4)n3)CCC2O)nc2c1NCCN2
fraggfn_6td3,greedy_oracle,115,115,135,1,-3.714640000000001,OC1CCC(c2cccc(-c3cccs3)n2)CC1c1cccnc1,NS(=O)(=O)C1CC(O)C(c2cccnc2)CC1c1cccc(-c2cccs2)n1
fraggfn_6td3,greedy_oracle,116,116,136,1,-3.667089999999999,OC1CCC(c2cccc(-c3cccs3)n2)CC1c1cccnc1,O=c1ncccn1-c1cc(-c2cccs2)nc(C2CCC(O)C(c3cccnc3)C2)c1
fraggfn_6td3,greedy_oracle,117,117,137,1,-3.57491,OC1CCC(c2cccc(-c3cccs3)n2)CC1c1cccnc1,O=c1[nH]cnc2c1NC(c1ccc(C3CCC(O)C(c4cccnc4)C3)nc1-c1cccs1)CN2
fraggfn_6td3,greedy_oracle,118,118,138,1,-3.1301799999999993,OC1CCC(c2cccc(-c3cccs3)n2)CC1c1cccnc1,OC1CCC(c2cccc(-c3cccs3)n2)CC1c1ccc(-c2ccc3ccccc3c2)nc1
fraggfn_6td3,greedy_oracle,119,119,139,1,-3.05384,OC1CCC(c2cccc(-c3cccs3)n2)CC1c1cccnc1,O=c1[nH]cnc2c1ncn2-c1ccc(C2CC(c3cccc(-c4cccs4)n3)CCC2O)cn1
fraggfn_6td3,greedy_oracle,120,120,140,1,-3.04711,OC1CCC(c2cccc(-c3cccs3)n2)CC1c1cccnc1,O=c1[nH]c(-c2cc(-c3cccs3)nc(C3CCC(O)C(c4cccnc4)C3)c2)nc2c1NCCN2
fraggfn_6td3,greedy_oracle,121,121,141,1,-2.853209999999999,OC1CCC(c2cccc(-c3cccs3)n2)CC1c1cccnc1,O=c1[nH]cnc2c1NC(C1CC(c3cccc(-c4cccs4)n3)CC(c3cccnc3)C1O)CN2
fraggfn_6td3,greedy_oracle,122,122,142,1,-2.473979999999999,OC1CCC(c2cccc(-c3cccs3)n2)CC1c1cccnc1,OC1CCC(c2cccc(-c3cccs3)n2)CC1c1cnccc1-c1ncnc2[nH]cnc12
fraggfn_6td3,greedy_oracle,123,123,143,1,-2.2111,OC1CCC(c2cccc(-c3cccs3)n2)CC1c1cccnc1,OC1C(c2cccnc2)CC(c2cccc(-c3cccs3)n2)CC1N1CCCCC1
fraggfn_6td3,greedy_oracle,124,124,148,5,-6.51603,O=C(NCc1cccc(C2CCCC(C3CCCCC3)C2)c1)c1cn[nH]c1,O=C(NCc1cccc(C2CCCC(C3CCCCC3)C2)c1)c1c[nH]nc1-c1nc2c(c(=O)[nH]1)NCCN2
fraggfn_6td3,greedy_oracle,125,125,149,1,-6.37617,O=C(NCc1cccc(C2CCCC(C3CCCCC3)C2)c1)c1cn[nH]c1,O=C(NCc1cccc(C2CCCC(C3CCCCC3)C2)c1)c1cn[nH]c1-c1cccs1
fraggfn_6td3,greedy_oracle,126,126,150,1,-5.79675,O=C(NCc1cccc(C2CCCC(C3CCCCC3)C2)c1)c1cn[nH]c1,O=C(NCc1cccc(C2CCCC(C3CCC(c4nccs4)CC3)C2)c1)c1cn[nH]c1
fraggfn_6td3,greedy_oracle,127,127,151,1,-5.69542,O=C(NCc1cccc(C2CCCC(C3CCCCC3)C2)c1)c1cn[nH]c1,O=C(NCc1cccc(C2CCCC(C3CCCCC3)C2C2=CCCCC2)c1)c1cn[nH]c1
fraggfn_6td3,greedy_oracle,128,128,152,1,-5.64346,O=C(NCc1cccc(C2CCCC(C3CCCCC3)C2)c1)c1cn[nH]c1,O=C(NCc1cccc(C2CCC(c3ccncn3)C(C3CCCCC3)C2)c1)c1cn[nH]c1
fraggfn_6td3,greedy_oracle,129,129,153,1,-5.41321,O=C(NCc1cccc(C2CCCC(C3CCCCC3)C2)c1)c1cn[nH]c1,O=C(NCc1cccc(C2CC(C3CCCCC3)CCC2c2c[nH]c3ccccc23)c1)c1cn[nH]c1
fraggfn_6td3,greedy_oracle,130,130,154,1,-5.39027,O=C(NCc1cccc(C2CCCC(C3CCCCC3)C2)c1)c1cn[nH]c1,O=C(NCc1cc(C2CCCC(C3CCCCC3)C2)cc(-n2ccc(=O)[nH]c2=O)c1)c1cn[nH]c1
fraggfn_6td3,greedy_oracle,131,131,155,1,-5.235499999999999,O=C(NCc1cccc(C2CCCC(C3CCCCC3)C2)c1)c1cn[nH]c1,O=C(NCc1cccc(C2CCCC(C3CCCCC3c3cccc4ccccc34)C2)c1)c1cn[nH]c1
fraggfn_6td3,greedy_oracle,132,132,156,1,-5.210420000000001,O=C(NCc1cccc(C2CCCC(C3CCCCC3)C2)c1)c1cn[nH]c1,O=C(NCc1cc(C2CCCC(C3CCCCC3)C2)ccc1C1CCOCC1)c1cn[nH]c1
fraggfn_6td3,greedy_oracle,133,133,157,1,-4.934850000000001,O=C(NCc1cccc(C2CCCC(C3CCCCC3)C2)c1)c1cn[nH]c1,O=C(NCc1cccc(C2CCCC(C3CCCCC3)C2)c1-n1c2nc(=O)[nH]c(=O)c-2nc2ccccc21)c1cn[nH]c1
fraggfn_6td3,greedy_oracle,134,134,158,1,-4.93201,O=C(NCc1cccc(C2CCCC(C3CCCCC3)C2)c1)c1cn[nH]c1,O=C(NCc1cccc(C2CCCC(C3CCCCC3)C2)c1)c1cnn(-c2c[nH]c(=O)[nH]c2=O)c1
fraggfn_6td3,greedy_oracle,135,135,159,1,-4.80542,O=C(NCc1cccc(C2CCCC(C3CCCCC3)C2)c1)c1cn[nH]c1,O=C(NCc1ccc(N2CCOCC2)c(C2CCCC(C3CCCCC3)C2)c1)c1cn[nH]c1
fraggfn_6td3,greedy_oracle,136,136,160,1,-4.786720000000001,O=C(NCc1cccc(C2CCCC(C3CCCCC3)C2)c1)c1cn[nH]c1,O=C(NCc1cccc(C2CC(c3ccc4nc5c(=O)[nH]c(=O)nc-5[nH]c4c3)CC(C3CCCCC3)C2)c1)c1cn[nH]c1
fraggfn_6td3,greedy_oracle,137,137,161,1,-4.23074,O=C(NCc1cccc(C2CCCC(C3CCCCC3)C2)c1)c1cn[nH]c1,O=C(NCc1cc(C2CCCC(C3CCCCC3)C2)ccc1-c1ccc2[nH]c3nc(=O)[nH]c(=O)c-3nc2c1)c1cn[nH]c1
fraggfn_6td3,greedy_oracle,138,138,162,1,-3.91803,O=C(NCc1cccc(C2CCCC(C3CCCCC3)C2)c1)c1cn[nH]c1,O=C(NCc1cccc(C2CCCC(C3CCCCC3)C2n2c3nc(=O)[nH]c(=O)c-3nc3ccccc32)c1)c1cn[nH]c1
fraggfn_6td3,greedy_oracle,139,139,163,1,-3.366279999999999,O=C(NCc1cccc(C2CCCC(C3CCCCC3)C2)c1)c1cn[nH]c1,O=C(NCc1cccc(C2CCCC(C3CCCCC3)C2)c1)c1c[nH]nc1-n1cnc2cncnc21
fraggfn_6td3,greedy_oracle,140,140,164,1,-3.1303099999999997,O=C(NCc1cccc(C2CCCC(C3CCCCC3)C2)c1)c1cn[nH]c1,O=C(NCc1cccc(C2CCCC(C3CCCCC3)C2)c1-c1cc[nH]c(=O)n1)c1cn[nH]c1
fraggfn_6td3,greedy_oracle,141,141,165,1,-2.8559199999999993,O=C(NCc1cccc(C2CCCC(C3CCCCC3)C2)c1)c1cn[nH]c1,O=C(NCc1cccc(C2CCCC(C3CCCCC3)C2)c1)c1cn[nH]c1-n1c2nc(=O)[nH]c(=O)c-2nc2ccccc21
fraggfn_6td3,greedy_oracle,142,142,166,1,-2.5054499999999997,O=C(NCc1cccc(C2CCCC(C3CCCCC3)C2)c1)c1cn[nH]c1,O=C(NCc1ccc(C2CNc3nc[nH]c(=O)c3N2)c(C2CCCC(C3CCCCC3)C2)c1)c1cn[nH]c1
fraggfn_6td3,greedy_oracle,143,143,167,1,-2.4184900000000003,O=C(NCc1cccc(C2CCCC(C3CCCCC3)C2)c1)c1cn[nH]c1,O=C(NCc1cccc(C2CC(C3CCCCC3)CCC2n2cnc3cncnc32)c1)c1cn[nH]c1
fraggfn_6td3,greedy_oracle,144,144,172,5,-6.751799999999999,c1cc(-c2ccc3ccccc3c2)cc(C2CCCC(c3cccc(-c4ccc5ccccc5c4)n3)C2)c1,c1cc(-c2ccc3ccccc3c2)cc(C2CCCC(c3ccc(-c4c[nH]c5ccccc45)c(-c4ccc5ccccc5c4)n3)C2)c1
fraggfn_6td3,greedy_oracle,145,145,173,1,-6.58834,c1cc(-c2ccc3ccccc3c2)cc(C2CCCC(c3cccc(-c4ccc5ccccc5c4)n3)C2)c1,c1cc(-c2ccc3ccccc3c2)nc(C2CCCC(c3ccc(-c4cccc5ccccc45)c(-c4ccc5ccccc5c4)c3)C2)c1
fraggfn_6td3,greedy_oracle,146,146,174,1,-6.425800000000001,c1cc(-c2ccc3ccccc3c2)cc(C2CCCC(c3cccc(-c4ccc5ccccc5c4)n3)C2)c1,c1cc(-c2ccc3ccccc3c2)cc(C2CCCC(c3ccc(-n4cnc5cncnc54)c(-c4ccc5ccccc5c4)n3)C2)c1
fraggfn_6td3,greedy_oracle,147,147,175,1,-6.1366,c1cc(-c2ccc3ccccc3c2)cc(C2CCCC(c3cccc(-c4ccc5ccccc5c4)n3)C2)c1,CC(O)C1CCC(c2cccc(-c3ccc4ccccc4c3)n2)CC1c1cccc(-c2ccc3ccccc3c2)c1
fraggfn_6td3,greedy_oracle,148,148,176,1,-5.94949,c1cc(-c2ccc3ccccc3c2)cc(C2CCCC(c3cccc(-c4ccc5ccccc5c4)n3)C2)c1,O=C(NO)c1ccc(-c2ccc3ccccc3c2)cc1C1CCCC(c2cccc(-c3ccc4ccccc4c3)n2)C1
fraggfn_6td3,greedy_oracle,149,149,177,1,-5.92281,c1cc(-c2ccc3ccccc3c2)cc(C2CCCC(c3cccc(-c4ccc5ccccc5c4)n3)C2)c1,c1cc(-c2ccc3ccccc3c2)cc(C2CCCC(c3nc(-c4ccc5ccccc5c4)ccc3-c3cncnc3)C2)c1
fraggfn_6td3,greedy_oracle,150,150,178,1,-5.76859,c1cc(-c2ccc3ccccc3c2)cc(C2CCCC(c3cccc(-c4ccc5ccccc5c4)n3)C2)c1,c1cc(-c2ccc3ccccc3c2)cc(C2CCC(N3CCCCC3)C(c3cccc(-c4ccc5ccccc5c4)n3)C2)c1
fraggfn_6td3,greedy_oracle,151,151,179,1,-5.5162700000000005,c1cc(-c2ccc3ccccc3c2)cc(C2CCCC(c3cccc(-c4ccc5ccccc5c4)n3)C2)c1,O=c1[nH]c(C2CC(c3cccc(-c4ccc5ccccc5c4)c3)CC(c3cccc(-c4ccc5ccccc5c4)n3)C2)nc2c1NCCN2
fraggfn_6td3,greedy_oracle,152,152,180,1,-4.99736,c1cc(-c2ccc3ccccc3c2)cc(C2CCCC(c3cccc(-c4ccc5ccccc5c4)n3)C2)c1,O=c1nc2n(-c3ccc(-c4ccc5ccccc5c4)cc3C3CCCC(c4cccc(-c5ccc6ccccc6c5)n4)C3)c3ccccc3nc-2c(=O)[nH]1
fraggfn_6td3,greedy_oracle,153,153,181,1,-4.98226,c1cc(-c2ccc3ccccc3c2)cc(C2CCCC(c3cccc(-c4ccc5ccccc5c4)n3)C2)c1,c1cc(-c2ccc3ccccc3c2)cc(C2CCCC(c3cccc(-c4cc([NH+]5CCOCC5)c5ccccc5c4)n3)C2)c1
fraggfn_6td3,greedy_oracle,154,154,182,1,-4.76302,c1cc(-c2ccc3ccccc3c2)cc(C2CCCC(c3cccc(-c4ccc5ccccc5c4)n3)C2)c1,c1cc(-c2ccc3ccccc3c2)cc(C2CCCC(c3cccc(-c4ccc5ccccc5c4)n3)C2C2CCOCC2)c1
fraggfn_6td3,greedy_oracle,155,155,183,1,-4.7165300000000006,c1cc(-c2ccc3ccccc3c2)cc(C2CCCC(c3cccc(-c4ccc5ccccc5c4)n3)C2)c1,O=c1[nH]c(-c2c(-c3ccc4ccccc4c3)cccc2C2CCCC(c3cccc(-c4ccc5ccccc5c4)n3)C2)nc2[nH]cnc12
fraggfn_6td3,greedy_oracle,156,156,184,1,-4.62161,c1cc(-c2ccc3ccccc3c2)cc(C2CCCC(c3cccc(-c4ccc5ccccc5c4)n3)C2)c1,CC(=O)NCc1cc(-c2ccc3ccccc3c2)nc(C2CCCC(c3cccc(-c4ccc5ccccc5c4)c3)C2)c1
fraggfn_6td3,greedy_oracle,157,157,185,1,-4.4944500000000005,c1cc(-c2ccc3ccccc3c2)cc(C2CCCC(c3cccc(-c4ccc5ccccc5c4)n3)C2)c1,c1ccc(-c2cc(-c3ccc4ccccc4c3)cc(C3CCCC(c4cccc(-c5ccc6ccccc6c5)n4)C3)c2)nc1
fraggfn_6td3,greedy_oracle,158,158,186,1,-3.994819999999999,c1cc(-c2ccc3ccccc3c2)cc(C2CCCC(c3cccc(-c4ccc5ccccc5c4)n3)C2)c1,c1cc(-c2ccc3ccccc3c2)nc(C2CCCC(c3cccc(-c4ccc5ccccc5c4)c3C3CCCCO3)C2)c1
fraggfn_6td3,greedy_oracle,159,159,187,1,-3.9738999999999995,c1cc(-c2ccc3ccccc3c2)cc(C2CCCC(c3cccc(-c4ccc5ccccc5c4)n3)C2)c1,O=c1nc2[nH]c3cc(C4CCC(c5cccc(-c6ccc7ccccc7c6)c5)CC4c4cccc(-c5ccc6ccccc6c5)n4)ccc3nc-2c(=O)[nH]1
fraggfn_6td3,greedy_oracle,160,160,188,1,-3.7298899999999997,c1cc(-c2ccc3ccccc3c2)cc(C2CCCC(c3cccc(-c4ccc5ccccc5c4)n3)C2)c1,O=c1nc2[nH]c3ccc(-c4cc(-c5ccc6ccccc6c5)nc(C5CCCC(c6cccc(-c7ccc8ccccc8c7)c6)C5)c4)cc3nc-2c(=O)[nH]1
fraggfn_6td3,greedy_oracle,161,161,189,1,-3.69036,c1cc(-c2ccc3ccccc3c2)cc(C2CCCC(c3cccc(-c4ccc5ccccc5c4)n3)C2)c1,O=c1[nH]cnc2c1ncn2-c1cc(-c2cccc(C3CCCC(c4cccc(-c5ccc6ccccc6c5)n4)C3)c2)cc2ccccc12
fraggfn_6td3,greedy_oracle,162,162,190,1,-3.6265199999999993,c1cc(-c2ccc3ccccc3c2)cc(C2CCCC(c3cccc(-c4ccc5ccccc5c4)n3)C2)c1,c1cc(-c2ccc3ccccc3c2)cc(C2CC(c3cccc(-c4ccc5ccccc5c4)n3)CC(n3cnc4cncnc43)C2)c1
fraggfn_6td3,greedy_oracle,163,163,191,1,-2.5468600000000006,c1cc(-c2ccc3ccccc3c2)cc(C2CCCC(c3cccc(-c4ccc5ccccc5c4)n3)C2)c1,O=c1[nH]cnc2c1NC(c1ccc(C3CCCC(c4cccc(-c5ccc6ccccc6c5)c4)C3)nc1-c1ccc3ccccc3c1)CN2
fraggfn_6td3,greedy_oracle,164,164,196,5,-5.786840000000001,c1cnc(C2CCC(C3CCCOC3C3CCCC(C4CCCNC4)C3)CC2)nc1,O=c1nc2[nH]c3ccc(C4CC(C5CCCOC5C5CCCC(C6CCCNC6)C5)CCC4c4ncccn4)cc3nc-2c(=O)[nH]1
fraggfn_6td3,greedy_oracle,165,165,197,1,-5.126549999999999,c1cnc(C2CCC(C3CCCOC3C3CCCC(C4CCCNC4)C3)CC2)nc1,O=c1nc2n(N3CCCC(C4CCCC(C5OCCCC5C5CCC(c6ncccn6)CC5)C4)C3)c3ccccc3nc-2c(=O)[nH]1
fraggfn_6td3,greedy_oracle,166,166,198,1,-5.00676,c1cnc(C2CCC(C3CCCOC3C3CCCC(C4CCCNC4)C3)CC2)nc1,O=c1[nH]cnc2c1NC(N1CCCC(C3CCCC(C4OCCCC4C4CCC(c5ncccn5)CC4)C3)C1)CN2
fraggfn_6td3,greedy_oracle,167,167,199,1,-4.63148,c1cnc(C2CCC(C3CCCOC3C3CCCC(C4CCCNC4)C3)CC2)nc1,C1=CNC=C(C2CCOC(C3CCCC(C4CCCNC4)C3)C2C2CCC(c3ncccn3)CC2)C1
fraggfn_6td3,greedy_oracle,168,168,200,1,-4.454470000000001,c1cnc(C2CCC(C3CCCOC3C3CCCC(C4CCCNC4)C3)CC2)nc1,c1cnc(C2CCC(C3CCCOC3C3CCCC(C4CCCNC4)C3C3CC3)CC2)nc1
fraggfn_6td3,greedy_oracle,169,169,201,1,-4.3651100000000005,c1cnc(C2CCC(C3CCCOC3C3CCCC(C4CCCNC4)C3)CC2)nc1,c1cc(C2CCCC2)nc(C2CCC(C3CCCOC3C3CCCC(C4CCCNC4)C3)CC2)n1
fraggfn_6td3,greedy_oracle,170,170,202,1,-4.28854,c1cnc(C2CCC(C3CCCOC3C3CCCC(C4CCCNC4)C3)CC2)nc1,O=c1[nH]c(C2CC(c3ncccn3)CCC2C2CCCOC2C2CCCC(C3CCCNC3)C2)nc2c1NCCN2
fraggfn_6td3,greedy_oracle,171,171,203,1,-3.9585800000000004,c1cnc(C2CCC(C3CCCOC3C3CCCC(C4CCCNC4)C3)CC2)nc1,c1cnc(C2CCC(C3CCCOC3C3CCCC(C4CCCNC4)C3)CC2[NH+]2CCOCC2)nc1
fraggfn_6td3,greedy_oracle,172,172,204,1,-3.8727300000000007,c1cnc(C2CCC(C3CCCOC3C3CCCC(C4CCCNC4)C3)CC2)nc1,O=c1ncccn1C1CCC(C2CCC(c3ncccn3)CC2)C(C2CCCC(C3CCCNC3)C2)O1
fraggfn_6td3,greedy_oracle,173,173,205,1,-3.83089,c1cnc(C2CCC(C3CCCOC3C3CCCC(C4CCCNC4)C3)CC2)nc1,O=c1ccn(C2CCNCC2C2CCCC(C3OCCCC3C3CCC(c4ncccn4)CC3)C2)c(=O)[nH]1
fraggfn_6td3,greedy_oracle,174,174,206,1,-3.6756900000000012,c1cnc(C2CCC(C3CCCOC3C3CCCC(C4CCCNC4)C3)CC2)nc1,O=c1[nH]c(C2CC(C3CCCNC3)CC(C3OCCCC3C3CCC(c4ncccn4)CC3)C2)nc2[nH]cnc12
fraggfn_6td3,greedy_oracle,175,175,207,1,-3.6002399999999994,c1cnc(C2CCC(C3CCCOC3C3CCCC(C4CCCNC4)C3)CC2)nc1,c1cnc(C2CCC(C3CC(c4cccc5ccccc45)COC3C3CCCC(C4CCCNC4)C3)CC2)nc1
fraggfn_6td3,greedy_oracle,176,176,208,1,-3.3451199999999996,c1cnc(C2CCC(C3CCCOC3C3CCCC(C4CCCNC4)C3)CC2)nc1,c1cnc(C2CCC(C3CCCOC3C3CCC(c4c[nH]c5ccccc45)C(C4CCCNC4)C3)CC2)nc1
fraggfn_6td3,greedy_oracle,177,177,209,1,-3.1435900000000014,c1cnc(C2CCC(C3CCCOC3C3CCCC(C4CCCNC4)C3)CC2)nc1,O=c1[nH]cnc2c1NC(C1COC(C3CCCC(C4CCCNC4)C3)C(C3CCC(c4ncccn4)CC3)C1)CN2
fraggfn_6td3,greedy_oracle,178,178,210,1,-3.0402700000000005,c1cnc(C2CCC(C3CCCOC3C3CCCC(C4CCCNC4)C3)CC2)nc1,c1cnc(C2CCC(C3CCCOC3C3CCCC(C4CCCNC4)C3)C(n3cnc4cncnc43)C2)nc1
fraggfn_6td3,greedy_oracle,179,179,211,1,-2.9968799999999995,c1cnc(C2CCC(C3CCCOC3C3CCCC(C4CCCNC4)C3)CC2)nc1,O=c1nc2n(C3CCC(C4CCCNC4)CC3C3OCCCC3C3CCC(c4ncccn4)CC3)c3ccccc3nc-2c(=O)[nH]1
fraggfn_6td3,greedy_oracle,180,180,212,1,-2.9851599999999996,c1cnc(C2CCC(C3CCCOC3C3CCCC(C4CCCNC4)C3)CC2)nc1,c1cnc(C2CCC(C3CCCOC3C3CC(C4CCCNC4)CCC3c3ncnc4[nH]cnc34)CC2)nc1
fraggfn_6td3,greedy_oracle,181,181,213,1,-2.87491,c1cnc(C2CCC(C3CCCOC3C3CCCC(C4CCCNC4)C3)CC2)nc1,O=c1[nH]cnc2c1ncn2C1CCC(C2OCCCC2C2CCC(c3ncccn3)CC2)CC1C1CCCNC1
fraggfn_6td3,greedy_oracle,182,182,214,1,-2.5748099999999994,c1cnc(C2CCC(C3CCCOC3C3CCCC(C4CCCNC4)C3)CC2)nc1,c1cnc(C2CCC(C3CCCOC3C3CCCC(C4CCCN(c5ccc6ccccc6c5)C4)C3)CC2)nc1
fraggfn_6td3,greedy_oracle,183,183,219,5,-5.4091000000000005,c1ccc(C2CCCC(C3CC(c4cscn4)CC(N4CCCC4)C3)C2)nc1,O=c1[nH]cnc2c1ncn2-c1ccnc(C2CCCC(C3CC(c4cscn4)CC(N4CCCC4)C3)C2)c1
fraggfn_6td3,greedy_oracle,184,184,220,1,-5.078660000000001,c1ccc(C2CCCC(C3CC(c4cscn4)CC(N4CCCC4)C3)C2)nc1,c1ccc(C2CCCC(C3CC(N4CCCC4)CC(c4cscn4)C3C3CCOC3)C2)nc1
fraggfn_6td3,greedy_oracle,185,185,221,1,-5.058099999999999,c1ccc(C2CCCC(C3CC(c4cscn4)CC(N4CCCC4)C3)C2)nc1,c1ccc(C2CCCC(C3CC(c4csc(-c5ccncn5)n4)CC(N4CCCC4)C3)C2)nc1
fraggfn_6td3,greedy_oracle,186,186,222,1,-4.922210000000001,c1ccc(C2CCCC(C3CC(c4cscn4)CC(N4CCCC4)C3)C2)nc1,O=c1[nH]c(C2CCN(C3CC(c4cscn4)CC(C4CCCC(c5ccccn5)C4)C3)C2)nc2[nH]cnc12
fraggfn_6td3,greedy_oracle,187,187,223,1,-4.8431,c1ccc(C2CCCC(C3CC(c4cscn4)CC(N4CCCC4)C3)C2)nc1,c1ccc(C2CCCC(C3CC(c4cscn4)C(c4cccs4)C(N4CCCC4)C3)C2)nc1
fraggfn_6td3,greedy_oracle,188,188,224,1,-4.820220000000001,c1ccc(C2CCCC(C3CC(c4cscn4)CC(N4CCCC4)C3)C2)nc1,O=c1nc2[nH]c3cc(-c4cccnc4C4CCCC(C5CC(c6cscn6)CC(N6CCCC6)C5)C4)ccc3nc-2c(=O)[nH]1
fraggfn_6td3,greedy_oracle,189,189,225,1,-4.65707,c1ccc(C2CCCC(C3CC(c4cscn4)CC(N4CCCC4)C3)C2)nc1,c1ccc(C2CCCC(C3CC(c4cscn4)CC(N4CCCC4C4CCCCO4)C3)C2)nc1
fraggfn_6td3,greedy_oracle,190,190,226,1,-4.5241999999999996,c1ccc(C2CCCC(C3CC(c4cscn4)CC(N4CCCC4)C3)C2)nc1,c1ccc(C2CCCC(C3CC(c4cscn4)CC(N4CCCC4)C3c3cn[nH]c3)C2)nc1
fraggfn_6td3,greedy_oracle,191,191,227,1,-4.41346,c1ccc(C2CCCC(C3CC(c4cscn4)CC(N4CCCC4)C3)C2)nc1,c1cc(-c2ncnc3[nH]cnc23)nc(C2CCCC(C3CC(c4cscn4)CC(N4CCCC4)C3)C2)c1
fraggfn_6td3,greedy_oracle,192,192,228,1,-4.27805,c1ccc(C2CCCC(C3CC(c4cscn4)CC(N4CCCC4)C3)C2)nc1,O=c1nc2n(C3C(c4cscn4)CC(C4CCCC(c5ccccn5)C4)CC3N3CCCC3)c3ccccc3nc-2c(=O)[nH]1
fraggfn_6td3,greedy_oracle,193,193,229,1,-3.966449999999999,c1ccc(C2CCCC(C3CC(c4cscn4)CC(N4CCCC4)C3)C2)nc1,c1ccc(C2CCCC(C3CC(c4cscn4)CC(N4CCCC4)C3)C2C2CCOCC2)nc1
fraggfn_6td3,greedy_oracle,194,194,230,1,-3.75042,c1ccc(C2CCCC(C3CC(c4cscn4)CC(N4CCCC4)C3)C2)nc1,O=C(NO)c1ccc(C2CCCC(C3CC(c4cscn4)CC(N4CCCC4)C3)C2)nc1
fraggfn_6td3,greedy_oracle,195,195,231,1,-3.6253600000000006,c1ccc(C2CCCC(C3CC(c4cscn4)CC(N4CCCC4)C3)C2)nc1,O=c1nc2[nH]c3ccc(C4CCCN4C4CC(c5cscn5)CC(C5CCCC(c6ccccn6)C5)C4)cc3nc-2c(=O)[nH]1
fraggfn_6td3,greedy_oracle,196,196,232,1,-3.5902900000000004,c1ccc(C2CCCC(C3CC(c4cscn4)CC(N4CCCC4)C3)C2)nc1,c1ccc(C2CCC(c3cccc4ccccc34)C(C3CC(c4cscn4)CC(N4CCCC4)C3)C2)nc1
fraggfn_6td3,greedy_oracle,197,197,233,1,-3.4908899999999994,c1ccc(C2CCCC(C3CC(c4cscn4)CC(N4CCCC4)C3)C2)nc1,c1ccc(C2CC(c3ccncn3)CC(C3CC(c4cscn4)CC(N4CCCC4)C3)C2)nc1
fraggfn_6td3,greedy_oracle,198,198,234,1,-3.31339,c1ccc(C2CCCC(C3CC(c4cscn4)CC(N4CCCC4)C3)C2)nc1,O=c1nc2n(-c3nc(C4CC(C5CCCC(c6ccccn6)C5)CC(N5CCCC5)C4)cs3)c3ccccc3nc-2c(=O)[nH]1
fraggfn_6td3,greedy_oracle,199,199,235,1,-2.7099,c1ccc(C2CCCC(C3CC(c4cscn4)CC(N4CCCC4)C3)C2)nc1,O=c1[nH]c(C2CCC(C3CC(c4cscn4)CC(N4CCCC4)C3)CC2c2ccccn2)nc2c1NCCN2
fraggfn_6td3,greedy_oracle,200,200,236,1,-2.528689999999999,c1ccc(C2CCCC(C3CC(c4cscn4)CC(N4CCCC4)C3)C2)nc1,c1ccc(C2CCCC(C3CC(c4cscn4)CC(N4CCC(n5cnc6cncnc65)C4)C3)C2)nc1
fraggfn_6td3,greedy_oracle,201,201,237,1,-2.4766000000000004,c1ccc(C2CCCC(C3CC(c4cscn4)CC(N4CCCC4)C3)C2)nc1,c1cnc(C2CCCC(C3CC(c4cscn4)CC(N4CCCC4)C3)C2)c(-n2cnc3cncnc32)c1
fraggfn_6td3,greedy_oracle,202,202,242,5,-5.28601,O=C(NO)c1ccc(C2CCCCC2)c(C(=O)NC2CCCCC2)c1,CC=CC1CCC(NC(=O)c2cc(C(=O)NO)ccc2C2CCCCC2)CC1
fraggfn_6td3,greedy_oracle,203,203,243,1,-5.07631,O=C(NO)c1ccc(C2CCCCC2)c(C(=O)NC2CCCCC2)c1,O=C(NO)c1ccc(C2CCCCC2)c(C(=O)NC2CCCC(c3cccc4ccccc34)C2)c1
fraggfn_6td3,greedy_oracle,204,204,244,1,-4.697920000000001,O=C(NO)c1ccc(C2CCCCC2)c(C(=O)NC2CCCCC2)c1,O=C(NO)c1ccc(C2CCCCC2)c(C(=O)NC2CCCCC2n2cccnc2=O)c1
fraggfn_6td3,greedy_oracle,205,205,245,1,-4.513450000000001,O=C(NO)c1ccc(C2CCCCC2)c(C(=O)NC2CCCCC2)c1,O=C(NO)c1ccc(C2CCCCC2N2CCOCC2)c(C(=O)NC2CCCCC2)c1
fraggfn_6td3,greedy_oracle,206,206,246,1,-4.46965,O=C(NO)c1ccc(C2CCCCC2)c(C(=O)NC2CCCCC2)c1,O=C(NO)c1ccc(C2CCCC(c3ncccn3)C2)c(C(=O)NC2CCCCC2)c1
fraggfn_6td3,greedy_oracle,207,207,247,1,-4.4448099999999995,O=C(NO)c1ccc(C2CCCCC2)c(C(=O)NC2CCCCC2)c1,O=C(NO)c1ccc(C2CCCCC2c2ccc3[nH]c4nc(=O)[nH]c(=O)c-4nc3c2)c(C(=O)NC2CCCCC2)c1
fraggfn_6td3,greedy_oracle,208,208,248,1,-4.335339999999999,O=C(NO)c1ccc(C2CCCCC2)c(C(=O)NC2CCCCC2)c1,O=C(NO)c1ccc(C2CCCC(n3c4nc(=O)[nH]c(=O)c-4nc4ccccc43)C2)c(C(=O)NC2CCCCC2)c1
fraggfn_6td3,greedy_oracle,209,209,249,1,-4.01447,O=C(NO)c1ccc(C2CCCCC2)c(C(=O)NC2CCCCC2)c1,O=C(NO)c1ccc(C2CCCCC2)c(C(=O)NC2CCCCC2C2=CCCCC2)c1
fraggfn_6td3,greedy_oracle,210,210,250,1,-3.8555800000000007,O=C(NO)c1ccc(C2CCCCC2)c(C(=O)NC2CCCCC2)c1,O=C(NO)c1ccc(C2CCCCC2c2nc3c(c(=O)[nH]2)NCCN3)c(C(=O)NC2CCCCC2)c1
fraggfn_6td3,greedy_oracle,211,211,251,1,-3.7535800000000012,O=C(NO)c1ccc(C2CCCCC2)c(C(=O)NC2CCCCC2)c1,O=C(NO)c1ccc(C2CCC(c3c[nH]c4ccccc34)CC2)c(C(=O)NC2CCCCC2)c1
fraggfn_6td3,greedy_oracle,212,212,252,1,-3.54265,O=C(NO)c1ccc(C2CCCCC2)c(C(=O)NC2CCCCC2)c1,O=C(NC1CCCCC1)c1cc(C(=O)NO)c(-n2cnc3cncnc32)cc1C1CCCCC1
fraggfn_6td3,greedy_oracle,213,213,253,1,-3.4293299999999993,O=C(NO)c1ccc(C2CCCCC2)c(C(=O)NC2CCCCC2)c1,N#Cc1cc(C2CCCCC2)c(C(=O)NC2CCCCC2)cc1C(=O)NO
fraggfn_6td3,greedy_oracle,214,214,254,1,-3.0264299999999995,O=C(NO)c1ccc(C2CCCCC2)c(C(=O)NC2CCCCC2)c1,O=C(NO)c1cc(C(=O)NC2CCCCC2)c(C2CCCCC2)c(-c2ccc3nc4c(=O)[nH]c(=O)nc-4[nH]c3c2)c1
fraggfn_6td3,greedy_oracle,215,215,255,1,-2.9452499999999997,O=C(NO)c1ccc(C2CCCCC2)c(C(=O)NC2CCCCC2)c1,O=C(NO)c1ccc(C2CCCCC2)c(C(=O)NC2CCCC(n3cnc4cncnc43)C2)c1
fraggfn_6td3,greedy_oracle,216,216,256,1,-2.74876,O=C(NO)c1ccc(C2CCCCC2)c(C(=O)NC2CCCCC2)c1,O=C(NO)c1cc(C(=O)NC2CCCCC2)c(C2CCCCC2)cc1-c1nc2[nH]cnc2c(=O)[nH]1
fraggfn_6td3,greedy_oracle,217,217,257,1,-2.3783399999999997,O=C(NO)c1ccc(C2CCCCC2)c(C(=O)NC2CCCCC2)c1,O=C(NO)c1ccc(C2CCC(C3CNc4nc[nH]c(=O)c4N3)CC2)c(C(=O)NC2CCCCC2)c1
fraggfn_6td3,greedy_oracle,218,218,258,1,-2.0993199999999987,O=C(NO)c1ccc(C2CCCCC2)c(C(=O)NC2CCCCC2)c1,O=C(NO)c1ccc(C2CCCCC2)c(C(=O)NC2CCCCC2)c1-n1c2nc(=O)[nH]c(=O)c-2nc2ccccc21
fraggfn_6td3,greedy_oracle,219,219,259,1,-2.0265299999999993,O=C(NO)c1ccc(C2CCCCC2)c(C(=O)NC2CCCCC2)c1,O=C(NO)c1cc(C(=O)NC2CCCCC2)c(C2CCCCC2)c(-n2cccnc2=O)c1
fraggfn_6td3,greedy_oracle,220,220,264,5,-5.490989999999999,C1=C(C2CCC(C3CC(c4ccccc4C4CCCCC4)CO3)N2)CCCC1,C1=C(C2CCC(C3CC(c4c(-c5cc[nH]c5)cccc4C4CCCCC4)CO3)N2)CCCC1
fraggfn_6td3,greedy_oracle,221,221,265,1,-5.15834,C1=C(C2CCC(C3CC(c4ccccc4C4CCCCC4)CO3)N2)CCCC1,O=c1[nH]cc(C2C=C(C3CCC(C4CC(c5ccccc5C5CCCCC5)CO4)N3)CCC2)c(=O)[nH]1
fraggfn_6td3,greedy_oracle,222,222,266,1,-4.88068,C1=C(C2CCC(C3CC(c4ccccc4C4CCCCC4)CO3)N2)CCCC1,O=c1nc2[nH]c3ccc(C4CC=C(C5CCC(C6CC(c7ccccc7C7CCCCC7)CO6)N5)CC4)cc3nc-2c(=O)[nH]1
fraggfn_6td3,greedy_oracle,223,223,267,1,-4.67788,C1=C(C2CCC(C3CC(c4ccccc4C4CCCCC4)CO3)N2)CCCC1,C1=C(C2CC(c3ccc4ccccc4c3)C(C3CC(c4ccccc4C4CCCCC4)CO3)N2)CCCC1
fraggfn_6td3,greedy_oracle,224,224,268,1,-4.280410000000001,C1=C(C2CCC(C3CC(c4ccccc4C4CCCCC4)CO3)N2)CCCC1,C1=CC(C2CCCCC2c2ccccc2C2COC(C3CCC(C4=CCCCC4)N3)C2)CCC1
fraggfn_6td3,greedy_oracle,225,225,269,1,-4.111549999999999,C1=C(C2CCC(C3CC(c4ccccc4C4CCCCC4)CO3)N2)CCCC1,O=c1nc2n(-c3cccc(C4CCCCC4)c3C3COC(C4CCC(C5=CCCCC5)N4)C3)c3ccccc3nc-2c(=O)[nH]1
fraggfn_6td3,greedy_oracle,226,226,270,1,-4.03881,C1=C(C2CCC(C3CC(c4ccccc4C4CCCCC4)CO3)N2)CCCC1,C1=C(C2CCC(C3CC(c4ccccc4C4CCCCC4)C(c4ccncc4)O3)N2)CCCC1
fraggfn_6td3,greedy_oracle,227,227,271,1,-4.020899999999999,C1=C(C2CCC(C3CC(c4ccccc4C4CCCCC4)CO3)N2)CCCC1,C1=C(C2CCC(C3CC(c4cc(-c5cscn5)ccc4C4CCCCC4)CO3)N2)CCCC1
fraggfn_6td3,greedy_oracle,228,228,272,1,-3.8403,C1=C(C2CCC(C3CC(c4ccccc4C4CCCCC4)CO3)N2)CCCC1,O=c1[nH]cnc2c1NC(C1CC=C(C3CCC(C4CC(c5ccccc5C5CCCCC5)CO4)N3)CC1)CN2
fraggfn_6td3,greedy_oracle,229,229,273,1,-3.8376300000000008,C1=C(C2CCC(C3CC(c4ccccc4C4CCCCC4)CO3)N2)CCCC1,C1=C(C2CCC(C3OCC(c4ccccc4C4CCCCC4)C3c3ccc4ccccc4c3)N2)CCCC1
fraggfn_6td3,greedy_oracle,230,230,274,1,-3.5613100000000006,C1=C(C2CCC(C3CC(c4ccccc4C4CCCCC4)CO3)N2)CCCC1,O=c1nc2[nH]c3cc(N4C(C5=CCCCC5)CCC4C4CC(c5ccccc5C5CCCCC5)CO4)ccc3nc-2c(=O)[nH]1
fraggfn_6td3,greedy_oracle,231,231,275,1,-3.5561299999999996,C1=C(C2CCC(C3CC(c4ccccc4C4CCCCC4)CO3)N2)CCCC1,O=c1[nH]cnc2c1ncn2-c1cccc(C2COC(C3CCC(C4=CCCCC4)N3)C2)c1C1CCCCC1
fraggfn_6td3,greedy_oracle,232,232,276,1,-3.4186199999999998,C1=C(C2CCC(C3CC(c4ccccc4C4CCCCC4)CO3)N2)CCCC1,C1=C(C2CCC(C3CC(c4ccccc4C4CCCC(n5cccn5)C4)CO3)N2)CCCC1
fraggfn_6td3,greedy_oracle,233,233,277,1,-3.2981299999999996,C1=C(C2CCC(C3CC(c4ccccc4C4CCCCC4)CO3)N2)CCCC1,C1=C(C2CCC(C3CC(c4ccccc4C4CCCCC4)CO3)N2c2cccc3ccccc23)CCCC1
fraggfn_6td3,greedy_oracle,234,234,278,1,-2.9830700000000006,C1=C(C2CCC(C3CC(c4ccccc4C4CCCCC4)CO3)N2)CCCC1,O=c1[nH]cnc2c1NC(N1C(C3=CCCCC3)CCC1C1CC(c3ccccc3C3CCCCC3)CO1)CN2
fraggfn_6td3,greedy_oracle,235,235,279,1,-2.7465900000000003,C1=C(C2CCC(C3CC(c4ccccc4C4CCCCC4)CO3)N2)CCCC1,O=c1nc2n(N3C(C4=CCCCC4)CCC3C3CC(c4ccccc4C4CCCCC4)CO3)c3ccccc3nc-2c(=O)[nH]1
fraggfn_6td3,greedy_oracle,236,236,280,1,-2.2303499999999996,C1=C(C2CCC(C3CC(c4ccccc4C4CCCCC4)CO3)N2)CCCC1,O=c1[nH]cnc2c1ncn2C1CC(C2=CCCCC2)NC1C1CC(c2ccccc2C2CCCCC2)CO1
fraggfn_6td3,greedy_oracle,237,237,285,5,-5.76366,c1ccc(-c2nn(-c3ccncc3C3CCCO3)cc2C2CCCCC2)nc1,O=C(O)c1ccnc(-c2nn(-c3ccncc3C3CCCO3)cc2C2CCCCC2)c1
fraggfn_6td3,greedy_oracle,238,238,286,1,-5.316739999999999,c1ccc(-c2nn(-c3ccncc3C3CCCO3)cc2C2CCCCC2)nc1,O=CNCC1CCOC1c1cnccc1-n1cc(C2CCCCC2)c(-c2ccccn2)n1
fraggfn_6td3,greedy_oracle,239,239,287,1,-4.709319999999999,c1ccc(-c2nn(-c3ccncc3C3CCCO3)cc2C2CCCCC2)nc1,c1ccc(-c2nn(-c3ccncc3C3CCCO3)cc2C2CCCC(N3CCNCC3)C2)nc1
fraggfn_6td3,greedy_oracle,240,240,288,1,-4.70458,c1ccc(-c2nn(-c3ccncc3C3CCCO3)cc2C2CCCCC2)nc1,O=c1nc2[nH]c3cc(C4CCCCC4c4cn(-c5ccncc5C5CCCO5)nc4-c4ccccn4)ccc3nc-2c(=O)[nH]1
fraggfn_6td3,greedy_oracle,241,241,289,1,-4.68146,c1ccc(-c2nn(-c3ccncc3C3CCCO3)cc2C2CCCCC2)nc1,C1=CNC=C(c2cncc(C3CCCO3)c2-n2cc(C3CCCCC3)c(-c3ccccn3)n2)C1
fraggfn_6td3,greedy_oracle,242,242,290,1,-4.531420000000001,c1ccc(-c2nn(-c3ccncc3C3CCCO3)cc2C2CCCCC2)nc1,c1ccc(-c2nn(-c3ccnc(-c4cn[nH]c4)c3C3CCCO3)cc2C2CCCCC2)nc1
fraggfn_6td3,greedy_oracle,243,243,291,1,-4.44948,c1ccc(-c2nn(-c3ccncc3C3CCCO3)cc2C2CCCCC2)nc1,O=c1[nH]cnc2c1ncn2C1CCCCC1c1cn(-c2ccncc2C2CCCO2)nc1-c1ccccn1
fraggfn_6td3,greedy_oracle,244,244,292,1,-4.213889999999999,c1ccc(-c2nn(-c3ccncc3C3CCCO3)cc2C2CCCCC2)nc1,O=c1nc2n(-c3c(C4CCCCC4)c(-c4ccccn4)nn3-c3ccncc3C3CCCO3)c3ccccc3nc-2c(=O)[nH]1
fraggfn_6td3,greedy_oracle,245,245,293,1,-4.2013,c1ccc(-c2nn(-c3ccncc3C3CCCO3)cc2C2CCCCC2)nc1,c1ccc(-c2nn(-c3cc([NH+]4CCOCC4)ncc3C3CCCO3)cc2C2CCCCC2)nc1
fraggfn_6td3,greedy_oracle,246,246,294,1,-4.14203,c1ccc(-c2nn(-c3ccncc3C3CCCO3)cc2C2CCCCC2)nc1,C1=CCC(c2c(C3CCCCC3)c(-c3ccccn3)nn2-c2ccncc2C2CCCO2)CC1
fraggfn_6td3,greedy_oracle,247,247,295,1,-3.7730999999999995,c1ccc(-c2nn(-c3ccncc3C3CCCO3)cc2C2CCCCC2)nc1,O=c1[nH]cnc2c1NC(c1cccnc1-c1nn(-c3ccncc3C3CCCO3)cc1C1CCCCC1)CN2
fraggfn_6td3,greedy_oracle,248,248,296,1,-3.72014,c1ccc(-c2nn(-c3ccncc3C3CCCO3)cc2C2CCCCC2)nc1,O=c1ccn(C2CCC(c3cnccc3-n3cc(C4CCCCC4)c(-c4ccccn4)n3)O2)c(=O)[nH]1
fraggfn_6td3,greedy_oracle,249,249,297,1,-3.491410000000001,c1ccc(-c2nn(-c3ccncc3C3CCCO3)cc2C2CCCCC2)nc1,c1ccc(-c2nn(-c3ccncc3C3CC(c4ncnc5[nH]cnc45)CO3)cc2C2CCCCC2)nc1
fraggfn_6td3,greedy_oracle,250,250,298,1,-3.1788500000000006,c1ccc(-c2nn(-c3ccncc3C3CCCO3)cc2C2CCCCC2)nc1,O=c1nc2n(C3COC(c4cnccc4-n4cc(C5CCCCC5)c(-c5ccccn5)n4)C3)c3ccccc3nc-2c(=O)[nH]1
fraggfn_6td3,greedy_oracle,251,251,299,1,-2.4856999999999996,c1ccc(-c2nn(-c3ccncc3C3CCCO3)cc2C2CCCCC2)nc1,O=c1nc2[nH]c3ccc(-c4cccnc4-c4nn(-c5ccncc5C5CCCO5)cc4C4CCCCC4)cc3nc-2c(=O)[nH]1
fraggfn_6td3,greedy_oracle,252,252,300,1,-2.4596099999999996,c1ccc(-c2nn(-c3ccncc3C3CCCO3)cc2C2CCCCC2)nc1,c1cnc(-c2nn(-c3ccncc3C3CCCO3)cc2C2CCCCC2)c(-n2cnc3cncnc32)c1
fraggfn_6td3,greedy_oracle,253,253,305,5,-6.27925,C1=CCC(C2CCC(c3cccc(-c4ccc5ccccc5c4)c3)C(c3ccncc3)C2)CC1,CC(C)C1CC(c2cccc(-c3ccc4ccccc4c3)c2)C(c2ccncc2)CC1C1CC=CCC1
fraggfn_6td3,greedy_oracle,254,254,306,1,-5.480660000000001,C1=CCC(C2CCC(c3cccc(-c4ccc5ccccc5c4)c3)C(c3ccncc3)C2)CC1,O=c1nc2[nH]c3ccc(-c4cc(C5CC(C6CC=CCC6)CCC5c5cccc(-c6ccc7ccccc7c6)c5)ccn4)cc3nc-2c(=O)[nH]1
fraggfn_6td3,greedy_oracle,255,255,307,1,-4.916399999999999,C1=CCC(C2CCC(c3cccc(-c4ccc5ccccc5c4)c3)C(c3ccncc3)C2)CC1,C1=CCC(C2CCC(c3ccc(C4CCCCC4)c(-c4ccc5ccccc5c4)c3)C(c3ccncc3)C2)CC1
fraggfn_6td3,greedy_oracle,256,256,308,1,-4.869549999999999,C1=CCC(C2CCC(c3cccc(-c4ccc5ccccc5c4)c3)C(c3ccncc3)C2)CC1,O=c1[nH]cnc2c1ncn2C1CC(C2CC=CCC2)CC(c2ccncc2)C1c1cccc(-c2ccc3ccccc3c2)c1
fraggfn_6td3,greedy_oracle,257,257,309,1,-4.60258,C1=CCC(C2CCC(c3cccc(-c4ccc5ccccc5c4)c3)C(c3ccncc3)C2)CC1,C1=C(C2CCOCC2)CCC(C2CCC(c3cccc(-c4ccc5ccccc5c4)c3)C(c3ccncc3)C2)C1
fraggfn_6td3,greedy_oracle,258,258,310,1,-4.49387,C1=CCC(C2CCC(c3cccc(-c4ccc5ccccc5c4)c3)C(c3ccncc3)C2)CC1,C1=CCC(C2CCC(c3cccc(-c4ccc5ccccc5c4)c3)C(c3ccncc3-c3cc[nH]c3)C2)CC1
fraggfn_6td3,greedy_oracle,259,259,311,1,-4.48649,C1=CCC(C2CCC(c3cccc(-c4ccc5ccccc5c4)c3)C(c3ccncc3)C2)CC1,O=c1ncccn1-c1cc(-c2ccc3ccccc3c2)cc(C2CCC(C3CC=CCC3)CC2c2ccncc2)c1
fraggfn_6td3,greedy_oracle,260,260,312,1,-4.41901,C1=CCC(C2CCC(c3cccc(-c4ccc5ccccc5c4)c3)C(c3ccncc3)C2)CC1,O=c1nc2[nH]c3cc(-c4c(-c5ccc6ccccc6c5)cccc4C4CCC(C5CC=CCC5)CC4c4ccncc4)ccc3nc-2c(=O)[nH]1
fraggfn_6td3,greedy_oracle,261,261,313,1,-4.143180000000001,C1=CCC(C2CCC(c3cccc(-c4ccc5ccccc5c4)c3)C(c3ccncc3)C2)CC1,C1=CCC(C2CCC(c3cccc(-c4cc(C5CCCO5)c5ccccc5c4)c3)C(c3ccncc3)C2)CC1
fraggfn_6td3,greedy_oracle,262,262,314,1,-4.09622,C1=CCC(C2CCC(c3cccc(-c4ccc5ccccc5c4)c3)C(c3ccncc3)C2)CC1,O=c1[nH]c(C2C=CCCC2C2CCC(c3cccc(-c4ccc5ccccc5c4)c3)C(c3ccncc3)C2)nc2[nH]cnc12
fraggfn_6td3,greedy_oracle,263,263,315,1,-3.7638500000000006,C1=CCC(C2CCC(c3cccc(-c4ccc5ccccc5c4)c3)C(c3ccncc3)C2)CC1,C1=CCC(C2CCC(c3cc(-c4ccc5ccccc5c4)ccc3-c3c[nH]c4ccccc34)C(c3ccncc3)C2)CC1
fraggfn_6td3,greedy_oracle,264,264,316,1,-3.4539999999999997,C1=CCC(C2CCC(c3cccc(-c4ccc5ccccc5c4)c3)C(c3ccncc3)C2)CC1,O=c1ccn(C2C(C3CC=CCC3)CCC(c3cccc(-c4ccc5ccccc5c4)c3)C2c2ccncc2)c(=O)[nH]1
fraggfn_6td3,greedy_oracle,265,265,317,1,-3.31668,C1=CCC(C2CCC(c3cccc(-c4ccc5ccccc5c4)c3)C(c3ccncc3)C2)CC1,O=c1[nH]cnc2c1NC(c1c(-c3ccc4ccccc4c3)cccc1C1CCC(C3CC=CCC3)CC1c1ccncc1)CN2
fraggfn_6td3,greedy_oracle,266,266,318,1,-2.6167,C1=CCC(C2CCC(c3cccc(-c4ccc5ccccc5c4)c3)C(c3ccncc3)C2)CC1,C1=CCC(C2CCC(c3cccc(-c4ccc5ccccc5c4)c3-n3cnc4cncnc43)C(c3ccncc3)C2)CC1
fraggfn_6td3,greedy_oracle,267,267,323,5,-5.959980000000001,C1=C(C2CCCCO2)CCCC1C1CC(C2CCCCC2)C([n+]2ccccc2)N1,C1=C(C2CCCCO2)CCCC1C1CC(C2CCCCC2)C([n+]2ccccc2)N1N1CCOCC1
fraggfn_6td3,greedy_oracle,268,268,324,1,-5.83662,C1=C(C2CCCCO2)CCCC1C1CC(C2CCCCC2)C([n+]2ccccc2)N1,C1=C(C2CCCC(c3ccc4ccccc4c3)O2)CCCC1C1CC(C2CCCCC2)C([n+]2ccccc2)N1
fraggfn_6td3,greedy_oracle,269,269,325,1,-5.58084,C1=C(C2CCCCO2)CCCC1C1CC(C2CCCCC2)C([n+]2ccccc2)N1,C1=C(C2CCCCO2)CCCC1C1CC(C2CCCCC2)C([n+]2cccc(-c3c[nH]c4ccccc34)c2)N1
fraggfn_6td3,greedy_oracle,270,270,326,1,-5.311640000000001,C1=C(C2CCCCO2)CCCC1C1CC(C2CCCCC2)C([n+]2ccccc2)N1,CC1CCCCC1C1CC(C2C=C(C3CCCCO3)CCC2)NC1[n+]1ccccc1
fraggfn_6td3,greedy_oracle,271,271,327,1,-5.1885900000000005,C1=C(C2CCCCO2)CCCC1C1CC(C2CCCCC2)C([n+]2ccccc2)N1,O=c1nc2n(-c3ccc[n+](C4NC(C5C=C(C6CCCCO6)CCC5)CC4C4CCCCC4)c3)c3ccccc3nc-2c(=O)[nH]1
fraggfn_6td3,greedy_oracle,272,272,328,1,-5.14386,C1=C(C2CCCCO2)CCCC1C1CC(C2CCCCC2)C([n+]2ccccc2)N1,O=c1nc2[nH]c3cc(C4CCCOC4C4=CC(C5CC(C6CCCCC6)C([n+]6ccccc6)N5)CCC4)ccc3nc-2c(=O)[nH]1
fraggfn_6td3,greedy_oracle,273,273,329,1,-4.772870000000001,C1=C(C2CCCCO2)CCCC1C1CC(C2CCCCC2)C([n+]2ccccc2)N1,O=c1[nH]c(C2CCC(C3CC(C4C=C(C5CCCCO5)CCC4)NC3[n+]3ccccc3)CC2)nc2[nH]cnc12
fraggfn_6td3,greedy_oracle,274,274,330,1,-4.63448,C1=C(C2CCCCO2)CCCC1C1CC(C2CCCCC2)C([n+]2ccccc2)N1,O=c1[nH]c(C2CCOC(C3=CC(C4CC(C5CCCCC5)C([n+]5ccccc5)N4)CCC3)C2)nc2c1NCCN2
fraggfn_6td3,greedy_oracle,275,275,331,1,-4.29575,C1=C(C2CCCCO2)CCCC1C1CC(C2CCCCC2)C([n+]2ccccc2)N1,C1=C(C2CCCCO2)CCC(C2CCCCO2)C1C1CC(C2CCCCC2)C([n+]2ccccc2)N1
fraggfn_6td3,greedy_oracle,276,276,332,1,-4.271050000000001,C1=C(C2CCCCO2)CCCC1C1CC(C2CCCCC2)C([n+]2ccccc2)N1,O=c1[nH]c(N2C(C3C=C(C4CCCCO4)CCC3)CC(C3CCCCC3)C2[n+]2ccccc2)nc2c1NCCN2
fraggfn_6td3,greedy_oracle,277,277,333,1,-4.02462,C1=C(C2CCCCO2)CCCC1C1CC(C2CCCCC2)C([n+]2ccccc2)N1,O=c1ccn(C2CCC(C3=CC(C4CC(C5CCCCC5)C([n+]5ccccc5)N4)CCC3)OC2)c(=O)[nH]1
fraggfn_6td3,greedy_oracle,278,278,334,1,-3.52571,C1=C(C2CCCCO2)CCCC1C1CC(C2CCCCC2)C([n+]2ccccc2)N1,C1=C(C2OCCCC2C2CCCOC2)CCCC1C1CC(C2CCCCC2)C([n+]2ccccc2)N1
fraggfn_6td3,greedy_oracle,279,279,335,1,-3.45406,C1=C(C2CCCCO2)CCCC1C1CC(C2CCCCC2)C([n+]2ccccc2)N1,C1=C(C2CC(n3cnc4cncnc43)CCO2)CCCC1C1CC(C2CCCCC2)C([n+]2ccccc2)N1
fraggfn_6td3,greedy_oracle,280,280,336,1,-3.1768300000000007,C1=C(C2CCCCO2)CCCC1C1CC(C2CCCCC2)C([n+]2ccccc2)N1,O=c1[nH]cnc2c1NC(N1C(C3C=C(C4CCCCO4)CCC3)CC(C3CCCCC3)C1[n+]1ccccc1)CN2
fraggfn_6td3,greedy_oracle,281,281,341,5,-6.36665,C1=CC(c2nccc(-c3cc(-c4ccccc4)ncn3)n2)C(C2CCCCC2)CC1,O=c1nc2[nH]c3ccc(-c4cc(-c5cc(-c6ccccc6)ncn5)nc(C5C=CCCC5C5CCCCC5)n4)cc3nc-2c(=O)[nH]1
fraggfn_6td3,greedy_oracle,282,282,342,1,-6.132700000000001,C1=CC(c2nccc(-c3cc(-c4ccccc4)ncn3)n2)C(C2CCCCC2)CC1,CC(=O)Nc1cnc(C2C=CCCC2C2CCCCC2)nc1-c1cc(-c2ccccc2)ncn1
fraggfn_6td3,greedy_oracle,283,283,343,1,-5.80676,C1=CC(c2nccc(-c3cc(-c4ccccc4)ncn3)n2)C(C2CCCCC2)CC1,C1=CC(c2nccc(-c3cc(-c4ccccc4)ncn3)n2)C(C2CCCC(c3ccc[nH+]c3)C2)CC1
fraggfn_6td3,greedy_oracle,284,284,344,1,-5.38585,C1=CC(c2nccc(-c3cc(-c4ccccc4)ncn3)n2)C(C2CCCCC2)CC1,C1=CC(c2nccc(-c3cc(-c4ccc(C5CCCN5)cc4)ncn3)n2)C(C2CCCCC2)CC1
fraggfn_6td3,greedy_oracle,285,285,345,1,-5.34506,C1=CC(c2nccc(-c3cc(-c4ccccc4)ncn3)n2)C(C2CCCCC2)CC1,C1=C(C2CCCCO2)CCC(C2CCCCC2)C1c1nccc(-c2cc(-c3ccccc3)ncn2)n1
fraggfn_6td3,greedy_oracle,286,286,346,1,-4.60068,C1=CC(c2nccc(-c3cc(-c4ccccc4)ncn3)n2)C(C2CCCCC2)CC1,C1=CC(c2nccc(-c3cc(-c4ccccc4)ncn3)n2)C(C2CCCCC2c2ccncn2)CC1
fraggfn_6td3,greedy_oracle,287,287,347,1,-4.447520000000001,C1=CC(c2nccc(-c3cc(-c4ccccc4)ncn3)n2)C(C2CCCCC2)CC1,O=c1nc2n(-c3cccc(-c4cc(-c5ccnc(C6C=CCCC6C6CCCCC6)n5)ncn4)c3)c3ccccc3nc-2c(=O)[nH]1
fraggfn_6td3,greedy_oracle,288,288,348,1,-4.2904800000000005,C1=CC(c2nccc(-c3cc(-c4ccccc4)ncn3)n2)C(C2CCCCC2)CC1,O=c1[nH]c(-c2nc(-c3ccccc3)cc(-c3ccnc(C4C=CCCC4C4CCCCC4)n3)n2)nc2c1NCCN2
fraggfn_6td3,greedy_oracle,289,289,349,1,-4.13028,C1=CC(c2nccc(-c3cc(-c4ccccc4)ncn3)n2)C(C2CCCCC2)CC1,C1=CC(c2nccc(-c3ncnc(-c4ccccc4)c3-c3cccc4ccccc34)n2)C(C2CCCCC2)CC1
fraggfn_6td3,greedy_oracle,290,290,350,1,-4.03544,C1=CC(c2nccc(-c3cc(-c4ccccc4)ncn3)n2)C(C2CCCCC2)CC1,O=c1[nH]cnc2c1NC(c1c(-c3ccccc3)ncnc1-c1ccnc(C3C=CCCC3C3CCCCC3)n1)CN2
fraggfn_6td3,greedy_oracle,291,291,351,1,-4.01651,C1=CC(c2nccc(-c3cc(-c4ccccc4)ncn3)n2)C(C2CCCCC2)CC1,O=c1ccn(-c2ccccc2-c2cc(-c3ccnc(C4C=CCCC4C4CCCCC4)n3)ncn2)c(=O)[nH]1
fraggfn_6td3,greedy_oracle,292,292,352,1,-4.005739999999999,C1=CC(c2nccc(-c3cc(-c4ccccc4)ncn3)n2)C(C2CCCCC2)CC1,O=c1[nH]cnc2c1ncn2C1CCC(C2CCC=CC2c2nccc(-c3cc(-c4ccccc4)ncn3)n2)CC1
fraggfn_6td3,greedy_oracle,293,293,353,1,-3.32052,C1=CC(c2nccc(-c3cc(-c4ccccc4)ncn3)n2)C(C2CCCCC2)CC1,C1=CC(c2nc(-c3cc(-c4ccccc4)ncn3)cc(-n3cccn3)n2)C(C2CCCCC2)CC1
fraggfn_6td3,greedy_oracle,294,294,354,1,-2.969899999999999,C1=CC(c2nccc(-c3cc(-c4ccccc4)ncn3)n2)C(C2CCCCC2)CC1,C1=CC(c2nccc(-c3cc(-c4ccccc4)nc(-n4cnc5cncnc54)n3)n2)C(C2CCCCC2)CC1
fraggfn_6td3,greedy_oracle,295,295,359,5,-5.46909,O=C([O-])c1ccccc1-c1cccc(-c2cn[nH]c2-c2cccc3ccccc23)c1,O=C([O-])c1ccc(Br)cc1-c1cccc(-c2cn[nH]c2-c2cccc3ccccc23)c1
fraggfn_6td3,greedy_oracle,296,296,360,1,-5.115599999999999,O=C([O-])c1ccccc1-c1cccc(-c2cn[nH]c2-c2cccc3ccccc23)c1,O=C([O-])c1ccccc1-c1cccc(-c2cn[nH]c2-c2cc(Cl)cc3ccccc23)c1
fraggfn_6td3,greedy_oracle,297,297,361,1,-4.88772,O=C([O-])c1ccccc1-c1cccc(-c2cn[nH]c2-c2cccc3ccccc23)c1,O=C([O-])c1ccccc1-c1cc(-c2nc3c(c(=O)[nH]2)NCCN3)cc(-c2cn[nH]c2-c2cccc3ccccc23)c1
fraggfn_6td3,greedy_oracle,298,298,362,1,-4.311979999999999,O=C([O-])c1ccccc1-c1cccc(-c2cn[nH]c2-c2cccc3ccccc23)c1,O=C([O-])c1ccccc1-c1cccc(-c2cn[nH]c2-c2cccc3ccccc23)c1-c1ccc2nc3c(=O)[nH]c(=O)nc-3[nH]c2c1
fraggfn_6td3,greedy_oracle,299,299,363,1,-4.169450000000001,O=C([O-])c1ccccc1-c1cccc(-c2cn[nH]c2-c2cccc3ccccc23)c1,O=C([O-])c1ccccc1-c1ccc(C2C=CCCC2)c(-c2cn[nH]c2-c2cccc3ccccc23)c1
fraggfn_6td3,greedy_oracle,300,300,364,1,-4.15458,O=C([O-])c1ccccc1-c1cccc(-c2cn[nH]c2-c2cccc3ccccc23)c1,O=C([O-])c1ccccc1-c1cccc(-c2cnn(-c3c[nH]c4ccccc34)c2-c2cccc3ccccc23)c1
fraggfn_6td3,greedy_oracle_static,1,1,5,5,-7.041189999999999,O=c1nc2[nH]c3ccc(C4CCC(C5CCCO5)C(c5nc6[nH]cnc6c(=O)[nH]5)C4C4CCCCO4)cc3nc-2c(=O)[nH]1,NC(=O)C1CC(c2ccc3[nH]c4nc(=O)[nH]c(=O)c-4nc3c2)C(C2CCCCO2)C(c2nc3[nH]cnc3c(=O)[nH]2)C1C1CCCO1
fraggfn_6td3,greedy_oracle_static,2,2,6,1,-5.97138,O=c1nc2[nH]c3ccc(C4CCC(C5CCCO5)C(c5nc6[nH]cnc6c(=O)[nH]5)C4C4CCCCO4)cc3nc-2c(=O)[nH]1,Nn1c2nc(=O)[nH]c(=O)c-2nc2cc(C3CCC(C4CCCO4)C(c4nc5[nH]cnc5c(=O)[nH]4)C3C3CCCCO3)ccc21
fraggfn_6td3,greedy_oracle_static,3,3,7,1,-4.840590000000001,O=c1nc2[nH]c3ccc(C4CCC(C5CCCO5)C(c5nc6[nH]cnc6c(=O)[nH]5)C4C4CCCCO4)cc3nc-2c(=O)[nH]1,O=c1nc2[nH]c3ccc(C4CCC(C5CCCO5)C(c5nc6c(ncn6-n6cccnc6=O)c(=O)[nH]5)C4C4CCCCO4)cc3nc-2c(=O)[nH]1
fraggfn_6td3,greedy_oracle_static,4,4,8,1,-3.4767199999999994,O=c1nc2[nH]c3ccc(C4CCC(C5CCCO5)C(c5nc6[nH]cnc6c(=O)[nH]5)C4C4CCCCO4)cc3nc-2c(=O)[nH]1,O=c1nc2[nH]c3cc(-c4nc5c(c(=O)[nH]4)NCCN5)c(C4CCC(C5CCCO5)C(c5nc6[nH]cnc6c(=O)[nH]5)C4C4CCCCO4)cc3nc-2c(=O)[nH]1
fraggfn_6td3,greedy_oracle_static,5,5,9,1,-2.31302,O=c1nc2[nH]c3ccc(C4CCC(C5CCCO5)C(c5nc6[nH]cnc6c(=O)[nH]5)C4C4CCCCO4)cc3nc-2c(=O)[nH]1,O=c1nc2[nH]c3ccc(C4CCC(C5CCCO5)C(c5nc6[nH]cnc6c(=O)[nH]5)C4C4OCCCC4C4CNc5nc[nH]c(=O)c5N4)cc3nc-2c(=O)[nH]1
fraggfn_6td3,greedy_oracle_static,6,6,14,5,-6.35503,O=c1nc2n(-c3cncnc3-c3cccc(-c4ccc(C5CCCC5)cc4)c3)c3ccccc3nc-2c(=O)[nH]1,O=C([O-])c1ccc(-c2ncncc2-n2c3nc(=O)[nH]c(=O)c-3nc3ccccc32)cc1-c1ccc(C2CCCC2)cc1
fraggfn_6td3,greedy_oracle_static,7,7,15,1,-6.05947,O=c1nc2n(-c3cncnc3-c3cccc(-c4ccc(C5CCCC5)cc4)c3)c3ccccc3nc-2c(=O)[nH]1,O=c1nc2n(-c3c(-c4cccc(-c5ccc(C6CCCC6)cc5)c4)ncnc3[NH+]3CCOCC3)c3ccccc3nc-2c(=O)[nH]1
fraggfn_6td3,greedy_oracle_static,8,8,16,1,-5.36381,O=c1nc2n(-c3cncnc3-c3cccc(-c4ccc(C5CCCC5)cc4)c3)c3ccccc3nc-2c(=O)[nH]1,O=c1nc2[nH]c3ccc(-c4ncc(-n5c6nc(=O)[nH]c(=O)c-6nc6ccccc65)c(-c5cccc(-c6ccc(C7CCCC7)cc6)c5)n4)cc3nc-2c(=O)[nH]1
fraggfn_6td3,greedy_oracle_static,9,9,17,1,-3.0613199999999994,O=c1nc2n(-c3cncnc3-c3cccc(-c4ccc(C5CCCC5)cc4)c3)c3ccccc3nc-2c(=O)[nH]1,O=c1nc2n(-c3cncnc3-c3cccc(-c4ccc(C5CCCC5)cc4)c3)c3ccc(C4=CNC=CC4)cc3nc-2c(=O)[nH]1
fraggfn_6td3,greedy_oracle_static,10,10,18,1,-2.32592,O=c1nc2n(-c3cncnc3-c3cccc(-c4ccc(C5CCCC5)cc4)c3)c3ccccc3nc-2c(=O)[nH]1,O=c1nc2n(-c3cncnc3-c3cccc(-c4ccc(C5CCCC5)c(C5CNc6nc[nH]c(=O)c6N5)c4)c3)c3ccccc3nc-2c(=O)[nH]1
fraggfn_6td3,greedy_oracle_static,11,11,23,5,-6.68389,O=c1nc2n(-c3cccc(C4CC(C5CCCCO5)C(C5CCCN5)O4)n3)c3ccccc3nc-2c(=O)[nH]1,O=c1nc2n(-c3cccc(C4CC(C5CC(c6ccc[nH]6)CCO5)C(C5CCCN5)O4)n3)c3ccccc3nc-2c(=O)[nH]1
fraggfn_6td3,greedy_oracle_static,12,12,24,1,-6.16501,O=c1nc2n(-c3cccc(C4CC(C5CCCCO5)C(C5CCCN5)O4)n3)c3ccccc3nc-2c(=O)[nH]1,O=c1nc2n(-c3cccc(C4OC(C5CCCN5)C(C5CCCCO5)C4c4c[nH]c5ccccc45)n3)c3ccccc3nc-2c(=O)[nH]1
fraggfn_6td3,greedy_oracle_static,13,13,25,1,-5.953439999999999,O=c1nc2n(-c3cccc(C4CC(C5CCCCO5)C(C5CCCN5)O4)n3)c3ccccc3nc-2c(=O)[nH]1,O=c1nc2n(-c3cccc(C4CC(C5CCCCO5)C(C5CCCN5c5nc6c(c(=O)[nH]5)NCCN6)O4)n3)c3ccccc3nc-2c(=O)[nH]1
fraggfn_6td3,greedy_oracle_static,14,14,26,1,-4.76405,O=c1nc2n(-c3cccc(C4CC(C5CCCCO5)C(C5CCCN5)O4)n3)c3ccccc3nc-2c(=O)[nH]1,O=c1nc2n(-c3cc(C4CNc5nc[nH]c(=O)c5N4)cc(C4CC(C5CCCCO5)C(C5CCCN5)O4)n3)c3ccccc3nc-2c(=O)[nH]1
fraggfn_6td3,greedy_oracle_static,15,15,27,1,-3.4272599999999995,O=c1nc2n(-c3cccc(C4CC(C5CCCCO5)C(C5CCCN5)O4)n3)c3ccccc3nc-2c(=O)[nH]1,O=c1nc2[nH]c3ccc(-c4ccc(-n5c6nc(=O)[nH]c(=O)c-6nc6ccccc65)nc4C4CC(C5CCCCO5)C(C5CCCN5)O4)cc3nc-2c(=O)[nH]1
fraggfn_6td3,greedy_oracle_static,16,16,32,5,-6.18567,O=C(NN1C(c2ccncn2)CCC1n1c2nc(=O)[nH]c(=O)c-2nc2ccccc21)c1ccccn1,O=C(NN1C(c2ccncn2)CCC1n1c2nc(=O)[nH]c(=O)c-2nc2ccccc21)c1ncccc1-c1ccc2nc3c(=O)[nH]c(=O)nc-3[nH]c2c1
fraggfn_6td3,greedy_oracle_static,17,17,33,1,-4.736940000000001,O=C(NN1C(c2ccncn2)CCC1n1c2nc(=O)[nH]c(=O)c-2nc2ccccc21)c1ccccn1,O=C(NN1C(c2ccnc(-c3cc[nH]c(=O)n3)n2)CCC1n1c2nc(=O)[nH]c(=O)c-2nc2ccccc21)c1ccccn1
fraggfn_6td3,greedy_oracle_static,18,18,34,1,-4.21312,O=C(NN1C(c2ccncn2)CCC1n1c2nc(=O)[nH]c(=O)c-2nc2ccccc21)c1ccccn1,O=C(NN1C(c2ccncn2)CCC1n1c2nc(=O)[nH]c(=O)c-2nc2ccc(-c3nccs3)cc21)c1ccccn1
fraggfn_6td3,greedy_oracle_static,19,19,35,1,-4.0932200000000005,O=C(NN1C(c2ccncn2)CCC1n1c2nc(=O)[nH]c(=O)c-2nc2ccccc21)c1ccccn1,O=C(NN1C(c2ccncn2)C(n2cnc3cncnc32)CC1n1c2nc(=O)[nH]c(=O)c-2nc2ccccc21)c1ccccn1
fraggfn_6td3,greedy_oracle_static,20,20,36,1,-2.2913200000000007,O=C(NN1C(c2ccncn2)CCC1n1c2nc(=O)[nH]c(=O)c-2nc2ccccc21)c1ccccn1,O=C(NN1C(c2ccncn2)CCC1n1c2nc(=O)[nH]c(=O)c-2nc2ccccc21)c1cc(C2CNc3nc[nH]c(=O)c3N2)ccn1
fraggfn_6td3,greedy_oracle_static,21,21,41,5,-5.67278,C1=C(C2CNC(c3cccc(C4CCCCC4)n3)C2)CCCC1c1cccc2ccccc12,C1=C(C2CNC(c3cccc(C4CCCCC4)n3)C2)CCCC1c1cc(-n2cnc3cncnc32)cc2ccccc12
fraggfn_6td3,greedy_oracle_static,22,22,42,1,-5.614209999999999,C1=C(C2CNC(c3cccc(C4CCCCC4)n3)C2)CCCC1c1cccc2ccccc12,C1=C(C2CC(c3cccc(C4CCCCC4)n3)N(N3CCOCC3)C2)CCCC1c1cccc2ccccc12
fraggfn_6td3,greedy_oracle_static,23,23,43,1,-5.399290000000001,C1=C(C2CNC(c3cccc(C4CCCCC4)n3)C2)CCCC1c1cccc2ccccc12,C1=C(C2CNC(c3cccc(C4CCCCC4C4CCNC4)n3)C2)CCCC1c1cccc2ccccc12
fraggfn_6td3,greedy_oracle_static,24,24,44,1,-5.0926100000000005,C1=C(C2CNC(c3cccc(C4CCCCC4)n3)C2)CCCC1c1cccc2ccccc12,O=c1ncccn1-c1ccc(C2CCCCC2)nc1C1CC(C2=CC(c3cccc4ccccc34)CCC2)CN1
fraggfn_6td3,greedy_oracle_static,25,25,45,1,-4.65817,C1=C(C2CNC(c3cccc(C4CCCCC4)n3)C2)CCCC1c1cccc2ccccc12,O=c1[nH]c(-c2ccc(C3CC(C4=CC(c5cccc6ccccc56)CCC4)CN3)nc2C2CCCCC2)nc2[nH]cnc12
fraggfn_6td3,greedy_oracle_static,26,26,46,1,-4.63053,C1=C(C2CNC(c3cccc(C4CCCCC4)n3)C2)CCCC1c1cccc2ccccc12,O=c1nc2[nH]c3cc(C4CCCC(c5cccc(C6CC(C7=CC(c8cccc9ccccc89)CCC7)CN6)n5)C4)ccc3nc-2c(=O)[nH]1
fraggfn_6td3,greedy_oracle_static,27,27,47,1,-4.497129999999999,C1=C(C2CNC(c3cccc(C4CCCCC4)n3)C2)CCCC1c1cccc2ccccc12,C1=C(C2CNC(c3cccc(C4CCCCC4)n3)C2)CCC(c2ncnc3[nH]cnc23)C1c1cccc2ccccc12
fraggfn_6td3,greedy_oracle_static,28,28,48,1,-4.195430000000001,C1=C(C2CNC(c3cccc(C4CCCCC4)n3)C2)CCCC1c1cccc2ccccc12,O=[PH](O)C1NC(c2cccc(C3CCCCC3)n2)CC1C1=CC(c2cccc3ccccc23)CCC1
fraggfn_6td3,greedy_oracle_static,29,29,49,1,-3.84197,C1=C(C2CNC(c3cccc(C4CCCCC4)n3)C2)CCCC1c1cccc2ccccc12,O=c1[nH]c(-c2cc(C3CCCCC3)nc(C3CC(C4=CC(c5cccc6ccccc56)CCC4)CN3)c2)nc2c1NCCN2
fraggfn_6td3,greedy_oracle_static,30,30,50,1,-2.6008700000000005,C1=C(C2CNC(c3cccc(C4CCCCC4)n3)C2)CCCC1c1cccc2ccccc12,O=c1nc2n(C3CCC(C4CNC(c5cccc(C6CCCCC6)n5)C4)=CC3c3cccc4ccccc34)c3ccccc3nc-2c(=O)[nH]1
fraggfn_6td3,greedy_oracle_static,31,31,55,5,-5.220300000000001,c1cc(-c2cscn2)cc(-c2cc(C3CCC(c4ccn[nH]4)OC3)cc3ccccc23)c1,O=c1nc2n(-c3cn[nH]c3C3CCC(c4cc(-c5cccc(-c6cscn6)c5)c5ccccc5c4)CO3)c3ccccc3nc-2c(=O)[nH]1
fraggfn_6td3,greedy_oracle_static,32,32,56,1,-5.109449999999999,c1cc(-c2cscn2)cc(-c2cc(C3CCC(c4ccn[nH]4)OC3)cc3ccccc23)c1,c1cc(-c2cscn2)cc(-c2cc(C3COC(c4ccn[nH]4)C(c4ccncn4)C3)cc3ccccc23)c1
fraggfn_6td3,greedy_oracle_static,33,33,57,1,-4.825830000000001,c1cc(-c2cscn2)cc(-c2cc(C3CCC(c4ccn[nH]4)OC3)cc3ccccc23)c1,c1cc(-c2cscn2)cc(-c2cc(C3CCC(c4cc(-c5ccc[nH]5)n[nH]4)OC3)cc3ccccc23)c1
fraggfn_6td3,greedy_oracle_static,34,34,58,1,-4.407739999999999,c1cc(-c2cscn2)cc(-c2cc(C3CCC(c4ccn[nH]4)OC3)cc3ccccc23)c1,O=c1nc2[nH]c3cc(C4CC(c5ccn[nH]5)OCC4c4cc(-c5cccc(-c6cscn6)c5)c5ccccc5c4)ccc3nc-2c(=O)[nH]1
fraggfn_6td3,greedy_oracle_static,35,35,59,1,-4.261080000000001,c1cc(-c2cscn2)cc(-c2cc(C3CCC(c4ccn[nH]4)OC3)cc3ccccc23)c1,c1ccc2c(-c3ccc(-c4ccncc4)c(-c4cscn4)c3)cc(C3CCC(c4ccn[nH]4)OC3)cc2c1
fraggfn_6td3,greedy_oracle_static,36,36,60,1,-3.341269999999999,c1cc(-c2cscn2)cc(-c2cc(C3CCC(c4ccn[nH]4)OC3)cc3ccccc23)c1,O=c1[nH]cnc2c1ncn2C1OC(c2ccn[nH]2)CCC1c1cc(-c2cccc(-c3cscn3)c2)c2ccccc2c1
fraggfn_6td3,greedy_oracle_static,37,37,61,1,-3.31065,c1cc(-c2cscn2)cc(-c2cc(C3CCC(c4ccn[nH]4)OC3)cc3ccccc23)c1,O=c1nc2[nH]c3ccc(-c4nc(-c5cccc(-c6cc(C7CCC(c8ccn[nH]8)OC7)cc7ccccc67)c5)cs4)cc3nc-2c(=O)[nH]1
fraggfn_6td3,greedy_oracle_static,38,38,62,1,-3.1856299999999997,c1cc(-c2cscn2)cc(-c2cc(C3CCC(c4ccn[nH]4)OC3)cc3ccccc23)c1,O=c1[nH]cnc2c1NC(c1c(-c3cscn3)cccc1-c1cc(C3CCC(c4ccn[nH]4)OC3)cc3ccccc13)CN2
fraggfn_6td3,greedy_oracle_static,39,39,67,5,-5.84977,O=c1[nH]c(-c2cc(-c3ccccc3-c3cncnc3-c3ccccc3)cc3ccccc23)nc2[nH]cnc12,O=c1[nH]c(-c2cc(-c3ccccc3-c3cncnc3-c3ccccc3)cc3ccccc23)nc2c1ncn2-c1ccccn1
fraggfn_6td3,greedy_oracle_static,40,40,68,1,-5.308650000000001,O=c1[nH]c(-c2cc(-c3ccccc3-c3cncnc3-c3ccccc3)cc3ccccc23)nc2[nH]cnc12,O=c1[nH]c(-c2cc(-c3ccccc3-c3cncnc3-c3cccc(-c4ccncn4)c3)cc3ccccc23)nc2[nH]cnc12
fraggfn_6td3,greedy_oracle_static,41,41,69,1,-5.15756,O=c1[nH]c(-c2cc(-c3ccccc3-c3cncnc3-c3ccccc3)cc3ccccc23)nc2[nH]cnc12,O=c1[nH]c(-c2cc(-c3ccccc3-c3c(-c4ccccc4)ncnc3N3CCOCC3)cc3ccccc23)nc2[nH]cnc12
fraggfn_6td3,greedy_oracle_static,42,42,70,1,-4.9829799999999995,O=c1[nH]c(-c2cc(-c3ccccc3-c3cncnc3-c3ccccc3)cc3ccccc23)nc2[nH]cnc12,O=c1[nH]c(-c2cc(-c3c(-c4cncnc4-c4ccccc4)cccc3-n3cnc4c(=O)[nH]cnc43)cc3ccccc23)nc2[nH]cnc12
fraggfn_6td3,greedy_oracle_static,43,43,71,1,-4.2847800000000005,O=c1[nH]c(-c2cc(-c3ccccc3-c3cncnc3-c3ccccc3)cc3ccccc23)nc2[nH]cnc12,O=c1nc2n(-c3ccc(-c4cc(-c5nc6[nH]cnc6c(=O)[nH]5)c5ccccc5c4)c(-c4cncnc4-c4ccccc4)c3)c3ccccc3nc-2c(=O)[nH]1
fraggfn_6td3,greedy_oracle_static,44,44,72,1,-4.137200000000001,O=c1[nH]c(-c2cc(-c3ccccc3-c3cncnc3-c3ccccc3)cc3ccccc23)nc2[nH]cnc12,O=c1nc2[nH]c3cc(-c4ncc(-c5ccccc5-c5cc(-c6nc7[nH]cnc7c(=O)[nH]6)c6ccccc6c5)c(-c5ccccc5)n4)ccc3nc-2c(=O)[nH]1
fraggfn_6td3,greedy_oracle_static,45,45,77,5,-6.666450000000001,O=c1[nH]c(C2CCCCC2c2ccccc2C2CCC(C3CCCN3)CO2)nc2[nH]cnc12,O=C([O-])n1cnc2c(=O)[nH]c(C3CCCCC3c3ccccc3C3CCC(C4CCCN4)CO3)nc21
fraggfn_6td3,greedy_oracle_static,46,46,78,1,-6.09729,O=c1[nH]c(C2CCCCC2c2ccccc2C2CCC(C3CCCN3)CO2)nc2[nH]cnc12,O=c1[nH]c(C2CCCCC2c2ccc(C3=CCCCC3)cc2C2CCC(C3CCCN3)CO2)nc2[nH]cnc12
fraggfn_6td3,greedy_oracle_static,47,47,79,1,-5.007029999999999,O=c1[nH]c(C2CCCCC2c2ccccc2C2CCC(C3CCCN3)CO2)nc2[nH]cnc12,O=c1[nH]c(C2C(c3ccccc3C3CCC(C4CCCN4)CO3)CCCC2N2C=CCC=C2)nc2[nH]cnc12
fraggfn_6td3,greedy_oracle_static,48,48,80,1,-4.75232,O=c1[nH]c(C2CCCCC2c2ccccc2C2CCC(C3CCCN3)CO2)nc2[nH]cnc12,O=c1[nH]c(C2CCC(C3CCC(c4ccccc4C4CCCCC4c4nc5[nH]cnc5c(=O)[nH]4)OC3)N2)nc2c1NCCN2
fraggfn_6td3,greedy_oracle_static,49,49,81,1,-4.72819,O=c1[nH]c(C2CCCCC2c2ccccc2C2CCC(C3CCCN3)CO2)nc2[nH]cnc12,O=c1nc2[nH]c3cc(N4CCCC4C4CCC(c5ccccc5C5CCCCC5c5nc6[nH]cnc6c(=O)[nH]5)OC4)ccc3nc-2c(=O)[nH]1
fraggfn_6td3,greedy_oracle_static,50,50,82,1,-4.46289,O=c1[nH]c(C2CCCCC2c2ccccc2C2CCC(C3CCCN3)CO2)nc2[nH]cnc12,O=c1nc2[nH]c3ccc(-c4cccc(C5CCC(C6CCCN6)CO5)c4C4CCCCC4c4nc5[nH]cnc5c(=O)[nH]4)cc3nc-2c(=O)[nH]1
fraggfn_6td3,greedy_oracle_static,51,51,83,1,-4.360469999999999,O=c1[nH]c(C2CCCCC2c2ccccc2C2CCC(C3CCCN3)CO2)nc2[nH]cnc12,O=c1[nH]c(C2CCCCC2c2ccccc2C2OCC(C3CCCN3)CC2[NH+]2CCOCC2)nc2[nH]cnc12
fraggfn_6td3,greedy_oracle_static,52,52,84,1,-4.150719999999999,O=c1[nH]c(C2CCCCC2c2ccccc2C2CCC(C3CCCN3)CO2)nc2[nH]cnc12,O=c1nc(C2OC(c3ccccc3C3CCCCC3c3nc4[nH]cnc4c(=O)[nH]3)CCC2C2CCCN2)cc[nH]1
fraggfn_6td3,greedy_oracle_static,53,53,85,1,-3.812290000000001,O=c1[nH]c(C2CCCCC2c2ccccc2C2CCC(C3CCCN3)CO2)nc2[nH]cnc12,O=c1nc2n(-c3cccc(C4CCCCC4c4nc5[nH]cnc5c(=O)[nH]4)c3C3CCC(C4CCCN4)CO3)c3ccccc3nc-2c(=O)[nH]1
fraggfn_6td3,greedy_oracle_static,54,54,90,5,-6.33903,O=c1nc2n(-c3cc(-c4ncncc4C4CCOC4)c[nH]3)c3cc(-c4ncccn4)ccc3nc-2c(=O)[nH]1,O=c1nc2n(-c3cc(-c4ncncc4C4CCOC4)c[nH]3)c3cc(-c4ncccn4)c(C4CCOCC4)cc3nc-2c(=O)[nH]1
fraggfn_6td3,greedy_oracle_static,55,55,91,1,-5.1639100000000004,O=c1nc2n(-c3cc(-c4ncncc4C4CCOC4)c[nH]3)c3cc(-c4ncccn4)ccc3nc-2c(=O)[nH]1,CC(C)=Cc1ncnc(-c2c[nH]c(-n3c4nc(=O)[nH]c(=O)c-4nc4ccc(-c5ncccn5)cc43)c2)c1C1CCOC1
fraggfn_6td3,greedy_oracle_static,56,56,92,1,-4.895239999999999,O=c1nc2n(-c3cc(-c4ncncc4C4CCOC4)c[nH]3)c3cc(-c4ncccn4)ccc3nc-2c(=O)[nH]1,O=c1nc2[nH]c3cc(C4OCCC4c4cncnc4-c4c[nH]c(-n5c6nc(=O)[nH]c(=O)c-6nc6ccc(-c7ncccn7)cc65)c4)ccc3nc-2c(=O)[nH]1
fraggfn_6td3,greedy_oracle_static,57,57,97,5,-5.177079999999999,O=c1nc2[nH]c3cc(-c4cccnc4)c(CCc4ccnc(-c5ccccn5)c4)cc3nc-2c(=O)[nH]1,O=c1nc2[nH]c3cc(-c4cccnc4)c(CCc4cc(-c5ccccn5)ncc4N4CCOCC4)cc3nc-2c(=O)[nH]1
fraggfn_6td3,greedy_oracle_static,58,58,98,1,-4.8809499999999995,O=c1nc2[nH]c3cc(-c4cccnc4)c(CCc4ccnc(-c5ccccn5)c4)cc3nc-2c(=O)[nH]1,O=c1nc2[nH]c3cc(-c4cnccc4-c4ccc5ccccc5c4)c(CCc4ccnc(-c5ccccn5)c4)cc3nc-2c(=O)[nH]1
fraggfn_6td3,greedy_oracle_static,59,59,99,1,-4.382339999999999,O=c1nc2[nH]c3cc(-c4cccnc4)c(CCc4ccnc(-c5ccccn5)c4)cc3nc-2c(=O)[nH]1,O=c1nc2[nH]c3cc(-c4cccc(-c5cc(CCc6cc7nc8c(=O)[nH]c(=O)nc-8[nH]c7cc6-c6cccnc6)ccn5)n4)ccc3nc-2c(=O)[nH]1
fraggfn_6td3,greedy_oracle_static,60,60,100,1,-4.132809999999999,O=c1nc2[nH]c3cc(-c4cccnc4)c(CCc4ccnc(-c5ccccn5)c4)cc3nc-2c(=O)[nH]1,O=c1nc2n(-c3nc4[nH]cnc4c(=O)[nH]3)c3cc(-c4cccnc4)c(CCc4ccnc(-c5ccccn5)c4)cc3nc-2c(=O)[nH]1
fraggfn_6td3,greedy_oracle_static,61,61,105,5,-6.74888,O=c1nc2[nH]c3ccc(C4CC(C5CCCC([PH](=O)O)C5)NC4c4ccccc4)cc3nc-2c(=O)[nH]1,O=C(O)c1ccccc1C1NC(C2CCCC([PH](=O)O)C2)CC1c1ccc2[nH]c3nc(=O)[nH]c(=O)c-3nc2c1
fraggfn_6td3,greedy_oracle_static,62,62,106,1,-5.9042200000000005,O=c1nc2[nH]c3ccc(C4CC(C5CCCC([PH](=O)O)C5)NC4c4ccccc4)cc3nc-2c(=O)[nH]1,O=c1nc2[nH]c3ccc(C4CC(C5CCCC([PH](=O)O)C5c5c[nH]c6ccccc56)NC4c4ccccc4)cc3nc-2c(=O)[nH]1
fraggfn_6td3,greedy_oracle_static,63,63,107,1,-5.3705300000000005,O=c1nc2[nH]c3ccc(C4CC(C5CCCC([PH](=O)O)C5)NC4c4ccccc4)cc3nc-2c(=O)[nH]1,O=c1nc2[nH]c3ccc(C4CC(C5CCCC([PH](=O)O)C5)N(n5cnc6c(=O)[nH]cnc65)C4c4ccccc4)cc3nc-2c(=O)[nH]1
fraggfn_6td3,greedy_oracle_static,64,64,108,1,-5.219219999999999,O=c1nc2[nH]c3ccc(C4CC(C5CCCC([PH](=O)O)C5)NC4c4ccccc4)cc3nc-2c(=O)[nH]1,O=c1nc2[nH]c3ccc(C4CC(C5CC(C6=CNC=CC6)CC([PH](=O)O)C5)NC4c4ccccc4)cc3nc-2c(=O)[nH]1
fraggfn_6td3,greedy_oracle_static,65,65,109,1,-5.05628,O=c1nc2[nH]c3ccc(C4CC(C5CCCC([PH](=O)O)C5)NC4c4ccccc4)cc3nc-2c(=O)[nH]1,O=c1nc2[nH]c3cc(-c4ccc5ccccc5c4)c(C4CC(C5CCCC([PH](=O)O)C5)NC4c4ccccc4)cc3nc-2c(=O)[nH]1
fraggfn_6td3,greedy_oracle_static,66,66,110,1,-4.547820000000001,O=c1nc2[nH]c3ccc(C4CC(C5CCCC([PH](=O)O)C5)NC4c4ccccc4)cc3nc-2c(=O)[nH]1,NS(=O)(=O)n1c2nc(=O)[nH]c(=O)c-2nc2cc(C3CC(C4CCCC([PH](=O)O)C4)NC3c3ccccc3)ccc21
fraggfn_6td3,greedy_oracle_static,67,67,111,1,-3.9952299999999994,O=c1nc2[nH]c3ccc(C4CC(C5CCCC([PH](=O)O)C5)NC4c4ccccc4)cc3nc-2c(=O)[nH]1,O=c1nc2[nH]c3ccc(C4CC(C5CC([PH](=O)O)CCC5n5cnc6cncnc65)NC4c4ccccc4)cc3nc-2c(=O)[nH]1
fraggfn_6td3,greedy_oracle_static,68,68,116,5,-6.28948,C1=C(c2cc(-c3ccc4ccccc4c3)c(-c3cccc4ccccc34)cc2C2CCCN2)CCCC1,O=c1nc2[nH]c3ccc(-c4c(C5=CCCCC5)c(C5CCCN5)cc(-c5cccc6ccccc56)c4-c4ccc5ccccc5c4)cc3nc-2c(=O)[nH]1
fraggfn_6td3,greedy_oracle_static,69,69,117,1,-6.0423800000000005,C1=C(c2cc(-c3ccc4ccccc4c3)c(-c3cccc4ccccc34)cc2C2CCCN2)CCCC1,C1=C(c2cc(-c3ccc4ccccc4c3)c(-c3cccc4ccccc34)cc2C2CC(N3CCCCC3)CN2)CCCC1
fraggfn_6td3,greedy_oracle_static,70,70,118,1,-5.35991,C1=C(c2cc(-c3ccc4ccccc4c3)c(-c3cccc4ccccc34)cc2C2CCCN2)CCCC1,C1=C(c2cc(-c3ccc4ccccc4c3)c(-c3cccc4ccccc34)cc2C2CCCN2)CCC(C2CCNCC2)C1
fraggfn_6td3,greedy_oracle_static,71,71,119,1,-5.1277099999999995,C1=C(c2cc(-c3ccc4ccccc4c3)c(-c3cccc4ccccc34)cc2C2CCCN2)CCCC1,O=c1ccn(-c2cc(-c3cc(C4=CCCCC4)c(C4CCCN4)cc3-c3cccc4ccccc34)cc3ccccc23)c(=O)[nH]1
fraggfn_6td3,greedy_oracle_static,72,72,120,1,-4.89707,C1=C(c2cc(-c3ccc4ccccc4c3)c(-c3cccc4ccccc34)cc2C2CCCN2)CCCC1,C1=CNC=C(c2cc(-c3cc(C4CCCN4)c(C4=CCCCC4)cc3-c3ccc4ccccc4c3)c3ccccc3c2)C1
fraggfn_6td3,greedy_oracle_static,73,73,121,1,-4.60017,C1=C(c2cc(-c3ccc4ccccc4c3)c(-c3cccc4ccccc34)cc2C2CCCN2)CCCC1,O=c1nc2[nH]c3cc(N4CCCC4c4cc(-c5cccc6ccccc56)c(-c5ccc6ccccc6c5)cc4C4=CCCCC4)ccc3nc-2c(=O)[nH]1
fraggfn_6td3,greedy_oracle_static,74,74,122,1,-4.3617300000000006,C1=C(c2cc(-c3ccc4ccccc4c3)c(-c3cccc4ccccc34)cc2C2CCCN2)CCCC1,Oc1c(-c2cccc3ccccc23)c(-c2ccc3ccccc3c2)cc(C2=CCCCC2)c1C1CCCN1
fraggfn_6td3,greedy_oracle_static,75,75,123,1,-3.87836,C1=C(c2cc(-c3ccc4ccccc4c3)c(-c3cccc4ccccc34)cc2C2CCCN2)CCCC1,C1=C(c2c(C3CCCN3)cc(-c3cccc4ccccc34)c(-c3ccc4ccccc4c3)c2-n2cnc3cncnc32)CCCC1
fraggfn_6td3,greedy_oracle_static,76,76,128,5,-5.44515,O=c1nc2n(-c3ccccn3)c3cc(CCc4ncncc4C4CCCN4)ccc3nc-2c(=O)[nH]1,O=c1nc2n(-c3ncccc3-c3ccc4ccccc4c3)c3cc(CCc4ncncc4C4CCCN4)ccc3nc-2c(=O)[nH]1
fraggfn_6td3,greedy_oracle_static,77,77,129,1,-5.301289999999999,O=c1nc2n(-c3ccccn3)c3cc(CCc4ncncc4C4CCCN4)ccc3nc-2c(=O)[nH]1,O=c1nc2n(-c3ccccn3)c3cc(CCc4ncncc4C4CC(c5c[nH]c6ccccc56)CN4)ccc3nc-2c(=O)[nH]1
fraggfn_6td3,greedy_oracle_static,78,78,130,1,-4.91024,O=c1nc2n(-c3ccccn3)c3cc(CCc4ncncc4C4CCCN4)ccc3nc-2c(=O)[nH]1,C[SH+]c1cc2nc3c(=O)[nH]c(=O)nc-3n(-c3ccccn3)c2cc1CCc1ncncc1C1CCCN1
fraggfn_6td3,greedy_oracle_static,79,79,131,1,-4.8946499999999995,O=c1nc2n(-c3ccccn3)c3cc(CCc4ncncc4C4CCCN4)ccc3nc-2c(=O)[nH]1,O=c1nc2[nH]c3ccc(-c4ncc(C5CCCN5)c(CCc5ccc6nc7c(=O)[nH]c(=O)nc-7n(-c7ccccn7)c6c5)n4)cc3nc-2c(=O)[nH]1
fraggfn_6td3,greedy_oracle_static,80,80,132,1,-3.6802,O=c1nc2n(-c3ccccn3)c3cc(CCc4ncncc4C4CCCN4)ccc3nc-2c(=O)[nH]1,O=c1nc2n(-c3ccccn3)c3cc(CCc4ncnc(C5CNc6nc[nH]c(=O)c6N5)c4C4CCCN4)ccc3nc-2c(=O)[nH]1
fraggfn_6td3,greedy_oracle_static,81,81,137,5,-5.835100000000001,O=c1[nH]c(-c2cccc(C3CCCC(c4cccnc4)C3C3CCCCC3)n2)nc2[nH]cnc12,O=c1[nH]c(-c2ccc(C3CCCO3)c(C3CCCC(c4cccnc4)C3C3CCCCC3)n2)nc2[nH]cnc12
fraggfn_6td3,greedy_oracle_static,82,82,138,1,-5.81372,O=c1[nH]c(-c2cccc(C3CCCC(c4cccnc4)C3C3CCCCC3)n2)nc2[nH]cnc12,O=c1[nH]c(-c2cccc(C3CCCC(c4cccnc4-c4c[nH]c5ccccc45)C3C3CCCCC3)n2)nc2[nH]cnc12
fraggfn_6td3,greedy_oracle_static,83,83,139,1,-5.521749999999999,O=c1[nH]c(-c2cccc(C3CCCC(c4cccnc4)C3C3CCCCC3)n2)nc2[nH]cnc12,O=c1[nH]c(-c2cccc(C3CCCC(c4ccc(C5C=CCCC5)nc4)C3C3CCCCC3)n2)nc2[nH]cnc12
fraggfn_6td3,greedy_oracle_static,84,84,140,1,-5.473129999999999,O=c1[nH]c(-c2cccc(C3CCCC(c4cccnc4)C3C3CCCCC3)n2)nc2[nH]cnc12,NS(=O)(=O)C1CCCCC1C1C(c2cccnc2)CCCC1c1cccc(-c2nc3[nH]cnc3c(=O)[nH]2)n1
fraggfn_6td3,greedy_oracle_static,85,85,141,1,-4.8304,O=c1[nH]c(-c2cccc(C3CCCC(c4cccnc4)C3C3CCCCC3)n2)nc2[nH]cnc12,O=c1nc2n(-c3cncc(C4CCCC(c5cccc(-c6nc7[nH]cnc7c(=O)[nH]6)n5)C4C4CCCCC4)c3)c3ccccc3nc-2c(=O)[nH]1
fraggfn_6td3,greedy_oracle_static,86,86,142,1,-4.618639999999999,O=c1[nH]c(-c2cccc(C3CCCC(c4cccnc4)C3C3CCCCC3)n2)nc2[nH]cnc12,CC(=O)n1cnc2c(=O)[nH]c(-c3cccc(C4CCCC(c5cccnc5)C4C4CCCCC4)n3)nc21
fraggfn_6td3,greedy_oracle_static,87,87,143,1,-4.53248,O=c1[nH]c(-c2cccc(C3CCCC(c4cccnc4)C3C3CCCCC3)n2)nc2[nH]cnc12,O=c1nc2[nH]c3ccc(C4CC(c5cccnc5)C(C5CCCCC5)C(c5cccc(-c6nc7[nH]cnc7c(=O)[nH]6)n5)C4)cc3nc-2c(=O)[nH]1
fraggfn_6td3,greedy_oracle_static,88,88,144,1,-3.952210000000001,O=c1[nH]c(-c2cccc(C3CCCC(c4cccnc4)C3C3CCCCC3)n2)nc2[nH]cnc12,O=c1[nH]c(C2CCC(c3cccc(-c4nc5[nH]cnc5c(=O)[nH]4)n3)C(C3CCCCC3)C2c2cccnc2)nc2c1NCCN2
fraggfn_6td3,greedy_oracle_static,89,89,145,1,-3.689679999999999,O=c1[nH]c(-c2cccc(C3CCCC(c4cccnc4)C3C3CCCCC3)n2)nc2[nH]cnc12,O=c1[nH]c(-c2cccc(C3CCCC(c4cnccc4-n4cnc5cncnc54)C3C3CCCCC3)n2)nc2[nH]cnc12
fraggfn_6td3,greedy_oracle_static,90,90,146,1,-3.45395,O=c1[nH]c(-c2cccc(C3CCCC(c4cccnc4)C3C3CCCCC3)n2)nc2[nH]cnc12,O=c1[nH]c(-c2cccc(C3C(c4c[nH]c5ccccc45)CCC(c4cccnc4)C3C3CCCCC3)n2)nc2[nH]cnc12
fraggfn_6td3,greedy_oracle_static,91,91,147,1,-3.40677,O=c1[nH]c(-c2cccc(C3CCCC(c4cccnc4)C3C3CCCCC3)n2)nc2[nH]cnc12,O=c1[nH]c(-c2ccc(C3CCCC(c4cccnc4)C3C3CCCCC3)nc2-c2nc3[nH]cnc3c(=O)[nH]2)nc2c1NCCN2
fraggfn_6td3,greedy_oracle_static,92,92,152,5,-4.636399999999999,COC1CCCC(c2ccc(C3CCCCC3)cc2)C1C1CCCO1,COC1CCCC(c2ccc(C3CCCCC3)cc2)C1C1CC(c2ccc3nc4c(=O)[nH]c(=O)nc-4[nH]c3c2)CO1
fraggfn_6td3,greedy_oracle_static,93,93,153,1,-4.47864,COC1CCCC(c2ccc(C3CCCCC3)cc2)C1C1CCCO1,COC1CCCC(c2ccc(C3CCCCC3)cc2)C1C1CCC(c2nc3c(c(=O)[nH]2)NCCN3)O1
fraggfn_6td3,greedy_oracle_static,94,94,154,1,-4.057370000000001,COC1CCCC(c2ccc(C3CCCCC3)cc2)C1C1CCCO1,COC1CCCC(c2ccc(C3CCCCC3c3ccc4[nH]c5nc(=O)[nH]c(=O)c-5nc4c3)cc2)C1C1CCCO1
fraggfn_6td3,greedy_oracle_static,95,95,155,1,-3.984280000000001,COC1CCCC(c2ccc(C3CCCCC3)cc2)C1C1CCCO1,COC1CCCC(c2ccc(C3CCCCC3)cc2-n2cnc3c(=O)[nH]cnc32)C1C1CCCO1
fraggfn_6td3,greedy_oracle_static,96,96,156,1,-3.9242100000000004,COC1CCCC(c2ccc(C3CCCCC3)cc2)C1C1CCCO1,COC1CC(n2cnc3c(=O)[nH]cnc32)CC(c2ccc(C3CCCCC3)cc2)C1C1CCCO1
fraggfn_6td3,greedy_oracle_static,97,97,157,1,-3.5843499999999997,COC1CCCC(c2ccc(C3CCCCC3)cc2)C1C1CCCO1,COC1CCCC(c2ccc(C3CCCCC3)c(-c3ccc4ccccc4c3)c2)C1C1CCCO1
fraggfn_6td3,greedy_oracle_static,98,98,158,1,-3.56285,COC1CCCC(c2ccc(C3CCCCC3)cc2)C1C1CCCO1,COC1CC(c2ccccc2)CC(c2ccc(C3CCCCC3)cc2)C1C1CCCO1
fraggfn_6td3,greedy_oracle_static,99,99,159,1,-3.5238500000000004,COC1CCCC(c2ccc(C3CCCCC3)cc2)C1C1CCCO1,COC1C(C2CC=CCC2)CCC(c2ccc(C3CCCCC3)cc2)C1C1CCCO1
fraggfn_6td3,greedy_oracle_static,100,100,160,1,-3.420090000000001,COC1CCCC(c2ccc(C3CCCCC3)cc2)C1C1CCCO1,CNC(=O)C1CCC(OC)C(C2CCCO2)C1c1ccc(C2CCCCC2)cc1
fraggfn_6td3,greedy_oracle_static,101,101,161,1,-3.1126300000000002,COC1CCCC(c2ccc(C3CCCCC3)cc2)C1C1CCCO1,COC1CCCC(c2ccc(C3CCCC(c4ncnc5[nH]cnc45)C3)cc2)C1C1CCCO1
fraggfn_6td3,greedy_oracle_static,102,102,162,1,-3.08612,COC1CCCC(c2ccc(C3CCCCC3)cc2)C1C1CCCO1,COC1CCCC(c2ccc(C3CCCCC3)cc2)C1C1CCC(C2CNc3nc[nH]c(=O)c3N2)O1
fraggfn_6td3,greedy_oracle_static,103,103,163,1,-3.0778499999999998,COC1CCCC(c2ccc(C3CCCCC3)cc2)C1C1CCCO1,c1n[nH]cc1COC1CCCC(c2ccc(C3CCCCC3)cc2)C1C1CCCO1
fraggfn_6td3,greedy_oracle_static,104,104,164,1,-2.9926899999999996,COC1CCCC(c2ccc(C3CCCCC3)cc2)C1C1CCCO1,COC1CCCC(c2ccc(C3CCCCC3)cc2)C1C1CC(N2CCCC2)CO1
fraggfn_6td3,greedy_oracle_static,105,105,165,1,-2.986180000000001,COC1CCCC(c2ccc(C3CCCCC3)cc2)C1C1CCCO1,COC1CCCC(c2ccc(C3CCC(CN)CC3)cc2)C1C1CCCO1
fraggfn_6td3,greedy_oracle_static,106,106,166,1,-2.9844299999999997,COC1CCCC(c2ccc(C3CCCCC3)cc2)C1C1CCCO1,COC1CCCC(c2ccc(C3CCCCC3)cc2)C1C1CCC(CNC(C)=O)O1
fraggfn_6td3,greedy_oracle_static,107,107,167,1,-2.961129999999999,COC1CCCC(c2ccc(C3CCCCC3)cc2)C1C1CCCO1,COC1CCCC(c2ccc(C3CCCCC3)cc2)C1C1OCCC1c1ccc[nH]1
fraggfn_6td3,greedy_oracle_static,108,108,168,1,-2.9021300000000005,COC1CCCC(c2ccc(C3CCCCC3)cc2)C1C1CCCO1,COC1CCCC(c2ccc(C3CCCCC3)c(-n3c4nc(=O)[nH]c(=O)c-4nc4ccccc43)c2)C1C1CCCO1
fraggfn_6td3,greedy_oracle_static,109,109,169,1,-2.85407,COC1CCCC(c2ccc(C3CCCCC3)cc2)C1C1CCCO1,COC1C(C2CCCO2)C(c2ccc(C3CCCCC3)cc2)CCC1n1cnc2cncnc21
fraggfn_6td3,greedy_oracle_static,110,110,170,1,-2.54373,COC1CCCC(c2ccc(C3CCCCC3)cc2)C1C1CCCO1,COC1CCC(n2c3nc(=O)[nH]c(=O)c-3nc3ccccc32)C(c2ccc(C3CCCCC3)cc2)C1C1CCCO1
fraggfn_6td3,greedy_oracle_static,111,111,171,1,-2.4173500000000008,COC1CCCC(c2ccc(C3CCCCC3)cc2)C1C1CCCO1,COC1C(c2c[nH]c(=O)[nH]c2=O)CCC(c2ccc(C3CCCCC3)cc2)C1C1CCCO1
fraggfn_6td3,greedy_oracle_static,112,112,172,1,-2.26739,COC1CCCC(c2ccc(C3CCCCC3)cc2)C1C1CCCO1,COC1CCCC(c2ccc(C3CCCC(n4cccnc4=O)C3)cc2)C1C1CCCO1
fraggfn_6td3,greedy_oracle_static,113,113,173,1,-2.252319999999999,COC1CCCC(c2ccc(C3CCCCC3)cc2)C1C1CCCO1,COC1CCCC(c2ccc(C3CCCC(c4cccc5ccccc45)C3)cc2)C1C1CCCO1
fraggfn_6td3,greedy_oracle_static,114,114,178,5,-6.66273,O=c1nc2[nH]c3cc(C4CCCCC4C4CCCCC4c4nccc(-c5ccccc5)n4)ccc3nc-2c(=O)[nH]1,O=c1nc2[nH]c3cc(C4C(Cl)CCCC4C4CCCCC4c4nccc(-c5ccccc5)n4)ccc3nc-2c(=O)[nH]1
fraggfn_6td3,greedy_oracle_static,115,115,179,1,-6.08615,O=c1nc2[nH]c3cc(C4CCCCC4C4CCCCC4c4nccc(-c5ccccc5)n4)ccc3nc-2c(=O)[nH]1,NC(=O)n1c2nc(=O)[nH]c(=O)c-2nc2ccc(C3CCCCC3C3CCCCC3c3nccc(-c4ccccc4)n3)cc21
fraggfn_6td3,greedy_oracle_static,116,116,180,1,-5.57233,O=c1nc2[nH]c3cc(C4CCCCC4C4CCCCC4c4nccc(-c5ccccc5)n4)ccc3nc-2c(=O)[nH]1,O=c1nc2[nH]c3cc(C4CCCCC4C4CCCCC4c4ncc(-c5nccs5)c(-c5ccccc5)n4)ccc3nc-2c(=O)[nH]1
fraggfn_6td3,greedy_oracle_static,117,117,181,1,-4.404019999999999,O=c1nc2[nH]c3cc(C4CCCCC4C4CCCCC4c4nccc(-c5ccccc5)n4)ccc3nc-2c(=O)[nH]1,O=c1nc2[nH]c3cc(C4CCCCC4C4CCCCC4c4nccc(-c5ccccc5-c5ncnc6[nH]cnc56)n4)ccc3nc-2c(=O)[nH]1
fraggfn_6td3,greedy_oracle_static,118,118,186,5,-5.340980000000001,O=c1[nH]c(-c2ncccc2C2CCCC(C3CCCC(CO)C3)C2)nc2[nH]cnc12,O=c1nc2n(OCC3CCCC(C4CCCC(c5cccnc5-c5nc6[nH]cnc6c(=O)[nH]5)C4)C3)c3ccccc3nc-2c(=O)[nH]1
fraggfn_6td3,greedy_oracle_static,119,119,187,1,-5.000109999999999,O=c1[nH]c(-c2ncccc2C2CCCC(C3CCCC(CO)C3)C2)nc2[nH]cnc12,O=c1nc2[nH]c3ccc(C4CCC(CO)CC4C4CCCC(c5cccnc5-c5nc6[nH]cnc6c(=O)[nH]5)C4)cc3nc-2c(=O)[nH]1
fraggfn_6td3,greedy_oracle_static,120,120,188,1,-4.97124,O=c1[nH]c(-c2ncccc2C2CCCC(C3CCCC(CO)C3)C2)nc2[nH]cnc12,O=c1[nH]c(-c2ncccc2C2CC(c3ccc[nH]3)CC(C3CCCC(CO)C3)C2)nc2[nH]cnc12
fraggfn_6td3,greedy_oracle_static,121,121,189,1,-4.701880000000001,O=c1[nH]c(-c2ncccc2C2CCCC(C3CCCC(CO)C3)C2)nc2[nH]cnc12,O=c1[nH]c(-c2ncc(C3=CCCCC3)cc2C2CCCC(C3CCCC(CO)C3)C2)nc2[nH]cnc12
fraggfn_6td3,greedy_oracle_static,122,122,190,1,-4.39959,O=c1[nH]c(-c2ncccc2C2CCCC(C3CCCC(CO)C3)C2)nc2[nH]cnc12,O=c1[nH]c(-c2ncccc2C2CCCC(C3CCCC(CO)C3)C2)nc2c1ncn2-c1ccc2ccccc2c1
fraggfn_6td3,greedy_oracle_static,123,123,191,1,-4.105509999999999,O=c1[nH]c(-c2ncccc2C2CCCC(C3CCCC(CO)C3)C2)nc2[nH]cnc12,O=c1[nH]c(-c2nc(-c3c[nH]c4ccccc34)ccc2C2CCCC(C3CCCC(CO)C3)C2)nc2[nH]cnc12
fraggfn_6td3,greedy_oracle_static,124,124,192,1,-3.811539999999999,O=c1[nH]c(-c2ncccc2C2CCCC(C3CCCC(CO)C3)C2)nc2[nH]cnc12,O=c1[nH]c(-c2ncccc2C2CC(C3CCCC(CO)C3)CCC2n2cnc3cncnc32)nc2[nH]cnc12
fraggfn_6td3,greedy_oracle_static,125,125,193,1,-3.73926,O=c1[nH]c(-c2ncccc2C2CCCC(C3CCCC(CO)C3)C2)nc2[nH]cnc12,O=c1[nH]c(-c2nccc(-n3cccn3)c2C2CCCC(C3CCCC(CO)C3)C2)nc2[nH]cnc12
fraggfn_6td3,greedy_oracle_static,126,126,194,1,-3.6813600000000006,O=c1[nH]c(-c2ncccc2C2CCCC(C3CCCC(CO)C3)C2)nc2[nH]cnc12,O=c1[nH]c(-c2ncccc2C2CCCC(C3CCC(C4=CCCCC4)C(CO)C3)C2)nc2[nH]cnc12
fraggfn_6td3,greedy_oracle_static,127,127,195,1,-2.7466100000000004,O=c1[nH]c(-c2ncccc2C2CCCC(C3CCCC(CO)C3)C2)nc2[nH]cnc12,O=c1[nH]c(C2C(CO)CCCC2C2CCCC(c3cccnc3-c3nc4[nH]cnc4c(=O)[nH]3)C2)nc2c1NCCN2
fraggfn_6td3,greedy_oracle_static,128,128,196,1,-2.007909999999999,O=c1[nH]c(-c2ncccc2C2CCCC(C3CCCC(CO)C3)C2)nc2[nH]cnc12,O=c1[nH]c(-c2ncccc2C2CCCC(C3CCCC(CO)C3)C2c2c[nH]c3ccccc23)nc2[nH]cnc12
fraggfn_6td3,greedy_oracle_static,129,129,201,5,-5.70334,O=c1nc2[nH]c3ccc(C4CC(c5nc6c(c(=O)[nH]5)NCCN6)COC4C4CCOCC4c4ccccn4)cc3nc-2c(=O)[nH]1,O=c1nc2[nH]c3ccc(C4CC(c5nc6c(c(=O)[nH]5)NCCN6)COC4C4CCOC(c5ncnc6[nH]cnc56)C4c4ccccn4)cc3nc-2c(=O)[nH]1
fraggfn_6td3,greedy_oracle_static,130,130,202,1,-5.616959999999999,O=c1nc2[nH]c3ccc(C4CC(c5nc6c(c(=O)[nH]5)NCCN6)COC4C4CCOCC4c4ccccn4)cc3nc-2c(=O)[nH]1,O=c1nc2[nH]c3ccc(C4C(C5CCOCC5c5ccccn5)OCC(c5nc6c(c(=O)[nH]5)NCCN6)C4C4CC=CCC4)cc3nc-2c(=O)[nH]1
fraggfn_6td3,greedy_oracle_static,131,131,203,1,-5.126270000000001,O=c1nc2[nH]c3ccc(C4CC(c5nc6c(c(=O)[nH]5)NCCN6)COC4C4CCOCC4c4ccccn4)cc3nc-2c(=O)[nH]1,O=C(NO)n1c2nc(=O)[nH]c(=O)c-2nc2cc(C3CC(c4nc5c(c(=O)[nH]4)NCCN5)COC3C3CCOCC3c3ccccn3)ccc21
fraggfn_6td3,greedy_oracle_static,132,132,204,1,-4.369039999999999,O=c1nc2[nH]c3ccc(C4CC(c5nc6c(c(=O)[nH]5)NCCN6)COC4C4CCOCC4c4ccccn4)cc3nc-2c(=O)[nH]1,O=c1nc2[nH]c3ccc(C4CC(c5nc6c(c(=O)[nH]5)NC(n5cnc7cncnc75)CN6)COC4C4CCOCC4c4ccccn4)cc3nc-2c(=O)[nH]1
fraggfn_6td3,greedy_oracle_static,133,133,205,1,-2.0717100000000004,O=c1nc2[nH]c3ccc(C4CC(c5nc6c(c(=O)[nH]5)NCCN6)COC4C4CCOCC4c4ccccn4)cc3nc-2c(=O)[nH]1,O=c1nc2[nH]c3cc(C4CNc5nc[nH]c(=O)c5N4)c(C4CC(c5nc6c(c(=O)[nH]5)NCCN6)COC4C4CCOCC4c4ccccn4)cc3nc-2c(=O)[nH]1
fraggfn_6td3,greedy_oracle_static,134,134,210,5,-5.99146,O=CNC1CC(n2c3nc(=O)[nH]c(=O)c-3nc3ccccc32)CC(c2ccc3[nH]c4nc(=O)[nH]c(=O)c-4nc3c2)C1C1CCCO1,O=CNC1C(c2cccs2)C(n2c3nc(=O)[nH]c(=O)c-3nc3ccccc32)CC(c2ccc3[nH]c4nc(=O)[nH]c(=O)c-4nc3c2)C1C1CCCO1
fraggfn_6td3,greedy_oracle_static,135,135,211,1,-5.697509999999999,O=CNC1CC(n2c3nc(=O)[nH]c(=O)c-3nc3ccccc32)CC(c2ccc3[nH]c4nc(=O)[nH]c(=O)c-4nc3c2)C1C1CCCO1,O=CNC1CC(n2c3nc(=O)[nH]c(=O)c-3nc3cc(-c4nc5[nH]cnc5c(=O)[nH]4)ccc32)CC(c2ccc3[nH]c4nc(=O)[nH]c(=O)c-4nc3c2)C1C1CCCO1
fraggfn_6td3,greedy_oracle_static,136,136,212,1,-4.97387,O=CNC1CC(n2c3nc(=O)[nH]c(=O)c-3nc3ccccc32)CC(c2ccc3[nH]c4nc(=O)[nH]c(=O)c-4nc3c2)C1C1CCCO1,CC(=O)NCc1cc2[nH]c3nc(=O)[nH]c(=O)c-3nc2cc1C1CC(n2c3nc(=O)[nH]c(=O)c-3nc3ccccc32)CC(NC=O)C1C1CCCO1
fraggfn_6td3,greedy_oracle_static,137,137,213,1,-4.75928,O=CNC1CC(n2c3nc(=O)[nH]c(=O)c-3nc3ccccc32)CC(c2ccc3[nH]c4nc(=O)[nH]c(=O)c-4nc3c2)C1C1CCCO1,O=CNC1CC(n2c3nc(=O)[nH]c(=O)c-3nc3ccccc32)CC(c2ccc3[nH]c4nc(=O)[nH]c(=O)c-4nc3c2)C1C1OCCC1c1cccc2ccccc12
fraggfn_6td3,greedy_oracle_static,138,138,214,1,-3.2033999999999994,O=CNC1CC(n2c3nc(=O)[nH]c(=O)c-3nc3ccccc32)CC(c2ccc3[nH]c4nc(=O)[nH]c(=O)c-4nc3c2)C1C1CCCO1,O=CNC1CC(n2c3nc(=O)[nH]c(=O)c-3nc3ccccc32)CC(c2ccc3c(c2)nc2c(=O)[nH]c(=O)nc-2n3-c2nc3c(c(=O)[nH]2)NCCN3)C1C1CCCO1
fraggfn_6td3,greedy_oracle_static,139,139,219,5,-6.71985,O=c1nc2[nH]c3ccc(-c4ccc(C5CCCCC5N5CCNCC5)cc4C4CCCCO4)cc3nc-2c(=O)[nH]1,CC(C)=Cc1cc2[nH]c3nc(=O)[nH]c(=O)c-3nc2cc1-c1ccc(C2CCCCC2N2CCNCC2)cc1C1CCCCO1
fraggfn_6td3,greedy_oracle_static,140,140,220,1,-6.61407,O=c1nc2[nH]c3ccc(-c4ccc(C5CCCCC5N5CCNCC5)cc4C4CCCCO4)cc3nc-2c(=O)[nH]1,O=c1nc2[nH]c3ccc(-c4ccc(C5C(C6CNc7nc[nH]c(=O)c7N6)CCCC5N5CCNCC5)cc4C4CCCCO4)cc3nc-2c(=O)[nH]1
fraggfn_6td3,greedy_oracle_static,141,141,221,1,-6.38473,O=c1nc2[nH]c3ccc(-c4ccc(C5CCCCC5N5CCNCC5)cc4C4CCCCO4)cc3nc-2c(=O)[nH]1,O=c1nc2[nH]c3ccc(-c4c(C5CC=CCC5)cc(C5CCCCC5N5CCNCC5)cc4C4CCCCO4)cc3nc-2c(=O)[nH]1
fraggfn_6td3,greedy_oracle_static,142,142,222,1,-5.694819999999999,O=c1nc2[nH]c3ccc(-c4ccc(C5CCCCC5N5CCNCC5)cc4C4CCCCO4)cc3nc-2c(=O)[nH]1,O=c1nc2n(C3C=CCCC3)c3ccc(-c4ccc(C5CCCCC5N5CCNCC5)cc4C4CCCCO4)cc3nc-2c(=O)[nH]1
fraggfn_6td3,greedy_oracle_static,143,143,223,1,-5.472300000000001,O=c1nc2[nH]c3ccc(-c4ccc(C5CCCCC5N5CCNCC5)cc4C4CCCCO4)cc3nc-2c(=O)[nH]1,O=c1nc2[nH]c3ccc(-c4ccc(C5CCCCC5N5CCN(c6ccc7ccccc7c6)CC5)cc4C4CCCCO4)cc3nc-2c(=O)[nH]1
fraggfn_6td3,greedy_oracle_static,144,144,224,1,-5.224850000000001,O=c1nc2[nH]c3ccc(-c4ccc(C5CCCCC5N5CCNCC5)cc4C4CCCCO4)cc3nc-2c(=O)[nH]1,O=c1nc2[nH]c3ccc(-c4ccc(C5CCCCC5N5CCNCC5)cc4C4CCCC(n5cnc6cncnc65)O4)cc3nc-2c(=O)[nH]1
fraggfn_6td3,greedy_oracle_static,145,145,225,1,-4.51695,O=c1nc2[nH]c3ccc(-c4ccc(C5CCCCC5N5CCNCC5)cc4C4CCCCO4)cc3nc-2c(=O)[nH]1,O=c1nc2[nH]c3ccc(-c4ccc(C5CCCCC5N5CCNCC5)c(-c5ncnc6[nH]cnc56)c4C4CCCCO4)cc3nc-2c(=O)[nH]1
fraggfn_6td3,greedy_oracle_static,146,146,230,5,-6.09707,O=c1nc2n(-c3ccccc3)c3ccc(C4CCC(C5COCC5C5CCCCC5)OC4)cc3nc-2c(=O)[nH]1,O=c1nc2n(-c3ccccc3)c3ccc(C4CCC(C5C(C6CCCCC6)COC5n5c6nc(=O)[nH]c(=O)c-6nc6ccccc65)OC4)cc3nc-2c(=O)[nH]1
fraggfn_6td3,greedy_oracle_static,147,147,231,1,-5.94914,O=c1nc2n(-c3ccccc3)c3ccc(C4CCC(C5COCC5C5CCCCC5)OC4)cc3nc-2c(=O)[nH]1,O=c1nc2n(-c3cccc(-c4c[nH]c(=O)[nH]c4=O)c3)c3ccc(C4CCC(C5COCC5C5CCCCC5)OC4)cc3nc-2c(=O)[nH]1
fraggfn_6td3,greedy_oracle_static,148,148,232,1,-4.52231,O=c1nc2n(-c3ccccc3)c3ccc(C4CCC(C5COCC5C5CCCCC5)OC4)cc3nc-2c(=O)[nH]1,O=c1nc2n(-c3ccccc3)c3cc(-c4ccc5ccccc5c4)c(C4CCC(C5COCC5C5CCCCC5)OC4)cc3nc-2c(=O)[nH]1
fraggfn_6td3,greedy_oracle_static,149,149,233,1,-4.3364699999999985,O=c1nc2n(-c3ccccc3)c3ccc(C4CCC(C5COCC5C5CCCCC5)OC4)cc3nc-2c(=O)[nH]1,O=c1nc2n(-c3ccccc3)c3ccc(C4CCC(C5COCC5C5CCCC(c6nc7c(c(=O)[nH]6)NCCN7)C5)OC4)cc3nc-2c(=O)[nH]1
fraggfn_6td3,greedy_oracle_static,150,150,234,1,-4.22987,O=c1nc2n(-c3ccccc3)c3ccc(C4CCC(C5COCC5C5CCCCC5)OC4)cc3nc-2c(=O)[nH]1,O=c1nc2[nH]c3cc(C4CC(C5COCC5C5CCCCC5)OCC4c4ccc5c(c4)nc4c(=O)[nH]c(=O)nc-4n5-c4ccccc4)ccc3nc-2c(=O)[nH]1
fraggfn_6td3,greedy_oracle_static,151,151,235,1,-4.000089999999999,O=c1nc2n(-c3ccccc3)c3ccc(C4CCC(C5COCC5C5CCCCC5)OC4)cc3nc-2c(=O)[nH]1,O=c1nc2n(-c3ccccc3)c3ccc(C4COC(C5COCC5C5CCCCC5)C(c5ncnc6[nH]cnc56)C4)cc3nc-2c(=O)[nH]1
fraggfn_6td3,greedy_oracle_static,152,152,240,5,-6.20569,O=c1nc2[nH]c3cc(C4CC(C5CCCCC5c5ccccc5)OCC4c4cccs4)ccc3nc-2c(=O)[nH]1,O=c1nc2[nH]c3cc(C4CC(C5CCCCC5c5ccccc5)OCC4c4ccc([PH](=O)[O-])s4)ccc3nc-2c(=O)[nH]1
fraggfn_6td3,greedy_oracle_static,153,153,241,1,-5.17579,O=c1nc2[nH]c3cc(C4CC(C5CCCCC5c5ccccc5)OCC4c4cccs4)ccc3nc-2c(=O)[nH]1,CC(=O)Nn1c2nc(=O)[nH]c(=O)c-2nc2ccc(C3CC(C4CCCCC4c4ccccc4)OCC3c3cccs3)cc21
fraggfn_6td3,greedy_oracle_static,154,154,242,1,-4.45561,O=c1nc2[nH]c3cc(C4CC(C5CCCCC5c5ccccc5)OCC4c4cccs4)ccc3nc-2c(=O)[nH]1,O=c1nc2[nH]c3cc(C4C(c5cccs5)COC(C5CCCCC5c5ccccc5)C4C4CC4)ccc3nc-2c(=O)[nH]1
fraggfn_6td3,greedy_oracle_static,155,155,243,1,-4.13103,O=c1nc2[nH]c3cc(C4CC(C5CCCCC5c5ccccc5)OCC4c4cccs4)ccc3nc-2c(=O)[nH]1,O=c1nc2[nH]c3cc(C4CC(C5C(c6ccccc6)CCCC5c5cccc6ccccc56)OCC4c4cccs4)ccc3nc-2c(=O)[nH]1
fraggfn_6td3,greedy_oracle_static,156,156,244,1,-3.61787,O=c1nc2[nH]c3cc(C4CC(C5CCCCC5c5ccccc5)OCC4c4cccs4)ccc3nc-2c(=O)[nH]1,O=c1nc2[nH]c3cc(C4CC(C5CCCCC5c5ccccc5)OCC4c4cccs4)c(-n4cccnc4=O)cc3nc-2c(=O)[nH]1
fraggfn_6td3,greedy_oracle_static,157,157,245,1,-2.56112,O=c1nc2[nH]c3cc(C4CC(C5CCCCC5c5ccccc5)OCC4c4cccs4)ccc3nc-2c(=O)[nH]1,O=c1nc2[nH]c3cc(C4CC(C5CC(C6CNc7nc[nH]c(=O)c7N6)CCC5c5ccccc5)OCC4c4cccs4)ccc3nc-2c(=O)[nH]1
fraggfn_6td3,greedy_oracle_static,158,158,250,5,-5.79441,O=c1nc2[nH]c3cc(-c4cccc(C5CC(c6c[nH]c7ccccc67)OC5C5CCCO5)c4)ccc3nc-2c(=O)[nH]1,O=c1nc2[nH]c3cc(-c4cccc(C5C(I)C(c6c[nH]c7ccccc67)OC5C5CCCO5)c4)ccc3nc-2c(=O)[nH]1
fraggfn_6td3,greedy_oracle_static,159,159,251,1,-5.622649999999999,O=c1nc2[nH]c3cc(-c4cccc(C5CC(c6c[nH]c7ccccc67)OC5C5CCCO5)c4)ccc3nc-2c(=O)[nH]1,O=c1nc2n(S(=O)(=O)[O-])c3cc(-c4cccc(C5CC(c6c[nH]c7ccccc67)OC5C5CCCO5)c4)ccc3nc-2c(=O)[nH]1
fraggfn_6td3,greedy_oracle_static,160,160,252,1,-5.383659999999999,O=c1nc2[nH]c3cc(-c4cccc(C5CC(c6c[nH]c7ccccc67)OC5C5CCCO5)c4)ccc3nc-2c(=O)[nH]1,O=c1nc2[nH]c3cc(-c4ccc(C5CNc6nc[nH]c(=O)c6N5)c(C5CC(c6c[nH]c7ccccc67)OC5C5CCCO5)c4)ccc3nc-2c(=O)[nH]1
fraggfn_6td3,greedy_oracle_static,161,161,253,1,-4.019459999999999,O=c1nc2[nH]c3cc(-c4cccc(C5CC(c6c[nH]c7ccccc67)OC5C5CCCO5)c4)ccc3nc-2c(=O)[nH]1,O=c1nc2[nH]c3cc(-c4cccc(C5CC(c6c[nH]c7ccccc67)OC5C5CCC(c6nc7[nH]cnc7c(=O)[nH]6)O5)c4)ccc3nc-2c(=O)[nH]1
fraggfn_6td3,greedy_oracle_static,162,162,258,5,-6.66897,O=c1nc2[nH]c3ccc(C=CC4CCCC(c5ccccc5)C4C4CCCNC4)cc3nc-2c(=O)[nH]1,N=C(N)N1CCCC(C2C(C=Cc3ccc4[nH]c5nc(=O)[nH]c(=O)c-5nc4c3)CCCC2c2ccccc2)C1
fraggfn_6td3,greedy_oracle_static,163,163,259,1,-5.75783,O=c1nc2[nH]c3ccc(C=CC4CCCC(c5ccccc5)C4C4CCCNC4)cc3nc-2c(=O)[nH]1,O=c1nc2[nH]c3ccc(C=CC4C(C5CCCNC5)C(c5ccccc5)CCC4N4CCNCC4)cc3nc-2c(=O)[nH]1
fraggfn_6td3,greedy_oracle_static,164,164,260,1,-4.8830100000000005,O=c1nc2[nH]c3ccc(C=CC4CCCC(c5ccccc5)C4C4CCCNC4)cc3nc-2c(=O)[nH]1,O=c1nc2[nH]c3ccc(C=CC4CCCC(c5ccccc5-c5nc6c(c(=O)[nH]5)NCCN6)C4C4CCCNC4)cc3nc-2c(=O)[nH]1
fraggfn_6td3,greedy_oracle_static,165,165,261,1,-4.857779999999999,O=c1nc2[nH]c3ccc(C=CC4CCCC(c5ccccc5)C4C4CCCNC4)cc3nc-2c(=O)[nH]1,O=c1nc2[nH]c3cc(-c4ncnc5[nH]cnc45)c(C=CC4CCCC(c5ccccc5)C4C4CCCNC4)cc3nc-2c(=O)[nH]1
fraggfn_6td3,greedy_oracle_static,166,166,262,1,-4.72523,O=c1nc2[nH]c3ccc(C=CC4CCCC(c5ccccc5)C4C4CCCNC4)cc3nc-2c(=O)[nH]1,O=c1nc2n([N+](=O)[O-])c3ccc(C=CC4CCCC(c5ccccc5)C4C4CCCNC4)cc3nc-2c(=O)[nH]1
fraggfn_6td3,greedy_oracle_static,167,167,263,1,-3.3518099999999986,O=c1nc2[nH]c3ccc(C=CC4CCCC(c5ccccc5)C4C4CCCNC4)cc3nc-2c(=O)[nH]1,O=c1nc2[nH]c3ccc(C=CC4CCCC(c5ccccc5)C4C4CNCCC4C4CNc5nc[nH]c(=O)c5N4)cc3nc-2c(=O)[nH]1
fraggfn_6td3,greedy_oracle_static,168,168,268,5,-6.27593,O=c1nc2n(C3CCCC(c4[nH]ncc4C4CCCCC4c4ncnc5[nH]cnc45)C3)c3ccccc3nc-2c(=O)[nH]1,NC(=O)n1ncc(C2CCCCC2c2ncnc3[nH]cnc23)c1C1CCCC(n2c3nc(=O)[nH]c(=O)c-3nc3ccccc32)C1
fraggfn_6td3,greedy_oracle_static,169,169,269,1,-4.557840000000001,O=c1nc2n(C3CCCC(c4[nH]ncc4C4CCCCC4c4ncnc5[nH]cnc45)C3)c3ccccc3nc-2c(=O)[nH]1,O=c1nc2n(C3CCCC(c4[nH]ncc4C4CCCCC4c4ncnc5c4ncn5-c4cccc5ccccc45)C3)c3ccccc3nc-2c(=O)[nH]1
fraggfn_6td3,greedy_oracle_static,170,170,270,1,-4.440569999999999,O=c1nc2n(C3CCCC(c4[nH]ncc4C4CCCCC4c4ncnc5[nH]cnc45)C3)c3ccccc3nc-2c(=O)[nH]1,O=c1nc2[nH]c3ccc(C4CCCC(c5cn[nH]c5C5CCCC(n6c7nc(=O)[nH]c(=O)c-7nc7ccccc76)C5)C4c4ncnc5[nH]cnc45)cc3nc-2c(=O)[nH]1
fraggfn_6td3,greedy_oracle_static,171,171,271,1,-4.082599999999999,O=c1nc2n(C3CCCC(c4[nH]ncc4C4CCCCC4c4ncnc5[nH]cnc45)C3)c3ccccc3nc-2c(=O)[nH]1,O=c1nc2n(C3CC(c4[nH]ncc4C4CCCCC4c4ncnc5[nH]cnc45)CCC3C3CNc4nc[nH]c(=O)c4N3)c3ccccc3nc-2c(=O)[nH]1
fraggfn_6td3,greedy_oracle_static,172,172,272,1,-2.94944,O=c1nc2n(C3CCCC(c4[nH]ncc4C4CCCCC4c4ncnc5[nH]cnc45)C3)c3ccccc3nc-2c(=O)[nH]1,O=c1nc2n(C3CCCC(c4[nH]ncc4C4CCCCC4c4ncnc5[nH]cnc45)C3)c3ccc(-c4nc5c(c(=O)[nH]4)NCCN5)cc3nc-2c(=O)[nH]1
fraggfn_6td3,greedy_oracle_static,173,173,277,5,-5.76366,c1ccc(-c2nn(-c3ccncc3C3CCCO3)cc2C2CCCCC2)nc1,O=C(O)c1ccnc(-c2nn(-c3ccncc3C3CCCO3)cc2C2CCCCC2)c1
fraggfn_6td3,greedy_oracle_static,174,174,278,1,-5.316739999999999,c1ccc(-c2nn(-c3ccncc3C3CCCO3)cc2C2CCCCC2)nc1,O=CNCC1CCOC1c1cnccc1-n1cc(C2CCCCC2)c(-c2ccccn2)n1
fraggfn_6td3,greedy_oracle_static,175,175,279,1,-4.709319999999999,c1ccc(-c2nn(-c3ccncc3C3CCCO3)cc2C2CCCCC2)nc1,c1ccc(-c2nn(-c3ccncc3C3CCCO3)cc2C2CCCC(N3CCNCC3)C2)nc1
fraggfn_6td3,greedy_oracle_static,176,176,280,1,-4.70458,c1ccc(-c2nn(-c3ccncc3C3CCCO3)cc2C2CCCCC2)nc1,O=c1nc2[nH]c3cc(C4CCCCC4c4cn(-c5ccncc5C5CCCO5)nc4-c4ccccn4)ccc3nc-2c(=O)[nH]1
fraggfn_6td3,greedy_oracle_static,177,177,281,1,-4.68146,c1ccc(-c2nn(-c3ccncc3C3CCCO3)cc2C2CCCCC2)nc1,C1=CNC=C(c2cncc(C3CCCO3)c2-n2cc(C3CCCCC3)c(-c3ccccn3)n2)C1
fraggfn_6td3,greedy_oracle_static,178,178,282,1,-4.531420000000001,c1ccc(-c2nn(-c3ccncc3C3CCCO3)cc2C2CCCCC2)nc1,c1ccc(-c2nn(-c3ccnc(-c4cn[nH]c4)c3C3CCCO3)cc2C2CCCCC2)nc1
fraggfn_6td3,greedy_oracle_static,179,179,283,1,-4.44948,c1ccc(-c2nn(-c3ccncc3C3CCCO3)cc2C2CCCCC2)nc1,O=c1[nH]cnc2c1ncn2C1CCCCC1c1cn(-c2ccncc2C2CCCO2)nc1-c1ccccn1
fraggfn_6td3,greedy_oracle_static,180,180,284,1,-4.213889999999999,c1ccc(-c2nn(-c3ccncc3C3CCCO3)cc2C2CCCCC2)nc1,O=c1nc2n(-c3c(C4CCCCC4)c(-c4ccccn4)nn3-c3ccncc3C3CCCO3)c3ccccc3nc-2c(=O)[nH]1
fraggfn_6td3,greedy_oracle_static,181,181,285,1,-4.2013,c1ccc(-c2nn(-c3ccncc3C3CCCO3)cc2C2CCCCC2)nc1,c1ccc(-c2nn(-c3cc([NH+]4CCOCC4)ncc3C3CCCO3)cc2C2CCCCC2)nc1
fraggfn_6td3,greedy_oracle_static,182,182,286,1,-4.14203,c1ccc(-c2nn(-c3ccncc3C3CCCO3)cc2C2CCCCC2)nc1,C1=CCC(c2c(C3CCCCC3)c(-c3ccccn3)nn2-c2ccncc2C2CCCO2)CC1
fraggfn_6td3,greedy_oracle_static,183,183,287,1,-3.7730999999999995,c1ccc(-c2nn(-c3ccncc3C3CCCO3)cc2C2CCCCC2)nc1,O=c1[nH]cnc2c1NC(c1cccnc1-c1nn(-c3ccncc3C3CCCO3)cc1C1CCCCC1)CN2
fraggfn_6td3,greedy_oracle_static,184,184,288,1,-3.72014,c1ccc(-c2nn(-c3ccncc3C3CCCO3)cc2C2CCCCC2)nc1,O=c1ccn(C2CCC(c3cnccc3-n3cc(C4CCCCC4)c(-c4ccccn4)n3)O2)c(=O)[nH]1
fraggfn_6td3,greedy_oracle_static,185,185,289,1,-3.491410000000001,c1ccc(-c2nn(-c3ccncc3C3CCCO3)cc2C2CCCCC2)nc1,c1ccc(-c2nn(-c3ccncc3C3CC(c4ncnc5[nH]cnc45)CO3)cc2C2CCCCC2)nc1
fraggfn_6td3,greedy_oracle_static,186,186,290,1,-3.1788500000000006,c1ccc(-c2nn(-c3ccncc3C3CCCO3)cc2C2CCCCC2)nc1,O=c1nc2n(C3COC(c4cnccc4-n4cc(C5CCCCC5)c(-c5ccccn5)n4)C3)c3ccccc3nc-2c(=O)[nH]1
fraggfn_6td3,greedy_oracle_static,187,187,291,1,-2.4856999999999996,c1ccc(-c2nn(-c3ccncc3C3CCCO3)cc2C2CCCCC2)nc1,O=c1nc2[nH]c3ccc(-c4cccnc4-c4nn(-c5ccncc5C5CCCO5)cc4C4CCCCC4)cc3nc-2c(=O)[nH]1
fraggfn_6td3,greedy_oracle_static,188,188,292,1,-2.4596099999999996,c1ccc(-c2nn(-c3ccncc3C3CCCO3)cc2C2CCCCC2)nc1,c1cnc(-c2nn(-c3ccncc3C3CCCO3)cc2C2CCCCC2)c(-n2cnc3cncnc32)c1
fraggfn_6td3,greedy_oracle_static,189,189,297,5,-6.609449999999999,O=C(NC1OCCCC1c1ccc2ccccc2c1)c1cccc(-c2cc[nH]c(=O)n2)c1,O=C(NC1OCCC(Br)C1c1ccc2ccccc2c1)c1cccc(-c2cc[nH]c(=O)n2)c1
fraggfn_6td3,greedy_oracle_static,190,190,298,1,-5.99056,O=C(NC1OCCCC1c1ccc2ccccc2c1)c1cccc(-c2cc[nH]c(=O)n2)c1,O=C(NC1OCCCC1c1ccc2ccccc2c1)c1cc(-c2cc[nH]c(=O)n2)ccc1-c1ccc2[nH]c3nc(=O)[nH]c(=O)c-3nc2c1
fraggfn_6td3,greedy_oracle_static,191,191,299,1,-5.856010000000001,O=C(NC1OCCCC1c1ccc2ccccc2c1)c1cccc(-c2cc[nH]c(=O)n2)c1,O=C(NC1OC(n2c3nc(=O)[nH]c(=O)c-3nc3ccccc32)CCC1c1ccc2ccccc2c1)c1cccc(-c2cc[nH]c(=O)n2)c1
fraggfn_6td3,greedy_oracle_static,192,192,300,1,-5.25726,O=C(NC1OCCCC1c1ccc2ccccc2c1)c1cccc(-c2cc[nH]c(=O)n2)c1,O=C(NC1OCCCC1c1cc(P(=O)(O)O)c2ccccc2c1)c1cccc(-c2cc[nH]c(=O)n2)c1
fraggfn_6td3,greedy_oracle_static,193,193,301,1,-5.2473600000000005,O=C(NC1OCCCC1c1ccc2ccccc2c1)c1cccc(-c2cc[nH]c(=O)n2)c1,O=C(NC1OCCCC1c1ccc2ccccc2c1)c1ccc(CS)c(-c2cc[nH]c(=O)n2)c1
fraggfn_6td3,greedy_oracle_static,194,194,302,1,-4.06427,O=C(NC1OCCCC1c1ccc2ccccc2c1)c1cccc(-c2cc[nH]c(=O)n2)c1,NS(=O)(=O)n1ccc(-c2cccc(C(=O)NC3OCCCC3c3ccc4ccccc4c3)c2)nc1=O
fraggfn_6td3,greedy_oracle_static,195,195,303,1,-3.897029999999999,O=C(NC1OCCCC1c1ccc2ccccc2c1)c1cccc(-c2cc[nH]c(=O)n2)c1,O=C(NC1OC(C2CNc3nc[nH]c(=O)c3N2)CCC1c1ccc2ccccc2c1)c1cccc(-c2cc[nH]c(=O)n2)c1
fraggfn_6td3,greedy_oracle_static,196,196,304,1,-3.8474699999999995,O=C(NC1OCCCC1c1ccc2ccccc2c1)c1cccc(-c2cc[nH]c(=O)n2)c1,O=C(NC1OCC(c2ccc3nc4c(=O)[nH]c(=O)nc-4[nH]c3c2)CC1c1ccc2ccccc2c1)c1cccc(-c2cc[nH]c(=O)n2)c1
fraggfn_6td3,greedy_oracle_static,197,197,309,5,-5.64085,O=c1nc2[nH]c3cc(-c4ccnc(C5CCCC(C6CCCC(c7c[nH]c(=O)[nH]c7=O)C6)C5)n4)ccc3nc-2c(=O)[nH]1,O=c1nc2[nH]c3cc(-c4ccnc(C5CCCC(C6CCC(N7CCNCC7)C(c7c[nH]c(=O)[nH]c7=O)C6)C5)n4)ccc3nc-2c(=O)[nH]1
fraggfn_6td3,greedy_oracle_static,198,198,310,1,-5.31262,O=c1nc2[nH]c3cc(-c4ccnc(C5CCCC(C6CCCC(c7c[nH]c(=O)[nH]c7=O)C6)C5)n4)ccc3nc-2c(=O)[nH]1,CC(=O)Nc1cc2nc3c(=O)[nH]c(=O)nc-3[nH]c2cc1-c1ccnc(C2CCCC(C3CCCC(c4c[nH]c(=O)[nH]c4=O)C3)C2)n1
fraggfn_6td3,greedy_oracle_static,199,199,311,1,-5.067879999999999,O=c1nc2[nH]c3cc(-c4ccnc(C5CCCC(C6CCCC(c7c[nH]c(=O)[nH]c7=O)C6)C5)n4)ccc3nc-2c(=O)[nH]1,O=Cn1c2nc(=O)[nH]c(=O)c-2nc2ccc(-c3ccnc(C4CCCC(C5CCCC(c6c[nH]c(=O)[nH]c6=O)C5)C4)n3)cc21
fraggfn_6td3,greedy_oracle_static,200,200,312,1,-4.41838,O=c1nc2[nH]c3cc(-c4ccnc(C5CCCC(C6CCCC(c7c[nH]c(=O)[nH]c7=O)C6)C5)n4)ccc3nc-2c(=O)[nH]1,O=c1nc2[nH]c3cc(-c4nc(C5CCCC(C6CCCC(c7c[nH]c(=O)[nH]c7=O)C6)C5)ncc4-c4nc5c(c(=O)[nH]4)NCCN5)ccc3nc-2c(=O)[nH]1
fraggfn_6td3,greedy_oracle_static,201,201,313,1,-4.038690000000001,O=c1nc2[nH]c3cc(-c4ccnc(C5CCCC(C6CCCC(c7c[nH]c(=O)[nH]c7=O)C6)C5)n4)ccc3nc-2c(=O)[nH]1,O=c1nc2[nH]c3cc(-c4ccnc(C5CCCC(C6CCCC(c7c[nH]c(=O)[nH]c7=O)C6)C5n5cnc6cncnc65)n4)ccc3nc-2c(=O)[nH]1
fraggfn_6td3,greedy_oracle_static,202,202,318,5,-6.705349999999999,O=c1nc2[nH]c3cc(C4CCCN(c5ccccc5C5CCCCC5C5CCCCC5)C4)ccc3nc-2c(=O)[nH]1,O=c1nc2[nH]c3cc(C4CCCN(c5ccccc5C5C(c6cscn6)CCCC5C5CCCCC5)C4)ccc3nc-2c(=O)[nH]1
fraggfn_6td3,greedy_oracle_static,203,203,319,1,-5.848109999999999,O=c1nc2[nH]c3cc(C4CCCN(c5ccccc5C5CCCCC5C5CCCCC5)C4)ccc3nc-2c(=O)[nH]1,O=c1nc2n([PH](=O)O)c3cc(C4CCCN(c5ccccc5C5CCCCC5C5CCCCC5)C4)ccc3nc-2c(=O)[nH]1
fraggfn_6td3,greedy_oracle_static,204,204,320,1,-5.57182,O=c1nc2[nH]c3cc(C4CCCN(c5ccccc5C5CCCCC5C5CCCCC5)C4)ccc3nc-2c(=O)[nH]1,O=c1nc2[nH]c3cc(C4CN(c5ccccc5C5CCCCC5C5CCCCC5)CCC4[NH+]4CCOCC4)ccc3nc-2c(=O)[nH]1
fraggfn_6td3,greedy_oracle_static,205,205,321,1,-4.32408,O=c1nc2[nH]c3cc(C4CCCN(c5ccccc5C5CCCCC5C5CCCCC5)C4)ccc3nc-2c(=O)[nH]1,O=c1nc2[nH]c3cc(C4CCCN(c5c(-c6cccc7ccccc67)cccc5C5CCCCC5C5CCCCC5)C4)ccc3nc-2c(=O)[nH]1
fraggfn_6td3,greedy_oracle_static,206,206,322,1,-4.15683,O=c1nc2[nH]c3cc(C4CCCN(c5ccccc5C5CCCCC5C5CCCCC5)C4)ccc3nc-2c(=O)[nH]1,O=c1nc2[nH]c3cc(C4CCCN(c5ccccc5C5CCCCC5C5CCCCC5)C4)c(-c4nc5c(c(=O)[nH]4)NCCN5)cc3nc-2c(=O)[nH]1
fraggfn_6td3,greedy_oracle_static,207,207,323,1,-3.8412700000000006,O=c1nc2[nH]c3cc(C4CCCN(c5ccccc5C5CCCCC5C5CCCCC5)C4)ccc3nc-2c(=O)[nH]1,O=c1nc2[nH]c3cc(C4CCCN(c5ccccc5C5CCCCC5C5CCCCC5C5CNc6nc[nH]c(=O)c6N5)C4)ccc3nc-2c(=O)[nH]1
fraggfn_6td3,greedy_oracle_static,208,208,324,1,-2.1345399999999994,O=c1nc2[nH]c3cc(C4CCCN(c5ccccc5C5CCCCC5C5CCCCC5)C4)ccc3nc-2c(=O)[nH]1,O=c1nc2[nH]c3cc(C4CCCN(c5cccc(-n6cnc7cncnc76)c5C5CCCCC5C5CCCCC5)C4)ccc3nc-2c(=O)[nH]1
fraggfn_6td3,greedy_oracle_static,209,209,329,5,-5.9969600000000005,O=c1nc2n(-n3cnc4c(=O)[nH]c(C5CCCCC5C5C=CCCC5)nc43)c3cc(-c4ccccc4)ccc3nc-2c(=O)[nH]1,O=c1nc2[nH]c3cc(C4CCC=CC4C4CCCCC4c4nc5c(ncn5-n5c6nc(=O)[nH]c(=O)c-6nc6ccc(-c7ccccc7)cc65)c(=O)[nH]4)ccc3nc-2c(=O)[nH]1
fraggfn_6td3,greedy_oracle_static,210,210,330,1,-5.227589999999999,O=c1nc2n(-n3cnc4c(=O)[nH]c(C5CCCCC5C5C=CCCC5)nc43)c3cc(-c4ccccc4)ccc3nc-2c(=O)[nH]1,O=c1nc2n(-n3cnc4c(=O)[nH]c(C5CCCCC5C5C=CCCC5)nc43)c3cc(-c4cccc(-n5cnc6cncnc65)c4)ccc3nc-2c(=O)[nH]1
fraggfn_6td3,greedy_oracle_static,211,211,331,1,-3.2675099999999997,O=c1nc2n(-n3cnc4c(=O)[nH]c(C5CCCCC5C5C=CCCC5)nc43)c3cc(-c4ccccc4)ccc3nc-2c(=O)[nH]1,O=c1nc2n(-n3cnc4c(=O)[nH]c(C5C(C6C=CCCC6)CCCC5n5cnc6c(=O)[nH]cnc65)nc43)c3cc(-c4ccccc4)ccc3nc-2c(=O)[nH]1
fraggfn_6td3,greedy_oracle_static,212,212,336,5,-6.12423,O=c1nc2[nH]c3cc(-c4ccccc4C4CCCC(C5CCOC5C5CCCCC5)C4)ccc3nc-2c(=O)[nH]1,O=c1nc2[nH]c3cc(-c4ccccc4C4CC(C5CCOC5C5CCCCC5)CCC4C4C=CCCC4)ccc3nc-2c(=O)[nH]1
fraggfn_6td3,greedy_oracle_static,213,213,337,1,-5.65826,O=c1nc2[nH]c3cc(-c4ccccc4C4CCCC(C5CCOC5C5CCCCC5)C4)ccc3nc-2c(=O)[nH]1,O=c1nc2[nH]c3cc(-c4ccccc4C4CCCC(C5C(c6c[nH]c7ccccc67)COC5C5CCCCC5)C4)ccc3nc-2c(=O)[nH]1
fraggfn_6td3,greedy_oracle_static,214,214,338,1,-5.6401900000000005,O=c1nc2[nH]c3cc(-c4ccccc4C4CCCC(C5CCOC5C5CCCCC5)C4)ccc3nc-2c(=O)[nH]1,O=c1nc2[nH]c3ccc(-n4c5nc(=O)[nH]c(=O)c-5nc5ccc(-c6ccccc6C6CCCC(C7CCOC7C7CCCCC7)C6)cc54)cc3nc-2c(=O)[nH]1
fraggfn_6td3,greedy_oracle_static,215,215,339,1,-4.613199999999999,O=c1nc2[nH]c3cc(-c4ccccc4C4CCCC(C5CCOC5C5CCCCC5)C4)ccc3nc-2c(=O)[nH]1,O=c1nc2[nH]c3cc(-c4ccccc4C4CCCC(C5CCOC5C5CCCCC5[NH+]5CCOCC5)C4)ccc3nc-2c(=O)[nH]1
fraggfn_6td3,greedy_oracle_static,216,216,340,1,-4.07396,O=c1nc2[nH]c3cc(-c4ccccc4C4CCCC(C5CCOC5C5CCCCC5)C4)ccc3nc-2c(=O)[nH]1,O=c1nc2[nH]c3cc(-c4cccc(C5CNc6nc[nH]c(=O)c6N5)c4C4CCCC(C5CCOC5C5CCCCC5)C4)ccc3nc-2c(=O)[nH]1
fraggfn_6td3,greedy_oracle_static,217,217,345,5,-6.5429,O=c1nc2[nH]c3cc(C4CCCCC4C4COC(C5CCCCC5)C(C5CCNC5)C4)ccc3nc-2c(=O)[nH]1,O=c1nc2[nH]c3cc(C4CCC(N5CCCCC5)CC4C4COC(C5CCCCC5)C(C5CCNC5)C4)ccc3nc-2c(=O)[nH]1
fraggfn_6td3,greedy_oracle_static,218,218,346,1,-5.948860000000001,O=c1nc2[nH]c3cc(C4CCCCC4C4COC(C5CCCCC5)C(C5CCNC5)C4)ccc3nc-2c(=O)[nH]1,O=c1nc(C2NCCC2C2CC(C3CCCCC3c3ccc4nc5c(=O)[nH]c(=O)nc-5[nH]c4c3)COC2C2CCCCC2)cc[nH]1
fraggfn_6td3,greedy_oracle_static,219,219,347,1,-4.97662,O=c1nc2[nH]c3cc(C4CCCCC4C4COC(C5CCCCC5)C(C5CCNC5)C4)ccc3nc-2c(=O)[nH]1,O=c1nc2n(O)c3cc(C4CCCCC4C4COC(C5CCCCC5)C(C5CCNC5)C4)ccc3nc-2c(=O)[nH]1
fraggfn_6td3,greedy_oracle_static,220,220,348,1,-4.77182,O=c1nc2[nH]c3cc(C4CCCCC4C4COC(C5CCCCC5)C(C5CCNC5)C4)ccc3nc-2c(=O)[nH]1,O=c1nc2[nH]c3cc(C4CCCCC4C4COC(C5CCCCC5)C(C5CCNC5)C4C4=CCCCC4)ccc3nc-2c(=O)[nH]1
fraggfn_6td3,greedy_oracle_static,221,221,349,1,-4.30399,O=c1nc2[nH]c3cc(C4CCCCC4C4COC(C5CCCCC5)C(C5CCNC5)C4)ccc3nc-2c(=O)[nH]1,O=c1nc2[nH]c3cc(C4CCCCC4C4COC(C5CCCCC5)C(C5CCNC5)C4)c(-c4ccc5ccccc5c4)cc3nc-2c(=O)[nH]1
fraggfn_6td3,greedy_oracle_static,222,222,350,1,-4.0188500000000005,O=c1nc2[nH]c3cc(C4CCCCC4C4COC(C5CCCCC5)C(C5CCNC5)C4)ccc3nc-2c(=O)[nH]1,O=c1nc2[nH]c3cc(C4CCCCC4C4COC(C5CCCCC5n5cnc6cncnc65)C(C5CCNC5)C4)ccc3nc-2c(=O)[nH]1
fraggfn_6td3,greedy_oracle_static,223,223,351,1,-3.42389,O=c1nc2[nH]c3cc(C4CCCCC4C4COC(C5CCCCC5)C(C5CCNC5)C4)ccc3nc-2c(=O)[nH]1,O=c1nc2[nH]c3cc(C4CCCCC4C4CC(C5CCNC5)C(C5CCCCC5)OC4n4c5nc(=O)[nH]c(=O)c-5nc5ccccc54)ccc3nc-2c(=O)[nH]1
fraggfn_6td3,greedy_oracle_static,224,224,356,5,-6.463729999999999,O=c1nc2n(-c3cccc(C4CCC(c5ccccc5)OC4)c3)c3cc(C4CCCCC4)ccc3nc-2c(=O)[nH]1,O=c1nc2n(-c3cccc(C4CCC(c5cccc(N6C=CCC=C6)c5)OC4)c3)c3cc(C4CCCCC4)ccc3nc-2c(=O)[nH]1
fraggfn_6td3,greedy_oracle_static,225,225,357,1,-5.86448,O=c1nc2n(-c3cccc(C4CCC(c5ccccc5)OC4)c3)c3cc(C4CCCCC4)ccc3nc-2c(=O)[nH]1,O=c1nc2n(-c3cccc(C4CCC(c5ccccc5)OC4c4cccc5ccccc45)c3)c3cc(C4CCCCC4)ccc3nc-2c(=O)[nH]1
fraggfn_6td3,greedy_oracle_static,226,226,358,1,-5.664109999999999,O=c1nc2n(-c3cccc(C4CCC(c5ccccc5)OC4)c3)c3cc(C4CCCCC4)ccc3nc-2c(=O)[nH]1,O=c1nc2n(-c3cccc(C4CCC(c5ccccc5)OC4)c3)c3cc(C4CCCCC4C4CNc5nc[nH]c(=O)c5N4)ccc3nc-2c(=O)[nH]1
fraggfn_6td3,greedy_oracle_static,227,227,359,1,-5.2737300000000005,O=c1nc2n(-c3cccc(C4CCC(c5ccccc5)OC4)c3)c3cc(C4CCCCC4)ccc3nc-2c(=O)[nH]1,O=c1nc2[nH]c3cc(-c4cc5nc6c(=O)[nH]c(=O)nc-6n(-c6cccc(C7CCC(c8ccccc8)OC7)c6)c5cc4C4CCCCC4)ccc3nc-2c(=O)[nH]1
fraggfn_6td3,greedy_oracle_static,228,228,360,1,-4.52801,O=c1nc2n(-c3cccc(C4CCC(c5ccccc5)OC4)c3)c3cc(C4CCCCC4)ccc3nc-2c(=O)[nH]1,O=c1nc2n(-c3ccc(-c4nc5c(c(=O)[nH]4)NCCN5)c(C4CCC(c5ccccc5)OC4)c3)c3cc(C4CCCCC4)ccc3nc-2c(=O)[nH]1
fraggfn_6td3,greedy_oracle_static,229,229,361,1,-3.8977999999999993,O=c1nc2n(-c3cccc(C4CCC(c5ccccc5)OC4)c3)c3cc(C4CCCCC4)ccc3nc-2c(=O)[nH]1,O=c1nc2n(-c3cccc(C4CCC(c5ccccc5)OC4)c3-n3cnc4c(=O)[nH]cnc43)c3cc(C4CCCCC4)ccc3nc-2c(=O)[nH]1
fraggfn_6td3,greedy_oracle_static,230,230,366,5,-5.71429,O=c1nc2[nH]c3ccc(C4CCCC(c5ccnc(-n6cc(-c7nc8[nH]cnc8c(=O)[nH]7)c(=O)[nH]c6=O)c5)C4)cc3nc-2c(=O)[nH]1,CC(C)=CC1CCC(c2ccnc(-n3cc(-c4nc5[nH]cnc5c(=O)[nH]4)c(=O)[nH]c3=O)c2)CC1c1ccc2[nH]c3nc(=O)[nH]c(=O)c-3nc2c1
fraggfn_6td3,greedy_oracle_static,231,231,367,1,-4.08034,O=c1nc2[nH]c3ccc(C4CCCC(c5ccnc(-n6cc(-c7nc8[nH]cnc8c(=O)[nH]7)c(=O)[nH]c6=O)c5)C4)cc3nc-2c(=O)[nH]1,O=c1nc2[nH]c3ccc(C4CCCC(c5ccnc(-n6cc(-c7nc8c(ncn8-c8cccc9ccccc89)c(=O)[nH]7)c(=O)[nH]c6=O)c5)C4)cc3nc-2c(=O)[nH]1
fraggfn_6td3,greedy_oracle_static,232,232,368,1,-3.8609899999999993,O=c1nc2[nH]c3ccc(C4CCCC(c5ccnc(-n6cc(-c7nc8[nH]cnc8c(=O)[nH]7)c(=O)[nH]c6=O)c5)C4)cc3nc-2c(=O)[nH]1,O=c1nc2[nH]c3ccc(C4CCCC(c5ccnc(-n6cc(-c7nc8[nH]cnc8c(=O)[nH]7)c(=O)[nH]c6=O)c5-n5cccnc5=O)C4)cc3nc-2c(=O)[nH]1
fraggfn_6td3,greedy_oracle_static,233,233,369,1,-3.601419999999999,O=c1nc2[nH]c3ccc(C4CCCC(c5ccnc(-n6cc(-c7nc8[nH]cnc8c(=O)[nH]7)c(=O)[nH]c6=O)c5)C4)cc3nc-2c(=O)[nH]1,O=c1nc2n(-n3cnc4c(=O)[nH]cnc43)c3ccc(C4CCCC(c5ccnc(-n6cc(-c7nc8[nH]cnc8c(=O)[nH]7)c(=O)[nH]c6=O)c5)C4)cc3nc-2c(=O)[nH]1
fraggfn_6td3,greedy_oracle_static,234,234,374,5,-5.6306899999999995,c1cc(C2CCCCC2)c(C2CCCCC2N2CCCC2)c(C2CCCCC2)c1,O=c1nc(C2CCCC(c3cccc(C4CCCCC4)c3C3CCCCC3N3CCCC3)C2)cc[nH]1
fraggfn_6td3,greedy_oracle_static,235,235,375,1,-5.40827,c1cc(C2CCCCC2)c(C2CCCCC2N2CCCC2)c(C2CCCCC2)c1,O=c1nc2[nH]c3ccc(-c4ccc(C5CCCCC5)c(C5CCCCC5N5CCCC5)c4C4CCCCC4)cc3nc-2c(=O)[nH]1
fraggfn_6td3,greedy_oracle_static,236,236,376,1,-5.099069999999999,c1cc(C2CCCCC2)c(C2CCCCC2N2CCCC2)c(C2CCCCC2)c1,c1cc(C2CCCCC2)c(C2CC(c3ccc4ccccc4c3)CCC2N2CCCC2)c(C2CCCCC2)c1
fraggfn_6td3,greedy_oracle_static,237,237,377,1,-4.8902399999999995,c1cc(C2CCCCC2)c(C2CCCCC2N2CCCC2)c(C2CCCCC2)c1,c1ccc2c(-c3cc(C4CCCCC4)c(C4CCCCC4N4CCCC4)c(C4CCCCC4)c3)cccc2c1
fraggfn_6td3,greedy_oracle_static,238,238,378,1,-4.80614,c1cc(C2CCCCC2)c(C2CCCCC2N2CCCC2)c(C2CCCCC2)c1,O=c1nc2[nH]c3cc(C4CCCC(N5CCCC5)C4c4c(C5CCCCC5)cccc4C4CCCCC4)ccc3nc-2c(=O)[nH]1
fraggfn_6td3,greedy_oracle_static,239,239,379,1,-4.49987,c1cc(C2CCCCC2)c(C2CCCCC2N2CCCC2)c(C2CCCCC2)c1,O=c1[nH]cnc2c1NC(C1CCCC(N3CCCC3)C1c1c(C3CCCCC3)cccc1C1CCCCC1)CN2
fraggfn_6td3,greedy_oracle_static,240,240,380,1,-4.41555,c1cc(C2CCCCC2)c(C2CCCCC2N2CCCC2)c(C2CCCCC2)c1,O=C(NO)c1cc(C2CCCCC2)c(C2CCCCC2N2CCCC2)c(C2CCCCC2)c1
fraggfn_6td3,greedy_oracle_static,241,241,381,1,-4.3619,c1cc(C2CCCCC2)c(C2CCCCC2N2CCCC2)c(C2CCCCC2)c1,O=[PH](O)C1CCCN1C1CCCCC1c1c(C2CCCCC2)cccc1C1CCCCC1
fraggfn_6td3,greedy_oracle_static,242,242,382,1,-4.35693,c1cc(C2CCCCC2)c(C2CCCCC2N2CCCC2)c(C2CCCCC2)c1,c1cc(C2CCCCC2)c(C2CC(c3ncnc4[nH]cnc34)CCC2N2CCCC2)c(C2CCCCC2)c1
fraggfn_6td3,greedy_oracle_static,243,243,383,1,-4.3223,c1cc(C2CCCCC2)c(C2CCCCC2N2CCCC2)c(C2CCCCC2)c1,O=[N+]([O-])C1CCCCC1c1cccc(C2CCCCC2)c1C1CCCCC1N1CCCC1
fraggfn_6td3,greedy_oracle_static,244,244,384,1,-4.21162,c1cc(C2CCCCC2)c(C2CCCCC2N2CCCC2)c(C2CCCCC2)c1,c1cc(C2CCCCC2)c(C2CCCC(c3ccncc3)C2N2CCCC2)c(C2CCCCC2)c1
fraggfn_6td3,greedy_oracle_static,245,245,385,1,-4.16714,c1cc(C2CCCCC2)c(C2CCCCC2N2CCCC2)c(C2CCCCC2)c1,c1cc(C2CCCCC2)c(C2CC(N3CCNCC3)CCC2N2CCCC2)c(C2CCCCC2)c1
fraggfn_6td3,greedy_oracle_static,246,246,386,1,-4.08374,c1cc(C2CCCCC2)c(C2CCCCC2N2CCCC2)c(C2CCCCC2)c1,COc1ccc(C2CCCCC2)c(C2CCCCC2N2CCCC2)c1C1CCCCC1
fraggfn_6td3,greedy_oracle_static,247,247,387,1,-4.083060000000001,c1cc(C2CCCCC2)c(C2CCCCC2N2CCCC2)c(C2CCCCC2)c1,O=CNCC1CCC(c2c(C3CCCCC3)cccc2C2CCCCC2)C(N2CCCC2)C1
fraggfn_6td3,greedy_oracle_static,248,248,388,1,-4.0429900000000005,c1cc(C2CCCCC2)c(C2CCCCC2N2CCCC2)c(C2CCCCC2)c1,c1cc(C2CCCCC2)c(C2CCCCC2N2CCC(c3cc[nH]n3)C2)c(C2CCCCC2)c1
fraggfn_6td3,greedy_oracle_static,249,249,389,1,-3.88758,c1cc(C2CCCCC2)c(C2CCCCC2N2CCCC2)c(C2CCCCC2)c1,O=c1[nH]c(C2CCC(N3CCCC3)C(c3c(C4CCCCC4)cccc3C3CCCCC3)C2)nc2c1NCCN2
fraggfn_6td3,greedy_oracle_static,250,250,390,1,-3.8814900000000003,c1cc(C2CCCCC2)c(C2CCCCC2N2CCCC2)c(C2CCCCC2)c1,c1ccc2c(-c3ccc(C4CCCCC4)c(C4CCCCC4N4CCCC4)c3C3CCCCC3)c[nH]c2c1
fraggfn_6td3,greedy_oracle_static,251,251,391,1,-3.8611,c1cc(C2CCCCC2)c(C2CCCCC2N2CCCC2)c(C2CCCCC2)c1,c1c[nH+]cc(C2CCC(c3c(C4CCCCC4)cccc3C3CCCCC3)C(N3CCCC3)C2)c1
fraggfn_6td3,greedy_oracle_static,252,252,392,1,-3.85759,c1cc(C2CCCCC2)c(C2CCCCC2N2CCCC2)c(C2CCCCC2)c1,c1cc(C2CCCCC2)c(C2C(c3cccc4ccccc34)CCCC2N2CCCC2)c(C2CCCCC2)c1
fraggfn_6td3,greedy_oracle_static,253,253,393,1,-3.84441,c1cc(C2CCCCC2)c(C2CCCCC2N2CCCC2)c(C2CCCCC2)c1,O=c1[nH]c(-c2cc(C3CCCCC3)c(C3CCCCC3N3CCCC3)c(C3CCCCC3)c2)nc2c1NCCN2
fraggfn_6td3,greedy_oracle_static,254,254,394,1,-3.7250199999999998,c1cc(C2CCCCC2)c(C2CCCCC2N2CCCC2)c(C2CCCCC2)c1,C1=CCC(C2CCCC(N3CCCC3)C2c2c(C3CCCCC3)cccc2C2CCCCC2)CC1
fraggfn_6td3,greedy_oracle_static,255,255,395,1,-3.59225,c1cc(C2CCCCC2)c(C2CCCCC2N2CCCC2)c(C2CCCCC2)c1,O=c1[nH]c(C2CCCC(c3c(C4CCCCC4)cccc3C3CCCCC3)C2N2CCCC2)nc2[nH]cnc12
fraggfn_6td3,greedy_oracle_static,256,256,396,1,-3.5796400000000004,c1cc(C2CCCCC2)c(C2CCCCC2N2CCCC2)c(C2CCCCC2)c1,O=c1[nH]cnc2c1NC(c1cc(C3CCCCC3)c(C3CCCCC3N3CCCC3)c(C3CCCCC3)c1)CN2
fraggfn_6td3,greedy_oracle_static,257,257,397,1,-3.5447500000000005,c1cc(C2CCCCC2)c(C2CCCCC2N2CCCC2)c(C2CCCCC2)c1,O=c1[nH]cnc2c1ncn2C1CCCC(N2CCCC2)C1c1c(C2CCCCC2)cccc1C1CCCCC1
fraggfn_6td3,greedy_oracle_static,258,258,398,1,-3.2702,c1cc(C2CCCCC2)c(C2CCCCC2N2CCCC2)c(C2CCCCC2)c1,c1nc(-c2ccc(C3CCCCC3)c(C3CCCCC3N3CCCC3)c2C2CCCCC2)c2nc[nH]c2n1
fraggfn_6td3,greedy_oracle_static,259,259,399,1,-3.22547,c1cc(C2CCCCC2)c(C2CCCCC2N2CCCC2)c(C2CCCCC2)c1,c1cc(C2CCCCC2)c(C2C(N3CCCC3)CCCC2n2cccn2)c(C2CCCCC2)c1
fraggfn_6td3,greedy_oracle_static,260,260,400,1,-3.1191200000000006,c1cc(C2CCCCC2)c(C2CCCCC2N2CCCC2)c(C2CCCCC2)c1,O=c1[nH]cnc2c1ncn2-c1ccc(C2CCCCC2)c(C2CCCCC2N2CCCC2)c1C1CCCCC1
fraggfn_6td3,greedy_oracle_static,261,261,401,1,-3.03986,c1cc(C2CCCCC2)c(C2CCCCC2N2CCCC2)c(C2CCCCC2)c1,O=c1nc2n(-c3cc(C4CCCCC4)c(C4CCCCC4N4CCCC4)c(C4CCCCC4)c3)c3ccccc3nc-2c(=O)[nH]1
fraggfn_6td3,greedy_oracle_static,262,262,402,1,-3.0335800000000006,c1cc(C2CCCCC2)c(C2CCCCC2N2CCCC2)c(C2CCCCC2)c1,O=c1nc2n(C3CCCC(c4c(C5CCCCC5)cccc4C4CCCCC4)C3N3CCCC3)c3ccccc3nc-2c(=O)[nH]1
fraggfn_6td3,greedy_oracle_static,263,263,403,1,-2.8672500000000003,c1cc(C2CCCCC2)c(C2CCCCC2N2CCCC2)c(C2CCCCC2)c1,c1c[nH+]cc(C2CCCN2C2CCCCC2c2c(C3CCCCC3)cccc2C2CCCCC2)c1
fraggfn_6td3,greedy_oracle_static,264,264,404,1,-2.65024,c1cc(C2CCCCC2)c(C2CCCCC2N2CCCC2)c(C2CCCCC2)c1,c1cc(C2CCCCC2)c(C2CC(C3CCCOC3)CCC2N2CCCC2)c(C2CCCCC2)c1
fraggfn_6td3,greedy_oracle_static,265,265,405,1,-2.29094,c1cc(C2CCCCC2)c(C2CCCCC2N2CCCC2)c(C2CCCCC2)c1,CC(=O)NC1CCCC(N2CCCC2)C1c1c(C2CCCCC2)cccc1C1CCCCC1
fraggfn_6td3,greedy_oracle_static,266,266,406,1,-2.0332800000000004,c1cc(C2CCCCC2)c(C2CCCCC2N2CCCC2)c(C2CCCCC2)c1,O=c1ncccn1C1CCN(C2CCCCC2c2c(C3CCCCC3)cccc2C2CCCCC2)C1
fraggfn_6td3,greedy_oracle_static,267,267,411,5,-5.64449,c1ccc(C2CCCC(c3cc[nH]n3)O2)c(-c2cc(-c3cncnc3)cc3ccccc23)c1,O=c1ccn(-c2cc(C3CCCC(c4ccccc4-c4cc(-c5cncnc5)cc5ccccc45)O3)n[nH]2)c(=O)[nH]1
fraggfn_6td3,greedy_oracle_static,268,268,412,1,-5.4196,c1ccc(C2CCCC(c3cc[nH]n3)O2)c(-c2cc(-c3cncnc3)cc3ccccc23)c1,c1ccc(C2CC(C3CC3)CC(c3cc[nH]n3)O2)c(-c2cc(-c3cncnc3)cc3ccccc23)c1
fraggfn_6td3,greedy_oracle_static,269,269,413,1,-5.40226,c1ccc(C2CCCC(c3cc[nH]n3)O2)c(-c2cc(-c3cncnc3)cc3ccccc23)c1,O=C([O-])c1ncncc1-c1cc(-c2ccccc2C2CCCC(c3cc[nH]n3)O2)c2ccccc2c1
fraggfn_6td3,greedy_oracle_static,270,270,414,1,-5.047389999999999,c1ccc(C2CCCC(c3cc[nH]n3)O2)c(-c2cc(-c3cncnc3)cc3ccccc23)c1,Cc1cccc(C2CCCC(c3cc[nH]n3)O2)c1-c1cc(-c2cncnc2)cc2ccccc12
fraggfn_6td3,greedy_oracle_static,271,271,415,1,-4.80691,c1ccc(C2CCCC(c3cc[nH]n3)O2)c(-c2cc(-c3cncnc3)cc3ccccc23)c1,O=c1nc2[nH]c3ccc(-c4ccc(C5CCCC(c6cc[nH]n6)O5)c(-c5cc(-c6cncnc6)cc6ccccc56)c4)cc3nc-2c(=O)[nH]1
fraggfn_6td3,greedy_oracle_static,272,272,416,1,-4.645200000000001,c1ccc(C2CCCC(c3cc[nH]n3)O2)c(-c2cc(-c3cncnc3)cc3ccccc23)c1,O=c1[nH]c(-c2cccc(-c3cc(-c4cncnc4)cc4ccccc34)c2C2CCCC(c3cc[nH]n3)O2)nc2c1NCCN2
fraggfn_6td3,greedy_oracle_static,273,273,417,1,-3.9903899999999997,c1ccc(C2CCCC(c3cc[nH]n3)O2)c(-c2cc(-c3cncnc3)cc3ccccc23)c1,O=c1nc2n(C3CCC(c4ccccc4-c4cc(-c5cncnc5)cc5ccccc45)OC3c3cc[nH]n3)c3ccccc3nc-2c(=O)[nH]1
fraggfn_6td3,greedy_oracle_static,274,274,418,1,-3.2483000000000004,c1ccc(C2CCCC(c3cc[nH]n3)O2)c(-c2cc(-c3cncnc3)cc3ccccc23)c1,c1ccc(C2CCCC(c3n[nH]cc3-c3ncnc4[nH]cnc34)O2)c(-c2cc(-c3cncnc3)cc3ccccc23)c1
fraggfn_6td3,greedy_oracle_static,275,275,419,1,-2.9160500000000003,c1ccc(C2CCCC(c3cc[nH]n3)O2)c(-c2cc(-c3cncnc3)cc3ccccc23)c1,O=c1[nH]cnc2c1NC(c1ccc(-c3cc(-c4cncnc4)cc4ccccc34)c(C3CCCC(c4cc[nH]n4)O3)c1)CN2
fraggfn_6td3,greedy_oracle_static,276,276,424,5,-5.83123,O=c1nc2[nH]c3ccc(-c4cccc(C5CCCCC5C5COCC5c5nc6[nH]cnc6c(=O)[nH]5)c4)cc3nc-2c(=O)[nH]1,O=c1nc2[nH]c3ccc(-c4cccc(C5C(C6CCCNC6)CCCC5C5COCC5c5nc6[nH]cnc6c(=O)[nH]5)c4)cc3nc-2c(=O)[nH]1
fraggfn_6td3,greedy_oracle_static,277,277,425,1,-5.245520000000001,O=c1nc2[nH]c3ccc(-c4cccc(C5CCCCC5C5COCC5c5nc6[nH]cnc6c(=O)[nH]5)c4)cc3nc-2c(=O)[nH]1,O=c1nc2[nH]c3ccc(-c4cccc(C5CCCCC5C5COC(c6cccc7ccccc67)C5c5nc6[nH]cnc6c(=O)[nH]5)c4)cc3nc-2c(=O)[nH]1
fraggfn_6td3,greedy_oracle_static,278,278,426,1,-5.1614,O=c1nc2[nH]c3ccc(-c4cccc(C5CCCCC5C5COCC5c5nc6[nH]cnc6c(=O)[nH]5)c4)cc3nc-2c(=O)[nH]1,O=c1nc2[nH]c3ccc(-c4cccc(C5CCCCC5C5COCC5c5nc6c(ncn6N6C=CCC=C6)c(=O)[nH]5)c4)cc3nc-2c(=O)[nH]1
fraggfn_6td3,greedy_oracle_static,279,279,427,1,-4.80863,O=c1nc2[nH]c3ccc(-c4cccc(C5CCCCC5C5COCC5c5nc6[nH]cnc6c(=O)[nH]5)c4)cc3nc-2c(=O)[nH]1,O=c1nc2n([N+](=O)[O-])c3ccc(-c4cccc(C5CCCCC5C5COCC5c5nc6[nH]cnc6c(=O)[nH]5)c4)cc3nc-2c(=O)[nH]1
fraggfn_6td3,greedy_oracle_static,280,280,428,1,-3.37331,O=c1nc2[nH]c3ccc(-c4cccc(C5CCCCC5C5COCC5c5nc6[nH]cnc6c(=O)[nH]5)c4)cc3nc-2c(=O)[nH]1,O=c1nc2[nH]c3cc(C4CNc5nc[nH]c(=O)c5N4)c(-c4cccc(C5CCCCC5C5COCC5c5nc6[nH]cnc6c(=O)[nH]5)c4)cc3nc-2c(=O)[nH]1
fraggfn_6td3,greedy_oracle_static,281,281,429,1,-3.2122600000000006,O=c1nc2[nH]c3ccc(-c4cccc(C5CCCCC5C5COCC5c5nc6[nH]cnc6c(=O)[nH]5)c4)cc3nc-2c(=O)[nH]1,O=c1nc2[nH]c3ccc(-c4cc(C5CCCCC5C5COCC5c5nc6[nH]cnc6c(=O)[nH]5)ccc4-n4cnc5cncnc54)cc3nc-2c(=O)[nH]1
fraggfn_6td3,greedy_oracle_static,282,282,434,5,-6.058779999999999,O=c1nc2[nH]c3cc(C4CCCCC4C4CNCCC4c4ccccc4C4CCCCC4)ccc3nc-2c(=O)[nH]1,O=c1nc2[nH]c3cc(C4CCC(n5cccn5)CC4C4CNCCC4c4ccccc4C4CCCCC4)ccc3nc-2c(=O)[nH]1
fraggfn_6td3,greedy_oracle_static,283,283,435,1,-5.55475,O=c1nc2[nH]c3cc(C4CCCCC4C4CNCCC4c4ccccc4C4CCCCC4)ccc3nc-2c(=O)[nH]1,O=Cn1c2nc(=O)[nH]c(=O)c-2nc2ccc(C3CCCCC3C3CNCCC3c3ccccc3C3CCCCC3)cc21
fraggfn_6td3,greedy_oracle_static,284,284,436,1,-5.1098799999999995,O=c1nc2[nH]c3cc(C4CCCCC4C4CNCCC4c4ccccc4C4CCCCC4)ccc3nc-2c(=O)[nH]1,O=c1nc2[nH]c3cc(C4CCCCC4C4CNCCC4c4cccc(-c5cscn5)c4C4CCCCC4)ccc3nc-2c(=O)[nH]1
fraggfn_6td3,greedy_oracle_static,285,285,437,1,-5.09916,O=c1nc2[nH]c3cc(C4CCCCC4C4CNCCC4c4ccccc4C4CCCCC4)ccc3nc-2c(=O)[nH]1,O=c1nc2[nH]c3ccc(N4CCC(c5ccccc5C5CCCCC5)C(C5CCCCC5c5ccc6nc7c(=O)[nH]c(=O)nc-7[nH]c6c5)C4)cc3nc-2c(=O)[nH]1
fraggfn_6td3,greedy_oracle_static,286,286,438,1,-4.379950000000001,O=c1nc2[nH]c3cc(C4CCCCC4C4CNCCC4c4ccccc4C4CCCCC4)ccc3nc-2c(=O)[nH]1,O=c1nc2[nH]c3cc(C4CCCCC4C4CNCCC4c4ccccc4C4CCCCC4)c(-c4ccc[nH+]c4)cc3nc-2c(=O)[nH]1
fraggfn_6td3,greedy_oracle_static,287,287,443,5,-6.278639999999999,O=c1nc2[nH]c3cc(C4OCC(C5CCNCC5c5ccccc5)CC4C4CCCCC4)ccc3nc-2c(=O)[nH]1,O=c1nc2n(S(=O)(=O)O)c3cc(C4OCC(C5CCNCC5c5ccccc5)CC4C4CCCCC4)ccc3nc-2c(=O)[nH]1
fraggfn_6td3,greedy_oracle_static,288,288,444,1,-5.800180000000001,O=c1nc2[nH]c3cc(C4OCC(C5CCNCC5c5ccccc5)CC4C4CCCCC4)ccc3nc-2c(=O)[nH]1,O=c1nc2[nH]c3cc(C4OCC(C5CCNCC5c5ccccc5)CC4C4CCCC(n5cccnc5=O)C4)ccc3nc-2c(=O)[nH]1
fraggfn_6td3,greedy_oracle_static,289,289,445,1,-5.68994,O=c1nc2[nH]c3cc(C4OCC(C5CCNCC5c5ccccc5)CC4C4CCCCC4)ccc3nc-2c(=O)[nH]1,O=c1nc2[nH]c3cc(C4OCC(C5CCNCC5c5ccccc5)C(c5cncnc5)C4C4CCCCC4)ccc3nc-2c(=O)[nH]1
fraggfn_6td3,greedy_oracle_static,290,290,446,1,-4.434670000000001,O=c1nc2[nH]c3cc(C4OCC(C5CCNCC5c5ccccc5)CC4C4CCCCC4)ccc3nc-2c(=O)[nH]1,O=c1nc2[nH]c3cc(C4OCC(C5CCNCC5c5ccccc5)CC4C4CCCCC4)c(-n4cnc5cncnc54)cc3nc-2c(=O)[nH]1
fraggfn_6td3,greedy_oracle_static,291,291,447,1,-3.3126700000000007,O=c1nc2[nH]c3cc(C4OCC(C5CCNCC5c5ccccc5)CC4C4CCCCC4)ccc3nc-2c(=O)[nH]1,O=c1nc2[nH]c3cc(C4OCC(C5CCN(c6cccc7ccccc67)CC5c5ccccc5)CC4C4CCCCC4)ccc3nc-2c(=O)[nH]1
fraggfn_6td3,greedy_oracle_static,292,292,452,5,-5.8142,C1=CC(C2CCCCC2)C(c2nccc(-c3cccc(C4CCNCC4)c3)n2)CC1,O=c1nc2[nH]c3cc(C4CCCCC4C4C=CCCC4c4nccc(-c5cccc(C6CCNCC6)c5)n4)ccc3nc-2c(=O)[nH]1
fraggfn_6td3,greedy_oracle_static,293,293,453,1,-5.719129999999999,C1=CC(C2CCCCC2)C(c2nccc(-c3cccc(C4CCNCC4)c3)n2)CC1,C1=CC(C2CCCCC2)C(c2nccc(-c3cc(C4CCNCC4)ccc3C3CCOC3)n2)CC1
fraggfn_6td3,greedy_oracle_static,294,294,454,1,-5.66976,C1=CC(C2CCCCC2)C(c2nccc(-c3cccc(C4CCNCC4)c3)n2)CC1,C1=CC(C2CCCCC2)C(c2nc(-c3cccc(C4CCNCC4)c3)cc(C3CCCO3)n2)CC1
fraggfn_6td3,greedy_oracle_static,295,295,455,1,-5.607779999999999,C1=CC(C2CCCCC2)C(c2nccc(-c3cccc(C4CCNCC4)c3)n2)CC1,C1=CC(C2CCCCC2)C(c2nccc(-c3cccc(C4CCNCC4c4cccc5ccccc45)c3)n2)CC1
fraggfn_6td3,greedy_oracle_static,296,296,456,1,-5.5545,C1=CC(C2CCCCC2)C(c2nccc(-c3cccc(C4CCNCC4)c3)n2)CC1,C1=CC(C2CCCCC2)C(c2ncc(-c3cccnc3)c(-c3cccc(C4CCNCC4)c3)n2)CC1
fraggfn_6td3,greedy_oracle_static,297,297,457,1,-5.4240200000000005,C1=CC(C2CCCCC2)C(c2nccc(-c3cccc(C4CCNCC4)c3)n2)CC1,O=C(NO)c1ccc(-c2ccnc(C3CCC=CC3C3CCCCC3)n2)cc1C1CCNCC1
fraggfn_6td3,greedy_oracle_static,298,298,458,1,-4.89717,C1=CC(C2CCCCC2)C(c2nccc(-c3cccc(C4CCNCC4)c3)n2)CC1,C1=CC(C2CCCCC2)C(c2nccc(-c3cccc(C4CCN(n5cnc6cncnc65)CC4)c3)n2)CC1
fraggfn_6td3,greedy_oracle_static,299,299,459,1,-4.772589999999999,C1=CC(C2CCCCC2)C(c2nccc(-c3cccc(C4CCNCC4)c3)n2)CC1,O=c1nc(C2CCC(C3C=CCCC3c3nccc(-c4cccc(C5CCNCC5)c4)n3)CC2)cc[nH]1
fraggfn_6td3,greedy_oracle_static,300,300,460,1,-4.2978700000000005,C1=CC(C2CCCCC2)C(c2nccc(-c3cccc(C4CCNCC4)c3)n2)CC1,C1=C(N2CCNCC2)CCC(c2nccc(-c3cccc(C4CCNCC4)c3)n2)C1C1CCCCC1
