tag,arm,step,cum_modes,cum_reactions,reactions_added,reward,source_hub,smiles
scent_6td3,best_candidate,1,1,3,3,-8.137519836425781,,Nc1nc(Nc2cc(C(=O)N3c4ccccc4-n4cccc4C3c3ncc[nH]3)ccc2O)nc2[nH]cnc12
scent_6td3,best_candidate,2,2,7,4,-8.059510231018066,Oc1cccc2nc(C3Cc4ccccc4CN3)oc12,Nc1nc(Nc2cc(C(=O)N3Cc4ccccc4CC3c3nc4cccc(O)c4o3)ccc2O)nc2[nH]cnc12
scent_6td3,best_candidate,3,3,11,4,-7.973440170288086,Brc1ccc2nc(C3Nc4ccccc4-n4cccc43)oc2c1,Nc1ccc(C(=O)N2c3ccccc3-n3cccc3C2c2nc3ccc(Br)cc3o2)cc1Nc1nc2ccccc2[nH]1
scent_6td3,best_candidate,4,4,13,2,-7.949769973754883,c1ccc2nc(Nc3ccnc4ccccc34)ccc2c1,Nc1nc(Nc2cc(C(=O)N(c3ccc4ccccc4n3)c3ccnc4ccccc34)ccc2O)nc2[nH]cnc12
scent_6td3,best_candidate,5,5,17,4,-7.947490215301514,O=Cc1cncc(I)c1,O=C(c1ccc(O)c(Nc2nc3ccccc3[nH]2)c1)N1c2ccccc2-n2cccc2C1c1cncc(I)c1
scent_6td3,best_candidate,6,6,21,4,-7.913430213928223,Cc1cnc(Nc2cc(C(=O)Nc3ccccc3-n3cccc3)ccc2O)cc1I,Cc1cnc(Nc2cc(C(=O)N3c4ccccc4-n4cccc4C3C3=NCCc4c3[nH]c3ccccc43)ccc2O)cc1I
scent_6td3,best_candidate,7,7,25,4,-7.770880222320557,CCn1c(Nc2cc(C(=O)Nc3ccccc3-n3cccc3)ccc2N)nc2ccccc21,CCn1c(Nc2cc(C(=O)N3c4ccccc4-n4cccc4C3c3ccnc(Br)c3F)ccc2N)nc2ccccc21
scent_6td3,best_candidate,8,8,29,4,-7.6360602378845215,Nc1ccc(C(=O)N2c3ccccc3-n3cccc3C2c2cccnc2Br)cc1Nc1nc(N)c2nc[nH]c2n1,CCn1cnc2c(N)nc(Nc3cc(C(=O)N4c5ccccc5-n5cccc5C4c4cccnc4Br)ccc3N)nc21
scent_6td3,best_candidate,9,9,33,4,-7.632239818572998,Nc1cc(C(=O)N2c3ccccc3-n3cccc3C2c2nc3cc(F)c(F)cc3o2)ccc1O,O=C(c1ccc(O)c(Nc2ncc3[nH]ccc3n2)c1)N1c2ccccc2-n2cccc2C1c1nc2cc(F)c(F)cc2o1
scent_6td3,best_candidate,10,10,37,4,-7.618330001831055,Nc1ccc(C(=O)N2c3ccccc3-n3cccc3C2c2cccnc2-c2ccccc2Cl)cc1N,Cc1cnc(Nc2cc(C(=O)N3c4ccccc4-n4cccc4C3c3cccnc3-c3ccccc3Cl)ccc2N)cc1I
scent_6td3,best_candidate,11,11,41,4,-7.609990119934082,Nc1cnc(Nc2ccnc3ccccc23)nc1,Nc1cnc(N(C(=O)c2ccc(O)c(Nc3nc4ccccc4[nH]3)c2)c2ccnc3ccccc23)nc1
scent_6td3,best_candidate,12,12,43,2,-7.587989807128906,Cc1cc(Nc2cc(Br)ccc2O)cnc1N,Cc1cc(N(C(=O)c2ccc(N)c(Nc3nc(N)c4nc[nH]c4n3)c2)c2cc(Br)ccc2O)cnc1N
scent_6td3,best_candidate,13,13,46,3,-7.522439956665039,Nc1nc(F)nc2[nH]cnc12,Nc1nc(Nc2cc(C(=O)N(c3nc(N)c4nc[nH]c4n3)c3cccc(Br)c3O)ccc2O)nc2[nH]cnc12
scent_6td3,best_candidate,14,14,50,4,-7.522029876708984,Nc1ccc(C(=O)N(c2ccc(O)c(Nc3nc(N)c4nc[nH]c4n3)c2)c2cc(Br)ccc2O)cc1N,Nc1ccc(C(=O)N(c2ccc(O)c(Nc3nc(N)c4nc[nH]c4n3)c2)c2cc(Cl)ccc2O)cc1N
scent_6td3,best_candidate,15,15,54,4,-7.488719940185547,Cc1cc(Cl)cnc1N(C(=O)c1ccc(O)c(N)c1)c1ncc2[nH]ccc2n1,Cc1cc(Cl)cnc1N(C(=O)c1ccc(O)c(Nc2nc(N)c3nc[nH]c3n2)c1)c1ncc2[nH]ccc2n1
scent_6td3,best_candidate,16,16,56,2,-7.483449935913086,Fc1nc(Nc2nc3ccccc3[nH]2)c2nc[nH]c2n1,Nc1ccc(C(=O)N(c2nc3ccccc3[nH]2)c2nc(F)nc3[nH]cnc23)cc1Nc1nc(N)c2nc[nH]c2n1
scent_6td3,best_candidate,17,17,60,4,-7.475090026855469,Cc1cc(Br)cnc1Nc1cc(C(=O)O)ccc1N,Cc1cc(Br)cnc1Nc1cc(C(=O)N2c3ccccc3-n3cccc3C2c2cccc(N)c2)ccc1N
scent_6td3,best_candidate,18,18,64,4,-7.454750061035156,Nc1ccc(C(=O)N(c2ncc3[nH]ccc3n2)c2ccnc3ccccc23)cc1Nc1nc2ccccc2[nH]1,CCn1c(Nc2cc(C(=O)N(c3ncc4[nH]ccc4n3)c3ccnc4ccccc34)ccc2N)nc2ccccc21
scent_6td3,best_candidate,19,19,68,4,-7.448599815368652,O=[N+]([O-])c1ccc(Nc2ccnc3ccccc23)c2ccccc12,CCn1cnc2c(N)nc(Nc3cc(C(=O)N(c4ccnc5ccccc45)c4ccc([N+](=O)[O-])c5ccccc45)ccc3O)nc21
scent_6td3,best_candidate,20,20,71,3,-7.424849987030029,Oc1cc(F)c(F)cc1Nc1cc(Cl)ccn1,Nc1ccc(C(=O)N(c2cc(Cl)ccn2)c2cc(F)c(F)cc2O)cc1Nc1nc(N)c2nc[nH]c2n1
scent_6td3,best_candidate,21,21,75,4,-7.414669990539551,Nc1ccc(C(=O)N2c3ccccc3-n3cccc3C2C(=O)N2CCCCC2)cc1N,Nc1ccc(C(=O)N2c3ccccc3-n3cccc3C2C(=O)N2CCCCC2)cc1Nc1ccc([N+](=O)[O-])c2ccccc12
scent_6td3,best_candidate,22,22,77,2,-7.379459857940674,Fc1nc(Nc2ncc(Br)cn2)c2nc[nH]c2n1,O=C(c1ccc(O)c(Nc2nc3ccccc3[nH]2)c1)N(c1ncc(Br)cn1)c1nc(F)nc2[nH]cnc12
scent_6td3,best_candidate,23,23,81,4,-7.365530014038086,Cc1cc(O)cnc1Nc1cc(C(=O)Nc2ccccc2-n2cccc2)ccc1O,Cc1cc(O)cnc1Nc1cc(C(=O)N2c3ccccc3-n3cccc3C2c2nc(Br)cs2)ccc1O
scent_6td3,best_candidate,24,24,84,3,-7.36368989944458,Cc1cc(Br)cnc1N(C(=O)c1ccc(N)c(N)c1)c1cccc2cc[nH]c12,Cc1cc(Br)cnc1N(C(=O)c1ccc(N)c(Nc2nc3ccccc3[nH]2)c1)c1cccc2cc[nH]c12
scent_6td3,best_candidate,25,25,87,3,-7.35630989074707,Nc1cc(N(C(=O)c2ccc(O)c(Nc3nc4ccccc4[nH]3)c2)c2cccc3cc[nH]c23)ccc1O,CCn1c(Nc2cc(C(=O)N(c3ccc(O)c(N)c3)c3cccc4cc[nH]c34)ccc2O)nc2ccccc21
scent_6td3,best_candidate,26,26,90,3,-7.347660064697266,Nc1ccc(C(=O)O)cc1Nc1nc(N)c2nc[nH]c2n1,Nc1ccc(C(=O)N2c3ccccc3-n3cccc3C2c2c[nH]c3ccc(-c4cccc(F)c4F)cc23)cc1Nc1nc(N)c2nc[nH]c2n1
scent_6td3,best_candidate,27,27,94,4,-7.323919773101807,O=C(c1ccc(O)c(Nc2ccc([N+](=O)[O-])c3ccccc23)c1)N1c2ccccc2-n2cccc2C1c1c[nH]c2ccc(Br)cc12,O=C(c1ccc(O)c(Nc2ccc([N+](=O)[O-])c3ccccc23)c1)N1c2ccccc2-n2cccc2C1c1c[nH]c2ccc(Cl)cc12
scent_6td3,best_candidate,28,28,98,4,-7.308060169219971,O=CC(=O)N1CCCC(=O)C1,Nc1ccc(C(=O)N2c3ccccc3-n3cccc3C2C(=O)N2CCCC(=O)C2)cc1Nc1nc(N)c2nc[nH]c2n1
scent_6td3,best_candidate,29,29,101,3,-7.28233003616333,Oc1ccc(Nc2cc(N3CCCC(O)C3)ccc2O)cn1,O=C(c1ccc(O)c(Nc2nc3ccccc3[nH]2)c1)N(c1ccc(O)nc1)c1cc(N2CCCC(O)C2)ccc1O
scent_6td3,best_candidate,30,30,104,3,-7.258769989013672,O=[N+]([O-])c1ccc(Nc2ccc(O)cc2O)c2ccccc12,Nc1ccc(C(=O)N(c2ccc(O)cc2O)c2ccc([N+](=O)[O-])c3ccccc23)cc1Nc1nc(N)c2nc[nH]c2n1
scent_6td3,best_candidate,31,31,107,3,-7.255030155181885,Nc1ccc(C(=O)N(c2ncc(Br)cn2)c2ccnc3ccccc23)cc1N,Nc1ccc(C(=O)N(c2ncc(Br)cn2)c2ccnc3ccccc23)cc1Nc1ccc2ccccc2n1
scent_6td3,best_candidate,32,32,111,4,-7.243279933929443,Nc1ccc(C(=O)N(c2ccc(O)c(N)c2)c2ccc(Cl)cc2O)cc1N,Nc1ccc(C(=O)N(c2ccc(O)c(Nc3nc4ccccc4[nH]3)c2)c2ccc(Cl)cc2O)cc1N
scent_6td3,best_candidate,33,33,115,4,-7.234260082244873,Cc1cnc(Nc2cc(C(=O)N3c4ccccc4-n4cccc4C3c3cccnc3Br)ccc2O)cc1I,C#Cc1cc(Nc2cc(C(=O)N3c4ccccc4-n4cccc4C3c3cccnc3Br)ccc2O)ncc1C
scent_6td3,best_candidate,34,34,117,2,-7.232230186462402,Brc1ccc(Nc2ccc3ccccc3n2)cc1,CCn1cnc2c(N)nc(Nc3cc(C(=O)N(c4ccc(Br)cc4)c4ccc5ccccc5n4)ccc3O)nc21
scent_6td3,best_candidate,35,35,121,4,-7.231379985809326,Nc1ccc(C(=O)N(c2ncc3[nH]ccc3n2)c2cccc3cc[nH]c23)cc1N,CCn1cnc2c(N)nc(Nc3cc(C(=O)N(c4ncc5[nH]ccc5n4)c4cccc5cc[nH]c45)ccc3N)nc21
scent_6td3,best_candidate,36,36,123,2,-7.231249809265137,Cc1cnc(Nc2cccc3cc[nH]c23)cc1I,Cc1cnc(N(C(=O)c2ccc(N)c(Nc3nc(N)c4nc[nH]c4n3)c2)c2cccc3cc[nH]c23)cc1I
scent_6td3,best_candidate,37,37,126,3,-7.224299907684326,Nc1ccc(Nc2cccc(I)c2O)cc1,Nc1ccc(N(C(=O)c2ccc(N)c(Nc3nc4ccccc4[nH]3)c2)c2cccc(I)c2O)cc1
scent_6td3,best_candidate,38,38,129,3,-7.205790042877197,Nc1ccc(C(=O)N(c2cccc(Br)c2O)c2ccc([N+](=O)[O-])c3ncccc23)cc1Nc1nc(N)c2nc[nH]c2n1,CCn1cnc2c(N)nc(Nc3cc(C(=O)N(c4cccc(Br)c4O)c4ccc([N+](=O)[O-])c5ncccc45)ccc3N)nc21
scent_6td3,best_candidate,39,39,132,3,-7.196199893951416,O=C(Nc1ccccc1-n1cccc1)c1ccc(O)c(Nc2ncc(Br)cn2)c1,O=C(c1ccc(O)c(Nc2ncc(Br)cn2)c1)N1c2ccccc2-n2cccc2C1c1ccncc1F
scent_6td3,best_candidate,40,40,135,3,-7.175310134887695,Cc1cc(C)cc(-c2ccc(Nc3nc4ccccc4[nH]3)c(O)c2)c1,Cc1cc(C)cc(-c2ccc(N(C(=O)c3ccc(O)c(Nc4nc5ccccc5[nH]4)c3)c3nc4ccccc4[nH]3)c(O)c2)c1
scent_6td3,best_candidate,41,41,138,3,-7.174160003662109,O=C(Nc1ccccc1-n1cccc1)c1ccc(O)c(Nc2ccc3ccccc3n2)c1,O=C(c1ccc(O)c(Nc2ccc3ccccc3n2)c1)N1c2ccccc2-n2cccc2C1c1ccccn1
scent_6td3,best_candidate,42,42,142,4,-7.172120094299316,O=C(c1ccc(O)c(Nc2ncc3[nH]ccc3n2)c1)N1c2ccccc2-n2cccc2C1c1cncc(Br)c1,CCn1ccc2nc(Nc3cc(C(=O)N4c5ccccc5-n5cccc5C4c4cncc(Br)c4)ccc3O)ncc21
scent_6td3,best_candidate,43,43,145,3,-7.164159774780273,Cc1cnc(N(C(=O)c2ccc(N)c(Nc3nc(N)c4nc[nH]c4n3)c2)c2cc(Br)ccc2O)cc1I,CCn1cnc2c(N)nc(Nc3cc(C(=O)N(c4cc(I)c(C)cn4)c4cc(Br)ccc4O)ccc3N)nc21
scent_6td3,best_candidate,44,44,148,3,-7.148159980773926,O=C(c1ccc(O)c(Nc2nc3ccccc3[nH]2)c1)N(c1ccc([N+](=O)[O-])c2ncccc12)c1nc(F)nc2[nH]cnc12,O=C(c1ccc(O)c(Nc2nc3ccccc3[nH]2)c1)N(c1ccc([N+](=O)[O-])c2ncccc12)c1nc(N2CCCCC2)nc2[nH]cnc12
scent_6td3,best_candidate,45,45,151,3,-7.1428399085998535,Nc1ccc(C(=O)N(c2ccnc(F)c2)c2ccc(Br)cc2N)cc1Nc1nc(N)c2nc[nH]c2n1,Nc1ccc(C(=O)N(c2ccnc(N3CCCC(O)C3)c2)c2ccc(Br)cc2N)cc1Nc1nc(N)c2nc[nH]c2n1
scent_6td3,best_candidate,46,46,155,4,-7.1367998123168945,Nc1cc(C(=O)N2c3ccccc3-n3cccc3C2C(=O)N2CC(=O)C2)ccc1O,Nc1ccc(Nc2cc(C(=O)N3c4ccccc4-n4cccc4C3C(=O)N3CC(=O)C3)ccc2O)cc1N
scent_6td3,best_candidate,47,47,157,2,-7.135270118713379,Cc1cc(Br)cnc1Nc1nc(F)nc2[nH]cnc12,CCn1cnc2c(N)nc(Nc3cc(C(=O)N(c4ncc(Br)cc4C)c4nc(F)nc5[nH]cnc45)ccc3O)nc21
scent_6td3,best_candidate,48,48,160,3,-7.13040018081665,Oc1c(Cl)cccc1Nc1ccnc(F)c1,O=C(c1ccc(O)c(Nc2nc3ccccc3[nH]2)c1)N(c1ccnc(F)c1)c1cccc(Cl)c1O
scent_6td3,best_candidate,49,49,163,3,-7.122809886932373,Nc1nc(Nc2cc(C(=O)N(c3cc(Br)ccc3O)c3ccc(CBr)cc3[N+](=O)[O-])ccc2O)nc2[nH]cnc12,Nc1nc(Nc2cc(C(=O)N(c3cc(N4CCCCC4)ccc3O)c3ccc(CBr)cc3[N+](=O)[O-])ccc2O)nc2[nH]cnc12
scent_6td3,best_candidate,50,50,166,3,-7.111609935760498,Nc1ccc2nc(C3Cc4ccccc4CN3)oc2c1,Nc1ccc2nc(C3Cc4ccccc4CN3C(=O)c3ccc(O)c(Nc4nc5ccccc5[nH]4)c3)oc2c1
scent_6td3,best_candidate,51,51,168,2,-7.103879928588867,Cc1cnc(Nc2cc(C(=O)Nc3ccccc3-n3cccc3)ccc2O)cc1I,Cc1cnc(Nc2cc(C(=O)N3c4ccccc4-n4cccc4C3C(=O)Nc3ccc(F)nc3Br)ccc2O)cc1I
scent_6td3,best_candidate,52,52,170,2,-7.096980094909668,c1ccc(Nc2ncc3[nH]ccc3n2)nc1,Nc1ccc(C(=O)N(c2ccccn2)c2ncc3[nH]ccc3n2)cc1Nc1nc2ccccc2[nH]1
scent_6td3,best_candidate,53,53,174,4,-7.091010093688965,Cc1cnc(Nc2cccc(C3Nc4ccccc4-n4cccc43)c2)cc1I,Cc1cnc(Nc2cccc(C3c4cccn4-c4ccccc4N3C(=O)N3CCCCC3)c2)cc1I
scent_6td3,best_candidate,54,54,178,4,-7.087639808654785,Cc1cnc(N(C(=O)c2ccc(O)c(Nc3nc4ccccc4[nH]3)c2)c2cc(Br)ccc2O)cc1I,Cc1cnc(N(C(=O)c2ccc(O)c(Nc3nc4ccccc4[nH]3)c2)c2cc(O)ccc2O)cc1I
scent_6td3,best_candidate,55,55,181,3,-7.08144998550415,Nc1cc(-c2ccccc2F)ccc1Nc1ccc([N+](=O)[O-])c2ncccc12,Nc1cc(-c2ccccc2F)ccc1N(C(=O)c1ccc(O)c(Nc2nc(N)c3nc[nH]c3n2)c1)c1ccc([N+](=O)[O-])c2ncccc12
scent_6td3,best_candidate,56,56,183,2,-7.07774019241333,,Nc1cc(C(=O)N2c3ccccc3-n3cccc3C2c2c[nH]c3ccc(F)cc23)ccc1Nc1nc2ccccc2[nH]1
scent_6td3,best_candidate,57,57,185,2,-7.0731000900268555,Oc1ccc(Br)cc1Nc1ccc2ccccc2n1,Nc1ccc(C(=O)N(c2ccc3ccccc3n2)c2cc(Br)ccc2O)cc1Nc1nc2ccccc2[nH]1
scent_6td3,best_candidate,58,58,188,3,-7.063610076904297,Nc1ccc(C(=O)N(c2nc3ccccc3[nH]2)c2ccccc2-n2cccc2)cc1N,CCn1cnc2c(N)nc(Nc3cc(C(=O)N(c4nc5ccccc5[nH]4)c4ccccc4-n4cccc4)ccc3N)nc21
scent_6td3,best_candidate,59,59,191,3,-7.054619789123535,Oc1cccc(-c2cccc(Nc3ncc(Br)cn3)c2O)c1,Nc1ccc(C(=O)N(c2ncc(Br)cn2)c2cccc(-c3cccc(O)c3)c2O)cc1Nc1nc(N)c2nc[nH]c2n1
scent_6td3,best_candidate,60,60,194,3,-7.042419910430908,Nc1ccc(C(=O)N(c2cccc(Br)c2N)c2ccc([N+](=O)[O-])c3ccccc23)cc1Nc1nc2ccccc2[nH]1,Nc1ccc(C(=O)N(c2cccc(N)c2N)c2ccc([N+](=O)[O-])c3ccccc23)cc1Nc1nc2ccccc2[nH]1
scent_6td3,best_candidate,61,61,197,3,-7.029660224914551,Nc1ccc(C(=O)N(c2nc(N)c3nc[nH]c3n2)c2cc(Br)ccc2O)cc1Nc1nc2ccccc2[nH]1,Nc1ccc(-c2ccc(O)c(N(C(=O)c3ccc(N)c(Nc4nc5ccccc5[nH]4)c3)c3nc(N)c4nc[nH]c4n3)c2)cc1
scent_6td3,best_candidate,62,62,201,4,-7.0284600257873535,Nc1cc(C(=O)Nc2ccccc2-n2cccc2)ccc1Nc1ncc(Br)cn1,Nc1cc(C(=O)N2c3ccccc3-n3cccc3C2c2nc3cccc(Br)c3o2)ccc1Nc1ncc(Br)cn1
scent_6td3,best_candidate,63,63,205,4,-7.002689838409424,,O=C(c1ccc(O)c(Nc2nc3ccccc3n2CC2CC2)c1)N1c2ccccc2-n2cccc2C1c1cccnc1
scent_6td3,best_candidate,64,64,209,4,-6.985429763793945,O=C(c1cccc(C2Nc3ccccc3-n3cccc32)c1)N1CCCCC1,Nc1cccc(Nc2cc(C(=O)N3c4ccccc4-n4cccc4C3c3cccc(C(=O)N4CCCCC4)c3)ccc2O)c1O
scent_6td3,best_candidate,65,65,212,3,-6.972509860992432,Cc1cc(Br)cnc1N(C(=O)c1ccc(N)c(Nc2nc3ccccc3[nH]2)c1)c1ccc(N)c(Br)n1,CCn1c(Nc2cc(C(=O)N(c3ccc(N)c(Br)n3)c3ncc(Br)cc3C)ccc2N)nc2ccccc21
scent_6td3,best_candidate,66,66,216,4,-6.972489833831787,Cc1cnc(Nc2nc(Nc3cc(C(=O)Nc4ccccc4-n4cccc4)ccc3O)nc3[nH]cnc23)cc1I,Cc1cnc(Nc2nc(Nc3cc(C(=O)N4c5ccccc5-n5cccc5C4c4c[nH]c5ccc(F)cc45)ccc3O)nc3[nH]cnc23)cc1I
scent_6td3,best_candidate,67,67,219,3,-6.956319808959961,Nc1nc(Nc2cc(C(=O)N(c3nc4ccccc4[nH]3)c3ccccc3-n3cccc3)ccc2O)nc2[nH]cnc12,CCn1c(N(C(=O)c2ccc(O)c(Nc3nc(N)c4nc[nH]c4n3)c2)c2ccccc2-n2cccc2)nc2ccccc21
scent_6td3,best_candidate,68,68,223,4,-6.9034600257873535,Nc1cccc(Nc2cc(C(=O)Nc3ccccc3-n3cccc3)ccc2O)c1N,Nc1cccc(Nc2cc(C(=O)N3c4ccccc4-n4cccc4C3C3=NCCc4ccc(O)cc43)ccc2O)c1N
scent_6td3,best_candidate,69,69,227,4,-6.896599769592285,Nc1ccc(C(=O)N2c3ccccc3-n3cccc3C2c2cncc(Br)c2)cc1Nc1ncc(Br)cn1,Nc1ccc(C(=O)N2c3ccccc3-n3cccc3C2c2cncc(N3CCCC(O)C3)c2)cc1Nc1ncc(Br)cn1
scent_6td3,best_candidate,70,70,231,4,-6.8909502029418945,Cc1cc(Br)cnc1Nc1ccnc2ccccc12,Cc1cc(Br)cnc1N(C(=O)c1ccc(N)c(Nc2nc(Nc3ncc4[nH]ccc4n3)c3nc[nH]c3n2)c1)c1ccnc2ccccc12
scent_6td3,best_candidate,71,71,234,3,-6.889470100402832,Nc1cc(C(=O)N(c2cncc(F)c2)c2nc(F)nc3[nH]cnc23)ccc1O,Nc1nc(Nc2cc(C(=O)N(c3cncc(F)c3)c3nc(F)nc4[nH]cnc34)ccc2O)nc2[nH]cnc12
scent_6td3,best_candidate,72,72,237,3,-6.880060195922852,Oc1c(Br)cccc1Nc1cc(-c2cccc(F)c2)ccn1,Nc1ccc(C(=O)N(c2cc(-c3cccc(F)c3)ccn2)c2cccc(Br)c2O)cc1Nc1nc2ccccc2[nH]1
scent_6td3,best_candidate,73,73,241,4,-6.864309787750244,Cc1cnc(N(C(=O)c2ccc(O)c(Nc3nc4ccccc4[nH]3)c2)c2nc(F)nc3[nH]cnc23)cc1I,CCn1c(Nc2cc(C(=O)N(c3cc(I)c(C)cn3)c3nc(F)nc4[nH]cnc34)ccc2O)nc2ccccc21
scent_6td3,best_candidate,74,74,245,4,-6.864039897918701,Nc1ccc(C(=O)N(c2cccc(N)c2O)c2cccc(N)c2O)cc1N,Nc1cc(C(=O)N(c2cccc(N)c2O)c2cccc(N)c2O)ccc1Nc1nc(N)c2nc[nH]c2n1
scent_6td3,best_candidate,75,75,248,3,-6.855249881744385,Cc1cc(N(C(=O)c2ccc(N)c(Nc3nc4ccccc4[nH]3)c2)c2nc(F)nc3[nH]cnc23)cnc1F,CCn1cnc2c(N(C(=O)c3ccc(N)c(Nc4nc5ccccc5[nH]4)c3)c3cnc(F)c(C)c3)nc(F)nc21
scent_6td3,best_candidate,76,76,252,4,-6.849790096282959,Nc1nc(Nc2cc(C(=O)N3Cc4ccccc4CC3c3nc4cc(Br)ccc4o3)ccc2O)nc2[nH]cnc12,C=CCn1cnc2c(N)nc(Nc3cc(C(=O)N4Cc5ccccc5CC4c4nc5cc(Br)ccc5o4)ccc3O)nc21
scent_6td3,best_candidate,77,77,255,3,-6.842060089111328,Cc1cc(N(C(=O)c2ccc(N)c(Nc3nc(N)c4nc[nH]c4n3)c2)c2ccnc3ccccc23)cnc1F,Cc1cc(N(C(=O)c2ccc(N)c(Nc3nc(N)c4nc[nH]c4n3)c2)c2ccnc3ccccc23)cnc1N1CCC(=O)C1
scent_6td3,best_candidate,78,78,257,2,-6.838699817657471,CCn1cnc2c(N)nc(Nc3cc(C(=O)O)ccc3N)nc21,CCn1cnc2c(N)nc(N(C(=O)c3ccc(N)c(Nc4nc(N)c5nc[nH]c5n4)c3)c3cc(C(=O)O)ccc3N)nc21
scent_6td3,best_candidate,79,79,259,2,-6.823080062866211,Oc1ccc(F)cc1Nc1ncc2[nH]ccc2n1,O=C(c1ccc(O)c(Nc2ncc3[nH]ccc3n2)c1)N(c1ncc2[nH]ccc2n1)c1cc(F)ccc1O
scent_6td3,best_candidate,80,80,262,3,-6.821959972381592,Nc1ccc(C(=O)N(c2nc3ccccc3[nH]2)c2cc(C(=O)O)ccc2N)cc1Nc1nc2ccccc2[nH]1,Nc1ccc(C(=O)N(c2nc3ccccc3[nH]2)c2cc(C3=NCCc4ccc(S(N)(=O)=O)cc43)ccc2N)cc1Nc1nc2ccccc2[nH]1
scent_6td3,best_candidate,81,81,265,3,-6.8120598793029785,Nc1nc(Nc2cc(C(=O)N3c4ccccc4-n4cccc4C3c3ccc(C(=O)O)cc3)ccc2O)nc2[nH]cnc12,Nc1nc(Nc2cc(C(=O)N3c4ccccc4-n4cccc4C3c3ccc(C(=O)O)cc3)ccc2O)nc2c1ncn2CC(=O)C(F)(F)F
scent_6td3,best_candidate,82,82,268,3,-6.80974006652832,COc1cccc2c1CCNC2c1nc2cc(F)ccc2o1,COc1cccc2c1CCN(C(=O)c1ccc(N)c(Nc3nc4ccccc4[nH]3)c1)C2c1nc2cc(F)ccc2o1
scent_6td3,best_candidate,83,83,271,3,-6.808539867401123,Nc1nc(Nc2cc(C(=O)N3c4ccccc4-n4cccc4C3C(=O)O)ccc2O)nc2[nH]cnc12,O=C(O)C1c2cccn2-c2ccccc2N1C(=O)c1ccc(O)c(Nc2nc(Nc3nc4ccccc4[nH]3)c3nc[nH]c3n2)c1
scent_6td3,best_candidate,84,84,274,3,-6.757870197296143,Nc1nc(Nc2cc(C(=O)N3Cc4ccccc4CC3C(=O)N3CCC(C(=O)O)CC3)ccc2O)nc2[nH]cnc12,N#Cc1cc(Br)cc(NC(=O)C2CCN(C(=O)C3Cc4ccccc4CN3C(=O)c3ccc(O)c(Nc4nc(N)c5nc[nH]c5n4)c3)CC2)c1
scent_6td3,best_candidate,85,85,278,4,-6.757689952850342,Nc1cc(C(=O)N(c2cc(Br)ccn2)c2cc(F)ccc2O)ccc1O,O=C(c1ccc(O)c(Nc2nc(Nc3c[nH]cn3)c3nc[nH]c3n2)c1)N(c1cc(Br)ccn1)c1cc(F)ccc1O
scent_6td3,best_candidate,86,86,282,4,-6.741509914398193,Nc1ccc2[nH]cc(C=O)c2c1,Nc1ccc2[nH]cc(C3c4cccn4-c4ccccc4N3C(=O)c3ccc(N)c(Nc4cccc(N)c4O)c3)c2c1
scent_6td3,best_candidate,87,87,286,4,-6.7392401695251465,Cc1cc(N(C(=O)c2ccc(N)c(Nc3nc4ccccc4[nH]3)c2)c2ccnc3ccccc23)cnc1F,Cc1cc(N(C(=O)c2ccc(N)c(Nc3nc4ccccc4[nH]3)c2)c2ccnc3ccccc23)cnc1N1CCCC1CO
scent_6td3,best_candidate,88,88,289,3,-6.732850074768066,O=C(c1ccc(O)c(Nc2nc3ccccc3[nH]2)c1)N(c1ccccn1)c1cc(Br)ccn1,CCn1c(Nc2cc(C(=O)N(c3ccccn3)c3cc(Br)ccn3)ccc2O)nc2ccccc21
scent_6td3,best_candidate,89,89,292,3,-6.731649875640869,c1ccc2[nH]c(NC(Cc3c[nH]c4ccccc34)C3=NCCc4c3[nH]c3ccccc43)nc2c1,Nc1ccc(C(=O)N(c2nc3ccccc3[nH]2)C(Cc2c[nH]c3ccccc23)C2=NCCc3c2[nH]c2ccccc32)cc1Nc1nc2ccccc2[nH]1
scent_6td3,best_candidate,90,90,296,4,-6.72445011138916,Nc1ccc(C(=O)Nc2ccccc2-n2cccc2)cc1Nc1ncc2[nH]ccc2n1,Cc1cc(C)cc(-c2csc(C3c4cccn4-c4ccccc4N3C(=O)c3ccc(N)c(Nc4ncc5[nH]ccc5n4)c3)n2)c1
scent_6td3,best_candidate,91,91,300,4,-6.723490238189697,Nc1ccc(Nc2cc(C(=O)N3c4ccccc4-n4cccc4C3c3ccnc(Br)c3)ccc2O)nc1Br,Nc1ccc(Nc2cc(C(=O)N3c4ccccc4-n4cccc4C3c3ccnc(Br)c3)ccc2O)nc1-c1cc[nH]n1
scent_6td3,best_candidate,92,92,303,3,-6.720300197601318,Nc1cccc(N(C(=O)c2ccc(O)c(Nc3nc(N)c4nc[nH]c4n3)c2)C(C(=O)O)c2ccccc2)c1O,Nc1cccc(N(C(=O)c2ccc(O)c(Nc3nc(N)c4nc[nH]c4n3)c2)C(c2ccccc2)c2nc3cc(F)ccc3o2)c1O
scent_6td3,best_candidate,93,93,306,3,-6.7152299880981445,Nc1ccc(C(=O)N(Cc2c(N)cccc2Br)c2ccc(F)nc2Br)cc1N,CCn1cnc2c(N)nc(Nc3cc(C(=O)N(Cc4c(N)cccc4Br)c4ccc(F)nc4Br)ccc3N)nc21
scent_6td3,best_candidate,94,94,309,3,-6.708449840545654,Cc1cnc(Nc2cccc(-c3cc(F)ncc3C)c2)cc1I,Cc1cnc(N(C(=O)c2ccc(N)c(Nc3nc4ccccc4[nH]3)c2)c2cccc(-c3cc(F)ncc3C)c2)cc1I
scent_6td3,best_candidate,95,95,312,3,-6.704329967498779,Cc1cnc(Nc2cc(C(=O)N(c3ccccn3)c3cccc(Br)c3O)ccc2O)cc1I,C#Cc1cc(Nc2cc(C(=O)N(c3ccccn3)c3cccc(Br)c3O)ccc2O)ncc1C
scent_6td3,best_candidate,96,96,314,2,-6.701290130615234,Cc1cc(Br)cnc1Nc1ccc(O)c(N)c1,Cc1cnc(Nc2cc(C(=O)N(c3ccc(O)c(N)c3)c3ncc(Br)cc3C)ccc2O)cc1I
scent_6td3,best_candidate,97,97,318,4,-6.692759990692139,Nc1ccc(C(=O)N2c3ccccc3-n3cccc3C2C(=O)O)cc1Nc1ncc(Br)cn1,Nc1ccc(C(=O)N2c3ccccc3-n3cccc3C2C(=O)Nc2cc(Br)n[nH]2)cc1Nc1ncc(Br)cn1
scent_6td3,best_candidate,98,98,321,3,-6.671800136566162,Nc1nc(Nc2cc(C(=O)N(c3ccnc(F)c3)c3ccccn3)ccc2O)nc2[nH]cnc12,Nc1nc(Nc2cc(C(=O)N(c3ccnc(N4CCCCC4)c3)c3ccccn3)ccc2O)nc2[nH]cnc12
scent_6td3,best_candidate,99,99,325,4,-6.671760082244873,O=C(c1ccc(O)c(Nc2nc3ccccc3[nH]2)c1)N(c1ncc2[nH]ccc2n1)c1cccc(Br)c1O,CCn1ccc2nc(N(C(=O)c3ccc(O)c(Nc4nc5ccccc5[nH]4)c3)c3cccc(Br)c3O)ncc21
scent_6td3,best_candidate,100,100,328,3,-6.666359901428223,CCn1ccc2nc(Nc3n[nH]cc3Br)ncc21,CCn1ccc2nc(N(C(=O)c3ccc(N)c(Nc4nc(N)c5nc[nH]c5n4)c3)c3n[nH]cc3Br)ncc21
scent_6td3,best_candidate,101,101,332,4,-6.6524200439453125,Nc1ccc(C(=O)N2CC(O)CC2c2nc3ccc(Br)cc3[nH]2)cc1Nc1nc2ccccc2[nH]1,Nc1ccc2nc(C3CC(O)CN3C(=O)c3ccc(N)c(Nc4nc5ccccc5[nH]4)c3)[nH]c2c1
scent_6td3,best_candidate,102,102,335,3,-6.640739917755127,,Nc1ccc(C(=O)N(c2ncc(Cl)cn2)c2ccccc2-n2cccc2)cc1Nc1nc2ccccc2[nH]1
scent_6td3,best_candidate,103,103,339,4,-6.618780136108398,Cc1cnc(Nc2cc(C(=O)N3c4ccccc4-n4cccc4C3c3c[nH]c4ccccc34)ccc2O)cc1I,Cc1cnc(Nc2cc(C(=O)N3c4ccccc4-n4cccc4C3c3c[nH]c4ccccc34)ccc2O)cc1N1CCCC(=O)C1
scent_6td3,best_candidate,104,104,343,4,-6.618649959564209,Nc1cc(C(=O)N2c3ccccc3-n3cccc3C2CN2CCC(=O)C2)ccc1O,O=C1CCN(CC2c3cccn3-c3ccccc3N2C(=O)c2ccc(O)c(Nc3c(C(=O)O)ccc(F)c3F)c2)C1
scent_6td3,best_candidate,105,105,345,2,-6.61637020111084,Nc1ccc(CNc2ccccc2-n2cccc2)cc1Nc1nc2ccccc2[nH]1,Nc1cccc(C2c3cccn3-c3ccccc3N2Cc2ccc(N)c(Nc3nc4ccccc4[nH]3)c2)c1
scent_6td3,best_candidate,106,106,348,3,-6.606719970703125,Fc1cc(Nc2ncc3[nH]ccc3n2)ccn1,Cc1cnc(Nc2cc(C(=O)N(c3ccnc(F)c3)c3ncc4[nH]ccc4n3)ccc2O)cc1I
scent_6td3,best_candidate,107,107,351,3,-6.5767598152160645,Nc1ccc(C(=O)N(c2nc3ccccc3[nH]2)c2cc(C(=O)O)ccc2O)cc1Nc1nc2ccccc2[nH]1,Nc1ccc(C(=O)N(c2nc3ccccc3[nH]2)c2cc(C(=O)N3CCCC3C(F)(F)F)ccc2O)cc1Nc1nc2ccccc2[nH]1
scent_6td3,best_candidate,108,108,354,3,-6.5728302001953125,Nc1ccc(C(=O)N2c3ccccc3-n3cccc3C2c2cccc(C3=NCCc4c3[nH]c3ccccc43)c2)cc1N,Nc1cc(C(=O)N2c3ccccc3-n3cccc3C2c2cccc(C3=NCCc4c3[nH]c3ccccc43)c2)ccc1Nc1nc(N)c2nc[nH]c2n1
scent_6td3,best_candidate,109,109,356,2,-6.565959930419922,Nc1ccc(C(=O)N2Cc3ccccc3CC2C(=O)O)cc1Nc1nc(N)c2nc[nH]c2n1,Cc1cc(Br)cnc1NC(=O)C1Cc2ccccc2CN1C(=O)c1ccc(N)c(Nc2nc(N)c3nc[nH]c3n2)c1
scent_6td3,best_candidate,110,110,359,3,-6.5595197677612305,Cc1cc(C)cc(-c2cnc(Nc3ccccc3-n3cccc3)nc2)c1,Cc1cc(C)cc(-c2cnc(N(C(=O)c3ccc(N)c(Nc4nc(N)c5nc[nH]c5n4)c3)c3ccccc3-n3cccc3)nc2)c1
scent_6td3,best_candidate,111,111,363,4,-6.554450035095215,Nc1nc(F)nc2c1ncn2CCO,Nc1nc(Nc2cc(C(=O)N(c3cc(Br)ccn3)c3cccc4cc[nH]c34)ccc2O)nc2c1ncn2CCO
scent_6td3,best_candidate,112,112,366,3,-6.552060127258301,Cc1cnc(Nc2ncc(Br)cc2C)cc1-c1cccc(C=O)c1,Cc1cnc(N(C(=O)c2ccc(N)c(Nc3nc(N)c4nc[nH]c4n3)c2)c2ncc(Br)cc2C)cc1-c1cccc(C=O)c1
scent_6td3,best_candidate,113,113,370,4,-6.513390064239502,Nc1ccc(C(=O)N(c2cc(F)ccc2O)c2nc(F)ccc2N)cc1Nc1nc(N)c2nc[nH]c2n1,Cc1cnc(Nc2nc(Nc3cc(C(=O)N(c4cc(F)ccc4O)c4nc(F)ccc4N)ccc3N)nc3[nH]cnc23)cc1I
scent_6td3,best_candidate,114,114,372,2,-6.509819984436035,Cc1cnc(Nc2cccnc2Br)cc1I,Cc1cnc(N(C(=O)c2ccc(O)c(Nc3ncc4[nH]ccc4n3)c2)c2cccnc2Br)cc1I
scent_6td3,best_candidate,115,115,375,3,-6.479400157928467,Nc1ccc(Nc2ccccn2)nc1-c1cccnc1Br,Nc1ccc(C(=O)N(c2ccccn2)c2ccc(N)c(-c3cccnc3Br)n2)cc1Nc1nc(N)c2nc[nH]c2n1
scent_6td3,best_candidate,116,116,378,3,-6.464270114898682,O=C1CCN(C(=O)C(Cc2ccccc2)Nc2cnc(F)nc2)C1,Nc1ccc(C(=O)N(c2cnc(F)nc2)C(Cc2ccccc2)C(=O)N2CCC(=O)C2)cc1Nc1nc2ccccc2[nH]1
scent_6td3,best_candidate,117,117,382,4,-6.461080074310303,O=C(c1ccc(O)c(Nc2ncc3[nH]ccc3n2)c1)N(c1ccc(O)nc1)c1ccnc2ccccc12,CCn1ccc2nc(Nc3cc(C(=O)N(c4ccc(O)nc4)c4ccnc5ccccc45)ccc3O)ncc21
scent_6td3,best_candidate,118,118,385,3,-6.4510297775268555,N#Cc1cc(Nc2cc(F)ccc2O)cc(Nc2ncccc2N)c1,N#Cc1cc(Nc2ncccc2N)cc(N(C(=O)c2ccc(N)c(Nc3nc(N)c4nc[nH]c4n3)c2)c2cc(F)ccc2O)c1
scent_6td3,best_candidate,119,119,388,3,-6.4409499168396,Cc1cnc(F)cc1-c1cccc(Nc2ccc(O)c(N)c2)c1,Cc1cnc(F)cc1-c1cccc(N(C(=O)c2ccc(O)c(Nc3nc(N)c4nc[nH]c4n3)c2)c2ccc(O)c(N)c2)c1
scent_6td3,best_candidate,120,120,392,4,-6.437950134277344,Cc1cc(N(C(=O)c2ccc(N)c(Nc3ncc4[nH]ccc4n3)c2)c2cccnc2Br)cnc1F,Cc1cc(N(C(=O)c2ccc(N)c(Nc3ncc4[nH]ccc4n3)c2)c2cccnc2Cl)cnc1F
scent_6td3,best_candidate,121,121,394,2,-6.414140224456787,c1ccc2[nH]c(NCCN3CCNCC3)nc2c1,CCn1cnc2c(N)nc(Nc3cc(C(=O)N(CCN4CCNCC4)c4nc5ccccc5[nH]4)ccc3O)nc21
scent_6td3,best_candidate,122,122,396,2,-6.401350021362305,Nc1ccc(C(=O)O)cc1N(C(=O)c1ccc(O)c(Nc2nc(N)c3nc[nH]c3n2)c1)c1nc2ccccc2[nH]1,Nc1ccc(-c2nc3cc(F)c(F)cc3o2)cc1N(C(=O)c1ccc(O)c(Nc2nc(N)c3nc[nH]c3n2)c1)c1nc2ccccc2[nH]1
scent_6td3,best_candidate,123,123,399,3,-6.389780044555664,Nc1ccc(N(C(=O)c2ccc(O)c(Nc3nc(N)c4nc[nH]c4n3)c2)c2ccc(C(=O)O)cc2O)nc1Br,Nc1ccc(N(C(=O)c2ccc(O)c(Nc3nc(N)c4nc[nH]c4n3)c2)c2ccc(C(=O)N3CC(O)CC3C(=O)O)cc2O)nc1Br
scent_6td3,best_candidate,124,124,402,3,-6.388740062713623,CCn1c(Nc2cc(C(=O)O)ccc2N)nc2ccccc21,CCn1c(N(C(=O)c2ccc(N)c(Nc3nc4ccccc4[nH]3)c2)c2cc(C(=O)O)ccc2N)nc2ccccc21
scent_6td3,best_candidate,125,125,404,2,-6.383959770202637,Nc1cccc(Nc2cc(C(=O)O)ccc2O)c1O,CCn1c(Nc2cc(C(=O)N(c3cc(C(=O)O)ccc3O)c3cccc(N)c3O)ccc2N)nc2ccccc21
scent_6td3,best_candidate,126,126,408,4,-6.378650188446045,CCn1cnc2c(N)nc(N(C(=O)c3ccc(N)c(N)c3)c3cc(F)ccc3O)nc21,CCn1cnc2c(Nc3ncc4[nH]ccc4n3)nc(N(C(=O)c3ccc(N)c(N)c3)c3cc(F)ccc3O)nc21
scent_6td3,best_candidate,127,127,412,4,-6.374579906463623,Nc1nc(Nc2cc(C(=O)N3CC(O)CC3c3nc4cc(F)ccc4o3)ccc2O)nc2[nH]cnc12,O=C(O)C1CCCN1C(=O)Nc1nc(Nc2cc(C(=O)N3CC(O)CC3c3nc4cc(F)ccc4o3)ccc2O)nc2[nH]cnc12
scent_6td3,best_candidate,128,128,415,3,-6.3592000007629395,Nc1ccc(Nc2ncccc2C=O)cc1,Nc1ccc(N(C(=O)c2ccc(N)c(Nc3nc(N)c4nc[nH]c4n3)c2)c2ncccc2C=O)cc1
scent_6td3,best_candidate,129,129,418,3,-6.35915994644165,Nc1ccc(C(=O)N(c2ncccc2C(F)(F)F)c2nc(F)nc3[nH]cnc23)cc1Nc1nc(N)c2nc[nH]c2n1,Nc1ccc(C(=O)N(c2ncccc2C(F)(F)F)c2nc(N3CCNCC3)nc3[nH]cnc23)cc1Nc1nc(N)c2nc[nH]c2n1
scent_6td3,best_candidate,130,130,421,3,-6.356249809265137,Nc1cccc(N(C(=O)c2ccc(O)c(Nc3ncc4[nH]ccc4n3)c2)c2cc(C(=O)O)ccc2O)c1N,Nc1cccc(N(C(=O)c2ccc(O)c(Nc3ncc4[nH]ccc4n3)c2)c2cc(C3=NCCc4c(Br)cccc43)ccc2O)c1N
scent_6td3,best_candidate,131,131,424,3,-6.354169845581055,c1ccc(C(Nc2nc3ccccc3[nH]2)C2=NCCc3c2[nH]c2ccccc32)cc1,Nc1nc(Nc2cc(C(=O)N(c3nc4ccccc4[nH]3)C(C3=NCCc4c3[nH]c3ccccc43)c3ccccc3)ccc2O)nc2[nH]cnc12
scent_6td3,best_candidate,132,132,428,4,-6.336850166320801,Nc1ccc(C(=O)N(c2cccc(Br)c2O)c2nc3ccccc3n2Cc2ccccc2F)cc1N,Nc1ccc(C(=O)N(c2cccc(Br)c2O)c2nc3ccccc3n2Cc2ccccc2F)cc1Nc1nc(N)c2nc[nH]c2n1
scent_6td3,best_candidate,133,133,431,3,-6.328740119934082,Nc1ccc(C(=O)N(c2ccc(B(O)O)cc2)c2ncc(Br)cn2)cc1Nc1nc2ccccc2[nH]1,Nc1ccc(C(=O)N(c2ccc(-c3cscn3)cc2)c2ncc(Br)cn2)cc1Nc1nc2ccccc2[nH]1
scent_6td3,best_candidate,134,134,434,3,-6.319469928741455,Cc1cc(N(C(=O)c2ccc(O)c(Nc3nc(N)c4nc[nH]c4n3)c2)c2cccc3cc[nH]c23)cnc1F,Cc1cc(N(C(=O)c2ccc(O)c(Nc3nc(N)c4nc[nH]c4n3)c2)c2cccc3cc[nH]c23)cnc1N1CCN(CCN)CC1
scent_6td3,best_candidate,135,135,438,4,-6.310090065002441,Nc1cc(C(=O)N(c2cncc(F)c2)c2ccccn2)ccc1O,O=C(c1ccc(O)c(Nc2ccc([N+](=O)[O-])c3ccccc23)c1)N(c1cncc(F)c1)c1ccccn1
scent_6td3,best_candidate,136,136,442,4,-6.301690101623535,Nc1cc(N(C(=O)c2ccc(N)c(Nc3nc(N)c4nc[nH]c4n3)c2)c2ccc(Br)cc2N)ccc1O,Nc1cc(N(C(=O)c2ccc(N)c(Nc3nc(N)c4nc[nH]c4n3)c2)c2ccc(-c3ccc4[nH]ccc4c3)cc2N)ccc1O
scent_6td3,best_candidate,137,137,445,3,-6.295829772949219,Nc1ccc(C(=O)N(c2cc(Br)ccn2)c2cc(C(=O)O)ccc2O)cc1Nc1nc2ccccc2[nH]1,Nc1ccc(C(=O)N(c2cc(Br)ccn2)c2cc(C3=NCCc4c3[nH]c3ccccc43)ccc2O)cc1Nc1nc2ccccc2[nH]1
scent_6td3,best_candidate,138,138,448,3,-6.281260013580322,Cc1cnc(N(C(=O)c2ccc(O)c(N)c2)c2ccccc2-n2cccc2)cc1I,Cc1cnc(N(C(=O)c2ccc(O)c(Nc3ccc([N+](=O)[O-])c4ccccc34)c2)c2ccccc2-n2cccc2)cc1I
scent_6td3,best_candidate,139,139,450,2,-6.245560169219971,O=C(Nc1ccccn1)C1Cc2ccccc2CN1,CCn1cnc2c(N)nc(Nc3cc(C(=O)N4Cc5ccccc5CC4C(=O)Nc4ccccn4)ccc3O)nc21
scent_6td3,best_candidate,140,140,454,4,-6.23813009262085,O=C(Nc1ccccc1-n1cccc1)c1ccc(Nc2ncc(Br)cn2)c(O)c1,O=Cc1ccc(-c2csc(C3c4cccn4-c4ccccc4N3C(=O)c3ccc(Nc4ncc(Br)cn4)c(O)c3)n2)cc1
scent_6td3,best_candidate,141,141,457,3,-6.2230000495910645,Nc1ccc(C(=O)N(c2cncc(F)c2)c2nc(F)nc3[nH]cnc23)cc1Nc1nc2ccccc2[nH]1,Nc1ccc(C(=O)N(c2cncc(F)c2)c2nc(N3CCCC(O)C3)nc3[nH]cnc23)cc1Nc1nc2ccccc2[nH]1
scent_6td3,best_candidate,142,142,461,4,-6.220019817352295,O=C(O)c1cccc2oc(C(NC(=O)C3Cc4ccccc4CN3C(=O)c3ccc(F)c(F)c3F)c3ccccc3)nc12,O=C(NC(c1ccccc1)c1nc2c(-c3nc4cc(C(F)(F)F)ccc4[nH]3)cccc2o1)C1Cc2ccccc2CN1C(=O)c1ccc(F)c(F)c1F
scent_6td3,best_candidate,143,143,465,4,-6.208390235900879,Nc1ccc(C(=O)N(c2ccc(-c3ccccc3F)cc2)c2nc(CCl)cs2)cc1N,Nc1ccc(C(=O)N(c2ccc(-c3ccccc3F)cc2)c2nc(CCl)cs2)cc1Nc1nc2ccccc2[nH]1
scent_6td3,best_candidate,144,144,468,3,-6.2038397789001465,c1ccc2c(c1)CNC(c1nc3cc(NC45CC(C4)C5)ccc3o1)C2,Nc1ccc(C(=O)N(c2ccc3oc(C4Cc5ccccc5CN4)nc3c2)C23CC(C2)C3)cc1Nc1nc(N)c2nc[nH]c2n1
scent_6td3,best_candidate,145,145,471,3,-6.198699951171875,CCn1cnc2c(N)nc(Nc3cc(Nc4cc(Br)ccc4O)ccc3O)nc21,CCn1cnc2c(N)nc(Nc3cc(Nc4cc(I)ccc4O)ccc3O)nc21
scent_6td3,best_candidate,146,146,475,4,-6.187640190124512,O=Cc1cccc(Nc2cc(C(=O)Nc3ccccc3-n3cccc3)ccc2O)c1,O=Cc1cccc(Nc2cc(C(=O)N3c4ccccc4-n4cccc4C3c3ccnc(-c4ccccc4F)c3F)ccc2O)c1
scent_6td3,best_candidate,147,147,478,3,-6.184999942779541,Oc1cc(Nc2cccc(Br)c2O)ccc1Nc1ncc2[nH]ccc2n1,Nc1ccc(C(=O)N(c2ncc3[nH]ccc3n2)c2ccc(Nc3cccc(Br)c3O)cc2O)cc1Nc1nc(N)c2nc[nH]c2n1
scent_6td3,best_candidate,148,148,481,3,-6.179480075836182,FC(F)(F)c1ccc2[nH]c(-c3ccc4oc(C5CCCN5)nc4c3)nc2c1,Nc1nc(Nc2cc(C(=O)N3CCCC3c3nc4cc(-c5nc6cc(C(F)(F)F)ccc6[nH]5)ccc4o3)ccc2O)nc2[nH]cnc12
scent_6td3,best_candidate,149,149,484,3,-6.176980018615723,Nc1ccc(C(=O)N(c2cccc(N)c2O)c2ccnc3ccccc23)cc1Nc1nc(N)c2nc[nH]c2n1,Nc1ccc(C(=O)N(c2cccc(N)c2O)c2ccnc3ccccc23)cc1Nc1nc(N)c2ncn(CC(=O)c3cccs3)c2n1
scent_6td3,best_candidate,150,150,488,4,-6.16234016418457,Nc1ccc(C(=O)N(c2ccc(Br)cc2)c2nc(N)c3nc[nH]c3n2)cc1N,Nc1ccc(C(=O)N(c2ccc(Br)cc2)c2nc(N)c3nc[nH]c3n2)cc1Nc1nc(Nc2cccc(N)c2O)c2nc[nH]c2n1
scent_6td3,best_candidate,151,151,492,4,-6.15526008605957,Nc1ccnc(F)c1,Nc1ccnc(Nc2cc(C(=O)N(c3ccnc(F)c3)c3cc(Br)ccc3O)ccc2N)c1
scent_6td3,best_candidate,152,152,494,2,-6.145249843597412,O=C(CCl)c1ccc(NC(C(=O)O)c2ccccc2)cc1F,CCn1cnc2c(N)nc(Nc3cc(C(=O)N(c4ccc(C(=O)CCl)c(F)c4)C(C(=O)O)c4ccccc4)ccc3O)nc21
scent_6td3,best_candidate,153,153,497,3,-6.140880107879639,,Nc1ccc(C(=O)N2c3ccccc3-n3cccc3C2c2cnccc2N)cc1Nc1nc(Nc2c[nH]cn2)c2nc[nH]c2n1
scent_6td3,best_candidate,154,154,499,2,-6.131629943847656,O=C(O)C1Cc2c([nH]c3ccccc23)C(C2CC(O)CN2)=N1,CCn1cnc2c(N)nc(Nc3cc(C(=O)N4CC(O)CC4C4=NC(C(=O)O)Cc5c4[nH]c4ccccc54)ccc3O)nc21
scent_6td3,best_candidate,155,155,502,3,-6.1216301918029785,Nc1nc(Nc2cc(C(=O)N3Cc4ccccc4CC3C3=NC(C(=O)O)Cc4c3[nH]c3ccccc43)ccc2O)nc2[nH]cnc12,Nc1nc(Nc2cc(C(=O)N3Cc4ccccc4CC3C3=NC(C(=O)OCc4cc(=O)[nH]c5ccccc45)Cc4c3[nH]c3ccccc43)ccc2O)nc2[nH]cnc12
scent_6td3,best_candidate,156,156,505,3,-6.110610008239746,Cc1cnc(N(CCN2CCNCC2)C(=O)c2ccc(N)c(Nc3nc(N)c4nc[nH]c4n3)c2)cc1I,Cc1cnc(N(CCN2CCNCC2)C(=O)c2ccc(N)c(Nc3nc(Nc4ccc(O)c(N)c4)c4nc[nH]c4n3)c2)cc1I
scent_6td3,best_candidate,157,157,509,4,-6.104700088500977,O=C(O)C(CO)N(Cc1ccc(F)c(F)c1F)C(=O)c1ccc(O)c(Nc2nc3ccccc3[nH]2)c1,O=C(O)C1Cc2c([nH]c3ccccc23)C(C(CO)N(Cc2ccc(F)c(F)c2F)C(=O)c2ccc(O)c(Nc3nc4ccccc4[nH]3)c2)=N1
scent_6td3,best_candidate,158,158,512,3,-6.0948100090026855,Cc1cc(F)ccc1-c1ccc(Nc2cncc(O)c2)cc1,Cc1cc(F)ccc1-c1ccc(N(C(=O)c2ccc(N)c(Nc3nc(N)c4nc[nH]c4n3)c2)c2cncc(O)c2)cc1
scent_6td3,best_candidate,159,159,516,4,-6.088540077209473,Nc1ccc(C(=O)N2c3ccccc3-n3cccc3C2CN2CCNCC2)cc1N,Nc1ccc(C(=O)N2c3ccccc3-n3cccc3C2CN2CCNCC2)cc1Nc1cccc(S(=O)(=O)F)c1
scent_6td3,best_candidate,160,160,520,4,-6.080639839172363,Nc1ccc(N(CC(Cc2ccccc2)NC(=O)NC(Cc2c[nH]c3ccccc23)C(=O)O)c2ccnc3ccccc23)cc1O,Nc1ccc(N(CC(Cc2ccccc2)NC(=O)NC(Cc2c[nH]c3ccccc23)c2nc3ccc(C(=O)O)cc3o2)c2ccnc3ccccc23)cc1O
scent_6td3,best_candidate,161,161,523,3,-6.0554399490356445,Oc1ccc(-c2ccccc2F)cc1Nc1cnc2cccnn12,Nc1ccc(C(=O)N(c2cc(-c3ccccc3F)ccc2O)c2cnc3cccnn23)cc1Nc1nc(N)c2nc[nH]c2n1
scent_6td3,best_candidate,162,162,526,3,-6.042669773101807,Oc1ccc(F)cc1Nc1ccc2[nH]cc(C3Nc4ccccc4-n4cccc43)c2c1,Nc1ccc(C(=O)N(c2ccc3[nH]cc(C4Nc5ccccc5-n5cccc54)c3c2)c2cc(F)ccc2O)cc1Nc1nc(N)c2nc[nH]c2n1
scent_6td3,best_candidate,163,163,529,3,-6.028850078582764,O=C(Nc1ccnc2ccccc12)c1ccc(O)c(Nc2ccnc(F)c2)c1,Nc1ccc(C(=O)N(c2ccnc(F)c2)c2cc(C(=O)Nc3ccnc4ccccc34)ccc2O)cc1Nc1nc(N)c2nc[nH]c2n1
scent_6td3,best_candidate,164,164,531,2,-6.016769886016846,O=C(c1ccc(O)c(Nc2cc(Br)ccn2)c1)N1c2ccccc2-n2cccc2C1c1cncc(Br)c1,O=C(c1ccc(O)c(Nc2cc(Br)ccn2)c1)N1c2ccccc2-n2cccc2C1c1cncc(-c2cccnc2)c1
scent_6td3,best_candidate,165,165,535,4,-5.983570098876953,Nc1cc(C(=O)N(c2ccc3[nH]cc(C=O)c3c2)C(Cc2c[nH]c3ccccc23)C(=O)O)ccc1O,O=Cc1c[nH]c2ccc(N(C(=O)c3ccc(O)c(Nc4nc5ccccc5[nH]4)c3)C(Cc3c[nH]c4ccccc34)C(=O)O)cc12
scent_6td3,best_candidate,166,166,539,4,-5.982950210571289,Nc1ccc(C(=O)N(c2cc(Nc3cc(F)c(F)cc3O)ccn2)c2cc(F)ccc2O)cc1N,Nc1ccc(C(=O)N(c2cc(Nc3cc(F)c(F)cc3O)ccn2)c2cc(F)ccc2O)cc1Nc1ccc(C(F)(F)F)cn1
scent_6td3,best_candidate,167,167,543,4,-5.982490062713623,Cc1cnc(Nc2cc(Nc3cccc(I)c3O)ccc2O)cc1I,Cc1cnc(Nc2cc(Nc3cccc(I)c3O)ccc2O)cc1N
scent_6td3,best_candidate,168,168,547,4,-5.976180076599121,NCCc1ccccc1N(C(=O)c1ccc(N)c(Nc2nc(N)c3nc[nH]c3n2)c1)c1ccc(C(=O)O)cc1N,NCCc1ccccc1N(C(=O)c1ccc(N)c(Nc2nc(N)c3nc[nH]c3n2)c1)c1ccc(-c2nc3cc(Br)ccc3o2)cc1N
scent_6td3,best_candidate,169,169,551,4,-5.975959777832031,O=C(OC1CCCCC1)c1cccc(F)n1,O=C(O)c1ccc(O)c(N(C(=O)c2ccc(O)c(Nc3cccc(C(=O)OC4CCCCC4)n3)c2)c2cnc3cccnn23)c1
scent_6td3,best_candidate,170,170,554,3,-5.939849853515625,Nc1ccc(C(=O)N(Cc2ccc(C(=O)O)cc2)c2cc(C(=O)O)ccc2O)cc1Nc1nc(N)c2nc[nH]c2n1,Nc1ccc(C(=O)N(Cc2ccc(C(=O)NC34CC(C3)C4)cc2)c2cc(C(=O)O)ccc2O)cc1Nc1nc(N)c2nc[nH]c2n1
scent_6td3,best_candidate,171,171,556,2,-5.939499855041504,c1cc(Nc2cc(Nc3ncc4[nH]ccc4n3)ccn2)c2[nH]ccc2c1,Nc1ccc(C(=O)N(c2cc(Nc3ncc4[nH]ccc4n3)ccn2)c2cccc3cc[nH]c23)cc1N
scent_6td3,best_candidate,172,172,559,3,-5.938650131225586,Cc1cc(Br)cnc1N(CCc1c[nH]c2ccccc12)C(=O)c1ccc(N)c(Nc2nc(N)c3nc[nH]c3n2)c1,CCn1cnc2c(N)nc(Nc3cc(C(=O)N(CCc4c[nH]c5ccccc45)c4ncc(Br)cc4C)ccc3N)nc21
scent_6td3,best_candidate,173,173,561,2,-5.933040142059326,O=Cc1nc(Nc2cc(C(=O)O)ccc2O)cs1,CCn1cnc2c(N)nc(Nc3cc(C(=O)N(c4csc(C=O)n4)c4cc(C(=O)O)ccc4O)ccc3O)nc21
scent_6td3,best_candidate,174,174,564,3,-5.921390056610107,Cc1cc(N2CCC2C(=O)O)cnc1Nc1ccc(C#N)c(CBr)c1,Cc1cc(N2CCC2C(=O)O)cnc1N(C(=O)c1ccc(N)c(Nc2nc3ccccc3[nH]2)c1)c1ccc(C#N)c(CBr)c1
scent_6td3,best_candidate,175,175,567,3,-5.918759822845459,Nc1ccc(C(=O)N(c2ncc(Br)cn2)c2cccc(Br)c2O)cc1N,Nc1ccc(C(=O)N(c2ncc(Br)cn2)c2cccc(Br)c2O)cc1Nc1cncc(O)c1
scent_6td3,best_candidate,176,176,570,3,-5.902299880981445,Cc1cc(Nc2cc(Nc3cccnc3Br)ccc2O)cnc1N,Cc1cc(Nc2cc(N(C(=O)c3ccc(N)c(Nc4nc5ccccc5[nH]4)c3)c3cccnc3Br)ccc2O)cnc1N
scent_6td3,best_candidate,177,177,574,4,-5.896900177001953,Nc1cc(C(=O)N2c3ccccc3-n3cccc3C2c2ccnc(I)c2)ccc1O,Nc1cc(C(=O)N2c3ccccc3-n3cccc3C2c2ccnc(-c3ccc4[nH]ccc4c3)c2)ccc1O
scent_6td3,best_candidate,178,178,577,3,-5.887549877166748,Nc1ccc(C(=O)N(c2ncc3[nH]ccc3n2)C(Cc2c[nH]c3ccccc23)C(=O)O)cc1Nc1nc(N)c2nc[nH]c2n1,Nc1ccc(C(=O)N(c2ncc3[nH]ccc3n2)C(Cc2c[nH]c3ccccc23)C2=NCCc3c2[nH]c2ccc(O)cc32)cc1Nc1nc(N)c2nc[nH]c2n1
scent_6td3,best_candidate,179,179,580,3,-5.88169002532959,Oc1ccc2[nH]c3c(c2c1)CCN=C3C(NC1CCNC1)c1ccccc1,Nc1nc(Nc2cc(C(=O)N3CCC(NC(C4=NCCc5c4[nH]c4ccc(O)cc54)c4ccccc4)C3)ccc2O)nc2[nH]cnc12
scent_6td3,best_candidate,180,180,584,4,-5.862659931182861,Cc1cc(-c2ccc(N(C(=O)c3ccc(O)c(N)c3)c3ncccc3I)c(O)c2)ccc1F,Cc1cc(-c2ccc(N(C(=O)c3ccc(O)c(Nc4nc(N)c5nc[nH]c5n4)c3)c3ncccc3I)c(O)c2)ccc1F
scent_6td3,best_candidate,181,181,587,3,-5.861660003662109,O=C(O)C(CS)NCc1nc2ccc(C(F)(F)F)cc2[nH]1,Nc1ccc(C(=O)N(Cc2nc3ccc(C(F)(F)F)cc3[nH]2)C(CS)C(=O)O)cc1Nc1nc(N)c2nc[nH]c2n1
scent_6td3,best_candidate,182,182,590,3,-5.858369827270508,O=C(Nc1ccccc1-n1cccc1)c1cccc(Nc2ccccc2O)n1,O=C(c1cccc(Nc2ccccc2O)n1)N1c2ccccc2-n2cccc2C1c1c[nH]c2ccc(Br)cc12
scent_6td3,best_candidate,183,183,593,3,-5.853559970855713,C#Cc1ccc2[nH]cc(CNC(C(=O)O)C(C)C)c2c1,C#Cc1ccc2[nH]cc(CN(C(=O)c3ccc(O)c(Nc4nc5ccccc5[nH]4)c3)C(C(=O)O)C(C)C)c2c1
scent_6td3,best_candidate,184,184,597,4,-5.846139907836914,Cc1cnc(N2c3ccccc3-n3cccc3C2c2cccnc2-c2cccc(F)c2F)cc1I,Cc1cnc(N2c3ccccc3-n3cccc3C2c2cccnc2-c2cccc(F)c2F)cc1-c1cccc(C=O)c1
scent_6td3,best_candidate,185,185,601,4,-5.8409199714660645,O=C(c1ccc(O)c(Nc2ncc3[nH]ccc3n2)c1)N1c2ccccc2-n2cccc2C1c1cccc(Br)c1,NS(=O)(=O)CCN(c1ncc2[nH]ccc2n1)c1cc(C(=O)N2c3ccccc3-n3cccc3C2c2cccc(Br)c2)ccc1O
scent_6td3,best_candidate,186,186,604,3,-5.828829765319824,O=C(NC12CC(C1)C2)C(Cc1ccccc1)Nc1ccc([N+](=O)[O-])c2ncccc12,Nc1ccc(C(=O)N(c2ccc([N+](=O)[O-])c3ncccc23)C(Cc2ccccc2)C(=O)NC23CC(C2)C3)cc1Nc1nc2ccccc2[nH]1
scent_6td3,best_candidate,187,187,607,3,-5.825809955596924,CCC(C)C(N)CN(C(=O)c1ccc(O)c(Nc2nc(N)c3nc[nH]c3n2)c1)C(C(=O)O)c1ccccc1,CCC(C)C(N)CN(C(=O)c1ccc(O)c(Nc2nc(N)c3nc[nH]c3n2)c1)C(CN1CCCC(O)C1)c1ccccc1
scent_6td3,best_candidate,188,188,611,4,-5.825669765472412,Nc1ccc(C(=O)N(c2ncc3[nH]ccc3n2)c2cc(N3CCC(O)C3)ccc2N)cc1N,Nc1ccc(C(=O)N(c2ncc3[nH]ccc3n2)c2cc(N3CCC(O)C3)ccc2N)cc1Nc1ccc2ccccc2n1
scent_6td3,best_candidate,189,189,615,4,-5.815199851989746,O=C(O)c1ccc(O)c(NC(=O)C2Cc3ccccc3CN2C(=O)NC2CCCCC2)c1,O=C(Nc1cc(CNc2n[nH]cc2Nc2cc(F)ccc2O)ccc1O)C1Cc2ccccc2CN1C(=O)NC1CCCCC1
scent_6td3,best_candidate,190,190,618,3,-5.8045501708984375,Nc1ccc(C(=O)N(CCc2c[nH]c3ccccc23)Cc2cccc(F)c2F)cc1Nc1nc(N)c2nc[nH]c2n1,Nc1ccc(C(=O)N(CCc2cn(Cc3cc(=O)[nH]c4ccccc34)c3ccccc23)Cc2cccc(F)c2F)cc1Nc1nc(N)c2nc[nH]c2n1
scent_6td3,best_candidate,191,191,621,3,-5.802199840545654,O=C(O)C1CCCN1CC(Cc1ccccc1)NC1CCC1,Nc1ccc(C(=O)N(C2CCC2)C(Cc2ccccc2)CN2CCCC2C(=O)O)cc1Nc1nc(N)c2nc[nH]c2n1
scent_6td3,best_candidate,192,192,623,2,-5.791100025177002,O=C(C1Cc2ccccc2CN1)N1CCNCC1,Nc1ccc(C(=O)N2Cc3ccccc3CC2C(=O)N2CCNCC2)cc1Nc1nc(Nc2ncc3[nH]ccc3n2)c2nc[nH]c2n1
scent_6td3,best_candidate,193,193,627,4,-5.776040077209473,Nc1ccc(Nc2cccc(Br)c2N)nc1Br,Nc1ccc(Nc2cccc(Br)c2N)nc1Nc1cccc(Nc2ncc3[nH]ccc3n2)c1O
scent_6td3,best_candidate,194,194,630,3,-5.770639896392822,Nc1ccc(C(=O)Nc2cccc(Br)c2O)cc1Nc1nc(N)c2nc[nH]c2n1,Nc1ccc(C(=O)Nc2cccc(Br)c2O)cc1Nc1nc(Nc2nc3ccccc3[nH]2)c2nc[nH]c2n1
scent_6td3,best_candidate,195,195,633,3,-5.766349792480469,Nc1ccc(C(=O)N(c2cncc(C=O)c2)c2nc(F)nc3[nH]cnc23)cc1Nc1nc(N)c2nc[nH]c2n1,Nc1ccc(C(=O)N(c2cncc(C=O)c2)c2nc(F)nc3[nH]cnc23)cc1Nc1nc(N)c2ncn(CC(=O)c3ccc(F)cc3F)c2n1
scent_6td3,best_candidate,196,196,635,2,-5.763899803161621,O=Cc1cccnc1NC(Cc1c[nH]c2ccccc12)C(=O)O,CCn1cnc2c(N)nc(Nc3cc(C(=O)N(c4ncccc4C=O)C(Cc4c[nH]c5ccccc45)C(=O)O)ccc3O)nc21
scent_6td3,best_candidate,197,197,639,4,-5.7569098472595215,O=C(O)c1cccc(-c2cccc(Nc3nc4ccccc4[nH]3)c2OC(=O)c2cccnc2O)c1,O=C(Oc1c(Nc2nc3ccccc3[nH]2)cccc1-c1cccc(C(=O)N2CCC(O)CC2)c1)c1cccnc1O
scent_6td3,best_candidate,198,198,643,4,-5.752620220184326,Cc1cnc(Nc2nc(Nc3cc(C(=O)Nc4ccnc5ccccc45)ccc3O)nc3[nH]cnc23)cc1I,Cc1cnc(Nc2nc(Nc3cc(C(=O)Nc4ccnc5ccccc45)ccc3O)nc3[nH]cnc23)cc1-c1ccc2[nH]ccc2c1
scent_6td3,best_candidate,199,199,647,4,-5.744160175323486,Nc1cccc(Nc2cc(C(=O)N(c3ncc(Br)cn3)c3cc(Br)ccc3O)ccc2O)c1O,Cc1cc(C)cc(-c2ccc(O)c(N(C(=O)c3ccc(O)c(Nc4cccc(N)c4O)c3)c3ncc(Br)cn3)c2)c1
scent_6td3,best_candidate,200,200,650,3,-5.737259864807129,O=C(O)C(Cc1c[nH]cn1)NC(=O)C1Cc2ccccc2CN1C(=O)c1ccc(O)c(Nc2nc3ccccc3[nH]2)c1,O=C(Nc1ccnc2ccccc12)C(Cc1c[nH]cn1)NC(=O)C1Cc2ccccc2CN1C(=O)c1ccc(O)c(Nc2nc3ccccc3[nH]2)c1
scent_6td3,best_candidate,201,201,653,3,-5.734710216522217,O=Cc1ccccc1-c1ccnc(Nc2ccccc2-n2cccc2)c1,O=Cc1ccccc1-c1ccnc(N2c3ccccc3-n3cccc3C2c2nc3cc(F)c(F)cc3o2)c1
scent_6td3,best_candidate,202,202,656,3,-5.734399795532227,O=C1CCN(C(=O)C(Nc2cc(CBr)ccc2[N+](=O)[O-])c2ccccc2)CC1,Nc1ccc(C(=O)N(c2cc(CBr)ccc2[N+](=O)[O-])C(C(=O)N2CCC(=O)CC2)c2ccccc2)cc1Nc1nc2ccccc2[nH]1
scent_6td3,best_candidate,203,203,658,2,-5.712820053100586,O=Cc1ccccc1CNCCc1c[nH]c2ccccc12,Nc1ccc(C(=O)N(CCc2c[nH]c3ccccc23)Cc2ccccc2C=O)cc1Nc1nc(Nc2ncc3[nH]ccc3n2)c2nc[nH]c2n1
scent_6td3,best_candidate,204,204,661,3,-5.710239887237549,Nc1ccc(C2=NCCc3c2[nH]c2ccccc32)cc1N(C(=O)N1CCCC(O)C1)c1nc2ccccc2[nH]1,Nc1ccc(C2=NCCc3c2[nH]c2ccccc32)cc1N(C(=O)N1CCCC(OCc2cc(=O)[nH]c3ccccc23)C1)c1nc2ccccc2[nH]1
scent_6td3,best_candidate,205,205,665,4,-5.703460216522217,Cc1cnc(Nc2ccc(Br)cc2Nc2cc(-c3cccc(F)c3F)c(C)cn2)cc1I,Cc1cnc(Nc2ccc(-c3ccccc3N)cc2Nc2cc(-c3cccc(F)c3F)c(C)cn2)cc1I
scent_6td3,best_candidate,206,206,669,4,-5.7029900550842285,Nc1cc(CNC(Cc2ccccc2)C2=NC(C(=O)O)Cc3c2[nH]c2ccccc32)ccc1O,Cc1cc(Nc2nc(Nc3cc(CNC(Cc4ccccc4)C4=NC(C(=O)O)Cc5c4[nH]c4ccccc54)ccc3O)nc3[nH]cnc23)cnc1N
scent_6td3,best_candidate,207,207,673,4,-5.690090179443359,Nc1cc(C(=O)N(c2ccccc2O)c2cccc(Nc3nc(N)c4nc[nH]c4n3)c2O)ccc1O,Nc1cc(C(=O)N(c2ccccc2O)c2cccc(Nc3nc(Nc4nc(N)c5nc[nH]c5n4)c4nc[nH]c4n3)c2O)ccc1O
scent_6td3,best_candidate,208,208,677,4,-5.684239864349365,Cc1cnc(Nc2nc(F)nc3c2ncn3CC(=O)c2ccc(F)cc2)cc1N,Cc1cnc(Nc2nc(F)nc3c2ncn3CC(=O)c2ccc(F)cc2)cc1Nc1nc(N)c2nc[nH]c2n1
scent_6td3,best_candidate,209,209,681,4,-5.679580211639404,Cc1ccccc1-c1cccc(Nc2cccc(Nc3ncc(Br)cn3)c2O)c1O,Cc1ccccc1-c1cccc(Nc2cccc(Nc3ncc(Cl)cn3)c2O)c1O
scent_6td3,best_candidate,210,210,684,3,-5.676720142364502,Nc1ccc(C(=O)N2c3ccccc3-n3cccc3C2C(=O)N2CCNCC2)cc1N,Nc1ccc(C(=O)N2c3ccccc3-n3cccc3C2C(=O)N2CCNCC2)cc1Nc1nc(CCl)cs1
scent_6td3,best_candidate,211,211,688,4,-5.673110008239746,Nc1ccc(C(=O)N(c2ccc(Nc3nc(N)c4nc[nH]c4n3)c(Br)n2)C(C(=O)O)c2ccccc2)cc1N,Nc1ccc(C(=O)N(c2ccc(Nc3nc(N)c4nc[nH]c4n3)c(Br)n2)C(C(=O)O)c2ccccc2)cc1Nc1nc2ccccc2[nH]1
scent_6td3,best_candidate,212,212,691,3,-5.659420013427734,Nc1ccc(C(=O)N2CCN(C(=O)c3cccc(F)n3)CC2)cc1N,Cc1cc(Nc2nc(Nc3cc(C(=O)N4CCN(C(=O)c5cccc(F)n5)CC4)ccc3N)nc3[nH]cnc23)cnc1N
scent_6td3,best_candidate,213,213,695,4,-5.643919944763184,NC(Cc1ccccc1)C1=NCCc2ccc(S(N)(=O)=O)cc21,COc1ccc2[nH]c(C3c4cccn4-c4ccccc4N3C(=O)NC(Cc3ccccc3)C3=NCCc4ccc(S(N)(=O)=O)cc43)nc2c1
scent_6td3,best_candidate,214,214,699,4,-5.640960216522217,Cc1cc(-c2ccc(N)c(N(C(=O)c3ccc(N)c(N)c3)c3ccc(O)c(N)c3)c2)ccc1F,Cc1cc(-c2ccc(N)c(N(C(=O)c3ccc(Nc4nc5ccccc5[nH]4)c(N)c3)c3ccc(O)c(N)c3)c2)ccc1F
scent_6td3,best_candidate,215,215,702,3,-5.64024019241333,Cc1cnc(N(C(=O)c2ccc(O)c(Nc3nc4ccccc4[nH]3)c2)C(CCC(=O)O)C(=O)O)cc1I,Cc1cnc(N(C(=O)c2ccc(O)c(Nc3nc4ccccc4[nH]3)c2)C(CCC(=O)O)C(=O)O)cc1N1CCCC1CO
scent_6td3,best_candidate,216,216,706,4,-5.639639854431152,O=C(O)C1Cc2c([nH]c3ccccc23)C(C2Cc3ccccc3CN2)=N1,Cc1cc(NCC2Cc3c([nH]c4ccccc34)C(C3Cc4ccccc4CN3)=N2)cnc1Nc1nc2ccccc2[nH]1
scent_6td3,best_candidate,217,217,710,4,-5.635310173034668,Nc1c(F)cccc1C(=O)N1c2ccccc2-n2cccc2C1c1cccc(-c2cc[nH]n2)c1,Nc1nc(Nc2c(F)cccc2C(=O)N2c3ccccc3-n3cccc3C2c2cccc(-c3cc[nH]n3)c2)nc2[nH]cnc12
scent_6td3,best_candidate,218,218,714,4,-5.633649826049805,O=C(O)c1ccc(F)c(F)c1NC(Cc1c[nH]c2ccccc12)C1=NC(C(=O)O)Cc2ccccc21,Nc1ccc(Nc2cc(C(=O)N(c3c(C(=O)O)ccc(F)c3F)C(Cc3c[nH]c4ccccc34)C3=NC(C(=O)O)Cc4ccccc43)ccc2O)cc1N
scent_6td3,best_candidate,219,219,717,3,-5.63346004486084,Nc1cc(Br)ccc1NC(=O)C(Cc1c[nH]cn1)NCC1Cc2ccccc2CN1,Nc1cc(Br)ccc1NC(=O)C(Cc1c[nH]cn1)NCC1Cc2ccccc2CN1C(=O)c1ccc(O)c(Nc2nc(N)c3nc[nH]c3n2)c1
scent_6td3,best_candidate,220,220,720,3,-5.617119789123535,Nc1cc(N(C(=O)c2ccc(O)c(Nc3nc(N)c4nc[nH]c4n3)c2)c2ccc(Br)cc2O)ccc1O,Nc1cc(N(C(=O)c2ccc(O)c(Nc3nc(N)c4ncn(CC(=O)c5ccc(F)cc5F)c4n3)c2)c2ccc(Br)cc2O)ccc1O
scent_6td3,best_candidate,221,221,724,4,-5.614349842071533,O=C(O)C1Cc2ccccc2CN1C(=O)c1ccc(O)c(Nc2nc(Nc3nc4ccccc4[nH]3)c3nc[nH]c3n2)c1,NS(=O)(=O)c1ccc2c(c1)C(C1Cc3ccccc3CN1C(=O)c1ccc(O)c(Nc3nc(Nc4nc5ccccc5[nH]4)c4nc[nH]c4n3)c1)=NCC2
scent_6td3,best_candidate,222,222,728,4,-5.609449863433838,Nc1ccc(C(=O)N2c3ccccc3-n3cccc3C2c2ccnc(Br)c2)cc1N,Nc1ccc(Nc2nc(Nc3ccc(C(=O)N4c5ccccc5-n5cccc5C4c4ccnc(Br)c4)cc3N)nc3[nH]cnc23)cc1N
scent_6td3,best_candidate,223,223,731,3,-5.605810165405273,Cc1cnc(Nc2nc(Nc3cc(Nc4cc(Br)ccc4O)ccc3O)nc3[nH]cnc23)cc1I,Cc1cnc(Nc2nc(Nc3cc(Nc4cc(-c5cc(O)cc(F)c5)ccc4O)ccc3O)nc3[nH]cnc23)cc1I
scent_6td3,best_candidate,224,224,734,3,-5.572070121765137,O=C(c1ccc(O)c(Nc2cc(CBr)ccc2[N+](=O)[O-])c1)N1c2ccccc2-n2cccc2C1c1cccc(Br)c1,O=C(c1ccc(O)c(Nc2cc(CBr)ccc2[N+](=O)[O-])c1)N1c2ccccc2-n2cccc2C1c1cccc(-c2ccc3[nH]ccc3c2)c1
scent_6td3,best_candidate,225,225,737,3,-5.5622100830078125,Nc1ccc(C(=O)N(CC(N)Cc2ccccc2)c2ccnc3ccccc23)cc1Nc1nc2ccccc2[nH]1,Cc1cnc(NC(Cc2ccccc2)CN(C(=O)c2ccc(N)c(Nc3nc4ccccc4[nH]3)c2)c2ccnc3ccccc23)cc1I
scent_6td3,best_candidate,226,226,740,3,-5.559460163116455,Nc1ccc(C(=O)N(CC(N)c2ccccc2)C(C(=O)O)c2ccccc2)cc1Nc1nc2ccccc2[nH]1,Nc1ccc(C(=O)N(CC(N)c2ccccc2)C(C(=O)OCC2CCCCC2)c2ccccc2)cc1Nc1nc2ccccc2[nH]1
scent_6td3,best_candidate,227,227,744,4,-5.556529998779297,Nc1ccc(C(=O)NC(Cc2c[nH]c3ccccc23)C(=O)O)cc1Nc1ncc2[nH]ccc2n1,Nc1ccc(C(=O)NC(Cc2c[nH]c3ccccc23)C(=O)N(c2nc(N)c3nc[nH]c3n2)c2cc(C(F)(F)F)ccc2N)cc1Nc1ncc2[nH]ccc2n1
scent_6td3,best_candidate,228,228,748,4,-5.528349876403809,O=[N+]([O-])c1ccc(Nc2ccc(O)c(Nc3ccnc(F)c3)c2)c2ccccc12,O=C(O)C1Cc2ccccc2CN1c1cc(Nc2cc(Nc3ccc([N+](=O)[O-])c4ccccc34)ccc2O)ccn1
scent_6td3,best_candidate,229,229,751,3,-5.524230003356934,Nc1nc(Nc2cc(C(=O)N(CC(N)Cc3c[nH]c4ccccc34)c3cccc(Br)c3O)ccc2O)nc2[nH]cnc12,Nc1nc(Nc2cc(C(=O)N(CC(Cc3c[nH]c4ccccc34)NC(=O)Nc3ccc(Br)cc3)c3cccc(Br)c3O)ccc2O)nc2[nH]cnc12
scent_6td3,best_candidate,230,230,755,4,-5.518430233001709,Nc1ccc(C(=O)N2CC(O)CC2C(=O)NC(CS)C2=NCCc3c2[nH]c2ccccc32)cc1N,Nc1ccc(C(=O)N2CC(O)CC2C(=O)NC(CS)C2=NCCc3c2[nH]c2ccccc32)cc1Nc1nc2ccccc2[nH]1
scent_6td3,best_candidate,231,231,759,4,-5.512700080871582,O=C(O)c1ccc(F)c(F)c1N(c1nc2ccccc2[nH]1)c1cc(C2=NCCc3c2[nH]c2ccc(O)cc32)ccc1O,Oc1ccc2[nH]c3c(c2c1)CCN=C3c1ccc(O)c(N(c2nc3ccccc3[nH]2)c2c(C3=NCCc4c3[nH]c3ccccc43)ccc(F)c2F)c1
scent_6td3,best_candidate,232,232,763,4,-5.509220123291016,Nc1cc(Br)ccc1OC(=O)C1Cc2ccccc2CN1C(=O)C1CC(O)CN1C(=O)C(N)Cc1ccccc1,Nc1cc(Br)ccc1OC(=O)C1Cc2ccccc2CN1C(=O)C1CC(O)CN1C(=O)C1Cc2ccccc2C(c2ccccn2)N1
scent_6td3,best_candidate,233,233,765,2,-5.496789932250977,CCn1cnc2c(Nc3cccc(N)c3O)nc(F)nc21,CCn1cnc2c(Nc3cccc(Nc4nc(Nc5cc(I)c(C)cn5)c5nc[nH]c5n4)c3O)nc(F)nc21
scent_6td3,best_candidate,234,234,768,3,-5.494919776916504,O=Cc1cccc(-c2nc3cc(-c4cccc(O)c4)ccc3o2)c1,Oc1cccc(-c2ccc3oc(-c4cccc(CNc5cccc6cc[nH]c56)c4)nc3c2)c1
scent_6td3,best_candidate,235,235,772,4,-5.493249893188477,Nc1cc(-c2nc3cc(C(=O)N4c5ccccc5-n5cccc5C4c4ccnc(Br)c4)ccc3o2)ccc1O,Nc1cc(-c2nc3cc(C(=O)N4c5ccccc5-n5cccc5C4c4ccnc(I)c4)ccc3o2)ccc1O
scent_6td3,best_candidate,236,236,776,4,-5.4623799324035645,Nc1ccc(C(F)(F)F)cc1NC(=O)C1Cc2c([nH]c3ccccc23)C(C2Nc3ccccc3-n3cccc32)=N1,Nc1ccc(C(F)(F)F)cc1NC(=O)C1Cc2c([nH]c3ccccc23)C(C2c3cccn3-c3ccccc3N2c2ccc(C=O)cc2C(F)(F)F)=N1
scent_6td3,best_candidate,237,237,780,4,-5.462170124053955,CCC(C)C(C(=O)O)N(C(=O)c1ccc(N)c(N)c1)c1ncccc1C=O,CCC(C)C(C(=O)O)N(C(=O)c1ccc(N)c(Nc2ncc(N)cn2)c1)c1ncccc1C=O
scent_6td3,best_candidate,238,238,783,3,-5.460599899291992,FC(F)(F)c1ccc(NCc2ncc[nH]2)c(NCc2ccccc2)c1,Nc1ccc(C(=O)N(Cc2ncc[nH]2)c2ccc(C(F)(F)F)cc2NCc2ccccc2)cc1Nc1nc(N)c2nc[nH]c2n1
scent_6td3,best_candidate,239,239,785,2,-5.457759857177734,Nc1cc(Nc2ccc(Br)cc2N)ccc1O,Nc1cc(Nc2ccc(Br)cc2NC(=O)c2ccc(N)c(Nc3nc4ccccc4[nH]3)c2)ccc1O
scent_6td3,best_candidate,240,240,788,3,-5.453660011291504,NC1(C(=O)OC2CC(C(=O)O)N(C(=O)c3ccc(O)c(Nc4nc5ccccc5[nH]4)c3)C2)CCC1,O=C(O)C1CC(OC(=O)C2(Nc3nc(CCl)cs3)CCC2)CN1C(=O)c1ccc(O)c(Nc2nc3ccccc3[nH]2)c1
scent_6td3,best_candidate,241,241,791,3,-5.428299903869629,Nc1ccc(C(=O)N(c2cc(F)c(F)cc2O)C(CCl)c2ccc(F)cc2)cc1Nc1nc(N)c2nc[nH]c2n1,Nc1ccc(C(=O)N(c2cc(F)c(F)cc2O)C(CCl)c2ccc(F)cc2)cc1Nc1nc(Nc2csc(Br)n2)c2nc[nH]c2n1
scent_6td3,best_candidate,242,242,794,3,-5.417809963226318,Nc1ccc(C(=O)N2c3ccccc3-n3cccc3C2c2nc3cc(Br)ccc3o2)cc1N,Nc1ccc2oc(C3c4cccn4-c4ccccc4N3C(=O)c3ccc(N)c(N)c3)nc2c1
scent_6td3,best_candidate,243,243,797,3,-5.416299819946289,O=C1CCCN(c2ccc(O)c(Nc3nc4ccccc4[nH]3)c2)C1,Nc1ccc(C(=O)Oc2ccc(N3CCCC(=O)C3)cc2Nc2nc3ccccc3[nH]2)cc1Nc1nc2ccccc2[nH]1
scent_6td3,best_candidate,244,244,800,3,-5.414070129394531,NC(Cc1c[nH]c2ccccc12)CN(C(=O)c1ccc(O)c(Nc2ncc3[nH]ccc3n2)c1)C(Cc1ccccc1)C(=O)O,NC(Cc1c[nH]c2ccccc12)CN(C(=O)c1ccc(O)c(Nc2ncc3[nH]ccc3n2)c1)C(Cc1ccccc1)c1nc2ccccc2o1
scent_6td3,best_candidate,245,245,804,4,-5.386569976806641,Nc1cc(C(=O)NC(Cc2c[nH]cn2)c2nc3cc(-c4nc5cc(F)c(F)cc5o4)ccc3o2)ccc1O,O=C(NC(Cc1c[nH]cn1)c1nc2cc(-c3nc4cc(F)c(F)cc4o3)ccc2o1)c1ccc(O)c(Nc2nc3ccccc3[nH]2)c1
scent_6td3,best_candidate,246,246,808,4,-5.384399890899658,O=C(O)C1CC(O)CN1c1cc(Nc2cccc(Nc3ccc(Br)cc3)c2O)ccn1,Oc1c(Nc2ccc(Br)cc2)cccc1Nc1ccnc(N2CC(O)CC2C2=NCCc3c2[nH]c2ccccc32)c1
scent_6td3,best_candidate,247,247,811,3,-5.373950004577637,O=C(NC(CC(=O)N(c1ccc2ccccc2n1)c1ccnc2ccccc12)C(=O)O)c1ccc(F)c(C(F)(F)F)c1,O=C(NC(CNc1cc(Br)ccc1O)CC(=O)N(c1ccc2ccccc2n1)c1ccnc2ccccc12)c1ccc(F)c(C(F)(F)F)c1
scent_6td3,best_candidate,248,248,815,4,-5.369569778442383,Nc1cc(C(=O)N(c2ccc(Br)cc2O)c2ncccc2I)ccc1Nc1nc2ccccc2[nH]1,Nc1cc(C(=O)N(c2ccc(-c3ccccc3F)cc2O)c2ncccc2I)ccc1Nc1nc2ccccc2[nH]1
scent_6td3,best_candidate,249,249,818,3,-5.366819858551025,Nc1cc(C(=O)N2c3ccccc3-n3cccc3C2c2cccc(C(=O)OCC(=O)c3ccc(F)cc3)c2)ccc1O,COc1ncccc1Nc1cc(C(=O)N2c3ccccc3-n3cccc3C2c2cccc(C(=O)OCC(=O)c3ccc(F)cc3)c2)ccc1O
scent_6td3,best_candidate,250,250,822,4,-5.364160060882568,NC(=O)CC(c1nc2ccc(C(=O)O)cc2o1)N(CC1CCCCC1)C(=O)NC(C(=O)O)c1ccccc1,NC(=O)CC(c1nc2ccc(C(=O)O)cc2o1)N(CC1CCCCC1)C(=O)NC(C1=NC(C(=O)O)Cc2ccccc21)c1ccccc1
scent_6td3,best_candidate,251,251,826,4,-5.358759880065918,Oc1cc(Br)ccc1Nc1ccc(O)c(Nc2cccc(C3Nc4ccccc4-n4cccc43)c2)c1,Oc1cc(-c2cccnc2)ccc1Nc1ccc(O)c(Nc2cccc(C3Nc4ccccc4-n4cccc43)c2)c1
scent_6td3,best_candidate,252,252,830,4,-5.354979991912842,O=C(Nc1cccnc1-c1cccnc1)C1Nc2ccccc2-n2cccc21,Nc1cc(C(=O)N2c3ccccc3-n3cccc3C2C(=O)Nc2cccnc2-c2cccnc2)ccc1O
scent_6td3,best_candidate,253,253,833,3,-5.352920055389404,Nc1ccc(C(=O)N(c2ccc(F)nc2Br)C(CCl)c2ccccc2)cc1Nc1nc(N)c2nc[nH]c2n1,Nc1ccc(C(=O)N(c2ccc(F)nc2-c2ccccc2F)C(CCl)c2ccccc2)cc1Nc1nc(N)c2nc[nH]c2n1
scent_6td3,best_candidate,254,254,836,3,-5.35122013092041,Nc1ccc(Nc2nc(Nc3cc(C4=NC(C(=O)O)Cc5ccccc54)ccc3O)nc3[nH]cnc23)cc1N,Nc1ccc(Nc2nc(Nc3cc(C4=NC(c5nc6cc(C(F)(F)F)ccc6[nH]5)Cc5ccccc54)ccc3O)nc3[nH]cnc23)cc1N
scent_6td3,best_candidate,255,255,840,4,-5.344820022583008,NC(=O)CCC(Nc1ccc(C(=O)Nc2cc(F)c(F)cc2O)cc1C(F)(F)F)C1=NC(C(=O)O)Cc2c1[nH]c1ccccc21,CC(NC(=O)N(c1ccc(C(=O)Nc2cc(F)c(F)cc2O)cc1C(F)(F)F)C(CCC(N)=O)C1=NC(C(=O)O)Cc2c1[nH]c1ccccc21)c1ccccc1
scent_6td3,best_candidate,256,256,844,4,-5.342959880828857,O=C(Nc1ccc(Cl)c(Cl)c1)NC(Cc1c[nH]c2ccccc12)C(=O)OCC(=O)c1ccc(F)cc1F,O=C(Nc1ccc(Cl)c(Cl)c1)NC(Cc1c[nH]c2ccccc12)C(=O)OCC(c1ccc(F)cc1F)N1c2ccccc2-n2cccc2C1c1ccccc1
scent_6td3,best_candidate,257,257,848,4,-5.324570178985596,NC(Cc1ccccc1)C(=O)NC(Cc1ccccc1)C1=NC(C(=O)NC2CCCCC2O)Cc2ccccc21,O=C(Nc1cccc2cc[nH]c12)NC(Cc1ccccc1)C(=O)NC(Cc1ccccc1)C1=NC(C(=O)NC2CCCCC2O)Cc2ccccc21
scent_6td3,best_candidate,258,258,852,4,-5.3206400871276855,O=C(Nc1ccccc1)NC(CCC1=NC(C(=O)O)Cc2ccccc21)C1=NCCc2c1[nH]c1ccccc21,O=C(Nc1ccccc1)NC(CCC1=NC(C(=O)Nc2n[nH]cc2Br)Cc2ccccc21)C1=NCCc2c1[nH]c1ccccc21
scent_6td3,best_candidate,259,259,856,4,-5.319990158081055,Nc1ccc(C(F)(F)F)cc1NCC1Cc2c(n(CC3CC3)c3ccccc23)C(C2CCCN2)=N1,Nc1ccc(C(F)(F)F)cc1NCC1Cc2c(n(CC3CC3)c3ccccc23)C(C2CCCN2C(=O)NC2CCCCC2)=N1
scent_6td3,best_candidate,260,260,859,3,-5.316380023956299,Nc1ccc(C(=O)N(c2c(F)cccc2C(=O)O)C(CCl)c2ccc(F)cc2F)cc1Nc1nc(N)c2nc[nH]c2n1,Nc1ccc(C(=O)N(c2c(F)cccc2C(=O)O)C(CCl)c2ccc(F)cc2F)cc1Nc1nc(Nc2nc(N)c3nc[nH]c3n2)c2nc[nH]c2n1
scent_6td3,best_candidate,261,261,862,3,-5.313119888305664,Nc1ccc(C(=O)N(CC(N)c2ccccc2)C(C(=O)O)c2ccccc2)cc1Nc1nc(N)c2nc[nH]c2n1,Cc1cc(NC(CN(C(=O)c2ccc(N)c(Nc3nc(N)c4nc[nH]c4n3)c2)C(C(=O)O)c2ccccc2)c2ccccc2)cnc1N
scent_6td3,best_candidate,262,262,866,4,-5.31171989440918,O=C(NC(CNC(Cc1ccccc1)C1=NCCc2c1[nH]c1ccccc21)Cc1ccccc1)NC(Cc1c[nH]c2ccccc12)C(=O)O,O=C(NC(Cc1ccccc1)CN1C(C2=NCCc3c2[nH]c2ccccc32)Cc2ccccc2C1c1c[nH]c2ccccc12)NC(Cc1c[nH]c2ccccc12)C(=O)O
scent_6td3,best_candidate,263,263,869,3,-5.308700084686279,COC(=O)c1ccc(CN(C(=O)c2ccc(N)c(Nc3nc4ccccc4[nH]3)c2)C(CS)C(=O)O)cc1,COC(=O)c1ccc(CN(C(=O)c2ccc(N)c(Nc3nc4ccccc4[nH]3)c2)C(CS)C(=O)Nc2cccc3cc[nH]c23)cc1
scent_6td3,best_candidate,264,264,872,3,-5.304850101470947,O=Cc1cnccc1NCC1Cc2ccccc2CN1C(=O)C1CCCNC1,Nc1ccc(C(=O)N2CCCC(C(=O)N3Cc4ccccc4CC3CNc3ccncc3C=O)C2)cc1Nc1nc2ccccc2[nH]1
scent_6td3,best_candidate,265,265,874,2,-5.295269966125488,CCn1cnc2c(N)nc(Nc3cc(C(=O)Nc4cc(C(=O)O)ccc4O)ccc3O)nc21,CCn1cnc2c(N)nc(Nc3cc(C(=O)Nc4cc(C(=O)Nc5ccc(F)nc5Br)ccc4O)ccc3O)nc21
scent_6td3,best_candidate,266,266,878,4,-5.293220043182373,Nc1ccc(C(=O)N(c2ccc(Br)cc2O)c2nc(NC3CCCCC3O)ccc2N)cc1N,Nc1ccc(C(=O)N(c2ccc(Br)cc2O)c2nc(NC3CCCCC3OCc3ccc([N+](=O)[O-])c(F)c3)ccc2N)cc1N
scent_6td3,best_candidate,267,267,881,3,-5.284220218658447,O=C(O)c1ccc(O)c(NCc2nc(-c3ccc(C4Nc5ccccc5-n5cccc54)cc3)cs2)c1,Oc1ccc(-c2nc3ccccc3o2)cc1NCc1nc(-c2ccc(C3Nc4ccccc4-n4cccc43)cc2)cs1
scent_6td3,best_candidate,268,268,884,3,-5.282360076904297,O=C(O)C1Cc2c([nH]c3ccccc23)C(c2cccc(O)c2Nc2nc3ccccc3[nH]2)=N1,Oc1ccc2nc(C3Cc4c([nH]c5ccccc45)C(c4cccc(O)c4Nc4nc5ccccc5[nH]4)=N3)oc2c1
scent_6td3,best_candidate,269,269,888,4,-5.277949810028076,O=C(O)c1cccc(-c2cccc(C3c4cccn4-c4ccccc4N3C(=O)c3ccc(F)cc3)c2)c1,O=C(c1ccc(F)cc1)N1c2ccccc2-n2cccc2C1c1cccc(-c2cccc(C3=NCCc4ccc(O)cc43)c2)c1
scent_6td3,best_candidate,270,270,890,2,-5.275750160217285,Nc1ccc(C(=O)N2c3ccccc3-n3cccc3C2C(=O)N2CCCC(C(=O)O)C2)cc1N,Nc1ccc(C(=O)N2c3ccccc3-n3cccc3C2C(=O)N2CCCC(c3nc4c(C(=O)O)cccc4o3)C2)cc1N
scent_6td3,best_candidate,271,271,893,3,-5.273290157318115,CC(C)CC(C(=O)O)N(CC1CCN1)C(=O)c1ccc(N)c(Nc2nc3ccccc3[nH]2)c1,CC(C)CC(C(=O)Nc1cc(C#N)ccc1N)N(CC1CCN1)C(=O)c1ccc(N)c(Nc2nc3ccccc3[nH]2)c1
scent_6td3,best_candidate,272,272,896,3,-5.273240089416504,Nc1ccc(C(=O)N(c2ncc(Br)cn2)c2cc(F)ccc2O)cc1Nc1nc(N)c2nc[nH]c2n1,Nc1ccc(C(=O)N(c2ncc(Br)cn2)c2cc(F)ccc2O)cc1Nc1nc(N)c2ncn(Cc3cccc(F)c3)c2n1
scent_6td3,best_candidate,273,273,900,4,-5.271440029144287,Nc1ccc(C(=O)N(CC(N)c2ccccc2)c2cccc(Br)c2OC(=O)c2ccccc2C=O)cc1N,Nc1ccc(C(=O)N(CC(N)c2ccccc2)c2cccc(Br)c2OC(=O)c2ccccc2C=O)cc1NC(=O)Nc1cc(F)ccc1O
scent_6td3,best_candidate,274,274,904,4,-5.269100189208984,O=C(NCCc1ccncc1)c1ccc(Nc2ccc3ccccc3n2)c(Nc2cc(F)ccc2C(=O)CCl)c1,Nc1cccc(Br)c1NC(=O)N(c1cc(C(=O)NCCc2ccncc2)ccc1Nc1ccc2ccccc2n1)c1cc(F)ccc1C(=O)CCl
scent_6td3,best_candidate,275,275,908,4,-5.268829822540283,Nc1ccc(F)nc1NC(CN(CCc1c[nH]c2ccccc12)c1ccnc(F)c1)c1ccccc1,Nc1nc(Nc2ccc(F)nc2NC(CN(CCc2c[nH]c3ccccc23)c2ccnc(F)c2)c2ccccc2)nc2[nH]cnc12
scent_6td3,best_candidate,276,276,911,3,-5.266160011291504,Nc1nc(Nc2cc(C(=O)N3CCCC(c4nc5cc(C(=O)O)ccc5o4)C3)ccc2O)nc2[nH]cnc12,Nc1nc(Nc2nc(Nc3cc(C(=O)N4CCCC(c5nc6cc(C(=O)O)ccc6o5)C4)ccc3O)nc3[nH]cnc23)nc2[nH]cnc12
scent_6td3,best_candidate,277,277,915,4,-5.260980129241943,Nc1ccc(CNc2cc(C(=O)O)ccc2N)cc1N,Nc1ccc(CNc2cc(C(=O)N3c4ccccc4-n4cccc4C3c3cncc(-c4cccc(F)c4)c3)ccc2N)cc1N
scent_6td3,best_candidate,278,278,918,3,-5.260419845581055,Nc1ccc(C(=O)N(c2cccc(S(=O)(=O)F)c2)C(Cc2ccccc2)C(=O)O)cc1Nc1nc(N)c2nc[nH]c2n1,Nc1ccc(C(=O)N(c2cccc(S(=O)(=O)Nc3n[nH]cc3Br)c2)C(Cc2ccccc2)C(=O)O)cc1Nc1nc(N)c2nc[nH]c2n1
scent_6td3,best_candidate,279,279,922,4,-5.25439977645874,Nc1nc(Nc2cc(C(=O)NC(Cc3c[nH]c4ccccc34)c3nc4cccc(Br)c4[nH]3)ccc2O)nc2[nH]cnc12,Nc1nc(Nc2cc(C(=O)NC(Cc3c[nH]c4ccccc34)c3nc4cccc(I)c4[nH]3)ccc2O)nc2[nH]cnc12
scent_6td3,best_candidate,280,280,926,4,-5.249760150909424,O=C(O)C1CCN(C(=O)C2Cc3ccccc3CN2C(=O)C2Cc3ccccc3CN2)CC1,O=C(Nc1cc(-c2ccccc2F)ccc1O)C1CCN(C(=O)C2Cc3ccccc3CN2C(=O)C2Cc3ccccc3CN2)CC1
scent_6td3,best_candidate,281,281,930,4,-5.249370098114014,CCn1ccc2cc(-c3ccc(O)c(NC(=O)c4ccc(N)c(N)c4)c3)ccc21,CCn1ccc2cc(-c3ccc(O)c(NC(=O)c4ccc(N)c(Nc5nc6ccccc6[nH]5)c4)c3)ccc21
scent_6td3,best_candidate,282,282,934,4,-5.248189926147461,O=[N+]([O-])c1ccc(N(c2cc(C3=NCCc4c3[nH]c3ccccc43)ccc2O)C2CNC2)c2ccccc12,O=Cc1c[nH]c2cc(N3CC(N(c4cc(C5=NCCc6c5[nH]c5ccccc65)ccc4O)c4ccc([N+](=O)[O-])c5ccccc45)C3)ccc12
scent_6td3,best_candidate,283,283,937,3,-5.239109992980957,O=C(O)c1cc(-c2cccc(Nc3nc4ccccc4[nH]3)c2O)ccc1F,Nc1ccc(C(=O)Nc2ccccc2-n2cccc2)cc1NC(=O)c1cc(-c2cccc(Nc3nc4ccccc4[nH]3)c2O)ccc1F
scent_6td3,best_candidate,284,284,941,4,-5.238379955291748,Oc1ccc2nc(C3Nc4ccccc4-n4cccc43)[nH]c2c1,Nc1cc(C(=O)N2c3ccccc3-n3cccc3C2c2nc3ccc(O)cc3[nH]2)ccc1O
scent_6td3,best_candidate,285,285,944,3,-5.218780040740967,COc1cccc(CNCc2cccc(-c3cc(C)cc(C)c3)c2)c1,COc1cccc(CN(Cc2cccc(-c3cc(C)cc(C)c3)c2)C(=O)c2ccc(N)c(Nc3nc(N)c4nc[nH]c4n3)c2)c1
scent_6td3,best_candidate,286,286,948,4,-5.213580131530762,CC(O)C1=NC(C(=O)O)Cc2c1[nH]c1ccccc21,Cc1cc(Br)cnc1N(C(=O)c1ccc(N)c(NCC2Cc3c([nH]c4ccccc34)C(C(C)O)=N2)c1)c1ccc2ccccc2n1
scent_6td3,best_candidate,287,287,952,4,-5.2099199295043945,O=C(O)C1Cc2ccccc2C(C2c3cccn3-c3ccccc3N2C(=O)c2cccc(N=C=S)c2)=N1,O=C(Nc1ccnc2ccccc12)C1Cc2ccccc2C(C2c3cccn3-c3ccccc3N2C(=O)c2cccc(N=C=S)c2)=N1
scent_6td3,best_candidate,288,288,954,2,-5.2010498046875,NC(CNC1(C(=O)O)CCC1)Cc1c[nH]cn1,Nc1ccc(C(=O)N(CC(N)Cc2c[nH]cn2)C2(C(=O)O)CCC2)cc1Nc1nc(Nc2ncc3[nH]ccc3n2)c2nc[nH]c2n1
scent_6td3,best_candidate,289,289,958,4,-5.198500156402588,O=C(NC(Cc1c[nH]cn1)C(=O)O)NC(Cc1c[nH]cn1)C1=NC(C2=NCCc3c2[nH]c2ccccc32)Cc2c1[nH]c1ccccc21,O=C(NC(Cc1c[nH]cn1)CN1CCCC(O)C1)NC(Cc1c[nH]cn1)C1=NC(C2=NCCc3c2[nH]c2ccccc32)Cc2c1[nH]c1ccccc21
scent_6td3,best_candidate,290,290,961,3,-5.1933698654174805,Nc1ccc(C(=O)N2CCN(C(=O)c3ccc(O)c(Nc4ncc5[nH]ccc5n4)c3)CC2)cc1N,N#Cc1ccc(Nc2ccc(C(=O)N3CCN(C(=O)c4ccc(O)c(Nc5ncc6[nH]ccc6n5)c4)CC3)cc2N)cc1
scent_6td3,best_candidate,291,291,965,4,-5.189589977264404,O=C(C1Cc2ccccc2CN1c1ccnc(F)c1)N1Cc2ccccc2CC1c1nc2ccccc2o1,O=C(C1Cc2ccccc2CN1c1ccnc(Nc2ccccc2S)c1)N1Cc2ccccc2CC1c1nc2ccccc2o1
scent_6td3,best_candidate,292,292,968,3,-5.189050197601318,Cc1cnc(N(C(=O)c2ccc(O)c(Nc3nc(N)c4nc[nH]c4n3)c2)C2CCCCC2)cc1I,Cc1cnc(N(C(=O)c2ccc(O)c(Nc3nc(Nc4nc(N)c5nc[nH]c5n4)c4nc[nH]c4n3)c2)C2CCCCC2)cc1I
scent_6td3,best_candidate,293,293,971,3,-5.186399936676025,CSCCC(CNc1cc(C(F)(F)F)ccc1N)NCC(N)c1ccccc1,CSCCC(CN(C(=O)c1ccc(N)c(Nc2nc(N)c3nc[nH]c3n2)c1)c1cc(C(F)(F)F)ccc1N)NCC(N)c1ccccc1
scent_6td3,best_candidate,294,294,975,4,-5.185180187225342,O=C(O)C1CCCN1C(=O)NC(Cc1ccccc1)C1=NC(C2=NCCc3c(Br)cccc32)Cc2c1[nH]c1ccccc21,O=C(O)C(CO)NC(=O)C1CCCN1C(=O)NC(Cc1ccccc1)C1=NC(C2=NCCc3c(Br)cccc32)Cc2c1[nH]c1ccccc21
scent_6td3,best_candidate,295,295,978,3,-5.182370185852051,CCC(C)C(C(=O)O)N(C(=O)c1ccc(N)c(Nc2nc(N)c3nc[nH]c3n2)c1)c1cc(F)ccc1C(=O)CCl,CCC(C)C(C(=O)O)N(C(=O)c1ccc(N)c(Nc2nc(Nc3ncccc3N)c3nc[nH]c3n2)c1)c1cc(F)ccc1C(=O)CCl
scent_6td3,best_candidate,296,296,982,4,-5.180309772491455,Brc1ccc2oc(-c3ccc4c(c3)nc(C3Cc5ccccc5CN3)n4-c3nc4ccccc4[nH]3)nc2c1,Nc1ccc(C(F)(F)F)cc1NC(=O)N1Cc2ccccc2CC1c1nc2cc(-c3nc4cc(Br)ccc4o3)ccc2n1-c1nc2ccccc2[nH]1
scent_6td3,best_candidate,297,297,986,4,-5.178699970245361,Cc1cnc(Nc2cc(C(=O)NC(CC3CCCCC3)C(=O)O)ccc2O)cc1-c1ccccc1F,Cc1cnc(N(Cc2ccccn2)c2cc(C(=O)NC(CC3CCCCC3)C(=O)O)ccc2O)cc1-c1ccccc1F
scent_6td3,best_candidate,298,298,989,3,-5.168839931488037,OC1CCCCC1NCc1ccc2oc(-c3ccc(F)c(C(F)(F)F)c3)nc2c1,O=C(c1ccc(O)c(Nc2ncc3[nH]ccc3n2)c1)N(Cc1ccc2oc(-c3ccc(F)c(C(F)(F)F)c3)nc2c1)C1CCCCC1O
scent_6td3,best_candidate,299,299,993,4,-5.160049915313721,Nc1cc(N2c3ccccc3-n3cccc3C2c2ccccc2-c2cccnc2)ccc1O,Oc1ccc(N2c3ccccc3-n3cccc3C2c2ccccc2-c2cccnc2)cc1Nc1nc2ccccc2[nH]1
scent_6td3,best_candidate,300,300,996,3,-5.158530235290527,CC(C)CC(N)C(=O)Nc1cc(Br)ccc1NCC(N)c1ccccc1,CC(C)CC(N)C(=O)Nc1cc(Br)ccc1N(CC(N)c1ccccc1)C(=O)c1ccc(N)c(Nc2nc(N)c3nc[nH]c3n2)c1
scent_6td3,hub_batching,1,1,22,2,-7.397590160369873,Brc1cncc(C2Nc3ccccc3-n3cccc32)c1,Nc1ccc(C(=O)N2c3ccccc3-n3cccc3C2c2cncc(Br)c2)cc1Nc1nc2ccccc2[nH]1
scent_6td3,hub_batching,2,2,23,1,-6.447319984436035,Brc1cncc(C2Nc3ccccc3-n3cccc32)c1,Oc1ccc(CN2c3ccccc3-n3cccc3C2c2cncc(Br)c2)cc1Nc1ncc2[nH]ccc2n1
scent_6td3,hub_batching,3,3,24,1,-5.41664981842041,Brc1cncc(C2Nc3ccccc3-n3cccc32)c1,Oc1c(Br)cccc1Nc1nc(Nc2cncc(C3Nc4ccccc4-n4cccc43)c2)c2nc[nH]c2n1
scent_6td3,hub_batching,4,4,25,1,-5.118529796600342,Brc1cncc(C2Nc3ccccc3-n3cccc32)c1,O=C(O)C(Cc1ccccc1)NC(=O)N1c2ccccc2-n2cccc2C1c1cncc(Br)c1
scent_6td3,hub_batching,5,5,26,1,-4.862360000610352,Brc1cncc(C2Nc3ccccc3-n3cccc32)c1,COc1cccc(C(C)N2c3ccccc3-n3cccc3C2c2cncc(Br)c2)c1
scent_6td3,hub_batching,6,6,27,1,-4.734300136566162,Brc1cncc(C2Nc3ccccc3-n3cccc32)c1,Brc1cncc(C2c3cccn3-c3ccccc3N2Cc2nc3ccccc3[nH]2)c1
scent_6td3,hub_batching,7,7,28,1,-4.722720146179199,Brc1cncc(C2Nc3ccccc3-n3cccc32)c1,Nc1nc(N(C(=O)N2c3ccccc3-n3cccc3C2c2cncc(Br)c2)c2ccc(Br)cc2)nc2[nH]cnc12
scent_6td3,hub_batching,8,8,29,1,-4.671420097351074,Brc1cncc(C2Nc3ccccc3-n3cccc32)c1,Nc1nc(N(c2cncc(C3Nc4ccccc4-n4cccc43)c2)c2cc(C(=O)O)ccc2O)nc2[nH]cnc12
scent_6td3,hub_batching,9,9,30,1,-4.5776801109313965,Brc1cncc(C2Nc3ccccc3-n3cccc32)c1,O=C(Nc1nc(Nc2cccc3cc[nH]c23)nc2[nH]cnc12)N1c2ccccc2-n2cccc2C1c1cncc(Br)c1
scent_6td3,hub_batching,10,10,31,1,-4.3842902183532715,Brc1cncc(C2Nc3ccccc3-n3cccc32)c1,O=S(=O)(c1cnc(Cl)s1)N1c2ccccc2-n2cccc2C1c1cncc(Br)c1
scent_6td3,hub_batching,11,11,32,1,-4.3055500984191895,Brc1cncc(C2Nc3ccccc3-n3cccc32)c1,Cc1cnc(Nc2ccc(Br)cc2NC(=O)N2c3ccccc3-n3cccc3C2c2cncc(Br)c2)cc1I
scent_6td3,hub_batching,12,12,33,1,-4.226449966430664,Brc1cncc(C2Nc3ccccc3-n3cccc32)c1,Nc1ccc(Br)cc1N(c1cncc(C2Nc3ccccc3-n3cccc32)c1)c1nc2ccccc2[nH]1
scent_6td3,hub_batching,13,13,34,1,-4.099880218505859,Brc1cncc(C2Nc3ccccc3-n3cccc32)c1,O=C(O)C(Cc1ccccc1)Nc1cncc(C2Nc3ccccc3-n3cccc32)c1
scent_6td3,hub_batching,14,14,35,1,-3.581130027770996,Brc1cncc(C2Nc3ccccc3-n3cccc32)c1,COc1ccc(N2c3ccccc3-n3cccc3C2c2cncc(Br)c2)cn1
scent_6td3,hub_batching,15,15,36,1,-3.5508499145507812,Brc1cncc(C2Nc3ccccc3-n3cccc32)c1,Cc1cc(C)cc(-c2cncc(C3Nc4ccccc4-n4cccc43)c2)c1
scent_6td3,hub_batching,16,16,37,1,-3.472709894180298,Brc1cncc(C2Nc3ccccc3-n3cccc32)c1,Cc1cc(Br)cnc1Nc1ccc(N)c(N2c3ccccc3-n3cccc3C2c2cncc(Br)c2)n1
scent_6td3,hub_batching,17,17,38,1,-3.3787999153137207,Brc1cncc(C2Nc3ccccc3-n3cccc32)c1,Cc1cc(Br)cnc1N(c1cncc(C2Nc3ccccc3-n3cccc32)c1)c1ccc(N)c(Br)n1
scent_6td3,hub_batching,18,18,39,1,-3.302910089492798,Brc1cncc(C2Nc3ccccc3-n3cccc32)c1,Nc1ccc(Nc2cc(C(=O)O)ccc2O)cc1NC(=O)N1c2ccccc2-n2cccc2C1c1cncc(Br)c1
scent_6td3,hub_batching,19,19,40,1,-3.210330009460449,Brc1cncc(C2Nc3ccccc3-n3cccc32)c1,O=C(O)c1ccc(Nc2cncc(C3Nc4ccccc4-n4cccc43)c2)c(Nc2nc3ccccc3[nH]2)c1
scent_6td3,hub_batching,20,20,41,1,-2.987720012664795,Brc1cncc(C2Nc3ccccc3-n3cccc32)c1,O=C(CCl)c1ccc(F)cc1N1c2ccccc2-n2cccc2C1c1cncc(Br)c1
scent_6td3,hub_batching,21,21,42,1,-2.8471999168395996,Brc1cncc(C2Nc3ccccc3-n3cccc32)c1,Cc1cc(Nc2nc(N3c4ccccc4-n4cccc4C3c3cncc(Br)c3)nc3[nH]cnc23)cnc1N
scent_6td3,hub_batching,22,22,43,1,-2.6082799434661865,Brc1cncc(C2Nc3ccccc3-n3cccc32)c1,Oc1c(N2c3ccccc3-n3cccc3C2c2cncc(Br)c2)c(C(F)(F)F)nc2ccccc12
scent_6td3,hub_batching,23,23,44,1,-2.4954400062561035,Brc1cncc(C2Nc3ccccc3-n3cccc32)c1,O=[N+]([O-])c1ccc(Nc2cc(N3c4ccccc4-n4cccc4C3c3cncc(Br)c3)ccc2O)c2ccccc12
scent_6td3,hub_batching,24,24,45,1,-2.3929500579833984,Brc1cncc(C2Nc3ccccc3-n3cccc32)c1,O=C(Nc1ccc(Nc2ccnc3ccccc23)cc1)N1c2ccccc2-n2cccc2C1c1cncc(Br)c1
scent_6td3,hub_batching,25,25,46,1,-2.365570068359375,Brc1cncc(C2Nc3ccccc3-n3cccc32)c1,Oc1ccc2[nH]cc(CCNc3cncc(C4Nc5ccccc5-n5cccc54)c3)c2c1
scent_6td3,hub_batching,26,26,47,1,-2.351480007171631,Brc1cncc(C2Nc3ccccc3-n3cccc32)c1,NC(Cc1c[nH]c2ccccc12)C(=O)N1c2ccccc2-n2cccc2C1c1cncc(Br)c1
scent_6td3,hub_batching,27,27,48,1,-2.25846004486084,Brc1cncc(C2Nc3ccccc3-n3cccc32)c1,Nc1ccc(N(c2cncc(C3Nc4ccccc4-n4cccc43)c2)c2ccnc3ccccc23)cc1
scent_6td3,hub_batching,28,28,49,1,-2.223750114440918,Brc1cncc(C2Nc3ccccc3-n3cccc32)c1,O=C(O)C1Cc2ccccc2CN1c1cncc(C2Nc3ccccc3-n3cccc32)c1
scent_6td3,hub_batching,29,29,50,1,-2.1581099033355713,Brc1cncc(C2Nc3ccccc3-n3cccc32)c1,Nc1cccc(N(c2cncc(C3Nc4ccccc4-n4cccc43)c2)c2cccc3cc[nH]c23)c1O
scent_6td3,hub_batching,30,30,51,1,-2.0896799564361572,Brc1cncc(C2Nc3ccccc3-n3cccc32)c1,O=C(N(c1cc(Br)ccc1O)c1ccc([N+](=O)[O-])c2ccccc12)N1c2ccccc2-n2cccc2C1c1cncc(Br)c1
scent_6td3,hub_batching,31,31,52,1,-2.0313000679016113,Brc1cncc(C2Nc3ccccc3-n3cccc32)c1,O=C(C1Cc2ccccc2CN1)N1c2ccccc2-n2cccc2C1c1cncc(Br)c1
scent_6td3,hub_batching,32,32,54,2,-6.931680202484131,O=[N+]([O-])c1ccc(Nc2cccnc2Br)c2ccccc12,Nc1nc(Nc2cc(CN(c3cccnc3Br)c3ccc([N+](=O)[O-])c4ccccc34)ccc2O)nc2[nH]cnc12
scent_6td3,hub_batching,33,33,55,1,-6.669990062713623,O=[N+]([O-])c1ccc(Nc2cccnc2Br)c2ccccc12,Nc1ccc(C(=O)N(c2cccnc2Br)c2ccc([N+](=O)[O-])c3ccccc23)cc1Nc1nc2ccccc2[nH]1
scent_6td3,hub_batching,34,34,56,1,-5.302279949188232,O=[N+]([O-])c1ccc(Nc2cccnc2Br)c2ccccc12,O=[N+]([O-])c1ccc(Nc2cccnc2Nc2ccccc2O)c2ccccc12
scent_6td3,hub_batching,35,35,57,1,-4.466599941253662,O=[N+]([O-])c1ccc(Nc2cccnc2Br)c2ccccc12,O=C(O)c1ccc(O)c(Nc2nc(Nc3ncccc3Nc3ccc([N+](=O)[O-])c4ccccc34)c3nc[nH]c3n2)c1
scent_6td3,hub_batching,36,36,58,1,-3.743220090866089,O=[N+]([O-])c1ccc(Nc2cccnc2Br)c2ccccc12,Nc1cccc(N(c2ncccc2Nc2ccc([N+](=O)[O-])c3ccccc23)c2cccc3cc[nH]c23)c1O
scent_6td3,hub_batching,37,37,59,1,-3.60194993019104,O=[N+]([O-])c1ccc(Nc2cccnc2Br)c2ccccc12,Cc1cc(Br)cnc1N(c1ccc(N)c(Br)n1)c1ncccc1Nc1ccc([N+](=O)[O-])c2ccccc12
scent_6td3,hub_batching,38,38,60,1,-3.5543999671936035,O=[N+]([O-])c1ccc(Nc2cccnc2Br)c2ccccc12,O=C(O)C(Cc1c[nH]c2ccccc12)Nc1ncccc1Nc1ccc([N+](=O)[O-])c2ccccc12
scent_6td3,hub_batching,39,39,61,1,-3.513550043106079,O=[N+]([O-])c1ccc(Nc2cccnc2Br)c2ccccc12,O=C(Nc1nc(Nc2cccc(Br)c2O)nc2[nH]cnc12)N(c1cccnc1Br)c1ccc([N+](=O)[O-])c2ccccc12
scent_6td3,hub_batching,40,40,62,1,-3.4469099044799805,O=[N+]([O-])c1ccc(Nc2cccnc2Br)c2ccccc12,O=[N+]([O-])c1ccc(Nc2cc(N(c3cccnc3Br)c3ccc([N+](=O)[O-])c4ccccc34)ccc2O)c2ccccc12
scent_6td3,hub_batching,41,41,63,1,-3.4240500926971436,O=[N+]([O-])c1ccc(Nc2cccnc2Br)c2ccccc12,O=C(CCl)c1ccc(F)cc1N(c1cccnc1Br)c1ccc([N+](=O)[O-])c2ccccc12
scent_6td3,hub_batching,42,42,64,1,-3.0080699920654297,O=[N+]([O-])c1ccc(Nc2cccnc2Br)c2ccccc12,Nc1ccc(N(c2cc(C(=O)O)ccc2O)c2ncccc2Nc2ccc([N+](=O)[O-])c3ccccc23)cc1N
scent_6td3,hub_batching,43,43,65,1,-2.937609910964966,O=[N+]([O-])c1ccc(Nc2cccnc2Br)c2ccccc12,O=C(O)c1ccc(O)c(Nc2cccc(NC(=O)N(c3cccnc3Br)c3ccc([N+](=O)[O-])c4ccccc34)c2O)c1
scent_6td3,hub_batching,44,44,66,1,-2.9097700119018555,O=[N+]([O-])c1ccc(Nc2cccnc2Br)c2ccccc12,O=[N+]([O-])c1ccc(N(c2cccnc2Br)c2c(C(F)(F)F)nc3ccccc3c2O)c2ccccc12
scent_6td3,hub_batching,45,45,67,1,-2.7372701168060303,O=[N+]([O-])c1ccc(Nc2cccnc2Br)c2ccccc12,Cc1cc(N(c2cccnc2Br)c2ccc([N+](=O)[O-])c3ccccc23)cnc1Nc1ccc(N)c(Br)n1
scent_6td3,hub_batching,46,46,68,1,-2.706660032272339,O=[N+]([O-])c1ccc(Nc2cccnc2Br)c2ccccc12,Cc1cc(N(c2ncccc2Nc2ccc([N+](=O)[O-])c3ccccc23)c2nc(F)nc3[nH]cnc23)cnc1N
scent_6td3,hub_batching,47,47,69,1,-2.602329969406128,O=[N+]([O-])c1ccc(Nc2cccnc2Br)c2ccccc12,O=C(NCc1ccc(C(F)(F)F)cc1)N(c1cccnc1Br)c1ccc([N+](=O)[O-])c2ccccc12
scent_6td3,hub_batching,48,48,70,1,-2.321429967880249,O=[N+]([O-])c1ccc(Nc2cccnc2Br)c2ccccc12,O=C(Nc1ccc(Nc2ccnc3ccccc23)cc1)N(c1cccnc1Br)c1ccc([N+](=O)[O-])c2ccccc12
scent_6td3,hub_batching,49,49,71,1,-2.1272599697113037,O=[N+]([O-])c1ccc(Nc2cccnc2Br)c2ccccc12,O=C(O)C(Cc1c[nH]c2ccccc12)NC(=O)N(c1cccnc1Br)c1ccc([N+](=O)[O-])c2ccccc12
scent_6td3,hub_batching,50,50,72,1,-2.109689950942993,O=[N+]([O-])c1ccc(Nc2cccnc2Br)c2ccccc12,Nc1ccc(N(C(=O)N(c2cccnc2Br)c2ccc([N+](=O)[O-])c3ccccc23)c2nc(F)nc3[nH]cnc23)cc1N
scent_6td3,hub_batching,51,51,73,1,-2.07817006111145,O=[N+]([O-])c1ccc(Nc2cccnc2Br)c2ccccc12,Nc1cccc(N(C(=O)N(c2cccnc2Br)c2ccc([N+](=O)[O-])c3ccccc23)c2cccc3cc[nH]c23)c1O
scent_6td3,hub_batching,52,52,75,2,-6.917699813842773,Fc1nc(Nc2cc(Br)ccn2)c2nc[nH]c2n1,O=C(c1ccc(O)c(Nc2nc3ccccc3[nH]2)c1)N(c1cc(Br)ccn1)c1nc(F)nc2[nH]cnc12
scent_6td3,hub_batching,53,53,76,1,-6.401609897613525,Fc1nc(Nc2cc(Br)ccn2)c2nc[nH]c2n1,Nc1nc(N(c2ccnc(Nc3nc(F)nc4[nH]cnc34)c2)c2cc(C(=O)O)ccc2O)nc2[nH]cnc12
scent_6td3,hub_batching,54,54,77,1,-6.276760101318359,Fc1nc(Nc2cc(Br)ccn2)c2nc[nH]c2n1,Fc1nc(Nc2cc(-c3ccccc3F)ccn2)c2nc[nH]c2n1
scent_6td3,hub_batching,55,55,78,1,-6.245540142059326,Fc1nc(Nc2cc(Br)ccn2)c2nc[nH]c2n1,Brc1ccnc(Nc2nc(NCc3c[nH]c4ccccc34)nc3[nH]cnc23)c1
scent_6td3,hub_batching,56,56,79,1,-6.194429874420166,Fc1nc(Nc2cc(Br)ccn2)c2nc[nH]c2n1,Nc1ccc(C(=O)O)cc1Nc1nc(Nc2cc(Br)ccn2)c2nc[nH]c2n1
scent_6td3,hub_batching,57,57,80,1,-5.838479995727539,Fc1nc(Nc2cc(Br)ccn2)c2nc[nH]c2n1,O=C1CCCN(c2ccnc(Nc3nc(F)nc4[nH]cnc34)c2)C1
scent_6td3,hub_batching,58,58,81,1,-5.784319877624512,Fc1nc(Nc2cc(Br)ccn2)c2nc[nH]c2n1,OC1CCCCC1Nc1ccnc(Nc2nc(F)nc3[nH]cnc23)c1
scent_6td3,hub_batching,59,59,82,1,-5.729899883270264,Fc1nc(Nc2cc(Br)ccn2)c2nc[nH]c2n1,Nc1c(Br)cccc1Nc1ccnc(Nc2nc(F)nc3[nH]cnc23)c1
scent_6td3,hub_batching,60,60,83,1,-5.63306999206543,Fc1nc(Nc2cc(Br)ccn2)c2nc[nH]c2n1,O=C(O)c1ccc(O)c(Nc2nc(Nc3ccnc(Nc4nc(F)nc5[nH]cnc45)c3)c3nc[nH]c3n2)c1
scent_6td3,hub_batching,61,61,84,1,-5.252860069274902,Fc1nc(Nc2cc(Br)ccn2)c2nc[nH]c2n1,O=C1CCN(c2nc(Nc3cc(Br)ccn3)c3nc[nH]c3n2)C1
scent_6td3,hub_batching,62,62,85,1,-5.143589973449707,Fc1nc(Nc2cc(Br)ccn2)c2nc[nH]c2n1,O=C(O)C(NC(=O)N(c1cc(Br)ccn1)c1nc(F)nc2[nH]cnc12)c1ccccc1
scent_6td3,hub_batching,63,63,86,1,-5.138239860534668,Fc1nc(Nc2cc(Br)ccn2)c2nc[nH]c2n1,O=C(O)C(Cc1c[nH]cn1)Nc1nc(Nc2cc(Br)ccn2)c2nc[nH]c2n1
scent_6td3,hub_batching,64,64,87,1,-4.749750137329102,Fc1nc(Nc2cc(Br)ccn2)c2nc[nH]c2n1,O=C(O)C(Cc1c[nH]c2ccccc12)Nc1ccnc(Nc2nc(F)nc3[nH]cnc23)c1
scent_6td3,hub_batching,65,65,88,1,-4.698309898376465,Fc1nc(Nc2cc(Br)ccn2)c2nc[nH]c2n1,Oc1c(Nc2nc(Nc3cc(Br)ccn3)c3nc[nH]c3n2)cccc1Nc1cccc2cc[nH]c12
scent_6td3,hub_batching,66,66,89,1,-4.436930179595947,Fc1nc(Nc2cc(Br)ccn2)c2nc[nH]c2n1,NS(=O)(=O)c1ccc(CCNc2ccnc(Nc3nc(F)nc4[nH]cnc34)c2)cc1
scent_6td3,hub_batching,67,67,90,1,-4.116020202636719,Fc1nc(Nc2cc(Br)ccn2)c2nc[nH]c2n1,Nc1ccc(C(=O)O)cc1N(c1cc(Br)ccn1)c1nc(F)nc2[nH]cnc12
scent_6td3,hub_batching,68,68,91,1,-3.9586100578308105,Fc1nc(Nc2cc(Br)ccn2)c2nc[nH]c2n1,Nc1nc(Nc2cc(C(=O)O)ccc2NC(=O)N(c2cc(Br)ccn2)c2nc(F)nc3[nH]cnc23)nc2[nH]cnc12
scent_6td3,hub_batching,69,69,92,1,-3.578320026397705,Fc1nc(Nc2cc(Br)ccn2)c2nc[nH]c2n1,Oc1c(N(c2cc(Br)ccn2)c2nc(F)nc3[nH]cnc23)c(C(F)(F)F)nc2ccccc12
scent_6td3,hub_batching,70,70,93,1,-3.2128899097442627,Fc1nc(Nc2cc(Br)ccn2)c2nc[nH]c2n1,Nc1ccc(Br)cc1N(c1nc(Nc2cc(Br)ccn2)c2nc[nH]c2n1)c1nc2ccccc2[nH]1
scent_6td3,hub_batching,71,71,94,1,-2.7446000576019287,Fc1nc(Nc2cc(Br)ccn2)c2nc[nH]c2n1,O=C(Nc1cccc(Nc2cccc3cc[nH]c23)c1O)N(c1cc(Br)ccn1)c1nc(F)nc2[nH]cnc12
scent_6td3,hub_batching,72,72,95,1,-2.7204599380493164,Fc1nc(Nc2cc(Br)ccn2)c2nc[nH]c2n1,Cc1cnc(N(c2ccnc(Nc3nc(F)nc4[nH]cnc34)c2)c2ccc(Br)cc2N)cc1I
scent_6td3,hub_batching,73,73,96,1,-2.1875,Fc1nc(Nc2cc(Br)ccn2)c2nc[nH]c2n1,O=[N+]([O-])c1ccc(N(c2ccnc(Nc3nc(F)nc4[nH]cnc34)c2)c2cc(Br)ccc2O)c2ccccc12
scent_6td3,hub_batching,74,74,97,1,-2.128570079803467,Fc1nc(Nc2cc(Br)ccn2)c2nc[nH]c2n1,Cc1cc(N(c2cc(Br)ccn2)c2nc(F)nc3[nH]cnc23)cnc1Nc1ccc(N)c(Br)n1
scent_6td3,hub_batching,75,75,98,1,-2.047879934310913,Fc1nc(Nc2cc(Br)ccn2)c2nc[nH]c2n1,O=C(NCCc1c[nH]c2ccc(O)cc12)N(c1cc(Br)ccn1)c1nc(F)nc2[nH]cnc12
scent_6td3,hub_batching,76,76,100,2,-7.224430084228516,Cc1cc(Br)cnc1Nc1ccnc2ccccc12,Cc1cc(Br)cnc1N(Cc1ccc(N)c(Nc2nc(N)c3nc[nH]c3n2)c1)c1ccnc2ccccc12
scent_6td3,hub_batching,77,77,101,1,-6.9202799797058105,Cc1cc(Br)cnc1Nc1ccnc2ccccc12,Cc1cc(Br)cnc1N(C(=O)c1ccc(O)c(Nc2ccc(N)c(N)c2)c1)c1ccnc2ccccc12
scent_6td3,hub_batching,78,78,102,1,-6.704209804534912,Cc1cc(Br)cnc1Nc1ccnc2ccccc12,Cc1cc(Br)cnc1N(c1ccc(N)c(Nc2nc3ccccc3[nH]2)c1)c1ccnc2ccccc12
scent_6td3,hub_batching,79,79,103,1,-6.163559913635254,Cc1cc(Br)cnc1Nc1ccnc2ccccc12,Cc1cc(C#N)cnc1Nc1ccnc2ccccc12
scent_6td3,hub_batching,80,80,104,1,-5.2268900871276855,Cc1cc(Br)cnc1Nc1ccnc2ccccc12,Cc1cc(Nc2cccc(Nc3cc(C(=O)O)ccc3O)c2O)cnc1Nc1ccnc2ccccc12
scent_6td3,hub_batching,81,81,105,1,-5.161890029907227,Cc1cc(Br)cnc1Nc1ccnc2ccccc12,Cc1cc(N(c2cc(Br)ccc2O)c2ccc([N+](=O)[O-])c3ccccc23)cnc1Nc1ccnc2ccccc12
scent_6td3,hub_batching,82,82,106,1,-4.862500190734863,Cc1cc(Br)cnc1Nc1ccnc2ccccc12,Cc1cc(Nc2nc(Nc3cccc4cc[nH]c34)nc3[nH]cnc23)cnc1Nc1ccnc2ccccc12
scent_6td3,hub_batching,83,83,107,1,-4.161640167236328,Cc1cc(Br)cnc1Nc1ccnc2ccccc12,Cc1cc(Br)cnc1N(c1cc(CBr)ccc1[N+](=O)[O-])c1ccnc2ccccc12
scent_6td3,hub_batching,84,84,108,1,-4.107580184936523,Cc1cc(Br)cnc1Nc1ccnc2ccccc12,Cc1cc(Br)cnc1N(c1c(C(F)(F)F)nc2ccccc2c1O)c1ccnc2ccccc12
scent_6td3,hub_batching,85,85,109,1,-3.7256500720977783,Cc1cc(Br)cnc1Nc1ccnc2ccccc12,Cc1cc(Br)cnc1N(C(=O)Nc1nc(F)nc2[nH]cnc12)c1ccnc2ccccc12
scent_6td3,hub_batching,86,86,110,1,-3.3200600147247314,Cc1cc(Br)cnc1Nc1ccnc2ccccc12,Cc1cc(N2CCCC2C(F)(F)F)cnc1Nc1ccnc2ccccc12
scent_6td3,hub_batching,87,87,111,1,-3.216900110244751,Cc1cc(Br)cnc1Nc1ccnc2ccccc12,Cc1cc(NC(Cc2c[nH]cn2)C(=O)O)cnc1Nc1ccnc2ccccc12
scent_6td3,hub_batching,88,88,112,1,-3.196510076522827,Cc1cc(Br)cnc1Nc1ccnc2ccccc12,Cc1cc(NCc2c[nH]c3ccccc23)cnc1Nc1ccnc2ccccc12
scent_6td3,hub_batching,89,89,113,1,-2.892240047454834,Cc1cc(Br)cnc1Nc1ccnc2ccccc12,Cc1cc(Br)cnc1N(c1ccnc2ccccc12)S(=O)(=O)c1cccc2ccccc12
scent_6td3,hub_batching,90,90,114,1,-2.864949941635132,Cc1cc(Br)cnc1Nc1ccnc2ccccc12,Cc1cc(Br)cnc1N(C(=O)NCCc1ccc(S(N)(=O)=O)cc1)c1ccnc2ccccc12
scent_6td3,hub_batching,91,91,115,1,-2.7558400630950928,Cc1cc(Br)cnc1Nc1ccnc2ccccc12,Cc1cc(Br)cnc1N(C(=O)Nc1cccc(Nc2cccc3cc[nH]c23)c1O)c1ccnc2ccccc12
scent_6td3,hub_batching,92,92,116,1,-2.629300117492676,Cc1cc(Br)cnc1Nc1ccnc2ccccc12,Cc1cc(N(c2ccc(N)c(N)c2)c2nc(F)nc3[nH]cnc23)cnc1Nc1ccnc2ccccc12
scent_6td3,hub_batching,93,93,117,1,-2.6026699542999268,Cc1cc(Br)cnc1Nc1ccnc2ccccc12,Cc1cc(N(c2ccc(N)c(Br)n2)c2ncc(Br)cc2C)cnc1Nc1ccnc2ccccc12
scent_6td3,hub_batching,94,94,118,1,-2.515160083770752,Cc1cc(Br)cnc1Nc1ccnc2ccccc12,Cc1cc(Br)cnc1N(C(=O)C(N)Cc1ccc([N+](=O)[O-])cc1)c1ccnc2ccccc12
scent_6td3,hub_batching,95,95,119,1,-2.4641799926757812,Cc1cc(Br)cnc1Nc1ccnc2ccccc12,Cc1cc(-c2ccc3[nH]ccc3c2)cnc1Nc1ccnc2ccccc12
scent_6td3,hub_batching,96,96,120,1,-2.4580800533294678,Cc1cc(Br)cnc1Nc1ccnc2ccccc12,Cc1cc(N(c2cccc(N)c2O)c2cccc3cc[nH]c23)cnc1Nc1ccnc2ccccc12
scent_6td3,hub_batching,97,97,121,1,-2.266429901123047,Cc1cc(Br)cnc1Nc1ccnc2ccccc12,Cc1cc(N(c2ccc(N)cc2)c2ccnc3ccccc23)cnc1Nc1ccnc2ccccc12
scent_6td3,hub_batching,98,98,122,1,-2.244729995727539,Cc1cc(Br)cnc1Nc1ccnc2ccccc12,Cc1cc(N(c2ncc3[nH]ccc3n2)c2cc(C(=O)O)ccc2O)cnc1Nc1ccnc2ccccc12
scent_6td3,hub_batching,99,99,123,1,-2.120810031890869,Cc1cc(Br)cnc1Nc1ccnc2ccccc12,Cc1cc(Br)cnc1Nc1ccc(Nc2cnc(Nc3ccnc4ccccc34)c(C)c2)c(Br)n1
scent_6td3,hub_batching,100,100,124,1,-2.0960500240325928,Cc1cc(Br)cnc1Nc1ccnc2ccccc12,Cc1cc(Br)cnc1N(C(=O)N(c1nc2ccccc2[nH]1)c1cc(C(=O)O)ccc1N)c1ccnc2ccccc12
scent_6td3,hub_batching,101,101,127,3,-7.159999847412109,Nc1cc(C2Nc3ccccc3-n3cccc32)ccn1,Nc1cc(C2c3cccn3-c3ccccc3N2C(=O)c2ccc(O)c(Nc3nc(N)c4nc[nH]c4n3)c2)ccn1
scent_6td3,hub_batching,102,102,128,1,-7.159150123596191,Nc1cc(C2Nc3ccccc3-n3cccc32)ccn1,Nc1cc(C2c3cccn3-c3ccccc3N2Cc2ccc(O)c(Nc3nc4ccccc4[nH]3)c2)ccn1
scent_6td3,hub_batching,103,103,129,1,-6.566009998321533,Nc1cc(C2Nc3ccccc3-n3cccc32)ccn1,Cc1ccnc(Nc2cc(C3Nc4ccccc4-n4cccc43)ccn2)c1N
scent_6td3,hub_batching,104,104,130,1,-5.853479862213135,Nc1cc(C2Nc3ccccc3-n3cccc32)ccn1,Nc1ccc(CNc2cc(C3Nc4ccccc4-n4cccc43)ccn2)cc1Nc1nc(N)c2nc[nH]c2n1
scent_6td3,hub_batching,105,105,131,1,-5.451099872589111,Nc1cc(C2Nc3ccccc3-n3cccc32)ccn1,O=C(Nc1cc(C2Nc3ccccc3-n3cccc32)ccn1)Nc1nc(Nc2cc(C(=O)O)ccc2O)nc2[nH]cnc12
scent_6td3,hub_batching,106,106,132,1,-5.2504401206970215,Nc1cc(C2Nc3ccccc3-n3cccc32)ccn1,Nc1ccc(N(C(=O)Nc2cc(C3Nc4ccccc4-n4cccc43)ccn2)c2nc(F)nc3[nH]cnc23)cc1N
scent_6td3,hub_batching,107,107,133,1,-5.080230236053467,Nc1cc(C2Nc3ccccc3-n3cccc32)ccn1,Cc1cc(N2c3ccccc3-n3cccc3C2c2ccnc(N)c2)cnc1Nc1ccc(N)c(Br)n1
scent_6td3,hub_batching,108,108,134,1,-4.788869857788086,Nc1cc(C2Nc3ccccc3-n3cccc32)ccn1,Nc1cc(C2c3cccn3-c3ccccc3N2C(=O)c2cccnc2F)ccn1
scent_6td3,hub_batching,109,109,135,1,-4.680739879608154,Nc1cc(C2Nc3ccccc3-n3cccc32)ccn1,Nc1cc(C2c3cccn3-c3ccccc3N2C(=O)N(c2nc3ccccc3[nH]2)c2cc(C(=O)O)ccc2O)ccn1
scent_6td3,hub_batching,110,110,136,1,-4.665289878845215,Nc1cc(C2Nc3ccccc3-n3cccc32)ccn1,O=C(Nc1cc(C2Nc3ccccc3-n3cccc32)ccn1)NC(Cc1c[nH]c2ccccc12)C(=O)O
scent_6td3,hub_batching,111,111,137,1,-4.5502800941467285,Nc1cc(C2Nc3ccccc3-n3cccc32)ccn1,O=C(Nc1cc(C2Nc3ccccc3-n3cccc32)ccn1)Nc1cccc(Nc2cccc3cc[nH]c23)c1O
scent_6td3,hub_batching,112,112,138,1,-4.485199928283691,Nc1cc(C2Nc3ccccc3-n3cccc32)ccn1,O=C(O)c1ccc(O)c(N(C(=O)Nc2cc(C3Nc4ccccc4-n4cccc43)ccn2)c2nc3ccccc3[nH]2)c1
scent_6td3,hub_batching,113,113,139,1,-4.323929786682129,Nc1cc(C2Nc3ccccc3-n3cccc32)ccn1,Nc1cc(C2c3cccn3-c3ccccc3N2CC2CCCNC2)ccn1
scent_6td3,hub_batching,114,114,140,1,-3.795109987258911,Nc1cc(C2Nc3ccccc3-n3cccc32)ccn1,O=C(Nc1cc(C2Nc3ccccc3-n3cccc32)ccn1)c1ccc(F)c(C(F)(F)F)c1
scent_6td3,hub_batching,115,115,141,1,-3.778209924697876,Nc1cc(C2Nc3ccccc3-n3cccc32)ccn1,O=S(=O)(Nc1cc(C2Nc3ccccc3-n3cccc32)ccn1)c1cccc2ccccc12
scent_6td3,hub_batching,116,116,142,1,-3.7298099994659424,Nc1cc(C2Nc3ccccc3-n3cccc32)ccn1,Nc1cc(C2c3cccn3-c3ccccc3N2c2ccc(C=O)cc2C(F)(F)F)ccn1
scent_6td3,hub_batching,117,117,143,1,-3.669339895248413,Nc1cc(C2Nc3ccccc3-n3cccc32)ccn1,Cc1cnc(N(C(=O)N2c3ccccc3-n3cccc3C2c2ccnc(N)c2)c2ccc(Br)cc2N)cc1I
scent_6td3,hub_batching,118,118,144,1,-3.6640799045562744,Nc1cc(C2Nc3ccccc3-n3cccc32)ccn1,Nc1cc(C2c3cccn3-c3ccccc3N2C(=O)NC(Cc2c[nH]c3ccccc23)C(=O)O)ccn1
scent_6td3,hub_batching,119,119,145,1,-3.4858100414276123,Nc1cc(C2Nc3ccccc3-n3cccc32)ccn1,Nc1cc(C2c3cccn3-c3ccccc3N2C(=O)Nc2cc(Nc3nc(F)nc4[nH]cnc34)ccc2N)ccn1
scent_6td3,hub_batching,120,120,146,1,-3.422869920730591,Nc1cc(C2Nc3ccccc3-n3cccc32)ccn1,N#Cc1ccc(N2c3ccccc3-n3cccc3C2c2ccnc(N)c2)nc1
scent_6td3,hub_batching,121,121,147,1,-3.2777700424194336,Nc1cc(C2Nc3ccccc3-n3cccc32)ccn1,O=[N+]([O-])c1ccc(Nc2cc(Nc3cc(C4Nc5ccccc5-n5cccc54)ccn3)ccc2O)c2ccccc12
scent_6td3,hub_batching,122,122,148,1,-3.013000011444092,Nc1cc(C2Nc3ccccc3-n3cccc32)ccn1,Nc1cc(C2c3cccn3-c3ccccc3N2C(=O)Nc2cccc(Nc3cc(C(=O)O)ccc3O)c2O)ccn1
scent_6td3,hub_batching,123,123,149,1,-2.451280117034912,Nc1cc(C2Nc3ccccc3-n3cccc32)ccn1,N#Cc1ccc2[nH]cc(CNc3cc(C4Nc5ccccc5-n5cccc54)ccn3)c2c1
scent_6td3,hub_batching,124,124,150,1,-2.386590003967285,Nc1cc(C2Nc3ccccc3-n3cccc32)ccn1,Cc1cnc(N(C(=O)Nc2cc(C3Nc4ccccc4-n4cccc43)ccn2)c2ccc(Br)cc2N)cc1I
scent_6td3,hub_batching,125,125,151,1,-2.3466100692749023,Nc1cc(C2Nc3ccccc3-n3cccc32)ccn1,NC(CNc1cc(C2Nc3ccccc3-n3cccc32)ccn1)Cc1ccc([N+](=O)[O-])cc1
scent_6td3,hub_batching,126,126,152,1,-2.144700050354004,Nc1cc(C2Nc3ccccc3-n3cccc32)ccn1,O=C(Nc1cc(C2Nc3ccccc3-n3cccc32)ccn1)N1c2ccccc2-n2cccc2C1c1cncc(Br)c1
scent_6td3,hub_batching,127,127,156,4,-6.829840183258057,Nc1cc(C(=O)N2c3ccccc3-n3cccc3C2c2ccccc2-c2cc[nH]n2)ccc1O,O=C(c1ccc(O)c(Nc2ncc3[nH]ccc3n2)c1)N1c2ccccc2-n2cccc2C1c1ccccc1-c1cc[nH]n1
scent_6td3,hub_batching,128,128,157,1,-5.489809989929199,Nc1cc(C(=O)N2c3ccccc3-n3cccc3C2c2ccccc2-c2cc[nH]n2)ccc1O,O=C(c1ccc2oc(C3CCCN3)nc2c1)N1c2ccccc2-n2cccc2C1c1ccccc1-c1cc[nH]n1
scent_6td3,hub_batching,129,129,158,1,-2.9897799491882324,Nc1cc(C(=O)N2c3ccccc3-n3cccc3C2c2ccccc2-c2cc[nH]n2)ccc1O,Nc1cc(C(=O)N2c3ccccc3-n3cccc3C2c2ccccc2-c2cc[nH]n2)ccc1OC(=O)c1ccc(F)c(C(F)(F)F)c1
scent_6td3,hub_batching,130,130,161,3,-7.321990013122559,Nc1ccc(C(=O)N(c2cccc(N)c2O)c2cccc(Br)c2O)cc1Nc1nc(N)c2nc[nH]c2n1,Nc1ccc(C(=O)N(c2cccc(Br)c2O)c2cccc(Nc3cscn3)c2O)cc1Nc1nc(N)c2nc[nH]c2n1
scent_6td3,hub_batching,131,131,162,1,-6.688089847564697,Nc1ccc(C(=O)N(c2cccc(N)c2O)c2cccc(Br)c2O)cc1Nc1nc(N)c2nc[nH]c2n1,CCn1cnc2c(N)nc(Nc3cc(C(=O)N(c4cccc(N)c4O)c4cccc(Br)c4O)ccc3N)nc21
scent_6td3,hub_batching,132,132,163,1,-6.62814998626709,Nc1ccc(C(=O)N(c2cccc(N)c2O)c2cccc(Br)c2O)cc1Nc1nc(N)c2nc[nH]c2n1,Nc1ccc(C(=O)N(c2cccc(N)c2O)c2cccc(Br)c2O)cc1Nc1nc(NC(=O)C2CCCN2)c2nc[nH]c2n1
scent_6td3,hub_batching,133,133,164,1,-6.475460052490234,Nc1ccc(C(=O)N(c2cccc(N)c2O)c2cccc(Br)c2O)cc1Nc1nc(N)c2nc[nH]c2n1,Nc1ccc(C(=O)N(c2cccc(N)c2O)c2cccc(N3CCCC3CO)c2O)cc1Nc1nc(N)c2nc[nH]c2n1
scent_6td3,hub_batching,134,134,165,1,-5.5417799949646,Nc1ccc(C(=O)N(c2cccc(N)c2O)c2cccc(Br)c2O)cc1Nc1nc(N)c2nc[nH]c2n1,Nc1ccc(C(=O)N(c2cccc(N)c2O)c2cccc(Br)c2OC(=O)C(N)Cc2c[nH]c3ccccc23)cc1Nc1nc(N)c2nc[nH]c2n1
scent_6td3,hub_batching,135,135,166,1,-5.410999774932861,Nc1ccc(C(=O)N(c2cccc(N)c2O)c2cccc(Br)c2O)cc1Nc1nc(N)c2nc[nH]c2n1,Nc1cccc(N(C(=O)c2ccc(NC(=O)C(N)Cc3c[nH]cn3)c(Nc3nc(N)c4nc[nH]c4n3)c2)c2cccc(Br)c2O)c1O
scent_6td3,hub_batching,136,136,167,1,-5.151949882507324,Nc1ccc(C(=O)N(c2cccc(N)c2O)c2cccc(Br)c2O)cc1Nc1nc(N)c2nc[nH]c2n1,Nc1cccc(N(C(=O)c2ccc3nc(-c4cccc(O)c4N)n(-c4nc(N)c5nc[nH]c5n4)c3c2)c2cccc(Br)c2O)c1O
scent_6td3,hub_batching,137,137,168,1,-4.614880084991455,Nc1ccc(C(=O)N(c2cccc(N)c2O)c2cccc(Br)c2O)cc1Nc1nc(N)c2nc[nH]c2n1,Nc1ccc(C(=O)N(c2cccc(N)c2O)c2cccc(Br)c2O)cc1N(C(=O)Nc1c(F)cccc1C(=O)O)c1nc(N)c2nc[nH]c2n1
scent_6td3,hub_batching,138,138,169,1,-7.087029933929443,Nc1nc(Nc2ccc(Br)cc2)nc2[nH]cnc12,Nc1nc(Nc2cc(C(=O)N(c3ccc(Br)cc3)c3nc(N)c4nc[nH]c4n3)ccc2O)nc2[nH]cnc12
scent_6td3,hub_batching,139,139,170,1,-5.64546012878418,Nc1nc(Nc2ccc(Br)cc2)nc2[nH]cnc12,Nc1ccc(Nc2cc(C(=O)Nc3nc(Nc4ccc(Br)cc4)nc4[nH]cnc34)ccc2O)cc1N
scent_6td3,hub_batching,140,140,171,1,-5.500579833984375,Nc1nc(Nc2ccc(Br)cc2)nc2[nH]cnc12,O=Cc1cnccc1NC(=O)Nc1nc(Nc2ccc(Br)cc2)nc2[nH]cnc12
scent_6td3,hub_batching,141,141,172,1,-5.378389835357666,Nc1nc(Nc2ccc(Br)cc2)nc2[nH]cnc12,Nc1ccc(Nc2nc(Nc3ccc(Br)cc3)nc3[nH]cnc23)nc1Br
scent_6td3,hub_batching,142,142,173,1,-5.083469867706299,Nc1nc(Nc2ccc(Br)cc2)nc2[nH]cnc12,Nc1ccncc1CNc1nc(Nc2ccc(Br)cc2)nc2[nH]cnc12
scent_6td3,hub_batching,143,143,174,1,-4.8813300132751465,Nc1nc(Nc2ccc(Br)cc2)nc2[nH]cnc12,Cc1cnc(Nc2ccc(Nc3nc(Nc4ccc(Br)cc4)nc4[nH]cnc34)cc2N)cc1I
scent_6td3,hub_batching,144,144,175,1,-4.749740123748779,Nc1nc(Nc2ccc(Br)cc2)nc2[nH]cnc12,NC(Cc1c[nH]c2ccccc12)C(=O)Nc1nc(Nc2ccc(Br)cc2)nc2[nH]cnc12
scent_6td3,hub_batching,145,145,176,1,-4.687530040740967,Nc1nc(Nc2ccc(Br)cc2)nc2[nH]cnc12,O=C(Nc1ccc(C(=O)O)cc1Nc1nc2ccccc2[nH]1)Nc1nc(Nc2ccc(Br)cc2)nc2[nH]cnc12
scent_6td3,hub_batching,146,146,177,1,-4.650279998779297,Nc1nc(Nc2ccc(Br)cc2)nc2[nH]cnc12,Nc1nc(Nc2ccc(Nc3cccc(Nc4cc(C(=O)O)ccc4O)c3O)cc2)nc2[nH]cnc12
scent_6td3,hub_batching,147,147,178,1,-4.446990013122559,Nc1nc(Nc2ccc(Br)cc2)nc2[nH]cnc12,Nc1nc(Nc2ccc(Nc3nc(Nc4cccc(Br)c4O)nc4[nH]cnc34)cc2)nc2[nH]cnc12
scent_6td3,hub_batching,148,148,179,1,-4.408219814300537,Nc1nc(Nc2ccc(Br)cc2)nc2[nH]cnc12,CC(NC(=O)N(c1ccc(Br)cc1)c1nc(N)c2nc[nH]c2n1)c1ccccc1
scent_6td3,hub_batching,149,149,180,1,-4.401529788970947,Nc1nc(Nc2ccc(Br)cc2)nc2[nH]cnc12,COC(=O)c1cccc(CNc2nc(Nc3ccc(Br)cc3)nc3[nH]cnc23)c1
scent_6td3,hub_batching,150,150,181,1,-4.3720598220825195,Nc1nc(Nc2ccc(Br)cc2)nc2[nH]cnc12,Nc1nc(N(c2ccc(Br)cc2)c2cc(CBr)ccc2[N+](=O)[O-])nc2[nH]cnc12
scent_6td3,hub_batching,151,151,182,1,-4.358880043029785,Nc1nc(Nc2ccc(Br)cc2)nc2[nH]cnc12,COc1ccccc1CCNC(=O)Nc1nc(Nc2ccc(Br)cc2)nc2[nH]cnc12
scent_6td3,hub_batching,152,152,183,1,-3.6913199424743652,Nc1nc(Nc2ccc(Br)cc2)nc2[nH]cnc12,Cc1cc(Nc2nc(N(c3ccc(Br)cc3)c3nc(N)c4nc[nH]c4n3)nc3[nH]cnc23)cnc1N
scent_6td3,hub_batching,153,153,184,1,-3.3606200218200684,Nc1nc(Nc2ccc(Br)cc2)nc2[nH]cnc12,Nc1nc(Nc2ccc(-c3cc(O)cc(F)c3)cc2)nc2[nH]cnc12
scent_6td3,hub_batching,154,154,185,1,-3.2558701038360596,Nc1nc(Nc2ccc(Br)cc2)nc2[nH]cnc12,Nc1nc(N(c2ccc(Br)cc2)c2ccc(O)c(Nc3ccc([N+](=O)[O-])c4ccccc34)c2)nc2[nH]cnc12
scent_6td3,hub_batching,155,155,186,1,-3.2408699989318848,Nc1nc(Nc2ccc(Br)cc2)nc2[nH]cnc12,Cc1ccnc(Br)c1Nc1ccc(Nc2nc(N)c3nc[nH]c3n2)cc1
scent_6td3,hub_batching,156,156,187,1,-3.196810007095337,Nc1nc(Nc2ccc(Br)cc2)nc2[nH]cnc12,Nc1nc(Nc2ccc(Nc3ccnc4ccccc34)cc2)nc2[nH]cnc12
scent_6td3,hub_batching,157,157,188,1,-3.1915199756622314,Nc1nc(Nc2ccc(Br)cc2)nc2[nH]cnc12,COC(=O)c1ccccc1CN(c1ccc(Br)cc1)c1nc(N)c2nc[nH]c2n1
scent_6td3,hub_batching,158,158,189,1,-3.17399001121521,Nc1nc(Nc2ccc(Br)cc2)nc2[nH]cnc12,O=C(Nc1nc(Nc2ccc(Br)cc2)nc2[nH]cnc12)NC(CC1CCCCC1)C(=O)O
scent_6td3,hub_batching,159,159,190,1,-3.160370111465454,Nc1nc(Nc2ccc(Br)cc2)nc2[nH]cnc12,Nc1nc(Nc2ccc(N3CCC(S(=O)(=O)F)CC3)cc2)nc2[nH]cnc12
scent_6td3,hub_batching,160,160,191,1,-3.1579599380493164,Nc1nc(Nc2ccc(Br)cc2)nc2[nH]cnc12,CC(Nc1ccc(Nc2nc(N)c3nc[nH]c3n2)cc1)c1ccccc1
scent_6td3,hub_batching,161,161,192,1,-3.0741000175476074,Nc1nc(Nc2ccc(Br)cc2)nc2[nH]cnc12,N#Cc1ccc(N)c(Nc2ccc(Nc3nc(N)c4nc[nH]c4n3)cc2)c1
scent_6td3,hub_batching,162,162,193,1,-2.9852800369262695,Nc1nc(Nc2ccc(Br)cc2)nc2[nH]cnc12,Nc1nc(N(C(=O)C(N)Cc2c[nH]cn2)c2ccc(Br)cc2)nc2[nH]cnc12
scent_6td3,hub_batching,163,163,194,1,-2.944080114364624,Nc1nc(Nc2ccc(Br)cc2)nc2[nH]cnc12,Nc1nc(Nc2ccc(NC3CCCCC3O)cc2)nc2[nH]cnc12
scent_6td3,hub_batching,164,164,195,1,-2.92084002494812,Nc1nc(Nc2ccc(Br)cc2)nc2[nH]cnc12,O=C(Nc1nc(Nc2ccc(Br)cc2)nc2[nH]cnc12)c1cccc(F)n1
scent_6td3,hub_batching,165,165,196,1,-2.898200035095215,Nc1nc(Nc2ccc(Br)cc2)nc2[nH]cnc12,Nc1nc(Nc2ccc(NCc3ccc(C(F)(F)F)cc3)cc2)nc2[nH]cnc12
scent_6td3,hub_batching,166,166,197,1,-2.840440034866333,Nc1nc(Nc2ccc(Br)cc2)nc2[nH]cnc12,Nc1nc(Nc2ccc(NCCc3c[nH]c4ccc(O)cc34)cc2)nc2[nH]cnc12
scent_6td3,hub_batching,167,167,198,1,-2.8364200592041016,Nc1nc(Nc2ccc(Br)cc2)nc2[nH]cnc12,Nc1nc(Nc2ccc(N(c3ncc4[nH]ccc4n3)c3cc(C(=O)O)ccc3O)cc2)nc2[nH]cnc12
scent_6td3,hub_batching,168,168,199,1,-2.6623799800872803,Nc1nc(Nc2ccc(Br)cc2)nc2[nH]cnc12,Nc1ccc(N(c2ccc(Br)cc2)c2nc(N)c3nc[nH]c3n2)cc1Nc1nc2ccccc2[nH]1
scent_6td3,hub_batching,169,169,200,1,-2.6474599838256836,Nc1nc(Nc2ccc(Br)cc2)nc2[nH]cnc12,Nc1nc(Nc2ccc(Nc3ccc(Br)cc3Nc3nc4ccccc4[nH]3)cc2)nc2[nH]cnc12
scent_6td3,hub_batching,170,170,201,1,-2.6427199840545654,Nc1nc(Nc2ccc(Br)cc2)nc2[nH]cnc12,Nc1cccc(N(c2ccc(Nc3nc(N)c4nc[nH]c4n3)cc2)c2cccc3cc[nH]c23)c1O
scent_6td3,hub_batching,171,171,202,1,-2.571120023727417,Nc1nc(Nc2ccc(Br)cc2)nc2[nH]cnc12,Nc1cc(Nc2nc(F)nc3[nH]cnc23)ccc1Nc1ccc(Nc2nc(N)c3nc[nH]c3n2)cc1
scent_6td3,hub_batching,172,172,203,1,-2.563110113143921,Nc1nc(Nc2ccc(Br)cc2)nc2[nH]cnc12,Nc1nc(N(Cc2ccc(C(F)(F)F)c(F)c2)c2ccc(Br)cc2)nc2[nH]cnc12
scent_6td3,hub_batching,173,173,204,1,-2.4865899085998535,Nc1nc(Nc2ccc(Br)cc2)nc2[nH]cnc12,O=S(=O)(Nc1nc(Nc2ccc(Br)cc2)nc2[nH]cnc12)c1ccc(Br)cc1
scent_6td3,hub_batching,174,174,205,1,-2.431580066680908,Nc1nc(Nc2ccc(Br)cc2)nc2[nH]cnc12,Cc1cnc(Nc2ccc(Br)cc2N)cc1N(c1ccc(Br)cc1)c1nc(N)c2nc[nH]c2n1
scent_6td3,hub_batching,175,175,206,1,-2.3841400146484375,Nc1nc(Nc2ccc(Br)cc2)nc2[nH]cnc12,Nc1nc(Nc2ccc(NC(Cc3ccc([N+](=O)[O-])cc3)C(=O)O)cc2)nc2[nH]cnc12
scent_6td3,hub_batching,176,176,207,1,-2.2980101108551025,Nc1nc(Nc2ccc(Br)cc2)nc2[nH]cnc12,Cc1cc(Br)cnc1Nc1ccc(N)c(N(c2ccc(Br)cc2)c2nc(N)c3nc[nH]c3n2)n1
scent_6td3,hub_batching,177,177,208,1,-2.2654199600219727,Nc1nc(Nc2ccc(Br)cc2)nc2[nH]cnc12,Cc1sc(Nc2nc(Nc3ccc(Br)cc3)nc3[nH]cnc23)nc1C(=O)O
scent_6td3,hub_batching,178,178,209,1,-2.2011098861694336,Nc1nc(Nc2ccc(Br)cc2)nc2[nH]cnc12,Nc1nc(Nc2ccc(N3Cc4ccccc4CC3C(=O)O)cc2)nc2[nH]cnc12
scent_6td3,hub_batching,179,179,210,1,-2.140739917755127,Nc1nc(Nc2ccc(Br)cc2)nc2[nH]cnc12,Cc1cc(Br)cnc1N(c1ccc(Nc2nc(N)c3nc[nH]c3n2)cc1)c1ccc(N)c(Br)n1
scent_6td3,hub_batching,180,180,211,1,-2.1373798847198486,Nc1nc(Nc2ccc(Br)cc2)nc2[nH]cnc12,Nc1nc(N(C(=O)c2cc(C(F)(F)F)ccn2)c2ccc(Br)cc2)nc2[nH]cnc12
scent_6td3,hub_batching,181,181,212,1,-2.078130006790161,Nc1nc(Nc2ccc(Br)cc2)nc2[nH]cnc12,Cc1cc(N(c2ccc(Nc3nc(N)c4nc[nH]c4n3)cc2)c2nc(F)nc3[nH]cnc23)cnc1N
scent_6td3,hub_batching,182,182,214,2,-7.354219913482666,Brc1cnc(Nc2cccc3cc[nH]c23)nc1,O=C(c1ccc(O)c(Nc2nc3ccccc3[nH]2)c1)N(c1ncc(Br)cn1)c1cccc2cc[nH]c12
scent_6td3,hub_batching,183,183,215,1,-6.699550151824951,Brc1cnc(Nc2cccc3cc[nH]c23)nc1,Nc1nc(Nc2cc(CN(c3ncc(Br)cn3)c3cccc4cc[nH]c34)ccc2O)nc2[nH]cnc12
scent_6td3,hub_batching,184,184,216,1,-5.924300193786621,Brc1cnc(Nc2cccc3cc[nH]c23)nc1,OC1CCCCC1Nc1cnc(Nc2cccc3cc[nH]c23)nc1
scent_6td3,hub_batching,185,185,217,1,-4.5635600090026855,Brc1cnc(Nc2cccc3cc[nH]c23)nc1,Nc1ccc(Nc2cc(C(=O)O)ccc2O)cc1Nc1cnc(Nc2cccc3cc[nH]c23)nc1
scent_6td3,hub_batching,186,186,218,1,-4.431350231170654,Brc1cnc(Nc2cccc3cc[nH]c23)nc1,O=[N+]([O-])c1ccc(CBr)cc1N(c1ncc(Br)cn1)c1cccc2cc[nH]c12
scent_6td3,hub_batching,187,187,219,1,-4.39123010635376,Brc1cnc(Nc2cccc3cc[nH]c23)nc1,O=C(O)C(Cc1ccc([N+](=O)[O-])cc1)Nc1cnc(Nc2cccc3cc[nH]c23)nc1
scent_6td3,hub_batching,188,188,220,1,-4.226679801940918,Brc1cnc(Nc2cccc3cc[nH]c23)nc1,O=C(O)C(Cc1ccc(O)cc1)NC(=O)N(c1ncc(Br)cn1)c1cccc2cc[nH]c12
scent_6td3,hub_batching,189,189,221,1,-3.8529000282287598,Brc1cnc(Nc2cccc3cc[nH]c23)nc1,O=C(Nc1nc(Nc2ccc(Br)cc2)nc2[nH]cnc12)N(c1ncc(Br)cn1)c1cccc2cc[nH]c12
scent_6td3,hub_batching,190,190,222,1,-3.83597993850708,Brc1cnc(Nc2cccc3cc[nH]c23)nc1,O=C(O)c1cccc(-c2cnc(Nc3cccc4cc[nH]c34)nc2)c1
scent_6td3,hub_batching,191,191,223,1,-3.275710105895996,Brc1cnc(Nc2cccc3cc[nH]c23)nc1,O=[N+]([O-])c1ccc(N(c2cnc(Nc3cccc4cc[nH]c34)nc2)c2cc(Br)ccc2O)c2ccccc12
scent_6td3,hub_batching,192,192,224,1,-3.2070701122283936,Brc1cnc(Nc2cccc3cc[nH]c23)nc1,O=C1Cc2ccc(C(=O)Cn3ccc4cccc(Nc5ncc(Br)cn5)c43)cc2N1
scent_6td3,hub_batching,193,193,225,1,-3.118649959564209,Brc1cnc(Nc2cccc3cc[nH]c23)nc1,Nc1ccc(C(F)(F)F)cc1NC(=O)N(c1ncc(Br)cn1)c1cccc2cc[nH]c12
scent_6td3,hub_batching,194,194,226,1,-2.9877700805664062,Brc1cnc(Nc2cccc3cc[nH]c23)nc1,FC(F)(F)c1ccc(CNc2cnc(Nc3cccc4cc[nH]c34)nc2)cc1
scent_6td3,hub_batching,195,195,227,1,-2.9801900386810303,Brc1cnc(Nc2cccc3cc[nH]c23)nc1,Oc1c(Nc2cnc(Nc3cccc4cc[nH]c34)nc2)cccc1Nc1nc(F)nc2[nH]cnc12
scent_6td3,hub_batching,196,196,228,1,-2.8835699558258057,Brc1cnc(Nc2cccc3cc[nH]c23)nc1,OCC1CCCN1c1cnc(Nc2cccc3cc[nH]c23)nc1
scent_6td3,hub_batching,197,197,229,1,-2.601799964904785,Brc1cnc(Nc2cccc3cc[nH]c23)nc1,Cc1cc(N(c2ncc(Br)cn2)c2cccc3cc[nH]c23)cnc1Nc1ccc(N)c(Br)n1
scent_6td3,hub_batching,198,198,230,1,-2.526930093765259,Brc1cnc(Nc2cccc3cc[nH]c23)nc1,NCC#Cc1cnc(Nc2cccc3cc[nH]c23)nc1
scent_6td3,hub_batching,199,199,231,1,-2.499190092086792,Brc1cnc(Nc2cccc3cc[nH]c23)nc1,NC(=O)CC(N)C(=O)N(c1ncc(Br)cn1)c1cccc2cc[nH]c12
scent_6td3,hub_batching,200,200,232,1,-2.4488699436187744,Brc1cnc(Nc2cccc3cc[nH]c23)nc1,Nc1ccc(N(c2cnc(Nc3cccc4cc[nH]c34)nc2)c2ccnc3ccccc23)cc1
scent_6td3,hub_batching,201,201,233,1,-2.4319000244140625,Brc1cnc(Nc2cccc3cc[nH]c23)nc1,Cc1cnc(N(c2cnc(Nc3cccc4cc[nH]c34)nc2)c2ccc(Br)cc2N)cc1I
scent_6td3,hub_batching,202,202,234,1,-2.4312000274658203,Brc1cnc(Nc2cccc3cc[nH]c23)nc1,Cc1cc(Br)cnc1Nc1ccc(Nc2cnc(Nc3cccc4cc[nH]c34)nc2)c(Br)n1
scent_6td3,hub_batching,203,203,235,1,-2.358069896697998,Brc1cnc(Nc2cccc3cc[nH]c23)nc1,O=C(Nc1ccc(Nc2ccnc3ccccc23)cc1)N(c1ncc(Br)cn1)c1cccc2cc[nH]c12
scent_6td3,hub_batching,204,204,236,1,-2.3537700176239014,Brc1cnc(Nc2cccc3cc[nH]c23)nc1,N#Cc1cc(Br)cc(Nc2cnc(Nc3cccc4cc[nH]c34)nc2)c1
scent_6td3,hub_batching,205,205,237,1,-2.3489201068878174,Brc1cnc(Nc2cccc3cc[nH]c23)nc1,Oc1ccc2[nH]cc(CCNc3cnc(Nc4cccc5cc[nH]c45)nc3)c2c1
scent_6td3,hub_batching,206,206,238,1,-2.3122100830078125,Brc1cnc(Nc2cccc3cc[nH]c23)nc1,Nc1ccc(Br)cc1N(c1cnc(Nc2cccc3cc[nH]c23)nc1)c1nc2ccccc2[nH]1
scent_6td3,hub_batching,207,207,239,1,-2.282639980316162,Brc1cnc(Nc2cccc3cc[nH]c23)nc1,O=C(O)c1cccc(F)c1Nc1cnc(Nc2cccc3cc[nH]c23)nc1
scent_6td3,hub_batching,208,208,240,1,-2.275599956512451,Brc1cnc(Nc2cccc3cc[nH]c23)nc1,Brc1cnc(N(c2cnc(Nc3cccc4cc[nH]c34)nc2)c2cccc3cc[nH]c23)nc1
scent_6td3,hub_batching,209,209,241,1,-2.1328799724578857,Brc1cnc(Nc2cccc3cc[nH]c23)nc1,O=Cc1cnccc1Nc1cnc(Nc2cccc3cc[nH]c23)nc1
scent_6td3,hub_batching,210,210,242,1,-2.0528900623321533,Brc1cnc(Nc2cccc3cc[nH]c23)nc1,NC(Cc1ccccc1)CN(c1ncc(Br)cn1)c1cccc2cc[nH]c12
scent_6td3,hub_batching,211,211,246,4,-7.219480037689209,O=C(c1ccc(O)c(Nc2nc3ccccc3[nH]2)c1)N1c2ccccc2-n2cccc2C1c1cccnc1,O=C(Cn1c(Nc2cc(C(=O)N3c4ccccc4-n4cccc4C3c3cccnc3)ccc2O)nc2ccccc21)c1ccc(Br)cc1
scent_6td3,hub_batching,212,212,247,1,-6.000870227813721,O=C(c1ccc(O)c(Nc2nc3ccccc3[nH]2)c1)N1c2ccccc2-n2cccc2C1c1cccnc1,Nc1cc(N(c2nc3ccccc3[nH]2)c2cc(C(=O)N3c4ccccc4-n4cccc4C3c3cccnc3)ccc2O)n[nH]1
scent_6td3,hub_batching,213,213,248,1,-3.1514899730682373,O=C(c1ccc(O)c(Nc2nc3ccccc3[nH]2)c1)N1c2ccccc2-n2cccc2C1c1cccnc1,NC(Cc1c[nH]c2ccccc12)C(=O)Oc1ccc(C(=O)N2c3ccccc3-n3cccc3C2c2cccnc2)cc1Nc1nc2ccccc2[nH]1
scent_6td3,hub_batching,214,214,250,2,-6.46422004699707,Nc1ccc(C(=O)Nc2ccccc2-n2cccc2)cc1Nc1nc(N)c2nc[nH]c2n1,Nc1ccc(C(=O)N(c2nc(N)c3nc[nH]c3n2)c2cc(C(=O)Nc3ccccc3-n3cccc3)ccc2N)cc1Nc1nc(N)c2nc[nH]c2n1
scent_6td3,hub_batching,215,215,251,1,-5.800069808959961,Nc1ccc(C(=O)Nc2ccccc2-n2cccc2)cc1Nc1nc(N)c2nc[nH]c2n1,CC(Nc1nc(Nc2cc(C(=O)Nc3ccccc3-n3cccc3)ccc2N)nc2[nH]cnc12)c1ccc(S(=O)(=O)F)cc1
scent_6td3,hub_batching,216,216,252,1,-5.212810039520264,Nc1ccc(C(=O)Nc2ccccc2-n2cccc2)cc1Nc1nc(N)c2nc[nH]c2n1,Nc1ccc(C(=O)Nc2ccccc2-n2cccc2)cc1N(Cc1ccc(O)c(Nc2ncc3[nH]ccc3n2)c1)c1nc(N)c2nc[nH]c2n1
scent_6td3,hub_batching,217,217,253,1,-4.978730201721191,Nc1ccc(C(=O)Nc2ccccc2-n2cccc2)cc1Nc1nc(N)c2nc[nH]c2n1,Nc1nc(Nc2cc(C(=O)Nc3ccccc3-n3cccc3)ccc2NCc2ccccc2-c2cc[nH]n2)nc2[nH]cnc12
scent_6td3,hub_batching,218,218,254,1,-4.621739864349365,Nc1ccc(C(=O)Nc2ccccc2-n2cccc2)cc1Nc1nc(N)c2nc[nH]c2n1,Cc1cc(N(c2nc(N)c3nc[nH]c3n2)c2cc(C(=O)Nc3ccccc3-n3cccc3)ccc2N)cnc1Nc1ccnc2ccccc12
scent_6td3,hub_batching,219,219,255,1,-3.7819700241088867,Nc1ccc(C(=O)Nc2ccccc2-n2cccc2)cc1Nc1nc(N)c2nc[nH]c2n1,Nc1nc(Nc2cc(C(=O)Nc3ccccc3-n3cccc3)ccc2Nc2ccc(O)c(Nc3ccc([N+](=O)[O-])c4ccccc34)c2)nc2[nH]cnc12
scent_6td3,hub_batching,220,220,256,1,-3.2305400371551514,Nc1ccc(C(=O)Nc2ccccc2-n2cccc2)cc1Nc1nc(N)c2nc[nH]c2n1,Cc1cc(Br)cnc1N(C(=O)Nc1ccc(C(=O)Nc2ccccc2-n2cccc2)cc1Nc1nc(N)c2nc[nH]c2n1)c1ccnc2ccccc12
scent_6td3,hub_batching,221,221,257,1,-3.1331400871276855,Nc1ccc(C(=O)Nc2ccccc2-n2cccc2)cc1Nc1nc(N)c2nc[nH]c2n1,Nc1ccc(C(=O)Nc2ccccc2-n2cccc2)cc1Nc1nc(NC(=O)N(c2cc(Br)ccc2O)c2ccc([N+](=O)[O-])c3ccccc23)c2nc[nH]c2n1
scent_6td3,hub_batching,222,222,259,2,-7.237539768218994,Cc1cnc(Nc2ccnc3ccccc23)cc1I,Cc1cnc(N(C(=O)c2ccc(O)c(Nc3nc4ccccc4[nH]3)c2)c2ccnc3ccccc23)cc1I
scent_6td3,hub_batching,223,223,260,1,-5.659800052642822,Cc1cnc(Nc2ccnc3ccccc23)cc1I,Cc1cnc(N(C(=O)Nc2cccc3ccccc23)c2ccnc3ccccc23)cc1I
scent_6td3,hub_batching,224,224,261,1,-5.537220001220703,Cc1cnc(Nc2ccnc3ccccc23)cc1I,Cc1cnc(N(C(=O)NC(Cc2c[nH]c3ccccc23)C(=O)O)c2ccnc3ccccc23)cc1I
scent_6td3,hub_batching,225,225,262,1,-5.45920991897583,Cc1cnc(Nc2ccnc3ccccc23)cc1I,Cc1cnc(Nc2ccnc3ccccc23)cc1NCC(C)O
scent_6td3,hub_batching,226,226,263,1,-5.432089805603027,Cc1cnc(Nc2ccnc3ccccc23)cc1I,Cc1cnc(Nc2ccnc3ccccc23)cc1Nc1ccc(Nc2nc(F)nc3[nH]cnc23)cc1
scent_6td3,hub_batching,227,227,264,1,-5.069419860839844,Cc1cnc(Nc2ccnc3ccccc23)cc1I,Cc1cnc(Nc2ccnc3ccccc23)cc1Nc1ccc(C(=O)O)cc1Nc1nc2ccccc2[nH]1
scent_6td3,hub_batching,228,228,265,1,-4.829370021820068,Cc1cnc(Nc2ccnc3ccccc23)cc1I,Cc1cnc(Nc2ccnc3ccccc23)cc1Nc1cccc(Nc2cccc3cc[nH]c23)c1O
scent_6td3,hub_batching,229,229,266,1,-4.5464301109313965,Cc1cnc(Nc2ccnc3ccccc23)cc1I,Cc1cnc(N(c2cnc(F)c(C)c2)c2ccnc3ccccc23)cc1I
scent_6td3,hub_batching,230,230,267,1,-3.498110055923462,Cc1cnc(Nc2ccnc3ccccc23)cc1I,Cc1cnc(Nc2ccnc3ccccc23)cc1-c1cccc(C(=O)O)c1
scent_6td3,hub_batching,231,231,268,1,-3.24534010887146,Cc1cnc(Nc2ccnc3ccccc23)cc1I,Cc1cnc(N(c2ccc(CBr)cc2[N+](=O)[O-])c2ccnc3ccccc23)cc1I
scent_6td3,hub_batching,232,232,269,1,-2.8297901153564453,Cc1cnc(Nc2ccnc3ccccc23)cc1I,Cc1cnc(N(C(=O)Nc2nc(Nc3cc(C(=O)O)ccc3N)nc3[nH]cnc23)c2ccnc3ccccc23)cc1I
scent_6td3,hub_batching,233,233,270,1,-2.580430030822754,Cc1cnc(Nc2ccnc3ccccc23)cc1I,Cc1cnc(N(Cc2ccc(O)c(Nc3ncc4[nH]ccc4n3)c2)c2ccnc3ccccc23)cc1I
scent_6td3,hub_batching,234,234,271,1,-2.5634799003601074,Cc1cnc(Nc2ccnc3ccccc23)cc1I,Cc1cnc(Nc2ccnc3ccccc23)cc1N(c1nc2ccccc2[nH]1)c1cc(C(=O)O)ccc1N
scent_6td3,hub_batching,235,235,272,1,-2.4676499366760254,Cc1cnc(Nc2ccnc3ccccc23)cc1I,Cc1cnc(N(c2nc(Nc3cnc(N)c(C)c3)c3nc[nH]c3n2)c2ccnc3ccccc23)cc1I
scent_6td3,hub_batching,236,236,273,1,-2.420909881591797,Cc1cnc(Nc2ccnc3ccccc23)cc1I,Cc1cnc(N(C(=O)C(N)Cc2c[nH]cn2)c2ccnc3ccccc23)cc1I
scent_6td3,hub_batching,237,237,274,1,-2.3273699283599854,Cc1cnc(Nc2ccnc3ccccc23)cc1I,Cc1cnc(N(C(=O)C2Cc3ccccc3CN2)c2ccnc3ccccc23)cc1I
scent_6td3,hub_batching,238,238,275,1,-2.144670009613037,Cc1cnc(Nc2ccnc3ccccc23)cc1I,Cc1cnc(Nc2ccc(Br)cc2Nc2cc(Nc3ccnc4ccccc34)ncc2C)cc1I
scent_6td3,hub_batching,239,239,276,1,-2.1135499477386475,Cc1cnc(Nc2ccnc3ccccc23)cc1I,Cc1cnc(Nc2ccnc3ccccc23)cc1N(c1nc(N)c2nc[nH]c2n1)c1cccc(Br)c1O
scent_6td3,hub_batching,240,240,279,3,-6.708789825439453,Oc1ccc(Nc2cc(N3CCCC(O)C3)ccc2O)cn1,Cc1cc(Nc2nc(N(c3ccc(O)nc3)c3cc(N4CCCC(O)C4)ccc3O)nc3[nH]cnc23)cnc1N
scent_6td3,hub_batching,241,241,280,1,-6.6456298828125,Oc1ccc(Nc2cc(N3CCCC(O)C3)ccc2O)cn1,Nc1ccc(C(=O)N(c2ccc(O)nc2)c2cc(N3CCCC(O)C3)ccc2O)cc1Nc1nc2ccccc2[nH]1
scent_6td3,hub_batching,242,242,281,1,-5.996089935302734,Oc1ccc(Nc2cc(N3CCCC(O)C3)ccc2O)cn1,O=C(Nc1ccccc1-n1cccc1)N(c1ccc(O)nc1)c1cc(N2CCCC(O)C2)ccc1O
scent_6td3,hub_batching,243,243,282,1,-5.170370101928711,Oc1ccc(Nc2cc(N3CCCC(O)C3)ccc2O)cn1,O=S(=O)(F)c1cccc(N(c2ccc(O)nc2)c2cc(N3CCCC(O)C3)ccc2O)n1
scent_6td3,hub_batching,244,244,283,1,-5.135159969329834,Oc1ccc(Nc2cc(N3CCCC(O)C3)ccc2O)cn1,O=C(COC1CCCN(c2ccc(O)c(Nc3ccc(O)nc3)c2)C1)c1ccc(F)cc1F
scent_6td3,hub_batching,245,245,284,1,-4.4647698402404785,Oc1ccc(Nc2cc(N3CCCC(O)C3)ccc2O)cn1,Cc1cc(Br)cnc1Nc1ccc(N)c(N(c2ccc(O)nc2)c2cc(N3CCCC(O)C3)ccc2O)n1
scent_6td3,hub_batching,246,246,285,1,-4.251110076904297,Oc1ccc(Nc2cc(N3CCCC(O)C3)ccc2O)cn1,NC(Cc1ccc([N+](=O)[O-])cc1)C(=O)N(c1ccc(O)nc1)c1cc(N2CCCC(O)C2)ccc1O
scent_6td3,hub_batching,247,247,286,1,-4.248700141906738,Oc1ccc(Nc2cc(N3CCCC(O)C3)ccc2O)cn1,CC(O)C(N)C(=O)Oc1ccc(N2CCCC(O)C2)cc1Nc1ccc(O)nc1
scent_6td3,hub_batching,248,248,287,1,-4.20851993560791,Oc1ccc(Nc2cc(N3CCCC(O)C3)ccc2O)cn1,COc1ccc(C(F)(F)F)cc1CN(c1ccc(O)nc1)c1cc(N2CCCC(O)C2)ccc1O
scent_6td3,hub_batching,249,249,288,1,-3.6465699672698975,Oc1ccc(Nc2cc(N3CCCC(O)C3)ccc2O)cn1,Nc1cccc(N(C(=O)N(c2ccc(O)nc2)c2cc(N3CCCC(O)C3)ccc2O)c2cc(C(=O)O)ccc2O)c1O
scent_6td3,hub_batching,250,250,289,1,-3.6127700805664062,Oc1ccc(Nc2cc(N3CCCC(O)C3)ccc2O)cn1,NC(Cc1ccccc1)C(=O)Oc1ccc(Nc2cc(N3CCCC(O)C3)ccc2O)cn1
scent_6td3,hub_batching,251,251,290,1,-3.5871899127960205,Oc1ccc(Nc2cc(N3CCCC(O)C3)ccc2O)cn1,Nc1ccc(CN(c2ccc(O)nc2)c2cc(N3CCCC(O)C3)ccc2O)cc1Nc1nc(N)c2nc[nH]c2n1
scent_6td3,hub_batching,252,252,291,1,-3.1689600944519043,Oc1ccc(Nc2cc(N3CCCC(O)C3)ccc2O)cn1,O=C(OC1CCCN(c2ccc(O)c(Nc3ccc(O)nc3)c2)C1)c1cccc(N=C=S)c1
scent_6td3,hub_batching,253,253,292,1,-3.127969980239868,Oc1ccc(Nc2cc(N3CCCC(O)C3)ccc2O)cn1,Oc1ccc(N(c2cc(N3CCCC(O)C3)ccc2O)C(CCl)c2ccc(O)c(O)c2)cn1
scent_6td3,hub_batching,254,254,293,1,-2.7424399852752686,Oc1ccc(Nc2cc(N3CCCC(O)C3)ccc2O)cn1,Oc1ccc(N(CC2Cc3ccccc3CN2)c2cc(N3CCCC(O)C3)ccc2O)cn1
scent_6td3,hub_batching,255,255,294,1,-2.6560299396514893,Oc1ccc(Nc2cc(N3CCCC(O)C3)ccc2O)cn1,Cc1cc(N(c2ccc(O)nc2)c2cc(N3CCCC(O)C3)ccc2O)cnc1Nc1ccnc2ccccc12
scent_6td3,hub_batching,256,256,295,1,-2.6278600692749023,Oc1ccc(Nc2cc(N3CCCC(O)C3)ccc2O)cn1,NC(Cc1c[nH]c2ccccc12)CN(c1ccc(O)nc1)c1cc(N2CCCC(O)C2)ccc1O
scent_6td3,hub_batching,257,257,296,1,-2.6255300045013428,Oc1ccc(Nc2cc(N3CCCC(O)C3)ccc2O)cn1,NC(Cc1c[nH]c2ccccc12)C(=O)OC1CCCN(c2ccc(O)c(Nc3ccc(O)nc3)c2)C1
scent_6td3,hub_batching,258,258,297,1,-2.4977400302886963,Oc1ccc(Nc2cc(N3CCCC(O)C3)ccc2O)cn1,O=C(Oc1ccc(Nc2cc(N3CCCC(O)C3)ccc2O)cn1)c1ccc(O)c(Nc2ncc3[nH]ccc3n2)c1
scent_6td3,hub_batching,259,259,298,1,-2.4494400024414062,Oc1ccc(Nc2cc(N3CCCC(O)C3)ccc2O)cn1,Oc1ccc(N(c2cncc(C3Nc4ccccc4-n4cccc43)c2)c2cc(N3CCCC(O)C3)ccc2O)cn1
scent_6td3,hub_batching,260,260,299,1,-2.300299882888794,Oc1ccc(Nc2cc(N3CCCC(O)C3)ccc2O)cn1,Oc1ccc(N(c2cnc(Nc3cccc4cc[nH]c34)nc2)c2cc(N3CCCC(O)C3)ccc2O)cn1
scent_6td3,hub_batching,261,261,300,1,-2.1016499996185303,Oc1ccc(Nc2cc(N3CCCC(O)C3)ccc2O)cn1,Cc1cc(Br)cnc1N(C(=O)N(c1ccc(O)nc1)c1cc(N2CCCC(O)C2)ccc1O)c1ccnc2ccccc12
scent_6td3,hub_batching,262,262,301,1,-2.0378899574279785,Oc1ccc(Nc2cc(N3CCCC(O)C3)ccc2O)cn1,O=C(N(c1ccc(O)nc1)c1cc(N2CCCC(O)C2)ccc1O)N1c2ccccc2-n2cccc2C1c1cncc(Br)c1
scent_6td3,hub_batching,263,263,304,3,-7.068709850311279,Nc1ccc(C(=O)N(c2cc(Br)ccn2)c2cccc(Br)c2O)cc1Nc1nc2ccccc2[nH]1,Nc1ccc(-c2ccnc(N(C(=O)c3ccc(N)c(Nc4nc5ccccc5[nH]4)c3)c3cccc(Br)c3O)c2)cn1
scent_6td3,hub_batching,264,264,305,1,-6.771609783172607,Nc1ccc(C(=O)N(c2cc(Br)ccn2)c2cccc(Br)c2O)cc1Nc1nc2ccccc2[nH]1,Nc1ccc(C(=O)N(c2cc(Br)ccn2)c2cccc(Br)c2O)cc1Nc1nc2ccccc2n1CC(=O)O
scent_6td3,hub_batching,265,265,306,1,-5.572289943695068,Nc1ccc(C(=O)N(c2cc(Br)ccn2)c2cccc(Br)c2O)cc1Nc1nc2ccccc2[nH]1,Nc1ccc(C(=O)N(c2cc(Br)ccn2)c2cccc(Br)c2O)cc1N(C(=O)CO)c1nc2ccccc2[nH]1
scent_6td3,hub_batching,266,266,307,1,-5.396299839019775,Nc1ccc(C(=O)N(c2cc(Br)ccn2)c2cccc(Br)c2O)cc1Nc1nc2ccccc2[nH]1,O=C(O)c1cccc(-c2nc3ccc(C(=O)N(c4cc(Br)ccn4)c4cccc(Br)c4O)cc3n2-c2nc3ccccc3[nH]2)c1
scent_6td3,hub_batching,267,267,308,1,-4.946400165557861,Nc1ccc(C(=O)N(c2cc(Br)ccn2)c2cccc(Br)c2O)cc1Nc1nc2ccccc2[nH]1,O=C(Nc1ccc(C(=O)N(c2cc(Br)ccn2)c2cccc(Br)c2O)cc1Nc1nc2ccccc2[nH]1)NC1CCCCC1O
scent_6td3,hub_batching,268,268,309,1,-4.639500141143799,Nc1ccc(C(=O)N(c2cc(Br)ccn2)c2cccc(Br)c2O)cc1Nc1nc2ccccc2[nH]1,Nc1ccc(C(=O)N(c2cc(Br)ccn2)c2cccc(Br)c2OC(=O)C(N)Cc2ccc([N+](=O)[O-])cc2)cc1Nc1nc2ccccc2[nH]1
scent_6td3,hub_batching,269,269,312,3,-7.047619819641113,Nc1ccc(C(=O)N(c2ccc(O)c(N)c2)c2cccc3cc[nH]c23)cc1N,Nc1ccc(C(=O)N(c2ccc(O)c(Nc3nc(N)c4nc[nH]c4n3)c2)c2cccc3cc[nH]c23)cc1N
scent_6td3,hub_batching,270,270,313,1,-7.046559810638428,Nc1ccc(C(=O)N(c2ccc(O)c(N)c2)c2cccc3cc[nH]c23)cc1N,Nc1cc(N(C(=O)c2ccc(N)c(Nc3ccc([N+](=O)[O-])c4ccccc34)c2)c2cccc3cc[nH]c23)ccc1O
scent_6td3,hub_batching,271,271,314,1,-4.983550071716309,Nc1ccc(C(=O)N(c2ccc(O)c(N)c2)c2cccc3cc[nH]c23)cc1N,Nc1ccc(C(=O)N(c2ccc(O)c(NC(=O)c3ccc(N)c(Nc4nc5ccccc5[nH]4)c3)c2)c2cccc3cc[nH]c23)cc1N
scent_6td3,hub_batching,272,272,315,1,-4.411489963531494,Nc1ccc(C(=O)N(c2ccc(O)c(N)c2)c2cccc3cc[nH]c23)cc1N,Nc1ccc(Nc2cc(C(=O)Oc3ccc(N(C(=O)c4ccc(N)c(N)c4)c4cccc5cc[nH]c45)cc3N)ccc2O)cc1N
scent_6td3,hub_batching,273,273,316,1,-4.400100231170654,Nc1ccc(C(=O)N(c2ccc(O)c(N)c2)c2cccc3cc[nH]c23)cc1N,Nc1cc(N(C(=O)c2ccc(N)c(NC(=O)c3ccc(O)c(Nc4ncc5[nH]ccc5n4)c3)c2)c2cccc3cc[nH]c23)ccc1O
scent_6td3,hub_batching,274,274,317,1,-4.359690189361572,Nc1ccc(C(=O)N(c2ccc(O)c(N)c2)c2cccc3cc[nH]c23)cc1N,N=C(N)NCCCC(NC(=O)Nc1ccc(C(=O)N(c2ccc(O)c(N)c2)c2cccc3cc[nH]c23)cc1N)C(=O)O
scent_6td3,hub_batching,275,275,318,1,-4.158790111541748,Nc1ccc(C(=O)N(c2ccc(O)c(N)c2)c2cccc3cc[nH]c23)cc1N,Nc1ccc(N(C(=O)Nc2cc(C(=O)N(c3ccc(O)c(N)c3)c3cccc4cc[nH]c34)ccc2N)c2nc(F)nc3[nH]cnc23)cc1N
scent_6td3,hub_batching,276,276,319,1,-3.891479969024658,Nc1ccc(C(=O)N(c2ccc(O)c(N)c2)c2cccc3cc[nH]c23)cc1N,Cc1cnc(Nc2ccc(Br)cc2N)cc1Nc1ccc(C(=O)N(c2ccc(O)c(N)c2)c2cccc3cc[nH]c23)cc1N
scent_6td3,hub_batching,277,277,320,1,-3.8510499000549316,Nc1ccc(C(=O)N(c2ccc(O)c(N)c2)c2cccc3cc[nH]c23)cc1N,Cc1cnc(N(C(=O)Nc2cc(N(C(=O)c3ccc(N)c(N)c3)c3cccc4cc[nH]c34)ccc2O)c2ccc(Br)cc2N)cc1I
scent_6td3,hub_batching,278,278,321,1,-3.349519968032837,Nc1ccc(C(=O)N(c2ccc(O)c(N)c2)c2cccc3cc[nH]c23)cc1N,Nc1cc(N(C(=O)c2ccc(N)c(NC(=O)NCCc3c[nH]c4ccc(O)cc34)c2)c2cccc3cc[nH]c23)ccc1O
scent_6td3,hub_batching,279,279,322,1,-3.0787599086761475,Nc1ccc(C(=O)N(c2ccc(O)c(N)c2)c2cccc3cc[nH]c23)cc1N,Nc1ccc(C(=O)N(c2ccc(O)c(NC(=O)N3c4ccccc4-n4cccc4C3c3cncc(Br)c3)c2)c2cccc3cc[nH]c23)cc1N
scent_6td3,hub_batching,280,280,323,1,-2.6609299182891846,Nc1ccc(C(=O)N(c2ccc(O)c(N)c2)c2cccc3cc[nH]c23)cc1N,Nc1ccc(C(=O)N(c2ccc(O)c(NCC(N)Cc3c[nH]c4ccccc34)c2)c2cccc3cc[nH]c23)cc1N
scent_6td3,hub_batching,281,281,324,1,-2.5570900440216064,Nc1ccc(C(=O)N(c2ccc(O)c(N)c2)c2cccc3cc[nH]c23)cc1N,Nc1cc(N(C(=O)c2ccc(NCc3ccccc3-c3cc[nH]n3)c(N)c2)c2cccc3cc[nH]c23)ccc1O
scent_6td3,hub_batching,282,282,325,1,-2.508039951324463,Nc1ccc(C(=O)N(c2ccc(O)c(N)c2)c2cccc3cc[nH]c23)cc1N,Nc1ccc(C(=O)N(c2ccc(O)c(NC(CCl)c3ccc4c(c3)NC(=O)C4)c2)c2cccc3cc[nH]c23)cc1N
scent_6td3,hub_batching,283,283,328,3,-7.383230209350586,Nc1ccc(C(=O)N2c3ccccc3-n3cccc3C2c2ccccc2Br)cc1Nc1nc(N)c2nc[nH]c2n1,Nc1ccc(C(=O)N2c3ccccc3-n3cccc3C2c2ccccc2Br)cc1Nc1nc(NC(=O)C2CNC2)c2nc[nH]c2n1
scent_6td3,hub_batching,284,284,329,1,-6.308050155639648,Nc1ccc(C(=O)N2c3ccccc3-n3cccc3C2c2ccccc2Br)cc1Nc1nc(N)c2nc[nH]c2n1,Nc1ccc(C(=O)N2c3ccccc3-n3cccc3C2c2ccccc2NCc2c[nH]c3ccccc23)cc1Nc1nc(N)c2nc[nH]c2n1
scent_6td3,hub_batching,285,285,330,1,-6.10945987701416,Nc1ccc(C(=O)N2c3ccccc3-n3cccc3C2c2ccccc2Br)cc1Nc1nc(N)c2nc[nH]c2n1,Nc1nc(-n2c(CC(N)C(=O)O)nc3ccc(C(=O)N4c5ccccc5-n5cccc5C4c4ccccc4Br)cc32)nc2[nH]cnc12
scent_6td3,hub_batching,286,286,331,1,-5.295080184936523,Nc1ccc(C(=O)N2c3ccccc3-n3cccc3C2c2ccccc2Br)cc1Nc1nc(N)c2nc[nH]c2n1,Nc1ccc(C(=O)N2c3ccccc3-n3cccc3C2c2ccccc2Br)cc1Nc1nc(N)c2ncn(Cc3ccc(F)c([N+](=O)[O-])c3)c2n1
scent_6td3,hub_batching,287,287,332,1,-4.734039783477783,Nc1ccc(C(=O)N2c3ccccc3-n3cccc3C2c2ccccc2Br)cc1Nc1nc(N)c2nc[nH]c2n1,Nc1ccc(C(=O)N2c3ccccc3-n3cccc3C2c2ccccc2Br)cc1N(C(=O)NCCc1c[nH]c2ccc(O)cc12)c1nc(N)c2nc[nH]c2n1
scent_6td3,hub_batching,288,288,333,1,-3.5560200214385986,Nc1ccc(C(=O)N2c3ccccc3-n3cccc3C2c2ccccc2Br)cc1Nc1nc(N)c2nc[nH]c2n1,Nc1nc(Nc2cc(C(=O)N3c4ccccc4-n4cccc4C3c3ccccc3Br)ccc2Nc2ccc3c(C=O)c[nH]c3c2)nc2[nH]cnc12
scent_6td3,hub_batching,289,289,336,3,-7.069699764251709,Cc1cnc(Nc2cc(I)ccc2N)cc1I,Cc1cnc(Nc2cc(N(c3nc(N)c4nc[nH]c4n3)c3cccc4cc[nH]c34)ccc2N)cc1I
scent_6td3,hub_batching,290,290,337,1,-6.65054988861084,Cc1cnc(Nc2cc(I)ccc2N)cc1I,Cc1cnc(Nc2cc(N(c3ncc4[nH]ccc4n3)c3cc(C(=O)O)ccc3O)ccc2N)cc1I
scent_6td3,hub_batching,291,291,338,1,-6.522119998931885,Cc1cnc(Nc2cc(I)ccc2N)cc1I,Cc1cnc(N(Cc2ccc(N)c(Nc3nc(N)c4nc[nH]c4n3)c2)c2cc(I)ccc2N)cc1I
scent_6td3,hub_batching,292,292,339,1,-6.400609970092773,Cc1cnc(Nc2cc(I)ccc2N)cc1I,Cc1cnc(Nc2cc(N3CCC(=O)CC3)ccc2N)cc1I
scent_6td3,hub_batching,293,293,340,1,-6.287590026855469,Cc1cnc(Nc2cc(I)ccc2N)cc1I,Cc1cnc(N(C(=O)c2ccc(O)c(Nc3ccc(N)c(N)c3)c2)c2cc(I)ccc2N)cc1I
scent_6td3,hub_batching,294,294,341,1,-6.228479862213135,Cc1cnc(Nc2cc(I)ccc2N)cc1I,Cc1cnc(Nc2cc(-c3cccnc3F)ccc2N)cc1I
scent_6td3,hub_batching,295,295,342,1,-6.131199836730957,Cc1cnc(Nc2cc(I)ccc2N)cc1I,Cc1cnc(Nc2cc(Nc3ccc(C(=O)O)cc3O)ccc2N)cc1I
scent_6td3,hub_batching,296,296,343,1,-6.094389915466309,Cc1cnc(Nc2cc(I)ccc2N)cc1I,Cc1cnc(Nc2cc(NCc3cccc(O)c3)ccc2N)cc1I
scent_6td3,hub_batching,297,297,344,1,-6.056879997253418,Cc1cnc(Nc2cc(I)ccc2N)cc1I,Cc1cnc(Nc2cc(N(C)CC(=O)O)ccc2N)cc1I
scent_6td3,hub_batching,298,298,345,1,-6.032289981842041,Cc1cnc(Nc2cc(I)ccc2N)cc1I,Cc1cnc(N(c2cc(I)ccc2N)c2nc(Nc3ncc(Br)cc3C)ccc2N)cc1I
scent_6td3,hub_batching,299,299,346,1,-5.969629764556885,Cc1cnc(Nc2cc(I)ccc2N)cc1I,Cc1cnc(Nc2cc(I)ccc2N)cc1S
scent_6td3,hub_batching,300,300,347,1,-5.799280166625977,Cc1cnc(Nc2cc(I)ccc2N)cc1I,Cc1cnc(Nc2cc(N(c3ccc(N)c(Br)n3)c3ncc(Br)cc3C)ccc2N)cc1I
scent_6td3,greedy_oracle,1,1,21,1,-6.727980136871338,Nc1nc(F)nc2[nH]cnc12,Nc1ccc(Nc2nc(F)nc3[nH]cnc23)cc1Nc1nc2ccccc2[nH]1
scent_6td3,greedy_oracle,2,2,22,1,-6.7193098068237305,Nc1nc(F)nc2[nH]cnc12,Nc1nc(Nc2ccnc3ccccc23)nc2[nH]cnc12
scent_6td3,greedy_oracle,3,3,23,1,-6.49245023727417,Nc1nc(F)nc2[nH]cnc12,Fc1nc(NCc2ccc(C(F)(F)F)cc2F)c2nc[nH]c2n1
scent_6td3,greedy_oracle,4,4,24,1,-6.485529899597168,Nc1nc(F)nc2[nH]cnc12,Nc1ccc(C(=O)O)cc1Nc1nc(N)c2nc[nH]c2n1
scent_6td3,greedy_oracle,5,5,25,1,-6.357870101928711,Nc1nc(F)nc2[nH]cnc12,Nc1nc(NCc2ccc(C(F)(F)F)cc2)nc2[nH]cnc12
scent_6td3,greedy_oracle,6,6,26,1,-6.332089900970459,Nc1nc(F)nc2[nH]cnc12,COc1ccc(Nc2nc(N)c3nc[nH]c3n2)c(N)c1
scent_6td3,greedy_oracle,7,7,27,1,-6.184639930725098,Nc1nc(F)nc2[nH]cnc12,Nc1nc(Nc2cccc3cc[nH]c23)nc2[nH]cnc12
scent_6td3,greedy_oracle,8,8,28,1,-6.170310020446777,Nc1nc(F)nc2[nH]cnc12,Nc1nc(Nc2nc(F)nc3[nH]cnc23)nc2[nH]cnc12
scent_6td3,greedy_oracle,9,9,29,1,-6.009479999542236,Nc1nc(F)nc2[nH]cnc12,Nc1nc(Nc2cc(Br)n[nH]2)nc2[nH]cnc12
scent_6td3,greedy_oracle,10,10,30,1,-6.004119873046875,Nc1nc(F)nc2[nH]cnc12,Nc1nc(NC2CCCCC2O)nc2[nH]cnc12
scent_6td3,greedy_oracle,11,11,31,1,-5.942840099334717,Nc1nc(F)nc2[nH]cnc12,Nc1ccc(CNc2nc(F)nc3[nH]cnc23)cc1O
scent_6td3,greedy_oracle,12,12,32,1,-5.757110118865967,Nc1nc(F)nc2[nH]cnc12,O=C(Nc1ccccc1C(=O)O)Nc1nc(F)nc2[nH]cnc12
scent_6td3,greedy_oracle,13,13,33,1,-5.607719898223877,Nc1nc(F)nc2[nH]cnc12,Nc1cccc(Nc2nc(F)nc3[nH]cnc23)c1O
scent_6td3,greedy_oracle,14,14,34,1,-5.5337700843811035,Nc1nc(F)nc2[nH]cnc12,Nc1nc(NCCc2ccc(S(N)(=O)=O)cc2)nc2[nH]cnc12
scent_6td3,greedy_oracle,15,15,35,1,-5.506649971008301,Nc1nc(F)nc2[nH]cnc12,Fc1nc(NCC2CCCNC2)c2nc[nH]c2n1
scent_6td3,greedy_oracle,16,16,36,1,-5.309010028839111,Nc1nc(F)nc2[nH]cnc12,Cc1c[nH]c(Nc2nc(F)nc3[nH]cnc23)n1
scent_6td3,greedy_oracle,17,17,37,1,-5.084350109100342,Nc1nc(F)nc2[nH]cnc12,Cc1sc(Nc2nc(F)nc3[nH]cnc23)nc1C(=O)O
scent_6td3,greedy_oracle,18,18,38,1,-4.953700065612793,Nc1nc(F)nc2[nH]cnc12,Cc1nc(Br)sc1C(=O)Nc1nc(F)nc2[nH]cnc12
scent_6td3,greedy_oracle,19,19,39,1,-4.889190196990967,Nc1nc(F)nc2[nH]cnc12,CC(O)C(N)CNc1nc(F)nc2[nH]cnc12
scent_6td3,greedy_oracle,20,20,40,1,-4.878230094909668,Nc1nc(F)nc2[nH]cnc12,Fc1nc(NCc2cncs2)c2nc[nH]c2n1
scent_6td3,greedy_oracle,21,21,41,1,-4.812950134277344,Nc1nc(F)nc2[nH]cnc12,Fc1nc(NC(CBr)C(F)(F)F)c2nc[nH]c2n1
scent_6td3,greedy_oracle,22,22,42,1,-4.6848602294921875,Nc1nc(F)nc2[nH]cnc12,Cc1cc(Br)cnc1N(C(=O)Nc1nc(F)nc2[nH]cnc12)c1ccc(N)c(Br)n1
scent_6td3,greedy_oracle,23,23,43,1,-4.526599884033203,Nc1nc(F)nc2[nH]cnc12,O=C1CCCN(C(=O)Nc2nc(F)nc3[nH]cnc23)C1
scent_6td3,greedy_oracle,24,24,44,1,-4.356770038604736,Nc1nc(F)nc2[nH]cnc12,Nc1nc(N(c2nc(N)c3nc[nH]c3n2)c2cc(C(=O)O)ccc2O)nc2[nH]cnc12
scent_6td3,greedy_oracle,25,25,45,1,-4.0231499671936035,Nc1nc(F)nc2[nH]cnc12,O=C(Nc1nc(F)nc2[nH]cnc12)Nc1nc(Nc2cc(C(=O)O)ccc2O)nc2[nH]cnc12
scent_6td3,greedy_oracle,26,26,46,1,-3.972709894180298,Nc1nc(F)nc2[nH]cnc12,Nc1nc(F)nc2c1ncn2CC(=O)c1ccc(F)cc1F
scent_6td3,greedy_oracle,27,27,47,1,-3.8721699714660645,Nc1nc(F)nc2[nH]cnc12,CCCCn1cnc2c(N)nc(F)nc21
scent_6td3,greedy_oracle,28,28,48,1,-3.8540799617767334,Nc1nc(F)nc2[nH]cnc12,CC(Nc1nc(N)c2nc[nH]c2n1)C(=O)O
scent_6td3,greedy_oracle,29,29,49,1,-3.841320037841797,Nc1nc(F)nc2[nH]cnc12,O=C(Nc1nc(F)nc2[nH]cnc12)c1cccnc1
scent_6td3,greedy_oracle,30,30,50,1,-3.804219961166382,Nc1nc(F)nc2[nH]cnc12,CCC(C)C(N)C(=O)Nc1nc(F)nc2[nH]cnc12
scent_6td3,greedy_oracle,31,31,51,1,-3.77413010597229,Nc1nc(F)nc2[nH]cnc12,O=S(=O)(Nc1nc(F)nc2[nH]cnc12)C1CCOCC1
scent_6td3,greedy_oracle,32,32,52,1,-3.6138501167297363,Nc1nc(F)nc2[nH]cnc12,Cc1ccc(S(=O)(=O)Nc2nc(F)nc3[nH]cnc23)cc1N
scent_6td3,greedy_oracle,33,33,53,1,-3.607379913330078,Nc1nc(F)nc2[nH]cnc12,Nc1nc(N2CCCC2C(F)(F)F)nc2[nH]cnc12
scent_6td3,greedy_oracle,34,34,54,1,-3.5981900691986084,Nc1nc(F)nc2[nH]cnc12,Oc1c(Nc2nc(F)nc3[nH]cnc23)c(C(F)(F)F)nc2ccccc12
scent_6td3,greedy_oracle,35,35,55,1,-3.57627010345459,Nc1nc(F)nc2[nH]cnc12,O=S(=O)(Nc1nc(F)nc2[nH]cnc12)c1cccc(Br)n1
scent_6td3,greedy_oracle,36,36,56,1,-3.564310073852539,Nc1nc(F)nc2[nH]cnc12,Nc1nc(Nc2cc(F)c(F)cc2O)nc2[nH]cnc12
scent_6td3,greedy_oracle,37,37,57,1,-3.47379994392395,Nc1nc(F)nc2[nH]cnc12,Nc1nc(N2CCC(C(=O)O)CC2)nc2[nH]cnc12
scent_6td3,greedy_oracle,38,38,58,1,-3.439500093460083,Nc1nc(F)nc2[nH]cnc12,N#Cc1cc(Br)cc(Nc2nc(N)c3nc[nH]c3n2)c1
scent_6td3,greedy_oracle,39,39,59,1,-3.334749937057495,Nc1nc(F)nc2[nH]cnc12,O=C(NCCN1CCNCC1)Nc1nc(F)nc2[nH]cnc12
scent_6td3,greedy_oracle,40,40,60,1,-3.312769889831543,Nc1nc(F)nc2[nH]cnc12,Fc1nc(Nc2ncccc2C(F)(F)F)c2nc[nH]c2n1
scent_6td3,greedy_oracle,41,41,61,1,-3.3121399879455566,Nc1nc(F)nc2[nH]cnc12,O=C(NCc1cccc(O)c1)Nc1nc(F)nc2[nH]cnc12
scent_6td3,greedy_oracle,42,42,62,1,-3.30046010017395,Nc1nc(F)nc2[nH]cnc12,NC(CNc1nc(F)nc2[nH]cnc12)Cc1c[nH]c2ccccc12
scent_6td3,greedy_oracle,43,43,63,1,-3.294869899749756,Nc1nc(F)nc2[nH]cnc12,CN(CC(=O)O)c1nc(N)c2nc[nH]c2n1
scent_6td3,greedy_oracle,44,44,64,1,-3.272020101547241,Nc1nc(F)nc2[nH]cnc12,O=C(Nc1nc(F)nc2[nH]cnc12)NC1CCCCC1
scent_6td3,greedy_oracle,45,45,65,1,-3.2161800861358643,Nc1nc(F)nc2[nH]cnc12,O=S(=O)(F)c1ccc(Nc2nc(F)nc3[nH]cnc23)nc1
scent_6td3,greedy_oracle,46,46,66,1,-3.208440065383911,Nc1nc(F)nc2[nH]cnc12,O=Cc1c[nH]c2ccc(Nc3nc(F)nc4[nH]cnc34)cc12
scent_6td3,greedy_oracle,47,47,67,1,-3.1995599269866943,Nc1nc(F)nc2[nH]cnc12,O=Cc1ccnc(Nc2nc(F)nc3[nH]cnc23)c1
scent_6td3,greedy_oracle,48,48,68,1,-3.1905300617218018,Nc1nc(F)nc2[nH]cnc12,O=C(O)c1ccc(Nc2nc(F)nc3[nH]cnc23)c(F)c1F
scent_6td3,greedy_oracle,49,49,69,1,-3.1715800762176514,Nc1nc(F)nc2[nH]cnc12,Nc1cccc(N(C(=O)Nc2nc(F)nc3[nH]cnc23)c2cccc3cc[nH]c23)c1O
scent_6td3,greedy_oracle,50,50,70,1,-3.169250011444092,Nc1nc(F)nc2[nH]cnc12,Nc1nc(NCCc2c[nH]c3ccc(O)cc23)nc2[nH]cnc12
scent_6td3,greedy_oracle,51,51,71,1,-3.146929979324341,Nc1nc(F)nc2[nH]cnc12,Cc1cnc(Nc2ccc(Nc3nc(F)nc4[nH]cnc34)cc2N)cc1I
scent_6td3,greedy_oracle,52,52,72,1,-3.1437599658966064,Nc1nc(F)nc2[nH]cnc12,Nc1nc(N2CC(O)CC2C(=O)O)nc2[nH]cnc12
scent_6td3,greedy_oracle,53,53,73,1,-3.134200096130371,Nc1nc(F)nc2[nH]cnc12,COc1ccc(Nc2nc(F)nc3[nH]cnc23)cn1
scent_6td3,greedy_oracle,54,54,74,1,-3.1209499835968018,Nc1nc(F)nc2[nH]cnc12,Nc1nc(NCCN2CCNCC2)nc2[nH]cnc12
scent_6td3,greedy_oracle,55,55,75,1,-3.1100399494171143,Nc1nc(F)nc2[nH]cnc12,Nc1nc(NCc2c[nH]c3ccccc23)nc2[nH]cnc12
scent_6td3,greedy_oracle,56,56,76,1,-3.0576601028442383,Nc1nc(F)nc2[nH]cnc12,O=C(O)C1Cc2ccccc2CN1C(=O)Nc1nc(F)nc2[nH]cnc12
scent_6td3,greedy_oracle,57,57,77,1,-3.0434699058532715,Nc1nc(F)nc2[nH]cnc12,O=C(Nc1nc(F)nc2[nH]cnc12)NC(Cc1ccccc1)C(=O)O
scent_6td3,greedy_oracle,58,58,78,1,-2.940880060195923,Nc1nc(F)nc2[nH]cnc12,Nc1nc(F)nc2c1ncn2CC(=O)c1ccc2c(c1)NC(=O)C2
scent_6td3,greedy_oracle,59,59,79,1,-2.9005300998687744,Nc1nc(F)nc2[nH]cnc12,O=C(NCCc1c[nH]c2ccccc12)Nc1nc(F)nc2[nH]cnc12
scent_6td3,greedy_oracle,60,60,80,1,-2.864150047302246,Nc1nc(F)nc2[nH]cnc12,COc1ccccc1CCNc1nc(N)c2nc[nH]c2n1
scent_6td3,greedy_oracle,61,61,81,1,-2.837019920349121,Nc1nc(F)nc2[nH]cnc12,O=C(CCl)c1ccc(Nc2nc(F)nc3[nH]cnc23)cc1F
scent_6td3,greedy_oracle,62,62,82,1,-2.74426007270813,Nc1nc(F)nc2[nH]cnc12,Fc1nc(NCC2Cc3ccccc3CN2)c2nc[nH]c2n1
scent_6td3,greedy_oracle,63,63,83,1,-2.674799919128418,Nc1nc(F)nc2[nH]cnc12,N#Cc1cc(Br)cc(NC(=O)Nc2nc(F)nc3[nH]cnc23)c1
scent_6td3,greedy_oracle,64,64,84,1,-2.630000114440918,Nc1nc(F)nc2[nH]cnc12,N#Cc1ccc2[nH]cc(CNc3nc(F)nc4[nH]cnc34)c2c1
scent_6td3,greedy_oracle,65,65,85,1,-2.595329999923706,Nc1nc(F)nc2[nH]cnc12,O=C(Nc1ccc(Nc2ccnc3ccccc23)cc1)Nc1nc(F)nc2[nH]cnc12
scent_6td3,greedy_oracle,66,66,86,1,-2.3831799030303955,Nc1nc(F)nc2[nH]cnc12,N#Cc1ccc(Cn2cnc3c(N)nc(F)nc32)cc1
scent_6td3,greedy_oracle,67,67,87,1,-2.36368989944458,Nc1nc(F)nc2[nH]cnc12,Cc1cc(Nc2nc(F)nc3[nH]cnc23)cnc1NC(=O)Nc1nc(F)nc2[nH]cnc12
scent_6td3,greedy_oracle,68,68,88,1,-2.0652101039886475,Nc1nc(F)nc2[nH]cnc12,Nc1ccc(N(C(=O)Nc2nc(F)nc3[nH]cnc23)c2ccnc3ccccc23)cc1
scent_6td3,greedy_oracle,69,69,89,1,-2.0144500732421875,Nc1nc(F)nc2[nH]cnc12,Nc1ccc(Br)cc1N(c1nc(N)c2nc[nH]c2n1)c1nc2ccccc2[nH]1
scent_6td3,greedy_oracle,70,70,90,1,-6.038440227508545,Nc1ccncc1C=O,O=Cc1cnccc1NC(=O)Nc1cccc(Br)c1C(=O)O
scent_6td3,greedy_oracle,71,71,91,1,-6.002190113067627,Nc1ccncc1C=O,Nc1ccncc1CNc1cccc2cc[nH]c12
scent_6td3,greedy_oracle,72,72,92,1,-5.94504976272583,Nc1ccncc1C=O,Nc1ccncc1CNc1cccc(Br)c1N
scent_6td3,greedy_oracle,73,73,93,1,-5.655179977416992,Nc1ccncc1C=O,O=Cc1cnccc1NC(=O)Nc1cc(F)c(F)cc1O
scent_6td3,greedy_oracle,74,74,94,1,-5.4907097816467285,Nc1ccncc1C=O,Nc1ccncc1CNc1ccc(Br)cc1Nc1nc2ccccc2[nH]1
scent_6td3,greedy_oracle,75,75,95,1,-5.352479934692383,Nc1ccncc1C=O,NC(CNc1ccncc1C=O)c1ccccc1
scent_6td3,greedy_oracle,76,76,96,1,-5.327789783477783,Nc1ccncc1C=O,O=Cc1cnccc1NC(=O)Nc1cccc(Nc2cccc3cc[nH]c23)c1O
scent_6td3,greedy_oracle,77,77,97,1,-5.316160202026367,Nc1ccncc1C=O,COC(=O)c1cccc(CNc2ccncc2C=O)c1
scent_6td3,greedy_oracle,78,78,98,1,-5.308259963989258,Nc1ccncc1C=O,NC(=O)CC(NCc1cnccc1N)C(=O)O
scent_6td3,greedy_oracle,79,79,99,1,-5.165979862213135,Nc1ccncc1C=O,Nc1ccncc1CNc1cc(Br)n[nH]1
scent_6td3,greedy_oracle,80,80,100,1,-5.132890224456787,Nc1ccncc1C=O,Nc1ccncc1CNc1nc(Nc2cccc(Br)c2O)nc2[nH]cnc12
scent_6td3,greedy_oracle,81,81,101,1,-5.073890209197998,Nc1ccncc1C=O,CC(O)CNC(=O)Nc1ccncc1C=O
scent_6td3,greedy_oracle,82,82,102,1,-4.961669921875,Nc1ccncc1C=O,O=Cc1cnccc1NCc1ccccn1
scent_6td3,greedy_oracle,83,83,103,1,-4.886439800262451,Nc1ccncc1C=O,Cc1nc(Nc2ccncc2C=O)sc1C(=O)O
scent_6td3,greedy_oracle,84,84,104,1,-4.812190055847168,Nc1ccncc1C=O,Nc1ccncc1CNc1nc(Br)cs1
scent_6td3,greedy_oracle,85,85,105,1,-4.801790237426758,Nc1ccncc1C=O,O=Cc1cnccc1NCc1ccc(O)c(Nc2ncc3[nH]ccc3n2)c1
scent_6td3,greedy_oracle,86,86,106,1,-4.719200134277344,Nc1ccncc1C=O,NC(CC(=O)O)C(=O)Nc1ccncc1C=O
scent_6td3,greedy_oracle,87,87,107,1,-4.622379779815674,Nc1ccncc1C=O,Nc1ccncc1CNCCCC(N)C(=O)O
scent_6td3,greedy_oracle,88,88,108,1,-4.495090007781982,Nc1ccncc1C=O,CC(O)CNCc1cnccc1N
scent_6td3,greedy_oracle,89,89,109,1,-4.267940044403076,Nc1ccncc1C=O,O=Cc1cnccc1NC(=O)N(c1cc(Br)ccc1O)c1ccc([N+](=O)[O-])c2ccccc12
scent_6td3,greedy_oracle,90,90,110,1,-4.208869934082031,Nc1ccncc1C=O,O=Cc1cnccc1Nc1cscn1
scent_6td3,greedy_oracle,91,91,111,1,-3.6684300899505615,Nc1ccncc1C=O,O=Cc1cnccc1NC(=O)NC1CCCCC1
scent_6td3,greedy_oracle,92,92,112,1,-3.5824100971221924,Nc1ccncc1C=O,Nc1c(F)cccc1C(=O)Nc1ccncc1C=O
scent_6td3,greedy_oracle,93,93,113,1,-3.5804500579833984,Nc1ccncc1C=O,O=Cc1cnccc1NS(=O)(=O)C1CCOCC1
scent_6td3,greedy_oracle,94,94,114,1,-3.5359699726104736,Nc1ccncc1C=O,O=Cc1cnccc1NC(=O)c1ccc(S(=O)(=O)F)cc1
scent_6td3,greedy_oracle,95,95,115,1,-3.5059800148010254,Nc1ccncc1C=O,O=Cc1cnccc1NC(=O)Nc1ccc(Cl)c(Cl)c1
scent_6td3,greedy_oracle,96,96,116,1,-3.3946399688720703,Nc1ccncc1C=O,O=Cc1cnccc1NS(=O)(=O)c1ccc(Br)cc1
scent_6td3,greedy_oracle,97,97,117,1,-3.3676700592041016,Nc1ccncc1C=O,NC(Cc1c[nH]c2ccccc12)C(=O)Nc1ccncc1C=O
scent_6td3,greedy_oracle,98,98,118,1,-3.2998299598693848,Nc1ccncc1C=O,O=Cc1cnccc1NC(=O)c1cscn1
scent_6td3,greedy_oracle,99,99,119,1,-3.266239881515503,Nc1ccncc1C=O,O=Cc1cnccc1NCc1ccnc(Br)c1
scent_6td3,greedy_oracle,100,100,120,1,-3.249269962310791,Nc1ccncc1C=O,O=Cc1cnccc1NC(=O)N1CCC(O)C1
scent_6td3,greedy_oracle,101,101,121,1,-3.2271599769592285,Nc1ccncc1C=O,Nc1nc(Nc2cccc(Nc3ccncc3C=O)c2O)nc2[nH]cnc12
scent_6td3,greedy_oracle,102,102,122,1,-3.186569929122925,Nc1ccncc1C=O,N#Cc1ccc(N)c(NC(=O)Nc2ccncc2C=O)c1
scent_6td3,greedy_oracle,103,103,123,1,-3.115449905395508,Nc1ccncc1C=O,O=Cc1cnccc1NCC1CCCNC1
scent_6td3,greedy_oracle,104,104,124,1,-3.1093099117279053,Nc1ccncc1C=O,Nc1ccncc1CNCCc1ccc(S(N)(=O)=O)cc1
scent_6td3,greedy_oracle,105,105,125,1,-3.0441999435424805,Nc1ccncc1C=O,O=Cc1cnccc1NC(=O)Nc1nc(Br)cs1
scent_6td3,greedy_oracle,106,106,126,1,-3.0188400745391846,Nc1ccncc1C=O,O=Cc1cnccc1NC(=O)c1cccc(N=C=S)c1
scent_6td3,greedy_oracle,107,107,127,1,-3.0138700008392334,Nc1ccncc1C=O,N#Cc1ccc2[nH]cc(CNc3ccncc3C=O)c2c1
scent_6td3,greedy_oracle,108,108,128,1,-2.9163498878479004,Nc1ccncc1C=O,Cc1nc(Br)sc1C(=O)Nc1ccncc1C=O
scent_6td3,greedy_oracle,109,109,129,1,-2.9074199199676514,Nc1ccncc1C=O,Nc1ccncc1CNCCc1c[nH]c2ccccc12
scent_6td3,greedy_oracle,110,110,130,1,-2.903700113296509,Nc1ccncc1C=O,NC(=O)CCC(N)CNc1ccncc1C=O
scent_6td3,greedy_oracle,111,111,131,1,-2.8988900184631348,Nc1ccncc1C=O,Nc1ccncc1CNCc1ccc(C(F)(F)F)cc1
scent_6td3,greedy_oracle,112,112,132,1,-2.8987200260162354,Nc1ccncc1C=O,NS(=O)(=O)c1ccc(CCNC(=O)Nc2ccncc2C=O)cc1
scent_6td3,greedy_oracle,113,113,133,1,-2.883500099182129,Nc1ccncc1C=O,CNCCNc1ccncc1C=O
scent_6td3,greedy_oracle,114,114,134,1,-2.868880033493042,Nc1ccncc1C=O,Nc1cc(Nc2cc(C(=O)O)ccc2O)ccc1NC(=O)Nc1ccncc1C=O
scent_6td3,greedy_oracle,115,115,135,1,-2.8542799949645996,Nc1ccncc1C=O,N#Cc1ccc(O)c(NCc2cnccc2N)c1
scent_6td3,greedy_oracle,116,116,136,1,-2.8506999015808105,Nc1ccncc1C=O,O=Cc1cnccc1NC(=O)c1ccc(O)c(Nc2nc3ccccc3[nH]2)c1
scent_6td3,greedy_oracle,117,117,137,1,-2.8008298873901367,Nc1ccncc1C=O,O=Cc1cnccc1Nc1ncc(S(=O)(=O)F)s1
scent_6td3,greedy_oracle,118,118,138,1,-2.7956199645996094,Nc1ccncc1C=O,Nc1ccc(CNc2ccncc2C=O)cc1Nc1nc2ccccc2[nH]1
scent_6td3,greedy_oracle,119,119,139,1,-2.7453300952911377,Nc1ccncc1C=O,Nc1ccncc1CNc1ccc(Nc2nc(F)nc3[nH]cnc23)cc1
scent_6td3,greedy_oracle,120,120,140,1,-2.673799991607666,Nc1ccncc1C=O,Nc1ccncc1CNc1cc(Nc2cc(C(=O)O)ccc2O)ccc1N
scent_6td3,greedy_oracle,121,121,141,1,-2.6545300483703613,Nc1ccncc1C=O,O=Cc1cnccc1NC(=O)Nc1ccc(Nc2nc(F)nc3[nH]cnc23)cc1
scent_6td3,greedy_oracle,122,122,142,1,-2.650749921798706,Nc1ccncc1C=O,Nc1ccncc1CNc1ccc(Nc2ccnc3ccccc23)cc1
scent_6td3,greedy_oracle,123,123,143,1,-2.6187899112701416,Nc1ccncc1C=O,COc1cccc(CNC(=O)Nc2ccncc2C=O)c1
scent_6td3,greedy_oracle,124,124,144,1,-2.5590898990631104,Nc1ccncc1C=O,NC(CNc1ccncc1C=O)Cc1ccc([N+](=O)[O-])cc1
scent_6td3,greedy_oracle,125,125,145,1,-2.4879300594329834,Nc1ccncc1C=O,Cc1sc(Cl)nc1CNc1ccncc1C=O
scent_6td3,greedy_oracle,126,126,146,1,-2.470060110092163,Nc1ccncc1C=O,Cc1cc(Br)cnc1Nc1ccc(NC(=O)Nc2ccncc2C=O)c(Br)n1
scent_6td3,greedy_oracle,127,127,147,1,-2.452130079269409,Nc1ccncc1C=O,O=Cc1cnccc1NC(=O)Nc1ccc(Nc2ccnc3ccccc23)cc1
scent_6td3,greedy_oracle,128,128,148,1,-2.451669931411743,Nc1ccncc1C=O,Nc1ccncc1CNCCN1CCOCC1
scent_6td3,greedy_oracle,129,129,149,1,-2.384079933166504,Nc1ccncc1C=O,Cc1cnc(Nc2ccc(Nc3ccncc3C=O)cc2N)cc1I
scent_6td3,greedy_oracle,130,130,150,1,-2.357290029525757,Nc1ccncc1C=O,O=Cc1cnccc1NC(=O)NCCN1CCOCC1
scent_6td3,greedy_oracle,131,131,151,1,-2.2911300659179688,Nc1ccncc1C=O,O=Cc1cnccc1NC(=O)NCCc1c[nH]c2ccc(O)cc12
scent_6td3,greedy_oracle,132,132,152,1,-2.258229970932007,Nc1ccncc1C=O,Nc1ccncc1CN(c1nc(N)c2nc[nH]c2n1)c1cccc(Br)c1O
scent_6td3,greedy_oracle,133,133,153,1,-5.810410022735596,O=Cc1cccc(Br)c1,Nc1ccc(C(=O)O)cc1Nc1cccc(C=O)c1
scent_6td3,greedy_oracle,134,134,154,1,-5.615429878234863,O=Cc1cccc(Br)c1,Cc1cc(Br)cnc1Nc1cccc(C=O)c1
scent_6td3,greedy_oracle,135,135,155,1,-5.610789775848389,O=Cc1cccc(Br)c1,Brc1cccc(CNc2ccccc2-n2cccc2)c1
scent_6td3,greedy_oracle,136,136,156,1,-5.466410160064697,O=Cc1cccc(Br)c1,O=C(O)c1ccc(O)c(Nc2cccc3nc(-c4cccc(Br)c4)oc23)c1
scent_6td3,greedy_oracle,137,137,157,1,-5.42855978012085,O=Cc1cccc(Br)c1,O=Cc1cccc(Nc2ccc(Br)cc2O)c1
scent_6td3,greedy_oracle,138,138,158,1,-5.380640029907227,O=Cc1cccc(Br)c1,O=C(O)c1c(Br)cccc1NCc1cccc(Br)c1
scent_6td3,greedy_oracle,139,139,159,1,-5.349460124969482,O=Cc1cccc(Br)c1,Brc1cccc(CNc2cccnc2Br)c1
scent_6td3,greedy_oracle,140,140,160,1,-5.322020053863525,O=Cc1cccc(Br)c1,Nc1ccc(Br)cc1NCc1cccc(Br)c1
scent_6td3,greedy_oracle,141,141,161,1,-5.294950008392334,O=Cc1cccc(Br)c1,O=Cc1cccc(Nc2ccc(C(=O)O)cc2Nc2nc3ccccc3[nH]2)c1
scent_6td3,greedy_oracle,142,142,162,1,-5.254650115966797,O=Cc1cccc(Br)c1,OCC1CCCN(Cc2cccc(Br)c2)C1
scent_6td3,greedy_oracle,143,143,163,1,-5.228970050811768,O=Cc1cccc(Br)c1,O=Cc1cccc(Nc2cc(Br)n[nH]2)c1
scent_6td3,greedy_oracle,144,144,164,1,-5.197080135345459,O=Cc1cccc(Br)c1,NS(=O)(=O)c1ccc(CCNc2cccc(C=O)c2)cc1
scent_6td3,greedy_oracle,145,145,165,1,-5.175610065460205,O=Cc1cccc(Br)c1,Brc1ccc(NCc2cccc(Br)c2)cc1
scent_6td3,greedy_oracle,146,146,166,1,-5.156280040740967,O=Cc1cccc(Br)c1,Brc1cccc(CNc2cc(Br)n[nH]2)c1
scent_6td3,greedy_oracle,147,147,167,1,-5.116189956665039,O=Cc1cccc(Br)c1,Brc1ccc(Nc2nc(NCc3cccc(Br)c3)c3nc[nH]c3n2)cc1
scent_6td3,greedy_oracle,148,148,168,1,-5.021299839019775,O=Cc1cccc(Br)c1,O=Cc1cccc(Nc2nc(Nc3ccc(Br)cc3)nc3[nH]cnc23)c1
scent_6td3,greedy_oracle,149,149,169,1,-4.8158698081970215,O=Cc1cccc(Br)c1,Oc1c(NCc2cccc(Br)c2)cccc1Nc1cccc2cc[nH]c12
scent_6td3,greedy_oracle,150,150,170,1,-4.22776985168457,O=Cc1cccc(Br)c1,O=Cc1cccc(NC(CO)C(=O)O)c1
scent_6td3,greedy_oracle,151,151,171,1,-4.197790145874023,O=Cc1cccc(Br)c1,Brc1cccc(CNC2CCC2)c1
scent_6td3,greedy_oracle,152,152,172,1,-4.0966901779174805,O=Cc1cccc(Br)c1,O=Cc1cccc(N(c2cc(Br)ccc2O)c2ccc([N+](=O)[O-])c3ccccc23)c1
scent_6td3,greedy_oracle,153,153,173,1,-4.04056978225708,O=Cc1cccc(Br)c1,O=Cc1cccc(-c2cc[nH]n2)c1
scent_6td3,greedy_oracle,154,154,174,1,-3.6838200092315674,O=Cc1cccc(Br)c1,O=C(O)c1ccc2[nH]c(-c3cccc(Br)c3)nc2c1
scent_6td3,greedy_oracle,155,155,175,1,-3.605910062789917,O=Cc1cccc(Br)c1,O=C(O)CNCc1cccc(Br)c1
scent_6td3,greedy_oracle,156,156,176,1,-3.3962600231170654,O=Cc1cccc(Br)c1,NC(=O)CCC(NCc1cccc(Br)c1)C(=O)O
scent_6td3,greedy_oracle,157,157,177,1,-3.3677499294281006,O=Cc1cccc(Br)c1,O=C(O)c1ccc2oc(-c3cccc(Br)c3)nc2c1
scent_6td3,greedy_oracle,158,158,178,1,-3.282870054244995,O=Cc1cccc(Br)c1,O=S(=O)(F)C1CCN(Cc2cccc(Br)c2)CC1
scent_6td3,greedy_oracle,159,159,179,1,-3.255510091781616,O=Cc1cccc(Br)c1,N#Cc1ccc2nc(-c3cccc(Br)c3)[nH]c2c1
scent_6td3,greedy_oracle,160,160,180,1,-3.167789936065674,O=Cc1cccc(Br)c1,Nc1ccccc1-c1cccc(C=O)c1
scent_6td3,greedy_oracle,161,161,181,1,-3.1593899726867676,O=Cc1cccc(Br)c1,COc1ccc(O)c(NCc2cccc(Br)c2)c1
scent_6td3,greedy_oracle,162,162,182,1,-3.081739902496338,O=Cc1cccc(Br)c1,O=C(O)c1cccc(O)c1NCc1cccc(Br)c1
scent_6td3,greedy_oracle,163,163,183,1,-3.037869930267334,O=Cc1cccc(Br)c1,Nc1cc(C(F)(F)F)ccc1Nc1cccc(C=O)c1
scent_6td3,greedy_oracle,164,164,184,1,-2.99468994140625,O=Cc1cccc(Br)c1,Brc1cccc(-c2nc3ccccc3s2)c1
scent_6td3,greedy_oracle,165,165,185,1,-2.9944400787353516,O=Cc1cccc(Br)c1,Brc1cccc(-c2nc3cccc(Br)c3[nH]2)c1
scent_6td3,greedy_oracle,166,166,186,1,-2.973789930343628,O=Cc1cccc(Br)c1,NC(CCCCNc1cccc(C=O)c1)C(=O)O
scent_6td3,greedy_oracle,167,167,187,1,-2.928989887237549,O=Cc1cccc(Br)c1,Brc1cccc(-c2nc3cccc(Br)c3o2)c1
scent_6td3,greedy_oracle,168,168,188,1,-2.8969199657440186,O=Cc1cccc(Br)c1,O=C(O)C1CCN1Cc1cccc(Br)c1
scent_6td3,greedy_oracle,169,169,189,1,-2.8935298919677734,O=Cc1cccc(Br)c1,O=C(O)c1ccc(O)c(Nc2ccc3nc(-c4cccc(Br)c4)[nH]c3c2)c1
scent_6td3,greedy_oracle,170,170,190,1,-2.885960102081299,O=Cc1cccc(Br)c1,Brc1cccc(-c2nc3c(Br)cccc3[nH]2)c1
scent_6td3,greedy_oracle,171,171,191,1,-2.8191299438476562,O=Cc1cccc(Br)c1,Fc1nc(Nc2ccc3nc(-c4cccc(Br)c4)[nH]c3c2)c2nc[nH]c2n1
scent_6td3,greedy_oracle,172,172,192,1,-2.7950899600982666,O=Cc1cccc(Br)c1,COc1cccc(CNc2cccc(C=O)c2)c1
scent_6td3,greedy_oracle,173,173,193,1,-2.794219970703125,O=Cc1cccc(Br)c1,COc1ccccc1CNCc1cccc(Br)c1
scent_6td3,greedy_oracle,174,174,194,1,-2.7552900314331055,O=Cc1cccc(Br)c1,Nc1cccc(Br)c1NCc1cccc(Br)c1
scent_6td3,greedy_oracle,175,175,195,1,-2.7358200550079346,O=Cc1cccc(Br)c1,O=Cc1cccc(NCc2ccc(C(F)(F)F)cc2)c1
scent_6td3,greedy_oracle,176,176,196,1,-2.705199956893921,O=Cc1cccc(Br)c1,Nc1cc(Nc2cc(C(=O)O)ccc2O)ccc1NCc1cccc(Br)c1
scent_6td3,greedy_oracle,177,177,197,1,-2.6780099868774414,O=Cc1cccc(Br)c1,O=Cc1cccc(NCc2ccccc2O)c1
scent_6td3,greedy_oracle,178,178,198,1,-2.664829969406128,O=Cc1cccc(Br)c1,O=Cc1cccc(N2CCCC(O)C2)c1
scent_6td3,greedy_oracle,179,179,199,1,-2.6334900856018066,O=Cc1cccc(Br)c1,Oc1ccc(CCNCc2cccc(Br)c2)cc1
scent_6td3,greedy_oracle,180,180,200,1,-2.5729000568389893,O=Cc1cccc(Br)c1,N#Cc1ccc(O)c(Nc2cccc(C=O)c2)c1
scent_6td3,greedy_oracle,181,181,201,1,-2.5106699466705322,O=Cc1cccc(Br)c1,O=Cc1cccc(Nc2cccc(Nc3cccc4cc[nH]c34)c2O)c1
scent_6td3,greedy_oracle,182,182,202,1,-2.483839988708496,O=Cc1cccc(Br)c1,O=Cc1cccc(Nc2ccc(Nc3ccnc4ccccc34)cc2)c1
scent_6td3,greedy_oracle,183,183,203,1,-2.3813600540161133,O=Cc1cccc(Br)c1,NC(CCCCNCc1cccc(Br)c1)C(=O)O
scent_6td3,greedy_oracle,184,184,204,1,-2.213210105895996,O=Cc1cccc(Br)c1,Cc1cc(Br)cnc1Nc1ccc(NCc2cccc(Br)c2)c(Br)n1
scent_6td3,greedy_oracle,185,185,205,1,-2.1193699836730957,O=Cc1cccc(Br)c1,O=Cc1cccc(Nc2nc(Br)cs2)c1
scent_6td3,greedy_oracle,186,186,206,1,-2.051729917526245,O=Cc1cccc(Br)c1,Oc1ccc2[nH]c3c(c2c1)CCNC3c1cccc(Br)c1
scent_6td3,greedy_oracle,187,187,207,1,-2.0420100688934326,O=Cc1cccc(Br)c1,Nc1c(Br)cccc1Nc1cccc(C=O)c1
scent_6td3,greedy_oracle,188,188,208,1,-6.928679943084717,Nc1cccc(Nc2cc(C(=O)O)ccc2O)c1O,Nc1cccc(N(C(=O)c2ccc(O)c(Nc3ncc4[nH]ccc4n3)c2)c2cc(C(=O)O)ccc2O)c1O
scent_6td3,greedy_oracle,189,189,209,1,-6.887050151824951,Nc1cccc(Nc2cc(C(=O)O)ccc2O)c1O,Nc1ccc(N(C(=O)c2ccc(O)c(Nc3cccc(N)c3O)c2)c2ccnc3ccccc23)cc1
scent_6td3,greedy_oracle,190,190,210,1,-6.561450004577637,Nc1cccc(Nc2cc(C(=O)O)ccc2O)c1O,Nc1cccc(Nc2cc(C(=O)N(c3nc(N)c4nc[nH]c4n3)c3cccc(Br)c3O)ccc2O)c1O
scent_6td3,greedy_oracle,191,191,211,1,-6.4723801612854,Nc1cccc(Nc2cc(C(=O)O)ccc2O)c1O,Nc1cccc(Nc2cc(C(=O)N(c3cc(Br)ccc3O)c3ccc([N+](=O)[O-])c4ccccc34)ccc2O)c1O
scent_6td3,greedy_oracle,192,192,212,1,-6.446209907531738,Nc1cccc(Nc2cc(C(=O)O)ccc2O)c1O,Nc1cccc(Nc2cc(C(=O)N(c3cccc(N)c3O)c3cccc4cc[nH]c34)ccc2O)c1O
scent_6td3,greedy_oracle,193,193,213,1,-6.212940216064453,Nc1cccc(Nc2cc(C(=O)O)ccc2O)c1O,Cc1cc(N(C(=O)c2ccc(O)c(Nc3cccc(N)c3O)c2)c2nc(F)nc3[nH]cnc23)cnc1N
scent_6td3,greedy_oracle,194,194,214,1,-6.0076799392700195,Nc1cccc(Nc2cc(C(=O)O)ccc2O)c1O,Nc1ccc(N(c2cc(C(=O)O)ccc2O)c2cccc(N)c2O)cc1Nc1nc2ccccc2[nH]1
scent_6td3,greedy_oracle,195,195,215,1,-5.224899768829346,Nc1cccc(Nc2cc(C(=O)O)ccc2O)c1O,O=C(O)c1ccc(O)c(Nc2cccc(NCc3cccnc3)c2O)c1
scent_6td3,greedy_oracle,196,196,216,1,-5.100259780883789,Nc1cccc(Nc2cc(C(=O)O)ccc2O)c1O,Nc1cccc(Nc2cc(C(=O)NC(CC3CCCCC3)C(=O)O)ccc2O)c1O
scent_6td3,greedy_oracle,197,197,217,1,-5.075679779052734,Nc1cccc(Nc2cc(C(=O)O)ccc2O)c1O,O=C(NCCc1c[nH]c2ccccc12)Nc1cccc(Nc2cc(C(=O)O)ccc2O)c1O
scent_6td3,greedy_oracle,198,198,218,1,-5.070819854736328,Nc1cccc(Nc2cc(C(=O)O)ccc2O)c1O,Nc1cccc(Nc2cc(C(=O)Nc3cccc(Nc4cccc5cc[nH]c45)c3O)ccc2O)c1O
scent_6td3,greedy_oracle,199,199,219,1,-4.766139984130859,Nc1cccc(Nc2cc(C(=O)O)ccc2O)c1O,O=C(O)c1ccc(O)c(Nc2cccc(Nc3cccc(S(=O)(=O)F)n3)c2O)c1
scent_6td3,greedy_oracle,200,200,220,1,-4.668429851531982,Nc1cccc(Nc2cc(C(=O)O)ccc2O)c1O,Nc1nc(Nc2ccc(Nc3cccc(Nc4cc(C(=O)O)ccc4O)c3O)cc2)nc2[nH]cnc12
scent_6td3,greedy_oracle,201,201,221,1,-4.47258996963501,Nc1cccc(Nc2cc(C(=O)O)ccc2O)c1O,O=C(O)c1ccc(O)c(Nc2cccc(Nc3ccc(O)c(Nc4ccc([N+](=O)[O-])c5ccccc45)c3)c2O)c1
scent_6td3,greedy_oracle,202,202,222,1,-4.08542013168335,Nc1cccc(Nc2cc(C(=O)O)ccc2O)c1O,Nc1cccc(N(c2ccc(C(F)(F)F)cn2)c2cc(C(=O)O)ccc2O)c1O
scent_6td3,greedy_oracle,203,203,223,1,-3.8749799728393555,Nc1cccc(Nc2cc(C(=O)O)ccc2O)c1O,Cc1cc(Nc2nc(N(c3cc(C(=O)O)ccc3O)c3cccc(N)c3O)nc3[nH]cnc23)cnc1N
scent_6td3,greedy_oracle,204,204,224,1,-3.784219980239868,Nc1cccc(Nc2cc(C(=O)O)ccc2O)c1O,Nc1cccc(N(C(=O)Nc2ccc(C(F)(F)F)cc2)c2cc(C(=O)O)ccc2O)c1O
scent_6td3,greedy_oracle,205,205,225,1,-3.4556000232696533,Nc1cccc(Nc2cc(C(=O)O)ccc2O)c1O,Nc1ccc(Nc2nc(F)nc3[nH]cnc23)cc1NC(=O)Nc1cccc(Nc2cc(C(=O)O)ccc2O)c1O
scent_6td3,greedy_oracle,206,206,226,1,-3.2888400554656982,Nc1cccc(Nc2cc(C(=O)O)ccc2O)c1O,O=C(O)c1ccc(O)c(Nc2cccc(NC(=O)C3CCNCC3)c2O)c1
scent_6td3,greedy_oracle,207,207,227,1,-3.235830068588257,Nc1cccc(Nc2cc(C(=O)O)ccc2O)c1O,Nc1cccc(N(c2cc(C(=O)O)ccc2O)c2c(C(=O)O)ccc(F)c2F)c1O
scent_6td3,greedy_oracle,208,208,228,1,-3.1264901161193848,Nc1cccc(Nc2cc(C(=O)O)ccc2O)c1O,Nc1cccc(Br)c1NC(=O)Nc1cccc(Nc2cc(C(=O)O)ccc2O)c1O
scent_6td3,greedy_oracle,209,209,229,1,-3.123810052871704,Nc1cccc(Nc2cc(C(=O)O)ccc2O)c1O,Nc1cccc(Nc2cc(C(=O)NCc3ccc(C(F)(F)F)cc3)ccc2O)c1O
scent_6td3,greedy_oracle,210,210,230,1,-3.1073100566864014,Nc1cccc(Nc2cc(C(=O)O)ccc2O)c1O,Nc1cccc(N(c2cc(C(=O)O)ccc2O)C(CCl)c2ccc(Cl)c(Cl)c2)c1O
scent_6td3,greedy_oracle,211,211,231,1,-3.0617098808288574,Nc1cccc(Nc2cc(C(=O)O)ccc2O)c1O,Nc1cccc(N(C(=O)C(N)Cc2c[nH]c3ccccc23)c2cc(C(=O)O)ccc2O)c1O
scent_6td3,greedy_oracle,212,212,232,1,-3.0565099716186523,Nc1cccc(Nc2cc(C(=O)O)ccc2O)c1O,O=C(O)c1ccc(O)c(Nc2cccc(Nc3c(C(F)(F)F)nc4ccccc4c3O)c2O)c1
scent_6td3,greedy_oracle,213,213,233,1,-3.0144400596618652,Nc1cccc(Nc2cc(C(=O)O)ccc2O)c1O,O=C(O)c1ccc(O)c(Nc2cccc(NC(=O)c3ccc(C(F)(F)F)cn3)c2O)c1
scent_6td3,greedy_oracle,214,214,234,1,-3.011579990386963,Nc1cccc(Nc2cc(C(=O)O)ccc2O)c1O,O=C(O)c1ccc(O)c(Nc2cccc(NCc3c[nH]c4ccc(F)cc34)c2O)c1
scent_6td3,greedy_oracle,215,215,235,1,-3.0055699348449707,Nc1cccc(Nc2cc(C(=O)O)ccc2O)c1O,O=C(O)c1ccc(O)c(Nc2cccc(Nc3nc(CCl)cs3)c2O)c1
scent_6td3,greedy_oracle,216,216,236,1,-2.9748799800872803,Nc1cccc(Nc2cc(C(=O)O)ccc2O)c1O,COc1cccc(C(C)Nc2cccc(Nc3cc(C(=O)O)ccc3O)c2O)c1
scent_6td3,greedy_oracle,217,217,237,1,-2.9553699493408203,Nc1cccc(Nc2cc(C(=O)O)ccc2O)c1O,O=C(O)c1ccc(O)c(Nc2cccc(Nc3ccc(C(=O)CCl)c(F)c3)c2O)c1
scent_6td3,greedy_oracle,218,218,238,1,-2.9551498889923096,Nc1cccc(Nc2cc(C(=O)O)ccc2O)c1O,Nc1cccc(Nc2cc(C(=O)Nc3nc(Nc4cccc(Br)c4O)nc4[nH]cnc34)ccc2O)c1O
scent_6td3,greedy_oracle,219,219,239,1,-2.9525399208068848,Nc1cccc(Nc2cc(C(=O)O)ccc2O)c1O,O=C(O)c1ccc(O)c(Nc2cccc(NS(=O)(=O)c3cnc(Cl)s3)c2O)c1
scent_6td3,greedy_oracle,220,220,240,1,-2.950550079345703,Nc1cccc(Nc2cc(C(=O)O)ccc2O)c1O,Nc1cccc(N(c2ccc(O)c(Nc3ccc([N+](=O)[O-])c4ccccc34)c2)c2cc(C(=O)O)ccc2O)c1O
scent_6td3,greedy_oracle,221,221,241,1,-2.901279926300049,Nc1cccc(Nc2cc(C(=O)O)ccc2O)c1O,O=C1Cc2ccc(C(CCl)Nc3cccc(Nc4cc(C(=O)O)ccc4O)c3O)cc2N1
scent_6td3,greedy_oracle,222,222,242,1,-2.8510398864746094,Nc1cccc(Nc2cc(C(=O)O)ccc2O)c1O,O=Cc1c[nH]c2cc(Nc3cccc(Nc4cc(C(=O)O)ccc4O)c3O)ccc12
scent_6td3,greedy_oracle,223,223,243,1,-2.8459999561309814,Nc1cccc(Nc2cc(C(=O)O)ccc2O)c1O,NC(Cc1cccs1)C(=O)Nc1cccc(Nc2cc(C(=O)O)ccc2O)c1O
scent_6td3,greedy_oracle,224,224,244,1,-2.836549997329712,Nc1cccc(Nc2cc(C(=O)O)ccc2O)c1O,Nc1ccc(Nc2cc(C(=O)O)ccc2O)cc1NC(=O)c1ccc(O)c(Nc2cccc(N)c2O)c1
scent_6td3,greedy_oracle,225,225,245,1,-2.8099799156188965,Nc1cccc(Nc2cc(C(=O)O)ccc2O)c1O,O=C(O)c1ccc(O)c(Nc2cccc(NC(=O)c3cccc(N=C=S)c3)c2O)c1
scent_6td3,greedy_oracle,226,226,246,1,-2.78617000579834,Nc1cccc(Nc2cc(C(=O)O)ccc2O)c1O,C=CCN(c1cc(C(=O)O)ccc1O)c1cccc(N)c1O
scent_6td3,greedy_oracle,227,227,247,1,-2.7005600929260254,Nc1cccc(Nc2cc(C(=O)O)ccc2O)c1O,N#Cc1cc(Br)cc(NC(=O)c2ccc(O)c(Nc3cccc(N)c3O)c2)c1
scent_6td3,greedy_oracle,228,228,248,1,-2.670490026473999,Nc1cccc(Nc2cc(C(=O)O)ccc2O)c1O,Nc1ccc(C(=O)Nc2cccc(Nc3cc(C(=O)O)ccc3O)c2O)cc1Nc1nc2ccccc2[nH]1
scent_6td3,greedy_oracle,229,229,249,1,-2.668790102005005,Nc1cccc(Nc2cc(C(=O)O)ccc2O)c1O,Cc1cnc(Nc2ccc(Br)cc2NC(=O)Nc2cccc(Nc3cc(C(=O)O)ccc3O)c2O)cc1I
scent_6td3,greedy_oracle,230,230,250,1,-2.6508700847625732,Nc1cccc(Nc2cc(C(=O)O)ccc2O)c1O,N#Cc1cccc(C(CBr)Nc2cccc(Nc3cc(C(=O)O)ccc3O)c2O)c1
scent_6td3,greedy_oracle,231,231,251,1,-2.607189893722534,Nc1cccc(Nc2cc(C(=O)O)ccc2O)c1O,O=C(Nc1ccc(Nc2ccnc3ccccc23)cc1)Nc1cccc(Nc2cc(C(=O)O)ccc2O)c1O
scent_6td3,greedy_oracle,232,232,252,1,-2.6066501140594482,Nc1cccc(Nc2cc(C(=O)O)ccc2O)c1O,Cc1cc(Br)cnc1Nc1ccc(N)c(Nc2cccc(Nc3cc(C(=O)O)ccc3O)c2O)n1
scent_6td3,greedy_oracle,233,233,253,1,-2.5395898818969727,Nc1cccc(Nc2cc(C(=O)O)ccc2O)c1O,O=Cc1ccnc(Nc2cccc(Nc3cc(C(=O)O)ccc3O)c2O)c1F
scent_6td3,greedy_oracle,234,234,254,1,-2.3285300731658936,Nc1cccc(Nc2cc(C(=O)O)ccc2O)c1O,Nc1ccc(Br)cc1N(C(=O)c1ccc(O)c(Nc2cccc(N)c2O)c1)c1nc2ccccc2[nH]1
scent_6td3,greedy_oracle,235,235,255,1,-2.317729949951172,Nc1cccc(Nc2cc(C(=O)O)ccc2O)c1O,N#Cc1cc(N)cc(Nc2cccc(Nc3cc(C(=O)O)ccc3O)c2O)c1
scent_6td3,greedy_oracle,236,236,256,1,-2.2410800457000732,Nc1cccc(Nc2cc(C(=O)O)ccc2O)c1O,Nc1cccc(N(c2cc(C(=O)O)ccc2O)c2cccc(Nc3nc(N)c4nc[nH]c4n3)c2O)c1O
scent_6td3,greedy_oracle,237,237,257,1,-2.0731000900268555,Nc1cccc(Nc2cc(C(=O)O)ccc2O)c1O,Nc1cccc(Nc2cc(C(=O)N3CCC(=O)C3)ccc2O)c1O
scent_6td3,greedy_oracle,238,238,258,1,-2.070549964904785,Nc1cccc(Nc2cc(C(=O)O)ccc2O)c1O,Cc1cc(N(c2cc(C(=O)O)ccc2O)c2cccc(N)c2O)cnc1Nc1ccc(N)c(Br)n1
scent_6td3,greedy_oracle,239,239,259,1,-6.019309997558594,Fc1ncc(Br)cn1,O=C(O)c1ccc(O)c(Nc2ncc(Br)cn2)c1
scent_6td3,greedy_oracle,240,240,260,1,-5.8813700675964355,Fc1ncc(Br)cn1,Nc1ccc(C(F)(F)F)cc1Nc1ncc(Br)cn1
scent_6td3,greedy_oracle,241,241,261,1,-5.721220016479492,Fc1ncc(Br)cn1,Brc1cnc(Nc2ccnc3ccccc23)nc1
scent_6td3,greedy_oracle,242,242,262,1,-5.537839889526367,Fc1ncc(Br)cn1,Oc1ccccc1Nc1ncc(Br)cn1
scent_6td3,greedy_oracle,243,243,263,1,-5.35545015335083,Fc1ncc(Br)cn1,Oc1ccc(CNc2ncc(Br)cn2)cc1
scent_6td3,greedy_oracle,244,244,264,1,-5.242660045623779,Fc1ncc(Br)cn1,Brc1cnc(Nc2cccc3cc[nH]c23)nc1
scent_6td3,greedy_oracle,245,245,265,1,-5.182700157165527,Fc1ncc(Br)cn1,O=Cc1cnccc1Nc1ncc(Br)cn1
scent_6td3,greedy_oracle,246,246,266,1,-5.08834981918335,Fc1ncc(Br)cn1,Nc1c(Br)cccc1Nc1ncc(Br)cn1
scent_6td3,greedy_oracle,247,247,267,1,-4.997189998626709,Fc1ncc(Br)cn1,Brc1cnc(Nc2ccccn2)nc1
scent_6td3,greedy_oracle,248,248,268,1,-4.97504997253418,Fc1ncc(Br)cn1,Brc1cnc(Nc2cc(Br)n[nH]2)nc1
scent_6td3,greedy_oracle,249,249,269,1,-4.935689926147461,Fc1ncc(Br)cn1,Brc1cnc(Nc2n[nH]cc2Br)nc1
scent_6td3,greedy_oracle,250,250,270,1,-4.468480110168457,Fc1ncc(Br)cn1,CC(O)CNc1ncc(Br)cn1
scent_6td3,greedy_oracle,251,251,271,1,-4.389729976654053,Fc1ncc(Br)cn1,O=C(O)c1cccc(-c2cnc(F)nc2)c1
scent_6td3,greedy_oracle,252,252,272,1,-4.171820163726807,Fc1ncc(Br)cn1,OCCNc1ncc(Br)cn1
scent_6td3,greedy_oracle,253,253,273,1,-3.7215399742126465,Fc1ncc(Br)cn1,CC(Nc1cnc(F)nc1)C(=O)O
scent_6td3,greedy_oracle,254,254,274,1,-3.6687300205230713,Fc1ncc(Br)cn1,O=C(O)CC(Nc1ncc(Br)cn1)C(=O)O
scent_6td3,greedy_oracle,255,255,275,1,-3.650360107421875,Fc1ncc(Br)cn1,FC(F)(F)C1CCCN1c1ncc(Br)cn1
scent_6td3,greedy_oracle,256,256,276,1,-3.54761004447937,Fc1ncc(Br)cn1,O=C(O)CNc1ncc(Br)cn1
scent_6td3,greedy_oracle,257,257,277,1,-3.4918301105499268,Fc1ncc(Br)cn1,O=C(O)c1cccc(O)c1Nc1ncc(Br)cn1
scent_6td3,greedy_oracle,258,258,278,1,-3.4816300868988037,Fc1ncc(Br)cn1,CC(O)C(Nc1ncc(Br)cn1)C(=O)O
scent_6td3,greedy_oracle,259,259,279,1,-3.465820074081421,Fc1ncc(Br)cn1,O=Cc1ccccc1-c1cnc(F)nc1
scent_6td3,greedy_oracle,260,260,280,1,-3.4081199169158936,Fc1ncc(Br)cn1,OCC1CCCN1c1ncc(Br)cn1
scent_6td3,greedy_oracle,261,261,281,1,-3.341219902038574,Fc1ncc(Br)cn1,Oc1cnc(F)nc1
scent_6td3,greedy_oracle,262,262,282,1,-3.292759895324707,Fc1ncc(Br)cn1,OCC1CCCN1c1cnc(F)nc1
scent_6td3,greedy_oracle,263,263,283,1,-3.219249963760376,Fc1ncc(Br)cn1,OC1CCCN(c2ncc(Br)cn2)C1
scent_6td3,greedy_oracle,264,264,284,1,-3.216480016708374,Fc1ncc(Br)cn1,N#Cc1cnc(F)nc1
scent_6td3,greedy_oracle,265,265,285,1,-3.183809995651245,Fc1ncc(Br)cn1,NS(=O)(=O)c1ccc(CCNc2cnc(F)nc2)cc1
scent_6td3,greedy_oracle,266,266,286,1,-3.1267099380493164,Fc1ncc(Br)cn1,Fc1ncc(NCCc2c[nH]c3ccccc23)cn1
scent_6td3,greedy_oracle,267,267,287,1,-3.060760021209717,Fc1ncc(Br)cn1,O=C(O)C(Cc1ccc([N+](=O)[O-])cc1)Nc1cnc(F)nc1
scent_6td3,greedy_oracle,268,268,288,1,-3.05610990524292,Fc1ncc(Br)cn1,CN(CC(=O)O)c1ncc(Br)cn1
scent_6td3,greedy_oracle,269,269,289,1,-3.047339916229248,Fc1ncc(Br)cn1,CN(CC(=O)O)c1cnc(F)nc1
scent_6td3,greedy_oracle,270,270,290,1,-3.0024900436401367,Fc1ncc(Br)cn1,O=C1CCCN(c2ncc(Br)cn2)C1
scent_6td3,greedy_oracle,271,271,291,1,-2.975100040435791,Fc1ncc(Br)cn1,Nc1cnc(F)nc1
scent_6td3,greedy_oracle,272,272,292,1,-2.953969955444336,Fc1ncc(Br)cn1,O=C(O)C1CCCN1c1cnc(F)nc1
scent_6td3,greedy_oracle,273,273,293,1,-2.952660083770752,Fc1ncc(Br)cn1,Fc1ncc(S)cn1
scent_6td3,greedy_oracle,274,274,294,1,-2.8373401165008545,Fc1ncc(Br)cn1,O=C(O)C1CC(O)CN1c1ncc(Br)cn1
scent_6td3,greedy_oracle,275,275,295,1,-2.825350046157837,Fc1ncc(Br)cn1,O=C(O)C1CCCN1c1ncc(Br)cn1
scent_6td3,greedy_oracle,276,276,296,1,-2.7868900299072266,Fc1ncc(Br)cn1,O=Cc1ccc(-c2cnc(F)nc2)cc1
scent_6td3,greedy_oracle,277,277,297,1,-2.696229934692383,Fc1ncc(Br)cn1,N#Cc1ccc(-c2cnc(F)nc2)cc1F
scent_6td3,greedy_oracle,278,278,298,1,-2.6754300594329834,Fc1ncc(Br)cn1,Brc1cnc(N2CCNCC2)nc1
scent_6td3,greedy_oracle,279,279,299,1,-2.573319911956787,Fc1ncc(Br)cn1,NC(CCCCNc1ncc(Br)cn1)C(=O)O
scent_6td3,greedy_oracle,280,280,300,1,-2.5582900047302246,Fc1ncc(Br)cn1,N#Cc1ccc(-c2cnc(F)nc2)s1
scent_6td3,greedy_oracle,281,281,301,1,-2.3947699069976807,Fc1ncc(Br)cn1,N#Cc1ccc(-c2cnc(F)nc2)cn1
scent_6td3,greedy_oracle,282,282,302,1,-2.372299909591675,Fc1ncc(Br)cn1,O=C(O)C(Nc1ncc(Br)cn1)c1ccccc1
scent_6td3,greedy_oracle,283,283,303,1,-2.3499600887298584,Fc1ncc(Br)cn1,O=C(O)C(Cc1c[nH]c2ccccc12)Nc1ncc(Br)cn1
scent_6td3,greedy_oracle,284,284,304,1,-2.3084700107574463,Fc1ncc(Br)cn1,N#Cc1ccc(O)c(Nc2cnc(F)nc2)c1
scent_6td3,greedy_oracle,285,285,305,1,-2.2457900047302246,Fc1ncc(Br)cn1,Fc1cncc(-c2cnc(F)nc2)c1
scent_6td3,greedy_oracle,286,286,306,1,-2.190890073776245,Fc1ncc(Br)cn1,N=C(N)NCCCC(Nc1cnc(F)nc1)C(=O)O
scent_6td3,greedy_oracle,287,287,307,1,-2.0515899658203125,Fc1ncc(Br)cn1,Oc1ccc(F)cc1-c1cnc(F)nc1
scent_6td3,greedy_oracle,288,288,308,1,-7.087029933929443,Nc1nc(Nc2ccc(Br)cc2)nc2[nH]cnc12,Nc1nc(Nc2cc(C(=O)N(c3ccc(Br)cc3)c3nc(N)c4nc[nH]c4n3)ccc2O)nc2[nH]cnc12
scent_6td3,greedy_oracle,289,289,309,1,-5.291450023651123,Nc1nc(Nc2ccc(Br)cc2)nc2[nH]cnc12,Nc1ccc(F)nc1Nc1nc(Nc2ccc(Br)cc2)nc2[nH]cnc12
scent_6td3,greedy_oracle,290,290,310,1,-5.190700054168701,Nc1nc(Nc2ccc(Br)cc2)nc2[nH]cnc12,Nc1ccc(C(=O)Nc2nc(Nc3ccc(Br)cc3)nc3[nH]cnc23)cc1Nc1nc2ccccc2[nH]1
scent_6td3,greedy_oracle,291,291,311,1,-4.749740123748779,Nc1nc(Nc2ccc(Br)cc2)nc2[nH]cnc12,NC(Cc1c[nH]c2ccccc12)C(=O)Nc1nc(Nc2ccc(Br)cc2)nc2[nH]cnc12
scent_6td3,greedy_oracle,292,292,312,1,-4.622509956359863,Nc1nc(Nc2ccc(Br)cc2)nc2[nH]cnc12,Cc1ccc(S(=O)(=O)F)cc1NC(=O)Nc1nc(Nc2ccc(Br)cc2)nc2[nH]cnc12
scent_6td3,greedy_oracle,293,293,313,1,-4.408219814300537,Nc1nc(Nc2ccc(Br)cc2)nc2[nH]cnc12,CC(NC(=O)N(c1ccc(Br)cc1)c1nc(N)c2nc[nH]c2n1)c1ccccc1
scent_6td3,greedy_oracle,294,294,314,1,-4.3720598220825195,Nc1nc(Nc2ccc(Br)cc2)nc2[nH]cnc12,Nc1nc(N(c2ccc(Br)cc2)c2cc(CBr)ccc2[N+](=O)[O-])nc2[nH]cnc12
scent_6td3,greedy_oracle,295,295,315,1,-4.358880043029785,Nc1nc(Nc2ccc(Br)cc2)nc2[nH]cnc12,COc1ccccc1CCNC(=O)Nc1nc(Nc2ccc(Br)cc2)nc2[nH]cnc12
scent_6td3,greedy_oracle,296,296,316,1,-3.735650062561035,Nc1nc(Nc2ccc(Br)cc2)nc2[nH]cnc12,O=[N+]([O-])c1ccc(Nc2cc(Nc3nc(Nc4ccc(Br)cc4)nc4[nH]cnc34)ccc2O)c2ccccc12
scent_6td3,greedy_oracle,297,297,317,1,-3.6913199424743652,Nc1nc(Nc2ccc(Br)cc2)nc2[nH]cnc12,Cc1cc(Nc2nc(N(c3ccc(Br)cc3)c3nc(N)c4nc[nH]c4n3)nc3[nH]cnc23)cnc1N
scent_6td3,greedy_oracle,298,298,318,1,-3.3606200218200684,Nc1nc(Nc2ccc(Br)cc2)nc2[nH]cnc12,Nc1nc(Nc2ccc(-c3cc(O)cc(F)c3)cc2)nc2[nH]cnc12
scent_6td3,greedy_oracle,299,299,319,1,-3.2558701038360596,Nc1nc(Nc2ccc(Br)cc2)nc2[nH]cnc12,Nc1nc(N(c2ccc(Br)cc2)c2ccc(O)c(Nc3ccc([N+](=O)[O-])c4ccccc34)c2)nc2[nH]cnc12
scent_6td3,greedy_oracle,300,300,320,1,-3.247620105743408,Nc1nc(Nc2ccc(Br)cc2)nc2[nH]cnc12,Nc1cccc(Br)c1Nc1ccc(Nc2nc(N)c3nc[nH]c3n2)cc1
scent_6td3,greedy_oracle_static,1,1,22,2,-7.397590160369873,Brc1cncc(C2Nc3ccccc3-n3cccc32)c1,Nc1ccc(C(=O)N2c3ccccc3-n3cccc3C2c2cncc(Br)c2)cc1Nc1nc2ccccc2[nH]1
scent_6td3,greedy_oracle_static,2,2,23,1,-6.447319984436035,Brc1cncc(C2Nc3ccccc3-n3cccc32)c1,Oc1ccc(CN2c3ccccc3-n3cccc3C2c2cncc(Br)c2)cc1Nc1ncc2[nH]ccc2n1
scent_6td3,greedy_oracle_static,3,3,24,1,-5.41664981842041,Brc1cncc(C2Nc3ccccc3-n3cccc32)c1,Oc1c(Br)cccc1Nc1nc(Nc2cncc(C3Nc4ccccc4-n4cccc43)c2)c2nc[nH]c2n1
scent_6td3,greedy_oracle_static,4,4,25,1,-5.118529796600342,Brc1cncc(C2Nc3ccccc3-n3cccc32)c1,O=C(O)C(Cc1ccccc1)NC(=O)N1c2ccccc2-n2cccc2C1c1cncc(Br)c1
scent_6td3,greedy_oracle_static,5,5,26,1,-4.862360000610352,Brc1cncc(C2Nc3ccccc3-n3cccc32)c1,COc1cccc(C(C)N2c3ccccc3-n3cccc3C2c2cncc(Br)c2)c1
scent_6td3,greedy_oracle_static,6,6,27,1,-4.734300136566162,Brc1cncc(C2Nc3ccccc3-n3cccc32)c1,Brc1cncc(C2c3cccn3-c3ccccc3N2Cc2nc3ccccc3[nH]2)c1
scent_6td3,greedy_oracle_static,7,7,28,1,-4.722720146179199,Brc1cncc(C2Nc3ccccc3-n3cccc32)c1,Nc1nc(N(C(=O)N2c3ccccc3-n3cccc3C2c2cncc(Br)c2)c2ccc(Br)cc2)nc2[nH]cnc12
scent_6td3,greedy_oracle_static,8,8,29,1,-4.671420097351074,Brc1cncc(C2Nc3ccccc3-n3cccc32)c1,Nc1nc(N(c2cncc(C3Nc4ccccc4-n4cccc43)c2)c2cc(C(=O)O)ccc2O)nc2[nH]cnc12
scent_6td3,greedy_oracle_static,9,9,30,1,-4.5776801109313965,Brc1cncc(C2Nc3ccccc3-n3cccc32)c1,O=C(Nc1nc(Nc2cccc3cc[nH]c23)nc2[nH]cnc12)N1c2ccccc2-n2cccc2C1c1cncc(Br)c1
scent_6td3,greedy_oracle_static,10,10,31,1,-4.3842902183532715,Brc1cncc(C2Nc3ccccc3-n3cccc32)c1,O=S(=O)(c1cnc(Cl)s1)N1c2ccccc2-n2cccc2C1c1cncc(Br)c1
scent_6td3,greedy_oracle_static,11,11,32,1,-4.3055500984191895,Brc1cncc(C2Nc3ccccc3-n3cccc32)c1,Cc1cnc(Nc2ccc(Br)cc2NC(=O)N2c3ccccc3-n3cccc3C2c2cncc(Br)c2)cc1I
scent_6td3,greedy_oracle_static,12,12,33,1,-4.226449966430664,Brc1cncc(C2Nc3ccccc3-n3cccc32)c1,Nc1ccc(Br)cc1N(c1cncc(C2Nc3ccccc3-n3cccc32)c1)c1nc2ccccc2[nH]1
scent_6td3,greedy_oracle_static,13,13,34,1,-4.099880218505859,Brc1cncc(C2Nc3ccccc3-n3cccc32)c1,O=C(O)C(Cc1ccccc1)Nc1cncc(C2Nc3ccccc3-n3cccc32)c1
scent_6td3,greedy_oracle_static,14,14,35,1,-3.581130027770996,Brc1cncc(C2Nc3ccccc3-n3cccc32)c1,COc1ccc(N2c3ccccc3-n3cccc3C2c2cncc(Br)c2)cn1
scent_6td3,greedy_oracle_static,15,15,36,1,-3.5508499145507812,Brc1cncc(C2Nc3ccccc3-n3cccc32)c1,Cc1cc(C)cc(-c2cncc(C3Nc4ccccc4-n4cccc43)c2)c1
scent_6td3,greedy_oracle_static,16,16,37,1,-3.472709894180298,Brc1cncc(C2Nc3ccccc3-n3cccc32)c1,Cc1cc(Br)cnc1Nc1ccc(N)c(N2c3ccccc3-n3cccc3C2c2cncc(Br)c2)n1
scent_6td3,greedy_oracle_static,17,17,38,1,-3.3787999153137207,Brc1cncc(C2Nc3ccccc3-n3cccc32)c1,Cc1cc(Br)cnc1N(c1cncc(C2Nc3ccccc3-n3cccc32)c1)c1ccc(N)c(Br)n1
scent_6td3,greedy_oracle_static,18,18,39,1,-3.302910089492798,Brc1cncc(C2Nc3ccccc3-n3cccc32)c1,Nc1ccc(Nc2cc(C(=O)O)ccc2O)cc1NC(=O)N1c2ccccc2-n2cccc2C1c1cncc(Br)c1
scent_6td3,greedy_oracle_static,19,19,40,1,-3.210330009460449,Brc1cncc(C2Nc3ccccc3-n3cccc32)c1,O=C(O)c1ccc(Nc2cncc(C3Nc4ccccc4-n4cccc43)c2)c(Nc2nc3ccccc3[nH]2)c1
scent_6td3,greedy_oracle_static,20,20,41,1,-2.987720012664795,Brc1cncc(C2Nc3ccccc3-n3cccc32)c1,O=C(CCl)c1ccc(F)cc1N1c2ccccc2-n2cccc2C1c1cncc(Br)c1
scent_6td3,greedy_oracle_static,21,21,42,1,-2.8471999168395996,Brc1cncc(C2Nc3ccccc3-n3cccc32)c1,Cc1cc(Nc2nc(N3c4ccccc4-n4cccc4C3c3cncc(Br)c3)nc3[nH]cnc23)cnc1N
scent_6td3,greedy_oracle_static,22,22,43,1,-2.6082799434661865,Brc1cncc(C2Nc3ccccc3-n3cccc32)c1,Oc1c(N2c3ccccc3-n3cccc3C2c2cncc(Br)c2)c(C(F)(F)F)nc2ccccc12
scent_6td3,greedy_oracle_static,23,23,44,1,-2.4954400062561035,Brc1cncc(C2Nc3ccccc3-n3cccc32)c1,O=[N+]([O-])c1ccc(Nc2cc(N3c4ccccc4-n4cccc4C3c3cncc(Br)c3)ccc2O)c2ccccc12
scent_6td3,greedy_oracle_static,24,24,45,1,-2.3929500579833984,Brc1cncc(C2Nc3ccccc3-n3cccc32)c1,O=C(Nc1ccc(Nc2ccnc3ccccc23)cc1)N1c2ccccc2-n2cccc2C1c1cncc(Br)c1
scent_6td3,greedy_oracle_static,25,25,46,1,-2.365570068359375,Brc1cncc(C2Nc3ccccc3-n3cccc32)c1,Oc1ccc2[nH]cc(CCNc3cncc(C4Nc5ccccc5-n5cccc54)c3)c2c1
scent_6td3,greedy_oracle_static,26,26,47,1,-2.351480007171631,Brc1cncc(C2Nc3ccccc3-n3cccc32)c1,NC(Cc1c[nH]c2ccccc12)C(=O)N1c2ccccc2-n2cccc2C1c1cncc(Br)c1
scent_6td3,greedy_oracle_static,27,27,48,1,-2.25846004486084,Brc1cncc(C2Nc3ccccc3-n3cccc32)c1,Nc1ccc(N(c2cncc(C3Nc4ccccc4-n4cccc43)c2)c2ccnc3ccccc23)cc1
scent_6td3,greedy_oracle_static,28,28,49,1,-2.223750114440918,Brc1cncc(C2Nc3ccccc3-n3cccc32)c1,O=C(O)C1Cc2ccccc2CN1c1cncc(C2Nc3ccccc3-n3cccc32)c1
scent_6td3,greedy_oracle_static,29,29,50,1,-2.1581099033355713,Brc1cncc(C2Nc3ccccc3-n3cccc32)c1,Nc1cccc(N(c2cncc(C3Nc4ccccc4-n4cccc43)c2)c2cccc3cc[nH]c23)c1O
scent_6td3,greedy_oracle_static,30,30,51,1,-2.0896799564361572,Brc1cncc(C2Nc3ccccc3-n3cccc32)c1,O=C(N(c1cc(Br)ccc1O)c1ccc([N+](=O)[O-])c2ccccc12)N1c2ccccc2-n2cccc2C1c1cncc(Br)c1
scent_6td3,greedy_oracle_static,31,31,52,1,-2.0313000679016113,Brc1cncc(C2Nc3ccccc3-n3cccc32)c1,O=C(C1Cc2ccccc2CN1)N1c2ccccc2-n2cccc2C1c1cncc(Br)c1
scent_6td3,greedy_oracle_static,32,32,54,2,-6.931680202484131,O=[N+]([O-])c1ccc(Nc2cccnc2Br)c2ccccc12,Nc1nc(Nc2cc(CN(c3cccnc3Br)c3ccc([N+](=O)[O-])c4ccccc34)ccc2O)nc2[nH]cnc12
scent_6td3,greedy_oracle_static,33,33,55,1,-6.669990062713623,O=[N+]([O-])c1ccc(Nc2cccnc2Br)c2ccccc12,Nc1ccc(C(=O)N(c2cccnc2Br)c2ccc([N+](=O)[O-])c3ccccc23)cc1Nc1nc2ccccc2[nH]1
scent_6td3,greedy_oracle_static,34,34,56,1,-5.302279949188232,O=[N+]([O-])c1ccc(Nc2cccnc2Br)c2ccccc12,O=[N+]([O-])c1ccc(Nc2cccnc2Nc2ccccc2O)c2ccccc12
scent_6td3,greedy_oracle_static,35,35,57,1,-4.466599941253662,O=[N+]([O-])c1ccc(Nc2cccnc2Br)c2ccccc12,O=C(O)c1ccc(O)c(Nc2nc(Nc3ncccc3Nc3ccc([N+](=O)[O-])c4ccccc34)c3nc[nH]c3n2)c1
scent_6td3,greedy_oracle_static,36,36,58,1,-3.743220090866089,O=[N+]([O-])c1ccc(Nc2cccnc2Br)c2ccccc12,Nc1cccc(N(c2ncccc2Nc2ccc([N+](=O)[O-])c3ccccc23)c2cccc3cc[nH]c23)c1O
scent_6td3,greedy_oracle_static,37,37,59,1,-3.60194993019104,O=[N+]([O-])c1ccc(Nc2cccnc2Br)c2ccccc12,Cc1cc(Br)cnc1N(c1ccc(N)c(Br)n1)c1ncccc1Nc1ccc([N+](=O)[O-])c2ccccc12
scent_6td3,greedy_oracle_static,38,38,60,1,-3.5543999671936035,O=[N+]([O-])c1ccc(Nc2cccnc2Br)c2ccccc12,O=C(O)C(Cc1c[nH]c2ccccc12)Nc1ncccc1Nc1ccc([N+](=O)[O-])c2ccccc12
scent_6td3,greedy_oracle_static,39,39,61,1,-3.513550043106079,O=[N+]([O-])c1ccc(Nc2cccnc2Br)c2ccccc12,O=C(Nc1nc(Nc2cccc(Br)c2O)nc2[nH]cnc12)N(c1cccnc1Br)c1ccc([N+](=O)[O-])c2ccccc12
scent_6td3,greedy_oracle_static,40,40,62,1,-3.4469099044799805,O=[N+]([O-])c1ccc(Nc2cccnc2Br)c2ccccc12,O=[N+]([O-])c1ccc(Nc2cc(N(c3cccnc3Br)c3ccc([N+](=O)[O-])c4ccccc34)ccc2O)c2ccccc12
scent_6td3,greedy_oracle_static,41,41,63,1,-3.4240500926971436,O=[N+]([O-])c1ccc(Nc2cccnc2Br)c2ccccc12,O=C(CCl)c1ccc(F)cc1N(c1cccnc1Br)c1ccc([N+](=O)[O-])c2ccccc12
scent_6td3,greedy_oracle_static,42,42,64,1,-3.0080699920654297,O=[N+]([O-])c1ccc(Nc2cccnc2Br)c2ccccc12,Nc1ccc(N(c2cc(C(=O)O)ccc2O)c2ncccc2Nc2ccc([N+](=O)[O-])c3ccccc23)cc1N
scent_6td3,greedy_oracle_static,43,43,65,1,-2.937609910964966,O=[N+]([O-])c1ccc(Nc2cccnc2Br)c2ccccc12,O=C(O)c1ccc(O)c(Nc2cccc(NC(=O)N(c3cccnc3Br)c3ccc([N+](=O)[O-])c4ccccc34)c2O)c1
scent_6td3,greedy_oracle_static,44,44,66,1,-2.9097700119018555,O=[N+]([O-])c1ccc(Nc2cccnc2Br)c2ccccc12,O=[N+]([O-])c1ccc(N(c2cccnc2Br)c2c(C(F)(F)F)nc3ccccc3c2O)c2ccccc12
scent_6td3,greedy_oracle_static,45,45,67,1,-2.7372701168060303,O=[N+]([O-])c1ccc(Nc2cccnc2Br)c2ccccc12,Cc1cc(N(c2cccnc2Br)c2ccc([N+](=O)[O-])c3ccccc23)cnc1Nc1ccc(N)c(Br)n1
scent_6td3,greedy_oracle_static,46,46,68,1,-2.706660032272339,O=[N+]([O-])c1ccc(Nc2cccnc2Br)c2ccccc12,Cc1cc(N(c2ncccc2Nc2ccc([N+](=O)[O-])c3ccccc23)c2nc(F)nc3[nH]cnc23)cnc1N
scent_6td3,greedy_oracle_static,47,47,69,1,-2.602329969406128,O=[N+]([O-])c1ccc(Nc2cccnc2Br)c2ccccc12,O=C(NCc1ccc(C(F)(F)F)cc1)N(c1cccnc1Br)c1ccc([N+](=O)[O-])c2ccccc12
scent_6td3,greedy_oracle_static,48,48,70,1,-2.321429967880249,O=[N+]([O-])c1ccc(Nc2cccnc2Br)c2ccccc12,O=C(Nc1ccc(Nc2ccnc3ccccc23)cc1)N(c1cccnc1Br)c1ccc([N+](=O)[O-])c2ccccc12
scent_6td3,greedy_oracle_static,49,49,71,1,-2.1272599697113037,O=[N+]([O-])c1ccc(Nc2cccnc2Br)c2ccccc12,O=C(O)C(Cc1c[nH]c2ccccc12)NC(=O)N(c1cccnc1Br)c1ccc([N+](=O)[O-])c2ccccc12
scent_6td3,greedy_oracle_static,50,50,72,1,-2.109689950942993,O=[N+]([O-])c1ccc(Nc2cccnc2Br)c2ccccc12,Nc1ccc(N(C(=O)N(c2cccnc2Br)c2ccc([N+](=O)[O-])c3ccccc23)c2nc(F)nc3[nH]cnc23)cc1N
scent_6td3,greedy_oracle_static,51,51,73,1,-2.07817006111145,O=[N+]([O-])c1ccc(Nc2cccnc2Br)c2ccccc12,Nc1cccc(N(C(=O)N(c2cccnc2Br)c2ccc([N+](=O)[O-])c3ccccc23)c2cccc3cc[nH]c23)c1O
scent_6td3,greedy_oracle_static,52,52,75,2,-6.917699813842773,Fc1nc(Nc2cc(Br)ccn2)c2nc[nH]c2n1,O=C(c1ccc(O)c(Nc2nc3ccccc3[nH]2)c1)N(c1cc(Br)ccn1)c1nc(F)nc2[nH]cnc12
scent_6td3,greedy_oracle_static,53,53,76,1,-6.401609897613525,Fc1nc(Nc2cc(Br)ccn2)c2nc[nH]c2n1,Nc1nc(N(c2ccnc(Nc3nc(F)nc4[nH]cnc34)c2)c2cc(C(=O)O)ccc2O)nc2[nH]cnc12
scent_6td3,greedy_oracle_static,54,54,77,1,-6.276760101318359,Fc1nc(Nc2cc(Br)ccn2)c2nc[nH]c2n1,Fc1nc(Nc2cc(-c3ccccc3F)ccn2)c2nc[nH]c2n1
scent_6td3,greedy_oracle_static,55,55,78,1,-6.245540142059326,Fc1nc(Nc2cc(Br)ccn2)c2nc[nH]c2n1,Brc1ccnc(Nc2nc(NCc3c[nH]c4ccccc34)nc3[nH]cnc23)c1
scent_6td3,greedy_oracle_static,56,56,79,1,-6.194429874420166,Fc1nc(Nc2cc(Br)ccn2)c2nc[nH]c2n1,Nc1ccc(C(=O)O)cc1Nc1nc(Nc2cc(Br)ccn2)c2nc[nH]c2n1
scent_6td3,greedy_oracle_static,57,57,80,1,-5.838479995727539,Fc1nc(Nc2cc(Br)ccn2)c2nc[nH]c2n1,O=C1CCCN(c2ccnc(Nc3nc(F)nc4[nH]cnc34)c2)C1
scent_6td3,greedy_oracle_static,58,58,81,1,-5.784319877624512,Fc1nc(Nc2cc(Br)ccn2)c2nc[nH]c2n1,OC1CCCCC1Nc1ccnc(Nc2nc(F)nc3[nH]cnc23)c1
scent_6td3,greedy_oracle_static,59,59,82,1,-5.729899883270264,Fc1nc(Nc2cc(Br)ccn2)c2nc[nH]c2n1,Nc1c(Br)cccc1Nc1ccnc(Nc2nc(F)nc3[nH]cnc23)c1
scent_6td3,greedy_oracle_static,60,60,83,1,-5.63306999206543,Fc1nc(Nc2cc(Br)ccn2)c2nc[nH]c2n1,O=C(O)c1ccc(O)c(Nc2nc(Nc3ccnc(Nc4nc(F)nc5[nH]cnc45)c3)c3nc[nH]c3n2)c1
scent_6td3,greedy_oracle_static,61,61,84,1,-5.252860069274902,Fc1nc(Nc2cc(Br)ccn2)c2nc[nH]c2n1,O=C1CCN(c2nc(Nc3cc(Br)ccn3)c3nc[nH]c3n2)C1
scent_6td3,greedy_oracle_static,62,62,85,1,-5.143589973449707,Fc1nc(Nc2cc(Br)ccn2)c2nc[nH]c2n1,O=C(O)C(NC(=O)N(c1cc(Br)ccn1)c1nc(F)nc2[nH]cnc12)c1ccccc1
scent_6td3,greedy_oracle_static,63,63,86,1,-5.138239860534668,Fc1nc(Nc2cc(Br)ccn2)c2nc[nH]c2n1,O=C(O)C(Cc1c[nH]cn1)Nc1nc(Nc2cc(Br)ccn2)c2nc[nH]c2n1
scent_6td3,greedy_oracle_static,64,64,87,1,-4.749750137329102,Fc1nc(Nc2cc(Br)ccn2)c2nc[nH]c2n1,O=C(O)C(Cc1c[nH]c2ccccc12)Nc1ccnc(Nc2nc(F)nc3[nH]cnc23)c1
scent_6td3,greedy_oracle_static,65,65,88,1,-4.698309898376465,Fc1nc(Nc2cc(Br)ccn2)c2nc[nH]c2n1,Oc1c(Nc2nc(Nc3cc(Br)ccn3)c3nc[nH]c3n2)cccc1Nc1cccc2cc[nH]c12
scent_6td3,greedy_oracle_static,66,66,89,1,-4.436930179595947,Fc1nc(Nc2cc(Br)ccn2)c2nc[nH]c2n1,NS(=O)(=O)c1ccc(CCNc2ccnc(Nc3nc(F)nc4[nH]cnc34)c2)cc1
scent_6td3,greedy_oracle_static,67,67,90,1,-4.116020202636719,Fc1nc(Nc2cc(Br)ccn2)c2nc[nH]c2n1,Nc1ccc(C(=O)O)cc1N(c1cc(Br)ccn1)c1nc(F)nc2[nH]cnc12
scent_6td3,greedy_oracle_static,68,68,91,1,-3.9586100578308105,Fc1nc(Nc2cc(Br)ccn2)c2nc[nH]c2n1,Nc1nc(Nc2cc(C(=O)O)ccc2NC(=O)N(c2cc(Br)ccn2)c2nc(F)nc3[nH]cnc23)nc2[nH]cnc12
scent_6td3,greedy_oracle_static,69,69,92,1,-3.578320026397705,Fc1nc(Nc2cc(Br)ccn2)c2nc[nH]c2n1,Oc1c(N(c2cc(Br)ccn2)c2nc(F)nc3[nH]cnc23)c(C(F)(F)F)nc2ccccc12
scent_6td3,greedy_oracle_static,70,70,93,1,-3.2128899097442627,Fc1nc(Nc2cc(Br)ccn2)c2nc[nH]c2n1,Nc1ccc(Br)cc1N(c1nc(Nc2cc(Br)ccn2)c2nc[nH]c2n1)c1nc2ccccc2[nH]1
scent_6td3,greedy_oracle_static,71,71,94,1,-2.7446000576019287,Fc1nc(Nc2cc(Br)ccn2)c2nc[nH]c2n1,O=C(Nc1cccc(Nc2cccc3cc[nH]c23)c1O)N(c1cc(Br)ccn1)c1nc(F)nc2[nH]cnc12
scent_6td3,greedy_oracle_static,72,72,95,1,-2.7204599380493164,Fc1nc(Nc2cc(Br)ccn2)c2nc[nH]c2n1,Cc1cnc(N(c2ccnc(Nc3nc(F)nc4[nH]cnc34)c2)c2ccc(Br)cc2N)cc1I
scent_6td3,greedy_oracle_static,73,73,96,1,-2.1875,Fc1nc(Nc2cc(Br)ccn2)c2nc[nH]c2n1,O=[N+]([O-])c1ccc(N(c2ccnc(Nc3nc(F)nc4[nH]cnc34)c2)c2cc(Br)ccc2O)c2ccccc12
scent_6td3,greedy_oracle_static,74,74,97,1,-2.128570079803467,Fc1nc(Nc2cc(Br)ccn2)c2nc[nH]c2n1,Cc1cc(N(c2cc(Br)ccn2)c2nc(F)nc3[nH]cnc23)cnc1Nc1ccc(N)c(Br)n1
scent_6td3,greedy_oracle_static,75,75,98,1,-2.047879934310913,Fc1nc(Nc2cc(Br)ccn2)c2nc[nH]c2n1,O=C(NCCc1c[nH]c2ccc(O)cc12)N(c1cc(Br)ccn1)c1nc(F)nc2[nH]cnc12
scent_6td3,greedy_oracle_static,76,76,100,2,-7.224430084228516,Cc1cc(Br)cnc1Nc1ccnc2ccccc12,Cc1cc(Br)cnc1N(Cc1ccc(N)c(Nc2nc(N)c3nc[nH]c3n2)c1)c1ccnc2ccccc12
scent_6td3,greedy_oracle_static,77,77,101,1,-6.9202799797058105,Cc1cc(Br)cnc1Nc1ccnc2ccccc12,Cc1cc(Br)cnc1N(C(=O)c1ccc(O)c(Nc2ccc(N)c(N)c2)c1)c1ccnc2ccccc12
scent_6td3,greedy_oracle_static,78,78,102,1,-6.704209804534912,Cc1cc(Br)cnc1Nc1ccnc2ccccc12,Cc1cc(Br)cnc1N(c1ccc(N)c(Nc2nc3ccccc3[nH]2)c1)c1ccnc2ccccc12
scent_6td3,greedy_oracle_static,79,79,103,1,-6.163559913635254,Cc1cc(Br)cnc1Nc1ccnc2ccccc12,Cc1cc(C#N)cnc1Nc1ccnc2ccccc12
scent_6td3,greedy_oracle_static,80,80,104,1,-5.2268900871276855,Cc1cc(Br)cnc1Nc1ccnc2ccccc12,Cc1cc(Nc2cccc(Nc3cc(C(=O)O)ccc3O)c2O)cnc1Nc1ccnc2ccccc12
scent_6td3,greedy_oracle_static,81,81,105,1,-5.161890029907227,Cc1cc(Br)cnc1Nc1ccnc2ccccc12,Cc1cc(N(c2cc(Br)ccc2O)c2ccc([N+](=O)[O-])c3ccccc23)cnc1Nc1ccnc2ccccc12
scent_6td3,greedy_oracle_static,82,82,106,1,-4.862500190734863,Cc1cc(Br)cnc1Nc1ccnc2ccccc12,Cc1cc(Nc2nc(Nc3cccc4cc[nH]c34)nc3[nH]cnc23)cnc1Nc1ccnc2ccccc12
scent_6td3,greedy_oracle_static,83,83,107,1,-4.161640167236328,Cc1cc(Br)cnc1Nc1ccnc2ccccc12,Cc1cc(Br)cnc1N(c1cc(CBr)ccc1[N+](=O)[O-])c1ccnc2ccccc12
scent_6td3,greedy_oracle_static,84,84,108,1,-4.107580184936523,Cc1cc(Br)cnc1Nc1ccnc2ccccc12,Cc1cc(Br)cnc1N(c1c(C(F)(F)F)nc2ccccc2c1O)c1ccnc2ccccc12
scent_6td3,greedy_oracle_static,85,85,109,1,-3.7256500720977783,Cc1cc(Br)cnc1Nc1ccnc2ccccc12,Cc1cc(Br)cnc1N(C(=O)Nc1nc(F)nc2[nH]cnc12)c1ccnc2ccccc12
scent_6td3,greedy_oracle_static,86,86,110,1,-3.3200600147247314,Cc1cc(Br)cnc1Nc1ccnc2ccccc12,Cc1cc(N2CCCC2C(F)(F)F)cnc1Nc1ccnc2ccccc12
scent_6td3,greedy_oracle_static,87,87,111,1,-3.216900110244751,Cc1cc(Br)cnc1Nc1ccnc2ccccc12,Cc1cc(NC(Cc2c[nH]cn2)C(=O)O)cnc1Nc1ccnc2ccccc12
scent_6td3,greedy_oracle_static,88,88,112,1,-3.196510076522827,Cc1cc(Br)cnc1Nc1ccnc2ccccc12,Cc1cc(NCc2c[nH]c3ccccc23)cnc1Nc1ccnc2ccccc12
scent_6td3,greedy_oracle_static,89,89,113,1,-2.892240047454834,Cc1cc(Br)cnc1Nc1ccnc2ccccc12,Cc1cc(Br)cnc1N(c1ccnc2ccccc12)S(=O)(=O)c1cccc2ccccc12
scent_6td3,greedy_oracle_static,90,90,114,1,-2.864949941635132,Cc1cc(Br)cnc1Nc1ccnc2ccccc12,Cc1cc(Br)cnc1N(C(=O)NCCc1ccc(S(N)(=O)=O)cc1)c1ccnc2ccccc12
scent_6td3,greedy_oracle_static,91,91,115,1,-2.7558400630950928,Cc1cc(Br)cnc1Nc1ccnc2ccccc12,Cc1cc(Br)cnc1N(C(=O)Nc1cccc(Nc2cccc3cc[nH]c23)c1O)c1ccnc2ccccc12
scent_6td3,greedy_oracle_static,92,92,116,1,-2.629300117492676,Cc1cc(Br)cnc1Nc1ccnc2ccccc12,Cc1cc(N(c2ccc(N)c(N)c2)c2nc(F)nc3[nH]cnc23)cnc1Nc1ccnc2ccccc12
scent_6td3,greedy_oracle_static,93,93,117,1,-2.6026699542999268,Cc1cc(Br)cnc1Nc1ccnc2ccccc12,Cc1cc(N(c2ccc(N)c(Br)n2)c2ncc(Br)cc2C)cnc1Nc1ccnc2ccccc12
scent_6td3,greedy_oracle_static,94,94,118,1,-2.515160083770752,Cc1cc(Br)cnc1Nc1ccnc2ccccc12,Cc1cc(Br)cnc1N(C(=O)C(N)Cc1ccc([N+](=O)[O-])cc1)c1ccnc2ccccc12
scent_6td3,greedy_oracle_static,95,95,119,1,-2.4641799926757812,Cc1cc(Br)cnc1Nc1ccnc2ccccc12,Cc1cc(-c2ccc3[nH]ccc3c2)cnc1Nc1ccnc2ccccc12
scent_6td3,greedy_oracle_static,96,96,120,1,-2.4580800533294678,Cc1cc(Br)cnc1Nc1ccnc2ccccc12,Cc1cc(N(c2cccc(N)c2O)c2cccc3cc[nH]c23)cnc1Nc1ccnc2ccccc12
scent_6td3,greedy_oracle_static,97,97,121,1,-2.266429901123047,Cc1cc(Br)cnc1Nc1ccnc2ccccc12,Cc1cc(N(c2ccc(N)cc2)c2ccnc3ccccc23)cnc1Nc1ccnc2ccccc12
scent_6td3,greedy_oracle_static,98,98,122,1,-2.244729995727539,Cc1cc(Br)cnc1Nc1ccnc2ccccc12,Cc1cc(N(c2ncc3[nH]ccc3n2)c2cc(C(=O)O)ccc2O)cnc1Nc1ccnc2ccccc12
scent_6td3,greedy_oracle_static,99,99,123,1,-2.120810031890869,Cc1cc(Br)cnc1Nc1ccnc2ccccc12,Cc1cc(Br)cnc1Nc1ccc(Nc2cnc(Nc3ccnc4ccccc34)c(C)c2)c(Br)n1
scent_6td3,greedy_oracle_static,100,100,124,1,-2.0960500240325928,Cc1cc(Br)cnc1Nc1ccnc2ccccc12,Cc1cc(Br)cnc1N(C(=O)N(c1nc2ccccc2[nH]1)c1cc(C(=O)O)ccc1N)c1ccnc2ccccc12
scent_6td3,greedy_oracle_static,101,101,127,3,-7.159999847412109,Nc1cc(C2Nc3ccccc3-n3cccc32)ccn1,Nc1cc(C2c3cccn3-c3ccccc3N2C(=O)c2ccc(O)c(Nc3nc(N)c4nc[nH]c4n3)c2)ccn1
scent_6td3,greedy_oracle_static,102,102,128,1,-7.159150123596191,Nc1cc(C2Nc3ccccc3-n3cccc32)ccn1,Nc1cc(C2c3cccn3-c3ccccc3N2Cc2ccc(O)c(Nc3nc4ccccc4[nH]3)c2)ccn1
scent_6td3,greedy_oracle_static,103,103,129,1,-6.566009998321533,Nc1cc(C2Nc3ccccc3-n3cccc32)ccn1,Cc1ccnc(Nc2cc(C3Nc4ccccc4-n4cccc43)ccn2)c1N
scent_6td3,greedy_oracle_static,104,104,130,1,-5.853479862213135,Nc1cc(C2Nc3ccccc3-n3cccc32)ccn1,Nc1ccc(CNc2cc(C3Nc4ccccc4-n4cccc43)ccn2)cc1Nc1nc(N)c2nc[nH]c2n1
scent_6td3,greedy_oracle_static,105,105,131,1,-5.451099872589111,Nc1cc(C2Nc3ccccc3-n3cccc32)ccn1,O=C(Nc1cc(C2Nc3ccccc3-n3cccc32)ccn1)Nc1nc(Nc2cc(C(=O)O)ccc2O)nc2[nH]cnc12
scent_6td3,greedy_oracle_static,106,106,132,1,-5.2504401206970215,Nc1cc(C2Nc3ccccc3-n3cccc32)ccn1,Nc1ccc(N(C(=O)Nc2cc(C3Nc4ccccc4-n4cccc43)ccn2)c2nc(F)nc3[nH]cnc23)cc1N
scent_6td3,greedy_oracle_static,107,107,133,1,-5.080230236053467,Nc1cc(C2Nc3ccccc3-n3cccc32)ccn1,Cc1cc(N2c3ccccc3-n3cccc3C2c2ccnc(N)c2)cnc1Nc1ccc(N)c(Br)n1
scent_6td3,greedy_oracle_static,108,108,134,1,-4.788869857788086,Nc1cc(C2Nc3ccccc3-n3cccc32)ccn1,Nc1cc(C2c3cccn3-c3ccccc3N2C(=O)c2cccnc2F)ccn1
scent_6td3,greedy_oracle_static,109,109,135,1,-4.680739879608154,Nc1cc(C2Nc3ccccc3-n3cccc32)ccn1,Nc1cc(C2c3cccn3-c3ccccc3N2C(=O)N(c2nc3ccccc3[nH]2)c2cc(C(=O)O)ccc2O)ccn1
scent_6td3,greedy_oracle_static,110,110,136,1,-4.665289878845215,Nc1cc(C2Nc3ccccc3-n3cccc32)ccn1,O=C(Nc1cc(C2Nc3ccccc3-n3cccc32)ccn1)NC(Cc1c[nH]c2ccccc12)C(=O)O
scent_6td3,greedy_oracle_static,111,111,137,1,-4.5502800941467285,Nc1cc(C2Nc3ccccc3-n3cccc32)ccn1,O=C(Nc1cc(C2Nc3ccccc3-n3cccc32)ccn1)Nc1cccc(Nc2cccc3cc[nH]c23)c1O
scent_6td3,greedy_oracle_static,112,112,138,1,-4.485199928283691,Nc1cc(C2Nc3ccccc3-n3cccc32)ccn1,O=C(O)c1ccc(O)c(N(C(=O)Nc2cc(C3Nc4ccccc4-n4cccc43)ccn2)c2nc3ccccc3[nH]2)c1
scent_6td3,greedy_oracle_static,113,113,139,1,-4.323929786682129,Nc1cc(C2Nc3ccccc3-n3cccc32)ccn1,Nc1cc(C2c3cccn3-c3ccccc3N2CC2CCCNC2)ccn1
scent_6td3,greedy_oracle_static,114,114,140,1,-3.795109987258911,Nc1cc(C2Nc3ccccc3-n3cccc32)ccn1,O=C(Nc1cc(C2Nc3ccccc3-n3cccc32)ccn1)c1ccc(F)c(C(F)(F)F)c1
scent_6td3,greedy_oracle_static,115,115,141,1,-3.778209924697876,Nc1cc(C2Nc3ccccc3-n3cccc32)ccn1,O=S(=O)(Nc1cc(C2Nc3ccccc3-n3cccc32)ccn1)c1cccc2ccccc12
scent_6td3,greedy_oracle_static,116,116,142,1,-3.7298099994659424,Nc1cc(C2Nc3ccccc3-n3cccc32)ccn1,Nc1cc(C2c3cccn3-c3ccccc3N2c2ccc(C=O)cc2C(F)(F)F)ccn1
scent_6td3,greedy_oracle_static,117,117,143,1,-3.669339895248413,Nc1cc(C2Nc3ccccc3-n3cccc32)ccn1,Cc1cnc(N(C(=O)N2c3ccccc3-n3cccc3C2c2ccnc(N)c2)c2ccc(Br)cc2N)cc1I
scent_6td3,greedy_oracle_static,118,118,144,1,-3.6640799045562744,Nc1cc(C2Nc3ccccc3-n3cccc32)ccn1,Nc1cc(C2c3cccn3-c3ccccc3N2C(=O)NC(Cc2c[nH]c3ccccc23)C(=O)O)ccn1
scent_6td3,greedy_oracle_static,119,119,145,1,-3.4858100414276123,Nc1cc(C2Nc3ccccc3-n3cccc32)ccn1,Nc1cc(C2c3cccn3-c3ccccc3N2C(=O)Nc2cc(Nc3nc(F)nc4[nH]cnc34)ccc2N)ccn1
scent_6td3,greedy_oracle_static,120,120,146,1,-3.422869920730591,Nc1cc(C2Nc3ccccc3-n3cccc32)ccn1,N#Cc1ccc(N2c3ccccc3-n3cccc3C2c2ccnc(N)c2)nc1
scent_6td3,greedy_oracle_static,121,121,147,1,-3.2777700424194336,Nc1cc(C2Nc3ccccc3-n3cccc32)ccn1,O=[N+]([O-])c1ccc(Nc2cc(Nc3cc(C4Nc5ccccc5-n5cccc54)ccn3)ccc2O)c2ccccc12
scent_6td3,greedy_oracle_static,122,122,148,1,-3.013000011444092,Nc1cc(C2Nc3ccccc3-n3cccc32)ccn1,Nc1cc(C2c3cccn3-c3ccccc3N2C(=O)Nc2cccc(Nc3cc(C(=O)O)ccc3O)c2O)ccn1
scent_6td3,greedy_oracle_static,123,123,149,1,-2.451280117034912,Nc1cc(C2Nc3ccccc3-n3cccc32)ccn1,N#Cc1ccc2[nH]cc(CNc3cc(C4Nc5ccccc5-n5cccc54)ccn3)c2c1
scent_6td3,greedy_oracle_static,124,124,150,1,-2.386590003967285,Nc1cc(C2Nc3ccccc3-n3cccc32)ccn1,Cc1cnc(N(C(=O)Nc2cc(C3Nc4ccccc4-n4cccc43)ccn2)c2ccc(Br)cc2N)cc1I
scent_6td3,greedy_oracle_static,125,125,151,1,-2.3466100692749023,Nc1cc(C2Nc3ccccc3-n3cccc32)ccn1,NC(CNc1cc(C2Nc3ccccc3-n3cccc32)ccn1)Cc1ccc([N+](=O)[O-])cc1
scent_6td3,greedy_oracle_static,126,126,152,1,-2.144700050354004,Nc1cc(C2Nc3ccccc3-n3cccc32)ccn1,O=C(Nc1cc(C2Nc3ccccc3-n3cccc32)ccn1)N1c2ccccc2-n2cccc2C1c1cncc(Br)c1
scent_6td3,greedy_oracle_static,127,127,156,4,-6.829840183258057,Nc1cc(C(=O)N2c3ccccc3-n3cccc3C2c2ccccc2-c2cc[nH]n2)ccc1O,O=C(c1ccc(O)c(Nc2ncc3[nH]ccc3n2)c1)N1c2ccccc2-n2cccc2C1c1ccccc1-c1cc[nH]n1
scent_6td3,greedy_oracle_static,128,128,157,1,-5.489809989929199,Nc1cc(C(=O)N2c3ccccc3-n3cccc3C2c2ccccc2-c2cc[nH]n2)ccc1O,O=C(c1ccc2oc(C3CCCN3)nc2c1)N1c2ccccc2-n2cccc2C1c1ccccc1-c1cc[nH]n1
scent_6td3,greedy_oracle_static,129,129,158,1,-2.9897799491882324,Nc1cc(C(=O)N2c3ccccc3-n3cccc3C2c2ccccc2-c2cc[nH]n2)ccc1O,Nc1cc(C(=O)N2c3ccccc3-n3cccc3C2c2ccccc2-c2cc[nH]n2)ccc1OC(=O)c1ccc(F)c(C(F)(F)F)c1
scent_6td3,greedy_oracle_static,130,130,161,3,-7.321990013122559,Nc1ccc(C(=O)N(c2cccc(N)c2O)c2cccc(Br)c2O)cc1Nc1nc(N)c2nc[nH]c2n1,Nc1ccc(C(=O)N(c2cccc(Br)c2O)c2cccc(Nc3cscn3)c2O)cc1Nc1nc(N)c2nc[nH]c2n1
scent_6td3,greedy_oracle_static,131,131,162,1,-6.688089847564697,Nc1ccc(C(=O)N(c2cccc(N)c2O)c2cccc(Br)c2O)cc1Nc1nc(N)c2nc[nH]c2n1,CCn1cnc2c(N)nc(Nc3cc(C(=O)N(c4cccc(N)c4O)c4cccc(Br)c4O)ccc3N)nc21
scent_6td3,greedy_oracle_static,132,132,163,1,-6.62814998626709,Nc1ccc(C(=O)N(c2cccc(N)c2O)c2cccc(Br)c2O)cc1Nc1nc(N)c2nc[nH]c2n1,Nc1ccc(C(=O)N(c2cccc(N)c2O)c2cccc(Br)c2O)cc1Nc1nc(NC(=O)C2CCCN2)c2nc[nH]c2n1
scent_6td3,greedy_oracle_static,133,133,164,1,-6.475460052490234,Nc1ccc(C(=O)N(c2cccc(N)c2O)c2cccc(Br)c2O)cc1Nc1nc(N)c2nc[nH]c2n1,Nc1ccc(C(=O)N(c2cccc(N)c2O)c2cccc(N3CCCC3CO)c2O)cc1Nc1nc(N)c2nc[nH]c2n1
scent_6td3,greedy_oracle_static,134,134,165,1,-5.5417799949646,Nc1ccc(C(=O)N(c2cccc(N)c2O)c2cccc(Br)c2O)cc1Nc1nc(N)c2nc[nH]c2n1,Nc1ccc(C(=O)N(c2cccc(N)c2O)c2cccc(Br)c2OC(=O)C(N)Cc2c[nH]c3ccccc23)cc1Nc1nc(N)c2nc[nH]c2n1
scent_6td3,greedy_oracle_static,135,135,166,1,-5.410999774932861,Nc1ccc(C(=O)N(c2cccc(N)c2O)c2cccc(Br)c2O)cc1Nc1nc(N)c2nc[nH]c2n1,Nc1cccc(N(C(=O)c2ccc(NC(=O)C(N)Cc3c[nH]cn3)c(Nc3nc(N)c4nc[nH]c4n3)c2)c2cccc(Br)c2O)c1O
scent_6td3,greedy_oracle_static,136,136,167,1,-5.151949882507324,Nc1ccc(C(=O)N(c2cccc(N)c2O)c2cccc(Br)c2O)cc1Nc1nc(N)c2nc[nH]c2n1,Nc1cccc(N(C(=O)c2ccc3nc(-c4cccc(O)c4N)n(-c4nc(N)c5nc[nH]c5n4)c3c2)c2cccc(Br)c2O)c1O
scent_6td3,greedy_oracle_static,137,137,168,1,-4.614880084991455,Nc1ccc(C(=O)N(c2cccc(N)c2O)c2cccc(Br)c2O)cc1Nc1nc(N)c2nc[nH]c2n1,Nc1ccc(C(=O)N(c2cccc(N)c2O)c2cccc(Br)c2O)cc1N(C(=O)Nc1c(F)cccc1C(=O)O)c1nc(N)c2nc[nH]c2n1
scent_6td3,greedy_oracle_static,138,138,169,1,-7.087029933929443,Nc1nc(Nc2ccc(Br)cc2)nc2[nH]cnc12,Nc1nc(Nc2cc(C(=O)N(c3ccc(Br)cc3)c3nc(N)c4nc[nH]c4n3)ccc2O)nc2[nH]cnc12
scent_6td3,greedy_oracle_static,139,139,170,1,-5.64546012878418,Nc1nc(Nc2ccc(Br)cc2)nc2[nH]cnc12,Nc1ccc(Nc2cc(C(=O)Nc3nc(Nc4ccc(Br)cc4)nc4[nH]cnc34)ccc2O)cc1N
scent_6td3,greedy_oracle_static,140,140,171,1,-5.500579833984375,Nc1nc(Nc2ccc(Br)cc2)nc2[nH]cnc12,O=Cc1cnccc1NC(=O)Nc1nc(Nc2ccc(Br)cc2)nc2[nH]cnc12
scent_6td3,greedy_oracle_static,141,141,172,1,-5.378389835357666,Nc1nc(Nc2ccc(Br)cc2)nc2[nH]cnc12,Nc1ccc(Nc2nc(Nc3ccc(Br)cc3)nc3[nH]cnc23)nc1Br
scent_6td3,greedy_oracle_static,142,142,173,1,-5.083469867706299,Nc1nc(Nc2ccc(Br)cc2)nc2[nH]cnc12,Nc1ccncc1CNc1nc(Nc2ccc(Br)cc2)nc2[nH]cnc12
scent_6td3,greedy_oracle_static,143,143,174,1,-4.8813300132751465,Nc1nc(Nc2ccc(Br)cc2)nc2[nH]cnc12,Cc1cnc(Nc2ccc(Nc3nc(Nc4ccc(Br)cc4)nc4[nH]cnc34)cc2N)cc1I
scent_6td3,greedy_oracle_static,144,144,175,1,-4.749740123748779,Nc1nc(Nc2ccc(Br)cc2)nc2[nH]cnc12,NC(Cc1c[nH]c2ccccc12)C(=O)Nc1nc(Nc2ccc(Br)cc2)nc2[nH]cnc12
scent_6td3,greedy_oracle_static,145,145,176,1,-4.687530040740967,Nc1nc(Nc2ccc(Br)cc2)nc2[nH]cnc12,O=C(Nc1ccc(C(=O)O)cc1Nc1nc2ccccc2[nH]1)Nc1nc(Nc2ccc(Br)cc2)nc2[nH]cnc12
scent_6td3,greedy_oracle_static,146,146,177,1,-4.650279998779297,Nc1nc(Nc2ccc(Br)cc2)nc2[nH]cnc12,Nc1nc(Nc2ccc(Nc3cccc(Nc4cc(C(=O)O)ccc4O)c3O)cc2)nc2[nH]cnc12
scent_6td3,greedy_oracle_static,147,147,178,1,-4.446990013122559,Nc1nc(Nc2ccc(Br)cc2)nc2[nH]cnc12,Nc1nc(Nc2ccc(Nc3nc(Nc4cccc(Br)c4O)nc4[nH]cnc34)cc2)nc2[nH]cnc12
scent_6td3,greedy_oracle_static,148,148,179,1,-4.408219814300537,Nc1nc(Nc2ccc(Br)cc2)nc2[nH]cnc12,CC(NC(=O)N(c1ccc(Br)cc1)c1nc(N)c2nc[nH]c2n1)c1ccccc1
scent_6td3,greedy_oracle_static,149,149,180,1,-4.401529788970947,Nc1nc(Nc2ccc(Br)cc2)nc2[nH]cnc12,COC(=O)c1cccc(CNc2nc(Nc3ccc(Br)cc3)nc3[nH]cnc23)c1
scent_6td3,greedy_oracle_static,150,150,181,1,-4.3720598220825195,Nc1nc(Nc2ccc(Br)cc2)nc2[nH]cnc12,Nc1nc(N(c2ccc(Br)cc2)c2cc(CBr)ccc2[N+](=O)[O-])nc2[nH]cnc12
scent_6td3,greedy_oracle_static,151,151,182,1,-4.358880043029785,Nc1nc(Nc2ccc(Br)cc2)nc2[nH]cnc12,COc1ccccc1CCNC(=O)Nc1nc(Nc2ccc(Br)cc2)nc2[nH]cnc12
scent_6td3,greedy_oracle_static,152,152,183,1,-3.6913199424743652,Nc1nc(Nc2ccc(Br)cc2)nc2[nH]cnc12,Cc1cc(Nc2nc(N(c3ccc(Br)cc3)c3nc(N)c4nc[nH]c4n3)nc3[nH]cnc23)cnc1N
scent_6td3,greedy_oracle_static,153,153,184,1,-3.3606200218200684,Nc1nc(Nc2ccc(Br)cc2)nc2[nH]cnc12,Nc1nc(Nc2ccc(-c3cc(O)cc(F)c3)cc2)nc2[nH]cnc12
scent_6td3,greedy_oracle_static,154,154,185,1,-3.2558701038360596,Nc1nc(Nc2ccc(Br)cc2)nc2[nH]cnc12,Nc1nc(N(c2ccc(Br)cc2)c2ccc(O)c(Nc3ccc([N+](=O)[O-])c4ccccc34)c2)nc2[nH]cnc12
scent_6td3,greedy_oracle_static,155,155,186,1,-3.2408699989318848,Nc1nc(Nc2ccc(Br)cc2)nc2[nH]cnc12,Cc1ccnc(Br)c1Nc1ccc(Nc2nc(N)c3nc[nH]c3n2)cc1
scent_6td3,greedy_oracle_static,156,156,187,1,-3.196810007095337,Nc1nc(Nc2ccc(Br)cc2)nc2[nH]cnc12,Nc1nc(Nc2ccc(Nc3ccnc4ccccc34)cc2)nc2[nH]cnc12
scent_6td3,greedy_oracle_static,157,157,188,1,-3.1915199756622314,Nc1nc(Nc2ccc(Br)cc2)nc2[nH]cnc12,COC(=O)c1ccccc1CN(c1ccc(Br)cc1)c1nc(N)c2nc[nH]c2n1
scent_6td3,greedy_oracle_static,158,158,189,1,-3.17399001121521,Nc1nc(Nc2ccc(Br)cc2)nc2[nH]cnc12,O=C(Nc1nc(Nc2ccc(Br)cc2)nc2[nH]cnc12)NC(CC1CCCCC1)C(=O)O
scent_6td3,greedy_oracle_static,159,159,190,1,-3.160370111465454,Nc1nc(Nc2ccc(Br)cc2)nc2[nH]cnc12,Nc1nc(Nc2ccc(N3CCC(S(=O)(=O)F)CC3)cc2)nc2[nH]cnc12
scent_6td3,greedy_oracle_static,160,160,191,1,-3.1579599380493164,Nc1nc(Nc2ccc(Br)cc2)nc2[nH]cnc12,CC(Nc1ccc(Nc2nc(N)c3nc[nH]c3n2)cc1)c1ccccc1
scent_6td3,greedy_oracle_static,161,161,192,1,-3.0741000175476074,Nc1nc(Nc2ccc(Br)cc2)nc2[nH]cnc12,N#Cc1ccc(N)c(Nc2ccc(Nc3nc(N)c4nc[nH]c4n3)cc2)c1
scent_6td3,greedy_oracle_static,162,162,193,1,-2.9852800369262695,Nc1nc(Nc2ccc(Br)cc2)nc2[nH]cnc12,Nc1nc(N(C(=O)C(N)Cc2c[nH]cn2)c2ccc(Br)cc2)nc2[nH]cnc12
scent_6td3,greedy_oracle_static,163,163,194,1,-2.944080114364624,Nc1nc(Nc2ccc(Br)cc2)nc2[nH]cnc12,Nc1nc(Nc2ccc(NC3CCCCC3O)cc2)nc2[nH]cnc12
scent_6td3,greedy_oracle_static,164,164,195,1,-2.92084002494812,Nc1nc(Nc2ccc(Br)cc2)nc2[nH]cnc12,O=C(Nc1nc(Nc2ccc(Br)cc2)nc2[nH]cnc12)c1cccc(F)n1
scent_6td3,greedy_oracle_static,165,165,196,1,-2.898200035095215,Nc1nc(Nc2ccc(Br)cc2)nc2[nH]cnc12,Nc1nc(Nc2ccc(NCc3ccc(C(F)(F)F)cc3)cc2)nc2[nH]cnc12
scent_6td3,greedy_oracle_static,166,166,197,1,-2.840440034866333,Nc1nc(Nc2ccc(Br)cc2)nc2[nH]cnc12,Nc1nc(Nc2ccc(NCCc3c[nH]c4ccc(O)cc34)cc2)nc2[nH]cnc12
scent_6td3,greedy_oracle_static,167,167,198,1,-2.8364200592041016,Nc1nc(Nc2ccc(Br)cc2)nc2[nH]cnc12,Nc1nc(Nc2ccc(N(c3ncc4[nH]ccc4n3)c3cc(C(=O)O)ccc3O)cc2)nc2[nH]cnc12
scent_6td3,greedy_oracle_static,168,168,199,1,-2.6623799800872803,Nc1nc(Nc2ccc(Br)cc2)nc2[nH]cnc12,Nc1ccc(N(c2ccc(Br)cc2)c2nc(N)c3nc[nH]c3n2)cc1Nc1nc2ccccc2[nH]1
scent_6td3,greedy_oracle_static,169,169,200,1,-2.6474599838256836,Nc1nc(Nc2ccc(Br)cc2)nc2[nH]cnc12,Nc1nc(Nc2ccc(Nc3ccc(Br)cc3Nc3nc4ccccc4[nH]3)cc2)nc2[nH]cnc12
scent_6td3,greedy_oracle_static,170,170,201,1,-2.6427199840545654,Nc1nc(Nc2ccc(Br)cc2)nc2[nH]cnc12,Nc1cccc(N(c2ccc(Nc3nc(N)c4nc[nH]c4n3)cc2)c2cccc3cc[nH]c23)c1O
scent_6td3,greedy_oracle_static,171,171,202,1,-2.571120023727417,Nc1nc(Nc2ccc(Br)cc2)nc2[nH]cnc12,Nc1cc(Nc2nc(F)nc3[nH]cnc23)ccc1Nc1ccc(Nc2nc(N)c3nc[nH]c3n2)cc1
scent_6td3,greedy_oracle_static,172,172,203,1,-2.563110113143921,Nc1nc(Nc2ccc(Br)cc2)nc2[nH]cnc12,Nc1nc(N(Cc2ccc(C(F)(F)F)c(F)c2)c2ccc(Br)cc2)nc2[nH]cnc12
scent_6td3,greedy_oracle_static,173,173,204,1,-2.4865899085998535,Nc1nc(Nc2ccc(Br)cc2)nc2[nH]cnc12,O=S(=O)(Nc1nc(Nc2ccc(Br)cc2)nc2[nH]cnc12)c1ccc(Br)cc1
scent_6td3,greedy_oracle_static,174,174,205,1,-2.431580066680908,Nc1nc(Nc2ccc(Br)cc2)nc2[nH]cnc12,Cc1cnc(Nc2ccc(Br)cc2N)cc1N(c1ccc(Br)cc1)c1nc(N)c2nc[nH]c2n1
scent_6td3,greedy_oracle_static,175,175,206,1,-2.3841400146484375,Nc1nc(Nc2ccc(Br)cc2)nc2[nH]cnc12,Nc1nc(Nc2ccc(NC(Cc3ccc([N+](=O)[O-])cc3)C(=O)O)cc2)nc2[nH]cnc12
scent_6td3,greedy_oracle_static,176,176,207,1,-2.2980101108551025,Nc1nc(Nc2ccc(Br)cc2)nc2[nH]cnc12,Cc1cc(Br)cnc1Nc1ccc(N)c(N(c2ccc(Br)cc2)c2nc(N)c3nc[nH]c3n2)n1
scent_6td3,greedy_oracle_static,177,177,208,1,-2.2654199600219727,Nc1nc(Nc2ccc(Br)cc2)nc2[nH]cnc12,Cc1sc(Nc2nc(Nc3ccc(Br)cc3)nc3[nH]cnc23)nc1C(=O)O
scent_6td3,greedy_oracle_static,178,178,209,1,-2.2011098861694336,Nc1nc(Nc2ccc(Br)cc2)nc2[nH]cnc12,Nc1nc(Nc2ccc(N3Cc4ccccc4CC3C(=O)O)cc2)nc2[nH]cnc12
scent_6td3,greedy_oracle_static,179,179,210,1,-2.140739917755127,Nc1nc(Nc2ccc(Br)cc2)nc2[nH]cnc12,Cc1cc(Br)cnc1N(c1ccc(Nc2nc(N)c3nc[nH]c3n2)cc1)c1ccc(N)c(Br)n1
scent_6td3,greedy_oracle_static,180,180,211,1,-2.1373798847198486,Nc1nc(Nc2ccc(Br)cc2)nc2[nH]cnc12,Nc1nc(N(C(=O)c2cc(C(F)(F)F)ccn2)c2ccc(Br)cc2)nc2[nH]cnc12
scent_6td3,greedy_oracle_static,181,181,212,1,-2.078130006790161,Nc1nc(Nc2ccc(Br)cc2)nc2[nH]cnc12,Cc1cc(N(c2ccc(Nc3nc(N)c4nc[nH]c4n3)cc2)c2nc(F)nc3[nH]cnc23)cnc1N
scent_6td3,greedy_oracle_static,182,182,214,2,-7.354219913482666,Brc1cnc(Nc2cccc3cc[nH]c23)nc1,O=C(c1ccc(O)c(Nc2nc3ccccc3[nH]2)c1)N(c1ncc(Br)cn1)c1cccc2cc[nH]c12
scent_6td3,greedy_oracle_static,183,183,215,1,-6.699550151824951,Brc1cnc(Nc2cccc3cc[nH]c23)nc1,Nc1nc(Nc2cc(CN(c3ncc(Br)cn3)c3cccc4cc[nH]c34)ccc2O)nc2[nH]cnc12
scent_6td3,greedy_oracle_static,184,184,216,1,-5.924300193786621,Brc1cnc(Nc2cccc3cc[nH]c23)nc1,OC1CCCCC1Nc1cnc(Nc2cccc3cc[nH]c23)nc1
scent_6td3,greedy_oracle_static,185,185,217,1,-4.5635600090026855,Brc1cnc(Nc2cccc3cc[nH]c23)nc1,Nc1ccc(Nc2cc(C(=O)O)ccc2O)cc1Nc1cnc(Nc2cccc3cc[nH]c23)nc1
scent_6td3,greedy_oracle_static,186,186,218,1,-4.431350231170654,Brc1cnc(Nc2cccc3cc[nH]c23)nc1,O=[N+]([O-])c1ccc(CBr)cc1N(c1ncc(Br)cn1)c1cccc2cc[nH]c12
scent_6td3,greedy_oracle_static,187,187,219,1,-4.39123010635376,Brc1cnc(Nc2cccc3cc[nH]c23)nc1,O=C(O)C(Cc1ccc([N+](=O)[O-])cc1)Nc1cnc(Nc2cccc3cc[nH]c23)nc1
scent_6td3,greedy_oracle_static,188,188,220,1,-4.226679801940918,Brc1cnc(Nc2cccc3cc[nH]c23)nc1,O=C(O)C(Cc1ccc(O)cc1)NC(=O)N(c1ncc(Br)cn1)c1cccc2cc[nH]c12
scent_6td3,greedy_oracle_static,189,189,221,1,-3.8529000282287598,Brc1cnc(Nc2cccc3cc[nH]c23)nc1,O=C(Nc1nc(Nc2ccc(Br)cc2)nc2[nH]cnc12)N(c1ncc(Br)cn1)c1cccc2cc[nH]c12
scent_6td3,greedy_oracle_static,190,190,222,1,-3.83597993850708,Brc1cnc(Nc2cccc3cc[nH]c23)nc1,O=C(O)c1cccc(-c2cnc(Nc3cccc4cc[nH]c34)nc2)c1
scent_6td3,greedy_oracle_static,191,191,223,1,-3.275710105895996,Brc1cnc(Nc2cccc3cc[nH]c23)nc1,O=[N+]([O-])c1ccc(N(c2cnc(Nc3cccc4cc[nH]c34)nc2)c2cc(Br)ccc2O)c2ccccc12
scent_6td3,greedy_oracle_static,192,192,224,1,-3.2070701122283936,Brc1cnc(Nc2cccc3cc[nH]c23)nc1,O=C1Cc2ccc(C(=O)Cn3ccc4cccc(Nc5ncc(Br)cn5)c43)cc2N1
scent_6td3,greedy_oracle_static,193,193,225,1,-3.118649959564209,Brc1cnc(Nc2cccc3cc[nH]c23)nc1,Nc1ccc(C(F)(F)F)cc1NC(=O)N(c1ncc(Br)cn1)c1cccc2cc[nH]c12
scent_6td3,greedy_oracle_static,194,194,226,1,-2.9877700805664062,Brc1cnc(Nc2cccc3cc[nH]c23)nc1,FC(F)(F)c1ccc(CNc2cnc(Nc3cccc4cc[nH]c34)nc2)cc1
scent_6td3,greedy_oracle_static,195,195,227,1,-2.9801900386810303,Brc1cnc(Nc2cccc3cc[nH]c23)nc1,Oc1c(Nc2cnc(Nc3cccc4cc[nH]c34)nc2)cccc1Nc1nc(F)nc2[nH]cnc12
scent_6td3,greedy_oracle_static,196,196,228,1,-2.8835699558258057,Brc1cnc(Nc2cccc3cc[nH]c23)nc1,OCC1CCCN1c1cnc(Nc2cccc3cc[nH]c23)nc1
scent_6td3,greedy_oracle_static,197,197,229,1,-2.601799964904785,Brc1cnc(Nc2cccc3cc[nH]c23)nc1,Cc1cc(N(c2ncc(Br)cn2)c2cccc3cc[nH]c23)cnc1Nc1ccc(N)c(Br)n1
scent_6td3,greedy_oracle_static,198,198,230,1,-2.526930093765259,Brc1cnc(Nc2cccc3cc[nH]c23)nc1,NCC#Cc1cnc(Nc2cccc3cc[nH]c23)nc1
scent_6td3,greedy_oracle_static,199,199,231,1,-2.499190092086792,Brc1cnc(Nc2cccc3cc[nH]c23)nc1,NC(=O)CC(N)C(=O)N(c1ncc(Br)cn1)c1cccc2cc[nH]c12
scent_6td3,greedy_oracle_static,200,200,232,1,-2.4488699436187744,Brc1cnc(Nc2cccc3cc[nH]c23)nc1,Nc1ccc(N(c2cnc(Nc3cccc4cc[nH]c34)nc2)c2ccnc3ccccc23)cc1
scent_6td3,greedy_oracle_static,201,201,233,1,-2.4319000244140625,Brc1cnc(Nc2cccc3cc[nH]c23)nc1,Cc1cnc(N(c2cnc(Nc3cccc4cc[nH]c34)nc2)c2ccc(Br)cc2N)cc1I
scent_6td3,greedy_oracle_static,202,202,234,1,-2.4312000274658203,Brc1cnc(Nc2cccc3cc[nH]c23)nc1,Cc1cc(Br)cnc1Nc1ccc(Nc2cnc(Nc3cccc4cc[nH]c34)nc2)c(Br)n1
scent_6td3,greedy_oracle_static,203,203,235,1,-2.358069896697998,Brc1cnc(Nc2cccc3cc[nH]c23)nc1,O=C(Nc1ccc(Nc2ccnc3ccccc23)cc1)N(c1ncc(Br)cn1)c1cccc2cc[nH]c12
scent_6td3,greedy_oracle_static,204,204,236,1,-2.3537700176239014,Brc1cnc(Nc2cccc3cc[nH]c23)nc1,N#Cc1cc(Br)cc(Nc2cnc(Nc3cccc4cc[nH]c34)nc2)c1
scent_6td3,greedy_oracle_static,205,205,237,1,-2.3489201068878174,Brc1cnc(Nc2cccc3cc[nH]c23)nc1,Oc1ccc2[nH]cc(CCNc3cnc(Nc4cccc5cc[nH]c45)nc3)c2c1
scent_6td3,greedy_oracle_static,206,206,238,1,-2.3122100830078125,Brc1cnc(Nc2cccc3cc[nH]c23)nc1,Nc1ccc(Br)cc1N(c1cnc(Nc2cccc3cc[nH]c23)nc1)c1nc2ccccc2[nH]1
scent_6td3,greedy_oracle_static,207,207,239,1,-2.282639980316162,Brc1cnc(Nc2cccc3cc[nH]c23)nc1,O=C(O)c1cccc(F)c1Nc1cnc(Nc2cccc3cc[nH]c23)nc1
scent_6td3,greedy_oracle_static,208,208,240,1,-2.275599956512451,Brc1cnc(Nc2cccc3cc[nH]c23)nc1,Brc1cnc(N(c2cnc(Nc3cccc4cc[nH]c34)nc2)c2cccc3cc[nH]c23)nc1
scent_6td3,greedy_oracle_static,209,209,241,1,-2.1328799724578857,Brc1cnc(Nc2cccc3cc[nH]c23)nc1,O=Cc1cnccc1Nc1cnc(Nc2cccc3cc[nH]c23)nc1
scent_6td3,greedy_oracle_static,210,210,242,1,-2.0528900623321533,Brc1cnc(Nc2cccc3cc[nH]c23)nc1,NC(Cc1ccccc1)CN(c1ncc(Br)cn1)c1cccc2cc[nH]c12
scent_6td3,greedy_oracle_static,211,211,246,4,-7.219480037689209,O=C(c1ccc(O)c(Nc2nc3ccccc3[nH]2)c1)N1c2ccccc2-n2cccc2C1c1cccnc1,O=C(Cn1c(Nc2cc(C(=O)N3c4ccccc4-n4cccc4C3c3cccnc3)ccc2O)nc2ccccc21)c1ccc(Br)cc1
scent_6td3,greedy_oracle_static,212,212,247,1,-6.000870227813721,O=C(c1ccc(O)c(Nc2nc3ccccc3[nH]2)c1)N1c2ccccc2-n2cccc2C1c1cccnc1,Nc1cc(N(c2nc3ccccc3[nH]2)c2cc(C(=O)N3c4ccccc4-n4cccc4C3c3cccnc3)ccc2O)n[nH]1
scent_6td3,greedy_oracle_static,213,213,248,1,-3.1514899730682373,O=C(c1ccc(O)c(Nc2nc3ccccc3[nH]2)c1)N1c2ccccc2-n2cccc2C1c1cccnc1,NC(Cc1c[nH]c2ccccc12)C(=O)Oc1ccc(C(=O)N2c3ccccc3-n3cccc3C2c2cccnc2)cc1Nc1nc2ccccc2[nH]1
scent_6td3,greedy_oracle_static,214,214,250,2,-6.46422004699707,Nc1ccc(C(=O)Nc2ccccc2-n2cccc2)cc1Nc1nc(N)c2nc[nH]c2n1,Nc1ccc(C(=O)N(c2nc(N)c3nc[nH]c3n2)c2cc(C(=O)Nc3ccccc3-n3cccc3)ccc2N)cc1Nc1nc(N)c2nc[nH]c2n1
scent_6td3,greedy_oracle_static,215,215,251,1,-5.800069808959961,Nc1ccc(C(=O)Nc2ccccc2-n2cccc2)cc1Nc1nc(N)c2nc[nH]c2n1,CC(Nc1nc(Nc2cc(C(=O)Nc3ccccc3-n3cccc3)ccc2N)nc2[nH]cnc12)c1ccc(S(=O)(=O)F)cc1
scent_6td3,greedy_oracle_static,216,216,252,1,-5.212810039520264,Nc1ccc(C(=O)Nc2ccccc2-n2cccc2)cc1Nc1nc(N)c2nc[nH]c2n1,Nc1ccc(C(=O)Nc2ccccc2-n2cccc2)cc1N(Cc1ccc(O)c(Nc2ncc3[nH]ccc3n2)c1)c1nc(N)c2nc[nH]c2n1
scent_6td3,greedy_oracle_static,217,217,253,1,-4.978730201721191,Nc1ccc(C(=O)Nc2ccccc2-n2cccc2)cc1Nc1nc(N)c2nc[nH]c2n1,Nc1nc(Nc2cc(C(=O)Nc3ccccc3-n3cccc3)ccc2NCc2ccccc2-c2cc[nH]n2)nc2[nH]cnc12
scent_6td3,greedy_oracle_static,218,218,254,1,-4.621739864349365,Nc1ccc(C(=O)Nc2ccccc2-n2cccc2)cc1Nc1nc(N)c2nc[nH]c2n1,Cc1cc(N(c2nc(N)c3nc[nH]c3n2)c2cc(C(=O)Nc3ccccc3-n3cccc3)ccc2N)cnc1Nc1ccnc2ccccc12
scent_6td3,greedy_oracle_static,219,219,255,1,-3.7819700241088867,Nc1ccc(C(=O)Nc2ccccc2-n2cccc2)cc1Nc1nc(N)c2nc[nH]c2n1,Nc1nc(Nc2cc(C(=O)Nc3ccccc3-n3cccc3)ccc2Nc2ccc(O)c(Nc3ccc([N+](=O)[O-])c4ccccc34)c2)nc2[nH]cnc12
scent_6td3,greedy_oracle_static,220,220,256,1,-3.2305400371551514,Nc1ccc(C(=O)Nc2ccccc2-n2cccc2)cc1Nc1nc(N)c2nc[nH]c2n1,Cc1cc(Br)cnc1N(C(=O)Nc1ccc(C(=O)Nc2ccccc2-n2cccc2)cc1Nc1nc(N)c2nc[nH]c2n1)c1ccnc2ccccc12
scent_6td3,greedy_oracle_static,221,221,257,1,-3.1331400871276855,Nc1ccc(C(=O)Nc2ccccc2-n2cccc2)cc1Nc1nc(N)c2nc[nH]c2n1,Nc1ccc(C(=O)Nc2ccccc2-n2cccc2)cc1Nc1nc(NC(=O)N(c2cc(Br)ccc2O)c2ccc([N+](=O)[O-])c3ccccc23)c2nc[nH]c2n1
scent_6td3,greedy_oracle_static,222,222,259,2,-7.237539768218994,Cc1cnc(Nc2ccnc3ccccc23)cc1I,Cc1cnc(N(C(=O)c2ccc(O)c(Nc3nc4ccccc4[nH]3)c2)c2ccnc3ccccc23)cc1I
scent_6td3,greedy_oracle_static,223,223,260,1,-5.659800052642822,Cc1cnc(Nc2ccnc3ccccc23)cc1I,Cc1cnc(N(C(=O)Nc2cccc3ccccc23)c2ccnc3ccccc23)cc1I
scent_6td3,greedy_oracle_static,224,224,261,1,-5.537220001220703,Cc1cnc(Nc2ccnc3ccccc23)cc1I,Cc1cnc(N(C(=O)NC(Cc2c[nH]c3ccccc23)C(=O)O)c2ccnc3ccccc23)cc1I
scent_6td3,greedy_oracle_static,225,225,262,1,-5.45920991897583,Cc1cnc(Nc2ccnc3ccccc23)cc1I,Cc1cnc(Nc2ccnc3ccccc23)cc1NCC(C)O
scent_6td3,greedy_oracle_static,226,226,263,1,-5.432089805603027,Cc1cnc(Nc2ccnc3ccccc23)cc1I,Cc1cnc(Nc2ccnc3ccccc23)cc1Nc1ccc(Nc2nc(F)nc3[nH]cnc23)cc1
scent_6td3,greedy_oracle_static,227,227,264,1,-5.069419860839844,Cc1cnc(Nc2ccnc3ccccc23)cc1I,Cc1cnc(Nc2ccnc3ccccc23)cc1Nc1ccc(C(=O)O)cc1Nc1nc2ccccc2[nH]1
scent_6td3,greedy_oracle_static,228,228,265,1,-4.829370021820068,Cc1cnc(Nc2ccnc3ccccc23)cc1I,Cc1cnc(Nc2ccnc3ccccc23)cc1Nc1cccc(Nc2cccc3cc[nH]c23)c1O
scent_6td3,greedy_oracle_static,229,229,266,1,-4.5464301109313965,Cc1cnc(Nc2ccnc3ccccc23)cc1I,Cc1cnc(N(c2cnc(F)c(C)c2)c2ccnc3ccccc23)cc1I
scent_6td3,greedy_oracle_static,230,230,267,1,-3.498110055923462,Cc1cnc(Nc2ccnc3ccccc23)cc1I,Cc1cnc(Nc2ccnc3ccccc23)cc1-c1cccc(C(=O)O)c1
scent_6td3,greedy_oracle_static,231,231,268,1,-3.24534010887146,Cc1cnc(Nc2ccnc3ccccc23)cc1I,Cc1cnc(N(c2ccc(CBr)cc2[N+](=O)[O-])c2ccnc3ccccc23)cc1I
scent_6td3,greedy_oracle_static,232,232,269,1,-2.8297901153564453,Cc1cnc(Nc2ccnc3ccccc23)cc1I,Cc1cnc(N(C(=O)Nc2nc(Nc3cc(C(=O)O)ccc3N)nc3[nH]cnc23)c2ccnc3ccccc23)cc1I
scent_6td3,greedy_oracle_static,233,233,270,1,-2.580430030822754,Cc1cnc(Nc2ccnc3ccccc23)cc1I,Cc1cnc(N(Cc2ccc(O)c(Nc3ncc4[nH]ccc4n3)c2)c2ccnc3ccccc23)cc1I
scent_6td3,greedy_oracle_static,234,234,271,1,-2.5634799003601074,Cc1cnc(Nc2ccnc3ccccc23)cc1I,Cc1cnc(Nc2ccnc3ccccc23)cc1N(c1nc2ccccc2[nH]1)c1cc(C(=O)O)ccc1N
scent_6td3,greedy_oracle_static,235,235,272,1,-2.4676499366760254,Cc1cnc(Nc2ccnc3ccccc23)cc1I,Cc1cnc(N(c2nc(Nc3cnc(N)c(C)c3)c3nc[nH]c3n2)c2ccnc3ccccc23)cc1I
scent_6td3,greedy_oracle_static,236,236,273,1,-2.420909881591797,Cc1cnc(Nc2ccnc3ccccc23)cc1I,Cc1cnc(N(C(=O)C(N)Cc2c[nH]cn2)c2ccnc3ccccc23)cc1I
scent_6td3,greedy_oracle_static,237,237,274,1,-2.3273699283599854,Cc1cnc(Nc2ccnc3ccccc23)cc1I,Cc1cnc(N(C(=O)C2Cc3ccccc3CN2)c2ccnc3ccccc23)cc1I
scent_6td3,greedy_oracle_static,238,238,275,1,-2.144670009613037,Cc1cnc(Nc2ccnc3ccccc23)cc1I,Cc1cnc(Nc2ccc(Br)cc2Nc2cc(Nc3ccnc4ccccc34)ncc2C)cc1I
scent_6td3,greedy_oracle_static,239,239,276,1,-2.1135499477386475,Cc1cnc(Nc2ccnc3ccccc23)cc1I,Cc1cnc(Nc2ccnc3ccccc23)cc1N(c1nc(N)c2nc[nH]c2n1)c1cccc(Br)c1O
scent_6td3,greedy_oracle_static,240,240,279,3,-6.708789825439453,Oc1ccc(Nc2cc(N3CCCC(O)C3)ccc2O)cn1,Cc1cc(Nc2nc(N(c3ccc(O)nc3)c3cc(N4CCCC(O)C4)ccc3O)nc3[nH]cnc23)cnc1N
scent_6td3,greedy_oracle_static,241,241,280,1,-6.6456298828125,Oc1ccc(Nc2cc(N3CCCC(O)C3)ccc2O)cn1,Nc1ccc(C(=O)N(c2ccc(O)nc2)c2cc(N3CCCC(O)C3)ccc2O)cc1Nc1nc2ccccc2[nH]1
scent_6td3,greedy_oracle_static,242,242,281,1,-5.996089935302734,Oc1ccc(Nc2cc(N3CCCC(O)C3)ccc2O)cn1,O=C(Nc1ccccc1-n1cccc1)N(c1ccc(O)nc1)c1cc(N2CCCC(O)C2)ccc1O
scent_6td3,greedy_oracle_static,243,243,282,1,-5.170370101928711,Oc1ccc(Nc2cc(N3CCCC(O)C3)ccc2O)cn1,O=S(=O)(F)c1cccc(N(c2ccc(O)nc2)c2cc(N3CCCC(O)C3)ccc2O)n1
scent_6td3,greedy_oracle_static,244,244,283,1,-5.135159969329834,Oc1ccc(Nc2cc(N3CCCC(O)C3)ccc2O)cn1,O=C(COC1CCCN(c2ccc(O)c(Nc3ccc(O)nc3)c2)C1)c1ccc(F)cc1F
scent_6td3,greedy_oracle_static,245,245,284,1,-4.4647698402404785,Oc1ccc(Nc2cc(N3CCCC(O)C3)ccc2O)cn1,Cc1cc(Br)cnc1Nc1ccc(N)c(N(c2ccc(O)nc2)c2cc(N3CCCC(O)C3)ccc2O)n1
scent_6td3,greedy_oracle_static,246,246,285,1,-4.251110076904297,Oc1ccc(Nc2cc(N3CCCC(O)C3)ccc2O)cn1,NC(Cc1ccc([N+](=O)[O-])cc1)C(=O)N(c1ccc(O)nc1)c1cc(N2CCCC(O)C2)ccc1O
scent_6td3,greedy_oracle_static,247,247,286,1,-4.248700141906738,Oc1ccc(Nc2cc(N3CCCC(O)C3)ccc2O)cn1,CC(O)C(N)C(=O)Oc1ccc(N2CCCC(O)C2)cc1Nc1ccc(O)nc1
scent_6td3,greedy_oracle_static,248,248,287,1,-4.20851993560791,Oc1ccc(Nc2cc(N3CCCC(O)C3)ccc2O)cn1,COc1ccc(C(F)(F)F)cc1CN(c1ccc(O)nc1)c1cc(N2CCCC(O)C2)ccc1O
scent_6td3,greedy_oracle_static,249,249,288,1,-3.6465699672698975,Oc1ccc(Nc2cc(N3CCCC(O)C3)ccc2O)cn1,Nc1cccc(N(C(=O)N(c2ccc(O)nc2)c2cc(N3CCCC(O)C3)ccc2O)c2cc(C(=O)O)ccc2O)c1O
scent_6td3,greedy_oracle_static,250,250,289,1,-3.6127700805664062,Oc1ccc(Nc2cc(N3CCCC(O)C3)ccc2O)cn1,NC(Cc1ccccc1)C(=O)Oc1ccc(Nc2cc(N3CCCC(O)C3)ccc2O)cn1
scent_6td3,greedy_oracle_static,251,251,290,1,-3.5871899127960205,Oc1ccc(Nc2cc(N3CCCC(O)C3)ccc2O)cn1,Nc1ccc(CN(c2ccc(O)nc2)c2cc(N3CCCC(O)C3)ccc2O)cc1Nc1nc(N)c2nc[nH]c2n1
scent_6td3,greedy_oracle_static,252,252,291,1,-3.1689600944519043,Oc1ccc(Nc2cc(N3CCCC(O)C3)ccc2O)cn1,O=C(OC1CCCN(c2ccc(O)c(Nc3ccc(O)nc3)c2)C1)c1cccc(N=C=S)c1
scent_6td3,greedy_oracle_static,253,253,292,1,-3.127969980239868,Oc1ccc(Nc2cc(N3CCCC(O)C3)ccc2O)cn1,Oc1ccc(N(c2cc(N3CCCC(O)C3)ccc2O)C(CCl)c2ccc(O)c(O)c2)cn1
scent_6td3,greedy_oracle_static,254,254,293,1,-2.7424399852752686,Oc1ccc(Nc2cc(N3CCCC(O)C3)ccc2O)cn1,Oc1ccc(N(CC2Cc3ccccc3CN2)c2cc(N3CCCC(O)C3)ccc2O)cn1
scent_6td3,greedy_oracle_static,255,255,294,1,-2.6560299396514893,Oc1ccc(Nc2cc(N3CCCC(O)C3)ccc2O)cn1,Cc1cc(N(c2ccc(O)nc2)c2cc(N3CCCC(O)C3)ccc2O)cnc1Nc1ccnc2ccccc12
scent_6td3,greedy_oracle_static,256,256,295,1,-2.6278600692749023,Oc1ccc(Nc2cc(N3CCCC(O)C3)ccc2O)cn1,NC(Cc1c[nH]c2ccccc12)CN(c1ccc(O)nc1)c1cc(N2CCCC(O)C2)ccc1O
scent_6td3,greedy_oracle_static,257,257,296,1,-2.6255300045013428,Oc1ccc(Nc2cc(N3CCCC(O)C3)ccc2O)cn1,NC(Cc1c[nH]c2ccccc12)C(=O)OC1CCCN(c2ccc(O)c(Nc3ccc(O)nc3)c2)C1
scent_6td3,greedy_oracle_static,258,258,297,1,-2.4977400302886963,Oc1ccc(Nc2cc(N3CCCC(O)C3)ccc2O)cn1,O=C(Oc1ccc(Nc2cc(N3CCCC(O)C3)ccc2O)cn1)c1ccc(O)c(Nc2ncc3[nH]ccc3n2)c1
scent_6td3,greedy_oracle_static,259,259,298,1,-2.4494400024414062,Oc1ccc(Nc2cc(N3CCCC(O)C3)ccc2O)cn1,Oc1ccc(N(c2cncc(C3Nc4ccccc4-n4cccc43)c2)c2cc(N3CCCC(O)C3)ccc2O)cn1
scent_6td3,greedy_oracle_static,260,260,299,1,-2.300299882888794,Oc1ccc(Nc2cc(N3CCCC(O)C3)ccc2O)cn1,Oc1ccc(N(c2cnc(Nc3cccc4cc[nH]c34)nc2)c2cc(N3CCCC(O)C3)ccc2O)cn1
scent_6td3,greedy_oracle_static,261,261,300,1,-2.1016499996185303,Oc1ccc(Nc2cc(N3CCCC(O)C3)ccc2O)cn1,Cc1cc(Br)cnc1N(C(=O)N(c1ccc(O)nc1)c1cc(N2CCCC(O)C2)ccc1O)c1ccnc2ccccc12
scent_6td3,greedy_oracle_static,262,262,301,1,-2.0378899574279785,Oc1ccc(Nc2cc(N3CCCC(O)C3)ccc2O)cn1,O=C(N(c1ccc(O)nc1)c1cc(N2CCCC(O)C2)ccc1O)N1c2ccccc2-n2cccc2C1c1cncc(Br)c1
scent_6td3,greedy_oracle_static,263,263,304,3,-7.068709850311279,Nc1ccc(C(=O)N(c2cc(Br)ccn2)c2cccc(Br)c2O)cc1Nc1nc2ccccc2[nH]1,Nc1ccc(-c2ccnc(N(C(=O)c3ccc(N)c(Nc4nc5ccccc5[nH]4)c3)c3cccc(Br)c3O)c2)cn1
scent_6td3,greedy_oracle_static,264,264,305,1,-6.771609783172607,Nc1ccc(C(=O)N(c2cc(Br)ccn2)c2cccc(Br)c2O)cc1Nc1nc2ccccc2[nH]1,Nc1ccc(C(=O)N(c2cc(Br)ccn2)c2cccc(Br)c2O)cc1Nc1nc2ccccc2n1CC(=O)O
scent_6td3,greedy_oracle_static,265,265,306,1,-5.572289943695068,Nc1ccc(C(=O)N(c2cc(Br)ccn2)c2cccc(Br)c2O)cc1Nc1nc2ccccc2[nH]1,Nc1ccc(C(=O)N(c2cc(Br)ccn2)c2cccc(Br)c2O)cc1N(C(=O)CO)c1nc2ccccc2[nH]1
scent_6td3,greedy_oracle_static,266,266,307,1,-5.396299839019775,Nc1ccc(C(=O)N(c2cc(Br)ccn2)c2cccc(Br)c2O)cc1Nc1nc2ccccc2[nH]1,O=C(O)c1cccc(-c2nc3ccc(C(=O)N(c4cc(Br)ccn4)c4cccc(Br)c4O)cc3n2-c2nc3ccccc3[nH]2)c1
scent_6td3,greedy_oracle_static,267,267,308,1,-4.946400165557861,Nc1ccc(C(=O)N(c2cc(Br)ccn2)c2cccc(Br)c2O)cc1Nc1nc2ccccc2[nH]1,O=C(Nc1ccc(C(=O)N(c2cc(Br)ccn2)c2cccc(Br)c2O)cc1Nc1nc2ccccc2[nH]1)NC1CCCCC1O
scent_6td3,greedy_oracle_static,268,268,309,1,-4.639500141143799,Nc1ccc(C(=O)N(c2cc(Br)ccn2)c2cccc(Br)c2O)cc1Nc1nc2ccccc2[nH]1,Nc1ccc(C(=O)N(c2cc(Br)ccn2)c2cccc(Br)c2OC(=O)C(N)Cc2ccc([N+](=O)[O-])cc2)cc1Nc1nc2ccccc2[nH]1
scent_6td3,greedy_oracle_static,269,269,312,3,-7.047619819641113,Nc1ccc(C(=O)N(c2ccc(O)c(N)c2)c2cccc3cc[nH]c23)cc1N,Nc1ccc(C(=O)N(c2ccc(O)c(Nc3nc(N)c4nc[nH]c4n3)c2)c2cccc3cc[nH]c23)cc1N
scent_6td3,greedy_oracle_static,270,270,313,1,-7.046559810638428,Nc1ccc(C(=O)N(c2ccc(O)c(N)c2)c2cccc3cc[nH]c23)cc1N,Nc1cc(N(C(=O)c2ccc(N)c(Nc3ccc([N+](=O)[O-])c4ccccc34)c2)c2cccc3cc[nH]c23)ccc1O
scent_6td3,greedy_oracle_static,271,271,314,1,-4.983550071716309,Nc1ccc(C(=O)N(c2ccc(O)c(N)c2)c2cccc3cc[nH]c23)cc1N,Nc1ccc(C(=O)N(c2ccc(O)c(NC(=O)c3ccc(N)c(Nc4nc5ccccc5[nH]4)c3)c2)c2cccc3cc[nH]c23)cc1N
scent_6td3,greedy_oracle_static,272,272,315,1,-4.411489963531494,Nc1ccc(C(=O)N(c2ccc(O)c(N)c2)c2cccc3cc[nH]c23)cc1N,Nc1ccc(Nc2cc(C(=O)Oc3ccc(N(C(=O)c4ccc(N)c(N)c4)c4cccc5cc[nH]c45)cc3N)ccc2O)cc1N
scent_6td3,greedy_oracle_static,273,273,316,1,-4.400100231170654,Nc1ccc(C(=O)N(c2ccc(O)c(N)c2)c2cccc3cc[nH]c23)cc1N,Nc1cc(N(C(=O)c2ccc(N)c(NC(=O)c3ccc(O)c(Nc4ncc5[nH]ccc5n4)c3)c2)c2cccc3cc[nH]c23)ccc1O
scent_6td3,greedy_oracle_static,274,274,317,1,-4.359690189361572,Nc1ccc(C(=O)N(c2ccc(O)c(N)c2)c2cccc3cc[nH]c23)cc1N,N=C(N)NCCCC(NC(=O)Nc1ccc(C(=O)N(c2ccc(O)c(N)c2)c2cccc3cc[nH]c23)cc1N)C(=O)O
scent_6td3,greedy_oracle_static,275,275,318,1,-4.158790111541748,Nc1ccc(C(=O)N(c2ccc(O)c(N)c2)c2cccc3cc[nH]c23)cc1N,Nc1ccc(N(C(=O)Nc2cc(C(=O)N(c3ccc(O)c(N)c3)c3cccc4cc[nH]c34)ccc2N)c2nc(F)nc3[nH]cnc23)cc1N
scent_6td3,greedy_oracle_static,276,276,319,1,-3.891479969024658,Nc1ccc(C(=O)N(c2ccc(O)c(N)c2)c2cccc3cc[nH]c23)cc1N,Cc1cnc(Nc2ccc(Br)cc2N)cc1Nc1ccc(C(=O)N(c2ccc(O)c(N)c2)c2cccc3cc[nH]c23)cc1N
scent_6td3,greedy_oracle_static,277,277,320,1,-3.8510499000549316,Nc1ccc(C(=O)N(c2ccc(O)c(N)c2)c2cccc3cc[nH]c23)cc1N,Cc1cnc(N(C(=O)Nc2cc(N(C(=O)c3ccc(N)c(N)c3)c3cccc4cc[nH]c34)ccc2O)c2ccc(Br)cc2N)cc1I
scent_6td3,greedy_oracle_static,278,278,321,1,-3.349519968032837,Nc1ccc(C(=O)N(c2ccc(O)c(N)c2)c2cccc3cc[nH]c23)cc1N,Nc1cc(N(C(=O)c2ccc(N)c(NC(=O)NCCc3c[nH]c4ccc(O)cc34)c2)c2cccc3cc[nH]c23)ccc1O
scent_6td3,greedy_oracle_static,279,279,322,1,-3.0787599086761475,Nc1ccc(C(=O)N(c2ccc(O)c(N)c2)c2cccc3cc[nH]c23)cc1N,Nc1ccc(C(=O)N(c2ccc(O)c(NC(=O)N3c4ccccc4-n4cccc4C3c3cncc(Br)c3)c2)c2cccc3cc[nH]c23)cc1N
scent_6td3,greedy_oracle_static,280,280,323,1,-2.6609299182891846,Nc1ccc(C(=O)N(c2ccc(O)c(N)c2)c2cccc3cc[nH]c23)cc1N,Nc1ccc(C(=O)N(c2ccc(O)c(NCC(N)Cc3c[nH]c4ccccc34)c2)c2cccc3cc[nH]c23)cc1N
scent_6td3,greedy_oracle_static,281,281,324,1,-2.5570900440216064,Nc1ccc(C(=O)N(c2ccc(O)c(N)c2)c2cccc3cc[nH]c23)cc1N,Nc1cc(N(C(=O)c2ccc(NCc3ccccc3-c3cc[nH]n3)c(N)c2)c2cccc3cc[nH]c23)ccc1O
scent_6td3,greedy_oracle_static,282,282,325,1,-2.508039951324463,Nc1ccc(C(=O)N(c2ccc(O)c(N)c2)c2cccc3cc[nH]c23)cc1N,Nc1ccc(C(=O)N(c2ccc(O)c(NC(CCl)c3ccc4c(c3)NC(=O)C4)c2)c2cccc3cc[nH]c23)cc1N
scent_6td3,greedy_oracle_static,283,283,328,3,-7.383230209350586,Nc1ccc(C(=O)N2c3ccccc3-n3cccc3C2c2ccccc2Br)cc1Nc1nc(N)c2nc[nH]c2n1,Nc1ccc(C(=O)N2c3ccccc3-n3cccc3C2c2ccccc2Br)cc1Nc1nc(NC(=O)C2CNC2)c2nc[nH]c2n1
scent_6td3,greedy_oracle_static,284,284,329,1,-6.308050155639648,Nc1ccc(C(=O)N2c3ccccc3-n3cccc3C2c2ccccc2Br)cc1Nc1nc(N)c2nc[nH]c2n1,Nc1ccc(C(=O)N2c3ccccc3-n3cccc3C2c2ccccc2NCc2c[nH]c3ccccc23)cc1Nc1nc(N)c2nc[nH]c2n1
scent_6td3,greedy_oracle_static,285,285,330,1,-6.10945987701416,Nc1ccc(C(=O)N2c3ccccc3-n3cccc3C2c2ccccc2Br)cc1Nc1nc(N)c2nc[nH]c2n1,Nc1nc(-n2c(CC(N)C(=O)O)nc3ccc(C(=O)N4c5ccccc5-n5cccc5C4c4ccccc4Br)cc32)nc2[nH]cnc12
scent_6td3,greedy_oracle_static,286,286,331,1,-5.295080184936523,Nc1ccc(C(=O)N2c3ccccc3-n3cccc3C2c2ccccc2Br)cc1Nc1nc(N)c2nc[nH]c2n1,Nc1ccc(C(=O)N2c3ccccc3-n3cccc3C2c2ccccc2Br)cc1Nc1nc(N)c2ncn(Cc3ccc(F)c([N+](=O)[O-])c3)c2n1
scent_6td3,greedy_oracle_static,287,287,332,1,-4.734039783477783,Nc1ccc(C(=O)N2c3ccccc3-n3cccc3C2c2ccccc2Br)cc1Nc1nc(N)c2nc[nH]c2n1,Nc1ccc(C(=O)N2c3ccccc3-n3cccc3C2c2ccccc2Br)cc1N(C(=O)NCCc1c[nH]c2ccc(O)cc12)c1nc(N)c2nc[nH]c2n1
scent_6td3,greedy_oracle_static,288,288,333,1,-3.5560200214385986,Nc1ccc(C(=O)N2c3ccccc3-n3cccc3C2c2ccccc2Br)cc1Nc1nc(N)c2nc[nH]c2n1,Nc1nc(Nc2cc(C(=O)N3c4ccccc4-n4cccc4C3c3ccccc3Br)ccc2Nc2ccc3c(C=O)c[nH]c3c2)nc2[nH]cnc12
scent_6td3,greedy_oracle_static,289,289,336,3,-7.069699764251709,Cc1cnc(Nc2cc(I)ccc2N)cc1I,Cc1cnc(Nc2cc(N(c3nc(N)c4nc[nH]c4n3)c3cccc4cc[nH]c34)ccc2N)cc1I
scent_6td3,greedy_oracle_static,290,290,337,1,-6.65054988861084,Cc1cnc(Nc2cc(I)ccc2N)cc1I,Cc1cnc(Nc2cc(N(c3ncc4[nH]ccc4n3)c3cc(C(=O)O)ccc3O)ccc2N)cc1I
scent_6td3,greedy_oracle_static,291,291,338,1,-6.522119998931885,Cc1cnc(Nc2cc(I)ccc2N)cc1I,Cc1cnc(N(Cc2ccc(N)c(Nc3nc(N)c4nc[nH]c4n3)c2)c2cc(I)ccc2N)cc1I
scent_6td3,greedy_oracle_static,292,292,339,1,-6.400609970092773,Cc1cnc(Nc2cc(I)ccc2N)cc1I,Cc1cnc(Nc2cc(N3CCC(=O)CC3)ccc2N)cc1I
scent_6td3,greedy_oracle_static,293,293,340,1,-6.287590026855469,Cc1cnc(Nc2cc(I)ccc2N)cc1I,Cc1cnc(N(C(=O)c2ccc(O)c(Nc3ccc(N)c(N)c3)c2)c2cc(I)ccc2N)cc1I
scent_6td3,greedy_oracle_static,294,294,341,1,-6.228479862213135,Cc1cnc(Nc2cc(I)ccc2N)cc1I,Cc1cnc(Nc2cc(-c3cccnc3F)ccc2N)cc1I
scent_6td3,greedy_oracle_static,295,295,342,1,-6.131199836730957,Cc1cnc(Nc2cc(I)ccc2N)cc1I,Cc1cnc(Nc2cc(Nc3ccc(C(=O)O)cc3O)ccc2N)cc1I
scent_6td3,greedy_oracle_static,296,296,343,1,-6.094389915466309,Cc1cnc(Nc2cc(I)ccc2N)cc1I,Cc1cnc(Nc2cc(NCc3cccc(O)c3)ccc2N)cc1I
scent_6td3,greedy_oracle_static,297,297,344,1,-6.056879997253418,Cc1cnc(Nc2cc(I)ccc2N)cc1I,Cc1cnc(Nc2cc(N(C)CC(=O)O)ccc2N)cc1I
scent_6td3,greedy_oracle_static,298,298,345,1,-6.032289981842041,Cc1cnc(Nc2cc(I)ccc2N)cc1I,Cc1cnc(N(c2cc(I)ccc2N)c2nc(Nc3ncc(Br)cc3C)ccc2N)cc1I
scent_6td3,greedy_oracle_static,299,299,346,1,-5.969629764556885,Cc1cnc(Nc2cc(I)ccc2N)cc1I,Cc1cnc(Nc2cc(I)ccc2N)cc1S
scent_6td3,greedy_oracle_static,300,300,347,1,-5.799280166625977,Cc1cnc(Nc2cc(I)ccc2N)cc1I,Cc1cnc(Nc2cc(N(c3ccc(N)c(Br)n3)c3ncc(Br)cc3C)ccc2N)cc1I
